points,avg_points,projected_points,projected_avg_points,actual_rushingAttempts,actual_rushingYards,actual_rushingTouchdowns,actual_27,actual_28,actual_29,actual_30,actual_31,actual_32,actual_33,actual_34,actual_rushing40PlusYardTD,actual_rushing50PlusYardTD,actual_rushing100To199YardGame,actual_rushing200PlusYardGame,actual_rushingYardsPerAttempt,actual_receivingReceptions,actual_receivingYards,actual_receivingTouchdowns,actual_47,actual_48,actual_49,actual_50,actual_51,actual_54,actual_receivingTargets,actual_receivingYardsAfterCatch,actual_receivingYardsPerReception,actual_66,actual_fumbles,actual_70,actual_lostFumbles,actual_turnovers,actual_defensiveSoloTackles,actual_defensiveTotalTackles,actual_teamWin,actual_teamLoss,actual_pointsScored,actual_179,actual_186,actual_210,proj_rushingAttempts,proj_rushingYards,proj_rushingTouchdowns,proj_rushing2PtConversions,proj_27,proj_28,proj_29,proj_30,proj_31,proj_33,proj_34,proj_rushing40PlusYardTD,proj_rushing50PlusYardTD,proj_rushing100To199YardGame,proj_rushing200PlusYardGame,proj_rushingYardsPerAttempt,proj_receivingYards,proj_receivingTouchdowns,proj_receiving2PtConversions,proj_receiving40PlusYardTD,proj_receiving50PlusYardTD,proj_47,proj_48,proj_49,proj_50,proj_51,proj_receivingReceptions,proj_54,proj_55,proj_receiving100To199YardGame,proj_receiving200PlusYardGame,proj_receivingTargets,proj_receivingYardsPerReception,proj_2PtConversions,proj_fumbleRecoveredForTD,proj_66,proj_67,proj_fumbles,proj_70,proj_71,proj_lostFumbles,proj_turnovers,proj_210,player_name,pro_team,acquisition_type,posRank,player_id,team_id,team_name,position,schedule,eligible_slots,lineup_slot,actual_receiving40PlusYardTD,actual_receiving50PlusYardTD,actual_52,actual_receiving100To199YardGame,actual_67,actual_71,actual_kickoffReturnYards,actual_116,actual_117,proj_kickoffReturnTouchdowns,proj_puntReturnTouchdowns,proj_kickoffReturnYards,proj_puntReturnYards,proj_116,proj_117,proj_puntsReturned,proj_119,actual_55,actual_183,actual_185,actual_passingAttempts,actual_passingCompletions,actual_passingIncompletions,actual_passingYards,actual_passingTouchdowns,actual_5,actual_6,actual_7,actual_8,actual_9,actual_10,actual_11,actual_12,actual_13,actual_14,actual_passing40PlusYardTD,actual_passing50PlusYardTD,actual_passing300To399YardGame,actual_passing2PtConversions,actual_passingInterceptions,actual_passingCompletionPercentage,actual_passingTimesSacked,actual_65,actual_175,actual_176,actual_177,actual_178,proj_passingAttempts,proj_passingCompletions,proj_passingIncompletions,proj_passingYards,proj_passingTouchdowns,proj_5,proj_6,proj_7,proj_8,proj_9,proj_10,proj_11,proj_12,proj_passing40PlusYardTD,proj_passing50PlusYardTD,proj_passing300To399YardGame,proj_passing400PlusYardGame,proj_passing2PtConversions,proj_passingInterceptions,proj_passingCompletionPercentage,proj_passingTimesSacked,proj_65,proj_69,actual_receiving2PtConversions,actual_2PtConversions,actual_184,actual_defensiveAssistedTackles,actual_180,actual_181,actual_defensiveForcedFumbles,actual_madeFieldGoalsFrom50Plus,actual_attemptedFieldGoalsFrom50Plus,actual_madeFieldGoalsFrom40To49,actual_attemptedFieldGoalsFrom40To49,actual_missedFieldGoalsFrom40To49,actual_madeFieldGoalsFromUnder40,actual_attemptedFieldGoalsFromUnder40,actual_missedFieldGoalsFromUnder40,actual_madeFieldGoals,actual_attemptedFieldGoals,actual_missedFieldGoals,actual_madeExtraPoints,actual_attemptedExtraPoints,actual_missedExtraPoints,actual_198,actual_199,proj_madeFieldGoalsFrom50Plus,proj_attemptedFieldGoalsFrom50Plus,proj_missedFieldGoalsFrom50Plus,proj_madeFieldGoalsFrom40To49,proj_attemptedFieldGoalsFrom40To49,proj_missedFieldGoalsFrom40To49,proj_madeFieldGoalsFromUnder40,proj_attemptedFieldGoalsFromUnder40,proj_missedFieldGoalsFromUnder40,proj_madeFieldGoals,proj_attemptedFieldGoals,proj_missedFieldGoals,proj_madeExtraPoints,proj_attemptedExtraPoints,proj_missedExtraPoints,proj_198,proj_199,proj_200,actual_defensiveFumbles,actual_defensive0PointsAllowed,actual_defensive1To6PointsAllowed,actual_defensive7To13PointsAllowed,actual_defensive14To17PointsAllowed,actual_defensiveTouchdowns,actual_defensiveInterceptions,actual_defensiveBlockedKicks,actual_defensiveSafeties,actual_defensiveSacks,actual_100,actual_kickoffReturnTouchdowns,actual_puntReturnTouchdowns,actual_interceptionReturnTouchdowns,actual_defensivePlusSpecialTeamsTouchdowns,actual_110,actual_111,actual_112,actual_defensivePassesDefensed,actual_puntReturnYards,actual_puntsReturned,actual_119,actual_defensivePointsAllowed,actual_defensive18To21PointsAllowed,actual_defensive22To27PointsAllowed,actual_defensive28To34PointsAllowed,actual_defensive35To45PointsAllowed,actual_defensiveYardsAllowed,actual_defensiveLessThan100YardsAllowed,actual_defensive100To199YardsAllowed,actual_defensive200To299YardsAllowed,actual_defensive300To349YardsAllowed,actual_defensive350To399YardsAllowed,actual_defensive400To449YardsAllowed,actual_defensive450To499YardsAllowed,actual_defensive500To549YardsAllowed,actual_defensive550PlusYardsAllowed,actual_188,actual_189,actual_190,actual_191,actual_192,actual_193,actual_194,actual_195,proj_defensive0PointsAllowed,proj_defensive1To6PointsAllowed,proj_defensive7To13PointsAllowed,proj_defensive14To17PointsAllowed,proj_defensiveBlockedKickForTouchdowns,proj_defensiveTouchdowns,proj_defensiveInterceptions,proj_defensiveFumbles,proj_defensiveBlockedKicks,proj_defensiveSafeties,proj_defensiveSacks,proj_100,proj_interceptionReturnTouchdowns,proj_fumbleReturnTouchdowns,proj_defensivePlusSpecialTeamsTouchdowns,proj_defensiveForcedFumbles,proj_defensiveTotalTackles,proj_110,proj_111,proj_defensivePassesDefensed,proj_defensivePointsAllowed,proj_defensive18To21PointsAllowed,proj_defensive22To27PointsAllowed,proj_defensive28To34PointsAllowed,proj_defensive35To45PointsAllowed,proj_defensive45PlusPointsAllowed,proj_126,proj_defensiveYardsAllowed,proj_defensive100To199YardsAllowed,proj_defensive200To299YardsAllowed,proj_defensive300To349YardsAllowed,proj_defensive350To399YardsAllowed,proj_defensive400To449YardsAllowed,proj_defensive450To499YardsAllowed,proj_defensive500To549YardsAllowed,proj_defensive550PlusYardsAllowed,proj_137,proj_pointsMargin,actual_receiving200PlusYardGame,actual_182,actual_69,actual_missedFieldGoalsFrom50Plus,actual_200,actual_attemptedFieldGoalsFrom60Plus,actual_missedFieldGoalsFrom60Plus,actual_rushing2PtConversions,actual_fumbleReturnTouchdowns,actual_passing400PlusYardGame,actual_defensive45PlusPointsAllowed,actual_196,actual_defensiveBlockedKickForTouchdowns,actual_netPunts,actual_puntYards,actual_puntsInsideThe20,actual_143,actual_puntAverage,actual_puntAverage38.0-39.9,actual_madeFieldGoalsFrom60Plus,actual_puntsInsideThe10,actual_puntAverage33.9AndUnder,actual_blockedPunts,actual_144,actual_puntTouchbacks,actual_puntFairCatches,actual_puntAverage44.0+,actual_puntAverage42.0-43.9,actual_puntAverage34.0-35.9,proj_netPunts,proj_puntYards,proj_puntsInsideThe10,proj_puntsInsideThe20,proj_blockedPunts,proj_143,proj_144,proj_puntTouchbacks,proj_puntFairCatches,proj_puntAverage44.0+,proj_puntAverage42.0-43.9,proj_puntAverage40.0-41.9,proj_puntAverage38.0-39.9,proj_puntAverage36.0-37.9,actual_fumbleRecoveredForTD,proj_defensiveAssistedTackles,proj_defensiveSoloTackles,year,actual_defensive2PtReturns,actual_puntAverage40.0-41.9,actual_211,actual_212,actual_213,actual_214,actual_215,actual_216,actual_217,actual_218,actual_219,actual_220,actual_221,actual_222,actual_223,actual_224,actual_225,actual_226,actual_227,actual_229,actual_230,actual_231,actual_232,actual_233,actual_234,proj_defensiveLessThan100YardsAllowed,actual_228,proj_214,proj_215,proj_216,proj_221,proj_227,proj_233,proj_212,proj_213,proj_211,proj_112
232.0,13.65,301.37,17.73,266.0,57.35294118,5.0,190.0,91.0,42.0,32.0,11.0,2.0,46.0,18.0,2.0,2.0,2.0,,3.66541353,55.0,20.35294118,5.0,63.0,28.0,11.0,8.0,2.0,5.0,73.0,452.0,6.29090909,1.0,2.0,1.0,1.0,1.0,1.0,1.0,3.0,14.0,60.0,3.0,,17.0,274.0301526,73.82315522,8.87159855,0.480699825,250.0,125.0,62.0,50.0,25.0,54.0,27.0,0.577701082,0.404390758,4.079835741,0.139229141,4.57976477,28.34036307,2.286306238,0.128173897,0.055450779,0.036237084,96.0,48.0,24.0,19.0,9.0,62.73094959,,,0.350691269,0.010846122,80.20670069,7.680198935,0.608873722,0.012153253,2.247585895,0.514517093,2.762102988,1.033889512,0.288129572,1.322019084,1.322019084,17.0,Ashton Jeanty,LV,DRAFT,11,4890973,1,Stretchy Pups Elite,RB,"{'1': {'team': 'NE', 'date': datetime.datetime(2025, 9, 7, 10, 0)}, '2': {'team': 'LAC', 'date': datetime.datetime(2025, 9, 15, 19, 0)}, '3': {'team': 'WSH', 'date': datetime.datetime(2025, 9, 21, 10, 0)}, '4': {'team': 'CHI', 'date': datetime.datetime(2025, 9, 28, 13, 25)}, '5': {'team': 'IND', 'date': datetime.datetime(2025, 10, 5, 10, 0)}, '6': {'team': 'TEN', 'date': datetime.datetime(2025, 10, 12, 13, 5)}, '7': {'team': 'KC', 'date': datetime.datetime(2025, 10, 19, 10, 0)}, '9': {'team': 'JAX', 'date': datetime.datetime(2025, 11, 2, 13, 5)}, '10': {'team': 'DEN', 'date': datetime.datetime(2025, 11, 6, 17, 15)}, '11': {'team': 'DAL', 'date': datetime.datetime(2025, 11, 17, 17, 15)}, '12': {'team': 'CLE', 'date': datetime.datetime(2025, 11, 23, 13, 5)}, '13': {'team': 'LAC', 'date': datetime.datetime(2025, 11, 30, 13, 25)}, '14': {'team': 'DEN', 'date': datetime.datetime(2025, 12, 7, 13, 5)}, '15': {'team': 'PHI', 'date': datetime.datetime(2025, 12, 14, 10, 0)}, '16': {'team': 'HOU', 'date': datetime.datetime(2025, 12, 21, 13, 25)}, '17': {'team': 'NYG', 'date': datetime.datetime(2025, 12, 28, 13, 5)}, '18': {'team': 'KC', 'date': datetime.datetime(2026, 1, 4, 13, 25)}}","['Rookie', 'RB', 'RB/WR', 'RB/WR/TE', 'OP', 'BE', 'IR']",RB,1.0,1.0,,,1.0,,,,,,0.007758456,,12.21002938,,,1.0,,,3.0,,,,,,,,,,,,,,,,,,,,,,,,1.0,,,,,,,,,,,,,,,,,,,,,,,,,,,,,,1.0,,,,,,,,,,,,,,,,,,,,,,,,,,,,,,,,,,,,,,,,,,,,,,,,,,,,,,,,,,,,,,,,,,,,,,,,,,,,,,,,,,,,,,,,,,,,,,,,,,,,,,,,,,,,,,,,,,,,,,,,,,,,1.0,,,,,,,,,,,,,,,,,,,,,,,,,,,,,,,,,,,,,,,,,,,,2025,,,,44.0,13.0,,,,,,,,,,,,,,,,,,,,,,,,,,,,,67.70925036,27.36942111,,
170.0,14.17,261.14,15.36,2.0,0.16666667,,1.0,,,,,,,,,,,,1.0,64.0,56.66666667,7.0,131.0,62.0,28.0,22.0,7.0,9.0,86.0,303.0,10.625,,,,,,2.0,2.0,1.0,11.0,44.0,,,12.0,5.957177231,1.076979088,0.199753633,0.010823476,3.0,1.0,,,,1.0,,0.010960416,0.007672291,0.000736892,2.51473e-05,3.073375828,67.7795822,5.718632548,0.320459216,0.162393016,0.106123836,230.0,115.0,57.0,46.0,23.0,109.7298139,,,3.560112112,0.11010656,148.9553013,10.50081884,0.331282692,0.003113038,0.036432391,0.671076143,0.707508535,0.0167589,0.37580264,0.39256154,0.39256154,17.0,Brock Bowers,LV,DRAFT,9,4432665,1,Stretchy Pups Elite,TE,"{'1': {'team': 'NE', 'date': datetime.datetime(2025, 9, 7, 10, 0)}, '2': {'team': 'LAC', 'date': datetime.datetime(2025, 9, 15, 19, 0)}, '3': {'team': 'WSH', 'date': datetime.datetime(2025, 9, 21, 10, 0)}, '4': {'team': 'CHI', 'date': datetime.datetime(2025, 9, 28, 13, 25)}, '5': {'team': 'IND', 'date': datetime.datetime(2025, 10, 5, 10, 0)}, '6': {'team': 'TEN', 'date': datetime.datetime(2025, 10, 12, 13, 5)}, '7': {'team': 'KC', 'date': datetime.datetime(2025, 10, 19, 10, 0)}, '9': {'team': 'JAX', 'date': datetime.datetime(2025, 11, 2, 13, 5)}, '10': {'team': 'DEN', 'date': datetime.datetime(2025, 11, 6, 17, 15)}, '11': {'team': 'DAL', 'date': datetime.datetime(2025, 11, 17, 17, 15)}, '12': {'team': 'CLE', 'date': datetime.datetime(2025, 11, 23, 13, 5)}, '13': {'team': 'LAC', 'date': datetime.datetime(2025, 11, 30, 13, 25)}, '14': {'team': 'DEN', 'date': datetime.datetime(2025, 12, 7, 13, 5)}, '15': {'team': 'PHI', 'date': datetime.datetime(2025, 12, 14, 10, 0)}, '16': {'team': 'HOU', 'date': datetime.datetime(2025, 12, 21, 13, 25)}, '17': {'team': 'NYG', 'date': datetime.datetime(2025, 12, 28, 13, 5)}, '18': {'team': 'KC', 'date': datetime.datetime(2026, 1, 4, 13, 25)}}","['WR/TE', 'TE', 'RB/WR/TE', 'OP', 'BE', 'IR']",TE,,,2.0,2.0,,,,,,,,,,,,,,1.0,5.0,1.0,,,,,,,,,,,,,,,,,,,,,,,,,,,,,,,,,,,,,,,,,,,,,,,,,,,1.0,,1.0,,,,,,,,,,,,,,,,,,,,,,,,,,,,,,,,,,,,,,,,,,,,,,,,,,,,,,,,,,,,,,,,,,,,,,,,,,,,,,,,,,,,,,,,,,,,,,,,,,,,,,,,,,,,,,,,,,,,,,,,,,,,,,,,,,,,,,,,,,,,,,,,,,,,,,,,,,,,,,,,,,,,,,,,2025,,,,,36.0,,,,,,,,,,,,,,,,,,,,,,,,,,,,,3.201021208,57.97438653,,
174.0,10.88,242.56,14.27,,,,,,,,,,,,,,,,,66.0,49.3125,6.0,151.0,72.0,32.0,23.0,8.0,6.0,106.0,310.0,11.95454545,,,,,,1.0,1.0,11.0,5.0,36.0,,,16.0,,,,,,,,,,,,,,,,,67.45833884,6.26828602,0.369096473,0.242852288,0.15870397,229.0,114.0,57.0,45.0,22.0,92.18053834,,,3.520777504,0.108890026,134.3068546,12.4407145,0.369096473,0.007900987,,1.795678945,1.795678945,,1.005580209,1.005580209,1.005580209,17.0,Ladd McConkey,LAC,DRAFT,29,4612826,1,Stretchy Pups Elite,WR,"{'1': {'team': 'KC', 'date': datetime.datetime(2025, 9, 5, 17, 0)}, '2': {'team': 'LV', 'date': datetime.datetime(2025, 9, 15, 19, 0)}, '3': {'team': 'DEN', 'date': datetime.datetime(2025, 9, 21, 13, 5)}, '4': {'team': 'NYG', 'date': datetime.datetime(2025, 9, 28, 10, 0)}, '5': {'team': 'WSH', 'date': datetime.datetime(2025, 10, 5, 13, 25)}, '6': {'team': 'MIA', 'date': datetime.datetime(2025, 10, 12, 10, 0)}, '7': {'team': 'IND', 'date': datetime.datetime(2025, 10, 19, 13, 5)}, '8': {'team': 'MIN', 'date': datetime.datetime(2025, 10, 23, 17, 15)}, '9': {'team': 'TEN', 'date': datetime.datetime(2025, 11, 2, 10, 0)}, '10': {'team': 'PIT', 'date': datetime.datetime(2025, 11, 9, 17, 20)}, '11': {'team': 'JAX', 'date': datetime.datetime(2025, 11, 16, 10, 0)}, '13': {'team': 'LV', 'date': datetime.datetime(2025, 11, 30, 13, 25)}, '14': {'team': 'PHI', 'date': datetime.datetime(2025, 12, 8, 17, 15)}, '15': {'team': 'KC', 'date': datetime.datetime(2025, 12, 14, 10, 0)}, '16': {'team': 'DAL', 'date': datetime.datetime(2025, 12, 21, 10, 0)}, '17': {'team': 'HOU', 'date': datetime.datetime(2025, 12, 27, 13, 30)}, '18': {'team': 'DEN', 'date': datetime.datetime(2026, 1, 4, 13, 25)}}","['RB/WR', 'WR', 'WR/TE', 'RB/WR/TE', 'OP', 'BE', 'IR']",WR,,,2.0,2.0,,,,,,,,,,,,,,,3.0,2.0,,,,,,,,,,,,,,,,,,,,,,,,,,,,,,,,,,,,,,,,,,,,,,,,,,,,,1.0,,,,,,,,,,,,,,,,,,,,,,,,,,,,,,,,,,,,,,,,,,,,,,,,,,,,,,,,,,23.0,2.0,,,,,,,,,,,,,,,,,,,,,,,,,,,,,,,,,,,,,,,,,,,,,,,,,,,,,,,,,,,,,,,,,,,,,,,,,,,,,,,,,,,,,,,,,,,,,,,,,,,,,,,,,,,,,2025,,,,,35.0,,,,,,,,,,,,,,,,,,,,,,,,,,,,,,54.04849308,,
122.0,10.17,239.78,14.1,,,,,,,,,,,,,,,,,41.0,50.66666667,4.0,116.0,55.0,24.0,18.0,6.0,4.0,73.0,119.0,14.82926829,,,,,,,,3.0,9.0,26.0,,,12.0,,,,,,,,,,,,,,,,,67.18392417,7.30395626,0.55528806,0.208599281,0.13631963,228.0,114.0,57.0,45.0,22.0,82.50157289,,,3.486725681,0.107836877,138.903284,13.8436962,0.55528806,0.006646738,,1.510622312,1.510622312,,0.845948495,0.845948495,0.845948495,17.0,Marvin Harrison Jr.,ARI,DRAFT,47,4432708,1,Stretchy Pups Elite,BE,"{'1': {'team': 'NO', 'date': datetime.datetime(2025, 9, 7, 10, 0)}, '2': {'team': 'CAR', 'date': datetime.datetime(2025, 9, 14, 13, 5)}, '3': {'team': 'SF', 'date': datetime.datetime(2025, 9, 21, 13, 25)}, '4': {'team': 'SEA', 'date': datetime.datetime(2025, 9, 25, 17, 15)}, '5': {'team': 'TEN', 'date': datetime.datetime(2025, 10, 5, 13, 5)}, '6': {'team': 'IND', 'date': datetime.datetime(2025, 10, 12, 10, 0)}, '7': {'team': 'GB', 'date': datetime.datetime(2025, 10, 19, 13, 25)}, '9': {'team': 'DAL', 'date': datetime.datetime(2025, 11, 3, 17, 15)}, '10': {'team': 'SEA', 'date': datetime.datetime(2025, 11, 9, 13, 5)}, '11': {'team': 'SF', 'date': datetime.datetime(2025, 11, 16, 13, 5)}, '12': {'team': 'JAX', 'date': datetime.datetime(2025, 11, 23, 13, 5)}, '13': {'team': 'TB', 'date': datetime.datetime(2025, 11, 30, 10, 0)}, '14': {'team': 'LAR', 'date': datetime.datetime(2025, 12, 7, 13, 25)}, '15': {'team': 'HOU', 'date': datetime.datetime(2025, 12, 14, 10, 0)}, '16': {'team': 'ATL', 'date': datetime.datetime(2025, 12, 21, 13, 5)}, '17': {'team': 'CIN', 'date': datetime.datetime(2025, 12, 28, 10, 0)}, '18': {'team': 'LAR', 'date': datetime.datetime(2026, 1, 4, 13, 25)}}","['RB/WR', 'WR', 'WR/TE', 'RB/WR/TE', 'OP', 'BE', 'IR']",BE,,,,,,,,,,,,,,,,,,,3.0,,,,,,,,,,,,,,,,,,,,,,,,,,,,,,,,,,,,,,,,,,,,,,,,,,,,1.0,,1.0,,,,,,,,,,,,,,,,,,,,,,,,,,,,,,,,,,,,,,,,,,,,,,,,,,,,,,,,,,,,,,,,,,,,,,,,,,,,,,,,,,,,,,,,,,,,,,,,,,,,,,,,,,,,,,,,,,,,,,,,,,,,,,,,,,,,,,,,,,,,,,,,,,,,,,,,,,,,,,,,,,,,,,,,2025,,,,,30.0,,,,,,,,,,,,,,,,,,,,,,,,,,,,,,52.13719563,,
239.0,14.06,186.89,10.99,260.0,65.11764706,7.0,213.0,103.0,47.0,36.0,13.0,2.0,45.0,18.0,1.0,,2.0,,4.25769231,36.0,17.17647059,6.0,52.0,22.0,6.0,5.0,1.0,1.0,52.0,339.0,8.11111111,,1.0,,,,1.0,1.0,13.0,4.0,78.0,3.0,,17.0,178.8615387,43.23574333,3.686820966,0.20449641,147.0,73.0,36.0,29.0,14.0,35.0,17.0,0.360076365,0.252053456,1.397159128,0.047679681,4.109366618,21.61982057,1.44623097,0.079496694,0.049025687,0.032038286,73.0,36.0,18.0,14.0,7.0,48.17210333,,,0.184885549,0.00571811,63.29297525,7.62966373,0.283993105,0.007763407,1.390037242,0.374373485,1.764410727,0.639417131,0.209649152,0.849066283,0.849066283,17.0,Travis Etienne Jr.,JAX,DRAFT,10,4239996,1,Stretchy Pups Elite,RB,"{'1': {'team': 'CAR', 'date': datetime.datetime(2025, 9, 7, 10, 0)}, '2': {'team': 'CIN', 'date': datetime.datetime(2025, 9, 14, 10, 0)}, '3': {'team': 'HOU', 'date': datetime.datetime(2025, 9, 21, 10, 0)}, '4': {'team': 'SF', 'date': datetime.datetime(2025, 9, 28, 13, 5)}, '5': {'team': 'KC', 'date': datetime.datetime(2025, 10, 6, 17, 15)}, '6': {'team': 'SEA', 'date': datetime.datetime(2025, 10, 12, 10, 0)}, '7': {'team': 'LAR', 'date': datetime.datetime(2025, 10, 19, 6, 30)}, '9': {'team': 'LV', 'date': datetime.datetime(2025, 11, 2, 13, 5)}, '10': {'team': 'HOU', 'date': datetime.datetime(2025, 11, 9, 10, 0)}, '11': {'team': 'LAC', 'date': datetime.datetime(2025, 11, 16, 10, 0)}, '12': {'team': 'ARI', 'date': datetime.datetime(2025, 11, 23, 13, 5)}, '13': {'team': 'TEN', 'date': datetime.datetime(2025, 11, 30, 10, 0)}, '14': {'team': 'IND', 'date': datetime.datetime(2025, 12, 7, 10, 0)}, '15': {'team': 'NYJ', 'date': datetime.datetime(2025, 12, 14, 10, 0)}, '16': {'team': 'DEN', 'date': datetime.datetime(2025, 12, 21, 13, 5)}, '17': {'team': 'IND', 'date': datetime.datetime(2025, 12, 28, 10, 0)}, '18': {'team': 'TEN', 'date': datetime.datetime(2026, 1, 4, 10, 0)}}","['RB', 'RB/WR', 'RB/WR/TE', 'OP', 'BE', 'IR']",RB,1.0,,,,,,,,,,,,,,,,,,1.0,1.0,,,,,,,,,,,,,,,,,,,,,,,1.0,,,,,,,,,,,,,,,,,,,,,,,,,,,,,,3.0,,2.0,1.0,,,,,,,,,,,,,,,,,,,,,,,,,,,,,,,,,,,,,,,,,,,,,,,,,,,,,,,,,,,,,,,,,,,,,,,,,,,,,,,,,,,,,,,,,,,,,,,,,,,,,,,,,,,,,,,,,,,,,,,,,,,,,,,,,,,,,,,,,,,,,,,,,,,,,,,,,,,,,,,,,,,,,2025,,,,48.0,14.0,,,,,,,,,,,,,,,,,,,,,,,,,,,,,40.50469859,20.55691462,,
195.0,11.47,200.77,11.81,,,,,,,,,,,,,,,,,80.0,46.11764706,7.0,151.0,71.0,30.0,23.0,7.0,9.0,111.0,259.0,9.8,,,,,,1.0,1.0,8.0,9.0,44.0,,,17.0,,,,,,,,,,,,,,,,,54.90357868,3.730723665,0.266920485,0.121575689,0.079449713,186.0,93.0,46.0,37.0,18.0,86.49009343,,,2.106898892,0.065161821,129.3238977,10.79153462,0.266920485,0.006584621,,1.49650481,1.49650481,,0.838042693,0.838042693,0.838042693,17.0,Michael Pittman Jr.,IND,DRAFT,19,4035687,1,Stretchy Pups Elite,WR,"{'1': {'team': 'MIA', 'date': datetime.datetime(2025, 9, 7, 10, 0)}, '2': {'team': 'DEN', 'date': datetime.datetime(2025, 9, 14, 13, 5)}, '3': {'team': 'TEN', 'date': datetime.datetime(2025, 9, 21, 10, 0)}, '4': {'team': 'LAR', 'date': datetime.datetime(2025, 9, 28, 13, 5)}, '5': {'team': 'LV', 'date': datetime.datetime(2025, 10, 5, 10, 0)}, '6': {'team': 'ARI', 'date': datetime.datetime(2025, 10, 12, 10, 0)}, '7': {'team': 'LAC', 'date': datetime.datetime(2025, 10, 19, 13, 5)}, '8': {'team': 'TEN', 'date': datetime.datetime(2025, 10, 26, 13, 25)}, '9': {'team': 'PIT', 'date': datetime.datetime(2025, 11, 2, 10, 0)}, '10': {'team': 'ATL', 'date': datetime.datetime(2025, 11, 9, 6, 30)}, '12': {'team': 'KC', 'date': datetime.datetime(2025, 11, 23, 10, 0)}, '13': {'team': 'HOU', 'date': datetime.datetime(2025, 11, 30, 10, 0)}, '14': {'team': 'JAX', 'date': datetime.datetime(2025, 12, 7, 10, 0)}, '15': {'team': 'SEA', 'date': datetime.datetime(2025, 12, 14, 13, 25)}, '16': {'team': 'SF', 'date': datetime.datetime(2025, 12, 22, 17, 15)}, '17': {'team': 'JAX', 'date': datetime.datetime(2025, 12, 28, 10, 0)}, '18': {'team': 'HOU', 'date': datetime.datetime(2026, 1, 4, 10, 0)}}","['RB/WR', 'WR', 'WR/TE', 'RB/WR/TE', 'OP', 'BE', 'IR']",WR,,,1.0,1.0,,,,,,,,,,,,,,,4.0,3.0,,,,,,,,,,,,,,,,,,,,,,,,,,,,,,,,,,,,,,,,,,,,,,,,,,,1.0,,,,,,,,,,,,,,,,,,,,,,,,,,,,,,,,,,,,,,,,,,,,,,,,,,,,,,,,,,,,,,,,,,,,,,,,,,,,,,,,,,,,,,,,,,,,,,,,,,,,,,,,,,,,,,,,,,,,,,,,,,,,,,,,,,,,,,,,,,,,,,,,,,,,,,,,,,,,,,,,,,,,,,,,,,2025,,,,,46.0,,,,,,,,,,,,,,,,,,,,,,,,,,,,,,45.82821646,,
340.0,20.0,283.8,16.69,103.0,26.47058824,4.0,85.0,41.0,17.0,10.0,2.0,,13.0,2.0,,,,,4.36893204,1.0,0.11764706,,,,,,,,1.0,10.0,2.0,2.0,8.0,,3.0,11.0,,,14.0,3.0,212.0,4.0,,17.0,85.47993571,35.81436503,2.743595849,0.136152366,121.0,60.0,30.0,24.0,12.0,17.0,8.0,0.164052793,0.114836955,0.952868612,0.03251775,7.122656334,,,,,,,,,,,,,,,,,,1.503174571,0.049724997,1.480498144,,11.30113574,0.681029146,,5.394935192,18.0258678,17.0,Drake Maye,NE,DRAFT,3,4431452,1,Stretchy Pups Elite,BE,"{'1': {'team': 'LV', 'date': datetime.datetime(2025, 9, 7, 10, 0)}, '2': {'team': 'MIA', 'date': datetime.datetime(2025, 9, 14, 10, 0)}, '3': {'team': 'PIT', 'date': datetime.datetime(2025, 9, 21, 10, 0)}, '4': {'team': 'CAR', 'date': datetime.datetime(2025, 9, 28, 10, 0)}, '5': {'team': 'BUF', 'date': datetime.datetime(2025, 10, 5, 17, 20)}, '6': {'team': 'NO', 'date': datetime.datetime(2025, 10, 12, 10, 0)}, '7': {'team': 'TEN', 'date': datetime.datetime(2025, 10, 19, 10, 0)}, '8': {'team': 'CLE', 'date': datetime.datetime(2025, 10, 26, 10, 0)}, '9': {'team': 'ATL', 'date': datetime.datetime(2025, 11, 2, 10, 0)}, '10': {'team': 'TB', 'date': datetime.datetime(2025, 11, 9, 10, 0)}, '11': {'team': 'NYJ', 'date': datetime.datetime(2025, 11, 13, 17, 15)}, '12': {'team': 'CIN', 'date': datetime.datetime(2025, 11, 23, 10, 0)}, '13': {'team': 'NYG', 'date': datetime.datetime(2025, 12, 1, 17, 15)}, '15': {'team': 'BUF', 'date': datetime.datetime(2025, 12, 14, 10, 0)}, '16': {'team': 'BAL', 'date': datetime.datetime(2025, 12, 21, 17, 20)}, '17': {'team': 'NYJ', 'date': datetime.datetime(2025, 12, 28, 10, 0)}, '18': {'team': 'MIA', 'date': datetime.datetime(2026, 1, 4, 13, 25)}}","['QB', 'OP', 'BE', 'IR']",BE,,,,,,,,,,,,,,,,,,,,,492.0,354.0,138.0,258.47058824,31.0,873.0,434.0,213.0,168.0,80.0,33.0,62.0,27.0,19.0,5.0,2.0,2.0,1.0,1.0,8.0,0.7195122,47.0,4.0,13.0,7.0,4.0,5.0,527.1394144,350.922438,176.2169764,215.5569988,23.52015987,732.0,366.0,183.0,146.0,73.0,36.0,70.0,35.0,2.728363169,1.782985331,2.257306256,0.304902888,1.367022205,12.6309326,0.66571087,39.8774872,9.820637596,4.713906046,,,,,,,,,,,,,,,,,,,,,,,,,,,,,,,,,,,,,,,,,,,,,,,,,,,,,,,,,,,,,,,,,,,,,,,,,,,,,,,,,,,,,,,,,,,,,,,,,,,,,,,,,,,,,,,,,,,,,,,,,,,,,,,,,,,,1.0,,,,,,,,,,,,,,,,,,,,,,,,,,,,,,,,,,,,,,,2025,,,203.0,37.0,,,,,,,,,,,,,,,,,,,,,,,,,,,,,,29.86834365,,183.36105,
129.0,7.59,128.75,7.57,,,,,,,,,,,,,,,,,,,,,,,,,,,,,,,,,,614.0,1147.0,14.0,3.0,,,,17.0,,,,,,,,,,,,,,,,,,,,,,,,,,,,,,,,,,,,,,,,,,,17.0,Broncos D/ST,DEN,DRAFT,3,-16007,1,Stretchy Pups Elite,BE,"{'1': {'team': 'TEN', 'date': datetime.datetime(2025, 9, 7, 13, 5)}, '2': {'team': 'IND', 'date': datetime.datetime(2025, 9, 14, 13, 5)}, '3': {'team': 'LAC', 'date': datetime.datetime(2025, 9, 21, 13, 5)}, '4': {'team': 'CIN', 'date': datetime.datetime(2025, 9, 29, 17, 15)}, '5': {'team': 'PHI', 'date': datetime.datetime(2025, 10, 5, 10, 0)}, '6': {'team': 'NYJ', 'date': datetime.datetime(2025, 10, 12, 6, 30)}, '7': {'team': 'NYG', 'date': datetime.datetime(2025, 10, 19, 13, 5)}, '8': {'team': 'DAL', 'date': datetime.datetime(2025, 10, 26, 13, 25)}, '9': {'team': 'HOU', 'date': datetime.datetime(2025, 11, 2, 10, 0)}, '10': {'team': 'LV', 'date': datetime.datetime(2025, 11, 6, 17, 15)}, '11': {'team': 'KC', 'date': datetime.datetime(2025, 11, 16, 13, 25)}, '13': {'team': 'WSH', 'date': datetime.datetime(2025, 11, 30, 17, 20)}, '14': {'team': 'LV', 'date': datetime.datetime(2025, 12, 7, 13, 5)}, '15': {'team': 'GB', 'date': datetime.datetime(2025, 12, 14, 13, 25)}, '16': {'team': 'JAX', 'date': datetime.datetime(2025, 12, 21, 13, 5)}, '17': {'team': 'KC', 'date': datetime.datetime(2025, 12, 25, 17, 15)}, '18': {'team': 'LAC', 'date': datetime.datetime(2026, 1, 4, 13, 25)}}","['D/ST', 'BE', 'IR']",BE,,,,,,,1491.0,141.0,53.0,0.761509113,0.143236594,1348.429668,443.5377229,134.0,53.0,44.0,17.0,,,,,,,,,,,,,,,,,,,,,,,,,,,,,,,,,,,,,,,,,,,,,,,,,,,,,,,,,533.0,,,10.0,,,,,,,,,,,,,,,,,,,,,,,,,,,,,,,,,,,4.0,0.0,2.0,4.0,3.0,1.0,10.0,2.0,,68.0,136.0,,1.0,1.0,2.0,376.0,221.0,76.0,94.0,481.0,42.0,13.0,309.0,1.0,4.0,3.0,0.0,4730.0,1.0,4.0,3.0,4.0,3.0,1.0,1.0,0.0,0.0,0.0,2.0,4.0,3.0,1.0,4.0,3.0,0.0,0.310716074,1.40460691,4.596895343,3.745618428,0.110913265,1.698850569,12.16929279,7.325520383,1.85568525,0.238881307,44.2125561,88.4251122,1.163653199,0.535197371,2.714509542,11.27003136,1110.08034,370.0,222.0,72.77127126,343.3481556,2.468703055,2.851777666,1.40460691,0.212819229,0.004256385,20.19695033,5566.974324,0.783645656,6.132879046,4.497444634,3.526405451,1.584327087,0.340715503,0.119250426,0.015332198,327.4690779,,,,,,,,,,,,,,,,,,,,,,,,,,,,,,,,,,,,,,,,,,,,,,,,2025,,,,,,,,,,,,,,,,,,,,,,,,,,,,,,,,,,,,,43.64225829
222.0,13.06,240.8,14.16,35.0,5.58823529,,15.0,6.0,2.0,,,,1.0,,,,,,2.71428571,,,,,,,,,,,,,3.0,11.0,1.0,6.0,20.0,2.0,2.0,14.0,3.0,150.0,,,17.0,64.96422451,13.06826124,1.569965359,0.082480917,44.0,22.0,11.0,8.0,4.0,12.0,6.0,0.123349709,0.086344796,0.126147848,0.004304942,3.419735135,,,,,,,,,,,,,,,,,,1.336914197,0.041167776,0.923084981,,9.356312763,0.424619091,,4.472568427,18.0461782,17.0,Sam Darnold,SEA,DRAFT,14,3912547,1,Stretchy Pups Elite,QB,"{'1': {'team': 'SF', 'date': datetime.datetime(2025, 9, 7, 13, 5)}, '2': {'team': 'PIT', 'date': datetime.datetime(2025, 9, 14, 10, 0)}, '3': {'team': 'NO', 'date': datetime.datetime(2025, 9, 21, 13, 5)}, '4': {'team': 'ARI', 'date': datetime.datetime(2025, 9, 25, 17, 15)}, '5': {'team': 'TB', 'date': datetime.datetime(2025, 10, 5, 13, 5)}, '6': {'team': 'JAX', 'date': datetime.datetime(2025, 10, 12, 10, 0)}, '7': {'team': 'HOU', 'date': datetime.datetime(2025, 10, 20, 19, 0)}, '9': {'team': 'WSH', 'date': datetime.datetime(2025, 11, 2, 17, 20)}, '10': {'team': 'ARI', 'date': datetime.datetime(2025, 11, 9, 13, 5)}, '11': {'team': 'LAR', 'date': datetime.datetime(2025, 11, 16, 13, 5)}, '12': {'team': 'TEN', 'date': datetime.datetime(2025, 11, 23, 10, 0)}, '13': {'team': 'MIN', 'date': datetime.datetime(2025, 11, 30, 13, 5)}, '14': {'team': 'ATL', 'date': datetime.datetime(2025, 12, 7, 10, 0)}, '15': {'team': 'IND', 'date': datetime.datetime(2025, 12, 14, 13, 25)}, '16': {'team': 'LAR', 'date': datetime.datetime(2025, 12, 18, 17, 15)}, '17': {'team': 'CAR', 'date': datetime.datetime(2025, 12, 28, 10, 0)}, '18': {'team': 'SF', 'date': datetime.datetime(2026, 1, 3, 17, 0)}}","['QB', 'OP', 'BE', 'IR']",QB,,,,,,,,,,,,,,,,,,,,,477.0,323.0,154.0,238.11764706,25.0,803.0,397.0,193.0,152.0,70.0,31.0,58.0,25.0,24.0,9.0,4.0,3.0,2.0,2.0,14.0,0.67714885,27.0,3.0,7.0,8.0,6.0,,547.3675478,357.1651783,190.2023695,227.4623709,22.13879072,773.0,386.0,193.0,154.0,77.0,38.0,71.0,35.0,3.008688057,1.966177645,2.699385342,0.364616181,1.25443328,13.57360978,0.652514348,46.14021604,8.433227782,4.047949335,,,,,,,1.0,,,,,,,,,,,,,,,,,,,,,,,,,,,,,,,,,,,,,,,,,,,,,,,,,,,,,,,,,,,,,,,,,,,,,,,,,,,,,,,,,,,,,,,,,,,,,,,,,,,,,,,,,,,,,,,,,,,,,,,,,,,,,,,,,,,,,,,,,,,,,,,,,,,,,,,,,,,,,,,,,,,,2025,,,178.0,10.0,,,,,,,,,,,,,,,,,,,,,,,,,,,,,,14.69050404,,189.1495841,
159.0,9.94,126.16,7.42,,,,,,,,,,,,,,,,,55.0,45.25,6.0,139.0,66.0,30.0,22.0,8.0,5.0,85.0,163.0,13.16363636,,1.0,,,,,,9.0,6.0,38.0,,1.0,16.0,,,,,,,,,,,,,,,,,33.14970387,3.997762346,0.227984564,0.145020218,0.094770713,112.0,56.0,28.0,22.0,11.0,46.68082095,,,0.551590883,0.017059512,74.77677075,12.07230195,0.227984564,0.003866339,,0.878713504,0.878713504,,0.492079562,0.492079562,0.492079562,17.0,Romeo Doubs,GB,DRAFT,35,4361432,1,Stretchy Pups Elite,RB/WR/TE,"{'1': {'team': 'DET', 'date': datetime.datetime(2025, 9, 7, 13, 25)}, '2': {'team': 'WSH', 'date': datetime.datetime(2025, 9, 11, 17, 15)}, '3': {'team': 'CLE', 'date': datetime.datetime(2025, 9, 21, 10, 0)}, '4': {'team': 'DAL', 'date': datetime.datetime(2025, 9, 28, 17, 20)}, '6': {'team': 'CIN', 'date': datetime.datetime(2025, 10, 12, 13, 25)}, '7': {'team': 'ARI', 'date': datetime.datetime(2025, 10, 19, 13, 25)}, '8': {'team': 'PIT', 'date': datetime.datetime(2025, 10, 26, 17, 20)}, '9': {'team': 'CAR', 'date': datetime.datetime(2025, 11, 2, 10, 0)}, '10': {'team': 'PHI', 'date': datetime.datetime(2025, 11, 10, 17, 15)}, '11': {'team': 'NYG', 'date': datetime.datetime(2025, 11, 16, 10, 0)}, '12': {'team': 'MIN', 'date': datetime.datetime(2025, 11, 23, 10, 0)}, '13': {'team': 'DET', 'date': datetime.datetime(2025, 11, 27, 10, 0)}, '14': {'team': 'CHI', 'date': datetime.datetime(2025, 12, 7, 13, 25)}, '15': {'team': 'DEN', 'date': datetime.datetime(2025, 12, 14, 13, 25)}, '16': {'team': 'CHI', 'date': datetime.datetime(2025, 12, 20, 17, 20)}, '17': {'team': 'BAL', 'date': datetime.datetime(2025, 12, 27, 17, 0)}, '18': {'team': 'MIN', 'date': datetime.datetime(2026, 1, 4, 10, 0)}}","['RB/WR', 'WR', 'WR/TE', 'RB/WR/TE', 'OP', 'BE', 'IR']",RB/WR/TE,,,,,1.0,,,,,,,,,,,,,,4.0,,,,,,,,,,,,,,,,,,,,,,,,,,,,,,,,,,,,,,,,,,,,,,,,,,,,1.0,,1.0,,,,,,,,,,,,,,,,,,,,,,,,,,,,,,,,,,,,,,,,,,,,,,,,,,,,,,,,,,94.0,6.0,,,,,,,,,,,,,,,,,,,,,,,,,,,,,,,,,,,,,,,,,,,,,,,,,,,,,,,,,,,,,,,,,,,,,,,,,,,,,,,,,,,,,,,,,,,,,,,,,,,,,,,,,,,,,2025,,,,,41.0,,,,,,,,,,,,,,,,,,,,,,,,,,,,,,26.6654955,,
112.0,6.59,63.84,3.76,,,,,,,,,,,,,,,,,,,,,,,,,,,,,,,,,,603.0,1180.0,5.0,12.0,,,,17.0,,,,,,,,,,,,,,,,,,,,,,,,,,,,,,,,,,,,,,,,,,,17.0,Browns D/ST,CLE,ADD,9,-16005,1,Stretchy Pups Elite,D/ST,"{'1': {'team': 'CIN', 'date': datetime.datetime(2025, 9, 7, 10, 0)}, '2': {'team': 'BAL', 'date': datetime.datetime(2025, 9, 14, 10, 0)}, '3': {'team': 'GB', 'date': datetime.datetime(2025, 9, 21, 10, 0)}, '4': {'team': 'DET', 'date': datetime.datetime(2025, 9, 28, 10, 0)}, '5': {'team': 'MIN', 'date': datetime.datetime(2025, 10, 5, 6, 30)}, '6': {'team': 'PIT', 'date': datetime.datetime(2025, 10, 12, 10, 0)}, '7': {'team': 'MIA', 'date': datetime.datetime(2025, 10, 19, 10, 0)}, '8': {'team': 'NE', 'date': datetime.datetime(2025, 10, 26, 10, 0)}, '10': {'team': 'NYJ', 'date': datetime.datetime(2025, 11, 9, 10, 0)}, '11': {'team': 'BAL', 'date': datetime.datetime(2025, 11, 16, 13, 25)}, '12': {'team': 'LV', 'date': datetime.datetime(2025, 11, 23, 13, 5)}, '13': {'team': 'SF', 'date': datetime.datetime(2025, 11, 30, 10, 0)}, '14': {'team': 'TEN', 'date': datetime.datetime(2025, 12, 7, 10, 0)}, '15': {'team': 'CHI', 'date': datetime.datetime(2025, 12, 14, 10, 0)}, '16': {'team': 'BUF', 'date': datetime.datetime(2025, 12, 21, 10, 0)}, '17': {'team': 'PIT', 'date': datetime.datetime(2025, 12, 28, 10, 0)}, '18': {'team': 'CIN', 'date': datetime.datetime(2026, 1, 4, 10, 0)}}","['D/ST', 'BE', 'IR']",D/ST,,,,,,,1587.0,150.0,56.0,0.413922807,0.126771776,1341.755554,241.4409425,134.0,53.0,24.0,9.0,,,,,,,,,,,,,,,,,,,,,,,,,,,,,,,,,,,,,,,,,,,,,,,,,,,,,,,,,577.0,,,15.0,,,,,,,,,,,,,,,,,,,,,,,,,,,,,,,,,,,7.0,0.0,2.0,2.0,1.0,4.0,11.0,2.0,,53.0,106.0,,,3.0,4.0,389.0,228.0,88.0,65.0,233.0,17.0,4.0,371.0,2.0,5.0,4.0,1.0,4822.0,0.0,2.0,9.0,2.0,3.0,1.0,0.0,0.0,0.0,0.0,2.0,2.0,1.0,2.0,5.0,4.0,1.0,0.048387097,0.212224109,1.256366723,1.833616299,0.117834487,1.764983102,11.28099566,7.701734111,1.77531931,0.232714565,38.64889785,77.2977957,1.207690067,0.557293035,2.423512171,11.84882171,1013.102412,337.0,202.0,69.96693738,415.6396397,2.46179966,4.507640068,4.015280136,2.351443124,0.313242784,24.44939057,6027.708078,0.348343246,3.228547154,3.474936279,4.095157179,3.169073917,1.784197111,0.696686491,0.203058624,354.5710634,,,,,,,,,,1.0,,,,,,,,,,,,,,,,,,,,,,,,,,,,,,,,,,,,,,2025,,,,,,,,,,,,,,,,,,,,,,,,,,,,,,,,,,,,,50.17276407
112.0,8.62,0.0,0.0,155.0,49.46153846,3.0,124.0,60.0,26.0,19.0,7.0,3.0,26.0,10.0,1.0,1.0,3.0,,4.1483871,16.0,10.46153846,1.0,26.0,12.0,3.0,2.0,1.0,,22.0,170.0,8.5,1.0,1.0,,,,2.0,3.0,8.0,5.0,24.0,2.0,,13.0,,,,,,,,,,,,,,,,,,,,,,,,,,,,,,,,,,,,,,,,,,,,Kimani Vidal,LAC,ADD,40,4430968,1,Stretchy Pups Elite,BE,"{'1': {'team': 'KC', 'date': datetime.datetime(2025, 9, 5, 17, 0)}, '2': {'team': 'LV', 'date': datetime.datetime(2025, 9, 15, 19, 0)}, '3': {'team': 'DEN', 'date': datetime.datetime(2025, 9, 21, 13, 5)}, '4': {'team': 'NYG', 'date': datetime.datetime(2025, 9, 28, 10, 0)}, '5': {'team': 'WSH', 'date': datetime.datetime(2025, 10, 5, 13, 25)}, '6': {'team': 'MIA', 'date': datetime.datetime(2025, 10, 12, 10, 0)}, '7': {'team': 'IND', 'date': datetime.datetime(2025, 10, 19, 13, 5)}, '8': {'team': 'MIN', 'date': datetime.datetime(2025, 10, 23, 17, 15)}, '9': {'team': 'TEN', 'date': datetime.datetime(2025, 11, 2, 10, 0)}, '10': {'team': 'PIT', 'date': datetime.datetime(2025, 11, 9, 17, 20)}, '11': {'team': 'JAX', 'date': datetime.datetime(2025, 11, 16, 10, 0)}, '13': {'team': 'LV', 'date': datetime.datetime(2025, 11, 30, 13, 25)}, '14': {'team': 'PHI', 'date': datetime.datetime(2025, 12, 8, 17, 15)}, '15': {'team': 'KC', 'date': datetime.datetime(2025, 12, 14, 10, 0)}, '16': {'team': 'DAL', 'date': datetime.datetime(2025, 12, 21, 10, 0)}, '17': {'team': 'HOU', 'date': datetime.datetime(2025, 12, 27, 13, 30)}, '18': {'team': 'DEN', 'date': datetime.datetime(2026, 1, 4, 13, 25)}}","['RB', 'RB/WR', 'RB/WR/TE', 'OP', 'BE', 'IR']",BE,,,,,,,177.0,17.0,6.0,,,,,,,,,,1.0,,,,,,,,,,,,,,,,,,,,,,,,1.0,,,,,,,,,,,,,,,,,,,,,,,,,,,,,,,1.0,,,,,,,,,,,,,,,,,,,,,,,,,,,,,,,,,,,,,,,,,,,,,,,,,,,,,,,,,,,,,,,,,,,,,,,,,,,,,,,,,,,,,,,,,,,,,,,,,,,,,,,,,,,,,,,,,,,,,,,,,,,,,,,,,,,,,,,,,,,,,,,,,,,,,,,,,,,,,,,,,,,,,,,2025,,,,32.0,6.0,,,,,,,,,,,,,,,,,,,,,,,,,,,,,,,,
159.0,9.94,154.97,9.12,1.0,-0.125,,,,,,,,,,,,,,-2.0,58.0,44.5625,6.0,136.0,65.0,28.0,21.0,6.0,4.0,82.0,250.0,12.29310345,,,,,,1.0,1.0,10.0,6.0,36.0,,1.0,16.0,,,,,,,,,,,,,,,,,38.9529341,4.780742888,0.274266542,0.132959806,0.086889233,132.0,66.0,33.0,26.0,13.0,60.50259593,,,0.828355802,0.025619252,89.89479529,10.94498293,0.274266542,0.003061862,,0.695877696,0.695877696,,0.38969151,0.38969151,0.38969151,17.0,Colston Loveland,CHI,ADD,12,4723086,1,Stretchy Pups Elite,BE,"{'1': {'team': 'MIN', 'date': datetime.datetime(2025, 9, 8, 17, 15)}, '2': {'team': 'DET', 'date': datetime.datetime(2025, 9, 14, 10, 0)}, '3': {'team': 'DAL', 'date': datetime.datetime(2025, 9, 21, 13, 25)}, '4': {'team': 'LV', 'date': datetime.datetime(2025, 9, 28, 13, 25)}, '6': {'team': 'WSH', 'date': datetime.datetime(2025, 10, 13, 17, 15)}, '7': {'team': 'NO', 'date': datetime.datetime(2025, 10, 19, 10, 0)}, '8': {'team': 'BAL', 'date': datetime.datetime(2025, 10, 26, 10, 0)}, '9': {'team': 'CIN', 'date': datetime.datetime(2025, 11, 2, 10, 0)}, '10': {'team': 'NYG', 'date': datetime.datetime(2025, 11, 9, 10, 0)}, '11': {'team': 'MIN', 'date': datetime.datetime(2025, 11, 16, 10, 0)}, '12': {'team': 'PIT', 'date': datetime.datetime(2025, 11, 23, 10, 0)}, '13': {'team': 'PHI', 'date': datetime.datetime(2025, 11, 28, 12, 0)}, '14': {'team': 'GB', 'date': datetime.datetime(2025, 12, 7, 13, 25)}, '15': {'team': 'CLE', 'date': datetime.datetime(2025, 12, 14, 10, 0)}, '16': {'team': 'GB', 'date': datetime.datetime(2025, 12, 20, 17, 20)}, '17': {'team': 'SF', 'date': datetime.datetime(2025, 12, 28, 17, 20)}, '18': {'team': 'DET', 'date': datetime.datetime(2026, 1, 4, 13, 25)}}","['Rookie', 'WR/TE', 'TE', 'RB/WR/TE', 'OP', 'BE', 'IR']",BE,1.0,1.0,1.0,1.0,,,,,,,,,,,,,,1.0,3.0,,,,,,,,,,,,,,,,,,,,,,,,,,,,,,,,,,,,,,,,,,,,,,,,,,,,,,1.0,,,,,,,,,,,,,,,,,,,,,,,,,,,,,,,,,,,,,,,,,,,,,,,,,,,,,,,,,,,,,,,,,,,,,,,,,,,,,,,,,,,,,,,,,,,,,,,,,,,,,,,,,,,,,,,,,,,,,,,,,,,,,,,,,,,,,,,,,,,,,,,,,,,,,,,,,,,,,,,,,,,,,,,,2025,,,,,36.0,,,,,,,,,,,,,,,,,,,,,,,,,,,,,,32.85662234,,
70.0,5.83,58.32,3.43,7.0,1.25,1.0,2.0,,,,,,,,,,,,2.14285714,29.0,17.16666667,3.0,38.0,17.0,6.0,5.0,2.0,2.0,33.0,194.0,7.10344828,,1.0,,,,1.0,3.0,3.0,9.0,24.0,1.0,1.0,12.0,4.460649233,1.672033309,0.205832727,0.010886857,5.0,2.0,1.0,1.0,,,,0.008200301,0.005740211,0.001882817,6.42533e-05,6.372293533,14.03520261,1.221177346,0.092825871,0.138174715,0.090297176,47.0,23.0,11.0,9.0,4.0,23.15900634,,,0.090411524,0.002796233,32.05460401,10.30262011,0.103712728,0.00243053,0.089212985,0.463180127,0.552393111,0.041037973,0.259380871,0.300418844,0.300418844,17.0,Greg Dortch,ARI,ADD,84,4037235,1,Stretchy Pups Elite,BE,"{'1': {'team': 'NO', 'date': datetime.datetime(2025, 9, 7, 10, 0)}, '2': {'team': 'CAR', 'date': datetime.datetime(2025, 9, 14, 13, 5)}, '3': {'team': 'SF', 'date': datetime.datetime(2025, 9, 21, 13, 25)}, '4': {'team': 'SEA', 'date': datetime.datetime(2025, 9, 25, 17, 15)}, '5': {'team': 'TEN', 'date': datetime.datetime(2025, 10, 5, 13, 5)}, '6': {'team': 'IND', 'date': datetime.datetime(2025, 10, 12, 10, 0)}, '7': {'team': 'GB', 'date': datetime.datetime(2025, 10, 19, 13, 25)}, '9': {'team': 'DAL', 'date': datetime.datetime(2025, 11, 3, 17, 15)}, '10': {'team': 'SEA', 'date': datetime.datetime(2025, 11, 9, 13, 5)}, '11': {'team': 'SF', 'date': datetime.datetime(2025, 11, 16, 13, 5)}, '12': {'team': 'JAX', 'date': datetime.datetime(2025, 11, 23, 13, 5)}, '13': {'team': 'TB', 'date': datetime.datetime(2025, 11, 30, 10, 0)}, '14': {'team': 'LAR', 'date': datetime.datetime(2025, 12, 7, 13, 25)}, '15': {'team': 'HOU', 'date': datetime.datetime(2025, 12, 14, 10, 0)}, '16': {'team': 'ATL', 'date': datetime.datetime(2025, 12, 21, 13, 5)}, '17': {'team': 'CIN', 'date': datetime.datetime(2025, 12, 28, 10, 0)}, '18': {'team': 'LAR', 'date': datetime.datetime(2026, 1, 4, 13, 25)}}","['RB/WR', 'WR', 'WR/TE', 'RB/WR/TE', 'OP', 'BE', 'IR']",BE,,,,,,,811.0,76.0,28.0,0.190973019,0.138676198,686.7376051,273.3469162,68.0,27.0,27.0,10.0,,,,,,,,,,,,,,,,,,,,,,,,,,,,,,,,,,,,,,,,,,,,,,,,,,,,,,,,2.0,2.0,,,,,,,,,,,,,,,,,,,,,,,,,,,,,,,,,,,,,,,,,,,,,,,,,,,,,,,,,185.0,14.0,4.0,,,,,,,,,,,,,,,,,,,,,,,,,,,,,,,,,,,,,,,,,,,,,,,,,,,,,,,,,,,,,,,,,,,,,,,,,,,,,,,,,,,,,,,,,,,,,,,,,,,,,,,,,,,,2025,,,,1.0,10.0,,,,,,,,,,,,,,,,,,,,,,,,,,,,,3.456201669,11.2079588,,
160.0,9.41,135.84,7.99,,,,,,,,,,,,,,,,,,,,,,,,,,,,,,,,,,,1.0,13.0,4.0,140.0,,,17.0,,,,,,,,,,,,,,,,,,,,,,,,,,,,,,,,,,,,,,,,,,,17.0,Cam Little,JAX,ADD,5,4686361,1,Stretchy Pups Elite,K,"{'1': {'team': 'CAR', 'date': datetime.datetime(2025, 9, 7, 10, 0)}, '2': {'team': 'CIN', 'date': datetime.datetime(2025, 9, 14, 10, 0)}, '3': {'team': 'HOU', 'date': datetime.datetime(2025, 9, 21, 10, 0)}, '4': {'team': 'SF', 'date': datetime.datetime(2025, 9, 28, 13, 5)}, '5': {'team': 'KC', 'date': datetime.datetime(2025, 10, 6, 17, 15)}, '6': {'team': 'SEA', 'date': datetime.datetime(2025, 10, 12, 10, 0)}, '7': {'team': 'LAR', 'date': datetime.datetime(2025, 10, 19, 6, 30)}, '9': {'team': 'LV', 'date': datetime.datetime(2025, 11, 2, 13, 5)}, '10': {'team': 'HOU', 'date': datetime.datetime(2025, 11, 9, 10, 0)}, '11': {'team': 'LAC', 'date': datetime.datetime(2025, 11, 16, 10, 0)}, '12': {'team': 'ARI', 'date': datetime.datetime(2025, 11, 23, 13, 5)}, '13': {'team': 'TEN', 'date': datetime.datetime(2025, 11, 30, 10, 0)}, '14': {'team': 'IND', 'date': datetime.datetime(2025, 12, 7, 10, 0)}, '15': {'team': 'NYJ', 'date': datetime.datetime(2025, 12, 14, 10, 0)}, '16': {'team': 'DEN', 'date': datetime.datetime(2025, 12, 21, 13, 5)}, '17': {'team': 'IND', 'date': datetime.datetime(2025, 12, 28, 10, 0)}, '18': {'team': 'TEN', 'date': datetime.datetime(2026, 1, 4, 10, 0)}}","['K', 'BE', 'IR']",K,,,,,,,,,,,,,,,,,,,,,,,,,,,,,,,,,,,,,,,,,,,,,,,,,,,,,,,,,,,,,,,,,,,,,,,,,,1.0,,,,8.0,10.0,8.0,10.0,2.0,14.0,14.0,,30.0,34.0,4.0,50.0,51.0,1.0,6.0,8.0,5.120796508,7.145713894,2.024917386,7.554505972,9.239574245,1.685068273,16.62521211,16.85059044,0.225378324,29.3005146,33.23587858,3.935363983,34.0751263,34.77053704,0.695410741,5.120796508,7.145713894,2.024917386,,,,,,,,,,,,,,,,,,,,,,,,,,,,,,,,,,,,,,,,,,,,,,,,,,,,,,,,,,,,,,,,,,,,,,,,,,,,,,,,,,,,,,,2.0,2.0,2.0,,,,,,,,,,,,,,2.0,,,,,,,,,,,,,,,,,,,,,,,,,,,2025,,,,,,1249.0,194.0,1443.0,243.0,117.0,55.0,42.0,18.0,6.0,38.0,18.0,8.0,6.0,2.0,282.0,136.0,64.0,50.0,22.0,7.0,,,1115.232144,191.9349608,1307.167104,,,,,,,
79.0,5.27,3.44,0.2,83.0,20.46666667,5.0,55.0,24.0,9.0,4.0,1.0,,10.0,1.0,,,,,3.69879518,10.0,5.26666667,2.0,14.0,5.0,1.0,1.0,,,14.0,80.0,7.9,1.0,2.0,1.0,1.0,1.0,1.0,1.0,11.0,4.0,42.0,5.0,,15.0,4.136245025,1.119219242,0.10504088,0.00576322,3.0,1.0,,,,,,0.007875678,0.005512974,0.015740169,0.000537152,4.6,0.216594172,0.019484184,0.001059361,0.002577405,0.001684334,,,,,,0.49429155,,,0.001791221,5.53986e-05,0.651484648,7.449249177,0.006822581,0.00016711,0.03392534,0.004054162,0.037979502,0.015605656,0.002270331,0.017875987,0.017875987,17.0,Bhayshul Tuten,JAX,ADD,54,4882093,1,Stretchy Pups Elite,BE,"{'1': {'team': 'CAR', 'date': datetime.datetime(2025, 9, 7, 10, 0)}, '2': {'team': 'CIN', 'date': datetime.datetime(2025, 9, 14, 10, 0)}, '3': {'team': 'HOU', 'date': datetime.datetime(2025, 9, 21, 10, 0)}, '4': {'team': 'SF', 'date': datetime.datetime(2025, 9, 28, 13, 5)}, '5': {'team': 'KC', 'date': datetime.datetime(2025, 10, 6, 17, 15)}, '6': {'team': 'SEA', 'date': datetime.datetime(2025, 10, 12, 10, 0)}, '7': {'team': 'LAR', 'date': datetime.datetime(2025, 10, 19, 6, 30)}, '9': {'team': 'LV', 'date': datetime.datetime(2025, 11, 2, 13, 5)}, '10': {'team': 'HOU', 'date': datetime.datetime(2025, 11, 9, 10, 0)}, '11': {'team': 'LAC', 'date': datetime.datetime(2025, 11, 16, 10, 0)}, '12': {'team': 'ARI', 'date': datetime.datetime(2025, 11, 23, 13, 5)}, '13': {'team': 'TEN', 'date': datetime.datetime(2025, 11, 30, 10, 0)}, '14': {'team': 'IND', 'date': datetime.datetime(2025, 12, 7, 10, 0)}, '15': {'team': 'NYJ', 'date': datetime.datetime(2025, 12, 14, 10, 0)}, '16': {'team': 'DEN', 'date': datetime.datetime(2025, 12, 21, 13, 5)}, '17': {'team': 'IND', 'date': datetime.datetime(2025, 12, 28, 10, 0)}, '18': {'team': 'TEN', 'date': datetime.datetime(2026, 1, 4, 10, 0)}}","['Rookie', 'RB', 'RB/WR', 'RB/WR/TE', 'OP', 'BE', 'IR']",BE,,,,,,,539.0,50.0,18.0,0.20365855,,739.6021023,,73.0,29.0,,,,1.0,,,,,,,,,,,,,,,,,,,,,,,,1.0,,,,,,,,,,,,,,,,,,,,,,,,,,,,,,1.0,,,,,,,,,,,,,,,,,,,,,,,,,,,,,,,,,,,,,,,,,,,,,,,,,,,,,,,,,,,,,,,,,,,,,,,,,,,,,,,,,,,,,,,,,,,,,,,,,,,,,,,,,,,,,,,,,,,,,,,,,,,,1.0,,,,,,,,,,,,,,,,,,,,,,,,,,,,,,,,,,,,,,,,,,,,2025,,,,23.0,3.0,,,,,,,,,,,,,,,,,,,,,,,,,,,,,1.093923527,0.154540621,,
315.0,18.53,289.74,17.04,3.0,0.52941176,,1.0,,,,,,,,,,,,3.0,117.0,82.41176471,11.0,274.0,132.0,62.0,47.0,19.0,15.0,172.0,570.0,11.97435897,,1.0,,,,4.0,5.0,9.0,8.0,66.0,,,17.0,4.790163641,1.817242389,0.251150369,0.009932952,6.0,3.0,1.0,1.0,,,,0.008807655,0.006165359,0.00224378,7.65716e-05,6.449282932,73.40512359,7.538091338,0.428490622,0.206446296,0.134912655,249.0,124.0,62.0,49.0,24.0,116.6864706,,,4.267743438,0.131992065,152.1337044,10.69435981,0.438423573,0.006548754,0.058689929,1.429663198,1.488353127,0.026997367,0.800611391,0.827608758,0.827608758,17.0,Amon-Ra St. Brown,DET,DRAFT,3,4374302,3,South Bay Starr Power,WR,"{'1': {'team': 'GB', 'date': datetime.datetime(2025, 9, 7, 13, 25)}, '2': {'team': 'CHI', 'date': datetime.datetime(2025, 9, 14, 10, 0)}, '3': {'team': 'BAL', 'date': datetime.datetime(2025, 9, 22, 17, 15)}, '4': {'team': 'CLE', 'date': datetime.datetime(2025, 9, 28, 10, 0)}, '5': {'team': 'CIN', 'date': datetime.datetime(2025, 10, 5, 13, 25)}, '6': {'team': 'KC', 'date': datetime.datetime(2025, 10, 12, 17, 20)}, '7': {'team': 'TB', 'date': datetime.datetime(2025, 10, 20, 16, 0)}, '9': {'team': 'MIN', 'date': datetime.datetime(2025, 11, 2, 10, 0)}, '10': {'team': 'WSH', 'date': datetime.datetime(2025, 11, 9, 13, 25)}, '11': {'team': 'PHI', 'date': datetime.datetime(2025, 11, 16, 17, 20)}, '12': {'team': 'NYG', 'date': datetime.datetime(2025, 11, 23, 10, 0)}, '13': {'team': 'GB', 'date': datetime.datetime(2025, 11, 27, 10, 0)}, '14': {'team': 'DAL', 'date': datetime.datetime(2025, 12, 4, 17, 15)}, '15': {'team': 'LAR', 'date': datetime.datetime(2025, 12, 14, 13, 25)}, '16': {'team': 'PIT', 'date': datetime.datetime(2025, 12, 21, 13, 25)}, '17': {'team': 'MIN', 'date': datetime.datetime(2025, 12, 25, 13, 30)}, '18': {'team': 'CHI', 'date': datetime.datetime(2026, 1, 4, 13, 25)}}","['RB/WR', 'WR', 'WR/TE', 'RB/WR/TE', 'OP', 'BE', 'IR']",WR,,,5.0,5.0,1.0,,,,,,0.00908692,,14.30072659,,,1.0,,2.0,7.0,1.0,,,,,,,,,,,,,,,,,,,,,,,,,,,,,,,,,,,,,,,,,,,,,,,,,,,,,3.0,1.0,,,,,,,,,,,,,,,,,,,,,,,,,,,,,,,,,,,,,,,,,,,,,,,,,,,,,,,,,,,,,,,,,,,,,,,,,,,,,,,,,,,,,,,,,,,,,,,,,,,,,,,,,,,,,,,,,,,,,,,,,,,,,,,,,,,,,,,,,,,,,,,,,,,,,,,,,,,,,,,,,,,,,,,2025,,,,1.0,71.0,,,,,,,,,,,,,,,,,,,,,,,,,,,,,3.593356633,62.94125933,,
214.0,14.27,275.61,16.21,,,,,,,,,,,,,,,,,78.0,66.86666667,7.0,195.0,94.0,45.0,33.0,13.0,11.0,121.0,268.0,12.85897436,,,,,,,,10.0,5.0,42.0,,2.0,15.0,,,,,,,,,,,,,,,,,78.837828,8.440156517,0.573604156,0.355899286,0.232580183,268.0,134.0,67.0,53.0,26.0,91.17458216,,,4.958876114,0.153367303,141.9082511,14.69974465,0.573604156,0.005445949,,1.237715617,1.237715617,,0.693120746,0.693120746,0.693120746,17.0,A.J. Brown,PHI,DRAFT,10,4047646,3,South Bay Starr Power,WR,"{'1': {'team': 'DAL', 'date': datetime.datetime(2025, 9, 4, 17, 20)}, '2': {'team': 'KC', 'date': datetime.datetime(2025, 9, 14, 13, 25)}, '3': {'team': 'LAR', 'date': datetime.datetime(2025, 9, 21, 10, 0)}, '4': {'team': 'TB', 'date': datetime.datetime(2025, 9, 28, 10, 0)}, '5': {'team': 'DEN', 'date': datetime.datetime(2025, 10, 5, 10, 0)}, '6': {'team': 'NYG', 'date': datetime.datetime(2025, 10, 9, 17, 15)}, '7': {'team': 'MIN', 'date': datetime.datetime(2025, 10, 19, 10, 0)}, '8': {'team': 'NYG', 'date': datetime.datetime(2025, 10, 26, 10, 0)}, '10': {'team': 'GB', 'date': datetime.datetime(2025, 11, 10, 17, 15)}, '11': {'team': 'DET', 'date': datetime.datetime(2025, 11, 16, 17, 20)}, '12': {'team': 'DAL', 'date': datetime.datetime(2025, 11, 23, 13, 25)}, '13': {'team': 'CHI', 'date': datetime.datetime(2025, 11, 28, 12, 0)}, '14': {'team': 'LAC', 'date': datetime.datetime(2025, 12, 8, 17, 15)}, '15': {'team': 'LV', 'date': datetime.datetime(2025, 12, 14, 10, 0)}, '16': {'team': 'WSH', 'date': datetime.datetime(2025, 12, 20, 14, 0)}, '17': {'team': 'BUF', 'date': datetime.datetime(2025, 12, 28, 13, 25)}, '18': {'team': 'WSH', 'date': datetime.datetime(2026, 1, 4, 13, 25)}}","['RB/WR', 'WR', 'WR/TE', 'RB/WR/TE', 'OP', 'BE', 'IR']",WR,,,5.0,5.0,,,,,,,,,,,,,,1.0,2.0,2.0,,,,,,,,,,,,,,,,,,,,,,,,,,,,,,,,,,,,,,,,,,,,,,,,,,,,,1.0,,,,,,,,,,,,,,,,,,,,,,,,,,,,,,,,,,,,,,,,,,,,,,,,,,,,,,,,,,,,,,,,,,,,,,,,,,,,,,,,,,,,,,,,,,,,,,,,,,,,,,,,,,,,,,,,,,,,,,,,,,,,,,,,,,,,,,,,,,,,,,,,,,,,,,,,,,,,,,,,,,,,,,,,2025,,,,,47.0,,,,,,,,,,,,,,,,,,,,,,,,,,,,,,60.04194278,,
192.0,11.29,223.3,13.14,180.0,53.58823529,9.0,176.0,83.0,39.0,30.0,11.0,2.0,28.0,10.0,4.0,4.0,2.0,,5.06111111,35.0,13.0,1.0,37.0,16.0,4.0,3.0,,2.0,42.0,244.0,6.31428571,1.0,1.0,1.0,1.0,1.0,,,14.0,3.0,60.0,5.0,,17.0,221.5664739,57.93199288,6.312366511,0.313174407,196.0,98.0,49.0,39.0,19.0,44.0,22.0,0.455522705,0.318865893,2.516386351,0.085874612,4.444913808,19.4412455,1.909947446,0.111140701,0.051290369,0.033518256,66.0,33.0,16.0,13.0,6.0,43.17493845,,,0.149575634,0.004626051,56.23072638,7.654930972,0.424315108,0.00955416,1.817280605,0.354119362,2.171399967,0.835949078,0.198306842,1.034255921,1.034255921,17.0,TreVeyon Henderson,NE,DRAFT,21,4432710,3,South Bay Starr Power,RB,"{'1': {'team': 'LV', 'date': datetime.datetime(2025, 9, 7, 10, 0)}, '2': {'team': 'MIA', 'date': datetime.datetime(2025, 9, 14, 10, 0)}, '3': {'team': 'PIT', 'date': datetime.datetime(2025, 9, 21, 10, 0)}, '4': {'team': 'CAR', 'date': datetime.datetime(2025, 9, 28, 10, 0)}, '5': {'team': 'BUF', 'date': datetime.datetime(2025, 10, 5, 17, 20)}, '6': {'team': 'NO', 'date': datetime.datetime(2025, 10, 12, 10, 0)}, '7': {'team': 'TEN', 'date': datetime.datetime(2025, 10, 19, 10, 0)}, '8': {'team': 'CLE', 'date': datetime.datetime(2025, 10, 26, 10, 0)}, '9': {'team': 'ATL', 'date': datetime.datetime(2025, 11, 2, 10, 0)}, '10': {'team': 'TB', 'date': datetime.datetime(2025, 11, 9, 10, 0)}, '11': {'team': 'NYJ', 'date': datetime.datetime(2025, 11, 13, 17, 15)}, '12': {'team': 'CIN', 'date': datetime.datetime(2025, 11, 23, 10, 0)}, '13': {'team': 'NYG', 'date': datetime.datetime(2025, 12, 1, 17, 15)}, '15': {'team': 'BUF', 'date': datetime.datetime(2025, 12, 14, 10, 0)}, '16': {'team': 'BAL', 'date': datetime.datetime(2025, 12, 21, 17, 20)}, '17': {'team': 'NYJ', 'date': datetime.datetime(2025, 12, 28, 10, 0)}, '18': {'team': 'MIA', 'date': datetime.datetime(2026, 1, 4, 13, 25)}}","['Rookie', 'RB', 'RB/WR', 'RB/WR/TE', 'OP', 'BE', 'IR']",RB,,,,,,,209.0,19.0,5.0,0.158859749,,576.9117182,,57.0,23.0,,,,1.0,,,,,,,,,,,,,,,,,,,,,,,,1.0,,,,,,,,,,,,,,,,,,,,,,,,,,,,,,,,,,,,,,,,,,,,,,,,,,,,,,,,,,,,,,,,,,,,,,,,,,,,,,,,,,,,,,,,,,,,,,,,,,,,,,,,,,,,,,,,,,,,,,,,,,,,,,,,,,,,,,,,,,,,,,,,,,,,,,,,,,1.0,,,,,,,,,,,,,,,,,,,,,,,,,,,,,,,,,,,,,,,,,,,,2025,,,,45.0,7.0,,,,,,,,,,,,,,,,,,,,,,,,,,,,,53.49230928,18.58621541,,
102.0,11.33,191.02,11.24,,,,,,,,,,,,,,,,,40.0,54.33333333,3.0,94.0,44.0,18.0,16.0,5.0,5.0,49.0,274.0,12.225,,,,,,1.0,1.0,6.0,3.0,18.0,,,9.0,,,,,,,,,,,,,,,,,45.73648923,6.52741048,0.371077004,0.145154491,0.09485846,155.0,77.0,38.0,31.0,15.0,74.61348873,,,1.289859144,0.039892551,103.2335851,10.42064016,0.371077004,0.002007785,,0.456314747,0.456314747,,0.255536258,0.255536258,0.255536258,17.0,Sam LaPorta,DET,DRAFT,27,4430027,3,South Bay Starr Power,BE,"{'1': {'team': 'GB', 'date': datetime.datetime(2025, 9, 7, 13, 25)}, '2': {'team': 'CHI', 'date': datetime.datetime(2025, 9, 14, 10, 0)}, '3': {'team': 'BAL', 'date': datetime.datetime(2025, 9, 22, 17, 15)}, '4': {'team': 'CLE', 'date': datetime.datetime(2025, 9, 28, 10, 0)}, '5': {'team': 'CIN', 'date': datetime.datetime(2025, 10, 5, 13, 25)}, '6': {'team': 'KC', 'date': datetime.datetime(2025, 10, 12, 17, 20)}, '7': {'team': 'TB', 'date': datetime.datetime(2025, 10, 20, 16, 0)}, '9': {'team': 'MIN', 'date': datetime.datetime(2025, 11, 2, 10, 0)}, '10': {'team': 'WSH', 'date': datetime.datetime(2025, 11, 9, 13, 25)}, '11': {'team': 'PHI', 'date': datetime.datetime(2025, 11, 16, 17, 20)}, '12': {'team': 'NYG', 'date': datetime.datetime(2025, 11, 23, 10, 0)}, '13': {'team': 'GB', 'date': datetime.datetime(2025, 11, 27, 10, 0)}, '14': {'team': 'DAL', 'date': datetime.datetime(2025, 12, 4, 17, 15)}, '15': {'team': 'LAR', 'date': datetime.datetime(2025, 12, 14, 13, 25)}, '16': {'team': 'PIT', 'date': datetime.datetime(2025, 12, 21, 13, 25)}, '17': {'team': 'MIN', 'date': datetime.datetime(2025, 12, 25, 13, 30)}, '18': {'team': 'CHI', 'date': datetime.datetime(2026, 1, 4, 13, 25)}}","['WR/TE', 'TE', 'RB/WR/TE', 'OP', 'BE', 'IR']",BE,1.0,,,,,,,,,,,,,,,,,,1.0,,,,,,,,,,,,,,,,,,,,,,,,,,,,,,,,,,,,,,,,,,,,,,,,,,,,,,1.0,,,,,,,,,,,,,,,,,,,,,,,,,,,,,,,,,,,,,,,,,,,,,,,,,,,,,,,,,,,,,,,,,,,,,,,,,,,,,,,,,,,,,,,,,,,,,,,,,,,,,,,,,,,,,,,,,,,,,,,,,,,,,,,,,,,,,,,,,,,,,,,,,,,,,,,,,,,,,,,,,,,,,,,,2025,,,,,23.0,,,,,,,,,,,,,,,,,,,,,,,,,,,,,,39.96728511,,
111.0,9.25,214.87,12.64,132.0,45.66666667,2.0,105.0,50.0,22.0,16.0,5.0,,21.0,6.0,,,,,4.15151515,28.0,16.58333333,1.0,37.0,17.0,6.0,2.0,,,41.0,227.0,7.10714286,,2.0,,1.0,1.0,1.0,2.0,6.0,6.0,18.0,2.0,,12.0,181.7926412,47.34045548,4.841377542,0.281115312,160.0,80.0,40.0,32.0,16.0,36.0,18.0,0.366451638,0.256516147,1.677249889,0.057238104,4.426954456,22.9197957,3.094016814,0.117921611,0.050165266,0.032783001,77.0,38.0,19.0,15.0,7.0,51.00611952,,,0.209838366,0.006489846,66.7093758,7.639015289,0.399036924,0.011933035,2.117843527,0.594209861,2.712053388,0.974208023,0.332757522,1.306965545,1.306965545,17.0,Aaron Jones Sr.,MIN,DRAFT,42,3042519,3,South Bay Starr Power,RB,"{'1': {'team': 'CHI', 'date': datetime.datetime(2025, 9, 8, 17, 15)}, '2': {'team': 'ATL', 'date': datetime.datetime(2025, 9, 14, 17, 20)}, '3': {'team': 'CIN', 'date': datetime.datetime(2025, 9, 21, 10, 0)}, '4': {'team': 'PIT', 'date': datetime.datetime(2025, 9, 28, 6, 30)}, '5': {'team': 'CLE', 'date': datetime.datetime(2025, 10, 5, 6, 30)}, '7': {'team': 'PHI', 'date': datetime.datetime(2025, 10, 19, 10, 0)}, '8': {'team': 'LAC', 'date': datetime.datetime(2025, 10, 23, 17, 15)}, '9': {'team': 'DET', 'date': datetime.datetime(2025, 11, 2, 10, 0)}, '10': {'team': 'BAL', 'date': datetime.datetime(2025, 11, 9, 10, 0)}, '11': {'team': 'CHI', 'date': datetime.datetime(2025, 11, 16, 10, 0)}, '12': {'team': 'GB', 'date': datetime.datetime(2025, 11, 23, 10, 0)}, '13': {'team': 'SEA', 'date': datetime.datetime(2025, 11, 30, 13, 5)}, '14': {'team': 'WSH', 'date': datetime.datetime(2025, 12, 7, 10, 0)}, '15': {'team': 'DAL', 'date': datetime.datetime(2025, 12, 14, 17, 20)}, '16': {'team': 'NYG', 'date': datetime.datetime(2025, 12, 21, 10, 0)}, '17': {'team': 'DET', 'date': datetime.datetime(2025, 12, 25, 13, 30)}, '18': {'team': 'GB', 'date': datetime.datetime(2026, 1, 4, 10, 0)}}","['RB', 'RB/WR', 'RB/WR/TE', 'OP', 'BE', 'IR']",RB,,,,,2.0,1.0,,,,,,,,,,,,,,1.0,,,,,,,,,,,,,,,,,,,,,,,,,,,,,,,,,,,,,,,,,,,,,,,,,,,,,,1.0,,,,,,,,,,,,,,,,,,,,,,,,,,,,,,,,,,,,,,,,,,,,,,,,,,,,,,,,,,,,,,,,,,,,,,,,,,,,,,,,,,,,,,,,,,,,,,,,,,,,,,,,,,,,,,,,,,,,,,,,,,,,,,,,,,,,,,,,,,,,,,,,,,,,,,,,,,,,,,,,,,,,,,,2025,,,,28.0,9.0,,,,,,,,,,,,,,,,,,,,,,,,,,,,,43.89964407,22.48610535,,
288.0,16.94,259.32,15.25,19.0,2.64705882,,8.0,2.0,1.0,,,,,,,,,,2.36842105,,,,,,,,,,,,,3.0,6.0,2.0,5.0,13.0,,,9.0,8.0,204.0,,,17.0,32.59082863,3.910730754,0.608272302,0.024058718,13.0,6.0,3.0,2.0,1.0,6.0,3.0,0.060828532,0.042579972,0.010997732,0.00037531,2.039912013,,,,,,,,,,,,,,,,,,1.520301283,0.034140303,0.40017151,,7.759159838,0.184078895,,3.716393292,16.04732145,17.0,Jared Goff,DET,DRAFT,9,3046779,3,South Bay Starr Power,QB,"{'1': {'team': 'GB', 'date': datetime.datetime(2025, 9, 7, 13, 25)}, '2': {'team': 'CHI', 'date': datetime.datetime(2025, 9, 14, 10, 0)}, '3': {'team': 'BAL', 'date': datetime.datetime(2025, 9, 22, 17, 15)}, '4': {'team': 'CLE', 'date': datetime.datetime(2025, 9, 28, 10, 0)}, '5': {'team': 'CIN', 'date': datetime.datetime(2025, 10, 5, 13, 25)}, '6': {'team': 'KC', 'date': datetime.datetime(2025, 10, 12, 17, 20)}, '7': {'team': 'TB', 'date': datetime.datetime(2025, 10, 20, 16, 0)}, '9': {'team': 'MIN', 'date': datetime.datetime(2025, 11, 2, 10, 0)}, '10': {'team': 'WSH', 'date': datetime.datetime(2025, 11, 9, 13, 25)}, '11': {'team': 'PHI', 'date': datetime.datetime(2025, 11, 16, 17, 20)}, '12': {'team': 'NYG', 'date': datetime.datetime(2025, 11, 23, 10, 0)}, '13': {'team': 'GB', 'date': datetime.datetime(2025, 11, 27, 10, 0)}, '14': {'team': 'DAL', 'date': datetime.datetime(2025, 12, 4, 17, 15)}, '15': {'team': 'LAR', 'date': datetime.datetime(2025, 12, 14, 13, 25)}, '16': {'team': 'PIT', 'date': datetime.datetime(2025, 12, 21, 13, 25)}, '17': {'team': 'MIN', 'date': datetime.datetime(2025, 12, 25, 13, 30)}, '18': {'team': 'CHI', 'date': datetime.datetime(2026, 1, 4, 13, 25)}}","['QB', 'OP', 'BE', 'IR']",QB,,,,,,,,,,,,,,,,,,,,,578.0,393.0,185.0,268.47058824,34.0,905.0,448.0,220.0,176.0,84.0,38.0,73.0,32.0,30.0,10.0,3.0,,6.0,,8.0,0.6799308,38.0,,12.0,11.0,6.0,2.0,562.877609,387.0008813,175.8767277,255.1325972,26.37865533,867.0,433.0,216.0,173.0,86.0,43.0,77.0,38.0,3.720254101,2.431186055,4.140557509,0.559280753,1.496242565,12.33092816,0.687540018,36.45423102,7.358988328,3.532314397,,,,,,,,,,,,,,,,,,,,,,,,,,,,,,,,,,,,,,,,,,,,,,,,,,,,,,,,,,,,,,,,,,,,,,,,,,,,,,,,,,,,,,,,,,,,,,,,,,,,,,,,,,,,,,,,,,,,,,,,,,,,,,,,,,,,,,,,,,,,,,,,,,,,,,,,,,,,,,,,,,,,,,,,,,,2025,,,223.0,5.0,,,,,,,,,,,,,,,,,,,,,,,,,,,,,,6.750254943,,209.7464467,
117.0,7.31,132.5,7.79,159.0,47.375,6.0,146.0,68.0,30.0,24.0,8.0,1.0,26.0,9.0,,,1.0,,4.7672956,14.0,3.1875,,7.0,1.0,,,,,16.0,102.0,3.64285714,2.0,3.0,1.0,1.0,1.0,,1.0,8.0,8.0,36.0,5.0,,16.0,177.8406273,48.42208104,4.269786426,0.247925789,164.0,82.0,41.0,32.0,16.0,35.0,17.0,0.357782202,0.250447541,1.754441769,0.059872366,4.628725113,5.742890719,0.497794257,0.018965854,0.035334909,0.023091363,19.0,9.0,4.0,3.0,1.0,14.40450204,,,0.042500281,0.001314442,19.07740842,6.77768256,0.266891643,0.009898262,2.081047056,0.168557922,2.249604978,0.957281646,0.094392436,1.051674082,1.051674082,17.0,Jordan Mason,MIN,DRAFT,37,4360569,3,South Bay Starr Power,BE,"{'1': {'team': 'CHI', 'date': datetime.datetime(2025, 9, 8, 17, 15)}, '2': {'team': 'ATL', 'date': datetime.datetime(2025, 9, 14, 17, 20)}, '3': {'team': 'CIN', 'date': datetime.datetime(2025, 9, 21, 10, 0)}, '4': {'team': 'PIT', 'date': datetime.datetime(2025, 9, 28, 6, 30)}, '5': {'team': 'CLE', 'date': datetime.datetime(2025, 10, 5, 6, 30)}, '7': {'team': 'PHI', 'date': datetime.datetime(2025, 10, 19, 10, 0)}, '8': {'team': 'LAC', 'date': datetime.datetime(2025, 10, 23, 17, 15)}, '9': {'team': 'DET', 'date': datetime.datetime(2025, 11, 2, 10, 0)}, '10': {'team': 'BAL', 'date': datetime.datetime(2025, 11, 9, 10, 0)}, '11': {'team': 'CHI', 'date': datetime.datetime(2025, 11, 16, 10, 0)}, '12': {'team': 'GB', 'date': datetime.datetime(2025, 11, 23, 10, 0)}, '13': {'team': 'SEA', 'date': datetime.datetime(2025, 11, 30, 13, 5)}, '14': {'team': 'WSH', 'date': datetime.datetime(2025, 12, 7, 10, 0)}, '15': {'team': 'DAL', 'date': datetime.datetime(2025, 12, 14, 17, 20)}, '16': {'team': 'NYG', 'date': datetime.datetime(2025, 12, 21, 10, 0)}, '17': {'team': 'DET', 'date': datetime.datetime(2025, 12, 25, 13, 30)}, '18': {'team': 'GB', 'date': datetime.datetime(2026, 1, 4, 10, 0)}}","['RB', 'RB/WR', 'RB/WR/TE', 'OP', 'BE', 'IR']",BE,,,,,1.0,,,,,,,,,,,,,,,,,,,,,,,,,,,,,,,,,,,,,,2.0,,,,,,,,,,,,,,,,,,,,,,,,,,,,,,,1.0,1.0,,,,,,,,,,,,,,,,,,,,,,,,,,,,,,,,,,,,,,,,,,,,,,,,,,,,,,,,,,,,,,,,,,,,,,,,,,,,,,,,,,,,,,,,,,,,,,,,,,,,,,,,,,,,,,,,,,,,,,,,,,1.0,,,,,,,,,,,,,,,,,,,,,,,,,,,,,,,,,,,,,,,,,,,,2025,,,,45.0,1.0,,,,,,,,,,,,,,,,,,,,,,,,,,,,,43.85428876,5.02933549,,
120.0,7.06,97.16,5.72,,,,,,,,,,,,,,,,,,,,,,,,,,,,,,,,,,660.0,1142.0,11.0,6.0,,,,17.0,,,,,,,,,,,,,,,,,,,,,,,,,,,,,,,,,,,,,,,,,,,17.0,Eagles D/ST,PHI,DRAFT,6,-16021,3,South Bay Starr Power,BE,"{'1': {'team': 'DAL', 'date': datetime.datetime(2025, 9, 4, 17, 20)}, '2': {'team': 'KC', 'date': datetime.datetime(2025, 9, 14, 13, 25)}, '3': {'team': 'LAR', 'date': datetime.datetime(2025, 9, 21, 10, 0)}, '4': {'team': 'TB', 'date': datetime.datetime(2025, 9, 28, 10, 0)}, '5': {'team': 'DEN', 'date': datetime.datetime(2025, 10, 5, 10, 0)}, '6': {'team': 'NYG', 'date': datetime.datetime(2025, 10, 9, 17, 15)}, '7': {'team': 'MIN', 'date': datetime.datetime(2025, 10, 19, 10, 0)}, '8': {'team': 'NYG', 'date': datetime.datetime(2025, 10, 26, 10, 0)}, '10': {'team': 'GB', 'date': datetime.datetime(2025, 11, 10, 17, 15)}, '11': {'team': 'DET', 'date': datetime.datetime(2025, 11, 16, 17, 20)}, '12': {'team': 'DAL', 'date': datetime.datetime(2025, 11, 23, 13, 25)}, '13': {'team': 'CHI', 'date': datetime.datetime(2025, 11, 28, 12, 0)}, '14': {'team': 'LAC', 'date': datetime.datetime(2025, 12, 8, 17, 15)}, '15': {'team': 'LV', 'date': datetime.datetime(2025, 12, 14, 10, 0)}, '16': {'team': 'WSH', 'date': datetime.datetime(2025, 12, 20, 14, 0)}, '17': {'team': 'BUF', 'date': datetime.datetime(2025, 12, 28, 13, 25)}, '18': {'team': 'WSH', 'date': datetime.datetime(2026, 1, 4, 13, 25)}}","['D/ST', 'BE', 'IR']",BE,,,,,,,1411.0,132.0,48.0,0.40766753,0.136274276,1480.47682,245.7404974,148.0,59.0,24.0,9.0,,,,,,,,,,,,,,,,,,,,,,,,,,,,,,,,,,,,,,,,,,,,,,,,,,,,,,,,,482.0,,,11.0,,,,,,,,,,,,,,,,,,,,,,,,,,,,,,,,,,,8.0,1.0,0.0,3.0,1.0,1.0,12.0,4.0,,42.0,84.0,,,1.0,3.0,375.0,223.0,57.0,90.0,239.0,18.0,3.0,325.0,4.0,7.0,1.0,0.0,5341.0,1.0,0.0,6.0,3.0,5.0,1.0,1.0,0.0,0.0,1.0,0.0,3.0,1.0,4.0,7.0,1.0,0.0,0.141907428,0.637308807,2.44726582,2.515245426,0.115278232,1.750156221,13.0672443,11.14645824,1.806588785,0.235110002,41.42196304,82.84392608,1.2024193,0.547736921,2.409376258,17.1483973,1065.797491,355.0,213.0,77.62229771,384.600604,2.464260722,3.917324803,3.084574628,1.589023293,0.203089073,22.62356494,5912.078764,0.450567585,3.910586588,3.715057259,3.961594239,2.796919538,1.445216783,0.561084163,0.158973846,347.7693391,,,,,,,,,,,,,,2.0,,,,,,,,,,,,,,,,,,,,,,,,,,,,,,,,,,2025,,,,,,,,,,,,,,,,,,,,,,,,,,,,,,,,,,,,,43.75134283
147.0,8.17,178.38,10.49,9.0,3.83333333,,13.0,5.0,2.0,1.0,,,,,,,,,7.66666667,59.0,38.16666667,2.0,130.0,61.0,28.0,21.0,7.0,4.0,92.0,177.0,11.6440678,,2.0,,1.0,1.0,1.0,1.0,9.0,9.0,12.0,,,18.0,8.324620277,3.071561328,0.37341094,0.019331733,10.0,5.0,2.0,2.0,1.0,1.0,,0.015335894,0.010735125,0.006679628,0.00022795,6.272543471,52.10220933,3.855723846,0.224510711,0.27687187,0.180935767,177.0,88.0,44.0,35.0,17.0,59.08927517,,,1.834551505,0.056738706,100.2155805,14.98981932,0.243842444,0.005932423,0.166492406,1.181785503,1.348277909,0.076586507,0.661799882,0.738386388,0.738386388,17.0,Rashid Shaheed,SEA,DRAFT,39,4032473,3,South Bay Starr Power,BE,"{'1': {'team': 'SF', 'date': datetime.datetime(2025, 9, 7, 13, 5)}, '2': {'team': 'PIT', 'date': datetime.datetime(2025, 9, 14, 10, 0)}, '3': {'team': 'NO', 'date': datetime.datetime(2025, 9, 21, 13, 5)}, '4': {'team': 'ARI', 'date': datetime.datetime(2025, 9, 25, 17, 15)}, '5': {'team': 'TB', 'date': datetime.datetime(2025, 10, 5, 13, 5)}, '6': {'team': 'JAX', 'date': datetime.datetime(2025, 10, 12, 10, 0)}, '7': {'team': 'HOU', 'date': datetime.datetime(2025, 10, 20, 19, 0)}, '9': {'team': 'WSH', 'date': datetime.datetime(2025, 11, 2, 17, 20)}, '10': {'team': 'ARI', 'date': datetime.datetime(2025, 11, 9, 13, 5)}, '11': {'team': 'LAR', 'date': datetime.datetime(2025, 11, 16, 13, 5)}, '12': {'team': 'TEN', 'date': datetime.datetime(2025, 11, 23, 10, 0)}, '13': {'team': 'MIN', 'date': datetime.datetime(2025, 11, 30, 13, 5)}, '14': {'team': 'ATL', 'date': datetime.datetime(2025, 12, 7, 10, 0)}, '15': {'team': 'IND', 'date': datetime.datetime(2025, 12, 14, 13, 25)}, '16': {'team': 'LAR', 'date': datetime.datetime(2025, 12, 18, 17, 15)}, '17': {'team': 'CAR', 'date': datetime.datetime(2025, 12, 28, 10, 0)}, '18': {'team': 'SF', 'date': datetime.datetime(2026, 1, 3, 17, 0)}}","['RB/WR', 'WR', 'WR/TE', 'RB/WR/TE', 'OP', 'BE', 'IR']",BE,1.0,1.0,1.0,1.0,1.0,1.0,447.0,41.0,15.0,0.167955426,0.143243299,636.8116035,225.4320765,63.0,25.0,22.0,9.0,,1.0,,,,,,,,,,,,,,,,,,,,,,,,,,,,,,,,,,,,,,,,,,,,,,,,,,,,,,,,,,,,,,,,,,,,,,,,,,,,,,,,,,,,,,,,,,,,,,,,,,,,,,,,1.0,1.0,,2.0,,,,,339.0,29.0,6.0,,,,,,,,,,,,,,,,,,,,,,,,,,,,,,,,,,,,,,,,,,,,,,,,,,,,,,,,,,,,,,,,,,,,,,,,,,,,,,,,,,,,,,,,,,,,,,,,,,,,,,,,,,,,2025,,,,3.0,29.0,,,,,,,,,,,,,,,,,,,,,,,,,,,,,4.619223792,38.3205177,,
190.0,12.67,135.89,7.99,,,,,,,,,,,,,,,,,,,,,,,,,,,,,,,,,,1.0,1.0,10.0,5.0,160.0,,,15.0,,,,,,,,,,,,,,,,,,,,,,,,,,,,,,,,,,,,,,,,,,,17.0,Ka'imi Fairbairn,HOU,DRAFT,2,2971573,3,South Bay Starr Power,K,"{'1': {'team': 'LAR', 'date': datetime.datetime(2025, 9, 7, 13, 25)}, '2': {'team': 'TB', 'date': datetime.datetime(2025, 9, 15, 16, 0)}, '3': {'team': 'JAX', 'date': datetime.datetime(2025, 9, 21, 10, 0)}, '4': {'team': 'TEN', 'date': datetime.datetime(2025, 9, 28, 10, 0)}, '5': {'team': 'BAL', 'date': datetime.datetime(2025, 10, 5, 10, 0)}, '7': {'team': 'SEA', 'date': datetime.datetime(2025, 10, 20, 19, 0)}, '8': {'team': 'SF', 'date': datetime.datetime(2025, 10, 26, 10, 0)}, '9': {'team': 'DEN', 'date': datetime.datetime(2025, 11, 2, 10, 0)}, '10': {'team': 'JAX', 'date': datetime.datetime(2025, 11, 9, 10, 0)}, '11': {'team': 'TEN', 'date': datetime.datetime(2025, 11, 16, 10, 0)}, '12': {'team': 'BUF', 'date': datetime.datetime(2025, 11, 20, 17, 15)}, '13': {'team': 'IND', 'date': datetime.datetime(2025, 11, 30, 10, 0)}, '14': {'team': 'KC', 'date': datetime.datetime(2025, 12, 7, 17, 20)}, '15': {'team': 'ARI', 'date': datetime.datetime(2025, 12, 14, 10, 0)}, '16': {'team': 'LV', 'date': datetime.datetime(2025, 12, 21, 13, 25)}, '17': {'team': 'LAC', 'date': datetime.datetime(2025, 12, 27, 13, 30)}, '18': {'team': 'IND', 'date': datetime.datetime(2026, 1, 4, 10, 0)}}","['K', 'BE', 'IR']",K,,,,,,,,,,,,,,,,,,,,,,,,,,,,,,,,,,,,,,,,,,,,,,,,,,,,,,,,,,,,,,,,,,,,,,,,,,,,,,9.0,13.0,16.0,16.0,,19.0,19.0,,44.0,48.0,4.0,28.0,28.0,,9.0,13.0,5.057300618,7.132088712,2.074788094,7.470624924,9.221956567,1.751331644,16.46680482,16.81846036,0.351655535,28.99473036,33.17250564,4.177775273,35.50298974,36.48475441,0.981764672,5.057300618,7.132088712,2.074788094,,,,,,,,,,,,,,,,,,,,,,,,,,,,,,,,,,,,,,,,,,,,,,,,,,,,,,,,,,,,,,,,,,,,,,,,,,,,,,,,,,,,,,,4.0,4.0,,,,,,,,,,,,,,,,,,,,,,,,,,,,,,,,,,,,,,,,,,2025,,,,,,1753.0,209.0,1962.0,344.0,169.0,82.0,63.0,26.0,8.0,40.0,20.0,8.0,8.0,4.0,384.0,189.0,91.0,71.0,30.0,10.0,,,1103.2765,201.3981471,1304.674647,,,,,,,
114.0,6.71,73.89,4.35,145.0,43.88235294,6.0,141.0,67.0,29.0,21.0,8.0,1.0,22.0,7.0,1.0,,1.0,,5.14482759,8.0,2.11764706,,7.0,3.0,,,,,14.0,37.0,4.5,,,,,,2.0,2.0,12.0,5.0,36.0,4.0,,17.0,80.48719646,20.01235127,2.457805481,0.134161286,68.0,34.0,17.0,13.0,6.0,16.0,8.0,0.154089277,0.107862494,0.29859019,0.010189738,4.226883114,5.585946471,0.525994753,0.028456226,0.04257123,0.027820299,18.0,9.0,4.0,3.0,1.0,13.28546681,,,0.041753917,0.001291358,17.09169228,7.147742069,0.162617513,0.002952093,0.575874639,0.095055658,0.670930297,0.264902334,0.053231168,0.318133502,0.318133502,17.0,Blake Corum,LAR,ADD,38,4429096,3,South Bay Starr Power,BE,"{'1': {'team': 'HOU', 'date': datetime.datetime(2025, 9, 7, 13, 25)}, '2': {'team': 'TEN', 'date': datetime.datetime(2025, 9, 14, 10, 0)}, '3': {'team': 'PHI', 'date': datetime.datetime(2025, 9, 21, 10, 0)}, '4': {'team': 'IND', 'date': datetime.datetime(2025, 9, 28, 13, 5)}, '5': {'team': 'SF', 'date': datetime.datetime(2025, 10, 2, 17, 15)}, '6': {'team': 'BAL', 'date': datetime.datetime(2025, 10, 12, 10, 0)}, '7': {'team': 'JAX', 'date': datetime.datetime(2025, 10, 19, 6, 30)}, '9': {'team': 'NO', 'date': datetime.datetime(2025, 11, 2, 13, 5)}, '10': {'team': 'SF', 'date': datetime.datetime(2025, 11, 9, 13, 25)}, '11': {'team': 'SEA', 'date': datetime.datetime(2025, 11, 16, 13, 5)}, '12': {'team': 'TB', 'date': datetime.datetime(2025, 11, 23, 17, 20)}, '13': {'team': 'CAR', 'date': datetime.datetime(2025, 11, 30, 10, 0)}, '14': {'team': 'ARI', 'date': datetime.datetime(2025, 12, 7, 13, 25)}, '15': {'team': 'DET', 'date': datetime.datetime(2025, 12, 14, 13, 25)}, '16': {'team': 'SEA', 'date': datetime.datetime(2025, 12, 18, 17, 15)}, '17': {'team': 'ATL', 'date': datetime.datetime(2025, 12, 29, 17, 15)}, '18': {'team': 'ARI', 'date': datetime.datetime(2026, 1, 4, 13, 25)}}","['RB', 'RB/WR', 'RB/WR/TE', 'OP', 'BE', 'IR']",BE,,,,,,,326.0,32.0,11.0,,,,,,,,,,,,,,,,,,,,,,,,,,,,,,,,,,,,,,,,,,,,,,,,,,,,,,,,,,,,,,,,,,1.0,,,,,,,,,,,,,,,,,,,,,,,,,,,,,,,,,,,,,,,,,,,,,,,,,,,,,,,,,,,,,,,,,,,,,,,,,,,,,,,,,,,,,,,,,,,,,,,,,,,,,,,,,,,,,,,,,,,,,,,,,,,,,,,,,,,,,,,,,,,,,,,,,,,,,,,,,,,,,,,,,,,,,,2025,,,,44.0,2.0,,,,,,,,,,,,,,,,,,,,,,,,,,,,,20.28144071,4.712227668,,
170.0,10.0,124.01,7.29,,,,,,,,,,,,,,,,,,,,,,,,,,,,,,,,,,664.0,1186.0,14.0,3.0,,,,17.0,,,,,,,,,,,,,,,,,,,,,,,,,,,,,,,,,,,,,,,,,,,17.0,Seahawks D/ST,SEA,ADD,1,-16026,3,South Bay Starr Power,D/ST,"{'1': {'team': 'SF', 'date': datetime.datetime(2025, 9, 7, 13, 5)}, '2': {'team': 'PIT', 'date': datetime.datetime(2025, 9, 14, 10, 0)}, '3': {'team': 'NO', 'date': datetime.datetime(2025, 9, 21, 13, 5)}, '4': {'team': 'ARI', 'date': datetime.datetime(2025, 9, 25, 17, 15)}, '5': {'team': 'TB', 'date': datetime.datetime(2025, 10, 5, 13, 5)}, '6': {'team': 'JAX', 'date': datetime.datetime(2025, 10, 12, 10, 0)}, '7': {'team': 'HOU', 'date': datetime.datetime(2025, 10, 20, 19, 0)}, '9': {'team': 'WSH', 'date': datetime.datetime(2025, 11, 2, 17, 20)}, '10': {'team': 'ARI', 'date': datetime.datetime(2025, 11, 9, 13, 5)}, '11': {'team': 'LAR', 'date': datetime.datetime(2025, 11, 16, 13, 5)}, '12': {'team': 'TEN', 'date': datetime.datetime(2025, 11, 23, 10, 0)}, '13': {'team': 'MIN', 'date': datetime.datetime(2025, 11, 30, 13, 5)}, '14': {'team': 'ATL', 'date': datetime.datetime(2025, 12, 7, 10, 0)}, '15': {'team': 'IND', 'date': datetime.datetime(2025, 12, 14, 13, 25)}, '16': {'team': 'LAR', 'date': datetime.datetime(2025, 12, 18, 17, 15)}, '17': {'team': 'CAR', 'date': datetime.datetime(2025, 12, 28, 10, 0)}, '18': {'team': 'SF', 'date': datetime.datetime(2026, 1, 3, 17, 0)}}","['D/ST', 'BE', 'IR']",D/ST,,,,,,,1287.0,122.0,45.0,0.383656756,0.182783005,1393.279797,287.6584995,139.0,55.0,28.0,11.0,,,,,,,,,,,,,,,,,,,,,,,,,,,,,,,,,,,,,,,,,,,,,,,,,,,,,,,,,522.0,,,9.0,,,,,,,,,,,,,,,,,,,,,,,,,,,,,,,,,,,7.0,1.0,1.0,5.0,4.0,4.0,18.0,3.0,,47.0,94.0,1.0,2.0,1.0,7.0,389.0,230.0,75.0,96.0,448.0,41.0,12.0,286.0,2.0,2.0,0.0,2.0,4855.0,0.0,3.0,10.0,1.0,1.0,1.0,0.0,0.0,1.0,1.0,1.0,5.0,4.0,2.0,2.0,0.0,2.0,0.282539047,1.276531838,4.238085703,3.540248298,0.112421238,1.737953922,13.61903743,9.330530032,1.813995277,0.233606131,40.50665011,81.01330021,1.18702318,0.550930742,2.416814921,14.35466159,1082.188235,360.0,216.0,83.26148008,348.6346981,2.467961554,3.029635563,1.685022026,0.442531037,0.037444934,20.50792342,5734.634183,0.655384769,5.277124118,4.196164823,3.693986882,2.051269213,0.766034146,0.289390677,0.070645371,337.3314226,,,,,,,,,,3.0,,,,,,,,,,,,,,,,,,,,,,,,,,,,,,,,,,,,,,2025,,,,,,,,,,,,,,,,,,,,,,,,,,,,,,,,,,,,,40.24477147
94.0,6.71,114.0,6.71,,,,,,,,,,,,,,,,,37.0,38.42857143,1.0,102.0,49.0,22.0,16.0,4.0,1.0,63.0,198.0,14.54054054,1.0,1.0,1.0,1.0,1.0,,,3.0,11.0,10.0,,1.0,14.0,2.09898757,0.739441739,0.102059064,0.006665021,2.0,1.0,,,,,,0.003853751,0.002697626,0.000317265,1.0827e-05,5.988844214,33.51925936,3.043973277,0.233100078,0.217476315,0.142120772,113.0,56.0,28.0,22.0,11.0,38.52428521,,,0.548619368,0.016967609,68.77298526,14.79138175,0.239765099,0.003566916,0.041886603,0.768776091,0.810662694,0.019267838,0.430514611,0.449782448,0.449782448,17.0,Darius Slayton,NYG,ADD,62,3916945,3,South Bay Starr Power,BE,"{'1': {'team': 'WSH', 'date': datetime.datetime(2025, 9, 7, 10, 0)}, '2': {'team': 'DAL', 'date': datetime.datetime(2025, 9, 14, 10, 0)}, '3': {'team': 'KC', 'date': datetime.datetime(2025, 9, 21, 17, 20)}, '4': {'team': 'LAC', 'date': datetime.datetime(2025, 9, 28, 10, 0)}, '5': {'team': 'NO', 'date': datetime.datetime(2025, 10, 5, 10, 0)}, '6': {'team': 'PHI', 'date': datetime.datetime(2025, 10, 9, 17, 15)}, '7': {'team': 'DEN', 'date': datetime.datetime(2025, 10, 19, 13, 5)}, '8': {'team': 'PHI', 'date': datetime.datetime(2025, 10, 26, 10, 0)}, '9': {'team': 'SF', 'date': datetime.datetime(2025, 11, 2, 10, 0)}, '10': {'team': 'CHI', 'date': datetime.datetime(2025, 11, 9, 10, 0)}, '11': {'team': 'GB', 'date': datetime.datetime(2025, 11, 16, 10, 0)}, '12': {'team': 'DET', 'date': datetime.datetime(2025, 11, 23, 10, 0)}, '13': {'team': 'NE', 'date': datetime.datetime(2025, 12, 1, 17, 15)}, '15': {'team': 'WSH', 'date': datetime.datetime(2025, 12, 14, 10, 0)}, '16': {'team': 'MIN', 'date': datetime.datetime(2025, 12, 21, 10, 0)}, '17': {'team': 'LV', 'date': datetime.datetime(2025, 12, 28, 13, 5)}, '18': {'team': 'DAL', 'date': datetime.datetime(2026, 1, 4, 10, 0)}}","['RB/WR', 'WR', 'WR/TE', 'RB/WR/TE', 'OP', 'BE', 'IR']",BE,,,,,,,,,,,,,,,,,,,,,,,,,,,,,,,,,,,,,,,,,,,1.0,,,,,,,,,,,,,,,,,,,,,,,,,,,,2.0,,,,,,,,,,,,,,,,,,,,,,,,,,,,,,,,,,,,,,,,,,,,,,,,,,,,,,,,,,,,,,,,,,,,,,,,,,,,,,,,,,,,,,,,,,,,,,,,,,,,,,,,,,,,,,,,,,,,,,,,,,,,,,1.0,,,,,,,,,,,,,,,,,,,,,,,,,,,,,,,,,,,,,,,,,,,,2025,,,,,23.0,,,,,,,,,,,,,,,,,,,,,,,,,,,,,2.700042437,24.58957797,,
126.0,8.4,14.08,0.83,,,,,,,,,,,,,,,,,43.0,27.2,8.0,79.0,37.0,15.0,11.0,2.0,2.0,56.0,271.0,9.48837209,,1.0,,1.0,1.0,1.0,1.0,10.0,5.0,48.0,,,15.0,,,,,,,,,,,,,,,,,3.328266957,0.548262666,0.029659344,0.083743092,0.054726111,11.0,5.0,2.0,2.0,1.0,5.792864273,,,0.028091902,0.000868822,8.545846142,9.767281885,0.029659344,0.00024941,,0.056684,0.056684,,0.03174304,0.03174304,0.03174304,17.0,Colby Parkinson,LAR,ADD,15,4242557,3,South Bay Starr Power,TE,"{'1': {'team': 'HOU', 'date': datetime.datetime(2025, 9, 7, 13, 25)}, '2': {'team': 'TEN', 'date': datetime.datetime(2025, 9, 14, 10, 0)}, '3': {'team': 'PHI', 'date': datetime.datetime(2025, 9, 21, 10, 0)}, '4': {'team': 'IND', 'date': datetime.datetime(2025, 9, 28, 13, 5)}, '5': {'team': 'SF', 'date': datetime.datetime(2025, 10, 2, 17, 15)}, '6': {'team': 'BAL', 'date': datetime.datetime(2025, 10, 12, 10, 0)}, '7': {'team': 'JAX', 'date': datetime.datetime(2025, 10, 19, 6, 30)}, '9': {'team': 'NO', 'date': datetime.datetime(2025, 11, 2, 13, 5)}, '10': {'team': 'SF', 'date': datetime.datetime(2025, 11, 9, 13, 25)}, '11': {'team': 'SEA', 'date': datetime.datetime(2025, 11, 16, 13, 5)}, '12': {'team': 'TB', 'date': datetime.datetime(2025, 11, 23, 17, 20)}, '13': {'team': 'CAR', 'date': datetime.datetime(2025, 11, 30, 10, 0)}, '14': {'team': 'ARI', 'date': datetime.datetime(2025, 12, 7, 13, 25)}, '15': {'team': 'DET', 'date': datetime.datetime(2025, 12, 14, 13, 25)}, '16': {'team': 'SEA', 'date': datetime.datetime(2025, 12, 18, 17, 15)}, '17': {'team': 'ATL', 'date': datetime.datetime(2025, 12, 29, 17, 15)}, '18': {'team': 'ARI', 'date': datetime.datetime(2026, 1, 4, 13, 25)}}","['WR/TE', 'TE', 'RB/WR/TE', 'OP', 'BE', 'IR']",TE,,,,,1.0,1.0,,,,,,,,,,,,,4.0,2.0,,,,,,,,,,,,,,,,,,,,,,,,,,,,,,,,,,,,,,,,,,,,,,,,,,,,,2.0,,,,,,,,,,,,,,,,,,,,,,,,,,,,,,,,,,,,,,,,,,,,,,,,,,,,,,,,,,,,,,,,,,,,,,,,,,,,,,,,,,,,,,,,,,,,,,,,,,,,,,,,,,,,,,,,,,,,,,,,,,,,,,,,,,,,,,,,,,,,,,,,,,,,,,,,,,,,,,,,,,,,,,,,2025,,,,,24.0,,,,,,,,,,,,,,,,,,,,,,,,,,,,,,1.95513709,,
54.0,5.4,50.89,2.99,57.0,20.6,2.0,38.0,17.0,7.0,4.0,1.0,,7.0,2.0,,,,,3.61403509,17.0,10.4,,17.0,8.0,3.0,1.0,,1.0,19.0,138.0,6.11764706,,,,,,1.0,1.0,3.0,7.0,12.0,2.0,,10.0,62.43465208,15.43757747,1.676075224,0.086771529,52.0,26.0,13.0,10.0,5.0,12.0,6.0,0.118398986,0.08287929,0.176765125,0.006032316,4.203416023,3.507545849,0.275717461,0.016060823,0.038143426,0.024926729,11.0,5.0,2.0,2.0,1.0,8.508237236,,,0.029292801,0.000905963,11.1350645,7.008300049,0.102832352,0.002560233,0.512086871,0.069784269,0.58187114,0.235559961,0.039079191,0.274639152,0.274639152,17.0,Devin Neal,NO,ADD,63,4682652,3,South Bay Starr Power,BE,"{'1': {'team': 'ARI', 'date': datetime.datetime(2025, 9, 7, 10, 0)}, '2': {'team': 'SF', 'date': datetime.datetime(2025, 9, 14, 10, 0)}, '3': {'team': 'SEA', 'date': datetime.datetime(2025, 9, 21, 13, 5)}, '4': {'team': 'BUF', 'date': datetime.datetime(2025, 9, 28, 10, 0)}, '5': {'team': 'NYG', 'date': datetime.datetime(2025, 10, 5, 10, 0)}, '6': {'team': 'NE', 'date': datetime.datetime(2025, 10, 12, 10, 0)}, '7': {'team': 'CHI', 'date': datetime.datetime(2025, 10, 19, 10, 0)}, '8': {'team': 'TB', 'date': datetime.datetime(2025, 10, 26, 13, 5)}, '9': {'team': 'LAR', 'date': datetime.datetime(2025, 11, 2, 13, 5)}, '10': {'team': 'CAR', 'date': datetime.datetime(2025, 11, 9, 10, 0)}, '12': {'team': 'ATL', 'date': datetime.datetime(2025, 11, 23, 13, 25)}, '13': {'team': 'MIA', 'date': datetime.datetime(2025, 11, 30, 10, 0)}, '14': {'team': 'TB', 'date': datetime.datetime(2025, 12, 7, 10, 0)}, '15': {'team': 'CAR', 'date': datetime.datetime(2025, 12, 14, 13, 25)}, '16': {'team': 'NYJ', 'date': datetime.datetime(2025, 12, 21, 10, 0)}, '17': {'team': 'TEN', 'date': datetime.datetime(2025, 12, 28, 10, 0)}, '18': {'team': 'ATL', 'date': datetime.datetime(2026, 1, 4, 10, 0)}}","['Rookie', 'RB', 'RB/WR', 'RB/WR/TE', 'OP', 'BE', 'IR']",BE,,,,,,,152.0,14.0,5.0,,,,,,,,,,,,,,,,,,,,,,,,,,,,,,,,,,,,,,,,,,,,,,,,,,,,,,,,,,,,,,,,,,,,,,,,,,,,,,,,,,,,,,,,,,,,,,,,,,,,,,,,,,,,,,,,,,,,,,,,,,,,,,,,,,,,,,,,,,,,,,,,,,,,,,,,,,,,,,,,,,,,,,,,,,,,,,,,,,,,,,,,,,,,,,,,,,,,,,,,,,,,,,,,,,,,,,,,,,,,,,,,,,,,,,,,2025,,,,11.0,4.0,,,,,,,,,,,,,,,,,,,,,,,,,,,,,15.97594179,2.546656892,,
57.0,4.07,98.92,6.59,,,,,,,,,,,,,,,,,27.0,21.92857143,1.0,59.0,26.0,10.0,8.0,2.0,1.0,37.0,117.0,11.37037037,,2.0,,1.0,1.0,,,7.0,7.0,6.0,,,14.0,,,,,,,,,,,,,,,,,26.9545658,4.26318388,0.195778986,0.198845561,0.129945574,80.0,40.0,20.0,16.0,8.0,33.35703856,,,0.27227806,0.008420971,48.22928347,12.12093473,0.195778986,0.001626664,,0.369696319,0.369696319,,0.207029938,0.207029938,0.207029938,15.0,Isaiah Likely,BAL,ADD,44,4361050,3,South Bay Starr Power,RB/WR/TE,"{'1': {'team': 'BUF', 'date': datetime.datetime(2025, 9, 7, 17, 20)}, '2': {'team': 'CLE', 'date': datetime.datetime(2025, 9, 14, 10, 0)}, '3': {'team': 'DET', 'date': datetime.datetime(2025, 9, 22, 17, 15)}, '4': {'team': 'KC', 'date': datetime.datetime(2025, 9, 28, 13, 25)}, '5': {'team': 'HOU', 'date': datetime.datetime(2025, 10, 5, 10, 0)}, '6': {'team': 'LAR', 'date': datetime.datetime(2025, 10, 12, 10, 0)}, '8': {'team': 'CHI', 'date': datetime.datetime(2025, 10, 26, 10, 0)}, '9': {'team': 'MIA', 'date': datetime.datetime(2025, 10, 30, 17, 15)}, '10': {'team': 'MIN', 'date': datetime.datetime(2025, 11, 9, 10, 0)}, '11': {'team': 'CLE', 'date': datetime.datetime(2025, 11, 16, 13, 25)}, '12': {'team': 'NYJ', 'date': datetime.datetime(2025, 11, 23, 10, 0)}, '13': {'team': 'CIN', 'date': datetime.datetime(2025, 11, 27, 17, 20)}, '14': {'team': 'PIT', 'date': datetime.datetime(2025, 12, 7, 10, 0)}, '15': {'team': 'CIN', 'date': datetime.datetime(2025, 12, 14, 10, 0)}, '16': {'team': 'NE', 'date': datetime.datetime(2025, 12, 21, 17, 20)}, '17': {'team': 'GB', 'date': datetime.datetime(2025, 12, 27, 17, 0)}, '18': {'team': 'PIT', 'date': datetime.datetime(2026, 1, 4, 17, 20)}}","['WR/TE', 'TE', 'RB/WR/TE', 'OP', 'BE', 'IR']",RB/WR/TE,,,,,2.0,1.0,,,,,,,,,,,,,1.0,,,,,,,,,,,,,,,,,,,,,,,,,,,,,,,,,,,,,,,,,,,,,,,,,,,,,,,,,,,,,,,,,,,,,,,,,,,,,,,,,,,,,,,,,,,,,,,,,,,,,,,,,,,,,,,,,,,,,,,,,,,,,,,,,,,,,,,,,,,,,,,,,,,,,,,,,,,,,,,,,,,,,,,,,,,,,,,,,,,,,,,,,,,,,,,,,,,,,,,,,,,,,,,,,,,,,,,,,,,,,,2025,,,,,11.0,,,,,,,,,,,,,,,,,,,,,,,,,,,,,,19.48151937,,
310.0,19.38,307.34,18.08,238.0,84.375,8.0,264.0,129.0,61.0,46.0,19.0,4.0,42.0,18.0,3.0,1.0,4.0,,5.67226891,67.0,30.5,4.0,91.0,42.0,18.0,12.0,3.0,8.0,85.0,552.0,7.28358209,1.0,1.0,,,,3.0,3.0,7.0,9.0,72.0,2.0,,16.0,219.6669942,59.44697334,9.022006048,0.508355492,202.0,101.0,50.0,40.0,20.0,43.0,21.0,0.451154484,0.315808139,2.644412862,0.090243665,4.600593504,33.01780387,3.703479611,0.198096223,0.068719531,0.044908214,112.0,56.0,28.0,22.0,11.0,74.41055078,,,0.525910314,0.016265267,88.68082815,7.543320938,0.706451714,0.008551282,1.451715362,0.491757718,1.94347308,0.667789067,0.275384322,0.943173389,0.943173389,17.0,De'Von Achane,MIA,DRAFT,5,4429160,4,Mission Viejo Goat,RB,"{'1': {'team': 'IND', 'date': datetime.datetime(2025, 9, 7, 10, 0)}, '2': {'team': 'NE', 'date': datetime.datetime(2025, 9, 14, 10, 0)}, '3': {'team': 'BUF', 'date': datetime.datetime(2025, 9, 18, 17, 15)}, '4': {'team': 'NYJ', 'date': datetime.datetime(2025, 9, 29, 16, 15)}, '5': {'team': 'CAR', 'date': datetime.datetime(2025, 10, 5, 10, 0)}, '6': {'team': 'LAC', 'date': datetime.datetime(2025, 10, 12, 10, 0)}, '7': {'team': 'CLE', 'date': datetime.datetime(2025, 10, 19, 10, 0)}, '8': {'team': 'ATL', 'date': datetime.datetime(2025, 10, 26, 10, 0)}, '9': {'team': 'BAL', 'date': datetime.datetime(2025, 10, 30, 17, 15)}, '10': {'team': 'BUF', 'date': datetime.datetime(2025, 11, 9, 10, 0)}, '11': {'team': 'WSH', 'date': datetime.datetime(2025, 11, 16, 6, 30)}, '13': {'team': 'NO', 'date': datetime.datetime(2025, 11, 30, 10, 0)}, '14': {'team': 'NYJ', 'date': datetime.datetime(2025, 12, 7, 10, 0)}, '15': {'team': 'PIT', 'date': datetime.datetime(2025, 12, 15, 17, 15)}, '16': {'team': 'CIN', 'date': datetime.datetime(2025, 12, 21, 10, 0)}, '17': {'team': 'TB', 'date': datetime.datetime(2025, 12, 28, 10, 0)}, '18': {'team': 'NE', 'date': datetime.datetime(2026, 1, 4, 13, 25)}}","['RB', 'RB/WR', 'RB/WR/TE', 'OP', 'BE', 'IR']",RB,,,,,,,,,,,,,,,,,,,1.0,1.0,,,,,,,,,,,,,,,,,,,,,,,1.0,,,,,,,,,,,,,,,,,,,,,,,,,,,,,,2.0,,1.0,1.0,,,,,,,,,,,,,,,,,,,,,,,,,,,,,,,,,,,,,,,,,,,,,,,,,,,,,,,,,,,,,,,,,,,,,,,,,,,,,,,,,,,,,,,,,,,,,,,,,,,,,,,,,,,,,,,,,,,,,,,,1.0,,,,,,,,,,,,,,,,,,,,,,,,,,,,,,,,,,,,,,,,,,,,,2025,,,,57.0,23.0,,,,,,,,,,,,,,,,,,,,,,,,,,,,,56.26656564,32.80384468,,
178.0,10.47,237.96,14.0,221.0,60.41176471,5.0,200.0,95.0,44.0,33.0,13.0,2.0,39.0,16.0,1.0,1.0,2.0,,4.64705882,31.0,16.58823529,,49.0,22.0,8.0,6.0,1.0,,36.0,339.0,9.09677419,,1.0,,,,1.0,2.0,14.0,3.0,30.0,3.0,,17.0,251.2286871,61.48547516,7.894529816,0.414705426,209.0,104.0,52.0,41.0,20.0,50.0,25.0,0.523805204,0.366663643,2.825501898,0.096423539,4.160564185,19.59202122,1.459916982,0.082750396,0.049118623,0.03209902,66.0,33.0,16.0,13.0,6.0,45.56675793,,,0.151651555,0.004690254,57.31815451,7.309371478,0.497455822,0.008243451,1.585872885,0.287638672,1.873511557,0.729501527,0.161077656,0.890579183,0.890579183,17.0,Kenneth Walker III,SEA,DRAFT,22,4567048,4,Mission Viejo Goat,RB,"{'1': {'team': 'SF', 'date': datetime.datetime(2025, 9, 7, 13, 5)}, '2': {'team': 'PIT', 'date': datetime.datetime(2025, 9, 14, 10, 0)}, '3': {'team': 'NO', 'date': datetime.datetime(2025, 9, 21, 13, 5)}, '4': {'team': 'ARI', 'date': datetime.datetime(2025, 9, 25, 17, 15)}, '5': {'team': 'TB', 'date': datetime.datetime(2025, 10, 5, 13, 5)}, '6': {'team': 'JAX', 'date': datetime.datetime(2025, 10, 12, 10, 0)}, '7': {'team': 'HOU', 'date': datetime.datetime(2025, 10, 20, 19, 0)}, '9': {'team': 'WSH', 'date': datetime.datetime(2025, 11, 2, 17, 20)}, '10': {'team': 'ARI', 'date': datetime.datetime(2025, 11, 9, 13, 5)}, '11': {'team': 'LAR', 'date': datetime.datetime(2025, 11, 16, 13, 5)}, '12': {'team': 'TEN', 'date': datetime.datetime(2025, 11, 23, 10, 0)}, '13': {'team': 'MIN', 'date': datetime.datetime(2025, 11, 30, 13, 5)}, '14': {'team': 'ATL', 'date': datetime.datetime(2025, 12, 7, 10, 0)}, '15': {'team': 'IND', 'date': datetime.datetime(2025, 12, 14, 13, 25)}, '16': {'team': 'LAR', 'date': datetime.datetime(2025, 12, 18, 17, 15)}, '17': {'team': 'CAR', 'date': datetime.datetime(2025, 12, 28, 10, 0)}, '18': {'team': 'SF', 'date': datetime.datetime(2026, 1, 3, 17, 0)}}","['RB', 'RB/WR', 'RB/WR/TE', 'OP', 'BE', 'IR']",RB,,,,,1.0,,,,,,,,,,,,,,,,,,,,,,,,,,,,,,,,,,,,,,,,,,,,,,,,,,,,,,,,,,,,,,,,,,,,,1.0,1.0,,,,,,,,,,,,,,,,,,,,,,,,,,,,,,,,,,,,,,,,,,,,,,,,,,,,,,,,,,,,,,,,,,,,,,,,,,,,,,,,,,,,,,,,,,,,,,,,,,,,,,,,,,,,,,,,,,,,,,,,,,,,,,,,,,,,,,,,,,,,,,,,,,,,,,,,,,,,,,,,,,,,,,2025,,,,46.0,12.0,,,,,,,,,,,,,,,,,,,,,,,,,,,,,58.51362491,19.01804812,,
102.0,7.29,165.89,13.82,11.0,6.21428571,,14.0,5.0,1.0,1.0,,,,,,,,,7.90909091,42.0,38.0,1.0,103.0,49.0,22.0,16.0,5.0,3.0,73.0,193.0,12.66666667,,,,,,1.0,1.0,5.0,9.0,6.0,,,14.0,13.97655266,6.785807426,1.072681566,0.061852238,16.0,8.0,4.0,3.0,1.0,2.0,1.0,0.025908742,0.018136119,0.023801418,0.000812251,5.826164083,57.29593369,5.21851138,0.273393112,0.17870219,0.116781881,137.0,68.0,34.0,27.0,13.0,52.13144206,,,1.670772353,0.051673372,79.62708084,13.18880079,0.33524535,0.002742302,0.131767601,0.491482787,0.623250388,0.060613096,0.275230361,0.335843457,0.335843457,12.0,Xavier Worthy,KC,DRAFT,59,4683062,4,Mission Viejo Goat,WR,"{'1': {'team': 'LAC', 'date': datetime.datetime(2025, 9, 5, 17, 0)}, '2': {'team': 'PHI', 'date': datetime.datetime(2025, 9, 14, 13, 25)}, '3': {'team': 'NYG', 'date': datetime.datetime(2025, 9, 21, 17, 20)}, '4': {'team': 'BAL', 'date': datetime.datetime(2025, 9, 28, 13, 25)}, '5': {'team': 'JAX', 'date': datetime.datetime(2025, 10, 6, 17, 15)}, '6': {'team': 'DET', 'date': datetime.datetime(2025, 10, 12, 17, 20)}, '7': {'team': 'LV', 'date': datetime.datetime(2025, 10, 19, 10, 0)}, '8': {'team': 'WSH', 'date': datetime.datetime(2025, 10, 27, 17, 15)}, '9': {'team': 'BUF', 'date': datetime.datetime(2025, 11, 2, 13, 25)}, '11': {'team': 'DEN', 'date': datetime.datetime(2025, 11, 16, 13, 25)}, '12': {'team': 'IND', 'date': datetime.datetime(2025, 11, 23, 10, 0)}, '13': {'team': 'DAL', 'date': datetime.datetime(2025, 11, 27, 13, 30)}, '14': {'team': 'HOU', 'date': datetime.datetime(2025, 12, 7, 17, 20)}, '15': {'team': 'LAC', 'date': datetime.datetime(2025, 12, 14, 10, 0)}, '16': {'team': 'TEN', 'date': datetime.datetime(2025, 12, 21, 10, 0)}, '17': {'team': 'DEN', 'date': datetime.datetime(2025, 12, 25, 17, 15)}, '18': {'team': 'LV', 'date': datetime.datetime(2026, 1, 4, 13, 25)}}","['RB/WR', 'WR', 'WR/TE', 'RB/WR/TE', 'OP', 'BE', 'IR']",WR,,,,,,,,,,,,,,,,,,,1.0,,,,,,,,,,,,,,,,,,,,,,,,,,,,,,,,,,,,,,,,,,,,,,,,,,,,,,,,,,,,,,,,,,,,,,,,,,,,,,,,,,,,,,,,,,,,,,,,,,,,,,,,,,,,,,,,,,,,,,,,,,,,,,,,,,,,,,,,,,,,,,,,,,,,,,,,,,,,,,,,,,,,,,,,,,,,,,,,,,,,,,,,,,,,,,,,,,,,,,,,,,,,,,,,,,,,,,,,,,,,,,2025,,,,4.0,22.0,,,,,,,,,,,,,,,,,,,,,,,,,,,,,5.860886729,32.16481086,,
256.0,15.06,310.6,18.27,55.0,22.47058824,1.0,69.0,31.0,11.0,8.0,,,5.0,,,,,,6.94545455,,,,,,,,,,,,,1.0,11.0,,3.0,14.0,,,8.0,9.0,162.0,1.0,,17.0,61.94530426,18.84357341,2.143639993,0.144150296,64.0,32.0,16.0,12.0,6.0,12.0,6.0,0.117430639,0.082201447,0.262881937,0.008971152,5.171348367,,,,,,,,,,,,,,,,,,1.766070836,0.044218506,0.946053835,,10.04966036,0.435184764,,4.804915897,18.75830319,17.0,Baker Mayfield,TB,DRAFT,12,3052587,4,Mission Viejo Goat,QB,"{'1': {'team': 'ATL', 'date': datetime.datetime(2025, 9, 7, 10, 0)}, '2': {'team': 'HOU', 'date': datetime.datetime(2025, 9, 15, 16, 0)}, '3': {'team': 'NYJ', 'date': datetime.datetime(2025, 9, 21, 10, 0)}, '4': {'team': 'PHI', 'date': datetime.datetime(2025, 9, 28, 10, 0)}, '5': {'team': 'SEA', 'date': datetime.datetime(2025, 10, 5, 13, 5)}, '6': {'team': 'SF', 'date': datetime.datetime(2025, 10, 12, 13, 25)}, '7': {'team': 'DET', 'date': datetime.datetime(2025, 10, 20, 16, 0)}, '8': {'team': 'NO', 'date': datetime.datetime(2025, 10, 26, 13, 5)}, '10': {'team': 'NE', 'date': datetime.datetime(2025, 11, 9, 10, 0)}, '11': {'team': 'BUF', 'date': datetime.datetime(2025, 11, 16, 10, 0)}, '12': {'team': 'LAR', 'date': datetime.datetime(2025, 11, 23, 17, 20)}, '13': {'team': 'ARI', 'date': datetime.datetime(2025, 11, 30, 10, 0)}, '14': {'team': 'NO', 'date': datetime.datetime(2025, 12, 7, 10, 0)}, '15': {'team': 'ATL', 'date': datetime.datetime(2025, 12, 11, 17, 15)}, '16': {'team': 'CAR', 'date': datetime.datetime(2025, 12, 21, 10, 0)}, '17': {'team': 'MIA', 'date': datetime.datetime(2025, 12, 28, 10, 0)}, '18': {'team': 'CAR', 'date': datetime.datetime(2026, 1, 3, 13, 30)}}","['QB', 'OP', 'BE', 'IR']",QB,,,,,,,,,,,,,,,,,,,,,543.0,343.0,200.0,217.23529412,26.0,731.0,361.0,176.0,139.0,65.0,28.0,60.0,23.0,35.0,13.0,3.0,2.0,2.0,2.0,11.0,0.63167587,36.0,7.0,8.0,6.0,7.0,1.0,553.1721194,377.692786,175.4793334,244.6017535,33.36385606,831.0,415.0,207.0,166.0,83.0,41.0,75.0,37.0,3.439157618,2.247489504,3.515173354,0.474807752,1.62192054,13.9533873,0.682776251,42.90989534,9.103606526,4.369731133,,,,,,,,,,,,,,,,,,,,,,,,,,,,,,,,,,,,,,,,,,,,,,,,,,,,,,,,,,,,,,,,,,,,,,,,,,,,,,,,,,,,,,,,,,,,,,,,,,,,,,,,,,,,,,,,,,,,,,,,,,,,,,,,,,,,,,,,,,,,,,,,,,,,,,,,,,,,,,,,,,,,,,,,,,,2025,,,172.0,27.0,,,,,,,,,,,,,,,,,,,,,,,,,,,,,,18.24985997,,206.0742641,
96.0,6.0,168.04,9.88,1.0,0.4375,,1.0,,,,,,,,,,,,7.0,50.0,28.8125,1.0,86.0,40.0,16.0,11.0,1.0,3.0,76.0,302.0,9.22,,,,,,,,14.0,2.0,6.0,,,16.0,2.183825536,0.349982525,0.076759472,0.004487122,1.0,,,,,,,0.0040097,0.00280679,4.82251e-05,1.64574e-06,2.724440585,41.80002777,2.935268577,0.155818878,0.080351511,0.052509712,142.0,71.0,35.0,28.0,14.0,79.85186134,,,1.00598668,0.03111299,108.2461884,8.898984446,0.160305999,0.004875466,0.02949705,1.078563431,1.108060481,0.013568643,0.603995521,0.617564164,0.617564164,17.0,Evan Engram,DEN,DRAFT,29,3051876,4,Mission Viejo Goat,BE,"{'1': {'team': 'TEN', 'date': datetime.datetime(2025, 9, 7, 13, 5)}, '2': {'team': 'IND', 'date': datetime.datetime(2025, 9, 14, 13, 5)}, '3': {'team': 'LAC', 'date': datetime.datetime(2025, 9, 21, 13, 5)}, '4': {'team': 'CIN', 'date': datetime.datetime(2025, 9, 29, 17, 15)}, '5': {'team': 'PHI', 'date': datetime.datetime(2025, 10, 5, 10, 0)}, '6': {'team': 'NYJ', 'date': datetime.datetime(2025, 10, 12, 6, 30)}, '7': {'team': 'NYG', 'date': datetime.datetime(2025, 10, 19, 13, 5)}, '8': {'team': 'DAL', 'date': datetime.datetime(2025, 10, 26, 13, 25)}, '9': {'team': 'HOU', 'date': datetime.datetime(2025, 11, 2, 10, 0)}, '10': {'team': 'LV', 'date': datetime.datetime(2025, 11, 6, 17, 15)}, '11': {'team': 'KC', 'date': datetime.datetime(2025, 11, 16, 13, 25)}, '13': {'team': 'WSH', 'date': datetime.datetime(2025, 11, 30, 17, 20)}, '14': {'team': 'LV', 'date': datetime.datetime(2025, 12, 7, 13, 5)}, '15': {'team': 'GB', 'date': datetime.datetime(2025, 12, 14, 13, 25)}, '16': {'team': 'JAX', 'date': datetime.datetime(2025, 12, 21, 13, 5)}, '17': {'team': 'KC', 'date': datetime.datetime(2025, 12, 25, 17, 15)}, '18': {'team': 'LAC', 'date': datetime.datetime(2026, 1, 4, 13, 25)}}","['WR/TE', 'TE', 'RB/WR/TE', 'OP', 'BE', 'IR']",BE,,,,,,,,,,,,,,,,,,,,,,,,,,,,,,,,,,,,,,,,,,,,,,,,,,,,,,,,,,,,,,,,,,,,,,,,,1.0,,,,,,,,,,,,,,,,,,,,,,,,,,,,,,,,,,,,,,,,,,,,,,,,,,,,,,,,,,,,,,,,,,,,,,,,,,,,,,,,,,,,,,,,,,,,,,,,,,,,,,,,,,,,,,,,,,,,,,,,,,,,,,,,,,,,,,,,,,,,,,,,,,,,,,,,,,,,,,,,,,,,,,,,2025,,,,,19.0,,,,,,,,,,,,,,,,,,,,,,,,,,,,,2.462782067,37.84701326,,
109.0,6.81,201.57,11.86,,,,,,,,,,,,,,,,,47.0,37.0625,2.0,112.0,52.0,22.0,15.0,3.0,3.0,70.0,293.0,12.61702128,,1.0,,1.0,2.0,1.0,1.0,13.0,3.0,14.0,,,16.0,2.203760413,0.756086748,0.077140595,0.004052252,2.0,1.0,,,,,,0.004046341,0.002832439,0.000332816,1.13577e-05,5.832519106,54.42055148,5.37540306,0.304601615,0.193503235,0.126454364,185.0,92.0,46.0,37.0,18.0,76.52939052,,,2.056337135,0.063598056,114.636309,12.08881149,0.308653867,0.005206728,0.033122185,1.150225154,1.18334734,0.015236205,0.644126086,0.659362292,0.659362292,17.0,Cooper Kupp,SEA,DRAFT,53,2977187,4,Mission Viejo Goat,BE,"{'1': {'team': 'SF', 'date': datetime.datetime(2025, 9, 7, 13, 5)}, '2': {'team': 'PIT', 'date': datetime.datetime(2025, 9, 14, 10, 0)}, '3': {'team': 'NO', 'date': datetime.datetime(2025, 9, 21, 13, 5)}, '4': {'team': 'ARI', 'date': datetime.datetime(2025, 9, 25, 17, 15)}, '5': {'team': 'TB', 'date': datetime.datetime(2025, 10, 5, 13, 5)}, '6': {'team': 'JAX', 'date': datetime.datetime(2025, 10, 12, 10, 0)}, '7': {'team': 'HOU', 'date': datetime.datetime(2025, 10, 20, 19, 0)}, '9': {'team': 'WSH', 'date': datetime.datetime(2025, 11, 2, 17, 20)}, '10': {'team': 'ARI', 'date': datetime.datetime(2025, 11, 9, 13, 5)}, '11': {'team': 'LAR', 'date': datetime.datetime(2025, 11, 16, 13, 5)}, '12': {'team': 'TEN', 'date': datetime.datetime(2025, 11, 23, 10, 0)}, '13': {'team': 'MIN', 'date': datetime.datetime(2025, 11, 30, 13, 5)}, '14': {'team': 'ATL', 'date': datetime.datetime(2025, 12, 7, 10, 0)}, '15': {'team': 'IND', 'date': datetime.datetime(2025, 12, 14, 13, 25)}, '16': {'team': 'LAR', 'date': datetime.datetime(2025, 12, 18, 17, 15)}, '17': {'team': 'CAR', 'date': datetime.datetime(2025, 12, 28, 10, 0)}, '18': {'team': 'SF', 'date': datetime.datetime(2026, 1, 3, 17, 0)}}","['RB/WR', 'WR', 'WR/TE', 'RB/WR/TE', 'OP', 'BE', 'IR']",BE,,,,,1.0,1.0,,,,,,,,,,,,,,,1.0,,1.0,,,,,,,,,,,,,,,,,1.0,,,,,,,,,,,,,,,,,,,,,,,,,,,,,,,1.0,,2.0,,,,,,,,,,,,,,,,,,,,,,,,,,,,,,,,,,,,,,,,,,,,,,,,,,,,,,,,,,,,,,,,,,,,,,,,,,,,,,,,,,,,,,,,,,,,,,,,,,,,,,,,,,,,,,,,,,,,,,,,,,,,,,,,,,,,,,,,,,,,,,,,,,,,,,,,,,,,,,,,,,,,,,,,2025,,,,,26.0,,,,,,,,,,,,,,,,,,,,,,,,,,,,,2.697385366,44.00393893,,
78.0,8.67,186.77,14.37,,,,,,,,,,,,,,,,,33.0,40.0,2.0,69.0,31.0,14.0,12.0,4.0,3.0,51.0,206.0,10.90909091,,,,,,,,3.0,6.0,14.0,,,9.0,1.717150862,0.80174007,0.09826281,0.006602433,2.0,1.0,,,,,,0.003152955,0.002207069,0.000292284,9.97453e-06,6.06971766,62.87656842,5.572080042,0.270728168,0.178382505,0.116572967,163.0,81.0,40.0,32.0,16.0,71.58407797,,,2.272724506,0.070290449,96.72050629,11.41867595,0.277330601,0.005601359,0.02982208,1.243214067,1.273036147,0.013718157,0.696199877,0.709918034,0.709918034,13.0,Chris Godwin Jr.,TB,DRAFT,76,3116165,4,Mission Viejo Goat,RB/WR/TE,"{'1': {'team': 'ATL', 'date': datetime.datetime(2025, 9, 7, 10, 0)}, '2': {'team': 'HOU', 'date': datetime.datetime(2025, 9, 15, 16, 0)}, '3': {'team': 'NYJ', 'date': datetime.datetime(2025, 9, 21, 10, 0)}, '4': {'team': 'PHI', 'date': datetime.datetime(2025, 9, 28, 10, 0)}, '5': {'team': 'SEA', 'date': datetime.datetime(2025, 10, 5, 13, 5)}, '6': {'team': 'SF', 'date': datetime.datetime(2025, 10, 12, 13, 25)}, '7': {'team': 'DET', 'date': datetime.datetime(2025, 10, 20, 16, 0)}, '8': {'team': 'NO', 'date': datetime.datetime(2025, 10, 26, 13, 5)}, '10': {'team': 'NE', 'date': datetime.datetime(2025, 11, 9, 10, 0)}, '11': {'team': 'BUF', 'date': datetime.datetime(2025, 11, 16, 10, 0)}, '12': {'team': 'LAR', 'date': datetime.datetime(2025, 11, 23, 17, 20)}, '13': {'team': 'ARI', 'date': datetime.datetime(2025, 11, 30, 10, 0)}, '14': {'team': 'NO', 'date': datetime.datetime(2025, 12, 7, 10, 0)}, '15': {'team': 'ATL', 'date': datetime.datetime(2025, 12, 11, 17, 15)}, '16': {'team': 'CAR', 'date': datetime.datetime(2025, 12, 21, 10, 0)}, '17': {'team': 'MIA', 'date': datetime.datetime(2025, 12, 28, 10, 0)}, '18': {'team': 'CAR', 'date': datetime.datetime(2026, 1, 3, 13, 30)}}","['RB/WR', 'WR', 'WR/TE', 'RB/WR/TE', 'OP', 'BE', 'IR']",RB/WR/TE,,,1.0,1.0,,,,,,,,,,,,,,,2.0,,,,,,,,,,,,,,,,,,,,,,,,,,,,,,,,,,,,,,,,,,,,,,,,,,,,1.0,,,,,,,,,,,,,,,,,,,,,,,,,,,,,,,,,,,,,,,,,,,,,,,,,,,,,,,,,,,,,,,,,,,,,,,,,,,,,,,,,,,,,,,,,,,,,,,,,,,,,,,,,,,,,,,,,,,,,,,,,,,,,,,,,,,,,,,,,,,,,,,,,,,,,,,,,,,,,,,,,,,,,,,,,,2025,,,,,21.0,,,,,,,,,,,,,,,,,,,,,,,,,,,,,2.113963377,40.25625114,,
180.0,10.59,149.55,8.8,1.0,0.05882353,,,,,,,,,,,,,,1.0,82.0,35.29411765,8.0,114.0,52.0,22.0,17.0,5.0,11.0,102.0,311.0,7.31707317,,3.0,,2.0,2.0,2.0,2.0,7.0,9.0,50.0,,,17.0,,,,,,,,,,,,,,,,,37.54568843,3.495073277,0.183286457,0.089766346,0.058662307,127.0,63.0,31.0,25.0,12.0,66.67480964,,,0.747554891,0.023120254,94.80685287,9.572981263,0.183286457,0.005867383,,1.333496193,1.333496193,,0.746757868,0.746757868,0.746757868,17.0,Jake Ferguson,DAL,DRAFT,4,4242355,4,Mission Viejo Goat,TE,"{'1': {'team': 'PHI', 'date': datetime.datetime(2025, 9, 4, 17, 20)}, '2': {'team': 'NYG', 'date': datetime.datetime(2025, 9, 14, 10, 0)}, '3': {'team': 'CHI', 'date': datetime.datetime(2025, 9, 21, 13, 25)}, '4': {'team': 'GB', 'date': datetime.datetime(2025, 9, 28, 17, 20)}, '5': {'team': 'NYJ', 'date': datetime.datetime(2025, 10, 5, 10, 0)}, '6': {'team': 'CAR', 'date': datetime.datetime(2025, 10, 12, 10, 0)}, '7': {'team': 'WSH', 'date': datetime.datetime(2025, 10, 19, 13, 25)}, '8': {'team': 'DEN', 'date': datetime.datetime(2025, 10, 26, 13, 25)}, '9': {'team': 'ARI', 'date': datetime.datetime(2025, 11, 3, 17, 15)}, '11': {'team': 'LV', 'date': datetime.datetime(2025, 11, 17, 17, 15)}, '12': {'team': 'PHI', 'date': datetime.datetime(2025, 11, 23, 13, 25)}, '13': {'team': 'KC', 'date': datetime.datetime(2025, 11, 27, 13, 30)}, '14': {'team': 'DET', 'date': datetime.datetime(2025, 12, 4, 17, 15)}, '15': {'team': 'MIN', 'date': datetime.datetime(2025, 12, 14, 17, 20)}, '16': {'team': 'LAC', 'date': datetime.datetime(2025, 12, 21, 10, 0)}, '17': {'team': 'WSH', 'date': datetime.datetime(2025, 12, 25, 10, 0)}, '18': {'team': 'NYG', 'date': datetime.datetime(2026, 1, 4, 10, 0)}}","['WR/TE', 'TE', 'RB/WR/TE', 'OP', 'BE', 'IR']",TE,,,,,3.0,2.0,,,,,,,,,,,,1.0,6.0,1.0,,,,,,,,,,,,,,,,,,,,,,,,,,,,,,,,,,,,,,,,,,,,,,,,,,,1.0,,2.0,,,,,,,,,,,,,,,,,,,,,,,,,,,,,,,,,,,,,,,,,,,,,,,,,,,,,,,,,,,,,,,,,,,,,,,,,,,,,,,,,,,,,,,,,,,,,,,,,,,,,,,,,,,,,,,,,,,,,,,,,,,,,,,,,,,,,,,,,,,,,,,,,,,,,,,,,,,,,,,,,,,,,,,,2025,,,,,30.0,,,,,,,,,,,,,,,,,,,,,,,,,,,,,,33.07803565,,
133.0,7.82,98.43,5.79,163.0,35.94117647,8.0,113.0,53.0,21.0,16.0,4.0,1.0,26.0,9.0,,,1.0,,3.74846626,18.0,8.41176471,1.0,24.0,10.0,3.0,1.0,,,25.0,153.0,7.94444444,2.0,2.0,2.0,1.0,1.0,1.0,1.0,6.0,11.0,54.0,8.0,,17.0,81.86253954,19.16609608,3.732677856,0.215512657,65.0,32.0,16.0,13.0,6.0,16.0,8.0,0.156860715,0.109802501,0.274132631,0.009355095,3.980131023,8.800839987,1.221387772,0.064074574,0.035306965,0.023073102,29.0,14.0,7.0,5.0,2.0,22.67881305,,,0.058270496,0.00180218,29.34976171,6.597094807,0.279587232,0.002503526,0.445550085,0.123433101,0.568983186,0.204953039,0.069122536,0.274075576,0.274075576,17.0,Kareem Hunt,KC,DRAFT,31,3059915,4,Mission Viejo Goat,BE,"{'1': {'team': 'LAC', 'date': datetime.datetime(2025, 9, 5, 17, 0)}, '2': {'team': 'PHI', 'date': datetime.datetime(2025, 9, 14, 13, 25)}, '3': {'team': 'NYG', 'date': datetime.datetime(2025, 9, 21, 17, 20)}, '4': {'team': 'BAL', 'date': datetime.datetime(2025, 9, 28, 13, 25)}, '5': {'team': 'JAX', 'date': datetime.datetime(2025, 10, 6, 17, 15)}, '6': {'team': 'DET', 'date': datetime.datetime(2025, 10, 12, 17, 20)}, '7': {'team': 'LV', 'date': datetime.datetime(2025, 10, 19, 10, 0)}, '8': {'team': 'WSH', 'date': datetime.datetime(2025, 10, 27, 17, 15)}, '9': {'team': 'BUF', 'date': datetime.datetime(2025, 11, 2, 13, 25)}, '11': {'team': 'DEN', 'date': datetime.datetime(2025, 11, 16, 13, 25)}, '12': {'team': 'IND', 'date': datetime.datetime(2025, 11, 23, 10, 0)}, '13': {'team': 'DAL', 'date': datetime.datetime(2025, 11, 27, 13, 30)}, '14': {'team': 'HOU', 'date': datetime.datetime(2025, 12, 7, 17, 20)}, '15': {'team': 'LAC', 'date': datetime.datetime(2025, 12, 14, 10, 0)}, '16': {'team': 'TEN', 'date': datetime.datetime(2025, 12, 21, 10, 0)}, '17': {'team': 'DEN', 'date': datetime.datetime(2025, 12, 25, 17, 15)}, '18': {'team': 'LV', 'date': datetime.datetime(2026, 1, 4, 13, 25)}}","['RB', 'RB/WR', 'RB/WR/TE', 'OP', 'BE', 'IR']",BE,,,,,,,,,,,,,,,,,,,1.0,,,,,,,,,,,,,,,,,,,,,,,,2.0,,,,,,,,,,,,,,,,,,,,,,,,,,,,,,,,,,,,,,,,,,,,,,,,,,,,,,,,,,,,,,,,,,,,,,,,,,,,,,,,,,,,,,,,,,,,,,,,,,,,,,,,,,,,,,,,,,,,,,,,,,,,,,,,,,,,,,,,,,,,,,,,,,,,,,,,,,2.0,,,,,,,,,,,,,,,,,,,,,,,,,,,,,,,,,,,,,,,,,,,,2025,,,,55.0,8.0,,,,,,,,,,,,,,,,,,,,,,,,,,,,,20.82965754,8.644758695,,
165.0,11.79,163.63,9.63,2.0,0.5,,1.0,,,,,,,,,,,,3.5,51.0,52.5,8.0,141.0,68.0,31.0,23.0,8.0,5.0,85.0,221.0,14.41176471,,1.0,,1.0,1.0,1.0,1.0,9.0,5.0,48.0,,1.0,14.0,,,,,,,,,,,,,,,,,46.64293389,5.171811982,0.304540605,0.242272412,0.158325022,158.0,79.0,39.0,31.0,15.0,53.87679449,,,1.380656241,0.042700708,92.86223696,14.71746572,0.304540605,0.00357588,,0.812700085,0.812700085,,0.455112048,0.455112048,0.455112048,17.0,Quentin Johnston,LAC,ADD,34,4429025,4,Mission Viejo Goat,BE,"{'1': {'team': 'KC', 'date': datetime.datetime(2025, 9, 5, 17, 0)}, '2': {'team': 'LV', 'date': datetime.datetime(2025, 9, 15, 19, 0)}, '3': {'team': 'DEN', 'date': datetime.datetime(2025, 9, 21, 13, 5)}, '4': {'team': 'NYG', 'date': datetime.datetime(2025, 9, 28, 10, 0)}, '5': {'team': 'WSH', 'date': datetime.datetime(2025, 10, 5, 13, 25)}, '6': {'team': 'MIA', 'date': datetime.datetime(2025, 10, 12, 10, 0)}, '7': {'team': 'IND', 'date': datetime.datetime(2025, 10, 19, 13, 5)}, '8': {'team': 'MIN', 'date': datetime.datetime(2025, 10, 23, 17, 15)}, '9': {'team': 'TEN', 'date': datetime.datetime(2025, 11, 2, 10, 0)}, '10': {'team': 'PIT', 'date': datetime.datetime(2025, 11, 9, 17, 20)}, '11': {'team': 'JAX', 'date': datetime.datetime(2025, 11, 16, 10, 0)}, '13': {'team': 'LV', 'date': datetime.datetime(2025, 11, 30, 13, 25)}, '14': {'team': 'PHI', 'date': datetime.datetime(2025, 12, 8, 17, 15)}, '15': {'team': 'KC', 'date': datetime.datetime(2025, 12, 14, 10, 0)}, '16': {'team': 'DAL', 'date': datetime.datetime(2025, 12, 21, 10, 0)}, '17': {'team': 'HOU', 'date': datetime.datetime(2025, 12, 27, 13, 30)}, '18': {'team': 'DEN', 'date': datetime.datetime(2026, 1, 4, 13, 25)}}","['RB/WR', 'WR', 'WR/TE', 'RB/WR/TE', 'OP', 'BE', 'IR']",BE,1.0,1.0,1.0,1.0,1.0,1.0,,,,,,,,,,,,,2.0,1.0,,,,,,,,,,,,,,,,,,,,,,,,,,,,,,,,,,,,,,,,,,,,,,,,,,,,,3.0,,,,,,,,,,,,,,,,,,,,,,,,,,,,,,,,,,,,,,,,,,,,,,,,,,,,,,,,,,,,,,,,,,,,,,,,,,,,,,,,,,,,,,,,,,,,,,,,,,,,,,,,,,,,,,,,,,,,,,,,,,,,,,,,,,,,,,,,,,,,,,,,,,,,,,,,,,,,,,,,,,,,,,,,2025,,,,,27.0,,,,,,,,,,,,,,,,,,,,,,,,,,,,,,35.11131854,,
168.0,9.88,79.04,4.65,5.0,0.70588235,,2.0,1.0,,,,,,,,,,,2.4,65.0,41.70588235,6.0,135.0,62.0,28.0,20.0,6.0,4.0,104.0,282.0,10.90769231,,1.0,,1.0,1.0,2.0,2.0,14.0,3.0,42.0,,,17.0,2.183825536,0.784209855,0.088440978,0.005169987,2.0,1.0,,,,,,0.0040097,0.00280679,0.000362227,1.23614e-05,6.104685244,21.3636191,2.683912177,0.142550678,0.226077741,0.147741803,72.0,36.0,18.0,14.0,7.0,25.67173256,,,0.180040295,0.005568257,43.29847534,14.14713728,0.147720665,0.002311017,0.041177171,0.484053929,0.5252311,0.018941499,0.2710702,0.290011699,0.290011699,17.0,Troy Franklin,DEN,ADD,31,4431280,4,Mission Viejo Goat,WR,"{'1': {'team': 'TEN', 'date': datetime.datetime(2025, 9, 7, 13, 5)}, '2': {'team': 'IND', 'date': datetime.datetime(2025, 9, 14, 13, 5)}, '3': {'team': 'LAC', 'date': datetime.datetime(2025, 9, 21, 13, 5)}, '4': {'team': 'CIN', 'date': datetime.datetime(2025, 9, 29, 17, 15)}, '5': {'team': 'PHI', 'date': datetime.datetime(2025, 10, 5, 10, 0)}, '6': {'team': 'NYJ', 'date': datetime.datetime(2025, 10, 12, 6, 30)}, '7': {'team': 'NYG', 'date': datetime.datetime(2025, 10, 19, 13, 5)}, '8': {'team': 'DAL', 'date': datetime.datetime(2025, 10, 26, 13, 25)}, '9': {'team': 'HOU', 'date': datetime.datetime(2025, 11, 2, 10, 0)}, '10': {'team': 'LV', 'date': datetime.datetime(2025, 11, 6, 17, 15)}, '11': {'team': 'KC', 'date': datetime.datetime(2025, 11, 16, 13, 25)}, '13': {'team': 'WSH', 'date': datetime.datetime(2025, 11, 30, 17, 20)}, '14': {'team': 'LV', 'date': datetime.datetime(2025, 12, 7, 13, 5)}, '15': {'team': 'GB', 'date': datetime.datetime(2025, 12, 14, 13, 25)}, '16': {'team': 'JAX', 'date': datetime.datetime(2025, 12, 21, 13, 5)}, '17': {'team': 'KC', 'date': datetime.datetime(2025, 12, 25, 17, 15)}, '18': {'team': 'LAC', 'date': datetime.datetime(2026, 1, 4, 13, 25)}}","['RB/WR', 'WR', 'WR/TE', 'RB/WR/TE', 'OP', 'BE', 'IR']",WR,,,,,1.0,1.0,,,,,,,,,,,,,4.0,2.0,,,,,,,,,,,,,,,,,,,,,,,,,,,,,,,,,,,,,,,,,,,,,,,,,,,3.0,,,,,,,,,,,,,,,,,,,,,,,,,,,,,,,,,,,,,,,,,,,,,,,,,,,,,,,,,,,,,,,,,,,,,,,,,,,,,,,,,,,,,,,,,,,,,,,,,,,,,,,,,,,,,,,,,,,,,,,,,,,,,,,,,,,,,,,,,,,,,,,,,,,,,,,,,,,,,,,,,,,,,,,,,,2025,,,,2.0,33.0,,,,,,,,,,,,,,,,,,,,,,,,,,,,,2.720741672,15.81433978,,
129.0,7.59,127.12,7.48,132.0,33.64705882,4.0,109.0,50.0,20.0,14.0,4.0,,22.0,8.0,,,,,4.33333333,40.0,12.82352941,,38.0,15.0,5.0,3.0,,1.0,45.0,329.0,5.45,,,,,,,,8.0,9.0,24.0,4.0,,17.0,111.7552813,28.1300925,2.678177297,0.180061838,95.0,47.0,23.0,19.0,9.0,22.0,11.0,0.217455648,0.152218954,0.591834114,0.020197028,4.279095959,13.61606809,1.588284064,0.077232375,0.058686911,0.038351896,46.0,23.0,11.0,9.0,4.0,32.26435303,,,0.087208181,0.00269716,38.04921486,7.174269305,0.257294213,0.007017138,1.237524256,0.357279934,1.59480419,0.569261158,0.200076763,0.769337921,0.769337921,17.0,Rachaad White,TB,ADD,34,4697815,4,Mission Viejo Goat,BE,"{'1': {'team': 'ATL', 'date': datetime.datetime(2025, 9, 7, 10, 0)}, '2': {'team': 'HOU', 'date': datetime.datetime(2025, 9, 15, 16, 0)}, '3': {'team': 'NYJ', 'date': datetime.datetime(2025, 9, 21, 10, 0)}, '4': {'team': 'PHI', 'date': datetime.datetime(2025, 9, 28, 10, 0)}, '5': {'team': 'SEA', 'date': datetime.datetime(2025, 10, 5, 13, 5)}, '6': {'team': 'SF', 'date': datetime.datetime(2025, 10, 12, 13, 25)}, '7': {'team': 'DET', 'date': datetime.datetime(2025, 10, 20, 16, 0)}, '8': {'team': 'NO', 'date': datetime.datetime(2025, 10, 26, 13, 5)}, '10': {'team': 'NE', 'date': datetime.datetime(2025, 11, 9, 10, 0)}, '11': {'team': 'BUF', 'date': datetime.datetime(2025, 11, 16, 10, 0)}, '12': {'team': 'LAR', 'date': datetime.datetime(2025, 11, 23, 17, 20)}, '13': {'team': 'ARI', 'date': datetime.datetime(2025, 11, 30, 10, 0)}, '14': {'team': 'NO', 'date': datetime.datetime(2025, 12, 7, 10, 0)}, '15': {'team': 'ATL', 'date': datetime.datetime(2025, 12, 11, 17, 15)}, '16': {'team': 'CAR', 'date': datetime.datetime(2025, 12, 21, 10, 0)}, '17': {'team': 'MIA', 'date': datetime.datetime(2025, 12, 28, 10, 0)}, '18': {'team': 'CAR', 'date': datetime.datetime(2026, 1, 3, 13, 30)}}","['RB', 'RB/WR', 'RB/WR/TE', 'OP', 'BE', 'IR']",BE,,,,,,,,,,0.039662011,,144.0357242,,14.0,5.0,,,,,,,,,,,,,,,,,,,,,,,,,,,,,,,,,,,,,,,,,,,,,,,,,,,,,,,,,,,,,,,,,,,,,,,,,,,,,,,,,,,,,,,,,,,,,,,,,,,,,,,,,,,,,,,,,,,,,,,,,,,,,,,,,,,,,,,,,,,,,,,,,,,,,,,,,,,,,,,,,,,,,,,,,,,,,,,,,,,,,,,,,,,,,,,,,,,,,,,,,,,,,,,,,,,,,,,,,,,,,,,,,,2025,,,,37.0,10.0,,,,,,,,,,,,,,,,,,,,,,,,,,,,,27.00503241,13.23699575,,
230.0,16.43,131.0,14.56,86.0,34.78571429,9.0,93.0,43.0,18.0,14.0,6.0,,12.0,2.0,,,,,5.6627907,,,,,,,,,,,,,3.0,5.0,1.0,2.0,7.0,,,4.0,10.0,144.0,5.0,,14.0,39.51970977,20.36890454,1.68107987,0.109780275,36.0,18.0,9.0,7.0,3.0,7.0,3.0,0.075418993,0.052793295,0.162841102,0.005557142,4.638701597,,,,,,,,,,,,,,,,,,0.912447036,0.021052148,0.530170518,,4.784579106,0.243878438,,2.28599456,9.990030943,9.0,Jaxson Dart,NYG,ADD,13,4689114,4,Mission Viejo Goat,BE,"{'1': {'team': 'WSH', 'date': datetime.datetime(2025, 9, 7, 10, 0)}, '2': {'team': 'DAL', 'date': datetime.datetime(2025, 9, 14, 10, 0)}, '3': {'team': 'KC', 'date': datetime.datetime(2025, 9, 21, 17, 20)}, '4': {'team': 'LAC', 'date': datetime.datetime(2025, 9, 28, 10, 0)}, '5': {'team': 'NO', 'date': datetime.datetime(2025, 10, 5, 10, 0)}, '6': {'team': 'PHI', 'date': datetime.datetime(2025, 10, 9, 17, 15)}, '7': {'team': 'DEN', 'date': datetime.datetime(2025, 10, 19, 13, 5)}, '8': {'team': 'PHI', 'date': datetime.datetime(2025, 10, 26, 10, 0)}, '9': {'team': 'SF', 'date': datetime.datetime(2025, 11, 2, 10, 0)}, '10': {'team': 'CHI', 'date': datetime.datetime(2025, 11, 9, 10, 0)}, '11': {'team': 'GB', 'date': datetime.datetime(2025, 11, 16, 10, 0)}, '12': {'team': 'DET', 'date': datetime.datetime(2025, 11, 23, 10, 0)}, '13': {'team': 'NE', 'date': datetime.datetime(2025, 12, 1, 17, 15)}, '15': {'team': 'WSH', 'date': datetime.datetime(2025, 12, 14, 10, 0)}, '16': {'team': 'MIN', 'date': datetime.datetime(2025, 12, 21, 10, 0)}, '17': {'team': 'LV', 'date': datetime.datetime(2025, 12, 28, 13, 5)}, '18': {'team': 'DAL', 'date': datetime.datetime(2026, 1, 4, 10, 0)}}","['Rookie', 'QB', 'OP', 'BE', 'IR']",BE,,,,,,,,,,,,,,,,,,,,,339.0,216.0,123.0,162.28571429,15.0,450.0,223.0,108.0,85.0,38.0,17.0,38.0,16.0,20.0,6.0,2.0,,,1.0,5.0,0.63716814,35.0,3.0,2.0,7.0,2.0,2.0,293.0885003,184.160088,108.9284123,221.7650295,10.48566102,399.0,199.0,99.0,79.0,39.0,19.0,36.0,18.0,1.519732079,0.993144914,1.304017195,0.176138531,0.802666761,7.704036383,0.628342933,24.04153058,4.254408588,2.042116122,,,,,2.0,2.0,,,,,,,,,,,,,,,,,,,,,,,,,,,,,,,,,,,,,,,,,,,,,,,,,,,,,,,,,,,,,,,,,,,,,,,,,,,,,,,,,,,,,,,,,,,,,,,,,,,,,,,,,,,,,,,,,,,,,,,,,1.0,,,,,,,,,,,,,,,,,,,,,,,,,,,,,,,,,,,,,,,,,,,,2025,,,102.0,38.0,,,,,,,,,,,,,,,,,,,,,,,,,,,,,,10.94099551,,97.12967805,
106.0,7.07,35.94,8.99,,,,,,,,,,,,,,,,,,,,,,,,,,,,,,,,,,,2.0,11.0,4.0,100.0,,,15.0,,,,,,,,,,,,,,,,,,,,,,,,,,,,,,,,,,,,,,,,,,,4.0,Matt Prater,BUF,ADD,25,11122,4,Mission Viejo Goat,K,"{'1': {'team': 'BAL', 'date': datetime.datetime(2025, 9, 7, 17, 20)}, '2': {'team': 'NYJ', 'date': datetime.datetime(2025, 9, 14, 10, 0)}, '3': {'team': 'MIA', 'date': datetime.datetime(2025, 9, 18, 17, 15)}, '4': {'team': 'NO', 'date': datetime.datetime(2025, 9, 28, 10, 0)}, '5': {'team': 'NE', 'date': datetime.datetime(2025, 10, 5, 17, 20)}, '6': {'team': 'ATL', 'date': datetime.datetime(2025, 10, 13, 16, 15)}, '8': {'team': 'CAR', 'date': datetime.datetime(2025, 10, 26, 10, 0)}, '9': {'team': 'KC', 'date': datetime.datetime(2025, 11, 2, 13, 25)}, '10': {'team': 'MIA', 'date': datetime.datetime(2025, 11, 9, 10, 0)}, '11': {'team': 'TB', 'date': datetime.datetime(2025, 11, 16, 10, 0)}, '12': {'team': 'HOU', 'date': datetime.datetime(2025, 11, 20, 17, 15)}, '13': {'team': 'PIT', 'date': datetime.datetime(2025, 11, 30, 13, 25)}, '14': {'team': 'CIN', 'date': datetime.datetime(2025, 12, 7, 10, 0)}, '15': {'team': 'NE', 'date': datetime.datetime(2025, 12, 14, 10, 0)}, '16': {'team': 'CLE', 'date': datetime.datetime(2025, 12, 21, 10, 0)}, '17': {'team': 'PHI', 'date': datetime.datetime(2025, 12, 28, 13, 25)}, '18': {'team': 'NYJ', 'date': datetime.datetime(2026, 1, 4, 13, 25)}}","['K', 'BE', 'IR']",K,,,,,,,,,,,,,,,,,,,,,,,,,,,,,,,,,,,,,,,,,,,,,,,,,,,,,,,,,,,,,,,,,,,,,,,,,,2.0,,,,1.0,2.0,6.0,6.0,,11.0,12.0,1.0,18.0,20.0,2.0,46.0,49.0,3.0,1.0,2.0,1.184759324,1.645805636,0.461046312,1.74685592,2.128064962,0.381209042,3.841708422,3.881039337,0.039330914,6.773323666,7.654909934,0.881586268,12.38960811,12.64245726,0.252849145,1.184759324,1.645805636,0.461046312,,,,,,,,,,,,,,,,,,,,,,,,,,,,,,,,,,,,,,,,,,,,,,,,,,,,,,,,,,,,,,,,,,,,,,,,,,,,,,,,,,,,,,,1.0,1.0,,,,,,,,,,,,,,,,,,,,,,,,,,,,,,,,,,,,,,,,,,2025,,,,,,671.0,91.0,762.0,130.0,62.0,29.0,23.0,8.0,2.0,17.0,8.0,3.0,3.0,1.0,148.0,71.0,33.0,27.0,10.0,2.0,,,257.8367726,43.23083514,301.0676077,,,,,,,
46.0,2.71,31.98,1.88,,,,,,,,,,,,,,,,,18.0,15.41176471,1.0,47.0,22.0,9.0,5.0,1.0,,36.0,50.0,14.55555556,,,,,,,,11.0,6.0,6.0,,,17.0,,,,,,,,,,,,,,,,,8.723892862,0.989961016,0.067281361,0.127088285,0.083052194,29.0,14.0,7.0,5.0,2.0,12.07663651,,,0.057882437,0.001790178,20.33941572,12.28042084,0.067281361,0.000701351,,0.159397903,0.159397903,,0.089262826,0.089262826,0.089262826,17.0,Jahan Dotson,PHI,ADD,109,4361409,4,Mission Viejo Goat,BE,"{'1': {'team': 'DAL', 'date': datetime.datetime(2025, 9, 4, 17, 20)}, '2': {'team': 'KC', 'date': datetime.datetime(2025, 9, 14, 13, 25)}, '3': {'team': 'LAR', 'date': datetime.datetime(2025, 9, 21, 10, 0)}, '4': {'team': 'TB', 'date': datetime.datetime(2025, 9, 28, 10, 0)}, '5': {'team': 'DEN', 'date': datetime.datetime(2025, 10, 5, 10, 0)}, '6': {'team': 'NYG', 'date': datetime.datetime(2025, 10, 9, 17, 15)}, '7': {'team': 'MIN', 'date': datetime.datetime(2025, 10, 19, 10, 0)}, '8': {'team': 'NYG', 'date': datetime.datetime(2025, 10, 26, 10, 0)}, '10': {'team': 'GB', 'date': datetime.datetime(2025, 11, 10, 17, 15)}, '11': {'team': 'DET', 'date': datetime.datetime(2025, 11, 16, 17, 20)}, '12': {'team': 'DAL', 'date': datetime.datetime(2025, 11, 23, 13, 25)}, '13': {'team': 'CHI', 'date': datetime.datetime(2025, 11, 28, 12, 0)}, '14': {'team': 'LAC', 'date': datetime.datetime(2025, 12, 8, 17, 15)}, '15': {'team': 'LV', 'date': datetime.datetime(2025, 12, 14, 10, 0)}, '16': {'team': 'WSH', 'date': datetime.datetime(2025, 12, 20, 14, 0)}, '17': {'team': 'BUF', 'date': datetime.datetime(2025, 12, 28, 13, 25)}, '18': {'team': 'WSH', 'date': datetime.datetime(2026, 1, 4, 13, 25)}}","['RB/WR', 'WR', 'WR/TE', 'RB/WR/TE', 'OP', 'BE', 'IR']",BE,1.0,,,,,,,,,,,,,,,,,,,,,,,,,,,,,,,,,,,,,,,,,,,,,,,,,,,,,,,,,,,,,,,,,,,,,,,,,,,,,,,,,,,,,,,,,,,,,,,,,,,,,,,,,,,,,,,,,,,,,,,,,,,,,,,,,,48.0,3.0,,,,,,,,,,,,,,,,,,,,,,,,,,,,,,,,,,,,,,,,,,,,,,,,,,,,,,,,,,,,,,,,,,,,,,,,,,,,,,,,,,,,,,,,,,,,,,,,,,,,,,,,,,,,,2025,,,,,10.0,,,,,,,,,,,,,,,,,,,,,,,,,,,,,,6.097466748,,
47.0,2.76,82.5,4.85,,,,,,,,,,,,,,,,,,,,,,,,,,,,,,,,,,645.0,1101.0,3.0,14.0,,,,17.0,,,,,,,,,,,,,,,,,,,,,,,,,,,,,,,,,,,,,,,,,,,17.0,Titans D/ST,TEN,ADD,28,-16010,4,Mission Viejo Goat,D/ST,"{'1': {'team': 'DEN', 'date': datetime.datetime(2025, 9, 7, 13, 5)}, '2': {'team': 'LAR', 'date': datetime.datetime(2025, 9, 14, 10, 0)}, '3': {'team': 'IND', 'date': datetime.datetime(2025, 9, 21, 10, 0)}, '4': {'team': 'HOU', 'date': datetime.datetime(2025, 9, 28, 10, 0)}, '5': {'team': 'ARI', 'date': datetime.datetime(2025, 10, 5, 13, 5)}, '6': {'team': 'LV', 'date': datetime.datetime(2025, 10, 12, 13, 5)}, '7': {'team': 'NE', 'date': datetime.datetime(2025, 10, 19, 10, 0)}, '8': {'team': 'IND', 'date': datetime.datetime(2025, 10, 26, 13, 25)}, '9': {'team': 'LAC', 'date': datetime.datetime(2025, 11, 2, 10, 0)}, '11': {'team': 'HOU', 'date': datetime.datetime(2025, 11, 16, 10, 0)}, '12': {'team': 'SEA', 'date': datetime.datetime(2025, 11, 23, 10, 0)}, '13': {'team': 'JAX', 'date': datetime.datetime(2025, 11, 30, 10, 0)}, '14': {'team': 'CLE', 'date': datetime.datetime(2025, 12, 7, 10, 0)}, '15': {'team': 'SF', 'date': datetime.datetime(2025, 12, 14, 13, 25)}, '16': {'team': 'KC', 'date': datetime.datetime(2025, 12, 21, 10, 0)}, '17': {'team': 'NO', 'date': datetime.datetime(2025, 12, 28, 10, 0)}, '18': {'team': 'JAX', 'date': datetime.datetime(2026, 1, 4, 10, 0)}}","['D/ST', 'BE', 'IR']",D/ST,,,,,,,1669.0,161.0,58.0,0.335516002,0.167695635,1296.770105,263.9144424,129.0,51.0,26.0,10.0,,,,,,,,,,,,,,,,,,,,,,,,,,,,,,,,,,,,,,,,,,,,,,,,,,,,,,,,,456.0,,,7.0,,,,,,,,,,,,,,,,,,,,,,,,,,,,,,,,,,,6.0,0.0,0.0,1.0,1.0,1.0,6.0,2.0,1.0,42.0,84.0,,2.0,1.0,3.0,360.0,215.0,78.0,63.0,399.0,35.0,11.0,454.0,3.0,4.0,4.0,4.0,5867.0,0.0,1.0,2.0,4.0,5.0,5.0,0.0,0.0,0.0,0.0,0.0,1.0,1.0,3.0,4.0,4.0,4.0,0.123188406,0.552223888,2.208895552,2.378810595,0.112353299,1.730977518,11.92399058,8.118622529,1.844951169,0.237500081,39.41890198,78.83780395,1.182989326,0.547988192,2.346542455,12.49018851,1026.80525,342.0,205.0,59.81112332,386.8249959,2.463768116,4.035482259,3.270864568,1.741629185,0.225137431,22.75441152,6028.57822,0.322806316,3.058165101,3.414951029,4.128522886,3.262042774,1.868878673,0.730561663,0.214071557,354.6222483,,,,,,,,,,,,,,,,,,,,,,,,,,,,,,,,,,,,,,,,,,,,,,,,2025,,,,,,,,,,,,,,,,,,,,,,,,,,,,,,,,,,,,,42.73138296
358.0,21.06,339.0,19.94,287.0,86.94117647,7.0,290.0,142.0,67.0,50.0,19.0,5.0,49.0,21.0,2.0,2.0,5.0,,5.14982578,79.0,48.23529412,4.0,157.0,75.0,33.0,27.0,10.0,9.0,103.0,857.0,10.37974684,4.0,4.0,2.0,3.0,3.0,,,8.0,9.0,68.0,4.0,,17.0,307.1028214,84.88506908,11.82538324,0.534008827,288.0,144.0,72.0,57.0,28.0,61.0,30.0,0.65750495,0.460253465,5.390701769,0.183963969,4.698902367,28.86215982,2.287981729,0.142663009,0.061939131,0.040477222,98.0,49.0,24.0,19.0,9.0,62.49839902,,,0.367395258,0.01136274,79.47459942,7.850708571,0.676671836,0.01199278,2.264736176,0.46089575,2.725631926,1.041778641,0.25810162,1.299880261,1.299880261,17.0,Bijan Robinson,ATL,DRAFT,2,4430807,6,Husky Express,RB,"{'1': {'team': 'TB', 'date': datetime.datetime(2025, 9, 7, 10, 0)}, '2': {'team': 'MIN', 'date': datetime.datetime(2025, 9, 14, 17, 20)}, '3': {'team': 'CAR', 'date': datetime.datetime(2025, 9, 21, 10, 0)}, '4': {'team': 'WSH', 'date': datetime.datetime(2025, 9, 28, 10, 0)}, '6': {'team': 'BUF', 'date': datetime.datetime(2025, 10, 13, 16, 15)}, '7': {'team': 'SF', 'date': datetime.datetime(2025, 10, 19, 17, 20)}, '8': {'team': 'MIA', 'date': datetime.datetime(2025, 10, 26, 10, 0)}, '9': {'team': 'NE', 'date': datetime.datetime(2025, 11, 2, 10, 0)}, '10': {'team': 'IND', 'date': datetime.datetime(2025, 11, 9, 6, 30)}, '11': {'team': 'CAR', 'date': datetime.datetime(2025, 11, 16, 10, 0)}, '12': {'team': 'NO', 'date': datetime.datetime(2025, 11, 23, 13, 25)}, '13': {'team': 'NYJ', 'date': datetime.datetime(2025, 11, 30, 10, 0)}, '14': {'team': 'SEA', 'date': datetime.datetime(2025, 12, 7, 10, 0)}, '15': {'team': 'TB', 'date': datetime.datetime(2025, 12, 11, 17, 15)}, '16': {'team': 'ARI', 'date': datetime.datetime(2025, 12, 21, 13, 5)}, '17': {'team': 'LAR', 'date': datetime.datetime(2025, 12, 29, 17, 15)}, '18': {'team': 'NO', 'date': datetime.datetime(2026, 1, 4, 10, 0)}}","['RB', 'RB/WR', 'RB/WR/TE', 'OP', 'BE', 'IR']",RB,1.0,1.0,2.0,2.0,1.0,1.0,,,,,,,,,,,,,1.0,,,,,,,,,,,,,,,,,,,,,,,,4.0,,,,,,,,,,,,,,,,,,,,,,,,,,,,,,2.0,,1.0,,,,,,,,,,,,,,,,,,,,,,,,,,,,,,,,,,,,,,,,,,,,,,,,,,,,,,,,,,,,,,,,,,,,,,,,,,,,,,,,,,,,,,,,,,,,,,,,,,,,,,,,,,,,,,,,,,,,,,,,,,2.0,,,,,1.0,,,,,,,,,,,,,,,,,,,,,,,,,,,,,,,,,,,,,,,2025,,,,63.0,34.0,,,,,,,,,,,,,,,,,,,,,,,,,,,,,78.27022639,27.56171514,,
109.0,10.9,247.35,14.55,,,,,,,,,,,,,,,,,38.0,58.2,3.0,111.0,53.0,24.0,18.0,7.0,3.0,60.0,93.0,15.31578947,,,,,,1.0,1.0,4.0,6.0,18.0,,,10.0,2.215413177,0.75287874,0.109591236,0.004211803,2.0,1.0,,,,,,0.004067766,0.002847436,0.000330338,1.12732e-05,5.777224179,67.6650249,7.553091186,0.41700649,0.285475309,0.186558114,230.0,115.0,57.0,46.0,23.0,85.82455593,,,3.545844629,0.109665298,129.1949947,13.40298719,0.421218293,0.005245964,0.030001813,1.162262764,1.192264576,0.013800834,0.650867148,0.664667981,0.664667981,17.0,Terry McLaurin,WSH,DRAFT,53,3121422,6,Husky Express,BE,"{'1': {'team': 'NYG', 'date': datetime.datetime(2025, 9, 7, 10, 0)}, '2': {'team': 'GB', 'date': datetime.datetime(2025, 9, 11, 17, 15)}, '3': {'team': 'LV', 'date': datetime.datetime(2025, 9, 21, 10, 0)}, '4': {'team': 'ATL', 'date': datetime.datetime(2025, 9, 28, 10, 0)}, '5': {'team': 'LAC', 'date': datetime.datetime(2025, 10, 5, 13, 25)}, '6': {'team': 'CHI', 'date': datetime.datetime(2025, 10, 13, 17, 15)}, '7': {'team': 'DAL', 'date': datetime.datetime(2025, 10, 19, 13, 25)}, '8': {'team': 'KC', 'date': datetime.datetime(2025, 10, 27, 17, 15)}, '9': {'team': 'SEA', 'date': datetime.datetime(2025, 11, 2, 17, 20)}, '10': {'team': 'DET', 'date': datetime.datetime(2025, 11, 9, 13, 25)}, '11': {'team': 'MIA', 'date': datetime.datetime(2025, 11, 16, 6, 30)}, '13': {'team': 'DEN', 'date': datetime.datetime(2025, 11, 30, 17, 20)}, '14': {'team': 'MIN', 'date': datetime.datetime(2025, 12, 7, 10, 0)}, '15': {'team': 'NYG', 'date': datetime.datetime(2025, 12, 14, 10, 0)}, '16': {'team': 'PHI', 'date': datetime.datetime(2025, 12, 20, 14, 0)}, '17': {'team': 'DAL', 'date': datetime.datetime(2025, 12, 25, 10, 0)}, '18': {'team': 'PHI', 'date': datetime.datetime(2026, 1, 4, 13, 25)}}","['RB/WR', 'WR', 'WR/TE', 'RB/WR/TE', 'OP', 'BE', 'IR']",BE,1.0,1.0,,,,,,,,,,,,,,,,,1.0,,,,,,,,,,,,,,,,,,,,,,,,,,,,,,,,,,,,,,,,,,,,,,,,,,,,,,1.0,,,,,,,,,,,,,,,,,,,,,,,,,,,,,,,,,,,,,,,,,,,,,,,,,,,,,,,,,,,,,,,,,,,,,,,,,,,,,,,,,,,,,,,,,,,,,,,,,,,,,,,,,,,,,,,,,,,,,,,,,,,,,,,,,,,,,,,,,,,,,,,,,,,,,,,,,,,,,,,,,,,,,,,,2025,,,,,33.0,,,,,,,,,,,,,,,,,,,,,,,,,,,,,2.72044389,53.22202501,,
251.0,14.76,282.97,16.65,259.0,73.64705882,10.0,244.0,119.0,54.0,41.0,17.0,1.0,44.0,20.0,,,1.0,,4.83397683,36.0,16.52941176,3.0,51.0,22.0,6.0,4.0,1.0,1.0,50.0,155.0,7.80555556,2.0,2.0,2.0,2.0,2.0,,,12.0,5.0,78.0,10.0,,17.0,321.9487858,83.28125581,12.37899013,0.675717118,283.0,141.0,70.0,56.0,28.0,64.0,32.0,0.694157743,0.48591042,5.202697915,0.177548119,4.397535916,13.82661516,1.888521411,0.102173358,0.03583002,0.023414918,47.0,23.0,11.0,9.0,4.0,35.51963318,,,0.088835512,0.00274749,45.57784609,6.61753618,0.777890476,0.017892197,3.662352192,0.404056211,4.066408403,1.684682008,0.226271478,1.910953486,1.910953486,17.0,Kyren Williams,LAR,DRAFT,9,4430737,6,Husky Express,RB,"{'1': {'team': 'HOU', 'date': datetime.datetime(2025, 9, 7, 13, 25)}, '2': {'team': 'TEN', 'date': datetime.datetime(2025, 9, 14, 10, 0)}, '3': {'team': 'PHI', 'date': datetime.datetime(2025, 9, 21, 10, 0)}, '4': {'team': 'IND', 'date': datetime.datetime(2025, 9, 28, 13, 5)}, '5': {'team': 'SF', 'date': datetime.datetime(2025, 10, 2, 17, 15)}, '6': {'team': 'BAL', 'date': datetime.datetime(2025, 10, 12, 10, 0)}, '7': {'team': 'JAX', 'date': datetime.datetime(2025, 10, 19, 6, 30)}, '9': {'team': 'NO', 'date': datetime.datetime(2025, 11, 2, 13, 5)}, '10': {'team': 'SF', 'date': datetime.datetime(2025, 11, 9, 13, 25)}, '11': {'team': 'SEA', 'date': datetime.datetime(2025, 11, 16, 13, 5)}, '12': {'team': 'TB', 'date': datetime.datetime(2025, 11, 23, 17, 20)}, '13': {'team': 'CAR', 'date': datetime.datetime(2025, 11, 30, 10, 0)}, '14': {'team': 'ARI', 'date': datetime.datetime(2025, 12, 7, 13, 25)}, '15': {'team': 'DET', 'date': datetime.datetime(2025, 12, 14, 13, 25)}, '16': {'team': 'SEA', 'date': datetime.datetime(2025, 12, 18, 17, 15)}, '17': {'team': 'ATL', 'date': datetime.datetime(2025, 12, 29, 17, 15)}, '18': {'team': 'ARI', 'date': datetime.datetime(2026, 1, 4, 13, 25)}}","['RB', 'RB/WR', 'RB/WR/TE', 'OP', 'BE', 'IR']",RB,,,,,,,,,,,,,,,,,,,1.0,,,,,,,,,,,,,,,,,,,,,,,,2.0,,,,,,,,,,,,,,,,,,,,,,,,,,,,,,2.0,,,,,,,,,,,,,,,,,,,,,,,,,,,,,,,,,,,,,,,,,,,,,,,,,,,,,,,,,,8.0,,,,,,,,,,,,,,,,,,,,,,,,,,,,,,,,,,,,,,,,,,,,,,,,,,,,,,,,,,,,,,,,,,2.0,,,,,,,,,,,,,,,,,,,,,,,,,,,,,,,,,,,,,,,,,,,,2025,,,,74.0,12.0,,,,,,,,,,,,,,,,,,,,,,,,,,,,,78.66427547,14.20045623,,
104.0,6.93,184.32,10.84,1.0,,,,,,,,,,,,,,,,51.0,29.2,3.0,80.0,35.0,13.0,10.0,2.0,4.0,66.0,219.0,8.58823529,,,,,,1.0,1.0,7.0,8.0,18.0,,,15.0,,,,,,,,,,,,,,,,,47.18672882,4.102066594,0.156253887,0.097008347,0.063394955,160.0,80.0,40.0,32.0,16.0,80.36151456,,,1.405540307,0.043470319,117.0316443,9.982071572,0.156253887,0.003896928,,0.885665521,0.885665521,,0.495972692,0.495972692,0.495972692,17.0,T.J. Hockenson,MIN,DRAFT,26,4036133,6,Husky Express,BE,"{'1': {'team': 'CHI', 'date': datetime.datetime(2025, 9, 8, 17, 15)}, '2': {'team': 'ATL', 'date': datetime.datetime(2025, 9, 14, 17, 20)}, '3': {'team': 'CIN', 'date': datetime.datetime(2025, 9, 21, 10, 0)}, '4': {'team': 'PIT', 'date': datetime.datetime(2025, 9, 28, 6, 30)}, '5': {'team': 'CLE', 'date': datetime.datetime(2025, 10, 5, 6, 30)}, '7': {'team': 'PHI', 'date': datetime.datetime(2025, 10, 19, 10, 0)}, '8': {'team': 'LAC', 'date': datetime.datetime(2025, 10, 23, 17, 15)}, '9': {'team': 'DET', 'date': datetime.datetime(2025, 11, 2, 10, 0)}, '10': {'team': 'BAL', 'date': datetime.datetime(2025, 11, 9, 10, 0)}, '11': {'team': 'CHI', 'date': datetime.datetime(2025, 11, 16, 10, 0)}, '12': {'team': 'GB', 'date': datetime.datetime(2025, 11, 23, 10, 0)}, '13': {'team': 'SEA', 'date': datetime.datetime(2025, 11, 30, 13, 5)}, '14': {'team': 'WSH', 'date': datetime.datetime(2025, 12, 7, 10, 0)}, '15': {'team': 'DAL', 'date': datetime.datetime(2025, 12, 14, 17, 20)}, '16': {'team': 'NYG', 'date': datetime.datetime(2025, 12, 21, 10, 0)}, '17': {'team': 'DET', 'date': datetime.datetime(2025, 12, 25, 13, 30)}, '18': {'team': 'GB', 'date': datetime.datetime(2026, 1, 4, 10, 0)}}","['WR/TE', 'TE', 'RB/WR/TE', 'OP', 'BE', 'IR']",BE,,,,,,,,,,,,,,,,,,,3.0,,,,,,,,,,,,,,,,,,,,,,,,,,,,,,,,,,,,,,,,,,,,,,,,,,,,,,,,,,,,,,,,,,,,,,,,,,,,,,,,,,,,,,,,,,,,,,,,,,,,,,,,,,,,,,,,,,,,,,,,,,,,,,,,,,,,,,,,,,,,,,,,,,,,,,,,,,,,,,,,,,,,,,,,,,,,,,,,,,,,,,,,,,,,,,,,,,,,,,,,,,,,,,,,,,,,,,,,,,,,,,2025,,,,,22.0,,,,,,,,,,,,,,,,,,,,,,,,,,,,,,40.96555145,,
291.0,17.12,300.11,17.65,83.0,20.94117647,5.0,66.0,29.0,11.0,5.0,,,9.0,,,,,,4.28915663,,,,,,,,,,1.0,,,2.0,4.0,1.0,2.0,13.0,,,14.0,3.0,180.0,4.0,,17.0,84.87542426,24.58448897,3.412078426,0.199494959,83.0,41.0,20.0,16.0,8.0,16.0,8.0,0.162842326,0.113989628,0.448477363,0.015304812,4.924114562,,,,,,,,,,,,,,,,,,1.63665612,0.026356151,0.750409221,,5.990034407,0.345188241,,2.860208331,15.02917552,17.0,Bo Nix,DEN,DRAFT,7,4426338,6,Husky Express,QB,"{'1': {'team': 'TEN', 'date': datetime.datetime(2025, 9, 7, 13, 5)}, '2': {'team': 'IND', 'date': datetime.datetime(2025, 9, 14, 13, 5)}, '3': {'team': 'LAC', 'date': datetime.datetime(2025, 9, 21, 13, 5)}, '4': {'team': 'CIN', 'date': datetime.datetime(2025, 9, 29, 17, 15)}, '5': {'team': 'PHI', 'date': datetime.datetime(2025, 10, 5, 10, 0)}, '6': {'team': 'NYJ', 'date': datetime.datetime(2025, 10, 12, 6, 30)}, '7': {'team': 'NYG', 'date': datetime.datetime(2025, 10, 19, 13, 5)}, '8': {'team': 'DAL', 'date': datetime.datetime(2025, 10, 26, 13, 25)}, '9': {'team': 'HOU', 'date': datetime.datetime(2025, 11, 2, 10, 0)}, '10': {'team': 'LV', 'date': datetime.datetime(2025, 11, 6, 17, 15)}, '11': {'team': 'KC', 'date': datetime.datetime(2025, 11, 16, 13, 25)}, '13': {'team': 'WSH', 'date': datetime.datetime(2025, 11, 30, 17, 20)}, '14': {'team': 'LV', 'date': datetime.datetime(2025, 12, 7, 13, 5)}, '15': {'team': 'GB', 'date': datetime.datetime(2025, 12, 14, 13, 25)}, '16': {'team': 'JAX', 'date': datetime.datetime(2025, 12, 21, 13, 5)}, '17': {'team': 'KC', 'date': datetime.datetime(2025, 12, 25, 17, 15)}, '18': {'team': 'LAC', 'date': datetime.datetime(2026, 1, 4, 13, 25)}}","['QB', 'OP', 'BE', 'IR']",QB,,,,,,,,,,,,,,,,,,,,,612.0,388.0,224.0,231.23529412,25.0,780.0,387.0,189.0,150.0,71.0,31.0,68.0,29.0,38.0,15.0,1.0,1.0,4.0,4.0,11.0,0.63398693,22.0,3.0,9.0,6.0,8.0,1.0,556.0714021,365.141597,190.9298051,232.3296217,27.06710741,789.0,394.0,197.0,157.0,78.0,39.0,73.0,36.0,3.127941396,2.044109702,2.90997162,0.393060866,1.437161161,12.16896718,0.656645164,36.55912336,5.239625187,2.51502009,,,,,1.0,,,,,,,,,,,,,,,,,,,,,,,,,,,,,,,,,,,,,,,,,,,,,,,,,,,,,,,,,,,,,,,,,,,,,,,,,,,,,,,,,,,,,,,,,,,,,,,,,,,,,,,,,,,,,,,,,,,,,,,,,,1.0,,,,,,,,,,,,,,,,,,,,,,,,,,,,,,,,,,,,,,,,,,,,2025,,,196.0,25.0,,,,,,,,,,,,,,,,,,,,,,,,,,,,,,23.88390653,,195.2509758,
282.0,16.59,220.89,12.99,,,,,,,,,,,,,,,,,93.0,84.05882353,9.0,277.0,133.0,62.0,50.0,19.0,11.0,137.0,479.0,15.3655914,,4.0,,,,2.0,2.0,7.0,9.0,56.0,,3.0,17.0,2.034385204,0.696684796,0.107122028,0.006463485,2.0,1.0,,,,,,0.003735009,0.002614506,0.000276227,9.42656e-06,5.821730076,60.75576619,7.479207978,0.392293415,0.262809319,0.17174589,206.0,103.0,51.0,41.0,20.0,72.19303974,,,2.728568585,0.084388719,118.5085661,14.30675352,0.3987569,0.006532013,0.040687704,1.443860795,1.484548499,0.018716344,0.808562045,0.827278389,0.827278389,17.0,George Pickens,DAL,DRAFT,5,4426354,6,Husky Express,WR,"{'1': {'team': 'PHI', 'date': datetime.datetime(2025, 9, 4, 17, 20)}, '2': {'team': 'NYG', 'date': datetime.datetime(2025, 9, 14, 10, 0)}, '3': {'team': 'CHI', 'date': datetime.datetime(2025, 9, 21, 13, 25)}, '4': {'team': 'GB', 'date': datetime.datetime(2025, 9, 28, 17, 20)}, '5': {'team': 'NYJ', 'date': datetime.datetime(2025, 10, 5, 10, 0)}, '6': {'team': 'CAR', 'date': datetime.datetime(2025, 10, 12, 10, 0)}, '7': {'team': 'WSH', 'date': datetime.datetime(2025, 10, 19, 13, 25)}, '8': {'team': 'DEN', 'date': datetime.datetime(2025, 10, 26, 13, 25)}, '9': {'team': 'ARI', 'date': datetime.datetime(2025, 11, 3, 17, 15)}, '11': {'team': 'LV', 'date': datetime.datetime(2025, 11, 17, 17, 15)}, '12': {'team': 'PHI', 'date': datetime.datetime(2025, 11, 23, 13, 25)}, '13': {'team': 'KC', 'date': datetime.datetime(2025, 11, 27, 13, 30)}, '14': {'team': 'DET', 'date': datetime.datetime(2025, 12, 4, 17, 15)}, '15': {'team': 'MIN', 'date': datetime.datetime(2025, 12, 14, 17, 20)}, '16': {'team': 'LAC', 'date': datetime.datetime(2025, 12, 21, 10, 0)}, '17': {'team': 'WSH', 'date': datetime.datetime(2025, 12, 25, 10, 0)}, '18': {'team': 'NYG', 'date': datetime.datetime(2026, 1, 4, 10, 0)}}","['RB/WR', 'WR', 'WR/TE', 'RB/WR/TE', 'OP', 'BE', 'IR']",WR,1.0,,5.0,5.0,4.0,,,,,,,,,,,,,,3.0,1.0,,,,,,,,,,,,,,,,,,,,,,,,,,,,,,,,,,,,,,,,,,,,,,,,,,,1.0,,1.0,,,,,,,,,,,,,,,,,,,,,,,,,,,,,,,,,,,,,,,,,,,,,,,,,,,,,,,,,,,,,,,,,,,,,,,,,,,,,,,,,,,,,,,,,,,,,,,,,,,,,,,,,,,,,,,,,,,,,,,,,,,,,,,,,,,,,,,,,,,,,,,,,,,,,,,,,,,,,,,,,,,,,,,,2025,,,,,73.0,,,,,,,,,,,,,,,,,,,,,,,,,,,,,2.675349154,46.84572661,,
230.0,14.38,216.18,12.72,252.0,75.0625,11.0,233.0,112.0,51.0,41.0,15.0,2.0,45.0,18.0,,,2.0,,4.76587302,35.0,8.5625,2.0,23.0,9.0,2.0,1.0,,3.0,51.0,206.0,3.91428571,1.0,2.0,1.0,2.0,2.0,1.0,1.0,7.0,8.0,78.0,10.0,,16.0,242.5762732,56.30552032,7.86311337,0.474428296,191.0,95.0,47.0,38.0,19.0,48.0,24.0,0.503812053,0.352668437,2.378539605,0.081170431,3.945950001,16.0792918,1.248684008,0.065500139,0.035431618,0.023154562,54.0,27.0,13.0,10.0,5.0,40.72749261,,,0.108664545,0.003360759,53.32885474,6.711632439,0.539928434,0.010969992,2.134762786,0.358417311,2.493180097,0.981990882,0.200713694,1.182704576,1.182704576,17.0,Javonte Williams,DAL,DRAFT,12,4361579,6,Husky Express,RB/WR/TE,"{'1': {'team': 'PHI', 'date': datetime.datetime(2025, 9, 4, 17, 20)}, '2': {'team': 'NYG', 'date': datetime.datetime(2025, 9, 14, 10, 0)}, '3': {'team': 'CHI', 'date': datetime.datetime(2025, 9, 21, 13, 25)}, '4': {'team': 'GB', 'date': datetime.datetime(2025, 9, 28, 17, 20)}, '5': {'team': 'NYJ', 'date': datetime.datetime(2025, 10, 5, 10, 0)}, '6': {'team': 'CAR', 'date': datetime.datetime(2025, 10, 12, 10, 0)}, '7': {'team': 'WSH', 'date': datetime.datetime(2025, 10, 19, 13, 25)}, '8': {'team': 'DEN', 'date': datetime.datetime(2025, 10, 26, 13, 25)}, '9': {'team': 'ARI', 'date': datetime.datetime(2025, 11, 3, 17, 15)}, '11': {'team': 'LV', 'date': datetime.datetime(2025, 11, 17, 17, 15)}, '12': {'team': 'PHI', 'date': datetime.datetime(2025, 11, 23, 13, 25)}, '13': {'team': 'KC', 'date': datetime.datetime(2025, 11, 27, 13, 30)}, '14': {'team': 'DET', 'date': datetime.datetime(2025, 12, 4, 17, 15)}, '15': {'team': 'MIN', 'date': datetime.datetime(2025, 12, 14, 17, 20)}, '16': {'team': 'LAC', 'date': datetime.datetime(2025, 12, 21, 10, 0)}, '17': {'team': 'WSH', 'date': datetime.datetime(2025, 12, 25, 10, 0)}, '18': {'team': 'NYG', 'date': datetime.datetime(2026, 1, 4, 10, 0)}}","['RB', 'RB/WR', 'RB/WR/TE', 'OP', 'BE', 'IR']",RB/WR/TE,,,,,1.0,1.0,,,,,,,,,,,,,2.0,,,,,,,,,,,,,,,,,,,,,,,,1.0,,,,,,,,,,,,,,,,,,,,,,,,,,,,,,,,,,,,,,,,,,,,,,,,,,,,,,,,,,,,,,,,,,,,,,,,,,,,,,,,,,,,,,,,,,,,,,,,,,,,,,,,,,,,,,,,,,,,,,,,,,,,,,,,,,,,,,,,,,,,,,,,,,,,,,,,,1.0,1.0,,,,,,,,,,,,,,,,,,,,,,,,,,,,,,,,,,,,,,,,,,,,2025,,,,67.0,7.0,,,,,,,,,,,,,,,,,,,,,,,,,,,,,54.99119399,16.18189941,,
171.0,10.06,117.24,6.9,,,,,,,,,,,,,,,,,77.0,52.29411765,3.0,171.0,80.0,34.0,28.0,8.0,8.0,102.0,362.0,11.54545455,,2.0,,2.0,2.0,,,6.0,11.0,18.0,,1.0,17.0,,,,,,,,,,,,,,,,,30.65078841,2.348841065,0.136774854,0.11040604,0.072150347,104.0,52.0,26.0,20.0,10.0,51.90810784,,,0.432757954,0.013384267,73.71241594,10.03818911,0.136774854,0.00416258,,0.946040988,0.946040988,,0.529782953,0.529782953,0.529782953,17.0,Juwan Johnson,NO,ADD,8,3929645,6,Husky Express,TE,"{'1': {'team': 'ARI', 'date': datetime.datetime(2025, 9, 7, 10, 0)}, '2': {'team': 'SF', 'date': datetime.datetime(2025, 9, 14, 10, 0)}, '3': {'team': 'SEA', 'date': datetime.datetime(2025, 9, 21, 13, 5)}, '4': {'team': 'BUF', 'date': datetime.datetime(2025, 9, 28, 10, 0)}, '5': {'team': 'NYG', 'date': datetime.datetime(2025, 10, 5, 10, 0)}, '6': {'team': 'NE', 'date': datetime.datetime(2025, 10, 12, 10, 0)}, '7': {'team': 'CHI', 'date': datetime.datetime(2025, 10, 19, 10, 0)}, '8': {'team': 'TB', 'date': datetime.datetime(2025, 10, 26, 13, 5)}, '9': {'team': 'LAR', 'date': datetime.datetime(2025, 11, 2, 13, 5)}, '10': {'team': 'CAR', 'date': datetime.datetime(2025, 11, 9, 10, 0)}, '12': {'team': 'ATL', 'date': datetime.datetime(2025, 11, 23, 13, 25)}, '13': {'team': 'MIA', 'date': datetime.datetime(2025, 11, 30, 10, 0)}, '14': {'team': 'TB', 'date': datetime.datetime(2025, 12, 7, 10, 0)}, '15': {'team': 'CAR', 'date': datetime.datetime(2025, 12, 14, 13, 25)}, '16': {'team': 'NYJ', 'date': datetime.datetime(2025, 12, 21, 10, 0)}, '17': {'team': 'TEN', 'date': datetime.datetime(2025, 12, 28, 10, 0)}, '18': {'team': 'ATL', 'date': datetime.datetime(2026, 1, 4, 10, 0)}}","['WR/TE', 'TE', 'RB/WR/TE', 'OP', 'BE', 'IR']",TE,,,,,2.0,2.0,,,,,,,,,,,,,,,,,,,,,,,,,,,,,,,,,,,,,,,,,,,,,,,,,,,,,,,,,,,,,,,,,,,2.0,,,,,,,,,,,,,,,,,,,,,,,,,,,,,,,,,,,,,,,,,,,,,,,,,,,,,,,,,,,,,,,,,,,,,,,,,,,,,,,,,,,,,,,,,,,,,,,,,,,,,,,,,,,,,,,,,,,,,,,,,,,,,,,,,,,,,,,,,,,,,,,,,,,,,,,,,,,,,,,,,,,,,,,,2025,,,,,41.0,,,,,,,,,,,,,,,,,,,,,,,,,,,,,,26.01122204,,
126.0,12.6,48.82,4.88,1.0,0.3,,,,,,,,,,,,,,3.0,35.0,61.1,6.0,118.0,55.0,26.0,19.0,6.0,2.0,55.0,118.0,17.45714286,,,,,,1.0,1.0,5.0,5.0,36.0,,1.0,10.0,2.591582866,1.607247928,0.140746159,0.007149742,3.0,1.0,,,,,,0.00476414,0.003334898,0.001021164,3.48484e-05,6.201800257,22.58067472,1.874782388,0.107140824,0.181579426,0.118662155,45.0,22.0,11.0,9.0,4.0,13.7696134,,,0.119158647,0.003685319,24.84690513,16.39891699,0.114290565,0.001137975,0.040966605,0.217664009,0.258630614,0.018844638,0.121891845,0.140736483,0.140736483,10.0,Christian Watson,GB,ADD,46,4248528,6,Husky Express,WR,"{'1': {'team': 'DET', 'date': datetime.datetime(2025, 9, 7, 13, 25)}, '2': {'team': 'WSH', 'date': datetime.datetime(2025, 9, 11, 17, 15)}, '3': {'team': 'CLE', 'date': datetime.datetime(2025, 9, 21, 10, 0)}, '4': {'team': 'DAL', 'date': datetime.datetime(2025, 9, 28, 17, 20)}, '6': {'team': 'CIN', 'date': datetime.datetime(2025, 10, 12, 13, 25)}, '7': {'team': 'ARI', 'date': datetime.datetime(2025, 10, 19, 13, 25)}, '8': {'team': 'PIT', 'date': datetime.datetime(2025, 10, 26, 17, 20)}, '9': {'team': 'CAR', 'date': datetime.datetime(2025, 11, 2, 10, 0)}, '10': {'team': 'PHI', 'date': datetime.datetime(2025, 11, 10, 17, 15)}, '11': {'team': 'NYG', 'date': datetime.datetime(2025, 11, 16, 10, 0)}, '12': {'team': 'MIN', 'date': datetime.datetime(2025, 11, 23, 10, 0)}, '13': {'team': 'DET', 'date': datetime.datetime(2025, 11, 27, 10, 0)}, '14': {'team': 'CHI', 'date': datetime.datetime(2025, 12, 7, 13, 25)}, '15': {'team': 'DEN', 'date': datetime.datetime(2025, 12, 14, 13, 25)}, '16': {'team': 'CHI', 'date': datetime.datetime(2025, 12, 20, 17, 20)}, '17': {'team': 'BAL', 'date': datetime.datetime(2025, 12, 27, 17, 0)}, '18': {'team': 'MIN', 'date': datetime.datetime(2026, 1, 4, 10, 0)}}","['RB/WR', 'WR', 'WR/TE', 'RB/WR/TE', 'OP', 'BE', 'IR']",WR,2.0,1.0,1.0,1.0,,,,,,,,,,,,,,,1.0,1.0,,,,,,,,,,,,,,,,,,,,,,,,,,,,,,,,,,,,,,,,,,,,,,,,,,,,,1.0,,,,,,,,,,,,,,,,,,,,,,,,,,,,,,,,,,,,,,,,,,,,,,,,,,,,,,,,,,,,,,,,,,,,,,,,,,,,,,,,,,,,,,,,,,,,,,,,,,,,,,,,,,,,,,,,,,,,,,,,,,,,,,,,,,,,,,,,,,,,,,,,,,,,,,,,,,,,,,,,,,,,,,,,2025,,,,,28.0,,,,,,,,,,,,,,,,,,,,,,,,,,,,,2.02388335,9.455741063,,
204.0,12.75,267.08,15.71,54.0,13.5,2.0,39.0,16.0,7.0,3.0,,,4.0,,,,,,4.0,,,,,,,,,,,,,4.0,7.0,2.0,4.0,15.0,,,8.0,8.0,150.0,1.0,,16.0,51.20457041,17.27989626,3.644660324,0.191201689,58.0,29.0,14.0,11.0,5.0,10.0,5.0,0.096520591,0.067564413,0.220623761,0.007529043,5.736953442,,,,,,,,,,,,,,,,,,1.463592481,0.040056947,0.683715358,,9.103851482,0.314509065,,4.356174404,16.9271365,17.0,Bryce Young,CAR,ADD,19,4685720,6,Husky Express,BE,"{'1': {'team': 'JAX', 'date': datetime.datetime(2025, 9, 7, 10, 0)}, '2': {'team': 'ARI', 'date': datetime.datetime(2025, 9, 14, 13, 5)}, '3': {'team': 'ATL', 'date': datetime.datetime(2025, 9, 21, 10, 0)}, '4': {'team': 'NE', 'date': datetime.datetime(2025, 9, 28, 10, 0)}, '5': {'team': 'MIA', 'date': datetime.datetime(2025, 10, 5, 10, 0)}, '6': {'team': 'DAL', 'date': datetime.datetime(2025, 10, 12, 10, 0)}, '7': {'team': 'NYJ', 'date': datetime.datetime(2025, 10, 19, 10, 0)}, '8': {'team': 'BUF', 'date': datetime.datetime(2025, 10, 26, 10, 0)}, '9': {'team': 'GB', 'date': datetime.datetime(2025, 11, 2, 10, 0)}, '10': {'team': 'NO', 'date': datetime.datetime(2025, 11, 9, 10, 0)}, '11': {'team': 'ATL', 'date': datetime.datetime(2025, 11, 16, 10, 0)}, '12': {'team': 'SF', 'date': datetime.datetime(2025, 11, 24, 17, 15)}, '13': {'team': 'LAR', 'date': datetime.datetime(2025, 11, 30, 10, 0)}, '15': {'team': 'NO', 'date': datetime.datetime(2025, 12, 14, 13, 25)}, '16': {'team': 'TB', 'date': datetime.datetime(2025, 12, 21, 10, 0)}, '17': {'team': 'SEA', 'date': datetime.datetime(2025, 12, 28, 10, 0)}, '18': {'team': 'TB', 'date': datetime.datetime(2026, 1, 3, 13, 30)}}","['QB', 'OP', 'BE', 'IR']",BE,,,,,,,,,,,,,,,,,,,,,478.0,304.0,174.0,188.1875,23.0,594.0,293.0,143.0,112.0,53.0,22.0,55.0,22.0,29.0,11.0,1.0,,1.0,1.0,11.0,0.63598326,27.0,3.0,12.0,2.0,3.0,5.0,588.4742099,368.3391881,220.1350218,231.5289857,22.4748204,787.0,393.0,196.0,157.0,78.0,39.0,73.0,36.0,3.107366567,2.030664051,2.868723262,0.387489294,1.272390792,12.5709621,0.625922397,42.12366695,8.420136124,4.04166534,,,,,1.0,,,,,,,,,,,,,,,,,,,,,,,,,,,,,,,,,,,,,,,,,,,,,,,,,,,,,,,,,,,,,,,,,,,,,,,,,,,,,,,,,,,,,,,,,,,,,,,,,,,,,,,,,,,,,,,,,,,,,,,,,,1.0,,,,,,,1.0,,,,,,,,,,,,,,,,,,,,,,,,,,,,,,,,,,,,,2025,,,152.0,16.0,,,,,,,,,,,,,,,,,,,,,,,,,,,,,,17.81877251,,193.8251985,
122.0,7.18,160.67,9.45,,,,,,,,,,,,,,,,,41.0,30.88235294,6.0,97.0,45.0,19.0,14.0,3.0,2.0,68.0,123.0,12.80487805,,,,,,1.0,1.0,12.0,5.0,36.0,,,17.0,,,,,,,,,,,,,,,,,46.35726935,4.329016591,0.227058356,0.269191324,0.17591653,157.0,78.0,39.0,31.0,15.0,56.90641963,,,1.368483883,0.042324244,89.79746324,13.84858833,0.227058356,0.002660351,,0.604625166,0.604625166,,0.338590093,0.338590093,0.338590093,17.0,Jayden Higgins,HOU,ADD,47,4877706,6,Husky Express,BE,"{'1': {'team': 'LAR', 'date': datetime.datetime(2025, 9, 7, 13, 25)}, '2': {'team': 'TB', 'date': datetime.datetime(2025, 9, 15, 16, 0)}, '3': {'team': 'JAX', 'date': datetime.datetime(2025, 9, 21, 10, 0)}, '4': {'team': 'TEN', 'date': datetime.datetime(2025, 9, 28, 10, 0)}, '5': {'team': 'BAL', 'date': datetime.datetime(2025, 10, 5, 10, 0)}, '7': {'team': 'SEA', 'date': datetime.datetime(2025, 10, 20, 19, 0)}, '8': {'team': 'SF', 'date': datetime.datetime(2025, 10, 26, 10, 0)}, '9': {'team': 'DEN', 'date': datetime.datetime(2025, 11, 2, 10, 0)}, '10': {'team': 'JAX', 'date': datetime.datetime(2025, 11, 9, 10, 0)}, '11': {'team': 'TEN', 'date': datetime.datetime(2025, 11, 16, 10, 0)}, '12': {'team': 'BUF', 'date': datetime.datetime(2025, 11, 20, 17, 15)}, '13': {'team': 'IND', 'date': datetime.datetime(2025, 11, 30, 10, 0)}, '14': {'team': 'KC', 'date': datetime.datetime(2025, 12, 7, 17, 20)}, '15': {'team': 'ARI', 'date': datetime.datetime(2025, 12, 14, 10, 0)}, '16': {'team': 'LV', 'date': datetime.datetime(2025, 12, 21, 13, 25)}, '17': {'team': 'LAC', 'date': datetime.datetime(2025, 12, 27, 13, 30)}, '18': {'team': 'IND', 'date': datetime.datetime(2026, 1, 4, 10, 0)}}","['Rookie', 'RB/WR', 'WR', 'WR/TE', 'RB/WR/TE', 'OP', 'BE', 'IR']",BE,1.0,1.0,,,,,,,,,,,,,,,,,1.0,1.0,,,,,,,,,,,,,,,,,,,,,,,,,,,,,,,,,,,,,,,,,,,,,,,,,,,,,3.0,,,,,,,,,,,,,,,,,,,,,,,,,,,,,,,,,,,,,,,,,,,,,,,,,,,,,,,,,,,,,,,,,,,,,,,,,,,,,,,,,,,,,,,,,,,,,,,,,,,,,,,,,,,,,,,,,,,,,,,,,,,,,,,,,,,,,,,,,,,,,,,,,,,,,,,,,,,,,,,,,,,,,,,,2025,,,,,28.0,,,,,,,,,,,,,,,,,,,,,,,,,,,,,,35.32332021,,
167.0,9.82,143.93,8.47,,,,,,,,,,,,,,,,,,,,,,,,,,,,,,,,,,2.0,4.0,11.0,6.0,148.0,,,17.0,,,,,,,,,,,,,,,,,,,,,,,,,,,,,,,,,,,,,,,,,,,17.0,Cameron Dicker,LAC,ADD,4,4362081,6,Husky Express,K,"{'1': {'team': 'KC', 'date': datetime.datetime(2025, 9, 5, 17, 0)}, '2': {'team': 'LV', 'date': datetime.datetime(2025, 9, 15, 19, 0)}, '3': {'team': 'DEN', 'date': datetime.datetime(2025, 9, 21, 13, 5)}, '4': {'team': 'NYG', 'date': datetime.datetime(2025, 9, 28, 10, 0)}, '5': {'team': 'WSH', 'date': datetime.datetime(2025, 10, 5, 13, 25)}, '6': {'team': 'MIA', 'date': datetime.datetime(2025, 10, 12, 10, 0)}, '7': {'team': 'IND', 'date': datetime.datetime(2025, 10, 19, 13, 5)}, '8': {'team': 'MIN', 'date': datetime.datetime(2025, 10, 23, 17, 15)}, '9': {'team': 'TEN', 'date': datetime.datetime(2025, 11, 2, 10, 0)}, '10': {'team': 'PIT', 'date': datetime.datetime(2025, 11, 9, 17, 20)}, '11': {'team': 'JAX', 'date': datetime.datetime(2025, 11, 16, 10, 0)}, '13': {'team': 'LV', 'date': datetime.datetime(2025, 11, 30, 13, 25)}, '14': {'team': 'PHI', 'date': datetime.datetime(2025, 12, 8, 17, 15)}, '15': {'team': 'KC', 'date': datetime.datetime(2025, 12, 14, 10, 0)}, '16': {'team': 'DAL', 'date': datetime.datetime(2025, 12, 21, 10, 0)}, '17': {'team': 'HOU', 'date': datetime.datetime(2025, 12, 27, 13, 30)}, '18': {'team': 'DEN', 'date': datetime.datetime(2026, 1, 4, 13, 25)}}","['K', 'BE', 'IR']",K,,,,,,,,,,,,,,,,,,,,,,,,,,,,,,,,,,,,,,,,,,,,,,,,,,,,,,,,,,,,,,,,,,,,,,,,,,2.0,,,,5.0,6.0,12.0,13.0,1.0,21.0,22.0,1.0,38.0,41.0,3.0,34.0,35.0,1.0,5.0,6.0,5.259149338,7.089068047,1.829918709,7.726001714,9.166329847,1.440328132,16.54984151,16.71701163,0.167170116,29.53499256,32.97240952,3.437416958,40.51694427,41.34382068,0.826876414,5.259149338,7.089068047,1.829918709,,,,,,,,,,,,,,,,,,,,,,,,,,,,,,,,,,,,,,,,,,,,,,,,,,,,,,,,,,,,,,,,,,,,,,,,,,,,,,,,,,,,,,,1.0,1.0,,,,,,,,,,,,,,,,,,,,,,,,,,,,,,,,,,,,,,,,,,2025,,,,,,1465.0,136.0,1601.0,286.0,139.0,65.0,51.0,21.0,6.0,26.0,12.0,5.0,4.0,1.0,313.0,152.0,71.0,56.0,24.0,6.0,,,1128.159387,168.6454797,1296.804866,,,,,,,
112.0,9.33,139.36,8.2,,,,,,,,,,,,,,,,,46.0,45.0,3.0,103.0,48.0,21.0,16.0,5.0,5.0,60.0,247.0,11.73913043,,,,,,,1.0,11.0,1.0,18.0,,,12.0,,,,,,,,,,,,,,,,,34.17669499,3.476907019,0.191078834,0.089665623,0.058596485,116.0,58.0,29.0,23.0,11.0,60.92667432,,,0.577203619,0.017851658,86.30860262,9.536115688,0.191078834,0.003278969,,0.745220213,0.745220213,,0.417323319,0.417323319,0.417323319,17.0,Brenton Strange,JAX,ADD,24,4430539,6,Husky Express,BE,"{'1': {'team': 'CAR', 'date': datetime.datetime(2025, 9, 7, 10, 0)}, '2': {'team': 'CIN', 'date': datetime.datetime(2025, 9, 14, 10, 0)}, '3': {'team': 'HOU', 'date': datetime.datetime(2025, 9, 21, 10, 0)}, '4': {'team': 'SF', 'date': datetime.datetime(2025, 9, 28, 13, 5)}, '5': {'team': 'KC', 'date': datetime.datetime(2025, 10, 6, 17, 15)}, '6': {'team': 'SEA', 'date': datetime.datetime(2025, 10, 12, 10, 0)}, '7': {'team': 'LAR', 'date': datetime.datetime(2025, 10, 19, 6, 30)}, '9': {'team': 'LV', 'date': datetime.datetime(2025, 11, 2, 13, 5)}, '10': {'team': 'HOU', 'date': datetime.datetime(2025, 11, 9, 10, 0)}, '11': {'team': 'LAC', 'date': datetime.datetime(2025, 11, 16, 10, 0)}, '12': {'team': 'ARI', 'date': datetime.datetime(2025, 11, 23, 13, 5)}, '13': {'team': 'TEN', 'date': datetime.datetime(2025, 11, 30, 10, 0)}, '14': {'team': 'IND', 'date': datetime.datetime(2025, 12, 7, 10, 0)}, '15': {'team': 'NYJ', 'date': datetime.datetime(2025, 12, 14, 10, 0)}, '16': {'team': 'DEN', 'date': datetime.datetime(2025, 12, 21, 13, 5)}, '17': {'team': 'IND', 'date': datetime.datetime(2025, 12, 28, 10, 0)}, '18': {'team': 'TEN', 'date': datetime.datetime(2026, 1, 4, 10, 0)}}","['WR/TE', 'TE', 'RB/WR/TE', 'OP', 'BE', 'IR']",BE,,,,,,,,,,,,,,,,,,,3.0,,,,,,,,,,,,,,,,,,,,,,,,,,,,,,,,,,,,,,,,,,,,,,,,,,,,,,,1.0,,,,,,,,,,,,,,,,,,,,,,,,,,,,,,,,,,,,,,,,,,,,,,,,,,,,,,,,,,,,,,,,,,,,,,,,,,,,,,,,,,,,,,,,,,,,,,,,,,,,,,,,,,,,,,,,,,,,,,,,,,,,,,,,,,,,,,,,,,,,,,,,,,,,,,,,,,,,,,,,,,,,,,,2025,,,,,28.0,,,,,,,,,,,,,,,,,,,,,,,,,,,,,,30.18105596,,
117.0,6.88,104.04,6.12,,,,,,,,,,,,,,,,,,,,,,,,,,,,,,,,,,608.0,1093.0,14.0,3.0,,,,17.0,,,,,,,,,,,,,,,,,,,,,,,,,,,,,,,,,,,,,,,,,,,17.0,Patriots D/ST,NE,ADD,8,-16017,6,Husky Express,D/ST,"{'1': {'team': 'LV', 'date': datetime.datetime(2025, 9, 7, 10, 0)}, '2': {'team': 'MIA', 'date': datetime.datetime(2025, 9, 14, 10, 0)}, '3': {'team': 'PIT', 'date': datetime.datetime(2025, 9, 21, 10, 0)}, '4': {'team': 'CAR', 'date': datetime.datetime(2025, 9, 28, 10, 0)}, '5': {'team': 'BUF', 'date': datetime.datetime(2025, 10, 5, 17, 20)}, '6': {'team': 'NO', 'date': datetime.datetime(2025, 10, 12, 10, 0)}, '7': {'team': 'TEN', 'date': datetime.datetime(2025, 10, 19, 10, 0)}, '8': {'team': 'CLE', 'date': datetime.datetime(2025, 10, 26, 10, 0)}, '9': {'team': 'ATL', 'date': datetime.datetime(2025, 11, 2, 10, 0)}, '10': {'team': 'TB', 'date': datetime.datetime(2025, 11, 9, 10, 0)}, '11': {'team': 'NYJ', 'date': datetime.datetime(2025, 11, 13, 17, 15)}, '12': {'team': 'CIN', 'date': datetime.datetime(2025, 11, 23, 10, 0)}, '13': {'team': 'NYG', 'date': datetime.datetime(2025, 12, 1, 17, 15)}, '15': {'team': 'BUF', 'date': datetime.datetime(2025, 12, 14, 10, 0)}, '16': {'team': 'BAL', 'date': datetime.datetime(2025, 12, 21, 17, 20)}, '17': {'team': 'NYJ', 'date': datetime.datetime(2025, 12, 28, 10, 0)}, '18': {'team': 'MIA', 'date': datetime.datetime(2026, 1, 4, 13, 25)}}","['D/ST', 'BE', 'IR']",D/ST,,,,,,,1451.0,136.0,50.0,0.357434434,0.135141296,1353.562017,411.1328844,135.0,54.0,41.0,16.0,,,,,,,,,,,,,,,,,,,,,,,,,,,,,,,,,,,,,,,,,,,,,,,,,,,,,,,,,485.0,,,10.0,,,,,,,,,,,,,,,,,,,,,,,,,,,,,,,,,,,9.0,0.0,0.0,5.0,3.0,2.0,10.0,,1.0,35.0,70.0,1.0,2.0,1.0,5.0,357.0,213.0,65.0,67.0,363.0,31.0,10.0,314.0,4.0,4.0,0.0,1.0,5019.0,0.0,1.0,7.0,5.0,4.0,0.0,0.0,0.0,0.0,0.0,0.0,5.0,3.0,4.0,4.0,0.0,1.0,0.226235741,1.020612367,3.521112668,3.129877927,0.115194066,1.741021708,12.89546982,6.35174119,1.797185131,0.233884749,40.4881905,80.97638101,1.187477108,0.5535446,2.348791504,9.771909523,1062.692566,354.0,212.0,80.64929746,368.7895479,2.466479888,3.385031019,2.245347208,0.901540925,0.103762257,21.69350282,5854.669709,0.552914686,4.593445084,3.9554666,3.827870903,2.424318239,1.105829372,0.425318989,0.114836127,344.3923358,,,,,,,,,,1.0,,,,,,,,,,,,,,,,,,,,,,,,,,,,,,,,,,,,,,2025,,,,,,,,,,,,,,,,,,,,,,,,,,,,,,,,,,,,,44.7828977
101.0,5.94,67.06,3.94,,,,,,,,,,,,,,,,,,,,,,,,,,,,,,,,,,646.0,1148.0,6.0,11.0,,,,17.0,,,,,,,,,,,,,,,,,,,,,,,,,,,,,,,,,,,,,,,,,,,17.0,Saints D/ST,NO,ADD,11,-16018,6,Husky Express,BE,"{'1': {'team': 'ARI', 'date': datetime.datetime(2025, 9, 7, 10, 0)}, '2': {'team': 'SF', 'date': datetime.datetime(2025, 9, 14, 10, 0)}, '3': {'team': 'SEA', 'date': datetime.datetime(2025, 9, 21, 13, 5)}, '4': {'team': 'BUF', 'date': datetime.datetime(2025, 9, 28, 10, 0)}, '5': {'team': 'NYG', 'date': datetime.datetime(2025, 10, 5, 10, 0)}, '6': {'team': 'NE', 'date': datetime.datetime(2025, 10, 12, 10, 0)}, '7': {'team': 'CHI', 'date': datetime.datetime(2025, 10, 19, 10, 0)}, '8': {'team': 'TB', 'date': datetime.datetime(2025, 10, 26, 13, 5)}, '9': {'team': 'LAR', 'date': datetime.datetime(2025, 11, 2, 13, 5)}, '10': {'team': 'CAR', 'date': datetime.datetime(2025, 11, 9, 10, 0)}, '12': {'team': 'ATL', 'date': datetime.datetime(2025, 11, 23, 13, 25)}, '13': {'team': 'MIA', 'date': datetime.datetime(2025, 11, 30, 10, 0)}, '14': {'team': 'TB', 'date': datetime.datetime(2025, 12, 7, 10, 0)}, '15': {'team': 'CAR', 'date': datetime.datetime(2025, 12, 14, 13, 25)}, '16': {'team': 'NYJ', 'date': datetime.datetime(2025, 12, 21, 10, 0)}, '17': {'team': 'TEN', 'date': datetime.datetime(2025, 12, 28, 10, 0)}, '18': {'team': 'ATL', 'date': datetime.datetime(2026, 1, 4, 10, 0)}}","['D/ST', 'BE', 'IR']",BE,,,,,,,1665.0,158.0,60.0,0.352706394,0.159159221,1381.423199,250.480085,138.0,55.0,25.0,10.0,,,,,,,,,,,,,,,,,,,,,,,,,,,,,,,,,,,,,,,,,,,,,,,,,,,,,,,,,502.0,,,11.0,,,,,,,,,,,,,,,,,,,,,,,,,,,,,,,,,,,10.0,0.0,1.0,1.0,3.0,3.0,10.0,2.0,,45.0,90.0,,,1.0,3.0,378.0,223.0,80.0,79.0,219.0,17.0,2.0,377.0,4.0,5.0,2.0,1.0,5096.0,0.0,2.0,5.0,7.0,2.0,1.0,0.0,0.0,0.0,0.0,1.0,1.0,3.0,4.0,5.0,2.0,1.0,0.085772804,0.38215606,1.732440803,2.106104506,0.11208996,1.73135559,12.23041809,5.475260568,1.848890967,0.237889228,36.64093376,73.28186752,1.184128314,0.547227276,2.355311165,8.423477797,1024.679531,341.0,204.0,68.74076514,403.9961982,2.462783495,4.27165551,3.643221101,2.046658008,0.269207713,23.76448225,6095.339687,0.246241446,2.547325308,3.235103142,4.228560012,3.540782179,2.12277109,0.832126267,0.247090555,358.5493933,,,,,,,,,,2.0,,,,,,,,,,,,,,,,,,,,,,,,,,,,,,,,,,,,,,2025,,,,,,,,,,,,,,,,,,,,,,,,,,,,,,,,,,,,,38.57678362
180.0,11.25,43.77,2.57,7.0,0.0,,2.0,1.0,,,,,,,,,,,0.0,58.0,52.9375,5.0,165.0,79.0,35.0,28.0,10.0,6.0,95.0,265.0,14.60344828,,2.0,,,,2.0,2.0,12.0,4.0,30.0,,,16.0,,,,,,,,,,,,,,,,,11.56992719,0.962999285,0.052908535,0.095897894,0.062669274,39.0,19.0,9.0,7.0,3.0,17.7700238,,,0.073439466,0.002271324,28.76953421,11.06857055,0.052908535,0.001474278,,0.335063082,0.335063082,,0.187635326,0.187635326,0.187635326,17.0,Parker Washington,JAX,ADD,26,4432620,6,Husky Express,BE,"{'1': {'team': 'CAR', 'date': datetime.datetime(2025, 9, 7, 10, 0)}, '2': {'team': 'CIN', 'date': datetime.datetime(2025, 9, 14, 10, 0)}, '3': {'team': 'HOU', 'date': datetime.datetime(2025, 9, 21, 10, 0)}, '4': {'team': 'SF', 'date': datetime.datetime(2025, 9, 28, 13, 5)}, '5': {'team': 'KC', 'date': datetime.datetime(2025, 10, 6, 17, 15)}, '6': {'team': 'SEA', 'date': datetime.datetime(2025, 10, 12, 10, 0)}, '7': {'team': 'LAR', 'date': datetime.datetime(2025, 10, 19, 6, 30)}, '9': {'team': 'LV', 'date': datetime.datetime(2025, 11, 2, 13, 5)}, '10': {'team': 'HOU', 'date': datetime.datetime(2025, 11, 9, 10, 0)}, '11': {'team': 'LAC', 'date': datetime.datetime(2025, 11, 16, 10, 0)}, '12': {'team': 'ARI', 'date': datetime.datetime(2025, 11, 23, 13, 5)}, '13': {'team': 'TEN', 'date': datetime.datetime(2025, 11, 30, 10, 0)}, '14': {'team': 'IND', 'date': datetime.datetime(2025, 12, 7, 10, 0)}, '15': {'team': 'NYJ', 'date': datetime.datetime(2025, 12, 14, 10, 0)}, '16': {'team': 'DEN', 'date': datetime.datetime(2025, 12, 21, 13, 5)}, '17': {'team': 'IND', 'date': datetime.datetime(2025, 12, 28, 10, 0)}, '18': {'team': 'TEN', 'date': datetime.datetime(2026, 1, 4, 10, 0)}}","['RB/WR', 'WR', 'WR/TE', 'RB/WR/TE', 'OP', 'BE', 'IR']",BE,,,2.0,2.0,,,75.0,7.0,3.0,0.08146342,0.165237895,295.8408409,260.0465228,29.0,11.0,26.0,10.0,,3.0,1.0,,,,,,,,,,,,,,,,,,,,,,,,,,,,,,,,,,,,,,,,,,,,,,,,,,,,,1.0,,,,,,,,,,,,,,,,,,,,,,,,,,,,,,,,,,,,,,,,,,,,,,,,,,,2.0,,2.0,,,,,341.0,28.0,7.0,,,,,,,,,,,,,,,,,,,,,,,,,,,,,,,,,,,,,,,,,,,,,,,,,,,,,,,,,,,,,,,,,,,,,,,,,,,,,,,,,,,,,,,,,,,,,,,,,,,,,,,,,,,,2025,,,,1.0,38.0,,,,,,,,,,,,,,,,,,,,,,,,,,,,,,8.718354275,,
353.0,20.76,316.31,18.61,243.0,71.94117647,13.0,237.0,114.0,53.0,40.0,15.0,4.0,42.0,16.0,4.0,2.0,2.0,1.0,5.03292181,77.0,36.23529412,5.0,118.0,56.0,24.0,18.0,5.0,9.0,94.0,615.0,8.0,2.0,2.0,1.0,1.0,1.0,,,9.0,8.0,108.0,6.0,,17.0,234.7180184,67.83080918,10.83725079,0.428611308,230.0,115.0,57.0,46.0,23.0,46.0,23.0,0.485551245,0.339885872,3.438360069,0.117338038,4.91280458,33.32762667,3.441424223,0.195657699,0.102868131,0.067224324,113.0,56.0,28.0,22.0,11.0,60.34979619,,,0.539621339,0.01668932,81.50019879,9.388095555,0.624269007,0.009226135,1.667983335,0.428865474,2.096848809,0.767272334,0.240164666,1.007437,1.007437,17.0,Jahmyr Gibbs,DET,DRAFT,3,4429795,8,Flying Eagles,RB,"{'1': {'team': 'GB', 'date': datetime.datetime(2025, 9, 7, 13, 25)}, '2': {'team': 'CHI', 'date': datetime.datetime(2025, 9, 14, 10, 0)}, '3': {'team': 'BAL', 'date': datetime.datetime(2025, 9, 22, 17, 15)}, '4': {'team': 'CLE', 'date': datetime.datetime(2025, 9, 28, 10, 0)}, '5': {'team': 'CIN', 'date': datetime.datetime(2025, 10, 5, 13, 25)}, '6': {'team': 'KC', 'date': datetime.datetime(2025, 10, 12, 17, 20)}, '7': {'team': 'TB', 'date': datetime.datetime(2025, 10, 20, 16, 0)}, '9': {'team': 'MIN', 'date': datetime.datetime(2025, 11, 2, 10, 0)}, '10': {'team': 'WSH', 'date': datetime.datetime(2025, 11, 9, 13, 25)}, '11': {'team': 'PHI', 'date': datetime.datetime(2025, 11, 16, 17, 20)}, '12': {'team': 'NYG', 'date': datetime.datetime(2025, 11, 23, 10, 0)}, '13': {'team': 'GB', 'date': datetime.datetime(2025, 11, 27, 10, 0)}, '14': {'team': 'DAL', 'date': datetime.datetime(2025, 12, 4, 17, 15)}, '15': {'team': 'LAR', 'date': datetime.datetime(2025, 12, 14, 13, 25)}, '16': {'team': 'PIT', 'date': datetime.datetime(2025, 12, 21, 13, 25)}, '17': {'team': 'MIN', 'date': datetime.datetime(2025, 12, 25, 13, 30)}, '18': {'team': 'CHI', 'date': datetime.datetime(2026, 1, 4, 13, 25)}}","['RB', 'RB/WR', 'RB/WR/TE', 'OP', 'BE', 'IR']",RB,,,1.0,1.0,,,,,,,,,,,,,,3.0,2.0,1.0,,,,,,,,,,,,,,,,,,,,,,,2.0,,,,,,,,,,,,,,,,,,,,,,,,,,,,,,2.0,,3.0,,,,,,,,,,,,,,,,,,,,,,,,,,,,,,,,,,,,,,,,,,,,,,,,,,,,,,,,,,,,,,,,,,,,,,,,,,,,,,,,,,,,,,,,,,,,,,,,,,,,,,,,,,,,,,,,,,,,,,,,,,1.0,,,,,,,,,,,,,,,,,,,,,,,,,,,,,,,,,,,,,,,,,,,,2025,,,,56.0,28.0,,,,,,,,,,,,,,,,,,,,,,,,,,,,,63.34664093,29.63701938,,
308.0,18.12,258.56,15.21,,,,,,,,,,,,,,,,,126.0,72.88235294,11.0,241.0,116.0,53.0,43.0,17.0,20.0,169.0,583.0,9.83333333,,,,,,,,3.0,14.0,66.0,,,17.0,,,,,,,,,,,,,,,,,63.91704795,6.26661592,0.476415735,0.12444661,0.08132586,217.0,108.0,54.0,43.0,21.0,113.0974789,,,3.093797097,0.095684446,149.588152,9.607551168,0.476415735,0.004388299,,0.997340681,0.997340681,,0.558510781,0.558510781,0.558510781,17.0,Trey McBride,ARI,DRAFT,1,4361307,8,Flying Eagles,TE,"{'1': {'team': 'NO', 'date': datetime.datetime(2025, 9, 7, 10, 0)}, '2': {'team': 'CAR', 'date': datetime.datetime(2025, 9, 14, 13, 5)}, '3': {'team': 'SF', 'date': datetime.datetime(2025, 9, 21, 13, 25)}, '4': {'team': 'SEA', 'date': datetime.datetime(2025, 9, 25, 17, 15)}, '5': {'team': 'TEN', 'date': datetime.datetime(2025, 10, 5, 13, 5)}, '6': {'team': 'IND', 'date': datetime.datetime(2025, 10, 12, 10, 0)}, '7': {'team': 'GB', 'date': datetime.datetime(2025, 10, 19, 13, 25)}, '9': {'team': 'DAL', 'date': datetime.datetime(2025, 11, 3, 17, 15)}, '10': {'team': 'SEA', 'date': datetime.datetime(2025, 11, 9, 13, 5)}, '11': {'team': 'SF', 'date': datetime.datetime(2025, 11, 16, 13, 5)}, '12': {'team': 'JAX', 'date': datetime.datetime(2025, 11, 23, 13, 5)}, '13': {'team': 'TB', 'date': datetime.datetime(2025, 11, 30, 10, 0)}, '14': {'team': 'LAR', 'date': datetime.datetime(2025, 12, 7, 13, 25)}, '15': {'team': 'HOU', 'date': datetime.datetime(2025, 12, 14, 10, 0)}, '16': {'team': 'ATL', 'date': datetime.datetime(2025, 12, 21, 13, 5)}, '17': {'team': 'CIN', 'date': datetime.datetime(2025, 12, 28, 10, 0)}, '18': {'team': 'LAR', 'date': datetime.datetime(2026, 1, 4, 13, 25)}}","['WR/TE', 'TE', 'RB/WR/TE', 'OP', 'BE', 'IR']",TE,,,3.0,3.0,,,,,,,,,,,,,,4.0,3.0,1.0,,,,,,,,,,,,,,,,,,,,,,,,,,,,,,,,,,,,,,,,,,,,,,,,,,,,,7.0,,,,,,,,,,,,,,,,,,,,,,,,,,,,,,,,,,,,,,,,,,,,,,,,,,,,,,,,,,,,,,,,,,,,,,,,,,,,,,,,,,,,,,,,,,,,,,,,,,,,,,,,,,,,,,,,,,,,,,,,,,,,,,,,,,,,,,,,,,,,,,,,,,,,,,,,,,,,,,,,,,,,,,,,2025,,,,,63.0,,,,,,,,,,,,,,,,,,,,,,,,,,,,,,57.1553371,,
268.0,15.76,279.68,16.45,232.0,59.94117647,6.0,196.0,94.0,44.0,32.0,12.0,3.0,40.0,17.0,,,3.0,,4.39224138,69.0,25.70588235,5.0,83.0,37.0,14.0,10.0,1.0,5.0,88.0,450.0,6.33333333,1.0,2.0,,,,3.0,3.0,6.0,11.0,68.0,5.0,,17.0,255.9113412,63.41970123,8.764986742,0.505836391,215.0,107.0,53.0,43.0,21.0,51.0,25.0,0.53505476,0.374538332,3.023365248,0.103175856,4.212923569,25.13280219,2.51020747,0.095069682,0.038410312,0.025101139,85.0,42.0,21.0,17.0,8.0,64.37848832,,,0.259835528,0.00803615,79.58948923,6.636652218,0.600906073,0.012013383,2.18151914,0.548795156,2.730314296,1.003498804,0.307325288,1.310824092,1.310824092,17.0,Chase Brown,CIN,DRAFT,7,4362238,8,Flying Eagles,RB,"{'1': {'team': 'CLE', 'date': datetime.datetime(2025, 9, 7, 10, 0)}, '2': {'team': 'JAX', 'date': datetime.datetime(2025, 9, 14, 10, 0)}, '3': {'team': 'MIN', 'date': datetime.datetime(2025, 9, 21, 10, 0)}, '4': {'team': 'DEN', 'date': datetime.datetime(2025, 9, 29, 17, 15)}, '5': {'team': 'DET', 'date': datetime.datetime(2025, 10, 5, 13, 25)}, '6': {'team': 'GB', 'date': datetime.datetime(2025, 10, 12, 13, 25)}, '7': {'team': 'PIT', 'date': datetime.datetime(2025, 10, 16, 17, 15)}, '8': {'team': 'NYJ', 'date': datetime.datetime(2025, 10, 26, 10, 0)}, '9': {'team': 'CHI', 'date': datetime.datetime(2025, 11, 2, 10, 0)}, '11': {'team': 'PIT', 'date': datetime.datetime(2025, 11, 16, 10, 0)}, '12': {'team': 'NE', 'date': datetime.datetime(2025, 11, 23, 10, 0)}, '13': {'team': 'BAL', 'date': datetime.datetime(2025, 11, 27, 17, 20)}, '14': {'team': 'BUF', 'date': datetime.datetime(2025, 12, 7, 10, 0)}, '15': {'team': 'BAL', 'date': datetime.datetime(2025, 12, 14, 10, 0)}, '16': {'team': 'MIA', 'date': datetime.datetime(2025, 12, 21, 10, 0)}, '17': {'team': 'ARI', 'date': datetime.datetime(2025, 12, 28, 10, 0)}, '18': {'team': 'CLE', 'date': datetime.datetime(2026, 1, 4, 10, 0)}}","['RB', 'RB/WR', 'RB/WR/TE', 'OP', 'BE', 'IR']",RB,,,,,1.0,,,,,,,,,,,,,,3.0,,,,,,,,,,,,,,,,,,,,,,,,1.0,,,,,,,,,,,,,,,,,,,,,,,,,,,,1.0,,2.0,,1.0,,,,,,,,,,,,,,,,,,,,,,,,,,,,,,,,,,,,,,,,,,,,,,,,,,,,,,,,,,,,,,,,,,,,,,,,,,,,,,,,,,,,,,,,,,,,,,,,,,,,,,,,,,,,,,,,,,,,,,,,,,,,,,,,,,,,,,,,,,,,,,,,,,,,,,,,,,,,,,,,,,,,,,2025,,,,52.0,18.0,,,,,,,,,,,,,,,,,,,,,,,,,,,,,60.55730426,26.33282309,,
159.0,9.35,237.87,13.99,15.0,4.64705882,1.0,12.0,4.0,,,,,,,,,,,5.26666667,50.0,40.11764706,6.0,130.0,61.0,27.0,17.0,6.0,3.0,85.0,222.0,13.64,,1.0,,1.0,1.0,1.0,1.0,11.0,6.0,48.0,,,17.0,8.708278553,2.941579041,0.272683926,0.013905554,10.0,5.0,2.0,2.0,1.0,1.0,,0.016046177,0.011232324,0.006141702,0.000209593,5.742448796,62.39635247,6.304729221,0.361631993,0.189648596,0.123935358,212.0,106.0,53.0,42.0,21.0,88.02887082,,,2.918206829,0.090253819,132.1982284,12.04988752,0.375537547,0.005606302,0.114699845,1.159459677,1.274159522,0.052761929,0.649297419,0.702059348,0.702059348,17.0,DJ Moore,CHI,DRAFT,35,3915416,8,Flying Eagles,RB/WR/TE,"{'1': {'team': 'MIN', 'date': datetime.datetime(2025, 9, 8, 17, 15)}, '2': {'team': 'DET', 'date': datetime.datetime(2025, 9, 14, 10, 0)}, '3': {'team': 'DAL', 'date': datetime.datetime(2025, 9, 21, 13, 25)}, '4': {'team': 'LV', 'date': datetime.datetime(2025, 9, 28, 13, 25)}, '6': {'team': 'WSH', 'date': datetime.datetime(2025, 10, 13, 17, 15)}, '7': {'team': 'NO', 'date': datetime.datetime(2025, 10, 19, 10, 0)}, '8': {'team': 'BAL', 'date': datetime.datetime(2025, 10, 26, 10, 0)}, '9': {'team': 'CIN', 'date': datetime.datetime(2025, 11, 2, 10, 0)}, '10': {'team': 'NYG', 'date': datetime.datetime(2025, 11, 9, 10, 0)}, '11': {'team': 'MIN', 'date': datetime.datetime(2025, 11, 16, 10, 0)}, '12': {'team': 'PIT', 'date': datetime.datetime(2025, 11, 23, 10, 0)}, '13': {'team': 'PHI', 'date': datetime.datetime(2025, 11, 28, 12, 0)}, '14': {'team': 'GB', 'date': datetime.datetime(2025, 12, 7, 13, 25)}, '15': {'team': 'CLE', 'date': datetime.datetime(2025, 12, 14, 10, 0)}, '16': {'team': 'GB', 'date': datetime.datetime(2025, 12, 20, 17, 20)}, '17': {'team': 'SF', 'date': datetime.datetime(2025, 12, 28, 17, 20)}, '18': {'team': 'DET', 'date': datetime.datetime(2026, 1, 4, 13, 25)}}","['RB/WR', 'WR', 'WR/TE', 'RB/WR/TE', 'OP', 'BE', 'IR']",RB/WR/TE,1.0,,,,1.0,1.0,,,,,,,,,,,,,3.0,2.0,1.0,1.0,,0.11764706,1.0,,,,,,,,,,,,,,,,1.0,,,1.0,,,,,,,,,,,,,,,,,,,,,,,,,,,,,,,1.0,,,,,,,,,,,,,,,,,,,,,,,,,,,,,,,,,,,,,,,,,,,,,,,,,,,,,,,,,,,,,,,,,,,,,,,,,,,,,,,,,,,,,,,,,,,,,,,,,,,,,,,,,,,,,,,,,,,,,,,,,,,,,,,,,,,,,,,,,,,,,,,,,,,,,,,,,,,,,,,,,,,,,,2025,,,1.0,5.0,32.0,,,,,,,,,,,,,,,,,,,,,,,,,,,,,4.492828894,50.74406792,,
112.0,6.59,230.98,13.59,1.0,0.29411765,,1.0,,,,,,,,,,,,5.0,50.0,35.41176471,2.0,114.0,52.0,21.0,16.0,5.0,4.0,106.0,166.0,12.04,,1.0,,1.0,1.0,3.0,3.0,5.0,12.0,12.0,,,17.0,,,,,,,,,,,,,,,,,70.27056067,3.772366558,0.25657033,0.213395345,0.139453858,238.0,119.0,59.0,47.0,23.0,90.14864124,,,3.873663546,0.119804027,144.4902674,13.25144245,0.25657033,0.005289999,,1.202272402,1.202272402,,0.673272545,0.673272545,0.673272545,17.0,Jerry Jeudy,CLE,DRAFT,52,4241463,8,Flying Eagles,BE,"{'1': {'team': 'CIN', 'date': datetime.datetime(2025, 9, 7, 10, 0)}, '2': {'team': 'BAL', 'date': datetime.datetime(2025, 9, 14, 10, 0)}, '3': {'team': 'GB', 'date': datetime.datetime(2025, 9, 21, 10, 0)}, '4': {'team': 'DET', 'date': datetime.datetime(2025, 9, 28, 10, 0)}, '5': {'team': 'MIN', 'date': datetime.datetime(2025, 10, 5, 6, 30)}, '6': {'team': 'PIT', 'date': datetime.datetime(2025, 10, 12, 10, 0)}, '7': {'team': 'MIA', 'date': datetime.datetime(2025, 10, 19, 10, 0)}, '8': {'team': 'NE', 'date': datetime.datetime(2025, 10, 26, 10, 0)}, '10': {'team': 'NYJ', 'date': datetime.datetime(2025, 11, 9, 10, 0)}, '11': {'team': 'BAL', 'date': datetime.datetime(2025, 11, 16, 13, 25)}, '12': {'team': 'LV', 'date': datetime.datetime(2025, 11, 23, 13, 5)}, '13': {'team': 'SF', 'date': datetime.datetime(2025, 11, 30, 10, 0)}, '14': {'team': 'TEN', 'date': datetime.datetime(2025, 12, 7, 10, 0)}, '15': {'team': 'CHI', 'date': datetime.datetime(2025, 12, 14, 10, 0)}, '16': {'team': 'BUF', 'date': datetime.datetime(2025, 12, 21, 10, 0)}, '17': {'team': 'PIT', 'date': datetime.datetime(2025, 12, 28, 10, 0)}, '18': {'team': 'CIN', 'date': datetime.datetime(2026, 1, 4, 10, 0)}}","['RB/WR', 'WR', 'WR/TE', 'RB/WR/TE', 'OP', 'BE', 'IR']",BE,1.0,1.0,,,1.0,1.0,,,,,,,,,,,,,,1.0,,,,,,,,,,,,,,,,,,,,,,,,,,,,,,,,,,,,,,,,,,,,,,,,,,,,,,,,,,,,,,,,,,,,,,,,,,,,,,,,,,,,,,,,,,,,,,,,,,,,,,,,,,,,,,,,,,,,,,,,,,,,,,,,,,,,,,,,,,,,,,,,,,,,,,,,,,,,,,,,,,,,,,,,,,,,,,,,,,,,,,,,,,,,,,,,,,,,,,,,,,,,,,,,,,,,,,,,,,,,,2025,,,,1.0,31.0,,,,,,,,,,,,,,,,,,,,,,,,,,,,,,53.88308717,,
149.0,9.93,205.38,12.08,176.0,49.33333333,2.0,142.0,67.0,30.0,21.0,8.0,1.0,30.0,11.0,,,1.0,,4.20454545,36.0,19.2,2.0,55.0,24.0,9.0,8.0,3.0,1.0,48.0,314.0,8.0,,1.0,,1.0,1.0,,,3.0,12.0,24.0,,,15.0,219.4929438,56.27143907,5.891962202,0.384768896,191.0,95.0,47.0,38.0,19.0,43.0,21.0,0.450725661,0.315507962,2.374254968,0.081024213,4.35829256,17.54473711,1.541307623,0.118093241,0.044869264,0.029322064,59.0,29.0,14.0,11.0,5.0,39.44678356,,,0.124547717,0.003851991,52.90229636,7.561086201,0.502862137,0.017478937,3.367318699,0.605167025,3.972485724,1.548966602,0.338893534,1.887860136,1.887860136,17.0,Tyrone Tracy Jr.,NYG,DRAFT,28,4360516,8,Flying Eagles,BE,"{'1': {'team': 'WSH', 'date': datetime.datetime(2025, 9, 7, 10, 0)}, '2': {'team': 'DAL', 'date': datetime.datetime(2025, 9, 14, 10, 0)}, '3': {'team': 'KC', 'date': datetime.datetime(2025, 9, 21, 17, 20)}, '4': {'team': 'LAC', 'date': datetime.datetime(2025, 9, 28, 10, 0)}, '5': {'team': 'NO', 'date': datetime.datetime(2025, 10, 5, 10, 0)}, '6': {'team': 'PHI', 'date': datetime.datetime(2025, 10, 9, 17, 15)}, '7': {'team': 'DEN', 'date': datetime.datetime(2025, 10, 19, 13, 5)}, '8': {'team': 'PHI', 'date': datetime.datetime(2025, 10, 26, 10, 0)}, '9': {'team': 'SF', 'date': datetime.datetime(2025, 11, 2, 10, 0)}, '10': {'team': 'CHI', 'date': datetime.datetime(2025, 11, 9, 10, 0)}, '11': {'team': 'GB', 'date': datetime.datetime(2025, 11, 16, 10, 0)}, '12': {'team': 'DET', 'date': datetime.datetime(2025, 11, 23, 10, 0)}, '13': {'team': 'NE', 'date': datetime.datetime(2025, 12, 1, 17, 15)}, '15': {'team': 'WSH', 'date': datetime.datetime(2025, 12, 14, 10, 0)}, '16': {'team': 'MIN', 'date': datetime.datetime(2025, 12, 21, 10, 0)}, '17': {'team': 'LV', 'date': datetime.datetime(2025, 12, 28, 13, 5)}, '18': {'team': 'DAL', 'date': datetime.datetime(2026, 1, 4, 10, 0)}}","['RB', 'RB/WR', 'RB/WR/TE', 'OP', 'BE', 'IR']",BE,,,,,1.0,1.0,132.0,13.0,5.0,,,,,,,,,,,,,,,,,,,,,,,,,,,,,,,,,,,,,,,,,,,,,,,,,,,,,,,,,,,,,,,,2.0,,1.0,,,,,,,,,,,,,,,,,,,,,,,,,,,,,,,,,,,,,,,,,,,,,,,,,,,,,,,,,,,,,,,,,,,,,,,,,,,,,,,,,,,,,,,,,,,,,,,,,,,,,,,,,,,,,,,,,,,,,,,,,1.0,,,,,,,,,,,,,,,,,,,,,,,,,,,,,,,,,,,,,,,,,,,,,2025,,,,39.0,14.0,,,,,,,,,,,,,,,,,,,,,,,,,,,,,52.09974832,16.69663293,,
171.0,19.0,305.5,17.97,33.0,16.33333333,3.0,27.0,12.0,4.0,2.0,,,4.0,,,,,,4.45454545,,,,,,,,,,,,,,3.0,,2.0,12.0,,,7.0,2.0,138.0,2.0,,9.0,59.78635031,15.50398054,4.478024973,0.147873201,52.0,26.0,13.0,10.0,5.0,11.0,5.0,0.113209067,0.079246347,0.177572178,0.006059857,4.40849237,,,,,,,,,,,,,,,,,,1.193445649,0.034318885,0.727817951,,7.79974669,0.334796258,,3.729322052,16.32791632,17.0,Brock Purdy,SF,DRAFT,23,4361741,8,Flying Eagles,QB,"{'1': {'team': 'SEA', 'date': datetime.datetime(2025, 9, 7, 13, 5)}, '2': {'team': 'NO', 'date': datetime.datetime(2025, 9, 14, 10, 0)}, '3': {'team': 'ARI', 'date': datetime.datetime(2025, 9, 21, 13, 25)}, '4': {'team': 'JAX', 'date': datetime.datetime(2025, 9, 28, 13, 5)}, '5': {'team': 'LAR', 'date': datetime.datetime(2025, 10, 2, 17, 15)}, '6': {'team': 'TB', 'date': datetime.datetime(2025, 10, 12, 13, 25)}, '7': {'team': 'ATL', 'date': datetime.datetime(2025, 10, 19, 17, 20)}, '8': {'team': 'HOU', 'date': datetime.datetime(2025, 10, 26, 10, 0)}, '9': {'team': 'NYG', 'date': datetime.datetime(2025, 11, 2, 10, 0)}, '10': {'team': 'LAR', 'date': datetime.datetime(2025, 11, 9, 13, 25)}, '11': {'team': 'ARI', 'date': datetime.datetime(2025, 11, 16, 13, 5)}, '12': {'team': 'CAR', 'date': datetime.datetime(2025, 11, 24, 17, 15)}, '13': {'team': 'CLE', 'date': datetime.datetime(2025, 11, 30, 10, 0)}, '15': {'team': 'TEN', 'date': datetime.datetime(2025, 12, 14, 13, 25)}, '16': {'team': 'IND', 'date': datetime.datetime(2025, 12, 22, 17, 15)}, '17': {'team': 'CHI', 'date': datetime.datetime(2025, 12, 28, 17, 20)}, '18': {'team': 'SEA', 'date': datetime.datetime(2026, 1, 3, 17, 0)}}","['QB', 'OP', 'BE', 'IR']",QB,,,,,,,,,,,,,,,,,,,,,284.0,197.0,87.0,240.77777778,20.0,430.0,212.0,104.0,83.0,39.0,17.0,35.0,15.0,12.0,2.0,,,2.0,1.0,10.0,0.69366197,11.0,1.0,13.0,3.0,2.0,2.0,544.193033,365.6522397,178.5407933,269.6430899,24.92269613,916.0,458.0,229.0,183.0,91.0,45.0,73.0,36.0,4.119650473,2.692191584,5.101791297,0.689118234,1.045572448,12.59859427,0.671916429,36.72807239,7.071928738,3.394525794,,,,,1.0,,,,,,,,,,,,,,,,,,,,,,,,,,,,,,,,,,,,,,,,,,,,,,,,,,,,,,,,,,,,,,,,,,,,,,,,,,,,,,,,,,,,,,,,,,,,,,,,,,,,,,,,,,,,,,,,,,,,,,,,,,,,,,,,,,,,,,,,,,,,,,,,,,,,,,,,,,,,,,,,,,,,,,2025,,,130.0,16.0,,,,,,,,,,,,,,,,,,,,,,,,,,,,,,17.94202371,,209.3489597,
167.0,11.13,191.97,11.29,,,,,,,,,,,,,,,,,55.0,42.86666667,9.0,123.0,58.0,25.0,17.0,4.0,4.0,90.0,181.0,11.69090909,,1.0,,1.0,1.0,1.0,1.0,10.0,5.0,56.0,,1.0,15.0,,,,,,,,,,,,,,,,,55.74611024,4.784107745,0.201047407,0.278063075,0.181714219,189.0,94.0,47.0,37.0,18.0,70.174437,,,2.22798798,0.068906845,107.0246933,13.50468796,0.201047407,0.005282984,,1.200678271,1.200678271,,0.672379832,0.672379832,0.672379832,17.0,Jauan Jennings,SF,DRAFT,33,3886598,8,Flying Eagles,WR,"{'1': {'team': 'SEA', 'date': datetime.datetime(2025, 9, 7, 13, 5)}, '2': {'team': 'NO', 'date': datetime.datetime(2025, 9, 14, 10, 0)}, '3': {'team': 'ARI', 'date': datetime.datetime(2025, 9, 21, 13, 25)}, '4': {'team': 'JAX', 'date': datetime.datetime(2025, 9, 28, 13, 5)}, '5': {'team': 'LAR', 'date': datetime.datetime(2025, 10, 2, 17, 15)}, '6': {'team': 'TB', 'date': datetime.datetime(2025, 10, 12, 13, 25)}, '7': {'team': 'ATL', 'date': datetime.datetime(2025, 10, 19, 17, 20)}, '8': {'team': 'HOU', 'date': datetime.datetime(2025, 10, 26, 10, 0)}, '9': {'team': 'NYG', 'date': datetime.datetime(2025, 11, 2, 10, 0)}, '10': {'team': 'LAR', 'date': datetime.datetime(2025, 11, 9, 13, 25)}, '11': {'team': 'ARI', 'date': datetime.datetime(2025, 11, 16, 13, 5)}, '12': {'team': 'CAR', 'date': datetime.datetime(2025, 11, 24, 17, 15)}, '13': {'team': 'CLE', 'date': datetime.datetime(2025, 11, 30, 10, 0)}, '15': {'team': 'TEN', 'date': datetime.datetime(2025, 12, 14, 13, 25)}, '16': {'team': 'IND', 'date': datetime.datetime(2025, 12, 22, 17, 15)}, '17': {'team': 'CHI', 'date': datetime.datetime(2025, 12, 28, 17, 20)}, '18': {'team': 'SEA', 'date': datetime.datetime(2026, 1, 3, 17, 0)}}","['RB/WR', 'WR', 'WR/TE', 'RB/WR/TE', 'OP', 'BE', 'IR']",WR,1.0,,,,1.0,1.0,,,,,,,,,,,,,4.0,,,,,,,,,,,,,,,,,,,,,,,,,,,,,,,,,,,,,,,,,,,,,,,,,,,,1.0,,3.0,,,,,,,,,,,,,,,,,,,,,,,,,,,,,,,,,,,,,,,,,,,,,,,,,,,,,,,,,,,,,,,,,,,,,,,,,,,,,,,,,,,,,,,,,,,,,,,,,,,,,,,,,,,,,,,,,,,,,,,,,,,,,,,,,,,,,,,,,,,,,,,,,,,,,,,,,,,,,,,,,,,,,,,,2025,,,,,36.0,,,,,,,,,,,,,,,,,,,,,,,,,,,,,,42.93505869,,
169.0,9.94,147.47,8.67,,,,,,,,,,,,,,,,,60.0,45.17647059,7.0,147.0,67.0,29.0,22.0,7.0,4.0,87.0,335.0,12.8,,,,,,,,14.0,3.0,42.0,,1.0,17.0,,,,,,,,,,,,,,,,,34.51186169,5.575348794,0.324401303,0.118182953,0.07723256,117.0,58.0,29.0,23.0,11.0,55.8102144,,,0.59370957,0.018362152,81.79014746,10.51244212,0.324401303,0.001785149,,0.405715703,0.405715703,,0.227200794,0.227200794,0.227200794,17.0,Hunter Henry,NE,DRAFT,10,3046439,8,Flying Eagles,BE,"{'1': {'team': 'LV', 'date': datetime.datetime(2025, 9, 7, 10, 0)}, '2': {'team': 'MIA', 'date': datetime.datetime(2025, 9, 14, 10, 0)}, '3': {'team': 'PIT', 'date': datetime.datetime(2025, 9, 21, 10, 0)}, '4': {'team': 'CAR', 'date': datetime.datetime(2025, 9, 28, 10, 0)}, '5': {'team': 'BUF', 'date': datetime.datetime(2025, 10, 5, 17, 20)}, '6': {'team': 'NO', 'date': datetime.datetime(2025, 10, 12, 10, 0)}, '7': {'team': 'TEN', 'date': datetime.datetime(2025, 10, 19, 10, 0)}, '8': {'team': 'CLE', 'date': datetime.datetime(2025, 10, 26, 10, 0)}, '9': {'team': 'ATL', 'date': datetime.datetime(2025, 11, 2, 10, 0)}, '10': {'team': 'TB', 'date': datetime.datetime(2025, 11, 9, 10, 0)}, '11': {'team': 'NYJ', 'date': datetime.datetime(2025, 11, 13, 17, 15)}, '12': {'team': 'CIN', 'date': datetime.datetime(2025, 11, 23, 10, 0)}, '13': {'team': 'NYG', 'date': datetime.datetime(2025, 12, 1, 17, 15)}, '15': {'team': 'BUF', 'date': datetime.datetime(2025, 12, 14, 10, 0)}, '16': {'team': 'BAL', 'date': datetime.datetime(2025, 12, 21, 17, 20)}, '17': {'team': 'NYJ', 'date': datetime.datetime(2025, 12, 28, 10, 0)}, '18': {'team': 'MIA', 'date': datetime.datetime(2026, 1, 4, 13, 25)}}","['WR/TE', 'TE', 'RB/WR/TE', 'OP', 'BE', 'IR']",BE,,,1.0,1.0,,,,,,,,,,,,,,,3.0,1.0,,,,,,,,,,,,,,,,,,,,,,,,,,,,,,,,,,,,,,,,,,,,,,,,,,,,,2.0,,,,,,,,,,,,,,,,,,,,,,,,,,,,,,,,,,,,,,,,,,,,,,,,,,,,,,,,,,,,,,,,,,,,,,,,,,,,,,,,,,,,,,,,,,,,,,,,,,,,,,,,,,,,,,,,,,,,,,,,,,,,,,,,,,,,,,,,,,,,,,,,,,,,,,,,,,,,,,,,,,,,,,,,2025,,,,,42.0,,,,,,,,,,,,,,,,,,,,,,,,,,,,,,30.03005551,,
210.0,13.12,151.78,8.93,3.0,0.3125,,,,,,,,,,,,,,1.66666667,92.0,63.375,4.0,196.0,94.0,42.0,33.0,12.0,12.0,140.0,386.0,11.02173913,,1.0,,,,1.0,1.0,3.0,13.0,24.0,,3.0,16.0,2.09898757,0.779802744,0.090760387,0.005927155,2.0,1.0,,,,,,0.003853751,0.002697626,0.00035809,1.22202e-05,6.315733756,39.80642394,2.424709441,0.185522238,0.09148504,0.059785474,135.0,67.0,33.0,27.0,13.0,69.03585765,,,0.882360133,0.027289489,100.5143631,9.802285798,0.191449393,0.002950826,0.019788754,0.650853581,0.670642334,0.009102827,0.364478005,0.373580832,0.373580832,17.0,Wan'Dale Robinson,NYG,DRAFT,14,4569587,8,Flying Eagles,WR,"{'1': {'team': 'WSH', 'date': datetime.datetime(2025, 9, 7, 10, 0)}, '2': {'team': 'DAL', 'date': datetime.datetime(2025, 9, 14, 10, 0)}, '3': {'team': 'KC', 'date': datetime.datetime(2025, 9, 21, 17, 20)}, '4': {'team': 'LAC', 'date': datetime.datetime(2025, 9, 28, 10, 0)}, '5': {'team': 'NO', 'date': datetime.datetime(2025, 10, 5, 10, 0)}, '6': {'team': 'PHI', 'date': datetime.datetime(2025, 10, 9, 17, 15)}, '7': {'team': 'DEN', 'date': datetime.datetime(2025, 10, 19, 13, 5)}, '8': {'team': 'PHI', 'date': datetime.datetime(2025, 10, 26, 10, 0)}, '9': {'team': 'SF', 'date': datetime.datetime(2025, 11, 2, 10, 0)}, '10': {'team': 'CHI', 'date': datetime.datetime(2025, 11, 9, 10, 0)}, '11': {'team': 'GB', 'date': datetime.datetime(2025, 11, 16, 10, 0)}, '12': {'team': 'DET', 'date': datetime.datetime(2025, 11, 23, 10, 0)}, '13': {'team': 'NE', 'date': datetime.datetime(2025, 12, 1, 17, 15)}, '15': {'team': 'WSH', 'date': datetime.datetime(2025, 12, 14, 10, 0)}, '16': {'team': 'MIN', 'date': datetime.datetime(2025, 12, 21, 10, 0)}, '17': {'team': 'LV', 'date': datetime.datetime(2025, 12, 28, 13, 5)}, '18': {'team': 'DAL', 'date': datetime.datetime(2026, 1, 4, 10, 0)}}","['RB/WR', 'WR', 'WR/TE', 'RB/WR/TE', 'OP', 'BE', 'IR']",WR,,,3.0,3.0,1.0,,41.0,4.0,1.0,,,,,,,,,1.0,,,,,,,,,,,,,,,,,,,,,,,,,,,,,,,,,,,,,,,,,,,,,,,,,,,,,,,1.0,,,,,,,,,,,,,,,,,,,,,,,,,,,,,,,,,,,,,,,,,,,,,,,,,,,,,,,,,,,,,,,,,,,,,,,,,,,,,,,,,,,,,,,,,,,,,,,,,,,,,,,,,,,,,,,,,,,,,,,,,,,,,,,,,,,,,,,,,,,,,,,,,,,,,,,,,,,,,,,,,,,,,,,,2025,,,,1.0,39.0,,,,,,,,,,,,,,,,,,,,,,,,,,,,,2.71478689,34.2383256,,
134.0,7.88,50.73,2.98,169.0,46.05882353,5.0,149.0,70.0,30.0,24.0,8.0,2.0,27.0,9.0,,,2.0,,4.63313609,18.0,9.64705882,,28.0,12.0,4.0,2.0,,,30.0,162.0,9.11111111,,,,,,,,11.0,6.0,34.0,5.0,,17.0,56.60381059,13.6887088,2.068996163,0.105508743,46.0,23.0,11.0,9.0,4.0,11.0,5.0,0.107017851,0.074912496,0.139636502,0.004765258,4.111172854,3.265689467,0.316210368,0.018143856,0.03728777,0.024367558,11.0,5.0,2.0,2.0,1.0,8.177526485,,,0.027659623,0.000855452,10.57585827,6.788938078,0.123652599,0.002337871,0.464262509,0.067071791,0.531334301,0.213560754,0.037560203,0.251120957,0.251120957,17.0,Kyle Monangai,CHI,ADD,30,4608686,8,Flying Eagles,BE,"{'1': {'team': 'MIN', 'date': datetime.datetime(2025, 9, 8, 17, 15)}, '2': {'team': 'DET', 'date': datetime.datetime(2025, 9, 14, 10, 0)}, '3': {'team': 'DAL', 'date': datetime.datetime(2025, 9, 21, 13, 25)}, '4': {'team': 'LV', 'date': datetime.datetime(2025, 9, 28, 13, 25)}, '6': {'team': 'WSH', 'date': datetime.datetime(2025, 10, 13, 17, 15)}, '7': {'team': 'NO', 'date': datetime.datetime(2025, 10, 19, 10, 0)}, '8': {'team': 'BAL', 'date': datetime.datetime(2025, 10, 26, 10, 0)}, '9': {'team': 'CIN', 'date': datetime.datetime(2025, 11, 2, 10, 0)}, '10': {'team': 'NYG', 'date': datetime.datetime(2025, 11, 9, 10, 0)}, '11': {'team': 'MIN', 'date': datetime.datetime(2025, 11, 16, 10, 0)}, '12': {'team': 'PIT', 'date': datetime.datetime(2025, 11, 23, 10, 0)}, '13': {'team': 'PHI', 'date': datetime.datetime(2025, 11, 28, 12, 0)}, '14': {'team': 'GB', 'date': datetime.datetime(2025, 12, 7, 13, 25)}, '15': {'team': 'CLE', 'date': datetime.datetime(2025, 12, 14, 10, 0)}, '16': {'team': 'GB', 'date': datetime.datetime(2025, 12, 20, 17, 20)}, '17': {'team': 'SF', 'date': datetime.datetime(2025, 12, 28, 17, 20)}, '18': {'team': 'DET', 'date': datetime.datetime(2026, 1, 4, 13, 25)}}","['Rookie', 'RB', 'RB/WR', 'RB/WR/TE', 'OP', 'BE', 'IR']",BE,,,,,,,,,,0.08050382,,292.3559768,,29.0,11.0,,,,,,,,,,,,,,,,,,,,,,,,,,,,,,,,,,,,,,,,,,,,,,,,,,,,,,,,,,,,,,,,,,,,,,,,,,,,,,,,,,,,,,,,,,,,,,,,,,,,,,,,,,,,,,,,,,,,,,,,,,,,,,,,,,,,,,,,,,,,,,,,,,,,,,,,,,,,,,,,,,,,,,,,,,,,,,,,,,,,,,,,,,,2.0,,,,,,,,,,,,,,,,,,,,,,,,,,,,,,,,,,,,,,,2025,,,,40.0,7.0,,,,,,,,,,,,,,,,,,,,,,,,,,,,,14.91075398,2.37445453,,
124.0,7.29,89.14,5.24,,,,,,,,,,,,,,,,,,,,,,,,,,,,,,,,,,588.0,1085.0,13.0,4.0,,,,17.0,,,,,,,,,,,,,,,,,,,,,,,,,,,,,,,,,,,,,,,,,,,17.0,Jaguars D/ST,JAX,ADD,4,-16030,8,Flying Eagles,D/ST,"{'1': {'team': 'CAR', 'date': datetime.datetime(2025, 9, 7, 10, 0)}, '2': {'team': 'CIN', 'date': datetime.datetime(2025, 9, 14, 10, 0)}, '3': {'team': 'HOU', 'date': datetime.datetime(2025, 9, 21, 10, 0)}, '4': {'team': 'SF', 'date': datetime.datetime(2025, 9, 28, 13, 5)}, '5': {'team': 'KC', 'date': datetime.datetime(2025, 10, 6, 17, 15)}, '6': {'team': 'SEA', 'date': datetime.datetime(2025, 10, 12, 10, 0)}, '7': {'team': 'LAR', 'date': datetime.datetime(2025, 10, 19, 6, 30)}, '9': {'team': 'LV', 'date': datetime.datetime(2025, 11, 2, 13, 5)}, '10': {'team': 'HOU', 'date': datetime.datetime(2025, 11, 9, 10, 0)}, '11': {'team': 'LAC', 'date': datetime.datetime(2025, 11, 16, 10, 0)}, '12': {'team': 'ARI', 'date': datetime.datetime(2025, 11, 23, 13, 5)}, '13': {'team': 'TEN', 'date': datetime.datetime(2025, 11, 30, 10, 0)}, '14': {'team': 'IND', 'date': datetime.datetime(2025, 12, 7, 10, 0)}, '15': {'team': 'NYJ', 'date': datetime.datetime(2025, 12, 14, 10, 0)}, '16': {'team': 'DEN', 'date': datetime.datetime(2025, 12, 21, 13, 5)}, '17': {'team': 'IND', 'date': datetime.datetime(2025, 12, 28, 10, 0)}, '18': {'team': 'TEN', 'date': datetime.datetime(2026, 1, 4, 10, 0)}}","['D/ST', 'BE', 'IR']",D/ST,,,,,,,1591.0,152.0,56.0,0.4073171,0.165237895,1479.204205,260.0465228,147.0,59.0,26.0,10.0,,,,,,,,,,,,,,,,,,,,,,,,,,,,,,,,,,,,,,,,,,,,,,,,,,,,,,,,,497.0,,,11.0,,,,,,,,,,,,,,,,,,,,,,,,,,,,,,,,,,,9.0,0.0,2.0,3.0,1.0,2.0,22.0,,1.0,32.0,64.0,,2.0,2.0,4.0,356.0,212.0,57.0,106.0,356.0,29.0,7.0,324.0,6.0,0.0,4.0,1.0,5162.0,0.0,3.0,6.0,3.0,2.0,2.0,1.0,0.0,0.0,0.0,2.0,3.0,1.0,6.0,0.0,4.0,1.0,0.151269746,0.679864027,2.566486703,2.583483303,0.117519746,1.755593428,12.94689368,7.412078639,1.78006416,0.233229291,38.93786494,77.87572988,1.201180723,0.554412704,2.445668169,11.40319791,1085.155501,361.0,217.0,75.6850831,384.5667725,2.464507099,3.858228354,2.99140172,1.512697461,0.192061588,22.62157485,5975.403321,0.425,3.74,3.655,3.995,2.89,1.53,0.595,0.17,351.494313,,,,,,,,,,,,,,,,,,,,,,,,,,,,,,,,,,,,,,,,,,,,,,,,2025,,,,,,,,,,,,,,,,,,,,,,,,,,,,,,,,,,,,,39.05453686
81.0,9.0,0.0,0.0,,,,,,,,,,,,,,,,,,,,,,,,,,,,,,,,,,,,6.0,3.0,75.0,,,9.0,,,,,,,,,,,,,,,,,,,,,,,,,,,,,,,,,,,,,,,,,,,,Harrison Mevis,LAR,ADD,30,4574716,8,Flying Eagles,K,"{'1': {'team': 'HOU', 'date': datetime.datetime(2025, 9, 7, 13, 25)}, '2': {'team': 'TEN', 'date': datetime.datetime(2025, 9, 14, 10, 0)}, '3': {'team': 'PHI', 'date': datetime.datetime(2025, 9, 21, 10, 0)}, '4': {'team': 'IND', 'date': datetime.datetime(2025, 9, 28, 13, 5)}, '5': {'team': 'SF', 'date': datetime.datetime(2025, 10, 2, 17, 15)}, '6': {'team': 'BAL', 'date': datetime.datetime(2025, 10, 12, 10, 0)}, '7': {'team': 'JAX', 'date': datetime.datetime(2025, 10, 19, 6, 30)}, '9': {'team': 'NO', 'date': datetime.datetime(2025, 11, 2, 13, 5)}, '10': {'team': 'SF', 'date': datetime.datetime(2025, 11, 9, 13, 25)}, '11': {'team': 'SEA', 'date': datetime.datetime(2025, 11, 16, 13, 5)}, '12': {'team': 'TB', 'date': datetime.datetime(2025, 11, 23, 17, 20)}, '13': {'team': 'CAR', 'date': datetime.datetime(2025, 11, 30, 10, 0)}, '14': {'team': 'ARI', 'date': datetime.datetime(2025, 12, 7, 13, 25)}, '15': {'team': 'DET', 'date': datetime.datetime(2025, 12, 14, 13, 25)}, '16': {'team': 'SEA', 'date': datetime.datetime(2025, 12, 18, 17, 15)}, '17': {'team': 'ATL', 'date': datetime.datetime(2025, 12, 29, 17, 15)}, '18': {'team': 'ARI', 'date': datetime.datetime(2026, 1, 4, 13, 25)}}","['K', 'BE', 'IR']",K,,,,,,,,,,,,,,,,,,,,,,,,,,,,,,,,,,,,,,,,,,,,,,,,,,,,,,,,,,,,,,,,,,,,,,,,,,,,,,1.0,1.0,5.0,6.0,1.0,6.0,6.0,,12.0,13.0,1.0,39.0,39.0,,1.0,1.0,,,,,,,,,,,,,,,,,,,,,,,,,,,,,,,,,,,,,,,,,,,,,,,,,,,,,,,,,,,,,,,,,,,,,,,,,,,,,,,,,,,,,,,,,,,,,,,,,,,,,,,,,,,,,,,,,,,,,,,,,,,,,,,,,,,,,,,,,,,,,,,,,,,,2025,,,,,,442.0,48.0,490.0,87.0,42.0,19.0,15.0,5.0,1.0,9.0,4.0,2.0,1.0,,97.0,47.0,22.0,17.0,6.0,2.0,,,,,,,,,,,,
84.0,5.25,83.34,4.9,1.0,-0.25,,,,,,,,,,,,,,-4.0,33.0,28.3125,2.0,86.0,41.0,19.0,11.0,4.0,2.0,74.0,80.0,13.72727273,,1.0,,1.0,1.0,3.0,3.0,7.0,9.0,12.0,,,16.0,4.634208171,1.599317961,0.21328465,0.010202642,5.0,2.0,1.0,1.0,,,,0.008520166,0.005964116,0.001715503,5.85435e-05,5.866893401,21.96395987,2.638548022,0.18889807,0.143805999,0.093977221,74.0,37.0,18.0,14.0,7.0,27.47434823,,,0.191222009,0.005914083,49.73996064,13.59039765,0.199100712,0.002663864,0.087380416,0.518043189,0.605423605,0.040194991,0.290104186,0.330299177,0.330299177,17.0,Adonai Mitchell,NYJ,ADD,70,4597500,8,Flying Eagles,BE,"{'1': {'team': 'PIT', 'date': datetime.datetime(2025, 9, 7, 10, 0)}, '2': {'team': 'BUF', 'date': datetime.datetime(2025, 9, 14, 10, 0)}, '3': {'team': 'TB', 'date': datetime.datetime(2025, 9, 21, 10, 0)}, '4': {'team': 'MIA', 'date': datetime.datetime(2025, 9, 29, 16, 15)}, '5': {'team': 'DAL', 'date': datetime.datetime(2025, 10, 5, 10, 0)}, '6': {'team': 'DEN', 'date': datetime.datetime(2025, 10, 12, 6, 30)}, '7': {'team': 'CAR', 'date': datetime.datetime(2025, 10, 19, 10, 0)}, '8': {'team': 'CIN', 'date': datetime.datetime(2025, 10, 26, 10, 0)}, '10': {'team': 'CLE', 'date': datetime.datetime(2025, 11, 9, 10, 0)}, '11': {'team': 'NE', 'date': datetime.datetime(2025, 11, 13, 17, 15)}, '12': {'team': 'BAL', 'date': datetime.datetime(2025, 11, 23, 10, 0)}, '13': {'team': 'ATL', 'date': datetime.datetime(2025, 11, 30, 10, 0)}, '14': {'team': 'MIA', 'date': datetime.datetime(2025, 12, 7, 10, 0)}, '15': {'team': 'JAX', 'date': datetime.datetime(2025, 12, 14, 10, 0)}, '16': {'team': 'NO', 'date': datetime.datetime(2025, 12, 21, 10, 0)}, '17': {'team': 'NE', 'date': datetime.datetime(2025, 12, 28, 10, 0)}, '18': {'team': 'BUF', 'date': datetime.datetime(2026, 1, 4, 13, 25)}}","['RB/WR', 'WR', 'WR/TE', 'RB/WR/TE', 'OP', 'BE', 'IR']",BE,1.0,1.0,1.0,1.0,1.0,1.0,,,,,,,,,,,,,1.0,,,,,,,,,,,,,,,,,,,,,,,,,,,,,,,,,,,,,,,,,,,,,,,,,,,,,,,,,,,,,,,,,,,,,,,,,,,,,,,,,,,,,,,,,,,,,,,,,,,,,,,,,,,,,,,,,,,,,,,,,,,,,,,,,,,,,,,,,,,,,,,,,,,,,,,,,,,,,,,,,,,,,,,,,,,,,,,,,,,,,,,,,,,,,,,,,,,,,,,,,,,,,,,,,,,,,,,,,,,,,,2025,,,,,15.0,,,,,,,,,,,,,,,,,,,,,,,,,,,,,3.430561981,16.48810097,,
77.0,9.62,54.68,13.67,21.0,21.125,1.0,31.0,13.0,6.0,3.0,,,,,,,,,8.04761905,,,,,,,,,,,,,,2.0,,1.0,11.0,,1.0,3.0,5.0,48.0,1.0,,8.0,15.49426797,17.26289047,0.618041239,0.040732098,13.0,6.0,3.0,2.0,1.0,3.0,1.0,0.029433059,0.020603141,0.05185873,0.001769739,4.45658756,,,,,,,,,,,,,,,,,,0.322277257,0.009819208,0.207860941,,2.231638284,0.095616033,,1.067029157,4.625382974,4.0,Shedeur Sanders,CLE,ADD,37,4432762,8,Flying Eagles,BE,"{'1': {'team': 'CIN', 'date': datetime.datetime(2025, 9, 7, 10, 0)}, '2': {'team': 'BAL', 'date': datetime.datetime(2025, 9, 14, 10, 0)}, '3': {'team': 'GB', 'date': datetime.datetime(2025, 9, 21, 10, 0)}, '4': {'team': 'DET', 'date': datetime.datetime(2025, 9, 28, 10, 0)}, '5': {'team': 'MIN', 'date': datetime.datetime(2025, 10, 5, 6, 30)}, '6': {'team': 'PIT', 'date': datetime.datetime(2025, 10, 12, 10, 0)}, '7': {'team': 'MIA', 'date': datetime.datetime(2025, 10, 19, 10, 0)}, '8': {'team': 'NE', 'date': datetime.datetime(2025, 10, 26, 10, 0)}, '10': {'team': 'NYJ', 'date': datetime.datetime(2025, 11, 9, 10, 0)}, '11': {'team': 'BAL', 'date': datetime.datetime(2025, 11, 16, 13, 25)}, '12': {'team': 'LV', 'date': datetime.datetime(2025, 11, 23, 13, 5)}, '13': {'team': 'SF', 'date': datetime.datetime(2025, 11, 30, 10, 0)}, '14': {'team': 'TEN', 'date': datetime.datetime(2025, 12, 7, 10, 0)}, '15': {'team': 'CHI', 'date': datetime.datetime(2025, 12, 14, 10, 0)}, '16': {'team': 'BUF', 'date': datetime.datetime(2025, 12, 21, 10, 0)}, '17': {'team': 'PIT', 'date': datetime.datetime(2025, 12, 28, 10, 0)}, '18': {'team': 'CIN', 'date': datetime.datetime(2026, 1, 4, 10, 0)}}","['Rookie', 'QB', 'OP', 'BE', 'IR']",BE,,,,,,,,,,,,,,,,,,,,,212.0,120.0,92.0,175.0,7.0,276.0,135.0,66.0,52.0,24.0,10.0,21.0,9.0,14.0,4.0,2.0,2.0,1.0,,10.0,0.56603774,23.0,1.0,2.0,1.0,1.0,1.0,139.8496566,87.11273223,52.73692435,233.5547736,4.130509347,186.0,93.0,46.0,37.0,18.0,9.0,17.0,8.0,0.74387827,0.486124449,0.702721365,0.094919231,0.281545159,3.558353816,0.622902725,11.00575796,2.023777343,0.971413124,,,,1.0,,,,,,,,,,,,,,,,,,,,,,,,,,,,,,,,,,,,,,,,,,,,,,,,,,,,,,,,,,,,,,,,,,,,,,,,,,,,,,,,,,,,,,,,,,,,,,,,,,,,,,,,,,,,,,,,,,,,,,,,,,,,,,,,,,,,,,,,,,,,,,,,,,,,,,,,,,,,,,,,,,,,,,,2025,,,54.0,7.0,,,,,,,,,,,,,,,,,,,,,,,,,,,,,,4.221152158,,45.42269247,
98.0,5.76,81.94,4.82,,,,,,,,,,,,,,,,,,,,,,,,,,,,,,,,,,659.0,1130.0,8.0,9.0,,,,17.0,,,,,,,,,,,,,,,,,,,,,,,,,,,,,,,,,,,,,,,,,,,17.0,Falcons D/ST,ATL,ADD,13,-16001,8,Flying Eagles,BE,"{'1': {'team': 'TB', 'date': datetime.datetime(2025, 9, 7, 10, 0)}, '2': {'team': 'MIN', 'date': datetime.datetime(2025, 9, 14, 17, 20)}, '3': {'team': 'CAR', 'date': datetime.datetime(2025, 9, 21, 10, 0)}, '4': {'team': 'WSH', 'date': datetime.datetime(2025, 9, 28, 10, 0)}, '6': {'team': 'BUF', 'date': datetime.datetime(2025, 10, 13, 16, 15)}, '7': {'team': 'SF', 'date': datetime.datetime(2025, 10, 19, 17, 20)}, '8': {'team': 'MIA', 'date': datetime.datetime(2025, 10, 26, 10, 0)}, '9': {'team': 'NE', 'date': datetime.datetime(2025, 11, 2, 10, 0)}, '10': {'team': 'IND', 'date': datetime.datetime(2025, 11, 9, 6, 30)}, '11': {'team': 'CAR', 'date': datetime.datetime(2025, 11, 16, 10, 0)}, '12': {'team': 'NO', 'date': datetime.datetime(2025, 11, 23, 13, 25)}, '13': {'team': 'NYJ', 'date': datetime.datetime(2025, 11, 30, 10, 0)}, '14': {'team': 'SEA', 'date': datetime.datetime(2025, 12, 7, 10, 0)}, '15': {'team': 'TB', 'date': datetime.datetime(2025, 12, 11, 17, 15)}, '16': {'team': 'ARI', 'date': datetime.datetime(2025, 12, 21, 13, 5)}, '17': {'team': 'LAR', 'date': datetime.datetime(2025, 12, 29, 17, 15)}, '18': {'team': 'NO', 'date': datetime.datetime(2026, 1, 4, 10, 0)}}","['D/ST', 'BE', 'IR']",BE,,,,,,,1531.0,147.0,54.0,0.375380459,0.163793861,1330.692062,257.7739448,133.0,53.0,25.0,10.0,,,,,,,,,,,,,,,,,,,,,,,,,,,,,,,,,,,,,,,,,,,,,,,,,,,,,,,,,471.0,,,12.0,,,,,,,,,,,,,,,,,,,,,,,,,,,,,,,,,,,7.0,0.0,2.0,0.0,2.0,1.0,16.0,1.0,,57.0,114.0,,,1.0,1.0,372.0,219.0,61.0,87.0,168.0,12.0,3.0,389.0,2.0,6.0,4.0,1.0,5553.0,0.0,1.0,6.0,6.0,2.0,0.0,1.0,1.0,0.0,0.0,2.0,0.0,2.0,2.0,6.0,4.0,1.0,0.095123901,0.424660272,1.851518785,2.174260592,0.113994471,1.73996134,12.52193456,8.929211302,1.87002144,0.241049855,41.74128244,83.48256488,1.187725597,0.552235743,2.393130131,13.73724816,1067.141841,355.0,213.0,64.82956833,402.4828007,2.463029576,4.212629896,3.550159872,1.970423661,0.258193445,23.67545886,6143.948846,0.169745382,2.036944583,3.055416875,4.328507239,3.819271093,2.376435347,0.933599601,0.28007988,361.4087557,,,,,,,,,,,,,,,,,,,,,,,,,,,,,,,,,,,,,,,,,,,,,,,,2025,,,,,,,,,,,,,,,,,,,,,,,,,,,,,,,,,,,,,39.28623882
365.0,22.81,297.81,17.52,10.0,6.5625,1.0,18.0,7.0,3.0,1.0,,,,,1.0,,,,10.5,129.0,107.1875,10.0,339.0,165.0,78.0,61.0,25.0,21.0,166.0,666.0,13.29457364,,1.0,,1.0,1.0,,,11.0,5.0,66.0,,2.0,16.0,13.41453274,4.534306641,0.786406826,0.042926648,15.0,7.0,3.0,3.0,1.0,2.0,1.0,0.024781076,0.017346753,0.014861198,0.000507156,5.74624658,82.41787437,6.923270457,0.374465482,0.311251135,0.203402617,280.0,140.0,70.0,56.0,28.0,105.2520822,,,5.409227255,0.167295688,153.8252306,13.31188738,0.41739213,0.006290581,0.161616259,1.268061145,1.429677404,0.074343479,0.710114241,0.78445772,0.78445772,17.0,Puka Nacua,LAR,DRAFT,1,4426515,9,Team Sprawl n Brawl,WR,"{'1': {'team': 'HOU', 'date': datetime.datetime(2025, 9, 7, 13, 25)}, '2': {'team': 'TEN', 'date': datetime.datetime(2025, 9, 14, 10, 0)}, '3': {'team': 'PHI', 'date': datetime.datetime(2025, 9, 21, 10, 0)}, '4': {'team': 'IND', 'date': datetime.datetime(2025, 9, 28, 13, 5)}, '5': {'team': 'SF', 'date': datetime.datetime(2025, 10, 2, 17, 15)}, '6': {'team': 'BAL', 'date': datetime.datetime(2025, 10, 12, 10, 0)}, '7': {'team': 'JAX', 'date': datetime.datetime(2025, 10, 19, 6, 30)}, '9': {'team': 'NO', 'date': datetime.datetime(2025, 11, 2, 13, 5)}, '10': {'team': 'SF', 'date': datetime.datetime(2025, 11, 9, 13, 25)}, '11': {'team': 'SEA', 'date': datetime.datetime(2025, 11, 16, 13, 5)}, '12': {'team': 'TB', 'date': datetime.datetime(2025, 11, 23, 17, 20)}, '13': {'team': 'CAR', 'date': datetime.datetime(2025, 11, 30, 10, 0)}, '14': {'team': 'ARI', 'date': datetime.datetime(2025, 12, 7, 13, 25)}, '15': {'team': 'DET', 'date': datetime.datetime(2025, 12, 14, 13, 25)}, '16': {'team': 'SEA', 'date': datetime.datetime(2025, 12, 18, 17, 15)}, '17': {'team': 'ATL', 'date': datetime.datetime(2025, 12, 29, 17, 15)}, '18': {'team': 'ARI', 'date': datetime.datetime(2026, 1, 4, 13, 25)}}","['RB/WR', 'WR', 'WR/TE', 'RB/WR/TE', 'OP', 'BE', 'IR']",WR,1.0,,7.0,5.0,1.0,1.0,,,,,,,,,,,,6.0,4.0,2.0,,,,,,,,,,,,,,,,,,,,,,,,,,,,,,,,,,,,,,,,,,,,,,,,,,,,,1.0,,,,,,,,,,,,,,,,,,,,,,,,,,,,,,,,,,,,,,,,,,,,,,,,,,,,,,,,,,,,,,,,,,,,,,,,,,,,,,,,,,,,,,,,,,,,,,,,,,,,,,,,,,,,,,,,,,,,,,,,,,1.0,,,,,,,,,,,,,,,,,,,,,,,,,,,,,,,,,,,,,,,,,,,,,,2025,,,,5.0,80.0,,,,,,,,,,,,,,,,,,,,,,,,,,,,,6.075972477,64.30869272,,
288.0,16.94,269.51,15.85,309.0,95.35294118,12.0,316.0,153.0,72.0,55.0,24.0,10.0,55.0,23.0,4.0,1.0,8.0,1.0,5.24595469,33.0,17.11764706,2.0,52.0,24.0,8.0,6.0,2.0,2.0,40.0,272.0,8.81818182,6.0,6.0,3.0,3.0,3.0,,,12.0,5.0,84.0,6.0,,17.0,265.7198462,72.97350265,11.7910192,0.378323904,248.0,124.0,62.0,49.0,24.0,53.0,26.0,0.557901653,0.390531157,3.984128638,0.135963025,4.668637149,16.66657407,1.886420803,0.10214065,0.065965185,0.043108249,56.0,28.0,14.0,11.0,5.0,36.57462311,,,0.114587737,0.003543951,45.23013286,7.746676112,0.480464554,0.010032817,2.004305819,0.27587977,2.280185589,0.921980677,0.154492671,1.076473348,1.076473348,17.0,James Cook III,BUF,DRAFT,6,4379399,9,Team Sprawl n Brawl,RB,"{'1': {'team': 'BAL', 'date': datetime.datetime(2025, 9, 7, 17, 20)}, '2': {'team': 'NYJ', 'date': datetime.datetime(2025, 9, 14, 10, 0)}, '3': {'team': 'MIA', 'date': datetime.datetime(2025, 9, 18, 17, 15)}, '4': {'team': 'NO', 'date': datetime.datetime(2025, 9, 28, 10, 0)}, '5': {'team': 'NE', 'date': datetime.datetime(2025, 10, 5, 17, 20)}, '6': {'team': 'ATL', 'date': datetime.datetime(2025, 10, 13, 16, 15)}, '8': {'team': 'CAR', 'date': datetime.datetime(2025, 10, 26, 10, 0)}, '9': {'team': 'KC', 'date': datetime.datetime(2025, 11, 2, 13, 25)}, '10': {'team': 'MIA', 'date': datetime.datetime(2025, 11, 9, 10, 0)}, '11': {'team': 'TB', 'date': datetime.datetime(2025, 11, 16, 10, 0)}, '12': {'team': 'HOU', 'date': datetime.datetime(2025, 11, 20, 17, 15)}, '13': {'team': 'PIT', 'date': datetime.datetime(2025, 11, 30, 13, 25)}, '14': {'team': 'CIN', 'date': datetime.datetime(2025, 12, 7, 10, 0)}, '15': {'team': 'NE', 'date': datetime.datetime(2025, 12, 14, 10, 0)}, '16': {'team': 'CLE', 'date': datetime.datetime(2025, 12, 21, 10, 0)}, '17': {'team': 'PHI', 'date': datetime.datetime(2025, 12, 28, 13, 25)}, '18': {'team': 'NYJ', 'date': datetime.datetime(2026, 1, 4, 13, 25)}}","['RB', 'RB/WR', 'RB/WR/TE', 'OP', 'BE', 'IR']",RB,,,,,,,,,,,,,,,,,,,1.0,1.0,,,,,,,,,,,,,,,,,,,,,,,6.0,,,,,,,,,,,,,,,,,,,,,,,,,,,,,,,,1.0,1.0,,,,,,,,,,,,,,,,,,,,,,,,,,,,,,,,,,,,,,,,,,,,,,,,,,,,,,,,,,,,,,,,,,,,,,,,,,,,,,,,,,,,,,,,,,,,,,,,,,,,,,,,,,,,,,,,,,,,,,,,,3.0,,,,,,,,,,,,,,,,,,,,,,,,,,,,,,,,,,,,,,,,,,,,2025,,,,68.0,11.0,,,,,,,,,,,,,,,,,,,,,,,,,,,,,68.89309669,15.77141804,,
98.0,12.25,240.59,14.15,,,,,,,,,,,,,,,,,36.0,49.375,4.0,77.0,38.0,17.0,13.0,5.0,5.0,59.0,100.0,10.97222222,,1.0,,,,1.0,1.0,1.0,7.0,24.0,,1.0,8.0,4.669990282,1.512627789,0.125177663,0.005476818,5.0,2.0,1.0,1.0,,,,0.008586158,0.00601031,0.001527629,5.21321e-05,5.506365294,68.3723633,5.615255251,0.367599752,0.199173588,0.13015994,232.0,116.0,58.0,46.0,23.0,89.38988108,,,3.634653341,0.112411959,143.0309424,13.00292787,0.37307657,0.008069022,0.091049976,1.742818722,1.833868697,0.041882989,0.975978484,1.017861473,1.017861473,17.0,Garrett Wilson,NYJ,DRAFT,60,4569618,9,Team Sprawl n Brawl,BE,"{'1': {'team': 'PIT', 'date': datetime.datetime(2025, 9, 7, 10, 0)}, '2': {'team': 'BUF', 'date': datetime.datetime(2025, 9, 14, 10, 0)}, '3': {'team': 'TB', 'date': datetime.datetime(2025, 9, 21, 10, 0)}, '4': {'team': 'MIA', 'date': datetime.datetime(2025, 9, 29, 16, 15)}, '5': {'team': 'DAL', 'date': datetime.datetime(2025, 10, 5, 10, 0)}, '6': {'team': 'DEN', 'date': datetime.datetime(2025, 10, 12, 6, 30)}, '7': {'team': 'CAR', 'date': datetime.datetime(2025, 10, 19, 10, 0)}, '8': {'team': 'CIN', 'date': datetime.datetime(2025, 10, 26, 10, 0)}, '10': {'team': 'CLE', 'date': datetime.datetime(2025, 11, 9, 10, 0)}, '11': {'team': 'NE', 'date': datetime.datetime(2025, 11, 13, 17, 15)}, '12': {'team': 'BAL', 'date': datetime.datetime(2025, 11, 23, 10, 0)}, '13': {'team': 'ATL', 'date': datetime.datetime(2025, 11, 30, 10, 0)}, '14': {'team': 'MIA', 'date': datetime.datetime(2025, 12, 7, 10, 0)}, '15': {'team': 'JAX', 'date': datetime.datetime(2025, 12, 14, 10, 0)}, '16': {'team': 'NO', 'date': datetime.datetime(2025, 12, 21, 10, 0)}, '17': {'team': 'NE', 'date': datetime.datetime(2025, 12, 28, 10, 0)}, '18': {'team': 'BUF', 'date': datetime.datetime(2026, 1, 4, 13, 25)}}","['RB/WR', 'WR', 'WR/TE', 'RB/WR/TE', 'OP', 'BE', 'IR']",BE,,,,,1.0,,,,,,,,,,,,,1.0,1.0,1.0,,,,,,,,,,,,,,,,,,,,,,,,,,,,,,,,,,,,,,,,,,,,,,,,,,,,,1.0,,,,,,,,,,,,,,,,,,,,,,,,,,,,,,,,,,,,,,,,,,,,,,,,,,,,,,,,,,,,,,,,,,,,,,,,,,,,,,,,,,,,,,,,,,,,,,,,,,,,,,,,,,,,,,,,,,,,,,,,,,,,,,,,,,,,,,,,,,,,,,,,,,,,,,,,,,,,,,,,,,,,,,,,2025,,,,,17.0,,,,,,,,,,,,,,,,,,,,,,,,,,,,,3.317290875,53.57386437,,
155.0,9.12,212.32,12.49,158.0,42.11764706,8.0,138.0,66.0,29.0,21.0,7.0,1.0,25.0,8.0,,,1.0,,4.53164557,24.0,11.29411765,,33.0,13.0,1.0,1.0,,,29.0,199.0,8.0,2.0,2.0,1.0,1.0,1.0,,,9.0,8.0,56.0,6.0,,17.0,205.9770366,49.97976503,10.05112764,0.39752028,169.0,84.0,42.0,33.0,16.0,41.0,20.0,0.420175139,0.294122597,1.866311159,0.06369004,4.125003542,15.95065692,0.976521842,0.05551392,0.064626083,0.042233145,54.0,27.0,13.0,10.0,5.0,36.04344525,,,0.107367082,0.003320631,43.46677269,7.523175598,0.4530342,0.008541348,1.652115613,0.28909989,1.941215504,0.759973182,0.161895938,0.921869121,0.921869121,17.0,David Montgomery,HOU,DRAFT,27,4035538,9,Team Sprawl n Brawl,RB,"{'1': {'team': 'LAR', 'date': datetime.datetime(2025, 9, 7, 13, 25)}, '2': {'team': 'TB', 'date': datetime.datetime(2025, 9, 15, 16, 0)}, '3': {'team': 'JAX', 'date': datetime.datetime(2025, 9, 21, 10, 0)}, '4': {'team': 'TEN', 'date': datetime.datetime(2025, 9, 28, 10, 0)}, '5': {'team': 'BAL', 'date': datetime.datetime(2025, 10, 5, 10, 0)}, '7': {'team': 'SEA', 'date': datetime.datetime(2025, 10, 20, 19, 0)}, '8': {'team': 'SF', 'date': datetime.datetime(2025, 10, 26, 10, 0)}, '9': {'team': 'DEN', 'date': datetime.datetime(2025, 11, 2, 10, 0)}, '10': {'team': 'JAX', 'date': datetime.datetime(2025, 11, 9, 10, 0)}, '11': {'team': 'TEN', 'date': datetime.datetime(2025, 11, 16, 10, 0)}, '12': {'team': 'BUF', 'date': datetime.datetime(2025, 11, 20, 17, 15)}, '13': {'team': 'IND', 'date': datetime.datetime(2025, 11, 30, 10, 0)}, '14': {'team': 'KC', 'date': datetime.datetime(2025, 12, 7, 17, 20)}, '15': {'team': 'ARI', 'date': datetime.datetime(2025, 12, 14, 10, 0)}, '16': {'team': 'LV', 'date': datetime.datetime(2025, 12, 21, 13, 25)}, '17': {'team': 'LAC', 'date': datetime.datetime(2025, 12, 27, 13, 30)}, '18': {'team': 'IND', 'date': datetime.datetime(2026, 1, 4, 10, 0)}}","['RB', 'RB/WR', 'RB/WR/TE', 'OP', 'BE', 'IR']",RB,,,,,,,,,,,,,,,,,,,,,2.0,1.0,1.0,0.17647059,1.0,,,,,,,,,,,,,,,,0.5,1.0,1.0,1.0,,,,,,,,,,,,,,,,,,,,,,,,,,,,,,,,,,,,,,,,,,,,,,,,,,,,,,,,,,,,,,,,,,,,,,,,,,,,,,,,,,,,,,,,,,,,,,,,,,,,,,,,,,,,,,,,,,,,,,,,,,,,,,,,,,,,,,,,,,,,,,,,,,,,,,,,2.0,1.0,,,,,1.0,,,,,,,,,,,,,,,,,,,,,,,,,,,,,,,,,,,,,,,2025,,,1.0,41.0,11.0,,,,,,,,,,,,,,,,,,,,,,,,,,,,,50.76779265,14.94265604,,
185.0,10.88,180.22,10.6,1.0,0.05882353,,,,,,,,,,,,,,1.0,76.0,50.05882353,5.0,164.0,77.0,35.0,25.0,8.0,8.0,108.0,424.0,11.19736842,,1.0,,,,2.0,3.0,6.0,11.0,32.0,,1.0,17.0,,,,,,,,,,,,,,,,,43.45009876,5.188651514,0.272165565,0.113465197,0.074149506,147.0,73.0,36.0,29.0,14.0,76.63319607,,,1.128045717,0.034888012,103.9878103,9.638795154,0.272165565,0.004397615,,0.999457981,0.999457981,,0.559696469,0.559696469,0.559696469,17.0,Travis Kelce,KC,DRAFT,3,15847,9,Team Sprawl n Brawl,TE,"{'1': {'team': 'LAC', 'date': datetime.datetime(2025, 9, 5, 17, 0)}, '2': {'team': 'PHI', 'date': datetime.datetime(2025, 9, 14, 13, 25)}, '3': {'team': 'NYG', 'date': datetime.datetime(2025, 9, 21, 17, 20)}, '4': {'team': 'BAL', 'date': datetime.datetime(2025, 9, 28, 13, 25)}, '5': {'team': 'JAX', 'date': datetime.datetime(2025, 10, 6, 17, 15)}, '6': {'team': 'DET', 'date': datetime.datetime(2025, 10, 12, 17, 20)}, '7': {'team': 'LV', 'date': datetime.datetime(2025, 10, 19, 10, 0)}, '8': {'team': 'WSH', 'date': datetime.datetime(2025, 10, 27, 17, 15)}, '9': {'team': 'BUF', 'date': datetime.datetime(2025, 11, 2, 13, 25)}, '11': {'team': 'DEN', 'date': datetime.datetime(2025, 11, 16, 13, 25)}, '12': {'team': 'IND', 'date': datetime.datetime(2025, 11, 23, 10, 0)}, '13': {'team': 'DAL', 'date': datetime.datetime(2025, 11, 27, 13, 30)}, '14': {'team': 'HOU', 'date': datetime.datetime(2025, 12, 7, 17, 20)}, '15': {'team': 'LAC', 'date': datetime.datetime(2025, 12, 14, 10, 0)}, '16': {'team': 'TEN', 'date': datetime.datetime(2025, 12, 21, 10, 0)}, '17': {'team': 'DEN', 'date': datetime.datetime(2025, 12, 25, 17, 15)}, '18': {'team': 'LV', 'date': datetime.datetime(2026, 1, 4, 13, 25)}}","['WR/TE', 'TE', 'RB/WR/TE', 'OP', 'BE', 'IR']",TE,,,,,1.0,,,,,,,,,,,,,,2.0,1.0,,,,,,,,,,,,,,,,,,,,,,,,,,,,,,,,,,,,,,,,,,,,,,,,,,,1.0,,1.0,1.0,,,,,,,,,,,,,,,,,,,,,,,,,,,,,,,,,,,,,,,,,,,,,,,,,,,,,,,,,,,,,,,,,,,,,,,,,,,,,,,,,,,,,,,,,,,,,,,,,,,,,,,,,,,,,,,,,,,,,,,,,,,,,,,,,,,,,,,,,,,,,,,,,,,,,,,,,,,,,,,,,,,,,,,2025,,,,,45.0,,,,,,,,,,,,,,,,,,,,,,,,,,,,,,38.808359,,
305.0,17.94,278.72,16.4,77.0,22.52941176,3.0,71.0,33.0,12.0,9.0,3.0,,8.0,,,,,,4.97402597,2.0,1.29411765,1.0,4.0,2.0,1.0,,,,2.0,25.0,11.0,7.0,8.0,,1.0,8.0,1.0,1.0,11.0,6.0,186.0,2.0,,17.0,74.82951819,26.18114185,1.360577925,0.069403653,89.0,44.0,22.0,17.0,8.0,14.0,7.0,0.14281789,0.099972523,0.50890043,0.017366819,5.947912297,,,,,,,,,,,,,,,,,,1.493832247,0.040674981,1.032926667,,9.244313814,0.475146267,,4.416612097,15.49325762,17.0,Caleb Williams,CHI,DRAFT,5,4431611,9,Team Sprawl n Brawl,BE,"{'1': {'team': 'MIN', 'date': datetime.datetime(2025, 9, 8, 17, 15)}, '2': {'team': 'DET', 'date': datetime.datetime(2025, 9, 14, 10, 0)}, '3': {'team': 'DAL', 'date': datetime.datetime(2025, 9, 21, 13, 25)}, '4': {'team': 'LV', 'date': datetime.datetime(2025, 9, 28, 13, 25)}, '6': {'team': 'WSH', 'date': datetime.datetime(2025, 10, 13, 17, 15)}, '7': {'team': 'NO', 'date': datetime.datetime(2025, 10, 19, 10, 0)}, '8': {'team': 'BAL', 'date': datetime.datetime(2025, 10, 26, 10, 0)}, '9': {'team': 'CIN', 'date': datetime.datetime(2025, 11, 2, 10, 0)}, '10': {'team': 'NYG', 'date': datetime.datetime(2025, 11, 9, 10, 0)}, '11': {'team': 'MIN', 'date': datetime.datetime(2025, 11, 16, 10, 0)}, '12': {'team': 'PIT', 'date': datetime.datetime(2025, 11, 23, 10, 0)}, '13': {'team': 'PHI', 'date': datetime.datetime(2025, 11, 28, 12, 0)}, '14': {'team': 'GB', 'date': datetime.datetime(2025, 12, 7, 13, 25)}, '15': {'team': 'CLE', 'date': datetime.datetime(2025, 12, 14, 10, 0)}, '16': {'team': 'GB', 'date': datetime.datetime(2025, 12, 20, 17, 20)}, '17': {'team': 'SF', 'date': datetime.datetime(2025, 12, 28, 17, 20)}, '18': {'team': 'DET', 'date': datetime.datetime(2026, 1, 4, 13, 25)}}","['QB', 'OP', 'BE', 'IR']",BE,,,,,,,,,,,,,,,,,,,1.0,,568.0,330.0,238.0,231.88235294,27.0,783.0,389.0,189.0,150.0,71.0,31.0,60.0,24.0,41.0,16.0,4.0,3.0,1.0,1.0,7.0,0.58098592,24.0,2.0,11.0,3.0,6.0,3.0,551.8402046,350.666781,201.1734236,228.7673975,24.82819913,777.0,388.0,194.0,155.0,77.0,38.0,70.0,35.0,3.041854161,1.987851694,2.763792568,0.373315909,1.424428594,11.07664552,0.63544986,43.02694658,8.211387147,3.94146583,,,,,1.0,,,,,,,,,,,,,,,,,,,,,,,,,,,,,,,,,,,,,,,,,,,,,,,,,,,,,,,,,,,,,,,,,,,,,,,,,,,,,,,,,,,,,,,,,,,,,,,,,,,,,,,,,,,,,,,,,,,,,,,,,,,,,,,,,,,,,,,,,,,,,,,,,,,,,,,,,,,,,,,,,,,,,,2025,,,187.0,28.0,2.0,,,,,,,,,,,,,,,,,,,,,,,,,,,,,22.66068376,,189.1119227,
260.0,16.25,209.42,12.32,1.0,-0.1875,,,,,,,,,,,,,,-3.0,100.0,72.6875,9.0,225.0,108.0,49.0,38.0,16.0,14.0,156.0,289.0,11.63,,,,,1.0,1.0,1.0,6.0,10.0,54.0,,1.0,16.0,,,,,,,,,,,,,,,,,60.23910201,4.210946924,0.245163077,0.186103404,0.121618574,204.0,102.0,51.0,40.0,20.0,83.28999738,,,2.673510332,0.082685887,128.0532417,12.29517068,0.245163077,0.006554924,,1.489755352,1.489755352,,0.834262997,0.834262997,0.834262997,17.0,Chris Olave,NO,DRAFT,6,4361370,9,Team Sprawl n Brawl,WR,"{'1': {'team': 'ARI', 'date': datetime.datetime(2025, 9, 7, 10, 0)}, '2': {'team': 'SF', 'date': datetime.datetime(2025, 9, 14, 10, 0)}, '3': {'team': 'SEA', 'date': datetime.datetime(2025, 9, 21, 13, 5)}, '4': {'team': 'BUF', 'date': datetime.datetime(2025, 9, 28, 10, 0)}, '5': {'team': 'NYG', 'date': datetime.datetime(2025, 10, 5, 10, 0)}, '6': {'team': 'NE', 'date': datetime.datetime(2025, 10, 12, 10, 0)}, '7': {'team': 'CHI', 'date': datetime.datetime(2025, 10, 19, 10, 0)}, '8': {'team': 'TB', 'date': datetime.datetime(2025, 10, 26, 13, 5)}, '9': {'team': 'LAR', 'date': datetime.datetime(2025, 11, 2, 13, 5)}, '10': {'team': 'CAR', 'date': datetime.datetime(2025, 11, 9, 10, 0)}, '12': {'team': 'ATL', 'date': datetime.datetime(2025, 11, 23, 13, 25)}, '13': {'team': 'MIA', 'date': datetime.datetime(2025, 11, 30, 10, 0)}, '14': {'team': 'TB', 'date': datetime.datetime(2025, 12, 7, 10, 0)}, '15': {'team': 'CAR', 'date': datetime.datetime(2025, 12, 14, 13, 25)}, '16': {'team': 'NYJ', 'date': datetime.datetime(2025, 12, 21, 10, 0)}, '17': {'team': 'TEN', 'date': datetime.datetime(2025, 12, 28, 10, 0)}, '18': {'team': 'ATL', 'date': datetime.datetime(2026, 1, 4, 10, 0)}}","['RB/WR', 'WR', 'WR/TE', 'RB/WR/TE', 'OP', 'BE', 'IR']",WR,1.0,1.0,3.0,3.0,,,,,,,,,,,,,,2.0,1.0,2.0,1.0,,1.0,,,,,,,,,,,,,,,,,1.0,,,,,,,,,,,,,,,,,,,,,,,,,,,,,,,,,4.0,,,,,,,,,,,,,,,,,,,,,,,,,,,,,,,,,,,,,,,,,,,,,,,,,,,,,,,,,,,,,,,,,,,,,,,,,,,,,,,,,,,,,,,,,,,,,,,,,,,,,,,,,,,,,,,,,,,,,,,,,,,,,,,,,,,,,,,,,,,,,,,,,,,,,,,,,,,,,,,,,,,,,,,,2025,,,,,53.0,,,,,,,,,,,,,,,,,,,,,,,,,,,,,,47.79643755,,
301.0,17.71,284.34,16.73,53.0,10.41176471,2.0,30.0,13.0,4.0,3.0,,,4.0,,,,,,3.33962264,,,,,,,,,,,,,4.0,6.0,1.0,2.0,12.0,2.0,2.0,7.0,9.0,192.0,2.0,,17.0,48.47835076,11.57451946,2.354771937,0.142097412,39.0,19.0,9.0,7.0,3.0,9.0,4.0,0.091249963,0.063874974,0.098748778,0.003369917,4.058859836,,,,,,,,,,,,,,,,,,1.570452241,0.038481826,0.616817488,,8.74586959,0.283736044,,4.185681053,18.08135999,17.0,Dak Prescott,DAL,DRAFT,6,2577417,9,Team Sprawl n Brawl,QB,"{'1': {'team': 'PHI', 'date': datetime.datetime(2025, 9, 4, 17, 20)}, '2': {'team': 'NYG', 'date': datetime.datetime(2025, 9, 14, 10, 0)}, '3': {'team': 'CHI', 'date': datetime.datetime(2025, 9, 21, 13, 25)}, '4': {'team': 'GB', 'date': datetime.datetime(2025, 9, 28, 17, 20)}, '5': {'team': 'NYJ', 'date': datetime.datetime(2025, 10, 5, 10, 0)}, '6': {'team': 'CAR', 'date': datetime.datetime(2025, 10, 12, 10, 0)}, '7': {'team': 'WSH', 'date': datetime.datetime(2025, 10, 19, 13, 25)}, '8': {'team': 'DEN', 'date': datetime.datetime(2025, 10, 26, 13, 25)}, '9': {'team': 'ARI', 'date': datetime.datetime(2025, 11, 3, 17, 15)}, '11': {'team': 'LV', 'date': datetime.datetime(2025, 11, 17, 17, 15)}, '12': {'team': 'PHI', 'date': datetime.datetime(2025, 11, 23, 13, 25)}, '13': {'team': 'KC', 'date': datetime.datetime(2025, 11, 27, 13, 30)}, '14': {'team': 'DET', 'date': datetime.datetime(2025, 12, 4, 17, 15)}, '15': {'team': 'MIN', 'date': datetime.datetime(2025, 12, 14, 17, 20)}, '16': {'team': 'LAC', 'date': datetime.datetime(2025, 12, 21, 10, 0)}, '17': {'team': 'WSH', 'date': datetime.datetime(2025, 12, 25, 10, 0)}, '18': {'team': 'NYG', 'date': datetime.datetime(2026, 1, 4, 10, 0)}}","['QB', 'OP', 'BE', 'IR']",QB,,,,,,,,,,,,,,,,,,,,,600.0,404.0,196.0,267.76470588,30.0,903.0,448.0,220.0,174.0,84.0,36.0,74.0,33.0,30.0,10.0,4.0,2.0,6.0,3.0,10.0,0.67333333,31.0,1.0,16.0,6.0,2.0,3.0,599.7948777,397.5651327,202.229745,258.5070308,27.25052663,878.0,439.0,219.0,175.0,87.0,43.0,79.0,39.0,3.810583375,2.490216235,4.343479943,0.586690253,1.428354829,13.89567894,0.662835158,39.10244123,8.129052102,3.901945009,,,,,,,,,,,,,,,,,,,,,,,,,,,,,,,,,,,,,,,,,,,,,,,,,,,,,,,,,,,,,,,,,,,,,,,,,,,,,,,,,,,,,,,,,,,,,,,,,,,,,,,,,,,,,,,,,,,,,,,,,,,,,,,,,,,,,,,,,,,,,,,,,,,,,,,,,,,,,,,,,,,,,,,,,,,2025,,,220.0,15.0,,,,,,,,,,,,,,,,,,,,,,,,,,,,,,13.41658598,,214.2136387,
113.0,6.65,104.44,6.14,143.0,30.23529412,8.0,95.0,44.0,17.0,13.0,4.0,,23.0,9.0,,,,,3.59440559,14.0,5.64705882,,18.0,7.0,2.0,2.0,,,16.0,120.0,6.85714286,,,,,,2.0,5.0,8.0,9.0,48.0,6.0,,17.0,125.6329724,33.67577888,3.915779102,0.176828147,114.0,57.0,28.0,22.0,11.0,25.0,12.0,0.246181828,0.17232728,0.845990125,0.028870397,4.556831141,5.344753025,0.34016352,0.021208769,0.046284492,0.030246915,18.0,9.0,4.0,3.0,1.0,13.07511446,,,0.040423725,0.001250218,15.89491988,6.949140039,0.198036916,0.002729202,0.561803972,0.058469135,0.620273107,0.258429827,0.032742716,0.291172543,0.291172543,17.0,Tyler Allgeier,ATL,DRAFT,39,4373626,9,Team Sprawl n Brawl,RB/WR/TE,"{'1': {'team': 'TB', 'date': datetime.datetime(2025, 9, 7, 10, 0)}, '2': {'team': 'MIN', 'date': datetime.datetime(2025, 9, 14, 17, 20)}, '3': {'team': 'CAR', 'date': datetime.datetime(2025, 9, 21, 10, 0)}, '4': {'team': 'WSH', 'date': datetime.datetime(2025, 9, 28, 10, 0)}, '6': {'team': 'BUF', 'date': datetime.datetime(2025, 10, 13, 16, 15)}, '7': {'team': 'SF', 'date': datetime.datetime(2025, 10, 19, 17, 20)}, '8': {'team': 'MIA', 'date': datetime.datetime(2025, 10, 26, 10, 0)}, '9': {'team': 'NE', 'date': datetime.datetime(2025, 11, 2, 10, 0)}, '10': {'team': 'IND', 'date': datetime.datetime(2025, 11, 9, 6, 30)}, '11': {'team': 'CAR', 'date': datetime.datetime(2025, 11, 16, 10, 0)}, '12': {'team': 'NO', 'date': datetime.datetime(2025, 11, 23, 13, 25)}, '13': {'team': 'NYJ', 'date': datetime.datetime(2025, 11, 30, 10, 0)}, '14': {'team': 'SEA', 'date': datetime.datetime(2025, 12, 7, 10, 0)}, '15': {'team': 'TB', 'date': datetime.datetime(2025, 12, 11, 17, 15)}, '16': {'team': 'ARI', 'date': datetime.datetime(2025, 12, 21, 13, 5)}, '17': {'team': 'LAR', 'date': datetime.datetime(2025, 12, 29, 17, 15)}, '18': {'team': 'NO', 'date': datetime.datetime(2026, 1, 4, 10, 0)}}","['RB', 'RB/WR', 'RB/WR/TE', 'OP', 'BE', 'IR']",RB/WR/TE,,,,,,,,,,,,,,,,,,,,,,,,,,,,,,,,,,,,,,,,,,,,,,,,,,,,,,,,,,,,,,,,,,,,,,,,,,3.0,1.0,1.0,,,,,,,,,,,,,,,,,,,,,,,,,,,,,,,,,,,,,,,,,,,,,,,,,,,1.0,,,,,,,,,,,,,,,,,,,,,,,,,,,,,,,,,,,,,,,,,,,,,,,,,,,,,,,,,,,,,,,,,,,,,,,,,,,,,,,,,,,,,,,,,,,,,,,,,,,,,,,,,,,,,,,,,,2025,,,,36.0,3.0,,,,,,,,,,,,,,,,,,,,,,,,,,,,,31.95406269,4.475222265,,
144.0,8.47,138.62,8.15,,,,,,,,,,,,,,,,,,,,,,,,,,,,,,,,,,1.0,2.0,6.0,11.0,130.0,,,17.0,,,,,,,,,,,,,,,,,,,,,,,,,,,,,,,,,,,,,,,,,,,17.0,Harrison Butker,KC,DRAFT,10,3055899,9,Team Sprawl n Brawl,K,"{'1': {'team': 'LAC', 'date': datetime.datetime(2025, 9, 5, 17, 0)}, '2': {'team': 'PHI', 'date': datetime.datetime(2025, 9, 14, 13, 25)}, '3': {'team': 'NYG', 'date': datetime.datetime(2025, 9, 21, 17, 20)}, '4': {'team': 'BAL', 'date': datetime.datetime(2025, 9, 28, 13, 25)}, '5': {'team': 'JAX', 'date': datetime.datetime(2025, 10, 6, 17, 15)}, '6': {'team': 'DET', 'date': datetime.datetime(2025, 10, 12, 17, 20)}, '7': {'team': 'LV', 'date': datetime.datetime(2025, 10, 19, 10, 0)}, '8': {'team': 'WSH', 'date': datetime.datetime(2025, 10, 27, 17, 15)}, '9': {'team': 'BUF', 'date': datetime.datetime(2025, 11, 2, 13, 25)}, '11': {'team': 'DEN', 'date': datetime.datetime(2025, 11, 16, 13, 25)}, '12': {'team': 'IND', 'date': datetime.datetime(2025, 11, 23, 10, 0)}, '13': {'team': 'DAL', 'date': datetime.datetime(2025, 11, 27, 13, 30)}, '14': {'team': 'HOU', 'date': datetime.datetime(2025, 12, 7, 17, 20)}, '15': {'team': 'LAC', 'date': datetime.datetime(2025, 12, 14, 10, 0)}, '16': {'team': 'TEN', 'date': datetime.datetime(2025, 12, 21, 10, 0)}, '17': {'team': 'DEN', 'date': datetime.datetime(2025, 12, 25, 17, 15)}, '18': {'team': 'LV', 'date': datetime.datetime(2026, 1, 4, 13, 25)}}","['K', 'BE', 'IR']",K,,,,,,,,,,,,,,,,,,,,,,,,,,,,,,,,,,,,,,,,,,,,,,,,,,,,,,,,,,,,,,,,,,,,,,,,,,1.0,,,,5.0,8.0,9.0,11.0,2.0,19.0,19.0,,33.0,38.0,5.0,31.0,35.0,4.0,5.0,8.0,4.848376881,7.059726564,2.211349683,7.191031513,9.128390627,1.937359114,15.92806069,16.64782032,0.719759629,27.96746908,32.83593751,4.868468426,42.6991946,44.91033077,2.211136173,4.848376881,7.059726564,2.211349683,,,,,,,,,,,,,,,,,,,,,,,,,,,,,,,,,,,,,,,,,,,,,,,,,,,,,,,,,,,,,,,,,,,,,,,,,,,,,,,,,,,,,,,3.0,3.0,,,,,,,,,,,,,,,,,,,,,,,,,,,,,,,,,,,,,,,,,,2025,,,,,,1243.0,248.0,1491.0,244.0,120.0,56.0,43.0,19.0,6.0,48.0,23.0,10.0,8.0,3.0,292.0,144.0,68.0,52.0,24.0,8.0,,,1063.25059,228.1868319,1291.437422,,,,,,,
34.0,2.43,0.0,0.0,1.0,0.64285714,,1.0,,,,,,,,,,,,9.0,11.0,14.78571429,1.0,39.0,17.0,7.0,6.0,1.0,,23.0,53.0,18.81818182,,,,,,4.0,4.0,4.0,10.0,6.0,,,14.0,,,,,,,,,,,,,,,,,,,,,,,,,,,,,,,,,,,,,,,,,,,,Chris Moore,WSH,ADD,125,2576581,9,Team Sprawl n Brawl,BE,"{'1': {'team': 'NYG', 'date': datetime.datetime(2025, 9, 7, 10, 0)}, '2': {'team': 'GB', 'date': datetime.datetime(2025, 9, 11, 17, 15)}, '3': {'team': 'LV', 'date': datetime.datetime(2025, 9, 21, 10, 0)}, '4': {'team': 'ATL', 'date': datetime.datetime(2025, 9, 28, 10, 0)}, '5': {'team': 'LAC', 'date': datetime.datetime(2025, 10, 5, 13, 25)}, '6': {'team': 'CHI', 'date': datetime.datetime(2025, 10, 13, 17, 15)}, '7': {'team': 'DAL', 'date': datetime.datetime(2025, 10, 19, 13, 25)}, '8': {'team': 'KC', 'date': datetime.datetime(2025, 10, 27, 17, 15)}, '9': {'team': 'SEA', 'date': datetime.datetime(2025, 11, 2, 17, 20)}, '10': {'team': 'DET', 'date': datetime.datetime(2025, 11, 9, 13, 25)}, '11': {'team': 'MIA', 'date': datetime.datetime(2025, 11, 16, 6, 30)}, '13': {'team': 'DEN', 'date': datetime.datetime(2025, 11, 30, 17, 20)}, '14': {'team': 'MIN', 'date': datetime.datetime(2025, 12, 7, 10, 0)}, '15': {'team': 'NYG', 'date': datetime.datetime(2025, 12, 14, 10, 0)}, '16': {'team': 'PHI', 'date': datetime.datetime(2025, 12, 20, 14, 0)}, '17': {'team': 'DAL', 'date': datetime.datetime(2025, 12, 25, 10, 0)}, '18': {'team': 'PHI', 'date': datetime.datetime(2026, 1, 4, 13, 25)}}","['RB/WR', 'WR', 'WR/TE', 'RB/WR/TE', 'OP', 'BE', 'IR']",BE,,,,,,,157.0,15.0,5.0,,,,,,,,,,,1.0,,,,,,,,,,,,,,,,,,,,,,,,,,,,,,,,,,,,,,,,,,,,,,,,,,,,,,,,,,,,,,,,,,,,,,,,,,,,,,,,,,,,,,,,,,,,,,,,,,,,,,,,,,,,,,,,,,,,,,,,,,,,,,,,,,,,,,,,,,,,,,,,,,,,,,,,,,,,,,,,,,,,,,,,,,,,,,,,,,,,,,,,,,,,,,,,,,,,,,,,,,,,,,,,,,,,,,,,,,,,,2025,,,,,10.0,,,,,,,,,,,,,,,,,,,,,,,,,,,,,,,,
20.0,4.0,103.88,6.11,,,,,,,,,,,,,,,,,11.0,20.2,,18.0,7.0,3.0,3.0,,,21.0,14.0,9.18181818,,,,,,1.0,1.0,,5.0,2.0,,,5.0,,,,,,,,,,,,,,,,,27.09325388,3.613058829,0.236602094,0.157881267,0.103175408,92.0,46.0,23.0,18.0,9.0,36.45397895,,,0.312723791,0.00967187,59.9807178,12.63470626,0.236602094,0.002901618,,0.659458678,0.659458678,,0.36929686,0.36929686,0.36929686,17.0,Josh Reynolds,NYJ,ADD,149,3115306,9,Team Sprawl n Brawl,BE,"{'1': {'team': 'PIT', 'date': datetime.datetime(2025, 9, 7, 10, 0)}, '2': {'team': 'BUF', 'date': datetime.datetime(2025, 9, 14, 10, 0)}, '3': {'team': 'TB', 'date': datetime.datetime(2025, 9, 21, 10, 0)}, '4': {'team': 'MIA', 'date': datetime.datetime(2025, 9, 29, 16, 15)}, '5': {'team': 'DAL', 'date': datetime.datetime(2025, 10, 5, 10, 0)}, '6': {'team': 'DEN', 'date': datetime.datetime(2025, 10, 12, 6, 30)}, '7': {'team': 'CAR', 'date': datetime.datetime(2025, 10, 19, 10, 0)}, '8': {'team': 'CIN', 'date': datetime.datetime(2025, 10, 26, 10, 0)}, '10': {'team': 'CLE', 'date': datetime.datetime(2025, 11, 9, 10, 0)}, '11': {'team': 'NE', 'date': datetime.datetime(2025, 11, 13, 17, 15)}, '12': {'team': 'BAL', 'date': datetime.datetime(2025, 11, 23, 10, 0)}, '13': {'team': 'ATL', 'date': datetime.datetime(2025, 11, 30, 10, 0)}, '14': {'team': 'MIA', 'date': datetime.datetime(2025, 12, 7, 10, 0)}, '15': {'team': 'JAX', 'date': datetime.datetime(2025, 12, 14, 10, 0)}, '16': {'team': 'NO', 'date': datetime.datetime(2025, 12, 21, 10, 0)}, '17': {'team': 'NE', 'date': datetime.datetime(2025, 12, 28, 10, 0)}, '18': {'team': 'BUF', 'date': datetime.datetime(2026, 1, 4, 13, 25)}}","['RB/WR', 'WR', 'WR/TE', 'RB/WR/TE', 'OP', 'BE', 'IR']",BE,,,,,,,,,,,,,,,,,,,,,,,,,,,,,,,,,,,,,,,,,,,,,,,,,,,,,,,,,,,,,,,,,,,,,,,1.0,,,,,,,,,,,,,,,,,,,,,,,,,,,,,,,,,,,,,,,,,,,,,,,,,,,,,,,,,,,,,,,,,,,,,,,,,,,,,,,,,,,,,,,,,,,,,,,,,,,,,,,,,,,,,,,,,,,,,,,,,,,,,,,,,,,,,,,,,,,,,,,,,,,,,,,,,,,,,,,,,,,,,,,,,,2025,,,,,4.0,,,,,,,,,,,,,,,,,,,,,,,,,,,,,,21.33792638,,
81.0,5.79,107.11,6.3,,,,,,,,,,,,,,,,,31.0,26.57142857,3.0,70.0,32.0,12.0,10.0,3.0,1.0,55.0,128.0,12.0,,,,,,,,9.0,5.0,18.0,,,14.0,,,,,,,,,,,,,,,,,30.25511553,2.564382705,0.137840026,0.168213953,0.109927818,102.0,51.0,25.0,20.0,10.0,39.16336556,,,0.415828932,0.012860689,65.93246017,13.1331145,0.137840026,0.003446376,,0.783267311,0.783267311,,0.438629694,0.438629694,0.438629694,17.0,Calvin Austin III,PIT,ADD,75,4243389,9,Team Sprawl n Brawl,BE,"{'1': {'team': 'NYJ', 'date': datetime.datetime(2025, 9, 7, 10, 0)}, '2': {'team': 'SEA', 'date': datetime.datetime(2025, 9, 14, 10, 0)}, '3': {'team': 'NE', 'date': datetime.datetime(2025, 9, 21, 10, 0)}, '4': {'team': 'MIN', 'date': datetime.datetime(2025, 9, 28, 6, 30)}, '6': {'team': 'CLE', 'date': datetime.datetime(2025, 10, 12, 10, 0)}, '7': {'team': 'CIN', 'date': datetime.datetime(2025, 10, 16, 17, 15)}, '8': {'team': 'GB', 'date': datetime.datetime(2025, 10, 26, 17, 20)}, '9': {'team': 'IND', 'date': datetime.datetime(2025, 11, 2, 10, 0)}, '10': {'team': 'LAC', 'date': datetime.datetime(2025, 11, 9, 17, 20)}, '11': {'team': 'CIN', 'date': datetime.datetime(2025, 11, 16, 10, 0)}, '12': {'team': 'CHI', 'date': datetime.datetime(2025, 11, 23, 10, 0)}, '13': {'team': 'BUF', 'date': datetime.datetime(2025, 11, 30, 13, 25)}, '14': {'team': 'BAL', 'date': datetime.datetime(2025, 12, 7, 10, 0)}, '15': {'team': 'MIA', 'date': datetime.datetime(2025, 12, 15, 17, 15)}, '16': {'team': 'DET', 'date': datetime.datetime(2025, 12, 21, 13, 25)}, '17': {'team': 'CLE', 'date': datetime.datetime(2025, 12, 28, 10, 0)}, '18': {'team': 'BAL', 'date': datetime.datetime(2026, 1, 4, 17, 20)}}","['RB/WR', 'WR', 'WR/TE', 'RB/WR/TE', 'OP', 'BE', 'IR']",BE,,,,,,,,,,,0.356248489,,316.0672645,,,31.0,12.0,,,1.0,,,,,,,,,,,,,,,,,,,,,,,,,,,,,,,,,,,,,,,,,,,,,,,,,,,,,2.0,,,,,,,,,,,,,,,,,,,,,,,,,,,,,,,,,,,,,,,,,,,,,,,,,,,,,,,,,,101.0,6.0,,,,,,,,,,,,,,,,,,,,,,,,,,,,,,,,,,,,,,,,,,,,,,,,,,,,,,,,,,,,,,,,,,,,,,,,,,,,,,,,,,,,,,,,,,,,,,,,,,,,,,,,,,,,,2025,,,,,15.0,,,,,,,,,,,,,,,,,,,,,,,,,,,,,,23.00892455,,
44.0,2.59,34.04,2.0,,,,,,,,,,,,,,,,,24.0,14.82352941,,45.0,20.0,8.0,5.0,1.0,,31.0,69.0,10.5,,1.0,,,,,,9.0,7.0,,,,17.0,,,,,,,,,,,,,,,,,8.355380226,0.925232491,0.052775044,0.091563437,0.059836706,28.0,14.0,7.0,5.0,2.0,14.57630346,,,0.056012087,0.001732333,21.02359004,9.744683498,0.052775044,0.000784472,,0.178289002,0.178289002,,0.099841841,0.099841841,0.099841841,17.0,Luke Musgrave,GB,ADD,53,4428085,9,Team Sprawl n Brawl,BE,"{'1': {'team': 'DET', 'date': datetime.datetime(2025, 9, 7, 13, 25)}, '2': {'team': 'WSH', 'date': datetime.datetime(2025, 9, 11, 17, 15)}, '3': {'team': 'CLE', 'date': datetime.datetime(2025, 9, 21, 10, 0)}, '4': {'team': 'DAL', 'date': datetime.datetime(2025, 9, 28, 17, 20)}, '6': {'team': 'CIN', 'date': datetime.datetime(2025, 10, 12, 13, 25)}, '7': {'team': 'ARI', 'date': datetime.datetime(2025, 10, 19, 13, 25)}, '8': {'team': 'PIT', 'date': datetime.datetime(2025, 10, 26, 17, 20)}, '9': {'team': 'CAR', 'date': datetime.datetime(2025, 11, 2, 10, 0)}, '10': {'team': 'PHI', 'date': datetime.datetime(2025, 11, 10, 17, 15)}, '11': {'team': 'NYG', 'date': datetime.datetime(2025, 11, 16, 10, 0)}, '12': {'team': 'MIN', 'date': datetime.datetime(2025, 11, 23, 10, 0)}, '13': {'team': 'DET', 'date': datetime.datetime(2025, 11, 27, 10, 0)}, '14': {'team': 'CHI', 'date': datetime.datetime(2025, 12, 7, 13, 25)}, '15': {'team': 'DEN', 'date': datetime.datetime(2025, 12, 14, 13, 25)}, '16': {'team': 'CHI', 'date': datetime.datetime(2025, 12, 20, 17, 20)}, '17': {'team': 'BAL', 'date': datetime.datetime(2025, 12, 27, 17, 0)}, '18': {'team': 'MIN', 'date': datetime.datetime(2026, 1, 4, 10, 0)}}","['WR/TE', 'TE', 'RB/WR/TE', 'OP', 'BE', 'IR']",BE,,,,,1.0,,,,,,,,,,,,,,,,,,,,,,,,,,,,,,,,,,,,,,,,,,,,,,,,,,,,,,,,,,,,,,,,,,,,,,,,,,,,,,,,,,,,,,,,,,,,,,,,,,,,,,,,,,,,,,,,,,,,,,,,,,,,,,,,,,,,,,,,,,,,,,,,,,,,,,,,,,,,,,,,,,,,,,,,,,,,,,,,,,,,,,,,,,,,,,,,,,,,,,,,,,,,,,,,,,,,,,,,,,,,,,,,,,,,,,,,,,,,2025,,,,,11.0,,,,,,,,,,,,,,,,,,,,,,,,,,,,,,6.467998505,,
105.0,7.0,53.54,3.15,1.0,0.26666667,,,,,,,,,,,,,,4.0,46.0,36.66666667,2.0,102.0,47.0,23.0,16.0,5.0,3.0,65.0,108.0,11.95652174,,1.0,,,,1.0,1.0,12.0,3.0,12.0,,,15.0,,,,,,,,,,,,,,,,,13.69844073,2.022911263,0.117708532,0.160011391,0.104567444,46.0,23.0,11.0,9.0,4.0,18.47153981,,,0.088137556,0.002725904,30.24223488,12.60715104,0.117708532,0.001239738,,0.281758592,0.281758592,,0.157784811,0.157784811,0.157784811,17.0,Mack Hollins,NE,ADD,58,2991662,9,Team Sprawl n Brawl,BE,"{'1': {'team': 'LV', 'date': datetime.datetime(2025, 9, 7, 10, 0)}, '2': {'team': 'MIA', 'date': datetime.datetime(2025, 9, 14, 10, 0)}, '3': {'team': 'PIT', 'date': datetime.datetime(2025, 9, 21, 10, 0)}, '4': {'team': 'CAR', 'date': datetime.datetime(2025, 9, 28, 10, 0)}, '5': {'team': 'BUF', 'date': datetime.datetime(2025, 10, 5, 17, 20)}, '6': {'team': 'NO', 'date': datetime.datetime(2025, 10, 12, 10, 0)}, '7': {'team': 'TEN', 'date': datetime.datetime(2025, 10, 19, 10, 0)}, '8': {'team': 'CLE', 'date': datetime.datetime(2025, 10, 26, 10, 0)}, '9': {'team': 'ATL', 'date': datetime.datetime(2025, 11, 2, 10, 0)}, '10': {'team': 'TB', 'date': datetime.datetime(2025, 11, 9, 10, 0)}, '11': {'team': 'NYJ', 'date': datetime.datetime(2025, 11, 13, 17, 15)}, '12': {'team': 'CIN', 'date': datetime.datetime(2025, 11, 23, 10, 0)}, '13': {'team': 'NYG', 'date': datetime.datetime(2025, 12, 1, 17, 15)}, '15': {'team': 'BUF', 'date': datetime.datetime(2025, 12, 14, 10, 0)}, '16': {'team': 'BAL', 'date': datetime.datetime(2025, 12, 21, 17, 20)}, '17': {'team': 'NYJ', 'date': datetime.datetime(2025, 12, 28, 10, 0)}, '18': {'team': 'MIA', 'date': datetime.datetime(2026, 1, 4, 13, 25)}}","['RB/WR', 'WR', 'WR/TE', 'RB/WR/TE', 'OP', 'BE', 'IR']",BE,,,1.0,1.0,1.0,,,,,,,,,,,,,,2.0,,,,,,,,,,,,,,,,,,,,,,,,,,,,,,,,,,,,,,,,,,,,,,,,,,,,,,,,,,,,,,,,,,,,,,,,,,,,,,,,,,,,,,,,,,,,,,,,,,,,,,,,,,,,,,,,,,,,,,,,,,,,,,,,,,,,,,,,,,,,,,,,,,,,,,,,,,,,,,,,,,,,,,,,,,,,,,,,,,,,,,,,,,,,,,,,,,,,,,,,,,,,,,,,,,,,,,,,,,,,,,2025,,,,,28.0,,,,,,,,,,,,,,,,,,,,,,,,,,,,,,10.30950039,,
109.0,6.41,127.86,7.52,,,,,,,,,,,,,,,,,,,,,,,,,,,,,,,,,,684.0,1219.0,10.0,7.0,,,,17.0,,,,,,,,,,,,,,,,,,,,,,,,,,,,,,,,,,,,,,,,,,,17.0,Steelers D/ST,PIT,ADD,10,-16023,9,Team Sprawl n Brawl,D/ST,"{'1': {'team': 'NYJ', 'date': datetime.datetime(2025, 9, 7, 10, 0)}, '2': {'team': 'SEA', 'date': datetime.datetime(2025, 9, 14, 10, 0)}, '3': {'team': 'NE', 'date': datetime.datetime(2025, 9, 21, 10, 0)}, '4': {'team': 'MIN', 'date': datetime.datetime(2025, 9, 28, 6, 30)}, '6': {'team': 'CLE', 'date': datetime.datetime(2025, 10, 12, 10, 0)}, '7': {'team': 'CIN', 'date': datetime.datetime(2025, 10, 16, 17, 15)}, '8': {'team': 'GB', 'date': datetime.datetime(2025, 10, 26, 17, 20)}, '9': {'team': 'IND', 'date': datetime.datetime(2025, 11, 2, 10, 0)}, '10': {'team': 'LAC', 'date': datetime.datetime(2025, 11, 9, 17, 20)}, '11': {'team': 'CIN', 'date': datetime.datetime(2025, 11, 16, 10, 0)}, '12': {'team': 'CHI', 'date': datetime.datetime(2025, 11, 23, 10, 0)}, '13': {'team': 'BUF', 'date': datetime.datetime(2025, 11, 30, 13, 25)}, '14': {'team': 'BAL', 'date': datetime.datetime(2025, 12, 7, 10, 0)}, '15': {'team': 'MIA', 'date': datetime.datetime(2025, 12, 15, 17, 15)}, '16': {'team': 'DET', 'date': datetime.datetime(2025, 12, 21, 13, 25)}, '17': {'team': 'CLE', 'date': datetime.datetime(2025, 12, 28, 10, 0)}, '18': {'team': 'BAL', 'date': datetime.datetime(2026, 1, 4, 17, 20)}}","['D/ST', 'BE', 'IR']",D/ST,,,,,,,1524.0,144.0,52.0,0.337137867,0.356248489,1242.662987,316.0672645,124.0,49.0,31.0,12.0,,,,,,,,,,,,,,,,,,,,,,,,,,,,,,,,,,,,,,,,,,,,,,,,,,,,,,,,,535.0,,,17.0,,,,,,,,,,,,,,,,,,,,,,,,,,,,,,,,,,,12.0,0.0,0.0,3.0,2.0,3.0,15.0,,1.0,48.0,96.0,,,1.0,3.0,400.0,237.0,67.0,91.0,247.0,19.0,3.0,379.0,3.0,4.0,4.0,1.0,6068.0,0.0,0.0,4.0,2.0,8.0,1.0,2.0,0.0,0.0,0.0,0.0,3.0,2.0,3.0,4.0,4.0,1.0,0.291929508,1.319214979,4.357664964,3.608691299,0.111922585,1.710083601,12.30247771,10.70329081,1.839496247,0.237158815,41.5673337,83.1346674,1.170839656,0.539243945,2.515392543,16.46660125,1057.123264,352.0,211.0,69.42743467,346.8317895,2.468208671,2.97036147,1.59156904,0.365975768,0.0263843,20.40186997,5547.095904,0.809320972,6.304184415,4.557754949,3.492858933,1.490854422,0.255575044,0.085191681,0.004259584,326.2997591,,,,,,,,,,2.0,,,,,,,,,,,,,,,,,,,,,,,,,,,,,,,,,,,,,,2025,,,,,,,,,,,,,,,,,,,,,,,,,,,,,,,,,,,,,47.10315451
129.0,9.21,268.88,15.82,3.0,1.5,1.0,3.0,,,,,,,,,,,,7.0,48.0,50.5,2.0,136.0,63.0,28.0,21.0,6.0,2.0,91.0,159.0,14.72916667,,,,,,1.0,1.0,11.0,3.0,18.0,1.0,,14.0,4.049383063,1.509667269,0.14149613,0.007846628,5.0,2.0,1.0,1.0,,,,0.007442578,0.005209804,0.001516904,5.17661e-05,6.337840402,77.41246324,6.762558963,0.371629644,0.272320924,0.177961724,263.0,131.0,65.0,52.0,26.0,95.31900958,,,4.778006195,0.147773387,149.6015779,13.80639477,0.379476272,0.006595223,0.061082586,1.437831777,1.498914364,0.02809799,0.805185795,0.833283785,0.833283785,17.0,Brian Thomas Jr.,JAX,DRAFT,44,4432773,10,Ambler Thighs,BE,"{'1': {'team': 'CAR', 'date': datetime.datetime(2025, 9, 7, 10, 0)}, '2': {'team': 'CIN', 'date': datetime.datetime(2025, 9, 14, 10, 0)}, '3': {'team': 'HOU', 'date': datetime.datetime(2025, 9, 21, 10, 0)}, '4': {'team': 'SF', 'date': datetime.datetime(2025, 9, 28, 13, 5)}, '5': {'team': 'KC', 'date': datetime.datetime(2025, 10, 6, 17, 15)}, '6': {'team': 'SEA', 'date': datetime.datetime(2025, 10, 12, 10, 0)}, '7': {'team': 'LAR', 'date': datetime.datetime(2025, 10, 19, 6, 30)}, '9': {'team': 'LV', 'date': datetime.datetime(2025, 11, 2, 13, 5)}, '10': {'team': 'HOU', 'date': datetime.datetime(2025, 11, 9, 10, 0)}, '11': {'team': 'LAC', 'date': datetime.datetime(2025, 11, 16, 10, 0)}, '12': {'team': 'ARI', 'date': datetime.datetime(2025, 11, 23, 13, 5)}, '13': {'team': 'TEN', 'date': datetime.datetime(2025, 11, 30, 10, 0)}, '14': {'team': 'IND', 'date': datetime.datetime(2025, 12, 7, 10, 0)}, '15': {'team': 'NYJ', 'date': datetime.datetime(2025, 12, 14, 10, 0)}, '16': {'team': 'DEN', 'date': datetime.datetime(2025, 12, 21, 13, 5)}, '17': {'team': 'IND', 'date': datetime.datetime(2025, 12, 28, 10, 0)}, '18': {'team': 'TEN', 'date': datetime.datetime(2026, 1, 4, 10, 0)}}","['RB/WR', 'WR', 'WR/TE', 'RB/WR/TE', 'OP', 'BE', 'IR']",BE,,,,,,,,,,,,,,,,,,,1.0,1.0,,,,,,,,,,,,,,,,,,,,,,,,,,,,,,,,,,,,,,,,,,,,,,,,,,,,,,,,,,,,,,,,,,,,,,,,,,,,,,,,,,,,,,,,,,,,,,,,,,,,,,,,,,,,,,,,,,,,,,,,,,,,,,,,,,,,,,,,,,,,,,,,,,,,,,,,,,,,,,,,,,,,,,,,,,,,,,,,,,,,,,,,,,,,,,,,,,,,,,,,,,,,,,,,,,,,,,,,,,,,,2025,,,,2.0,33.0,,,,,,,,,,,,,,,,,,,,,,,,,,,,,3.290053084,59.63239716,,
206.0,13.73,264.81,15.58,,,,,,,,,,,,,,,,,59.0,56.4,11.0,163.0,79.0,35.0,26.0,10.0,6.0,98.0,166.0,14.33898305,,,,,,,,5.0,10.0,68.0,,,15.0,,,,,,,,,,,,,,,,,67.99850969,9.375587976,0.355049415,0.207231702,0.135425917,231.0,115.0,57.0,46.0,23.0,94.35609311,,,3.58685073,0.110933528,140.8121733,12.25119255,0.355049415,0.006072439,,1.380099738,1.380099738,,0.772855853,0.772855853,0.772855853,17.0,Tee Higgins,CIN,DRAFT,15,4239993,10,Ambler Thighs,WR,"{'1': {'team': 'CLE', 'date': datetime.datetime(2025, 9, 7, 10, 0)}, '2': {'team': 'JAX', 'date': datetime.datetime(2025, 9, 14, 10, 0)}, '3': {'team': 'MIN', 'date': datetime.datetime(2025, 9, 21, 10, 0)}, '4': {'team': 'DEN', 'date': datetime.datetime(2025, 9, 29, 17, 15)}, '5': {'team': 'DET', 'date': datetime.datetime(2025, 10, 5, 13, 25)}, '6': {'team': 'GB', 'date': datetime.datetime(2025, 10, 12, 13, 25)}, '7': {'team': 'PIT', 'date': datetime.datetime(2025, 10, 16, 17, 15)}, '8': {'team': 'NYJ', 'date': datetime.datetime(2025, 10, 26, 10, 0)}, '9': {'team': 'CHI', 'date': datetime.datetime(2025, 11, 2, 10, 0)}, '11': {'team': 'PIT', 'date': datetime.datetime(2025, 11, 16, 10, 0)}, '12': {'team': 'NE', 'date': datetime.datetime(2025, 11, 23, 10, 0)}, '13': {'team': 'BAL', 'date': datetime.datetime(2025, 11, 27, 17, 20)}, '14': {'team': 'BUF', 'date': datetime.datetime(2025, 12, 7, 10, 0)}, '15': {'team': 'BAL', 'date': datetime.datetime(2025, 12, 14, 10, 0)}, '16': {'team': 'MIA', 'date': datetime.datetime(2025, 12, 21, 10, 0)}, '17': {'team': 'ARI', 'date': datetime.datetime(2025, 12, 28, 10, 0)}, '18': {'team': 'CLE', 'date': datetime.datetime(2026, 1, 4, 10, 0)}}","['RB/WR', 'WR', 'WR/TE', 'RB/WR/TE', 'OP', 'BE', 'IR']",WR,3.0,,1.0,1.0,,,,,,,,,,,,,,,3.0,4.0,,,,,,,,,,,,,,,,,,,,,,,,,,,,,,,,,,,,,,,,,,,,,,,,,,,1.0,,1.0,,,,,,,,,,,,,,,,,,,,,,,,,,,,,,,,,,,,,,,,,,,,,,,,,,,,,,,,,,,,,,,,,,,,,,,,,,,,,,,,,,,,,,,,,,,,,,,,,,,,,,,,,,,,,,,,,,,,,,,,,,,,,,,,,,,,,,,,,,,,,,,,,,,,,,,,,,,,,,,,,,,,,,,,2025,,,,,43.0,,,,,,,,,,,,,,,,,,,,,,,,,,,,,,56.06822646,,
211.0,12.41,218.12,12.83,6.0,0.70588235,,2.0,,,,,,,,,,,,2.0,65.0,65.70588235,7.0,216.0,104.0,49.0,35.0,14.0,7.0,102.0,441.0,17.18461538,,,,,,1.0,1.0,9.0,8.0,42.0,,2.0,17.0,9.580327283,4.354346284,0.760319351,0.030070493,14.0,7.0,3.0,2.0,1.0,1.0,,0.017661208,0.012362846,0.013642194,0.000465556,7.726655326,63.58811581,5.530010531,0.314346857,0.42906348,0.280392984,216.0,108.0,54.0,43.0,21.0,65.66580805,,,3.056283152,0.094524221,108.6669317,16.46211325,0.344417349,0.004041046,0.116933058,0.80148658,0.918419638,0.053789207,0.448832485,0.502621692,0.502621692,17.0,Jameson Williams,DET,DRAFT,13,4426388,10,Ambler Thighs,WR,"{'1': {'team': 'GB', 'date': datetime.datetime(2025, 9, 7, 13, 25)}, '2': {'team': 'CHI', 'date': datetime.datetime(2025, 9, 14, 10, 0)}, '3': {'team': 'BAL', 'date': datetime.datetime(2025, 9, 22, 17, 15)}, '4': {'team': 'CLE', 'date': datetime.datetime(2025, 9, 28, 10, 0)}, '5': {'team': 'CIN', 'date': datetime.datetime(2025, 10, 5, 13, 25)}, '6': {'team': 'KC', 'date': datetime.datetime(2025, 10, 12, 17, 20)}, '7': {'team': 'TB', 'date': datetime.datetime(2025, 10, 20, 16, 0)}, '9': {'team': 'MIN', 'date': datetime.datetime(2025, 11, 2, 10, 0)}, '10': {'team': 'WSH', 'date': datetime.datetime(2025, 11, 9, 13, 25)}, '11': {'team': 'PHI', 'date': datetime.datetime(2025, 11, 16, 17, 20)}, '12': {'team': 'NYG', 'date': datetime.datetime(2025, 11, 23, 10, 0)}, '13': {'team': 'GB', 'date': datetime.datetime(2025, 11, 27, 10, 0)}, '14': {'team': 'DAL', 'date': datetime.datetime(2025, 12, 4, 17, 15)}, '15': {'team': 'LAR', 'date': datetime.datetime(2025, 12, 14, 13, 25)}, '16': {'team': 'PIT', 'date': datetime.datetime(2025, 12, 21, 13, 25)}, '17': {'team': 'MIN', 'date': datetime.datetime(2025, 12, 25, 13, 30)}, '18': {'team': 'CHI', 'date': datetime.datetime(2026, 1, 4, 13, 25)}}","['RB/WR', 'WR', 'WR/TE', 'RB/WR/TE', 'OP', 'BE', 'IR']",WR,2.0,,4.0,4.0,,,,,,,,,,,,,,,,2.0,,,,,,,,,,,,,,,,,,,,,,,,,,,,,,,,,,,,,,,,,,,,,,,,,,,,,1.0,,,,,,,,,,,,,,,,,,,,,,,,,,,,,,,,,,,,,,,,,,,,,,,,,,,,,,,,,,,,,,,,,,,,,,,,,,,,,,,,,,,,,,,,,,,,,,,,,,,,,,,,,,,,,,,,,,,,,,,,,,,,,,,,,,,,,,,,,,,,,,,,,,,,,,,,,,,,,,,,,,,,,,,,2025,,,,,49.0,,,,,,,,,,,,,,,,,,,,,,,,,,,,,5.72028488,45.88868464,,
141.0,11.75,215.77,12.69,,,,,,,,,,,,,,,,,44.0,55.08333333,6.0,127.0,61.0,28.0,22.0,8.0,4.0,90.0,214.0,15.02272727,,,,,,,,9.0,3.0,36.0,,1.0,12.0,2.177069638,0.77565409,0.110120495,0.00561561,2.0,1.0,,,,,,0.003997291,0.002798103,0.000355099,1.21182e-05,6.056820276,59.39307023,7.230853977,0.414809915,0.217597066,0.142199683,201.0,100.0,50.0,40.0,20.0,71.48102916,,,2.579186872,0.079768666,121.6223701,14.12517707,0.420425525,0.006481913,0.043541393,1.429620583,1.473161976,0.020029041,0.800587527,0.820616567,0.820616567,17.0,Rome Odunze,CHI,DRAFT,41,4431299,10,Ambler Thighs,RB/WR/TE,"{'1': {'team': 'MIN', 'date': datetime.datetime(2025, 9, 8, 17, 15)}, '2': {'team': 'DET', 'date': datetime.datetime(2025, 9, 14, 10, 0)}, '3': {'team': 'DAL', 'date': datetime.datetime(2025, 9, 21, 13, 25)}, '4': {'team': 'LV', 'date': datetime.datetime(2025, 9, 28, 13, 25)}, '6': {'team': 'WSH', 'date': datetime.datetime(2025, 10, 13, 17, 15)}, '7': {'team': 'NO', 'date': datetime.datetime(2025, 10, 19, 10, 0)}, '8': {'team': 'BAL', 'date': datetime.datetime(2025, 10, 26, 10, 0)}, '9': {'team': 'CIN', 'date': datetime.datetime(2025, 11, 2, 10, 0)}, '10': {'team': 'NYG', 'date': datetime.datetime(2025, 11, 9, 10, 0)}, '11': {'team': 'MIN', 'date': datetime.datetime(2025, 11, 16, 10, 0)}, '12': {'team': 'PIT', 'date': datetime.datetime(2025, 11, 23, 10, 0)}, '13': {'team': 'PHI', 'date': datetime.datetime(2025, 11, 28, 12, 0)}, '14': {'team': 'GB', 'date': datetime.datetime(2025, 12, 7, 13, 25)}, '15': {'team': 'CLE', 'date': datetime.datetime(2025, 12, 14, 10, 0)}, '16': {'team': 'GB', 'date': datetime.datetime(2025, 12, 20, 17, 20)}, '17': {'team': 'SF', 'date': datetime.datetime(2025, 12, 28, 17, 20)}, '18': {'team': 'DET', 'date': datetime.datetime(2026, 1, 4, 13, 25)}}","['RB/WR', 'WR', 'WR/TE', 'RB/WR/TE', 'OP', 'BE', 'IR']",RB/WR/TE,,,2.0,2.0,,,,,,,,,,,,,,,3.0,2.0,,,,,,,,,,,,,,,,,,,,,,,,,,,,,,,,,,,,,,,,,,,,,,,,,,,,,,,,,,,,,,,,,,,,,,,,,,,,,,,,,,,,,,,,,,,,,,,,,,,,,,,,,,,,,,,,,,,,,,,,,,,,,,,,,,,,,,,,,,,,,,,,,,,,,,,,,,,,,,,,,,,,,,,,,,,,,,,,,,,,,,,,,,,,,,,,,,,,,,,,,,,,,,,,,,,,,,,,,,,,,2025,,,,,37.0,,,,,,,,,,,,,,,,,,,,,,,,,,,,,2.731582251,45.94305732,,
56.0,3.29,75.67,4.45,92.0,23.52941176,2.0,75.0,36.0,16.0,7.0,1.0,,12.0,,,,,,4.34782609,8.0,1.47058824,,2.0,,,,,,12.0,35.0,3.125,,,,,,,,12.0,5.0,12.0,1.0,,17.0,95.63838444,23.9142583,3.932600963,0.129842894,81.0,40.0,20.0,16.0,8.0,19.0,9.0,0.184536855,0.129175799,0.425751664,0.014529271,4.250828718,2.958868587,0.240805187,0.010122052,0.069948069,0.045711063,10.0,5.0,2.0,2.0,1.0,6.235275759,,,0.025530197,0.000789594,7.911586595,8.06712773,0.139964946,0.004324111,0.922602108,0.060150311,0.982752419,0.42439697,0.033684174,0.458081144,0.458081144,17.0,Brian Robinson Jr.,SF,DRAFT,62,4241474,10,Ambler Thighs,BE,"{'1': {'team': 'SEA', 'date': datetime.datetime(2025, 9, 7, 13, 5)}, '2': {'team': 'NO', 'date': datetime.datetime(2025, 9, 14, 10, 0)}, '3': {'team': 'ARI', 'date': datetime.datetime(2025, 9, 21, 13, 25)}, '4': {'team': 'JAX', 'date': datetime.datetime(2025, 9, 28, 13, 5)}, '5': {'team': 'LAR', 'date': datetime.datetime(2025, 10, 2, 17, 15)}, '6': {'team': 'TB', 'date': datetime.datetime(2025, 10, 12, 13, 25)}, '7': {'team': 'ATL', 'date': datetime.datetime(2025, 10, 19, 17, 20)}, '8': {'team': 'HOU', 'date': datetime.datetime(2025, 10, 26, 10, 0)}, '9': {'team': 'NYG', 'date': datetime.datetime(2025, 11, 2, 10, 0)}, '10': {'team': 'LAR', 'date': datetime.datetime(2025, 11, 9, 13, 25)}, '11': {'team': 'ARI', 'date': datetime.datetime(2025, 11, 16, 13, 5)}, '12': {'team': 'CAR', 'date': datetime.datetime(2025, 11, 24, 17, 15)}, '13': {'team': 'CLE', 'date': datetime.datetime(2025, 11, 30, 10, 0)}, '15': {'team': 'TEN', 'date': datetime.datetime(2025, 12, 14, 13, 25)}, '16': {'team': 'IND', 'date': datetime.datetime(2025, 12, 22, 17, 15)}, '17': {'team': 'CHI', 'date': datetime.datetime(2025, 12, 28, 17, 20)}, '18': {'team': 'SEA', 'date': datetime.datetime(2026, 1, 3, 17, 0)}}","['RB', 'RB/WR', 'RB/WR/TE', 'OP', 'BE', 'IR']",BE,,,,,,,378.0,35.0,12.0,,,,,,,,,,,,,,,,,,,,,,,,,,,,,,,,,,,,,,,,,,,,,,,,,,,,,,,,,,,,,,,,,,1.0,,,,,,,,,,,,,,,,,,,,,,,,,,,,,,,,,,,,,,,,,,,,,,,,,,,,,,,,,,,,,,,,,,,,,,,,,,,,,,,,,,,,,,,,,,,,,,,,,,,,,,,,,,,,,,,,,,,,,,,,,,,,,,,,,,,,,,,,,,,,,,,,,,,,,,,,,,,,,,,,,,,,,,2025,,,,20.0,1.0,,,,,,,,,,,,,,,,,,,,,,,,,,,,,24.5411218,1.757081609,,
113.0,14.12,159.06,9.36,1.0,0.375,,,,,,,,,,,,,,3.0,32.0,61.125,6.0,94.0,45.0,21.0,15.0,6.0,4.0,44.0,344.0,15.28125,,,,,,,,5.0,2.0,36.0,,,8.0,,,,,,,,,,,,,,,,,42.29731446,4.211327737,0.240222506,0.191979436,0.125458562,143.0,71.0,35.0,28.0,14.0,63.13034547,,,1.03832362,0.032113102,89.35025769,11.38999542,0.240222506,0.003296748,,0.749260959,0.749260959,,0.419586137,0.419586137,0.419586137,17.0,Tucker Kraft,GB,DRAFT,23,4572680,10,Ambler Thighs,BE,"{'1': {'team': 'DET', 'date': datetime.datetime(2025, 9, 7, 13, 25)}, '2': {'team': 'WSH', 'date': datetime.datetime(2025, 9, 11, 17, 15)}, '3': {'team': 'CLE', 'date': datetime.datetime(2025, 9, 21, 10, 0)}, '4': {'team': 'DAL', 'date': datetime.datetime(2025, 9, 28, 17, 20)}, '6': {'team': 'CIN', 'date': datetime.datetime(2025, 10, 12, 13, 25)}, '7': {'team': 'ARI', 'date': datetime.datetime(2025, 10, 19, 13, 25)}, '8': {'team': 'PIT', 'date': datetime.datetime(2025, 10, 26, 17, 20)}, '9': {'team': 'CAR', 'date': datetime.datetime(2025, 11, 2, 10, 0)}, '10': {'team': 'PHI', 'date': datetime.datetime(2025, 11, 10, 17, 15)}, '11': {'team': 'NYG', 'date': datetime.datetime(2025, 11, 16, 10, 0)}, '12': {'team': 'MIN', 'date': datetime.datetime(2025, 11, 23, 10, 0)}, '13': {'team': 'DET', 'date': datetime.datetime(2025, 11, 27, 10, 0)}, '14': {'team': 'CHI', 'date': datetime.datetime(2025, 12, 7, 13, 25)}, '15': {'team': 'DEN', 'date': datetime.datetime(2025, 12, 14, 13, 25)}, '16': {'team': 'CHI', 'date': datetime.datetime(2025, 12, 20, 17, 20)}, '17': {'team': 'BAL', 'date': datetime.datetime(2025, 12, 27, 17, 0)}, '18': {'team': 'MIN', 'date': datetime.datetime(2026, 1, 4, 10, 0)}}","['WR/TE', 'TE', 'RB/WR/TE', 'OP', 'BE', 'IR']",BE,,,2.0,2.0,,,,,,,,,,,,,,,2.0,1.0,,,,,,,,,,,,,,,,,,,,,,,,,,,,,,,,,,,,,,,,,,,,,,,,,,,,,3.0,,,,,,,,,,,,,,,,,,,,,,,,,,,,,,,,,,,,,,,,,,,,,,,,,,,,,,,,,,,,,,,,,,,,,,,,,,,,,,,,,,,,,,,,,,,,,,,,,,,,,,,,,,,,,,,,,,,,,,,,,,,,,,,,,,,,,,,,,,,,,,,,,,,,,,,,,,,,,,,,,,,,,,,,2025,,,,,22.0,,,,,,,,,,,,,,,,,,,,,,,,,,,,,,34.79055358,,
76.0,5.07,160.73,10.05,,,,,,,,,,,,,,,,,32.0,29.53333333,1.0,84.0,38.0,15.0,9.0,2.0,,72.0,73.0,13.84375,,2.0,,,,,,7.0,8.0,6.0,,,15.0,,,,,,,,,,,,,,,,,49.41384773,4.051439023,0.252553761,0.209506487,0.136912489,158.0,79.0,39.0,31.0,15.0,57.56975031,,,1.496261294,0.046276122,94.6201154,13.7332811,0.252553761,0.002649258,,0.602104117,0.602104117,,0.337178305,0.337178305,0.337178305,16.0,Darnell Mooney,ATL,DRAFT,79,4040655,10,Ambler Thighs,BE,"{'1': {'team': 'TB', 'date': datetime.datetime(2025, 9, 7, 10, 0)}, '2': {'team': 'MIN', 'date': datetime.datetime(2025, 9, 14, 17, 20)}, '3': {'team': 'CAR', 'date': datetime.datetime(2025, 9, 21, 10, 0)}, '4': {'team': 'WSH', 'date': datetime.datetime(2025, 9, 28, 10, 0)}, '6': {'team': 'BUF', 'date': datetime.datetime(2025, 10, 13, 16, 15)}, '7': {'team': 'SF', 'date': datetime.datetime(2025, 10, 19, 17, 20)}, '8': {'team': 'MIA', 'date': datetime.datetime(2025, 10, 26, 10, 0)}, '9': {'team': 'NE', 'date': datetime.datetime(2025, 11, 2, 10, 0)}, '10': {'team': 'IND', 'date': datetime.datetime(2025, 11, 9, 6, 30)}, '11': {'team': 'CAR', 'date': datetime.datetime(2025, 11, 16, 10, 0)}, '12': {'team': 'NO', 'date': datetime.datetime(2025, 11, 23, 13, 25)}, '13': {'team': 'NYJ', 'date': datetime.datetime(2025, 11, 30, 10, 0)}, '14': {'team': 'SEA', 'date': datetime.datetime(2025, 12, 7, 10, 0)}, '15': {'team': 'TB', 'date': datetime.datetime(2025, 12, 11, 17, 15)}, '16': {'team': 'ARI', 'date': datetime.datetime(2025, 12, 21, 13, 5)}, '17': {'team': 'LAR', 'date': datetime.datetime(2025, 12, 29, 17, 15)}, '18': {'team': 'NO', 'date': datetime.datetime(2026, 1, 4, 10, 0)}}","['RB/WR', 'WR', 'WR/TE', 'RB/WR/TE', 'OP', 'BE', 'IR']",BE,1.0,,,,2.0,,,,,,,,,,,,,,,,,,,,,,,,,,,,,,,,,,,,,,,,,,,,,,,,,,,,,,,,,,,,,,,,,,,,,,,,,,,,,,,,,,,,,,,,,,,,,,,,,,,,,,,,,,,,,,,,,,,,,,,,,,,,,,,,,,,,,,,,,,,,,,,,,,,,,,,,,,,,,,,,,,,,,,,,,,,,,,,,,,,,,,,,,,,,,,,,,,,,,,,,,,,,,,,,,,,,,,,,,,,,,,,,,,,,,,,,,,,,2025,,,,,25.0,,,,,,,,,,,,,,,,,,,,,,,,,,,,,,35.49890278,,
321.0,18.88,278.32,16.37,82.0,21.11764706,9.0,64.0,27.0,10.0,8.0,2.0,,10.0,1.0,,,,,4.37804878,,,,,,,,,,,,,2.0,5.0,1.0,3.0,15.0,,,13.0,4.0,230.0,7.0,,17.0,59.89164362,16.67251113,3.795680275,0.210523561,56.0,28.0,14.0,11.0,5.0,11.0,5.0,0.11341496,0.079390472,0.205631665,0.00701742,4.732424626,,,,,,,,,,,,,,,,,,1.450892928,0.039111827,0.775571402,,8.889051612,0.356762845,,4.251233346,17.91404349,17.0,Trevor Lawrence,JAX,DRAFT,4,4360310,10,Ambler Thighs,QB,"{'1': {'team': 'CAR', 'date': datetime.datetime(2025, 9, 7, 10, 0)}, '2': {'team': 'CIN', 'date': datetime.datetime(2025, 9, 14, 10, 0)}, '3': {'team': 'HOU', 'date': datetime.datetime(2025, 9, 21, 10, 0)}, '4': {'team': 'SF', 'date': datetime.datetime(2025, 9, 28, 13, 5)}, '5': {'team': 'KC', 'date': datetime.datetime(2025, 10, 6, 17, 15)}, '6': {'team': 'SEA', 'date': datetime.datetime(2025, 10, 12, 10, 0)}, '7': {'team': 'LAR', 'date': datetime.datetime(2025, 10, 19, 6, 30)}, '9': {'team': 'LV', 'date': datetime.datetime(2025, 11, 2, 13, 5)}, '10': {'team': 'HOU', 'date': datetime.datetime(2025, 11, 9, 10, 0)}, '11': {'team': 'LAC', 'date': datetime.datetime(2025, 11, 16, 10, 0)}, '12': {'team': 'ARI', 'date': datetime.datetime(2025, 11, 23, 13, 5)}, '13': {'team': 'TEN', 'date': datetime.datetime(2025, 11, 30, 10, 0)}, '14': {'team': 'IND', 'date': datetime.datetime(2025, 12, 7, 10, 0)}, '15': {'team': 'NYJ', 'date': datetime.datetime(2025, 12, 14, 10, 0)}, '16': {'team': 'DEN', 'date': datetime.datetime(2025, 12, 21, 13, 5)}, '17': {'team': 'IND', 'date': datetime.datetime(2025, 12, 28, 10, 0)}, '18': {'team': 'TEN', 'date': datetime.datetime(2026, 1, 4, 10, 0)}}","['QB', 'OP', 'BE', 'IR']",QB,,,,,,,,,,,,,,,,,,,,,560.0,341.0,219.0,235.70588235,29.0,794.0,393.0,191.0,152.0,73.0,31.0,60.0,27.0,38.0,16.0,1.0,,1.0,,12.0,0.60892857,41.0,2.0,16.0,7.0,4.0,1.0,590.676692,383.323455,207.3532369,250.9708717,22.55938225,853.0,426.0,213.0,170.0,85.0,42.0,76.0,38.0,3.606919263,2.357121738,3.875909406,0.523533734,1.240369368,13.66281014,0.64895646,35.86738146,8.113480211,3.894470501,,,,,2.0,,,,,,,,,,,,,,,,,,,,,,,,,,,,,,,,,,,,,,,,,,,,,,,,,,,,,,,,,,,,,,,,,,,,,,,,,,,,,,,,,,,,,,,,,,,,,,,,,,,,,,,,,,,,,,,,,,,,,,,,,,1.0,,,,,1.0,,,,,,,,,,,,,,,,,,,,,,,,,,,,,,,,,,,,,,,2025,,,195.0,39.0,,,,,,,,,,,,,,,,,,,,,,,,,,,,,,18.11048016,,205.5155087,
24.0,2.0,45.43,2.67,22.0,8.66666667,,19.0,8.0,4.0,2.0,1.0,,2.0,,,,,,4.72727273,12.0,5.83333333,,10.0,4.0,,,,,12.0,86.0,5.83333333,,,,,,,,1.0,11.0,,,,12.0,47.65741785,12.10825071,1.469950144,0.079648045,41.0,20.0,10.0,8.0,4.0,9.0,4.0,0.08967233,0.062770631,0.108509456,0.003703011,4.31916523,3.648877814,0.34135881,0.019137374,0.039284069,0.025672139,12.0,6.0,3.0,2.0,1.0,8.989139315,,,0.030225604,0.000934812,11.46019164,6.900652071,0.098785419,0.0029516,0.56436727,0.106450921,0.670818191,0.259608944,0.059612516,0.31922146,0.31922146,17.0,Raheem Mostert,LV,DRAFT,84,2576414,10,Ambler Thighs,BE,"{'1': {'team': 'NE', 'date': datetime.datetime(2025, 9, 7, 10, 0)}, '2': {'team': 'LAC', 'date': datetime.datetime(2025, 9, 15, 19, 0)}, '3': {'team': 'WSH', 'date': datetime.datetime(2025, 9, 21, 10, 0)}, '4': {'team': 'CHI', 'date': datetime.datetime(2025, 9, 28, 13, 25)}, '5': {'team': 'IND', 'date': datetime.datetime(2025, 10, 5, 10, 0)}, '6': {'team': 'TEN', 'date': datetime.datetime(2025, 10, 12, 13, 5)}, '7': {'team': 'KC', 'date': datetime.datetime(2025, 10, 19, 10, 0)}, '9': {'team': 'JAX', 'date': datetime.datetime(2025, 11, 2, 13, 5)}, '10': {'team': 'DEN', 'date': datetime.datetime(2025, 11, 6, 17, 15)}, '11': {'team': 'DAL', 'date': datetime.datetime(2025, 11, 17, 17, 15)}, '12': {'team': 'CLE', 'date': datetime.datetime(2025, 11, 23, 13, 5)}, '13': {'team': 'LAC', 'date': datetime.datetime(2025, 11, 30, 13, 25)}, '14': {'team': 'DEN', 'date': datetime.datetime(2025, 12, 7, 13, 5)}, '15': {'team': 'PHI', 'date': datetime.datetime(2025, 12, 14, 10, 0)}, '16': {'team': 'HOU', 'date': datetime.datetime(2025, 12, 21, 13, 25)}, '17': {'team': 'NYG', 'date': datetime.datetime(2025, 12, 28, 13, 5)}, '18': {'team': 'KC', 'date': datetime.datetime(2026, 1, 4, 13, 25)}}","['RB', 'RB/WR', 'RB/WR/TE', 'OP', 'BE', 'IR']",BE,,,,,,,673.0,63.0,23.0,,,,,,,,,,,,,,,,,,,,,,,,,,,,,,,,,,,,,,,,,,,,,,,,,,,,,,,,,,,,,,,,,,,,,,,,,,,,,,,,,,,,,,,,,,,,,,,,,,,,,,,,,,,,,,,,,,,,,,,,,,,,,,,,,,,,,,,,,,,,,,,,,,,,,,,,,,,,,,,,,,,,,,,,,,,,,,,,,,,,,,,,,,,,,,,,,,,,,,,,,,,,,,,,,,,,,,,,,,,,,,,,,,,,,,,,2025,,,,5.0,6.0,,,,,,,,,,,,,,,,,,,,,,,,,,,,,13.01344274,2.749367586,,
122.0,7.18,171.97,10.12,10.0,2.82352941,1.0,7.0,3.0,1.0,1.0,,,,,,,,,4.8,48.0,24.82352941,5.0,76.0,35.0,14.0,8.0,1.0,2.0,70.0,101.0,8.79166667,,1.0,,,,2.0,2.0,8.0,9.0,36.0,,,17.0,5.183184099,1.058474767,0.263514051,0.010317795,3.0,1.0,,,,1.0,,0.009532328,0.00667263,0.000706871,2.41228e-05,3.471624911,39.18308299,7.065125099,0.324364137,0.188828947,0.123399717,133.0,66.0,33.0,26.0,13.0,61.31678311,,,0.846376002,0.026176577,82.99763418,10.86345984,0.334681932,0.004033691,0.071453774,0.845294221,0.916747995,0.032868736,0.473364764,0.5062335,0.5062335,17.0,Mark Andrews,BAL,ADD,17,3116365,10,Ambler Thighs,TE,"{'1': {'team': 'BUF', 'date': datetime.datetime(2025, 9, 7, 17, 20)}, '2': {'team': 'CLE', 'date': datetime.datetime(2025, 9, 14, 10, 0)}, '3': {'team': 'DET', 'date': datetime.datetime(2025, 9, 22, 17, 15)}, '4': {'team': 'KC', 'date': datetime.datetime(2025, 9, 28, 13, 25)}, '5': {'team': 'HOU', 'date': datetime.datetime(2025, 10, 5, 10, 0)}, '6': {'team': 'LAR', 'date': datetime.datetime(2025, 10, 12, 10, 0)}, '8': {'team': 'CHI', 'date': datetime.datetime(2025, 10, 26, 10, 0)}, '9': {'team': 'MIA', 'date': datetime.datetime(2025, 10, 30, 17, 15)}, '10': {'team': 'MIN', 'date': datetime.datetime(2025, 11, 9, 10, 0)}, '11': {'team': 'CLE', 'date': datetime.datetime(2025, 11, 16, 13, 25)}, '12': {'team': 'NYJ', 'date': datetime.datetime(2025, 11, 23, 10, 0)}, '13': {'team': 'CIN', 'date': datetime.datetime(2025, 11, 27, 17, 20)}, '14': {'team': 'PIT', 'date': datetime.datetime(2025, 12, 7, 10, 0)}, '15': {'team': 'CIN', 'date': datetime.datetime(2025, 12, 14, 10, 0)}, '16': {'team': 'NE', 'date': datetime.datetime(2025, 12, 21, 17, 20)}, '17': {'team': 'GB', 'date': datetime.datetime(2025, 12, 27, 17, 0)}, '18': {'team': 'PIT', 'date': datetime.datetime(2026, 1, 4, 17, 20)}}","['WR/TE', 'TE', 'RB/WR/TE', 'OP', 'BE', 'IR']",TE,,,,,1.0,,,,,,,,,,,,,,2.0,2.0,,,,,,,,,,,,,,,,,,,,,,,,,,,,,,,,,,,,,,,,,,,,,,,,,,,,,1.0,,,,,,,,,,,,,,,,,,,,,,,,,,,,,,,,,,,,,,,,,,,,,,,,,,,,,,,,,,,,,,,,,,,,,,,,,,,,,,,,,,,,,,,,,,,,,,,,,,,,,,,,,,,,,,,,,,,,,,,,,,,1.0,,,,,,,,,,,,,,,,,,,,,,,,,,,,,,,,,,,,,,,,,,,,,2025,,,,7.0,24.0,,,,,,,,,,,,,,,,,,,,,,,,,,,,,3.190910489,34.08421422,,
48.0,2.82,83.95,4.94,70.0,11.70588235,3.0,37.0,15.0,5.0,3.0,,,8.0,1.0,,,,,2.84285714,7.0,1.88235294,1.0,5.0,2.0,1.0,,,,9.0,57.0,4.57142857,1.0,,,,,2.0,2.0,7.0,10.0,24.0,3.0,,17.0,89.50584366,21.86765576,2.917888338,0.164450624,74.0,37.0,18.0,14.0,7.0,17.0,8.0,0.172486553,0.120740587,0.369126355,0.012596866,4.153361756,6.596758502,0.588730004,0.031496975,0.04447222,0.029062596,22.0,11.0,5.0,4.0,2.0,15.3127007,,,0.04702568,0.001454402,19.86175803,7.323652225,0.195947599,0.00378276,0.734123854,0.125594245,0.859718099,0.337696973,0.070332777,0.40802975,0.40802975,17.0,Ollie Gordon II,MIA,ADD,67,4711533,10,Ambler Thighs,RB,"{'1': {'team': 'IND', 'date': datetime.datetime(2025, 9, 7, 10, 0)}, '2': {'team': 'NE', 'date': datetime.datetime(2025, 9, 14, 10, 0)}, '3': {'team': 'BUF', 'date': datetime.datetime(2025, 9, 18, 17, 15)}, '4': {'team': 'NYJ', 'date': datetime.datetime(2025, 9, 29, 16, 15)}, '5': {'team': 'CAR', 'date': datetime.datetime(2025, 10, 5, 10, 0)}, '6': {'team': 'LAC', 'date': datetime.datetime(2025, 10, 12, 10, 0)}, '7': {'team': 'CLE', 'date': datetime.datetime(2025, 10, 19, 10, 0)}, '8': {'team': 'ATL', 'date': datetime.datetime(2025, 10, 26, 10, 0)}, '9': {'team': 'BAL', 'date': datetime.datetime(2025, 10, 30, 17, 15)}, '10': {'team': 'BUF', 'date': datetime.datetime(2025, 11, 9, 10, 0)}, '11': {'team': 'WSH', 'date': datetime.datetime(2025, 11, 16, 6, 30)}, '13': {'team': 'NO', 'date': datetime.datetime(2025, 11, 30, 10, 0)}, '14': {'team': 'NYJ', 'date': datetime.datetime(2025, 12, 7, 10, 0)}, '15': {'team': 'PIT', 'date': datetime.datetime(2025, 12, 15, 17, 15)}, '16': {'team': 'CIN', 'date': datetime.datetime(2025, 12, 21, 10, 0)}, '17': {'team': 'TB', 'date': datetime.datetime(2025, 12, 28, 10, 0)}, '18': {'team': 'NE', 'date': datetime.datetime(2026, 1, 4, 13, 25)}}","['Rookie', 'RB', 'RB/WR', 'RB/WR/TE', 'OP', 'BE', 'IR']",RB,,,,,,,25.0,2.0,1.0,,,,,,,,,,,1.0,,,,,,,,,,,,,,,,,,,,,,,1.0,,,,,,,,,,,,,,,,,,,,,,,,,,,,,,,,,,,,,,,,,,,,,,,,,,,,,,,,,,,,,,,,,,,,,,,,,,,,,,,,,,,,,,,,,,,,,,,,,,,,,,,,,,,,,,,,,,,,,,,,,,,,,,,,,,,,,,,,,,,,,,,,,,,,,,,,,,,,,,,,,,,,,,,,,,,,,,,,,,,,,,,,,,,,,,,,,,,,,,2025,,,,21.0,1.0,,,,,,,,,,,,,,,,,,,,,,,,,,,,,22.23730905,5.673816476,,
63.0,3.71,15.4,0.91,44.0,13.0,1.0,40.0,17.0,7.0,6.0,1.0,,3.0,,1.0,1.0,,,5.02272727,25.0,11.52941176,,34.0,15.0,5.0,3.0,1.0,1.0,31.0,222.0,7.84,1.0,1.0,1.0,1.0,1.0,1.0,1.0,5.0,12.0,8.0,,,17.0,13.29247906,3.348606278,0.587665411,0.022585116,11.0,5.0,2.0,2.0,1.0,2.0,1.0,0.024553853,0.017187697,0.007999759,0.000273001,4.282595178,1.652115591,0.137793944,0.007621425,0.036590657,0.023911994,5.0,2.0,1.0,1.0,,4.130964986,,,0.015464221,0.000478275,5.383124779,6.798887217,0.030206541,0.00068119,0.118110188,0.036705648,0.154815836,0.054330686,0.020555163,0.074885849,0.074885849,17.0,Jeremy McNichols,WSH,ADD,58,3127586,10,Ambler Thighs,BE,"{'1': {'team': 'NYG', 'date': datetime.datetime(2025, 9, 7, 10, 0)}, '2': {'team': 'GB', 'date': datetime.datetime(2025, 9, 11, 17, 15)}, '3': {'team': 'LV', 'date': datetime.datetime(2025, 9, 21, 10, 0)}, '4': {'team': 'ATL', 'date': datetime.datetime(2025, 9, 28, 10, 0)}, '5': {'team': 'LAC', 'date': datetime.datetime(2025, 10, 5, 13, 25)}, '6': {'team': 'CHI', 'date': datetime.datetime(2025, 10, 13, 17, 15)}, '7': {'team': 'DAL', 'date': datetime.datetime(2025, 10, 19, 13, 25)}, '8': {'team': 'KC', 'date': datetime.datetime(2025, 10, 27, 17, 15)}, '9': {'team': 'SEA', 'date': datetime.datetime(2025, 11, 2, 17, 20)}, '10': {'team': 'DET', 'date': datetime.datetime(2025, 11, 9, 13, 25)}, '11': {'team': 'MIA', 'date': datetime.datetime(2025, 11, 16, 6, 30)}, '13': {'team': 'DEN', 'date': datetime.datetime(2025, 11, 30, 17, 20)}, '14': {'team': 'MIN', 'date': datetime.datetime(2025, 12, 7, 10, 0)}, '15': {'team': 'NYG', 'date': datetime.datetime(2025, 12, 14, 10, 0)}, '16': {'team': 'PHI', 'date': datetime.datetime(2025, 12, 20, 14, 0)}, '17': {'team': 'DAL', 'date': datetime.datetime(2025, 12, 25, 10, 0)}, '18': {'team': 'PHI', 'date': datetime.datetime(2026, 1, 4, 13, 25)}}","['RB', 'RB/WR', 'RB/WR/TE', 'OP', 'BE', 'IR']",BE,,,,,,,29.0,2.0,,,,,,,,,,,,,,,,,,,,,,,,,,,,,,,,,,,1.0,,,,,,,,,,,,,,,,,,,,,,,,,,,,,,,,,,,,,,,,,,,,,,,,,,,,,,,,,,,,,,,,,,,,,,,,,,,,,,,,,,,,,,,,,,,,,,,,,,,,,,,,,,,,,,,,,,,,,,,,,,,,,,,,,,,,,,,,,,,,,,,,,,,,,,,,,,1.0,,,,,1.0,,,,,,,,,,,,,,,,,,,,,,,,,,,,,,,,,,,,,,,2025,,,,13.0,10.0,,,,,,,,,,,,,,,,,,,,,,,,,,,,,5.239790852,0.622719807,,
172.0,10.75,135.82,7.99,184.0,45.625,12.0,140.0,66.0,28.0,21.0,5.0,1.0,29.0,10.0,,,1.0,,3.9673913,20.0,9.0,,26.0,12.0,4.0,,,,24.0,123.0,7.2,,,,,,,1.0,13.0,3.0,74.0,11.0,,16.0,132.2256248,33.80388532,4.153082457,0.218164459,114.0,57.0,28.0,22.0,11.0,26.0,13.0,0.25996173,0.181973211,0.851957083,0.029074027,4.346101986,12.78978074,0.517973609,0.029349868,0.042553112,0.027808459,43.0,21.0,10.0,8.0,4.0,29.96921104,,,0.081327346,0.002515279,39.08055989,7.254988203,0.247514327,0.003191324,0.591284913,0.134015947,0.725300861,0.27199106,0.07504893,0.347039991,0.347039991,17.0,Zach Charbonnet,SEA,ADD,24,4426385,10,Ambler Thighs,RB,"{'1': {'team': 'SF', 'date': datetime.datetime(2025, 9, 7, 13, 5)}, '2': {'team': 'PIT', 'date': datetime.datetime(2025, 9, 14, 10, 0)}, '3': {'team': 'NO', 'date': datetime.datetime(2025, 9, 21, 13, 5)}, '4': {'team': 'ARI', 'date': datetime.datetime(2025, 9, 25, 17, 15)}, '5': {'team': 'TB', 'date': datetime.datetime(2025, 10, 5, 13, 5)}, '6': {'team': 'JAX', 'date': datetime.datetime(2025, 10, 12, 10, 0)}, '7': {'team': 'HOU', 'date': datetime.datetime(2025, 10, 20, 19, 0)}, '9': {'team': 'WSH', 'date': datetime.datetime(2025, 11, 2, 17, 20)}, '10': {'team': 'ARI', 'date': datetime.datetime(2025, 11, 9, 13, 5)}, '11': {'team': 'LAR', 'date': datetime.datetime(2025, 11, 16, 13, 5)}, '12': {'team': 'TEN', 'date': datetime.datetime(2025, 11, 23, 10, 0)}, '13': {'team': 'MIN', 'date': datetime.datetime(2025, 11, 30, 13, 5)}, '14': {'team': 'ATL', 'date': datetime.datetime(2025, 12, 7, 10, 0)}, '15': {'team': 'IND', 'date': datetime.datetime(2025, 12, 14, 13, 25)}, '16': {'team': 'LAR', 'date': datetime.datetime(2025, 12, 18, 17, 15)}, '17': {'team': 'CAR', 'date': datetime.datetime(2025, 12, 28, 10, 0)}, '18': {'team': 'SF', 'date': datetime.datetime(2026, 1, 3, 17, 0)}}","['RB', 'RB/WR', 'RB/WR/TE', 'OP', 'BE', 'IR']",RB,,,,,,,,,,,,,,,,,,,,,,,,,,,,,,,,,,,,,,,,,,,,,,,,,,,,,,,,,,,,,,,,,,,,,,,,,,1.0,,1.0,,,,,,,,,,,,,,,,,,,,,,,,,,,,,,,,,,,,,,,,,,,,,,,,,,,,,,,,,,,,,,,,,,,,,,,,,,,,,,,,,,,,,,,,,,,,,,,,,,,,,,,,,,,,,,,,,,,,,,,,,,,,,,1.0,,,,,,,,,,,,,,,,,,,,,,,,,,,,,,,,,,,,,,,2025,,,,47.0,7.0,,,,,,,,,,,,,,,,,,,,,,,,,,,,,32.60503187,11.88883258,,
97.0,9.7,1.67,0.1,14.0,0.7,1.0,1.0,,,,,,1.0,,,,,,0.5,,,,,,,,,,,,,1.0,3.0,1.0,1.0,6.0,,,5.0,5.0,66.0,1.0,,10.0,0.106625813,0.014475891,0.003799619,0.000171623,,,,,,,,0.000195553,0.000136887,-1.6631e-06,-5.67552e-08,2.307979123,,,,,,,,,,,,,,,,,,0.014491295,0.000459526,0.001821559,,0.104437805,0.000837917,,0.050093715,0.182442641,17.0,Kirk Cousins,ATL,ADD,35,14880,10,Ambler Thighs,BE,"{'1': {'team': 'TB', 'date': datetime.datetime(2025, 9, 7, 10, 0)}, '2': {'team': 'MIN', 'date': datetime.datetime(2025, 9, 14, 17, 20)}, '3': {'team': 'CAR', 'date': datetime.datetime(2025, 9, 21, 10, 0)}, '4': {'team': 'WSH', 'date': datetime.datetime(2025, 9, 28, 10, 0)}, '6': {'team': 'BUF', 'date': datetime.datetime(2025, 10, 13, 16, 15)}, '7': {'team': 'SF', 'date': datetime.datetime(2025, 10, 19, 17, 20)}, '8': {'team': 'MIA', 'date': datetime.datetime(2025, 10, 26, 10, 0)}, '9': {'team': 'NE', 'date': datetime.datetime(2025, 11, 2, 10, 0)}, '10': {'team': 'IND', 'date': datetime.datetime(2025, 11, 9, 6, 30)}, '11': {'team': 'CAR', 'date': datetime.datetime(2025, 11, 16, 10, 0)}, '12': {'team': 'NO', 'date': datetime.datetime(2025, 11, 23, 13, 25)}, '13': {'team': 'NYJ', 'date': datetime.datetime(2025, 11, 30, 10, 0)}, '14': {'team': 'SEA', 'date': datetime.datetime(2025, 12, 7, 10, 0)}, '15': {'team': 'TB', 'date': datetime.datetime(2025, 12, 11, 17, 15)}, '16': {'team': 'ARI', 'date': datetime.datetime(2025, 12, 21, 13, 5)}, '17': {'team': 'LAR', 'date': datetime.datetime(2025, 12, 29, 17, 15)}, '18': {'team': 'NO', 'date': datetime.datetime(2026, 1, 4, 10, 0)}}","['QB', 'OP', 'BE', 'IR']",BE,,,,,,,,,,,,,,,,,,,,,269.0,166.0,103.0,172.1,10.0,339.0,167.0,81.0,63.0,28.0,11.0,31.0,13.0,16.0,6.0,1.0,,1.0,,5.0,0.61710037,13.0,2.0,6.0,3.0,,,5.62910977,3.746065498,1.883044272,2.517097537,0.245400234,8.0,4.0,2.0,1.0,,,,,0.073246571,0.047866634,0.067761744,0.009152835,0.014319672,0.132348926,0.665480982,0.377582096,0.102616246,0.049255798,,,,,,,,,,,,,,,,,,,,,,,,,,,,,,,,,,,,,,,,,,,,,,,,,,,,,,,,,,,,,,,,,,,,,,,,,,,,,,,,,,,,,,,,,,,,,,,,,,,,,,,,,,,,,,,,,,,,,,,,,,,,,,,,,,,,,,,,,,,,,,,,,,,,,,,,,,,,,,,,,,,,,,,,,,,2025,,,86.0,4.0,,,,,,,,,,,,,,,,,,,,,,,,,,,,,,2.089609544,,-1.882292066,
126.0,7.88,137.3,8.08,,,,,,,,,,,,,,,,,,,,,,,,,,,,,,,,,,,,3.0,13.0,106.0,,,16.0,,,,,,,,,,,,,,,,,,,,,,,,,,,,,,,,,,,,,,,,,,,17.0,Nick Folk,NYJ,ADD,19,10621,10,Ambler Thighs,K,"{'1': {'team': 'PIT', 'date': datetime.datetime(2025, 9, 7, 10, 0)}, '2': {'team': 'BUF', 'date': datetime.datetime(2025, 9, 14, 10, 0)}, '3': {'team': 'TB', 'date': datetime.datetime(2025, 9, 21, 10, 0)}, '4': {'team': 'MIA', 'date': datetime.datetime(2025, 9, 29, 16, 15)}, '5': {'team': 'DAL', 'date': datetime.datetime(2025, 10, 5, 10, 0)}, '6': {'team': 'DEN', 'date': datetime.datetime(2025, 10, 12, 6, 30)}, '7': {'team': 'CAR', 'date': datetime.datetime(2025, 10, 19, 10, 0)}, '8': {'team': 'CIN', 'date': datetime.datetime(2025, 10, 26, 10, 0)}, '10': {'team': 'CLE', 'date': datetime.datetime(2025, 11, 9, 10, 0)}, '11': {'team': 'NE', 'date': datetime.datetime(2025, 11, 13, 17, 15)}, '12': {'team': 'BAL', 'date': datetime.datetime(2025, 11, 23, 10, 0)}, '13': {'team': 'ATL', 'date': datetime.datetime(2025, 11, 30, 10, 0)}, '14': {'team': 'MIA', 'date': datetime.datetime(2025, 12, 7, 10, 0)}, '15': {'team': 'JAX', 'date': datetime.datetime(2025, 12, 14, 10, 0)}, '16': {'team': 'NO', 'date': datetime.datetime(2025, 12, 21, 10, 0)}, '17': {'team': 'NE', 'date': datetime.datetime(2025, 12, 28, 10, 0)}, '18': {'team': 'BUF', 'date': datetime.datetime(2026, 1, 4, 13, 25)}}","['K', 'BE', 'IR']",K,,,,,,,,,,,,,,,,,,,,,,,,,,,,,,,,,,,,,,,,,,,,,,,,,,,,,,,,,,,,,,,,,,,,,,,,,,,,,,7.0,8.0,7.0,8.0,1.0,14.0,14.0,,28.0,29.0,1.0,22.0,22.0,,7.0,8.0,5.394419017,7.164747628,1.770328612,7.910791956,9.264185305,1.353393349,16.72651989,16.89547464,0.168954746,30.03173087,33.32440757,3.292676707,31.79670497,32.44561732,0.648912346,5.394419017,7.164747628,1.770328612,,,,,,,,,,,,,,,,,,,,,,,,,,,,,,,,,,,,,,,,,,,,,,,,,,,,,,,,,,,,,,,,,,,,,,,,,,,,,,,,,,,,,,,1.0,1.0,,,,,,,,,,,,,,,,,,,,,,,,,,,,,,,,,,,,,,,,,,2025,,,,,,1125.0,55.0,1223.0,220.0,107.0,50.0,38.0,14.0,2.0,11.0,5.0,2.0,2.0,1.0,239.0,117.0,55.0,41.0,16.0,4.0,,,1149.079862,161.5690881,1310.64895,,,,,,,
77.0,4.53,116.64,6.86,,,,,,,,,,,,,,,,,,,,,,,,,,,,,,,,,,700.0,1198.0,8.0,9.0,,,,17.0,,,,,,,,,,,,,,,,,,,,,,,,,,,,,,,,,,,,,,,,,,,17.0,Colts D/ST,IND,ADD,17,-16011,10,Ambler Thighs,D/ST,"{'1': {'team': 'MIA', 'date': datetime.datetime(2025, 9, 7, 10, 0)}, '2': {'team': 'DEN', 'date': datetime.datetime(2025, 9, 14, 13, 5)}, '3': {'team': 'TEN', 'date': datetime.datetime(2025, 9, 21, 10, 0)}, '4': {'team': 'LAR', 'date': datetime.datetime(2025, 9, 28, 13, 5)}, '5': {'team': 'LV', 'date': datetime.datetime(2025, 10, 5, 10, 0)}, '6': {'team': 'ARI', 'date': datetime.datetime(2025, 10, 12, 10, 0)}, '7': {'team': 'LAC', 'date': datetime.datetime(2025, 10, 19, 13, 5)}, '8': {'team': 'TEN', 'date': datetime.datetime(2025, 10, 26, 13, 25)}, '9': {'team': 'PIT', 'date': datetime.datetime(2025, 11, 2, 10, 0)}, '10': {'team': 'ATL', 'date': datetime.datetime(2025, 11, 9, 6, 30)}, '12': {'team': 'KC', 'date': datetime.datetime(2025, 11, 23, 10, 0)}, '13': {'team': 'HOU', 'date': datetime.datetime(2025, 11, 30, 10, 0)}, '14': {'team': 'JAX', 'date': datetime.datetime(2025, 12, 7, 10, 0)}, '15': {'team': 'SEA', 'date': datetime.datetime(2025, 12, 14, 13, 25)}, '16': {'team': 'SF', 'date': datetime.datetime(2025, 12, 22, 17, 15)}, '17': {'team': 'JAX', 'date': datetime.datetime(2025, 12, 28, 10, 0)}, '18': {'team': 'HOU', 'date': datetime.datetime(2026, 1, 4, 10, 0)}}","['D/ST', 'BE', 'IR']",D/ST,,,,,,,1927.0,186.0,68.0,0.386433432,0.14489496,1403.363518,281.9287188,140.0,56.0,28.0,11.0,,,,,,,,,,,,,,,,,,,,,,,,,,,,,,,,,,,,,,,,,,,,,,,,,,,,,,,,,498.0,,,10.0,,,,,,,,,,,,,,,,,,,,,,,,,,,,,,,,,,,7.0,0.0,1.0,1.0,1.0,1.0,14.0,2.0,,39.0,78.0,,,1.0,1.0,393.0,233.0,81.0,79.0,201.0,17.0,4.0,398.0,3.0,7.0,3.0,1.0,5947.0,0.0,0.0,5.0,4.0,3.0,3.0,2.0,0.0,0.0,0.0,1.0,1.0,1.0,3.0,7.0,3.0,1.0,0.263763764,1.191191191,3.998998999,3.403403403,0.118077606,1.757515859,12.42272382,9.314098755,1.780540567,0.233305606,39.71909514,79.43819028,1.204219311,0.553296548,2.406921859,14.3293827,1121.230127,373.0,224.0,64.42180176,352.3708286,2.467467467,3.148148148,1.871871872,0.595595596,0.05955956,20.7276958,5813.439195,0.578520669,4.764287859,4.015614053,3.794414973,2.331097988,1.020918827,0.391352217,0.103793414,341.9670115,,,,,,,,,,,,,,,,,,,,,,,,,,,,,,,,,,,,,,,,,,,,,,,,2025,,,,,,,,,,,,,,,,,,,,,,,,,,,,,,,,,,,,,47.12924467
291.0,18.19,365.08,21.48,105.0,26.3125,8.0,81.0,38.0,16.0,11.0,2.0,,12.0,2.0,,,,,4.00952381,,,,,,,,,,,,,4.0,8.0,2.0,4.0,10.0,,,11.0,5.0,198.0,8.0,,16.0,151.3002367,40.20685502,14.06540947,0.463532051,136.0,68.0,34.0,27.0,13.0,30.0,15.0,0.300320776,0.210224543,1.204210543,0.041095086,4.517617093,,,,,,,,,,,,,,,,,,1.98922925,0.042852749,2.174016699,,9.739261094,1.000047681,,4.631364991,14.6983751,17.0,Jalen Hurts,PHI,DRAFT,7,4040715,11,B Mac,QB,"{'1': {'team': 'DAL', 'date': datetime.datetime(2025, 9, 4, 17, 20)}, '2': {'team': 'KC', 'date': datetime.datetime(2025, 9, 14, 13, 25)}, '3': {'team': 'LAR', 'date': datetime.datetime(2025, 9, 21, 10, 0)}, '4': {'team': 'TB', 'date': datetime.datetime(2025, 9, 28, 10, 0)}, '5': {'team': 'DEN', 'date': datetime.datetime(2025, 10, 5, 10, 0)}, '6': {'team': 'NYG', 'date': datetime.datetime(2025, 10, 9, 17, 15)}, '7': {'team': 'MIN', 'date': datetime.datetime(2025, 10, 19, 10, 0)}, '8': {'team': 'NYG', 'date': datetime.datetime(2025, 10, 26, 10, 0)}, '10': {'team': 'GB', 'date': datetime.datetime(2025, 11, 10, 17, 15)}, '11': {'team': 'DET', 'date': datetime.datetime(2025, 11, 16, 17, 20)}, '12': {'team': 'DAL', 'date': datetime.datetime(2025, 11, 23, 13, 25)}, '13': {'team': 'CHI', 'date': datetime.datetime(2025, 11, 28, 12, 0)}, '14': {'team': 'LAC', 'date': datetime.datetime(2025, 12, 8, 17, 15)}, '15': {'team': 'LV', 'date': datetime.datetime(2025, 12, 14, 10, 0)}, '16': {'team': 'WSH', 'date': datetime.datetime(2025, 12, 20, 14, 0)}, '17': {'team': 'BUF', 'date': datetime.datetime(2025, 12, 28, 13, 25)}, '18': {'team': 'WSH', 'date': datetime.datetime(2026, 1, 4, 13, 25)}}","['QB', 'OP', 'BE', 'IR']",QB,,,,,,,,,,,,,,,,,,,,,454.0,294.0,160.0,201.5,25.0,641.0,317.0,155.0,125.0,56.0,24.0,52.0,22.0,24.0,8.0,3.0,1.0,1.0,,6.0,0.64757709,32.0,6.0,12.0,3.0,2.0,4.0,484.5863062,322.9035846,161.6827216,217.7278952,22.46300633,740.0,370.0,185.0,148.0,74.0,37.0,64.0,32.0,2.778031615,1.81544366,2.328923756,0.314576535,1.525697198,10.06701011,0.666348967,41.91529252,7.565244396,3.63131731,,,,,,,,,,,,,,,,,,,,,,,,,,,,,,,,,,,,,,,,,,1.0,,,,,,,,,,,,,,,,,,,,,,,,,,,,,,,,,,,,,,,,,,,,,,,,,,,,,,,,,,,,,,,,,,,,,,,,,,,,,,,,,,,,,2.0,,,,,,,,,,,,,,,,,,,,,,,,,,,,,,,,,,,,,,,,,,,,2025,,,150.0,40.0,,,,,,,,,,,,,,,,,,,,,,,,,,,,,,44.82890468,,176.475398,
193.0,11.35,222.35,13.08,,,,,,,,,,,,,,,,,77.0,59.29411765,4.0,193.0,92.0,43.0,33.0,12.0,7.0,113.0,293.0,13.09090909,,,,,,,,11.0,6.0,24.0,,1.0,17.0,,,,,,,,,,,,,,,,,58.60880438,5.925896881,0.402712543,0.224400015,0.14664541,199.0,99.0,49.0,39.0,19.0,88.14880372,,,2.493436941,0.077116606,119.0198235,11.3030425,0.402712543,0.004648276,,1.056426336,1.056426336,,0.591598748,0.591598748,0.591598748,17.0,DeVonta Smith,PHI,DRAFT,22,4241478,11,B Mac,WR,"{'1': {'team': 'DAL', 'date': datetime.datetime(2025, 9, 4, 17, 20)}, '2': {'team': 'KC', 'date': datetime.datetime(2025, 9, 14, 13, 25)}, '3': {'team': 'LAR', 'date': datetime.datetime(2025, 9, 21, 10, 0)}, '4': {'team': 'TB', 'date': datetime.datetime(2025, 9, 28, 10, 0)}, '5': {'team': 'DEN', 'date': datetime.datetime(2025, 10, 5, 10, 0)}, '6': {'team': 'NYG', 'date': datetime.datetime(2025, 10, 9, 17, 15)}, '7': {'team': 'MIN', 'date': datetime.datetime(2025, 10, 19, 10, 0)}, '8': {'team': 'NYG', 'date': datetime.datetime(2025, 10, 26, 10, 0)}, '10': {'team': 'GB', 'date': datetime.datetime(2025, 11, 10, 17, 15)}, '11': {'team': 'DET', 'date': datetime.datetime(2025, 11, 16, 17, 20)}, '12': {'team': 'DAL', 'date': datetime.datetime(2025, 11, 23, 13, 25)}, '13': {'team': 'CHI', 'date': datetime.datetime(2025, 11, 28, 12, 0)}, '14': {'team': 'LAC', 'date': datetime.datetime(2025, 12, 8, 17, 15)}, '15': {'team': 'LV', 'date': datetime.datetime(2025, 12, 14, 10, 0)}, '16': {'team': 'WSH', 'date': datetime.datetime(2025, 12, 20, 14, 0)}, '17': {'team': 'BUF', 'date': datetime.datetime(2025, 12, 28, 13, 25)}, '18': {'team': 'WSH', 'date': datetime.datetime(2026, 1, 4, 13, 25)}}","['RB/WR', 'WR', 'WR/TE', 'RB/WR/TE', 'OP', 'BE', 'IR']",WR,1.0,1.0,2.0,2.0,,,,,,,,,,,,,,,2.0,,,,,,,,,,,,,,,,,,,,,,,,,,,,,,,,,,,,,,,,,,,,,,,,,,,,,,,,,,,,,,,,,,,,,,,,,,,,,,,,,,,,,,,,,,,,,,,,,,,,,,,,,,,,,,,,,,,,,,,,,,,,,,,,,,,,,,,,,,,,,,,,,,,,,,,,,,,,,,,,,,,,,,,,,,,,,,,,,,,,,,,,,,,,,,,,,,,,,,,,,,,,,,,,,,,,,,,,,,,,,,2025,,,,,44.0,,,,,,,,,,,,,,,,,,,,,,,,,,,,,,48.84091686,,
216.0,15.43,257.03,15.12,,,,,,,,,,,,,,,,,60.0,56.35714286,14.0,153.0,72.0,32.0,27.0,11.0,6.0,114.0,117.0,13.15,,,,,,1.0,1.0,11.0,3.0,84.0,,,14.0,,,,,,,,,,,,,,,,,68.84868005,9.158489474,0.495428479,0.245220877,0.160251843,234.0,117.0,58.0,46.0,23.0,85.06611186,,,3.691950891,0.114184048,136.7335383,13.75903442,0.495428479,0.003931911,,0.893616144,0.893616144,,0.500425041,0.500425041,0.500425041,17.0,Davante Adams,LAR,DRAFT,9,16800,11,B Mac,WR,"{'1': {'team': 'HOU', 'date': datetime.datetime(2025, 9, 7, 13, 25)}, '2': {'team': 'TEN', 'date': datetime.datetime(2025, 9, 14, 10, 0)}, '3': {'team': 'PHI', 'date': datetime.datetime(2025, 9, 21, 10, 0)}, '4': {'team': 'IND', 'date': datetime.datetime(2025, 9, 28, 13, 5)}, '5': {'team': 'SF', 'date': datetime.datetime(2025, 10, 2, 17, 15)}, '6': {'team': 'BAL', 'date': datetime.datetime(2025, 10, 12, 10, 0)}, '7': {'team': 'JAX', 'date': datetime.datetime(2025, 10, 19, 6, 30)}, '9': {'team': 'NO', 'date': datetime.datetime(2025, 11, 2, 13, 5)}, '10': {'team': 'SF', 'date': datetime.datetime(2025, 11, 9, 13, 25)}, '11': {'team': 'SEA', 'date': datetime.datetime(2025, 11, 16, 13, 5)}, '12': {'team': 'TB', 'date': datetime.datetime(2025, 11, 23, 17, 20)}, '13': {'team': 'CAR', 'date': datetime.datetime(2025, 11, 30, 10, 0)}, '14': {'team': 'ARI', 'date': datetime.datetime(2025, 12, 7, 13, 25)}, '15': {'team': 'DET', 'date': datetime.datetime(2025, 12, 14, 13, 25)}, '16': {'team': 'SEA', 'date': datetime.datetime(2025, 12, 18, 17, 15)}, '17': {'team': 'ATL', 'date': datetime.datetime(2025, 12, 29, 17, 15)}, '18': {'team': 'ARI', 'date': datetime.datetime(2026, 1, 4, 13, 25)}}","['RB/WR', 'WR', 'WR/TE', 'RB/WR/TE', 'OP', 'BE', 'IR']",WR,1.0,,1.0,1.0,,,,,,,,,,,,,,,10.0,1.0,,,,,,,,,,,,,,,,,,,,,,,,,,,,,,,,,,,,,,,,,,,,,,,,,,,,,2.0,,,,,,,,,,,,,,,,,,,,,,,,,,,,,,,,,,,,,,,,,,,,,,,,,,,,,,,,,,,,,,,,,,,,,,,,,,,,,,,,,,,,,,,,,,,,,,,,,,,,,,,,,,,,,,,,,,,,,,,,,,,,,,,,,,,,,,,,,,,,,,,,,,,,,,,,,,,,,,,,,,,,,,,,2025,,,,,51.0,,,,,,,,,,,,,,,,,,,,,,,,,,,,,,54.26051263,,
128.0,14.22,257.85,15.17,124.0,60.55555556,4.0,105.0,50.0,24.0,17.0,6.0,1.0,21.0,8.0,1.0,1.0,1.0,,4.39516129,32.0,21.33333333,1.0,35.0,16.0,5.0,5.0,1.0,4.0,35.0,245.0,6.0,1.0,1.0,1.0,,,1.0,1.0,6.0,3.0,30.0,3.0,,9.0,255.950287,67.43493592,10.84347719,0.52258369,229.0,114.0,57.0,45.0,22.0,51.0,25.0,0.534872941,0.374411059,3.405049384,0.116201272,4.478970992,17.60617392,1.660881954,0.097821863,0.044782801,0.029265561,59.0,29.0,14.0,11.0,5.0,40.82804629,,,0.125296807,0.003875159,53.02908052,7.330866496,0.620405552,0.010710329,2.099295459,0.334870233,2.434165692,0.965675911,0.18752733,1.153203241,1.153203241,17.0,Omarion Hampton,LAC,DRAFT,35,4685382,11,B Mac,BE,"{'1': {'team': 'KC', 'date': datetime.datetime(2025, 9, 5, 17, 0)}, '2': {'team': 'LV', 'date': datetime.datetime(2025, 9, 15, 19, 0)}, '3': {'team': 'DEN', 'date': datetime.datetime(2025, 9, 21, 13, 5)}, '4': {'team': 'NYG', 'date': datetime.datetime(2025, 9, 28, 10, 0)}, '5': {'team': 'WSH', 'date': datetime.datetime(2025, 10, 5, 13, 25)}, '6': {'team': 'MIA', 'date': datetime.datetime(2025, 10, 12, 10, 0)}, '7': {'team': 'IND', 'date': datetime.datetime(2025, 10, 19, 13, 5)}, '8': {'team': 'MIN', 'date': datetime.datetime(2025, 10, 23, 17, 15)}, '9': {'team': 'TEN', 'date': datetime.datetime(2025, 11, 2, 10, 0)}, '10': {'team': 'PIT', 'date': datetime.datetime(2025, 11, 9, 17, 20)}, '11': {'team': 'JAX', 'date': datetime.datetime(2025, 11, 16, 10, 0)}, '13': {'team': 'LV', 'date': datetime.datetime(2025, 11, 30, 13, 25)}, '14': {'team': 'PHI', 'date': datetime.datetime(2025, 12, 8, 17, 15)}, '15': {'team': 'KC', 'date': datetime.datetime(2025, 12, 14, 10, 0)}, '16': {'team': 'DAL', 'date': datetime.datetime(2025, 12, 21, 10, 0)}, '17': {'team': 'HOU', 'date': datetime.datetime(2025, 12, 27, 13, 30)}, '18': {'team': 'DEN', 'date': datetime.datetime(2026, 1, 4, 13, 25)}}","['Rookie', 'RB', 'RB/WR', 'RB/WR/TE', 'OP', 'BE', 'IR']",BE,,,,,1.0,,30.0,3.0,1.0,,,,,,,,,,1.0,,,,,,,,,,,,,,,,,,,,,,,,1.0,,,,,,,,,,,,,,,,,,,,,,,,,,,,,,,,,,,,,,,,,,,,,,,,,,,,,,,,,,,,,,,,,,,,,,,,,,,,,,,,,,,,,,,,,,,,,,,,,,,,,,,,,,,,,,,,,,,,,,,,,,,,,,,,,,,,,,,,,,,,,,,,,,,,,,,,,,1.0,,,,,,,,,,,,,,,,,,,,,,,,,,,,,,,,,,,,,,,,,,,,2025,,,,31.0,7.0,,,,,,,,,,,,,,,,,,,,,,,,,,,,,64.41397539,17.08916523,,
187.0,11.69,225.91,13.29,2.0,1.75,,5.0,2.0,1.0,,,,,,,,,,14.0,64.0,56.875,6.0,177.0,85.0,38.0,29.0,10.0,9.0,100.0,228.0,14.21875,,1.0,,,,4.0,5.0,7.0,9.0,36.0,,1.0,16.0,4.029833947,1.379379949,0.244553048,0.013779292,4.0,2.0,1.0,,,,,0.007406595,0.005184616,0.001253915,4.27913e-05,5.818964117,63.69356174,4.591671862,0.245505385,0.263290147,0.172060111,216.0,108.0,54.0,43.0,21.0,87.58066726,,,3.068036396,0.094887724,124.1531594,12.36335122,0.259284676,0.00490623,0.049049783,1.066002424,1.115052207,0.0225629,0.596961357,0.619524258,0.619524258,17.0,Jaylen Waddle,MIA,DRAFT,24,4372016,11,B Mac,BE,"{'1': {'team': 'IND', 'date': datetime.datetime(2025, 9, 7, 10, 0)}, '2': {'team': 'NE', 'date': datetime.datetime(2025, 9, 14, 10, 0)}, '3': {'team': 'BUF', 'date': datetime.datetime(2025, 9, 18, 17, 15)}, '4': {'team': 'NYJ', 'date': datetime.datetime(2025, 9, 29, 16, 15)}, '5': {'team': 'CAR', 'date': datetime.datetime(2025, 10, 5, 10, 0)}, '6': {'team': 'LAC', 'date': datetime.datetime(2025, 10, 12, 10, 0)}, '7': {'team': 'CLE', 'date': datetime.datetime(2025, 10, 19, 10, 0)}, '8': {'team': 'ATL', 'date': datetime.datetime(2025, 10, 26, 10, 0)}, '9': {'team': 'BAL', 'date': datetime.datetime(2025, 10, 30, 17, 15)}, '10': {'team': 'BUF', 'date': datetime.datetime(2025, 11, 9, 10, 0)}, '11': {'team': 'WSH', 'date': datetime.datetime(2025, 11, 16, 6, 30)}, '13': {'team': 'NO', 'date': datetime.datetime(2025, 11, 30, 10, 0)}, '14': {'team': 'NYJ', 'date': datetime.datetime(2025, 12, 7, 10, 0)}, '15': {'team': 'PIT', 'date': datetime.datetime(2025, 12, 15, 17, 15)}, '16': {'team': 'CIN', 'date': datetime.datetime(2025, 12, 21, 10, 0)}, '17': {'team': 'TB', 'date': datetime.datetime(2025, 12, 28, 10, 0)}, '18': {'team': 'NE', 'date': datetime.datetime(2026, 1, 4, 13, 25)}}","['RB/WR', 'WR', 'WR/TE', 'RB/WR/TE', 'OP', 'BE', 'IR']",BE,2.0,,1.0,1.0,1.0,,,,,,,,,,,,,,2.0,,1.0,1.0,,0.5,,1.0,,,,,,,,,,,,,,,1.0,,,,,,,,,,,,,,,,,,,,,,,,,,,,,,,,1.0,1.0,,,,,,,,,,,,,,,,,,,,,,,,,,,,,,,,,,,,,,,,,,,,,,,,,,,,,,,,,,,,,,,,,,,,,,,,,,,,,,,,,,,,,,,,,,,,,,,,,,,,,,,,,,,,,,,,,,,,,,,,,,,,,,,,,,,,,,,,,,,,,,,,,,,,,,,,,,,,,,,,,,,,,,,2025,,,,1.0,48.0,,,,,,,,,,,,,,,,,,,,,,,,,,,,,3.290908251,50.54953473,,
80.0,6.15,213.4,12.55,118.0,35.53846154,1.0,89.0,41.0,16.0,13.0,3.0,,19.0,6.0,,,,,3.91525424,19.0,7.76923077,1.0,18.0,8.0,3.0,1.0,,1.0,26.0,121.0,5.31578947,,,,,,,,5.0,8.0,12.0,1.0,,13.0,212.4442573,53.06864977,6.678470955,0.38555092,180.0,90.0,45.0,36.0,18.0,42.0,21.0,0.434767274,0.304337092,2.110146143,0.072011192,4.246605945,17.74879171,1.905039066,0.099936819,0.046467888,0.030366764,60.0,30.0,15.0,12.0,6.0,42.71584271,,,0.126957842,0.003926531,52.82957109,7.063642901,0.485487739,0.008492778,1.607049697,0.323127031,1.930176727,0.73924286,0.180951137,0.920193998,0.920193998,17.0,Isiah Pacheco,KC,DRAFT,53,4361529,11,B Mac,BE,"{'1': {'team': 'LAC', 'date': datetime.datetime(2025, 9, 5, 17, 0)}, '2': {'team': 'PHI', 'date': datetime.datetime(2025, 9, 14, 13, 25)}, '3': {'team': 'NYG', 'date': datetime.datetime(2025, 9, 21, 17, 20)}, '4': {'team': 'BAL', 'date': datetime.datetime(2025, 9, 28, 13, 25)}, '5': {'team': 'JAX', 'date': datetime.datetime(2025, 10, 6, 17, 15)}, '6': {'team': 'DET', 'date': datetime.datetime(2025, 10, 12, 17, 20)}, '7': {'team': 'LV', 'date': datetime.datetime(2025, 10, 19, 10, 0)}, '8': {'team': 'WSH', 'date': datetime.datetime(2025, 10, 27, 17, 15)}, '9': {'team': 'BUF', 'date': datetime.datetime(2025, 11, 2, 13, 25)}, '11': {'team': 'DEN', 'date': datetime.datetime(2025, 11, 16, 13, 25)}, '12': {'team': 'IND', 'date': datetime.datetime(2025, 11, 23, 10, 0)}, '13': {'team': 'DAL', 'date': datetime.datetime(2025, 11, 27, 13, 30)}, '14': {'team': 'HOU', 'date': datetime.datetime(2025, 12, 7, 17, 20)}, '15': {'team': 'LAC', 'date': datetime.datetime(2025, 12, 14, 10, 0)}, '16': {'team': 'TEN', 'date': datetime.datetime(2025, 12, 21, 10, 0)}, '17': {'team': 'DEN', 'date': datetime.datetime(2025, 12, 25, 17, 15)}, '18': {'team': 'LV', 'date': datetime.datetime(2026, 1, 4, 13, 25)}}","['RB', 'RB/WR', 'RB/WR/TE', 'OP', 'BE', 'IR']",BE,,,,,,,,,,,,,,,,,,,1.0,,,,,,,,,,,,,,,,,,,,,,,,,,,,,,,,,,,,,,,,,,,,,,,,,,,,,,,,,,,,,,,,,,,,,,,,,,,,,,,,,,,,,,,,,,,,,,,,,,,,,,,,,,,,,,,,,,,,,,,,,,,,,,,,,,,,,,,,,,,,,,,,,,,,,,,,,,,,,,,,,,,,,,,,,,,,,,,,,,,,,,,,,,,,,,,,,,,,,,,,,,,,,,,,,,,,,,,,,,,,,,2025,,,,27.0,4.0,,,,,,,,,,,,,,,,,,,,,,,,,,,,,50.41942734,17.6861542,,
188.0,11.06,174.42,10.26,2.0,0.52941176,,1.0,,,,,,,,,,,,4.5,63.0,55.17647059,6.0,182.0,87.0,41.0,29.0,11.0,4.0,127.0,335.0,14.88888889,,,,,,,,8.0,9.0,38.0,,1.0,17.0,4.470211251,1.624503575,0.181312947,0.01219021,5.0,2.0,1.0,1.0,,,,0.008217955,0.005752569,0.001777412,6.06562e-05,6.177909549,45.1908432,6.179876179,0.300508611,0.236313937,0.154431158,153.0,76.0,38.0,30.0,15.0,57.51968139,,,1.311034772,0.040547467,90.53804676,13.35619941,0.31269882,0.002898001,0.047495559,0.611141012,0.658636571,0.021847957,0.342238967,0.364086924,0.364086924,17.0,Emeka Egbuka,TB,DRAFT,23,4567750,11,B Mac,BE,"{'1': {'team': 'ATL', 'date': datetime.datetime(2025, 9, 7, 10, 0)}, '2': {'team': 'HOU', 'date': datetime.datetime(2025, 9, 15, 16, 0)}, '3': {'team': 'NYJ', 'date': datetime.datetime(2025, 9, 21, 10, 0)}, '4': {'team': 'PHI', 'date': datetime.datetime(2025, 9, 28, 10, 0)}, '5': {'team': 'SEA', 'date': datetime.datetime(2025, 10, 5, 13, 5)}, '6': {'team': 'SF', 'date': datetime.datetime(2025, 10, 12, 13, 25)}, '7': {'team': 'DET', 'date': datetime.datetime(2025, 10, 20, 16, 0)}, '8': {'team': 'NO', 'date': datetime.datetime(2025, 10, 26, 13, 5)}, '10': {'team': 'NE', 'date': datetime.datetime(2025, 11, 9, 10, 0)}, '11': {'team': 'BUF', 'date': datetime.datetime(2025, 11, 16, 10, 0)}, '12': {'team': 'LAR', 'date': datetime.datetime(2025, 11, 23, 17, 20)}, '13': {'team': 'ARI', 'date': datetime.datetime(2025, 11, 30, 10, 0)}, '14': {'team': 'NO', 'date': datetime.datetime(2025, 12, 7, 10, 0)}, '15': {'team': 'ATL', 'date': datetime.datetime(2025, 12, 11, 17, 15)}, '16': {'team': 'CAR', 'date': datetime.datetime(2025, 12, 21, 10, 0)}, '17': {'team': 'MIA', 'date': datetime.datetime(2025, 12, 28, 10, 0)}, '18': {'team': 'CAR', 'date': datetime.datetime(2026, 1, 3, 13, 30)}}","['Rookie', 'RB/WR', 'WR', 'WR/TE', 'RB/WR/TE', 'OP', 'BE', 'IR']",BE,1.0,1.0,3.0,3.0,,,,,,0.118986033,0.017326164,432.1071726,27.26740532,43.0,17.0,2.0,1.0,,,3.0,,,,,,,,,,,,,,,,,,,,,,,,,,,,,,,,,,,,,,,,,,,,,,,,,,,1.0,,1.0,,,,,,,,,,,,,,,,,,,,,,,,,,,,,,,,,,,,,,,,,,,,,,,,,,,,,,,,,,,,,,,,,,,,,,,,,,,,,,,,,,,,,,,,,,,,,,,,,,,,,,,,,,,,,,,,,,,,,,,,,,,,,,,,,,,,,,,,,,,,,,,,,,,,,,,,,,,,,,,,,,,,,,,,2025,,,,,34.0,,,,,,,,,,,,,,,,,,,,,,,,,,,,,3.411220487,35.67313534,,
179.0,10.53,165.12,9.71,6.0,0.47058824,1.0,,,,,,,,,,,,,1.33333333,76.0,48.05882353,4.0,156.0,73.0,32.0,24.0,7.0,8.0,112.0,474.0,10.75,1.0,1.0,1.0,,,1.0,1.0,8.0,9.0,30.0,1.0,,17.0,4.634208171,1.177316666,0.155490118,0.007437994,4.0,2.0,1.0,,,,,0.008520166,0.005964116,0.000892124,3.04448e-05,4.31883562,40.55420143,4.929017139,0.352918504,0.127123656,0.083075309,137.0,68.0,34.0,27.0,13.0,64.7561601,,,0.924923865,0.028605893,94.50592522,10.64642226,0.360356499,0.003511646,0.053300888,0.744800563,0.798101451,0.024518409,0.417088315,0.441606724,0.441606724,17.0,Tyler Warren,IND,DRAFT,5,4431459,11,B Mac,TE,"{'1': {'team': 'MIA', 'date': datetime.datetime(2025, 9, 7, 10, 0)}, '2': {'team': 'DEN', 'date': datetime.datetime(2025, 9, 14, 13, 5)}, '3': {'team': 'TEN', 'date': datetime.datetime(2025, 9, 21, 10, 0)}, '4': {'team': 'LAR', 'date': datetime.datetime(2025, 9, 28, 13, 5)}, '5': {'team': 'LV', 'date': datetime.datetime(2025, 10, 5, 10, 0)}, '6': {'team': 'ARI', 'date': datetime.datetime(2025, 10, 12, 10, 0)}, '7': {'team': 'LAC', 'date': datetime.datetime(2025, 10, 19, 13, 5)}, '8': {'team': 'TEN', 'date': datetime.datetime(2025, 10, 26, 13, 25)}, '9': {'team': 'PIT', 'date': datetime.datetime(2025, 11, 2, 10, 0)}, '10': {'team': 'ATL', 'date': datetime.datetime(2025, 11, 9, 6, 30)}, '12': {'team': 'KC', 'date': datetime.datetime(2025, 11, 23, 10, 0)}, '13': {'team': 'HOU', 'date': datetime.datetime(2025, 11, 30, 10, 0)}, '14': {'team': 'JAX', 'date': datetime.datetime(2025, 12, 7, 10, 0)}, '15': {'team': 'SEA', 'date': datetime.datetime(2025, 12, 14, 13, 25)}, '16': {'team': 'SF', 'date': datetime.datetime(2025, 12, 22, 17, 15)}, '17': {'team': 'JAX', 'date': datetime.datetime(2025, 12, 28, 10, 0)}, '18': {'team': 'HOU', 'date': datetime.datetime(2026, 1, 4, 10, 0)}}","['Rookie', 'WR/TE', 'TE', 'RB/WR/TE', 'OP', 'BE', 'IR']",TE,,,,,,,,,,,,,,,,,,,2.0,,1.0,,1.0,,,,,,,,,,,,,,,,,,,,,,,,,,,,,,,,,,,,,,,,,,,,,,,,,,2.0,,,,,,,,,,,,,,,,,,,,,,,,,,,,,,,,,,,,,,,,,,,,,,,,,,,,,,,,,,,,,,,,,,,,,,,,,,,,,,,,,,,,,,,,,,,,,,,,,,,,,,,,,,,,,,,,,,,,,,,,,,,,,,,,,,,,,,,,,,,,,,,,,,,,,,,,,,,,,,,,,,,,,,,,2025,,,,3.0,42.0,,,,,,,,,,,,,,,,,,,,,,,,,,,,,3.145242903,34.63744497,,
97.0,7.46,200.85,11.81,,,,,,,,,,,,,,,,,38.0,31.07692308,4.0,77.0,35.0,15.0,9.0,2.0,1.0,59.0,88.0,10.63157895,,1.0,,1.0,1.0,1.0,1.0,10.0,3.0,26.0,,1.0,13.0,,,,,,,,,,,,,,,,,55.98687201,8.295160921,0.449116367,0.359460584,0.234907491,190.0,95.0,47.0,38.0,19.0,56.33903963,,,2.213785384,0.068467589,100.5114064,16.89373533,0.449116367,0.004674129,,1.062302025,1.062302025,,0.594889134,0.594889134,0.594889134,17.0,Keon Coleman,BUF,DRAFT,61,4635008,11,B Mac,BE,"{'1': {'team': 'BAL', 'date': datetime.datetime(2025, 9, 7, 17, 20)}, '2': {'team': 'NYJ', 'date': datetime.datetime(2025, 9, 14, 10, 0)}, '3': {'team': 'MIA', 'date': datetime.datetime(2025, 9, 18, 17, 15)}, '4': {'team': 'NO', 'date': datetime.datetime(2025, 9, 28, 10, 0)}, '5': {'team': 'NE', 'date': datetime.datetime(2025, 10, 5, 17, 20)}, '6': {'team': 'ATL', 'date': datetime.datetime(2025, 10, 13, 16, 15)}, '8': {'team': 'CAR', 'date': datetime.datetime(2025, 10, 26, 10, 0)}, '9': {'team': 'KC', 'date': datetime.datetime(2025, 11, 2, 13, 25)}, '10': {'team': 'MIA', 'date': datetime.datetime(2025, 11, 9, 10, 0)}, '11': {'team': 'TB', 'date': datetime.datetime(2025, 11, 16, 10, 0)}, '12': {'team': 'HOU', 'date': datetime.datetime(2025, 11, 20, 17, 15)}, '13': {'team': 'PIT', 'date': datetime.datetime(2025, 11, 30, 13, 25)}, '14': {'team': 'CIN', 'date': datetime.datetime(2025, 12, 7, 10, 0)}, '15': {'team': 'NE', 'date': datetime.datetime(2025, 12, 14, 10, 0)}, '16': {'team': 'CLE', 'date': datetime.datetime(2025, 12, 21, 10, 0)}, '17': {'team': 'PHI', 'date': datetime.datetime(2025, 12, 28, 13, 25)}, '18': {'team': 'NYJ', 'date': datetime.datetime(2026, 1, 4, 13, 25)}}","['RB/WR', 'WR', 'WR/TE', 'RB/WR/TE', 'OP', 'BE', 'IR']",BE,,,1.0,1.0,1.0,1.0,,,,,,,,,,,,,2.0,,,,,,,,,,,,,,,,,,,,,,,,,,,,,,,,,,,,,,,,,,,,,,,,,,,,1.0,,1.0,,,,,,,,,,,,,,,,,,,,,,,,,,,,,,,,,,,,,,,,,,,,,,,,,,,,,,,,,,8.0,,,,,,,,,,,,,,,,,,,,,,,,,,,,,,,,,,,,,,,,,,,,,,,,,,,,,,,,,,,,,,,,,,,,,,,,,,,,,,,,,,,,,,,,,,,,,,,,,,,,,,,,,,,,,,2025,,,,,26.0,,,,,,,,,,,,,,,,,,,,,,,,,,,,,,41.33010731,,
17.0,3.4,18.3,1.14,38.0,25.8,1.0,23.0,10.0,5.0,4.0,1.0,,5.0,1.0,,,,,3.39473684,1.0,1.0,,1.0,,,,,,1.0,10.0,5.0,1.0,1.0,,,,,,2.0,3.0,6.0,,,5.0,19.23674396,5.017598364,0.503868844,0.030394733,16.0,8.0,4.0,3.0,1.0,3.0,1.0,0.035671519,0.024970063,0.017191609,0.000586684,4.17334524,1.851145704,0.177524263,0.009310774,0.035815446,0.023405394,5.0,2.0,1.0,1.0,,4.314983084,,,0.01610114,0.000497973,5.562008067,6.864066599,0.039705508,0.00084995,0.157779113,0.035391343,0.193170456,0.072578392,0.019819152,0.092397544,0.092397544,16.0,Jaydon Blue,DAL,DRAFT,93,4685279,11,B Mac,RB,"{'1': {'team': 'PHI', 'date': datetime.datetime(2025, 9, 4, 17, 20)}, '2': {'team': 'NYG', 'date': datetime.datetime(2025, 9, 14, 10, 0)}, '3': {'team': 'CHI', 'date': datetime.datetime(2025, 9, 21, 13, 25)}, '4': {'team': 'GB', 'date': datetime.datetime(2025, 9, 28, 17, 20)}, '5': {'team': 'NYJ', 'date': datetime.datetime(2025, 10, 5, 10, 0)}, '6': {'team': 'CAR', 'date': datetime.datetime(2025, 10, 12, 10, 0)}, '7': {'team': 'WSH', 'date': datetime.datetime(2025, 10, 19, 13, 25)}, '8': {'team': 'DEN', 'date': datetime.datetime(2025, 10, 26, 13, 25)}, '9': {'team': 'ARI', 'date': datetime.datetime(2025, 11, 3, 17, 15)}, '11': {'team': 'LV', 'date': datetime.datetime(2025, 11, 17, 17, 15)}, '12': {'team': 'PHI', 'date': datetime.datetime(2025, 11, 23, 13, 25)}, '13': {'team': 'KC', 'date': datetime.datetime(2025, 11, 27, 13, 30)}, '14': {'team': 'DET', 'date': datetime.datetime(2025, 12, 4, 17, 15)}, '15': {'team': 'MIN', 'date': datetime.datetime(2025, 12, 14, 17, 20)}, '16': {'team': 'LAC', 'date': datetime.datetime(2025, 12, 21, 10, 0)}, '17': {'team': 'WSH', 'date': datetime.datetime(2025, 12, 25, 10, 0)}, '18': {'team': 'NYG', 'date': datetime.datetime(2026, 1, 4, 10, 0)}}","['Rookie', 'RB', 'RB/WR', 'RB/WR/TE', 'OP', 'BE', 'IR']",RB,,,,,,,72.0,7.0,2.0,,,,,,,,,,,,,,,,,,,,,,,,,,,,,,,,,,1.0,,,,,,,,,,,,,,,,,,,,,,,,,,,,,,,,1.0,,,,,,,,,,,,,,,,,,,,,,,,,,,,,,,,,,,,,,,,,,,,,,,,,,,,,,,,,,,,,,,,,,,,,,,,,,,,,,,,,,,,,,,,,,,,,,,,,,,,,,,,,,,,,,,,,,,,,,,,,,,,,,,,,,,,,,,,,,,,,,,,,,,,,,,,,,,,,,,,,,,,,,2025,,,,7.0,,,,,,,,,,,,,,,,,,,,,,,,,,,,,,6.205169732,0.790796608,,
152.0,10.86,275.07,16.18,20.0,3.07142857,,6.0,1.0,,,,,,,,,,,2.15,,,,,,,,,,,,,6.0,8.0,,1.0,16.0,,,6.0,8.0,120.0,,,14.0,35.46277448,6.107350286,0.9364006,0.052768041,20.0,10.0,5.0,4.0,2.0,7.0,3.0,0.066290295,0.046403206,0.02715872,0.000926823,2.927716638,,,,,,,,,,,,,,,,,,1.507053861,0.043122534,0.516738623,,9.800575952,0.237699766,,4.693941685,17.89215402,17.0,Tua Tagovailoa,MIA,DRAFT,25,4241479,11,B Mac,BE,"{'1': {'team': 'IND', 'date': datetime.datetime(2025, 9, 7, 10, 0)}, '2': {'team': 'NE', 'date': datetime.datetime(2025, 9, 14, 10, 0)}, '3': {'team': 'BUF', 'date': datetime.datetime(2025, 9, 18, 17, 15)}, '4': {'team': 'NYJ', 'date': datetime.datetime(2025, 9, 29, 16, 15)}, '5': {'team': 'CAR', 'date': datetime.datetime(2025, 10, 5, 10, 0)}, '6': {'team': 'LAC', 'date': datetime.datetime(2025, 10, 12, 10, 0)}, '7': {'team': 'CLE', 'date': datetime.datetime(2025, 10, 19, 10, 0)}, '8': {'team': 'ATL', 'date': datetime.datetime(2025, 10, 26, 10, 0)}, '9': {'team': 'BAL', 'date': datetime.datetime(2025, 10, 30, 17, 15)}, '10': {'team': 'BUF', 'date': datetime.datetime(2025, 11, 9, 10, 0)}, '11': {'team': 'WSH', 'date': datetime.datetime(2025, 11, 16, 6, 30)}, '13': {'team': 'NO', 'date': datetime.datetime(2025, 11, 30, 10, 0)}, '14': {'team': 'NYJ', 'date': datetime.datetime(2025, 12, 7, 10, 0)}, '15': {'team': 'PIT', 'date': datetime.datetime(2025, 12, 15, 17, 15)}, '16': {'team': 'CIN', 'date': datetime.datetime(2025, 12, 21, 10, 0)}, '17': {'team': 'TB', 'date': datetime.datetime(2025, 12, 28, 10, 0)}, '18': {'team': 'NE', 'date': datetime.datetime(2026, 1, 4, 13, 25)}}","['QB', 'OP', 'BE', 'IR']",BE,,,,,1.0,,,,,,,,,,,,,,,,384.0,260.0,124.0,190.0,20.0,528.0,260.0,126.0,101.0,49.0,21.0,47.0,21.0,20.0,5.0,2.0,,1.0,1.0,15.0,0.67708333,30.0,1.0,11.0,4.0,2.0,1.0,601.4731347,412.7968668,188.6762679,269.7930818,27.23954337,917.0,458.0,229.0,183.0,91.0,45.0,82.0,41.0,4.126722321,2.696813037,5.13779701,0.693981662,1.454285821,13.19821233,0.686309734,35.65870553,9.28383733,4.456241918,,,,,,,,,,,,,,,,,,,,,,,,,,,,,,,,,,,,,,,,,,,,,,,,,,,,,,,,,,,,,,,,,,,,,,,,,,,,,,,,,,,,,,,,,,,,,,,,,,,,,,,,,,,,,,,,,,,,,,,,,,,,,,,,,,,,,,,,,,,,,,,,,,,,,,,,,,,,,,,,,,,,,,,,,,,2025,,,142.0,1.0,,,,,,,,,,,,,,,,,,,,,,,,,,,,,,8.430237602,,222.6776699,
175.0,11.67,70.5,4.15,,,,,,,,,,,,,,,,,47.0,66.86666667,6.0,195.0,92.0,43.0,33.0,12.0,3.0,84.0,174.0,21.34042553,,,,,,3.0,3.0,7.0,8.0,36.0,,1.0,15.0,,,,,,,,,,,,,,,,,19.66473279,2.204439512,0.157810361,0.140676554,0.091932128,66.0,33.0,16.0,13.0,6.0,24.3848702,,,0.152702281,0.004722751,44.76596458,13.70933922,0.157810361,0.00170877,,0.388356818,0.388356818,,0.217479818,0.217479818,0.217479818,17.0,Alec Pierce,IND,ADD,28,4360078,11,B Mac,RB/WR/TE,"{'1': {'team': 'MIA', 'date': datetime.datetime(2025, 9, 7, 10, 0)}, '2': {'team': 'DEN', 'date': datetime.datetime(2025, 9, 14, 13, 5)}, '3': {'team': 'TEN', 'date': datetime.datetime(2025, 9, 21, 10, 0)}, '4': {'team': 'LAR', 'date': datetime.datetime(2025, 9, 28, 13, 5)}, '5': {'team': 'LV', 'date': datetime.datetime(2025, 10, 5, 10, 0)}, '6': {'team': 'ARI', 'date': datetime.datetime(2025, 10, 12, 10, 0)}, '7': {'team': 'LAC', 'date': datetime.datetime(2025, 10, 19, 13, 5)}, '8': {'team': 'TEN', 'date': datetime.datetime(2025, 10, 26, 13, 25)}, '9': {'team': 'PIT', 'date': datetime.datetime(2025, 11, 2, 10, 0)}, '10': {'team': 'ATL', 'date': datetime.datetime(2025, 11, 9, 6, 30)}, '12': {'team': 'KC', 'date': datetime.datetime(2025, 11, 23, 10, 0)}, '13': {'team': 'HOU', 'date': datetime.datetime(2025, 11, 30, 10, 0)}, '14': {'team': 'JAX', 'date': datetime.datetime(2025, 12, 7, 10, 0)}, '15': {'team': 'SEA', 'date': datetime.datetime(2025, 12, 14, 13, 25)}, '16': {'team': 'SF', 'date': datetime.datetime(2025, 12, 22, 17, 15)}, '17': {'team': 'JAX', 'date': datetime.datetime(2025, 12, 28, 10, 0)}, '18': {'team': 'HOU', 'date': datetime.datetime(2026, 1, 4, 10, 0)}}","['RB/WR', 'WR', 'WR/TE', 'RB/WR/TE', 'OP', 'BE', 'IR']",RB/WR/TE,1.0,1.0,2.0,2.0,,,,,,,,,,,,,,,1.0,1.0,,,,,,,,,,,,,,,,,,,,,,,,,,,,,,,,,,,,,,,,,,,,,,,,,,,,,2.0,,,,,,,,,,,,,,,,,,,,,,,,,,,,,,,,,,,,,,,,,,,,,,,,,,,,,,,,,1.0,,,,,,,,,,,,,,,,,,,,,,,,,,,,,,,,,,,,,,,,,,,,,,,,,,,,,,,,,,,,,,,,,,,,,,,,,,,,,,,,,,,,,,,,,,,,,,,,,,,,,,,,,,,,,,,2025,,,,,41.0,,,,,,,,,,,,,,,,,,,,,,,,,,,,,,14.528531,,
107.0,6.29,133.23,7.84,,,,,,,,,,,,,,,,,41.0,28.58823529,4.0,91.0,42.0,17.0,13.0,4.0,1.0,54.0,255.0,11.85365854,,,,,,,,10.0,7.0,24.0,,,17.0,,,,,,,,,,,,,,,,,31.59413289,3.157679558,0.169749502,0.077747874,0.050808236,107.0,53.0,26.0,21.0,10.0,62.30714287,,,0.466766223,0.014436069,82.41557521,8.620203628,0.169749502,0.005483029,,1.246142857,1.246142857,,0.69784,0.69784,0.69784,17.0,Pat Freiermuth,PIT,ADD,25,4361411,11,B Mac,BE,"{'1': {'team': 'NYJ', 'date': datetime.datetime(2025, 9, 7, 10, 0)}, '2': {'team': 'SEA', 'date': datetime.datetime(2025, 9, 14, 10, 0)}, '3': {'team': 'NE', 'date': datetime.datetime(2025, 9, 21, 10, 0)}, '4': {'team': 'MIN', 'date': datetime.datetime(2025, 9, 28, 6, 30)}, '6': {'team': 'CLE', 'date': datetime.datetime(2025, 10, 12, 10, 0)}, '7': {'team': 'CIN', 'date': datetime.datetime(2025, 10, 16, 17, 15)}, '8': {'team': 'GB', 'date': datetime.datetime(2025, 10, 26, 17, 20)}, '9': {'team': 'IND', 'date': datetime.datetime(2025, 11, 2, 10, 0)}, '10': {'team': 'LAC', 'date': datetime.datetime(2025, 11, 9, 17, 20)}, '11': {'team': 'CIN', 'date': datetime.datetime(2025, 11, 16, 10, 0)}, '12': {'team': 'CHI', 'date': datetime.datetime(2025, 11, 23, 10, 0)}, '13': {'team': 'BUF', 'date': datetime.datetime(2025, 11, 30, 13, 25)}, '14': {'team': 'BAL', 'date': datetime.datetime(2025, 12, 7, 10, 0)}, '15': {'team': 'MIA', 'date': datetime.datetime(2025, 12, 15, 17, 15)}, '16': {'team': 'DET', 'date': datetime.datetime(2025, 12, 21, 13, 25)}, '17': {'team': 'CLE', 'date': datetime.datetime(2025, 12, 28, 10, 0)}, '18': {'team': 'BAL', 'date': datetime.datetime(2026, 1, 4, 17, 20)}}","['WR/TE', 'TE', 'RB/WR/TE', 'OP', 'BE', 'IR']",BE,1.0,1.0,1.0,1.0,,,,,,,,,,,,,,,1.0,,,,,,,,,,,,,,,,,,,,,,,,,,,,,,,,,,,,,,,,,,,,,,,,,,,,,,2.0,,,,,,,,,,,,,,,,,,,,,,,,,,,,,,,,,,,,,,,,,,,,,,,,,,,,,,,,,,,,,,,,,,,,,,,,,,,,,,,,,,,,,,,,,,,,,,,,,,,,,,,,,,,,,,,,,,,,,,,,,,,,,,,,,,,,,,,,,,,,,,,,,,,,,,,,,,,,,,,,,,,,,,,,2025,,,,,21.0,,,,,,,,,,,,,,,,,,,,,,,,,,,,,,29.1544853,,
61.0,6.78,0.0,0.0,,,,,,,,,,,,,,,,,,,,,,,,,,,,,,,,,,,,5.0,4.0,53.0,,,9.0,,,,,,,,,,,,,,,,,,,,,,,,,,,,,,,,,,,,,,,,,,,,Michael Badgley,None,ADD,32,3123052,11,B Mac,K,{},"['K', 'BE', 'IR']",K,,,,,,,,,,,,,,,,,,,,,,,,,,,,,,,,,,,,,,,,,,,,,,,,,,,,,,,,,,,,,,,,,,,,,,,,,,,,,,2.0,3.0,5.0,5.0,,4.0,4.0,,11.0,12.0,1.0,20.0,25.0,5.0,2.0,3.0,,,,,,,,,,,,,,,,,,,,,,,,,,,,,,,,,,,,,,,,,,,,,,,,,,,,,,,,,,,,,,,,,,,,,,,,,,,,,,,,,,,,,,,,,,,,,,,,,,,,,,,,,1.0,1.0,,,,,,,,,,,,,,,,,,,,,,,,,,,,,,,,,,,,,,,,,,2025,,,,,,445.0,53.0,498.0,87.0,41.0,19.0,14.0,4.0,1.0,10.0,5.0,2.0,2.0,1.0,98.0,47.0,22.0,16.0,5.0,2.0,,,,,,,,,,,,
76.0,4.47,97.48,5.73,,,,,,,,,,,,,,,,,,,,,,,,,,,,,,,,,,626.0,1136.0,6.0,11.0,,,,17.0,,,,,,,,,,,,,,,,,,,,,,,,,,,,,,,,,,,,,,,,,,,17.0,Chiefs D/ST,KC,ADD,18,-16012,11,B Mac,D/ST,"{'1': {'team': 'LAC', 'date': datetime.datetime(2025, 9, 5, 17, 0)}, '2': {'team': 'PHI', 'date': datetime.datetime(2025, 9, 14, 13, 25)}, '3': {'team': 'NYG', 'date': datetime.datetime(2025, 9, 21, 17, 20)}, '4': {'team': 'BAL', 'date': datetime.datetime(2025, 9, 28, 13, 25)}, '5': {'team': 'JAX', 'date': datetime.datetime(2025, 10, 6, 17, 15)}, '6': {'team': 'DET', 'date': datetime.datetime(2025, 10, 12, 17, 20)}, '7': {'team': 'LV', 'date': datetime.datetime(2025, 10, 19, 10, 0)}, '8': {'team': 'WSH', 'date': datetime.datetime(2025, 10, 27, 17, 15)}, '9': {'team': 'BUF', 'date': datetime.datetime(2025, 11, 2, 13, 25)}, '11': {'team': 'DEN', 'date': datetime.datetime(2025, 11, 16, 13, 25)}, '12': {'team': 'IND', 'date': datetime.datetime(2025, 11, 23, 10, 0)}, '13': {'team': 'DAL', 'date': datetime.datetime(2025, 11, 27, 13, 30)}, '14': {'team': 'HOU', 'date': datetime.datetime(2025, 12, 7, 17, 20)}, '15': {'team': 'LAC', 'date': datetime.datetime(2025, 12, 14, 10, 0)}, '16': {'team': 'TEN', 'date': datetime.datetime(2025, 12, 21, 10, 0)}, '17': {'team': 'DEN', 'date': datetime.datetime(2025, 12, 25, 17, 15)}, '18': {'team': 'LV', 'date': datetime.datetime(2026, 1, 4, 13, 25)}}","['D/ST', 'BE', 'IR']",D/ST,,,,,,,1727.0,166.0,62.0,0.368030435,0.169029688,1469.19418,266.013935,146.0,58.0,26.0,10.0,,,,,,,,,,,,,,,,,,,,,,,,,,,,,,,,,,,,,,,,,,,,,,,,,,,,,,,,,510.0,,,8.0,,,,,,,,,,,,,,,,,,,,,,,,,,,,,,,,,,,4.0,1.0,0.0,3.0,2.0,,10.0,1.0,,34.0,68.0,,,,,374.0,220.0,69.0,60.0,259.0,20.0,4.0,318.0,5.0,4.0,2.0,0.0,5126.0,1.0,0.0,8.0,3.0,3.0,1.0,1.0,0.0,0.0,1.0,0.0,3.0,2.0,5.0,4.0,2.0,0.0,0.179367937,0.807580758,2.924292429,2.788278828,0.117003168,1.77777938,12.36277132,8.094982799,1.738484767,0.227649568,41.21139263,82.42278526,1.223292723,0.554486657,2.431842671,12.45381969,983.214609,327.0,196.0,73.96542358,372.839831,2.465246525,3.680868087,2.711771177,1.283628363,0.158965897,21.93175476,5887.000325,0.501725777,4.251913361,3.835225852,3.894752639,2.610674804,1.275574008,0.49322195,0.13691161,346.2941367,,,,,,,,,,,,,,,,,,,,,,,,,,,,,,,,,,,,,,,,,,,,,,,,2025,,,,,,,,,,,,,,,,,,,,,,,,,,,,,,,,,,,,,40.26229824
101.0,7.77,117.99,9.08,72.0,21.76923077,2.0,50.0,23.0,8.0,7.0,2.0,,8.0,1.0,,,,,3.93055556,45.0,20.30769231,,48.0,21.0,8.0,6.0,1.0,4.0,50.0,361.0,5.86666667,,,,,,1.0,1.0,3.0,10.0,12.0,2.0,,13.0,96.73660976,31.70678551,3.057706181,0.178559781,82.0,41.0,20.0,16.0,8.0,19.0,9.0,0.189635056,0.132744539,0.572739365,0.019545397,4.260932988,17.66907907,0.974666233,0.05171912,0.038195772,0.024960937,45.0,22.0,11.0,9.0,4.0,30.45722763,,,0.096274182,0.002977552,39.29577056,7.541659102,0.230278901,0.004746871,0.820501805,0.2583325,1.078834304,0.37743083,0.1446662,0.52209703,0.52209703,13.0,Tyjae Spears,TEN,ADD,44,4428557,11,B Mac,RB,"{'1': {'team': 'DEN', 'date': datetime.datetime(2025, 9, 7, 13, 5)}, '2': {'team': 'LAR', 'date': datetime.datetime(2025, 9, 14, 10, 0)}, '3': {'team': 'IND', 'date': datetime.datetime(2025, 9, 21, 10, 0)}, '4': {'team': 'HOU', 'date': datetime.datetime(2025, 9, 28, 10, 0)}, '5': {'team': 'ARI', 'date': datetime.datetime(2025, 10, 5, 13, 5)}, '6': {'team': 'LV', 'date': datetime.datetime(2025, 10, 12, 13, 5)}, '7': {'team': 'NE', 'date': datetime.datetime(2025, 10, 19, 10, 0)}, '8': {'team': 'IND', 'date': datetime.datetime(2025, 10, 26, 13, 25)}, '9': {'team': 'LAC', 'date': datetime.datetime(2025, 11, 2, 10, 0)}, '11': {'team': 'HOU', 'date': datetime.datetime(2025, 11, 16, 10, 0)}, '12': {'team': 'SEA', 'date': datetime.datetime(2025, 11, 23, 10, 0)}, '13': {'team': 'JAX', 'date': datetime.datetime(2025, 11, 30, 10, 0)}, '14': {'team': 'CLE', 'date': datetime.datetime(2025, 12, 7, 10, 0)}, '15': {'team': 'SF', 'date': datetime.datetime(2025, 12, 14, 13, 25)}, '16': {'team': 'KC', 'date': datetime.datetime(2025, 12, 21, 10, 0)}, '17': {'team': 'NO', 'date': datetime.datetime(2025, 12, 28, 10, 0)}, '18': {'team': 'JAX', 'date': datetime.datetime(2026, 1, 4, 10, 0)}}","['RB', 'RB/WR', 'RB/WR/TE', 'OP', 'BE', 'IR']",RB,,,,,,,,,,0.149103276,,573.8514245,,57.0,22.0,,,,,,,,,,,,,,,,,,,,,,,,,,,,,,,,,,,,,,,,,,,,,,,,,,,,,,,,,,,,,,,,,,,,,,,,,,,,,,,,,,,,,,,,,,,,,,,,,,,,,,,,,,,,,,,,,,,,,,,,,,,,,,,,,,,,,,,,,,,,,,,,,,,,,,,,,,,,,,,,,,,,,,,,,,,,,,,,,,,,,,,,,,,,,,,,,,,,,,,,,,,,,,,,,,,,,,,,,,,,,,,,,,2025,,,,16.0,10.0,,,,,,,,,,,,,,,,,,,,,,,,,,,,,23.65871277,12.79574332,,
308.0,19.25,338.43,19.91,3.0,0.875,,2.0,,,,,,,,,,,,4.66666667,125.0,88.25,8.0,278.0,137.0,64.0,49.0,21.0,20.0,185.0,640.0,11.296,,1.0,,1.0,1.0,5.0,5.0,6.0,10.0,48.0,,,16.0,3.554324183,1.150870077,0.119984106,0.006924406,3.0,1.0,,,,,,0.006530975,0.004571682,0.00085227,2.90847e-05,5.504503892,90.37547473,11.2996368,0.427915345,0.335175163,0.219036969,307.0,153.0,76.0,61.0,30.0,116.6923989,,,6.337262144,0.195997798,165.3012469,13.1660938,0.434839751,0.006687511,0.044925778,1.474963058,1.519888836,0.020665858,0.825979312,0.846645171,0.846645171,17.0,Ja'Marr Chase,CIN,DRAFT,4,4362628,12,GeraldPea's Football Team,WR,"{'1': {'team': 'CLE', 'date': datetime.datetime(2025, 9, 7, 10, 0)}, '2': {'team': 'JAX', 'date': datetime.datetime(2025, 9, 14, 10, 0)}, '3': {'team': 'MIN', 'date': datetime.datetime(2025, 9, 21, 10, 0)}, '4': {'team': 'DEN', 'date': datetime.datetime(2025, 9, 29, 17, 15)}, '5': {'team': 'DET', 'date': datetime.datetime(2025, 10, 5, 13, 25)}, '6': {'team': 'GB', 'date': datetime.datetime(2025, 10, 12, 13, 25)}, '7': {'team': 'PIT', 'date': datetime.datetime(2025, 10, 16, 17, 15)}, '8': {'team': 'NYJ', 'date': datetime.datetime(2025, 10, 26, 10, 0)}, '9': {'team': 'CHI', 'date': datetime.datetime(2025, 11, 2, 10, 0)}, '11': {'team': 'PIT', 'date': datetime.datetime(2025, 11, 16, 10, 0)}, '12': {'team': 'NE', 'date': datetime.datetime(2025, 11, 23, 10, 0)}, '13': {'team': 'BAL', 'date': datetime.datetime(2025, 11, 27, 17, 20)}, '14': {'team': 'BUF', 'date': datetime.datetime(2025, 12, 7, 10, 0)}, '15': {'team': 'BAL', 'date': datetime.datetime(2025, 12, 14, 10, 0)}, '16': {'team': 'MIA', 'date': datetime.datetime(2025, 12, 21, 10, 0)}, '17': {'team': 'ARI', 'date': datetime.datetime(2025, 12, 28, 10, 0)}, '18': {'team': 'CLE', 'date': datetime.datetime(2026, 1, 4, 10, 0)}}","['RB/WR', 'WR', 'WR/TE', 'RB/WR/TE', 'OP', 'BE', 'IR']",WR,1.0,1.0,7.0,7.0,1.0,1.0,,,,,,,,,,,,5.0,4.0,,,,,,,,,,,,,,,,,,,,,,,,,,,,,,,,,,,,,,,,,,,,,,,,,,,,,,3.0,,,,,,,,,,,,,,,,,,,,,,,,,,,,,,,,,,,,,,,,,,,,,,,,,,,,,,1.0,,,,,,,,,,,,,,,,,,,,,,,,,,,,,,,,,,,,,,,,,,,,,,,,,,,,,,,,,,,,,,,,,,,,,,,,,,,,,,,,,,,,,,,,,,,,,,,,,,,,,,,,,,,,,,,,,,2025,,,,,77.0,,,,,,,,,,,,,,,,,,,,,,,,,,,,,3.037986091,72.43635253,,
267.0,15.71,280.73,16.51,307.0,93.82352941,16.0,312.0,153.0,73.0,56.0,25.0,9.0,56.0,24.0,1.0,,7.0,1.0,5.19543974,15.0,8.82352941,,24.0,9.0,3.0,1.0,,,21.0,135.0,10.0,4.0,4.0,3.0,3.0,3.0,1.0,1.0,8.0,9.0,96.0,10.0,,17.0,326.5405982,90.16353507,14.9163117,0.584042657,306.0,153.0,76.0,61.0,30.0,65.0,32.0,0.705449853,0.493814897,6.075895766,0.207347012,4.693995493,9.249211619,1.109813525,0.050955994,0.100128734,0.065434128,31.0,15.0,7.0,6.0,3.0,17.87433844,,,0.060572297,0.00187337,22.75896202,8.796778582,0.634998651,0.012496025,2.692616036,0.147389729,2.840005765,1.238603376,0.082538248,1.321141625,1.321141625,17.0,Derrick Henry,BAL,DRAFT,8,3043078,12,GeraldPea's Football Team,RB,"{'1': {'team': 'BUF', 'date': datetime.datetime(2025, 9, 7, 17, 20)}, '2': {'team': 'CLE', 'date': datetime.datetime(2025, 9, 14, 10, 0)}, '3': {'team': 'DET', 'date': datetime.datetime(2025, 9, 22, 17, 15)}, '4': {'team': 'KC', 'date': datetime.datetime(2025, 9, 28, 13, 25)}, '5': {'team': 'HOU', 'date': datetime.datetime(2025, 10, 5, 10, 0)}, '6': {'team': 'LAR', 'date': datetime.datetime(2025, 10, 12, 10, 0)}, '8': {'team': 'CHI', 'date': datetime.datetime(2025, 10, 26, 10, 0)}, '9': {'team': 'MIA', 'date': datetime.datetime(2025, 10, 30, 17, 15)}, '10': {'team': 'MIN', 'date': datetime.datetime(2025, 11, 9, 10, 0)}, '11': {'team': 'CLE', 'date': datetime.datetime(2025, 11, 16, 13, 25)}, '12': {'team': 'NYJ', 'date': datetime.datetime(2025, 11, 23, 10, 0)}, '13': {'team': 'CIN', 'date': datetime.datetime(2025, 11, 27, 17, 20)}, '14': {'team': 'PIT', 'date': datetime.datetime(2025, 12, 7, 10, 0)}, '15': {'team': 'CIN', 'date': datetime.datetime(2025, 12, 14, 10, 0)}, '16': {'team': 'NE', 'date': datetime.datetime(2025, 12, 21, 17, 20)}, '17': {'team': 'GB', 'date': datetime.datetime(2025, 12, 27, 17, 0)}, '18': {'team': 'PIT', 'date': datetime.datetime(2026, 1, 4, 17, 20)}}","['RB', 'RB/WR', 'RB/WR/TE', 'OP', 'BE', 'IR']",RB,,,,,,,,,,,,,,,,,,,,,1.0,,1.0,,,,,,,,,,,,,,,,,,,,4.0,,,,,,,,,,,,,,,,,,,,,,,,,,,,,,,,,4.0,,,,,,,,,,,,,,,,,,,,,,,,,,,,,,,,,,,,,,,,,,,,,,,,,,,,,,,,,,,,,,,,,,,,,,,,,,,,,,,,,,,,,,,,,,,,,,,,,,,,,,,,,,,,,,,,,,,,,,,,1.0,3.0,,,,,,,,,,,,,,,,,,,,,,,,,,,,,,,,,,,,,,,,,,,,2025,,,,79.0,4.0,,,,,,,,,,,,,,,,,,,,,,,,,,,,,84.78532072,7.714229682,,
132.0,13.2,282.42,16.61,173.0,58.8,1.0,115.0,55.0,25.0,18.0,8.0,,31.0,11.0,,,,,3.39884393,30.0,27.7,3.0,52.0,25.0,10.0,8.0,3.0,3.0,35.0,360.0,9.23333333,1.0,1.0,1.0,1.0,1.0,,,5.0,5.0,24.0,,,10.0,263.7424638,72.91025308,8.232835022,0.553518025,247.0,123.0,61.0,49.0,24.0,52.0,26.0,0.553337967,0.387336577,3.988045832,0.136096704,4.699562916,24.17715943,2.764463489,0.134425992,0.067744528,0.044271049,82.0,41.0,20.0,16.0,8.0,53.45148239,,,0.236967596,0.007328895,65.22722548,7.689435203,0.687944017,0.011353349,2.145489898,0.434816654,2.580306552,0.986925353,0.243497326,1.230422679,1.230422679,17.0,Bucky Irving,TB,DRAFT,32,4596448,12,GeraldPea's Football Team,RB/WR/TE,"{'1': {'team': 'ATL', 'date': datetime.datetime(2025, 9, 7, 10, 0)}, '2': {'team': 'HOU', 'date': datetime.datetime(2025, 9, 15, 16, 0)}, '3': {'team': 'NYJ', 'date': datetime.datetime(2025, 9, 21, 10, 0)}, '4': {'team': 'PHI', 'date': datetime.datetime(2025, 9, 28, 10, 0)}, '5': {'team': 'SEA', 'date': datetime.datetime(2025, 10, 5, 13, 5)}, '6': {'team': 'SF', 'date': datetime.datetime(2025, 10, 12, 13, 25)}, '7': {'team': 'DET', 'date': datetime.datetime(2025, 10, 20, 16, 0)}, '8': {'team': 'NO', 'date': datetime.datetime(2025, 10, 26, 13, 5)}, '10': {'team': 'NE', 'date': datetime.datetime(2025, 11, 9, 10, 0)}, '11': {'team': 'BUF', 'date': datetime.datetime(2025, 11, 16, 10, 0)}, '12': {'team': 'LAR', 'date': datetime.datetime(2025, 11, 23, 17, 20)}, '13': {'team': 'ARI', 'date': datetime.datetime(2025, 11, 30, 10, 0)}, '14': {'team': 'NO', 'date': datetime.datetime(2025, 12, 7, 10, 0)}, '15': {'team': 'ATL', 'date': datetime.datetime(2025, 12, 11, 17, 15)}, '16': {'team': 'CAR', 'date': datetime.datetime(2025, 12, 21, 10, 0)}, '17': {'team': 'MIA', 'date': datetime.datetime(2025, 12, 28, 10, 0)}, '18': {'team': 'CAR', 'date': datetime.datetime(2026, 1, 3, 13, 30)}}","['RB', 'RB/WR', 'RB/WR/TE', 'OP', 'BE', 'IR']",RB/WR/TE,1.0,1.0,1.0,1.0,,,,,,,,,,,,,,,1.0,1.0,,,,,,,,,,,,,,,,,,,,,,,1.0,,,,,,,,,,,,,,,,,,,,,,,,,,,,,,,,1.0,,,,,,,,,,,,,,,,,,,,,,,,,,,,,,,,,,,,,,,,,,,,,,,,,,,,,,,,,,,,,,,,,,,,,,,,,,,,,,,,,,,,,,,,,,,,,,,,,,,,,,,,,,,,,,,,,,,,,,,,,,1.0,,,,,,,,,,,,,,,,,,,,,,,,,,,,,,,,,,,,,,,,,,,,2025,,,,27.0,11.0,,,,,,,,,,,,,,,,,,,,,,,,,,,,,66.08402571,23.49816842,,
147.0,18.38,162.3,14.75,5.0,2.5,1.0,3.0,1.0,,,,,,,,,,,4.0,53.0,71.375,5.0,111.0,55.0,25.0,19.0,6.0,6.0,78.0,414.0,10.77358491,1.0,2.0,,,,,,3.0,5.0,38.0,1.0,,8.0,1.27175387,0.675566073,0.062207653,0.003587525,1.0,,,,,,,0.002334778,0.001634345,0.000166735,5.69003e-06,5.8432901,64.5592963,4.83144037,0.253147418,0.158783116,0.103764766,142.0,71.0,35.0,28.0,14.0,62.82537604,,,2.051365332,0.063444289,82.95412609,11.30358947,0.256734942,0.005640547,0.025435077,1.256507521,1.281942598,0.011700136,0.703644212,0.715344347,0.715344347,11.0,Rashee Rice,KC,DRAFT,39,4428331,12,GeraldPea's Football Team,BE,"{'1': {'team': 'LAC', 'date': datetime.datetime(2025, 9, 5, 17, 0)}, '2': {'team': 'PHI', 'date': datetime.datetime(2025, 9, 14, 13, 25)}, '3': {'team': 'NYG', 'date': datetime.datetime(2025, 9, 21, 17, 20)}, '4': {'team': 'BAL', 'date': datetime.datetime(2025, 9, 28, 13, 25)}, '5': {'team': 'JAX', 'date': datetime.datetime(2025, 10, 6, 17, 15)}, '6': {'team': 'DET', 'date': datetime.datetime(2025, 10, 12, 17, 20)}, '7': {'team': 'LV', 'date': datetime.datetime(2025, 10, 19, 10, 0)}, '8': {'team': 'WSH', 'date': datetime.datetime(2025, 10, 27, 17, 15)}, '9': {'team': 'BUF', 'date': datetime.datetime(2025, 11, 2, 13, 25)}, '11': {'team': 'DEN', 'date': datetime.datetime(2025, 11, 16, 13, 25)}, '12': {'team': 'IND', 'date': datetime.datetime(2025, 11, 23, 10, 0)}, '13': {'team': 'DAL', 'date': datetime.datetime(2025, 11, 27, 13, 30)}, '14': {'team': 'HOU', 'date': datetime.datetime(2025, 12, 7, 17, 20)}, '15': {'team': 'LAC', 'date': datetime.datetime(2025, 12, 14, 10, 0)}, '16': {'team': 'TEN', 'date': datetime.datetime(2025, 12, 21, 10, 0)}, '17': {'team': 'DEN', 'date': datetime.datetime(2025, 12, 25, 17, 15)}, '18': {'team': 'LV', 'date': datetime.datetime(2026, 1, 4, 13, 25)}}","['RB/WR', 'WR', 'WR/TE', 'RB/WR/TE', 'OP', 'BE', 'IR']",BE,,,1.0,1.0,1.0,,,,,,,,,,,,,,3.0,1.0,,,,,,,,,,,,,,,,,,,,,,,1.0,,,,,,,,,,,,,,,,,,,,,,,,,,,,1.0,,1.0,,,,,,,,,,,,,,,,,,,,,,,,,,,,,,,,,,,,,,,,,,,,,,,,,,,,,,,,,,,,,,,,,,,,,,,,,,,,,,,,,,,,,,,,,,,,,,,,,,,,,,,,,,,,,,,,,,,,,,,,,,,,,,,,,,,,,,,,,,,,,,,,,,,,,,,,,,,,,,,,,,,,,,,,2025,,,,2.0,28.0,,,,,,,,,,,,,,,,,,,,,,,,,,,,,1.715256024,35.13491014,,
193.0,12.06,225.08,13.24,243.0,66.5625,4.0,204.0,99.0,46.0,35.0,14.0,4.0,40.0,17.0,1.0,1.0,4.0,,4.38271605,36.0,21.875,1.0,63.0,28.0,10.0,8.0,1.0,1.0,48.0,321.0,9.72222222,2.0,2.0,2.0,2.0,2.0,,,3.0,13.0,36.0,2.0,,16.0,229.1008476,59.92845688,5.426637675,0.237431678,203.0,101.0,50.0,40.0,20.0,45.0,22.0,0.472706099,0.33089427,2.691055595,0.091835403,4.446879083,22.99247365,1.701011583,0.111420673,0.076644486,0.050087171,78.0,39.0,19.0,15.0,7.0,44.92600637,,,0.211247291,0.006533421,60.25118575,8.700351615,0.348852351,0.015733815,2.989612766,0.586254323,3.575867088,1.375221872,0.328302421,1.703524293,1.703524293,17.0,Breece Hall,NYJ,DRAFT,20,4427366,12,GeraldPea's Football Team,RB,"{'1': {'team': 'PIT', 'date': datetime.datetime(2025, 9, 7, 10, 0)}, '2': {'team': 'BUF', 'date': datetime.datetime(2025, 9, 14, 10, 0)}, '3': {'team': 'TB', 'date': datetime.datetime(2025, 9, 21, 10, 0)}, '4': {'team': 'MIA', 'date': datetime.datetime(2025, 9, 29, 16, 15)}, '5': {'team': 'DAL', 'date': datetime.datetime(2025, 10, 5, 10, 0)}, '6': {'team': 'DEN', 'date': datetime.datetime(2025, 10, 12, 6, 30)}, '7': {'team': 'CAR', 'date': datetime.datetime(2025, 10, 19, 10, 0)}, '8': {'team': 'CIN', 'date': datetime.datetime(2025, 10, 26, 10, 0)}, '10': {'team': 'CLE', 'date': datetime.datetime(2025, 11, 9, 10, 0)}, '11': {'team': 'NE', 'date': datetime.datetime(2025, 11, 13, 17, 15)}, '12': {'team': 'BAL', 'date': datetime.datetime(2025, 11, 23, 10, 0)}, '13': {'team': 'ATL', 'date': datetime.datetime(2025, 11, 30, 10, 0)}, '14': {'team': 'MIA', 'date': datetime.datetime(2025, 12, 7, 10, 0)}, '15': {'team': 'JAX', 'date': datetime.datetime(2025, 12, 14, 10, 0)}, '16': {'team': 'NO', 'date': datetime.datetime(2025, 12, 21, 10, 0)}, '17': {'team': 'NE', 'date': datetime.datetime(2025, 12, 28, 10, 0)}, '18': {'team': 'BUF', 'date': datetime.datetime(2026, 1, 4, 13, 25)}}","['RB', 'RB/WR', 'RB/WR/TE', 'OP', 'BE', 'IR']",RB,1.0,,,,,,,,,,,,,,,,,,,,1.0,1.0,,0.25,1.0,,,,,,,,,,,,,,,,1.0,,2.0,1.0,,,,,,,,,,,,,,,,,,,,,,,,,,,,,,,,1.0,,,,,,,,,,,,,,,,,,,,,,,,,,,,,,,,,,,,,,,,,,,,,,,,,,,,,,,,,,,,,,,,,,,,,,,,,,,,,,,,,,,,,,,,,,,,,,,,,,,,,,,,,,,,,,,,,,,,,,,,,2.0,,,,,,,,,,,,,,,,,,,,,,,,,,,,,,,,,,,,,,,,,,,,2025,,,1.0,57.0,13.0,,,,,,,,,,,,,,,,,,,,,,,,,,,,,54.43572523,20.56469646,,
128.0,9.14,166.24,11.87,2.0,5.78571429,1.0,16.0,7.0,3.0,2.0,1.0,,,,1.0,1.0,,,40.5,42.0,43.57142857,3.0,118.0,55.0,26.0,19.0,6.0,3.0,79.0,134.0,14.52380952,,,,,,1.0,1.0,7.0,7.0,24.0,,,14.0,1.617807818,0.698715475,0.079392875,0.004614381,1.0,,,,,,,0.002970086,0.00207906,0.000229067,7.81718e-06,6.046463952,52.20565111,5.704471233,0.217558293,0.126891882,0.082923845,146.0,73.0,36.0,29.0,14.0,58.71416687,,,1.517027356,0.046918372,95.7095355,12.44808799,0.222172674,0.0025027,0.015252306,0.553543145,0.568795451,0.007016061,0.309984161,0.317000222,0.317000222,14.0,Jordan Addison,MIN,DRAFT,45,4429205,12,GeraldPea's Football Team,WR,"{'1': {'team': 'CHI', 'date': datetime.datetime(2025, 9, 8, 17, 15)}, '2': {'team': 'ATL', 'date': datetime.datetime(2025, 9, 14, 17, 20)}, '3': {'team': 'CIN', 'date': datetime.datetime(2025, 9, 21, 10, 0)}, '4': {'team': 'PIT', 'date': datetime.datetime(2025, 9, 28, 6, 30)}, '5': {'team': 'CLE', 'date': datetime.datetime(2025, 10, 5, 6, 30)}, '7': {'team': 'PHI', 'date': datetime.datetime(2025, 10, 19, 10, 0)}, '8': {'team': 'LAC', 'date': datetime.datetime(2025, 10, 23, 17, 15)}, '9': {'team': 'DET', 'date': datetime.datetime(2025, 11, 2, 10, 0)}, '10': {'team': 'BAL', 'date': datetime.datetime(2025, 11, 9, 10, 0)}, '11': {'team': 'CHI', 'date': datetime.datetime(2025, 11, 16, 10, 0)}, '12': {'team': 'GB', 'date': datetime.datetime(2025, 11, 23, 10, 0)}, '13': {'team': 'SEA', 'date': datetime.datetime(2025, 11, 30, 13, 5)}, '14': {'team': 'WSH', 'date': datetime.datetime(2025, 12, 7, 10, 0)}, '15': {'team': 'DAL', 'date': datetime.datetime(2025, 12, 14, 17, 20)}, '16': {'team': 'NYG', 'date': datetime.datetime(2025, 12, 21, 10, 0)}, '17': {'team': 'DET', 'date': datetime.datetime(2025, 12, 25, 13, 30)}, '18': {'team': 'GB', 'date': datetime.datetime(2026, 1, 4, 10, 0)}}","['RB/WR', 'WR', 'WR/TE', 'RB/WR/TE', 'OP', 'BE', 'IR']",WR,,,2.0,2.0,,,,,,,,,,,,,,,1.0,,,,,,,,,,,,,,,,,,,,,,,,,,,,,,,,,,,,,,,,,,,,,,,,,,,,,,2.0,,,,,,,,,,,,,,,,,,,,,,,,,,,,,,,,,,,,,,,,,,,,,,,,,,,,,,,,,,,,,,,,,,,,,,,,,,,,,,,,,,,,,,,,,,,,,,,,,,,,,,,,,,,,,,,,,,,,,,,,,,,,,,,,,,,,,,,,,,,,,,,,,,,,,,,,,,,,,,,,,,,,,,,,2025,,,,2.0,26.0,,,,,,,,,,,,,,,,,,,,,,,,,,,,,2.194111941,34.92350131,,
215.0,13.44,231.85,13.64,21.0,3.8125,1.0,9.0,2.0,1.0,,,,,,,,,,2.9047619,1.0,-0.5625,,,,,,,,1.0,,-9.0,2.0,4.0,,1.0,8.0,,,10.0,6.0,150.0,1.0,,16.0,30.72402095,6.57309909,1.220499623,0.053710009,22.0,11.0,5.0,4.0,2.0,6.0,3.0,0.057286835,0.040100784,0.031460584,0.001073629,3.636981133,,,,,,,,,,,,,,,,,,1.190546247,0.029871847,0.330169651,,6.789056215,0.151878039,,3.25214359,14.32372546,17.0,Aaron Rodgers,PIT,ADD,18,8439,12,GeraldPea's Football Team,BE,"{'1': {'team': 'NYJ', 'date': datetime.datetime(2025, 9, 7, 10, 0)}, '2': {'team': 'SEA', 'date': datetime.datetime(2025, 9, 14, 10, 0)}, '3': {'team': 'NE', 'date': datetime.datetime(2025, 9, 21, 10, 0)}, '4': {'team': 'MIN', 'date': datetime.datetime(2025, 9, 28, 6, 30)}, '6': {'team': 'CLE', 'date': datetime.datetime(2025, 10, 12, 10, 0)}, '7': {'team': 'CIN', 'date': datetime.datetime(2025, 10, 16, 17, 15)}, '8': {'team': 'GB', 'date': datetime.datetime(2025, 10, 26, 17, 20)}, '9': {'team': 'IND', 'date': datetime.datetime(2025, 11, 2, 10, 0)}, '10': {'team': 'LAC', 'date': datetime.datetime(2025, 11, 9, 17, 20)}, '11': {'team': 'CIN', 'date': datetime.datetime(2025, 11, 16, 10, 0)}, '12': {'team': 'CHI', 'date': datetime.datetime(2025, 11, 23, 10, 0)}, '13': {'team': 'BUF', 'date': datetime.datetime(2025, 11, 30, 13, 25)}, '14': {'team': 'BAL', 'date': datetime.datetime(2025, 12, 7, 10, 0)}, '15': {'team': 'MIA', 'date': datetime.datetime(2025, 12, 15, 17, 15)}, '16': {'team': 'DET', 'date': datetime.datetime(2025, 12, 21, 13, 25)}, '17': {'team': 'CLE', 'date': datetime.datetime(2025, 12, 28, 10, 0)}, '18': {'team': 'BAL', 'date': datetime.datetime(2026, 1, 4, 17, 20)}}","['QB', 'OP', 'BE', 'IR']",BE,,,,,,,,,,,,,,,,,,,,,498.0,327.0,171.0,207.625,24.0,656.0,324.0,159.0,124.0,59.0,27.0,59.0,26.0,28.0,10.0,3.0,2.0,,1.0,7.0,0.65662651,29.0,3.0,5.0,9.0,6.0,1.0,562.1148713,369.846314,192.2685573,228.8089071,21.15240901,777.0,388.0,194.0,155.0,77.0,38.0,73.0,36.0,3.042195426,1.988074711,2.761081731,0.372949746,1.136836238,11.07158187,0.657955042,38.91846292,6.458886564,3.100265551,,,,,,,,,,,,,,,,,,,,,,,,,,,,,,,,,,,,,,,,,,,,,,,,,,,,,,,,,,,,,,,,,,,,,,,,,,,,,,,,,,,,,,,,,,,,,,,,,,,,,,,,,,,,,,,,,,,,,,,,,,,,,,,,,,,,,,,,,,,,,,,,,,,,,,,,,,,,,,,,,,,,,,,,,,,2025,,,143.0,4.0,,,,,,,,,,,,,,,,,,,,,,,,,,,,,,8.621484224,,192.5753037,
138.0,8.62,71.98,4.23,196.0,43.9375,2.0,132.0,63.0,29.0,19.0,7.0,,33.0,12.0,,,,,3.58673469,24.0,13.0,3.0,37.0,15.0,6.0,4.0,1.0,,36.0,223.0,8.66666667,1.0,1.0,,,,,,11.0,5.0,30.0,2.0,,16.0,46.28782513,11.75259142,1.212868817,0.073203564,39.0,19.0,9.0,7.0,3.0,9.0,4.0,0.087044595,0.060931217,0.102814764,0.003508673,4.316341361,10.22965675,0.89855106,0.047164812,0.045441738,0.029696176,34.0,17.0,8.0,6.0,3.0,23.62191548,,,0.06734989,0.002082986,30.54284674,7.361984038,0.120368377,0.002522948,0.379651151,0.193746139,0.57339729,0.17463953,0.108497838,0.283137367,0.283137367,17.0,Woody Marks,HOU,ADD,29,4429059,12,GeraldPea's Football Team,BE,"{'1': {'team': 'LAR', 'date': datetime.datetime(2025, 9, 7, 13, 25)}, '2': {'team': 'TB', 'date': datetime.datetime(2025, 9, 15, 16, 0)}, '3': {'team': 'JAX', 'date': datetime.datetime(2025, 9, 21, 10, 0)}, '4': {'team': 'TEN', 'date': datetime.datetime(2025, 9, 28, 10, 0)}, '5': {'team': 'BAL', 'date': datetime.datetime(2025, 10, 5, 10, 0)}, '7': {'team': 'SEA', 'date': datetime.datetime(2025, 10, 20, 19, 0)}, '8': {'team': 'SF', 'date': datetime.datetime(2025, 10, 26, 10, 0)}, '9': {'team': 'DEN', 'date': datetime.datetime(2025, 11, 2, 10, 0)}, '10': {'team': 'JAX', 'date': datetime.datetime(2025, 11, 9, 10, 0)}, '11': {'team': 'TEN', 'date': datetime.datetime(2025, 11, 16, 10, 0)}, '12': {'team': 'BUF', 'date': datetime.datetime(2025, 11, 20, 17, 15)}, '13': {'team': 'IND', 'date': datetime.datetime(2025, 11, 30, 10, 0)}, '14': {'team': 'KC', 'date': datetime.datetime(2025, 12, 7, 17, 20)}, '15': {'team': 'ARI', 'date': datetime.datetime(2025, 12, 14, 10, 0)}, '16': {'team': 'LV', 'date': datetime.datetime(2025, 12, 21, 13, 25)}, '17': {'team': 'LAC', 'date': datetime.datetime(2025, 12, 27, 13, 30)}, '18': {'team': 'IND', 'date': datetime.datetime(2026, 1, 4, 10, 0)}}","['Rookie', 'RB', 'RB/WR', 'RB/WR/TE', 'OP', 'BE', 'IR']",BE,,,,,,,,,,,,,,,,,,,2.0,,,,,,,,,,,,,,,,,,,,,,,,1.0,,,,,,,,,,,,,,,,,,,,,,,,,,,,,,1.0,,1.0,,,,,,,,,,,,,,,,,,,,,,,,,,,,,,,,,,,,,,,,,,,,,,,,,,,,,,,,,,,,,,,,,,,,,,,,,,,,,,,,,,,,,,,,,,,,,,,,,,,,,,,,,,,,,,,,,,,,,,,,,,,,,,,,,,,,,,,,,,,,,,,,,,,,,,,,,,,,,,,,,,,1.0,,,2025,,,,39.0,7.0,,,,,,,,,,,,,,,,,,,,,,,,,,,,,12.53442887,9.397529634,,
121.0,8.07,121.17,7.13,,,,,,,,,,,,,,,,,45.0,35.2,5.0,101.0,46.0,19.0,16.0,4.0,2.0,74.0,187.0,11.73333333,,,,,,,,2.0,13.0,30.0,,,15.0,,,,,,,,,,,,,,,,,32.27937772,2.773642522,0.212403459,0.136627683,0.089286191,109.0,54.0,27.0,21.0,10.0,50.78315529,,,0.494375287,0.015289957,74.0632149,10.80573702,0.212403459,0.002733062,,0.621150493,0.621150493,,0.347844276,0.347844276,0.347844276,17.0,Theo Johnson,NYG,ADD,18,4429148,12,GeraldPea's Football Team,BE,"{'1': {'team': 'WSH', 'date': datetime.datetime(2025, 9, 7, 10, 0)}, '2': {'team': 'DAL', 'date': datetime.datetime(2025, 9, 14, 10, 0)}, '3': {'team': 'KC', 'date': datetime.datetime(2025, 9, 21, 17, 20)}, '4': {'team': 'LAC', 'date': datetime.datetime(2025, 9, 28, 10, 0)}, '5': {'team': 'NO', 'date': datetime.datetime(2025, 10, 5, 10, 0)}, '6': {'team': 'PHI', 'date': datetime.datetime(2025, 10, 9, 17, 15)}, '7': {'team': 'DEN', 'date': datetime.datetime(2025, 10, 19, 13, 5)}, '8': {'team': 'PHI', 'date': datetime.datetime(2025, 10, 26, 10, 0)}, '9': {'team': 'SF', 'date': datetime.datetime(2025, 11, 2, 10, 0)}, '10': {'team': 'CHI', 'date': datetime.datetime(2025, 11, 9, 10, 0)}, '11': {'team': 'GB', 'date': datetime.datetime(2025, 11, 16, 10, 0)}, '12': {'team': 'DET', 'date': datetime.datetime(2025, 11, 23, 10, 0)}, '13': {'team': 'NE', 'date': datetime.datetime(2025, 12, 1, 17, 15)}, '15': {'team': 'WSH', 'date': datetime.datetime(2025, 12, 14, 10, 0)}, '16': {'team': 'MIN', 'date': datetime.datetime(2025, 12, 21, 10, 0)}, '17': {'team': 'LV', 'date': datetime.datetime(2025, 12, 28, 13, 5)}, '18': {'team': 'DAL', 'date': datetime.datetime(2026, 1, 4, 10, 0)}}","['WR/TE', 'TE', 'RB/WR/TE', 'OP', 'BE', 'IR']",BE,1.0,,,,,,,,,,,,,,,,,,2.0,,,,,,,,,,,,,,,,,,,,,,,,,,,,,,,,,,,,,,,,,,,,,,,,,,,,,,2.0,,,,,,,,,,,,,,,,,,,,,,,,,,,,,,,,,,,,,,,,,,,,,,,,,,,,,,,,,,,,,,,,,,,,,,,,,,,,,,,,,,,,,,,,,,,,,,,,,,,,,,,,,,,,,,,,,,,,,,,,,,,,,,,,,,,,,,,,,,,,,,,,,,,,,,,,,,,,,,,,,,,,,,,,2025,,,,,25.0,,,,,,,,,,,,,,,,,,,,,,,,,,,,,,26.691988,,
127.0,8.47,140.6,8.27,,,,,,,,,,,,,,,,,,,,,,,,,,,,,,,,,,,,9.0,6.0,114.0,,,15.0,,,,,,,,,,,,,,,,,,,,,,,,,,,,,,,,,,,,,,,,,,,17.0,Cairo Santos,CHI,ADD,18,17427,12,GeraldPea's Football Team,K,"{'1': {'team': 'MIN', 'date': datetime.datetime(2025, 9, 8, 17, 15)}, '2': {'team': 'DET', 'date': datetime.datetime(2025, 9, 14, 10, 0)}, '3': {'team': 'DAL', 'date': datetime.datetime(2025, 9, 21, 13, 25)}, '4': {'team': 'LV', 'date': datetime.datetime(2025, 9, 28, 13, 25)}, '6': {'team': 'WSH', 'date': datetime.datetime(2025, 10, 13, 17, 15)}, '7': {'team': 'NO', 'date': datetime.datetime(2025, 10, 19, 10, 0)}, '8': {'team': 'BAL', 'date': datetime.datetime(2025, 10, 26, 10, 0)}, '9': {'team': 'CIN', 'date': datetime.datetime(2025, 11, 2, 10, 0)}, '10': {'team': 'NYG', 'date': datetime.datetime(2025, 11, 9, 10, 0)}, '11': {'team': 'MIN', 'date': datetime.datetime(2025, 11, 16, 10, 0)}, '12': {'team': 'PIT', 'date': datetime.datetime(2025, 11, 23, 10, 0)}, '13': {'team': 'PHI', 'date': datetime.datetime(2025, 11, 28, 12, 0)}, '14': {'team': 'GB', 'date': datetime.datetime(2025, 12, 7, 13, 25)}, '15': {'team': 'CLE', 'date': datetime.datetime(2025, 12, 14, 10, 0)}, '16': {'team': 'GB', 'date': datetime.datetime(2025, 12, 20, 17, 20)}, '17': {'team': 'SF', 'date': datetime.datetime(2025, 12, 28, 17, 20)}, '18': {'team': 'DET', 'date': datetime.datetime(2026, 1, 4, 13, 25)}}","['K', 'BE', 'IR']",K,,,,,,,,,,,,,,,,,,,,,,,,,,,,,,,,,,,,,,,,,,,,,,,,,,,,,,,,,,,,,,,,,,,,,,,,,,,,,,4.0,6.0,10.0,12.0,2.0,11.0,12.0,1.0,25.0,30.0,5.0,39.0,39.0,,4.0,6.0,5.104440896,7.10291024,1.998469344,7.527767827,9.184228124,1.656460297,16.55939031,16.74965345,0.190263138,29.19159903,33.03679181,3.845192779,39.1315567,39.93015989,0.798603198,5.104440896,7.10291024,1.998469344,,,,,,,,,,,,,,,,,,,,,,,,,,,,,,,,,,,,,,,,,,,,,,,,,,,,,,,,,,,,,,,,,,,,,,,,,,,,,,,,,,,,,,,2.0,2.0,,,,,,,,,,,,,,,,,,,,,,,,,,,,,,,,,,,,,,,,,,2025,,,,,,998.0,235.0,1233.0,195.0,96.0,45.0,32.0,12.0,4.0,46.0,21.0,9.0,7.0,2.0,242.0,118.0,55.0,43.0,17.0,6.0,,,1111.17107,188.1659521,1299.337022,,,,,,,
129.0,16.12,328.76,19.34,14.0,5.125,,6.0,1.0,,,,,,,,,,,2.92857143,,,,,,,,,,,,,,,,,5.0,,,5.0,3.0,102.0,,,8.0,49.54191013,11.70729419,2.584293806,0.14916714,39.0,19.0,9.0,7.0,3.0,9.0,4.0,0.093305293,0.065313705,0.101040212,0.003448115,4.017285581,,,,,,,,,,,,,,,,,,1.459529777,0.040536938,0.630849146,,9.212940541,0.290190607,,4.409594477,16.19847264,17.0,Joe Burrow,CIN,ADD,29,3915511,12,GeraldPea's Football Team,QB,"{'1': {'team': 'CLE', 'date': datetime.datetime(2025, 9, 7, 10, 0)}, '2': {'team': 'JAX', 'date': datetime.datetime(2025, 9, 14, 10, 0)}, '3': {'team': 'MIN', 'date': datetime.datetime(2025, 9, 21, 10, 0)}, '4': {'team': 'DEN', 'date': datetime.datetime(2025, 9, 29, 17, 15)}, '5': {'team': 'DET', 'date': datetime.datetime(2025, 10, 5, 13, 25)}, '6': {'team': 'GB', 'date': datetime.datetime(2025, 10, 12, 13, 25)}, '7': {'team': 'PIT', 'date': datetime.datetime(2025, 10, 16, 17, 15)}, '8': {'team': 'NYJ', 'date': datetime.datetime(2025, 10, 26, 10, 0)}, '9': {'team': 'CHI', 'date': datetime.datetime(2025, 11, 2, 10, 0)}, '11': {'team': 'PIT', 'date': datetime.datetime(2025, 11, 16, 10, 0)}, '12': {'team': 'NE', 'date': datetime.datetime(2025, 11, 23, 10, 0)}, '13': {'team': 'BAL', 'date': datetime.datetime(2025, 11, 27, 17, 20)}, '14': {'team': 'BUF', 'date': datetime.datetime(2025, 12, 7, 10, 0)}, '15': {'team': 'BAL', 'date': datetime.datetime(2025, 12, 14, 10, 0)}, '16': {'team': 'MIA', 'date': datetime.datetime(2025, 12, 21, 10, 0)}, '17': {'team': 'ARI', 'date': datetime.datetime(2025, 12, 28, 10, 0)}, '18': {'team': 'CLE', 'date': datetime.datetime(2026, 1, 4, 10, 0)}}","['QB', 'OP', 'BE', 'IR']",QB,,,,,,,,,,,,,,,,,,,,,259.0,173.0,86.0,226.125,17.0,359.0,177.0,87.0,70.0,33.0,15.0,31.0,13.0,14.0,5.0,,,2.0,,5.0,0.66795367,17.0,,8.0,6.0,3.0,,627.5174511,431.4565891,196.060862,273.2318585,34.6220043,928.0,464.0,232.0,185.0,92.0,46.0,86.0,43.0,4.224088595,2.760441897,5.388854518,0.727892948,1.310362638,11.78887817,0.6875611,46.45223407,8.582091395,4.119403869,,,,,,,,,,,,,,,,,,,,,,,,,,,,,,,,,,,,,,,,,,,,,,,,,,,,,,,,,,,,,,,,,,,,,,,,,,,,,,,,,,,,,,,,,,,,,,,,,,,,,,,,,,,,,,,,,,,,,,,,,,,,,,,,,,,,,,,,,,,,,,,,,,,,,,,,,,,,,,,,,,,,,,,,,,,2025,,,110.0,5.0,,,,,,,,,,,,,,,,,,,,,,,,,,,,,,13.72852365,,232.0316598,
217.0,15.5,1.64,0.1,38.0,12.0,1.0,30.0,12.0,4.0,2.0,,,2.0,,,,,,4.42105263,,,,,,,,,,,,,1.0,5.0,,4.0,12.0,,,2.0,12.0,144.0,1.0,,14.0,0.325490779,0.087162262,0.012513009,0.000662004,,,,,,,,0.000597025,0.000417918,-5.28514e-06,-1.80362e-07,4.552382307,,,,,,,,,,,,,,,,,,0.01793692,0.000442536,0.005188312,,0.100576301,0.002386623,,0.048172858,0.155129454,17.0,Jacoby Brissett,ARI,ADD,16,2578570,12,GeraldPea's Football Team,BE,"{'1': {'team': 'NO', 'date': datetime.datetime(2025, 9, 7, 10, 0)}, '2': {'team': 'CAR', 'date': datetime.datetime(2025, 9, 14, 13, 5)}, '3': {'team': 'SF', 'date': datetime.datetime(2025, 9, 21, 13, 25)}, '4': {'team': 'SEA', 'date': datetime.datetime(2025, 9, 25, 17, 15)}, '5': {'team': 'TEN', 'date': datetime.datetime(2025, 10, 5, 13, 5)}, '6': {'team': 'IND', 'date': datetime.datetime(2025, 10, 12, 10, 0)}, '7': {'team': 'GB', 'date': datetime.datetime(2025, 10, 19, 13, 25)}, '9': {'team': 'DAL', 'date': datetime.datetime(2025, 11, 3, 17, 15)}, '10': {'team': 'SEA', 'date': datetime.datetime(2025, 11, 9, 13, 5)}, '11': {'team': 'SF', 'date': datetime.datetime(2025, 11, 16, 13, 5)}, '12': {'team': 'JAX', 'date': datetime.datetime(2025, 11, 23, 13, 5)}, '13': {'team': 'TB', 'date': datetime.datetime(2025, 11, 30, 10, 0)}, '14': {'team': 'LAR', 'date': datetime.datetime(2025, 12, 7, 13, 25)}, '15': {'team': 'HOU', 'date': datetime.datetime(2025, 12, 14, 10, 0)}, '16': {'team': 'ATL', 'date': datetime.datetime(2025, 12, 21, 13, 5)}, '17': {'team': 'CIN', 'date': datetime.datetime(2025, 12, 28, 10, 0)}, '18': {'team': 'LAR', 'date': datetime.datetime(2026, 1, 4, 13, 25)}}","['QB', 'OP', 'BE', 'IR']",BE,,,,,,,,,,,,,,,,,,,,,485.0,315.0,170.0,240.42857143,23.0,668.0,332.0,163.0,129.0,63.0,29.0,59.0,26.0,30.0,12.0,1.0,,3.0,1.0,8.0,0.64948454,43.0,,5.0,13.0,1.0,3.0,5.52834101,3.501238131,2.027102878,2.122597032,0.21035703,7.0,3.0,1.0,1.0,,,,,0.072537588,0.047403314,0.057363804,0.007748346,0.017274917,0.106956595,0.633325282,0.45586188,0.095387989,0.045786235,,,,,,,,,,,,,,,,,,,,,,,,,,,,,,,,,,,,,,,,,,,,,,,,,,,,,,,,,,,,,,,,,,,,,,,,,,,,,,,,,,,,,,,,,,,,,,,,,,,,,,,,,,,,,,,,,,,,,,,,,,,,,,,,,,,,,,1.0,,,,,,,,,,,,,,,,,,,,,,,,,,,,,,,,,,,,,2025,,,165.0,16.0,,,,,,,,,,,,,,,,,,,,,,,,,,,,,,2.151124872,,-2.118145673,
85.0,9.44,130.8,8.17,1.0,0.44444444,,,,,,,,,,,,,,4.0,24.0,31.44444444,6.0,54.0,25.0,11.0,8.0,2.0,2.0,34.0,73.0,11.79166667,,,,,,,,4.0,5.0,36.0,,,9.0,,,,,,,,,,,,,,,,,37.97024694,3.204273107,0.171298393,0.158402239,0.103515863,121.0,60.0,30.0,24.0,12.0,51.85161854,,,0.72587436,0.022449722,77.88528198,11.71658606,0.171298393,0.002503148,,0.568897186,0.568897186,,0.318582424,0.318582424,0.318582424,16.0,Darren Waller,MIA,ADD,31,2576925,12,GeraldPea's Football Team,TE,"{'1': {'team': 'IND', 'date': datetime.datetime(2025, 9, 7, 10, 0)}, '2': {'team': 'NE', 'date': datetime.datetime(2025, 9, 14, 10, 0)}, '3': {'team': 'BUF', 'date': datetime.datetime(2025, 9, 18, 17, 15)}, '4': {'team': 'NYJ', 'date': datetime.datetime(2025, 9, 29, 16, 15)}, '5': {'team': 'CAR', 'date': datetime.datetime(2025, 10, 5, 10, 0)}, '6': {'team': 'LAC', 'date': datetime.datetime(2025, 10, 12, 10, 0)}, '7': {'team': 'CLE', 'date': datetime.datetime(2025, 10, 19, 10, 0)}, '8': {'team': 'ATL', 'date': datetime.datetime(2025, 10, 26, 10, 0)}, '9': {'team': 'BAL', 'date': datetime.datetime(2025, 10, 30, 17, 15)}, '10': {'team': 'BUF', 'date': datetime.datetime(2025, 11, 9, 10, 0)}, '11': {'team': 'WSH', 'date': datetime.datetime(2025, 11, 16, 6, 30)}, '13': {'team': 'NO', 'date': datetime.datetime(2025, 11, 30, 10, 0)}, '14': {'team': 'NYJ', 'date': datetime.datetime(2025, 12, 7, 10, 0)}, '15': {'team': 'PIT', 'date': datetime.datetime(2025, 12, 15, 17, 15)}, '16': {'team': 'CIN', 'date': datetime.datetime(2025, 12, 21, 10, 0)}, '17': {'team': 'TB', 'date': datetime.datetime(2025, 12, 28, 10, 0)}, '18': {'team': 'NE', 'date': datetime.datetime(2026, 1, 4, 13, 25)}}","['WR/TE', 'TE', 'RB/WR/TE', 'OP', 'BE', 'IR']",TE,,,,,,,,,,,,,,,,,,,5.0,,,,,,,,,,,,,,,,,,,,,,,,,,,,,,,,,,,,,,,,,,,,,,,,,,,,,,1.0,,,,,,,,,,,,,,,,,,,,,,,,,,,,,,,,,,,,,,,,,,,,,,,,,,,,,,,,,,,,,,,,,,,,,,,,,,,,,,,,,,,,,,,,,,,,,,,,,,,,,,,,,,,,,,,,,,,,,,,,,,,,,,,,,,,,,,,,,,,,,,,,,,,,,,,,,,,,,,,,,,,,,,,,2025,,,,1.0,22.0,,,,,,,,,,,,,,,,,,,,,,,,,,,,,,28.8000186,,
51.0,3.0,98.16,5.77,,,,,,,,,,,,,,,,,,,,,,,,,,,,,,,,,,651.0,1127.0,4.0,13.0,,,,17.0,,,,,,,,,,,,,,,,,,,,,,,,,,,,,,,,,,,,,,,,,,,17.0,Giants D/ST,NYG,ADD,25,-16019,12,GeraldPea's Football Team,D/ST,"{'1': {'team': 'WSH', 'date': datetime.datetime(2025, 9, 7, 10, 0)}, '2': {'team': 'DAL', 'date': datetime.datetime(2025, 9, 14, 10, 0)}, '3': {'team': 'KC', 'date': datetime.datetime(2025, 9, 21, 17, 20)}, '4': {'team': 'LAC', 'date': datetime.datetime(2025, 9, 28, 10, 0)}, '5': {'team': 'NO', 'date': datetime.datetime(2025, 10, 5, 10, 0)}, '6': {'team': 'PHI', 'date': datetime.datetime(2025, 10, 9, 17, 15)}, '7': {'team': 'DEN', 'date': datetime.datetime(2025, 10, 19, 13, 5)}, '8': {'team': 'PHI', 'date': datetime.datetime(2025, 10, 26, 10, 0)}, '9': {'team': 'SF', 'date': datetime.datetime(2025, 11, 2, 10, 0)}, '10': {'team': 'CHI', 'date': datetime.datetime(2025, 11, 9, 10, 0)}, '11': {'team': 'GB', 'date': datetime.datetime(2025, 11, 16, 10, 0)}, '12': {'team': 'DET', 'date': datetime.datetime(2025, 11, 23, 10, 0)}, '13': {'team': 'NE', 'date': datetime.datetime(2025, 12, 1, 17, 15)}, '15': {'team': 'WSH', 'date': datetime.datetime(2025, 12, 14, 10, 0)}, '16': {'team': 'MIN', 'date': datetime.datetime(2025, 12, 21, 10, 0)}, '17': {'team': 'LV', 'date': datetime.datetime(2025, 12, 28, 13, 5)}, '18': {'team': 'DAL', 'date': datetime.datetime(2026, 1, 4, 10, 0)}}","['D/ST', 'BE', 'IR']",D/ST,,,,,,,1942.0,188.0,70.0,0.344143547,0.177013639,1242.829612,278.5788419,124.0,49.0,27.0,11.0,,,,,,,,,,,,,,,,,,,,,,,,,,,,,,,,,,,,,,,,,,,,,,,,,,,,,,,,,476.0,,,9.0,,,,,,,,,,,,,,,,,,,,,,,,,,,,,,,,,,,6.0,0.0,0.0,1.0,3.0,1.0,9.0,,,39.0,78.0,1.0,,,2.0,371.0,218.0,73.0,76.0,227.0,16.0,4.0,433.0,3.0,3.0,5.0,2.0,6112.0,0.0,0.0,4.0,5.0,3.0,3.0,2.0,0.0,0.0,0.0,0.0,1.0,3.0,3.0,3.0,5.0,2.0,0.17,0.765,2.805,2.72,0.118483155,1.751777287,11.75946516,10.64671596,1.856732071,0.24175354,39.99012829,79.98025659,1.188698063,0.563079223,2.391417627,16.37956302,1099.819559,366.0,219.0,67.36984618,373.0364075,2.465,3.74,2.805,1.36,0.17,21.94331809,5765.997754,0.604134341,4.935181941,4.075779569,3.760948996,2.237849742,0.935982782,0.357375244,0.092747385,339.1763385,,,,,,,,,,1.0,,,,,,,,,,,,,,,,,,,,,,,,,,,,,,,,,,,,,,2025,,,,,,,,,,,,,,,,,,,,,,,,,,,,,,,,,,,,,54.64892528
118.0,6.94,36.88,2.17,11.0,1.05882353,,3.0,,,,,,,,,,,,1.63636364,48.0,24.88235294,4.0,79.0,36.0,15.0,10.0,3.0,3.0,74.0,220.0,8.8125,,2.0,,1.0,1.0,,,3.0,14.0,24.0,,1.0,17.0,2.085751497,0.750882823,0.081379467,0.004760476,2.0,1.0,,,,,,0.003829419,0.002680593,0.00032771,1.11835e-05,6.120100119,9.158695841,0.950028023,0.050483091,0.117083666,0.076514176,31.0,15.0,7.0,6.0,3.0,13.50310698,,,0.060093792,0.001858571,21.73891753,11.53051883,0.055243568,0.000728772,0.022160906,0.143469196,0.165630103,0.010194017,0.08034275,0.090536767,0.090536767,17.0,Chimere Dike,TEN,ADD,50,4431268,12,GeraldPea's Football Team,BE,"{'1': {'team': 'DEN', 'date': datetime.datetime(2025, 9, 7, 13, 5)}, '2': {'team': 'LAR', 'date': datetime.datetime(2025, 9, 14, 10, 0)}, '3': {'team': 'IND', 'date': datetime.datetime(2025, 9, 21, 10, 0)}, '4': {'team': 'HOU', 'date': datetime.datetime(2025, 9, 28, 10, 0)}, '5': {'team': 'ARI', 'date': datetime.datetime(2025, 10, 5, 13, 5)}, '6': {'team': 'LV', 'date': datetime.datetime(2025, 10, 12, 13, 5)}, '7': {'team': 'NE', 'date': datetime.datetime(2025, 10, 19, 10, 0)}, '8': {'team': 'IND', 'date': datetime.datetime(2025, 10, 26, 13, 25)}, '9': {'team': 'LAC', 'date': datetime.datetime(2025, 11, 2, 10, 0)}, '11': {'team': 'HOU', 'date': datetime.datetime(2025, 11, 16, 10, 0)}, '12': {'team': 'SEA', 'date': datetime.datetime(2025, 11, 23, 10, 0)}, '13': {'team': 'JAX', 'date': datetime.datetime(2025, 11, 30, 10, 0)}, '14': {'team': 'CLE', 'date': datetime.datetime(2025, 12, 7, 10, 0)}, '15': {'team': 'SF', 'date': datetime.datetime(2025, 12, 14, 13, 25)}, '16': {'team': 'KC', 'date': datetime.datetime(2025, 12, 21, 10, 0)}, '17': {'team': 'NO', 'date': datetime.datetime(2025, 12, 28, 10, 0)}, '18': {'team': 'JAX', 'date': datetime.datetime(2026, 1, 4, 10, 0)}}","['Rookie', 'RB/WR', 'WR', 'WR/TE', 'RB/WR/TE', 'OP', 'BE', 'IR']",BE,,,,,,,1588.0,153.0,55.0,0.040916586,0.167695635,148.5918109,263.9144424,14.0,5.0,26.0,10.0,,3.0,,,,,,,,,,,,,,,,,,,,,,,,,,,,,,,,,,,,,,,,,,,,,,,,,,,,,,,,,,,,,,,,,,,,,,,,,,,,,,,,,,,,,,,,,,,,,,,,,,,,,,,,,2.0,,2.0,,,,,398.0,35.0,11.0,,,,,,,,,,,,,,,,,,,,,,,,,,,,,,,,,,,,,,,,,,,,,,,,,,,,,,,,,,,,,,,,,,,,,,,,,,,,,,,,,,,,,,,,,,,,,,,,,,,,,,,,,,,,2025,,,,,20.0,,,,,,,,,,,,,,,,,,,,,,,,,,,,,2.690388927,6.610109916,,
84.0,6.46,32.72,1.92,112.0,38.46153846,6.0,95.0,44.0,19.0,15.0,6.0,,20.0,7.0,,,,,4.46428571,3.0,2.30769231,,5.0,1.0,,,,,4.0,26.0,10.0,,,,,,2.0,2.0,3.0,10.0,36.0,6.0,,13.0,37.37151444,9.595524011,1.657166834,0.064100715,32.0,16.0,8.0,6.0,3.0,7.0,3.0,0.069998897,0.048999228,0.070759298,0.002414743,4.364926352,1.688793357,0.134715558,0.007450456,0.038249688,0.024996171,5.0,2.0,1.0,1.0,,4.184639963,,,0.015770381,0.000487744,5.383462835,6.860682715,0.07155117,0.001719138,0.351368893,0.039344199,0.390713092,0.161629691,0.022032752,0.183662442,0.183662442,17.0,Chris Rodriguez Jr.,WSH,ADD,52,4362619,12,GeraldPea's Football Team,BE,"{'1': {'team': 'NYG', 'date': datetime.datetime(2025, 9, 7, 10, 0)}, '2': {'team': 'GB', 'date': datetime.datetime(2025, 9, 11, 17, 15)}, '3': {'team': 'LV', 'date': datetime.datetime(2025, 9, 21, 10, 0)}, '4': {'team': 'ATL', 'date': datetime.datetime(2025, 9, 28, 10, 0)}, '5': {'team': 'LAC', 'date': datetime.datetime(2025, 10, 5, 13, 25)}, '6': {'team': 'CHI', 'date': datetime.datetime(2025, 10, 13, 17, 15)}, '7': {'team': 'DAL', 'date': datetime.datetime(2025, 10, 19, 13, 25)}, '8': {'team': 'KC', 'date': datetime.datetime(2025, 10, 27, 17, 15)}, '9': {'team': 'SEA', 'date': datetime.datetime(2025, 11, 2, 17, 20)}, '10': {'team': 'DET', 'date': datetime.datetime(2025, 11, 9, 13, 25)}, '11': {'team': 'MIA', 'date': datetime.datetime(2025, 11, 16, 6, 30)}, '13': {'team': 'DEN', 'date': datetime.datetime(2025, 11, 30, 17, 20)}, '14': {'team': 'MIN', 'date': datetime.datetime(2025, 12, 7, 10, 0)}, '15': {'team': 'NYG', 'date': datetime.datetime(2025, 12, 14, 10, 0)}, '16': {'team': 'PHI', 'date': datetime.datetime(2025, 12, 20, 14, 0)}, '17': {'team': 'DAL', 'date': datetime.datetime(2025, 12, 25, 10, 0)}, '18': {'team': 'PHI', 'date': datetime.datetime(2026, 1, 4, 13, 25)}}","['RB', 'RB/WR', 'RB/WR/TE', 'OP', 'BE', 'IR']",BE,,,,,,,,,,,,,,,,,,,,,,,,,,,,,,,,,,,,,,,,,,,,,,,,,,,,,,,,,,,,,,,,,,,,,,,,,,,,,,,,,,,,,,,,,,,,,,,,,,,,,,,,,,,,,,,,,,,,,,,,,,,,,,,,,,,,,,,,,,,,,,,,,,,,,,,,,,,,,,,,,,,,,,,,,,,,,,,,,,,,,,,,,,,,,,,,,,,,,,,,,,,,,,,,,,,,,,,,,,,,,,,,,,,,,,,,,,,,,,,,,2025,,,,32.0,1.0,,,,,,,,,,,,,,,,,,,,,,,,,,,,,11.08578032,0.650889596,,
197.0,14.07,316.6,18.62,1.0,0.14285714,,,,,,,,,,,,,,2.0,75.0,76.92857143,3.0,212.0,104.0,48.0,37.0,17.0,11.0,117.0,323.0,14.36,,,,,,1.0,1.0,6.0,8.0,18.0,,,14.0,8.137540817,2.808381692,0.328852104,0.019842142,9.0,4.0,2.0,1.0,,1.0,,0.01498971,0.010492797,0.005558584,0.000189693,5.866943077,85.38535309,8.119312512,0.425803477,0.232493112,0.151934249,290.0,145.0,72.0,58.0,29.0,117.9637487,,,5.769417133,0.178435581,171.8374208,12.30505998,0.445645618,0.007911919,0.116038689,1.682124736,1.798163424,0.053377797,0.941989852,0.995367649,0.995367649,17.0,CeeDee Lamb,DAL,DRAFT,18,4241389,13,The Ralph Dudes,WR,"{'1': {'team': 'PHI', 'date': datetime.datetime(2025, 9, 4, 17, 20)}, '2': {'team': 'NYG', 'date': datetime.datetime(2025, 9, 14, 10, 0)}, '3': {'team': 'CHI', 'date': datetime.datetime(2025, 9, 21, 13, 25)}, '4': {'team': 'GB', 'date': datetime.datetime(2025, 9, 28, 17, 20)}, '5': {'team': 'NYJ', 'date': datetime.datetime(2025, 10, 5, 10, 0)}, '6': {'team': 'CAR', 'date': datetime.datetime(2025, 10, 12, 10, 0)}, '7': {'team': 'WSH', 'date': datetime.datetime(2025, 10, 19, 13, 25)}, '8': {'team': 'DEN', 'date': datetime.datetime(2025, 10, 26, 13, 25)}, '9': {'team': 'ARI', 'date': datetime.datetime(2025, 11, 3, 17, 15)}, '11': {'team': 'LV', 'date': datetime.datetime(2025, 11, 17, 17, 15)}, '12': {'team': 'PHI', 'date': datetime.datetime(2025, 11, 23, 13, 25)}, '13': {'team': 'KC', 'date': datetime.datetime(2025, 11, 27, 13, 30)}, '14': {'team': 'DET', 'date': datetime.datetime(2025, 12, 4, 17, 15)}, '15': {'team': 'MIN', 'date': datetime.datetime(2025, 12, 14, 17, 20)}, '16': {'team': 'LAC', 'date': datetime.datetime(2025, 12, 21, 10, 0)}, '17': {'team': 'WSH', 'date': datetime.datetime(2025, 12, 25, 10, 0)}, '18': {'team': 'NYG', 'date': datetime.datetime(2026, 1, 4, 10, 0)}}","['RB/WR', 'WR', 'WR/TE', 'RB/WR/TE', 'OP', 'BE', 'IR']",WR,1.0,1.0,6.0,6.0,,,,,,,,,,,,,,,,,,,,,,,,,,,,,,,,,,,,,,,,,,,,,,,,,,,,,,,,,,,,,,,,,,,,,2.0,,,,,,,,,,,,,,,,,,,,,,,,,,,,,,,,,,,,,,,,,,,,,,,,,,,,,,,,,,,,,,,,,,,,,,,,,,,,,,,,,,,,,,,,,,,,,,,,,,,,,,,,,,,,,,,,,,,,,,,,,,,,,,,,,,,,,,,,,,,,,,,,,,,,,,,,,,,,,,,,,,,,,,,,2025,,,,,43.0,,,,,,,,,,,,,,,,,,,,,,,,,,,,,4.423571566,69.08631515,,
195.0,16.25,267.18,15.72,,,,,,,,,,,,,,,,,68.0,76.58333333,7.0,178.0,85.0,39.0,32.0,14.0,8.0,112.0,229.0,13.51470588,,1.0,,1.0,1.0,2.0,2.0,6.0,6.0,44.0,,,12.0,,,,,,,,,,,,,,,,,70.70557199,8.370689067,0.521860556,0.17015825,0.111198417,240.0,120.0,60.0,48.0,24.0,97.30993494,,,3.924763846,0.121384449,153.6508922,12.35223027,0.521860556,0.005622417,,1.277821996,1.277821996,,0.715580318,0.715580318,0.715580318,17.0,Drake London,ATL,DRAFT,19,4426502,13,The Ralph Dudes,WR,"{'1': {'team': 'TB', 'date': datetime.datetime(2025, 9, 7, 10, 0)}, '2': {'team': 'MIN', 'date': datetime.datetime(2025, 9, 14, 17, 20)}, '3': {'team': 'CAR', 'date': datetime.datetime(2025, 9, 21, 10, 0)}, '4': {'team': 'WSH', 'date': datetime.datetime(2025, 9, 28, 10, 0)}, '6': {'team': 'BUF', 'date': datetime.datetime(2025, 10, 13, 16, 15)}, '7': {'team': 'SF', 'date': datetime.datetime(2025, 10, 19, 17, 20)}, '8': {'team': 'MIA', 'date': datetime.datetime(2025, 10, 26, 10, 0)}, '9': {'team': 'NE', 'date': datetime.datetime(2025, 11, 2, 10, 0)}, '10': {'team': 'IND', 'date': datetime.datetime(2025, 11, 9, 6, 30)}, '11': {'team': 'CAR', 'date': datetime.datetime(2025, 11, 16, 10, 0)}, '12': {'team': 'NO', 'date': datetime.datetime(2025, 11, 23, 13, 25)}, '13': {'team': 'NYJ', 'date': datetime.datetime(2025, 11, 30, 10, 0)}, '14': {'team': 'SEA', 'date': datetime.datetime(2025, 12, 7, 10, 0)}, '15': {'team': 'TB', 'date': datetime.datetime(2025, 12, 11, 17, 15)}, '16': {'team': 'ARI', 'date': datetime.datetime(2025, 12, 21, 13, 5)}, '17': {'team': 'LAR', 'date': datetime.datetime(2025, 12, 29, 17, 15)}, '18': {'team': 'NO', 'date': datetime.datetime(2026, 1, 4, 10, 0)}}","['RB/WR', 'WR', 'WR/TE', 'RB/WR/TE', 'OP', 'BE', 'IR']",WR,,,5.0,5.0,1.0,1.0,,,,,,,,,,,,1.0,5.0,,,,,,,,,,,,,,,,,,,,,,,,,,,,,,,,,,,,,,,,,,,,,,,,,,,,1.0,,2.0,,,,,,,,,,,,,,,,,,,,,,,,,,,,,,,,,,,,,,,,,,,,,,,,,,,,,,,,,,,,,,,,,,,,,,,,,,,,,,,,,,,,,,,,,,,,,,,,,,,,,,,,,,,,,,,,,,,,,,,,,,,,,,,,,,,,,,,,,,,,,,,,,,,,,,,,,,,,,,,,,,,,,,,,2025,,,,,46.0,,,,,,,,,,,,,,,,,,,,,,,,,,,,,,57.59963833,,
174.0,10.24,221.42,13.02,242.0,63.64705882,5.0,210.0,102.0,49.0,34.0,14.0,3.0,43.0,19.0,1.0,1.0,3.0,,4.47107438,33.0,12.11764706,,34.0,15.0,4.0,2.0,,1.0,41.0,203.0,6.24242424,3.0,4.0,2.0,3.0,3.0,,,3.0,14.0,30.0,3.0,,17.0,244.404316,62.17605819,5.708592012,0.333990278,211.0,105.0,52.0,42.0,21.0,48.0,24.0,0.50795143,0.355566001,2.886844708,0.098516934,4.324772191,17.65549313,1.174157084,0.062412854,0.033747026,0.022053681,60.0,30.0,15.0,12.0,6.0,46.3631707,,,0.125997387,0.003896826,61.0803557,6.473745835,0.396403132,0.009675207,1.848292059,0.350618523,2.198910582,0.850214347,0.196346373,1.04656072,1.04656072,17.0,Tony Pollard,TEN,DRAFT,23,3916148,13,The Ralph Dudes,RB,"{'1': {'team': 'DEN', 'date': datetime.datetime(2025, 9, 7, 13, 5)}, '2': {'team': 'LAR', 'date': datetime.datetime(2025, 9, 14, 10, 0)}, '3': {'team': 'IND', 'date': datetime.datetime(2025, 9, 21, 10, 0)}, '4': {'team': 'HOU', 'date': datetime.datetime(2025, 9, 28, 10, 0)}, '5': {'team': 'ARI', 'date': datetime.datetime(2025, 10, 5, 13, 5)}, '6': {'team': 'LV', 'date': datetime.datetime(2025, 10, 12, 13, 5)}, '7': {'team': 'NE', 'date': datetime.datetime(2025, 10, 19, 10, 0)}, '8': {'team': 'IND', 'date': datetime.datetime(2025, 10, 26, 13, 25)}, '9': {'team': 'LAC', 'date': datetime.datetime(2025, 11, 2, 10, 0)}, '11': {'team': 'HOU', 'date': datetime.datetime(2025, 11, 16, 10, 0)}, '12': {'team': 'SEA', 'date': datetime.datetime(2025, 11, 23, 10, 0)}, '13': {'team': 'JAX', 'date': datetime.datetime(2025, 11, 30, 10, 0)}, '14': {'team': 'CLE', 'date': datetime.datetime(2025, 12, 7, 10, 0)}, '15': {'team': 'SF', 'date': datetime.datetime(2025, 12, 14, 13, 25)}, '16': {'team': 'KC', 'date': datetime.datetime(2025, 12, 21, 10, 0)}, '17': {'team': 'NO', 'date': datetime.datetime(2025, 12, 28, 10, 0)}, '18': {'team': 'JAX', 'date': datetime.datetime(2026, 1, 4, 10, 0)}}","['RB', 'RB/WR', 'RB/WR/TE', 'OP', 'BE', 'IR']",RB,,,,,1.0,1.0,,,,,,,,,,,,,,,,,,,,,,,,,,,,,,,,,,,,,3.0,,,,,,,,,,,,,,,,,,,,,,,,,,,,,,,,,,,,,,,,,,,,,,,,,,,,,,,,,,,,,,,,,,,,,,,,,,,,,,,,,,,,,,,,,,,,,,,,,,,,,,,,,,,,,,,,,,,,,,,,,,,,,,,,,,,,,,,,,,,,,,,,,,,,,,,,,1.0,2.0,,,,,,,,,,,,,,,,,,,,,,,,,,,,,,,,,,,,,,,,,,,,2025,,,,48.0,11.0,,,,,,,,,,,,,,,,,,,,,,,,,,,,,56.86580385,18.17489373,,
84.0,9.33,196.56,11.56,2.0,-0.22222222,,,,,,,,,,,,,,-1.0,36.0,58.66666667,,103.0,48.0,22.0,17.0,7.0,3.0,53.0,74.0,14.66666667,,,,,,1.0,1.0,8.0,1.0,,,,9.0,4.347199293,1.680750009,0.229147714,0.007565782,5.0,2.0,1.0,1.0,,,,0.007991246,0.005593872,0.001903589,6.49622e-05,6.572680071,58.21235048,4.561582328,0.191695944,0.342565175,0.223866342,197.0,98.0,49.0,39.0,19.0,68.8315635,,,2.473570385,0.076502177,105.7881646,14.37726979,0.199261726,0.006071225,0.081968714,1.297855089,1.379823802,0.037705608,0.72679885,0.764504458,0.764504458,17.0,Ricky Pearsall,SF,DRAFT,70,4428209,13,The Ralph Dudes,BE,"{'1': {'team': 'SEA', 'date': datetime.datetime(2025, 9, 7, 13, 5)}, '2': {'team': 'NO', 'date': datetime.datetime(2025, 9, 14, 10, 0)}, '3': {'team': 'ARI', 'date': datetime.datetime(2025, 9, 21, 13, 25)}, '4': {'team': 'JAX', 'date': datetime.datetime(2025, 9, 28, 13, 5)}, '5': {'team': 'LAR', 'date': datetime.datetime(2025, 10, 2, 17, 15)}, '6': {'team': 'TB', 'date': datetime.datetime(2025, 10, 12, 13, 25)}, '7': {'team': 'ATL', 'date': datetime.datetime(2025, 10, 19, 17, 20)}, '8': {'team': 'HOU', 'date': datetime.datetime(2025, 10, 26, 10, 0)}, '9': {'team': 'NYG', 'date': datetime.datetime(2025, 11, 2, 10, 0)}, '10': {'team': 'LAR', 'date': datetime.datetime(2025, 11, 9, 13, 25)}, '11': {'team': 'ARI', 'date': datetime.datetime(2025, 11, 16, 13, 5)}, '12': {'team': 'CAR', 'date': datetime.datetime(2025, 11, 24, 17, 15)}, '13': {'team': 'CLE', 'date': datetime.datetime(2025, 11, 30, 10, 0)}, '15': {'team': 'TEN', 'date': datetime.datetime(2025, 12, 14, 13, 25)}, '16': {'team': 'IND', 'date': datetime.datetime(2025, 12, 22, 17, 15)}, '17': {'team': 'CHI', 'date': datetime.datetime(2025, 12, 28, 17, 20)}, '18': {'team': 'SEA', 'date': datetime.datetime(2026, 1, 3, 17, 0)}}","['RB/WR', 'WR', 'WR/TE', 'RB/WR/TE', 'OP', 'BE', 'IR']",BE,,,2.0,2.0,,,,,,,0.012519684,,19.70310931,,,1.0,,,,,,,,,,,,,,,,,,,,,,,,,,,,,,,,,,,,,,,,,,,,,,,,,,,,,,,,,,,,,,,,,,,,,,,,,,,,,,,,,,,,,,,,,,,,,,,,,,,,,,,,,,,,,,,,,,,,,,,,,,,,,,,,,,,,,,,,,,,,,,,,,,,,,,,,,,,,,,,,,,,,,,,,,,,,,,,,,,,,,,,,,,,,,,,,,,,,,,,,,,,,,,,,,,,,,,,,,,,,,,,,,2025,,,,,28.0,,,,,,,,,,,,,,,,,,,,,,,,,,,,,3.471694065,43.6941364,,
130.0,7.65,162.17,9.54,175.0,47.35294118,8.0,156.0,73.0,33.0,26.0,7.0,2.0,26.0,9.0,1.0,1.0,2.0,,4.6,9.0,4.0,,12.0,4.0,1.0,1.0,,,13.0,77.0,7.55555556,3.0,4.0,2.0,2.0,2.0,,,5.0,12.0,48.0,4.0,,17.0,181.6638805,45.69902056,6.322141205,0.242972089,155.0,77.0,38.0,31.0,15.0,36.0,18.0,0.366159035,0.256311325,1.562597191,0.053325447,4.276487695,10.53372813,1.032666327,0.05716491,0.042298479,0.027642056,35.0,17.0,8.0,7.0,3.0,24.99924189,,,0.067440632,0.002085793,32.29874867,7.163152345,0.300136998,0.007458193,1.490000905,0.205042923,1.695043828,0.685400416,0.114824037,0.800224453,0.800224453,17.0,Jacory Croskey-Merritt,WSH,DRAFT,33,4575131,13,The Ralph Dudes,BE,"{'1': {'team': 'NYG', 'date': datetime.datetime(2025, 9, 7, 10, 0)}, '2': {'team': 'GB', 'date': datetime.datetime(2025, 9, 11, 17, 15)}, '3': {'team': 'LV', 'date': datetime.datetime(2025, 9, 21, 10, 0)}, '4': {'team': 'ATL', 'date': datetime.datetime(2025, 9, 28, 10, 0)}, '5': {'team': 'LAC', 'date': datetime.datetime(2025, 10, 5, 13, 25)}, '6': {'team': 'CHI', 'date': datetime.datetime(2025, 10, 13, 17, 15)}, '7': {'team': 'DAL', 'date': datetime.datetime(2025, 10, 19, 13, 25)}, '8': {'team': 'KC', 'date': datetime.datetime(2025, 10, 27, 17, 15)}, '9': {'team': 'SEA', 'date': datetime.datetime(2025, 11, 2, 17, 20)}, '10': {'team': 'DET', 'date': datetime.datetime(2025, 11, 9, 13, 25)}, '11': {'team': 'MIA', 'date': datetime.datetime(2025, 11, 16, 6, 30)}, '13': {'team': 'DEN', 'date': datetime.datetime(2025, 11, 30, 17, 20)}, '14': {'team': 'MIN', 'date': datetime.datetime(2025, 12, 7, 10, 0)}, '15': {'team': 'NYG', 'date': datetime.datetime(2025, 12, 14, 10, 0)}, '16': {'team': 'PHI', 'date': datetime.datetime(2025, 12, 20, 14, 0)}, '17': {'team': 'DAL', 'date': datetime.datetime(2025, 12, 25, 10, 0)}, '18': {'team': 'PHI', 'date': datetime.datetime(2026, 1, 4, 13, 25)}}","['Rookie', 'RB', 'RB/WR', 'RB/WR/TE', 'OP', 'BE', 'IR']",BE,,,,,,,,,,,,,,,,,,,,,,,,,,,,,,,,,,,,,,,,,,,4.0,,,,,,,,,,,,,,,,,,,,,,,,,,,,,,,,3.0,,,,,,,,,,,,,,,,,,,,,,,,,,,,,,,,,,,,,,,,,,,,,,,,,,,,,,,,,,,,,,,,,,,,,,,,,,,,,,,,,,,,,,,,,,,,,,,,,,,,,,,,,,,,,,,,,,,,,,,,,,2.0,,,,,,,,,,,,,,,,,,,,,,,,,,,,,,,,,,,,,,,,,,,,2025,,,,41.0,3.0,,,,,,,,,,,,,,,,,,,,,,,,,,,,,44.05353267,9.908856198,,
79.0,5.27,118.86,6.99,122.0,33.73333333,3.0,95.0,44.0,18.0,13.0,3.0,,19.0,6.0,,,,,4.14754098,13.0,4.46666667,,12.0,4.0,1.0,1.0,,,20.0,63.0,5.15384615,,,,,,1.0,1.0,10.0,5.0,18.0,1.0,,15.0,149.8601029,38.24239995,5.118921193,0.309049386,130.0,65.0,32.0,26.0,13.0,29.0,14.0,0.299508157,0.20965571,1.198251965,0.040891742,4.338184657,5.79145211,0.403424299,0.021175872,0.052677946,0.034425038,19.0,9.0,4.0,3.0,1.0,12.22980398,,,0.042193772,0.001304962,16.60414455,8.050389529,0.330225257,0.005637865,1.184655474,0.096677528,1.281333002,0.544941518,0.054139415,0.599080934,0.599080934,17.0,Nick Chubb,HOU,DRAFT,54,3128720,13,The Ralph Dudes,BE,"{'1': {'team': 'LAR', 'date': datetime.datetime(2025, 9, 7, 13, 25)}, '2': {'team': 'TB', 'date': datetime.datetime(2025, 9, 15, 16, 0)}, '3': {'team': 'JAX', 'date': datetime.datetime(2025, 9, 21, 10, 0)}, '4': {'team': 'TEN', 'date': datetime.datetime(2025, 9, 28, 10, 0)}, '5': {'team': 'BAL', 'date': datetime.datetime(2025, 10, 5, 10, 0)}, '7': {'team': 'SEA', 'date': datetime.datetime(2025, 10, 20, 19, 0)}, '8': {'team': 'SF', 'date': datetime.datetime(2025, 10, 26, 10, 0)}, '9': {'team': 'DEN', 'date': datetime.datetime(2025, 11, 2, 10, 0)}, '10': {'team': 'JAX', 'date': datetime.datetime(2025, 11, 9, 10, 0)}, '11': {'team': 'TEN', 'date': datetime.datetime(2025, 11, 16, 10, 0)}, '12': {'team': 'BUF', 'date': datetime.datetime(2025, 11, 20, 17, 15)}, '13': {'team': 'IND', 'date': datetime.datetime(2025, 11, 30, 10, 0)}, '14': {'team': 'KC', 'date': datetime.datetime(2025, 12, 7, 17, 20)}, '15': {'team': 'ARI', 'date': datetime.datetime(2025, 12, 14, 10, 0)}, '16': {'team': 'LV', 'date': datetime.datetime(2025, 12, 21, 13, 25)}, '17': {'team': 'LAC', 'date': datetime.datetime(2025, 12, 27, 13, 30)}, '18': {'team': 'IND', 'date': datetime.datetime(2026, 1, 4, 10, 0)}}","['RB', 'RB/WR', 'RB/WR/TE', 'OP', 'BE', 'IR']",BE,,,,,,,,,,,,,,,,,,,,,,,,,,,,,,,,,,,,,,,,,,,,,,,,,,,,,,,,,,,,,,,,,,,,,,,,,,,,2.0,,,,,,,,,,,,,,,,,,,,,,,,,,,,,,,,,,,,,,,,,,,,,,,,,,,,,,,,,,,,,,,,,,,,,,,,,,,,,,,,,,,,,,,,,,,,,,,,,,,,,,,,,,,,,,,,,,,,,,,,,,,,,,,,,,,,,,,,,,,,,,,,,,,,,,,,,,,,,,,,,,,,,2025,,,,20.0,1.0,,,,,,,,,,,,,,,,,,,,,,,,,,,,,36.94417095,4.517826,,
181.0,10.65,142.15,8.36,1.0,0.35294118,,1.0,,,,,,,,,,,,6.0,,,,,,,,,,,,,,,,,,1.0,1.0,7.0,9.0,155.0,,,17.0,,,,,,,,,,,,,,,,,,,,,,,,,,,,,,,,,,,,,,,,,,,17.0,Brandon Aubrey,DAL,DRAFT,3,3953687,13,The Ralph Dudes,K,"{'1': {'team': 'PHI', 'date': datetime.datetime(2025, 9, 4, 17, 20)}, '2': {'team': 'NYG', 'date': datetime.datetime(2025, 9, 14, 10, 0)}, '3': {'team': 'CHI', 'date': datetime.datetime(2025, 9, 21, 13, 25)}, '4': {'team': 'GB', 'date': datetime.datetime(2025, 9, 28, 17, 20)}, '5': {'team': 'NYJ', 'date': datetime.datetime(2025, 10, 5, 10, 0)}, '6': {'team': 'CAR', 'date': datetime.datetime(2025, 10, 12, 10, 0)}, '7': {'team': 'WSH', 'date': datetime.datetime(2025, 10, 19, 13, 25)}, '8': {'team': 'DEN', 'date': datetime.datetime(2025, 10, 26, 13, 25)}, '9': {'team': 'ARI', 'date': datetime.datetime(2025, 11, 3, 17, 15)}, '11': {'team': 'LV', 'date': datetime.datetime(2025, 11, 17, 17, 15)}, '12': {'team': 'PHI', 'date': datetime.datetime(2025, 11, 23, 13, 25)}, '13': {'team': 'KC', 'date': datetime.datetime(2025, 11, 27, 13, 30)}, '14': {'team': 'DET', 'date': datetime.datetime(2025, 12, 4, 17, 15)}, '15': {'team': 'MIN', 'date': datetime.datetime(2025, 12, 14, 17, 20)}, '16': {'team': 'LAC', 'date': datetime.datetime(2025, 12, 21, 10, 0)}, '17': {'team': 'WSH', 'date': datetime.datetime(2025, 12, 25, 10, 0)}, '18': {'team': 'NYG', 'date': datetime.datetime(2026, 1, 4, 10, 0)}}","['K', 'BE', 'IR']",K,,,,,,,,,,,,,,,,,,,,,,,,,,,,,,,,,,,,,,,,,,,,,,,,,,,,,,,,,,,,,,,,,,,,,,,,,,,,,,11.0,17.0,10.0,10.0,,15.0,15.0,,36.0,42.0,6.0,47.0,48.0,1.0,8.0,13.0,5.212783373,7.103847294,1.891063921,7.667979544,9.185439757,1.517460213,16.58434452,16.75186315,0.167518632,29.46510744,33.0411502,3.576042765,39.23941727,40.0402217,0.800804434,5.212783373,7.103847294,1.891063921,,,,,,,,,,,,,,,,,,,,,,,,,,,,,,,,,,,,,,,,,,,,,,,,,,,,,,,,,,,,,,,,,,,,,,,,,,,,,,,,,,,,,,,6.0,5.0,4.0,1.0,,,,,,,,,,,,,3.0,,,,,,,,,,,,,,,,,,,,,,,,,,,2025,,,,1.0,,1474.0,344.0,1818.0,290.0,141.0,67.0,50.0,20.0,8.0,67.0,32.0,14.0,12.0,6.0,357.0,175.0,82.0,65.0,28.0,10.0,,1.0,1124.079717,175.4287203,1299.508438,,,,,,,
179.0,11.19,53.03,3.12,7.0,0.8125,1.0,,,,,,,,,,,,,1.85714286,72.0,45.6875,6.0,139.0,67.0,31.0,21.0,5.0,6.0,107.0,352.0,10.15277778,1.0,1.0,1.0,1.0,1.0,,1.0,4.0,12.0,42.0,1.0,1.0,16.0,,,,,,,,,,,,,,,,,13.79512707,1.094892616,0.074519803,0.091700779,0.059926459,46.0,23.0,11.0,9.0,4.0,23.61195662,,,0.088631656,0.002741185,34.67766418,9.932135823,0.074519803,0.001194933,,0.271575686,0.271575686,,0.152082384,0.152082384,0.152082384,17.0,Harold Fannin Jr.,CLE,ADD,5,5083076,13,The Ralph Dudes,TE,"{'1': {'team': 'CIN', 'date': datetime.datetime(2025, 9, 7, 10, 0)}, '2': {'team': 'BAL', 'date': datetime.datetime(2025, 9, 14, 10, 0)}, '3': {'team': 'GB', 'date': datetime.datetime(2025, 9, 21, 10, 0)}, '4': {'team': 'DET', 'date': datetime.datetime(2025, 9, 28, 10, 0)}, '5': {'team': 'MIN', 'date': datetime.datetime(2025, 10, 5, 6, 30)}, '6': {'team': 'PIT', 'date': datetime.datetime(2025, 10, 12, 10, 0)}, '7': {'team': 'MIA', 'date': datetime.datetime(2025, 10, 19, 10, 0)}, '8': {'team': 'NE', 'date': datetime.datetime(2025, 10, 26, 10, 0)}, '10': {'team': 'NYJ', 'date': datetime.datetime(2025, 11, 9, 10, 0)}, '11': {'team': 'BAL', 'date': datetime.datetime(2025, 11, 16, 13, 25)}, '12': {'team': 'LV', 'date': datetime.datetime(2025, 11, 23, 13, 5)}, '13': {'team': 'SF', 'date': datetime.datetime(2025, 11, 30, 10, 0)}, '14': {'team': 'TEN', 'date': datetime.datetime(2025, 12, 7, 10, 0)}, '15': {'team': 'CHI', 'date': datetime.datetime(2025, 12, 14, 10, 0)}, '16': {'team': 'BUF', 'date': datetime.datetime(2025, 12, 21, 10, 0)}, '17': {'team': 'PIT', 'date': datetime.datetime(2025, 12, 28, 10, 0)}, '18': {'team': 'CIN', 'date': datetime.datetime(2026, 1, 4, 10, 0)}}","['Rookie', 'WR/TE', 'TE', 'RB/WR/TE', 'OP', 'BE', 'IR']",TE,,,1.0,1.0,,,,,,,,,,,,,,,2.0,1.0,,,,,,,,,,,,,,,,,,,,,,,,,,,,,,,,,,,,,,,,,,,,,,,,,,,,,2.0,1.0,,,,,,,,,,,,,,,,,,,,,,,,,,,,,,,,,,,,,,,,,,,,,,,,,,,,,,,,,,,,,,,,,,,,,,,,,,,,,,,,,,,,,,,,,,,,,,,,,,,,,,,,,,,,,,,,,,,,,,,,,,,,,,,,,,,,,,,,,,,,,,,,,,,,,,,,,,,,,,,,,,,,,,,2025,,,,2.0,32.0,,,,,,,,,,,,,,,,,,,,,,,,,,,,,,11.1470155,,
151.0,8.88,129.75,7.63,11.0,3.0,,6.0,1.0,,,,,,,,,,,4.63636364,57.0,40.94117647,5.0,132.0,63.0,28.0,19.0,5.0,4.0,92.0,291.0,12.21052632,,,,,,2.0,2.0,3.0,14.0,30.0,,,17.0,7.942902974,2.786798585,0.391187063,0.02119613,9.0,4.0,2.0,1.0,,1.0,,0.014629674,0.010240772,0.0054715,0.000186721,5.964516512,36.5606804,2.577770406,0.144404178,0.23762765,0.155289669,124.0,62.0,31.0,24.0,12.0,44.00780863,,,0.704402179,0.021785634,73.13035878,14.123211,0.165600308,0.003448043,0.119814068,0.663832178,0.783646246,0.055114471,0.371746019,0.426860491,0.426860491,17.0,Tre Tucker,LV,ADD,38,4428718,13,The Ralph Dudes,BE,"{'1': {'team': 'NE', 'date': datetime.datetime(2025, 9, 7, 10, 0)}, '2': {'team': 'LAC', 'date': datetime.datetime(2025, 9, 15, 19, 0)}, '3': {'team': 'WSH', 'date': datetime.datetime(2025, 9, 21, 10, 0)}, '4': {'team': 'CHI', 'date': datetime.datetime(2025, 9, 28, 13, 25)}, '5': {'team': 'IND', 'date': datetime.datetime(2025, 10, 5, 10, 0)}, '6': {'team': 'TEN', 'date': datetime.datetime(2025, 10, 12, 13, 5)}, '7': {'team': 'KC', 'date': datetime.datetime(2025, 10, 19, 10, 0)}, '9': {'team': 'JAX', 'date': datetime.datetime(2025, 11, 2, 13, 5)}, '10': {'team': 'DEN', 'date': datetime.datetime(2025, 11, 6, 17, 15)}, '11': {'team': 'DAL', 'date': datetime.datetime(2025, 11, 17, 17, 15)}, '12': {'team': 'CLE', 'date': datetime.datetime(2025, 11, 23, 13, 5)}, '13': {'team': 'LAC', 'date': datetime.datetime(2025, 11, 30, 13, 25)}, '14': {'team': 'DEN', 'date': datetime.datetime(2025, 12, 7, 13, 5)}, '15': {'team': 'PHI', 'date': datetime.datetime(2025, 12, 14, 10, 0)}, '16': {'team': 'HOU', 'date': datetime.datetime(2025, 12, 21, 13, 25)}, '17': {'team': 'NYG', 'date': datetime.datetime(2025, 12, 28, 13, 5)}, '18': {'team': 'KC', 'date': datetime.datetime(2026, 1, 4, 13, 25)}}","['RB/WR', 'WR', 'WR/TE', 'RB/WR/TE', 'OP', 'BE', 'IR']",BE,1.0,1.0,1.0,1.0,,,23.0,2.0,,0.256990387,0.147410667,933.2808781,231.9905583,93.0,37.0,23.0,9.0,,1.0,1.0,,,,,,,,,,,,,,,,,,,,,,,,,,,,,,,,,,,,,,,,,,,,,,,,,,,,,2.0,,,,,,,,,,,,,,,,,,,,,,,,,,,,,,,,,,,,,,,,,,,,,,,,,,,,,,,,,,49.0,3.0,,,,,,,,,,,,,,,,,,,,,,,,,,,,,,,,,,,,,,,,,,,,,,,,,,,,,,,,,,,,,,,,,,,,,,,,,,,,,,,,,,,,,,,,,,,,,,,,,,,,,,,,,,,,,2025,,,,1.0,32.0,,,,,,,,,,,,,,,,,,,,,,,,,,,,,4.445828593,27.07461404,,
131.0,8.19,178.51,10.5,2.0,-0.125,,,,,,,,,,,,,,-1.0,58.0,35.375,4.0,105.0,51.0,21.0,15.0,5.0,5.0,88.0,144.0,9.75862069,,1.0,,1.0,1.0,2.0,2.0,7.0,9.0,24.0,,,16.0,,,,,,,,,,,,,,,,,46.22339356,4.220731071,0.302084031,0.118992986,0.077761916,157.0,78.0,39.0,31.0,15.0,74.69308871,,,1.328207874,0.041078594,109.4279134,10.52035341,0.302084031,0.00309843,,0.704188604,0.704188604,,0.394345618,0.394345618,0.394345618,17.0,Josh Downs,IND,ADD,43,4688813,13,The Ralph Dudes,RB/WR/TE,"{'1': {'team': 'MIA', 'date': datetime.datetime(2025, 9, 7, 10, 0)}, '2': {'team': 'DEN', 'date': datetime.datetime(2025, 9, 14, 13, 5)}, '3': {'team': 'TEN', 'date': datetime.datetime(2025, 9, 21, 10, 0)}, '4': {'team': 'LAR', 'date': datetime.datetime(2025, 9, 28, 13, 5)}, '5': {'team': 'LV', 'date': datetime.datetime(2025, 10, 5, 10, 0)}, '6': {'team': 'ARI', 'date': datetime.datetime(2025, 10, 12, 10, 0)}, '7': {'team': 'LAC', 'date': datetime.datetime(2025, 10, 19, 13, 5)}, '8': {'team': 'TEN', 'date': datetime.datetime(2025, 10, 26, 13, 25)}, '9': {'team': 'PIT', 'date': datetime.datetime(2025, 11, 2, 10, 0)}, '10': {'team': 'ATL', 'date': datetime.datetime(2025, 11, 9, 6, 30)}, '12': {'team': 'KC', 'date': datetime.datetime(2025, 11, 23, 10, 0)}, '13': {'team': 'HOU', 'date': datetime.datetime(2025, 11, 30, 10, 0)}, '14': {'team': 'JAX', 'date': datetime.datetime(2025, 12, 7, 10, 0)}, '15': {'team': 'SEA', 'date': datetime.datetime(2025, 12, 14, 13, 25)}, '16': {'team': 'SF', 'date': datetime.datetime(2025, 12, 22, 17, 15)}, '17': {'team': 'JAX', 'date': datetime.datetime(2025, 12, 28, 10, 0)}, '18': {'team': 'HOU', 'date': datetime.datetime(2026, 1, 4, 10, 0)}}","['RB/WR', 'WR', 'WR/TE', 'RB/WR/TE', 'OP', 'BE', 'IR']",RB/WR/TE,,,,,,,,,,,0.11039616,,227.6355252,,,22.0,9.0,,3.0,,,,,,,,,,,,,,,,,,,,,,,,,,,,,,,,,,,,,,,,,,,,,,,,,,,,,,1.0,,,,,,,,,,,,,,,,,,,,,,,,,,,,,,,,,,,,,,,,,,,,,,,,,,,,,,,,,,68.0,6.0,1.0,,,,,,,,,,,,,,,,,,,,,,,,,,,,,,,,,,,,,,,,,,,,,,,,,,,,,,,,,,,,,,,,,,,,,,,,,,,,,,,,,,,,,,,,,,,,,,,,,,,,,,,,,,,,2025,,,,,36.0,,,,,,,,,,,,,,,,,,,,,,,,,,,,,,39.27044889,,
124.0,8.27,0.0,0.0,,,,,,,,,,,,,,,,,49.0,44.26666667,3.0,126.0,59.0,27.0,19.0,7.0,5.0,69.0,221.0,13.55102041,,1.0,,1.0,1.0,,1.0,9.0,6.0,18.0,,,15.0,,,,,,,,,,,,,,,,,,,,,,,,,,,,,,,,,,,,,,,,,,,,Oronde Gadsden,LAC,ADD,16,4595342,13,The Ralph Dudes,BE,"{'1': {'team': 'KC', 'date': datetime.datetime(2025, 9, 5, 17, 0)}, '2': {'team': 'LV', 'date': datetime.datetime(2025, 9, 15, 19, 0)}, '3': {'team': 'DEN', 'date': datetime.datetime(2025, 9, 21, 13, 5)}, '4': {'team': 'NYG', 'date': datetime.datetime(2025, 9, 28, 10, 0)}, '5': {'team': 'WSH', 'date': datetime.datetime(2025, 10, 5, 13, 25)}, '6': {'team': 'MIA', 'date': datetime.datetime(2025, 10, 12, 10, 0)}, '7': {'team': 'IND', 'date': datetime.datetime(2025, 10, 19, 13, 5)}, '8': {'team': 'MIN', 'date': datetime.datetime(2025, 10, 23, 17, 15)}, '9': {'team': 'TEN', 'date': datetime.datetime(2025, 11, 2, 10, 0)}, '10': {'team': 'PIT', 'date': datetime.datetime(2025, 11, 9, 17, 20)}, '11': {'team': 'JAX', 'date': datetime.datetime(2025, 11, 16, 10, 0)}, '13': {'team': 'LV', 'date': datetime.datetime(2025, 11, 30, 13, 25)}, '14': {'team': 'PHI', 'date': datetime.datetime(2025, 12, 8, 17, 15)}, '15': {'team': 'KC', 'date': datetime.datetime(2025, 12, 14, 10, 0)}, '16': {'team': 'DAL', 'date': datetime.datetime(2025, 12, 21, 10, 0)}, '17': {'team': 'HOU', 'date': datetime.datetime(2025, 12, 27, 13, 30)}, '18': {'team': 'DEN', 'date': datetime.datetime(2026, 1, 4, 13, 25)}}","['Rookie', 'WR/TE', 'TE', 'RB/WR/TE', 'OP', 'BE', 'IR']",BE,,,1.0,1.0,1.0,1.0,,,,,,,,,,,,,2.0,,,,,,,,,,,,,,,,,,,,,,,,,,,,,,,,,,,,,,,,,,,,,,,,,,,,,,1.0,1.0,,,,,,,,,,,,,,,,,,,,,,,,,,,,,,,,,,,,,,,,,,,,,,,,,,,,,,,,,,,,,,,,,,,,,,,,,,,,,,,,,,,,,,,,,,,,,,,,,,,,,,,,,,,,,,,,,,,,,,,,,,,,,,,,,,,,,,,,,,,,,,,,,,,,,,,,,,,,,,,,,,,,,,,2025,,,,,28.0,,,,,,,,,,,,,,,,,,,,,,,,,,,,,,,,
194.0,11.41,206.84,12.17,146.0,31.76470588,7.0,103.0,47.0,20.0,16.0,5.0,,21.0,7.0,1.0,,,,3.69863014,47.0,20.94117647,5.0,67.0,30.0,12.0,8.0,2.0,3.0,58.0,360.0,7.57446809,1.0,1.0,1.0,1.0,1.0,,,14.0,3.0,72.0,5.0,,17.0,187.8089961,49.06850546,5.129153831,0.299834498,166.0,83.0,41.0,33.0,16.0,37.0,18.0,0.37970662,0.265794634,1.800181985,0.061433305,4.441558232,20.59357688,2.173295157,0.115463022,0.051234281,0.033481603,70.0,35.0,17.0,14.0,7.0,45.98013341,,,0.167137957,0.005169215,59.5354036,7.61395805,0.41529752,0.008437134,1.540402933,0.377127474,1.917530407,0.708585349,0.211191386,0.919776735,0.919776735,17.0,RJ Harvey,DEN,ADD,19,4568490,13,The Ralph Dudes,RB,"{'1': {'team': 'TEN', 'date': datetime.datetime(2025, 9, 7, 13, 5)}, '2': {'team': 'IND', 'date': datetime.datetime(2025, 9, 14, 13, 5)}, '3': {'team': 'LAC', 'date': datetime.datetime(2025, 9, 21, 13, 5)}, '4': {'team': 'CIN', 'date': datetime.datetime(2025, 9, 29, 17, 15)}, '5': {'team': 'PHI', 'date': datetime.datetime(2025, 10, 5, 10, 0)}, '6': {'team': 'NYJ', 'date': datetime.datetime(2025, 10, 12, 6, 30)}, '7': {'team': 'NYG', 'date': datetime.datetime(2025, 10, 19, 13, 5)}, '8': {'team': 'DAL', 'date': datetime.datetime(2025, 10, 26, 13, 25)}, '9': {'team': 'HOU', 'date': datetime.datetime(2025, 11, 2, 10, 0)}, '10': {'team': 'LV', 'date': datetime.datetime(2025, 11, 6, 17, 15)}, '11': {'team': 'KC', 'date': datetime.datetime(2025, 11, 16, 13, 25)}, '13': {'team': 'WSH', 'date': datetime.datetime(2025, 11, 30, 17, 20)}, '14': {'team': 'LV', 'date': datetime.datetime(2025, 12, 7, 13, 5)}, '15': {'team': 'GB', 'date': datetime.datetime(2025, 12, 14, 13, 25)}, '16': {'team': 'JAX', 'date': datetime.datetime(2025, 12, 21, 13, 5)}, '17': {'team': 'KC', 'date': datetime.datetime(2025, 12, 25, 17, 15)}, '18': {'team': 'LAC', 'date': datetime.datetime(2026, 1, 4, 13, 25)}}","['Rookie', 'RB', 'RB/WR', 'RB/WR/TE', 'OP', 'BE', 'IR']",RB,,,,,,,353.0,32.0,12.0,,,,,,,,,,3.0,1.0,1.0,,1.0,,,,,,,,,,,,,,,,,,,,1.0,,,,,,,,,,,,,,,,,,,,,,,,,,,,,,1.0,,,,,,,,,,,,,,,,,,,,,,,,,,,,,,,,,,,,,,,,,,,,,,,,,,,,,,,,,,,,,,,,,,,,,,,,,,,,,,,,,,,,,,,,,,,,,,,,,,,,,,,,,,,,,,,,,,,,,,,,,,,1.0,1.0,,,,,,,,,,,,,,,,,,,,,,,,,,,,,,,,,,,,,,,,,,,,2025,,,,28.0,18.0,,,,,,,,,,,,,,,,,,,,,,,,,,,,,45.4716133,19.87350409,,
200.0,14.29,280.25,16.49,48.0,14.92857143,1.0,40.0,18.0,6.0,5.0,,,3.0,,,,,,4.35416667,,,,,,,,,,,,,2.0,2.0,,,8.0,,,9.0,5.0,120.0,1.0,,14.0,50.98552357,14.12645217,0.867203356,0.052354524,48.0,24.0,12.0,9.0,4.0,10.0,5.0,0.096096376,0.067267463,0.14720534,0.005023553,4.710154375,,,,,,,,,,,,,,,,,,1.353875168,0.037484648,0.638088982,,8.519238269,0.293520932,,4.076472589,15.11665377,17.0,C.J. Stroud,HOU,ADD,21,4432577,13,The Ralph Dudes,QB,"{'1': {'team': 'LAR', 'date': datetime.datetime(2025, 9, 7, 13, 25)}, '2': {'team': 'TB', 'date': datetime.datetime(2025, 9, 15, 16, 0)}, '3': {'team': 'JAX', 'date': datetime.datetime(2025, 9, 21, 10, 0)}, '4': {'team': 'TEN', 'date': datetime.datetime(2025, 9, 28, 10, 0)}, '5': {'team': 'BAL', 'date': datetime.datetime(2025, 10, 5, 10, 0)}, '7': {'team': 'SEA', 'date': datetime.datetime(2025, 10, 20, 19, 0)}, '8': {'team': 'SF', 'date': datetime.datetime(2025, 10, 26, 10, 0)}, '9': {'team': 'DEN', 'date': datetime.datetime(2025, 11, 2, 10, 0)}, '10': {'team': 'JAX', 'date': datetime.datetime(2025, 11, 9, 10, 0)}, '11': {'team': 'TEN', 'date': datetime.datetime(2025, 11, 16, 10, 0)}, '12': {'team': 'BUF', 'date': datetime.datetime(2025, 11, 20, 17, 15)}, '13': {'team': 'IND', 'date': datetime.datetime(2025, 11, 30, 10, 0)}, '14': {'team': 'KC', 'date': datetime.datetime(2025, 12, 7, 17, 20)}, '15': {'team': 'ARI', 'date': datetime.datetime(2025, 12, 14, 10, 0)}, '16': {'team': 'LV', 'date': datetime.datetime(2025, 12, 21, 13, 25)}, '17': {'team': 'LAC', 'date': datetime.datetime(2025, 12, 27, 13, 30)}, '18': {'team': 'IND', 'date': datetime.datetime(2026, 1, 4, 10, 0)}}","['QB', 'OP', 'BE', 'IR']",QB,,,,,,,,,,,,,,,,,,,,,423.0,273.0,150.0,217.21428571,19.0,600.0,296.0,146.0,116.0,54.0,24.0,49.0,22.0,23.0,8.0,4.0,3.0,1.0,,8.0,0.64539007,23.0,1.0,7.0,5.0,2.0,1.0,583.7779654,374.6893667,209.0885987,263.3815221,24.83658508,895.0,447.0,223.0,179.0,89.0,44.0,74.0,37.0,3.943627631,2.577160657,4.656488258,0.62896947,1.301520644,11.04018118,0.641835405,45.95320674,7.881149287,3.782951658,,,,,,,,,,,,,,,,,,,,,,,,,,,,,,,,,,,,,,,,,,,,,,,,,,,,,,,,,,,,,,,,,,,,,,,,,,,,,,,,,,,,,,,,,,,,,,,,,,,,,,,,,,,,,,,,,,,,,,,,,,,,,,,,,,,,,,,,,,,,,,,,,,,,,,,,,,,,,,,,,,,,,,,,,,,2025,,,136.0,17.0,,,,,,,,,,,,,,,,,,,,,,,,,,,,,,13.92475566,,209.1729683,
62.0,3.65,89.36,5.26,,,,,,,,,,,,,,,,,,,,,,,,,,,,,,,,,,617.0,1160.0,12.0,5.0,,,,17.0,,,,,,,,,,,,,,,,,,,,,,,,,,,,,,,,,,,,,,,,,,,17.0,49ers D/ST,SF,ADD,24,-16025,13,The Ralph Dudes,D/ST,"{'1': {'team': 'SEA', 'date': datetime.datetime(2025, 9, 7, 13, 5)}, '2': {'team': 'NO', 'date': datetime.datetime(2025, 9, 14, 10, 0)}, '3': {'team': 'ARI', 'date': datetime.datetime(2025, 9, 21, 13, 25)}, '4': {'team': 'JAX', 'date': datetime.datetime(2025, 9, 28, 13, 5)}, '5': {'team': 'LAR', 'date': datetime.datetime(2025, 10, 2, 17, 15)}, '6': {'team': 'TB', 'date': datetime.datetime(2025, 10, 12, 13, 25)}, '7': {'team': 'ATL', 'date': datetime.datetime(2025, 10, 19, 17, 20)}, '8': {'team': 'HOU', 'date': datetime.datetime(2025, 10, 26, 10, 0)}, '9': {'team': 'NYG', 'date': datetime.datetime(2025, 11, 2, 10, 0)}, '10': {'team': 'LAR', 'date': datetime.datetime(2025, 11, 9, 13, 25)}, '11': {'team': 'ARI', 'date': datetime.datetime(2025, 11, 16, 13, 5)}, '12': {'team': 'CAR', 'date': datetime.datetime(2025, 11, 24, 17, 15)}, '13': {'team': 'CLE', 'date': datetime.datetime(2025, 11, 30, 10, 0)}, '15': {'team': 'TEN', 'date': datetime.datetime(2025, 12, 14, 13, 25)}, '16': {'team': 'IND', 'date': datetime.datetime(2025, 12, 22, 17, 15)}, '17': {'team': 'CHI', 'date': datetime.datetime(2025, 12, 28, 17, 20)}, '18': {'team': 'SEA', 'date': datetime.datetime(2026, 1, 3, 17, 0)}}","['D/ST', 'BE', 'IR']",D/ST,,,,,,,1385.0,134.0,47.0,0.408493825,0.145304371,1483.477576,248.6157395,148.0,59.0,24.0,9.0,,,,,,,,,,,,,,,,,,,,,,,,,,,,,,,,,,,,,,,,,,,,,,,,,,,,,,,,,543.0,,,13.0,,,,,,,,,,,,,,,,,,,,,,,,,,,,,,,,,,,10.0,0.0,0.0,6.0,0.0,1.0,6.0,1.0,,20.0,40.0,,,1.0,1.0,381.0,226.0,64.0,56.0,291.0,21.0,7.0,363.0,1.0,7.0,2.0,1.0,5784.0,0.0,0.0,6.0,4.0,2.0,2.0,3.0,0.0,0.0,0.0,0.0,6.0,0.0,1.0,7.0,2.0,1.0,0.132546981,0.594762095,2.328068772,2.447021192,0.11918287,1.764426014,13.36409389,8.235216198,1.792283997,0.235473408,40.71529172,81.43058344,1.203936433,0.560489581,2.43740708,12.66956338,1059.488092,353.0,211.0,76.25839888,386.3382716,2.464014394,3.976409436,3.177728908,1.665333866,0.214114354,22.72578068,6133.642919,0.195236431,2.207020522,3.115294353,4.295201478,3.726469266,2.291905927,0.89978529,0.269086733,360.8025247,,,,,,,,,,,,,,,,,,,,,,,,,,,,,,,,,,,,,,,,,,,,,,,,2025,,,,,,,,,,,,,,,,,,,,,,,,,,,,,,,,,,,,,42.06250916
402.0,23.65,317.37,18.67,311.0,70.70588235,10.0,233.0,112.0,52.0,41.0,17.0,4.0,54.0,24.0,,,4.0,,3.86495177,102.0,54.35294118,7.0,177.0,86.0,39.0,28.0,10.0,14.0,129.0,720.0,9.05882353,1.0,2.0,,,,3.0,4.0,12.0,5.0,102.0,9.0,,17.0,256.4847583,68.77291395,8.375111279,0.276521491,233.0,116.0,58.0,46.0,23.0,51.0,25.0,0.536141816,0.375299271,3.536271037,0.120679363,4.558319742,35.95490259,3.440508084,0.144624994,0.094427601,0.061708437,122.0,61.0,30.0,24.0,12.0,71.55861391,,,0.662564194,0.020491676,89.66464807,8.541715814,0.421146485,0.013710151,2.436238797,0.679704606,3.115943403,1.120669847,0.380634579,1.501304426,1.501304426,17.0,Christian McCaffrey,SF,DRAFT,1,3117251,14,Luke's Cool Guys,RB,"{'1': {'team': 'SEA', 'date': datetime.datetime(2025, 9, 7, 13, 5)}, '2': {'team': 'NO', 'date': datetime.datetime(2025, 9, 14, 10, 0)}, '3': {'team': 'ARI', 'date': datetime.datetime(2025, 9, 21, 13, 25)}, '4': {'team': 'JAX', 'date': datetime.datetime(2025, 9, 28, 13, 5)}, '5': {'team': 'LAR', 'date': datetime.datetime(2025, 10, 2, 17, 15)}, '6': {'team': 'TB', 'date': datetime.datetime(2025, 10, 12, 13, 25)}, '7': {'team': 'ATL', 'date': datetime.datetime(2025, 10, 19, 17, 20)}, '8': {'team': 'HOU', 'date': datetime.datetime(2025, 10, 26, 10, 0)}, '9': {'team': 'NYG', 'date': datetime.datetime(2025, 11, 2, 10, 0)}, '10': {'team': 'LAR', 'date': datetime.datetime(2025, 11, 9, 13, 25)}, '11': {'team': 'ARI', 'date': datetime.datetime(2025, 11, 16, 13, 5)}, '12': {'team': 'CAR', 'date': datetime.datetime(2025, 11, 24, 17, 15)}, '13': {'team': 'CLE', 'date': datetime.datetime(2025, 11, 30, 10, 0)}, '15': {'team': 'TEN', 'date': datetime.datetime(2025, 12, 14, 13, 25)}, '16': {'team': 'IND', 'date': datetime.datetime(2025, 12, 22, 17, 15)}, '17': {'team': 'CHI', 'date': datetime.datetime(2025, 12, 28, 17, 20)}, '18': {'team': 'SEA', 'date': datetime.datetime(2026, 1, 3, 17, 0)}}","['RB', 'RB/WR', 'RB/WR/TE', 'OP', 'BE', 'IR']",RB,,,,,1.0,,,,,,,,,,,,,1.0,7.0,,1.0,,1.0,,,,,,,,,,,,,,,,,,,,1.0,,,,,,,,,,,,,,,,,,,,,,,,,,,,,,,1.0,1.0,,,,,,,,,,,,,,,,,,,,,,,,,,,,,,,,,,,,,,,,,,,,,,,,,,,,,,,,,,,,,,,,,,,,,,,,,,,,,,,,,,,,,,,,,,,,,,,,,,,,,,,,,,,,,,,,,,,,,,,,,,,,,,,,,,,,,,,,,,,,,,,,,,,,,,,,,,,,,,,,,,,,,,2025,,,,71.0,48.0,,,,,,,,,,,,,,,,,,,,,,,,,,,,,63.3742883,33.42315335,,
217.0,14.47,288.51,16.97,2.0,1.0,1.0,2.0,,,,,,,,,,,,7.5,71.0,74.46666667,6.0,218.0,104.0,47.0,40.0,16.0,5.0,120.0,324.0,15.73239437,,1.0,,1.0,1.0,,,10.0,5.0,44.0,1.0,,15.0,,,,,,,,,,,,,,,,,81.5373684,8.424741013,0.441941611,0.357628328,0.233710113,277.0,138.0,69.0,55.0,27.0,100.2469492,,,5.300057636,0.163919308,146.5523778,13.82720646,0.441941611,0.00470301,,1.068865964,1.068865964,,0.59856494,0.59856494,0.59856494,17.0,Nico Collins,HOU,DRAFT,8,4258173,14,Luke's Cool Guys,WR,"{'1': {'team': 'LAR', 'date': datetime.datetime(2025, 9, 7, 13, 25)}, '2': {'team': 'TB', 'date': datetime.datetime(2025, 9, 15, 16, 0)}, '3': {'team': 'JAX', 'date': datetime.datetime(2025, 9, 21, 10, 0)}, '4': {'team': 'TEN', 'date': datetime.datetime(2025, 9, 28, 10, 0)}, '5': {'team': 'BAL', 'date': datetime.datetime(2025, 10, 5, 10, 0)}, '7': {'team': 'SEA', 'date': datetime.datetime(2025, 10, 20, 19, 0)}, '8': {'team': 'SF', 'date': datetime.datetime(2025, 10, 26, 10, 0)}, '9': {'team': 'DEN', 'date': datetime.datetime(2025, 11, 2, 10, 0)}, '10': {'team': 'JAX', 'date': datetime.datetime(2025, 11, 9, 10, 0)}, '11': {'team': 'TEN', 'date': datetime.datetime(2025, 11, 16, 10, 0)}, '12': {'team': 'BUF', 'date': datetime.datetime(2025, 11, 20, 17, 15)}, '13': {'team': 'IND', 'date': datetime.datetime(2025, 11, 30, 10, 0)}, '14': {'team': 'KC', 'date': datetime.datetime(2025, 12, 7, 17, 20)}, '15': {'team': 'ARI', 'date': datetime.datetime(2025, 12, 14, 10, 0)}, '16': {'team': 'LV', 'date': datetime.datetime(2025, 12, 21, 13, 25)}, '17': {'team': 'LAC', 'date': datetime.datetime(2025, 12, 27, 13, 30)}, '18': {'team': 'IND', 'date': datetime.datetime(2026, 1, 4, 10, 0)}}","['RB/WR', 'WR', 'WR/TE', 'RB/WR/TE', 'OP', 'BE', 'IR']",WR,2.0,2.0,3.0,3.0,1.0,1.0,,,,,,,,,,,,,2.0,1.0,,,,,,,,,,,,,,,,,,,,,,,,,,,,,,,,,,,,,,,,,,,,,,,,,,,1.0,,1.0,,,,,,,,,,,,,,,,,,,,,,,,,,,,,,,,,,,,,,,,,,,,,,,,,,,,,,,,,,,,,,,,,,,,,,,,,,,,,,,,,,,,,,,,,,,,,,,,,,,,,,,,,,,,,,,,,,,,,,,,,,,,,,,,,,,,,,,,,,,,,,,,,,,,,,,,,,,,,,,,,,,,,,,,2025,,,,1.0,48.0,,,,,,,,,,,,,,,,,,,,,,,,,,,,,,63.36905727,,
352.0,20.71,240.65,14.16,7.0,2.11764706,,6.0,3.0,,,,,,,,,,,5.14285714,119.0,105.47058824,10.0,350.0,172.0,82.0,62.0,27.0,15.0,163.0,528.0,15.06722689,,3.0,,1.0,1.0,3.0,3.0,14.0,3.0,60.0,,,17.0,6.611281239,2.383324129,0.218705405,0.011488755,8.0,4.0,2.0,1.0,,1.0,,0.012168144,0.008517701,0.003951246,0.000134841,6.128390053,64.24219242,6.406842476,0.363059735,0.225525005,0.147380591,218.0,109.0,54.0,43.0,21.0,88.48978938,,,3.13201808,0.096866539,130.268533,12.34173207,0.37454849,0.005477316,0.086539699,1.158304937,1.244844635,0.039808261,0.648650765,0.688459026,0.688459026,17.0,Jaxon Smith-Njigba,SEA,DRAFT,2,4430878,14,Luke's Cool Guys,WR,"{'1': {'team': 'SF', 'date': datetime.datetime(2025, 9, 7, 13, 5)}, '2': {'team': 'PIT', 'date': datetime.datetime(2025, 9, 14, 10, 0)}, '3': {'team': 'NO', 'date': datetime.datetime(2025, 9, 21, 13, 5)}, '4': {'team': 'ARI', 'date': datetime.datetime(2025, 9, 25, 17, 15)}, '5': {'team': 'TB', 'date': datetime.datetime(2025, 10, 5, 13, 5)}, '6': {'team': 'JAX', 'date': datetime.datetime(2025, 10, 12, 10, 0)}, '7': {'team': 'HOU', 'date': datetime.datetime(2025, 10, 20, 19, 0)}, '9': {'team': 'WSH', 'date': datetime.datetime(2025, 11, 2, 17, 20)}, '10': {'team': 'ARI', 'date': datetime.datetime(2025, 11, 9, 13, 5)}, '11': {'team': 'LAR', 'date': datetime.datetime(2025, 11, 16, 13, 5)}, '12': {'team': 'TEN', 'date': datetime.datetime(2025, 11, 23, 10, 0)}, '13': {'team': 'MIN', 'date': datetime.datetime(2025, 11, 30, 13, 5)}, '14': {'team': 'ATL', 'date': datetime.datetime(2025, 12, 7, 10, 0)}, '15': {'team': 'IND', 'date': datetime.datetime(2025, 12, 14, 13, 25)}, '16': {'team': 'LAR', 'date': datetime.datetime(2025, 12, 18, 17, 15)}, '17': {'team': 'CAR', 'date': datetime.datetime(2025, 12, 28, 10, 0)}, '18': {'team': 'SF', 'date': datetime.datetime(2026, 1, 3, 17, 0)}}","['RB/WR', 'WR', 'WR/TE', 'RB/WR/TE', 'OP', 'BE', 'IR']",WR,3.0,2.0,9.0,9.0,3.0,1.0,,,,,,,,,,,,,3.0,1.0,,,,,,,,,,,,,,,,,,,,,,,,,,,,,,,,,,,,,,,,,,,,,,,,,,,,,3.0,,,,,,,,,,,,,,,,,,,,,,,,,,,,,,,,,,,,,,,,,,,,,,,,,,,,,,,,,,,,,,,,,,,,,,,,,,,,,,,,,,,,,,,,,,,,,,,,,,,,,,,,,,,,,,,,,,,,,,,,,,,,,,,,,,,,,,,,,,,,,,,,,,,,,,,,,,,,,,,,,,,,,,,,2025,,,,2.0,79.0,,,,,,,,,,,,,,,,,,,,,,,,,,,,,4.004744384,51.75619961,,
112.0,7.47,257.31,15.14,134.0,34.06666667,1.0,95.0,44.0,17.0,13.0,3.0,,21.0,7.0,,,,,3.81343284,30.0,14.86666667,3.0,39.0,16.0,7.0,4.0,,1.0,39.0,291.0,7.43333333,1.0,1.0,1.0,1.0,1.0,1.0,1.0,6.0,9.0,24.0,1.0,1.0,15.0,275.9687248,73.08679035,8.498458765,0.445750162,248.0,124.0,62.0,49.0,24.0,55.0,27.0,0.582282573,0.407597801,3.994073979,0.136302421,4.502232769,17.05208117,1.247967602,0.070623817,0.033407393,0.021831732,57.0,28.0,14.0,11.0,5.0,48.78206031,,,0.118816183,0.003674727,60.55182798,5.942458725,0.516373979,0.014206,2.743650453,0.484985833,3.228636285,1.262079208,0.271592066,1.533671275,1.533671275,17.0,Chuba Hubbard,CAR,DRAFT,40,4241416,14,Luke's Cool Guys,BE,"{'1': {'team': 'JAX', 'date': datetime.datetime(2025, 9, 7, 10, 0)}, '2': {'team': 'ARI', 'date': datetime.datetime(2025, 9, 14, 13, 5)}, '3': {'team': 'ATL', 'date': datetime.datetime(2025, 9, 21, 10, 0)}, '4': {'team': 'NE', 'date': datetime.datetime(2025, 9, 28, 10, 0)}, '5': {'team': 'MIA', 'date': datetime.datetime(2025, 10, 5, 10, 0)}, '6': {'team': 'DAL', 'date': datetime.datetime(2025, 10, 12, 10, 0)}, '7': {'team': 'NYJ', 'date': datetime.datetime(2025, 10, 19, 10, 0)}, '8': {'team': 'BUF', 'date': datetime.datetime(2025, 10, 26, 10, 0)}, '9': {'team': 'GB', 'date': datetime.datetime(2025, 11, 2, 10, 0)}, '10': {'team': 'NO', 'date': datetime.datetime(2025, 11, 9, 10, 0)}, '11': {'team': 'ATL', 'date': datetime.datetime(2025, 11, 16, 10, 0)}, '12': {'team': 'SF', 'date': datetime.datetime(2025, 11, 24, 17, 15)}, '13': {'team': 'LAR', 'date': datetime.datetime(2025, 11, 30, 10, 0)}, '15': {'team': 'NO', 'date': datetime.datetime(2025, 12, 14, 13, 25)}, '16': {'team': 'TB', 'date': datetime.datetime(2025, 12, 21, 10, 0)}, '17': {'team': 'SEA', 'date': datetime.datetime(2025, 12, 28, 10, 0)}, '18': {'team': 'TB', 'date': datetime.datetime(2026, 1, 3, 13, 30)}}","['RB', 'RB/WR', 'RB/WR/TE', 'OP', 'BE', 'IR']",BE,,,,,,,233.0,21.0,9.0,,,,,,,,,,1.0,1.0,,,,,,,,,,,,,,,,,,,,,,,1.0,,,,,,,,,,,,,,,,,,,,,,,,,,,,,,,,,,,,,,,,,,,,,,,,,,,,,,,,,,,,,,,,,,,,,,,,,,,,,,,,,,,,,,,,,,,,,,,,,,,,,,,,,,,,,,,,,,,,,,,,,,,,,,,,,,,,,,,,,,,,,,,,,,,,,,,,,,1.0,,,,,,,,,,,,,,,,,,,,,,,,,,,,,,,,,,,,,,,,,,,,2025,,,,31.0,12.0,,,,,,,,,,,,,,,,,,,,,,,,,,,,,67.12616728,18.47354521,,
212.0,12.47,226.65,13.33,,,,,,,,,,,,,,,,,74.0,59.82352941,7.0,197.0,94.0,44.0,32.0,13.0,9.0,124.0,222.0,13.74324324,,,,,,2.0,2.0,14.0,3.0,44.0,,1.0,17.0,,,,,,,,,,,,,,,,,59.37690597,8.651086906,0.459514653,0.197249057,0.128902259,201.0,100.0,50.0,40.0,20.0,75.1500547,,,2.57550181,0.079654695,124.4831166,13.43189177,0.459514653,0.005317033,,1.208416677,1.208416677,,0.676713339,0.676713339,0.676713339,17.0,Courtland Sutton,DEN,DRAFT,12,3128429,14,Luke's Cool Guys,BE,"{'1': {'team': 'TEN', 'date': datetime.datetime(2025, 9, 7, 13, 5)}, '2': {'team': 'IND', 'date': datetime.datetime(2025, 9, 14, 13, 5)}, '3': {'team': 'LAC', 'date': datetime.datetime(2025, 9, 21, 13, 5)}, '4': {'team': 'CIN', 'date': datetime.datetime(2025, 9, 29, 17, 15)}, '5': {'team': 'PHI', 'date': datetime.datetime(2025, 10, 5, 10, 0)}, '6': {'team': 'NYJ', 'date': datetime.datetime(2025, 10, 12, 6, 30)}, '7': {'team': 'NYG', 'date': datetime.datetime(2025, 10, 19, 13, 5)}, '8': {'team': 'DAL', 'date': datetime.datetime(2025, 10, 26, 13, 25)}, '9': {'team': 'HOU', 'date': datetime.datetime(2025, 11, 2, 10, 0)}, '10': {'team': 'LV', 'date': datetime.datetime(2025, 11, 6, 17, 15)}, '11': {'team': 'KC', 'date': datetime.datetime(2025, 11, 16, 13, 25)}, '13': {'team': 'WSH', 'date': datetime.datetime(2025, 11, 30, 17, 20)}, '14': {'team': 'LV', 'date': datetime.datetime(2025, 12, 7, 13, 5)}, '15': {'team': 'GB', 'date': datetime.datetime(2025, 12, 14, 13, 25)}, '16': {'team': 'JAX', 'date': datetime.datetime(2025, 12, 21, 13, 5)}, '17': {'team': 'KC', 'date': datetime.datetime(2025, 12, 25, 17, 15)}, '18': {'team': 'LAC', 'date': datetime.datetime(2026, 1, 4, 13, 25)}}","['RB/WR', 'WR', 'WR/TE', 'RB/WR/TE', 'OP', 'BE', 'IR']",BE,1.0,1.0,2.0,2.0,,,,,,,,,,,,,,,,2.0,,,,,,,,,,,,,,,,,,,,,,1.0,,,,,,,,,,,,,,,,,,,,,,,,,,,,,1.0,,3.0,,,,,,,,,,,,,,,,,,,,,,,,,,,,,,,,,,,,,,,,,,,,,,,,,,,,,,,,,,,,,,,,,,,,,,,,,,,,,,,,,,,,,,,,,,,,,,,,,,,,,,,,,,,,,,,,,,,,,,,,,,,,,,,,,,,,,,,,,,,,,,,,,,,,,,,,,,,,,,,,,,,,,,,,2025,,,,,52.0,,,,,,,,,,,,,,,,,,,,,,,,,,,,,,47.35252692,,
204.0,12.0,234.68,13.8,,,,,,,,,,,,,,,,,70.0,59.64705882,7.0,197.0,94.0,44.0,32.0,11.0,7.0,122.0,269.0,14.48571429,,1.0,,1.0,1.0,3.0,3.0,8.0,9.0,42.0,,,17.0,,,,,,,,,,,,,,,,,66.22630426,6.670364173,0.377449401,0.240295859,0.157033344,225.0,112.0,56.0,45.0,22.0,82.86320832,,,3.369231881,0.104203048,132.1130792,13.5868161,0.377449401,0.003873819,,0.880413517,0.880413517,,0.49303157,0.49303157,0.49303157,17.0,Tetairoa McMillan,CAR,DRAFT,16,4685472,14,Luke's Cool Guys,RB/WR/TE,"{'1': {'team': 'JAX', 'date': datetime.datetime(2025, 9, 7, 10, 0)}, '2': {'team': 'ARI', 'date': datetime.datetime(2025, 9, 14, 13, 5)}, '3': {'team': 'ATL', 'date': datetime.datetime(2025, 9, 21, 10, 0)}, '4': {'team': 'NE', 'date': datetime.datetime(2025, 9, 28, 10, 0)}, '5': {'team': 'MIA', 'date': datetime.datetime(2025, 10, 5, 10, 0)}, '6': {'team': 'DAL', 'date': datetime.datetime(2025, 10, 12, 10, 0)}, '7': {'team': 'NYJ', 'date': datetime.datetime(2025, 10, 19, 10, 0)}, '8': {'team': 'BUF', 'date': datetime.datetime(2025, 10, 26, 10, 0)}, '9': {'team': 'GB', 'date': datetime.datetime(2025, 11, 2, 10, 0)}, '10': {'team': 'NO', 'date': datetime.datetime(2025, 11, 9, 10, 0)}, '11': {'team': 'ATL', 'date': datetime.datetime(2025, 11, 16, 10, 0)}, '12': {'team': 'SF', 'date': datetime.datetime(2025, 11, 24, 17, 15)}, '13': {'team': 'LAR', 'date': datetime.datetime(2025, 11, 30, 10, 0)}, '15': {'team': 'NO', 'date': datetime.datetime(2025, 12, 14, 13, 25)}, '16': {'team': 'TB', 'date': datetime.datetime(2025, 12, 21, 10, 0)}, '17': {'team': 'SEA', 'date': datetime.datetime(2025, 12, 28, 10, 0)}, '18': {'team': 'TB', 'date': datetime.datetime(2026, 1, 3, 13, 30)}}","['Rookie', 'RB/WR', 'WR', 'WR/TE', 'RB/WR/TE', 'OP', 'BE', 'IR']",RB/WR/TE,1.0,,2.0,2.0,1.0,1.0,,,,,,,,,,,,,2.0,2.0,,,,,,,,,,,,,,,,,,,,,,,,,,,,,,,,,,,,,,,,,,,,,,,,,,,,,2.0,,,,,,,,,,,,,,,,,,,,,,,,,,,,,,,,,,,,,,,,,,,,,,,,,,,,,,,,,,,,,,,,,,,,,,,,,,,,,,,,,,,,,,,,,,,,,,,,,,,,,,,,,,,,,,,,,,,,,,,,,,,,,,,,,,,,,,,,,,,,,,,,,,,,,,,,,,,,,,,,,,,,,,,,2025,,,,,54.0,,,,,,,,,,,,,,,,,,,,,,,,,,,,,,51.51161277,,
205.0,12.81,249.22,14.66,211.0,59.875,6.0,185.0,89.0,41.0,30.0,11.0,2.0,35.0,15.0,2.0,,2.0,,4.54028436,40.0,20.8125,2.0,62.0,28.0,11.0,7.0,1.0,2.0,45.0,429.0,8.325,1.0,1.0,,,,,,9.0,7.0,48.0,4.0,1.0,16.0,225.0809587,58.47283553,6.186222028,0.27218539,198.0,99.0,49.0,39.0,19.0,45.0,22.0,0.463502233,0.324451563,2.558824844,0.087322875,4.416358495,25.64478901,1.906228451,0.102498004,0.045462333,0.029709634,87.0,43.0,21.0,17.0,8.0,59.98455499,,,0.273548039,0.008460249,76.60582054,7.26789443,0.374683393,0.014054664,2.522097539,0.672144367,3.194241906,1.160164868,0.376400846,1.536565714,1.536565714,17.0,Jaylen Warren,PIT,DRAFT,17,4569987,14,Luke's Cool Guys,RB,"{'1': {'team': 'NYJ', 'date': datetime.datetime(2025, 9, 7, 10, 0)}, '2': {'team': 'SEA', 'date': datetime.datetime(2025, 9, 14, 10, 0)}, '3': {'team': 'NE', 'date': datetime.datetime(2025, 9, 21, 10, 0)}, '4': {'team': 'MIN', 'date': datetime.datetime(2025, 9, 28, 6, 30)}, '6': {'team': 'CLE', 'date': datetime.datetime(2025, 10, 12, 10, 0)}, '7': {'team': 'CIN', 'date': datetime.datetime(2025, 10, 16, 17, 15)}, '8': {'team': 'GB', 'date': datetime.datetime(2025, 10, 26, 17, 20)}, '9': {'team': 'IND', 'date': datetime.datetime(2025, 11, 2, 10, 0)}, '10': {'team': 'LAC', 'date': datetime.datetime(2025, 11, 9, 17, 20)}, '11': {'team': 'CIN', 'date': datetime.datetime(2025, 11, 16, 10, 0)}, '12': {'team': 'CHI', 'date': datetime.datetime(2025, 11, 23, 10, 0)}, '13': {'team': 'BUF', 'date': datetime.datetime(2025, 11, 30, 13, 25)}, '14': {'team': 'BAL', 'date': datetime.datetime(2025, 12, 7, 10, 0)}, '15': {'team': 'MIA', 'date': datetime.datetime(2025, 12, 15, 17, 15)}, '16': {'team': 'DET', 'date': datetime.datetime(2025, 12, 21, 13, 25)}, '17': {'team': 'CLE', 'date': datetime.datetime(2025, 12, 28, 10, 0)}, '18': {'team': 'BAL', 'date': datetime.datetime(2026, 1, 4, 17, 20)}}","['RB', 'RB/WR', 'RB/WR/TE', 'OP', 'BE', 'IR']",RB,,,,,,,205.0,18.0,6.0,0.153244485,,556.5194462,,55.0,22.0,,,,1.0,,,,,,,,,,,,,,,,,,,,,,,,1.0,,,,,,,,,,,,,,,,,,,,,,,,,,,,,,,,,,,,,,,,,,,,,,,,,,,,,,,,,,,,,,,,,,,,,,,,,,,,,,,,,,,,,,,,,,,,,,,,,,,,,,,,,,,,,,,,,,,,,,,,,,,,,,,,,,,,,,,,,,,,,,,,,,,,,,,,,,,,,,,,,,,,,,,,,,,,,,,,,,,,,,,,,,,,,,,,,,,,,,2025,,,,52.0,13.0,,,,,,,,,,,,,,,,,,,,,,,,,,,,,53.92223383,25.32434036,,
122.0,15.25,138.7,8.16,101.0,51.25,5.0,80.0,38.0,17.0,13.0,5.0,,18.0,7.0,,,,,4.05940594,24.0,25.875,2.0,38.0,18.0,6.0,4.0,1.0,2.0,32.0,209.0,8.625,1.0,1.0,1.0,1.0,1.0,,,2.0,6.0,44.0,4.0,,8.0,143.3344203,36.5188446,3.853883721,0.25170639,124.0,62.0,31.0,24.0,12.0,28.0,14.0,0.283652092,0.198556464,1.008692433,0.034422803,4.331271979,12.09507926,1.038626473,0.079583832,0.045273226,0.029586053,41.0,20.0,10.0,8.0,4.0,27.98789812,,,0.076817741,0.002375806,36.40015409,7.346616258,0.331290221,0.006182791,1.17562399,0.229555779,1.405179769,0.540787035,0.128551236,0.669338271,0.669338271,17.0,Cam Skattebo,NYG,DRAFT,36,4696981,14,Luke's Cool Guys,BE,"{'1': {'team': 'WSH', 'date': datetime.datetime(2025, 9, 7, 10, 0)}, '2': {'team': 'DAL', 'date': datetime.datetime(2025, 9, 14, 10, 0)}, '3': {'team': 'KC', 'date': datetime.datetime(2025, 9, 21, 17, 20)}, '4': {'team': 'LAC', 'date': datetime.datetime(2025, 9, 28, 10, 0)}, '5': {'team': 'NO', 'date': datetime.datetime(2025, 10, 5, 10, 0)}, '6': {'team': 'PHI', 'date': datetime.datetime(2025, 10, 9, 17, 15)}, '7': {'team': 'DEN', 'date': datetime.datetime(2025, 10, 19, 13, 5)}, '8': {'team': 'PHI', 'date': datetime.datetime(2025, 10, 26, 10, 0)}, '9': {'team': 'SF', 'date': datetime.datetime(2025, 11, 2, 10, 0)}, '10': {'team': 'CHI', 'date': datetime.datetime(2025, 11, 9, 10, 0)}, '11': {'team': 'GB', 'date': datetime.datetime(2025, 11, 16, 10, 0)}, '12': {'team': 'DET', 'date': datetime.datetime(2025, 11, 23, 10, 0)}, '13': {'team': 'NE', 'date': datetime.datetime(2025, 12, 1, 17, 15)}, '15': {'team': 'WSH', 'date': datetime.datetime(2025, 12, 14, 10, 0)}, '16': {'team': 'MIN', 'date': datetime.datetime(2025, 12, 21, 10, 0)}, '17': {'team': 'LV', 'date': datetime.datetime(2025, 12, 28, 13, 5)}, '18': {'team': 'DAL', 'date': datetime.datetime(2026, 1, 4, 10, 0)}}","['Rookie', 'RB', 'RB/WR', 'RB/WR/TE', 'OP', 'BE', 'IR']",BE,,,,,,,,,,,,,,,,,,,,,,,,,,,,,,,,,,,,,,,,,,,1.0,,,,,,,,,,,,,,,,,,,,,,,,,,,,,,2.0,,1.0,,,,,,,,,,,,,,,,,,,,,,,,,,,,,,,,,,,,,,,,,,,,,,,,,,,,,,,,,,,,,,,,,,,,,,,,,,,,,,,,,,,,,,,,,,,,,,,,,,,,,,,,,,,,,,,,,,,,,,,,,,1.0,,,,,1.0,,,,,,,,,,,,,,,,,,,,,,,,,,,,,,,,,,,,,,,2025,,,,27.0,11.0,,,,,,,,,,,,,,,,,,,,,,,,,,,,,34.61528841,11.32445769,,
120.0,10.0,146.22,8.6,,,,,,,,,,,,,,,,,39.0,47.58333333,5.0,109.0,51.0,24.0,17.0,5.0,3.0,49.0,259.0,14.64102564,,1.0,,,,,,10.0,2.0,30.0,,,12.0,,,,,,,,,,,,,,,,,39.76921519,3.949659191,0.213826864,0.178801309,0.116846656,135.0,67.0,33.0,27.0,13.0,55.99212611,,,0.875712683,0.027083897,85.4346954,12.0744952,0.213826864,0.003620552,,0.822852812,0.822852812,,0.460797575,0.460797575,0.460797575,17.0,Dalton Kincaid,BUF,DRAFT,20,4385690,14,Luke's Cool Guys,BE,"{'1': {'team': 'BAL', 'date': datetime.datetime(2025, 9, 7, 17, 20)}, '2': {'team': 'NYJ', 'date': datetime.datetime(2025, 9, 14, 10, 0)}, '3': {'team': 'MIA', 'date': datetime.datetime(2025, 9, 18, 17, 15)}, '4': {'team': 'NO', 'date': datetime.datetime(2025, 9, 28, 10, 0)}, '5': {'team': 'NE', 'date': datetime.datetime(2025, 10, 5, 17, 20)}, '6': {'team': 'ATL', 'date': datetime.datetime(2025, 10, 13, 16, 15)}, '8': {'team': 'CAR', 'date': datetime.datetime(2025, 10, 26, 10, 0)}, '9': {'team': 'KC', 'date': datetime.datetime(2025, 11, 2, 13, 25)}, '10': {'team': 'MIA', 'date': datetime.datetime(2025, 11, 9, 10, 0)}, '11': {'team': 'TB', 'date': datetime.datetime(2025, 11, 16, 10, 0)}, '12': {'team': 'HOU', 'date': datetime.datetime(2025, 11, 20, 17, 15)}, '13': {'team': 'PIT', 'date': datetime.datetime(2025, 11, 30, 13, 25)}, '14': {'team': 'CIN', 'date': datetime.datetime(2025, 12, 7, 10, 0)}, '15': {'team': 'NE', 'date': datetime.datetime(2025, 12, 14, 10, 0)}, '16': {'team': 'CLE', 'date': datetime.datetime(2025, 12, 21, 10, 0)}, '17': {'team': 'PHI', 'date': datetime.datetime(2025, 12, 28, 13, 25)}, '18': {'team': 'NYJ', 'date': datetime.datetime(2026, 1, 4, 13, 25)}}","['WR/TE', 'TE', 'RB/WR/TE', 'OP', 'BE', 'IR']",BE,,,2.0,2.0,1.0,,,,,,,,,,,,,,1.0,3.0,,,,,,,,,,,,,,,,,,,,,,,,,,,,,,,,,,,,,,,,,,,,,,,,,,,,,1.0,,,,,,,,,,,,,,,,,,,,,,,,,,,,,,,,,,,,,,,,,,,,,,,,,,,,,,,,,,,,,,,,,,,,,,,,,,,,,,,,,,,,,,,,,,,,,,,,,,,,,,,,,,,,,,,,,,,,,,,,,,,,,,,,,,,,,,,,,,,,,,,,,,,,,,,,,,,,,,,,,,,,,,,,2025,,,,,27.0,,,,,,,,,,,,,,,,,,,,,,,,,,,,,,31.87136158,,
132.0,8.25,173.4,10.2,,,,,,,,,,,,,,,,,49.0,36.6875,5.0,112.0,53.0,23.0,14.0,3.0,3.0,74.0,190.0,11.97959184,,1.0,,,,2.0,2.0,6.0,10.0,30.0,,,16.0,,,,,,,,,,,,,,,,,48.58770856,5.443462433,0.285579128,0.194157943,0.126882216,165.0,82.0,41.0,33.0,16.0,59.28776848,,,1.648113874,0.050972594,102.0501194,13.93189635,0.285579128,0.004490092,,1.020475515,1.020475515,,0.571466288,0.571466288,0.571466288,17.0,Hollywood Brown,KC,DRAFT,42,4241372,14,Luke's Cool Guys,BE,"{'1': {'team': 'LAC', 'date': datetime.datetime(2025, 9, 5, 17, 0)}, '2': {'team': 'PHI', 'date': datetime.datetime(2025, 9, 14, 13, 25)}, '3': {'team': 'NYG', 'date': datetime.datetime(2025, 9, 21, 17, 20)}, '4': {'team': 'BAL', 'date': datetime.datetime(2025, 9, 28, 13, 25)}, '5': {'team': 'JAX', 'date': datetime.datetime(2025, 10, 6, 17, 15)}, '6': {'team': 'DET', 'date': datetime.datetime(2025, 10, 12, 17, 20)}, '7': {'team': 'LV', 'date': datetime.datetime(2025, 10, 19, 10, 0)}, '8': {'team': 'WSH', 'date': datetime.datetime(2025, 10, 27, 17, 15)}, '9': {'team': 'BUF', 'date': datetime.datetime(2025, 11, 2, 13, 25)}, '11': {'team': 'DEN', 'date': datetime.datetime(2025, 11, 16, 13, 25)}, '12': {'team': 'IND', 'date': datetime.datetime(2025, 11, 23, 10, 0)}, '13': {'team': 'DAL', 'date': datetime.datetime(2025, 11, 27, 13, 30)}, '14': {'team': 'HOU', 'date': datetime.datetime(2025, 12, 7, 17, 20)}, '15': {'team': 'LAC', 'date': datetime.datetime(2025, 12, 14, 10, 0)}, '16': {'team': 'TEN', 'date': datetime.datetime(2025, 12, 21, 10, 0)}, '17': {'team': 'DEN', 'date': datetime.datetime(2025, 12, 25, 17, 15)}, '18': {'team': 'LV', 'date': datetime.datetime(2026, 1, 4, 13, 25)}}","['RB/WR', 'WR', 'WR/TE', 'RB/WR/TE', 'OP', 'BE', 'IR']",BE,,,,,1.0,,,,,,,,,,,,,1.0,3.0,,,,,,,,,,,,,,,,,,,,,,,,,,,,,,,,,,,,,,,,,,,,,,,,,,,,,,2.0,,,,,,,,,,,,,,,,,,,,,,,,,,,,,,,,,,,,,,,,,,,,,,,,,,,,,,,,,,,,,,,,,,,,,,,,,,,,,,,,,,,,,,,,,,,,,,,,,,,,,,,,,,,,,,,,,,,,,,,,,,,,,,,,,,,,,,,,,,,,,,,,,,,,,,,,,,,,,,,,,,,,,,,,2025,,,,,29.0,,,,,,,,,,,,,,,,,,,,,,,,,,,,,,37.36743743,,
201.0,11.82,142.11,8.36,,,,,,,,,,,,,,,,,88.0,54.58823529,5.0,178.0,83.0,35.0,29.0,11.0,10.0,118.0,400.0,10.54545455,,,,,,2.0,2.0,8.0,9.0,30.0,,,17.0,,,,,,,,,,,,,,,,,39.38328331,4.375223778,0.272785509,0.226333793,0.147909133,133.0,66.0,33.0,26.0,13.0,49.77902798,,,0.853349267,0.026392245,79.79289997,13.44975672,0.272785509,0.001875315,,0.426208008,0.426208008,,0.238676484,0.238676484,0.238676484,17.0,Kyle Pitts Sr.,ATL,DRAFT,2,4360248,14,Luke's Cool Guys,TE,"{'1': {'team': 'TB', 'date': datetime.datetime(2025, 9, 7, 10, 0)}, '2': {'team': 'MIN', 'date': datetime.datetime(2025, 9, 14, 17, 20)}, '3': {'team': 'CAR', 'date': datetime.datetime(2025, 9, 21, 10, 0)}, '4': {'team': 'WSH', 'date': datetime.datetime(2025, 9, 28, 10, 0)}, '6': {'team': 'BUF', 'date': datetime.datetime(2025, 10, 13, 16, 15)}, '7': {'team': 'SF', 'date': datetime.datetime(2025, 10, 19, 17, 20)}, '8': {'team': 'MIA', 'date': datetime.datetime(2025, 10, 26, 10, 0)}, '9': {'team': 'NE', 'date': datetime.datetime(2025, 11, 2, 10, 0)}, '10': {'team': 'IND', 'date': datetime.datetime(2025, 11, 9, 6, 30)}, '11': {'team': 'CAR', 'date': datetime.datetime(2025, 11, 16, 10, 0)}, '12': {'team': 'NO', 'date': datetime.datetime(2025, 11, 23, 13, 25)}, '13': {'team': 'NYJ', 'date': datetime.datetime(2025, 11, 30, 10, 0)}, '14': {'team': 'SEA', 'date': datetime.datetime(2025, 12, 7, 10, 0)}, '15': {'team': 'TB', 'date': datetime.datetime(2025, 12, 11, 17, 15)}, '16': {'team': 'ARI', 'date': datetime.datetime(2025, 12, 21, 13, 5)}, '17': {'team': 'LAR', 'date': datetime.datetime(2025, 12, 29, 17, 15)}, '18': {'team': 'NO', 'date': datetime.datetime(2026, 1, 4, 10, 0)}}","['WR/TE', 'TE', 'RB/WR/TE', 'OP', 'BE', 'IR']",TE,,,1.0,1.0,,,,,,,,,,,,,,1.0,4.0,,,,,,,,,,,,,,,,,,,,,,,,,,,,,,,,,,,,,,,,,,,,,,,,,,,,,,1.0,,,,,,,,,,,,,,,,,,,,,,,,,,,,,,,,,,,,,,,,,,,,,,,,,,,,,,,,,,,,,,,,,,,,,,,,,,,,,,,,,,,,,,,,,,,,,,,,,,,,,,,,,,,,,,,,,,,,,,,,,,,,,,,,,,,,,,,,,,,,,,,,,,,,,,,,,,,,,,,,,,,,,,,,2025,,,,,51.0,,,,,,,,,,,,,,,,,,,,,,,,,,,,,,30.44828935,,
342.0,20.12,272.3,16.02,29.0,0.05882353,,1.0,,,,,,,,,,,,0.03448276,,,,,,,,,,,,,4.0,7.0,2.0,3.0,11.0,1.0,1.0,12.0,5.0,276.0,,,17.0,32.81655408,3.452149852,0.872518052,0.047631684,11.0,5.0,2.0,2.0,1.0,6.0,3.0,0.061257763,0.042880434,0.00859076,0.00029317,1.788321447,,,,,,,,,,,,,,,,,,1.592208287,0.031930075,0.366081939,,7.256835144,0.168397692,,3.47595923,15.74729148,17.0,Matthew Stafford,LAR,DRAFT,2,12483,14,Luke's Cool Guys,QB,"{'1': {'team': 'HOU', 'date': datetime.datetime(2025, 9, 7, 13, 25)}, '2': {'team': 'TEN', 'date': datetime.datetime(2025, 9, 14, 10, 0)}, '3': {'team': 'PHI', 'date': datetime.datetime(2025, 9, 21, 10, 0)}, '4': {'team': 'IND', 'date': datetime.datetime(2025, 9, 28, 13, 5)}, '5': {'team': 'SF', 'date': datetime.datetime(2025, 10, 2, 17, 15)}, '6': {'team': 'BAL', 'date': datetime.datetime(2025, 10, 12, 10, 0)}, '7': {'team': 'JAX', 'date': datetime.datetime(2025, 10, 19, 6, 30)}, '9': {'team': 'NO', 'date': datetime.datetime(2025, 11, 2, 13, 5)}, '10': {'team': 'SF', 'date': datetime.datetime(2025, 11, 9, 13, 25)}, '11': {'team': 'SEA', 'date': datetime.datetime(2025, 11, 16, 13, 5)}, '12': {'team': 'TB', 'date': datetime.datetime(2025, 11, 23, 17, 20)}, '13': {'team': 'CAR', 'date': datetime.datetime(2025, 11, 30, 10, 0)}, '14': {'team': 'ARI', 'date': datetime.datetime(2025, 12, 7, 13, 25)}, '15': {'team': 'DET', 'date': datetime.datetime(2025, 12, 14, 13, 25)}, '16': {'team': 'SEA', 'date': datetime.datetime(2025, 12, 18, 17, 15)}, '17': {'team': 'ATL', 'date': datetime.datetime(2025, 12, 29, 17, 15)}, '18': {'team': 'ARI', 'date': datetime.datetime(2026, 1, 4, 13, 25)}}","['QB', 'OP', 'BE', 'IR']",QB,,,,,,,,,,,,,,,,,,,,,597.0,388.0,209.0,276.88235294,46.0,935.0,463.0,228.0,180.0,84.0,35.0,70.0,31.0,35.0,14.0,3.0,1.0,3.0,,8.0,0.64991625,23.0,2.0,25.0,8.0,7.0,3.0,580.041338,380.9263428,199.1149952,260.1583894,28.54701129,884.0,442.0,221.0,176.0,88.0,44.0,76.0,38.0,3.855140963,2.519334619,4.445239893,0.600435354,1.544576603,12.27133225,0.65672275,37.66401936,6.890753205,3.307561538,,,,,,,,,,,,,,,,,,,,,,,,,,,,,,,,,,,,,,,,,,,,,,,,,,,,,,,,,,,,,,,,,,,,,,,,,,,,,,,,,,,,,,,,,,,,,,,,,,,,,,,,,,,,,,,,,,,,,,,,,,,,,,,,,,,,,,1.0,,,,,,,,,,,,,,,,,,,,,,,,,,,,,,,,,,,,,2025,,,236.0,,,,,,,,,,,,,,,,,,,,,,,,,,,,,,,6.697733947,,211.0820048,
216.0,16.62,212.26,16.33,45.0,12.61538462,5.0,28.0,12.0,5.0,4.0,1.0,,5.0,,,,,,3.64444444,,,,,,,,,,,,,3.0,9.0,,3.0,11.0,1.0,1.0,8.0,5.0,144.0,5.0,,13.0,98.11035774,33.48382413,3.719339822,0.17788688,87.0,43.0,21.0,17.0,8.0,19.0,9.0,0.19249067,0.134743469,0.638370213,0.021785126,4.436735567,,,,,,,,,,,,,,,,,,1.283399797,0.029835477,1.248444552,,6.780790272,0.574284494,,3.229810439,11.79889274,13.0,Daniel Jones,IND,ADD,17,3917792,14,Luke's Cool Guys,BE,"{'1': {'team': 'MIA', 'date': datetime.datetime(2025, 9, 7, 10, 0)}, '2': {'team': 'DEN', 'date': datetime.datetime(2025, 9, 14, 13, 5)}, '3': {'team': 'TEN', 'date': datetime.datetime(2025, 9, 21, 10, 0)}, '4': {'team': 'LAR', 'date': datetime.datetime(2025, 9, 28, 13, 5)}, '5': {'team': 'LV', 'date': datetime.datetime(2025, 10, 5, 10, 0)}, '6': {'team': 'ARI', 'date': datetime.datetime(2025, 10, 12, 10, 0)}, '7': {'team': 'LAC', 'date': datetime.datetime(2025, 10, 19, 13, 5)}, '8': {'team': 'TEN', 'date': datetime.datetime(2025, 10, 26, 13, 25)}, '9': {'team': 'PIT', 'date': datetime.datetime(2025, 11, 2, 10, 0)}, '10': {'team': 'ATL', 'date': datetime.datetime(2025, 11, 9, 6, 30)}, '12': {'team': 'KC', 'date': datetime.datetime(2025, 11, 23, 10, 0)}, '13': {'team': 'HOU', 'date': datetime.datetime(2025, 11, 30, 10, 0)}, '14': {'team': 'JAX', 'date': datetime.datetime(2025, 12, 7, 10, 0)}, '15': {'team': 'SEA', 'date': datetime.datetime(2025, 12, 14, 13, 25)}, '16': {'team': 'SF', 'date': datetime.datetime(2025, 12, 22, 17, 15)}, '17': {'team': 'JAX', 'date': datetime.datetime(2025, 12, 28, 10, 0)}, '18': {'team': 'HOU', 'date': datetime.datetime(2026, 1, 4, 10, 0)}}","['QB', 'OP', 'BE', 'IR']",BE,,,,,,,,,,,,,,,,,,,,,384.0,261.0,123.0,238.53846154,19.0,616.0,306.0,150.0,118.0,57.0,25.0,46.0,21.0,18.0,5.0,,,2.0,1.0,8.0,0.6796875,22.0,4.0,10.0,5.0,3.0,1.0,399.830898,252.8321293,146.9987687,204.1958748,15.44941703,530.0,265.0,132.0,106.0,53.0,26.0,50.0,25.0,1.889014224,1.234470796,1.447377746,0.195502783,1.105512917,8.569082297,0.632347651,34.93444023,5.53234572,2.655525946,,,,,,,,,,,,,,,,,,,,,,,,,,,,,,,,,,,,,,,,,,,,,,,,,,,,,,,,,,,,,,,,,,,,,,,,,,,,,,,,,,,,,,,,,,,,,,,,,,,,,,,,,,,,,,,,,,,,,,,,,,,,,,,,,,,,,,,,,,,,,,,,,,,,,,,,,,,,,,,,,,,,,,,,,,,2025,,,149.0,19.0,,,,,,,,,,,,,,,,,,,,,,,,,,,,,,25.01545104,,131.6371062,
195.0,11.47,136.51,8.03,,,,,,,,,,,,,,,,,,,,,,,,,,,,,,,,,,2.0,2.0,14.0,3.0,171.0,,,17.0,,,,,,,,,,,,,,,,,,,,,,,,,,,,,,,,,,,,,,,,,,,17.0,Jason Myers,SEA,ADD,1,2473037,14,Luke's Cool Guys,K,"{'1': {'team': 'SF', 'date': datetime.datetime(2025, 9, 7, 13, 5)}, '2': {'team': 'PIT', 'date': datetime.datetime(2025, 9, 14, 10, 0)}, '3': {'team': 'NO', 'date': datetime.datetime(2025, 9, 21, 13, 5)}, '4': {'team': 'ARI', 'date': datetime.datetime(2025, 9, 25, 17, 15)}, '5': {'team': 'TB', 'date': datetime.datetime(2025, 10, 5, 13, 5)}, '6': {'team': 'JAX', 'date': datetime.datetime(2025, 10, 12, 10, 0)}, '7': {'team': 'HOU', 'date': datetime.datetime(2025, 10, 20, 19, 0)}, '9': {'team': 'WSH', 'date': datetime.datetime(2025, 11, 2, 17, 20)}, '10': {'team': 'ARI', 'date': datetime.datetime(2025, 11, 9, 13, 5)}, '11': {'team': 'LAR', 'date': datetime.datetime(2025, 11, 16, 13, 5)}, '12': {'team': 'TEN', 'date': datetime.datetime(2025, 11, 23, 10, 0)}, '13': {'team': 'MIN', 'date': datetime.datetime(2025, 11, 30, 13, 5)}, '14': {'team': 'ATL', 'date': datetime.datetime(2025, 12, 7, 10, 0)}, '15': {'team': 'IND', 'date': datetime.datetime(2025, 12, 14, 13, 25)}, '16': {'team': 'LAR', 'date': datetime.datetime(2025, 12, 18, 17, 15)}, '17': {'team': 'CAR', 'date': datetime.datetime(2025, 12, 28, 10, 0)}, '18': {'team': 'SF', 'date': datetime.datetime(2026, 1, 3, 17, 0)}}","['K', 'BE', 'IR']",K,,,,,,,,,,,,,,,,,,,,,,,,,,,,,,,,,,,,,,,,,,,,,,,,,,,,,,,,,,,,,,,,,,,,,,,,,,,,,,9.0,12.0,13.0,15.0,2.0,19.0,21.0,2.0,41.0,48.0,7.0,48.0,48.0,,9.0,11.0,5.133647255,7.142154776,2.008507521,7.570657482,9.234972222,1.664314739,16.65324989,16.84219754,0.188947654,29.35755462,33.21932454,3.861769914,34.46148669,35.16478234,0.703295647,5.133647255,7.142154776,2.008507521,,,,,,,,,,,,,,,,,,,,,,,,,,,,,,,,,,,,,,,,,,,,,,,,,,,,,,,,,,,,,,,,,,,,,,,,,,,,,,,,,,,,,,,3.0,2.0,1.0,1.0,,,,,,,,,,,,,,,,,,,,,,,,,,,,,,,,,,,,,,,,2025,,,,,,1666.0,320.0,1986.0,326.0,159.0,75.0,61.0,26.0,9.0,61.0,30.0,13.0,10.0,4.0,390.0,191.0,92.0,72.0,30.0,11.0,,,1117.494035,189.021999,1306.516034,,,,,,,
89.0,6.85,0.0,0.0,92.0,25.61538462,1.0,61.0,27.0,10.0,9.0,3.0,,13.0,3.0,,,,,3.61956522,33.0,20.53846154,,50.0,23.0,9.0,5.0,,3.0,45.0,257.0,8.09090909,,,,,,1.0,1.0,,13.0,6.0,1.0,,13.0,,,,,,,,,,,,,,,,,,,,,,,,,,,,,,,,,,,,,,,,,,,,Michael Carter,ARI,ADD,47,4240657,14,Luke's Cool Guys,BE,"{'1': {'team': 'NO', 'date': datetime.datetime(2025, 9, 7, 10, 0)}, '2': {'team': 'CAR', 'date': datetime.datetime(2025, 9, 14, 13, 5)}, '3': {'team': 'SF', 'date': datetime.datetime(2025, 9, 21, 13, 25)}, '4': {'team': 'SEA', 'date': datetime.datetime(2025, 9, 25, 17, 15)}, '5': {'team': 'TEN', 'date': datetime.datetime(2025, 10, 5, 13, 5)}, '6': {'team': 'IND', 'date': datetime.datetime(2025, 10, 12, 10, 0)}, '7': {'team': 'GB', 'date': datetime.datetime(2025, 10, 19, 13, 25)}, '9': {'team': 'DAL', 'date': datetime.datetime(2025, 11, 3, 17, 15)}, '10': {'team': 'SEA', 'date': datetime.datetime(2025, 11, 9, 13, 5)}, '11': {'team': 'SF', 'date': datetime.datetime(2025, 11, 16, 13, 5)}, '12': {'team': 'JAX', 'date': datetime.datetime(2025, 11, 23, 13, 5)}, '13': {'team': 'TB', 'date': datetime.datetime(2025, 11, 30, 10, 0)}, '14': {'team': 'LAR', 'date': datetime.datetime(2025, 12, 7, 13, 25)}, '15': {'team': 'HOU', 'date': datetime.datetime(2025, 12, 14, 10, 0)}, '16': {'team': 'ATL', 'date': datetime.datetime(2025, 12, 21, 13, 5)}, '17': {'team': 'CIN', 'date': datetime.datetime(2025, 12, 28, 10, 0)}, '18': {'team': 'LAR', 'date': datetime.datetime(2026, 1, 4, 13, 25)}}","['RB', 'RB/WR', 'RB/WR/TE', 'OP', 'BE', 'IR']",BE,,,,,,,27.0,2.0,1.0,,,,,,,,,,,,,,,,,,,,,,,,,,,,,,,,,,,,,,,,,,,,,,,,,,,,,,,,,,,,,,,,,,,,,,,,,,,,,,,,,,,,,,,,,,,,,,,,,,,,,,,,,,,,,,,,,,,,,,,,,,,,,,,,,,,,,,,,,,,,,,,,,,,,,,,,,,,,,,,,,,,,,,,,,,,,,,,,,,,,,,,,,,,,,,,,,,,,,,,,,,,,,,,,,,,,,,,,,,,,,,,,,,,,,,,,2025,,,,19.0,12.0,,,,,,,,,,,,,,,,,,,,,,,,,,,,,,,,
75.0,4.41,117.05,6.89,,,,,,,,,,,,,,,,,,,,,,,,,,,,,,,,,,636.0,1104.0,9.0,8.0,,,,17.0,,,,,,,,,,,,,,,,,,,,,,,,,,,,,,,,,,,,,,,,,,,17.0,Lions D/ST,DET,ADD,19,-16008,14,Luke's Cool Guys,D/ST,"{'1': {'team': 'GB', 'date': datetime.datetime(2025, 9, 7, 13, 25)}, '2': {'team': 'CHI', 'date': datetime.datetime(2025, 9, 14, 10, 0)}, '3': {'team': 'BAL', 'date': datetime.datetime(2025, 9, 22, 17, 15)}, '4': {'team': 'CLE', 'date': datetime.datetime(2025, 9, 28, 10, 0)}, '5': {'team': 'CIN', 'date': datetime.datetime(2025, 10, 5, 13, 25)}, '6': {'team': 'KC', 'date': datetime.datetime(2025, 10, 12, 17, 20)}, '7': {'team': 'TB', 'date': datetime.datetime(2025, 10, 20, 16, 0)}, '9': {'team': 'MIN', 'date': datetime.datetime(2025, 11, 2, 10, 0)}, '10': {'team': 'WSH', 'date': datetime.datetime(2025, 11, 9, 13, 25)}, '11': {'team': 'PHI', 'date': datetime.datetime(2025, 11, 16, 17, 20)}, '12': {'team': 'NYG', 'date': datetime.datetime(2025, 11, 23, 10, 0)}, '13': {'team': 'GB', 'date': datetime.datetime(2025, 11, 27, 10, 0)}, '14': {'team': 'DAL', 'date': datetime.datetime(2025, 12, 4, 17, 15)}, '15': {'team': 'LAR', 'date': datetime.datetime(2025, 12, 14, 13, 25)}, '16': {'team': 'PIT', 'date': datetime.datetime(2025, 12, 21, 13, 25)}, '17': {'team': 'MIN', 'date': datetime.datetime(2025, 12, 25, 13, 30)}, '18': {'team': 'CHI', 'date': datetime.datetime(2026, 1, 4, 13, 25)}}","['D/ST', 'BE', 'IR']",D/ST,,,,,,,1756.0,171.0,62.0,0.346592866,0.335898247,1222.82283,403.945871,122.0,48.0,40.0,16.0,,,,,,,,,,,,,,,,,,,,,,,,,,,,,,,,,,,,,,,,,,,,,,,,,,,,,,,,,468.0,,,15.0,,,,,,,,,,,,,,,,,,,,,,,,,,,,,,,,,,,6.0,0.0,0.0,2.0,2.0,,13.0,,1.0,49.0,98.0,,1.0,,1.0,361.0,214.0,66.0,93.0,291.0,24.0,5.0,411.0,1.0,7.0,4.0,1.0,5642.0,0.0,1.0,7.0,3.0,2.0,1.0,1.0,2.0,0.0,0.0,0.0,2.0,2.0,1.0,7.0,4.0,1.0,0.244995997,1.105884708,3.760008006,3.266613291,0.117463533,1.747308178,14.42497774,7.431430191,1.736130264,0.229164404,43.18782637,86.37565274,1.193686191,0.553621987,2.547262824,11.43296952,1038.403664,346.0,207.0,86.38891991,363.5606227,2.466973579,3.266613291,2.058646918,0.748598879,0.081665332,21.38591898,5652.540234,0.732318173,5.790422761,4.376878381,3.593468243,1.771188139,0.510919655,0.187337207,0.037467441,332.5023667,,,,,,,,,,,,,,,,,,,,,,,,,,,,,,,,,,,,,,,,,,,,,,,,2025,,,,,,,,,,,,,,,,,,,,,,,,,,,,,,,,,,,,,41.82017677
221.0,13.81,324.71,19.1,280.0,71.25,7.0,222.0,108.0,51.0,38.0,15.0,3.0,49.0,21.0,2.0,2.0,3.0,,4.07142857,37.0,17.0625,2.0,49.0,22.0,9.0,6.0,2.0,1.0,50.0,296.0,7.37837838,,1.0,,1.0,1.0,1.0,1.0,11.0,5.0,56.0,2.0,,16.0,332.2856731,94.4264922,11.13990149,0.367102617,321.0,160.0,80.0,64.0,32.0,66.0,33.0,0.719742019,0.503819413,6.669489228,0.227604079,4.830934637,22.21024834,2.431108248,0.16524241,0.051789222,0.033844257,75.0,37.0,18.0,15.0,7.0,47.60164663,,,0.196134979,0.00606603,64.08759729,7.93195716,0.532345027,0.011409868,2.268217815,0.32493397,2.593151785,1.043380195,0.181963023,1.225343218,1.225343218,17.0,Saquon Barkley,PHI,DRAFT,14,3929630,15,Mendes Army,RB,"{'1': {'team': 'DAL', 'date': datetime.datetime(2025, 9, 4, 17, 20)}, '2': {'team': 'KC', 'date': datetime.datetime(2025, 9, 14, 13, 25)}, '3': {'team': 'LAR', 'date': datetime.datetime(2025, 9, 21, 10, 0)}, '4': {'team': 'TB', 'date': datetime.datetime(2025, 9, 28, 10, 0)}, '5': {'team': 'DEN', 'date': datetime.datetime(2025, 10, 5, 10, 0)}, '6': {'team': 'NYG', 'date': datetime.datetime(2025, 10, 9, 17, 15)}, '7': {'team': 'MIN', 'date': datetime.datetime(2025, 10, 19, 10, 0)}, '8': {'team': 'NYG', 'date': datetime.datetime(2025, 10, 26, 10, 0)}, '10': {'team': 'GB', 'date': datetime.datetime(2025, 11, 10, 17, 15)}, '11': {'team': 'DET', 'date': datetime.datetime(2025, 11, 16, 17, 20)}, '12': {'team': 'DAL', 'date': datetime.datetime(2025, 11, 23, 13, 25)}, '13': {'team': 'CHI', 'date': datetime.datetime(2025, 11, 28, 12, 0)}, '14': {'team': 'LAC', 'date': datetime.datetime(2025, 12, 8, 17, 15)}, '15': {'team': 'LV', 'date': datetime.datetime(2025, 12, 14, 10, 0)}, '16': {'team': 'WSH', 'date': datetime.datetime(2025, 12, 20, 14, 0)}, '17': {'team': 'BUF', 'date': datetime.datetime(2025, 12, 28, 13, 25)}, '18': {'team': 'WSH', 'date': datetime.datetime(2026, 1, 4, 13, 25)}}","['RB', 'RB/WR', 'RB/WR/TE', 'OP', 'BE', 'IR']",RB,1.0,,,,1.0,1.0,,,,,,,,,,,,,1.0,,,,,,,,,,,,,,,,,,,,,,,,,,,,,,,,,,,,,,,,,,,,,,,,,,,,,,,,3.0,,,,,,,,,,,,,,,,,,,,,,,,,,,,,,,,,,,,,,,,,,,,,,,,,,,,,,,,,,,,,,,,,,,,,,,,,,,,,,,,,,,,,,,,,,,,,,,,,,,,,,,,,,,,,,,,,,,,,,,,,,,,,,,1.0,,,,,,,,,,,,,,,,,,,,,,,,,,,,,,,,,,,,,,,2025,,,,48.0,11.0,,,,,,,,,,,,,,,,,,,,,,,,,,,,,84.76601355,21.10640901,,
275.0,19.64,323.04,19.0,64.0,30.14285714,5.0,81.0,37.0,15.0,13.0,4.0,,7.0,1.0,,,,,6.59375,1.0,-0.71428571,,,,,,,,1.0,-2.0,-10.0,,3.0,,,11.0,1.0,1.0,6.0,8.0,162.0,2.0,,14.0,72.62906263,21.71229724,3.33435886,0.192514639,73.0,36.0,18.0,14.0,7.0,14.0,7.0,0.1384582,0.09692074,0.349541152,0.011928498,5.082112308,,,,,,,,,,,,,,,,,,1.794600869,0.032846892,0.756602258,,7.465202694,0.348037039,,3.568165248,15.98233048,17.0,Patrick Mahomes,KC,DRAFT,10,3139477,15,Mendes Army,BE,"{'1': {'team': 'LAC', 'date': datetime.datetime(2025, 9, 5, 17, 0)}, '2': {'team': 'PHI', 'date': datetime.datetime(2025, 9, 14, 13, 25)}, '3': {'team': 'NYG', 'date': datetime.datetime(2025, 9, 21, 17, 20)}, '4': {'team': 'BAL', 'date': datetime.datetime(2025, 9, 28, 13, 25)}, '5': {'team': 'JAX', 'date': datetime.datetime(2025, 10, 6, 17, 15)}, '6': {'team': 'DET', 'date': datetime.datetime(2025, 10, 12, 17, 20)}, '7': {'team': 'LV', 'date': datetime.datetime(2025, 10, 19, 10, 0)}, '8': {'team': 'WSH', 'date': datetime.datetime(2025, 10, 27, 17, 15)}, '9': {'team': 'BUF', 'date': datetime.datetime(2025, 11, 2, 13, 25)}, '11': {'team': 'DEN', 'date': datetime.datetime(2025, 11, 16, 13, 25)}, '12': {'team': 'IND', 'date': datetime.datetime(2025, 11, 23, 10, 0)}, '13': {'team': 'DAL', 'date': datetime.datetime(2025, 11, 27, 13, 30)}, '14': {'team': 'HOU', 'date': datetime.datetime(2025, 12, 7, 17, 20)}, '15': {'team': 'LAC', 'date': datetime.datetime(2025, 12, 14, 10, 0)}, '16': {'team': 'TEN', 'date': datetime.datetime(2025, 12, 21, 10, 0)}, '17': {'team': 'DEN', 'date': datetime.datetime(2025, 12, 25, 17, 15)}, '18': {'team': 'LV', 'date': datetime.datetime(2026, 1, 4, 13, 25)}}","['QB', 'OP', 'BE', 'IR']",BE,,,,,,,,,,,,,,,,,,,,,502.0,315.0,187.0,256.21428571,22.0,712.0,352.0,172.0,137.0,66.0,27.0,57.0,24.0,31.0,11.0,1.0,,2.0,2.0,11.0,0.62749004,34.0,3.0,13.0,5.0,2.0,1.0,606.2360303,406.7862213,199.449809,255.8390704,30.55377912,869.0,434.0,217.0,173.0,86.0,43.0,81.0,40.0,3.738133382,2.442870165,4.175239934,0.563965439,1.60208623,12.41416523,0.671003043,37.74745741,6.708600436,3.220128209,,,,,3.0,,,,,,,,,,,,,,,,,,,,,,,,,,,,,,,,,,,,,,,,,,,,,,,,,,,,,,,,,,,,,,,,,,,,,,,,,,,,,,,,,,,,,,,,,,,,,,,,,,,,,,,,,,,,,,,,,,,,,,,,,,,,,,,,,,,,,,,,,,,,,,,,,,,,,,,,,,,,,,,,,,,,,,2025,,,173.0,27.0,,,,,,,,,,,,,,,,,,,,,,,,,,,,,,21.43329288,,216.9498233,
231.0,13.59,231.93,13.64,10.0,3.64705882,1.0,9.0,2.0,,,,,,,,,,,6.2,86.0,71.23529412,5.0,234.0,113.0,52.0,40.0,16.0,10.0,118.0,458.0,14.08139535,1.0,3.0,,3.0,3.0,2.0,2.0,8.0,9.0,36.0,,,17.0,10.3663682,3.71251839,0.49943355,0.019555136,12.0,6.0,3.0,2.0,1.0,2.0,1.0,0.019118375,0.013382862,0.009846841,0.000336035,6.088227953,63.10721413,7.107501667,0.32628718,0.35313989,0.230776918,214.0,107.0,53.0,42.0,21.0,73.58839336,,,3.001290008,0.092823402,113.7948101,14.57869361,0.345842316,0.004101732,0.115105445,0.817106303,0.932211748,0.052948505,0.45757953,0.510528035,0.510528035,17.0,Zay Flowers,BAL,DRAFT,7,4429615,15,Mendes Army,RB/WR/TE,"{'1': {'team': 'BUF', 'date': datetime.datetime(2025, 9, 7, 17, 20)}, '2': {'team': 'CLE', 'date': datetime.datetime(2025, 9, 14, 10, 0)}, '3': {'team': 'DET', 'date': datetime.datetime(2025, 9, 22, 17, 15)}, '4': {'team': 'KC', 'date': datetime.datetime(2025, 9, 28, 13, 25)}, '5': {'team': 'HOU', 'date': datetime.datetime(2025, 10, 5, 10, 0)}, '6': {'team': 'LAR', 'date': datetime.datetime(2025, 10, 12, 10, 0)}, '8': {'team': 'CHI', 'date': datetime.datetime(2025, 10, 26, 10, 0)}, '9': {'team': 'MIA', 'date': datetime.datetime(2025, 10, 30, 17, 15)}, '10': {'team': 'MIN', 'date': datetime.datetime(2025, 11, 9, 10, 0)}, '11': {'team': 'CLE', 'date': datetime.datetime(2025, 11, 16, 13, 25)}, '12': {'team': 'NYJ', 'date': datetime.datetime(2025, 11, 23, 10, 0)}, '13': {'team': 'CIN', 'date': datetime.datetime(2025, 11, 27, 17, 20)}, '14': {'team': 'PIT', 'date': datetime.datetime(2025, 12, 7, 10, 0)}, '15': {'team': 'CIN', 'date': datetime.datetime(2025, 12, 14, 10, 0)}, '16': {'team': 'NE', 'date': datetime.datetime(2025, 12, 21, 17, 20)}, '17': {'team': 'GB', 'date': datetime.datetime(2025, 12, 27, 17, 0)}, '18': {'team': 'PIT', 'date': datetime.datetime(2026, 1, 4, 17, 20)}}","['RB/WR', 'WR', 'WR/TE', 'RB/WR/TE', 'OP', 'BE', 'IR']",RB/WR/TE,2.0,2.0,3.0,3.0,3.0,3.0,,,,,,,,,,,,,,2.0,,,,,,,,,,,,,,,,,,,,,,,1.0,,,,,,,,,,,,,,,,,,,,,,,,,,,,,,1.0,,1.0,,,,,,,,,,,,,,,,,,,,,,,,,,,,,,,,,,,,,,,,,,,,,,,,,,,,,,,,,,,,,,,,,,,,,,,,,,,,,,,,,,,,,,,,,,,,,,,,,,,,,,,,,,,,,,,,,,,,,,,,,,,,,,,,,,,,,,,,,,,,,,,,,,,,,,,,,,,,,,,,,,,,,,2025,,,,3.0,48.0,,,,,,,,,,,,,,,,,,,,,,,,,,,,,5.205132622,48.1141203,,
11.0,5.5,207.77,12.22,14.0,21.5,,8.0,3.0,1.0,1.0,,,2.0,,,,,,3.07142857,5.0,19.0,,7.0,3.0,1.0,1.0,,,7.0,49.0,7.6,,,,,,,,1.0,1.0,,,,2.0,132.9247906,34.1481254,6.612917352,0.254147177,116.0,58.0,29.0,23.0,11.0,26.0,13.0,0.261442037,0.183009426,0.871296957,0.029734022,4.367267604,25.88591058,2.3614307,0.130775861,0.094611673,0.061828728,88.0,44.0,22.0,17.0,8.0,52.76290567,,,0.279124182,0.008632707,64.59749734,8.340338241,0.384923038,0.012187082,1.982758879,0.78703242,2.769791299,0.912069084,0.440738155,1.35280724,1.35280724,17.0,Austin Ekeler,WSH,DRAFT,101,3068267,15,Mendes Army,BE,"{'1': {'team': 'NYG', 'date': datetime.datetime(2025, 9, 7, 10, 0)}, '2': {'team': 'GB', 'date': datetime.datetime(2025, 9, 11, 17, 15)}, '3': {'team': 'LV', 'date': datetime.datetime(2025, 9, 21, 10, 0)}, '4': {'team': 'ATL', 'date': datetime.datetime(2025, 9, 28, 10, 0)}, '5': {'team': 'LAC', 'date': datetime.datetime(2025, 10, 5, 13, 25)}, '6': {'team': 'CHI', 'date': datetime.datetime(2025, 10, 13, 17, 15)}, '7': {'team': 'DAL', 'date': datetime.datetime(2025, 10, 19, 13, 25)}, '8': {'team': 'KC', 'date': datetime.datetime(2025, 10, 27, 17, 15)}, '9': {'team': 'SEA', 'date': datetime.datetime(2025, 11, 2, 17, 20)}, '10': {'team': 'DET', 'date': datetime.datetime(2025, 11, 9, 13, 25)}, '11': {'team': 'MIA', 'date': datetime.datetime(2025, 11, 16, 6, 30)}, '13': {'team': 'DEN', 'date': datetime.datetime(2025, 11, 30, 17, 20)}, '14': {'team': 'MIN', 'date': datetime.datetime(2025, 12, 7, 10, 0)}, '15': {'team': 'NYG', 'date': datetime.datetime(2025, 12, 14, 10, 0)}, '16': {'team': 'PHI', 'date': datetime.datetime(2025, 12, 20, 14, 0)}, '17': {'team': 'DAL', 'date': datetime.datetime(2025, 12, 25, 10, 0)}, '18': {'team': 'PHI', 'date': datetime.datetime(2026, 1, 4, 13, 25)}}","['RB', 'RB/WR', 'RB/WR/TE', 'OP', 'BE', 'IR']",BE,,,,,,,,,,0.170907911,,879.8384251,,87.0,35.0,,,,,,,,,,,,,,,,,,,,,,,,,,,,,,,,,,,,,,,,,,,,,,,,,,,,,,,,,,,,,,,,,,,,,,,,,,,,,,,,,,,,,,,,,,,,,,,,,,,,,,,,,,,,,,,,,,,,,,,,,,,,,,,,,,,,,,,,,,,,,,,,,,,,,,,,,,,,,,,,,,,,,,,,,,,,,,,,,,,,,,,,,,,,,,,,,,,,,,,,,,,,,,,,,,,,,,,,,,,,,,,,,,2025,,,,3.0,2.0,,,,,,,,,,,,,,,,,,,,,,,,,,,,,34.67891721,23.97746383,,
202.0,11.88,159.94,9.41,,,,,,,,,,,,,,,,,85.0,59.58823529,4.0,196.0,93.0,44.0,33.0,12.0,9.0,102.0,354.0,11.91764706,,,,,,2.0,2.0,14.0,3.0,24.0,,,17.0,2.260882386,0.776510546,0.132640098,0.006580651,2.0,1.0,,,,,,0.004151366,0.002905956,0.000355217,1.21222e-05,5.838728876,42.06010045,3.618525254,0.210425508,0.154972237,0.101274357,143.0,71.0,35.0,28.0,14.0,65.90415186,,,1.035930034,0.032039073,93.44415062,10.84941825,0.217006159,0.003648598,0.027503606,0.801723183,0.829226789,0.012651659,0.448964982,0.461616641,0.461616641,17.0,Stefon Diggs,NE,DRAFT,17,2976212,15,Mendes Army,WR,"{'1': {'team': 'LV', 'date': datetime.datetime(2025, 9, 7, 10, 0)}, '2': {'team': 'MIA', 'date': datetime.datetime(2025, 9, 14, 10, 0)}, '3': {'team': 'PIT', 'date': datetime.datetime(2025, 9, 21, 10, 0)}, '4': {'team': 'CAR', 'date': datetime.datetime(2025, 9, 28, 10, 0)}, '5': {'team': 'BUF', 'date': datetime.datetime(2025, 10, 5, 17, 20)}, '6': {'team': 'NO', 'date': datetime.datetime(2025, 10, 12, 10, 0)}, '7': {'team': 'TEN', 'date': datetime.datetime(2025, 10, 19, 10, 0)}, '8': {'team': 'CLE', 'date': datetime.datetime(2025, 10, 26, 10, 0)}, '9': {'team': 'ATL', 'date': datetime.datetime(2025, 11, 2, 10, 0)}, '10': {'team': 'TB', 'date': datetime.datetime(2025, 11, 9, 10, 0)}, '11': {'team': 'NYJ', 'date': datetime.datetime(2025, 11, 13, 17, 15)}, '12': {'team': 'CIN', 'date': datetime.datetime(2025, 11, 23, 10, 0)}, '13': {'team': 'NYG', 'date': datetime.datetime(2025, 12, 1, 17, 15)}, '15': {'team': 'BUF', 'date': datetime.datetime(2025, 12, 14, 10, 0)}, '16': {'team': 'BAL', 'date': datetime.datetime(2025, 12, 21, 17, 20)}, '17': {'team': 'NYJ', 'date': datetime.datetime(2025, 12, 28, 10, 0)}, '18': {'team': 'MIA', 'date': datetime.datetime(2026, 1, 4, 13, 25)}}","['RB/WR', 'WR', 'WR/TE', 'RB/WR/TE', 'OP', 'BE', 'IR']",WR,,,5.0,5.0,,,,,,,,,,,,,,1.0,3.0,,,,,,,,,,,,,,,,,,,,,,,,,,,,,,,,,,,,,,,,,,,,,,,,,,,,,,1.0,,,,,,,,,,,,,,,,,,,,,,,,,,,,,,,,,,,,,,,,,,,,,,,,,,,,,,,,,,,,,,,,,,,,,,,,,,,,,,,,,,,,,,,,,,,,,,,,,,,,,,,,,,,,,,,,,,,,,,,,,,,,,,,,,,,,,,,,,,,,,,,,,,,,,,,,,,,,,,,,,,,,,,,,2025,,,,,51.0,,,,,,,,,,,,,,,,,,,,,,,,,,,,,2.753954161,35.06918499,,
174.0,10.24,212.2,12.48,,,,,,,,,,,,,,,,,81.0,45.70588235,4.0,148.0,69.0,30.0,22.0,7.0,10.0,122.0,231.0,9.59259259,,2.0,,,,3.0,3.0,11.0,6.0,24.0,,,17.0,,,,,,,,,,,,,,,,,56.11827595,6.162445697,0.362862463,0.142176457,0.092912315,190.0,95.0,47.0,38.0,19.0,81.03908012,,,2.231487642,0.069015082,127.3702414,11.77223001,0.362862463,0.006206475,,1.410562415,1.410562415,,0.789914952,0.789914952,0.789914952,17.0,Keenan Allen,LAC,DRAFT,29,15818,15,Mendes Army,BE,"{'1': {'team': 'KC', 'date': datetime.datetime(2025, 9, 5, 17, 0)}, '2': {'team': 'LV', 'date': datetime.datetime(2025, 9, 15, 19, 0)}, '3': {'team': 'DEN', 'date': datetime.datetime(2025, 9, 21, 13, 5)}, '4': {'team': 'NYG', 'date': datetime.datetime(2025, 9, 28, 10, 0)}, '5': {'team': 'WSH', 'date': datetime.datetime(2025, 10, 5, 13, 25)}, '6': {'team': 'MIA', 'date': datetime.datetime(2025, 10, 12, 10, 0)}, '7': {'team': 'IND', 'date': datetime.datetime(2025, 10, 19, 13, 5)}, '8': {'team': 'MIN', 'date': datetime.datetime(2025, 10, 23, 17, 15)}, '9': {'team': 'TEN', 'date': datetime.datetime(2025, 11, 2, 10, 0)}, '10': {'team': 'PIT', 'date': datetime.datetime(2025, 11, 9, 17, 20)}, '11': {'team': 'JAX', 'date': datetime.datetime(2025, 11, 16, 10, 0)}, '13': {'team': 'LV', 'date': datetime.datetime(2025, 11, 30, 13, 25)}, '14': {'team': 'PHI', 'date': datetime.datetime(2025, 12, 8, 17, 15)}, '15': {'team': 'KC', 'date': datetime.datetime(2025, 12, 14, 10, 0)}, '16': {'team': 'DAL', 'date': datetime.datetime(2025, 12, 21, 10, 0)}, '17': {'team': 'HOU', 'date': datetime.datetime(2025, 12, 27, 13, 30)}, '18': {'team': 'DEN', 'date': datetime.datetime(2026, 1, 4, 13, 25)}}","['RB/WR', 'WR', 'WR/TE', 'RB/WR/TE', 'OP', 'BE', 'IR']",BE,,,1.0,1.0,2.0,,,,,,,,,,,,,1.0,1.0,1.0,,,,,,,,,,,,,,,,,,,,,,,,,,,,,,,,,,,,,,,,,,,,,,,,,,,,,2.0,,,,,,,,,,,,,,,,,,,,,,,,,,,,,,,,,,,,,,,,,,,,,,,,,,,,,,,,,,,,,,,,,,,,,,,,,,,,,,,,,,,,,,,,,,,,,,,,,,,,,,,,,,,,,,,,,,,,,,,,,,,,,,,,,,,,,,,,,,,,,,,,,,,,,,,,,,,,,,,,,,,,,,,,2025,,,,,49.0,,,,,,,,,,,,,,,,,,,,,,,,,,,,,,46.1495618,,
222.0,14.8,263.07,15.47,47.0,13.26666667,,34.0,13.0,5.0,4.0,,,3.0,,,,,,4.23404255,,,,,,,,,,,,,4.0,7.0,,2.0,8.0,1.0,1.0,9.0,5.0,138.0,,,15.0,48.12246475,10.34742537,2.023457258,0.102627917,35.0,17.0,8.0,7.0,3.0,9.0,4.0,0.090563116,0.063394181,0.078909238,0.00269287,3.655386985,,,,,,,,,,,,,,,,,,1.598524722,0.033252051,0.587134525,,7.557284219,0.270081881,,3.615753735,17.23203939,17.0,Jordan Love,GB,DRAFT,14,4036378,15,Mendes Army,BE,"{'1': {'team': 'DET', 'date': datetime.datetime(2025, 9, 7, 13, 25)}, '2': {'team': 'WSH', 'date': datetime.datetime(2025, 9, 11, 17, 15)}, '3': {'team': 'CLE', 'date': datetime.datetime(2025, 9, 21, 10, 0)}, '4': {'team': 'DAL', 'date': datetime.datetime(2025, 9, 28, 17, 20)}, '6': {'team': 'CIN', 'date': datetime.datetime(2025, 10, 12, 13, 25)}, '7': {'team': 'ARI', 'date': datetime.datetime(2025, 10, 19, 13, 25)}, '8': {'team': 'PIT', 'date': datetime.datetime(2025, 10, 26, 17, 20)}, '9': {'team': 'CAR', 'date': datetime.datetime(2025, 11, 2, 10, 0)}, '10': {'team': 'PHI', 'date': datetime.datetime(2025, 11, 10, 17, 15)}, '11': {'team': 'NYG', 'date': datetime.datetime(2025, 11, 16, 10, 0)}, '12': {'team': 'MIN', 'date': datetime.datetime(2025, 11, 23, 10, 0)}, '13': {'team': 'DET', 'date': datetime.datetime(2025, 11, 27, 10, 0)}, '14': {'team': 'CHI', 'date': datetime.datetime(2025, 12, 7, 13, 25)}, '15': {'team': 'DEN', 'date': datetime.datetime(2025, 12, 14, 13, 25)}, '16': {'team': 'CHI', 'date': datetime.datetime(2025, 12, 20, 17, 20)}, '17': {'team': 'BAL', 'date': datetime.datetime(2025, 12, 27, 17, 0)}, '18': {'team': 'MIN', 'date': datetime.datetime(2026, 1, 4, 10, 0)}}","['QB', 'OP', 'BE', 'IR']",BE,,,,,,,,,,,,,,,,,,,,,439.0,291.0,148.0,225.4,23.0,668.0,330.0,159.0,129.0,59.0,24.0,50.0,20.0,25.0,8.0,3.0,1.0,2.0,2.0,6.0,0.66287016,21.0,4.0,10.0,7.0,3.0,,540.0521728,347.6291541,192.4230188,236.6000515,26.25009584,804.0,402.0,201.0,160.0,80.0,40.0,69.0,34.0,3.23376931,2.113268244,3.102923067,0.419123547,1.495896805,13.61628566,0.643695501,31.2322074,6.970149694,3.345671853,,,,,,,,,,,,,,,,,,,,,,,,,,,,,,,,,,,,,,,,,,,,,,,,,,,,,,,,,,,,,,,,,,,,,,,,,,,,,,,,,,,,,,,,,,,,,,,,,,,,,,,,,,,,,,,,,,,,,,,,,,,,,,,,,,,,,,,,,,,,,,,,,,,,,,,,,,,,,,,,,,,,,,,,,,,2025,,,159.0,14.0,,,,,,,,,,,,,,,,,,,,,,,,,,,,,,12.44360425,,192.0424302,
213.0,12.53,115.61,6.8,,,,,,,,,,,,,,,,,78.0,59.17647059,7.0,195.0,93.0,42.0,32.0,12.0,10.0,126.0,273.0,12.8974359,,,,,,2.0,2.0,3.0,14.0,42.0,,2.0,17.0,,,,,,,,,,,,,,,,,30.70853391,2.921092019,0.222054425,0.143997396,0.094102298,104.0,52.0,26.0,20.0,10.0,46.52118155,,,0.432210514,0.013367335,69.45164202,11.22166418,0.222054425,0.003563708,,0.809933739,0.809933739,,0.453562894,0.453562894,0.453562894,17.0,Michael Wilson,ARI,DRAFT,11,4360761,15,Mendes Army,WR,"{'1': {'team': 'NO', 'date': datetime.datetime(2025, 9, 7, 10, 0)}, '2': {'team': 'CAR', 'date': datetime.datetime(2025, 9, 14, 13, 5)}, '3': {'team': 'SF', 'date': datetime.datetime(2025, 9, 21, 13, 25)}, '4': {'team': 'SEA', 'date': datetime.datetime(2025, 9, 25, 17, 15)}, '5': {'team': 'TEN', 'date': datetime.datetime(2025, 10, 5, 13, 5)}, '6': {'team': 'IND', 'date': datetime.datetime(2025, 10, 12, 10, 0)}, '7': {'team': 'GB', 'date': datetime.datetime(2025, 10, 19, 13, 25)}, '9': {'team': 'DAL', 'date': datetime.datetime(2025, 11, 3, 17, 15)}, '10': {'team': 'SEA', 'date': datetime.datetime(2025, 11, 9, 13, 5)}, '11': {'team': 'SF', 'date': datetime.datetime(2025, 11, 16, 13, 5)}, '12': {'team': 'JAX', 'date': datetime.datetime(2025, 11, 23, 13, 5)}, '13': {'team': 'TB', 'date': datetime.datetime(2025, 11, 30, 10, 0)}, '14': {'team': 'LAR', 'date': datetime.datetime(2025, 12, 7, 13, 25)}, '15': {'team': 'HOU', 'date': datetime.datetime(2025, 12, 14, 10, 0)}, '16': {'team': 'ATL', 'date': datetime.datetime(2025, 12, 21, 13, 5)}, '17': {'team': 'CIN', 'date': datetime.datetime(2025, 12, 28, 10, 0)}, '18': {'team': 'LAR', 'date': datetime.datetime(2026, 1, 4, 13, 25)}}","['RB/WR', 'WR', 'WR/TE', 'RB/WR/TE', 'OP', 'BE', 'IR']",WR,1.0,,3.0,3.0,,,,,,,,,,,,,,3.0,,,,,,,,,,,,,,,,,,,,,,,,,,,,,,,,,,,,,,,,,,,,,,,,,,,,,,,4.0,,,,,,,,,,,,,,,,,,,,,,,,,,,,,,,,,,,,,,,,,,,,,,,,,,,,,,,,,,,,,,,,,,,,,,,,,,,,,,,,,,,,,,,,,,,,,,,,,,,,,,,,,,,,,,,,,,,,,,,,,,,,,,,,,,,,,,,,,,,,,,,,,,,,,,,,,,,,,,,,,,,,,,,,2025,,,,,51.0,,,,,,,,,,,,,,,,,,,,,,,,,,,,,,25.04443695,,
169.0,9.94,125.86,7.4,,,,,,,,,,,,,,,,,82.0,45.70588235,3.0,148.0,69.0,29.0,24.0,8.0,10.0,106.0,358.0,9.47560976,,1.0,,,,1.0,2.0,12.0,5.0,18.0,,,17.0,,,,,,,,,,,,,,,,,33.64227365,2.758636113,0.14468198,0.123293922,0.080572578,114.0,57.0,28.0,22.0,11.0,52.52124755,,,0.552133163,0.017076283,78.91281879,10.88928155,0.14468198,0.002023226,,0.45982405,0.45982405,,0.257501468,0.257501468,0.257501468,17.0,Dalton Schultz,HOU,ADD,10,3117256,15,Mendes Army,BE,"{'1': {'team': 'LAR', 'date': datetime.datetime(2025, 9, 7, 13, 25)}, '2': {'team': 'TB', 'date': datetime.datetime(2025, 9, 15, 16, 0)}, '3': {'team': 'JAX', 'date': datetime.datetime(2025, 9, 21, 10, 0)}, '4': {'team': 'TEN', 'date': datetime.datetime(2025, 9, 28, 10, 0)}, '5': {'team': 'BAL', 'date': datetime.datetime(2025, 10, 5, 10, 0)}, '7': {'team': 'SEA', 'date': datetime.datetime(2025, 10, 20, 19, 0)}, '8': {'team': 'SF', 'date': datetime.datetime(2025, 10, 26, 10, 0)}, '9': {'team': 'DEN', 'date': datetime.datetime(2025, 11, 2, 10, 0)}, '10': {'team': 'JAX', 'date': datetime.datetime(2025, 11, 9, 10, 0)}, '11': {'team': 'TEN', 'date': datetime.datetime(2025, 11, 16, 10, 0)}, '12': {'team': 'BUF', 'date': datetime.datetime(2025, 11, 20, 17, 15)}, '13': {'team': 'IND', 'date': datetime.datetime(2025, 11, 30, 10, 0)}, '14': {'team': 'KC', 'date': datetime.datetime(2025, 12, 7, 17, 20)}, '15': {'team': 'ARI', 'date': datetime.datetime(2025, 12, 14, 10, 0)}, '16': {'team': 'LV', 'date': datetime.datetime(2025, 12, 21, 13, 25)}, '17': {'team': 'LAC', 'date': datetime.datetime(2025, 12, 27, 13, 30)}, '18': {'team': 'IND', 'date': datetime.datetime(2026, 1, 4, 10, 0)}}","['WR/TE', 'TE', 'RB/WR/TE', 'OP', 'BE', 'IR']",BE,,,,,1.0,,,,,,,,,,,,,,3.0,,,,,,,,,,,,,,,,,,,,,,,,,,,,,,,,,,,,,,,,,,,,,,,,,,,,,,,1.0,,,,,,,,,,,,,,,,,,,,,,,,,,,,,,,,,,,,,,,,,,,,,,,,,,,,,,,,,,,,,,,,,,,,,,,,,,,,,,,,,,,,,,,,,,,,,,,,,,,,,,,,,,,,,,,,,,,,,,,,,,,,,,,,,,,,,,,,,,,,,,,,,,,,,,,,,,,,,,,,,,,,,,,2025,,,,,39.0,,,,,,,,,,,,,,,,,,,,,,,,,,,,,,27.7209367,,
85.0,5.0,31.25,1.84,125.0,29.17647059,3.0,93.0,44.0,19.0,13.0,4.0,1.0,18.0,6.0,,,1.0,,3.968,15.0,5.82352941,,17.0,6.0,2.0,2.0,,,17.0,133.0,6.6,,1.0,,,,1.0,1.0,9.0,7.0,20.0,2.0,,17.0,33.11978739,8.648172639,1.027700118,0.052077513,29.0,14.0,7.0,5.0,2.0,6.0,3.0,0.061977481,0.043384236,0.063265453,0.002159007,4.439005997,2.458713592,0.238428149,0.013586128,0.038759367,0.025329246,8.0,4.0,2.0,1.0,,5.752945394,,,0.020954721,0.000648084,7.703086248,7.265518478,0.065663641,0.001109231,0.214788791,0.037309062,0.252097853,0.098802844,0.020893074,0.119695918,0.119695918,17.0,Emanuel Wilson,GB,ADD,51,4887558,15,Mendes Army,BE,"{'1': {'team': 'DET', 'date': datetime.datetime(2025, 9, 7, 13, 25)}, '2': {'team': 'WSH', 'date': datetime.datetime(2025, 9, 11, 17, 15)}, '3': {'team': 'CLE', 'date': datetime.datetime(2025, 9, 21, 10, 0)}, '4': {'team': 'DAL', 'date': datetime.datetime(2025, 9, 28, 17, 20)}, '6': {'team': 'CIN', 'date': datetime.datetime(2025, 10, 12, 13, 25)}, '7': {'team': 'ARI', 'date': datetime.datetime(2025, 10, 19, 13, 25)}, '8': {'team': 'PIT', 'date': datetime.datetime(2025, 10, 26, 17, 20)}, '9': {'team': 'CAR', 'date': datetime.datetime(2025, 11, 2, 10, 0)}, '10': {'team': 'PHI', 'date': datetime.datetime(2025, 11, 10, 17, 15)}, '11': {'team': 'NYG', 'date': datetime.datetime(2025, 11, 16, 10, 0)}, '12': {'team': 'MIN', 'date': datetime.datetime(2025, 11, 23, 10, 0)}, '13': {'team': 'DET', 'date': datetime.datetime(2025, 11, 27, 10, 0)}, '14': {'team': 'CHI', 'date': datetime.datetime(2025, 12, 7, 13, 25)}, '15': {'team': 'DEN', 'date': datetime.datetime(2025, 12, 14, 13, 25)}, '16': {'team': 'CHI', 'date': datetime.datetime(2025, 12, 20, 17, 20)}, '17': {'team': 'BAL', 'date': datetime.datetime(2025, 12, 27, 17, 0)}, '18': {'team': 'MIN', 'date': datetime.datetime(2026, 1, 4, 10, 0)}}","['RB', 'RB/WR', 'RB/WR/TE', 'OP', 'BE', 'IR']",BE,,,,,1.0,,233.0,21.0,7.0,,,,,,,,,,,,,,,,,,,,,,,,,,,,,,,,,,,,,,,,,,,,,,,,,,,,,,,,,,,,,,1.0,,,,1.0,,,,,,,,,,,,,,,,,,,,,,,,,,,,,,,,,,,,,,,,,,,,,,,,,,,,,,,,,,,,,,,,,,,,,,,,,,,,,,,,,,,,,,,,,,,,,,,,,,,,,,,,,,,,,,,,,,,,,,,,,,,,,,,,,,,,,,,,,,,,,,,,,,,,,,,,,,,,,,,,,,,,,,2025,,,,32.0,5.0,,,,,,,,,,,,,,,,,,,,,,,,,,,,,9.814416176,1.411701282,,
68.0,4.53,61.31,3.61,84.0,25.46666667,3.0,72.0,33.0,14.0,10.0,1.0,,10.0,2.0,,,,,4.54761905,17.0,5.8,,15.0,4.0,,,,,21.0,109.0,5.11764706,3.0,3.0,2.0,2.0,2.0,1.0,7.0,6.0,9.0,18.0,2.0,,15.0,46.20621438,11.54493954,1.269671159,0.073274027,39.0,19.0,9.0,7.0,3.0,9.0,4.0,0.086880885,0.060816619,0.098998299,0.003378432,4.247566585,8.098298017,0.779831498,0.029535439,0.073207466,0.047841079,27.0,13.0,6.0,5.0,2.0,17.19087244,,,0.05471865,0.001692329,21.42793941,8.008381587,0.102809466,0.001780413,0.294916507,0.109722732,0.404639239,0.135661593,0.06144473,0.197106323,0.197106323,17.0,Samaje Perine,CIN,ADD,57,3116389,15,Mendes Army,BE,"{'1': {'team': 'CLE', 'date': datetime.datetime(2025, 9, 7, 10, 0)}, '2': {'team': 'JAX', 'date': datetime.datetime(2025, 9, 14, 10, 0)}, '3': {'team': 'MIN', 'date': datetime.datetime(2025, 9, 21, 10, 0)}, '4': {'team': 'DEN', 'date': datetime.datetime(2025, 9, 29, 17, 15)}, '5': {'team': 'DET', 'date': datetime.datetime(2025, 10, 5, 13, 25)}, '6': {'team': 'GB', 'date': datetime.datetime(2025, 10, 12, 13, 25)}, '7': {'team': 'PIT', 'date': datetime.datetime(2025, 10, 16, 17, 15)}, '8': {'team': 'NYJ', 'date': datetime.datetime(2025, 10, 26, 10, 0)}, '9': {'team': 'CHI', 'date': datetime.datetime(2025, 11, 2, 10, 0)}, '11': {'team': 'PIT', 'date': datetime.datetime(2025, 11, 16, 10, 0)}, '12': {'team': 'NE', 'date': datetime.datetime(2025, 11, 23, 10, 0)}, '13': {'team': 'BAL', 'date': datetime.datetime(2025, 11, 27, 17, 20)}, '14': {'team': 'BUF', 'date': datetime.datetime(2025, 12, 7, 10, 0)}, '15': {'team': 'BAL', 'date': datetime.datetime(2025, 12, 14, 10, 0)}, '16': {'team': 'MIA', 'date': datetime.datetime(2025, 12, 21, 10, 0)}, '17': {'team': 'ARI', 'date': datetime.datetime(2025, 12, 28, 10, 0)}, '18': {'team': 'CLE', 'date': datetime.datetime(2026, 1, 4, 10, 0)}}","['RB', 'RB/WR', 'RB/WR/TE', 'OP', 'BE', 'IR']",BE,,,,,,,430.0,40.0,15.0,,,,,,,,,,,,,,,,,,,,,,,,,,,,,,,,,,3.0,,,,,,,,,,,,,,,,,,,,,,,,,,,,,,,6.0,,,,,,,,,,,,,,,,,,,,,,,,,,,,,,,,,,,,,,,,,,,,,,,,,,,,,,,,,,,,,,,,,,,,,,,,,,,,,,,,,,,,,,,,,,,,,,,,,,,,,,,,,,,,,,,,,,,,,,,,,,1.0,2.0,,,,,,,,,,,,,,,,,,,,,,,,,,,,,,,,,,,,,,,,,,,,2025,,,,34.0,6.0,,,,,,,,,,,,,,,,,,,,,,,,,,,,,12.45262266,6.883969832,,
145.0,8.53,146.36,8.61,,,,,,,,,,,,,,,,,,,,,,,,,,,,,,,,,,3.0,4.0,9.0,8.0,135.0,,,17.0,,,,,,,,,,,,,,,,,,,,,,,,,,,,,,,,,,,,,,,,,,,17.0,Jake Bates,DET,ADD,9,4689936,15,Mendes Army,K,"{'1': {'team': 'GB', 'date': datetime.datetime(2025, 9, 7, 13, 25)}, '2': {'team': 'CHI', 'date': datetime.datetime(2025, 9, 14, 10, 0)}, '3': {'team': 'BAL', 'date': datetime.datetime(2025, 9, 22, 17, 15)}, '4': {'team': 'CLE', 'date': datetime.datetime(2025, 9, 28, 10, 0)}, '5': {'team': 'CIN', 'date': datetime.datetime(2025, 10, 5, 13, 25)}, '6': {'team': 'KC', 'date': datetime.datetime(2025, 10, 12, 17, 20)}, '7': {'team': 'TB', 'date': datetime.datetime(2025, 10, 20, 16, 0)}, '9': {'team': 'MIN', 'date': datetime.datetime(2025, 11, 2, 10, 0)}, '10': {'team': 'WSH', 'date': datetime.datetime(2025, 11, 9, 13, 25)}, '11': {'team': 'PHI', 'date': datetime.datetime(2025, 11, 16, 17, 20)}, '12': {'team': 'NYG', 'date': datetime.datetime(2025, 11, 23, 10, 0)}, '13': {'team': 'GB', 'date': datetime.datetime(2025, 11, 27, 10, 0)}, '14': {'team': 'DAL', 'date': datetime.datetime(2025, 12, 4, 17, 15)}, '15': {'team': 'LAR', 'date': datetime.datetime(2025, 12, 14, 13, 25)}, '16': {'team': 'PIT', 'date': datetime.datetime(2025, 12, 21, 13, 25)}, '17': {'team': 'MIN', 'date': datetime.datetime(2025, 12, 25, 13, 30)}, '18': {'team': 'CHI', 'date': datetime.datetime(2026, 1, 4, 13, 25)}}","['K', 'BE', 'IR']",K,,,,,,,,,,,,,,,,,,,,,,,,,,,,,,,,,,,,,,,,,,,,,,,,,,,,,,,,,,,,,,,,,,,,,,,,,,1.0,,,,4.0,9.0,9.0,11.0,2.0,14.0,14.0,,27.0,34.0,7.0,54.0,56.0,2.0,4.0,8.0,5.042874152,7.046264393,2.003390241,7.440762911,9.110983726,1.670220815,16.37814106,16.61607464,0.237933578,28.86177812,32.77332276,3.911544634,46.16397709,47.12146075,0.957483664,5.042874152,7.046264393,2.003390241,,,,,,,,,,,,,,,,,,,,,,,,,,,,,,,,,,,,,,,,,,,,,,,,,,,,,,,,,,,,,,,,,,,,,,,,,,,,,,,,,,,,,,,5.0,4.0,1.0,1.0,,,,,,,,,,,,,,,,,,,,,,,,,,,,,,,,,,,,,,,,2025,,,,,,1066.0,369.0,1435.0,207.0,99.0,44.0,35.0,12.0,3.0,71.0,34.0,15.0,12.0,5.0,280.0,135.0,63.0,50.0,20.0,6.0,,,1098.493767,190.481017,1288.974784,,,,,,,
121.0,7.12,117.63,6.92,,,,,,,,,,,,,,,,,,,,,,,,,,,,,,,,,,642.0,1225.0,9.0,8.0,,,,17.0,,,,,,,,,,,,,,,,,,,,,,,,,,,,,,,,,,,,,,,,,,,17.0,Vikings D/ST,MIN,ADD,5,-16016,15,Mendes Army,D/ST,"{'1': {'team': 'CHI', 'date': datetime.datetime(2025, 9, 8, 17, 15)}, '2': {'team': 'ATL', 'date': datetime.datetime(2025, 9, 14, 17, 20)}, '3': {'team': 'CIN', 'date': datetime.datetime(2025, 9, 21, 10, 0)}, '4': {'team': 'PIT', 'date': datetime.datetime(2025, 9, 28, 6, 30)}, '5': {'team': 'CLE', 'date': datetime.datetime(2025, 10, 5, 6, 30)}, '7': {'team': 'PHI', 'date': datetime.datetime(2025, 10, 19, 10, 0)}, '8': {'team': 'LAC', 'date': datetime.datetime(2025, 10, 23, 17, 15)}, '9': {'team': 'DET', 'date': datetime.datetime(2025, 11, 2, 10, 0)}, '10': {'team': 'BAL', 'date': datetime.datetime(2025, 11, 9, 10, 0)}, '11': {'team': 'CHI', 'date': datetime.datetime(2025, 11, 16, 10, 0)}, '12': {'team': 'GB', 'date': datetime.datetime(2025, 11, 23, 10, 0)}, '13': {'team': 'SEA', 'date': datetime.datetime(2025, 11, 30, 13, 5)}, '14': {'team': 'WSH', 'date': datetime.datetime(2025, 12, 7, 10, 0)}, '15': {'team': 'DAL', 'date': datetime.datetime(2025, 12, 14, 17, 20)}, '16': {'team': 'NYG', 'date': datetime.datetime(2025, 12, 21, 10, 0)}, '17': {'team': 'DET', 'date': datetime.datetime(2025, 12, 25, 13, 30)}, '18': {'team': 'GB', 'date': datetime.datetime(2026, 1, 4, 10, 0)}}","['D/ST', 'BE', 'IR']",D/ST,,,,,,,1741.0,167.0,61.0,0.39323792,0.179977212,1428.074552,283.2428259,142.0,57.0,28.0,11.0,,,,,,,,,,,,,,,,,,,,,,,,,,,,,,,,,,,,,,,,,,,,,,,,,,,,,,,,,583.0,,,17.0,,,,,,,,,,,,,,,,,,,,,,,,,,,,,,,,,,,12.0,1.0,1.0,3.0,1.0,2.0,8.0,2.0,,49.0,98.0,,,1.0,2.0,403.0,239.0,98.0,55.0,303.0,23.0,7.0,309.0,3.0,7.0,0.0,1.0,4804.0,0.0,3.0,4.0,7.0,1.0,2.0,0.0,0.0,0.0,1.0,1.0,3.0,1.0,3.0,7.0,0.0,1.0,0.254378941,1.14853368,3.879491542,3.335001501,0.109611817,1.710634861,13.26248681,7.954637519,1.858228869,0.237053972,43.69182988,87.38365976,1.154054653,0.556580208,2.393461811,12.23790387,1075.252013,358.0,215.0,86.18122923,362.3214077,2.467220498,3.207386648,1.965268742,0.672104894,0.070613552,21.31302398,5655.951568,0.706665999,5.619271798,4.316622427,3.626984524,1.864576551,0.595983373,0.221365253,0.048530075,332.7030334,,,,,,,,,,1.0,,,,,,,,,,,,,,,,,,,,,,,,,,,,,,,,,,,,,,2025,,,,,,,,,,,,,,,,,,,,,,,,,,,,,,,,,,,,,55.72657277
167.0,11.93,171.91,10.11,130.0,43.07142857,7.0,115.0,54.0,22.0,18.0,6.0,1.0,19.0,5.0,,,1.0,,4.63846154,32.0,24.64285714,2.0,65.0,29.0,12.0,9.0,2.0,2.0,37.0,263.0,10.78125,2.0,3.0,2.0,3.0,3.0,,,11.0,3.0,58.0,5.0,,14.0,180.8705909,44.23586427,6.917544997,0.343199028,150.0,75.0,37.0,30.0,15.0,36.0,18.0,0.364479724,0.255135807,1.466466227,0.050044866,4.157722319,11.74681744,1.515350903,0.088182323,0.036351777,0.023755886,39.0,19.0,9.0,7.0,3.0,29.37768752,,,0.074566357,0.002306176,38.33913162,6.797536273,0.43138135,0.01398891,2.735059008,0.44423866,3.179297668,1.258127144,0.248773649,1.506900793,1.506900793,17.0,Rhamondre Stevenson,NE,ADD,25,4569173,15,Mendes Army,RB,"{'1': {'team': 'LV', 'date': datetime.datetime(2025, 9, 7, 10, 0)}, '2': {'team': 'MIA', 'date': datetime.datetime(2025, 9, 14, 10, 0)}, '3': {'team': 'PIT', 'date': datetime.datetime(2025, 9, 21, 10, 0)}, '4': {'team': 'CAR', 'date': datetime.datetime(2025, 9, 28, 10, 0)}, '5': {'team': 'BUF', 'date': datetime.datetime(2025, 10, 5, 17, 20)}, '6': {'team': 'NO', 'date': datetime.datetime(2025, 10, 12, 10, 0)}, '7': {'team': 'TEN', 'date': datetime.datetime(2025, 10, 19, 10, 0)}, '8': {'team': 'CLE', 'date': datetime.datetime(2025, 10, 26, 10, 0)}, '9': {'team': 'ATL', 'date': datetime.datetime(2025, 11, 2, 10, 0)}, '10': {'team': 'TB', 'date': datetime.datetime(2025, 11, 9, 10, 0)}, '11': {'team': 'NYJ', 'date': datetime.datetime(2025, 11, 13, 17, 15)}, '12': {'team': 'CIN', 'date': datetime.datetime(2025, 11, 23, 10, 0)}, '13': {'team': 'NYG', 'date': datetime.datetime(2025, 12, 1, 17, 15)}, '15': {'team': 'BUF', 'date': datetime.datetime(2025, 12, 14, 10, 0)}, '16': {'team': 'BAL', 'date': datetime.datetime(2025, 12, 21, 17, 20)}, '17': {'team': 'NYJ', 'date': datetime.datetime(2025, 12, 28, 10, 0)}, '18': {'team': 'MIA', 'date': datetime.datetime(2026, 1, 4, 13, 25)}}","['RB', 'RB/WR', 'RB/WR/TE', 'OP', 'BE', 'IR']",RB,,,,,1.0,1.0,40.0,4.0,1.0,,,,,,,,,,,1.0,,,,,,,,,,,,,,,,,,,,,,,2.0,,,,,,,,,,,,,,,,,,,,,,,,,,,,1.0,,1.0,,,1.0,,,,,,,,,,,,,,,,,,,,,,,,,,,,,,,,,,,,,,,,,,,,,,,,,,,,,,,,,,,,,,,,,,,,,,,,,,,,,,,,,,,,,,,,,,,,,,,,,,,,,,,,,,,,,,,,,,,,,,,,1.0,2.0,,,,,1.0,,,,,,,,,,,,,,,,,,,,,,,,,,,,,,,,,,,,,,,2025,,,,29.0,11.0,,,,,,,,,,,,,,,,,,,,,,,,,,,,,43.60934542,11.67291376,,
163.0,10.87,260.15,15.3,41.0,7.26666667,,19.0,7.0,2.0,1.0,,,2.0,,,,,,2.65853659,,,,,,,,,,,,,1.0,4.0,,1.0,18.0,,,2.0,13.0,114.0,,,15.0,58.34579108,16.92908996,1.737175716,0.094146746,57.0,28.0,14.0,11.0,5.0,11.0,5.0,0.110398369,0.077278859,0.212024742,0.007235591,4.932567096,,,,,,,,,,,,,,,,,,1.270409834,0.039651201,0.756407444,,9.011636511,0.347947424,,4.310457377,17.54527364,17.0,Geno Smith,LV,ADD,24,15864,15,Mendes Army,QB,"{'1': {'team': 'NE', 'date': datetime.datetime(2025, 9, 7, 10, 0)}, '2': {'team': 'LAC', 'date': datetime.datetime(2025, 9, 15, 19, 0)}, '3': {'team': 'WSH', 'date': datetime.datetime(2025, 9, 21, 10, 0)}, '4': {'team': 'CHI', 'date': datetime.datetime(2025, 9, 28, 13, 25)}, '5': {'team': 'IND', 'date': datetime.datetime(2025, 10, 5, 10, 0)}, '6': {'team': 'TEN', 'date': datetime.datetime(2025, 10, 12, 13, 5)}, '7': {'team': 'KC', 'date': datetime.datetime(2025, 10, 19, 10, 0)}, '9': {'team': 'JAX', 'date': datetime.datetime(2025, 11, 2, 13, 5)}, '10': {'team': 'DEN', 'date': datetime.datetime(2025, 11, 6, 17, 15)}, '11': {'team': 'DAL', 'date': datetime.datetime(2025, 11, 17, 17, 15)}, '12': {'team': 'CLE', 'date': datetime.datetime(2025, 11, 23, 13, 5)}, '13': {'team': 'LAC', 'date': datetime.datetime(2025, 11, 30, 13, 25)}, '14': {'team': 'DEN', 'date': datetime.datetime(2025, 12, 7, 13, 5)}, '15': {'team': 'PHI', 'date': datetime.datetime(2025, 12, 14, 10, 0)}, '16': {'team': 'HOU', 'date': datetime.datetime(2025, 12, 21, 13, 25)}, '17': {'team': 'NYG', 'date': datetime.datetime(2025, 12, 28, 13, 5)}, '18': {'team': 'KC', 'date': datetime.datetime(2026, 1, 4, 13, 25)}}","['QB', 'OP', 'BE', 'IR']",QB,,,,,,,,,,,,,,,,,,,,,448.0,302.0,146.0,201.66666667,19.0,599.0,295.0,145.0,114.0,53.0,22.0,54.0,23.0,25.0,8.0,2.0,2.0,1.0,1.0,17.0,0.67410714,55.0,2.0,11.0,4.0,2.0,,591.421793,399.1830021,192.2387909,250.3941166,21.0100789,851.0,425.0,212.0,170.0,85.0,42.0,79.0,39.0,3.591731378,2.347196456,3.843251657,0.519122528,1.176263088,13.23481626,0.674954841,45.34860695,8.255229068,3.962509952,,,,,,,,,,,,,,,,,,,,,,,,,,,,,,,,,,,,,,,,,,,,,,,,,,,,,,,,,,,,,,,,,,,,,,,,,,,,,,,,,,,,,,,,,,,,,,,,,,,,,,,,,,,,,,,,,,,,,,,,,,,,,,,,,,,,,,,,,,,,,,,,,,,,,,,,,,,,,,,,,,,,,,,,,,,2025,,,148.0,13.0,,,,,,,,,,,,,,,,,,,,,,,,,,,,,,16.62922471,,208.7654578,
90.0,5.29,0.0,0.0,,,,,,,,,,,,,,,,,34.0,17.23529412,5.0,56.0,26.0,11.0,8.0,3.0,3.0,46.0,143.0,8.61764706,,,,,,5.0,8.0,12.0,5.0,30.0,,,17.0,,,,,,,,,,,,,,,,,,,,,,,,,,,,,,,,,,,,,,,,,,,,Jake Tonges,SF,ADD,30,4259147,15,Mendes Army,TE,"{'1': {'team': 'SEA', 'date': datetime.datetime(2025, 9, 7, 13, 5)}, '2': {'team': 'NO', 'date': datetime.datetime(2025, 9, 14, 10, 0)}, '3': {'team': 'ARI', 'date': datetime.datetime(2025, 9, 21, 13, 25)}, '4': {'team': 'JAX', 'date': datetime.datetime(2025, 9, 28, 13, 5)}, '5': {'team': 'LAR', 'date': datetime.datetime(2025, 10, 2, 17, 15)}, '6': {'team': 'TB', 'date': datetime.datetime(2025, 10, 12, 13, 25)}, '7': {'team': 'ATL', 'date': datetime.datetime(2025, 10, 19, 17, 20)}, '8': {'team': 'HOU', 'date': datetime.datetime(2025, 10, 26, 10, 0)}, '9': {'team': 'NYG', 'date': datetime.datetime(2025, 11, 2, 10, 0)}, '10': {'team': 'LAR', 'date': datetime.datetime(2025, 11, 9, 13, 25)}, '11': {'team': 'ARI', 'date': datetime.datetime(2025, 11, 16, 13, 5)}, '12': {'team': 'CAR', 'date': datetime.datetime(2025, 11, 24, 17, 15)}, '13': {'team': 'CLE', 'date': datetime.datetime(2025, 11, 30, 10, 0)}, '15': {'team': 'TEN', 'date': datetime.datetime(2025, 12, 14, 13, 25)}, '16': {'team': 'IND', 'date': datetime.datetime(2025, 12, 22, 17, 15)}, '17': {'team': 'CHI', 'date': datetime.datetime(2025, 12, 28, 17, 20)}, '18': {'team': 'SEA', 'date': datetime.datetime(2026, 1, 3, 17, 0)}}","['WR/TE', 'TE', 'RB/WR/TE', 'OP', 'BE', 'IR']",TE,,,,,,,,,,,,,,,,,,,4.0,1.0,,,,,,,,,,,,,,,,,,,,,,,,,,,,,,,,,,,,,,,,,,,,,,,,,,,,,,3.0,,,,,,,,,,,,,,,,,,,,,,,,,,,,,,,,,,,,,,1.0,,,,,,,,,,,,,,,,,,,,,,,,,,,,,,,,,,,,,,,,,,,,,,,,,,,,,,,,,,,,,,,,,,,,,,,,,,,,,,,,,,,,,,,,,,,,,,,,,,,,,,,,,,,,,,,,,,,,,,,,,,,,,,,,,2025,,,,,21.0,,,,,,,,,,,,,,,,,,,,,,,,,,,,,,,,
194.0,11.41,315.72,18.57,2.0,0.41176471,,,,,,,,,,,,,,3.5,84.0,61.64705882,2.0,203.0,98.0,46.0,34.0,12.0,10.0,141.0,451.0,12.47619048,,,,,,1.0,2.0,9.0,8.0,12.0,,,17.0,,,,,,,,,,,,,,,,,83.61115919,10.38580848,0.39568119,0.216419019,0.141429829,284.0,142.0,71.0,56.0,28.0,112.2780875,,,5.537360095,0.17125856,171.2696589,12.65954682,0.39568119,0.00667642,,1.51736807,1.51736807,,0.849726119,0.849726119,0.849726119,17.0,Justin Jefferson,MIN,DRAFT,21,4262921,16,Deb’s Debsters,RB/WR/TE,"{'1': {'team': 'CHI', 'date': datetime.datetime(2025, 9, 8, 17, 15)}, '2': {'team': 'ATL', 'date': datetime.datetime(2025, 9, 14, 17, 20)}, '3': {'team': 'CIN', 'date': datetime.datetime(2025, 9, 21, 10, 0)}, '4': {'team': 'PIT', 'date': datetime.datetime(2025, 9, 28, 6, 30)}, '5': {'team': 'CLE', 'date': datetime.datetime(2025, 10, 5, 6, 30)}, '7': {'team': 'PHI', 'date': datetime.datetime(2025, 10, 19, 10, 0)}, '8': {'team': 'LAC', 'date': datetime.datetime(2025, 10, 23, 17, 15)}, '9': {'team': 'DET', 'date': datetime.datetime(2025, 11, 2, 10, 0)}, '10': {'team': 'BAL', 'date': datetime.datetime(2025, 11, 9, 10, 0)}, '11': {'team': 'CHI', 'date': datetime.datetime(2025, 11, 16, 10, 0)}, '12': {'team': 'GB', 'date': datetime.datetime(2025, 11, 23, 10, 0)}, '13': {'team': 'SEA', 'date': datetime.datetime(2025, 11, 30, 13, 5)}, '14': {'team': 'WSH', 'date': datetime.datetime(2025, 12, 7, 10, 0)}, '15': {'team': 'DAL', 'date': datetime.datetime(2025, 12, 14, 17, 20)}, '16': {'team': 'NYG', 'date': datetime.datetime(2025, 12, 21, 10, 0)}, '17': {'team': 'DET', 'date': datetime.datetime(2025, 12, 25, 13, 30)}, '18': {'team': 'GB', 'date': datetime.datetime(2026, 1, 4, 10, 0)}}","['RB/WR', 'WR', 'WR/TE', 'RB/WR/TE', 'OP', 'BE', 'IR']",RB/WR/TE,,,3.0,3.0,,,,,,,,,,,,,,1.0,,,,,,,,,,,,,,,,,,,,,,,,,,,,,,,,,,,,,,,,,,,,,,,,,,,,,,,2.0,1.0,,,,,,,,,,,,,,,,,,,,,,,,,,,,,,,,,,,,,,,,,,,,,,,,,,,,,,,,,,,,,,,,,,,,,,,,,,,,,,,,,,,,,,,,,,,,,,,,,,,,,,,,,,,,,,,,,,,,,,,,,,,,,,,,,,,,,,,,,,,,,,,,,,,,,,,,,,,,,,,,,,,,,,,2025,,,,,47.0,,,,,,,,,,,,,,,,,,,,,,,,,,,,,,67.88544077,,
226.0,15.07,281.62,16.57,234.0,61.93333333,13.0,180.0,87.0,40.0,30.0,10.0,,40.0,17.0,1.0,,,,3.97008547,36.0,18.8,1.0,50.0,23.0,8.0,6.0,2.0,3.0,44.0,304.0,7.83333333,2.0,3.0,2.0,2.0,2.0,,,8.0,6.0,84.0,10.0,,15.0,302.5555923,76.2137768,11.78090941,0.597437701,259.0,129.0,64.0,51.0,25.0,60.0,30.0,0.646409746,0.452486822,4.357437115,0.148702611,4.282301298,19.22750915,1.727686135,0.098576097,0.064359476,0.042058918,65.0,32.0,16.0,13.0,6.0,41.34922815,,,0.146235648,0.004522752,52.55897511,7.905048537,0.696013798,0.015207073,3.040604186,0.415548876,3.456153062,1.398677926,0.23270737,1.631385296,1.631385296,17.0,Josh Jacobs,GB,DRAFT,13,4047365,16,Deb’s Debsters,BE,"{'1': {'team': 'DET', 'date': datetime.datetime(2025, 9, 7, 13, 25)}, '2': {'team': 'WSH', 'date': datetime.datetime(2025, 9, 11, 17, 15)}, '3': {'team': 'CLE', 'date': datetime.datetime(2025, 9, 21, 10, 0)}, '4': {'team': 'DAL', 'date': datetime.datetime(2025, 9, 28, 17, 20)}, '6': {'team': 'CIN', 'date': datetime.datetime(2025, 10, 12, 13, 25)}, '7': {'team': 'ARI', 'date': datetime.datetime(2025, 10, 19, 13, 25)}, '8': {'team': 'PIT', 'date': datetime.datetime(2025, 10, 26, 17, 20)}, '9': {'team': 'CAR', 'date': datetime.datetime(2025, 11, 2, 10, 0)}, '10': {'team': 'PHI', 'date': datetime.datetime(2025, 11, 10, 17, 15)}, '11': {'team': 'NYG', 'date': datetime.datetime(2025, 11, 16, 10, 0)}, '12': {'team': 'MIN', 'date': datetime.datetime(2025, 11, 23, 10, 0)}, '13': {'team': 'DET', 'date': datetime.datetime(2025, 11, 27, 10, 0)}, '14': {'team': 'CHI', 'date': datetime.datetime(2025, 12, 7, 13, 25)}, '15': {'team': 'DEN', 'date': datetime.datetime(2025, 12, 14, 13, 25)}, '16': {'team': 'CHI', 'date': datetime.datetime(2025, 12, 20, 17, 20)}, '17': {'team': 'BAL', 'date': datetime.datetime(2025, 12, 27, 17, 0)}, '18': {'team': 'MIN', 'date': datetime.datetime(2026, 1, 4, 10, 0)}}","['RB', 'RB/WR', 'RB/WR/TE', 'OP', 'BE', 'IR']",BE,,,,,,,,,,,,,,,,,,,,,,,,,,,,,,,,,,,,,,,,,,,2.0,,,,,,,,,,,,,,,,,,,,,,,,,,,,,,1.0,,2.0,,,,,,,,,,,,,,,,,,,,,,,,,,,,,,,,,,,,,,,,,,,,,,,,,,,,,,,,,,,,,,,,,,,,,,,,,,,,,,,,,,,,,,,,,,,,,,,,,,,,,,,,,,,,,,,,,,,,,,,,,,2.0,,,,,,,,,,,,,,,,,,,,,,,,,,,,,,,,,,,,,,,,,,,,2025,,,,55.0,8.0,,,,,,,,,,,,,,,,,,,,,,,,,,,,,72.98340009,17.99534816,,
349.0,20.53,367.28,21.6,112.0,34.05882353,14.0,110.0,50.0,21.0,16.0,3.0,,15.0,2.0,1.0,,,,5.16964286,,,,,,,,,,,,,6.0,7.0,2.0,3.0,13.0,,,12.0,5.0,234.0,12.0,,17.0,114.4642214,34.38102656,11.16764008,0.358341726,116.0,58.0,29.0,23.0,11.0,22.0,11.0,0.222993346,0.156095342,0.879191843,0.030003444,5.106202134,,,,,,,,,,,,,,,,,,1.844566996,0.037477525,1.465869922,,8.517619314,0.674300164,,4.059139872,14.78577074,17.0,Josh Allen,BUF,DRAFT,1,3918298,16,Deb’s Debsters,QB,"{'1': {'team': 'BAL', 'date': datetime.datetime(2025, 9, 7, 17, 20)}, '2': {'team': 'NYJ', 'date': datetime.datetime(2025, 9, 14, 10, 0)}, '3': {'team': 'MIA', 'date': datetime.datetime(2025, 9, 18, 17, 15)}, '4': {'team': 'NO', 'date': datetime.datetime(2025, 9, 28, 10, 0)}, '5': {'team': 'NE', 'date': datetime.datetime(2025, 10, 5, 17, 20)}, '6': {'team': 'ATL', 'date': datetime.datetime(2025, 10, 13, 16, 15)}, '8': {'team': 'CAR', 'date': datetime.datetime(2025, 10, 26, 10, 0)}, '9': {'team': 'KC', 'date': datetime.datetime(2025, 11, 2, 13, 25)}, '10': {'team': 'MIA', 'date': datetime.datetime(2025, 11, 9, 10, 0)}, '11': {'team': 'TB', 'date': datetime.datetime(2025, 11, 16, 10, 0)}, '12': {'team': 'HOU', 'date': datetime.datetime(2025, 11, 20, 17, 15)}, '13': {'team': 'PIT', 'date': datetime.datetime(2025, 11, 30, 13, 25)}, '14': {'team': 'CIN', 'date': datetime.datetime(2025, 12, 7, 10, 0)}, '15': {'team': 'NE', 'date': datetime.datetime(2025, 12, 14, 10, 0)}, '16': {'team': 'CLE', 'date': datetime.datetime(2025, 12, 21, 10, 0)}, '17': {'team': 'PHI', 'date': datetime.datetime(2025, 12, 28, 13, 25)}, '18': {'team': 'NYJ', 'date': datetime.datetime(2026, 1, 4, 13, 25)}}","['QB', 'OP', 'BE', 'IR']",QB,,,,,,,,,,,,,,,,,,,,,460.0,319.0,141.0,215.76470588,25.0,726.0,361.0,176.0,139.0,67.0,29.0,56.0,25.0,22.0,7.0,4.0,2.0,3.0,1.0,10.0,0.69347826,40.0,2.0,8.0,7.0,5.0,1.0,521.4095499,335.0016792,186.4078707,232.5707254,27.48252596,790.0,395.0,197.0,158.0,79.0,39.0,67.0,33.0,3.133386278,2.047667932,2.917232529,0.394041624,1.48622527,10.72663087,0.642492412,29.23480913,7.051749392,3.384839708,,,,,,,,,,,,,,,,,,,,,,,,,,,,,,,,,,,,,,,,,,,,,,,,,,,,,,,,,,,,,,,,,,,,,,,,,,,,,,,,,,,,,,,,,,,,,,,,,,,,,,,,,,,,,,,,,,,,,,,,,,,,,,,1.0,,,,,,,,,,,,,,,,,,,,,,,,,,,,,,,,,,,,,,,,,,,,2025,,,177.0,46.0,,,,,,,,,,,,,,,,,,,,,,,,,,,,,,37.08662053,,187.6654584,
215.0,13.44,225.77,13.28,223.0,67.9375,9.0,211.0,102.0,47.0,36.0,14.0,3.0,36.0,15.0,,,3.0,,4.87443946,34.0,18.6875,1.0,54.0,23.0,8.0,5.0,1.0,1.0,48.0,357.0,8.79411765,2.0,2.0,2.0,2.0,2.0,,,10.0,6.0,60.0,6.0,,16.0,252.540078,61.02951713,8.452740708,0.431048672,207.0,103.0,51.0,41.0,20.0,50.0,25.0,0.527067025,0.368946917,2.802135136,0.095626122,4.108265901,17.21577377,1.202564232,0.068997769,0.061633966,0.040277797,58.0,29.0,14.0,11.0,5.0,37.18824485,,,0.12078679,0.003735674,47.59136221,7.869910377,0.500046442,0.011260584,2.230733056,0.328490621,2.559223677,1.026137206,0.183954748,1.210091954,1.210091954,17.0,D'Andre Swift,CHI,DRAFT,15,4259545,16,Deb’s Debsters,RB,"{'1': {'team': 'MIN', 'date': datetime.datetime(2025, 9, 8, 17, 15)}, '2': {'team': 'DET', 'date': datetime.datetime(2025, 9, 14, 10, 0)}, '3': {'team': 'DAL', 'date': datetime.datetime(2025, 9, 21, 13, 25)}, '4': {'team': 'LV', 'date': datetime.datetime(2025, 9, 28, 13, 25)}, '6': {'team': 'WSH', 'date': datetime.datetime(2025, 10, 13, 17, 15)}, '7': {'team': 'NO', 'date': datetime.datetime(2025, 10, 19, 10, 0)}, '8': {'team': 'BAL', 'date': datetime.datetime(2025, 10, 26, 10, 0)}, '9': {'team': 'CIN', 'date': datetime.datetime(2025, 11, 2, 10, 0)}, '10': {'team': 'NYG', 'date': datetime.datetime(2025, 11, 9, 10, 0)}, '11': {'team': 'MIN', 'date': datetime.datetime(2025, 11, 16, 10, 0)}, '12': {'team': 'PIT', 'date': datetime.datetime(2025, 11, 23, 10, 0)}, '13': {'team': 'PHI', 'date': datetime.datetime(2025, 11, 28, 12, 0)}, '14': {'team': 'GB', 'date': datetime.datetime(2025, 12, 7, 13, 25)}, '15': {'team': 'CLE', 'date': datetime.datetime(2025, 12, 14, 10, 0)}, '16': {'team': 'GB', 'date': datetime.datetime(2025, 12, 20, 17, 20)}, '17': {'team': 'SF', 'date': datetime.datetime(2025, 12, 28, 17, 20)}, '18': {'team': 'DET', 'date': datetime.datetime(2026, 1, 4, 13, 25)}}","['RB', 'RB/WR', 'RB/WR/TE', 'OP', 'BE', 'IR']",RB,1.0,1.0,,,,,,,,,,,,,,,,,,,,,,,,,,,,,,,,,,,,,,,,,2.0,,,,,,,,,,,,,,,,,,,,,,,,,,,,,,,,2.0,1.0,,,,,,,,,,,,,,,,,,,,,,,,,,,,,,,,,,,,,,,,,,,,,,,,,,,,,,,,,,,,,,,,,,,,,,,,,,,,,,,,,,,,,,,,,,,,,,,,,,,,,,,,,,,,,,,,,,,,,,,,,2.0,,,,,,,,,,,,,,,,,,,,,,,,,,,,,,,,,,,,,,,,,,,,2025,,,,62.0,11.0,,,,,,,,,,,,,,,,,,,,,,,,,,,,,58.74771865,15.88910421,,
168.0,10.5,218.98,12.88,5.0,0.8125,,1.0,,,,,,,,,,,,2.6,75.0,52.1875,3.0,160.0,77.0,34.0,24.0,7.0,7.0,110.0,282.0,11.13333333,,1.0,,1.0,1.0,,1.0,10.0,6.0,18.0,,,16.0,1.985725744,0.738169649,0.102666565,0.005562898,2.0,1.0,,,,,,0.003645579,0.002551905,0.000315604,1.07704e-05,6.31954542,57.88518253,5.337934222,0.299101642,0.168718333,0.110257431,196.0,98.0,49.0,39.0,19.0,87.94784321,,,2.413978871,0.07465914,126.0391011,11.18899642,0.30466454,0.004941988,0.0247997,1.098379356,1.123179056,0.011407862,0.615092439,0.626500302,0.626500302,17.0,Jakobi Meyers,JAX,DRAFT,31,3916433,16,Deb’s Debsters,WR,"{'1': {'team': 'CAR', 'date': datetime.datetime(2025, 9, 7, 10, 0)}, '2': {'team': 'CIN', 'date': datetime.datetime(2025, 9, 14, 10, 0)}, '3': {'team': 'HOU', 'date': datetime.datetime(2025, 9, 21, 10, 0)}, '4': {'team': 'SF', 'date': datetime.datetime(2025, 9, 28, 13, 5)}, '5': {'team': 'KC', 'date': datetime.datetime(2025, 10, 6, 17, 15)}, '6': {'team': 'SEA', 'date': datetime.datetime(2025, 10, 12, 10, 0)}, '7': {'team': 'LAR', 'date': datetime.datetime(2025, 10, 19, 6, 30)}, '9': {'team': 'LV', 'date': datetime.datetime(2025, 11, 2, 13, 5)}, '10': {'team': 'HOU', 'date': datetime.datetime(2025, 11, 9, 10, 0)}, '11': {'team': 'LAC', 'date': datetime.datetime(2025, 11, 16, 10, 0)}, '12': {'team': 'ARI', 'date': datetime.datetime(2025, 11, 23, 13, 5)}, '13': {'team': 'TEN', 'date': datetime.datetime(2025, 11, 30, 10, 0)}, '14': {'team': 'IND', 'date': datetime.datetime(2025, 12, 7, 10, 0)}, '15': {'team': 'NYJ', 'date': datetime.datetime(2025, 12, 14, 10, 0)}, '16': {'team': 'DEN', 'date': datetime.datetime(2025, 12, 21, 13, 5)}, '17': {'team': 'IND', 'date': datetime.datetime(2025, 12, 28, 10, 0)}, '18': {'team': 'TEN', 'date': datetime.datetime(2026, 1, 4, 10, 0)}}","['RB/WR', 'WR', 'WR/TE', 'RB/WR/TE', 'OP', 'BE', 'IR']",WR,,,,,1.0,1.0,,,,,,,,,,,,,1.0,,,,,,,,,,,,,,,,,,,,,,,,,,,,,,,,,,,,,,,,,,,,,,,,,,,,,,2.0,1.0,,,,,,,,,,,,,,,,,,,,,,,,,,,,,,,,,,,,,,,,,,,,,,,,,,,,,,,,,,,,,,,,,,,,,,,,,,,,,,,,,,,,,,,,,,,,,,,,,,,,,,,,,,,,,,,,,,,,,,,,,,,,,,,,,,,,,,,,,,,,,,,,,,,,,,,,,,,,,,,,,,,,,,,2025,,,,1.0,43.0,,,,,,,,,,,,,,,,,,,,,,,,,,,,,2.692884119,48.21545515,,
109.0,6.41,141.38,8.32,,,,,,,,,,,,,,,,,,,,,,,,,,,,,,,,,,1.0,1.0,11.0,6.0,101.0,,,17.0,,,,,,,,,,,,,,,,,,,,,,,,,,,,,,,,,,,,,,,,,,,17.0,Jake Elliott,PHI,DRAFT,22,3050478,16,Deb’s Debsters,K,"{'1': {'team': 'DAL', 'date': datetime.datetime(2025, 9, 4, 17, 20)}, '2': {'team': 'KC', 'date': datetime.datetime(2025, 9, 14, 13, 25)}, '3': {'team': 'LAR', 'date': datetime.datetime(2025, 9, 21, 10, 0)}, '4': {'team': 'TB', 'date': datetime.datetime(2025, 9, 28, 10, 0)}, '5': {'team': 'DEN', 'date': datetime.datetime(2025, 10, 5, 10, 0)}, '6': {'team': 'NYG', 'date': datetime.datetime(2025, 10, 9, 17, 15)}, '7': {'team': 'MIN', 'date': datetime.datetime(2025, 10, 19, 10, 0)}, '8': {'team': 'NYG', 'date': datetime.datetime(2025, 10, 26, 10, 0)}, '10': {'team': 'GB', 'date': datetime.datetime(2025, 11, 10, 17, 15)}, '11': {'team': 'DET', 'date': datetime.datetime(2025, 11, 16, 17, 20)}, '12': {'team': 'DAL', 'date': datetime.datetime(2025, 11, 23, 13, 25)}, '13': {'team': 'CHI', 'date': datetime.datetime(2025, 11, 28, 12, 0)}, '14': {'team': 'LAC', 'date': datetime.datetime(2025, 12, 8, 17, 15)}, '15': {'team': 'LV', 'date': datetime.datetime(2025, 12, 14, 10, 0)}, '16': {'team': 'WSH', 'date': datetime.datetime(2025, 12, 20, 14, 0)}, '17': {'team': 'BUF', 'date': datetime.datetime(2025, 12, 28, 13, 25)}, '18': {'team': 'WSH', 'date': datetime.datetime(2026, 1, 4, 13, 25)}}","['K', 'BE', 'IR']",K,,,,,,,,,,,,,,,,,,,,,,,,,,,,,,,,,,,,,,,,,,,,,,,,,,,,,,,,,,,,,,,,,,,,,,,,,,,,,,4.0,8.0,7.0,10.0,3.0,9.0,9.0,,20.0,27.0,7.0,41.0,42.0,1.0,4.0,8.0,4.835813851,7.037442894,2.201629043,7.17187708,9.099577324,1.927700244,15.88424735,16.59527231,0.711024963,27.89193828,32.73229253,4.84035425,45.70212241,48.0490813,2.346958884,4.835813851,7.037442894,2.201629043,,,,,,,,,,,,,,,,,,,,,,,,,,,,,,,,,,,,,,,,,,,,,,,,,,,,,,,,,,,,,,,,,,,,,,,,,,,,,,,,,,,,,,,4.0,4.0,,,,,,,,,,,,,,,,,,,,,,,,,,,,,,,,,,,,,,,,,,2025,,,,,,822.0,351.0,1173.0,158.0,75.0,34.0,27.0,9.0,3.0,68.0,32.0,14.0,11.0,4.0,228.0,108.0,48.0,39.0,14.0,4.0,,,1060.395837,226.9652282,1287.361065,,,,,,,
210.0,12.35,192.13,11.3,114.0,31.58823529,5.0,103.0,49.0,20.0,13.0,4.0,,16.0,3.0,,,,,4.71052632,73.0,28.58823529,3.0,91.0,42.0,17.0,14.0,3.0,8.0,85.0,528.0,6.65753425,1.0,2.0,,1.0,1.0,3.0,4.0,10.0,7.0,48.0,5.0,,17.0,208.7022921,51.53769436,7.493352475,0.329643649,175.0,87.0,43.0,35.0,17.0,41.0,20.0,0.426974699,0.29888229,2.018234892,0.068874614,4.198041119,13.78177839,0.809629609,0.043526822,0.039084772,0.025541898,46.0,23.0,11.0,9.0,4.0,32.19287653,,,0.088825371,0.002747176,43.32420745,7.277704195,0.373170471,0.008265116,1.62740412,0.251031358,1.878435479,0.748605895,0.140577561,0.889183456,0.889183456,17.0,Kenneth Gainwell,PIT,DRAFT,16,4371733,16,Deb’s Debsters,RB,"{'1': {'team': 'NYJ', 'date': datetime.datetime(2025, 9, 7, 10, 0)}, '2': {'team': 'SEA', 'date': datetime.datetime(2025, 9, 14, 10, 0)}, '3': {'team': 'NE', 'date': datetime.datetime(2025, 9, 21, 10, 0)}, '4': {'team': 'MIN', 'date': datetime.datetime(2025, 9, 28, 6, 30)}, '6': {'team': 'CLE', 'date': datetime.datetime(2025, 10, 12, 10, 0)}, '7': {'team': 'CIN', 'date': datetime.datetime(2025, 10, 16, 17, 15)}, '8': {'team': 'GB', 'date': datetime.datetime(2025, 10, 26, 17, 20)}, '9': {'team': 'IND', 'date': datetime.datetime(2025, 11, 2, 10, 0)}, '10': {'team': 'LAC', 'date': datetime.datetime(2025, 11, 9, 17, 20)}, '11': {'team': 'CIN', 'date': datetime.datetime(2025, 11, 16, 10, 0)}, '12': {'team': 'CHI', 'date': datetime.datetime(2025, 11, 23, 10, 0)}, '13': {'team': 'BUF', 'date': datetime.datetime(2025, 11, 30, 13, 25)}, '14': {'team': 'BAL', 'date': datetime.datetime(2025, 12, 7, 10, 0)}, '15': {'team': 'MIA', 'date': datetime.datetime(2025, 12, 15, 17, 15)}, '16': {'team': 'DET', 'date': datetime.datetime(2025, 12, 21, 13, 25)}, '17': {'team': 'CLE', 'date': datetime.datetime(2025, 12, 28, 10, 0)}, '18': {'team': 'BAL', 'date': datetime.datetime(2026, 1, 4, 17, 20)}}","['RB', 'RB/WR', 'RB/WR/TE', 'OP', 'BE', 'IR']",RB,1.0,,,,1.0,1.0,633.0,56.0,16.0,0.183893382,,686.1435408,,68.0,27.0,,,,1.0,,,,,,,,,,,,,,,,,,,,,,,,1.0,,,,,,,,,,,,,,,,,,,,,,,,,,,,,,1.0,1.0,,,1.0,,,,,,,,,,,,,,,,,,,,,,,,,,,,,,,,,,,,,,,,,,,,,,,,,,,,,,,,,,,,,,,,,,,,,,,,,,,,,,,,,,,,,,,,,,,,,,,,,,,,,,,,,,,,,,,,,,,,,,,,,,,,,,,,,,,,,,,,,,,,,,,,,,,,,,,,,,,,,,,,,,,,2025,,,,34.0,23.0,,,,,,,,,,,,,,,,,,,,,,,,,,,,,49.92080228,12.97998384,,
202.0,11.88,82.22,4.84,236.0,63.29411765,6.0,207.0,99.0,44.0,37.0,14.0,4.0,40.0,14.0,,,2.0,1.0,4.55932203,39.0,17.47058824,1.0,55.0,24.0,8.0,6.0,2.0,1.0,50.0,350.0,7.61538462,1.0,2.0,1.0,1.0,1.0,3.0,3.0,8.0,9.0,42.0,6.0,1.0,17.0,74.90579673,19.9820871,1.556284472,0.081628219,67.0,33.0,16.0,13.0,6.0,14.0,7.0,0.142982731,0.100087912,0.296719616,0.010125902,4.534969194,8.685587435,0.818402528,0.046318053,0.038257173,0.025001063,29.0,14.0,7.0,5.0,2.0,21.52516292,,,0.057680231,0.001783925,27.52355817,6.859645475,0.127946272,0.003803119,0.671407542,0.192937761,0.864345304,0.308847469,0.108045146,0.416892616,0.416892616,17.0,Rico Dowdle,CAR,ADD,18,4038815,16,Deb’s Debsters,BE,"{'1': {'team': 'JAX', 'date': datetime.datetime(2025, 9, 7, 10, 0)}, '2': {'team': 'ARI', 'date': datetime.datetime(2025, 9, 14, 13, 5)}, '3': {'team': 'ATL', 'date': datetime.datetime(2025, 9, 21, 10, 0)}, '4': {'team': 'NE', 'date': datetime.datetime(2025, 9, 28, 10, 0)}, '5': {'team': 'MIA', 'date': datetime.datetime(2025, 10, 5, 10, 0)}, '6': {'team': 'DAL', 'date': datetime.datetime(2025, 10, 12, 10, 0)}, '7': {'team': 'NYJ', 'date': datetime.datetime(2025, 10, 19, 10, 0)}, '8': {'team': 'BUF', 'date': datetime.datetime(2025, 10, 26, 10, 0)}, '9': {'team': 'GB', 'date': datetime.datetime(2025, 11, 2, 10, 0)}, '10': {'team': 'NO', 'date': datetime.datetime(2025, 11, 9, 10, 0)}, '11': {'team': 'ATL', 'date': datetime.datetime(2025, 11, 16, 10, 0)}, '12': {'team': 'SF', 'date': datetime.datetime(2025, 11, 24, 17, 15)}, '13': {'team': 'LAR', 'date': datetime.datetime(2025, 11, 30, 10, 0)}, '15': {'team': 'NO', 'date': datetime.datetime(2025, 12, 14, 13, 25)}, '16': {'team': 'TB', 'date': datetime.datetime(2025, 12, 21, 10, 0)}, '17': {'team': 'SEA', 'date': datetime.datetime(2025, 12, 28, 10, 0)}, '18': {'team': 'TB', 'date': datetime.datetime(2026, 1, 3, 13, 30)}}","['RB', 'RB/WR', 'RB/WR/TE', 'OP', 'BE', 'IR']",BE,,,,,1.0,,197.0,18.0,5.0,,,,,,,,,,,,,,,,,,,,,,,,,,,,,,,,,,,,,,,,,,,,,,,,,,,,,,,,,,,,,,,,,,,,,,,,,,,,,,,,,,,,,,,,,,,,,,,,,,,,,,,,,,,,,,,,,,,,,,,,,,,,,,,,,,,,,,,,,,,,,,,,,,,,,,,,,,,,,,,,,,,,,,,,,,,,,,,,,,,,,,,,,,,,,,,,,,,,,,,,,,,,,,,,,,,,,,,,,,,,,,,,,,,,,,,,2025,,,,51.0,14.0,,,,,,,,,,,,,,,,,,,,,,,,,,,,,19.25289536,8.162987211,,
159.0,9.94,196.07,11.53,1.0,0.3125,,1.0,,,,,,,,,,,,5.0,72.0,44.9375,4.0,139.0,65.0,29.0,21.0,7.0,9.0,95.0,541.0,9.98611111,,1.0,,1.0,1.0,2.0,2.0,11.0,5.0,24.0,,,16.0,,,,,,,,,,,,,,,,,52.52397398,4.756465192,0.257491979,0.234042717,0.152946915,178.0,89.0,44.0,35.0,17.0,79.12815662,,,1.871931532,0.05789479,105.5369767,11.28432148,0.257491979,0.005305253,,1.205739232,1.205739232,,0.67521397,0.67521397,0.67521397,17.0,Khalil Shakir,BUF,ADD,35,4373678,16,Deb’s Debsters,BE,"{'1': {'team': 'BAL', 'date': datetime.datetime(2025, 9, 7, 17, 20)}, '2': {'team': 'NYJ', 'date': datetime.datetime(2025, 9, 14, 10, 0)}, '3': {'team': 'MIA', 'date': datetime.datetime(2025, 9, 18, 17, 15)}, '4': {'team': 'NO', 'date': datetime.datetime(2025, 9, 28, 10, 0)}, '5': {'team': 'NE', 'date': datetime.datetime(2025, 10, 5, 17, 20)}, '6': {'team': 'ATL', 'date': datetime.datetime(2025, 10, 13, 16, 15)}, '8': {'team': 'CAR', 'date': datetime.datetime(2025, 10, 26, 10, 0)}, '9': {'team': 'KC', 'date': datetime.datetime(2025, 11, 2, 13, 25)}, '10': {'team': 'MIA', 'date': datetime.datetime(2025, 11, 9, 10, 0)}, '11': {'team': 'TB', 'date': datetime.datetime(2025, 11, 16, 10, 0)}, '12': {'team': 'HOU', 'date': datetime.datetime(2025, 11, 20, 17, 15)}, '13': {'team': 'PIT', 'date': datetime.datetime(2025, 11, 30, 13, 25)}, '14': {'team': 'CIN', 'date': datetime.datetime(2025, 12, 7, 10, 0)}, '15': {'team': 'NE', 'date': datetime.datetime(2025, 12, 14, 10, 0)}, '16': {'team': 'CLE', 'date': datetime.datetime(2025, 12, 21, 10, 0)}, '17': {'team': 'PHI', 'date': datetime.datetime(2025, 12, 28, 13, 25)}, '18': {'team': 'NYJ', 'date': datetime.datetime(2026, 1, 4, 13, 25)}}","['RB/WR', 'WR', 'WR/TE', 'RB/WR/TE', 'OP', 'BE', 'IR']",BE,2.0,1.0,1.0,1.0,1.0,1.0,,,,,0.034376418,,54.10059283,,,5.0,2.0,,,,,,,,,,,,,,,,,,,,,,,,,,,,,,,,,,,,,,,,,,,,,,,,,,,,,,,,2.0,,,,,,,,,,,,,,,,,,,,,,,,,,,,,,,,,,,,,,,,,,,,,,,,,,,,,,,,,,124.0,8.0,2.0,,,,,,,,,,,,,,,,,,,,,,,,,,,,,,,,,,,,,,,,,,,,,,,,,,,,,,,,,,,,,,,,,,,,,,,,,,,,,,,,,,,,,,,,,,,,,,,,,,,,,,,,,,,,2025,,,,,28.0,,,,,,,,,,,,,,,,,,,,,,,,,,,,,,43.4540872,,
72.0,4.24,116.84,6.87,,,,,,,,,,,,,,,,,,,,,,,,,,,,,,,,,,631.0,1040.0,8.0,9.0,,,,17.0,,,,,,,,,,,,,,,,,,,,,,,,,,,,,,,,,,,,,,,,,,,17.0,Buccaneers D/ST,TB,ADD,21,-16027,16,Deb’s Debsters,D/ST,"{'1': {'team': 'ATL', 'date': datetime.datetime(2025, 9, 7, 10, 0)}, '2': {'team': 'HOU', 'date': datetime.datetime(2025, 9, 15, 16, 0)}, '3': {'team': 'NYJ', 'date': datetime.datetime(2025, 9, 21, 10, 0)}, '4': {'team': 'PHI', 'date': datetime.datetime(2025, 9, 28, 10, 0)}, '5': {'team': 'SEA', 'date': datetime.datetime(2025, 10, 5, 13, 5)}, '6': {'team': 'SF', 'date': datetime.datetime(2025, 10, 12, 13, 25)}, '7': {'team': 'DET', 'date': datetime.datetime(2025, 10, 20, 16, 0)}, '8': {'team': 'NO', 'date': datetime.datetime(2025, 10, 26, 13, 5)}, '10': {'team': 'NE', 'date': datetime.datetime(2025, 11, 9, 10, 0)}, '11': {'team': 'BUF', 'date': datetime.datetime(2025, 11, 16, 10, 0)}, '12': {'team': 'LAR', 'date': datetime.datetime(2025, 11, 23, 17, 20)}, '13': {'team': 'ARI', 'date': datetime.datetime(2025, 11, 30, 10, 0)}, '14': {'team': 'NO', 'date': datetime.datetime(2025, 12, 7, 10, 0)}, '15': {'team': 'ATL', 'date': datetime.datetime(2025, 12, 11, 17, 15)}, '16': {'team': 'CAR', 'date': datetime.datetime(2025, 12, 21, 10, 0)}, '17': {'team': 'MIA', 'date': datetime.datetime(2025, 12, 28, 10, 0)}, '18': {'team': 'CAR', 'date': datetime.datetime(2026, 1, 3, 13, 30)}}","['D/ST', 'BE', 'IR']",D/ST,,,,,,,1484.0,139.0,50.0,0.349025697,0.173261638,1432.007345,272.6740532,143.0,57.0,27.0,10.0,,,,,,,,,,,,,,,,,,,,,,,,,,,,,,,,,,,,,,,,,,,,,,,,,,,,,,,,,409.0,,,13.0,,,,,,,,,,,,,,,,,,,,,,,,,,,,,,,,,,,10.0,0.0,1.0,0.0,2.0,2.0,13.0,,1.0,37.0,74.0,,,2.0,2.0,340.0,200.0,74.0,69.0,291.0,24.0,8.0,405.0,4.0,4.0,4.0,2.0,5733.0,0.0,0.0,8.0,1.0,4.0,2.0,2.0,0.0,0.0,0.0,1.0,0.0,2.0,4.0,4.0,4.0,2.0,0.23561493,1.063244271,3.640548384,3.198238767,0.115945942,1.742210174,13.02214854,10.04910694,1.864637424,0.241708624,43.27706422,86.55412844,1.199710089,0.542500085,2.380443451,15.46016453,1007.579809,335.0,201.0,79.58817416,368.5027484,2.466726709,3.32582808,2.152006404,0.825077554,0.0927149,21.67663226,5969.592524,0.425,3.74,3.655,3.995,2.89,1.53,0.595,0.17,351.1525014,,,,,,,,,,,,,,,,,,,,,,,,,,,,,,,,,,,,,,,,,,,,,,,,2025,,,,,,,,,,,,,,,,,,,,,,,,,,,,,,,,,,,,,49.25018233
83.0,5.19,62.88,3.7,,,,,,,,,,,,,,,,,44.0,22.3125,2.0,64.0,27.0,10.0,7.0,1.0,2.0,55.0,159.0,8.11363636,,,,,,1.0,1.0,3.0,13.0,12.0,,1.0,16.0,,,,,,,,,,,,,,,,,15.66571045,1.825638206,0.097027457,0.106064051,0.069312857,53.0,26.0,13.0,10.0,5.0,26.05593749,,,0.104464426,0.003230859,38.04310568,10.22097469,0.097027457,0.001318616,,0.299685418,0.299685418,,0.167823834,0.167823834,0.167823834,17.0,Gunnar Helm,TEN,ADD,33,4686728,16,Deb’s Debsters,BE,"{'1': {'team': 'DEN', 'date': datetime.datetime(2025, 9, 7, 13, 5)}, '2': {'team': 'LAR', 'date': datetime.datetime(2025, 9, 14, 10, 0)}, '3': {'team': 'IND', 'date': datetime.datetime(2025, 9, 21, 10, 0)}, '4': {'team': 'HOU', 'date': datetime.datetime(2025, 9, 28, 10, 0)}, '5': {'team': 'ARI', 'date': datetime.datetime(2025, 10, 5, 13, 5)}, '6': {'team': 'LV', 'date': datetime.datetime(2025, 10, 12, 13, 5)}, '7': {'team': 'NE', 'date': datetime.datetime(2025, 10, 19, 10, 0)}, '8': {'team': 'IND', 'date': datetime.datetime(2025, 10, 26, 13, 25)}, '9': {'team': 'LAC', 'date': datetime.datetime(2025, 11, 2, 10, 0)}, '11': {'team': 'HOU', 'date': datetime.datetime(2025, 11, 16, 10, 0)}, '12': {'team': 'SEA', 'date': datetime.datetime(2025, 11, 23, 10, 0)}, '13': {'team': 'JAX', 'date': datetime.datetime(2025, 11, 30, 10, 0)}, '14': {'team': 'CLE', 'date': datetime.datetime(2025, 12, 7, 10, 0)}, '15': {'team': 'SF', 'date': datetime.datetime(2025, 12, 14, 13, 25)}, '16': {'team': 'KC', 'date': datetime.datetime(2025, 12, 21, 10, 0)}, '17': {'team': 'NO', 'date': datetime.datetime(2025, 12, 28, 10, 0)}, '18': {'team': 'JAX', 'date': datetime.datetime(2026, 1, 4, 10, 0)}}","['Rookie', 'WR/TE', 'TE', 'RB/WR/TE', 'OP', 'BE', 'IR']",BE,,,,,,,,,,,,,,,,,,,1.0,,,,,,,,,,,,,,,,,,,,,,,,,,,,,,,,,,,,,,,,,,,,,,,,,,,,,,,,,,,,,,,,,,,,,,,,,,,,,,,,,,,,,,,,,,,,,,,,,,,,,,,,,,,,,,,,,,,,,,,,,,,,,,,,,,,,,,,,,,,,,,,,,,,,,,,,,,,,,,,,,,,,,,,,,,,,,,,,,,,,,,,,,,,,,,,,,,,,,,,,,,,,,,,,,,,,,,,,,,,,,,2025,,,,,18.0,,,,,,,,,,,,,,,,,,,,,,,,,,,,,,12.8798096,,
83.0,10.38,234.21,13.78,,,,,,,,,,,,,,,,,30.0,46.0,3.0,71.0,35.0,14.0,13.0,4.0,4.0,61.0,37.0,12.26666667,,,,,,2.0,2.0,4.0,4.0,18.0,,,8.0,,,,,,,,,,,,,,,,,59.91954881,8.946786788,0.435028015,0.232746891,0.152100093,203.0,101.0,50.0,40.0,20.0,79.47406987,,,2.653472114,0.082066148,120.5790831,12.81716579,0.435028015,0.003296755,,0.749262553,0.749262553,,0.41958703,0.41958703,0.41958703,17.0,Mike Evans,TB,ADD,73,16737,16,Deb’s Debsters,WR,"{'1': {'team': 'ATL', 'date': datetime.datetime(2025, 9, 7, 10, 0)}, '2': {'team': 'HOU', 'date': datetime.datetime(2025, 9, 15, 16, 0)}, '3': {'team': 'NYJ', 'date': datetime.datetime(2025, 9, 21, 10, 0)}, '4': {'team': 'PHI', 'date': datetime.datetime(2025, 9, 28, 10, 0)}, '5': {'team': 'SEA', 'date': datetime.datetime(2025, 10, 5, 13, 5)}, '6': {'team': 'SF', 'date': datetime.datetime(2025, 10, 12, 13, 25)}, '7': {'team': 'DET', 'date': datetime.datetime(2025, 10, 20, 16, 0)}, '8': {'team': 'NO', 'date': datetime.datetime(2025, 10, 26, 13, 5)}, '10': {'team': 'NE', 'date': datetime.datetime(2025, 11, 9, 10, 0)}, '11': {'team': 'BUF', 'date': datetime.datetime(2025, 11, 16, 10, 0)}, '12': {'team': 'LAR', 'date': datetime.datetime(2025, 11, 23, 17, 20)}, '13': {'team': 'ARI', 'date': datetime.datetime(2025, 11, 30, 10, 0)}, '14': {'team': 'NO', 'date': datetime.datetime(2025, 12, 7, 10, 0)}, '15': {'team': 'ATL', 'date': datetime.datetime(2025, 12, 11, 17, 15)}, '16': {'team': 'CAR', 'date': datetime.datetime(2025, 12, 21, 10, 0)}, '17': {'team': 'MIA', 'date': datetime.datetime(2025, 12, 28, 10, 0)}, '18': {'team': 'CAR', 'date': datetime.datetime(2026, 1, 3, 13, 30)}}","['RB/WR', 'WR', 'WR/TE', 'RB/WR/TE', 'OP', 'BE', 'IR']",WR,,,1.0,1.0,,,,,,,,,,,,,,,3.0,,,,,,,,,,,,,,,,,,,,,,,,,,,,,,,,,,,,,,,,,,,,,,,,,,,,,,,,,,,,,,,,,,,,,,,,,,,,,,,,,,,,,,,,,,,,,,,,,,,,,,,,,,,,,,,,,,,,,,,,,,,,,,,,,,,,,,,,,,,,,,,,,,,,,,,,,,,,,,,,,,,,,,,,,,,,,,,,,,,,,,,,,,,,,,,,,,,,,,,,,,,,,,,,,,,,,,,,,,,,,,2025,,,,,23.0,,,,,,,,,,,,,,,,,,,,,,,,,,,,,,48.7134162,,
117.0,6.88,135.37,7.96,,,,,,,,,,,,,,,,,56.0,32.94117647,2.0,106.0,49.0,21.0,15.0,4.0,3.0,79.0,342.0,10.0,,,,,,1.0,1.0,3.0,14.0,12.0,,,17.0,,,,,,,,,,,,,,,,,34.81936912,3.125944189,0.166114274,0.12419367,0.081160563,118.0,59.0,29.0,23.0,11.0,58.01143726,,,0.606539181,0.018758944,81.52094075,10.20366505,0.166114274,0.002935792,,0.667225343,0.667225343,,0.373646192,0.373646192,0.373646192,17.0,Chig Okonkwo,TEN,ADD,21,4360635,16,Deb’s Debsters,BE,"{'1': {'team': 'DEN', 'date': datetime.datetime(2025, 9, 7, 13, 5)}, '2': {'team': 'LAR', 'date': datetime.datetime(2025, 9, 14, 10, 0)}, '3': {'team': 'IND', 'date': datetime.datetime(2025, 9, 21, 10, 0)}, '4': {'team': 'HOU', 'date': datetime.datetime(2025, 9, 28, 10, 0)}, '5': {'team': 'ARI', 'date': datetime.datetime(2025, 10, 5, 13, 5)}, '6': {'team': 'LV', 'date': datetime.datetime(2025, 10, 12, 13, 5)}, '7': {'team': 'NE', 'date': datetime.datetime(2025, 10, 19, 10, 0)}, '8': {'team': 'IND', 'date': datetime.datetime(2025, 10, 26, 13, 25)}, '9': {'team': 'LAC', 'date': datetime.datetime(2025, 11, 2, 10, 0)}, '11': {'team': 'HOU', 'date': datetime.datetime(2025, 11, 16, 10, 0)}, '12': {'team': 'SEA', 'date': datetime.datetime(2025, 11, 23, 10, 0)}, '13': {'team': 'JAX', 'date': datetime.datetime(2025, 11, 30, 10, 0)}, '14': {'team': 'CLE', 'date': datetime.datetime(2025, 12, 7, 10, 0)}, '15': {'team': 'SF', 'date': datetime.datetime(2025, 12, 14, 13, 25)}, '16': {'team': 'KC', 'date': datetime.datetime(2025, 12, 21, 10, 0)}, '17': {'team': 'NO', 'date': datetime.datetime(2025, 12, 28, 10, 0)}, '18': {'team': 'JAX', 'date': datetime.datetime(2026, 1, 4, 10, 0)}}","['WR/TE', 'TE', 'RB/WR/TE', 'OP', 'BE', 'IR']",BE,1.0,,,,,,,,,,,,,,,,,,1.0,,,,,,,,,,,,,,,,,,,,,,,,,,,,,,,,,,,,,,,,,,,,,,,,,,,,,,,,,,,,,,,,,,,,,,,,,,,,,,,,,,,,,,,,,,,,,,,,,,,,,,,,,,,,,,,,,,,,,,,,,,,,,,,,,,,,,,,,,,,,,,,,,,,,,,,,,,,,,,,,,,,,,,,,,,,,,,,,,,,,,,,,,,,,,,,,,,,,,,,,,,,,,,,,,,,,,,,,,,,,,,2025,,,,,24.0,,,,,,,,,,,,,,,,,,,,,,,,,,,,,,29.67434447,,
150.0,13.64,98.77,14.11,45.0,16.90909091,3.0,34.0,15.0,5.0,4.0,1.0,,4.0,,,,,,4.13333333,,,,,,,,,,,,,1.0,3.0,1.0,2.0,8.0,1.0,1.0,5.0,6.0,80.0,1.0,,11.0,25.65564048,16.24498119,1.007843512,0.051987025,22.0,11.0,5.0,4.0,2.0,5.0,2.0,0.048645087,0.034051561,0.080304759,0.002740493,4.432353517,,,,,,,,,,,,,,,,,,0.510667092,0.016574129,0.344179253,,3.76684743,0.158322456,,1.801203181,8.013044772,7.0,Tyler Shough,NO,ADD,26,4360689,16,Deb’s Debsters,BE,"{'1': {'team': 'ARI', 'date': datetime.datetime(2025, 9, 7, 10, 0)}, '2': {'team': 'SF', 'date': datetime.datetime(2025, 9, 14, 10, 0)}, '3': {'team': 'SEA', 'date': datetime.datetime(2025, 9, 21, 13, 5)}, '4': {'team': 'BUF', 'date': datetime.datetime(2025, 9, 28, 10, 0)}, '5': {'team': 'NYG', 'date': datetime.datetime(2025, 10, 5, 10, 0)}, '6': {'team': 'NE', 'date': datetime.datetime(2025, 10, 12, 10, 0)}, '7': {'team': 'CHI', 'date': datetime.datetime(2025, 10, 19, 10, 0)}, '8': {'team': 'TB', 'date': datetime.datetime(2025, 10, 26, 13, 5)}, '9': {'team': 'LAR', 'date': datetime.datetime(2025, 11, 2, 13, 5)}, '10': {'team': 'CAR', 'date': datetime.datetime(2025, 11, 9, 10, 0)}, '12': {'team': 'ATL', 'date': datetime.datetime(2025, 11, 23, 13, 25)}, '13': {'team': 'MIA', 'date': datetime.datetime(2025, 11, 30, 10, 0)}, '14': {'team': 'TB', 'date': datetime.datetime(2025, 12, 7, 10, 0)}, '15': {'team': 'CAR', 'date': datetime.datetime(2025, 12, 14, 13, 25)}, '16': {'team': 'NYJ', 'date': datetime.datetime(2025, 12, 21, 10, 0)}, '17': {'team': 'TEN', 'date': datetime.datetime(2025, 12, 28, 10, 0)}, '18': {'team': 'ATL', 'date': datetime.datetime(2026, 1, 4, 10, 0)}}","['Rookie', 'QB', 'OP', 'BE', 'IR']",BE,,,,,,,,,,,,,,,,,,,,,327.0,221.0,106.0,216.72727273,10.0,471.0,233.0,114.0,91.0,42.0,19.0,40.0,18.0,16.0,5.0,1.0,1.0,2.0,,6.0,0.67584098,31.0,1.0,,7.0,1.0,1.0,236.1126991,148.1767002,87.93599885,235.0214906,7.906304153,329.0,164.0,82.0,65.0,32.0,16.0,29.0,14.0,1.315347778,0.859579773,1.247470288,0.168500527,0.458680067,6.21184159,0.627567686,19.01814744,3.422668176,1.642880725,,,,,1.0,,,,,,,,,,,,,,,,,,,,,,,,,,,,,,,,,,,,,,,,,,,,,,,,,,,,,,,,,,,,,,,,,,,,,,,,,,,,,,,,,,,,,,,,,,,,,,,,,,,,,,,,,,,,,,,,,,,,,,,,,1.0,,,,,,1.0,,,,,,,,,,,,,,,,,,,,,,,,,,,,,,,,,,,,,,,2025,,,107.0,11.0,,,,,,,,,,,,,,,,,,,,,,,,,,,,,,7.002802341,,78.90353813,
37.0,2.85,0.0,0.0,52.0,8.76923077,1.0,22.0,10.0,4.0,2.0,,,6.0,2.0,,,,,2.19230769,11.0,7.0,,17.0,7.0,2.0,2.0,,,16.0,86.0,8.27272727,2.0,3.0,1.0,1.0,1.0,3.0,3.0,6.0,7.0,12.0,1.0,,13.0,,,,,,,,,,,,,,,,,,,,,,,,,,,,,,,,,,,,,,,,,,,,Taysom Hill,NO,ADD,58,2468609,16,Deb’s Debsters,TE,"{'1': {'team': 'ARI', 'date': datetime.datetime(2025, 9, 7, 10, 0)}, '2': {'team': 'SF', 'date': datetime.datetime(2025, 9, 14, 10, 0)}, '3': {'team': 'SEA', 'date': datetime.datetime(2025, 9, 21, 13, 5)}, '4': {'team': 'BUF', 'date': datetime.datetime(2025, 9, 28, 10, 0)}, '5': {'team': 'NYG', 'date': datetime.datetime(2025, 10, 5, 10, 0)}, '6': {'team': 'NE', 'date': datetime.datetime(2025, 10, 12, 10, 0)}, '7': {'team': 'CHI', 'date': datetime.datetime(2025, 10, 19, 10, 0)}, '8': {'team': 'TB', 'date': datetime.datetime(2025, 10, 26, 13, 5)}, '9': {'team': 'LAR', 'date': datetime.datetime(2025, 11, 2, 13, 5)}, '10': {'team': 'CAR', 'date': datetime.datetime(2025, 11, 9, 10, 0)}, '12': {'team': 'ATL', 'date': datetime.datetime(2025, 11, 23, 13, 25)}, '13': {'team': 'MIA', 'date': datetime.datetime(2025, 11, 30, 10, 0)}, '14': {'team': 'TB', 'date': datetime.datetime(2025, 12, 7, 10, 0)}, '15': {'team': 'CAR', 'date': datetime.datetime(2025, 12, 14, 13, 25)}, '16': {'team': 'NYJ', 'date': datetime.datetime(2025, 12, 21, 10, 0)}, '17': {'team': 'TEN', 'date': datetime.datetime(2025, 12, 28, 10, 0)}, '18': {'team': 'ATL', 'date': datetime.datetime(2026, 1, 4, 10, 0)}}","['WR/TE', 'TE', 'RB/WR/TE', 'OP', 'BE', 'IR']",TE,,,,,,,,,,,,,,,,,,,,,6.0,2.0,4.0,4.38461538,1.0,10.0,4.0,1.0,1.0,,,,,,,,,,,,0.33333333,,3.0,,,,1.0,,,,,,,,,,,,,,,,,,,,,,,,,,,,,,,,,,,,,,,,,,,,,,,,,,,,,,,,,,,,,,,,,,,,,,,,,,,,,,,,,,,,,,,,,,,,,,,,,,,,,,,,,,,,,,,,,,,,,,,,,,,,,,,,,,,,,,,,,,,,,,,,,,,,,,1.0,,,,,,,,,,,,,,,,,,,,,,,,,,,,,,,,,,,,,,,,,,,,2025,,,2.0,16.0,2.0,,,,,,,,,,,,,,,,,,,,,,,,,,,,,,,,
122.0,8.13,89.98,5.29,6.0,2.46666667,,6.0,2.0,,,,,,,,,,,6.16666667,47.0,43.46666667,2.0,128.0,61.0,28.0,22.0,8.0,2.0,60.0,334.0,13.87234043,,,,,,,,9.0,6.0,12.0,,1.0,15.0,4.354139276,1.561047792,0.238690383,0.012172049,5.0,2.0,1.0,1.0,,,,0.008004084,0.005602859,0.001636953,5.58629e-05,6.094846944,22.83918353,2.543303872,0.145907134,0.140103444,0.091557601,77.0,38.0,19.0,15.0,7.0,33.40101785,,,0.22992054,0.007110945,51.97836479,11.62437988,0.158079183,0.001765037,0.046262306,0.354882561,0.401144867,0.021280661,0.198734234,0.220014895,0.220014895,17.0,Luther Burden III,CHI,ADD,47,4685278,16,Deb’s Debsters,BE,"{'1': {'team': 'MIN', 'date': datetime.datetime(2025, 9, 8, 17, 15)}, '2': {'team': 'DET', 'date': datetime.datetime(2025, 9, 14, 10, 0)}, '3': {'team': 'DAL', 'date': datetime.datetime(2025, 9, 21, 13, 25)}, '4': {'team': 'LV', 'date': datetime.datetime(2025, 9, 28, 13, 25)}, '6': {'team': 'WSH', 'date': datetime.datetime(2025, 10, 13, 17, 15)}, '7': {'team': 'NO', 'date': datetime.datetime(2025, 10, 19, 10, 0)}, '8': {'team': 'BAL', 'date': datetime.datetime(2025, 10, 26, 10, 0)}, '9': {'team': 'CIN', 'date': datetime.datetime(2025, 11, 2, 10, 0)}, '10': {'team': 'NYG', 'date': datetime.datetime(2025, 11, 9, 10, 0)}, '11': {'team': 'MIN', 'date': datetime.datetime(2025, 11, 16, 10, 0)}, '12': {'team': 'PIT', 'date': datetime.datetime(2025, 11, 23, 10, 0)}, '13': {'team': 'PHI', 'date': datetime.datetime(2025, 11, 28, 12, 0)}, '14': {'team': 'GB', 'date': datetime.datetime(2025, 12, 7, 13, 25)}, '15': {'team': 'CLE', 'date': datetime.datetime(2025, 12, 14, 10, 0)}, '16': {'team': 'GB', 'date': datetime.datetime(2025, 12, 20, 17, 20)}, '17': {'team': 'SF', 'date': datetime.datetime(2025, 12, 28, 17, 20)}, '18': {'team': 'DET', 'date': datetime.datetime(2026, 1, 4, 13, 25)}}","['Rookie', 'RB/WR', 'WR', 'WR/TE', 'RB/WR/TE', 'OP', 'BE', 'IR']",BE,1.0,1.0,2.0,2.0,,,223.0,20.0,6.0,,,,,,,,,,,,,,,,,,,,,,,,,,,,,,,,,,,,,,,,,,,,,,,,,,,,,,,,,,,,,,,,,,,,,,,,,,,,,,,,,,,,,,,,,,,,,,,,,,,,,,,,,,,,,,,,,,,,,,,,,,,,,,,,,,,,,,,,,,,,,,,,,,,,,,,,,,,,,,,,,,,,,,,,,,,,,,,,,,,,,,,,,,,,,,,,,,,,,,,,,,,,,,,,,,,,,,,,,,,,,,,,,,,,,,,,2025,,,,3.0,27.0,,,,,,,,,,,,,,,,,,,,,,,,,,,,,3.410519446,18.2103366,,
349.0,20.53,287.68,16.92,323.0,93.23529412,18.0,311.0,151.0,72.0,54.0,23.0,6.0,59.0,25.0,3.0,2.0,4.0,1.0,4.90712074,46.0,22.23529412,2.0,69.0,32.0,11.0,7.0,1.0,1.0,55.0,434.0,8.2173913,1.0,2.0,1.0,1.0,1.0,1.0,1.0,8.0,9.0,122.0,12.0,,17.0,342.9314046,93.03250255,11.37770377,0.544261565,316.0,158.0,79.0,63.0,31.0,68.0,34.0,0.746459811,0.522521868,6.48076128,0.221163518,4.61186267,14.67044666,1.141555482,0.0817482,0.042848546,0.028001525,49.0,24.0,12.0,9.0,4.0,32.65040878,,,0.095638719,0.002957899,44.76596458,7.63842177,0.626009765,0.016138444,3.348973313,0.318854868,3.667828181,1.540527724,0.178558726,1.71908645,1.71908645,17.0,Jonathan Taylor,IND,DRAFT,4,4242335,17,Joemomma,RB,"{'1': {'team': 'MIA', 'date': datetime.datetime(2025, 9, 7, 10, 0)}, '2': {'team': 'DEN', 'date': datetime.datetime(2025, 9, 14, 13, 5)}, '3': {'team': 'TEN', 'date': datetime.datetime(2025, 9, 21, 10, 0)}, '4': {'team': 'LAR', 'date': datetime.datetime(2025, 9, 28, 13, 5)}, '5': {'team': 'LV', 'date': datetime.datetime(2025, 10, 5, 10, 0)}, '6': {'team': 'ARI', 'date': datetime.datetime(2025, 10, 12, 10, 0)}, '7': {'team': 'LAC', 'date': datetime.datetime(2025, 10, 19, 13, 5)}, '8': {'team': 'TEN', 'date': datetime.datetime(2025, 10, 26, 13, 25)}, '9': {'team': 'PIT', 'date': datetime.datetime(2025, 11, 2, 10, 0)}, '10': {'team': 'ATL', 'date': datetime.datetime(2025, 11, 9, 6, 30)}, '12': {'team': 'KC', 'date': datetime.datetime(2025, 11, 23, 10, 0)}, '13': {'team': 'HOU', 'date': datetime.datetime(2025, 11, 30, 10, 0)}, '14': {'team': 'JAX', 'date': datetime.datetime(2025, 12, 7, 10, 0)}, '15': {'team': 'SEA', 'date': datetime.datetime(2025, 12, 14, 13, 25)}, '16': {'team': 'SF', 'date': datetime.datetime(2025, 12, 22, 17, 15)}, '17': {'team': 'JAX', 'date': datetime.datetime(2025, 12, 28, 10, 0)}, '18': {'team': 'HOU', 'date': datetime.datetime(2026, 1, 4, 10, 0)}}","['RB', 'RB/WR', 'RB/WR/TE', 'OP', 'BE', 'IR']",RB,,,,,1.0,,,,,,,,,,,,,,1.0,,,,,,,,,,,,,,,,,,,,,,,,1.0,,,,,,,,,,,,,,,,,,,,,,,,,,,,,,1.0,,2.0,1.0,,,,,,,,,,,,,,,,,,,,,,,,,,,,,,,,,,,,,,,,,,,,,,,,,,,,,,,,,,,,,,,,,,,,,,,,,,,,,,,,,,,,,,,,,,,,,,,,,,,,,,,,,,,,,,,,,,,,,,,,,1.0,,,,,1.0,,,,,,,,,,,,,,,,,,,,,,,,,,,,,,,,,,,,,,,2025,,,,84.0,15.0,,,,,,,,,,,,,,,,,,,,,,,,,,,,,84.78989312,13.63660194,,
204.0,15.69,362.78,21.34,67.0,26.84615385,2.0,65.0,29.0,11.0,8.0,1.0,,8.0,,,,,,5.20895522,,,,,,,,,,,,,2.0,7.0,,3.0,10.0,2.0,2.0,6.0,7.0,138.0,1.0,,13.0,144.6595764,52.39161343,4.199946175,0.164454852,178.0,89.0,44.0,35.0,17.0,28.0,14.0,0.286177035,0.200323925,2.042968678,0.069718683,6.156919926,,,,,,,,,,,,,,,,,,1.618149138,0.040752684,2.062700103,,9.261973689,0.948842047,,4.404493368,14.3221266,17.0,Lamar Jackson,BAL,DRAFT,19,3916387,17,Joemomma,BE,"{'1': {'team': 'BUF', 'date': datetime.datetime(2025, 9, 7, 17, 20)}, '2': {'team': 'CLE', 'date': datetime.datetime(2025, 9, 14, 10, 0)}, '3': {'team': 'DET', 'date': datetime.datetime(2025, 9, 22, 17, 15)}, '4': {'team': 'KC', 'date': datetime.datetime(2025, 9, 28, 13, 25)}, '5': {'team': 'HOU', 'date': datetime.datetime(2025, 10, 5, 10, 0)}, '6': {'team': 'LAR', 'date': datetime.datetime(2025, 10, 12, 10, 0)}, '8': {'team': 'CHI', 'date': datetime.datetime(2025, 10, 26, 10, 0)}, '9': {'team': 'MIA', 'date': datetime.datetime(2025, 10, 30, 17, 15)}, '10': {'team': 'MIN', 'date': datetime.datetime(2025, 11, 9, 10, 0)}, '11': {'team': 'CLE', 'date': datetime.datetime(2025, 11, 16, 13, 25)}, '12': {'team': 'NYJ', 'date': datetime.datetime(2025, 11, 23, 10, 0)}, '13': {'team': 'CIN', 'date': datetime.datetime(2025, 11, 27, 17, 20)}, '14': {'team': 'PIT', 'date': datetime.datetime(2025, 12, 7, 10, 0)}, '15': {'team': 'CIN', 'date': datetime.datetime(2025, 12, 14, 10, 0)}, '16': {'team': 'NE', 'date': datetime.datetime(2025, 12, 21, 17, 20)}, '17': {'team': 'GB', 'date': datetime.datetime(2025, 12, 27, 17, 0)}, '18': {'team': 'PIT', 'date': datetime.datetime(2026, 1, 4, 17, 20)}}","['QB', 'OP', 'BE', 'IR']",BE,,,,,,,,,,,,,,,,,,,,,302.0,192.0,110.0,196.07692308,21.0,504.0,248.0,121.0,97.0,45.0,20.0,31.0,12.0,19.0,6.0,2.0,2.0,,1.0,7.0,0.63576159,36.0,3.0,7.0,3.0,7.0,2.0,468.0095924,309.9934612,158.0161312,217.5700093,31.68665221,739.0,369.0,184.0,147.0,73.0,36.0,61.0,30.0,2.775190947,1.813587284,2.328807807,0.314560873,1.453694286,9.917633235,0.662365614,36.88390411,7.199273586,3.455651321,,,,,1.0,,,,,,,,,,,,,,,,,,,,,,,,,,,,,,,,,,,,,,,,,,,,,,,,,,,,,,,,,,,,,,,,,,,,,,,,,,,,,,,,,,,,,,,,,,,,,,,,,,,,,,,,,,,,,,,,,,,,,,,,,,1.0,,,,,,,,,,,,,,,,,,,,,,,,,,,,,,,,,,,,,,,,,,,,2025,,,109.0,24.0,,,,,,,,,,,,,,,,,,,,,,,,,,,,,,44.06492107,,176.9439979,
275.0,17.19,283.12,16.65,83.0,31.125,2.0,94.0,44.0,19.0,13.0,4.0,,10.0,1.0,,,,,6.0,,,,,,,,,,,,,4.0,7.0,2.0,2.0,15.0,1.0,2.0,11.0,5.0,170.0,2.0,,16.0,63.40657888,15.64757552,2.541568165,0.122498056,53.0,26.0,13.0,10.0,5.0,12.0,6.0,0.120293703,0.084205592,0.181256379,0.006185585,4.195286807,,,,,,,,,,,,,,,,,,1.597356171,0.032669291,0.698008553,,7.42483877,0.321083934,,3.549962439,13.88023437,17.0,Justin Herbert,LAC,DRAFT,10,4038941,17,Joemomma,QB,"{'1': {'team': 'KC', 'date': datetime.datetime(2025, 9, 5, 17, 0)}, '2': {'team': 'LV', 'date': datetime.datetime(2025, 9, 15, 19, 0)}, '3': {'team': 'DEN', 'date': datetime.datetime(2025, 9, 21, 13, 5)}, '4': {'team': 'NYG', 'date': datetime.datetime(2025, 9, 28, 10, 0)}, '5': {'team': 'WSH', 'date': datetime.datetime(2025, 10, 5, 13, 25)}, '6': {'team': 'MIA', 'date': datetime.datetime(2025, 10, 12, 10, 0)}, '7': {'team': 'IND', 'date': datetime.datetime(2025, 10, 19, 13, 5)}, '8': {'team': 'MIN', 'date': datetime.datetime(2025, 10, 23, 17, 15)}, '9': {'team': 'TEN', 'date': datetime.datetime(2025, 11, 2, 10, 0)}, '10': {'team': 'PIT', 'date': datetime.datetime(2025, 11, 9, 17, 20)}, '11': {'team': 'JAX', 'date': datetime.datetime(2025, 11, 16, 10, 0)}, '13': {'team': 'LV', 'date': datetime.datetime(2025, 11, 30, 13, 25)}, '14': {'team': 'PHI', 'date': datetime.datetime(2025, 12, 8, 17, 15)}, '15': {'team': 'KC', 'date': datetime.datetime(2025, 12, 14, 10, 0)}, '16': {'team': 'DAL', 'date': datetime.datetime(2025, 12, 21, 10, 0)}, '17': {'team': 'HOU', 'date': datetime.datetime(2025, 12, 27, 13, 30)}, '18': {'team': 'DEN', 'date': datetime.datetime(2026, 1, 4, 13, 25)}}","['QB', 'OP', 'BE', 'IR']",QB,,,,,,,,,,,,,,,,,,,,,512.0,340.0,172.0,232.9375,26.0,741.0,368.0,181.0,143.0,69.0,32.0,61.0,26.0,27.0,8.0,1.0,1.0,3.0,,13.0,0.6640625,54.0,4.0,11.0,7.0,4.0,1.0,571.0799223,372.4658599,198.6140624,245.2271863,25.06022657,833.0,416.0,208.0,166.0,83.0,41.0,74.0,37.0,3.455587714,2.258226571,3.550251973,0.479545953,1.474858115,10.33027193,0.652213194,39.98034165,6.726830217,3.228878504,,,,1.0,,,,,,,,,,,,,,,,,,,,,,,,,,,,,,,,,,,,,,,,,,,,,,,,,,,,,,,,,,,,,,,,,,,,,,,,,,,,,,,,,,,,,,,,,,,,,,,,,,,,,,,,,,,,,,,,,,,,,,,,,,,,,,,,1.0,,1.0,,,,,,,,,,,,,,,,,,,,,,,,,,,,,,,,,,,,,2025,,,175.0,33.0,,,,,,,,,,,,,,,,,,,,,,,,,,,,,,16.80075709,,201.452596,
178.0,11.87,156.49,9.21,,,,,,,,,,,,,,,,,60.0,39.4,11.0,111.0,52.0,22.0,16.0,4.0,4.0,82.0,234.0,9.85,,,,,,2.0,2.0,10.0,5.0,66.0,,1.0,15.0,2.556043639,0.694867003,0.192171607,0.006332794,2.0,1.0,,,,,,0.004694072,0.00328585,0.000274524,9.36845e-06,4.621493492,40.12278047,3.693116453,0.250983006,0.214690755,0.140300409,136.0,68.0,34.0,27.0,13.0,64.87809936,,,0.898688405,0.027794487,82.39833937,10.51336699,0.2573158,0.00493146,0.042482619,1.078303812,1.120786431,0.019542005,0.603850135,0.623392139,0.623392139,17.0,Dallas Goedert,PHI,DRAFT,7,3121023,17,Joemomma,TE,"{'1': {'team': 'DAL', 'date': datetime.datetime(2025, 9, 4, 17, 20)}, '2': {'team': 'KC', 'date': datetime.datetime(2025, 9, 14, 13, 25)}, '3': {'team': 'LAR', 'date': datetime.datetime(2025, 9, 21, 10, 0)}, '4': {'team': 'TB', 'date': datetime.datetime(2025, 9, 28, 10, 0)}, '5': {'team': 'DEN', 'date': datetime.datetime(2025, 10, 5, 10, 0)}, '6': {'team': 'NYG', 'date': datetime.datetime(2025, 10, 9, 17, 15)}, '7': {'team': 'MIN', 'date': datetime.datetime(2025, 10, 19, 10, 0)}, '8': {'team': 'NYG', 'date': datetime.datetime(2025, 10, 26, 10, 0)}, '10': {'team': 'GB', 'date': datetime.datetime(2025, 11, 10, 17, 15)}, '11': {'team': 'DET', 'date': datetime.datetime(2025, 11, 16, 17, 20)}, '12': {'team': 'DAL', 'date': datetime.datetime(2025, 11, 23, 13, 25)}, '13': {'team': 'CHI', 'date': datetime.datetime(2025, 11, 28, 12, 0)}, '14': {'team': 'LAC', 'date': datetime.datetime(2025, 12, 8, 17, 15)}, '15': {'team': 'LV', 'date': datetime.datetime(2025, 12, 14, 10, 0)}, '16': {'team': 'WSH', 'date': datetime.datetime(2025, 12, 20, 14, 0)}, '17': {'team': 'BUF', 'date': datetime.datetime(2025, 12, 28, 13, 25)}, '18': {'team': 'WSH', 'date': datetime.datetime(2026, 1, 4, 13, 25)}}","['WR/TE', 'TE', 'RB/WR/TE', 'OP', 'BE', 'IR']",TE,,,1.0,1.0,,,,,,,,,,,,,,,7.0,,,,,,,,,,,,,,,,,,,,,,,,,,,,,,,,,,,,,,,,,,,,,,,,,,,,,,2.0,,,,,,,,,,,,,,,,,,,,,,,,,,,,,,,,,,,,,,,,,,,,,,,,,,,,,,,,,,,,,,,,,,,,,,,,,,,,,,,,,,,,,,,,,,,,,,,,,,,,,,,,,,,,,,,,,,,,,,,,,,,,,,,,,,,,,,,,,,,,,,,,,,,,,,,,,,,,,,,,,,,,,,,,2025,,,,,34.0,,,,,,,,,,,,,,,,,,,,,,,,,,,,,2.769402751,33.95761262,,
178.0,11.12,202.38,11.9,17.0,4.6875,1.0,12.0,4.0,1.0,1.0,,,,,,,,,4.41176471,72.0,45.4375,5.0,139.0,66.0,29.0,20.0,6.0,7.0,99.0,466.0,10.09722222,1.0,3.0,,,,4.0,5.0,5.0,11.0,36.0,,,16.0,26.58495812,7.118156073,1.723278179,0.066228906,24.0,12.0,6.0,4.0,2.0,5.0,2.0,0.049461116,0.034622782,0.037140625,0.001267467,4.551771445,52.74137043,4.812288783,0.265515495,0.32639834,0.213301315,179.0,89.0,44.0,35.0,17.0,63.32957602,,,1.891728505,0.058507067,97.19994496,14.15773409,0.331744402,0.00778279,0.522984376,1.24583152,1.768815895,0.240572813,0.697665651,0.938238464,0.938238464,17.0,Deebo Samuel,WSH,DRAFT,27,3126486,17,Joemomma,WR,"{'1': {'team': 'NYG', 'date': datetime.datetime(2025, 9, 7, 10, 0)}, '2': {'team': 'GB', 'date': datetime.datetime(2025, 9, 11, 17, 15)}, '3': {'team': 'LV', 'date': datetime.datetime(2025, 9, 21, 10, 0)}, '4': {'team': 'ATL', 'date': datetime.datetime(2025, 9, 28, 10, 0)}, '5': {'team': 'LAC', 'date': datetime.datetime(2025, 10, 5, 13, 25)}, '6': {'team': 'CHI', 'date': datetime.datetime(2025, 10, 13, 17, 15)}, '7': {'team': 'DAL', 'date': datetime.datetime(2025, 10, 19, 13, 25)}, '8': {'team': 'KC', 'date': datetime.datetime(2025, 10, 27, 17, 15)}, '9': {'team': 'SEA', 'date': datetime.datetime(2025, 11, 2, 17, 20)}, '10': {'team': 'DET', 'date': datetime.datetime(2025, 11, 9, 13, 25)}, '11': {'team': 'MIA', 'date': datetime.datetime(2025, 11, 16, 6, 30)}, '13': {'team': 'DEN', 'date': datetime.datetime(2025, 11, 30, 17, 20)}, '14': {'team': 'MIN', 'date': datetime.datetime(2025, 12, 7, 10, 0)}, '15': {'team': 'NYG', 'date': datetime.datetime(2025, 12, 14, 10, 0)}, '16': {'team': 'PHI', 'date': datetime.datetime(2025, 12, 20, 14, 0)}, '17': {'team': 'DAL', 'date': datetime.datetime(2025, 12, 25, 10, 0)}, '18': {'team': 'PHI', 'date': datetime.datetime(2026, 1, 4, 13, 25)}}","['RB/WR', 'WR', 'WR/TE', 'RB/WR/TE', 'OP', 'BE', 'IR']",WR,,,,,1.0,,452.0,43.0,16.0,,,,,,,,,,3.0,2.0,,,,,,,,,,,,,,,,,,,,,,,1.0,,,,,,,,,,,,,,,,,,,,,,,,,,,,,,,1.0,1.0,,,,,,,,,,,,,,,,,,,,,,,,,,,,,,,,,,,,,,,,,,,,,,,,,,,,,,,,,,,,,,,,,,,,,,,,,,,,,,,,,,,,,,,,,,,,,,,,,,,,,,,,,,,,,,,,,,,,,,,,,,,,,,,,,,,,,,,,,,,,,,,,,,,,,,,,,,,,,,,,,,,,,,2025,,,,4.0,32.0,,,,,,,,,,,,,,,,,,,,,,,,,,,,,9.05771368,39.97781086,,
150.0,8.82,147.01,8.65,,,,,,,,,,,,,,,,,,,,,,,,,,,,,,,,,,,1.0,8.0,9.0,128.0,,,17.0,,,,,,,,,,,,,,,,,,,,,,,,,,,,,,,,,,,,,,,,,,,17.0,Chase McLaughlin,TB,DRAFT,7,3150744,17,Joemomma,BE,"{'1': {'team': 'ATL', 'date': datetime.datetime(2025, 9, 7, 10, 0)}, '2': {'team': 'HOU', 'date': datetime.datetime(2025, 9, 15, 16, 0)}, '3': {'team': 'NYJ', 'date': datetime.datetime(2025, 9, 21, 10, 0)}, '4': {'team': 'PHI', 'date': datetime.datetime(2025, 9, 28, 10, 0)}, '5': {'team': 'SEA', 'date': datetime.datetime(2025, 10, 5, 13, 5)}, '6': {'team': 'SF', 'date': datetime.datetime(2025, 10, 12, 13, 25)}, '7': {'team': 'DET', 'date': datetime.datetime(2025, 10, 20, 16, 0)}, '8': {'team': 'NO', 'date': datetime.datetime(2025, 10, 26, 13, 5)}, '10': {'team': 'NE', 'date': datetime.datetime(2025, 11, 9, 10, 0)}, '11': {'team': 'BUF', 'date': datetime.datetime(2025, 11, 16, 10, 0)}, '12': {'team': 'LAR', 'date': datetime.datetime(2025, 11, 23, 17, 20)}, '13': {'team': 'ARI', 'date': datetime.datetime(2025, 11, 30, 10, 0)}, '14': {'team': 'NO', 'date': datetime.datetime(2025, 12, 7, 10, 0)}, '15': {'team': 'ATL', 'date': datetime.datetime(2025, 12, 11, 17, 15)}, '16': {'team': 'CAR', 'date': datetime.datetime(2025, 12, 21, 10, 0)}, '17': {'team': 'MIA', 'date': datetime.datetime(2025, 12, 28, 10, 0)}, '18': {'team': 'CAR', 'date': datetime.datetime(2026, 1, 3, 13, 30)}}","['K', 'BE', 'IR']",BE,,,,,,,,,,,,,,,,,,,,,,,,,,,,,,,,,,,,,,,,,,,,,,,,,,,,,,,,,,,,,,,,,,,,,,,,,,1.0,,,,11.0,12.0,6.0,9.0,3.0,15.0,17.0,2.0,32.0,38.0,6.0,32.0,33.0,1.0,10.0,11.0,5.197225751,7.054625524,1.857399773,7.641435044,9.121794864,1.48035982,16.46943344,16.63579135,0.166357914,29.30809423,32.81221174,3.504117506,44.55700752,45.46633421,0.909326684,5.197225751,7.054625524,1.857399773,,,,,,,,,,,,,,,,,,,,,,,,,,,,,,,,,,,,,,,,,,,,,,,,,,,,,,,,,,,,,,,,,,,,,,,,,,,,,,,,,,,,,,,1.0,1.0,1.0,,,,,,,,,,,,,,1.0,,,,,,,,,,,,,,,,,,,,,,,,,,,2025,,,,,,1346.0,224.0,1570.0,264.0,128.0,61.0,47.0,20.0,7.0,42.0,19.0,8.0,6.0,1.0,308.0,150.0,71.0,56.0,24.0,7.0,,,1118.597771,171.906517,1290.504288,,,,,,,
153.0,9.0,127.88,7.52,,,,,,,,,,,,,,,,,,,,,,,,,,,,,,,,,,600.0,1077.0,12.0,5.0,,,,17.0,,,,,,,,,,,,,,,,,,,,,,,,,,,,,,,,,,,,,,,,,,,17.0,Texans D/ST,HOU,DRAFT,2,-16034,17,Joemomma,D/ST,"{'1': {'team': 'LAR', 'date': datetime.datetime(2025, 9, 7, 13, 25)}, '2': {'team': 'TB', 'date': datetime.datetime(2025, 9, 15, 16, 0)}, '3': {'team': 'JAX', 'date': datetime.datetime(2025, 9, 21, 10, 0)}, '4': {'team': 'TEN', 'date': datetime.datetime(2025, 9, 28, 10, 0)}, '5': {'team': 'BAL', 'date': datetime.datetime(2025, 10, 5, 10, 0)}, '7': {'team': 'SEA', 'date': datetime.datetime(2025, 10, 20, 19, 0)}, '8': {'team': 'SF', 'date': datetime.datetime(2025, 10, 26, 10, 0)}, '9': {'team': 'DEN', 'date': datetime.datetime(2025, 11, 2, 10, 0)}, '10': {'team': 'JAX', 'date': datetime.datetime(2025, 11, 9, 10, 0)}, '11': {'team': 'TEN', 'date': datetime.datetime(2025, 11, 16, 10, 0)}, '12': {'team': 'BUF', 'date': datetime.datetime(2025, 11, 20, 17, 15)}, '13': {'team': 'IND', 'date': datetime.datetime(2025, 11, 30, 10, 0)}, '14': {'team': 'KC', 'date': datetime.datetime(2025, 12, 7, 17, 20)}, '15': {'team': 'ARI', 'date': datetime.datetime(2025, 12, 14, 10, 0)}, '16': {'team': 'LV', 'date': datetime.datetime(2025, 12, 21, 13, 25)}, '17': {'team': 'LAC', 'date': datetime.datetime(2025, 12, 27, 13, 30)}, '18': {'team': 'IND', 'date': datetime.datetime(2026, 1, 4, 10, 0)}}","['D/ST', 'BE', 'IR']",D/ST,,,,,,,1407.0,133.0,50.0,0.494446455,0.180053789,1373.640407,283.3633406,137.0,54.0,28.0,11.0,,,,,,,,,,,,,,,,,,,,,,,,,,,,,,,,,,,,,,,,,,,,,,,,,,,,,,,,,477.0,,,14.0,,,,,,,,,,,,,,,,,,,,,,,,,,,,,,,,,,,10.0,1.0,0.0,3.0,5.0,4.0,19.0,3.0,,47.0,94.0,,,1.0,4.0,353.0,208.0,66.0,90.0,360.0,29.0,7.0,295.0,5.0,1.0,2.0,0.0,4713.0,0.0,1.0,10.0,4.0,2.0,0.0,0.0,0.0,0.0,1.0,0.0,3.0,5.0,5.0,1.0,2.0,0.0,0.301321851,1.361906669,4.477268175,3.677148007,0.11910484,1.769327131,13.71341612,7.971876258,1.751706347,0.230626089,42.12052837,84.24105675,1.218933278,0.550393853,2.562932215,12.26442501,994.4149954,331.0,198.0,83.99966657,345.0592349,2.468455838,2.911075506,1.498097336,0.289405167,0.01532145,20.29760205,5643.425677,0.757978057,5.961625169,4.437152447,3.559941887,1.677771655,0.425830369,0.153298933,0.026401483,331.9662163,,,,,,,,,,3.0,,,,,,,,,,,,,,,,,,,,,,,,,,,,,,,,,,,,,,2025,,,,,,,,,,,,,,,,,,,,,,,,,,,,,,,,,,,,,60.98767344
146.0,8.59,138.42,8.14,,,,,,,,,,,,,,,,,,,,,,,,,,,,,,,,,,2.0,2.0,10.0,7.0,123.0,,,17.0,,,,,,,,,,,,,,,,,,,,,,,,,,,,,,,,,,,,,,,,,,,17.0,Chris Boswell,PIT,DRAFT,8,17372,17,Joemomma,K,"{'1': {'team': 'NYJ', 'date': datetime.datetime(2025, 9, 7, 10, 0)}, '2': {'team': 'SEA', 'date': datetime.datetime(2025, 9, 14, 10, 0)}, '3': {'team': 'NE', 'date': datetime.datetime(2025, 9, 21, 10, 0)}, '4': {'team': 'MIN', 'date': datetime.datetime(2025, 9, 28, 6, 30)}, '6': {'team': 'CLE', 'date': datetime.datetime(2025, 10, 12, 10, 0)}, '7': {'team': 'CIN', 'date': datetime.datetime(2025, 10, 16, 17, 15)}, '8': {'team': 'GB', 'date': datetime.datetime(2025, 10, 26, 17, 20)}, '9': {'team': 'IND', 'date': datetime.datetime(2025, 11, 2, 10, 0)}, '10': {'team': 'LAC', 'date': datetime.datetime(2025, 11, 9, 17, 20)}, '11': {'team': 'CIN', 'date': datetime.datetime(2025, 11, 16, 10, 0)}, '12': {'team': 'CHI', 'date': datetime.datetime(2025, 11, 23, 10, 0)}, '13': {'team': 'BUF', 'date': datetime.datetime(2025, 11, 30, 13, 25)}, '14': {'team': 'BAL', 'date': datetime.datetime(2025, 12, 7, 10, 0)}, '15': {'team': 'MIA', 'date': datetime.datetime(2025, 12, 15, 17, 15)}, '16': {'team': 'DET', 'date': datetime.datetime(2025, 12, 21, 13, 25)}, '17': {'team': 'CLE', 'date': datetime.datetime(2025, 12, 28, 10, 0)}, '18': {'team': 'BAL', 'date': datetime.datetime(2026, 1, 4, 17, 20)}}","['K', 'BE', 'IR']",K,,,,,,,,,,,,,,,,,,,,,,,,,,,,,,,,,,,,,,,,,,,,,,,,,,,,,,,,,,,,,,,,,,,,,,,,,,,,,,9.0,11.0,10.0,11.0,1.0,8.0,10.0,2.0,27.0,32.0,5.0,42.0,43.0,1.0,8.0,10.0,5.230892496,7.140836289,1.909943793,7.696225652,9.233267388,1.537041736,16.67069748,16.83908837,0.168390884,29.59781563,33.21319204,3.615376413,35.08655462,35.80260676,0.716052135,5.230892496,7.140836289,1.909943793,,,,,,,,,,,,,,,,,,,,,,,,,,,,,,,,,,,,,,,,,,,,,,,,,,,,,,,,,,,,,,,,,,,,,,,,,,,,,,,,,,,,,,,2.0,2.0,1.0,,,,,,,,,,,,,,1.0,,,,,,,,,,,,,,,,,,,,,,,,,,,2025,,,,,,1167.0,220.0,1387.0,229.0,113.0,53.0,41.0,17.0,5.0,42.0,20.0,8.0,7.0,2.0,273.0,134.0,63.0,49.0,22.0,8.0,,,1128.919274,177.3555695,1306.274843,,,,,,,
119.0,7.0,102.16,6.01,,,,,,,,,,,,,,,,,,,,,,,,,,,,,,,,,,649.0,1126.0,12.0,5.0,,,,17.0,,,,,,,,,,,,,,,,,,,,,,,,,,,,,,,,,,,,,,,,,,,17.0,Rams D/ST,LAR,ADD,7,-16014,17,Joemomma,BE,"{'1': {'team': 'HOU', 'date': datetime.datetime(2025, 9, 7, 13, 25)}, '2': {'team': 'TEN', 'date': datetime.datetime(2025, 9, 14, 10, 0)}, '3': {'team': 'PHI', 'date': datetime.datetime(2025, 9, 21, 10, 0)}, '4': {'team': 'IND', 'date': datetime.datetime(2025, 9, 28, 13, 5)}, '5': {'team': 'SF', 'date': datetime.datetime(2025, 10, 2, 17, 15)}, '6': {'team': 'BAL', 'date': datetime.datetime(2025, 10, 12, 10, 0)}, '7': {'team': 'JAX', 'date': datetime.datetime(2025, 10, 19, 6, 30)}, '9': {'team': 'NO', 'date': datetime.datetime(2025, 11, 2, 13, 5)}, '10': {'team': 'SF', 'date': datetime.datetime(2025, 11, 9, 13, 25)}, '11': {'team': 'SEA', 'date': datetime.datetime(2025, 11, 16, 13, 5)}, '12': {'team': 'TB', 'date': datetime.datetime(2025, 11, 23, 17, 20)}, '13': {'team': 'CAR', 'date': datetime.datetime(2025, 11, 30, 10, 0)}, '14': {'team': 'ARI', 'date': datetime.datetime(2025, 12, 7, 13, 25)}, '15': {'team': 'DET', 'date': datetime.datetime(2025, 12, 14, 13, 25)}, '16': {'team': 'SEA', 'date': datetime.datetime(2025, 12, 18, 17, 15)}, '17': {'team': 'ATL', 'date': datetime.datetime(2025, 12, 29, 17, 15)}, '18': {'team': 'ARI', 'date': datetime.datetime(2026, 1, 4, 13, 25)}}","['D/ST', 'BE', 'IR']",BE,,,,,,,1479.0,144.0,53.0,0.335237915,0.138578582,1447.46975,266.0373985,144.0,57.0,26.0,10.0,,,,,,,,,,,,,,,,,,,,,,,,,,,,,,,,,,,,,,,,,,,,,,,,,,,,,,,,,477.0,,,12.0,,,,,,,,,,,,,,,,,,,,,,,,,,,,,,,,,,,9.0,0.0,1.0,4.0,1.0,1.0,16.0,2.0,,47.0,94.0,,,1.0,2.0,371.0,220.0,50.0,82.0,259.0,21.0,4.0,334.0,5.0,3.0,2.0,1.0,5568.0,0.0,1.0,5.0,4.0,4.0,3.0,0.0,0.0,0.0,0.0,1.0,4.0,1.0,5.0,3.0,2.0,1.0,0.188737748,0.850170034,3.043608722,2.856571314,0.114282499,1.738767914,12.83609305,9.397976031,1.905065713,0.244628925,40.58466649,81.16933298,1.199638781,0.539129133,2.32686691,14.45842466,1028.865443,342.0,205.0,71.29498682,372.4236462,2.465493099,3.621724345,2.618523705,1.207241448,0.147929586,21.90727331,6044.167527,0.27175542,2.717554201,3.295034469,4.195224298,3.447896893,2.038165651,0.798281547,0.236087521,355.5392663,,,,,,,,,,,,,,1.0,,,,,,,,,,,,,,,,,,,,,,,,,,,,,,,,,,2025,,,,,,,,,,,,,,,,,,,,,,,,,,,,,,,,,,,,,42.96660168
108.0,6.35,55.09,3.24,17.0,6.47058824,1.0,17.0,7.0,3.0,,,,,,,,,,6.47058824,46.0,18.64705882,3.0,58.0,27.0,10.0,5.0,,1.0,65.0,253.0,6.89130435,1.0,1.0,1.0,1.0,1.0,2.0,2.0,7.0,10.0,24.0,1.0,,17.0,4.029833947,1.440892949,0.214935132,0.012110476,4.0,2.0,1.0,,,,,0.007406595,0.005184616,0.001376119,4.69617e-05,6.078458928,13.20866609,1.273645309,0.068107435,0.1433939,0.093707914,44.0,22.0,11.0,8.0,4.0,20.00759259,,,0.084378011,0.002609629,29.90909683,11.22310555,0.080217911,0.001994248,0.075984624,0.377253611,0.453238235,0.034952927,0.211262022,0.246214949,0.246214949,17.0,Malik Washington,MIA,ADD,56,4569603,17,Joemomma,BE,"{'1': {'team': 'IND', 'date': datetime.datetime(2025, 9, 7, 10, 0)}, '2': {'team': 'NE', 'date': datetime.datetime(2025, 9, 14, 10, 0)}, '3': {'team': 'BUF', 'date': datetime.datetime(2025, 9, 18, 17, 15)}, '4': {'team': 'NYJ', 'date': datetime.datetime(2025, 9, 29, 16, 15)}, '5': {'team': 'CAR', 'date': datetime.datetime(2025, 10, 5, 10, 0)}, '6': {'team': 'LAC', 'date': datetime.datetime(2025, 10, 12, 10, 0)}, '7': {'team': 'CLE', 'date': datetime.datetime(2025, 10, 19, 10, 0)}, '8': {'team': 'ATL', 'date': datetime.datetime(2025, 10, 26, 10, 0)}, '9': {'team': 'BAL', 'date': datetime.datetime(2025, 10, 30, 17, 15)}, '10': {'team': 'BUF', 'date': datetime.datetime(2025, 11, 9, 10, 0)}, '11': {'team': 'WSH', 'date': datetime.datetime(2025, 11, 16, 6, 30)}, '13': {'team': 'NO', 'date': datetime.datetime(2025, 11, 30, 10, 0)}, '14': {'team': 'NYJ', 'date': datetime.datetime(2025, 12, 7, 10, 0)}, '15': {'team': 'PIT', 'date': datetime.datetime(2025, 12, 15, 17, 15)}, '16': {'team': 'CIN', 'date': datetime.datetime(2025, 12, 21, 10, 0)}, '17': {'team': 'TB', 'date': datetime.datetime(2025, 12, 28, 10, 0)}, '18': {'team': 'NE', 'date': datetime.datetime(2026, 1, 4, 13, 25)}}","['RB/WR', 'WR', 'WR/TE', 'RB/WR/TE', 'OP', 'BE', 'IR']",BE,,,,,,,965.0,90.0,30.0,0.292619844,0.118417473,1062.672067,180.6459629,106.0,42.0,18.0,7.0,,3.0,,,,,,,,,,,,,,,,,,,,,,,,1.0,,,,,,,,,,,,,,,,,,,,,,,,,,,,,,,,,,,,,,,,,,,,,,,,,,,,,,,,,,,,,,,,,,,,,,,,,,,,,,,,,1.0,,1.0,,,,,260.0,20.0,5.0,,,,,,,,,,,,,,,,,,,,,,,,,,,,,,,,,,,,,,,,,,,,,,,,,,,,,,,,,,,,,,,,1.0,,,,,,,,,,,,,,,,,,,,,,,,,,,,,,,,,,,,,,,,,,,,2025,,,,6.0,16.0,,,,,,,,,,,,,,,,,,,,,,,,,,,,,3.304137145,10.12362785,,
139.0,8.18,80.85,4.76,10.0,0.82352941,1.0,,,,,,,,,,,,,1.4,52.0,30.52941176,6.0,97.0,45.0,19.0,13.0,3.0,3.0,68.0,271.0,9.98076923,,2.0,,,,1.0,2.0,14.0,3.0,42.0,1.0,,17.0,,,,,,,,,,,,,,,,,19.99005893,2.441433307,0.138360299,0.119785758,0.078279993,67.0,33.0,16.0,13.0,6.0,33.37401788,,,0.157851298,0.004881999,47.20021035,10.18250194,0.138360299,0.001796132,,0.408211887,0.408211887,,0.228598657,0.228598657,0.228598657,17.0,AJ Barner,SEA,ADD,14,4576297,17,Joemomma,RB/WR/TE,"{'1': {'team': 'SF', 'date': datetime.datetime(2025, 9, 7, 13, 5)}, '2': {'team': 'PIT', 'date': datetime.datetime(2025, 9, 14, 10, 0)}, '3': {'team': 'NO', 'date': datetime.datetime(2025, 9, 21, 13, 5)}, '4': {'team': 'ARI', 'date': datetime.datetime(2025, 9, 25, 17, 15)}, '5': {'team': 'TB', 'date': datetime.datetime(2025, 10, 5, 13, 5)}, '6': {'team': 'JAX', 'date': datetime.datetime(2025, 10, 12, 10, 0)}, '7': {'team': 'HOU', 'date': datetime.datetime(2025, 10, 20, 19, 0)}, '9': {'team': 'WSH', 'date': datetime.datetime(2025, 11, 2, 17, 20)}, '10': {'team': 'ARI', 'date': datetime.datetime(2025, 11, 9, 13, 5)}, '11': {'team': 'LAR', 'date': datetime.datetime(2025, 11, 16, 13, 5)}, '12': {'team': 'TEN', 'date': datetime.datetime(2025, 11, 23, 10, 0)}, '13': {'team': 'MIN', 'date': datetime.datetime(2025, 11, 30, 13, 5)}, '14': {'team': 'ATL', 'date': datetime.datetime(2025, 12, 7, 10, 0)}, '15': {'team': 'IND', 'date': datetime.datetime(2025, 12, 14, 13, 25)}, '16': {'team': 'LAR', 'date': datetime.datetime(2025, 12, 18, 17, 15)}, '17': {'team': 'CAR', 'date': datetime.datetime(2025, 12, 28, 10, 0)}, '18': {'team': 'SF', 'date': datetime.datetime(2026, 1, 3, 17, 0)}}","['WR/TE', 'TE', 'RB/WR/TE', 'OP', 'BE', 'IR']",RB/WR/TE,,,,,2.0,,,,,,,,,,,,,1.0,3.0,1.0,,,,,,,,,,,,,,,,,,,,,,,,,,,,,,,,,,,,,,,,,,,,,,,,,,,,,2.0,1.0,,,,,,,,,,,,,,,,,,,,,,,,,,,,,,,,,,,,,,,,,,,,,,,,,,,,,,,,,,,,,,,,,,,,,,,,,,,,,,,,,,,,,,,,,,,,,,,,,,,,,,,,,,,,,,,,,,,,,,,,,,,,,,,,,,,,,,,,,,,,,,,,,,,,,,,,,,,,,,,,,,,,,,,2025,,,,9.0,26.0,,,,,,,,,,,,,,,,,,,,,,,,,,,,,,16.82687536,,
68.0,4.25,0.98,0.06,3.0,-0.3125,,,,,,,,,,,,,,-1.66666667,33.0,17.125,2.0,51.0,23.0,10.0,6.0,1.0,1.0,48.0,140.0,8.3030303,,,,,,1.0,1.0,7.0,9.0,12.0,,,16.0,,,,,,,,,,,,,,,,,0.114750148,0.014631329,0.000988685,0.008331981,0.005444949,,,,,,0.159671413,,,0.001053992,3.25977e-05,0.260169119,12.2172935,0.000988685,1.40511e-05,,0.003193428,0.003193428,,0.00178832,0.00178832,0.00178832,17.0,John Metchie III,NYJ,ADD,86,4567096,17,Joemomma,BE,"{'1': {'team': 'PIT', 'date': datetime.datetime(2025, 9, 7, 10, 0)}, '2': {'team': 'BUF', 'date': datetime.datetime(2025, 9, 14, 10, 0)}, '3': {'team': 'TB', 'date': datetime.datetime(2025, 9, 21, 10, 0)}, '4': {'team': 'MIA', 'date': datetime.datetime(2025, 9, 29, 16, 15)}, '5': {'team': 'DAL', 'date': datetime.datetime(2025, 10, 5, 10, 0)}, '6': {'team': 'DEN', 'date': datetime.datetime(2025, 10, 12, 6, 30)}, '7': {'team': 'CAR', 'date': datetime.datetime(2025, 10, 19, 10, 0)}, '8': {'team': 'CIN', 'date': datetime.datetime(2025, 10, 26, 10, 0)}, '10': {'team': 'CLE', 'date': datetime.datetime(2025, 11, 9, 10, 0)}, '11': {'team': 'NE', 'date': datetime.datetime(2025, 11, 13, 17, 15)}, '12': {'team': 'BAL', 'date': datetime.datetime(2025, 11, 23, 10, 0)}, '13': {'team': 'ATL', 'date': datetime.datetime(2025, 11, 30, 10, 0)}, '14': {'team': 'MIA', 'date': datetime.datetime(2025, 12, 7, 10, 0)}, '15': {'team': 'JAX', 'date': datetime.datetime(2025, 12, 14, 10, 0)}, '16': {'team': 'NO', 'date': datetime.datetime(2025, 12, 21, 10, 0)}, '17': {'team': 'NE', 'date': datetime.datetime(2025, 12, 28, 10, 0)}, '18': {'team': 'BUF', 'date': datetime.datetime(2026, 1, 4, 13, 25)}}","['RB/WR', 'WR', 'WR/TE', 'RB/WR/TE', 'OP', 'BE', 'IR']",BE,,,,,,,120.0,11.0,3.0,0.122300259,,444.1430459,,44.0,17.0,,,,,1.0,,,,,,,,,,,,,,,,,,,,,,,,,,,,,,,,,,,,,,,,,,,,,,,,,,,,,1.0,,,,,,,,,,,,,,,,,,,,,,,,,,,,,,,,,,,,,,,,,,,,,,,,,,,,,,,,,,,,,,,,,,,,,,,,,,,,,,,,,,,,,,,,,,,,,,,,,,,,,,,,,,,,,,,,,,,,,,,,,,,,,,,,,,,,,,,,,,,,,,,,,,,,,,,,,,,,,,,,,,,,,,,,2025,,,,,14.0,,,,,,,,,,,,,,,,,,,,,,,,,,,,,,0.028541452,,
89.0,5.24,52.87,3.11,50.0,11.76470588,3.0,35.0,12.0,3.0,2.0,,,3.0,1.0,,,,,4.0,24.0,15.47058824,2.0,49.0,23.0,9.0,4.0,1.0,,33.0,301.0,10.95833333,,1.0,,,,1.0,2.0,12.0,5.0,30.0,3.0,,17.0,33.81888951,8.802320147,1.03141437,0.033093722,29.0,14.0,7.0,5.0,2.0,6.0,3.0,0.063164187,0.044214931,0.057011558,0.001945586,4.42472963,8.102480807,0.871028243,0.047162169,0.096919408,0.063336833,27.0,13.0,6.0,5.0,2.0,14.23788567,,,0.054739394,0.001692971,20.10228127,9.674341884,0.080255891,0.001500383,0.239968503,0.101027685,0.340996187,0.110385511,0.056575503,0.166961015,0.166961015,17.0,Ty Johnson,BUF,ADD,47,3915411,17,Joemomma,BE,"{'1': {'team': 'BAL', 'date': datetime.datetime(2025, 9, 7, 17, 20)}, '2': {'team': 'NYJ', 'date': datetime.datetime(2025, 9, 14, 10, 0)}, '3': {'team': 'MIA', 'date': datetime.datetime(2025, 9, 18, 17, 15)}, '4': {'team': 'NO', 'date': datetime.datetime(2025, 9, 28, 10, 0)}, '5': {'team': 'NE', 'date': datetime.datetime(2025, 10, 5, 17, 20)}, '6': {'team': 'ATL', 'date': datetime.datetime(2025, 10, 13, 16, 15)}, '8': {'team': 'CAR', 'date': datetime.datetime(2025, 10, 26, 10, 0)}, '9': {'team': 'KC', 'date': datetime.datetime(2025, 11, 2, 13, 25)}, '10': {'team': 'MIA', 'date': datetime.datetime(2025, 11, 9, 10, 0)}, '11': {'team': 'TB', 'date': datetime.datetime(2025, 11, 16, 10, 0)}, '12': {'team': 'HOU', 'date': datetime.datetime(2025, 11, 20, 17, 15)}, '13': {'team': 'PIT', 'date': datetime.datetime(2025, 11, 30, 13, 25)}, '14': {'team': 'CIN', 'date': datetime.datetime(2025, 12, 7, 10, 0)}, '15': {'team': 'NE', 'date': datetime.datetime(2025, 12, 14, 10, 0)}, '16': {'team': 'CLE', 'date': datetime.datetime(2025, 12, 21, 10, 0)}, '17': {'team': 'PHI', 'date': datetime.datetime(2025, 12, 28, 13, 25)}, '18': {'team': 'NYJ', 'date': datetime.datetime(2026, 1, 4, 13, 25)}}","['RB', 'RB/WR', 'RB/WR/TE', 'OP', 'BE', 'IR']",BE,1.0,1.0,,,1.0,,240.0,22.0,4.0,0.063619458,,215.7692603,,21.0,8.0,,,,1.0,,,,,,,,,,,,,,,,,,,,,,,,,,,,,,,,,,,,,,,,,,,,,,,,,,,,,,,1.0,,,,,,,,,,,,,,,,,,,,,,,,,,,,,,,,,,,,,,,,,,,,,,,,,,,,,,,,,,,,,,,,,,,,,,,,,,,,,,,,,,,,,,,,,,,,,,,,,,,,,,,,,,,,,,,,,,,,,,,,,,,,,,,,,,,,,,,,,,,,,,,,,,,,,,,,,,,,,,,,,,,,,,,2025,,,,13.0,11.0,,,,,,,,,,,,,,,,,,,,,,,,,,,,,9.948140121,6.250139409,,
52.0,4.0,29.66,1.74,44.0,24.0,,58.0,27.0,12.0,10.0,3.0,,5.0,1.0,,,,,7.09090909,13.0,7.76923077,1.0,18.0,8.0,3.0,2.0,,,20.0,84.0,7.76923077,1.0,1.0,1.0,1.0,1.0,3.0,5.0,3.0,10.0,6.0,,,13.0,17.84259693,4.763839688,0.505808926,0.026753128,16.0,8.0,4.0,3.0,1.0,3.0,1.0,0.033039926,0.023127948,0.016410348,0.000560022,4.538872621,4.037054959,0.261773088,0.019902982,0.035413732,0.023142874,13.0,6.0,3.0,2.0,1.0,10.17652898,,,0.032711819,0.001011706,13.356085,6.743943288,0.04665611,0.000771821,0.111703626,0.063710187,0.175413813,0.051383668,0.035677705,0.087061373,0.087061373,17.0,Emari Demercado,ARI,ADD,65,4362478,17,Joemomma,RB,"{'1': {'team': 'NO', 'date': datetime.datetime(2025, 9, 7, 10, 0)}, '2': {'team': 'CAR', 'date': datetime.datetime(2025, 9, 14, 13, 5)}, '3': {'team': 'SF', 'date': datetime.datetime(2025, 9, 21, 13, 25)}, '4': {'team': 'SEA', 'date': datetime.datetime(2025, 9, 25, 17, 15)}, '5': {'team': 'TEN', 'date': datetime.datetime(2025, 10, 5, 13, 5)}, '6': {'team': 'IND', 'date': datetime.datetime(2025, 10, 12, 10, 0)}, '7': {'team': 'GB', 'date': datetime.datetime(2025, 10, 19, 13, 25)}, '9': {'team': 'DAL', 'date': datetime.datetime(2025, 11, 3, 17, 15)}, '10': {'team': 'SEA', 'date': datetime.datetime(2025, 11, 9, 13, 5)}, '11': {'team': 'SF', 'date': datetime.datetime(2025, 11, 16, 13, 5)}, '12': {'team': 'JAX', 'date': datetime.datetime(2025, 11, 23, 13, 5)}, '13': {'team': 'TB', 'date': datetime.datetime(2025, 11, 30, 10, 0)}, '14': {'team': 'LAR', 'date': datetime.datetime(2025, 12, 7, 13, 25)}, '15': {'team': 'HOU', 'date': datetime.datetime(2025, 12, 14, 10, 0)}, '16': {'team': 'ATL', 'date': datetime.datetime(2025, 12, 21, 13, 5)}, '17': {'team': 'CIN', 'date': datetime.datetime(2025, 12, 28, 10, 0)}, '18': {'team': 'LAR', 'date': datetime.datetime(2026, 1, 4, 13, 25)}}","['RB', 'RB/WR', 'RB/WR/TE', 'OP', 'BE', 'IR']",RB,,,,,,,86.0,7.0,3.0,0.159144182,,577.9446623,,57.0,23.0,,,,1.0,,,,,,,,,,,,,,,,,,,,,,,,1.0,,,,,,,,,,,,,,,,,,,,,,,,,,,,,,,2.0,,,,,,,,,,,,,,,,,,,,,,,,,,,,,,,,,,,,,,,,,,,,,,,,,,,,,,,,,,,,,,,,,,,,,,,,,,,,,,,,,,,,,,,,,,,,,,,,,,,,,,,,,,,,,,,,,,,,,,,,,,,1.0,,,,,,,,,,,,,,,,,,,,,,,,,,,,,,,,,,,,,,,,,,,,2025,,,,9.0,2.0,,,,,,,,,,,,,,,,,,,,,,,,,,,,,6.267559622,3.169443857,,
46.0,6.57,176.17,10.36,3.0,4.0,,5.0,2.0,1.0,,,,,,,,,,9.33333333,19.0,29.57142857,1.0,41.0,19.0,8.0,6.0,1.0,1.0,22.0,85.0,10.89473684,,,,,,,,3.0,4.0,6.0,,,7.0,15.20580491,6.425293459,0.680544677,0.034502274,21.0,10.0,5.0,4.0,2.0,3.0,1.0,0.028122832,0.019685982,0.03097942,0.001057209,7.183440102,43.92854428,4.611394488,0.262998785,0.232371578,0.151854826,149.0,74.0,37.0,29.0,14.0,60.83341895,,,1.165858689,0.036057485,88.39442892,12.27590469,0.29750106,0.006691452,0.304116098,1.216668379,1.520784477,0.139893405,0.681334292,0.821227697,0.821227697,17.0,Jayden Reed,GB,ADD,109,4362249,17,Joemomma,WR,"{'1': {'team': 'DET', 'date': datetime.datetime(2025, 9, 7, 13, 25)}, '2': {'team': 'WSH', 'date': datetime.datetime(2025, 9, 11, 17, 15)}, '3': {'team': 'CLE', 'date': datetime.datetime(2025, 9, 21, 10, 0)}, '4': {'team': 'DAL', 'date': datetime.datetime(2025, 9, 28, 17, 20)}, '6': {'team': 'CIN', 'date': datetime.datetime(2025, 10, 12, 13, 25)}, '7': {'team': 'ARI', 'date': datetime.datetime(2025, 10, 19, 13, 25)}, '8': {'team': 'PIT', 'date': datetime.datetime(2025, 10, 26, 17, 20)}, '9': {'team': 'CAR', 'date': datetime.datetime(2025, 11, 2, 10, 0)}, '10': {'team': 'PHI', 'date': datetime.datetime(2025, 11, 10, 17, 15)}, '11': {'team': 'NYG', 'date': datetime.datetime(2025, 11, 16, 10, 0)}, '12': {'team': 'MIN', 'date': datetime.datetime(2025, 11, 23, 10, 0)}, '13': {'team': 'DET', 'date': datetime.datetime(2025, 11, 27, 10, 0)}, '14': {'team': 'CHI', 'date': datetime.datetime(2025, 12, 7, 13, 25)}, '15': {'team': 'DEN', 'date': datetime.datetime(2025, 12, 14, 13, 25)}, '16': {'team': 'CHI', 'date': datetime.datetime(2025, 12, 20, 17, 20)}, '17': {'team': 'BAL', 'date': datetime.datetime(2025, 12, 27, 17, 0)}, '18': {'team': 'MIN', 'date': datetime.datetime(2026, 1, 4, 10, 0)}}","['RB/WR', 'WR', 'WR/TE', 'RB/WR/TE', 'OP', 'BE', 'IR']",WR,,,,,,,,,,,0.098517866,,171.5987421,,,17.0,6.0,,,,,,,,,,,,,,,,,,,,,,,,,,,,,,,,,,,,,,,,,,,,,,,,,,,,,,,,1.0,,,,,,,,,,,,,,,,,,,,,,,,,,,,,,,,,,,,,,,,,,,,,,,,,,,,,,,,,,21.0,2.0,,,,,,,,,,,,,,,,,,,,,,,,,,,,,,,,,,,,,,,,,,,,,,,,,,,,,,,,,,,,,,,,,,,,,,,,,,,,,,,,,,,,,,,,,,,,,,,,,,,,,,,,,,,,,2025,,,,1.0,8.0,,,,,,,,,,,,,,,,,,,,,,,,,,,,,7.191323726,35.19531146,,
156.0,14.18,226.9,13.35,1.0,-0.27272727,,,,,,,,,,,,,,-3.0,57.0,57.09090909,7.0,121.0,57.0,27.0,21.0,7.0,6.0,69.0,252.0,11.01754386,,,,,,1.0,1.0,8.0,3.0,42.0,,1.0,11.0,,,,,,,,,,,,,,,,,61.66197115,6.765169918,0.284354081,0.414520835,0.270889365,209.0,104.0,52.0,41.0,20.0,82.51973831,,,2.830378988,0.087537494,106.4112306,12.70306391,0.284354081,0.003143637,,0.714463052,0.714463052,,0.400099309,0.400099309,0.400099309,17.0,George Kittle,SF,FA,13,3040151,,FA,,{},"['WR/TE', 'TE', 'RB/WR/TE', 'OP', 'BE', 'IR']",,,,1.0,1.0,,,,,,,,,,,,,,,3.0,,,,,,,,,,,,,,,,,,,,,,,,,,,,,,,,,,,,,,,,,,,,,,,,,,,,,,4.0,,,,,,,,,,,,,,,,,,,,,,,,,,,,,,,,,,,,,,,,,,,,,,,,,,,,,,,,,,,,,,,,,,,,,,,,,,,,,,,,,,,,,,,,,,,,,,,,,,,,,,,,,,,,,,,,,,,,,,,,,,,,,,,,,,,,,,,,,,,,,,,,,,,,,,,,,,,,,,,,,,,,,,,,2025,,,,,38.0,,,,,,,,,,,,,,,,,,,,,,,,,,,,,,49.33236327,,
181.0,12.07,240.35,14.14,2.0,0.8,1.0,2.0,1.0,,,,,,,,,,,6.0,59.0,56.66666667,6.0,166.0,79.0,36.0,27.0,9.0,5.0,99.0,414.0,14.40677966,,,,,,4.0,4.0,9.0,6.0,42.0,1.0,,15.0,,,,,,,,,,,,,,,,,68.91924618,7.143650166,0.384050514,0.241290252,0.15768318,234.0,117.0,58.0,46.0,23.0,81.50047628,,,3.702162589,0.114499874,137.359292,14.37570967,0.384050514,0.007172042,,1.630009526,1.630009526,,0.912805334,0.912805334,0.912805334,17.0,DK Metcalf,PIT,FA,25,4047650,,FA,,{},"['RB/WR', 'WR', 'WR/TE', 'RB/WR/TE', 'OP', 'BE', 'IR']",,1.0,1.0,2.0,2.0,,,,,,,,,,,,,,,2.0,2.0,,,,,,,,,,,,,,,,,,,,,,,,,,,,,,,,,,,,,,,,,,,,,,,,,,,,,1.0,,,,,,,,,,,,,,,,,,,,,,,,,,,,,,,,,,,,,,,,,,,,,,,,,,,,,,,,,,,,,,,,,,,,,,,,,,,,,,,,,,,,,,,,,,,,,,,,,,,,,,,,,,,,,,,,,,,,,,,,,,,,,,,,,,,,,,,,,,,,,,,,,,,,,,,,,,,,,,,,,,,,,,,,2025,,,,1.0,37.0,,,,,,,,,,,,,,,,,,,,,,,,,,,,,,52.65696842,,
93.0,8.45,265.78,15.63,131.0,42.81818182,1.0,90.0,43.0,19.0,13.0,3.0,,23.0,9.0,,,,,3.59541985,33.0,16.90909091,,32.0,15.0,6.0,3.0,,2.0,39.0,202.0,5.63636364,2.0,2.0,2.0,2.0,2.0,1.0,1.0,2.0,9.0,6.0,,,11.0,216.4401272,53.94324694,6.044929436,0.312950017,183.0,91.0,45.0,36.0,18.0,43.0,21.0,0.443797023,0.310657916,2.175146898,0.074229418,4.236900106,34.24872143,1.69176393,0.098533328,0.060848113,0.039764242,116.0,58.0,29.0,23.0,11.0,71.2698157,,,0.581089743,0.017971848,94.64804823,8.16935274,0.411483346,0.008105322,1.385799781,0.456318781,1.842118562,0.637467899,0.255538517,0.893006416,0.893006416,17.0,Alvin Kamara,NO,FA,46,3054850,,FA,,{},"['RB', 'RB/WR', 'RB/WR/TE', 'OP', 'BE', 'IR']",,,,,,2.0,1.0,,,,,,,,,,,,,,,,,,,,,,,,,,,,,,,,,,,,,2.0,,,,,,,,,,,,,,,,,,,,,,,,,,,,,,,,1.0,,,,,,,,,,,,,,,,,,,,,,,,,,,,,,,,,,,,,,,,,,,,,,,,,,,,,,,,,,,,,,,,,,,,,,,,,,,,,,,,,,,,,,,,,,,,,,,,,,,,,,,,,,,,,,,,,,,,,,,,,,2.0,,,,,,,,,,,,,,,,,,,,,,,,,,,,,,,,,,,,,,,,,,,,2025,,,,21.0,7.0,,,,,,,,,,,,,,,,,,,,,,,,,,,,,50.69191073,31.84239161,,
161.0,11.5,48.9,3.06,230.0,59.07142857,7.0,160.0,77.0,35.0,26.0,9.0,1.0,40.0,17.0,1.0,,1.0,,3.59565217,26.0,12.21428571,,32.0,14.0,4.0,4.0,1.0,1.0,36.0,194.0,6.57692308,,,,,,,,3.0,11.0,44.0,6.0,,14.0,44.06692589,11.98530399,1.277486456,0.08418644,38.0,19.0,9.0,7.0,3.0,8.0,4.0,0.082881354,0.058016948,0.100409581,0.003426594,4.351673279,5.329863645,0.353597322,0.024109078,0.034594807,0.022607706,17.0,8.0,4.0,3.0,1.0,12.33025552,,,0.037964004,0.001174144,16.29290849,6.916143645,0.108295518,0.002035298,0.361435412,0.101132332,0.462567744,0.166260289,0.056634106,0.222894395,0.222894395,16.0,Quinshon Judkins,CLE,FA,26,4685702,,FA,,{},"['Rookie', 'RB', 'RB/WR', 'RB/WR/TE', 'OP', 'BE', 'IR']",,,,,,,,,,,,,,,,,,,,,,,,,,,,,,,,,,,,,,,,,,,,,,,,,,,,,,,,,,,,,,,,,,,,,,,,,,,,,,,,,,,,,,,,,,,,,,,,,,,,,,,,,,,,,,,,,,,,,,,,,,,,,,,,,,,,,,,,,,,,,,,,,,,,,,,,,,,,,,,,,,,,,,,,,,,,,,,,,,,,,,,,,,,,,,,,,,,,,,,,,,,1.0,,,,,,,,,,,,,,,,,,,,,,,,,,,,,,,,,,,,,,,2025,,,,50.0,7.0,,,,,,,,,,,,,,,,,,,,,,,,,,,,,12.05468479,4.224610875,,
90.0,5.29,111.93,6.58,,,,,,,,,,,,,,,,,,,,,,,,,,,,,,,,,,594.0,1034.0,12.0,5.0,,,,17.0,,,,,,,,,,,,,,,,,,,,,,,,,,,,,,,,,,,,,,,,,,,17.0,Bills D/ST,BUF,FA,15,-16002,,FA,,{},"['D/ST', 'BE', 'IR']",,,,,,,,1842.0,177.0,64.0,0.381716749,0.144380957,1370.964684,315.4198144,137.0,54.0,31.0,12.0,,,,,,,,,,,,,,,,,,,,,,,,,,,,,,,,,,,,,,,,,,,,,,,,,,,,,,,,,440.0,,,13.0,,,,,,,,,,,,,,,,,,,,,,,,,,,,,,,,,,,7.0,0.0,0.0,5.0,0.0,2.0,13.0,1.0,,36.0,72.0,1.0,,1.0,3.0,339.0,198.0,77.0,62.0,194.0,14.0,2.0,365.0,4.0,3.0,4.0,1.0,4983.0,0.0,4.0,5.0,3.0,3.0,2.0,0.0,0.0,0.0,0.0,0.0,5.0,0.0,4.0,3.0,4.0,1.0,0.216858429,0.977988994,3.40170085,3.061530765,0.116133292,1.76434471,12.87387924,9.984882311,1.74604797,0.228326646,42.93224329,85.86448657,1.208770461,0.55557425,2.406575709,15.3613574,1058.039776,352.0,211.0,66.76415769,369.4178391,2.466233117,3.444222111,2.338669335,0.977988994,0.114807404,21.73046113,6008.168306,0.373887834,3.398980306,3.534939518,4.061781466,3.076077177,1.699490153,0.66280116,0.192042387,353.4216651,,,,,,,,,,1.0,,,,,,,,,,,,,,,,,,,,,,,,,,,,,,,,,,,,,,2025,,,,,,,,,,,,,,,,,,,,,,,,,,,,,,,,,,,,,47.09272785
140.0,8.24,140.26,8.25,,,,,,,,,,,,,,,,,,,,,,,,,,,,,,,,,,2.0,2.0,8.0,9.0,134.0,,,17.0,,,,,,,,,,,,,,,,,,,,,,,,,,,,,,,,,,,,,,,,,,,17.0,Tyler Loop,BAL,FA,12,4697745,,FA,,{},"['Rookie', 'K', 'BE', 'IR']",,,,,,,,,,,,,,,,,,,,,,,,,,,,,,,,,,,,,,,,,,,,,,,,,,,,,,,,,,,,,,,,,,,,,,,,,,,,,,,1.0,4.0,8.0,9.0,1.0,21.0,21.0,,30.0,34.0,4.0,44.0,46.0,2.0,1.0,4.0,4.660548159,7.008343097,2.347794937,6.941454166,9.061950609,2.120496442,15.45241862,16.52665093,1.07423231,27.05442095,32.59694464,5.54252369,48.37316397,52.0701442,3.696980238,4.660548159,7.008343097,2.347794937,,,,,,,,,,,,,,,,,,,,,,,,,,,,,,,,,,,,,,,,,,,,,,,,,,,,,,,,,,,,,,,,,,,,,,,,,,,,,,,,,,,,,,,3.0,3.0,,,,,,,,,,,,,,,,,,,,,,,,,,,,,,,,,,,,,,,,,,2025,,,,,,1027.0,211.0,1238.0,201.0,97.0,45.0,36.0,13.0,4.0,41.0,19.0,8.0,7.0,3.0,243.0,119.0,56.0,45.0,17.0,4.0,,,1027.607597,254.4302358,1282.037833,,,,,,,
109.0,15.57,370.53,21.8,58.0,39.71428571,2.0,53.0,24.0,9.0,8.0,3.0,,9.0,3.0,,,,,4.79310345,,,,,,,,,,,,,1.0,3.0,1.0,2.0,5.0,1.0,1.0,2.0,5.0,60.0,2.0,,7.0,146.9976112,47.97030456,7.491847474,0.287664953,163.0,81.0,40.0,32.0,16.0,29.0,14.0,0.291145532,0.203801872,1.713904397,0.058488981,5.547676391,,,,,,,,,,,,,,,,,,1.764260045,0.032003098,1.434436691,,7.273431446,0.659840878,,3.46255836,15.05569414,17.0,Jayden Daniels,WSH,FA,34,4426348,,FA,,{},"['QB', 'OP', 'BE', 'IR']",,,,,,,,,,,,,,,,,,,,,,188.0,114.0,74.0,180.28571429,8.0,250.0,124.0,59.0,49.0,23.0,10.0,19.0,7.0,13.0,5.0,,,,1.0,3.0,0.60638298,18.0,1.0,5.0,,2.0,1.0,555.4263349,369.2491765,186.1771584,241.935292,26.74150493,822.0,411.0,205.0,164.0,82.0,41.0,73.0,36.0,3.370356731,2.202528124,3.374856863,0.455854673,1.476595092,11.59313578,0.664803149,42.93976012,5.838994755,2.802717482,,,,,,,,,,,,,,,,,,,,,,,,,,,,,,,,,,,,,,,,,,,,,,,,,,,,,,,,,,,,,,,,,,,,,,,,,,,,,,,,,,,,,,,,,,,,,,,,,,,,,,,,,,,,,,,,,,,,,,,,,,,,,,,,,,,,,,,,,,,,,,,,,,,,,,,,,,,,,,,,,,,,,,,,,,,2025,,,59.0,14.0,,,,,,,,,,,,,,,,,,,,,,,,,,,,,,44.12320511,,200.0124438,
63.0,3.71,97.86,5.76,,,,,,,,,,,,,,,,,,,,,,,,,,,,,,,,,,630.0,1198.0,9.0,7.0,,,,17.0,,,,,,,,,,,,,,,,,,,,,,,,,,,,,,,,,,,,,,,,,,,17.0,Packers D/ST,GB,FA,23,-16009,,FA,,{},"['D/ST', 'BE', 'IR']",,,,,,,,1509.0,142.0,52.0,0.431259317,0.151295294,1463.112837,254.6583013,146.0,58.0,25.0,10.0,,,,,,,,,,,,,,,,,,,,,,,,,,,,,,,,,,,,,,,,,,,,,,,,,,,,,,,,,568.0,,,8.0,,,,,,,,,,,,,,,,,,,,,,,,,,,,,,,,,,,7.0,0.0,1.0,3.0,2.0,,7.0,,,36.0,72.0,,,,,394.0,232.0,69.0,59.0,146.0,10.0,1.0,360.0,4.0,4.0,1.0,2.0,5301.0,0.0,1.0,7.0,3.0,3.0,3.0,0.0,0.0,0.0,0.0,1.0,3.0,2.0,4.0,4.0,1.0,2.0,0.160633937,0.722427757,2.685731427,2.651734827,0.115248108,1.749073771,12.28879876,9.470927361,1.780444754,0.232010551,42.83414599,85.66829198,1.184030108,0.565043663,2.44687649,14.57065748,1111.29453,370.0,222.0,61.66470922,383.2357534,2.464753525,3.799120088,2.898210179,1.436356364,0.181031897,22.54327961,5882.961903,0.52731639,4.422653592,3.895337202,3.86131679,2.517510506,1.190714429,0.459275565,0.125875525,346.0565825,,,,,,,,,,,,,,,,,,,,,,,,,,,,,,,,,,,,,,,,,,,,,,,,2025,,,,,,,,,,,,,,,,,,,,,,,,,,,,,,,,,,,,,55.19520471
144.0,8.47,128.88,7.58,,,,,,,,,,,,,,,,,,,,,,,,,,,,,,,,,,1.0,1.0,14.0,3.0,134.0,,,17.0,,,,,,,,,,,,,,,,,,,,,,,,,,,,,,,,,,,,,,,,,,,17.0,Andy Borregales,NE,FA,10,4569923,,FA,,{},"['Rookie', 'K', 'BE', 'IR']",,,,,,,,,,,,,,,,,,,,,,,,,,,,,,,,,,,,,,,,,,,,,,,,,,,,,,,,,,,,,,,,,,,,,,,,,,,,,,,4.0,4.0,7.0,11.0,4.0,16.0,17.0,1.0,27.0,32.0,5.0,53.0,55.0,2.0,4.0,4.0,4.731411433,7.114904411,2.383492978,7.04699844,9.199736867,2.152738427,15.68737145,16.77793738,1.09056593,27.46578132,33.09257866,5.626797334,35.60013535,38.32092073,2.720785372,4.731411433,7.114904411,2.383492978,,,,,,,,,,,,,,,,,,,,,,,,,,,,,,,,,,,,,,,,,,,,,,,,,,,,,,,,,,,,,,,,,,,,,,,,,,,,,,,,,,,,,,,,,,,,,,,,,,,,,,,,,,,,,,,,,,,,,,,,,,,,,,,,,,2025,,,,,,968.0,209.0,1177.0,189.0,91.0,41.0,34.0,14.0,4.0,41.0,19.0,9.0,5.0,,231.0,111.0,51.0,40.0,16.0,6.0,,,1043.232291,258.2988279,1301.531119,,,,,,,
75.0,4.41,123.34,7.26,,,,,,,,,,,,,,,,,,,,,,,,,,,,,,,,,,670.0,1169.0,8.0,9.0,,,,17.0,,,,,,,,,,,,,,,,,,,,,,,,,,,,,,,,,,,,,,,,,,,17.0,Ravens D/ST,BAL,FA,19,-16033,,FA,,{},"['D/ST', 'BE', 'IR']",,,,,,,,1911.0,183.0,69.0,0.361670656,0.184297111,1365.147484,290.0413547,136.0,54.0,29.0,11.0,,,,,,,,,,,,,,,,,,,,,,,,,,,,,,,,,,,,,,,,,,,,,,,,,,,,,,,,,499.0,,,14.0,,,,,,,,,,,,,,,,,,,,,,,,,,,,,,,,,,,9.0,1.0,1.0,2.0,3.0,2.0,11.0,2.0,,30.0,60.0,,,1.0,2.0,385.0,226.0,64.0,73.0,198.0,15.0,3.0,392.0,1.0,3.0,2.0,4.0,6027.0,0.0,1.0,3.0,3.0,6.0,2.0,2.0,0.0,0.0,1.0,1.0,2.0,3.0,1.0,3.0,2.0,4.0,0.273150466,1.233857243,4.118530383,3.471819001,0.112788614,1.729952414,13.95846532,8.737650093,1.807604226,0.233572275,42.54296098,85.08592197,1.183787211,0.546165203,2.388708794,13.44253861,1032.889802,344.0,206.0,85.32314795,349.0092765,2.467714486,3.088897788,1.778456302,0.519070978,0.048503354,20.52995744,5708.111317,0.681021532,5.448172258,4.256384577,3.660490736,1.957936905,0.681021532,0.255383075,0.059589384,335.7712539,,,,,,,,,,1.0,,,,,,,,,,,,,,,,,,,,,,,,,,,,,,,,,,,,,,2025,,,,,,,,,,,,,,,,,,,,,,,,,,,,,,,,,,,,,35.27919303
82.0,6.83,175.4,10.32,,,,,,,,,,,,,,,,,33.0,24.41666667,4.0,55.0,25.0,11.0,7.0,1.0,2.0,48.0,160.0,8.87878788,,,,,,,,2.0,10.0,24.0,,,12.0,,,,,,,,,,,,,,,,,42.93155606,5.2033808,0.354330279,0.084998348,0.055546421,145.0,72.0,36.0,29.0,14.0,72.21727983,,,1.085311396,0.033566332,109.8126032,10.1061194,0.354330279,0.002990852,,0.679739163,0.679739163,,0.380653932,0.380653932,0.380653932,17.0,David Njoku,CLE,FA,34,3123076,,FA,,{},"['WR/TE', 'TE', 'RB/WR/TE', 'OP', 'BE', 'IR']",,,,,,,,,,,,,,,,,,,,3.0,,,,,,,,,,,,,,,,,,,,,,,,,,,,,,,,,,,,,,,,,,,,,,,,,,,,,,1.0,,,,,,,,,,,,,,,,,,,,,,,,,,,,,,,,,,,,,,,,,,,,,,,,,,,,,,,,,,,,,,,,,,,,,,,,,,,,,,,,,,,,,,,,,,,,,,,,,,,,,,,,,,,,,,,,,,,,,,,,,,,,,,,,,,,,,,,,,,,,,,,,,,,,,,,,,,,,,,,,,,,,,,,,2025,,,,,11.0,,,,,,,,,,,,,,,,,,,,,,,,,,,,,,37.56475975,,
139.0,9.93,0.0,0.0,,,,,,,,,,,,,,,,,,,,,,,,,,,,,,,,,,,,9.0,5.0,118.0,,,14.0,,,,,,,,,,,,,,,,,,,,,,,,,,,,,,,,,,,,,,,,,,,,Eddy Pineiro,SF,FA,13,4034949,,FA,,{},"['K', 'BE', 'IR']",,,,,,,,,,,,,,,,,,,,,,,,,,,,,,,,,,,,,,,,,,,,,,,,,,,,,,,,,,,,,,,,,,,,,,,,,,,,,,,6.0,7.0,10.0,10.0,,12.0,12.0,,28.0,29.0,1.0,34.0,38.0,4.0,6.0,6.0,,,,,,,,,,,,,,,,,,,,,,,,,,,,,,,,,,,,,,,,,,,,,,,,,,,,,,,,,,,,,,,,,,,,,,,,,,,,,,,,,,,,,,,,,,,,,,,,,,,,,,,,,1.0,,1.0,1.0,,,,,,,,,,,,,,,,,,,,,,,,,,,,,,,,,,,,,,,,2025,,,,,,1145.0,64.0,1209.0,224.0,109.0,52.0,39.0,16.0,5.0,12.0,6.0,3.0,2.0,1.0,237.0,115.0,55.0,42.0,17.0,6.0,,,,,,,,,,,,
100.0,5.88,82.0,4.82,,,,,,,,,,,,,,,,,,,,,,,,,,,,,,,,,,614.0,1046.0,11.0,6.0,,,,17.0,,,,,,,,,,,,,,,,,,,,,,,,,,,,,,,,,,,,,,,,,,,17.0,Chargers D/ST,LAC,FA,12,-16024,,FA,,{},"['D/ST', 'BE', 'IR']",,,,,,,,1633.0,155.0,57.0,0.330288107,0.131775757,1315.559873,333.987305,131.0,52.0,33.0,13.0,,,,,,,,,,,,,,,,,,,,,,,,,,,,,,,,,,,,,,,,,,,,,,,,,,,,,,,,,432.0,,,10.0,,,,,,,,,,,,,,,,,,,,,,,,,,,,,,,,,,,4.0,0.0,0.0,5.0,3.0,,19.0,,1.0,45.0,90.0,,,,,344.0,203.0,79.0,84.0,136.0,11.0,3.0,328.0,5.0,2.0,0.0,2.0,4849.0,0.0,2.0,7.0,4.0,3.0,1.0,0.0,0.0,0.0,0.0,0.0,5.0,3.0,5.0,2.0,0.0,2.0,0.113831701,0.509694183,2.089746152,2.310613632,0.111054539,1.745102857,13.229077,7.603439901,1.80798795,0.231886067,39.60596963,79.21193927,1.184630996,0.560471861,2.31822126,11.69759985,1055.0541,351.0,211.0,77.1766838,392.8500481,2.463521887,4.094543274,3.363981611,1.817909254,0.236158305,23.10882636,6099.169496,0.220735118,2.377147423,3.175189772,4.261885737,3.633639632,2.207351179,0.865960847,0.258090292,358.7746762,,,,,,,,,,,,,,,,,,,,,,,,,,,,,,,,,,,,,,,,,,,,,,,,2025,,,,,,,,,,,,,,,,,,,,,,,,,,,,,,,,,,,,,44.51324443
110.0,11.0,169.61,9.98,153.0,77.2,4.0,151.0,74.0,35.0,28.0,11.0,2.0,27.0,11.0,,,2.0,,5.04575163,11.0,3.7,,6.0,1.0,,,,,14.0,56.0,3.36363636,,,,,,,,8.0,2.0,24.0,2.0,,10.0,157.2354386,41.6644174,4.838744592,0.282858071,141.0,70.0,35.0,28.0,14.0,31.0,15.0,0.313085237,0.219159666,1.297021898,0.044262381,4.504678475,14.66360165,1.479941788,0.078621626,0.03521844,0.023015251,49.0,24.0,12.0,9.0,4.0,37.99080081,,,0.095605349,0.002956866,48.71078476,6.56162078,0.361479697,0.004801017,0.878805544,0.212334615,1.091140159,0.40425055,0.118907385,0.523157935,0.523157935,17.0,J.K. Dobbins,DEN,FA,43,4241985,,FA,,{},"['RB', 'RB/WR', 'RB/WR/TE', 'OP', 'BE', 'IR']",,,,,,,,,,,,,,,,,,,,,,,,,,,,,,,,,,,,,,,,,,,,,,,,,,,,,,,,,,,,,,,,,,,,,,,,,,,,2.0,,,,,,,,,,,,,,,,,,,,,,,,,,,,,,,,,,,,,,,,,,,,,,,,,,,,,,,,,,,,,,,,,,,,,,,,,,,,,,,,,,,,,,,,,,,,,,,,,,,,,,,,,,,,,,,,,,,,,,,,,,,,,,,,,,,,,,,,,,,,,,,,,,,,,,,,,,,,,,,,,,,,,,2025,,,,37.0,,,,,,,,,,,,,,,,,,,,,,,,,,,,,,39.14764769,14.98901593,,
121.0,9.31,141.37,8.32,,,,,,,,,,,,,,,,,50.0,38.76923077,4.0,96.0,45.0,20.0,14.0,4.0,4.0,72.0,123.0,10.08,,1.0,,,,1.0,1.0,3.0,10.0,26.0,,,13.0,,,,,,,,,,,,,,,,,30.25235735,5.455700235,0.302032874,0.068726921,0.044913043,102.0,51.0,25.0,20.0,10.0,57.63226711,,,0.415639006,0.012854815,81.35426956,8.92364817,0.302032874,0.002434287,,0.553247139,0.553247139,,0.309818398,0.309818398,0.309818398,17.0,Zach Ertz,WSH,FA,18,15835,,FA,,{},"['WR/TE', 'TE', 'RB/WR/TE', 'OP', 'BE', 'IR']",,,,1.0,1.0,1.0,,,,,,,,,,,,,1.0,3.0,1.0,,,,,,,,,,,,,,,,,,,,,,,,,,,,,,,,,,,,,,,,,,,,,,,,,,,1.0,,,,,,,,,,,,,,,,,,,,,,,,,,,,,,,,,,,,,,,,,,,,,,,,,,,,,,,,,,,,,,,,,,,,,,,,,,,,,,,,,,,,,,,,,,,,,,,,,,,,,,,,,,,,,,,,,,,,,,,,,,,,,,,,,,,,,,,,,,,,,,,,,,,,,,,,,,,,,,,,,,,,,,,,,,2025,,,,,25.0,,,,,,,,,,,,,,,,,,,,,,,,,,,,,,28.39960803,,
31.0,7.75,126.78,7.46,29.0,40.0,,30.0,14.0,6.0,4.0,1.0,,4.0,1.0,,,,,5.51724138,13.0,16.0,,11.0,4.0,1.0,1.0,,1.0,16.0,73.0,4.92307692,,,,,,,,2.0,2.0,,,,4.0,138.2801262,35.79629985,3.880828866,0.205263896,121.0,60.0,30.0,24.0,12.0,27.0,13.0,0.272710182,0.190897128,0.956019347,0.032625272,4.400756017,9.967670065,0.88298882,0.067143007,0.04772893,0.031190856,33.0,16.0,8.0,6.0,3.0,23.14807695,,,0.064344059,0.001990022,29.38338701,7.320279412,0.272406903,0.007140778,1.390186933,0.23271713,1.622904063,0.639485989,0.130321593,0.769807582,0.769807582,17.0,Trey Benson,ARI,FA,74,4429275,,FA,,{},"['RB', 'RB/WR', 'RB/WR/TE', 'OP', 'BE', 'IR']",,,,,,,,,,,,,,,,,,,,,,,,,,,,,,,,,,,,,,,,,,,,,,,,,,,,,,,,,,,,,,,,,,,,,,,,,,,,,,,,,,,,,,,,,,,,,,,,,,,,,,,,,,,,,,,,,1.0,,,,,,,,,,,,,,,,,,,,,,,,,,,,,,,,,,,,,,,,,,,,,,,,,,,,,,,,,,,,,,,,,,,,,,,,,,,,,,,,,,,,,,,,,,,,,,,,,,,,,,,,,,,,,,,,,,,,,,,,,,,,,,,,,2025,,,,4.0,2.0,,,,,,,,,,,,,,,,,,,,,,,,,,,,,33.91356334,9.160344957,,
61.0,4.36,203.11,11.95,10.0,3.5,,8.0,2.0,,,,,,,,,,,4.9,29.0,25.78571429,,67.0,30.0,12.0,10.0,4.0,1.0,44.0,101.0,12.44827586,,,,,,1.0,1.0,7.0,6.0,,,,14.0,,,,,,,,,,,,,,,,,56.00852728,6.586039523,0.375669017,0.23433998,0.153141177,190.0,95.0,47.0,38.0,19.0,68.14536065,,,2.219540566,0.068645585,112.5238821,13.97226392,0.375669017,0.003185766,,0.724037819,0.724037819,,0.405461179,0.405461179,0.405461179,17.0,Matthew Golden,GB,FA,95,4701936,,FA,,{},"['Rookie', 'RB/WR', 'WR', 'WR/TE', 'RB/WR/TE', 'OP', 'BE', 'IR']",,,,,,,,,,,0.081246537,,295.0532118,,29.0,11.0,,,,,,,,,,,,,,,,,,,,,,,,,,,,,,,,,,,,,,,,,,,,,,,,,,,,,,,,,,,,,,,,,,,,,,,,,,,,,,,,,,,,,,,,,,,,,,,,,,,,,,,,,,,,,,,,,,,,28.0,2.0,,,,,,,,,,,,,,,,,,,,,,,,,,,,,,,,,,,,,,,,,,,,,,,,,,,,,,,,,,,,,,,,,,,,,,,,,,,,,,,,,,,,,,,,,,,,,,,,,,,,,,,,,,,,,2025,,,,3.0,16.0,,,,,,,,,,,,,,,,,,,,,,,,,,,,,,43.33242264,,
99.0,5.82,18.93,1.11,119.0,25.70588235,5.0,81.0,37.0,17.0,9.0,1.0,,16.0,4.0,,,,,3.67226891,18.0,8.88235294,,27.0,12.0,5.0,5.0,1.0,,19.0,162.0,8.38888889,,,,,,1.0,1.0,4.0,13.0,30.0,3.0,,17.0,19.18837364,4.780058639,0.565477704,0.036909765,16.0,8.0,4.0,3.0,1.0,3.0,1.0,0.035647049,0.024952935,0.021131746,0.000721145,4.234907992,1.707370601,0.071883017,0.005501632,0.034307063,0.022419666,5.0,2.0,1.0,1.0,,4.540643489,,,0.015617785,0.000483024,5.92168299,6.392331898,0.042411397,0.001112361,0.204433323,0.048376108,0.252809431,0.094039329,0.027090621,0.121129949,0.121129949,17.0,Devin Singletary,NYG,FA,45,4040761,,FA,,{},"['RB', 'RB/WR', 'RB/WR/TE', 'OP', 'BE', 'IR']",,,,,,,,313.0,30.0,11.0,0.120050074,,435.9713227,,43.0,17.0,,,,,,,,,,,,,,,,,,,,,,,,1.0,,,,,,,,,,,,,,,,,,,,,,,,,,,,,,,,,,,,,1.0,,,,,,,,,,,,,,,,,,,,,,,,,,,,,,,,,,,,,,,,,,,,,,,,,,,,,,,,,,,,,,,,,,,,,,,,,,,,,,,,,,,,,,,,,,,,,,,,,,,,,,,,,,,,,,,,,,,,,,,,,,,,,,,,,,,,,,,,,,,,,,,,,,,,,,,,,,,,,,,,,,,,,2025,,,,28.0,4.0,,,,,,,,,,,,,,,,,,,,,,,,,,,,,6.403112879,0.715050221,,
78.0,5.2,198.81,11.69,65.0,11.66666667,,31.0,13.0,5.0,3.0,,,7.0,3.0,,,,,2.69230769,33.0,18.06666667,2.0,48.0,22.0,9.0,7.0,3.0,3.0,40.0,318.0,8.21212121,,1.0,,1.0,1.0,1.0,2.0,5.0,10.0,12.0,,,15.0,192.7703035,48.32621101,4.767417904,0.313870003,164.0,82.0,41.0,32.0,16.0,38.0,19.0,0.390826828,0.27357878,1.755105426,0.059895015,4.261784996,20.13733211,1.356498425,0.092425257,0.041472235,0.027102105,68.0,34.0,17.0,13.0,6.0,47.08964908,,,0.161642224,0.004999244,62.18115287,7.26984916,0.40629526,0.008656222,1.581095405,0.386227684,1.967323089,0.727303886,0.216287503,0.943591389,0.943591389,17.0,Dylan Sampson,CLE,FA,56,5081397,,FA,,{},"['Rookie', 'RB', 'RB/WR', 'RB/WR/TE', 'OP', 'BE', 'IR']",,1.0,1.0,,,1.0,1.0,360.0,32.0,11.0,,,,,,,,,,1.0,,,,,,,,,,,,,,,,,,,,,,,,,,,,,,,,,,,,,,,,,,,,,,,,,,,,,,,1.0,,,,,,,,,,,,,,,,,,,,,,,,,,,,,,,,,,,,,,,,,,,,,,,,,,,,,,,,,,,,,,,,,,,,,,,,,,,,,,,,,,,,,,,,,,,,,,,,,,,,,,,,,,,,,,,,,,,,,,,,,,,,,,,,,,,,,,,,,,,,,,,,,,,,,,,,,,,,,,,,,,,,,,,2025,,,,12.0,8.0,,,,,,,,,,,,,,,,,,,,,,,,,,,,,45.07726899,19.57851387,,
117.0,11.7,281.74,16.57,37.0,18.1,4.0,34.0,14.0,5.0,3.0,,,4.0,,,,,,4.89189189,,,,,,,,,,,,,3.0,6.0,1.0,2.0,14.0,,,6.0,4.0,90.0,2.0,,10.0,54.06624375,13.54343594,2.16819978,0.12591505,46.0,23.0,11.0,9.0,4.0,10.0,5.0,0.102069249,0.071448474,0.135441129,0.004622086,4.258450283,,,,,,,,,,,,,,,,,,1.25824694,0.041215902,0.725317281,,9.367250487,0.333645949,,4.481773888,19.96023974,17.0,J.J. McCarthy,MIN,FA,31,4433970,,FA,,{},"['QB', 'OP', 'BE', 'IR']",,,,,,,,,,,,,,,,,,,,,,243.0,140.0,103.0,163.2,11.0,322.0,159.0,78.0,61.0,28.0,11.0,24.0,10.0,17.0,5.0,,,,1.0,12.0,0.57613169,27.0,1.0,4.0,5.0,2.0,,600.0059173,390.0030065,210.0029109,242.371652,29.72072016,824.0,412.0,206.0,164.0,82.0,41.0,78.0,39.0,3.381250972,2.20964751,3.39523169,0.458606778,1.13233189,15.47846585,0.6499986,44.17681397,8.641933206,4.148127939,,,,,2.0,,,,,,,,,,,,,,,,,,,,,,,,,,,,,,,,,,,,,,,,,,,,,,,,,,,,,,,,,,,,,,,,,,,,,,,,,,,,,,,,,,,,,,,,,,,,,,,,,,,,,,,,,,,,,,,,,,,,,,,,,,,,,,,,,,,,,,,,,,,,,,,,,,,,,,,,,,,,,,,,,,,,,,2025,,,80.0,12.0,,,,,,,,,,,,,,,,,,,,,,,,,,,,,,14.74715703,,206.8553657,
62.0,8.86,211.28,12.43,1.0,,,,,,,,,,,,,,,,28.0,42.57142857,1.0,57.0,28.0,13.0,8.0,3.0,2.0,45.0,140.0,10.64285714,,1.0,,,,11.0,15.0,4.0,3.0,6.0,,1.0,7.0,4.049383063,1.460766845,0.15684053,0.008697547,4.0,2.0,1.0,,,,,0.007442578,0.005209804,0.001414438,4.82693e-05,6.132548091,56.6842778,5.52120258,0.303414274,0.184404218,0.120508156,192.0,96.0,48.0,38.0,19.0,79.47173606,,,2.286581131,0.070719004,120.8320437,12.12547719,0.312111821,0.003904577,0.043024301,0.844379455,0.887403756,0.019791178,0.472852495,0.492643673,0.492643673,17.0,Travis Hunter,JAX,FA,94,4685415,,FA,,{},"['RB/WR', 'WR', 'WR/TE', 'RB/WR/TE', 'OP', 'BE', 'IR', 'CB', 'DB', 'DP']",,,,1.0,1.0,1.0,,,,,,,,,,,,,,,,,,,,,,,,,,,,,,,,,,,,,,,,,,,,,,,,,,,,,,,,,,,,,,,,,,,,,4.0,,,,,,,,,,,,,,,,,,,,,,,,,,,,,,,,,,,,,,,,,,,,,,,,,,,,,2.0,1.0,,3.0,,,,,,,,,,,,,,,,,,,,,,,,,,,,,,,0.004790679,0.076746681,0.624149622,0.185640736,0.021558056,0.003449289,0.182742444,0.365484888,0.063811847,0.012934834,0.08153736,0.285601132,25.00303387,8.0,5.0,4.586599321,,,,,,,,,,,,,,,,,,,,,,,,,,,,,,,,,,,,,,,,,,,,,,,,,,,,,,,,,,,,,,,6.225104381,18.77792949,2025,,,,,12.0,,,,,,,,,,,,,,,,,,,,,,,,,,,,,3.273423009,45.79543599,,1.012263741
86.0,7.17,5.26,0.31,82.0,22.41666667,4.0,50.0,23.0,9.0,7.0,2.0,,13.0,5.0,,,,,3.2804878,22.0,13.33333333,1.0,30.0,13.0,5.0,1.0,,,31.0,151.0,7.27272727,1.0,1.0,1.0,1.0,1.0,1.0,2.0,2.0,10.0,30.0,4.0,,12.0,4.460643472,1.106438484,0.123554177,0.006534999,3.0,1.0,,,,,,0.008200291,0.005740204,0.000778742,2.66e-05,4.216758041,0.87561127,0.077807065,0.005916454,0.042668434,0.027883822,2.0,1.0,,,,2.102469058,,,0.008623088,0.000266693,2.671288358,7.07995751,0.012451453,0.000350658,0.05416495,0.025529978,0.079694928,0.024915877,0.014296788,0.039212665,0.039212665,17.0,Bam Knight,ARI,FA,49,4427728,,FA,,{},"['RB', 'RB/WR', 'RB/WR/TE', 'OP', 'BE', 'IR']",,,,,,,,256.0,24.0,8.0,,,,,,,,,,,,,,,,,,,,,,,,,,,,,,,,,,1.0,,,,,,,,,,,,,,,,,,,,,,,,,,,,,,1.0,1.0,,,,,,,,,,,,,,,,,,,,,,,,,,,,,,,,,,,,,,,,,,,,,,,,,,,,,,,,,,,,,,,,,,,,,,,,,,,,,,,,,,,,,,,,,,,,,,,,,,,,,,,,,,,,,,,,,,,,,,,,,,,1.0,,,,,,,,,,,,,,,,,,,,,,,,,,,,,,,,,,,,,,,,,,,,2025,,,,21.0,10.0,,,,,,,,,,,,,,,,,,,,,,,,,,,,,3.070205175,-0.228190918,,
116.0,7.25,137.72,8.1,,,,,,,,,,,,,,,,,59.0,35.75,1.0,109.0,51.0,23.0,17.0,5.0,4.0,81.0,309.0,9.69491525,,,,,,4.0,4.0,8.0,8.0,6.0,,,16.0,,,,,,,,,,,,,,,,,32.71692443,5.1987215,0.252771753,0.119432681,0.078049257,111.0,55.0,27.0,22.0,11.0,52.0461206,,,0.512996546,0.015865873,77.38471791,10.68643943,0.252771753,0.004104756,,0.932899107,0.932899107,,0.5224235,0.5224235,0.5224235,17.0,Cade Otton,TB,FA,22,4243331,,FA,,{},"['WR/TE', 'TE', 'RB/WR/TE', 'OP', 'BE', 'IR']",,,,,,2.0,1.0,,,,,,,,,,,,,,,,,,,,,,,,,,,,,,,,,,,,,,,,,,,,,,,,,,,,,,,,,,,,,,,,,,,1.0,,,,,,,,,,,,,,,,,,,,,,,,,,,,,,,,,,,,,,,,,,,,,,,,,,,,,,,,,,,,,,,,,,,,,,,,,,,,,,,,,,,,,,,,,,,,,,,,,,,,,,,,,,,,,,,,,,,,,,,,,,,,,,,,,,,,,,,,,,,,,,,,,,,,,,,,,,,,,,,,,,,,,,,,2025,,,,,25.0,,,,,,,,,,,,,,,,,,,,,,,,,,,,,,28.17663103,,
24.0,1.41,69.15,4.07,,,,,,,,,,,,,,,,,,,,,,,,,,,,,,,,,,633.0,1185.0,7.0,9.0,,,,17.0,,,,,,,,,,,,,,,,,,,,,,,,,,,,,,,,,,,,,,,,,,,17.0,Cowboys D/ST,DAL,FA,31,-16006,,FA,,{},"['D/ST', 'BE', 'IR']",,,,,,,,2097.0,202.0,77.0,0.500316236,0.404854047,1654.067142,263.020104,165.0,66.0,26.0,10.0,,,,,,,,,,,,,,,,,,,,,,,,,,,,,,,,,,,,,,,,,,,,,,,,,,,,,,,,,552.0,,,12.0,,,,,,,,,,,,,,,,,,,,,,,,,,,,,,,,,,,6.0,0.0,0.0,0.0,1.0,1.0,6.0,3.0,1.0,35.0,70.0,,,1.0,2.0,389.0,229.0,72.0,42.0,82.0,4.0,1.0,509.0,2.0,4.0,6.0,4.0,6409.0,0.0,0.0,1.0,6.0,4.0,3.0,2.0,1.0,0.0,0.0,0.0,0.0,1.0,2.0,4.0,6.0,4.0,0.029705442,0.127309036,1.018472292,1.697453819,0.119589409,1.783836332,11.88973248,9.079919759,1.786687347,0.234751642,41.66159224,83.32318448,1.220535314,0.563301019,2.808596024,13.96910732,1025.486512,341.0,205.0,69.26054476,427.7520293,2.461308038,4.625561658,4.201198203,2.503744383,0.335247129,25.16188408,6253.498701,0.067857499,1.357149985,2.816086219,4.461630576,4.190200579,2.71429997,1.068755613,0.324019559,367.8528648,,,,,,,,,,,,,,1.0,,,,,,,,,,,,,,,,,,,,,,,,,,,,,,,,,,2025,1.0,,,,,,,,,,,,,,,,,,,,,,,,,,,,,,,,,,,,45.26922426
56.0,14.0,300.44,17.67,,,,,,,,,,,,,,,,,18.0,67.75,2.0,53.0,26.0,12.0,8.0,4.0,2.0,35.0,52.0,15.05555556,,,,,,2.0,2.0,1.0,3.0,12.0,,,4.0,4.19797514,1.41456774,0.184824863,0.012070085,4.0,2.0,1.0,,,,,0.007716316,0.005401421,0.001323769,4.51752e-05,5.728393041,83.8260916,8.097665625,0.620146208,0.231345845,0.15118451,285.0,142.0,71.0,57.0,28.0,107.1477711,,,5.57566219,0.172443161,169.2873483,13.29979656,0.632216292,0.006748953,0.057829573,1.476023474,1.533853047,0.026601604,0.826573146,0.853174749,0.853174749,17.0,Malik Nabers,NYG,FA,98,4595348,,FA,,{},"['RB/WR', 'WR', 'WR/TE', 'RB/WR/TE', 'OP', 'BE', 'IR']",,1.0,,1.0,1.0,,,,,,,,,,,,,,,,1.0,,,,,,,,,,,,,,,,,,,,,,,,,,,,,,,,,,,,,,,,,,,,,,,,,,,,,,,,,,,,,,,,,,,,,,,,,,,,,,,,,,,,,,,,,,,,,,,,,,,,,,,,,,,,,,,,,,,,,,,,,,,,,,,,,,,,,,,,,,,,,,,,,,,,,,,,,,,,,,,,,,,,,,,,,,,,,,,,,,,,,,,,,,,,,,,,,,,,,,,,,,,,,,,,,,,,,,,,,,,,,2025,,,,,11.0,,,,,,,,,,,,,,,,,,,,,,,,,,,,,3.276794054,65.88117407,,
118.0,8.43,109.39,6.43,,,,,,,,,,,,,,,,,33.0,39.35714286,6.0,106.0,49.0,20.0,16.0,5.0,2.0,46.0,38.0,16.6969697,,,,,,1.0,1.0,11.0,3.0,36.0,,2.0,14.0,,,,,,,,,,,,,,,,,31.53763635,2.773776137,0.16137121,0.21141381,0.138158925,107.0,53.0,26.0,21.0,10.0,40.25182946,,,0.475725531,0.014713161,65.0242601,13.31963851,0.16137121,0.003339465,,0.758969273,0.758969273,,0.425022793,0.425022793,0.425022793,17.0,Kayshon Boutte,NE,FA,50,4429022,,FA,,{},"['RB/WR', 'WR', 'WR/TE', 'RB/WR/TE', 'OP', 'BE', 'IR']",,,,1.0,1.0,,,,,,,,,,,,,,,1.0,2.0,,,,,,,,,,,,,,,,,,,,,,,,,,,,,,,,,,,,,,,,,,,,,,,,,,,,,1.0,,,,,,,,,,,,,,,,,,,,,,,,,,,,,,,,,,,,,,,,,,,,,,,,,,,,,,,,,,,,,,,,,,,,,,,,,,,,,,,,,,,,,,,,,,,,,,,,,,,,,,,,,,,,,,,,,,,,,,,,,,,,,,,,,,,,,,,,,,,,,,,,,,,,,,,,,,,,,,,,,,,,,,,,2025,,,,,27.0,,,,,,,,,,,,,,,,,,,,,,,,,,,,,,23.9438828,,
73.0,14.6,305.74,17.98,29.0,34.6,1.0,33.0,15.0,6.0,5.0,,,4.0,,,,,,5.96551724,,,,,,,,,,,,,1.0,1.0,1.0,1.0,4.0,,,2.0,3.0,42.0,,,5.0,90.08447185,35.11654378,5.296378075,0.280163715,119.0,59.0,29.0,23.0,11.0,18.0,9.0,0.173305655,0.121313959,0.916481899,0.031276011,6.62690508,,,,,,,,,,,,,,,,,,1.990380461,0.041821954,1.262559399,,9.504989478,0.580777324,,4.537143761,16.6574853,17.0,Kyler Murray,ARI,FA,38,3917315,,FA,,{},"['QB', 'OP', 'BE', 'IR']",,,,,,,,,,,,,,,,,,,,,,161.0,110.0,51.0,192.4,6.0,191.0,95.0,47.0,36.0,18.0,8.0,20.0,9.0,7.0,2.0,,,,,3.0,0.68322981,16.0,,4.0,2.0,,,551.640386,373.9582485,177.6821375,227.1976582,22.51223695,772.0,386.0,193.0,154.0,77.0,38.0,74.0,37.0,3.002116028,1.961882825,2.68737014,0.362993243,1.710216746,12.12034154,0.677902231,36.46260614,8.242430078,3.956366438,,,,,1.0,,,,,,,,,,,,,,,,,,,,,,,,,,,,,,,,,,,,,,,,,,,,,,,,,,,,,,,,,,,,,,,,,,,,,,,,,,,,,,,,,,,,,,,,,,,,,,,,,,,,,,,,,,,,,,,,,,,,,,,,,,,,,,,,,,,,,,,,,,,,,,,,,,,,,,,,,,,,,,,,,,,,,,2025,,,50.0,10.0,,,,,,,,,,,,,,,,,,,,,,,,,,,,,,31.65063102,,193.5796253,
44.0,6.29,228.62,13.45,,,,,,,,,,,,,,,,,17.0,43.28571429,,58.0,27.0,11.0,10.0,3.0,1.0,36.0,84.0,17.82352941,,,,,,,,1.0,6.0,,,,7.0,8.343005988,2.947322417,0.390728322,0.022856538,10.0,5.0,2.0,2.0,1.0,1.0,,0.015369859,0.010758901,0.006133189,0.000209302,6.005566957,64.44222059,7.178033189,0.381451231,0.233751862,0.152756842,219.0,109.0,54.0,43.0,21.0,69.68786618,,,3.158749055,0.09769327,129.4461442,15.72035148,0.404307769,0.00528248,0.128363413,1.072200157,1.200563569,0.05904717,0.600432088,0.659479258,0.659479258,17.0,Calvin Ridley,TEN,FA,114,3925357,,FA,,{},"['RB/WR', 'WR', 'WR/TE', 'RB/WR/TE', 'OP', 'BE', 'IR']",,,,1.0,1.0,,,,,,,,,,,,,,,,,,,,,,,,,,,,,,,,,,,,,,,,,,,,,,,,,,,,,,,,,,,,,,,,,,,,,,,,,,,,,,,,,,,,,,,,,,,,,,,,,,,,,,,,,,,,,,,,,,,,,,,,,,,,,,,,,,,,,,,,,,,,,,,,,,,,,,,,,,,,,,,,,,,,,,,,,,,,,,,,,,,,,,,,,,,,,,,,,,,,,,,,,,,,,,,,,,,,,,,,,,,,,,,,,,,,,,,,,,,,,2025,,,,,13.0,,,,,,,,,,,,,,,,,,,,,,,,,,,,,4.56193649,47.87974509,,
0.0,0.0,116.51,12.95,,,,,,,,,,,,,,,,,,,,,,,,,,,,,,,,,,,,,,,,,,114.177404,54.03750936,4.083369521,0.246109098,97.0,48.0,24.0,19.0,9.0,22.0,11.0,0.234038752,0.163827127,1.156558062,0.039468889,4.259490646,18.80106688,1.330461393,0.069720537,0.036198749,0.023655882,33.0,16.0,8.0,6.0,3.0,20.12625187,,,0.074211696,0.002295207,26.74068798,8.407407547,0.315829636,0.003471245,0.670694753,0.118224544,0.788919297,0.308519586,0.066205745,0.374725331,0.374725331,9.0,Joe Mixon,HOU,FA,0,3116385,,FA,,{},"['RB', 'RB/WR', 'RB/WR/TE', 'OP', 'BE', 'IR']",,,,,,,,,,,,,,,,,,,,,,,,,,,,,,,,,,,,,,,,,,,,,,,,,,,,,,,,,,,,,,,,,,,,,,,,,,,,,,,,,,,,,,,,,,,,,,,,,,,,,,,,,,,,,,,,,,,,,,,,,,,,,,,,,,,,,,,,,,,,,,,,,,,,,,,,,,,,,,,,,,,,,,,,,,,,,,,,,,,,,,,,,,,,,,,,,,,,,,,,,,,,,,,,,,,,,,,,,,,,,,,,,,,,,,,,,,,,,,,,,,2025,,,,,,,,,,,,,,,,,,,,,,,,,,,,,,,,,,27.49908084,9.188949956,,
133.0,7.82,132.57,7.8,,,,,,,,,,,,,,,,,,,,,,,,,,,,,,,,,,,,6.0,11.0,116.0,,,17.0,,,,,,,,,,,,,,,,,,,,,,,,,,,,,,,,,,,,,,,,,,,17.0,Evan McPherson,CIN,FA,14,4360234,,FA,,{},"['K', 'BE', 'IR']",,,,,,,,,,,,,,,,,,,,,,,,,,,,,,,,,,,,,,,,,,,,,,,,,,,,,,,,,,,,,,,,,,,,,,,,,,,,,,,5.0,8.0,10.0,10.0,,10.0,10.0,,25.0,28.0,3.0,41.0,44.0,3.0,4.0,6.0,4.56721933,7.051531526,2.484312196,6.826418027,9.117794252,2.291376225,15.25983419,16.62849527,1.368661083,26.65347155,32.79782105,6.144349504,42.79127824,46.93612142,4.14484318,4.56721933,7.051531526,2.484312196,,,,,,,,,,,,,,,,,,,,,,,,,,,,,,,,,,,,,,,,,,,,,,,,,,,,,,,,,,,,,,,,,,,,,,,,,,,,,,,,,,,,,,,3.0,2.0,2.0,1.0,,,,,,,,,,,,,1.0,,,,,,,,,,,,,,,,,,,,,,,,,,,2025,,,,,,1018.0,177.0,1240.0,200.0,96.0,44.0,34.0,13.0,4.0,34.0,17.0,8.0,6.0,3.0,244.0,118.0,55.0,44.0,18.0,6.0,,1.0,1011.613681,278.3246212,1289.938302,,,,,,,
51.0,12.75,262.72,15.45,,,,,,,,,,,,,,,,,21.0,66.25,1.0,51.0,24.0,12.0,8.0,3.0,3.0,29.0,57.0,12.61904762,,,,,,,,1.0,3.0,6.0,,,4.0,8.059667894,2.929805459,0.364408744,0.020532536,9.0,4.0,2.0,1.0,,1.0,,0.014845713,0.010391999,0.006069765,0.000207138,6.179745054,70.00141565,7.348474435,0.392973791,0.266823879,0.174369405,238.0,119.0,59.0,47.0,23.0,93.8182958,,,3.836690815,0.118660541,135.9772698,12.68434964,0.413506328,0.00530023,0.095296928,1.109300713,1.20459764,0.043836587,0.621208399,0.665044986,0.665044986,17.0,Tyreek Hill,None,FA,104,3116406,,FA,,{},"['RB/WR', 'WR', 'WR/TE', 'RB/WR/TE', 'OP', 'BE', 'IR']",,,,1.0,1.0,,,,,,,0.016446871,,25.88360065,,,2.0,1.0,,1.0,,,,,,,,,,,,,,,,,,,,,,,,,,,,,,,,,,,,,,,,,,,,,,,,,,,,,,,,,,,,,,,,,,,,,,,,,,,,,,,,,,,,,,,,,,,,,,,,,,,,,,,,,,,,,,,,19.0,1.0,,,,,,,,,,,,,,,,,,,,,,,,,,,,,,,,,,,,,,,,,,,,,,,,,,,,,,,,,,,,,,,,,,,,,,,,,,,,,,,,,,,,,,,,,,,,,,,,,,,,,,,,,,,,,2025,,,,,17.0,,,,,,,,,,,,,,,,,,,,,,,,,,,,,4.515046588,56.05567533,,
130.0,7.65,135.38,7.96,,,,,,,,,,,,,,,,,,,,,,,,,,,,,,,,,,,,14.0,3.0,123.0,,,17.0,,,,,,,,,,,,,,,,,,,,,,,,,,,,,,,,,,,,,,,,,,,17.0,Wil Lutz,DEN,FA,15,2985659,,FA,,{},"['K', 'BE', 'IR']",,,,,,,,,,,,,,,,,,,,,,,,,,,,,,,,,,,,,,,,,,,,,,,,,,,,,,,,,,,,,,,,,,,,,,,,,,,,,,,4.0,6.0,3.0,5.0,2.0,21.0,21.0,,28.0,32.0,4.0,39.0,39.0,,4.0,6.0,4.898129556,7.101039215,2.202909659,7.260758119,9.181808845,1.921050726,16.07168811,16.74524131,0.673553204,28.23057578,33.02808937,4.797513588,38.42487196,40.28708439,1.862212427,4.898129556,7.101039215,2.202909659,,,,,,,,,,,,,,,,,,,,,,,,,,,,,,,,,,,,,,,,,,,,,,,,,,,,,,,,,,,,,,,,,,,,,,,,,,,,,,,,,,,,,,,2.0,2.0,,,,,,,,,,,,,,,,,,,,,,,,,,,,,,,,,,,,,,,,,,2025,,,,,,977.0,196.0,1173.0,189.0,92.0,42.0,32.0,12.0,2.0,37.0,18.0,8.0,6.0,2.0,228.0,111.0,52.0,38.0,15.0,3.0,,,1073.383755,225.6110003,1298.994755,,,,,,,
91.0,5.35,95.87,5.64,,,,,,,,,,,,,,,,,,,,,,,,,,,,,,,,,,642.0,1139.0,11.0,6.0,,,,17.0,,,,,,,,,,,,,,,,,,,,,,,,,,,,,,,,,,,,,,,,,,,17.0,Bears D/ST,CHI,FA,14,-16003,,FA,,{},"['D/ST', 'BE', 'IR']",,,,,,,,1792.0,172.0,64.0,0.526429071,0.151336438,1344.555024,260.5730639,134.0,53.0,26.0,10.0,,,,,,,,,,,,,,,,,,,,,,,,,,,,,,,,,,,,,,,,,,,,,,,,,,,,,,,,,497.0,,,12.0,,,,,,,,,,,,,,,,,,,,,,,,,,,,,,,,,,,10.0,0.0,1.0,0.0,5.0,2.0,23.0,1.0,,35.0,70.0,,,2.0,2.0,374.0,221.0,64.0,75.0,231.0,17.0,3.0,409.0,2.0,4.0,2.0,2.0,6150.0,0.0,1.0,3.0,4.0,4.0,2.0,2.0,1.0,0.0,0.0,1.0,0.0,5.0,2.0,4.0,2.0,2.0,0.17,0.765,2.805,2.72,0.117675499,1.767936548,12.8427387,8.949159482,1.75978747,0.230660951,38.11500674,76.23001347,1.210041457,0.55789509,2.563377557,13.76793766,1071.712493,357.0,214.0,64.997074,377.6164446,2.465,3.74,2.805,1.36,0.17,22.21273204,5997.814126,0.399440084,3.56946458,3.594960756,4.028395741,2.983052542,1.614757786,0.628905664,0.181022847,352.8125956,,,,,,,,,,,,1.0,1.0,,,,,,,,,,,,,,,,,,,,,,,,,,,,,,,,,,,2025,,,,,,,,,,,,,,,,,,,,,,,,,,,,,,,,,,,,,45.10151849
134.0,14.89,297.75,17.51,71.0,42.55555556,4.0,73.0,34.0,16.0,11.0,2.0,,11.0,3.0,1.0,,,,5.3943662,,,,,,,,,,1.0,,,3.0,4.0,2.0,3.0,4.0,,,2.0,7.0,70.0,3.0,,9.0,160.9484649,48.76758866,7.521586978,0.329165422,165.0,82.0,41.0,33.0,16.0,32.0,16.0,0.321022079,0.224715455,1.771848316,0.060466385,5.151021525,,,,,,,,,,,,,,,,,,1.486597928,0.059604766,3.152392211,,13.54653768,1.450100417,,6.439290244,18.70214411,17.0,Justin Fields,NYJ,FA,28,4362887,,FA,,{},"['QB', 'OP', 'BE', 'IR']",,,,,,,,,,,,,,,,,,,,,,204.0,128.0,76.0,139.88888889,7.0,248.0,121.0,59.0,46.0,20.0,9.0,23.0,9.0,12.0,3.0,1.0,,,3.0,1.0,0.62745098,27.0,2.0,2.0,1.0,2.0,1.0,481.7660091,301.7242719,180.0417372,198.0325554,17.67353407,673.0,336.0,168.0,134.0,67.0,33.0,60.0,30.0,2.337941798,1.527844965,1.737528408,0.23469453,1.157432507,12.26285386,0.626288003,48.91724542,10.39414547,4.989189828,,,,,,,,,,,,,,,,,,,,,,,,,,,,,,,,,,,,,,,,,,,,,,,,,,,,,,,,,,,,,,,,,,,,,,,,,,,,,,,,,,,,,,,,,,,,,,,,,,,,,,,,,,,,,,,,,,,,,,,,,,,,,,,1.0,,,,,2.0,,,,,,,,,,,,,,,,,,,,,,,,,,,,,,,,,,,,,,,2025,,,57.0,26.0,,,,,,,,,,,,,,,,,,,,,,,,,,,,,,45.45058422,,161.08125,
30.0,10.0,249.79,14.69,32.0,31.66666667,1.0,17.0,8.0,3.0,2.0,,,5.0,2.0,,,,,2.96875,8.0,12.66666667,1.0,7.0,2.0,,,,,9.0,68.0,4.75,1.0,1.0,,,,,,2.0,1.0,12.0,1.0,,3.0,231.9537601,61.76604819,9.454922157,0.500087539,210.0,105.0,52.0,42.0,21.0,46.0,23.0,0.479172906,0.335421034,2.851642322,0.097315612,4.526862676,20.21814888,1.632799662,0.12415955,0.073653151,0.048132334,68.0,34.0,17.0,13.0,6.0,45.59383333,,,0.161056363,0.004981125,53.42434001,7.538487244,0.624247089,0.012240992,2.325026415,0.457017238,2.782043654,1.069512151,0.255929653,1.325441805,1.325441805,17.0,James Conner,ARI,FA,77,3045147,,FA,,{},"['RB', 'RB/WR', 'RB/WR/TE', 'OP', 'BE', 'IR']",,,,,,,,,,,,,,,,,,,,1.0,,,,,,,,,,,,,,,,,,,,,,,,1.0,,,,,,,,,,,,,,,,,,,,,,,,,,,,,,,,,,,,,,,,,,,,,,,,,,,,,,,,,,,,,,,,,,,,,,,,,,,,,,,,,,,,,,,,,,,,,,,,,,,,,,,,,,,,,,,,,,,,,,,,,,,,,,,,,,,,,,,,,,,,,,,,,,,,,,,,,,,,,,,,,,,,,,,,,,,,,,,,,,,,,,,,,,,,,,,,,,,,,,2025,,,,7.0,4.0,,,,,,,,,,,,,,,,,,,,,,,,,,,,,58.66693879,19.38843839,,
44.0,6.29,0.0,0.0,46.0,28.28571429,1.0,37.0,18.0,7.0,5.0,2.0,,7.0,3.0,,,,,4.30434783,12.0,14.71428571,,18.0,8.0,3.0,2.0,,1.0,13.0,108.0,8.58333333,,,,,,1.0,1.0,5.0,2.0,6.0,,,7.0,,,,,,,,,,,,,,,,,,,,,,,,,,,,,,,,,,,,,,,,,,,,Audric Estime,NO,FA,70,4569682,,FA,,{},"['RB', 'RB/WR', 'RB/WR/TE', 'OP', 'BE', 'IR']",,,,,,,,,,,,,,,,,,,,,,,,,,,,,,,,,,,,,,,,,,,,,,,,,,,,,,,,,,,,,,,,,,,,,,,,,,,,,,,,,,,,,,,,,,,,,,,,,,,,,,,,,,,,,,,,,,,,,,,,,,,,,,,,,,,,,,,,,,,,,,,,,,,,,,,,,,,,,,,,,,,,,,,,,,,,,,,,,,,,,,,,,,,,,,,,,,,,,1.0,,,,,,,,,,,,,,,,,,,,,,,,,,,,,,,,,,,,,,,,,,,,,2025,,,,12.0,3.0,,,,,,,,,,,,,,,,,,,,,,,,,,,,,,,,
157.0,9.24,133.95,7.88,,,,,,,,,,,,,,,,,,,,,,,,,,,,,,,,,,2.0,2.0,9.0,8.0,130.0,,,17.0,,,,,,,,,,,,,,,,,,,,,,,,,,,,,,,,,,,,,,,,,,,17.0,Will Reichard,MIN,FA,6,4567104,,FA,,{},"['K', 'BE', 'IR']",,,,,,,,,,,,,,,,,,,,,,,,,,,,,,,,,,,,,,,,,,,,,,,,,,,,,,,,,,,,,,,,,,,,,,,,,,,,,,,11.0,13.0,7.0,7.0,,15.0,15.0,,33.0,35.0,2.0,31.0,31.0,,10.0,12.0,4.837707442,7.103755122,2.26604768,7.182985606,9.185320576,2.002334971,15.93093354,16.7516458,0.820712256,27.95162659,33.0407215,5.089094907,38.32873554,40.55920518,2.230469643,4.837707442,7.103755122,2.26604768,,,,,,,,,,,,,,,,,,,,,,,,,,,,,,,,,,,,,,,,,,,,,,,,,,,,,,,,,,,,,,,,,,,,,,,,,,,,,,,,,,,,,,,2.0,2.0,1.0,,,,,,,,,,,,,,1.0,,,,,,,,,,,,,,,,,,,,,,,,,,,2025,,,,,,1369.0,104.0,1473.0,269.0,132.0,62.0,48.0,20.0,5.0,20.0,10.0,4.0,4.0,2.0,290.0,142.0,67.0,52.0,22.0,6.0,,,1062.39856,237.0930161,1299.491576,,,,,,,
86.0,5.06,27.21,1.6,86.0,18.82352941,7.0,59.0,27.0,13.0,10.0,3.0,1.0,10.0,3.0,1.0,,1.0,,3.72093023,8.0,2.0,1.0,6.0,3.0,1.0,1.0,,,11.0,49.0,4.25,1.0,2.0,,,,,,8.0,9.0,48.0,6.0,,17.0,31.29147876,8.18619628,0.866831329,0.058279653,27.0,13.0,6.0,5.0,2.0,6.0,3.0,0.058366159,0.040856312,0.049378378,0.001685095,4.447387669,1.852398484,0.157545423,0.007660242,0.048806168,0.031894831,6.0,3.0,1.0,1.0,,4.112195153,,,0.017118926,0.000529451,5.435602123,7.657898777,0.065939895,0.001524494,0.306232153,0.040243748,0.346475901,0.14086679,0.022536499,0.163403289,0.163403289,17.0,Sean Tucker,TB,FA,49,4430871,,FA,,{},"['RB', 'RB/WR', 'RB/WR/TE', 'OP', 'BE', 'IR']",,,,,,,,597.0,56.0,21.0,0.190377653,,855.8644482,,85.0,34.0,,,,,1.0,,,,,,,,,,,,,,,,,,,,,,,1.0,,,,,,,,,,,,,,,,,,,,,,,,,,,,,,,,,,,,,,,,,,,,,,,,,,,,,,,,,,,,,,,,,,,,,,,,,,,,,,,,,,,,,,,,,,,,,,,,,,,,,,,,,,,,,,,,,,,,,,,,,,,,,,,,,,,,,,,,,,,,,,,,,,,,,,,,,,,,,,,,,,,,,,,,,,,,,,,,,,,,,,,,,,,,,,,,,,,,,,2025,,,,22.0,1.0,,,,,,,,,,,,,,,,,,,,,,,,,,,,,9.318233366,0.720409515,,
0.0,0.0,111.61,9.3,,,,,,,,,,,,,,,,,,,,,,,,,,,,,,,,,,,,,,,,,,,,,,,,,,,,,,,,,,48.20048506,3.012037693,0.126571781,0.277543059,0.181374389,115.0,57.0,28.0,23.0,11.0,36.96492903,,,1.048268499,0.032420675,59.58319017,15.64742138,0.126571781,0.002736391,,0.621906961,0.621906961,,0.348267898,0.348267898,0.348267898,12.0,Brandon Aiyuk,SF,FA,0,4360438,,FA,,{},"['RB/WR', 'WR', 'WR/TE', 'RB/WR/TE', 'OP', 'BE', 'IR']",,,,,,,,,,,,,,,,,,,,,,,,,,,,,,,,,,,,,,,,,,,,,,,,,,,,,,,,,,,,,,,,,,,,,,,,,,,,,,,,,,,,,,,,,,,,,,,,,,,,,,,,,,,,,,,,,,,,,,,,,,,,,,,,,,,,,,,,,,,,,,,,,,,,,,,,,,,,,,,,,,,,,,,,,,,,,,,,,,,,,,,,,,,,,,,,,,,,,,,,,,,,,,,,,,,,,,,,,,,,,,,,,,,,,,,,,,,,,,,,,,2025,,,,,,,,,,,,,,,,,,,,,,,,,,,,,,,,,,,24.79579932,,
86.0,5.73,165.19,9.72,1.0,,,,,,,,,,,,,,,,35.0,24.2,3.0,68.0,33.0,13.0,8.0,2.0,1.0,64.0,75.0,10.37142857,1.0,1.0,,,,,,7.0,8.0,18.0,,1.0,15.0,7.884820708,2.792871715,0.268057491,0.014059805,9.0,4.0,2.0,1.0,,1.0,,0.014522203,0.010165542,0.005490108,0.000187356,6.021547084,43.55030864,4.038644355,0.22851146,0.140149934,0.091587982,148.0,74.0,37.0,29.0,14.0,61.33886379,,,1.125379021,0.034805537,99.08480941,12.06992111,0.242571264,0.004594476,0.118937931,0.925261057,1.044198988,0.054711448,0.518146192,0.57285764,0.57285764,17.0,Xavier Legette,CAR,FA,66,4430034,,FA,,{},"['RB/WR', 'WR', 'WR/TE', 'RB/WR/TE', 'OP', 'BE', 'IR']",,,,,,,,,,,0.106890028,,388.1795755,,38.0,15.0,,,,2.0,,,,,,,,,,,,,,,,,,,,,,,,1.0,,,,,,,,,,,,,,,,,,,,,,,,,,,,,,,,,,,,,,,,,,,,,,,,,,,,,,,,,,,,,,,,,,,,,,,,,,,,,,,,,,,,,,,,,,,,,,,,,,,,,,,,,,,,,,,,,,,,,,,,,,,,,,,,,,,,,,,,,,,,,,,,,,,,,,,,,,,,,,,,,,,,,,,,,,,,,,,,,,,,,,,,,,,,,,,,,,,,,,2025,,,,,18.0,,,,,,,,,,,,,,,,,,,,,,,,,,,,,4.353992629,34.89899821,,
48.0,2.82,109.58,6.45,63.0,20.94117647,2.0,66.0,30.0,12.0,11.0,4.0,1.0,8.0,2.0,,,1.0,,5.65079365,3.0,1.88235294,,6.0,3.0,1.0,1.0,,,4.0,39.0,10.66666667,,,,,,1.0,2.0,11.0,6.0,12.0,1.0,,17.0,139.7471466,35.88302339,4.321886567,0.23962777,122.0,61.0,30.0,24.0,12.0,27.0,13.0,0.275922628,0.193145839,0.969482282,0.033084711,4.36510807,5.343054719,0.329974486,0.018136698,0.037027891,0.024197727,18.0,9.0,4.0,3.0,1.0,12.780924,,,0.040410767,0.001249818,17.26172052,7.106835957,0.257764469,0.011414347,2.376794032,0.217375629,2.594169661,1.093325255,0.121730352,1.215055607,1.215055607,17.0,Tank Bigsby,PHI,FA,67,4429013,,FA,,{},"['RB', 'RB/WR', 'RB/WR/TE', 'OP', 'BE', 'IR']",,,,,,,,207.0,19.0,5.0,0.12219513,,443.7612614,,44.0,17.0,,,,,,,,,,,,,,,,,,,,,,,,,,,,,,,,,,,,,,,,,,,,,,,,,,,,,,,,,,,1.0,,1.0,,,,,,,,,,,,,,,,,,,,,,,,,,,,,,,,,,,,,,,,,,,,,,,,,,,,,,,,,,,,,,,,,,,,,,,,,,,,,,,,,,,,,,,,,,,,,,,,,,,,,,,,,,,,,,,,,,,,,,,,,,,,,,,,,,,,,,,,,,,,,,,,,,,,,,,,,,,,,,,,,,,,,2025,,,,18.0,1.0,,,,,,,,,,,,,,,,,,,,,,,,,,,,,34.38127905,4.403203949,,
107.0,7.64,136.74,8.04,,,,,,,,,,,,,,,,,,,,,,,,,,,,,,,,,,2.0,2.0,6.0,7.0,104.0,,,14.0,,,,,,,,,,,,,,,,,,,,,,,,,,,,,,,,,,,,,,,,,,,17.0,Brandon McManus,GB,FA,24,16339,,FA,,{},"['K', 'BE', 'IR']",,,,,,,,,,,,,,,,,,,,,,,,,,,,,,,,,,,,,,,,,,,,,,,,,,,,,,,,,,,,,,,,,,,,,,,,,,,,,,,3.0,5.0,3.0,7.0,4.0,18.0,18.0,,24.0,30.0,6.0,32.0,33.0,1.0,3.0,4.0,4.887612771,7.085053574,2.197440804,7.245072021,9.16113904,1.916067019,16.03671004,16.70754494,0.670834901,28.16939483,32.95373755,4.784342724,39.99828309,41.93358576,1.935302678,4.887612771,7.085053574,2.197440804,,,,,,,,,,,,,,,,,,,,,,,,,,,,,,,,,,,,,,,,,,,,,,,,,,,,,,,,,,,,,,,,,,,,,,,,,,,,,,,,,,,,,,,2.0,1.0,1.0,1.0,,,,,,,,,,,,,,,,,,,,,,,,,,,,,,,,,,,,,,,,2025,,,,,,827.0,299.0,1126.0,160.0,77.0,35.0,28.0,11.0,2.0,57.0,28.0,14.0,9.0,3.0,219.0,107.0,51.0,39.0,17.0,5.0,,1.0,1071.060632,225.0098663,1296.070498,,,,,,,
69.0,5.31,72.56,4.27,,,,,,,,,,,,,,,,,35.0,25.23076923,1.0,61.0,28.0,11.0,8.0,2.0,2.0,50.0,196.0,9.37142857,,1.0,,,,8.0,9.0,3.0,10.0,6.0,,,13.0,,,,,,,,,,,,,,,,,18.49749241,1.671396873,0.093657113,0.097198393,0.06351915,62.0,31.0,15.0,12.0,6.0,31.77160051,,,0.136283168,0.004214943,45.8324004,9.897435633,0.093657113,0.001709893,,0.388612035,0.388612035,,0.21762274,0.21762274,0.21762274,17.0,Michael Mayer,LV,FA,37,4429086,,FA,,{},"['WR/TE', 'TE', 'RB/WR/TE', 'OP', 'BE', 'IR']",,,,,,1.0,,,,,,,,,,,,,,1.0,,,,,,,,,,,,,,,,,,,,,,,,,,,,,,,,,,,,,,,,,,,,,,,,,,,,,,,1.0,,,,,,,,,,,,,,,,,,,,,,,,,,,,,,,,,,,,,,,,,,,,,,,,,,,,,,,,,,,,,,,,,,,,,,,,,,,,,,,,,,,,,,,,,,,,,,,,,,,,,,,,,,,,,,,,,,,,,,,,,,,,,,,,,,,,,,,,,,,,,,,,,,,,,,,,,,,,,,,,,,,,,,,2025,,,,,18.0,,,,,,,,,,,,,,,,,,,,,,,,,,,,,,15.44704647,,
0.0,0.0,108.24,8.33,,,,,,,,,,,,,,,,,,,,,,,,,,,,,,,,,,,,,,,,,,,,,,,,,,,,,,,,,,,,,,,,,,,,,,,,,,,,,,,,,,,,13.0,Tyler Bass,BUF,FA,0,3917232,,FA,,{},"['K', 'BE', 'IR']",,,,,,,,,,,,,,,,,,,,,,,,,,,,,,,,,,,,,,,,,,,,,,,,,,,,,,,,,,,,,,,,,,,,,,,,,,,,,,,,,,,,,,,,,,,,,,,3.571510503,5.353018923,1.78150842,5.317125512,6.921577956,1.604452444,11.83037482,12.62316555,0.792790738,20.71901083,24.89776243,4.178751601,37.79994746,40.59292027,2.792972806,3.571510503,5.353018923,1.78150842,,,,,,,,,,,,,,,,,,,,,,,,,,,,,,,,,,,,,,,,,,,,,,,,,,,,,,,,,,,,,,,,,,,,,,,,,,,,,,,,,,,,,,,,,,,,,,,,,,,,,,,,,,,,,,,,,,,,,,,,,,,,,,,,,,2025,,,,,,,,,,,,,,,,,,,,,,,,,,,,787.0434597,192.1855368,979.2289965,,,,,,,
117.0,10.64,1.83,0.11,50.0,27.0,1.0,56.0,26.0,12.0,7.0,1.0,,7.0,2.0,,,,,5.94,,,,,,,,,,,,,3.0,6.0,2.0,3.0,10.0,,,2.0,9.0,66.0,1.0,,11.0,0.424818392,0.128389459,0.026089866,0.001000554,,,,,,,,0.000779257,0.00054548,-3.83428e-06,-1.30849e-07,5.137773792,,,,,,,,,,,,,,,,,,0.015915656,0.000355236,0.005135519,,0.080735443,0.002362339,,0.038650302,0.213981787,17.0,Marcus Mariota,WSH,FA,31,2576980,,FA,,{},"['QB', 'OP', 'BE', 'IR']",,,,,,,,,,,,,,,,,,,,,,227.0,139.0,88.0,154.09090909,10.0,335.0,166.0,79.0,63.0,30.0,13.0,25.0,10.0,14.0,4.0,2.0,1.0,,1.0,7.0,0.6123348,16.0,5.0,5.0,1.0,2.0,,5.749220409,3.547012127,2.202208282,2.418374238,0.267323875,8.0,4.0,2.0,1.0,,,,,0.073067729,0.047749761,0.065167167,0.008802376,0.014915102,0.175331484,0.616955322,0.504526911,0.075599924,0.036287963,,,,,,,,,,,,,,,,,,,,,,,,,,,,,,,,,,,,,,,,,,,,,,,,,,,,,,,,,,,,,,,,,,,,,,,,,,,,,,,,,,,,,,,,,,,,,,,,,,,,,,,,,,,,,,,,,,,,,,,,,,,,,,,2.0,,,,,,,,,,,,,,,,,,,,,,,,,,,,,,,,,,,,,,,,,,,,2025,,,79.0,12.0,,,,,,,,,,,,,,,,,,,,,,,,,,,,,,2.190945755,,-1.964265222,
85.0,5.31,2.1,0.12,7.0,1.375,,4.0,1.0,,,,,,,,,,,3.14285714,28.0,20.125,5.0,60.0,26.0,11.0,7.0,2.0,1.0,44.0,110.0,11.5,,,,,,,,7.0,9.0,30.0,,,16.0,,,,,,,,,,,,,,,,,0.565600728,0.075758471,0.003690912,0.033098888,0.021630124,1.0,,,,,0.811595808,,,0.005048617,0.000156143,1.286288188,11.84729182,0.003690912,3.79418e-05,,0.008623126,0.008623126,,0.004828951,0.004828951,0.004828951,17.0,Tez Johnson,TB,FA,69,4608810,,FA,,{},"['Rookie', 'RB/WR', 'WR', 'WR/TE', 'RB/WR/TE', 'OP', 'BE', 'IR']",,2.0,,,,,,,,,,0.13860931,,218.1392426,,,21.0,8.0,,,1.0,,,,,,,,,,,,,,,,,,,,,,,,,,,,,,,,,,,,,,,,,,,,,,,,,,,,,3.0,,,,,,,,,,,,,,,,,,,,,,,,,,,,,,,,,,,,,,,,,,,,,,,,,,,,,,,,,,,,,,,,,,,,,,,,,,,,,,,,,,,,,,,,,,,,,,,,,,,,,,,,,,,,,,,,,,,,,,,,,,,,,,,,,,,,,,,,,,,,,,,,,,,,,,,,,,,,,,,,,,,,,,,,2025,,,,,16.0,,,,,,,,,,,,,,,,,,,,,,,,,,,,,,0.21059807,,
5.0,0.5,158.32,9.31,28.0,6.9,,10.0,4.0,1.0,,,,3.0,,,,,,2.46428571,1.0,0.9,,1.0,,,,,,2.0,14.0,9.0,,1.0,,,,,,7.0,3.0,,,,10.0,184.3211068,46.2637983,6.527914058,0.287064629,157.0,78.0,39.0,31.0,15.0,36.0,18.0,0.373500999,0.2614507,1.676903618,0.0572,4.266926262,9.320486285,0.844253435,0.045371399,0.039248454,0.025648865,31.0,15.0,7.0,6.0,3.0,21.96600257,,,0.061116527,0.001890202,29.15430612,7.213340995,0.332436028,0.007444623,1.511795384,0.180164398,1.691959782,0.695425877,0.100892063,0.79631794,0.79631794,17.0,Kaleb Johnson,PIT,FA,116,4819231,,FA,,{},"['Rookie', 'RB', 'RB/WR', 'RB/WR/TE', 'OP', 'BE', 'IR']",,,,,,,,190.0,18.0,7.0,,,,,,,,,,,,,,,,,,,,,,,,,,,,,,,,,,,,,,,,,,,,,,,,,,,,,,,,,,,,,,,,,,,,,,,,,,,,,,,,,,,,,,,,,,,,,,,,,,,,,,,,,,,,,,,,,,,,,,,,,,,,,,,,,,,,,,,,,,,,,,,,,,,,,,,,,,,,,,,,,,,,,,,,,,,,,,,,,,,,,,,,,,,,,,,,,,,,,,,,,,,,,,,,,,,,,,,,,,,,,,,,,,,,,,,,2025,,,,2.0,,,,,,,,,,,,,,,,,,,,,,,,,,,,,,44.69256,8.571676287,,
67.0,3.94,83.81,4.93,,,,,,,,,,,,,,,,,,,,,,,,,,,,,,,,,,655.0,1181.0,7.0,10.0,,,,17.0,,,,,,,,,,,,,,,,,,,,,,,,,,,,,,,,,,,,,,,,,,,17.0,Dolphins D/ST,MIA,FA,22,-16015,,FA,,{},"['D/ST', 'BE', 'IR']",,,,,,,,1716.0,163.0,59.0,0.392946648,0.134864344,1493.201264,206.5295635,149.0,59.0,20.0,8.0,,,,,,,,,,,,,,,,,,,,,,,,,,,,,,,,,,,,,,,,,,,,,,,,,,,,,,,,,526.0,,,12.0,,,,,,,,,,,,,,,,,,,,,,,,,,,,,,,,,,,11.0,0.0,0.0,4.0,2.0,,9.0,2.0,,39.0,78.0,,1.0,,1.0,388.0,229.0,78.0,53.0,279.0,22.0,6.0,418.0,1.0,2.0,6.0,2.0,5929.0,0.0,0.0,4.0,3.0,4.0,5.0,1.0,0.0,0.0,0.0,0.0,4.0,2.0,1.0,2.0,6.0,2.0,0.104476866,0.467172979,1.970620566,2.242430299,0.114241251,1.735225762,12.59047235,8.45737729,1.851441211,0.239609628,42.54348312,85.08696625,1.185419082,0.54980668,2.377278006,13.01134968,1067.781938,355.0,213.0,80.13880752,400.4259205,2.463275707,4.153592485,3.457080044,1.894174078,0.247176976,23.55446591,6029.099596,0.297277042,2.887834124,3.354983762,4.161878591,3.354983762,1.953534849,0.76442668,0.225081189,354.6529174,,,,,,,,,,,,,,,,,,,,,,,,,,,,,,,,,,,,,,,,,,,,,,,,2025,1.0,,,,,,,,,,,,,,,,,,,,,,,,,,,,,,,,,,,,47.40346318
48.0,2.82,76.05,4.47,,,,,,,,,,,,,,,,,,,,,,,,,,,,,,,,,,645.0,1193.0,5.0,12.0,,,,17.0,,,,,,,,,,,,,,,,,,,,,,,,,,,,,,,,,,,,,,,,,,,17.0,Commanders D/ST,WSH,FA,27,-16028,,FA,,{},"['D/ST', 'BE', 'IR']",,,,,,,,1918.0,183.0,67.0,0.3845428,0.15846421,1655.670391,249.3862969,165.0,66.0,24.0,9.0,,,,,,,,,,,,,,,,,,,,,,,,,,,,,,,,,,,,,,,,,,,,,,,,,,,,,,,,,548.0,,,11.0,,,,,,,,,,,,,,,,,,,,,,,,,,,,,,,,,,,2.0,0.0,1.0,1.0,2.0,,8.0,2.0,1.0,42.0,84.0,,2.0,,2.0,390.0,233.0,70.0,70.0,315.0,28.0,10.0,445.0,1.0,4.0,5.0,3.0,6528.0,0.0,0.0,1.0,4.0,4.0,6.0,1.0,1.0,0.0,0.0,1.0,1.0,2.0,1.0,4.0,5.0,3.0,0.067076216,0.29717311,1.494356208,1.969833183,0.115403268,1.769998844,12.55127289,8.302628588,1.782782501,0.231735045,43.05966174,86.11932347,1.215504926,0.554493918,2.428409122,12.77327475,1002.933006,334.0,200.0,65.89410657,415.1649974,2.462291479,4.389671362,3.829287783,2.199081011,0.291229647,24.42147043,6207.27224,0.09331803,1.527022307,2.875892011,4.428364689,4.097509856,2.62987175,1.034981786,0.313039573,365.1336612,,,,,,,,,,,,,,,,,,,,,,,,,,,,,,,,,,,,,,,,,,,,,,,,2025,,,,,,,,,,,,,,,,,,,,,,,,,,,,,,,,,,,,,37.49301642
47.0,2.76,64.0,3.76,,,,,,,,,,,,,,,,,,,,,,,,,,,,,,,,,,682.0,1194.0,3.0,14.0,,,,17.0,,,,,,,,,,,,,,,,,,,,,,,,,,,,,,,,,,,,,,,,,,,17.0,Raiders D/ST,LV,FA,28,-16013,,FA,,{},"['D/ST', 'BE', 'IR']",,,,,,,,1845.0,178.0,68.0,0.428317311,0.155169123,1555.46813,244.2005877,155.0,62.0,24.0,9.0,,,,,,,,,,,,,,,,,,,,,,,,,,,,,,,,,,,,,,,,,,,,,,,,,,,,,,,,,512.0,,,10.0,,,,,,,,,,,,,,,,,,,,,,,,,,,,,,,,,,,8.0,0.0,0.0,4.0,1.0,,8.0,,1.0,37.0,74.0,,,,,394.0,232.0,94.0,52.0,173.0,12.0,2.0,424.0,1.0,3.0,6.0,2.0,5403.0,0.0,1.0,5.0,5.0,4.0,2.0,0.0,0.0,0.0,0.0,0.0,4.0,1.0,1.0,3.0,6.0,2.0,0.039045337,0.169762333,1.137407629,1.76552826,0.113522093,1.741632994,11.32091752,7.853573909,1.850425798,0.238784476,40.17718515,80.35437031,1.191088267,0.550544727,2.438641522,12.0824214,1073.44622,357.0,214.0,59.16969174,416.6647885,2.461553825,4.566606751,4.108248452,2.427601358,0.324246056,24.50969344,6174.318939,0.144261968,1.866919583,2.99555733,4.361803025,3.912045126,2.46093945,0.967403784,0.291069735,363.1952317,,,,,,,,,,,,,,,,,,,,,,,,,,,,,,,,,,,,,,,,,,,,,,,,2025,,,,,,,,,,,,,,,,,,,,,,,,,,,,,,,,,,,,,51.50987447
86.0,7.82,108.21,8.32,,,,,,,,,,,,,,,,,33.0,35.81818182,3.0,75.0,35.0,15.0,10.0,3.0,1.0,43.0,102.0,11.93939394,,1.0,,1.0,1.0,,,5.0,6.0,20.0,,2.0,11.0,,,,,,,,,,,,,,,,,38.77018175,2.854833223,0.161503697,0.14064248,0.091909861,100.0,50.0,25.0,20.0,10.0,41.61247225,,,0.624190946,0.019304875,63.21578674,12.11205044,0.161503697,0.00345235,,0.784624903,0.784624903,,0.439389946,0.439389946,0.439389946,13.0,Jalen Coker,CAR,FA,66,4695883,,FA,,{},"['RB/WR', 'WR', 'WR/TE', 'RB/WR/TE', 'OP', 'BE', 'IR']",,,,,,1.0,1.0,,,,,,,,,,,,,1.0,,,,,,,,,,,,,,,,,,,,,,,,,,,,,,,,,,,,,,,,,,,,,,,,,,,,1.0,,,,,,,,,,,,,,,,,,,,,,,,,,,,,,,,,,,,,,,,,,,,,,,,,,,,,,,,,,,,,,,,,,,,,,,,,,,,,,,,,,,,,,,,,,,,,,,,,,,,,,,,,,,,,,,,,,,,,,,,,,,,,,,,,,,,,,,,,,,,,,,,,,,,,,,,,,,,,,,,,,,,,,,,,,2025,,,,,22.0,,,,,,,,,,,,,,,,,,,,,,,,,,,,,,23.6717345,,
41.0,4.1,44.34,3.17,70.0,28.8,2.0,54.0,24.0,10.0,8.0,3.0,1.0,10.0,3.0,,,1.0,,4.11428571,5.0,4.4,,7.0,2.0,,,,,9.0,60.0,8.8,2.0,2.0,1.0,1.0,1.0,,,6.0,4.0,12.0,2.0,,10.0,53.51221734,16.30646284,1.429964207,0.080528334,45.0,22.0,11.0,9.0,4.0,10.0,5.0,0.101616811,0.071131768,0.162800261,0.005555748,4.266137548,3.762727911,0.295088183,0.015774881,0.032806365,0.021438959,10.0,5.0,2.0,2.0,1.0,7.354081125,,,0.025500503,0.000788675,9.698518015,7.163123421,0.096303215,0.002670555,0.533611075,0.073333144,0.606944219,0.245461094,0.041066561,0.286527655,0.286527655,14.0,Jaylen Wright,MIA,FA,71,4682745,,FA,,{},"['RB', 'RB/WR', 'RB/WR/TE', 'OP', 'BE', 'IR']",,,,,,,,,,,,,,,,,,,,,,,,,,,,,,,,,,,,,,,,,,,,2.0,,,,,,,,,,,,,,,,,,,,,,,,,,,,,,,,,,,,,,,,,,,,,,,,,,,,,,,,,,,,,,,,,,,,,,,,,,,,,,,,,,,,,,,,,,,,,,,,,,,,,,,,,,,,,,,,,,,,,,,,,,,,,,,,,,,,,,,,,,,,,,,,,,,,,,,,,,1.0,,,,,,,,,,,,,,,,,,,,,,,,,,,,,,,,,,,,,,,,,,,,2025,,,,17.0,2.0,,,,,,,,,,,,,,,,,,,,,,,,,,,,,13.73172443,2.302741491,,
75.0,4.41,133.71,7.87,9.0,4.11764706,1.0,11.0,4.0,1.0,1.0,,,,,,,,,7.77777778,38.0,13.05882353,2.0,39.0,15.0,5.0,3.0,,2.0,54.0,179.0,5.84210526,,1.0,,,,,,10.0,7.0,18.0,,,17.0,4.582163459,1.1354356,0.357990422,0.015750909,3.0,1.0,,,,,,0.008424271,0.00589699,0.000824971,2.81531e-05,4.212509086,33.20204015,3.191580462,0.171579564,0.129954394,0.084925196,112.0,56.0,28.0,22.0,11.0,56.12092854,,,0.533552803,0.016501633,76.92120353,10.05747227,0.187330473,0.004410394,0.075663154,0.926699035,1.002362189,0.034805051,0.51895146,0.553756511,0.553756511,17.0,Jonnu Smith,PIT,FA,35,3054212,,FA,,{},"['WR/TE', 'TE', 'RB/WR/TE', 'OP', 'BE', 'IR']",,,,,,1.0,,,,,,,,,,,,,,1.0,,,,,,,,,,,,,,,,,,,,,,,,,,,,,,,,,,,,,,,,,,,,,,,,,,,,,,1.0,,1.0,,,,,,,,,,,,,,,,,,,,,,,,,,,,,,,,,,,,,,,,,,,,,,,,,,,,,,,,,,,,,,,,,,,,,,,,,,,,,,,,,,,,,,,,,,,,,,,,,,,,,,,,,,,,,,,,,,,,,,,,,,,,,,,,,,,,,,,,,,,,,,,,,,,,,,,,,,,,,,,,,,,,,,2025,,,,3.0,10.0,,,,,,,,,,,,,,,,,,,,,,,,,,,,,3.269005197,28.51208186,,
85.0,7.08,140.08,8.24,,,,,,,,,,,,,,,,,,,,,,,,,,,,,,,,,,,,5.0,7.0,77.0,,,12.0,,,,,,,,,,,,,,,,,,,,,,,,,,,,,,,,,,,,,,,,,,,17.0,Matt Gay,None,FA,29,4249087,,FA,,{},"['K', 'BE', 'IR']",,,,,,,,,,,,,,,,,,,,,,,,,,,,,,,,,,,,,,,,,,,,,,,,,,,,,,,,,,,,,,,,,,,,,,,,,,,,,,,4.0,9.0,6.0,6.0,,7.0,8.0,1.0,17.0,23.0,6.0,26.0,26.0,,4.0,9.0,4.81899226,7.040304973,2.221312714,7.150500145,9.103278059,1.952777913,15.84640197,16.6020215,0.755619526,27.81589437,32.74560453,4.929710153,44.76882139,47.20028289,2.431461497,4.81899226,7.040304973,2.221312714,,,,,,,,,,,,,,,,,,,,,,,,,,,,,,,,,,,,,,,,,,,,,,,,,,,,,,,,,,,,,,,,,,,,,,,,,,,,,,,,,,,,,,,5.0,5.0,,,,,,,,,,,,,,,,,,,,,,,,,,,,,,,,,,,,,,,,,,2025,,,,,,681.0,304.0,985.0,133.0,64.0,29.0,25.0,11.0,2.0,60.0,29.0,13.0,11.0,5.0,193.0,94.0,45.0,36.0,16.0,5.0,,2.0,1057.390148,230.4944784,1287.884626,,,,,,,
83.0,5.53,147.94,8.7,12.0,5.2,1.0,11.0,3.0,,,,,,,,,,,6.5,37.0,21.46666667,1.0,60.0,27.0,11.0,8.0,2.0,2.0,51.0,231.0,8.7027027,1.0,2.0,,1.0,1.0,,,12.0,3.0,12.0,,,15.0,21.83825536,6.38973132,0.5749481,0.033609691,21.0,10.0,5.0,4.0,2.0,4.0,2.0,0.040526342,0.028368439,0.029812284,0.001017379,4.974089305,36.62859919,4.032544422,0.214180817,0.375955714,0.245687059,124.0,62.0,31.0,24.0,12.0,43.72219156,,,0.697509994,0.021572474,64.94771301,14.24187956,0.247790508,0.005769319,0.436765107,0.874443831,1.311208938,0.200911949,0.489688545,0.690600495,0.690600495,17.0,Marvin Mims Jr.,DEN,FA,73,4686472,,FA,,{},"['RB/WR', 'WR', 'WR/TE', 'RB/WR/TE', 'OP', 'BE', 'IR']",,,,,,,,658.0,61.0,22.0,0.761509113,0.143236594,1348.429668,443.5377229,134.0,53.0,44.0,17.0,,,1.0,,,,,,,,,,,,,,,,,,,,,,,1.0,,,,,,,,,,,,,,,,,,,,,,,,,,,,,,,,1.0,,,,,,,,,,,,,,,,,,,,,,,,,,,,,,,,,,,,,,,,,,,,,,,,,1.0,,1.0,,,,,452.0,39.0,12.0,,,,,,,,,,,,,,,,,,,,,,,,,,,,,,,,,,,,,,,,,,,,,,,,,,,,,,,,,,,,,,,,,,,,,,,,,,,,,,,,,,,,,,,,,,,,,,,,,,,,,,,,,,,,2025,,,,4.0,14.0,,,,,,,,,,,,,,,,,,,,,,,,,,,,,7.495130769,27.63623214,,
40.0,3.08,108.73,6.4,24.0,5.61538462,,13.0,5.0,1.0,1.0,,,3.0,,,,,,3.04166667,26.0,7.92307692,,19.0,9.0,2.0,,,2.0,32.0,154.0,3.96153846,,,,,,1.0,1.0,3.0,10.0,,,,13.0,122.6129545,33.20070529,2.871419346,0.188843956,112.0,56.0,28.0,22.0,11.0,24.0,12.0,0.240405287,0.168283701,0.857189752,0.029252598,4.603200308,7.700860406,0.408401201,0.027764142,0.035197743,0.023001725,26.0,13.0,6.0,5.0,2.0,19.79209235,,,0.056290332,0.001740938,25.55893118,6.614491514,0.216608098,0.003260417,0.638015889,0.102988053,0.741003942,0.293487309,0.057673309,0.351160618,0.351160618,17.0,Jerome Ford,CLE,FA,72,4372019,,FA,,{},"['RB', 'RB/WR', 'RB/WR/TE', 'OP', 'BE', 'IR']",,,,,,,,294.0,28.0,10.0,0.08546024,,347.0260457,,34.0,13.0,,,,,,,,,,,,,,,,,,,,,,,,,,,,,,,,,,,,,,,,,,,,,,,,,,,,,,,,,,,,,,,,,,,,,,,,,,,,,,,,,,,,,,,,,,,,,,,,,,,,,,,,,,,,,,,,,,,,,,,,,,,,,,,,,,,,,,,,,,,,,,,,,,,,,,,,,,,,,,,,,,,,,,,,,,,,,,,,,,,,,,,,,,,,,,,,,,,,,,,,,,,,,,,,,,,,,,,,,,,,,,,,,,2025,,,,5.0,4.0,,,,,,,,,,,,,,,,,,,,,,,,,,,,,30.71931767,7.138673886,,
85.0,6.54,129.72,7.63,,,,,,,,,,,,,,,,,44.0,28.38461538,1.0,70.0,33.0,14.0,9.0,3.0,4.0,65.0,133.0,8.38636364,,,,,,,,3.0,10.0,8.0,,,13.0,,,,,,,,,,,,,,,,,33.70789764,3.074698643,0.201314924,0.127903334,0.083584829,114.0,57.0,28.0,22.0,11.0,54.55778142,,,0.556121743,0.017199642,78.43632327,10.50325444,0.201314924,0.002761012,,0.627502716,0.627502716,,0.351401521,0.351401521,0.351401521,17.0,Mason Taylor,NYJ,FA,31,4808766,,FA,,{},"['Rookie', 'WR/TE', 'TE', 'RB/WR/TE', 'OP', 'BE', 'IR']",,,,,,,,,,,,,,,,,,,,1.0,,,,,,,,,,,,,,,,,,,,,,,,,,,,,,,,,,,,,,,,,,,,,,,,,,,,1.0,,,,,,,,,,,,,,,,,,,,,,,,,,,,,,,,,,,,,,,,,,,,,,,,,,,,,,,,,,,,,,,,,,,,,,,,,,,,,,,,,,,,,,,,,,,,,,,,,,,,,,,,,,,,,,,,,,,,,,,,,,,,,,,,,,,,,,,,,,,,,,,,,,,,,,,,,,,,,,,,,,,,,,,,,,2025,,,,,23.0,,,,,,,,,,,,,,,,,,,,,,,,,,,,,,28.34513691,,
54.0,4.15,128.6,8.04,,,,,,,,,,,,,,,,,28.0,18.38461538,1.0,45.0,20.0,9.0,7.0,2.0,1.0,52.0,115.0,8.53571429,,,,,,2.0,2.0,11.0,2.0,6.0,,,13.0,,,,,,,,,,,,,,,,,39.11920417,3.18896214,0.167209502,0.203099079,0.132725248,125.0,62.0,31.0,25.0,12.0,48.06693444,,,0.790052152,0.024434603,75.48687178,13.02157656,0.167209502,0.003758688,,0.85424731,0.85424731,,0.478378493,0.478378493,0.478378493,16.0,Christian Kirk,HOU,FA,101,3895856,,FA,,{},"['RB/WR', 'WR', 'WR/TE', 'RB/WR/TE', 'OP', 'BE', 'IR']",,,,,,,,,,,,,,,,,,,,1.0,,,,,,,,,,,,,,,,,,,,,,,,,,,,,,,,,,,,,,,,,,,,,,,,,,,,,,,,,,,,,,,,,,,,,,,,,,,,,,,,,,,,,,,,,,,,,,,,,,,,,,,,,,,,,,,,,,,,,,,,,,,,,,,,,,,,,,,,,,,,,,,,,,,,,,,,,,,,,,,,,,,,,,,,,,,,,,,,,,,,,,,,,,,,,,,,,,,,,,,,,,,,,,,,,,,,,,,,,,,,,,2025,,,,,12.0,,,,,,,,,,,,,,,,,,,,,,,,,,,,,,28.43804314,,
52.0,4.0,135.87,7.99,,,,,,,,,,,,,,,,,19.0,17.23076923,2.0,41.0,19.0,7.0,4.0,2.0,1.0,38.0,39.0,11.78947368,,,,,,1.0,1.0,5.0,8.0,14.0,,,13.0,,,,,,,,,,,,,,,,,36.53409522,5.02281005,0.230585288,0.291153049,0.190268517,124.0,62.0,31.0,24.0,12.0,43.82436805,,,0.698987948,0.021618184,69.34225697,14.1720154,0.230585288,0.002206172,,0.50140266,0.50140266,,0.280785489,0.280785489,0.280785489,17.0,Rashod Bateman,BAL,FA,103,4360939,,FA,,{},"['RB/WR', 'WR', 'WR/TE', 'RB/WR/TE', 'OP', 'BE', 'IR']",,,,,,,,,,,,,,,,,,,,2.0,,,,,,,,,,,,,,,,,,,,,,,,,,,,,,,,,,,,,,,,,,,,,,,,,,,,1.0,,,,,,,,,,,,,,,,,,,,,,,,,,,,,,,,,,,,,,,,,,,,,,,,,,,,,,,,,,,,,,,,,,,,,,,,,,,,,,,,,,,,,,,,,,,,,,,,,,,,,,,,,,,,,,,,,,,,,,,,,,,,,,,,,,,,,,,,,,,,,,,,,,,,,,,,,,,,,,,,,,,,,,,,,,2025,,,,,12.0,,,,,,,,,,,,,,,,,,,,,,,,,,,,,,28.02015376,,
108.0,6.75,88.13,5.18,,,,,,,,,,,,,,,,,41.0,32.1875,4.0,96.0,43.0,16.0,14.0,4.0,,89.0,115.0,12.56097561,,,,,,1.0,1.0,3.0,13.0,24.0,,,16.0,,,,,,,,,,,,,,,,,23.91516382,2.386071918,0.126800407,0.137562455,0.089897065,81.0,40.0,20.0,16.0,8.0,33.9575165,,,0.231044898,0.007145718,54.67641416,11.97254178,0.126800407,0.001587499,,0.360795305,0.360795305,,0.202045371,0.202045371,0.202045371,17.0,Elic Ayomanor,TEN,FA,56,4883647,,FA,,{},"['Rookie', 'RB/WR', 'WR', 'WR/TE', 'RB/WR/TE', 'OP', 'BE', 'IR']",,,,,,,,,,,,,,,,,,,,3.0,,,,,,,,,,,,,,,,,,,,,,,,,,,,,,,,,,,,,,,,,,,,,,,,,,,,,,1.0,,,,,,,,,,,,,,,,,,,,,,,,,,,,,,,,,,,,,,,,,,,,,,,,,,,,,,,,,,,,,,,,,,,,,,,,,,,,,,,,,,,,,,,,,,,,,,,,,,,,,,,,,,,,,,,,,,,,,,,,,,,,,,,,,,,,,,,,,,,,,,,,,,,,,,,,,,,,,,,,,,,,,,,,2025,,,,,30.0,,,,,,,,,,,,,,,,,,,,,,,,,,,,,,18.77729877,,
136.0,10.46,102.36,12.79,21.0,2.69230769,1.0,4.0,1.0,,,,,1.0,,,,,,1.66666667,,,,,,,,,,,,,,3.0,,3.0,13.0,,,4.0,9.0,96.0,1.0,,13.0,20.81217664,8.532251518,0.610202795,0.040322651,13.0,6.0,3.0,2.0,1.0,4.0,2.0,0.039086846,0.027360792,0.025206386,0.000860197,3.279715203,,,,,,,,,,,,,,,,,,0.586753346,0.021052455,0.299644538,,4.784648927,0.137836488,,2.290638594,9.794822311,8.0,Joe Flacco,CIN,FA,27,11252,,FA,,{},"['QB', 'OP', 'BE', 'IR']",,,,,,,,,,,,,,,,,,,,,,416.0,251.0,165.0,190.69230769,15.0,489.0,243.0,119.0,91.0,42.0,18.0,46.0,21.0,29.0,11.0,2.0,,1.0,2.0,10.0,0.60336538,18.0,,6.0,4.0,3.0,,292.5306074,181.8145572,110.7160502,248.3077521,7.99707237,397.0,198.0,99.0,79.0,39.0,19.0,36.0,18.0,1.66359622,1.08716013,1.746980062,0.2359712,0.546430695,7.504183717,0.621523193,18.9808393,4.485004389,2.152802107,,,,,,,,,,,,,,,,,,,,,,,,,,,,,,,,,,,,,,,,,,,,,,,,,,,,,,,,,,,,,,,,,,,,,,,,,,,,,,,,,,,,,,,,,,,,,,,,,,,,,,,,,,,,,,,,,,,,,,,,,,,,,,,,,,,,,,1.0,,,,,,,,,,,,,,,,,,,,,,,,,,,,,,,,,,,,,2025,,,115.0,9.0,,,,,,,,,,,,,,,,,,,,,,,,,,,,,,4.999121039,,95.47914531,
30.0,10.0,,,2.0,-0.33333333,,,,,,,,,,,,,,-0.5,,,,,,,,,,,,,,2.0,,,3.0,,,,3.0,24.0,,,3.0,,,,,,,,,,,,,,,,,,,,,,,,,,,,,,,,,,,,,,,,,,,,Philip Rivers,IND,FA,48,5529,,FA,,{},"['QB', 'OP', 'BE', 'IR']",,,,,,,,,,,,,,,,,,,,,,92.0,58.0,34.0,181.33333333,4.0,108.0,53.0,26.0,20.0,9.0,4.0,10.0,4.0,5.0,2.0,,,,,3.0,0.63043478,5.0,1.0,2.0,1.0,1.0,,,,,,,,,,,,,,,,,,,,,,,,,,,,,,,,,,,,,,,,,,,,,,,,,,,,,,,,,,,,,,,,,,,,,,,,,,,,,,,,,,,,,,,,,,,,,,,,,,,,,,,,,,,,,,,,,,,,,,,,,,,,,,,,,,,,,,,,,,,,,,,,,,,,,,,,,,,,,,,,,,,,,,,,,,,,,,,,,,,,,,,,,,,,,,,,,,,2025,,,29.0,,,,,,,,,,,,,,,,,,,,,,,,,,,,,,,,,,
56.0,4.31,165.32,9.72,,,,,,,,,,,,,,,,,21.0,20.76923077,2.0,50.0,23.0,10.0,6.0,2.0,1.0,39.0,62.0,12.85714286,,,,,,1.0,1.0,4.0,9.0,12.0,,,13.0,,,,,,,,,,,,,,,,,48.65016487,3.535301891,0.240548888,0.145361669,0.094993851,165.0,82.0,41.0,33.0,16.0,62.93140396,,,1.529950935,0.04731807,109.8126032,13.14213176,0.240548888,0.005241841,,1.19132746,1.19132746,,0.667143378,0.667143378,0.667143378,17.0,Cedric Tillman,CLE,FA,98,4369863,,FA,,{},"['RB/WR', 'WR', 'WR/TE', 'RB/WR/TE', 'OP', 'BE', 'IR']",,,,,,,,,,,,,,,,,,,,1.0,,,,,,,,,,,,,,,,,,,,,,,,,,,,,,,,,,,,,,,,,,,,,,,,,,,,,,1.0,,,,,,,,,,,,,,,,,,,,,,,,,,,,,,,,,,,,,,,,,,,,,,,,,,,,,,,,,,,,,,,,,,,,,,,,,,,,,,,,,,,,,,,,,,,,,,,,,,,,,,,,,,,,,,,,,,,,,,,,,,,,,,,,,,,,,,,,,,,,,,,,,,,,,,,,,,,,,,,,,,,,,,,,2025,,,,,13.0,,,,,,,,,,,,,,,,,,,,,,,,,,,,,,37.44694461,,
60.0,6.0,107.09,6.3,18.0,9.3,2.0,19.0,8.0,3.0,3.0,1.0,,1.0,,1.0,1.0,,,5.16666667,21.0,16.9,1.0,30.0,13.0,5.0,3.0,,2.0,27.0,184.0,8.04761905,1.0,1.0,,,,,,5.0,5.0,18.0,1.0,,10.0,41.46547279,10.88176537,1.118647217,0.043800217,36.0,18.0,9.0,7.0,3.0,8.0,4.0,0.077762755,0.054433929,0.087312457,0.002979639,4.461302353,18.59963441,2.130062141,0.097798385,0.067971861,0.044419611,63.0,31.0,15.0,12.0,6.0,38.33838957,,,0.137896415,0.004264838,50.06971645,8.247445669,0.141598602,0.002554706,0.301683123,0.278931948,0.580615071,0.138774237,0.156201891,0.294976128,0.294976128,17.0,Justice Hill,BAL,FA,60,4038441,,FA,,{},"['RB', 'RB/WR', 'RB/WR/TE', 'OP', 'BE', 'IR']",,,,,,,,188.0,17.0,7.0,0.092341444,,387.0571891,,38.0,15.0,,,,,,,,,,,,,,,,,,,,,,,,,,,,1.0,,,,,,,,,,,,,,,,,,,,,,,,,,,,,,1.0,,,,,,,,,,,,,,,,,,,,,,,,,,,,,,,,,,,,,,,,,,,,,,,,,,,,,,,,,,,,,,,,,,,,,,,,,,,,,,,,,,,,,,,,,,,,,,,,,,,,,,,,,,,,,,,,,,,,,,,,,,,,,,,,,,,,,,,,,,,,,,,,,,,,,,,,,,,,,,,,,,,,,,,,2025,,,,4.0,6.0,,,,,,,,,,,,,,,,,,,,,,,,,,,,,11.67134996,17.17927311,,
11.0,0.65,95.16,5.6,,,,,,,,,,,,,,,,,,,,,,,,,,,,,,,,,,630.0,1184.0,3.0,14.0,,,,17.0,,,,,,,,,,,,,,,,,,,,,,,,,,,,,,,,,,,,,,,,,,,17.0,Jets D/ST,NYJ,FA,32,-16020,,FA,,{},"['D/ST', 'BE', 'IR']",,,,,,,,2210.0,215.0,82.0,0.350535141,0.137371216,1384.981502,226.9047661,138.0,55.0,22.0,9.0,,,,,,,,,,,,,,,,,,,,,,,,,,,,,,,,,,,,,,,,,,,,,,,,,,,,,,,,,554.0,,,9.0,,,,,,,,,,,,,,,,,,,,,,,,,,,,,,,,,,,4.0,0.0,0.0,2.0,0.0,,,1.0,1.0,26.0,52.0,1.0,2.0,,4.0,390.0,231.0,91.0,66.0,456.0,39.0,11.0,497.0,1.0,5.0,4.0,4.0,6045.0,0.0,0.0,4.0,4.0,3.0,5.0,1.0,0.0,0.0,0.0,0.0,2.0,0.0,1.0,5.0,4.0,4.0,0.198109433,0.89276783,3.162948885,2.924877463,0.116767457,1.754693933,12.40766936,7.210784551,1.773959379,0.232078003,36.89151301,73.78302601,1.199332102,0.555361831,2.359367748,11.09351469,1038.496168,346.0,207.0,62.67538676,370.9182271,2.465739722,3.562568771,2.525257577,1.130839252,0.136891067,21.81871924,5764.363851,0.629755707,5.106127353,4.135963156,3.727472968,2.144573488,0.851021225,0.323388066,0.081698038,339.0802265,,,,,,,,,,,,1.0,1.0,1.0,,,,,,,,,,,,,,,,,,,,,,,,,,,,,,,,,,2025,,,,,,,,,,,,,,,,,,,,,,,,,,,,,,,,,,,,,47.94270652
46.0,2.71,102.67,6.04,,,,,,,,,,,,,,,,,,,,,,,,,,,,,,,,,,616.0,1195.0,3.0,14.0,,,,17.0,,,,,,,,,,,,,,,,,,,,,,,,,,,,,,,,,,,,,,,,,,,17.0,Cardinals D/ST,ARI,FA,30,-16022,,FA,,{},"['D/ST', 'BE', 'IR']",,,,,,,,1979.0,189.0,71.0,0.350117201,0.138676198,1264.682267,273.3469162,126.0,50.0,27.0,10.0,,,,,,,,,,,,,,,,,,,,,,,,,,,,,,,,,,,,,,,,,,,,,,,,,,,,,,,,,579.0,,,13.0,,,,,,,,,,,,,,,,,,,,,,,,,,,,,,,,,,,8.0,0.0,0.0,1.0,2.0,2.0,10.0,3.0,1.0,30.0,60.0,,,,2.0,393.0,233.0,67.0,81.0,217.0,16.0,5.0,470.0,1.0,6.0,3.0,4.0,6081.0,0.0,0.0,3.0,4.0,8.0,1.0,0.0,1.0,0.0,0.0,0.0,1.0,2.0,1.0,6.0,3.0,4.0,0.207482993,0.93537415,3.282312925,2.993197279,0.110802464,1.711794225,12.78908232,7.451023323,1.858812683,0.238399246,41.25497214,82.50994428,1.170127965,0.54166626,2.311390088,11.4631128,1062.792414,354.0,212.0,71.80290902,370.2256095,2.465986395,3.503401361,2.431972789,1.054421769,0.12585034,21.77797703,5907.891252,0.476142843,4.081224367,3.77513254,3.928178454,2.703811143,1.360408122,0.527158147,0.147944383,347.5230148,,,,,,,,,,2.0,,,,,,,,,,,,,,,,,,,,,,,,,,,,,,,,,,,,,,2025,,,,,,,,,,,,,,,,,,,,,,,,,,,,,,,,,,,,,44.55526414
174.0,10.24,255.43,15.03,39.0,9.35294118,2.0,27.0,11.0,3.0,2.0,,,2.0,,,,,,4.07692308,,,,,,,,,,,,,1.0,11.0,,7.0,14.0,,,3.0,14.0,102.0,2.0,,17.0,65.06638605,17.59602894,2.52624697,0.147799983,59.0,29.0,14.0,11.0,5.0,13.0,6.0,0.123550305,0.086485213,0.229117663,0.007818907,4.597342962,,,,,,,,,,,,,,,,,,1.378803939,0.039386657,0.872887979,,8.951512866,0.40152847,,4.279268416,18.22967418,17.0,Cam Ward,TEN,FA,22,4688380,,FA,,{},"['Rookie', 'QB', 'OP', 'BE', 'IR']",,,,,,,,,,,,,,,,,,,,,,540.0,323.0,217.0,186.41176471,15.0,628.0,309.0,149.0,119.0,57.0,24.0,57.0,26.0,35.0,13.0,1.0,,,,7.0,0.59814815,55.0,3.0,11.0,1.0,,2.0,561.0416271,350.0539666,210.9876605,224.8499103,23.1834278,764.0,382.0,191.0,152.0,76.0,38.0,70.0,35.0,2.94466846,1.924340839,2.586536891,0.349373315,1.231003956,13.95040577,0.623935818,41.15125276,8.078624887,3.877739946,,,,,,,,,,,,,,,,,,,,,,,,,,,,,,,,,,,,,,,,,,,,,,,,,,,,,,,,,,,,,,,,,,,,,,,,,,,,,,,,,,,,,,,,,,,,,,,,,,,,,,,,,,,,,,,,,,,,,,,,,,,,,,,,,,,,,,,,,,,,,,,,,,,,,,,,,,,,,,,,,,,,,,,,,,,2025,,,153.0,15.0,,,,,,,,,,,,,,,,,,,,,,,,,,,,,,18.00860629,,186.6959708,
88.0,5.18,140.37,8.26,7.0,1.23529412,,3.0,1.0,,,,,,,,,,,3.0,31.0,26.29411765,3.0,84.0,38.0,15.0,12.0,3.0,,46.0,214.0,14.41935484,,,,,,,,14.0,3.0,18.0,,,17.0,2.260882386,0.801081844,0.085733381,0.004253476,2.0,1.0,,,,,,0.004151366,0.002905956,0.000381186,1.30084e-05,6.023485095,37.63700501,3.28593178,0.191118108,0.17044741,0.111387383,127.0,63.0,31.0,25.0,12.0,57.0351882,,,0.753722171,0.023310995,81.79014746,11.2181463,0.195371584,0.005218054,0.045217648,1.140703764,1.185921412,0.020800118,0.638794108,0.659594226,0.659594226,17.0,DeMario Douglas,NE,FA,65,4427095,,FA,,{},"['RB/WR', 'WR', 'WR/TE', 'RB/WR/TE', 'OP', 'BE', 'IR']",,1.0,1.0,1.0,1.0,,,,,,,,,,,,,,,1.0,,,,,,,,,,,,,,,,,,,,,,,,,,,,,,,,,,,,,,,,,,,,,,,,,,,,,,1.0,,,,,,,,,,,,,,,,,,,,,,,,,,,,,,,,,,,,,,,,,,,,,,,,,,,,,,,,,,,,,,,,,,,,,,,,,,,,,,,,,,,,,,,,,,,,,,,,,,,,,,,,,,,,,,,,,,,,,,,,,,,,,,,,,,,,,,,,,,,,,,,,,,,,,,,,,,,,,,,,,,,,,,,,2025,,,,2.0,17.0,,,,,,,,,,,,,,,,,,,,,,,,,,,,,2.7330893,30.83813544,,
86.0,5.38,0.0,0.0,,,,,,,,,,,,,,,,,37.0,34.4375,,104.0,49.0,21.0,16.0,4.0,3.0,53.0,165.0,14.89189189,,,,,,,,11.0,5.0,,,,16.0,,,,,,,,,,,,,,,,,,,,,,,,,,,,,,,,,,,,,,,,,,,,Kendrick Bourne,SF,FA,66,3045523,,FA,,{},"['RB/WR', 'WR', 'WR/TE', 'RB/WR/TE', 'OP', 'BE', 'IR']",,,,2.0,2.0,,,,,,,,,,,,,,1.0,,,,,,,,,,,,,,,,,,,,,,,,,,,,,,,,,,,,,,,,,,,,,,,,,,,,,,,,,,,,,,,,,,,,,,,,,,,,,,,,,,,,,,,,,,,,,,,,,,,,,,,,,,,,,,,,,,,,,,,,,,,,,,,,,,,,,,,,,,,,,,,,,,,,,,,,,,,,,,,,,,,,,,,,,,,,,,,,,,,,,,,,,,,,,,,,,,,,,,,,,,,,,,,,,,,,,,,,,,,,,,,2025,,,,,27.0,,,,,,,,,,,,,,,,,,,,,,,,,,,,,,,,
13.0,3.25,93.83,5.52,18.0,19.0,1.0,14.0,6.0,2.0,2.0,,,2.0,,,,,,4.22222222,2.0,4.25,,3.0,1.0,,,,,3.0,9.0,8.5,1.0,1.0,1.0,1.0,1.0,,,,4.0,6.0,1.0,,4.0,112.0797668,27.72498662,2.285402788,0.099991765,94.0,47.0,23.0,18.0,9.0,22.0,11.0,0.218122406,0.152685684,0.574396206,0.019601939,4.205261896,7.771490672,0.535908623,0.035098429,0.046791341,0.030578142,26.0,13.0,6.0,5.0,2.0,17.16282153,,,0.053075642,0.001641515,23.06950685,7.697763519,0.135090194,0.00254296,0.501196915,0.076748493,0.577945408,0.230550581,0.042979156,0.273529737,0.273529737,17.0,Braelon Allen,NYJ,FA,96,4685247,,FA,,{},"['RB', 'RB/WR', 'RB/WR/TE', 'OP', 'BE', 'IR']",,,,,,,,100.0,9.0,3.0,,,,,,,,,,,,,,,,,,,,,,,,,,,,,,,,,,1.0,,,,,,,,,,,,,,,,,,,,,,,,,,,,,,,,,,,,,,,,,,,,,,,,,,,,,,,,,,,,,,,,,,,,,,,,,,,,,,,,,,,,,,,,,,,,,,,,,,,,,,,,,,,,,,,,,,,,,,,,,,,,,,,,,,,,,,,,,,,,,,,,,,,,,,,,,,1.0,,,,,,,,,,,,,,,,,,,,,,,,,,,,,,,,,,,,,,,,,,,,2025,,,,4.0,1.0,,,,,,,,,,,,,,,,,,,,,,,,,,,,,26.49939682,6.624627135,,
84.0,4.94,71.12,4.18,3.0,0.82352941,,2.0,,,,,,,,,,,,4.66666667,33.0,25.58823529,2.0,83.0,39.0,18.0,10.0,3.0,2.0,58.0,103.0,13.18181818,,,,,,,,6.0,11.0,12.0,,,17.0,,,,,,,,,,,,,,,,,17.83977596,2.586100498,0.097931723,0.111198726,0.072668368,60.0,30.0,15.0,12.0,6.0,25.83630025,,,0.127925761,0.003956467,42.85587882,11.7383754,0.097931723,0.001714792,,0.389725551,0.389725551,,0.218246308,0.218246308,0.218246308,17.0,Andrei Iosivas,CIN,FA,70,4368003,,FA,,{},"['RB/WR', 'WR', 'WR/TE', 'RB/WR/TE', 'OP', 'BE', 'IR']",,,,,,,,,,,,,,,,,,,,1.0,1.0,,,,,,,,,,,,,,,,,,,,,,,,,,,,,,,,,,,,,,,,,,,,,,,,,,,,,,,,,,,,,,,,,,,,,,,,,,,,,,,,,,,,,,,,,,,,,,,,,,,,,,,,,,,,,,,,,,,,,,,,,,,,,,,,,,,,,,,,,,,,,,,,,,,,,,,,,,,,,,,,,,,,,,,,,,,,,,,,,,,,,,,,,,,,,,,,,,,,,,,,,,,,,,,,,,,,,,,,,,,,,2025,,,,,25.0,,,,,,,,,,,,,,,,,,,,,,,,,,,,,,14.15989932,,
86.0,5.06,64.75,3.81,,,,,,,,,,,,,,,,,,,,,,,,,,,,,,,,,,607.0,1163.0,8.0,9.0,,,,17.0,,,,,,,,,,,,,,,,,,,,,,,,,,,,,,,,,,,,,,,,,,,17.0,Panthers D/ST,CAR,FA,16,-16029,,FA,,{},"['D/ST', 'BE', 'IR']",,,,,,,,1304.0,123.0,43.0,0.427560112,0.157626116,1552.718302,248.0673303,155.0,62.0,24.0,9.0,,,,,,,,,,,,,,,,,,,,,,,,,,,,,,,,,,,,,,,,,,,,,,,,,,,,,,,,,556.0,,,9.0,,,,,,,,,,,,,,,,,,,,,,,,,,,,,,,,,,,6.0,1.0,1.0,1.0,2.0,2.0,15.0,1.0,,30.0,60.0,,,2.0,2.0,383.0,230.0,66.0,64.0,176.0,12.0,2.0,374.0,4.0,5.0,1.0,2.0,5563.0,0.0,0.0,6.0,6.0,4.0,1.0,0.0,0.0,0.0,1.0,1.0,1.0,2.0,4.0,5.0,1.0,2.0,0.057730723,0.254694367,1.375349581,1.901717938,0.10983262,1.70098703,12.79182432,6.384482448,1.910722397,0.244319055,37.03062674,74.06125348,1.161224116,0.539762913,2.396005878,9.82228069,1084.621265,361.0,216.0,69.16155876,415.3501498,2.462045545,4.448661606,3.922293248,2.275269676,0.302237315,24.43236175,6312.069062,0.04240459,1.187328511,2.756298329,4.494886505,4.282863557,2.798702918,1.102519332,0.334996258,371.2981801,,,,,,,,,,,,,,,,,,,,,,,,,,,,,,,,,,,,,,,,,,,,,,,,2025,,,,,,,,,,,,,,,,,,,,,,,,,,,,,,,,,,,,,40.0125837
0.0,0.0,108.1,8.32,,,,,,,,,,,,,,,,,,,,,,,,,,,,,,,,,,,,,,,,,,,,,,,,,,,,,,,,,,,,,,,,,,,,,,,,,,,,,,,,,,,,13.0,Jason Sanders,MIA,FA,0,3124679,,FA,,{},"['K', 'BE', 'IR']",,,,,,,,,,,,,,,,,,,,,,,,,,,,,,,,,,,,,,,,,,,,,,,,,,,,,,,,,,,,,,,,,,,,,,,,,,,,,,,,,,,,,,,,,,,,,,,3.884632747,5.422097287,1.53746454,5.731021169,7.010897888,1.279876719,12.61274279,12.78606198,0.173319182,22.22839671,25.21905715,2.990660441,30.9015316,31.53217511,0.630643502,3.884632747,5.422097287,1.53746454,,,,,,,,,,,,,,,,,,,,,,,,,,,,,,,,,,,,,,,,,,,,,,,,,,,,,,,,,,,,,,,,,,,,,,,,,,,,,,,,,,,,,,,,,,,,,,,,,,,,,,,,,,,,,,,,,,,,,,,,,,,,,,,,,,2025,,,,,,,,,,,,,,,,,,,,,,,,,,,,846.0484048,145.817113,991.8655177,,,,,,,
9.0,3.0,93.61,5.51,15.0,20.33333333,,11.0,4.0,2.0,2.0,,,2.0,,,,,,4.06666667,3.0,8.33333333,,5.0,2.0,1.0,,,,3.0,15.0,8.33333333,,,,,,,,3.0,,,,,3.0,113.2894713,26.92457647,4.181963102,0.201542888,91.0,45.0,22.0,18.0,9.0,22.0,11.0,0.22059153,0.154414071,0.541193823,0.018468869,4.04025012,5.092340722,0.470959907,0.027737722,0.036128073,0.023609696,17.0,8.0,4.0,3.0,1.0,12.91201482,,,0.038999538,0.001206171,16.74602543,6.704592077,0.22928061,0.003243212,0.661679497,0.075414029,0.737093526,0.304372569,0.042231856,0.346604425,0.346604425,17.0,Najee Harris,LAC,FA,105,4241457,,FA,,{},"['RB', 'RB/WR', 'RB/WR/TE', 'OP', 'BE', 'IR']",,,,,,,,,,,,,,,,,,,,,,,,,,,,,,,,,,,,,,,,,,,,,,,,,,,,,,,,,,,,,,,,,,,,,,,,,,,,,,,,,,,,,,,,,,,,,,,,,,,,,,,,,,,,,,,,,,,,,,,,,,,,,,,,,,,,,,,,,,,,,,,,,,,,,,,,,,,,,,,,,,,,,,,,,,,,,,,,,,,,,,,,,,,,,,,,,,,,,,,,,,,,,,,,,,,,,,,,,,,,,,,,,,,,,,,,,,,,,,,,,,2025,,,,3.0,1.0,,,,,,,,,,,,,,,,,,,,,,,,,,,,,27.52733561,4.373201959,,
54.0,9.0,1.46,0.09,27.0,23.83333333,1.0,26.0,12.0,5.0,2.0,,,3.0,,,,,,5.2962963,,,,,,,,,,,,,,1.0,,1.0,6.0,,,1.0,5.0,36.0,,,6.0,0.497165623,0.178707954,0.011770823,0.000515316,,,,,,,,0.000912002,0.000638401,1.38045e-06,4.71096e-08,6.110710565,,,,,,,,,,,,,,,,,,0.012206553,0.00041046,0.007735502,,0.09328638,0.003558331,,0.044622753,0.184602207,17.0,Tyrod Taylor,NYJ,FA,42,14163,,FA,,{},"['QB', 'OP', 'BE', 'IR']",,,,,,,,,,,,,,,,,,,,,,134.0,80.0,54.0,129.83333333,5.0,154.0,75.0,36.0,28.0,13.0,5.0,14.0,5.0,8.0,4.0,1.0,1.0,,,5.0,0.59701493,14.0,,2.0,2.0,,,5.094039735,3.198194335,1.8958454,2.04883832,0.18286455,6.0,3.0,1.0,1.0,,,,,0.072406798,0.047317843,0.055410386,0.00748449,0.011691237,0.139979455,0.627830661,0.404369627,0.085550878,0.041064422,,,,,1.0,,,,,,,,,,,,,,,,,,,,,,,,,,,,,,,,,,,,,,,,,,,,,,,,,,,,,,,,,,,,,,,,,,,,,,,,,,,,,,,,,,,,,,,,,,,,,,,,,,,,,,,,,,,,,,,,,,,,,,,,,,,,,,,,,,,,,,,,,,,,,,,,,,,,,,,,,,,,,,,,,,,,,,2025,,,41.0,10.0,,,,,,,,,,,,,,,,,,,,,,,,,,,,,,2.213549549,,-2.238157124,
35.0,2.19,106.4,6.26,,,,,,,,,,,,,,,,,19.0,11.625,,33.0,14.0,5.0,3.0,,,35.0,44.0,9.78947368,,,,,,,,8.0,8.0,2.0,,,16.0,,,,,,,,,,,,,,,,,23.84092922,3.643405404,0.13871539,0.073326221,0.047918685,81.0,40.0,20.0,16.0,8.0,45.02925648,,,0.33913787,0.0104888,62.3607227,9.000721496,0.13871539,0.00309571,,0.703570502,0.703570502,,0.393999481,0.393999481,0.393999481,17.0,Adam Thielen,PIT,FA,123,16460,,FA,,{},"['RB/WR', 'WR', 'WR/TE', 'RB/WR/TE', 'OP', 'BE', 'IR']",,,,,,,,,,,,,,,,,,,,,,,,,,,,,,,,,,,,,,,,,,,,,,,,,,,,,,,,,,,,,,,,,,,,,,,,1.0,,,,,,,,,,,,,,,,,,,,,,,,,,,,,,,,,,,,,,,,,,,,,,,,,,,,,,,,,,,,,,,,,,,,,,,,,,,,,,,,,,,,,,,,,,,,,,,,,,,,,,,,,,,,,,,,,,,,,,,,,,,,,,,,,,,,,,,,,,,,,,,,,,,,,,,,,,,,,,,,,,,,,,,,,,2025,,,,,10.0,,,,,,,,,,,,,,,,,,,,,,,,,,,,,,21.78025599,,
112.0,12.44,249.9,14.7,21.0,7.77777778,1.0,11.0,3.0,1.0,,,,1.0,,,,,,3.33333333,,,,,,,,,,,,,1.0,4.0,,2.0,5.0,,,3.0,6.0,60.0,1.0,,9.0,47.47410326,11.03287353,2.610296447,0.117889499,37.0,18.0,9.0,7.0,3.0,9.0,4.0,0.089311907,0.062518335,0.089585424,0.003057207,3.950761303,,,,,,,,,,,,,,,,,,1.535536986,0.04245412,0.728836038,,9.648663639,0.335264577,,4.616781826,17.99392633,17.0,Michael Penix Jr.,ATL,FA,33,4360423,,FA,,{},"['QB', 'OP', 'BE', 'IR']",,,,,,,,,,,,,,,,,,,,,,276.0,166.0,110.0,220.22222222,9.0,394.0,195.0,94.0,75.0,35.0,15.0,30.0,14.0,19.0,6.0,1.0,1.0,1.0,1.0,3.0,0.60144928,13.0,1.0,6.0,2.0,,,544.9012873,347.8306886,197.0705987,233.0631784,22.72397601,792.0,396.0,198.0,158.0,79.0,39.0,69.0,34.0,3.145834725,2.055802993,2.941200291,0.39727904,1.417647487,13.3771445,0.638337065,36.1084249,8.919827601,4.281517248,,,,,,,,,,,,,,,,,,,,,,,,,,,,,,,,,,,,,,,,,,,,,,,,,,,,,,,,,,,,,,,,,,,,,,,,,,,,,,,,,,,,,,,,,,,,,,,,,,,,,,,,,,,,,,,,,,,,,,,,,,,,,,,,,,,,,,,,,,,,,,,,,,,,,,,,,,,,,,,,,,,,,,,,,,,2025,,,99.0,5.0,,,,,,,,,,,,,,,,,,,,,,,,,,,,,,13.23515831,,189.1955791,
63.0,4.85,44.47,2.62,,,,,,,,,,,,,,,,,25.0,22.53846154,2.0,55.0,26.0,10.0,7.0,2.0,2.0,39.0,34.0,11.72,,,,,,1.0,1.0,4.0,9.0,12.0,,,13.0,,,,,,,,,,,,,,,,,11.74253724,0.938336525,0.05463451,0.082534604,0.053936364,39.0,19.0,9.0,7.0,3.0,20.1412681,,,0.07677633,0.002374526,30.15055473,9.911150184,0.05463451,0.001671006,,0.379774132,0.379774132,,0.212673514,0.212673514,0.212673514,17.0,Devaughn Vele,NO,FA,90,4569559,,FA,,{},"['RB/WR', 'WR', 'WR/TE', 'RB/WR/TE', 'OP', 'BE', 'IR']",,,,,,,,,,,,,,,,,,,,1.0,,,,,,,,,,,,,,,,,,,,,,,,,,,,,,,,,,,,,,,,,,,,,,,,,,,,,,1.0,,,,,,,,,,,,,,,,,,,,,,,,,,,,,,,,,,,,,,,,,,,,,,,,,,,,,,,,,,,,,,,,,,,,,,,,,,,,,,,,,,,,,,,,,,,,,,,,,,,,,,,,,,,,,,,,,,,,,,,,,,,,,,,,,,,,,,,,,,,,,,,,,,,,,,,,,,,,,,,,,,,,,,,,2025,,,,,19.0,,,,,,,,,,,,,,,,,,,,,,,,,,,,,,9.329672497,,
72.0,4.24,56.34,3.31,,,,,,,,,,,,,,,,,16.0,14.05882353,6.0,44.0,20.0,7.0,5.0,1.0,,27.0,55.0,14.9375,,,,,,1.0,2.0,9.0,8.0,36.0,,,17.0,,,,,,,,,,,,,,,,,15.32681766,1.61057021,0.091550185,0.185918486,0.121497731,52.0,26.0,13.0,10.0,5.0,20.7330486,,,0.10140538,0.003136249,32.60007952,12.56717742,0.091550185,0.000969261,,0.220286622,0.220286622,,0.123360508,0.123360508,0.123360508,17.0,Isaac TeSlaa,DET,FA,82,5123663,,FA,,{},"['Rookie', 'RB/WR', 'WR', 'WR/TE', 'RB/WR/TE', 'OP', 'BE', 'IR']",,,,,,,,,,,,,,,,,,,,1.0,1.0,,,,,,,,,,,,,,,,,,,,,,,,,,,,,,,,,,,,,,,,,,,,,,,,,,,,,4.0,1.0,,,,,,,,,,,,,,,,,,,,,,,,,,,,,,,,,,,,,,,,,,,,,,,,,,,,,,,,,,,,,,,,,,,,,,,,,,,,,,,,,,,,,,,,,,,,,,,,,,,,,,,,,,,,,,,,,,,,,,,,,,,,,,,,,,,,,,,,,,,,,,,,,,,,,,,,,,,,,,,,,,,,,,,2025,,,,,14.0,,,,,,,,,,,,,,,,,,,,,,,,,,,,,,11.41973236,,
60.0,3.53,80.54,4.74,58.0,16.17647059,,51.0,25.0,11.0,8.0,4.0,1.0,7.0,2.0,,,1.0,,4.74137931,10.0,5.05882353,2.0,15.0,7.0,2.0,,,,13.0,99.0,8.6,,,,,,,1.0,12.0,5.0,12.0,,,17.0,106.2879385,26.10101928,3.480396,0.111671178,88.0,44.0,22.0,17.0,8.0,21.0,10.0,0.206217468,0.144352228,0.507894279,0.017332483,4.174672444,3.356388979,0.422614118,0.022882547,0.045373038,0.029651281,11.0,5.0,2.0,2.0,1.0,7.976309324,,,0.028281246,0.000874678,10.05114064,7.153510517,0.134553725,0.004083148,0.863209273,0.064778979,0.927988252,0.397076265,0.036276228,0.433352494,0.433352494,17.0,Ray Davis,BUF,FA,60,4429501,,FA,,{},"['RB', 'RB/WR', 'RB/WR/TE', 'OP', 'BE', 'IR']",,,,,,,,943.0,90.0,32.0,0.119286484,,433.1982841,,43.0,17.0,,,,1.0,,,,,,,,,,,,,,,,,,,,,,,,,,,,,,,,,,,,,,,,,,,,,,,,,,,,,,1.0,1.0,,,,,,,,,,,,,,,,,,,,,,,,,,,,,,,,,,,,,,,,,,,,,,,,,1.0,,,1.0,,,,,,,,,,,,,,,,,,,,,,,,,,,,,,,,,,,,,,,,,,,,,,,,,,,,,,,,,,,,,,,,,,,,,,,,,,,,,,,,,,,,,,,,,,,,,,,,,,,,,,,,,,,,,,,,,,,2025,,,,15.0,7.0,,,,,,,,,,,,,,,,,,,,,,,,,,,,,26.10622019,2.414619982,,
27.0,6.75,0.0,0.0,43.0,48.25,,37.0,18.0,8.0,7.0,3.0,1.0,8.0,2.0,,,1.0,,4.48837209,7.0,8.5,,6.0,2.0,,,,1.0,7.0,40.0,4.85714286,,,,,,,,4.0,,,,,4.0,,,,,,,,,,,,,,,,,,,,,,,,,,,,,,,,,,,,,,,,,,,,Jawhar Jordan,HOU,FA,80,4429939,,FA,,{},"['RB', 'RB/WR', 'RB/WR/TE', 'OP', 'BE', 'IR']",,,,,,,,,,,,,,,,,,,,,,,,,,,,,,,,,,,,,,,,,,,,,,,,,,,,,,,,,,,,,,,,,,,,,,,,,,,,,,,,,,,,,,,,,,,,,,,,,,,,,,,,,,,,,,,,,,,,,,,,,,,,,,,,,,,,,,,,,,,,,,,,,,,,,,,,,,,,,,,,,,,,,,,,,,,,,,,,,,,,,,,,,,,,,,,,,,,,,,,,,,,,,,,,,,,,,,,,,,,,,,,,,,,,,,,,,,,,,,,,,,2025,,,,8.0,2.0,,,,,,,,,,,,,,,,,,,,,,,,,,,,,,,,
64.0,4.92,115.31,6.78,,,,,,,,,,,,,,,,,28.0,23.61538462,2.0,57.0,24.0,8.0,6.0,1.0,1.0,42.0,63.0,10.96428571,,,,,,1.0,1.0,5.0,8.0,12.0,,,13.0,,,,,,,,,,,,,,,,,26.74032619,3.574226087,0.135352956,0.090580552,0.05919439,90.0,45.0,22.0,18.0,9.0,49.14713517,,,0.302242439,0.009347704,67.34495243,9.249482066,0.135352956,0.002242292,,0.509611929,0.509611929,,0.28538268,0.28538268,0.28538268,17.0,Mike Gesicki,CIN,FA,41,3116164,,FA,,{},"['WR/TE', 'TE', 'RB/WR/TE', 'OP', 'BE', 'IR']",,,,,,,,,,,,,,,,,,,,,,,,,,,,,,,,,,,,,,,,,,,,,,,,,,,,,,,,,,,,,,,,,,,,,,,,,,2.0,,,,,,,,,,,,,,,,,,,,,,,,,,,,,,,,,,,,,,,,,,,,,,,,,,,,,,,,,,,,,,,,,,,,,,,,,,,,,,,,,,,,,,,,,,,,,,,,,,,,,,,,,,,,,,,,,,,,,,,,,,,,,,,,,,,,,,,,,,,,,,,,,,,,,,,,,,,,,,,,,,,,,,,,2025,,,,,20.0,,,,,,,,,,,,,,,,,,,,,,,,,,,,,,24.04978578,,
109.0,6.81,19.01,1.12,4.0,1.5625,,4.0,2.0,,,,,,,,,,,6.25,40.0,29.6875,4.0,90.0,43.0,18.0,13.0,5.0,3.0,56.0,204.0,11.875,,,,,,4.0,6.0,6.0,9.0,24.0,,,16.0,,,,,,,,,,,,,,,,,4.917486513,0.567032054,0.029732775,0.115663531,0.075586117,16.0,8.0,4.0,3.0,1.0,7.704703069,,,0.038005039,0.001175414,11.71183956,10.85016126,0.029732775,0.000639215,,0.145276201,0.145276201,,0.081354673,0.081354673,0.081354673,17.0,Ryan Flournoy,DAL,FA,53,5083754,,FA,,{},"['RB/WR', 'WR', 'WR/TE', 'RB/WR/TE', 'OP', 'BE', 'IR']",,1.0,,2.0,2.0,,,,,,,,,,,,,,,3.0,,,,,,,,,,,,,,,,,,,,,,,,,,,,,,,,,,,,,,,,,,,,,,,,,,,,,,,2.0,,,,,,,,,,,,,,,,,,,,,,,,,,,,,,,,,,,,,,,,,,,,,,,,,,,,,,,,,,,,,,,,,,,,,,,,,,,,,,,,,,,,,,,,,,,,,,,,,,,,,,,,,,,,,,,,,,,,,,,,,,,,,,,,,,,,,,,,,,,,,,,,,,,,,,,,,,,,,,,,,,,,,,,2025,,,,2.0,29.0,,,,,,,,,,,,,,,,,,,,,,,,,,,,,,3.143598811,,
76.0,5.85,27.57,1.62,4.0,1.46153846,,4.0,1.0,,,,,,,,,,,4.75,39.0,28.53846154,1.0,69.0,32.0,13.0,10.0,3.0,1.0,53.0,152.0,9.51282051,,1.0,,1.0,1.0,,,7.0,6.0,6.0,,,13.0,1.555225979,0.587965986,0.063059931,0.004248152,1.0,,,,,,,0.002857844,0.002000491,0.000535451,1.82729e-05,6.426989967,6.930006318,1.012594573,0.049312883,0.097947545,0.064008721,23.0,11.0,5.0,4.0,2.0,10.19739834,,,0.061949219,0.001915955,16.86696752,11.55295728,0.053561034,0.000772207,0.023224142,0.152277441,0.175501583,0.010683106,0.085275367,0.095958472,0.095958472,17.0,Sterling Shepard,TB,FA,79,2976592,,FA,,{},"['RB/WR', 'WR', 'WR/TE', 'RB/WR/TE', 'OP', 'BE', 'IR']",,,,,,1.0,1.0,,,,,,,,,,,,,,,,,,,,,,,,,,,,,,,,,,,,,,,,,,,,,,,,,,,,,,,,,,,,,,,,,,,1.0,,,,,,,,,,,,,,,,,,,,,,,,,,,,,,,,,,,,,,,,,,,,,,,,,,,,,,,,,,,,,,,,,,,,,,,,,,,,,,,,,,,,,,,,,,,,,,,,,,,,,,,,,,,,,,,,,,,,,,,,,,,,,,,,,,,,,,,,,,,,,,,,,,,,,,,,,,,,,,,,,,,,,,,,2025,,,,1.0,18.0,,,,,,,,,,,,,,,,,,,,,,,,,,,,,1.454048847,4.837419575,,
53.0,6.62,137.33,8.08,,,,,,,,,,,,,,,,,,,,,,,,,,,,,,,,,,1.0,1.0,6.0,2.0,53.0,,,8.0,,,,,,,,,,,,,,,,,,,,,,,,,,,,,,,,,,,,,,,,,,,17.0,Joshua Karty,ARI,FA,35,4566192,,FA,,{},"['K', 'BE', 'IR']",,,,,,,,,,,,,,,,,,,,,,1.0,,1.0,,,,,,,,,,,,,,,,,,,,,,,,,,,,,,,,,,,,,,,,,,,,,,,,,,,,,,,1.0,2.0,3.0,4.0,1.0,6.0,9.0,3.0,10.0,15.0,5.0,23.0,26.0,3.0,1.0,2.0,4.859571768,7.072580786,2.213009018,7.207185464,9.145011434,1.93782597,15.96264405,16.67813236,0.715488317,28.02940128,32.89572458,4.866323305,41.18092499,43.29819761,2.117272617,4.859571768,7.072580786,2.213009018,,,,,,,,,,,,,,,,,,,,,,,,,,,,,,,,,,,,,,,,,,,,,,,,,,,,,,,,,,,,,,,,,,,,,,,,,,,,,,,,,,,,,,,1.0,1.0,,,,,,,,,,,,,,,,,,,,,,,,,,,,,,,,,,,,,,,,,,2025,,,,,,363.0,154.0,561.0,70.0,33.0,15.0,12.0,4.0,1.0,29.0,13.0,5.0,5.0,1.0,109.0,53.0,25.0,20.0,8.0,3.0,,,1065.619543,228.1693051,1293.788848,,,,,,,
61.0,3.81,27.22,1.6,43.0,14.75,1.0,43.0,18.0,6.0,4.0,2.0,,2.0,,,,,,5.48837209,21.0,11.625,,33.0,14.0,6.0,4.0,1.0,1.0,28.0,189.0,8.85714286,,,,,,2.0,8.0,3.0,13.0,8.0,,,16.0,23.07862767,6.003572375,0.46434361,0.020313184,20.0,10.0,5.0,4.0,2.0,4.0,2.0,0.04285873,0.030001111,0.026441979,0.000902363,4.422304993,2.970584141,0.300537981,0.019678325,0.044086246,0.028810361,10.0,5.0,2.0,2.0,1.0,6.845034335,,,0.025537242,0.000789812,8.957334783,7.377600744,0.03999151,0.001177548,0.206405443,0.06121908,0.267624523,0.094946504,0.034282685,0.129229189,0.129229189,17.0,Isaiah Davis,NYJ,FA,59,4695404,,FA,,{},"['RB', 'RB/WR', 'RB/WR/TE', 'OP', 'BE', 'IR']",,,,,,,,323.0,31.0,12.0,0.159334155,,578.6345632,,57.0,23.0,,,,,,,,,,,,,,,,,,,,,,,,,,,,,,,,,,,,,,,,,,,,,,,,,,,,,,,,1.0,,,6.0,,1.0,,,,,,,,,,,,,,,,,,,,,,,,,,,,,,,,,,,,,,,,,,,,,,,,,,,,,,,,,,,,,,,,,,,,,,,,,,,,,,,,,,,,,,,,,,,,,,,,,,,,,,,,,,,,,,,,,,,,,,,,,,,,,,,,,,,,,,,,,,,,,,,,,,,,,,,,,,,,,,,,,,,,,2025,,,,6.0,8.0,,,,,,,,,,,,,,,,,,,,,,,,,,,,,7.266372228,1.925983539,,
46.0,2.71,40.44,2.38,2.0,0.17647059,,1.0,,,,,,,,,,,,1.5,10.0,12.29411765,3.0,39.0,18.0,7.0,4.0,1.0,,21.0,79.0,20.9,,,,,,,,14.0,3.0,20.0,,2.0,17.0,2.260882386,0.819856141,0.107794879,0.00534801,2.0,1.0,,,,,,0.004151366,0.002905956,0.000401638,1.37063e-05,6.16465256,10.41983471,1.159494743,0.067437012,0.14729179,0.096255185,35.0,17.0,8.0,7.0,3.0,14.88605528,,,0.066976059,0.002071425,23.43254939,11.89953864,0.072785022,0.000801612,0.024021655,0.158162887,0.182184543,0.011049961,0.088571217,0.099621178,0.099621178,17.0,Kyle Williams,NE,FA,109,4613202,,FA,,{},"['Rookie', 'RB/WR', 'WR', 'WR/TE', 'RB/WR/TE', 'OP', 'BE', 'IR']",,1.0,1.0,,,,,290.0,26.0,9.0,,,,,,,,,,,,,,,,,,,,,,,,,,,,,,,,,,,,,,,,,,,,,,,,,,,,,,,,,,,,,,,,,,,,,,,,,,,,,,,,,,,,,,,,,,,,,,,,,,,,,,,,,,,,,,,,,,,,,,,,,,,,,,,,,,,,,,,,,,,,,,,,,,,,,,,,,,,,,,,,,,,,,,,,,,,,,,,,,,,,,,,,,,,,,,,,,,,,,,,,,,,,,,,,,,,,,,,,,,,,,,,,,,,,,,,,2025,,,,,7.0,,,,,,,,,,,,,,,,,,,,,,,,,,,,,2.76031283,7.60219713,,
130.0,7.65,29.85,7.46,,,,,,,,,,,,,,,,,,,,,,,,,,,,,,,,,,3.0,4.0,7.0,10.0,115.0,,,17.0,,,,,,,,,,,,,,,,,,,,,,,,,,,,,,,,,,,,,,,,,,,4.0,Riley Patterson,MIA,FA,15,4243371,,FA,,{},"['K', 'BE', 'IR']",,,,,,,,,,,,,,,,,,,,,,,,,,,,,,,,,,,,,,,,,,,,,,,,,,,,,,,,,,,,,,,,,,,,,,,,,,,1.0,,,,3.0,4.0,11.0,11.0,,13.0,14.0,1.0,27.0,29.0,2.0,34.0,35.0,1.0,3.0,4.0,1.088234482,1.67230539,0.584070908,1.625507799,2.16232976,0.536821961,3.630961708,3.943529454,0.312567746,6.344703989,7.778164604,1.433460615,8.447574011,9.234954681,0.78738067,1.088234482,1.67230539,0.584070908,,,,,,,,,,,,,,,,,,,,,,,,,,,,,,,,,,,,,,,,,,,,,,,,,,,,,,,,,,,,,,,,,,,,,,,,,,,,,,,,,,,,,,,1.0,1.0,,,,,,,,,,,,,,,,,,,,,,,,,,,,,,,,,,,,,,,,,,2025,,,,,,1072.0,92.0,1164.0,208.0,102.0,47.0,35.0,14.0,2.0,18.0,8.0,3.0,3.0,1.0,227.0,111.0,52.0,40.0,16.0,4.0,,,240.8413642,65.07384963,305.9152139,,,,,,,
97.0,5.71,46.51,2.74,,,,,,,,,,,,,,,,,36.0,24.52941176,4.0,78.0,35.0,12.0,8.0,1.0,2.0,49.0,183.0,11.58333333,,,,,,1.0,1.0,12.0,5.0,26.0,,,17.0,,,,,,,,,,,,,,,,,10.84820573,1.911001778,0.103466999,0.130362041,0.085191594,36.0,18.0,9.0,7.0,3.0,17.05591676,,,0.069191878,0.002139955,25.12785159,10.81264056,0.103466999,0.000872277,,0.198244739,0.198244739,,0.111017054,0.111017054,0.111017054,17.0,Dawson Knox,BUF,FA,28,3930086,,FA,,{},"['WR/TE', 'TE', 'RB/WR/TE', 'OP', 'BE', 'IR']",,,,,,,,,,,,,,,,,,,,1.0,,,,,,,,,,,,,,,,,,,,,,,,,,,,,,,,,,,,,,,,,,,,,,,,,,,,1.0,,3.0,,,,,,,,,,,,,,,,,,,,,,,,,,,,,,,,,,,,,,,,,,,,,,,,,,,,,,,,,,,,,,,,,,,,,,,,,,,,,,,,,,,,,,,,,,,,,,,,,,,,,,,,,,,,,,,,,,,,,,,,,,,,,,,,,,,,,,,,,,,,,,,,,,,,,,,,,,,,,,,,,,,,,,,,2025,,,,,23.0,,,,,,,,,,,,,,,,,,,,,,,,,,,,,,8.604900533,,
49.0,2.88,72.82,4.28,,,,,,,,,,,,,,,,,,,,,,,,,,,,,,,,,,621.0,1203.0,6.0,11.0,,,,17.0,,,,,,,,,,,,,,,,,,,,,,,,,,,,,,,,,,,,,,,,,,,17.0,Bengals D/ST,CIN,FA,26,-16004,,FA,,{},"['D/ST', 'BE', 'IR']",,,,,,,,2058.0,196.0,73.0,0.424784419,0.161791399,1542.638154,254.62253,154.0,61.0,25.0,10.0,,,,,,,,,,,,,,,,,,,,,,,,,,,,,,,,,,,,,,,,,,,,,,,,,,,,,,,,,582.0,,,11.0,,,,,,,,,,,,,,,,,,,,,,,,,,,,,,,,,,,7.0,0.0,0.0,1.0,3.0,1.0,13.0,1.0,,34.0,68.0,1.0,,1.0,2.0,395.0,235.0,55.0,76.0,220.0,16.0,3.0,436.0,3.0,3.0,3.0,3.0,6475.0,0.0,0.0,2.0,4.0,5.0,3.0,0.0,2.0,1.0,0.0,0.0,1.0,3.0,3.0,3.0,3.0,3.0,0.076423576,0.33966034,1.613386613,2.037962038,0.11776729,1.769587768,12.74164242,7.290761546,1.790931028,0.234252021,39.16899974,78.33799948,1.212132276,0.557455492,2.473930877,11.21655623,1078.673606,359.0,215.0,73.51022197,411.553266,2.462537463,4.330669331,3.736263736,2.122877123,0.28021978,24.20901565,6205.69507,0.118786185,1.696945498,2.935715712,4.39508884,4.004791376,2.545418247,1.001197844,0.302056299,365.0408865,,,,,,,,,,,,1.0,1.0,,,,,,,,,,,,,,,,,,,,,,,,,,,,,,,,,,,2025,,,,,,,,,,,,,,,,,,,,,,,,,,,,,,,,,,,,,37.82890327
63.0,3.71,88.65,5.21,,,,,,,,,,,,,,,,,22.0,19.41176471,2.0,62.0,29.0,11.0,7.0,1.0,,39.0,65.0,15.0,,,,,,,,8.0,9.0,12.0,,,17.0,,,,,,,,,,,,,,,,,20.59910393,3.974771496,0.182475418,0.143593522,0.093838367,70.0,35.0,17.0,14.0,7.0,30.02629966,,,0.169529881,0.005243192,46.58329494,11.66260148,0.182475418,0.002355824,,0.535414542,0.535414542,,0.299832143,0.299832143,0.299832143,17.0,DeAndre Hopkins,BAL,FA,90,15795,,FA,,{},"['RB/WR', 'WR', 'WR/TE', 'RB/WR/TE', 'OP', 'BE', 'IR']",,,,,,,,,,,,,,,,,,,,,2.0,,,,,,,,,,,,,,,,,,,,,,,,,,,,,,,,,,,,,,,,,,,,,,,,,,,,,,,,,,,,,,,,,,,,,,,,,,,,,,,,,,,,,,,,,,,,,,,,,,,,,,,,,,,,,,,,,,,,,,,,,,,,,,,,,,,,,,,,,,,,,,,,,,,,,,,,,,,,,,,,,,,,,,,,,,,,,,,,,,,,,,,,,,,,,,,,,,,,,,,,,,,,,,,,,,,,,,,,,,,,,2025,,,,,15.0,,,,,,,,,,,,,,,,,,,,,,,,,,,,,,16.97634211,,
27.0,1.59,23.79,1.4,27.0,6.23529412,,19.0,9.0,4.0,2.0,1.0,,3.0,1.0,,,,,3.92592593,13.0,5.35294118,,15.0,5.0,2.0,1.0,,,17.0,106.0,7.0,,,,,,4.0,14.0,9.0,7.0,,,,17.0,19.77174656,5.108429143,0.592943792,0.0300316,17.0,8.0,4.0,3.0,1.0,3.0,1.0,0.036788474,0.025751932,0.026432066,0.000902025,4.392292566,2.789612099,0.252445118,0.014379165,0.036707233,0.023988177,9.0,4.0,2.0,1.0,,6.811851978,,,0.022621976,0.000699649,8.926680617,6.961896094,0.044410765,0.000836888,0.141464083,0.048737849,0.190201931,0.065073478,0.027293195,0.092366673,0.092366673,17.0,Chris Brooks,GB,FA,80,3149687,,FA,,{},"['RB', 'RB/WR', 'RB/WR/TE', 'OP', 'BE', 'IR']",,,,,,,,,,,,,,,,,,,,,,,,,,,,,,,,,,,,,,,,,,,,,,,,,,,,,,,,,,,,,,,,,,,,,,,,,,,10.0,,,,,,,,,,,,,,,,,,,,,,,,,,,,,,,,,,,,,,,,,,,,,,,,,,,,,1.0,,,,,,,,,,,,,,,,,,,,,,,,,,,,,,,,,,,,,,,,,,,,,,,,,,,,,,,,,,,,,,,,,,,,,,,,,,,,,,,,,,,,,,,,,,,,,,,,,,,,,,,,,,,,,,,,,,2025,,,,5.0,3.0,,,,,,,,,,,,,,,,,,,,,,,,,,,,,6.647518762,1.813915779,,
48.0,12.0,1.74,0.1,22.0,30.75,2.0,23.0,11.0,5.0,3.0,1.0,,3.0,1.0,,,,,5.59090909,,,,,,,,,,,,,2.0,2.0,2.0,1.0,1.0,,,2.0,2.0,30.0,,,4.0,0.391229642,0.115929365,0.014695865,0.000745484,,,,,,,,0.000717631,0.000502342,-4.54283e-06,-1.55029e-07,5.037448587,,,,,,,,,,,,,,,,,,0.015855553,0.00044526,0.00661279,,0.101195365,0.003041884,,0.048441519,0.167269649,17.0,Malik Willis,GB,FA,43,4242512,,FA,,{},"['QB', 'OP', 'BE', 'IR']",,,,,,,,,,,,,,,,,,,,,,35.0,30.0,5.0,105.5,3.0,83.0,40.0,20.0,15.0,7.0,3.0,4.0,1.0,,,,,,,,0.85714286,3.0,,1.0,,,2.0,5.041296593,3.230762235,1.810534358,2.140388033,0.237502112,7.0,3.0,1.0,1.0,,,,,0.072569161,0.047423947,0.057834841,0.007811971,0.015110069,0.11882813,0.640859385,0.554451173,0.094582575,0.045399636,,,,,1.0,1.0,,,,,,,,,,,,,,,,,,,,,,,,,,,,,,,,,,,,,,,,,,,,,,,,,,,,,,,,,,,,,,,,,,,,,,,,,,,,,,,,,,,,,,,,,,,,,,,,,,,,,,,,,,,,,,,,,,,,,,,,,,,,,,,,,,,,,,,,,,,,,,,,,,,,,,,,,,,,,,,,,,,,,2025,,,19.0,9.0,,,,,,,,,,,,,,,,,,,,,,,,,,,,,,2.173258659,,-2.170096205,
13.0,0.87,57.17,3.36,14.0,3.26666667,,8.0,3.0,1.0,1.0,,,,,,,,,3.5,9.0,3.73333333,,8.0,3.0,,,,,12.0,63.0,6.22222222,,1.0,,1.0,1.0,7.0,9.0,9.0,6.0,,,,15.0,56.23296006,14.15677521,1.888977846,0.062249088,48.0,24.0,12.0,9.0,4.0,11.0,5.0,0.106286571,0.0744006,0.148489338,0.005067371,4.279788549,4.48951458,0.475321669,0.032307246,0.042554986,0.027809683,15.0,7.0,3.0,3.0,1.0,10.6318757,,,0.035483205,0.001097419,13.73305656,7.178577895,0.094556334,0.002631247,0.50292371,0.09508698,0.598010691,0.231344907,0.053248709,0.284593616,0.284593616,17.0,Will Shipley,PHI,FA,96,4431545,,FA,,{},"['RB', 'RB/WR', 'RB/WR/TE', 'OP', 'BE', 'IR']",,,,,,,,777.0,70.0,23.0,0.285367271,,1036.333774,,103.0,41.0,,,,,,,,,,,,,,,,,,,,,,,,,,,,,,,,,,,,,,,,,,,,,,,,,,,,,,,,,,,2.0,,,1.0,,,,,,,,,,,,,,,,,,,,,,,,,,,,,,,,,,,,,,,,,,,,,,,,,,1.0,,,,,,,,,,,,,,,,,,,,,,,,,,,,,,,,,,,,,,,,,,,,,,,,,,,,,,,,,,,,,,,,,,,,,,,,,,,,,,,,,,,,,,,,,,,,,,,,,,,,,,,,,,,,,,,,,,2025,,,,4.0,2.0,,,,,,,,,,,,,,,,,,,,,,,,,,,,,15.02269465,3.572665785,,
106.0,6.24,126.72,7.45,,,,,,,,,,,,,,,,,,,,,,,,,,,,,,,,,,1.0,2.0,8.0,9.0,99.0,,,17.0,,,,,,,,,,,,,,,,,,,,,,,,,,,,,,,,,,,,,,,,,,,17.0,Ryan Fitzgerald,CAR,FA,25,4568263,,FA,,{},"['Rookie', 'K', 'BE', 'IR']",,,,,,,,,,,,,,,,,,,,,,,,,,,,,,,,,,,,,,,,,,,,,,,,,,,,,,,,,,,,,,,,,,,,,,,,,,,1.0,,,,2.0,5.0,8.0,9.0,1.0,14.0,15.0,1.0,24.0,29.0,5.0,27.0,30.0,3.0,2.0,5.0,4.746592129,7.137732525,2.391140396,7.069608678,9.229254148,2.159645471,15.73770425,16.83176926,1.094065002,27.55390506,33.19875593,5.644850868,33.1357342,35.66817459,2.532440396,4.746592129,7.137732525,2.391140396,,,,,,,,,,,,,,,,,,,,,,,,,,,,,,,,,,,,,,,,,,,,,,,,,,,,,,,,,,,,,,,,,,,,,,,,,,,,,,,,,,,,,,,3.0,3.0,,,,,,,,,,,,,,,,,,,,,,,,,,,,,,,,,,,,,,,,,,2025,,,,,,907.0,246.0,1153.0,175.0,83.0,38.0,29.0,9.0,3.0,47.0,22.0,9.0,8.0,3.0,223.0,107.0,49.0,38.0,13.0,3.0,,,1046.579493,259.1275776,1305.707071,,,,,,,
61.0,3.59,24.64,1.45,2.0,0.58823529,,1.0,,,,,,,,,,,,5.0,30.0,19.05882353,1.0,57.0,25.0,9.0,7.0,1.0,,43.0,139.0,10.8,,,,,,,,11.0,6.0,6.0,,,17.0,2.097953172,0.752635732,0.121699995,0.005865133,2.0,1.0,,,,,,0.003851847,0.002696293,0.000329884,1.12577e-05,6.098709743,6.371719067,0.696481318,0.041028286,0.164750324,0.107664337,21.0,10.0,5.0,4.0,2.0,8.754912604,,,0.055056385,0.001702775,13.87322646,12.37239354,0.046893419,0.000507367,0.022290548,0.093020094,0.115310642,0.010253652,0.052091252,0.062344905,0.062344905,17.0,Tre' Harris,LAC,FA,95,4686612,,FA,,{},"['Rookie', 'RB/WR', 'WR', 'WR/TE', 'RB/WR/TE', 'OP', 'BE', 'IR']",,,,,,,,,,,,,,,,,,,,1.0,,,,,,,,,,,,,,,,,,,,,,,,,,,,,,,,,,,,,,,,,,,,,,,,,,,,,,,,,,,,,,,,,,,,,,,,,,,,,,,,,,,,,,,,,,,,,,,,,,,,,,,,,,,,,,,,,,,,,,,,,,,,,,,,,,,,,,,,,,,,,,,,,,,,,,,,,,,,,,,,,,,,,,,,,,,,,,,,,,,,,,,,,,,,,,,,,,,,,,,,,,,,,,,,,,,,,,,,,,,,,,2025,,,,,18.0,,,,,,,,,,,,,,,,,,,,,,,,,,,,,2.722195434,4.117644534,,
23.0,1.35,4.69,0.28,,,,,,,,,,,,,,,,,10.0,5.41176471,1.0,18.0,7.0,3.0,2.0,,,23.0,25.0,9.2,,,,,,1.0,1.0,12.0,5.0,6.0,,,17.0,,,,,,,,,,,,,,,,,1.248174446,0.147499641,0.007978367,0.139109126,0.090907814,4.0,2.0,1.0,,,1.811701842,,,0.011994744,0.000370971,2.848615381,11.7121731,0.007978367,8.46963e-05,,0.019249156,0.019249156,,0.010779527,0.010779527,0.010779527,17.0,Konata Mumpfield,LAR,FA,144,4710855,,FA,,{},"['Rookie', 'RB/WR', 'WR', 'WR/TE', 'RB/WR/TE', 'OP', 'BE', 'IR']",,,,,,,,,,,,,,,,,,,,1.0,,,,,,,,,,,,,,,,,,,,,,,,,,,,,,,,,,,,,,,,,,,,,,,,,,,,,,,,,,,,,,,,,,,,,,,,,,,,,,,,,,,,,,,,,,,,,,,,,,,,,,,,,,,,,,,,,,,,,,,,,,,,,,,,,,,,,,,,,,,,,,,,,,,,,,,,,,,,,,,,,,,,,,,,,,,,,,,,,,,,,,,,,,,,,,,,,,,,,,,,,,,,,,,,,,,,,,,,,,,,,,2025,,,,,8.0,,,,,,,,,,,,,,,,,,,,,,,,,,,,,,-0.091312843,,
12.0,1.71,0.0,0.0,23.0,10.42857143,1.0,14.0,5.0,1.0,1.0,,,3.0,1.0,,,,,3.17391304,1.0,1.28571429,,1.0,,,,,,1.0,7.0,9.0,,,,,,1.0,3.0,7.0,,6.0,1.0,,7.0,,,,,,,,,,,,,,,,,,,,,,,,,,,,,,,,,,,,,,,,,,,,Terrell Jennings,NE,FA,98,4427600,,FA,,{},"['RB', 'RB/WR', 'RB/WR/TE', 'OP', 'BE', 'IR']",,,,,,,,59.0,5.0,1.0,,,,,,,,,,,,,,,,,,,,,,,,,,,,,,,,,,,,,,,,,,,,,,,,,,,,,,,,,,,,,,,,,2.0,,,,,,,,,,,,,,,,,,,,,,,,,,,,,,,,,,,,,,,,,,,,,,,,,,,,,,,,,,,,,,,,,,,,,,,,,,,,,,,,,,,,,,,,,,,,,,,,,,,,,,,,,,,,,,,,,,,,,,,,,,,,,,,,,,,,,,,,,,,,,,,,,,,,,,,,,,,,,,,,,,,,,,,2025,,,,8.0,,,,,,,,,,,,,,,,,,,,,,,,,,,,,,,,,
48.0,4.0,110.92,6.52,,,,,,,,,,,,,,,,,22.0,25.25,,58.0,26.0,11.0,7.0,2.0,1.0,37.0,54.0,13.77272727,,,,,,1.0,1.0,8.0,4.0,,,,12.0,,,,,,,,,,,,,,,,,29.58015977,3.275743934,0.177337879,0.159334261,0.104124939,100.0,50.0,25.0,20.0,10.0,41.65393686,,,0.391417322,0.01210569,65.33241413,12.07239349,0.177337879,0.003007108,,0.683433713,0.683433713,,0.38272288,0.38272288,0.38272288,17.0,Joshua Palmer,BUF,FA,107,4242433,,FA,,{},"['RB/WR', 'WR', 'WR/TE', 'RB/WR/TE', 'OP', 'BE', 'IR']",,,,,,,,,,,,,,,,,,,,,,,,,,,,,,,,,,,,,,,,,,,,,,,,,,,,,,,,,,,,,,,,,,,,,,,,,,,,,,,,,,,,,,,,,,,,,,,,,,,,,,,,,,,,,,,,,,,,,,,,,,,,,,,,,,,,,,,,,,,,,,,,,,,,,,,,,,,,,,,,,,,,,,,,,,,,,,,,,,,,,,,,,,,,,,,,,,,,,,,,,,,,,,,,,,,,,,,,,,,,,,,,,,,,,,,,,,,,,,,,,,2025,,,,,14.0,,,,,,,,,,,,,,,,,,,,,,,,,,,,,,23.55107982,,
63.0,7.88,56.52,3.32,,,,,,,,,,,,,,,,,13.0,20.125,5.0,30.0,14.0,5.0,4.0,,,22.0,33.0,12.38461538,,,,,,,,6.0,2.0,30.0,,,8.0,,,,,,,,,,,,,,,,,14.80588752,1.426158304,0.080798817,0.176571872,0.115389719,50.0,25.0,12.0,10.0,5.0,19.63347702,,,0.097732316,0.003022649,31.87152487,12.81994461,0.080798817,0.000917857,,0.208603781,0.208603781,,0.116818117,0.116818117,0.116818117,17.0,Tory Horton,SEA,FA,90,4597703,,FA,,{},"['Rookie', 'RB/WR', 'WR', 'WR/TE', 'RB/WR/TE', 'OP', 'BE', 'IR']",,,,,,,,,,,0.383656756,0.182783005,1393.279797,287.6584995,139.0,55.0,28.0,11.0,,1.0,3.0,,,,,,,,,,,,,,,,,,,,,,,,,,,,,,,,,,,,,,,,,,,,,,,,,,,,,1.0,,,,,,,,,,,,,,,,,,,,,,,,,,,,,,,,,,,,,,,,,,,,,,,,,,,1.0,,1.0,,,,,238.0,22.0,7.0,,,,,,,,,,,,,,,,,,,,,,,,,,,,,,,,,,,,,,,,,,,,,,,,,,,,,,,,,,,,,,,,,,,,,,,,,,,,,,,,,,,,,,,,,,,,,,,,,,,,,,,,,,,,2025,,,,,7.0,,,,,,,,,,,,,,,,,,,,,,,,,,,,,,10.84948626,,
54.0,3.18,48.45,2.85,44.0,8.88235294,,25.0,9.0,3.0,3.0,1.0,,4.0,2.0,,,,,3.43181818,25.0,10.11764706,1.0,31.0,14.0,6.0,4.0,,1.0,35.0,232.0,6.88,1.0,1.0,,,,,,6.0,11.0,6.0,,,17.0,50.63473756,12.33057164,1.723118787,0.099462642,41.0,20.0,10.0,8.0,4.0,10.0,5.0,0.095438658,0.066807061,0.113704805,0.003880309,4.139840116,3.752291443,0.401353418,0.021054468,0.040045939,0.026170021,12.0,6.0,3.0,2.0,1.0,9.0727465,,,0.030897844,0.000955603,11.73990469,7.030831792,0.12051711,0.002154762,0.415304378,0.074414355,0.489718733,0.191040014,0.041672039,0.232712052,0.232712052,17.0,Brashard Smith,KC,FA,63,4596602,,FA,,{},"['Rookie', 'RB', 'RB/WR', 'RB/WR/TE', 'OP', 'BE', 'IR']",,,,,,,,481.0,46.0,17.0,0.140011579,,508.463101,,50.0,20.0,,,,1.0,,,,,,,,,,,,,,,,,,,,,,,,1.0,,,,,,,,,,,,,,,,,,,,,,,,,,,,,,,,,,,,,,,,,,,,,,,,,,,,,,,,,,,,,,,,,,,,,,,,,,,,,,,,,,,,,,,,68.0,6.0,2.0,,,,,,,,,,,,,,,,,,,,,,,,,,,,,,,,,,,,,,,,,,,,,,,,,,,,,,,,,,,,,,,,,,,,,,,,,,,,,,,,,,,,,,,,,,,,,,,,,,,,,,,,,,,,2025,,,,5.0,8.0,,,,,,,,,,,,,,,,,,,,,,,,,,,,,13.51067662,2.841436771,,
122.0,7.18,128.2,7.54,,,,,,,,,,,,,,,,,,,,,,,,,,,,,,,,,,,,3.0,14.0,111.0,,,17.0,,,,,,,,,,,,,,,,,,,,,,,,,,,,,,,,,,,,,,,,,,,17.0,Chad Ryland,ARI,FA,20,4363538,,FA,,{},"['K', 'BE', 'IR']",,,,,,,,,,,,,,,,,,,,,,,,,,,,,,,,,,,,,,,,,,,,,,,,,,,,,,,,,,,,,,,,,,,,,,,,,,,,,,,6.0,10.0,7.0,10.0,3.0,12.0,13.0,1.0,25.0,33.0,8.0,36.0,36.0,,6.0,9.0,4.678739212,7.100810834,2.422071621,6.977051477,9.181513543,2.204462066,15.55418965,16.74470276,1.190513102,27.20998034,33.02702713,5.81704679,36.05172706,39.06343569,3.011708625,4.678739212,7.100810834,2.422071621,,,,,,,,,,,,,,,,,,,,,,,,,,,,,,,,,,,,,,,,,,,,,,,,,,,,,,,,,,,,,,,,,,,,,,,,,,,,,,,,,,,,,,,4.0,3.0,1.0,1.0,,,,,,,,,,,,,,,,,,,,,,,,,,,,,,,,,,,,,,,,2025,,,,,,1003.0,394.0,1397.0,196.0,96.0,45.0,36.0,14.0,3.0,75.0,36.0,16.0,12.0,4.0,274.0,135.0,64.0,51.0,22.0,7.0,,,1033.244924,265.7080536,1298.952977,,,,,,,
63.0,10.5,1.55,0.09,13.0,10.0,1.0,9.0,4.0,1.0,,,,,,,,,,4.61538462,,,,,,,,,,,,,1.0,1.0,,,1.0,,,5.0,1.0,36.0,,,6.0,0.214453528,0.044987371,0.007168987,0.000432874,,,,,,,,0.000393333,0.000275333,-4.1449e-06,-1.4145e-07,3.566205327,,,,,,,,,,,,,,,,,,0.013579548,0.000374727,0.002718198,,0.085165326,0.001250371,,0.040824993,0.213671546,17.0,Davis Mills,HOU,FA,41,4242546,,FA,,{},"['QB', 'OP', 'BE', 'IR']",,,,,,,,,,,,,,,,,,,,,,159.0,91.0,68.0,152.5,5.0,180.0,89.0,42.0,33.0,15.0,6.0,16.0,6.0,11.0,4.0,,,,1.0,1.0,0.57232704,8.0,,4.0,1.0,,,6.121307014,3.84328314,2.278023874,2.410333836,0.227366223,8.0,4.0,2.0,1.0,,,,,0.073053085,0.047740191,0.064956272,0.008773889,0.013146673,0.172846554,0.627853354,0.383398837,0.082447128,0.039574622,,,,,1.0,,,,,,,,,,,,,,,,,,,,,,,,,,,,,,,,,,,,,,,,,,,,,,,,,,,,,,,,,,,,,,,,,,,,,,,,,,,,,,,,,,,,,,,,,,,,,,,,,,,,,,,,,,,,,,,,,,,,,,,,,,,,,,,,,,,,,,,,,,,,,,,,,,,,,,,,,,,,,,,,,,,,,,2025,,,48.0,2.0,,,,,,,,,,,,,,,,,,,,,,,,,,,,,,2.1161862,,-1.907117588,
66.0,3.88,70.25,4.13,,,,,,,,,,,,,,,,,33.0,20.29411765,1.0,65.0,27.0,9.0,9.0,3.0,1.0,45.0,191.0,10.45454545,,,,,,1.0,1.0,6.0,11.0,6.0,,,17.0,,,,,,,,,,,,,,,,,18.28485883,1.889391387,0.099256,0.137502371,0.089857799,62.0,31.0,15.0,12.0,6.0,28.33194286,,,0.4338818,0.013419025,40.45220848,10.97145373,0.099256,0.002470337,,0.561440307,0.561440307,,0.314406572,0.314406572,0.314406572,17.0,JuJu Smith-Schuster,KC,FA,88,3120348,,FA,,{},"['RB/WR', 'WR', 'WR/TE', 'RB/WR/TE', 'OP', 'BE', 'IR']",,,,,,,,,,,,,,,,,,,,1.0,,,,,,,,,,,,,,,,,,,,,,,,,,,,,,,,,,,,,,,,,,,,,,,,,,,,,,,,,,,,,,,,,,,,,,,,,,,,,,,,,,,,,,,,,,,,,,,,,,,,,,,,,,,,,,,,,,,,,,,,,,,,,,,,,,,,,,,,,,,,,,,,,,,,,,,,,,,,,,,,,,,,,,,,,,,,,,,,,,,,,,,,,,,,,,,,,,,,,,,,,,,,,,,,,,,,,,,,,,,,,,2025,,,,,19.0,,,,,,,,,,,,,,,,,,,,,,,,,,,,,,14.65249522,,
39.0,2.44,57.45,3.38,,,,,,,,,,,,,,,,,20.0,14.0,,41.0,19.0,7.0,4.0,1.0,1.0,29.0,68.0,11.2,,,,,,2.0,3.0,3.0,13.0,,,,16.0,,,,,,,,,,,,,,,,,16.20498988,1.436087018,0.080463491,0.203590667,0.133046501,55.0,27.0,13.0,11.0,5.0,21.92379132,,,0.110629476,0.00342153,33.70065437,12.56556514,0.080463491,0.001024928,,0.232938147,0.232938147,,0.130445362,0.130445362,0.130445362,17.0,Jack Bech,LV,FA,120,4603186,,FA,,{},"['Rookie', 'RB/WR', 'WR', 'WR/TE', 'RB/WR/TE', 'OP', 'BE', 'IR']",,,,,,,,,,,,,,,,,,,,,,,,,,,,,,,,,,,,,,,,,,,,,,,,,,,,,,,,,,,,,,,,,,,,,,,,,,,1.0,,,,,,,,,,,,,,,,,,,,,,,,,,,,,,,,,,,,,,,,,,,,,,,,,,,,,,,,,,,,,,,,,,,,,,,,,,,,,,,,,,,,,,,,,,,,,,,,,,,,,,,,,,,,,,,,,,,,,,,,,,,,,,,,,,,,,,,,,,,,,,,,,,,,,,,,,,,,,,,,,,,,,,,2025,,,,,11.0,,,,,,,,,,,,,,,,,,,,,,,,,,,,,,12.03147427,,
33.0,3.0,8.93,0.53,,,,,,,,,,,,,,,,,14.0,9.81818182,2.0,18.0,7.0,3.0,2.0,,,22.0,86.0,7.71428571,,,,,,,,7.0,4.0,12.0,,,11.0,,,,,,,,,,,,,,,,,2.260874409,0.331837264,0.018864507,0.110994173,0.072534692,7.0,3.0,1.0,1.0,,3.939347461,,,0.020360375,0.000629702,5.433346586,9.756657755,0.018864507,0.000169607,,0.038547075,0.038547075,,0.021586362,0.021586362,0.021586362,17.0,Brock Wright,DET,FA,60,4242392,,FA,,{},"['WR/TE', 'TE', 'RB/WR/TE', 'OP', 'BE', 'IR']",,,,,,,,,,,,,,,,,,,,2.0,,,,,,,,,,,,,,,,,,,,,,,,,,,,,,,,,,,,,,,,,,,,,,,,,,,,,,,,,,,,,,,,,,,,,,,,,,,,,,,,,,,,,,,,,,,,,,,,,,,,,,,,,,,,,,,,,,,,,,,,,,,,,,,,,,,,,,,,,,,,,,,,,,,,,,,,,,,,,,,,,,,,,,,,,,,,,,,,,,,,,,,,,,,,,,,,,,,,,,,,,,,,,,,,,,,,,,,,,,,,,,2025,,,,,7.0,,,,,,,,,,,,,,,,,,,,,,,,,,,,,,0.943773265,,
72.0,4.8,94.96,5.59,,,,,,,,,,,,,,,,,31.0,25.2,1.0,72.0,35.0,16.0,9.0,1.0,2.0,49.0,147.0,12.19354839,,,,,,3.0,4.0,12.0,3.0,6.0,,,15.0,,,,,,,,,,,,,,,,,24.99699704,3.100888776,0.1646896,0.172913553,0.112999007,84.0,42.0,21.0,16.0,8.0,34.42311057,,,0.256324569,0.007927564,54.12309418,12.34487362,0.1646896,0.001609266,,0.365742197,0.365742197,,0.20481563,0.20481563,0.20481563,17.0,Pat Bryant,DEN,FA,82,4600981,,FA,,{},"['Rookie', 'RB/WR', 'WR', 'WR/TE', 'RB/WR/TE', 'OP', 'BE', 'IR']",,,,,,,,,,,,,,,,,,,,,1.0,,,,,,,,,,,,,,,,,,,,,,,,,,,,,,,,,,,,,,,,,,,,,,,,,,,,,,1.0,,,,,,,,,,,,,,,,,,,,,,,,,,,,,,,,,,,,,,,,,,,,,,,,,,,,,,,,,,,,,,,,,,,,,,,,,,,,,,,,,,,,,,,,,,,,,,,,,,,,,,,,,,,,,,,,,,,,,,,,,,,,,,,,,,,,,,,,,,,,,,,,,,,,,,,,,,,,,,,,,,,,,,,2025,,,,,22.0,,,,,,,,,,,,,,,,,,,,,,,,,,,,,,19.68287897,,
74.0,4.93,103.53,6.09,17.0,5.93333333,,11.0,4.0,1.0,1.0,,,,,,,,,5.23529412,26.0,26.4,2.0,75.0,34.0,14.0,10.0,2.0,,38.0,214.0,15.23076923,1.0,1.0,1.0,1.0,1.0,1.0,1.0,6.0,8.0,12.0,,,15.0,20.78669528,7.451684209,0.688995277,0.041576102,25.0,12.0,6.0,5.0,2.0,4.0,2.0,0.038554732,0.026988312,0.040809551,0.001392673,6.094216991,22.35958172,2.657023726,0.139352613,0.194626859,0.127188652,76.0,38.0,19.0,15.0,7.0,29.19580662,,,0.198753563,0.006147017,47.0400062,13.01943441,0.180928714,0.00439846,0.415733906,0.583916132,0.999650038,0.191237597,0.326993034,0.518230631,0.518230631,17.0,KaVontae Turpin,DAL,FA,81,3676833,,FA,,{},"['RB/WR', 'WR', 'WR/TE', 'RB/WR/TE', 'OP', 'BE', 'IR']",,1.0,1.0,,,,,1814.0,175.0,66.0,0.413274254,0.404854047,1337.967312,263.020104,133.0,53.0,26.0,10.0,,,,,,,,,,,,,,,,,,,,,,,,,,1.0,,,,,,,,,,,,,,,,,,,,,,,,,,,,,,1.0,,,,,,,,,,,,,,,,,,,,,,,,,,,,,,,,,,,,,,,,,,,,,,,,,,,,,,,,,,55.0,3.0,1.0,,,,,,,,,,,,,,,,,,,,,,,,,,,,,,,,,,,,,,,,,,,,,,,,,,,,,,,,,,,,,,,,1.0,,,,,,,,,,,,,,,,,,,,,,,,,,,,,,,,,,,,,,,,,,,,2025,,,,3.0,16.0,,,,,,,,,,,,,,,,,,,,,,,,,,,,,8.125839562,17.07349799,,
68.0,4.53,84.64,4.98,,,,,,,,,,,,,,,,,34.0,19.2,3.0,53.0,22.0,10.0,8.0,,2.0,41.0,174.0,8.47058824,,3.0,,3.0,3.0,,,5.0,10.0,18.0,,,15.0,,,,,,,,,,,,,,,,,20.49287191,2.358720842,0.089320196,0.113719408,0.074315633,69.0,34.0,17.0,13.0,6.0,36.65047769,,,0.165325661,0.005113165,48.97814722,9.505437432,0.089320196,0.001380726,,0.313801368,0.313801368,,0.175728766,0.175728766,0.175728766,17.0,Noah Fant,CIN,FA,39,4036131,,FA,,{},"['WR/TE', 'TE', 'RB/WR/TE', 'OP', 'BE', 'IR']",,,,,,3.0,3.0,,,,,,,,,,,,,2.0,1.0,,,,,,,,,,,,,,,,,,,,,,,,,,,,,,,,,,,,,,,,,,,,,,,,,,,,,,,,,,,,,,,,,,,,,,,,,,,,,,,,,,,,,,,,,,,,,,,,,,,,,,,,,,,,,,,,,,,,,,,,,,,,,,,,,,,,,,,,,,,,,,,,,,,,,,,,,,,,,,,,,,,,,,,,,,,,,,,,,,,,,,,,,,,,,,,,,,,,,,,,,,,,,,,,,,,,,,,,,,,,,2025,,,,,13.0,,,,,,,,,,,,,,,,,,,,,,,,,,,,,,17.77558154,,
69.0,4.93,20.12,1.18,1.0,0.42857143,,1.0,,,,,,,,,,,,6.0,30.0,23.71428571,2.0,61.0,27.0,10.0,7.0,1.0,1.0,46.0,67.0,11.06666667,,,,,,1.0,1.0,8.0,5.0,12.0,,,14.0,,,,,,,,,,,,,,,,,5.526825013,0.719413359,0.041020026,0.134952645,0.088191554,18.0,9.0,4.0,3.0,1.0,6.876463113,,,0.041164673,0.001273134,12.66182939,13.66342314,0.041020026,0.000605129,,0.137529262,0.137529262,,0.077016387,0.077016387,0.077016387,17.0,Dontayvion Wicks,GB,FA,85,4428850,,FA,,{},"['RB/WR', 'WR', 'WR/TE', 'RB/WR/TE', 'OP', 'BE', 'IR']",,,,,,1.0,,,,,,,,,,,,,,1.0,1.0,,,,,,,,,,,,,,,,,,,,,,,,,,,,,,,,,,,,,,,,,,,,,,,,,,,,,,,,,,,,,,,,,,,,,,,,,,,,,,,,,,,,,,,,,,,,,,,,,,,,,,,,,,,,,,,,,,,,,,,,,,,,,,,,,,,,,,,,,,,,,,,,,,,,,,,,,,,,,,,,,,,,,,,,,,,,,,,,,,,,,,,,,,,,,,,,,,,,,,,,,,,,,,,,,,,,,,,,,,,,,2025,,,,,21.0,,,,,,,,,,,,,,,,,,,,,,,,,,,,,,3.302780528,,
28.0,4.0,79.65,4.69,47.0,27.57142857,1.0,36.0,16.0,8.0,4.0,1.0,,8.0,2.0,,,,,4.10638298,5.0,4.28571429,,4.0,1.0,,,,,5.0,35.0,6.0,,,,,,,,1.0,6.0,6.0,,,7.0,99.89544333,25.16350099,2.352231888,0.121776609,85.0,42.0,21.0,17.0,8.0,19.0,9.0,0.193182139,0.135227497,0.471613156,0.016094348,4.282272571,5.40722234,0.299896322,0.017466887,0.040946843,0.026758762,18.0,9.0,4.0,3.0,1.0,12.69615579,,,0.040768045,0.001260867,16.70259675,7.240205723,0.139243496,0.003544539,0.714737932,0.09083922,0.805577152,0.328779449,0.050869963,0.379649412,0.379649412,17.0,Kendre Miller,NO,FA,78,4599739,,FA,,{},"['RB', 'RB/WR', 'RB/WR/TE', 'OP', 'BE', 'IR']",,,,,,,,393.0,37.0,13.0,0.083977713,,304.971694,,30.0,12.0,,,,,,,,,,,,,,,,,,,,,,,,,,,,,,,,,,,,,,,,,,,,,,,,,,,,,,,,,,,,1.0,,,,,,,,,,,,,,,,,,,,,,,,,,,,,,,,,,,,,,,,,,,,,,,,,,,,,,,,,,,,,,,,,,,,,,,,,,,,,,,,,,,,,,,,,,,,,,,,,,,,,,,,,,,,,,,,,,,,,,,,,,,,,,,,,,,,,,,,,,,,,,,,,,,,,,,,,,,,,,,,,,,,,,2025,,,,9.0,1.0,,,,,,,,,,,,,,,,,,,,,,,,,,,,,24.33866203,4.4016644,,
77.0,4.81,36.34,2.14,4.0,1.5625,,3.0,1.0,,,,,,,,,,,6.25,39.0,19.5625,2.0,56.0,25.0,10.0,6.0,1.0,3.0,65.0,138.0,8.02564103,,,,,,,,11.0,5.0,12.0,,,16.0,2.177069638,0.772169174,0.111970937,0.005709973,2.0,1.0,,,,,,0.003997291,0.002798103,0.00035149,1.1995e-05,6.029607748,8.851023358,0.880962689,0.050503969,0.092069405,0.060167356,30.0,15.0,7.0,6.0,3.0,14.63173727,,,0.063242941,0.001955967,22.0526431,10.28363169,0.056213942,0.001479175,0.043541393,0.292634745,0.336176138,0.020029041,0.163875457,0.183904498,0.183904498,17.0,Olamide Zaccheaus,CHI,FA,77,3917914,,FA,,{},"['RB/WR', 'WR', 'WR/TE', 'RB/WR/TE', 'OP', 'BE', 'IR']",,,,,,,,,,,,,,,,,,,,1.0,,,,,,,,,,,,,,,,,,,,,,,,,,,,,,,,,,,,,,,,,,,,,,,,,,,,,,1.0,,,,,,,,,,,,,,,,,,,,,,,,,,,,,,,,,,,,,,,,,,,,,,,,,,,,,,,,,,,,,,,,,,,,,,,,,,,,,,,,,,,,,,,,,,,,,,,,,,,,,,,,,,,,,,,,,,,,,,,,,,,,,,,,,,,,,,,,,,,,,,,,,,,,,,,,,,,,,,,,,,,,,,,,2025,,,,1.0,15.0,,,,,,,,,,,,,,,,,,,,,,,,,,,,,2.73096138,6.694885277,,
94.0,5.53,23.23,1.37,2.0,0.76470588,,3.0,1.0,,,,,,,,,,,6.5,29.0,26.11764706,4.0,84.0,38.0,16.0,12.0,2.0,1.0,53.0,112.0,15.31034483,,,,,,5.0,5.0,9.0,8.0,26.0,,,17.0,2.334206122,0.791807872,0.12103367,0.007023265,2.0,1.0,,,,,,0.004286799,0.003000759,0.000431274,1.47177e-05,5.766728867,5.472878868,0.754947446,0.028720249,0.098668105,0.064479607,18.0,9.0,4.0,3.0,1.0,8.002236671,,,0.040979605,0.00126741,13.27024623,11.62661698,0.035743514,0.000857556,0.044012676,0.150886353,0.194899029,0.020245831,0.084496358,0.104742189,0.104742189,17.0,Jalen Nailor,MIN,FA,62,4382466,,FA,,{},"['RB/WR', 'WR', 'WR/TE', 'RB/WR/TE', 'OP', 'BE', 'IR']",,,,1.0,1.0,,,,,,,0.017997721,,28.32428259,,,2.0,1.0,,2.0,1.0,,,,,,,,,,,,,,,,,,,,,,,,,,,,,,,,,,,,,,,,,,,,,,,,,,,1.0,,1.0,,,,1.0,,,,,,,,,,,,,,,,,,,,,,,,,,,,,,,,,,,1.0,,,,,,,,,,,,,,,,,,,,,,,,,,,,,,,,,,,,,,,,,,,,,,,,,,,,,,,,,,,,,,,,,,,,,,,,,,,,,,,,,,,,,,,,,,,,,,,,,,,,,,,,,,,,,,,,,,,,,,,,,,,,,,,,,2025,,,,1.0,23.0,,,,,,,,,,,,,,,,,,,,,,,,,,,,,2.758537024,3.548622294,,
25.0,3.57,0.0,0.0,,,,,,,,,,,,,,,,,10.0,16.42857143,1.0,20.0,9.0,4.0,3.0,1.0,1.0,19.0,17.0,11.5,,,,,,,,2.0,5.0,6.0,,,7.0,,,,,,,,,,,,,,,,,,,,,,,,,,,,,,,,,,,,,,,,,,,,Isaiah Hodgins,NYG,FA,140,4242540,,FA,,{},"['RB/WR', 'WR', 'WR/TE', 'RB/WR/TE', 'OP', 'BE', 'IR']",,,,,,,,,,,,,,,,,,,,,,,,,,,,,,,,,,,,,,,,,,,,,,,,,,,,,,,,,,,,,,,,,,,,,,,,,,1.0,,,,,,,,,,,,,,,,,,,,,,,,,,,,,,,,,,,,,,,,,,,,,,,,,,,,,,,,,,,,,,,,,,,,,,,,,,,,,,,,,,,,,,,,,,,,,,,,,,,,,,,,,,,,,,,,,,,,,,,,,,,,,,,,,,,,,,,,,,,,,,,,,,,,,,,,,,,,,,,,,,,,,,,,2025,,,,,6.0,,,,,,,,,,,,,,,,,,,,,,,,,,,,,,,,
124.0,11.27,1.51,0.09,36.0,5.45454545,,10.0,4.0,1.0,,,,3.0,,,,,,1.66666667,,,,,,,,,,,,,1.0,4.0,,2.0,8.0,1.0,1.0,8.0,3.0,78.0,,,11.0,0.234829635,0.043541081,0.00699712,0.000231085,,,,,,,,0.00043071,0.000301497,-4.05816e-06,-1.38489e-07,3.152065464,,,,,,,,,,,,,,,,,,0.010792423,0.000295051,0.002536434,,0.067057159,0.00116676,,0.032136708,0.189759351,17.0,Mac Jones,SF,FA,30,4241464,,FA,,{},"['QB', 'OP', 'BE', 'IR']",,,,,,,,,,,,,,,,,,,,,,289.0,201.0,88.0,195.54545455,13.0,426.0,211.0,103.0,82.0,38.0,17.0,36.0,15.0,14.0,5.0,1.0,,3.0,1.0,6.0,0.69550173,16.0,3.0,8.0,5.0,,,5.607452611,3.731766188,1.875686423,2.232985912,0.206472555,7.0,3.0,1.0,1.0,,,,,0.072734305,0.047531868,0.060282174,0.008142541,0.010561338,0.157622644,0.665501155,0.366043613,0.064520725,0.030969948,,,,,,,,,,,,,,,,,,,,,,,,,,,,,,,,,,,,,,,,,,,,,,,,,,,,,,,,,,,,,,,,,,,,,,,,,,,,,,,,,,,,,,,,,,,,,,,,,,,,,,,,,,,,,,,,,,,,,,,,,,,,,,,,,,,,,,,,,,,,,,,,,,,,,,,,,,,,,,,,,,,,,,,,,,,2025,,,107.0,11.0,,,,,,,,,,,,,,,,,,,,,,,,,,,,,,2.1164658,,-2.015696594,
48.0,3.69,26.63,1.57,59.0,26.23076923,1.0,64.0,30.0,11.0,9.0,2.0,,5.0,,,,,,5.77966102,9.0,4.84615385,,10.0,3.0,1.0,,,,12.0,85.0,7.0,1.0,1.0,,,,,,7.0,6.0,6.0,,,13.0,36.28228869,9.714445554,1.059814743,0.041496653,33.0,16.0,8.0,6.0,3.0,7.0,3.0,0.067854394,0.047498076,0.069448922,0.002370025,4.551685695,0.781311748,0.086115889,0.003953821,0.049722138,0.032493417,2.0,1.0,,,,1.75095819,,,0.007742457,0.000239457,2.275896202,7.585732081,0.045450474,0.001197339,0.259594704,0.012527861,0.272122565,0.119413564,0.007015602,0.126429166,0.126429166,17.0,Keaton Mitchell,BAL,FA,67,4596334,,FA,,{},"['RB', 'RB/WR', 'RB/WR/TE', 'OP', 'BE', 'IR']",,,,,,,,591.0,55.0,17.0,0.192378008,,698.6359252,,69.0,27.0,,,,,,,,,,,,,,,,,,,,,,,,,,,,1.0,,,,,,,,,,,,,,,,,,,,,,,,,,,,,,,,1.0,,,,,,,,,,,,,,,,,,,,,,,,,,,,,,,,,,,,,,,,,,,,,,,,,,,,,,,,,,,,,,,,,,,,,,,,,,,,,,,,,,,,,,,,,,,,,,,,,,,,,,,,,,,,,,,,,,,,,,,,,,,,,,,,,,,,,,,,,,,,,,,,,,,,,,,,,,,,,,,,,,,,,,2025,,,,16.0,2.0,,,,,,,,,,,,,,,,,,,,,,,,,,,,,10.64254151,-0.349121215,,
67.0,3.94,99.09,5.83,,,,,,,,,,,,,,,,,32.0,17.11764706,1.0,53.0,23.0,9.0,6.0,1.0,1.0,55.0,79.0,9.09375,,,,,,,,2.0,15.0,6.0,,,17.0,,,,,,,,,,,,,,,,,24.56322466,3.156645775,0.167768142,0.102608174,0.067054442,83.0,41.0,20.0,16.0,8.0,39.47825819,,,0.245930093,0.007606085,60.11114354,10.57733645,0.167768142,0.002688482,,0.611018689,0.611018689,,0.342170466,0.342170466,0.342170466,17.0,Tyler Lockett,LV,FA,87,2577327,,FA,,{},"['RB/WR', 'WR', 'WR/TE', 'RB/WR/TE', 'OP', 'BE', 'IR']",,,,,,,,,,,,,,,,,,,,1.0,,,,,,,,,,,,,,,,,,,,,,,,,,,,,,,,,,,,,,,,,,,,,,,,,,,,,,,,,,,,,,,,,,,,,,,,,,,,,,,,,,,,,,,,,,,,,1.0,,,,,1.0,,,,,,,,,1.0,,,,,,,,,,,,,,,,,,,,,,,,,,,,,,,,,,,,,,,,,,,,,,,,,,,,,,,,,,,,,,,,,,,,,,,,,,,,,1.0,,,,,,,,,,,,,,,,,,,,,,,,,,,,,,,,,,,,,,2025,,,,,14.0,,,,,,,,,,,,,,,,,,,,,,,,,,,,,,20.65456412,,
93.0,10.33,0.0,0.0,,,,,,,,,,,,,,,,,,,,,,,,,,,,,,,,,,,,5.0,4.0,74.0,,,9.0,,,,,,,,,,,,,,,,,,,,,,,,,,,,,,,,,,,,,,,,,,,,Zane Gonzalez,ATL,FA,28,3043234,,FA,,{},"['K', 'BE', 'IR']",,,,,,,,,,,,,,,,,,,,,,,,,,,,,,,,,,,,,,,,,,,,,,,,,,,,,,,,,,,,,,,,,,,,,,,,,,,,,,,7.0,9.0,8.0,8.0,,4.0,5.0,1.0,19.0,22.0,3.0,17.0,18.0,1.0,7.0,9.0,,,,,,,,,,,,,,,,,,,,,,,,,,,,,,,,,,,,,,,,,,,,,,,,,,,,,,,,,,,,,,,,,,,,,,,,,,,,,,,,,,,,,,,,,,,,,,,,,,,,,,,,,2.0,2.0,,,,,,,,,,,,,,,,,,,,,,,,,,,,,,,,,,,,,,,,,,2025,,,,,,854.0,137.0,991.0,167.0,81.0,39.0,30.0,13.0,4.0,27.0,13.0,5.0,5.0,2.0,194.0,95.0,46.0,35.0,15.0,5.0,,,,,,,,,,,,
56.0,11.2,132.5,7.79,,,,,,,,,,,,,,,,,,,,,,,,,,,,,,,,,,,,4.0,1.0,53.0,,,5.0,,,,,,,,,,,,,,,,,,,,,,,,,,,,,,,,,,,,,,,,,,,17.0,Spencer Shrader,IND,FA,33,4571557,,FA,,{},"['K', 'BE', 'IR']",,,,,,,,,,,,,,,,,,,,,,,,,,,,,,,,,,,,,,,,,,,,,,,,,,,,,,,,,,,,,,,,,,,,,,,,,,,,,,,1.0,2.0,2.0,2.0,,10.0,10.0,,13.0,14.0,1.0,14.0,14.0,,1.0,2.0,4.953474505,7.13271183,2.179237325,7.336456722,9.222762273,1.886305552,16.2223651,16.81992976,0.597564658,28.51229633,33.17540386,4.663107535,34.37827981,35.86776699,1.489487186,4.953474505,7.13271183,2.179237325,,,,,,,,,,,,,,,,,,,,,,,,,,,,,,,,,,,,,,,,,,,,,,,,,,,,,,,,,,,,,,,,,,,,,,,,,,,,,,,,,,,,,,,1.0,1.0,,,,,,,,,,,,,,,,,,,,,,,,,,,,,,,,,,,,,,,,,,2025,,,,,,456.0,51.0,507.0,91.0,45.0,21.0,16.0,7.0,2.0,10.0,5.0,2.0,2.0,1.0,101.0,50.0,23.0,18.0,8.0,3.0,,,1084.299129,220.4895051,1304.788634,,,,,,,
28.0,7.0,29.19,3.24,1.0,0.25,,,,,,,,,,,,,,1.0,12.0,44.5,,34.0,16.0,6.0,5.0,2.0,1.0,15.0,59.0,14.83333333,,,,,,,,1.0,3.0,,,,4.0,1.19783441,0.873562607,0.048006803,0.003222505,1.0,,,,,,,0.002199429,0.0015396,0.000244799,8.35406e-06,6.563564539,13.8923557,1.20457025,0.058472195,0.095783949,0.062594811,25.0,12.0,6.0,5.0,2.0,9.776972365,,,0.047268811,0.001461922,15.74665483,12.78833535,0.0616947,0.000910517,0.022585794,0.184349922,0.206935715,0.010389465,0.103235956,0.113625421,0.113625421,9.0,Jalen McMillan,TB,FA,132,4430834,,FA,,{},"['RB/WR', 'WR', 'WR/TE', 'RB/WR/TE', 'OP', 'BE', 'IR']",,,,1.0,1.0,,,,,,,,,,,,,,,,,,,,,,,,,,,,,,,,,,,,,,,,,,,,,,,,,,,,,,,,,,,,,,,,,,,,,,,,,,,,,,,,,,,,,,,,,,,,,,,,,,,,,,,,,,,,,,,,,,,,,,,,,,,,,,,,,,,,,,,,,,,,,,,,,,,,,,,,,,,,,,,,,,,,,,,,,,,,,,,,,,,,,,,,,,,,,,,,,,,,,,,,,,,,,,,,,,,,,,,,,,,,,,,,,,,,,,,,,,,,,2025,,,,,8.0,,,,,,,,,,,,,,,,,,,,,,,,,,,,,1.470962259,5.560262016,,
30.0,7.5,0.0,0.0,8.0,4.75,,3.0,,,,,,,,,,,,2.375,1.0,-1.5,,,,,,,,1.0,,-6.0,2.0,3.0,,,3.0,,,1.0,3.0,18.0,,,4.0,,,,,,,,,,,,,,,,,,,,,,,,,,,,,,,,,,,,,,,,,,,,Quinn Ewers,MIA,FA,48,4889929,,FA,,{},"['Rookie', 'QB', 'OP', 'BE', 'IR']",,,,,,,,,,,,,,,,,,,,,,83.0,55.0,28.0,155.5,3.0,123.0,61.0,29.0,23.0,11.0,4.0,10.0,4.0,4.0,1.0,1.0,1.0,,,3.0,0.6626506,8.0,1.0,1.0,1.0,,,,,,,,,,,,,,,,,,,,,,,,,,,,,,,,,,,,,,,,,,,,,,,,,,,,,,,,,,,,,,,,,,,,,,,,,,,,,,,,,,,,,,,,,,,,,,,,,,,,,,,,,,,,,,,,,,,,,,,,,,,,,,,,,,,,,,,,,,,,,,,,,,,,,,,,,,,,,,,,,,,,,,,,,,,,,,,,,,,,,,,,,,,,,,,,,,,,2025,,,36.0,1.0,,,,,,,,,,,,,,,,,,,,,,,,,,,,,,,,,
98.0,5.76,130.47,7.67,,,,,,,,,,,,,,,,,,,,,,,,,,,,,,,,,,1.0,1.0,3.0,14.0,87.0,,,17.0,,,,,,,,,,,,,,,,,,,,,,,,,,,,,,,,,,,,,,,,,,,17.0,Daniel Carlson,LV,FA,27,3051909,,FA,,{},"['K', 'BE', 'IR']",,,,,,,,,,,,,,,,,,,,,,,,,,,,,,,,,,,,,,,,,,,,,,,,,,,,,,,,,,,,,,,,,,,,,,,,,,,,,,,5.0,8.0,6.0,8.0,2.0,11.0,11.0,,22.0,27.0,5.0,21.0,22.0,1.0,4.0,7.0,4.986573074,7.160880998,2.174307924,7.382932703,9.259185663,1.87625296,16.31835139,16.88635659,0.5680052,28.68785716,33.30642325,4.618566084,31.66651613,32.97348381,1.30696768,4.986573074,7.160880998,2.174307924,,,,,,,,,,,,,,,,,,,,,,,,,,,,,,,,,,,,,,,,,,,,,,,,,,,,,,,,,,,,,,,,,,,,,,,,,,,,,,,,,,,,,,,3.0,3.0,1.0,,,,,,,,1.0,30.0,,,30.0,,1.0,,1.0,,,,,,,,,,,,,,,,,,,,,,,,,2025,,,,,,869.0,265.0,1134.0,169.0,82.0,38.0,28.0,10.0,3.0,50.0,23.0,10.0,8.0,3.0,220.0,106.0,50.0,37.0,14.0,5.0,,,1091.057459,218.8841671,1309.941626,,,,,,,
7.0,0.58,6.36,0.37,17.0,3.91666667,,6.0,3.0,,,,,2.0,,,,,,2.76470588,4.0,1.08333333,,1.0,,,,,,4.0,16.0,3.25,,,,,,5.0,11.0,7.0,5.0,,,,12.0,4.195906344,1.011377884,0.207597803,0.010004837,3.0,1.0,,,,,,0.007712493,0.005398745,0.000641165,2.18805e-05,4.097666301,0.871451583,0.062571927,0.003685027,0.037972431,0.024814984,2.0,1.0,,,,2.181734357,,,0.008584249,0.000265492,2.791004238,6.790321132,0.013689865,0.000276619,0.041361411,0.021506584,0.062867994,0.019026249,0.012043687,0.031069936,0.031069936,17.0,Hassan Haskins,LAC,FA,111,4372071,,FA,,{},"['RB', 'RB/WR', 'RB/WR/TE', 'OP', 'BE', 'IR']",,,,,,,,197.0,18.0,6.0,0.099086432,,365.8701319,,36.0,14.0,,,,,,,,,,,,,,,,,,,,,,,,,,,,,,,,,,,,,,,,,,,,,,,,,,,,,,,,,,,6.0,,,,,,,,,,,,,,,,,,,,,,,,,,,,,,,,,,,,,,,,,,,,,,,,,,,,,,,,,,,,,,,,,,,,,,,,,,,,,,,,,,,,,,,,,,,,,,,,,,,,,,,,,,,,,,,,,,,,,,,,,,,,,,,,,,,,,,,,,,,,,,,,,,,,,,,,,,,,,,,,,,,,,,,2025,,,,4.0,,,,,,,,,,,,,,,,,,,,,,,,,,,,,,3.06221045,-0.218303662,,
63.0,3.71,36.58,2.15,6.0,0.70588235,,2.0,,,,,,,,,,,,2.0,26.0,17.17647059,2.0,53.0,25.0,9.0,8.0,3.0,1.0,35.0,99.0,11.23076923,,,,,,,,12.0,5.0,12.0,,,17.0,,,,,,,,,,,,,,,,,9.935351386,0.942651044,0.049457357,0.167608747,0.109532316,33.0,16.0,8.0,6.0,3.0,13.75893064,,,0.070626601,0.002184328,21.59906131,12.27573407,0.049457357,0.000643224,,0.146187298,0.146187298,,0.081864887,0.081864887,0.081864887,17.0,Jaylin Noel,HOU,FA,90,4586312,,FA,,{},"['Rookie', 'RB/WR', 'WR', 'WR/TE', 'RB/WR/TE', 'OP', 'BE', 'IR']",,1.0,,,,,,799.0,75.0,29.0,0.126544752,0.07815266,459.5572585,122.9943499,45.0,18.0,12.0,4.0,,1.0,,,,,,,,,,,,,,,,,,,,,,,,,,,,,,,,,,,,,,,,,,,,,,,,,,,,,,,,,,,,,,,,,,,,,,,,,,,,,,,,,,,,,,,,,,,,,,,,,,,,,,,,,,,,,,,,335.0,27.0,6.0,,,,,,,,,,,,,,,,,,,,,,,,,,,,,,,,,,,,,,,,,,,,,,,,,,,,,,,,,,,,,,,,,,,,,,,,,,,,,,,,,,,,,,,,,,,,,,,,,,,,,,,,,,,,2025,,,,,13.0,,,,,,,,,,,,,,,,,,,,,,,,,,,,,,7.029494939,,
37.0,3.7,0.0,0.0,52.0,25.0,2.0,46.0,22.0,11.0,5.0,2.0,1.0,6.0,2.0,1.0,,1.0,,4.80769231,2.0,1.6,,3.0,1.0,,,,,5.0,6.0,8.0,,,,,,2.0,7.0,5.0,5.0,12.0,1.0,,10.0,,,,,,,,,,,,,,,,,,,,,,,,,,,,,,,,,,,,,,,,,,,,Malik Davis,DAL,FA,73,4240603,,FA,,{},"['RB', 'RB/WR', 'RB/WR/TE', 'OP', 'BE', 'IR']",,,,,,,,,,,,,,,,,,,,,,,,,,,,,,,,,,,,,,,,,,,,,,,,,,,,,,,,,,,,,,,,,,,,,,,,,,,5.0,,,,,,,,,,,,,,,,,,,,,,,,,,,,,,,,,,,,,,,,,,,,,,,,,,,,,1.0,,,,,,,,,,,,,,,,,,,,,,,,,,,,,,,,,,,,,,,,,,,,,,,,,,,,,,,,,,,,,,,,,,,,,,,,,,,,,,,,,,,,,,,,,,,,,,,,,,,,,,,,,,,,,,,,,,2025,,,,11.0,,,,,,,,,,,,,,,,,,,,,,,,,,,,,,,,,
42.0,14.0,0.0,0.0,7.0,7.66666667,1.0,4.0,2.0,,,,,,,,,,,3.28571429,1.0,11.0,1.0,6.0,3.0,1.0,1.0,,,1.0,20.0,33.0,,1.0,,1.0,3.0,,,,3.0,24.0,1.0,1.0,3.0,,,,,,,,,,,,,,,,,,,,,,,,,,,,,,,,,,,,,,,,,,,,Jameis Winston,NYG,FA,46,2969939,,FA,,{},"['QB', 'OP', 'BE', 'IR']",,,,,,,,,,,,,,,,,,,,,,66.0,37.0,29.0,189.0,2.0,113.0,56.0,28.0,22.0,11.0,5.0,6.0,2.0,5.0,2.0,,,1.0,,2.0,0.56060606,3.0,,,1.0,,1.0,,,,,,,,,,,,,,,,,,,,,,,,,,,,,,,,,,,,,,,,,,,,,,,,,,,,,,,,,,,,,,,,,,,,,,,,,,,,,,,,,,,,,,,,,,,,,,,,,,,,,,,,,,,,,,,,,,,,,,,,,,,,,,,,,,,,,,,,,,,,,,,,,,,,,,,,,,,,,,,,,,,,,,,,,,,,,,,,,,,,,,,,,,,,,,,,,,2025,,,25.0,3.0,1.0,,,,,,,,,,,,,,,,,,,,,,,,,,,,,,,,
77.0,5.5,42.58,2.5,,,,,,,,,,,,,,,,,19.0,31.28571429,3.0,84.0,40.0,17.0,12.0,4.0,1.0,37.0,59.0,23.05263158,,,,,,1.0,1.0,6.0,8.0,18.0,,,14.0,,,,,,,,,,,,,,,,,11.35620283,1.492327534,0.07841604,0.153576876,0.100362489,38.0,19.0,9.0,7.0,3.0,14.16622264,,,0.141599594,0.004379369,24.78004238,13.62787054,0.07841604,0.001175291,,0.267111528,0.267111528,,0.149582456,0.149582456,0.149582456,17.0,Tyquan Thornton,KC,FA,77,4362921,,FA,,{},"['RB/WR', 'WR', 'WR/TE', 'RB/WR/TE', 'OP', 'BE', 'IR']",,1.0,,,,,,475.0,43.0,17.0,0.10000827,,363.1879293,,36.0,14.0,,,,1.0,,,,,,,,,,,,,,,,,,,,,,,,,,,,,,,,,,,,,,,,,,,,,,,,,,,,,,1.0,,,,1.0,,,,,,,,,,,,,,,,,,,,,,,,,,,,,,,,,,,,,,,,,,,,,,,,,,,,,,,,,,,,,,,,,,,,,,,,,,,,,,,,,,,,,,,,,,,,,,,,,,,,,,,,,,,,,,,,,,,,,,,,,,,,,,,,,,,,,,,,,,,,,,,,,,,,,,,,,,,,,,,,,,,,2025,,,,,15.0,,,,,,,,,,,,,,,,,,,,,,,,,,,,,,8.013187179,,
68.0,6.8,123.86,7.29,,,,,,,,,,,,,,,,,25.0,28.1,3.0,53.0,25.0,10.0,7.0,1.0,1.0,36.0,140.0,11.24,,,,,,,,9.0,1.0,18.0,,,10.0,,,,,,,,,,,,,,,,,28.38319104,4.009403224,0.216887267,0.078082262,0.051026758,96.0,48.0,24.0,19.0,9.0,51.92044652,,,0.351680249,0.010876709,74.0639999,9.293337791,0.216887267,0.002222662,,0.505150357,0.505150357,,0.2828842,0.2828842,0.2828842,17.0,Tyler Higbee,LAR,FA,39,2573401,,FA,,{},"['WR/TE', 'TE', 'RB/WR/TE', 'OP', 'BE', 'IR']",,,,,,,,,,,,,,,,,,,,2.0,1.0,,,,,,,,,,,,,,,,,,,,,,,,,,,,,,,,,,,,,,,,,,,,,,,,,,,,,,,,,,,,,,,,,,,,,,,,,,,,,,,,,,,,,,,,,,,,,,,,,,,,,,,,,,,,,,,,,,,,,,,,,,,,,,,,,,,,,,,,,,,,,,,,,,,,,,,,,,,,,,,,,,,,,,,,,,,,,,,,,,,,,,,,,,,,,,,,,,,,,,,,,,,,,,,,,,,,,,,,,,,,,2025,,,,,17.0,,,,,,,,,,,,,,,,,,,,,,,,,,,,,,25.63002968,,
0.0,0.0,52.08,4.01,,,,,,,,,,,,,,,,,,,,,,,,,,,,,,,,,,,,,,,,,,40.5447519,12.92661461,1.192832898,0.06056864,33.0,16.0,8.0,6.0,3.0,8.0,4.0,0.076504772,0.05355334,0.094759605,0.003233782,4.144703868,8.276790894,0.668305727,0.038180962,0.029189085,0.019075067,21.0,10.0,5.0,4.0,2.0,15.19258851,,,0.042530179,0.001315366,20.16151571,7.082287626,0.098749602,0.002193361,0.36261504,0.135876059,0.498491099,0.166802918,0.076090593,0.242893511,0.242893511,13.0,MarShawn Lloyd,GB,FA,0,4429023,,FA,,{},"['RB', 'RB/WR', 'RB/WR/TE', 'OP', 'BE', 'IR']",,,,,,,,,,,,,,,,,,,,,,,,,,,,,,,,,,,,,,,,,,,,,,,,,,,,,,,,,,,,,,,,,,,,,,,,,,,,,,,,,,,,,,,,,,,,,,,,,,,,,,,,,,,,,,,,,,,,,,,,,,,,,,,,,,,,,,,,,,,,,,,,,,,,,,,,,,,,,,,,,,,,,,,,,,,,,,,,,,,,,,,,,,,,,,,,,,,,,,,,,,,,,,,,,,,,,,,,,,,,,,,,,,,,,,,,,,,,,,,,,,2025,,,,,,,,,,,,,,,,,,,,,,,,,,,,,,,,,,10.61107149,5.824120994,,
12.0,3.0,1.52,0.1,8.0,2.0,,1.0,,,,,,,,,,,,1.0,,,,,,,,,,,,,,,,,1.0,,,3.0,1.0,6.0,,,4.0,0.227747879,0.055566771,0.008300657,0.000273641,,,,,,,,0.000417727,0.000292409,-4.12645e-06,-1.4082e-07,3.65975554,,,,,,,,,,,,,,,,,,0.013802224,0.000241,0.002452971,,0.054772783,0.001128367,,0.026241876,0.155227201,15.0,Tanner McKee,PHI,FA,55,4685201,,FA,,{},"['QB', 'OP', 'BE', 'IR']",,,,,,,,,,,,,,,,,,,,,,43.0,24.0,19.0,68.5,1.0,54.0,27.0,13.0,10.0,4.0,2.0,4.0,2.0,3.0,1.0,,,,,1.0,0.55813953,3.0,,,1.0,,,4.517933374,2.847605972,1.670327402,2.076338744,0.188298402,6.0,3.0,1.0,1.0,,,,,0.063931431,0.04177919,0.049533875,0.006690728,0.013528583,0.128985324,0.630289501,0.339737532,0.052319812,0.02511351,,,,,,,,,,,,,,,,,,,,,,,,,,,,,,,,,,,,,,,,,,,,,,,,,,,,,,,,,,,,,,,,,,,,,,,,,,,,,,,,,,,,,,,,,,,,,,,,,,,,,,,,,,,,,,,,,,,,,,,,,,,,,,,,,,,,,,,,,,,,,,,,,,,,,,,,,,,,,,,,,,,,,,,,,,,2025,,,16.0,1.0,,,,,,,,,,,,,,,,,,,,,,,,,,,,,,1.876394262,,-1.947096719,
49.0,5.44,26.78,1.58,,,,,,,,,,,,,,,,,11.0,22.55555556,3.0,38.0,18.0,7.0,5.0,2.0,,15.0,69.0,18.45454545,,,,,,2.0,5.0,3.0,6.0,20.0,,1.0,9.0,,,,,,,,,,,,,,,,,6.903444571,0.828302066,0.045692077,0.125084884,0.081742972,23.0,11.0,5.0,4.0,2.0,10.68611952,,,0.048688194,0.00150582,16.14937434,10.98233624,0.045692077,0.000886566,,0.201492366,0.201492366,,0.112835725,0.112835725,0.112835725,17.0,Luke McCaffrey,WSH,FA,105,4426948,,FA,,{},"['RB/WR', 'WR', 'WR/TE', 'RB/WR/TE', 'OP', 'BE', 'IR']",,1.0,,,,,,769.0,71.0,27.0,0.042726978,,155.1663932,,15.0,6.0,,,,1.0,,,,,,,,,,,,,,,,,,,,,,,,,,,,,,,,,,,,,,,,,,,,,,,,,,,,1.0,,,3.0,,,,,,,,,,,,,,,,,,,,,,,,,,,,,,,,,,,,,,,,,,,,,,,,,,,,,,,,,,,,,,,,,,,,,,,,,,,,,,,,,,,,,,,,,,,,,,,,,,,,,,,,,,,,,,,,,,,,,,,,,,,,,,,,,,,,,,,,,,,,,,,,,,,,,,,,,,,,,,,,,,,,,,,2025,,,,,6.0,,,,,,,,,,,,,,,,,,,,,,,,,,,,,,4.861003198,,
-2.0,-0.5,1.89,0.11,6.0,0.5,,1.0,,,,,,,,,,,,0.33333333,,,,,,,,,,,,,,,,,1.0,,,2.0,2.0,,,,4.0,0.260935736,0.048323207,0.010468022,0.000604443,,,,,,,,0.000478599,0.00033502,-4.32879e-06,-1.47725e-07,3.148263769,,,,,,,,,,,,,,,,,,0.016787132,0.000462593,0.003938944,,0.105134736,0.001811914,,0.050385894,0.207029126,17.0,Gardner Minshew,KC,FA,81,4038524,,FA,,{},"['QB', 'OP', 'BE', 'IR']",,,,,,,,,,,,,,,,,,,,,,13.0,6.0,7.0,9.25,,7.0,3.0,1.0,,,,,,1.0,,,,,,1.0,0.46153846,,,,,,,6.194108097,3.936960269,2.257147828,2.518184116,0.300762032,8.0,4.0,2.0,1.0,,,,,0.073248654,0.047867996,0.067789693,0.00915661,0.016182689,0.156643231,0.635597605,0.509617653,0.101195792,0.04857398,,,,,,,,,,,,,,,,,,,,,,,,,,,,,,,,,,,,,,,,,,,,,,,,,,,,,,,,,,,,,,,,,,,,,,,,,,,,,,,,,,,,,,,,,,,,,,,,,,,,,,,,,,,,,,,,,,,,,,,,,,,,,,,,,,,,,,,,,,,,,,,,,,,,,,,,,,,,,,,,,,,,,,,,,,,2025,,,2.0,,,,,,,,,,,,,,,,,,,,,,,,,,,,,,,2.123384383,,-1.808704326,
0.0,0.0,33.17,1.95,,,,,,,,,,,,,,,,,,,,,,,,,,,,,,,,,,2.0,4.0,10.0,4.0,,,,14.0,43.71965148,11.2554535,1.599465064,0.052811657,38.0,19.0,9.0,7.0,3.0,8.0,4.0,0.082089033,0.057462323,0.093512576,0.003191225,4.376583596,0.931595044,0.075796917,0.003186025,0.055372571,0.036185975,3.0,1.0,,,,2.081673283,,,0.009140815,0.000282706,2.637195532,7.607877702,0.055997682,0.002663258,0.577775579,0.027510283,0.605285862,0.265776767,0.015405759,0.281182525,0.281182525,17.0,Isaac Guerendo,SF,FA,136,4372561,,FA,,{},"['RB', 'RB/WR', 'RB/WR/TE', 'OP', 'BE', 'IR']",,,,,,,,100.0,7.0,1.0,0.245096295,,890.0865453,,89.0,35.0,,,,,,,,,,,,,,,,,,,,,,,,,,,,,,,,,,,,,,,,,,,,,,,,,,,,,,,,,,,2.0,,,1.0,,,,,,,,,,,,,,,,,,,,,,,,,,,,,,,,,,,,,,,,,,,,,,,,,,,,,,,,,,,,,,,,,,,,,,,,,,,,,,,,,,,,,,,,,,,,,,,,,,,,,,,,,,,,,,,,,,,,,,,,,,,,,,,,,,,,,,,,,,,,,,,,,,,,,,,,,,,,,,,,,,,,2025,,,,,,,,,,,,,,,,,,,,,,,,,,,,,,,,,,12.38124998,-0.207508122,,
69.0,4.31,12.99,0.76,,,,,,,,,,,,,,,,,31.0,22.75,1.0,70.0,32.0,14.0,8.0,2.0,,43.0,229.0,11.74193548,,2.0,,1.0,1.0,,,9.0,7.0,8.0,,,16.0,,,,,,,,,,,,,,,,,3.221044276,0.395773616,0.021278365,0.08456943,0.055266123,10.0,5.0,2.0,2.0,1.0,5.648313205,,,0.027358251,0.000846131,8.241557521,9.694531926,0.021278365,0.000303983,,0.069086935,0.069086935,,0.038688683,0.038688683,0.038688683,17.0,Darnell Washington,PIT,FA,37,4430802,,FA,,{},"['WR/TE', 'TE', 'RB/WR/TE', 'OP', 'BE', 'IR']",,,,,,2.0,1.0,,,,,,,,,,,,,1.0,,,,,,,,,,,,,,,,,,,,,,,,,,,,,,,,,,,,,,,,,,,,,,,,,,,,1.0,,,,,,,,,,,,,,,,,,,,,,,,,,,,,,,,,,,,,,,,,,,,,,,,,,,,,,,,,,,,,,,,,,,,,,,,,,,,,,,,,,,,,,,,,,,,,,,,,,,,,,,,,,,,,,,,,,,,,,,,,,,,,,,,,,,,,,,,,,,,,,,,,,,,,,,,,,,,,,,,,,,,,,,,,,2025,,,,,16.0,,,,,,,,,,,,,,,,,,,,,,,,,,,,,,1.809568708,,
27.0,3.38,19.35,1.14,37.0,23.375,1.0,34.0,16.0,7.0,3.0,,,5.0,,,,,,5.05405405,4.0,3.375,,5.0,1.0,,,,,6.0,39.0,6.75,,,,,,,,7.0,1.0,6.0,1.0,,8.0,21.83825536,5.706923592,0.501250212,0.029301533,19.0,9.0,4.0,3.0,1.0,4.0,2.0,0.040526342,0.028368439,0.023716817,0.000809364,4.442557313,1.54806429,0.157787086,0.008382278,0.033747759,0.02205416,5.0,2.0,1.0,1.0,,4.489822575,,,0.014587986,0.000451175,5.412835396,5.861499536,0.037683811,0.000824219,0.155377745,0.031944791,0.187322536,0.071473763,0.017889083,0.089362846,0.089362846,17.0,Jaleel McLaughlin,DEN,FA,80,4722893,,FA,,{},"['RB', 'RB/WR', 'RB/WR/TE', 'OP', 'BE', 'IR']",,,,,,,,28.0,2.0,1.0,,,,,,,,,,,,,,,,,,,,,,,,,,,,,,,,,,,,,,,,,,,,,,,,,,,,,,,,,,,,,,,,,,,,,,,,,,,,,,,,,,,,,,,,,,,,,,,,,,,,,,,,,,,,,,,,,,,,,,,,,,,,,,,,,,,,,,,,,,,,,,,,,,,,,,,,,,,,,,,,,,,,,,,,,,,,,,,,,,,,,,,,,,,,,,,,,,,,,,,,,,,,,,,,,,,,,,,,,,,,,,,,,,,,,,,,2025,,,,8.0,2.0,,,,,,,,,,,,,,,,,,,,,,,,,,,,,7.048250095,0.663912237,,
72.0,4.5,43.16,2.54,,,,,,,,,,,,,,,,,30.0,21.6875,2.0,65.0,28.0,10.0,7.0,,1.0,48.0,149.0,11.56666667,,,,,,,1.0,11.0,5.0,14.0,,,16.0,,,,,,,,,,,,,,,,,9.997194097,1.099731808,0.06308156,0.074102577,0.048426034,33.0,16.0,8.0,6.0,3.0,20.70810024,,,0.064508632,0.001995112,26.43964567,8.207044476,0.06308156,0.001086117,,0.246844869,0.246844869,,0.138233127,0.138233127,0.138233127,17.0,Cole Kmet,CHI,FA,36,4258595,,FA,,{},"['WR/TE', 'TE', 'RB/WR/TE', 'OP', 'BE', 'IR']",,,,,,,,,,,,,,,,,,,,,1.0,1.0,,1.0,,,,,,,,,,,,,,,,,,,,,,,,,,,,,,,,,,,,,,,,,,,,,,,,1.0,,1.0,1.0,,,,,,,,,,,,,,,,,,,,,,,,,,,,,,,,,,,,,,,,,,,,,,,,,,,,,,,,,,,,,,,,,,,,,,,,,,,,,,,,,,,,,,,,,,,,,,,,,,,,,,,,,,,,,,,,,,,,,,,,,,,,,,,,,,,,,,,,,,,,,,,,,,,,,,,,,,,,,,,,,,,,,,,2025,,,,,17.0,,,,,,,,,,,,,,,,,,,,,,,,,,,,,,8.706664063,,
0.0,0.0,0.0,0.0,,,,,,,,,,,,,,,,,,,,,,,,,,,,,,,,,,,,,,,,,,,,,,,,,,,,,,,,,,,,,,,,,,,,,,,,,,,,,,,,,,,,,Amari Cooper,LV,FA,0,2976499,,FA,,{},"['RB/WR', 'WR', 'WR/TE', 'RB/WR/TE', 'OP', 'BE', 'IR']",,,,,,,,,,,,,,,,,,,,,,,,,,,,,,,,,,,,,,,,,,,,,,,,,,,,,,,,,,,,,,,,,,,,,,,,,,,,,,,,,,,,,,,,,,,,,,,,,,,,,,,,,,,,,,,,,,,,,,,,,,,,,,,,,,,,,,,,,,,,,,,,,,,,,,,,,,,,,,,,,,,,,,,,,,,,,,,,,,,,,,,,,,,,,,,,,,,,,,,,,,,,,,,,,,,,,,,,,,,,,,,,,,,,,,,,,,,,,,,,,,2025,,,,,,,,,,,,,,,,,,,,,,,,,,,,,,,,,,,,,
31.0,3.88,0.0,0.0,,,,,,,,,,,,,,,,,13.0,17.5,1.0,26.0,12.0,4.0,4.0,1.0,,23.0,56.0,10.76923077,,,,,,,,4.0,4.0,6.0,,,8.0,,,,,,,,,,,,,,,,,,,,,,,,,,,,,,,,,,,,,,,,,,,,Kevin Austin Jr.,NO,FA,129,4372758,,FA,,{},"['RB/WR', 'WR', 'WR/TE', 'RB/WR/TE', 'OP', 'BE', 'IR']",,,,,,,,,,,,,,,,,,,,,,,,,,,,,,,,,,,,,,,,,,,,,,,,,,,,,,,,,,,,,,,,,,,,,,,,,,1.0,,,,,,,,,,,,,,,,,,,,,,,,,,,,,,,,,,,,,,,,,,,,,,,,,,,,,,,,,,,,,,,,,,,,,,,,,,,,,,,,,,,,,,,,,,,,,,,,,,,,,,,,,,,,,,,,,,,,,,,,,,,,,,,,,,,,,,,,,,,,,,,,,,,,,,,,,,,,,,,,,,,,,,,,2025,,,,,7.0,,,,,,,,,,,,,,,,,,,,,,,,,,,,,,,,
16.0,1.07,108.56,6.39,,,,,,,,,,,,,,,,,11.0,5.93333333,,15.0,5.0,1.0,,,,20.0,28.0,8.09090909,,,,,,5.0,7.0,6.0,9.0,,,,15.0,,,,,,,,,,,,,,,,,28.81818225,4.447115095,0.237849753,0.210331067,0.137451352,97.0,48.0,24.0,19.0,9.0,33.97651917,,,0.366397152,0.011331871,59.46937288,14.4190491,0.237849753,0.00232357,,0.52808398,0.52808398,,0.295727029,0.295727029,0.295727029,17.0,Nick Westbrook-Ikhine,None,FA,158,3929785,,FA,,{},"['RB/WR', 'WR', 'WR/TE', 'RB/WR/TE', 'OP', 'BE', 'IR']",,,,,,,,,,,,,,,,,,,,,,,,,,,,,,,,,,,,,,,,,,,,,,,,,,,,,,,,,,,,,,,,,,,,,,,,,,,2.0,,,,,,,,,,,,,,,,,,,,,,,,,,,,,,,,,,,,,,,,,,,,,,,,,,,,,,,,,,,,,,,,,,,,,,,,,,,,,,,,,,,,,,,,,,,,,,,,,,,,,,,,,,,,,,,,,,,,,,,,,,,,,,,,,,,,,,,,,,,,,,,,,,,,,,,,,,,,,,,,,,,,,,,2025,,,,,7.0,,,,,,,,,,,,,,,,,,,,,,,,,,,,,,21.92292512,,
18.0,4.5,0.0,0.0,27.0,23.0,1.0,17.0,8.0,4.0,2.0,,,4.0,1.0,,,,,3.40740741,3.0,5.25,,3.0,1.0,,,,,4.0,14.0,7.0,,,,,,,,2.0,2.0,6.0,1.0,,4.0,,,,,,,,,,,,,,,,,,,,,,,,,,,,,,,,,,,,,,,,,,,,Raheim Sanders,CLE,FA,90,4601080,,FA,,{},"['Rookie', 'RB', 'RB/WR', 'RB/WR/TE', 'OP', 'BE', 'IR']",,,,,,,,,,,,,,,,,,,,,,,,,,,,,,,,,,,,,,,,,,,,,,,,,,,,,,,,,,,,,,,,,,,,,,,,,,,,,,,,,,,,,,,,,,,,,,,,,,,,,,,,,,,,,,,,,,,,,,,,,,,,,,,,,,,,,,,,,,,,,,,,,,,,,,,,,,,,,,,,,,,,,,,,,,,,,,,,,,,,,,,,,,,,,,,,,,,,,,,,,,,,,,,,,,,,,,,,,,,,,,,,,,,,,,,,,,,,,,,,,,2025,,,,7.0,,,,,,,,,,,,,,,,,,,,,,,,,,,,,,,,,
43.0,2.87,106.67,6.27,6.0,2.0,,3.0,,,,,,,,,,,,5.0,20.0,15.13333333,1.0,43.0,19.0,7.0,7.0,3.0,1.0,37.0,31.0,11.35,1.0,1.0,1.0,1.0,1.0,,,11.0,4.0,6.0,,,15.0,,,,,,,,,,,,,,,,,30.3451585,2.684430731,0.147513852,0.20153558,0.131703501,103.0,51.0,25.0,20.0,10.0,40.14681193,,,0.418666212,0.01294844,63.29297525,12.84953075,0.147513852,0.003532919,,0.802936239,0.802936239,,0.449644294,0.449644294,0.449644294,17.0,Dyami Brown,JAX,FA,116,4361577,,FA,,{},"['RB/WR', 'WR', 'WR/TE', 'RB/WR/TE', 'OP', 'BE', 'IR']",,,,,,,,106.0,10.0,3.0,,,,,,,,,,1.0,,,,,,,,,,,,,,,,,,,,,,,,1.0,,,,,,,,,,,,,,,,,,,,,,,,,,,,,,,,,,,,,,,,,,,,,,,,,,,,,,,,,,,,,,,,,,,,,,,,,,,,,,,,,,,,,,,,,,,,,,,,,,,,,,,,,,,,,,,,,,,,,,,,,,,,,,,,,,,,,,,,,,,,,,,,,,,,,,,,,,1.0,,,,,,,,,,,,,,,,,,,,,,,,,,,,,,,,,,,,,,,,,,,,2025,,,,2.0,13.0,,,,,,,,,,,,,,,,,,,,,,,,,,,,,,23.32438546,,
3.0,0.6,50.32,2.96,14.0,7.2,,7.0,3.0,1.0,,,,1.0,,,,,,2.57142857,,,,,,,,,,1.0,,,,,,,,,,3.0,2.0,,,,5.0,56.46867373,13.69571021,1.475580677,0.089150538,46.0,23.0,11.0,9.0,4.0,11.0,5.0,0.109418979,0.076593286,0.256952786,0.008768813,4.123119214,4.06496739,0.254977646,0.013387069,0.034569357,0.022591075,13.0,6.0,3.0,2.0,1.0,10.32831425,,,0.030815882,0.000953069,13.63295699,6.690776827,0.102537607,0.002992579,0.574968063,0.105163632,0.680131695,0.264485309,0.058891634,0.323376943,0.323376943,17.0,Dameon Pierce,KC,FA,121,4360238,,FA,,{},"['RB', 'RB/WR', 'RB/WR/TE', 'OP', 'BE', 'IR']",,,,,,,,92.0,9.0,2.0,0.172836957,,330.6601559,,33.0,13.0,,,,,,,,,,,,,,,,,,,,,,,,,,,,,,,,,,,,,,,,,,,,,,,,,,,,,,,,,,,,,,,,,,,,,,,,,,,,,,,,,,,,,,,,,,,,,,,,,,,,,,,,,,,,,,,,,,,,,,,,,,,,,,,,,,,,,,,,,,,,,,,,,,,,,,,,,,,,,,,,,,,,,,,,,,,,,,,,,,,,,,,,,,,,,,,,,,,,,,,,,,,,,,,,,,,,,,,,,,,,,,,,,,2025,,,,1.0,,,,,,,,,,,,,,,,,,,,,,,,,,,,,,14.46417054,3.214347124,,
28.0,2.8,112.98,6.65,,,,,,,,,,,,,,,,,6.0,19.2,1.0,35.0,16.0,7.0,5.0,2.0,,15.0,67.0,32.0,,,,,,,,6.0,4.0,6.0,,,10.0,4.471510914,1.520756634,0.235506409,0.012855307,5.0,2.0,1.0,1.0,,,,0.008220338,0.005754236,0.001544556,5.27098e-05,5.781683925,31.59524713,2.320559268,0.125498023,0.173735898,0.11353641,107.0,53.0,26.0,21.0,10.0,43.16849117,,,0.466117868,0.014416017,68.36676914,12.44238996,0.13835333,0.003299616,0.07038712,0.679525518,0.749912638,0.032378075,0.38053429,0.412912365,0.412912365,17.0,Tutu Atwell,LAR,FA,132,4360797,,FA,,{},"['RB/WR', 'WR', 'WR/TE', 'RB/WR/TE', 'OP', 'BE', 'IR']",,1.0,1.0,,,,,,,,,,,,,,,,,,,,,,,,,,,,,,,,,,,,,,,,,,,,,,,,,,,,,,,,,,,,,,,,,,,,,,,,,,,,,,,,,,,,,,,,,,,,,,,,,,,,,,,,,,,,,,,,,,,,,,,,,,,,,,,,,,,,,,,,,,,,,,,,,,,,,,,,,,,,,,,,,,,,,,,,,,,,,,,,,,,,,,,,,,,,,,,,,,,,,,,,,,,,,,,,,,,,,,,,,,,,,,,,,,,,,,,,,,,,,,,2025,,,,,4.0,,,,,,,,,,,,,,,,,,,,,,,,,,,,,3.392148943,24.45036629,,
66.0,13.2,1.93,0.11,11.0,11.4,,9.0,4.0,1.0,1.0,,,,,,,,,5.18181818,,,,,,,,,,,,,1.0,3.0,,,5.0,,,2.0,3.0,36.0,,,5.0,0.307070983,0.065171282,0.009065468,0.000526523,,,,,,,,0.000563233,0.000394263,-5.02011e-06,-1.71317e-07,3.607998959,,,,,,,,,,,,,,,,,,0.011964219,0.000442505,0.004532453,,0.100569209,0.002084928,,0.048182571,0.173335778,17.0,Carson Wentz,MIN,FA,39,2573079,,FA,,{},"['QB', 'OP', 'BE', 'IR']",,,,,,,,,,,,,,,,,,,,,,169.0,110.0,59.0,243.2,6.0,241.0,120.0,58.0,46.0,22.0,10.0,21.0,9.0,10.0,3.0,,,2.0,1.0,5.0,0.65088757,19.0,2.0,3.0,3.0,,,6.059429064,3.859475255,2.199953809,2.429923447,0.297974001,8.0,4.0,2.0,1.0,,,,,0.073088558,0.047763373,0.065471187,0.008843441,0.011437696,0.125153207,0.636937113,0.447003907,0.096036756,0.046097643,,,,,,,,,,,,,,,,,,,,,,,,,,,,,,,,,,,,,,,,,,,,,,,,,,,,,,,,,,,,,,,,,,,,,,,,,,,,,,,,,,,,,,,,,,,,,,,,,,,,,,,,,,,,,,,,,,,,,,,,,,,,,,,,,,,,,,,,,,,,,,,,,,,,,,,,,,,,,,,,,,,,,,,,,,,2025,,,58.0,3.0,,,,,,,,,,,,,,,,,,,,,,,,,,,,,,2.134812611,,-1.865257082,
28.0,2.8,7.78,2.59,,,,,,,,,,,,,,,,,14.0,12.0,1.0,20.0,8.0,3.0,1.0,,1.0,29.0,28.0,8.57142857,,1.0,,,,,,8.0,2.0,6.0,,,10.0,,,,,,,,,,,,,,,,,14.83026922,0.249889482,0.010521767,0.086330475,0.056416966,8.0,4.0,2.0,1.0,,2.306695064,,,0.017943964,0.000554968,4.32146306,19.28768494,0.010521767,0.000169783,,0.038587035,0.038587035,,0.02160874,0.02160874,0.02160874,3.0,Marquez Valdes-Scantling,PIT,FA,132,3051738,,FA,,{},"['RB/WR', 'WR', 'WR/TE', 'RB/WR/TE', 'OP', 'BE', 'IR']",,,,,,1.0,,,,,,,,,,,,,,,,,,,,,,,,,,,,,,,,,,,,,,,,,,,,,,,,,,,,,,,,,,,,,,,,,,,,1.0,,,,,,,,,,,,,,,,,,,,,,,,,,,,,,,,,,,,,,,,,,,,,,,,,,,,,,,,,,,,,,,,,,,,,,,,,,,,,,,,,,,,,,,,,,,,,,,,,,,,,,,,,,,,,,,,,,,,,,,,,,,,,,,,,,,,,,,,,,,,,,,,,,,,,,,,,,,,,,,,,,,,,,,,2025,,,,,6.0,,,,,,,,,,,,,,,,,,,,,,,,,,,,,,1.651947523,,
4.0,0.67,0.0,0.0,19.0,8.0,,7.0,3.0,,,,,2.0,,,,,,2.52631579,1.0,1.0,,1.0,,,,,,1.0,10.0,6.0,,,,,,,,4.0,2.0,,,,6.0,,,,,,,,,,,,,,,,,,,,,,,,,,,,,,,,,,,,,,,,,,,,Evan Hull,NO,FA,118,4569609,,FA,,{},"['RB', 'RB/WR', 'RB/WR/TE', 'OP', 'BE', 'IR']",,,,,,,,179.0,16.0,6.0,,,,,,,,,,,,,,,,,,,,,,,,,,,,,,,,,,,,,,,,,,,,,,,,,,,,,,,,,,,,,,,,,,,,,,,,,,,,,,,,,,,,,,,,,,,,,,,,,,,,,,,,,,,,,,,,,,,,,,,,,,,,,,,,,,,,,,,,,,,,,,,,,,,,,,,,,,,,,,,,,,,,,,,,,,,,,,,,,,,,,,,,,,,,,,,,,,,,,,,,,,,,,,,,,,,,,,,,,,,,,,,,,,,,,,,,2025,,,,2.0,,,,,,,,,,,,,,,,,,,,,,,,,,,,,,,,,
5.0,0.71,0.0,0.0,16.0,7.42857143,,10.0,4.0,2.0,1.0,,,2.0,1.0,,,,,3.25,1.0,0.57142857,,,,,,,,4.0,9.0,4.0,,,,,,1.0,2.0,1.0,6.0,,,,7.0,,,,,,,,,,,,,,,,,,,,,,,,,,,,,,,,,,,,,,,,,,,,Khalil Herbert,NYJ,FA,116,4035886,,FA,,{},"['RB', 'RB/WR', 'RB/WR/TE', 'OP', 'BE', 'IR']",,,,,,,,22.0,2.0,,,,,,,,,,,,,,,,,,,,,,,,,,,,,,,,,,,,,,,,,,,,,,,,,,,,,,,,,,,,,,,,,,1.0,,,,,,,,,,,,,,,,,,,,,,,,,,,,,,,,,,,,,,,,,,,,,,,,,,,,,,,,,,,,,,,,,,,,,,,,,,,,,,,,,,,,,,,,,,,,,,,,,,,,,,,,,,,,,,,,,,,,,,,,,,,,,,,,,,,,,,,,,,,,,,,,,,,,,,,,,,,,,,,,,,,,,,,2025,,,,2.0,,,,,,,,,,,,,,,,,,,,,,,,,,,,,,,,,
0.0,0.0,0.0,0.0,,,,,,,,,,,,,,,,,,,,,,,,,,,,,,,,,,,,,,,,,,,,,,,,,,,,,,,,,,,,,,,,,,,,,,,,,,,,,,,,,,,,,Tank Dell,HOU,FA,0,4366031,,FA,,{},"['RB/WR', 'WR', 'WR/TE', 'RB/WR/TE', 'OP', 'BE', 'IR']",,,,,,,,,,,,,,,,,,,,,,,,,,,,,,,,,,,,,,,,,,,,,,,,,,,,,,,,,,,,,,,,,,,,,,,,,,,,,,,,,,,,,,,,,,,,,,,,,,,,,,,,,,,,,,,,,,,,,,,,,,,,,,,,,,,,,,,,,,,,,,,,,,,,,,,,,,,,,,,,,,,,,,,,,,,,,,,,,,,,,,,,,,,,,,,,,,,,,,,,,,,,,,,,,,,,,,,,,,,,,,,,,,,,,,,,,,,,,,,,,,2025,,,,,,,,,,,,,,,,,,,,,,,,,,,,,,,,,,,,,
48.0,3.2,90.86,5.34,,,,,,,,,,,,,,,,,24.0,18.6,,52.0,24.0,11.0,6.0,2.0,,36.0,43.0,11.625,,,,,,,,6.0,9.0,,,,15.0,,,,,,,,,,,,,,,,,24.32483935,2.589574834,0.150797248,0.096976364,0.063374054,82.0,41.0,20.0,16.0,8.0,34.55741491,,,0.243377879,0.007527151,60.26445796,11.96623851,0.150797248,0.00214642,,0.487822728,0.487822728,,0.273180728,0.273180728,0.273180728,17.0,Brandin Cooks,BUF,FA,107,16731,,FA,,{},"['RB/WR', 'WR', 'WR/TE', 'RB/WR/TE', 'OP', 'BE', 'IR']",,,,1.0,1.0,,,,,,,,,,,,,,,,,,,,,,,,,,,,,,,,,,,,,,,,,,,,,,,,,,,,,,,,,,,,,,,,,,,,,,,,,,,,,,,,,,,,,,,,,,,,,,,,,,,,,,,,,,,,,,,,,,,,,,,,,,,,,,,,,,,,,,,,,,,,,,,,,,,,,,,,,,,,,,,,,,,,,,,,,,,,,,,,,,,,,,,,,,,,,,,,,,,,,,,,,,,,,,,,,,,,,,,,,,,,,,,,,,,,,,,,,,,,,2025,,,,,14.0,,,,,,,,,,,,,,,,,,,,,,,,,,,,,,19.18930407,,
128.0,8.0,124.58,7.33,,,,,,,,,,,,,,,,,,,,,,,,,,,,,,,,,,3.0,5.0,3.0,13.0,110.0,,,16.0,,,,,,,,,,,,,,,,,,,,,,,,,,,,,,,,,,,,,,,,,,,17.0,Joey Slye,TEN,FA,17,3124084,,FA,,{},"['K', 'BE', 'IR']",,,,,,,,,,,,,,,,,,,,,,,,,,,,,,,,,,,,,,,,,,,,,,,,,,,,,,,,,,,,,,,,,,,,,,,,,,,2.0,,,,9.0,14.0,7.0,9.0,2.0,12.0,12.0,,28.0,35.0,7.0,26.0,27.0,1.0,9.0,12.0,4.708551613,7.147181894,2.438630281,7.02165545,9.241472403,2.219816954,15.6540158,16.85405219,1.200036387,27.38422286,33.24270649,5.858483622,31.8439272,34.50800202,2.664074821,4.708551613,7.147181894,2.438630281,,,,,,,,,,,,,,,,,,,,,,,,,,,,,,,,,,,,,,,,,,,,,,,,,,,,,,,,,,,,,,,,,,,,,,,,,,,,,,,,,,,,,,,5.0,3.0,2.0,2.0,,,,,,,,,,,,,,,,,,,,,,,,,,,,,,,,,,,,,,,,2025,,,,,,1172.0,370.0,1542.0,228.0,111.0,54.0,40.0,16.0,5.0,72.0,35.0,16.0,14.0,6.0,301.0,147.0,71.0,55.0,23.0,7.0,,1.0,1039.856756,267.5788897,1307.435646,,,,,,,
1.0,0.14,80.25,5.02,2.0,2.42857143,,3.0,1.0,,,,,,,,,,,8.5,,,,,,,,,,,,,,,,,,6.0,7.0,6.0,1.0,,,,7.0,74.0203677,18.30975423,4.086613835,0.208397433,60.0,30.0,15.0,12.0,6.0,14.0,7.0,0.141238753,0.098867127,0.236029936,0.008054796,4.081456959,5.531153879,0.375731278,0.021555689,0.034434732,0.022503097,18.0,9.0,4.0,3.0,1.0,14.51618888,,,0.040547318,0.001254041,18.50775197,6.28705232,0.229953123,0.002370357,0.450391054,0.088326522,0.538717576,0.207179885,0.049462852,0.256642737,0.256642737,16.5,Roschon Johnson,CHI,FA,131,4426386,,FA,,{},"['RB', 'RB/WR', 'RB/WR/TE', 'OP', 'BE', 'IR']",,,,,,,,22.0,2.0,,,,,,,,,,,,,,,,,,,,,,,,,,,,,,,,,,,,,,,,,,,,,,,,,,,,,,,,,,,,,,,,,,1.0,,,,,,,,,,,,,,,,,,,,,,,,,,,,,,,,,,,,,,,,,,,,,,,,,,,,,,,,,,,,,,,,,,,,,,,,,,,,,,,,,,,,,,,,,,,,,,,,,,,,,,,,,,,,,,,,,,,,,,,,,,,,,,,,,,,,,,,,,,,,,,,,,,,,,,,,,,,,,,,,,,,,,,,2025,,,,1.0,,,,,,,,,,,,,,,,,,,,,,,,,,,,,,19.81641399,4.829354568,,
46.0,7.67,118.98,14.87,18.0,17.66666667,,19.0,9.0,4.0,2.0,,,2.0,,,,,,5.88888889,,,,,,,,,,,,,1.0,3.0,,,3.0,,,2.0,4.0,18.0,,,6.0,30.32465406,14.89848754,1.310314318,0.085625664,23.0,11.0,5.0,4.0,2.0,6.0,3.0,0.057562429,0.0402937,0.077235963,0.002635767,3.930396043,,,,,,,,,,,,,,,,,,0.79048694,0.017702708,0.382358016,,4.023342784,0.175884688,,1.923557376,7.184716584,8.0,Russell Wilson,NYG,FA,44,14881,,FA,,{},"['QB', 'OP', 'BE', 'IR']",,,,,,,,,,,,,,,,,,,,,,119.0,69.0,50.0,138.5,3.0,165.0,81.0,40.0,31.0,15.0,6.0,12.0,5.0,8.0,4.0,1.0,,,,3.0,0.57983193,10.0,3.0,,,1.0,1.0,265.4100102,167.8516406,97.5583696,237.8373001,9.200713753,380.0,190.0,95.0,76.0,38.0,19.0,33.0,16.0,1.536501423,1.00410368,1.488628081,0.201074622,0.704861276,5.261159208,0.632423926,23.35496593,3.640984767,1.747672688,,,,,,,,,,,,,,,,,,,,,,,,,,,,,,,,,,,,,,,,,,,,,,,,,,,,,,,,,,,,,,,,,,,,,,,,,,,,,,,,,,,,,,,,,,,,,,,,,,,,,,,,,,,,,,,,,,,,,,,,,,,,,,,,,,,,,,1.0,,,,,,,,,,,,,,,,,,,,,,,,,,,,,,,,,,,,,2025,,,32.0,6.0,,,,,,,,,,,,,,,,,,,,,,,,,,,,,,7.818632772,,90.38400942,
30.0,5.0,126.75,7.46,,,,,,,,,,,,,,,,,,,,,,,,,,,,,,,,,,2.0,3.0,,6.0,31.0,,,6.0,,,,,,,,,,,,,,,,,,,,,,,,,,,,,,,,,,,,,,,,,,,17.0,Younghoe Koo,None,FA,39,3049899,,FA,,{},"['K', 'BE', 'IR']",,,,,,,,,,,,,,,,,,,,,,,,,,,,,,,,,,,,,,,,,,,,,,,,,,,,,,,,,,,,,,,,,,,,,,,,,,,1.0,,,,,2.0,2.0,3.0,1.0,4.0,4.0,,6.0,9.0,3.0,13.0,14.0,1.0,,2.0,4.603796352,7.103222505,2.499426153,6.880463569,9.18463189,2.304168321,15.37899944,16.75038981,1.371390376,26.86325936,33.03824421,6.17498485,36.24802395,39.74006915,3.492045196,4.603796352,7.103222505,2.499426153,,,,,,,,,,,,,,,,,,,,,,,,,,,,,,,,,,,,,,,,,,,,,,,,,,,,,,,,,,,,,,,,,,,,,,,,,,,,,,,,,,,,,,,2.0,2.0,,,,,,,,,,,,,,,,,,,,,,,,,,,,,,,,,,,,,,,,,,2025,,,,,,193.0,147.0,340.0,38.0,18.0,8.0,7.0,3.0,,28.0,14.0,7.0,5.0,2.0,67.0,33.0,16.0,12.0,6.0,2.0,,1.0,1019.595847,279.798298,1299.394145,,,,,,,
21.0,1.4,70.06,4.12,,,,,,,,,,,,,,,,,10.0,9.0,,24.0,11.0,4.0,2.0,,,30.0,38.0,13.5,,,,,,1.0,1.0,3.0,12.0,,,,15.0,,,,,,,,,,,,,,,,,19.60311196,1.623691083,0.090987774,0.177113259,0.115743515,66.0,33.0,16.0,13.0,6.0,27.45420999,,,0.167821693,0.005190362,42.12428814,12.1384991,0.090987774,0.001283473,,0.291698307,0.291698307,,0.163351052,0.163351052,0.163351052,17.0,Dont'e Thornton Jr.,LV,FA,147,4432775,,FA,,{},"['Rookie', 'RB/WR', 'WR', 'WR/TE', 'RB/WR/TE', 'OP', 'BE', 'IR']",,,,,,,,,,,,,,,,,,,,,,,,,,,,,,,,,,,,,,,,,,,,,,,,,,,,,,,,,,,,,,,,,,,,,,,,,,,,,,,,,,,,,,,,,,,,,,,,,,,,,,,,,,,,,,,,,,,,,,,,,,,,,,,,,,,,,,,,,,,,,,,,,,,,,,,,,,,,,,,,,,,,,,,,,,,,,,,,,,,,,,,,,,,,,,,,,,,,,,,,,,,,,,,,,,,,,,,,,,,,,,,,,,,,,,,,,,,,,,,,,,2025,,,,,7.0,,,,,,,,,,,,,,,,,,,,,,,,,,,,,,14.96177023,,
22.0,4.4,0.0,0.0,12.0,11.0,1.0,11.0,5.0,2.0,1.0,,,1.0,,,,,,4.58333333,,,,,,,,,,,,,2.0,2.0,1.0,1.0,3.0,,,1.0,4.0,12.0,1.0,,5.0,,,,,,,,,,,,,,,,,,,,,,,,,,,,,,,,,,,,,,,,,,,,Josh Johnson,WSH,FA,53,11394,,FA,,{},"['QB', 'OP', 'BE', 'IR']",,,,,,,,,,,,,,,,,,,,,,54.0,34.0,20.0,74.4,1.0,73.0,36.0,17.0,13.0,5.0,2.0,6.0,2.0,2.0,,,,,,2.0,0.62962963,2.0,,1.0,,,,,,,,,,,,,,,,,,,,,,,,,,,,,,,,,,,,,,,,,,,,,,,,,,,,,,,,,,,,,,,,,,,,,,,,,,,,,,,,,,,,,,,,,,,,,,,,,,,,,,,,,,,,,,,,,,,,,,,,,,,,,,,,,,,,,,,,,,,,,,,,,,,,,,,,,,,,,,,,,,,,,,,,,,,,,,,,,,,,,,,,,,,,,,,,,,,,,2025,,,21.0,4.0,,,,,,,,,,,,,,,,,,,,,,,,,,,,,,,,,
24.0,6.0,87.9,5.17,20.0,29.25,1.0,22.0,10.0,4.0,3.0,1.0,,2.0,,,,,,5.85,8.0,7.5,,5.0,2.0,,,,,8.0,44.0,3.75,1.0,1.0,1.0,1.0,1.0,,,1.0,2.0,6.0,1.0,,4.0,83.58962434,21.4875375,2.108003709,0.127206272,73.0,36.0,18.0,14.0,7.0,16.0,8.0,0.16033436,0.112234052,0.345789433,0.011800467,4.370017695,8.353509752,0.485831166,0.025481427,0.033846154,0.022118462,28.0,14.0,7.0,5.0,2.0,23.08920826,,,0.056019958,0.001732576,29.99056176,6.150477927,0.152687698,0.00498019,0.886885127,0.244976282,1.131861409,0.407967158,0.137186718,0.545153876,0.545153876,17.0,Miles Sanders,DAL,FA,84,4045163,,FA,,{},"['RB', 'RB/WR', 'RB/WR/TE', 'OP', 'BE', 'IR']",,,,,,,,68.0,6.0,1.0,,,,,,,,,,,,,,,,,,,,,,,,,,,,,,,,,,1.0,,,,,,,,,,,,,,,,,,,,,,,,,,,,,,,,,,,,,,,,,,,,,,,,,,,,,,,,,,,,,,,,,,,,,,,,,,,,,,,,,,,,,,,,,,,,,,,,,,,,,,,,,,,,,,,,,,,,,,,,,,,,,,,,,,,,,,,,,,,,,,,,,,,,,,,,,,1.0,,,,,,,,,,,,,,,,,,,,,,,,,,,,,,,,,,,,,,,,,,,,2025,,,,5.0,,,,,,,,,,,,,,,,,,,,,,,,,,,,,,21.05591754,8.227815303,,
89.0,5.24,44.97,2.65,3.0,1.29411765,,3.0,,,,,,,,,,,,7.33333333,35.0,25.17647059,3.0,79.0,36.0,14.0,10.0,2.0,2.0,57.0,146.0,12.22857143,,,,,,2.0,3.0,12.0,5.0,18.0,,1.0,17.0,,,,,,,,,,,,,,,,,13.1630646,1.120409524,0.058776857,0.15866851,0.103689871,44.0,22.0,11.0,8.0,4.0,16.46527771,,,0.101016809,0.003124231,28.93631023,13.59054503,0.058776857,0.00136603,,0.310461413,0.310461413,,0.173858391,0.173858391,0.173858391,17.0,Xavier Hutchinson,HOU,FA,64,4686422,,FA,,{},"['RB/WR', 'WR', 'WR/TE', 'RB/WR/TE', 'OP', 'BE', 'IR']",,,,,,,,,,,,,,,,,,,,1.0,,,,,,,,,,,,,,,,,,,,,,,,,,,,,,,,,,,,,,,,,,,,,,,,,,,,,,1.0,1.0,,,,,,,,,,,,,,,,,,,,,,,,,,,,,,,,,,,,,,,,,,,,,,,,,,,,,,,,,,,,,,,,,,,,,,,,,,,,,,,,,,,,,,,,,,,,,,,,,,,,,,,,,,,,,,,,,,,,,,,,,,,,,,,,,,,,,,,,,,,,,,,,,,,,,,,,,,,,,,,,,,,,,,,2025,,,,2.0,19.0,,,,,,,,,,,,,,,,,,,,,,,,,,,,,,9.232179304,,
49.0,3.77,102.37,6.02,,,,,,,,,,,,,,,,,29.0,14.61538462,1.0,34.0,14.0,5.0,4.0,1.0,2.0,34.0,86.0,6.55172414,,,,,,4.0,5.0,6.0,7.0,6.0,,,13.0,,,,,,,,,,,,,,,,,25.90404337,2.413266454,0.136554803,0.124896901,0.081620125,88.0,44.0,22.0,17.0,8.0,44.21069443,,,0.279220541,0.008635687,60.55182798,9.960683565,0.136554803,0.002379344,,0.540759913,0.540759913,,0.302825551,0.302825551,0.302825551,17.0,Ja'Tavion Sanders,CAR,FA,50,4431588,,FA,,{},"['WR/TE', 'TE', 'RB/WR/TE', 'OP', 'BE', 'IR']",,,,,,,,,,,,,,,,,,,,1.0,,,,,,,,,,,,,,,,,,,,,,,,,,,,,,,,,,,,,,,,,,,,,,,,,,,,,,,1.0,,,,,,,,,,,,,,,,,,,,,,,,,,,,,,,,,,,,,,,,,,,,,,,,,,,,,,,,,,,,,,,,,,,,,,,,,,,,,,,,,,,,,,,,,,,,,,,,,,,,,,,,,,,,,,,,,,,,,,,,,,,,,,,,,,,,,,,,,,,,,,,,,,,,,,,,,,,,,,,,,,,,,,,2025,,,,,8.0,,,,,,,,,,,,,,,,,,,,,,,,,,,,,,22.05782985,,
121.0,7.56,126.66,7.45,,,,,,,,,,,,,,,,,,,,,,,,,,,,,,,,,,1.0,1.0,2.0,14.0,112.0,,,16.0,,,,,,,,,,,,,,,,,,,,,,,,,,,,,,,,,,,,,,,,,,,17.0,Blake Grupe,IND,FA,21,4259619,,FA,,{},"['K', 'BE', 'IR']",,,,,,,,,,,,,,,,,,,,,,,,,,,,,,,,,,,,,,,,,,,,,,,,,,,,,,,,,,,,,,,,,,,,,,,,,,,,,,,7.0,10.0,3.0,6.0,3.0,19.0,21.0,2.0,29.0,37.0,8.0,25.0,25.0,,6.0,9.0,4.971410598,7.189283756,2.217873158,7.367036537,9.295911089,1.928874552,16.30068012,16.95333425,0.65265413,28.63912726,33.4385291,4.79940184,28.23039805,29.54506776,1.314669705,4.971410598,7.189283756,2.217873158,,,,,,,,,,,,,,,,,,,,,,,,,,,,,,,,,,,,,,,,,,,,,,,,,,,,,,,,,,,,,,,,,,,,,,,,,,,,,,,,,,,,,,,3.0,3.0,1.0,,,,,,,,,,,,,,1.0,,,,,,,,,,,,,,,,,,,,,,,,,,,2025,,,,,,1110.0,365.0,1475.0,215.0,105.0,48.0,37.0,15.0,4.0,71.0,34.0,15.0,12.0,4.0,288.0,141.0,66.0,51.0,22.0,8.0,,,1088.99322,226.1441293,1315.137349,,,,,,,
43.0,3.31,71.1,4.18,,,,,,,,,,,,,,,,,18.0,15.61538462,1.0,38.0,17.0,7.0,4.0,1.0,,34.0,46.0,11.27777778,,,,,,,,6.0,6.0,8.0,,1.0,13.0,,,,,,,,,,,,,,,,,17.86713087,2.489664094,0.130586639,0.124368315,0.081274694,60.0,30.0,15.0,12.0,6.0,25.88632494,,,0.128705298,0.003980576,41.84141837,11.73365572,0.130586639,0.002030167,,0.461401582,0.461401582,,0.258384886,0.258384886,0.258384886,17.0,Jalen Tolbert,DAL,FA,116,4249417,,FA,,{},"['RB/WR', 'WR', 'WR/TE', 'RB/WR/TE', 'OP', 'BE', 'IR']",,,,,,,,105.0,10.0,3.0,0.087041982,,316.0998301,,31.0,12.0,,,,,,,,,,,,,,,,,,,,,,,,,,,,,,,,,,,,,,,,,,,,,,,,,,,,,,,,1.0,,,,,,,,,,,,,,,,,,,,,,,,,,,,,,,,,,,,,,,,,,,,,,,,,,,,,,,,,,,,,,,,,,,,,,,,,,,,,,,,,,,,,,,,,,,,,,,,,,,,,,,,,,,,,,,,,,,,,,,,,,,,,,,,,,,,,,,,,,,,,,,,,,,,,,,,,,,,,,,,,,,,,,,,,,2025,,,,,12.0,,,,,,,,,,,,,,,,,,,,,,,,,,,,,,14.14469104,,
77.0,8.56,124.67,7.33,,,,,,,,,,,,,,,,,,,,,,,,,,,,,,,,,,,,5.0,4.0,72.0,,,9.0,,,,,,,,,,,,,,,,,,,,,,,,,,,,,,,,,,,,,,,,,,,17.0,Jake Moody,WSH,FA,31,4372066,,FA,,{},"['K', 'BE', 'IR']",,,,,,,,,,,,,,,,,,,,,,,,,,,,,,,,,,,,,,,,,,,,,,,,,,,,,,,,,,,,,,,,,,,,,,,,,,,,,,,2.0,2.0,5.0,6.0,1.0,12.0,15.0,3.0,19.0,23.0,4.0,15.0,16.0,1.0,2.0,2.0,4.411033387,7.085508929,2.674475541,6.628903262,9.161727824,2.532824562,14.91315928,16.70861873,1.795459452,25.95309593,32.95585548,7.002759556,38.35806225,43.26701118,4.908948938,4.411033387,7.085508929,2.674475541,,,,,,,,,,,,,,,,,,,,,,,,,,,,,,,,,,,,,,,,,,,,,,,,,,,,,,,,,,,,,,,,,,,,,,,,,,,,,,,,,,,,,,,,,,,,,,,,,,,,,,,,,,,,,,,,,,,,,,,,,,,,,,,,,,2025,,,,,,705.0,135.0,840.0,138.0,68.0,32.0,24.0,11.0,4.0,25.0,12.0,6.0,3.0,1.0,166.0,82.0,40.0,29.0,13.0,5.0,,,983.891228,312.2625681,1296.153796,,,,,,,
33.0,2.54,114.6,6.74,,,,,,,,,,,,,,,,,15.0,13.76923077,1.0,33.0,14.0,6.0,4.0,,,26.0,78.0,11.93333333,,1.0,,1.0,1.0,,,10.0,3.0,6.0,,,13.0,,,,,,,,,,,,,,,,,29.62245531,3.290761489,0.186528067,0.148692636,0.097170638,100.0,50.0,25.0,20.0,10.0,45.05167423,,,0.397930931,0.012307142,66.52548323,11.17786961,0.186528067,0.002279935,,0.51816711,0.51816711,,0.290173582,0.290173582,0.290173582,17.0,Elijah Arroyo,SEA,FA,60,4678006,,FA,,{},"['Rookie', 'WR/TE', 'TE', 'RB/WR/TE', 'OP', 'BE', 'IR']",,,,,,1.0,1.0,,,,,,,,,,,,,,1.0,,,,,,,,,,,,,,,,,,,,,,,,,,,,,,,,,,,,,,,,,,,,,,,,,,,,,,,,,,,,,,,,,,,,,,,,,,,,,,,,,,,,,,,,,,,,,,,,,,,,,,,,,,,,,,,,,,,,,,,,,,,,,,,,,,,,,,,,,,,,,,,,,,,,,,,,,,,,,,,,,,,,,,,,,,,,,,,,,,,,,,,,,,,,,,,,,,,,,,,,,,,,,,,,,,,,,,,,,,,,,2025,,,,,7.0,,,,,,,,,,,,,,,,,,,,,,,,,,,,,,24.35150498,,
94.0,10.44,139.92,13.99,31.0,18.55555556,,30.0,14.0,5.0,2.0,,,2.0,,,,,,5.38709677,1.0,,,,,,,,,2.0,,,1.0,4.0,1.0,2.0,7.0,1.0,1.0,2.0,7.0,48.0,,,9.0,35.3816279,18.52881107,0.73452576,0.038134423,37.0,18.0,9.0,7.0,3.0,7.0,3.0,0.067010179,0.046907125,0.149410003,0.00509879,5.236845269,,,,,,,,,,,,,,,,,,0.644061631,0.028797877,0.569463508,,6.544971968,0.261953214,,3.130197274,11.22920695,10.0,Spencer Rattler,NO,FA,36,4426339,,FA,,{},"['QB', 'OP', 'BE', 'IR']",,,,,,,,,,,,,,,,,,,,,,257.0,174.0,83.0,176.22222222,8.0,314.0,154.0,75.0,61.0,28.0,14.0,33.0,14.0,13.0,4.0,1.0,1.0,,,5.0,0.6770428,18.0,3.0,3.0,3.0,1.0,,346.4253783,221.3324323,125.092946,244.0657194,10.37722099,488.0,244.0,122.0,97.0,48.0,24.0,44.0,22.0,2.01555937,1.317168049,2.05602551,0.277715137,0.605927208,8.099009674,0.638903632,24.84198805,5.97550846,2.868244061,,,,,,,,,,,,,,,,,,,,,,,,,,,,,,,,,,,,,,,,,,,,,,,,,,,,,,,,,,,,,,,,,,,,,,,,,,,,,,,,,,,,,,,,,,,,,,,,,,,,,,,,,,,,,,,,,,,,,,,,,,,,,,,3.0,,,,,,,,,,,,,,,,,,,,,,,,,,,,,,,,,,,,,,,,,,,,2025,,,74.0,17.0,,,,,,,,,,,,,,,,,,,,,,,,,,,,,,10.1722669,,116.9679907,
1.0,0.5,68.93,17.23,4.0,-0.5,,,,,,,,,,,,,,-0.25,1.0,4.5,,1.0,,,,,,1.0,7.0,9.0,,,,,,,,2.0,,,,,2.0,30.73672615,41.76048778,1.649070136,0.078993552,33.0,16.0,8.0,6.0,3.0,6.0,3.0,0.060375952,0.042263167,0.305614386,0.010429446,5.434604529,,,,,,,,,,,,,,,,,,0.411133278,0.013821809,0.590327479,,3.141320278,0.27155064,,1.496027184,5.20516349,4.0,Anthony Richardson Sr.,IND,FA,65,4429084,,FA,,{},"['QB', 'OP', 'BE', 'IR']",,,,,,,,,,,,,,,,,,,,,,2.0,1.0,1.0,4.5,,1.0,,,,,,,,,,,,,,,0.5,,,,,,,124.2893931,74.78034773,49.50904536,217.1076052,4.63437113,173.0,86.0,43.0,34.0,17.0,8.0,14.0,7.0,0.649721177,0.424592789,0.539632342,0.07289018,0.332139726,3.709136306,0.60166315,8.533776839,2.550992799,1.224476544,,,,,,,,,,,,,,,,,,,,,,,,,,,,,,,,,,,,,,,,,,,,,,,,,,,,,,,,,,,,,,,,,,,,,,,,,,,,,,,,,,,,,,,,,,,,,,,,,,,,,,,,,,,,,,,,,,,,,,,,,,,,,,,,,,,,,,,,,,,,,,,,,,,,,,,,,,,,,,,,,,,,,,,,,,,2025,,,1.0,1.0,1.0,,,,,,,,,,,,,,,,,,,,,,,,,,,,,9.224490884,,40.878352,
64.0,6.4,68.6,13.72,14.0,8.6,,15.0,7.0,2.0,2.0,1.0,,1.0,,,,,,6.14285714,,,,,,,,,,,,,,,,,2.0,,1.0,1.0,9.0,42.0,,,10.0,18.2806513,15.95029012,0.779387219,0.050967308,15.0,7.0,3.0,3.0,1.0,3.0,1.0,0.034659041,0.024261329,0.055443719,0.001892081,4.362615383,,,,,,,,,,,,,,,,,,0.436032831,0.011938722,0.245241233,,2.713345877,0.112810967,,1.297501196,5.903780074,5.0,Dillon Gabriel,CLE,FA,40,4427238,,FA,,{},"['Rookie', 'QB', 'OP', 'BE', 'IR']",,,,,,,,,,,,,,,,,,,,,,185.0,110.0,75.0,93.7,7.0,185.0,90.0,43.0,33.0,16.0,6.0,18.0,7.0,12.0,5.0,,,,,2.0,0.59459459,19.0,,4.0,2.0,1.0,,170.4255695,105.6476977,64.77787177,228.1322201,5.69571322,228.0,114.0,57.0,45.0,22.0,11.0,21.0,10.0,0.889310325,0.581164297,0.799605535,0.108005742,0.385065523,4.606278877,0.619905206,13.55067199,2.468104644,1.184690229,,,,1.0,,,,,,,,,,,,,,,,,,,,,,,,,,,,,,,,,,,,,,,,,,,,,,,,,,,,,,,,,,,,,,,,,,,,,,,,,,,,,,,,,,,,,,,,,,,,,,,,,,,,,,,,,,,,,,,,,,,,,,,,,,,,,,,,,,,,,,,,,,,,,,,,,,,,,,,,,,,,,,,,,,,,,,,2025,,,45.0,4.0,,,,,,,,,,,,,,,,,,,,,,,,,,,,,,4.993884471,,55.52229517,
14.0,2.33,110.0,6.47,,,,,,,,,,,,,,,,,7.0,11.5,,15.0,7.0,3.0,2.0,1.0,,15.0,51.0,9.85714286,,,,,,1.0,1.0,2.0,4.0,,,,6.0,9.306146103,3.893632624,0.437867609,0.019773158,13.0,6.0,3.0,2.0,1.0,1.0,,0.01715319,0.012007233,0.010860577,0.00037063,7.112692394,27.26175266,1.695334853,0.105653632,0.11576591,0.075653022,92.0,46.0,23.0,18.0,9.0,44.47938642,,,0.324801496,0.010045407,64.85288175,10.4194287,0.125426789,0.004733127,0.186122922,0.889587728,1.07571065,0.085616544,0.498169128,0.583785672,0.583785672,17.0,Ray-Ray McCloud III,None,FA,164,3728262,,FA,,{},"['RB/WR', 'WR', 'WR/TE', 'RB/WR/TE', 'OP', 'BE', 'IR']",,,,,,,,91.0,8.0,3.0,0.268220567,,1033.415603,,103.0,41.0,,,,,,,,,,,,,,,,,,,,,,,,,,,,,,,,,,,,,,,,,,,,,,,,,,,,,,,,,,,,,,,,,,,,,,,,,,,,,,,,,,,,,,,,,,,,,,,,,,,,,,,,,,,,,,,,,,,,,,,,,,,,,,,,,,,,,,,,,,,,,,,,,,,,,,,,,,,,,,,,,,,,,,,,,,,,,,,,,,,,,,,,,,,,,,,,,,,,,,,,,,,,,,,,,,,,,,,,,,,,,,,,,,2025,,,,,4.0,,,,,,,,,,,,,,,,,,,,,,,,,,,,,5.198784687,22.46198525,,
8.0,0.47,23.29,1.37,20.0,5.52941176,,16.0,7.0,2.0,1.0,,,1.0,,,,,,4.7,3.0,0.76470588,,1.0,,,,,,3.0,11.0,4.33333333,,2.0,,1.0,1.0,,,8.0,9.0,,,,17.0,23.65446213,6.086871974,0.547660879,0.0287252,20.0,10.0,5.0,4.0,2.0,4.0,2.0,0.043939747,0.030757823,0.027004124,0.000921547,4.374516022,1.777271196,0.152561357,0.008634199,0.040601289,0.026532942,6.0,3.0,1.0,1.0,,4.297417531,,,0.016504056,0.000510435,5.504711634,7.030643428,0.037359398,0.001008746,0.194013086,0.035247271,0.229260356,0.089246019,0.019738472,0.108984491,0.108984491,17.0,Trevor Etienne,CAR,FA,108,4685350,,FA,,{},"['Rookie', 'RB', 'RB/WR', 'RB/WR/TE', 'OP', 'BE', 'IR']",,,,,,,,733.0,68.0,23.0,0.320670084,,1164.538726,,116.0,46.0,,,,,,,,,,,,,,,,,,,,,,,,,,,,,,,,,,,,,,,,,,,,,,,,,,,,,,,,,,,,,,,,,,,,,,,,,,,,,,,,,,,,,,,,,,,,,,,,,,,,,,,,,,,,,,,,,,,,163.0,11.0,2.0,,,,,,,,,,,,,,,,,,,,,,,,,,,,,,,,,,,,,,,,,,,,,,,,,,,,,,,,,,,,,,,,,,,,,,,,,,,,,,,,,,,,,,,,,,,,,,,,,,,,,,,,,,,,2025,,,,5.0,1.0,,,,,,,,,,,,,,,,,,,,,,,,,,,,,7.411284024,0.725370569,,
45.0,3.0,20.6,1.21,1.0,0.46666667,,1.0,,,,,,,,,,,,7.0,16.0,15.0,,42.0,19.0,7.0,5.0,1.0,,32.0,39.0,14.0625,,3.0,,1.0,1.0,1.0,1.0,4.0,11.0,,,,15.0,2.215413177,0.794450612,0.133990113,0.005149499,2.0,1.0,,,,,,0.004067766,0.002847436,0.000373239,1.27372e-05,6.096226447,4.550378852,0.521816671,0.028660592,0.13417199,0.087681395,15.0,7.0,3.0,3.0,1.0,6.715908451,,,0.035731966,0.001105112,10.46255061,11.51838817,0.033810091,0.000417535,0.023538549,0.071355873,0.094894422,0.010827733,0.039959289,0.050787022,0.050787022,17.0,Jaylin Lane,WSH,FA,112,4602667,,FA,,{},"['Rookie', 'RB/WR', 'WR', 'WR/TE', 'RB/WR/TE', 'OP', 'BE', 'IR']",,,,,,,,56.0,5.0,2.0,0.170907911,0.15846421,620.6655727,249.3862969,62.0,24.0,24.0,9.0,,,,,,,,,,,,,,,,,,,,,,,,,,,,,,,,,,,,,,,,,,,,,,,,,,,,,,,,,,,,,,,,,,,,,,,,,,,,,,,,,,,,,,,,,,,,,,,,,,,,,,,,,,,2.0,,2.0,,,,,314.0,28.0,10.0,,,,,,,,,,,,,,,,,,,,,,,,,,,,,,,,,,,,,,,,,,,,,,,,,,,,,,,,,,,,,,,,,,,,,,,,,,,,,,,,,,,,,,,,,,,,,,,,,,,,,,,,,,,,2025,,,,,10.0,,,,,,,,,,,,,,,,,,,,,,,,,,,,,2.762495986,2.727633016,,
55.0,3.67,0.0,0.0,3.0,2.26666667,,6.0,2.0,1.0,1.0,,,,,,,,,11.33333333,26.0,12.86666667,,35.0,17.0,7.0,5.0,1.0,2.0,36.0,119.0,7.42307692,,1.0,,1.0,1.0,,,3.0,12.0,,,,15.0,,,,,,,,,,,,,,,,,,,,,,,,,,,,,,,,,,,,,,,,,,,,Isaiah Williams,NYJ,FA,100,4569371,,FA,,{},"['RB/WR', 'WR', 'WR/TE', 'RB/WR/TE', 'OP', 'BE', 'IR']",,,,,,,,837.0,80.0,26.0,,,,,,,,,,,,1.0,,1.0,,,,,,,,,,,,,,,,,,,,,,,,,,,,,,,,,,,,,,,,,,,,,,,,,,,,,,,,,,,,,,,,,,,,,,,,,,,,,,,,,,,,,,,,,,,,,,,,,,,,,2.0,,2.0,,,,,396.0,34.0,10.0,,,,,,,,,,,,,,,,,,,,,,,,,,,,,,,,,,,,,,,,,,,,,,,,,,,,,,,,,,,,,,,,,,,,,,,,,,,,,,,,,,,,,,,,,,,,,,,,,,,,,,,,,,,,2025,,,,1.0,10.0,,,,,,,,,,,,,,,,,,,,,,,,,,,,,,,,
9.0,1.0,19.92,1.17,26.0,10.66666667,,18.0,9.0,4.0,2.0,,,4.0,1.0,,,,,3.69230769,,,,,,,,,,2.0,,,,,,,,,,6.0,3.0,,,,9.0,14.45917414,3.537409487,0.445053916,0.021284266,12.0,6.0,3.0,2.0,1.0,2.0,1.0,0.026730979,0.018711685,0.009208682,0.000314257,4.159017707,2.327841254,0.236307122,0.016921544,0.036333093,0.023743676,7.0,3.0,1.0,1.0,,5.989525479,,,0.02085962,0.000645143,7.604851676,6.607084561,0.03820581,0.000737966,0.118593649,0.049125882,0.167719532,0.054553079,0.027510494,0.082063573,0.082063573,17.0,DJ Giddens,IND,FA,105,4874509,,FA,,{},"['Rookie', 'RB', 'RB/WR', 'RB/WR/TE', 'OP', 'BE', 'IR']",,,,,,,,,,,0.154573373,,561.3454071,,56.0,22.0,,,,,,,,,,,,,,,,,,,,,,,,,,,,,,,,,,,,,,,,,,,,,,,,,,,,,,,,,,,,,,,,,,,,,,,,,,,,,,,,,,,,,,,,,,,,,,,,,,,,,,,,,,,,,,,,,,,,,,,,,,,,,,,,,,,,,,,,,,,,,,,,,,,,,,,,,,,,,,,,,,,,,,,,,,,,,,,,,,,,,,,,,,,,,,,,,,,,,,,,,,,,,,,,,,,,,,,,,,,,,,,,,,2025,,,,5.0,,,,,,,,,,,,,,,,,,,,,,,,,,,,,,5.312729184,1.403406285,,
65.0,4.06,52.87,3.11,,,,,,,,,,,,,,,,,29.0,21.875,1.0,66.0,30.0,13.0,6.0,1.0,,52.0,83.0,12.06896552,,,,,,,,3.0,13.0,6.0,,,16.0,,,,,,,,,,,,,,,,,14.46679262,1.771705554,0.094167837,0.140123239,0.091570537,49.0,24.0,12.0,9.0,4.0,18.35668475,,,0.093995747,0.002907085,32.93749662,13.39759755,0.094167837,0.00121846,,0.276922671,0.276922671,,0.155076696,0.155076696,0.155076696,17.0,Van Jefferson,TEN,FA,89,3930066,,FA,,{},"['RB/WR', 'WR', 'WR/TE', 'RB/WR/TE', 'OP', 'BE', 'IR']",,,,,,,,,,,,,,,,,,,,1.0,,,,,,,,,,,,,,,,,,,,,,,,,,,,,,,,,,,,,,,,,,,,,,,,,,,,,,,,,,,,,,,,,,,,,,,,,,,,,,,,,,,,,,,,,,,,,,,,,,,,,,,,,,,,,,,,,,,,,,,,,,,,,,,,,,,,,,,,,,,,,,,,,,,,,,,,,,,,,,,,,,,,,,,,,,,,,,,,,,,,,,,,,,,,,,,,,,,,,,,,,,,,,,,,,,,,,,,,,,,,,,2025,,,,,17.0,,,,,,,,,,,,,,,,,,,,,,,,,,,,,,10.54079744,,
30.0,5.0,0.0,0.0,,,,,,,,,,,,,,,,,12.0,21.5,1.0,25.0,12.0,6.0,2.0,,1.0,18.0,30.0,10.75,,,,,,1.0,1.0,4.0,2.0,6.0,,,6.0,,,,,,,,,,,,,,,,,,,,,,,,,,,,,,,,,,,,,,,,,,,,Gabe Davis,BUF,FA,130,4243537,,FA,,{},"['RB/WR', 'WR', 'WR/TE', 'RB/WR/TE', 'OP', 'BE', 'IR']",,,,,,,,,,,,,,,,,,,,1.0,,,,,,,,,,,,,,,,,,,,,,,,,,,,,,,,,,,,,,,,,,,,,,,,,,,,,,,,,,,,,,,,,,,,,,,,,,,,,,,,,,,,,,,,,,,,,,,,,,,,,,,,,,,,,,,,,,,,,,,,,,,,,,,,,,,,,,,,,,,,,,,,,,,,,,,,,,,,,,,,,,,,,,,,,,,,,,,,,,,,,,,,,,,,,,,,,,,,,,,,,,,,,,,,,,,,,,,,,,,,,,2025,,,,,8.0,,,,,,,,,,,,,,,,,,,,,,,,,,,,,,,,
7.0,1.17,0.0,0.0,,,,,,,,,,,,,,,,,4.0,6.0,,7.0,3.0,1.0,1.0,,,4.0,4.0,9.0,,,,,,,,2.0,4.0,,,,6.0,,,,,,,,,,,,,,,,,,,,,,,,,,,,,,,,,,,,,,,,,,,,Tom Kennedy,DET,FA,181,3126997,,FA,,{},"['RB/WR', 'WR', 'WR/TE', 'RB/WR/TE', 'OP', 'BE', 'IR']",,,,,,,,447.0,43.0,15.0,,,,,,,,,,,,,,,,,,,,,,,,,,,,,,,,,,,,,,,,,,,,,,,,,,,,,,,,,,,,,,,,,,,,,,,,,,,,,,,,,,,,,,,,,,,,,,,,,,,,,,,,,,,,,,,,,,,,,,,,,,50.0,4.0,,,,,,,,,,,,,,,,,,,,,,,,,,,,,,,,,,,,,,,,,,,,,,,,,,,,,,,,,,,,,,,,,,,,,,,,,,,,,,,,,,,,,,,,,,,,,,,,,,,,,,,,,,,,,2025,,,,,2.0,,,,,,,,,,,,,,,,,,,,,,,,,,,,,,,,
10.0,2.5,1.7,0.1,17.0,21.25,,15.0,7.0,3.0,2.0,1.0,,1.0,,,,,,5.0,,,,,,,,,,,,,,1.0,,1.0,2.0,,,1.0,3.0,,,,4.0,0.450403068,0.1192399,0.016838979,0.000811687,,,,,,,,0.000826199,0.000578339,-4.37158e-06,-1.49185e-07,4.500587229,,,,,,,,,,,,,,,,,,0.015709243,0.000230944,0.003651753,,0.05248737,0.001679806,,0.025120903,0.193706479,17.0,Trey Lance,LAC,FA,56,4383351,,FA,,{},"['QB', 'OP', 'BE', 'IR']",,,,,,,,,,,,,,,,,,,,,,57.0,27.0,30.0,56.5,,43.0,20.0,9.0,7.0,2.0,1.0,4.0,2.0,5.0,2.0,,,,,1.0,0.47368421,6.0,,,,,,5.60942218,3.395941009,2.213481171,2.338577617,0.239000656,7.0,3.0,1.0,1.0,,,,,0.072923839,0.047655729,0.063066498,0.00851863,0.014897557,0.168585576,0.605399433,0.413908006,0.048835617,0.023441096,,,,,,,,,,,,,,,,,,,,,,,,,,,,,,,,,,,,,,,,,,,,,,,,,,,,,,,,,,,,,,,,,,,,,,,,,,,,,,,,,,,,,,,,,,,,,,,,,,,,,,,,,,,,,,,,,,,,,,,,,,,,,,,,,,,,,,,,,,,,,,,,,,,,,,,,,,,,,,,,,,,,,,,,,,,2025,,,10.0,5.0,,,,,,,,,,,,,,,,,,,,,,,,,,,,,,2.18035161,,-2.047416514,
13.0,2.6,1.53,0.09,7.0,1.2,,1.0,,,,,,,,,,,,0.85714286,,,,,,,,,,,,,,1.0,,1.0,3.0,,,2.0,3.0,12.0,,,5.0,0.275077862,0.066263812,0.011733299,0.000516423,,,,,,,,0.000504542,0.00035318,-5.05136e-06,-1.72383e-07,4.095148938,,,,,,,,,,,,,,,,,,0.011999617,0.000420013,0.004206346,,0.095457545,0.001934919,,0.045735495,0.198217495,17.0,Mason Rudolph,PIT,FA,54,3116407,,FA,,{},"['QB', 'OP', 'BE', 'IR']",,,,,,,,,,,,,,,,,,,,,,52.0,38.0,14.0,62.0,2.0,61.0,30.0,14.0,11.0,5.0,2.0,6.0,3.0,1.0,,,,,,2.0,0.73076923,2.0,,2.0,,,,5.612535247,3.597487479,2.015047768,2.248872606,0.20790718,7.0,3.0,1.0,1.0,,,,,0.072762916,0.047550566,0.060700584,0.008199057,0.011483194,0.152482,0.640973699,0.354920879,0.091251199,0.043800576,,,,,,,,,,,,,,,,,,,,,,,,,,,,,,,,,,,,,,,,,,,,,,,,,,,,,,,,,,,,,,,,,,,,,,,,,,,,,,,,,,,,,,,,,,,,,,,,,,,,,,,,,,,,,,,,,,,,,,,,,,,,,,,,,,,,,,,,,,,,,,,,,,,,,,,,,,,,,,,,,,,,,,,,,,,2025,,,17.0,2.0,,,,,,,,,,,,,,,,,,,,,,,,,,,,,,2.135484923,,-2.043763867,
37.0,7.4,0.0,0.0,24.0,30.2,,29.0,14.0,6.0,5.0,2.0,,2.0,,,,,,6.29166667,,,,,,,,,,,,,,,,,,,,3.0,2.0,12.0,,,5.0,,,,,,,,,,,,,,,,,,,,,,,,,,,,,,,,,,,,,,,,,,,,Tyler Huntley,BAL,FA,47,4035671,,FA,,{},"['QB', 'OP', 'BE', 'IR']",,,,,,,,,,,,,,,,,,,,,,67.0,52.0,15.0,85.2,2.0,84.0,40.0,20.0,15.0,7.0,2.0,9.0,3.0,2.0,,,,,,,0.7761194,8.0,1.0,,2.0,,,,,,,,,,,,,,,,,,,,,,,,,,,,,,,,,,,,,,,,,,,,,,,,,,,,,,,,,,,,,,,,,,,,,,,,,,,,,,,,,,,,,,,,,,,,,,,,,,,,,,,,,,,,,,,,,,,,,,,,,,,,,,,,,,,,,,,,,,,,,,,,,,,,,,,,,,,,,,,,,,,,,,,,,,,,,,,,,,,,,,,,,,,,,,,,,,,,2025,,,19.0,11.0,,,,,,,,,,,,,,,,,,,,,,,,,,,,,,,,,
56.0,9.33,,,,,,,,,,,,,,,,,,,,,,,,,,,,,,,,,,,,,,4.0,2.0,49.0,,,6.0,,,,,,,,,,,,,,,,,,,,,,,,,,,,,,,,,,,,,,,,,,,,Charlie Smyth,NO,FA,33,5208518,,FA,,{},"['K', 'BE', 'IR']",,,,,,,,,,,,,,,,,,,,,,,,,,,,,,,,,,,,,,,,,,,,,,,,,,,,,,,,,,,,,,,,,,,,,,,,,,,,,,,4.0,6.0,3.0,5.0,2.0,5.0,5.0,,12.0,16.0,4.0,13.0,13.0,,4.0,5.0,,,,,,,,,,,,,,,,,,,,,,,,,,,,,,,,,,,,,,,,,,,,,,,,,,,,,,,,,,,,,,,,,,,,,,,,,,,,,,,,,,,,,,,,,,,,,,,,,,,,,,,,,2.0,1.0,1.0,1.0,,,,,,,,,,,,,,,,,,,,,,,,,,,,,,,,,,,,,,,,2025,,,,,,526.0,208.0,734.0,102.0,49.0,23.0,19.0,8.0,3.0,40.0,19.0,9.0,6.0,2.0,145.0,70.0,33.0,27.0,12.0,3.0,,,,,,,,,,,,
51.0,3.0,25.66,1.51,2.0,-0.17647059,,,,,,,,,,,,,,-1.5,24.0,12.52941176,2.0,37.0,15.0,5.0,4.0,,,28.0,109.0,8.875,,,,,,1.0,2.0,12.0,5.0,12.0,,,17.0,4.347199293,1.076130998,0.187825557,0.006201446,3.0,1.0,,,,,,0.007991246,0.005593872,0.000732962,2.50132e-05,4.208278879,5.591466842,0.487486096,0.020491136,0.055438819,0.036229269,19.0,9.0,4.0,3.0,1.0,11.72272033,,,0.041786903,0.001292378,15.82317319,8.108607359,0.026692582,0.000714618,0.04393565,0.118477508,0.162413158,0.020210399,0.066347404,0.086557803,0.086557803,17.0,Kyle Juszczyk,SF,FA,66,16002,,FA,,{},"['RB', 'RB/WR', 'RB/WR/TE', 'OP', 'BE', 'IR']",,,,,,,,,,,,,,,,,,,,2.0,,,,,,,,,,,,,,,,,,,,,,,,,,,,,,,,,,,,,,,,,,,,,,,,,,,,,,,1.0,,,,,,,,,,,,,,,,,,,,,,,,,,,,,,,,,,,,,,,,,,,,,,,,,,,,,,,,,,,,,,,,,,,,,,,,,,,,,,,,,,,,,,,,,,,,,,,,,,,,,,,,,,,,,,,,,,,,,,,,,,,,,,,,,,,,,,,,,,,,,,,,,,,,,,,,,,,,,,,,,,,,,,,2025,,,,,10.0,,,,,,,,,,,,,,,,,,,,,,,,,,,,,3.093830697,4.342867336,,
45.0,2.65,0.0,0.0,,,,,,,,,,,,,,,,,18.0,11.23529412,2.0,35.0,15.0,4.0,4.0,1.0,1.0,36.0,56.0,10.61111111,,,,,,2.0,2.0,8.0,9.0,12.0,,,17.0,,,,,,,,,,,,,,,,,,,,,,,,,,,,,,,,,,,,,,,,,,,,David Sills V,ATL,FA,112,3871102,,FA,,{},"['RB/WR', 'WR', 'WR/TE', 'RB/WR/TE', 'OP', 'BE', 'IR']",,,,,,,,,,,,,,,,,,,,2.0,,,,,,,,,,,,,,,,,,,,,,,,,,,,,,,,,,,,,,,,,,,,,,,,,,,,,,,,,,,,,,,,,,,,,,,,,,,,,,,,,,,,,,,,,,,,,,,,,,,,,,,,,,,,,,,,,,,,,,,,,,,,,,,,,,,,,,,,,,,,,,,,,,,,,,,,,,,,,,,,,,,,,,,,,,,,,,,,,,,,,,,,,,,,,,,,,,,,,,,,,,,,,,,,,,,,,,,,,,,,,,2025,,,,,9.0,,,,,,,,,,,,,,,,,,,,,,,,,,,,,,,,
50.0,3.57,49.03,2.88,1.0,,,,,,,,,,,,,,,,11.0,16.5,3.0,43.0,21.0,8.0,7.0,2.0,,25.0,40.0,21.0,,,,,,,,10.0,4.0,18.0,,1.0,14.0,,,,,,,,,,,,,,,,,11.92366058,1.541870456,0.083406941,0.114365409,0.074737795,40.0,20.0,10.0,8.0,4.0,19.86532075,,,0.075606737,0.002338353,28.48615381,10.20382366,0.083406941,0.001005327,,0.228483314,0.228483314,,0.127950656,0.127950656,0.127950656,17.0,Terrance Ferguson,LAR,FA,49,4570037,,FA,,{},"['Rookie', 'WR/TE', 'TE', 'RB/WR/TE', 'OP', 'BE', 'IR']",,,,,,,,,,,,,,,,,,,,1.0,1.0,,,,,,,,,,,,,,,,,,,,,,,,,,,,,,,,,,,,,,,,,,,,,,,,,,,,,,,,,,,,,,,,,,,,,,,,,,,,,,,,,,,,,,,,,,,,,,,,,,,,,,,,,,,,,,,,,,,,,,,,,,,,,,,,,,,,,,,,,,,,,,,,,,,,,,,,,,,,,,,,,,,,,,,,,,,,,,,,,,,,,,,,,,,,,,,,,,,,,,,,,,,,,,,,,,,,,,,,,,,,,2025,,,,,9.0,,,,,,,,,,,,,,,,,,,,,,,,,,,,,,9.598478843,,
0.0,0.0,0.0,0.0,,,,,,,,,,,,,,,,,,,,,,,,,,,,,,,,,,,,,,,,,,,,,,,,,,,,,,,,,,,,,,,,,,,,,,,,,,,,,,,,,,,,,Justin Tucker,None,FA,0,15683,,FA,,{},"['K', 'BE', 'IR']",,,,,,,,,,,,,,,,,,,,,,,,,,,,,,,,,,,,,,,,,,,,,,,,,,,,,,,,,,,,,,,,,,,,,,,,,,,,,,,,,,,,,,,,,,,,,,,,,,,,,,,,,,,,,,,,,,,,,,,,,,,,,,,,,,,,,,,,,,,,,,,,,,,,,,,,,,,,,,,,,,,,,,,,,,,,,,,,,,,,,,,,,,,,,,,,,,,,,,,,,,,,,,,,,,,,,,,,,,,,,,,,,,,,,,,,,,,,,,,,,,2025,,,,,,,,,,,,,,,,,,,,,,,,,,,,,,,,,,,,,
18.0,1.06,14.58,0.86,11.0,1.47058824,1.0,3.0,,,,,,1.0,,,,,,2.27272727,10.0,4.47058824,,12.0,4.0,1.0,1.0,,,13.0,56.0,7.6,,1.0,,1.0,1.0,8.0,16.0,12.0,5.0,6.0,1.0,,17.0,5.684005774,1.368014235,0.146619939,0.008852215,4.0,2.0,1.0,,,1.0,,0.010459796,0.007321857,0.001383511,4.72139e-05,4.09152329,2.806361595,0.284803224,0.01495138,0.047165288,0.030822516,9.0,4.0,2.0,1.0,,6.00028148,,,0.024033225,0.000743296,8.302072274,7.950984847,0.023803595,0.000229898,0.025417667,0.026831984,0.052249651,0.011692127,0.015025911,0.026718038,0.026718038,17.0,Dare Ogunbowale,HOU,FA,90,2983509,,FA,,{},"['RB', 'RB/WR', 'RB/WR/TE', 'OP', 'BE', 'IR']",,,,,,1.0,1.0,,,,,,,,,,,,,,,,,,,,,,,,,,,,,,,,,,,,,,,,,,,,,,,,,,,,,,,,,,,,,,,,,,,,8.0,,,,,,,,,,,,,,,,,,,,,,,,,,,,,,,,,,,,,,1.0,,,,,,,,,,,,,,,1.0,,,,,,,,,,,,,,,,,,,,,,,,,,,,,,,,,,,,,,,,,,,,,,,,,,,,,,,,,,,,,,,,,,,,,,,,,,,,,,,,,,,,,,,,,,,,,,,,,,,,,,,,,,,,,,,,,,2025,,,,1.0,3.0,,,,,,,,,,,,,,,,,,,,,,,,,,,,,3.311871117,1.650015887,,
44.0,2.75,57.42,3.38,5.0,1.8125,,3.0,,,,,,,,,,,,5.8,18.0,21.125,,62.0,26.0,10.0,8.0,3.0,,44.0,79.0,18.77777778,,,,,,1.0,1.0,5.0,11.0,,,,16.0,,,,,,,,,,,,,,,,,16.2660006,1.041545242,0.070873624,0.107854776,0.070483096,55.0,27.0,13.0,11.0,5.0,24.31037788,,,0.111677768,0.003453952,39.41135128,11.37464879,0.070873624,0.0011365,,0.258295397,0.258295397,,0.144645422,0.144645422,0.144645422,17.0,Isaiah Bond,CLE,FA,114,4808839,,FA,,{},"['Rookie', 'RB/WR', 'WR', 'WR/TE', 'RB/WR/TE', 'OP', 'BE', 'IR']",,,,,,,,,,,,,,,,,,,,,,,,,,,,,,,,,,,,,,,,,,,,,,,,,,,,,,,,,,,,,,,,,,,,,,,,,,,,,,,,,,,,,,,,,,,,,,,,,,,,,,,,,,,,,,,,,,,,,,,,,,,,,,,,,,,,9.0,,,,,,,,,,,,,,,,,,,,,,,,,,,,,,,,,,,,,,,,,,,,,,,,,,,,,,,,,,,,,,,,,,,,,,,,,,,,,,,,,,,,,,,,,,,,,,,,,,,,,,,,,,,,,,2025,,,,2.0,11.0,,,,,,,,,,,,,,,,,,,,,,,,,,,,,,12.44272318,,
46.0,9.2,1.99,0.12,9.0,7.8,1.0,6.0,3.0,1.0,1.0,,,,,,,,,4.33333333,,,,,,,,,,,,,,1.0,,,8.0,,,1.0,4.0,42.0,1.0,,5.0,0.359707559,0.087411665,0.019770625,0.001141365,,,,,,,,0.000659799,0.000461859,-5.28489e-06,-1.80353e-07,4.131128911,,,,,,,,,,,,,,,,,,0.014377352,0.000386717,0.004479992,,0.087890211,0.002060796,,0.042097701,0.237099108,17.0,Jake Browning,CIN,FA,44,3886812,,FA,,{},"['QB', 'OP', 'BE', 'IR']",,,,,,,,,,,,,,,,,,,,,,125.0,81.0,44.0,154.2,6.0,153.0,76.0,37.0,29.0,13.0,6.0,14.0,6.0,7.0,3.0,2.0,1.0,,,8.0,0.648,9.0,1.0,2.0,2.0,,,6.182129208,4.032370212,2.149758996,2.599277223,0.329382239,8.0,4.0,2.0,1.0,,,,,0.073396247,0.047964448,0.069917292,0.009443993,0.013235986,0.195001406,0.652262364,0.515045314,0.083410219,0.040036905,,,,,,,,,,,,,,,,,,,,,,,,,,,,,,,,,,,,,,,,,,,,,,,,,,,,,,,,,,,,,,,,,,,,,,,,,,,,,,,,,,,,,,,,,,,,,,,,,,,,,,,,,,,,,,,,,,,,,,,,,,,,,,,,,,,,,,,,,,,,,,,,,,,,,,,,,,,,,,,,,,,,,,,,,,,2025,,,33.0,5.0,,,,,,,,,,,,,,,,,,,,,,,,,,,,,,2.158757377,,-1.73942107,
3.0,0.38,,,7.0,1.375,,3.0,1.0,,,,,,,,,,,1.57142857,,,,,,,,,,,,,,2.0,,1.0,5.0,1.0,1.0,5.0,3.0,,,,8.0,,,,,,,,,,,,,,,,,,,,,,,,,,,,,,,,,,,,,,,,,,,,Max Brosmer,MIN,FA,61,4573398,,FA,,{},"['Rookie', 'QB', 'OP', 'BE', 'IR']",,,,,,,,,,,,,,,,,,,,,,71.0,47.0,24.0,41.0,,63.0,30.0,13.0,12.0,5.0,1.0,6.0,1.0,3.0,1.0,,,,,4.0,0.66197183,14.0,1.0,,,,,,,,,,,,,,,,,,,,,,,,,,,,,,,,,,,,,,,,,,,,,,,,,,,,,,,,,,,,,,,,,,,,,,,,,,,,,,,,,,,,,,,,,,,,,,,,,,,,,,,,,,,,,,,,,,,,,,,,,,,,,,,,,,,,,,,,,,,,,,,,,,,,,,,,,,,,,,,,,,,,,,,,,,,,,,,,,,,,,,,,,,,,,,,,,,,,,,2025,,,18.0,1.0,,,,,,,,,,,,,,,,,,,,,,,,,,,,,,,,,
27.0,2.08,0.0,0.0,14.0,4.61538462,1.0,9.0,2.0,,,,,,,,,,,4.28571429,16.0,7.61538462,,14.0,5.0,2.0,1.0,,1.0,17.0,105.0,6.1875,,1.0,,1.0,1.0,5.0,5.0,5.0,8.0,6.0,1.0,,13.0,,,,,,,,,,,,,,,,,,,,,,,,,,,,,,,,,,,,,,,,,,,,Ameer Abdullah,IND,FA,80,2576336,,FA,,{},"['RB', 'RB/WR', 'RB/WR/TE', 'OP', 'BE', 'IR']",,,,,,,,563.0,52.0,18.0,,,,,,,,,,,,,,,,,,,,,,,,,,,,,,,,,,,,,,,,,,,,,,,,,,,,,,,,,,,,,,,,,,,,,,,,,,,,,,,,,,,,,,,,,,,,,,,,,,,,,,,,,,,,,,,,,,,,,,,,,,,,,,,,,,,,,,,,,,,,,,,,,,,,,,,,,,,,,,,,,,,,,,,,,,,,,,,,,,,,,,,,,,,,,,,,,,,,,,,,,,,,,,,,,,,,,,,,,,,,,,,,,,,,,,,,2025,,,,3.0,4.0,,,,,,,,,,,,,,,,,,,,,,,,,,,,,,,,
3.0,0.5,1.57,0.09,5.0,3.66666667,,3.0,,,,,,,,,,,,4.4,,,,,,,,,,,,,1.0,1.0,1.0,1.0,3.0,,,1.0,5.0,6.0,,,6.0,0.335611401,0.051485515,0.014054014,0.000761849,,,,,,,,0.000615592,0.000430914,-4.48968e-06,-1.53216e-07,2.607938067,,,,,,,,,,,,,,,,,,0.012643295,0.000362492,0.004126469,,0.082384569,0.001898176,,0.039462064,0.158035313,17.0,Kenny Pickett,LV,FA,61,4240703,,FA,,{},"['QB', 'OP', 'BE', 'IR']",,,,,,,,,,,,,,,,,,,,,,45.0,28.0,17.0,31.33333333,1.0,35.0,16.0,7.0,5.0,2.0,,4.0,1.0,2.0,1.0,,,,,2.0,0.62222222,8.0,,,,1.0,,5.971178625,3.719696132,2.251482492,2.299938892,0.19302998,7.0,3.0,1.0,1.0,,,,,0.072854423,0.047610366,0.062047962,0.008381053,0.011881445,0.118573249,0.622941695,0.393660268,0.0782581,0.037563888,,,,,,,,,,,,,,,,,,,,,,,,,,,,,,,,,,,,,,,,,,,,,,,,,,,,,,,,,,,,,,,,,,,,,,,,,,,,,,,,,,,,,,,,,,,,,,,,,,,,,,,,,,,,,,,,,,,,,,,,,,,,,,,,,,,,,,,,,,,,,,,,,,,,,,,,,,,,,,,,,,,,,,,,,,,2025,,,8.0,3.0,,,,,,,,,,,,,,,,,,,,,,,,,,,,,,2.132409729,,-1.997839272,
0.0,0.0,0.0,0.0,,,,,,,,,,,,,,,,,,,,,,,,,,,,,,,,,,,,,,,,,,,,,,,,,,,,,,,,,,,,,,,,,,,,,,,,,,,,,,,,,,,,,Odell Beckham Jr.,None,FA,0,16733,,FA,,{},"['RB/WR', 'WR', 'WR/TE', 'RB/WR/TE', 'OP', 'BE', 'IR']",,,,,,,,,,,,,,,,,,,,,,,,,,,,,,,,,,,,,,,,,,,,,,,,,,,,,,,,,,,,,,,,,,,,,,,,,,,,,,,,,,,,,,,,,,,,,,,,,,,,,,,,,,,,,,,,,,,,,,,,,,,,,,,,,,,,,,,,,,,,,,,,,,,,,,,,,,,,,,,,,,,,,,,,,,,,,,,,,,,,,,,,,,,,,,,,,,,,,,,,,,,,,,,,,,,,,,,,,,,,,,,,,,,,,,,,,,,,,,,,,,2025,,,,,,,,,,,,,,,,,,,,,,,,,,,,,,,,,,,,,
109.0,6.41,119.91,7.05,,,,,,,,,,,,,,,,,,,,,,,,,,,,,,,,,,1.0,2.0,5.0,12.0,97.0,,,17.0,,,,,,,,,,,,,,,,,,,,,,,,,,,,,,,,,,,,,,,,,,,17.0,Andre Szmyt,CLE,FA,22,4258620,,FA,,{},"['K', 'BE', 'IR']",,,,,,,,,,,,,,,,,,,,,,,,,,,,,,,,,,,,,,,,,,,,,,,,,,,,,,,,,,,,,,,,,,,,,,,,,,,1.0,,,,5.0,6.0,5.0,6.0,1.0,14.0,15.0,1.0,24.0,27.0,3.0,25.0,26.0,1.0,5.0,6.0,4.789619497,7.202435334,2.412815837,7.133693951,9.312916385,2.179222434,15.88036492,16.98434751,1.103982588,27.80367837,33.49969923,5.696020859,25.48272141,27.43027062,1.947549214,4.789619497,7.202435334,2.412815837,,,,,,,,,,,,,,,,,,,,,,,,,,,,,,,,,,,,,,,,,,,,,,,,,,,,,,,,,,,,,,,,,,,,,,,,,,,,,,,,,,,,,,,1.0,1.0,,,,,,,,,,,,,,,,,,,,,,,,,,,,,,,,,,,,,,,,,,2025,,,,,,922.0,139.0,1061.0,180.0,87.0,38.0,31.0,11.0,2.0,27.0,12.0,5.0,4.0,1.0,207.0,100.0,45.0,36.0,13.0,2.0,,,1056.066628,261.4765424,1317.543171,,,,,,,
34.0,2.12,70.89,4.17,,,,,,,,,,,,,,,,,21.0,11.125,,31.0,13.0,5.0,4.0,,,37.0,107.0,8.47619048,,,,,,,,6.0,10.0,,,,16.0,,,,,,,,,,,,,,,,,16.02596851,2.235147559,0.117249156,0.092199127,0.060252129,54.0,27.0,13.0,10.0,5.0,30.5306603,,,0.108792591,0.003364719,40.25400048,8.923536603,0.117249156,0.001150175,,0.261403495,0.261403495,,0.146385957,0.146385957,0.146385957,17.0,Noah Gray,KC,FA,59,4240472,,FA,,{},"['WR/TE', 'TE', 'RB/WR/TE', 'OP', 'BE', 'IR']",,,,,,,,,,,,,,,,,,,,,,,,,,,,,,,,,,,,,,,,,,,,,,,,,,,,,,,,,,,,,,,,,,,,,,,,,,,,,,,,,,,,,,,,,,,,,,,,,,,,,,,,,,,,,,,,,,,,,,,,,,,,,,,,,,,,,,,,,,,,,,,,,,,,,,,,,,,,,,,,,,,,,,,,,,,,,,,,,,,,,,,,,,,,,,,,,,,,,,,,,,,,,,,,,,,,,,,,,,,,,,,,,,,,,,,,,,,,,,,,,,2025,,,,,9.0,,,,,,,,,,,,,,,,,,,,,,,,,,,,,,14.23608781,,
28.0,1.75,19.51,1.15,8.0,1.4375,,4.0,1.0,,,,,,,,,,,2.875,19.0,8.8125,,24.0,8.0,1.0,1.0,,,31.0,200.0,7.42105263,,,,,,3.0,6.0,13.0,3.0,,,,16.0,21.83825536,5.561342374,0.586988994,0.034313564,18.0,9.0,4.0,3.0,1.0,4.0,2.0,0.040526342,0.028368439,0.022507369,0.00076809,4.329229546,1.702399386,0.150652838,0.008003134,0.038240383,0.024990091,5.0,2.0,1.0,1.0,,4.218564523,,,0.015883957,0.000491256,5.412309418,6.860340624,0.042316698,0.001025381,0.19531208,0.037729049,0.23304113,0.089843557,0.021128268,0.110971825,0.110971825,17.0,Tyler Badie,DEN,FA,78,4362748,,FA,,{},"['RB', 'RB/WR', 'RB/WR/TE', 'OP', 'BE', 'IR']",,,,,,,,452.0,43.0,15.0,,,,,,,,,,,,,,,,,,,,,,,,,,,,,,,,,,,,,,,,,,,,,,,,,,,,,,,,,,,,,,,,,3.0,,,,,,,,,,,,,,,,,,,,,,,,,,,,,,,,,,,,,,,,,,,,,,,,,,,,,,,,,,,,,,,,,,,,,,,,,,,,,,,,,,,,,,,,,,,,,,,,,,,,,,,,,,,,,,,,,,,,,,,,,,,,,,,,,,,,,,,,,,,,,,,,,,,,,,,,,,,,,,,,,,,,,,,2025,,,,1.0,9.0,,,,,,,,,,,,,,,,,,,,,,,,,,,,,7.028603374,0.67151754,,
22.0,7.33,0.0,0.0,,,,,,,,,,,,,,,,,,,,,,,,,,,,,,,,,,,,3.0,,19.0,,,3.0,,,,,,,,,,,,,,,,,,,,,,,,,,,,,,,,,,,,,,,,,,,,Lucas Havrisik,GB,FA,40,4245661,,FA,,{},"['K', 'BE', 'IR']",,,,,,,,,,,,,,,,,,,,,,,,,,,,,,,,,,,,,,,,,,,,,,,,,,,,,,,,,,,,,,,,,,,,,,,,,,,,,,,1.0,1.0,1.0,1.0,,2.0,2.0,,4.0,4.0,,7.0,9.0,2.0,,,,,,,,,,,,,,,,,,,,,,,,,,,,,,,,,,,,,,,,,,,,,,,,,,,,,,,,,,,,,,,,,,,,,,,,,,,,,,,,,,,,,,,,,,,,,,,,,,,,,,,,,,,,,1.0,,,,,,,,,,,,,,1.0,,,,,,,,,,,,,,,,,,,,,,,,,,,2025,,,,,,174.0,,174.0,34.0,17.0,8.0,6.0,2.0,,,,,,,34.0,17.0,8.0,6.0,2.0,,,,,,,,,,,,,
33.0,5.5,61.0,3.59,,,,,,,,,,,,,,,,,15.0,14.83333333,2.0,16.0,6.0,2.0,1.0,,1.0,26.0,24.0,5.93333333,,,,,,,,3.0,3.0,12.0,,,6.0,,,,,,,,,,,,,,,,,15.18767932,1.498702533,0.084812775,0.0899548,0.058785462,51.0,25.0,12.0,10.0,5.0,26.86207689,,,0.144464047,0.00446796,37.84616498,9.611712062,0.084812775,0.002363863,,0.537241538,0.537241538,,0.300855261,0.300855261,0.300855261,17.0,Hunter Renfrow,None,FA,126,3135321,,FA,,{},"['RB/WR', 'WR', 'WR/TE', 'RB/WR/TE', 'OP', 'BE', 'IR']",,,,,,,,,,,,0.09457567,,148.8403982,,,14.0,5.0,,2.0,,,,,,,,,,,,,,,,,,,,,,,,,,,,,,,,,,,,,,,,,,,,,,,,,,,,,,,,,,,,,,,,,,,,,,,,,,,,,,,,,,,,,,,,,,,,,,,,,,,,,,,,,,,,,,,,13.0,1.0,,,,,,,,,,,,,,,,,,,,,,,,,,,,,,,,,,,,,,,,,,,,,,,,,,,,,,,,,,,,,,,,,,,,,,,,,,,,,,,,,,,,,,,,,,,,,,,,,,,,,,,,,,,,,2025,,,,,8.0,,,,,,,,,,,,,,,,,,,,,,,,,,,,,,12.70576845,,
10.0,2.5,102.66,6.04,,,,,,,,,,,,,,,,,5.0,20.75,,14.0,5.0,2.0,2.0,,,10.0,11.0,16.6,,,,,,,,2.0,2.0,,,,4.0,,,,,,,,,,,,,,,,,29.14369636,2.27958182,0.125358053,0.1571201,0.102677986,99.0,49.0,24.0,19.0,9.0,40.4028424,,,0.376651675,0.011649021,64.59749734,12.26257384,0.125358053,0.002709196,,0.615726471,0.615726471,,0.344806824,0.344806824,0.344806824,17.0,Noah Brown,WSH,FA,175,3121409,,FA,,{},"['RB/WR', 'WR', 'WR/TE', 'RB/WR/TE', 'OP', 'BE', 'IR']",,,,,,,,,,,,,,,,,,,,,,,,,,,,,,,,,,,,,,,,,,,,,,,,,,,,,,,,,,,,,,,,,,,,,,,,,,,,,,,,,,,,,,,,,,,,,,,,,,,,,,,,,,,,,,,,,,,,,,,,,,,,,,,,,,,,,,,,,,,,,,,,,,,,,,,,,,,,,,,,,,,,,,,,,,,,,,,,,,,,,,,,,,,,,,,,,,,,,,,,,,,,,,,,,,,,,,,,,,,,,,,,,,,,,,,,,,,,,,,,,,2025,,,,,3.0,,,,,,,,,,,,,,,,,,,,,,,,,,,,,,22.65395678,,
59.0,5.9,0.0,0.0,1.0,-0.7,,,,,,,,,,,,,,-7.0,26.0,33.5,1.0,63.0,29.0,13.0,7.0,1.0,2.0,33.0,199.0,12.88461538,,1.0,,1.0,1.0,1.0,2.0,6.0,4.0,6.0,,,10.0,,,,,,,,,,,,,,,,,,,,,,,,,,,,,,,,,,,,,,,,,,,,Greg Dulcich,MIA,FA,42,4367209,,FA,,{},"['WR/TE', 'TE', 'RB/WR/TE', 'OP', 'BE', 'IR']",,,,,,1.0,1.0,,,,,,,,,,,,,,,,,,,,,,,,,,,,,,,,,,,,,,,,,,,,,,,,,,,,,,,,,,,,,,,,,,,1.0,1.0,,,,,,,,,,,,,,,,,,,,,,,,,,,,,,,,,,,,,,,,,,,,,,,,,,,,,,,,,,,,,,,,,,,,,,,,,,,,,,,,,,,,,,,,,,,,,,,,,,,,,,,,,,,,,,,,,,,,,,,,,,,,,,,,,,,,,,,,,,,,,,,,,,,,,,,,,,,,,,,,,,,,,,,2025,,,,,14.0,,,,,,,,,,,,,,,,,,,,,,,,,,,,,,,,
9.0,3.0,0.0,0.0,5.0,6.0,,3.0,1.0,,,,,,,,,,,3.6,,,,,,,,,,,,,1.0,4.0,1.0,2.0,2.0,,,,3.0,6.0,,,3.0,,,,,,,,,,,,,,,,,,,,,,,,,,,,,,,,,,,,,,,,,,,,Chris Oladokun,KC,FA,57,4044111,,FA,,{},"['QB', 'OP', 'BE', 'IR']",,,,,,1.0,,,,,,,,,,,,,,,,55.0,35.0,20.0,78.33333333,1.0,46.0,22.0,10.0,8.0,4.0,1.0,6.0,3.0,3.0,,,,,,,0.63636364,8.0,2.0,1.0,,,,,,,,,,,,,,,,,,,,,,,,,,,,,,,,,,,,,,,,,,,,,,,,,,,,,,,,,,,,,,,,,,,,,,,,,,,,,,,,,,,,,,,,,,,,,,,,,,,,,,,,,,,,,,,,,,,,,,,,,,,,,,,,,,,,,,,,,,,,,,,,,,,,,,,,,1.0,,,,,,,,,,,,,,,,,,,,,,,,,,,,,,,,,,,,,,,,,,,,2025,,,10.0,,,,,,,,,,,,,,,,,,,,,,,,,,,,,,,,,,
35.0,2.69,69.39,4.08,,,,,,,,,,,,,,,,,12.0,12.76923077,2.0,30.0,13.0,4.0,3.0,1.0,,20.0,66.0,13.83333333,,1.0,,1.0,1.0,1.0,1.0,6.0,7.0,12.0,,,13.0,,,,,,,,,,,,,,,,,18.85254183,1.75615433,0.094398076,0.12645205,0.082636415,64.0,32.0,16.0,12.0,6.0,27.22638244,,,0.141064489,0.004362819,43.95497345,11.77142104,0.094398076,0.002258818,,0.513367664,0.513367664,,0.287485892,0.287485892,0.287485892,17.0,Roman Wilson,PIT,FA,123,4431492,,FA,,{},"['RB/WR', 'WR', 'WR/TE', 'RB/WR/TE', 'OP', 'BE', 'IR']",,,,,,1.0,1.0,,,,,,,,,,,,,,2.0,,,,,,,,,,,,,,,,,,,,,,,,,,,,,,,,,,,,,,,,,,,,,,,,,,,,,,,,,,,,,,,,,,,,,,,,,,,,,,,,,,,,,,,,,,,,,,,,,,,,,,,,,,,,,,,,,,,,,,,,,,,,,,,,,,,,,,,,,,,,,,,,,,,,,,,,,,,,,,,,,,,,,,,,,,,,,,,,,,,,,,,,,,,,,,,,,,,,,,,,,,,,,,,,,,,,,,,,,,,,,2025,,,,,7.0,,,,,,,,,,,,,,,,,,,,,,,,,,,,,,14.61214484,,
0.0,0.0,0.0,0.0,,,,,,,,,,,,,,,,,,,,,,,,,,,,,,,,,,,,,,,,,,,,,,,,,,,,,,,,,,,,,,,,,,,,,,,,,,,,,,,,,,,,,Deshaun Watson,CLE,FA,0,3122840,,FA,,{},"['QB', 'OP', 'BE', 'IR']",,,,,,,,,,,,,,,,,,,,,,,,,,,,,,,,,,,,,,,,,,,,,,,,,,,,,,,,,,,,,,,,,,,,,,,,,,,,,,,,,,,,,,,,,,,,,,,,,,,,,,,,,,,,,,,,,,,,,,,,,,,,,,,,,,,,,,,,,,,,,,,,,,,,,,,,,,,,,,,,,,,,,,,,,,,,,,,,,,,,,,,,,,,,,,,,,,,,,,,,,,,,,,,,,,,,,,,,,,,,,,,,,,,,,,,,,,,,,,,,,,2025,,,,,,,,,,,,,,,,,,,,,,,,,,,,,,,,,,,,,
0.0,0.0,0.0,0.0,,,,,,,,,,,,,,,,,,,,,,,,,,,,,,,,,,,,,,,,,,,,,,,,,,,,,,,,,,,,,,,,,,,,,,,,,,,,,,,,,,,,,Jonathon Brooks,CAR,FA,0,4678008,,FA,,{},"['RB', 'RB/WR', 'RB/WR/TE', 'OP', 'BE', 'IR']",,,,,,,,,,,,,,,,,,,,,,,,,,,,,,,,,,,,,,,,,,,,,,,,,,,,,,,,,,,,,,,,,,,,,,,,,,,,,,,,,,,,,,,,,,,,,,,,,,,,,,,,,,,,,,,,,,,,,,,,,,,,,,,,,,,,,,,,,,,,,,,,,,,,,,,,,,,,,,,,,,,,,,,,,,,,,,,,,,,,,,,,,,,,,,,,,,,,,,,,,,,,,,,,,,,,,,,,,,,,,,,,,,,,,,,,,,,,,,,,,,2025,,,,,,,,,,,,,,,,,,,,,,,,,,,,,,,,,,,,,
45.0,6.43,0.0,0.0,,,,,,,,,,,,,,,,,,,,,,,,,,,,,,,,,,,,3.0,4.0,45.0,,,7.0,,,,,,,,,,,,,,,,,,,,,,,,,,,,,,,,,,,,,,,,,,,,Parker Romo,None,FA,36,4051167,,FA,,{},"['K', 'BE', 'IR']",,,,,,,,,,,,,,,,,,,,,,,,,,,,,,,,,,,,,,,,,,,,,,,,,,,,,,,,,,,,,,,,,,,,,,,,,,,,,,,1.0,2.0,1.0,2.0,1.0,9.0,10.0,1.0,11.0,14.0,3.0,12.0,13.0,1.0,1.0,2.0,,,,,,,,,,,,,,,,,,,,,,,,,,,,,,,,,,,,,,,,,,,,,,,,,,,,,,,,,,,,,,,,,,,,,,,,,,,,,,,,,,,,,,,,,,,,,,,,,,,,,,,,,1.0,1.0,,,,,,,,,,,,,,,,,,,,,,,,,,,,,,,,,,,,,,,,,,2025,,,,,,405.0,141.0,546.0,78.0,37.0,17.0,13.0,4.0,1.0,27.0,13.0,6.0,5.0,2.0,106.0,51.0,24.0,18.0,7.0,2.0,,1.0,,,,,,,,,,
25.0,5.0,,,13.0,9.8,,8.0,3.0,1.0,1.0,,,1.0,,,,,,3.76923077,,,,,,,,,,,,,2.0,3.0,,1.0,8.0,,,,5.0,12.0,,,5.0,,,,,,,,,,,,,,,,,,,,,,,,,,,,,,,,,,,,,,,,,,,,Brady Cook,NYJ,FA,52,4429435,,FA,,{},"['Rookie', 'QB', 'OP', 'BE', 'IR']",,,,,,,,,,,,,,,,,,,,,,153.0,88.0,65.0,147.8,2.0,146.0,72.0,35.0,28.0,13.0,4.0,15.0,7.0,11.0,5.0,,,,1.0,7.0,0.5751634,19.0,1.0,2.0,,,,,,,,,,,,,,,,,,,,,,,,,,,,,,,,,,,,,,,,,,,,,,,,,,,,,,,,,,,,,,,,,,,,,,,,,,,,,,,,,,,,,,,,,,,,,,,,,,,,,,,,,,,,,,,,,,,,,,,,,,,,,,,,,,,,,,,,,,,,,,,,,,,,,,,,,,,,,,,,,,,,,,,,,,,,,,,,,,,,,,,,,,,,,,,,,,,,,2025,,,34.0,4.0,,,,,,,,,,,,,,,,,,,,,,,,,,,,,,,,,
53.0,3.79,24.91,1.78,1.0,0.42857143,,1.0,,,,,,,,,,,,6.0,22.0,19.71428571,1.0,50.0,23.0,9.0,5.0,,,35.0,36.0,12.54545455,,,,,,,,9.0,5.0,8.0,,,14.0,,,,,,,,,,,,,,,,,8.716361808,0.902264594,0.037903144,0.220142936,0.143863408,24.0,12.0,6.0,4.0,2.0,7.587921034,,,0.071114144,0.002199407,13.71822238,16.08201571,0.037903144,0.000667737,,0.151758421,0.151758421,,0.084984716,0.084984716,0.084984716,14.0,Demarcus Robinson,SF,FA,102,3043116,,FA,,{},"['RB/WR', 'WR', 'WR/TE', 'RB/WR/TE', 'OP', 'BE', 'IR']",,,,,,,,,,,,,,,,,,,,,1.0,,,,,,,,,,,,,,,,,,,,,,,,,,,,,,,,,,,,,,,,,,,,,,,,,,,1.0,,,,,,,,,,,,,,,,,,,,,,,,,,,,,,,,,,,,,,,,,,,,,,,,,,,,,,,,,,,,,,,,,,,,,,,,,,,,,,,,,,,,,,,,,,,,,,,,,,,,,,,,,,,,,,,,,,,,,,,,,,,,,,,,,,,,,,,,,,,,,,,,,,,,,,,,,,,,,,,,,,,,,,,,,,2025,,,,,15.0,,,,,,,,,,,,,,,,,,,,,,,,,,,,,,4.516750346,,
27.0,5.4,0.0,0.0,6.0,5.4,2.0,5.0,2.0,1.0,,,,,,,,,,4.5,,-0.6,,,,,,,,,-3.0,,,2.0,,2.0,5.0,,,1.0,4.0,24.0,2.0,,5.0,,,,,,,,,,,,,,,,,,,,,,,,,,,,,,,,,,,,,,,,,,,,Riley Leonard,IND,FA,51,4683423,,FA,,{},"['Rookie', 'QB', 'OP', 'BE', 'IR']",,,,,,1.0,1.0,,,,,,,,,,,,,,,67.0,39.0,28.0,83.0,2.0,83.0,41.0,20.0,15.0,7.0,3.0,7.0,3.0,4.0,2.0,1.0,1.0,,,3.0,0.58208955,2.0,,1.0,,,,,,,,,,,,,,,,,,,,,,,,,,,,,,,,,,,,,,,,,,,,,,,,,,,,,,,,,,,,,,,,,,,,,,,,,,,,,,,,,,,,,,,,,,,,,,,,,,,,,,,,,,,,,,,,,,,,,,,,,,,,,,,,,,,,,,,,,,,,,,,,,,,,,,,,,,,,,,,,,,,,,,,,,,,,,,,,,,,,,,,,,,,,,,,,,,,,,2025,,,18.0,4.0,,,,,,,,,,,,,,,,,,,,,,,,,,,,,,,,,
19.0,1.9,65.36,3.84,,,,,,,,,,,,,,,,,10.0,7.0,1.0,11.0,3.0,,,,,18.0,33.0,7.0,,,,,,,,2.0,8.0,6.0,,,10.0,,,,,,,,,,,,,,,,,18.57490573,1.617622176,0.105895533,0.151439439,0.098965673,63.0,31.0,15.0,12.0,6.0,24.800464,,,0.13735023,0.004247945,41.53446558,12.73256006,0.105895533,0.001440287,,0.327337993,0.327337993,,0.183309276,0.183309276,0.183309276,17.0,Allen Lazard,None,FA,150,3128390,,FA,,{},"['RB/WR', 'WR', 'WR/TE', 'RB/WR/TE', 'OP', 'BE', 'IR']",,,,,,,,,,,,,,,,,,,,1.0,,,,,,,,,,,,,,,,,,,,,,,,,,,,,,,,,,,,,,,,,,,,,,,,,,,,,,,,,,,,,,,,,,,,,,,,,,,,,,,,,,,,,,,,,,,,,,,,,,,,,,,,,,,,,,,,,,,,,,,,,,,,,,,,,,,,,,,,,,,,,,,,,,,,,,,,,,,,,,,,,,,,,,,,,,,,,,,,,,,,,,,,,,,,,,,,,,,,,,,,,,,,,,,,,,,,,,,,,,,,,,2025,,,,,4.0,,,,,,,,,,,,,,,,,,,,,,,,,,,,,,13.87239612,,
3.0,0.19,18.86,1.11,16.0,2.8125,,8.0,2.0,,,,,1.0,,,,,,2.8125,1.0,0.5625,,1.0,,,,,,2.0,11.0,9.0,,,,,,5.0,7.0,5.0,11.0,,,,16.0,24.88026928,5.909359376,0.833499437,0.048102109,20.0,10.0,5.0,4.0,2.0,4.0,2.0,0.046249418,0.032374593,0.025582562,0.000873035,4.037701853,0.964991728,0.101789047,0.003855116,0.038308394,0.025034535,3.0,1.0,,,,2.348583179,,,0.009447457,0.000292189,3.061134201,6.985002501,0.051957225,0.000982652,0.204067114,0.019262999,0.223330112,0.093870872,0.010787279,0.104658151,0.104658151,17.0,Tahj Brooks,CIN,FA,121,4429299,,FA,,{},"['Rookie', 'RB', 'RB/WR', 'RB/WR/TE', 'OP', 'BE', 'IR']",,,,,,,,258.0,25.0,8.0,,,,,,,,,,,,,,,,,,,,,,,,,,,,,,,,,,,,,,,,,,,,,,,,,,,,,,,,,,,,,,,,,2.0,,,,,,,,,,,,,,,,,,,,,,,,,,,,,,,,,,,,,,,,,,,,,,,,,,,,,,,,,,,,,,,,,,,,,,,,,,,,,,,,,,,,,,,,,,,,,,,,,,,,,,,,,,,,,,,,,,,,,,,,,,,,,,,,,,,,,,,,,,,,,,,,,,,,,,,,,,,,,,,,,,,,,,,2025,,,,1.0,,,,,,,,,,,,,,,,,,,,,,,,,,,,,,7.5969548,-0.120385826,,
38.0,7.6,123.93,7.29,,,,,,,,,,,,,,,,,,,,,,,,,,,,,,,,,,,,,5.0,36.0,,,5.0,,,,,,,,,,,,,,,,,,,,,,,,,,,,,,,,,,,,,,,,,,,17.0,Graham Gano,NYG,FA,37,12460,,FA,,{},"['K', 'BE', 'IR']",,,,,,,,,,,,,,,,,,,,,,,,,,,,,,,,,,,,,,,,,,,,,,,,,,,,,,,,,,,,,,,,,,,,,,,,,,,,,,,1.0,1.0,1.0,2.0,1.0,7.0,7.0,,9.0,10.0,1.0,9.0,9.0,,1.0,1.0,4.806538245,7.16722185,2.360683605,7.150971569,9.267384532,2.116412963,15.89784135,16.9013092,1.003467855,27.85535116,33.33591558,5.480564423,29.07589191,31.10959444,2.033702528,4.806538245,7.16722185,2.360683605,,,,,,,,,,,,,,,,,,,,,,,,,,,,,,,,,,,,,,,,,,,,,,,,,,,,,,,,,,,,,,,,,,,,,,,,,,,,,,,,,,,,,,,,,,,,,,,,,,,,,,,,,,,,,,,,,,,,,,,,,,,,,,,,,,2025,,,,,,308.0,45.0,353.0,60.0,29.0,14.0,11.0,4.0,1.0,9.0,4.0,2.0,1.0,,69.0,33.0,16.0,13.0,5.0,1.0,,,1058.282026,252.8195337,1311.10156,,,,,,,
-6.0,-0.38,,,,,,,,,,,,,,,,,,,,,,,,,,,,,,,,4.0,,3.0,3.0,,,8.0,8.0,,,,16.0,,,,,,,,,,,,,,,,,,,,,,,,,,,,,,,,,,,,,,,,,,,,Myles Price,MIN,FA,249,4430656,,FA,,{},"['Rookie', 'RB/WR', 'WR', 'WR/TE', 'RB/WR/TE', 'OP', 'BE', 'IR']",,,,,,,,1479.0,141.0,51.0,,,,,,,,,,,,,,,,,,,,,,,,,,,,,,,,,,,,,,,,,,,,,,,,,,,,,,,,,,,,,,,,,,,,,,,,,,,,,,,,,,,,,,,,,,,,,,,,,,,,,,,,,,,,,,,,,,,,,,,,,,298.0,23.0,7.0,,,,,,,,,,,,,,,,,,,,,,,,,,,,,,,,,,,,,,,,,,,,,,,,,,,,,,,,,,,,,,,,,,,,,,,,,,,,,,,,,,,,,,,,,,,,,,,,,,,,,,,,,,,,2025,,,,,,,,,,,,,,,,,,,,,,,,,,,,,,,,,,,,,
0.0,0.0,0.0,0.0,,,,,,,,,,,,,,,,,,,,,,,,,,1.0,,,,,,,,,,,1.0,,,,1.0,,,,,,,,,,,,,,,,,,,,,,,,,,,,,,,,,,,,,,,,,,,,Elijah Mitchell,NE,FA,136,4241555,,FA,,{},"['RB', 'RB/WR', 'RB/WR/TE', 'OP', 'BE', 'IR']",,,,,,,,,,,,,,,,,,,,,,,,,,,,,,,,,,,,,,,,,,,,,,,,,,,,,,,,,,,,,,,,,,,,,,,,,,,,,,,,,,,,,,,,,,,,,,,,,,,,,,,,,,,,,,,,,,,,,,,,,,,,,,,,,,,,,,,,,,,,,,,,,,,,,,,,,,,,,,,,,,,,,,,,,,,,,,,,,,,,,,,,,,,,,,,,,,,,,,,,,,,,,,,,,,,,,,,,,,,,,,,,,,,,,,,,,,,,,,,,,,2025,,,,,,,,,,,,,,,,,,,,,,,,,,,,,,,,,,,,,
-2.0,-0.67,4.56,0.27,3.0,1.33333333,,,,,,,,,,,,,,1.33333333,,,,,,,,,,,,,1.0,1.0,1.0,1.0,1.0,,,1.0,2.0,,,,3.0,4.698561543,1.205127763,0.171438626,0.009005937,4.0,2.0,1.0,,,,,0.008638772,0.006047141,0.000936208,3.19492e-05,4.360307252,,,,,,,,,,,,,,,,,,0.02167698,0.000631747,0.063032821,,0.143578927,0.028995098,,0.067657229,0.198640816,17.0,Jalen Milroe,SEA,FA,81,4432734,,FA,,{},"['Rookie', 'QB', 'OP', 'BE', 'IR']",,,,,,,,,,,,,,,,,,,,,,,,,,,,,,,,,,,,,,,,,,,,,,,,,5.623450631,3.740032269,1.883418362,2.269114599,0.220860207,7.0,3.0,1.0,1.0,,,,,0.072799115,0.047574222,0.061235053,0.00827125,0.012671043,0.130983587,0.665077817,0.380577558,0.080546106,0.038662131,,,,,,,,,,,,,,,,,,,,,,,,,,,,,,,,,,,,,,,,,,,,,,,,,,,,,,,,,,,,,,,,,,,,,,,,,,,,,,,,,,,,,,,,,,,,,,,,,,,,,,,,,,,,,,,,,,,,,,,,,,,,,,,,,,,,,,,,,,,,,,,,,,,,,,,,,,,,,,,,,,,,,,,,,,,2025,,,,,,,,,,,,,,,,,,,,,,,,,,,,,,,,,,3.177006077,,-1.993064152,
0.0,0.0,0.0,0.0,,,,,,,,,,,,,,,,,,,,,,,,,,,,,,,,,,,,,,,,,,,,,,,,,,,,,,,,,,,,,,,,,,,,,,,,,,,,,,,,,,,,,Julio Jones,None,FA,0,13982,,FA,,{},"['RB/WR', 'WR', 'WR/TE', 'RB/WR/TE', 'OP', 'BE', 'IR']",,,,,,,,,,,,,,,,,,,,,,,,,,,,,,,,,,,,,,,,,,,,,,,,,,,,,,,,,,,,,,,,,,,,,,,,,,,,,,,,,,,,,,,,,,,,,,,,,,,,,,,,,,,,,,,,,,,,,,,,,,,,,,,,,,,,,,,,,,,,,,,,,,,,,,,,,,,,,,,,,,,,,,,,,,,,,,,,,,,,,,,,,,,,,,,,,,,,,,,,,,,,,,,,,,,,,,,,,,,,,,,,,,,,,,,,,,,,,,,,,,2025,,,,,,,,,,,,,,,,,,,,,,,,,,,,,,,,,,,,,
0.0,0.0,0.24,0.01,,,,,,,,,,,,,,,,,,,,,,,,,,,,,,,,,,,,3.0,2.0,,,,5.0,,,,,,,,,,,,,,,,,,,,,,,,,,,,,,,,,,,,,,,,,,,17.0,Jarquez Hunter,LAR,FA,136,4710341,,FA,,{},"['Rookie', 'RB', 'RB/WR', 'RB/WR/TE', 'OP', 'BE', 'IR']",,,,,,,,,,,0.039909276,,144.933685,,14.0,5.0,,,,,,,,,,,,,,,,,,,,,,,,,,,,,,,,,,,,,,,,,,,,,,,,,,,,,,,,,,,,,,,,,,,,,,,,,,,,,,,,,,,,,,,,,,,,,,,,,,,,,,,,,,,,,,,,,,,,,,,,,,,,,,,,,,,,,,,,,,,,,,,,,,,,,,,,,,,,,,,,,,,,,,,,,,,,,,,,,,,,,,,,,,,,,,,,,,,,,,,,,,,,,,,,,,,,,,,,,,,,,,,,,,2025,,,,,,,,,,,,,,,,,,,,,,,,,,,,,,,,,,,,,
24.0,1.5,45.39,2.67,,,,,,,,,,,,,,,,,11.0,7.125,1.0,19.0,7.0,3.0,2.0,,,13.0,63.0,10.36363636,,,,,,,,5.0,11.0,6.0,,,16.0,,,,,,,,,,,,,,,,,10.79425896,1.43198188,0.07885364,0.104514384,0.06830015,36.0,18.0,9.0,7.0,3.0,18.88888606,,,0.069036434,0.002135147,26.30822601,9.714834524,0.07885364,0.001016567,,0.231038044,0.231038044,,0.129381305,0.129381305,0.129381305,17.0,Ben Sinnott,WSH,FA,68,4690923,,FA,,{},"['WR/TE', 'TE', 'RB/WR/TE', 'OP', 'BE', 'IR']",,,,,,,,,,,,,,,,,,,,1.0,,,,,,,,,,,,,,,,,,,,,,,,,,,,,,,,,,,,,,,,,,,,,,,,,,,,,,,,,,,,,,,,,,,,,,,,,,,,,,,,,,,,,,,,,,,,,,,,,,,,,,,,,,,,,,,,,,,,,,,,,,,,,,,,,,,,,,,,,,,,,,,,,,,,,,,,,,,,,,,,,,,,,,,,,,,,,,,,,,,,,,,,,,,,,,,,,,,,,,,,,,,,,,,,,,,,,,,,,,,,,,2025,,,,,5.0,,,,,,,,,,,,,,,,,,,,,,,,,,,,,,8.801526087,,
9.0,1.8,1.6,0.09,5.0,-0.4,,,,,,,,,,,,,,-0.4,,,,,,,,,,,,,1.0,2.0,1.0,2.0,3.0,,1.0,2.0,3.0,6.0,,,5.0,0.245283526,0.05011373,0.006644767,0.00034861,,,,,,,,0.000449887,0.000314921,-4.42505e-06,-1.5101e-07,3.473259786,,,,,,,,,,,,,,,,,,0.013201042,0.000334524,0.00275562,,0.076028158,0.001267585,,0.036438404,0.210249918,17.0,Andy Dalton,CAR,FA,57,14012,,FA,,{},"['QB', 'OP', 'BE', 'IR']",,,,,,,,,,,,,,,,,,,,,,37.0,25.0,12.0,58.6,1.0,58.0,28.0,13.0,11.0,5.0,1.0,4.0,1.0,1.0,,,,,,1.0,0.67567568,8.0,1.0,1.0,,,,6.125647802,3.920848838,2.204798963,2.459227002,0.238712129,8.0,4.0,2.0,1.0,,,,,0.073141541,0.047797997,0.06624186,0.008947538,0.012852432,0.173811514,0.64007089,0.396495098,0.073272538,0.035170818,,,,1.0,,,,,,,,,,,,,,,,,,,,,,,,,,,,,,,,,,,,,,,,,,,,,,,,,,,,,,,,,,,,,,,,,,,,,,,,,,,,,,,,,,,,,,,,,,,,,,,,,,,,,,,,,,,,,,,,,,,,,,,,,,,1.0,,,,,,,,,,,,,,,,,,,,,,,,,,,,,,,,,,,,,,,,,,,,2025,,,18.0,,,,,,,,,,,,,,,,,,,,,,,,,,,,,,,2.120610997,,-1.862617553,
31.0,1.94,,,32.0,7.125,,19.0,7.0,1.0,1.0,,,2.0,,,,,,3.5625,14.0,6.125,1.0,16.0,6.0,3.0,1.0,,1.0,16.0,105.0,7.0,2.0,2.0,1.0,1.0,1.0,3.0,7.0,8.0,8.0,6.0,,,16.0,,,,,,,,,,,,,,,,,,,,,,,,,,,,,,,,,,,,,,,,,,,,Zavier Scott,MIN,FA,74,4257364,,FA,,{},"['RB', 'RB/WR', 'RB/WR/TE', 'OP', 'BE', 'IR']",,,,,,,,,,,,,,,,,,,,,,,,,,,,,,,,,,,,,,,,,,,,2.0,,,,,,,,,,,,,,,,,,,,,,,,,,,,,,1.0,4.0,,,,,,,,,,,,,,,,,,,,,,,,,,,,,,,,,,,,,,,,,,,,,,,,,,,,,,,,,,,,,,,,,,,,,,,,,,,,,,,,,,,,,,,,,,,,,,,,,,,,,,,,,,,,,,,,,,,,,,,,,,,1.0,,,,,,,,,,,,,,,,,,,,,,,,,,,,,,,,,,,,,,,,,,,,2025,,,,5.0,7.0,,,,,,,,,,,,,,,,,,,,,,,,,,,,,,,,
18.0,1.06,47.9,2.82,23.0,5.52941176,,16.0,7.0,1.0,1.0,,,1.0,,,,,,4.08695652,10.0,3.17647059,,7.0,1.0,,,,,11.0,61.0,5.4,,,,,,1.0,3.0,13.0,4.0,,,,17.0,45.7489283,11.11705083,1.174351022,0.065170708,37.0,18.0,9.0,7.0,3.0,9.0,4.0,0.086097699,0.060268389,0.095858921,0.003271297,4.131022763,5.146839633,0.423745175,0.023305214,0.037254973,0.024346125,17.0,8.0,4.0,3.0,1.0,12.58050533,,,0.039088118,0.001208911,16.61023588,6.95490932,0.088475923,0.00210503,0.375231138,0.103184872,0.47841601,0.172606323,0.057783529,0.230389852,0.230389852,17.0,LeQuint Allen Jr.,JAX,FA,90,4911851,,FA,,{},"['Rookie', 'RB', 'RB/WR', 'RB/WR/TE', 'OP', 'BE', 'IR']",,,,,,,,617.0,56.0,20.0,,,,,,,,,,,,,,,,,,,,,,,,,,,,,,,,,,,,,,,,,,,,,,,,,,,,,,,,,,,,,,,,,2.0,,,1.0,,,,,,,,,,,,,,,,,,,,,,,,,,,,,,,,,,,1.0,,,,,,,,,,,,,,,,,,,,,,,,,,,,,,,,,,,,,,,,,,,,,,,,,,,,,,,,,,,,,,,,,,,,,,,,,,,,,,,,,,,,,,,,,,,,,,,,,,,,,,,,,,,,,,,,,,,,,,,,,,,,,,,,,2025,,,,5.0,,,,,,,,,,,,,,,,,,,,,,,,,,,,,,12.10816715,4.303881899,,
16.0,2.0,12.14,0.71,,,,,,,,,,,,,,,,,3.0,9.375,1.0,15.0,7.0,3.0,2.0,,,3.0,40.0,25.0,,,,,,,,8.0,,6.0,,,8.0,,,,,,,,,,,,,,,,,3.347352516,0.383704777,0.02232064,0.136755124,0.089369473,11.0,5.0,2.0,2.0,1.0,4.853425399,,,0.028218242,0.000872729,7.667909478,11.72470742,0.02232064,0.000226896,,0.051567172,0.051567172,,0.028877616,0.028877616,0.028877616,17.0,Efton Chism III,NE,FA,158,4695193,,FA,,{},"['Rookie', 'RB/WR', 'WR', 'WR/TE', 'RB/WR/TE', 'OP', 'BE', 'IR']",,,,,,,,383.0,35.0,12.0,,,,,,,,,,,,,,,,,,,,,,,,,,,,,,,,,,,,,,,,,,,,,,,,,,,,,,,,,,,,,,,,1.0,,,,,,,,,,,,,,,,,,,,,,,,,,,,,,,,,,,,,,,,,,,,,,,,,,,,,,,,,,,,,,,,,,,,,,,,,,,,,,,,,,,,,,,,,,,,,,,,,,,,,,,,,,,,,,,,,,,,,,,,,,,,,,,,,,,,,,,,,,,,,,,,,,,,,,,,,,,,,,,,,,,,,,,,2025,,,,,3.0,,,,,,,,,,,,,,,,,,,,,,,,,,,,,,1.682664889,,
58.0,3.41,51.06,3.0,,,,,,,,,,,,,,,,,27.0,14.64705882,2.0,44.0,19.0,7.0,5.0,1.0,1.0,37.0,164.0,9.22222222,,,,,,2.0,2.0,8.0,9.0,12.0,,,17.0,,,,,,,,,,,,,,,,,12.02507895,1.792725459,0.101453809,0.090510912,0.059148881,40.0,20.0,10.0,8.0,4.0,20.41824602,,,0.07623854,0.002357893,30.27591399,10.01194431,0.101453809,0.001287465,,0.292605649,0.292605649,,0.163859164,0.163859164,0.163859164,17.0,Tommy Tremble,CAR,FA,43,4372780,,FA,,{},"['WR/TE', 'TE', 'RB/WR/TE', 'OP', 'BE', 'IR']",,,,,,,,,,,,,,,,,,,,2.0,,,,,,,,,,,,,,,,,,,,,,,,,,,,,,,,,,,,,,,,,,,,,,,,,,,,,,,,,,,,,,,,,,,,,,,,,,,,,,,,,,,,,,,,,,,,,,,,,,,,,,,,,,,,,,,,,,,,,,,,,,,,,,,,,,,,,,,,,,,,,,,,,,,,,,,,,,,,,,,,,,,,,,,,,,,,,,,,,,,,,,,,,,,,,,,,,,,,,,,,,,,,,,,,,,,,,,,,,,,,,,2025,,,,,10.0,,,,,,,,,,,,,,,,,,,,,,,,,,,,,,9.874631523,,
10.0,0.62,3.57,0.21,,,,,,,,,,,,,,,,,4.0,0.75,1.0,1.0,,,,,,4.0,12.0,3.0,,,,,,,,10.0,6.0,6.0,,,16.0,,,,,,,,,,,,,,,,,0.861163678,0.064487758,0.003797888,0.037070095,0.024225307,2.0,1.0,,,,2.15588018,,,0.008488678,0.000262536,2.791004238,6.790629026,0.003797888,8.48376e-05,,0.019281277,0.019281277,,0.010797515,0.010797515,0.010797515,17.0,Scott Matlock,LAC,FA,1,4373684,,FA,,{},"['DT', 'DL', 'DP', 'BE', 'IR', 'RB', 'RB/WR', 'RB/WR/TE', 'OP']",,,,,,,,,,,,,,,,,,,,1.0,,,,,,,,,,,,,,,,,,,,,,,,,,,,,,,,,,,,,,,,,,,,,,,,,,,,,,,,,,,,,,,,,,,,,,,,,,,,,,,,,,,,,,,,,,,,,,,,,,,,,,,,,,,,,,,,,,,,,,,,,,,,,,,,,,,,,,,,,,,,,,,0.011138439,0.007610489,0.077698349,0.083538293,0.009282033,0.6147565,1.229512999,0.004641016,0.006497423,0.011138439,0.119535921,17.40430802,5.0,3.0,0.195030712,,,,,,,,,,,,,,,,,,,,,,,,,,,,,,,,,,,,,,,,,,,,,,,,,,,,,,,,,,,,,,,8.480731438,8.923576582,2025,,,,,1.0,,,,,,,,,,,,,,,,,,,,,,,,,,,,,,-0.228236169,,1.465333416
61.0,4.07,27.52,1.62,2.0,1.26666667,,3.0,1.0,,,,,,,,,,,9.5,24.0,19.26666667,1.0,53.0,24.0,9.0,6.0,2.0,,30.0,157.0,12.04166667,,,,,,,,8.0,7.0,6.0,,,15.0,,,,,,,,,,,,,,,,,6.574259671,0.562122258,0.031951147,0.209200672,0.136712639,22.0,11.0,5.0,4.0,2.0,10.20792527,,,0.046996136,0.001453489,13.58336647,10.94859254,0.031951147,0.000892258,,0.20278587,0.20278587,,0.113560087,0.113560087,0.113560087,17.0,Kalif Raymond,DET,FA,95,2973405,,FA,,{},"['RB/WR', 'WR', 'WR/TE', 'RB/WR/TE', 'OP', 'BE', 'IR']",,,,,,,,161.0,15.0,4.0,0.189050654,0.326811327,650.6958496,389.6451444,65.0,26.0,38.0,15.0,,,1.0,,,,,,,,,,,,,,,,,,,,,,,,,,,,,,,,,,,,,,,,,,,,,,,,,,,,,,,,,,,,,,,,,,,,,,,,,,,,,,,,,,,,,,,,,,,,,,,,,,,,,,,,1.0,,1.0,,,,,241.0,19.0,5.0,,,,,,,,,,,,,,,,,,,,,,,,,,,,,,,,,,,,,,,,,,,,,,,,,,,,,,,,,,,,,,,,,,,,,,,,,,,,,,,,,,,,,,,,,,,,,,,,,,,,,,,,,,,,2025,,,,1.0,14.0,,,,,,,,,,,,,,,,,,,,,,,,,,,,,,4.488842201,,
28.0,1.65,47.31,2.78,,,,,,,,,,,,,,,,,8.0,6.82352941,2.0,20.0,8.0,3.0,2.0,,,24.0,16.0,14.5,,,,,,,,6.0,11.0,12.0,,,17.0,,,,,,,,,,,,,,,,,12.34667387,1.628273652,0.061659874,0.152482663,0.099647421,41.0,20.0,10.0,8.0,4.0,17.78567304,,,0.078311675,0.002422011,27.55020781,11.80126584,0.061659874,0.001475576,,0.335358157,0.335358157,,0.187800568,0.187800568,0.187800568,17.0,Mitchell Tinsley,CIN,FA,132,4690070,,FA,,{},"['RB/WR', 'WR', 'WR/TE', 'RB/WR/TE', 'OP', 'BE', 'IR']",,,,,,,,,,,,,,,,,,,,,,,,,,,,,,,,,,,,,,,,,,,,,,,,,,,,,,,,,,,,,,,,,,,,,,,,,,2.0,,,,,,,,,,,,,,,,,,,,,,,,,,,,,,,,,,,,,,,,,,,,,,,,,,,,,,,,,,10.0,1.0,,,,,,,,,,,,,,,,,,,,,,,,,,,,,,,,,,,,,,,,,,,,,,,,,,,,,,,,,,,,,,,,,,,,,,,,,,,,,,,,,,,,,,,,,,,,,,,,,,,,,,,,,,,,,2025,,,,,6.0,,,,,,,,,,,,,,,,,,,,,,,,,,,,,,9.358095975,,
42.0,2.47,3.29,0.19,,,,,,,,,,,,,,,,,15.0,14.41176471,1.0,46.0,21.0,9.0,5.0,1.0,,23.0,64.0,16.33333333,,,,,,1.0,2.0,12.0,5.0,6.0,,,17.0,,,,,,,,,,,,,,,,,1.174999672,0.133605776,0.007233075,0.182229609,0.119087049,3.0,1.0,,,,1.506209951,,,0.011345793,0.000350901,2.512785159,13.26175969,0.007233075,0.000124962,,0.028400375,0.028400375,,0.01590421,0.01590421,0.01590421,17.0,Tyrell Shavers,BUF,FA,119,4241476,,FA,,{},"['RB/WR', 'WR', 'WR/TE', 'RB/WR/TE', 'OP', 'BE', 'IR']",,1.0,,,,,,,,,,,,,,,,,,,,,,,,,,,,,,,,,,,,,,,,,,,,,,,,,,,,,,,,,,,,,,,,,,,,,,,,,1.0,,,,,,,,,,,,,,,,,,,,,,,,,,,,,,,,,,,,,,,,,,,,,,,,,,,,,,,,,,,,,,,,,,,,,,,,,,,,,,,,,,,,,,,,,,,,,,,,,,,,,,,,,,,,,,,,,,,,,,,,,,,,,,,,,,,,,,,,,,,,,,,,,,,,,,,,,,,,,,,,,,,,,,,2025,,,,,11.0,,,,,,,,,,,,,,,,,,,,,,,,,,,,,,-0.200929783,,
22.0,1.29,28.95,1.7,,,,,,,,,,,,,,,,,14.0,7.76470588,,22.0,8.0,2.0,2.0,,,23.0,82.0,9.42857143,,,,,,2.0,3.0,7.0,9.0,,,,17.0,,,,,,,,,,,,,,,,,6.613411418,0.913000115,0.047887582,0.068720129,0.044908604,22.0,11.0,5.0,4.0,2.0,12.548161,,,0.04719885,0.001459758,17.77628491,8.959718811,0.047887582,0.00067532,,0.153481924,0.153481924,,0.085949878,0.085949878,0.085949878,17.0,Luke Schoonmaker,DAL,FA,71,4372096,,FA,,{},"['WR/TE', 'TE', 'RB/WR/TE', 'OP', 'BE', 'IR']",,,,,,,,,,,,,,,,,,,,,,,,,,,,,,,,,,,,,,,,,,,,,,,,,,,,,,,,,,,,,,,,,,,,,,,,,,,1.0,,,,,,,,,,,,,,,,,,,,,,,,,,,,,,,,,,,,,,,,,,,,,,,,,,,,,,,,,,,,,,,,,,,,,,,,,,,,,,,,,,,,,,,,,,,,,,,,,,,,,,,,,,,,,,,,,,,,,,,,,,,,,,,,,,,,,,,,,,,,,,,,,,,,,,,,,,,,,,,,,,,,,,,2025,,,,,7.0,,,,,,,,,,,,,,,,,,,,,,,,,,,,,,5.184092598,,
6.0,0.86,10.6,0.62,12.0,8.57142857,,10.0,4.0,,,,,,,,,,,5.0,3.0,3.0,,3.0,1.0,,,,,3.0,9.0,7.0,,1.0,,1.0,1.0,1.0,1.0,4.0,3.0,,,,7.0,12.7802182,3.076073073,0.418633551,0.013795586,10.0,5.0,2.0,2.0,1.0,2.0,1.0,0.023600966,0.016520676,0.006709809,0.00022898,4.091733134,0.799844709,0.062146283,0.004223885,0.053469678,0.034942435,2.0,1.0,,,,1.775465196,,,0.007916441,0.000244838,2.28884276,7.65847739,0.018019471,0.000448699,0.089538228,0.012438912,0.10197714,0.041187585,0.006965791,0.048153376,0.048153376,17.0,AJ Dillon,PHI,FA,113,4239934,,FA,,{},"['RB', 'RB/WR', 'RB/WR/TE', 'OP', 'BE', 'IR']",,,,,,1.0,1.0,25.0,2.0,1.0,,,,,,,,,,,,,,,,,,,,,,,,,,,,,,,,,,,,,,,,,,,,,,,,,,,,,,,,,,,,,,,,,,,,,,,,,,,,,,,,,,,,,,,,,,,,,,,,,,,,,,,,,,,,,,,,,,,,,,,,,,,,,,,,,,,,,,,,,,,,,,,,,,,,,,,,,,,,,,,,,,,,,,,,,,,,,,,,,,,,,,,,,,,,,,,,,,,,,,,,,,,,,,,,,,,,,,,,,,,,,,,,,,,,,,,,2025,,,,4.0,,,,,,,,,,,,,,,,,,,,,,,,,,,,,,4.926218907,-0.344648677,,
20.0,4.0,7.4,0.44,25.0,21.2,1.0,19.0,8.0,4.0,3.0,,,4.0,,,,,,4.24,2.0,1.2,,1.0,,,,,,3.0,16.0,3.0,1.0,2.0,1.0,1.0,1.0,,,3.0,2.0,6.0,1.0,,5.0,6.782647159,1.752340553,0.169103694,0.008389714,5.0,2.0,1.0,1.0,,1.0,,0.012484829,0.00873938,0.002088891,7.12859e-05,4.392059428,0.878532026,0.08552024,0.004976441,0.050252489,0.032840002,2.0,1.0,,,,1.992290718,,,0.008649926,0.000267523,2.555942108,7.49641822,0.013366155,0.000447314,0.078580611,0.023081758,0.101662369,0.036147081,0.012925785,0.049072866,0.049072866,17.0,Antonio Gibson,None,FA,88,4360294,,FA,,{},"['RB', 'RB/WR', 'RB/WR/TE', 'OP', 'BE', 'IR']",,,,,,,,342.0,31.0,11.0,0.158859749,,632.422369,,63.0,25.0,,,,,,,,,,,,,,,,,,,,,,,,,,,,1.0,,,,,,,,,,,,,,,,,,,,,,,,,,,,,,,,,,,,,,,,,,,,,,,,,,,,,,,,,,,,,,,,,,,,,,,,,,,,,,,,1.0,,,1.0,,,,,,,,,,,,,,,,,,,,,,,,,,,,,,,,,,,,,,,,,,,,,,,,,,,,,,,,,,,,,,,,,,,,,,,1.0,,,,,,,,,,,,,,,,,,,,,,,,,,,,,,,,,,,,,,,,,,,,2025,,,,6.0,,,,,,,,,,,,,,,,,,,,,,,,,,,,,,3.615986085,-0.248780926,,
23.0,3.83,0.0,0.0,41.0,26.5,1.0,29.0,14.0,6.0,5.0,1.0,,6.0,2.0,,,,,3.87804878,3.0,1.33333333,,1.0,,,,,,4.0,8.0,2.66666667,,,,,,,,4.0,2.0,6.0,1.0,,6.0,,,,,,,,,,,,,,,,,,,,,,,,,,,,,,,,,,,,,,,,,,,,Jaret Patterson,LAC,FA,86,4362452,,FA,,{},"['RB', 'RB/WR', 'RB/WR/TE', 'OP', 'BE', 'IR']",,,,,,,,79.0,7.0,2.0,,,,,,,,,,,,,,,,,,,,,,,,,,,,,,,,,,,,,,,,,,,,,,,,,,,,,,,,,,,,,,,,,,,,,,,,,,,,,,,,,,,,,,,,,,,,,,,,,,,,,,,,,,,,,,,,,,,,,,,,,,,,,,,,,,,,,,,,,,,,,,,,,,,,,,,,,,,,,,,,,,,,,,,,,,,,,,,,,,,,,,,,,,,,,,,,,,,,,,,,,,,,,,,,,,,,,,,,,,,,,,,,,,,,,,,,2025,,,,6.0,1.0,,,,,,,,,,,,,,,,,,,,,,,,,,,,,,,,
29.0,1.71,57.65,3.39,3.0,0.70588235,,2.0,,,,,,,,,,,,4.0,18.0,10.05882353,,29.0,11.0,4.0,2.0,,,25.0,88.0,9.5,,,,,,2.0,3.0,12.0,5.0,,,,17.0,2.235755457,0.80757058,0.100696444,0.005496596,2.0,1.0,,,,,,0.004105166,0.002873616,0.00038782,1.32348e-05,6.140519445,14.58244443,1.611675147,0.087176528,0.178871269,0.116892374,49.0,24.0,12.0,9.0,4.0,21.13064064,,,0.094826715,0.002932785,31.33476919,11.73185232,0.092673125,0.001938577,0.042156337,0.398429268,0.440585605,0.019391915,0.22312039,0.242512305,0.242512305,17.0,Jordan Whittington,LAR,FA,131,4569382,,FA,,{},"['RB/WR', 'WR', 'WR/TE', 'RB/WR/TE', 'OP', 'BE', 'IR']",,,,,,,,434.0,41.0,14.0,0.255419364,,1157.60238,,115.0,46.0,,,,,,,,,,,,,,,,,,,,,,,,,,,,,,,,,,,,,,,,,,,,,,,,,,,,,,,,,,,1.0,,,,,,,,,,,,,,,,,,,,,,,,,,,,,,,,,,,,,,,,,,,,,,,,,,,,,,,,,,,,,,,,,,,,,,,,,,,,,,,,,,,,,,,,,,,,,,,,,,,,,,,,,,,,,,,,,,,,,,,,,,,,,,,,,,,,,,,,,,,,,,,,,,,,,,,,,,,,,,,,,,,,,,,2025,,,,,7.0,,,,,,,,,,,,,,,,,,,,,,,,,,,,,2.746442352,11.16185132,,
29.0,7.25,1.66,0.1,9.0,1.5,,1.0,,,,,,1.0,,,,,,0.66666667,,,,,,,,,,,,,,,,,,,,3.0,1.0,24.0,,,4.0,0.256718953,0.030285724,0.013707228,0.000439872,,,,,,,,0.000470864,0.000329605,-3.11982e-06,-1.06467e-07,2.005529014,,,,,,,,,,,,,,,,,,0.015452248,0.000302086,0.002944291,,0.068655959,0.001354374,,0.032895975,0.220977138,17.0,Mitchell Trubisky,BUF,FA,50,3039707,,FA,,{},"['QB', 'OP', 'BE', 'IR']",,,,,,,,,,,,,,,,,,,,,,35.0,25.0,10.0,78.25,4.0,61.0,30.0,14.0,11.0,5.0,2.0,4.0,2.0,1.0,,,,,1.0,,0.71428571,,,3.0,1.0,,,5.267083561,3.305180645,1.961902916,2.085181543,0.24645658,7.0,3.0,1.0,1.0,,,,,0.072471104,0.047359867,0.056373629,0.007614599,0.015012376,0.188081164,0.627516273,0.46245538,0.065711668,0.031541601,,,,,,,,,,,,,,,,,,,,,,,,,,,,,,,,,,,,,,,,,,,,,,,,,,,,,,,,,,,,,,,,,,,,,,,,,,,,,,,,,,,,,,,,,,,,,,,,,,,,,,,,,,,,,,,,,,,,,,,,,,,,,,,,,,,,,,,,,,,,,,,,,,,,,,,,,,,,,,,,,,,,,,,,,,,2025,,,19.0,,,,,,,,,,,,,,,,,,,,,,,,,,,,,,,2.11518933,,-2.168914853,
0.0,0.0,0.0,0.0,,,,,,,,,,,,,,,,,,,,,,,,,,,,,,,,,,,,,,,,,,,,,,,,,,,,,,,,,,,,,,,,,,,,,,,,,,,,,,,,,,,,,Ezekiel Elliott,None,FA,0,3051392,,FA,,{},"['RB', 'RB/WR', 'RB/WR/TE', 'OP', 'BE', 'IR']",,,,,,,,,,,,,,,,,,,,,,,,,,,,,,,,,,,,,,,,,,,,,,,,,,,,,,,,,,,,,,,,,,,,,,,,,,,,,,,,,,,,,,,,,,,,,,,,,,,,,,,,,,,,,,,,,,,,,,,,,,,,,,,,,,,,,,,,,,,,,,,,,,,,,,,,,,,,,,,,,,,,,,,,,,,,,,,,,,,,,,,,,,,,,,,,,,,,,,,,,,,,,,,,,,,,,,,,,,,,,,,,,,,,,,,,,,,,,,,,,,2025,,,,,,,,,,,,,,,,,,,,,,,,,,,,,,,,,,,,,
32.0,10.67,,,,,,,,,,,,,,,,,,,,,,,,,,,,,,,,,,,,,,2.0,1.0,31.0,,,3.0,,,,,,,,,,,,,,,,,,,,,,,,,,,,,,,,,,,,,,,,,,,,Ben Sauls,NYG,FA,38,4566158,,FA,,{},"['Rookie', 'K', 'BE', 'IR']",,,,,,,,,,,,,,,,,,,,,,,,,,,,,,,,,,,,,,,,,,,,,,,,,,,,,,,,,,,,,,,,,,,,,,,,,,,,,,,,,1.0,1.0,,7.0,7.0,,8.0,8.0,,7.0,7.0,,,,,,,,,,,,,,,,,,,,,,,,,,,,,,,,,,,,,,,,,,,,,,,,,,,,,,,,,,,,,,,,,,,,,,,,,,,,,,,,,,,,,,,,,,,,,,,,,,,,,,,,,,,,,,,,,,,,,,,,,,,,,,,,,,,,,,,,,,,,,,,,,,,,,,,2025,,,,,,254.0,,254.0,50.0,24.0,11.0,9.0,4.0,1.0,,,,,,50.0,24.0,11.0,9.0,4.0,1.0,,,,,,,,,,,,
6.0,0.43,7.12,0.42,,,,,,,,,,,,,,,,,,,,,,,,,,1.0,,,,,,,,,,4.0,10.0,,,,14.0,,,,,,,,,,,,,,,,,1.344145037,0.163008072,0.006172621,0.139919192,0.091437192,4.0,2.0,1.0,,,1.862275894,,,0.012836339,0.000397,3.061134201,12.27018279,0.006172621,0.000154502,,0.035114185,0.035114185,,0.019663944,0.019663944,0.019663944,17.0,Charlie Jones,CIN,FA,185,4257188,,FA,,{},"['RB/WR', 'WR', 'WR/TE', 'RB/WR/TE', 'OP', 'BE', 'IR']",,,,,,,,1084.0,104.0,37.0,0.254870652,0.129433119,925.5828926,203.698024,92.0,37.0,20.0,8.0,,,,,,,,,,,,,,,,,,,,,,,,,,,,,,,,,,,,,,,,,,,,,,,,,,,,,,,,,,,,,,,,,,,,,,,,,,,,,,,,,,,,,,,,,,,,,,,,,,,,,,,,,,1.0,,,1.0,,,,,115.0,7.0,,,,,,,,,,,,,,,,,,,,,,,,,,,,,,,,,,,,,,,,,,,,,,,,,,,,,,,,,,,,,,,,,,,,,,,,,,,,,,,,,,,,,,,,,,,,,,,,,,,,,,,,,,,,,2025,,,,,,,,,,,,,,,,,,,,,,,,,,,,,,,,,,,-0.028453337,,
17.0,1.0,0.1,0.01,2.0,0.76470588,,2.0,1.0,,,,,,,,,,,6.5,4.0,3.76470588,1.0,12.0,6.0,3.0,2.0,1.0,,7.0,20.0,16.0,,2.0,,,,3.0,3.0,8.0,9.0,6.0,,1.0,17.0,,,,,,,,,,,,,,,,,,,,,,,,,,,,,,,,,,,,,,,,,,,17.0,Kameron Johnson,TB,FA,156,5097554,,FA,,{},"['RB/WR', 'WR', 'WR/TE', 'RB/WR/TE', 'OP', 'BE', 'IR']",,,,,,,,685.0,64.0,22.0,,0.017326164,,27.26740532,,,2.0,1.0,,,,,,,,,,,,,,,,,,,,,,,,,,,,,,,,,,,,,,,,,,,,,,,,,,,,,,,,,,,,,,,,,,,,,,,,,,,,,,,,,,,,,,,,,,,,,,,,,,,,,,,,,,,,,,,,,,291.0,24.0,8.0,,,,,,,,,,,,,,,,,,,,,,,,,,,,,,,,,,,,,,,,,,,,,,,,,,,,,,,,,,,,,,,,,,,,,,,,,,,,,,,,,,,,,,,,,,,,,,,,,,,,,,,,,,,,2025,,,,1.0,3.0,,,,,,,,,,,,,,,,,,,,,,,,,,,,,,,,
0.0,0.0,0.0,0.0,,,,,,,,,,,,,,,,,,,,,,,,,,,,,,,,,,,,,,,,,,,,,,,,,,,,,,,,,,,,,,,,,,,,,,,,,,,,,,,,,,,,,Diontae Johnson,None,FA,0,3932905,,FA,,{},"['RB/WR', 'WR', 'WR/TE', 'RB/WR/TE', 'OP', 'BE', 'IR']",,,,,,,,,,,,,,,,,,,,,,,,,,,,,,,,,,,,,,,,,,,,,,,,,,,,,,,,,,,,,,,,,,,,,,,,,,,,,,,,,,,,,,,,,,,,,,,,,,,,,,,,,,,,,,,,,,,,,,,,,,,,,,,,,,,,,,,,,,,,,,,,,,,,,,,,,,,,,,,,,,,,,,,,,,,,,,,,,,,,,,,,,,,,,,,,,,,,,,,,,,,,,,,,,,,,,,,,,,,,,,,,,,,,,,,,,,,,,,,,,,2025,,,,,,,,,,,,,,,,,,,,,,,,,,,,,,,,,,,,,
32.0,3.2,0.0,0.0,,,,,,,,,,,,,,,,,13.0,15.6,1.0,29.0,13.0,6.0,4.0,1.0,,25.0,29.0,12.0,,,,,,,,7.0,3.0,6.0,,,10.0,,,,,,,,,,,,,,,,,,,,,,,,,,,,,,,,,,,,,,,,,,,,Lil'Jordan Humphrey,DEN,FA,127,4039057,,FA,,{},"['RB/WR', 'WR', 'WR/TE', 'RB/WR/TE', 'OP', 'BE', 'IR']",,,,,,,,,,,,,,,,,,,,1.0,,,,,,,,,,,,,,,,,,,,,,,,,,,,,,,,,,,,,,,,,,,,,,,,,,,,,,,,,,,,,,,,,,,,,,,,,,,,,,,,,,,,,,,,,,,,,,,,,,,,,,,,,,,,,,,,,,,,,,,,,,,,,,,,,,,,,,,,,,,,,,,,,,,,,,,,,,,,,,,,,,,,,,,,,,,,,,,,,,,,,,,,,,,,,,,,,,,,,,,,,,,,,,,,,,,,,,,,,,,,,,2025,,,,,9.0,,,,,,,,,,,,,,,,,,,,,,,,,,,,,,,,
4.0,0.24,6.76,0.4,,,,,,,,,,,,,,,,,2.0,1.52941176,,4.0,2.0,1.0,,,,5.0,,13.0,,,,,,1.0,1.0,11.0,6.0,,,,17.0,,,,,,,,,,,,,,,,,1.020019291,0.121583593,0.006973717,0.080747161,0.05276827,3.0,1.0,,,,1.787136876,,,0.0099496,0.00030772,2.643964567,9.702853869,0.006973717,0.000155825,,0.035414821,0.035414821,,0.0198323,0.0198323,0.0198323,17.0,Devin Duvernay,CHI,FA,194,4039050,,FA,,{},"['RB/WR', 'WR', 'WR/TE', 'RB/WR/TE', 'OP', 'BE', 'IR']",,,,,,,,1069.0,98.0,35.0,0.445925252,0.098544658,1052.199047,177.490917,105.0,42.0,17.0,7.0,,,,,,,,,,,,,,,,,,,,,,,,,,,,,,,,,,,,,,,,,,,,,,,,,,,,,,,,,,,,,,,,,,,,,,,,,,,,,,,,,,,,,,,,,,,,,,,,,,,,,,,,,,,,,,,,,,231.0,17.0,3.0,,,,,,,,,,,,,,,,,,,,,,,,,,,,,,,,,,,,,,,,,,,,,,,,,,,,,,,,,,,,,,,,,,,,,,,,,,,,,,,,,,,,,,,,,,,,,,,,,,,,,,,,,,,,2025,,,,,1.0,,,,,,,,,,,,,,,,,,,,,,,,,,,,,,-0.214467099,,
49.0,3.27,31.61,1.86,,,,,,,,,,,,,,,,,15.0,10.66666667,4.0,27.0,10.0,3.0,2.0,,,19.0,102.0,10.66666667,,,,,,1.0,1.0,8.0,7.0,24.0,,1.0,15.0,,,,,,,,,,,,,,,,,7.413142964,1.167942741,0.04449396,0.095637415,0.062499051,25.0,12.0,6.0,5.0,2.0,12.72718349,,,0.051276546,0.001585873,18.41778437,9.901910386,0.04449396,0.000867962,,0.197264063,0.197264063,,0.110467875,0.110467875,0.110467875,17.0,Josh Oliver,MIN,FA,50,3921690,,FA,,{},"['WR/TE', 'TE', 'RB/WR/TE', 'OP', 'BE', 'IR']",,,,,,,,,,,,,,,,,,,,1.0,,,,,,,,,,,,,,,,,,,,,,,,,,,,,,,,,,,,,,,,,,,,,,,,,,,,,,2.0,,,,,,,,,,,,,,,,,,,,,,,,,,,,,,,,,,,,,,,,,,,,,,,,,,,,,,,,,,,,,,,,,,,,,,,,,,,,,,,,,,,,,,,,,,,,,,,,,,,,,,,,,,,,,,,,,,,,,,,,,,,,,,,,,,,,,,,,,,,,,,,,,,,,,,,,,,,,,,,,,,,,,,,,2025,,,,,9.0,,,,,,,,,,,,,,,,,,,,,,,,,,,,,,5.704056555,,
56.0,3.29,3.91,0.23,,,,,,,,,,,,,,,,,24.0,12.23529412,3.0,34.0,14.0,5.0,3.0,,,33.0,137.0,8.66666667,,,,,,,1.0,12.0,5.0,18.0,,,17.0,,,,,,,,,,,,,,,,,1.114219872,0.167265675,0.009048371,0.085320788,0.055757135,3.0,1.0,,,,1.918766799,,,0.0108018,0.000334076,2.848615381,9.871829046,0.009048371,0.000103265,,0.023469257,0.023469257,,0.013142784,0.013142784,0.013142784,17.0,Davis Allen,LAR,FA,45,4426553,,FA,,{},"['WR/TE', 'TE', 'RB/WR/TE', 'OP', 'BE', 'IR']",,,,,,,,,,,,,,,,,,,,2.0,,,,,,,,,,,,,,,,,,,,,,,,,,,,,,,,,,,,,,,,,,,,,,,,,,,,,,1.0,1.0,,,,,,,,,,,,,,,,,,,,,,,,,,,,,,,,,,,,,,,,,,,,,,,,,,,,,,,,,,,,,,,,,,,,,,,,,,,,,,,,,,,,,,,,,,,,,,,,,,,,,,,,,,,,,,,,,,,,,,,,,,,,,,,,,,,,,,,,,,,,,,,,,,,,,,,,,,,,,,,,,,,,,,,2025,,,,,12.0,,,,,,,,,,,,,,,,,,,,,,,,,,,,,,-0.12162358,,
5.0,0.83,0.0,0.0,,,,,,,,,,,,,,,,,3.0,8.5,,9.0,4.0,1.0,1.0,,,6.0,19.0,17.0,,1.0,,1.0,1.0,2.0,3.0,1.0,5.0,,,,6.0,,,,,,,,,,,,,,,,,,,,,,,,,,,,,,,,,,,,,,,,,,,,Jalen Brooks,ARI,FA,191,4692835,,FA,,{},"['RB/WR', 'WR', 'WR/TE', 'RB/WR/TE', 'OP', 'BE', 'IR']",,,,,,,,254.0,24.0,9.0,,,,,,,,,,,,,,,,,,,,,,,,,,,,,,,,,,,,,,,,,,,,,,,,,,,,,,,,,,,,,,,,,1.0,,,,,,,,,,,,,,,,,,,,,,,,,,,,,,,,,,,,,,,,,,,,,,,,,,,,,,,,,,,,,,,,,,,,,,,,,,,,,,,,,,,,,,,,,,,,,,,,,,,,,,,,,,,,,,,,,,,,,,,,,,,,,,,,,,,,,,,,,,,,,,,,,,,,,,,,,,,,,,,,,,,,,,,2025,,,,,3.0,,,,,,,,,,,,,,,,,,,,,,,,,,,,,,,,
15.0,1.15,,,,,,,,,,,,,,,,,,,9.0,7.07692308,,15.0,6.0,2.0,2.0,,,11.0,22.0,10.22222222,,,,,,,,9.0,4.0,,,,13.0,,,,,,,,,,,,,,,,,,,,,,,,,,,,,,,,,,,,,,,,,,,,Darius Cooper,PHI,FA,161,4715355,,FA,,{},"['Rookie', 'RB/WR', 'WR', 'WR/TE', 'RB/WR/TE', 'OP', 'BE', 'IR']",,,,,,,,,,,,,,,,,,,,,,,,,,,,,,,,,,,,,,,,,,,,,,,,,,,,,,,,,,,,,,,,,,,,,,,,,,,,,,,,,,,,,,,,,,,,,,,,,,,,,,,,,,,,,,,,,,,,,,,,,,,,,,,,,,,,,,,,,,,,,,,,,,,,,,,,,,,,,,,,,,,,,,,,,,,,,,,,,,,,,,,,,,,,,,,,,,,,,,,,,,,,,,,,,,,,,,,,,,,,,,,,,,,,,,,,,,,,,,,,,,2025,,,,,6.0,,,,,,,,,,,,,,,,,,,,,,,,,,,,,,,,
26.0,2.89,,,,,,,,,,,,,,,,,,,6.0,9.66666667,2.0,17.0,8.0,3.0,2.0,,,10.0,8.0,14.5,,,,,,,3.0,4.0,5.0,12.0,,,9.0,,,,,,,,,,,,,,,,,,,,,,,,,,,,,,,,,,,,,,,,,,,,Jahdae Walker,CHI,FA,139,5160110,,FA,,{},"['Rookie', 'RB/WR', 'WR', 'WR/TE', 'RB/WR/TE', 'OP', 'BE', 'IR']",,,,,,,,,,,,,,,,,,,,1.0,1.0,,,,,,,,,,,,,,,,,,,,,,,,,,,,,,,,,,,,,,,,,,,,,,,,,,,,,,3.0,,,,,,,,,,,,,,,,,,,,,,,,,,,,,,,,,,,,,,,,,,,,,,,,,,,,,,,,,,,,,,,,,,,,,,,,,,,,,,,,,,,,,,,,,,,,,,,,,,,,,,,,,,,,,,,,,,,,,,,,,,,,,,,,,,,,,,,,,,,,,,,,,,,,,,,,,,,,,,,,,,,,,,,2025,,,,,4.0,,,,,,,,,,,,,,,,,,,,,,,,,,,,,,,,
0.0,0.0,1.85,0.11,9.0,-3.33333333,,,,,,,,,,,,,,-1.11111111,,,,,,,,,,,,,,,,,,,,3.0,,,,,3.0,0.155727678,0.016606737,0.00744874,0.000406718,,,,,,,,0.000285614,0.00019993,-1.88063e-06,-6.41787e-08,1.812873136,,,,,,,,,,,,,,,,,,0.016008502,0.000325099,0.001813385,,0.073886037,0.000834157,,0.03542903,0.20539257,17.0,Jimmy Garoppolo,LAR,FA,71,16760,,FA,,{},"['QB', 'OP', 'BE', 'IR']",,,,,,,,,,,,,,,,,,,,,,,,,,,,,,,,,,,,,,,,,,,,,,,,,5.77236821,3.805183188,1.967185021,2.695931058,0.295800878,9.0,4.0,2.0,1.0,,,,,0.073573076,0.048080005,0.07244833,0.00978587,0.015601784,0.16996354,0.659206594,0.416998626,0.072072651,0.034594873,,,,,,,,,,,,,,,,,,,,,,,,,,,,,,,,,,,,,,,,,,,,,,,,,,,,,,,,,,,,,,,,,,,,,,,,,,,,,,,,,,,,,,,,,,,,,,,,,,,,,,,,,,,,,,,,,,,,,,,,,,,,,,,,,,,,,,,,,,,,,,,,,,,,,,,,,,,,,,,,,,,,,,,,,,,2025,,,,,,,,,,,,,,,,,,,,,,,,,,,,,,,,,,2.096536193,,-1.774314004,
54.0,3.38,59.45,3.5,,,,,,,,,,,,,,,,,21.0,16.4375,2.0,48.0,21.0,7.0,5.0,,,26.0,86.0,12.52380952,,,,,,1.0,1.0,13.0,3.0,12.0,,,16.0,,,,,,,,,,,,,,,,,14.52716388,1.651125144,0.096053792,0.100055299,0.065386138,49.0,24.0,12.0,9.0,4.0,25.67243665,,,0.094465311,0.002921608,35.78318952,9.619725211,0.096053792,0.001299384,,0.295314554,0.295314554,,0.16537615,0.16537615,0.16537615,17.0,Austin Hooper,NE,FA,47,3043275,,FA,,{},"['WR/TE', 'TE', 'RB/WR/TE', 'OP', 'BE', 'IR']",,,,,,,,,,,,,,,,,,,,2.0,,,,,,,,,,,,,,,,,,,,,,,,,,,,,,,,,,,,,,,,,,,,,,,,,,,,,,,,,,,,,,,,,,,,,,,,,,,,,,,,,,,,,,,,,,,,,,,,,,,,,,,,,,,,,,,,,,,,,,,,,,,,,,,,,,,,,,,,,,,,,,,,,,,,,,,,,,,,,,,,,,,,,,,,,,,,,,,,,,,,,,,,,,,,,,,,,,,,,,,,,,,,,,,,,,,,,,,,,,,,,,2025,,,,,13.0,,,,,,,,,,,,,,,,,,,,,,,,,,,,,,12.18729297,,
19.0,2.38,0.0,0.0,,,,,,,,,,,,,,,,,9.0,15.875,,24.0,12.0,5.0,4.0,2.0,1.0,11.0,86.0,14.11111111,,1.0,,1.0,1.0,,,5.0,3.0,,,,8.0,,,,,,,,,,,,,,,,,,,,,,,,,,,,,,,,,,,,,,,,,,,,Dante Pettis,NO,FA,150,3127306,,FA,,{},"['RB/WR', 'WR', 'WR/TE', 'RB/WR/TE', 'OP', 'BE', 'IR']",,,,,,1.0,1.0,351.0,32.0,10.0,,,,,,,,,,,,,,,,,,,,,,,,,,,,,,,,,,,,,,,,,,,,,,,,,,,,,,,,,,,,,,,,,,,,,,,,,,,,,,,,,,,,,,,,,,,,,,,,,,,,,,,,,,,,,,,,,,,,,,,,,,79.0,6.0,,,,,,,,,,,,,,,,,,,,,,,,,,,,,,,,,,,,,,,,,,,,,,,,,,,,,,,,,,,,,,,,,,,,,,,,,,,,,,,,,,,,,,,,,,,,,,,,,,,,,,,,,,,,,2025,,,,,4.0,,,,,,,,,,,,,,,,,,,,,,,,,,,,,,,,
6.0,1.0,63.65,3.74,12.0,5.33333333,,5.0,1.0,,,,,1.0,,,,,,2.66666667,4.0,4.0,,4.0,1.0,,,,,6.0,24.0,6.0,,,,,,,,2.0,4.0,,,,6.0,75.45757825,18.11712276,1.679018289,0.090976141,61.0,30.0,15.0,12.0,6.0,15.0,7.0,0.144080688,0.100856481,0.244127956,0.008331151,4.081645529,5.43811209,0.344174034,0.019291494,0.038675261,0.025274283,18.0,9.0,4.0,3.0,1.0,13.47860276,,,0.040939587,0.001266173,17.18715015,6.858864169,0.110267635,0.005655899,1.090619809,0.19481186,1.285431669,0.501685112,0.109094642,0.610779754,0.610779754,17.0,Zamir White,LV,FA,113,4361777,,FA,,{},"['RB', 'RB/WR', 'RB/WR/TE', 'OP', 'BE', 'IR']",,,,,,,,294.0,28.0,10.0,,,,,,,,,,,,,,,,,,,,,,,,,,,,,,,,,,,,,,,,,,,,,,,,,,,,,,,,,,,,,,,,,,,,,,,,,,,,,,,,,,,,,,,,,,,,,,,,,,,,,,,,,,,,,,,,,,,,,,,,,,,,,,,,,,,,,,,,,,,,,,,,,,,,,,,,,,,,,,,,,,,,,,,,,,,,,,,,,,,,,,,,,,,,,,,,,,,,,,,,,,,,,,,,,,,,,,,,,,,,,,,,,,,,,,,,2025,,,,1.0,,,,,,,,,,,,,,,,,,,,,,,,,,,,,,18.30740714,4.612596623,,
7.0,1.75,1.8,0.11,5.0,12.5,,9.0,4.0,2.0,1.0,,,,,,,,,10.0,,,,,,,,,,,,,1.0,1.0,1.0,1.0,3.0,,,,4.0,6.0,,,4.0,0.31213489,0.067223965,0.016954614,0.001023235,,,,,,,,0.000572523,0.000400766,-5.07432e-06,-1.73167e-07,3.66126134,,,,,,,,,,,,,,,,,,0.015451061,0.000396693,0.004202333,,0.090157576,0.001933073,,0.04319159,0.182645768,17.0,Joe Milton III,DAL,FA,59,4360698,,FA,,{},"['QB', 'OP', 'BE', 'IR']",,,,,,,,,,,,,,,,,,,,,,24.0,15.0,9.0,45.75,1.0,35.0,17.0,7.0,5.0,2.0,,1.0,,1.0,,,,,,2.0,0.625,,1.0,,,,1.0,5.938996419,3.748246694,2.190749725,2.453216481,0.258629237,8.0,4.0,2.0,1.0,,,,,0.073130777,0.047790963,0.066083239,0.008926113,0.014427827,0.139454178,0.631124592,0.445465127,0.085955243,0.041258517,,,,,,,,,,,,,,,,,,,,,,,,,,,,,,,,,,,,,,,,,,,,,,,,,,,,,,,,,,,,,,,,,,,,,,,,,,,,,,,,,,,,,,,,,,,,,,,,,,,,,,,,,,,,,,,,,,,,,,,,,,,,,,,1.0,,,,,,,,,,,,,,,,,,,,,,,,,,,,,,,,,,,,,,,,,,,,2025,,,9.0,1.0,,,,,,,,,,,,,,,,,,,,,,,,,,,,,,2.142179894,,-1.901593251,
6.0,0.5,10.6,0.62,,,,,,,,,,,,,,,,,3.0,2.58333333,,6.0,3.0,1.0,1.0,,,10.0,9.0,10.33333333,,,,,,4.0,9.0,4.0,8.0,,,,12.0,,,,,,,,,,,,,,,,,3.066401752,0.290056624,0.018082463,0.177204653,0.115803241,10.0,5.0,2.0,2.0,1.0,3.898619357,,,0.025360804,0.000784355,6.571508844,13.37110013,0.018082463,0.000316906,,0.072024063,0.072024063,,0.040333475,0.040333475,0.040333475,17.0,KhaDarel Hodge,None,FA,185,3047876,,FA,,{},"['RB/WR', 'WR', 'WR/TE', 'RB/WR/TE', 'OP', 'BE', 'IR']",,,,,,,,,,,,,,,,,,,,,,,,,,,,,,,,,,,,,,,,,,,,,,,,,,,,,,,,,,,,,,,,,,,,,,,,,,,5.0,,,,,,,,,,,,,,,,,,,,,,,,,,,,,,,,,,,,,,,,,,,,,,,,,,,,,1.0,,,,,,,,,,,,,,,,,,,,,,,,,,,,,,,,,,,,,,,,,,,,,,,,,,,,,,,,,,,,,,,,,,,,,,,,,,,,,,,,,,,,,,,,,,,,,,,,,,,,,,,,,,,,,,,,,,2025,,,,,2.0,,,,,,,,,,,,,,,,,,,,,,,,,,,,,,1.295031074,,
55.0,3.44,15.93,0.94,,,,,,,,,,,,,,,,,19.0,17.875,2.0,53.0,24.0,9.0,7.0,2.0,,26.0,132.0,15.05263158,,,,,,1.0,1.0,4.0,12.0,12.0,,,16.0,,,,,,,,,,,,,,,,,3.979496626,0.312068143,0.023891593,0.072770978,0.047555834,13.0,6.0,3.0,2.0,1.0,8.122086581,,,0.032349874,0.001000512,10.58045927,8.329318084,0.023891593,0.000447603,,0.101728064,0.101728064,,0.056967716,0.056967716,0.056967716,17.0,Daniel Bellinger,NYG,FA,46,4361516,,FA,,{},"['WR/TE', 'TE', 'RB/WR/TE', 'OP', 'BE', 'IR']",,1.0,,,,1.0,,,,,,,,,,,,,,,1.0,,,,,,,,,,,,,,,,,,,,,,,,,,,,,,,,,,,,,,,,,,,,,,,,,,,,,,,,,,,,,,,,,,,,,,,,,,,,,,,,,,,,,,,,,,,,,,,,,,,,,,,,,,,,,,,,,,,,,,,,,,,,,,,,,,,,,,,,,,,,,,,,,,,,,,,,,,,,,,,,,,,,,,,,,,,,,,,,,,,,,,,,,,,,,,,,,,,,,,,,,,,,,,,,,,,,,,,,,,,,,2025,,,,,14.0,,,,,,,,,,,,,,,,,,,,,,,,,,,,,,2.694752159,,
0.0,0.0,0.0,0.0,,,,,,,,,,,,,,,,,,,,,,,,,,,,,,,,,,,,,,,,,,,,,,,,,,,,,,,,,,,,,,,,,,,,,,,,,,,,,,,,,,,,,Michael Thomas,None,FA,0,2976316,,FA,,{},"['RB/WR', 'WR', 'WR/TE', 'RB/WR/TE', 'OP', 'BE', 'IR']",,,,,,,,,,,,,,,,,,,,,,,,,,,,,,,,,,,,,,,,,,,,,,,,,,,,,,,,,,,,,,,,,,,,,,,,,,,,,,,,,,,,,,,,,,,,,,,,,,,,,,,,,,,,,,,,,,,,,,,,,,,,,,,,,,,,,,,,,,,,,,,,,,,,,,,,,,,,,,,,,,,,,,,,,,,,,,,,,,,,,,,,,,,,,,,,,,,,,,,,,,,,,,,,,,,,,,,,,,,,,,,,,,,,,,,,,,,,,,,,,,2025,,,,,,,,,,,,,,,,,,,,,,,,,,,,,,,,,,,,,
31.0,1.82,11.53,0.68,16.0,4.17647059,,13.0,5.0,1.0,1.0,,,1.0,,,,,,4.4375,13.0,6.41176471,1.0,17.0,7.0,1.0,1.0,,,15.0,119.0,8.38461538,,,,,,5.0,15.0,7.0,9.0,6.0,,,17.0,6.103155613,1.502470201,0.199701444,0.012049503,5.0,2.0,1.0,1.0,,1.0,,0.011229864,0.007860905,0.001505886,5.13901e-05,4.185047053,1.856675737,0.133165244,0.006985119,0.038042887,0.024861027,6.0,3.0,1.0,1.0,,4.585998211,,,0.0171527,0.000530496,5.925428304,6.882577374,0.019034622,0.000420637,0.054584032,0.04101522,0.095599252,0.025108655,0.022968523,0.048077178,0.048077178,17.0,Hunter Luepke,DAL,FA,74,4383396,,FA,,{},"['RB', 'RB/WR', 'RB/WR/TE', 'OP', 'BE', 'IR']",,,,,,,,,,,,,,,,,,,,1.0,,,,,,,,,,,,,,,,,,,,,,,,,,,,,,,,,,,,,,,,,,,,,,,,,,,,,,,10.0,,,,,,,,,,,,,,,,,,,,,,,,,,,,,,,,,,,,,,,,,,,,,,,,,,,,,1.0,,,,,,,,,,,,,,,,,,,,,,,,,,,,,,,,,,,,,,,,,,,,,,,,,,,,,,,,,,,,,,,,,,,,,,,,,,,,,,,,,,,,,,,,,,,,,,,,,,,,,,,,,,,,,,,,,,2025,,,,6.0,6.0,,,,,,,,,,,,,,,,,,,,,,,,,,,,,3.454087294,0.820440567,,
17.0,1.89,37.56,2.21,4.0,0.33333333,,,,,,,,,,,,,,0.75,12.0,8.44444444,,13.0,5.0,2.0,,,,16.0,52.0,6.33333333,,,,,,2.0,2.0,8.0,1.0,,,,9.0,,,,,,,,,,,,,,,,,9.544033789,0.954235338,0.050053384,0.119617638,0.078170126,32.0,16.0,8.0,6.0,3.0,15.94402696,,,0.062091382,0.001920352,22.54651966,10.17613523,0.050053384,0.00085808,,0.195018213,0.195018213,,0.109210199,0.109210199,0.109210199,17.0,Cade Stover,HOU,FA,76,4426496,,FA,,{},"['WR/TE', 'TE', 'RB/WR/TE', 'OP', 'BE', 'IR']",,,,,,,,,,,,,,,,,,,,,,,,,,,,,,,,,,,,,,,,,,,,,,,,,,,,,,,,,,,,,,,,,,,,,,,,,,,,,,,,,,,,,,,,,,,,,,,,,,,,,,,,,,,,,,,,,,,,,,,,,,,,,,,,,,,,,,,,,,,,,,,,,,,,,,,,,,,,,,,,,,,,,,,,,,,,,,,,,,,,,,,,,,,,,,,,,,,,,,,,,,,,,,,,,,,,,,,,,,,,,,,,,,,,,,,,,,,,,,,,,,2025,,,,2.0,4.0,,,,,,,,,,,,,,,,,,,,,,,,,,,,,,7.348840364,,
22.0,1.83,19.59,1.15,11.0,3.08333333,,5.0,2.0,1.0,,,,,,,,,,3.36363636,10.0,6.5,1.0,13.0,6.0,2.0,1.0,,,10.0,61.0,7.8,1.0,1.0,1.0,1.0,1.0,,1.0,7.0,4.0,6.0,,,12.0,4.449346945,1.585031392,0.204568451,0.010374149,5.0,2.0,1.0,1.0,,,,0.00817948,0.005725636,0.001685525,5.75205e-05,6.056064854,4.325137338,0.533118479,0.030393324,0.12737201,0.083237608,14.0,7.0,3.0,2.0,1.0,6.201144613,,,0.034098092,0.00105458,10.03388064,11.85705855,0.040767472,0.000497906,0.047273878,0.065886558,0.113160435,0.021745984,0.036896472,0.058642456,0.058642456,17.0,Savion Williams,GB,FA,145,4431487,,FA,,{},"['Rookie', 'RB/WR', 'WR', 'WR/TE', 'RB/WR/TE', 'OP', 'BE', 'IR']",,,,,,,,717.0,65.0,22.0,,,,,,,,,,1.0,,,,,,,,,,,,,,,,,,,,,,,,1.0,,,,,,,,,,,,,,,,,,,,,,,,,,,,,,,1.0,,,,,,,,,,,,,,,,,,,,,,,,,,,,,,,,,,,,,,,,,,,,,,,,,,,,,,,,,,,,,,,,,,,,,,,,,,,,,,,,,,,,,,,,,,,,,,,,,,,,,,,,,,,,,,,,,,,,,,,,,,,1.0,,,,,,,,,,,,,,,,,,,,,,,,,,,,,,,,,,,,,,,,,,,,2025,,,,1.0,3.0,,,,,,,,,,,,,,,,,,,,,,,,,,,,,3.404632489,2.50933113,,
19.0,1.27,19.48,1.15,,,,,,,,,,,,,,,,,9.0,5.06666667,1.0,12.0,4.0,1.0,,,,13.0,31.0,8.44444444,,,,,,1.0,1.0,10.0,5.0,6.0,,,15.0,,,,,,,,,,,,,,,,,4.836608403,0.539273204,0.036649316,0.119034669,0.077789156,16.0,8.0,4.0,3.0,1.0,8.279250021,,,0.037534378,0.001160857,11.4442138,9.931134179,0.036649316,0.000445575,,0.101267048,0.101267048,,0.056709547,0.056709547,0.056709547,17.0,Grant Calcaterra,PHI,FA,75,4241374,,FA,,{},"['WR/TE', 'TE', 'RB/WR/TE', 'OP', 'BE', 'IR']",,,,,,,,,,,,,,,,,,,,,,,,,,,,,,,,,,,,,,,,,,,,,,,,,,,,,,,,,,,,,,,,,,,,,,,,,,1.0,,,,,,,,,,,,,,,,,,,,,,,,,,,,,,,,,,,,,,,,,,,,,,,,,,,,,,,,,,,,,,,,,,,,,,,,,,,,,,,,,,,,,,,,,,,,,,,,,,,,,,,,,,,,,,,,,,,,,,,,,,,,,,,,,,,,,,,,,,,,,,,,,,,,,,,,,,,,,,,,,,,,,,,,2025,,,,,4.0,,,,,,,,,,,,,,,,,,,,,,,,,,,,,,3.225290863,,
22.0,1.69,0.38,0.02,8.0,5.30769231,,12.0,4.0,1.0,1.0,,,,,,,,,8.625,11.0,8.30769231,,19.0,7.0,2.0,1.0,,,15.0,71.0,9.81818182,,,,,,,,7.0,6.0,,,,13.0,,,,,,,,,,,,,,,,,,,,,,,,,,,,,,,,,,,,,,,,,,,16.0,Jimmy Horn Jr.,CAR,FA,145,4708486,,FA,,{},"['Rookie', 'RB/WR', 'WR', 'WR/TE', 'RB/WR/TE', 'OP', 'BE', 'IR']",,,,,,,,,,,,0.063050446,,99.22693211,,,9.0,3.0,,,,,,,,,,,,,,,,,,,,,,,,,,,,,,,,,,,,,,,,,,,,,,,,,,,,,,,,,,,,,,,,,,,,,,,,,,,,,,,,,,,,,,,,,,,,,,,,,,,,,,,,,,,,,,,,,,,,,,,,,,,,,,,,,,,,,,,,,,,,,,,,,,,,,,,,,,,,,,,,,,,,,,,,,,,,,,,,,,,,,,,,,,,,,,,,,,,,,,,,,,,,,,,,,,,,,,,,,,,,,,,,2025,,,,3.0,4.0,,,,,,,,,,,,,,,,,,,,,,,,,,,,,,,,
32.0,2.0,2.41,0.14,,,,,,,,,,,,,,,,,10.0,9.0625,1.0,27.0,13.0,6.0,4.0,2.0,1.0,13.0,74.0,14.5,,1.0,,1.0,1.0,,,4.0,12.0,12.0,,,16.0,,,,,,,,,,,,,,,,,,,,,,,,,,,,,,,,,,,,,,,,,,,17.0,Gunner Olszewski,NYG,FA,127,4424106,,FA,,{},"['RB/WR', 'WR', 'WR/TE', 'RB/WR/TE', 'OP', 'BE', 'IR']",,,,1.0,1.0,,,682.0,65.0,24.0,0.224093472,0.177013639,806.8582896,278.5788419,80.0,32.0,27.0,11.0,,,1.0,2.0,1.0,1.0,2.0625,1.0,6.0,3.0,1.0,1.0,,,,,,,,,,,,0.5,,,,,,1.0,,,,,,,,,,,,,,,,,,,,,,,,,,,,,,,,,,,,,,,,,,,,,,,,,,,,,,,,,,,,,,,,,,,,,,,,,,,,,,,,,,,,216.0,15.0,4.0,,,,,,,,,,,,,,,,,,,,,,,,,,,,,,,,,,,,,,,,,,,,,,,,,,,,,,,,,,,,,,,,,,,,,,,,,,,,,,,,,,,,,,,,,,,,,,,,,,,,,,,,,,,,2025,,,1.0,,7.0,,,,,,,,,,,,,,,,,,,,,,,,,,,,,,,,
53.0,3.12,35.5,2.09,,,,,,,,,,,,,,,,,30.0,17.70588235,,55.0,25.0,9.0,7.0,1.0,1.0,37.0,209.0,10.03333333,,1.0,,1.0,1.0,5.0,10.0,3.0,14.0,,,,17.0,,,,,,,,,,,,,,,,,8.430644263,1.00691491,0.076553837,0.088125607,0.057590084,28.0,14.0,7.0,5.0,2.0,15.51363181,,,0.056391655,0.001744072,21.369736,9.238388165,0.076553837,0.000834917,,0.189753866,0.189753866,,0.106262165,0.106262165,0.106262165,17.0,Elijah Higgins,ARI,FA,48,4426844,,FA,,{},"['WR/TE', 'TE', 'RB/WR/TE', 'OP', 'BE', 'IR']",,,,,,1.0,1.0,,,,,,,,,,,,,,,,,,,,,,,,,,,,,,,,,,,,,,,,,,,,,,,,,,,,,,,,,,,,,,,,,,,,5.0,,,,,,,,,,,,,,,,,,,,,,,,,,,,,,,,,,,,,,,,,,,,,,,,,,,,,,,,,,,,,,,,,,,,,,,,,,,,,,,,,,,,,,,,,,,,,,,,,,,,,,,,,,,,,,,,,,,,,,,,,,,,,,,,,,,,,,,,,,,,,,,,,,,,,,,,,,,,,,,,,,,,,,,2025,,,,,15.0,,,,,,,,,,,,,,,,,,,,,,,,,,,,,,6.750331035,,
21.0,1.4,6.69,0.39,7.0,1.6,,4.0,1.0,,,,,,,,,,,3.42857143,9.0,4.53333333,1.0,12.0,5.0,1.0,1.0,,,11.0,83.0,7.55555556,,,,,,8.0,10.0,6.0,9.0,6.0,,1.0,15.0,5.183184099,1.277527496,0.165363944,0.006474764,4.0,2.0,1.0,,,1.0,,0.009532328,0.00667263,0.001061937,3.62398e-05,4.190082201,0.730230346,0.094934921,0.004358775,0.040055325,0.026176155,2.0,1.0,,,,1.702286391,,,0.007260869,0.000224563,2.275896202,7.292495519,0.010833539,0.000270955,0.046356197,0.015224526,0.061580724,0.021323851,0.008525735,0.029849585,0.029849585,17.0,Rasheen Ali,BAL,FA,87,4690013,,FA,,{},"['RB', 'RB/WR', 'RB/WR/TE', 'OP', 'BE', 'IR']",,,,,,,,763.0,71.0,26.0,0.076951203,,279.4543701,,27.0,11.0,,,,,,,,,,,,,,,,,,,,,,,,,,,,,,,,,,,,,,,,,,,,,,,,,,,,,,,,,,,2.0,,,,,,,,,,,,,,,,,,,,,,,,,,,,,,,,,,,,,,,,,,,,,,,,,,,,,,,,,,,,,,,,,,,,,,,,,,,,,,,,,,,,,,,,,,,,,,,,,,,,,,,,,,,,,,,,,,,,,,,,,,,,,,,,,,,,,,,,,,,,,,,,,,,,,,,,,,,,,,,,,,,,,,,2025,,,,1.0,2.0,,,,,,,,,,,,,,,,,,,,,,,,,,,,,3.24347796,-0.380555504,,
27.0,3.38,0.0,0.0,,,,,,,,,,,,,,,,,10.0,16.25,1.0,24.0,11.0,3.0,3.0,1.0,,22.0,34.0,13.0,,,,,,1.0,2.0,2.0,6.0,6.0,,,8.0,,,,,,,,,,,,,,,,,,,,,,,,,,,,,,,,,,,,,,,,,,,,Treylon Burks,WSH,FA,136,4567156,,FA,,{},"['RB/WR', 'WR', 'WR/TE', 'RB/WR/TE', 'OP', 'BE', 'IR']",,,,,,,,22.0,2.0,,,,,,,,,,,1.0,,,,,,,,,,,,,,,,,,,,,,,1.0,,,,,,,,,,,,,,,,,,,,,,,,,,,,,,,,1.0,,,,,,,,,,,,,,,,,,,,,,,,,,,,,,,,,,,,,,,,,,,,,,,,,,,,,,,,,,,,,,,,,,,,,,,,,,,,,,,,,,,,,,,,,,,,,,,,,,,,,,,,,,,,,,,,,,,,,,,,,,,,,,,,,,,,,,,,,,,,,,,,,,,,,,,,,,,,,,,,,,,,,,,2025,,,,,7.0,,,,,,,,,,,,,,,,,,,,,,,,,,,,,,,,
14.0,2.0,0.0,0.0,10.0,5.14285714,,6.0,2.0,,,,,,,,,,,3.6,8.0,7.85714286,,9.0,4.0,1.0,1.0,,,9.0,83.0,6.875,,,,,,,,4.0,3.0,,,,7.0,,,,,,,,,,,,,,,,,,,,,,,,,,,,,,,,,,,,,,,,,,,,Trayveon Williams,CLE,FA,94,4035222,,FA,,{},"['RB', 'RB/WR', 'RB/WR/TE', 'OP', 'BE', 'IR']",,,,,,,,212.0,20.0,6.0,,,,,,,,,,,,,,,,,,,,,,,,,,,,,,,,,,,,,,,,,,,,,,,,,,,,,,,,,,,,,,,,,,,,,,,,,,,,,,,,,,,,,,,,,,,,,,,,,,,,,,,,,,,,,,,,,,,,,,,,,,,,,,,,,,,,,,,,,,,,,,,,,,,,,,,,,,,,,,,,,,,,,,,,,,,,,,,,,,,,,,,,,,,,,,,,,,,,,,,,,,,,,,,,,,,,,,,,,,,,,,,,,,,,,,,,2025,,,,3.0,2.0,,,,,,,,,,,,,,,,,,,,,,,,,,,,,,,,
2.0,0.29,23.95,1.5,,,,,,,,,,,,,,,,,2.0,0.57142857,,,,,,,,3.0,4.0,2.0,,,,,,1.0,1.0,3.0,4.0,,,,7.0,,,,,,,,,,,,,,,,,6.556636185,0.79974512,0.042021315,0.120588276,0.078804438,20.0,10.0,5.0,4.0,2.0,9.173180045,,,0.044559268,0.001378122,14.28349114,11.43618445,0.042021315,0.000428842,,0.097464144,0.097464144,,0.054579921,0.054579921,0.054579921,16.0,Jalen Royals,KC,FA,208,5082630,,FA,,{},"['Rookie', 'RB/WR', 'WR', 'WR/TE', 'RB/WR/TE', 'OP', 'BE', 'IR']",,,,,,,,30.0,3.0,1.0,,,,,,,,,,,,,,,,,,,,,,,,,,,,,,,,,,,,,,,,,,,,,,,,,,,,,,,,,,,,,,,,,,,,,,,,,,,,,,,,,,,,,,,,,,,,,,,,,,,,,,,,,,,,,,,,,,,,,,,,,,,,,,,,,,,,,,,,,,,,,,,,,,,,,,,,,,,,,,,,,,,,,,,,,,,,,,,,,,,,,,,,,,,,,,,,,,,,,,,,,,,,,,,,,,,,,,,,,,,,,,,,,,,,,,,,2025,,,,,,,,,,,,,,,,,,,,,,,,,,,,,,,,,,,4.228719266,,
13.0,0.76,8.52,0.5,2.0,0.64705882,,2.0,1.0,,,,,,,,,,,5.5,5.0,5.11764706,,16.0,7.0,2.0,,,,7.0,29.0,17.4,,1.0,,,,,,12.0,5.0,,,,17.0,,,,,,,,,,,,,,,,,2.834528061,0.212268671,0.008926388,0.252605589,0.165077752,9.0,4.0,2.0,1.0,,3.298329456,,,0.02221231,0.000686979,5.5731479,14.60950996,0.008926388,0.000290253,,0.065966589,0.065966589,,0.03694129,0.03694129,0.03694129,17.0,Skyy Moore,SF,FA,165,4430191,,FA,,{},"['RB/WR', 'WR', 'WR/TE', 'RB/WR/TE', 'OP', 'BE', 'IR']",,,,,,,,907.0,86.0,30.0,,,,,,,,,,,,,,,,,,,,,,,,,,,,,,,,,,,,,,,,,,,,,,,,,,,,,,,,,,,,,,,,,,,,,,,,,,,,,,,,,,,,,,,,,,,,,,,,,,,,,,,,,,,,,,,,,,,,,,,,,,291.0,21.0,7.0,,,,,,,,,,,,,,,,,,,,,,,,,,,,,,,,,,,,,,,,,,,,,,,,,,,,,,,,,,,,,,,,,,,,,,,,,,,,,,,,,,,,,,,,,,,,,,,,,,,,,,,,,,,,2025,,,,1.0,5.0,,,,,,,,,,,,,,,,,,,,,,,,,,,,,,1.017695665,,
43.0,2.69,2.64,0.16,,,,,,,,,,,,,,,,,18.0,18.9375,,57.0,25.0,10.0,8.0,3.0,,24.0,107.0,16.83333333,,,,,,3.0,6.0,11.0,5.0,,,,16.0,2.235755457,0.833141148,0.100057288,0.005461707,2.0,1.0,,,,,,0.004105166,0.002873616,0.000416021,1.41972e-05,6.334950215,,,,,,,,,,,,,,,,,,0.005461707,0.000185488,0.042156337,,0.042156337,0.019391915,,0.019391915,0.019391915,17.0,Xavier Smith,LAR,FA,116,4386544,,FA,,{},"['RB/WR', 'WR', 'WR/TE', 'RB/WR/TE', 'OP', 'BE', 'IR']",,,,,,,,301.0,28.0,9.0,0.039909276,0.138578582,144.933685,266.0373985,14.0,5.0,26.0,10.0,,,,,,,,,,,,,,,,,,,,,,,,,,,,,,,,,,,,,,,,,,,,,,,,,,,,,,,,,3.0,,,,,,,,,,,,,,,,,,,,,,,,,,,,,,,,,,,,,,,,,,,,,,,,,,,,,,,,,251.0,21.0,4.0,,,,,,,,,,,,,,,,,,,,,,,,,,,,,,,,,,,,,,,,,,,,,,,,,,,,,,,,,,,,,,,,,,,,,,,,,,,,,,,,,,,,,,,,,,,,,,,,,,,,,,,,,,,,2025,,,,,11.0,,,,,,,,,,,,,,,,,,,,,,,,,,,,,2.760643634,,,
0.0,0.0,0.0,0.0,,,,,,,,,,,,,,,,,,,,,,,,,,,,,,,,,,,,,,,,,,,,,,,,,,,,,,,,,,,,,,,,,,,,,,,,,,,,,,,,,,,,,Will Howard,PIT,FA,0,4429955,,FA,,{},"['Rookie', 'QB', 'OP', 'BE', 'IR']",,,,,,,,,,,,,,,,,,,,,,,,,,,,,,,,,,,,,,,,,,,,,,,,,,,,,,,,,,,,,,,,,,,,,,,,,,,,,,,,,,,,,,,,,,,,,,,,,,,,,,,,,,,,,,,,,,,,,,,,,,,,,,,,,,,,,,,,,,,,,,,,,,,,,,,,,,,,,,,,,,,,,,,,,,,,,,,,,,,,,,,,,,,,,,,,,,,,,,,,,,,,,,,,,,,,,,,,,,,,,,,,,,,,,,,,,,,,,,,,,,2025,,,,,,,,,,,,,,,,,,,,,,,,,,,,,,,,,,,,,
4.0,0.36,0.0,0.0,9.0,4.18181818,,9.0,4.0,2.0,1.0,,,1.0,,,,,,5.11111111,,,,,,,,,,,,,,,,,,2.0,2.0,8.0,3.0,,,,11.0,,,,,,,,,,,,,,,,,,,,,,,,,,,,,,,,,,,,,,,,,,,,Ronnie Rivers,LAR,FA,118,4243003,,FA,,{},"['RB', 'RB/WR', 'RB/WR/TE', 'OP', 'BE', 'IR']",,,,,,,,418.0,40.0,15.0,,,,,,,,,,,,,,,,,,,,,,,,,,,,,,,,,,,,,,,,,,,,,,,,,,,,,,,,,,,,,,,,,,,,,,,,,,,,,,,,,,,,,,,,,,,,,,,,,,,,,,,,,,,,,,,,,,,,,,,,,,,,,,,,,,,,,,,,,,,,,,,,,,,,,,,,,,,,,,,,,,,,,,,,,,,,,,,,,,,,,,,,,,,,,,,,,,,,,,,,,,,,,,,,,,,,,,,,,,,,,,,,,,,,,,,,2025,,,,3.0,,,,,,,,,,,,,,,,,,,,,,,,,,,,,,,,,
2.0,0.4,0.0,0.0,,,,,,,,,,,,,,,,,2.0,1.6,,1.0,,,,,,4.0,7.0,4.0,,,,,,,,,5.0,,,,5.0,,,,,,,,,,,,,,,,,,,,,,,,,,,,,,,,,,,,,,,,,,,,Andre Baccellia,ARI,FA,208,3886809,,FA,,{},"['RB/WR', 'WR', 'WR/TE', 'RB/WR/TE', 'OP', 'BE', 'IR']",,,,,,,,236.0,22.0,8.0,,,,,,,,,,,,,,,,,,,,,,,,,,,,,,,,,,,,,,,,,,,,,,,,,,,,,,,,,,,,,,,,,,,,,,,,,,,,,,,,,,,,,,,,,,,,,,,,,,,,,,,,,,,,,,,,,,,,,,,,,,,,,,,,,,,,,,,,,,,,,,,,,,,,,,,,,,,,,,,,,,,,,,,,,,,,,,,,,,,,,,,,,,,,,,,,,,,,,,,,,,,,,,,,,,,,,,,,,,,,,,,,,,,,,,,,2025,,,,,,,,,,,,,,,,,,,,,,,,,,,,,,,,,,,,,
11.0,0.65,21.47,1.26,2.0,0.52941176,,1.0,,,,,,,,,,,,4.5,8.0,3.05882353,,7.0,3.0,1.0,,,,11.0,45.0,6.5,,,,,,,,7.0,10.0,,,,17.0,8.059667894,1.981060304,0.303055986,0.017075628,6.0,3.0,1.0,1.0,,1.0,,0.014845713,0.010391999,0.002698977,9.21057e-05,4.17858721,3.837064459,0.26568506,0.014209449,0.04142406,0.027070623,13.0,6.0,3.0,2.0,1.0,9.196676709,,,0.031443666,0.000972485,11.82411042,7.092789914,0.031285076,0.000904815,0.096045168,0.109594635,0.205639803,0.044180777,0.061372996,0.105553773,0.105553773,17.0,Alec Ingold,MIA,FA,101,3917668,,FA,,{},"['RB', 'RB/WR', 'RB/WR/TE', 'OP', 'BE', 'IR']",,,,,,,,,,,,,,,,,,,,,,,,,,,,,,,,,,,,,,,,,,,,,,,,,,,,,,,,,,,,,,,,,,,,,,,,,,,,,,,,,,,,,,,,,,,,,,,,,,,,,,,,,,,,,,,,,,,,,,,,,,,,,,,,,,,,,,,,,,,,,,,,,,,,,,,,,,,,,,,,,,,,,,,,,,,,,,,,,,,,,,,,,,,,,,,,,,,,,,,,,,,,,,,,,,,,,,,,,,,,,,,,,,,,,,,,,,,,,,,,,,2025,,,,1.0,4.0,,,,,,,,,,,,,,,,,,,,,,,,,,,,,3.924718371,2.853948669,,
16.0,1.23,73.55,4.33,1.0,0.15384615,,,,,,,,,,,,,,2.0,7.0,7.76923077,,19.0,9.0,3.0,3.0,1.0,,10.0,57.0,14.42857143,,1.0,,,,,,8.0,5.0,,,,13.0,,,,,,,,,,,,,,,,,17.74784258,2.06876403,0.121825456,0.088506741,0.057839155,60.0,30.0,15.0,12.0,6.0,31.26749058,,,0.127151345,0.003932516,44.994719,9.649425591,0.121825456,0.001491351,,0.338943453,0.338943453,,0.189808334,0.189808334,0.189808334,17.0,Tyler Conklin,LAC,FA,77,3915486,,FA,,{},"['WR/TE', 'TE', 'RB/WR/TE', 'OP', 'BE', 'IR']",,,,,,1.0,,,,,,,,,,,,,,,,,,,,,,,,,,,,,,,,,,,,,,,,,,,,,,,,,,,,,,,,,,,,,,,,,,,,,,,,,,,,,,,,,,,,,,,,,,,,,,,,,,,,,,,,,,,,,,,,,,,,,,,,,,,,,,,,,,,,,,,,,,,,,,,,,,,,,,,,,,,,,,,,,,,,,,,,,,,,,,,,,,,,,,,,,,,,,,,,,,,,,,,,,,,,,,,,,,,,,,,,,,,,,,,,,,,,,,,,,,,,2025,,,,1.0,3.0,,,,,,,,,,,,,,,,,,,,,,,,,,,,,,15.14320198,,
25.0,2.78,21.51,1.27,6.0,2.66666667,1.0,4.0,1.0,,,,,,,,,,,4.0,9.0,12.44444444,,20.0,9.0,3.0,3.0,,,17.0,58.0,12.44444444,,,,,,,,6.0,3.0,6.0,1.0,,9.0,,,,,,,,,,,,,,,,,5.816058876,0.611443386,0.03309956,0.080156527,0.052382291,19.0,9.0,4.0,3.0,1.0,8.90949297,,,0.043003977,0.00133002,15.07671095,11.09748907,0.03309956,0.000528511,,0.120116138,0.120116138,,0.067265037,0.067265037,0.067265037,17.0,Elijah Moore,None,FA,140,4372414,,FA,,{},"['RB/WR', 'WR', 'WR/TE', 'RB/WR/TE', 'OP', 'BE', 'IR']",,,,,,,,,,,,,,,,,,,,,,,,,,,,,,,,,,,,,,,,,,,,,,,,,,,,,,,,,,,,,,,,,,,,,,,,,,,,,,,,,,,,,,,,,,,,,,,,,,,,,,,,,,,,,,,,,,,,,,,,,,,,,,,,,,,,,,,,,,,,,,,,,,,,,,,,,,,,,,,,,,,,,,,,,,,,,,,,,,,,,,,,,,,,,,,,,,,,,,,,,,,,,,,,,,,,,,,,,,,,,,,,,,,,,,,,,,,,,,,,,,2025,,,,3.0,4.0,,,,,,,,,,,,,,,,,,,,,,,,,,,,,,3.857615371,,
8.0,2.67,7.51,0.44,17.0,15.66666667,,8.0,4.0,2.0,,,,3.0,1.0,,,,,2.76470588,3.0,3.66666667,,2.0,1.0,,,,,4.0,27.0,3.66666667,,,,,,,1.0,3.0,,,,,3.0,6.530806127,1.60125151,0.142101027,0.008249558,5.0,2.0,1.0,1.0,,1.0,,0.012020684,0.008414479,0.001783086,6.08499e-05,4.168134093,0.872760948,0.079173799,0.003017111,0.035392669,0.023129109,2.0,1.0,,,,2.248991093,,,0.008596551,0.000265873,2.900407644,6.597152013,0.011266668,0.00017275,0.029204378,0.010057011,0.039261389,0.013434014,0.005631926,0.01906594,0.01906594,17.0,Ty Chandler,MIN,FA,108,4242431,,FA,,{},"['RB', 'RB/WR', 'RB/WR/TE', 'OP', 'BE', 'IR']",,,,,,,,84.0,8.0,3.0,0.157295168,,571.2298207,,57.0,22.0,,,,,,,,,,,,,,,,,,,,,,,,,,,,,,,,,,,,,,,,,,,,,,,,,,,,,,,,,,,1.0,,,,,,,,,,,,,,,,,,,,,,,,,,,,,,,,,,,,,,,,,,,,,,,,,,,,,,,,,,,,,,,,,,,,,,,,,,,,,,,,,,,,,,,,,,,,,,,,,,,,,,,,,,,,,,,,,,,,,,,,,,,,,,,,,,,,,,,,,,,,,,,,,,,,,,,,,,,,,,,,,,,,,,,2025,,,,1.0,1.0,,,,,,,,,,,,,,,,,,,,,,,,,,,,,3.493828714,-0.195571048,,
7.0,0.88,7.86,0.46,,,,,,,,,,,,,,,,,5.0,4.375,,6.0,2.0,,,,,14.0,2.0,7.0,,,,,,2.0,2.0,2.0,6.0,,,,8.0,,,,,,,,,,,,,,,,,2.391876372,0.158216811,0.012110002,0.160463604,0.104862965,8.0,4.0,2.0,1.0,,2.946415409,,,0.021362679,0.000660701,5.290229636,13.80046351,0.012110002,0.000244447,,0.055556202,0.055556202,,0.031111473,0.031111473,0.031111473,17.0,Jalin Hyatt,NYG,FA,181,4692590,,FA,,{},"['RB/WR', 'WR', 'WR/TE', 'RB/WR/TE', 'OP', 'BE', 'IR']",,,,,,,,111.0,11.0,4.0,,,,,,,,,,,,,,,,,,,,,,,,,,,,,,,,,,,,,,,,,,,,,,,,,,,,,,,,,,,,,,,,,,,,,,,,,,,,,,,,,,,,,,,,,,,,,,,,,,,,,,,,,,,,,,,,,,,,,,,,,,,,,,,,,,,,,,,,,,,,,,,,,,,,,,,,,,,,,,,,,,,,,,,,,,,,,,,,,,,,,,,,,,,,,,,,,,,,,,,,,,,,,,,,,,,,,,,,,,,,,,,,,,,,,,,,2025,,,,,2.0,,,,,,,,,,,,,,,,,,,,,,,,,,,,,,0.707868044,,
1.0,0.25,1.88,0.11,4.0,-1.0,,,,,,,,,,,,,,-1.0,,,,,,,,,,,,,1.0,1.0,1.0,1.0,5.0,,,1.0,3.0,,,,4.0,0.147209867,0.013468825,0.002770974,0.00010851,,,,,,,,0.000269991,0.000188993,-1.55668e-06,-5.31234e-08,1.555398627,,,,,,,,,,,,,,,,,,0.014792291,0.000438818,0.002612937,,0.099731269,0.001201951,,0.047818751,0.178288402,17.0,Cooper Rush,BAL,FA,65,2972515,,FA,,{},"['QB', 'OP', 'BE', 'IR']",,,,,,,,,,,,,,,,,,,,,,52.0,34.0,18.0,75.75,,59.0,29.0,13.0,11.0,5.0,1.0,5.0,2.0,2.0,,,,,,4.0,0.65384615,1.0,,,,,,5.151569008,3.242695293,1.908873715,2.037676934,0.296819467,6.0,3.0,1.0,1.0,,,,,0.072387177,0.04730502,0.05511389,0.007444441,0.014683781,0.130469651,0.6294578,0.319966167,0.097118332,0.0466168,,,,,,,,,,,,,,,,,,,,,,,,,,,,,,,,,,,,,,,,,,,,,,,,,,,,,,,,,,,,,,,,,,,,,,,,,,,,,,,,,,,,,,,,,,,,,,,,,,,,,,,,,,,,,,,,,,,,,,,,,,,,,,,,,,,,,,,,,,,,,,,,,,,,,,,,,,,,,,,,,,,,,,,,,,,2025,,,13.0,,,,,,,,,,,,,,,,,,,,,,,,,,,,,,,2.090730231,,-2.182857916,
10.0,10.0,0.0,0.0,5.0,18.0,1.0,3.0,1.0,,,,,1.0,,,,,,3.6,2.0,11.0,,2.0,1.0,,,,,2.0,22.0,5.5,,,,,,,,,1.0,6.0,1.0,,1.0,,,,,,,,,,,,,,,,,,,,,,,,,,,,,,,,,,,,,,,,,,,,Phil Mafah,DAL,FA,103,4431562,,FA,,{},"['Rookie', 'RB', 'RB/WR', 'RB/WR/TE', 'OP', 'BE', 'IR']",,,,,,,,,,,,,,,,,,,,,,,,,,,,,,,,,,,,,,,,,,,,,,,,,,,,,,,,,,,,,,,,,,,,,,,,,,,,,,,,,,,,,,,,,,,,,,,,,,,,,,,,,,,,,,,,,,,,,,,,,,,,,,,,,,,,,,,,,,,,,,,,,,,,,,,,,,,,,,,,,,,,,,,,,,,,,,,,,,,,,,,,,,,,,,,,,,,,,,,,,,,,,,,,,,,,,,,,,,,,,,,,,,,,,,,,,,,,,,,,,,2025,,,,2.0,1.0,,,,,,,,,,,,,,,,,,,,,,,,,,,,,,,,
2.0,0.5,35.4,2.08,1.0,3.0,,2.0,1.0,,,,,,,,,,,12.0,1.0,1.25,,1.0,,,,,,1.0,,5.0,,,,,,,,1.0,3.0,,,,4.0,,,,,,,,,,,,,,,,,9.949545761,0.881433528,0.049880554,0.09931101,0.064899745,33.0,16.0,8.0,6.0,3.0,14.28488824,,,0.075938648,0.002348618,24.25609001,11.84064412,0.049880554,0.00109428,,0.248699895,0.248699895,,0.139271941,0.139271941,0.139271941,17.0,David Moore,CAR,FA,208,4212909,,FA,,{},"['RB/WR', 'WR', 'WR/TE', 'RB/WR/TE', 'OP', 'BE', 'IR']",,,,,,,,,,,,,,,,,,,,,,,,,,,,,,,,,,,,,,,,,,,,,,,,,,,,,,,,,,,,,,,,,,,,,,,,,,,,,,,,,,,,,,,,,,,,,,,,,,,,,,,,,,,,,,,,,,,,,,,,,,,,,,,,,,,,,,,,,,,,,,,,,,,,,,,,,,,,,,,,,,,,,,,,,,,,,,,,,,,,,,,,,,,,,,,,,,,,,,,,,,,,,,,,,,,,,,,,,,,,,,,,,,,,,,,,,,,,,,,,,,2025,,,,1.0,,,,,,,,,,,,,,,,,,,,,,,,,,,,,,,7.130999451,,
2.0,0.5,2.1,0.12,3.0,1.0,,1.0,,,,,,,,,,,,1.33333333,,,,,,,,,,,,,,,,,,,,1.0,3.0,,,,4.0,0.235843765,0.056228014,0.008290042,0.000557548,,,,,,,,0.000432571,0.000302799,-4.70807e-06,-1.60668e-07,4.053006191,,,,,,,,,,,,,,,,,,0.016940584,0.000253266,0.002129185,,0.057560565,0.000979425,,0.027586487,0.159693031,17.0,Teddy Bridgewater,TB,FA,64,16728,,FA,,{},"['QB', 'OP', 'BE', 'IR']",,,,,,,,,,,,,,,,,,,,,,15.0,8.0,7.0,15.5,,12.0,6.0,3.0,2.0,1.0,,1.0,,1.0,,,,,,,0.53333333,2.0,,,,,,5.72352765,3.806292226,1.917235424,2.437754721,0.332537908,8.0,4.0,2.0,1.0,,,,,0.073102747,0.047772645,0.065676992,0.008871239,0.016383036,0.132106544,0.665025568,0.416447288,0.05543138,0.026607062,,,,,,,,,,,,,,,,,,,,,,,,,,,,,,,,,,,,,,,,,,,,,,,,,,,,,,,,,,,,,,,,,,,,,,,,,,,,,,,,,,,,,,,,,,,,,,,,,,,,,,,,,,,,,,,,,,,,,,,,,,,,,,,,,,,,,,,,,,,,,,,,,,,,,,,,,,,,,,,,,,,,,,,,,,,2025,,,2.0,,,,,,,,,,,,,,,,,,,,,,,,,,,,,,,2.12477372,,-1.861396761,
18.0,3.0,45.27,2.66,,,,,,,,,,,,,,,,,7.0,13.5,1.0,14.0,5.0,2.0,1.0,,,9.0,27.0,11.57142857,,,,,,1.0,1.0,4.0,2.0,6.0,,,6.0,4.83126993,1.386035812,0.244805668,0.007854778,4.0,2.0,1.0,,,,,0.008883429,0.0062184,0.001266076,4.32063e-05,4.877104601,9.80497248,1.4650579,0.079316131,0.08419797,0.055023373,33.0,16.0,8.0,6.0,3.0,17.17721879,,,0.063470493,0.001963005,25.12785159,9.703813766,0.087170908,0.001448531,0.072268051,0.256943649,0.3292117,0.033243304,0.143888444,0.177131747,0.177131747,17.0,Curtis Samuel,BUF,FA,153,3121427,,FA,,{},"['RB/WR', 'WR', 'WR/TE', 'RB/WR/TE', 'OP', 'BE', 'IR']",,,,,,,,223.0,20.0,6.0,,,,,,,,,,1.0,,,,,,,,,,,,,,,,,,,,,,,,,,,,,,,,,,,,,,,,,,,,,,,,,,,,,,,,,,,,,,,,,,,,,,,,,,,,,,,,,,,,,,,,,,,,,,,,,,,,,,,,,,,,,,,,,,,,,,,,,,,,,,,,,,,,,,,,,,,,,,,,,,,,,,,,,,,,,,,,,,,,,,,,,,,,,,,,,,,,,,,,,,,,,,,,,,,,,,,,,,,,,,,,,,,,,,,,,,,,,,2025,,,,,5.0,,,,,,,,,,,,,,,,,,,,,,,,,,,,,3.343606908,7.961135074,,
3.0,0.27,30.98,1.94,,,,,,,,,,,,,,,,,2.0,1.81818182,,3.0,1.0,,,,,2.0,6.0,10.0,,,,,,1.0,3.0,10.0,1.0,,,,11.0,,,,,,,,,,,,,,,,,9.127739914,0.800604305,0.045386988,0.129862317,0.084865024,29.0,14.0,7.0,5.0,2.0,12.3427052,,,0.056412185,0.001744707,19.62881136,11.83240111,0.045386988,0.001024004,,0.232728154,0.232728154,,0.130327767,0.130327767,0.130327767,16.0,Jake Bobo,SEA,FA,201,4360405,,FA,,{},"['RB/WR', 'WR', 'WR/TE', 'RB/WR/TE', 'OP', 'BE', 'IR']",,,,,,,,,,,,,,,,,,,,,,,,,,,,,,,,,,,,,,,,,,,,,,,,,,,,,,,,,,,,,,,,,,,,,,,,,,,2.0,,,,,,,,,,,,,,,,,,,,,,,,,,,,,,,,,,,,,,,,,,,,,,,,,,,,,,,,,,,,,,,,,,,,,,,,,,,,,,,,,,,,,,,,,,,,,,,,,,,,,,,,,,,,,,,,,,,,,,,,,,,,,,,,,,,,,,,,,,,,,,,,,,,,,,,,,,,,,,,,,,,,,,,2025,,,,,1.0,,,,,,,,,,,,,,,,,,,,,,,,,,,,,,6.085925208,,
49.0,3.06,18.47,1.09,,,,,,,,,,,,,,,,,15.0,11.6875,3.0,35.0,16.0,6.0,4.0,1.0,1.0,24.0,54.0,12.46666667,,,,,,1.0,1.0,12.0,4.0,18.0,,,16.0,,,,,,,,,,,,,,,,,4.758948854,0.526277971,0.028921296,0.108241444,0.070735784,16.0,8.0,4.0,3.0,1.0,7.363098725,,,0.037084941,0.001146957,11.50781368,10.98751131,0.028921296,0.000427612,,0.097184551,0.097184551,,0.054423349,0.054423349,0.054423349,17.0,Tim Patrick,JAX,FA,105,3134353,,FA,,{},"['RB/WR', 'WR', 'WR/TE', 'RB/WR/TE', 'OP', 'BE', 'IR']",,,,,,,,,,,,,,,,,,,,2.0,1.0,,,,,,,,,,,,,,,,,,,,,,,,,,,,,,,,,,,,,,,,,,,,,,,,,,,,,,,,,,,,,,,,,,,,,,,,,,,,,,,,,,,,,,,,,,,,,,,,,,,,,,,,,,,,,,,,,,,,,,,,,,,,,,,,,,,,,,,,,,,,,,,,,,,,,,,,,,,,,,,,,,,,,,,,,,,,,,,,,,,,,,,,,,,,,,,,,,,,,,,,,,,,,,,,,,,,,,,,,,,,,2025,,,,,11.0,,,,,,,,,,,,,,,,,,,,,,,,,,,,,,2.974749541,,
0.0,0.0,0.0,0.0,,,,,,,,,,,,,,,,,,,,,,,,,,,,,,,,,,,,,,,,,,,,,,,,,,,,,,,,,,,,,,,,,,,,,,,,,,,,,,,,,,,,,Dalvin Cook,None,FA,0,3116593,,FA,,{},"['RB', 'RB/WR', 'RB/WR/TE', 'OP', 'BE', 'IR']",,,,,,,,,,,,,,,,,,,,,,,,,,,,,,,,,,,,,,,,,,,,,,,,,,,,,,,,,,,,,,,,,,,,,,,,,,,,,,,,,,,,,,,,,,,,,,,,,,,,,,,,,,,,,,,,,,,,,,,,,,,,,,,,,,,,,,,,,,,,,,,,,,,,,,,,,,,,,,,,,,,,,,,,,,,,,,,,,,,,,,,,,,,,,,,,,,,,,,,,,,,,,,,,,,,,,,,,,,,,,,,,,,,,,,,,,,,,,,,,,,2025,,,,,,,,,,,,,,,,,,,,,,,,,,,,,,,,,,,,,
18.0,2.0,34.52,2.03,,,,,,,,,,,,,,,,,10.0,11.88888889,,19.0,8.0,3.0,1.0,,,15.0,39.0,10.7,,,,,,,,2.0,7.0,,,,9.0,,,,,,,,,,,,,,,,,9.769794227,0.672764271,0.045729161,0.09684426,0.063287724,33.0,16.0,8.0,6.0,3.0,14.69889039,,,0.064716575,0.002001544,24.16436638,11.2992544,0.045729161,0.001219483,,0.277155257,0.277155257,,0.155206944,0.155206944,0.155206944,17.0,Jamari Thrash,CLE,FA,153,4428678,,FA,,{},"['RB/WR', 'WR', 'WR/TE', 'RB/WR/TE', 'OP', 'BE', 'IR']",,,,,,,,,,,,,,,,,,,,,,,,,,,,,,,,,,,,,,,,,,,,,,,,,,,,,,,,,,,,,,,,,,,,,,,,,,,,,,,,,,,,,,,,,,,,,,,,,,,,,,,,,,,,,,,,,,,,,,,,,,,,,,,,,,,,,,,,,,,,,,,,,,,,,,,,,,,,,,,,,,,,,,,,,,,,,,,,,,,,,,,,,,,,,,,,,,,,,,,,,,,,,,,,,,,,,,,,,,,,,,,,,,,,,,,,,,,,,,,,,,2025,,,,,5.0,,,,,,,,,,,,,,,,,,,,,,,,,,,,,,7.055769758,,
0.0,0.0,23.15,1.36,3.0,0.77777778,,,,,,,,,,,,,,2.33333333,,,,,,,,,,,,,,,,,,1.0,3.0,2.0,7.0,,,,9.0,21.31867484,5.107918611,0.551156408,0.032338562,17.0,8.0,4.0,3.0,1.0,4.0,2.0,0.039927331,0.027949131,0.034318237,0.00117115,4.073171388,2.696457986,0.247640407,0.013217348,0.038660758,0.025264805,9.0,4.0,2.0,1.0,,6.482455193,,,0.020026818,0.000619386,8.559860863,7.071361759,0.04555591,0.001003305,0.174855038,0.053168875,0.228023913,0.080433318,0.02977457,0.110207888,0.110207888,17.0,Kalel Mullings,TEN,FA,136,4429121,,FA,,{},"['Rookie', 'RB', 'RB/WR', 'RB/WR/TE', 'OP', 'BE', 'IR']",,,,,,,,,,,,,,,,,,,,,,,,,,,,,,,,,,,,,,,,,,,,,,,,,,,,,,,,,,,,,,,,,,,,,,,,,,,2.0,,,,,,,,,,,,,,,,,,,,,,,,,,,,,,,,,,,,,,,,,,,,,,,,,,,,,,,,,,,,,,,,,,,,,,,,,,,,,,,,,,,,,,,,,,,,,,,,,,,,,,,,,,,,,,,,,,,,,,,,,,,,,,,,,,,,,,,,,,,,,,,,,,,,,,,,,,,,,,,,,,,,,,,2025,,,,2.0,,,,,,,,,,,,,,,,,,,,,,,,,,,,,,6.710053967,1.693200642,,
2.0,0.12,13.05,0.77,11.0,2.35294118,,6.0,2.0,1.0,1.0,,,,,,,,,3.63636364,,,,,,,,,,2.0,,,,,,,,10.0,17.0,3.0,14.0,,,,17.0,10.88991735,2.640882845,0.275305976,0.016200485,8.0,4.0,2.0,1.0,,2.0,1.0,0.02047442,0.014332094,0.021835463,0.000745161,4.122621587,1.59252543,0.110548581,0.005911631,0.00844024,0.005515697,5.0,2.0,1.0,1.0,,3.948021387,,,0.011293665,0.000349289,5.19332993,6.857341856,0.022112117,0.000583899,0.097394795,0.035309426,0.132704222,0.044801606,0.019773279,0.064574885,0.064574885,17.0,Julius Chestnut,TEN,FA,125,4367567,,FA,,{},"['RB', 'RB/WR', 'RB/WR/TE', 'OP', 'BE', 'IR']",,,,,,,,81.0,7.0,2.0,0.14549614,,574.3268693,,57.0,22.0,,,,,,,,,,,,,,,,,,,,,,,,,,,,,,,,,,,,,,,,,,,,,,,,,,,,,,,,,,,7.0,,,,,,,,,,,,,,,,,,,,,,,,,,,,,,,,,,,,,,,,,,,,,,,,,,,,,1.0,,,,,,,,,,,,,,,,,,,,,,,,,,,,,,,,,,,,,,,,,,,,,,,,,,,,,,,,,,,,,,,,,,,,,,,,,,,,,,,,,,,,,,,,,,,,,,,,,,,,,,,,,,,,,,,,,,2025,,,,4.0,,,,,,,,,,,,,,,,,,,,,,,,,,,,,,2.870259648,1.421134548,,
16.0,1.78,84.14,4.95,,,,,,,,,,,,,,,,,11.0,10.77777778,,16.0,5.0,1.0,1.0,,,16.0,66.0,8.81818182,,,,,,,,6.0,3.0,,,,9.0,,,,,,,,,,,,,,,,,20.69256593,1.786886746,0.105213948,0.103660936,0.067742422,70.0,35.0,17.0,14.0,7.0,38.54953083,,,0.169053925,0.005228472,50.57672747,9.125237407,0.105213948,0.001378847,,0.313374405,0.313374405,,0.175489667,0.175489667,0.175489667,17.0,Will Dissly,LAC,FA,77,3127292,,FA,,{},"['WR/TE', 'TE', 'RB/WR/TE', 'OP', 'BE', 'IR']",,,,,,,,,,,,,,,,,,,,,,,,,,,,,,,,,,,,,,,,,,,,,,,,,,,,,,,,,,,,,,,,,,,,,,,,,,,,,,,,,,,,,,,,,,,,,,,,,,,,,,,,,,,,,,,,,,,,,,,,,,,,,,,,,,,,,,,,,,,,,,,,,,,,,,,,,,,,,,,,,,,,,,,,,,,,,,,,,,,,,,,,,,,,,,,,,,,,,,,,,,,,,,,,,,,,,,,,,,,,,,,,,,,,,,,,,,,,,,,,,,2025,,,,,5.0,,,,,,,,,,,,,,,,,,,,,,,,,,,,,,18.06822172,,
15.0,1.5,21.19,1.25,,,,,,,,,,,,,,,,,5.0,5.1,1.0,9.0,4.0,1.0,,,,12.0,21.0,10.2,,,,,,,,6.0,4.0,6.0,,,10.0,,,,,,,,,,,,,,,,,5.735145394,0.627344242,0.036936228,0.130211292,0.08509308,19.0,9.0,4.0,3.0,1.0,8.453746803,,,0.042176473,0.001304427,13.27771881,11.53304848,0.036936228,0.000395209,,0.089820236,0.089820236,,0.050299332,0.050299332,0.050299332,17.0,KeAndre Lambert-Smith,LAC,FA,161,4430870,,FA,,{},"['Rookie', 'RB/WR', 'WR', 'WR/TE', 'RB/WR/TE', 'OP', 'BE', 'IR']",,,,,,,,418.0,37.0,12.0,,,,,,,,,,,,,,,,,,,,,,,,,,,,,,,,,,,,,,,,,,,,,,,,,,,,,,,,,,,,,,,,1.0,,,,,,,,,,,,,,,,,,,,,,,,,,,,,,,,,,,,,,,,,,,,,,,,,,,,,,,,,,,,,,,,,,,,,,,,,,,,,,,,,,,,,,,,,,,,,,,,,,,,,,,,,,,,,,,,,,,,,,,,,,,,,,,,,,,,,,,,,,,,,,,,,,,,,,,,,,,,,,,,,,,,,,,,2025,,,,,3.0,,,,,,,,,,,,,,,,,,,,,,,,,,,,,,3.722306199,,
1.0,0.33,1.76,0.1,2.0,2.33333333,,1.0,,,,,,,,,,,,3.5,,,,,,,,,,,,,1.0,1.0,,,,,,2.0,1.0,,,,3.0,0.360166497,0.08142718,0.018992336,0.00096906,,,,,,,,0.000660641,0.000462449,-5.28066e-06,-1.80209e-07,3.843394864,,,,,,,,,,,,,,,,,,0.015357228,0.000407785,0.005205187,,0.092678335,0.002394386,,0.044381497,0.202169505,17.0,Tyson Bagent,CHI,FA,65,4434153,,FA,,{},"['QB', 'OP', 'BE', 'IR']",,,,,,,,,,,,,,,,,,,,,,4.0,3.0,1.0,15.66666667,,9.0,4.0,2.0,1.0,,,,,,,,,,,,0.75,,,,,,,5.715188125,3.654883952,2.060304173,2.339196225,0.253880928,7.0,3.0,1.0,1.0,,,,,0.072925103,0.047656555,0.063082001,0.008520724,0.014388168,0.157788008,0.6395037,0.337408562,0.087473148,0.041987111,,,,,,,,,,,,,,,,,,,,,,,,,,,,,,,,,,,,,,,,,,,,,,,,,,,,,,,,,,,,,,,,,,,,,,,,,,,,,,,,,,,,,,,,,,,,,,,,,,,,,,,,,,,,,,,,,,,,,,,,,,,,,,,,,,,,,,,,,,,,,,,,,,,,,,,,,,,,,,,,,,,,,,,,,,,2025,,,2.0,,,,,,,,,,,,,,,,,,,,,,,,,,,,,,,2.154769886,,-1.973379587,
1.0,0.25,1.65,0.1,10.0,-1.25,,,,,,,,,,,,,,-0.5,,,,,,,,,,,,,,,,,,,,4.0,,,,,4.0,0.375167526,0.11222534,0.025524405,0.0012669,,,,,,,,0.000688162,0.000481714,-4.69946e-06,-1.60375e-07,5.085276961,,,,,,,,,,,,,,,,,,0.015075205,0.000547842,0.007503351,,0.12450964,0.003451541,,0.05961456,0.200111131,17.0,Joshua Dobbs,NE,FA,65,3044720,,FA,,{},"['QB', 'OP', 'BE', 'IR']",,,,,,,,,,,,,,,,,,,,,,10.0,7.0,3.0,16.25,,12.0,6.0,2.0,1.0,,,,,,,,,,,,0.7,,,,,,,5.440403997,3.432481881,2.007922116,1.974803533,0.215545622,6.0,3.0,1.0,1.0,,,,,0.072276113,0.04723244,0.053446513,0.007219223,0.013808305,0.140496571,0.630924079,0.409910489,0.11700629,0.056163019,,,,,,,,,,,,,,,,,,,,,,,,,,,,,,,,,,,,,,,,,,,,,,,,,,,,,,,,,,,,,,,,,,,,,,,,,,,,,,,,,,,,,,,,,,,,,,,,,,,,,,,,,,,,,,,,,,,,,,,,,,,,,,,,,,,,,,,,,,,,,,,,,,,,,,,,,,,,,,,,,,,,,,,,,,,2025,,,3.0,,,,,,,,,,,,,,,,,,,,,,,,,,,,,,,2.178229381,,-2.19277896,
0.0,0.0,0.0,0.0,,,,,,,,,,,,,,,,,,,,,,,,,,,,,,,,,,,,,,,,,,,,,,,,,,,,,,,,,,,,,,,,,,,,,,,,,,,,,,,,,,,,,Pierre Strong Jr.,GB,FA,0,4249836,,FA,,{},"['RB', 'RB/WR', 'RB/WR/TE', 'OP', 'BE', 'IR']",,,,,,,,,,,,,,,,,,,,,,,,,,,,,,,,,,,,,,,,,,,,,,,,,,,,,,,,,,,,,,,,,,,,,,,,,,,,,,,,,,,,,,,,,,,,,,,,,,,,,,,,,,,,,,,,,,,,,,,,,,,,,,,,,,,,,,,,,,,,,,,,,,,,,,,,,,,,,,,,,,,,,,,,,,,,,,,,,,,,,,,,,,,,,,,,,,,,,,,,,,,,,,,,,,,,,,,,,,,,,,,,,,,,,,,,,,,,,,,,,,2025,,,,,,,,,,,,,,,,,,,,,,,,,,,,,,,,,,,,,
2.0,1.0,0.0,0.0,7.0,6.5,,2.0,,,,,,1.0,,,,,,1.85714286,2.0,4.5,,1.0,,,,,,2.0,13.0,4.5,,,,,,,,1.0,1.0,,,,2.0,,,,,,,,,,,,,,,,,,,,,,,,,,,,,,,,,,,,,,,,,,,,Clyde Edwards-Helaire,None,FA,125,4242214,,FA,,{},"['RB', 'RB/WR', 'RB/WR/TE', 'OP', 'BE', 'IR']",,,,,,,,,,,,,,,,,,,,,,,,,,,,,,,,,,,,,,,,,,,,,,,,,,,,,,,,,,,,,,,,,,,,,,,,,,,,,,,,,,,,,,,,,,,,,,,,,,,,,,,,,,,,,,,,,,,,,,,,,,,,,,,,,,,,,,,,,,,,,,,,,,,,,,,,,,,,,,,,,,,,,,,,,,,,,,,,,,,,,,,,,,,,,,,,,,,,,,,,,,,,,,,,,,,,,,,,,,,,,,,,,,,,,,,,,,,,,,,,,,2025,,,,1.0,,,,,,,,,,,,,,,,,,,,,,,,,,,,,,,,,
4.0,0.67,0.0,0.0,,,,,,,,,,,,,,,,,2.0,3.33333333,,4.0,2.0,1.0,,,,4.0,20.0,10.0,,2.0,,,,,,3.0,3.0,,,,6.0,,,,,,,,,,,,,,,,,,,,,,,,,,,,,,,,,,,,,,,,,,,,Britain Covey,PHI,FA,194,3926231,,FA,,{},"['RB/WR', 'WR', 'WR/TE', 'RB/WR/TE', 'OP', 'BE', 'IR']",,,,,,,,125.0,12.0,4.0,,,,,,,,,,,,,,,,,,,,,,,,,,,,,,,,,,,,,,,,,,,,,,,,,,,,,,,,,,,,,,,,,,,,,,,,,,,,,,,,,,,,,,,,,,,,,,,,,,,,,,,,,,,,,,,,,,,,,,,,,,124.0,10.0,2.0,,,,,,,,,,,,,,,,,,,,,,,,,,,,,,,,,,,,,,,,,,,,,,,,,,,,,,,,,,,,,,,,,,,,,,,,,,,,,,,,,,,,,,,,,,,,,,,,,,,,,,,,,,,,2025,,,,,2.0,,,,,,,,,,,,,,,,,,,,,,,,,,,,,,,,
41.0,2.41,33.89,1.99,,,,,,,,,,,,,,,,,20.0,11.47058824,1.0,35.0,15.0,5.0,3.0,,,23.0,104.0,9.75,,,,,,,1.0,14.0,3.0,6.0,,,17.0,,,,,,,,,,,,,,,,,7.915764921,1.376926973,0.073145448,0.113173892,0.073959138,26.0,13.0,6.0,5.0,2.0,12.64837965,,,0.053801271,0.001663957,18.94308296,10.63914963,0.073145448,0.000659319,,0.149845326,0.149845326,,0.083913383,0.083913383,0.083913383,17.0,Adam Trautman,DEN,FA,57,3911853,,FA,,{},"['WR/TE', 'TE', 'RB/WR/TE', 'OP', 'BE', 'IR']",,,,,,,,,,,,,,,,,,,,1.0,,,,,,,,,,,,,,,,,,,,,,,,,,,,,,,,,,,,,,,,,,,,,,,,,,,,,,,1.0,,,,,,,,,,,,,,,,,,,,,,,,,,,,,,,,,,,,,,,,,,,,,,,,,,,,,,,,,,,,,,,,,,,,,,,,,,,,,,,,,,,,,,,,,,,,,,,,,,,,,,,,,,,,,,,,,,,,,,,,,,,,,,,,,,,,,,,,,,,,,,,,,,,,,,,,,,,,,,,,,,,,,,,2025,,,,,11.0,,,,,,,,,,,,,,,,,,,,,,,,,,,,,,6.007177291,,
0.0,0.0,18.63,1.1,2.0,0.45454545,,,,,,,,,,,,,,2.5,2.0,0.90909091,,1.0,,,,,,3.0,8.0,5.0,,1.0,,1.0,1.0,,,8.0,3.0,,,,11.0,10.48976586,3.235114335,0.406984821,0.019613969,10.0,5.0,2.0,2.0,1.0,2.0,1.0,0.019347228,0.013543059,0.007442076,0.000253969,5.242914325,2.367812387,0.25830564,0.015209714,0.12111821,0.07915075,8.0,4.0,2.0,1.0,,3.662031451,,,0.0211827,0.000655135,5.582008476,10.9919347,0.034823684,0.001245358,0.209795317,0.073240629,0.283035946,0.096505846,0.041014752,0.137520598,0.137520598,17.0,Derius Davis,LAC,FA,216,4362477,,FA,,{},"['RB/WR', 'WR', 'WR/TE', 'RB/WR/TE', 'OP', 'BE', 'IR']",,,,,,,,464.0,42.0,15.0,0.231201675,0.131775757,949.6897415,333.987305,94.0,37.0,33.0,13.0,,,,,,,,,,,,,,,,,,,,,,,,,,,,,,,,,,,,,,,,,,,,,,,,,,,,,,,,,,,,,,,,,,,,,,,,,,,,,,,,,,,,,,,,,,,,,,,,,,,,,,,,,,,,,,,,,,77.0,6.0,1.0,,,,,,,,,,,,,,,,,,,,,,,,,,,,,,,,,,,,,,,,,,,,,,,,,,,,,,,,,,,,,,,,,,,,,,,,,,,,,,,,,,,,,,,,,,,,,,,,,,,,,,,,,,,,2025,,,,,,,,,,,,,,,,,,,,,,,,,,,,,,,,,,4.869673816,0.900627384,,
26.0,1.53,8.05,0.47,,,,,,,,,,,,,,,,,11.0,5.0,2.0,14.0,5.0,1.0,,,,14.0,52.0,7.72727273,,1.0,,1.0,1.0,3.0,7.0,12.0,5.0,12.0,,,17.0,,,,,,,,,,,,,,,,,2.273956423,0.224062783,0.009416523,0.129278078,0.084483224,7.0,3.0,1.0,1.0,,3.740772876,,,0.020463748,0.000632899,5.274391063,10.33403002,0.009416523,0.000201322,,0.045754993,0.045754993,,0.025622796,0.025622796,0.025622796,17.0,Luke Farrell,SF,FA,66,4040612,,FA,,{},"['WR/TE', 'TE', 'RB/WR/TE', 'OP', 'BE', 'IR']",,,,,,1.0,1.0,,,,,,,,,,,,,1.0,,,,,,,,,,,,,,,,,,,,,,,,,,,,,,,,,,,,,,,,,,,,,,,,,,,,,,1.0,4.0,,,,,,,,,,,,,,,,,,,,,,,,,,,,,,,,,,,,,,,,,,,,,,,,,,,,,,,,,,,,,,,,,,,,,,,,,,,,,,,,,,,,,,,,,,,,,,,,,,,,,,,,,,,,,,,,,,,,,,,,,,,,,,,,,,,,,,,,,,,,,,,,,,,,,,,,,,,,,,,,,,,,,,,2025,,,,,6.0,,,,,,,,,,,,,,,,,,,,,,,,,,,,,,0.860573664,,
19.0,1.36,9.14,0.54,4.0,1.28571429,,4.0,2.0,,,,,,,,,,,4.5,11.0,5.42857143,,14.0,6.0,3.0,1.0,,,17.0,37.0,6.90909091,1.0,1.0,,,,,,5.0,9.0,,,,14.0,,,,,,,,,,,,,,,,,2.750506117,0.171332101,0.00997698,0.090799099,0.059337211,9.0,4.0,2.0,1.0,,4.182695598,,,0.023615761,0.000730384,6.902028958,11.17905975,0.00997698,0.000347014,,0.078866911,0.078866911,,0.04416547,0.04416547,0.04416547,17.0,Mason Tipton,NO,FA,150,4573697,,FA,,{},"['RB/WR', 'WR', 'WR/TE', 'RB/WR/TE', 'OP', 'BE', 'IR']",,,,,,,,378.0,33.0,12.0,,,,,,,,,,,,,,,,,,,,,,,,,,,,,,,,,,1.0,,,,,,,,,,,,,,,,,,,,,,,,,,,,,,,,,,,,,,,,,,,,,,,,,,,,,,,,,,,,,,,,,,,,,,,,,,,,,,,,,,,,,,,,,,,,,,,,,,,,,,,,,,,,,,,,,,,,,,,,,,,,,,,,,,,,,,,,,,,,,,,,,,,,,,,,,,,,,,,,,,,,,,,,,,,,,,,,,,,,,,,,,,,,,,,,,,,,,,2025,,,,2.0,4.0,,,,,,,,,,,,,,,,,,,,,,,,,,,,,,1.163143342,,
0.0,0.0,1.87,0.12,,,,,,,,,,,,,,,,,,,,,,,,,,,,,,,,,,,,2.0,1.0,,,,3.0,4.099540737,1.067611676,0.147919499,0.004881871,3.0,1.0,,,,,,0.007536024,0.005275217,0.000677915,2.31346e-05,4.166756207,,,,,,,,,,,,,,,,,,0.004881871,0.000147947,0.033624292,,0.033624292,0.015467174,,0.015467174,0.015467174,16.0,Jordan James,SF,FA,136,4685397,,FA,,{},"['Rookie', 'RB', 'RB/WR', 'RB/WR/TE', 'OP', 'BE', 'IR']",,,,,,,,,,,,,,,,,,,,,,,,,,,,,,,,,,,,,,,,,,,,,,,,,,,,,,,,,,,,,,,,,,,,,,,,,,,,,,,,,,,,,,,,,,,,,,,,,,,,,,,,,,,,,,,,,,,,,,,,,,,,,,,,,,,,,,,,,,,,,,,,,,,,,,,,,,,,,,,,,,,,,,,,,,,,,,,,,,,,,,,,,,,,,,,,,,,,,,,,,,,,,,,,,,,,,,,,,,,,,,,,,,,,,,,,,,,,,,,,,,2025,,,,,,,,,,,,,,,,,,,,,,,,,,,,,,,,,,2.886214431,,,
10.0,0.83,0.0,0.0,13.0,4.08333333,,9.0,4.0,1.0,1.0,,,2.0,,,,,,3.76923077,,,,,,,,,,1.0,,,,,,,,,,2.0,10.0,,,,12.0,,,,,,,,,,,,,,,,,,,,,,,,,,,,,,,,,,,,,,,,,,,,Kene Nwangwu,NYJ,FA,103,4035537,,FA,,{},"['RB', 'RB/WR', 'RB/WR/TE', 'OP', 'BE', 'IR']",,,,,,,,604.0,57.0,20.0,,,,,,,,,,,,,,,,,,,,,,,,,,,,,,,,,,,,,,,,,,,,,,,,,,,,,,,,,,,,,,,,,,,,,,,,,,,,,,,,,,,,,,,,,,,,,,,,,,,,,,,,,,,,,,,,,,1.0,,,1.0,,,,,,,,,,,,,,,,,,,,,,,,,,,,,,,,,,,,,,,,,,,,,,,,,,,,,,,,,,,,,,,,,,,,,,,,,,,,,,,,,,,,,,,,,,,,,,,,,,,,,,,,,,,,,,,,,,,2025,,,,2.0,,,,,,,,,,,,,,,,,,,,,,,,,,,,,,,,,
22.0,5.5,0.0,0.0,,,,,,,,,,,,,,,,,,,,,,,,,,,,,,,,,,,,2.0,2.0,19.0,,,4.0,,,,,,,,,,,,,,,,,,,,,,,,,,,,,,,,,,,,,,,,,,,,Matthew Wright,None,FA,40,3128444,,FA,,{},"['K', 'BE', 'IR']",,,,,,,,,,,,,,,,,,,,,,,,,,,,,,,,,,,,,,,,,,,,,,,,,,,,,,,,,,,,,,,,,,,,,,,,,,,,,,,,,3.0,3.0,,2.0,2.0,,5.0,5.0,,4.0,4.0,,,,,,,,,,,,,,,,,,,,,,,,,,,,,,,,,,,,,,,,,,,,,,,,,,,,,,,,,,,,,,,,,,,,,,,,,,,,,,,,,,,,,,,,,,,,,,,,,,,,,,,,,,,,,,,,,,,,,,,,,,,,,,,,,,,,,,,,,,,,,,,,,,,,,,,2025,,,,,,188.0,,188.0,36.0,17.0,8.0,5.0,2.0,1.0,,,,,,36.0,17.0,8.0,5.0,2.0,1.0,,,,,,,,,,,,
27.0,2.08,0.0,0.0,13.0,9.76923077,,24.0,11.0,3.0,3.0,,,,,,,,,9.76923077,11.0,6.07692308,,13.0,5.0,1.0,,,,14.0,68.0,7.18181818,,,,,,1.0,2.0,4.0,9.0,,,,13.0,,,,,,,,,,,,,,,,,,,,,,,,,,,,,,,,,,,,,,,,,,,,Malachi Corley,CLE,FA,136,4613104,,FA,,{},"['RB/WR', 'WR', 'WR/TE', 'RB/WR/TE', 'OP', 'BE', 'IR']",,,,,,,,492.0,46.0,16.0,,,,,,,,,,,,,,,,,,,,,,,,,,,,,,,,,,,,,,,,,,,,,,,,,,,,,,,,,,,,,,,,,1.0,,,,,,,,,,,,,,,,,,,,,,,,,,,,,,,,,,,,,,,,,,,,,,,,,,,,,,,,,,,,,,,,,,,,,,,,,,,,,,,,,,,,,,,,,,,,,,,,,,,,,,,,,,,,,,,,,,,,,,,,,,,,,,,,,,,,,,,,,,,,,,,,,,,,,,,,,,,,,,,,,,,,,,,2025,,,,6.0,5.0,,,,,,,,,,,,,,,,,,,,,,,,,,,,,,,,
4.0,0.24,11.36,0.67,,,,,,,,,,,,,,,,,3.0,1.47058824,,4.0,1.0,,,,,3.0,14.0,8.33333333,,,,,,5.0,9.0,9.0,8.0,,,,17.0,,,,,,,,,,,,,,,,,2.484614122,0.343942441,0.013099168,0.086690039,0.056651941,8.0,4.0,2.0,1.0,,3.895147436,,,0.02196663,0.00067938,6.308484543,10.8438617,0.013099168,0.000182096,,0.041385562,0.041385562,,0.023175915,0.023175915,0.023175915,17.0,Tai Felton,MIN,FA,194,4565185,,FA,,{},"['Rookie', 'RB/WR', 'WR', 'WR/TE', 'RB/WR/TE', 'OP', 'BE', 'IR']",,,,,,,,178.0,15.0,5.0,0.235942752,,856.8447311,,85.0,34.0,,,,,,,,,,,,,,,,,,,,,,,,,,,,,,,,,,,,,,,,,,,,,,,,,,,,,,,,,,,4.0,,,,,,,,,,,,,,,,,,,,,,,,,,,,,,,,,,,,,,,,,,,,,,,,,,,,,1.0,,,,,,,,,,,,,,,,,,,,,,,,,,,,,,,,,,,,,,,,,,,,,,,,,,,,,,,,,,,,,,,,,,,,,,,,,,,,,,,,,,,,,,,,,,,,,,,,,,,,,,,,,,,,,,,,,,2025,,,,,2.0,,,,,,,,,,,,,,,,,,,,,,,,,,,,,,1.043536302,,
46.0,2.71,3.65,0.21,,,,,,,,,,,,,,,,,16.0,11.0,3.0,34.0,12.0,4.0,4.0,,,19.0,91.0,11.6875,,,,,,,,12.0,5.0,18.0,,,17.0,,,,,,,,,,,,,,,,,1.026005379,0.150781298,0.008163426,0.102536356,0.067007509,3.0,1.0,,,,1.755944037,,,0.010004548,0.000309419,2.512785159,9.933170461,0.008163426,8.88633e-05,,0.020196196,0.020196196,,0.01130987,0.01130987,0.01130987,17.0,Jackson Hawes,BUF,FA,52,4573699,,FA,,{},"['Rookie', 'WR/TE', 'TE', 'RB/WR/TE', 'OP', 'BE', 'IR']",,,,,,,,,,,,,,,,,,,,2.0,1.0,,,,,,,,,,,,,,,,,,,,,,,,,,,,,,,,,,,,,,,,,,,,,,,,,,,,,,,,,,,,,,,,,,,,,,,,,,,,,,,,,,,,,,,,,,,,,,,,,,,,,,,,,,,,,,,,,,,,,,,,,,,,,,,,,,,,,,,,,,,,,,,,,,,,,,,,,,,,,,,,,,,,,,,,,,,,,,,,,,,,,,,,,,,,,,,,,,,,,,,,,,,,,,,,,,,,,,,,,,,,,2025,,,,,13.0,,,,,,,,,,,,,,,,,,,,,,,,,,,,,,-0.206831341,,
0.0,0.0,0.0,0.0,,,,,,,,,,,,,,,,,,,,,,,,,,,,,,,,,,,,,,,,,,,,,,,,,,,,,,,,,,,,,,,,,,,,,,,,,,,,,,,,,,,,,Will Levis,TEN,FA,0,4361418,,FA,,{},"['QB', 'OP', 'BE', 'IR']",,,,,,,,,,,,,,,,,,,,,,,,,,,,,,,,,,,,,,,,,,,,,,,,,,,,,,,,,,,,,,,,,,,,,,,,,,,,,,,,,,,,,,,,,,,,,,,,,,,,,,,,,,,,,,,,,,,,,,,,,,,,,,,,,,,,,,,,,,,,,,,,,,,,,,,,,,,,,,,,,,,,,,,,,,,,,,,,,,,,,,,,,,,,,,,,,,,,,,,,,,,,,,,,,,,,,,,,,,,,,,,,,,,,,,,,,,,,,,,,,,2025,,,,,,,,,,,,,,,,,,,,,,,,,,,,,,,,,,,,,
0.0,0.0,0.0,0.0,,,,,,,,,,,,,,,,,,,,,,,,,,,,,,,,,,,,,,,,,,,,,,,,,,,,,,,,,,,,,,,,,,,,,,,,,,,,,,,,,,,,,Tommy DeVito,NE,FA,0,4240391,,FA,,{},"['QB', 'OP', 'BE', 'IR']",,,,,,,,,,,,,,,,,,,,,,,,,,,,,,,,,,,,,,,,,,,,,,,,,,,,,,,,,,,,,,,,,,,,,,,,,,,,,,,,,,,,,,,,,,,,,,,,,,,,,,,,,,,,,,,,,,,,,,,,,,,,,,,,,,,,,,,,,,,,,,,,,,,,,,,,,,,,,,,,,,,,,,,,,,,,,,,,,,,,,,,,,,,,,,,,,,,,,,,,,,,,,,,,,,,,,,,,,,,,,,,,,,,,,,,,,,,,,,,,,,2025,,,,,,,,,,,,,,,,,,,,,,,,,,,,,,,,,,,,,
0.0,0.0,0.0,0.0,,,,,,,,,,,,,,,,,,,,,,,,,,,,,,,,,,,,,,,,,,,,,,,,,,,,,,,,,,,,,,,,,,,,,,,,,,,,,,,,,,,,,Leonard Fournette,None,FA,0,3115364,,FA,,{},"['RB', 'RB/WR', 'RB/WR/TE', 'OP', 'BE', 'IR']",,,,,,,,,,,,,,,,,,,,,,,,,,,,,,,,,,,,,,,,,,,,,,,,,,,,,,,,,,,,,,,,,,,,,,,,,,,,,,,,,,,,,,,,,,,,,,,,,,,,,,,,,,,,,,,,,,,,,,,,,,,,,,,,,,,,,,,,,,,,,,,,,,,,,,,,,,,,,,,,,,,,,,,,,,,,,,,,,,,,,,,,,,,,,,,,,,,,,,,,,,,,,,,,,,,,,,,,,,,,,,,,,,,,,,,,,,,,,,,,,,2025,,,,,,,,,,,,,,,,,,,,,,,,,,,,,,,,,,,,,
0.0,0.0,0.0,0.0,,,,,,,,,,,,,,,,,,,,,,,,,,,,,,,,,,,,,,,,,,,,,,,,,,,,,,,,,,,,,,,,,,,,,,,,,,,,,,,,,,,,,Jimmy Graham,None,FA,0,13232,,FA,,{},"['WR/TE', 'TE', 'RB/WR/TE', 'OP', 'BE', 'IR']",,,,,,,,,,,,,,,,,,,,,,,,,,,,,,,,,,,,,,,,,,,,,,,,,,,,,,,,,,,,,,,,,,,,,,,,,,,,,,,,,,,,,,,,,,,,,,,,,,,,,,,,,,,,,,,,,,,,,,,,,,,,,,,,,,,,,,,,,,,,,,,,,,,,,,,,,,,,,,,,,,,,,,,,,,,,,,,,,,,,,,,,,,,,,,,,,,,,,,,,,,,,,,,,,,,,,,,,,,,,,,,,,,,,,,,,,,,,,,,,,,2025,,,,,,,,,,,,,,,,,,,,,,,,,,,,,,,,,,,,,
