,player_name,player_id,pro_team,projected_points,year,eligible_slots,proj_rushingAttempts,proj_rushingYards,proj_rushingTouchdowns,proj_rushing2PtConversions,proj_27,proj_28,proj_29,proj_30,proj_31,proj_33,proj_34,proj_rushing40PlusYardTD,proj_rushing50PlusYardTD,proj_rushing100To199YardGame,proj_rushing200PlusYardGame,proj_rushingYardsPerAttempt,proj_receivingYards,proj_receivingTouchdowns,proj_receiving2PtConversions,proj_receiving40PlusYardTD,proj_receiving50PlusYardTD,proj_47,proj_48,proj_49,proj_50,proj_51,proj_receivingReceptions,proj_receiving100To199YardGame,proj_receiving200PlusYardGame,proj_receivingTargets,proj_receivingYardsPerReception,proj_2PtConversions,proj_fumbleRecoveredForTD,proj_66,proj_67,proj_fumbles,proj_70,proj_71,proj_lostFumbles,proj_turnovers,proj_210,proj_211,proj_212,proj_passingAttempts,proj_passingCompletions,proj_passingIncompletions,proj_passingYards,proj_passingTouchdowns,proj_5,proj_6,proj_7,proj_8,proj_9,proj_10,proj_11,proj_12,proj_passing40PlusYardTD,proj_passing50PlusYardTD,proj_passing300To399YardGame,proj_passing400PlusYardGame,proj_passing2PtConversions,proj_passingInterceptions,proj_passingCompletionPercentage,proj_passingTimesSacked,proj_65,proj_69,proj_madeFieldGoalsFrom50Plus,proj_attemptedFieldGoalsFrom50Plus,proj_missedFieldGoalsFrom50Plus,proj_madeFieldGoalsFrom40To49,proj_attemptedFieldGoalsFrom40To49,proj_missedFieldGoalsFrom40To49,proj_madeFieldGoalsFromUnder40,proj_attemptedFieldGoalsFromUnder40,proj_missedFieldGoalsFromUnder40,proj_madeFieldGoals,proj_attemptedFieldGoals,proj_missedFieldGoals,proj_madeExtraPoints,proj_attemptedExtraPoints,proj_missedExtraPoints,proj_198,proj_199,proj_200,proj_214,proj_215,proj_216,proj_defensive0PointsAllowed,proj_defensive1To6PointsAllowed,proj_defensive7To13PointsAllowed,proj_defensive14To17PointsAllowed,proj_defensiveBlockedKickForTouchdowns,proj_defensiveTouchdowns,proj_defensiveInterceptions,proj_defensiveFumbles,proj_defensiveBlockedKicks,proj_defensiveSafeties,proj_defensiveSacks,proj_100,proj_kickoffReturnTouchdowns,proj_puntReturnTouchdowns,proj_interceptionReturnTouchdowns,proj_fumbleReturnTouchdowns,proj_defensivePlusSpecialTeamsTouchdowns,proj_defensiveForcedFumbles,proj_defensiveTotalTackles,proj_110,proj_111,proj_112,proj_defensivePassesDefensed,proj_kickoffReturnYards,proj_puntReturnYards,proj_116,proj_117,proj_puntsReturned,proj_119,proj_defensivePointsAllowed,proj_defensive18To21PointsAllowed,proj_defensive22To27PointsAllowed,proj_defensive28To34PointsAllowed,proj_defensive35To45PointsAllowed,proj_defensive45PlusPointsAllowed,proj_126,proj_defensiveYardsAllowed,proj_defensive100To199YardsAllowed,proj_defensive200To299YardsAllowed,proj_defensive300To349YardsAllowed,proj_defensive350To399YardsAllowed,proj_defensive400To449YardsAllowed,proj_defensive450To499YardsAllowed,proj_defensive500To549YardsAllowed,proj_defensive550PlusYardsAllowed,proj_137,proj_defensiveAssistedTackles,proj_defensiveSoloTackles
0,Jahmyr Gibbs,4429795,DET,364.39,2026,"['RB', 'RB/WR', 'RB/WR/TE', 'OP', 'BE', 'IR']",283.1947246,80.82799674,14.51273367,0.273244119,274.0,137.0,68.0,54.0,27.0,56.0,28.0,0.59948219,0.419637533,4.874069256,0.166333284,4.852053465,32.16867932,3.380319991,0.074629614,0.069981742,0.045733068,109.0,54.0,27.0,21.0,10.0,67.79107028,0.488567423,0.015110333,86.04798031,8.066955517,0.347873734,0.011572102,2.122048052,0.507975242,2.630023294,0.976142104,0.284466135,1.260608239,1.260608239,17.0,76.49235599,30.76483786,,,,,,,,,,,,,,,,,,,,,,,,,,,,,,,,,,,,,,,,,,,,,,,,,,,,,,,,,,,,,,,,,,,,,,,,,,,,,,,,,,,,,,,,,,,,
1,Bijan Robinson,4430807,ATL,351.85,2026,"['RB', 'RB/WR', 'RB/WR/TE', 'OP', 'BE', 'IR']",286.668901,80.8278473,8.452487835,0.441015831,274.0,137.0,68.0,54.0,27.0,57.0,28.0,0.607772654,0.425440858,4.869358135,0.166172511,4.793241957,41.59517418,3.381926451,0.198559298,0.117903822,0.077050148,141.0,70.0,35.0,28.0,14.0,75.66594154,0.990339496,0.030629057,98.54693698,9.34526085,0.639575129,0.014597004,2.624711271,0.692789657,3.317500928,1.207367185,0.387962208,1.595329393,1.595329393,17.0,72.18541322,36.97951549,,,,,,,,,,,,,,,,,,,,,,,,,,,,,,,,,,,,,,,,,,,,,,,,,,,,,,,,,,,,,,,,,,,,,,,,,,,,,,,,,,,,,,,,,,,,
2,Puka Nacua,4426515,LAR,355.01,2026,"['RB/WR', 'WR', 'WR/TE', 'RB/WR/TE', 'OP', 'BE', 'IR']",15.92117897,6.216871371,1.181059233,0.017712329,21.0,10.0,5.0,4.0,2.0,3.0,1.0,0.02945134,0.020615938,0.0282,0.000961,6.638127332,93.52573083,9.753616967,0.132880406,0.314827546,0.205739801,317.0,158.0,79.0,63.0,31.0,122.9659744,6.672021262,0.206351173,174.2726625,12.92989733,0.150592735,0.00767367,0.199923384,1.544092543,1.744015928,0.091964757,0.864691824,0.956656581,0.956656581,17.0,7.488283039,74.71093467,,,,,,,,,,,,,,,,,,,,,,,,,,,,,,,,,,,,,,,,,,,,,,,,,,,,,,,,,,,,,,,,,,,,,,,,,,,,,,,,,,,,,,,,,,,,
3,Jaxon Smith-Njigba,4430878,SEA,325.33,2026,"['RB/WR', 'WR', 'WR/TE', 'RB/WR/TE', 'OP', 'BE', 'IR']",4.600742311,1.480526645,0.165366141,0.004721541,5.0,2.0,1.0,1.0,,,,0.008458492,0.005920944,0.001457009,4.97e-05,5.470628709,92.30414491,8.537269795,0.310273175,0.356842189,0.233196371,313.0,156.0,78.0,62.0,31.0,116.7434852,6.551824298,0.202633741,166.3194291,13.44118227,0.314994716,0.009158927,0.078922473,2.002651734,2.081574207,0.036304338,1.121484971,1.157789309,1.157789309,17.0,3.324618032,72.22256954,,,,,,,,,,,,,,,,,,,,,,,,,,,,,,,,,,,,,,,,,,,,,,,,,,,,,,,,,,,,,,,,,,,,,,,,,,,,,,,,,,,,,,,,,,,,
4,Amon-Ra St. Brown,4374302,DET,324.17,2026,"['RB/WR', 'WR', 'WR/TE', 'RB/WR/TE', 'OP', 'BE', 'IR']",2.321268234,0.791373943,0.124298901,0.002340286,2.0,1.0,,,,,,0.00426237,0.002983659,0.000368602,1.26e-05,5.795692556,84.140447,10.41452782,0.229912505,0.247357384,0.161648051,286.0,143.0,71.0,57.0,28.0,118.0778096,5.624083412,0.173940724,166.7179619,12.11394083,0.232252791,0.006498306,0.028474076,1.448413623,1.476887699,0.013098075,0.811111629,0.824209704,0.824209704,17.0,2.759936162,69.46725907,,,,,,,,,,,,,,,,,,,,,,,,,,,,,,,,,,,,,,,,,,,,,,,,,,,,,,,,,,,,,,,,,,,,,,,,,,,,,,,,,,,,,,,,,,,,
5,Ja'Marr Chase,4362628,CIN,335.56,2026,"['RB/WR', 'WR', 'WR/TE', 'RB/WR/TE', 'OP', 'BE', 'IR']",4.073167392,1.240224826,0.143411048,0.00973609,4.0,2.0,1.0,,,,,0.007486388,0.005240472,0.000996081,3.4e-05,5.176271931,88.65569299,10.67681646,0.499512014,0.271758576,0.17759423,301.0,150.0,75.0,60.0,30.0,119.4557701,6.154539009,0.190346567,171.6136152,12.61677673,0.509248104,0.007446348,0.055802569,1.636549209,1.692351779,0.025669182,0.916467557,0.942136739,0.942136739,17.0,3.138262858,72.00531279,,,,,,,,,,,,,,,,,,,,,,,,,,,,,,,,,,,,,,,,,,,,,,,,,,,,,,,,,,,,,,,,,,,,,,,,,,,,,,,,,,,,,,,,,,,,
6,Christian McCaffrey,3117251,SF,342.83,2026,"['RB', 'RB/WR', 'RB/WR/TE', 'OP', 'BE', 'IR']",274.2158771,66.52560068,9.147380281,0.453396771,226.0,113.0,56.0,45.0,22.0,54.0,27.0,0.578192264,0.404734585,3.326715098,0.113528023,4.124251388,40.32092738,4.843511131,0.24839813,0.099538425,0.065048361,137.0,68.0,34.0,27.0,13.0,78.80963556,0.910020302,0.028144958,100.0815291,8.697613694,0.701794901,0.010911403,1.926257865,0.553606458,2.479864323,0.886078618,0.310019616,1.196098234,1.196098234,17.0,63.73725699,37.69637339,,,,,,,,,,,,,,,,,,,,,,,,,,,,,,,,,,,,,,,,,,,,,,,,,,,,,,,,,,,,,,,,,,,,,,,,,,,,,,,,,,,,,,,,,,,,
7,Josh Allen,3918298,BUF,367.49,2026,"['QB', 'OP', 'BE', 'IR']",116.3671481,34.08552874,12.42919575,0.592268815,115.0,57.0,28.0,23.0,11.0,23.0,11.0,0.226921241,0.158844869,0.863916864,0.0295,4.979532437,,,,,,,,,,,,,,,,2.686404745,0.038823664,1.552654121,,8.823560075,0.714220896,,4.204255754,15.77710812,17.0,37.97310261,,508.8903644,340.1123125,168.7780519,232.0593839,26.21512507,789.0,394.0,197.0,157.0,78.0,39.0,68.0,34.0,3.118784648,2.038125767,2.880907749,0.389135099,2.094135929,11.57285237,0.668341034,36.04400206,7.270905954,3.490034858,,,,,,,,,,,,,,,,,,,,,,,,,,,,,,,,,,,,,,,,,,,,,,,,,,,,,,,,,,,,,,,,,,,,,
8,CeeDee Lamb,4241389,DAL,293.19,2026,"['RB/WR', 'WR', 'WR/TE', 'RB/WR/TE', 'OP', 'BE', 'IR']",2.211380636,0.740304742,0.105241555,0.003965795,2.0,1.0,,,,,,0.004060356,0.002842249,0.000318109,1.09e-05,5.691096504,81.11804854,8.556272039,0.30598071,0.264890364,0.173105853,275.0,137.0,68.0,55.0,27.0,103.8952285,5.249026796,0.162341035,158.3022398,13.27305253,0.309946505,0.005232003,0.024782001,1.16430956,1.189091561,0.01139972,0.652013354,0.663413074,0.663413074,17.0,2.709738599,64.05783116,,,,,,,,,,,,,,,,,,,,,,,,,,,,,,,,,,,,,,,,,,,,,,,,,,,,,,,,,,,,,,,,,,,,,,,,,,,,,,,,,,,,,,,,,,,,
9,Jonathan Taylor,4242335,IND,316.93,2026,"['RB', 'RB/WR', 'RB/WR/TE', 'OP', 'BE', 'IR']",327.1643646,88.8429394,11.61317317,0.569383045,302.0,151.0,75.0,60.0,30.0,65.0,32.0,0.707014472,0.49491013,5.91,0.202,4.616425667,22.3847244,1.40773637,0.111948261,0.058311742,0.038106723,76.0,38.0,19.0,15.0,7.0,51.30935733,0.19908719,0.006157336,62.87731717,7.416587043,0.681331306,0.013687531,2.689073613,0.421728812,3.110802425,1.236973862,0.236168135,1.473141997,1.473141997,17.0,81.60268502,21.61483903,,,,,,,,,,,,,,,,,,,,,,,,,,,,,,,,,,,,,,,,,,,,,,,,,,,,,,,,,,,,,,,,,,,,,,,,,,,,,,,,,,,,,,,,,,,,
10,Justin Jefferson,4262921,MIN,293.08,2026,"['RB/WR', 'WR', 'WR/TE', 'RB/WR/TE', 'OP', 'BE', 'IR']",2.024689968,0.625246439,0.098135737,0.005568915,2.0,1.0,,,,,,0.003717189,0.002602032,0.000214,7.31e-06,5.249786208,80.91722129,7.370305292,0.432529769,0.21680642,0.141682996,275.0,137.0,68.0,55.0,27.0,110.7280637,5.223958098,0.161565714,165.9202057,12.42316281,0.438098684,0.0053696,0.021913948,1.198449664,1.220363612,0.010080416,0.671131812,0.681212228,0.681212228,17.0,2.627054479,65.03615283,,,,,,,,,,,,,,,,,,,,,,,,,,,,,,,,,,,,,,,,,,,,,,,,,,,,,,,,,,,,,,,,,,,,,,,,,,,,,,,,,,,,,,,,,,,,
11,James Cook III,4379399,BUF,278.23,2026,"['RB', 'RB/WR', 'RB/WR/TE', 'OP', 'BE', 'IR']",299.8943655,82.32814431,10.96521273,0.522429279,279.0,139.0,69.0,55.0,27.0,59.0,29.0,0.639951123,0.447965786,5.077956953,0.173291189,4.666904798,17.77209427,1.614790016,0.129848174,0.081956447,0.053558538,60.0,30.0,15.0,12.0,6.0,35.92963521,0.127007245,0.003928059,46.03224098,8.408813526,0.652277453,0.016772039,3.404001556,0.407825382,3.811826938,1.565840716,0.228382214,1.79422293,1.79422293,17.0,75.7233295,16.03159045,,,,,,,,,,,,,,,,,,,,,,,,,,,,,,,,,,,,,,,,,,,,,,,,,,,,,,,,,,,,,,,,,,,,,,,,,,,,,,,,,,,,,,,,,,,,
12,Trey McBride,4361307,ARI,241.69,2026,"['WR/TE', 'TE', 'RB/WR/TE', 'OP', 'BE', 'IR']",,,,,,,,,,,,,,,,,60.23121307,5.362236116,0.294892588,0.098820303,0.064579068,204.0,102.0,51.0,40.0,20.0,107.8492964,2.668609425,0.082534312,148.9420572,9.494087177,0.294892588,0.003719689,,0.845383833,0.845383833,,0.473414946,0.473414946,0.473414946,17.0,,53.86139346,,,,,,,,,,,,,,,,,,,,,,,,,,,,,,,,,,,,,,,,,,,,,,,,,,,,,,,,,,,,,,,,,,,,,,,,,,,,,,,,,,,,,,,,,,,,
13,Brock Bowers,4432665,LV,239.08,2026,"['WR/TE', 'TE', 'RB/WR/TE', 'OP', 'BE', 'IR']",4.183439368,0.913405822,0.195802547,0.011076361,3.0,1.0,,,,,,0.007689536,0.005382675,0.000512063,1.75e-05,3.711754277,58.58387938,6.550568248,0.417095109,0.132475878,0.086572986,199.0,99.0,49.0,39.0,19.0,98.42440251,2.488743695,0.076971454,135.4139212,10.11868931,0.428171471,0.002760508,0.025579339,0.601808934,0.627388273,0.011766496,0.337013003,0.348779499,0.348779499,17.0,2.99642267,51.42681785,,,,,,,,,,,,,,,,,,,,,,,,,,,,,,,,,,,,,,,,,,,,,,,,,,,,,,,,,,,,,,,,,,,,,,,,,,,,,,,,,,,,,,,,,,,,
14,De'Von Achane,4429160,MIA,292.16,2026,"['RB', 'RB/WR', 'RB/WR/TE', 'OP', 'BE', 'IR']",257.6589252,76.74329572,4.961029952,0.188227845,260.0,130.0,65.0,52.0,26.0,51.0,25.0,0.538804159,0.377162911,4.388496668,0.149762554,5.06342261,30.10541568,2.95883876,0.15522912,0.069892371,0.045674665,102.0,51.0,25.0,20.0,10.0,64.8093381,0.409652412,0.012669662,80.47472297,7.896887725,0.343456965,0.00875946,1.590680238,0.4001062,1.990786438,0.73171291,0.224059472,0.955772381,0.955772381,17.0,65.47550119,28.94560831,,,,,,,,,,,,,,,,,,,,,,,,,,,,,,,,,,,,,,,,,,,,,,,,,,,,,,,,,,,,,,,,,,,,,,,,,,,,,,,,,,,,,,,,,,,,
15,Brandon Aubrey,3953687,DAL,171.56,2026,"['K', 'BE', 'IR']",,,,,,,,,,,,,,,,,,,,,,,,,,,,,,,,,,,,,,,,,17.0,,,,,,,,,,,,,,,,,,,,,,,,,,7.02552502,9.435272,2.40974698,9.2261031,10.783168,1.5570649,19.2313044,19.42556,0.1942556,35.48293252,39.644,4.16106748,45.99998358,46.93875875,0.938775175,7.02552502,9.435272,2.40974698,1371.492123,206.0219254,1577.514048,,,,,,,,,,,,,,,,,,,,,,,,,,,,,,,,,,,,,,,,,,,,,,,,
16,Saquon Barkley,3929630,PHI,272.9,2026,"['RB', 'RB/WR', 'RB/WR/TE', 'OP', 'BE', 'IR']",300.6572188,75.70618761,8.710449337,0.260921265,257.0,128.0,64.0,51.0,25.0,60.0,30.0,0.641690966,0.449183676,4.281201211,0.146,4.280639576,21.8302808,2.294603946,0.102872799,0.067842051,0.04433478,74.0,37.0,18.0,14.0,7.0,43.12456422,0.188569795,0.005832056,58.97815234,8.605646929,0.363794064,0.009484973,1.885264101,0.270411577,2.155675678,0.867221486,0.151430483,1.01865197,1.01865197,17.0,70.28767278,19.85198931,,,,,,,,,,,,,,,,,,,,,,,,,,,,,,,,,,,,,,,,,,,,,,,,,,,,,,,,,,,,,,,,,,,,,,,,,,,,,,,,,,,,,,,,,,,,
17,Derrick Henry,3043078,BAL,274.23,2026,"['RB', 'RB/WR', 'RB/WR/TE', 'OP', 'BE', 'IR']",317.0061528,87.17983018,13.11421726,0.339582714,296.0,148.0,74.0,59.0,29.0,63.0,31.0,0.68174173,0.477219211,5.668512322,0.193,4.675168289,12.38423906,1.205666633,0.039749044,0.144934587,0.094714753,42.0,21.0,10.0,8.0,4.0,21.40350151,0.078556433,0.00242958,27.98606706,9.836337479,0.379331759,0.013820977,2.942463033,0.198668106,3.141131138,1.353532995,0.111254139,1.464787134,1.464787134,17.0,81.1499303,10.02751809,,,,,,,,,,,,,,,,,,,,,,,,,,,,,,,,,,,,,,,,,,,,,,,,,,,,,,,,,,,,,,,,,,,,,,,,,,,,,,,,,,,,,,,,,,,,
18,Ashton Jeanty,4890973,LV,280.39,2026,"['RB', 'RB/WR', 'RB/WR/TE', 'OP', 'BE', 'IR']",281.0552108,66.85000474,7.108730338,0.402125232,227.0,113.0,56.0,45.0,22.0,56.0,28.0,0.594455721,0.416119005,3.349162675,0.114,4.043511868,29.09313408,2.018271019,0.128544739,0.046926252,0.030666306,98.0,49.0,24.0,19.0,9.0,64.9486761,0.375732092,0.01162058,86.66490958,7.61498631,0.530669971,0.011255909,2.077966639,0.480194556,2.558161195,0.955864654,0.268908951,1.224773605,1.224773605,17.0,62.81916241,28.11820436,,,,,,,,,,,,,,,,,,,,,,,,,,,,,,,,,,,,,,,,,,,,,,,,,,,,,,,,,,,,,,,,,,,,,,,,,,,,,,,,,,,,,,,,,,,,
19,Lamar Jackson,3916387,BAL,321.96,2026,"['QB', 'OP', 'BE', 'IR']",122.1572163,39.45824889,3.682192552,0.095351363,134.0,67.0,33.0,26.0,13.0,24.0,12.0,0.238915222,0.167240655,1.156914744,0.039481062,5.491204296,,,,,,,,,,,,,,,,0.944304851,0.039930683,1.764076379,,9.07515513,0.811475134,,4.320792935,14.07026948,17.0,34.88795838,,466.8521688,302.8307578,164.021411,228.5867805,25.96991295,777.0,388.0,194.0,155.0,77.0,38.0,60.0,30.0,3.034818903,1.983254153,2.738541191,0.36990511,0.848953488,9.749476549,0.648665205,39.41901041,7.311078751,3.5093178,,,,,,,,,,,,,,,,,,,,,,,,,,,,,,,,,,,,,,,,,,,,,,,,,,,,,,,,,,,,,,,,,,,,,
20,George Pickens,4426354,DAL,238.69,2026,"['RB/WR', 'WR', 'WR/TE', 'RB/WR/TE', 'OP', 'BE', 'IR']",,,,,,,,,,,,,,,,,65.54152628,8.15215769,0.291582508,0.294872894,0.192699436,222.0,111.0,55.0,44.0,22.0,79.94682988,3.285010844,0.101598274,124.3803313,13.93683713,0.291582508,0.007035321,,1.598936598,1.598936598,,0.895404495,0.895404495,0.895404495,17.0,,51.13178308,,,,,,,,,,,,,,,,,,,,,,,,,,,,,,,,,,,,,,,,,,,,,,,,,,,,,,,,,,,,,,,,,,,,,,,,,,,,,,,,,,,,,,,,,,,,
21,Drake London,4426502,ATL,268.77,2026,"['RB/WR', 'WR', 'WR/TE', 'RB/WR/TE', 'OP', 'BE', 'IR']",,,,,,,,,,,,,,,,,73.44865446,7.288247844,0.427742108,0.17372839,0.113531503,249.0,124.0,62.0,49.0,24.0,101.9585939,4.271817299,0.132118061,158.7700651,12.24641375,0.427742108,0.00713842,,1.622368253,1.622368253,,0.908526222,0.908526222,0.908526222,17.0,,59.50253265,,,,,,,,,,,,,,,,,,,,,,,,,,,,,,,,,,,,,,,,,,,,,,,,,,,,,,,,,,,,,,,,,,,,,,,,,,,,,,,,,,,,,,,,,,,,
22,Nico Collins,4258173,HOU,248.82,2026,"['RB/WR', 'WR', 'WR/TE', 'RB/WR/TE', 'OP', 'BE', 'IR']",2.102056108,0.69403159,0.08172228,0.005914028,2.0,1.0,,,,,,0.003859386,0.00270157,0.000272856,9.31e-06,5.612855421,71.21124771,6.718834024,0.441798831,0.276466274,0.18067071,242.0,121.0,60.0,48.0,24.0,86.43515417,3.987316223,0.123319058,137.1448146,14.00577372,0.447712859,0.005307724,0.028640073,1.177660806,1.206300879,0.013174433,0.659490052,0.672664485,0.672664485,17.0,2.659001851,54.68250531,,,,,,,,,,,,,,,,,,,,,,,,,,,,,,,,,,,,,,,,,,,,,,,,,,,,,,,,,,,,,,,,,,,,,,,,,,,,,,,,,,,,,,,,,,,,
23,A.J. Brown,4047646,NE,247.95,2026,"['RB/WR', 'WR', 'WR/TE', 'RB/WR/TE', 'OP', 'BE', 'IR']",,,,,,,,,,,,,,,,,71.47500385,6.927937891,0.265773112,0.347568329,0.227135903,243.0,121.0,60.0,48.0,24.0,85.9660154,4.020664194,0.124350439,129.692635,14.13436531,0.265773112,0.004480686,,1.018337798,1.018337798,,0.570269167,0.570269167,0.570269167,17.0,,54.78472606,,,,,,,,,,,,,,,,,,,,,,,,,,,,,,,,,,,,,,,,,,,,,,,,,,,,,,,,,,,,,,,,,,,,,,,,,,,,,,,,,,,,,,,,,,,,
24,Kenneth Walker III,4567048,KC,271.78,2026,"['RB', 'RB/WR', 'RB/WR/TE', 'OP', 'BE', 'IR']",276.0809835,72.54955022,9.035500356,0.390926339,246.0,123.0,61.0,49.0,24.0,55.0,27.0,0.582626376,0.407838463,3.947516633,0.134713598,4.467320922,22.08228164,1.681121408,0.075250047,0.068097266,0.044501564,75.0,37.0,18.0,15.0,7.0,48.26731644,0.193266808,0.005977324,59.78870315,7.777494493,0.466176386,0.00821136,1.588500271,0.277717952,1.866218223,0.730710125,0.155522053,0.886232178,0.886232178,17.0,67.2249714,20.89146586,,,,,,,,,,,,,,,,,,,,,,,,,,,,,,,,,,,,,,,,,,,,,,,,,,,,,,,,,,,,,,,,,,,,,,,,,,,,,,,,,,,,,,,,,,,,
25,Josh Jacobs,4047365,GB,272.79,2026,"['RB', 'RB/WR', 'RB/WR/TE', 'OP', 'BE', 'IR']",300.3126312,72.86895725,13.04601786,0.355366949,247.0,123.0,61.0,49.0,24.0,60.0,30.0,0.64095667,0.448669669,3.973770372,0.136,4.124942292,16.50985011,1.639927329,0.052396507,0.054672174,0.035728265,56.0,28.0,14.0,11.0,5.0,36.00507226,0.11288046,0.003491148,47.14760829,7.795219789,0.407763456,0.015129901,3.070487126,0.368126743,3.438613869,1.412424078,0.206150976,1.618575054,1.618575054,17.0,71.87031236,15.46733245,,,,,,,,,,,,,,,,,,,,,,,,,,,,,,,,,,,,,,,,,,,,,,,,,,,,,,,,,,,,,,,,,,,,,,,,,,,,,,,,,,,,,,,,,,,,
26,Drake Maye,4431452,NE,318.08,2026,"['QB', 'OP', 'BE', 'IR']",101.0360012,31.2698391,4.046713166,0.143948786,106.0,53.0,26.0,21.0,10.0,20.0,10.0,0.195476142,0.136833299,0.726005606,0.024775786,5.261364845,,,,,,,,,,,,,,,,1.172850052,0.047405618,1.631074171,,10.7740041,0.750294119,,5.138900486,16.31029111,17.0,29.17629526,,519.701691,354.9423072,164.7593838,240.8345338,26.94752885,818.0,409.0,204.0,163.0,81.0,40.0,70.0,35.0,3.340677058,2.183132457,3.307924671,0.446813889,1.028901266,11.17139063,0.682973162,46.65212402,9.142929932,4.388606367,,,,,,,,,,,,,,,,,,,,,,,,,,,,,,,,,,,,,,,,,,,,,,,,,,,,,,,,,,,,,,,,,,,,,
27,Tyler Warren,4431459,IND,207.88,2026,"['WR/TE', 'TE', 'RB/WR/TE', 'OP', 'BE', 'IR']",6.291622396,0.850958484,0.379396546,0.018601459,2.0,1.0,,,,1.0,,0.01157782,0.008104474,0.000439,1.5e-05,2.299294731,51.28439691,5.320699043,0.42302386,0.149318254,0.097579479,174.0,87.0,43.0,34.0,17.0,86.00666284,1.755573019,0.054296073,115.2750815,10.13682799,0.441625319,0.004951617,0.076712012,1.048655462,1.125367475,0.035287526,0.587247059,0.622534585,0.622534585,17.0,3.22552575,44.67154415,,,,,,,,,,,,,,,,,,,,,,,,,,,,,,,,,,,,,,,,,,,,,,,,,,,,,,,,,,,,,,,,,,,,,,,,,,,,,,,,,,,,,,,,,,,,
28,Colston Loveland,4723086,CHI,205.28,2026,"['WR/TE', 'TE', 'RB/WR/TE', 'OP', 'BE', 'IR']",,,,,,,,,,,,,,,,,52.8152483,6.023400826,0.400146547,0.15127633,0.098859081,179.0,89.0,44.0,35.0,17.0,80.19660898,1.897820527,0.05869548,118.2348559,11.19572551,0.400146547,0.003452109,,0.784570241,0.784570241,,0.439359335,0.439359335,0.439359335,17.0,,44.35223992,,,,,,,,,,,,,,,,,,,,,,,,,,,,,,,,,,,,,,,,,,,,,,,,,,,,,,,,,,,,,,,,,,,,,,,,,,,,,,,,,,,,,,,,,,,,
29,Cameron Dicker,4362081,LAC,161.7,2026,"['K', 'BE', 'IR']",,,,,,,,,,,,,,,,,,,,,,,,,,,,,,,,,,,,,,,,,17.0,,,,,,,,,,,,,,,,,,,,,,,,,,6.752704542,8.9988276,2.246123058,8.858942177,10.2843744,1.425432223,18.34172802,18.526998,0.18526998,33.95337474,37.8102,3.856825261,41.3278215,42.17124642,0.843424928,6.752704542,8.9988276,2.246123058,1313.550284,190.9931946,1504.543478,,,,,,,,,,,,,,,,,,,,,,,,,,,,,,,,,,,,,,,,,,,,,,,,
30,Omarion Hampton,4685382,LAC,278.79,2026,"['RB', 'RB/WR', 'RB/WR/TE', 'OP', 'BE', 'IR']",270.3637698,67.80203915,9.859524171,0.246333104,230.0,115.0,57.0,46.0,23.0,54.0,27.0,0.569011179,0.398307825,3.449244623,0.118,4.26327339,23.14443801,1.896500828,0.046971264,0.047475337,0.031025133,78.0,39.0,19.0,15.0,7.0,55.92578354,0.214665722,0.006639146,69.038469,7.035313969,0.293304368,0.010714285,2.017696422,0.41736825,2.435064672,0.928140354,0.23372622,1.161866574,1.161866574,17.0,64.76682276,23.22308687,,,,,,,,,,,,,,,,,,,,,,,,,,,,,,,,,,,,,,,,,,,,,,,,,,,,,,,,,,,,,,,,,,,,,,,,,,,,,,,,,,,,,,,,,,,,
31,Rashee Rice,4428331,KC,269.75,2026,"['RB/WR', 'WR', 'WR/TE', 'RB/WR/TE', 'OP', 'BE', 'IR']",8.241223388,2.508175422,0.591765916,0.025603107,8.0,4.0,2.0,1.0,,1.0,,0.015181629,0.01062714,0.00441,0.000151,5.173865597,66.58357414,9.052370582,0.405107971,0.222074795,0.145125879,226.0,113.0,56.0,45.0,22.0,96.27680356,3.411865113,0.105521601,135.8834163,11.75694164,0.430711078,0.009197586,0.164824468,1.925536071,2.090360539,0.075819255,1.0783002,1.154119455,1.154119455,17.0,4.453551805,55.71053873,,,,,,,,,,,,,,,,,,,,,,,,,,,,,,,,,,,,,,,,,,,,,,,,,,,,,,,,,,,,,,,,,,,,,,,,,,,,,,,,,,,,,,,,,,,,
32,Texans D/ST,-16034,HOU,126.02,2026,"['D/ST', 'BE', 'IR']",,,,,,,,,,,,,,,,,,,,,,,,,,,,,,,,,,,,,,,,,17.0,,,,,,,,,,,,,,,,,,,,,,,,,,,,,,,,,,,,,,,,,,,,,,,0.291929508,1.319214979,4.357664964,3.608691299,0.125897408,1.612263409,12.32848918,10.82379322,1.808717872,0.26049967,41.68822793,83.37645585,0.161044062,0.243868571,1.090343386,0.521920022,2.14307345,16.65198957,1025.006101,341.0,205.0,51.07109228,90.44230511,1518.916189,319.2398883,151.0,60.0,31.0,12.0,322.0495017,2.468208671,2.97036147,1.59156904,0.365975768,0.0263843,18.94408833,5470.185808,0.757978057,5.961625169,4.437152447,3.559941887,1.677771655,0.425830369,0.153298933,0.026401483,321.7756358,,
33,DeVonta Smith,4241478,PHI,237.89,2026,"['RB/WR', 'WR', 'WR/TE', 'RB/WR/TE', 'OP', 'BE', 'IR']",,,,,,,,,,,,,,,,,66.43796512,6.016396397,0.26964384,0.278288119,0.181861286,225.0,112.0,56.0,45.0,22.0,90.35371941,3.394117403,0.104972703,127.7859967,12.50026468,0.26964384,0.004441432,,1.009416363,1.009416363,,0.565273163,0.565273163,0.565273163,17.0,,53.05075482,,,,,,,,,,,,,,,,,,,,,,,,,,,,,,,,,,,,,,,,,,,,,,,,,,,,,,,,,,,,,,,,,,,,,,,,,,,,,,,,,,,,,,,,,,,,
34,Chase Brown,4362238,CIN,271.46,2026,"['RB', 'RB/WR', 'RB/WR/TE', 'OP', 'BE', 'IR']",240.3168761,61.55024396,7.399260943,0.502331384,209.0,104.0,52.0,41.0,20.0,48.0,24.0,0.498451591,0.348916113,2.831383301,0.096624249,4.354060207,25.56472514,2.817585287,0.131861957,0.04037325,0.026383919,86.0,43.0,21.0,17.0,8.0,64.14912668,0.271074295,0.008383741,80.08635374,6.774844022,0.634193341,0.010641558,1.908965243,0.50957076,2.418536003,0.878124012,0.285359626,1.163483638,1.163483638,17.0,57.5186517,26.60871819,,,,,,,,,,,,,,,,,,,,,,,,,,,,,,,,,,,,,,,,,,,,,,,,,,,,,,,,,,,,,,,,,,,,,,,,,,,,,,,,,,,,,,,,,,,,
35,Broncos D/ST,-16007,DEN,127.84,2026,"['D/ST', 'BE', 'IR']",,,,,,,,,,,,,,,,,,,,,,,,,,,,,,,,,,,,,,,,,17.0,,,,,,,,,,,,,,,,,,,,,,,,,,,,,,,,,,,,,,,,,,,,,,,0.310716074,1.40460691,4.596895343,3.745618428,0.122386924,1.558266457,12.93672198,6.821810557,1.936980137,0.260835781,45.27000892,90.54001784,0.269746144,0.314479004,1.040935375,0.517331082,2.264878528,10.49509316,1024.980393,341.0,204.0,36.98245195,84.62428618,1519.889139,437.4158914,151.0,60.0,43.0,17.0,317.7855711,2.468703055,2.851777666,1.40460691,0.212819229,0.004256385,18.69326889,5447.733929,0.809320972,6.304184415,4.557754949,3.492858933,1.490854422,0.255575044,0.085191681,0.004259584,320.454937,,
36,Jayden Daniels,4426348,WSH,317.32,2026,"['QB', 'OP', 'BE', 'IR']",130.9574402,39.3983886,5.118501262,0.30103346,133.0,66.0,33.0,26.0,13.0,26.0,13.0,0.25727595,0.180093165,1.153922546,0.0394,5.114429583,,,,,,,,,,,,,,,,2.049079127,0.033815598,1.458025754,,7.685363227,0.670691847,,3.659813834,13.56705989,17.0,36.45901037,,520.2573994,347.4051681,172.8522313,226.7144626,22.36077548,770.0,385.0,192.0,154.0,77.0,38.0,69.0,34.0,2.988993122,1.953307005,2.657922425,0.359015628,1.748045667,9.907246056,0.667756323,39.07166069,6.227337473,2.989121987,,,,,,,,,,,,,,,,,,,,,,,,,,,,,,,,,,,,,,,,,,,,,,,,,,,,,,,,,,,,,,,,,,,,,
37,Jeremiyah Love,4870808,ARI,277.06,2026,"['Rookie', 'RB', 'RB/WR', 'RB/WR/TE', 'OP', 'BE', 'IR']",254.7769265,66.41483025,6.671387695,0.340042453,225.0,112.0,56.0,45.0,22.0,50.0,25.0,0.532159859,0.372511901,3.300114433,0.112620244,4.431532045,28.75188139,2.247669913,0.123710192,0.046126344,0.030143566,97.0,48.0,24.0,19.0,9.0,65.17714631,0.363708514,0.011248717,85.92810991,7.499284814,0.463752645,0.01204563,2.179963923,0.557679338,2.737643261,1.002783405,0.312300429,1.315083834,1.315083834,17.0,60.64683837,28.10410805,,,,,,,,,,,,,,,,,,,,,,,,,,,,,,,,,,,,,,,,,,,,,,,,,,,,,,,,,,,,,,,,,,,,,,,,,,,,,,,,,,,,,,,,,,,,
38,Malik Nabers,4595348,NYG,230.76,2026,"['RB/WR', 'WR', 'WR/TE', 'RB/WR/TE', 'OP', 'BE', 'IR']",4.192054236,1.350908871,0.139444429,0.005859513,4.0,2.0,1.0,,,,,0.007706517,0.005394562,0.001129409,3.85e-05,5.156074021,66.78216758,6.865061212,0.367276996,0.207641967,0.135694025,213.0,106.0,53.0,42.0,21.0,81.37676102,3.234090549,0.100023419,128.5626707,13.13046462,0.37313651,0.005652401,0.062934914,1.221701618,1.284636532,0.02895006,0.684152906,0.713102967,0.713102967,16.0,3.038566668,49.73904183,,,,,,,,,,,,,,,,,,,,,,,,,,,,,,,,,,,,,,,,,,,,,,,,,,,,,,,,,,,,,,,,,,,,,,,,,,,,,,,,,,,,,,,,,,,,
39,Chris Olave,4361370,NO,244.62,2026,"['RB/WR', 'WR', 'WR/TE', 'RB/WR/TE', 'OP', 'BE', 'IR']",,,,,,,,,,,,,,,,,68.38800036,6.442195967,0.336773845,0.20404286,0.133342009,232.0,116.0,58.0,46.0,23.0,90.4974001,3.633236301,0.112368133,142.3174431,12.84673377,0.336773845,0.004847371,,1.101675312,1.101675312,,0.616938175,0.616938175,0.616938175,17.0,,54.17178398,,,,,,,,,,,,,,,,,,,,,,,,,,,,,,,,,,,,,,,,,,,,,,,,,,,,,,,,,,,,,,,,,,,,,,,,,,,,,,,,,,,,,,,,,,,,
40,Garrett Wilson,4569618,NYJ,247.45,2026,"['RB/WR', 'WR', 'WR/TE', 'RB/WR/TE', 'OP', 'BE', 'IR']",2.172129233,0.633844678,0.093599419,0.010578061,2.0,1.0,,,,,,0.003988199,0.00279174,0.000221538,7.56e-06,4.96073593,68.44312128,5.115129355,0.623276323,0.172034882,0.112424795,232.0,116.0,58.0,46.0,23.0,100.0642337,3.640699234,0.112598945,148.6515679,11.62786161,0.633854384,0.008627609,0.041659885,1.919160426,1.960820311,0.019163547,1.074729839,1.093893386,1.093893386,17.0,2.63756553,55.83556292,,,,,,,,,,,,,,,,,,,,,,,,,,,,,,,,,,,,,,,,,,,,,,,,,,,,,,,,,,,,,,,,,,,,,,,,,,,,,,,,,,,,,,,,,,,,
41,Breece Hall,4427366,NYJ,272.18,2026,"['RB', 'RB/WR', 'RB/WR/TE', 'OP', 'BE', 'IR']",264.9997664,68.41718235,7.55145498,0.853421472,232.0,116.0,58.0,46.0,23.0,52.0,26.0,0.556240322,0.389368225,3.502680285,0.11953304,4.389030661,25.64131574,2.679699732,0.327004281,0.097438592,0.06367612,87.0,43.0,21.0,17.0,8.0,52.13627088,0.272395082,0.00842459,63.70781482,8.360827503,1.180425753,0.0128,2.438664524,0.479784854,2.918449378,1.121785681,0.268679518,1.390465199,1.390465199,17.0,63.07337128,23.85011383,,,,,,,,,,,,,,,,,,,,,,,,,,,,,,,,,,,,,,,,,,,,,,,,,,,,,,,,,,,,,,,,,,,,,,,,,,,,,,,,,,,,,,,,,,,,
42,Tetairoa McMillan,4685472,CAR,240.31,2026,"['RB/WR', 'WR', 'WR/TE', 'RB/WR/TE', 'OP', 'BE', 'IR']",,,,,,,,,,,,,,,,,70.60444905,6.28806586,0.381502544,0.240019393,0.156852673,240.0,120.0,60.0,48.0,24.0,83.38838432,3.910608806,0.120946664,141.0273495,14.39379889,0.381502544,0.006327857,,1.4381494,1.4381494,,0.805363664,0.805363664,0.805363664,17.0,,53.52743501,,,,,,,,,,,,,,,,,,,,,,,,,,,,,,,,,,,,,,,,,,,,,,,,,,,,,,,,,,,,,,,,,,,,,,,,,,,,,,,,,,,,,,,,,,,,
43,Seahawks D/ST,-16026,SEA,119.78,2026,"['D/ST', 'BE', 'IR']",,,,,,,,,,,,,,,,,,,,,,,,,,,,,,,,,,,,,,,,,17.0,,,,,,,,,,,,,,,,,,,,,,,,,,,,,,,,,,,,,,,,,,,,,,,0.273150466,1.233857243,4.118530383,3.471819001,0.124584026,1.592168353,12.8014921,7.245011227,1.864890231,0.258325949,42.38936732,84.77873465,0.477137987,0.482336445,1.070604818,0.521563535,2.676226811,11.14617112,1068.15334,356.0,213.0,47.14668545,93.72296399,1546.529694,396.4638566,154.0,61.0,39.0,15.0,330.8627806,2.467714486,3.088897788,1.778456302,0.519070978,0.048503354,19.46251651,5509.419016,0.681021532,5.448172258,4.256384577,3.660490736,1.957936905,0.681021532,0.255383075,0.059589384,324.0834715,,
44,Davante Adams,16800,LAR,231.96,2026,"['RB/WR', 'WR', 'WR/TE', 'RB/WR/TE', 'OP', 'BE', 'IR']",,,,,,,,,,,,,,,,,59.7765184,10.63925528,0.144974372,0.209937075,0.137193878,203.0,101.0,50.0,40.0,20.0,67.5572421,2.61748733,0.080953216,123.6773734,15.04207071,0.144974372,0.002888811,,0.656547877,0.656547877,,0.367666811,0.367666811,0.367666811,17.0,,46.62220325,,,,,,,,,,,,,,,,,,,,,,,,,,,,,,,,,,,,,,,,,,,,,,,,,,,,,,,,,,,,,,,,,,,,,,,,,,,,,,,,,,,,,,,,,,,,
45,Zay Flowers,4429615,BAL,238.06,2026,"['RB/WR', 'WR', 'WR/TE', 'RB/WR/TE', 'OP', 'BE', 'IR']",9.754035471,3.37288436,0.448782315,0.011620878,11.0,5.0,2.0,2.0,1.0,1.0,,0.017983013,0.012588109,0.008074715,0.000275559,5.878493499,68.99103494,5.523414136,0.182015045,0.447090328,0.292173529,234.0,117.0,58.0,46.0,23.0,81.7799816,3.7088194,0.114705755,116.6086128,14.34149985,0.193635922,0.007944628,0.192407806,1.61318942,1.805597226,0.088507591,0.903386075,0.991893666,0.991893666,17.0,4.935217388,52.09179122,,,,,,,,,,,,,,,,,,,,,,,,,,,,,,,,,,,,,,,,,,,,,,,,,,,,,,,,,,,,,,,,,,,,,,,,,,,,,,,,,,,,,,,,,,,,
46,Cam Skattebo,4696981,NYG,241.19,2026,"['RB', 'RB/WR', 'RB/WR/TE', 'OP', 'BE', 'IR']",249.320657,61.58753049,7.274406019,0.305559158,209.0,104.0,52.0,41.0,20.0,49.0,24.0,0.519431447,0.363602013,2.84,0.097,4.199363305,21.46886011,1.63221854,0.087338871,0.057265649,0.037423101,72.0,36.0,18.0,14.0,7.0,49.25945907,0.182108762,0.00563223,60.76099205,7.409147982,0.392898029,0.010875482,2.063921678,0.407778748,2.471700426,0.949403972,0.228356099,1.177760071,1.177760071,17.0,57.9939834,20.81004281,,,,,,,,,,,,,,,,,,,,,,,,,,,,,,,,,,,,,,,,,,,,,,,,,,,,,,,,,,,,,,,,,,,,,,,,,,,,,,,,,,,,,,,,,,,,
47,Kyren Williams,4430737,LAR,231.67,2026,"['RB', 'RB/WR', 'RB/WR/TE', 'OP', 'BE', 'IR']",236.5432305,63.01498581,10.17751152,0.152631997,214.0,107.0,53.0,42.0,21.0,47.0,23.0,0.489733597,0.342813518,2.969722865,0.101345248,4.528790601,13.16567615,1.644339552,0.022408654,0.035157676,0.022975541,44.0,22.0,11.0,8.0,4.0,33.42132008,0.083980298,0.002597329,44.97359032,6.6968179,0.17504065,0.010170141,2.025247457,0.286148301,2.311395759,0.93161383,0.160243049,1.091856879,1.091856879,17.0,60.20135866,13.31248792,,,,,,,,,,,,,,,,,,,,,,,,,,,,,,,,,,,,,,,,,,,,,,,,,,,,,,,,,,0.014871208,,,,,,,,,,,14.87120808,,,1.0,,,,,,,,,,,,,,,,,,,,
48,Javonte Williams,4361579,DAL,257.23,2026,"['RB', 'RB/WR', 'RB/WR/TE', 'OP', 'BE', 'IR']",287.4794827,73.90202787,11.0860057,0.417751622,251.0,125.0,62.0,50.0,25.0,57.0,28.0,0.609902181,0.426931526,4.093465492,0.139694272,4.370170914,12.84666636,1.511047907,0.054061555,0.038456593,0.025131383,43.0,21.0,10.0,8.0,4.0,37.06820398,0.081792029,0.00252965,50.88286281,5.891661983,0.471813177,0.011332773,2.281454647,0.29417552,2.575630167,1.049469138,0.164738291,1.214207429,1.214207429,17.0,70.22245834,13.93967833,,,,,,,,,,,,,,,,,,,,,,,,,,,,,,,,,,,,,,,,,,,,,,,,,,,,,,,,,,,,,,,,,,,,,,,,,,,,,,,,,,,,,,,,,,,,
49,Jason Myers,2473037,SEA,158.5,2026,"['K', 'BE', 'IR']",,,,,,,,,,,,,,,,,,,,,,,,,,,,,,,,,,,,,,,,,17.0,,,,,,,,,,,,,,,,,,,,,,,,,,6.43815471,9.0139644,2.57580969,8.501376867,10.3016736,1.800296733,18.15437917,18.558162,0.403782829,33.09391075,37.8738,4.779889252,42.61715871,43.48689665,0.869737933,6.43815471,9.0139644,2.57580969,1274.853688,232.2205611,1507.07425,,,,,,,,,,,,,,,,,,,,,,,,,,,,,,,,,,,,,,,,,,,,,,,,
50,Jalen Hurts,4040715,PHI,319.7,2026,"['QB', 'OP', 'BE', 'IR']",106.3082177,25.77680148,9.167487791,0.274632251,87.0,43.0,21.0,17.0,8.0,21.0,10.0,0.206237159,0.144366012,0.493,0.0168,4.122029648,,,,,,,,,,,,,,,,1.330121183,0.037578849,1.410273611,,8.540647593,0.648725861,,4.071305372,13.2413147,17.0,30.16108509,,498.9735351,327.6251392,171.3483959,222.3915032,23.57424041,756.0,378.0,189.0,151.0,75.0,37.0,65.0,32.0,2.885469359,1.885654226,2.486986109,0.335926614,1.055488931,9.170009331,0.656598228,38.52312077,7.130373982,3.422579511,,,,,,,,,,,,,,,,,,,,,,,,,,,,,,,,,,,,,,,,,,,,,,,,,,,,,,,,,,,,,,,,,,,,,
51,Emeka Egbuka,4567750,TB,228.42,2026,"['RB/WR', 'WR', 'WR/TE', 'RB/WR/TE', 'OP', 'BE', 'IR']",2.182715759,0.700212679,0.102181031,0.009338595,2.0,1.0,,,,,,0.004007658,0.00280536,0.00027886,9.52e-06,5.453580246,66.37191742,7.494041915,0.65006001,0.275566277,0.180082562,225.0,112.0,56.0,45.0,22.0,69.66708094,3.385491226,0.104705914,127.9800898,16.19592182,0.659398606,0.004609224,0.031823413,1.015727437,1.047550849,0.01463877,0.568807364,0.583446134,0.583446134,17.0,2.682702228,48.90885735,,,,,,,,,,,,,,,,,,,,,,,,,,,,,,,,,,,,,,,,,,,,,,,,,,,,,,,,,,,,,,,,,,,,,,,,,,,,,,,,,,,,,,,,,,,,
52,Tee Higgins,4239993,CIN,218.0,2026,"['RB/WR', 'WR', 'WR/TE', 'RB/WR/TE', 'OP', 'BE', 'IR']",,,,,,,,,,,,,,,,,56.19276799,8.331250784,0.389814718,0.223175249,0.145845025,191.0,95.0,47.0,38.0,19.0,73.10206033,2.233782239,0.069086049,114.4090768,13.06771726,0.389814718,0.003477686,,0.790383118,0.790383118,,0.442614546,0.442614546,0.442614546,17.0,,45.26223286,,,,,,,,,,,,,,,,,,,,,,,,,,,,,,,,,,,,,,,,,,,,,,,,,,,,,,,,,,,,,,,,,,,,,,,,,,,,,,,,,,,,,,,,,,,,
53,Joe Burrow,3915511,CIN,302.6,2026,"['QB', 'OP', 'BE', 'IR']",51.76519804,11.12889155,2.077744279,0.141074473,37.0,18.0,9.0,7.0,3.0,10.0,5.0,0.097606606,0.068324624,0.091193253,0.003112076,3.654794407,,,,,,,,,,,,,,,,1.682893923,0.026116856,0.464450628,,5.935649077,0.213647289,,2.839822545,13.71140911,17.0,13.15395274,,569.2318776,385.3488375,183.8830402,242.4943761,33.00848014,824.0,412.0,206.0,164.0,82.0,41.0,77.0,38.0,3.383649413,2.211214891,3.396057738,0.458718355,1.541819449,10.87158657,0.676962856,40.55881724,5.471198449,2.626175256,,,,,,,,,,,,,,,,,,,,,,,,,,,,,,,,,,,,,,,,,,,,,,,,,,,,,,,,,,,,,,,,,,,,,
54,Travis Etienne Jr.,4239996,NO,240.45,2026,"['RB', 'RB/WR', 'RB/WR/TE', 'OP', 'BE', 'IR']",257.8940933,65.88129236,6.09182818,0.307925173,223.0,111.0,55.0,44.0,22.0,51.0,25.0,0.539454351,0.377618046,3.241856233,0.111,4.342798068,22.14597347,2.058524248,0.10768429,0.065774309,0.042983511,75.0,37.0,18.0,15.0,7.0,44.61304383,0.19420564,0.00600636,60.21122594,8.438822296,0.415609464,0.009059488,1.75532189,0.303652757,2.058974647,0.807448069,0.170045544,0.977493613,0.977493613,17.0,60.09789721,20.24272084,,,,,,,,,,,,,,,,,,,,,,,,,,,,,,,,,,,,,,,,,,,,,,,,,,,,,,,,,,,,,,,,,,,,,,,,,,,,,,,,,,,,,,,,,,,,
55,Jaylen Waddle,4372016,DEN,212.6,2026,"['RB/WR', 'WR', 'WR/TE', 'RB/WR/TE', 'OP', 'BE', 'IR']",2.045455304,0.714070783,0.081358851,0.004980393,2.0,1.0,,,,,,0.003755358,0.00262875,0.000292634,9.99e-06,5.934719421,58.30470913,6.003347748,0.364142867,0.224164046,0.146491204,198.0,99.0,49.0,39.0,19.0,76.65277277,2.456020779,0.075959406,118.6450634,12.93077888,0.36912326,0.005240962,0.030958748,1.160169029,1.191127777,0.014241024,0.649694656,0.66393568,0.66393568,17.0,2.666794941,46.10970537,,,,,,,,,,,,,,,,,,,,,,,,,,,,,,,,,,,,,,,,,,,,,,,,,,,,,,,,,,,,,,,,,,,,,,,,,,,,,,,,,,,,,,,,,,,,
56,Terry McLaurin,3121422,WSH,217.01,2026,"['RB/WR', 'WR', 'WR/TE', 'RB/WR/TE', 'OP', 'BE', 'IR']",,,,,,,,,,,,,,,,,60.96242024,5.701278959,0.444754637,0.265359438,0.173412393,207.0,103.0,51.0,41.0,20.0,80.16980594,2.74981578,0.085045849,118.6912943,12.92707562,0.444754637,0.005061491,,1.15033877,1.15033877,,0.644189711,0.644189711,0.644189711,17.0,,48.0337498,,,,,,,,,,,,,,,,,,,,,,,,,,,,,,,,,,,,,,,,,,,,,,,,,,,,,,,,,,,,,,,,,,,,,,,,,,,,,,,,,,,,,,,,,,,,
57,Bucky Irving,4596448,TB,206.77,2026,"['RB', 'RB/WR', 'RB/WR/TE', 'OP', 'BE', 'IR']",244.464165,58.44703728,5.340906521,0.488119614,198.0,99.0,49.0,39.0,19.0,48.0,24.0,0.508080577,0.355656404,2.550503012,0.087,4.064397879,17.32079266,1.744877317,0.151395611,0.077290872,0.050509585,58.0,29.0,14.0,11.0,5.0,36.82971958,0.121713473,0.003764334,45.3262818,7.994996393,0.639515225,0.008854654,1.74893565,0.263485691,2.012421341,0.804510399,0.147551987,0.952062386,0.952062386,17.0,54.45483273,16.07837691,,,,,,,,,,,,,,,,,,,,,,,,,,,,,,,,,,,,,,,,,,,,,,,,,,,,,,,,,,,,,,,,,,,,,,,,,,,,,,,,,,,,,,,,,,,,
58,Ladd McConkey,4612826,LAC,219.84,2026,"['RB/WR', 'WR', 'WR/TE', 'RB/WR/TE', 'OP', 'BE', 'IR']",,,,,,,,,,,,,,,,,60.82562385,6.269147957,0.155193334,0.236983834,0.154868935,206.0,103.0,51.0,41.0,20.0,79.61879072,2.734666158,0.084577304,122.1449836,12.98733121,0.155193334,0.004505967,,1.024083407,1.024083407,,0.573486708,0.573486708,0.573486708,17.0,,48.07623651,,,,,,,,,,,,,,,,,,,,,,,,,,,,,,,,,,,,,,,,,,,,,,,,,,,,,,,,,,0.069970794,,,,,,,,,,,69.97079378,,,6.0,2.0,,,,,,,,,,,,,,,,,,,
59,Kyle Pitts Sr.,4360248,ATL,184.33,2026,"['WR/TE', 'TE', 'RB/WR/TE', 'OP', 'BE', 'IR']",,,,,,,,,,,,,,,,,50.40453959,3.190114971,0.18718053,0.138714978,0.090650238,171.0,85.0,42.0,34.0,17.0,80.35680831,1.675130131,0.051808148,114.9714265,10.66340477,0.18718053,0.002161878,,0.491335928,0.491335928,,0.27514812,0.27514812,0.27514812,17.0,,42.10005571,,,,,,,,,,,,,,,,,,,,,,,,,,,,,,,,,,,,,,,,,,,,,,,,,,,,,,,,,,,,,,,,,,,,,,,,,,,,,,,,,,,,,,,,,,,,
60,Quinshon Judkins,4685702,CLE,225.14,2026,"['RB', 'RB/WR', 'RB/WR/TE', 'OP', 'BE', 'IR']",316.2872621,72.96618938,7.222472754,0.437961762,248.0,124.0,62.0,49.0,24.0,63.0,31.0,0.679998206,0.475998744,3.98,0.136,3.921831095,12.98616702,0.727439307,0.051771445,0.038165715,0.024941295,44.0,22.0,11.0,8.0,4.0,31.81772761,0.082696291,0.002557617,41.39828257,6.938422569,0.489733207,0.006552728,1.353134348,0.136122017,1.489256365,0.6224418,0.07622833,0.69867013,0.69867013,17.0,68.55517093,12.48788883,,,,,,,,,,,,,,,,,,,,,,,,,,,,,,,,,,,,,,,,,,,,,,,,,,,,,,,,,,,,,,,,,,,,,,,,,,,,,,,,,,,,,,,,,,,,
61,Carnell Tate,4871023,TEN,210.35,2026,"['Rookie', 'RB/WR', 'WR', 'WR/TE', 'RB/WR/TE', 'OP', 'BE', 'IR']",,,,,,,,,,,,,,,,,62.83250631,4.638152284,0.073009759,0.229835425,0.15019745,213.0,106.0,53.0,42.0,21.0,77.92979034,2.964733142,0.091692778,126.8593992,13.70660183,0.073009759,0.006249075,,1.420244416,1.420244416,,0.795336873,0.795336873,0.795336873,17.0,,47.96513117,,,,,,,,,,,,,,,,,,,,,,,,,,,,,,,,,,,,,,,,,,,,,,,,,,,,,,,,,,,,,,,,,,,,,,,,,,,,,,,,,,,,,,,,,,,,
62,Jameson Williams,4426388,DET,207.36,2026,"['RB/WR', 'WR', 'WR/TE', 'RB/WR/TE', 'OP', 'BE', 'IR']",6.963804703,2.652384018,0.58912977,0.011092069,9.0,4.0,2.0,1.0,,1.0,,0.012819411,0.008973587,0.004924203,0.000168044,6.474984613,60.52804084,5.697229595,0.125770739,0.449010587,0.293428419,205.0,102.0,51.0,41.0,20.0,64.19407248,2.699942813,0.083503386,102.1819766,16.02915432,0.136862808,0.003377762,0.075127689,0.692545603,0.767673292,0.034558737,0.387825537,0.422384275,0.422384275,17.0,4.456756533,44.18706333,,,,,,,,,,,,,,,,,,,,,,,,,,,,,,,,,,,,,,,,,,,,,,,,,,,,,,,,,,,,,,,,,,,,,,,,,,,,,,,,,,,,,,,,,,,,
63,Jaxson Dart,4689114,NYG,300.58,2026,"['QB', 'OP', 'BE', 'IR']",100.779611,32.539639,6.624456591,0.278366206,110.0,55.0,27.0,22.0,11.0,20.0,10.0,0.194955723,0.136469006,0.786742521,0.0268,5.488946204,,,,,,,,,,,,,,,,1.398614765,0.034313592,1.217845925,,7.798543627,0.560209125,,3.718944023,13.87657343,17.0,31.81130955,,503.8432451,327.3565775,176.4866675,217.0410204,20.89627675,737.0,368.0,184.0,147.0,73.0,36.0,65.0,32.0,2.760056462,1.803696898,2.292676015,0.309680415,1.120248559,10.15762941,0.649719096,40.72494762,6.580697702,3.158734897,,,,,,,,,,,,,,,,,,,,,,,,,,,,,,,,,,,,,,,,,,,,,,,,,,,,,,,,,,,,,,,,,,,,,
64,Sam LaPorta,4430027,DET,188.0,2026,"['WR/TE', 'TE', 'RB/WR/TE', 'OP', 'BE', 'IR']",,,,,,,,,,,,,,,,,46.3599749,5.365958124,0.118459855,0.160824497,0.105098809,157.0,78.0,39.0,31.0,15.0,78.30131742,1.334530599,0.041274142,102.1819766,10.06521473,0.118459855,0.00294921,,0.670274887,0.670274887,,0.375353937,0.375353937,0.375353937,17.0,,40.62521281,,,,,,,,,,,,,,,,,,,,,,,,,,,,,,,,,,,,,,,,,,,,,,,,,,,,,,,,,,,,,,,,,,,,,,,,,,,,,,,,,,,,,,,,,,,,
65,Ka'imi Fairbairn,2971573,HOU,157.68,2026,"['K', 'BE', 'IR']",,,,,,,,,,,,,,,,,,,,,,,,,,,,,,,,,,,,,,,,,17.0,,,,,,,,,,,,,,,,,,,,,,,,,,7.040364962,9.613296,2.572931038,9.265646649,10.986624,1.720977351,19.5941592,19.79208,0.1979208,35.90017081,40.392,4.491829189,31.12104125,31.75616454,0.635123291,7.040364962,9.613296,2.572931038,1384.958583,222.3198809,1607.278464,,,,,,,,,,,,,,,,,,,,,,,,,,,,,,,,,,,,,,,,,,,,,,,,
66,Rams D/ST,-16014,LAR,116.98,2026,"['D/ST', 'BE', 'IR']",,,,,,,,,,,,,,,,,,,,,,,,,,,,,,,,,,,,,,,,,17.0,,,,,,,,,,,,,,,,,,,,,,,,,,,,,,,,,,,,,,,,,,,,,,,0.263763764,1.191191191,3.998998999,3.403403403,0.123525075,1.578363557,12.2466666,8.4188016,1.94460122,0.262702081,43.70934552,87.41869105,0.148502965,0.240913571,1.058796159,0.519567399,2.091305169,12.95200246,1076.87932,358.0,215.0,45.82743521,72.29170366,1536.634534,261.0959247,153.0,61.0,26.0,10.0,331.4562104,2.467467467,3.148148148,1.871871872,0.595595596,0.05955956,19.49742414,5468.048874,0.783645656,6.132879046,4.497444634,3.526405451,1.584327087,0.340715503,0.119250426,0.015332198,321.6499338,,
67,TreVeyon Henderson,4432710,NE,206.9,2026,"['RB', 'RB/WR', 'RB/WR/TE', 'OP', 'BE', 'IR']",194.2717987,50.22425315,6.814798795,0.242363679,170.0,85.0,42.0,34.0,17.0,38.0,19.0,0.39405313,0.275837191,1.89,0.0644,4.394936934,17.62585901,1.589606832,0.061002087,0.049135982,0.032110364,59.0,29.0,14.0,11.0,5.0,43.14357781,0.125466479,0.003880407,51.87705401,6.945172803,0.303365766,0.006558362,1.219673634,0.270863217,1.490536851,0.561049872,0.151683401,0.712733273,0.712733273,17.0,47.7843118,17.59703395,,,,,,,,,,,,,,,,,,,,,,,,,,,,,,,,,,,,,,,,,,,,,,,,,,,,,,,,,0.017817795,,,,,,,,,,,159.1313451,,15.0,6.0,,,,,,,,,,,,,,,,,,,,,
68,Steelers D/ST,-16023,PIT,126.84,2026,"['D/ST', 'BE', 'IR']",,,,,,,,,,,,,,,,,,,,,,,,,,,,,,,,,,,,,,,,,17.0,,,,,,,,,,,,,,,,,,,,,,,,,,,,,,,,,,,,,,,,,,,,,,,0.301321851,1.361906669,4.477268175,3.677148007,0.123211873,1.58891428,11.77531613,9.515568396,1.922550512,0.260858639,43.71325468,87.42650936,0.167610633,0.307564277,1.072822241,0.516092039,2.187301062,14.63933599,1034.022228,344.0,206.0,38.23710486,79.37164376,1496.936342,307.5642766,149.0,59.0,30.0,12.0,319.2973729,2.468455838,2.911075506,1.498097336,0.289405167,0.01532145,18.7821984,5495.12596,0.732318173,5.790422761,4.376878381,3.593468243,1.771188139,0.510919655,0.187337207,0.037467441,323.2427035,,
69,Matthew Stafford,12483,LAR,292.01,2026,"['QB', 'OP', 'BE', 'IR']",27.04278074,2.318586579,0.587105364,0.008805502,7.0,3.0,1.0,1.0,,5.0,2.0,0.050323884,0.035226719,0.003777779,0.000129,1.457541376,,,,,,,,,,,,,,,,0.481280229,0.032136709,0.320053842,,7.303797497,0.147224767,,3.499421722,13.18489214,17.0,5.483505966,,557.7851219,356.0827975,201.7023244,251.8745614,34.92599744,856.0,428.0,214.0,171.0,85.0,42.0,71.0,35.0,3.629356286,2.371784333,3.916068172,0.52895813,0.472474727,9.685470415,0.638387048,32.30261907,6.983743656,3.352196955,,,,,,,,,,,,,,,,,,,,,,,,,,,,,,,,,,,,,,,,,,,,,,,,,,,,,,,,,,,,,,,,,,,,,
70,Harold Fannin Jr.,5083076,CLE,186.33,2026,"['WR/TE', 'TE', 'RB/WR/TE', 'OP', 'BE', 'IR']",8.500844794,1.243622327,0.320539438,0.019437907,4.0,2.0,1.0,,,1.0,,0.015661944,0.010963361,0.001003413,3.42e-05,2.486997477,48.07737808,3.190202017,0.226807348,0.097972857,0.064025262,163.0,81.0,40.0,32.0,16.0,82.98537584,1.477551457,0.045697468,119.0200624,9.848909148,0.246245254,0.004957164,0.104685613,1.021942543,1.126628156,0.048155382,0.572287824,0.620443206,0.620443206,17.0,3.541258122,41.60827073,,,,,,,,,,,,,,,,,,,,,,,,,,,,,,,,,,,,,,,,,,,,,,,,,,,,,,,,,,,,,,,,,,,,,,,,,,,,,,,,,,,,,,,,,,,,
71,DJ Moore,3915416,BUF,208.61,2026,"['RB/WR', 'WR', 'WR/TE', 'RB/WR/TE', 'OP', 'BE', 'IR']",6.920639204,2.11278198,0.38704031,0.018440243,7.0,3.0,1.0,1.0,,1.0,,0.012739711,0.008917798,0.00308,0.000105,5.189880963,55.63276939,7.015056235,0.563987758,0.275726896,0.180187527,189.0,94.0,47.0,37.0,18.0,67.16410145,2.17488041,0.067264343,107.4085623,14.08128835,0.582428001,0.004635036,0.098405164,0.955012133,1.053417296,0.045266375,0.534806794,0.58007317,0.58007317,17.0,3.993738828,43.10804015,,,,,,,,,,,,,,,,,,,,,,,,,,,,,,,,,,,,,,,,,,,,,,,,,,,,,,,,,,,,,,,,,,,,,,,,,,,,,,,,,,,,,,,,,,,,
72,Rome Odunze,4431299,CHI,211.86,2026,"['RB/WR', 'WR', 'WR/TE', 'RB/WR/TE', 'OP', 'BE', 'IR']",,,,,,,,,,,,,,,,,60.55549591,8.434792332,0.560374351,0.262715044,0.171684281,205.0,102.0,51.0,41.0,20.0,59.33275191,2.703513814,0.083613829,118.2348559,17.3503402,0.560374351,0.004822259,,1.095968016,1.095968016,,0.613742089,0.613742089,0.613742089,17.0,,44.21131092,,,,,,,,,,,,,,,,,,,,,,,,,,,,,,,,,,,,,,,,,,,,,,,,,,,,,,,,,,,,,,,,,,,,,,,,,,,,,,,,,,,,,,,,,,,,
73,D'Andre Swift,4259545,CHI,210.45,2026,"['RB', 'RB/WR', 'RB/WR/TE', 'OP', 'BE', 'IR']",219.4235397,58.55345496,8.164078857,0.482138076,199.0,99.0,49.0,39.0,19.0,43.0,21.0,0.450517363,0.315362154,2.558906249,0.087325653,4.536471956,15.85557871,1.128785363,0.074997961,0.08046433,0.05258344,53.0,26.0,13.0,10.0,5.0,30.43427782,0.106266101,0.00328658,41.12516727,8.856620148,0.557136037,0.008898074,1.77596169,0.246327771,2.022289461,0.816942377,0.137943552,0.954885929,0.954885929,17.0,55.09929984,13.68183272,,,,,,,,,,,,,,,,,,,,,,,,,,,,,,,,,,,,,,,,,,,,,,,,,,,,,,,,,,,,,,,,,,,,,,,,,,,,,,,,,,,,,,,,,,,,
74,David Montgomery,4035538,HOU,191.13,2026,"['RB', 'RB/WR', 'RB/WR/TE', 'OP', 'BE', 'IR']",214.409723,54.70192208,6.980874541,0.50518765,185.0,92.0,46.0,37.0,18.0,42.0,21.0,0.439135089,0.307394563,2.231345777,0.076147271,4.337175862,13.57043406,0.609921397,0.040108538,0.055853332,0.036500152,46.0,23.0,11.0,9.0,4.0,31.45631261,0.086850654,0.002686103,38.4005481,7.333897708,0.545296189,0.009405369,1.86409958,0.273484329,2.137583909,0.857485807,0.153151224,1.010637031,1.010637031,17.0,51.70179343,12.63135602,,,,,,,,,,,,,,,,,,,,,,,,,,,,,,,,,,,,,,,,,,,,,,,,,,,,,,,,,,,,,,,,,,,,,,,,,,,,,,,,,,,,,,,,,,,,
75,Harrison Mevis,4574716,LAR,159.53,2026,"['K', 'BE', 'IR']",,,,,,,,,,,,,,,,,,,,,,,,,,,,,,,,,,,,,,,,,17.0,,,,,,,,,,,,,,,,,,,,,,,,,,5.820004218,8.198543617,2.378539399,7.691477211,9.369764134,1.678286923,16.43851122,16.87935451,0.440843291,29.94999265,34.44766226,4.497669613,54.84580335,56.1436944,1.297891043,5.820004218,8.198543617,2.378539399,1153.552039,217.1893378,1370.741377,,,,,,,,,,,,,,,,,,,,,,,,,,,,,,,,,,,,,,,,,,,,,,,,
76,George Kittle,3040151,SF,177.11,2026,"['WR/TE', 'TE', 'RB/WR/TE', 'OP', 'BE', 'IR']",,,,,,,,,,,,,,,,,50.79667608,5.286722396,0.271074068,0.223884189,0.146308317,152.0,76.0,38.0,30.0,15.0,69.49970937,1.509366014,0.046681423,88.46817784,10.96335723,0.271074068,0.002627963,,0.597264306,0.597264306,,0.334468011,0.334468011,0.334468011,15.0,,38.0002451,,,,,,,,,,,,,,,,,,,,,,,,,,,,,,,,,,,,,,,,,,,,,,,,,,,,,,,,,,,,,,,,,,,,,,,,,,,,,,,,,,,,,,,,,,,,
77,DK Metcalf,4047650,PIT,195.11,2026,"['RB/WR', 'WR', 'WR/TE', 'RB/WR/TE', 'OP', 'BE', 'IR']",,,,,,,,,,,,,,,,,55.37373319,6.159585538,0.188539453,0.217934983,0.142420511,188.0,94.0,47.0,37.0,18.0,64.70643329,2.1495662,0.066481429,113.3591668,14.54806603,0.188539453,0.003745469,,0.851242881,0.851242881,,0.476696013,0.476696013,0.476696013,17.0,,42.07660678,,,,,,,,,,,,,,,,,,,,,,,,,,,,,,,,,,,,,,,,,,,,,,,,,,,,,,,,,,,,,,,,,,,,,,,,,,,,,,,,,,,,,,,,,,,,
78,Luther Burden III,4685278,CHI,204.32,2026,"['RB/WR', 'WR', 'WR/TE', 'RB/WR/TE', 'OP', 'BE', 'IR']",9.142647488,2.915050854,0.397453916,0.02347205,9.0,4.0,2.0,1.0,,1.0,,0.016850283,0.011795198,0.005991176,0.000204,5.420296974,55.15224414,5.078050622,0.337289333,0.216652588,0.141582466,187.0,93.0,46.0,37.0,18.0,75.05963484,2.126805766,0.065777498,113.09421,12.49124316,0.360761383,0.005401646,0.133297359,1.094349432,1.227646791,0.061316785,0.612835682,0.674152467,0.674152467,17.0,4.597006991,43.89035373,,,,,,,,,,,,,,,,,,,,,,,,,,,,,,,,,,,,,,,,,,,,,,,,,,,,,,,,,,,,,,,,,,,,,,,,,,,,,,,,,,,,,,,,,,,,
79,Jadarian Price,4685512,SEA,193.58,2026,"['Rookie', 'RB', 'RB/WR', 'RB/WR/TE', 'OP', 'BE', 'IR']",222.5943088,54.26607951,7.901393029,0.225568578,184.0,92.0,46.0,36.0,18.0,44.0,22.0,0.459381232,0.321566863,2.27814017,0.0777,4.144415716,12.49348389,1.25297026,0.045566977,0.057529563,0.037595569,42.0,21.0,10.0,8.0,4.0,27.06495382,0.079286034,0.002452145,35.27987889,7.847389195,0.271135555,0.009399171,1.904597757,0.231577575,2.136175332,0.876114968,0.129683442,1.00579841,1.00579841,17.0,52.63510314,11.3885062,,,,,,,,,,,,,,,,,,,,,,,,,,,,,,,,,,,,,,,,,,,,,,,,,,,,,,,,,,,,,,,,,,,,,,,,,,,,,,,,,,,,,,,,,,,,
80,Caleb Williams,4431611,CHI,280.95,2026,"['QB', 'OP', 'BE', 'IR']",71.10777616,22.47167782,2.285819087,0.135009656,76.0,38.0,19.0,15.0,7.0,14.0,7.0,0.135450027,0.094815019,0.374009613,0.0128,5.372387432,,,,,,,,,,,,,,,,1.815353484,0.03696218,0.945978525,,8.400495357,0.435150121,,4.013318201,13.93705862,17.0,20.99507395,,528.2766307,316.6039113,211.6727194,224.8685845,25.31514984,764.0,382.0,191.0,152.0,76.0,38.0,63.0,31.0,2.944055732,1.923940421,2.580323414,0.348534037,1.680343828,9.923740416,0.599314626,32.06813434,7.454516832,3.578168079,,,,,,,,,,,,,,,,,,,,,,,,,,,,,,,,,,,,,,,,,,,,,,,,,,,,,,,,,,,,,,,,,,,,,
81,Mike Evans,16737,SF,181.07,2026,"['RB/WR', 'WR', 'WR/TE', 'RB/WR/TE', 'OP', 'BE', 'IR']",,,,,,,,,,,,,,,,,52.88319536,5.951427424,0.305041042,0.292276864,0.19100293,179.0,89.0,44.0,35.0,17.0,56.53816944,1.905924701,0.058946125,100.6927581,15.90101572,0.305041042,0.003173599,,0.721272486,0.721272486,,0.403912592,0.403912592,0.403912592,17.0,,38.96212349,,,,,,,,,,,,,,,,,,,,,,,,,,,,,,,,,,,,,,,,,,,,,,,,,,,,,,,,,,,,,,,,,,,,,,,,,,,,,,,,,,,,,,,,,,,,
82,Travis Kelce,15847,KC,176.05,2026,"['WR/TE', 'TE', 'RB/WR/TE', 'OP', 'BE', 'IR']",,,,,,,,,,,,,,,,,45.26711331,4.481115185,0.200491976,0.140934524,0.092100712,153.0,76.0,38.0,30.0,15.0,73.75832034,1.251469938,0.038705256,103.2713964,10.43327617,0.200491976,0.004020875,,0.913835276,0.913835276,,0.511747755,0.511747755,0.511747755,17.0,,38.71556168,,,,,,,,,,,,,,,,,,,,,,,,,,,,,,,,,,,,,,,,,,,,,,,,,,,,,,,,,,,,,,,,,,,,,,,,,,,,,,,,,,,,,,,,,,,,
83,Courtland Sutton,3128429,DEN,203.74,2026,"['RB/WR', 'WR', 'WR/TE', 'RB/WR/TE', 'OP', 'BE', 'IR']",,,,,,,,,,,,,,,,,52.51147659,7.583284152,0.460063813,0.146103891,0.095478893,178.0,89.0,44.0,35.0,17.0,69.26637567,1.869162517,0.05780915,118.6450634,12.88785639,0.460063813,0.003813237,,0.866644721,0.866644721,,0.485321044,0.485321044,0.485321044,17.0,,42.35633379,,,,,,,,,,,,,,,,,,,,,,,,,,,,,,,,,,,,,,,,,,,,,,,,,,,,,,,,,,,,,,,,,,,,,,,,,,,,,,,,,,,,,,,,,,,,
84,Michael Pittman Jr.,4035687,PIT,196.64,2026,"['RB/WR', 'WR', 'WR/TE', 'RB/WR/TE', 'OP', 'BE', 'IR']",,,,,,,,,,,,,,,,,50.59644815,3.885109489,0.11882071,0.082496911,0.053911731,172.0,86.0,43.0,34.0,17.0,88.35908382,1.693365176,0.052372119,130.3630418,9.734591866,0.11882071,0.005087514,,1.156253102,1.156253102,,0.647501737,0.647501737,0.647501737,17.0,,44.29819772,,,,,,,,,,,,,,,,,,,,,,,,,,,,,,,,,,,,,,,,,,,,,,,,,,,,,,,,,,,,,,,,,,,,,,,,,,,,,,,,,,,,,,,,,,,,
85,Marvin Harrison Jr.,4432708,ARI,193.54,2026,"['RB/WR', 'WR', 'WR/TE', 'RB/WR/TE', 'OP', 'BE', 'IR']",,,,,,,,,,,,,,,,,56.15268855,5.061696837,0.278326188,0.14942791,0.097651139,190.0,95.0,47.0,38.0,19.0,68.78964769,2.229413914,0.068950946,126.0278945,13.87702565,0.278326188,0.004742875,,1.077926054,1.077926054,,0.60363859,0.60363859,0.60363859,17.0,,42.92353125,,,,,,,,,,,,,,,,,,,,,,,,,,,,,,,,,,,,,,,,,,,,,,,,,,,,,,,,,,,,,,,,,,,,,,,,,,,,,,,,,,,,,,,,,,,,
86,Dak Prescott,2577417,DAL,285.36,2026,"['QB', 'OP', 'BE', 'IR']",51.18942997,10.93720748,2.151575101,0.081096828,37.0,18.0,9.0,7.0,3.0,10.0,5.0,0.096491471,0.06754403,0.0881,0.00301,3.632244532,,,,,,,,,,,,,,,,1.138830185,0.032999996,0.597784341,,7.499999019,0.274980797,,3.588043842,15.531309,17.0,13.06398535,,556.0368915,372.0623672,183.9745243,242.3756202,29.75969002,824.0,412.0,206.0,164.0,82.0,41.0,74.0,37.0,3.380119051,2.2089078,3.386343101,0.457406162,1.057733357,11.94326516,0.669132521,35.01310895,6.902214678,3.313063045,,,,,,,,,,,,,,,,,,,,,,,,,,,,,,,,,,,,,,,,,,,,,,,,,,,,,,,,,,,,,,,,,,,,,
87,Dallas Goedert,3121023,PHI,176.13,2026,"['WR/TE', 'TE', 'RB/WR/TE', 'OP', 'BE', 'IR']",,,,,,,,,,,,,,,,,42.67884502,5.650033775,0.253269862,0.166495479,0.108804795,145.0,72.0,36.0,29.0,14.0,70.47987018,1.064039786,0.032908447,93.38207454,10.29429202,0.253269862,0.003048271,,0.692788819,0.692788819,,0.387961738,0.387961738,0.387961738,17.0,,37.23292092,,,,,,,,,,,,,,,,,,,,,,,,,,,,,,,,,,,,,,,,,,,,,,,,,,,,,,,,,,,,,,,,,,,,,,,,,,,,,,,,,,,,,,,,,,,,
88,Bhayshul Tuten,4882093,JAX,203.65,2026,"['RB', 'RB/WR', 'RB/WR/TE', 'OP', 'BE', 'IR']",236.9763525,58.32148986,6.683417279,0.266842131,198.0,99.0,49.0,39.0,19.0,47.0,23.0,0.490749518,0.343524662,2.541800446,0.0867,4.183815462,14.70045559,1.423014871,0.058786389,0.041807286,0.027321061,49.0,24.0,12.0,9.0,4.0,33.72666113,0.095893747,0.002965786,45.37856251,7.409797964,0.325628521,0.013064866,2.599346669,0.369941065,2.969287734,1.195699468,0.207166997,1.402866464,1.402866464,17.0,54.92870292,14.01107646,,,,,,,,,,,,,,,,,,,,,,,,,,,,,,,,,,,,,,,,,,,,,,,,,,,,,,,,,0.060539547,,,,,,,,,,,697.43836,,69.0,27.0,,,,,,,,,,,,,,,,,,,,,
89,Cam Little,4686361,JAX,146.66,2026,"['K', 'BE', 'IR']",,,,,,,,,,,,,,,,,,,,,,,,,,,,,,,,,,,,,,,,,17.0,,,,,,,,,,,,,,,,,,,,,,,,,,5.91297311,8.175838417,2.262865308,7.794847056,9.343815334,1.548968278,16.61757681,16.83260851,0.215031693,30.32539698,34.35226226,4.026865279,40.09107537,40.90926058,0.818185212,5.91297311,8.175838417,2.262865308,1168.59597,198.3492499,1366.94522,,,,,,,,,,,,,,,,,,,,,,,,,,,,,,,,,,,,,,,,,,,,,,,,
90,Chuba Hubbard,4241416,CAR,181.75,2026,"['RB', 'RB/WR', 'RB/WR/TE', 'OP', 'BE', 'IR']",193.0374801,45.62030758,4.225248819,0.29493912,155.0,77.0,38.0,31.0,15.0,38.0,19.0,0.391234073,0.273863851,1.552011506,0.053,4.017588856,17.88501581,1.497029223,0.090889997,0.049819637,0.032557133,60.0,30.0,15.0,12.0,6.0,41.14603747,0.128516902,0.00397475,52.23235166,7.389417974,0.385829118,0.008196625,1.535563303,0.327306102,1.862869405,0.706359119,0.183291417,0.889650537,0.889650537,17.0,43.13609597,17.22536318,,,,,,,,,,,,,,,,,,,,,,,,,,,,,,,,,,,,,,,,,,,,,,,,,,,,,,,,,0.03773052,,,,,,,,,,,336.9725775,,33.0,13.0,,,,,,,,,,,,,,,,,,,,,
91,Patrick Mahomes,3139477,KC,288.35,2026,"['QB', 'OP', 'BE', 'IR']",53.06966642,19.20192849,3.240603828,0.140264039,65.0,32.0,16.0,13.0,6.0,10.0,5.0,0.10013525,0.070094675,0.272665756,0.009305036,6.151023859,,,,,,,,,,,,,,,,1.302642639,0.027983369,0.528494139,,6.359856617,0.243107304,,3.042161293,14.71307197,17.0,18.73412475,,551.1557454,357.9537413,193.2020041,234.8563074,26.14041968,798.0,399.0,199.0,159.0,79.0,39.0,71.0,35.0,3.189565947,2.084381347,3.017205004,0.407545284,1.162378601,11.67091068,0.649460238,34.41075162,5.831362478,2.799053989,,,,,,,,,,,,,,,,,,,,,,,,,,,,,,,,,,,,,,,,,,,,,,,,,,,,,,,,,,,,,,,,,,,,,
92,Tony Pollard,3916148,TEN,188.9,2026,"['RB', 'RB/WR', 'RB/WR/TE', 'OP', 'BE', 'IR']",247.2567154,63.29352306,5.587313022,0.07500751,215.0,107.0,53.0,43.0,21.0,49.0,24.0,0.514535505,0.360174854,2.988746304,0.101994445,4.351711501,10.64394982,0.491147094,0.00773328,0.034019787,0.022231931,36.0,18.0,9.0,7.0,3.0,29.71025639,0.068066408,0.002105147,38.60938235,6.090393316,0.08274079,0.011764454,2.386927375,0.286812126,2.673739502,1.097986593,0.160614791,1.258601383,1.258601383,17.0,57.590119,10.81288728,,,,,,,,,,,,,,,,,,,,,,,,,,,,,,,,,,,,,,,,,,,,,,,,,,,,,,,,,,,,,,,,,,,,,,,,,,,,,,,,,,,,,,,,,,,,
93,Jake Ferguson,4242355,DAL,166.06,2026,"['WR/TE', 'TE', 'RB/WR/TE', 'OP', 'BE', 'IR']",,,,,,,,,,,,,,,,,35.24371575,5.839276873,0.208875721,0.066360016,0.043366271,119.0,59.0,29.0,23.0,11.0,73.20411308,0.627629902,0.019411234,96.11207419,8.184556066,0.208875721,0.006441962,,1.464082262,1.464082262,,0.819886066,0.819886066,0.819886066,17.0,,34.44571118,,,,,,,,,,,,,,,,,,,,,,,,,,,,,,,,,,,,,,,,,,,,,,,,,,,,,,,,,,,,,,,,,,,,,,,,,,,,,,,,,,,,,,,,,,,,
94,Brock Purdy,4361741,SF,291.51,2026,"['QB', 'OP', 'BE', 'IR']",65.41152362,16.31048742,3.503195449,0.173694765,55.0,27.0,13.0,11.0,5.0,13.0,6.0,0.124227989,0.086959592,0.196869414,0.00672,4.23898223,,,,,,,,,,,,,,,,1.552488847,0.0337164,0.796943374,,7.662818202,0.366593952,,3.66221387,17.5535024,17.0,18.01997712,,529.6085838,351.9252559,177.6833279,245.9177707,27.0730633,836.0,418.0,209.0,167.0,83.0,41.0,70.0,35.0,3.471880384,2.268873831,3.574836653,0.482866699,1.378794082,13.89128853,0.664500665,33.92873685,6.865874829,3.295619918,,,,,,,,,,,,,,,,,,,,,,,,,,,,,,,,,,,,,,,,,,,,,,,,,,,,,,,,,,,,,,,,,,,,,
95,Alec Pierce,4360078,IND,202.74,2026,"['RB/WR', 'WR', 'WR/TE', 'RB/WR/TE', 'OP', 'BE', 'IR']",,,,,,,,,,,,,,,,,60.36584428,5.580462357,0.443611375,0.28674988,0.187391047,205.0,102.0,51.0,41.0,20.0,67.45180966,2.682725324,0.082970886,115.2750815,15.21411149,0.443611375,0.004353314,,0.989389509,0.989389509,,0.554058125,0.554058125,0.554058125,17.0,,44.80582445,,,,,,,,,,,,,,,,,,,,,,,,,,,,,,,,,,,,,,,,,,,,,,,,,,,,,,,,,,,,,,,,,,,,,,,,,,,,,,,,,,,,,,,,,,,,
96,Trevor Lawrence,4360310,JAX,286.84,2026,"['QB', 'OP', 'BE', 'IR']",73.45208197,19.66558629,4.791031311,0.191320759,66.0,33.0,16.0,13.0,6.0,14.0,7.0,0.140087904,0.098061533,0.286344651,0.009771844,4.551470263,,,,,,,,,,,,,,,,1.217963444,0.035158574,0.874008876,,7.990585048,0.402044083,,3.818000646,16.81261692,17.0,21.39441244,,560.4611969,347.1904001,213.2707968,231.1060303,24.76880646,785.0,392.0,196.0,157.0,78.0,39.0,69.0,34.0,3.096777818,2.023744304,2.848999941,0.384825191,1.026642685,12.99461627,0.619472681,37.61892683,7.116576173,3.415956563,,,,,,,,,,,,,,,,,,,,,,,,,,,,,,,,,,,,,,,,,,,,,,,,,,,,,,,,,,,,,,,,,,,,,
97,Jaylen Warren,4569987,PIT,189.25,2026,"['RB', 'RB/WR', 'RB/WR/TE', 'OP', 'BE', 'IR']",179.9786309,46.44752116,4.450445127,0.149897647,157.0,78.0,39.0,31.0,15.0,35.0,17.0,0.36244454,0.253711178,1.609293452,0.054919011,4.38723117,18.75996751,1.454606296,0.044540088,0.044321081,0.028963827,63.0,31.0,15.0,12.0,6.0,46.07022442,0.139738568,0.004321811,56.6795834,6.922463515,0.194437735,0.008178727,1.479965788,0.378835841,1.858801628,0.680784262,0.212148071,0.892932333,0.892932333,17.0,42.98544271,18.74057188,,,,,,,,,,,,,,,,,,,,,,,,,,,,,,,,,,,,,,,,,,,,,,,,,,,,,,,,,0.016761063,,,,,,,,,,,149.6936342,,14.0,5.0,,,,,,,,,,,,,,,,,,,,,
98,Christian Watson,4248528,GB,184.69,2026,"['RB/WR', 'WR', 'WR/TE', 'RB/WR/TE', 'OP', 'BE', 'IR']",2.241139039,0.771297763,0.129019794,0.003514434,2.0,1.0,,,,,,0.004115061,0.002880542,0.00034874,1.19e-05,5.850624052,51.05055898,7.09199869,0.226551462,0.32557867,0.212765661,173.0,86.0,43.0,34.0,17.0,54.93565955,1.732882153,0.053594293,94.29521658,15.7977443,0.230065896,0.00418962,0.037322518,0.914863878,0.952186396,0.017168358,0.512323772,0.52949213,0.52949213,17.0,2.747063555,38.20412831,,,,,,,,,,,,,,,,,,,,,,,,,,,,,,,,,,,,,,,,,,,,,,,,,,,,,,,,,,,,,,,,,,,,,,,,,,,,,,,,,,,,,,,,,,,,
99,Justin Herbert,4038941,LAC,281.25,2026,"['QB', 'OP', 'BE', 'IR']",78.31006447,23.87636923,2.319570325,0.057970464,81.0,40.0,20.0,16.0,8.0,15.0,7.0,0.149732706,0.104812894,0.423,0.0144,5.183219802,,,,,,,,,,,,,,,,0.687623383,0.033573042,0.917757149,,7.630236786,0.422168289,,3.644158514,14.64914209,17.0,22.26410508,,527.8355596,345.3516326,182.483927,226.2488011,25.51251619,769.0,384.0,192.0,153.0,76.0,38.0,69.0,34.0,2.978208689,1.946259378,2.64207919,0.356875623,0.629652918,11.00498357,0.65427883,44.92458005,6.712479636,3.221990225,,,,,,,,,,,,,,,,,,,,,,,,,,,,,,,,,,,,,,,,,,,,,,,,,,,,,,,,,,,,,,,,,,,,,
100,Rico Dowdle,4038815,PIT,185.17,2026,"['RB', 'RB/WR', 'RB/WR/TE', 'OP', 'BE', 'IR']",222.8306859,57.2478698,5.487322107,0.184821214,194.0,97.0,48.0,38.0,19.0,44.0,22.0,0.458286216,0.320800351,2.44642252,0.0835,4.367503436,12.35384426,1.071960444,0.032824538,0.037673104,0.024619373,42.0,21.0,10.0,8.0,4.0,29.21719713,0.078375922,0.002423998,39.67570838,7.188073227,0.217645752,0.00882474,1.773132456,0.232490244,2.0056227,0.81564093,0.130194537,0.945835466,0.945835466,17.0,52.5613483,11.73959356,,,,,,,,,,,,,,,,,,,,,,,,,,,,,,,,,,,,,,,,,,,,,,,,,,,,,,,,,,,,,,,,,,,,,,,,,,,,,,,,,,,,,,,,,,,,
101,Brian Thomas Jr.,4432773,JAX,176.08,2026,"['RB/WR', 'WR', 'WR/TE', 'RB/WR/TE', 'OP', 'BE', 'IR']",4.016548347,1.358914049,0.163278629,0.006519063,4.0,2.0,1.0,,,,,0.007382102,0.005167471,0.00121178,4.14e-05,5.751589884,50.59359684,5.031962987,0.20776691,0.230988945,0.150951276,172.0,86.0,43.0,34.0,17.0,57.08321534,1.692450676,0.052343835,102.1017657,15.0673213,0.214285973,0.00244975,0.036600126,0.520161273,0.556761399,0.016836058,0.291290313,0.308126371,0.308126371,17.0,3.217763242,37.63702557,,,,,,,,,,,,,,,,,,,,,,,,,,,,,,,,,,,,,,,,,,,,,,,,,,,,,,,,,,,,,,,,,,,,,,,,,,,,,,,,,,,,,,,,,,,,
102,Tucker Kraft,4572680,GB,170.24,2026,"['WR/TE', 'TE', 'RB/WR/TE', 'OP', 'BE', 'IR']",2.241139039,0.497570818,0.135486416,0.003690582,1.0,,,,,,,0.004115061,0.002880542,0.000123225,4.21e-06,3.77428788,45.60023934,4.206692639,0.134352629,0.210554105,0.137597107,155.0,77.0,38.0,31.0,15.0,67.73425931,1.275821129,0.039458385,94.29521658,11.4447855,0.138043211,0.003351642,0.024396548,0.737340296,0.761736845,0.011222412,0.412910566,0.424132978,0.424132978,17.0,2.59476231,37.38643113,,,,,,,,,,,,,,,,,,,,,,,,,,,,,,,,,,,,,,,,,,,,,,,,,,,,,,,,,,,,,,,,,,,,,,,,,,,,,,,,,,,,,,,,,,,,
103,Bo Nix,4426338,DEN,293.66,2026,"['QB', 'OP', 'BE', 'IR']",82.26561378,20.91820264,3.943950833,0.241477446,71.0,35.0,17.0,14.0,7.0,16.0,8.0,0.157621571,0.1103351,0.324423614,0.011071333,4.322698494,,,,,,,,,,,,,,,,1.842171408,0.02831392,0.785289229,,6.43498184,0.361233045,,3.073085499,14.20246089,17.0,22.01737744,,564.7373362,363.7796664,200.9576698,227.8307004,26.38628593,774.0,387.0,193.0,154.0,77.0,38.0,72.0,36.0,3.016137921,1.971046131,2.704843172,0.365353391,1.600693962,11.1293754,0.64415728,27.11521081,5.649692611,2.711852453,,,,,,,,,,,,,,,,,,,,,,,,,,,,,,,,,,,,,,,,,,,,,,,,,,,,,,,,,,,,,,,,,,,,,
104,Ravens D/ST,-16033,BAL,119.94,2026,"['D/ST', 'BE', 'IR']",,,,,,,,,,,,,,,,,,,,,,,,,,,,,,,,,,,,,,,,,17.0,,,,,,,,,,,,,,,,,,,,,,,,,,,,,,,,,,,,,,,,,,,,,,,0.282539047,1.276531838,4.238085703,3.540248298,0.124945299,1.556312279,12.34541011,7.861476787,1.882722701,0.260004623,43.78124669,87.56249338,0.151384269,0.242636648,1.026730032,0.529582247,2.075278495,12.09457967,1024.575046,341.0,204.0,42.12455471,77.61905158,1525.287932,375.3285642,152.0,61.0,37.0,15.0,329.6354872,2.467961554,3.029635563,1.685022026,0.442531037,0.037444934,19.39032278,5506.465764,0.706665999,5.619271798,4.316622427,3.626984524,1.864576551,0.595983373,0.221365253,0.048530075,323.9097508,,
105,Eagles D/ST,-16021,PHI,106.69,2026,"['D/ST', 'BE', 'IR']",,,,,,,,,,,,,,,,,,,,,,,,,,,,,,,,,,,,,,,,,17.0,,,,,,,,,,,,,,,,,,,,,,,,,,,,,,,,,,,,,,,,,,,,,,,0.254378941,1.14853368,3.879491542,3.335001501,0.123332438,1.581818042,11.89899215,7.008455228,1.897393488,0.259793213,38.98999994,77.97999987,0.155914905,0.241930986,1.063970591,0.517847451,2.102996371,10.78223881,946.4364609,315.0,189.0,38.54421484,82.86458468,1587.715837,342.9814289,158.0,63.0,34.0,13.0,332.4523377,2.467220498,3.207386648,1.965268742,0.672104894,0.070613552,19.55601986,5569.946745,0.655384769,5.277124118,4.196164823,3.693986882,2.051269213,0.766034146,0.289390677,0.070645371,327.6439262,,
106,Jordyn Tyson,4880281,NO,187.73,2026,"['Rookie', 'RB/WR', 'WR', 'WR/TE', 'RB/WR/TE', 'OP', 'BE', 'IR']",,,,,,,,,,,,,,,,,53.97701714,5.006622242,0.261730452,0.226256344,0.147858521,183.0,91.0,45.0,36.0,18.0,67.51688236,2.009699162,0.062155644,109.4749562,13.59081254,0.261730452,0.00541408,,1.230472644,1.230472644,,0.689064681,0.689064681,0.689064681,17.0,,41.59096497,,,,,,,,,,,,,,,,,,,,,,,,,,,,,,,,,,,,,,,,,,,,,,,,,,,,,,,,,,,,,,,,,,,,,,,,,,,,,,,,,,,,,,,,,,,,
107,Makai Lemon,4870795,PHI,172.61,2026,"['Rookie', 'RB/WR', 'WR', 'WR/TE', 'RB/WR/TE', 'OP', 'BE', 'IR']",,,,,,,,,,,,,,,,,49.20016663,5.239501861,0.234844018,0.292842187,0.191372369,167.0,83.0,41.0,33.0,16.0,58.56163567,1.569525947,0.04854204,93.38207454,14.28243633,0.234844018,0.004695972,,1.067266263,1.067266263,,0.597669107,0.597669107,0.597669107,17.0,,37.40564142,,,,,,,,,,,,,,,,,,,,,,,,,,,,,,,,,,,,,,,,,,,,,,,,,,,,,,,,,0.051971635,,,,,,,,,,,464.160465,,46.0,18.0,,,,,,,,,,,,,,,,,,,,,
108,Parker Washington,4432620,JAX,185.11,2026,"['RB/WR', 'WR', 'WR/TE', 'RB/WR/TE', 'OP', 'BE', 'IR']",8.033096694,2.285597639,0.265717823,0.01060905,7.0,3.0,1.0,1.0,,1.0,,0.014796468,0.010357528,0.003625746,0.000123733,4.836884372,49.99510399,5.151492446,0.212695522,0.17699323,0.115665076,169.0,84.0,42.0,33.0,16.0,63.74322683,1.639458677,0.050704908,107.774086,13.33344435,0.223304572,0.006316316,0.160661934,1.274864537,1.43552647,0.07390449,0.71392414,0.78782863,0.78782863,17.0,4.070076027,38.92336981,,,,,,,,,,,,,,,,,,,,,,,,,,,,,,,,,,,,,,,,,,,,,,,,,,,,,,,,,,0.492040093,,,,,,,,,,,318.4708654,,,31.0,12.0,,,,,,,,,,,,,,,,,,,
109,Aaron Jones Sr.,3042519,MIN,188.28,2026,"['RB', 'RB/WR', 'RB/WR/TE', 'OP', 'BE', 'IR']",170.0739573,43.55693537,3.718172315,0.210995371,148.0,74.0,37.0,29.0,14.0,34.0,17.0,0.340827245,0.238579072,1.416304442,0.0483,4.353799446,20.24798324,2.080121371,0.122143805,0.045278984,0.029589816,68.0,34.0,17.0,13.0,6.0,47.01042761,0.1613114,0.004989012,60.83740876,7.322114104,0.333139176,0.010254063,1.825797112,0.50467164,2.330468753,0.839866672,0.282616118,1.12248279,1.12248279,17.0,40.17856506,19.90822991,,,,,,,,,,,,,,,,,,,,,,,,,,,,,,,,,,,,,,,,,,,,,,,,,,,,,,,,,,,,,,,,,,,,,,,,,,,,,,,,,,,,,,,,,,,,
110,Patriots D/ST,-16017,NE,103.06,2026,"['D/ST', 'BE', 'IR']",,,,,,,,,,,,,,,,,,,,,,,,,,,,,,,,,,,,,,,,,17.0,,,,,,,,,,,,,,,,,,,,,,,,,,,,,,,,,,,,,,,,,,,,,,,0.226235741,1.020612367,3.521112668,3.129877927,0.124160217,1.561794824,12.79107755,5.841722189,1.902288232,0.262257682,40.86580774,81.73161548,0.178177954,0.417277364,1.037040744,0.524754079,2.281410359,8.987264906,1026.906559,342.0,205.0,45.5725675,83.3628671,1591.313451,381.7575884,159.0,63.0,38.0,15.0,352.8504983,2.466479888,3.385031019,2.245347208,0.901540925,0.103762257,20.75591167,5726.084095,0.552914686,4.593445084,3.9554666,3.827870903,2.424318239,1.105829372,0.425318989,0.114836127,336.8284762,,
111,Jakobi Meyers,3916433,JAX,180.86,2026,"['RB/WR', 'WR', 'WR/TE', 'RB/WR/TE', 'OP', 'BE', 'IR']",6.02482252,1.877841167,0.28573267,0.011408163,6.0,3.0,1.0,1.0,,1.0,,0.011085252,0.007759676,0.0024,8.21e-05,5.298629087,45.08075339,5.178594781,0.213815695,0.11436147,0.074735221,153.0,76.0,38.0,30.0,15.0,69.81264014,1.237573187,0.038275459,107.774086,10.97756518,0.225223859,0.004841199,0.087409922,1.012862599,1.100272521,0.040208564,0.567203056,0.60741162,0.60741162,17.0,3.728931598,38.01405705,,,,,,,,,,,,,,,,,,,,,,,,,,,,,,,,,,,,,,,,,,,,,,,,,,,,,,,,,,,,,,,,,,,,,,,,,,,,,,,,,,,,,,,,,,,,
112,Rhamondre Stevenson,4569173,NE,190.35,2026,"['RB', 'RB/WR', 'RB/WR/TE', 'OP', 'BE', 'IR']",169.4711436,42.45311079,6.585680942,0.234215259,144.0,72.0,36.0,28.0,14.0,33.0,16.0,0.339541523,0.237679066,1.348070301,0.046004467,4.258559116,18.43444297,1.858695129,0.071334894,0.08988227,0.058738063,62.0,31.0,15.0,12.0,6.0,38.2924025,0.135418971,0.004188216,46.68934861,8.184013278,0.305550153,0.010498167,1.94619877,0.439748178,2.385946949,0.895251434,0.24625898,1.141510414,1.141510414,17.0,41.64606827,16.98038429,,,,,,,,,,,,,,,,,,,,,,,,,,,,,,,,,,,,,,,,,,,,,,,,,,,,,,,,,,,,,,,,,,,,,,,,,,,,,,,,,,,,,,,,,,,,
113,J.K. Dobbins,4241985,DEN,170.72,2026,"['RB', 'RB/WR', 'RB/WR/TE', 'OP', 'BE', 'IR']",212.7273516,58.48911159,6.77060254,0.414463334,198.0,99.0,49.0,39.0,19.0,42.0,21.0,0.435403637,0.304782546,2.56,0.0874,4.674128124,6.164002078,0.661778063,0.040158478,0.034873964,0.022790136,20.0,10.0,5.0,4.0,2.0,17.10916193,0.044850921,0.001387142,22.5990597,6.124673773,0.454621812,0.004326442,0.910086244,0.073196102,0.983282346,0.418639672,0.040989817,0.459629489,0.459629489,17.0,53.61671216,5.910286396,,,,,,,,,,,,,,,,,,,,,,,,,,,,,,,,,,,,,,,,,,,,,,,,,,,,,,,,,,,,,,,,,,,,,,,,,,,,,,,,,,,,,,,,,,,,
114,Wan'Dale Robinson,4569587,TEN,173.16,2026,"['RB/WR', 'WR', 'WR/TE', 'RB/WR/TE', 'OP', 'BE', 'IR']",4.053388777,1.318870929,0.148713648,0.001996423,4.0,2.0,1.0,,,,,0.007449949,0.005214964,0.00113,3.87e-05,5.531373136,48.08251074,1.908731898,0.029964606,0.110149353,0.071982602,163.0,81.0,40.0,32.0,16.0,78.85118871,1.475852666,0.045644928,115.8281471,10.36639645,0.031961029,0.004475935,0.049736004,0.967522051,1.017258055,0.022878562,0.541812348,0.56469091,0.56469091,17.0,3.186158026,40.1443462,,,,,,,,,,,,,,,,,,,,,,,,,,,,,,,,,,,,,,,,,,,,,,,,,,,,,,,,,,,,,,,,,,,,,,,,,,,,,,,,,,,,,,,,,,,,
115,Matthew Golden,4701936,GB,184.9,2026,"['RB/WR', 'WR', 'WR/TE', 'RB/WR/TE', 'OP', 'BE', 'IR']",4.482278077,1.463655115,0.16835646,0.004585945,4.0,2.0,1.0,,,,,0.008240169,0.005768119,0.001421252,4.85e-05,5.551225632,51.29058043,4.728189887,0.150985978,0.22088142,0.144346008,174.0,87.0,43.0,34.0,17.0,66.78146761,1.75502918,0.054279253,104.7724629,13.05661433,0.155571923,0.005714535,0.081688022,1.217069956,1.298757978,0.03757649,0.681559175,0.719135665,0.719135665,17.0,3.309965805,40.05010076,,,,,,,,,,,,,,,,,,,,,,,,,,,,,,,,,,,,,,,,,,,,,,,,,,,,,,,,,,0.137952162,,,,,,,,,,,137.9521616,,,13.0,5.0,,,,,,,,,,,,,,,,,,,
116,Michael Wilson,4360761,ARI,176.63,2026,"['RB/WR', 'WR', 'WR/TE', 'RB/WR/TE', 'OP', 'BE', 'IR']",,,,,,,,,,,,,,,,,50.63383734,3.414719775,0.187646672,0.14440383,0.094367903,172.0,86.0,43.0,34.0,17.0,70.60865757,1.69591873,0.052451095,114.5708132,12.19078884,0.187646672,0.003399316,,0.772571786,0.772571786,,0.4326402,0.4326402,0.4326402,17.0,,40.07746837,,,,,,,,,,,,,,,,,,,,,,,,,,,,,,,,,,,,,,,,,,,,,,,,,,,,,,,,,,,,,,,,,,,,,,,,,,,,,,,,,,,,,,,,,,,,
117,Kenny Gainwell,4371733,TB,177.73,2026,"['RB', 'RB/WR', 'RB/WR/TE', 'OP', 'BE', 'IR']",117.866651,30.73325644,4.60889886,0.421219492,104.0,52.0,26.0,20.0,10.0,23.0,11.0,0.230047359,0.161033152,0.703226375,0.024,4.432681807,20.14444166,2.049101024,0.177783819,0.038503179,0.025161827,68.0,34.0,17.0,13.0,6.0,52.13564215,0.159799758,0.004942261,63.9900449,6.568548771,0.599003311,0.007143032,1.125553346,0.497863017,1.623416363,0.517754539,0.278803289,0.796557829,0.796557829,17.0,30.30991733,21.015211,,,,,,,,,,,,,,,,,,,,,,,,,,,,,,,,,,,,,,,,,,,,,,,,,,,,,,,,,,,,,,,,,,,,,,,,,,,,,,,,,,,,,,,,,,,,
118,Kyle Monangai,4608686,CHI,175.32,2026,"['RB', 'RB/WR', 'RB/WR/TE', 'OP', 'BE', 'IR']",191.9955972,48.57839666,6.482344138,0.382821502,165.0,82.0,41.0,33.0,16.0,38.0,19.0,0.388940073,0.272258051,1.760545057,0.0601,4.301310838,12.65486502,1.280659021,0.085094589,0.055093583,0.036003656,43.0,21.0,10.0,8.0,4.0,25.6570248,0.080352165,0.002485119,35.98452136,8.384943577,0.467916091,0.0041,0.821392033,0.109765412,0.931157445,0.377840335,0.061468631,0.439308966,0.439308966,17.0,46.45344094,11.15456951,,,,,,,,,,,,,,,,,,,,,,,,,,,,,,,,,,,,,,,,,,,,,,,,,,,,,,,,,,,,,,,,,,,,,,,,,,,,,,,,,,,,,,,,,,,,
119,RJ Harvey,4568490,DEN,166.26,2026,"['RB', 'RB/WR', 'RB/WR/TE', 'OP', 'BE', 'IR']",106.3636758,25.36331584,3.866704768,0.236700846,86.0,43.0,21.0,17.0,8.0,21.0,10.0,0.20638136,0.144466952,0.480082906,0.0164,4.053793422,21.51589586,2.550416951,0.154787515,0.052527009,0.034326401,73.0,36.0,18.0,14.0,7.0,48.79578704,0.182794497,0.005653438,62.14741417,7.495938723,0.391488362,0.004458338,0.69460095,0.31865766,1.01325861,0.319516437,0.17844829,0.497964727,0.497964727,17.0,25.97536589,21.10187236,,,,,,,,,,,,,,,,,,,,,,,,,,,,,,,,,,,,,,,,,,,,,,,,,,,,,,,,,0.025229887,,,,,,,,,,,225.3289949,,22.0,9.0,,,,,,,,,,,,,,,,,,,,,
120,Rachaad White,4697815,WSH,172.93,2026,"['RB', 'RB/WR', 'RB/WR/TE', 'OP', 'BE', 'IR']",134.7005458,33.33563792,5.074433842,0.298949043,113.0,56.0,28.0,22.0,11.0,26.0,13.0,0.265159707,0.185611795,0.82824969,0.028264984,4.207153291,17.24552744,1.85882472,0.145780926,0.045915032,0.030005474,58.0,29.0,14.0,11.0,5.0,46.66983798,0.121005981,0.003742453,51.60491058,6.281872386,0.444729968,0.00573597,0.968182314,0.335447132,1.303629445,0.445363864,0.187850394,0.633214258,0.633214258,17.0,33.17348146,18.33257541,,,,,,,,,,,,,,,,,,,,,,,,,,,,,,,,,,,,,,,,,,,,,,,,,,,,,,,,,,,,,,,,,,,,,,,,,,,,,,,,,,,,,,,,,,,,
121,Eddy Pineiro,4034949,SF,155.33,2026,"['K', 'BE', 'IR']",,,,,,,,,,,,,,,,,,,,,,,,,,,,,,,,,,,,,,,,,17.0,,,,,,,,,,,,,,,,,,,,,,,,,,6.312633681,8.5850884,2.272454719,8.303518278,9.8115296,1.508011322,17.49843018,17.675182,0.17675182,32.11458214,36.0718,3.957217861,42.01580613,42.87327156,0.857465431,6.312633681,8.5850884,2.272454719,1239.493447,195.8756189,1435.369066,,,,,,,,,,,,,,,,,,,,,,,,,,,,,,,,,,,,,,,,,,,,,,,,
122,Isaiah Likely,4361050,NYG,156.07,2026,"['WR/TE', 'TE', 'RB/WR/TE', 'OP', 'BE', 'IR']",,,,,,,,,,,,,,,,,40.26090538,4.153681657,0.22215083,0.184824536,0.120782834,136.0,68.0,34.0,27.0,13.0,63.73148642,0.905533706,0.028006197,86.07807207,10.73936024,0.22215083,0.004129046,,0.938419556,0.938419556,,0.525514952,0.525514952,0.525514952,17.0,,33.94934605,,,,,,,,,,,,,,,,,,,,,,,,,,,,,,,,,,,,,,,,,,,,,,,,,,,,,,,,,,,,,,,,,,,,,,,,,,,,,,,,,,,,,,,,,,,,
123,Jordan Addison,4429205,MIN,170.04,2026,"['RB/WR', 'WR', 'WR/TE', 'RB/WR/TE', 'OP', 'BE', 'IR']",2.024689968,0.848865391,0.115197479,0.006537119,2.0,1.0,,,,,,0.003717189,0.002602032,0.000432665,1.48e-05,7.127368573,45.30889062,5.184796596,0.304315325,0.163684779,0.106968003,154.0,77.0,38.0,30.0,15.0,60.48793481,1.253399475,0.038764932,99.55212343,12.73396328,0.310852444,0.003508957,0.025829509,0.771660695,0.797490204,0.011881574,0.432129989,0.444011563,0.444011563,17.0,2.768133651,35.99813445,,,,,,,,,,,,,,,,,,,,,,,,,,,,,,,,,,,,,,,,,,,,,,,,,,,,,,,,,,,,,,,,,,,,,,,,,,,,,,,,,,,,,,,,,,,,
124,Chris Godwin Jr.,3116165,TB,157.53,2026,"['RB/WR', 'WR', 'WR/TE', 'RB/WR/TE', 'OP', 'BE', 'IR']",,,,,,,,,,,,,,,,,41.26170364,4.57095807,0.396470674,0.163404314,0.106784719,140.0,70.0,35.0,28.0,14.0,60.4023645,0.968476968,0.029952896,90.65256361,11.61293879,0.396470674,0.004389641,,0.99764561,0.99764561,,0.558681542,0.558681542,0.558681542,17.0,,33.83032777,,,,,,,,,,,,,,,,,,,,,,,,,,,,,,,,,,,,,,,,,,,,,,,,,,,,,,,,,,,,,,,,,,,,,,,,,,,,,,,,,,,,,,,,,,,,
125,Mark Andrews,3116365,BAL,168.3,2026,"['WR/TE', 'TE', 'RB/WR/TE', 'OP', 'BE', 'IR']",9.754035471,2.042801956,0.672192335,0.017405911,6.0,3.0,1.0,1.0,,1.0,,0.017983013,0.012588109,0.00286,9.77e-05,3.560334935,36.359413,7.125646719,0.234901565,0.132204443,0.086395604,123.0,61.0,30.0,24.0,12.0,57.99161539,0.683586444,0.021141849,83.95820119,10.65861016,0.252307476,0.004072102,0.133250509,0.792227206,0.925477715,0.061295234,0.443647235,0.504942469,0.504942469,17.0,4.338288779,32.02732944,,,,,,,,,,,,,,,,,,,,,,,,,,,,,,,,,,,,,,,,,,,,,,,,,,,,,,,,,,,,,,,,,,,,,,,,,,,,,,,,,,,,,,,,,,,,
126,Blake Corum,4429096,LAR,157.94,2026,"['RB', 'RB/WR', 'RB/WR/TE', 'OP', 'BE', 'IR']",181.9563311,49.26675918,7.325388579,0.109858749,167.0,83.0,41.0,33.0,16.0,36.0,18.0,0.366788732,0.256752112,1.81376056,0.061896689,4.602944569,6.887682183,0.611621338,0.008334275,0.037296209,0.024373073,23.0,11.0,5.0,4.0,2.0,16.68861302,0.048604326,0.001503227,22.48679516,7.01619703,0.118193024,0.003739292,0.77844223,0.071396917,0.849839147,0.358083426,0.039982274,0.398065699,0.398065699,17.0,46.86714194,6.133175968,,,,,,,,,,,,,,,,,,,,,,,,,,,,,,,,,,,,,,,,,,,,,,,,,,,,,,,,,0.027628459,,,,,,,,,,,304.8657509,,30.0,12.0,,,,,,,,,,,,,,,,,,,,,
127,Xavier Worthy,4683062,KC,171.39,2026,"['RB/WR', 'WR', 'WR/TE', 'RB/WR/TE', 'OP', 'BE', 'IR']",12.36183508,4.465712311,0.593356661,0.025671932,15.0,7.0,3.0,3.0,1.0,2.0,1.0,0.022823448,0.015976414,0.014408056,0.000492,6.141249157,46.3421822,4.586542159,0.205196791,0.243542308,0.159154898,157.0,78.0,39.0,31.0,15.0,55.50013348,1.333811799,0.041251911,92.40072305,14.19486852,0.230868722,0.002720876,0.112645159,0.505735703,0.618380863,0.051816773,0.283211994,0.335028767,0.335028767,17.0,5.828724624,35.10101469,,,,,,,,,,,,,,,,,,,,,,,,,,,,,,,,,,,,,,,,,,,,,,,,,,,,,,,,,,,,,,,,,,,,,,,,,,,,,,,,,,,,,,,,,,,,
128,Khalil Shakir,4373678,BUF,170.49,2026,"['RB/WR', 'WR', 'WR/TE', 'RB/WR/TE', 'OP', 'BE', 'IR']",2.306879735,0.73482874,0.126144313,0.006010051,2.0,1.0,,,,,,0.004235923,0.002965146,0.00031271,1.07e-05,5.415145142,45.01118843,3.702592017,0.297595659,0.220179926,0.143887581,153.0,76.0,38.0,30.0,15.0,70.09487927,1.230578628,0.038059133,92.06448197,10.91649221,0.303605709,0.004728679,0.034242304,1.040457434,1.074699738,0.01575146,0.582656163,0.598407623,0.598407623,17.0,2.727980236,37.44221652,,,,,,,,,,,,,,,,,,,,,,,,,,,,,,,,,,,,,,,,,,,,,,,,,,,,,,,,,,0.1634424,,,,,,,,,,,166.469111,,,16.0,6.0,,,,,,,,,,,,,,,,,,,
129,Josh Downs,4688813,IND,173.38,2026,"['RB/WR', 'WR', 'WR/TE', 'RB/WR/TE', 'OP', 'BE', 'IR']",2.097207465,0.633340071,0.086684965,0.004250083,2.0,1.0,,,,,,0.003850478,0.002695334,0.000221021,7.54e-06,5.133865574,44.71956141,2.874376608,0.228277963,0.101422706,0.066279739,152.0,76.0,38.0,30.0,15.0,78.83298192,1.21055778,0.037439931,110.035305,9.643584771,0.232528046,0.004963294,0.029231305,1.098790164,1.128021469,0.0134464,0.615322492,0.628768892,0.628768892,17.0,2.627569406,38.95853525,,,,,,,,,,,,,,,,,,,,,,,,,,,,,,,,,,,,,,,,,,,,,,,,,,,,,,,,,,0.090815762,,,,,,,,,,,110.4925106,,,11.0,4.0,,,,,,,,,,,,,,,,,,,
130,Quentin Johnston,4429025,LAC,164.35,2026,"['RB/WR', 'WR', 'WR/TE', 'RB/WR/TE', 'OP', 'BE', 'IR']",2.079721306,0.635360306,0.085075995,0.002125562,2.0,1.0,,,,,,0.003818343,0.00267284,0.000223412,7.62e-06,5.193544526,45.51970468,5.605715126,0.138797749,0.248897511,0.162654524,154.0,77.0,38.0,30.0,15.0,52.79210623,1.270010884,0.039278687,90.28107484,14.65815696,0.140923312,0.003529613,0.030403956,0.771780764,0.80218472,0.01398582,0.432197228,0.446183048,0.446183048,17.0,2.626467212,34.51494972,,,,,,,,,,,,,,,,,,,,,,,,,,,,,,,,,,,,,,,,,,,,,,,,,,,,,,,,,,,,,,,,,,,,,,,,,,,,,,,,,,,,,,,,,,,,
131,Jonathon Brooks,4678008,CAR,161.55,2026,"['RB', 'RB/WR', 'RB/WR/TE', 'OP', 'BE', 'IR']",176.6087584,43.62259631,3.986496752,0.278273279,148.0,74.0,37.0,29.0,14.0,35.0,17.0,0.355039358,0.24852755,1.418611265,0.0484,4.199022427,14.70007329,1.326501305,0.08054163,0.055100266,0.036008024,49.0,24.0,12.0,9.0,4.0,32.60674649,0.095842726,0.002964208,41.78588133,7.664096326,0.35881491,0.007876545,1.511128685,0.278995166,1.790123851,0.695119195,0.156237293,0.851356488,0.851356488,17.0,40.81330149,13.71616586,,,,,,,,,,,,,,,,,,,,,,,,,,,,,,,,,,,,,,,,,,,,,,,,,,,,,,,,,,,,,,,,,,,,,,,,,,,,,,,,,,,,,,,,,,,,
132,Ricky Pearsall,4428209,SF,58.33,2026,"['RB/WR', 'WR', 'WR/TE', 'RB/WR/TE', 'OP', 'BE', 'IR']",4.422836727,1.438995362,0.167273819,0.008291052,4.0,2.0,1.0,,,,,0.008130654,0.005691458,0.00138,4.7e-05,5.531047755,16.00048991,1.311127077,0.067172228,0.235739887,0.154056016,54.0,27.0,13.0,10.0,5.0,20.69246412,0.108227466,0.003347241,32.21592241,13.14528453,0.07546328,0.001611167,0.064483778,0.301690601,0.36617438,0.029662538,0.168946737,0.198609275,0.198609275,17.0,3.291392487,11.60384791,,,,,,,,,,,,,,,,,,,,,,,,,,,,,,,,,,,,,,,,,,,,,,,,,,,,,,,,,,,,,,,,,,,,,,,,,,,,,,,,,,,,,,,,,,,,
133,KC Concepcion,4870653,CLE,161.89,2026,"['Rookie', 'RB/WR', 'WR', 'WR/TE', 'RB/WR/TE', 'OP', 'BE', 'IR']",6.375633595,2.050591635,0.203467387,0.012338513,6.0,3.0,1.0,1.0,,1.0,,0.01173292,0.008213044,0.002886435,9.85e-05,5.46770094,45.32803409,3.281409911,0.233308395,0.172450152,0.112696174,154.0,77.0,38.0,30.0,15.0,61.28059156,1.260793021,0.038993599,98.32092111,12.5745617,0.245646908,0.005425253,0.116193794,1.116818326,1.23301212,0.053449145,0.625418263,0.678867408,0.678867408,17.0,3.788076143,35.4094569,,,,,,,,,,,,,,,,,,,,,,,,,,,,,,,,,,,,,,,,,,,,,,,,,,,,,,,,,,0.088815319,,,,,,,,,,,88.8153185,,,8.0,3.0,,,,,,,,,,,,,,,,,,,
134,Jake Bates,4689936,DET,145.94,2026,"['K', 'BE', 'IR']",,,,,,,,,,,,,,,,,,,,,,,,,,,,,,,,,,,,,,,,,17.0,,,,,,,,,,,,,,,,,,,,,,,,,,5.391328332,7.719768,2.328439668,7.140825806,8.822592,1.681766194,15.29571459,15.89364,0.597925415,27.82786872,32.436,4.608131276,49.14495617,50.90739145,1.762435281,5.391328332,7.719768,2.328439668,1071.340329,219.3529832,1290.693312,,,,,,,,,,,,,,,,,,,,,,,,,,,,,,,,,,,,,,,,,,,,,,,,
135,Jayden Reed,4362249,GB,169.38,2026,"['RB/WR', 'WR', 'WR/TE', 'RB/WR/TE', 'OP', 'BE', 'IR']",8.964556155,3.817959053,0.414358308,0.011286911,12.0,6.0,3.0,2.0,1.0,1.0,,0.016520531,0.011564372,0.010435934,0.000356138,7.24021388,42.86939721,4.404224321,0.140651825,0.206556238,0.134984501,145.0,72.0,36.0,29.0,14.0,63.44367682,1.076368239,0.033289739,89.05659344,11.48703526,0.151938737,0.006371925,0.179291123,1.268873536,1.448164659,0.082473917,0.71056918,0.793043097,0.793043097,17.0,5.117068362,35.20903912,,,,,,,,,,,,,,,,,,,,,,,,,,,,,,,,,,,,,,,,,,,,,,,,,,,,,,,,,,0.044144692,,,,,,,,,,,47.52674472,,,4.0,1.0,,,,,,,,,,,,,,,,,,,
136,Jacory Croskey-Merritt,4575131,WSH,150.11,2026,"['RB', 'RB/WR', 'RB/WR/TE', 'OP', 'BE', 'IR']",195.9280667,49.77731449,7.44378808,0.438534305,169.0,84.0,42.0,33.0,16.0,39.0,19.0,0.39767473,0.278372311,1.849636645,0.0631,4.319005239,5.138542403,0.471085969,0.03692073,0.044946784,0.029372723,17.0,8.0,4.0,3.0,1.0,12.52812977,0.039265832,0.001214407,15.48147318,6.972726372,0.475455035,0.013893623,2.96786875,0.189772938,3.157641688,1.365219625,0.106272845,1.47149247,1.47149247,17.0,48.09730056,4.307412485,,,,,,,,,,,,,,,,,,,,,,,,,,,,,,,,,,,,,,,,,,,,,,,,,,,,,,,,,,,,,,,,,,,,,,,,,,,,,,,,,,,,,,,,,,,,
137,Harrison Butker,3055899,KC,148.39,2026,"['K', 'BE', 'IR']",,,,,,,,,,,,,,,,,,,,,,,,,,,,,,,,,,,,,,,,,17.0,,,,,,,,,,,,,,,,,,,,,,,,,,5.983672207,8.489103,2.505430793,7.915385874,9.701832,1.786446126,16.93340229,17.477565,0.544162708,30.83246037,35.6685,4.836039626,40.84869838,42.03124436,1.182545986,5.983672207,8.489103,2.505430793,1187.312732,232.0082197,1419.320952,,,,,,,,,,,,,,,,,,,,,,,,,,,,,,,,,,,,,,,,,,,,,,,,
138,Romeo Doubs,4361432,NE,160.06,2026,"['RB/WR', 'WR', 'WR/TE', 'RB/WR/TE', 'OP', 'BE', 'IR']",,,,,,,,,,,,,,,,,42.02377822,5.616418291,0.215493024,0.25220441,0.164815582,142.0,71.0,35.0,28.0,14.0,56.01677313,1.019173726,0.031520837,83.00328641,12.75339849,0.215493024,0.004354724,,0.989710072,0.989710072,,0.554237641,0.554237641,0.554237641,17.0,,33.61546734,,,,,,,,,,,,,,,,,,,,,,,,,,,,,,,,,,,,,,,,,,,,,,,,,,,,,,,,,,,,,,,,,,,,,,,,,,,,,,,,,,,,,,,,,,,,
139,Travis Hunter,4685415,JAX,111.41,2026,"['RB/WR', 'WR', 'WR/TE', 'RB/WR/TE', 'OP', 'BE', 'IR', 'CB', 'DB', 'DP']",2.008274173,0.634067454,0.073441888,0.002932241,2.0,1.0,,,,,,0.003687018,0.002580912,0.000221351,7.55e-06,5.367368088,29.18568347,3.299702705,0.136240564,0.127249008,0.083157227,99.0,49.0,24.0,19.0,9.0,41.62045348,0.377716782,0.011681962,68.06784377,11.92098061,0.139172805,0.003498524,0.036600126,0.758518872,0.795118998,0.016836058,0.424770568,0.441606627,0.441606627,17.0,2.612711212,23.36831711,,,,,,,,,,,,,,,,,,,,,,,,,,,,,,,,,,,,,,,,,,,,,,,,,0.007388491,0.160602472,0.889832578,0.281383154,0.05171944,0.005444152,0.036218785,0.07243757,,,0.138825866,0.021776606,0.167990964,0.432897159,62.20249064,20.0,12.0,1.860232664,8.3320883,,,,,,,,,,,,,,,,,,,,,,,,17.25273847,44.94975217
140,Kenyon Sadiq,5083315,NYJ,162.22,2026,"['Rookie', 'WR/TE', 'TE', 'RB/WR/TE', 'OP', 'BE', 'IR']",,,,,,,,,,,,,,,,,40.71621583,4.304396653,0.524906563,0.158406974,0.103518958,138.0,69.0,34.0,27.0,13.0,67.24456588,0.933937503,0.028884665,90.25273766,10.29340676,0.524906563,0.003618226,,0.822324128,0.822324128,,0.460501512,0.460501512,0.460501512,17.0,,35.02516892,,,,,,,,,,,,,,,,,,,,,,,,,,,,,,,,,,,,,,,,,,,,,,,,,,,,,,,,,,,,,,,,,,,,,,,,,,,,,,,,,,,,,,,,,,,,
141,T.J. Hockenson,4036133,MIN,157.28,2026,"['WR/TE', 'TE', 'RB/WR/TE', 'OP', 'BE', 'IR']",,,,,,,,,,,,,,,,,37.61147211,2.819822648,0.165435049,0.073872513,0.048275688,127.0,63.0,31.0,25.0,12.0,77.69111084,0.749565706,0.023182445,99.55212343,8.229963749,0.165435049,0.002676174,,0.608221474,0.608221474,,0.340604025,0.340604025,0.340604025,17.0,,35.34373239,,,,,,,,,,,,,,,,,,,,,,,,,,,,,,,,,,,,,,,,,,,,,,,,,,,,,,,,,,,,,,,,,,,,,,,,,,,,,,,,,,,,,,,,,,,,
142,Woody Marks,4429059,HOU,126.56,2026,"['RB', 'RB/WR', 'RB/WR/TE', 'OP', 'BE', 'IR']",142.9398154,34.06937055,2.951429181,0.213587218,115.0,57.0,28.0,23.0,11.0,28.0,14.0,0.282550509,0.197785356,0.864,0.0295,4.051910224,11.82462782,1.345114069,0.088521867,0.059617269,0.038959885,40.0,20.0,10.0,8.0,4.0,24.13713834,0.074989936,0.002319276,32.91475552,8.328189947,0.302109085,0.006027953,1.172070785,0.197918506,1.369989291,0.539152561,0.110834363,0.649986924,0.649986924,17.0,32.51250971,10.44528428,,,,,,,,,,,,,,,,,,,,,,,,,,,,,,,,,,,,,,,,,,,,,,,,,,,,,,,,,0.050617674,,,,,,,,,,,452.0681896,,45.0,18.0,,,,,,,,,,,,,,,,,,,,,
143,Zach Charbonnet,4426385,SEA,132.98,2026,"['RB', 'RB/WR', 'RB/WR/TE', 'OP', 'BE', 'IR']",136.5950319,50.45985699,6.864490883,0.196128144,111.0,55.0,27.0,22.0,11.0,27.0,13.0,0.27935544,0.195548808,1.233707098,0.04210169,4.063533053,13.18743821,0.442657297,0.016098368,0.02817939,0.018415232,29.0,14.0,7.0,5.0,2.0,20.33089958,0.05439475,0.001682312,26.15045929,7.1350419,0.212226511,0.002953974,0.584378353,0.086979281,0.671357634,0.268814043,0.048708397,0.31752244,0.31752244,11.0,33.49849903,8.071397847,,,,,,,,,,,,,,,,,,,,,,,,,,,,,,,,,,,,,,,,,,,,,,,,,,,,,,,,,,,,,,,,,,,,,,,,,,,,,,,,,,,,,,,,,,,,
144,Jaguars D/ST,-16030,JAX,81.51,2026,"['D/ST', 'BE', 'IR']",,,,,,,,,,,,,,,,,,,,,,,,,,,,,,,,,,,,,,,,,17.0,,,,,,,,,,,,,,,,,,,,,,,,,,,,,,,,,,,,,,,,,,,,,,,0.113831701,0.509694183,2.089746152,2.310613632,0.12658649,1.59361712,12.62194612,6.598763727,1.85677034,0.26374574,41.48756538,82.97513075,0.166008774,0.548072201,1.063330746,0.530286373,2.434284586,10.1519442,1036.864398,345.0,207.0,40.54187158,99.1095909,1701.597935,374.5029735,170.0,68.0,37.0,14.0,388.2118351,2.463521887,4.094543274,3.363981611,1.817909254,0.236158305,22.8359903,5893.195624,0.425,3.74,3.655,3.995,2.89,1.53,0.595,0.17,346.6585661,,
145,Browns D/ST,-16005,CLE,103.54,2026,"['D/ST', 'BE', 'IR']",,,,,,,,,,,,,,,,,,,,,,,,,,,,,,,,,,,,,,,,,17.0,,,,,,,,,,,,,,,,,,,,,,,,,,,,,,,,,,,,,,,,,,,,,,,0.23561493,1.063244271,3.640548384,3.198238767,0.125966988,1.584401685,11.38760154,6.894723855,1.822618984,0.26118608,41.06212548,82.12425096,0.160920792,0.266445956,1.056780205,0.52762148,2.13773542,10.60726747,1026.411591,342.0,205.0,54.65212241,71.86404853,1502.536287,251.0266294,150.0,60.0,25.0,10.0,341.0286601,2.466726709,3.32582808,2.152006404,0.825077554,0.0927149,20.06050942,5677.878922,0.629755707,5.106127353,4.135963156,3.727472968,2.144573488,0.851021225,0.323388066,0.081698038,333.9928778,,
146,Alvin Kamara,3054850,NO,125.69,2026,"['RB', 'RB/WR', 'RB/WR/TE', 'OP', 'BE', 'IR']",124.6488118,29.39046678,2.293420503,0.115926104,99.0,49.0,24.0,19.0,9.0,24.0,12.0,0.244129486,0.17089064,0.643279339,0.022,4.008365006,13.6762338,0.932980329,0.048792016,0.037864435,0.024744408,46.0,23.0,11.0,9.0,4.0,35.25281718,0.087637753,0.002710446,43.7899825,6.595103403,0.16471812,0.005878495,1.041474667,0.294546859,1.336021527,0.479078347,0.164946241,0.644024588,0.644024588,17.0,28.22498662,13.67840664,,,,,,,,,,,,,,,,,,,,,,,,,,,,,,,,,,,,,,,,,,,,,,,,,,,,,,,,,,,,,,,,,,,,,,,,,,,,,,,,,,,,,,,,,,,,
147,Lions D/ST,-16008,DET,109.49,2026,"['D/ST', 'BE', 'IR']",,,,,,,,,,,,,,,,,,,,,,,,,,,,,,,,,,,,,,,,,17.0,,,,,,,,,,,,,,,,,,,,,,,,,,,,,,,,,,,,,,,,,,,,,,,0.244995997,1.105884708,3.760008006,3.266613291,0.12506219,1.570134927,12.31787764,8.931448425,1.772947468,0.257472984,39.6207317,79.2414634,0.138101883,0.228018529,1.04550499,0.524629937,2.061317528,13.74068989,1010.237441,336.0,202.0,33.55228851,78.05285267,1491.135443,257.4209183,149.0,59.0,25.0,10.0,335.69038,2.466973579,3.266613291,2.058646918,0.748598879,0.081665332,19.74649294,5687.876518,0.604134341,4.935181941,4.075779569,3.760948996,2.237849742,0.935982782,0.357375244,0.092747385,334.5809716,,
148,Jordan Mason,4360569,MIN,128.77,2026,"['RB', 'RB/WR', 'RB/WR/TE', 'OP', 'BE', 'IR']",161.9751975,44.07755546,5.434732121,0.308405104,149.0,74.0,37.0,29.0,14.0,32.0,16.0,0.323285461,0.226299823,1.450162615,0.049488486,4.626130757,4.904749304,0.336141619,0.019732891,0.034849814,0.022774353,16.0,8.0,4.0,3.0,1.0,13.40078517,0.037933451,0.0011732,16.59202057,6.222078565,0.328137995,0.009245718,1.940735603,0.160563971,2.101299574,0.892738377,0.089915824,0.982654201,0.982654201,17.0,41.26507939,4.341537933,,,,,,,,,,,,,,,,,,,,,,,,,,,,,,,,,,,,,,,,,,,,,,,,,,,,,,,,,,,,,,,,,,,,,,,,,,,,,,,,,,,,,,,,,,,,
149,Jared Goff,3046779,DET,266.85,2026,"['QB', 'OP', 'BE', 'IR']",27.21386581,2.915523014,0.682683636,0.01285397,9.0,4.0,2.0,1.0,,5.0,2.0,0.050646807,0.035452765,0.006,0.000205,1.821273449,,,,,,,,,,,,,,,,0.649185388,0.031641237,0.322770941,,7.191190137,0.148474633,,3.445315847,13.33984809,17.0,5.907801451,,543.9799721,371.4518124,172.5281597,247.6443923,28.98664572,841.0,420.0,210.0,168.0,84.0,42.0,74.0,37.0,3.516136188,2.297794999,3.663111582,0.494790327,0.636331418,9.894532247,0.682840971,35.11874726,6.868419197,3.296841214,,,,,,,,,,,,,,,,,,,,,,,,,,,,,,,,,,,,,,,,,,,,,,,,,,,,,,,,,,,,,,,,,,,,,
150,Isiah Pacheco,4361529,DET,123.3,2026,"['RB', 'RB/WR', 'RB/WR/TE', 'OP', 'BE', 'IR']",148.561167,37.65164648,4.535019033,0.085384829,128.0,64.0,32.0,25.0,12.0,29.0,14.0,0.294498437,0.206148906,1.055312563,0.036013769,4.308514824,6.7336694,0.791278576,0.017469514,0.037734284,0.024659355,22.0,11.0,5.0,4.0,2.0,17.17057933,0.047821489,0.001479015,21.51199508,6.666774465,0.102854343,0.004996403,1.017898185,0.117647848,1.135546033,0.468233165,0.065882795,0.53411596,0.53411596,17.0,36.09085766,6.244296464,,,,,,,,,,,,,,,,,,,,,,,,,,,,,,,,,,,,,,,,,,,,,,,,,,,,,,,,,,,,,,,,,,,,,,,,,,,,,,,,,,,,,,,,,,,,
151,Dalton Kincaid,4385690,BUF,154.83,2026,"['WR/TE', 'TE', 'RB/WR/TE', 'OP', 'BE', 'IR']",,,,,,,,,,,,,,,,,41.03958831,4.451693485,0.357902682,0.243597179,0.159190756,139.0,69.0,34.0,27.0,13.0,59.28619578,0.95366976,0.029494941,81.83509508,11.76788276,0.357902682,0.00354459,,0.805588673,0.805588673,,0.451129657,0.451129657,0.451129657,17.0,,33.42302078,,,,,,,,,,,,,,,,,,,,,,,,,,,,,,,,,,,,,,,,,,,,,,,,,,,,,,,,,,,,,,,,,,,,,,,,,,,,,,,,,,,,,,,,,,,,
152,Kyler Murray,3917315,MIN,249.74,2026,"['QB', 'OP', 'BE', 'IR']",70.92741063,26.1051083,3.153771254,0.178978706,88.0,44.0,22.0,17.0,8.0,14.0,7.0,0.135732932,0.095013052,0.570062839,0.0195,6.256915867,,,,,,,,,,,,,,,,1.324476916,0.032538101,0.881953042,,7.395022972,0.405698399,,3.531971966,13.47054871,17.0,23.71680311,,490.1021361,330.6491025,159.4530336,196.8877056,19.47900301,669.0,334.0,167.0,133.0,66.0,33.0,66.0,33.0,2.546196673,1.663939526,2.202216758,0.297461741,1.14549821,9.938576748,0.674653461,33.68446432,6.513069931,3.126273567,,,,,,,,,,,,,,,,,,,,,,,,,,,,,,,,,,,,,,,,,,,,,,,,,,,,,,,,,,,,,,,,,,,,,
153,Tyler Loop,4697745,BAL,145.93,2026,"['K', 'BE', 'IR']",,,,,,,,,,,,,,,,,,,,,,,,,,,,,,,,,,,,,,,,,17.0,,,,,,,,,,,,,,,,,,,,,,,,,,5.66012961,8.198543617,2.538414008,7.508763373,9.369764134,1.861000761,16.10935761,16.87935451,0.769996897,29.27825059,34.44766226,5.169411665,44.44015618,46.41840045,1.978244273,5.66012961,8.198543617,2.538414008,1126.822079,243.9192976,1370.741377,,,,,,,,,,,,,,,,,,,,,,,,,,,,,,,,,,,,,,,,,,,,,,,,
154,Tyjae Spears,4428557,TEN,148.69,2026,"['RB', 'RB/WR', 'RB/WR/TE', 'OP', 'BE', 'IR']",97.28133065,24.17233505,2.707608016,0.036348587,82.0,41.0,20.0,16.0,8.0,19.0,9.0,0.187861315,0.13150292,0.434075308,0.014813325,4.224137284,19.61603606,1.597039914,0.025171199,0.041198134,0.026922981,66.0,33.0,16.0,13.0,6.0,49.56630168,0.151934255,0.004698998,60.67188655,6.727809049,0.061519786,0.003776473,0.568586151,0.289703199,0.85828935,0.26154963,0.162233792,0.423783421,0.423783421,17.0,23.87584029,19.99700572,,,,,,,,,,,,,,,,,,,,,,,,,,,,,,,,,,,,,,,,,,,,,,,,,,,,,,,,,,,,,,,,,,,,,,,,,,,,,,,,,,,,,,,,,,,,
155,Hunter Henry,3046439,NE,149.02,2026,"['WR/TE', 'TE', 'RB/WR/TE', 'OP', 'BE', 'IR']",,,,,,,,,,,,,,,,,36.9482848,5.2162004,0.200156261,0.195628172,0.12784301,125.0,62.0,31.0,25.0,12.0,55.76169313,0.713969762,0.022081539,77.81558101,11.26437894,0.200156261,0.00177381,,0.403138626,0.403138626,,0.225757631,0.225757631,0.225757631,17.0,,31.01431342,,,,,,,,,,,,,,,,,,,,,,,,,,,,,,,,,,,,,,,,,,,,,,,,,,,,,,,,,,,,,,,,,,,,,,,,,,,,,,,,,,,,,,,,,,,,
156,Chargers D/ST,-16024,LAC,93.32,2026,"['D/ST', 'BE', 'IR']",,,,,,,,,,,,,,,,,,,,,,,,,,,,,,,,,,,,,,,,,17.0,,,,,,,,,,,,,,,,,,,,,,,,,,,,,,,,,,,,,,,,,,,,,,,0.17,0.765,2.805,2.72,0.124687429,1.554292253,12.81274904,7.979661536,1.89866894,0.261070148,39.7244138,79.44882759,0.158047715,0.308493455,1.025360984,0.528931268,2.145520852,12.27640236,1009.769799,336.0,201.0,57.44972031,84.37648793,1684.294849,328.7072401,168.0,67.0,32.0,13.0,370.7013147,2.465,3.74,2.805,1.36,0.17,21.80595969,5831.961486,0.501725777,4.251913361,3.835225852,3.894752639,2.610674804,1.275574008,0.49322195,0.13691161,343.056558,,
157,Tyler Shough,4360689,NO,264.4,2026,"['QB', 'OP', 'BE', 'IR']",65.58582963,16.74681879,4.296014612,0.217205952,56.0,28.0,14.0,11.0,5.0,13.0,6.0,0.12457063,0.087199441,0.207274662,0.007073489,4.340814488,,,,,,,,,,,,,,,,1.281742654,0.02995937,0.681281071,,6.808947799,0.313389293,,3.254669322,14.36967023,17.0,18.87207365,,547.964902,356.4164618,191.5484401,228.8798812,20.40558666,778.0,389.0,194.0,155.0,77.0,38.0,71.0,35.0,3.041108492,1.9873644,2.745194613,0.370803813,1.064536702,11.1150009,0.650436662,41.93568883,6.127666729,2.94128003,,,,,,,,,,,,,,,,,,,,,,,,,,,,,,,,,,,,,,,,,,,,,,,,,,,,,,,,,,,,,,,,,,,,,
158,Jalen Coker,4695883,CAR,148.44,2026,"['RB/WR', 'WR', 'WR/TE', 'RB/WR/TE', 'OP', 'BE', 'IR']",,,,,,,,,,,,,,,,,41.052756,3.164657036,0.191937861,0.174220491,0.113853091,139.0,69.0,34.0,27.0,13.0,61.22701834,0.955223457,0.029542994,88.79499783,11.39851116,0.191937861,0.004646161,,1.055945626,1.055945626,,0.591329551,0.591329551,0.591329551,17.0,,33.34528189,,,,,,,,,,,,,,,,,,,,,,,,,,,,,,,,,,,,,,,,,,,,,,,,,,,,,,,,,,,,,,,,,,,,,,,,,,,,,,,,,,,,,,,,,,,,
159,Vikings D/ST,-16016,MIN,83.74,2026,"['D/ST', 'BE', 'IR']",,,,,,,,,,,,,,,,,,,,,,,,,,,,,,,,,,,,,,,,,17.0,,,,,,,,,,,,,,,,,,,,,,,,,,,,,,,,,,,,,,,,,,,,,,,0.141907428,0.637308807,2.44726582,2.515245426,0.124810129,1.537830553,10.65731137,9.243167757,1.964771386,0.272929687,38.46034287,76.92068573,0.156144081,0.219536426,1.006492725,0.531337827,2.038321189,14.22025809,1108.949355,369.0,221.0,64.83100815,65.51560121,1662.581583,269.3160853,166.0,66.0,26.0,10.0,380.1788067,2.464260722,3.917324803,3.084574628,1.589023293,0.203089073,22.36345922,5950.232181,0.27175542,2.717554201,3.295034469,4.195224298,3.447896893,2.038165651,0.798281547,0.236087521,350.0136577,,
160,Baker Mayfield,3052587,TB,265.09,2026,"['QB', 'OP', 'BE', 'IR']",54.06059453,19.03235953,1.396461782,0.127652569,64.0,32.0,16.0,12.0,6.0,10.0,5.0,0.10205812,0.071440684,0.267824699,0.00914,5.9849529,,,,,,,,,,,,,,,,2.275544342,0.040673954,0.807779528,,9.244080466,0.371578583,,4.421003033,16.02274095,17.0,17.32218119,,526.4167951,338.6712459,187.7455492,225.1544314,24.74019293,765.0,382.0,191.0,153.0,76.0,38.0,67.0,33.0,2.950960165,1.928452468,2.591914138,0.35009964,2.147891773,11.60173792,0.643351901,38.18211877,8.436300938,4.04942445,,,,,,,,,,,,,,,,,,,,,,,,,,,,,,,,,,,,,,,,,,,,,,,,,,,,,,,,,,,,,,,,,,,,,
161,Chris Boswell,17372,PIT,142.66,2026,"['K', 'BE', 'IR']",,,,,,,,,,,,,,,,,,,,,,,,,,,,,,,,,,,,,,,,,17.0,,,,,,,,,,,,,,,,,,,,,,,,,,6.199452327,8.35323312,2.153780793,8.144755661,9.546552137,1.401796476,17.02585456,17.19783289,0.171978329,31.37006255,35.09761815,3.727555598,31.73091862,32.37848839,0.647569768,6.199452327,8.35323312,2.153780793,1212.060067,184.5443541,1396.604421,,,,,,,,,,,,,,,,,,,,,,,,,,,,,,,,,,,,,,,,,,,,,,,,
162,Jayden Higgins,4877706,HOU,140.66,2026,"['RB/WR', 'WR', 'WR/TE', 'RB/WR/TE', 'OP', 'BE', 'IR']",,,,,,,,,,,,,,,,,39.20754953,3.428946007,0.225396152,0.150811064,0.09855503,133.0,66.0,33.0,26.0,13.0,54.50467063,0.841220958,0.026017143,87.77268137,12.22882983,0.225396152,0.00349652,,0.794663543,0.794663543,,0.445011584,0.445011584,0.445011584,17.0,,31.05608858,,,,,,,,,,,,,,,,,,,,,,,,,,,,,,,,,,,,,,,,,,,,,,,,,,,,,,,,,,,,,,,,,,,,,,,,,,,,,,,,,,,,,,,,,,,,
163,Rashid Shaheed,4032473,SEA,143.16,2026,"['RB/WR', 'WR', 'WR/TE', 'RB/WR/TE', 'OP', 'BE', 'IR']",13.80222693,5.101383959,0.508941827,0.014531329,17.0,8.0,4.0,3.0,1.0,2.0,1.0,0.025502475,0.017851732,0.0188579,0.000643548,6.283299625,38.03380738,3.496746613,0.127078229,0.320692861,0.209572785,129.0,64.0,32.0,25.0,12.0,42.8459585,0.772678697,0.023897279,70.55975779,15.09068178,0.141609557,0.00498504,0.276044539,0.85691917,1.132963709,0.126980488,0.479874735,0.606855223,0.606855223,17.0,6.218183774,27.87616588,,,,,,,,,,,,,,,,,,,,,,,,,,,,,,,,,,,,,,,,,,,,,,,,,,,,,,,,,0.442760493,0.420865355,,,,,,,,,,1239.50311,351.8598342,123.0,49.0,35.0,14.0,,,,,,,,,,,,,,,,,,,
164,Cairo Santos,17427,CHI,144.5,2026,"['K', 'BE', 'IR']",,,,,,,,,,,,,,,,,,,,,,,,,,,,,,,,,,,,,,,,,17.0,,,,,,,,,,,,,,,,,,,,,,,,,,5.823513727,8.206112017,2.38259829,7.696448184,9.378413734,1.68196555,16.44985032,16.89493651,0.445086183,29.96981223,34.47946226,4.509650024,39.75973974,40.7100905,0.950350753,5.823513727,8.206112017,2.38259829,1154.305419,217.7013429,1372.006762,,,,,,,,,,,,,,,,,,,,,,,,,,,,,,,,,,,,,,,,,,,,,,,,
165,Will Reichard,4567104,MIN,142.23,2026,"['K', 'BE', 'IR']",,,,,,,,,,,,,,,,,,,,,,,,,,,,,,,,,,,,,,,,,17.0,,,,,,,,,,,,,,,,,,,,,,,,,,6.020785297,8.213680417,2.19289512,7.922861513,9.387063334,1.464201822,16.74141332,16.91051851,0.169105185,30.68506013,34.51126226,3.826202127,34.03554226,34.73014517,0.694602903,6.020785297,8.213680417,2.19289512,1183.893574,189.378574,1373.272148,,,,,,,,,,,,,,,,,,,,,,,,,,,,,,,,,,,,,,,,,,,,,,,,
166,Stefon Diggs,2976212,None,0.0,2026,"['RB/WR', 'WR', 'WR/TE', 'RB/WR/TE', 'OP', 'BE', 'IR']",,,,,,,,,,,,,,,,,,,,,,,,,,,,,,,,,,,,,,,,,,,,,,,,,,,,,,,,,,,,,,,,,,,,,,,,,,,,,,,,,,,,,,,,,,,,,,,,,,,,,,,,,,,,,,,,,,,,,,,,,,,,,,,,,,,,,,,
167,Chiefs D/ST,-16012,KC,100.74,2026,"['D/ST', 'BE', 'IR']",,,,,,,,,,,,,,,,,,,,,,,,,,,,,,,,,,,,,,,,,17.0,,,,,,,,,,,,,,,,,,,,,,,,,,,,,,,,,,,,,,,,,,,,,,,0.216858429,0.977988994,3.40170085,3.061530765,0.126630769,1.59214748,12.08103202,6.86973124,1.768350921,0.257103184,41.17020248,82.34040495,0.165617698,0.236962485,1.063459148,0.528688332,2.121358433,10.56881729,1051.190359,350.0,210.0,51.66362406,70.56893542,1628.615419,260.1090042,162.0,65.0,26.0,10.0,358.8373856,2.466233117,3.444222111,2.338669335,0.977988994,0.114807404,21.10808151,5701.640124,0.578520669,4.764287859,4.015614053,3.794414973,2.331097988,1.020918827,0.391352217,0.103793414,335.3905955,,
168,Deebo Samuel,3126486,SF,170.08,2026,"['RB/WR', 'WR', 'WR/TE', 'RB/WR/TE', 'OP', 'BE', 'IR']",22.11418363,6.432856589,1.140388793,0.056524227,21.0,10.0,5.0,4.0,2.0,4.0,2.0,0.041045082,0.028731558,0.030332262,0.00104,4.94517744,43.22777167,4.393188294,0.225158027,0.330973898,0.216291442,146.0,73.0,36.0,29.0,14.0,54.91500841,1.103283187,0.03412216,79.6229625,13.38199046,0.281682254,0.006778569,0.442283673,1.098300168,1.540583841,0.203450489,0.615048094,0.818498584,0.818498584,17.0,7.958185712,33.42856511,,,,,,,,,,,,,,,,,,,,,,,,,,,,,,,,,,,,,,,,,,,,,,,,,,,,,,,,,,,,,,,,,,,,,,,,,,,,,,,,,,,,,,,,,,,,
169,Omar Cooper Jr.,4723820,NYJ,103.89,2026,"['Rookie', 'RB/WR', 'WR', 'WR/TE', 'RB/WR/TE', 'OP', 'BE', 'IR']",2.172129233,0.704159939,0.106362977,0.012020524,2.0,1.0,,,,,,0.003988199,0.00279174,0.000283,9.66e-06,5.511052836,28.10921376,2.625713882,0.320090549,0.206456684,0.134919443,95.0,47.0,23.0,19.0,9.0,39.66030014,0.342492927,0.010592565,58.39883025,12.04873973,0.332111073,0.003354481,0.03958633,0.722795732,0.762382062,0.018209712,0.40476561,0.422975322,0.422975322,17.0,2.687442479,22.14128717,,,,,,,,,,,,,,,,,,,,,,,,,,,,,,,,,,,,,,,,,,,,,,,,,,,,,,,,,,,,,,,,,,,,,,,,,,,,,,,,,,,,,,,,,,,,
170,Jerry Jeudy,4241463,CLE,137.12,2026,"['RB/WR', 'WR', 'WR/TE', 'RB/WR/TE', 'OP', 'BE', 'IR']",,,,,,,,,,,,,,,,,41.68140277,2.710666969,0.192662649,0.152396598,0.099591177,141.0,70.0,35.0,28.0,14.0,51.36624521,1.001250519,0.030966511,93.14613579,13.79473707,0.192662649,0.003610551,,0.820579784,0.820579784,,0.459524679,0.459524679,0.459524679,17.0,,31.20674833,,,,,,,,,,,,,,,,,,,,,,,,,,,,,,,,,,,,,,,,,,,,,,,,,,,,,,,,,,,,,,,,,,,,,,,,,,,,,,,,,,,,,,,,,,,,
171,Calvin Ridley,3925357,TEN,143.4,2026,"['RB/WR', 'WR', 'WR/TE', 'RB/WR/TE', 'OP', 'BE', 'IR']",6.080083165,1.882382515,0.245764832,0.003299298,6.0,3.0,1.0,1.0,,1.0,,0.011187236,0.007831065,0.002412863,8.23e-05,5.263168594,42.45176827,3.575995681,0.056302381,0.204559569,0.133679678,144.0,72.0,36.0,28.0,14.0,46.22859758,1.048137097,0.032416611,88.25001681,15.61111733,0.059601678,0.003609823,0.095360606,0.725053744,0.82041435,0.043865879,0.406030097,0.449895975,0.449895975,17.0,3.705099544,30.75069762,,,,,,,,,,,,,,,,,,,,,,,,,,,,,,,,,,,,,,,,,,,,,,,,,,,,,,,,,,,,,,,,,,,,,,,,,,,,,,,,,,,,,,,,,,,,
172,Daniel Jones,3917792,IND,265.4,2026,"['QB', 'OP', 'BE', 'IR']",73.03525084,18.08073141,5.895172568,0.289104041,61.0,30.0,15.0,12.0,6.0,14.0,7.0,0.139262244,0.097483571,0.242,0.00826,4.208549028,,,,,,,,,,,,,,,,1.848066933,0.041649529,1.075348674,,9.465801991,0.49466039,,4.522077982,15.66358638,17.0,21.28250469,,526.7851688,348.7444465,178.0407223,220.1513837,19.60134859,748.0,374.0,187.0,149.0,74.0,37.0,69.0,34.0,2.832643566,1.85113257,2.403694235,0.324676066,1.558962892,11.1415084,0.662024042,43.07545191,8.390453317,4.027417592,,,,,,,,,,,,,,,,,,,,,,,,,,,,,,,,,,,,,,,,,,,,,,,,,,,,,,,,,,,,,,,,,,,,,
173,Jordan Love,4036378,GB,258.5,2026,"['QB', 'OP', 'BE', 'IR']",50.38740303,12.52845353,0.916234128,0.024962456,42.0,21.0,10.0,8.0,4.0,10.0,5.0,0.094939276,0.066457493,0.11566458,0.00395,4.226923737,,,,,,,,,,,,,,,,0.821367784,0.036353767,0.681956427,,8.262219681,0.313699956,,3.952226319,14.66470976,17.0,13.00770255,,531.1737149,342.0239539,189.149761,235.004103,25.11753332,799.0,399.0,199.0,159.0,79.0,39.0,68.0,34.0,3.192478089,2.086284431,3.018644961,0.407739785,0.796405328,10.71248344,0.643902257,28.90573365,7.580263254,3.638526362,,,,,,,,,,,,,,,,,,,,,,,,,,,,,,,,,,,,,,,,,,,,,,,,,,,,,,,,,,,,,,,,,,,,,
174,Juwan Johnson,3929645,NO,142.11,2026,"['WR/TE', 'TE', 'RB/WR/TE', 'OP', 'BE', 'IR']",,,,,,,,,,,,,,,,,37.47070649,2.746889639,0.143565516,0.125900875,0.082276222,127.0,63.0,31.0,25.0,12.0,63.50546383,0.741742181,0.02294048,87.579965,10.03066464,0.143565516,0.004691162,,1.066173251,1.066173251,,0.597057021,0.597057021,0.597057021,17.0,,32.01454224,,,,,,,,,,,,,,,,,,,,,,,,,,,,,,,,,,,,,,,,,,,,,,,,,,,,,,,,,,,,,,,,,,,,,,,,,,,,,,,,,,,,,,,,,,,,
175,Jalen McMillan,4430834,TB,131.77,2026,"['RB/WR', 'WR', 'WR/TE', 'RB/WR/TE', 'OP', 'BE', 'IR']",4.365431518,1.448097611,0.215005318,0.019649906,4.0,2.0,1.0,,,,,0.008024843,0.00561739,0.001387044,4.73e-05,5.639227022,34.6612059,3.880090873,0.336552581,0.177445485,0.115960625,117.0,58.0,29.0,23.0,11.0,47.29889981,0.598413157,0.018507623,74.65505238,12.45780563,0.356202487,0.003314309,0.063646826,0.689605329,0.753252154,0.02927754,0.386178984,0.415456524,0.415456524,17.0,3.328713643,27.46684042,,,,,,,,,,,,,,,,,,,,,,,,,,,,,,,,,,,,,,,,,,,,,,,,,,,,,,,,,,,,,,,,,,,,,,,,,,,,,,,,,,,,,,,,,,,,
176,Chris Rodriguez Jr.,4362619,JAX,70.15,2026,"['RB', 'RB/WR', 'RB/WR/TE', 'OP', 'BE', 'IR']",100.4137087,25.37086534,3.390201462,0.13535719,86.0,43.0,21.0,17.0,8.0,20.0,10.0,0.194232058,0.135962441,0.479161479,0.0164,4.295277174,1.731132147,0.158197787,0.006534938,0.036535599,0.023876014,5.0,2.0,1.0,1.0,,4.121011176,0.016121974,0.000498618,5.672320314,7.141268306,0.141892128,0.002644163,0.5772553,0.023690745,0.600946045,0.265537438,0.013266817,0.278804255,0.278804255,17.0,25.26298581,0.665836889,,,,,,,,,,,,,,,,,,,,,,,,,,,,,,,,,,,,,,,,,,,,,,,,,,,,,,,,,,,,,,,,,,,,,,,,,,,,,,,,,,,,,,,,,,,,
177,Tyler Allgeier,4373626,ARI,90.32,2026,"['RB', 'RB/WR', 'RB/WR/TE', 'OP', 'BE', 'IR']",97.41470719,22.65363174,3.322641004,0.169355919,77.0,38.0,19.0,15.0,7.0,19.0,9.0,0.188140697,0.131698488,0.382282407,0.013045832,3.953322354,7.404184522,0.393102366,0.021626482,0.041531263,0.02714068,25.0,12.0,6.0,5.0,2.0,18.10007155,0.05122747,0.001584355,22.91416264,6.954178967,0.190982401,0.00217445,0.416757809,0.077435393,0.494193202,0.191708592,0.04336382,0.235072412,0.235072412,17.0,23.4707,6.607670945,,,,,,,,,,,,,,,,,,,,,,,,,,,,,,,,,,,,,,,,,,,,,,,,,,,,,,,,,,,,,,,,,,,,,,,,,,,,,,,,,,,,,,,,,,,,
178,Chase McLaughlin,3150744,TB,142.37,2026,"['K', 'BE', 'IR']",,,,,,,,,,,,,,,,,,,,,,,,,,,,,,,,,,,,,,,,,17.0,,,,,,,,,,,,,,,,,,,,,,,,,,5.975411639,8.206112017,2.230700379,7.870045797,9.378413734,1.508367937,16.72598714,16.89493651,0.168949365,30.57144458,34.47946226,3.908017681,34.74252494,35.45155606,0.709031121,5.975411639,8.206112017,2.230700379,1178.603904,193.4028586,1372.006762,,,,,,,,,,,,,,,,,,,,,,,,,,,,,,,,,,,,,,,,,,,,,,,,
179,Tyreek Hill,3116406,None,0.0,2026,"['RB/WR', 'WR', 'WR/TE', 'RB/WR/TE', 'OP', 'BE', 'IR']",,,,,,,,,,,,,,,,,,,,,,,,,,,,,,,,,,,,,,,,,,,,,,,,,,,,,,,,,,,,,,,,,,,,,,,,,,,,,,,,,,,,,,,,,,,,,,,,,,,,,,,,,,,,,,,,,,,,,,,,,,,,,,,,,,,,,,,
180,Fernando Mendoza,4837248,LV,186.63,2026,"['Rookie', 'QB', 'OP', 'BE', 'IR']",52.11040321,13.31023769,1.909560517,0.108249773,45.0,22.0,11.0,9.0,4.0,10.0,5.0,0.098825396,0.069177777,0.157470366,0.005373859,4.342204758,,,,,,,,,,,,,,,,1.016469556,0.031325268,0.691778737,,7.119379187,0.318218219,,3.403466435,13.88315259,17.0,14.30165921,,447.8129307,283.3756835,164.4372472,179.5516777,14.1802675,610.0,305.0,152.0,122.0,61.0,30.0,56.0,28.0,2.271198384,1.484228144,1.902211659,0.256938919,0.908219783,10.47968616,0.632799243,36.36623415,6.42760045,3.085248216,,,,,,,,,,,,,,,,,,,,,,,,,,,,,,,,,,,,,,,,,,,,,,,,,,,,,,,,,,,,,,,,,,,,,
181,Sam Darnold,3912547,SEA,241.48,2026,"['QB', 'OP', 'BE', 'IR']",44.07388272,7.387770116,0.849188882,0.024252681,25.0,12.0,6.0,5.0,2.0,8.0,4.0,0.082765668,0.057935968,0.039924946,0.00136,2.849580845,,,,,,,,,,,,,,,,0.891341685,0.041946296,0.706159931,,9.533249089,0.324833568,,4.561836364,16.91531187,17.0,9.623347753,,512.6679628,335.1297993,177.5381635,236.0808378,24.04415875,802.0,401.0,200.0,160.0,80.0,40.0,67.0,33.0,3.219352035,2.103846555,3.068501057,0.414474036,0.867089004,12.3534755,0.653697566,38.26118983,8.827089158,4.237002796,,,,,,,,,,,,,,,,,,,,,,,,,,,,,,,,,,,,,,,,,,,,,,,,,,,,,,,,,,,,,,,,,,,,,
182,C.J. Stroud,4432577,HOU,244.02,2026,"['QB', 'OP', 'BE', 'IR']",57.0609537,14.64338711,1.046225631,0.075725951,49.0,24.0,12.0,9.0,4.0,11.0,5.0,0.107893142,0.075525199,0.15820847,0.005399048,4.362660713,,,,,,,,,,,,,,,,1.475116953,0.035976135,0.720932408,,8.176394314,0.331628908,,3.910250623,15.96706668,17.0,14.7240449,,551.034479,351.1751641,199.8593149,232.1002396,21.37671249,789.0,394.0,197.0,157.0,78.0,39.0,70.0,35.0,3.120848833,2.039474713,2.889957274,0.390357452,1.399391002,12.05681606,0.637301616,39.05657749,7.455461906,3.578621715,,,,,,,,,,,,,,,,,,,,,,,,,,,,,,,,,,,,,,,,,,,,,,,,,,,,,,,,,,,,,,,,,,,,,
183,Tyrone Tracy Jr.,4360516,NYG,86.11,2026,"['RB', 'RB/WR', 'RB/WR/TE', 'OP', 'BE', 'IR']",111.3038647,27.85522623,1.610972043,0.067668379,94.0,47.0,23.0,18.0,9.0,22.0,11.0,0.216517302,0.151562111,0.579,0.0198,4.254469034,6.869439793,0.557135731,0.029812624,0.049414261,0.032292219,23.0,11.0,5.0,4.0,2.0,15.99610113,0.048512293,0.00150038,20.25366402,7.300558775,0.097481003,0.00520574,1.034455451,0.14866738,1.183122831,0.475849507,0.083253733,0.55910324,0.55910324,17.0,26.02422785,5.944497749,,,,,,,,,,,,,,,,,,,,,,,,,,,,,,,,,,,,,,,,,,,,,,,,,,,,,,,,,,,,,,,,,,,,,,,,,,,,,,,,,,,,,,,,,,,,
184,Brenton Strange,4430539,JAX,141.48,2026,"['WR/TE', 'TE', 'RB/WR/TE', 'OP', 'BE', 'IR']",,,,,,,,,,,,,,,,,35.18249946,3.97667975,0.164216018,0.108946748,0.0711967,119.0,59.0,29.0,23.0,11.0,59.06567279,0.624218447,0.019305725,85.08480471,10.12605906,0.164216018,0.003101417,,0.704867449,0.704867449,,0.394725771,0.394725771,0.394725771,17.0,,30.43275163,,,,,,,,,,,,,,,,,,,,,,,,,,,,,,,,,,,,,,,,,,,,,,,,,,,,,,,,,,,,,,,,,,,,,,,,,,,,,,,,,,,,,,,,,,,,
185,Tank Bigsby,4429013,PHI,63.06,2026,"['RB', 'RB/WR', 'RB/WR/TE', 'OP', 'BE', 'IR']",83.25892212,21.95536634,3.365326925,0.100808273,74.0,37.0,18.0,14.0,7.0,16.0,8.0,0.159614837,0.111730386,0.35804887,0.012218834,4.482897667,1.686420676,0.140218287,0.006285905,0.050492463,0.032996825,5.0,2.0,1.0,1.0,,3.624674017,0.015751146,0.000487149,4.914846029,7.909442714,0.107094179,0.00396022,0.862501046,0.03754895,0.900049996,0.396750481,0.021027412,0.417777893,0.417777893,17.0,22.24170171,0.524392747,,,,,,,,,,,,,,,,,,,,,,,,,,,,,,,,,,,,,,,,,,,,,,,,,,,,,,,,,,,,,,,,,,,,,,,,,,,,,,,,,,,,,,,,,,,,
186,Packers D/ST,-16009,GB,92.69,2026,"['D/ST', 'BE', 'IR']",,,,,,,,,,,,,,,,,,,,,,,,,,,,,,,,,,,,,,,,,17.0,,,,,,,,,,,,,,,,,,,,,,,,,,,,,,,,,,,,,,,,,,,,,,,0.179367937,0.807580758,2.924292429,2.788278828,0.124419099,1.560650094,11.77632004,7.199849658,1.930656495,0.263928233,41.03729393,82.07458787,0.146722013,0.248313891,1.033105797,0.527544297,2.080105097,11.07669178,1012.810421,337.0,202.0,35.79486009,68.7997555,1600.390233,263.0999893,160.0,64.0,26.0,10.0,368.7338445,2.465246525,3.680868087,2.711771177,1.283628363,0.158965897,21.69022615,5848.127259,0.450567585,3.910586588,3.715057259,3.961594239,2.796919538,1.445216783,0.561084163,0.158973846,344.0074858,,
187,Denzel Boston,4832800,CLE,130.9,2026,"['Rookie', 'RB/WR', 'WR', 'WR/TE', 'RB/WR/TE', 'OP', 'BE', 'IR']",,,,,,,,,,,,,,,,,37.53594678,2.763292557,0.196470227,0.16090264,0.105149875,127.0,63.0,31.0,25.0,12.0,51.60470869,0.749303836,0.023174345,82.79656515,12.36536571,0.196470227,0.004138106,,0.94047859,0.94047859,,0.526668011,0.526668011,0.526668011,17.0,,29.33925934,,,,,,,,,,,,,,,,,,,,,,,,,,,,,,,,,,,,,,,,,,,,,,,,,,,,,,,,,,0.059210212,,,,,,,,,,,59.21021234,,,5.0,2.0,,,,,,,,,,,,,,,,,,,
188,Oronde Gadsden,4595342,LAC,105.9,2026,"['WR/TE', 'TE', 'RB/WR/TE', 'OP', 'BE', 'IR']",,,,,,,,,,,,,,,,,26.09893607,3.457129403,0.08560941,0.153005705,0.099989228,88.0,44.0,22.0,17.0,8.0,41.60297274,0.284419675,0.008796485,58.41716607,10.66466851,0.08560941,0.002494874,,0.567016851,0.567016851,,0.317529437,0.317529437,0.317529437,17.0,,21.98166033,,,,,,,,,,,,,,,,,,,,,,,,,,,,,,,,,,,,,,,,,,,,,,,,,,,,,,,,,,,,,,,,,,,,,,,,,,,,,,,,,,,,,,,,,,,,
189,Evan McPherson,4360234,CIN,142.14,2026,"['K', 'BE', 'IR']",,,,,,,,,,,,,,,,,,,,,,,,,,,,,,,,,,,,,,,,,17.0,,,,,,,,,,,,,,,,,,,,,,,,,,5.438016509,7.719768,2.281751491,7.194183723,8.822592,1.628408277,15.3918373,15.89364,0.501802697,28.02403753,32.436,4.411962465,44.40642798,45.71255202,1.306124045,5.438016509,7.719768,2.281751491,1079.146278,211.5470339,1290.693312,,,,,,,,,,,,,,,,,,,,,,,,,,,,,,,,,,,,,,,,,,,,,,,,
190,Tre Tucker,4428718,LV,136.27,2026,"['RB/WR', 'WR', 'WR/TE', 'RB/WR/TE', 'OP', 'BE', 'IR']",10.45859842,3.395216984,0.317323107,0.017950663,11.0,5.0,2.0,2.0,1.0,2.0,1.0,0.019289483,0.013502638,0.00821708,0.000280417,5.51877856,38.61484296,2.519956835,0.160286686,0.195768395,0.127934646,131.0,65.0,32.0,26.0,13.0,48.20613479,0.807364282,0.024970029,81.24835273,13.61760973,0.178237348,0.002352119,0.095302233,0.439270358,0.53457259,0.043839027,0.2459914,0.289830427,0.289830427,17.0,4.892837916,28.97088784,,,,,,,,,,,,,,,,,,,,,,,,,,,,,,,,,,,,,,,,,,,,,,,,,,,,,,,,,,0.207535444,,,,,,,,,,,209.2649064,,,20.0,8.0,,,,,,,,,,,,,,,,,,,
191,Brian Robinson Jr.,4241474,ATL,93.07,2026,"['RB', 'RB/WR', 'RB/WR/TE', 'OP', 'BE', 'IR']",134.6475141,33.01076407,3.688391363,0.192444995,112.0,56.0,28.0,22.0,11.0,26.0,13.0,0.265032053,0.185522437,0.809898709,0.027638736,4.167793167,3.475648082,0.290066196,0.017028994,0.038804612,0.025358814,11.0,5.0,2.0,2.0,1.0,8.732884225,0.029085098,0.000899539,10.94965966,6.765922446,0.209473989,0.004642634,0.990878398,0.064265771,1.055144169,0.455804063,0.035988832,0.491792895,0.491792895,17.0,31.95048144,2.58877531,,,,,,,,,,,,,,,,,,,,,,,,,,,,,,,,,,,,,,,,,,,,,,,,,,,,,,,,,,,,,,,,,,,,,,,,,,,,,,,,,,,,,,,,,,,,
192,Malik Willis,4242512,MIA,237.11,2026,"['QB', 'OP', 'BE', 'IR']",105.5938199,32.07081611,3.366313384,0.127741713,109.0,54.0,27.0,21.0,10.0,21.0,10.0,0.204774483,0.143342138,0.76336755,0.026050806,5.163217643,,,,,,,,,,,,,,,,0.811601335,0.057395453,2.111876398,,13.04442123,0.971463143,,6.219084661,16.60464589,17.0,29.40572717,,505.1420237,322.3873626,182.7546611,209.0721002,13.03849638,710.0,355.0,177.0,142.0,71.0,35.0,64.0,32.0,2.577482694,1.68438494,2.028809164,0.274038922,0.683859622,10.38556123,0.63821133,41.48521776,10.93254483,5.247621518,,,,,,,,,,,,,,,,,,,,,,,,,,,,,,,,,,,,,,,,,,,,,,,,,,,,,,,,,,,,,,,,,,,,,
193,Tank Dell,4366031,HOU,104.84,2026,"['RB/WR', 'WR', 'WR/TE', 'RB/WR/TE', 'OP', 'BE', 'IR']",8.408224433,2.622687482,0.197098573,0.014263509,8.0,4.0,2.0,1.0,,1.0,,0.015490518,0.010843363,0.00481,0.000164,5.302628106,27.172367,2.655910098,0.174614202,0.156014785,0.101955662,92.0,46.0,23.0,18.0,9.0,37.94825833,0.314296833,0.009720521,60.34371845,12.17263346,0.188877711,0.003116287,0.128463163,0.579783917,0.70824708,0.059093055,0.324678993,0.383772048,0.383772048,17.0,4.235203547,21.32421659,,,,,,,,,,,,,,,,,,,,,,,,,,,,,,,,,,,,,,,,,,,,,,,,,,,,,,,,,,0.024386857,,,,,,,,,,,33.02386904,,,3.0,1.0,,,,,,,,,,,,,,,,,,,
194,Jauan Jennings,3886598,MIN,113.99,2026,"['RB/WR', 'WR', 'WR/TE', 'RB/WR/TE', 'OP', 'BE', 'IR']",,,,,,,,,,,,,,,,,28.60542062,3.33533418,0.195743633,0.092199025,0.060252063,97.0,48.0,24.0,19.0,9.0,46.47538709,0.35822439,0.011079105,71.89875581,10.46343411,0.195743633,0.003596377,,0.817358421,0.817358421,,0.457720716,0.457720716,0.457720716,17.0,,24.21746349,,,,,,,,,,,,,,,,,,,,,,,,,,,,,,,,,,,,,,,,,,,,,,,,,,,,,,,,,,,,,,,,,,,,,,,,,,,,,,,,,,,,,,,,,,,,
195,James Conner,3045147,ARI,0.0,2026,"['RB', 'RB/WR', 'RB/WR/TE', 'OP', 'BE', 'IR']",,,,,,,,,,,,,,,,,,,,,,,,,,,,,,,,,,,,,,,,,,,,,,,,,,,,,,,,,,,,,,,,,,,,,,,,,,,,,,,,,,,,,,,,,,,,,,,,,,,,,,,,,,,,,,,,,,,,,,,,,,,,,,,,,,,,,,,
196,Cam Ward,4688380,TEN,218.62,2026,"['QB', 'OP', 'BE', 'IR']",46.55141755,11.78724704,2.027602081,0.027226454,40.0,20.0,10.0,8.0,4.0,9.0,4.0,0.08753314,0.061273198,0.102244779,0.003489222,4.304556342,,,,,,,,,,,,,,,,0.28559567,0.043647993,0.714748106,,9.919998499,0.328784129,,4.747304317,15.03419796,17.0,13.17772077,,558.267398,354.9643638,203.3030342,220.8249509,16.42347818,750.0,375.0,187.0,150.0,75.0,37.0,70.0,35.0,2.848778804,1.861676948,2.430327148,0.328273474,0.258369216,10.28689364,0.635832157,41.2689298,9.205250393,4.418520189,,,,,,,,,,,,,,,,,,,,,,,,,,,,,,,,,,,,,,,,,,,,,,,,,,,,,,,,,,,,,,,,,,,,,
197,Cowboys D/ST,-16006,DAL,72.13,2026,"['D/ST', 'BE', 'IR']",,,,,,,,,,,,,,,,,,,,,,,,,,,,,,,,,,,,,,,,,17.0,,,,,,,,,,,,,,,,,,,,,,,,,,,,,,,,,,,,,,,,,,,,,,,0.095123901,0.424660272,1.851518785,2.174260592,0.124687705,1.544069371,11.19588367,7.554368729,1.902281185,0.262191526,38.37389153,76.74778306,0.248052575,0.285437788,1.013592816,0.530476555,2.202247438,11.62210574,1033.547879,344.0,206.0,51.74462321,66.80767573,1835.588471,234.5854146,183.0,73.0,23.0,9.0,399.844828,2.463029576,4.212629896,3.550159872,1.970423661,0.258193445,23.520284,5967.919549,0.220735118,2.377147423,3.175189772,4.261885737,3.633639632,2.207351179,0.865960847,0.258090292,351.0540911,,
198,Terrance Ferguson,4570037,LAR,135.92,2026,"['WR/TE', 'TE', 'RB/WR/TE', 'OP', 'BE', 'IR']",,,,,,,,,,,,,,,,,34.12269636,5.403984285,0.073637652,0.182786392,0.119450907,116.0,58.0,29.0,23.0,11.0,45.95993547,0.573732519,0.017744305,73.08208428,12.62155467,0.073637652,0.002472965,,0.562037443,0.562037443,,0.314740968,0.314740968,0.314740968,17.0,,27.53234039,,,,,,,,,,,,,,,,,,,,,,,,,,,,,,,,,,,,,,,,,,,,,,,,,,,,,,,,,,,,,,,,,,,,,,,,,,,,,,,,,,,,,,,,,,,,
199,Chig Okonkwo,4360635,WSH,121.35,2026,"['WR/TE', 'TE', 'RB/WR/TE', 'OP', 'BE', 'IR']",,,,,,,,,,,,,,,,,32.42960954,2.192701294,0.170573432,0.154276394,0.100819623,110.0,55.0,27.0,22.0,11.0,53.38932863,0.499617826,0.015452098,72.24687482,10.32609655,0.170573432,0.002141098,,0.486613198,0.486613198,,0.272503391,0.272503391,0.272503391,17.0,,27.11889259,,,,,,,,,,,,,,,,,,,,,,,,,,,,,,,,,,,,,,,,,,,,,,,,,,,,,,,,,,,,,,,,,,,,,,,,,,,,,,,,,,,,,,,,,,,,
200,Bears D/ST,-16003,CHI,92.61,2026,"['D/ST', 'BE', 'IR']",,,,,,,,,,,,,,,,,,,,,,,,,,,,,,,,,,,,,,,,,17.0,,,,,,,,,,,,,,,,,,,,,,,,,,,,,,,,,,,,,,,,,,,,,,,0.151269746,0.679864027,2.566486703,2.583483303,0.126516905,1.596955525,13.11320337,9.842576144,1.815323658,0.259813786,38.59959077,77.19918154,0.170441979,0.29971853,1.068334933,0.528620592,2.193632939,15.14242484,1014.426688,338.0,202.0,35.02952087,84.75867209,1608.083017,281.3480294,160.0,64.0,28.0,11.0,377.4528438,2.464507099,3.858228354,2.99140172,1.512697461,0.192061588,22.20310846,5897.249529,0.348343246,3.228547154,3.474936279,4.095157179,3.169073917,1.784197111,0.696686491,0.203058624,346.8970311,,
201,Buccaneers D/ST,-16027,TB,93.9,2026,"['D/ST', 'BE', 'IR']",,,,,,,,,,,,,,,,,,,,,,,,,,,,,,,,,,,,,,,,,17.0,,,,,,,,,,,,,,,,,,,,,,,,,,,,,,,,,,,,,,,,,,,,,,,0.198109433,0.89276783,3.162948885,2.924877463,0.123736491,1.552764259,12.06755468,5.11646221,1.929760087,0.264212384,41.99397063,83.98794126,0.149242319,0.223141152,1.027887894,0.524876364,2.048884221,7.871480324,1014.317079,338.0,202.0,57.1437048,78.29755857,1575.239212,311.9843884,157.0,63.0,31.0,12.0,362.5354153,2.465739722,3.562568771,2.525257577,1.130839252,0.136891067,21.32561266,5760.472224,0.52731639,4.422653592,3.895337202,3.86131679,2.517510506,1.190714429,0.459275565,0.125875525,338.8513073,,
202,49ers D/ST,-16025,SF,82.72,2026,"['D/ST', 'BE', 'IR']",,,,,,,,,,,,,,,,,,,,,,,,,,,,,,,,,,,,,,,,,17.0,,,,,,,,,,,,,,,,,,,,,,,,,,,,,,,,,,,,,,,,,,,,,,,0.132546981,0.594762095,2.328068772,2.447021192,0.124426733,1.56144102,11.23851602,8.808261467,1.920733423,0.265369865,38.82177989,77.64355979,0.188068376,0.238286078,1.035497264,0.525943756,2.112222206,13.55117149,1058.712215,352.0,211.0,43.37552421,59.89804336,1679.645152,250.4711611,167.0,67.0,25.0,10.0,382.861567,2.464014394,3.976409436,3.177728908,1.665333866,0.214114354,22.52126865,5874.255389,0.425,3.74,3.655,3.995,2.89,1.53,0.595,0.17,345.5444346,,
203,Dalton Schultz,3117256,HOU,132.69,2026,"['WR/TE', 'TE', 'RB/WR/TE', 'OP', 'BE', 'IR']",,,,,,,,,,,,,,,,,32.67440932,3.089211333,0.20311061,0.09099944,0.059468134,111.0,55.0,27.0,22.0,11.0,59.45615413,0.510093687,0.015776093,82.28688879,9.342430006,0.20311061,0.002846032,,0.64682541,0.64682541,,0.36222223,0.36222223,0.36222223,17.0,,28.98307961,,,,,,,,,,,,,,,,,,,,,,,,,,,,,,,,,,,,,,,,,,,,,,,,,,,,,,,,,,,,,,,,,,,,,,,,,,,,,,,,,,,,,,,,,,,,
204,Germie Bernard,4685261,PIT,126.36,2026,"['Rookie', 'RB/WR', 'WR', 'WR/TE', 'RB/WR/TE', 'OP', 'BE', 'IR']",2.142602749,0.685470794,0.082128342,0.002766205,2.0,1.0,,,,,,0.003933919,0.002753744,0.000265414,9.06e-06,5.438713965,34.92141023,3.203718643,0.098028676,0.141855358,0.092702476,118.0,59.0,29.0,23.0,11.0,47.11599647,0.611101596,0.018900049,79.35141676,12.60005133,0.100794881,0.003949975,0.03904822,0.858673309,0.897721529,0.017962181,0.480857053,0.498819234,0.498819234,17.0,2.656853922,27.27055362,,,,,,,,,,,,,,,,,,,,,,,,,,,,,,,,,,,,,,,,,,,,,,,,,,,,,,,,,0.05028319,,,,,,,,,,,449.0809027,,44.0,17.0,,,,,,,,,,,,,,,,,,,,,
205,Cooper Kupp,2977187,SEA,101.35,2026,"['RB/WR', 'WR', 'WR/TE', 'RB/WR/TE', 'OP', 'BE', 'IR']",,,,,,,,,,,,,,,,,27.74772185,2.822195523,0.102559859,0.213206491,0.139330442,94.0,47.0,23.0,18.0,9.0,37.85631379,0.332886493,0.010295459,57.21098498,12.46057062,0.102559859,0.002573721,,0.584936577,0.584936577,,0.327564483,0.327564483,0.327564483,17.0,,21.64097861,,,,,,,,,,,,,,,,,,,,,,,,,,,,,,,,,,,,,,,,,,,,,,,,,,,,,,,,,,,,,,,,,,,,,,,,,,,,,,,,,,,,,,,,,,,,
206,Brandon Aiyuk,4360438,SF,0.0,2026,"['RB/WR', 'WR', 'WR/TE', 'RB/WR/TE', 'OP', 'BE', 'IR']",,,,,,,,,,,,,,,,,,,,,,,,,,,,,,,,,,,,,,,,,,,,,,,,,,,,,,,,,,,,,,,,,,,,,,,,,,,,,,,,,,,,,,,,,,,,,,,,,,,,,,,,,,,,,,,,,,,,,,,,,,,,,,,,,,,,,,,
207,Saints D/ST,-16018,NO,83.85,2026,"['D/ST', 'BE', 'IR']",,,,,,,,,,,,,,,,,,,,,,,,,,,,,,,,,,,,,,,,,17.0,,,,,,,,,,,,,,,,,,,,,,,,,,,,,,,,,,,,,,,,,,,,,,,0.160633937,0.722427757,2.685731427,2.651734827,0.123278834,1.562981454,11.55808291,6.279896258,1.955876959,0.264209115,38.09331718,76.18663436,0.180576485,0.27341616,1.041483519,0.521497935,2.140252933,9.661378859,1010.971016,336.0,202.0,43.72055865,76.84364976,1645.416721,273.41616,164.0,65.0,27.0,10.0,373.1578932,2.464753525,3.799120088,2.898210179,1.436356364,0.181031897,21.95046431,5897.203391,0.373887834,3.398980306,3.534939518,4.061781466,3.076077177,1.699490153,0.66280116,0.192042387,346.8943171,,
208,Darnell Mooney,4040655,NYG,91.61,2026,"['RB/WR', 'WR', 'WR/TE', 'RB/WR/TE', 'OP', 'BE', 'IR']",2.226077295,0.700835117,0.076561815,0.003215955,2.0,1.0,,,,,,0.004087373,0.002861161,0.000280372,9.57e-06,5.352103908,26.52633104,2.432557166,0.129995051,0.169526116,0.110785317,90.0,45.0,22.0,18.0,9.0,30.83170858,0.3211014,0.009930971,57.8104253,14.62609918,0.133211006,0.002193864,0.033575585,0.465029966,0.498605551,0.015444769,0.260416781,0.27586155,0.27586155,17.0,2.666594693,19.30793039,,,,,,,,,,,,,,,,,,,,,,,,,,,,,,,,,,,,,,,,,,,,,,,,,,,,,,,,,,,,,,,,,,,,,,,,,,,,,,,,,,,,,,,,,,,,
209,Pat Freiermuth,4361411,PIT,135.84,2026,"['WR/TE', 'TE', 'RB/WR/TE', 'OP', 'BE', 'IR']",,,,,,,,,,,,,,,,,35.34572564,2.785323342,0.085224121,0.111248057,0.072700605,120.0,60.0,30.0,24.0,12.0,59.88095948,0.6318428,0.01954153,85.0193751,10.03453086,0.085224121,0.003697797,,0.840408422,0.840408422,,0.470628717,0.470628717,0.470628717,17.0,,30.20793748,,,,,,,,,,,,,,,,,,,,,,,,,,,,,,,,,,,,,,,,,,,,,,,,,,,,,,,,,,,,,,,,,,,,,,,,,,,,,,,,,,,,,,,,,,,,
210,Jake Elliott,3050478,PHI,135.86,2026,"['K', 'BE', 'IR']",,,,,,,,,,,,,,,,,,,,,,,,,,,,,,,,,,,,,,,,,17.0,,,,,,,,,,,,,,,,,,,,,,,,,,5.224575086,7.7349048,2.510329714,6.952170879,8.8398912,1.887720321,14.96062637,15.924804,0.964177625,27.13737234,32.4996,5.36222766,42.40508963,44.99431689,2.589227257,5.224575086,7.7349048,2.510329714,1043.793535,249.4305478,1293.224083,,,,,,,,,,,,,,,,,,,,,,,,,,,,,,,,,,,,,,,,,,,,,,,,
211,Mike Washington Jr.,4686658,LV,63.97,2026,"['Rookie', 'RB', 'RB/WR', 'RB/WR/TE', 'OP', 'BE', 'IR']",88.61699989,21.47272605,2.241760448,0.12680544,73.0,36.0,18.0,14.0,7.0,17.0,8.0,0.170377583,0.119264308,0.344087533,0.0117,4.119258645,3.520852515,0.272792781,0.017375493,0.042539134,0.027799324,11.0,5.0,2.0,2.0,1.0,8.34753007,0.029379804,0.000908654,10.8331137,7.170323706,0.144180934,0.00365052,0.758239239,0.071424499,0.829663738,0.34879005,0.03999772,0.388787769,0.388787769,17.0,21.45256061,2.515068559,,,,,,,,,,,,,,,,,,,,,,,,,,,,,,,,,,,,,,,,,,,,,,,,,,,,,,,,,,,,,,,,,,,,,,,,,,,,,,,,,,,,,,,,,,,,
212,Braelon Allen,4685247,NYJ,74.71,2026,"['RB', 'RB/WR', 'RB/WR/TE', 'OP', 'BE', 'IR']",82.54091085,20.44909121,2.902005324,0.327967744,69.0,34.0,17.0,13.0,6.0,16.0,8.0,0.158188216,0.110731751,0.311163103,0.0106,4.211663611,5.265538893,0.422952569,0.0515981,0.04481853,0.029288909,17.0,8.0,4.0,3.0,1.0,12.72271518,0.039981051,0.001236527,15.92695371,7.035774984,0.379565844,0.003470448,0.683399996,0.10533811,0.788738106,0.314363998,0.058989341,0.37335334,0.37335334,17.0,20.98805549,4.391617525,,,,,,,,,,,,,,,,,,,,,,,,,,,,,,,,,,,,,,,,,,,,,,,,,,,,,,,,,,,,,,,,,,,,,,,,,,,,,,,,,,,,,,,,,,,,
213,Bryce Young,4685720,CAR,237.04,2026,"['QB', 'OP', 'BE', 'IR']",57.8011684,16.02711713,2.143928725,0.14969024,54.0,27.0,13.0,10.0,5.0,11.0,5.0,0.109335395,0.076534777,0.189680869,0.00647308,4.713762694,,,,,,,,,,,,,,,,1.384703322,0.036449814,0.754636686,,8.284048561,0.347132875,,3.961250576,16.09119849,17.0,16.38163044,,539.5124331,335.8382764,203.6741567,214.2218908,20.34318977,728.0,364.0,182.0,145.0,72.0,36.0,67.0,33.0,2.694656603,1.76095809,2.194473896,0.296415884,1.235013082,12.12994791,0.622484777,37.20058909,7.529411876,3.6141177,,,,,,,,,,,,,,,,,,,,,,,,,,,,,,,,,,,,,,,,,,,,,,,,,,,,,,,,,,,,,,,,,,,,,
214,Antonio Williams,5081432,WSH,114.02,2026,"['Rookie', 'RB/WR', 'WR', 'WR/TE', 'RB/WR/TE', 'OP', 'BE', 'IR']",4.081834722,1.312472385,0.200826982,0.011831277,4.0,2.0,1.0,,,,,0.007502348,0.005251644,0.001124237,3.84e-05,5.466176869,30.52980485,3.182178811,0.248386685,0.226124177,0.14777215,103.0,51.0,25.0,20.0,10.0,40.48217684,0.424862324,0.013140072,61.9258927,12.82062189,0.260217962,0.003573523,0.074390075,0.73777416,0.812164235,0.034219435,0.41315353,0.447372964,0.447372964,17.0,3.223063962,23.69092411,,,,,,,,,,,,,,,,,,,,,,,,,,,,,,,,,,,,,,,,,,,,,,,,,,,,,,,,,,0.099408204,,,,,,,,,,,99.40820384,,,9.0,3.0,,,,,,,,,,,,,,,,,,,
215,De'Zhaun Stribling,4710714,SF,100.51,2026,"['Rookie', 'RB/WR', 'WR', 'WR/TE', 'RB/WR/TE', 'OP', 'BE', 'IR']",,,,,,,,,,,,,,,,,29.31468604,3.116037866,0.159704857,0.332747408,0.217450431,99.0,49.0,24.0,19.0,9.0,33.16021033,0.38705454,0.011970759,53.89694701,15.02854348,0.159704857,0.002659069,,0.604333764,0.604333764,,0.338426908,0.338426908,0.338426908,17.0,,21.42532085,,,,,,,,,,,,,,,,,,,,,,,,,,,,,,,,,,,,,,,,,,,,,,,,,,,,,,,,,,,,,,,,,,,,,,,,,,,,,,,,,,,,,,,,,,,,
216,Trey Smack,4869461,GB,144.19,2026,"['Rookie', 'K', 'BE', 'IR']",,,,,,,,,,,,,,,,,,,,,,,,,,,,,,,,,,,,,,,,,17.0,,,,,,,,,,,,,,,,,,,,,,,,,,5.744558019,8.4231056,2.678547581,7.633740275,9.6264064,1.992666125,16.40523685,17.341688,0.936451152,29.78353514,35.3912,5.607664858,41.32440826,43.54521418,2.220805923,5.744558019,8.4231056,2.678547581,1145.881551,262.4050795,1408.28663,,,,,,,,,,,,,,,,,,,,,,,,,,,,,,,,,,,,,,,,,,,,,,,,
217,Jalen Nailor,4382466,LV,123.21,2026,"['RB/WR', 'WR', 'WR/TE', 'RB/WR/TE', 'OP', 'BE', 'IR']",2.091719684,0.652177516,0.076096395,0.0043047,2.0,1.0,,,,,,0.003840392,0.002688274,0.000236996,8.09e-06,5.300431919,35.63081874,3.012010783,0.191677827,0.186897856,0.122137749,121.0,60.0,30.0,24.0,12.0,44.15221216,0.64667486,0.020000253,75.83179588,13.71899366,0.195982527,0.003495088,0.035929753,0.758408534,0.794338286,0.016527686,0.424708779,0.441236465,0.441236465,17.0,2.630155098,26.84918308,,,,,,,,,,,,,,,,,,,,,,,,,,,,,,,,,,,,,,,,,,,,,,,,,,,,,,,,,,,,,,,,,,,,,,,,,,,,,,,,,,,,,,,,,,,,
218,George Holani,4429835,SEA,40.82,2026,"['RB', 'RB/WR', 'RB/WR/TE', 'OP', 'BE', 'IR']",38.85772932,9.657968694,1.528737425,0.043611637,32.0,16.0,8.0,6.0,3.0,7.0,3.0,0.074919956,0.052443969,0.168,0.00575,4.225297532,3.659299174,0.283339562,0.010291209,0.018163305,0.01186972,12.0,6.0,3.0,2.0,1.0,8.008278273,0.023477621,0.000726112,10.62705173,7.76797257,0.053902846,0.001764411,0.332480846,0.068521738,0.401002584,0.152941189,0.038372173,0.191313362,0.191313362,17.0,11.11617216,3.250887621,,,,,,,,,,,,,,,,,,,,,,,,,,,,,,,,,,,,,,,,,,,,,,,,,,,,,,,,,0.034377494,,,,,,,,,,,307.026584,,30.0,12.0,,,,,,,,,,,,,,,,,,,,,
219,Titans D/ST,-16010,TEN,74.8,2026,"['D/ST', 'BE', 'IR']",,,,,,,,,,,,,,,,,,,,,,,,,,,,,,,,,,,,,,,,,17.0,,,,,,,,,,,,,,,,,,,,,,,,,,,,,,,,,,,,,,,,,,,,,,,0.085772804,0.38215606,1.732440803,2.106104506,0.12788835,1.602046755,12.09787694,6.527698891,1.836501706,0.266123434,41.3203056,82.64061119,0.157324942,0.666186789,1.067927327,0.534119428,2.553446836,10.04261368,1028.385108,342.0,205.0,50.05372323,82.57959232,1716.392887,456.0456077,171.0,68.0,45.0,18.0,403.7532463,2.462783495,4.27165551,3.643221101,2.046658008,0.269207713,23.75019096,5980.547693,0.195236431,2.207020522,3.115294353,4.295201478,3.726469266,2.291905927,0.89978529,0.269086733,351.7969231,,
220,Chris Bell,4869961,MIA,87.66,2026,"['Rookie', 'RB/WR', 'WR', 'WR/TE', 'RB/WR/TE', 'OP', 'BE', 'IR']",,,,,,,,,,,,,,,,,26.40369834,1.657471504,0.086804221,0.197457296,0.129038343,89.0,44.0,22.0,17.0,8.0,34.22783456,0.292394212,0.00904312,55.32637204,13.11397223,0.086804221,0.00274468,,0.62379086,0.62379086,,0.349322881,0.349322881,0.349322881,17.0,,19.70758548,,,,,,,,,,,,,,,,,,,,,,,,,,,,,,,,,,,,,,,,,,,,,,,,,,,,,,,,,,,,,,,,,,,,,,,,,,,,,,,,,,,,,,,,,,,,
221,Bills D/ST,-16002,BUF,66.59,2026,"['D/ST', 'BE', 'IR']",,,,,,,,,,,,,,,,,,,,,,,,,,,,,,,,,,,,,,,,,17.0,,,,,,,,,,,,,,,,,,,,,,,,,,,,,,,,,,,,,,,,,,,,,,,0.057730723,0.254694367,1.375349581,1.901717938,0.124643602,1.556645532,11.76224654,6.775924269,1.926103844,0.263233682,40.81270646,81.62541291,0.378820626,0.21451815,1.027454464,0.529191068,2.274627909,10.42449888,1012.753376,337.0,202.0,52.41691095,70.16872536,1827.378483,217.5448609,182.0,73.0,21.0,8.0,413.9683385,2.462045545,4.448661606,3.922293248,2.275269676,0.302237315,24.35107873,6134.776628,0.118786185,1.696945498,2.935715712,4.39508884,4.004791376,2.545418247,1.001197844,0.302056299,360.8692134,,
222,AJ Barner,4576297,SEA,112.72,2026,"['WR/TE', 'TE', 'RB/WR/TE', 'OP', 'BE', 'IR']",9.201484621,1.057597908,0.465879834,0.013301821,3.0,1.0,,,,1.0,,0.016959317,0.011871522,0.000713034,2.43e-05,1.953941693,25.45254017,3.636331397,0.132202033,0.118552026,0.077473749,86.0,43.0,21.0,17.0,8.0,44.71959495,0.267432066,0.008271095,60.47979239,9.675695482,0.145503854,0.003758959,0.145785479,0.708523446,0.854308925,0.067061321,0.39677313,0.46383445,0.46383445,17.0,3.585395798,22.4622937,,,,,,,,,,,,,,,,,,,,,,,,,,,,,,,,,,,,,,,,,,,,,,,,,,,,,,,,,,,,,,,,,,,,,,,,,,,,,,,,,,,,,,,,,,,,
223,Justice Hill,4038441,BAL,113.03,2026,"['RB', 'RB/WR', 'RB/WR/TE', 'OP', 'BE', 'IR']",48.77017736,13.12875025,1.357424934,0.03514949,44.0,22.0,11.0,8.0,4.0,9.0,4.0,0.0918158,0.06427106,0.127155685,0.004339336,4.576336736,20.53815348,1.677548604,0.055302202,0.094138752,0.061519675,69.0,34.0,17.0,13.0,6.0,39.46610002,0.166123776,0.005137849,51.30778961,8.846797861,0.090451691,0.003683616,0.462731273,0.37445422,0.837185493,0.212856386,0.209694363,0.422550749,0.422550749,17.0,13.58293607,18.16004047,,,,,,,,,,,,,,,,,,,,,,,,,,,,,,,,,,,,,,,,,,,,,,,,,,,,,,,,,,,,,,,,,,,,,,,,,,,,,,,,,,,,,,,,,,,,
224,Keaton Mitchell,4596334,LAC,63.46,2026,"['RB', 'RB/WR', 'RB/WR/TE', 'OP', 'BE', 'IR']",62.39163919,17.27734559,1.791357159,0.044755767,58.0,29.0,14.0,11.0,5.0,12.0,6.0,0.118318027,0.082822619,0.222216771,0.00758,4.707599911,5.44776087,0.463148587,0.01147137,0.050894116,0.033259305,18.0,9.0,4.0,3.0,1.0,12.02925445,0.040992525,0.00126781,15.93195438,7.698892329,0.056227138,0.003065675,0.584123954,0.112620469,0.696744423,0.268697019,0.063067463,0.331764482,0.331764482,17.0,17.11531763,4.335416183,,,,,,,,,,,,,,,,,,,,,,,,,,,,,,,,,,,,,,,,,,,,,,,,,,,,,,,,,0.073510565,,,,,,,,,,,872.3438553,,87.0,34.0,,,,,,,,,,,,,,,,,,,,,
225,Isaac TeSlaa,5123663,DET,72.81,2026,"['RB/WR', 'WR', 'WR/TE', 'RB/WR/TE', 'OP', 'BE', 'IR']",,,,,,,,,,,,,,,,,17.75121428,3.230643921,0.071322768,0.188629651,0.123269477,60.0,30.0,15.0,12.0,6.0,23.75261894,0.126688724,0.003918208,37.64599139,12.70473137,0.071322768,0.001904688,,0.432883552,0.432883552,,0.242414789,0.242414789,0.242414789,17.0,,13.90700637,,,,,,,,,,,,,,,,,,,,,,,,,,,,,,,,,,,,,,,,,,,,,,,,,,,,,,,,,,,,,,,,,,,,,,,,,,,,,,,,,,,,,,,,,,,,
226,David Njoku,3123076,LAC,74.51,2026,"['WR/TE', 'TE', 'RB/WR/TE', 'OP', 'BE', 'IR']",,,,,,,,,,,,,,,,,17.57036599,2.790455138,0.069106117,0.110418067,0.072158207,59.0,29.0,14.0,11.0,5.0,28.99694288,0.124696547,0.003856594,42.48521169,10.30095562,0.069106117,0.001499357,,0.340763047,0.340763047,,0.190827306,0.190827306,0.190827306,17.0,,14.8375802,,,,,,,,,,,,,,,,,,,,,,,,,,,,,,,,,,,,,,,,,,,,,,,,,,,,,,,,,,,,,,,,,,,,,,,,,,,,,,,,,,,,,,,,,,,,
227,Adonai Mitchell,4597500,NYJ,125.25,2026,"['RB/WR', 'WR', 'WR/TE', 'RB/WR/TE', 'OP', 'BE', 'IR']",2.172129233,0.656699447,0.10838025,0.012248505,2.0,1.0,,,,,,0.003988199,0.00279174,0.00024074,8.22e-06,5.139606994,35.93089118,3.522523979,0.429450488,0.210027474,0.137252954,122.0,61.0,30.0,24.0,12.0,41.5268413,0.660792822,0.020436891,74.32578396,14.70916474,0.441698993,0.003845509,0.043442585,0.830536826,0.873979411,0.019983589,0.465100623,0.485084212,0.485084212,17.0,2.661703542,26.60020326,,,,,,,,,,,,,,,,,,,,,,,,,,,,,,,,,,,,,,,,,,,,,,,,,,,,,,,,,,,,,,,,,,,,,,,,,,,,,,,,,,,,,,,,,,,,
228,Aaron Rodgers,8439,PIT,216.73,2026,"['QB', 'OP', 'BE', 'IR']",28.12290993,5.855681222,0.885160728,0.029821208,19.0,9.0,4.0,3.0,1.0,5.0,2.0,0.052363913,0.036654739,0.024872199,0.000849,3.53969703,,,,,,,,,,,,,,,,0.644013031,0.032075594,0.323241413,,7.289907776,0.14869105,,3.492690904,14.64066662,17.0,7.801657329,,568.418782,362.6697789,205.7490031,221.639772,20.0544968,753.0,376.0,188.0,150.0,75.0,37.0,72.0,36.0,2.867711205,1.874049272,2.458916774,0.332135183,0.614191823,11.14797572,0.638032715,37.70073926,6.966666363,3.343999854,,,,,,,,,,,,,,,,,,,,,,,,,,,,,,,,,,,,,,,,,,,,,,,,,,,,,,,,,,,,,,,,,,,,,
229,Wil Lutz,2985659,DEN,135.68,2026,"['K', 'BE', 'IR']",,,,,,,,,,,,,,,,,,,,,,,,,,,,,,,,,,,,,,,,,17.0,,,,,,,,,,,,,,,,,,,,,,,,,,5.400701836,7.8577128,2.457010964,7.169037665,8.9802432,1.811205535,15.38999003,16.177644,0.787653968,27.95972953,33.0156,5.055870467,38.88915257,40.75097516,1.861822586,5.400701836,7.8577128,2.457010964,1075.944295,237.8124602,1313.756755,,,,,,,,,,,,,,,,,,,,,,,,,,,,,,,,,,,,,,,,,,,,,,,,
230,Nick Folk,10621,ATL,141.36,2026,"['K', 'BE', 'IR']",,,,,,,,,,,,,,,,,,,,,,,,,,,,,,,,,,,,,,,,,17.0,,,,,,,,,,,,,,,,,,,,,,,,,,6.198023735,8.198543617,2.000519882,8.123499516,9.369764134,1.246264618,16.71056096,16.87935451,0.168793545,31.03208421,34.44766226,3.415578045,31.15857237,31.79446161,0.635889232,6.198023735,8.198543617,2.000519882,1201.567589,169.1737878,1370.741377,,,,,,,,,,,,,,,,,,,,,,,,,,,,,,,,,,,,,,,,,,,,,,,,
231,Ray Davis,4429501,BUF,36.34,2026,"['RB', 'RB/WR', 'RB/WR/TE', 'OP', 'BE', 'IR']",32.29631629,8.103960403,1.062129437,0.050604355,27.0,13.0,6.0,5.0,2.0,6.0,3.0,0.06027186,0.042190302,0.04830748,0.001648549,4.26572881,3.526875601,0.390420294,0.031395027,0.052080566,0.03403465,11.0,5.0,2.0,2.0,1.0,7.751222433,0.029425545,0.000910068,10.22938689,7.735152196,0.081999382,0.001768061,0.324057207,0.077774798,0.401832005,0.149066315,0.043553887,0.192620202,0.192620202,17.0,9.477671295,2.430073692,,,,,,,,,,,,,,,,,,,,,,,,,,,,,,,,,,,,,,,,,,,,,,,,,,,,,,,,,0.347350056,,,,,,,,,,,1541.415703,,154.0,61.0,,,,,,,,,,,,,,,,,,,,,
232,Colts D/ST,-16011,IND,90.93,2026,"['D/ST', 'BE', 'IR']",,,,,,,,,,,,,,,,,,,,,,,,,,,,,,,,,,,,,,,,,17.0,,,,,,,,,,,,,,,,,,,,,,,,,,,,,,,,,,,,,,,,,,,,,,,0.188737748,0.850170034,3.043608722,2.856571314,0.125870001,1.6028685,11.82885098,6.172680489,1.852913532,0.261004952,39.24162966,78.48325932,0.146425383,0.227039405,1.077289146,0.525579355,2.10220329,9.496431522,1001.266013,333.0,200.0,34.35186828,79.39255643,1741.806322,277.8106811,174.0,69.0,27.0,11.0,366.2100601,2.465493099,3.621724345,2.618523705,1.207241448,0.147929586,21.54176824,5845.977157,0.476142843,4.081224367,3.77513254,3.928178454,2.703811143,1.360408122,0.527158147,0.147944383,343.8810092,,
233,Giants D/ST,-16019,NYG,75.17,2026,"['D/ST', 'BE', 'IR']",,,,,,,,,,,,,,,,,,,,,,,,,,,,,,,,,,,,,,,,,17.0,,,,,,,,,,,,,,,,,,,,,,,,,,,,,,,,,,,,,,,,,,,,,,,0.104476866,0.467172979,1.970620566,2.242430299,0.127815946,1.584413399,11.43558772,6.383543273,1.912975654,0.271714584,40.3038203,80.60764061,0.411649164,0.231858625,1.046641662,0.537771737,2.355737134,9.820835805,1025.695307,341.0,205.0,51.7666152,76.74781402,1784.872653,294.0798316,178.0,71.0,29.0,11.0,399.7335458,2.463275707,4.153592485,3.457080044,1.894174078,0.247176976,23.51373799,5945.68542,0.297277042,2.887834124,3.354983762,4.161878591,3.354983762,1.953534849,0.76442668,0.225081189,349.7462012,,
234,Odell Beckham Jr.,16733,NYG,34.64,2026,"['RB/WR', 'WR', 'WR/TE', 'RB/WR/TE', 'OP', 'BE', 'IR']",0.260100354,0.084700521,0.010496802,0.000438581,,,,,,,,0.000478147,0.000334703,8.03e-05,2.74e-06,5.535974223,9.664634748,0.897863646,0.047969466,0.147378527,0.096311867,32.0,16.0,8.0,6.0,3.0,13.32297662,0.066059209,0.002043068,21.76284206,12.33198822,0.048408047,0.000917011,0.003990843,0.204420735,0.208411578,0.001835788,0.114475612,0.116311399,0.116311399,17.0,0.194128045,6.784902222,,,,,,,,,,,,,,,,,,,,,,,,,,,,,,,,,,,,,,,,,,,,,,,,,,,,,,,,,,,,,,,,,,,,,,,,,,,,,,,,,,,,,,,,,,,,
235,Dylan Sampson,5081397,CLE,85.21,2026,"['RB', 'RB/WR', 'RB/WR/TE', 'OP', 'BE', 'IR']",54.51707815,13.38171001,1.035591206,0.062769942,45.0,22.0,11.0,9.0,4.0,10.0,5.0,0.102967719,0.072077403,0.133406429,0.00455265,4.172803787,12.15513285,1.205995704,0.085884797,0.046193591,0.030187512,41.0,20.0,10.0,8.0,4.0,29.55623322,0.077106667,0.002384742,36.22349725,6.991325884,0.148654739,0.003287098,0.484433681,0.262633937,0.747067618,0.222839493,0.147075005,0.369914498,0.369914498,17.0,13.83735254,11.77852558,,,,,,,,,,,,,,,,,,,,,,,,,,,,,,,,,,,,,,,,,,,,,,,,,,,,,,,,,0.104948343,,,,,,,,,,,937.2972664,,93.0,37.0,,,,,,,,,,,,,,,,,,,,,
236,Andy Borregales,4569923,NE,129.02,2026,"['K', 'BE', 'IR']",,,,,,,,,,,,,,,,,,,,,,,,,,,,,,,,,,,,,,,,,17.0,,,,,,,,,,,,,,,,,,,,,,,,,,4.876475977,7.290892,2.414416023,6.498017131,8.332448,1.834430869,14.00261772,15.01066,1.008042277,25.37711083,30.634,5.25688917,41.89827404,44.77053169,2.872257652,4.876475977,7.290892,2.414416023,975.8190053,243.1691227,1218.988128,,,,,,,,,,,,,,,,,,,,,,,,,,,,,,,,,,,,,,,,,,,,,,,,
237,Jonah Coleman,4702555,DEN,40.21,2026,"['Rookie', 'RB', 'RB/WR', 'RB/WR/TE', 'OP', 'BE', 'IR']",24.54546365,5.993131856,0.78182602,0.047859584,20.0,10.0,5.0,4.0,2.0,4.0,2.0,0.045616919,0.031931843,0.026225728,0.000894983,4.15079719,5.535923059,0.594941651,0.036105544,0.043330182,0.028316274,18.0,9.0,4.0,3.0,1.0,13.09657273,0.041480001,0.001282887,16.94929477,7.185902295,0.083965128,0.001417147,0.210019902,0.112059033,0.322078936,0.096609155,0.062753059,0.159362214,0.159362214,17.0,7.586177941,4.673915299,,,,,,,,,,,,,,,,,,,,,,,,,,,,,,,,,,,,,,,,,,,,,,,,,,,,,,,,,,,,,,,,,,,,,,,,,,,,,,,,,,,,,,,,,,,,
238,Rashod Bateman,4360939,BAL,122.2,2026,"['RB/WR', 'WR', 'WR/TE', 'RB/WR/TE', 'OP', 'BE', 'IR']",,,,,,,,,,,,,,,,,36.17164505,3.972750926,0.130935577,0.352612919,0.230432543,122.0,61.0,30.0,24.0,12.0,37.69956715,0.673260956,0.020822504,65.30082314,16.31100865,0.130935577,0.002412362,,0.548264075,0.548264075,,0.307027882,0.307027882,0.307027882,17.0,,26.0248099,,,,,,,,,,,,,,,,,,,,,,,,,,,,,,,,,,,,,,,,,,,,,,,,,,,,,,,,,,,,,,,,,,,,,,,,,,,,,,,,,,,,,,,,,,,,
239,Gunnar Helm,4686728,TEN,125.95,2026,"['WR/TE', 'TE', 'RB/WR/TE', 'OP', 'BE', 'IR']",,,,,,,,,,,,,,,,,29.12788306,3.312724002,0.05218,0.072928422,0.047658723,99.0,49.0,24.0,19.0,9.0,57.74440451,0.376017268,0.0116294,77.21876471,8.575272638,0.05218,0.003107051,,0.706148021,0.706148021,,0.395442892,0.395442892,0.395442892,17.0,,27.0217254,,,,,,,,,,,,,,,,,,,,,,,,,,,,,,,,,,,,,,,,,,,,,,,,,,,,,,,,,,,,,,,,,,,,,,,,,,,,,,,,,,,,,,,,,,,,
240,Jake Tonges,4259147,SF,32.42,2026,"['WR/TE', 'TE', 'RB/WR/TE', 'OP', 'BE', 'IR']",,,,,,,,,,,,,,,,,7.941135693,1.055151494,0.054052905,0.117567582,0.076830415,26.0,13.0,6.0,5.0,2.0,13.15926908,0.101159029,0.00312863,18.48087496,10.25887578,0.054052905,0.00070806,,0.16092281,0.16092281,,0.090116773,0.090116773,0.090116773,17.0,,6.003940475,,,,,,,,,,,,,,,,,,,,,,,,,,,,,,,,,,,,,,,,,,,,,,,,,,,,,,,,,,,,,,,,,,,,,,,,,,,,,,,,,,,,,,,,,,,,
241,Malik Washington,4569603,MIA,104.94,2026,"['RB/WR', 'WR', 'WR/TE', 'RB/WR/TE', 'OP', 'BE', 'IR']",12.88294626,4.556780957,0.433857245,0.016461101,15.0,7.0,3.0,3.0,1.0,2.0,1.0,0.023791808,0.016654265,0.014930771,0.00051,6.013009347,25.41520511,1.568914248,0.08213723,0.116644271,0.076227031,86.0,43.0,21.0,17.0,8.0,41.02496484,0.266401379,0.008239218,60.35604223,10.5315992,0.098598331,0.004467577,0.242650964,0.772707351,1.015358315,0.111619444,0.432716116,0.54433556,0.54433556,17.0,5.793751039,20.75726414,,,,,,,,,,,,,,,,,,,,,,,,,,,,,,,,,,,,,,,,,,,,,,,,,,,,,,,,,0.150976578,0.309427573,,,,,,,,,,1815.623501,241.8937776,181.0,72.0,24.0,9.0,,,,,,,,,,,,,,,,,,,
242,Jordan James,4685397,SF,57.95,2026,"['RB', 'RB/WR', 'RB/WR/TE', 'OP', 'BE', 'IR']",70.76538763,17.78301294,2.018173444,0.100032282,60.0,30.0,15.0,12.0,6.0,14.0,7.0,0.134792212,0.094354549,0.236,0.00805,4.27202097,3.709016171,0.347253062,0.01780596,0.057542517,0.037604035,12.0,6.0,3.0,2.0,1.0,8.143338789,0.030617272,0.000946926,10.5348978,7.742926647,0.117838242,0.002970756,0.60549436,0.069677365,0.675171724,0.278527406,0.039019324,0.31754673,0.31754673,17.0,18.08339984,2.587184468,,,,,,,,,,,,,,,,,,,,,,,,,,,,,,,,,,,,,,,,,,,,,,,,,,,,,,,,,,,,,,,,,,,,,,,,,,,,,,,,,,,,,,,,,,,,
243,Greg Dulcich,4367209,MIA,119.07,2026,"['WR/TE', 'TE', 'RB/WR/TE', 'OP', 'BE', 'IR']",,,,,,,,,,,,,,,,,34.17586451,1.64341975,0.086040641,0.159241496,0.104064318,116.0,58.0,29.0,23.0,11.0,51.7578024,0.575876781,0.017810622,75.44505279,11.22516161,0.086040641,0.002897751,,0.65857981,0.65857981,,0.368804694,0.368804694,0.368804694,17.0,,27.34103685,,,,,,,,,,,,,,,,,,,,,,,,,,,,,,,,,,,,,,,,,,,,,,,,,,,,,,,,,,,,,,,,,,,,,,,,,,,,,,,,,,,,,,,,,,,,
244,Jacoby Brissett,2578570,ARI,199.32,2026,"['QB', 'OP', 'BE', 'IR']",47.20195483,12.37024264,1.312642862,0.067066012,42.0,21.0,10.0,8.0,4.0,9.0,4.0,0.08906798,0.062347586,0.127135454,0.00434,4.455199486,,,,,,,,,,,,,,,,0.895553638,0.033592452,0.597102924,,7.63464814,0.274667345,,3.652689049,12.83443628,17.0,13.01888514,,516.5479306,327.0350483,189.5128823,197.5914727,15.02944837,671.0,335.0,167.0,134.0,67.0,33.0,65.0,32.0,2.562109983,1.674338874,2.233297798,0.301659975,0.828487626,9.181747231,0.633116559,39.78143565,7.037545216,3.378021704,,,,,,,,,,,,,,,,,,,,,,,,,,,,,,,,,,,,,,,,,,,,,,,,,,,,,,,,,,,,,,,,,,,,,
245,Ja'Kobi Lane,4870847,BAL,81.64,2026,"['Rookie', 'RB/WR', 'WR', 'WR/TE', 'RB/WR/TE', 'OP', 'BE', 'IR']",,,,,,,,,,,,,,,,,23.14427169,2.856992043,0.094167322,0.346610993,0.226510284,78.0,39.0,19.0,15.0,7.0,25.82188843,0.214077689,0.006620959,41.97910059,15.23717445,0.094167322,0.002070619,,0.470595297,0.470595297,,0.263533367,0.263533367,0.263533367,17.0,,16.75409836,,,,,,,,,,,,,,,,,,,,,,,,,,,,,,,,,,,,,,,,,,,,,,,,,,,,,,,,,,,,,,,,,,,,,,,,,,,,,,,,,,,,,,,,,,,,
246,Kayshon Boutte,4429022,NE,76.91,2026,"['RB/WR', 'WR', 'WR/TE', 'RB/WR/TE', 'OP', 'BE', 'IR']",,,,,,,,,,,,,,,,,21.55449075,2.373696157,0.091065339,0.278431419,0.181954932,73.0,36.0,18.0,14.0,7.0,26.9155152,0.183248215,0.005667471,41.5016432,13.61394497,0.091065339,0.001726653,,0.392421024,0.392421024,,0.219755774,0.219755774,0.219755774,17.0,,16.06046605,,,,,,,,,,,,,,,,,,,,,,,,,,,,,,,,,,,,,,,,,,,,,,,,,,,,,,,,,,,,,,,,,,,,,,,,,,,,,,,,,,,,,,,,,,,,
247,Evan Engram,3051876,DEN,106.1,2026,"['WR/TE', 'TE', 'RB/WR/TE', 'OP', 'BE', 'IR']",,,,,,,,,,,,,,,,,27.2636478,2.175392289,0.131915274,0.097233301,0.063541962,92.0,46.0,23.0,18.0,9.0,47.31842962,0.317076997,0.009806505,67.7971791,9.794957614,0.131915274,0.002167878,,0.492699476,0.492699476,,0.275911706,0.275911706,0.275911706,17.0,,23.30628821,,,,,,,,,,,,,,,,,,,,,,,,,,,,,,,,,,,,,,,,,,,,,,,,,,,,,,,,,,,,,,,,,,,,,,,,,,,,,,,,,,,,,,,,,,,,
248,Emmett Johnson,4832955,KC,44.9,2026,"['Rookie', 'RB', 'RB/WR', 'RB/WR/TE', 'OP', 'BE', 'IR']",49.44734033,12.07600347,1.576518555,0.06820902,41.0,20.0,10.0,8.0,4.0,9.0,4.0,0.093129961,0.065190973,0.108153149,0.003690852,4.151731068,3.4802296,0.389341463,0.017429882,0.041306195,0.026993599,11.0,5.0,2.0,2.0,1.0,8.389107532,0.029110524,0.000900325,10.8706733,7.0524669,0.085638903,0.002177426,0.423089404,0.071780251,0.494869655,0.194621126,0.040196941,0.234818067,0.234818067,17.0,13.18312293,2.553160255,,,,,,,,,,,,,,,,,,,,,,,,,,,,,,,,,,,,,,,,,,,,,,,,,,,,,,,,,,,,,,,,,,,,,,,,,,,,,,,,,,,,,,,,,,,,
249,Nicholas Singleton,4685555,TEN,18.4,2026,"['Rookie', 'RB', 'RB/WR', 'RB/WR/TE', 'OP', 'BE', 'IR']",20.26694388,4.907731995,0.548585084,0.007364542,16.0,8.0,4.0,3.0,1.0,4.0,2.0,0.037578096,0.026304667,0.017402746,0.000593889,4.116626779,1.758786451,0.155850634,0.002456544,0.039733429,0.025965796,5.0,2.0,1.0,1.0,,4.291642703,0.016350945,0.000505699,5.51562605,6.96688232,0.009821086,0.000924582,0.173411333,0.036720854,0.210132187,0.079769213,0.020563678,0.100332891,0.100332891,17.0,6.529331823,0.716733807,,,,,,,,,,,,,,,,,,,,,,,,,,,,,,,,,,,,,,,,,,,,,,,,,,,,,,,,,0.009711416,,,,,,,,,,,86.73299278,,8.0,3.0,,,,,,,,,,,,,,,,,,,,,
250,MarShawn Lloyd,4429023,GB,63.52,2026,"['RB', 'RB/WR', 'RB/WR/TE', 'OP', 'BE', 'IR']",67.23417116,16.84572653,2.099208158,0.057181372,57.0,28.0,14.0,11.0,5.0,13.0,6.0,0.127822739,0.089475917,0.211,0.00719,4.25940182,5.00398617,0.558051213,0.017830149,0.040227516,0.026288682,17.0,8.0,4.0,3.0,1.0,12.05176908,0.038502348,0.001190794,15.71586943,7.05852928,0.07501152,0.002984957,0.575279989,0.103119314,0.678399303,0.264628795,0.057746816,0.322375611,0.322375611,17.0,17.39126652,4.171316555,,,,,,,,,,,,,,,,,,,,,,,,,,,,,,,,,,,,,,,,,,,,,,,,,,,,,,,,,,,,,,,,,,,,,,,,,,,,,,,,,,,,,,,,,,,,
251,Zachariah Branch,4870612,ATL,100.75,2026,"['Rookie', 'RB/WR', 'WR', 'WR/TE', 'RB/WR/TE', 'OP', 'BE', 'IR']",,,,,,,,,,,,,,,,,27.72457545,2.318947497,0.136080348,0.170311297,0.111298433,94.0,47.0,23.0,18.0,9.0,38.34113611,0.330730642,0.010228783,60.22312815,12.29274431,0.136080348,0.003074519,,0.698754407,0.698754407,,0.391302468,0.391302468,0.391302468,17.0,,21.53484876,,,,,,,,,,,,,,,,,,,,,,,,,,,,,,,,,,,,,,,,,,,,,,,,,,,,,,,,,0.097887538,0.234133768,,,,,,,,,,874.2369766,234.1337684,87.0,34.0,23.0,9.0,,,,,,,,,,,,,,,,,,,
252,Bengals D/ST,-16004,CIN,96.93,2026,"['D/ST', 'BE', 'IR']",,,,,,,,,,,,,,,,,,,,,,,,,,,,,,,,,,,,,,,,,17.0,,,,,,,,,,,,,,,,,,,,,,,,,,,,,,,,,,,,,,,,,,,,,,,0.207482993,0.93537415,3.282312925,2.993197279,0.125029779,1.589394919,12.27770046,6.33199662,1.842834836,0.259930424,38.72107452,77.44214904,0.305089732,0.299433296,1.06599333,0.523401589,2.318947727,9.741533262,1034.104462,344.0,206.0,21.98463949,78.69459181,1596.300217,278.8184655,159.0,63.0,27.0,11.0,362.1665651,2.465986395,3.503401361,2.431972789,1.054421769,0.12585034,21.3039156,5894.424306,0.399440084,3.56946458,3.594960756,4.028395741,2.983052542,1.614757786,0.628905664,0.181022847,346.7308416,,
253,Tre' Harris,4686612,LAC,88.71,2026,"['RB/WR', 'WR', 'WR/TE', 'RB/WR/TE', 'OP', 'BE', 'IR']",,,,,,,,,,,,,,,,,24.02044581,2.460390878,0.060899626,0.160940036,0.105174313,81.0,40.0,20.0,16.0,8.0,34.51572666,0.233147204,0.007210738,53.10651461,11.8307687,0.060899626,0.002767765,,0.629037597,0.629037597,,0.352261054,0.352261054,0.352261054,17.0,,18.98427896,,,,,,,,,,,,,,,,,,,,,,,,,,,,,,,,,,,,,,,,,,,,,,,,,,,,,,,,,,,,,,,,,,,,,,,,,,,,,,,,,,,,,,,,,,,,
254,Kaelon Black,4696044,SF,28.17,2026,"['Rookie', 'RB', 'RB/WR', 'RB/WR/TE', 'OP', 'BE', 'IR']",35.38269381,8.621627906,1.031670029,0.0511355,29.0,14.0,7.0,5.0,2.0,7.0,3.0,0.066142307,0.046299615,0.05492928,0.001874526,4.14235488,1.84854926,0.183438019,0.009406329,0.056870639,0.037164963,6.0,3.0,1.0,1.0,,4.061852859,0.017086611,0.000528452,5.267448899,7.736700101,0.060541829,0.001485008,0.30274718,0.034754688,0.337501868,0.139263703,0.019462626,0.158726328,0.158726328,17.0,9.939617582,0.717718241,,,,,,,,,,,,,,,,,,,,,,,,,,,,,,,,,,,,,,,,,,,,,,,,,,,,,,,,,,,,,,,,,,,,,,,,,,,,,,,,,,,,,,,,,,,,
255,Ryan Flournoy,5083754,DAL,88.93,2026,"['RB/WR', 'WR', 'WR/TE', 'RB/WR/TE', 'OP', 'BE', 'IR']",2.211380636,0.726468144,0.094854069,0.003574366,2.0,1.0,,,,,,0.004060356,0.002842249,0.000304652,1.04e-05,5.584727586,22.57640721,2.655264261,0.094951321,0.148653248,0.097144897,76.0,38.0,19.0,15.0,7.0,33.94955327,0.202558494,0.006264696,50.88286281,11.30497711,0.098525687,0.002909043,0.040431638,0.620714507,0.661146145,0.018598553,0.347600124,0.366198677,0.366198677,17.0,2.694052358,18.25796048,,,,,,,,,,,,,,,,,,,,,,,,,,,,,,,,,,,,,,,,,,,,,,,,,,,,,,,,,,,,,,,,,,,,,,,,,,,,,,,,,,,,,,,,,,,,
256,Shedeur Sanders,4432762,CLE,94.61,2026,"['QB', 'OP', 'BE', 'IR']",21.17417737,7.015991798,0.622049972,0.037503253,23.0,11.0,5.0,4.0,2.0,4.0,2.0,0.039838844,0.027887191,0.081905394,0.002795117,5.632892297,,,,,,,,,,,,,,,,0.536677548,0.012581045,0.223257901,,2.859328296,0.102698634,,1.368012424,6.925077386,17.0,7.849380496,,232.1246726,146.90225,85.22242257,95.48388724,7.145043021,324.0,162.0,81.0,64.0,32.0,16.0,29.0,14.0,1.200206828,0.784335162,1.099793693,0.148553291,0.499174295,5.557064962,0.632859266,17.88494332,2.636070395,1.26531379,,,,,,,,,,,,,,,,,,,,,,,,,,,,,,,,,,,,,,,,,,,,,,,,,,,,,,,,,,,,,,,,,,,,,
257,Geno Smith,15864,NYJ,230.43,2026,"['QB', 'OP', 'BE', 'IR']",58.02950085,12.935463,1.039806559,0.117544637,43.0,21.0,10.0,8.0,4.0,11.0,5.0,0.109781594,0.076847116,0.123,0.00421,3.789501335,,,,,,,,,,,,,,,,2.588141667,0.031615088,0.656312948,,7.185247252,0.301903956,,3.435792422,17.77510405,17.0,13.79773553,,530.5996068,361.0809614,169.5186454,224.299574,20.34356689,762.0,381.0,190.0,152.0,76.0,38.0,72.0,36.0,2.931010097,1.915415098,2.56156805,0.346000679,2.47059703,14.33931163,0.680514943,46.67195272,6.528934304,3.133888466,,,,,,,,,,,,,,,,,,,,,,,,,,,,,,,,,,,,,,,,,,,,,,,,,,,,,,,,,,,,,,,,,,,,,
258,Christian Kirk,3895856,SF,8.78,2026,"['RB/WR', 'WR', 'WR/TE', 'RB/WR/TE', 'OP', 'BE', 'IR']",,,,,,,,,,,,,,,,,2.470569756,0.278309521,0.014263404,0.188278137,0.123039763,8.0,4.0,2.0,1.0,,3.139898808,0.021962767,0.000679261,5.267448899,13.3761272,0.014263404,0.000228713,,0.051980192,0.051980192,,0.029108907,0.029108907,0.029108907,17.0,,0.837968006,,,,,,,,,,,,,,,,,,,,,,,,,,,,,,,,,,,,,,,,,,,,,,,,,,,,,,,,,,,,,,,,,,,,,,,,,,,,,,,,,,,,,,,,,,,,
259,Cade Otton,4243331,TB,102.2,2026,"['WR/TE', 'TE', 'RB/WR/TE', 'OP', 'BE', 'IR']",,,,,,,,,,,,,,,,,25.9300507,2.289557549,0.198570738,0.09958776,0.065080601,88.0,44.0,22.0,17.0,8.0,44.55740406,0.279727903,0.008651378,63.9900449,9.893100176,0.198570738,0.00197605,,0.449102355,0.449102355,,0.251497319,0.251497319,0.251497319,17.0,,22.09846197,,,,,,,,,,,,,,,,,,,,,,,,,,,,,,,,,,,,,,,,,,,,,,,,,,,,,,,,,,,,,,,,,,,,,,,,,,,,,,,,,,,,,,,,,,,,
260,Tua Tagovailoa,4241479,ATL,113.68,2026,"['QB', 'OP', 'BE', 'IR']",15.88471284,2.584376367,0.2615094,0.013657911,8.0,4.0,2.0,1.0,,3.0,1.0,0.029587885,0.020711519,0.00872,0.000298,2.765828925,,,,,,,,,,,,,,,,0.623558186,0.023268913,0.248734344,,5.288389375,0.114417798,,2.533452213,10.48333211,17.0,4.715451476,,301.7446172,204.1299082,97.61470902,127.6978424,10.42181694,434.0,217.0,108.0,86.0,43.0,21.0,40.0,20.0,1.69817503,1.109757382,1.65126276,0.223042302,0.609900275,7.949879892,0.676498922,20.09864624,5.039655032,2.419034415,,,,,,,,,,,,,,,,,,,,,,,,,,,,,,,,,,,,,,,,,,,,,,,,,,,,,,,,,,,,,,,,,,,,,
261,Jack Bech,4603186,LV,81.91,2026,"['RB/WR', 'WR', 'WR/TE', 'RB/WR/TE', 'OP', 'BE', 'IR']",,,,,,,,,,,,,,,,,23.39853004,1.482161294,0.094247808,0.131724989,0.086082281,79.0,39.0,19.0,15.0,7.0,34.52063531,0.219810708,0.006798269,54.16556849,11.52281837,0.094247808,0.002768159,,0.629127056,0.629127056,,0.352311151,0.352311151,0.352311151,17.0,,18.2938345,,,,,,,,,,,,,,,,,,,,,,,,,,,,,,,,,,,,,,,,,,,,,,,,,,,,,,,,,,,,,,,,,,,,,,,,,,,,,,,,,,,,,,,,,,,,
262,Panthers D/ST,-16029,CAR,70.99,2026,"['D/ST', 'BE', 'IR']",,,,,,,,,,,,,,,,,,,,,,,,,,,,,,,,,,,,,,,,,17.0,,,,,,,,,,,,,,,,,,,,,,,,,,,,,,,,,,,,,,,,,,,,,,,0.123188406,0.552223888,2.208895552,2.378810595,0.123339631,1.551206567,10.76973204,5.320259138,1.972603309,0.26453136,37.25074934,74.50149868,0.158468185,0.222207831,1.026461606,0.524744961,2.055222214,8.185014058,1002.566668,334.0,200.0,41.0933979,67.32405941,1555.369905,216.4010058,155.0,62.0,21.0,8.0,386.1886849,2.463768116,4.035482259,3.270864568,1.741629185,0.225137431,22.71698146,5962.626846,0.246241446,2.547325308,3.235103142,4.228560012,3.540782179,2.12277109,0.832126267,0.247090555,350.7427556,,
263,Jason Sanders,3124679,NYJ,128.34,2026,"['K', 'BE', 'IR']",,,,,,,,,,,,,,,,,,,,,,,,,,,,,,,,,,,,,,,,,17.0,,,,,,,,,,,,,,,,,,,,,,,,,,5.531310338,7.7121996,2.180889262,7.299845135,8.8139424,1.514097265,15.57979918,15.878058,0.298258817,28.41095466,32.4042,3.993245344,28.73697466,29.32344353,0.586468871,5.531310338,7.7121996,2.180889262,1094.577765,194.8501616,1289.427926,,,,,,,,,,,,,,,,,,,,,,,,,,,,,,,,,,,,,,,,,,,,,,,,
264,Mike Gesicki,3116164,CIN,106.75,2026,"['WR/TE', 'TE', 'RB/WR/TE', 'OP', 'BE', 'IR']",,,,,,,,,,,,,,,,,23.14892887,4.600867396,0.215304058,0.099491758,0.065017864,78.0,39.0,19.0,15.0,7.0,40.14229233,0.214367513,0.006629923,57.20453839,9.803420979,0.215304058,0.001742336,,0.395985537,0.395985537,,0.221751901,0.221751901,0.221751901,17.0,,20.7334717,,,,,,,,,,,,,,,,,,,,,,,,,,,,,,,,,,,,,,,,,,,,,,,,,,,,,,,,,,,,,,,,,,,,,,,,,,,,,,,,,,,,,,,,,,,,
265,Raiders D/ST,-16013,LV,65.47,2026,"['D/ST', 'BE', 'IR']",,,,,,,,,,,,,,,,,,,,,,,,,,,,,,,,,,,,,,,,,17.0,,,,,,,,,,,,,,,,,,,,,,,,,,,,,,,,,,,,,,,,,,,,,,,0.076423576,0.33966034,1.613386613,2.037962038,0.124334343,1.560151073,10.73011749,7.140758693,1.919569504,0.263047443,38.31254959,76.62509918,0.167162939,0.207535444,1.033521911,0.526629161,2.059183798,10.9857826,1061.175422,353.0,212.0,57.71444531,52.56396416,1746.681361,209.2649064,174.0,69.0,20.0,8.0,406.4933169,2.462537463,4.330669331,3.736263736,2.122877123,0.28021978,23.91137158,6056.32345,0.169745382,2.036944583,3.055416875,4.328507239,3.819271093,2.376435347,0.933599601,0.28007988,356.2543206,,
266,Kimani Vidal,4430968,LAC,38.1,2026,"['RB', 'RB/WR', 'RB/WR/TE', 'OP', 'BE', 'IR']",37.43498351,9.000642031,1.215482402,0.030367952,30.0,15.0,7.0,6.0,3.0,7.0,3.0,0.070055374,0.049038762,0.05981946,0.002041409,4.087377639,3.68681755,0.369934821,0.009163573,0.053726453,0.035110237,12.0,6.0,3.0,2.0,1.0,7.840446171,0.030473304,0.000942473,10.62130292,7.99391986,0.039531525,0.001584002,0.29765847,0.062342093,0.360000563,0.136922896,0.034911572,0.171834468,0.171834468,17.0,10.41889125,2.517013613,,,,,,,,,,,,,,,,,,,,,,,,,,,,,,,,,,,,,,,,,,,,,,,,,,,,,,,,,,,,,,,,,,,,,,,,,,,,,,,,,,,,,,,,,,,,
267,Samaje Perine,3116389,CIN,99.43,2026,"['RB', 'RB/WR', 'RB/WR/TE', 'OP', 'BE', 'IR']",101.8291848,26.11841923,3.352213876,0.227579788,88.0,44.0,22.0,17.0,8.0,20.0,10.0,0.197110848,0.137977594,0.508,0.0173,4.360372008,8.194708969,0.733644045,0.034333019,0.059534286,0.038905656,27.0,13.0,6.0,5.0,2.0,18.75911501,0.055203616,0.001707328,22.88181535,7.426259307,0.261912807,0.007339755,1.408626891,0.259499218,1.668126109,0.64796837,0.145319562,0.793287932,0.793287932,17.0,25.74976442,7.267734069,,,,,,,,,,,,,,,,,,,,,,,,,,,,,,,,,,,,,,,,,,,,,,,,,,,,,,,,,0.029049061,,,,,,,,,,,327.1149626,,32.0,13.0,,,,,,,,,,,,,,,,,,,,,
268,Jaydon Blue,4685279,DAL,46.11,2026,"['RB', 'RB/WR', 'RB/WR/TE', 'OP', 'BE', 'IR']",48.650374,12.06106674,1.529012613,0.057617461,41.0,20.0,10.0,8.0,4.0,9.0,4.0,0.091588397,0.064111878,0.107785415,0.003678303,4.214523294,3.636250132,0.391301268,0.014000944,0.041994661,0.027443511,12.0,6.0,3.0,2.0,1.0,8.757731714,0.030142624,0.000932246,11.30730285,7.058477499,0.071618405,0.0021613,0.416270271,0.074934334,0.491204604,0.191484325,0.041963227,0.233447551,0.233447551,17.0,13.09071507,2.71112464,,,,,,,,,,,,,,,,,,,,,,,,,,,,,,,,,,,,,,,,,,,,,,,,,,,,,,,,,0.009627666,0.013289913,,,,,,,,,,85.98501316,13.28991254,8.0,3.0,1.0,,,,,,,,,,,,,,,,,,,,
269,Keon Coleman,4635008,BUF,59.19,2026,"['RB/WR', 'WR', 'WR/TE', 'RB/WR/TE', 'OP', 'BE', 'IR']",,,,,,,,,,,,,,,,,15.64526361,2.248670399,0.180808335,0.207380459,0.13552313,53.0,26.0,13.0,10.0,5.0,19.40232835,0.104944,0.003245691,32.51859012,13.70812186,0.180808335,0.001478566,,0.33603783,0.33603783,,0.188181185,0.188181185,0.188181185,17.0,,11.52663179,,,,,,,,,,,,,,,,,,,,,,,,,,,,,,,,,,,,,,,,,,,,,,,,,,,,,,,,,,0.05107575,,,,,,,,,,,51.07574995,,,5.0,2.0,,,,,,,,,,,,,,,,,,,
270,Eli Stowers,4431574,PHI,36.37,2026,"['Rookie', 'WR/TE', 'TE', 'RB/WR/TE', 'OP', 'BE', 'IR']",4.625495673,1.171562173,0.172354468,0.005162873,3.0,1.0,,,,,,0.008504097,0.005952868,0.000880223,3e-05,4.305821116,8.406036994,1.026826852,0.046026422,0.125833595,0.082232254,28.0,14.0,7.0,5.0,2.0,14.31280912,0.056266377,0.001740197,19.65938411,9.984247515,0.051189295,0.001019013,0.056564522,0.175029285,0.231593806,0.02601968,0.0980164,0.124036079,0.124036079,17.0,3.153982855,6.473230529,,,,,,,,,,,,,,,,,,,,,,,,,,,,,,,,,,,,,,,,,,,,,,,,,,,,,,,,,,,,,,,,,,,,,,,,,,,,,,,,,,,,,,,,,,,,
271,Kaytron Allen,4685246,WSH,14.82,2026,"['Rookie', 'RB', 'RB/WR', 'RB/WR/TE', 'OP', 'BE', 'IR']",12.24550417,2.979616637,0.433167,0.025519075,10.0,5.0,2.0,2.0,1.0,2.0,1.0,0.022606943,0.01582486,0.00627639,0.000214189,4.136496313,1.699349198,0.174873982,0.013711577,0.043857518,0.028660888,5.0,2.0,1.0,1.0,,4.228050188,0.015858842,0.00049048,5.160491058,6.832685302,0.039230652,0.000620196,0.104776981,0.036176733,0.140953715,0.048197411,0.020258971,0.068456382,0.068456382,17.0,4.849201035,0.682154132,,,,,,,,,,,,,,,,,,,,,,,,,,,,,,,,,,,,,,,,,,,,,,,,,,,,,,,,,,,,,,,,,,,,,,,,,,,,,,,,,,,,,,,,,,,,
272,Falcons D/ST,-16001,ATL,68.71,2026,"['D/ST', 'BE', 'IR']",,,,,,,,,,,,,,,,,,,,,,,,,,,,,,,,,,,,,,,,,17.0,,,,,,,,,,,,,,,,,,,,,,,,,,,,,,,,,,,,,,,,,,,,,,,0.067076216,0.29717311,1.494356208,1.969833183,0.122998616,1.568742649,11.89759089,8.195531653,1.896041069,0.258001243,38.64182962,77.28365924,0.195775076,0.260148632,1.049133243,0.519609406,2.147664973,12.60851023,1012.896311,337.0,202.0,46.38081647,81.44297482,1748.473953,260.1486316,174.0,69.0,26.0,10.0,410.511892,2.462291479,4.389671362,3.829287783,2.199081011,0.291229647,24.14775835,6103.298238,0.144261968,1.866919583,2.99555733,4.361803025,3.912045126,2.46093945,0.967403784,0.291069735,359.0175434,,
273,Tyler Bass,3917232,BUF,136.7,2026,"['K', 'BE', 'IR']",,,,,,,,,,,,,,,,,,,,,,,,,,,,,,,,,,,,,,,,,17.0,,,,,,,,,,,,,,,,,,,,,,,,,,4.985116507,7.2833236,2.298207093,6.621217631,8.3237984,1.702580769,14.22217575,14.995078,0.772902246,25.82850989,30.6022,4.773690108,47.3961909,49.81436601,2.418175115,4.985116507,7.2833236,2.298207093,993.8163574,223.906385,1217.722742,,,,,,,,,,,,,,,,,,,,,,,,,,,,,,,,,,,,,,,,,,,,,,,,
274,Charlie Smyth,5208518,NO,137.74,2026,"['K', 'BE', 'IR']",,,,,,,,,,,,,,,,,,,,,,,,,,,,,,,,,,,,,,,,,17.0,,,,,,,,,,,,,,,,,,,,,,,,,,5.92288555,8.57752,2.65463445,7.857131738,9.80288,1.945748262,16.85631053,17.6596,0.803289467,30.63632782,36.04,5.403672178,31.53367747,32.93291159,1.399234119,5.92288555,8.57752,2.65463445,1179.096064,255.0076161,1434.10368,,,,,,,,,,,,,,,,,,,,,,,,,,,,,,,,,,,,,,,,,,,,,,,,
275,Colby Parkinson,4242557,LAR,63.68,2026,"['WR/TE', 'TE', 'RB/WR/TE', 'OP', 'BE', 'IR']",,,,,,,,,,,,,,,,,14.65354969,2.67739079,0.036484468,0.135473758,0.088532101,49.0,24.0,12.0,9.0,4.0,24.01563829,0.095416179,0.002951016,33.73019274,10.3728388,0.036484468,0.001918245,,0.435964757,0.435964757,,0.244140264,0.244140264,0.244140264,17.0,,12.28855884,,,,,,,,,,,,,,,,,,,,,,,,,,,,,,,,,,,,,,,,,,,,,,,,,,,,,,,,,,,,,,,,,,,,,,,,,,,,,,,,,,,,,,,,,,,,
276,Darnell Washington,4430802,PIT,71.84,2026,"['WR/TE', 'TE', 'RB/WR/TE', 'OP', 'BE', 'IR']",,,,,,,,,,,,,,,,,17.89307414,1.88844966,0.057799098,0.088799537,0.058030497,60.0,30.0,15.0,12.0,6.0,30.95655956,0.128515568,0.003974708,45.34366672,9.82610034,0.057799098,0.002271914,,0.516344167,0.516344167,,0.289152734,0.289152734,0.289152734,17.0,,15.06668078,,,,,,,,,,,,,,,,,,,,,,,,,,,,,,,,,,,,,,,,,,,,,,,,,,,,,,,,,,,,,,,,,,,,,,,,,,,,,,,,,,,,,,,,,,,,
277,Troy Franklin,4431280,DEN,50.02,2026,"['RB/WR', 'WR', 'WR/TE', 'RB/WR/TE', 'OP', 'BE', 'IR']",2.045455304,0.622041441,0.078369344,0.00479739,2.0,1.0,,,,,,0.003755358,0.00262875,0.000212135,7.24e-06,5.169853616,12.69658746,1.770673783,0.107421975,0.156103767,0.102013812,43.0,21.0,10.0,8.0,4.0,17.0085031,0.080615018,0.002493248,28.24882462,12.69024003,0.112219365,0.001250071,0.030499073,0.253607878,0.284106951,0.014029574,0.142020412,0.156049985,0.156049985,17.0,2.611740455,9.403220111,,,,,,,,,,,,,,,,,,,,,,,,,,,,,,,,,,,,,,,,,,,,,,,,,,,,,,,,,,,,,,,,,,,,,,,,,,,,,,,,,,,,,,,,,,,,
278,Kirk Cousins,14880,LV,45.74,2026,"['QB', 'OP', 'BE', 'IR']",5.722751946,0.653035177,0.258496836,0.01453266,2.0,1.0,,,,1.0,,0.010660611,0.007462428,0.001558656,5.32e-05,1.939905505,,,,,,,,,,,,,,,,0.273752203,0.007915048,0.078501028,,1.798874621,0.036110473,,0.861889798,3.528911823,17.0,2.987224057,,118.079963,78.37019065,39.70977235,48.97762076,4.163052503,166.0,83.0,41.0,33.0,16.0,8.0,15.0,7.0,0.621269804,0.405999817,0.706816547,0.095472383,0.259219543,2.667022025,0.663704397,7.335862992,1.720373593,0.825779325,,,,,,,,,,,,,,,,,,,,,,,,,,,,,,,,,,,,,,,,,,,,,,,,,,,,,,,,,,,,,,,,,,,,,
279,Jaylin Noel,4586312,HOU,75.8,2026,"['RB/WR', 'WR', 'WR/TE', 'RB/WR/TE', 'OP', 'BE', 'IR']",4.204112216,1.303282529,0.125063476,0.009050517,4.0,2.0,1.0,,,,,0.007727601,0.005409321,0.001106144,3.77e-05,5.270031306,18.97622615,1.813053056,0.119188741,0.131435573,0.085893147,64.0,32.0,16.0,12.0,6.0,28.75149697,0.142563635,0.004409185,43.88634069,11.22014081,0.128239258,0.002642662,0.076618542,0.523986435,0.600604977,0.035244529,0.293432404,0.328676933,0.328676933,17.0,3.168735805,15.04101789,,,,,,,,,,,,,,,,,,,,,,,,,,,,,,,,,,,,,,,,,,,,,,,,,,,,,,,,,0.080988278,0.219481714,,,,,,,,,,924.5829271,286.2160193,92.0,36.0,28.0,11.0,,,,,,,,,,,,,,,,,,,
280,Chimere Dike,4431268,TEN,30.12,2026,"['RB/WR', 'WR', 'WR/TE', 'RB/WR/TE', 'OP', 'BE', 'IR']",10.13347194,2.951773193,0.567230491,0.007614849,10.0,5.0,2.0,2.0,1.0,2.0,1.0,0.018686438,0.013080506,0.006144688,0.000209695,4.951920188,4.335530839,0.515774351,0.008122787,0.087013332,0.056863213,14.0,7.0,3.0,2.0,1.0,7.104959973,0.034561139,0.001068901,11.0312521,10.37360162,0.015737636,0.001516982,0.202669439,0.142099199,0.344768638,0.093227942,0.079575552,0.172803494,0.172803494,17.0,4.804850489,2.713120573,,,,,,,,,,,,,,,,,,,,,,,,,,,,,,,,,,,,,,,,,,,,,,,,,,,,,,,,,0.147613526,0.655319912,,,,,,,,,,1629.659894,446.6050086,162.0,65.0,44.0,17.0,,,,,,,,,,,,,,,,,,,
281,Deshaun Watson,3122840,CLE,123.39,2026,"['QB', 'OP', 'BE', 'IR']",42.01690791,12.41683081,0.961989818,0.058660094,42.0,21.0,10.0,8.0,4.0,8.0,4.0,0.079952413,0.055966689,0.187576935,0.006401281,5.023837648,,,,,,,,,,,,,,,,0.663749892,0.024536913,0.609880534,,5.576571232,0.280545045,,2.664556581,9.697932961,17.0,12.46920662,,311.3391334,191.5314845,119.8076489,120.1446773,8.383874979,408.0,204.0,102.0,81.0,40.0,20.0,38.0,19.0,1.417320316,0.926218827,1.109969735,0.149927808,0.605089798,7.03337638,0.615186027,30.83441417,4.966690699,2.384011535,,,,,,,,,,,,,,,,,,,,,,,,,,,,,,,,,,,,,,,,,,,,,,,,,,,,,,,,,,,,,,,,,,,,,
282,Emanuel Wilson,4887558,SEA,9.09,2026,"['RB', 'RB/WR', 'RB/WR/TE', 'OP', 'BE', 'IR']",11.41899567,7.995566963,0.413933196,0.011807498,9.0,4.0,2.0,1.0,,2.0,1.0,0.021310367,0.014917257,0.016550348,0.0005648,4.201192746,1.708982581,0.053153613,0.001930735,0.017474043,0.011419287,2.0,1.0,,,,1.353509478,0.005625357,0.00017398,1.771175288,7.575784029,0.013738233,0.000436418,0.088675203,0.010510795,0.099185998,0.040790593,0.005886045,0.046676639,0.046676639,6.0,3.353456127,0.207226939,,,,,,,,,,,,,,,,,,,,,,,,,,,,,,,,,,,,,,,,,,,,,,,,,,,,,,,,,,,,,,,,,,,,,,,,,,,,,,,,,,,,,,,,,,,,
283,Pat Bryant,4600981,DEN,71.74,2026,"['RB/WR', 'WR', 'WR/TE', 'RB/WR/TE', 'OP', 'BE', 'IR']",,,,,,,,,,,,,,,,,18.80235158,2.105115201,0.12767915,0.112438887,0.073478813,63.0,31.0,15.0,12.0,6.0,28.4227777,0.140191237,0.004335811,45.1981194,11.24590919,0.12767915,0.002279181,,0.517995636,0.517995636,,0.290077556,0.290077556,0.290077556,17.0,,15.00400946,,,,,,,,,,,,,,,,,,,,,,,,,,,,,,,,,,,,,,,,,,,,,,,,,,,,,,,,,,,,,,,,,,,,,,,,,,,,,,,,,,,,,,,,,,,,
284,Demond Claiborne,4832846,MIN,23.06,2026,"['Rookie', 'RB', 'RB/WR', 'RB/WR/TE', 'OP', 'BE', 'IR']",26.32096959,6.477988342,0.781776553,0.044363526,22.0,11.0,5.0,4.0,2.0,5.0,2.0,0.048963019,0.034274113,0.030638002,0.001045557,4.183956881,1.731741575,0.166915221,0.009800689,0.03830991,0.025035526,5.0,2.0,1.0,1.0,,4.500434195,0.016128675,0.000498825,5.530673524,6.541503662,0.054164215,0.001160364,0.225211776,0.03850735,0.263719126,0.103597417,0.021564116,0.125161533,0.125161533,17.0,7.972321398,0.756170297,,,,,,,,,,,,,,,,,,,,,,,,,,,,,,,,,,,,,,,,,,,,,,,,,,,,,,,,,,,,,,,,,,,,,,,,,,,,,,,,,,,,,,,,,,,,
285,Jets D/ST,-16020,NYJ,92.58,2026,"['D/ST', 'BE', 'IR']",,,,,,,,,,,,,,,,,,,,,,,,,,,,,,,,,,,,,,,,,17.0,,,,,,,,,,,,,,,,,,,,,,,,,,,,,,,,,,,,,,,,,,,,,,,0.17,0.765,2.805,2.72,0.125300016,1.564269732,10.97486605,8.054208514,1.88461083,0.263503817,39.48525164,78.97050328,0.461370054,0.503976175,1.034996093,0.529273639,2.654915977,12.39109002,1059.350185,353.0,211.0,49.01745009,63.30250208,1896.323363,346.1297044,189.0,75.0,34.0,13.0,371.418955,2.465,3.74,2.805,1.36,0.17,21.84817382,5907.508607,0.322806316,3.058165101,3.414951029,4.128522886,3.262042774,1.868878673,0.730561663,0.214071557,347.5005063,,
286,Tory Horton,4597703,SEA,64.59,2026,"['RB/WR', 'WR', 'WR/TE', 'RB/WR/TE', 'OP', 'BE', 'IR']",,,,,,,,,,,,,,,,,17.58867052,2.311173049,0.084017153,0.237977312,0.155518174,59.0,29.0,14.0,11.0,5.0,21.62120881,0.124781456,0.00385922,35.27987889,13.82935623,0.084017153,0.001733773,,0.394039314,0.394039314,,0.220662016,0.220662016,0.220662016,17.0,,12.96900231,,,,,,,,,,,,,,,,,,,,,,,,,,,,,,,,,,,,,,,,,,,,,,,,,,,,,,,,,,0.06147109,,,,,,,,,,,44.6040224,,,4.0,1.0,,,,,,,,,,,,,,,,,,,
287,Malachi Fields,4682648,NYG,33.39,2026,"['Rookie', 'RB/WR', 'WR', 'WR/TE', 'RB/WR/TE', 'OP', 'BE', 'IR']",,,,,,,,,,,,,,,,,9.265482252,0.891007222,0.047630855,0.168865771,0.110353782,31.0,15.0,7.0,6.0,3.0,13.21626064,0.060644044,0.001875589,20.25366402,11.9181365,0.047630855,0.001059793,,0.240861939,0.240861939,,0.134882686,0.134882686,0.134882686,17.0,,6.570654407,,,,,,,,,,,,,,,,,,,,,,,,,,,,,,,,,,,,,,,,,,,,,,,,,,,,,,,,,,,,,,,,,,,,,,,,,,,,,,,,,,,,,,,,,,,,
288,Commanders D/ST,-16028,WSH,71.28,2026,"['D/ST', 'BE', 'IR']",,,,,,,,,,,,,,,,,,,,,,,,,,,,,,,,,,,,,,,,,17.0,,,,,,,,,,,,,,,,,,,,,,,,,,,,,,,,,,,,,,,,,,,,,,,0.048387097,0.212224109,1.256366723,1.833616299,0.123299543,1.561348536,11.20493317,9.80197552,1.896509709,0.258081181,42.27788765,84.55577529,0.17278507,0.478023798,1.038878672,0.522469863,2.335456946,15.07996234,995.0619715,331.0,199.0,46.19737255,75.20391019,2037.104765,302.9789169,203.0,81.0,30.0,12.0,440.6297962,2.46179966,4.507640068,4.015280136,2.351443124,0.313242784,25.91939977,6141.359371,0.09331803,1.527022307,2.875892011,4.428364689,4.097509856,2.62987175,1.034981786,0.313039573,361.2564336,,
289,Xavier Legette,4430034,CAR,111.94,2026,"['RB/WR', 'WR', 'WR/TE', 'RB/WR/TE', 'OP', 'BE', 'IR']",2.053590214,0.633004348,0.057924541,0.004043363,2.0,1.0,,,,,,0.003770302,0.002639212,0.000220101,7.51e-06,5.240127187,29.44092855,3.211404761,0.194834785,0.096768813,0.06323842,100.0,50.0,25.0,20.0,10.0,41.72183672,0.38637108,0.011949621,73.12529233,11.99601515,0.198878147,0.003226951,0.034405123,0.698992883,0.733398007,0.015826357,0.391436015,0.407262371,0.407262371,17.0,2.603285862,23.47497647,,,,,,,,,,,,,,,,,,,,,,,,,,,,,,,,,,,,,,,,,,,,,,,,,,,,,,,,,,,,,,,,,,,,,,,,,,,,,,,,,,,,,,,,,,,,
290,J.J. McCarthy,4433970,MIN,38.57,2026,"['QB', 'OP', 'BE', 'IR']",9.841525999,2.579296701,0.631045883,0.035866031,8.0,4.0,2.0,1.0,,1.0,,0.018682051,0.013077436,0.032162525,0.0011,4.455411074,,,,,,,,,,,,,,,,0.230302784,0.007359309,0.161495633,,1.672570327,0.074287991,,0.799603844,3.062687079,17.0,4.620882938,,85.74887693,54.50909161,31.23978532,35.22373996,3.351628985,119.0,59.0,29.0,23.0,11.0,5.0,10.0,5.0,0.429684638,0.280798911,0.525797033,0.071021393,0.194436753,2.263083235,0.635682863,6.335847708,1.511074694,0.725315853,,,,,,,,,,,,,,,,,,,,,,,,,,,,,,,,,,,,,,,,,,,,,,,,,,,,,,,,,,,,,,,,,,,,,
291,Caleb Douglas,4869645,MIA,79.78,2026,"['Rookie', 'RB/WR', 'WR', 'WR/TE', 'RB/WR/TE', 'OP', 'BE', 'IR']",,,,,,,,,,,,,,,,,23.87565419,1.506792276,0.078912928,0.193219466,0.126268921,81.0,40.0,20.0,16.0,8.0,31.2059235,0.229714683,0.007104578,50.29670186,13.00670115,0.078912928,0.002502357,,0.568717539,0.568717539,,0.318481822,0.318481822,0.318481822,17.0,,17.77204699,,,,,,,,,,,,,,,,,,,,,,,,,,,,,,,,,,,,,,,,,,,,,,,,,,,,,,,,,,,,,,,,,,,,,,,,,,,,,,,,,,,,,,,,,,,,
292,Darius Slayton,3916945,NYG,83.27,2026,"['RB/WR', 'WR', 'WR/TE', 'RB/WR/TE', 'OP', 'BE', 'IR']",2.226077295,0.72126265,0.076561815,0.003215955,2.0,1.0,,,,,,0.004087373,0.002861161,0.000299555,1.02e-05,5.508103908,24.20123962,1.932785615,0.103279805,0.260391157,0.170165621,82.0,41.0,20.0,16.0,8.0,29.68719894,0.257527904,0.007964781,47.38175769,13.85853459,0.10649576,0.002808368,0.044521546,0.593743979,0.638265525,0.020479911,0.332496628,0.352976539,0.352976539,17.0,2.67832031,17.75270717,,,,,,,,,,,,,,,,,,,,,,,,,,,,,,,,,,,,,,,,,,,,,,,,,,,,,,,,,,,,,,,,,,,,,,,,,,,,,,,,,,,,,,,,,,,,
293,Jaylen Wright,4682745,MIA,42.37,2026,"['RB', 'RB/WR', 'RB/WR/TE', 'OP', 'BE', 'IR']",55.82610045,13.70957262,1.071368883,0.040649111,46.0,23.0,11.0,9.0,4.0,11.0,5.0,0.105491354,0.073843948,0.138668798,0.004732234,4.174798753,3.291866259,0.193250586,0.010133121,0.042232116,0.027598688,11.0,5.0,2.0,2.0,1.0,7.472419349,0.027844804,0.00086118,10.05934037,7.489104102,0.050782232,0.004393801,0.880706895,0.117884129,0.998591024,0.405125172,0.066015112,0.471140284,0.471140284,17.0,14.1317487,2.175728696,,,,,,,,,,,,,,,,,,,,,,,,,,,,,,,,,,,,,,,,,,,,,,,,,,,,,,,,,0.020968969,,,,,,,,,,,187.2745866,,18.0,7.0,,,,,,,,,,,,,,,,,,,,,
294,Blake Grupe,4259619,IND,132.79,2026,"['K', 'BE', 'IR']",,,,,,,,,,,,,,,,,,,,,,,,,,,,,,,,,,,,,,,,,17.0,,,,,,,,,,,,,,,,,,,,,,,,,,5.48566023,8.198543617,2.712883387,7.309369796,9.369764134,2.060394338,15.75015595,16.87935451,1.129198561,28.54518597,34.44766226,5.902476286,34.77874843,37.15274205,2.373993622,5.48566023,8.198543617,2.712883387,1097.651972,273.089405,1370.741377,,,,,,,,,,,,,,,,,,,,,,,,,,,,,,,,,,,,,,,,,,,,,,,,
295,Devaughn Vele,4569559,NO,59.99,2026,"['RB/WR', 'WR', 'WR/TE', 'RB/WR/TE', 'OP', 'BE', 'IR']",,,,,,,,,,,,,,,,,15.15682323,1.67775301,0.087703287,0.089722276,0.058633507,51.0,25.0,12.0,10.0,5.0,25.15257211,0.09974809,0.003084992,38.31623469,10.24412111,0.087703287,0.001613558,,0.366717785,0.366717785,,0.205361959,0.205361959,0.205361959,17.0,,12.37486735,,,,,,,,,,,,,,,,,,,,,,,,,,,,,,,,,,,,,,,,,,,,,,,,,,,,,,,,,,,,,,,,,,,,,,,,,,,,,,,,,,,,,,,,,,,,
296,Dontayvion Wicks,4428850,PHI,65.63,2026,"['RB/WR', 'WR', 'WR/TE', 'RB/WR/TE', 'OP', 'BE', 'IR']",,,,,,,,,,,,,,,,,18.23723014,1.788746822,0.080166928,0.176963914,0.115645918,62.0,31.0,15.0,12.0,6.0,24.26783118,0.132790557,0.004106924,39.31876823,12.77546848,0.080166928,0.002135569,,0.485356624,0.485356624,,0.271799709,0.271799709,0.271799709,17.0,,13.66266701,,,,,,,,,,,,,,,,,,,,,,,,,,,,,,,,,,,,,,,,,,,,,,,,,,,,,,,,,,,,,,,,,,,,,,,,,,,,,,,,,,,,,,,,,,,,
297,Matt Gay,4249087,LV,125.18,2026,"['K', 'BE', 'IR']",,,,,,,,,,,,,,,,,,,,,,,,,,,,,,,,,,,,,,,,,17.0,,,,,,,,,,,,,,,,,,,,,,,,,,5.484212677,8.190975217,2.70676254,7.306755345,9.361114534,2.05435919,15.74306204,16.86377251,1.120710464,28.53403006,34.41586226,5.881832194,27.1892658,29.03150922,1.842243416,5.484212677,8.190975217,2.70676254,1097.243336,272.2326546,1369.475991,,,,,,,,,,,,,,,,,,,,,,,,,,,,,,,,,,,,,,,,,,,,,,,,
298,Carson Beck,4430841,ARI,27.04,2026,"['Rookie', 'QB', 'OP', 'BE', 'IR']",6.552379397,7.309780765,0.279609054,0.014073044,5.0,2.0,1.0,1.0,,1.0,,0.012380571,0.0086664,0.018540006,0.000632699,4.462367224,,,,,,,,,,,,,,,,0.15038851,0.004539267,0.086984488,,1.031651679,0.040012864,,0.493453116,1.996630229,4.0,1.837558856,,66.27679926,40.752926,25.52387326,112.0958798,2.507510724,89.0,44.0,22.0,17.0,8.0,4.0,8.0,4.0,0.344331948,0.225020928,0.29963798,0.040473235,0.136315466,1.503177113,0.614889772,4.883219983,0.944667191,0.453440252,,,,,,,,,,,,,,,,,,,,,,,,,,,,,,,,,,,,,,,,,,,,,,,,,,,,,,,,,,,,,,,,,,,,,
299,Skyler Bell,4683153,BUF,42.19,2026,"['Rookie', 'RB/WR', 'WR', 'WR/TE', 'RB/WR/TE', 'OP', 'BE', 'IR']",,,,,,,,,,,,,,,,,12.08716676,1.205131733,0.096872429,0.192476576,0.125783442,41.0,20.0,10.0,8.0,4.0,15.06366344,0.076607038,0.00236929,25.57346721,13.64089391,0.096872429,0.001207933,,0.274530238,0.274530238,,0.153736933,0.153736933,0.153736933,17.0,,8.442975699,,,,,,,,,,,,,,,,,,,,,,,,,,,,,,,,,,,,,,,,,,,,,,,,,,,,,,,,,,,,,,,,,,,,,,,,,,,,,,,,,,,,,,,,,,,,
300,Michael Penix Jr.,4360423,ATL,112.84,2026,"['QB', 'OP', 'BE', 'IR']",19.34557091,4.521029605,0.900811403,0.04695455,15.0,7.0,3.0,3.0,1.0,3.0,1.0,0.036224053,0.025356837,0.029919808,0.001021048,3.972873359,,,,,,,,,,,,,,,,0.608167527,0.017762784,0.260074568,,4.036996407,0.119634301,,1.932556784,7.011719051,17.0,6.513969628,,265.0489714,168.3733159,96.67565552,110.9578867,9.532983061,377.0,188.0,94.0,75.0,37.0,18.0,33.0,16.0,1.438205561,0.939867334,1.347380718,0.181995806,0.561212977,5.079162267,0.63525361,15.89625862,3.77692184,1.812922483,,,,,,,,,,,,,,,,,,,,,,,,,,,,,,,,,,,,,,,,,,,,,,,,,,,,,,,,,,,,,,,,,,,,,
301,Ollie Gordon II,4711533,MIA,33.71,2026,"['RB', 'RB/WR', 'RB/WR/TE', 'OP', 'BE', 'IR']",49.38462732,11.92883319,1.210511169,0.045928348,40.0,20.0,10.0,8.0,4.0,9.0,4.0,0.093001673,0.065101171,0.104792769,0.003576175,4.106341897,1.63266,0.122117347,0.006404719,0.041236876,0.026948298,5.0,2.0,1.0,1.0,,3.938266098,0.0153028,0.000473282,5.029670186,7.047573552,0.052333067,0.001606,0.338042247,0.026957788,0.365000035,0.155499434,0.015096361,0.170595795,0.170595795,17.0,12.82197646,0.56326632,,,,,,,,,,,,,,,,,,,,,,,,,,,,,,,,,,,,,,,,,,,,,,,,,,,,,,,,,,,,,,,,,,,,,,,,,,,,,,,,,,,,,,,,,,,,
302,Cyrus Allen,4912218,KC,43.57,2026,"['Rookie', 'RB/WR', 'WR', 'WR/TE', 'RB/WR/TE', 'OP', 'BE', 'IR']",,,,,,,,,,,,,,,,,11.92766145,1.268394791,0.056742555,0.141765812,0.092643958,40.0,20.0,10.0,8.0,4.0,16.17271271,0.075623513,0.002338872,27.17668325,12.53780045,0.056742555,0.001296866,,0.294742291,0.294742291,,0.165055683,0.165055683,0.165055683,17.0,,8.646858826,,,,,,,,,,,,,,,,,,,,,,,,,,,,,,,,,,,,,,,,,,,,,,,,,,,,,,,,,,,,,,,,,,,,,,,,,,,,,,,,,,,,,,,,,,,,
303,Ty Johnson,3915411,BUF,83.04,2026,"['RB', 'RB/WR', 'RB/WR/TE', 'OP', 'BE', 'IR']",50.75135416,12.89312619,2.121299515,0.101067713,43.0,21.0,10.0,8.0,4.0,10.0,5.0,0.095649923,0.066954946,0.123223876,0.004205158,4.318764471,12.23523176,1.301013872,0.104621335,0.094075825,0.061478552,41.0,20.0,10.0,8.0,4.0,21.63075113,0.077566317,0.002398958,30.68816066,9.615890761,0.205689048,0.003324657,0.529798338,0.225805522,0.755603859,0.243707235,0.126451092,0.370158327,0.370158327,17.0,14.1375181,10.04845112,,,,,,,,,,,,,,,,,,,,,,,,,,,,,,,,,,,,,,,,,,,,,,,,,,,,,,,,,0.031470571,,,,,,,,,,,285.9627804,,28.0,11.0,,,,,,,,,,,,,,,,,,,,,
304,Theo Johnson,4429148,NYG,62.45,2026,"['WR/TE', 'TE', 'RB/WR/TE', 'OP', 'BE', 'IR']",,,,,,,,,,,,,,,,,15.99717455,1.626034463,0.086942918,0.115418863,0.075426227,54.0,27.0,13.0,10.0,5.0,25.79611841,0.107951964,0.003338721,38.27745564,10.54236002,0.086942918,0.001110409,,0.252365619,0.252365619,,0.141324746,0.141324746,0.141324746,17.0,,12.89435534,,,,,,,,,,,,,,,,,,,,,,,,,,,,,,,,,,,,,,,,,,,,,,,,,,,,,,,,,,,,,,,,,,,,,,,,,,,,,,,,,,,,,,,,,,,,
305,Ted Hurst III,5220680,TB,64.54,2026,"['Rookie', 'RB/WR', 'WR', 'WR/TE', 'RB/WR/TE', 'OP', 'BE', 'IR']",,,,,,,,,,,,,,,,,17.35386523,2.138600107,0.185507869,0.178520982,0.116663462,59.0,29.0,14.0,11.0,5.0,22.78822175,0.122045655,0.003774608,37.32752619,12.94597323,0.185507869,0.001827354,,0.415307735,0.415307735,,0.232572331,0.232572331,0.232572331,17.0,,13.05436012,,,,,,,,,,,,,,,,,,,,,,,,,,,,,,,,,,,,,,,,,,,,,,,,,,,,,,,,,,,,,,,,,,,,,,,,,,,,,,,,,,,,,,,,,,,,
306,Elijah Sarratt,5088338,BAL,58.9,2026,"['Rookie', 'RB/WR', 'WR', 'WR/TE', 'RB/WR/TE', 'OP', 'BE', 'IR']",,,,,,,,,,,,,,,,,17.32662856,1.774201718,0.058471105,0.300484496,0.196366618,58.0,29.0,14.0,11.0,5.0,19.52882718,0.12178922,0.003766677,32.65041157,15.08296852,0.058471105,0.001565988,,0.355906357,0.355906357,,0.19930756,0.19930756,0.19930756,17.0,,12.14966007,,,,,,,,,,,,,,,,,,,,,,,,,,,,,,,,,,,,,,,,,,,,,,,,,,,,,,,,,,,,,,,,,,,,,,,,,,,,,,,,,,,,,,,,,,,,
307,Chris Brazzell II,5091739,CAR,0.0,2026,"['Rookie', 'RB/WR', 'WR', 'WR/TE', 'RB/WR/TE', 'OP', 'BE', 'IR']",,,,,,,,,,,,,,,,,,,,,,,,,,,,,,,,,,,,,,,,,,,,,,,,,,,,,,,,,,,,,,,,,,,,,,,,,,,,,,,,,,,,,,,,,,,,,,,,,,,,,,,,,,,,,,,,,,,,,,,,,,,,,,,,,,,,,,,
308,Jalen Tolbert,4249417,MIA,89.48,2026,"['RB/WR', 'WR', 'WR/TE', 'RB/WR/TE', 'OP', 'BE', 'IR']",,,,,,,,,,,,,,,,,25.97910468,1.754509464,0.091879713,0.128207348,0.083783502,88.0,44.0,22.0,17.0,8.0,35.42143294,0.281013686,0.008691145,60.35604223,12.4682923,0.091879713,0.002614851,,0.594284337,0.594284337,,0.332799229,0.332799229,0.332799229,17.0,,19.82027957,,,,,,,,,,,,,,,,,,,,,,,,,,,,,,,,,,,,,,,,,,,,,,,,,,,,,,,,,,,,,,,,,,,,,,,,,,,,,,,,,,,,,,,,,,,,
309,Kaleb Johnson,4819231,PIT,4.25,2026,"['RB', 'RB/WR', 'RB/WR/TE', 'OP', 'BE', 'IR']",8.570410997,2.107537978,0.216595173,0.007295249,7.0,3.0,1.0,1.0,,1.0,,0.015790747,0.011053523,0.003060817,0.000104,4.180446612,,,,,,,,,,,,,,,,0.007295249,0.000322659,0.073331549,,0.073331549,0.033732513,,0.033732513,0.033732513,17.0,3.963890455,,,,,,,,,,,,,,,,,,,,,,,,,,,,,,,,,,,,,,,,,,,,,,,,,,,,,,,,,,,,,,,,,,,,,,,,,,,,,,,,,,,,,,,,,,,,,
310,Trey Benson,4429275,ARI,0.0,2026,"['RB', 'RB/WR', 'RB/WR/TE', 'OP', 'BE', 'IR']",,,,,,,,,,,,,,,,,,,,,,,,,,,,,,,,,,,,,,,,,,,,,,,,,,,,,,,,,,,,,,,,,,,,,,,,,,,,,,,,,,,,,,,,,,,,,,,,,,,,,,,,,,,,,,,,,,,,,,,,,,,,,,,,,,,,,,,
311,Ty Simpson,4685522,LAR,8.71,2026,"['Rookie', 'QB', 'OP', 'BE', 'IR']",1.098047296,0.283821371,0.061699486,0.000925529,,,,,,,,0.002014919,0.001410443,2.44e-05,8.33e-07,4.39413067,,,,,,,,,,,,,,,,0.020611976,0.001457685,0.014576855,,0.33129215,0.006705353,,0.158728695,0.744104101,17.0,2.347613135,,21.85672718,13.51233167,8.344395517,8.609792616,1.194502556,29.0,14.0,7.0,5.0,2.0,1.0,2.0,1.0,0.086170081,0.056312148,0.218140872,0.029465112,0.019686447,0.585375406,0.61822301,2.000845879,0.316715296,0.152023342,,,,,,,,,,,,,,,,,,,,,,,,,,,,,,,,,,,,,,,,,,,,,,,,,,,,,,,,,,,,,,,,,,,,,
312,Dolphins D/ST,-16015,MIA,55.09,2026,"['D/ST', 'BE', 'IR']",,,,,,,,,,,,,,,,,,,,,,,,,,,,,,,,,,,,,,,,,17.0,,,,,,,,,,,,,,,,,,,,,,,,,,,,,,,,,,,,,,,,,,,,,,,0.029705442,0.127309036,1.018472292,1.697453819,0.126093565,1.591070898,11.42478463,6.279797066,1.827551059,0.26116121,37.65960024,75.31920048,0.171945547,0.309427573,1.06260481,0.528466088,2.198537583,9.661226255,1116.515114,372.0,223.0,44.2656549,73.40851273,2002.898088,241.8937776,200.0,80.0,24.0,9.0,461.3046251,2.461308038,4.625561658,4.201198203,2.503744383,0.335247129,27.13556618,6358.010784,0.04240459,1.187328511,2.756298329,4.494886505,4.282863557,2.798702918,1.102519332,0.334996258,374.0006343,,
313,Cole Kmet,4258595,CHI,52.71,2026,"['WR/TE', 'TE', 'RB/WR/TE', 'OP', 'BE', 'IR']",,,,,,,,,,,,,,,,,12.89861091,1.676052842,0.111346637,0.114312793,0.07470341,43.0,21.0,10.0,8.0,4.0,21.68826868,0.08199749,0.002536005,30.84387545,10.11036836,0.111346637,0.001028167,,0.233674211,0.233674211,,0.130857558,0.130857558,0.130857558,17.0,,10.52590827,,,,,,,,,,,,,,,,,,,,,,,,,,,,,,,,,,,,,,,,,,,,,,,,,,,,,,,,,,,,,,,,,,,,,,,,,,,,,,,,,,,,,,,,,,,,
314,Dawson Knox,3930086,BUF,67.79,2026,"['WR/TE', 'TE', 'RB/WR/TE', 'OP', 'BE', 'IR']",,,,,,,,,,,,,,,,,15.59285865,2.770823335,0.222794393,0.137209284,0.089666267,53.0,26.0,13.0,10.0,5.0,24.94813918,0.10372046,0.003207849,35.8028541,10.62518511,0.222794393,0.000939669,,0.213561045,0.213561045,,0.119594185,0.119594185,0.119594185,17.0,,12.97965433,,,,,,,,,,,,,,,,,,,,,,,,,,,,,,,,,,,,,,,,,,,,,,,,,,,,,,,,,,,,,,,,,,,,,,,,,,,,,,,,,,,,,,,,,,,,
315,Justin Fields,4362887,KC,9.46,2026,"['QB', 'OP', 'BE', 'IR']",2.765322819,0.899457416,0.156622892,0.006780004,3.0,1.0,,,,,,0.005078979,0.003555285,0.000490598,1.67e-05,5.529472353,,,,,,,,,,,,,,,,0.055212446,0.00190122,0.045790153,,0.432095383,0.02106347,,0.206489981,0.637928283,17.0,2.873052531,,20.59753197,12.8234188,7.774113168,8.248123833,0.918550322,28.0,14.0,7.0,5.0,2.0,1.0,2.0,1.0,0.085299555,0.055743259,0.20973758,0.028330048,0.048432442,0.431438302,0.622570647,2.731908894,0.38630523,0.18542651,,,,,,,,,,,,,,,,,,,,,,,,,,,,,,,,,,,,,,,,,,,,,,,,,,,,,,,,,,,,,,,,,,,,,
316,Adam Randall,4685526,BAL,24.07,2026,"['Rookie', 'RB', 'RB/WR', 'RB/WR/TE', 'OP', 'BE', 'IR']",29.26210641,7.129991732,0.912227139,0.02362143,24.0,12.0,6.0,4.0,2.0,5.0,2.0,0.05451926,0.038163482,0.037100018,0.001266081,4.14221238,1.694414042,0.195800851,0.006455225,0.062311699,0.040720695,5.0,2.0,1.0,1.0,,3.618233417,0.015817971,0.000489216,4.66434451,7.961078071,0.030076655,0.001237879,0.250377211,0.030958919,0.28133613,0.115173517,0.017336995,0.132510512,0.132510512,17.0,8.622512745,0.549400535,,,,,,,,,,,,,,,,,,,,,,,,,,,,,,,,,,,,,,,,,,,,,,,,,,,,,,,,,,,,,,,,,,,,,,,,,,,,,,,,,,,,,,,,,,,,
317,Chris Brooks,3149687,GB,42.72,2026,"['RB', 'RB/WR', 'RB/WR/TE', 'OP', 'BE', 'IR']",22.41139039,5.794575035,0.610006757,0.016616277,19.0,9.0,4.0,3.0,1.0,4.0,2.0,0.041602771,0.029121939,0.024451082,0.000834,4.395433478,6.527046447,0.577818824,0.018459879,0.038216763,0.024974654,22.0,11.0,5.0,4.0,2.0,15.74131756,0.046753259,0.001445977,20.95449257,7.048951856,0.035076155,0.001005461,0.134231997,0.094281901,0.228513899,0.061746719,0.052797865,0.114544584,0.114544584,17.0,7.214460921,5.734370094,,,,,,,,,,,,,,,,,,,,,,,,,,,,,,,,,,,,,,,,,,,,,,,,,,,,,,,,,,,,,,,,,,,,,,,,,,,,,,,,,,,,,,,,,,,,
318,Michael Mayer,4429086,LV,80.43,2026,"['WR/TE', 'TE', 'RB/WR/TE', 'OP', 'BE', 'IR']",,,,,,,,,,,,,,,,,21.35702676,1.312032718,0.083443286,0.089041297,0.058188488,72.0,36.0,18.0,14.0,7.0,36.88007118,0.180076926,0.005569389,54.16556849,9.844597455,0.083443286,0.001978541,,0.449668512,0.449668512,,0.251814367,0.251814367,0.251814367,17.0,,17.8050164,,,,,,,,,,,,,,,,,,,,,,,,,,,,,,,,,,,,,,,,,,,,,,,,,,,,,,,,,,,,,,,,,,,,,,,,,,,,,,,,,,,,,,,,,,,,
319,KaVontae Turpin,3676833,DAL,65.6,2026,"['RB/WR', 'WR', 'WR/TE', 'RB/WR/TE', 'OP', 'BE', 'IR']",17.69104509,6.02646283,0.429448193,0.016182806,20.0,10.0,5.0,4.0,2.0,3.0,1.0,0.032756853,0.022929797,0.026488748,0.000903959,5.791057995,13.52448607,1.718175504,0.061450746,0.202616679,0.132409999,45.0,22.0,11.0,9.0,4.0,18.20676858,0.086472806,0.002674417,28.26825712,12.62806533,0.077633551,0.003159008,0.353820902,0.364135372,0.717956273,0.162757615,0.203915808,0.366673423,0.366673423,17.0,6.926184164,10.0429903,,,,,,,,,,,,,,,,,,,,,,,,,,,,,,,,,,,,,,,,,,,,,,,,,,,,,,,,,0.238424909,0.272147876,,,,,,,,,,1749.603458,221.295502,174.0,69.0,22.0,8.0,,,,,,,,,,,,,,,,,,,
320,Hollywood Brown,4241372,PHI,50.49,2026,"['RB/WR', 'WR', 'WR/TE', 'RB/WR/TE', 'OP', 'BE', 'IR']",,,,,,,,,,,,,,,,,13.71397747,1.519118294,0.068087065,0.178909225,0.116917178,46.0,23.0,11.0,9.0,4.0,18.6046118,0.087901323,0.002718598,29.48907617,12.53117342,0.068087065,0.001489206,,0.338456009,0.338456009,,0.189535365,0.189535365,0.189535365,17.0,,10.1411066,,,,,,,,,,,,,,,,,,,,,,,,,,,,,,,,,,,,,,,,,,,,,,,,,,,,,,,,,,,,,,,,,,,,,,,,,,,,,,,,,,,,,,,,,,,,
321,Ryan Fitzgerald,4568263,CAR,124.16,2026,"['K', 'BE', 'IR']",,,,,,,,,,,,,,,,,,,,,,,,,,,,,,,,,,,,,,,,,17.0,,,,,,,,,,,,,,,,,,,,,,,,,,5.316922231,7.7273364,2.410414169,7.056750367,8.8312416,1.774491233,15.1466392,15.909222,0.762582799,27.5203118,32.4678,4.9474882,28.85457089,30.21210282,1.357531925,5.316922231,7.7273364,2.410414169,1059.066743,232.8919546,1291.958698,,,,,,,,,,,,,,,,,,,,,,,,,,,,,,,,,,,,,,,,,,,,,,,,
322,Kyle Juszczyk,16002,SF,43.88,2026,"['RB', 'RB/WR', 'RB/WR/TE', 'OP', 'BE', 'IR']",4.422836727,1.093686468,0.150837209,0.00747636,3.0,1.0,,,,,,0.008130654,0.005691458,0.000763743,2.60636e-05,4.203788451,9.554894913,0.962119541,0.049336619,0.064563015,0.04219193,32.0,16.0,8.0,6.0,3.0,20.35312161,0.062158035,0.001922413,26.33724449,7.98075188,0.056812979,0.001083255,0.043948944,0.20224536,0.246194305,0.020216514,0.113257402,0.133473916,0.133473916,17.0,3.080928054,8.36213402,,,,,,,,,,,,,,,,,,,,,,,,,,,,,,,,,,,,,,,,,,,,,,,,,,,,,,,,,,,,,,,,,,,,,,,,,,,,,,,,,,,,,,,,,,,,
323,Trevor Etienne,4685350,CAR,15.62,2026,"['RB', 'RB/WR', 'RB/WR/TE', 'OP', 'BE', 'IR']",12.32154129,3.085715095,0.297036491,0.020734325,10.0,5.0,2.0,2.0,1.0,2.0,1.0,0.022748189,0.015923732,0.006737441,0.000229923,4.257353476,1.743931233,0.152415185,0.009253776,0.045723002,0.029879982,5.0,2.0,1.0,1.0,,4.105635109,0.016228698,0.000501919,5.223235166,7.221009705,0.029988101,0.00061845,0.105427583,0.035129305,0.140556888,0.048496688,0.019672411,0.068169099,0.068169099,17.0,4.813236613,0.665967707,,,,,,,,,,,,,,,,,,,,,,,,,,,,,,,,,,,,,,,,,,,,,,,,,,,,,,,,,0.120737665,0.195109315,,,,,,,,,,1218.397328,189.3024899,121.0,48.0,18.0,7.0,,,,,,,,,,,,,,,,,,,
324,Sean Tucker,4430871,TB,36.35,2026,"['RB', 'RB/WR', 'RB/WR/TE', 'OP', 'BE', 'IR']",43.65431518,10.74426742,2.439808506,0.222980571,36.0,18.0,9.0,7.0,3.0,8.0,4.0,0.081963376,0.057374364,0.0851,0.0029,4.184066234,0.848334831,0.081633914,0.007082624,0.039580377,0.025865776,2.0,1.0,,,,1.984701247,0.008369864,0.000258862,2.666251871,7.266429716,0.230063194,0.002776747,0.603635212,0.027443691,0.631078904,0.277672198,0.015368467,0.293040665,0.293040665,17.0,12.71033201,-0.26625624,,,,,,,,,,,,,,,,,,,,,,,,,,,,,,,,,,,,,,,,,,,,,,,,,,,,,,,,,0.058240905,,,,,,,,,,,616.574762,,61.0,24.0,,,,,,,,,,,,,,,,,,,,,
325,Marvin Mims Jr.,4686472,DEN,69.04,2026,"['RB/WR', 'WR', 'WR/TE', 'RB/WR/TE', 'OP', 'BE', 'IR']",8.181821217,2.651259193,0.311644821,0.019077379,9.0,4.0,2.0,1.0,,1.0,,0.01507167,0.010550169,0.004939769,0.000168575,5.50872539,16.02534527,1.605117888,0.097354962,0.192141535,0.125564493,54.0,27.0,13.0,10.0,5.0,24.15609927,0.10789381,0.003336922,33.89858955,11.27793302,0.116432341,0.002845737,0.163636424,0.483121985,0.64675841,0.075272755,0.270548312,0.345821067,0.345821067,17.0,4.323243726,12.52519403,,,,,,,,,,,,,,,,,,,,,,,,,,,,,,,,,,,,,,,,,,,,,,,,,,,,,,,,,0.185646519,0.284550548,,,,,,,,,,768.7924891,407.4874357,76.0,30.0,40.0,16.0,,,,,,,,,,,,,,,,,,,
326,Jake Moody,4372066,WSH,128.46,2026,"['K', 'BE', 'IR']",,,,,,,,,,,,,,,,,,,,,,,,,,,,,,,,,,,,,,,,,17.0,,,,,,,,,,,,,,,,,,,,,,,,,,5.292868042,8.198543617,2.905675576,7.089035867,9.369764134,2.280728268,15.35323085,16.87935451,1.526123654,27.73513476,34.44766226,6.712527497,34.28833045,37.57269607,3.284365622,5.292868042,8.198543617,2.905675576,1065.418414,305.3229627,1370.741377,,,,,,,,,,,,,,,,,,,,,,,,,,,,,,,,,,,,,,,,,,,,,,,,
327,Keenan Allen,15818,None,0.0,2026,"['RB/WR', 'WR', 'WR/TE', 'RB/WR/TE', 'OP', 'BE', 'IR']",,,,,,,,,,,,,,,,,,,,,,,,,,,,,,,,,,,,,,,,,,,,,,,,,,,,,,,,,,,,,,,,,,,,,,,,,,,,,,,,,,,,,,,,,,,,,,,,,,,,,,,,,,,,,,,,,,,,,,,,,,,,,,,,,,,,,,,
328,LeQuint Allen Jr.,4911851,JAX,45.18,2026,"['RB', 'RB/WR', 'RB/WR/TE', 'OP', 'BE', 'IR']",8.033096694,1.994732521,0.19265629,0.007691995,6.0,3.0,1.0,1.0,,1.0,,0.014796468,0.010357528,0.00273,9.32e-05,4.221342546,8.706383019,0.844387479,0.034881718,0.036889537,0.024107312,29.0,14.0,7.0,5.0,2.0,21.67948793,0.057789299,0.001787298,28.36160157,6.827122106,0.042573714,0.001118619,0.068734093,0.185497573,0.254231666,0.031617683,0.103878641,0.135496324,0.135496324,17.0,3.848648906,8.218537453,,,,,,,,,,,,,,,,,,,,,,,,,,,,,,,,,,,,,,,,,,,,,,,,,,,,,,,,,0.075674434,,,,,,,,,,,838.9424354,,83.0,33.0,,,,,,,,,,,,,,,,,,,,,
329,Mason Taylor,4808766,NYJ,57.33,2026,"['WR/TE', 'TE', 'RB/WR/TE', 'OP', 'BE', 'IR']",,,,,,,,,,,,,,,,,13.62154016,1.140944088,0.139043421,0.065582647,0.04285826,46.0,23.0,11.0,9.0,4.0,27.57882925,0.087238145,0.002698087,37.16289198,8.396519688,0.139043421,0.001483933,,0.337257538,0.337257538,,0.188864221,0.188864221,0.188864221,17.0,,11.98865136,,,,,,,,,,,,,,,,,,,,,,,,,,,,,,,,,,,,,,,,,,,,,,,,,,,,,,,,,,,,,,,,,,,,,,,,,,,,,,,,,,,,,,,,,,,,
330,Malik Davis,4240603,DAL,34.41,2026,"['RB', 'RB/WR', 'RB/WR/TE', 'OP', 'BE', 'IR']",44.22761273,11.30642645,1.416996334,0.053396375,38.0,19.0,9.0,7.0,3.0,8.0,4.0,0.083066459,0.058146521,0.094613106,0.00323,4.345910571,1.738425117,0.157901722,0.005649125,0.037953699,0.024802742,5.0,2.0,1.0,1.0,,4.144729737,0.016182115,0.000500478,5.653651423,7.13031461,0.0590455,0.001456897,0.302742015,0.02837105,0.331113066,0.139261327,0.015887788,0.155149115,0.155149115,17.0,12.30533848,0.674540962,,,,,,,,,,,,,,,,,,,,,,,,,,,,,,,,,,,,,,,,,,,,,,,,,,,,,,,,,,,,,,,,,,,,,,,,,,,,,,,,,,,,,,,,,,,,
331,Joe Mixon,3116385,None,0.0,2026,"['RB', 'RB/WR', 'RB/WR/TE', 'OP', 'BE', 'IR']",,,,,,,,,,,,,,,,,,,,,,,,,,,,,,,,,,,,,,,,,,,,,,,,,,,,,,,,,,,,,,,,,,,,,,,,,,,,,,,,,,,,,,,,,,,,,,,,,,,,,,,,,,,,,,,,,,,,,,,,,,,,,,,,,,,,,,,
332,Savion Williams,4431487,GB,68.99,2026,"['RB/WR', 'WR', 'WR/TE', 'RB/WR/TE', 'OP', 'BE', 'IR']",8.964556155,2.764879141,0.319457627,0.008701865,9.0,4.0,2.0,1.0,,1.0,,0.016520531,0.011564372,0.005381598,0.000183653,5.243198279,15.96925194,1.987677909,0.063482387,0.136655457,0.089304341,54.0,27.0,13.0,10.0,5.0,23.9167118,0.1073486,0.00332006,36.670362,11.35094511,0.072184251,0.002636701,0.163376044,0.435874089,0.599250133,0.07515298,0.24408949,0.31924247,0.31924247,17.0,4.441840868,12.60076831,,,,,,,,,,,,,,,,,,,,,,,,,,,,,,,,,,,,,,,,,,,,,,,,,,,,,,,,,0.11737761,,,,,,,,,,,1295.562603,,129.0,51.0,,,,,,,,,,,,,,,,,,,,,
333,Tyquan Thornton,4362921,KC,76.37,2026,"['RB/WR', 'WR', 'WR/TE', 'RB/WR/TE', 'OP', 'BE', 'IR']",,,,,,,,,,,,,,,,,21.0952189,2.947800214,0.13192064,0.213756103,0.139689613,71.0,35.0,17.0,14.0,7.0,23.80188936,0.175208279,0.005418813,43.4826932,15.06681742,0.13192064,0.001526911,,0.347025191,0.347025191,,0.194334107,0.194334107,0.194334107,17.0,,15.37022457,,,,,,,,,,,,,,,,,,,,,,,,,,,,,,,,,,,,,,,,,,,,,,,,,,,,,,,,,,,,,,,,,,,,,,,,,,,,,,,,,,,,,,,,,,,,
334,Devin Singletary,4040761,NYG,18.37,2026,"['RB', 'RB/WR', 'RB/WR/TE', 'OP', 'BE', 'IR']",22.26077295,5.244291689,0.621069977,0.026087851,17.0,8.0,4.0,3.0,1.0,4.0,2.0,0.04132001,0.028924007,0.020002757,0.000683,4.004935449,1.549123836,0.091905045,0.004915474,0.037605771,0.024575371,5.0,2.0,1.0,1.0,,4.210339875,0.014596517,0.000451439,5.063416004,6.254864451,0.031003325,0.000866101,0.165532807,0.031308409,0.196841216,0.076145091,0.017532709,0.0936778,0.0936778,17.0,6.897689697,0.573765428,,,,,,,,,,,,,,,,,,,,,,,,,,,,,,,,,,,,,,,,,,,,,,,,,,,,,,,,,,,,,,,,,,,,,,,,,,,,,,,,,,,,,,,,,,,,
335,Elijah Arroyo,4678006,SEA,60.2,2026,"['WR/TE', 'TE', 'RB/WR/TE', 'OP', 'BE', 'IR']",,,,,,,,,,,,,,,,,15.54319026,1.715674258,0.062362631,0.143985236,0.094094352,52.0,26.0,13.0,10.0,5.0,24.10008665,0.103282719,0.003194311,35.27987889,10.9640367,0.062362631,0.001296753,,0.294716495,0.294716495,,0.165041237,0.165041237,0.165041237,17.0,,12.33160408,,,,,,,,,,,,,,,,,,,,,,,,,,,,,,,,,,,,,,,,,,,,,,,,,,,,,,,,,,,,,,,,,,,,,,,,,,,,,,,,,,,,,,,,,,,,
336,Emari Demercado,4362478,KC,62.25,2026,"['RB', 'RB/WR', 'RB/WR/TE', 'OP', 'BE', 'IR']",53.56795202,14.98477945,1.390161792,0.060146183,50.0,25.0,12.0,10.0,5.0,10.0,5.0,0.101111811,0.070778268,0.166853111,0.00569,4.755478622,6.346736807,0.610391223,0.027322195,0.035281104,0.023056201,21.0,10.0,5.0,4.0,2.0,15.69113116,0.045809195,0.001416779,21.7413466,6.876147082,0.087468378,0.002892439,0.508440163,0.148932356,0.657372518,0.233882475,0.083402119,0.317284594,0.317284594,17.0,14.96420171,5.651722365,,,,,,,,,,,,,,,,,,,,,,,,,,,,,,,,,,,,,,,,,,,,,,,,,,,,,,,,,,,,,,,,,,,,,,,,,,,,,,,,,,,,,,,,,,,,
337,Andrei Iosivas,4368003,CIN,76.34,2026,"['RB/WR', 'WR', 'WR/TE', 'RB/WR/TE', 'OP', 'BE', 'IR']",2.036583696,0.656890646,0.086235296,0.005854462,2.0,1.0,,,,,,0.003739048,0.002617333,0.000240534,8.21e-06,5.483271322,18.67493129,2.786916599,0.130383196,0.103112284,0.067383878,63.0,31.0,15.0,12.0,6.0,27.29275468,0.138557651,0.004285288,45.76363071,11.63216522,0.136237659,0.001881501,0.029692846,0.397921075,0.427613922,0.013658709,0.222835802,0.236494511,0.236494511,17.0,2.637069365,14.96550539,,,,,,,,,,,,,,,,,,,,,,,,,,,,,,,,,,,,,,,,,,,,,,,,,,,,,,,,,,,,,,,,,,,,,,,,,,,,,,,,,,,,,,,,,,,,
338,DJ Giddens,4874509,IND,35.19,2026,"['RB', 'RB/WR', 'RB/WR/TE', 'OP', 'BE', 'IR']",33.55531944,8.32128655,1.005521441,0.049299778,28.0,14.0,7.0,5.0,2.0,6.0,3.0,0.062663125,0.043864187,0.050897957,0.00174,4.215780797,3.343458919,0.30035117,0.023888847,0.040574245,0.026515269,11.0,5.0,2.0,2.0,1.0,8.54680613,0.028191854,0.000871913,10.47955286,6.650297287,0.073188625,0.00159,0.287111501,0.073129578,0.360241079,0.132071291,0.040952563,0.173023854,0.173023854,17.0,9.636705865,2.488598265,,,,,,,,,,,,,,,,,,,,,,,,,,,,,,,,,,,,,,,,,,,,,,,,,,,,,,,,,,,,,,,,,,,,,,,,,,,,,,,,,,,,,,,,,,,,
339,Seth McGowan,4686468,IND,14.59,2026,"['Rookie', 'RB', 'RB/WR', 'RB/WR/TE', 'OP', 'BE', 'IR']",12.58324479,3.064990003,0.395843952,0.01940786,10.0,5.0,2.0,2.0,1.0,2.0,1.0,0.023234801,0.016264361,0.006662455,0.000227364,4.140810333,1.698545591,0.156026522,0.012410053,0.042346309,0.027673313,5.0,2.0,1.0,1.0,,4.347421572,0.015851873,0.000490264,5.239776431,6.641931217,0.031817913,0.000637406,0.107666813,0.037198118,0.144864931,0.049526734,0.020830946,0.07035768,0.07035768,17.0,4.890900659,0.70127906,,,,,,,,,,,,,,,,,,,,,,,,,,,,,,,,,,,,,,,,,,,,,,,,,,,,,,,,,,,,,,,,,,,,,,,,,,,,,,,,,,,,,,,,,,,,
340,Ja'Tavion Sanders,4431588,CAR,77.33,2026,"['WR/TE', 'TE', 'RB/WR/TE', 'OP', 'BE', 'IR']",,,,,,,,,,,,,,,,,17.87118833,2.086887531,0.126641984,0.075662708,0.049445579,60.0,30.0,15.0,12.0,6.0,35.05503347,0.128288136,0.003967674,47.0091165,8.666664144,0.126641984,0.002006519,,0.456027125,0.456027125,,0.25537519,0.25537519,0.25537519,17.0,,16.07174255,,,,,,,,,,,,,,,,,,,,,,,,,,,,,,,,,,,,,,,,,,,,,,,,,,,,,,,,,,,,,,,,,,,,,,,,,,,,,,,,,,,,,,,,,,,,
341,Kyle Williams,4613202,NE,22.19,2026,"['RB/WR', 'WR', 'WR/TE', 'RB/WR/TE', 'OP', 'BE', 'IR']",4.133442526,1.31357115,0.192162184,0.006834117,4.0,2.0,1.0,,,,,0.007597443,0.00531821,0.001129291,3.85e-05,5.4024483,5.380785182,0.55223619,0.021185112,0.276998128,0.181018277,18.0,9.0,4.0,3.0,1.0,6.433083289,0.040629067,0.001256569,10.3754108,14.2192078,0.02801923,0.000847,0.07533061,0.117240796,0.192571406,0.034652081,0.065654846,0.100306926,0.100306926,17.0,3.220370381,3.064895797,,,,,,,,,,,,,,,,,,,,,,,,,,,,,,,,,,,,,,,,,,,,,,,,,,,,,,,,,0.071271182,,,,,,,,,,,636.5253802,,63.0,25.0,,,,,,,,,,,,,,,,,,,,,
342,Justin Tucker,15683,None,0.0,2026,"['K', 'BE', 'IR']",,,,,,,,,,,,,,,,,,,,,,,,,,,,,,,,,,,,,,,,,,,,,,,,,,,,,,,,,,,,,,,,,,,,,,,,,,,,,,,,,,,,,,,,,,,,,,,,,,,,,,,,,,,,,,,,,,,,,,,,,,,,,,,,,,,,,,,
343,Zane Gonzalez,3043234,MIA,127.36,2026,"['K', 'BE', 'IR']",,,,,,,,,,,,,,,,,,,,,,,,,,,,,,,,,,,,,,,,,17.0,,,,,,,,,,,,,,,,,,,,,,,,,,5.746551533,8.1410756,2.394524067,7.600241056,9.3040864,1.703845344,16.25604954,16.761038,0.50498846,29.60284213,34.2062,4.603357871,24.05730592,24.72814871,0.670842785,5.746551533,8.1410756,2.394524067,1140.006117,221.1269939,1361.13311,,,,,,,,,,,,,,,,,,,,,,,,,,,,,,,,,,,,,,,,,,,,,,,,
344,Ben Sauls,4566158,NYG,0.0,2026,"['K', 'BE', 'IR']",,,,,,,,,,,,,,,,,,,,,,,,,,,,,,,,,,,,,,,,,,,,,,,,,,,,,,,,,,,,,,,,,,,,,,,,,,,,,,,,,,,,,,,,,,,,,,,,,,,,,,,,,,,,,,,,,,,,,,,,,,,,,,,,,,,,,,,
345,Jahan Dotson,4361409,ATL,74.62,2026,"['RB/WR', 'WR', 'WR/TE', 'RB/WR/TE', 'OP', 'BE', 'IR']",,,,,,,,,,,,,,,,,21.06967696,1.847253175,0.108398125,0.124629049,0.081445083,71.0,35.0,17.0,14.0,7.0,28.72292624,0.174820396,0.005406816,49.27346849,12.47033486,0.108398125,0.001612274,,0.36642602,0.36642602,,0.205198571,0.205198571,0.205198571,17.0,,16.02988641,,,,,,,,,,,,,,,,,,,,,,,,,,,,,,,,,,,,,,,,,,,,,,,,,,,,,,,,,,,,,,,,,,,,,,,,,,,,,,,,,,,,,,,,,,,,
346,Joey Slye,3124084,TEN,123.07,2026,"['K', 'BE', 'IR']",,,,,,,,,,,,,,,,,,,,,,,,,,,,,,,,,,,,,,,,,17.0,,,,,,,,,,,,,,,,,,,,,,,,,,5.249101985,7.7121996,2.463097615,6.977321304,8.8139424,1.836621096,14.99878199,15.878058,0.879276013,27.22520528,32.4042,5.178994724,29.0936934,30.70175291,1.608059514,5.249101985,7.7121996,2.463097615,1047.394425,242.0335009,1289.427926,,,,,,,,,,,,,,,,,,,,,,,,,,,,,,,,,,,,,,,,,,,,,,,,
347,Cardinals D/ST,-16022,ARI,60.7,2026,"['D/ST', 'BE', 'IR']",,,,,,,,,,,,,,,,,,,,,,,,,,,,,,,,,,,,,,,,,17.0,,,,,,,,,,,,,,,,,,,,,,,,,,,,,,,,,,,,,,,,,,,,,,,0.039045337,0.169762333,1.137407629,1.76552826,0.124037322,1.543606806,12.37644963,7.848677431,1.971710494,0.266868146,35.93553792,71.87107583,0.269958973,0.25931276,1.014352349,0.529254457,2.196915862,12.07488835,1031.957177,343.0,206.0,42.87471664,85.12366109,1862.272157,207.6244379,186.0,74.0,20.0,8.0,454.4946961,2.461553825,4.566606751,4.108248452,2.427601358,0.324246056,26.73498212,6285.392177,0.067857499,1.357149985,2.816086219,4.461630576,4.190200579,2.71429997,1.068755613,0.324019559,369.7289516,,
348,Brashard Smith,4596602,KC,0.99,2026,"['RB', 'RB/WR', 'RB/WR/TE', 'OP', 'BE', 'IR']",,,,,,,,,,,,,,,,,,,,,,,,,,,,,,,,,,,,,,,,,17.0,,,,,,,,,,,,,,,,,,,,,,,,,,,,,,,,,,,,,,,,,,,,,,,,,,,,,,,,,,,0.108011542,0.056419639,,,,,,,,,,964.6548105,56.4196394,96.0,38.0,5.0,2.0,,,,,,,,,,,,,,,,,,,
349,DeMario Douglas,4427095,NE,61.23,2026,"['RB/WR', 'WR', 'WR/TE', 'RB/WR/TE', 'OP', 'BE', 'IR']",4.133442526,1.258223269,0.153531383,0.005460239,4.0,2.0,1.0,,,,,0.007597443,0.00531821,0.00102965,3.51e-05,5.174813836,15.94463056,1.502202674,0.057623778,0.264106187,0.172593393,54.0,27.0,13.0,10.0,5.0,22.73187421,0.107115127,0.003312839,31.1262324,11.92416943,0.063084017,0.002332706,0.081569398,0.448591045,0.530160443,0.037521923,0.251210985,0.288732908,0.288732908,17.0,3.159800787,12.12064402,,,,,,,,,,,,,,,,,,,,,,,,,,,,,,,,,,,,,,,,,,,,,,,,,,,,,,,,,,,,,,,,,,,,,,,,,,,,,,,,,,,,,,,,,,,,
350,Eli Raridon,4831959,NE,36.96,2026,"['Rookie', 'WR/TE', 'TE', 'RB/WR/TE', 'OP', 'BE', 'IR']",,,,,,,,,,,,,,,,,8.859977146,1.088386713,0.041758034,0.125811644,0.082217909,30.0,15.0,7.0,6.0,3.0,15.55743684,0.058565718,0.001811311,20.7508216,9.681518431,0.041758034,0.000837098,,0.190249658,0.190249658,,0.106539809,0.106539809,0.106539809,17.0,,6.994899128,,,,,,,,,,,,,,,,,,,,,,,,,,,,,,,,,,,,,,,,,,,,,,,,,,,,,,,,,,,,,,,,,,,,,,,,,,,,,,,,,,,,,,,,,,,,
351,Zavion Thomas,4869748,CHI,35.84,2026,"['Rookie', 'RB/WR', 'WR', 'WR/TE', 'RB/WR/TE', 'OP', 'BE', 'IR']",,,,,,,,,,,,,,,,,9.035404844,1.219242173,0.080995321,0.141211068,0.092281433,30.0,15.0,7.0,6.0,3.0,12.46975099,0.059458803,0.001838932,20.56258363,12.31795907,0.080995321,0.000999931,,0.22725705,0.22725705,,0.127263948,0.127263948,0.127263948,17.0,,6.426861879,,,,,,,,,,,,,,,,,,,,,,,,,,,,,,,,,,,,,,,,,,,,,,,,,,,,,,,,,0.111157812,0.079746598,,,,,,,,,,992.7542541,79.74659798,99.0,39.0,7.0,3.0,,,,,,,,,,,,,,,,,,,
352,Isaiah Davis,4695404,NYJ,49.43,2026,"['RB', 'RB/WR', 'RB/WR/TE', 'OP', 'BE', 'IR']",39.09832619,10.48018412,1.314951728,0.148608188,35.0,17.0,8.0,7.0,3.0,7.0,3.0,0.073231979,0.051262385,0.081059407,0.002766247,4.556796858,5.610526328,0.410853661,0.050120939,0.056012974,0.036604479,19.0,9.0,4.0,3.0,1.0,12.88385818,0.041889349,0.001295547,15.92695371,7.402980244,0.198729127,0.000978513,0.16726974,0.055119485,0.222389225,0.07694408,0.030866912,0.107810992,0.107810992,17.0,11.44337179,4.585127703,,,,,,,,,,,,,,,,,,,,,,,,,,,,,,,,,,,,,,,,,,,,,,,,,,,,,,,,,,,,,,,,,,,,,,,,,,,,,,,,,,,,,,,,,,,,
353,Tyler Higbee,2573401,LAR,37.69,2026,"['WR/TE', 'TE', 'RB/WR/TE', 'OP', 'BE', 'IR']",,,,,,,,,,,,,,,,,9.08135318,1.254616948,0.017094152,0.099196299,0.064824781,30.0,15.0,7.0,6.0,3.0,15.2933682,0.059697828,0.001846325,22.48679516,10.09476801,0.017094152,0.000660843,,0.150191636,0.150191636,,0.084107316,0.084107316,0.084107316,17.0,,7.106462921,,,,,,,,,,,,,,,,,,,,,,,,,,,,,,,,,,,,,,,,,,,,,,,,,,,,,,,,,,,,,,,,,,,,,,,,,,,,,,,,,,,,,,,,,,,,
354,Nick Westbrook-Ikhine,3929785,IND,59.45,2026,"['RB/WR', 'WR', 'WR/TE', 'RB/WR/TE', 'OP', 'BE', 'IR']",,,,,,,,,,,,,,,,,15.85788598,1.975212351,0.1570345,0.132394506,0.08651981,53.0,26.0,13.0,10.0,5.0,21.64451616,0.106299461,0.003287612,36.67843501,12.45507452,0.1570345,0.001428164,,0.32458273,0.32458273,,0.181766329,0.181766329,0.181766329,17.0,,12.02555502,,,,,,,,,,,,,,,,,,,,,,,,,,,,,,,,,,,,,,,,,,,,,,,,,,,,,,,,,,,,,,,,,,,,,,,,,,,,,,,,,,,,,,,,,,,,
355,Chad Ryland,4363538,ARI,121.74,2026,"['K', 'BE', 'IR']",,,,,,,,,,,,,,,,,,,,,,,,,,,,,,,,,,,,,,,,,17.0,,,,,,,,,,,,,,,,,,,,,,,,,,5.337301644,8.1562124,2.818910756,7.134447109,9.3213856,2.186938491,15.42170354,16.792202,1.370498464,27.89345229,34.2698,6.37634771,26.63167694,28.90396732,2.272290378,5.337301644,8.1562124,2.818910756,1071.915515,291.7483668,1363.663882,,,,,,,,,,,,,,,,,,,,,,,,,,,,,,,,,,,,,,,,,,,,,,,,
356,Will Shipley,4431545,PHI,26.71,2026,"['RB', 'RB/WR', 'RB/WR/TE', 'OP', 'BE', 'IR']",9.250991347,2.330357093,0.299571617,0.008973659,7.0,3.0,1.0,1.0,,1.0,,0.017050946,0.011935662,0.003772497,0.000129,4.282359489,4.909457683,0.39397195,0.01766123,0.045560314,0.029773665,16.0,8.0,4.0,3.0,1.0,11.28833583,0.037955677,0.001173887,14.74453809,7.393541606,0.026634889,0.000910138,0.093165781,0.113683668,0.206849449,0.042856259,0.063662854,0.106519113,0.106519113,17.0,4.194997471,3.885896051,,,,,,,,,,,,,,,,,,,,,,,,,,,,,,,,,,,,,,,,,,,,,,,,,,,,,,,,,0.069295513,,,,,,,,,,,814.1150617,,81.0,32.0,,,,,,,,,,,,,,,,,,,,,
357,Mac Jones,4241464,SF,7.57,2026,"['QB', 'OP', 'BE', 'IR']",0.946522869,0.130760269,0.013204977,0.000654919,,,,,,,,0.001736728,0.00121571,-3.66e-06,-1.25e-07,2.348516488,,,,,,,,,,,,,,,,0.058104672,0.001298051,0.01120697,,0.295011563,0.005155206,,0.141381411,0.704932467,17.0,2.214396127,,22.36101934,14.74633325,7.614686087,8.570402918,0.944612702,29.0,14.0,7.0,5.0,2.0,1.0,2.0,1.0,0.086075041,0.056250039,0.217226805,0.029341646,0.057449753,0.563551056,0.659466057,1.608665597,0.283804593,0.136226205,,,,,,,,,,,,,,,,,,,,,,,,,,,,,,,,,,,,,,,,,,,,,,,,,,,,,,,,,,,,,,,,,,,,,
358,Andre Szmyt,4258620,CLE,121.47,2026,"['K', 'BE', 'IR']",,,,,,,,,,,,,,,,,,,,,,,,,,,,,,,,,,,,,,,,,17.0,,,,,,,,,,,,,,,,,,,,,,,,,,5.41118259,7.7121996,2.30101701,7.162556281,8.8139424,1.651386119,15.33247735,15.878058,0.545580649,27.90621622,32.4042,4.497983778,24.26719119,25.05286575,0.785674558,5.41118259,7.7121996,2.30101701,1074.493213,214.9347134,1289.427926,,,,,,,,,,,,,,,,,,,,,,,,,,,,,,,,,,,,,,,,,,,,,,,,
359,Elic Ayomanor,4883647,TEN,15.23,2026,"['RB/WR', 'WR', 'WR/TE', 'RB/WR/TE', 'OP', 'BE', 'IR']",,,,,,,,,,,,,,,,,4.465000469,0.407545382,0.006415372,0.098843179,0.064594018,15.0,7.0,3.0,3.0,1.0,5.88963921,0.035344604,0.001093132,11.0312521,12.88788757,0.006415372,0.000472282,,0.107336709,0.107336709,,0.060108557,0.060108557,0.060108557,17.0,,2.452546882,,,,,,,,,,,,,,,,,,,,,,,,,,,,,,,,,,,,,,,,,,,,,,,,,,,,,,,,,,,,,,,,,,,,,,,,,,,,,,,,,,,,,,,,,,,,
360,Dyami Brown,4361577,WSH,84.35,2026,"['RB/WR', 'WR', 'WR/TE', 'RB/WR/TE', 'OP', 'BE', 'IR']",,,,,,,,,,,,,,,,,23.06617366,2.667478376,0.208396227,0.232820521,0.152148211,78.0,39.0,19.0,15.0,7.0,29.57698851,0.212383869,0.006568573,46.44441953,13.2577714,0.208396227,0.002602775,,0.59153977,0.59153977,,0.331262271,0.331262271,0.331262271,17.0,,17.49590257,,,,,,,,,,,,,,,,,,,,,,,,,,,,,,,,,,,,,,,,,,,,,,,,,,,,,,,,,,,,,,,,,,,,,,,,,,,,,,,,,,,,,,,,,,,,
361,Max Klare,4833029,LAR,9.14,2026,"['Rookie', 'WR/TE', 'TE', 'RB/WR/TE', 'OP', 'BE', 'IR']",,,,,,,,,,,,,,,,,2.244324202,0.360137578,0.004907167,0.094426816,0.061707924,7.0,3.0,1.0,1.0,,4.02511545,0.020233799,0.000625788,5.62169879,9.47886139,0.004907167,0.000216579,,0.049222558,0.049222558,,0.027564633,0.027564633,0.027564633,17.0,,0.967136431,,,,,,,,,,,,,,,,,,,,,,,,,,,,,,,,,,,,,,,,,,,,,,,,,,,,,,,,,,,,,,,,,,,,,,,,,,,,,,,,,,,,,,,,,,,,
362,Anthony Richardson Sr.,4429084,IND,0.0,2026,"['QB', 'OP', 'BE', 'IR']",,,,,,,,,,,,,,,,,,,,,,,,,,,,,,,,,,,,,,,,,,,,,,,,,,,,,,,,,,,,,,,,,,,,,,,,,,,,,,,,,,,,,,,,,,,,,,,,,,,,,,,,,,,,,,,,,,,,,,,,,,,,,,,,,,,,,,,
363,Isaiah Bond,4808839,CLE,30.12,2026,"['RB/WR', 'WR', 'WR/TE', 'RB/WR/TE', 'OP', 'BE', 'IR']",4.250422397,1.38351049,0.117907269,0.007150042,4.0,2.0,1.0,,,,,0.007812922,0.005469045,0.001257303,4.29e-05,5.533492001,7.650202187,0.774609931,0.055102968,0.11943697,0.07805206,26.0,13.0,6.0,5.0,2.0,9.909436446,0.052464767,0.001622622,18.11174863,13.12420115,0.06225301,0.001135458,0.077462529,0.180596172,0.258058701,0.035632764,0.101133856,0.13676662,0.13676662,17.0,3.212266018,5.01209095,,,,,,,,,,,,,,,,,,,,,,,,,,,,,,,,,,,,,,,,,,,,,,,,,,,,,,,,,,,,,,,,,,,,,,,,,,,,,,,,,,,,,,,,,,,,
364,Oscar Delp,4702559,NO,8.31,2026,"['Rookie', 'WR/TE', 'TE', 'RB/WR/TE', 'OP', 'BE', 'IR']",,,,,,,,,,,,,,,,,2.146104597,0.236672958,0.012374241,0.086405178,0.056465784,7.0,3.0,1.0,1.0,,3.922465469,0.019469114,0.000602138,5.473747812,9.301236283,0.012374241,0.000211056,,0.047967266,0.047967266,,0.026861669,0.026861669,0.026861669,17.0,,0.847207811,,,,,,,,,,,,,,,,,,,,,,,,,,,,,,,,,,,,,,,,,,,,,,,,,,,,,,,,,,,,,,,,,,,,,,,,,,,,,,,,,,,,,,,,,,,,
365,Eli Heidenreich,5081508,PIT,0.0,2026,"['Rookie', 'RB', 'RB/WR', 'RB/WR/TE', 'OP', 'BE', 'IR']",,,,,,,,,,,,,,,,,,,,,,,,,,,,,,,,,,,,,,,,,,,,,,,,,,,,,,,,,,,,,,,,,,,,,,,,,,,,,,,,,,,,,,,,,,,,,,,,,,,,,,,,,,,,,,,,,,,,,,,,,,,,,,,,,,,,,,,
366,Jameis Winston,2969939,NYG,7.86,2026,"['QB', 'OP', 'BE', 'IR']",0.738851281,0.156701669,0.028064509,0.00117982,,,,,,,,0.001355529,0.00094887,-1.36904e-06,-4.67e-08,3.605500108,,,,,,,,,,,,,,,,0.047856843,0.001445385,0.009840898,,0.328496631,0.004526813,,0.157481565,1.057585054,17.0,2.227747859,,22.2749765,13.63087462,8.644101882,9.612745528,0.925489251,32.0,16.0,8.0,6.0,3.0,1.0,2.0,1.0,0.088651899,0.057934016,0.241109747,0.032567605,0.046677023,0.900103489,0.611936655,1.649586746,0.318655733,0.152954752,,,,,,,,,,,,,,,,,,,,,,,,,,,,,,,,,,,,,,,,,,,,,,,,,,,,,,,,,,,,,,,,,,,,,
367,Bryce Lance,4879276,NO,41.77,2026,"['Rookie', 'RB/WR', 'WR', 'WR/TE', 'RB/WR/TE', 'OP', 'BE', 'IR']",,,,,,,,,,,,,,,,,12.02235047,0.93908401,0.04907408,0.140893661,0.092074007,40.0,20.0,10.0,8.0,4.0,16.3627288,0.07620245,0.002356777,27.36873906,12.49057908,0.04907408,0.001312103,,0.298205271,0.298205271,,0.166994952,0.166994952,0.166994952,17.0,,8.599899028,,,,,,,,,,,,,,,,,,,,,,,,,,,,,,,,,,,,,,,,,,,,,,,,,,,,,,,,,,,,,,,,,,,,,,,,,,,,,,,,,,,,,,,,,,,,
368,Joe Flacco,11252,CIN,9.83,2026,"['QB', 'OP', 'BE', 'IR']",0.398763438,0.068634232,0.017171274,0.001166073,,,,,,,,0.000731453,0.000512017,-5.11e-06,-1.74e-07,2.926000317,,,,,,,,,,,,,,,,0.06540855,0.001398267,0.004804303,,0.317788026,0.002209979,,0.152442167,0.840277621,17.0,2.148413883,,24.6266589,15.21514774,9.411511158,9.673995014,1.317179856,32.0,16.0,8.0,6.0,3.0,1.0,3.0,1.0,0.088807518,0.058035713,0.242492526,0.032754382,0.064242477,0.687835455,0.617832399,1.351399379,0.312983723,0.150232187,,,,,,,,,,,,,,,,,,,,,,,,,,,,,,,,,,,,,,,,,,,,,,,,,,,,,,,,,,,,,,,,,,,,,
369,Noah Gray,4240472,KC,60.47,2026,"['WR/TE', 'TE', 'RB/WR/TE', 'OP', 'BE', 'IR']",,,,,,,,,,,,,,,,,15.39317448,1.414072991,0.063256621,0.100257939,0.065518563,52.0,26.0,13.0,10.0,5.0,26.10477078,0.101945311,0.003152948,38.04735655,10.02437325,0.063256621,0.000983233,,0.223462042,0.223462042,,0.125138744,0.125138744,0.125138744,17.0,,12.59488184,,,,,,,,,,,,,,,,,,,,,,,,,,,,,,,,,,,,,,,,,,,,,,,,,,,,,,,,,,,,,,,,,,,,,,,,,,,,,,,,,,,,,,,,,,,,
370,Mack Hollins,2991662,NE,27.39,2026,"['RB/WR', 'WR', 'WR/TE', 'RB/WR/TE', 'OP', 'BE', 'IR']",,,,,,,,,,,,,,,,,7.452052401,0.788760673,0.03025765,0.202450935,0.132301686,25.0,12.0,6.0,5.0,2.0,10.76773847,0.051470407,0.001591868,15.5631162,11.76522732,0.03025765,0.000688179,,0.156404225,0.156404225,,0.087586366,0.087586366,0.087586366,17.0,,5.120621446,,,,,,,,,,,,,,,,,,,,,,,,,,,,,,,,,,,,,,,,,,,,,,,,,,,,,,,,,,,,,,,,,,,,,,,,,,,,,,,,,,,,,,,,,,,,
371,Tahj Brooks,4429299,CIN,17.56,2026,"['RB', 'RB/WR', 'RB/WR/TE', 'OP', 'BE', 'IR']",30.54875544,7.612230462,0.944303285,0.064108183,25.0,12.0,6.0,5.0,2.0,6.0,3.0,0.056956442,0.039869509,0.042473788,0.00145,4.236110964,,,,,,,,,,,,,,,,0.064108183,0.001150099,0.261386247,,0.261386247,0.120237674,,0.120237674,0.120237674,17.0,9.001403668,,,,,,,,,,,,,,,,,,,,,,,,,,,,,,,,,,,,,,,,,,,,,,,,,,,,,,,,,,,,,,,,,,,,,,,,,,,,,,,,,,,,,,,,,,,,,
372,Tutu Atwell,4360797,MIA,53.11,2026,"['RB/WR', 'WR', 'WR/TE', 'RB/WR/TE', 'OP', 'BE', 'IR']",2.14715771,0.66688097,0.063916597,0.002425078,2.0,1.0,,,,,,0.003942287,0.002759601,0.000248,8.47e-06,5.279992447,17.15662984,0.445368458,0.023250434,0.21482186,0.140386086,58.0,29.0,14.0,11.0,5.0,20.3668423,0.119806479,0.003705355,35.2076913,14.3204677,0.025675512,0.00150342,0.032586599,0.30909985,0.341686449,0.014989836,0.173095916,0.188085752,0.188085752,17.0,2.632883008,11.71759644,,,,,,,,,,,,,,,,,,,,,,,,,,,,,,,,,,,,,,,,,,,,,,,,,,,,,,,,,,,,,,,,,,,,,,,,,,,,,,,,,,,,,,,,,,,,
373,Brenen Thompson,4685553,LAC,27.19,2026,"['Rookie', 'RB/WR', 'WR', 'WR/TE', 'RB/WR/TE', 'OP', 'BE', 'IR']",2.079721306,0.665202011,0.09924297,0.002479514,2.0,1.0,,,,,,0.003818343,0.00267284,0.000248747,8.49e-06,5.437475755,7.118289495,0.706455134,0.017485185,0.153084476,0.100040705,24.0,12.0,6.0,4.0,2.0,9.539924619,0.049783129,0.001539684,15.93195438,12.68468319,0.019964699,0.000931762,0.037902227,0.173861942,0.211764168,0.017435024,0.097362687,0.114797712,0.114797712,17.0,2.654158167,4.65064034,,,,,,,,,,,,,,,,,,,,,,,,,,,,,,,,,,,,,,,,,,,,,,,,,,,,,,,,,,,,,,,,,,,,,,,,,,,,,,,,,,,,,,,,,,,,
374,Matt Prater,11122,None,0.0,2026,"['K', 'BE', 'IR']",,,,,,,,,,,,,,,,,,,,,,,,,,,,,,,,,,,,,,,,,,,,,,,,,,,,,,,,,,,,,,,,,,,,,,,,,,,,,,,,,,,,,,,,,,,,,,,,,,,,,,,,,,,,,,,,,,,,,,,,,,,,,,,,,,,,,,,
375,Najee Harris,4241457,None,0.0,2026,"['RB', 'RB/WR', 'RB/WR/TE', 'OP', 'BE', 'IR']",,,,,,,,,,,,,,,,,,,,,,,,,,,,,,,,,,,,,,,,,,,,,,,,,,,,,,,,,,,,,,,,,,,,,,,,,,,,,,,,,,,,,,,,,,,,,,,,,,,,,,,,,,,,,,,,,,,,,,,,,,,,,,,,,,,,,,,
376,Tez Johnson,4608810,TB,20.52,2026,"['RB/WR', 'WR', 'WR/TE', 'RB/WR/TE', 'OP', 'BE', 'IR']",4.365431518,1.37008738,0.213190478,0.019484043,4.0,2.0,1.0,,,,,0.008024843,0.00561739,0.001232477,4.21e-05,5.33543714,4.565606805,0.606460691,0.052605822,0.126254273,0.082507168,15.0,7.0,3.0,3.0,1.0,6.661451371,0.035948793,0.001111818,10.66500748,11.65141219,0.072089865,0.00088423,0.079558532,0.121402728,0.20096126,0.036596925,0.067985527,0.104582452,0.104582452,17.0,3.28258199,2.756971474,,,,,,,,,,,,,,,,,,,,,,,,,,,,,,,,,,,,,,,,,,,,,,,,,,,,,,,,,,,,,,,,,,,,,,,,,,,,,,,,,,,,,,,,,,,,
377,Calvin Austin III,4243389,NYG,18.01,2026,"['RB/WR', 'WR', 'WR/TE', 'RB/WR/TE', 'OP', 'BE', 'IR']",,,,,,,,,,,,,,,,,5.077113117,0.447304101,0.02388535,0.135246317,0.088383468,17.0,8.0,4.0,3.0,1.0,7.090045742,0.039265273,0.00121439,11.63601005,12.17353542,0.02388535,0.000623924,,0.141800915,0.141800915,,0.079408512,0.079408512,0.079408512,17.0,,3.029371398,,,,,,,,,,,,,,,,,,,,,,,,,,,,,,,,,,,,,,,,,,,,,,,,,,,,,,,,,,0.057964656,,,,,,,,,,,49.19750202,,,4.0,1.0,,,,,,,,,,,,,,,,,,,
378,Drew Allar,4714771,PIT,8.47,2026,"['Rookie', 'QB', 'OP', 'BE', 'IR']",1.294555864,0.332072046,0.053620181,0.001806866,1.0,,,,,,,0.002375766,0.001663036,4.06e-05,1.38e-06,4.360742501,,,,,,,,,,,,,,,,0.027398192,0.001512329,0.017185555,,0.343711108,0.007905355,,0.164637621,0.66172242,17.0,2.381224912,,22.99433536,14.91233866,8.081996701,9.419108075,0.852103204,32.0,16.0,8.0,6.0,3.0,1.0,2.0,1.0,0.088164028,0.057615192,0.236718051,0.031974402,0.025591326,0.497084799,0.648522274,1.602226055,0.326525552,0.156732265,,,,,,,,,,,,,,,,,,,,,,,,,,,,,,,,,,,,,,,,,,,,,,,,,,,,,,,,,,,,,,,,,,,,,
379,Luke McCaffrey,4426948,WSH,45.09,2026,"['RB/WR', 'WR', 'WR/TE', 'RB/WR/TE', 'OP', 'BE', 'IR']",,,,,,,,,,,,,,,,,11.80816085,1.168190198,0.091079957,0.167232523,0.109286454,40.0,20.0,10.0,8.0,4.0,17.45564876,0.074872214,0.002315635,25.80245529,11.49992975,0.091079957,0.001399743,,0.318123372,0.318123372,,0.178149088,0.178149088,0.178149088,17.0,,8.842285953,,,,,,,,,,,,,,,,,,,,,,,,,,,,,,,,,,,,,,,,,,,,,,,,,,,,,,,,,0.131645768,,,,,,,,,,,1669.688237,,166.0,66.0,,,,,,,,,,,,,,,,,,,,,
380,Joe Milton III,4360698,DAL,0.0,2026,"['QB', 'OP', 'BE', 'IR']",,,,,,,,,,,,,,,,,,,,,,,,,,,,,,,,,,,,,,,,,,,,,,,,,,,,,,,,,,,,,,,,,,,,,,,,,,,,,,,,,,,,,,,,,,,,,,,,,,,,,,,,,,,,,,,,,,,,,,,,,,,,,,,,,,,,,,,
381,Philip Rivers,5529,IND,0.0,2026,"['QB', 'OP', 'BE', 'IR']",,,,,,,,,,,,,,,,,,,,,,,,,,,,,,,,,,,,,,,,,,,,,,,,,,,,,,,,,,,,,,,,,,,,,,,,,,,,,,,,,,,,,,,,,,,,,,,,,,,,,,,,,,,,,,,,,,,,,,,,,,,,,,,,,,,,,,,
382,Olamide Zaccheaus,3917914,ATL,32.07,2026,"['RB/WR', 'WR', 'WR/TE', 'RB/WR/TE', 'OP', 'BE', 'IR']",,,,,,,,,,,,,,,,,8.365484281,0.633057199,0.037139444,0.076426767,0.049944892,28.0,14.0,7.0,5.0,2.0,14.26852593,0.056062274,0.001733885,21.89931933,9.966918337,0.037139444,0.001212603,,0.27559149,0.27559149,,0.154331234,0.154331234,0.154331234,17.0,,6.283107537,,,,,,,,,,,,,,,,,,,,,,,,,,,,,,,,,,,,,,,,,,,,,,,,,,,,,,,,,0.039155015,,,,,,,,,,,349.6947906,,34.0,13.0,,,,,,,,,,,,,,,,,,,,,
383,Cedric Tillman,4369863,CLE,7.0,2026,"['RB/WR', 'WR', 'WR/TE', 'RB/WR/TE', 'OP', 'BE', 'IR']",,,,,,,,,,,,,,,,,1.950551572,0.176792458,0.012570628,0.073484,0.048021794,6.0,3.0,1.0,1.0,,2.969646646,0.017908946,0.000553885,5.174785322,11.16610179,0.012570628,0.000226304,,0.051432673,0.051432673,,0.028802297,0.028802297,0.028802297,17.0,,0.513868959,,,,,,,,,,,,,,,,,,,,,,,,,,,,,,,,,,,,,,,,,,,,,,,,,,,,,,,,,,,,,,,,,,,,,,,,,,,,,,,,,,,,,,,,,,,,
384,Will Howard,4429955,PIT,0.0,2026,"['QB', 'OP', 'BE', 'IR']",,,,,,,,,,,,,,,,,,,,,,,,,,,,,,,,,,,,,,,,,,,,,,,,,,,,,,,,,,,,,,,,,,,,,,,,,,,,,,,,,,,,,,,,,,,,,,,,,,,,,,,,,,,,,,,,,,,,,,,,,,,,,,,,,,,,,,,
385,Kendre Miller,4599739,NO,6.85,2026,"['RB', 'RB/WR', 'RB/WR/TE', 'OP', 'BE', 'IR']",12.89470467,3.221781694,0.296505578,0.014987542,10.0,5.0,2.0,2.0,1.0,2.0,1.0,0.023813919,0.016669743,0.007368068,0.000251,4.247502383,,,,,,,,,,,,,,,,0.014987542,0.00024273,0.055165888,,0.055165888,0.025376309,,0.025376309,0.025376309,17.0,4.925765968,,,,,,,,,,,,,,,,,,,,,,,,,,,,,,,,,,,,,,,,,,,,,,,,,,,,,,,,,,0.014740938,,,,,,,,,,,164.3337278,,16.0,6.0,,,,,,,,,,,,,,,,,,,,,
386,Isaac Guerendo,4372561,SF,1.33,2026,"['RB', 'RB/WR', 'RB/WR/TE', 'OP', 'BE', 'IR']",,,,,,,,,,,,,,,,,,,,,,,,,,,,,,,,,,,,,,,,,17.0,,,,,,,,,,,,,,,,,,,,,,,,,,,,,,,,,,,,,,,,,,,,,,,,,,,,,,,,,,,0.112841026,0.108311853,,,,,,,,,,1007.787091,108.3118535,100.0,40.0,10.0,4.0,,,,,,,,,,,,,,,,,,,
387,Kalif Raymond,2973405,CHI,46.6,2026,"['RB/WR', 'WR', 'WR/TE', 'RB/WR/TE', 'OP', 'BE', 'IR']",4.571323744,1.59935256,0.159915049,0.009443948,5.0,2.0,1.0,1.0,,,,0.008404258,0.005882981,0.001712352,5.84e-05,5.947728721,10.99790629,0.898123741,0.059643918,0.126097036,0.082404413,37.0,18.0,9.0,7.0,3.0,19.17556691,0.070036409,0.002166074,25.70322954,9.750137132,0.069087866,0.001972672,0.086305291,0.362029244,0.448334535,0.039700434,0.202736377,0.242436811,0.242436811,17.0,3.386974277,8.744035697,,,,,,,,,,,,,,,,,,,,,,,,,,,,,,,,,,,,,,,,,,,,,,,,,,,,,,,,,0.014821042,0.219971932,,,,,,,,,,140.0332899,201.6014315,14.0,5.0,20.0,8.0,,,,,,,,,,,,,,,,,,,
388,Dont'e Thornton Jr.,4432775,LV,31.57,2026,"['RB/WR', 'WR', 'WR/TE', 'RB/WR/TE', 'OP', 'BE', 'IR']",,,,,,,,,,,,,,,,,9.855721935,0.602492769,0.038312905,0.16370851,0.106983511,33.0,16.0,8.0,6.0,3.0,12.12440481,0.063741377,0.001971383,21.66622739,13.81901013,0.038312905,0.000972238,,0.220963231,0.220963231,,0.123739409,0.123739409,0.123739409,17.0,,6.480506826,,,,,,,,,,,,,,,,,,,,,,,,,,,,,,,,,,,,,,,,,,,,,,,,,,,,,,,,,,,,,,,,,,,,,,,,,,,,,,,,,,,,,,,,,,,,
389,Jalen Royals,5082630,KC,17.5,2026,"['RB/WR', 'WR', 'WR/TE', 'RB/WR/TE', 'OP', 'BE', 'IR']",,,,,,,,,,,,,,,,,4.586258726,0.627819982,0.028092364,0.119970544,0.07840075,15.0,7.0,3.0,3.0,1.0,6.814974735,0.036069064,0.001115538,10.8706733,11.44045303,0.028092364,0.000546483,,0.12420064,0.12420064,,0.069552358,0.069552358,0.069552358,17.0,,2.810380141,,,,,,,,,,,,,,,,,,,,,,,,,,,,,,,,,,,,,,,,,,,,,,,,,,,,,,,,,,,,,,,,,,,,,,,,,,,,,,,,,,,,,,,,,,,,
390,Kevin Coleman Jr.,4685307,MIA,51.77,2026,"['Rookie', 'RB/WR', 'WR', 'WR/TE', 'RB/WR/TE', 'OP', 'BE', 'IR']",,,,,,,,,,,,,,,,,15.9124747,0.665697975,0.034816231,0.157729632,0.103076315,54.0,27.0,13.0,10.0,5.0,21.12528881,0.106787044,0.003302692,35.2076913,12.80513002,0.034816231,0.001694006,,0.385001337,0.385001337,,0.215600749,0.215600749,0.215600749,17.0,,11.39731596,,,,,,,,,,,,,,,,,,,,,,,,,,,,,,,,,,,,,,,,,,,,,,,,,,,,,,,,,,,,,,,,,,,,,,,,,,,,,,,,,,,,,,,,,,,,
391,Joshua Palmer,4242433,BUF,44.26,2026,"['RB/WR', 'WR', 'WR/TE', 'RB/WR/TE', 'OP', 'BE', 'IR']",,,,,,,,,,,,,,,,,12.08705685,1.243950055,0.100002297,0.145282062,0.094941827,41.0,20.0,10.0,8.0,4.0,16.88307894,0.076971679,0.002380567,27.40389667,12.17076382,0.100002297,0.00116094,,0.263850104,0.263850104,,0.147756058,0.147756058,0.147756058,17.0,,8.873502377,,,,,,,,,,,,,,,,,,,,,,,,,,,,,,,,,,,,,,,,,,,,,,,,,,,,,,,,,,,,,,,,,,,,,,,,,,,,,,,,,,,,,,,,,,,,
392,Jalen Milroe,4432734,SEA,0.0,2026,"['QB', 'OP', 'BE', 'IR']",,,,,,,,,,,,,,,,,,,,,,,,,,,,,,,,,,,,,,,,,,,,,,,,,,,,,,,,,,,,,,,,,,,,,,,,,,,,,,,,,,,,,,,,,,,,,,,,,,,,,,,,,,,,,,,,,,,,,,,,,,,,,,,,,,,,,,,
393,Devin Neal,4682652,NO,0.0,2026,"['RB', 'RB/WR', 'RB/WR/TE', 'OP', 'BE', 'IR']",,,,,,,,,,,,,,,,,,,,,,,,,,,,,,,,,,,,,,,,,,,,,,,,,,,,,,,,,,,,,,,,,,,,,,,,,,,,,,,,,,,,,,,,,,,,,,,,,,,,,,,,,,,,,,,,,,,,,,,,,,,,,,,,,,,,,,,
394,Nick Chubb,3128720,None,0.0,2026,"['RB', 'RB/WR', 'RB/WR/TE', 'OP', 'BE', 'IR']",,,,,,,,,,,,,,,,,,,,,,,,,,,,,,,,,,,,,,,,,,,,,,,,,,,,,,,,,,,,,,,,,,,,,,,,,,,,,,,,,,,,,,,,,,,,,,,,,,,,,,,,,,,,,,,,,,,,,,,,,,,,,,,,,,,,,,,
395,Tommy Tremble,4372780,CAR,62.07,2026,"['WR/TE', 'TE', 'RB/WR/TE', 'OP', 'BE', 'IR']",,,,,,,,,,,,,,,,,14.82471163,1.912796226,0.116096927,0.099844616,0.065248457,50.0,25.0,12.0,10.0,5.0,25.74649807,0.096869815,0.002995974,36.56264617,9.788519474,0.116096927,0.001545762,,0.351309553,0.351309553,,0.19673335,0.19673335,0.19673335,17.0,,12.45066379,,,,,,,,,,,,,,,,,,,,,,,,,,,,,,,,,,,,,,,,,,,,,,,,,,,,,,,,,,,,,,,,,,,,,,,,,,,,,,,,,,,,,,,,,,,,
396,Luke Musgrave,4428085,GB,24.26,2026,"['WR/TE', 'TE', 'RB/WR/TE', 'OP', 'BE', 'IR']",,,,,,,,,,,,,,,,,5.983861237,0.52565234,0.016783967,0.076915481,0.050264267,20.0,10.0,5.0,4.0,2.0,11.22239267,0.043904693,0.001357877,15.71586943,9.064523406,0.016783967,0.000620237,,0.140962934,0.140962934,,0.078939243,0.078939243,0.078939243,17.0,,4.428384811,,,,,,,,,,,,,,,,,,,,,,,,,,,,,,,,,,,,,,,,,,,,,,,,,,,,,,,,,,,,,,,,,,,,,,,,,,,,,,,,,,,,,,,,,,,,
397,Cade Klubnik,4685413,NYJ,6.79,2026,"['Rookie', 'QB', 'OP', 'BE', 'IR']",1.501367481,0.391253356,0.079369415,0.008975932,1.0,,,,,,,0.002755617,0.001928932,6.51e-05,2.22e-06,4.430165916,,,,,,,,,,,,,,,,0.111917475,0.001461609,0.019931032,,0.332183862,0.009168275,,0.159049633,0.987829119,17.0,2.446956168,,21.79796609,13.11830697,8.679659128,8.43099821,0.764995112,28.0,14.0,7.0,5.0,2.0,1.0,2.0,1.0,0.085737556,0.056029493,0.213997402,0.028905438,0.102941543,0.828779486,0.601813349,1.723457783,0.312252831,0.149881359,,,,,,,,,,,,,,,,,,,,,,,,,,,,,,,,,,,,,,,,,,,,,,,,,,,,,,,,,,,,,,,,,,,,,
398,Kareem Hunt,3059915,None,0.0,2026,"['RB', 'RB/WR', 'RB/WR/TE', 'OP', 'BE', 'IR']",,,,,,,,,,,,,,,,,,,,,,,,,,,,,,,,,,,,,,,,,,,,,,,,,,,,,,,,,,,,,,,,,,,,,,,,,,,,,,,,,,,,,,,,,,,,,,,,,,,,,,,,,,,,,,,,,,,,,,,,,,,,,,,,,,,,,,,
399,Noah Fant,4036131,NO,43.98,2026,"['WR/TE', 'TE', 'RB/WR/TE', 'OP', 'BE', 'IR']",,,,,,,,,,,,,,,,,10.5869356,0.982900794,0.051379855,0.081510438,0.053267071,35.0,17.0,8.0,7.0,3.0,21.26684941,0.067709389,0.002094105,27.36873906,8.462838186,0.051379855,0.001162458,,0.264195099,0.264195099,,0.147949256,0.147949256,0.147949256,17.0,,9.062714283,,,,,,,,,,,,,,,,,,,,,,,,,,,,,,,,,,,,,,,,,,,,,,,,,,,,,,,,,,,,,,,,,,,,,,,,,,,,,,,,,,,,,,,,,,,,
400,Jordan Whittington,4569382,LAR,41.18,2026,"['RB/WR', 'WR', 'WR/TE', 'RB/WR/TE', 'OP', 'BE', 'IR']",2.274454139,0.711426773,0.116735819,0.001750685,2.0,1.0,,,,,,0.004176305,0.002923413,0.000289831,9.89e-06,5.317431963,10.11434613,1.222657109,0.016656848,0.156718709,0.102415676,34.0,17.0,8.0,6.0,3.0,15.02894468,0.065120327,0.002014031,22.48679516,11.44084883,0.018407533,0.001387534,0.041451167,0.2738975,0.315348668,0.019067537,0.1533826,0.172450137,0.172450137,17.0,2.705563255,7.517383404,,,,,,,,,,,,,,,,,,,,,,,,,,,,,,,,,,,,,,,,,,,,,,,,,,,,,,,,,0.069071147,,,,,,,,,,,769.111188,,76.0,30.0,,,,,,,,,,,,,,,,,,,,,
401,Brandon McManus,16339,None,0.0,2026,"['K', 'BE', 'IR']",,,,,,,,,,,,,,,,,,,,,,,,,,,,,,,,,,,,,,,,,,,,,,,,,,,,,,,,,,,,,,,,,,,,,,,,,,,,,,,,,,,,,,,,,,,,,,,,,,,,,,,,,,,,,,,,,,,,,,,,,,,,,,,,,,,,,,,
402,Tyler Badie,4362748,DEN,18.19,2026,"['RB', 'RB/WR', 'RB/WR/TE', 'OP', 'BE', 'IR']",4.090910608,1.038682537,0.126934247,0.007770297,3.0,1.0,,,,,,0.007519089,0.005263362,0.00067962,2.32e-05,4.316301386,3.851712342,0.353051497,0.021424764,0.049762145,0.032519562,13.0,6.0,3.0,2.0,1.0,8.003268655,0.031540416,0.000975477,11.29952985,8.181545895,0.029195061,0.000455322,0.035003317,0.068478874,0.103482191,0.016101526,0.038348169,0.054449695,0.054449695,17.0,3.011369952,2.624523949,,,,,,,,,,,,,,,,,,,,,,,,,,,,,,,,,,,,,,,,,,,,,,,,,,,,,,,,,0.058869737,,,,,,,,,,,525.7676548,,52.0,21.0,,,,,,,,,,,,,,,,,,,,,
403,Marcus Mariota,2576980,WSH,8.59,2026,"['QB', 'OP', 'BE', 'IR']",1.755319814,0.576314471,0.056162834,0.003298148,1.0,,,,,,,0.003222166,0.002255516,0.000175352,5.98e-06,5.581516213,,,,,,,,,,,,,,,,0.076133384,0.001922782,0.029265329,,0.436995818,0.013462051,,0.209172686,0.883285995,17.0,2.551311046,,22.64211855,14.32286303,8.319255521,9.777112537,0.964344517,33.0,16.0,8.0,6.0,3.0,1.0,2.0,1.0,0.08906757,0.058205657,0.244830017,0.033070116,0.072835236,0.674113309,0.632576099,1.813352449,0.407730489,0.195710635,,,,,,,,,,,,,,,,,,,,,,,,,,,,,,,,,,,,,,,,,,,,,,,,,,,,,,,,,,,,,,,,,,,,,
404,Kendrick Bourne,3045523,ARI,49.4,2026,"['RB/WR', 'WR', 'WR/TE', 'RB/WR/TE', 'OP', 'BE', 'IR']",,,,,,,,,,,,,,,,,14.08077369,0.668742608,0.036701436,0.104484894,0.068280879,47.0,23.0,11.0,9.0,4.0,22.7686201,0.090734489,0.002806221,34.37124397,10.51329205,0.036701436,0.00182,,0.413538973,0.413538973,,0.231581825,0.231581825,0.231581825,17.0,,10.91444114,,,,,,,,,,,,,,,,,,,,,,,,,,,,,,,,,,,,,,,,,,,,,,,,,,,,,,,,,,,,,,,,,,,,,,,,,,,,,,,,,,,,,,,,,,,,
405,Hunter Luepke,4383396,DAL,24.28,2026,"['RB', 'RB/WR', 'RB/WR/TE', 'OP', 'BE', 'IR']",13.26828382,3.29794818,0.439650864,0.016567271,11.0,5.0,2.0,2.0,1.0,2.0,1.0,0.024508924,0.017156247,0.007757525,0.000264735,4.225498929,3.628962487,0.352702513,0.012619174,0.041772018,0.027298014,12.0,6.0,3.0,2.0,1.0,8.614952736,0.030094805,0.000930767,11.30730285,7.161079598,0.029186445,0.000659088,0.090822605,0.058970132,0.149792736,0.041778398,0.033023274,0.074801672,0.074801672,17.0,5.098897523,2.659380571,,,,,,,,,,,,,,,,,,,,,,,,,,,,,,,,,,,,,,,,,,,,,,,,,,,,,,,,,,,,,,,,,,,,,,,,,,,,,,,,,,,,,,,,,,,,
406,Justin Joly,4912052,DEN,8.8,2026,"['Rookie', 'WR/TE', 'TE', 'RB/WR/TE', 'OP', 'BE', 'IR']",,,,,,,,,,,,,,,,,2.220002191,0.299410769,0.01816472,0.088113112,0.057581919,7.0,3.0,1.0,1.0,,4.020248341,0.020045557,0.000619966,5.649764925,9.387489041,0.01816472,0.000216317,,0.049163039,0.049163039,,0.027531302,0.027531302,0.027531302,17.0,,0.929792921,,,,,,,,,,,,,,,,,,,,,,,,,,,,,,,,,,,,,,,,,,,,,,,,,,,,,,,,,,,,,,,,,,,,,,,,,,,,,,,,,,,,,,,,,,,,
407,Younghoe Koo,3049899,None,0.0,2026,"['K', 'BE', 'IR']",,,,,,,,,,,,,,,,,,,,,,,,,,,,,,,,,,,,,,,,,,,,,,,,,,,,,,,,,,,,,,,,,,,,,,,,,,,,,,,,,,,,,,,,,,,,,,,,,,,,,,,,,,,,,,,,,,,,,,,,,,,,,,,,,,,,,,,
408,Jaylin Lane,4602667,WSH,62.63,2026,"['RB/WR', 'WR', 'WR/TE', 'RB/WR/TE', 'OP', 'BE', 'IR']",,,,,,,,,,,,,,,,,16.42428402,1.773268615,0.138358833,0.16276153,0.10636466,55.0,27.0,13.0,11.0,5.0,22.6490849,0.111947959,0.003462308,36.12343741,12.32777525,0.138358833,0.001816197,,0.412772012,0.412772012,,0.231152327,0.231152327,0.231152327,17.0,,12.43747503,,,,,,,,,,,,,,,,,,,,,,,,,,,,,,,,,,,,,,,,,,,,,,,,,,,,,,,,,0.041139302,0.378615594,,,,,,,,,,367.4165279,203.5707131,36.0,14.0,20.0,8.0,,,,,,,,,,,,,,,,,,,
409,Van Jefferson,3930066,WSH,0.0,2026,"['RB/WR', 'WR', 'WR/TE', 'RB/WR/TE', 'OP', 'BE', 'IR']",,,,,,,,,,,,,,,,,,,,,,,,,,,,,,,,,,,,,,,,,,,,,,,,,,,,,,,,,,,,,,,,,,,,,,,,,,,,,,,,,,,,,,,,,,,,,,,,,,,,,,,,,,,,,,,,,,,,,,,,,,,,,,,,,,,,,,,
410,Graham Gano,12460,None,0.0,2026,"['K', 'BE', 'IR']",,,,,,,,,,,,,,,,,,,,,,,,,,,,,,,,,,,,,,,,,,,,,,,,,,,,,,,,,,,,,,,,,,,,,,,,,,,,,,,,,,,,,,,,,,,,,,,,,,,,,,,,,,,,,,,,,,,,,,,,,,,,,,,,,,,,,,,
411,Tommy DeVito,4240391,NE,8.35,2026,"['QB', 'OP', 'BE', 'IR']",1.866769057,0.558605298,0.06677353,0.0023756,1.0,,,,,,,0.003426958,0.002398871,0.000162678,5.55e-06,5.087019221,,,,,,,,,,,,,,,,0.045246486,0.001289451,0.020972075,,0.293057155,0.009647155,,0.140247993,0.548290961,17.0,2.555826987,,22.51417953,14.64257971,7.871599812,8.813798284,0.986811154,29.0,14.0,7.0,5.0,2.0,1.0,2.0,1.0,0.08666695,0.056636852,0.222852018,0.030101464,0.042870886,0.408042968,0.650371456,1.704692709,0.27208508,0.130600838,,,,,,,,,,,,,,,,,,,,,,,,,,,,,,,,,,,,,,,,,,,,,,,,,,,,,,,,,,,,,,,,,,,,,
412,Devontez Walker,4696882,BAL,34.48,2026,"['RB/WR', 'WR', 'WR/TE', 'RB/WR/TE', 'OP', 'BE', 'IR']",,,,,,,,,,,,,,,,,9.790773866,1.175598464,0.038746584,0.288001993,0.188209303,33.0,16.0,8.0,6.0,3.0,11.57879316,0.063389015,0.001960485,18.65737804,14.37482762,0.038746584,0.000928486,,0.21101964,0.21101964,,0.118170999,0.118170999,0.118170999,17.0,,6.560048573,,,,,,,,,,,,,,,,,,,,,,,,,,,,,,,,,,,,,,,,,,,,,,,,,,,,,,,,,,,,,,,,,,,,,,,,,,,,,,,,,,,,,,,,,,,,
413,Luke Schoonmaker,4372096,DAL,27.72,2026,"['WR/TE', 'TE', 'RB/WR/TE', 'OP', 'BE', 'IR']",,,,,,,,,,,,,,,,,6.483102893,0.892643091,0.031926789,0.078978121,0.051612202,22.0,11.0,5.0,4.0,2.0,11.4222085,0.046526132,0.001438953,16.96095427,9.648987687,0.031926789,0.000491676,,0.111744436,0.111744436,,0.062576884,0.062576884,0.062576884,17.0,,4.858038825,,,,,,,,,,,,,,,,,,,,,,,,,,,,,,,,,,,,,,,,,,,,,,,,,,,,,,,,,,,,,,,,,,,,,,,,,,,,,,,,,,,,,,,,,,,,
414,Quinn Ewers,4889929,MIA,6.74,2026,"['QB', 'OP', 'BE', 'IR']",0.976120074,0.235905828,0.019792771,0.000751187,,,,,,,,0.001791063,0.001253744,1.19e-05,4.05e-07,4.108509987,,,,,,,,,,,,,,,,0.029245338,0.002202527,0.019522401,,0.500574397,0.008980305,,0.239885262,0.845100348,17.0,2.281460113,,22.37206433,14.05435295,8.317711381,8.993536681,0.560913623,30.0,15.0,7.0,6.0,3.0,1.0,2.0,1.0,0.087106374,0.056924016,0.226994539,0.03066101,0.028494151,0.605215085,0.628209929,1.680535442,0.481051995,0.230904958,,,,,,,,,,,,,,,,,,,,,,,,,,,,,,,,,,,,,,,,,,,,,,,,,,,,,,,,,,,,,,,,,,,,,
415,JuJu Smith-Schuster,3120348,NYG,0.91,2026,"['RB/WR', 'WR', 'WR/TE', 'RB/WR/TE', 'OP', 'BE', 'IR']",,,,,,,,,,,,,,,,,6.411926357,0.038047092,0.002023493,0.006509935,0.004254242,1.0,,,,,0.691701558,0.002715391,8.4e-05,0.905506825,9.269787362,0.002023493,5.29e-05,,0.01201669,0.01201669,,0.006729346,0.006729346,0.006729346,1.0,,0.282405413,,,,,,,,,,,,,,,,,,,,,,,,,,,,,,,,,,,,,,,,,,,,,,,,,,,,,,,,,,,,,,,,,,,,,,,,,,,,,,,,,,,,,,,,,,,,
416,Jerome Ford,4372019,WSH,0.0,2026,"['RB', 'RB/WR', 'RB/WR/TE', 'OP', 'BE', 'IR']",,,,,,,,,,,,,,,,,,,,,,,,,,,,,,,,,,,,,,,,,,,,,,,,,,,,,,,,,,,,,,,,,,,,,,,,,,,,,,,,,,,,,,,,,,,,,,,,,,,,,,,,,,,,,,,,,,,,,,,,,,,,,,,,,,,,,,,
417,Roman Wilson,4431492,PIT,0.0,2026,"['RB/WR', 'WR', 'WR/TE', 'RB/WR/TE', 'OP', 'BE', 'IR']",,,,,,,,,,,,,,,,,,,,,,,,,,,,,,,,,,,,,,,,,,,,,,,,,,,,,,,,,,,,,,,,,,,,,,,,,,,,,,,,,,,,,,,,,,,,,,,,,,,,,,,,,,,,,,,,,,,,,,,,,,,,,,,,,,,,,,,
418,Zach Ertz,15835,None,0.0,2026,"['WR/TE', 'TE', 'RB/WR/TE', 'OP', 'BE', 'IR']",,,,,,,,,,,,,,,,,,,,,,,,,,,,,,,,,,,,,,,,,,,,,,,,,,,,,,,,,,,,,,,,,,,,,,,,,,,,,,,,,,,,,,,,,,,,,,,,,,,,,,,,,,,,,,,,,,,,,,,,,,,,,,,,,,,,,,,
419,Tyson Bagent,4434153,CHI,9.27,2026,"['QB', 'OP', 'BE', 'IR']",1.50702106,0.348102031,0.075908953,0.004483985,1.0,,,,,,,0.002766001,0.001936201,4.67e-05,1.59e-06,3.926776261,,,,,,,,,,,,,,,,0.074498311,0.001734126,0.023779531,,0.39411962,0.010938584,,0.188701827,0.736634173,17.0,2.419950549,,22.05913629,14.22569046,7.833445835,9.176549918,1.033130158,31.0,15.0,7.0,6.0,3.0,1.0,2.0,1.0,0.087558521,0.057219494,0.231189268,0.031227608,0.070014326,0.547932346,0.644888824,1.411062439,0.37034009,0.177763243,,,,,,,,,,,,,,,,,,,,,,,,,,,,,,,,,,,,,,,,,,,,,,,,,,,,,,,,,,,,,,,,,,,,,
420,CJ Daniels,4605951,LAR,9.33,2026,"['Rookie', 'RB/WR', 'WR', 'WR/TE', 'RB/WR/TE', 'OP', 'BE', 'IR']",,,,,,,,,,,,,,,,,2.51828719,0.33920423,0.004621406,0.154121193,0.1007182,8.0,4.0,2.0,1.0,,3.352045839,0.022320931,0.000690338,5.62169879,12.77156826,0.004621406,0.000268796,,0.061089917,0.061089917,,0.034210353,0.034210353,0.034210353,17.0,,0.93359372,,,,,,,,,,,,,,,,,,,,,,,,,,,,,,,,,,,,,,,,,,,,,,,,,,,,,,,,,,,,,,,,,,,,,,,,,,,,,,,,,,,,,,,,,,,,
421,Spencer Shrader,4571557,IND,0.0,2026,"['K', 'BE', 'IR']",,,,,,,,,,,,,,,,,,,,,,,,,,,,,,,,,,,,,,,,,,,,,,,,,,,,,,,,,,,,,,,,,,,,,,,,,,,,,,,,,,,,,,,,,,,,,,,,,,,,,,,,,,,,,,,,,,,,,,,,,,,,,,,,,,,,,,,
422,Dominic Zvada,5082424,NYG,137.38,2026,"['Rookie', 'K', 'BE', 'IR']",,,,,,,,,,,,,,,,,,,,,,,,,,,,,,,,,,,,,,,,,17.0,,,,,,,,,,,,,,,,,,,,,,,,,,5.678629516,8.206112017,2.527482501,7.530866229,9.378413734,1.847547506,16.1515593,16.89493651,0.743377206,29.36105505,34.47946226,5.118407213,35.5225556,37.04124672,1.518691115,5.678629516,8.206112017,2.527482501,1130.081753,241.925009,1372.006762,,,,,,,,,,,,,,,,,,,,,,,,,,,,,,,,,,,,,,,,,,,,,,,,
423,Erick All Jr.,4427834,CIN,39.54,2026,"['WR/TE', 'TE', 'RB/WR/TE', 'OP', 'BE', 'IR']",,,,,,,,,,,,,,,,,9.159732212,1.233261153,0.057699578,0.094980811,0.06206996,31.0,15.0,7.0,6.0,3.0,17.25790469,0.060101145,0.001858798,22.88181535,9.022847813,0.057699578,0.000928596,,0.211044435,0.211044435,,0.118184884,0.118184884,0.118184884,17.0,,7.582256417,,,,,,,,,,,,,,,,,,,,,,,,,,,,,,,,,,,,,,,,,,,,,,,,,,,,,,,,,,,,,,,,,,,,,,,,,,,,,,,,,,,,,,,,,,,,
424,Tyrod Taylor,14163,GB,8.58,2026,"['QB', 'OP', 'BE', 'IR']",2.262328531,0.727283688,0.069517896,0.001894399,2.0,1.0,,,,,,0.004154008,0.002907806,0.000303238,1.03483e-05,5.465087198,,,,,,,,,,,,,,,,0.035077955,0.0014,0.029561963,,0.31773253,0.013598503,,0.151920375,0.668299869,17.0,2.678727572,,19.96708492,12.75074823,7.216336691,8.007035303,0.856154677,27.0,13.0,6.0,5.0,2.0,1.0,2.0,1.0,0.084725134,0.055367875,0.204106809,0.027569478,0.033183555,0.516379494,0.638588371,2.086135841,0.288170567,0.138321872,,,,,,,,,,,,,,,,,,,,,,,,,,,,,,,,,,,,,,,,,,,,,,,,,,,,,,,,,,,,,,,,,,,,,
425,Jahdae Walker,5160110,CHI,8.11,2026,"['RB/WR', 'WR', 'WR/TE', 'RB/WR/TE', 'OP', 'BE', 'IR']",,,,,,,,,,,,,,,,,2.091640489,0.327426768,0.02175194,0.101575787,0.066379777,7.0,3.0,1.0,1.0,,3.170103099,0.019040138,0.00058887,5.140645909,11.21663467,0.02175194,0.000254206,,0.057774071,0.057774071,,0.03235348,0.03235348,0.03235348,17.0,,0.687297856,,,,,,,,,,,,,,,,,,,,,,,,,,,,,,,,,,,,,,,,,,,,,,,,,,,,,,,,,,,,,,,,,,,,,,,,,,,,,,,,,,,,,,,,,,,,
426,Mason Rudolph,3116407,PIT,0.0,2026,"['QB', 'OP', 'BE', 'IR']",,,,,,,,,,,,,,,,,,,,,,,,,,,,,,,,,,,,,,,,,,,,,,,,,,,,,,,,,,,,,,,,,,,,,,,,,,,,,,,,,,,,,,,,,,,,,,,,,,,,,,,,,,,,,,,,,,,,,,,,,,,,,,,,,,,,,,,
427,Treylon Burks,4567156,WSH,80.95,2026,"['RB/WR', 'WR', 'WR/TE', 'RB/WR/TE', 'OP', 'BE', 'IR']",,,,,,,,,,,,,,,,,23.15481559,2.290931051,0.178756899,0.236368038,0.154466513,78.0,39.0,19.0,15.0,7.0,28.29686411,0.214221973,0.006625422,46.44441953,13.91079462,0.178756899,0.001815267,,0.412560722,0.412560722,,0.231034005,0.231034005,0.231034005,17.0,,17.09169867,,,,,,,,,,,,,,,,,,,,,,,,,,,,,,,,,,,,,,,,,,,,,,,,,,,,,,,,,,,,,,,,,,,,,,,,,,,,,,,,,,,,,,,,,,,,
428,Austin Hooper,3043275,ATL,43.32,2026,"['WR/TE', 'TE', 'RB/WR/TE', 'OP', 'BE', 'IR']",,,,,,,,,,,,,,,,,10.64916086,0.826468313,0.048496671,0.082703424,0.054046688,36.0,18.0,9.0,7.0,3.0,20.5314292,0.068057045,0.002104857,27.37414916,8.817493064,0.048496671,0.001086626,,0.246960396,0.246960396,,0.138297822,0.138297822,0.138297822,17.0,,8.860290868,,,,,,,,,,,,,,,,,,,,,,,,,,,,,,,,,,,,,,,,,,,,,,,,,,,,,,,,,,,,,,,,,,,,,,,,,,,,,,,,,,,,,,,,,,,,
429,Elijah Higgins,4426844,ARI,42.79,2026,"['WR/TE', 'TE', 'RB/WR/TE', 'OP', 'BE', 'IR']",,,,,,,,,,,,,,,,,10.71714689,0.682978538,0.037528081,0.070909908,0.046339625,36.0,18.0,9.0,7.0,3.0,20.90766341,0.068447971,0.002116948,28.6427033,8.71410131,0.037528081,0.001187463,,0.269877896,0.269877896,,0.151131622,0.151131622,0.151131622,17.0,,8.919243241,,,,,,,,,,,,,,,,,,,,,,,,,,,,,,,,,,,,,,,,,,,,,,,,,,,,,,,,,,,,,,,,,,,,,,,,,,,,,,,,,,,,,,,,,,,,
430,Tai Felton,4565185,MIN,8.31,2026,"['RB/WR', 'WR', 'WR/TE', 'RB/WR/TE', 'OP', 'BE', 'IR']",,,,,,,,,,,,,,,,,2.180005141,0.235532552,0.013821763,0.088699289,0.057964986,7.0,3.0,1.0,1.0,,3.715238966,0.019734602,0.000610349,5.530673524,9.975155769,0.013821763,0.00029792,,0.06770899,0.06770899,,0.037917034,0.037917034,0.037917034,17.0,,0.815400078,,,,,,,,,,,,,,,,,,,,,,,,,,,,,,,,,,,,,,,,,,,,,,,,,,,,,,,,,0.037177162,,,,,,,,,,,332.030517,,33.0,13.0,,,,,,,,,,,,,,,,,,,,,
431,Riley Nowakowski,4693370,PIT,7.18,2026,"['RB', 'RB/WR', 'RB/WR/TE', 'OP', 'BE', 'IR']",,,,,,,,,,,,,,,,,1.709253846,0.15917469,0.004874209,0.03561358,0.023273475,5.0,2.0,1.0,1.0,,4.258882379,0.015941263,0.000493029,5.66795834,6.822756019,0.004874209,0.000160338,,0.036440545,0.036440545,,0.020406705,0.020406705,0.020406705,17.0,,0.687405352,,,,,,,,,,,,,,,,,,,,,,,,,,,,,,,,,,,,,,,,,,,,,,,,,,,,,,,,,,,,,,,,,,,,,,,,,,,,,,,,,,,,,,,,,,,,
432,Efton Chism III,4695193,NE,0.53,2026,"['RB/WR', 'WR', 'WR/TE', 'RB/WR/TE', 'OP', 'BE', 'IR']",,,,,,,,,,,,,,,,,,,,,,,,,,,,,,,,,,,,,,,,,17.0,,,,,,,,,,,,,,,,,,,,,,,,,,,,,,,,,,,,,,,,,,,,,,,,,,,,,,,,,,,0.089088977,,,,,,,,,,,795.6567253,,79.0,31.0,,,,,,,,,,,,,,,,,,,,,
433,Greg Zuerlein,14993,None,0.0,2026,"['K', 'BE', 'IR']",,,,,,,,,,,,,,,,,,,,,,,,,,,,,,,,,,,,,,,,,,,,,,,,,,,,,,,,,,,,,,,,,,,,,,,,,,,,,,,,,,,,,,,,,,,,,,,,,,,,,,,,,,,,,,,,,,,,,,,,,,,,,,,,,,,,,,,
434,Xavier Hutchinson,4686422,HOU,33.16,2026,"['RB/WR', 'WR', 'WR/TE', 'RB/WR/TE', 'OP', 'BE', 'IR']",2.102056108,0.72926059,0.066708838,0.004827544,2.0,1.0,,,,,,0.003859386,0.00270157,0.000305883,1.04e-05,5.897763612,8.945642523,0.736419944,0.048394287,0.102022892,0.06667196,30.0,15.0,7.0,6.0,3.0,12.46364716,0.059001658,0.001824794,21.94317034,12.20155874,0.053221831,0.000934402,0.030647417,0.181716647,0.212364064,0.014097812,0.101761323,0.115859134,0.115859134,17.0,2.668031117,6.185957099,,,,,,,,,,,,,,,,,,,,,,,,,,,,,,,,,,,,,,,,,,,,,,,,,,,,,,,,,,,,,,,,,,,,,,,,,,,,,,,,,,,,,,,,,,,,
435,Greg Dortch,4037235,DET,14.66,2026,"['RB/WR', 'WR', 'WR/TE', 'RB/WR/TE', 'OP', 'BE', 'IR']",4.642536469,1.411673786,0.366867928,0.006907348,4.0,2.0,1.0,,,,,0.008535506,0.005974854,0.00131223,4.48e-05,5.169254896,2.342764271,0.273421468,0.006035901,0.135514066,0.088558442,7.0,3.0,1.0,1.0,,4.098311547,0.020993764,0.000649292,5.377998769,9.717902641,0.012943249,0.000769195,0.092850729,0.081966231,0.17481696,0.042711336,0.045901089,0.088612425,0.088612425,17.0,3.437854849,0.994508713,,,,,,,,,,,,,,,,,,,,,,,,,,,,,,,,,,,,,,,,,,,,,,,,,,,,,,,,,0.08286113,0.228018529,,,,,,,,,,843.9181553,257.4209183,84.0,33.0,25.0,10.0,,,,,,,,,,,,,,,,,,,
436,Riley Leonard,4683423,IND,8.52,2026,"['QB', 'OP', 'BE', 'IR']",1.236665114,0.31893084,0.078038791,0.003827869,1.0,,,,,,,0.002269454,0.001588618,3.58e-05,1.22e-06,4.384229991,,,,,,,,,,,,,,,,0.068784657,0.001782208,0.01972918,,0.405047325,0.009075423,,0.194028133,0.703030284,17.0,2.388368793,,22.73594902,14.58206203,8.153886987,9.301048727,0.828231414,31.0,15.0,7.0,6.0,3.0,1.0,2.0,1.0,0.087869556,0.057422755,0.234025842,0.031610755,0.064956787,0.509002151,0.641365884,1.41657554,0.385318145,0.18495271,,,,,,,,,,,,,,,,,,,,,,,,,,,,,,,,,,,,,,,,,,,,,,,,,,,,,,,,,,,,,,,,,,,,,
437,Roschon Johnson,4426386,CHI,0.0,2026,"['RB', 'RB/WR', 'RB/WR/TE', 'OP', 'BE', 'IR']",,,,,,,,,,,,,,,,,,,,,,,,,,,,,,,,,,,,,,,,,,,,,,,,,,,,,,,,,,,,,,,,,,,,,,,,,,,,,,,,,,,,,,,,,,,,,,,,,,,,,,,,,,,,,,,,,,,,,,,,,,,,,,,,,,,,,,,
438,Jarquez Hunter,4710341,LAR,0.0,2026,"['RB', 'RB/WR', 'RB/WR/TE', 'OP', 'BE', 'IR']",,,,,,,,,,,,,,,,,,,,,,,,,,,,,,,,,,,,,,,,,,,,,,,,,,,,,,,,,,,,,,,,,,,,,,,,,,,,,,,,,,,,,,,,,,,,,,,,,,,,,,,,,,,,,,,,,,,,,,,,,,,,,,,,,,,,,,,
439,Will Kacmarek,4880236,MIA,39.48,2026,"['Rookie', 'WR/TE', 'TE', 'RB/WR/TE', 'OP', 'BE', 'IR']",,,,,,,,,,,,,,,,,10.27248978,0.754607086,0.039535829,0.102251251,0.066821193,34.0,17.0,8.0,6.0,3.0,18.11885226,0.065975888,0.002040491,25.14835093,9.63815609,0.039535829,0.00097492,,0.221572839,0.221572839,,0.12408079,0.12408079,0.12408079,17.0,,8.104418965,,,,,,,,,,,,,,,,,,,,,,,,,,,,,,,,,,,,,,,,,,,,,,,,,,,,,,,,,,,,,,,,,,,,,,,,,,,,,,,,,,,,,,,,,,,,
440,Josh Oliver,3921690,MIN,38.33,2026,"['WR/TE', 'TE', 'RB/WR/TE', 'OP', 'BE', 'IR']",,,,,,,,,,,,,,,,,8.872220095,1.134747301,0.066611349,0.095566226,0.062452529,30.0,15.0,7.0,6.0,3.0,16.64837761,0.058625536,0.001813161,22.1226941,9.059605994,0.066611349,0.001061358,,0.241217799,0.241217799,,0.135081968,0.135081968,0.135081968,17.0,,7.268257485,,,,,,,,,,,,,,,,,,,,,,,,,,,,,,,,,,,,,,,,,,,,,,,,,,,,,,,,,,,,,,,,,,,,,,,,,,,,,,,,,,,,,,,,,,,,
441,Konata Mumpfield,4710855,LAR,28.6,2026,"['RB/WR', 'WR', 'WR/TE', 'RB/WR/TE', 'OP', 'BE', 'IR']",,,,,,,,,,,,,,,,,7.451903483,1.147743302,0.015638068,0.14549019,0.095077839,25.0,12.0,6.0,5.0,2.0,9.8792984,0.051469367,0.001591836,16.86509637,12.82301172,0.015638068,0.000792206,,0.180046916,0.180046916,,0.100826273,0.100826273,0.100826273,17.0,,5.06484044,,,,,,,,,,,,,,,,,,,,,,,,,,,,,,,,,,,,,,,,,,,,,,,,,,,,,,,,,,,,,,,,,,,,,,,,,,,,,,,,,,,,,,,,,,,,
442,Ben Sinnott,4690923,WSH,26.09,2026,"['WR/TE', 'TE', 'RB/WR/TE', 'OP', 'BE', 'IR']",,,,,,,,,,,,,,,,,6.175294974,0.758153779,0.05924368,0.093150475,0.060873835,20.0,10.0,5.0,4.0,2.0,11.57778662,0.044917793,0.00138921,15.48147318,9.067364777,0.05924368,0.000622966,,0.141583088,0.141583088,,0.079286529,0.079286529,0.079286529,17.0,,4.694207132,,,,,,,,,,,,,,,,,,,,,,,,,,,,,,,,,,,,,,,,,,,,,,,,,,,,,,,,,,,,,,,,,,,,,,,,,,,,,,,,,,,,,,,,,,,,
443,Colbie Young,5092508,CIN,9.45,2026,"['Rookie', 'RB/WR', 'WR', 'WR/TE', 'RB/WR/TE', 'OP', 'BE', 'IR']",,,,,,,,,,,,,,,,,2.541613039,0.331889367,0.015526577,0.148298371,0.096912985,8.0,4.0,2.0,1.0,,3.497007673,0.022495174,0.000695727,5.720453839,12.35554099,0.015526577,0.00028042,,0.063731798,0.063731798,,0.035689807,0.035689807,0.035689807,17.0,,0.974579142,,,,,,,,,,,,,,,,,,,,,,,,,,,,,,,,,,,,,,,,,,,,,,,,,,,,,,,,,,,,,,,,,,,,,,,,,,,,,,,,,,,,,,,,,,,,
444,Kenny Pickett,4240703,CAR,8.55,2026,"['QB', 'OP', 'BE', 'IR']",1.314600573,0.220325022,0.041446905,0.002894225,,,,,,,,0.002412578,0.001688804,8.54e-06,2.91e-07,2.849173694,,,,,,,,,,,,,,,,0.054353103,0.001418899,0.016571085,,0.322477114,0.007622699,,0.154457593,0.625829127,17.0,2.309223534,,22.55562434,14.11933758,8.43628676,9.040779464,0.85851823,30.0,15.0,7.0,6.0,3.0,1.0,2.0,1.0,0.0872233,0.057000426,0.228076329,0.030807132,0.051458878,0.471371534,0.625978575,1.71220377,0.305906029,0.146834894,,,,,,,,,,,,,,,,,,,,,,,,,,,,,,,,,,,,,,,,,,,,,,,,,,,,,,,,,,,,,,,,,,,,,
445,Spencer Rattler,4426339,NO,8.09,2026,"['QB', 'OP', 'BE', 'IR']",1.33610923,0.420091433,0.022791126,0.001152635,1.0,,,,,,,0.00245208,0.001716456,7.89e-05,2.69e-06,5.345037813,,,,,,,,,,,,,,,,0.045508331,0.001593902,0.018702525,,0.362250457,0.008603161,,0.173506169,0.685858842,17.0,2.411290342,,22.94051205,14.9487773,7.991734757,9.037210657,0.805853343,30.0,15.0,7.0,6.0,3.0,1.0,2.0,1.0,0.087213783,0.056994207,0.227997976,0.030796548,0.044355696,0.512352673,0.651632242,1.602567938,0.343547932,0.164903007,,,,,,,,,,,,,,,,,,,,,,,,,,,,,,,,,,,,,,,,,,,,,,,,,,,,,,,,,,,,,,,,,,,,,
446,Sam Roush,4685504,CHI,8.32,2026,"['Rookie', 'WR/TE', 'TE', 'RB/WR/TE', 'OP', 'BE', 'IR']",,,,,,,,,,,,,,,,,1.988139749,0.281746313,0.018717558,0.08159752,0.05332398,6.0,3.0,1.0,1.0,,3.645613712,0.018216638,0.000563401,5.140645909,9.270970107,0.018717558,0.000196159,,0.044581686,0.044581686,,0.024965744,0.024965744,0.024965744,17.0,,0.728482498,,,,,,,,,,,,,,,,,,,,,,,,,,,,,,,,,,,,,,,,,,,,,,,,,,,,,,,,,,,,,,,,,,,,,,,,,,,,,,,,,,,,,,,,,,,,
447,DeAndre Hopkins,15795,None,0.0,2026,"['RB/WR', 'WR', 'WR/TE', 'RB/WR/TE', 'OP', 'BE', 'IR']",,,,,,,,,,,,,,,,,,,,,,,,,,,,,,,,,,,,,,,,,,,,,,,,,,,,,,,,,,,,,,,,,,,,,,,,,,,,,,,,,,,,,,,,,,,,,,,,,,,,,,,,,,,,,,,,,,,,,,,,,,,,,,,,,,,,,,,
448,Bam Knight,4427728,ARI,0.82,2026,"['RB', 'RB/WR', 'RB/WR/TE', 'OP', 'BE', 'IR']",,,,,,,,,,,,,,,,,,,,,,,,,,,,,,,,,,,,,,,,,17.0,,,,,,,,,,,,,,,,,,,,,,,,,,,,,,,,,,,,,,,,,,,,,,,,,,,,,,,,,,,0.13627949,,,,,,,,,,,1217.116828,,121.0,48.0,,,,,,,,,,,,,,,,,,,,,
449,Brock Wright,4242392,DET,18.37,2026,"['WR/TE', 'TE', 'RB/WR/TE', 'OP', 'BE', 'IR']",,,,,,,,,,,,,,,,,4.255099384,0.618842158,0.01366183,0.089356394,0.058394403,14.0,7.0,3.0,2.0,1.0,7.713754195,0.034072843,0.001053799,10.75599754,9.377624397,0.01366183,0.000332043,,0.075464313,0.075464313,,0.042260015,0.042260015,0.042260015,17.0,,2.856325156,,,,,,,,,,,,,,,,,,,,,,,,,,,,,,,,,,,,,,,,,,,,,,,,,,,,,,,,,,,,,,,,,,,,,,,,,,,,,,,,,,,,,,,,,,,,
450,Connor Heyward,4241961,LV,8.61,2026,"['RB', 'RB/WR', 'RB/WR/TE', 'OP', 'BE', 'IR']",4.183439368,1.032567107,0.121109812,0.006851065,3.0,1.0,,,,,,0.007689536,0.005382675,0.000670704,2.29e-05,4.195983085,1.699642002,0.158538204,0.010099243,0.038905755,0.025424911,5.0,2.0,1.0,1.0,,3.954012156,0.015860024,0.000490516,5.416556849,7.307492465,0.016950308,0.000245087,0.028636021,0.027065571,0.055701593,0.01317257,0.01515672,0.02832929,0.02832929,17.0,3.009138922,0.613149138,,,,,,,,,,,,,,,,,,,,,,,,,,,,,,,,,,,,,,,,,,,,,,,,,,,,,,,,,,,,,,,,,,,,,,,,,,,,,,,,,,,,,,,,,,,,
451,Tanner McKee,4685201,PHI,9.0,2026,"['QB', 'OP', 'BE', 'IR']",1.027919369,0.220039341,0.037161862,0.001113395,,,,,,,,0.001886162,0.001320313,8.49e-06,2.9e-07,3.639068297,,,,,,,,,,,,,,,,0.0450921,0.000704642,0.006822944,,0.160145985,0.003138554,,0.076733614,0.56971312,17.0,2.288448245,,21.64175259,13.69113705,7.950615541,9.007401464,0.955007589,30.0,15.0,7.0,6.0,3.0,1.0,2.0,1.0,0.087141577,0.056947021,0.227307634,0.030703301,0.043978705,0.492979506,0.632626077,1.4573253,0.153323041,0.073595059,,,,,,,,,,,,,,,,,,,,,,,,,,,,,,,,,,,,,,,,,,,,,,,,,,,,,,,,,,,,,,,,,,,,,
452,Patrick Ricard,2975417,NYG,6.74,2026,"['RB', 'RB/WR', 'RB/WR/TE', 'OP', 'BE', 'IR']",,,,,,,,,,,,,,,,,1.581845957,0.136580405,0.007308351,0.039162901,0.025592956,5.0,2.0,1.0,1.0,,3.944621923,0.014873503,0.000460005,5.063416004,6.817226542,0.007308351,0.000148507,,0.033751618,0.033751618,,0.018900906,0.018900906,0.018900906,17.0,,0.546807908,,,,,,,,,,,,,,,,,,,,,,,,,,,,,,,,,,,,,,,,,,,,,,,,,,,,,,,,,,,,,,,,,,,,,,,,,,,,,,,,,,,,,,,,,,,,
453,Michael Carter,4240657,TEN,0.0,2026,"['RB', 'RB/WR', 'RB/WR/TE', 'OP', 'BE', 'IR']",,,,,,,,,,,,,,,,,,,,,,,,,,,,,,,,,,,,,,,,,,,,,,,,,,,,,,,,,,,,,,,,,,,,,,,,,,,,,,,,,,,,,,,,,,,,,,,,,,,,,,,,,,,,,,,,,,,,,,,,,,,,,,,,,,,,,,,
454,John Metchie III,4567096,CAR,0.0,2026,"['RB/WR', 'WR', 'WR/TE', 'RB/WR/TE', 'OP', 'BE', 'IR']",,,,,,,,,,,,,,,,,,,,,,,,,,,,,,,,,,,,,,,,,,,,,,,,,,,,,,,,,,,,,,,,,,,,,,,,,,,,,,,,,,,,,,,,,,,,,,,,,,,,,,,,,,,,,,,,,,,,,,,,,,,,,,,,,,,,,,,
455,Taylen Green,4431325,CLE,0.0,2026,"['Rookie', 'QB', 'OP', 'BE', 'IR']",,,,,,,,,,,,,,,,,,,,,,,,,,,,,,,,,,,,,,,,,,,,,,,,,,,,,,,,,,,,,,,,,,,,,,,,,,,,,,,,,,,,,,,,,,,,,,,,,,,,,,,,,,,,,,,,,,,,,,,,,,,,,,,,,,,,,,,
456,Michael Trigg,4594749,DAL,0.0,2026,"['Rookie', 'WR/TE', 'TE', 'RB/WR/TE', 'OP', 'BE', 'IR']",,,,,,,,,,,,,,,,,,,,,,,,,,,,,,,,,,,,,,,,,,,,,,,,,,,,,,,,,,,,,,,,,,,,,,,,,,,,,,,,,,,,,,,,,,,,,,,,,,,,,,,,,,,,,,,,,,,,,,,,,,,,,,,,,,,,,,,
457,Austin Ekeler,3068267,None,0.0,2026,"['RB', 'RB/WR', 'RB/WR/TE', 'OP', 'BE', 'IR']",,,,,,,,,,,,,,,,,,,,,,,,,,,,,,,,,,,,,,,,,,,,,,,,,,,,,,,,,,,,,,,,,,,,,,,,,,,,,,,,,,,,,,,,,,,,,,,,,,,,,,,,,,,,,,,,,,,,,,,,,,,,,,,,,,,,,,,
458,Rasheen Ali,4690013,BAL,0.5,2026,"['RB', 'RB/WR', 'RB/WR/TE', 'OP', 'BE', 'IR']",,,,,,,,,,,,,,,,,,,,,,,,,,,,,,,,,,,,,,,,,17.0,,,,,,,,,,,,,,,,,,,,,,,,,,,,,,,,,,,,,,,,,,,,,,,,,,,,,,,,,,,0.082573238,,,,,,,,,,,910.7342382,,91.0,36.0,,,,,,,,,,,,,,,,,,,,,
459,KeAndre Lambert-Smith,4430870,LAC,26.92,2026,"['RB/WR', 'WR', 'WR/TE', 'RB/WR/TE', 'OP', 'BE', 'IR']",,,,,,,,,,,,,,,,,7.117832332,0.852076723,0.021094219,0.153043536,0.10001395,24.0,12.0,6.0,4.0,2.0,9.628324748,0.049780809,0.001539613,15.93195438,12.56741467,0.021094219,0.000772081,,0.175473005,0.175473005,,0.098264883,0.098264883,0.098264883,17.0,,4.730122268,,,,,,,,,,,,,,,,,,,,,,,,,,,,,,,,,,,,,,,,,,,,,,,,,,,,,,,,,0.055132924,,,,,,,,,,,492.3940435,,49.0,19.0,,,,,,,,,,,,,,,,,,,,,
460,Alec Ingold,3917668,LAC,14.64,2026,"['RB', 'RB/WR', 'RB/WR/TE', 'OP', 'BE', 'IR']",2.079721306,0.504199537,0.07929002,0.001981004,1.0,,,,,,,0.003818343,0.00267284,0.000127866,4.36e-06,4.121413821,3.430657232,0.22452467,0.00555978,0.042552603,0.027808126,11.0,5.0,2.0,2.0,1.0,7.924955906,0.028778306,0.000890051,10.62130292,7.359179486,0.007540784,0.000524214,0.024766115,0.0943734,0.119139515,0.011392413,0.052849104,0.064241517,0.064241517,17.0,2.546866106,2.356729442,,,,,,,,,,,,,,,,,,,,,,,,,,,,,,,,,,,,,,,,,,,,,,,,,,,,,,,,,,,,,,,,,,,,,,,,,,,,,,,,,,,,,,,,,,,,
461,Xavier Smith,4386544,LAR,11.14,2026,"['RB/WR', 'WR', 'WR/TE', 'RB/WR/TE', 'OP', 'BE', 'IR']",,,,,,,,,,,,,,,,,2.611450968,0.324791268,0.004424938,0.179088228,0.117034157,8.0,4.0,2.0,1.0,,3.586936043,0.023014473,0.000711788,5.62169879,12.37676556,0.004424938,0.000287631,,0.065370712,0.065370712,,0.036607599,0.036607599,0.036607599,17.0,,1.024913816,,,,,,,,,,,,,,,,,,,,,,,,,,,,,,,,,,,,,,,,,,,,,,,,,,,,,,,,,0.05180336,0.226042363,,,,,,,,,,462.6575947,246.2247166,46.0,18.0,24.0,9.0,,,,,,,,,,,,,,,,,,,
462,Demarcus Robinson,3043116,SF,0.0,2026,"['RB/WR', 'WR', 'WR/TE', 'RB/WR/TE', 'OP', 'BE', 'IR']",,,,,,,,,,,,,,,,,,,,,,,,,,,,,,,,,,,,,,,,,,,,,,,,,,,,,,,,,,,,,,,,,,,,,,,,,,,,,,,,,,,,,,,,,,,,,,,,,,,,,,,,,,,,,,,,,,,,,,,,,,,,,,,,,,,,,,,
463,Jake Bobo,4360405,SEA,0.0,2026,"['RB/WR', 'WR', 'WR/TE', 'RB/WR/TE', 'OP', 'BE', 'IR']",,,,,,,,,,,,,,,,,,,,,,,,,,,,,,,,,,,,,,,,,,,,,,,,,,,,,,,,,,,,,,,,,,,,,,,,,,,,,,,,,,,,,,,,,,,,,,,,,,,,,,,,,,,,,,,,,,,,,,,,,,,,,,,,,,,,,,,
464,Cade York,4428963,NYJ,0.0,2026,"['K', 'BE', 'IR']",,,,,,,,,,,,,,,,,,,,,,,,,,,,,,,,,,,,,,,,,,,,,,,,,,,,,,,,,,,,,,,,,,,,,,,,,,,,,,,,,,,,,,,,,,,,,,,,,,,,,,,,,,,,,,,,,,,,,,,,,,,,,,,,,,,,,,,
465,Caden Davis,4570688,None,0.0,2026,"['K', 'BE', 'IR']",,,,,,,,,,,,,,,,,,,,,,,,,,,,,,,,,,,,,,,,,,,,,,,,,,,,,,,,,,,,,,,,,,,,,,,,,,,,,,,,,,,,,,,,,,,,,,,,,,,,,,,,,,,,,,,,,,,,,,,,,,,,,,,,,,,,,,,
466,Drew Sample,3127310,CIN,38.07,2026,"['WR/TE', 'TE', 'RB/WR/TE', 'OP', 'BE', 'IR']",,,,,,,,,,,,,,,,,8.603922212,1.153556483,0.05396803,0.072698243,0.047508301,29.0,14.0,7.0,5.0,2.0,17.27702403,0.057267465,0.001771159,22.88181535,8.465964819,0.05396803,0.00095197,,0.216356907,0.216356907,,0.121159868,0.121159868,0.121159868,17.0,,7.293461843,,,,,,,,,,,,,,,,,,,,,,,,,,,,,,,,,,,,,,,,,,,,,,,,,,,,,,,,,,,,,,,,,,,,,,,,,,,,,,,,,,,,,,,,,,,,
467,Cade Stover,4426496,HOU,33.39,2026,"['WR/TE', 'TE', 'RB/WR/TE', 'OP', 'BE', 'IR']",4.204112216,0.566698602,0.10341751,0.007484055,1.0,,,,,,,0.007727601,0.005409321,0.000169598,5.79e-06,2.291536414,7.888842141,0.739957723,0.048643201,0.059806011,0.039083228,26.0,13.0,6.0,5.0,2.0,15.46946295,0.05366602,0.001659774,21.94317034,8.66935826,0.056127256,0.001058575,0.051411484,0.189173838,0.240585322,0.023649283,0.105937349,0.129586632,0.129586632,17.0,2.729791834,6.377107321,,,,,,,,,,,,,,,,,,,,,,,,,,,,,,,,,,,,,,,,,,,,,,,,,,,,,,,,,,,,,,,,,,,,,,,,,,,,,,,,,,,,,,,,,,,,
468,Adam Trautman,3911853,DEN,28.47,2026,"['WR/TE', 'TE', 'RB/WR/TE', 'OP', 'BE', 'IR']",,,,,,,,,,,,,,,,,6.646122025,0.96515612,0.058557232,0.087314201,0.05705983,22.0,11.0,5.0,4.0,2.0,11.70609605,0.047370264,0.00146506,16.94929477,9.651729659,0.058557232,0.000593899,,0.134977098,0.134977098,,0.075587175,0.075587175,0.075587175,17.0,,5.028820147,,,,,,,,,,,,,,,,,,,,,,,,,,,,,,,,,,,,,,,,,,,,,,,,,,,,,,,,,,,,,,,,,,,,,,,,,,,,,,,,,,,,,,,,,,,,
469,Jimmy Horn Jr.,4708486,CAR,20.16,2026,"['RB/WR', 'WR', 'WR/TE', 'RB/WR/TE', 'OP', 'BE', 'IR']",6.160770643,2.161907186,0.170009766,0.011867356,7.0,3.0,1.0,1.0,,1.0,,0.011336182,0.007935327,0.00322286,0.00011,5.965555984,4.507551773,0.441888984,0.026807852,0.130485686,0.085272396,15.0,7.0,3.0,3.0,1.0,6.641942921,0.035601058,0.001101064,10.44647033,11.53704286,0.038675207,0.001026631,0.112277989,0.121047193,0.233325181,0.051647875,0.067786428,0.119434303,0.119434303,17.0,3.813976105,2.658013106,,,,,,,,,,,,,,,,,,,,,,,,,,,,,,,,,,,,,,,,,,,,,,,,,,,,,,,,,,,,,,,,,,,,,,,,,,,,,,,,,,,,,,,,,,,,
470,Mitchell Tinsley,4690070,CIN,19.16,2026,"['RB/WR', 'WR', 'WR/TE', 'RB/WR/TE', 'OP', 'BE', 'IR']",,,,,,,,,,,,,,,,,4.94635631,0.773811876,0.036204595,0.132140093,0.086353551,16.0,8.0,4.0,3.0,1.0,6.571968151,0.038173661,0.001180629,11.44090768,12.79495812,0.036204595,0.000526996,,0.119771926,0.119771926,,0.067072278,0.067072278,0.067072278,17.0,,2.983500633,,,,,,,,,,,,,,,,,,,,,,,,,,,,,,,,,,,,,,,,,,,,,,,,,,,,,,,,,,,,,,,,,,,,,,,,,,,,,,,,,,,,,,,,,,,,
471,Malik Benson,5150247,LV,14.89,2026,"['Rookie', 'RB/WR', 'WR', 'WR/TE', 'RB/WR/TE', 'OP', 'BE', 'IR']",,,,,,,,,,,,,,,,,4.663018155,0.263732904,0.016765044,0.129832831,0.084845755,15.0,7.0,3.0,3.0,1.0,6.399199293,0.036520915,0.001129513,10.8331137,12.3876918,0.016765044,0.000513142,,0.116623271,0.116623271,,0.065309032,0.065309032,0.065309032,17.0,,2.602714632,,,,,,,,,,,,,,,,,,,,,,,,,,,,,,,,,,,,,,,,,,,,,,,,,,,,,,,,,,,,,,,,,,,,,,,,,,,,,,,,,,,,,,,,,,,,
472,Bo Melton,4259305,GB,10.38,2026,"['RB/WR', 'WR', 'WR/TE', 'RB/WR/TE', 'OP', 'BE', 'IR']",4.482278077,1.528881726,0.141848598,0.003863884,5.0,2.0,1.0,1.0,,,,0.008240169,0.005768119,0.001559107,5.32e-05,5.798611532,2.206366452,0.253454848,0.008094101,0.118616635,0.077515971,7.0,3.0,1.0,1.0,,2.942375528,0.019940117,0.000616705,5.238623143,12.74760116,0.011957986,0.000595372,0.081688022,0.053623812,0.135311834,0.03757649,0.030029335,0.067605825,0.067605825,17.0,3.327644902,0.658925728,,,,,,,,,,,,,,,,,,,,,,,,,,,,,,,,,,,,,,,,,,,,,,,,,,,,,,,,,0.029344403,,,,,,,,,,,304.8276305,,30.0,12.0,,,,,,,,,,,,,,,,,,,,,
473,Teddy Bridgewater,16728,DET,8.91,2026,"['QB', 'OP', 'BE', 'IR']",1.116859054,0.284714258,0.054167066,0.001019971,,,,,,,,0.002049459,0.001434621,2.47e-05,8.43e-07,4.333709219,,,,,,,,,,,,,,,,0.02753378,0.000680111,0.007049358,,0.154570636,0.003242705,,0.074052918,0.815282778,17.0,2.343653103,,21.58544919,13.32955865,8.25589054,8.871118986,1.038454277,30.0,15.0,7.0,6.0,3.0,1.0,2.0,1.0,0.086804743,0.0567269,0.224184695,0.030281474,0.026513809,0.74122986,0.617525192,1.786960056,0.147521278,0.070810213,,,,,,,,,,,,,,,,,,,,,,,,,,,,,,,,,,,,,,,,,,,,,,,,,,,,,,,,,,,,,,,,,,,,,
474,Tyler Huntley,4035671,BAL,7.55,2026,"['QB', 'OP', 'BE', 'IR']",1.967965042,0.55761727,0.053063464,0.001374174,1.0,,,,,,,0.003612928,0.00252905,0.000162078,5.53e-06,4.816901413,,,,,,,,,,,,,,,,0.036747236,0.001225274,0.023686592,,0.278471409,0.010895832,,0.133192544,0.645372804,17.0,2.551186948,,19.53097798,12.56185228,6.9691257,7.565647981,0.859987054,25.0,12.0,6.0,5.0,2.0,1.0,2.0,1.0,0.083692688,0.054693172,0.193702176,0.026164085,0.035373062,0.51218026,0.643175794,1.637437379,0.254784817,0.122296712,,,,,,,,,,,,,,,,,,,,,,,,,,,,,,,,,,,,,,,,,,,,,,,,,,,,,,,,,,,,,,,,,,,,,
475,Reggie Gilliam,4039505,NE,6.97,2026,"['RB', 'RB/WR', 'RB/WR/TE', 'OP', 'BE', 'IR']",,,,,,,,,,,,,,,,,1.752544602,0.148102371,0.005683353,0.048256842,0.031535846,5.0,2.0,1.0,1.0,,4.109417787,0.016299353,0.000504104,5.187705401,7.249994958,0.005683353,0.000154711,,0.035161671,0.035161671,,0.019690536,0.019690536,0.019690536,17.0,,0.669104217,,,,,,,,,,,,,,,,,,,,,,,,,,,,,,,,,,,,,,,,,,,,,,,,,,,,,,,,,,,,,,,,,,,,,,,,,,,,,,,,,,,,,,,,,,,,
476,Skyy Moore,4430191,GB,0.4,2026,"['RB/WR', 'WR', 'WR/TE', 'RB/WR/TE', 'OP', 'BE', 'IR']",,,,,,,,,,,,,,,,,,,,,,,,,,,,,,,,,,,,,,,,,17.0,,,,,,,,,,,,,,,,,,,,,,,,,,,,,,,,,,,,,,,,,,,,,,,,,,,,,,,,,,,,0.066217038,,,,,,,,,,,77.62108295,,,7.0,3.0,,,,,,,,,,,,,,,,,,,
477,Jam Miller,4685477,NE,0.0,2026,"['Rookie', 'RB', 'RB/WR', 'RB/WR/TE', 'OP', 'BE', 'IR']",,,,,,,,,,,,,,,,,,,,,,,,,,,,,,,,,,,,,,,,,,,,,,,,,,,,,,,,,,,,,,,,,,,,,,,,,,,,,,,,,,,,,,,,,,,,,,,,,,,,,,,,,,,,,,,,,,,,,,,,,,,,,,,,,,,,,,,
478,Taysom Hill,2468609,None,0.0,2026,"['WR/TE', 'TE', 'RB/WR/TE', 'OP', 'BE', 'IR']",,,,,,,,,,,,,,,,,,,,,,,,,,,,,,,,,,,,,,,,,,,,,,,,,,,,,,,,,,,,,,,,,,,,,,,,,,,,,,,,,,,,,,,,,,,,,,,,,,,,,,,,,,,,,,,,,,,,,,,,,,,,,,,,,,,,,,,
479,Dustin Hopkins,15965,None,0.0,2026,"['K', 'BE', 'IR']",,,,,,,,,,,,,,,,,,,,,,,,,,,,,,,,,,,,,,,,,,,,,,,,,,,,,,,,,,,,,,,,,,,,,,,,,,,,,,,,,,,,,,,,,,,,,,,,,,,,,,,,,,,,,,,,,,,,,,,,,,,,,,,,,,,,,,,
480,Riley Patterson,4243371,MIA,0.0,2026,"['K', 'BE', 'IR']",,,,,,,,,,,,,,,,,,,,,,,,,,,,,,,,,,,,,,,,,,,,,,,,,,,,,,,,,,,,,,,,,,,,,,,,,,,,,,,,,,,,,,,,,,,,,,,,,,,,,,,,,,,,,,,,,,,,,,,,,,,,,,,,,,,,,,,
481,Jawhar Jordan,4429939,HOU,6.48,2026,"['RB', 'RB/WR', 'RB/WR/TE', 'OP', 'BE', 'IR']",12.61233665,3.173208244,0.253924332,0.01837584,10.0,5.0,2.0,2.0,1.0,2.0,1.0,0.02328875,0.016302125,0.007133043,0.000243,4.27712498,,,,,,,,,,,,,,,,0.01837584,0.000379863,0.086332587,,0.086332587,0.03971299,,0.03971299,0.03971299,17.0,4.848985147,,,,,,,,,,,,,,,,,,,,,,,,,,,,,,,,,,,,,,,,,,,,,,,,,,,,,,,,,,,,,,,,,,,,,,,,,,,,,,,,,,,,,,,,,,,,,
482,Dylan Laube,4366963,LV,0.65,2026,"['RB', 'RB/WR', 'RB/WR/TE', 'OP', 'BE', 'IR']",,,,,,,,,,,,,,,,,,,,,,,,,,,,,,,,,,,,,,,,,17.0,,,,,,,,,,,,,,,,,,,,,,,,,,,,,,,,,,,,,,,,,,,,,,,,,,,,,,,,,,,0.108850286,,,,,,,,,,,1225.889047,,122.0,49.0,,,,,,,,,,,,,,,,,,,,,
483,Jarrett Stidham,3892775,DEN,9.28,2026,"['QB', 'OP', 'BE', 'IR']",1.649538806,0.398395738,0.049120099,0.003008216,1.0,,,,,,,0.003027815,0.002119471,6.83e-05,2.33e-06,4.105830991,,,,,,,,,,,,,,,,0.069703798,0.001827293,0.02613347,,0.415293857,0.012021396,,0.198818382,0.78315241,17.0,2.437506931,,22.23787937,13.75008392,8.487795445,9.491372048,1.099102067,32.0,16.0,8.0,6.0,3.0,1.0,2.0,1.0,0.088345344,0.057733682,0.23836069,0.032196279,0.066695582,0.584334028,0.618318127,2.325837832,0.389160387,0.186796986,,,,,,,,,,,,,,,,,,,,,,,,,,,,,,,,,,,,,,,,,,,,,,,,,,,,,,,,,,,,,,,,,,,,,
484,Jake Browning,3886812,TB,9.23,2026,"['QB', 'OP', 'BE', 'IR']",1.263607506,0.323335242,0.085913178,0.007854218,1.0,,,,,,,0.002318931,0.001623252,3.74e-05,1.28e-06,4.350005115,,,,,,,,,,,,,,,,0.097349709,0.001186349,0.01360084,,0.269624684,0.006256386,,0.129147832,0.850542011,17.0,2.398404172,,21.90809886,14.56036457,7.347734285,9.583152646,1.052959068,32.0,16.0,8.0,6.0,3.0,1.0,2.0,1.0,0.088575604,0.057884157,0.240447082,0.032478096,0.089495491,0.721394179,0.664611049,1.878201236,0.256023845,0.122891445,,,,,,,,,,,,,,,,,,,,,,,,,,,,,,,,,,,,,,,,,,,,,,,,,,,,,,,,,,,,,,,,,,,,,
485,Mitchell Evans,4683243,CAR,34.62,2026,"['WR/TE', 'TE', 'RB/WR/TE', 'OP', 'BE', 'IR']",,,,,,,,,,,,,,,,,8.482526884,0.947075722,0.057474258,0.100429835,0.065630897,28.0,14.0,7.0,5.0,2.0,15.02849662,0.056652224,0.001752131,20.89294067,9.595301559,0.057474258,0.000808638,,0.183781324,0.183781324,,0.102917542,0.102917542,0.102917542,17.0,,6.639605778,,,,,,,,,,,,,,,,,,,,,,,,,,,,,,,,,,,,,,,,,,,,,,,,,,,,,,,,,,,,,,,,,,,,,,,,,,,,,,,,,,,,,,,,,,,,
486,Daniel Bellinger,4361516,TEN,26.48,2026,"['WR/TE', 'TE', 'RB/WR/TE', 'OP', 'BE', 'IR']",,,,,,,,,,,,,,,,,6.5674301,0.494176761,0.007778672,0.090792567,0.059332942,22.0,11.0,5.0,4.0,2.0,12.66675604,0.046963655,0.001452484,16.54687815,8.814120309,0.007778672,0.000666408,,0.151456377,0.151456377,,0.084815571,0.084815571,0.084815571,17.0,,5.018305185,,,,,,,,,,,,,,,,,,,,,,,,,,,,,,,,,,,,,,,,,,,,,,,,,,,,,,,,,,,,,,,,,,,,,,,,,,,,,,,,,,,,,,,,,,,,
487,Nate Boerkircher,4686248,JAX,18.1,2026,"['Rookie', 'WR/TE', 'TE', 'RB/WR/TE', 'OP', 'BE', 'IR']",,,,,,,,,,,,,,,,,4.324000655,0.556652796,0.022987806,0.076769161,0.050168647,14.0,7.0,3.0,2.0,1.0,7.813696333,0.03449016,0.001066706,11.34464063,9.407584837,0.022987806,0.000420431,,0.095552569,0.095552569,,0.053509439,0.053509439,0.053509439,17.0,,2.885975521,,,,,,,,,,,,,,,,,,,,,,,,,,,,,,,,,,,,,,,,,,,,,,,,,,,,,,,,,,,,,,,,,,,,,,,,,,,,,,,,,,,,,,,,,,,,
488,Isaiah Williams,4569371,NYJ,12.67,2026,"['RB/WR', 'WR', 'WR/TE', 'RB/WR/TE', 'OP', 'BE', 'IR']",2.172129233,0.746913337,0.105290303,0.011899297,2.0,1.0,,,,,,0.003988199,0.00279174,0.000324,1.11e-05,5.84565897,2.107132889,0.135206181,0.016463379,0.091858346,0.060029429,7.0,3.0,1.0,1.0,,3.770264717,0.019161782,0.000592632,5.308984568,9.500993114,0.028362675,0.000476512,0.03958633,0.068711816,0.108298146,0.018209712,0.038478617,0.056688329,0.056688329,17.0,2.711183696,0.752755217,,,,,,,,,,,,,,,,,,,,,,,,,,,,,,,,,,,,,,,,,,,,,,,,,,,,,,,,,0.080424616,0.503976175,,,,,,,,,,1056.781134,346.1297044,105.0,42.0,34.0,13.0,,,,,,,,,,,,,,,,,,,
489,Trey Lance,4383351,LAC,7.82,2026,"['QB', 'OP', 'BE', 'IR']",1.491474494,0.401339835,0.044055199,0.001101333,1.0,,,,,,,0.002737445,0.001916212,6.97e-05,2.38e-06,4.574518187,,,,,,,,,,,,,,,,0.027336871,0.001272375,0.016868608,,0.289176142,0.00775956,,0.138467176,0.708316483,17.0,2.42581807,,22.45142883,13.22271462,9.22871421,8.666883846,0.977849808,29.0,14.0,7.0,5.0,2.0,1.0,2.0,1.0,0.086309056,0.056402968,0.219459666,0.029643247,0.026235538,0.569849307,0.588947577,1.625230867,0.272307534,0.130707616,,,,,,,,,,,,,,,,,,,,,,,,,,,,,,,,,,,,,,,,,,,,,,,,,,,,,,,,,,,,,,,,,,,,,
490,Marlin Klein,4695705,HOU,8.27,2026,"['Rookie', 'WR/TE', 'TE', 'RB/WR/TE', 'OP', 'BE', 'IR']",,,,,,,,,,,,,,,,,2.132654893,0.223431218,0.014691868,0.083077726,0.054291294,7.0,3.0,1.0,1.0,,3.956095503,0.019362809,0.00059885,5.485792586,9.164372588,0.014691868,0.000212866,,0.048378523,0.048378523,,0.027091973,0.027091973,0.027091973,17.0,,0.84315332,,,,,,,,,,,,,,,,,,,,,,,,,,,,,,,,,,,,,,,,,,,,,,,,,,,,,,,,,,,,,,,,,,,,,,,,,,,,,,,,,,,,,,,,,,,,
491,Andrew Beck,3125107,NYJ,7.54,2026,"['RB', 'RB/WR', 'RB/WR/TE', 'OP', 'BE', 'IR']",,,,,,,,,,,,,,,,,1.660562887,0.221472571,0.02702623,0.038659401,0.025263918,5.0,2.0,1.0,1.0,,4.194979003,0.015535349,0.000480475,5.308984568,6.729370769,0.02702623,0.000157933,,0.035893764,0.035893764,,0.020100508,0.020100508,0.020100508,17.0,,0.675488244,,,,,,,,,,,,,,,,,,,,,,,,,,,,,,,,,,,,,,,,,,,,,,,,,,,,,,,,,,,,,,,,,,,,,,,,,,,,,,,,,,,,,,,,,,,,
492,Davis Mills,4242546,HOU,7.12,2026,"['QB', 'OP', 'BE', 'IR']",0.980018261,0.226497447,0.033359138,0.002414877,,,,,,,,0.001798219,0.001258754,9.81e-06,3.35e-07,3.928964128,,,,,,,,,,,,,,,,0.060722835,0.001266618,0.010886765,,0.287867804,0.005007912,,0.137958811,0.691814418,17.0,2.286410182,,23.45238246,14.13672454,9.315657914,8.610680791,0.793487511,29.0,14.0,7.0,5.0,2.0,1.0,2.0,1.0,0.086171842,0.056313298,0.218163378,0.029468152,0.058307958,0.553855608,0.602784155,1.48123832,0.276981039,0.132950899,,,,,,,,,,,,,,,,,,,,,,,,,,,,,,,,,,,,,,,,,,,,,,,,,,,,,,,,,,,,,,,,,,,,,
493,Kyle Allen,3115293,BUF,7.23,2026,"['QB', 'OP', 'BE', 'IR']",1.057709121,0.172295183,0.042077953,0.00200552,,,,,,,,0.001940856,0.001358599,4.9e-07,1.67e-08,2.769209464,,,,,,,,,,,,,,,,0.089261183,0.002171015,0.021154182,,0.493412602,0.009730924,,0.236414965,0.941220285,17.0,2.266517377,,21.9620097,13.16487829,8.797131406,8.119875625,0.917974927,27.0,13.0,6.0,5.0,2.0,1.0,2.0,1.0,0.08499254,0.055542625,0.20674947,0.027926432,0.087255664,0.70480532,0.599438689,1.650911289,0.47225842,0.226684041,,,,,,,,,,,,,,,,,,,,,,,,,,,,,,,,,,,,,,,,,,,,,,,,,,,,,,,,,,,,,,,,,,,,,
494,Drew Lock,3924327,SEA,7.09,2026,"['QB', 'OP', 'BE', 'IR']",1.170675699,0.305246652,0.048262783,0.001378789,1.0,,,,,,,0.002148277,0.001503794,3.11e-05,1.06e-06,4.432647819,,,,,,,,,,,,,,,,0.037507497,0.001623894,0.018128308,,0.369066762,0.008339022,,0.17678948,0.751734716,17.0,2.354306791,,21.15629601,12.93626125,8.220034767,7.901014946,0.805447248,26.0,13.0,6.0,5.0,2.0,1.0,2.0,1.0,0.084475487,0.055204731,0.201615907,0.027233023,0.036128708,0.574945236,0.611461536,1.506333446,0.350938454,0.168450458,,,,,,,,,,,,,,,,,,,,,,,,,,,,,,,,,,,,,,,,,,,,,,,,,,,,,,,,,,,,,,,,,,,,,
495,Gardner Minshew II,4038524,ARI,6.25,2026,"['QB', 'OP', 'BE', 'IR']",0.890522877,0.17025869,0.030961385,0.001582441,,,,,,,,0.001634032,0.001143822,2.17e-07,7.4e-09,2.867843624,,,,,,,,,,,,,,,,0.0358661,0.001676842,0.014025434,,0.381100503,0.006451699,,0.182647733,0.775635556,15.0,1.991642712,,21.72747866,13.60248596,8.124992696,9.454454097,0.633598907,28.0,14.0,7.0,5.0,2.0,1.0,2.0,1.0,0.077870549,0.050888404,0.209575311,0.028308129,0.034283659,0.592987824,0.626049906,1.579376208,0.367075069,0.176196033,,,,,,,,,,,,,,,,,,,,,,,,,,,,,,,,,,,,,,,,,,,,,,,,,,,,,,,,,,,,,,,,,,,,,
496,Deion Burks,4683151,IND,0.0,2026,"['Rookie', 'RB/WR', 'WR', 'WR/TE', 'RB/WR/TE', 'OP', 'BE', 'IR']",,,,,,,,,,,,,,,,,,,,,,,,,,,,,,,,,,,,,,,,,,,,,,,,,,,,,,,,,,,,,,,,,,,,,,,,,,,,,,,,,,,,,,,,,,,,,,,,,,,,,,,,,,,,,,,,,,,,,,,,,,,,,,,,,,,,,,,
497,Darren Waller,2576925,None,0.0,2026,"['WR/TE', 'TE', 'RB/WR/TE', 'OP', 'BE', 'IR']",,,,,,,,,,,,,,,,,,,,,,,,,,,,,,,,,,,,,,,,,,,,,,,,,,,,,,,,,,,,,,,,,,,,,,,,,,,,,,,,,,,,,,,,,,,,,,,,,,,,,,,,,,,,,,,,,,,,,,,,,,,,,,,,,,,,,,,
498,Nick Mullens,3059989,JAX,9.8,2026,"['QB', 'OP', 'BE', 'IR']",1.097797019,0.199263246,0.028110647,0.00112274,,,,,,,,0.002014459,0.001410121,4.61e-06,1.57e-07,3.085702662,,,,,,,,,,,,,,,,0.043899518,0.00136544,0.012868186,,0.310327179,0.005919366,,0.148699682,0.99514553,17.0,2.274020143,,23.67088645,15.3825132,8.288373244,10.54845308,1.13020554,35.0,17.0,8.0,7.0,3.0,1.0,3.0,1.0,0.091057918,0.059506349,0.262094884,0.035402147,0.042776779,0.846445848,0.649849478,1.705619473,0.297458993,0.142780317,,,,,,,,,,,,,,,,,,,,,,,,,,,,,,,,,,,,,,,,,,,,,,,,,,,,,,,,,,,,,,,,,,,,,
499,Ashton Dulin,4061956,IND,54.15,2026,"['RB/WR', 'WR', 'WR/TE', 'RB/WR/TE', 'OP', 'BE', 'IR']",4.194414931,1.555456769,0.17458857,0.008559915,5.0,2.0,1.0,1.0,,,,0.007709751,0.005396826,0.001616655,5.52e-05,6.304279739,14.6407377,1.139257709,0.090529942,0.180520585,0.117970202,49.0,24.0,12.0,9.0,4.0,20.28132307,0.095288684,0.002947073,31.43865858,12.27200711,0.099089856,0.001962673,0.076441812,0.369620343,0.446062155,0.035163234,0.206987392,0.242150626,0.242150626,17.0,3.349818358,10.80241248,,,,,,,,,,,,,,,,,,,,,,,,,,,,,,,,,,,,,,,,,,,,,,,,,,,,,,,,,0.043927615,,,,,,,,,,,564.1312627,,56.0,22.0,,,,,,,,,,,,,,,,,,,,,
500,Jackson Hawes,4573699,BUF,27.45,2026,"['WR/TE', 'TE', 'RB/WR/TE', 'OP', 'BE', 'IR']",,,,,,,,,,,,,,,,,6.480638306,0.892728842,0.071774712,0.12048614,0.078737693,22.0,11.0,5.0,4.0,2.0,11.09600164,0.046516561,0.001438657,15.34408033,9.92887842,0.071774712,0.000597042,,0.135691409,0.135691409,,0.075987189,0.075987189,0.075987189,17.0,,4.782565207,,,,,,,,,,,,,,,,,,,,,,,,,,,,,,,,,,,,,,,,,,,,,,,,,,,,,,,,,,,,,,,,,,,,,,,,,,,,,,,,,,,,,,,,,,,,
501,Ben Skowronek,4035656,PIT,11.59,2026,"['RB/WR', 'WR', 'WR/TE', 'RB/WR/TE', 'OP', 'BE', 'IR']",,,,,,,,,,,,,,,,,3.001988973,0.213158493,0.006516887,0.055854746,0.036501077,10.0,5.0,2.0,2.0,1.0,5.384933811,0.025834735,0.000799012,8.50193751,9.477147598,0.006516887,0.000345448,,0.078510897,0.078510897,,0.043966102,0.043966102,0.043966102,17.0,,1.572170023,,,,,,,,,,,,,,,,,,,,,,,,,,,,,,,,,,,,,,,,,,,,,,,,,,,,,,,,,,,,,,,,,,,,,,,,,,,,,,,,,,,,,,,,,,,,
502,Adam Prentice,3929914,DEN,8.77,2026,"['RB', 'RB/WR', 'RB/WR/TE', 'OP', 'BE', 'IR']",4.090910608,1.022011061,0.131700477,0.008062062,3.0,1.0,,,,,,0.007519089,0.005263362,0.000656,2.24e-05,4.247022168,1.750604323,0.146859111,0.008911264,0.038038946,0.024858451,5.0,2.0,1.0,1.0,,4.13718313,0.016283338,0.000503608,5.649764925,7.19336625,0.016973326,0.000309771,0.035003317,0.035399242,0.070402559,0.016101526,0.019823575,0.035925101,0.035925101,17.0,3.005353584,0.674014876,,,,,,,,,,,,,,,,,,,,,,,,,,,,,,,,,,,,,,,,,,,,,,,,,,,,,,,,,,,,,,,,,,,,,,,,,,,,,,,,,,,,,,,,,,,,
503,Jonathan Mingo,4426485,DAL,8.33,2026,"['RB/WR', 'WR', 'WR/TE', 'RB/WR/TE', 'OP', 'BE', 'IR']",,,,,,,,,,,,,,,,,2.389070327,0.250393951,0.008952275,0.121144401,0.079167866,8.0,4.0,2.0,1.0,,2.870975359,0.021345678,0.000660176,5.653651423,14.14648002,0.008952275,0.000252646,,0.057419507,0.057419507,,0.032154924,0.032154924,0.032154924,17.0,,0.727049983,,,,,,,,,,,,,,,,,,,,,,,,,,,,,,,,,,,,,,,,,,,,,,,,,,,,,,,,,,,,,,,,,,,,,,,,,,,,,,,,,,,,,,,,,,,,
504,Kaden Wetjen,5081338,PIT,7.03,2026,"['Rookie', 'RB/WR', 'WR', 'WR/TE', 'RB/WR/TE', 'OP', 'BE', 'IR']",2.142602749,0.685470794,0.082128342,0.002766205,2.0,1.0,,,,,,0.003933919,0.002753744,0.000265,9.06e-06,5.438713965,1.103434167,0.085513406,0.002615369,0.083838647,0.054788556,3.0,1.0,,,,1.631847193,0.010705031,0.000331083,2.83397917,11.49518222,0.005381574,0.000302668,0.03904822,0.02973987,0.06878809,0.017962181,0.016654327,0.034616509,0.034616509,17.0,2.656853922,-0.225508063,,,,,,,,,,,,,,,,,,,,,,,,,,,,,,,,,,,,,,,,,,,,,,,,,,,,,,,,,0.10056638,0.307564277,,,,,,,,,,898.1618053,307.5642766,89.0,35.0,30.0,12.0,,,,,,,,,,,,,,,,,,,
505,Marquez Valdes-Scantling,3051738,DAL,0.0,2026,"['RB/WR', 'WR', 'WR/TE', 'RB/WR/TE', 'OP', 'BE', 'IR']",,,,,,,,,,,,,,,,,,,,,,,,,,,,,,,,,,,,,,,,,,,,,,,,,,,,,,,,,,,,,,,,,,,,,,,,,,,,,,,,,,,,,,,,,,,,,,,,,,,,,,,,,,,,,,,,,,,,,,,,,,,,,,,,,,,,,,,
506,Audric Estime,4569682,NO,0.0,2026,"['RB', 'RB/WR', 'RB/WR/TE', 'OP', 'BE', 'IR']",,,,,,,,,,,,,,,,,,,,,,,,,,,,,,,,,,,,,,,,,,,,,,,,,,,,,,,,,,,,,,,,,,,,,,,,,,,,,,,,,,,,,,,,,,,,,,,,,,,,,,,,,,,,,,,,,,,,,,,,,,,,,,,,,,,,,,,
507,Dillon Gabriel,4427238,CLE,0.0,2026,"['QB', 'OP', 'BE', 'IR']",,,,,,,,,,,,,,,,,,,,,,,,,,,,,,,,,,,,,,,,,,,,,,,,,,,,,,,,,,,,,,,,,,,,,,,,,,,,,,,,,,,,,,,,,,,,,,,,,,,,,,,,,,,,,,,,,,,,,,,,,,,,,,,,,,,,,,,
508,Jonnu Smith,3054212,None,0.0,2026,"['WR/TE', 'TE', 'RB/WR/TE', 'OP', 'BE', 'IR']",,,,,,,,,,,,,,,,,,,,,,,,,,,,,,,,,,,,,,,,,,,,,,,,,,,,,,,,,,,,,,,,,,,,,,,,,,,,,,,,,,,,,,,,,,,,,,,,,,,,,,,,,,,,,,,,,,,,,,,,,,,,,,,,,,,,,,,
509,Jacob Saylors,4383429,DET,0.33,2026,"['RB', 'RB/WR', 'RB/WR/TE', 'OP', 'BE', 'IR']",,,,,,,,,,,,,,,,,,,,,,,,,,,,,,,,,,,,,,,,,17.0,,,,,,,,,,,,,,,,,,,,,,,,,,,,,,,,,,,,,,,,,,,,,,,,,,,,,,,,,,,0.055240753,,,,,,,,,,,647.2172874,,64.0,25.0,,,,,,,,,,,,,,,,,,,,,
510,Mo Alie-Cox,2998565,IND,27.1,2026,"['WR/TE', 'TE', 'RB/WR/TE', 'OP', 'BE', 'IR']",,,,,,,,,,,,,,,,,6.529376772,0.891359429,0.070880535,0.111652789,0.072965097,22.0,11.0,5.0,4.0,2.0,10.78801489,0.046766997,0.001446402,15.71932929,10.28914089,0.070880535,0.000698783,,0.158814214,0.158814214,,0.08893596,0.08893596,0.08893596,17.0,,4.734653165,,,,,,,,,,,,,,,,,,,,,,,,,,,,,,,,,,,,,,,,,,,,,,,,,,,,,,,,,,,,,,,,,,,,,,,,,,,,,,,,,,,,,,,,,,,,
511,Durham Smythe,3052897,BAL,23.21,2026,"['WR/TE', 'TE', 'RB/WR/TE', 'OP', 'BE', 'IR']",,,,,,,,,,,,,,,,,5.535550776,0.736447986,0.024272725,0.089479153,0.058474626,18.0,9.0,4.0,3.0,1.0,9.833758207,0.041479208,0.001282862,13.99303353,9.569521764,0.024272725,0.000370387,,0.084178931,0.084178931,,0.047140201,0.047140201,0.047140201,17.0,,3.987901901,,,,,,,,,,,,,,,,,,,,,,,,,,,,,,,,,,,,,,,,,,,,,,,,,,,,,,,,,,,,,,,,,,,,,,,,,,,,,,,,,,,,,,,,,,,,
512,Brevyn Spann-Ford,4360967,DAL,8.82,2026,"['WR/TE', 'TE', 'RB/WR/TE', 'OP', 'BE', 'IR']",,,,,,,,,,,,,,,,,2.163696662,0.32862318,0.011754712,0.079406909,0.051892415,7.0,3.0,1.0,1.0,,3.872780982,0.019605739,0.000606363,5.653651423,9.49778555,0.011754712,0.000208383,,0.047359682,0.047359682,,0.026521422,0.026521422,0.026521422,17.0,,0.881730001,,,,,,,,,,,,,,,,,,,,,,,,,,,,,,,,,,,,,,,,,,,,,,,,,,,,,,,,,,,,,,,,,,,,,,,,,,,,,,,,,,,,,,,,,,,,
513,Tyler Conklin,3915486,DET,8.16,2026,"['WR/TE', 'TE', 'RB/WR/TE', 'OP', 'BE', 'IR']",,,,,,,,,,,,,,,,,2.235621871,0.252878342,0.0055825,0.110813424,0.072416572,7.0,3.0,1.0,1.0,,3.68183723,0.020168096,0.000623756,5.377998769,10.32244758,0.0055825,0.000218676,,0.049699173,0.049699173,,0.027831537,0.027831537,0.027831537,17.0,,0.840952436,,,,,,,,,,,,,,,,,,,,,,,,,,,,,,,,,,,,,,,,,,,,,,,,,,,,,,,,,,,,,,,,,,,,,,,,,,,,,,,,,,,,,,,,,,,,
514,Matthew Hibner,4432260,BAL,8.07,2026,"['Rookie', 'WR/TE', 'TE', 'RB/WR/TE', 'OP', 'BE', 'IR']",,,,,,,,,,,,,,,,,2.108152021,0.29291596,0.009655078,0.158445821,0.103544344,7.0,3.0,1.0,1.0,,3.335172007,0.019169815,0.000592881,4.66434451,10.74564799,0.009655078,0.000179455,,0.040785339,0.040785339,,0.02283979,0.02283979,0.02283979,17.0,,0.718550992,,,,,,,,,,,,,,,,,,,,,,,,,,,,,,,,,,,,,,,,,,,,,,,,,,,,,,,,,,,,,,,,,,,,,,,,,,,,,,,,,,,,,,,,,,,,
515,Myles Price,4430656,MIN,1.95,2026,"['RB/WR', 'WR', 'WR/TE', 'RB/WR/TE', 'OP', 'BE', 'IR']",,,,,,,,,,,,,,,,,,,,,,,,,,,,,,,,,,,,,,,,,17.0,,,,,,,,,,,,,,,,,,,,,,,,,,,,,,,,,,,,,,,,,,,,,,,,,,,,,,,,,,,0.118966919,0.205984795,,,,,,,,,,1330.551066,255.7644541,133.0,53.0,25.0,10.0,,,,,,,,,,,,,,,,,,,
516,Jeremy McNichols,3127586,WSH,0.0,2026,"['RB', 'RB/WR', 'RB/WR/TE', 'OP', 'BE', 'IR']",,,,,,,,,,,,,,,,,,,,,,,,,,,,,,,,,,,,,,,,,,,,,,,,,,,,,,,,,,,,,,,,,,,,,,,,,,,,,,,,,,,,,,,,,,,,,,,,,,,,,,,,,,,,,,,,,,,,,,,,,,,,,,,,,,,,,,,
517,Lil'Jordan Humphrey,4039057,DEN,0.0,2026,"['RB/WR', 'WR', 'WR/TE', 'RB/WR/TE', 'OP', 'BE', 'IR']",,,,,,,,,,,,,,,,,,,,,,,,,,,,,,,,,,,,,,,,,,,,,,,,,,,,,,,,,,,,,,,,,,,,,,,,,,,,,,,,,,,,,,,,,,,,,,,,,,,,,,,,,,,,,,,,,,,,,,,,,,,,,,,,,,,,,,,
518,AJ Dillon,4239934,CAR,0.0,2026,"['RB', 'RB/WR', 'RB/WR/TE', 'OP', 'BE', 'IR']",,,,,,,,,,,,,,,,,,,,,,,,,,,,,,,,,,,,,,,,,,,,,,,,,,,,,,,,,,,,,,,,,,,,,,,,,,,,,,,,,,,,,,,,,,,,,,,,,,,,,,,,,,,,,,,,,,,,,,,,,,,,,,,,,,,,,,,
519,Jaleel McLaughlin,4722893,DEN,0.0,2026,"['RB', 'RB/WR', 'RB/WR/TE', 'OP', 'BE', 'IR']",,,,,,,,,,,,,,,,,,,,,,,,,,,,,,,,,,,,,,,,,,,,,,,,,,,,,,,,,,,,,,,,,,,,,,,,,,,,,,,,,,,,,,,,,,,,,,,,,,,,,,,,,,,,,,,,,,,,,,,,,,,,,,,,,,,,,,,
520,Phil Mafah,4431562,DAL,0.0,2026,"['RB', 'RB/WR', 'RB/WR/TE', 'OP', 'BE', 'IR']",,,,,,,,,,,,,,,,,,,,,,,,,,,,,,,,,,,,,,,,,,,,,,,,,,,,,,,,,,,,,,,,,,,,,,,,,,,,,,,,,,,,,,,,,,,,,,,,,,,,,,,,,,,,,,,,,,,,,,,,,,,,,,,,,,,,,,,
521,Tyrell Shavers,4241476,BUF,10.77,2026,"['RB/WR', 'WR', 'WR/TE', 'RB/WR/TE', 'OP', 'BE', 'IR']",,,,,,,,,,,,,,,,,4.742269961,0.296229717,0.023788792,0.118923504,0.07771651,10.0,5.0,2.0,2.0,1.0,4.027193961,0.023936611,0.000740308,6.568527965,12.95318032,0.023788792,0.000322935,,0.073394266,0.073394266,,0.041100789,0.041100789,0.041100789,11.0,,1.7336384,,,,,,,,,,,,,,,,,,,,,,,,,,,,,,,,,,,,,,,,,,,,,,,,,,,,,,,,,,,,,,,,,,,,,,,,,,,,,,,,,,,,,,,,,,,,
522,Mitchell Trubisky,3039707,TEN,7.32,2026,"['QB', 'OP', 'BE', 'IR']",1.127158785,0.146480414,0.048244826,0.00064795,,,,,,,,0.002068371,0.001447859,-2.36e-06,-8.06e-08,2.209242448,,,,,,,,,,,,,,,,0.011413334,0.001218486,0.01197055,,0.276928575,0.005506453,,0.132686305,0.84815423,17.0,2.260516134,,23.56556575,15.01917331,8.54639244,9.056451228,0.673659818,30.0,15.0,7.0,6.0,3.0,1.0,3.0,1.0,0.087262961,0.057026345,0.228430881,0.030855022,0.010765384,0.715467925,0.637335571,1.383142194,0.264958024,0.127179852,,,,,,,,,,,,,,,,,,,,,,,,,,,,,,,,,,,,,,,,,,,,,,,,,,,,,,,,,,,,,,,,,,,,,
523,Charlie Jones,4257188,CIN,2.46,2026,"['RB/WR', 'WR', 'WR/TE', 'RB/WR/TE', 'OP', 'BE', 'IR']",,,,,,,,,,,,,,,,,,,,,,,,,,,,,,,,,,,,,,,,,17.0,,,,,,,,,,,,,,,,,,,,,,,,,,,,,,,,,,,,,,,,,,,,,,,,,,,,,,,,,,,0.20341802,0.207299974,,,,,,,,,,513.1006153,159.6209802,51.0,20.0,15.0,6.0,,,,,,,,,,,,,,,,,,,
524,Nikko Remigio,4372716,KC,1.43,2026,"['RB/WR', 'WR', 'WR/TE', 'RB/WR/TE', 'OP', 'BE', 'IR']",,,,,,,,,,,,,,,,,,,,,,,,,,,,,,,,,,,,,,,,,17.0,,,,,,,,,,,,,,,,,,,,,,,,,,,,,,,,,,,,,,,,,,,,,,,,,,,,,,,,,,,0.057606156,0.180542846,,,,,,,,,,663.9606083,203.6893648,66.0,26.0,20.0,8.0,,,,,,,,,,,,,,,,,,,
525,Carson Wentz,2573079,MIN,0.0,2026,"['QB', 'OP', 'BE', 'IR']",,,,,,,,,,,,,,,,,,,,,,,,,,,,,,,,,,,,,,,,,,,,,,,,,,,,,,,,,,,,,,,,,,,,,,,,,,,,,,,,,,,,,,,,,,,,,,,,,,,,,,,,,,,,,,,,,,,,,,,,,,,,,,,,,,,,,,,
526,Andy Dalton,14012,PHI,0.0,2026,"['QB', 'OP', 'BE', 'IR']",,,,,,,,,,,,,,,,,,,,,,,,,,,,,,,,,,,,,,,,,,,,,,,,,,,,,,,,,,,,,,,,,,,,,,,,,,,,,,,,,,,,,,,,,,,,,,,,,,,,,,,,,,,,,,,,,,,,,,,,,,,,,,,,,,,,,,,
527,Ronnie Rivers,4243003,LAR,0.0,2026,"['RB', 'RB/WR', 'RB/WR/TE', 'OP', 'BE', 'IR']",,,,,,,,,,,,,,,,,,,,,,,,,,,,,,,,,,,,,,,,,,,,,,,,,,,,,,,,,,,,,,,,,,,,,,,,,,,,,,,,,,,,,,,,,,,,,,,,,,,,,,,,,,,,,,,,,,,,,,,,,,,,,,,,,,,,,,,
528,Stetson Bennett IV,4259553,LAR,0.0,2026,"['QB', 'OP', 'BE', 'IR']",,,,,,,,,,,,,,,,,,,,,,,,,,,,,,,,,,,,,,,,,,,,,,,,,,,,,,,,,,,,,,,,,,,,,,,,,,,,,,,,,,,,,,,,,,,,,,,,,,,,,,,,,,,,,,,,,,,,,,,,,,,,,,,,,,,,,,,
529,Zavier Scott,4257364,MIN,0.0,2026,"['RB', 'RB/WR', 'RB/WR/TE', 'OP', 'BE', 'IR']",,,,,,,,,,,,,,,,,,,,,,,,,,,,,,,,,,,,,,,,,,,,,,,,,,,,,,,,,,,,,,,,,,,,,,,,,,,,,,,,,,,,,,,,,,,,,,,,,,,,,,,,,,,,,,,,,,,,,,,,,,,,,,,,,,,,,,,
530,Garrett Nussmeier,4567747,KC,0.0,2026,"['Rookie', 'QB', 'OP', 'BE', 'IR']",,,,,,,,,,,,,,,,,,,,,,,,,,,,,,,,,,,,,,,,,,,,,,,,,,,,,,,,,,,,,,,,,,,,,,,,,,,,,,,,,,,,,,,,,,,,,,,,,,,,,,,,,,,,,,,,,,,,,,,,,,,,,,,,,,,,,,,
531,Daniel Carlson,3051909,None,0.0,2026,"['K', 'BE', 'IR']",,,,,,,,,,,,,,,,,,,,,,,,,,,,,,,,,,,,,,,,,,,,,,,,,,,,,,,,,,,,,,,,,,,,,,,,,,,,,,,,,,,,,,,,,,,,,,,,,,,,,,,,,,,,,,,,,,,,,,,,,,,,,,,,,,,,,,,
532,Adam Thielen,16460,PIT,0.0,2026,"['RB/WR', 'WR', 'WR/TE', 'RB/WR/TE', 'OP', 'BE', 'IR']",,,,,,,,,,,,,,,,,,,,,,,,,,,,,,,,,,,,,,,,,,,,,,,,,,,,,,,,,,,,,,,,,,,,,,,,,,,,,,,,,,,,,,,,,,,,,,,,,,,,,,,,,,,,,,,,,,,,,,,,,,,,,,,,,,,,,,,
533,Russell Wilson,14881,None,0.0,2026,"['QB', 'OP', 'BE', 'IR']",,,,,,,,,,,,,,,,,,,,,,,,,,,,,,,,,,,,,,,,,,,,,,,,,,,,,,,,,,,,,,,,,,,,,,,,,,,,,,,,,,,,,,,,,,,,,,,,,,,,,,,,,,,,,,,,,,,,,,,,,,,,,,,,,,,,,,,
534,Lucas Havrisik,4245661,None,0.0,2026,"['K', 'BE', 'IR']",,,,,,,,,,,,,,,,,,,,,,,,,,,,,,,,,,,,,,,,,,,,,,,,,,,,,,,,,,,,,,,,,,,,,,,,,,,,,,,,,,,,,,,,,,,,,,,,,,,,,,,,,,,,,,,,,,,,,,,,,,,,,,,,,,,,,,,
535,DeeJay Dallas,4240631,JAX,0.18,2026,"['RB', 'RB/WR', 'RB/WR/TE', 'OP', 'BE', 'IR']",,,,,,,,,,,,,,,,,,,,,,,,,,,,,,,,,,,,,,,,,17.0,,,,,,,,,,,,,,,,,,,,,,,,,,,,,,,,,,,,,,,,,,,,,,,,,,,,,,,,,,,0.029794793,,,,,,,,,,,165.2171396,,16.0,6.0,,,,,,,,,,,,,,,,,,,,,
536,Josh Williams,4568024,TB,0.11,2026,"['RB', 'RB/WR', 'RB/WR/TE', 'OP', 'BE', 'IR']",,,,,,,,,,,,,,,,,,,,,,,,,,,,,,,,,,,,,,,,,17.0,,,,,,,,,,,,,,,,,,,,,,,,,,,,,,,,,,,,,,,,,,,,,,,,,,,,,,,,,,,0.018200283,,,,,,,,,,,162.5473535,,16.0,6.0,,,,,,,,,,,,,,,,,,,,,
537,Jeremy Ruckert,4361372,NYJ,24.59,2026,"['WR/TE', 'TE', 'RB/WR/TE', 'OP', 'BE', 'IR']",,,,,,,,,,,,,,,,,5.624513316,0.529669329,0.0645583,0.056561373,0.036962857,19.0,9.0,4.0,3.0,1.0,12.41641009,0.041965686,0.001297908,15.92695371,7.700835082,0.0645583,0.000534471,,0.121470795,0.121470795,,0.068023645,0.068023645,0.068023645,17.0,,4.533723455,,,,,,,,,,,,,,,,,,,,,,,,,,,,,,,,,,,,,,,,,,,,,,,,,,,,,,,,,,,,,,,,,,,,,,,,,,,,,,,,,,,,,,,,,,,,
538,Malachi Corley,4613104,CLE,8.45,2026,"['RB/WR', 'WR', 'WR/TE', 'RB/WR/TE', 'OP', 'BE', 'IR']",6.375633595,2.578226669,0.207168005,0.012562923,8.0,4.0,2.0,1.0,,1.0,,0.01173292,0.008213044,0.004644612,0.000158503,6.874587869,0.968103471,0.052091979,0.00369807,0.071258709,0.046567566,3.0,1.0,,,,1.658952414,0.009474519,0.000293026,2.587392661,9.920573292,0.016260993,0.000644282,0.116193794,0.030233854,0.146427648,0.053449145,0.016930958,0.070380104,0.070380104,17.0,4.093702979,-0.296438559,,,,,,,,,,,,,,,,,,,,,,,,,,,,,,,,,,,,,,,,,,,,,,,,,,,,,,,,,0.055972449,,,,,,,,,,,565.2390207,,56.0,22.0,,,,,,,,,,,,,,,,,,,,,
539,Tanner Koziol,4917427,JAX,8.55,2026,"['Rookie', 'WR/TE', 'TE', 'RB/WR/TE', 'OP', 'BE', 'IR']",,,,,,,,,,,,,,,,,2.154874798,0.278326398,0.011493903,0.075703777,0.049472418,7.0,3.0,1.0,1.0,,3.906848166,0.019536641,0.000604226,5.672320314,9.376579281,0.011493903,0.000210216,,0.047776285,0.047776285,,0.026754719,0.026754719,0.026754719,17.0,,0.864792266,,,,,,,,,,,,,,,,,,,,,,,,,,,,,,,,,,,,,,,,,,,,,,,,,,,,,,,,,,,,,,,,,,,,,,,,,,,,,,,,,,,,,,,,,,,,
540,Eric Saubert,2975863,SEA,8.19,2026,"['WR/TE', 'TE', 'RB/WR/TE', 'OP', 'BE', 'IR']",,,,,,,,,,,,,,,,,2.02277603,0.298094632,0.010837344,0.096830185,0.063278526,6.0,3.0,1.0,1.0,,3.421771562,0.018493127,0.000571952,5.039982699,10.04952899,0.010837344,0.000184115,,0.041844352,0.041844352,,0.023432837,0.023432837,0.023432837,17.0,,0.700383831,,,,,,,,,,,,,,,,,,,,,,,,,,,,,,,,,,,,,,,,,,,,,,,,,,,,,,,,,,,,,,,,,,,,,,,,,,,,,,,,,,,,,,,,,,,,
541,Darius Cooper,4715355,PHI,7.72,2026,"['RB/WR', 'WR', 'WR/TE', 'RB/WR/TE', 'OP', 'BE', 'IR']",,,,,,,,,,,,,,,,,2.216862141,0.252157981,0.01130173,0.15770044,0.103057238,7.0,3.0,1.0,1.0,,3.251134605,0.020021344,0.000619217,4.914846029,11.59184746,0.01130173,0.000260704,,0.059250843,0.059250843,,0.033180472,0.033180472,0.033180472,17.0,,0.733692103,,,,,,,,,,,,,,,,,,,,,,,,,,,,,,,,,,,,,,,,,,,,,,,,,,,,,,,,,,,,,,,,,,,,,,,,,,,,,,,,,,,,,,,,,,,,
542,Arian Smith,4429105,NYJ,3.14,2026,"['RB/WR', 'WR', 'WR/TE', 'RB/WR/TE', 'OP', 'BE', 'IR']",4.344258466,1.391713393,0.194417046,0.021971883,4.0,2.0,1.0,,,,,0.007985839,0.005590087,0.00127679,4.36e-05,5.446068152,,,,,,,,,,,,,,,,0.021971883,0.00034836,0.07917266,,0.07917266,0.036419424,,0.036419424,0.036419424,17.0,3.279713589,,,,,,,,,,,,,,,,,,,,,,,,,,,,,,,,,,,,,,,,,,,,,,,,,,,,,,,,,,,,,,,,,,,,,,,,,,,,,,,,,,,,,,,,,,,,,
543,Braxton Berrios,3123075,NYG,2.49,2026,"['RB/WR', 'WR', 'WR/TE', 'RB/WR/TE', 'OP', 'BE', 'IR']",,,,,,,,,,,,,,,,,,,,,,,,,,,,,,,,,,,,,,,,,17.0,,,,,,,,,,,,,,,,,,,,,,,,,,,,,,,,,,,,,,,,,,,,,,,,,,,,,,,,,,,0.240607813,0.173893969,,,,,,,,,,1349.000316,244.8823296,134.0,53.0,24.0,9.0,,,,,,,,,,,,,,,,,,,
544,LaJohntay Wester,4690143,BAL,1.87,2026,"['RB/WR', 'WR', 'WR/TE', 'RB/WR/TE', 'OP', 'BE', 'IR']",,,,,,,,,,,,,,,,,,,,,,,,,,,,,,,,,,,,,,,,,17.0,,,,,,,,,,,,,,,,,,,,,,,,,,,,,,,,,,,,,,,,,,,,,,,,,,,,,,,,,,,0.068811031,0.242636648,,,,,,,,,,614.5536936,375.3285642,61.0,24.0,37.0,15.0,,,,,,,,,,,,,,,,,,,
545,Scotty Miller,3914397,CHI,0.0,2026,"['RB/WR', 'WR', 'WR/TE', 'RB/WR/TE', 'OP', 'BE', 'IR']",,,,,,,,,,,,,,,,,,,,,,,,,,,,,,,,,,,,,,,,,,,,,,,,,,,,,,,,,,,,,,,,,,,,,,,,,,,,,,,,,,,,,,,,,,,,,,,,,,,,,,,,,,,,,,,,,,,,,,,,,,,,,,,,,,,,,,,
546,Mecole Hardman Jr.,4035004,BUF,0.0,2026,"['RB/WR', 'WR', 'WR/TE', 'RB/WR/TE', 'OP', 'BE', 'IR']",,,,,,,,,,,,,,,,,,,,,,,,,,,,,,,,,,,,,,,,,,,,,,,,,,,,,,,,,,,,,,,,,,,,,,,,,,,,,,,,,,,,,,,,,,,,,,,,,,,,,,,,,,,,,,,,,,,,,,,,,,,,,,,,,,,,,,,
547,David Moore,4212909,CAR,0.0,2026,"['RB/WR', 'WR', 'WR/TE', 'RB/WR/TE', 'OP', 'BE', 'IR']",,,,,,,,,,,,,,,,,,,,,,,,,,,,,,,,,,,,,,,,,,,,,,,,,,,,,,,,,,,,,,,,,,,,,,,,,,,,,,,,,,,,,,,,,,,,,,,,,,,,,,,,,,,,,,,,,,,,,,,,,,,,,,,,,,,,,,,
548,Josh Johnson,11394,CIN,0.0,2026,"['QB', 'OP', 'BE', 'IR']",,,,,,,,,,,,,,,,,,,,,,,,,,,,,,,,,,,,,,,,,,,,,,,,,,,,,,,,,,,,,,,,,,,,,,,,,,,,,,,,,,,,,,,,,,,,,,,,,,,,,,,,,,,,,,,,,,,,,,,,,,,,,,,,,,,,,,,
549,Tom Kennedy,3126997,DET,0.0,2026,"['RB/WR', 'WR', 'WR/TE', 'RB/WR/TE', 'OP', 'BE', 'IR']",,,,,,,,,,,,,,,,,,,,,,,,,,,,,,,,,,,,,,,,,,,,,,,,,,,,,,,,,,,,,,,,,,,,,,,,,,,,,,,,,,,,,,,,,,,,,,,,,,,,,,,,,,,,,,,,,,,,,,,,,,,,,,,,,,,,,,,
550,Isaiah Hodgins,4242540,NYG,0.0,2026,"['RB/WR', 'WR', 'WR/TE', 'RB/WR/TE', 'OP', 'BE', 'IR']",,,,,,,,,,,,,,,,,,,,,,,,,,,,,,,,,,,,,,,,,,,,,,,,,,,,,,,,,,,,,,,,,,,,,,,,,,,,,,,,,,,,,,,,,,,,,,,,,,,,,,,,,,,,,,,,,,,,,,,,,,,,,,,,,,,,,,,
551,Elijah Moore,4372414,PHI,0.0,2026,"['RB/WR', 'WR', 'WR/TE', 'RB/WR/TE', 'OP', 'BE', 'IR']",,,,,,,,,,,,,,,,,,,,,,,,,,,,,,,,,,,,,,,,,,,,,,,,,,,,,,,,,,,,,,,,,,,,,,,,,,,,,,,,,,,,,,,,,,,,,,,,,,,,,,,,,,,,,,,,,,,,,,,,,,,,,,,,,,,,,,,
552,Brittain Brown,4036032,CHI,0.0,2026,"['RB', 'RB/WR', 'RB/WR/TE', 'OP', 'BE', 'IR']",,,,,,,,,,,,,,,,,,,,,,,,,,,,,,,,,,,,,,,,,,,,,,,,,,,,,,,,,,,,,,,,,,,,,,,,,,,,,,,,,,,,,,,,,,,,,,,,,,,,,,,,,,,,,,,,,,,,,,,,,,,,,,,,,,,,,,,
553,Will Levis,4361418,TEN,0.0,2026,"['QB', 'OP', 'BE', 'IR']",,,,,,,,,,,,,,,,,,,,,,,,,,,,,,,,,,,,,,,,,,,,,,,,,,,,,,,,,,,,,,,,,,,,,,,,,,,,,,,,,,,,,,,,,,,,,,,,,,,,,,,,,,,,,,,,,,,,,,,,,,,,,,,,,,,,,,,
554,Ja'Lynn Polk,4430637,NO,0.0,2026,"['RB/WR', 'WR', 'WR/TE', 'RB/WR/TE', 'OP', 'BE', 'IR']",,,,,,,,,,,,,,,,,,,,,,,,,,,,,,,,,,,,,,,,,,,,,,,,,,,,,,,,,,,,,,,,,,,,,,,,,,,,,,,,,,,,,,,,,,,,,,,,,,,,,,,,,,,,,,,,,,,,,,,,,,,,,,,,,,,,,,,
555,Terrell Jennings,4427600,NE,0.0,2026,"['RB', 'RB/WR', 'RB/WR/TE', 'OP', 'BE', 'IR']",,,,,,,,,,,,,,,,,,,,,,,,,,,,,,,,,,,,,,,,,,,,,,,,,,,,,,,,,,,,,,,,,,,,,,,,,,,,,,,,,,,,,,,,,,,,,,,,,,,,,,,,,,,,,,,,,,,,,,,,,,,,,,,,,,,,,,,
556,Raheim Sanders,4601080,CLE,0.0,2026,"['RB', 'RB/WR', 'RB/WR/TE', 'OP', 'BE', 'IR']",,,,,,,,,,,,,,,,,,,,,,,,,,,,,,,,,,,,,,,,,,,,,,,,,,,,,,,,,,,,,,,,,,,,,,,,,,,,,,,,,,,,,,,,,,,,,,,,,,,,,,,,,,,,,,,,,,,,,,,,,,,,,,,,,,,,,,,
557,Tyler Lockett,2577327,None,0.0,2026,"['RB/WR', 'WR', 'WR/TE', 'RB/WR/TE', 'OP', 'BE', 'IR']",,,,,,,,,,,,,,,,,,,,,,,,,,,,,,,,,,,,,,,,,,,,,,,,,,,,,,,,,,,,,,,,,,,,,,,,,,,,,,,,,,,,,,,,,,,,,,,,,,,,,,,,,,,,,,,,,,,,,,,,,,,,,,,,,,,,,,,
558,Amari Cooper,2976499,LV,0.0,2026,"['RB/WR', 'WR', 'WR/TE', 'RB/WR/TE', 'OP', 'BE', 'IR']",,,,,,,,,,,,,,,,,,,,,,,,,,,,,,,,,,,,,,,,,,,,,,,,,,,,,,,,,,,,,,,,,,,,,,,,,,,,,,,,,,,,,,,,,,,,,,,,,,,,,,,,,,,,,,,,,,,,,,,,,,,,,,,,,,,,,,,
559,Tanner Brown,4696736,NO,0.0,2026,"['K', 'BE', 'IR']",,,,,,,,,,,,,,,,,,,,,,,,,,,,,,,,,,,,,,,,,,,,,,,,,,,,,,,,,,,,,,,,,,,,,,,,,,,,,,,,,,,,,,,,,,,,,,,,,,,,,,,,,,,,,,,,,,,,,,,,,,,,,,,,,,,,,,,
560,Kene Nwangwu,4035537,NYJ,2.29,2026,"['RB', 'RB/WR', 'RB/WR/TE', 'OP', 'BE', 'IR']",,,,,,,,,,,,,,,,,,,,,,,,,,,,,,,,,,,,,,,,,17.0,,,,,,,,,,,,,,,,,,,,,,,,,,,,,,,,,,,,,,,,,,,,,,,,,,,,,,,,,,,0.380945438,,,,,,,,,,,839.5422291,,83.0,33.0,,,,,,,,,,,,,,,,,,,,,
561,Charlie Kolar,4241263,LAC,35.27,2026,"['WR/TE', 'TE', 'RB/WR/TE', 'OP', 'BE', 'IR']",,,,,,,,,,,,,,,,,8.706306649,1.124408682,0.027841179,0.10627898,0.069453313,29.0,14.0,7.0,5.0,2.0,14.66803626,0.057785638,0.001787185,21.24260584,10.09045863,0.027841179,0.000789243,,0.179373306,0.179373306,,0.100449052,0.100449052,0.100449052,17.0,,6.734865649,,,,,,,,,,,,,,,,,,,,,,,,,,,,,,,,,,,,,,,,,,,,,,,,,,,,,,,,,,,,,,,,,,,,,,,,,,,,,,,,,,,,,,,,,,,,
562,John Bates,4048228,WSH,34.11,2026,"['WR/TE', 'TE', 'RB/WR/TE', 'OP', 'BE', 'IR']",,,,,,,,,,,,,,,,,7.857592342,1.086154246,0.08491732,0.076205088,0.049800025,26.0,13.0,6.0,5.0,2.0,14.70432892,0.053508909,0.001654915,20.64196423,9.084336359,0.08491732,0.001150549,,0.261488331,0.261488331,,0.146433465,0.146433465,0.146433465,17.0,,6.329623505,,,,,,,,,,,,,,,,,,,,,,,,,,,,,,,,,,,,,,,,,,,,,,,,,,,,,,,,,,,,,,,,,,,,,,,,,,,,,,,,,,,,,,,,,,,,
563,Foster Moreau,3843945,HOU,18.13,2026,"['WR/TE', 'TE', 'RB/WR/TE', 'OP', 'BE', 'IR']",,,,,,,,,,,,,,,,,4.662652843,0.585926923,0.038539959,0.122096323,0.079789947,15.0,7.0,3.0,3.0,1.0,7.648307794,0.036522453,0.00112956,10.97158517,10.36374326,0.038539959,0.000452231,,0.102779858,0.102779858,,0.05755672,0.05755672,0.05755672,17.0,,3.019006552,,,,,,,,,,,,,,,,,,,,,,,,,,,,,,,,,,,,,,,,,,,,,,,,,,,,,,,,,,,,,,,,,,,,,,,,,,,,,,,,,,,,,,,,,,,,
564,Payne Durham,4372505,TB,18.05,2026,"['WR/TE', 'TE', 'RB/WR/TE', 'OP', 'BE', 'IR']",,,,,,,,,,,,,,,,,4.155740061,0.632424729,0.054863576,0.084107861,0.054964487,14.0,7.0,3.0,2.0,1.0,7.238189959,0.033458729,0.001034806,10.66500748,9.760393336,0.054863576,0.000389465,,0.088514784,0.088514784,,0.049568279,0.049568279,0.049568279,17.0,,2.706903522,,,,,,,,,,,,,,,,,,,,,,,,,,,,,,,,,,,,,,,,,,,,,,,,,,,,,,,,,,,,,,,,,,,,,,,,,,,,,,,,,,,,,,,,,,,,
565,Anthony Gould,4429684,IND,17.32,2026,"['RB/WR', 'WR', 'WR/TE', 'RB/WR/TE', 'OP', 'BE', 'IR']",,,,,,,,,,,,,,,,,4.380531467,0.333995166,0.02653518,0.11471302,0.074964959,14.0,7.0,3.0,2.0,1.0,6.964451215,0.034834954,0.00107737,10.47955286,10.69273553,0.02653518,0.000558469,,0.126924799,0.126924799,,0.071077887,0.071077887,0.071077887,17.0,,2.627857645,,,,,,,,,,,,,,,,,,,,,,,,,,,,,,,,,,,,,,,,,,,,,,,,,,,,,,,,,0.102497768,0.136223643,,,,,,,,,,1177.675059,167.3181705,117.0,47.0,16.0,6.0,,,,,,,,,,,,,,,,,,,
566,Joe Royer,4565859,CLE,15.52,2026,"['Rookie', 'WR/TE', 'TE', 'RB/WR/TE', 'OP', 'BE', 'IR']",,,,,,,,,,,,,,,,,3.955632273,0.339451304,0.024143869,0.077222898,0.050465164,13.0,6.0,3.0,2.0,1.0,7.531972975,0.032199364,0.000995857,10.34957064,8.928039023,0.024143869,0.000405273,,0.092107415,0.092107415,,0.051580152,0.051580152,0.051580152,17.0,,2.560255762,,,,,,,,,,,,,,,,,,,,,,,,,,,,,,,,,,,,,,,,,,,,,,,,,,,,,,,,,,,,,,,,,,,,,,,,,,,,,,,,,,,,,,,,,,,,
567,Derius Davis,4362477,LAC,10.76,2026,"['RB/WR', 'WR', 'WR/TE', 'RB/WR/TE', 'OP', 'BE', 'IR']",2.079721306,0.647037961,0.064235759,0.001604884,2.0,1.0,,,,,,0.003818343,0.00267284,0.000233167,7.96e-06,5.288999689,2.228506368,0.270478053,0.006695649,0.117545841,0.076816207,7.0,3.0,1.0,1.0,,3.491082272,0.020111233,0.000621997,5.310651461,10.85182339,0.008300533,0.000490231,0.041594426,0.069821645,0.111416072,0.019133436,0.039100121,0.058233557,0.058233557,17.0,2.617633874,0.801334187,,,,,,,,,,,,,,,,,,,,,,,,,,,,,,,,,,,,,,,,,,,,,,,,,,,,,,,,,0.029404226,0.196540185,,,,,,,,,,319.5569504,216.7539701,31.0,12.0,21.0,8.0,,,,,,,,,,,,,,,,,,,
568,Michael Burton,2515270,CLE,8.62,2026,"['RB', 'RB/WR', 'RB/WR/TE', 'OP', 'BE', 'IR']",4.250422397,1.038038576,0.100096153,0.006069954,3.0,1.0,,,,,,0.007812922,0.005469045,0.000675715,2.31e-05,4.151741673,1.556319184,0.145745943,0.010377928,0.035376609,0.023118614,5.0,2.0,1.0,1.0,,4.184198417,0.014657593,0.000453328,5.174785322,6.323176743,0.016447882,0.000317547,0.036368158,0.035801521,0.072169679,0.016729353,0.020048852,0.036778205,0.036778205,17.0,3.000683313,0.593196441,,,,,,,,,,,,,,,,,,,,,,,,,,,,,,,,,,,,,,,,,,,,,,,,,,,,,,,,,,,,,,,,,,,,,,,,,,,,,,,,,,,,,,,,,,,,
569,Luke Farrell,4040612,SF,9.91,2026,"['WR/TE', 'TE', 'RB/WR/TE', 'OP', 'BE', 'IR']",,,,,,,,,,,,,,,,,2.396340964,0.289390176,0.014830268,0.103539385,0.067662988,8.0,4.0,2.0,1.0,,4.19891079,0.021181795,0.000655107,5.878677912,9.701991404,0.014830268,0.000225931,,0.051347876,0.051347876,,0.028754811,0.028754811,0.028754811,17.0,,1.049084847,,,,,,,,,,,,,,,,,,,,,,,,,,,,,,,,,,,,,,,,,,,,,,,,,,,,,,,,,,,,,,,,,,,,,,,,,,,,,,,,,,,,,,,,,,,,
570,Barion Brown,4698597,NO,8.67,2026,"['Rookie', 'RB/WR', 'WR', 'WR/TE', 'RB/WR/TE', 'OP', 'BE', 'IR']",,,,,,,,,,,,,,,,,2.346946696,0.187816802,0.009814816,0.127134378,0.083082316,7.0,3.0,1.0,1.0,,3.275016021,0.02102537,0.000650269,5.473747812,12.18256447,0.009814816,0.000262619,,0.059686074,0.059686074,,0.033424201,0.033424201,0.033424201,17.0,,0.773808124,,,,,,,,,,,,,,,,,,,,,,,,,,,,,,,,,,,,,,,,,,,,,,,,,,,,,,,,,0.055278516,0.164049696,,,,,,,,,,493.6943309,164.049696,49.0,19.0,16.0,6.0,,,,,,,,,,,,,,,,,,,
571,Max Bredeson,4878695,MIN,7.83,2026,"['RB', 'RB/WR', 'RB/WR/TE', 'OP', 'BE', 'IR']",2.024689968,0.498306796,0.060136658,0.003412579,1.0,,,,,,,0.003717189,0.002602032,0.00012346,4.21e-06,4.183956881,1.731741575,0.166915221,0.009800689,0.03830991,0.025035526,5.0,2.0,1.0,1.0,,4.500434195,0.016128675,0.000498825,5.530673524,6.541503662,0.013213268,0.000245658,0.017323983,0.03850735,0.055831332,0.007969032,0.021564116,0.029533148,0.029533148,17.0,2.525861415,0.756170297,,,,,,,,,,,,,,,,,,,,,,,,,,,,,,,,,,,,,,,,,,,,,,,,,,,,,,,,,,,,,,,,,,,,,,,,,,,,,,,,,,,,,,,,,,,,
572,Reggie Virgil,4869132,ARI,7.17,2026,"['Rookie', 'RB/WR', 'WR', 'WR/TE', 'RB/WR/TE', 'OP', 'BE', 'IR']",,,,,,,,,,,,,,,,,2.310229844,0.143248842,0.007868181,0.097672842,0.063829202,7.0,3.0,1.0,1.0,,3.363214441,0.02074313,0.00064154,5.728540661,11.67749129,0.007868181,0.000269691,,0.061293461,0.061293461,,0.034324338,0.034324338,0.034324338,17.0,,0.758474304,,,,,,,,,,,,,,,,,,,,,,,,,,,,,,,,,,,,,,,,,,,,,,,,,,,,,,,,,,,,,,,,,,,,,,,,,,,,,,,,,,,,,,,,,,,,
573,Kameron Johnson,5097554,TB,3.4,2026,"['RB/WR', 'WR', 'WR/TE', 'RB/WR/TE', 'OP', 'BE', 'IR']",2.182715759,0.711408229,0.106282327,0.009713424,2.0,1.0,,,,,,0.004007658,0.00280536,0.000289269,9.87e-06,5.540776365,,,,,,,,,,,,,,,,0.009713424,0.000175029,0.039779266,,0.039779266,0.018298462,,0.018298462,0.018298462,17.0,2.692186114,,,,,,,,,,,,,,,,,,,,,,,,,,,,,,,,,,,,,,,,,,,,,,,,,,,,,,,,,,0.072801131,0.223141152,,,,,,,,,,796.1170966,311.9843884,79.0,31.0,31.0,12.0,,,,,,,,,,,,,,,,,,,
574,Mason Tipton,4573697,NO,0.66,2026,"['RB/WR', 'WR', 'WR/TE', 'RB/WR/TE', 'OP', 'BE', 'IR']",,,,,,,,,,,,,,,,,,,,,,,,,,,,,,,,,,,,,,,,,17.0,,,,,,,,,,,,,,,,,,,,,,,,,,,,,,,,,,,,,,,,,,,,,,,,,,,,,,,,,,,,0.109366464,,,,,,,,,,,109.366464,,,10.0,4.0,,,,,,,,,,,,,,,,,,,
575,Josh Cameron,4879194,JAX,0.34,2026,"['Rookie', 'RB/WR', 'WR', 'WR/TE', 'RB/WR/TE', 'OP', 'BE', 'IR']",,,,,,,,,,,,,,,,,,,,,,,,,,,,,,,,,,,,,,,,,17.0,,,,,,,,,,,,,,,,,,,,,,,,,,,,,,,,,,,,,,,,,,,,,,,,,,,,,,,,,,,,0.056032108,,,,,,,,,,,56.03210808,,,5.0,2.0,,,,,,,,,,,,,,,,,,,
576,Case Keenum,15168,CHI,0.0,2026,"['QB', 'OP', 'BE', 'IR']",,,,,,,,,,,,,,,,,,,,,,,,,,,,,,,,,,,,,,,,,,,,,,,,,,,,,,,,,,,,,,,,,,,,,,,,,,,,,,,,,,,,,,,,,,,,,,,,,,,,,,,,,,,,,,,,,,,,,,,,,,,,,,,,,,,,,,,
577,Zach Wilson,4361259,NO,0.0,2026,"['QB', 'OP', 'BE', 'IR']",,,,,,,,,,,,,,,,,,,,,,,,,,,,,,,,,,,,,,,,,,,,,,,,,,,,,,,,,,,,,,,,,,,,,,,,,,,,,,,,,,,,,,,,,,,,,,,,,,,,,,,,,,,,,,,,,,,,,,,,,,,,,,,,,,,,,,,
578,Dameon Pierce,4360238,PHI,0.0,2026,"['RB', 'RB/WR', 'RB/WR/TE', 'OP', 'BE', 'IR']",,,,,,,,,,,,,,,,,,,,,,,,,,,,,,,,,,,,,,,,,,,,,,,,,,,,,,,,,,,,,,,,,,,,,,,,,,,,,,,,,,,,,,,,,,,,,,,,,,,,,,,,,,,,,,,,,,,,,,,,,,,,,,,,,,,,,,,
579,Pierre Strong Jr.,4249836,GB,0.0,2026,"['RB', 'RB/WR', 'RB/WR/TE', 'OP', 'BE', 'IR']",,,,,,,,,,,,,,,,,,,,,,,,,,,,,,,,,,,,,,,,,,,,,,,,,,,,,,,,,,,,,,,,,,,,,,,,,,,,,,,,,,,,,,,,,,,,,,,,,,,,,,,,,,,,,,,,,,,,,,,,,,,,,,,,,,,,,,,
580,Grant Calcaterra,4241374,PHI,0.0,2026,"['WR/TE', 'TE', 'RB/WR/TE', 'OP', 'BE', 'IR']",,,,,,,,,,,,,,,,,,,,,,,,,,,,,,,,,,,,,,,,,,,,,,,,,,,,,,,,,,,,,,,,,,,,,,,,,,,,,,,,,,,,,,,,,,,,,,,,,,,,,,,,,,,,,,,,,,,,,,,,,,,,,,,,,,,,,,,
581,Julian Hill,4365395,NE,0.0,2026,"['WR/TE', 'TE', 'RB/WR/TE', 'OP', 'BE', 'IR']",,,,,,,,,,,,,,,,,,,,,,,,,,,,,,,,,,,,,,,,,,,,,,,,,,,,,,,,,,,,,,,,,,,,,,,,,,,,,,,,,,,,,,,,,,,,,,,,,,,,,,,,,,,,,,,,,,,,,,,,,,,,,,,,,,,,,,,
582,Sione Vaki,4912274,DET,0.0,2026,"['RB', 'RB/WR', 'RB/WR/TE', 'OP', 'BE', 'IR']",,,,,,,,,,,,,,,,,,,,,,,,,,,,,,,,,,,,,,,,,,,,,,,,,,,,,,,,,,,,,,,,,,,,,,,,,,,,,,,,,,,,,,,,,,,,,,,,,,,,,,,,,,,,,,,,,,,,,,,,,,,,,,,,,,,,,,,
583,Raheem Mostert,2576414,None,0.0,2026,"['RB', 'RB/WR', 'RB/WR/TE', 'OP', 'BE', 'IR']",,,,,,,,,,,,,,,,,,,,,,,,,,,,,,,,,,,,,,,,,,,,,,,,,,,,,,,,,,,,,,,,,,,,,,,,,,,,,,,,,,,,,,,,,,,,,,,,,,,,,,,,,,,,,,,,,,,,,,,,,,,,,,,,,,,,,,,
584,Ezekiel Elliott,3051392,None,0.0,2026,"['RB', 'RB/WR', 'RB/WR/TE', 'OP', 'BE', 'IR']",,,,,,,,,,,,,,,,,,,,,,,,,,,,,,,,,,,,,,,,,,,,,,,,,,,,,,,,,,,,,,,,,,,,,,,,,,,,,,,,,,,,,,,,,,,,,,,,,,,,,,,,,,,,,,,,,,,,,,,,,,,,,,,,,,,,,,,
585,Sam Howell,4426875,DAL,8.07,2026,"['QB', 'OP', 'BE', 'IR']",1.287865761,0.409343254,0.075455576,0.0028448,1.0,,,,,,,0.00236348,0.001654436,7.35e-05,2.51e-06,5.403385613,,,,,,,,,,,,,,,,0.046917023,0.001038047,0.011843357,,0.235919666,0.005447944,,0.113004572,0.835070924,17.0,2.441451274,,22.00383821,13.89170907,8.112129139,8.514737649,1.046069976,28.0,14.0,7.0,5.0,2.0,1.0,2.0,1.0,0.085939558,0.056161501,0.215940863,0.029167949,0.044072223,0.722066352,0.631331177,2.362581976,0.224076309,0.107556628,,,,,,,,,,,,,,,,,,,,,,,,,,,,,,,,,,,,,,,,,,,,,,,,,,,,,,,,,,,,,,,,,,,,,
586,CJ Dippre,4596545,NE,8.49,2026,"['WR/TE', 'TE', 'RB/WR/TE', 'OP', 'BE', 'IR']",,,,,,,,,,,,,,,,,2.196482587,0.272096678,0.010439508,0.121411503,0.079342417,7.0,3.0,1.0,1.0,,3.88935921,0.01986227,0.000614297,5.187705401,9.600605646,0.010439508,0.000209275,,0.047562415,0.047562415,,0.026634952,0.026634952,0.026634952,17.0,,0.877763981,,,,,,,,,,,,,,,,,,,,,,,,,,,,,,,,,,,,,,,,,,,,,,,,,,,,,,,,,,,,,,,,,,,,,,,,,,,,,,,,,,,,,,,,,,,,
587,Justin Watson,3118892,HOU,8.4,2026,"['RB/WR', 'WR', 'WR/TE', 'RB/WR/TE', 'OP', 'BE', 'IR']",,,,,,,,,,,,,,,,,2.444266427,0.223474208,0.014690703,0.149317843,0.09757921,8.0,4.0,2.0,1.0,,3.085190062,0.021764647,0.000673133,5.485792586,13.46838555,0.014690703,0.000233641,,0.053100168,0.053100168,,0.029736094,0.029736094,0.029736094,17.0,,0.790744239,,,,,,,,,,,,,,,,,,,,,,,,,,,,,,,,,,,,,,,,,,,,,,,,,,,,,,,,,,,,,,,,,,,,,,,,,,,,,,,,,,,,,,,,,,,,
588,Tip Reiman,4696700,ARI,7.97,2026,"['WR/TE', 'TE', 'RB/WR/TE', 'OP', 'BE', 'IR']",,,,,,,,,,,,,,,,,2.027183867,0.196163005,0.010786931,0.056545079,0.036952209,6.0,3.0,1.0,1.0,,3.826142771,0.018527682,0.000573021,5.728540661,9.007015104,0.010786931,0.000205873,,0.04678935,0.04678935,,0.026202036,0.026202036,0.026202036,17.0,,0.752938296,,,,,,,,,,,,,,,,,,,,,,,,,,,,,,,,,,,,,,,,,,,,,,,,,,,,,,,,,,,,,,,,,,,,,,,,,,,,,,,,,,,,,,,,,,,,
589,Britain Covey,3926231,PHI,1.66,2026,"['RB/WR', 'WR', 'WR/TE', 'RB/WR/TE', 'OP', 'BE', 'IR']",,,,,,,,,,,,,,,,,,,,,,,,,,,,,,,,,,,,,,,,,17.0,,,,,,,,,,,,,,,,,,,,,,,,,,,,,,,,,,,,,,,,,,,,,,,,,,,,,,,,,,,0.034647757,0.241930986,,,,,,,,,,309.44031,342.9814289,30.0,12.0,34.0,13.0,,,,,,,,,,,,,,,,,,,
590,Jacob Cowing,4575665,SF,1.23,2026,"['RB/WR', 'WR', 'WR/TE', 'RB/WR/TE', 'OP', 'BE', 'IR']",,,,,,,,,,,,,,,,,,,,,,,,,,,,,,,,,,,,,,,,,17.0,,,,,,,,,,,,,,,,,,,,,,,,,,,,,,,,,,,,,,,,,,,,,,,,,,,,,,,,,,,0.07522735,0.129974224,,,,,,,,,,671.8580608,142.1593077,67.0,26.0,14.0,5.0,,,,,,,,,,,,,,,,,,,
591,Ameer Abdullah,2576336,JAX,0.0,2026,"['RB', 'RB/WR', 'RB/WR/TE', 'OP', 'BE', 'IR']",,,,,,,,,,,,,,,,,,,,,,,,,,,,,,,,,,,,,,,,,,,,,,,,,,,,,,,,,,,,,,,,,,,,,,,,,,,,,,,,,,,,,,,,,,,,,,,,,,,,,,,,,,,,,,,,,,,,,,,,,,,,,,,,,,,,,,,
592,Tim Patrick,3134353,NYJ,0.0,2026,"['RB/WR', 'WR', 'WR/TE', 'RB/WR/TE', 'OP', 'BE', 'IR']",,,,,,,,,,,,,,,,,,,,,,,,,,,,,,,,,,,,,,,,,,,,,,,,,,,,,,,,,,,,,,,,,,,,,,,,,,,,,,,,,,,,,,,,,,,,,,,,,,,,,,,,,,,,,,,,,,,,,,,,,,,,,,,,,,,,,,,
593,Jalin Hyatt,4692590,NYG,0.0,2026,"['RB/WR', 'WR', 'WR/TE', 'RB/WR/TE', 'OP', 'BE', 'IR']",,,,,,,,,,,,,,,,,,,,,,,,,,,,,,,,,,,,,,,,,,,,,,,,,,,,,,,,,,,,,,,,,,,,,,,,,,,,,,,,,,,,,,,,,,,,,,,,,,,,,,,,,,,,,,,,,,,,,,,,,,,,,,,,,,,,,,,
594,Josh Whyle,4360086,GB,0.0,2026,"['WR/TE', 'TE', 'RB/WR/TE', 'OP', 'BE', 'IR']",,,,,,,,,,,,,,,,,,,,,,,,,,,,,,,,,,,,,,,,,,,,,,,,,,,,,,,,,,,,,,,,,,,,,,,,,,,,,,,,,,,,,,,,,,,,,,,,,,,,,,,,,,,,,,,,,,,,,,,,,,,,,,,,,,,,,,,
595,Aidan O'Connell,4260394,LV,0.0,2026,"['QB', 'OP', 'BE', 'IR']",,,,,,,,,,,,,,,,,,,,,,,,,,,,,,,,,,,,,,,,,,,,,,,,,,,,,,,,,,,,,,,,,,,,,,,,,,,,,,,,,,,,,,,,,,,,,,,,,,,,,,,,,,,,,,,,,,,,,,,,,,,,,,,,,,,,,,,
596,Blake Whiteheart,4362018,CLE,0.0,2026,"['WR/TE', 'TE', 'RB/WR/TE', 'OP', 'BE', 'IR']",,,,,,,,,,,,,,,,,,,,,,,,,,,,,,,,,,,,,,,,,,,,,,,,,,,,,,,,,,,,,,,,,,,,,,,,,,,,,,,,,,,,,,,,,,,,,,,,,,,,,,,,,,,,,,,,,,,,,,,,,,,,,,,,,,,,,,,
597,Chris Collier,4698191,LV,0.0,2026,"['RB', 'RB/WR', 'RB/WR/TE', 'OP', 'BE', 'IR']",,,,,,,,,,,,,,,,,,,,,,,,,,,,,,,,,,,,,,,,,,,,,,,,,,,,,,,,,,,,,,,,,,,,,,,,,,,,,,,,,,,,,,,,,,,,,,,,,,,,,,,,,,,,,,,,,,,,,,,,,,,,,,,,,,,,,,,
598,Frank Gore Jr.,4429805,BUF,0.0,2026,"['RB', 'RB/WR', 'RB/WR/TE', 'OP', 'BE', 'IR']",,,,,,,,,,,,,,,,,,,,,,,,,,,,,,,,,,,,,,,,,,,,,,,,,,,,,,,,,,,,,,,,,,,,,,,,,,,,,,,,,,,,,,,,,,,,,,,,,,,,,,,,,,,,,,,,,,,,,,,,,,,,,,,,,,,,,,,
599,Damien Martinez,4808830,GB,0.0,2026,"['RB', 'RB/WR', 'RB/WR/TE', 'OP', 'BE', 'IR']",,,,,,,,,,,,,,,,,,,,,,,,,,,,,,,,,,,,,,,,,,,,,,,,,,,,,,,,,,,,,,,,,,,,,,,,,,,,,,,,,,,,,,,,,,,,,,,,,,,,,,,,,,,,,,,,,,,,,,,,,,,,,,,,,,,,,,,
600,Cole Payton,4879250,PHI,0.0,2026,"['Rookie', 'QB', 'OP', 'BE', 'IR']",,,,,,,,,,,,,,,,,,,,,,,,,,,,,,,,,,,,,,,,,,,,,,,,,,,,,,,,,,,,,,,,,,,,,,,,,,,,,,,,,,,,,,,,,,,,,,,,,,,,,,,,,,,,,,,,,,,,,,,,,,,,,,,,,,,,,,,
601,Dalvin Cook,3116593,None,0.0,2026,"['RB', 'RB/WR', 'RB/WR/TE', 'OP', 'BE', 'IR']",,,,,,,,,,,,,,,,,,,,,,,,,,,,,,,,,,,,,,,,,,,,,,,,,,,,,,,,,,,,,,,,,,,,,,,,,,,,,,,,,,,,,,,,,,,,,,,,,,,,,,,,,,,,,,,,,,,,,,,,,,,,,,,,,,,,,,,
602,Michael Badgley,3123052,None,0.0,2026,"['K', 'BE', 'IR']",,,,,,,,,,,,,,,,,,,,,,,,,,,,,,,,,,,,,,,,,,,,,,,,,,,,,,,,,,,,,,,,,,,,,,,,,,,,,,,,,,,,,,,,,,,,,,,,,,,,,,,,,,,,,,,,,,,,,,,,,,,,,,,,,,,,,,,
603,Derek Carr,16757,NO,0.0,2026,"['QB', 'OP', 'BE', 'IR']",,,,,,,,,,,,,,,,,,,,,,,,,,,,,,,,,,,,,,,,,,,,,,,,,,,,,,,,,,,,,,,,,,,,,,,,,,,,,,,,,,,,,,,,,,,,,,,,,,,,,,,,,,,,,,,,,,,,,,,,,,,,,,,,,,,,,,,
604,Brandin Cooks,16731,None,0.0,2026,"['RB/WR', 'WR', 'WR/TE', 'RB/WR/TE', 'OP', 'BE', 'IR']",,,,,,,,,,,,,,,,,,,,,,,,,,,,,,,,,,,,,,,,,,,,,,,,,,,,,,,,,,,,,,,,,,,,,,,,,,,,,,,,,,,,,,,,,,,,,,,,,,,,,,,,,,,,,,,,,,,,,,,,,,,,,,,,,,,,,,,
605,Jude McAtamney,5092436,None,0.0,2026,"['K', 'BE', 'IR']",,,,,,,,,,,,,,,,,,,,,,,,,,,,,,,,,,,,,,,,,,,,,,,,,,,,,,,,,,,,,,,,,,,,,,,,,,,,,,,,,,,,,,,,,,,,,,,,,,,,,,,,,,,,,,,,,,,,,,,,,,,,,,,,,,,,,,,
606,Tanner Hudson,3050481,CIN,29.29,2026,"['WR/TE', 'TE', 'RB/WR/TE', 'OP', 'BE', 'IR']",,,,,,,,,,,,,,,,,6.484992125,0.886060551,0.041454183,0.074235814,0.048513105,22.0,11.0,5.0,4.0,2.0,13.05896152,0.046535334,0.001439237,17.16136152,8.442085227,0.041454183,0.000691253,,0.157102911,0.157102911,,0.08797763,0.08797763,0.08797763,17.0,,5.229302766,,,,,,,,,,,,,,,,,,,,,,,,,,,,,,,,,,,,,,,,,,,,,,,,,,,,,,,,,,,,,,,,,,,,,,,,,,,,,,,,,,,,,,,,,,,,
607,Davis Allen,4426553,LAR,19.18,2026,"['WR/TE', 'TE', 'RB/WR/TE', 'OP', 'BE', 'IR']",,,,,,,,,,,,,,,,,4.330835205,0.741141357,0.010098768,0.081022351,0.052948107,14.0,7.0,3.0,2.0,1.0,7.820697208,0.034531454,0.001067983,11.24339758,9.414019814,0.010098768,0.000420808,,0.095638182,0.095638182,,0.053557382,0.053557382,0.053557382,17.0,,2.966215492,,,,,,,,,,,,,,,,,,,,,,,,,,,,,,,,,,,,,,,,,,,,,,,,,,,,,,,,,,,,,,,,,,,,,,,,,,,,,,,,,,,,,,,,,,,,
608,Ben Sims,4373030,MIA,14.88,2026,"['WR/TE', 'TE', 'RB/WR/TE', 'OP', 'BE', 'IR']",,,,,,,,,,,,,,,,,3.844573776,0.328422546,0.017209585,0.076610287,0.050064823,13.0,6.0,3.0,2.0,1.0,6.972750404,0.031497654,0.000974154,10.05934037,9.373310444,0.017209585,0.000375183,,0.085268762,0.085268762,,0.047750507,0.047750507,0.047750507,17.0,,2.376217184,,,,,,,,,,,,,,,,,,,,,,,,,,,,,,,,,,,,,,,,,,,,,,,,,,,,,,,,,,,,,,,,,,,,,,,,,,,,,,,,,,,,,,,,,,,,
609,Josh Cuevas,4876132,BAL,8.07,2026,"['Rookie', 'WR/TE', 'TE', 'RB/WR/TE', 'OP', 'BE', 'IR']",,,,,,,,,,,,,,,,,2.108152021,0.29291596,0.009655078,0.158445821,0.103544344,7.0,3.0,1.0,1.0,,3.335172007,0.019169815,0.000592881,4.66434451,10.74564799,0.009655078,0.000179455,,0.040785339,0.040785339,,0.02283979,0.02283979,0.02283979,17.0,,0.718550992,,,,,,,,,,,,,,,,,,,,,,,,,,,,,,,,,,,,,,,,,,,,,,,,,,,,,,,,,,,,,,,,,,,,,,,,,,,,,,,,,,,,,,,,,,,,
610,Charlie Woerner,4035020,ATL,7.97,2026,"['WR/TE', 'TE', 'RB/WR/TE', 'OP', 'BE', 'IR']",,,,,,,,,,,,,,,,,1.922815246,0.178718354,0.010487733,0.054008606,0.035294624,6.0,3.0,1.0,1.0,,3.924978574,0.017691319,0.000547154,5.474829832,8.328162452,0.010487733,0.000211191,,0.047997999,0.047997999,,0.026878879,0.026878879,0.026878879,17.0,,0.719405533,,,,,,,,,,,,,,,,,,,,,,,,,,,,,,,,,,,,,,,,,,,,,,,,,,,,,,,,,,,,,,,,,,,,,,,,,,,,,,,,,,,,,,,,,,,,
611,Johnny Mundt,3052096,PHI,7.67,2026,"['WR/TE', 'TE', 'RB/WR/TE', 'OP', 'BE', 'IR']",,,,,,,,,,,,,,,,,2.081662009,0.207671836,0.009307837,0.120844742,0.078972039,7.0,3.0,1.0,1.0,,3.447090209,0.018960581,0.00058641,4.914846029,10.2661236,0.009307837,0.000148382,,0.033723176,0.033723176,,0.018884979,0.018884979,0.018884979,17.0,,0.696784848,,,,,,,,,,,,,,,,,,,,,,,,,,,,,,,,,,,,,,,,,,,,,,,,,,,,,,,,,,,,,,,,,,,,,,,,,,,,,,,,,,,,,,,,,,,,
612,Chris Manhertz,2531358,NYG,3.54,2026,"['WR/TE', 'TE', 'RB/WR/TE', 'OP', 'BE', 'IR']",,,,,,,,,,,,,,,,,0.960638644,0.119584107,0.006395499,0.076576601,0.050042809,3.0,1.0,,,,1.832672225,0.009407494,0.000290953,2.531708002,8.910953481,0.006395499,9.86105e-05,,0.022411485,0.022411485,,0.012550432,0.012550432,0.012550432,17.0,,-0.232742963,,,,,,,,,,,,,,,,,,,,,,,,,,,,,,,,,,,,,,,,,,,,,,,,,,,,,,,,,,,,,,,,,,,,,,,,,,,,,,,,,,,,,,,,,,,,
613,Ke'Shawn Williams,4570738,CIN,0.99,2026,"['RB/WR', 'WR', 'WR/TE', 'RB/WR/TE', 'OP', 'BE', 'IR']",,,,,,,,,,,,,,,,,,,,,,,,,,,,,,,,,,,,,,,,,17.0,,,,,,,,,,,,,,,,,,,,,,,,,,,,,,,,,,,,,,,,,,,,,,,,,,,,,,,,,,,0.072622652,0.092133322,,,,,,,,,,756.0846395,119.1974852,75.0,30.0,11.0,4.0,,,,,,,,,,,,,,,,,,,
614,Devin Duvernay,4039050,ARI,0.8,2026,"['RB/WR', 'WR', 'WR/TE', 'RB/WR/TE', 'OP', 'BE', 'IR']",,,,,,,,,,,,,,,,,,,,,,,,,,,,,,,,,,,,,,,,,17.0,,,,,,,,,,,,,,,,,,,,,,,,,,,,,,,,,,,,,,,,,,,,,,,,,,,,,,,,,,,0.133679483,,,,,,,,,,,645.1553282,,64.0,25.0,,,,,,,,,,,,,,,,,,,,,
615,Mason Kinsey,4057082,TEN,0.07,2026,"['RB/WR', 'WR', 'WR/TE', 'RB/WR/TE', 'OP', 'BE', 'IR']",,,,,,,,,,,,,,,,,,,,,,,,,,,,,,,,,,,,,,,,,17.0,,,,,,,,,,,,,,,,,,,,,,,,,,,,,,,,,,,,,,,,,,,,,,,,,,,,,,,,,,,,0.010866877,,,,,,,,,,,9.440599131,,,,,,,,,,,,,,,,,,,,,,,
616,Travis Homer,4037457,PIT,0.0,2026,"['RB', 'RB/WR', 'RB/WR/TE', 'OP', 'BE', 'IR']",,,,,,,,,,,,,,,,,,,,,,,,,,,,,,,,,,,,,,,,,,,,,,,,,,,,,,,,,,,,,,,,,,,,,,,,,,,,,,,,,,,,,,,,,,,,,,,,,,,,,,,,,,,,,,,,,,,,,,,,,,,,,,,,,,,,,,,
617,Gunner Olszewski,4424106,NYG,0.0,2026,"['RB/WR', 'WR', 'WR/TE', 'RB/WR/TE', 'OP', 'BE', 'IR']",,,,,,,,,,,,,,,,,,,,,,,,,,,,,,,,,,,,,,,,,,,,,,,,,,,,,,,,,,,,,,,,,,,,,,,,,,,,,,,,,,,,,,,,,,,,,,,,,,,,,,,,,,,,,,,,,,,,,,,,,,,,,,,,,,,,,,,
618,Quez Watkins,4050373,PHI,0.0,2026,"['RB/WR', 'WR', 'WR/TE', 'RB/WR/TE', 'OP', 'BE', 'IR']",,,,,,,,,,,,,,,,,,,,,,,,,,,,,,,,,,,,,,,,,,,,,,,,,,,,,,,,,,,,,,,,,,,,,,,,,,,,,,,,,,,,,,,,,,,,,,,,,,,,,,,,,,,,,,,,,,,,,,,,,,,,,,,,,,,,,,,
619,Salvon Ahmed,4243315,CHI,0.0,2026,"['RB', 'RB/WR', 'RB/WR/TE', 'OP', 'BE', 'IR']",,,,,,,,,,,,,,,,,,,,,,,,,,,,,,,,,,,,,,,,,,,,,,,,,,,,,,,,,,,,,,,,,,,,,,,,,,,,,,,,,,,,,,,,,,,,,,,,,,,,,,,,,,,,,,,,,,,,,,,,,,,,,,,,,,,,,,,
620,Elijah Mitchell,4241555,PHI,0.0,2026,"['RB', 'RB/WR', 'RB/WR/TE', 'OP', 'BE', 'IR']",,,,,,,,,,,,,,,,,,,,,,,,,,,,,,,,,,,,,,,,,,,,,,,,,,,,,,,,,,,,,,,,,,,,,,,,,,,,,,,,,,,,,,,,,,,,,,,,,,,,,,,,,,,,,,,,,,,,,,,,,,,,,,,,,,,,,,,
621,Gary Brightwell,4245645,CIN,0.0,2026,"['RB', 'RB/WR', 'RB/WR/TE', 'OP', 'BE', 'IR']",,,,,,,,,,,,,,,,,,,,,,,,,,,,,,,,,,,,,,,,,,,,,,,,,,,,,,,,,,,,,,,,,,,,,,,,,,,,,,,,,,,,,,,,,,,,,,,,,,,,,,,,,,,,,,,,,,,,,,,,,,,,,,,,,,,,,,,
622,Ty Chandler,4242431,NO,0.0,2026,"['RB', 'RB/WR', 'RB/WR/TE', 'OP', 'BE', 'IR']",,,,,,,,,,,,,,,,,,,,,,,,,,,,,,,,,,,,,,,,,,,,,,,,,,,,,,,,,,,,,,,,,,,,,,,,,,,,,,,,,,,,,,,,,,,,,,,,,,,,,,,,,,,,,,,,,,,,,,,,,,,,,,,,,,,,,,,
623,Julius Chestnut,4367567,TEN,0.0,2026,"['RB', 'RB/WR', 'RB/WR/TE', 'OP', 'BE', 'IR']",,,,,,,,,,,,,,,,,,,,,,,,,,,,,,,,,,,,,,,,,,,,,,,,,,,,,,,,,,,,,,,,,,,,,,,,,,,,,,,,,,,,,,,,,,,,,,,,,,,,,,,,,,,,,,,,,,,,,,,,,,,,,,,,,,,,,,,
624,Israel Abanikanda,4429202,DAL,0.0,2026,"['RB', 'RB/WR', 'RB/WR/TE', 'OP', 'BE', 'IR']",,,,,,,,,,,,,,,,,,,,,,,,,,,,,,,,,,,,,,,,,,,,,,,,,,,,,,,,,,,,,,,,,,,,,,,,,,,,,,,,,,,,,,,,,,,,,,,,,,,,,,,,,,,,,,,,,,,,,,,,,,,,,,,,,,,,,,,
625,Tyler Goodson,4429676,ATL,0.0,2026,"['RB', 'RB/WR', 'RB/WR/TE', 'OP', 'BE', 'IR']",,,,,,,,,,,,,,,,,,,,,,,,,,,,,,,,,,,,,,,,,,,,,,,,,,,,,,,,,,,,,,,,,,,,,,,,,,,,,,,,,,,,,,,,,,,,,,,,,,,,,,,,,,,,,,,,,,,,,,,,,,,,,,,,,,,,,,,
626,Theo Wease Jr.,4426535,MIA,0.0,2026,"['RB/WR', 'WR', 'WR/TE', 'RB/WR/TE', 'OP', 'BE', 'IR']",,,,,,,,,,,,,,,,,,,,,,,,,,,,,,,,,,,,,,,,,,,,,,,,,,,,,,,,,,,,,,,,,,,,,,,,,,,,,,,,,,,,,,,,,,,,,,,,,,,,,,,,,,,,,,,,,,,,,,,,,,,,,,,,,,,,,,,
627,Brady Cook,4429435,NYJ,0.0,2026,"['QB', 'OP', 'BE', 'IR']",,,,,,,,,,,,,,,,,,,,,,,,,,,,,,,,,,,,,,,,,,,,,,,,,,,,,,,,,,,,,,,,,,,,,,,,,,,,,,,,,,,,,,,,,,,,,,,,,,,,,,,,,,,,,,,,,,,,,,,,,,,,,,,,,,,,,,,
628,Max Brosmer,4573398,MIN,0.0,2026,"['QB', 'OP', 'BE', 'IR']",,,,,,,,,,,,,,,,,,,,,,,,,,,,,,,,,,,,,,,,,,,,,,,,,,,,,,,,,,,,,,,,,,,,,,,,,,,,,,,,,,,,,,,,,,,,,,,,,,,,,,,,,,,,,,,,,,,,,,,,,,,,,,,,,,,,,,,
629,Miles Sanders,4045163,None,0.0,2026,"['RB', 'RB/WR', 'RB/WR/TE', 'OP', 'BE', 'IR']",,,,,,,,,,,,,,,,,,,,,,,,,,,,,,,,,,,,,,,,,,,,,,,,,,,,,,,,,,,,,,,,,,,,,,,,,,,,,,,,,,,,,,,,,,,,,,,,,,,,,,,,,,,,,,,,,,,,,,,,,,,,,,,,,,,,,,,
630,Jimmy Garoppolo,16760,LAR,0.0,2026,"['QB', 'OP', 'BE', 'IR']",,,,,,,,,,,,,,,,,,,,,,,,,,,,,,,,,,,,,,,,,,,,,,,,,,,,,,,,,,,,,,,,,,,,,,,,,,,,,,,,,,,,,,,,,,,,,,,,,,,,,,,,,,,,,,,,,,,,,,,,,,,,,,,,,,,,,,,
631,Cam Akers,4240021,None,0.0,2026,"['RB', 'RB/WR', 'RB/WR/TE', 'OP', 'BE', 'IR']",,,,,,,,,,,,,,,,,,,,,,,,,,,,,,,,,,,,,,,,,,,,,,,,,,,,,,,,,,,,,,,,,,,,,,,,,,,,,,,,,,,,,,,,,,,,,,,,,,,,,,,,,,,,,,,,,,,,,,,,,,,,,,,,,,,,,,,
632,Joshua Karty,4566192,None,0.0,2026,"['K', 'BE', 'IR']",,,,,,,,,,,,,,,,,,,,,,,,,,,,,,,,,,,,,,,,,,,,,,,,,,,,,,,,,,,,,,,,,,,,,,,,,,,,,,,,,,,,,,,,,,,,,,,,,,,,,,,,,,,,,,,,,,,,,,,,,,,,,,,,,,,,,,,
633,Parker Romo,4051167,None,0.0,2026,"['K', 'BE', 'IR']",,,,,,,,,,,,,,,,,,,,,,,,,,,,,,,,,,,,,,,,,,,,,,,,,,,,,,,,,,,,,,,,,,,,,,,,,,,,,,,,,,,,,,,,,,,,,,,,,,,,,,,,,,,,,,,,,,,,,,,,,,,,,,,,,,,,,,,
634,Nate Adkins,4383440,DEN,17.84,2026,"['WR/TE', 'TE', 'RB/WR/TE', 'OP', 'BE', 'IR']",,,,,,,,,,,,,,,,,4.033692749,0.670842775,0.040701986,0.059131525,0.038642452,13.0,6.0,3.0,2.0,1.0,7.836474329,0.03269467,0.001011175,11.29952985,8.750462754,0.040701986,0.000421657,,0.095831118,0.095831118,,0.053665426,0.053665426,0.053665426,17.0,,2.801767031,,,,,,,,,,,,,,,,,,,,,,,,,,,,,,,,,,,,,,,,,,,,,,,,,,,,,,,,,,,,,,,,,,,,,,,,,,,,,,,,,,,,,,,,,,,,
635,Drew Ogletree,4722908,IND,8.19,2026,"['WR/TE', 'TE', 'RB/WR/TE', 'OP', 'BE', 'IR']",,,,,,,,,,,,,,,,,2.079109558,0.258151128,0.020525638,0.091729908,0.059945495,7.0,3.0,1.0,1.0,,3.648610578,0.018940173,0.000585779,5.239776431,9.687211539,0.020525638,0.000196321,,0.044618334,0.044618334,,0.024986267,0.024986267,0.024986267,17.0,,0.762163183,,,,,,,,,,,,,,,,,,,,,,,,,,,,,,,,,,,,,,,,,,,,,,,,,,,,,,,,,,,,,,,,,,,,,,,,,,,,,,,,,,,,,,,,,,,,
636,Laquon Treadwell,3051889,IND,7.62,2026,"['RB/WR', 'WR', 'WR/TE', 'RB/WR/TE', 'OP', 'BE', 'IR']",,,,,,,,,,,,,,,,,2.168259472,0.191952147,0.015253525,0.109864157,0.071796227,7.0,3.0,1.0,1.0,,3.504553139,0.019641928,0.000607482,5.239776431,10.51786335,0.015253525,0.000281025,,0.063869311,0.063869311,,0.035766814,0.035766814,0.035766814,17.0,,0.744050831,,,,,,,,,,,,,,,,,,,,,,,,,,,,,,,,,,,,,,,,,,,,,,,,,,,,,,,,,,,,,,,,,,,,,,,,,,,,,,,,,,,,,,,,,,,,
637,Ian Thomas,4045305,LV,7.67,2026,"['WR/TE', 'TE', 'RB/WR/TE', 'OP', 'BE', 'IR']",,,,,,,,,,,,,,,,,2.111831865,0.150762445,0.009591186,0.084896344,0.055479761,7.0,3.0,1.0,1.0,,3.788595739,0.01919761,0.000593741,5.416556849,9.476107816,0.009591186,0.000163082,,0.037064154,0.037064154,,0.020755926,0.020755926,0.020755926,17.0,,0.765497509,,,,,,,,,,,,,,,,,,,,,,,,,,,,,,,,,,,,,,,,,,,,,,,,,,,,,,,,,,,,,,,,,,,,,,,,,,,,,,,,,,,,,,,,,,,,
638,Brycen Tremayne,4360763,CAR,7.45,2026,"['RB/WR', 'WR', 'WR/TE', 'RB/WR/TE', 'OP', 'BE', 'IR']",,,,,,,,,,,,,,,,,2.149537678,0.172986166,0.010490347,0.106485777,0.069588455,7.0,3.0,1.0,1.0,,3.28998445,0.019495554,0.000602955,5.223235166,11.10708609,0.010490347,0.000263819,,0.059958868,0.059958868,,0.033576966,0.033576966,0.033576966,17.0,,0.678611415,,,,,,,,,,,,,,,,,,,,,,,,,,,,,,,,,,,,,,,,,,,,,,,,,,,,,,,,,,0.027098516,,,,,,,,,,,27.09851594,,,2.0,1.0,,,,,,,,,,,,,,,,,,,
639,British Brooks,4373273,HOU,1.57,2026,"['RB', 'RB/WR', 'RB/WR/TE', 'OP', 'BE', 'IR']",4.204112216,1.058230472,0.097976499,0.007090303,3.0,1.0,,,,,,0.007727601,0.005409321,0.000704625,2.4e-05,4.279124129,,,,,,,,,,,,,,,,0.007090303,0.000158276,0.035971911,,0.035971911,0.016547079,,0.016547079,0.016547079,17.0,3.007879975,,,,,,,,,,,,,,,,,,,,,,,,,,,,,,,,,,,,,,,,,,,,,,,,,,,,,,,,,,,,,,,,,,,,,,,,,,,,,,,,,,,,,,,,,,,,,
640,Dareke Young,4401805,LV,0.35,2026,"['RB/WR', 'WR', 'WR/TE', 'RB/WR/TE', 'OP', 'BE', 'IR']",,,,,,,,,,,,,,,,,,,,,,,,,,,,,,,,,,,,,,,,,17.0,,,,,,,,,,,,,,,,,,,,,,,,,,,,,,,,,,,,,,,,,,,,,,,,,,,,,,,,,,,0.058312653,,,,,,,,,,,520.7923144,,52.0,20.0,,,,,,,,,,,,,,,,,,,,,
641,Michael Bandy,4034704,DEN,0.18,2026,"['RB/WR', 'WR', 'WR/TE', 'RB/WR/TE', 'OP', 'BE', 'IR']",,,,,,,,,,,,,,,,,,,,,,,,,,,,,,,,,,,,,,,,,17.0,,,,,,,,,,,,,,,,,,,,,,,,,,,,,,,,,,,,,,,,,,,,,,,,,,,,,,,,,,,,0.029928456,,,,,,,,,,,29.92845573,,,2.0,1.0,,,,,,,,,,,,,,,,,,,
642,Jeshaun Jones,4360637,MIN,0.08,2026,"['RB/WR', 'WR', 'WR/TE', 'RB/WR/TE', 'OP', 'BE', 'IR']",,,,,,,,,,,,,,,,,,,,,,,,,,,,,,,,,,,,,,,,,17.0,,,,,,,,,,,,,,,,,,,,,,,,,,,,,,,,,,,,,,,,,,,,,,,,,,,,,,,,,,,,0.013551631,,,,,,,,,,,13.55163127,,,1.0,,,,,,,,,,,,,,,,,,,,
643,Robert Tonyan,2975674,PIT,0.0,2026,"['WR/TE', 'TE', 'RB/WR/TE', 'OP', 'BE', 'IR']",,,,,,,,,,,,,,,,,,,,,,,,,,,,,,,,,,,,,,,,,,,,,,,,,,,,,,,,,,,,,,,,,,,,,,,,,,,,,,,,,,,,,,,,,,,,,,,,,,,,,,,,,,,,,,,,,,,,,,,,,,,,,,,,,,,,,,,
644,Trent Sherfield,3122168,BUF,0.0,2026,"['RB/WR', 'WR', 'WR/TE', 'RB/WR/TE', 'OP', 'BE', 'IR']",,,,,,,,,,,,,,,,,,,,,,,,,,,,,,,,,,,,,,,,,,,,,,,,,,,,,,,,,,,,,,,,,,,,,,,,,,,,,,,,,,,,,,,,,,,,,,,,,,,,,,,,,,,,,,,,,,,,,,,,,,,,,,,,,,,,,,,
645,Cedrick Wilson Jr.,4036335,DET,0.0,2026,"['RB/WR', 'WR', 'WR/TE', 'RB/WR/TE', 'OP', 'BE', 'IR']",,,,,,,,,,,,,,,,,,,,,,,,,,,,,,,,,,,,,,,,,,,,,,,,,,,,,,,,,,,,,,,,,,,,,,,,,,,,,,,,,,,,,,,,,,,,,,,,,,,,,,,,,,,,,,,,,,,,,,,,,,,,,,,,,,,,,,,
646,Brandon Allen,2574511,NYG,0.0,2026,"['QB', 'OP', 'BE', 'IR']",,,,,,,,,,,,,,,,,,,,,,,,,,,,,,,,,,,,,,,,,,,,,,,,,,,,,,,,,,,,,,,,,,,,,,,,,,,,,,,,,,,,,,,,,,,,,,,,,,,,,,,,,,,,,,,,,,,,,,,,,,,,,,,,,,,,,,,
647,Cooper Rush,2972515,ATL,0.0,2026,"['QB', 'OP', 'BE', 'IR']",,,,,,,,,,,,,,,,,,,,,,,,,,,,,,,,,,,,,,,,,,,,,,,,,,,,,,,,,,,,,,,,,,,,,,,,,,,,,,,,,,,,,,,,,,,,,,,,,,,,,,,,,,,,,,,,,,,,,,,,,,,,,,,,,,,,,,,
648,Phillip Dorsett II,2579604,LV,0.0,2026,"['RB/WR', 'WR', 'WR/TE', 'RB/WR/TE', 'OP', 'BE', 'IR']",,,,,,,,,,,,,,,,,,,,,,,,,,,,,,,,,,,,,,,,,,,,,,,,,,,,,,,,,,,,,,,,,,,,,,,,,,,,,,,,,,,,,,,,,,,,,,,,,,,,,,,,,,,,,,,,,,,,,,,,,,,,,,,,,,,,,,,
649,Tyler Johnson,2310331,DAL,0.0,2026,"['RB/WR', 'WR', 'WR/TE', 'RB/WR/TE', 'OP', 'BE', 'IR']",,,,,,,,,,,,,,,,,,,,,,,,,,,,,,,,,,,,,,,,,,,,,,,,,,,,,,,,,,,,,,,,,,,,,,,,,,,,,,,,,,,,,,,,,,,,,,,,,,,,,,,,,,,,,,,,,,,,,,,,,,,,,,,,,,,,,,,
650,K.J. Osborn,3916566,TEN,0.0,2026,"['RB/WR', 'WR', 'WR/TE', 'RB/WR/TE', 'OP', 'BE', 'IR']",,,,,,,,,,,,,,,,,,,,,,,,,,,,,,,,,,,,,,,,,,,,,,,,,,,,,,,,,,,,,,,,,,,,,,,,,,,,,,,,,,,,,,,,,,,,,,,,,,,,,,,,,,,,,,,,,,,,,,,,,,,,,,,,,,,,,,,
651,Terrace Marshall Jr.,4362630,MIA,0.0,2026,"['RB/WR', 'WR', 'WR/TE', 'RB/WR/TE', 'OP', 'BE', 'IR']",,,,,,,,,,,,,,,,,,,,,,,,,,,,,,,,,,,,,,,,,,,,,,,,,,,,,,,,,,,,,,,,,,,,,,,,,,,,,,,,,,,,,,,,,,,,,,,,,,,,,,,,,,,,,,,,,,,,,,,,,,,,,,,,,,,,,,,
652,Hunter Long,4239944,JAX,0.0,2026,"['WR/TE', 'TE', 'RB/WR/TE', 'OP', 'BE', 'IR']",,,,,,,,,,,,,,,,,,,,,,,,,,,,,,,,,,,,,,,,,,,,,,,,,,,,,,,,,,,,,,,,,,,,,,,,,,,,,,,,,,,,,,,,,,,,,,,,,,,,,,,,,,,,,,,,,,,,,,,,,,,,,,,,,,,,,,,
653,Tylan Wallace,4241424,CLE,0.0,2026,"['RB/WR', 'WR', 'WR/TE', 'RB/WR/TE', 'OP', 'BE', 'IR']",,,,,,,,,,,,,,,,,,,,,,,,,,,,,,,,,,,,,,,,,,,,,,,,,,,,,,,,,,,,,,,,,,,,,,,,,,,,,,,,,,,,,,,,,,,,,,,,,,,,,,,,,,,,,,,,,,,,,,,,,,,,,,,,,,,,,,,
654,Cody White,4241983,SEA,0.0,2026,"['RB/WR', 'WR', 'WR/TE', 'RB/WR/TE', 'OP', 'BE', 'IR']",,,,,,,,,,,,,,,,,,,,,,,,,,,,,,,,,,,,,,,,,,,,,,,,,,,,,,,,,,,,,,,,,,,,,,,,,,,,,,,,,,,,,,,,,,,,,,,,,,,,,,,,,,,,,,,,,,,,,,,,,,,,,,,,,,,,,,,
655,Velus Jones Jr.,4035693,SEA,0.0,2026,"['RB', 'RB/WR', 'RB/WR/TE', 'OP', 'BE', 'IR']",,,,,,,,,,,,,,,,,,,,,,,,,,,,,,,,,,,,,,,,,,,,,,,,,,,,,,,,,,,,,,,,,,,,,,,,,,,,,,,,,,,,,,,,,,,,,,,,,,,,,,,,,,,,,,,,,,,,,,,,,,,,,,,,,,,,,,,
656,Eric Gray,4570561,NYG,0.0,2026,"['RB', 'RB/WR', 'RB/WR/TE', 'OP', 'BE', 'IR']",,,,,,,,,,,,,,,,,,,,,,,,,,,,,,,,,,,,,,,,,,,,,,,,,,,,,,,,,,,,,,,,,,,,,,,,,,,,,,,,,,,,,,,,,,,,,,,,,,,,,,,,,,,,,,,,,,,,,,,,,,,,,,,,,,,,,,,
657,Dylan Drummond,4363551,ATL,0.0,2026,"['RB/WR', 'WR', 'WR/TE', 'RB/WR/TE', 'OP', 'BE', 'IR']",,,,,,,,,,,,,,,,,,,,,,,,,,,,,,,,,,,,,,,,,,,,,,,,,,,,,,,,,,,,,,,,,,,,,,,,,,,,,,,,,,,,,,,,,,,,,,,,,,,,,,,,,,,,,,,,,,,,,,,,,,,,,,,,,,,,,,,
658,Jared Wiley,4430723,KC,0.0,2026,"['WR/TE', 'TE', 'RB/WR/TE', 'OP', 'BE', 'IR']",,,,,,,,,,,,,,,,,,,,,,,,,,,,,,,,,,,,,,,,,,,,,,,,,,,,,,,,,,,,,,,,,,,,,,,,,,,,,,,,,,,,,,,,,,,,,,,,,,,,,,,,,,,,,,,,,,,,,,,,,,,,,,,,,,,,,,,
659,Devin Culp,4361112,TB,0.0,2026,"['WR/TE', 'TE', 'RB/WR/TE', 'OP', 'BE', 'IR']",,,,,,,,,,,,,,,,,,,,,,,,,,,,,,,,,,,,,,,,,,,,,,,,,,,,,,,,,,,,,,,,,,,,,,,,,,,,,,,,,,,,,,,,,,,,,,,,,,,,,,,,,,,,,,,,,,,,,,,,,,,,,,,,,,,,,,,
660,Tahj Washington,4567506,MIA,0.0,2026,"['RB/WR', 'WR', 'WR/TE', 'RB/WR/TE', 'OP', 'BE', 'IR']",,,,,,,,,,,,,,,,,,,,,,,,,,,,,,,,,,,,,,,,,,,,,,,,,,,,,,,,,,,,,,,,,,,,,,,,,,,,,,,,,,,,,,,,,,,,,,,,,,,,,,,,,,,,,,,,,,,,,,,,,,,,,,,,,,,,,,,
661,Jaheim Bell,4429262,PIT,0.0,2026,"['WR/TE', 'TE', 'RB/WR/TE', 'OP', 'BE', 'IR']",,,,,,,,,,,,,,,,,,,,,,,,,,,,,,,,,,,,,,,,,,,,,,,,,,,,,,,,,,,,,,,,,,,,,,,,,,,,,,,,,,,,,,,,,,,,,,,,,,,,,,,,,,,,,,,,,,,,,,,,,,,,,,,,,,,,,,,
662,Gavin Bartholomew,4708049,MIN,0.0,2026,"['WR/TE', 'TE', 'RB/WR/TE', 'OP', 'BE', 'IR']",,,,,,,,,,,,,,,,,,,,,,,,,,,,,,,,,,,,,,,,,,,,,,,,,,,,,,,,,,,,,,,,,,,,,,,,,,,,,,,,,,,,,,,,,,,,,,,,,,,,,,,,,,,,,,,,,,,,,,,,,,,,,,,,,,,,,,,
663,Kalel Mullings,4429121,TEN,0.0,2026,"['RB', 'RB/WR', 'RB/WR/TE', 'OP', 'BE', 'IR']",,,,,,,,,,,,,,,,,,,,,,,,,,,,,,,,,,,,,,,,,,,,,,,,,,,,,,,,,,,,,,,,,,,,,,,,,,,,,,,,,,,,,,,,,,,,,,,,,,,,,,,,,,,,,,,,,,,,,,,,,,,,,,,,,,,,,,,
664,Jordan Watkins,4431466,SF,0.0,2026,"['RB/WR', 'WR', 'WR/TE', 'RB/WR/TE', 'OP', 'BE', 'IR']",,,,,,,,,,,,,,,,,,,,,,,,,,,,,,,,,,,,,,,,,,,,,,,,,,,,,,,,,,,,,,,,,,,,,,,,,,,,,,,,,,,,,,,,,,,,,,,,,,,,,,,,,,,,,,,,,,,,,,,,,,,,,,,,,,,,,,,
665,Lan Larison,4698253,NE,0.0,2026,"['RB', 'RB/WR', 'RB/WR/TE', 'OP', 'BE', 'IR']",,,,,,,,,,,,,,,,,,,,,,,,,,,,,,,,,,,,,,,,,,,,,,,,,,,,,,,,,,,,,,,,,,,,,,,,,,,,,,,,,,,,,,,,,,,,,,,,,,,,,,,,,,,,,,,,,,,,,,,,,,,,,,,,,,,,,,,
666,Ulysses Bentley IV,4426689,IND,0.0,2026,"['RB', 'RB/WR', 'RB/WR/TE', 'OP', 'BE', 'IR']",,,,,,,,,,,,,,,,,,,,,,,,,,,,,,,,,,,,,,,,,,,,,,,,,,,,,,,,,,,,,,,,,,,,,,,,,,,,,,,,,,,,,,,,,,,,,,,,,,,,,,,,,,,,,,,,,,,,,,,,,,,,,,,,,,,,,,,
667,Lewis Bond,4683159,HOU,0.0,2026,"['Rookie', 'RB/WR', 'WR', 'WR/TE', 'RB/WR/TE', 'OP', 'BE', 'IR']",,,,,,,,,,,,,,,,,,,,,,,,,,,,,,,,,,,,,,,,,,,,,,,,,,,,,,,,,,,,,,,,,,,,,,,,,,,,,,,,,,,,,,,,,,,,,,,,,,,,,,,,,,,,,,,,,,,,,,,,,,,,,,,,,,,,,,,
668,Kendrick Law,4685441,DET,0.0,2026,"['Rookie', 'RB/WR', 'WR', 'WR/TE', 'RB/WR/TE', 'OP', 'BE', 'IR']",,,,,,,,,,,,,,,,,,,,,,,,,,,,,,,,,,,,,,,,,,,,,,,,,,,,,,,,,,,,,,,,,,,,,,,,,,,,,,,,,,,,,,,,,,,,,,,,,,,,,,,,,,,,,,,,,,,,,,,,,,,,,,,,,,,,,,,
669,C.J. Ham,4012556,MIN,0.0,2026,"['RB', 'RB/WR', 'RB/WR/TE', 'OP', 'BE', 'IR']",,,,,,,,,,,,,,,,,,,,,,,,,,,,,,,,,,,,,,,,,,,,,,,,,,,,,,,,,,,,,,,,,,,,,,,,,,,,,,,,,,,,,,,,,,,,,,,,,,,,,,,,,,,,,,,,,,,,,,,,,,,,,,,,,,,,,,,
670,Joshua Dobbs,3044720,None,0.0,2026,"['QB', 'OP', 'BE', 'IR']",,,,,,,,,,,,,,,,,,,,,,,,,,,,,,,,,,,,,,,,,,,,,,,,,,,,,,,,,,,,,,,,,,,,,,,,,,,,,,,,,,,,,,,,,,,,,,,,,,,,,,,,,,,,,,,,,,,,,,,,,,,,,,,,,,,,,,,
671,Cordarrelle Patterson,15807,None,0.0,2026,"['RB', 'RB/WR', 'RB/WR/TE', 'OP', 'BE', 'IR']",,,,,,,,,,,,,,,,,,,,,,,,,,,,,,,,,,,,,,,,,,,,,,,,,,,,,,,,,,,,,,,,,,,,,,,,,,,,,,,,,,,,,,,,,,,,,,,,,,,,,,,,,,,,,,,,,,,,,,,,,,,,,,,,,,,,,,,
672,Austin Seibert,3821683,None,0.0,2026,"['K', 'BE', 'IR']",,,,,,,,,,,,,,,,,,,,,,,,,,,,,,,,,,,,,,,,,,,,,,,,,,,,,,,,,,,,,,,,,,,,,,,,,,,,,,,,,,,,,,,,,,,,,,,,,,,,,,,,,,,,,,,,,,,,,,,,,,,,,,,,,,,,,,,
673,Greg Joseph,3975763,None,0.0,2026,"['K', 'BE', 'IR']",,,,,,,,,,,,,,,,,,,,,,,,,,,,,,,,,,,,,,,,,,,,,,,,,,,,,,,,,,,,,,,,,,,,,,,,,,,,,,,,,,,,,,,,,,,,,,,,,,,,,,,,,,,,,,,,,,,,,,,,,,,,,,,,,,,,,,,
674,John Ross,3052177,None,0.0,2026,"['RB/WR', 'WR', 'WR/TE', 'RB/WR/TE', 'OP', 'BE', 'IR']",,,,,,,,,,,,,,,,,,,,,,,,,,,,,,,,,,,,,,,,,,,,,,,,,,,,,,,,,,,,,,,,,,,,,,,,,,,,,,,,,,,,,,,,,,,,,,,,,,,,,,,,,,,,,,,,,,,,,,,,,,,,,,,,,,,,,,,
675,Curtis Samuel,3121427,None,0.0,2026,"['RB/WR', 'WR', 'WR/TE', 'RB/WR/TE', 'OP', 'BE', 'IR']",,,,,,,,,,,,,,,,,,,,,,,,,,,,,,,,,,,,,,,,,,,,,,,,,,,,,,,,,,,,,,,,,,,,,,,,,,,,,,,,,,,,,,,,,,,,,,,,,,,,,,,,,,,,,,,,,,,,,,,,,,,,,,,,,,,,,,,
676,Mike Williams,3045138,LAC,0.0,2026,"['RB/WR', 'WR', 'WR/TE', 'RB/WR/TE', 'OP', 'BE', 'IR']",,,,,,,,,,,,,,,,,,,,,,,,,,,,,,,,,,,,,,,,,,,,,,,,,,,,,,,,,,,,,,,,,,,,,,,,,,,,,,,,,,,,,,,,,,,,,,,,,,,,,,,,,,,,,,,,,,,,,,,,,,,,,,,,,,,,,,,
677,Sterling Shepard,2976592,None,0.0,2026,"['RB/WR', 'WR', 'WR/TE', 'RB/WR/TE', 'OP', 'BE', 'IR']",,,,,,,,,,,,,,,,,,,,,,,,,,,,,,,,,,,,,,,,,,,,,,,,,,,,,,,,,,,,,,,,,,,,,,,,,,,,,,,,,,,,,,,,,,,,,,,,,,,,,,,,,,,,,,,,,,,,,,,,,,,,,,,,,,,,,,,
678,Clyde Edwards-Helaire,4242214,None,0.0,2026,"['RB', 'RB/WR', 'RB/WR/TE', 'OP', 'BE', 'IR']",,,,,,,,,,,,,,,,,,,,,,,,,,,,,,,,,,,,,,,,,,,,,,,,,,,,,,,,,,,,,,,,,,,,,,,,,,,,,,,,,,,,,,,,,,,,,,,,,,,,,,,,,,,,,,,,,,,,,,,,,,,,,,,,,,,,,,,
679,Antonio Gibson,4360294,None,0.0,2026,"['RB', 'RB/WR', 'RB/WR/TE', 'OP', 'BE', 'IR']",,,,,,,,,,,,,,,,,,,,,,,,,,,,,,,,,,,,,,,,,,,,,,,,,,,,,,,,,,,,,,,,,,,,,,,,,,,,,,,,,,,,,,,,,,,,,,,,,,,,,,,,,,,,,,,,,,,,,,,,,,,,,,,,,,,,,,,
680,Zamir White,4361777,None,0.0,2026,"['RB', 'RB/WR', 'RB/WR/TE', 'OP', 'BE', 'IR']",,,,,,,,,,,,,,,,,,,,,,,,,,,,,,,,,,,,,,,,,,,,,,,,,,,,,,,,,,,,,,,,,,,,,,,,,,,,,,,,,,,,,,,,,,,,,,,,,,,,,,,,,,,,,,,,,,,,,,,,,,,,,,,,,,,,,,,
681,Desmond Ridder,4239086,None,0.0,2026,"['QB', 'OP', 'BE', 'IR']",,,,,,,,,,,,,,,,,,,,,,,,,,,,,,,,,,,,,,,,,,,,,,,,,,,,,,,,,,,,,,,,,,,,,,,,,,,,,,,,,,,,,,,,,,,,,,,,,,,,,,,,,,,,,,,,,,,,,,,,,,,,,,,,,,,,,,,
682,Jacob Kibodi,4240911,None,0.0,2026,"['RB', 'RB/WR', 'RB/WR/TE', 'OP', 'BE', 'IR']",,,,,,,,,,,,,,,,,,,,,,,,,,,,,,,,,,,,,,,,,,,,,,,,,,,,,,,,,,,,,,,,,,,,,,,,,,,,,,,,,,,,,,,,,,,,,,,,,,,,,,,,,,,,,,,,,,,,,,,,,,,,,,,,,,,,,,,
683,John Samuel Shenker,4242526,None,0.0,2026,"['WR/TE', 'TE', 'RB/WR/TE', 'OP', 'BE', 'IR']",,,,,,,,,,,,,,,,,,,,,,,,,,,,,,,,,,,,,,,,,,,,,,,,,,,,,,,,,,,,,,,,,,,,,,,,,,,,,,,,,,,,,,,,,,,,,,,,,,,,,,,,,,,,,,,,,,,,,,,,,,,,,,,,,,,,,,,
684,Sal Cannella,4242536,None,0.0,2026,"['WR/TE', 'TE', 'RB/WR/TE', 'OP', 'BE', 'IR']",,,,,,,,,,,,,,,,,,,,,,,,,,,,,,,,,,,,,,,,,,,,,,,,,,,,,,,,,,,,,,,,,,,,,,,,,,,,,,,,,,,,,,,,,,,,,,,,,,,,,,,,,,,,,,,,,,,,,,,,,,,,,,,,,,,,,,,
685,Ko Kieft,4034779,TB,8.5,2026,"['WR/TE', 'TE', 'RB/WR/TE', 'OP', 'BE', 'IR']",,,,,,,,,,,,,,,,,2.123925135,0.305405809,0.02649394,0.092477995,0.06043437,7.0,3.0,1.0,1.0,,3.667935128,0.019294804,0.000596747,5.332503742,9.843883832,0.02649394,0.00019736,,0.044854651,0.044854651,,0.025118605,0.025118605,0.025118605,17.0,,0.806900305,,,,,,,,,,,,,,,,,,,,,,,,,,,,,,,,,,,,,,,,,,,,,,,,,,,,,,,,,,,,,,,,,,,,,,,,,,,,,,,,,,,,,,,,,,,,
686,Jack Stoll,4034862,CLE,7.51,2026,"['WR/TE', 'TE', 'RB/WR/TE', 'OP', 'BE', 'IR']",,,,,,,,,,,,,,,,,1.783694236,0.16121992,0.011465769,0.050924876,0.033279406,6.0,3.0,1.0,1.0,,3.568645494,0.016555031,0.000512011,5.174785322,8.497005955,0.011465769,0.000192018,,0.043640453,0.043640453,,0.024438653,0.024438653,0.024438653,17.0,,0.56581109,,,,,,,,,,,,,,,,,,,,,,,,,,,,,,,,,,,,,,,,,,,,,,,,,,,,,,,,,,,,,,,,,,,,,,,,,,,,,,,,,,,,,,,,,,,,
687,Gage Larvadain,4877203,CLE,0.71,2026,"['RB/WR', 'WR', 'WR/TE', 'RB/WR/TE', 'OP', 'BE', 'IR']",,,,,,,,,,,,,,,,,,,,,,,,,,,,,,,,,,,,,,,,,17.0,,,,,,,,,,,,,,,,,,,,,,,,,,,,,,,,,,,,,,,,,,,,,,,,,,,,,,,,,,,,0.118420425,,,,,,,,,,,103.0010985,,,10.0,4.0,,,,,,,,,,,,,,,,,,,
688,Jalen Brooks,4692835,ARI,0.29,2026,"['RB/WR', 'WR', 'WR/TE', 'RB/WR/TE', 'OP', 'BE', 'IR']",,,,,,,,,,,,,,,,,,,,,,,,,,,,,,,,,,,,,,,,,17.0,,,,,,,,,,,,,,,,,,,,,,,,,,,,,,,,,,,,,,,,,,,,,,,,,,,,,,,,,,,,0.047913332,,,,,,,,,,,47.91333183,,,4.0,1.0,,,,,,,,,,,,,,,,,,,
689,Chris Moore,2576581,BAL,0.0,2026,"['RB/WR', 'WR', 'WR/TE', 'RB/WR/TE', 'OP', 'BE', 'IR']",,,,,,,,,,,,,,,,,,,,,,,,,,,,,,,,,,,,,,,,,,,,,,,,,,,,,,,,,,,,,,,,,,,,,,,,,,,,,,,,,,,,,,,,,,,,,,,,,,,,,,,,,,,,,,,,,,,,,,,,,,,,,,,,,,,,,,,
690,Malik Turner,3115928,SF,0.0,2026,"['RB/WR', 'WR', 'WR/TE', 'RB/WR/TE', 'OP', 'BE', 'IR']",,,,,,,,,,,,,,,,,,,,,,,,,,,,,,,,,,,,,,,,,,,,,,,,,,,,,,,,,,,,,,,,,,,,,,,,,,,,,,,,,,,,,,,,,,,,,,,,,,,,,,,,,,,,,,,,,,,,,,,,,,,,,,,,,,,,,,,
691,Easton Stick,3120590,IND,0.0,2026,"['QB', 'OP', 'BE', 'IR']",,,,,,,,,,,,,,,,,,,,,,,,,,,,,,,,,,,,,,,,,,,,,,,,,,,,,,,,,,,,,,,,,,,,,,,,,,,,,,,,,,,,,,,,,,,,,,,,,,,,,,,,,,,,,,,,,,,,,,,,,,,,,,,,,,,,,,,
692,Stephen Carlson,3948283,CHI,0.0,2026,"['WR/TE', 'TE', 'RB/WR/TE', 'OP', 'BE', 'IR']",,,,,,,,,,,,,,,,,,,,,,,,,,,,,,,,,,,,,,,,,,,,,,,,,,,,,,,,,,,,,,,,,,,,,,,,,,,,,,,,,,,,,,,,,,,,,,,,,,,,,,,,,,,,,,,,,,,,,,,,,,,,,,,,,,,,,,,
693,Albert Okwuegbunam Jr.,4035115,LV,0.0,2026,"['WR/TE', 'TE', 'RB/WR/TE', 'OP', 'BE', 'IR']",,,,,,,,,,,,,,,,,,,,,,,,,,,,,,,,,,,,,,,,,,,,,,,,,,,,,,,,,,,,,,,,,,,,,,,,,,,,,,,,,,,,,,,,,,,,,,,,,,,,,,,,,,,,,,,,,,,,,,,,,,,,,,,,,,,,,,,
694,Brevin Jordan,4362504,HOU,0.0,2026,"['WR/TE', 'TE', 'RB/WR/TE', 'OP', 'BE', 'IR']",,,,,,,,,,,,,,,,,,,,,,,,,,,,,,,,,,,,,,,,,,,,,,,,,,,,,,,,,,,,,,,,,,,,,,,,,,,,,,,,,,,,,,,,,,,,,,,,,,,,,,,,,,,,,,,,,,,,,,,,,,,,,,,,,,,,,,,
695,Jaret Patterson,4362452,LAC,0.0,2026,"['RB', 'RB/WR', 'RB/WR/TE', 'OP', 'BE', 'IR']",,,,,,,,,,,,,,,,,,,,,,,,,,,,,,,,,,,,,,,,,,,,,,,,,,,,,,,,,,,,,,,,,,,,,,,,,,,,,,,,,,,,,,,,,,,,,,,,,,,,,,,,,,,,,,,,,,,,,,,,,,,,,,,,,,,,,,,
696,Patrick Taylor Jr.,4039358,SF,0.0,2026,"['RB', 'RB/WR', 'RB/WR/TE', 'OP', 'BE', 'IR']",,,,,,,,,,,,,,,,,,,,,,,,,,,,,,,,,,,,,,,,,,,,,,,,,,,,,,,,,,,,,,,,,,,,,,,,,,,,,,,,,,,,,,,,,,,,,,,,,,,,,,,,,,,,,,,,,,,,,,,,,,,,,,,,,,,,,,,
697,David Sills V,3871102,TB,0.0,2026,"['RB/WR', 'WR', 'WR/TE', 'RB/WR/TE', 'OP', 'BE', 'IR']",,,,,,,,,,,,,,,,,,,,,,,,,,,,,,,,,,,,,,,,,,,,,,,,,,,,,,,,,,,,,,,,,,,,,,,,,,,,,,,,,,,,,,,,,,,,,,,,,,,,,,,,,,,,,,,,,,,,,,,,,,,,,,,,,,,,,,,
698,Jelani Woods,4241410,NYJ,0.0,2026,"['WR/TE', 'TE', 'RB/WR/TE', 'OP', 'BE', 'IR']",,,,,,,,,,,,,,,,,,,,,,,,,,,,,,,,,,,,,,,,,,,,,,,,,,,,,,,,,,,,,,,,,,,,,,,,,,,,,,,,,,,,,,,,,,,,,,,,,,,,,,,,,,,,,,,,,,,,,,,,,,,,,,,,,,,,,,,
699,Bailey Zappe,4250360,NYJ,0.0,2026,"['QB', 'OP', 'BE', 'IR']",,,,,,,,,,,,,,,,,,,,,,,,,,,,,,,,,,,,,,,,,,,,,,,,,,,,,,,,,,,,,,,,,,,,,,,,,,,,,,,,,,,,,,,,,,,,,,,,,,,,,,,,,,,,,,,,,,,,,,,,,,,,,,,,,,,,,,,
700,Chris Oladokun,4044111,KC,0.0,2026,"['QB', 'OP', 'BE', 'IR']",,,,,,,,,,,,,,,,,,,,,,,,,,,,,,,,,,,,,,,,,,,,,,,,,,,,,,,,,,,,,,,,,,,,,,,,,,,,,,,,,,,,,,,,,,,,,,,,,,,,,,,,,,,,,,,,,,,,,,,,,,,,,,,,,,,,,,,
701,Shane Buechele,4039034,BUF,0.0,2026,"['QB', 'OP', 'BE', 'IR']",,,,,,,,,,,,,,,,,,,,,,,,,,,,,,,,,,,,,,,,,,,,,,,,,,,,,,,,,,,,,,,,,,,,,,,,,,,,,,,,,,,,,,,,,,,,,,,,,,,,,,,,,,,,,,,,,,,,,,,,,,,,,,,,,,,,,,,
702,Austin Trammell,4244856,JAX,0.0,2026,"['RB/WR', 'WR', 'WR/TE', 'RB/WR/TE', 'OP', 'BE', 'IR']",,,,,,,,,,,,,,,,,,,,,,,,,,,,,,,,,,,,,,,,,,,,,,,,,,,,,,,,,,,,,,,,,,,,,,,,,,,,,,,,,,,,,,,,,,,,,,,,,,,,,,,,,,,,,,,,,,,,,,,,,,,,,,,,,,,,,,,
703,Maurice Alexander,3914307,CHI,0.0,2026,"['RB/WR', 'WR', 'WR/TE', 'RB/WR/TE', 'OP', 'BE', 'IR']",,,,,,,,,,,,,,,,,,,,,,,,,,,,,,,,,,,,,,,,,,,,,,,,,,,,,,,,,,,,,,,,,,,,,,,,,,,,,,,,,,,,,,,,,,,,,,,,,,,,,,,,,,,,,,,,,,,,,,,,,,,,,,,,,,,,,,,
704,Hendon Hooker,4240858,TEN,0.0,2026,"['QB', 'OP', 'BE', 'IR']",,,,,,,,,,,,,,,,,,,,,,,,,,,,,,,,,,,,,,,,,,,,,,,,,,,,,,,,,,,,,,,,,,,,,,,,,,,,,,,,,,,,,,,,,,,,,,,,,,,,,,,,,,,,,,,,,,,,,,,,,,,,,,,,,,,,,,,
705,Scott Matlock,4373684,LAC,0.0,2026,"['RB', 'RB/WR', 'RB/WR/TE', 'OP', 'BE', 'IR']",,,,,,,,,,,,,,,,,,,,,,,,,,,,,,,,,,,,,,,,,,,,,,,,,,,,,,,,,,,,,,,,,,,,,,,,,,,,,,,,,,,,,,,,,,,,,,,,,,,,,,,,,,,,,,,,,,,,,,,,,,,,,,,,,,,,,,,
706,Trey Palmer,4426407,NO,0.0,2026,"['RB/WR', 'WR', 'WR/TE', 'RB/WR/TE', 'OP', 'BE', 'IR']",,,,,,,,,,,,,,,,,,,,,,,,,,,,,,,,,,,,,,,,,,,,,,,,,,,,,,,,,,,,,,,,,,,,,,,,,,,,,,,,,,,,,,,,,,,,,,,,,,,,,,,,,,,,,,,,,,,,,,,,,,,,,,,,,,,,,,,
707,A.T. Perry,4362019,PIT,0.0,2026,"['RB/WR', 'WR', 'WR/TE', 'RB/WR/TE', 'OP', 'BE', 'IR']",,,,,,,,,,,,,,,,,,,,,,,,,,,,,,,,,,,,,,,,,,,,,,,,,,,,,,,,,,,,,,,,,,,,,,,,,,,,,,,,,,,,,,,,,,,,,,,,,,,,,,,,,,,,,,,,,,,,,,,,,,,,,,,,,,,,,,,
708,Chris Blair,4369886,ATL,0.0,2026,"['RB/WR', 'WR', 'WR/TE', 'RB/WR/TE', 'OP', 'BE', 'IR']",,,,,,,,,,,,,,,,,,,,,,,,,,,,,,,,,,,,,,,,,,,,,,,,,,,,,,,,,,,,,,,,,,,,,,,,,,,,,,,,,,,,,,,,,,,,,,,,,,,,,,,,,,,,,,,,,,,,,,,,,,,,,,,,,,,,,,,
709,Brenden Rice,4686781,None,0.0,2026,"['RB/WR', 'WR', 'WR/TE', 'RB/WR/TE', 'OP', 'BE', 'IR']",,,,,,,,,,,,,,,,,,,,,,,,,,,,,,,,,,,,,,,,,,,,,,,,,,,,,,,,,,,,,,,,,,,,,,,,,,,,,,,,,,,,,,,,,,,,,,,,,,,,,,,,,,,,,,,,,,,,,,,,,,,,,,,,,,,,,,,
710,Bub Means,4427985,NO,0.0,2026,"['RB/WR', 'WR', 'WR/TE', 'RB/WR/TE', 'OP', 'BE', 'IR']",,,,,,,,,,,,,,,,,,,,,,,,,,,,,,,,,,,,,,,,,,,,,,,,,,,,,,,,,,,,,,,,,,,,,,,,,,,,,,,,,,,,,,,,,,,,,,,,,,,,,,,,,,,,,,,,,,,,,,,,,,,,,,,,,,,,,,,
711,Cornelius Johnson,4426479,BAL,0.0,2026,"['RB/WR', 'WR', 'WR/TE', 'RB/WR/TE', 'OP', 'BE', 'IR']",,,,,,,,,,,,,,,,,,,,,,,,,,,,,,,,,,,,,,,,,,,,,,,,,,,,,,,,,,,,,,,,,,,,,,,,,,,,,,,,,,,,,,,,,,,,,,,,,,,,,,,,,,,,,,,,,,,,,,,,,,,,,,,,,,,,,,,
712,Johnny Wilson,4686104,PHI,0.0,2026,"['RB/WR', 'WR', 'WR/TE', 'RB/WR/TE', 'OP', 'BE', 'IR']",,,,,,,,,,,,,,,,,,,,,,,,,,,,,,,,,,,,,,,,,,,,,,,,,,,,,,,,,,,,,,,,,,,,,,,,,,,,,,,,,,,,,,,,,,,,,,,,,,,,,,,,,,,,,,,,,,,,,,,,,,,,,,,,,,,,,,,
713,Carson Steele,4714365,PHI,0.0,2026,"['RB', 'RB/WR', 'RB/WR/TE', 'OP', 'BE', 'IR']",,,,,,,,,,,,,,,,,,,,,,,,,,,,,,,,,,,,,,,,,,,,,,,,,,,,,,,,,,,,,,,,,,,,,,,,,,,,,,,,,,,,,,,,,,,,,,,,,,,,,,,,,,,,,,,,,,,,,,,,,,,,,,,,,,,,,,,
714,Xavier Weaver,4428811,ARI,0.0,2026,"['RB/WR', 'WR', 'WR/TE', 'RB/WR/TE', 'OP', 'BE', 'IR']",,,,,,,,,,,,,,,,,,,,,,,,,,,,,,,,,,,,,,,,,,,,,,,,,,,,,,,,,,,,,,,,,,,,,,,,,,,,,,,,,,,,,,,,,,,,,,,,,,,,,,,,,,,,,,,,,,,,,,,,,,,,,,,,,,,,,,,
715,Cody Schrader,4391845,DEN,0.0,2026,"['RB', 'RB/WR', 'RB/WR/TE', 'OP', 'BE', 'IR']",,,,,,,,,,,,,,,,,,,,,,,,,,,,,,,,,,,,,,,,,,,,,,,,,,,,,,,,,,,,,,,,,,,,,,,,,,,,,,,,,,,,,,,,,,,,,,,,,,,,,,,,,,,,,,,,,,,,,,,,,,,,,,,,,,,,,,,
716,Kendall Milton,4429012,CIN,0.0,2026,"['RB', 'RB/WR', 'RB/WR/TE', 'OP', 'BE', 'IR']",,,,,,,,,,,,,,,,,,,,,,,,,,,,,,,,,,,,,,,,,,,,,,,,,,,,,,,,,,,,,,,,,,,,,,,,,,,,,,,,,,,,,,,,,,,,,,,,,,,,,,,,,,,,,,,,,,,,,,,,,,,,,,,,,,,,,,,
717,Jack Westover,4361100,NE,0.0,2026,"['RB', 'RB/WR', 'RB/WR/TE', 'OP', 'BE', 'IR']",,,,,,,,,,,,,,,,,,,,,,,,,,,,,,,,,,,,,,,,,,,,,,,,,,,,,,,,,,,,,,,,,,,,,,,,,,,,,,,,,,,,,,,,,,,,,,,,,,,,,,,,,,,,,,,,,,,,,,,,,,,,,,,,,,,,,,,
718,Cam Miller,4693331,MIA,0.0,2026,"['QB', 'OP', 'BE', 'IR']",,,,,,,,,,,,,,,,,,,,,,,,,,,,,,,,,,,,,,,,,,,,,,,,,,,,,,,,,,,,,,,,,,,,,,,,,,,,,,,,,,,,,,,,,,,,,,,,,,,,,,,,,,,,,,,,,,,,,,,,,,,,,,,,,,,,,,,
719,Dominic Lovett,4596439,DET,0.0,2026,"['RB/WR', 'WR', 'WR/TE', 'RB/WR/TE', 'OP', 'BE', 'IR']",,,,,,,,,,,,,,,,,,,,,,,,,,,,,,,,,,,,,,,,,,,,,,,,,,,,,,,,,,,,,,,,,,,,,,,,,,,,,,,,,,,,,,,,,,,,,,,,,,,,,,,,,,,,,,,,,,,,,,,,,,,,,,,,,,,,,,,
720,Kyle McCord,4433971,GB,0.0,2026,"['QB', 'OP', 'BE', 'IR']",,,,,,,,,,,,,,,,,,,,,,,,,,,,,,,,,,,,,,,,,,,,,,,,,,,,,,,,,,,,,,,,,,,,,,,,,,,,,,,,,,,,,,,,,,,,,,,,,,,,,,,,,,,,,,,,,,,,,,,,,,,,,,,,,,,,,,,
721,Xavier Restrepo,4431353,TEN,0.0,2026,"['RB/WR', 'WR', 'WR/TE', 'RB/WR/TE', 'OP', 'BE', 'IR']",,,,,,,,,,,,,,,,,,,,,,,,,,,,,,,,,,,,,,,,,,,,,,,,,,,,,,,,,,,,,,,,,,,,,,,,,,,,,,,,,,,,,,,,,,,,,,,,,,,,,,,,,,,,,,,,,,,,,,,,,,,,,,,,,,,,,,,
722,Nathan Carter,4605841,ATL,0.0,2026,"['RB', 'RB/WR', 'RB/WR/TE', 'OP', 'BE', 'IR']",,,,,,,,,,,,,,,,,,,,,,,,,,,,,,,,,,,,,,,,,,,,,,,,,,,,,,,,,,,,,,,,,,,,,,,,,,,,,,,,,,,,,,,,,,,,,,,,,,,,,,,,,,,,,,,,,,,,,,,,,,,,,,,,,,,,,,,
723,Behren Morton,4431465,NE,0.0,2026,"['Rookie', 'QB', 'OP', 'BE', 'IR']",,,,,,,,,,,,,,,,,,,,,,,,,,,,,,,,,,,,,,,,,,,,,,,,,,,,,,,,,,,,,,,,,,,,,,,,,,,,,,,,,,,,,,,,,,,,,,,,,,,,,,,,,,,,,,,,,,,,,,,,,,,,,,,,,,,,,,,
724,Athan Kaliakmanis,4432722,WSH,0.0,2026,"['Rookie', 'QB', 'OP', 'BE', 'IR']",,,,,,,,,,,,,,,,,,,,,,,,,,,,,,,,,,,,,,,,,,,,,,,,,,,,,,,,,,,,,,,,,,,,,,,,,,,,,,,,,,,,,,,,,,,,,,,,,,,,,,,,,,,,,,,,,,,,,,,,,,,,,,,,,,,,,,,
725,Jack Endries,5085189,CIN,0.0,2026,"['Rookie', 'WR/TE', 'TE', 'RB/WR/TE', 'OP', 'BE', 'IR']",,,,,,,,,,,,,,,,,,,,,,,,,,,,,,,,,,,,,,,,,,,,,,,,,,,,,,,,,,,,,,,,,,,,,,,,,,,,,,,,,,,,,,,,,,,,,,,,,,,,,,,,,,,,,,,,,,,,,,,,,,,,,,,,,,,,,,,
726,Anthony Smith,4685110,DAL,0.0,2026,"['Rookie', 'RB/WR', 'WR', 'WR/TE', 'RB/WR/TE', 'OP', 'BE', 'IR']",,,,,,,,,,,,,,,,,,,,,,,,,,,,,,,,,,,,,,,,,,,,,,,,,,,,,,,,,,,,,,,,,,,,,,,,,,,,,,,,,,,,,,,,,,,,,,,,,,,,,,,,,,,,,,,,,,,,,,,,,,,,,,,,,,,,,,,
727,CJ Williams,5085024,JAX,0.0,2026,"['Rookie', 'RB/WR', 'WR', 'WR/TE', 'RB/WR/TE', 'OP', 'BE', 'IR']",,,,,,,,,,,,,,,,,,,,,,,,,,,,,,,,,,,,,,,,,,,,,,,,,,,,,,,,,,,,,,,,,,,,,,,,,,,,,,,,,,,,,,,,,,,,,,,,,,,,,,,,,,,,,,,,,,,,,,,,,,,,,,,,,,,,,,,
728,Noah Brown,3121409,None,0.0,2026,"['RB/WR', 'WR', 'WR/TE', 'RB/WR/TE', 'OP', 'BE', 'IR']",,,,,,,,,,,,,,,,,,,,,,,,,,,,,,,,,,,,,,,,,,,,,,,,,,,,,,,,,,,,,,,,,,,,,,,,,,,,,,,,,,,,,,,,,,,,,,,,,,,,,,,,,,,,,,,,,,,,,,,,,,,,,,,,,,,,,,,
729,Ray-Ray McCloud III,3728262,None,0.0,2026,"['RB/WR', 'WR', 'WR/TE', 'RB/WR/TE', 'OP', 'BE', 'IR']",,,,,,,,,,,,,,,,,,,,,,,,,,,,,,,,,,,,,,,,,,,,,,,,,,,,,,,,,,,,,,,,,,,,,,,,,,,,,,,,,,,,,,,,,,,,,,,,,,,,,,,,,,,,,,,,,,,,,,,,,,,,,,,,,,,,,,,
730,Eric Tomlinson,2511973,None,0.0,2026,"['WR/TE', 'TE', 'RB/WR/TE', 'OP', 'BE', 'IR']",,,,,,,,,,,,,,,,,,,,,,,,,,,,,,,,,,,,,,,,,,,,,,,,,,,,,,,,,,,,,,,,,,,,,,,,,,,,,,,,,,,,,,,,,,,,,,,,,,,,,,,,,,,,,,,,,,,,,,,,,,,,,,,,,,,,,,,
731,Dare Ogunbowale,2983509,None,0.0,2026,"['RB', 'RB/WR', 'RB/WR/TE', 'OP', 'BE', 'IR']",,,,,,,,,,,,,,,,,,,,,,,,,,,,,,,,,,,,,,,,,,,,,,,,,,,,,,,,,,,,,,,,,,,,,,,,,,,,,,,,,,,,,,,,,,,,,,,,,,,,,,,,,,,,,,,,,,,,,,,,,,,,,,,,,,,,,,,
732,Allen Lazard,3128390,None,0.0,2026,"['RB/WR', 'WR', 'WR/TE', 'RB/WR/TE', 'OP', 'BE', 'IR']",,,,,,,,,,,,,,,,,,,,,,,,,,,,,,,,,,,,,,,,,,,,,,,,,,,,,,,,,,,,,,,,,,,,,,,,,,,,,,,,,,,,,,,,,,,,,,,,,,,,,,,,,,,,,,,,,,,,,,,,,,,,,,,,,,,,,,,
733,Josh Reynolds,3115306,None,0.0,2026,"['RB/WR', 'WR', 'WR/TE', 'RB/WR/TE', 'OP', 'BE', 'IR']",,,,,,,,,,,,,,,,,,,,,,,,,,,,,,,,,,,,,,,,,,,,,,,,,,,,,,,,,,,,,,,,,,,,,,,,,,,,,,,,,,,,,,,,,,,,,,,,,,,,,,,,,,,,,,,,,,,,,,,,,,,,,,,,,,,,,,,
734,Marcedes Lewis,9614,None,0.0,2026,"['WR/TE', 'TE', 'RB/WR/TE', 'OP', 'BE', 'IR']",,,,,,,,,,,,,,,,,,,,,,,,,,,,,,,,,,,,,,,,,,,,,,,,,,,,,,,,,,,,,,,,,,,,,,,,,,,,,,,,,,,,,,,,,,,,,,,,,,,,,,,,,,,,,,,,,,,,,,,,,,,,,,,,,,,,,,,
735,Trevor Siemian,2511109,None,0.0,2026,"['QB', 'OP', 'BE', 'IR']",,,,,,,,,,,,,,,,,,,,,,,,,,,,,,,,,,,,,,,,,,,,,,,,,,,,,,,,,,,,,,,,,,,,,,,,,,,,,,,,,,,,,,,,,,,,,,,,,,,,,,,,,,,,,,,,,,,,,,,,,,,,,,,,,,,,,,,
736,Ryan Griffin,16140,None,0.0,2026,"['QB', 'OP', 'BE', 'IR']",,,,,,,,,,,,,,,,,,,,,,,,,,,,,,,,,,,,,,,,,,,,,,,,,,,,,,,,,,,,,,,,,,,,,,,,,,,,,,,,,,,,,,,,,,,,,,,,,,,,,,,,,,,,,,,,,,,,,,,,,,,,,,,,,,,,,,,
737,Parris Campbell,3121410,DAL,0.0,2026,"['RB/WR', 'WR', 'WR/TE', 'RB/WR/TE', 'OP', 'BE', 'IR']",,,,,,,,,,,,,,,,,,,,,,,,,,,,,,,,,,,,,,,,,,,,,,,,,,,,,,,,,,,,,,,,,,,,,,,,,,,,,,,,,,,,,,,,,,,,,,,,,,,,,,,,,,,,,,,,,,,,,,,,,,,,,,,,,,,,,,,
738,Diontae Johnson,3932905,None,0.0,2026,"['RB/WR', 'WR', 'WR/TE', 'RB/WR/TE', 'OP', 'BE', 'IR']",,,,,,,,,,,,,,,,,,,,,,,,,,,,,,,,,,,,,,,,,,,,,,,,,,,,,,,,,,,,,,,,,,,,,,,,,,,,,,,,,,,,,,,,,,,,,,,,,,,,,,,,,,,,,,,,,,,,,,,,,,,,,,,,,,,,,,,
739,Alexander Mattison,4048244,None,0.0,2026,"['RB', 'RB/WR', 'RB/WR/TE', 'OP', 'BE', 'IR']",,,,,,,,,,,,,,,,,,,,,,,,,,,,,,,,,,,,,,,,,,,,,,,,,,,,,,,,,,,,,,,,,,,,,,,,,,,,,,,,,,,,,,,,,,,,,,,,,,,,,,,,,,,,,,,,,,,,,,,,,,,,,,,,,,,,,,,
740,Will Dissly,3127292,None,0.0,2026,"['WR/TE', 'TE', 'RB/WR/TE', 'OP', 'BE', 'IR']",,,,,,,,,,,,,,,,,,,,,,,,,,,,,,,,,,,,,,,,,,,,,,,,,,,,,,,,,,,,,,,,,,,,,,,,,,,,,,,,,,,,,,,,,,,,,,,,,,,,,,,,,,,,,,,,,,,,,,,,,,,,,,,,,,,,,,,
741,Jamaal Williams,2980453,None,0.0,2026,"['RB', 'RB/WR', 'RB/WR/TE', 'OP', 'BE', 'IR']",,,,,,,,,,,,,,,,,,,,,,,,,,,,,,,,,,,,,,,,,,,,,,,,,,,,,,,,,,,,,,,,,,,,,,,,,,,,,,,,,,,,,,,,,,,,,,,,,,,,,,,,,,,,,,,,,,,,,,,,,,,,,,,,,,,,,,,
742,Zack Moss,4035676,None,0.0,2026,"['RB', 'RB/WR', 'RB/WR/TE', 'OP', 'BE', 'IR']",,,,,,,,,,,,,,,,,,,,,,,,,,,,,,,,,,,,,,,,,,,,,,,,,,,,,,,,,,,,,,,,,,,,,,,,,,,,,,,,,,,,,,,,,,,,,,,,,,,,,,,,,,,,,,,,,,,,,,,,,,,,,,,,,,,,,,,
743,Gabe Davis,4243537,None,0.0,2026,"['RB/WR', 'WR', 'WR/TE', 'RB/WR/TE', 'OP', 'BE', 'IR']",,,,,,,,,,,,,,,,,,,,,,,,,,,,,,,,,,,,,,,,,,,,,,,,,,,,,,,,,,,,,,,,,,,,,,,,,,,,,,,,,,,,,,,,,,,,,,,,,,,,,,,,,,,,,,,,,,,,,,,,,,,,,,,,,,,,,,,
744,Matthew Wright,3128444,None,0.0,2026,"['K', 'BE', 'IR']",,,,,,,,,,,,,,,,,,,,,,,,,,,,,,,,,,,,,,,,,,,,,,,,,,,,,,,,,,,,,,,,,,,,,,,,,,,,,,,,,,,,,,,,,,,,,,,,,,,,,,,,,,,,,,,,,,,,,,,,,,,,,,,,,,,,,,,
745,Kadarius Toney,4240600,None,0.0,2026,"['RB/WR', 'WR', 'WR/TE', 'RB/WR/TE', 'OP', 'BE', 'IR']",,,,,,,,,,,,,,,,,,,,,,,,,,,,,,,,,,,,,,,,,,,,,,,,,,,,,,,,,,,,,,,,,,,,,,,,,,,,,,,,,,,,,,,,,,,,,,,,,,,,,,,,,,,,,,,,,,,,,,,,,,,,,,,,,,,,,,,
746,Jermar Jefferson,4374033,None,0.0,2026,"['RB', 'RB/WR', 'RB/WR/TE', 'OP', 'BE', 'IR']",,,,,,,,,,,,,,,,,,,,,,,,,,,,,,,,,,,,,,,,,,,,,,,,,,,,,,,,,,,,,,,,,,,,,,,,,,,,,,,,,,,,,,,,,,,,,,,,,,,,,,,,,,,,,,,,,,,,,,,,,,,,,,,,,,,,,,,
747,Hassan Haskins,4372071,None,0.0,2026,"['RB', 'RB/WR', 'RB/WR/TE', 'OP', 'BE', 'IR']",,,,,,,,,,,,,,,,,,,,,,,,,,,,,,,,,,,,,,,,,,,,,,,,,,,,,,,,,,,,,,,,,,,,,,,,,,,,,,,,,,,,,,,,,,,,,,,,,,,,,,,,,,,,,,,,,,,,,,,,,,,,,,,,,,,,,,,
748,Anders Carlson,4242519,None,0.0,2026,"['K', 'BE', 'IR']",,,,,,,,,,,,,,,,,,,,,,,,,,,,,,,,,,,,,,,,,,,,,,,,,,,,,,,,,,,,,,,,,,,,,,,,,,,,,,,,,,,,,,,,,,,,,,,,,,,,,,,,,,,,,,,,,,,,,,,,,,,,,,,,,,,,,,,
749,Kenny McIntosh,4427391,None,0.0,2026,"['RB', 'RB/WR', 'RB/WR/TE', 'OP', 'BE', 'IR']",,,,,,,,,,,,,,,,,,,,,,,,,,,,,,,,,,,,,,,,,,,,,,,,,,,,,,,,,,,,,,,,,,,,,,,,,,,,,,,,,,,,,,,,,,,,,,,,,,,,,,,,,,,,,,,,,,,,,,,,,,,,,,,,,,,,,,,
750,Jermaine Burton,4429033,None,0.0,2026,"['RB/WR', 'WR', 'WR/TE', 'RB/WR/TE', 'OP', 'BE', 'IR']",,,,,,,,,,,,,,,,,,,,,,,,,,,,,,,,,,,,,,,,,,,,,,,,,,,,,,,,,,,,,,,,,,,,,,,,,,,,,,,,,,,,,,,,,,,,,,,,,,,,,,,,,,,,,,,,,,,,,,,,,,,,,,,,,,,,,,,
751,Jordan Travis,4360799,None,0.0,2026,"['QB', 'OP', 'BE', 'IR']",,,,,,,,,,,,,,,,,,,,,,,,,,,,,,,,,,,,,,,,,,,,,,,,,,,,,,,,,,,,,,,,,,,,,,,,,,,,,,,,,,,,,,,,,,,,,,,,,,,,,,,,,,,,,,,,,,,,,,,,,,,,,,,,,,,,,,,
752,Devin Leary,4361653,None,0.0,2026,"['QB', 'OP', 'BE', 'IR']",,,,,,,,,,,,,,,,,,,,,,,,,,,,,,,,,,,,,,,,,,,,,,,,,,,,,,,,,,,,,,,,,,,,,,,,,,,,,,,,,,,,,,,,,,,,,,,,,,,,,,,,,,,,,,,,,,,,,,,,,,,,,,,,,,,,,,,
753,Michael Pratt,4685039,None,0.0,2026,"['QB', 'OP', 'BE', 'IR']",,,,,,,,,,,,,,,,,,,,,,,,,,,,,,,,,,,,,,,,,,,,,,,,,,,,,,,,,,,,,,,,,,,,,,,,,,,,,,,,,,,,,,,,,,,,,,,,,,,,,,,,,,,,,,,,,,,,,,,,,,,,,,,,,,,,,,,
754,Brayden Narveson,4361765,None,0.0,2026,"['K', 'BE', 'IR']",,,,,,,,,,,,,,,,,,,,,,,,,,,,,,,,,,,,,,,,,,,,,,,,,,,,,,,,,,,,,,,,,,,,,,,,,,,,,,,,,,,,,,,,,,,,,,,,,,,,,,,,,,,,,,,,,,,,,,,,,,,,,,,,,,,,,,,
755,Kaden Prather,4431509,GB,0.0,2026,"['RB/WR', 'WR', 'WR/TE', 'RB/WR/TE', 'OP', 'BE', 'IR']",,,,,,,,,,,,,,,,,,,,,,,,,,,,,,,,,,,,,,,,,,,,,,,,,,,,,,,,,,,,,,,,,,,,,,,,,,,,,,,,,,,,,,,,,,,,,,,,,,,,,,,,,,,,,,,,,,,,,,,,,,,,,,,,,,,,,,,
756,Jakobie Keeney-James,5178972,None,0.0,2026,"['RB/WR', 'WR', 'WR/TE', 'RB/WR/TE', 'OP', 'BE', 'IR']",,,,,,,,,,,,,,,,,,,,,,,,,,,,,,,,,,,,,,,,,,,,,,,,,,,,,,,,,,,,,,,,,,,,,,,,,,,,,,,,,,,,,,,,,,,,,,,,,,,,,,,,,,,,,,,,,,,,,,,,,,,,,,,,,,,,,,,
757,Nick Vannett,2576399,SEA,0.0,2026,"['WR/TE', 'TE', 'RB/WR/TE', 'OP', 'BE', 'IR']",,,,,,,,,,,,,,,,,,,,,,,,,,,,,,,,,,,,,,,,,,,,,,,,,,,,,,,,,,,,,,,,,,,,,,,,,,,,,,,,,,,,,,,,,,,,,,,,,,,,,,,,,,,,,,,,,,,,,,,,,,,,,,,,,,,,,,,
758,Jalen Reagor,4241802,MIA,0.0,2026,"['RB/WR', 'WR', 'WR/TE', 'RB/WR/TE', 'OP', 'BE', 'IR']",,,,,,,,,,,,,,,,,,,,,,,,,,,,,,,,,,,,,,,,,,,,,,,,,,,,,,,,,,,,,,,,,,,,,,,,,,,,,,,,,,,,,,,,,,,,,,,,,,,,,,,,,,,,,,,,,,,,,,,,,,,,,,,,,,,,,,,
759,Sean McKeon,4036275,IND,0.0,2026,"['WR/TE', 'TE', 'RB/WR/TE', 'OP', 'BE', 'IR']",,,,,,,,,,,,,,,,,,,,,,,,,,,,,,,,,,,,,,,,,,,,,,,,,,,,,,,,,,,,,,,,,,,,,,,,,,,,,,,,,,,,,,,,,,,,,,,,,,,,,,,,,,,,,,,,,,,,,,,,,,,,,,,,,,,,,,,
760,Dan Chisena,3929637,CAR,0.0,2026,"['RB/WR', 'WR', 'WR/TE', 'RB/WR/TE', 'OP', 'BE', 'IR']",,,,,,,,,,,,,,,,,,,,,,,,,,,,,,,,,,,,,,,,,,,,,,,,,,,,,,,,,,,,,,,,,,,,,,,,,,,,,,,,,,,,,,,,,,,,,,,,,,,,,,,,,,,,,,,,,,,,,,,,,,,,,,,,,,,,,,,
761,Lawrence Cager,3917849,WSH,0.0,2026,"['WR/TE', 'TE', 'RB/WR/TE', 'OP', 'BE', 'IR']",,,,,,,,,,,,,,,,,,,,,,,,,,,,,,,,,,,,,,,,,,,,,,,,,,,,,,,,,,,,,,,,,,,,,,,,,,,,,,,,,,,,,,,,,,,,,,,,,,,,,,,,,,,,,,,,,,,,,,,,,,,,,,,,,,,,,,,
762,Ihmir Smith-Marsette,4240573,ARI,0.0,2026,"['RB/WR', 'WR', 'WR/TE', 'RB/WR/TE', 'OP', 'BE', 'IR']",,,,,,,,,,,,,,,,,,,,,,,,,,,,,,,,,,,,,,,,,,,,,,,,,,,,,,,,,,,,,,,,,,,,,,,,,,,,,,,,,,,,,,,,,,,,,,,,,,,,,,,,,,,,,,,,,,,,,,,,,,,,,,,,,,,,,,,
763,Kylen Granson,4039160,TEN,0.0,2026,"['WR/TE', 'TE', 'RB/WR/TE', 'OP', 'BE', 'IR']",,,,,,,,,,,,,,,,,,,,,,,,,,,,,,,,,,,,,,,,,,,,,,,,,,,,,,,,,,,,,,,,,,,,,,,,,,,,,,,,,,,,,,,,,,,,,,,,,,,,,,,,,,,,,,,,,,,,,,,,,,,,,,,,,,,,,,,
764,Simi Fehoko,4360739,ARI,0.0,2026,"['RB/WR', 'WR', 'WR/TE', 'RB/WR/TE', 'OP', 'BE', 'IR']",,,,,,,,,,,,,,,,,,,,,,,,,,,,,,,,,,,,,,,,,,,,,,,,,,,,,,,,,,,,,,,,,,,,,,,,,,,,,,,,,,,,,,,,,,,,,,,,,,,,,,,,,,,,,,,,,,,,,,,,,,,,,,,,,,,,,,,
765,Sam Ehlinger,4241820,DEN,0.0,2026,"['QB', 'OP', 'BE', 'IR']",,,,,,,,,,,,,,,,,,,,,,,,,,,,,,,,,,,,,,,,,,,,,,,,,,,,,,,,,,,,,,,,,,,,,,,,,,,,,,,,,,,,,,,,,,,,,,,,,,,,,,,,,,,,,,,,,,,,,,,,,,,,,,,,,,,,,,,
766,Danny Gray,4689546,PHI,0.0,2026,"['RB/WR', 'WR', 'WR/TE', 'RB/WR/TE', 'OP', 'BE', 'IR']",,,,,,,,,,,,,,,,,,,,,,,,,,,,,,,,,,,,,,,,,,,,,,,,,,,,,,,,,,,,,,,,,,,,,,,,,,,,,,,,,,,,,,,,,,,,,,,,,,,,,,,,,,,,,,,,,,,,,,,,,,,,,,,,,,,,,,,
767,Teagan Quitoriano,4374045,ARI,0.0,2026,"['WR/TE', 'TE', 'RB/WR/TE', 'OP', 'BE', 'IR']",,,,,,,,,,,,,,,,,,,,,,,,,,,,,,,,,,,,,,,,,,,,,,,,,,,,,,,,,,,,,,,,,,,,,,,,,,,,,,,,,,,,,,,,,,,,,,,,,,,,,,,,,,,,,,,,,,,,,,,,,,,,,,,,,,,,,,,
768,Cole Turner,4361438,MIA,0.0,2026,"['WR/TE', 'TE', 'RB/WR/TE', 'OP', 'BE', 'IR']",,,,,,,,,,,,,,,,,,,,,,,,,,,,,,,,,,,,,,,,,,,,,,,,,,,,,,,,,,,,,,,,,,,,,,,,,,,,,,,,,,,,,,,,,,,,,,,,,,,,,,,,,,,,,,,,,,,,,,,,,,,,,,,,,,,,,,,
769,Samori Toure,4027873,PHI,0.0,2026,"['RB/WR', 'WR', 'WR/TE', 'RB/WR/TE', 'OP', 'BE', 'IR']",,,,,,,,,,,,,,,,,,,,,,,,,,,,,,,,,,,,,,,,,,,,,,,,,,,,,,,,,,,,,,,,,,,,,,,,,,,,,,,,,,,,,,,,,,,,,,,,,,,,,,,,,,,,,,,,,,,,,,,,,,,,,,,,,,,,,,,
770,Skylar Thompson,4036419,BAL,0.0,2026,"['QB', 'OP', 'BE', 'IR']",,,,,,,,,,,,,,,,,,,,,,,,,,,,,,,,,,,,,,,,,,,,,,,,,,,,,,,,,,,,,,,,,,,,,,,,,,,,,,,,,,,,,,,,,,,,,,,,,,,,,,,,,,,,,,,,,,,,,,,,,,,,,,,,,,,,,,,
771,Brandon Smith,4240577,PIT,0.0,2026,"['RB/WR', 'WR', 'WR/TE', 'RB/WR/TE', 'OP', 'BE', 'IR']",,,,,,,,,,,,,,,,,,,,,,,,,,,,,,,,,,,,,,,,,,,,,,,,,,,,,,,,,,,,,,,,,,,,,,,,,,,,,,,,,,,,,,,,,,,,,,,,,,,,,,,,,,,,,,,,,,,,,,,,,,,,,,,,,,,,,,,
772,Deven Thompkins,4374187,LV,0.0,2026,"['RB/WR', 'WR', 'WR/TE', 'RB/WR/TE', 'OP', 'BE', 'IR']",,,,,,,,,,,,,,,,,,,,,,,,,,,,,,,,,,,,,,,,,,,,,,,,,,,,,,,,,,,,,,,,,,,,,,,,,,,,,,,,,,,,,,,,,,,,,,,,,,,,,,,,,,,,,,,,,,,,,,,,,,,,,,,,,,,,,,,
773,Tim Jones,4245131,JAX,0.0,2026,"['RB/WR', 'WR', 'WR/TE', 'RB/WR/TE', 'OP', 'BE', 'IR']",,,,,,,,,,,,,,,,,,,,,,,,,,,,,,,,,,,,,,,,,,,,,,,,,,,,,,,,,,,,,,,,,,,,,,,,,,,,,,,,,,,,,,,,,,,,,,,,,,,,,,,,,,,,,,,,,,,,,,,,,,,,,,,,,,,,,,,
774,Quintin Morris,4244049,JAX,0.0,2026,"['WR/TE', 'TE', 'RB/WR/TE', 'OP', 'BE', 'IR']",,,,,,,,,,,,,,,,,,,,,,,,,,,,,,,,,,,,,,,,,,,,,,,,,,,,,,,,,,,,,,,,,,,,,,,,,,,,,,,,,,,,,,,,,,,,,,,,,,,,,,,,,,,,,,,,,,,,,,,,,,,,,,,,,,,,,,,
775,Tanner Conner,4047422,NYG,0.0,2026,"['WR/TE', 'TE', 'RB/WR/TE', 'OP', 'BE', 'IR']",,,,,,,,,,,,,,,,,,,,,,,,,,,,,,,,,,,,,,,,,,,,,,,,,,,,,,,,,,,,,,,,,,,,,,,,,,,,,,,,,,,,,,,,,,,,,,,,,,,,,,,,,,,,,,,,,,,,,,,,,,,,,,,,,,,,,,,
776,Kendric Pryor,4035776,CIN,0.0,2026,"['RB/WR', 'WR', 'WR/TE', 'RB/WR/TE', 'OP', 'BE', 'IR']",,,,,,,,,,,,,,,,,,,,,,,,,,,,,,,,,,,,,,,,,,,,,,,,,,,,,,,,,,,,,,,,,,,,,,,,,,,,,,,,,,,,,,,,,,,,,,,,,,,,,,,,,,,,,,,,,,,,,,,,,,,,,,,,,,,,,,,
777,Nikola Kalinic,4916349,CHI,0.0,2026,"['WR/TE', 'TE', 'RB/WR/TE', 'OP', 'BE', 'IR']",,,,,,,,,,,,,,,,,,,,,,,,,,,,,,,,,,,,,,,,,,,,,,,,,,,,,,,,,,,,,,,,,,,,,,,,,,,,,,,,,,,,,,,,,,,,,,,,,,,,,,,,,,,,,,,,,,,,,,,,,,,,,,,,,,,,,,,
778,Lucas Krull,4360231,DEN,0.0,2026,"['WR/TE', 'TE', 'RB/WR/TE', 'OP', 'BE', 'IR']",,,,,,,,,,,,,,,,,,,,,,,,,,,,,,,,,,,,,,,,,,,,,,,,,,,,,,,,,,,,,,,,,,,,,,,,,,,,,,,,,,,,,,,,,,,,,,,,,,,,,,,,,,,,,,,,,,,,,,,,,,,,,,,,,,,,,,,
779,Dennis Houston,4572786,TB,0.0,2026,"['RB/WR', 'WR', 'WR/TE', 'RB/WR/TE', 'OP', 'BE', 'IR']",,,,,,,,,,,,,,,,,,,,,,,,,,,,,,,,,,,,,,,,,,,,,,,,,,,,,,,,,,,,,,,,,,,,,,,,,,,,,,,,,,,,,,,,,,,,,,,,,,,,,,,,,,,,,,,,,,,,,,,,,,,,,,,,,,,,,,,
780,Stone Smartt,4250764,PHI,0.0,2026,"['WR/TE', 'TE', 'RB/WR/TE', 'OP', 'BE', 'IR']",,,,,,,,,,,,,,,,,,,,,,,,,,,,,,,,,,,,,,,,,,,,,,,,,,,,,,,,,,,,,,,,,,,,,,,,,,,,,,,,,,,,,,,,,,,,,,,,,,,,,,,,,,,,,,,,,,,,,,,,,,,,,,,,,,,,,,,
781,Cameron Latu,4372026,PHI,0.0,2026,"['WR/TE', 'TE', 'RB/WR/TE', 'OP', 'BE', 'IR']",,,,,,,,,,,,,,,,,,,,,,,,,,,,,,,,,,,,,,,,,,,,,,,,,,,,,,,,,,,,,,,,,,,,,,,,,,,,,,,,,,,,,,,,,,,,,,,,,,,,,,,,,,,,,,,,,,,,,,,,,,,,,,,,,,,,,,,
782,Sean Clifford,4259592,CIN,0.0,2026,"['QB', 'OP', 'BE', 'IR']",,,,,,,,,,,,,,,,,,,,,,,,,,,,,,,,,,,,,,,,,,,,,,,,,,,,,,,,,,,,,,,,,,,,,,,,,,,,,,,,,,,,,,,,,,,,,,,,,,,,,,,,,,,,,,,,,,,,,,,,,,,,,,,,,,,,,,,
783,Justin Shorter,4361426,LV,0.0,2026,"['RB/WR', 'WR', 'WR/TE', 'RB/WR/TE', 'OP', 'BE', 'IR']",,,,,,,,,,,,,,,,,,,,,,,,,,,,,,,,,,,,,,,,,,,,,,,,,,,,,,,,,,,,,,,,,,,,,,,,,,,,,,,,,,,,,,,,,,,,,,,,,,,,,,,,,,,,,,,,,,,,,,,,,,,,,,,,,,,,,,,
784,Evan Hull,4569609,HOU,0.0,2026,"['RB', 'RB/WR', 'RB/WR/TE', 'OP', 'BE', 'IR']",,,,,,,,,,,,,,,,,,,,,,,,,,,,,,,,,,,,,,,,,,,,,,,,,,,,,,,,,,,,,,,,,,,,,,,,,,,,,,,,,,,,,,,,,,,,,,,,,,,,,,,,,,,,,,,,,,,,,,,,,,,,,,,,,,,,,,,
785,Lew Nichols,4428119,PIT,0.0,2026,"['RB', 'RB/WR', 'RB/WR/TE', 'OP', 'BE', 'IR']",,,,,,,,,,,,,,,,,,,,,,,,,,,,,,,,,,,,,,,,,,,,,,,,,,,,,,,,,,,,,,,,,,,,,,,,,,,,,,,,,,,,,,,,,,,,,,,,,,,,,,,,,,,,,,,,,,,,,,,,,,,,,,,,,,,,,,,
786,Tyler Scott,4565908,LAR,0.0,2026,"['RB/WR', 'WR', 'WR/TE', 'RB/WR/TE', 'OP', 'BE', 'IR']",,,,,,,,,,,,,,,,,,,,,,,,,,,,,,,,,,,,,,,,,,,,,,,,,,,,,,,,,,,,,,,,,,,,,,,,,,,,,,,,,,,,,,,,,,,,,,,,,,,,,,,,,,,,,,,,,,,,,,,,,,,,,,,,,,,,,,,
787,Ronnie Bell,4372063,NO,0.0,2026,"['RB/WR', 'WR', 'WR/TE', 'RB/WR/TE', 'OP', 'BE', 'IR']",,,,,,,,,,,,,,,,,,,,,,,,,,,,,,,,,,,,,,,,,,,,,,,,,,,,,,,,,,,,,,,,,,,,,,,,,,,,,,,,,,,,,,,,,,,,,,,,,,,,,,,,,,,,,,,,,,,,,,,,,,,,,,,,,,,,,,,
788,Brayden Willis,4360290,SF,0.0,2026,"['WR/TE', 'TE', 'RB/WR/TE', 'OP', 'BE', 'IR']",,,,,,,,,,,,,,,,,,,,,,,,,,,,,,,,,,,,,,,,,,,,,,,,,,,,,,,,,,,,,,,,,,,,,,,,,,,,,,,,,,,,,,,,,,,,,,,,,,,,,,,,,,,,,,,,,,,,,,,,,,,,,,,,,,,,,,,
789,Colton Dowell,4250945,SF,0.0,2026,"['RB/WR', 'WR', 'WR/TE', 'RB/WR/TE', 'OP', 'BE', 'IR']",,,,,,,,,,,,,,,,,,,,,,,,,,,,,,,,,,,,,,,,,,,,,,,,,,,,,,,,,,,,,,,,,,,,,,,,,,,,,,,,,,,,,,,,,,,,,,,,,,,,,,,,,,,,,,,,,,,,,,,,,,,,,,,,,,,,,,,
790,Jason Brownlee,4689988,KC,0.0,2026,"['RB/WR', 'WR', 'WR/TE', 'RB/WR/TE', 'OP', 'BE', 'IR']",,,,,,,,,,,,,,,,,,,,,,,,,,,,,,,,,,,,,,,,,,,,,,,,,,,,,,,,,,,,,,,,,,,,,,,,,,,,,,,,,,,,,,,,,,,,,,,,,,,,,,,,,,,,,,,,,,,,,,,,,,,,,,,,,,,,,,,
791,Malik Cunningham,4240069,DET,0.0,2026,"['RB/WR', 'WR', 'WR/TE', 'RB/WR/TE', 'OP', 'BE', 'IR']",,,,,,,,,,,,,,,,,,,,,,,,,,,,,,,,,,,,,,,,,,,,,,,,,,,,,,,,,,,,,,,,,,,,,,,,,,,,,,,,,,,,,,,,,,,,,,,,,,,,,,,,,,,,,,,,,,,,,,,,,,,,,,,,,,,,,,,
792,Xavier Gipson,4427278,NYG,0.0,2026,"['RB/WR', 'WR', 'WR/TE', 'RB/WR/TE', 'OP', 'BE', 'IR']",,,,,,,,,,,,,,,,,,,,,,,,,,,,,,,,,,,,,,,,,,,,,,,,,,,,,,,,,,,,,,,,,,,,,,,,,,,,,,,,,,,,,,,,,,,,,,,,,,,,,,,,,,,,,,,,,,,,,,,,,,,,,,,,,,,,,,,
793,Irv Charles,3929636,SEA,0.0,2026,"['RB/WR', 'WR', 'WR/TE', 'RB/WR/TE', 'OP', 'BE', 'IR']",,,,,,,,,,,,,,,,,,,,,,,,,,,,,,,,,,,,,,,,,,,,,,,,,,,,,,,,,,,,,,,,,,,,,,,,,,,,,,,,,,,,,,,,,,,,,,,,,,,,,,,,,,,,,,,,,,,,,,,,,,,,,,,,,,,,,,,
794,Ben VanSumeren,4372070,BUF,0.0,2026,"['RB', 'RB/WR', 'RB/WR/TE', 'OP', 'BE', 'IR']",,,,,,,,,,,,,,,,,,,,,,,,,,,,,,,,,,,,,,,,,,,,,,,,,,,,,,,,,,,,,,,,,,,,,,,,,,,,,,,,,,,,,,,,,,,,,,,,,,,,,,,,,,,,,,,,,,,,,,,,,,,,,,,,,,,,,,,
795,Brady Russell,4243176,SEA,0.0,2026,"['RB', 'RB/WR', 'RB/WR/TE', 'OP', 'BE', 'IR']",,,,,,,,,,,,,,,,,,,,,,,,,,,,,,,,,,,,,,,,,,,,,,,,,,,,,,,,,,,,,,,,,,,,,,,,,,,,,,,,,,,,,,,,,,,,,,,,,,,,,,,,,,,,,,,,,,,,,,,,,,,,,,,,,,,,,,,
796,Shedrick Jackson,4361332,LV,0.0,2026,"['RB/WR', 'WR', 'WR/TE', 'RB/WR/TE', 'OP', 'BE', 'IR']",,,,,,,,,,,,,,,,,,,,,,,,,,,,,,,,,,,,,,,,,,,,,,,,,,,,,,,,,,,,,,,,,,,,,,,,,,,,,,,,,,,,,,,,,,,,,,,,,,,,,,,,,,,,,,,,,,,,,,,,,,,,,,,,,,,,,,,
797,Princeton Fant,4242442,DAL,0.0,2026,"['WR/TE', 'TE', 'RB/WR/TE', 'OP', 'BE', 'IR']",,,,,,,,,,,,,,,,,,,,,,,,,,,,,,,,,,,,,,,,,,,,,,,,,,,,,,,,,,,,,,,,,,,,,,,,,,,,,,,,,,,,,,,,,,,,,,,,,,,,,,,,,,,,,,,,,,,,,,,,,,,,,,,,,,,,,,,
798,Casey Washington,4428796,CAR,0.0,2026,"['RB/WR', 'WR', 'WR/TE', 'RB/WR/TE', 'OP', 'BE', 'IR']",,,,,,,,,,,,,,,,,,,,,,,,,,,,,,,,,,,,,,,,,,,,,,,,,,,,,,,,,,,,,,,,,,,,,,,,,,,,,,,,,,,,,,,,,,,,,,,,,,,,,,,,,,,,,,,,,,,,,,,,,,,,,,,,,,,,,,,
799,Jamari Thrash,4428678,CLE,0.0,2026,"['RB/WR', 'WR', 'WR/TE', 'RB/WR/TE', 'OP', 'BE', 'IR']",,,,,,,,,,,,,,,,,,,,,,,,,,,,,,,,,,,,,,,,,,,,,,,,,,,,,,,,,,,,,,,,,,,,,,,,,,,,,,,,,,,,,,,,,,,,,,,,,,,,,,,,,,,,,,,,,,,,,,,,,,,,,,,,,,,,,,,
800,Ainias Smith,4428532,CAR,0.0,2026,"['RB/WR', 'WR', 'WR/TE', 'RB/WR/TE', 'OP', 'BE', 'IR']",,,,,,,,,,,,,,,,,,,,,,,,,,,,,,,,,,,,,,,,,,,,,,,,,,,,,,,,,,,,,,,,,,,,,,,,,,,,,,,,,,,,,,,,,,,,,,,,,,,,,,,,,,,,,,,,,,,,,,,,,,,,,,,,,,,,,,,
801,Colson Yankoff,4361088,WSH,0.0,2026,"['WR/TE', 'TE', 'RB/WR/TE', 'OP', 'BE', 'IR']",,,,,,,,,,,,,,,,,,,,,,,,,,,,,,,,,,,,,,,,,,,,,,,,,,,,,,,,,,,,,,,,,,,,,,,,,,,,,,,,,,,,,,,,,,,,,,,,,,,,,,,,,,,,,,,,,,,,,,,,,,,,,,,,,,,,,,,
802,Sincere McCormick,4430104,SF,0.0,2026,"['RB', 'RB/WR', 'RB/WR/TE', 'OP', 'BE', 'IR']",,,,,,,,,,,,,,,,,,,,,,,,,,,,,,,,,,,,,,,,,,,,,,,,,,,,,,,,,,,,,,,,,,,,,,,,,,,,,,,,,,,,,,,,,,,,,,,,,,,,,,,,,,,,,,,,,,,,,,,,,,,,,,,,,,,,,,,
803,Bryce Oliver,4362617,TEN,0.0,2026,"['RB/WR', 'WR', 'WR/TE', 'RB/WR/TE', 'OP', 'BE', 'IR']",,,,,,,,,,,,,,,,,,,,,,,,,,,,,,,,,,,,,,,,,,,,,,,,,,,,,,,,,,,,,,,,,,,,,,,,,,,,,,,,,,,,,,,,,,,,,,,,,,,,,,,,,,,,,,,,,,,,,,,,,,,,,,,,,,,,,,,
804,Kaden Davis,5065495,CHI,0.0,2026,"['RB/WR', 'WR', 'WR/TE', 'RB/WR/TE', 'OP', 'BE', 'IR']",,,,,,,,,,,,,,,,,,,,,,,,,,,,,,,,,,,,,,,,,,,,,,,,,,,,,,,,,,,,,,,,,,,,,,,,,,,,,,,,,,,,,,,,,,,,,,,,,,,,,,,,,,,,,,,,,,,,,,,,,,,,,,,,,,,,,,,
805,Kevin Austin Jr.,4372758,NO,0.0,2026,"['RB/WR', 'WR', 'WR/TE', 'RB/WR/TE', 'OP', 'BE', 'IR']",,,,,,,,,,,,,,,,,,,,,,,,,,,,,,,,,,,,,,,,,,,,,,,,,,,,,,,,,,,,,,,,,,,,,,,,,,,,,,,,,,,,,,,,,,,,,,,,,,,,,,,,,,,,,,,,,,,,,,,,,,,,,,,,,,,,,,,
806,Carlos Washington Jr.,4248425,MIA,0.0,2026,"['RB', 'RB/WR', 'RB/WR/TE', 'OP', 'BE', 'IR']",,,,,,,,,,,,,,,,,,,,,,,,,,,,,,,,,,,,,,,,,,,,,,,,,,,,,,,,,,,,,,,,,,,,,,,,,,,,,,,,,,,,,,,,,,,,,,,,,,,,,,,,,,,,,,,,,,,,,,,,,,,,,,,,,,,,,,,
807,Cam Grandy,4700712,CIN,0.0,2026,"['WR/TE', 'TE', 'RB/WR/TE', 'OP', 'BE', 'IR']",,,,,,,,,,,,,,,,,,,,,,,,,,,,,,,,,,,,,,,,,,,,,,,,,,,,,,,,,,,,,,,,,,,,,,,,,,,,,,,,,,,,,,,,,,,,,,,,,,,,,,,,,,,,,,,,,,,,,,,,,,,,,,,,,,,,,,,
808,Luke Lachey,4432338,GB,0.0,2026,"['WR/TE', 'TE', 'RB/WR/TE', 'OP', 'BE', 'IR']",,,,,,,,,,,,,,,,,,,,,,,,,,,,,,,,,,,,,,,,,,,,,,,,,,,,,,,,,,,,,,,,,,,,,,,,,,,,,,,,,,,,,,,,,,,,,,,,,,,,,,,,,,,,,,,,,,,,,,,,,,,,,,,,,,,,,,,
809,Graham Mertz,4426335,HOU,0.0,2026,"['QB', 'OP', 'BE', 'IR']",,,,,,,,,,,,,,,,,,,,,,,,,,,,,,,,,,,,,,,,,,,,,,,,,,,,,,,,,,,,,,,,,,,,,,,,,,,,,,,,,,,,,,,,,,,,,,,,,,,,,,,,,,,,,,,,,,,,,,,,,,,,,,,,,,,,,,,
810,Thomas Fidone II,4590292,NYG,0.0,2026,"['WR/TE', 'TE', 'RB/WR/TE', 'OP', 'BE', 'IR']",,,,,,,,,,,,,,,,,,,,,,,,,,,,,,,,,,,,,,,,,,,,,,,,,,,,,,,,,,,,,,,,,,,,,,,,,,,,,,,,,,,,,,,,,,,,,,,,,,,,,,,,,,,,,,,,,,,,,,,,,,,,,,,,,,,,,,,
811,Kurtis Rourke,4430431,SF,0.0,2026,"['QB', 'OP', 'BE', 'IR']",,,,,,,,,,,,,,,,,,,,,,,,,,,,,,,,,,,,,,,,,,,,,,,,,,,,,,,,,,,,,,,,,,,,,,,,,,,,,,,,,,,,,,,,,,,,,,,,,,,,,,,,,,,,,,,,,,,,,,,,,,,,,,,,,,,,,,,
812,Ricky White III,4431479,SEA,0.0,2026,"['RB/WR', 'WR', 'WR/TE', 'RB/WR/TE', 'OP', 'BE', 'IR']",,,,,,,,,,,,,,,,,,,,,,,,,,,,,,,,,,,,,,,,,,,,,,,,,,,,,,,,,,,,,,,,,,,,,,,,,,,,,,,,,,,,,,,,,,,,,,,,,,,,,,,,,,,,,,,,,,,,,,,,,,,,,,,,,,,,,,,
813,Robbie Ouzts,4691688,SEA,0.0,2026,"['RB', 'RB/WR', 'RB/WR/TE', 'OP', 'BE', 'IR']",,,,,,,,,,,,,,,,,,,,,,,,,,,,,,,,,,,,,,,,,,,,,,,,,,,,,,,,,,,,,,,,,,,,,,,,,,,,,,,,,,,,,,,,,,,,,,,,,,,,,,,,,,,,,,,,,,,,,,,,,,,,,,,,,,,,,,,
814,Isaiah Neyor,4428116,GB,0.0,2026,"['RB/WR', 'WR', 'WR/TE', 'RB/WR/TE', 'OP', 'BE', 'IR']",,,,,,,,,,,,,,,,,,,,,,,,,,,,,,,,,,,,,,,,,,,,,,,,,,,,,,,,,,,,,,,,,,,,,,,,,,,,,,,,,,,,,,,,,,,,,,,,,,,,,,,,,,,,,,,,,,,,,,,,,,,,,,,,,,,,,,,
815,Donovan Edwards,4431536,MIA,0.0,2026,"['RB', 'RB/WR', 'RB/WR/TE', 'OP', 'BE', 'IR']",,,,,,,,,,,,,,,,,,,,,,,,,,,,,,,,,,,,,,,,,,,,,,,,,,,,,,,,,,,,,,,,,,,,,,,,,,,,,,,,,,,,,,,,,,,,,,,,,,,,,,,,,,,,,,,,,,,,,,,,,,,,,,,,,,,,,,,
816,Corey Kiner,4431431,ARI,0.0,2026,"['RB', 'RB/WR', 'RB/WR/TE', 'OP', 'BE', 'IR']",,,,,,,,,,,,,,,,,,,,,,,,,,,,,,,,,,,,,,,,,,,,,,,,,,,,,,,,,,,,,,,,,,,,,,,,,,,,,,,,,,,,,,,,,,,,,,,,,,,,,,,,,,,,,,,,,,,,,,,,,,,,,,,,,,,,,,,
817,Beaux Collins,4431210,NYG,0.0,2026,"['RB/WR', 'WR', 'WR/TE', 'RB/WR/TE', 'OP', 'BE', 'IR']",,,,,,,,,,,,,,,,,,,,,,,,,,,,,,,,,,,,,,,,,,,,,,,,,,,,,,,,,,,,,,,,,,,,,,,,,,,,,,,,,,,,,,,,,,,,,,,,,,,,,,,,,,,,,,,,,,,,,,,,,,,,,,,,,,,,,,,
818,Jacardia Wright,4428943,SEA,0.0,2026,"['RB', 'RB/WR', 'RB/WR/TE', 'OP', 'BE', 'IR']",,,,,,,,,,,,,,,,,,,,,,,,,,,,,,,,,,,,,,,,,,,,,,,,,,,,,,,,,,,,,,,,,,,,,,,,,,,,,,,,,,,,,,,,,,,,,,,,,,,,,,,,,,,,,,,,,,,,,,,,,,,,,,,,,,,,,,,
819,Kedon Slovis,4428512,ARI,0.0,2026,"['QB', 'OP', 'BE', 'IR']",,,,,,,,,,,,,,,,,,,,,,,,,,,,,,,,,,,,,,,,,,,,,,,,,,,,,,,,,,,,,,,,,,,,,,,,,,,,,,,,,,,,,,,,,,,,,,,,,,,,,,,,,,,,,,,,,,,,,,,,,,,,,,,,,,,,,,,
820,Zach Horton,4877824,None,0.0,2026,"['WR/TE', 'TE', 'RB/WR/TE', 'OP', 'BE', 'IR']",,,,,,,,,,,,,,,,,,,,,,,,,,,,,,,,,,,,,,,,,,,,,,,,,,,,,,,,,,,,,,,,,,,,,,,,,,,,,,,,,,,,,,,,,,,,,,,,,,,,,,,,,,,,,,,,,,,,,,,,,,,,,,,,,,,,,,,
821,Drake Dabney,4429466,GB,0.0,2026,"['WR/TE', 'TE', 'RB/WR/TE', 'OP', 'BE', 'IR']",,,,,,,,,,,,,,,,,,,,,,,,,,,,,,,,,,,,,,,,,,,,,,,,,,,,,,,,,,,,,,,,,,,,,,,,,,,,,,,,,,,,,,,,,,,,,,,,,,,,,,,,,,,,,,,,,,,,,,,,,,,,,,,,,,,,,,,
822,Jackson Meeks,4602788,DET,0.0,2026,"['WR/TE', 'TE', 'RB/WR/TE', 'OP', 'BE', 'IR']",,,,,,,,,,,,,,,,,,,,,,,,,,,,,,,,,,,,,,,,,,,,,,,,,,,,,,,,,,,,,,,,,,,,,,,,,,,,,,,,,,,,,,,,,,,,,,,,,,,,,,,,,,,,,,,,,,,,,,,,,,,,,,,,,,,,,,,
823,Quentin Skinner,4613050,BUF,0.0,2026,"['RB/WR', 'WR', 'WR/TE', 'RB/WR/TE', 'OP', 'BE', 'IR']",,,,,,,,,,,,,,,,,,,,,,,,,,,,,,,,,,,,,,,,,,,,,,,,,,,,,,,,,,,,,,,,,,,,,,,,,,,,,,,,,,,,,,,,,,,,,,,,,,,,,,,,,,,,,,,,,,,,,,,,,,,,,,,,,,,,,,,
824,Amar Johnson,4878878,LAC,0.0,2026,"['RB', 'RB/WR', 'RB/WR/TE', 'OP', 'BE', 'IR']",,,,,,,,,,,,,,,,,,,,,,,,,,,,,,,,,,,,,,,,,,,,,,,,,,,,,,,,,,,,,,,,,,,,,,,,,,,,,,,,,,,,,,,,,,,,,,,,,,,,,,,,,,,,,,,,,,,,,,,,,,,,,,,,,,,,,,,
825,Ben Yurosek,4433959,MIN,0.0,2026,"['WR/TE', 'TE', 'RB/WR/TE', 'OP', 'BE', 'IR']",,,,,,,,,,,,,,,,,,,,,,,,,,,,,,,,,,,,,,,,,,,,,,,,,,,,,,,,,,,,,,,,,,,,,,,,,,,,,,,,,,,,,,,,,,,,,,,,,,,,,,,,,,,,,,,,,,,,,,,,,,,,,,,,,,,,,,,
826,Adrian Martinez,4361182,SF,0.0,2026,"['QB', 'OP', 'BE', 'IR']",,,,,,,,,,,,,,,,,,,,,,,,,,,,,,,,,,,,,,,,,,,,,,,,,,,,,,,,,,,,,,,,,,,,,,,,,,,,,,,,,,,,,,,,,,,,,,,,,,,,,,,,,,,,,,,,,,,,,,,,,,,,,,,,,,,,,,,
827,Bauer Sharp,4890373,TB,0.0,2026,"['Rookie', 'WR/TE', 'TE', 'RB/WR/TE', 'OP', 'BE', 'IR']",,,,,,,,,,,,,,,,,,,,,,,,,,,,,,,,,,,,,,,,,,,,,,,,,,,,,,,,,,,,,,,,,,,,,,,,,,,,,,,,,,,,,,,,,,,,,,,,,,,,,,,,,,,,,,,,,,,,,,,,,,,,,,,,,,,,,,,
828,Seydou Traore,4714379,MIA,0.0,2026,"['Rookie', 'WR/TE', 'TE', 'RB/WR/TE', 'OP', 'BE', 'IR']",,,,,,,,,,,,,,,,,,,,,,,,,,,,,,,,,,,,,,,,,,,,,,,,,,,,,,,,,,,,,,,,,,,,,,,,,,,,,,,,,,,,,,,,,,,,,,,,,,,,,,,,,,,,,,,,,,,,,,,,,,,,,,,,,,,,,,,
829,Jaren Kanak,4877034,TEN,0.0,2026,"['Rookie', 'WR/TE', 'TE', 'RB/WR/TE', 'OP', 'BE', 'IR']",,,,,,,,,,,,,,,,,,,,,,,,,,,,,,,,,,,,,,,,,,,,,,,,,,,,,,,,,,,,,,,,,,,,,,,,,,,,,,,,,,,,,,,,,,,,,,,,,,,,,,,,,,,,,,,,,,,,,,,,,,,,,,,,,,,,,,,
830,Dallen Bentley,5159802,DEN,0.0,2026,"['Rookie', 'WR/TE', 'TE', 'RB/WR/TE', 'OP', 'BE', 'IR']",,,,,,,,,,,,,,,,,,,,,,,,,,,,,,,,,,,,,,,,,,,,,,,,,,,,,,,,,,,,,,,,,,,,,,,,,,,,,,,,,,,,,,,,,,,,,,,,,,,,,,,,,,,,,,,,,,,,,,,,,,,,,,,,,,,,,,,
831,Emmanuel Henderson Jr.,4685381,SEA,0.0,2026,"['Rookie', 'RB/WR', 'WR', 'WR/TE', 'RB/WR/TE', 'OP', 'BE', 'IR']",,,,,,,,,,,,,,,,,,,,,,,,,,,,,,,,,,,,,,,,,,,,,,,,,,,,,,,,,,,,,,,,,,,,,,,,,,,,,,,,,,,,,,,,,,,,,,,,,,,,,,,,,,,,,,,,,,,,,,,,,,,,,,,,,,,,,,,
832,DeAndre Carter,2580216,None,0.0,2026,"['RB/WR', 'WR', 'WR/TE', 'RB/WR/TE', 'OP', 'BE', 'IR']",,,,,,,,,,,,,,,,,,,,,,,,,,,,,,,,,,,,,,,,,,,,,,,,,,,,,,,,,,,,,,,,,,,,,,,,,,,,,,,,,,,,,,,,,,,,,,,,,,,,,,,,,,,,,,,,,,,,,,,,,,,,,,,,,,,,,,,
833,Anthony Firkser,3049698,DET,0.0,2026,"['WR/TE', 'TE', 'RB/WR/TE', 'OP', 'BE', 'IR']",,,,,,,,,,,,,,,,,,,,,,,,,,,,,,,,,,,,,,,,,,,,,,,,,,,,,,,,,,,,,,,,,,,,,,,,,,,,,,,,,,,,,,,,,,,,,,,,,,,,,,,,,,,,,,,,,,,,,,,,,,,,,,,,,,,,,,,
834,Jeff Driskel,2574630,None,0.0,2026,"['QB', 'OP', 'BE', 'IR']",,,,,,,,,,,,,,,,,,,,,,,,,,,,,,,,,,,,,,,,,,,,,,,,,,,,,,,,,,,,,,,,,,,,,,,,,,,,,,,,,,,,,,,,,,,,,,,,,,,,,,,,,,,,,,,,,,,,,,,,,,,,,,,,,,,,,,,
835,MyCole Pruitt,2508256,None,0.0,2026,"['WR/TE', 'TE', 'RB/WR/TE', 'OP', 'BE', 'IR']",,,,,,,,,,,,,,,,,,,,,,,,,,,,,,,,,,,,,,,,,,,,,,,,,,,,,,,,,,,,,,,,,,,,,,,,,,,,,,,,,,,,,,,,,,,,,,,,,,,,,,,,,,,,,,,,,,,,,,,,,,,,,,,,,,,,,,,
836,Taylor Heinicke,2565969,None,0.0,2026,"['QB', 'OP', 'BE', 'IR']",,,,,,,,,,,,,,,,,,,,,,,,,,,,,,,,,,,,,,,,,,,,,,,,,,,,,,,,,,,,,,,,,,,,,,,,,,,,,,,,,,,,,,,,,,,,,,,,,,,,,,,,,,,,,,,,,,,,,,,,,,,,,,,,,,,,,,,
837,Mike White,3051381,None,0.0,2026,"['QB', 'OP', 'BE', 'IR']",,,,,,,,,,,,,,,,,,,,,,,,,,,,,,,,,,,,,,,,,,,,,,,,,,,,,,,,,,,,,,,,,,,,,,,,,,,,,,,,,,,,,,,,,,,,,,,,,,,,,,,,,,,,,,,,,,,,,,,,,,,,,,,,,,,,,,,
838,Hunter Renfrow,3135321,None,0.0,2026,"['RB/WR', 'WR', 'WR/TE', 'RB/WR/TE', 'OP', 'BE', 'IR']",,,,,,,,,,,,,,,,,,,,,,,,,,,,,,,,,,,,,,,,,,,,,,,,,,,,,,,,,,,,,,,,,,,,,,,,,,,,,,,,,,,,,,,,,,,,,,,,,,,,,,,,,,,,,,,,,,,,,,,,,,,,,,,,,,,,,,,
839,C.J. Uzomah,2574576,None,0.0,2026,"['WR/TE', 'TE', 'RB/WR/TE', 'OP', 'BE', 'IR']",,,,,,,,,,,,,,,,,,,,,,,,,,,,,,,,,,,,,,,,,,,,,,,,,,,,,,,,,,,,,,,,,,,,,,,,,,,,,,,,,,,,,,,,,,,,,,,,,,,,,,,,,,,,,,,,,,,,,,,,,,,,,,,,,,,,,,,
840,Trayveon Williams,4035222,None,0.0,2026,"['RB', 'RB/WR', 'RB/WR/TE', 'OP', 'BE', 'IR']",,,,,,,,,,,,,,,,,,,,,,,,,,,,,,,,,,,,,,,,,,,,,,,,,,,,,,,,,,,,,,,,,,,,,,,,,,,,,,,,,,,,,,,,,,,,,,,,,,,,,,,,,,,,,,,,,,,,,,,,,,,,,,,,,,,,,,,
841,Tim Boyle,3045169,None,0.0,2026,"['QB', 'OP', 'BE', 'IR']",,,,,,,,,,,,,,,,,,,,,,,,,,,,,,,,,,,,,,,,,,,,,,,,,,,,,,,,,,,,,,,,,,,,,,,,,,,,,,,,,,,,,,,,,,,,,,,,,,,,,,,,,,,,,,,,,,,,,,,,,,,,,,,,,,,,,,,
842,Jordan Matthews,16763,None,0.0,2026,"['WR/TE', 'TE', 'RB/WR/TE', 'OP', 'BE', 'IR']",,,,,,,,,,,,,,,,,,,,,,,,,,,,,,,,,,,,,,,,,,,,,,,,,,,,,,,,,,,,,,,,,,,,,,,,,,,,,,,,,,,,,,,,,,,,,,,,,,,,,,,,,,,,,,,,,,,,,,,,,,,,,,,,,,,,,,,
843,Equanimeous St. Brown,3932442,None,0.0,2026,"['RB/WR', 'WR', 'WR/TE', 'RB/WR/TE', 'OP', 'BE', 'IR']",,,,,,,,,,,,,,,,,,,,,,,,,,,,,,,,,,,,,,,,,,,,,,,,,,,,,,,,,,,,,,,,,,,,,,,,,,,,,,,,,,,,,,,,,,,,,,,,,,,,,,,,,,,,,,,,,,,,,,,,,,,,,,,,,,,,,,,
844,Gerald Everett,3918639,None,0.0,2026,"['WR/TE', 'TE', 'RB/WR/TE', 'OP', 'BE', 'IR']",,,,,,,,,,,,,,,,,,,,,,,,,,,,,,,,,,,,,,,,,,,,,,,,,,,,,,,,,,,,,,,,,,,,,,,,,,,,,,,,,,,,,,,,,,,,,,,,,,,,,,,,,,,,,,,,,,,,,,,,,,,,,,,,,,,,,,,
845,Myles Gaskin,3886818,None,0.0,2026,"['RB', 'RB/WR', 'RB/WR/TE', 'OP', 'BE', 'IR']",,,,,,,,,,,,,,,,,,,,,,,,,,,,,,,,,,,,,,,,,,,,,,,,,,,,,,,,,,,,,,,,,,,,,,,,,,,,,,,,,,,,,,,,,,,,,,,,,,,,,,,,,,,,,,,,,,,,,,,,,,,,,,,,,,,,,,,
846,Nyheim Hines,3916430,None,0.0,2026,"['RB', 'RB/WR', 'RB/WR/TE', 'OP', 'BE', 'IR']",,,,,,,,,,,,,,,,,,,,,,,,,,,,,,,,,,,,,,,,,,,,,,,,,,,,,,,,,,,,,,,,,,,,,,,,,,,,,,,,,,,,,,,,,,,,,,,,,,,,,,,,,,,,,,,,,,,,,,,,,,,,,,,,,,,,,,,
847,DJ Chark,3115394,None,0.0,2026,"['RB/WR', 'WR', 'WR/TE', 'RB/WR/TE', 'OP', 'BE', 'IR']",,,,,,,,,,,,,,,,,,,,,,,,,,,,,,,,,,,,,,,,,,,,,,,,,,,,,,,,,,,,,,,,,,,,,,,,,,,,,,,,,,,,,,,,,,,,,,,,,,,,,,,,,,,,,,,,,,,,,,,,,,,,,,,,,,,,,,,
848,Zay Jones,3059722,None,0.0,2026,"['RB/WR', 'WR', 'WR/TE', 'RB/WR/TE', 'OP', 'BE', 'IR']",,,,,,,,,,,,,,,,,,,,,,,,,,,,,,,,,,,,,,,,,,,,,,,,,,,,,,,,,,,,,,,,,,,,,,,,,,,,,,,,,,,,,,,,,,,,,,,,,,,,,,,,,,,,,,,,,,,,,,,,,,,,,,,,,,,,,,,
849,Anthony Miller,3050487,None,0.0,2026,"['RB/WR', 'WR', 'WR/TE', 'RB/WR/TE', 'OP', 'BE', 'IR']",,,,,,,,,,,,,,,,,,,,,,,,,,,,,,,,,,,,,,,,,,,,,,,,,,,,,,,,,,,,,,,,,,,,,,,,,,,,,,,,,,,,,,,,,,,,,,,,,,,,,,,,,,,,,,,,,,,,,,,,,,,,,,,,,,,,,,,
850,Gus Edwards,3051926,None,0.0,2026,"['RB', 'RB/WR', 'RB/WR/TE', 'OP', 'BE', 'IR']",,,,,,,,,,,,,,,,,,,,,,,,,,,,,,,,,,,,,,,,,,,,,,,,,,,,,,,,,,,,,,,,,,,,,,,,,,,,,,,,,,,,,,,,,,,,,,,,,,,,,,,,,,,,,,,,,,,,,,,,,,,,,,,,,,,,,,,
851,Tyler Boyd,3045144,None,0.0,2026,"['RB/WR', 'WR', 'WR/TE', 'RB/WR/TE', 'OP', 'BE', 'IR']",,,,,,,,,,,,,,,,,,,,,,,,,,,,,,,,,,,,,,,,,,,,,,,,,,,,,,,,,,,,,,,,,,,,,,,,,,,,,,,,,,,,,,,,,,,,,,,,,,,,,,,,,,,,,,,,,,,,,,,,,,,,,,,,,,,,,,,
852,Nelson Agholor,2971618,None,0.0,2026,"['RB/WR', 'WR', 'WR/TE', 'RB/WR/TE', 'OP', 'BE', 'IR']",,,,,,,,,,,,,,,,,,,,,,,,,,,,,,,,,,,,,,,,,,,,,,,,,,,,,,,,,,,,,,,,,,,,,,,,,,,,,,,,,,,,,,,,,,,,,,,,,,,,,,,,,,,,,,,,,,,,,,,,,,,,,,,,,,,,,,,
853,Jamison Crowder,2576716,None,0.0,2026,"['RB/WR', 'WR', 'WR/TE', 'RB/WR/TE', 'OP', 'BE', 'IR']",,,,,,,,,,,,,,,,,,,,,,,,,,,,,,,,,,,,,,,,,,,,,,,,,,,,,,,,,,,,,,,,,,,,,,,,,,,,,,,,,,,,,,,,,,,,,,,,,,,,,,,,,,,,,,,,,,,,,,,,,,,,,,,,,,,,,,,
854,Robbie Chosen,2574808,None,0.0,2026,"['RB/WR', 'WR', 'WR/TE', 'RB/WR/TE', 'OP', 'BE', 'IR']",,,,,,,,,,,,,,,,,,,,,,,,,,,,,,,,,,,,,,,,,,,,,,,,,,,,,,,,,,,,,,,,,,,,,,,,,,,,,,,,,,,,,,,,,,,,,,,,,,,,,,,,,,,,,,,,,,,,,,,,,,,,,,,,,,,,,,,
855,Allen Robinson,16799,None,0.0,2026,"['RB/WR', 'WR', 'WR/TE', 'RB/WR/TE', 'OP', 'BE', 'IR']",,,,,,,,,,,,,,,,,,,,,,,,,,,,,,,,,,,,,,,,,,,,,,,,,,,,,,,,,,,,,,,,,,,,,,,,,,,,,,,,,,,,,,,,,,,,,,,,,,,,,,,,,,,,,,,,,,,,,,,,,,,,,,,,,,,,,,,
856,Robert Woods,15880,None,0.0,2026,"['RB/WR', 'WR', 'WR/TE', 'RB/WR/TE', 'OP', 'BE', 'IR']",,,,,,,,,,,,,,,,,,,,,,,,,,,,,,,,,,,,,,,,,,,,,,,,,,,,,,,,,,,,,,,,,,,,,,,,,,,,,,,,,,,,,,,,,,,,,,,,,,,,,,,,,,,,,,,,,,,,,,,,,,,,,,,,,,,,,,,
857,Pharaoh Brown,2971281,None,0.0,2026,"['WR/TE', 'TE', 'RB/WR/TE', 'OP', 'BE', 'IR']",,,,,,,,,,,,,,,,,,,,,,,,,,,,,,,,,,,,,,,,,,,,,,,,,,,,,,,,,,,,,,,,,,,,,,,,,,,,,,,,,,,,,,,,,,,,,,,,,,,,,,,,,,,,,,,,,,,,,,,,,,,,,,,,,,,,,,,
858,Ke'Shawn Vaughn,3917612,None,0.0,2026,"['RB', 'RB/WR', 'RB/WR/TE', 'OP', 'BE', 'IR']",,,,,,,,,,,,,,,,,,,,,,,,,,,,,,,,,,,,,,,,,,,,,,,,,,,,,,,,,,,,,,,,,,,,,,,,,,,,,,,,,,,,,,,,,,,,,,,,,,,,,,,,,,,,,,,,,,,,,,,,,,,,,,,,,,,,,,,
859,Joshua Kelley,3910544,None,0.0,2026,"['RB', 'RB/WR', 'RB/WR/TE', 'OP', 'BE', 'IR']",,,,,,,,,,,,,,,,,,,,,,,,,,,,,,,,,,,,,,,,,,,,,,,,,,,,,,,,,,,,,,,,,,,,,,,,,,,,,,,,,,,,,,,,,,,,,,,,,,,,,,,,,,,,,,,,,,,,,,,,,,,,,,,,,,,,,,,
860,J.J. Taylor,4039607,None,0.0,2026,"['RB', 'RB/WR', 'RB/WR/TE', 'OP', 'BE', 'IR']",,,,,,,,,,,,,,,,,,,,,,,,,,,,,,,,,,,,,,,,,,,,,,,,,,,,,,,,,,,,,,,,,,,,,,,,,,,,,,,,,,,,,,,,,,,,,,,,,,,,,,,,,,,,,,,,,,,,,,,,,,,,,,,,,,,,,,,
861,Alex Bachman,3919510,None,0.0,2026,"['RB/WR', 'WR', 'WR/TE', 'RB/WR/TE', 'OP', 'BE', 'IR']",,,,,,,,,,,,,,,,,,,,,,,,,,,,,,,,,,,,,,,,,,,,,,,,,,,,,,,,,,,,,,,,,,,,,,,,,,,,,,,,,,,,,,,,,,,,,,,,,,,,,,,,,,,,,,,,,,,,,,,,,,,,,,,,,,,,,,,
862,Khalil Herbert,4035886,None,0.0,2026,"['RB', 'RB/WR', 'RB/WR/TE', 'OP', 'BE', 'IR']",,,,,,,,,,,,,,,,,,,,,,,,,,,,,,,,,,,,,,,,,,,,,,,,,,,,,,,,,,,,,,,,,,,,,,,,,,,,,,,,,,,,,,,,,,,,,,,,,,,,,,,,,,,,,,,,,,,,,,,,,,,,,,,,,,,,,,,
863,Michael Woods II,4360174,None,0.0,2026,"['RB/WR', 'WR', 'WR/TE', 'RB/WR/TE', 'OP', 'BE', 'IR']",,,,,,,,,,,,,,,,,,,,,,,,,,,,,,,,,,,,,,,,,,,,,,,,,,,,,,,,,,,,,,,,,,,,,,,,,,,,,,,,,,,,,,,,,,,,,,,,,,,,,,,,,,,,,,,,,,,,,,,,,,,,,,,,,,,,,,,
864,Raheem Blackshear,4259308,None,0.0,2026,"['RB', 'RB/WR', 'RB/WR/TE', 'OP', 'BE', 'IR']",,,,,,,,,,,,,,,,,,,,,,,,,,,,,,,,,,,,,,,,,,,,,,,,,,,,,,,,,,,,,,,,,,,,,,,,,,,,,,,,,,,,,,,,,,,,,,,,,,,,,,,,,,,,,,,,,,,,,,,,,,,,,,,,,,,,,,,
865,Anthony Brown Jr.,4035312,None,0.0,2026,"['QB', 'OP', 'BE', 'IR']",,,,,,,,,,,,,,,,,,,,,,,,,,,,,,,,,,,,,,,,,,,,,,,,,,,,,,,,,,,,,,,,,,,,,,,,,,,,,,,,,,,,,,,,,,,,,,,,,,,,,,,,,,,,,,,,,,,,,,,,,,,,,,,,,,,,,,,
866,Andre Baccellia,3886809,None,0.0,2026,"['RB/WR', 'WR', 'WR/TE', 'RB/WR/TE', 'OP', 'BE', 'IR']",,,,,,,,,,,,,,,,,,,,,,,,,,,,,,,,,,,,,,,,,,,,,,,,,,,,,,,,,,,,,,,,,,,,,,,,,,,,,,,,,,,,,,,,,,,,,,,,,,,,,,,,,,,,,,,,,,,,,,,,,,,,,,,,,,,,,,,
867,Deuce Vaughn,4431453,None,0.0,2026,"['RB', 'RB/WR', 'RB/WR/TE', 'OP', 'BE', 'IR']",,,,,,,,,,,,,,,,,,,,,,,,,,,,,,,,,,,,,,,,,,,,,,,,,,,,,,,,,,,,,,,,,,,,,,,,,,,,,,,,,,,,,,,,,,,,,,,,,,,,,,,,,,,,,,,,,,,,,,,,,,,,,,,,,,,,,,,
868,Christopher Dunn,4361665,None,0.0,2026,"['K', 'BE', 'IR']",,,,,,,,,,,,,,,,,,,,,,,,,,,,,,,,,,,,,,,,,,,,,,,,,,,,,,,,,,,,,,,,,,,,,,,,,,,,,,,,,,,,,,,,,,,,,,,,,,,,,,,,,,,,,,,,,,,,,,,,,,,,,,,,,,,,,,,
869,Dorian Thompson-Robinson,4367178,None,0.0,2026,"['QB', 'OP', 'BE', 'IR']",,,,,,,,,,,,,,,,,,,,,,,,,,,,,,,,,,,,,,,,,,,,,,,,,,,,,,,,,,,,,,,,,,,,,,,,,,,,,,,,,,,,,,,,,,,,,,,,,,,,,,,,,,,,,,,,,,,,,,,,,,,,,,,,,,,,,,,
870,Clayton Tune,4360175,None,0.0,2026,"['QB', 'OP', 'BE', 'IR']",,,,,,,,,,,,,,,,,,,,,,,,,,,,,,,,,,,,,,,,,,,,,,,,,,,,,,,,,,,,,,,,,,,,,,,,,,,,,,,,,,,,,,,,,,,,,,,,,,,,,,,,,,,,,,,,,,,,,,,,,,,,,,,,,,,,,,,
871,Max Duggan,4427105,None,0.0,2026,"['QB', 'OP', 'BE', 'IR']",,,,,,,,,,,,,,,,,,,,,,,,,,,,,,,,,,,,,,,,,,,,,,,,,,,,,,,,,,,,,,,,,,,,,,,,,,,,,,,,,,,,,,,,,,,,,,,,,,,,,,,,,,,,,,,,,,,,,,,,,,,,,,,,,,,,,,,
872,DeWayne McBride,4430388,None,0.0,2026,"['RB', 'RB/WR', 'RB/WR/TE', 'OP', 'BE', 'IR']",,,,,,,,,,,,,,,,,,,,,,,,,,,,,,,,,,,,,,,,,,,,,,,,,,,,,,,,,,,,,,,,,,,,,,,,,,,,,,,,,,,,,,,,,,,,,,,,,,,,,,,,,,,,,,,,,,,,,,,,,,,,,,,,,,,,,,,
873,Nathan Rourke,4244688,None,0.0,2026,"['QB', 'OP', 'BE', 'IR']",,,,,,,,,,,,,,,,,,,,,,,,,,,,,,,,,,,,,,,,,,,,,,,,,,,,,,,,,,,,,,,,,,,,,,,,,,,,,,,,,,,,,,,,,,,,,,,,,,,,,,,,,,,,,,,,,,,,,,,,,,,,,,,,,,,,,,,
874,Owen Wright,4249616,None,0.0,2026,"['RB', 'RB/WR', 'RB/WR/TE', 'OP', 'BE', 'IR']",,,,,,,,,,,,,,,,,,,,,,,,,,,,,,,,,,,,,,,,,,,,,,,,,,,,,,,,,,,,,,,,,,,,,,,,,,,,,,,,,,,,,,,,,,,,,,,,,,,,,,,,,,,,,,,,,,,,,,,,,,,,,,,,,,,,,,,
875,SaRodorick Thompson Jr.,4362162,None,0.0,2026,"['RB', 'RB/WR', 'RB/WR/TE', 'OP', 'BE', 'IR']",,,,,,,,,,,,,,,,,,,,,,,,,,,,,,,,,,,,,,,,,,,,,,,,,,,,,,,,,,,,,,,,,,,,,,,,,,,,,,,,,,,,,,,,,,,,,,,,,,,,,,,,,,,,,,,,,,,,,,,,,,,,,,,,,,,,,,,
876,Javon Baker,4692022,None,0.0,2026,"['RB/WR', 'WR', 'WR/TE', 'RB/WR/TE', 'OP', 'BE', 'IR']",,,,,,,,,,,,,,,,,,,,,,,,,,,,,,,,,,,,,,,,,,,,,,,,,,,,,,,,,,,,,,,,,,,,,,,,,,,,,,,,,,,,,,,,,,,,,,,,,,,,,,,,,,,,,,,,,,,,,,,,,,,,,,,,,,,,,,,
877,Louis Rees-Zammit,5208436,None,0.0,2026,"['RB', 'RB/WR', 'RB/WR/TE', 'OP', 'BE', 'IR']",,,,,,,,,,,,,,,,,,,,,,,,,,,,,,,,,,,,,,,,,,,,,,,,,,,,,,,,,,,,,,,,,,,,,,,,,,,,,,,,,,,,,,,,,,,,,,,,,,,,,,,,,,,,,,,,,,,,,,,,,,,,,,,,,,,,,,,
878,Michael Wiley,4569156,None,0.0,2026,"['RB', 'RB/WR', 'RB/WR/TE', 'OP', 'BE', 'IR']",,,,,,,,,,,,,,,,,,,,,,,,,,,,,,,,,,,,,,,,,,,,,,,,,,,,,,,,,,,,,,,,,,,,,,,,,,,,,,,,,,,,,,,,,,,,,,,,,,,,,,,,,,,,,,,,,,,,,,,,,,,,,,,,,,,,,,,
879,Aaron Shampklin,4248068,None,0.0,2026,"['RB', 'RB/WR', 'RB/WR/TE', 'OP', 'BE', 'IR']",,,,,,,,,,,,,,,,,,,,,,,,,,,,,,,,,,,,,,,,,,,,,,,,,,,,,,,,,,,,,,,,,,,,,,,,,,,,,,,,,,,,,,,,,,,,,,,,,,,,,,,,,,,,,,,,,,,,,,,,,,,,,,,,,,,,,,,
880,D.J. Williams,4567216,None,0.0,2026,"['RB', 'RB/WR', 'RB/WR/TE', 'OP', 'BE', 'IR']",,,,,,,,,,,,,,,,,,,,,,,,,,,,,,,,,,,,,,,,,,,,,,,,,,,,,,,,,,,,,,,,,,,,,,,,,,,,,,,,,,,,,,,,,,,,,,,,,,,,,,,,,,,,,,,,,,,,,,,,,,,,,,,,,,,,,,,
881,Baylor Cupp,4426364,None,0.0,2026,"['WR/TE', 'TE', 'RB/WR/TE', 'OP', 'BE', 'IR']",,,,,,,,,,,,,,,,,,,,,,,,,,,,,,,,,,,,,,,,,,,,,,,,,,,,,,,,,,,,,,,,,,,,,,,,,,,,,,,,,,,,,,,,,,,,,,,,,,,,,,,,,,,,,,,,,,,,,,,,,,,,,,,,,,,,,,,
882,Jermaine Jackson,4698301,None,0.0,2026,"['RB/WR', 'WR', 'WR/TE', 'RB/WR/TE', 'OP', 'BE', 'IR']",,,,,,,,,,,,,,,,,,,,,,,,,,,,,,,,,,,,,,,,,,,,,,,,,,,,,,,,,,,,,,,,,,,,,,,,,,,,,,,,,,,,,,,,,,,,,,,,,,,,,,,,,,,,,,,,,,,,,,,,,,,,,,,,,,,,,,,
883,Tommy Mellott,4775196,None,0.0,2026,"['RB/WR', 'WR', 'WR/TE', 'RB/WR/TE', 'OP', 'BE', 'IR']",,,,,,,,,,,,,,,,,,,,,,,,,,,,,,,,,,,,,,,,,,,,,,,,,,,,,,,,,,,,,,,,,,,,,,,,,,,,,,,,,,,,,,,,,,,,,,,,,,,,,,,,,,,,,,,,,,,,,,,,,,,,,,,,,,,,,,,
884,Ja'Corey Brooks,4431506,None,0.0,2026,"['RB/WR', 'WR', 'WR/TE', 'RB/WR/TE', 'OP', 'BE', 'IR']",,,,,,,,,,,,,,,,,,,,,,,,,,,,,,,,,,,,,,,,,,,,,,,,,,,,,,,,,,,,,,,,,,,,,,,,,,,,,,,,,,,,,,,,,,,,,,,,,,,,,,,,,,,,,,,,,,,,,,,,,,,,,,,,,,,,,,,
885,River Cracraft,3052056,WSH,0.0,2026,"['RB/WR', 'WR', 'WR/TE', 'RB/WR/TE', 'OP', 'BE', 'IR']",,,,,,,,,,,,,,,,,,,,,,,,,,,,,,,,,,,,,,,,,,,,,,,,,,,,,,,,,,,,,,,,,,,,,,,,,,,,,,,,,,,,,,,,,,,,,,,,,,,,,,,,,,,,,,,,,,,,,,,,,,,,,,,,,,,,,,,
886,Josiah Deguara,3914151,SF,0.0,2026,"['WR/TE', 'TE', 'RB/WR/TE', 'OP', 'BE', 'IR']",,,,,,,,,,,,,,,,,,,,,,,,,,,,,,,,,,,,,,,,,,,,,,,,,,,,,,,,,,,,,,,,,,,,,,,,,,,,,,,,,,,,,,,,,,,,,,,,,,,,,,,,,,,,,,,,,,,,,,,,,,,,,,,,,,,,,,,
887,Feleipe Franks,4034948,CAR,0.0,2026,"['WR/TE', 'TE', 'RB/WR/TE', 'OP', 'BE', 'IR']",,,,,,,,,,,,,,,,,,,,,,,,,,,,,,,,,,,,,,,,,,,,,,,,,,,,,,,,,,,,,,,,,,,,,,,,,,,,,,,,,,,,,,,,,,,,,,,,,,,,,,,,,,,,,,,,,,,,,,,,,,,,,,,,,,,,,,,
888,Kenny Yeboah,4044144,ARI,0.0,2026,"['WR/TE', 'TE', 'RB/WR/TE', 'OP', 'BE', 'IR']",,,,,,,,,,,,,,,,,,,,,,,,,,,,,,,,,,,,,,,,,,,,,,,,,,,,,,,,,,,,,,,,,,,,,,,,,,,,,,,,,,,,,,,,,,,,,,,,,,,,,,,,,,,,,,,,,,,,,,,,,,,,,,,,,,,,,,,
889,Shane Zylstra,4608362,BUF,0.0,2026,"['WR/TE', 'TE', 'RB/WR/TE', 'OP', 'BE', 'IR']",,,,,,,,,,,,,,,,,,,,,,,,,,,,,,,,,,,,,,,,,,,,,,,,,,,,,,,,,,,,,,,,,,,,,,,,,,,,,,,,,,,,,,,,,,,,,,,,,,,,,,,,,,,,,,,,,,,,,,,,,,,,,,,,,,,,,,,
890,Erik Ezukanma,4362186,PHI,0.0,2026,"['RB/WR', 'WR', 'WR/TE', 'RB/WR/TE', 'OP', 'BE', 'IR']",,,,,,,,,,,,,,,,,,,,,,,,,,,,,,,,,,,,,,,,,,,,,,,,,,,,,,,,,,,,,,,,,,,,,,,,,,,,,,,,,,,,,,,,,,,,,,,,,,,,,,,,,,,,,,,,,,,,,,,,,,,,,,,,,,,,,,,
891,James Mitchell,4361988,CAR,0.0,2026,"['WR/TE', 'TE', 'RB/WR/TE', 'OP', 'BE', 'IR']",,,,,,,,,,,,,,,,,,,,,,,,,,,,,,,,,,,,,,,,,,,,,,,,,,,,,,,,,,,,,,,,,,,,,,,,,,,,,,,,,,,,,,,,,,,,,,,,,,,,,,,,,,,,,,,,,,,,,,,,,,,,,,,,,,,,,,,
892,DJ Turner,4036211,HOU,0.0,2026,"['RB/WR', 'WR', 'WR/TE', 'RB/WR/TE', 'OP', 'BE', 'IR']",,,,,,,,,,,,,,,,,,,,,,,,,,,,,,,,,,,,,,,,,,,,,,,,,,,,,,,,,,,,,,,,,,,,,,,,,,,,,,,,,,,,,,,,,,,,,,,,,,,,,,,,,,,,,,,,,,,,,,,,,,,,,,,,,,,,,,,
893,Jalen Virgil,4036448,None,0.0,2026,"['RB/WR', 'WR', 'WR/TE', 'RB/WR/TE', 'OP', 'BE', 'IR']",,,,,,,,,,,,,,,,,,,,,,,,,,,,,,,,,,,,,,,,,,,,,,,,,,,,,,,,,,,,,,,,,,,,,,,,,,,,,,,,,,,,,,,,,,,,,,,,,,,,,,,,,,,,,,,,,,,,,,,,,,,,,,,,,,,,,,,
894,Brandon Johnson,4035198,LV,0.0,2026,"['RB/WR', 'WR', 'WR/TE', 'RB/WR/TE', 'OP', 'BE', 'IR']",,,,,,,,,,,,,,,,,,,,,,,,,,,,,,,,,,,,,,,,,,,,,,,,,,,,,,,,,,,,,,,,,,,,,,,,,,,,,,,,,,,,,,,,,,,,,,,,,,,,,,,,,,,,,,,,,,,,,,,,,,,,,,,,,,,,,,,
895,Tay Martin,4245144,DET,0.0,2026,"['RB/WR', 'WR', 'WR/TE', 'RB/WR/TE', 'OP', 'BE', 'IR']",,,,,,,,,,,,,,,,,,,,,,,,,,,,,,,,,,,,,,,,,,,,,,,,,,,,,,,,,,,,,,,,,,,,,,,,,,,,,,,,,,,,,,,,,,,,,,,,,,,,,,,,,,,,,,,,,,,,,,,,,,,,,,,,,,,,,,,
896,Will Mallory,4362523,IND,0.0,2026,"['WR/TE', 'TE', 'RB/WR/TE', 'OP', 'BE', 'IR']",,,,,,,,,,,,,,,,,,,,,,,,,,,,,,,,,,,,,,,,,,,,,,,,,,,,,,,,,,,,,,,,,,,,,,,,,,,,,,,,,,,,,,,,,,,,,,,,,,,,,,,,,,,,,,,,,,,,,,,,,,,,,,,,,,,,,,,
897,Ryan Miller,4369466,NYG,0.0,2026,"['RB/WR', 'WR', 'WR/TE', 'RB/WR/TE', 'OP', 'BE', 'IR']",,,,,,,,,,,,,,,,,,,,,,,,,,,,,,,,,,,,,,,,,,,,,,,,,,,,,,,,,,,,,,,,,,,,,,,,,,,,,,,,,,,,,,,,,,,,,,,,,,,,,,,,,,,,,,,,,,,,,,,,,,,,,,,,,,,,,,,
898,Jordan Mims,4243004,MIN,0.0,2026,"['RB', 'RB/WR', 'RB/WR/TE', 'OP', 'BE', 'IR']",,,,,,,,,,,,,,,,,,,,,,,,,,,,,,,,,,,,,,,,,,,,,,,,,,,,,,,,,,,,,,,,,,,,,,,,,,,,,,,,,,,,,,,,,,,,,,,,,,,,,,,,,,,,,,,,,,,,,,,,,,,,,,,,,,,,,,,
899,Jha'Quan Jackson,4427575,HOU,0.0,2026,"['RB/WR', 'WR', 'WR/TE', 'RB/WR/TE', 'OP', 'BE', 'IR']",,,,,,,,,,,,,,,,,,,,,,,,,,,,,,,,,,,,,,,,,,,,,,,,,,,,,,,,,,,,,,,,,,,,,,,,,,,,,,,,,,,,,,,,,,,,,,,,,,,,,,,,,,,,,,,,,,,,,,,,,,,,,,,,,,,,,,,
900,Tejhaun Palmer,4875912,ARI,0.0,2026,"['RB/WR', 'WR', 'WR/TE', 'RB/WR/TE', 'OP', 'BE', 'IR']",,,,,,,,,,,,,,,,,,,,,,,,,,,,,,,,,,,,,,,,,,,,,,,,,,,,,,,,,,,,,,,,,,,,,,,,,,,,,,,,,,,,,,,,,,,,,,,,,,,,,,,,,,,,,,,,,,,,,,,,,,,,,,,,,,,,,,,
901,Tanner McLachlan,4384171,SF,0.0,2026,"['WR/TE', 'TE', 'RB/WR/TE', 'OP', 'BE', 'IR']",,,,,,,,,,,,,,,,,,,,,,,,,,,,,,,,,,,,,,,,,,,,,,,,,,,,,,,,,,,,,,,,,,,,,,,,,,,,,,,,,,,,,,,,,,,,,,,,,,,,,,,,,,,,,,,,,,,,,,,,,,,,,,,,,,,,,,,
902,Dante Miller,4367510,NYG,0.0,2026,"['RB', 'RB/WR', 'RB/WR/TE', 'OP', 'BE', 'IR']",,,,,,,,,,,,,,,,,,,,,,,,,,,,,,,,,,,,,,,,,,,,,,,,,,,,,,,,,,,,,,,,,,,,,,,,,,,,,,,,,,,,,,,,,,,,,,,,,,,,,,,,,,,,,,,,,,,,,,,,,,,,,,,,,,,,,,,
903,Brenden Bates,4362603,CLE,0.0,2026,"['WR/TE', 'TE', 'RB/WR/TE', 'OP', 'BE', 'IR']",,,,,,,,,,,,,,,,,,,,,,,,,,,,,,,,,,,,,,,,,,,,,,,,,,,,,,,,,,,,,,,,,,,,,,,,,,,,,,,,,,,,,,,,,,,,,,,,,,,,,,,,,,,,,,,,,,,,,,,,,,,,,,,,,,,,,,,
904,David Martin-Robinson,4360978,TEN,0.0,2026,"['WR/TE', 'TE', 'RB/WR/TE', 'OP', 'BE', 'IR']",,,,,,,,,,,,,,,,,,,,,,,,,,,,,,,,,,,,,,,,,,,,,,,,,,,,,,,,,,,,,,,,,,,,,,,,,,,,,,,,,,,,,,,,,,,,,,,,,,,,,,,,,,,,,,,,,,,,,,,,,,,,,,,,,,,,,,,
905,Jalen Moreno-Cropper,4426990,NO,0.0,2026,"['RB/WR', 'WR', 'WR/TE', 'RB/WR/TE', 'OP', 'BE', 'IR']",,,,,,,,,,,,,,,,,,,,,,,,,,,,,,,,,,,,,,,,,,,,,,,,,,,,,,,,,,,,,,,,,,,,,,,,,,,,,,,,,,,,,,,,,,,,,,,,,,,,,,,,,,,,,,,,,,,,,,,,,,,,,,,,,,,,,,,
906,Jared Wayne,4430681,HOU,0.0,2026,"['RB/WR', 'WR', 'WR/TE', 'RB/WR/TE', 'OP', 'BE', 'IR']",,,,,,,,,,,,,,,,,,,,,,,,,,,,,,,,,,,,,,,,,,,,,,,,,,,,,,,,,,,,,,,,,,,,,,,,,,,,,,,,,,,,,,,,,,,,,,,,,,,,,,,,,,,,,,,,,,,,,,,,,,,,,,,,,,,,,,,
907,E.J. Jenkins,4248557,PHI,0.0,2026,"['WR/TE', 'TE', 'RB/WR/TE', 'OP', 'BE', 'IR']",,,,,,,,,,,,,,,,,,,,,,,,,,,,,,,,,,,,,,,,,,,,,,,,,,,,,,,,,,,,,,,,,,,,,,,,,,,,,,,,,,,,,,,,,,,,,,,,,,,,,,,,,,,,,,,,,,,,,,,,,,,,,,,,,,,,,,,
908,Caleb Lohner,4432208,DEN,0.0,2026,"['WR/TE', 'TE', 'RB/WR/TE', 'OP', 'BE', 'IR']",,,,,,,,,,,,,,,,,,,,,,,,,,,,,,,,,,,,,,,,,,,,,,,,,,,,,,,,,,,,,,,,,,,,,,,,,,,,,,,,,,,,,,,,,,,,,,,,,,,,,,,,,,,,,,,,,,,,,,,,,,,,,,,,,,,,,,,
909,Moliki Matavao,4432731,NO,0.0,2026,"['WR/TE', 'TE', 'RB/WR/TE', 'OP', 'BE', 'IR']",,,,,,,,,,,,,,,,,,,,,,,,,,,,,,,,,,,,,,,,,,,,,,,,,,,,,,,,,,,,,,,,,,,,,,,,,,,,,,,,,,,,,,,,,,,,,,,,,,,,,,,,,,,,,,,,,,,,,,,,,,,,,,,,,,,,,,,
910,Junior Bergen,4887918,SF,0.0,2026,"['RB/WR', 'WR', 'WR/TE', 'RB/WR/TE', 'OP', 'BE', 'IR']",,,,,,,,,,,,,,,,,,,,,,,,,,,,,,,,,,,,,,,,,,,,,,,,,,,,,,,,,,,,,,,,,,,,,,,,,,,,,,,,,,,,,,,,,,,,,,,,,,,,,,,,,,,,,,,,,,,,,,,,,,,,,,,,,,,,,,,
911,Nick Nash,4570242,WSH,0.0,2026,"['RB/WR', 'WR', 'WR/TE', 'RB/WR/TE', 'OP', 'BE', 'IR']",,,,,,,,,,,,,,,,,,,,,,,,,,,,,,,,,,,,,,,,,,,,,,,,,,,,,,,,,,,,,,,,,,,,,,,,,,,,,,,,,,,,,,,,,,,,,,,,,,,,,,,,,,,,,,,,,,,,,,,,,,,,,,,,,,,,,,,
912,Chandler Brayboy,4573243,JAX,0.0,2026,"['RB/WR', 'WR', 'WR/TE', 'RB/WR/TE', 'OP', 'BE', 'IR']",,,,,,,,,,,,,,,,,,,,,,,,,,,,,,,,,,,,,,,,,,,,,,,,,,,,,,,,,,,,,,,,,,,,,,,,,,,,,,,,,,,,,,,,,,,,,,,,,,,,,,,,,,,,,,,,,,,,,,,,,,,,,,,,,,,,,,,
913,Jimmy Holiday,4431142,KC,0.0,2026,"['RB/WR', 'WR', 'WR/TE', 'RB/WR/TE', 'OP', 'BE', 'IR']",,,,,,,,,,,,,,,,,,,,,,,,,,,,,,,,,,,,,,,,,,,,,,,,,,,,,,,,,,,,,,,,,,,,,,,,,,,,,,,,,,,,,,,,,,,,,,,,,,,,,,,,,,,,,,,,,,,,,,,,,,,,,,,,,,,,,,,
914,Keleki Latu,4688552,BUF,0.0,2026,"['WR/TE', 'TE', 'RB/WR/TE', 'OP', 'BE', 'IR']",,,,,,,,,,,,,,,,,,,,,,,,,,,,,,,,,,,,,,,,,,,,,,,,,,,,,,,,,,,,,,,,,,,,,,,,,,,,,,,,,,,,,,,,,,,,,,,,,,,,,,,,,,,,,,,,,,,,,,,,,,,,,,,,,,,,,,,
915,Dalevon Campbell,4569372,LAC,0.0,2026,"['RB/WR', 'WR', 'WR/TE', 'RB/WR/TE', 'OP', 'BE', 'IR']",,,,,,,,,,,,,,,,,,,,,,,,,,,,,,,,,,,,,,,,,,,,,,,,,,,,,,,,,,,,,,,,,,,,,,,,,,,,,,,,,,,,,,,,,,,,,,,,,,,,,,,,,,,,,,,,,,,,,,,,,,,,,,,,,,,,,,,
916,Brennan Presley,4431342,LAR,0.0,2026,"['RB/WR', 'WR', 'WR/TE', 'RB/WR/TE', 'OP', 'BE', 'IR']",,,,,,,,,,,,,,,,,,,,,,,,,,,,,,,,,,,,,,,,,,,,,,,,,,,,,,,,,,,,,,,,,,,,,,,,,,,,,,,,,,,,,,,,,,,,,,,,,,,,,,,,,,,,,,,,,,,,,,,,,,,,,,,,,,,,,,,
917,Nick Kallerup,4569547,SEA,0.0,2026,"['WR/TE', 'TE', 'RB/WR/TE', 'OP', 'BE', 'IR']",,,,,,,,,,,,,,,,,,,,,,,,,,,,,,,,,,,,,,,,,,,,,,,,,,,,,,,,,,,,,,,,,,,,,,,,,,,,,,,,,,,,,,,,,,,,,,,,,,,,,,,,,,,,,,,,,,,,,,,,,,,,,,,,,,,,,,,
918,Hayden Rucci,4428396,SF,0.0,2026,"['WR/TE', 'TE', 'RB/WR/TE', 'OP', 'BE', 'IR']",,,,,,,,,,,,,,,,,,,,,,,,,,,,,,,,,,,,,,,,,,,,,,,,,,,,,,,,,,,,,,,,,,,,,,,,,,,,,,,,,,,,,,,,,,,,,,,,,,,,,,,,,,,,,,,,,,,,,,,,,,,,,,,,,,,,,,,
919,Coleman Owen,4578436,IND,0.0,2026,"['RB/WR', 'WR', 'WR/TE', 'RB/WR/TE', 'OP', 'BE', 'IR']",,,,,,,,,,,,,,,,,,,,,,,,,,,,,,,,,,,,,,,,,,,,,,,,,,,,,,,,,,,,,,,,,,,,,,,,,,,,,,,,,,,,,,,,,,,,,,,,,,,,,,,,,,,,,,,,,,,,,,,,,,,,,,,,,,,,,,,
920,Carter Runyon,5155825,LV,0.0,2026,"['WR/TE', 'TE', 'RB/WR/TE', 'OP', 'BE', 'IR']",,,,,,,,,,,,,,,,,,,,,,,,,,,,,,,,,,,,,,,,,,,,,,,,,,,,,,,,,,,,,,,,,,,,,,,,,,,,,,,,,,,,,,,,,,,,,,,,,,,,,,,,,,,,,,,,,,,,,,,,,,,,,,,,,,,,,,,
921,Treyton Welch,4430684,NO,0.0,2026,"['WR/TE', 'TE', 'RB/WR/TE', 'OP', 'BE', 'IR']",,,,,,,,,,,,,,,,,,,,,,,,,,,,,,,,,,,,,,,,,,,,,,,,,,,,,,,,,,,,,,,,,,,,,,,,,,,,,,,,,,,,,,,,,,,,,,,,,,,,,,,,,,,,,,,,,,,,,,,,,,,,,,,,,,,,,,,
922,Zaire Mitchell-Paden,4876006,NO,0.0,2026,"['WR/TE', 'TE', 'RB/WR/TE', 'OP', 'BE', 'IR']",,,,,,,,,,,,,,,,,,,,,,,,,,,,,,,,,,,,,,,,,,,,,,,,,,,,,,,,,,,,,,,,,,,,,,,,,,,,,,,,,,,,,,,,,,,,,,,,,,,,,,,,,,,,,,,,,,,,,,,,,,,,,,,,,,,,,,,
923,Carsen Ryan,4685540,CLE,0.0,2026,"['Rookie', 'WR/TE', 'TE', 'RB/WR/TE', 'OP', 'BE', 'IR']",,,,,,,,,,,,,,,,,,,,,,,,,,,,,,,,,,,,,,,,,,,,,,,,,,,,,,,,,,,,,,,,,,,,,,,,,,,,,,,,,,,,,,,,,,,,,,,,,,,,,,,,,,,,,,,,,,,,,,,,,,,,,,,,,,,,,,,
924,Jamal Agnew,3061612,None,0.0,2026,"['RB/WR', 'WR', 'WR/TE', 'RB/WR/TE', 'OP', 'BE', 'IR']",,,,,,,,,,,,,,,,,,,,,,,,,,,,,,,,,,,,,,,,,,,,,,,,,,,,,,,,,,,,,,,,,,,,,,,,,,,,,,,,,,,,,,,,,,,,,,,,,,,,,,,,,,,,,,,,,,,,,,,,,,,,,,,,,,,,,,,
925,Brandon Powell,3115255,None,0.0,2026,"['RB/WR', 'WR', 'WR/TE', 'RB/WR/TE', 'OP', 'BE', 'IR']",,,,,,,,,,,,,,,,,,,,,,,,,,,,,,,,,,,,,,,,,,,,,,,,,,,,,,,,,,,,,,,,,,,,,,,,,,,,,,,,,,,,,,,,,,,,,,,,,,,,,,,,,,,,,,,,,,,,,,,,,,,,,,,,,,,,,,,
926,Zach Pascal,2978109,None,0.0,2026,"['RB/WR', 'WR', 'WR/TE', 'RB/WR/TE', 'OP', 'BE', 'IR']",,,,,,,,,,,,,,,,,,,,,,,,,,,,,,,,,,,,,,,,,,,,,,,,,,,,,,,,,,,,,,,,,,,,,,,,,,,,,,,,,,,,,,,,,,,,,,,,,,,,,,,,,,,,,,,,,,,,,,,,,,,,,,,,,,,,,,,
927,Jordan Akins,3128452,None,0.0,2026,"['WR/TE', 'TE', 'RB/WR/TE', 'OP', 'BE', 'IR']",,,,,,,,,,,,,,,,,,,,,,,,,,,,,,,,,,,,,,,,,,,,,,,,,,,,,,,,,,,,,,,,,,,,,,,,,,,,,,,,,,,,,,,,,,,,,,,,,,,,,,,,,,,,,,,,,,,,,,,,,,,,,,,,,,,,,,,
928,Russell Gage Jr.,3115378,None,0.0,2026,"['RB/WR', 'WR', 'WR/TE', 'RB/WR/TE', 'OP', 'BE', 'IR']",,,,,,,,,,,,,,,,,,,,,,,,,,,,,,,,,,,,,,,,,,,,,,,,,,,,,,,,,,,,,,,,,,,,,,,,,,,,,,,,,,,,,,,,,,,,,,,,,,,,,,,,,,,,,,,,,,,,,,,,,,,,,,,,,,,,,,,
929,Trent Taylor,3040569,None,0.0,2026,"['RB/WR', 'WR', 'WR/TE', 'RB/WR/TE', 'OP', 'BE', 'IR']",,,,,,,,,,,,,,,,,,,,,,,,,,,,,,,,,,,,,,,,,,,,,,,,,,,,,,,,,,,,,,,,,,,,,,,,,,,,,,,,,,,,,,,,,,,,,,,,,,,,,,,,,,,,,,,,,,,,,,,,,,,,,,,,,,,,,,,
930,Alex Erickson,2977800,None,0.0,2026,"['RB/WR', 'WR', 'WR/TE', 'RB/WR/TE', 'OP', 'BE', 'IR']",,,,,,,,,,,,,,,,,,,,,,,,,,,,,,,,,,,,,,,,,,,,,,,,,,,,,,,,,,,,,,,,,,,,,,,,,,,,,,,,,,,,,,,,,,,,,,,,,,,,,,,,,,,,,,,,,,,,,,,,,,,,,,,,,,,,,,,
931,Ross Dwelley,3120303,None,0.0,2026,"['WR/TE', 'TE', 'RB/WR/TE', 'OP', 'BE', 'IR']",,,,,,,,,,,,,,,,,,,,,,,,,,,,,,,,,,,,,,,,,,,,,,,,,,,,,,,,,,,,,,,,,,,,,,,,,,,,,,,,,,,,,,,,,,,,,,,,,,,,,,,,,,,,,,,,,,,,,,,,,,,,,,,,,,,,,,,
932,KhaDarel Hodge,3047876,None,0.0,2026,"['RB/WR', 'WR', 'WR/TE', 'RB/WR/TE', 'OP', 'BE', 'IR']",,,,,,,,,,,,,,,,,,,,,,,,,,,,,,,,,,,,,,,,,,,,,,,,,,,,,,,,,,,,,,,,,,,,,,,,,,,,,,,,,,,,,,,,,,,,,,,,,,,,,,,,,,,,,,,,,,,,,,,,,,,,,,,,,,,,,,,
933,Brett Rypien,3722362,None,0.0,2026,"['QB', 'OP', 'BE', 'IR']",,,,,,,,,,,,,,,,,,,,,,,,,,,,,,,,,,,,,,,,,,,,,,,,,,,,,,,,,,,,,,,,,,,,,,,,,,,,,,,,,,,,,,,,,,,,,,,,,,,,,,,,,,,,,,,,,,,,,,,,,,,,,,,,,,,,,,,
934,John Kelly Jr.,3915381,None,0.0,2026,"['RB', 'RB/WR', 'RB/WR/TE', 'OP', 'BE', 'IR']",,,,,,,,,,,,,,,,,,,,,,,,,,,,,,,,,,,,,,,,,,,,,,,,,,,,,,,,,,,,,,,,,,,,,,,,,,,,,,,,,,,,,,,,,,,,,,,,,,,,,,,,,,,,,,,,,,,,,,,,,,,,,,,,,,,,,,,
935,Jeff Wilson Jr.,3122976,None,0.0,2026,"['RB', 'RB/WR', 'RB/WR/TE', 'OP', 'BE', 'IR']",,,,,,,,,,,,,,,,,,,,,,,,,,,,,,,,,,,,,,,,,,,,,,,,,,,,,,,,,,,,,,,,,,,,,,,,,,,,,,,,,,,,,,,,,,,,,,,,,,,,,,,,,,,,,,,,,,,,,,,,,,,,,,,,,,,,,,,
936,Hayden Hurst,3924365,None,0.0,2026,"['WR/TE', 'TE', 'RB/WR/TE', 'OP', 'BE', 'IR']",,,,,,,,,,,,,,,,,,,,,,,,,,,,,,,,,,,,,,,,,,,,,,,,,,,,,,,,,,,,,,,,,,,,,,,,,,,,,,,,,,,,,,,,,,,,,,,,,,,,,,,,,,,,,,,,,,,,,,,,,,,,,,,,,,,,,,,
937,Irv Smith Jr.,4040980,None,0.0,2026,"['WR/TE', 'TE', 'RB/WR/TE', 'OP', 'BE', 'IR']",,,,,,,,,,,,,,,,,,,,,,,,,,,,,,,,,,,,,,,,,,,,,,,,,,,,,,,,,,,,,,,,,,,,,,,,,,,,,,,,,,,,,,,,,,,,,,,,,,,,,,,,,,,,,,,,,,,,,,,,,,,,,,,,,,,,,,,
938,Dante Pettis,3127306,BUF,0.0,2026,"['RB/WR', 'WR', 'WR/TE', 'RB/WR/TE', 'OP', 'BE', 'IR']",,,,,,,,,,,,,,,,,,,,,,,,,,,,,,,,,,,,,,,,,,,,,,,,,,,,,,,,,,,,,,,,,,,,,,,,,,,,,,,,,,,,,,,,,,,,,,,,,,,,,,,,,,,,,,,,,,,,,,,,,,,,,,,,,,,,,,,
939,Chase Edmonds,3119195,None,0.0,2026,"['RB', 'RB/WR', 'RB/WR/TE', 'OP', 'BE', 'IR']",,,,,,,,,,,,,,,,,,,,,,,,,,,,,,,,,,,,,,,,,,,,,,,,,,,,,,,,,,,,,,,,,,,,,,,,,,,,,,,,,,,,,,,,,,,,,,,,,,,,,,,,,,,,,,,,,,,,,,,,,,,,,,,,,,,,,,,
940,Mike Boone,3139033,None,0.0,2026,"['RB', 'RB/WR', 'RB/WR/TE', 'OP', 'BE', 'IR']",,,,,,,,,,,,,,,,,,,,,,,,,,,,,,,,,,,,,,,,,,,,,,,,,,,,,,,,,,,,,,,,,,,,,,,,,,,,,,,,,,,,,,,,,,,,,,,,,,,,,,,,,,,,,,,,,,,,,,,,,,,,,,,,,,,,,,,
941,D'Onta Foreman,3125116,None,0.0,2026,"['RB', 'RB/WR', 'RB/WR/TE', 'OP', 'BE', 'IR']",,,,,,,,,,,,,,,,,,,,,,,,,,,,,,,,,,,,,,,,,,,,,,,,,,,,,,,,,,,,,,,,,,,,,,,,,,,,,,,,,,,,,,,,,,,,,,,,,,,,,,,,,,,,,,,,,,,,,,,,,,,,,,,,,,,,,,,
942,Geoff Swaim,3046704,None,0.0,2026,"['WR/TE', 'TE', 'RB/WR/TE', 'OP', 'BE', 'IR']",,,,,,,,,,,,,,,,,,,,,,,,,,,,,,,,,,,,,,,,,,,,,,,,,,,,,,,,,,,,,,,,,,,,,,,,,,,,,,,,,,,,,,,,,,,,,,,,,,,,,,,,,,,,,,,,,,,,,,,,,,,,,,,,,,,,,,,
943,Chris Conley,2578533,None,0.0,2026,"['RB/WR', 'WR', 'WR/TE', 'RB/WR/TE', 'OP', 'BE', 'IR']",,,,,,,,,,,,,,,,,,,,,,,,,,,,,,,,,,,,,,,,,,,,,,,,,,,,,,,,,,,,,,,,,,,,,,,,,,,,,,,,,,,,,,,,,,,,,,,,,,,,,,,,,,,,,,,,,,,,,,,,,,,,,,,,,,,,,,,
944,Tyree Jackson,3916564,None,0.0,2026,"['WR/TE', 'TE', 'RB/WR/TE', 'OP', 'BE', 'IR']",,,,,,,,,,,,,,,,,,,,,,,,,,,,,,,,,,,,,,,,,,,,,,,,,,,,,,,,,,,,,,,,,,,,,,,,,,,,,,,,,,,,,,,,,,,,,,,,,,,,,,,,,,,,,,,,,,,,,,,,,,,,,,,,,,,,,,,
945,Steven Sims,3917960,None,0.0,2026,"['RB/WR', 'WR', 'WR/TE', 'RB/WR/TE', 'OP', 'BE', 'IR']",,,,,,,,,,,,,,,,,,,,,,,,,,,,,,,,,,,,,,,,,,,,,,,,,,,,,,,,,,,,,,,,,,,,,,,,,,,,,,,,,,,,,,,,,,,,,,,,,,,,,,,,,,,,,,,,,,,,,,,,,,,,,,,,,,,,,,,
946,D'Ernest Johnson,3139602,None,0.0,2026,"['RB', 'RB/WR', 'RB/WR/TE', 'OP', 'BE', 'IR']",,,,,,,,,,,,,,,,,,,,,,,,,,,,,,,,,,,,,,,,,,,,,,,,,,,,,,,,,,,,,,,,,,,,,,,,,,,,,,,,,,,,,,,,,,,,,,,,,,,,,,,,,,,,,,,,,,,,,,,,,,,,,,,,,,,,,,,
947,Khari Blasingame,3122154,None,0.0,2026,"['RB', 'RB/WR', 'RB/WR/TE', 'OP', 'BE', 'IR']",,,,,,,,,,,,,,,,,,,,,,,,,,,,,,,,,,,,,,,,,,,,,,,,,,,,,,,,,,,,,,,,,,,,,,,,,,,,,,,,,,,,,,,,,,,,,,,,,,,,,,,,,,,,,,,,,,,,,,,,,,,,,,,,,,,,,,,
948,Jakob Johnson,3115349,None,0.0,2026,"['RB', 'RB/WR', 'RB/WR/TE', 'OP', 'BE', 'IR']",,,,,,,,,,,,,,,,,,,,,,,,,,,,,,,,,,,,,,,,,,,,,,,,,,,,,,,,,,,,,,,,,,,,,,,,,,,,,,,,,,,,,,,,,,,,,,,,,,,,,,,,,,,,,,,,,,,,,,,,,,,,,,,,,,,,,,,
949,Craig Reynolds,4421446,None,0.0,2026,"['RB', 'RB/WR', 'RB/WR/TE', 'OP', 'BE', 'IR']",,,,,,,,,,,,,,,,,,,,,,,,,,,,,,,,,,,,,,,,,,,,,,,,,,,,,,,,,,,,,,,,,,,,,,,,,,,,,,,,,,,,,,,,,,,,,,,,,,,,,,,,,,,,,,,,,,,,,,,,,,,,,,,,,,,,,,,
950,Trenton Irwin,3931391,SF,0.0,2026,"['RB/WR', 'WR', 'WR/TE', 'RB/WR/TE', 'OP', 'BE', 'IR']",,,,,,,,,,,,,,,,,,,,,,,,,,,,,,,,,,,,,,,,,,,,,,,,,,,,,,,,,,,,,,,,,,,,,,,,,,,,,,,,,,,,,,,,,,,,,,,,,,,,,,,,,,,,,,,,,,,,,,,,,,,,,,,,,,,,,,,
951,Donald Parham Jr.,3912092,None,0.0,2026,"['WR/TE', 'TE', 'RB/WR/TE', 'OP', 'BE', 'IR']",,,,,,,,,,,,,,,,,,,,,,,,,,,,,,,,,,,,,,,,,,,,,,,,,,,,,,,,,,,,,,,,,,,,,,,,,,,,,,,,,,,,,,,,,,,,,,,,,,,,,,,,,,,,,,,,,,,,,,,,,,,,,,,,,,,,,,,
952,Darrynton Evans,4036431,None,0.0,2026,"['RB', 'RB/WR', 'RB/WR/TE', 'OP', 'BE', 'IR']",,,,,,,,,,,,,,,,,,,,,,,,,,,,,,,,,,,,,,,,,,,,,,,,,,,,,,,,,,,,,,,,,,,,,,,,,,,,,,,,,,,,,,,,,,,,,,,,,,,,,,,,,,,,,,,,,,,,,,,,,,,,,,,,,,,,,,,
953,Laviska Shenault Jr.,4243160,None,0.0,2026,"['RB/WR', 'WR', 'WR/TE', 'RB/WR/TE', 'OP', 'BE', 'IR']",,,,,,,,,,,,,,,,,,,,,,,,,,,,,,,,,,,,,,,,,,,,,,,,,,,,,,,,,,,,,,,,,,,,,,,,,,,,,,,,,,,,,,,,,,,,,,,,,,,,,,,,,,,,,,,,,,,,,,,,,,,,,,,,,,,,,,,
954,Harrison Bryant,4040774,None,0.0,2026,"['WR/TE', 'TE', 'RB/WR/TE', 'OP', 'BE', 'IR']",,,,,,,,,,,,,,,,,,,,,,,,,,,,,,,,,,,,,,,,,,,,,,,,,,,,,,,,,,,,,,,,,,,,,,,,,,,,,,,,,,,,,,,,,,,,,,,,,,,,,,,,,,,,,,,,,,,,,,,,,,,,,,,,,,,,,,,
955,Collin Johnson,4039043,None,0.0,2026,"['RB/WR', 'WR', 'WR/TE', 'RB/WR/TE', 'OP', 'BE', 'IR']",,,,,,,,,,,,,,,,,,,,,,,,,,,,,,,,,,,,,,,,,,,,,,,,,,,,,,,,,,,,,,,,,,,,,,,,,,,,,,,,,,,,,,,,,,,,,,,,,,,,,,,,,,,,,,,,,,,,,,,,,,,,,,,,,,,,,,,
956,James Proche II,3916204,None,0.0,2026,"['RB/WR', 'WR', 'WR/TE', 'RB/WR/TE', 'OP', 'BE', 'IR']",,,,,,,,,,,,,,,,,,,,,,,,,,,,,,,,,,,,,,,,,,,,,,,,,,,,,,,,,,,,,,,,,,,,,,,,,,,,,,,,,,,,,,,,,,,,,,,,,,,,,,,,,,,,,,,,,,,,,,,,,,,,,,,,,,,,,,,
957,Marquez Callaway,4035170,None,0.0,2026,"['RB/WR', 'WR', 'WR/TE', 'RB/WR/TE', 'OP', 'BE', 'IR']",,,,,,,,,,,,,,,,,,,,,,,,,,,,,,,,,,,,,,,,,,,,,,,,,,,,,,,,,,,,,,,,,,,,,,,,,,,,,,,,,,,,,,,,,,,,,,,,,,,,,,,,,,,,,,,,,,,,,,,,,,,,,,,,,,,,,,,
958,JaMycal Hasty,3928925,None,0.0,2026,"['RB', 'RB/WR', 'RB/WR/TE', 'OP', 'BE', 'IR']",,,,,,,,,,,,,,,,,,,,,,,,,,,,,,,,,,,,,,,,,,,,,,,,,,,,,,,,,,,,,,,,,,,,,,,,,,,,,,,,,,,,,,,,,,,,,,,,,,,,,,,,,,,,,,,,,,,,,,,,,,,,,,,,,,,,,,,
959,John Wolford,3124092,None,0.0,2026,"['QB', 'OP', 'BE', 'IR']",,,,,,,,,,,,,,,,,,,,,,,,,,,,,,,,,,,,,,,,,,,,,,,,,,,,,,,,,,,,,,,,,,,,,,,,,,,,,,,,,,,,,,,,,,,,,,,,,,,,,,,,,,,,,,,,,,,,,,,,,,,,,,,,,,,,,,,
960,Jonathan Ward,4039274,None,0.0,2026,"['RB', 'RB/WR', 'RB/WR/TE', 'OP', 'BE', 'IR']",,,,,,,,,,,,,,,,,,,,,,,,,,,,,,,,,,,,,,,,,,,,,,,,,,,,,,,,,,,,,,,,,,,,,,,,,,,,,,,,,,,,,,,,,,,,,,,,,,,,,,,,,,,,,,,,,,,,,,,,,,,,,,,,,,,,,,,
961,Tony Jones Jr.,4046676,None,0.0,2026,"['RB', 'RB/WR', 'RB/WR/TE', 'OP', 'BE', 'IR']",,,,,,,,,,,,,,,,,,,,,,,,,,,,,,,,,,,,,,,,,,,,,,,,,,,,,,,,,,,,,,,,,,,,,,,,,,,,,,,,,,,,,,,,,,,,,,,,,,,,,,,,,,,,,,,,,,,,,,,,,,,,,,,,,,,,,,,
962,Kristian Wilkerson,3910176,None,0.0,2026,"['RB/WR', 'WR', 'WR/TE', 'RB/WR/TE', 'OP', 'BE', 'IR']",,,,,,,,,,,,,,,,,,,,,,,,,,,,,,,,,,,,,,,,,,,,,,,,,,,,,,,,,,,,,,,,,,,,,,,,,,,,,,,,,,,,,,,,,,,,,,,,,,,,,,,,,,,,,,,,,,,,,,,,,,,,,,,,,,,,,,,
963,Tony Brown,3915821,None,0.0,2026,"['RB/WR', 'WR', 'WR/TE', 'RB/WR/TE', 'OP', 'BE', 'IR']",,,,,,,,,,,,,,,,,,,,,,,,,,,,,,,,,,,,,,,,,,,,,,,,,,,,,,,,,,,,,,,,,,,,,,,,,,,,,,,,,,,,,,,,,,,,,,,,,,,,,,,,,,,,,,,,,,,,,,,,,,,,,,,,,,,,,,,
964,Trey Sermon,4241401,None,0.0,2026,"['RB', 'RB/WR', 'RB/WR/TE', 'OP', 'BE', 'IR']",,,,,,,,,,,,,,,,,,,,,,,,,,,,,,,,,,,,,,,,,,,,,,,,,,,,,,,,,,,,,,,,,,,,,,,,,,,,,,,,,,,,,,,,,,,,,,,,,,,,,,,,,,,,,,,,,,,,,,,,,,,,,,,,,,,,,,,
965,Dee Eskridge,4043016,None,0.0,2026,"['RB/WR', 'WR', 'WR/TE', 'RB/WR/TE', 'OP', 'BE', 'IR']",,,,,,,,,,,,,,,,,,,,,,,,,,,,,,,,,,,,,,,,,,,,,,,,,,,,,,,,,,,,,,,,,,,,,,,,,,,,,,,,,,,,,,,,,,,,,,,,,,,,,,,,,,,,,,,,,,,,,,,,,,,,,,,,,,,,,,,
966,Kyle Trask,4034946,None,0.0,2026,"['QB', 'OP', 'BE', 'IR']",,,,,,,,,,,,,,,,,,,,,,,,,,,,,,,,,,,,,,,,,,,,,,,,,,,,,,,,,,,,,,,,,,,,,,,,,,,,,,,,,,,,,,,,,,,,,,,,,,,,,,,,,,,,,,,,,,,,,,,,,,,,,,,,,,,,,,,
967,Dez Fitzpatrick,4036026,None,0.0,2026,"['RB/WR', 'WR', 'WR/TE', 'RB/WR/TE', 'OP', 'BE', 'IR']",,,,,,,,,,,,,,,,,,,,,,,,,,,,,,,,,,,,,,,,,,,,,,,,,,,,,,,,,,,,,,,,,,,,,,,,,,,,,,,,,,,,,,,,,,,,,,,,,,,,,,,,,,,,,,,,,,,,,,,,,,,,,,,,,,,,,,,
968,Jaelon Darden,4243830,None,0.0,2026,"['RB/WR', 'WR', 'WR/TE', 'RB/WR/TE', 'OP', 'BE', 'IR']",,,,,,,,,,,,,,,,,,,,,,,,,,,,,,,,,,,,,,,,,,,,,,,,,,,,,,,,,,,,,,,,,,,,,,,,,,,,,,,,,,,,,,,,,,,,,,,,,,,,,,,,,,,,,,,,,,,,,,,,,,,,,,,,,,,,,,,
969,Avery Williams,4048259,None,0.0,2026,"['RB', 'RB/WR', 'RB/WR/TE', 'OP', 'BE', 'IR']",,,,,,,,,,,,,,,,,,,,,,,,,,,,,,,,,,,,,,,,,,,,,,,,,,,,,,,,,,,,,,,,,,,,,,,,,,,,,,,,,,,,,,,,,,,,,,,,,,,,,,,,,,,,,,,,,,,,,,,,,,,,,,,,,,,,,,,
970,Jody Fortson,4408854,None,0.0,2026,"['WR/TE', 'TE', 'RB/WR/TE', 'OP', 'BE', 'IR']",,,,,,,,,,,,,,,,,,,,,,,,,,,,,,,,,,,,,,,,,,,,,,,,,,,,,,,,,,,,,,,,,,,,,,,,,,,,,,,,,,,,,,,,,,,,,,,,,,,,,,,,,,,,,,,,,,,,,,,,,,,,,,,,,,,,,,,
971,Parker Hesse,3144991,None,0.0,2026,"['WR/TE', 'TE', 'RB/WR/TE', 'OP', 'BE', 'IR']",,,,,,,,,,,,,,,,,,,,,,,,,,,,,,,,,,,,,,,,,,,,,,,,,,,,,,,,,,,,,,,,,,,,,,,,,,,,,,,,,,,,,,,,,,,,,,,,,,,,,,,,,,,,,,,,,,,,,,,,,,,,,,,,,,,,,,,
972,Mitchell Wilcox,3923392,None,0.0,2026,"['WR/TE', 'TE', 'RB/WR/TE', 'OP', 'BE', 'IR']",,,,,,,,,,,,,,,,,,,,,,,,,,,,,,,,,,,,,,,,,,,,,,,,,,,,,,,,,,,,,,,,,,,,,,,,,,,,,,,,,,,,,,,,,,,,,,,,,,,,,,,,,,,,,,,,,,,,,,,,,,,,,,,,,,,,,,,
973,Giovanni Ricci,3916749,None,0.0,2026,"['WR/TE', 'TE', 'RB/WR/TE', 'OP', 'BE', 'IR']",,,,,,,,,,,,,,,,,,,,,,,,,,,,,,,,,,,,,,,,,,,,,,,,,,,,,,,,,,,,,,,,,,,,,,,,,,,,,,,,,,,,,,,,,,,,,,,,,,,,,,,,,,,,,,,,,,,,,,,,,,,,,,,,,,,,,,,
974,Josh Johnson,4390717,None,0.0,2026,"['RB', 'RB/WR', 'RB/WR/TE', 'OP', 'BE', 'IR']",,,,,,,,,,,,,,,,,,,,,,,,,,,,,,,,,,,,,,,,,,,,,,,,,,,,,,,,,,,,,,,,,,,,,,,,,,,,,,,,,,,,,,,,,,,,,,,,,,,,,,,,,,,,,,,,,,,,,,,,,,,,,,,,,,,,,,,
975,Tyler Mabry,3916587,None,0.0,2026,"['WR/TE', 'TE', 'RB/WR/TE', 'OP', 'BE', 'IR']",,,,,,,,,,,,,,,,,,,,,,,,,,,,,,,,,,,,,,,,,,,,,,,,,,,,,,,,,,,,,,,,,,,,,,,,,,,,,,,,,,,,,,,,,,,,,,,,,,,,,,,,,,,,,,,,,,,,,,,,,,,,,,,,,,,,,,,
976,D.J. Montgomery,4249030,None,0.0,2026,"['RB/WR', 'WR', 'WR/TE', 'RB/WR/TE', 'OP', 'BE', 'IR']",,,,,,,,,,,,,,,,,,,,,,,,,,,,,,,,,,,,,,,,,,,,,,,,,,,,,,,,,,,,,,,,,,,,,,,,,,,,,,,,,,,,,,,,,,,,,,,,,,,,,,,,,,,,,,,,,,,,,,,,,,,,,,,,,,,,,,,
977,Cody Thompson,3126115,None,0.0,2026,"['RB/WR', 'WR', 'WR/TE', 'RB/WR/TE', 'OP', 'BE', 'IR']",,,,,,,,,,,,,,,,,,,,,,,,,,,,,,,,,,,,,,,,,,,,,,,,,,,,,,,,,,,,,,,,,,,,,,,,,,,,,,,,,,,,,,,,,,,,,,,,,,,,,,,,,,,,,,,,,,,,,,,,,,,,,,,,,,,,,,,
978,Tyrion Davis-Price,4426475,None,0.0,2026,"['RB', 'RB/WR', 'RB/WR/TE', 'OP', 'BE', 'IR']",,,,,,,,,,,,,,,,,,,,,,,,,,,,,,,,,,,,,,,,,,,,,,,,,,,,,,,,,,,,,,,,,,,,,,,,,,,,,,,,,,,,,,,,,,,,,,,,,,,,,,,,,,,,,,,,,,,,,,,,,,,,,,,,,,,,,,,
979,David Bell,4570409,CLE,0.0,2026,"['RB/WR', 'WR', 'WR/TE', 'RB/WR/TE', 'OP', 'BE', 'IR']",,,,,,,,,,,,,,,,,,,,,,,,,,,,,,,,,,,,,,,,,,,,,,,,,,,,,,,,,,,,,,,,,,,,,,,,,,,,,,,,,,,,,,,,,,,,,,,,,,,,,,,,,,,,,,,,,,,,,,,,,,,,,,,,,,,,,,,
980,Keaontay Ingram,4362087,None,0.0,2026,"['RB', 'RB/WR', 'RB/WR/TE', 'OP', 'BE', 'IR']",,,,,,,,,,,,,,,,,,,,,,,,,,,,,,,,,,,,,,,,,,,,,,,,,,,,,,,,,,,,,,,,,,,,,,,,,,,,,,,,,,,,,,,,,,,,,,,,,,,,,,,,,,,,,,,,,,,,,,,,,,,,,,,,,,,,,,,
981,John FitzPatrick,4379401,None,0.0,2026,"['WR/TE', 'TE', 'RB/WR/TE', 'OP', 'BE', 'IR']",,,,,,,,,,,,,,,,,,,,,,,,,,,,,,,,,,,,,,,,,,,,,,,,,,,,,,,,,,,,,,,,,,,,,,,,,,,,,,,,,,,,,,,,,,,,,,,,,,,,,,,,,,,,,,,,,,,,,,,,,,,,,,,,,,,,,,,
982,Nick Muse,4249624,None,0.0,2026,"['WR/TE', 'TE', 'RB/WR/TE', 'OP', 'BE', 'IR']",,,,,,,,,,,,,,,,,,,,,,,,,,,,,,,,,,,,,,,,,,,,,,,,,,,,,,,,,,,,,,,,,,,,,,,,,,,,,,,,,,,,,,,,,,,,,,,,,,,,,,,,,,,,,,,,,,,,,,,,,,,,,,,,,,,,,,,
983,Montrell Washington,4248822,None,0.0,2026,"['RB/WR', 'WR', 'WR/TE', 'RB/WR/TE', 'OP', 'BE', 'IR']",,,,,,,,,,,,,,,,,,,,,,,,,,,,,,,,,,,,,,,,,,,,,,,,,,,,,,,,,,,,,,,,,,,,,,,,,,,,,,,,,,,,,,,,,,,,,,,,,,,,,,,,,,,,,,,,,,,,,,,,,,,,,,,,,,,,,,,
984,Justyn Ross,4360306,None,0.0,2026,"['RB/WR', 'WR', 'WR/TE', 'RB/WR/TE', 'OP', 'BE', 'IR']",,,,,,,,,,,,,,,,,,,,,,,,,,,,,,,,,,,,,,,,,,,,,,,,,,,,,,,,,,,,,,,,,,,,,,,,,,,,,,,,,,,,,,,,,,,,,,,,,,,,,,,,,,,,,,,,,,,,,,,,,,,,,,,,,,,,,,,
985,Peyton Hendershot,4258248,None,0.0,2026,"['WR/TE', 'TE', 'RB/WR/TE', 'OP', 'BE', 'IR']",,,,,,,,,,,,,,,,,,,,,,,,,,,,,,,,,,,,,,,,,,,,,,,,,,,,,,,,,,,,,,,,,,,,,,,,,,,,,,,,,,,,,,,,,,,,,,,,,,,,,,,,,,,,,,,,,,,,,,,,,,,,,,,,,,,,,,,
986,Zack Kuntz,4361417,LV,0.0,2026,"['WR/TE', 'TE', 'RB/WR/TE', 'OP', 'BE', 'IR']",,,,,,,,,,,,,,,,,,,,,,,,,,,,,,,,,,,,,,,,,,,,,,,,,,,,,,,,,,,,,,,,,,,,,,,,,,,,,,,,,,,,,,,,,,,,,,,,,,,,,,,,,,,,,,,,,,,,,,,,,,,,,,,,,,,,,,,
987,Jake Haener,4243322,None,0.0,2026,"['QB', 'OP', 'BE', 'IR']",,,,,,,,,,,,,,,,,,,,,,,,,,,,,,,,,,,,,,,,,,,,,,,,,,,,,,,,,,,,,,,,,,,,,,,,,,,,,,,,,,,,,,,,,,,,,,,,,,,,,,,,,,,,,,,,,,,,,,,,,,,,,,,,,,,,,,,
988,Antoine Green,4373266,None,0.0,2026,"['RB/WR', 'WR', 'WR/TE', 'RB/WR/TE', 'OP', 'BE', 'IR']",,,,,,,,,,,,,,,,,,,,,,,,,,,,,,,,,,,,,,,,,,,,,,,,,,,,,,,,,,,,,,,,,,,,,,,,,,,,,,,,,,,,,,,,,,,,,,,,,,,,,,,,,,,,,,,,,,,,,,,,,,,,,,,,,,,,,,,
989,Jaren Hall,4373632,None,0.0,2026,"['QB', 'OP', 'BE', 'IR']",,,,,,,,,,,,,,,,,,,,,,,,,,,,,,,,,,,,,,,,,,,,,,,,,,,,,,,,,,,,,,,,,,,,,,,,,,,,,,,,,,,,,,,,,,,,,,,,,,,,,,,,,,,,,,,,,,,,,,,,,,,,,,,,,,,,,,,
990,Deneric Prince,4372526,None,0.0,2026,"['RB', 'RB/WR', 'RB/WR/TE', 'OP', 'BE', 'IR']",,,,,,,,,,,,,,,,,,,,,,,,,,,,,,,,,,,,,,,,,,,,,,,,,,,,,,,,,,,,,,,,,,,,,,,,,,,,,,,,,,,,,,,,,,,,,,,,,,,,,,,,,,,,,,,,,,,,,,,,,,,,,,,,,,,,,,,
991,Mohamed Ibrahim,4240750,None,0.0,2026,"['RB', 'RB/WR', 'RB/WR/TE', 'OP', 'BE', 'IR']",,,,,,,,,,,,,,,,,,,,,,,,,,,,,,,,,,,,,,,,,,,,,,,,,,,,,,,,,,,,,,,,,,,,,,,,,,,,,,,,,,,,,,,,,,,,,,,,,,,,,,,,,,,,,,,,,,,,,,,,,,,,,,,,,,,,,,,
992,Joseph Ngata,4426426,None,0.0,2026,"['RB/WR', 'WR', 'WR/TE', 'RB/WR/TE', 'OP', 'BE', 'IR']",,,,,,,,,,,,,,,,,,,,,,,,,,,,,,,,,,,,,,,,,,,,,,,,,,,,,,,,,,,,,,,,,,,,,,,,,,,,,,,,,,,,,,,,,,,,,,,,,,,,,,,,,,,,,,,,,,,,,,,,,,,,,,,,,,,,,,,
993,Elijah Dotson,4248909,None,0.0,2026,"['RB', 'RB/WR', 'RB/WR/TE', 'OP', 'BE', 'IR']",,,,,,,,,,,,,,,,,,,,,,,,,,,,,,,,,,,,,,,,,,,,,,,,,,,,,,,,,,,,,,,,,,,,,,,,,,,,,,,,,,,,,,,,,,,,,,,,,,,,,,,,,,,,,,,,,,,,,,,,,,,,,,,,,,,,,,,
994,Chase Cota,4367186,None,0.0,2026,"['RB/WR', 'WR', 'WR/TE', 'RB/WR/TE', 'OP', 'BE', 'IR']",,,,,,,,,,,,,,,,,,,,,,,,,,,,,,,,,,,,,,,,,,,,,,,,,,,,,,,,,,,,,,,,,,,,,,,,,,,,,,,,,,,,,,,,,,,,,,,,,,,,,,,,,,,,,,,,,,,,,,,,,,,,,,,,,,,,,,,
995,Elijah Cooks,4241588,None,0.0,2026,"['RB/WR', 'WR', 'WR/TE', 'RB/WR/TE', 'OP', 'BE', 'IR']",,,,,,,,,,,,,,,,,,,,,,,,,,,,,,,,,,,,,,,,,,,,,,,,,,,,,,,,,,,,,,,,,,,,,,,,,,,,,,,,,,,,,,,,,,,,,,,,,,,,,,,,,,,,,,,,,,,,,,,,,,,,,,,,,,,,,,,
996,Xazavian Valladay,4240350,None,0.0,2026,"['RB', 'RB/WR', 'RB/WR/TE', 'OP', 'BE', 'IR']",,,,,,,,,,,,,,,,,,,,,,,,,,,,,,,,,,,,,,,,,,,,,,,,,,,,,,,,,,,,,,,,,,,,,,,,,,,,,,,,,,,,,,,,,,,,,,,,,,,,,,,,,,,,,,,,,,,,,,,,,,,,,,,,,,,,,,,
997,Tucker Fisk,4242558,None,0.0,2026,"['WR/TE', 'TE', 'RB/WR/TE', 'OP', 'BE', 'IR']",,,,,,,,,,,,,,,,,,,,,,,,,,,,,,,,,,,,,,,,,,,,,,,,,,,,,,,,,,,,,,,,,,,,,,,,,,,,,,,,,,,,,,,,,,,,,,,,,,,,,,,,,,,,,,,,,,,,,,,,,,,,,,,,,,,,,,,
998,Terrell Bynum,4243319,None,0.0,2026,"['RB/WR', 'WR', 'WR/TE', 'RB/WR/TE', 'OP', 'BE', 'IR']",,,,,,,,,,,,,,,,,,,,,,,,,,,,,,,,,,,,,,,,,,,,,,,,,,,,,,,,,,,,,,,,,,,,,,,,,,,,,,,,,,,,,,,,,,,,,,,,,,,,,,,,,,,,,,,,,,,,,,,,,,,,,,,,,,,,,,,
999,Ellis Merriweather,4685016,None,0.0,2026,"['RB', 'RB/WR', 'RB/WR/TE', 'OP', 'BE', 'IR']",,,,,,,,,,,,,,,,,,,,,,,,,,,,,,,,,,,,,,,,,,,,,,,,,,,,,,,,,,,,,,,,,,,,,,,,,,,,,,,,,,,,,,,,,,,,,,,,,,,,,,,,,,,,,,,,,,,,,,,,,,,,,,,,,,,,,,,
1000,Travis Vokolek,4259324,None,0.0,2026,"['WR/TE', 'TE', 'RB/WR/TE', 'OP', 'BE', 'IR']",,,,,,,,,,,,,,,,,,,,,,,,,,,,,,,,,,,,,,,,,,,,,,,,,,,,,,,,,,,,,,,,,,,,,,,,,,,,,,,,,,,,,,,,,,,,,,,,,,,,,,,,,,,,,,,,,,,,,,,,,,,,,,,,,,,,,,,
1001,Henry Pearson,4360794,None,0.0,2026,"['WR/TE', 'TE', 'RB/WR/TE', 'OP', 'BE', 'IR']",,,,,,,,,,,,,,,,,,,,,,,,,,,,,,,,,,,,,,,,,,,,,,,,,,,,,,,,,,,,,,,,,,,,,,,,,,,,,,,,,,,,,,,,,,,,,,,,,,,,,,,,,,,,,,,,,,,,,,,,,,,,,,,,,,,,,,,
1002,Rodney Williams,4250969,None,0.0,2026,"['WR/TE', 'TE', 'RB/WR/TE', 'OP', 'BE', 'IR']",,,,,,,,,,,,,,,,,,,,,,,,,,,,,,,,,,,,,,,,,,,,,,,,,,,,,,,,,,,,,,,,,,,,,,,,,,,,,,,,,,,,,,,,,,,,,,,,,,,,,,,,,,,,,,,,,,,,,,,,,,,,,,,,,,,,,,,
1003,Jase McClellan,4429001,None,0.0,2026,"['RB', 'RB/WR', 'RB/WR/TE', 'OP', 'BE', 'IR']",,,,,,,,,,,,,,,,,,,,,,,,,,,,,,,,,,,,,,,,,,,,,,,,,,,,,,,,,,,,,,,,,,,,,,,,,,,,,,,,,,,,,,,,,,,,,,,,,,,,,,,,,,,,,,,,,,,,,,,,,,,,,,,,,,,,,,,
1004,Keilan Robinson,4567095,None,0.0,2026,"['RB', 'RB/WR', 'RB/WR/TE', 'OP', 'BE', 'IR']",,,,,,,,,,,,,,,,,,,,,,,,,,,,,,,,,,,,,,,,,,,,,,,,,,,,,,,,,,,,,,,,,,,,,,,,,,,,,,,,,,,,,,,,,,,,,,,,,,,,,,,,,,,,,,,,,,,,,,,,,,,,,,,,,,,,,,,
1005,Blake Watson,4361604,None,0.0,2026,"['RB', 'RB/WR', 'RB/WR/TE', 'OP', 'BE', 'IR']",,,,,,,,,,,,,,,,,,,,,,,,,,,,,,,,,,,,,,,,,,,,,,,,,,,,,,,,,,,,,,,,,,,,,,,,,,,,,,,,,,,,,,,,,,,,,,,,,,,,,,,,,,,,,,,,,,,,,,,,,,,,,,,,,,,,,,,
1006,John Stephens Jr.,4362489,None,0.0,2026,"['WR/TE', 'TE', 'RB/WR/TE', 'OP', 'BE', 'IR']",,,,,,,,,,,,,,,,,,,,,,,,,,,,,,,,,,,,,,,,,,,,,,,,,,,,,,,,,,,,,,,,,,,,,,,,,,,,,,,,,,,,,,,,,,,,,,,,,,,,,,,,,,,,,,,,,,,,,,,,,,,,,,,,,,,,,,,
1007,Dallin Holker,4373634,None,0.0,2026,"['WR/TE', 'TE', 'RB/WR/TE', 'OP', 'BE', 'IR']",,,,,,,,,,,,,,,,,,,,,,,,,,,,,,,,,,,,,,,,,,,,,,,,,,,,,,,,,,,,,,,,,,,,,,,,,,,,,,,,,,,,,,,,,,,,,,,,,,,,,,,,,,,,,,,,,,,,,,,,,,,,,,,,,,,,,,,
1008,Bryce Ford-Wheaton,4362227,None,0.0,2026,"['RB/WR', 'WR', 'WR/TE', 'RB/WR/TE', 'OP', 'BE', 'IR']",,,,,,,,,,,,,,,,,,,,,,,,,,,,,,,,,,,,,,,,,,,,,,,,,,,,,,,,,,,,,,,,,,,,,,,,,,,,,,,,,,,,,,,,,,,,,,,,,,,,,,,,,,,,,,,,,,,,,,,,,,,,,,,,,,,,,,,
1009,Ramel Keyton,4426399,None,0.0,2026,"['RB/WR', 'WR', 'WR/TE', 'RB/WR/TE', 'OP', 'BE', 'IR']",,,,,,,,,,,,,,,,,,,,,,,,,,,,,,,,,,,,,,,,,,,,,,,,,,,,,,,,,,,,,,,,,,,,,,,,,,,,,,,,,,,,,,,,,,,,,,,,,,,,,,,,,,,,,,,,,,,,,,,,,,,,,,,,,,,,,,,
1010,Tyreik McAllister,4589248,None,0.0,2026,"['RB/WR', 'WR', 'WR/TE', 'RB/WR/TE', 'OP', 'BE', 'IR']",,,,,,,,,,,,,,,,,,,,,,,,,,,,,,,,,,,,,,,,,,,,,,,,,,,,,,,,,,,,,,,,,,,,,,,,,,,,,,,,,,,,,,,,,,,,,,,,,,,,,,,,,,,,,,,,,,,,,,,,,,,,,,,,,,,,,,,
1011,Thomas Odukoya,4363554,None,0.0,2026,"['WR/TE', 'TE', 'RB/WR/TE', 'OP', 'BE', 'IR']",,,,,,,,,,,,,,,,,,,,,,,,,,,,,,,,,,,,,,,,,,,,,,,,,,,,,,,,,,,,,,,,,,,,,,,,,,,,,,,,,,,,,,,,,,,,,,,,,,,,,,,,,,,,,,,,,,,,,,,,,,,,,,,,,,,,,,,
1012,Joshua Cephus,4426893,None,0.0,2026,"['RB/WR', 'WR', 'WR/TE', 'RB/WR/TE', 'OP', 'BE', 'IR']",,,,,,,,,,,,,,,,,,,,,,,,,,,,,,,,,,,,,,,,,,,,,,,,,,,,,,,,,,,,,,,,,,,,,,,,,,,,,,,,,,,,,,,,,,,,,,,,,,,,,,,,,,,,,,,,,,,,,,,,,,,,,,,,,,,,,,,
1013,Jaylen Johnson,4379405,None,0.0,2026,"['RB/WR', 'WR', 'WR/TE', 'RB/WR/TE', 'OP', 'BE', 'IR']",,,,,,,,,,,,,,,,,,,,,,,,,,,,,,,,,,,,,,,,,,,,,,,,,,,,,,,,,,,,,,,,,,,,,,,,,,,,,,,,,,,,,,,,,,,,,,,,,,,,,,,,,,,,,,,,,,,,,,,,,,,,,,,,,,,,,,,
1014,Dalen Cambre,4570296,NYG,0.0,2026,"['RB/WR', 'WR', 'WR/TE', 'RB/WR/TE', 'OP', 'BE', 'IR']",,,,,,,,,,,,,,,,,,,,,,,,,,,,,,,,,,,,,,,,,,,,,,,,,,,,,,,,,,,,,,,,,,,,,,,,,,,,,,,,,,,,,,,,,,,,,,,,,,,,,,,,,,,,,,,,,,,,,,,,,,,,,,,,,,,,,,,
1015,Jacoby Jones,5083297,WSH,0.0,2026,"['RB/WR', 'WR', 'WR/TE', 'RB/WR/TE', 'OP', 'BE', 'IR']",,,,,,,,,,,,,,,,,,,,,,,,,,,,,,,,,,,,,,,,,,,,,,,,,,,,,,,,,,,,,,,,,,,,,,,,,,,,,,,,,,,,,,,,,,,,,,,,,,,,,,,,,,,,,,,,,,,,,,,,,,,,,,,,,,,,,,,
1016,Deonte Harty,4411193,None,0.0,2026,"['RB/WR', 'WR', 'WR/TE', 'RB/WR/TE', 'OP', 'BE', 'IR']",,,,,,,,,,,,,,,,,,,,,,,,,,,,,,,,,,,,,,,,,,,,,,,,,,,,,,,,,,,,,,,,,,,,,,,,,,,,,,,,,,,,,,,,,,,,,,,,,,,,,,,,,,,,,,,,,,,,,,,,,,,,,,,,,,,,,,,
1017,Stephen Sullivan,4035426,None,0.0,2026,"['WR/TE', 'TE', 'RB/WR/TE', 'OP', 'BE', 'IR']",,,,,,,,,,,,,,,,,,,,,,,,,,,,,,,,,,,,,,,,,,,,,,,,,,,,,,,,,,,,,,,,,,,,,,,,,,,,,,,,,,,,,,,,,,,,,,,,,,,,,,,,,,,,,,,,,,,,,,,,,,,,,,,,,,,,,,,
1018,Trishton Jackson,4046715,None,0.0,2026,"['RB/WR', 'WR', 'WR/TE', 'RB/WR/TE', 'OP', 'BE', 'IR']",,,,,,,,,,,,,,,,,,,,,,,,,,,,,,,,,,,,,,,,,,,,,,,,,,,,,,,,,,,,,,,,,,,,,,,,,,,,,,,,,,,,,,,,,,,,,,,,,,,,,,,,,,,,,,,,,,,,,,,,,,,,,,,,,,,,,,,
1019,Zach Davidson,4746079,None,0.0,2026,"['WR/TE', 'TE', 'RB/WR/TE', 'OP', 'BE', 'IR']",,,,,,,,,,,,,,,,,,,,,,,,,,,,,,,,,,,,,,,,,,,,,,,,,,,,,,,,,,,,,,,,,,,,,,,,,,,,,,,,,,,,,,,,,,,,,,,,,,,,,,,,,,,,,,,,,,,,,,,,,,,,,,,,,,,,,,,
1020,Troy Hairston,4274040,None,0.0,2026,"['RB', 'RB/WR', 'RB/WR/TE', 'OP', 'BE', 'IR']",,,,,,,,,,,,,,,,,,,,,,,,,,,,,,,,,,,,,,,,,,,,,,,,,,,,,,,,,,,,,,,,,,,,,,,,,,,,,,,,,,,,,,,,,,,,,,,,,,,,,,,,,,,,,,,,,,,,,,,,,,,,,,,,,,,,,,,
1021,Zach Evans,4685035,None,0.0,2026,"['RB', 'RB/WR', 'RB/WR/TE', 'OP', 'BE', 'IR']",,,,,,,,,,,,,,,,,,,,,,,,,,,,,,,,,,,,,,,,,,,,,,,,,,,,,,,,,,,,,,,,,,,,,,,,,,,,,,,,,,,,,,,,,,,,,,,,,,,,,,,,,,,,,,,,,,,,,,,,,,,,,,,,,,,,,,,
1022,Grant DuBose,4879650,None,0.0,2026,"['RB/WR', 'WR', 'WR/TE', 'RB/WR/TE', 'OP', 'BE', 'IR']",,,,,,,,,,,,,,,,,,,,,,,,,,,,,,,,,,,,,,,,,,,,,,,,,,,,,,,,,,,,,,,,,,,,,,,,,,,,,,,,,,,,,,,,,,,,,,,,,,,,,,,,,,,,,,,,,,,,,,,,,,,,,,,,,,,,,,,
1023,Rakim Jarrett,4429006,None,0.0,2026,"['RB/WR', 'WR', 'WR/TE', 'RB/WR/TE', 'OP', 'BE', 'IR']",,,,,,,,,,,,,,,,,,,,,,,,,,,,,,,,,,,,,,,,,,,,,,,,,,,,,,,,,,,,,,,,,,,,,,,,,,,,,,,,,,,,,,,,,,,,,,,,,,,,,,,,,,,,,,,,,,,,,,,,,,,,,,,,,,,,,,,
1024,Malik Heath,4689334,None,0.0,2026,"['RB/WR', 'WR', 'WR/TE', 'RB/WR/TE', 'OP', 'BE', 'IR']",,,,,,,,,,,,,,,,,,,,,,,,,,,,,,,,,,,,,,,,,,,,,,,,,,,,,,,,,,,,,,,,,,,,,,,,,,,,,,,,,,,,,,,,,,,,,,,,,,,,,,,,,,,,,,,,,,,,,,,,,,,,,,,,,,,,,,,
1025,Kearis Jackson,4361778,None,0.0,2026,"['RB/WR', 'WR', 'WR/TE', 'RB/WR/TE', 'OP', 'BE', 'IR']",,,,,,,,,,,,,,,,,,,,,,,,,,,,,,,,,,,,,,,,,,,,,,,,,,,,,,,,,,,,,,,,,,,,,,,,,,,,,,,,,,,,,,,,,,,,,,,,,,,,,,,,,,,,,,,,,,,,,,,,,,,,,,,,,,,,,,,
