,player_name,player_id,pro_team,projected_points,year,eligible_slots,proj_defensive0PointsAllowed,proj_defensive1To6PointsAllowed,proj_defensive7To13PointsAllowed,proj_defensive14To17PointsAllowed,proj_defensiveBlockedKickForTouchdowns,proj_defensiveTouchdowns,proj_defensiveInterceptions,proj_defensiveFumbles,proj_defensiveBlockedKicks,proj_defensiveSafeties,proj_defensiveSacks,proj_100,proj_kickoffReturnTouchdowns,proj_puntReturnTouchdowns,proj_interceptionReturnTouchdowns,proj_fumbleReturnTouchdowns,proj_defensivePlusSpecialTeamsTouchdowns,proj_defensiveForcedFumbles,proj_defensiveTotalTackles,proj_110,proj_111,proj_112,proj_defensivePassesDefensed,proj_kickoffReturnYards,proj_puntReturnYards,proj_116,proj_117,proj_puntsReturned,proj_defensivePointsAllowed,proj_defensive18To21PointsAllowed,proj_defensive22To27PointsAllowed,proj_defensive28To34PointsAllowed,proj_defensive35To45PointsAllowed,proj_defensive45PlusPointsAllowed,proj_126,proj_defensiveYardsAllowed,proj_defensive100To199YardsAllowed,proj_defensive200To299YardsAllowed,proj_defensive300To349YardsAllowed,proj_defensive350To399YardsAllowed,proj_defensive400To449YardsAllowed,proj_defensive450To499YardsAllowed,proj_defensive500To549YardsAllowed,proj_defensive550PlusYardsAllowed,proj_137,proj_210,proj_madeFieldGoalsFrom50Plus,proj_attemptedFieldGoalsFrom50Plus,proj_missedFieldGoalsFrom50Plus,proj_madeFieldGoalsFrom40To49,proj_attemptedFieldGoalsFrom40To49,proj_missedFieldGoalsFrom40To49,proj_madeFieldGoalsFromUnder40,proj_attemptedFieldGoalsFromUnder40,proj_missedFieldGoalsFromUnder40,proj_madeFieldGoals,proj_attemptedFieldGoals,proj_missedFieldGoals,proj_madeExtraPoints,proj_attemptedExtraPoints,proj_missedExtraPoints,proj_198,proj_199,proj_200,proj_214,proj_215,proj_216,proj_rushingAttempts,proj_rushingYards,proj_rushingTouchdowns,proj_rushing2PtConversions,proj_rushing40PlusYardTD,proj_rushing50PlusYardTD,proj_rushing100To199YardGame,proj_rushing200PlusYardGame,proj_rushingYardsPerAttempt,proj_receivingYards,proj_receivingTouchdowns,proj_receiving2PtConversions,proj_receiving40PlusYardTD,proj_receiving50PlusYardTD,proj_47,proj_48,proj_receivingReceptions,proj_receiving100To199YardGame,proj_receiving200PlusYardGame,proj_receivingTargets,proj_receivingYardsPerReception,proj_2PtConversions,proj_fumbleRecoveredForTD,proj_66,proj_67,proj_fumbles,proj_70,proj_71,proj_lostFumbles,proj_turnovers,proj_212,proj_213,proj_27,proj_28,proj_29,proj_30,proj_33,proj_34,proj_49,proj_50,proj_119,proj_passingAttempts,proj_passingCompletions,proj_passingIncompletions,proj_passingYards,proj_passingTouchdowns,proj_5,proj_6,proj_7,proj_8,proj_9,proj_10,proj_11,proj_12,proj_passing40PlusYardTD,proj_passing50PlusYardTD,proj_passing300To399YardGame,proj_passing400PlusYardGame,proj_passing2PtConversions,proj_passingInterceptions,proj_passingCompletionPercentage,proj_passingTimesSacked,proj_65,proj_69,proj_211
0,George Kittle,3040151,SF,226.9,2025,"['WR/TE', 'TE', 'RB/WR/TE', 'OP', 'BE', 'IR']",,,,,,,,,,,,,,,,,,,,,,,,,,,,,,,,,,,,,,,,,,,,,,,,,,,,,,,,,,,,,,,,,,,,,,,,,,,,,,,,,,,,,,,,,,,,,,,,,,,,,,,,,,,,,,,,,,,,,,,,,,,,,,,,,,,,
1,DK Metcalf,4047650,PIT,240.35,2025,"['RB/WR', 'WR', 'WR/TE', 'RB/WR/TE', 'OP', 'BE', 'IR']",,,,,,,,,,,,,,,,,,,,,,,,,,,,,,,,,,,,,,,,,,,,,,,,,,,,,,,,,,,,,,,,,,,,,,,,,,,,,,,,,,,,,,,,,,,,,,,,,,,,,,,,,,,,,,,,,,,,,,,,,,,,,,,,,,,,
2,Alvin Kamara,3054850,NO,265.78,2025,"['RB', 'RB/WR', 'RB/WR/TE', 'OP', 'BE', 'IR']",,,,,,,,,,,,,,,,,,,,,,,,,,,,,,,,,,,,,,,,,,,,,,,,,,,,,,,,,,,,,,,,,,,,,,,,,,,,,,,,,,,,,,,,,,,,,,,,,,,,,,,,,,,,,,,,,,,,,,,,,,,,,,,,,,,,
3,Quinshon Judkins,4685702,CLE,48.9,2025,"['Rookie', 'RB', 'RB/WR', 'RB/WR/TE', 'OP', 'BE', 'IR']",,,,,,,,,,,,,,,,,,,,,,,,,,,,,,,,,,,,,,,,,,,,,,,,,,,,,,,,,,,,,,,,,,,,,,,,,,,,,,,,,,,,,,,,,,,,,,,,,,,,,,,,,,,,,,,,,,,,,,,,,,,,,,,,,,,,
4,Bills D/ST,-16002,BUF,111.93,2025,"['D/ST', 'BE', 'IR']",0.01110222,0.050010002,0.179035807,0.168033607,0.00669,0.100534921,0.542191814,0.524056633,0.100504903,0.0132,2.156737767,4.313475534,0.031574984,0.008751492,0.068786206,0.031748715,0.147549216,0.806240974,60.46630523,20.0,12.0,3.143055433,3.674060466,81.78625769,12.70281483,8.0,3.0,1.0,20.92568507,0.145029006,0.213042609,0.154030806,0.071014203,0.00870174,20.92568507,347.9559577,0.018988607,0.179892065,0.200879472,0.242854287,0.191884869,0.10993404,0.042974215,0.012592445,347.9559577,1.0,,,,,,,,,,,,,,,,,,,,,,,,,,,,,,,,,,,,,,,,,,,,,,,,,,,,,,,,,,,,,,,,,,,,,,,,,,,,,,,,,,,,,,
5,Tyler Loop,4697745,BAL,140.26,2025,"['Rookie', 'K', 'BE', 'IR']",,,,,,,,,,,,,,,,,,,,,,,,,,,,,,,,,,,,,,,,,,,,,,1.0,0.292003819,0.421635303,0.129631484,0.432631339,0.545184252,0.112552914,0.957039968,0.994274878,0.03723491,1.681675126,1.961094433,0.279419307,1.875367147,1.960551772,0.085184625,0.292003819,0.421635303,0.129631484,63.94781553,13.18202852,77.12984405,,,,,,,,,,,,,,,,,,,,,,,,,,,,,,,,,,,,,,,,,,,,,,,,,,,,,,,,,,,,,,,,,
6,Jayden Daniels,4426348,WSH,370.53,2025,"['QB', 'OP', 'BE', 'IR']",,,,,,,,,,,,,,,,,,,,,,,,,,,,,,,,,,,,,,,,,,,,,,,,,,,,,,,,,,,,,,,,,,,,,,,,,,,,,,,,,,,,,,,,,,,,,,,,,,,,,,,,,,,,,,,,,,,,,,,,,,,,,,,,,,,,
7,Packers D/ST,-16009,GB,97.86,2025,"['D/ST', 'BE', 'IR']",0.014963467,0.067560805,0.228205385,0.196176559,0.006908176,0.1015259,0.636941082,0.351314986,0.101467483,0.013419905,2.326972532,4.653945065,0.02165561,0.008961936,0.069291367,0.032234533,0.139051621,0.540484594,61.79029319,20.0,12.0,2.084121031,3.946084061,78.64405774,11.50849658,7.0,3.0,1.0,18.96854803,0.145130618,0.188669803,0.115604044,0.039535582,0.004153738,18.96854803,299.9794462,0.041568588,0.3305454,0.253918966,0.213352031,0.109680974,0.035057845,0.013021485,0.00285471,299.9794462,1.0,,,,,,,,,,,,,,,,,,,,,,,,,,,,,,,,,,,,,,,,,,,,,,,,,,,,,,,,,,,,,,,,,,,,,,,,,,,,,,,,,,,,,,
8,Andy Borregales,4569923,NE,128.88,2025,"['Rookie', 'K', 'BE', 'IR']",,,,,,,,,,,,,,,,,,,,,,,,,,,,,,,,,,,,,,,,,,,,,,1.0,0.283570601,0.411119999,0.127549399,0.420353741,0.53158772,0.111233979,0.930458192,0.969478324,0.039020133,1.634382533,1.912186043,0.277803511,3.083486262,3.233008329,0.149522066,0.283570601,0.411119999,0.127549399,62.14247651,13.06380058,75.20627709,,,,,,,,,,,,,,,,,,,,,,,,,,,,,,,,,,,,,,,,,,,,,,,,,,,,,,,,,,,,,,,,,
9,Ravens D/ST,-16033,BAL,123.34,2025,"['D/ST', 'BE', 'IR']",0.008347496,0.037488753,0.143956813,0.147955613,0.0066,0.10247456,0.591074711,0.460755454,0.100995149,0.0131,2.790555144,5.581110289,0.019132137,0.007613315,0.069111501,0.03336306,0.13582103,0.708854545,60.2839265,20.0,12.0,1.632996683,4.600976452,82.76825676,19.30630582,8.0,3.0,1.0,22.63457557,0.144956513,0.230430871,0.181445566,0.093471958,0.011946416,22.63457557,338.859291,0.025,0.22,0.215,0.235,0.17,0.09,0.035,0.01,338.859291,1.0,,,,,,,,,,,,,,,,,,,,,,,,,,,,,,,,,,,,,,,,,,,,,,,,,,,,,,,,,,,,,,,,,,,,,,,,,,,,,,,,,,,,,,
10,David Njoku,3123076,CLE,175.4,2025,"['WR/TE', 'TE', 'RB/WR/TE', 'OP', 'BE', 'IR']",,,,,,,,,,,,,,,,,,,,,,,,,,,,,,,,,,,,,,,,,,,,,,,,,,,,,,,,,,,,,,,,,,,,,,,,,,,,,,,,,,,,,,,,,,,,,,,,,,,,,,,,,,,,,,,,,,,,,,,,,,,,,,,,,,,,
11,Eddy Pineiro,4034949,SF,0.0,2025,"['K', 'BE', 'IR']",,,,,,,,,,,,,,,,,,,,,,,,,,,,,,,,,,,,,,,,,,,,,,1.0,0.298130554,0.412071886,0.113941332,0.439304412,0.532818532,0.09351412,0.962005776,0.971723006,0.00971723,1.699440741,1.916613423,0.217172682,2.925338868,2.985039661,0.059700793,0.298130554,0.412071886,0.113941332,64.72792172,10.65248422,75.38040594,,,,,,,,,,,,,,,,,,,,,,,,,,,,,,,,,,,,,,,,,,,,,,,,,,,,,,,,,,,,,,,,,
12,Chargers D/ST,-16024,LAC,82.0,2025,"['D/ST', 'BE', 'IR']",0.014411529,0.065052042,0.221176942,0.192153723,0.0063,0.100110758,0.680761859,0.497531118,0.102261421,0.0131,2.293390641,4.586781282,0.021336055,0.010652091,0.067710475,0.032400284,0.138399301,0.765432489,59.55346577,19.0,11.0,3.184279568,4.91498011,77.76758108,16.76394572,7.0,3.0,1.0,19.00891339,0.145116093,0.192153723,0.121096878,0.044035228,0.004803843,19.00891339,317.9281393,0.032524393,0.270202652,0.232674506,0.225168877,0.142606955,0.065048787,0.025018764,0.006755066,317.9281393,1.0,,,,,,,,,,,,,,,,,,,,,,,,,,,,,,,,,,,,,,,,,,,,,,,,,,,,,,,,,,,,,,,,,,,,,,,,,,,,,,,,,,,,,,
13,J.K. Dobbins,4241985,DEN,169.61,2025,"['RB', 'RB/WR', 'RB/WR/TE', 'OP', 'BE', 'IR']",,,,,,,,,,,,,,,,,,,,,,,,,,,,,,,,,,,,,,,,,,,,,,,,,,,,,,,,,,,,,,,,,,,,,,,,,,,,,,,,,,,,,,,,,,,,,,,,,,,,,,,,,,,,,,,,,,,,,,,,,,,,,,,,,,,,
14,Zach Ertz,15835,WSH,141.37,2025,"['WR/TE', 'TE', 'RB/WR/TE', 'OP', 'BE', 'IR']",,,,,,,,,,,,,,,,,,,,,,,,,,,,,,,,,,,,,,,,,,,,,,,,,,,,,,,,,,,,,,,,,,,,,,,,,,,,,,,,,,,,,,,,,,,,,,,,,,,,,,,,,,,,,,,,,,,,,,,,,,,,,,,,,,,,
15,Trey Benson,4429275,ARI,126.78,2025,"['RB', 'RB/WR', 'RB/WR/TE', 'OP', 'BE', 'IR']",,,,,,,,,,,,,,,,,,,,,,,,,,,,,,,,,,,,,,,,,,,,,,,,,,,,,,,,,,,,,,,,,,,,,,,,,,,,,,,,,,,,,,,,,,,,,,,,,,,,,,,,,,,,,,,,,,,,,,,,,,,,,,,,,,,,
16,Matthew Golden,4701936,GB,203.11,2025,"['Rookie', 'RB/WR', 'WR', 'WR/TE', 'RB/WR/TE', 'OP', 'BE', 'IR']",,,,,,,,,,,,,,,,,,,,,,,,,,,,,,,,,,,,,,,,,,,,,,1.0,,,,,,,,,,,,,,,,,,,,,,0.417045197,2.36538126,0.013189292,0.000437789,0.000767772,0.00053744,0.000228,7.78e-06,5.671762388,11.55297285,0.067289311,0.002354158,0.015016389,0.00981321,2.0,1.0,0.896727356,0.0043112,0.000133,1.334084115,12.88348434,0.002791947,0.000107,0.007716891,0.0165928,0.024309691,0.00354977,0.009291968,0.012841738,0.012841738,0.236919073,0.482865052,,,,,,,,,,,,,,,,,,,,,,,,,,,,,,,,,
17,Devin Singletary,4040761,NYG,18.93,2025,"['RB', 'RB/WR', 'RB/WR/TE', 'OP', 'BE', 'IR']",,,,,,,,,,,,,0.006118755,,,,,,,,,,,22.22074211,,2.0,,,,,,,,,,,,,,,,,,,,1.0,,,,,,,,,,,,,,,,,,,,,,12.80441445,47.75079266,0.390601214,0.014985626,0.026263068,0.018384148,0.0997,0.0034,3.729244538,8.012227309,0.044326601,0.002304029,0.002104728,0.00137544,1.0,,1.235705935,0.003193263,9.88e-05,1.530540044,6.483927187,0.017289656,0.000468,0.096981088,0.00935928,0.106340368,0.0446113,0.005241197,0.049852498,0.049852498,2.803305484,0.453099763,9.0,4.0,2.0,1.0,2.0,1.0,,,,,,,,,,,,,,,,,,,,,,,,,,,
18,Dylan Sampson,5081397,CLE,198.81,2025,"['Rookie', 'RB', 'RB/WR', 'RB/WR/TE', 'OP', 'BE', 'IR']",,,,,,,,,,,,,0.006926543,,,,,,,,,,,25.15428632,,2.0,1.0,,,,,,,,,,,,,,,,,,,1.0,,,,,,,,,,,,,,,,,,,,,,11.20366307,45.65339682,0.217051612,0.014947555,0.022675572,0.015872901,0.0911,0.00311,4.074863421,17.3675304,0.106952511,0.008321191,0.002812089,0.0018377,3.0,1.0,2.385390759,0.007184271,0.000222,2.996348982,7.280790512,0.023268746,0.000582,0.109123503,0.023233669,0.132357172,0.050196811,0.013010854,0.063207666,0.063207666,2.505853946,0.998742124,9.0,4.0,2.0,1.0,2.0,1.0,,,,,,,,,,,,,,,,,,,,,,,,,,,
19,J.J. McCarthy,4433970,MIN,281.74,2025,"['QB', 'OP', 'BE', 'IR']",,,,,,,,,,,,,,,,,,,,,,,,,,,,,,,,,,,,,,,,,,,,,,,,,,,,,,,,,,,,,,,,,,,,,,,,,,,,,,,,,,,,,,,,,,,,,,,,,,,,,,,,,,,,,,,,,,,,,,,,,,,,,,,,,,,,
20,Travis Hunter,4685415,JAX,211.28,2025,"['RB/WR', 'WR', 'WR/TE', 'RB/WR/TE', 'OP', 'BE', 'IR', 'CB', 'DB', 'DP']",,,,,,,,,,,,,,,,,,,,,,,,,,,,,,,,,,,,,,,,,,,,,,,,,,,,,,,,,,,,,,,,,,,,,,,,,,,,,,,,,,,,,,,,,,,,,,,,,,,,,,,,,,,,,,,,,,,,,,,,,,,,,,,,,,,,
21,Bam Knight,4427728,ARI,5.26,2025,"['RB', 'RB/WR', 'RB/WR/TE', 'OP', 'BE', 'IR']",,,,,,,,,,,,,,,,,,,,,,,,,,,,,,,,,,,,,,,,,,,,,,,,,,,,,,,,,,,,,,,,,,,,,,,,,,,,,,,,,,,,,,,,,,,,,,,,,,,,,,,,,,,,,,,,,,,,,,,,,,,,,,,,,,,,
22,Cade Otton,4243331,TB,137.72,2025,"['WR/TE', 'TE', 'RB/WR/TE', 'OP', 'BE', 'IR']",,,,,,,,,,,,,,,,,,,,,,,,,,,,,,,,,,,,,,,,,,,,,,1.0,,,,,,,,,,,,,,,,,,,,,,,,,,,,,,,19.91441025,0.088452565,0.009054171,0.004928485,0.003220765,3.0,1.0,2.169151697,0.009173285,0.000284,2.997196985,9.18073654,0.009054171,0.000121,,0.027511563,0.027511563,,0.015406476,0.015406476,0.015406476,,1.012122152,,,,,,,,,,,,,,,,,,,,,,,,,,,,,,,,,
23,Cowboys D/ST,-16006,DAL,69.15,2025,"['D/ST', 'BE', 'IR']",0.012756378,0.057528764,0.20010005,0.180090045,0.006694424,0.101080908,0.72584986,0.503693887,0.104243827,0.013604557,2.763917576,5.527835151,0.022135434,0.014118861,0.069196442,0.031884466,0.144029628,0.774913672,60.17978282,20.0,12.0,2.065160021,2.866258887,80.01037218,16.1582298,8.0,3.0,1.0,19.68279617,0.145072536,0.202601301,0.137568784,0.057528764,0.006753377,19.68279617,342.7523548,0.021993402,0.199940018,0.207937619,0.238928322,0.180945716,0.099970009,0.038988304,0.011296611,342.7523548,1.0,,,,,,,,,,,,,,,,,,,,,,,,,,,,,,,,,,,,,,,,,,,,,,,,,,,,,,,,,,,,,,,,,,,,,,,,,,,,,,,,,,,,,,
24,Malik Nabers,4595348,NYG,300.44,2025,"['RB/WR', 'WR', 'WR/TE', 'RB/WR/TE', 'OP', 'BE', 'IR']",,,,,,,,,,,,,,,,,,,,,,,,,,,,,,,,,,,,,,,,,,,,,,,,,,,,,,,,,,,,,,,,,,,,,,,,,,,,,,,,,,,,,,,,,,,,,,,,,,,,,,,,,,,,,,,,,,,,,,,,,,,,,,,,,,,,
25,Kayshon Boutte,4429022,NE,109.39,2025,"['RB/WR', 'WR', 'WR/TE', 'RB/WR/TE', 'OP', 'BE', 'IR']",,,,,,,,,,,,,,,,,,,,,,,,,,,,,,,,,,,,,,,,,,,,,,,,,,,,,,,,,,,,,,,,,,,,,,,,,,,,,,,,,,,,,,,,,,,,,,,,,,,,,,,,,,,,,,,,,,,,,,,,,,,,,,,,,,,,
26,Kyler Murray,3917315,ARI,305.74,2025,"['QB', 'OP', 'BE', 'IR']",,,,,,,,,,,,,,,,,,,,,,,,,,,,,,,,,,,,,,,,,,,,,,,,,,,,,,,,,,,,,,,,,,,,,,,,,,,,,,,,,,,,,,,,,,,,,,,,,,,,,,,,,,,,,,,,,,,,,,,,,,,,,,,,,,,,
27,Calvin Ridley,3925357,TEN,228.62,2025,"['RB/WR', 'WR', 'WR/TE', 'RB/WR/TE', 'OP', 'BE', 'IR']",,,,,,,,,,,,,,,,,,,,,,,,,,,,,,,,,,,,,,,,,,,,,,,,,,,,,,,,,,,,,,,,,,,,,,,,,,,,,,,,,,,,,,,,,,,,,,,,,,,,,,,,,,,,,,,,,,,,,,,,,,,,,,,,,,,,
28,Joe Mixon,3116385,HOU,116.51,2025,"['RB', 'RB/WR', 'RB/WR/TE', 'OP', 'BE', 'IR']",,,,,,,,,,,,,,,,,,,,,,,,,,,,,,,,,,,,,,,,,,,,,,,,,,,,,,,,,,,,,,,,,,,,,,,,,,,,,,,,,,,,,,,,,,,,,,,,,,,,,,,,,,,,,,,,,,,,,,,,,,,,,,,,,,,,
29,Evan McPherson,4360234,CIN,132.57,2025,"['K', 'BE', 'IR']",,,,,,,,,,,,,,,,,,,,,,,,,,,,,,,,,,,,,,,,,,,,,,1.0,0.288606632,0.414158436,0.125551803,0.427262253,0.535516489,0.108254236,0.944268423,0.976643381,0.032374958,1.660137308,1.926318305,0.266180997,2.673825703,2.782768912,0.108943209,0.288606632,0.414158436,0.125551803,63.1396122,12.62248673,75.76209893,,,,,,,,,,,,,,,,,,,,,,,,,,,,,,,,,,,,,,,,,,,,,,,,,,,,,,,,,,,,,,,,,
30,Tyreek Hill,3116406,MIA,262.72,2025,"['RB/WR', 'WR', 'WR/TE', 'RB/WR/TE', 'OP', 'BE', 'IR']",,,,,,,,,,,,,,,,,,,,,,,,,,,,,,,,,,,,,,,,,,,,,,,,,,,,,,,,,,,,,,,,,,,,,,,,,,,,,,,,,,,,,,,,,,,,,,,,,,,,,,,,,,,,,,,,,,,,,,,,,,,,,,,,,,,,
31,Wil Lutz,2985659,DEN,135.38,2025,"['K', 'BE', 'IR']",,,,,,,,,,,,,,,,,,,,,,,,,,,,,,,,,,,,,,,,,,,,,,1.0,0.29018182,0.418455768,0.128273948,0.429860218,0.541073039,0.111212821,0.950719035,0.98677709,0.036058055,1.670761073,1.946305897,0.275544824,2.102799064,2.196229377,0.093430312,0.29018182,0.418455768,0.128273948,63.53509912,13.01311181,76.54821093,,,,,,,,,,,,,,,,,,,,,,,,,,,,,,,,,,,,,,,,,,,,,,,,,,,,,,,,,,,,,,,,,
32,Bears D/ST,-16003,CHI,95.87,2025,"['D/ST', 'BE', 'IR']",0.003395925,0.014982022,0.080902917,0.111865761,0.007091591,0.106774475,0.99214645,0.491082436,0.105020998,0.013787109,1.69003619,3.380072379,0.031655207,0.007133491,0.073529799,0.033244677,0.152654765,0.755511441,62.88006913,20.0,12.0,3.014398553,4.49602863,94.16163213,17.13312525,9.0,3.0,1.0,27.86362337,0.144826209,0.261685977,0.230723132,0.133839393,0.017778666,27.86362337,383.063252,0.009985022,0.11982027,0.179730404,0.254618073,0.224663005,0.139790315,0.054917624,0.016475287,383.063252,1.0,,,,,,,,,,,,,,,,,,,,,,,,,,,,,,,,,,,,,,,,,,,,,,,,,,,,,,,,,,,,,,,,,,,,,,,,,,,,,,,,,,,,,,
33,Justin Fields,4362887,NYJ,297.75,2025,"['QB', 'OP', 'BE', 'IR']",,,,,,,,,,,,,,,,,,,,,,,,,,,,,,,,,,,,,,,,,,,,,,,,,,,,,,,,,,,,,,,,,,,,,,,,,,,,,,,,,,,,,,,,,,,,,,,,,,,,,,,,,,,,,,,,,,,,,,,,,,,,,,,,,,,,
34,James Conner,3045147,ARI,249.79,2025,"['RB', 'RB/WR', 'RB/WR/TE', 'OP', 'BE', 'IR']",,,,,,,,,,,,,,,,,,,,,,,,,,,,,,,,,,,,,,,,,,,,,,,,,,,,,,,,,,,,,,,,,,,,,,,,,,,,,,,,,,,,,,,,,,,,,,,,,,,,,,,,,,,,,,,,,,,,,,,,,,,,,,,,,,,,
35,Audric Estime,4569682,NO,0.0,2025,"['RB', 'RB/WR', 'RB/WR/TE', 'OP', 'BE', 'IR']",,,,,,,,,,,,,,,,,,,,,,,,,,,,,,,,,,,,,,,,,,,,,,1.0,,,,,,,,,,,,,,,,,,,,,,7.84734911,32.26226802,0.122840268,0.007656866,0.015435835,0.010805084,0.0454,0.00155,4.111231393,23.06158144,0.084325666,0.005216876,0.004676284,0.003055952,4.0,2.0,2.842710076,0.012474009,0.000386,3.512935826,8.112533754,0.012873742,0.000386,0.064363688,0.02331581,0.087679498,0.029607296,0.013056854,0.04266415,0.04266415,1.779556688,1.250747402,6.0,3.0,1.0,1.0,1.0,,1.0,,,,,,,,,,,,,,,,,,,,,,,,,,
36,Will Reichard,4567104,MIN,133.95,2025,"['K', 'BE', 'IR']",,,,,,,,,,,,,,,,,,,,,,,,,,,,,,,,,,,,,,,,,,,,,,1.0,0.305867997,0.425281483,0.119413485,0.451034217,0.549898847,0.09886463,0.992055148,1.002873077,0.01081793,1.748957362,1.978053407,0.229096045,1.397902256,1.426430873,0.028528617,0.305867997,0.425281483,0.119413485,66.57506606,11.22177445,77.79684051,,,,,,,,,,,,,,,,,,,,,,,,,,,,,,,,,,,,,,,,,,,,,,,,,,,,,,,,,,,,,,,,,
37,Sean Tucker,4430871,TB,27.21,2025,"['RB', 'RB/WR', 'RB/WR/TE', 'OP', 'BE', 'IR']",,,,,,,,,,,,,0.007460398,,,,,,,,,,,30.67597748,,3.0,1.0,,,,,,,,,,,,,,,,,,,1.0,,,,,,,,,,,,,,,,,,,,,,4.10049953,17.81296435,0.236831013,0.020765463,0.00780513,0.005463591,0.0138,0.000471,4.344096181,,,,,,,,,,,,,0.020765463,0.000186,0.042163973,,0.042163973,0.019395427,,0.019395427,0.019395427,1.149018569,,3.0,1.0,,,,,,,,,,,,,,,,,,,,,,,,,,,,,,,
38,Brandon Aiyuk,4360438,SF,111.61,2025,"['RB/WR', 'WR', 'WR/TE', 'RB/WR/TE', 'OP', 'BE', 'IR']",,,,,,,,,,,,,,,,,,,,,,,,,,,,,,,,,,,,,,,,,,,,,,,,,,,,,,,,,,,,,,,,,,,,,,,,,,,,,,,,,,,,,,,,,,,,,,,,,,,,,,,,,,,,,,,,,,,,,,,,,,,,,,,,,,,,
39,Xavier Legette,4430034,CAR,165.19,2025,"['RB/WR', 'WR', 'WR/TE', 'RB/WR/TE', 'OP', 'BE', 'IR']",,,,,,,,,,,,,,,,,,,,,,,,,,,,,,,,,,,,,,,,,,,,,,1.0,,,,,,,,,,,,,,,,,,,,,,,,,,,,,,,22.00678188,0.202392,0.013580422,0.002696701,0.001762294,4.0,2.0,2.090242457,0.011253845,0.000348,3.841933349,10.52833933,0.013580422,0.000157,,0.035746979,0.035746979,,0.020018308,0.020018308,0.020018308,,1.098427149,,,,,,,1.0,,,,,,,,,,,,,,,,,,,,,,,,,,
40,Tank Bigsby,4429013,PHI,109.58,2025,"['RB', 'RB/WR', 'RB/WR/TE', 'OP', 'BE', 'IR']",,,,,,,,,,,,,,,,,,,,,,,,,,,,,,,,,,,,,,,,,,,,,,1.0,,,,,,,,,,,,,,,,,,,,,,2.326208814,11.9902461,0.07240321,0.002493167,0.004357833,0.003050483,0.00622,0.000212,5.154415213,1.454135393,0.005959234,0.000293692,0.001949326,0.001273885,,,0.210393188,0.000811109,2.51e-05,0.295668948,6.911513656,0.002786859,0.000142,0.029565132,0.002674009,0.032239141,0.013599961,0.001497445,0.015097406,0.015097406,0.722037577,0.022861709,2.0,1.0,,,,,,,,,,,,,,,,,,,,,,,,,,,,,,,
41,Brandon McManus,16339,GB,136.74,2025,"['K', 'BE', 'IR']",,,,,,,,,,,,,,,,,,,,,,,,,,,,,,,,,,,,,,,,,,,,,,1.0,0.27953441,0.417386219,0.137851809,0.415953192,0.539690088,0.123736896,0.924929979,0.984254945,0.059324966,1.620417581,1.941331253,0.320913672,2.322838635,2.487709022,0.164870386,0.27953441,0.417386219,0.137851809,61.56065115,14.79190702,76.35255817,,,,,,,,,,,,,,,,,,,,,,,,,,,,,,,,,,,,,,,,,,,,,,,,,,,,,,,,,,,,,,,,,
42,Michael Mayer,4429086,LV,72.56,2025,"['WR/TE', 'TE', 'RB/WR/TE', 'OP', 'BE', 'IR']",,,,,,,,,,,,,,,,,,,,,,,,,,,,,,,,,,,,,,,,,,,,,,1.0,,,,,,,,,,,,,,,,,,,,,,,,,,,,,,,42.60715206,0.251620002,0.013641322,0.006806902,0.00444831,8.0,4.0,4.162942726,0.062199071,0.00192,5.955681966,10.23486386,0.013641322,0.00023,,0.052244788,0.052244788,,0.029257082,0.029257082,0.029257082,,2.1590714,,,,,,,2.0,1.0,,,,,,,,,,,,,,,,,,,,,,,,,
43,Tyler Bass,3917232,BUF,108.24,2025,"['K', 'BE', 'IR']",,,,,,,,,,,,,,,,,,,,,,,,,,,,,,,,,,,,,,,,,,,,,,,,,,,,,,,,,,,,,,,,,,,,,,,,,,,,,,,,,,,,,,,,,,,,,,,,,,,,,,,,,,,,,,,,,,,,,,,,,,,,,,,,,,,,
44,Marcus Mariota,2576980,WSH,1.83,2025,"['QB', 'OP', 'BE', 'IR']",,,,,,,,,,,,,,,,,,,,,,,,,,,,,,,,,,,,,,,,,,,,,,,,,,,,,,,,,,,,,,,,,,,,,,,,,,,,,,,,,,,,,,,,,,,,,,,,,,,,,,,,,,,,,,,,,,,,,,,,,,,,,,,,,,,,
45,Tez Johnson,4608810,TB,2.1,2025,"['Rookie', 'RB/WR', 'WR', 'WR/TE', 'RB/WR/TE', 'OP', 'BE', 'IR']",,,,,,,,,,,,,,,,,,,,,,,,,,,,,,,,,,,,,,,,,,,,,,1.0,,,,,,,,,,,,,,,,,,,,,,0.12814061,0.75905174,0.006995626,0.00061338,0.000235276,0.000164693,1.97e-05,6.71e-07,5.92358455,4.201319807,0.030219996,0.003093376,0.006225063,0.004068079,,,0.392944749,0.001984932,6.14e-05,0.599439397,10.69188433,0.003706756,4.24e-05,0.002371079,0.007270943,0.009642022,0.001090696,0.004071728,0.005162425,0.005162425,0.160511578,0.150148405,,,,,,,,,,,,,,,,,,,,,,,,,,,,,,,,,
46,Kaleb Johnson,4819231,PIT,158.32,2025,"['Rookie', 'RB', 'RB/WR', 'RB/WR/TE', 'OP', 'BE', 'IR']",,,,,,,,,,,,,,,,,,,,,,,,,,,,,,,,,,,,,,,,,,,,,,,,,,,,,,,,,,,,,,,,,,,,,,,,,,,,,,,,,,,,,,,,,,,,,,,,,,,,,,,,,,,,,,,,,,,,,,,,,,,,,,,,,,,,
47,Dolphins D/ST,-16015,MIA,83.81,2025,"['D/ST', 'BE', 'IR']",0.010551055,0.04750475,0.172017202,0.164016402,0.006137104,0.095307308,0.549205099,0.488195801,0.104702744,0.013441581,2.070800795,4.141601589,0.020305608,0.017385564,0.064269253,0.031038055,0.139135585,0.751070463,62.42121997,20.0,12.0,2.934037478,3.358983274,83.67303926,17.90819064,8.0,3.0,1.0,20.97979821,0.145014501,0.216521652,0.159515952,0.075507551,0.009350935,20.97979821,327.8565462,0.029513281,0.250112551,0.225601521,0.229103096,0.153569106,0.075033765,0.029013056,0.008053624,327.8565462,1.0,,,,,,,,,,,,,,,,,,,,,,,,,,,,,,,,,,,,,,,,,,,,,,,,,,,,,,,,,,,,,,,,,,,,,,,,,,,,,,,,,,,,,,
48,Commanders D/ST,-16028,WSH,76.05,2025,"['D/ST', 'BE', 'IR']",0.002296785,0.00998602,0.066906331,0.103854604,0.006994085,0.106172894,0.663261575,0.457971769,0.106161777,0.013922955,1.698343207,3.396686414,0.024089226,0.008801058,0.072721367,0.033451527,0.146057262,0.704571952,64.2039466,21.0,12.0,2.362644975,3.789269048,95.97452035,13.85084504,9.0,3.0,1.0,28.67299638,0.144797284,0.268623927,0.241661674,0.14280008,0.019073297,28.67299638,419.2242466,0.002494388,0.069842854,0.162135196,0.264405089,0.25193315,0.164629583,0.064854078,0.019705662,419.2242466,1.0,,,,,,,,,,,,,,,,,,,,,,,,,,,,,,,,,,,,,,,,,,,,,,,,,,,,,,,,,,,,,,,,,,,,,,,,,,,,,,,,,,,,,,
49,Raiders D/ST,-16013,LV,64.0,2025,"['D/ST', 'BE', 'IR']",0.007246377,0.032483758,0.129935032,0.139930035,0.00640556,0.100468137,0.522513935,0.331213286,0.108464528,0.013915215,1.888622497,3.777244993,0.019363715,0.007408243,0.068362305,0.032105832,0.133645654,0.509558902,62.38574384,20.0,12.0,2.843719056,3.124399164,80.33552938,10.95929088,8.0,3.0,1.0,22.98932154,0.144927536,0.237381309,0.192403798,0.102448776,0.013243378,22.98932154,308.696501,0.038552045,0.310419066,0.246833225,0.217293346,0.120662895,0.045060832,0.017022981,0.00415561,308.696501,1.0,,,,,,,,,,,,,,,,,,,,,,,,,,,,,,,,,,,,,,,,,,,,,,,,,,,,,,,,,,,,,,,,,,,,,,,,,,,,,,,,,,,,,,
50,Jalen Coker,4695883,CAR,108.21,2025,"['RB/WR', 'WR', 'WR/TE', 'RB/WR/TE', 'OP', 'BE', 'IR']",,,,,,,,,,,,,,,,,,,,,,,,,,,,,,,,,,,,,,,,,,,,,,1.0,,,,,,,,,,,,,,,,,,,,,,,,,,,,,,,38.08276871,0.241478033,0.016203079,0.005391497,0.003523343,7.0,3.0,3.506686159,0.045584084,0.00141,5.615133356,10.86004478,0.016203079,0.000282,,0.064001437,0.064001437,,0.035840805,0.035840805,0.035840805,,1.880576931,,,,,,,1.0,1.0,,,,,,,,,,,,,,,,,,,,,,,,,
51,Jaylen Wright,4682745,MIA,44.34,2025,"['RB', 'RB/WR', 'RB/WR/TE', 'OP', 'BE', 'IR']",,,,,,,,,,,,,0.009229822,,,,,,,,,,,33.51882729,,3.0,1.0,,,,,,,,,,,,,,,,,,,1.0,,,,,,,,,,,,,,,,,,,,,,5.852279249,25.7102036,0.174329149,0.006975253,0.011313463,0.007919424,0.0288,0.000983,4.393194943,6.33746944,0.025211954,0.00140326,0.002637958,0.001723905,1.0,,0.831728024,0.002692555,8.33e-05,1.113527726,7.619641589,0.008378513,0.000198,0.039399484,0.005599469,0.044998953,0.018123763,0.003135703,0.021259465,0.021259465,1.475502333,0.307020344,5.0,2.0,1.0,1.0,1.0,,,,,,,,,,,,,,,,,,,,,,,,,,,,
52,Jonnu Smith,3054212,PIT,133.71,2025,"['WR/TE', 'TE', 'RB/WR/TE', 'OP', 'BE', 'IR']",,,,,,,,,,,,,,,,,,,,,,,,,,,,,,,,,,,,,,,,,,,,,,1.0,,,,,,,,,,,,,,,,,,,,,,0.79458796,4.188233884,0.059570018,0.00163,0.001467908,0.001027536,0.000739,2.52e-05,5.270950601,19.08064241,0.102101371,0.004042339,0.00553911,0.003619808,3.0,1.0,1.898053652,0.008460756,0.000262,2.796052215,10.05274134,0.005676976,0.000188,0.012604843,0.030109527,0.04271437,0.005798228,0.016861335,0.022659563,0.022659563,0.355982118,0.932919131,,,,,,,,,,,,,,,,,,,,,,,,,,,,,,,,,
53,Matt Gay,4249087,None,140.08,2025,"['K', 'BE', 'IR']",,,,,,,,,,,,,,,,,,,,,,,,,,,,,,,,,,,,,,,,,,,,,,,,,,,,,,,,,,,,,,,,,,,,,,,,,,,,,,,,,,,,,,,,,,,,,,,,,,,,,,,,,,,,,,,,,,,,,,,,,,,,,,,,,,,,
54,Marvin Mims Jr.,4686472,DEN,147.94,2025,"['RB/WR', 'WR', 'WR/TE', 'RB/WR/TE', 'OP', 'BE', 'IR']",,,,,,,,,,,,,0.011097547,0.014726546,,,,,,,,,,28.53433135,30.12830766,2.0,1.0,3.0,,,,,,,,,,,,,,,,,,1.0,,,,,,,,,,,,,,,,,,,,,,0.73372781,3.909338679,0.026284872,0.00183199,0.001354719,0.000948303,0.000642,2.19e-05,5.328050302,33.08950031,0.155839385,0.011083923,0.015990417,0.010449738,6.0,3.0,2.699319931,0.030986025,0.000958,3.759695497,12.25845811,0.012915914,0.000302,0.014674556,0.053986399,0.068660955,0.006750296,0.030232383,0.036982679,0.036982679,0.318053546,1.523837808,,,,,,,1.0,1.0,1.0,,,,,,,,,,,,,,,,,,,,,,,,
55,Jerome Ford,4372019,CLE,108.73,2025,"['RB', 'RB/WR', 'RB/WR/TE', 'OP', 'BE', 'IR']",,,,,,,,,,,,,,,,,,,,,,,,,,,,,,,,,,,,,,,,,,,,,,,,,,,,,,,,,,,,,,,,,,,,,,,,,,,,,,,,,,,,,,,,,,,,,,,,,,,,,,,,,,,,,,,,,,,,,,,,,,,,,,,,,,,,
56,Mason Taylor,4808766,NYJ,129.72,2025,"['Rookie', 'WR/TE', 'TE', 'RB/WR/TE', 'OP', 'BE', 'IR']",,,,,,,,,,,,,,,,,,,,,,,,,,,,,,,,,,,,,,,,,,,,,,,,,,,,,,,,,,,,,,,,,,,,,,,,,,,,,,,,,,,,,,,,,,,,,,,,,,,,,,,,,,,,,,,,,,,,,,,,,,,,,,,,,,,,
57,Christian Kirk,3895856,HOU,128.6,2025,"['RB/WR', 'WR', 'WR/TE', 'RB/WR/TE', 'OP', 'BE', 'IR']",,,,,,,,,,,,,,,,,,,,,,,,,,,,,,,,,,,,,,,,,,,,,,1.0,,,,,,,,,,,,,,,,,,,,,,,,,,,,,,,27.69414021,0.142633155,0.01206284,0.006193232,0.004047277,5.0,2.0,2.348619595,0.019370022,0.000599,3.956009711,11.79166701,0.01206284,0.000175,,0.039722218,0.039722218,,0.022244442,0.022244442,0.022244442,,1.289718532,,,,,,,1.0,1.0,,,,,,,,,,,,,,,,,,,,,,,,,
58,Rashod Bateman,4360939,BAL,135.87,2025,"['RB/WR', 'WR', 'WR/TE', 'RB/WR/TE', 'OP', 'BE', 'IR']",,,,,,,,,,,,,,,,,,,,,,,,,,,,,,,,,,,,,,,,,,,,,,1.0,,,,,,,,,,,,,,,,,,,,,,,,,,,,,,,19.44827176,0.104398702,0.004670548,0.005853433,0.003825219,3.0,1.0,1.653135272,0.008767184,0.000271,2.814212548,11.76447693,0.004670548,0.000107,,0.024382121,0.024382121,,0.013653988,0.013653988,0.013653988,,0.888171346,,,,,,,,,,,,,,,,,,,,,,,,,,,,,,,,,
59,Elic Ayomanor,4883647,TEN,88.13,2025,"['Rookie', 'RB/WR', 'WR', 'WR/TE', 'RB/WR/TE', 'OP', 'BE', 'IR']",,,,,,,,,,,,,,,,,,,,,,,,,,,,,,,,,,,,,,,,,,,,,,1.0,,,,,,,,,,,,,,,,,,,,,,,,,,,,,,,32.78658373,0.194449135,0.00306211,0.006708905,0.004384269,6.0,3.0,2.426551519,0.030222825,0.000935,4.598271277,13.51159597,0.00306211,0.000198,,0.044900251,0.044900251,,0.025144141,0.025144141,0.025144141,,1.469099769,,,,,,,1.0,1.0,,,,,,,,,,,,,,,,,,,,,,,,,
60,Joe Flacco,11252,CIN,102.36,2025,"['QB', 'OP', 'BE', 'IR']",,,,,,,,,,,,,,,,,,,,,,,,,,,,,,,,,,,,,,,,,,,,,,,,,,,,,,,,,,,,,,,,,,,,,,,,,,,,,,,,,,,,,,,,,,,,,,,,,,,,,,,,,,,,,,,,,,,,,,,,,,,,,,,,,,,,
61,Philip Rivers,5529,IND,0.0,2025,"['QB', 'OP', 'BE', 'IR']",,,,,,,,,,,,,,,,,,,,,,,,,,,,,,,,,,,,,,,,,,,,,,1.0,,,,,,,,,,,,,,,,,,,,,,0.687411827,2.55155828,0.023794137,0.001516951,0.001268663,0.000888064,0.000267,9.1e-06,3.711833549,,,,,,,,,,,,,0.098955279,0.00269,0.011252198,,0.611430123,0.005176011,,0.293261415,1.385645849,0.267536965,,,,,,,,,,,34.57359037,22.53523524,12.03835513,212.7144183,1.250873578,42.0,21.0,10.0,8.0,4.0,2.0,4.0,2.0,0.15639708,0.102205491,0.125680944,0.0169762,0.097438328,1.092384433,0.651804889,2.092081826,0.600177925,0.288085404,11.15666713
62,Cedric Tillman,4369863,CLE,165.32,2025,"['RB/WR', 'WR', 'WR/TE', 'RB/WR/TE', 'OP', 'BE', 'IR']",,,,,,,,,,,,,,,,,,,,,,,,,,,,,,,,,,,,,,,,,,,,,,1.0,,,,,,,,,,,,,,,,,,,,,,,,,,,,,,,18.00038067,0.097014135,0.007547959,0.005028365,0.003286036,3.0,1.0,1.495573717,0.007627852,0.000236,2.696714084,12.0357696,0.007547959,0.000116,,0.026351836,0.026351836,,0.014757028,0.014757028,0.014757028,,0.809311049,,,,,,,,,,,,,,,,,,,,,,,,,,,,,,,,,
63,Justice Hill,4038441,BAL,107.09,2025,"['RB', 'RB/WR', 'RB/WR/TE', 'OP', 'BE', 'IR']",,,,,,,,,,,,,,,,,,,,,,,,,,,,,,,,,,,,,,,,,,,,,,,,,,,,,,,,,,,,,,,,,,,,,,,,,,,,,,,,,,,,,,,,,,,,,,,,,,,,,,,,,,,,,,,,,,,,,,,,,,,,,,,,,,,,
64,Jets D/ST,-16020,NYJ,95.16,2025,"['D/ST', 'BE', 'IR']",0.0028463,0.012483771,0.073903925,0.107859782,0.006882354,0.103538396,0.593067113,0.363265301,0.104393169,0.013700916,2.461118668,4.922237336,0.039148895,0.020511388,0.07063784,0.032900556,0.170081033,0.558869694,63.1487493,21.0,12.0,2.010238722,3.872117903,110.8116567,16.99090072,11.0,4.0,1.0,28.53859437,0.144811745,0.265155298,0.236192949,0.138320184,0.018426046,28.53859437,384.6209225,0.008485998,0.109818799,0.176209255,0.256576649,0.230120302,0.144761144,0.056906105,0.017121749,384.6209225,1.0,,,,,,,,,,,,,,,,,,,,,,,,,,,,,,,,,,,,,,,,,,,,,,,,,,,,,,,,,,,,,,,,,,,,,,,,,,,,,,,,,,,,,,
65,Cardinals D/ST,-16022,ARI,102.67,2025,"['D/ST', 'BE', 'IR']",0.004495504,0.01998002,0.094905095,0.11988012,0.006477842,0.099760949,0.79002937,0.444034208,0.110186529,0.01413569,2.23819134,4.47638268,0.026047831,0.009093809,0.067944413,0.031816536,0.141380431,0.683129551,60.26921002,20.0,12.0,2.031456062,5.153739236,94.59475509,14.31156786,9.0,3.0,1.0,25.77706391,0.144855145,0.254745255,0.21978022,0.124875125,0.016483516,25.77706391,362.2352613,0.012984419,0.139832201,0.186775869,0.250699161,0.213743508,0.129844187,0.050938873,0.015181782,362.2352613,1.0,,,,,,,,,,,,,,,,,,,,,,,,,,,,,,,,,,,,,,,,,,,,,,,,,,,,,,,,,,,,,,,,,,,,,,,,,,,,,,,,,,,,,,
66,Cam Ward,4688380,TEN,255.43,2025,"['Rookie', 'QB', 'OP', 'BE', 'IR']",,,,,,,,,,,,,,,,,,,,,,,,,,,,,,,,,,,,,,,,,,,,,,1.0,,,,,,,,,,,,,,,,,,,,,,2.870019119,11.20618812,0.085982878,0.001468824,0.00540306,0.003782142,0.00543,0.000185,3.904569152,,,,,,,,,,,,,0.020660982,0.00236,0.040758074,,0.536058803,0.018748714,,0.256493064,0.821795884,0.738725486,,2.0,1.0,,,,,,,,32.61346152,20.04604537,12.56741614,200.4957396,1.218734503,40.0,20.0,10.0,8.0,4.0,2.0,4.0,2.0,0.140459197,0.091790085,0.104940581,0.014174721,0.019192158,0.56530282,0.614655558,2.263617335,0.495300729,0.23774435,10.20773697
67,DeMario Douglas,4427095,NE,140.37,2025,"['RB/WR', 'WR', 'WR/TE', 'RB/WR/TE', 'OP', 'BE', 'IR']",,,,,,,,,,,,,,,,,,,,,,,,,,,,,,,,,,,,,,,,,,,,,,1.0,,,,,,,,,,,,,,,,,,,,,,0.542593644,3.028151312,0.024804414,0.000875254,0.001000059,0.000700041,0.00038,1.3e-05,5.580882389,41.07560664,0.288675657,0.012358806,0.025585709,0.016720261,8.0,4.0,2.972194518,0.056208768,0.00174,4.111152089,13.81995909,0.013234061,0.000309,0.010851873,0.05944389,0.070295763,0.004991862,0.033288579,0.03828044,0.03828044,0.275584279,1.860579238,,,,,,,2.0,1.0,,,,,,,,,,,,,,,,,,,,,,,,,
68,Kendrick Bourne,3045523,SF,0.0,2025,"['RB/WR', 'WR', 'WR/TE', 'RB/WR/TE', 'OP', 'BE', 'IR']",,,,,,,,,,,,,,,,,,,,,,,,,,,,,,,,,,,,,,,,,,,,,,1.0,,,,,,,,,,,,,,,,,,,,,,,,,,,,,,,20.41922377,0.131812798,0.007550543,0.017473165,0.011418713,4.0,2.0,1.617642549,0.009635901,0.000298,2.267024638,12.62282807,0.007550543,0.000131,,0.029736273,0.029736273,,0.016652313,0.016652313,0.016652313,,0.918066483,,,,,,,1.0,,,,,,,,,,,,,,,,,,,,,,,,,,
69,Braelon Allen,4685247,NYJ,93.83,2025,"['RB', 'RB/WR', 'RB/WR/TE', 'OP', 'BE', 'IR']",,,,,,,,,,,,,,,,,,,,,,,,,,,,,,,,,,,,,,,,,,,,,,,,,,,,,,,,,,,,,,,,,,,,,,,,,,,,,,,,,,,,,,,,,,,,,,,,,,,,,,,,,,,,,,,,,,,,,,,,,,,,,,,,,,,,
70,Andrei Iosivas,4368003,CIN,71.12,2025,"['RB/WR', 'WR', 'WR/TE', 'RB/WR/TE', 'OP', 'BE', 'IR']",,,,,,,,,,,,,,,,,,,,,,,,,,,,,,,,,,,,,,,,,,,,,,1.0,,,,,,,,,,,,,,,,,,,,,,0.231414713,1.480554226,0.009877103,0.00077291,0.000425301,0.000297711,8.52e-05,2.91e-06,6.397839642,14.63616856,0.143016202,0.006294438,0.006199798,0.004051568,2.0,1.0,1.242231146,0.005599263,0.000173,2.090217493,11.78216197,0.007067348,9.6e-05,0.003425628,0.018388727,0.021814355,0.001575789,0.010297687,0.011873476,0.011873476,0.193295718,0.67760511,,,,,,,,,,,,,,,,,,,,,,,,,,,,,,,,,
71,Panthers D/ST,-16029,CAR,64.75,2025,"['D/ST', 'BE', 'IR']",0.006145698,0.027480763,0.115918857,0.131907665,0.00641,0.100204067,0.886628941,0.314272855,0.107726892,0.0138,1.73420806,3.46841612,0.021043298,0.008106683,0.068706648,0.03149742,0.135767606,0.483496701,63.06628086,21.0,12.0,2.43896592,3.47043583,80.24671376,13.98909914,8.0,3.0,1.0,23.36712482,0.144898571,0.24432897,0.20335765,0.111422005,0.014539822,23.36712482,386.6122755,0.006987423,0.099820323,0.17268916,0.258534638,0.235575963,0.149730485,0.058893991,0.017768018,386.6122755,1.0,,,,,,,,,,,,,,,,,,,,,,,,,,,,,,,,,,,,,,,,,,,,,,,,,,,,,,,,,,,,,,,,,,,,,,,,,,,,,,,,,,,,,,
72,Jason Sanders,3124679,MIA,108.1,2025,"['K', 'BE', 'IR']",,,,,,,,,,,,,,,,,,,,,,,,,,,,,,,,,,,,,,,,,,,,,,,,,,,,,,,,,,,,,,,,,,,,,,,,,,,,,,,,,,,,,,,,,,,,,,,,,,,,,,,,,,,,,,,,,,,,,,,,,,,,,,,,,,,,
73,Najee Harris,4241457,LAC,93.61,2025,"['RB', 'RB/WR', 'RB/WR/TE', 'OP', 'BE', 'IR']",,,,,,,,,,,,,,,,,,,,,,,,,,,,,,,,,,,,,,,,,,,,,,,,,,,,,,,,,,,,,,,,,,,,,,,,,,,,,,,,,,,,,,,,,,,,,,,,,,,,,,,,,,,,,,,,,,,,,,,,,,,,,,,,,,,,
74,Tyrod Taylor,14163,NYJ,1.46,2025,"['QB', 'OP', 'BE', 'IR']",,,,,,,,,,,,,,,,,,,,,,,,,,,,,,,,,,,,,,,,,,,,,,,,,,,,,,,,,,,,,,,,,,,,,,,,,,,,,,,,,,,,,,,,,,,,,,,,,,,,,,,,,,,,,,,,,,,,,,,,,,,,,,,,,,,,
75,Adam Thielen,16460,PIT,106.4,2025,"['RB/WR', 'WR', 'WR/TE', 'RB/WR/TE', 'OP', 'BE', 'IR']",,,,,,,,,,,,,,,,,,,,,,,,,,,,,,,,,,,,,,,,,,,,,,1.0,,,,,,,,,,,,,,,,,,,,,,,,,,,,,,,25.60202029,0.14607857,0.005783459,0.004021564,0.002628092,5.0,2.0,2.701792646,0.015930317,0.000493,4.038742088,9.475938255,0.005783459,0.000189,,0.042890116,0.042890116,,0.024018465,0.024018465,0.024018465,,1.313934738,,,,,,,1.0,1.0,,,,,,,,,,,,,,,,,,,,,,,,,
76,Michael Penix Jr.,4360423,ATL,249.9,2025,"['QB', 'OP', 'BE', 'IR']",,,,,,,,,,,,,,,,,,,,,,,,,,,,,,,,,,,,,,,,,,,,,,,,,,,,,,,,,,,,,,,,,,,,,,,,,,,,,,,,,,,,,,,,,,,,,,,,,,,,,,,,,,,,,,,,,,,,,,,,,,,,,,,,,,,,
77,Devaughn Vele,4569559,NO,44.47,2025,"['RB/WR', 'WR', 'WR/TE', 'RB/WR/TE', 'OP', 'BE', 'IR']",,,,,,,,,,,,,,,,,,,,,,,,,,,,,,,,,,,,,,,,,,,,,,,,,,,,,,,,,,,,,,,,,,,,,,,,,,,,,,,,,,,,,,,,,,,,,,,,,,,,,,,,,,,,,,,,,,,,,,,,,,,,,,,,,,,,
78,Isaac TeSlaa,5123663,DET,56.34,2025,"['Rookie', 'RB/WR', 'WR', 'WR/TE', 'RB/WR/TE', 'OP', 'BE', 'IR']",,,,,,,,,,,,,,,,,,,,,,,,,,,,,,,,,,,,,,,,,,,,,,1.0,,,,,,,,,,,,,,,,,,,,,,,,,,,,,,,17.15522305,0.173255834,0.003810145,0.009443585,0.006171383,3.0,1.0,1.403722344,0.007042418,0.000218,2.22120745,12.22123671,0.003810145,0.000114,,0.025974098,0.025974098,,0.014545495,0.014545495,0.014545495,,0.79624538,,,,,,,,,,,,,,,,,,,,,,,,,,,,,,,,,
79,Ray Davis,4429501,BUF,80.54,2025,"['RB', 'RB/WR', 'RB/WR/TE', 'OP', 'BE', 'IR']",,,,,,,,,,,,,0.027926793,,,,,,,,,,,69.13694775,,6.0,2.0,,,,,,,,,,,,,,,,,,,1.0,,,,,,,,,,,,,,,,,,,,,,1.77307419,7.059948487,0.04491365,0.001895121,0.003304975,0.002313483,0.00213,7.28e-05,3.981755827,4.217554038,0.026176202,0.001915439,0.002096947,0.001370355,,,0.581805236,0.00199082,6.16e-05,0.807240878,7.249082302,0.00381056,8.04e-05,0.013756569,0.004513993,0.018270561,0.006328022,0.002527836,0.008855858,0.008855858,0.501466291,0.191990044,1.0,,,,,,,,,,,,,,,,,,,,,,,,,,,,,,,,
80,Jawhar Jordan,4429939,HOU,0.0,2025,"['RB', 'RB/WR', 'RB/WR/TE', 'OP', 'BE', 'IR']",,,,,,,,,,,,,,,,,,,,,,,,,,,,,,,,,,,,,,,,,,,,,,1.0,,,,,,,,,,,,,,,,,,,,,,4.08227841,16.8164645,0.115478612,0.010380929,0.007769185,0.005438429,0.0123,0.000419,4.119382072,6.522893676,0.024791649,0.002096691,0.001956094,0.001278307,1.0,,1.02059466,0.002749275,8.5e-05,1.318669904,6.391267689,0.01247762,0.000195,0.035527082,0.008881989,0.044409071,0.016342458,0.004973914,0.021316371,0.021316371,1.023796006,0.355010683,3.0,1.0,,,,,,,,,,,,,,,,,,,,,,,,,,,,,,,
81,Mike Gesicki,3116164,CIN,115.31,2025,"['WR/TE', 'TE', 'RB/WR/TE', 'OP', 'BE', 'IR']",,,,,,,,,,,,,,,,,,,,,,,,,,,,,,,,,,,,,,,,,,,,,,1.0,,,,,,,,,,,,,,,,,,,,,,,,,,,,,,,26.52963725,0.328694828,0.014466537,0.005899264,0.003855169,5.0,2.0,2.675976107,0.017386502,0.000538,3.832065403,9.914003784,0.014466537,0.000116,,0.026341947,0.026341947,,0.01475149,0.01475149,0.01475149,,1.408304971,,,,,,,1.0,1.0,,,,,,,,,,,,,,,,,,,,,,,,,
82,Ryan Flournoy,5083754,DAL,19.01,2025,"['RB/WR', 'WR', 'WR/TE', 'RB/WR/TE', 'OP', 'BE', 'IR']",,,,,,,,,,,,,,,,,,,,,,,,,,,,,,,,,,,,,,,,,,,,,,,,,,,,,,,,,,,,,,,,,,,,,,,,,,,,,,,,,,,,,,,,,,,,,,,,,,,,,,,,,,,,,,,,,,,,,,,,,,,,,,,,,,,,
83,Sterling Shepard,2976592,TB,27.57,2025,"['RB/WR', 'WR', 'WR/TE', 'RB/WR/TE', 'OP', 'BE', 'IR']",,,,,,,,,,,,,,,,,,,,,,,,,,,,,,,,,,,,,,,,,,,,,,,,,,,,,,,,,,,,,,,,,,,,,,,,,,,,,,,,,,,,,,,,,,,,,,,,,,,,,,,,,,,,,,,,,,,,,,,,,,,,,,,,,,,,
84,Joshua Karty,4566192,ARI,137.33,2025,"['K', 'BE', 'IR']",,,,,,,,,,,,,,,,,,,,,,,,,,,,,,,,,,,,,,,,,,,,,,1.0,0.275018734,0.416988011,0.141969277,0.410062314,0.539175196,0.129112882,0.914027847,0.983315915,0.069288068,1.599108895,1.939479122,0.340370227,2.235541175,2.4206316,0.185090425,0.275018734,0.416988011,0.141969277,60.72465117,15.55506269,76.27971386,,,,,,,,,,,,,,,,,,,,,,,,,,,,,,,,,,,,,,,,,,,,,,,,,,,,,,,,,,,,,,,,,
85,Isaiah Davis,4695404,NYJ,27.22,2025,"['RB', 'RB/WR', 'RB/WR/TE', 'OP', 'BE', 'IR']",,,,,,,,,,,,,,,,,,,,,,,,,,,,,,,,,,,,,,,,,,,,,,1.0,,,,,,,,,,,,,,,,,,,,,,3.708584183,16.88241738,0.069103278,0.009285093,0.007034482,0.004924137,0.0124,0.000422,4.552254055,11.57709134,0.043432358,0.00484991,0.001965393,0.001284384,2.0,1.0,1.757449978,0.004319769,0.000134,2.325396304,6.587437185,0.014135003,0.000167,0.025819929,0.01223573,0.038055659,0.011877167,0.006852009,0.018729176,0.018729176,0.968746914,0.669961733,3.0,1.0,,,,,,,,,,,,,,,,,,,,,,,,,,,,,,,
86,Kyle Williams,4613202,NE,40.44,2025,"['Rookie', 'RB/WR', 'WR', 'WR/TE', 'RB/WR/TE', 'OP', 'BE', 'IR']",,,,,,,,,,,,,0.013356135,,,,,,,,,,,48.50385983,,4.0,1.0,,,,,,,,,,,,,,,,,,,1.0,,,,,,,,,,,,,,,,,,,,,,,,,,,,,,,46.96715573,0.34055823,0.014580007,0.032094527,0.020973773,9.0,4.0,2.79761197,0.081300079,0.00251,4.40480581,16.7883024,0.014580007,0.000228,,0.051766253,0.051766253,,0.028989102,0.028989102,0.028989102,,2.004467529,,,,,,,2.0,1.0,,,,,,,,,,,,,,,,,,,,,,,,,
87,Riley Patterson,4243371,MIA,29.85,2025,"['K', 'BE', 'IR']",,,,,,,,,,,,,,,,,,,,,,,,,,,,,,,,,,,,,,,,,,,,,,1.0,0.291775926,0.418780505,0.127004579,0.431963844,0.541492932,0.109529088,0.954684921,0.987542865,0.032857944,1.678424691,1.947816302,0.26939161,2.164018664,2.252478972,0.088460308,0.291775926,0.418780505,0.127004579,63.83482063,12.77279451,76.60761514,,,,,,,,,,,,,,,,,,,,,,,,,,,,,,,,,,,,,,,,,,,,,,,,,,,,,,,,,,,,,,,,,
88,Dawson Knox,3930086,BUF,46.51,2025,"['WR/TE', 'TE', 'RB/WR/TE', 'OP', 'BE', 'IR']",,,,,,,,,,,,,,,,,,,,,,,,,,,,,,,,,,,,,,,,,,,,,,0.5,,,,,,,,,,,,,,,,,,,,,,,,,,,,,,,58.28465346,0.315339292,0.023074897,0.007084274,0.004629573,5.0,2.0,2.558609488,0.022087271,0.000683,4.036204388,11.38990802,0.023074897,9.59e-05,,0.021790222,0.021790222,,0.012202524,0.012202524,0.012202524,,1.44813969,,,,,,,1.0,1.0,,,,,,,,,,,,,,,,,,,,,,,,,
89,Bengals D/ST,-16004,CIN,72.82,2025,"['D/ST', 'BE', 'IR']",0.007796881,0.034986006,0.136945222,0.143942423,0.007199097,0.105766479,0.676037749,0.456194498,0.106226001,0.014006884,2.548660503,5.097321007,0.020679734,0.009144809,0.072365189,0.03340129,0.14279012,0.701837689,64.66107745,21.0,12.0,1.328178543,4.090576947,84.05888066,14.39183122,8.0,3.0,1.0,22.94959016,0.144942023,0.233906437,0.18692523,0.097960816,0.012594962,22.94959016,401.6659468,0.005489296,0.089824842,0.169170118,0.260492041,0.241029992,0.154698338,0.060881282,0.018414093,401.6659468,1.0,,,,,,,,,,,,,,,,,,,,,,,,,,,,,,,,,,,,,,,,,,,,,,,,,,,,,,,,,,,,,,,,,,,,,,,,,,,,,,,,,,,,,,
90,DeAndre Hopkins,15795,BAL,88.65,2025,"['RB/WR', 'WR', 'WR/TE', 'RB/WR/TE', 'OP', 'BE', 'IR']",,,,,,,,,,,,,,,,,,,,,,,,,,,,,,,,,,,,,,,,,,,,,,1.0,,,,,,,,,,,,,,,,,,,,,,,,,,,,,,,16.23829083,0.094644169,0.004234154,0.004043259,0.00264227,3.0,1.0,1.619884189,0.006467839,0.0002,2.558375044,10.02435294,0.004234154,0.000117,,0.026483222,0.026483222,,0.014830604,0.014830604,0.014830604,,0.788084862,,,,,,,,,,,,,,,,,,,,,,,,,,,,,,,,,
91,Chris Brooks,3149687,GB,23.79,2025,"['RB', 'RB/WR', 'RB/WR/TE', 'OP', 'BE', 'IR']",,,,,,,,,,,,,,,,,,,,,,,,,,,,,,,,,,,,,,,,,,,,,,1.0,,,,,,,,,,,,,,,,,,,,,,0.834090393,3.38256876,0.018815856,0.00062455,0.001541443,0.00107901,0.000477,1.63e-05,4.055398297,6.095792353,0.029393957,0.001028366,0.002670066,0.001744888,1.0,,0.842765878,0.002617826,8.1e-05,1.067267292,7.233079215,0.001652916,5.14e-05,0.00580711,0.00586751,0.01167462,0.00267127,0.003285806,0.005957076,0.005957076,0.300796174,0.304581815,,,,,,,,,,,,,,,,,,,,,,,,,,,,,,,,,
92,Malik Willis,4242512,GB,1.74,2025,"['QB', 'OP', 'BE', 'IR']",,,,,,,,,,,,,,,,,,,,,,,,,,,,,,,,,,,,,,,,,,,,,,1.0,,,,,,,,,,,,,,,,,,,,,,4.691668252,21.90129677,0.11029591,0.003661024,0.00897744,0.006284208,0.0209,0.000713,4.66812562,,,,,,,,,,,,,0.057834042,0.00269,0.080187811,,0.612222782,0.036886393,,0.292263179,0.88333789,1.228645658,,4.0,2.0,1.0,,,,,,,28.33801094,18.42778595,9.91022499,227.3581591,1.548436618,45.0,22.0,11.0,9.0,4.0,2.0,3.0,1.0,0.176652251,0.115442246,0.157335611,0.021251916,0.054173018,0.591074711,0.650285088,2.790555144,0.532034971,0.255376786,10.5549258
93,Will Shipley,4431545,PHI,57.17,2025,"['RB', 'RB/WR', 'RB/WR/TE', 'OP', 'BE', 'IR']",,,,,,,,,,,,,0.01164931,,,,,,,,,,,52.49853511,,5.0,2.0,,,,,,,,,,,,,,,,,,,1.0,,,,,,,,,,,,,,,,,,,,,,,,,,,,,,,1.434427423,0.005766505,0.000284194,0.001939027,0.001267154,,,0.220205193,0.000801139,2.48e-05,0.295668948,6.514049027,0.000284194,1.02e-05,,0.002319561,0.002319561,,0.001298954,0.001298954,0.001298954,,0.02447591,,,,,,,,,,,,,,,,,,,,,,,,,,,,,,,,,
94,Ryan Fitzgerald,4568263,CAR,126.72,2025,"['Rookie', 'K', 'BE', 'IR']",,,,,,,,,,,,,,,,,,,,,,,,,,,,,,,,,,,,,,,,,,,,,,1.0,0.289677793,0.42103053,0.131352738,0.429544751,0.544402267,0.114857516,0.951169815,0.992848739,0.041678925,1.670392358,1.958281537,0.287889179,1.783261795,1.873133088,0.089871293,0.289677793,0.42103053,0.131352738,63.50720905,13.5120038,77.01921285,,,,,,,,,,,,,,,,,,,,,,,,,,,,,,,,,,,,,,,,,,,,,,,,,,,,,,,,,,,,,,,,,
95,Tre' Harris,4686612,LAC,24.64,2025,"['Rookie', 'RB/WR', 'WR', 'WR/TE', 'RB/WR/TE', 'OP', 'BE', 'IR']",,,,,,,,,,,,,,,,,,,,,,,,,,,,,,,,,,,,,,,,,,,,,,1.0,,,,,,,,,,,,,,,,,,,,,,,,,,,,,,,27.86273753,0.151003451,0.004188832,0.006484358,0.004237528,5.0,2.0,2.643332423,0.019671892,0.000608,3.938396867,10.54076184,0.004188832,0.000215,,0.048911507,0.048911507,,0.027390444,0.027390444,0.027390444,,1.364965301,,,,,,,1.0,1.0,,,,,,,,,,,,,,,,,,,,,,,,,
96,Konata Mumpfield,4710855,LAR,4.69,2025,"['Rookie', 'RB/WR', 'WR', 'WR/TE', 'RB/WR/TE', 'OP', 'BE', 'IR']",,,,,,,,,,,,,,,,,,,,,,,,,,,,,,,,,,,,,,,,,,,,,,1.0,,,,,,,,,,,,,,,,,,,,,,,,,,,,,,,38.99914922,0.314316932,0.004828011,0.015391848,0.010058573,7.0,3.0,2.652075983,0.048685877,0.00151,4.474992851,14.70514023,0.004828011,0.000216,,0.049073295,0.049073295,,0.027481045,0.027481045,0.027481045,,1.740838233,,,,,,,1.0,1.0,,,,,,,,,,,,,,,,,,,,,,,,,
97,Terrell Jennings,4427600,NE,0.0,2025,"['RB', 'RB/WR', 'RB/WR/TE', 'OP', 'BE', 'IR']",,,,,,,,,,,,,,,,,,,,,,,,,,,,,,,,,,,,,,,,,,,,,,,,,,,,,,,,,,,,,,,,,,,,,,,,,,,,,,,,,,,,,,,,,,,,,,,,,,,,,,,,,,,,,,,,,,,,,,,,,,,,,,,,,,,,
98,Joshua Palmer,4242433,BUF,110.92,2025,"['RB/WR', 'WR', 'WR/TE', 'RB/WR/TE', 'OP', 'BE', 'IR']",,,,,,,,,,,,,,,,,,,,,,,,,,,,,,,,,,,,,,,,,,,,,,1.0,,,,,,,,,,,,,,,,,,,,,,,,,,,,,,,19.98188801,0.089884384,0.006577274,0.007995496,0.005225056,3.0,1.0,1.564996523,0.009233733,0.000286,2.690802925,12.76800793,0.006577274,0.000109,,0.024807012,0.024807012,,0.013891927,0.013891927,0.013891927,,0.876861531,,,,,,,,,,,,,,,,,,,,,,,,,,,,,,,,,
99,Tory Horton,4597703,SEA,56.52,2025,"['Rookie', 'RB/WR', 'WR', 'WR/TE', 'RB/WR/TE', 'OP', 'BE', 'IR']",,,,,,,,,,,,,,,,,,,,,,,,,,,,,,,,,,,,,,,,,,,,,,,,,,,,,,,,,,,,,,,,,,,,,,,,,,,,,,,,,,,,,,,,,,,,,,,,,,,,,,,,,,,,,,,,,,,,,,,,,,,,,,,,,,,,
100,Brashard Smith,4596602,KC,48.45,2025,"['Rookie', 'RB', 'RB/WR', 'RB/WR/TE', 'OP', 'BE', 'IR']",,,,,,,,,,,,,0.023500207,0.009999505,,,,,,,,,,85.34285528,15.73692643,8.0,3.0,1.0,,,,,,,,,,,,,,,,,,1.0,,,,,,,,,,,,,,,,,,,,,,0.655608331,2.435489933,0.016924307,0.000742127,0.001209614,0.00084673,0.000242,8.27e-06,3.714855071,8.437430646,0.057992201,0.002944261,0.002022671,0.001321815,1.0,,1.197787425,0.003318971,0.000103,1.651031496,7.044180355,0.003686389,8.81e-05,0.007086051,0.012946118,0.020032169,0.003259584,0.007249826,0.01050941,0.01050941,0.256564246,0.461770401,,,,,,,,,,,,,,,,,,,,,,,,,,,,,,,,,
101,Chad Ryland,4363538,ARI,128.2,2025,"['K', 'BE', 'IR']",,,,,,,,,,,,,,,,,,,,,,,,,,,,,,,,,,,,,,,,,,,,,,,,,,,,,,,,,,,,,,,,,,,,,,,,,,,,,,,,,,,,,,,,,,,,,,,,,,,,,,,,,,,,,,,,,,,,,,,,,,,,,,,,,,,,
102,Davis Mills,4242546,HOU,1.55,2025,"['QB', 'OP', 'BE', 'IR']",,,,,,,,,,,,,,,,,,,,,,,,,,,,,,,,,,,,,,,,,,,,,,,,,,,,,,,,,,,,,,,,,,,,,,,,,,,,,,,,,,,,,,,,,,,,,,,,,,,,,,,,,,,,,,,,,,,,,,,,,,,,,,,,,,,,
103,JuJu Smith-Schuster,3120348,KC,70.25,2025,"['RB/WR', 'WR', 'WR/TE', 'RB/WR/TE', 'OP', 'BE', 'IR']",,,,,,,,,,,,,,,,,,,,,,,,,,,,,,,,,,,,,,,,,,,,,,1.0,,,,,,,,,,,,,,,,,,,,,,,,,,,,,,,34.79878245,0.152598218,0.007747405,0.004744265,0.003100378,6.0,3.0,3.488851511,0.035551199,0.0011,5.283300788,9.97428017,0.007747405,0.000272,,0.061715872,0.061715872,,0.034560889,0.034560889,0.034560889,,1.749608023,,,,,,,1.0,1.0,,,,,,,,,,,,,,,,,,,,,,,,,
104,Jack Bech,4603186,LV,57.45,2025,"['Rookie', 'RB/WR', 'WR', 'WR/TE', 'RB/WR/TE', 'OP', 'BE', 'IR']",,,,,,,,,,,,,,,,,,,,,,,,,,,,,,,,,,,,,,,,,,,,,,,,,,,,,,,,,,,,,,,,,,,,,,,,,,,,,,,,,,,,,,,,,,,,,,,,,,,,,,,,,,,,,,,,,,,,,,,,,,,,,,,,,,,,
105,Brock Wright,4242392,DET,8.93,2025,"['WR/TE', 'TE', 'RB/WR/TE', 'OP', 'BE', 'IR']",,,,,,,,,,,,,,,,,,,,,,,,,,,,,,,,,,,,,,,,,,,,,,,,,,,,,,,,,,,,,,,,,,,,,,,,,,,,,,,,,,,,,,,,,,,,,,,,,,,,,,,,,,,,,,,,,,,,,,,,,,,,,,,,,,,,
106,Pat Bryant,4600981,DEN,94.96,2025,"['Rookie', 'RB/WR', 'WR', 'WR/TE', 'RB/WR/TE', 'OP', 'BE', 'IR']",,,,,,,,,,,,,,,,,,,,,,,,,,,,,,,,,,,,,,,,,,,,,,,,,,,,,,,,,,,,,,,,,,,,,,,,,,,,,,,,,,,,,,,,,,,,,,,,,,,,,,,,,,,,,,,,,,,,,,,,,,,,,,,,,,,,
107,KaVontae Turpin,3676833,DAL,103.53,2025,"['RB/WR', 'WR', 'WR/TE', 'RB/WR/TE', 'OP', 'BE', 'IR']",,,,,,,,,,,,,0.022135434,0.014118861,,,,,,,,,,80.01037218,16.1582298,8.0,3.0,1.0,,,,,,,,,,,,,,,,,,1.0,,,,,,,,,,,,,,,,,,,,,,1.446029494,9.379465218,0.039786625,0.001663604,0.002687349,0.001881144,0.00379,0.000129,6.486358166,26.40759433,0.20775037,0.00813728,0.017435141,0.011393864,5.0,2.0,1.928029529,0.017188734,0.000532,2.933556791,13.69667525,0.009800884,0.000297,0.02892059,0.038560591,0.06748118,0.013303471,0.021593931,0.034897402,0.034897402,0.556094301,1.185001742,1.0,,,,,,1.0,1.0,,,,,,,,,,,,,,,,,,,,,,,,,
108,Noah Fant,4036131,CIN,84.64,2025,"['WR/TE', 'TE', 'RB/WR/TE', 'OP', 'BE', 'IR']",,,,,,,,,,,,,,,,,,,,,,,,,,,,,,,,,,,,,,,,,,,,,,1.0,,,,,,,,,,,,,,,,,,,,,,,,,,,,,,,9.684913969,0.075697937,0.003331622,0.006000943,0.003921616,1.0,,1.114933984,0.003695383,0.000114,1.393478328,8.686535804,0.003331622,5.45e-05,,0.012378709,0.012378709,,0.006932077,0.006932077,0.006932077,,0.484526219,,,,,,,,,,,,,,,,,,,,,,,,,,,,,,,,,
109,Dontayvion Wicks,4428850,GB,20.12,2025,"['RB/WR', 'WR', 'WR/TE', 'RB/WR/TE', 'OP', 'BE', 'IR']",,,,,,,,,,,,,,,,,,,,,,,,,,,,,,,,,,,,,,,,,,,,,,1.0,,,,,,,,,,,,,,,,,,,,,,0.278030131,1.60229597,0.009985047,0.000331431,0.000511192,0.000357834,0.000101,3.44e-06,5.76302994,18.20621733,0.110838977,0.003877771,0.014147679,0.009245508,3.0,1.0,1.348593123,0.007779026,0.000241,2.134534584,13.50015584,0.004209202,0.000143,0.005560603,0.026971862,0.032532465,0.002557877,0.015104243,0.01766212,0.01766212,0.200318874,0.787138687,,,,,,,,,,,,,,,,,,,,,,,,,,,,,,,,,
110,Kendre Miller,4599739,NO,79.65,2025,"['RB', 'RB/WR', 'RB/WR/TE', 'OP', 'BE', 'IR']",,,,,,,,,,,,,,,,,,,,,,,,,,,,,,,,,,,,,,,,,,,,,,,,,,,,,,,,,,,,,,,,,,,,,,,,,,,,,,,,,,,,,,,,,,,,,,,,,,,,,,,,,,,,,,,,,,,,,,,,,,,,,,,,,,,,
111,Olamide Zaccheaus,3917914,CHI,36.34,2025,"['RB/WR', 'WR', 'WR/TE', 'RB/WR/TE', 'OP', 'BE', 'IR']",,,,,,,,,,,,,,,,,,,,,,,,,,,,,,,,,,,,,,,,,,,,,,0.5,,,,,,,,,,,,,,,,,,,,,,,,,,,,,,,46.15465136,0.182665248,0.009921118,0.00627704,0.004102046,4.0,2.0,2.002350477,0.01249314,0.000386,3.286379222,11.52511808,0.009921118,0.000173,,0.039210917,0.039210917,,0.021958114,0.021958114,0.021958114,,1.099848491,,,,,,,1.0,,,,,,,,,,,,,,,,,,,,,,,,,,
112,Jalen Nailor,4382466,MIN,23.23,2025,"['RB/WR', 'WR', 'WR/TE', 'RB/WR/TE', 'OP', 'BE', 'IR']",,,,,,,,,,,,,,,,,,,,,,,,,,,,,,,,,,,,,,,,,,,,,,1.0,,,,,,,,,,,,,,,,,,,,,,0.217457783,1.334365106,0.008903213,0.000646801,0.000399599,0.000279719,6.82e-05,2.33e-06,6.136203038,33.31778938,0.157772961,0.009764941,0.00543832,0.003553942,6.0,3.0,2.780279895,0.031570249,0.000976,4.90286556,11.98360979,0.010411742,0.000231,0.003806748,0.048670706,0.052477454,0.001751104,0.027255596,0.029006699,0.029006699,0.18678563,1.54937724,,,,,,,1.0,1.0,,,,,,,,,,,,,,,,,,,,,,,,,
113,Isaiah Hodgins,4242540,NYG,0.0,2025,"['RB/WR', 'WR', 'WR/TE', 'RB/WR/TE', 'OP', 'BE', 'IR']",,,,,,,,,,,,,,,,,,,,,,,,,,,,,,,,,,,,,,,,,,,,,,1.0,,,,,,,,,,,,,,,,,,,,,,,,,,,,,,,21.40534026,0.295163385,0.015342143,0.0043462,0.002840242,4.0,2.0,2.308012271,0.010610916,0.000328,3.316170096,9.274361548,0.015342143,0.000202,,0.046001427,0.046001427,,0.025760799,0.025760799,0.025760799,,1.169414336,,,,,,,1.0,,,,,,,,,,,,,,,,,,,,,,,,,,
114,Mac Jones,4241464,SF,1.51,2025,"['QB', 'OP', 'BE', 'IR']",,,,,,,,,,,,,,,,,,,,,,,,,,,,,,,,,,,,,,,,,,,,,,,,,,,,,,,,,,,,,,,,,,,,,,,,,,,,,,,,,,,,,,,,,,,,,,,,,,,,,,,,,,,,,,,,,,,,,,,,,,,,,,,,,,,,
115,Keaton Mitchell,4596334,BAL,26.63,2025,"['RB', 'RB/WR', 'RB/WR/TE', 'OP', 'BE', 'IR']",,,,,,,,,,,,,0.007652855,,,,,,,,,,,34.44623761,,3.0,1.0,,,,,,,,,,,,,,,,,,,1.0,,,,,,,,,,,,,,,,,,,,,,7.433543016,33.56347753,0.16027117,0.004155002,0.014569697,0.010198788,0.0492,0.00168,4.51513867,5.483708587,0.026427976,0.001182324,0.002213149,0.001446293,1.0,,0.800824265,0.002423608,7.5e-05,1.023350018,6.847580462,0.005337326,0.000375,0.07693678,0.008288489,0.085225269,0.035390919,0.004641554,0.040032473,0.040032473,1.826257209,0.276930233,6.0,3.0,1.0,1.0,1.0,,,,,,,,,,,,,,,,,,,,,,,,,,,,
116,Tyler Lockett,2577327,LV,99.09,2025,"['RB/WR', 'WR', 'WR/TE', 'RB/WR/TE', 'OP', 'BE', 'IR']",,,,,,,,,,,,,,,,,,,,,,,,,,,,,,,,,,,,,,,,,,,,,,1.0,,,,,,,,,,,,,,,,,,,,,,,,,,,,,,,31.79053699,0.137628628,0.007461396,0.005678367,0.003710813,6.0,3.0,3.161710934,0.027808994,0.00086,4.632197084,10.05485247,0.007461396,0.000206,,0.046843796,0.046843796,,0.026232526,0.026232526,0.026232526,,1.585964988,,,,,,,1.0,1.0,,,,,,,,,,,,,,,,,,,,,,,,,
117,Zane Gonzalez,3043234,ATL,0.0,2025,"['K', 'BE', 'IR']",,,,,,,,,,,,,,,,,,,,,,,,,,,,,,,,,,,,,,,,,,,,,,1.0,0.293312254,0.419484763,0.126172509,0.434042325,0.542403554,0.108361229,0.958756195,0.989203603,0.030447408,1.686110774,1.95109192,0.264981146,2.035477789,2.113200716,0.077722926,0.293312254,0.419484763,0.126172509,64.1334522,12.60299301,76.73644521,,,,,,,,,,,,,,,,,,,,,,,,,,,,,,,,,,,,,,,,,,,,,,,,,,,,,,,,,,,,,,,,,
118,Spencer Shrader,4571557,IND,132.5,2025,"['K', 'BE', 'IR']",,,,,,,,,,,,,,,,,,,,,,,,,,,,,,,,,,,,,,,,,,,,,,,,,,,,,,,,,,,,,,,,,,,,,,,,,,,,,,,,,,,,,,,,,,,,,,,,,,,,,,,,,,,,,,,,,,,,,,,,,,,,,,,,,,,,
119,Jalen McMillan,4430834,TB,29.19,2025,"['RB/WR', 'WR', 'WR/TE', 'RB/WR/TE', 'OP', 'BE', 'IR']",,,,,,,,,,,,,,,,,,,,,,,,,,,,,,,,,,,,,,,,,,,,,,1.0,,,,,,,,,,,,,,,,,,,,,,0.12814061,0.807925455,0.007022331,0.000615722,0.000235276,0.000164693,2.27e-05,7.73e-07,6.304991469,22.0335951,0.138289751,0.014155599,0.007656581,0.005003576,4.0,2.0,1.82588818,0.011283385,0.000349,2.997196985,12.06732994,0.01477132,0.000159,0.002371079,0.03378574,0.036156819,0.001090696,0.018920014,0.020010711,0.020010711,0.162181723,1.012699087,,,,,,,1.0,,,,,,,,,,,,,,,,,,,,,,,,,,
120,Quinn Ewers,4889929,MIA,0.0,2025,"['Rookie', 'QB', 'OP', 'BE', 'IR']",,,,,,,,,,,,,,,,,,,,,,,,,,,,,,,,,,,,,,,,,,,,,,1.0,,,,,,,,,,,,,,,,,,,,,,2.598771988,10.942805,0.091738504,0.003670638,0.004880457,0.00341632,0.00517,0.000177,4.210759948,,,,,,,,,,,,,0.07483841,0.00192,0.033486239,,0.43696615,0.01540367,,0.209074027,1.260600592,0.717643973,,2.0,1.0,,,,,,,,28.99811787,19.21378532,9.784332548,206.5422497,1.278649987,41.0,20.0,10.0,8.0,4.0,2.0,3.0,1.0,0.148236694,0.096872679,0.11459936,0.015479369,0.071167772,1.051526565,0.662587324,2.314813549,0.403479912,0.193670358,10.15784251
121,Daniel Carlson,3051909,LV,130.47,2025,"['K', 'BE', 'IR']",,,,,,,,,,,,,,,,,,,,,,,,,,,,,,,,,,,,,,,,,,,,,,1.0,0.286735862,0.423548838,0.136812976,0.426069646,0.547658497,0.121588851,0.945835732,0.998787259,0.052951527,1.658641239,1.969994594,0.311353354,1.530840144,1.626850036,0.096009892,0.286735862,0.423548838,0.136812976,63.03194254,14.44794482,77.47988736,,,,,,,,,,,,,,,,,,,,,,,,,,,,,,,,,,,,,,,,,,,,,,,,,,,,,,,,,,,,,,,,,
122,Hassan Haskins,4372071,LAC,6.36,2025,"['RB', 'RB/WR', 'RB/WR/TE', 'OP', 'BE', 'IR']",,,,,,,,,,,,,0.001741719,,,,,,,,,,,6.609200834,,,,,,,,,,,,,,,,,,,,,,1.0,,,,,,,,,,,,,,,,,,,,,,5.466700768,21.94794853,0.169916159,0.004446188,0.01053232,0.007372624,0.021,0.000716,4.014843589,5.760205681,0.02508544,0.000695869,0.001938034,0.001266505,1.0,,0.913716318,0.002512311,7.77e-05,1.211814421,6.304151048,0.005142058,0.000255,0.049691578,0.008305559,0.057997137,0.022858126,0.004651113,0.027509239,0.027509239,1.321753572,0.309737777,4.0,2.0,1.0,,1.0,,,,,,,,,,,,,,,,,,,,,,,,,,,,
123,Jaylin Noel,4586312,HOU,36.58,2025,"['Rookie', 'RB/WR', 'WR', 'WR/TE', 'RB/WR/TE', 'OP', 'BE', 'IR']",,,,,,,,,,,,,0.009170906,0.007477463,,,,,,,,,,41.87529773,17.17195815,4.0,1.0,1.0,,,,,,,,,,,,,,,,,,1.0,,,,,,,,,,,,,,,,,,,,,,0.226793245,1.281671692,0.009437306,0.000848365,0.00041679,0.000291753,6.26e-05,2.14e-06,5.65127807,4.426067278,0.024626918,0.00208276,0.005154725,0.003368613,,,0.426872025,0.002065598,6.39e-05,0.659334952,10.36860467,0.002931124,5.32e-05,0.004196521,0.007898724,0.012095245,0.0019304,0.004423286,0.006353685,0.006353685,0.185971747,0.161792107,,,,,,,,,,,,,,,,,,,,,,,,,,,,,,,,,
124,Malik Davis,4240603,DAL,0.0,2025,"['RB', 'RB/WR', 'RB/WR/TE', 'OP', 'BE', 'IR']",,,,,,,,,,,,,,,,,,,,,,,,,,,,,,,,,,,,,,,,,,,,,,1.0,,,,,,,,,,,,,,,,,,,,,,7.808559268,38.06498661,0.275810059,0.011532486,0.015354397,0.010748078,0.0633,0.00216,4.874777191,2.007131261,0.009747045,0.000381778,0.003560114,0.002326535,,,0.263321765,0.001080584,3.34e-05,0.325950755,7.622352305,0.011914263,0.000247,0.054364803,0.001833301,0.056198103,0.025007809,0.001026648,0.026034458,0.026034458,2.087169989,0.051724229,7.0,3.0,1.0,1.0,1.0,,,,,,,,,,,,,,,,,,,,,,,,,,,,
125,Jameis Winston,2969939,NYG,0.0,2025,"['QB', 'OP', 'BE', 'IR']",,,,,,,,,,,,,,,,,,,,,,,,,,,,,,,,,,,,,,,,,,,,,,,,,,,,,,,,,,,,,,,,,,,,,,,,,,,,,,,,,,,,,,,,,,,,,,,,,,,,,,,,,,,,,,,,,,,,,,,,,,,,,,,,,,,,
126,Tyquan Thornton,4362921,KC,42.58,2025,"['RB/WR', 'WR', 'WR/TE', 'RB/WR/TE', 'OP', 'BE', 'IR']",,,,,,,,,,,,,,,,,,,,,,,,,,,,,,,,,,,,,,,,,,,,,,,,,,,,,,,,,,,,,,,,,,,,,,,,,,,,,,,,,,,,,,,,,,,,,,,,,,,,,,,,,,,,,,,,,,,,,,,,,,,,,,,,,,,,
127,Tyler Higbee,2573401,LAR,123.86,2025,"['WR/TE', 'TE', 'RB/WR/TE', 'OP', 'BE', 'IR']",,,,,,,,,,,,,,,,,,,,,,,,,,,,,,,,,,,,,,,,,,,,,,,,,,,,,,,,,,,,,,,,,,,,,,,,,,,,,,,,,,,,,,,,,,,,,,,,,,,,,,,,,,,,,,,,,,,,,,,,,,,,,,,,,,,,
128,MarShawn Lloyd,4429023,GB,52.08,2025,"['RB', 'RB/WR', 'RB/WR/TE', 'OP', 'BE', 'IR']",,,,,,,,,,,,,,,,,,,,,,,,,,,,,,,,,,,,,,,,,,,,,,,,,,,,,,,,,,,,,,,,,,,,,,,,,,,,,,,,,,,,,,,,,,,,,,,,,,,,,,,,,,,,,,,,,,,,,,,,,,,,,,,,,,,,
129,Tanner McKee,4685201,PHI,1.52,2025,"['QB', 'OP', 'BE', 'IR']",,,,,,,,,,,,,,,,,,,,,,,,,,,,,,,,,,,,,,,,,,,,,,,,,,,,,,,,,,,,,,,,,,,,,,,,,,,,,,,,,,,,,,,,,,,,,,,,,,,,,,,,,,,,,,,,,,,,,,,,,,,,,,,,,,,,
130,Luke McCaffrey,4426948,WSH,26.78,2025,"['RB/WR', 'WR', 'WR/TE', 'RB/WR/TE', 'OP', 'BE', 'IR']",,,,,,,,,,,,,,,,,,,,,,,,,,,,,,,,,,,,,,,,,,,,,,,,,,,,,,,,,,,,,,,,,,,,,,,,,,,,,,,,,,,,,,,,,,,,,,,,,,,,,,,,,,,,,,,,,,,,,,,,,,,,,,,,,,,,
131,Gardner Minshew,4038524,KC,1.89,2025,"['QB', 'OP', 'BE', 'IR']",,,,,,,,,,,,,,,,,,,,,,,,,,,,,,,,,,,,,,,,,,,,,,,,,,,,,,,,,,,,,,,,,,,,,,,,,,,,,,,,,,,,,,,,,,,,,,,,,,,,,,,,,,,,,,,,,,,,,,,,,,,,,,,,,,,,
132,Isaac Guerendo,4372561,SF,33.17,2025,"['RB', 'RB/WR', 'RB/WR/TE', 'OP', 'BE', 'IR']",,,,,,,,,,,,,,,,,,,,,,,,,,,,,,,,,,,,,,,,,,,,,,,,,,,,,,,,,,,,,,,,,,,,,,,,,,,,,,,,,,,,,,,,,,,,,,,,,,,,,,,,,,,,,,,,,,,,,,,,,,,,,,,,,,,,
133,Darnell Washington,4430802,PIT,12.99,2025,"['WR/TE', 'TE', 'RB/WR/TE', 'OP', 'BE', 'IR']",,,,,,,,,,,,,,,,,,,,,,,,,,,,,,,,,,,,,,,,,,,,,,1.0,,,,,,,,,,,,,,,,,,,,,,,,,,,,,,,25.13250987,0.176500091,0.00698789,0.007669502,0.00501202,5.0,2.0,2.311907014,0.015233917,0.000471,3.417397152,10.87089996,0.00698789,0.000172,,0.039015561,0.039015561,,0.021848714,0.021848714,0.021848714,,1.224559524,,,,,,,1.0,1.0,,,,,,,,,,,,,,,,,,,,,,,,,
134,Jaleel McLaughlin,4722893,DEN,19.35,2025,"['RB', 'RB/WR', 'RB/WR/TE', 'OP', 'BE', 'IR']",,,,,,,,,,,,,,,,,,,,,,,,,,,,,,,,,,,,,,,,,,,,,,1.0,,,,,,,,,,,,,,,,,,,,,,6.848126225,28.24349256,0.156637715,0.010917261,0.013354283,0.009347998,0.0348,0.00119,4.124265768,3.347718721,0.014916584,0.001060927,0.001945278,0.001271239,,,0.581541014,0.001660493,5.14e-05,0.683581,5.756633913,0.011978188,0.000235,0.049216259,0.004179431,0.053395691,0.022639479,0.002340482,0.024979961,0.024979961,1.60835153,0.163338939,5.0,2.0,1.0,1.0,1.0,,,,,,,,,,,,,,,,,,,,,,,,,,,,
135,Cole Kmet,4258595,CHI,43.16,2025,"['WR/TE', 'TE', 'RB/WR/TE', 'OP', 'BE', 'IR']",,,,,,,,,,,,,,,,,,,,,,,,,,,,,,,,,,,,,,,,,,,,,,1.0,,,,,,,,,,,,,,,,,,,,,,,,,,,,,,,24.53599972,0.210242972,0.01141895,0.008181123,0.005346364,4.0,2.0,2.392354283,0.014387581,0.000445,3.286379222,10.25600593,0.01141895,0.000114,,0.025832163,0.025832163,,0.014466011,0.014466011,0.014466011,,1.24024469,,,,,,,1.0,,,,,,,,,,,,,,,,,,,,,,,,,,
136,Amari Cooper,2976499,LV,0.0,2025,"['RB/WR', 'WR', 'WR/TE', 'RB/WR/TE', 'OP', 'BE', 'IR']",,,,,,,,,,,,,,,,,,,,,,,,,,,,,,,,,,,,,,,,,,,,,,,,,,,,,,,,,,,,,,,,,,,,,,,,,,,,,,,,,,,,,,,,,,,,,,,,,,,,,,,,,,,,,,,,,,,,,,,,,,,,,,,,,,,,
137,Kevin Austin Jr.,4372758,NO,0.0,2025,"['RB/WR', 'WR', 'WR/TE', 'RB/WR/TE', 'OP', 'BE', 'IR']",,,,,,,,,,,,,,,,,,,,,,,,,,,,,,,,,,,,,,,,,,,,,,1.0,,,,,,,,,,,,,,,,,,,,,,,,,,,,,,,37.39330588,0.133880553,0.008282629,0.013086612,0.008552101,7.0,3.0,2.751066322,0.04333789,0.00134,4.471009233,13.59229531,0.008282629,0.000224,,0.050904985,0.050904985,,0.028506792,0.028506792,0.028506792,,1.645335286,,,,,,,1.0,1.0,,,,,,,,,,,,,,,,,,,,,,,,,
138,Nick Westbrook-Ikhine,3929785,MIA,108.56,2025,"['RB/WR', 'WR', 'WR/TE', 'RB/WR/TE', 'OP', 'BE', 'IR']",,,,,,,,,,,,,,,,,,,,,,,,,,,,,,,,,,,,,,,,,,,,,,,,,,,,,,,,,,,,,,,,,,,,,,,,,,,,,,,,,,,,,,,,,,,,,,,,,,,,,,,,,,,,,,,,,,,,,,,,,,,,,,,,,,,,
139,Raheim Sanders,4601080,CLE,0.0,2025,"['Rookie', 'RB', 'RB/WR', 'RB/WR/TE', 'OP', 'BE', 'IR']",,,,,,,,,,,,,,,,,,,,,,,,,,,,,,,,,,,,,,,,,,,,,,1.0,,,,,,,,,,,,,,,,,,,,,,7.793852569,31.70191631,0.201435058,0.013872099,0.015323534,0.010726474,0.0439,0.0015,4.067554015,4.687390317,0.023350243,0.001816711,0.002089462,0.001365464,,,0.696810325,0.002157194,6.67e-05,0.898904695,6.726924312,0.015688811,0.000325,0.067828015,0.006064172,0.073892186,0.031200887,0.003395936,0.034596823,0.034596823,1.815978707,0.230004159,6.0,3.0,1.0,1.0,1.0,,,,,,,,,,,,,,,,,,,,,,,,,,,,
140,Dyami Brown,4361577,JAX,106.67,2025,"['RB/WR', 'WR', 'WR/TE', 'RB/WR/TE', 'OP', 'BE', 'IR']",,,,,,,,,,,,,0.004450006,,,,,,,,,,,16.1605478,,1.0,,,,,,,,,,,,,,,,,,,,1.0,,,,,,,,,,,,,,,,,,,,,,,,,,,,,,,,,,,,,,,,,,,,,,,,,,,,,,,,,,,,,,,,,,,,,,,,,,,,,,,,,,,,,,
141,Dameon Pierce,4360238,KC,50.32,2025,"['RB', 'RB/WR', 'RB/WR/TE', 'OP', 'BE', 'IR']",,,,,,,,,,,,,,,,,,,,,,,,,,,,,,,,,,,,,,,,,,,,,,,,,,,,,,,,,,,,,,,,,,,,,,,,,,,,,,,,,,,,,,,,,,,,,,,,,,,,,,,,,,,,,,,,,,,,,,,,,,,,,,,,,,,,
142,Tutu Atwell,4360797,LAR,112.98,2025,"['RB/WR', 'WR', 'WR/TE', 'RB/WR/TE', 'OP', 'BE', 'IR']",,,,,,,,,,,,,,,,,,,,,,,,,,,,,,,,,,,,,,,,,,,,,,1.0,,,,,,,,,,,,,,,,,,,,,,,,,,,,,,,15.21685721,0.102150253,0.001569061,0.016272454,0.010634049,3.0,1.0,0.983343251,0.005895571,0.000182,1.721151097,15.47461397,0.001569061,6.66e-05,,0.01513526,0.01513526,,0.008475746,0.008475746,0.008475746,,0.617898414,,,,,,,,,,,,,,,,,,,,,,,,,,,,,,,,,
143,Carson Wentz,2573079,MIN,1.93,2025,"['QB', 'OP', 'BE', 'IR']",,,,,,,,,,,,,,,,,,,,,,,,,,,,,,,,,,,,,,,,,,,,,,,,,,,,,,,,,,,,,,,,,,,,,,,,,,,,,,,,,,,,,,,,,,,,,,,,,,,,,,,,,,,,,,,,,,,,,,,,,,,,,,,,,,,,
144,Marquez Valdes-Scantling,3051738,PIT,7.78,2025,"['RB/WR', 'WR', 'WR/TE', 'RB/WR/TE', 'OP', 'BE', 'IR']",,,,,,,,,,,,,,,,,,,,,,,,,,,,,,,,,,,,,,,,,,,,,,1.0,,,,,,,,,,,,,,,,,,,,,,,,,,,,,,,36.87918182,0.203642097,0.008062481,0.01382113,0.009032108,7.0,3.0,2.226359221,0.041711601,0.00129,4.349414557,16.56479398,0.008062481,0.000149,,0.033935696,0.033935696,,0.01900399,0.01900399,0.01900399,,1.540086293,,,,,,,1.0,1.0,,,,,,,,,,,,,,,,,,,,,,,,,
145,Evan Hull,4569609,NO,0.0,2025,"['RB', 'RB/WR', 'RB/WR/TE', 'OP', 'BE', 'IR']",,,,,,,,,,,,,0.008478669,,,,,,,,,,,30.79095612,,3.0,1.0,,,,,,,,,,,,,,,,,,,1.0,,,,,,,,,,,,,,,,,,,,,,5.411964904,22.3563805,0.087282228,0.005440466,0.010421839,0.007295288,0.0218,0.000743,4.130917494,3.938307138,0.01513778,0.000936511,0.003579748,0.002339366,,,0.514773028,0.001888148,5.84e-05,0.638715605,7.650570103,0.006376977,0.000227,0.047099022,0.004479945,0.051578967,0.02166555,0.002508769,0.02417432,0.02417432,1.270615283,0.164496876,4.0,2.0,1.0,,1.0,,,,,,,,,,,,,,,,,,,,,,,,,,,,
146,Khalil Herbert,4035886,NYJ,0.0,2025,"['RB', 'RB/WR', 'RB/WR/TE', 'OP', 'BE', 'IR']",,,,,,,,,,,,,,,,,,,,,,,,,,,,,,,,,,,,,,,,,,,,,,,,,,,,,,,,,,,,,,,,,,,,,,,,,,,,,,,,,,,,,,,,,,,,,,,,,,,,,,,,,,,,,,,,,,,,,,,,,,,,,,,,,,,,
147,Tank Dell,4366031,HOU,0.0,2025,"['RB/WR', 'WR', 'WR/TE', 'RB/WR/TE', 'OP', 'BE', 'IR']",,,,,,,,,,,,,,,,,,,,,,,,,,,,,,,,,,,,,,,,,,,,,,,,,,,,,,,,,,,,,,,,,,,,,,,,,,,,,,,,,,,,,,,,,,,,,,,,,,,,,,,,,,,,,,,,,,,,,,,,,,,,,,,,,,,,
148,Brandin Cooks,16731,BUF,90.86,2025,"['RB/WR', 'WR', 'WR/TE', 'RB/WR/TE', 'OP', 'BE', 'IR']",,,,,,,,,,,,,,,,,,,,,,,,,,,,,,,,,,,,,,,,,,,,,,1.0,,,,,,,,,,,,,,,,,,,,,,,,,,,,,,,15.22803471,0.094250337,0.006896752,0.006482255,0.004236154,3.0,1.0,1.358984941,0.005901473,0.000183,2.15264234,11.20544773,0.006896752,8.42e-05,,0.019135092,0.019135092,,0.010715652,0.010715652,0.010715652,,0.700597375,,,,,,,,,,,,,,,,,,,,,,,,,,,,,,,,,
149,Joey Slye,3124084,TEN,124.58,2025,"['K', 'BE', 'IR']",,,,,,,,,,,,,,,,,,,,,,,,,,,,,,,,,,,,,,,,,,,,,,1.0,0.285723479,0.422197167,0.136473688,0.424584089,0.545910755,0.121326666,0.942587785,0.99559983,0.053012045,1.652895353,1.963707752,0.310812399,1.878999069,1.997333781,0.118334712,0.285723479,0.422197167,0.136473688,62.81298541,14.41964046,77.23262587,,,,,,,,,,,,,,,,,,,,,,,,,,,,,,,,,,,,,,,,,,,,,,,,,,,,,,,,,,,,,,,,,
150,Roschon Johnson,4426386,CHI,80.25,2025,"['RB', 'RB/WR', 'RB/WR/TE', 'OP', 'BE', 'IR']",,,,,,,,,,,,,,,,,,,,,,,,,,,,,,,,,,,,,,,,,,,,,,,,,,,,,,,,,,,,,,,,,,,,,,,,,,,,,,,,,,,,,,,,,,,,,,,,,,,,,,,,,,,,,,,,,,,,,,,,,,,,,,,,,,,,
151,Russell Wilson,14881,NYG,118.98,2025,"['QB', 'OP', 'BE', 'IR']",,,,,,,,,,,,,,,,,,,,,,,,,,,,,,,,,,,,,,,,,,,,,,,,,,,,,,,,,,,,,,,,,,,,,,,,,,,,,,,,,,,,,,,,,,,,,,,,,,,,,,,,,,,,,,,,,,,,,,,,,,,,,,,,,,,,
152,Younghoe Koo,3049899,None,126.75,2025,"['K', 'BE', 'IR']",,,,,,,,,,,,,,,,,,,,,,,,,,,,,,,,,,,,,,,,,,,,,,,,,,,,,,,,,,,,,,,,,,,,,,,,,,,,,,,,,,,,,,,,,,,,,,,,,,,,,,,,,,,,,,,,,,,,,,,,,,,,,,,,,,,,
153,Dont'e Thornton Jr.,4432775,LV,70.06,2025,"['Rookie', 'RB/WR', 'WR', 'WR/TE', 'RB/WR/TE', 'OP', 'BE', 'IR']",,,,,,,,,,,,,,,,,,,,,,,,,,,,,,,,,,,,,,,,,,,,,,1.0,,,,,,,,,,,,,,,,,,,,,,,,,,,,,,,26.89458144,0.135458712,0.007343756,0.011665234,0.007623231,5.0,2.0,1.967667689,0.017989233,0.000556,3.308712203,13.66825383,0.007343756,0.00016,,0.036409189,0.036409189,,0.020389146,0.020389146,0.020389146,,1.177904594,,,,,,,1.0,1.0,,,,,,,,,,,,,,,,,,,,,,,,,
154,Josh Johnson,11394,WSH,0.0,2025,"['QB', 'OP', 'BE', 'IR']",,,,,,,,,,,,,,,,,,,,,,,,,,,,,,,,,,,,,,,,,,,,,,1.0,,,,,,,,,,,,,,,,,,,,,,3.875010862,14.10079536,0.147301354,,0.0073611,0.00515277,0.00862,0.000294,3.638904731,,,,,,,,,,,,,,0.00308,0.068893469,,0.700002264,0.031690996,,0.334623217,1.060473077,0.943232316,,2.0,1.0,,,,,,,,32.73369134,20.7254099,12.00828144,244.2697094,1.080712522,48.0,24.0,12.0,9.0,4.0,2.0,4.0,2.0,0.201609885,0.13175206,0.204323209,0.027598708,,0.72584986,0.633152237,2.763917576,0.631108795,0.302932221,11.35273935
155,Miles Sanders,4045163,DAL,87.9,2025,"['RB', 'RB/WR', 'RB/WR/TE', 'OP', 'BE', 'IR']",,,,,,,,,,,,,,,,,,,,,,,,,,,,,,,,,,,,,,,,,,,,,,,,,,,,,,,,,,,,,,,,,,,,,,,,,,,,,,,,,,,,,,,,,,,,,,,,,,,,,,,,,,,,,,,,,,,,,,,,,,,,,,,,,,,,
156,Xavier Hutchinson,4686422,HOU,44.97,2025,"['RB/WR', 'WR', 'WR/TE', 'RB/WR/TE', 'OP', 'BE', 'IR']",,,,,,,,,,,,,,,,,,,,,,,,,,,,,,,,,,,,,,,,,,,,,,1.0,,,,,,,,,,,,,,,,,,,,,,0.113396623,0.702840538,0.005311627,0.000477488,0.000208177,0.000145724,1.65e-05,5.62e-07,6.198072942,15.70552952,0.079316116,0.006707961,0.005474197,0.003577388,3.0,1.0,1.382199558,0.006160891,0.000191,2.307672331,11.36270768,0.007185448,9.74e-05,0.001678608,0.020460677,0.022139285,0.00077216,0.011457979,0.012230139,0.012230139,0.15646242,0.71294935,,,,,,,,,,,,,,,,,,,,,,,,,,,,,,,,,
157,Ja'Tavion Sanders,4431588,CAR,102.37,2025,"['WR/TE', 'TE', 'RB/WR/TE', 'OP', 'BE', 'IR']",,,,,,,,,,,,,,,,,,,,,,,,,,,,,,,,,,,,,,,,,,,,,,1.0,,,,,,,,,,,,,,,,,,,,,,,,,,,,,,,14.56324159,0.142207421,0.009542061,0.002340068,0.001529234,2.0,1.0,1.904636468,0.005563439,0.000172,2.659800011,7.646205372,0.009542061,0.000109,,0.024681938,0.024681938,,0.013821885,0.013821885,0.013821885,,0.826247363,,,,,,,,,,,,,,,,,,,,,,,,,,,,,,,,,
158,Blake Grupe,4259619,IND,126.66,2025,"['K', 'BE', 'IR']",,,,,,,,,,,,,,,,,,,,,,,,,,,,,,,,,,,,,,,,,,,,,,1.0,0.277711152,0.420122998,0.142411846,0.413953088,0.543228807,0.129275719,0.922372984,0.990708652,0.068335668,1.614037224,1.954060457,0.340023233,1.845938583,1.995558696,0.149620113,0.277711152,0.420122998,0.142411846,61.29548068,15.55771708,76.85319776,,,,,,,,,,,,,,,,,,,,,,,,,,,,,,,,,,,,,,,,,,,,,,,,,,,,,,,,,,,,,,,,,
159,Jalen Tolbert,4249417,DAL,71.1,2025,"['RB/WR', 'WR', 'WR/TE', 'RB/WR/TE', 'OP', 'BE', 'IR']",,,,,,,,,,,,,,,,,,,,,,,,,,,,,,,,,,,,,,,,,,,,,,1.0,,,,,,,,,,,,,,,,,,,,,,,,,,,,,,,7.839618903,0.072308938,0.002832236,0.011026476,0.007205802,1.0,,0.625581484,0.003142314,9.72e-05,0.977852264,12.53173105,0.002832236,4.71e-05,,0.01069859,0.01069859,,0.005991211,0.005991211,0.005991211,,0.320714832,,,,,,,,,,,,,,,,,,,,,,,,,,,,,,,,,
160,Jake Moody,4372066,WSH,124.67,2025,"['K', 'BE', 'IR']",,,,,,,,,,,,,,,,,,,,,,,,,,,,,,,,,,,,,,,,,,,,,,1.0,0.271134554,0.420503293,0.149368739,0.405499058,0.543720537,0.13822148,0.907106579,0.99160544,0.084498861,1.58374019,1.95582927,0.37208908,1.709770696,1.881379187,0.171608491,0.271134554,0.420503293,0.149368739,60.10192086,16.82084434,76.9227652,,,,,,,,,,,,,,,,,,,,,,,,,,,,,,,,,,,,,,,,,,,,,,,,,,,,,,,,,,,,,,,,,
161,Elijah Arroyo,4678006,SEA,114.6,2025,"['Rookie', 'WR/TE', 'TE', 'RB/WR/TE', 'OP', 'BE', 'IR']",,,,,,,,,,,,,,,,,,,,,,,,,,,,,,,,,,,,,,,,,,,,,,,,,,,,,,,,,,,,,,,,,,,,,,,,,,,,,,,,,,,,,,,,,,,,,,,,,,,,,,,,,,,,,,,,,,,,,,,,,,,,,,,,,,,,
162,Spencer Rattler,4426339,NO,139.92,2025,"['QB', 'OP', 'BE', 'IR']",,,,,,,,,,,,,,,,,,,,,,,,,,,,,,,,,,,,,,,,,,,,,,,,,,,,,,,,,,,,,,,,,,,,,,,,,,,,,,,,,,,,,,,,,,,,,,,,,,,,,,,,,,,,,,,,,,,,,,,,,,,,,,,,,,,,
163,Anthony Richardson Sr.,4429084,IND,68.93,2025,"['QB', 'OP', 'BE', 'IR']",,,,,,,,,,,,,,,,,,,,,,,,,,,,,,,,,,,,,,,,,,,,,,,,,,,,,,,,,,,,,,,,,,,,,,,,,,,,,,,,,,,,,,,,,,,,,,,,,,,,,,,,,,,,,,,,,,,,,,,,,,,,,,,,,,,,
164,Dillon Gabriel,4427238,CLE,68.6,2025,"['Rookie', 'QB', 'OP', 'BE', 'IR']",,,,,,,,,,,,,,,,,,,,,,,,,,,,,,,,,,,,,,,,,,,,,,,,,,,,,,,,,,,,,,,,,,,,,,,,,,,,,,,,,,,,,,,,,,,,,,,,,,,,,,,,,,,,,,,,,,,,,,,,,,,,,,,,,,,,
165,Ray-Ray McCloud III,3728262,None,110.0,2025,"['RB/WR', 'WR', 'WR/TE', 'RB/WR/TE', 'OP', 'BE', 'IR']",,,,,,,,,,,,,,,,,,,,,,,,,,,,,,,,,,,,,,,,,,,,,,,,,,,,,,,,,,,,,,,,,,,,,,,,,,,,,,,,,,,,,,,,,,,,,,,,,,,,,,,,,,,,,,,,,,,,,,,,,,,,,,,,,,,,
166,Trevor Etienne,4685350,CAR,23.29,2025,"['Rookie', 'RB', 'RB/WR', 'RB/WR/TE', 'OP', 'BE', 'IR']",,,,,,,,,,,,,0.013702613,0.008106683,,,,,,,,,,53.58843492,13.98909914,5.0,2.0,1.0,,,,,,,,,,,,,,,,,,1.0,,,,,,,,,,,,,,,,,,,,,,,,,,,,,,,,,,,,,,,,,,,,,,,,,,,,,,,,,,,,,,,,,,,,,,,,,,,,,,,,,,,,,,
167,Jaylin Lane,4602667,WSH,20.6,2025,"['Rookie', 'RB/WR', 'WR', 'WR/TE', 'RB/WR/TE', 'OP', 'BE', 'IR']",,,,,,,,,,,,,,,,,,,,,,,,,,,,,,,,,,,,,,,,,,,,,,,,,,,,,,,,,,,,,,,,,,,,,,,,,,,,,,,,,,,,,,,,,,,,,,,,,,,,,,,,,,,,,,,,,,,,,,,,,,,,,,,,,,,,
168,Isaiah Williams,4569371,NYJ,0.0,2025,"['RB/WR', 'WR', 'WR/TE', 'RB/WR/TE', 'OP', 'BE', 'IR']",,,,,,,,,,,,,0.013308452,0.020511388,,,,,,,,,,67.54289719,16.99090072,6.0,2.0,1.0,,,,,,,,,,,,,,,,,,1.0,,,,,,,,,,,,,,,,,,,,,,0.115893256,0.747020504,0.003361179,0.000451626,0.000212765,0.000148936,1.9e-05,6.47e-07,6.44576338,25.63365826,0.062704519,0.007001952,0.003073403,0.002008469,5.0,2.0,2.665324538,0.015978216,0.000494,4.318593136,9.617462301,0.007453579,0.000226,0.002144457,0.049318443,0.0514629,0.00098645,0.027618328,0.028604778,0.028604778,0.156651786,1.272401956,,,,,,,1.0,1.0,,,,,,,,,,,,,,,,,,,,,,,,,
169,DJ Giddens,4874509,IND,19.92,2025,"['Rookie', 'RB', 'RB/WR', 'RB/WR/TE', 'OP', 'BE', 'IR']",,,,,,,,,,,,,,,,,,,,,,,,,,,,,,,,,,,,,,,,,,,,,,,,,,,,,,,,,,,,,,,,,,,,,,,,,,,,,,,,,,,,,,,,,,,,,,,,,,,,,,,,,,,,,,,,,,,,,,,,,,,,,,,,,,,,
170,Van Jefferson,3930066,TEN,52.87,2025,"['RB/WR', 'WR', 'WR/TE', 'RB/WR/TE', 'OP', 'BE', 'IR']",,,,,,,,,,,,,,,,,,,,,,,,,,,,,,,,,,,,,,,,,,,,,,1.0,,,,,,,,,,,,,,,,,,,,,,,,,,,,,,,27.76602978,0.145777918,0.002295654,0.006066013,0.00396414,5.0,2.0,2.131981068,0.019498279,0.000603,3.98516844,13.02358178,0.002295654,0.000122,,0.02761472,0.02761472,,0.015464243,0.015464243,0.015464243,,1.243607843,,,,,,,1.0,1.0,,,,,,,,,,,,,,,,,,,,,,,,,
171,Gabe Davis,4243537,BUF,0.0,2025,"['RB/WR', 'WR', 'WR/TE', 'RB/WR/TE', 'OP', 'BE', 'IR']",,,,,,,,,,,,,,,,,,,,,,,,,,,,,,,,,,,,,,,,,,,,,,1.0,,,,,,,,,,,,,,,,,,,,,,,,,,,,,,,6.384564045,0.060438799,0.004422598,0.010426691,0.006813842,1.0,,0.403334774,0.002707008,8.37e-05,0.807240878,15.8294411,0.004422598,3.22e-05,,0.007310452,0.007310452,,0.004093853,0.004093853,0.004093853,,0.225078887,,,,,,,,,,,,,,,,,,,,,,,,,,,,,,,,,
172,Tom Kennedy,3126997,DET,0.0,2025,"['RB/WR', 'WR', 'WR/TE', 'RB/WR/TE', 'OP', 'BE', 'IR']",,,,,,,,,,,,,0.007906492,0.005378424,,,,,,,,,,35.56621047,8.464405047,3.0,1.0,,,,,,,,,,,,,,,,,,,1.0,,,,,,,,,,,,,,,,,,,,,,,,,,,,,,,,,,,,,,,,,,,,,,,,,,,,,,,,,,,,,,,,,,,,,,,,,,,,,,,,,,,,,,
173,Trey Lance,4383351,LAC,1.7,2025,"['QB', 'OP', 'BE', 'IR']",,,,,,,,,,,,,,,,,,,,,,,,,,,,,,,,,,,,,,,,,,,,,,,,,,,,,,,,,,,,,,,,,,,,,,,,,,,,,,,,,,,,,,,,,,,,,,,,,,,,,,,,,,,,,,,,,,,,,,,,,,,,,,,,,,,,
174,Mason Rudolph,3116407,PIT,1.53,2025,"['QB', 'OP', 'BE', 'IR']",,,,,,,,,,,,,,,,,,,,,,,,,,,,,,,,,,,,,,,,,,,,,,,,,,,,,,,,,,,,,,,,,,,,,,,,,,,,,,,,,,,,,,,,,,,,,,,,,,,,,,,,,,,,,,,,,,,,,,,,,,,,,,,,,,,,
175,Tyler Huntley,4035671,BAL,0.0,2025,"['QB', 'OP', 'BE', 'IR']",,,,,,,,,,,,,,,,,,,,,,,,,,,,,,,,,,,,,,,,,,,,,,1.0,,,,,,,,,,,,,,,,,,,,,,6.595013657,28.32722741,0.167241684,0.004335711,0.012832382,0.008982668,0.035,0.00119,4.295249242,,,,,,,,,,,,,0.047647876,0.0019,0.079471107,,0.430708256,0.036556709,,0.205150541,0.842091623,1.603706746,,5.0,2.0,1.0,1.0,1.0,,,,,26.82090107,17.93363922,8.887261846,170.2931496,0.968137724,34.0,17.0,8.0,6.0,3.0,1.0,3.0,1.0,0.104822256,0.068501345,0.072032824,0.009729746,0.043312164,0.636941082,0.668644173,2.326972532,0.351237149,0.168593831,8.843124498
176,Charlie Smyth,5208518,NO,0.0,2025,"['K', 'BE', 'IR']",,,,,,,,,,,,,,,,,,,,,,,,,,,,,,,,,,,,,,,,,,,,,,1.0,0.292213654,0.42107671,0.128863056,0.432829709,0.544461978,0.111632268,0.957179131,0.992957636,0.035778505,1.682222494,1.958496323,0.27627383,1.839012195,1.919701586,0.080689391,0.292213654,0.42107671,0.128863056,63.97224814,13.05541226,77.0276604,,,,,,,,,,,,,,,,,,,,,,,,,,,,,,,,,,,,,,,,,,,,,,,,,,,,,,,,,,,,,,,,,
177,Kyle Juszczyk,16002,SF,25.66,2025,"['RB', 'RB/WR', 'RB/WR/TE', 'OP', 'BE', 'IR']",,,,,,,,,,,,,,,,,,,,,,,,,,,,,,,,,,,,,,,,,,,,,,1.0,,,,,,,,,,,,,,,,,,,,,,0.13297305,0.604286455,0.00526078,0.000333518,0.00024416,0.000170912,1.15e-05,3.94e-07,4.544428025,10.50978797,0.062375523,0.003573015,0.004450418,0.002908348,2.0,1.0,1.276059795,0.00395697,0.000122,1.619303313,8.23612499,0.003906533,5.08e-05,0.001089027,0.010450716,0.011539744,0.000500952,0.005852401,0.006353354,0.006353354,0.154286134,0.538551151,,,,,,,,,,,,,,,,,,,,,,,,,,,,,,,,,
178,David Sills V,3871102,ATL,0.0,2025,"['RB/WR', 'WR', 'WR/TE', 'RB/WR/TE', 'OP', 'BE', 'IR']",,,,,,,,,,,,,,,,,,,,,,,,,,,,,,,,,,,,,,,,,,,,,,1.0,,,,,,,,,,,,,,,,,,,,,,,,,,,,,,,22.16127974,0.110366698,0.007732616,0.005065724,0.003310451,4.0,2.0,1.867072566,0.011425095,0.000353,3.314458517,11.86953316,0.007732616,0.000152,,0.034547805,0.034547805,,0.019346771,0.019346771,0.019346771,,1.014189236,,,,,,,1.0,,,,,,,,,,,,,,,,,,,,,,,,,,
179,Terrance Ferguson,4570037,LAR,49.03,2025,"['Rookie', 'WR/TE', 'TE', 'RB/WR/TE', 'OP', 'BE', 'IR']",,,,,,,,,,,,,,,,,,,,,,,,,,,,,,,,,,,,,,,,,,,,,,1.0,,,,,,,,,,,,,,,,,,,,,,,,,,,,,,,17.0855448,0.161152394,0.002475353,0.012523949,0.008184401,3.0,1.0,1.297473817,0.006996604,0.000216,2.065381316,13.16831567,0.002475353,6.95e-05,,0.015785495,0.015785495,,0.008839877,0.008839877,0.008839877,,0.765157099,,,,,,,,,,,,,,,,,,,,,,,,,,,,,,,,,
180,Justin Tucker,15683,None,0.0,2025,"['K', 'BE', 'IR']",,,,,,,,,,,,,,,,,,,,,,,,,,,,,,,,,,,,,,,,,,,,,,,,,,,,,,,,,,,,,,,,,,,,,,,,,,,,,,,,,,,,,,,,,,,,,,,,,,,,,,,,,,,,,,,,,,,,,,,,,,,,,,,,,,,,
181,Dare Ogunbowale,2983509,HOU,14.58,2025,"['RB', 'RB/WR', 'RB/WR/TE', 'OP', 'BE', 'IR']",,,,,,,,,,,,,,,,,,,,,,,,,,,,,,,,,,,,,,,,,,,,,,1.0,,,,,,,,,,,,,,,,,,,,,,0.226793245,0.897511757,0.007130962,0.000641036,0.00041679,0.000291753,2.87e-05,9.79e-07,3.957400744,1.658788058,0.009316806,0.000787945,0.001984817,0.001297078,,,0.248126088,0.000913118,2.82e-05,0.329667476,6.685262608,0.001428982,1.58e-05,0.00171843,0.001880071,0.003598501,0.000790478,0.00105284,0.001843318,0.001843318,0.17128108,0.038478763,,,,,,,,,,,,,,,,,,,,,,,,,,,,,,,,,
182,Isaiah Bond,4808839,CLE,57.42,2025,"['Rookie', 'RB/WR', 'WR', 'WR/TE', 'RB/WR/TE', 'OP', 'BE', 'IR']",,,,,,,,,,,,,,,,,,,,,,,,,,,,,,,,,,,,,,,,,,,,,,1.0,,,,,,,,,,,,,,,,,,,,,,0.243557893,1.46268602,0.007153431,0.000492631,0.000447668,0.000313368,8.3e-05,2.83e-06,6.005496283,27.33370664,0.153054065,0.011908015,0.008833566,0.005772735,5.0,2.0,1.91550975,0.018737244,0.00058,3.595618778,14.26967764,0.012400646,0.000176,0.004506729,0.035444073,0.039950802,0.002073095,0.019848681,0.021921776,0.021921776,0.191399626,1.185320445,,,,,,,1.0,1.0,,,,,,,,,,,,,,,,,,,,,,,,,
183,Jake Browning,3886812,CIN,1.99,2025,"['QB', 'OP', 'BE', 'IR']",,,,,,,,,,,,,,,,,,,,,,,,,,,,,,,,,,,,,,,,,,,,,,,,,,,,,,,,,,,,,,,,,,,,,,,,,,,,,,,,,,,,,,,,,,,,,,,,,,,,,,,,,,,,,,,,,,,,,,,,,,,,,,,,,,,,
184,Max Brosmer,4573398,MIN,0.0,2025,"['Rookie', 'QB', 'OP', 'BE', 'IR']",,,,,,,,,,,,,,,,,,,,,,,,,,,,,,,,,,,,,,,,,,,,,,1.0,,,,,,,,,,,,,,,,,,,,,,2.73112616,10.46312059,0.075818089,0.005508038,0.005135148,0.003594603,0.00473,0.000161,3.83106454,,,,,,,,,,,,,0.066374106,0.00188,0.028153341,,0.426746362,0.012950537,,0.204275187,1.473838368,0.697619515,,2.0,1.0,,,,,,,,35.91842901,22.37896843,13.53946058,230.6471609,0.983418114,46.0,23.0,11.0,9.0,4.0,2.0,4.0,2.0,0.181374627,0.118528319,0.165556562,0.022362351,0.060866068,1.269563181,0.623049756,2.74866308,0.398593021,0.19132465,11.42333504
185,Ameer Abdullah,2576336,IND,0.0,2025,"['RB', 'RB/WR', 'RB/WR/TE', 'OP', 'BE', 'IR']",,,,,,,,,,,,,0.012621625,,,,,,,,,,,50.75204709,,5.0,2.0,,,,,,,,,,,,,,,,,,,1.0,,,,,,,,,,,,,,,,,,,,,,2.515811088,10.34856884,0.077017352,0.004910098,0.004721117,0.003304782,0.00462,0.000158,4.113412527,7.489407271,0.052931092,0.004123132,0.002031954,0.001327882,1.0,,1.354142399,0.003038815,9.4e-05,1.676819133,5.530738329,0.00903323,0.000158,0.023298788,0.012540638,0.035839426,0.010717442,0.007022757,0.0177402,0.0177402,0.681564614,0.469196523,2.0,1.0,,,,,,,,,,,,,,,,,,,,,,,,,,,,,,,
186,Kenny Pickett,4240703,LV,1.57,2025,"['QB', 'OP', 'BE', 'IR']",,,,,,,,,,,,,,,,,,,,,,,,,,,,,,,,,,,,,,,,,,,,,,,,,,,,,,,,,,,,,,,,,,,,,,,,,,,,,,,,,,,,,,,,,,,,,,,,,,,,,,,,,,,,,,,,,,,,,,,,,,,,,,,,,,,,
187,Odell Beckham Jr.,16733,None,0.0,2025,"['RB/WR', 'WR', 'WR/TE', 'RB/WR/TE', 'OP', 'BE', 'IR']",,,,,,,,,,,,,,,,,,,,,,,,,,,,,,,,,,,,,,,,,,,,,,,,,,,,,,,,,,,,,,,,,,,,,,,,,,,,,,,,,,,,,,,,,,,,,,,,,,,,,,,,,,,,,,,,,,,,,,,,,,,,,,,,,,,,
188,Andre Szmyt,4258620,CLE,119.91,2025,"['K', 'BE', 'IR']",,,,,,,,,,,,,,,,,,,,,,,,,,,,,,,,,,,,,,,,,,,,,,1.0,0.293627431,0.424399556,0.130772125,0.435091705,0.548758495,0.11366679,0.962628664,1.000793371,0.038164707,1.6913478,1.973951422,0.282603622,1.435181797,1.501447354,0.066265556,0.293627431,0.424399556,0.130772125,64.31386793,13.32164151,77.63550944,,,,,,,,,,,,,,,,,,,,,,,,,,,,,,,,,,,,,,,,,,,,,,,,,,,,,,,,,,,,,,,,,
189,Noah Gray,4240472,KC,70.89,2025,"['WR/TE', 'TE', 'RB/WR/TE', 'OP', 'BE', 'IR']",,,,,,,,,,,,,,,,,,,,,,,,,,,,,,,,,,,,,,,,,,,,,,1.0,,,,,,,,,,,,,,,,,,,,,,,,,,,,,,,14.42135029,0.053480738,0.002715215,0.003759962,0.002457135,2.0,1.0,1.521911342,0.005494595,0.00017,2.311444095,9.475814977,0.002715215,5.7e-05,,0.012961253,0.012961253,,0.007258302,0.007258302,0.007258302,,0.698817157,,,,,,,,,,,,,,,,,,,,,,,,,,,,,,,,,
190,Tyler Badie,4362748,DEN,19.51,2025,"['RB', 'RB/WR', 'RB/WR/TE', 'OP', 'BE', 'IR']",,,,,,,,,,,,,0.012240748,,,,,,,,,,,44.45324415,,4.0,1.0,,,,,,,,,,,,,,,,,,,1.0,,,,,,,,,,,,,,,,,,,,,,0.489151873,1.925383567,0.013185489,0.000918996,0.000901117,0.000630782,0.000148,5.06e-06,3.936167215,9.945263434,0.043136078,0.003068011,0.002853349,0.001864664,1.0,,1.286550826,0.003776524,0.000117,1.708952499,7.730175315,0.003987007,6.8e-05,0.00425697,0.011196541,0.015453511,0.001958206,0.006270063,0.008228269,0.008228269,0.226440285,0.517507721,,,,,,,,,,,,,,,,,,,,,,,,,,,,,,,,,
191,Lucas Havrisik,4245661,GB,0.0,2025,"['K', 'BE', 'IR']",,,,,,,,,,,,,,,,,,,,,,,,,,,,,,,,,,,,,,,,,,,,,,,,,,,,,,,,,,,,,,,,,,,,,,,,,,,,,,,,,,,,,,,,,,,,,,,,,,,,,,,,,,,,,,,,,,,,,,,,,,,,,,,,,,,,
192,Hunter Renfrow,3135321,None,61.0,2025,"['RB/WR', 'WR', 'WR/TE', 'RB/WR/TE', 'OP', 'BE', 'IR']",,,,,,,,,,,,,,,,,,,,,,,,,,,,,,,,,,,,,,,,,,,,,,,,,,,,,,,,,,,,,,,,,,,,,,,,,,,,,,,,,,,,,,,,,,,,,,,,,,,,,,,,,,,,,,,,,,,,,,,,,,,,,,,,,,,,
193,Noah Brown,3121409,WSH,102.66,2025,"['RB/WR', 'WR', 'WR/TE', 'RB/WR/TE', 'OP', 'BE', 'IR']",,,,,,,,,,,,,,,,,,,,,,,,,,,,,,,,,,,,,,,,,,,,,,,,,,,,,,,,,,,,,,,,,,,,,,,,,,,,,,,,,,,,,,,,,,,,,,,,,,,,,,,,,,,,,,,,,,,,,,,,,,,,,,,,,,,,
194,Greg Dulcich,4367209,MIA,0.0,2025,"['WR/TE', 'TE', 'RB/WR/TE', 'OP', 'BE', 'IR']",,,,,,,,,,,,,,,,,,,,,,,,,,,,,,,,,,,,,,,,,,,,,,1.0,,,,,,,,,,,,,,,,,,,,,,,,,,,,,,,19.21465582,0.087121746,0.004849068,0.009168134,0.005991376,3.0,1.0,1.664583541,0.008571067,0.000265,2.505437384,11.54322108,0.004849068,9.61e-05,,0.021844155,0.021844155,,0.012232727,0.012232727,0.012232727,,0.877273756,,,,,,,,,,,,,,,,,,,,,,,,,,,,,,,,,
195,Chris Oladokun,4044111,KC,0.0,2025,"['QB', 'OP', 'BE', 'IR']",,,,,,,,,,,,,,,,,,,,,,,,,,,,,,,,,,,,,,,,,,,,,,1.0,,,,,,,,,,,,,,,,,,,,,,2.872229984,10.46747954,0.085493214,0.003748859,0.00540733,0.003785131,0.00473,0.000161,3.644373744,,,,,,,,,,,,,0.054289714,0.00232,0.037009857,,0.526186675,0.017024534,,0.251829407,1.390810699,0.713552027,,2.0,1.0,,,,,,,,34.57657584,21.56898533,13.00759051,212.7210112,0.995487503,42.0,21.0,10.0,8.0,4.0,2.0,4.0,2.0,0.156405916,0.102211266,0.125693467,0.016977892,0.050540855,1.138981292,0.623803393,3.387049467,0.489176819,0.234804873,10.79702963
196,Roman Wilson,4431492,PIT,69.39,2025,"['RB/WR', 'WR', 'WR/TE', 'RB/WR/TE', 'OP', 'BE', 'IR']",,,,,,,,,,,,,,0.00878511,,,,,,,,,,,13.82574616,,,1.0,,,,,,,,,,,,,,,,,,1.0,,,,,,,,,,,,,,,,,,,,,,,,,,,,,,,16.519122,0.076283549,0.003020175,0.008804452,0.00575371,3.0,1.0,1.252864041,0.006637425,0.000205,2.174707278,13.1850875,0.003020175,0.000102,,0.023182657,0.023182657,,0.012982288,0.012982288,0.012982288,,0.704665147,,,,,,,,,,,,,,,,,,,,,,,,,,,,,,,,,
197,Deshaun Watson,3122840,CLE,0.0,2025,"['QB', 'OP', 'BE', 'IR']",,,,,,,,,,,,,,,,,,,,,,,,,,,,,,,,,,,,,,,,,,,,,,,,,,,,,,,,,,,,,,,,,,,,,,,,,,,,,,,,,,,,,,,,,,,,,,,,,,,,,,,,,,,,,,,,,,,,,,,,,,,,,,,,,,,,
198,Jonathon Brooks,4678008,CAR,0.0,2025,"['RB', 'RB/WR', 'RB/WR/TE', 'OP', 'BE', 'IR']",,,,,,,,,,,,,,,,,,,,,,,,,,,,,,,,,,,,,,,,,,,,,,,,,,,,,,,,,,,,,,,,,,,,,,,,,,,,,,,,,,,,,,,,,,,,,,,,,,,,,,,,,,,,,,,,,,,,,,,,,,,,,,,,,,,,
199,Parker Romo,4051167,None,0.0,2025,"['K', 'BE', 'IR']",,,,,,,,,,,,,,,,,,,,,,,,,,,,,,,,,,,,,,,,,,,,,,,,,,,,,,,,,,,,,,,,,,,,,,,,,,,,,,,,,,,,,,,,,,,,,,,,,,,,,,,,,,,,,,,,,,,,,,,,,,,,,,,,,,,,
200,Brady Cook,4429435,NYJ,0.0,2025,"['Rookie', 'QB', 'OP', 'BE', 'IR']",,,,,,,,,,,,,,,,,,,,,,,,,,,,,,,,,,,,,,,,,,,,,,1.0,,,,,,,,,,,,,,,,,,,,,,3.034450395,13.27017,0.057569507,0.007735353,0.005721079,0.004004756,0.00763,0.00026,4.373170847,,,,,,,,,,,,,0.10404671,0.00328,0.056555559,,0.74588646,0.026015557,,0.35689439,1.421136734,0.797224,,2.0,1.0,,,,,,,,34.03683115,21.26418279,12.77264836,194.570419,0.862496226,38.0,19.0,9.0,7.0,3.0,1.0,4.0,2.0,0.1330457,0.086945365,0.096558306,0.013042495,0.096311358,1.064242344,0.624740379,2.94875367,0.689330901,0.330878833,10.23586822
201,Demarcus Robinson,3043116,SF,24.91,2025,"['RB/WR', 'WR', 'WR/TE', 'RB/WR/TE', 'OP', 'BE', 'IR']",,,,,,,,,,,,,,,,,,,,,,,,,,,,,,,,,,,,,,,,,,,,,,1.0,,,,,,,,,,,,,,,,,,,,,,,,,,,,,,,17.1866571,0.151312937,0.008667557,0.01629787,0.010650658,3.0,1.0,1.183296642,0.007063205,0.000218,1.943163975,14.52438594,0.008667557,0.000104,,0.023665933,0.023665933,,0.013252922,0.013252922,0.013252922,,0.737897129,,,,,,,,,,,,,,,,,,,,,,,,,,,,,,,,,
202,Riley Leonard,4683423,IND,0.0,2025,"['Rookie', 'QB', 'OP', 'BE', 'IR']",,,,,,,,,,,,,,,,,,,,,,,,,,,,,,,,,,,,,,,,,,,,,,,,,,,,,,,,,,,,,,,,,,,,,,,,,,,,,,,,,,,,,,,,,,,,,,,,,,,,,,,,,,,,,,,,,,,,,,,,,,,,,,,,,,,,
203,Allen Lazard,3128390,None,65.36,2025,"['RB/WR', 'WR', 'WR/TE', 'RB/WR/TE', 'OP', 'BE', 'IR']",,,,,,,,,,,,,,,,,,,,,,,,,,,,,,,,,,,,,,,,,,,,,,,,,,,,,,,,,,,,,,,,,,,,,,,,,,,,,,,,,,,,,,,,,,,,,,,,,,,,,,,,,,,,,,,,,,,,,,,,,,,,,,,,,,,,
204,Tahj Brooks,4429299,CIN,18.86,2025,"['Rookie', 'RB', 'RB/WR', 'RB/WR/TE', 'OP', 'BE', 'IR']",,,,,,,,,,,,,0.007213861,,,,,,,,,,,26.19770516,,2.0,1.0,,,,,,,,,,,,,,,,,,,1.0,,,,,,,,,,,,,,,,,,,,,,,,,,,,,,,,,,,,,,,,,,,,,,,,,,,,,,,,,,,,,,,,,,,,,,,,,,,,,,,,,,,,,,
205,Graham Gano,12460,NYG,123.93,2025,"['K', 'BE', 'IR']",,,,,,,,,,,,,,,,,,,,,,,,,,,,,,,,,,,,,,,,,,,,,,,,,,,,,,,,,,,,,,,,,,,,,,,,,,,,,,,,,,,,,,,,,,,,,,,,,,,,,,,,,,,,,,,,,,,,,,,,,,,,,,,,,,,,
206,Myles Price,4430656,MIN,0.0,2025,"['Rookie', 'RB/WR', 'WR', 'WR/TE', 'RB/WR/TE', 'OP', 'BE', 'IR']",,,,,,,,,,,,,0.017777263,0.008126731,,,,,,,,,,75.96897852,16.54211544,7.0,3.0,1.0,,,,,,,,,,,,,,,,,,1.0,,,,,,,,,,,,,,,,,,,,,,,,,,,,,,,,,,,,,,,,,,,,,,,,,,,,,,,,,,,,,,,,,,,,,,,,,,,,,,,,,,,,,,
207,Elijah Mitchell,4241555,None,0.0,2025,"['RB', 'RB/WR', 'RB/WR/TE', 'OP', 'BE', 'IR']",,,,,,,,,,,,,,,,,,,,,,,,,,,,,,,,,,,,,,,,,,,,,,,,,,,,,,,,,,,,,,,,,,,,,,,,,,,,,,,,,,,,,,,,,,,,,,,,,,,,,,,,,,,,,,,,,,,,,,,,,,,,,,,,,,,,
208,Jalen Milroe,4432734,SEA,4.56,2025,"['Rookie', 'QB', 'OP', 'BE', 'IR']",,,,,,,,,,,,,,,,,,,,,,,,,,,,,,,,,,,,,,,,,,,,,,,,,,,,,,,,,,,,,,,,,,,,,,,,,,,,,,,,,,,,,,,,,,,,,,,,,,,,,,,,,,,,,,,,,,,,,,,,,,,,,,,,,,,,
209,Julio Jones,13982,None,0.0,2025,"['RB/WR', 'WR', 'WR/TE', 'RB/WR/TE', 'OP', 'BE', 'IR']",,,,,,,,,,,,,,,,,,,,,,,,,,,,,,,,,,,,,,,,,,,,,,,,,,,,,,,,,,,,,,,,,,,,,,,,,,,,,,,,,,,,,,,,,,,,,,,,,,,,,,,,,,,,,,,,,,,,,,,,,,,,,,,,,,,,
210,Jarquez Hunter,4710341,LAR,0.24,2025,"['Rookie', 'RB', 'RB/WR', 'RB/WR/TE', 'OP', 'BE', 'IR']",,,,,,,,,,,,,,,,,,,,,,,,,,,,,,,,,,,,,,,,,,,,,,,,,,,,,,,,,,,,,,,,,,,,,,,,,,,,,,,,,,,,,,,,,,,,,,,,,,,,,,,,,,,,,,,,,,,,,,,,,,,,,,,,,,,,
211,Ben Sinnott,4690923,WSH,45.39,2025,"['WR/TE', 'TE', 'RB/WR/TE', 'OP', 'BE', 'IR']",,,,,,,,,,,,,,,,,,,,,,,,,,,,,,,,,,,,,,,,,,,,,,1.0,,,,,,,,,,,,,,,,,,,,,,,,,,,,,,,20.97257511,0.118486732,,0.008087478,0.005285167,4.0,2.0,1.972422414,0.010171156,0.000315,2.816669422,10.63290244,,0.000106,,0.023997143,0.023997143,,0.0134384,0.0134384,0.0134384,,1.008742537,,,,,,,1.0,,,,,,,,,,,,,,,,,,,,,,,,,,
212,Andy Dalton,14012,CAR,1.6,2025,"['QB', 'OP', 'BE', 'IR']",,,,,,,,,,,,,,,,,,,,,,,,,,,,,,,,,,,,,,,,,,,,,,,,,,,,,,,,,,,,,,,,,,,,,,,,,,,,,,,,,,,,,,,,,,,,,,,,,,,,,,,,,,,,,,,,,,,,,,,,,,,,,,,,,,,,
213,Zavier Scott,4257364,MIN,0.0,2025,"['RB', 'RB/WR', 'RB/WR/TE', 'OP', 'BE', 'IR']",,,,,,,,,,,,,,,,,,,,,,,,,,,,,,,,,,,,,,,,,,,,,,1.0,,,,,,,,,,,,,,,,,,,,,,5.001528999,22.45189744,0.124328655,0.009032238,0.009596642,0.006717649,0.0219,0.000749,4.489006751,5.266734161,0.01550963,0.000959928,0.001977421,0.001292245,1.0,,0.810966525,0.002352734,7.28e-05,1.050614049,6.494391564,0.009992165,0.000223,0.043527098,0.007057646,0.050584743,0.020022465,0.003952282,0.023974746,0.023974746,1.276523332,0.268794003,4.0,2.0,1.0,,1.0,,,,,,,,,,,,,,,,,,,,,,,,,,,,
214,LeQuint Allen Jr.,4911851,JAX,47.9,2025,"['Rookie', 'RB', 'RB/WR', 'RB/WR/TE', 'OP', 'BE', 'IR']",,,,,,,,,,,,,0.014240019,,,,,,,,,,,59.51084466,,5.0,2.0,,,,,,,,,,,,,,,,,,,1.0,,,,,,,,,,,,,,,,,,,,,,4.767384482,18.02561515,0.164046836,0.006943801,0.009128445,0.006389911,0.0141,0.000482,3.781028196,5.101800245,0.0305443,0.001564604,0.002242788,0.001465662,1.0,,0.718476968,0.002298043,7.11e-05,0.946897643,7.10085427,0.008508404,0.00021,0.041489395,0.006252731,0.047742126,0.019085122,0.00350153,0.022586651,0.022586651,1.142453444,0.249312264,3.0,1.0,,,,,,,,,,,,,,,,,,,,,,,,,,,,,,,
215,Efton Chism III,4695193,NE,12.14,2025,"['Rookie', 'RB/WR', 'WR', 'WR/TE', 'RB/WR/TE', 'OP', 'BE', 'IR']",,,,,,,,,,,,,0.005724058,,,,,,,,,,,20.7873685,,2.0,,,,,,,,,,,,,,,,,,,,1.0,,,,,,,,,,,,,,,,,,,,,,,,,,,,,,,11.06351301,0.084737673,0.003627796,0.020660809,0.013501839,2.0,1.0,0.766617306,0.004141201,0.000128,1.174614883,14.43159831,0.003627796,6.24e-05,,0.014185279,0.014185279,,0.007943756,0.007943756,0.007943756,,0.446846206,,,,,,,,,,,,,,,,,,,,,,,,,,,,,,,,,
216,Tommy Tremble,4372780,CAR,51.06,2025,"['WR/TE', 'TE', 'RB/WR/TE', 'OP', 'BE', 'IR']",,,,,,,,,,,,,,,,,,,,,,,,,,,,,,,,,,,,,,,,,,,,,,1.0,,,,,,,,,,,,,,,,,,,,,,,,,,,,,,,12.13896567,0.136221614,0.009140416,0.002942023,0.001922612,2.0,1.0,1.371032485,0.004525003,0.00014,2.068733342,8.85388625,0.009140416,8.4e-05,,0.01908729,0.01908729,,0.010688883,0.010688883,0.010688883,,0.635321708,,,,,,,,,,,,,,,,,,,,,,,,,,,,,,,,,
217,Scott Matlock,4373684,LAC,3.57,2025,"['DT', 'DL', 'DP', 'BE', 'IR', 'RB', 'RB/WR', 'RB/WR/TE', 'OP']",,,,,,,,,,,,,,,,,,,,,,,,,,,,,,,,,,,,,,,,,,,,,,,,,,,,,,,,,,,,,,,,,,,,,,,,,,,,,,,,,,,,,,,,,,,,,,,,,,,,,,,,,,,,,,,,,,,,,,,,,,,,,,,,,,,,
218,Kalif Raymond,2973405,DET,27.52,2025,"['RB/WR', 'WR', 'WR/TE', 'RB/WR/TE', 'OP', 'BE', 'IR']",,,,,,,,,,,,,0.004743895,0.011779867,,,,,,,,,,17.10299086,14.53044365,1.0,,1.0,,,,,,,,,,,,,,,,,,1.0,,,,,,,,,,,,,,,,,,,,,,,,,,,,,,,12.40926891,0.058978237,0.001297016,0.009954929,0.006505546,2.0,1.0,1.169045252,0.004627833,0.000143,1.58657675,10.61487473,0.001297016,9.88e-05,,0.02244872,0.02244872,,0.012571283,0.012571283,0.012571283,,0.565150039,,,,,,,,,,,,,,,,,,,,,,,,,,,,,,,,,
219,Mitchell Tinsley,4690070,CIN,47.31,2025,"['RB/WR', 'WR', 'WR/TE', 'RB/WR/TE', 'OP', 'BE', 'IR']",,,,,,,,,,,,,,,,,,,,,,,,,,,,,,,,,,,,,,,,,,,,,,1.0,,,,,,,,,,,,,,,,,,,,,,,,,,,,,,,5.202277059,0.049218964,0.002166228,0.008184113,0.005348318,1.0,,0.382351328,0.002331447,7.21e-05,0.696739164,13.6060128,0.002166228,3.11e-05,,0.007074925,0.007074925,,0.003961958,0.003961958,0.003961958,,0.183105264,,,,,,,,,,,,,,,,,,,,,,,,,,,,,,,,,
220,Tyrell Shavers,4241476,BUF,3.29,2025,"['RB/WR', 'WR', 'WR/TE', 'RB/WR/TE', 'OP', 'BE', 'IR']",,,,,,,,,,,,,,,,,,,,,,,,,,,,,,,,,,,,,,,,,,,,,,1.0,,,,,,,,,,,,,,,,,,,,,,,,,,,,,,,19.25227168,0.083780876,0.006130651,0.010650223,0.006959921,3.0,1.0,1.351081772,0.008602316,0.000266,2.421722633,14.24952366,0.006130651,0.00011,,0.025000051,0.025000051,,0.014000028,0.014000028,0.014000028,,0.805487529,,,,,,,,,,,,,,,,,,,,,,,,,,,,,,,,,
221,Luke Schoonmaker,4372096,DAL,28.95,2025,"['WR/TE', 'TE', 'RB/WR/TE', 'OP', 'BE', 'IR']",,,,,,,,,,,,,,,,,,,,,,,,,,,,,,,,,,,,,,,,,,,,,,1.0,,,,,,,,,,,,,,,,,,,,,,,,,,,,,,,7.418011885,0.063429624,0.002484446,0.008755492,0.005721714,1.0,,0.693281607,0.003017666,9.33e-05,0.977852264,10.69985386,0.002484446,3.71e-05,,0.008434693,0.008434693,,0.004723428,0.004723428,0.004723428,,0.320888765,,,,,,,,,,,,,,,,,,,,,,,,,,,,,,,,,
222,AJ Dillon,4239934,PHI,10.6,2025,"['RB', 'RB/WR', 'RB/WR/TE', 'OP', 'BE', 'IR']",,,,,,,,,,,,,,,,,,,,,,,,,,,,,,,,,,,,,,,,,,,,,,,,,,,,,,,,,,,,,,,,,,,,,,,,,,,,,,,,,,,,,,,,,,,,,,,,,,,,,,,,,,,,,,,,,,,,,,,,,,,,,,,,,,,,
223,Antonio Gibson,4360294,NE,7.4,2025,"['RB', 'RB/WR', 'RB/WR/TE', 'OP', 'BE', 'IR']",,,,,,,,,,,,,,,,,,,,,,,,,,,,,,,,,,,,,,,,,,,,,,,,,,,,,,,,,,,,,,,,,,,,,,,,,,,,,,,,,,,,,,,,,,,,,,,,,,,,,,,,,,,,,,,,,,,,,,,,,,,,,,,,,,,,
224,Jaret Patterson,4362452,LAC,0.0,2025,"['RB', 'RB/WR', 'RB/WR/TE', 'OP', 'BE', 'IR']",,,,,,,,,,,,,,,,,,,,,,,,,,,,,,,,,,,,,,,,,,,,,,,,,,,,,,,,,,,,,,,,,,,,,,,,,,,,,,,,,,,,,,,,,,,,,,,,,,,,,,,,,,,,,,,,,,,,,,,,,,,,,,,,,,,,
225,Jordan Whittington,4569382,LAR,57.65,2025,"['RB/WR', 'WR', 'WR/TE', 'RB/WR/TE', 'OP', 'BE', 'IR']",,,,,,,,,,,,,0.007349031,,,,,,,,,,,32.10668264,,3.0,1.0,,,,,,,,,,,,,,,,,,,1.0,,,,,,,,,,,,,,,,,,,,,,,,,,,,,,,8.578221673,0.060253461,0.000925513,0.012734114,0.008321743,1.0,,0.654644019,0.00336075,0.000104,1.032690658,13.10364323,0.000925513,5.33e-05,,0.012113355,0.012113355,,0.006783479,0.006783479,0.006783479,,0.342777238,,,,,,,,,,,,,,,,,,,,,,,,,,,,,,,,,
226,Mitchell Trubisky,3039707,BUF,1.66,2025,"['QB', 'OP', 'BE', 'IR']",,,,,,,,,,,,,,,,,,,,,,,,,,,,,,,,,,,,,,,,,,,,,,,,,,,,,,,,,,,,,,,,,,,,,,,,,,,,,,,,,,,,,,,,,,,,,,,,,,,,,,,,,,,,,,,,,,,,,,,,,,,,,,,,,,,,
227,Ezekiel Elliott,3051392,None,0.0,2025,"['RB', 'RB/WR', 'RB/WR/TE', 'OP', 'BE', 'IR']",,,,,,,,,,,,,,,,,,,,,,,,,,,,,,,,,,,,,,,,,,,,,,,,,,,,,,,,,,,,,,,,,,,,,,,,,,,,,,,,,,,,,,,,,,,,,,,,,,,,,,,,,,,,,,,,,,,,,,,,,,,,,,,,,,,,
228,Ben Sauls,4566158,NYG,0.0,2025,"['Rookie', 'K', 'BE', 'IR']",,,,,,,,,,,,,,,,,,,,,,,,,,,,,,,,,,,,,,,,,,,,,,1.0,0.289596589,0.417268629,0.127672039,0.428948467,0.539538041,0.110589574,0.948583132,0.983977651,0.035394518,1.667128189,1.940784321,0.273656132,2.34950095,2.452431603,0.102930653,0.289596589,0.417268629,0.127672039,63.39839082,12.93265651,76.33104733,,,,,,,,,,,,,,,,,,,,,,,,,,,,,,,,,,,,,,,,,,,,,,,,,,,,,,,,,,,,,,,,,
229,Charlie Jones,4257188,CIN,7.12,2025,"['RB/WR', 'WR', 'WR/TE', 'RB/WR/TE', 'OP', 'BE', 'IR']",,,,,,,,,,,,,,,,,,,,,,,,,,,,,,,,,,,,,,,,,,,,,,,,,,,,,,,,,,,,,,,,,,,,,,,,,,,,,,,,,,,,,,,,,,,,,,,,,,,,,,,,,,,,,,,,,,,,,,,,,,,,,,,,,,,,
230,Kameron Johnson,5097554,TB,0.1,2025,"['RB/WR', 'WR', 'WR/TE', 'RB/WR/TE', 'OP', 'BE', 'IR']",,,,,,,,,,,,,0.011190597,0.007630646,,,,,,,,,,46.78086566,17.20022649,4.0,1.0,1.0,,,,,,,,,,,,,,,,,,1.0,,,,,,,,,,,,,,,,,,,,,,,,,,,,,,,,,,,,,,,,,,,,,,,,,,,,,,,,,,,,,,,,,,,,,,,,,,,,,,,,,,,,,,
231,Diontae Johnson,3932905,None,0.0,2025,"['RB/WR', 'WR', 'WR/TE', 'RB/WR/TE', 'OP', 'BE', 'IR']",,,,,,,,,,,,,,,,,,,,,,,,,,,,,,,,,,,,,,,,,,,,,,,,,,,,,,,,,,,,,,,,,,,,,,,,,,,,,,,,,,,,,,,,,,,,,,,,,,,,,,,,,,,,,,,,,,,,,,,,,,,,,,,,,,,,
232,Lil'Jordan Humphrey,4039057,DEN,0.0,2025,"['RB/WR', 'WR', 'WR/TE', 'RB/WR/TE', 'OP', 'BE', 'IR']",,,,,,,,,,,,,,,,,,,,,,,,,,,,,,,,,,,,,,,,,,,,,,1.0,,,,,,,,,,,,,,,,,,,,,,,,,,,,,,,23.05527246,0.146428519,0.010414585,0.008317386,0.005435412,4.0,2.0,1.911022016,0.012466351,0.000386,3.076114498,12.06436779,0.010414585,0.000168,,0.03822044,0.03822044,,0.021403447,0.021403447,0.021403447,,1.063605819,,,,,,,1.0,,,,,,,,,,,,,,,,,,,,,,,,,,
233,Devin Duvernay,4039050,CHI,6.76,2025,"['RB/WR', 'WR', 'WR/TE', 'RB/WR/TE', 'OP', 'BE', 'IR']",,,,,,,,,,,,,0.023414508,0.007133491,,,,,,,,,,64.23488318,17.13312525,6.0,2.0,1.0,,,,,,,,,,,,,,,,,,1.0,,,,,,,,,,,,,,,,,,,,,,,,,,,,,,,,,,,,,,,,,,,,,,,,,,,,,,,,,,,,,,,,,,,,,,,,,,,,,,,,,,,,,,
234,Josh Oliver,3921690,MIN,31.61,2025,"['WR/TE', 'TE', 'RB/WR/TE', 'OP', 'BE', 'IR']",,,,,,,,,,,,,,,,,,,,,,,,,,,,,,,,,,,,,,,,,,,,,,1.0,,,,,,,,,,,,,,,,,,,,,,,,,,,,,,,27.76687933,0.146671163,0.009077824,0.004809703,0.003143141,5.0,2.0,2.949358812,0.019499798,0.000603,4.202456194,9.414547737,0.009077824,0.00019,,0.043093415,0.043093415,,0.024132312,0.024132312,0.024132312,,1.430303873,,,,,,,1.0,1.0,,,,,,,,,,,,,,,,,,,,,,,,,
235,Davis Allen,4426553,LAR,3.91,2025,"['WR/TE', 'TE', 'RB/WR/TE', 'OP', 'BE', 'IR']",,,,,,,,,,,,,,,,,,,,,,,,,,,,,,,,,,,,,,,,,,,,,,1.0,,,,,,,,,,,,,,,,,,,,,,,,,,,,,,,22.75568546,0.224219269,0.003444081,0.007628456,0.004985196,4.0,2.0,2.106869951,0.012107733,0.000374,3.098071974,10.80070721,0.003444081,0.000113,,0.025632876,0.025632876,,0.014354411,0.014354411,0.014354411,,1.131794437,,,,,,,1.0,,,,,,,,,,,,,,,,,,,,,,,,,,
236,Jalen Brooks,4692835,ARI,0.0,2025,"['RB/WR', 'WR', 'WR/TE', 'RB/WR/TE', 'OP', 'BE', 'IR']",,,,,,,,,,,,,0.026047831,0.009093809,,,,,,,,,,94.59475509,14.31156786,9.0,3.0,1.0,,,,,,,,,,,,,,,,,,1.0,,,,,,,,,,,,,,,,,,,,,,,,,,,,,,,6.102044282,0.039253789,0.001908164,0.013572674,0.008869742,1.0,,0.417960571,0.002619772,8.1e-05,0.722955151,14.59956919,0.001908164,3.4e-05,,0.007733829,0.007733829,,0.004330944,0.004330944,0.004330944,,0.211958921,,,,,,,,,,,,,,,,,,,,,,,,,,,,,,,,,
237,Darius Cooper,4715355,PHI,0.0,2025,"['Rookie', 'RB/WR', 'WR', 'WR/TE', 'RB/WR/TE', 'OP', 'BE', 'IR']",,,,,,,,,,,,,,,,,,,,,,,,,,,,,,,,,,,,,,,,,,,,,,1.0,,,,,,,,,,,,,,,,,,,,,,,,,,,,,,,4.082938952,0.022572186,0.001112437,0.00583066,0.003810336,,,0.384216318,0.001941698,6.01e-05,0.591337896,10.62666723,0.001112437,3.13e-05,,0.007109435,0.007109435,,0.003981283,0.003981283,0.003981283,,0.141767119,,,,,,,,,,,,,,,,,,,,,,,,,,,,,,,,,
238,Jahdae Walker,5160110,CHI,0.0,2025,"['Rookie', 'RB/WR', 'WR', 'WR/TE', 'RB/WR/TE', 'OP', 'BE', 'IR']",,,,,,,,,,,,,,,,,,,,,,,,,,,,,,,,,,,,,,,,,,,,,,1.0,,,,,,,,,,,,,,,,,,,,,,,,,,,,,,,6.601507677,0.06113705,0.003320543,0.007719486,0.005044684,1.0,,0.568834549,0.002773179,8.58e-05,0.896285242,11.60532125,0.003320543,4.63e-05,,0.01052556,0.01052556,,0.005894314,0.005894314,0.005894314,,0.269069724,,,,,,,,,,,,,,,,,,,,,,,,,,,,,,,,,
239,Jimmy Garoppolo,16760,LAR,1.85,2025,"['QB', 'OP', 'BE', 'IR']",,,,,,,,,,,,,,,,,,,,,,,,,,,,,,,,,,,,,,,,,,,,,,,,,,,,,,,,,,,,,,,,,,,,,,,,,,,,,,,,,,,,,,,,,,,,,,,,,,,,,,,,,,,,,,,,,,,,,,,,,,,,,,,,,,,,
240,Austin Hooper,3043275,NE,59.45,2025,"['WR/TE', 'TE', 'RB/WR/TE', 'OP', 'BE', 'IR']",,,,,,,,,,,,,,,,,,,,,,,,,,,,,,,,,,,,,,,,,,,,,,1.0,,,,,,,,,,,,,,,,,,,,,,,,,,,,,,,16.82519563,0.120867004,0.005174568,0.01199939,0.007841602,3.0,1.0,1.551185087,0.006828612,0.000211,2.055576045,10.84667186,0.005174568,8.26e-05,,0.018783681,0.018783681,,0.010518862,0.010518862,0.010518862,,0.79933353,,,,,,,,,,,,,,,,,,,,,,,,,,,,,,,,,
241,Dante Pettis,3127306,NO,0.0,2025,"['RB/WR', 'WR', 'WR/TE', 'RB/WR/TE', 'OP', 'BE', 'IR']",,,,,,,,,,,,,0.008478669,0.008135459,,,,,,,,,,30.79095612,13.46843132,3.0,1.0,1.0,,,,,,,,,,,,,,,,,,1.0,,,,,,,,,,,,,,,,,,,,,,,,,,,,,,,22.38596754,0.127213124,0.007870143,0.009781575,0.00639226,4.0,2.0,1.580173421,0.011678669,0.000361,2.874220221,14.16677894,0.007870143,0.000129,,0.029239101,0.029239101,,0.016373896,0.016373896,0.016373896,,0.961880235,,,,,,,1.0,,,,,,,,,,,,,,,,,,,,,,,,,,
242,Zamir White,4361777,LV,63.65,2025,"['RB', 'RB/WR', 'RB/WR/TE', 'OP', 'BE', 'IR']",,,,,,,,,,,,,,,,,,,,,,,,,,,,,,,,,,,,,,,,,,,,,,1.0,,,,,,,,,,,,,,,,,,,,,,2.843100231,13.8821783,0.040006709,0.003856309,0.005351085,0.003745759,0.00835,0.000285,4.88276078,7.182421898,0.02891055,0.001567356,0.002284529,0.00149294,1.0,,1.038048732,0.002947685,9.12e-05,1.323484881,6.919156754,0.005423665,0.000174,0.028950834,0.010570284,0.039521118,0.013317384,0.005919359,0.019236743,0.019236743,0.793170426,0.378860526,2.0,1.0,,,,,,,,,,,,,,,,,,,,,,,,,,,,,,,
243,Joe Milton III,4360698,DAL,1.8,2025,"['QB', 'OP', 'BE', 'IR']",,,,,,,,,,,,,,,,,,,,,,,,,,,,,,,,,,,,,,,,,,,,,,,,,,,,,,,,,,,,,,,,,,,,,,,,,,,,,,,,,,,,,,,,,,,,,,,,,,,,,,,,,,,,,,,,,,,,,,,,,,,,,,,,,,,,
244,KhaDarel Hodge,3047876,ATL,10.6,2025,"['RB/WR', 'WR', 'WR/TE', 'RB/WR/TE', 'OP', 'BE', 'IR']",,,,,,,,,,,,,,,,,,,,,,,,,,,,,,,,,,,,,,,,,,,,,,,,,,,,,,,,,,,,,,,,,,,,,,,,,,,,,,,,,,,,,,,,,,,,,,,,,,,,,,,,,,,,,,,,,,,,,,,,,,,,,,,,,,,,
245,Daniel Bellinger,4361516,NYG,15.93,2025,"['WR/TE', 'TE', 'RB/WR/TE', 'OP', 'BE', 'IR']",,,,,,,,,,,,,,,,,,,,,,,,,,,,,,,,,,,,,,,,,,,,,,1.0,,,,,,,,,,,,,,,,,,,,,,,,,,,,,,,20.85749308,0.182716338,0.009497317,0.005502359,0.003595792,4.0,2.0,2.405684815,0.010057365,0.000311,3.061080088,8.670085522,0.009497317,0.000127,,0.02888215,0.02888215,,0.016174004,0.016174004,0.016174004,,1.130588301,,,,,,,1.0,,,,,,,,,,,,,,,,,,,,,,,,,,
246,Michael Thomas,2976316,None,0.0,2025,"['RB/WR', 'WR', 'WR/TE', 'RB/WR/TE', 'OP', 'BE', 'IR']",,,,,,,,,,,,,,,,,,,,,,,,,,,,,,,,,,,,,,,,,,,,,,,,,,,,,,,,,,,,,,,,,,,,,,,,,,,,,,,,,,,,,,,,,,,,,,,,,,,,,,,,,,,,,,,,,,,,,,,,,,,,,,,,,,,,
247,Hunter Luepke,4383396,DAL,11.53,2025,"['RB', 'RB/WR', 'RB/WR/TE', 'OP', 'BE', 'IR']",,,,,,,,,,,,,,,,,,,,,,,,,,,,,,,,,,,,,,,,,,,,,,1.0,,,,,,,,,,,,,,,,,,,,,,0.867617696,4.153566798,0.030870808,0.001290806,0.001603897,0.001122728,0.000726,2.48e-05,4.787323743,4.13584883,0.020658209,0.000809152,0.004035585,0.002637255,,,0.53232346,0.001961087,6.07e-05,0.651901509,7.769428072,0.002099958,4.29e-05,0.006040534,0.003706146,0.00974668,0.002778645,0.002075442,0.004854087,0.004854087,0.337853048,0.176202012,,,,,,,,,,,,,,,,,,,,,,,,,,,,,,,,,
248,Cade Stover,4426496,HOU,37.56,2025,"['WR/TE', 'TE', 'RB/WR/TE', 'OP', 'BE', 'IR']",,,,,,,,,,,,,,,,,,,,,,,,,,,,,,,,,,,,,,,,,,,,,,1.0,,,,,,,,,,,,,,,,,,,,,,0.45358649,1.162790302,0.019488345,0.001751901,0.000835324,0.000584727,5.07e-05,1.73e-06,2.563547036,14.43962697,0.083438821,0.007056628,0.003806057,0.002487259,2.0,1.0,1.604381578,0.0055034,0.00017,2.307672331,9.000120149,0.008808529,0.00011,0.005518483,0.019519436,0.025037919,0.002538502,0.010930884,0.013469387,0.013469387,0.20322916,0.73036917,,,,,,,,,,,,,,,,,,,,,,,,,,,,,,,,,
249,Savion Williams,4431487,GB,19.59,2025,"['Rookie', 'RB/WR', 'WR', 'WR/TE', 'RB/WR/TE', 'OP', 'BE', 'IR']",,,,,,,,,,,,,,,,,,,,,,,,,,,,,,,,,,,,,,,,,,,,,,,,,,,,,,,,,,,,,,,,,,,,,,,,,,,,,,,,,,,,,,,,,,,,,,,,,,,,,,,,,,,,,,,,,,,,,,,,,,,,,,,,,,,,
250,Grant Calcaterra,4241374,PHI,19.48,2025,"['WR/TE', 'TE', 'RB/WR/TE', 'OP', 'BE', 'IR']",,,,,,,,,,,,,,,,,,,,,,,,,,,,,,,,,,,,,,,,,,,,,,1.0,,,,,,,,,,,,,,,,,,,,,,,,,,,,,,,3.910060712,0.021975685,0.00108304,0.00482537,0.003153379,,,0.403242604,0.001877593,5.81e-05,0.591337896,9.696546632,0.00108304,2.16e-05,,0.004905983,0.004905983,,0.00274735,0.00274735,0.00274735,,0.141092615,,,,,,,,,,,,,,,,,,,,,,,,,,,,,,,,,
251,Jimmy Horn Jr.,4708486,CAR,0.38,2025,"['Rookie', 'RB/WR', 'WR', 'WR/TE', 'RB/WR/TE', 'OP', 'BE', 'IR']",,,,,,,,,,,,,,,,,,,,,,,,,,,,,,,,,,,,,,,,,,,,,,1.0,,,,,,,,,,,,,,,,,,,,,,0.519865448,3.084373817,0.014719715,0.001448516,0.000957968,0.000670578,0.000395,1.35e-05,5.933023297,1.773493664,0.01515237,0.001016718,0.003207603,0.002096169,,,0.188400714,0.000969105,3e-05,0.295533335,9.413412637,0.002465234,5.77e-05,0.009619449,0.003486116,0.013105565,0.004424947,0.001952225,0.006377171,0.006377171,0.268583677,0.030414764,,,,,,,,,,,,,,,,,,,,,,,,,,,,,,,,,
252,Gunner Olszewski,4424106,NYG,2.41,2025,"['RB/WR', 'WR', 'WR/TE', 'RB/WR/TE', 'OP', 'BE', 'IR']",,,,,,,,,,,,,0.004895004,0.017364688,,,,,,,,,,18.88628896,22.97523177,1.0,,2.0,,,,,,,,,,,,,,,,,,1.0,,,,,,,,,,,,,,,,,,,,,,,,,,,,,,,9.041700314,0.081877939,0.004255891,0.00654199,0.004275191,1.0,,0.728876903,0.003499273,0.000108,1.275450037,12.40497576,0.004255891,5.93e-05,,0.013486941,0.013486941,,0.007552687,0.007552687,0.007552687,,0.381320869,,,,,,,,,,,,,,,,,,,,,,,,,,,,,,,,,
253,Elijah Higgins,4426844,ARI,35.5,2025,"['WR/TE', 'TE', 'RB/WR/TE', 'OP', 'BE', 'IR']",,,,,,,,,,,,,,,,,,,,,,,,,,,,,,,,,,,,,,,,,,,,,,1.0,,,,,,,,,,,,,,,,,,,,,,,,,,,,,,,26.21319376,0.159463266,0.007751659,0.011255052,0.007355177,5.0,2.0,2.473405176,0.016877607,0.000522,3.25329818,10.59801848,0.007751659,0.000142,,0.032183337,0.032183337,,0.018022669,0.018022669,0.018022669,,1.284204681,,,,,,,1.0,1.0,,,,,,,,,,,,,,,,,,,,,,,,,
254,Rasheen Ali,4690013,BAL,6.69,2025,"['RB', 'RB/WR', 'RB/WR/TE', 'OP', 'BE', 'IR']",,,,,,,,,,,,,0.011479282,,,,,,,,,,,48.32201915,,4.0,1.0,,,,,,,,,,,,,,,,,,,1.0,,,,,,,,,,,,,,,,,,,,,,,,,,,,,,,12.16456971,0.054533716,0.002439708,0.002143802,0.001400975,2.0,1.0,1.810785857,0.004534624,0.00014,2.30253754,6.717840027,0.002439708,6.93e-05,,0.015758832,0.015758832,,0.008824946,0.008824946,0.008824946,,0.702858607,,,,,,,,,,,,,,,,,,,,,,,,,,,,,,,,,
255,Treylon Burks,4567156,WSH,0.0,2025,"['RB/WR', 'WR', 'WR/TE', 'RB/WR/TE', 'OP', 'BE', 'IR']",,,,,,,,,,,,,,,,,,,,,,,,,,,,,,,,,,,,,,,,,,,,,,1.0,,,,,,,,,,,,,,,,,,,,,,,,,,,,,,,37.04037361,0.132618711,,0.013658543,0.008925858,7.0,3.0,2.509296861,0.042217025,0.00131,4.381485767,14.76125611,,0.000163,,0.037145079,0.037145079,,0.020801244,0.020801244,0.020801244,,1.579979578,,,,,,,1.0,1.0,,,,,,,,,,,,,,,,,,,,,,,,,
256,Trayveon Williams,4035222,CLE,0.0,2025,"['RB', 'RB/WR', 'RB/WR/TE', 'OP', 'BE', 'IR']",,,,,,,,,,,,,0.003694156,,,,,,,,,,,13.7431401,,1.0,,,,,,,,,,,,,,,,,,,,1.0,,,,,,,,,,,,,,,,,,,,,,2.435578928,10.08163629,0.049804478,0.003429853,0.004567241,0.003197069,0.00438,0.00015,4.139318244,9.124083103,0.035039534,0.002726169,0.002004355,0.001309846,1.0,,1.414832905,0.003524101,0.000109,1.797809389,6.448876804,0.006156022,0.000118,0.016957004,0.009850359,0.026807363,0.007800222,0.005516201,0.013316423,0.013316423,0.647389944,0.520791701,2.0,1.0,,,,,,,,,,,,,,,,,,,,,,,,,,,,,,,
257,Jalen Royals,5082630,KC,23.95,2025,"['Rookie', 'RB/WR', 'WR', 'WR/TE', 'RB/WR/TE', 'OP', 'BE', 'IR']",,,,,,,,,,,,,,,,,,,,,,,,,,,,,,,,,,,,,,,,,,,,,,1.0,,,,,,,,,,,,,,,,,,,,,,,,,,,,,,,12.6109366,0.064642953,0.00328192,0.004092653,0.002674549,2.0,1.0,1.218514792,0.004706421,0.000146,1.981237795,10.3494325,0.00328192,9.92e-05,,0.022547067,0.022547067,,0.012626358,0.012626358,0.012626358,,0.584303373,,,,,,,,,,,,,,,,,,,,,,,,,,,,,,,,,
258,Skyy Moore,4430191,SF,8.52,2025,"['RB/WR', 'WR', 'WR/TE', 'RB/WR/TE', 'OP', 'BE', 'IR']",,,,,,,,,,,,,0.012451193,0.007337478,,,,,,,,,,54.18141241,15.22858145,5.0,2.0,1.0,,,,,,,,,,,,,,,,,,1.0,,,,,,,,,,,,,,,,,,,,,,,,,,,,,,,,,,,,,,,,,,,,,,,,,,,,,,,,,,,,,,,,,,,,,,,,,,,,,,,,,,,,,,
259,Xavier Smith,4386544,LAR,2.64,2025,"['RB/WR', 'WR', 'WR/TE', 'RB/WR/TE', 'OP', 'BE', 'IR']",,,,,,,,,,,,,,0.008526889,,,,,,,,,,,16.51627179,,,1.0,,,,,,,,,,,,,,,,,,1.0,,,,,,,,,,,,,,,,,,,,,,,,,,,,,,,17.98334759,0.12845032,0.001973039,0.015337834,0.010023274,3.0,1.0,1.274573205,0.007615496,0.000236,2.065381316,14.10930931,0.001973039,0.000104,,0.023584357,0.023584357,,0.01320724,0.01320724,0.01320724,,0.771322786,,,,,,,,,,,,,,,,,,,,,,,,,,,,,,,,,
260,Will Howard,4429955,PIT,0.0,2025,"['Rookie', 'QB', 'OP', 'BE', 'IR']",,,,,,,,,,,,,,,,,,,,,,,,,,,,,,,,,,,,,,,,,,,,,,,,,,,,,,,,,,,,,,,,,,,,,,,,,,,,,,,,,,,,,,,,,,,,,,,,,,,,,,,,,,,,,,,,,,,,,,,,,,,,,,,,,,,,
261,Ronnie Rivers,4243003,LAR,0.0,2025,"['RB', 'RB/WR', 'RB/WR/TE', 'OP', 'BE', 'IR']",,,,,,,,,,,,,0.013779433,,,,,,,,,,,50.04109784,,5.0,2.0,,,,,,,,,,,,,,,,,,,1.0,,,,,,,,,,,,,,,,,,,,,,,,,,,,,,,,,,,,,,,,,,,,,,,,,,,,,,,,,,,,,,,,,,,,,,,,,,,,,,,,,,,,,,
262,Andre Baccellia,3886809,ARI,0.0,2025,"['RB/WR', 'WR', 'WR/TE', 'RB/WR/TE', 'OP', 'BE', 'IR']",,,,,,,,,,,,,,,,,,,,,,,,,,,,,,,,,,,,,,,,,,,,,,,,,,,,,,,,,,,,,,,,,,,,,,,,,,,,,,,,,,,,,,,,,,,,,,,,,,,,,,,,,,,,,,,,,,,,,,,,,,,,,,,,,,,,
263,Alec Ingold,3917668,MIA,21.47,2025,"['RB', 'RB/WR', 'RB/WR/TE', 'OP', 'BE', 'IR']",,,,,,,,,,,,,,,,,,,,,,,,,,,,,,,,,,,,,,,,,,,,,,1.0,,,,,,,,,,,,,,,,,,,,,,0.292613962,1.28049836,0.010518953,0.000420884,0.000538079,0.000376655,6.25e-05,2.13e-06,4.37606719,3.118748782,0.009910973,0.00055163,0.002504224,0.00163651,,,0.426168682,0.001568029,4.85e-05,0.556763863,7.318108797,0.000972514,3.82e-05,0.003537823,0.005152555,0.008690378,0.001627399,0.002885431,0.004512829,0.004512829,0.190737317,0.119563496,,,,,,,,,,,,,,,,,,,,,,,,,,,,,,,,,
264,Tyler Conklin,3915486,LAC,73.55,2025,"['WR/TE', 'TE', 'RB/WR/TE', 'OP', 'BE', 'IR']",,,,,,,,,,,,,,,,,,,,,,,,,,,,,,,,,,,,,,,,,,,,,,,,,,,,,,,,,,,,,,,,,,,,,,,,,,,,,,,,,,,,,,,,,,,,,,,,,,,,,,,,,,,,,,,,,,,,,,,,,,,,,,,,,,,,
265,Elijah Moore,4372414,DEN,21.51,2025,"['RB/WR', 'WR', 'WR/TE', 'RB/WR/TE', 'OP', 'BE', 'IR']",,,,,,,,,,,,,,,,,,,,,,,,,,,,,,,,,,,,,,,,,,,,,,,,,,,,,,,,,,,,,,,,,,,,,,,,,,,,,,,,,,,,,,,,,,,,,,,,,,,,,,,,,,,,,,,,,,,,,,,,,,,,,,,,,,,,
266,Ty Chandler,4242431,MIN,7.51,2025,"['RB', 'RB/WR', 'RB/WR/TE', 'OP', 'BE', 'IR']",,,,,,,,,,,,,,,,,,,,,,,,,,,,,,,,,,,,,,,,,,,,,,1.0,,,,,,,,,,,,,,,,,,,,,,3.261866738,14.46717195,0.075449336,0.005481249,0.006162427,0.004313699,0.00907,0.00031,4.4352431,3.547556845,0.011916447,0.000737537,0.001999498,0.001306672,,,0.549971648,0.001739215,5.38e-05,0.700409366,6.450435866,0.006218786,0.000102,0.019871066,0.003350389,0.023221456,0.009140691,0.001876218,0.011016908,0.011016908,0.864786867,0.160427188,2.0,1.0,,,,,,,,,,,,,,,,,,,,,,,,,,,,,,,
267,Jalin Hyatt,4692590,NYG,7.86,2025,"['RB/WR', 'WR', 'WR/TE', 'RB/WR/TE', 'OP', 'BE', 'IR']",,,,,,,,,,,,,,,,,,,,,,,,,,,,,,,,,,,,,,,,,,,,,,,,,,,,,,,,,,,,,,,,,,,,,,,,,,,,,,,,,,,,,,,,,,,,,,,,,,,,,,,,,,,,,,,,,,,,,,,,,,,,,,,,,,,,
268,Cooper Rush,2972515,BAL,1.88,2025,"['QB', 'OP', 'BE', 'IR']",,,,,,,,,,,,,,,,,,,,,,,,,,,,,,,,,,,,,,,,,,,,,,,,,,,,,,,,,,,,,,,,,,,,,,,,,,,,,,,,,,,,,,,,,,,,,,,,,,,,,,,,,,,,,,,,,,,,,,,,,,,,,,,,,,,,
269,Phil Mafah,4431562,DAL,0.0,2025,"['Rookie', 'RB', 'RB/WR', 'RB/WR/TE', 'OP', 'BE', 'IR']",,,,,,,,,,,,,,,,,,,,,,,,,,,,,,,,,,,,,,,,,,,,,,,,,,,,,,,,,,,,,,,,,,,,,,,,,,,,,,,,,,,,,,,,,,,,,,,,,,,,,,,,,,,,,,,,,,,,,,,,,,,,,,,,,,,,
270,David Moore,4212909,CAR,35.4,2025,"['RB/WR', 'WR', 'WR/TE', 'RB/WR/TE', 'OP', 'BE', 'IR']",,,,,,,,,,,,,,,,,,,,,,,,,,,,,,,,,,,,,,,,,,,,,,,,,,,,,,,,,,,,,,,,,,,,,,,,,,,,,,,,,,,,,,,,,,,,,,,,,,,,,,,,,,,,,,,,,,,,,,,,,,,,,,,,,,,,
271,Teddy Bridgewater,16728,TB,2.1,2025,"['QB', 'OP', 'BE', 'IR']",,,,,,,,,,,,,,,,,,,,,,,,,,,,,,,,,,,,,,,,,,,,,,,,,,,,,,,,,,,,,,,,,,,,,,,,,,,,,,,,,,,,,,,,,,,,,,,,,,,,,,,,,,,,,,,,,,,,,,,,,,,,,,,,,,,,
272,Curtis Samuel,3121427,BUF,45.27,2025,"['RB/WR', 'WR', 'WR/TE', 'RB/WR/TE', 'OP', 'BE', 'IR']",,,,,,,,,,,,,,,,,,,,,,,,,,,,,,,,,,,,,,,,,,,,,,,,,,,,,,,,,,,,,,,,,,,,,,,,,,,,,,,,,,,,,,,,,,,,,,,,,,,,,,,,,,,,,,,,,,,,,,,,,,,,,,,,,,,,
273,Jake Bobo,4360405,SEA,30.98,2025,"['RB/WR', 'WR', 'WR/TE', 'RB/WR/TE', 'OP', 'BE', 'IR']",,,,,,,,,,,,,,,,,,,,,,,,,,,,,,,,,,,,,,,,,,,,,,,,,,,,,,,,,,,,,,,,,,,,,,,,,,,,,,,,,,,,,,,,,,,,,,,,,,,,,,,,,,,,,,,,,,,,,,,,,,,,,,,,,,,,
274,Tim Patrick,3134353,JAX,18.47,2025,"['RB/WR', 'WR', 'WR/TE', 'RB/WR/TE', 'OP', 'BE', 'IR']",,,,,,,,,,,,,,,,,,,,,,,,,,,,,,,,,,,,,,,,,,,,,,1.0,,,,,,,,,,,,,,,,,,,,,,,,,,,,,,,9.312741446,0.082043322,0.004202594,0.007768412,0.005076657,1.0,,0.767232578,0.003581251,0.000111,1.262530191,12.13809438,0.004202594,4.37e-05,,0.009937665,0.009937665,,0.005565092,0.005565092,0.005565092,,0.397605271,,,,,,,,,,,,,,,,,,,,,,,,,,,,,,,,,
275,Dalvin Cook,3116593,None,0.0,2025,"['RB', 'RB/WR', 'RB/WR/TE', 'OP', 'BE', 'IR']",,,,,,,,,,,,,,,,,,,,,,,,,,,,,,,,,,,,,,,,,,,,,,,,,,,,,,,,,,,,,,,,,,,,,,,,,,,,,,,,,,,,,,,,,,,,,,,,,,,,,,,,,,,,,,,,,,,,,,,,,,,,,,,,,,,,
276,Jamari Thrash,4428678,CLE,34.52,2025,"['RB/WR', 'WR', 'WR/TE', 'RB/WR/TE', 'OP', 'BE', 'IR']",,,,,,,,,,,,,,,,,,,,,,,,,,,,,,,,,,,,,,,,,,,,,,,,,,,,,,,,,,,,,,,,,,,,,,,,,,,,,,,,,,,,,,,,,,,,,,,,,,,,,,,,,,,,,,,,,,,,,,,,,,,,,,,,,,,,
277,Kalel Mullings,4429121,TEN,23.15,2025,"['Rookie', 'RB', 'RB/WR', 'RB/WR/TE', 'OP', 'BE', 'IR']",,,,,,,,,,,,,,,,,,,,,,,,,,,,,,,,,,,,,,,,,,,,,,1.0,,,,,,,,,,,,,,,,,,,,,,0.25824455,1.036273217,0.006296225,0.000107557,0.000474727,0.000332309,3.94e-05,1.35e-06,4.012759284,,,,,,,,,,,,,0.000107557,9.89e-06,0.00224744,,0.00224744,0.001033822,,0.001033822,0.001033822,0.177254875,,,,,,,,,,,,,,,,,,,,,,,,,,,,,,,,,,
278,Julius Chestnut,4367567,TEN,13.05,2025,"['RB', 'RB/WR', 'RB/WR/TE', 'OP', 'BE', 'IR']",,,,,,,,,,,,,,,,,,,,,,,,,,,,,,,,,,,,,,,,,,,,,,1.0,,,,,,,,,,,,,,,,,,,,,,0.25824455,1.021358953,0.006379019,0.000108971,0.000474727,0.000332309,3.82e-05,1.3e-06,3.9550068,,,,,,,,,,,,,0.000108971,9.89e-06,0.00224744,,0.00224744,0.001033822,,0.001033822,0.001033822,0.176813012,,,,,,,,,,,,,,,,,,,,,,,,,,,,,,,,,,
279,Will Dissly,3127292,LAC,84.14,2025,"['WR/TE', 'TE', 'RB/WR/TE', 'OP', 'BE', 'IR']",,,,,,,,,,,,,,,,,,,,,,,,,,,,,,,,,,,,,,,,,,,,,,1.0,,,,,,,,,,,,,,,,,,,,,,,,,,,,,,,5.719900773,0.02519629,0.000698944,0.003900036,0.002548673,1.0,,0.687561031,0.002499487,7.73e-05,0.908860815,8.319117159,0.000698944,3.26e-05,,0.007418205,0.007418205,,0.004154195,0.004154195,0.004154195,,0.257123406,,,,,,,,,,,,,,,,,,,,,,,,,,,,,,,,,
280,KeAndre Lambert-Smith,4430870,LAC,21.19,2025,"['Rookie', 'RB/WR', 'WR', 'WR/TE', 'RB/WR/TE', 'OP', 'BE', 'IR']",,,,,,,,,,,,,0.019594337,,,,,,,,,,,71.15838025,,7.0,2.0,,,,,,,,,,,,,,,,,,,1.0,,,,,,,,,,,,,,,,,,,,,,,,,,,,,,,4.150471685,0.029120021,0.000807789,0.005631654,0.003680286,,,0.360780481,0.001966427,6.08e-05,0.60590721,11.50414699,0.000807789,2.94e-05,,0.006675784,0.006675784,,0.003738439,0.003738439,0.003738439,,0.140965119,,,,,,,,,,,,,,,,,,,,,,,,,,,,,,,,,
281,Tyson Bagent,4434153,CHI,1.76,2025,"['QB', 'OP', 'BE', 'IR']",,,,,,,,,,,,,,,,,,,,,,,,,,,,,,,,,,,,,,,,,,,,,,,,,,,,,,,,,,,,,,,,,,,,,,,,,,,,,,,,,,,,,,,,,,,,,,,,,,,,,,,,,,,,,,,,,,,,,,,,,,,,,,,,,,,,
282,Joshua Dobbs,3044720,NE,1.65,2025,"['QB', 'OP', 'BE', 'IR']",,,,,,,,,,,,,,,,,,,,,,,,,,,,,,,,,,,,,,,,,,,,,,,,,,,,,,,,,,,,,,,,,,,,,,,,,,,,,,,,,,,,,,,,,,,,,,,,,,,,,,,,,,,,,,,,,,,,,,,,,,,,,,,,,,,,
283,Pierre Strong Jr.,4249836,GB,0.0,2025,"['RB', 'RB/WR', 'RB/WR/TE', 'OP', 'BE', 'IR']",,,,,,,,,,,,,,,,,,,,,,,,,,,,,,,,,,,,,,,,,,,,,,,,,,,,,,,,,,,,,,,,,,,,,,,,,,,,,,,,,,,,,,,,,,,,,,,,,,,,,,,,,,,,,,,,,,,,,,,,,,,,,,,,,,,,
284,Clyde Edwards-Helaire,4242214,None,0.0,2025,"['RB', 'RB/WR', 'RB/WR/TE', 'OP', 'BE', 'IR']",,,,,,,,,,,,,,,,,,,,,,,,,,,,,,,,,,,,,,,,,,,,,,,,,,,,,,,,,,,,,,,,,,,,,,,,,,,,,,,,,,,,,,,,,,,,,,,,,,,,,,,,,,,,,,,,,,,,,,,,,,,,,,,,,,,,
285,Britain Covey,3926231,PHI,0.0,2025,"['RB/WR', 'WR', 'WR/TE', 'RB/WR/TE', 'OP', 'BE', 'IR']",,,,,,,,,,,,,0.009707758,0.006869112,,,,,,,,,,35.25449073,16.07164141,3.0,1.0,1.0,,,,,,,,,,,,,,,,,,1.0,,,,,,,,,,,,,,,,,,,,,,,,,,,,,,,,,,,,,,,,,,,,,,,,,,,,,,,,,,,,,,,,,,,,,,,,,,,,,,,,,,,,,,
286,Adam Trautman,3911853,DEN,33.89,2025,"['WR/TE', 'TE', 'RB/WR/TE', 'OP', 'BE', 'IR']",,,,,,,,,,,,,,,,,,,,,,,,,,,,,,,,,,,,,,,,,,,,,,1.0,,,,,,,,,,,,,,,,,,,,,,,,,,,,,,,16.8005959,0.122842938,0.008737083,0.006276968,0.004101999,3.0,1.0,1.743815659,0.006812996,0.000211,2.392533498,9.634387564,0.008737083,9.02e-05,,0.02049553,0.02049553,,0.011477497,0.011477497,0.011477497,,0.843370016,,,,,,,,,,,,,,,,,,,,,,,,,,,,,,,,,
287,Derius Davis,4362477,LAC,18.63,2025,"['RB/WR', 'WR', 'WR/TE', 'RB/WR/TE', 'OP', 'BE', 'IR']",,,,,,,,,,,,,,,,,,,,,,,,,,,,,,,,,,,,,,,,,,,,,,,,,,,,,,,,,,,,,,,,,,,,,,,,,,,,,,,,,,,,,,,,,,,,,,,,,,,,,,,,,,,,,,,,,,,,,,,,,,,,,,,,,,,,
288,Luke Farrell,4040612,SF,8.05,2025,"['WR/TE', 'TE', 'RB/WR/TE', 'OP', 'BE', 'IR']",,,,,,,,,,,,,,,,,,,,,,,,,,,,,,,,,,,,,,,,,,,,,,1.0,,,,,,,,,,,,,,,,,,,,,,,,,,,,,,,14.90095065,0.128079968,0.007336718,0.009164176,0.005988789,2.0,1.0,1.437413187,0.005731901,0.000177,1.943163975,10.36650476,0.007336718,7.69e-05,,0.017488044,0.017488044,,0.009793304,0.009793304,0.009793304,,0.723287526,,,,,,,,,,,,,,,,,,,,,,,,,,,,,,,,,
289,Mason Tipton,4573697,NO,9.14,2025,"['RB/WR', 'WR', 'WR/TE', 'RB/WR/TE', 'OP', 'BE', 'IR']",,,,,,,,,,,,,,,,,,,,,,,,,,,,,,,,,,,,,,,,,,,,,,,,,,,,,,,,,,,,,,,,,,,,,,,,,,,,,,,,,,,,,,,,,,,,,,,,,,,,,,,,,,,,,,,,,,,,,,,,,,,,,,,,,,,,
290,Jordan James,4685397,SF,1.87,2025,"['Rookie', 'RB', 'RB/WR', 'RB/WR/TE', 'OP', 'BE', 'IR']",,,,,,,,,,,,,,,,,,,,,,,,,,,,,,,,,,,,,,,,,,,,,,,,,,,,,,,,,,,,,,,,,,,,,,,,,,,,,,,,,,,,,,,,,,,,,,,,,,,,,,,,,,,,,,,,,,,,,,,,,,,,,,,,,,,,
291,Kene Nwangwu,4035537,NYJ,0.0,2025,"['RB', 'RB/WR', 'RB/WR/TE', 'OP', 'BE', 'IR']",,,,,,,,,,,,,0.025840443,,,,,,,,,,,43.26875951,,4.0,1.0,,,,,,,,,,,,,,,,,,,1.0,,,,,,,,,,,,,,,,,,,,,,,,,,,,,,,,,,,,,,,,,,,,,,,,,,,,,,,,,,,,,,,,,,,,,,,,,,,,,,,,,,,,,,
292,Matthew Wright,3128444,None,0.0,2025,"['K', 'BE', 'IR']",,,,,,,,,,,,,,,,,,,,,,,,,,,,,,,,,,,,,,,,,,,,,,,,,,,,,,,,,,,,,,,,,,,,,,,,,,,,,,,,,,,,,,,,,,,,,,,,,,,,,,,,,,,,,,,,,,,,,,,,,,,,,,,,,,,,
293,Malachi Corley,4613104,CLE,0.0,2025,"['RB/WR', 'WR', 'WR/TE', 'RB/WR/TE', 'OP', 'BE', 'IR']",,,,,,,,,,,,,0.00923539,,,,,,,,,,,35.58749963,,3.0,1.0,,,,,,,,,,,,,,,,,,,1.0,,,,,,,,,,,,,,,,,,,,,,1.217789464,8.632037775,0.042484736,0.002925769,0.002258465,0.001580926,0.0032,0.000109,7.088284166,23.18479555,0.067622102,0.00526118,0.00632454,0.004133087,4.0,2.0,2.05401403,0.012624466,0.00039,3.29598388,11.28755462,0.008186949,0.000266,0.022533646,0.038006919,0.060540565,0.010365477,0.021283874,0.031649352,0.031649352,0.51900231,1.06754498,1.0,,,,,,1.0,,,,,,,,,,,,,,,,,,,,,,,,,,
294,Tai Felton,4565185,MIN,11.36,2025,"['Rookie', 'RB/WR', 'WR', 'WR/TE', 'RB/WR/TE', 'OP', 'BE', 'IR']",,,,,,,,,,,,,0.002469064,,,,,,,,,,,8.966602,,,,,,,,,,,,,,,,,,,,,,1.0,,,,,,,,,,,,,,,,,,,,,,,,,,,,,,,12.83683068,0.048057969,0.002974421,0.0034463,0.002252157,2.0,1.0,1.337301048,0.004796438,0.000148,2.101228097,9.599058266,0.002974421,0.000109,,0.024745056,0.024745056,,0.013857231,0.013857231,0.013857231,,0.610826092,,,,,,,,,,,,,,,,,,,,,,,,,,,,,,,,,
295,Jackson Hawes,4573699,BUF,3.65,2025,"['Rookie', 'WR/TE', 'TE', 'RB/WR/TE', 'OP', 'BE', 'IR']",,,,,,,,,,,,,,,,,,,,,,,,,,,,,,,,,,,,,,,,,,,,,,1.0,,,,,,,,,,,,,,,,,,,,,,,,,,,,,,,17.00241766,0.139792139,0.010229265,0.0062719,0.004098687,3.0,1.0,1.606847095,0.006942421,0.000215,2.421722633,10.58122936,0.010229265,8.6e-05,,0.019549433,0.019549433,,0.010947682,0.010947682,0.010947682,,0.824646609,,,,,,,,,,,,,,,,,,,,,,,,,,,,,,,,,
296,Will Levis,4361418,TEN,0.0,2025,"['QB', 'OP', 'BE', 'IR']",,,,,,,,,,,,,,,,,,,,,,,,,,,,,,,,,,,,,,,,,,,,,,,,,,,,,,,,,,,,,,,,,,,,,,,,,,,,,,,,,,,,,,,,,,,,,,,,,,,,,,,,,,,,,,,,,,,,,,,,,,,,,,,,,,,,
297,Tommy DeVito,4240391,NE,0.0,2025,"['QB', 'OP', 'BE', 'IR']",,,,,,,,,,,,,,,,,,,,,,,,,,,,,,,,,,,,,,,,,,,,,,,,,,,,,,,,,,,,,,,,,,,,,,,,,,,,,,,,,,,,,,,,,,,,,,,,,,,,,,,,,,,,,,,,,,,,,,,,,,,,,,,,,,,,
298,Leonard Fournette,3115364,None,0.0,2025,"['RB', 'RB/WR', 'RB/WR/TE', 'OP', 'BE', 'IR']",,,,,,,,,,,,,,,,,,,,,,,,,,,,,,,,,,,,,,,,,,,,,,,,,,,,,,,,,,,,,,,,,,,,,,,,,,,,,,,,,,,,,,,,,,,,,,,,,,,,,,,,,,,,,,,,,,,,,,,,,,,,,,,,,,,,
299,Jimmy Graham,13232,None,0.0,2025,"['WR/TE', 'TE', 'RB/WR/TE', 'OP', 'BE', 'IR']",,,,,,,,,,,,,,,,,,,,,,,,,,,,,,,,,,,,,,,,,,,,,,,,,,,,,,,,,,,,,,,,,,,,,,,,,,,,,,,,,,,,,,,,,,,,,,,,,,,,,,,,,,,,,,,,,,,,,,,,,,,,,,,,,,,,
300,Kadarius Toney,4240600,None,0.0,2025,"['RB/WR', 'WR', 'WR/TE', 'RB/WR/TE', 'OP', 'BE', 'IR']",,,,,,,,,,,,,,,,,,,,,,,,,,,,,,,,,,,,,,,,,,,,,,,,,,,,,,,,,,,,,,,,,,,,,,,,,,,,,,,,,,,,,,,,,,,,,,,,,,,,,,,,,,,,,,,,,,,,,,,,,,,,,,,,,,,,
301,Clayton Tune,4360175,None,0.0,2025,"['QB', 'OP', 'BE', 'IR']",,,,,,,,,,,,,,,,,,,,,,,,,,,,,,,,,,,,,,,,,,,,,,,,,,,,,,,,,,,,,,,,,,,,,,,,,,,,,,,,,,,,,,,,,,,,,,,,,,,,,,,,,,,,,,,,,,,,,,,,,,,,,,,,,,,,
302,Tyler Goodson,4429676,IND,9.08,2025,"['RB', 'RB/WR', 'RB/WR/TE', 'OP', 'BE', 'IR']",,,,,,,,,,,,,,,,,,,,,,,,,,,,,,,,,,,,,,,,,,,,,,,,,,,,,,,,,,,,,,,,,,,,,,,,,,,,,,,,,,,,,,,,,,,,,,,,,,,,,,,,,,,,,,,,,,,,,,,,,,,,,,,,,,,,
303,John Bates,4048228,WSH,17.9,2025,"['WR/TE', 'TE', 'RB/WR/TE', 'OP', 'BE', 'IR']",,,,,,,,,,,,,,,,,,,,,,,,,,,,,,,,,,,,,,,,,,,,,,1.0,,,,,,,,,,,,,,,,,,,,,,,,,,,,,,,15.15653381,0.084081657,,0.005882063,0.003843928,3.0,1.0,1.469295385,0.005863852,0.000181,2.190742884,10.31551176,,0.000116,,0.026377147,0.026377147,,0.014771202,0.014771202,0.014771202,,0.719610917,,,,,,,,,,,,,,,,,,,,,,,,,,,,,,,,,
304,Jeremy Ruckert,4361372,NYJ,16.68,2025,"['WR/TE', 'TE', 'RB/WR/TE', 'OP', 'BE', 'IR']",,,,,,,,,,,,,,,,,,,,,,,,,,,,,,,,,,,,,,,,,,,,,,1.0,,,,,,,,,,,,,,,,,,,,,,,,,,,,,,,15.22605483,0.053981851,0.006027928,0.002013198,0.001315625,3.0,1.0,2.144713713,0.005900427,0.000182,2.989795248,7.099341387,0.006027928,9.18e-05,,0.020874636,0.020874636,,0.011689796,0.011689796,0.011689796,,0.863169862,,,,,,,,,,,,,,,,,,,,,,,,,,,,,,,,,
305,Bo Melton,4259305,GB,0.01,2025,"['RB/WR', 'WR', 'WR/TE', 'RB/WR/TE', 'OP', 'BE', 'IR']",,,,,,,,,,,,,0.015158927,,,,,,,,,,,55.05084042,,5.0,2.0,,,,,,,,,,,,,,,,,,,1.0,,,,,,,,,,,,,,,,,,,,,,,,,,,,,,,,,,,,,,,,,,,,,,,,,,,,,,,,,,,,,,,,,,,,,,,,,,,,,,,,,,,,,,
306,Mo Alie-Cox,2998565,IND,12.94,2025,"['WR/TE', 'TE', 'RB/WR/TE', 'OP', 'BE', 'IR']",,,,,,,,,,,,,,,,,,,,,,,,,,,,,,,,,,,,,,,,,,,,,,1.0,,,,,,,,,,,,,,,,,,,,,,,,,,,,,,,6.587042745,0.059037773,0.00459882,0.004622011,0.003020484,1.0,,0.620527031,0.002768786,8.56e-05,1.00609148,10.61523902,0.00459882,4.11e-05,,0.009349107,0.009349107,,0.0052355,0.0052355,0.0052355,,0.279594832,,,,,,,,,,,,,,,,,,,,,,,,,,,,,,,,,
307,George Holani,4429835,SEA,7.66,2025,"['RB', 'RB/WR', 'RB/WR/TE', 'OP', 'BE', 'IR']",,,,,,,,,,,,,,,,,,,,,,,,,,,,,,,,,,,,,,,,,,,,,,,,,,,,,,,,,,,,,,,,,,,,,,,,,,,,,,,,,,,,,,,,,,,,,,,,,,,,,,,,,,,,,,,,,,,,,,,,,,,,,,,,,,,,
308,C.J. Ham,4012556,MIN,4.94,2025,"['RB', 'RB/WR', 'RB/WR/TE', 'OP', 'BE', 'IR']",,,,,,,,,,,,,,,,,,,,,,,,,,,,,,,,,,,,,,,,,,,,,,1.0,,,,,,,,,,,,,,,,,,,,,,0.652373348,2.925939276,0.021755671,0.001580508,0.00120361,0.000842527,0.000354,1.21e-05,4.48506869,,,,,,,,,,,,,0.001580508,3.01e-05,0.006830987,,0.006830987,0.003142254,,0.003142254,0.003142254,0.27652968,,,,,,,,,,,,,,,,,,,,,,,,,,,,,,,,,,
309,Devontez Walker,4696882,BAL,5.01,2025,"['RB/WR', 'WR', 'WR/TE', 'RB/WR/TE', 'OP', 'BE', 'IR']",,,,,,,,,,,,,,,,,,,,,,,,,,,,,,,,,,,,,,,,,,,,,,,,,,,,,,,,,,,,,,,,,,,,,,,,,,,,,,,,,,,,,,,,,,,,,,,,,,,,,,,,,,,,,,,,,,,,,,,,,,,,,,,,,,,,
310,Mitchell Evans,4683243,CAR,3.64,2025,"['Rookie', 'WR/TE', 'TE', 'RB/WR/TE', 'OP', 'BE', 'IR']",,,,,,,,,,,,,,,,,,,,,,,,,,,,,,,,,,,,,,,,,,,,,,1.0,,,,,,,,,,,,,,,,,,,,,,,,,,,,,,,10.59901532,0.100771328,0.006761716,0.003158155,0.002063854,2.0,1.0,1.217798206,0.003986133,0.000123,1.773200007,8.703424969,0.006761716,6.52e-05,,0.014816135,0.014816135,,0.008297036,0.008297036,0.008297036,,0.543432598,,,,,,,,,,,,,,,,,,,,,,,,,,,,,,,,,
311,Anthony Gould,4429684,IND,3.44,2025,"['RB/WR', 'WR', 'WR/TE', 'RB/WR/TE', 'OP', 'BE', 'IR']",,,,,,,,,,,,,,,,,,,,,,,,,,,,,,,,,,,,,,,,,,,,,,,,,,,,,,,,,,,,,,,,,,,,,,,,,,,,,,,,,,,,,,,,,,,,,,,,,,,,,,,,,,,,,,,,,,,,,,,,,,,,,,,,,,,,
312,Dylan Laube,4366963,LV,1.03,2025,"['RB', 'RB/WR', 'RB/WR/TE', 'OP', 'BE', 'IR']",,,,,,,,,,,,,0.008713672,,,,,,,,,,,37.70032425,,3.0,1.0,,,,,,,,,,,,,,,,,,,1.0,,,,,,,,,,,,,,,,,,,,,,,,,,,,,,,,,,,,,,,,,,,,,,,,,,,,,,,,,,,,,,,,,,,,,,,,,,,,,,,,,,,,,,
313,Zach Wilson,4361259,MIA,1.69,2025,"['QB', 'OP', 'BE', 'IR']",,,,,,,,,,,,,,,,,,,,,,,,,,,,,,,,,,,,,,,,,,,,,,,,,,,,,,,,,,,,,,,,,,,,,,,,,,,,,,,,,,,,,,,,,,,,,,,,,,,,,,,,,,,,,,,,,,,,,,,,,,,,,,,,,,,,
314,Ross Dwelley,3120303,None,0.0,2025,"['WR/TE', 'TE', 'RB/WR/TE', 'OP', 'BE', 'IR']",,,,,,,,,,,,,,,,,,,,,,,,,,,,,,,,,,,,,,,,,,,,,,,,,,,,,,,,,,,,,,,,,,,,,,,,,,,,,,,,,,,,,,,,,,,,,,,,,,,,,,,,,,,,,,,,,,,,,,,,,,,,,,,,,,,,
315,Mike Williams,3045138,LAC,0.0,2025,"['RB/WR', 'WR', 'WR/TE', 'RB/WR/TE', 'OP', 'BE', 'IR']",,,,,,,,,,,,,,,,,,,,,,,,,,,,,,,,,,,,,,,,,,,,,,,,,,,,,,,,,,,,,,,,,,,,,,,,,,,,,,,,,,,,,,,,,,,,,,,,,,,,,,,,,,,,,,,,,,,,,,,,,,,,,,,,,,,,
316,Derek Carr,16757,NO,0.0,2025,"['QB', 'OP', 'BE', 'IR']",,,,,,,,,,,,,,,,,,,,,,,,,,,,,,,,,,,,,,,,,,,,,,,,,,,,,,,,,,,,,,,,,,,,,,,,,,,,,,,,,,,,,,,,,,,,,,,,,,,,,,,,,,,,,,,,,,,,,,,,,,,,,,,,,,,,
317,Cam Akers,4240021,SEA,0.0,2025,"['RB', 'RB/WR', 'RB/WR/TE', 'OP', 'BE', 'IR']",,,,,,,,,,,,,,,,,,,,,,,,,,,,,,,,,,,,,,,,,,,,,,,,,,,,,,,,,,,,,,,,,,,,,,,,,,,,,,,,,,,,,,,,,,,,,,,,,,,,,,,,,,,,,,,,,,,,,,,,,,,,,,,,,,,,
318,Jude McAtamney,5092436,None,0.0,2025,"['K', 'BE', 'IR']",,,,,,,,,,,,,,,,,,,,,,,,,,,,,,,,,,,,,,,,,,,,,,,,,,,,,,,,,,,,,,,,,,,,,,,,,,,,,,,,,,,,,,,,,,,,,,,,,,,,,,,,,,,,,,,,,,,,,,,,,,,,,,,,,,,,
319,Jermaine Burton,4429033,None,1.02,2025,"['RB/WR', 'WR', 'WR/TE', 'RB/WR/TE', 'OP', 'BE', 'IR']",,,,,,,,,,,,,,,,,,,,,,,,,,,,,,,,,,,,,,,,,,,,,,,,,,,,,,,,,,,,,,,,,,,,,,,,,,,,,,,,,,,,,,,,,,,,,,,,,,,,,,,,,,,,,,,,,,,,,,,,,,,,,,,,,,,,
320,Julian Hill,4365395,MIA,37.5,2025,"['WR/TE', 'TE', 'RB/WR/TE', 'OP', 'BE', 'IR']",,,,,,,,,,,,,,,,,,,,,,,,,,,,,,,,,,,,,,,,,,,,,,1.0,,,,,,,,,,,,,,,,,,,,,,,,,,,,,,,5.779721225,0.040046372,0.002228922,0.005890132,0.003849201,1.0,,0.570815924,0.002518509,7.79e-05,0.835145795,10.12536788,0.002228922,3.06e-05,,0.006944735,0.006944735,,0.003889052,0.003889052,0.003889052,,0.23823539,,,,,,,,,,,,,,,,,,,,,,,,,,,,,,,,,
321,Arian Smith,4429105,NYJ,44.68,2025,"['Rookie', 'RB/WR', 'WR', 'WR/TE', 'RB/WR/TE', 'OP', 'BE', 'IR']",,,,,,,,,,,,,,,,,,,,,,,,,,,,,,,,,,,,,,,,,,,,,,1.0,,,,,,,,,,,,,,,,,,,,,,,,,,,,,,,9.644124088,0.043495935,0.00485701,0.002829687,0.001849201,1.0,,0.978793734,0.003682773,0.000114,1.66099736,9.85307093,0.00485701,7.97e-05,,0.018111334,0.018111334,,0.010142347,0.010142347,0.010142347,,0.439202641,,,,,,,,,,,,,,,,,,,,,,,,,,,,,,,,,
322,Charlie Woerner,4035020,ATL,15.79,2025,"['WR/TE', 'TE', 'RB/WR/TE', 'OP', 'BE', 'IR']",,,,,,,,,,,,,,,,,,,,,,,,,,,,,,,,,,,,,,,,,,,,,,1.0,,,,,,,,,,,,,,,,,,,,,,,,,,,,,,,3.909406403,0.024297838,0.001702378,0.00299852,0.001959533,,,0.45885574,0.001877348,5.81e-05,0.662891703,8.519903024,0.001702378,2.46e-05,,0.005582591,0.005582591,,0.003126251,0.003126251,0.003126251,,0.154700204,,,,,,,,,,,,,,,,,,,,,,,,,,,,,,,,,
323,Scotty Miller,3914397,PIT,3.12,2025,"['RB/WR', 'WR', 'WR/TE', 'RB/WR/TE', 'OP', 'BE', 'IR']",,,,,,,,,,,,,,,,,,,,,,,,,,,,,,,,,,,,,,,,,,,,,,1.0,,,,,,,,,,,,,,,,,,,,,,,,,,,,,,,13.64273999,0.070272569,0.002782191,0.0075121,0.004909157,2.0,1.0,1.084426009,0.005136078,0.000159,1.86403481,12.58060936,0.002782191,7.06e-05,,0.01605274,0.01605274,,0.008989534,0.008989534,0.008989534,,0.584495247,,,,,,,,,,,,,,,,,,,,,,,,,,,,,,,,,
324,Hunter Long,4239944,JAX,3.64,2025,"['WR/TE', 'TE', 'RB/WR/TE', 'OP', 'BE', 'IR']",,,,,,,,,,,,,,,,,,,,,,,,,,,,,,,,,,,,,,,,,,,,,,,,,,,,,,,,,,,,,,,,,,,,,,,,,,,,,,,,,,,,,,,,,,,,,,,,,,,,,,,,,,,,,,,,,,,,,,,,,,,,,,,,,,,,
325,Ben Skowronek,4035656,PIT,11.2,2025,"['RB/WR', 'WR', 'WR/TE', 'RB/WR/TE', 'OP', 'BE', 'IR']",,,,,,,,,,,,,,,,,,,,,,,,,,,,,,,,,,,,,,,,,,,,,,1.0,,,,,,,,,,,,,,,,,,,,,,,,,,,,,,,6.179250636,0.026296019,0.001041097,0.004882121,0.003190466,1.0,,0.58008282,0.002643742,8.18e-05,0.932017405,10.65235933,0.001041097,3.78e-05,,0.008586956,0.008586956,,0.004808695,0.004808695,0.004808695,,0.245742342,,,,,,,,,,,,,,,,,,,,,,,,,,,,,,,,,
326,Kylen Granson,4039160,PHI,3.03,2025,"['WR/TE', 'TE', 'RB/WR/TE', 'OP', 'BE', 'IR']",,,,,,,,,,,,,,,,,,,,,,,,,,,,,,,,,,,,,,,,,,,,,,,,,,,,,,,,,,,,,,,,,,,,,,,,,,,,,,,,,,,,,,,,,,,,,,,,,,,,,,,,,,,,,,,,,,,,,,,,,,,,,,,,,,,,
327,Nikko Remigio,4372716,KC,4.31,2025,"['RB/WR', 'WR', 'WR/TE', 'RB/WR/TE', 'OP', 'BE', 'IR']",,,,,,,,,,,,,,,,,,,,,,,,,,,,,,,,,,,,,,,,,,,,,,,,,,,,,,,,,,,,,,,,,,,,,,,,,,,,,,,,,,,,,,,,,,,,,,,,,,,,,,,,,,,,,,,,,,,,,,,,,,,,,,,,,,,,
328,Travis Homer,4037457,CHI,0.0,2025,"['RB', 'RB/WR', 'RB/WR/TE', 'OP', 'BE', 'IR']",,,,,,,,,,,,,,,,,,,,,,,,,,,,,,,,,,,,,,,,,,,,,,,,,,,,,,,,,,,,,,,,,,,,,,,,,,,,,,,,,,,,,,,,,,,,,,,,,,,,,,,,,,,,,,,,,,,,,,,,,,,,,,,,,,,,
329,Alexander Mattison,4048244,MIA,0.0,2025,"['RB', 'RB/WR', 'RB/WR/TE', 'OP', 'BE', 'IR']",,,,,,,,,,,,,,,,,,,,,,,,,,,,,,,,,,,,,,,,,,,,,,,,,,,,,,,,,,,,,,,,,,,,,,,,,,,,,,,,,,,,,,,,,,,,,,,,,,,,,,,,,,,,,,,,,,,,,,,,,,,,,,,,,,,,
330,Jonathan Mingo,4426485,DAL,0.0,2025,"['RB/WR', 'WR', 'WR/TE', 'RB/WR/TE', 'OP', 'BE', 'IR']",,,,,,,,,,,,,,,,,,,,,,,,,,,,,,,,,,,,,,,,,,,,,,1.0,,,,,,,,,,,,,,,,,,,,,,,,,,,,,,,19.36431042,0.12812239,0.005018368,0.013871809,0.009065227,3.0,1.0,1.323118016,0.008696138,0.000269,2.281655282,14.63536146,0.005018368,0.000116,,0.02646236,0.02646236,,0.014818922,0.014818922,0.014818922,,0.820335192,,,,,,,,,,,,,,,,,,,,,,,,,,,,,,,,,
331,Stetson Bennett IV,4259553,LAR,0.0,2025,"['QB', 'OP', 'BE', 'IR']",,,,,,,,,,,,,,,,,,,,,,,,,,,,,,,,,,,,,,,,,,,,,,,,,,,,,,,,,,,,,,,,,,,,,,,,,,,,,,,,,,,,,,,,,,,,,,,,,,,,,,,,,,,,,,,,,,,,,,,,,,,,,,,,,,,,
332,Dustin Hopkins,15965,None,0.0,2025,"['K', 'BE', 'IR']",,,,,,,,,,,,,,,,,,,,,,,,,,,,,,,,,,,,,,,,,,,,,,,,,,,,,,,,,,,,,,,,,,,,,,,,,,,,,,,,,,,,,,,,,,,,,,,,,,,,,,,,,,,,,,,,,,,,,,,,,,,,,,,,,,,,
333,Zack Moss,4035676,None,0.0,2025,"['RB', 'RB/WR', 'RB/WR/TE', 'OP', 'BE', 'IR']",,,,,,,,,,,,,,,,,,,,,,,,,,,,,,,,,,,,,,,,,,,,,,,,,,,,,,,,,,,,,,,,,,,,,,,,,,,,,,,,,,,,,,,,,,,,,,,,,,,,,,,,,,,,,,,,,,,,,,,,,,,,,,,,,,,,
334,Jacob Saylors,4383429,DET,0.0,2025,"['RB', 'RB/WR', 'RB/WR/TE', 'OP', 'BE', 'IR']",,,,,,,,,,,,,0.003162597,,,,,,,,,,,14.13900207,,1.0,,,,,,,,,,,,,,,,,,,,1.0,,,,,,,,,,,,,,,,,,,,,,,,,,,,,,,,,,,,,,,,,,,,,,,,,,,,,,,,,,,,,,,,,,,,,,,,,,,,,,,,,,,,,,
335,Xavier Restrepo,4431353,TEN,0.0,2025,"['Rookie', 'RB/WR', 'WR', 'WR/TE', 'RB/WR/TE', 'OP', 'BE', 'IR']",,,,,,,,,,,,,,,,,,,,,,,,,,,,,,,,,,,,,,,,,,,,,,,,,,,,,,,,,,,,,,,,,,,,,,,,,,,,,,,,,,,,,,,,,,,,,,,,,,,,,,,,,,,,,,,,,,,,,,,,,,,,,,,,,,,,
336,Zay Jones,3059722,ARI,29.32,2025,"['RB/WR', 'WR', 'WR/TE', 'RB/WR/TE', 'OP', 'BE', 'IR']",,,,,,,,,,,,,,,,,,,,,,,,,,,,,,,,,,,,,,,,,,,,,,,,,,,,,,,,,,,,,,,,,,,,,,,,,,,,,,,,,,,,,,,,,,,,,,,,,,,,,,,,,,,,,,,,,,,,,,,,,,,,,,,,,,,,
337,Charlie Kolar,4241263,BAL,13.67,2025,"['WR/TE', 'TE', 'RB/WR/TE', 'OP', 'BE', 'IR']",,,,,,,,,,,,,,,,,,,,,,,,,,,,,,,,,,,,,,,,,,,,,,1.0,,,,,,,,,,,,,,,,,,,,,,,,,,,,,,,6.652959399,0.048422746,0.002166318,0.00448271,0.002929451,1.0,,0.727267207,0.00278878,8.63e-05,1.023350018,9.14788861,0.002166318,3.89e-05,,0.008848173,0.008848173,,0.004954977,0.004954977,0.004954977,,0.30140151,,,,,,,,,,,,,,,,,,,,,,,,,,,,,,,,,
338,Jamal Agnew,3061612,None,2.52,2025,"['RB/WR', 'WR', 'WR/TE', 'RB/WR/TE', 'OP', 'BE', 'IR']",,,,,,,,,,,,,,,,,,,,,,,,,,,,,,,,,,,,,,,,,,,,,,,,,,,,,,,,,,,,,,,,,,,,,,,,,,,,,,,,,,,,,,,,,,,,,,,,,,,,,,,,,,,,,,,,,,,,,,,,,,,,,,,,,,,,
339,Craig Reynolds,4421446,None,7.15,2025,"['RB', 'RB/WR', 'RB/WR/TE', 'OP', 'BE', 'IR']",,,,,,,,,,,,,,,,,,,,,,,,,,,,,,,,,,,,,,,,,,,,,,,,,,,,,,,,,,,,,,,,,,,,,,,,,,,,,,,,,,,,,,,,,,,,,,,,,,,,,,,,,,,,,,,,,,,,,,,,,,,,,,,,,,,,
340,Tylan Wallace,4241424,BAL,3.87,2025,"['RB/WR', 'WR', 'WR/TE', 'RB/WR/TE', 'OP', 'BE', 'IR']",,,,,,,,,,,,,,,,,,,,,,,,,,,,,,,,,,,,,,,,,,,,,,,,,,,,,,,,,,,,,,,,,,,,,,,,,,,,,,,,,,,,,,,,,,,,,,,,,,,,,,,,,,,,,,,,,,,,,,,,,,,,,,,,,,,,
341,Xavier Weaver,4428811,ARI,3.46,2025,"['RB/WR', 'WR', 'WR/TE', 'RB/WR/TE', 'OP', 'BE', 'IR']",,,,,,,,,,,,,,,,,,,,,,,,,,,,,,,,,,,,,,,,,,,,,,1.0,,,,,,,,,,,,,,,,,,,,,,,,,,,,,,,18.55508717,0.113346262,0.005509868,0.014317349,0.009356387,3.0,1.0,1.307651078,0.008043235,0.000249,2.168865453,14.18963169,0.005509868,0.000106,,0.024196421,0.024196421,,0.013549996,0.013549996,0.013549996,,0.788452375,,,,,,,,,,,,,,,,,,,,,,,,,,,,,,,,,
342,Jarrett Stidham,3892775,DEN,1.75,2025,"['QB', 'OP', 'BE', 'IR']",,,,,,,,,,,,,,,,,,,,,,,,,,,,,,,,,,,,,,,,,,,,,,,,,,,,,,,,,,,,,,,,,,,,,,,,,,,,,,,,,,,,,,,,,,,,,,,,,,,,,,,,,,,,,,,,,,,,,,,,,,,,,,,,,,,,
343,Braxton Berrios,3123075,HOU,1.78,2025,"['RB/WR', 'WR', 'WR/TE', 'RB/WR/TE', 'OP', 'BE', 'IR']",,,,,,,,,,,,,,,,,,,,,,,,,,,,,,,,,,,,,,,,,,,,,,,,,,,,,,,,,,,,,,,,,,,,,,,,,,,,,,,,,,,,,,,,,,,,,,,,,,,,,,,,,,,,,,,,,,,,,,,,,,,,,,,,,,,,
344,Kyle Allen,3115293,DET,1.45,2025,"['QB', 'OP', 'BE', 'IR']",,,,,,,,,,,,,,,,,,,,,,,,,,,,,,,,,,,,,,,,,,,,,,,,,,,,,,,,,,,,,,,,,,,,,,,,,,,,,,,,,,,,,,,,,,,,,,,,,,,,,,,,,,,,,,,,,,,,,,,,,,,,,,,,,,,,
345,LaJohntay Wester,4690143,BAL,0.44,2025,"['Rookie', 'RB/WR', 'WR', 'WR/TE', 'RB/WR/TE', 'OP', 'BE', 'IR']",,,,,,,,,,,,,,0.007613315,,,,,,,,,,,19.30630582,,,1.0,,,,,,,,,,,,,,,,,,1.0,,,,,,,,,,,,,,,,,,,,,,,,,,,,,,,,,,,,,,,,,,,,,,,,,,,,,,,,,,,,,,,,,,,,,,,,,,,,,,,,,,,,,,
346,Drew Lock,3924327,SEA,0.0,2025,"['QB', 'OP', 'BE', 'IR']",,,,,,,,,,,,,,,,,,,,,,,,,,,,,,,,,,,,,,,,,,,,,,,,,,,,,,,,,,,,,,,,,,,,,,,,,,,,,,,,,,,,,,,,,,,,,,,,,,,,,,,,,,,,,,,,,,,,,,,,,,,,,,,,,,,,
347,Shane Zylstra,4608362,DET,0.0,2025,"['WR/TE', 'TE', 'RB/WR/TE', 'OP', 'BE', 'IR']",,,,,,,,,,,,,,,,,,,,,,,,,,,,,,,,,,,,,,,,,,,,,,1.0,,,,,,,,,,,,,,,,,,,,,,,,,,,,,,,14.61022756,0.148283218,0.003260961,0.004716241,0.003082063,2.0,1.0,1.477149777,0.005586485,0.000173,2.22120745,9.890823389,0.003260961,7.91e-05,,0.017971492,0.017971492,,0.010064036,0.010064036,0.010064036,,0.732589227,,,,,,,,,,,,,,,,,,,,,,,,,,,,,,,,,
348,Sam Howell,4426875,PHI,0.07,2025,"['QB', 'OP', 'BE', 'IR']",,,,,,,,,,,,,,,,,,,,,,,,,,,,,,,,,,,,,,,,,,,,,,,,,,,,,,,,,,,,,,,,,,,,,,,,,,,,,,,,,,,,,,,,,,,,,,,,,,,,,,,,,,,,,,,,,,,,,,,,,,,,,,,,,,,,
349,John FitzPatrick,4379401,GB,0.0,2025,"['WR/TE', 'TE', 'RB/WR/TE', 'OP', 'BE', 'IR']",,,,,,,,,,,,,,,,,,,,,,,,,,,,,,,,,,,,,,,,,,,,,,,,,,,,,,,,,,,,,,,,,,,,,,,,,,,,,,,,,,,,,,,,,,,,,,,,,,,,,,,,,,,,,,,,,,,,,,,,,,,,,,,,,,,,
350,Aidan O'Connell,4260394,LV,0.0,2025,"['QB', 'OP', 'BE', 'IR']",,,,,,,,,,,,,,,,,,,,,,,,,,,,,,,,,,,,,,,,,,,,,,,,,,,,,,,,,,,,,,,,,,,,,,,,,,,,,,,,,,,,,,,,,,,,,,,,,,,,,,,,,,,,,,,,,,,,,,,,,,,,,,,,,,,,
351,Ja'Lynn Polk,4430637,NO,0.0,2025,"['RB/WR', 'WR', 'WR/TE', 'RB/WR/TE', 'OP', 'BE', 'IR']",,,,,,,,,,,,,,,,,,,,,,,,,,,,,,,,,,,,,,,,,,,,,,,,,,,,,,,,,,,,,,,,,,,,,,,,,,,,,,,,,,,,,,,,,,,,,,,,,,,,,,,,,,,,,,,,,,,,,,,,,,,,,,,,,,,,
352,Cordarrelle Patterson,15807,None,0.0,2025,"['RB', 'RB/WR', 'RB/WR/TE', 'OP', 'BE', 'IR']",,,,,,,,,,,,,,,,,,,,,,,,,,,,,,,,,,,,,,,,,,,,,,,,,,,,,,,,,,,,,,,,,,,,,,,,,,,,,,,,,,,,,,,,,,,,,,,,,,,,,,,,,,,,,,,,,,,,,,,,,,,,,,,,,,,,
353,Nyheim Hines,3916430,None,0.0,2025,"['RB', 'RB/WR', 'RB/WR/TE', 'OP', 'BE', 'IR']",,,,,,,,,,,,,,,,,,,,,,,,,,,,,,,,,,,,,,,,,,,,,,,,,,,,,,,,,,,,,,,,,,,,,,,,,,,,,,,,,,,,,,,,,,,,,,,,,,,,,,,,,,,,,,,,,,,,,,,,,,,,,,,,,,,,
354,Ryan Tannehill,14876,None,0.0,2025,"['QB', 'OP', 'BE', 'IR']",,,,,,,,,,,,,,,,,,,,,,,,,,,,,,,,,,,,,,,,,,,,,,,,,,,,,,,,,,,,,,,,,,,,,,,,,,,,,,,,,,,,,,,,,,,,,,,,,,,,,,,,,,,,,,,,,,,,,,,,,,,,,,,,,,,,
355,Mason Crosby,10636,None,0.0,2025,"['K', 'BE', 'IR']",,,,,,,,,,,,,,,,,,,,,,,,,,,,,,,,,,,,,,,,,,,,,,,,,,,,,,,,,,,,,,,,,,,,,,,,,,,,,,,,,,,,,,,,,,,,,,,,,,,,,,,,,,,,,,,,,,,,,,,,,,,,,,,,,,,,
356,Tyler Johnson,2310331,NYJ,67.63,2025,"['RB/WR', 'WR', 'WR/TE', 'RB/WR/TE', 'OP', 'BE', 'IR']",,,,,,,,,,,,,,,,,,,,,,,,,,,,,,,,,,,,,,,,,,,,,,1.0,,,,,,,,,,,,,,,,,,,,,,,,,,,,,,,7.796903316,0.036659729,0.004093639,0.002941669,0.001922381,1.0,,0.812942996,0.003129704,9.68e-05,1.328797888,9.590959452,0.004093639,5.29e-05,,0.012033981,0.012033981,,0.00673903,0.00673903,0.00673903,,0.347665253,,,,,,,,,,,,,,,,,,,,,,,,,,,,,,,,,
357,Ben DiNucci,3895785,None,0.0,2025,"['QB', 'OP', 'BE', 'IR']",,,,,,,,,,,,,,,,,,,,,,,,,,,,,,,,,,,,,,,,,,,,,,,,,,,,,,,,,,,,,,,,,,,,,,,,,,,,,,,,,,,,,,,,,,,,,,,,,,,,,,,,,,,,,,,,,,,,,,,,,,,,,,,,,,,,
358,Jermar Jefferson,4374033,None,0.0,2025,"['RB', 'RB/WR', 'RB/WR/TE', 'OP', 'BE', 'IR']",,,,,,,,,,,,,,,,,,,,,,,,,,,,,,,,,,,,,,,,,,,,,,,,,,,,,,,,,,,,,,,,,,,,,,,,,,,,,,,,,,,,,,,,,,,,,,,,,,,,,,,,,,,,,,,,,,,,,,,,,,,,,,,,,,,,
359,Brittain Brown,4036032,CHI,0.0,2025,"['RB', 'RB/WR', 'RB/WR/TE', 'OP', 'BE', 'IR']",,,,,,,,,,,,,,,,,,,,,,,,,,,,,,,,,,,,,,,,,,,,,,,,,,,,,,,,,,,,,,,,,,,,,,,,,,,,,,,,,,,,,,,,,,,,,,,,,,,,,,,,,,,,,,,,,,,,,,,,,,,,,,,,,,,,
360,Sincere McCormick,4430104,None,0.0,2025,"['RB', 'RB/WR', 'RB/WR/TE', 'OP', 'BE', 'IR']",,,,,,,,,,,,,,,,,,,,,,,,,,,,,,,,,,,,,,,,,,,,,,,,,,,,,,,,,,,,,,,,,,,,,,,,,,,,,,,,,,,,,,,,,,,,,,,,,,,,,,,,,,,,,,,,,,,,,,,,,,,,,,,,,,,,
361,Foster Moreau,3843945,NO,49.44,2025,"['WR/TE', 'TE', 'RB/WR/TE', 'OP', 'BE', 'IR']",,,,,,,,,,,,,,,,,,,,,,,,,,,,,,,,,,,,,,,,,,,,,,,,,,,,,,,,,,,,,,,,,,,,,,,,,,,,,,,,,,,,,,,,,,,,,,,,,,,,,,,,,,,,,,,,,,,,,,,,,,,,,,,,,,,,
362,Johnny Mundt,3052096,JAX,21.36,2025,"['WR/TE', 'TE', 'RB/WR/TE', 'OP', 'BE', 'IR']",,,,,,,,,,,,,,,,,,,,,,,,,,,,,,,,,,,,,,,,,,,,,,1.0,,,,,,,,,,,,,,,,,,,,,,,,,,,,,,,2.145505834,0.015131126,0.000775078,0.005444997,0.003558306,,,0.210495431,0.001145038,3.54e-05,0.315632548,10.19264801,0.000775078,9.01e-06,,0.002048766,0.002048766,,0.001147309,0.001147309,0.001147309,,0.045700828,,,,,,,,,,,,,,,,,,,,,,,,,,,,,,,,,
363,Jordan Watkins,4431466,SF,7.62,2025,"['Rookie', 'RB/WR', 'WR', 'WR/TE', 'RB/WR/TE', 'OP', 'BE', 'IR']",,,,,,,,,,,,,,,,,,,,,,,,,,,,,,,,,,,,,,,,,,,,,,,,,,,,,,,,,,,,,,,,,,,,,,,,,,,,,,,,,,,,,,,,,,,,,,,,,,,,,,,,,,,,,,,,,,,,,,,,,,,,,,,,,,,,
364,Drew Sample,3127310,CIN,14.55,2025,"['WR/TE', 'TE', 'RB/WR/TE', 'OP', 'BE', 'IR']",,,,,,,,,,,,,,,,,,,,,,,,,,,,,,,,,,,,,,,,,,,,,,1.0,,,,,,,,,,,,,,,,,,,,,,,,,,,,,,,6.830972416,0.058933643,0.002593791,0.004588288,0.002998446,1.0,,0.784191007,0.002842518,8.79e-05,1.045108746,8.710852786,0.002593791,4.36e-05,,0.009905599,0.009905599,,0.005547135,0.005547135,0.005547135,,0.323583292,,,,,,,,,,,,,,,,,,,,,,,,,,,,,,,,,
365,Payne Durham,4372505,TB,16.17,2025,"['WR/TE', 'TE', 'RB/WR/TE', 'OP', 'BE', 'IR']",,,,,,,,,,,,,,,,,,,,,,,,,,,,,,,,,,,,,,,,,,,,,,1.0,,,,,,,,,,,,,,,,,,,,,,,,,,,,,,,2.01633389,0.015541151,0.001590821,0.005203518,0.003400499,,,0.216410641,0.001084906,3.36e-05,0.299719699,9.317166086,0.001590821,1.16e-05,,0.002632923,0.002632923,,0.001474437,0.001474437,0.001474437,,0.04365471,,,,,,,,,,,,,,,,,,,,,,,,,,,,,,,,,
366,Brevyn Spann-Ford,4360967,DAL,9.98,2025,"['WR/TE', 'TE', 'RB/WR/TE', 'OP', 'BE', 'IR']",,,,,,,,,,,,,,,,,,,,,,,,,,,,,,,,,,,,,,,,,,,,,,1.0,,,,,,,,,,,,,,,,,,,,,,,,,,,,,,,4.96325351,0.046831507,0.001834322,0.008890498,0.00580994,,,0.476645649,0.00225152,6.96e-05,0.651901509,10.41287909,0.001834322,2.55e-05,,0.005799028,0.005799028,,0.003247456,0.003247456,0.003247456,,0.197030449,,,,,,,,,,,,,,,,,,,,,,,,,,,,,,,,,
367,Ian Thomas,4045305,LV,9.07,2025,"['WR/TE', 'TE', 'RB/WR/TE', 'OP', 'BE', 'IR']",,,,,,,,,,,,,,,,,,,,,,,,,,,,,,,,,,,,,,,,,,,,,,1.0,,,,,,,,,,,,,,,,,,,,,,,,,,,,,,,14.18325169,0.086210844,0.004673833,0.00676716,0.004422339,2.0,1.0,1.454227052,0.005381566,0.000166,1.985227322,9.753120511,0.004673833,6.23e-05,,0.014154085,0.014154085,,0.007926288,0.007926288,0.007926288,,0.690207701,,,,,,,,,,,,,,,,,,,,,,,,,,,,,,,,,
368,Blake Whiteheart,4362018,CLE,8.13,2025,"['WR/TE', 'TE', 'RB/WR/TE', 'OP', 'BE', 'IR']",,,,,,,,,,,,,,,,,,,,,,,,,,,,,,,,,,,,,,,,,,,,,,1.0,,,,,,,,,,,,,,,,,,,,,,,,,,,,,,,9.703928253,0.057374834,0.004463915,0.004411542,0.002882942,1.0,,1.017328297,0.00370127,0.000114,1.498174491,9.538639871,0.004463915,5.45e-05,,0.012377152,0.012377152,,0.006931205,0.006931205,0.006931205,,0.455310401,,,,,,,,,,,,,,,,,,,,,,,,,,,,,,,,,
369,Durham Smythe,3052897,CHI,8.24,2025,"['WR/TE', 'TE', 'RB/WR/TE', 'OP', 'BE', 'IR']",,,,,,,,,,,,,,,,,,,,,,,,,,,,,,,,,,,,,,,,,,,,,,1.0,,,,,,,,,,,,,,,,,,,,,,,,,,,,,,,1.801603495,0.016497167,0.000896012,0.003270081,0.002136998,,,0.210773595,0.000982697,3.04e-05,0.298761747,8.547576824,0.000896012,7.9e-06,,0.001795039,0.001795039,,0.001005222,0.001005222,0.001005222,,0.036839349,,,,,,,,,,,,,,,,,,,,,,,,,,,,,,,,,
370,Patrick Ricard,2975417,BAL,6.28,2025,"['RB', 'RB/WR', 'RB/WR/TE', 'OP', 'BE', 'IR']",,,,,,,,,,,,,,,,,,,,,,,,,,,,,,,,,,,,,,,,,,,,,,,,,,,,,,,,,,,,,,,,,,,,,,,,,,,,,,,,,,,,,,,,,,,,,,,,,,,,,,,,,,,,,,,,,,,,,,,,,,,,,,,,,,,,
371,Dee Eskridge,4043016,MIA,5.17,2025,"['RB/WR', 'WR', 'WR/TE', 'RB/WR/TE', 'OP', 'BE', 'IR']",,,,,,,,,,,,,,,,,,,,,,,,,,,,,,,,,,,,,,,,,,,,,,,,,,,,,,,,,,,,,,,,,,,,,,,,,,,,,,,,,,,,,,,,,,,,,,,,,,,,,,,,,,,,,,,,,,,,,,,,,,,,,,,,,,,,
372,Malik Heath,4689334,ATL,3.37,2025,"['RB/WR', 'WR', 'WR/TE', 'RB/WR/TE', 'OP', 'BE', 'IR']",,,,,,,,,,,,,,,,,,,,,,,,,,,,,,,,,,,,,,,,,,,,,,,,,,,,,,,,,,,,,,,,,,,,,,,,,,,,,,,,,,,,,,,,,,,,,,,,,,,,,,,,,,,,,,,,,,,,,,,,,,,,,,,,,,,,
373,Beaux Collins,4431210,NYG,3.25,2025,"['Rookie', 'RB/WR', 'WR', 'WR/TE', 'RB/WR/TE', 'OP', 'BE', 'IR']",,,,,,,,,,,,,,,,,,,,,,,,,,,,,,,,,,,,,,,,,,,,,,,,,,,,,,,,,,,,,,,,,,,,,,,,,,,,,,,,,,,,,,,,,,,,,,,,,,,,,,,,,,,,,,,,,,,,,,,,,,,,,,,,,,,,
374,Cody White,4241983,SEA,4.6,2025,"['RB/WR', 'WR', 'WR/TE', 'RB/WR/TE', 'OP', 'BE', 'IR']",,,,,,,,,,,,,0.002195473,,,,,,,,,,,7.973033554,,,,,,,,,,,,,,,,,,,,,,1.0,,,,,,,,,,,,,,,,,,,,,,,,,,,,,,,,,,,,,,,,,,,,,,,,,,,,,,,,,,,,,,,,,,,,,,,,,,,,,,,,,,,,,,
375,Rondale Moore,4372485,MIN,0.0,2025,"['RB/WR', 'WR', 'WR/TE', 'RB/WR/TE', 'OP', 'BE', 'IR']",,,,,,,,,,,,,,,,,,,,,,,,,,,,,,,,,,,,,,,,,,,,,,,,,,,,,,,,,,,,,,,,,,,,,,,,,,,,,,,,,,,,,,,,,,,,,,,,,,,,,,,,,,,,,,,,,,,,,,,,,,,,,,,,,,,,
376,Sione Vaki,4912274,DET,0.0,2025,"['RB', 'RB/WR', 'RB/WR/TE', 'OP', 'BE', 'IR']",,,,,,,,,,,,,,,,,,,,,,,,,,,,,,,,,,,,,,,,,,,,,,,,,,,,,,,,,,,,,,,,,,,,,,,,,,,,,,,,,,,,,,,,,,,,,,,,,,,,,,,,,,,,,,,,,,,,,,,,,,,,,,,,,,,,
377,Colson Yankoff,4361088,WSH,0.0,2025,"['WR/TE', 'TE', 'RB/WR/TE', 'OP', 'BE', 'IR']",,,,,,,,,,,,,,,,,,,,,,,,,,,,,,,,,,,,,,,,,,,,,,1.0,,,,,,,,,,,,,,,,,,,,,,,,,,,,,,,4.442769879,0.025088712,,0.006577749,0.004298559,,,0.431952749,0.002071521,6.41e-05,0.625926538,10.28531453,,2.31e-05,,0.00525528,0.00525528,,0.002942957,0.002942957,0.002942957,,0.163599598,,,,,,,,,,,,,,,,,,,,,,,,,,,,,,,,,
378,Anthony Firkser,3049698,DET,0.0,2025,"['WR/TE', 'TE', 'RB/WR/TE', 'OP', 'BE', 'IR']",,,,,,,,,,,,,,,,,,,,,,,,,,,,,,,,,,,,,,,,,,,,,,1.0,,,,,,,,,,,,,,,,,,,,,,,,,,,,,,,8.332179901,0.06974765,0.001533851,0.004675754,0.003055606,1.0,,0.858384415,0.003287802,0.000102,1.2692614,9.706816386,0.001533851,6.7e-05,,0.015221786,0.015221786,,0.0085242,0.0085242,0.0085242,,0.386313847,,,,,,,,,,,,,,,,,,,,,,,,,,,,,,,,,
379,Nathan Peterman,2972236,None,0.0,2025,"['QB', 'OP', 'BE', 'IR']",,,,,,,,,,,,,,,,,,,,,,,,,,,,,,,,,,,,,,,,,,,,,,,,,,,,,,,,,,,,,,,,,,,,,,,,,,,,,,,,,,,,,,,,,,,,,,,,,,,,,,,,,,,,,,,,,,,,,,,,,,,,,,,,,,,,
380,Mecole Hardman Jr.,4035004,BUF,0.0,2025,"['RB/WR', 'WR', 'WR/TE', 'RB/WR/TE', 'OP', 'BE', 'IR']",,,,,,,,,,,,,,,,,,,,,,,,,,,,,,,,,,,,,,,,,,,,,,,,,,,,,,,,,,,,,,,,,,,,,,,,,,,,,,,,,,,,,,,,,,,,,,,,,,,,,,,,,,,,,,,,,,,,,,,,,,,,,,,,,,,,
381,Adam Prentice,3929914,DEN,0.0,2025,"['RB', 'RB/WR', 'RB/WR/TE', 'OP', 'BE', 'IR']",,,,,,,,,,,,,,,,,,,,,,,,,,,,,,,,,,,,,,,,,,,,,,1.0,,,,,,,,,,,,,,,,,,,,,,0.73372781,2.845700118,0.020116856,0.001402095,0.001354719,0.000948303,0.000334,1.14e-05,3.878413875,3.716942175,0.014192648,0.001009438,0.002296288,0.001500624,,,0.537861715,0.001804562,5.58e-05,0.683581,6.910590718,0.002411533,4.87e-05,0.006385456,0.00468088,0.011066336,0.00293731,0.002621293,0.005558603,0.005558603,0.277541183,0.163268692,,,,,,,,,,,,,,,,,,,,,,,,,,,,,,,,,
382,Hendon Hooker,4240858,NYJ,0.0,2025,"['QB', 'OP', 'BE', 'IR']",,,,,,,,,,,,,,,,,,,,,,,,,,,,,,,,,,,,,,,,,,,,,,,,,,,,,,,,,,,,,,,,,,,,,,,,,,,,,,,,,,,,,,,,,,,,,,,,,,,,,,,,,,,,,,,,,,,,,,,,,,,,,,,,,,,,
383,Josh Whyle,4360086,GB,0.0,2025,"['WR/TE', 'TE', 'RB/WR/TE', 'OP', 'BE', 'IR']",,,,,,,,,,,,,,,,,,,,,,,,,,,,,,,,,,,,,,,,,,,,,,1.0,,,,,,,,,,,,,,,,,,,,,,,,,,,,,,,9.836547275,0.092461113,0.00323481,0.007754883,0.005067816,1.0,,0.940816354,0.003742498,0.000116,1.334084115,10.45533193,0.00323481,5.04e-05,,0.011446283,0.011446283,,0.006409918,0.006409918,0.006409918,,0.455875245,,,,,,,,,,,,,,,,,,,,,,,,,,,,,,,,,
384,Kyle McCord,4433971,GB,0.0,2025,"['Rookie', 'QB', 'OP', 'BE', 'IR']",,,,,,,,,,,,,,,,,,,,,,,,,,,,,,,,,,,,,,,,,,,,,,,,,,,,,,,,,,,,,,,,,,,,,,,,,,,,,,,,,,,,,,,,,,,,,,,,,,,,,,,,,,,,,,,,,,,,,,,,,,,,,,,,,,,,
385,Corey Kiner,4431431,ARI,0.0,2025,"['Rookie', 'RB', 'RB/WR', 'RB/WR/TE', 'OP', 'BE', 'IR']",,,,,,,,,,,,,,,,,,,,,,,,,,,,,,,,,,,,,,,,,,,,,,1.0,,,,,,,,,,,,,,,,,,,,,,4.960992931,25.61739841,0.146290952,0.012643845,0.009515452,0.006660817,0.0286,0.000976,5.163764344,2.353756176,0.011940664,0.000580447,0.004513663,0.002949679,,,0.282564628,0.001239915,3.83e-05,0.361477576,8.3299746,0.013224292,0.000201,0.043174322,0.002459092,0.045633414,0.019860188,0.001377091,0.021237279,0.021237279,1.397317722,0.066565873,5.0,2.0,1.0,1.0,,,,,,,,,,,,,,,,,,,,,,,,,,,,,
386,Caden Davis,4570688,None,0.0,2025,"['Rookie', 'K', 'BE', 'IR']",,,,,,,,,,,,,,,,,,,,,,,,,,,,,,,,,,,,,,,,,,,,,,,,,,,,,,,,,,,,,,,,,,,,,,,,,,,,,,,,,,,,,,,,,,,,,,,,,,,,,,,,,,,,,,,,,,,,,,,,,,,,,,,,,,,,
387,Theo Wease Jr.,4426535,MIA,0.0,2025,"['Rookie', 'RB/WR', 'WR', 'WR/TE', 'RB/WR/TE', 'OP', 'BE', 'IR']",,,,,,,,,,,,,,,,,,,,,,,,,,,,,,,,,,,,,,,,,,,,,,1.0,,,,,,,,,,,,,,,,,,,,,,,,,,,,,,,8.134323808,0.046563699,0.002591667,0.007450699,0.004869032,1.0,,0.671122037,0.003229313,9.99e-05,1.113527726,12.12048385,0.002591667,5.46e-05,,0.01241826,0.01241826,,0.006954226,0.006954226,0.006954226,,0.328694202,,,,,,,,,,,,,,,,,,,,,,,,,,,,,,,,,
388,Xavier Gipson,4427278,NYG,4.15,2025,"['RB/WR', 'WR', 'WR/TE', 'RB/WR/TE', 'OP', 'BE', 'IR']",,,,,,,,,,,,,,,,,,,,,,,,,,,,,,,,,,,,,,,,,,,,,,,,,,,,,,,,,,,,,,,,,,,,,,,,,,,,,,,,,,,,,,,,,,,,,,,,,,,,,,,,,,,,,,,,,,,,,,,,,,,,,,,,,,,,
389,Trey Palmer,4426407,NO,10.97,2025,"['RB/WR', 'WR', 'WR/TE', 'RB/WR/TE', 'OP', 'BE', 'IR']",,,,,,,,,,,,,,,,,,,,,,,,,,,,,,,,,,,,,,,,,,,,,,,,,,,,,,,,,,,,,,,,,,,,,,,,,,,,,,,,,,,,,,,,,,,,,,,,,,,,,,,,,,,,,,,,,,,,,,,,,,,,,,,,,,,,
390,Tanner Conner,4047422,NYG,13.12,2025,"['WR/TE', 'TE', 'RB/WR/TE', 'OP', 'BE', 'IR']",,,,,,,,,,,,,,,,,,,,,,,,,,,,,,,,,,,,,,,,,,,,,,,,,,,,,,,,,,,,,,,,,,,,,,,,,,,,,,,,,,,,,,,,,,,,,,,,,,,,,,,,,,,,,,,,,,,,,,,,,,,,,,,,,,,,
391,Nathan Carter,4605841,ATL,8.33,2025,"['Rookie', 'RB', 'RB/WR', 'RB/WR/TE', 'OP', 'BE', 'IR']",,,,,,,,,,,,,,,,,,,,,,,,,,,,,,,,,,,,,,,,,,,,,,,,,,,,,,,,,,,,,,,,,,,,,,,,,,,,,,,,,,,,,,,,,,,,,,,,,,,,,,,,,,,,,,,,,,,,,,,,,,,,,,,,,,,,
392,Trent Sherfield Sr.,3122168,None,7.96,2025,"['RB/WR', 'WR', 'WR/TE', 'RB/WR/TE', 'OP', 'BE', 'IR']",,,,,,,,,,,,,,,,,,,,,,,,,,,,,,,,,,,,,,,,,,,,,,,,,,,,,,,,,,,,,,,,,,,,,,,,,,,,,,,,,,,,,,,,,,,,,,,,,,,,,,,,,,,,,,,,,,,,,,,,,,,,,,,,,,,,
393,Eric Saubert,2975863,SEA,10.24,2025,"['WR/TE', 'TE', 'RB/WR/TE', 'OP', 'BE', 'IR']",,,,,,,,,,,,,,,,,,,,,,,,,,,,,,,,,,,,,,,,,,,,,,1.0,,,,,,,,,,,,,,,,,,,,,,,,,,,,,,,6.886891592,0.059072913,0.002388701,0.009214966,0.00602198,1.0,,0.635936481,0.002859327,8.84e-05,0.896909559,10.82952748,0.002388701,3.4e-05,,0.007737013,0.007737013,,0.004332727,0.004332727,0.004332727,,0.291390178,,,,,,,,,,,,,,,,,,,,,,,,,,,,,,,,,
394,Gage Larvadain,4877203,CLE,7.48,2025,"['Rookie', 'RB/WR', 'WR', 'WR/TE', 'RB/WR/TE', 'OP', 'BE', 'IR']",,,,,,,,,,,,,,0.008994983,,,,,,,,,,,13.48912347,,,1.0,,,,,,,,,,,,,,,,,,1.0,,,,,,,,,,,,,,,,,,,,,,,,,,,,,,,1.998199576,0.00912433,0.000709897,0.005008151,0.003272826,,,0.183464499,0.001076384,3.33e-05,0.299634898,10.8914781,0.000709897,1.49e-05,,0.003394777,0.003394777,,0.001901075,0.001901075,0.001901075,,0.033021186,,,,,,,,,,,,,,,,,,,,,,,,,,,,,,,,,
395,DeAndre Carter,2580216,CLE,10.28,2025,"['RB/WR', 'WR', 'WR/TE', 'RB/WR/TE', 'OP', 'BE', 'IR']",,,,,,,,,,,,,,,,,,,,,,,,,,,,,,,,,,,,,,,,,,,,,,,,,,,,,,,,,,,,,,,,,,,,,,,,,,,,,,,,,,,,,,,,,,,,,,,,,,,,,,,,,,,,,,,,,,,,,,,,,,,,,,,,,,,,
396,Tanner Hudson,3050481,CIN,4.04,2025,"['WR/TE', 'TE', 'RB/WR/TE', 'OP', 'BE', 'IR']",,,,,,,,,,,,,,,,,,,,,,,,,,,,,,,,,,,,,,,,,,,,,,1.0,,,,,,,,,,,,,,,,,,,,,,,,,,,,,,,9.138337992,0.078438172,0.003452226,0.004655167,0.003042151,1.0,,1.060484182,0.003528405,0.000109,1.393478328,8.617137479,0.003452226,5.61e-05,,0.012759655,0.012759655,,0.007145407,0.007145407,0.007145407,,0.458163417,,,,,,,,,,,,,,,,,,,,,,,,,,,,,,,,,
397,Connor Heyward,4241961,PIT,3.62,2025,"['WR/TE', 'TE', 'RB/WR/TE', 'OP', 'BE', 'IR']",,,,,,,,,,,,,,,,,,,,,,,,,,,,,,,,,,,,,,,,,,,,,,1.0,,,,,,,,,,,,,,,,,,,,,,1.324313266,4.957275043,0.100966103,0.00277057,0.002458413,0.001720889,0.00104,3.55e-05,3.743279758,,,,,,,,,,,,,0.00277057,5.67e-05,0.012889626,,0.012889626,0.005929228,,0.005929228,0.005929228,0.444992397,,,,,,,,,,,,,,,,,,,,,,,,,,,,,,,,,,
398,Drew Ogletree,4722908,IND,3.46,2025,"['WR/TE', 'TE', 'RB/WR/TE', 'OP', 'BE', 'IR']",,,,,,,,,,,,,,,,,,,,,,,,,,,,,,,,,,,,,,,,,,,,,,,,,,,,,,,,,,,,,,,,,,,,,,,,,,,,,,,,,,,,,,,,,,,,,,,,,,,,,,,,,,,,,,,,,,,,,,,,,,,,,,,,,,,,
399,Ashton Dulin,4061956,IND,3.16,2025,"['RB/WR', 'WR', 'WR/TE', 'RB/WR/TE', 'OP', 'BE', 'IR']",,,,,,,,,,,,,,,,,,,,,,,,,,,,,,,,,,,,,,,,,,,,,,,,,,,,,,,,,,,,,,,,,,,,,,,,,,,,,,,,,,,,,,,,,,,,,,,,,,,,,,,,,,,,,,,,,,,,,,,,,,,,,,,,,,,,
400,Robbie Ouzts,4691688,SEA,3.43,2025,"['RB', 'RB/WR', 'RB/WR/TE', 'OP', 'BE', 'IR']",,,,,,,,,,,,,,,,,,,,,,,,,,,,,,,,,,,,,,,,,,,,,,,,,,,,,,,,,,,,,,,,,,,,,,,,,,,,,,,,,,,,,,,,,,,,,,,,,,,,,,,,,,,,,,,,,,,,,,,,,,,,,,,,,,,,
401,Nick Mullens,3059989,JAX,1.54,2025,"['QB', 'OP', 'BE', 'IR']",,,,,,,,,,,,,,,,,,,,,,,,,,,,,,,,,,,,,,,,,,,,,,,,,,,,,,,,,,,,,,,,,,,,,,,,,,,,,,,,,,,,,,,,,,,,,,,,,,,,,,,,,,,,,,,,,,,,,,,,,,,,,,,,,,,,
402,Case Keenum,15168,CHI,0.0,2025,"['QB', 'OP', 'BE', 'IR']",,,,,,,,,,,,,,,,,,,,,,,,,,,,,,,,,,,,,,,,,,,,,,,,,,,,,,,,,,,,,,,,,,,,,,,,,,,,,,,,,,,,,,,,,,,,,,,,,,,,,,,,,,,,,,,,,,,,,,,,,,,,,,,,,,,,
403,Andrew Beck,3125107,NYJ,0.0,2025,"['RB', 'RB/WR', 'RB/WR/TE', 'OP', 'BE', 'IR']",,,,,,,,,,,,,,,,,,,,,,,,,,,,,,,,,,,,,,,,,,,,,,1.0,,,,,,,,,,,,,,,,,,,,,,,,,,,,,,,4.35579306,0.029046512,0.003243503,0.002095428,0.001369362,,,0.743425181,0.002040569,6.31e-05,0.996598416,5.859087333,0.003243503,2.85e-05,,0.00646985,0.00646985,,0.003623116,0.003623116,0.003623116,,0.233814363,,,,,,,,,,,,,,,,,,,,,,,,,,,,,,,,,
404,Eric Gray,4570561,NYG,0.0,2025,"['RB', 'RB/WR', 'RB/WR/TE', 'OP', 'BE', 'IR']",,,,,,,,,,,,,,,,,,,,,,,,,,,,,,,,,,,,,,,,,,,,,,,,,,,,,,,,,,,,,,,,,,,,,,,,,,,,,,,,,,,,,,,,,,,,,,,,,,,,,,,,,,,,,,,,,,,,,,,,,,,,,,,,,,,,
405,Bub Means,4427985,NO,0.0,2025,"['RB/WR', 'WR', 'WR/TE', 'RB/WR/TE', 'OP', 'BE', 'IR']",,,,,,,,,,,,,,,,,,,,,,,,,,,,,,,,,,,,,,,,,,,,,,,,,,,,,,,,,,,,,,,,,,,,,,,,,,,,,,,,,,,,,,,,,,,,,,,,,,,,,,,,,,,,,,,,,,,,,,,,,,,,,,,,,,,,
406,Casey Washington,4428796,ATL,29.17,2025,"['RB/WR', 'WR', 'WR/TE', 'RB/WR/TE', 'OP', 'BE', 'IR']",,,,,,,,,,,,,,,,,,,,,,,,,,,,,,,,,,,,,,,,,,,,,,,,,,,,,,,,,,,,,,,,,,,,,,,,,,,,,,,,,,,,,,,,,,,,,,,,,,,,,,,,,,,,,,,,,,,,,,,,,,,,,,,,,,,,
407,Jacob Cowing,4575665,SF,0.0,2025,"['RB/WR', 'WR', 'WR/TE', 'RB/WR/TE', 'OP', 'BE', 'IR']",,,,,,,,,,,,,,,,,,,,,,,,,,,,,,,,,,,,,,,,,,,,,,,,,,,,,,,,,,,,,,,,,,,,,,,,,,,,,,,,,,,,,,,,,,,,,,,,,,,,,,,,,,,,,,,,,,,,,,,,,,,,,,,,,,,,
408,Johnny Wilson,4686104,PHI,0.0,2025,"['RB/WR', 'WR', 'WR/TE', 'RB/WR/TE', 'OP', 'BE', 'IR']",,,,,,,,,,,,,,,,,,,,,,,,,,,,,,,,,,,,,,,,,,,,,,,,,,,,,,,,,,,,,,,,,,,,,,,,,,,,,,,,,,,,,,,,,,,,,,,,,,,,,,,,,,,,,,,,,,,,,,,,,,,,,,,,,,,,
409,Brycen Tremayne,4360763,CAR,9.42,2025,"['RB/WR', 'WR', 'WR/TE', 'RB/WR/TE', 'OP', 'BE', 'IR']",,,,,,,,,,,,,,,,,,,,,,,,,,,,,,,,,,,,,,,,,,,,,,,,,,,,,,,,,,,,,,,,,,,,,,,,,,,,,,,,,,,,,,,,,,,,,,,,,,,,,,,,,,,,,,,,,,,,,,,,,,,,,,,,,,,,
410,Gavin Bartholomew,4708049,MIN,3.95,2025,"['Rookie', 'WR/TE', 'TE', 'RB/WR/TE', 'OP', 'BE', 'IR']",,,,,,,,,,,,,,,,,,,,,,,,,,,,,,,,,,,,,,,,,,,,,,,,,,,,,,,,,,,,,,,,,,,,,,,,,,,,,,,,,,,,,,,,,,,,,,,,,,,,,,,,,,,,,,,,,,,,,,,,,,,,,,,,,,,,
411,Dominic Lovett,4596439,DET,0.0,2025,"['Rookie', 'RB/WR', 'WR', 'WR/TE', 'RB/WR/TE', 'OP', 'BE', 'IR']",,,,,,,,,,,,,,,,,,,,,,,,,,,,,,,,,,,,,,,,,,,,,,,,,,,,,,,,,,,,,,,,,,,,,,,,,,,,,,,,,,,,,,,,,,,,,,,,,,,,,,,,,,,,,,,,,,,,,,,,,,,,,,,,,,,,
412,Matthew Slater,11387,NE,0.0,2025,"['RB/WR', 'WR', 'WR/TE', 'RB/WR/TE', 'OP', 'BE', 'IR']",,,,,,,,,,,,,,,,,,,,,,,,,,,,,,,,,,,,,,,,,,,,,,,,,,,,,,,,,,,,,,,,,,,,,,,,,,,,,,,,,,,,,,,,,,,,,,,,,,,,,,,,,,,,,,,,,,,,,,,,,,,,,,,,,,,,
413,Cedrick Wilson Jr.,4036335,MIA,0.0,2025,"['RB/WR', 'WR', 'WR/TE', 'RB/WR/TE', 'OP', 'BE', 'IR']",,,,,,,,,,,,,,,,,,,,,,,,,,,,,,,,,,,,,,,,,,,,,,1.0,,,,,,,,,,,,,,,,,,,,,,,,,,,,,,,9.775064053,0.047325596,0.002634073,0.006279611,0.004103726,1.0,,0.874809561,0.003723348,0.000115,1.391909658,11.17393372,0.002634073,4.09e-05,,0.009294766,0.009294766,,0.005205069,0.005205069,0.005205069,,0.420678038,,,,,,,,,,,,,,,,,,,,,,,,,,,,,,,,,
414,Marcedes Lewis,9614,None,0.0,2025,"['WR/TE', 'TE', 'RB/WR/TE', 'OP', 'BE', 'IR']",,,,,,,,,,,,,,,,,,,,,,,,,,,,,,,,,,,,,,,,,,,,,,,,,,,,,,,,,,,,,,,,,,,,,,,,,,,,,,,,,,,,,,,,,,,,,,,,,,,,,,,,,,,,,,,,,,,,,,,,,,,,,,,,,,,,
415,Michael Gallup,4036348,None,0.0,2025,"['RB/WR', 'WR', 'WR/TE', 'RB/WR/TE', 'OP', 'BE', 'IR']",,,,,,,,,,,,,,,,,,,,,,,,,,,,,,,,,,,,,,,,,,,,,,,,,,,,,,,,,,,,,,,,,,,,,,,,,,,,,,,,,,,,,,,,,,,,,,,,,,,,,,,,,,,,,,,,,,,,,,,,,,,,,,,,,,,,
416,Equanimeous St. Brown,3932442,None,0.0,2025,"['RB/WR', 'WR', 'WR/TE', 'RB/WR/TE', 'OP', 'BE', 'IR']",,,,,,,,,,,,,,,,,,,,,,,,,,,,,,,,,,,,,,,,,,,,,,,,,,,,,,,,,,,,,,,,,,,,,,,,,,,,,,,,,,,,,,,,,,,,,,,,,,,,,,,,,,,,,,,,,,,,,,,,,,,,,,,,,,,,
417,Jamaal Williams,2980453,None,0.0,2025,"['RB', 'RB/WR', 'RB/WR/TE', 'OP', 'BE', 'IR']",,,,,,,,,,,,,,,,,,,,,,,,,,,,,,,,,,,,,,,,,,,,,,,,,,,,,,,,,,,,,,,,,,,,,,,,,,,,,,,,,,,,,,,,,,,,,,,,,,,,,,,,,,,,,,,,,,,,,,,,,,,,,,,,,,,,
418,Melvin Gordon III,2576434,None,0.0,2025,"['RB', 'RB/WR', 'RB/WR/TE', 'OP', 'BE', 'IR']",,,,,,,,,,,,,,,,,,,,,,,,,,,,,,,,,,,,,,,,,,,,,,,,,,,,,,,,,,,,,,,,,,,,,,,,,,,,,,,,,,,,,,,,,,,,,,,,,,,,,,,,,,,,,,,,,,,,,,,,,,,,,,,,,,,,
419,Robbie Chosen,2574808,None,0.0,2025,"['RB/WR', 'WR', 'WR/TE', 'RB/WR/TE', 'OP', 'BE', 'IR']",,,,,,,,,,,,,,,,,,,,,,,,,,,,,,,,,,,,,,,,,,,,,,,,,,,,,,,,,,,,,,,,,,,,,,,,,,,,,,,,,,,,,,,,,,,,,,,,,,,,,,,,,,,,,,,,,,,,,,,,,,,,,,,,,,,,
420,Randall Cobb,14053,None,0.0,2025,"['RB/WR', 'WR', 'WR/TE', 'RB/WR/TE', 'OP', 'BE', 'IR']",,,,,,,,,,,,,,,,,,,,,,,,,,,,,,,,,,,,,,,,,,,,,,,,,,,,,,,,,,,,,,,,,,,,,,,,,,,,,,,,,,,,,,,,,,,,,,,,,,,,,,,,,,,,,,,,,,,,,,,,,,,,,,,,,,,,
421,D'Ernest Johnson,3139602,NE,0.0,2025,"['RB', 'RB/WR', 'RB/WR/TE', 'OP', 'BE', 'IR']",,,,,,,,,,,,,,,,,,,,,,,,,,,,,,,,,,,,,,,,,,,,,,,,,,,,,,,,,,,,,,,,,,,,,,,,,,,,,,,,,,,,,,,,,,,,,,,,,,,,,,,,,,,,,,,,,,,,,,,,,,,,,,,,,,,,
422,Chase Claypool,4046692,None,0.0,2025,"['RB/WR', 'WR', 'WR/TE', 'RB/WR/TE', 'OP', 'BE', 'IR']",,,,,,,,,,,,,,,,,,,,,,,,,,,,,,,,,,,,,,,,,,,,,,,,,,,,,,,,,,,,,,,,,,,,,,,,,,,,,,,,,,,,,,,,,,,,,,,,,,,,,,,,,,,,,,,,,,,,,,,,,,,,,,,,,,,,
423,Deuce Vaughn,4431453,DEN,0.0,2025,"['RB', 'RB/WR', 'RB/WR/TE', 'OP', 'BE', 'IR']",,,,,,,,,,,,,,,,,,,,,,,,,,,,,,,,,,,,,,,,,,,,,,,,,,,,,,,,,,,,,,,,,,,,,,,,,,,,,,,,,,,,,,,,,,,,,,,,,,,,,,,,,,,,,,,,,,,,,,,,,,,,,,,,,,,,
424,Israel Abanikanda,4429202,DAL,0.0,2025,"['RB', 'RB/WR', 'RB/WR/TE', 'OP', 'BE', 'IR']",,,,,,,,,,,,,,,,,,,,,,,,,,,,,,,,,,,,,,,,,,,,,,,,,,,,,,,,,,,,,,,,,,,,,,,,,,,,,,,,,,,,,,,,,,,,,,,,,,,,,,,,,,,,,,,,,,,,,,,,,,,,,,,,,,,,
425,Ronnie Bell,4372063,NO,0.0,2025,"['RB/WR', 'WR', 'WR/TE', 'RB/WR/TE', 'OP', 'BE', 'IR']",,,,,,,,,,,,,,,,,,,,,,,,,,,,,,,,,,,,,,,,,,,,,,1.0,,,,,,,,,,,,,,,,,,,,,,,,,,,,,,,7.51813149,0.053304309,0.003297714,0.010091896,0.006595054,1.0,,0.616206178,0.003047318,9.42e-05,0.958073407,12.2006753,0.003297714,5.02e-05,,0.011402112,0.011402112,,0.006385183,0.006385183,0.006385183,,0.30194124,,,,,,,,,,,,,,,,,,,,,,,,,,,,,,,,,
426,Max Duggan,4427105,None,0.0,2025,"['QB', 'OP', 'BE', 'IR']",,,,,,,,,,,,,,,,,,,,,,,,,,,,,,,,,,,,,,,,,,,,,,,,,,,,,,,,,,,,,,,,,,,,,,,,,,,,,,,,,,,,,,,,,,,,,,,,,,,,,,,,,,,,,,,,,,,,,,,,,,,,,,,,,,,,
427,Lucky Jackson,3915802,None,0.0,2025,"['RB/WR', 'WR', 'WR/TE', 'RB/WR/TE', 'OP', 'BE', 'IR']",,,,,,,,,,,,,,,,,,,,,,,,,,,,,,,,,,,,,,,,,,,,,,,,,,,,,,,,,,,,,,,,,,,,,,,,,,,,,,,,,,,,,,,,,,,,,,,,,,,,,,,,,,,,,,,,,,,,,,,,,,,,,,,,,,,,
428,Jordan Travis,4360799,None,0.0,2025,"['QB', 'OP', 'BE', 'IR']",,,,,,,,,,,,,,,,,,,,,,,,,,,,,,,,,,,,,,,,,,,,,,,,,,,,,,,,,,,,,,,,,,,,,,,,,,,,,,,,,,,,,,,,,,,,,,,,,,,,,,,,,,,,,,,,,,,,,,,,,,,,,,,,,,,,
429,Frank Gore Jr.,4429805,BUF,0.0,2025,"['RB', 'RB/WR', 'RB/WR/TE', 'OP', 'BE', 'IR']",,,,,,,,,,,,,,,,,,,,,,,,,,,,,,,,,,,,,,,,,,,,,,,,,,,,,,,,,,,,,,,,,,,,,,,,,,,,,,,,,,,,,,,,,,,,,,,,,,,,,,,,,,,,,,,,,,,,,,,,,,,,,,,,,,,,
430,Donovan Edwards,4431536,MIA,0.0,2025,"['Rookie', 'RB', 'RB/WR', 'RB/WR/TE', 'OP', 'BE', 'IR']",,,,,,,,,,,,,,,,,,,,,,,,,,,,,,,,,,,,,,,,,,,,,,,,,,,,,,,,,,,,,,,,,,,,,,,,,,,,,,,,,,,,,,,,,,,,,,,,,,,,,,,,,,,,,,,,,,,,,,,,,,,,,,,,,,,,
431,Lucas Krull,4360231,DEN,13.37,2025,"['WR/TE', 'TE', 'RB/WR/TE', 'OP', 'BE', 'IR']",,,,,,,,,,,,,,,,,,,,,,,,,,,,,,,,,,,,,,,,,,,,,,,,,,,,,,,,,,,,,,,,,,,,,,,,,,,,,,,,,,,,,,,,,,,,,,,,,,,,,,,,,,,,,,,,,,,,,,,,,,,,,,,,,,,,
432,Tip Reiman,4696700,ARI,8.23,2025,"['WR/TE', 'TE', 'RB/WR/TE', 'OP', 'BE', 'IR']",,,,,,,,,,,,,,,,,,,,,,,,,,,,,,,,,,,,,,,,,,,,,,,,,,,,,,,,,,,,,,,,,,,,,,,,,,,,,,,,,,,,,,,,,,,,,,,,,,,,,,,,,,,,,,,,,,,,,,,,,,,,,,,,,,,,
433,David Martin-Robinson,4360978,TEN,8.23,2025,"['WR/TE', 'TE', 'RB/WR/TE', 'OP', 'BE', 'IR']",,,,,,,,,,,,,,,,,,,,,,,,,,,,,,,,,,,,,,,,,,,,,,,,,,,,,,,,,,,,,,,,,,,,,,,,,,,,,,,,,,,,,,,,,,,,,,,,,,,,,,,,,,,,,,,,,,,,,,,,,,,,,,,,,,,,
434,Jared Wiley,4430723,KC,0.0,2025,"['WR/TE', 'TE', 'RB/WR/TE', 'OP', 'BE', 'IR']",,,,,,,,,,,,,,,,,,,,,,,,,,,,,,,,,,,,,,,,,,,,,,,,,,,,,,,,,,,,,,,,,,,,,,,,,,,,,,,,,,,,,,,,,,,,,,,,,,,,,,,,,,,,,,,,,,,,,,,,,,,,,,,,,,,,
435,Nate Adkins,4383440,DEN,0.0,2025,"['WR/TE', 'TE', 'RB/WR/TE', 'OP', 'BE', 'IR']",,,,,,,,,,,,,,,,,,,,,,,,,,,,,,,,,,,,,,,,,,,,,,,,,,,,,,,,,,,,,,,,,,,,,,,,,,,,,,,,,,,,,,,,,,,,,,,,,,,,,,,,,,,,,,,,,,,,,,,,,,,,,,,,,,,,
436,Justin Watson,3118892,HOU,6.33,2025,"['RB/WR', 'WR', 'WR/TE', 'RB/WR/TE', 'OP', 'BE', 'IR']",,,,,,,,,,,,,,,,,,,,,,,,,,,,,,,,,,,,,,,,,,,,,,,,,,,,,,,,,,,,,,,,,,,,,,,,,,,,,,,,,,,,,,,,,,,,,,,,,,,,,,,,,,,,,,,,,,,,,,,,,,,,,,,,,,,,
437,Jack Westover,4361100,NE,3.6,2025,"['WR/TE', 'TE', 'RB/WR/TE', 'OP', 'BE', 'IR']",,,,,,,,,,,,,,,,,,,,,,,,,,,,,,,,,,,,,,,,,,,,,,,,,,,,,,,,,,,,,,,,,,,,,,,,,,,,,,,,,,,,,,,,,,,,,,,,,,,,,,,,,,,,,,,,,,,,,,,,,,,,,,,,,,,,
438,Feleipe Franks,4034948,ATL,3.58,2025,"['WR/TE', 'TE', 'RB/WR/TE', 'OP', 'BE', 'IR']",,,,,,,,,,,,,,,,,,,,,,,,,,,,,,,,,,,,,,,,,,,,,,,,,,,,,,,,,,,,,,,,,,,,,,,,,,,,,,,,,,,,,,,,,,,,,,,,,,,,,,,,,,,,,,,,,,,,,,,,,,,,,,,,,,,,
439,Chris Manhertz,2531358,NYG,3.57,2025,"['WR/TE', 'TE', 'RB/WR/TE', 'OP', 'BE', 'IR']",,,,,,,,,,,,,,,,,,,,,,,,,,,,,,,,,,,,,,,,,,,,,,1.0,,,,,,,,,,,,,,,,,,,,,,,,,,,,,,,8.437020227,0.095960066,0.004987858,0.004833996,0.003159016,1.0,,0.909551814,0.003318849,0.000103,1.275450037,9.276019346,0.004987858,4.87e-05,,0.011065908,0.011065908,,0.006196908,0.006196908,0.006196908,,0.411586335,,,,,,,,,,,,,,,,,,,,,,,,,,,,,,,,,
440,Stone Smartt,4250764,NYJ,3.11,2025,"['WR/TE', 'TE', 'RB/WR/TE', 'OP', 'BE', 'IR']",,,,,,,,,,,,,,,,,,,,,,,,,,,,,,,,,,,,,,,,,,,,,,1.0,,,,,,,,,,,,,,,,,,,,,,,,,,,,,,,15.58478198,0.073674477,0.008226922,0.002935304,0.001918221,3.0,1.0,1.832423421,0.006093923,0.000188,2.657595776,8.505011339,0.008226922,9.81e-05,,0.022293869,0.022293869,,0.012484566,0.012484566,0.012484566,,0.809933517,,,,,,,,,,,,,,,,,,,,,,,,,,,,,,,,,
441,Josh Williams,4568024,TB,1.71,2025,"['Rookie', 'RB', 'RB/WR', 'RB/WR/TE', 'OP', 'BE', 'IR']",,,,,,,,,,,,,,,,,,,,,,,,,,,,,,,,,,,,,,,,,,,,,,,,,,,,,,,,,,,,,,,,,,,,,,,,,,,,,,,,,,,,,,,,,,,,,,,,,,,,,,,,,,,,,,,,,,,,,,,,,,,,,,,,,,,,
442,Ryan Miller,4369466,NYG,9.99,2025,"['RB/WR', 'WR', 'WR/TE', 'RB/WR/TE', 'OP', 'BE', 'IR']",,,,,,,,,,,,,,,,,,,,,,,,,,,,,,,,,,,,,,,,,,,,,,,,,,,,,,,,,,,,,,,,,,,,,,,,,,,,,,,,,,,,,,,,,,,,,,,,,,,,,,,,,,,,,,,,,,,,,,,,,,,,,,,,,,,,
443,Brandon Allen,2574511,TEN,1.55,2025,"['QB', 'OP', 'BE', 'IR']",,,,,,,,,,,,,,,,,,,,,,,,,,,,,,,,,,,,,,,,,,,,,,,,,,,,,,,,,,,,,,,,,,,,,,,,,,,,,,,,,,,,,,,,,,,,,,,,,,,,,,,,,,,,,,,,,,,,,,,,,,,,,,,,,,,,
444,Velus Jones Jr.,4035693,SEA,0.7,2025,"['RB', 'RB/WR', 'RB/WR/TE', 'OP', 'BE', 'IR']",,,,,,,,,,,,,,,,,,,,,,,,,,,,,,,,,,,,,,,,,,,,,,,,,,,,,,,,,,,,,,,,,,,,,,,,,,,,,,,,,,,,,,,,,,,,,,,,,,,,,,,,,,,,,,,,,,,,,,,,,,,,,,,,,,,,
445,Michael Burton,2515270,DEN,0.0,2025,"['RB', 'RB/WR', 'RB/WR/TE', 'OP', 'BE', 'IR']",,,,,,,,,,,,,,,,,,,,,,,,,,,,,,,,,,,,,,,,,,,,,,,,,,,,,,,,,,,,,,,,,,,,,,,,,,,,,,,,,,,,,,,,,,,,,,,,,,,,,,,,,,,,,,,,,,,,,,,,,,,,,,,,,,,,
446,Reggie Gilliam,4039505,BUF,0.0,2025,"['RB', 'RB/WR', 'RB/WR/TE', 'OP', 'BE', 'IR']",,,,,,,,,,,,,,,,,,,,,,,,,,,,,,,,,,,,,,,,,,,,,,,,,,,,,,,,,,,,,,,,,,,,,,,,,,,,,,,,,,,,,,,,,,,,,,,,,,,,,,,,,,,,,,,,,,,,,,,,,,,,,,,,,,,,
447,Patrick Taylor Jr.,4039358,SF,0.0,2025,"['RB', 'RB/WR', 'RB/WR/TE', 'OP', 'BE', 'IR']",,,,,,,,,,,,,,,,,,,,,,,,,,,,,,,,,,,,,,,,,,,,,,,,,,,,,,,,,,,,,,,,,,,,,,,,,,,,,,,,,,,,,,,,,,,,,,,,,,,,,,,,,,,,,,,,,,,,,,,,,,,,,,,,,,,,
448,D.J. Montgomery,4249030,IND,0.0,2025,"['RB/WR', 'WR', 'WR/TE', 'RB/WR/TE', 'OP', 'BE', 'IR']",,,,,,,,,,,,,,,,,,,,,,,,,,,,,,,,,,,,,,,,,,,,,,,,,,,,,,,,,,,,,,,,,,,,,,,,,,,,,,,,,,,,,,,,,,,,,,,,,,,,,,,,,,,,,,,,,,,,,,,,,,,,,,,,,,,,
449,Ko Kieft,4034779,TB,0.0,2025,"['WR/TE', 'TE', 'RB/WR/TE', 'OP', 'BE', 'IR']",,,,,,,,,,,,,,,,,,,,,,,,,,,,,,,,,,,,,,,,,,,,,,,,,,,,,,,,,,,,,,,,,,,,,,,,,,,,,,,,,,,,,,,,,,,,,,,,,,,,,,,,,,,,,,,,,,,,,,,,,,,,,,,,,,,,
450,Skylar Thompson,4036419,PIT,0.0,2025,"['QB', 'OP', 'BE', 'IR']",,,,,,,,,,,,,,,,,,,,,,,,,,,,,,,,,,,,,,,,,,,,,,,,,,,,,,,,,,,,,,,,,,,,,,,,,,,,,,,,,,,,,,,,,,,,,,,,,,,,,,,,,,,,,,,,,,,,,,,,,,,,,,,,,,,,
451,Dareke Young,4401805,SEA,0.0,2025,"['RB/WR', 'WR', 'WR/TE', 'RB/WR/TE', 'OP', 'BE', 'IR']",,,,,,,,,,,,,,,,,,,,,,,,,,,,,,,,,,,,,,,,,,,,,,,,,,,,,,,,,,,,,,,,,,,,,,,,,,,,,,,,,,,,,,,,,,,,,,,,,,,,,,,,,,,,,,,,,,,,,,,,,,,,,,,,,,,,
452,Kenny McIntosh,4427391,SEA,0.0,2025,"['RB', 'RB/WR', 'RB/WR/TE', 'OP', 'BE', 'IR']",,,,,,,,,,,,,,,,,,,,,,,,,,,,,,,,,,,,,,,,,,,,,,,,,,,,,,,,,,,,,,,,,,,,,,,,,,,,,,,,,,,,,,,,,,,,,,,,,,,,,,,,,,,,,,,,,,,,,,,,,,,,,,,,,,,,
453,Jason Brownlee,4689988,KC,0.0,2025,"['RB/WR', 'WR', 'WR/TE', 'RB/WR/TE', 'OP', 'BE', 'IR']",,,,,,,,,,,,,,,,,,,,,,,,,,,,,,,,,,,,,,,,,,,,,,,,,,,,,,,,,,,,,,,,,,,,,,,,,,,,,,,,,,,,,,,,,,,,,,,,,,,,,,,,,,,,,,,,,,,,,,,,,,,,,,,,,,,,
454,Ben Sims,4373030,MIN,0.0,2025,"['WR/TE', 'TE', 'RB/WR/TE', 'OP', 'BE', 'IR']",,,,,,,,,,,,,,,,,,,,,,,,,,,,,,,,,,,,,,,,,,,,,,1.0,,,,,,,,,,,,,,,,,,,,,,,,,,,,,,,8.408494293,0.041367423,0.002560327,0.003210906,0.002098327,1.0,,0.961704269,0.003310397,0.000102,1.400818731,8.743326372,0.002560327,5.15e-05,,0.011700412,0.011700412,,0.006552231,0.006552231,0.006552231,,0.400363183,,,,,,,,,,,,,,,,,,,,,,,,,,,,,,,,,
455,Ben VanSumeren,4372070,PHI,0.0,2025,"['RB', 'RB/WR', 'RB/WR/TE', 'OP', 'BE', 'IR']",,,,,,,,,,,,,,,,,,,,,,,,,,,,,,,,,,,,,,,,,,,,,,,,,,,,,,,,,,,,,,,,,,,,,,,,,,,,,,,,,,,,,,,,,,,,,,,,,,,,,,,,,,,,,,,,,,,,,,,,,,,,,,,,,,,,
456,Brady Russell,4243176,SEA,0.0,2025,"['RB', 'RB/WR', 'RB/WR/TE', 'OP', 'BE', 'IR']",,,,,,,,,,,,,,,,,,,,,,,,,,,,,,,,,,,,,,,,,,,,,,,,,,,,,,,,,,,,,,,,,,,,,,,,,,,,,,,,,,,,,,,,,,,,,,,,,,,,,,,,,,,,,,,,,,,,,,,,,,,,,,,,,,,,
457,Erick All Jr.,4427834,CIN,0.0,2025,"['WR/TE', 'TE', 'RB/WR/TE', 'OP', 'BE', 'IR']",,,,,,,,,,,,,,,,,,,,,,,,,,,,,,,,,,,,,,,,,,,,,,,,,,,,,,,,,,,,,,,,,,,,,,,,,,,,,,,,,,,,,,,,,,,,,,,,,,,,,,,,,,,,,,,,,,,,,,,,,,,,,,,,,,,,
458,Tahj Washington,4567506,MIA,0.0,2025,"['RB/WR', 'WR', 'WR/TE', 'RB/WR/TE', 'OP', 'BE', 'IR']",,,,,,,,,,,,,,,,,,,,,,,,,,,,,,,,,,,,,,,,,,,,,,,,,,,,,,,,,,,,,,,,,,,,,,,,,,,,,,,,,,,,,,,,,,,,,,,,,,,,,,,,,,,,,,,,,,,,,,,,,,,,,,,,,,,,
459,Joshua Cephus,4426893,JAX,0.0,2025,"['RB/WR', 'WR', 'WR/TE', 'RB/WR/TE', 'OP', 'BE', 'IR']",,,,,,,,,,,,,,,,,,,,,,,,,,,,,,,,,,,,,,,,,,,,,,,,,,,,,,,,,,,,,,,,,,,,,,,,,,,,,,,,,,,,,,,,,,,,,,,,,,,,,,,,,,,,,,,,,,,,,,,,,,,,,,,,,,,,
460,Thomas Fidone II,4590292,NYG,0.0,2025,"['Rookie', 'WR/TE', 'TE', 'RB/WR/TE', 'OP', 'BE', 'IR']",,,,,,,,,,,,,,,,,,,,,,,,,,,,,,,,,,,,,,,,,,,,,,,,,,,,,,,,,,,,,,,,,,,,,,,,,,,,,,,,,,,,,,,,,,,,,,,,,,,,,,,,,,,,,,,,,,,,,,,,,,,,,,,,,,,,
461,Kurtis Rourke,4430431,SF,0.0,2025,"['Rookie', 'QB', 'OP', 'BE', 'IR']",,,,,,,,,,,,,,,,,,,,,,,,,,,,,,,,,,,,,,,,,,,,,,,,,,,,,,,,,,,,,,,,,,,,,,,,,,,,,,,,,,,,,,,,,,,,,,,,,,,,,,,,,,,,,,,,,,,,,,,,,,,,,,,,,,,,
462,Matt Barkley,15948,None,0.0,2025,"['QB', 'OP', 'BE', 'IR']",,,,,,,,,,,,,,,,,,,,,,,,,,,,,,,,,,,,,,,,,,,,,,,,,,,,,,,,,,,,,,,,,,,,,,,,,,,,,,,,,,,,,,,,,,,,,,,,,,,,,,,,,,,,,,,,,,,,,,,,,,,,,,,,,,,,
463,Robert Tonyan,2975674,KC,4.99,2025,"['WR/TE', 'TE', 'RB/WR/TE', 'OP', 'BE', 'IR']",,,,,,,,,,,,,,,,,,,,,,,,,,,,,,,,,,,,,,,,,,,,,,,,,,,,,,,,,,,,,,,,,,,,,,,,,,,,,,,,,,,,,,,,,,,,,,,,,,,,,,,,,,,,,,,,,,,,,,,,,,,,,,,,,,,,
464,Laquon Treadwell,3051889,IND,0.0,2025,"['RB/WR', 'WR', 'WR/TE', 'RB/WR/TE', 'OP', 'BE', 'IR']",,,,,,,,,,,,,,,,,,,,,,,,,,,,,,,,,,,,,,,,,,,,,,,,,,,,,,,,,,,,,,,,,,,,,,,,,,,,,,,,,,,,,,,,,,,,,,,,,,,,,,,,,,,,,,,,,,,,,,,,,,,,,,,,,,,,
465,Byron Pringle,4036416,None,0.0,2025,"['RB/WR', 'WR', 'WR/TE', 'RB/WR/TE', 'OP', 'BE', 'IR']",,,,,,,,,,,,,,,,,,,,,,,,,,,,,,,,,,,,,,,,,,,,,,,,,,,,,,,,,,,,,,,,,,,,,,,,,,,,,,,,,,,,,,,,,,,,,,,,,,,,,,,,,,,,,,,,,,,,,,,,,,,,,,,,,,,,
466,Taylor Heinicke,2565969,None,0.0,2025,"['QB', 'OP', 'BE', 'IR']",,,,,,,,,,,,,,,,,,,,,,,,,,,,,,,,,,,,,,,,,,,,,,,,,,,,,,,,,,,,,,,,,,,,,,,,,,,,,,,,,,,,,,,,,,,,,,,,,,,,,,,,,,,,,,,,,,,,,,,,,,,,,,,,,,,,
467,Easton Stick,3120590,ATL,0.0,2025,"['QB', 'OP', 'BE', 'IR']",,,,,,,,,,,,,,,,,,,,,,,,,,,,,,,,,,,,,,,,,,,,,,,,,,,,,,,,,,,,,,,,,,,,,,,,,,,,,,,,,,,,,,,,,,,,,,,,,,,,,,,,,,,,,,,,,,,,,,,,,,,,,,,,,,,,
468,Austin Seibert,3821683,None,0.0,2025,"['K', 'BE', 'IR']",,,,,,,,,,,,,,,,,,,,,,,,,,,,,,,,,,,,,,,,,,,,,,,,,,,,,,,,,,,,,,,,,,,,,,,,,,,,,,,,,,,,,,,,,,,,,,,,,,,,,,,,,,,,,,,,,,,,,,,,,,,,,,,,,,,,
469,Greg Joseph,3975763,None,0.0,2025,"['K', 'BE', 'IR']",,,,,,,,,,,,,,,,,,,,,,,,,,,,,,,,,,,,,,,,,,,,,,,,,,,,,,,,,,,,,,,,,,,,,,,,,,,,,,,,,,,,,,,,,,,,,,,,,,,,,,,,,,,,,,,,,,,,,,,,,,,,,,,,,,,,
470,Damien Harris,3925347,BUF,0.0,2025,"['RB', 'RB/WR', 'RB/WR/TE', 'OP', 'BE', 'IR']",,,,,,,,,,,,,,,,,,,,,,,,,,,,,,,,,,,,,,,,,,,,,,,,,,,,,,,,,,,,,,,,,,,,,,,,,,,,,,,,,,,,,,,,,,,,,,,,,,,,,,,,,,,,,,,,,,,,,,,,,,,,,,,,,,,,
471,Chase Edmonds,3119195,WSH,0.0,2025,"['RB', 'RB/WR', 'RB/WR/TE', 'OP', 'BE', 'IR']",,,,,,,,,,,,,0.008963433,,,,,,,,,,,33.55390341,,3.0,1.0,,,,,,,,,,,,,,,,,,,1.0,,,,,,,,,,,,,,,,,,,,,,,,,,,,,,,,,,,,,,,,,,,,,,,,,,,,,,,,,,,,,,,,,,,,,,,,,,,,,,,,,,,,,,
472,Gus Edwards,3051926,None,0.0,2025,"['RB', 'RB/WR', 'RB/WR/TE', 'OP', 'BE', 'IR']",,,,,,,,,,,,,,,,,,,,,,,,,,,,,,,,,,,,,,,,,,,,,,,,,,,,,,,,,,,,,,,,,,,,,,,,,,,,,,,,,,,,,,,,,,,,,,,,,,,,,,,,,,,,,,,,,,,,,,,,,,,,,,,,,,,,
473,Nelson Agholor,2971618,None,0.0,2025,"['RB/WR', 'WR', 'WR/TE', 'RB/WR/TE', 'OP', 'BE', 'IR']",,,,,,,,,,,,,,,,,,,,,,,,,,,,,,,,,,,,,,,,,,,,,,,,,,,,,,,,,,,,,,,,,,,,,,,,,,,,,,,,,,,,,,,,,,,,,,,,,,,,,,,,,,,,,,,,,,,,,,,,,,,,,,,,,,,,
474,Robert Woods,15880,None,0.0,2025,"['RB/WR', 'WR', 'WR/TE', 'RB/WR/TE', 'OP', 'BE', 'IR']",,,,,,,,,,,,,,,,,,,,,,,,,,,,,,,,,,,,,,,,,,,,,,,,,,,,,,,,,,,,,,,,,,,,,,,,,,,,,,,,,,,,,,,,,,,,,,,,,,,,,,,,,,,,,,,,,,,,,,,,,,,,,,,,,,,,
475,Brett Maher,16486,None,0.0,2025,"['K', 'BE', 'IR']",,,,,,,,,,,,,,,,,,,,,,,,,,,,,,,,,,,,,,,,,,,,,,,,,,,,,,,,,,,,,,,,,,,,,,,,,,,,,,,,,,,,,,,,,,,,,,,,,,,,,,,,,,,,,,,,,,,,,,,,,,,,,,,,,,,,
476,Greg Zuerlein,14993,None,0.0,2025,"['K', 'BE', 'IR']",,,,,,,,,,,,,,,,,,,,,,,,,,,,,,,,,,,,,,,,,,,,,,,,,,,,,,,,,,,,,,,,,,,,,,,,,,,,,,,,,,,,,,,,,,,,,,,,,,,,,,,,,,,,,,,,,,,,,,,,,,,,,,,,,,,,
477,Randy Bullock,15091,None,0.0,2025,"['K', 'BE', 'IR']",,,,,,,,,,,,,,,,,,,,,,,,,,,,,,,,,,,,,,,,,,,,,,,,,,,,,,,,,,,,,,,,,,,,,,,,,,,,,,,,,,,,,,,,,,,,,,,,,,,,,,,,,,,,,,,,,,,,,,,,,,,,,,,,,,,,
478,DeeJay Dallas,4240631,JAX,0.0,2025,"['RB', 'RB/WR', 'RB/WR/TE', 'OP', 'BE', 'IR']",,,,,,,,,,,,,,,,,,,,,,,,,,,,,,,,,,,,,,,,,,,,,,,,,,,,,,,,,,,,,,,,,,,,,,,,,,,,,,,,,,,,,,,,,,,,,,,,,,,,,,,,,,,,,,,,,,,,,,,,,,,,,,,,,,,,
479,Donovan Peoples-Jones,4258195,None,0.0,2025,"['RB/WR', 'WR', 'WR/TE', 'RB/WR/TE', 'OP', 'BE', 'IR']",,,,,,,,,,,,,,,,,,,,,,,,,,,,,,,,,,,,,,,,,,,,,,,,,,,,,,,,,,,,,,,,,,,,,,,,,,,,,,,,,,,,,,,,,,,,,,,,,,,,,,,,,,,,,,,,,,,,,,,,,,,,,,,,,,,,
480,Albert Okwuegbunam Jr.,4035115,LV,0.0,2025,"['WR/TE', 'TE', 'RB/WR/TE', 'OP', 'BE', 'IR']",,,,,,,,,,,,,,,,,,,,,,,,,,,,,,,,,,,,,,,,,,,,,,,,,,,,,,,,,,,,,,,,,,,,,,,,,,,,,,,,,,,,,,,,,,,,,,,,,,,,,,,,,,,,,,,,,,,,,,,,,,,,,,,,,,,,
481,James Proche II,3916204,TEN,0.0,2025,"['RB/WR', 'WR', 'WR/TE', 'RB/WR/TE', 'OP', 'BE', 'IR']",,,,,,,,,,,,,,,,,,,,,,,,,,,,,,,,,,,,,,,,,,,,,,1.0,,,,,,,,,,,,,,,,,,,,,,,,,,,,,,,6.010910259,0.026042147,0.000410102,0.004588041,0.002998285,1.0,,0.524202226,0.002591341,8.01e-05,0.919654255,11.46677744,0.000410102,4.27e-05,,0.009699696,0.009699696,,0.00543183,0.00543183,0.00543183,,0.228259332,,,,,,,,,,,,,,,,,,,,,,,,,,,,,,,,,
482,J.J. Taylor,4039607,None,0.0,2025,"['RB', 'RB/WR', 'RB/WR/TE', 'OP', 'BE', 'IR']",,,,,,,,,,,,,,,,,,,,,,,,,,,,,,,,,,,,,,,,,,,,,,,,,,,,,,,,,,,,,,,,,,,,,,,,,,,,,,,,,,,,,,,,,,,,,,,,,,,,,,,,,,,,,,,,,,,,,,,,,,,,,,,,,,,,
483,Dominique Dafney,4036129,None,0.0,2025,"['WR/TE', 'TE', 'RB/WR/TE', 'OP', 'BE', 'IR']",,,,,,,,,,,,,,,,,,,,,,,,,,,,,,,,,,,,,,,,,,,,,,,,,,,,,,,,,,,,,,,,,,,,,,,,,,,,,,,,,,,,,,,,,,,,,,,,,,,,,,,,,,,,,,,,,,,,,,,,,,,,,,,,,,,,
484,Alex Bachman,3919510,LV,0.0,2025,"['RB/WR', 'WR', 'WR/TE', 'RB/WR/TE', 'OP', 'BE', 'IR']",,,,,,,,,,,,,,0.006667419,,,,,,,,,,,9.734704299,,,,,,,,,,,,,,,,,,,,,1.0,,,,,,,,,,,,,,,,,,,,,,,,,,,,,,,14.92750988,0.072223374,0.003915517,0.008433129,0.00551105,2.0,1.0,1.244549284,0.005745431,0.000178,1.985227322,11.99430996,0.003915517,0.000101,,0.023028803,0.023028803,,0.012896129,0.012896129,0.012896129,,0.657219251,,,,,,,,,,,,,,,,,,,,,,,,,,,,,,,,,
485,Trey Sermon,4241401,None,0.0,2025,"['RB', 'RB/WR', 'RB/WR/TE', 'OP', 'BE', 'IR']",,,,,,,,,,,,,,,,,,,,,,,,,,,,,,,,,,,,,,,,,,,,,,,,,,,,,,,,,,,,,,,,,,,,,,,,,,,,,,,,,,,,,,,,,,,,,,,,,,,,,,,,,,,,,,,,,,,,,,,,,,,,,,,,,,,,
486,Kyle Trask,4034946,None,0.0,2025,"['QB', 'OP', 'BE', 'IR']",,,,,,,,,,,,,,,,,,,,,,,,,,,,,,,,,,,,,,,,,,,,,,,,,,,,,,,,,,,,,,,,,,,,,,,,,,,,,,,,,,,,,,,,,,,,,,,,,,,,,,,,,,,,,,,,,,,,,,,,,,,,,,,,,,,,
487,Jake Funk,4036224,None,0.0,2025,"['RB', 'RB/WR', 'RB/WR/TE', 'OP', 'BE', 'IR']",,,,,,,,,,,,,,,,,,,,,,,,,,,,,,,,,,,,,,,,,,,,,,,,,,,,,,,,,,,,,,,,,,,,,,,,,,,,,,,,,,,,,,,,,,,,,,,,,,,,,,,,,,,,,,,,,,,,,,,,,,,,,,,,,,,,
488,Matt Ammendola,3919602,None,0.0,2025,"['K', 'BE', 'IR']",,,,,,,,,,,,,,,,,,,,,,,,,,,,,,,,,,,,,,,,,,,,,,,,,,,,,,,,,,,,,,,,,,,,,,,,,,,,,,,,,,,,,,,,,,,,,,,,,,,,,,,,,,,,,,,,,,,,,,,,,,,,,,,,,,,,
489,Mason Kinsey,4057082,TEN,0.0,2025,"['RB/WR', 'WR', 'WR/TE', 'RB/WR/TE', 'OP', 'BE', 'IR']",,,,,,,,,,,,,,,,,,,,,,,,,,,,,,,,,,,,,,,,,,,,,,,,,,,,,,,,,,,,,,,,,,,,,,,,,,,,,,,,,,,,,,,,,,,,,,,,,,,,,,,,,,,,,,,,,,,,,,,,,,,,,,,,,,,,
490,Cade York,4428963,None,0.0,2025,"['K', 'BE', 'IR']",,,,,,,,,,,,,,,,,,,,,,,,,,,,,,,,,,,,,,,,,,,,,,,,,,,,,,,,,,,,,,,,,,,,,,,,,,,,,,,,,,,,,,,,,,,,,,,,,,,,,,,,,,,,,,,,,,,,,,,,,,,,,,,,,,,,
491,Desmond Ridder,4239086,GB,0.0,2025,"['QB', 'OP', 'BE', 'IR']",,,,,,,,,,,,,,,,,,,,,,,,,,,,,,,,,,,,,,,,,,,,,,,,,,,,,,,,,,,,,,,,,,,,,,,,,,,,,,,,,,,,,,,,,,,,,,,,,,,,,,,,,,,,,,,,,,,,,,,,,,,,,,,,,,,,
492,Bailey Zappe,4250360,NYJ,0.0,2025,"['QB', 'OP', 'BE', 'IR']",,,,,,,,,,,,,,,,,,,,,,,,,,,,,,,,,,,,,,,,,,,,,,,,,,,,,,,,,,,,,,,,,,,,,,,,,,,,,,,,,,,,,,,,,,,,,,,,,,,,,,,,,,,,,,,,,,,,,,,,,,,,,,,,,,,,
493,Jonathan Garibay,4569390,None,0.0,2025,"['K', 'BE', 'IR']",,,,,,,,,,,,,,,,,,,,,,,,,,,,,,,,,,,,,,,,,,,,,,,,,,,,,,,,,,,,,,,,,,,,,,,,,,,,,,,,,,,,,,,,,,,,,,,,,,,,,,,,,,,,,,,,,,,,,,,,,,,,,,,,,,,,
494,Deven Thompkins,4374187,ATL,0.0,2025,"['RB/WR', 'WR', 'WR/TE', 'RB/WR/TE', 'OP', 'BE', 'IR']",,,,,,,,,,,,,0.0090971,,,,,,,,,,,33.54887946,,3.0,1.0,,,,,,,,,,,,,,,,,,,1.0,,,,,,,,,,,,,,,,,,,,,,,,,,,,,,,,,,,,,,,,,,,,,,,,,,,,,,,,,,,,,,,,,,,,,,,,,,,,,,,,,,,,,,
495,James McCourt,4033806,None,0.0,2025,"['K', 'BE', 'IR']",,,,,,,,,,,,,,,,,,,,,,,,,,,,,,,,,,,,,,,,,,,,,,,,,,,,,,,,,,,,,,,,,,,,,,,,,,,,,,,,,,,,,,,,,,,,,,,,,,,,,,,,,,,,,,,,,,,,,,,,,,,,,,,,,,,,
496,Raheem Blackshear,4259308,None,0.0,2025,"['RB', 'RB/WR', 'RB/WR/TE', 'OP', 'BE', 'IR']",,,,,,,,,,,,,,,,,,,,,,,,,,,,,,,,,,,,,,,,,,,,,,,,,,,,,,,,,,,,,,,,,,,,,,,,,,,,,,,,,,,,,,,,,,,,,,,,,,,,,,,,,,,,,,,,,,,,,,,,,,,,,,,,,,,,
497,Caleb Shudak,4036146,None,0.0,2025,"['K', 'BE', 'IR']",,,,,,,,,,,,,,,,,,,,,,,,,,,,,,,,,,,,,,,,,,,,,,,,,,,,,,,,,,,,,,,,,,,,,,,,,,,,,,,,,,,,,,,,,,,,,,,,,,,,,,,,,,,,,,,,,,,,,,,,,,,,,,,,,,,,
498,Nick Sciba,4362020,None,0.0,2025,"['K', 'BE', 'IR']",,,,,,,,,,,,,,,,,,,,,,,,,,,,,,,,,,,,,,,,,,,,,,,,,,,,,,,,,,,,,,,,,,,,,,,,,,,,,,,,,,,,,,,,,,,,,,,,,,,,,,,,,,,,,,,,,,,,,,,,,,,,,,,,,,,,
499,Cameron Latu,4372026,PHI,0.0,2025,"['WR/TE', 'TE', 'RB/WR/TE', 'OP', 'BE', 'IR']",,,,,,,,,,,,,,,,,,,,,,,,,,,,,,,,,,,,,,,,,,,,,,,,,,,,,,,,,,,,,,,,,,,,,,,,,,,,,,,,,,,,,,,,,,,,,,,,,,,,,,,,,,,,,,,,,,,,,,,,,,,,,,,,,,,,
