points,avg_points,projected_points,projected_avg_points,actual_rushingAttempts,actual_rushingYards,actual_rushingTouchdowns,actual_27,actual_28,actual_29,actual_30,actual_31,actual_32,actual_33,actual_34,actual_rushing40PlusYardTD,actual_rushing50PlusYardTD,actual_rushing100To199YardGame,actual_rushing200PlusYardGame,actual_rushingYardsPerAttempt,actual_receivingReceptions,actual_receivingYards,actual_receivingTouchdowns,actual_47,actual_48,actual_49,actual_50,actual_51,actual_54,actual_receivingTargets,actual_receivingYardsAfterCatch,actual_receivingYardsPerReception,actual_66,actual_fumbles,actual_70,actual_lostFumbles,actual_turnovers,actual_defensiveSoloTackles,actual_defensiveTotalTackles,actual_teamWin,actual_teamLoss,actual_pointsScored,actual_179,actual_186,actual_210,proj_rushingAttempts,proj_rushingYards,proj_rushingTouchdowns,proj_rushing2PtConversions,proj_27,proj_28,proj_29,proj_30,proj_31,proj_33,proj_34,proj_rushing40PlusYardTD,proj_rushing50PlusYardTD,proj_rushing100To199YardGame,proj_rushing200PlusYardGame,proj_rushingYardsPerAttempt,proj_receivingYards,proj_receivingTouchdowns,proj_receiving2PtConversions,proj_receiving40PlusYardTD,proj_receiving50PlusYardTD,proj_47,proj_48,proj_49,proj_50,proj_51,proj_receivingReceptions,proj_54,proj_55,proj_receiving100To199YardGame,proj_receiving200PlusYardGame,proj_receivingTargets,proj_receivingYardsPerReception,proj_2PtConversions,proj_fumbleRecoveredForTD,proj_66,proj_67,proj_fumbles,proj_70,proj_71,proj_lostFumbles,proj_turnovers,proj_210,player_name,pro_team,acquisition_type,posRank,player_id,team_id,team_name,position,schedule,eligible_slots,lineup_slot,actual_receiving40PlusYardTD,actual_receiving50PlusYardTD,actual_52,actual_receiving100To199YardGame,actual_67,actual_71,actual_kickoffReturnYards,actual_116,actual_117,proj_kickoffReturnTouchdowns,proj_puntReturnTouchdowns,proj_kickoffReturnYards,proj_puntReturnYards,proj_116,proj_117,proj_puntsReturned,proj_119,actual_55,actual_183,actual_185,actual_passingAttempts,actual_passingCompletions,actual_passingIncompletions,actual_passingYards,actual_passingTouchdowns,actual_5,actual_6,actual_7,actual_8,actual_9,actual_10,actual_11,actual_12,actual_13,actual_14,actual_passing40PlusYardTD,actual_passing50PlusYardTD,actual_passing300To399YardGame,actual_passing2PtConversions,actual_passingInterceptions,actual_passingCompletionPercentage,actual_passingTimesSacked,actual_65,actual_175,actual_176,actual_177,actual_178,proj_passingAttempts,proj_passingCompletions,proj_passingIncompletions,proj_passingYards,proj_passingTouchdowns,proj_5,proj_6,proj_7,proj_8,proj_9,proj_10,proj_11,proj_12,proj_passing40PlusYardTD,proj_passing50PlusYardTD,proj_passing300To399YardGame,proj_passing400PlusYardGame,proj_passing2PtConversions,proj_passingInterceptions,proj_passingCompletionPercentage,proj_passingTimesSacked,proj_65,proj_69,actual_receiving2PtConversions,actual_2PtConversions,actual_184,actual_defensiveAssistedTackles,actual_180,actual_181,actual_defensiveForcedFumbles,actual_madeFieldGoalsFrom50Plus,actual_attemptedFieldGoalsFrom50Plus,actual_madeFieldGoalsFrom40To49,actual_attemptedFieldGoalsFrom40To49,actual_missedFieldGoalsFrom40To49,actual_madeFieldGoalsFromUnder40,actual_attemptedFieldGoalsFromUnder40,actual_missedFieldGoalsFromUnder40,actual_madeFieldGoals,actual_attemptedFieldGoals,actual_missedFieldGoals,actual_madeExtraPoints,actual_attemptedExtraPoints,actual_missedExtraPoints,actual_198,actual_199,proj_madeFieldGoalsFrom50Plus,proj_attemptedFieldGoalsFrom50Plus,proj_missedFieldGoalsFrom50Plus,proj_madeFieldGoalsFrom40To49,proj_attemptedFieldGoalsFrom40To49,proj_missedFieldGoalsFrom40To49,proj_madeFieldGoalsFromUnder40,proj_attemptedFieldGoalsFromUnder40,proj_missedFieldGoalsFromUnder40,proj_madeFieldGoals,proj_attemptedFieldGoals,proj_missedFieldGoals,proj_madeExtraPoints,proj_attemptedExtraPoints,proj_missedExtraPoints,proj_198,proj_199,proj_200,actual_defensiveFumbles,actual_defensive0PointsAllowed,actual_defensive1To6PointsAllowed,actual_defensive7To13PointsAllowed,actual_defensive14To17PointsAllowed,actual_defensiveTouchdowns,actual_defensiveInterceptions,actual_defensiveBlockedKicks,actual_defensiveSafeties,actual_defensiveSacks,actual_100,actual_kickoffReturnTouchdowns,actual_puntReturnTouchdowns,actual_interceptionReturnTouchdowns,actual_defensivePlusSpecialTeamsTouchdowns,actual_110,actual_111,actual_112,actual_defensivePassesDefensed,actual_puntReturnYards,actual_puntsReturned,actual_119,actual_defensivePointsAllowed,actual_defensive18To21PointsAllowed,actual_defensive22To27PointsAllowed,actual_defensive28To34PointsAllowed,actual_defensive35To45PointsAllowed,actual_defensiveYardsAllowed,actual_defensiveLessThan100YardsAllowed,actual_defensive100To199YardsAllowed,actual_defensive200To299YardsAllowed,actual_defensive300To349YardsAllowed,actual_defensive350To399YardsAllowed,actual_defensive400To449YardsAllowed,actual_defensive450To499YardsAllowed,actual_defensive500To549YardsAllowed,actual_defensive550PlusYardsAllowed,actual_188,actual_189,actual_190,actual_191,actual_192,actual_193,actual_194,actual_195,proj_defensive0PointsAllowed,proj_defensive1To6PointsAllowed,proj_defensive7To13PointsAllowed,proj_defensive14To17PointsAllowed,proj_defensiveBlockedKickForTouchdowns,proj_defensiveTouchdowns,proj_defensiveInterceptions,proj_defensiveFumbles,proj_defensiveBlockedKicks,proj_defensiveSafeties,proj_defensiveSacks,proj_100,proj_interceptionReturnTouchdowns,proj_fumbleReturnTouchdowns,proj_defensivePlusSpecialTeamsTouchdowns,proj_defensiveForcedFumbles,proj_defensiveTotalTackles,proj_110,proj_111,proj_defensivePassesDefensed,proj_defensivePointsAllowed,proj_defensive18To21PointsAllowed,proj_defensive22To27PointsAllowed,proj_defensive28To34PointsAllowed,proj_defensive35To45PointsAllowed,proj_defensive45PlusPointsAllowed,proj_126,proj_defensiveYardsAllowed,proj_defensive100To199YardsAllowed,proj_defensive200To299YardsAllowed,proj_defensive300To349YardsAllowed,proj_defensive350To399YardsAllowed,proj_defensive400To449YardsAllowed,proj_defensive450To499YardsAllowed,proj_defensive500To549YardsAllowed,proj_defensive550PlusYardsAllowed,proj_137,proj_pointsMargin,actual_receiving200PlusYardGame,actual_182,actual_69,actual_missedFieldGoalsFrom50Plus,actual_200,actual_attemptedFieldGoalsFrom60Plus,actual_missedFieldGoalsFrom60Plus,actual_rushing2PtConversions,actual_fumbleReturnTouchdowns,actual_passing400PlusYardGame,actual_defensive45PlusPointsAllowed,actual_196,actual_defensiveBlockedKickForTouchdowns,actual_netPunts,actual_puntYards,actual_puntsInsideThe20,actual_143,actual_puntAverage,actual_puntAverage38.0-39.9,actual_madeFieldGoalsFrom60Plus,actual_puntsInsideThe10,actual_puntAverage33.9AndUnder,actual_blockedPunts,actual_144,actual_puntTouchbacks,actual_puntFairCatches,actual_puntAverage44.0+,actual_puntAverage42.0-43.9,actual_puntAverage34.0-35.9,proj_netPunts,proj_puntYards,proj_puntsInsideThe10,proj_puntsInsideThe20,proj_blockedPunts,proj_143,proj_144,proj_puntTouchbacks,proj_puntFairCatches,proj_puntAverage44.0+,proj_puntAverage42.0-43.9,proj_puntAverage40.0-41.9,proj_puntAverage38.0-39.9,proj_puntAverage36.0-37.9,actual_fumbleRecoveredForTD,proj_defensiveAssistedTackles,proj_defensiveSoloTackles,year,actual_defensive2PtReturns,actual_puntAverage40.0-41.9,actual_211,actual_212,actual_213,actual_214,actual_215,actual_216,actual_217,actual_218,actual_219,actual_220,actual_221,actual_222,actual_223,actual_224,actual_225,actual_226,actual_227,actual_229,actual_230,actual_231,actual_232,actual_233,actual_234,proj_defensiveLessThan100YardsAllowed,actual_228,proj_214,proj_215,proj_216,proj_221,proj_227,proj_233,proj_212,proj_213,proj_211,proj_112
177.0,13.62,220.99,14.73,240.0,69.07692308,4.0,176.0,86.0,40.0,30.0,13.0,3.0,43.0,19.0,,,3.0,,3.74166667,47.0,33.76923077,5.0,83.0,37.0,16.0,14.0,5.0,4.0,67.0,432.0,9.34042553,,,,,,1.0,1.0,9.0,4.0,54.0,2.0,,13.0,192.718758,58.68969856,7.449556467,0.226880768,177.0,88.0,44.0,35.0,17.0,38.0,19.0,0.390612365,0.273428656,2.042231386,0.069693522,4.603859833,45.08956071,3.522778504,0.164433975,0.085031953,0.055568381,136.0,68.0,34.0,27.0,13.0,76.69713907,15.0,7.0,0.897649401,0.027762353,102.3789214,8.887529224,0.391314743,0.007508388,1.220660225,0.485791565,1.706451791,0.561503704,0.272043276,0.83354698,0.83354698,15.11764706,Alvin Kamara,NO,DRAFT,9,3054850,1,Stretchy Pups,RB,"{'1': {'team': 'GB', 'date': datetime.datetime(2021, 9, 12, 16, 25)}, '2': {'team': 'CAR', 'date': datetime.datetime(2021, 9, 19, 13, 0)}, '3': {'team': 'NE', 'date': datetime.datetime(2021, 9, 26, 13, 0)}, '4': {'team': 'NYG', 'date': datetime.datetime(2021, 10, 3, 13, 0)}, '5': {'team': 'WSH', 'date': datetime.datetime(2021, 10, 10, 13, 0)}, '7': {'team': 'SEA', 'date': datetime.datetime(2021, 10, 25, 20, 15)}, '8': {'team': 'TB', 'date': datetime.datetime(2021, 10, 31, 16, 25)}, '9': {'team': 'ATL', 'date': datetime.datetime(2021, 11, 7, 13, 0)}, '10': {'team': 'TEN', 'date': datetime.datetime(2021, 11, 14, 13, 0)}, '11': {'team': 'PHI', 'date': datetime.datetime(2021, 11, 21, 13, 0)}, '12': {'team': 'BUF', 'date': datetime.datetime(2021, 11, 25, 20, 20)}, '13': {'team': 'DAL', 'date': datetime.datetime(2021, 12, 2, 20, 20)}, '14': {'team': 'NYJ', 'date': datetime.datetime(2021, 12, 12, 13, 0)}, '15': {'team': 'TB', 'date': datetime.datetime(2021, 12, 19, 20, 20)}, '16': {'team': 'MIA', 'date': datetime.datetime(2021, 12, 27, 20, 15)}, '17': {'team': 'CAR', 'date': datetime.datetime(2022, 1, 2, 16, 25)}, '18': {'team': 'ATL', 'date': datetime.datetime(2022, 1, 9, 16, 25)}}","['RB', 'RB/WR', 'RB/WR/TE', 'OP', 'BE', 'IR']",RB,,,1.0,1.0,,,,,,,,,,,,,,1.0,1.0,,,,,,,,,,,,,,,,,,,,,,,,,,,,,,,,,,,,,,,,,,,,,,,,,,,,,,4.0,,1.0,1.0,,,,,,,,,,,,,,,,,,,,,,,,,,,,,,,,,,,,,,,,,,,,,,,,,,,,,,,29.0,2.0,1.0,,,,,,,,,,,,,,,,,,,,,,,,,,,,,,,,,,,,,,,,,,,,,,,,,,,,,,,,,,,,,,,,,,,,,,,,,,,,,,,,,,,,,,,,,,,,,,,,,,,,,,,,,,,,2021,,,,,,,,,,,,,,,,,,,,,,,,,,,,,,,,,,,,,
90.0,9.0,187.33,12.49,119.0,51.7,4.0,99.0,48.0,22.0,17.0,6.0,2.0,18.0,7.0,,,2.0,,4.34453782,19.0,12.9,2.0,21.0,8.0,2.0,2.0,,,23.0,169.0,6.78947368,2.0,2.0,2.0,2.0,2.0,,,7.0,3.0,38.0,4.0,,10.0,204.4146719,59.32603504,7.40139796,0.212460851,179.0,89.0,44.0,35.0,17.0,40.0,20.0,0.416659951,0.291661966,2.078081642,0.070916954,4.387503356,26.8980428,2.388673432,0.073949891,0.048361936,0.031604525,81.0,40.0,20.0,16.0,8.0,52.19585903,10.0,5.0,0.230905174,0.007141397,70.14631475,7.790562799,0.286410742,0.004630364,0.838301058,0.214054321,1.052355379,0.385618486,0.11987042,0.505488906,0.505488906,15.11764706,Clyde Edwards-Helaire,KC,DRAFT,36,4242214,1,Stretchy Pups,BE,"{'1': {'team': 'CLE', 'date': datetime.datetime(2021, 9, 12, 16, 25)}, '2': {'team': 'BAL', 'date': datetime.datetime(2021, 9, 19, 20, 20)}, '3': {'team': 'LAC', 'date': datetime.datetime(2021, 9, 26, 13, 0)}, '4': {'team': 'PHI', 'date': datetime.datetime(2021, 10, 3, 13, 0)}, '5': {'team': 'BUF', 'date': datetime.datetime(2021, 10, 10, 20, 20)}, '6': {'team': 'WSH', 'date': datetime.datetime(2021, 10, 17, 13, 0)}, '7': {'team': 'TEN', 'date': datetime.datetime(2021, 10, 24, 13, 0)}, '8': {'team': 'NYG', 'date': datetime.datetime(2021, 11, 1, 20, 15)}, '9': {'team': 'GB', 'date': datetime.datetime(2021, 11, 7, 16, 25)}, '10': {'team': 'LV', 'date': datetime.datetime(2021, 11, 14, 20, 20)}, '11': {'team': 'DAL', 'date': datetime.datetime(2021, 11, 21, 16, 25)}, '13': {'team': 'DEN', 'date': datetime.datetime(2021, 12, 5, 20, 20)}, '14': {'team': 'LV', 'date': datetime.datetime(2021, 12, 12, 13, 0)}, '15': {'team': 'LAC', 'date': datetime.datetime(2021, 12, 16, 20, 20)}, '16': {'team': 'PIT', 'date': datetime.datetime(2021, 12, 26, 16, 25)}, '17': {'team': 'CIN', 'date': datetime.datetime(2022, 1, 2, 13, 0)}, '18': {'team': 'DEN', 'date': datetime.datetime(2022, 1, 8, 16, 30)}}","['RB', 'RB/WR', 'RB/WR/TE', 'OP', 'BE', 'IR']",BE,,,,,,,,,,,,,,,,,,,1.0,,,,,,,,,,,,,,,,,,,,,,,,,,,,,,,,,,,,,,,,,,,,,,,,,,,,1.0,,1.0,,,,,,,,,,,,,,,,,,,,,,,,,,,,,,,,,,,,,,,,,,,,,,,,,,,,,,,,,,,,,,,,,,,,,,,,,,,,,,,,,,,,,,,,,,,,,,,,,,,,,,,,,,,,,,,,,,,,,,,,,,,,,,,,,,,,,,,,,,,,,,,,,,,,,,,,,,,,,,,,,,,,,,,,2021,,,,,,,,,,,,,,,,,,,,,,,,,,,,,,,,,,,,,
145.0,9.06,149.89,9.37,,,,,,,,,,,,,,,,,106.0,71.125,6.0,222.0,107.0,48.0,41.0,16.0,14.0,157.0,337.0,10.73584906,,1.0,,,,2.0,2.0,8.0,8.0,36.0,,,16.0,2.062890435,0.786545628,0.059810668,0.002275068,2.0,1.0,,,,,,0.003787403,0.002651182,0.000320355,1.09325e-05,6.122960879,68.53090602,6.607780895,0.325571901,0.121052196,0.07910761,220.0,110.0,55.0,44.0,22.0,103.6109334,20.0,10.0,3.188937215,0.098626924,152.4882517,10.62171423,0.32784697,0.007142544,0.031689031,1.59161634,1.623305371,0.014576954,0.89130515,0.905882105,0.905882105,16.05882353,Keenan Allen,LAC,DRAFT,15,15818,1,Stretchy Pups,WR,"{'1': {'team': 'WSH', 'date': datetime.datetime(2021, 9, 12, 13, 0)}, '2': {'team': 'DAL', 'date': datetime.datetime(2021, 9, 19, 16, 25)}, '3': {'team': 'KC', 'date': datetime.datetime(2021, 9, 26, 13, 0)}, '4': {'team': 'LV', 'date': datetime.datetime(2021, 10, 4, 20, 15)}, '5': {'team': 'CLE', 'date': datetime.datetime(2021, 10, 10, 16, 5)}, '6': {'team': 'BAL', 'date': datetime.datetime(2021, 10, 17, 13, 0)}, '8': {'team': 'NE', 'date': datetime.datetime(2021, 10, 31, 16, 5)}, '9': {'team': 'PHI', 'date': datetime.datetime(2021, 11, 7, 16, 5)}, '10': {'team': 'MIN', 'date': datetime.datetime(2021, 11, 14, 16, 5)}, '11': {'team': 'PIT', 'date': datetime.datetime(2021, 11, 21, 20, 20)}, '12': {'team': 'DEN', 'date': datetime.datetime(2021, 11, 28, 16, 5)}, '13': {'team': 'CIN', 'date': datetime.datetime(2021, 12, 5, 13, 0)}, '14': {'team': 'NYG', 'date': datetime.datetime(2021, 12, 12, 16, 5)}, '15': {'team': 'KC', 'date': datetime.datetime(2021, 12, 16, 20, 20)}, '16': {'team': 'HOU', 'date': datetime.datetime(2021, 12, 26, 13, 0)}, '17': {'team': 'DEN', 'date': datetime.datetime(2022, 1, 2, 16, 5)}, '18': {'team': 'LV', 'date': datetime.datetime(2022, 1, 9, 20, 20)}}","['RB/WR', 'WR', 'WR/TE', 'RB/WR/TE', 'OP', 'BE', 'IR']",WR,,,4.0,4.0,1.0,,,,,,,,,,,,,1.0,6.0,,1.0,,1.0,,,,,,,,,,,,,,,,1.0,,,,,,,,,,,,,,,,,,,,,,,,,,,,,,,,,,,,,,,,,,,,,,,,,,,,,,,,,,,,,,,,,,,,,,,,,,,,,,,,,,,,,,,,,,,,,,,,,,,,,,,,,,,,,,,,,,,,,,,,,,,,,,,,,,,,,,,,,,,,,,,,,,,,,,,,,,,,,,,,,,,,,,,,,,,,,,,,,,,,,,,,,,,,,,,,,,,,,,,,,,2021,,,,,,,,,,,,,,,,,,,,,,,,,,,,,,,,,,,,,
365.0,21.47,307.49,19.22,63.0,17.76470588,3.0,54.0,23.0,7.0,5.0,1.0,,3.0,,,,,,4.79365079,,,,,,,,,,,,,,1.0,,1.0,16.0,1.0,1.0,9.0,8.0,248.0,3.0,,17.0,56.21487141,15.44764127,4.419891404,0.168173158,49.0,24.0,12.0,9.0,4.0,11.0,5.0,0.106246859,0.074372801,0.15730068,0.005368069,4.412906033,,,,,,,,,,,,,,,,,,1.536404863,0.038242122,0.706776921,,8.691391327,0.325117384,,4.157732299,15.73221359,16.05882353,Justin Herbert,LAC,DRAFT,2,4038941,1,Stretchy Pups,QB,"{'1': {'team': 'WSH', 'date': datetime.datetime(2021, 9, 12, 13, 0)}, '2': {'team': 'DAL', 'date': datetime.datetime(2021, 9, 19, 16, 25)}, '3': {'team': 'KC', 'date': datetime.datetime(2021, 9, 26, 13, 0)}, '4': {'team': 'LV', 'date': datetime.datetime(2021, 10, 4, 20, 15)}, '5': {'team': 'CLE', 'date': datetime.datetime(2021, 10, 10, 16, 5)}, '6': {'team': 'BAL', 'date': datetime.datetime(2021, 10, 17, 13, 0)}, '8': {'team': 'NE', 'date': datetime.datetime(2021, 10, 31, 16, 5)}, '9': {'team': 'PHI', 'date': datetime.datetime(2021, 11, 7, 16, 5)}, '10': {'team': 'MIN', 'date': datetime.datetime(2021, 11, 14, 16, 5)}, '11': {'team': 'PIT', 'date': datetime.datetime(2021, 11, 21, 20, 20)}, '12': {'team': 'DEN', 'date': datetime.datetime(2021, 11, 28, 16, 5)}, '13': {'team': 'CIN', 'date': datetime.datetime(2021, 12, 5, 13, 0)}, '14': {'team': 'NYG', 'date': datetime.datetime(2021, 12, 12, 16, 5)}, '15': {'team': 'KC', 'date': datetime.datetime(2021, 12, 16, 20, 20)}, '16': {'team': 'HOU', 'date': datetime.datetime(2021, 12, 26, 13, 0)}, '17': {'team': 'DEN', 'date': datetime.datetime(2022, 1, 2, 16, 5)}, '18': {'team': 'LV', 'date': datetime.datetime(2022, 1, 9, 20, 20)}}","['QB', 'OP', 'BE', 'IR']",QB,,,,,,,,,,,,,,,,,,,,,672.0,443.0,229.0,294.94117647,38.0,997.0,493.0,241.0,192.0,90.0,41.0,83.0,38.0,39.0,14.0,6.0,3.0,9.0,5.0,15.0,0.65922619,31.0,1.0,16.0,12.0,4.0,,597.8169736,391.0296926,206.787281,271.9469296,27.7844374,873.0,436.0,218.0,174.0,87.0,43.0,78.0,39.0,3.764415175,2.460045317,4.222795775,0.570388987,1.368231704,11.57448129,0.654096002,37.25479886,7.984614406,3.832614915,1.0,,,,,,,,,,,,,,,,,,,,,,,,,,,,,,,,,,,,,,,,,,,,,,,,,,,,,,,,,,,,,,,,,,,,,,,,,,,,,,,,,,,,,,,,,,,,,,,,,,,,,,,,,,,,,,,,,,,,,,,,,,,,,,1.0,,,,,,,,,,,,,,,,,,,,,,,,,,,,,,,,,,,,,,,,,,,,2021,,,,,,,,,,,,,,,,,,,,,,,,,,,,,,,,,,,,,
298.0,19.87,293.05,19.54,139.0,52.26666667,10.0,151.0,72.0,33.0,24.0,8.0,,21.0,6.0,,,,,5.64028777,,,,,,,,,,1.0,,,3.0,9.0,1.0,2.0,11.0,,,8.0,7.0,156.0,9.0,,15.0,126.0274833,42.03387053,5.795072904,0.171498445,131.0,65.0,32.0,26.0,13.0,25.0,12.0,0.246984136,0.172888895,1.106915719,0.037774787,5.199134721,,,,,,,,,,,,,,,,,,1.336659299,0.060104275,2.520549666,,13.66006258,1.159452846,,6.506419044,18.66399526,15.58823529,Jalen Hurts,PHI,DRAFT,9,4040715,1,Stretchy Pups,BE,"{'1': {'team': 'ATL', 'date': datetime.datetime(2021, 9, 12, 13, 0)}, '2': {'team': 'SF', 'date': datetime.datetime(2021, 9, 19, 13, 0)}, '3': {'team': 'DAL', 'date': datetime.datetime(2021, 9, 27, 20, 15)}, '4': {'team': 'KC', 'date': datetime.datetime(2021, 10, 3, 13, 0)}, '5': {'team': 'CAR', 'date': datetime.datetime(2021, 10, 10, 13, 0)}, '6': {'team': 'TB', 'date': datetime.datetime(2021, 10, 14, 20, 20)}, '7': {'team': 'LV', 'date': datetime.datetime(2021, 10, 24, 16, 5)}, '8': {'team': 'DET', 'date': datetime.datetime(2021, 10, 31, 13, 0)}, '9': {'team': 'LAC', 'date': datetime.datetime(2021, 11, 7, 16, 5)}, '10': {'team': 'DEN', 'date': datetime.datetime(2021, 11, 14, 16, 25)}, '11': {'team': 'NO', 'date': datetime.datetime(2021, 11, 21, 13, 0)}, '12': {'team': 'NYG', 'date': datetime.datetime(2021, 11, 28, 13, 0)}, '13': {'team': 'NYJ', 'date': datetime.datetime(2021, 12, 5, 13, 0)}, '15': {'team': 'WSH', 'date': datetime.datetime(2021, 12, 21, 19, 0)}, '16': {'team': 'NYG', 'date': datetime.datetime(2021, 12, 26, 13, 0)}, '17': {'team': 'WSH', 'date': datetime.datetime(2022, 1, 2, 13, 0)}, '18': {'team': 'DAL', 'date': datetime.datetime(2022, 1, 8, 20, 15)}}","['QB', 'OP', 'BE', 'IR']",BE,,,,,,,,,,,,,,,,,,,,,432.0,265.0,167.0,209.6,16.0,622.0,306.0,149.0,118.0,54.0,23.0,47.0,20.0,28.0,9.0,,,2.0,3.0,9.0,0.61342593,26.0,7.0,7.0,6.0,2.0,2.0,518.0992372,318.6879894,199.4112479,237.5476873,19.8928186,740.0,370.0,185.0,148.0,74.0,37.0,63.0,31.0,2.781233769,1.817536268,2.339297595,0.315977768,1.165160854,12.15757621,0.615109937,38.87640838,11.13951291,5.346966198,,,,,,1.0,,,,,,,,,,,,,,,,,,,,,,,,,,,,,,,,,,,,,,,,,,,,,,,,,,,,,,,,,,,,,,,,,,,,,,,,,,,,,,,,,,,,,,,,,,,,,,,,,,,,,,,,,,,,,,,,,,,,,,,,,1.0,,,,,,,,,,,,,,,,,,,,,,,,,,,,,,,,,,,,,,,,,,,,2021,,,,,,,,,,,,,,,,,,,,,,,,,,,,,,,,,,,,,
213.0,12.53,131.69,8.23,7.0,1.23529412,,3.0,,,,,,,,,,,,3.0,81.0,85.58823529,13.0,284.0,137.0,64.0,53.0,22.0,10.0,128.0,651.0,17.96296296,,2.0,,1.0,1.0,2.0,3.0,10.0,7.0,78.0,,2.0,17.0,3.897747871,1.470862995,0.135442925,0.004064922,4.0,2.0,1.0,,,,,0.007163304,0.005014313,0.001272244,4.34168e-05,6.059994144,59.15200495,5.882815374,0.228859237,0.196785216,0.128599138,189.0,94.0,47.0,37.0,18.0,73.39534961,14.0,7.0,2.254100558,0.06971445,117.3514628,12.94239504,0.232924159,0.003613419,0.041413191,0.779818441,0.821231632,0.019050068,0.436698327,0.455748395,0.455748395,16.05882353,Ja'Marr Chase,CIN,DRAFT,4,4362628,1,Stretchy Pups,WR,"{'1': {'team': 'MIN', 'date': datetime.datetime(2021, 9, 12, 13, 0)}, '2': {'team': 'CHI', 'date': datetime.datetime(2021, 9, 19, 13, 0)}, '3': {'team': 'PIT', 'date': datetime.datetime(2021, 9, 26, 13, 0)}, '4': {'team': 'JAX', 'date': datetime.datetime(2021, 9, 30, 20, 20)}, '5': {'team': 'GB', 'date': datetime.datetime(2021, 10, 10, 13, 0)}, '6': {'team': 'DET', 'date': datetime.datetime(2021, 10, 17, 13, 0)}, '7': {'team': 'BAL', 'date': datetime.datetime(2021, 10, 24, 13, 0)}, '8': {'team': 'NYJ', 'date': datetime.datetime(2021, 10, 31, 13, 0)}, '9': {'team': 'CLE', 'date': datetime.datetime(2021, 11, 7, 13, 0)}, '11': {'team': 'LV', 'date': datetime.datetime(2021, 11, 21, 16, 5)}, '12': {'team': 'PIT', 'date': datetime.datetime(2021, 11, 28, 13, 0)}, '13': {'team': 'LAC', 'date': datetime.datetime(2021, 12, 5, 13, 0)}, '14': {'team': 'SF', 'date': datetime.datetime(2021, 12, 12, 16, 25)}, '15': {'team': 'DEN', 'date': datetime.datetime(2021, 12, 19, 16, 5)}, '16': {'team': 'BAL', 'date': datetime.datetime(2021, 12, 26, 13, 0)}, '17': {'team': 'KC', 'date': datetime.datetime(2022, 1, 2, 13, 0)}, '18': {'team': 'CLE', 'date': datetime.datetime(2022, 1, 9, 13, 0)}}","['Rookie', 'RB/WR', 'WR', 'WR/TE', 'RB/WR/TE', 'OP', 'BE', 'IR']",WR,6.0,5.0,7.0,3.0,2.0,1.0,,,,,,,,,,,,1.0,3.0,,,,,,,,,,,,,,,,,,,,,,,,,,,,,,,,,,,,,,,,,,,,,,,,,,,,,,2.0,1.0,,,,,,,,,,,,,,,,,,,,,,,,,,,,,,,,,,,,,,,,,,,,,,,,,,,,,,,,,,,,,,,,,,,,,,,,,,,,,,,,,,,,,,,,,,,,,,,,,,,,,,,,,,,,,,,,,,,,,,,,,2.0,,,,,,,,,,,,,,,,,,,,,,,,,,,,,,,,,,,,,,,,,,,,,,2021,,,,,,,,,,,,,,,,,,,,,,,,,,,,,,,,,,,,,
50.0,3.57,67.84,4.85,1.0,0.28571429,,,,,,,,,,,,,,4.0,20.0,32.42857143,2.0,86.0,40.0,18.0,12.0,5.0,,34.0,175.0,22.7,,1.0,,1.0,1.0,1.0,2.0,9.0,5.0,12.0,,,14.0,,,,,,,,,,,,,,,,,37.44246273,2.477329072,0.120838989,0.325364623,0.212625781,106.0,53.0,26.0,21.0,10.0,32.62178523,6.0,3.0,0.453289179,0.014019253,57.57951317,16.27139557,0.120838989,0.001067538,,0.242622303,0.242622303,,0.13586849,0.13586849,0.13586849,14.17647059,DeSean Jackson,LV,DRAFT,83,11283,1,Stretchy Pups,BE,"{'1': {'team': 'BAL', 'date': datetime.datetime(2021, 9, 13, 20, 15)}, '2': {'team': 'PIT', 'date': datetime.datetime(2021, 9, 19, 13, 0)}, '3': {'team': 'MIA', 'date': datetime.datetime(2021, 9, 26, 16, 5)}, '4': {'team': 'LAC', 'date': datetime.datetime(2021, 10, 4, 20, 15)}, '5': {'team': 'CHI', 'date': datetime.datetime(2021, 10, 10, 16, 5)}, '6': {'team': 'DEN', 'date': datetime.datetime(2021, 10, 17, 16, 25)}, '7': {'team': 'PHI', 'date': datetime.datetime(2021, 10, 24, 16, 5)}, '9': {'team': 'NYG', 'date': datetime.datetime(2021, 11, 7, 13, 0)}, '10': {'team': 'KC', 'date': datetime.datetime(2021, 11, 14, 20, 20)}, '11': {'team': 'CIN', 'date': datetime.datetime(2021, 11, 21, 16, 5)}, '12': {'team': 'DAL', 'date': datetime.datetime(2021, 11, 25, 16, 30)}, '13': {'team': 'WSH', 'date': datetime.datetime(2021, 12, 5, 16, 5)}, '14': {'team': 'KC', 'date': datetime.datetime(2021, 12, 12, 13, 0)}, '15': {'team': 'CLE', 'date': datetime.datetime(2021, 12, 20, 17, 0)}, '16': {'team': 'DEN', 'date': datetime.datetime(2021, 12, 26, 16, 25)}, '17': {'team': 'IND', 'date': datetime.datetime(2022, 1, 2, 13, 0)}, '18': {'team': 'LAC', 'date': datetime.datetime(2022, 1, 9, 20, 20)}}","['RB/WR', 'WR', 'WR/TE', 'RB/WR/TE', 'OP', 'BE', 'IR']",BE,2.0,2.0,2.0,2.0,1.0,1.0,,,,,,,,,,,,,,,,,,,,,,,,,,,,,,,,,,,,,,,,,,,,,,,,,,,,,,,,,,,,,,,,,,,,1.0,,,,,,,,,,,,,,,,,,,,,,,,,,,,,,,,,,,,,,,,,,,,,,,,,,,,,,,,,,,,,,,,,,,,,,,,,,,,,,,,,,,,,,,,,,,,,,,,,,,,,,,,,,,,,,,,,,,,,,,,,,,,,,,,,,,,,,,,,,,,,,,,,,,,,,,,,,,,,,,,,,,,,,,2021,,,,,,,,,,,,,,,,,,,,,,,,,,,,,,,,,,,,,
170.0,10.62,61.99,4.13,153.0,38.625,6.0,117.0,55.0,22.0,19.0,7.0,1.0,22.0,6.0,,,1.0,,4.03921569,52.0,34.25,5.0,104.0,49.0,22.0,17.0,6.0,6.0,69.0,385.0,10.53846154,1.0,2.0,,,,,1.0,7.0,9.0,66.0,4.0,,16.0,55.90399194,16.89907919,1.607023164,0.060260575,51.0,25.0,12.0,10.0,5.0,11.0,5.0,0.105654058,0.073957841,0.168475935,0.005749437,4.569876068,12.88559438,0.934793233,0.047191818,0.078545432,0.05132944,38.0,19.0,9.0,7.0,3.0,21.85897185,4.0,2.0,0.07275988,0.002250306,29.81563089,8.911666541,0.107452393,0.00140318,0.22926131,0.089643268,0.318904578,0.105460203,0.05020023,0.155660433,0.155660433,15.11764706,Cordarrelle Patterson,ATL,ADD,12,15807,1,Stretchy Pups,RB,"{'1': {'team': 'PHI', 'date': datetime.datetime(2021, 9, 12, 13, 0)}, '2': {'team': 'TB', 'date': datetime.datetime(2021, 9, 19, 16, 5)}, '3': {'team': 'NYG', 'date': datetime.datetime(2021, 9, 26, 13, 0)}, '4': {'team': 'WSH', 'date': datetime.datetime(2021, 10, 3, 13, 0)}, '5': {'team': 'NYJ', 'date': datetime.datetime(2021, 10, 10, 9, 30)}, '7': {'team': 'MIA', 'date': datetime.datetime(2021, 10, 24, 13, 0)}, '8': {'team': 'CAR', 'date': datetime.datetime(2021, 10, 31, 13, 0)}, '9': {'team': 'NO', 'date': datetime.datetime(2021, 11, 7, 13, 0)}, '10': {'team': 'DAL', 'date': datetime.datetime(2021, 11, 14, 13, 0)}, '11': {'team': 'NE', 'date': datetime.datetime(2021, 11, 18, 20, 20)}, '12': {'team': 'JAX', 'date': datetime.datetime(2021, 11, 28, 13, 0)}, '13': {'team': 'TB', 'date': datetime.datetime(2021, 12, 5, 13, 0)}, '14': {'team': 'CAR', 'date': datetime.datetime(2021, 12, 12, 13, 0)}, '15': {'team': 'SF', 'date': datetime.datetime(2021, 12, 19, 16, 5)}, '16': {'team': 'DET', 'date': datetime.datetime(2021, 12, 26, 13, 0)}, '17': {'team': 'BUF', 'date': datetime.datetime(2022, 1, 2, 13, 0)}, '18': {'team': 'NO', 'date': datetime.datetime(2022, 1, 9, 16, 25)}}","['RB', 'RB/WR', 'RB/WR/TE', 'OP', 'BE', 'IR']",RB,1.0,,1.0,1.0,,,434.0,38.0,14.0,0.470368512,,900.3813953,,90.0,36.0,,,,1.0,,1.0,,1.0,,,,,,,,,,,,,,,,,,,,,,,,,,,,,,,,,,,,,,,,,,,,,,,,,,3.0,1.0,2.0,,,,,,,,,,,,,,,,,,,,,,,,,,,,,,,,,,,,,,,,,,,,,,,,,,,,,,,,,,,,,,,,,,,,,,,,,,,,,,,,,,,,,,,,,,,,,,,,,,,,,,,,,,,,,,,,,,,,,,,,,,,,,,,,,,,,,,,,,,,,,,,,,,,,,,,,,,,,,,,,,,,,,,2021,,,,,,,,,,,,,,,,,,,,,,,,,,,,,,,,,,,,,
108.0,7.2,70.4,4.4,,0.26666667,,,,,,,,,,,,,,,49.0,39.13333333,9.0,112.0,52.0,22.0,16.0,4.0,3.0,71.0,277.0,11.97959184,,,,,,2.0,2.0,10.0,5.0,54.0,,,15.0,,,,,,,,,,,,,,,,,27.38374138,4.613409912,0.192871501,0.11595021,0.075773462,87.0,43.0,21.0,17.0,8.0,39.57619175,7.0,3.0,0.278484468,0.008612922,61.52623211,11.11149534,0.192871501,0.002690615,,0.611503364,0.611503364,,0.342441884,0.342441884,0.342441884,16.05882353,Dawson Knox,BUF,ADD,6,3930086,1,Stretchy Pups,TE,"{'1': {'team': 'PIT', 'date': datetime.datetime(2021, 9, 12, 13, 0)}, '2': {'team': 'MIA', 'date': datetime.datetime(2021, 9, 19, 13, 0)}, '3': {'team': 'WSH', 'date': datetime.datetime(2021, 9, 26, 13, 0)}, '4': {'team': 'HOU', 'date': datetime.datetime(2021, 10, 3, 13, 0)}, '5': {'team': 'KC', 'date': datetime.datetime(2021, 10, 10, 20, 20)}, '6': {'team': 'TEN', 'date': datetime.datetime(2021, 10, 18, 20, 15)}, '8': {'team': 'MIA', 'date': datetime.datetime(2021, 10, 31, 13, 0)}, '9': {'team': 'JAX', 'date': datetime.datetime(2021, 11, 7, 13, 0)}, '10': {'team': 'NYJ', 'date': datetime.datetime(2021, 11, 14, 13, 0)}, '11': {'team': 'IND', 'date': datetime.datetime(2021, 11, 21, 13, 0)}, '12': {'team': 'NO', 'date': datetime.datetime(2021, 11, 25, 20, 20)}, '13': {'team': 'NE', 'date': datetime.datetime(2021, 12, 6, 20, 15)}, '14': {'team': 'TB', 'date': datetime.datetime(2021, 12, 12, 16, 25)}, '15': {'team': 'CAR', 'date': datetime.datetime(2021, 12, 19, 13, 0)}, '16': {'team': 'NE', 'date': datetime.datetime(2021, 12, 26, 13, 0)}, '17': {'team': 'ATL', 'date': datetime.datetime(2022, 1, 2, 13, 0)}, '18': {'team': 'NYJ', 'date': datetime.datetime(2022, 1, 9, 16, 25)}}","['WR/TE', 'TE', 'RB/WR/TE', 'OP', 'BE', 'IR']",TE,1.0,1.0,1.0,1.0,,,,,,,,,,,,,,,4.0,2.0,,,,,,,,,,,,,,,,,,,1.0,,,,,,,,,,,,,,,,,,,,,,,,,,,,,,,,,,2.0,,,,1.0,,,,,,,,,,,,,,,,,,,,,,,,,,,,,,,,,,,,,,,,,,,,,,,,,,,,,,,,,,,,,,,,,,,,,,,,,,,,,,,,,,,,,,,,,,,,,,,,,,,,,,,,,,,,,,,,,,,,,,,,,,,,,,,,,,,,,,,,,,,,,,,,,,,,,,,,,,,,,,,,,,,,2021,,,,,,,,,,,,,,,,,,,,,,,,,,,,,,,,,,,,,
100.0,6.25,25.7,1.84,133.0,36.0,5.0,107.0,50.0,21.0,17.0,6.0,,20.0,7.0,,,,,4.33082707,34.0,11.875,1.0,33.0,14.0,6.0,4.0,,3.0,42.0,178.0,5.58823529,,,,,,1.0,1.0,8.0,8.0,36.0,5.0,,16.0,36.06279591,10.11279108,1.218844837,0.032639201,28.0,14.0,7.0,5.0,2.0,7.0,3.0,0.067516263,0.047261384,0.055082761,0.001879763,3.958894801,2.754877501,0.258106313,0.013143965,0.045411152,0.029676188,7.0,3.0,1.0,1.0,,5.253518269,1.0,,0.020388146,0.000630561,6.715047306,7.403112782,0.045783167,0.00122028,0.242072134,0.035264331,0.277336465,0.111353182,0.019748025,0.131101207,0.131101207,14.11764706,Devonta Freeman,BAL,ADD,33,16944,1,Stretchy Pups,BE,"{'1': {'team': 'LV', 'date': datetime.datetime(2021, 9, 13, 20, 15)}, '2': {'team': 'KC', 'date': datetime.datetime(2021, 9, 19, 20, 20)}, '3': {'team': 'DET', 'date': datetime.datetime(2021, 9, 26, 13, 0)}, '4': {'team': 'DEN', 'date': datetime.datetime(2021, 10, 3, 16, 25)}, '5': {'team': 'IND', 'date': datetime.datetime(2021, 10, 11, 20, 15)}, '6': {'team': 'LAC', 'date': datetime.datetime(2021, 10, 17, 13, 0)}, '7': {'team': 'CIN', 'date': datetime.datetime(2021, 10, 24, 13, 0)}, '9': {'team': 'MIN', 'date': datetime.datetime(2021, 11, 7, 13, 0)}, '10': {'team': 'MIA', 'date': datetime.datetime(2021, 11, 11, 20, 20)}, '11': {'team': 'CHI', 'date': datetime.datetime(2021, 11, 21, 13, 0)}, '12': {'team': 'CLE', 'date': datetime.datetime(2021, 11, 28, 20, 20)}, '13': {'team': 'PIT', 'date': datetime.datetime(2021, 12, 5, 16, 25)}, '14': {'team': 'CLE', 'date': datetime.datetime(2021, 12, 12, 13, 0)}, '15': {'team': 'GB', 'date': datetime.datetime(2021, 12, 19, 16, 25)}, '16': {'team': 'CIN', 'date': datetime.datetime(2021, 12, 26, 13, 0)}, '17': {'team': 'LAR', 'date': datetime.datetime(2022, 1, 2, 13, 0)}, '18': {'team': 'PIT', 'date': datetime.datetime(2022, 1, 9, 13, 0)}}","['RB', 'RB/WR', 'RB/WR/TE', 'OP', 'BE', 'IR']",BE,,,,,,,,,,,,,,,,,,,1.0,,,,,,,,,,,,,,,,,,,,,,,,,,,,,,,,,,,,,,,,,,,,,,,,,,,,,,,,,,,,,,,,,,,,,,,,,,,,,,,,,,,,,,,,,,,,,,,,,,,,,,,,,,,,,,,,,,,,,,,,,,,,,,,,,,,,,,,,,,,,,,,,,,,,,,,,,,,,,,,,,,,,,,,,,,,,,,,,,,,,,,,,,,,,,,,,,,,,,,,,,,,,,,,,,,,,,,,,,,,,,,2021,,,,,,,,,,,,,,,,,,,,,,,,,,,,,,,,,,,,,
147.0,8.65,107.68,6.33,,,,,,,,,,,,,,,,,,,,,,,,,,,,,,,,,,724.0,1123.0,10.0,7.0,,,,17.0,,,,,,,,,,,,,,,,,,,,,,,,,,,,,,,,,,,,,,,,,,,17.0,Patriots D/ST,NE,ADD,2,-16017,1,Stretchy Pups,D/ST,"{'1': {'team': 'MIA', 'date': datetime.datetime(2021, 9, 12, 16, 25)}, '2': {'team': 'NYJ', 'date': datetime.datetime(2021, 9, 19, 13, 0)}, '3': {'team': 'NO', 'date': datetime.datetime(2021, 9, 26, 13, 0)}, '4': {'team': 'TB', 'date': datetime.datetime(2021, 10, 3, 20, 20)}, '5': {'team': 'HOU', 'date': datetime.datetime(2021, 10, 10, 13, 0)}, '6': {'team': 'DAL', 'date': datetime.datetime(2021, 10, 17, 16, 25)}, '7': {'team': 'NYJ', 'date': datetime.datetime(2021, 10, 24, 13, 0)}, '8': {'team': 'LAC', 'date': datetime.datetime(2021, 10, 31, 16, 5)}, '9': {'team': 'CAR', 'date': datetime.datetime(2021, 11, 7, 13, 0)}, '10': {'team': 'CLE', 'date': datetime.datetime(2021, 11, 14, 13, 0)}, '11': {'team': 'ATL', 'date': datetime.datetime(2021, 11, 18, 20, 20)}, '12': {'team': 'TEN', 'date': datetime.datetime(2021, 11, 28, 13, 0)}, '13': {'team': 'BUF', 'date': datetime.datetime(2021, 12, 6, 20, 15)}, '15': {'team': 'IND', 'date': datetime.datetime(2021, 12, 18, 20, 15)}, '16': {'team': 'BUF', 'date': datetime.datetime(2021, 12, 26, 13, 0)}, '17': {'team': 'JAX', 'date': datetime.datetime(2022, 1, 2, 13, 0)}, '18': {'team': 'MIA', 'date': datetime.datetime(2022, 1, 9, 16, 25)}}","['D/ST', 'BE', 'IR']",D/ST,,,,,,,544.0,48.0,15.0,0.154322,0.359652,701.3111111,338.625,70.0,28.0,33.0,13.0,,,,,,,,,,,,,,,,,,,,,,,,,,,,,,,,,,,,,,,,,,,,,,,,,,,,,,,,,399.0,,,11.0,,,,,,,,,,,,,,,,,,,,,,,,,,,,,,,,,,,7.0,1.0,2.0,5.0,1.0,3.0,23.0,,,36.0,72.0,,,3.0,3.0,369.0,218.0,40.0,88.0,316.0,29.0,6.0,279.0,2.0,4.0,2.0,0.0,5284.0,0.0,1.0,9.0,1.0,4.0,1.0,0.0,0.0,1.0,1.0,2.0,5.0,1.0,2.0,4.0,2.0,0.0,0.254378941,1.14853368,3.879491542,3.335001501,0.082915686,1.59448785,12.52869929,7.234730333,1.042435365,0.55896465,38.84534834,77.69069669,1.057376174,0.537111675,2.191377536,11.13035436,1035.163102,345.0,207.0,67.27027148,363.111319,2.467220498,3.207386648,1.965268742,0.672104894,0.070613552,21.35948935,5981.854679,0.604134341,4.935181941,4.075779569,3.760948996,2.237849742,0.935982782,0.357375244,0.092747385,351.8738047,-363.111319,,,,,,,,,,,,,,,,,,,,,,,,,,,,,,,,,,,,,,,,,,,,,,,2021,,,,,,,,,,,,,,,,,,,,,,,,,,,,,,,,,,,,,
76.0,5.43,133.2,10.25,2.0,1.0,,2.0,1.0,,,,,,,,,,,7.0,44.0,38.35714286,5.0,101.0,45.0,19.0,16.0,4.0,5.0,82.0,151.0,12.20454545,,,,,,2.0,2.0,8.0,6.0,30.0,,,14.0,4.529242812,2.364877405,0.21520053,0.005990844,6.0,3.0,1.0,1.0,,,,0.00832675,0.005828725,0.002477834,8.4559e-05,7.140967621,65.07463069,6.758527367,0.329268113,0.205304592,0.134166551,177.0,88.0,44.0,35.0,17.0,63.76840622,12.0,6.0,1.854296011,0.057349361,108.721175,13.95661779,0.342589237,0.002917775,0.042099389,0.592728417,0.663130759,0.019365719,0.331927914,0.36487905,0.450801081,13.67647059,Odell Beckham Jr.,LAR,ADD,54,16733,1,Stretchy Pups,BE,"{'1': {'team': 'CHI', 'date': datetime.datetime(2021, 9, 12, 20, 20)}, '2': {'team': 'IND', 'date': datetime.datetime(2021, 9, 19, 13, 0)}, '3': {'team': 'TB', 'date': datetime.datetime(2021, 9, 26, 16, 25)}, '4': {'team': 'ARI', 'date': datetime.datetime(2021, 10, 3, 16, 5)}, '5': {'team': 'SEA', 'date': datetime.datetime(2021, 10, 7, 20, 20)}, '6': {'team': 'NYG', 'date': datetime.datetime(2021, 10, 17, 13, 0)}, '7': {'team': 'DET', 'date': datetime.datetime(2021, 10, 24, 16, 5)}, '8': {'team': 'HOU', 'date': datetime.datetime(2021, 10, 31, 13, 0)}, '9': {'team': 'TEN', 'date': datetime.datetime(2021, 11, 7, 20, 20)}, '10': {'team': 'SF', 'date': datetime.datetime(2021, 11, 15, 20, 15)}, '12': {'team': 'GB', 'date': datetime.datetime(2021, 11, 28, 16, 25)}, '13': {'team': 'JAX', 'date': datetime.datetime(2021, 12, 5, 16, 5)}, '14': {'team': 'ARI', 'date': datetime.datetime(2021, 12, 13, 20, 15)}, '15': {'team': 'SEA', 'date': datetime.datetime(2021, 12, 21, 19, 0)}, '16': {'team': 'MIN', 'date': datetime.datetime(2021, 12, 26, 13, 0)}, '17': {'team': 'BAL', 'date': datetime.datetime(2022, 1, 2, 13, 0)}, '18': {'team': 'SF', 'date': datetime.datetime(2022, 1, 9, 16, 25)}}","['RB/WR', 'WR', 'WR/TE', 'RB/WR/TE', 'OP', 'BE', 'IR']",BE,1.0,1.0,,,,,,,,,,,,,,,,,4.0,,,,,,,,,,,,,,,,,,,,,,,,,,,,,2.770058994,1.680550691,1.089508303,1.274588941,0.139836248,3.0,1.0,,,,,,,0.070647229,0.046167964,0.028012612,0.003783769,0.007330281,0.085922031,0.60668408,0.274900864,0.028302954,0.013585418,,,,,,,,,,,,,,,,,,,,,,,,,,,,,,,,,,,,,,,,,,,,,,,,,,,,,,,,,,,,,,,,,,,,,,,,,,,,,,,,,,,,,,,,,,,,,,,,,,,,,,,,,,,,,,,,,,,,,,,,,,,,,,,,,,,,,,,,,,,,,,,,,,,,,,,,,,,,,,,,,,,,,,,,,,,2021,,,,,,,,,,,,,,,,,,,,,,,,,,,,,,,,,,,,,
64.0,4.92,102.9,9.35,,,,,,,,,,,,,,,,,,,,,,,,,,,,,,,,,,,,2.0,11.0,58.0,,,13.0,,,,,,,,,,,,,,,,,,,,,,,,,,,,,,,,,,,,,,,,,,,11.80555556,Ka'imi Fairbairn,HOU,ADD,29,2971573,1,Stretchy Pups,BE,"{'1': {'team': 'JAX', 'date': datetime.datetime(2021, 9, 12, 13, 0)}, '2': {'team': 'CLE', 'date': datetime.datetime(2021, 9, 19, 13, 0)}, '3': {'team': 'CAR', 'date': datetime.datetime(2021, 9, 23, 20, 20)}, '4': {'team': 'BUF', 'date': datetime.datetime(2021, 10, 3, 13, 0)}, '5': {'team': 'NE', 'date': datetime.datetime(2021, 10, 10, 13, 0)}, '6': {'team': 'IND', 'date': datetime.datetime(2021, 10, 17, 13, 0)}, '7': {'team': 'ARI', 'date': datetime.datetime(2021, 10, 24, 16, 25)}, '8': {'team': 'LAR', 'date': datetime.datetime(2021, 10, 31, 13, 0)}, '9': {'team': 'MIA', 'date': datetime.datetime(2021, 11, 7, 13, 0)}, '11': {'team': 'TEN', 'date': datetime.datetime(2021, 11, 21, 13, 0)}, '12': {'team': 'NYJ', 'date': datetime.datetime(2021, 11, 28, 13, 0)}, '13': {'team': 'IND', 'date': datetime.datetime(2021, 12, 5, 13, 0)}, '14': {'team': 'SEA', 'date': datetime.datetime(2021, 12, 12, 13, 0)}, '15': {'team': 'JAX', 'date': datetime.datetime(2021, 12, 19, 13, 0)}, '16': {'team': 'LAC', 'date': datetime.datetime(2021, 12, 26, 13, 0)}, '17': {'team': 'SF', 'date': datetime.datetime(2022, 1, 2, 16, 5)}, '18': {'team': 'TEN', 'date': datetime.datetime(2022, 1, 9, 13, 0)}}","['K', 'BE', 'IR']",BE,,,,,,,,,,,,,,,,,,,,,,,,,,,,,,,,,,,,,,,,,,,,,,,,,,,,,,,,,,,,,,,,,,,,,,,,,,,,,,4.0,6.0,2.0,4.0,2.0,9.0,9.0,,15.0,19.0,4.0,13.0,16.0,3.0,3.0,5.0,2.739154199,4.23593695,1.496782751,6.706470214,8.776418387,2.069948173,13.9023643,14.67350708,0.771142782,23.34798871,27.68586242,4.337873706,25.00425966,26.38563767,1.381378014,2.739154199,4.23593695,1.496782751,,,,,,,,,,,,,,,,,,,,,,,,,,,,,,,,,,,,,,,,,,,,,,,,,,,,,,,,,,,,,,,,,,,,,,,,,,,,,,,,,,,,,,,2.0,2.0,1.0,,,,,,,,,,,,,,1.0,,,,,,,,,,,,,,,,,,,,,,,,,,,2021,,,,,,,,,,,,,,,,,,,,,,,,,,,,,,,,,,,,,
133.0,7.82,132.69,7.81,,,,,,,,,,,,,,,,,,,,,,,,,,,,,,,,,,,,13.0,4.0,131.0,,,17.0,,,,,,,,,,,,,,,,,,,,,,,,,,,,,,,,,,,,,,,,,,,17.0,Ryan Succop,TB,ADD,14,12731,1,Stretchy Pups,K,"{'1': {'team': 'DAL', 'date': datetime.datetime(2021, 9, 9, 20, 20)}, '2': {'team': 'ATL', 'date': datetime.datetime(2021, 9, 19, 16, 5)}, '3': {'team': 'LAR', 'date': datetime.datetime(2021, 9, 26, 16, 25)}, '4': {'team': 'NE', 'date': datetime.datetime(2021, 10, 3, 20, 20)}, '5': {'team': 'MIA', 'date': datetime.datetime(2021, 10, 10, 13, 0)}, '6': {'team': 'PHI', 'date': datetime.datetime(2021, 10, 14, 20, 20)}, '7': {'team': 'CHI', 'date': datetime.datetime(2021, 10, 24, 16, 25)}, '8': {'team': 'NO', 'date': datetime.datetime(2021, 10, 31, 16, 25)}, '10': {'team': 'WSH', 'date': datetime.datetime(2021, 11, 14, 13, 0)}, '11': {'team': 'NYG', 'date': datetime.datetime(2021, 11, 22, 20, 15)}, '12': {'team': 'IND', 'date': datetime.datetime(2021, 11, 28, 13, 0)}, '13': {'team': 'ATL', 'date': datetime.datetime(2021, 12, 5, 13, 0)}, '14': {'team': 'BUF', 'date': datetime.datetime(2021, 12, 12, 16, 25)}, '15': {'team': 'NO', 'date': datetime.datetime(2021, 12, 19, 20, 20)}, '16': {'team': 'CAR', 'date': datetime.datetime(2021, 12, 26, 13, 0)}, '17': {'team': 'NYJ', 'date': datetime.datetime(2022, 1, 2, 13, 0)}, '18': {'team': 'CAR', 'date': datetime.datetime(2022, 1, 9, 16, 25)}}","['K', 'BE', 'IR']",K,,,,,,,,,,,,,,,,,,,,,,,,,,,,,,,,,,,,,,,,,,,,,,,,,,,,,,,,,,,,,,,,,,,,,,,,,,,,,,,1.0,7.0,10.0,3.0,18.0,19.0,1.0,25.0,30.0,5.0,56.0,59.0,3.0,,1.0,2.961015837,4.636303321,1.675287484,7.263612604,9.60593564,2.342323036,15.08808114,16.06039713,0.972315986,25.31270958,30.30263609,4.989926507,48.55875544,51.67700905,3.118253613,2.961015837,4.636303321,1.675287484,,,,,,,,,,,,,,,,,,,,,,,,,,,,,,,,,,,,,,,,,,,,,,,,,,,,,,,,,,,,,,,,,,,,,,,,,,,,,,,,,,,,,,,1.0,1.0,,,,,,,,,,,,,,,,,,,,,,,,,,,,,,,,,,,,,,,,,,2021,,,,,,,,,,,,,,,,,,,,,,,,,,,,,,,,,,,,,
109.0,6.41,119.8,7.05,,,,,,,,,,,,,,,,,,,,,,,,,,,,,,,,,,641.0,1022.0,7.0,10.0,,,,17.0,,,,,,,,,,,,,,,,,,,,,,,,,,,,,,,,,,,,,,,,,,,17.0,Broncos D/ST,DEN,ADD,8,-16007,1,Stretchy Pups,BE,"{'1': {'team': 'NYG', 'date': datetime.datetime(2021, 9, 12, 16, 25)}, '2': {'team': 'JAX', 'date': datetime.datetime(2021, 9, 19, 13, 0)}, '3': {'team': 'NYJ', 'date': datetime.datetime(2021, 9, 26, 16, 5)}, '4': {'team': 'BAL', 'date': datetime.datetime(2021, 10, 3, 16, 25)}, '5': {'team': 'PIT', 'date': datetime.datetime(2021, 10, 10, 13, 0)}, '6': {'team': 'LV', 'date': datetime.datetime(2021, 10, 17, 16, 25)}, '7': {'team': 'CLE', 'date': datetime.datetime(2021, 10, 21, 20, 20)}, '8': {'team': 'WSH', 'date': datetime.datetime(2021, 10, 31, 16, 25)}, '9': {'team': 'DAL', 'date': datetime.datetime(2021, 11, 7, 13, 0)}, '10': {'team': 'PHI', 'date': datetime.datetime(2021, 11, 14, 16, 25)}, '12': {'team': 'LAC', 'date': datetime.datetime(2021, 11, 28, 16, 5)}, '13': {'team': 'KC', 'date': datetime.datetime(2021, 12, 5, 20, 20)}, '14': {'team': 'DET', 'date': datetime.datetime(2021, 12, 12, 16, 5)}, '15': {'team': 'CIN', 'date': datetime.datetime(2021, 12, 19, 16, 5)}, '16': {'team': 'LV', 'date': datetime.datetime(2021, 12, 26, 16, 25)}, '17': {'team': 'LAC', 'date': datetime.datetime(2022, 1, 2, 16, 5)}, '18': {'team': 'KC', 'date': datetime.datetime(2022, 1, 8, 16, 30)}}","['D/ST', 'BE', 'IR']",BE,,,,,,,291.0,25.0,7.0,0.154322,0.350437714,721.78,283.1857143,72.0,28.0,28.0,11.0,,,,,,,,,,,,,,,,,,,,,,,,,,,,,,,,,,,,,,,,,,,,,,,,,,,,,,,,,381.0,,,6.0,,,,,,,,,,,,,,,,,,,,,,,,,,,,,,,,,,,6.0,1.0,0.0,5.0,5.0,1.0,13.0,3.0,,36.0,72.0,,,1.0,1.0,334.0,196.0,43.0,73.0,230.0,16.0,3.0,304.0,0.0,4.0,2.0,0.0,5544.0,0.0,2.0,3.0,5.0,5.0,2.0,0.0,0.0,0.0,1.0,0.0,5.0,5.0,0.0,4.0,2.0,0.0,0.301321851,1.361906669,4.477268175,3.677148007,0.064768046,1.563939485,12.60255823,7.700403272,1.057681417,0.571803093,40.084977,80.16995399,1.011976568,0.551962917,2.133467246,11.84677426,986.693127,328.0,197.0,67.24667374,353.8644919,2.468455838,2.911075506,1.498097336,0.289405167,0.01532145,20.81555835,5983.142396,0.578520669,4.764287859,4.015614053,3.794414973,2.331097988,1.020918827,0.391352217,0.103793414,351.9495527,-353.8644919,,,,,,,,,,,,,,,,,,,,,,,,,,,,,,,,,,,,,,,,,,,,,,,2021,,,,,,,,,,,,,,,,,,,,,,,,,,,,,,,,,,,,,
180.0,11.25,166.48,10.4,1.0,0.625,,2.0,1.0,,,,,,,,,,,10.0,74.0,64.6875,14.0,200.0,95.0,43.0,33.0,12.0,9.0,114.0,259.0,13.98648649,,,,,,2.0,2.0,12.0,4.0,84.0,,1.0,16.0,,,,,,,,,,,,,,,,,69.11789071,9.393884564,0.373562444,0.269678882,0.17623515,221.0,110.0,55.0,44.0,22.0,76.36721929,15.0,7.0,3.255559703,0.100687413,126.4325777,14.5344039,0.373562444,0.002539217,,0.577094882,0.577094882,,0.323173134,0.323173134,0.323173134,16.05882353,Mike Evans,TB,DRAFT,6,16737,3,South Bay Starr Power,WR,"{'1': {'team': 'DAL', 'date': datetime.datetime(2021, 9, 9, 20, 20)}, '2': {'team': 'ATL', 'date': datetime.datetime(2021, 9, 19, 16, 5)}, '3': {'team': 'LAR', 'date': datetime.datetime(2021, 9, 26, 16, 25)}, '4': {'team': 'NE', 'date': datetime.datetime(2021, 10, 3, 20, 20)}, '5': {'team': 'MIA', 'date': datetime.datetime(2021, 10, 10, 13, 0)}, '6': {'team': 'PHI', 'date': datetime.datetime(2021, 10, 14, 20, 20)}, '7': {'team': 'CHI', 'date': datetime.datetime(2021, 10, 24, 16, 25)}, '8': {'team': 'NO', 'date': datetime.datetime(2021, 10, 31, 16, 25)}, '10': {'team': 'WSH', 'date': datetime.datetime(2021, 11, 14, 13, 0)}, '11': {'team': 'NYG', 'date': datetime.datetime(2021, 11, 22, 20, 15)}, '12': {'team': 'IND', 'date': datetime.datetime(2021, 11, 28, 13, 0)}, '13': {'team': 'ATL', 'date': datetime.datetime(2021, 12, 5, 13, 0)}, '14': {'team': 'BUF', 'date': datetime.datetime(2021, 12, 12, 16, 25)}, '15': {'team': 'NO', 'date': datetime.datetime(2021, 12, 19, 20, 20)}, '16': {'team': 'CAR', 'date': datetime.datetime(2021, 12, 26, 13, 0)}, '17': {'team': 'NYJ', 'date': datetime.datetime(2022, 1, 2, 13, 0)}, '18': {'team': 'CAR', 'date': datetime.datetime(2022, 1, 9, 16, 25)}}","['RB/WR', 'WR', 'WR/TE', 'RB/WR/TE', 'OP', 'BE', 'IR']",WR,2.0,,2.0,2.0,,,,,,,,,,,,,,,8.0,2.0,,,,,,,,,,,,,,,,,,,,,,,,,,,,,,,,,,,,,,,,,,,,,,,,,,,,,1.0,,,,,,,,,,,,,,,,,,,,,,,,,,,,,,,,,,,,,,,,,,,,,,,,,,,,,,,,,,,,,,,,,,,,,,,,,,,,,,,,,,,,,,,,,,,,,,,,,,,,,,,,,,,,,,,,,,,,,,,,,,,,,,,,,,,,,,,,,,,,,,,,,,,,,,,,,,,,,,,,,,,,,,,,2021,,,,,,,,,,,,,,,,,,,,,,,,,,,,,,,,,,,,,
121.0,8.64,142.56,8.91,3.0,1.42857143,,3.0,,,,,,,,,,,,6.66666667,71.0,65.0,6.0,177.0,87.0,39.0,31.0,12.0,8.0,94.0,450.0,12.81690141,,2.0,,1.0,1.0,2.0,2.0,9.0,5.0,36.0,,,14.0,4.730941709,1.251474949,0.352719538,0.010404543,4.0,2.0,1.0,,,,,0.008698486,0.00608894,0.000900047,3.07152e-05,4.248036986,64.38046537,5.896642053,0.342316553,0.257870422,0.168518321,206.0,103.0,51.0,41.0,20.0,82.27013383,16.0,8.0,2.749605884,0.085039357,119.1643927,12.56682691,0.352721096,0.002611585,0.032275606,0.561266364,0.59354197,0.014846779,0.314309164,0.329155943,0.329155943,16.05882353,George Kittle,SF,DRAFT,4,3040151,3,South Bay Starr Power,TE,"{'1': {'team': 'DET', 'date': datetime.datetime(2021, 9, 12, 13, 0)}, '2': {'team': 'PHI', 'date': datetime.datetime(2021, 9, 19, 13, 0)}, '3': {'team': 'GB', 'date': datetime.datetime(2021, 9, 26, 20, 20)}, '4': {'team': 'SEA', 'date': datetime.datetime(2021, 10, 3, 16, 5)}, '5': {'team': 'ARI', 'date': datetime.datetime(2021, 10, 10, 16, 25)}, '7': {'team': 'IND', 'date': datetime.datetime(2021, 10, 24, 20, 20)}, '8': {'team': 'CHI', 'date': datetime.datetime(2021, 10, 31, 13, 0)}, '9': {'team': 'ARI', 'date': datetime.datetime(2021, 11, 7, 16, 25)}, '10': {'team': 'LAR', 'date': datetime.datetime(2021, 11, 15, 20, 15)}, '11': {'team': 'JAX', 'date': datetime.datetime(2021, 11, 21, 13, 0)}, '12': {'team': 'MIN', 'date': datetime.datetime(2021, 11, 28, 16, 25)}, '13': {'team': 'SEA', 'date': datetime.datetime(2021, 12, 5, 16, 25)}, '14': {'team': 'CIN', 'date': datetime.datetime(2021, 12, 12, 16, 25)}, '15': {'team': 'ATL', 'date': datetime.datetime(2021, 12, 19, 16, 5)}, '16': {'team': 'TEN', 'date': datetime.datetime(2021, 12, 23, 20, 20)}, '17': {'team': 'HOU', 'date': datetime.datetime(2022, 1, 2, 16, 5)}, '18': {'team': 'LAR', 'date': datetime.datetime(2022, 1, 9, 16, 25)}}","['WR/TE', 'TE', 'RB/WR/TE', 'OP', 'BE', 'IR']",TE,1.0,,3.0,3.0,2.0,1.0,,,,,,,,,,,,1.0,3.0,1.0,,,,,,,,,,,,,,,,,,,,,,,,,,,,,,,,,,,,,,,,,,,,,,,,,,,,,1.0,,,,,,,,,,,,,,,,,,,,,,,,,,,,,,,,,,,,,,,,,,,,,,,,,,,,,,,,,,,,,,,,,,,,,,,,,,,,,,,,,,,,,,,,,,,,,,,,,,,,,,,,,,,,,,,,,,,,,,,,,,,,,,,,,,,,,,,,,,,,,,,,,,,,,,,,,,,,,,,,,,,,,,,,2021,,,,,,,,,,,,,,,,,,,,,,,,,,,,,,,,,,,,,
285.0,16.76,142.05,8.88,4.0,1.05882353,,3.0,1.0,,,,,,,,,,,4.5,145.0,114.52941176,16.0,383.0,186.0,88.0,68.0,30.0,22.0,191.0,846.0,13.42758621,,,,,,1.0,1.0,12.0,5.0,98.0,,,17.0,4.091522257,1.580663056,0.170456651,0.004768829,5.0,2.0,1.0,1.0,,,,0.007520255,0.005264179,0.001491252,5.08907e-05,6.203947449,66.51402129,5.548118765,0.270577716,0.191623545,0.125225987,213.0,106.0,53.0,42.0,21.0,91.61896042,18.0,9.0,2.964934908,0.091699018,132.6838618,11.65847031,0.275346545,0.003856928,0.037472637,0.839101882,0.876574519,0.017237413,0.469897054,0.487134467,0.487134467,16.05882353,Cooper Kupp,LAR,DRAFT,1,2977187,3,South Bay Starr Power,WR,"{'1': {'team': 'CHI', 'date': datetime.datetime(2021, 9, 12, 20, 20)}, '2': {'team': 'IND', 'date': datetime.datetime(2021, 9, 19, 13, 0)}, '3': {'team': 'TB', 'date': datetime.datetime(2021, 9, 26, 16, 25)}, '4': {'team': 'ARI', 'date': datetime.datetime(2021, 10, 3, 16, 5)}, '5': {'team': 'SEA', 'date': datetime.datetime(2021, 10, 7, 20, 20)}, '6': {'team': 'NYG', 'date': datetime.datetime(2021, 10, 17, 13, 0)}, '7': {'team': 'DET', 'date': datetime.datetime(2021, 10, 24, 16, 5)}, '8': {'team': 'HOU', 'date': datetime.datetime(2021, 10, 31, 13, 0)}, '9': {'team': 'TEN', 'date': datetime.datetime(2021, 11, 7, 20, 20)}, '10': {'team': 'SF', 'date': datetime.datetime(2021, 11, 15, 20, 15)}, '12': {'team': 'GB', 'date': datetime.datetime(2021, 11, 28, 16, 25)}, '13': {'team': 'JAX', 'date': datetime.datetime(2021, 12, 5, 16, 5)}, '14': {'team': 'ARI', 'date': datetime.datetime(2021, 12, 13, 20, 15)}, '15': {'team': 'SEA', 'date': datetime.datetime(2021, 12, 21, 19, 0)}, '16': {'team': 'MIN', 'date': datetime.datetime(2021, 12, 26, 13, 0)}, '17': {'team': 'BAL', 'date': datetime.datetime(2022, 1, 2, 13, 0)}, '18': {'team': 'SF', 'date': datetime.datetime(2022, 1, 9, 16, 25)}}","['RB/WR', 'WR', 'WR/TE', 'RB/WR/TE', 'OP', 'BE', 'IR']",WR,1.0,1.0,11.0,11.0,,,20.0,1.0,,,0.023736,,21.156,,,2.0,,5.0,7.0,2.0,1.0,,1.0,,,,,,,,,,,,,,,,,,,,,,,,,,,,,,,,,,,,,,,,,,,,,,,,1.0,,7.0,,,,,,,,,,,,,,,,,,,,,,,,,,,,,,,,,,,,,,,,,,,,,,,,,,,,,,,,,,8.0,,,,,,,,,,,,,,,,,,,,,,,,,,,,,,,,,,,,,,,,,,,,,,,,,,,,,,,,,,,,,,,,,,,,,,,,,,,,,,,,,,,,,,,,,,,,,,,,,,,,,,,,,,,,,,2021,,,,,,,,,,,,,,,,,,,,,,,,,,,,,,,,,,,,,
385.0,22.65,375.82,23.49,122.0,44.88235294,6.0,144.0,68.0,31.0,23.0,8.0,1.0,18.0,4.0,,,1.0,,6.25409836,,,,,,,,,,,,,5.0,8.0,2.0,3.0,18.0,2.0,2.0,11.0,6.0,256.0,5.0,,17.0,102.9657754,32.86490348,7.461669437,0.275973143,105.0,52.0,26.0,21.0,10.0,20.0,10.0,0.199423824,0.139596677,0.718102693,0.02450609,5.125700099,,,,,,,,,,,,,,,,,,1.621629495,0.048462401,1.508077885,,11.01418208,0.693715827,,5.25664584,17.06880516,16.05882353,Josh Allen,BUF,DRAFT,1,3918298,3,South Bay Starr Power,QB,"{'1': {'team': 'PIT', 'date': datetime.datetime(2021, 9, 12, 13, 0)}, '2': {'team': 'MIA', 'date': datetime.datetime(2021, 9, 19, 13, 0)}, '3': {'team': 'WSH', 'date': datetime.datetime(2021, 9, 26, 13, 0)}, '4': {'team': 'HOU', 'date': datetime.datetime(2021, 10, 3, 13, 0)}, '5': {'team': 'KC', 'date': datetime.datetime(2021, 10, 10, 20, 20)}, '6': {'team': 'TEN', 'date': datetime.datetime(2021, 10, 18, 20, 15)}, '8': {'team': 'MIA', 'date': datetime.datetime(2021, 10, 31, 13, 0)}, '9': {'team': 'JAX', 'date': datetime.datetime(2021, 11, 7, 13, 0)}, '10': {'team': 'NYJ', 'date': datetime.datetime(2021, 11, 14, 13, 0)}, '11': {'team': 'IND', 'date': datetime.datetime(2021, 11, 21, 13, 0)}, '12': {'team': 'NO', 'date': datetime.datetime(2021, 11, 25, 20, 20)}, '13': {'team': 'NE', 'date': datetime.datetime(2021, 12, 6, 20, 15)}, '14': {'team': 'TB', 'date': datetime.datetime(2021, 12, 12, 16, 25)}, '15': {'team': 'CAR', 'date': datetime.datetime(2021, 12, 19, 13, 0)}, '16': {'team': 'NE', 'date': datetime.datetime(2021, 12, 26, 13, 0)}, '17': {'team': 'ATL', 'date': datetime.datetime(2022, 1, 2, 13, 0)}, '18': {'team': 'NYJ', 'date': datetime.datetime(2022, 1, 9, 16, 25)}}","['QB', 'OP', 'BE', 'IR']",QB,,,,,,,,,,,,,,,,,,,,,646.0,409.0,237.0,259.23529412,36.0,874.0,432.0,212.0,167.0,81.0,37.0,77.0,35.0,43.0,17.0,1.0,1.0,6.0,1.0,15.0,0.63312693,26.0,3.0,17.0,11.0,6.0,1.0,610.5532864,396.9067624,213.646524,283.1828664,32.16268667,909.0,454.0,227.0,181.0,90.0,45.0,79.0,39.0,4.060784497,2.653722669,4.960843723,0.670079913,1.345656351,11.81215932,0.650077186,38.48705772,9.506104193,4.562930012,1.0,,,,1.0,,,,,,,,,,,,,,,,,,,,,,,,,,,,,,,,,,,,,,,,,,,,,,,,,,,,,,,,,,,,,,,,,,,,,,,,,,,,,,,,,,,,,,,,,,,,,,,,,,,,,,,,,,,,,,,,,,,,,,,,,,1.0,,,,,1.0,,,,,,,,,,,,,,,,,,,,,,,,,,,,,,,,,,,,,,,2021,,,,,,,,,,,,,,,,,,,,,,,,,,,,,,,,,,,,,
184.0,12.27,154.82,10.32,202.0,61.93333333,15.0,183.0,89.0,41.0,33.0,14.0,5.0,34.0,14.0,1.0,1.0,5.0,,4.5990099,18.0,8.8,,23.0,9.0,2.0,2.0,,,21.0,134.0,7.33333333,2.0,2.0,2.0,2.0,2.0,,,9.0,6.0,90.0,11.0,,15.0,220.4560775,65.3444436,6.208758655,0.184437397,197.0,98.0,49.0,39.0,19.0,44.0,22.0,0.452941844,0.31705929,2.530617783,0.086360276,4.480957144,10.91785099,0.796963222,0.038048423,0.050462993,0.032977566,33.0,16.0,8.0,6.0,3.0,20.74412331,4.0,2.0,0.062957347,0.001947134,28.14003193,7.956577167,0.22248582,0.008027771,1.667580044,0.156913279,1.824493323,0.76708682,0.087871436,0.854958257,0.854958257,15.11764706,Damien Harris,NE,DRAFT,7,3925347,3,South Bay Starr Power,RB,"{'1': {'team': 'MIA', 'date': datetime.datetime(2021, 9, 12, 16, 25)}, '2': {'team': 'NYJ', 'date': datetime.datetime(2021, 9, 19, 13, 0)}, '3': {'team': 'NO', 'date': datetime.datetime(2021, 9, 26, 13, 0)}, '4': {'team': 'TB', 'date': datetime.datetime(2021, 10, 3, 20, 20)}, '5': {'team': 'HOU', 'date': datetime.datetime(2021, 10, 10, 13, 0)}, '6': {'team': 'DAL', 'date': datetime.datetime(2021, 10, 17, 16, 25)}, '7': {'team': 'NYJ', 'date': datetime.datetime(2021, 10, 24, 13, 0)}, '8': {'team': 'LAC', 'date': datetime.datetime(2021, 10, 31, 16, 5)}, '9': {'team': 'CAR', 'date': datetime.datetime(2021, 11, 7, 13, 0)}, '10': {'team': 'CLE', 'date': datetime.datetime(2021, 11, 14, 13, 0)}, '11': {'team': 'ATL', 'date': datetime.datetime(2021, 11, 18, 20, 20)}, '12': {'team': 'TEN', 'date': datetime.datetime(2021, 11, 28, 13, 0)}, '13': {'team': 'BUF', 'date': datetime.datetime(2021, 12, 6, 20, 15)}, '15': {'team': 'IND', 'date': datetime.datetime(2021, 12, 18, 20, 15)}, '16': {'team': 'BUF', 'date': datetime.datetime(2021, 12, 26, 13, 0)}, '17': {'team': 'JAX', 'date': datetime.datetime(2022, 1, 2, 13, 0)}, '18': {'team': 'MIA', 'date': datetime.datetime(2022, 1, 9, 16, 25)}}","['RB', 'RB/WR', 'RB/WR/TE', 'OP', 'BE', 'IR']",RB,,,,,,,,,,,,,,,,,,,,,,,,,,,,,,,,,,,,,,,,,,,,,,,,,,,,,,,,,,,,,,,,,,,,,,,,,,,2.0,1.0,,,,,,,,,,,,,,,,,,,,,,,,,,,,,,,,,,,,,,,,,,,,,,,,,,,,,,,,,,,,,,,,,,,,,,,,,,,,,,,,,,,,,,,,,,,,,,,,,,,,,,,,,,,,,,,,,,,,,,,,,,,,,,,,,,,,,,,,,,,,,,,,,,,,,,,,,,,,,,,,,,,,,2021,,,,,,,,,,,,,,,,,,,,,,,,,,,,,,,,,,,,,
173.0,12.36,149.48,9.97,180.0,58.0,8.0,157.0,76.0,35.0,27.0,9.0,2.0,30.0,12.0,1.0,,2.0,,4.51111111,69.0,32.42857143,2.0,84.0,37.0,16.0,10.0,,7.0,84.0,449.0,6.57971014,,1.0,,,,,1.0,10.0,4.0,60.0,6.0,,14.0,195.1860438,53.15599059,7.234981425,0.295320726,160.0,80.0,40.0,32.0,16.0,39.0,19.0,0.396052052,0.277236436,1.667192715,0.056894891,4.117064361,13.79287904,1.068415462,0.042483291,0.041884852,0.027371751,41.0,20.0,10.0,8.0,4.0,29.08799346,5.0,2.0,0.077810314,0.002406505,37.55126061,7.168451734,0.337804017,0.004860175,0.961322231,0.143262982,1.104585213,0.442208226,0.08022727,0.522435496,0.522435496,15.11764706,Leonard Fournette,TB,DRAFT,11,3115364,3,South Bay Starr Power,BE,"{'1': {'team': 'DAL', 'date': datetime.datetime(2021, 9, 9, 20, 20)}, '2': {'team': 'ATL', 'date': datetime.datetime(2021, 9, 19, 16, 5)}, '3': {'team': 'LAR', 'date': datetime.datetime(2021, 9, 26, 16, 25)}, '4': {'team': 'NE', 'date': datetime.datetime(2021, 10, 3, 20, 20)}, '5': {'team': 'MIA', 'date': datetime.datetime(2021, 10, 10, 13, 0)}, '6': {'team': 'PHI', 'date': datetime.datetime(2021, 10, 14, 20, 20)}, '7': {'team': 'CHI', 'date': datetime.datetime(2021, 10, 24, 16, 25)}, '8': {'team': 'NO', 'date': datetime.datetime(2021, 10, 31, 16, 25)}, '10': {'team': 'WSH', 'date': datetime.datetime(2021, 11, 14, 13, 0)}, '11': {'team': 'NYG', 'date': datetime.datetime(2021, 11, 22, 20, 15)}, '12': {'team': 'IND', 'date': datetime.datetime(2021, 11, 28, 13, 0)}, '13': {'team': 'ATL', 'date': datetime.datetime(2021, 12, 5, 13, 0)}, '14': {'team': 'BUF', 'date': datetime.datetime(2021, 12, 12, 16, 25)}, '15': {'team': 'NO', 'date': datetime.datetime(2021, 12, 19, 20, 20)}, '16': {'team': 'CAR', 'date': datetime.datetime(2021, 12, 26, 13, 0)}, '17': {'team': 'NYJ', 'date': datetime.datetime(2022, 1, 2, 13, 0)}, '18': {'team': 'CAR', 'date': datetime.datetime(2022, 1, 9, 16, 25)}}","['RB', 'RB/WR', 'RB/WR/TE', 'OP', 'BE', 'IR']",BE,,,,,1.0,,,,,,,,,,,,,,2.0,,1.0,,1.0,,,,,,,,,,,,,,,,,,,,,,,,,,,,,,,,,,,,,,,,,,,,,,,,,,,1.0,,1.0,,,,,,,,,,,,,,,,,,,,,,,,,,,,,,,,,,,,,,,,,,,,,,,,,,,,,,,,,,,,,,,,,,,,,,,,,,,,,,,,,,,,,,,,,,,,,,,,,,,,,,,,,,,,,,,,,,,,,,,,,,,,,,,,,,,,,,,,,,,,,,,,,,,,,,,,,,,,,,,,,,,,,2021,,,,,,,,,,,,,,,,,,,,,,,,,,,,,,,,,,,,,
156.0,9.75,122.06,8.14,203.0,57.375,8.0,180.0,88.0,40.0,31.0,12.0,3.0,34.0,13.0,2.0,1.0,3.0,,4.52216749,28.0,13.3125,2.0,37.0,14.0,4.0,2.0,,,38.0,186.0,7.60714286,3.0,3.0,3.0,3.0,3.0,,,7.0,9.0,60.0,5.0,,16.0,166.6374621,48.66512618,4.847117892,0.180439956,147.0,73.0,36.0,29.0,14.0,33.0,16.0,0.333792589,0.233654812,1.416255328,0.048331361,4.414986836,11.66338719,1.004522906,0.0506977,0.040603009,0.026534066,35.0,17.0,8.0,7.0,3.0,25.45558862,5.0,2.0,0.066522223,0.002057388,32.1657394,6.926689998,0.231137657,0.016791356,3.310503745,0.505713544,3.816217289,1.522831723,0.283199584,1.806031307,1.806031307,15.11764706,Melvin Gordon III,DEN,DRAFT,17,2576434,3,South Bay Starr Power,RB,"{'1': {'team': 'NYG', 'date': datetime.datetime(2021, 9, 12, 16, 25)}, '2': {'team': 'JAX', 'date': datetime.datetime(2021, 9, 19, 13, 0)}, '3': {'team': 'NYJ', 'date': datetime.datetime(2021, 9, 26, 16, 5)}, '4': {'team': 'BAL', 'date': datetime.datetime(2021, 10, 3, 16, 25)}, '5': {'team': 'PIT', 'date': datetime.datetime(2021, 10, 10, 13, 0)}, '6': {'team': 'LV', 'date': datetime.datetime(2021, 10, 17, 16, 25)}, '7': {'team': 'CLE', 'date': datetime.datetime(2021, 10, 21, 20, 20)}, '8': {'team': 'WSH', 'date': datetime.datetime(2021, 10, 31, 16, 25)}, '9': {'team': 'DAL', 'date': datetime.datetime(2021, 11, 7, 13, 0)}, '10': {'team': 'PHI', 'date': datetime.datetime(2021, 11, 14, 16, 25)}, '12': {'team': 'LAC', 'date': datetime.datetime(2021, 11, 28, 16, 5)}, '13': {'team': 'KC', 'date': datetime.datetime(2021, 12, 5, 20, 20)}, '14': {'team': 'DET', 'date': datetime.datetime(2021, 12, 12, 16, 5)}, '15': {'team': 'CIN', 'date': datetime.datetime(2021, 12, 19, 16, 5)}, '16': {'team': 'LV', 'date': datetime.datetime(2021, 12, 26, 16, 25)}, '17': {'team': 'LAC', 'date': datetime.datetime(2022, 1, 2, 16, 5)}, '18': {'team': 'KC', 'date': datetime.datetime(2022, 1, 8, 16, 30)}}","['RB', 'RB/WR', 'RB/WR/TE', 'OP', 'BE', 'IR']",RB,,,,,,,,,,,,,,,,,,,1.0,,,,,,,,,,,,,,,,,,,,,,,,,,,,,,,,,,,,,,,,,,,,,,,,,,,,,,1.0,,1.0,,,,,,,,,,,,,,,,,,,,,,,,,,,,,,,,,,,,,,,,,,,,,,,,,,,,,,,,,,,,,,,,,,,,,,,,,,,,,,,,,,,,,,,,,,,,,,,,,,,,,,,,,,,,,,,,,,,,,,,,,,,,,,,,,,,,,,,,,,,,,,,,,,,,,,,,,,,,,,,,,,,,,,2021,,,,,,,,,,,,,,,,,,,,,,,,,,,,,,,,,,,,,
72.0,5.14,70.34,5.02,160.0,39.57142857,2.0,105.0,49.0,23.0,14.0,3.0,,26.0,8.0,,,,,3.4625,27.0,11.57142857,,31.0,13.0,6.0,4.0,1.0,2.0,35.0,164.0,6.0,1.0,1.0,1.0,1.0,1.0,2.0,2.0,3.0,11.0,12.0,1.0,,14.0,93.15594566,28.54276235,3.096046818,0.110370037,80.0,40.0,20.0,16.0,8.0,18.0,9.0,0.179523486,0.12566644,0.421646555,0.014389179,4.343637199,7.331535465,0.364654819,0.019231594,0.053420699,0.034910426,20.0,10.0,5.0,4.0,2.0,13.75877645,2.0,1.0,0.044592322,0.001379144,17.44478864,7.554108994,0.129601632,0.003268174,0.647180683,0.095586109,0.742766792,0.297703114,0.053528221,0.351231335,0.351231335,14.17647059,Mark Ingram II,NO,DRAFT,53,13981,3,South Bay Starr Power,BE,"{'1': {'team': 'GB', 'date': datetime.datetime(2021, 9, 12, 16, 25)}, '2': {'team': 'CAR', 'date': datetime.datetime(2021, 9, 19, 13, 0)}, '3': {'team': 'NE', 'date': datetime.datetime(2021, 9, 26, 13, 0)}, '4': {'team': 'NYG', 'date': datetime.datetime(2021, 10, 3, 13, 0)}, '5': {'team': 'WSH', 'date': datetime.datetime(2021, 10, 10, 13, 0)}, '7': {'team': 'SEA', 'date': datetime.datetime(2021, 10, 25, 20, 15)}, '8': {'team': 'TB', 'date': datetime.datetime(2021, 10, 31, 16, 25)}, '9': {'team': 'ATL', 'date': datetime.datetime(2021, 11, 7, 13, 0)}, '10': {'team': 'TEN', 'date': datetime.datetime(2021, 11, 14, 13, 0)}, '11': {'team': 'PHI', 'date': datetime.datetime(2021, 11, 21, 13, 0)}, '12': {'team': 'BUF', 'date': datetime.datetime(2021, 11, 25, 20, 20)}, '13': {'team': 'DAL', 'date': datetime.datetime(2021, 12, 2, 20, 20)}, '14': {'team': 'NYJ', 'date': datetime.datetime(2021, 12, 12, 13, 0)}, '15': {'team': 'TB', 'date': datetime.datetime(2021, 12, 19, 20, 20)}, '16': {'team': 'MIA', 'date': datetime.datetime(2021, 12, 27, 20, 15)}, '17': {'team': 'CAR', 'date': datetime.datetime(2022, 1, 2, 16, 25)}, '18': {'team': 'ATL', 'date': datetime.datetime(2022, 1, 9, 16, 25)}}","['RB', 'RB/WR', 'RB/WR/TE', 'OP', 'BE', 'IR']",BE,,,,,,,,,,,,,,,,,,,,,,,,,,,,,,,,,,,,,,,,,,,,,,,,,,,,,,,,,,,,,,,,,,,,,,,,,,,1.0,,,,,,,,,,,,,,,,,,,,,,,,,,,,,,,,,,,,,,,,,,,,,,,,,,,,,,,,,,,,,,,,,,,,,,,,,,,,,,,,,,,,,,,,,,,,,,,,,,,,,,,,,,,,,,,,,,,,,,,,,,,,,,,,,,,,,,,,,,,,,,,,,,,,,,,,,,,,,,,,,,,,,,2021,,,,,,,,,,,,,,,,,,,,,,,,,,,,,,,,,,,,,
74.0,6.17,119.74,7.48,6.0,3.33333333,2.0,7.0,2.0,,,,,,,,,,,6.66666667,52.0,47.5,2.0,111.0,52.0,23.0,18.0,6.0,6.0,87.0,273.0,10.96153846,1.0,3.0,,2.0,2.0,1.0,1.0,6.0,6.0,24.0,1.0,,12.0,4.529242812,1.733690384,0.324926094,0.00904543,5.0,2.0,1.0,1.0,,,,0.00832675,0.005828725,0.001808402,6.17138e-05,6.146949742,52.2338674,5.506252,0.268258617,0.160979728,0.105200252,167.0,83.0,41.0,33.0,16.0,72.78940815,14.0,7.0,1.581968056,0.048926847,108.721175,11.52385327,0.284634328,0.004940636,0.063284358,1.017042171,1.122871903,0.029110805,0.569543616,0.6190762,0.704998231,16.05882353,Jarvis Landry,CLE,DRAFT,56,16790,3,South Bay Starr Power,BE,"{'1': {'team': 'KC', 'date': datetime.datetime(2021, 9, 12, 16, 25)}, '2': {'team': 'HOU', 'date': datetime.datetime(2021, 9, 19, 13, 0)}, '3': {'team': 'CHI', 'date': datetime.datetime(2021, 9, 26, 13, 0)}, '4': {'team': 'MIN', 'date': datetime.datetime(2021, 10, 3, 13, 0)}, '5': {'team': 'LAC', 'date': datetime.datetime(2021, 10, 10, 16, 5)}, '6': {'team': 'ARI', 'date': datetime.datetime(2021, 10, 17, 16, 5)}, '7': {'team': 'DEN', 'date': datetime.datetime(2021, 10, 21, 20, 20)}, '8': {'team': 'PIT', 'date': datetime.datetime(2021, 10, 31, 13, 0)}, '9': {'team': 'CIN', 'date': datetime.datetime(2021, 11, 7, 13, 0)}, '10': {'team': 'NE', 'date': datetime.datetime(2021, 11, 14, 13, 0)}, '11': {'team': 'DET', 'date': datetime.datetime(2021, 11, 21, 13, 0)}, '12': {'team': 'BAL', 'date': datetime.datetime(2021, 11, 28, 20, 20)}, '14': {'team': 'BAL', 'date': datetime.datetime(2021, 12, 12, 13, 0)}, '15': {'team': 'LV', 'date': datetime.datetime(2021, 12, 20, 17, 0)}, '16': {'team': 'GB', 'date': datetime.datetime(2021, 12, 25, 16, 30)}, '17': {'team': 'PIT', 'date': datetime.datetime(2022, 1, 3, 20, 15)}, '18': {'team': 'CIN', 'date': datetime.datetime(2022, 1, 9, 13, 0)}}","['RB/WR', 'WR', 'WR/TE', 'RB/WR/TE', 'OP', 'BE', 'IR']",BE,,,1.0,1.0,1.0,1.0,,,,,,,,,,,,,1.0,1.0,,,,,,,,,,,,,,,,,,,,,,1.0,1.0,,,,,2.770058994,1.680550691,1.089508303,1.085501571,0.139836248,3.0,1.0,,,,,,,0.070647229,0.046167964,0.028012612,0.003783769,0.007330281,0.085922031,0.60668408,0.274900864,0.042545374,0.020421779,,,,,1.0,,,,,,,,,,,,,,,,,,,,,,,,,,,,,,,,,,,,,,,,,,,,,,,,,,,,,,,,,,,,,,,,,,,,,,,,,,,,,,,,,,,,,,,,,,,,,,,,,,,,,,,,,,,,,,,,,,,,,,,,,,1.0,,,,,,,,,,,,,,,,,,,,,,,,,,,,,,,,,,,,,,,,,,,,2021,,,,,,,,,,,,,,,,,,,,,,,,,,,,,,,,,,,,,
214.0,12.59,246.8,15.43,44.0,7.58823529,,22.0,10.0,2.0,2.0,,,4.0,,,,,,2.93181818,,,,,,,,,,,,,3.0,7.0,1.0,3.0,16.0,1.0,2.0,10.0,7.0,132.0,,,17.0,43.82721562,10.00883212,2.274204097,0.06755723,32.0,16.0,8.0,6.0,3.0,8.0,4.0,0.082292272,0.05760459,0.065752324,0.002243875,3.667357518,,,,,,,,,,,,,,,,,,1.175115655,0.037685317,0.587957192,,8.564844682,0.270460308,,4.099366303,18.10567284,16.05882353,Mac Jones,NE,DRAFT,18,4241464,3,South Bay Starr Power,BE,"{'1': {'team': 'MIA', 'date': datetime.datetime(2021, 9, 12, 16, 25)}, '2': {'team': 'NYJ', 'date': datetime.datetime(2021, 9, 19, 13, 0)}, '3': {'team': 'NO', 'date': datetime.datetime(2021, 9, 26, 13, 0)}, '4': {'team': 'TB', 'date': datetime.datetime(2021, 10, 3, 20, 20)}, '5': {'team': 'HOU', 'date': datetime.datetime(2021, 10, 10, 13, 0)}, '6': {'team': 'DAL', 'date': datetime.datetime(2021, 10, 17, 16, 25)}, '7': {'team': 'NYJ', 'date': datetime.datetime(2021, 10, 24, 13, 0)}, '8': {'team': 'LAC', 'date': datetime.datetime(2021, 10, 31, 16, 5)}, '9': {'team': 'CAR', 'date': datetime.datetime(2021, 11, 7, 13, 0)}, '10': {'team': 'CLE', 'date': datetime.datetime(2021, 11, 14, 13, 0)}, '11': {'team': 'ATL', 'date': datetime.datetime(2021, 11, 18, 20, 20)}, '12': {'team': 'TEN', 'date': datetime.datetime(2021, 11, 28, 13, 0)}, '13': {'team': 'BUF', 'date': datetime.datetime(2021, 12, 6, 20, 15)}, '15': {'team': 'IND', 'date': datetime.datetime(2021, 12, 18, 20, 15)}, '16': {'team': 'BUF', 'date': datetime.datetime(2021, 12, 26, 13, 0)}, '17': {'team': 'JAX', 'date': datetime.datetime(2022, 1, 2, 13, 0)}, '18': {'team': 'MIA', 'date': datetime.datetime(2022, 1, 9, 16, 25)}}","['Rookie', 'QB', 'OP', 'BE', 'IR']",BE,,,,,,,,,,,,,,,,,,,,,521.0,352.0,169.0,223.58823529,22.0,754.0,371.0,181.0,144.0,67.0,30.0,63.0,29.0,26.0,8.0,2.0,1.0,2.0,2.0,13.0,0.6756238,28.0,4.0,10.0,6.0,4.0,,551.8809909,352.3882003,199.4927906,246.3114513,23.19801445,791.0,395.0,197.0,158.0,79.0,39.0,70.0,35.0,3.135263385,2.048894622,2.917209646,0.394038533,1.107558425,14.00630653,0.638522084,42.72822998,7.97688749,3.828905995,,,,1.0,,,,,,,,,,,,,,,,,,,,,,,,,,,,,,,,,,,,,,,,,,,,,,,,,,,,,,,,,,,,,,,,,,,,,,,,,,,,,,,,,,,,,,,,,,,,,,,,,,,,,,,,,,,,,,,,,,,,,,,,,,,2.0,,,,,,,,,,,,,,,,,,,,,,,,,,,,,,,,,,,,,,,,,,,,2021,,,,,,,,,,,,,,,,,,,,,,,,,,,,,,,,,,,,,
124.0,7.29,138.17,8.13,,,,,,,,,,,,,,,,,,,,,,,,,,,,,,,,,,1.0,1.0,7.0,10.0,111.0,,,17.0,,,,,,,,,,,,,,,,,,,,,,,,,,,,,,,,,,,,,,,,,,,17.0,Brandon McManus,DEN,DRAFT,17,16339,3,South Bay Starr Power,K,"{'1': {'team': 'NYG', 'date': datetime.datetime(2021, 9, 12, 16, 25)}, '2': {'team': 'JAX', 'date': datetime.datetime(2021, 9, 19, 13, 0)}, '3': {'team': 'NYJ', 'date': datetime.datetime(2021, 9, 26, 16, 5)}, '4': {'team': 'BAL', 'date': datetime.datetime(2021, 10, 3, 16, 25)}, '5': {'team': 'PIT', 'date': datetime.datetime(2021, 10, 10, 13, 0)}, '6': {'team': 'LV', 'date': datetime.datetime(2021, 10, 17, 16, 25)}, '7': {'team': 'CLE', 'date': datetime.datetime(2021, 10, 21, 20, 20)}, '8': {'team': 'WSH', 'date': datetime.datetime(2021, 10, 31, 16, 25)}, '9': {'team': 'DAL', 'date': datetime.datetime(2021, 11, 7, 13, 0)}, '10': {'team': 'PHI', 'date': datetime.datetime(2021, 11, 14, 16, 25)}, '12': {'team': 'LAC', 'date': datetime.datetime(2021, 11, 28, 16, 5)}, '13': {'team': 'KC', 'date': datetime.datetime(2021, 12, 5, 20, 20)}, '14': {'team': 'DET', 'date': datetime.datetime(2021, 12, 12, 16, 5)}, '15': {'team': 'CIN', 'date': datetime.datetime(2021, 12, 19, 16, 5)}, '16': {'team': 'LV', 'date': datetime.datetime(2021, 12, 26, 16, 25)}, '17': {'team': 'LAC', 'date': datetime.datetime(2022, 1, 2, 16, 5)}, '18': {'team': 'KC', 'date': datetime.datetime(2022, 1, 8, 16, 30)}}","['K', 'BE', 'IR']",K,,,,,,,,,,,,,,,,,,,,,,,,,,,,,,,,,,,,,,,,,,,,,,,,,,,,,,,,,,,,,,,,,,,,,,,,,,,,,,5.0,9.0,8.0,8.0,,13.0,14.0,1.0,26.0,31.0,5.0,33.0,34.0,1.0,4.0,8.0,3.559324568,5.189068247,1.629743679,8.637815082,10.75120676,2.113391678,17.73662769,17.97520373,0.238576038,29.93376734,33.91547874,3.981711395,36.59403889,37.07875116,0.484712276,3.559324568,5.189068247,1.629743679,,,,,,,,,,,,,,,,,,,,,,,,,,,,,,,,,,,,,,,,,,,,,,,,,,,,,,,,,,,,,,,,,,,,,,,,,,,,,,,,,,,,,,,4.0,4.0,1.0,,,,,,,,,,,,,,1.0,,,,,,,,,,,,,,,,,,,,,,,,,,,2021,,,,,,,,,,,,,,,,,,,,,,,,,,,,,,,,,,,,,
86.0,5.06,89.39,5.59,,,,,,,,,,,,,,,,,73.0,45.88235294,2.0,151.0,72.0,33.0,23.0,8.0,8.0,111.0,221.0,10.68493151,,,,,,2.0,2.0,9.0,8.0,14.0,,,17.0,,,,,,,,,,,,,,,,,38.0720021,4.741004524,0.275142782,0.130391038,0.085210543,122.0,61.0,30.0,24.0,12.0,52.99131791,10.0,5.0,0.663113496,0.020508665,83.23971906,11.53757988,0.275142782,0.002451163,,0.557082535,0.557082535,,0.31196622,0.31196622,0.31196622,16.05882353,Mike Gesicki,MIA,ADD,11,3116164,3,South Bay Starr Power,BE,"{'1': {'team': 'NE', 'date': datetime.datetime(2021, 9, 12, 16, 25)}, '2': {'team': 'BUF', 'date': datetime.datetime(2021, 9, 19, 13, 0)}, '3': {'team': 'LV', 'date': datetime.datetime(2021, 9, 26, 16, 5)}, '4': {'team': 'IND', 'date': datetime.datetime(2021, 10, 3, 13, 0)}, '5': {'team': 'TB', 'date': datetime.datetime(2021, 10, 10, 13, 0)}, '6': {'team': 'JAX', 'date': datetime.datetime(2021, 10, 17, 9, 30)}, '7': {'team': 'ATL', 'date': datetime.datetime(2021, 10, 24, 13, 0)}, '8': {'team': 'BUF', 'date': datetime.datetime(2021, 10, 31, 13, 0)}, '9': {'team': 'HOU', 'date': datetime.datetime(2021, 11, 7, 13, 0)}, '10': {'team': 'BAL', 'date': datetime.datetime(2021, 11, 11, 20, 20)}, '11': {'team': 'NYJ', 'date': datetime.datetime(2021, 11, 21, 13, 0)}, '12': {'team': 'CAR', 'date': datetime.datetime(2021, 11, 28, 13, 0)}, '13': {'team': 'NYG', 'date': datetime.datetime(2021, 12, 5, 13, 0)}, '15': {'team': 'NYJ', 'date': datetime.datetime(2021, 12, 19, 13, 0)}, '16': {'team': 'NO', 'date': datetime.datetime(2021, 12, 27, 20, 15)}, '17': {'team': 'TEN', 'date': datetime.datetime(2022, 1, 2, 13, 0)}, '18': {'team': 'NE', 'date': datetime.datetime(2022, 1, 9, 16, 25)}}","['WR/TE', 'TE', 'RB/WR/TE', 'OP', 'BE', 'IR']",BE,,,1.0,1.0,,,,,,,,,,,,,,1.0,2.0,,1.0,,1.0,,,,,,,,,,,,,,,,,,,,,,,,,,,,,,,,,,,,,,,,,,,,,,,,1.0,,,,,,,,,,,,,,,,,,,,,,,,,,,,,,,,,,,,,,,,,,,,,,,,,,,,,,,,,,,,,,,,,,,,,,,,,,,,,,,,,,,,,,,,,,,,,,,,,,,,,,,,,,,,,,,,,,,,,,,,,,,,,,,,,,,,,,,,,,,,,,,,,,,,,,,,,,,,,,,,,,,,,,,,,,2021,,,,,,,,,,,,,,,,,,,,,,,,,,,,,,,,,,,,,
122.0,7.18,139.37,8.2,,,,,,,,,,,,,,,,,,,,,,,,,,,,,,,,,,737.0,1051.0,13.0,4.0,,,,17.0,,,,,,,,,,,,,,,,,,,,,,,,,,,,,,,,,,,,,,,,,,,17.0,Buccaneers D/ST,TB,ADD,6,-16027,3,South Bay Starr Power,D/ST,"{'1': {'team': 'DAL', 'date': datetime.datetime(2021, 9, 9, 20, 20)}, '2': {'team': 'ATL', 'date': datetime.datetime(2021, 9, 19, 16, 5)}, '3': {'team': 'LAR', 'date': datetime.datetime(2021, 9, 26, 16, 25)}, '4': {'team': 'NE', 'date': datetime.datetime(2021, 10, 3, 20, 20)}, '5': {'team': 'MIA', 'date': datetime.datetime(2021, 10, 10, 13, 0)}, '6': {'team': 'PHI', 'date': datetime.datetime(2021, 10, 14, 20, 20)}, '7': {'team': 'CHI', 'date': datetime.datetime(2021, 10, 24, 16, 25)}, '8': {'team': 'NO', 'date': datetime.datetime(2021, 10, 31, 16, 25)}, '10': {'team': 'WSH', 'date': datetime.datetime(2021, 11, 14, 13, 0)}, '11': {'team': 'NYG', 'date': datetime.datetime(2021, 11, 22, 20, 15)}, '12': {'team': 'IND', 'date': datetime.datetime(2021, 11, 28, 13, 0)}, '13': {'team': 'ATL', 'date': datetime.datetime(2021, 12, 5, 13, 0)}, '14': {'team': 'BUF', 'date': datetime.datetime(2021, 12, 12, 16, 25)}, '15': {'team': 'NO', 'date': datetime.datetime(2021, 12, 19, 20, 20)}, '16': {'team': 'CAR', 'date': datetime.datetime(2021, 12, 26, 13, 0)}, '17': {'team': 'NYJ', 'date': datetime.datetime(2022, 1, 2, 13, 0)}, '18': {'team': 'CAR', 'date': datetime.datetime(2022, 1, 9, 16, 25)}}","['D/ST', 'BE', 'IR']",D/ST,,,,,,,592.0,52.0,16.0,0.154322,0.276334072,689.88125,206.7637377,68.0,27.0,20.0,8.0,,,,,,,,,,,,,,,,,,,,,,,,,,,,,,,,,,,,,,,,,,,,,,,,,,,,,,,,,314.0,,,16.0,,,,,,,,,,,,,,,,,,,,,,,,,,,,,,,,,,,12.0,0.0,2.0,3.0,3.0,2.0,17.0,,,47.0,94.0,,,2.0,2.0,345.0,203.0,58.0,85.0,250.0,20.0,3.0,341.0,0.0,4.0,5.0,0.0,5635.0,0.0,0.0,5.0,5.0,4.0,1.0,2.0,0.0,0.0,0.0,2.0,3.0,3.0,0.0,4.0,5.0,0.0,0.310716074,1.40460691,4.596895343,3.745618428,0.057316969,1.556080707,15.4932946,10.18252262,1.024354586,0.563577625,47.50621166,95.01242332,0.996646117,0.55943459,2.044053748,15.66541942,991.1387445,330.0,198.0,82.34725756,342.2095419,2.468703055,2.851777666,1.40460691,0.212819229,0.004256385,20.12997305,5880.65291,0.757978057,5.961625169,4.437152447,3.559941887,1.677771655,0.425830369,0.153298933,0.026401483,345.9207594,-342.2095419,,,,,,,,,,,,,,,,,,,,,,,,,,,,,,,,,,,,,,,,,,,,,,,2021,,,,,,,,,,,,,,,,,,,,,,,,,,,,,,,,,,,,,
83.0,5.93,78.0,6.0,2.0,2.21428571,,5.0,2.0,1.0,,,,,,,,,,15.5,42.0,44.71428571,4.0,120.0,57.0,26.0,19.0,6.0,3.0,72.0,85.0,14.9047619,,,,,,1.0,1.0,8.0,6.0,24.0,,1.0,14.0,,,,,,,,,,,,,,,,,39.89211854,4.034997276,0.16870314,0.188510089,0.123191343,109.0,54.0,27.0,21.0,10.0,46.5163048,9.0,4.0,0.486353455,0.015041859,68.04111595,11.72886342,0.16870314,0.002206011,,0.501366214,0.501366214,,0.28076508,0.28076508,0.28076508,13.67647059,Emmanuel Sanders,BUF,ADD,49,13295,3,South Bay Starr Power,BE,"{'1': {'team': 'PIT', 'date': datetime.datetime(2021, 9, 12, 13, 0)}, '2': {'team': 'MIA', 'date': datetime.datetime(2021, 9, 19, 13, 0)}, '3': {'team': 'WSH', 'date': datetime.datetime(2021, 9, 26, 13, 0)}, '4': {'team': 'HOU', 'date': datetime.datetime(2021, 10, 3, 13, 0)}, '5': {'team': 'KC', 'date': datetime.datetime(2021, 10, 10, 20, 20)}, '6': {'team': 'TEN', 'date': datetime.datetime(2021, 10, 18, 20, 15)}, '8': {'team': 'MIA', 'date': datetime.datetime(2021, 10, 31, 13, 0)}, '9': {'team': 'JAX', 'date': datetime.datetime(2021, 11, 7, 13, 0)}, '10': {'team': 'NYJ', 'date': datetime.datetime(2021, 11, 14, 13, 0)}, '11': {'team': 'IND', 'date': datetime.datetime(2021, 11, 21, 13, 0)}, '12': {'team': 'NO', 'date': datetime.datetime(2021, 11, 25, 20, 20)}, '13': {'team': 'NE', 'date': datetime.datetime(2021, 12, 6, 20, 15)}, '14': {'team': 'TB', 'date': datetime.datetime(2021, 12, 12, 16, 25)}, '15': {'team': 'CAR', 'date': datetime.datetime(2021, 12, 19, 13, 0)}, '16': {'team': 'NE', 'date': datetime.datetime(2021, 12, 26, 13, 0)}, '17': {'team': 'ATL', 'date': datetime.datetime(2022, 1, 2, 13, 0)}, '18': {'team': 'NYJ', 'date': datetime.datetime(2022, 1, 9, 16, 25)}}","['RB/WR', 'WR', 'WR/TE', 'RB/WR/TE', 'OP', 'BE', 'IR']",BE,,,,,,,,,,,,,,,,,,,2.0,1.0,,,,,,,,,,,,,,,,,,,,,,,,,,,,,,,,,,,,,,,,,,,,,,,,,,,,,,,,,,,,,,,,,,,,,,,,,,,,,,,,,,,,,,,,,,,,,,,,,,,,,,,,,,,,,,,,,,,,,,,,,,,,,,,,,,,,,,,,,,,,,,,,,,,,,,,,,,,,,,,,,,,,,,,,,,,,,,,,,,,,,,,,,,,,,,,,,,,,,,,,,,,,,,,,,,,,,,,,,,,,,2021,,,,,,,,,,,,,,,,,,,,,,,,,,,,,,,,,,,,,
101.0,6.31,45.07,3.0,172.0,38.25,5.0,117.0,55.0,25.0,20.0,7.0,1.0,27.0,10.0,,,1.0,,3.55813953,25.0,10.875,1.0,28.0,12.0,4.0,4.0,,1.0,37.0,160.0,6.96,1.0,1.0,1.0,1.0,1.0,1.0,1.0,5.0,11.0,36.0,3.0,,16.0,58.0573947,15.76482302,1.681950878,0.04363937,47.0,23.0,11.0,9.0,4.0,11.0,5.0,0.109850663,0.076895464,0.146577764,0.005002137,4.105024546,6.354840191,0.345921404,0.01838139,0.041343612,0.02701805,19.0,9.0,4.0,3.0,1.0,12.74013612,2.0,1.0,0.0421068,0.001302272,17.38921976,7.540753901,0.06202076,0.002554987,0.476184756,0.104494159,0.580678915,0.219044988,0.058516729,0.277561717,0.277561717,15.11764706,Chuba Hubbard,CAR,ADD,32,4241416,3,South Bay Starr Power,BE,"{'1': {'team': 'NYJ', 'date': datetime.datetime(2021, 9, 12, 13, 0)}, '2': {'team': 'NO', 'date': datetime.datetime(2021, 9, 19, 13, 0)}, '3': {'team': 'HOU', 'date': datetime.datetime(2021, 9, 23, 20, 20)}, '4': {'team': 'DAL', 'date': datetime.datetime(2021, 10, 3, 13, 0)}, '5': {'team': 'PHI', 'date': datetime.datetime(2021, 10, 10, 13, 0)}, '6': {'team': 'MIN', 'date': datetime.datetime(2021, 10, 17, 13, 0)}, '7': {'team': 'NYG', 'date': datetime.datetime(2021, 10, 24, 13, 0)}, '8': {'team': 'ATL', 'date': datetime.datetime(2021, 10, 31, 13, 0)}, '9': {'team': 'NE', 'date': datetime.datetime(2021, 11, 7, 13, 0)}, '10': {'team': 'ARI', 'date': datetime.datetime(2021, 11, 14, 16, 5)}, '11': {'team': 'WSH', 'date': datetime.datetime(2021, 11, 21, 13, 0)}, '12': {'team': 'MIA', 'date': datetime.datetime(2021, 11, 28, 13, 0)}, '14': {'team': 'ATL', 'date': datetime.datetime(2021, 12, 12, 13, 0)}, '15': {'team': 'BUF', 'date': datetime.datetime(2021, 12, 19, 13, 0)}, '16': {'team': 'TB', 'date': datetime.datetime(2021, 12, 26, 13, 0)}, '17': {'team': 'NO', 'date': datetime.datetime(2022, 1, 2, 16, 25)}, '18': {'team': 'TB', 'date': datetime.datetime(2022, 1, 9, 16, 25)}}","['Rookie', 'RB', 'RB/WR', 'RB/WR/TE', 'OP', 'BE', 'IR']",BE,,,,,,,21.0,2.0,,0.22046,,680.104,,68.0,27.0,,,,1.0,,,,,,,,,,,,,,,,,,,,,,,,,,,,,,,,,,,,,,,,,,,,,,,,,,,,,,,,1.0,1.0,,,,,,,,,,,,,,,,,,,,,,,,,,,,,,,,,,,,,,,,,,,,,,,,,,,,,,,,,,,,,,,,,,,,,,,,,,,,,,,,,,,,,,,,,,,,,,,,,,,,,,,,,,,,,,,,,,,,,,,,,,,,,,,,,,,,,,,,,,,,,,,,,,,,,,,,,,,,,,,,,,,,,2021,,,,,,,,,,,,,,,,,,,,,,,,,,,,,,,,,,,,,
162.0,12.46,255.11,18.22,249.0,89.15384615,6.0,226.0,110.0,51.0,41.0,16.0,5.0,43.0,18.0,,,3.0,1.0,4.65461847,34.0,17.23076923,,39.0,18.0,7.0,4.0,1.0,2.0,49.0,278.0,6.58823529,3.0,3.0,2.0,2.0,2.0,,,6.0,7.0,38.0,4.0,,13.0,301.7446158,97.57276356,11.59976108,0.439094848,276.0,138.0,69.0,55.0,27.0,60.0,30.0,0.64455009,0.451185063,4.967281298,0.169514253,4.584132873,28.2964259,1.667251323,0.096891201,0.068991728,0.045086094,80.0,40.0,20.0,16.0,8.0,51.15606119,10.0,5.0,0.225448787,0.006972643,63.29796204,7.84156247,0.535986049,0.017017996,3.307065414,0.560661009,3.867726423,1.521250091,0.313970165,1.835220255,1.835220255,14.17647059,Dalvin Cook,MIN,DRAFT,15,3116593,4,Mission Viejo Burritos,RB,"{'1': {'team': 'CIN', 'date': datetime.datetime(2021, 9, 12, 13, 0)}, '2': {'team': 'ARI', 'date': datetime.datetime(2021, 9, 19, 16, 5)}, '3': {'team': 'SEA', 'date': datetime.datetime(2021, 9, 26, 16, 25)}, '4': {'team': 'CLE', 'date': datetime.datetime(2021, 10, 3, 13, 0)}, '5': {'team': 'DET', 'date': datetime.datetime(2021, 10, 10, 13, 0)}, '6': {'team': 'CAR', 'date': datetime.datetime(2021, 10, 17, 13, 0)}, '8': {'team': 'DAL', 'date': datetime.datetime(2021, 10, 31, 20, 20)}, '9': {'team': 'BAL', 'date': datetime.datetime(2021, 11, 7, 13, 0)}, '10': {'team': 'LAC', 'date': datetime.datetime(2021, 11, 14, 16, 5)}, '11': {'team': 'GB', 'date': datetime.datetime(2021, 11, 21, 13, 0)}, '12': {'team': 'SF', 'date': datetime.datetime(2021, 11, 28, 16, 25)}, '13': {'team': 'DET', 'date': datetime.datetime(2021, 12, 5, 13, 0)}, '14': {'team': 'PIT', 'date': datetime.datetime(2021, 12, 9, 20, 20)}, '15': {'team': 'CHI', 'date': datetime.datetime(2021, 12, 20, 20, 15)}, '16': {'team': 'LAR', 'date': datetime.datetime(2021, 12, 26, 13, 0)}, '17': {'team': 'GB', 'date': datetime.datetime(2022, 1, 2, 20, 20)}, '18': {'team': 'CHI', 'date': datetime.datetime(2022, 1, 9, 13, 0)}}","['RB', 'RB/WR', 'RB/WR/TE', 'OP', 'BE', 'IR']",RB,,,,,,,,,,,,,,,,,,,,,,,,,,,,,,,,,,,,,,,,,,,,,,,,,,,,,,,,,,,,,,,,,,,,,,,,,,,1.0,1.0,,,,,,,,,,,,,,,,,,,,,,,,,,,,,,,,,,,,,,,,,,,,,,,,,,,,,,,,,,,,,,,,,,,,,,,,,,,,,,,,,,,,,,,,,,,,,,,,,,,,,,,,,,,,,,,,,,,,,,,,,,,,,,1.0,,,,,,,,,,,,,,,,,,,,,,,,,,,,,,,,,,,,,,,2021,,,,,,,,,,,,,,,,,,,,,,,,,,,,,,,,,,,,,
83.0,6.92,194.82,12.99,137.0,62.83333333,,147.0,71.0,32.0,24.0,9.0,2.0,22.0,7.0,,,2.0,,5.50364964,26.0,13.16666667,,28.0,12.0,4.0,3.0,,1.0,34.0,227.0,6.07692308,1.0,1.0,1.0,1.0,1.0,,,6.0,6.0,2.0,,,12.0,233.5924667,73.56650323,7.540304877,0.223110417,222.0,111.0,55.0,44.0,22.0,46.0,23.0,0.482951006,0.338065704,3.205072522,0.109376829,4.761080041,22.43683688,1.355947101,0.078916024,0.047081989,0.03076808,67.0,33.0,16.0,13.0,6.0,42.45548259,8.0,4.0,0.156822521,0.004850181,59.00807049,7.989361099,0.302026441,0.01503353,2.891229679,0.525481635,3.416711314,1.329965652,0.294269715,1.624235368,1.624235368,15.11764706,Miles Sanders,PHI,DRAFT,43,4045163,4,Mission Viejo Burritos,RB,"{'1': {'team': 'ATL', 'date': datetime.datetime(2021, 9, 12, 13, 0)}, '2': {'team': 'SF', 'date': datetime.datetime(2021, 9, 19, 13, 0)}, '3': {'team': 'DAL', 'date': datetime.datetime(2021, 9, 27, 20, 15)}, '4': {'team': 'KC', 'date': datetime.datetime(2021, 10, 3, 13, 0)}, '5': {'team': 'CAR', 'date': datetime.datetime(2021, 10, 10, 13, 0)}, '6': {'team': 'TB', 'date': datetime.datetime(2021, 10, 14, 20, 20)}, '7': {'team': 'LV', 'date': datetime.datetime(2021, 10, 24, 16, 5)}, '8': {'team': 'DET', 'date': datetime.datetime(2021, 10, 31, 13, 0)}, '9': {'team': 'LAC', 'date': datetime.datetime(2021, 11, 7, 16, 5)}, '10': {'team': 'DEN', 'date': datetime.datetime(2021, 11, 14, 16, 25)}, '11': {'team': 'NO', 'date': datetime.datetime(2021, 11, 21, 13, 0)}, '12': {'team': 'NYG', 'date': datetime.datetime(2021, 11, 28, 13, 0)}, '13': {'team': 'NYJ', 'date': datetime.datetime(2021, 12, 5, 13, 0)}, '15': {'team': 'WSH', 'date': datetime.datetime(2021, 12, 21, 19, 0)}, '16': {'team': 'NYG', 'date': datetime.datetime(2021, 12, 26, 13, 0)}, '17': {'team': 'WSH', 'date': datetime.datetime(2022, 1, 2, 13, 0)}, '18': {'team': 'DAL', 'date': datetime.datetime(2022, 1, 8, 20, 15)}}","['RB', 'RB/WR', 'RB/WR/TE', 'OP', 'BE', 'IR']",RB,,,,,,,,,,,,,,,,,,,,,,,,,,,,,,,,,,,,,,,,,,,,,,,,,,,,,,,,,,,,,,,,,,,,,,,,,,,,,,,,,,,,,,,,,,,,,,,,,,,,,,,,,,,,,,,,,,,,,,,,,,,,,,,,,,,,,,,,,,,,,,,,,,,,,,,,,,,,,,,,,,,,,,,,,,,,,,,,,,,,,,,,,,,,,,,,,,,,,,,,,,1.0,,,,,,,,,,,,,,,,,,,,,,,,,,,,,,,,,,,,,,,2021,,,,,,,,,,,,,,,,,,,,,,,,,,,,,,,,,,,,,
365.0,21.47,318.41,21.23,28.0,4.76470588,2.0,12.0,5.0,,,,,1.0,,,,,,2.89285714,,,,,,,,,,,,,1.0,4.0,1.0,3.0,15.0,,,13.0,4.0,270.0,2.0,,17.0,29.53009188,1.434810705,2.150254581,0.087752771,4.0,2.0,1.0,,,5.0,2.0,0.055026036,0.038518225,0.001178361,4.0213e-05,0.757402549,,,,,,,,,,,,,,,,,,1.514038221,0.030433876,0.30856697,,6.916789962,0.141940806,,3.313887842,14.68242778,15.58823529,Tom Brady,TB,DRAFT,2,2330,4,Mission Viejo Burritos,QB,"{'1': {'team': 'DAL', 'date': datetime.datetime(2021, 9, 9, 20, 20)}, '2': {'team': 'ATL', 'date': datetime.datetime(2021, 9, 19, 16, 5)}, '3': {'team': 'LAR', 'date': datetime.datetime(2021, 9, 26, 16, 25)}, '4': {'team': 'NE', 'date': datetime.datetime(2021, 10, 3, 20, 20)}, '5': {'team': 'MIA', 'date': datetime.datetime(2021, 10, 10, 13, 0)}, '6': {'team': 'PHI', 'date': datetime.datetime(2021, 10, 14, 20, 20)}, '7': {'team': 'CHI', 'date': datetime.datetime(2021, 10, 24, 16, 25)}, '8': {'team': 'NO', 'date': datetime.datetime(2021, 10, 31, 16, 25)}, '10': {'team': 'WSH', 'date': datetime.datetime(2021, 11, 14, 13, 0)}, '11': {'team': 'NYG', 'date': datetime.datetime(2021, 11, 22, 20, 15)}, '12': {'team': 'IND', 'date': datetime.datetime(2021, 11, 28, 13, 0)}, '13': {'team': 'ATL', 'date': datetime.datetime(2021, 12, 5, 13, 0)}, '14': {'team': 'BUF', 'date': datetime.datetime(2021, 12, 12, 16, 25)}, '15': {'team': 'NO', 'date': datetime.datetime(2021, 12, 19, 20, 20)}, '16': {'team': 'CAR', 'date': datetime.datetime(2021, 12, 26, 13, 0)}, '17': {'team': 'NYJ', 'date': datetime.datetime(2022, 1, 2, 13, 0)}, '18': {'team': 'CAR', 'date': datetime.datetime(2022, 1, 9, 16, 25)}}","['QB', 'OP', 'BE', 'IR']",QB,,,,,,,,,,,,,,,,,,,,,719.0,485.0,234.0,312.70588235,43.0,1057.0,524.0,257.0,206.0,99.0,46.0,90.0,42.0,40.0,16.0,6.0,3.0,6.0,,12.0,0.67454798,22.0,3.0,23.0,7.0,5.0,2.0,603.3714923,389.3700803,214.001412,298.179363,36.16670751,929.0,464.0,232.0,185.0,92.0,46.0,77.0,38.0,4.231037977,2.764983318,5.419364683,0.732014072,1.42628545,11.36853994,0.645323959,29.04043534,6.608222992,3.171947036,,,,,,,,,,,,,,,,,,,,,,,,,,,,,,,,,,,,,,,,,,,,,,,,,,,,,,,,,,,,,,,,,,,,,,,,,,,,,,,,,,,,,,,,,,,,,,,,,,,,,,,,,,,,,,,,,,,,,,,,,,,,,,,2.0,,,,,,,3.0,,,,,,,,,,,,,,,,,,,,,,,,,,,,,,,,,,,,,2021,,,,,,,,,,,,,,,,,,,,,,,,,,,,,,,,,,,,,
116.0,6.82,125.54,8.37,,,,,,,,,,,,,,,,,64.0,53.88235294,5.0,179.0,86.0,39.0,28.0,11.0,6.0,104.0,220.0,14.3125,,1.0,,1.0,1.0,2.0,2.0,9.0,8.0,32.0,,1.0,17.0,2.12356788,0.84995799,0.083694281,0.002476434,2.0,1.0,,,,,,0.003898932,0.002729252,0.000333374,1.13768e-05,6.050837854,62.54602471,5.02409235,0.292401814,0.22659733,0.148081355,189.0,94.0,47.0,37.0,18.0,70.54800577,14.0,7.0,2.175369569,0.067279471,112.6517709,13.40291219,0.294878248,0.003397365,0.022562702,0.74956569,0.772128392,0.010378843,0.419756786,0.430135629,0.430135629,15.11764706,DeVonta Smith,PHI,DRAFT,29,4241478,4,Mission Viejo Burritos,WR,"{'1': {'team': 'ATL', 'date': datetime.datetime(2021, 9, 12, 13, 0)}, '2': {'team': 'SF', 'date': datetime.datetime(2021, 9, 19, 13, 0)}, '3': {'team': 'DAL', 'date': datetime.datetime(2021, 9, 27, 20, 15)}, '4': {'team': 'KC', 'date': datetime.datetime(2021, 10, 3, 13, 0)}, '5': {'team': 'CAR', 'date': datetime.datetime(2021, 10, 10, 13, 0)}, '6': {'team': 'TB', 'date': datetime.datetime(2021, 10, 14, 20, 20)}, '7': {'team': 'LV', 'date': datetime.datetime(2021, 10, 24, 16, 5)}, '8': {'team': 'DET', 'date': datetime.datetime(2021, 10, 31, 13, 0)}, '9': {'team': 'LAC', 'date': datetime.datetime(2021, 11, 7, 16, 5)}, '10': {'team': 'DEN', 'date': datetime.datetime(2021, 11, 14, 16, 25)}, '11': {'team': 'NO', 'date': datetime.datetime(2021, 11, 21, 13, 0)}, '12': {'team': 'NYG', 'date': datetime.datetime(2021, 11, 28, 13, 0)}, '13': {'team': 'NYJ', 'date': datetime.datetime(2021, 12, 5, 13, 0)}, '15': {'team': 'WSH', 'date': datetime.datetime(2021, 12, 21, 19, 0)}, '16': {'team': 'NYG', 'date': datetime.datetime(2021, 12, 26, 13, 0)}, '17': {'team': 'WSH', 'date': datetime.datetime(2022, 1, 2, 13, 0)}, '18': {'team': 'DAL', 'date': datetime.datetime(2022, 1, 8, 20, 15)}}","['Rookie', 'RB/WR', 'WR', 'WR/TE', 'RB/WR/TE', 'OP', 'BE', 'IR']",WR,,,2.0,2.0,1.0,1.0,,,,,0.023736,,21.156,,,2.0,,,2.0,1.0,,,,,,,,,,,,,,,,,,,,,,,,,,,,,,,,,,,,,,,,,,,,,,,,,,,1.0,,1.0,,,,1.0,,,,,,,,,,,,,,,,,,,,,,,,,,,,,,,,,,,,,,,,,,,,,,,,,,,,,,,,,,,,,,,,,,,,,,,,,,,,,,,,,,,,,,,,,,,,,,,,,,,,,,,,,,,,,,,,,,,,,,,,,,,,,,,,,,,,,,,,,,,,,,,,,,,,,,,,,,,,,,,,,,,,2021,,,,,,,,,,,,,,,,,,,,,,,,,,,,,,,,,,,,,
99.0,5.82,65.39,4.36,1.0,0.23529412,,,,,,,,,,,,,,4.0,74.0,44.88235294,5.0,145.0,69.0,32.0,23.0,7.0,7.0,112.0,340.0,10.31081081,,,,,,,,7.0,10.0,30.0,,,17.0,,,,,,,,,,,,,,,,,32.38696329,2.926954849,0.170348562,0.077880781,0.050895091,97.0,48.0,24.0,19.0,9.0,46.38289251,9.0,4.0,0.364925722,0.011286363,75.10118062,10.55593245,0.170348562,0.002078365,,0.472355652,0.472355652,,0.264519165,0.264519165,0.264519165,15.11764706,Zach Ertz,ARI,DRAFT,10,15835,4,Mission Viejo Burritos,TE,"{'1': {'team': 'TEN', 'date': datetime.datetime(2021, 9, 12, 13, 0)}, '2': {'team': 'MIN', 'date': datetime.datetime(2021, 9, 19, 16, 5)}, '3': {'team': 'JAX', 'date': datetime.datetime(2021, 9, 26, 13, 0)}, '4': {'team': 'LAR', 'date': datetime.datetime(2021, 10, 3, 16, 5)}, '5': {'team': 'SF', 'date': datetime.datetime(2021, 10, 10, 16, 25)}, '6': {'team': 'CLE', 'date': datetime.datetime(2021, 10, 17, 16, 5)}, '7': {'team': 'HOU', 'date': datetime.datetime(2021, 10, 24, 16, 25)}, '8': {'team': 'GB', 'date': datetime.datetime(2021, 10, 28, 20, 20)}, '9': {'team': 'SF', 'date': datetime.datetime(2021, 11, 7, 16, 25)}, '10': {'team': 'CAR', 'date': datetime.datetime(2021, 11, 14, 16, 5)}, '11': {'team': 'SEA', 'date': datetime.datetime(2021, 11, 21, 16, 25)}, '13': {'team': 'CHI', 'date': datetime.datetime(2021, 12, 5, 13, 0)}, '14': {'team': 'LAR', 'date': datetime.datetime(2021, 12, 13, 20, 15)}, '15': {'team': 'DET', 'date': datetime.datetime(2021, 12, 19, 13, 0)}, '16': {'team': 'IND', 'date': datetime.datetime(2021, 12, 25, 20, 15)}, '17': {'team': 'DAL', 'date': datetime.datetime(2022, 1, 2, 16, 25)}, '18': {'team': 'SEA', 'date': datetime.datetime(2022, 1, 9, 16, 25)}}","['WR/TE', 'TE', 'RB/WR/TE', 'OP', 'BE', 'IR']",TE,1.0,,,,,,,,,,,,,,,,,,4.0,,,,,,,,,,,,,,,,,,,,,,,,,,,,,,,,,,,,,,,,,,,,,,,,,,,,,,,,,,,,,,,,,,,,,,,,,,,,,,,,,,,,,,,,,,,,,,,,,,,,,,,,,,,,,,,,,,,,,,,,,,,,,,,,,,,,,,,,,,,,,,,,,,,,,,,,,,,,,,,,,,,,,,,,,,,,,,,,,,,,,,,,,,,,,,,,,,,,,,,,,,,,,,,,,,,,,,,,,,,,,,2021,,,,,,,,,,,,,,,,,,,,,,,,,,,,,,,,,,,,,
115.0,6.76,131.97,8.8,208.0,49.70588235,4.0,162.0,79.0,36.0,24.0,8.0,2.0,34.0,14.0,,,2.0,,4.0625,21.0,7.52941176,1.0,21.0,8.0,2.0,1.0,,,33.0,133.0,6.0952381,1.0,1.0,1.0,1.0,1.0,1.0,1.0,12.0,5.0,30.0,4.0,,17.0,162.6398369,47.00065087,6.254120801,0.174990208,142.0,71.0,35.0,28.0,14.0,32.0,16.0,0.324796148,0.227357303,1.313746059,0.044833113,4.368789743,12.34378238,0.989556954,0.048252071,0.05426499,0.035462171,37.0,18.0,9.0,7.0,3.0,23.12280926,4.0,2.0,0.069981016,0.002164361,31.2338952,8.070340558,0.223242279,0.004485428,0.892523783,0.126891772,1.019415555,0.41056094,0.071059393,0.481620333,0.481620333,15.11764706,Sony Michel,LAR,DRAFT,27,3128721,4,Mission Viejo Burritos,BE,"{'1': {'team': 'CHI', 'date': datetime.datetime(2021, 9, 12, 20, 20)}, '2': {'team': 'IND', 'date': datetime.datetime(2021, 9, 19, 13, 0)}, '3': {'team': 'TB', 'date': datetime.datetime(2021, 9, 26, 16, 25)}, '4': {'team': 'ARI', 'date': datetime.datetime(2021, 10, 3, 16, 5)}, '5': {'team': 'SEA', 'date': datetime.datetime(2021, 10, 7, 20, 20)}, '6': {'team': 'NYG', 'date': datetime.datetime(2021, 10, 17, 13, 0)}, '7': {'team': 'DET', 'date': datetime.datetime(2021, 10, 24, 16, 5)}, '8': {'team': 'HOU', 'date': datetime.datetime(2021, 10, 31, 13, 0)}, '9': {'team': 'TEN', 'date': datetime.datetime(2021, 11, 7, 20, 20)}, '10': {'team': 'SF', 'date': datetime.datetime(2021, 11, 15, 20, 15)}, '12': {'team': 'GB', 'date': datetime.datetime(2021, 11, 28, 16, 25)}, '13': {'team': 'JAX', 'date': datetime.datetime(2021, 12, 5, 16, 5)}, '14': {'team': 'ARI', 'date': datetime.datetime(2021, 12, 13, 20, 15)}, '15': {'team': 'SEA', 'date': datetime.datetime(2021, 12, 21, 19, 0)}, '16': {'team': 'MIN', 'date': datetime.datetime(2021, 12, 26, 13, 0)}, '17': {'team': 'BAL', 'date': datetime.datetime(2022, 1, 2, 13, 0)}, '18': {'team': 'SF', 'date': datetime.datetime(2022, 1, 9, 16, 25)}}","['RB', 'RB/WR', 'RB/WR/TE', 'OP', 'BE', 'IR']",BE,,,,,,,90.0,9.0,3.0,,,,,,,,,,1.0,,,,,,,,,,,,,,,,,,,,,,,,,,,,,,,,,,,,,,,,,,,,,,,,,,,,,,,,,,,,,,,,,,,,,,,,,,,,,,,,,,,,,,,,,,,,,,,,,,,,,,,,,,,,,,,,,,,,,,,,,,,,,,,,,,,,,,,,,,,,,,,,,,,,,,,,,,,,,,,,,,,,,,,,,,,,,,,,,,,,,,,,,,,,,,,,,,,,,,,,,,,,,,,,,,,,,,,,,,,,,,2021,,,,,,,,,,,,,,,,,,,,,,,,,,,,,,,,,,,,,
93.0,5.81,111.51,6.97,1.0,0.5625,,1.0,,,,,,,,,,,,9.0,83.0,54.125,2.0,164.0,78.0,34.0,24.0,7.0,9.0,126.0,222.0,10.43373494,,1.0,,1.0,1.0,2.0,2.0,9.0,7.0,16.0,,,16.0,2.119769976,0.698892488,0.08158376,0.002423527,2.0,1.0,,,,,,0.003891955,0.002724368,0.000244298,8.33695e-06,5.2946269,55.09517034,3.703559442,0.176814428,0.213893233,0.139779228,176.0,88.0,44.0,35.0,17.0,69.8819169,13.0,6.0,1.825891756,0.056470879,106.9321213,12.66083784,0.185099152,0.003552472,0.022781408,0.751028864,0.807380064,0.010479448,0.420576164,0.447169112,0.531877493,16.05882353,Jakobi Meyers,NE,DRAFT,44,3916433,4,Mission Viejo Burritos,BE,"{'1': {'team': 'MIA', 'date': datetime.datetime(2021, 9, 12, 16, 25)}, '2': {'team': 'NYJ', 'date': datetime.datetime(2021, 9, 19, 13, 0)}, '3': {'team': 'NO', 'date': datetime.datetime(2021, 9, 26, 13, 0)}, '4': {'team': 'TB', 'date': datetime.datetime(2021, 10, 3, 20, 20)}, '5': {'team': 'HOU', 'date': datetime.datetime(2021, 10, 10, 13, 0)}, '6': {'team': 'DAL', 'date': datetime.datetime(2021, 10, 17, 16, 25)}, '7': {'team': 'NYJ', 'date': datetime.datetime(2021, 10, 24, 13, 0)}, '8': {'team': 'LAC', 'date': datetime.datetime(2021, 10, 31, 16, 5)}, '9': {'team': 'CAR', 'date': datetime.datetime(2021, 11, 7, 13, 0)}, '10': {'team': 'CLE', 'date': datetime.datetime(2021, 11, 14, 13, 0)}, '11': {'team': 'ATL', 'date': datetime.datetime(2021, 11, 18, 20, 20)}, '12': {'team': 'TEN', 'date': datetime.datetime(2021, 11, 28, 13, 0)}, '13': {'team': 'BUF', 'date': datetime.datetime(2021, 12, 6, 20, 15)}, '15': {'team': 'IND', 'date': datetime.datetime(2021, 12, 18, 20, 15)}, '16': {'team': 'BUF', 'date': datetime.datetime(2021, 12, 26, 13, 0)}, '17': {'team': 'JAX', 'date': datetime.datetime(2022, 1, 2, 13, 0)}, '18': {'team': 'MIA', 'date': datetime.datetime(2022, 1, 9, 16, 25)}}","['RB/WR', 'WR', 'WR/TE', 'RB/WR/TE', 'OP', 'BE', 'IR']",BE,,,,,1.0,1.0,,,,,,,,,,,,,1.0,,2.0,2.0,,2.8125,,9.0,4.0,2.0,1.0,,,,,,,,,,,,1.0,,,,,,,2.878258322,1.779753424,1.098504897,1.191212971,0.117186822,3.0,1.0,,,,,,,0.0708143,0.046277145,0.030710476,0.00414818,0.005861197,0.084708382,0.618343882,0.245351914,0.033569792,0.0161135,2.0,,1.0,,,,,,,,,,,,,,,,,,,,,,,,,,,,,,,,,,,,,,,,,,,,,,,,,,,,,,,,,,7.0,,,,,,,,,,,,,,,,,,,,,,,,,,,,,,,,,,,,,,,,,,,,,,,,,,,,,,,,,,,,,,,,,,,,,,,,,,,,,,,,,,,,,,,,,,,,,,,,,,,,,,,,,,,,,,2021,,,,,,,,,,,,,,,,,,,,,,,,,,,,,,,,,,,,,
79.0,5.27,86.75,5.42,,,,,,,,,,,,,,,,,61.0,37.33333333,5.0,107.0,49.0,22.0,15.0,4.0,9.0,85.0,281.0,9.18032787,,1.0,,,,,,10.0,5.0,30.0,,,15.0,,,,,,,,,,,,,,,,,36.86644028,4.64217121,0.226395313,0.16901512,0.110451381,118.0,59.0,29.0,23.0,11.0,52.13859457,10.0,5.0,0.606619732,0.018761435,75.81934963,11.35496005,0.226395313,0.002221046,,0.504783286,0.504783286,,0.28267864,0.28267864,0.28267864,16.05882353,Tyler Higbee,LAR,DRAFT,14,2573401,4,Mission Viejo Burritos,BE,"{'1': {'team': 'CHI', 'date': datetime.datetime(2021, 9, 12, 20, 20)}, '2': {'team': 'IND', 'date': datetime.datetime(2021, 9, 19, 13, 0)}, '3': {'team': 'TB', 'date': datetime.datetime(2021, 9, 26, 16, 25)}, '4': {'team': 'ARI', 'date': datetime.datetime(2021, 10, 3, 16, 5)}, '5': {'team': 'SEA', 'date': datetime.datetime(2021, 10, 7, 20, 20)}, '6': {'team': 'NYG', 'date': datetime.datetime(2021, 10, 17, 13, 0)}, '7': {'team': 'DET', 'date': datetime.datetime(2021, 10, 24, 16, 5)}, '8': {'team': 'HOU', 'date': datetime.datetime(2021, 10, 31, 13, 0)}, '9': {'team': 'TEN', 'date': datetime.datetime(2021, 11, 7, 20, 20)}, '10': {'team': 'SF', 'date': datetime.datetime(2021, 11, 15, 20, 15)}, '12': {'team': 'GB', 'date': datetime.datetime(2021, 11, 28, 16, 25)}, '13': {'team': 'JAX', 'date': datetime.datetime(2021, 12, 5, 16, 5)}, '14': {'team': 'ARI', 'date': datetime.datetime(2021, 12, 13, 20, 15)}, '15': {'team': 'SEA', 'date': datetime.datetime(2021, 12, 21, 19, 0)}, '16': {'team': 'MIN', 'date': datetime.datetime(2021, 12, 26, 13, 0)}, '17': {'team': 'BAL', 'date': datetime.datetime(2022, 1, 2, 13, 0)}, '18': {'team': 'SF', 'date': datetime.datetime(2022, 1, 9, 16, 25)}}","['WR/TE', 'TE', 'RB/WR/TE', 'OP', 'BE', 'IR']",BE,,,,,1.0,,,,,,,,,,,,,,2.0,,,,,,,,,,,,,,,,,,,,,,,,,,,,,,,,,,,,,,,,,,,,,,,,,,,,,,3.0,,,,,,,,,,,,,,,,,,,,,,,,,,,,,,,,,,,,,,,,,,,,,,,,,,,,,,,,,,,,,,,,,,,,,,,,,,,,,,,,,,,,,,,,,,,,,,,,,,,,,,,,,,,,,,,,,,,,,,,,,,,,,,,,,,,,,,,,,,,,,,,,,,,,,,,,,,,,,,,,,,,,,,,,2021,,,,,,,,,,,,,,,,,,,,,,,,,,,,,,,,,,,,,
112.0,7.47,86.88,5.79,130.0,47.93333333,2.0,138.0,66.0,29.0,22.0,8.0,1.0,20.0,8.0,1.0,1.0,1.0,,5.53076923,39.0,22.46666667,,62.0,28.0,11.0,8.0,1.0,1.0,46.0,341.0,8.64102564,,2.0,,,,4.0,5.0,10.0,5.0,18.0,1.0,,15.0,98.89025459,28.28625652,3.159708667,0.106874212,85.0,42.0,21.0,17.0,8.0,19.0,9.0,0.191139796,0.133797857,0.471829228,0.016101721,4.324204083,12.07159387,1.212743366,0.063063795,0.044122378,0.028833974,36.0,18.0,9.0,7.0,3.0,24.62224911,4.0,2.0,0.06854235,0.002119867,32.3201704,7.411755713,0.169938008,0.002937554,0.534534524,0.133091398,0.667625921,0.245885881,0.074531183,0.320417064,0.320417064,15.11764706,Tony Pollard,DAL,ADD,28,3916148,4,Mission Viejo Burritos,BE,"{'1': {'team': 'TB', 'date': datetime.datetime(2021, 9, 9, 20, 20)}, '2': {'team': 'LAC', 'date': datetime.datetime(2021, 9, 19, 16, 25)}, '3': {'team': 'PHI', 'date': datetime.datetime(2021, 9, 27, 20, 15)}, '4': {'team': 'CAR', 'date': datetime.datetime(2021, 10, 3, 13, 0)}, '5': {'team': 'NYG', 'date': datetime.datetime(2021, 10, 10, 16, 25)}, '6': {'team': 'NE', 'date': datetime.datetime(2021, 10, 17, 16, 25)}, '8': {'team': 'MIN', 'date': datetime.datetime(2021, 10, 31, 20, 20)}, '9': {'team': 'DEN', 'date': datetime.datetime(2021, 11, 7, 13, 0)}, '10': {'team': 'ATL', 'date': datetime.datetime(2021, 11, 14, 13, 0)}, '11': {'team': 'KC', 'date': datetime.datetime(2021, 11, 21, 16, 25)}, '12': {'team': 'LV', 'date': datetime.datetime(2021, 11, 25, 16, 30)}, '13': {'team': 'NO', 'date': datetime.datetime(2021, 12, 2, 20, 20)}, '14': {'team': 'WSH', 'date': datetime.datetime(2021, 12, 12, 13, 0)}, '15': {'team': 'NYG', 'date': datetime.datetime(2021, 12, 19, 13, 0)}, '16': {'team': 'WSH', 'date': datetime.datetime(2021, 12, 26, 20, 20)}, '17': {'team': 'ARI', 'date': datetime.datetime(2022, 1, 2, 16, 25)}, '18': {'team': 'PHI', 'date': datetime.datetime(2022, 1, 8, 20, 15)}}","['RB', 'RB/WR', 'RB/WR/TE', 'OP', 'BE', 'IR']",BE,,,,,2.0,,489.0,44.0,14.0,0.154322,,663.7434783,,66.0,26.0,,,,,,,,,,,,,,,,,,,,,,,,,,,,,,,,,,,,,,,,,,,,,,,,,,,,,,,,,,,1.0,,,,,,,,,,,,,,,,,,,,,,,,,,,,,,,,,,,,,,,,,,,,,,,,,1.0,,,1.0,,,,,,,,,,,,,,,,,,,,,,,,,,,,,,,,,,,,,,,,,,,,,,,,,,,,,,,,,,,,,,,,,,,,,,,,,,,,,,,,,,,,,,,,,,,,,,,,,,,,,,,,,,,,,,,,,,,2021,,,,,,,,,,,,,,,,,,,,,,,,,,,,,,,,,,,,,
45.0,3.21,88.12,5.51,18.0,5.42857143,,12.0,5.0,1.0,1.0,,,,,,,,,4.22222222,54.0,31.07142857,1.0,81.0,36.0,15.0,12.0,5.0,5.0,65.0,438.0,8.05555556,,3.0,,1.0,1.0,1.0,1.0,10.0,4.0,6.0,,,14.0,,,,,,,,,,,,,,,,,42.20167682,3.438591316,0.17971797,0.18002719,0.117647769,135.0,67.0,33.0,27.0,13.0,57.24924066,11.0,5.0,0.887954319,0.027462505,85.50503161,11.8378737,0.17971797,0.002676377,,0.608267606,0.608267606,,0.340629859,0.340629859,0.340629859,16.05882353,Rondale Moore,ARI,ADD,89,4372485,4,Mission Viejo Burritos,BE,"{'1': {'team': 'TEN', 'date': datetime.datetime(2021, 9, 12, 13, 0)}, '2': {'team': 'MIN', 'date': datetime.datetime(2021, 9, 19, 16, 5)}, '3': {'team': 'JAX', 'date': datetime.datetime(2021, 9, 26, 13, 0)}, '4': {'team': 'LAR', 'date': datetime.datetime(2021, 10, 3, 16, 5)}, '5': {'team': 'SF', 'date': datetime.datetime(2021, 10, 10, 16, 25)}, '6': {'team': 'CLE', 'date': datetime.datetime(2021, 10, 17, 16, 5)}, '7': {'team': 'HOU', 'date': datetime.datetime(2021, 10, 24, 16, 25)}, '8': {'team': 'GB', 'date': datetime.datetime(2021, 10, 28, 20, 20)}, '9': {'team': 'SF', 'date': datetime.datetime(2021, 11, 7, 16, 25)}, '10': {'team': 'CAR', 'date': datetime.datetime(2021, 11, 14, 16, 5)}, '11': {'team': 'SEA', 'date': datetime.datetime(2021, 11, 21, 16, 25)}, '13': {'team': 'CHI', 'date': datetime.datetime(2021, 12, 5, 13, 0)}, '14': {'team': 'LAR', 'date': datetime.datetime(2021, 12, 13, 20, 15)}, '15': {'team': 'DET', 'date': datetime.datetime(2021, 12, 19, 13, 0)}, '16': {'team': 'IND', 'date': datetime.datetime(2021, 12, 25, 20, 15)}, '17': {'team': 'DAL', 'date': datetime.datetime(2022, 1, 2, 16, 25)}, '18': {'team': 'SEA', 'date': datetime.datetime(2022, 1, 9, 16, 25)}}","['Rookie', 'RB/WR', 'WR', 'WR/TE', 'RB/WR/TE', 'OP', 'BE', 'IR']",BE,1.0,1.0,1.0,1.0,,,291.0,25.0,5.0,0.132276,,408.0624,,40.0,16.0,,,1.0,,,,,,,,,,,,,,,,,,,,,,,,,,,,,,,,,,,,,,,,,,,,,,,,,,,,,,,,,,,,,,,,,,,,,,,,,,,,,,,,,,,,,,,,,,,,,,,,,,,,,,,,,,,,,,,,,171.0,12.0,2.0,,,,,,,,,,,,,,,,,,,,,,,,,,,,,,,,,,,,,,,,,,,,,,,,,,,,,,,,,,,,,,,,,,,,,,,,,,,,,,,,,,,,,,,,,,,,,,,,,,,,,,,,,,,,2021,,,,,,,,,,,,,,,,,,,,,,,,,,,,,,,,,,,,,
208.0,12.24,267.32,16.71,40.0,4.82352941,1.0,12.0,3.0,1.0,,,,2.0,,,,,,2.05,,,,,,,,,,,,,6.0,11.0,1.0,4.0,16.0,,,7.0,10.0,128.0,1.0,,17.0,29.0353996,7.068994535,1.442340094,0.054117392,22.0,11.0,5.0,4.0,2.0,5.0,2.0,0.054089569,0.037862698,0.032569454,0.001111471,3.90970117,,,,,,,,,,,,,,,,,,1.311819419,0.033229703,0.335477905,,7.552205335,0.154319836,,3.618349003,14.64132405,16.05882353,Matt Ryan,ATL,ADD,20,11237,4,Mission Viejo Burritos,BE,"{'1': {'team': 'PHI', 'date': datetime.datetime(2021, 9, 12, 13, 0)}, '2': {'team': 'TB', 'date': datetime.datetime(2021, 9, 19, 16, 5)}, '3': {'team': 'NYG', 'date': datetime.datetime(2021, 9, 26, 13, 0)}, '4': {'team': 'WSH', 'date': datetime.datetime(2021, 10, 3, 13, 0)}, '5': {'team': 'NYJ', 'date': datetime.datetime(2021, 10, 10, 9, 30)}, '7': {'team': 'MIA', 'date': datetime.datetime(2021, 10, 24, 13, 0)}, '8': {'team': 'CAR', 'date': datetime.datetime(2021, 10, 31, 13, 0)}, '9': {'team': 'NO', 'date': datetime.datetime(2021, 11, 7, 13, 0)}, '10': {'team': 'DAL', 'date': datetime.datetime(2021, 11, 14, 13, 0)}, '11': {'team': 'NE', 'date': datetime.datetime(2021, 11, 18, 20, 20)}, '12': {'team': 'JAX', 'date': datetime.datetime(2021, 11, 28, 13, 0)}, '13': {'team': 'TB', 'date': datetime.datetime(2021, 12, 5, 13, 0)}, '14': {'team': 'CAR', 'date': datetime.datetime(2021, 12, 12, 13, 0)}, '15': {'team': 'SF', 'date': datetime.datetime(2021, 12, 19, 16, 5)}, '16': {'team': 'DET', 'date': datetime.datetime(2021, 12, 26, 13, 0)}, '17': {'team': 'BUF', 'date': datetime.datetime(2022, 1, 2, 13, 0)}, '18': {'team': 'NO', 'date': datetime.datetime(2022, 1, 9, 16, 25)}}","['QB', 'OP', 'BE', 'IR']",BE,,,,,,,,,,,,,,,,,,,,,560.0,375.0,185.0,233.41176471,20.0,788.0,390.0,190.0,149.0,69.0,31.0,68.0,29.0,30.0,11.0,2.0,,4.0,,12.0,0.66964286,40.0,5.0,11.0,6.0,1.0,,585.1906675,380.9143042,204.2763633,271.7560974,25.03125421,872.0,436.0,218.0,174.0,87.0,43.0,76.0,38.0,3.760424939,2.457437698,4.218907844,0.569863829,1.257702027,11.02297505,0.650923409,39.41250747,7.216727429,3.464029166,,,,,,,,,,,,,,,,,,,,,,,,,,,,,,,,,,,,,,,,,,,,,,,,,,,,,,,,,,,,,,,,,,,,,,,,,,,,,,,,,,,,,,,,,,,,,,,,,,,,,,,,,,,,,,,,,,,,,,,,,,,,,,,3.0,,,,,1.0,,,,,,,,,,,,,,,,,,,,,,,,,,,,,,,,,,,,,,,2021,,,,,,,,,,,,,,,,,,,,,,,,,,,,,,,,,,,,,
137.0,8.06,121.37,8.09,187.0,47.23529412,5.0,153.0,72.0,32.0,23.0,9.0,,31.0,11.0,,,,,4.29411765,34.0,18.41176471,2.0,56.0,25.0,11.0,5.0,1.0,2.0,37.0,310.0,9.20588235,1.0,2.0,1.0,1.0,1.0,1.0,1.0,13.0,4.0,42.0,5.0,,17.0,155.1077832,45.16258387,4.600884324,0.169923025,136.0,68.0,34.0,27.0,13.0,31.0,15.0,0.308521848,0.215965293,1.205923794,0.041153552,4.401790736,13.55897001,1.167559018,0.048517235,0.054255723,0.035456115,40.0,20.0,10.0,8.0,4.0,26.41744488,5.0,2.0,0.076444139,0.002364252,34.30863817,7.759256205,0.21844026,0.007994976,1.552605391,0.264434618,1.817040009,0.71419848,0.148083386,0.862281866,0.862281866,15.11764706,AJ Dillon,GB,ADD,23,4239934,4,Mission Viejo Burritos,BE,"{'1': {'team': 'NO', 'date': datetime.datetime(2021, 9, 12, 16, 25)}, '2': {'team': 'DET', 'date': datetime.datetime(2021, 9, 20, 20, 15)}, '3': {'team': 'SF', 'date': datetime.datetime(2021, 9, 26, 20, 20)}, '4': {'team': 'PIT', 'date': datetime.datetime(2021, 10, 3, 16, 25)}, '5': {'team': 'CIN', 'date': datetime.datetime(2021, 10, 10, 13, 0)}, '6': {'team': 'CHI', 'date': datetime.datetime(2021, 10, 17, 13, 0)}, '7': {'team': 'WSH', 'date': datetime.datetime(2021, 10, 24, 13, 0)}, '8': {'team': 'ARI', 'date': datetime.datetime(2021, 10, 28, 20, 20)}, '9': {'team': 'KC', 'date': datetime.datetime(2021, 11, 7, 16, 25)}, '10': {'team': 'SEA', 'date': datetime.datetime(2021, 11, 14, 16, 25)}, '11': {'team': 'MIN', 'date': datetime.datetime(2021, 11, 21, 13, 0)}, '12': {'team': 'LAR', 'date': datetime.datetime(2021, 11, 28, 16, 25)}, '14': {'team': 'CHI', 'date': datetime.datetime(2021, 12, 12, 20, 20)}, '15': {'team': 'BAL', 'date': datetime.datetime(2021, 12, 19, 16, 25)}, '16': {'team': 'CLE', 'date': datetime.datetime(2021, 12, 25, 16, 30)}, '17': {'team': 'MIN', 'date': datetime.datetime(2022, 1, 2, 20, 20)}, '18': {'team': 'DET', 'date': datetime.datetime(2022, 1, 9, 13, 0)}}","['RB', 'RB/WR', 'RB/WR/TE', 'OP', 'BE', 'IR']",BE,,,,,1.0,,,,,,,,,,,,,,1.0,,,,,,,,,,,,,,,,,,,,,,,,,,,,,,,,,,,,,,,,,,,,,,,,,,,,,,1.0,,,,,,,,,,,,,,,,,,,,,,,,,,,,,,,,,,,,,,,,,,,,,,,,,,,,,,,,,,,,,,,,,,,,,,,,,,,,,,,,,,,,,,,,,,,,,,,,,,,,,,,,,,,,,,,,,,,,,,,,,,,,,,,,,,,,,,,,,,,,,,,,,,,,,,,,,,,,,,,,,,,,,,,,2021,,,,,,,,,,,,,,,,,,,,,,,,,,,,,,,,,,,,,
122.0,7.18,61.83,4.12,1.0,0.64705882,,2.0,1.0,,,,,,,,,,,11.0,77.0,57.76470588,5.0,190.0,90.0,41.0,32.0,11.0,9.0,103.0,243.0,12.75324675,,,,,,,,11.0,6.0,30.0,,,17.0,2.179434642,0.9295238,0.068243997,0.001739486,2.0,1.0,,,,,,0.004001634,0.002801144,0.000409208,1.39647e-05,6.44764127,27.98809663,2.88791067,0.150863537,0.182032359,0.118958146,84.0,42.0,21.0,16.0,8.0,34.1781694,6.0,3.0,0.259687934,0.008031586,53.20076023,12.37966146,0.152603023,0.000849851,0.01157814,0.18156986,0.193148001,0.005325945,0.101679122,0.107005066,0.107005066,15.11764706,Christian Kirk,ARI,ADD,28,3895856,4,Mission Viejo Burritos,WR,"{'1': {'team': 'TEN', 'date': datetime.datetime(2021, 9, 12, 13, 0)}, '2': {'team': 'MIN', 'date': datetime.datetime(2021, 9, 19, 16, 5)}, '3': {'team': 'JAX', 'date': datetime.datetime(2021, 9, 26, 13, 0)}, '4': {'team': 'LAR', 'date': datetime.datetime(2021, 10, 3, 16, 5)}, '5': {'team': 'SF', 'date': datetime.datetime(2021, 10, 10, 16, 25)}, '6': {'team': 'CLE', 'date': datetime.datetime(2021, 10, 17, 16, 5)}, '7': {'team': 'HOU', 'date': datetime.datetime(2021, 10, 24, 16, 25)}, '8': {'team': 'GB', 'date': datetime.datetime(2021, 10, 28, 20, 20)}, '9': {'team': 'SF', 'date': datetime.datetime(2021, 11, 7, 16, 25)}, '10': {'team': 'CAR', 'date': datetime.datetime(2021, 11, 14, 16, 5)}, '11': {'team': 'SEA', 'date': datetime.datetime(2021, 11, 21, 16, 25)}, '13': {'team': 'CHI', 'date': datetime.datetime(2021, 12, 5, 13, 0)}, '14': {'team': 'LAR', 'date': datetime.datetime(2021, 12, 13, 20, 15)}, '15': {'team': 'DET', 'date': datetime.datetime(2021, 12, 19, 13, 0)}, '16': {'team': 'IND', 'date': datetime.datetime(2021, 12, 25, 20, 15)}, '17': {'team': 'DAL', 'date': datetime.datetime(2022, 1, 2, 16, 25)}, '18': {'team': 'SEA', 'date': datetime.datetime(2022, 1, 9, 16, 25)}}","['RB/WR', 'WR', 'WR/TE', 'RB/WR/TE', 'OP', 'BE', 'IR']",WR,,,1.0,1.0,,,,,,,0.166152,,172.86,,,17.0,6.0,,1.0,3.0,1.0,1.0,,1.94117647,,6.0,3.0,1.0,1.0,,,,,,,,,,,,1.0,,,,,,,,,,,,,,,,,,,,,,,,,,,,,,,,1.0,,,,,,,,,,,,,,,,,,,,,,,,,,,,,,,,,,,,,,,,,,,,,,,,,,,,,,,,,,-5.0,,,,,,,,,,,,,,,,,,,,,,,,,,,,,,,,,,,,,,,,,,,,,,,,,,,,,,,,,,,,,,,,,,,,,,,,,,,,,,,,,,,,,,,,,,,,,,,,,,,,,,,,,,,,,,2021,,,,,,,,,,,,,,,,,,,,,,,,,,,,,,,,,,,,,
137.0,8.56,147.14,8.66,,,,,,,,,,,,,,,,,,,,,,,,,,,,,,,,,,,,11.0,5.0,122.0,,,16.0,,,,,,,,,,,,,,,,,,,,,,,,,,,,,,,,,,,,,,,,,,,17.0,Harrison Butker,KC,ADD,12,3055899,4,Mission Viejo Burritos,K,"{'1': {'team': 'CLE', 'date': datetime.datetime(2021, 9, 12, 16, 25)}, '2': {'team': 'BAL', 'date': datetime.datetime(2021, 9, 19, 20, 20)}, '3': {'team': 'LAC', 'date': datetime.datetime(2021, 9, 26, 13, 0)}, '4': {'team': 'PHI', 'date': datetime.datetime(2021, 10, 3, 13, 0)}, '5': {'team': 'BUF', 'date': datetime.datetime(2021, 10, 10, 20, 20)}, '6': {'team': 'WSH', 'date': datetime.datetime(2021, 10, 17, 13, 0)}, '7': {'team': 'TEN', 'date': datetime.datetime(2021, 10, 24, 13, 0)}, '8': {'team': 'NYG', 'date': datetime.datetime(2021, 11, 1, 20, 15)}, '9': {'team': 'GB', 'date': datetime.datetime(2021, 11, 7, 16, 25)}, '10': {'team': 'LV', 'date': datetime.datetime(2021, 11, 14, 20, 20)}, '11': {'team': 'DAL', 'date': datetime.datetime(2021, 11, 21, 16, 25)}, '13': {'team': 'DEN', 'date': datetime.datetime(2021, 12, 5, 20, 20)}, '14': {'team': 'LV', 'date': datetime.datetime(2021, 12, 12, 13, 0)}, '15': {'team': 'LAC', 'date': datetime.datetime(2021, 12, 16, 20, 20)}, '16': {'team': 'PIT', 'date': datetime.datetime(2021, 12, 26, 16, 25)}, '17': {'team': 'CIN', 'date': datetime.datetime(2022, 1, 2, 13, 0)}, '18': {'team': 'DEN', 'date': datetime.datetime(2022, 1, 8, 16, 30)}}","['K', 'BE', 'IR']",K,,,,,,,,,,,,,,,,,,,,,,,,,,,,,,,,,,,,,,,,,,,,,,,,,,,,,,,,,,,,,,,,,,,,,,,,,,,,,,7.0,9.0,4.0,5.0,1.0,14.0,14.0,,25.0,28.0,3.0,47.0,49.0,2.0,7.0,9.0,3.350828232,4.94540961,1.594581379,8.146514339,10.24637155,2.099857206,16.76049637,17.13115747,0.370661104,28.25783894,32.32293863,4.065099689,51.57843368,52.70832434,1.129890657,3.350828232,4.94540961,1.594581379,,,,,,,,,,,,,,,,,,,,,,,,,,,,,,,,,,,,,,,,,,,,,,,,,,,,,,,,,,,,,,,,,,,,,,,,,,,,,,,,,,,,,,,2.0,2.0,,,,,,,,,1.0,31.0,1.0,,31.0,,,1.0,1.0,,,,,,,,,,,,,,,,,,,,,,,,,2021,,,,,,,,,,,,,,,,,,,,,,,,,,,,,,,,,,,,,
66.0,3.88,122.79,7.22,,,,,,,,,,,,,,,,,,,,,,,,,,,,,,,,,,701.0,1114.0,7.0,10.0,,,,17.0,,,,,,,,,,,,,,,,,,,,,,,,,,,,,,,,,,,,,,,,,,,17.0,Commanders D/ST,WSH,ADD,22,-16028,4,Mission Viejo Burritos,D/ST,"{'1': {'team': 'LAC', 'date': datetime.datetime(2021, 9, 12, 13, 0)}, '2': {'team': 'NYG', 'date': datetime.datetime(2021, 9, 16, 20, 20)}, '3': {'team': 'BUF', 'date': datetime.datetime(2021, 9, 26, 13, 0)}, '4': {'team': 'ATL', 'date': datetime.datetime(2021, 10, 3, 13, 0)}, '5': {'team': 'NO', 'date': datetime.datetime(2021, 10, 10, 13, 0)}, '6': {'team': 'KC', 'date': datetime.datetime(2021, 10, 17, 13, 0)}, '7': {'team': 'GB', 'date': datetime.datetime(2021, 10, 24, 13, 0)}, '8': {'team': 'DEN', 'date': datetime.datetime(2021, 10, 31, 16, 25)}, '10': {'team': 'TB', 'date': datetime.datetime(2021, 11, 14, 13, 0)}, '11': {'team': 'CAR', 'date': datetime.datetime(2021, 11, 21, 13, 0)}, '12': {'team': 'SEA', 'date': datetime.datetime(2021, 11, 29, 20, 15)}, '13': {'team': 'LV', 'date': datetime.datetime(2021, 12, 5, 16, 5)}, '14': {'team': 'DAL', 'date': datetime.datetime(2021, 12, 12, 13, 0)}, '15': {'team': 'PHI', 'date': datetime.datetime(2021, 12, 21, 19, 0)}, '16': {'team': 'DAL', 'date': datetime.datetime(2021, 12, 26, 20, 20)}, '17': {'team': 'PHI', 'date': datetime.datetime(2022, 1, 2, 13, 0)}, '18': {'team': 'NYG', 'date': datetime.datetime(2022, 1, 9, 13, 0)}}","['D/ST', 'BE', 'IR']",D/ST,,,,,,,904.0,83.0,29.0,0.154322,0.166152,658.8530612,216.9493333,65.0,26.0,21.0,8.0,,,,,,,,,,,,,,,,,,,,,,,,,,,,,,,,,,,,,,,,,,,,,,,,,,,,,,,,,413.0,,,9.0,,,,,,,,,,,,,,,,,,,,,,,,,,,,,,,,,,,7.0,0.0,0.0,1.0,3.0,2.0,11.0,1.0,,38.0,76.0,1.0,,2.0,3.0,366.0,215.0,51.0,61.0,134.0,10.0,1.0,422.0,5.0,2.0,4.0,1.0,6108.0,0.0,1.0,4.0,4.0,3.0,1.0,3.0,1.0,0.0,0.0,0.0,1.0,3.0,5.0,2.0,4.0,1.0,0.282539047,1.276531838,4.238085703,3.540248298,0.079487595,1.569126934,12.66702809,9.931858139,1.180170376,0.578779993,43.2431784,86.4863568,1.038385827,0.530741107,1.969088528,15.27978175,995.7631601,331.0,199.0,65.93397679,357.5612986,2.467961554,3.029635563,1.685022026,0.442531037,0.037444934,21.03301756,5992.328007,0.552914686,4.593445084,3.9554666,3.827870903,2.424318239,1.105829372,0.425318989,0.114836127,352.4898828,-357.5612986,,,,,,,,,,,1.0,1.0,,,,,,,,,,,,,,,,,,,,,,,,,,,,,,,,,,,2021,,,,,,,,,,,,,,,,,,,,,,,,,,,,,,,,,,,,,
193.0,11.35,218.33,14.56,237.0,58.94117647,10.0,196.0,94.0,42.0,32.0,11.0,2.0,40.0,15.0,,,2.0,,4.2278481,47.0,16.88235294,2.0,53.0,23.0,9.0,5.0,1.0,3.0,65.0,295.0,6.10638298,1.0,1.0,1.0,1.0,1.0,1.0,1.0,12.0,5.0,78.0,7.0,,17.0,270.8733061,72.82091672,9.811264679,0.33185692,220.0,110.0,55.0,44.0,22.0,54.0,27.0,0.570167022,0.399116915,3.140995083,0.107190111,4.06419124,26.92066308,2.024713748,0.105290751,0.04380991,0.028629776,81.0,40.0,20.0,16.0,8.0,54.69042632,10.0,5.0,0.231786039,0.00716864,72.20964124,7.441468469,0.43714767,0.016904516,3.196540727,0.645394623,3.84193535,1.470408734,0.361420989,1.831829723,1.831829723,15.11764706,Ezekiel Elliott,DAL,DRAFT,6,3051392,6,Husky Express,RB,"{'1': {'team': 'TB', 'date': datetime.datetime(2021, 9, 9, 20, 20)}, '2': {'team': 'LAC', 'date': datetime.datetime(2021, 9, 19, 16, 25)}, '3': {'team': 'PHI', 'date': datetime.datetime(2021, 9, 27, 20, 15)}, '4': {'team': 'CAR', 'date': datetime.datetime(2021, 10, 3, 13, 0)}, '5': {'team': 'NYG', 'date': datetime.datetime(2021, 10, 10, 16, 25)}, '6': {'team': 'NE', 'date': datetime.datetime(2021, 10, 17, 16, 25)}, '8': {'team': 'MIN', 'date': datetime.datetime(2021, 10, 31, 20, 20)}, '9': {'team': 'DEN', 'date': datetime.datetime(2021, 11, 7, 13, 0)}, '10': {'team': 'ATL', 'date': datetime.datetime(2021, 11, 14, 13, 0)}, '11': {'team': 'KC', 'date': datetime.datetime(2021, 11, 21, 16, 25)}, '12': {'team': 'LV', 'date': datetime.datetime(2021, 11, 25, 16, 30)}, '13': {'team': 'NO', 'date': datetime.datetime(2021, 12, 2, 20, 20)}, '14': {'team': 'WSH', 'date': datetime.datetime(2021, 12, 12, 13, 0)}, '15': {'team': 'NYG', 'date': datetime.datetime(2021, 12, 19, 13, 0)}, '16': {'team': 'WSH', 'date': datetime.datetime(2021, 12, 26, 20, 20)}, '17': {'team': 'ARI', 'date': datetime.datetime(2022, 1, 2, 16, 25)}, '18': {'team': 'PHI', 'date': datetime.datetime(2022, 1, 8, 20, 15)}}","['RB', 'RB/WR', 'RB/WR/TE', 'OP', 'BE', 'IR']",RB,,,,,,,,,,,,,,,,,,,2.0,,1.0,1.0,,0.23529412,,,,,,,,,,,,,,,,,1.0,,,,,,,,,,,,,,,,,,,,,,,,,,,,,,,,,,3.0,,,,,,,,,,,,,,,,,,,,,,,,,,,,,,,,,,,,,,,,,,,,,,,,,,,,,,,,,,,,,,,,,,,,,,,,,,,,,,,,,,,,,,,,,,,,,,,,,,,,,,,,,,,,,,,,,,,,,,,,,,,,,,,3.0,,,,,,,,,,,,,,,,,,,,,,,,,,,,,,,,,,,,,,,2021,,,,,,,,,,,,,,,,,,,,,,,,,,,,,,,,,,,,,
74.0,6.73,147.23,9.2,,,,,,,,,,,,,,,,,55.0,60.45454545,2.0,129.0,62.0,28.0,21.0,9.0,7.0,93.0,242.0,12.09090909,,,,,,1.0,1.0,6.0,5.0,12.0,,,11.0,,,,,,,,,,,,,,,,,66.29049452,7.008199628,0.291905535,0.21179084,0.138405314,212.0,106.0,53.0,42.0,21.0,93.57662582,18.0,9.0,2.940323936,0.090937854,128.9648376,11.37621007,0.291905535,0.005630577,,1.279676533,1.279676533,,0.716618859,0.716618859,0.716618859,16.05882353,Darren Waller,LV,DRAFT,17,2576925,6,Husky Express,BE,"{'1': {'team': 'BAL', 'date': datetime.datetime(2021, 9, 13, 20, 15)}, '2': {'team': 'PIT', 'date': datetime.datetime(2021, 9, 19, 13, 0)}, '3': {'team': 'MIA', 'date': datetime.datetime(2021, 9, 26, 16, 5)}, '4': {'team': 'LAC', 'date': datetime.datetime(2021, 10, 4, 20, 15)}, '5': {'team': 'CHI', 'date': datetime.datetime(2021, 10, 10, 16, 5)}, '6': {'team': 'DEN', 'date': datetime.datetime(2021, 10, 17, 16, 25)}, '7': {'team': 'PHI', 'date': datetime.datetime(2021, 10, 24, 16, 5)}, '9': {'team': 'NYG', 'date': datetime.datetime(2021, 11, 7, 13, 0)}, '10': {'team': 'KC', 'date': datetime.datetime(2021, 11, 14, 20, 20)}, '11': {'team': 'CIN', 'date': datetime.datetime(2021, 11, 21, 16, 5)}, '12': {'team': 'DAL', 'date': datetime.datetime(2021, 11, 25, 16, 30)}, '13': {'team': 'WSH', 'date': datetime.datetime(2021, 12, 5, 16, 5)}, '14': {'team': 'KC', 'date': datetime.datetime(2021, 12, 12, 13, 0)}, '15': {'team': 'CLE', 'date': datetime.datetime(2021, 12, 20, 17, 0)}, '16': {'team': 'DEN', 'date': datetime.datetime(2021, 12, 26, 16, 25)}, '17': {'team': 'IND', 'date': datetime.datetime(2022, 1, 2, 13, 0)}, '18': {'team': 'LAC', 'date': datetime.datetime(2022, 1, 9, 20, 20)}}","['WR/TE', 'TE', 'RB/WR/TE', 'OP', 'BE', 'IR']",BE,,,2.0,2.0,,,,,,,,,,,,,,1.0,1.0,,,,,,,,,,,,,,,,,,,,,,,,,,,,,,,,,,,,,,,,,,,,,,,,,,,,,,1.0,,,,,,,,,,,,,,,,,,,,,,,,,,,,,,,,,,,,,,,,,,,,,,,,,,,,,,,,,,,,,,,,,,,,,,,,,,,,,,,,,,,,,,,,,,,,,,,,,,,,,,,,,,,,,,,,,,,,,,,,,,,,,,,,,,,,,,,,,,,,,,,,,,,,,,,,,,,,,,,,,,,,,,,,2021,,,,,,,,,,,,,,,,,,,,,,,,,,,,,,,,,,,,,
150.0,8.82,143.92,9.59,203.0,53.11764706,4.0,174.0,84.0,38.0,27.0,10.0,2.0,32.0,12.0,,,2.0,,4.44827586,43.0,18.58823529,3.0,59.0,26.0,8.0,8.0,2.0,2.0,53.0,343.0,7.34883721,2.0,2.0,1.0,1.0,1.0,1.0,1.0,7.0,10.0,42.0,4.0,,17.0,204.4640466,59.84937579,4.700793484,0.174956058,180.0,90.0,45.0,36.0,18.0,40.0,20.0,0.417142311,0.291999617,2.138130537,0.072966192,4.425138576,14.33758137,1.004819496,0.050712669,0.047955723,0.031339065,43.0,21.0,10.0,8.0,4.0,29.44289407,5.0,2.0,0.080983566,0.002504646,37.52669596,7.361725189,0.225668727,0.008441385,1.677007084,0.241489605,1.91849669,0.771423259,0.135234179,0.906657438,0.906657438,15.11764706,Javonte Williams,DEN,DRAFT,18,4361579,6,Husky Express,RB,"{'1': {'team': 'NYG', 'date': datetime.datetime(2021, 9, 12, 16, 25)}, '2': {'team': 'JAX', 'date': datetime.datetime(2021, 9, 19, 13, 0)}, '3': {'team': 'NYJ', 'date': datetime.datetime(2021, 9, 26, 16, 5)}, '4': {'team': 'BAL', 'date': datetime.datetime(2021, 10, 3, 16, 25)}, '5': {'team': 'PIT', 'date': datetime.datetime(2021, 10, 10, 13, 0)}, '6': {'team': 'LV', 'date': datetime.datetime(2021, 10, 17, 16, 25)}, '7': {'team': 'CLE', 'date': datetime.datetime(2021, 10, 21, 20, 20)}, '8': {'team': 'WSH', 'date': datetime.datetime(2021, 10, 31, 16, 25)}, '9': {'team': 'DAL', 'date': datetime.datetime(2021, 11, 7, 13, 0)}, '10': {'team': 'PHI', 'date': datetime.datetime(2021, 11, 14, 16, 25)}, '12': {'team': 'LAC', 'date': datetime.datetime(2021, 11, 28, 16, 5)}, '13': {'team': 'KC', 'date': datetime.datetime(2021, 12, 5, 20, 20)}, '14': {'team': 'DET', 'date': datetime.datetime(2021, 12, 12, 16, 5)}, '15': {'team': 'CIN', 'date': datetime.datetime(2021, 12, 19, 16, 5)}, '16': {'team': 'LV', 'date': datetime.datetime(2021, 12, 26, 16, 25)}, '17': {'team': 'LAC', 'date': datetime.datetime(2022, 1, 2, 16, 5)}, '18': {'team': 'KC', 'date': datetime.datetime(2022, 1, 8, 16, 30)}}","['Rookie', 'RB', 'RB/WR', 'RB/WR/TE', 'OP', 'BE', 'IR']",RB,,,,,,,,,,,,,,,,,,,,,,,,,,,,,,,,,,,,,,,,,,,,,,,,,,,,,,,,,,,,,,,,,,,,,,,,,3.0,,,,,,,,,,,,,,,,,,,,,,,,,,,,,,,,,,,,,,,,,,,,,,,,,,,,,,,,,,,,,,,,,,,,,,,,,,,,,,,,,,,,,,,,,,,,,,,,,,,,,,,,,,,,,,,,,,,,,,,,,,,,,,,,,,,,,,,,,,,,,,,,,,,,,,,,,,,,,,,,,,,,,,,,2021,,,,,,,,,,,,,,,,,,,,,,,,,,,,,,,,,,,,,
227.0,18.92,338.03,22.54,133.0,63.91666667,2.0,149.0,70.0,33.0,26.0,11.0,2.0,21.0,7.0,,,2.0,,5.76691729,,,,,,,,,,,,,2.0,6.0,1.0,3.0,16.0,1.0,1.0,7.0,5.0,108.0,2.0,,12.0,152.6640751,55.60011,7.318988727,0.196256574,173.0,86.0,43.0,34.0,17.0,30.0,15.0,0.303241041,0.212268729,1.935607515,0.066054858,5.677220371,,,,,,,,,,,,,,,,,,1.510297198,0.046901705,2.51119012,,10.65947842,1.155147455,,5.066325839,16.180356,15.58823529,Lamar Jackson,BAL,DRAFT,16,3916387,6,Husky Express,BE,"{'1': {'team': 'LV', 'date': datetime.datetime(2021, 9, 13, 20, 15)}, '2': {'team': 'KC', 'date': datetime.datetime(2021, 9, 19, 20, 20)}, '3': {'team': 'DET', 'date': datetime.datetime(2021, 9, 26, 13, 0)}, '4': {'team': 'DEN', 'date': datetime.datetime(2021, 10, 3, 16, 25)}, '5': {'team': 'IND', 'date': datetime.datetime(2021, 10, 11, 20, 15)}, '6': {'team': 'LAC', 'date': datetime.datetime(2021, 10, 17, 13, 0)}, '7': {'team': 'CIN', 'date': datetime.datetime(2021, 10, 24, 13, 0)}, '9': {'team': 'MIN', 'date': datetime.datetime(2021, 11, 7, 13, 0)}, '10': {'team': 'MIA', 'date': datetime.datetime(2021, 11, 11, 20, 20)}, '11': {'team': 'CHI', 'date': datetime.datetime(2021, 11, 21, 13, 0)}, '12': {'team': 'CLE', 'date': datetime.datetime(2021, 11, 28, 20, 20)}, '13': {'team': 'PIT', 'date': datetime.datetime(2021, 12, 5, 16, 25)}, '14': {'team': 'CLE', 'date': datetime.datetime(2021, 12, 12, 13, 0)}, '15': {'team': 'GB', 'date': datetime.datetime(2021, 12, 19, 16, 25)}, '16': {'team': 'CIN', 'date': datetime.datetime(2021, 12, 26, 13, 0)}, '17': {'team': 'LAR', 'date': datetime.datetime(2022, 1, 2, 13, 0)}, '18': {'team': 'PIT', 'date': datetime.datetime(2022, 1, 9, 13, 0)}}","['QB', 'OP', 'BE', 'IR']",BE,,,,,,,,,,,,,,,,,,,,,382.0,246.0,136.0,240.16666667,16.0,572.0,281.0,137.0,109.0,52.0,23.0,44.0,18.0,23.0,8.0,3.0,,1.0,2.0,13.0,0.64397906,38.0,4.0,9.0,3.0,,1.0,457.2421176,291.4777984,165.7643192,215.2635146,25.79423418,671.0,335.0,167.0,134.0,67.0,33.0,58.0,29.0,2.323622683,1.518487423,1.719221051,0.232221686,1.314040625,11.11403016,0.637469269,38.12097218,8.148288299,3.911178384,,,,,,,,,,,,,,,,,,,,,,,,,,,,,,,,,,,,,,,,,,,,,,,,,,,,,,,,,,,,,,,,,,,,,,,,,,,,,,,,,,,,,,,,,,,,,,,,,,,,,,,,,,,,,,,,,,,,,,,,,,,,,,,1.0,,,,,,,1.0,,,,,,,,,,,,,,,,,,,,,,,,,,,,,,,,,,,,,2021,,,,,,,,,,,,,,,,,,,,,,,,,,,,,,,,,,,,,
135.0,7.94,146.73,9.17,8.0,2.82352941,,8.0,3.0,,,,,,,,,,,6.0,93.0,68.05882353,4.0,223.0,108.0,50.0,39.0,15.0,12.0,163.0,426.0,12.44086022,,1.0,,1.0,1.0,5.0,6.0,5.0,12.0,26.0,,,17.0,3.642969745,1.662973206,0.101302338,0.002628039,5.0,2.0,1.0,1.0,,,,0.006694169,0.004685918,0.001658541,5.65996e-05,7.330665668,72.96092658,4.612130106,0.245076953,0.27111445,0.177173293,234.0,117.0,58.0,46.0,23.0,77.63564798,15.0,7.0,3.702260805,0.114502911,133.3173515,15.09186405,0.247704993,0.004232213,0.043111598,0.918755042,0.96186664,0.019831335,0.514502824,0.534334159,0.534334159,16.05882353,DJ Moore,CAR,DRAFT,19,3915416,6,Husky Express,WR,"{'1': {'team': 'NYJ', 'date': datetime.datetime(2021, 9, 12, 13, 0)}, '2': {'team': 'NO', 'date': datetime.datetime(2021, 9, 19, 13, 0)}, '3': {'team': 'HOU', 'date': datetime.datetime(2021, 9, 23, 20, 20)}, '4': {'team': 'DAL', 'date': datetime.datetime(2021, 10, 3, 13, 0)}, '5': {'team': 'PHI', 'date': datetime.datetime(2021, 10, 10, 13, 0)}, '6': {'team': 'MIN', 'date': datetime.datetime(2021, 10, 17, 13, 0)}, '7': {'team': 'NYG', 'date': datetime.datetime(2021, 10, 24, 13, 0)}, '8': {'team': 'ATL', 'date': datetime.datetime(2021, 10, 31, 13, 0)}, '9': {'team': 'NE', 'date': datetime.datetime(2021, 11, 7, 13, 0)}, '10': {'team': 'ARI', 'date': datetime.datetime(2021, 11, 14, 16, 5)}, '11': {'team': 'WSH', 'date': datetime.datetime(2021, 11, 21, 13, 0)}, '12': {'team': 'MIA', 'date': datetime.datetime(2021, 11, 28, 13, 0)}, '14': {'team': 'ATL', 'date': datetime.datetime(2021, 12, 12, 13, 0)}, '15': {'team': 'BUF', 'date': datetime.datetime(2021, 12, 19, 13, 0)}, '16': {'team': 'TB', 'date': datetime.datetime(2021, 12, 26, 13, 0)}, '17': {'team': 'NO', 'date': datetime.datetime(2022, 1, 2, 16, 25)}, '18': {'team': 'TB', 'date': datetime.datetime(2022, 1, 9, 16, 25)}}","['RB/WR', 'WR', 'WR/TE', 'RB/WR/TE', 'OP', 'BE', 'IR']",WR,,,3.0,3.0,1.0,1.0,13.0,1.0,,,,,,,,,,,3.0,,,,,,,,,,,,,,,,,,,,,,,,,,,,,,,,,,,,,,,,,,,,,,,,,,,,1.0,,1.0,1.0,,,,,,,,,,,,,,,,,,,,,,,,,,,,,,,,,,,,,,,,,,,,,,,,,,,,,,,,,9.0,,,,,,,,,,,,,,,,,,,,,,,,,,,,,,,,,,,,,,,,,,,,,,,,,,,,,,,,,,,,,,,,,,,,,,,,,,,,,,,,,,,,,,,,,,,,,,,,,,,,,,,,,,,,,,2021,,,,,,,,,,,,,,,,,,,,,,,,,,,,,,,,,,,,,
119.0,7.0,135.01,7.94,,,,,,,,,,,,,,,,,,,,,,,,,,,,,,,,,,,,4.0,13.0,104.0,,,17.0,,,,,,,,,,,,,,,,,,,,,,,,,,,,,,,,,,,,,,,,,,,17.0,Graham Gano,NYG,DRAFT,19,12460,6,Husky Express,K,"{'1': {'team': 'DEN', 'date': datetime.datetime(2021, 9, 12, 16, 25)}, '2': {'team': 'WSH', 'date': datetime.datetime(2021, 9, 16, 20, 20)}, '3': {'team': 'ATL', 'date': datetime.datetime(2021, 9, 26, 13, 0)}, '4': {'team': 'NO', 'date': datetime.datetime(2021, 10, 3, 13, 0)}, '5': {'team': 'DAL', 'date': datetime.datetime(2021, 10, 10, 16, 25)}, '6': {'team': 'LAR', 'date': datetime.datetime(2021, 10, 17, 13, 0)}, '7': {'team': 'CAR', 'date': datetime.datetime(2021, 10, 24, 13, 0)}, '8': {'team': 'KC', 'date': datetime.datetime(2021, 11, 1, 20, 15)}, '9': {'team': 'LV', 'date': datetime.datetime(2021, 11, 7, 13, 0)}, '11': {'team': 'TB', 'date': datetime.datetime(2021, 11, 22, 20, 15)}, '12': {'team': 'PHI', 'date': datetime.datetime(2021, 11, 28, 13, 0)}, '13': {'team': 'MIA', 'date': datetime.datetime(2021, 12, 5, 13, 0)}, '14': {'team': 'LAC', 'date': datetime.datetime(2021, 12, 12, 16, 5)}, '15': {'team': 'DAL', 'date': datetime.datetime(2021, 12, 19, 13, 0)}, '16': {'team': 'PHI', 'date': datetime.datetime(2021, 12, 26, 13, 0)}, '17': {'team': 'CHI', 'date': datetime.datetime(2022, 1, 2, 13, 0)}, '18': {'team': 'WSH', 'date': datetime.datetime(2022, 1, 9, 13, 0)}}","['K', 'BE', 'IR']",K,,,,,,,,,,,,,,,,,,,,,,,,,,,,,,,,,,,,,,,,,,,,,,,,,,,,,,,,,,,,,,,,,,,,,,,,,,,,,,7.0,10.0,5.0,5.0,,17.0,18.0,1.0,29.0,33.0,4.0,17.0,17.0,,7.0,10.0,3.517957774,5.186783043,1.668825269,8.551551084,10.74647206,2.194920972,17.59094981,17.96728766,0.376337859,29.66045866,33.90054276,4.2400841,34.67824482,35.41291133,0.734666506,3.517957774,5.186783043,1.668825269,,,,,,,,,,,,,,,,,,,,,,,,,,,,,,,,,,,,,,,,,,,,,,,,,,,,,,,,,,,,,,,,,,,,,,,,,,,,,,,,,,,,,,,3.0,3.0,,,,,,,,,,,,,,,,,,,,,,,,,,,,,,,,,,,,,,,,,,2021,,,,,,,,,,,,,,,,,,,,,,,,,,,,,,,,,,,,,
62.0,4.43,102.04,6.8,3.0,0.78571429,,1.0,,,,,,,,,,,,3.66666667,37.0,33.78571429,3.0,91.0,44.0,19.0,12.0,4.0,2.0,64.0,118.0,12.78378378,,,,,,1.0,1.0,8.0,6.0,18.0,,,14.0,,,,,,,,,,,,,,,,,48.70315808,4.539871529,0.216741435,0.294065569,0.19217185,151.0,75.0,37.0,30.0,15.0,49.95440265,9.0,4.0,1.199358325,0.037093556,84.4200958,15.16911026,0.216741435,0.002560214,,0.581866791,0.581866791,,0.325845403,0.325845403,0.325845403,15.55882353,Nelson Agholor,NE,DRAFT,66,2971618,6,Husky Express,BE,"{'1': {'team': 'MIA', 'date': datetime.datetime(2021, 9, 12, 16, 25)}, '2': {'team': 'NYJ', 'date': datetime.datetime(2021, 9, 19, 13, 0)}, '3': {'team': 'NO', 'date': datetime.datetime(2021, 9, 26, 13, 0)}, '4': {'team': 'TB', 'date': datetime.datetime(2021, 10, 3, 20, 20)}, '5': {'team': 'HOU', 'date': datetime.datetime(2021, 10, 10, 13, 0)}, '6': {'team': 'DAL', 'date': datetime.datetime(2021, 10, 17, 16, 25)}, '7': {'team': 'NYJ', 'date': datetime.datetime(2021, 10, 24, 13, 0)}, '8': {'team': 'LAC', 'date': datetime.datetime(2021, 10, 31, 16, 5)}, '9': {'team': 'CAR', 'date': datetime.datetime(2021, 11, 7, 13, 0)}, '10': {'team': 'CLE', 'date': datetime.datetime(2021, 11, 14, 13, 0)}, '11': {'team': 'ATL', 'date': datetime.datetime(2021, 11, 18, 20, 20)}, '12': {'team': 'TEN', 'date': datetime.datetime(2021, 11, 28, 13, 0)}, '13': {'team': 'BUF', 'date': datetime.datetime(2021, 12, 6, 20, 15)}, '15': {'team': 'IND', 'date': datetime.datetime(2021, 12, 18, 20, 15)}, '16': {'team': 'BUF', 'date': datetime.datetime(2021, 12, 26, 13, 0)}, '17': {'team': 'JAX', 'date': datetime.datetime(2022, 1, 2, 13, 0)}, '18': {'team': 'MIA', 'date': datetime.datetime(2022, 1, 9, 16, 25)}}","['RB/WR', 'WR', 'WR/TE', 'RB/WR/TE', 'OP', 'BE', 'IR']",BE,,,,,,,,,,,,,,,,,,,1.0,1.0,,,,,,,,,,,,,,,,,,,,,,,,,,,,,,,,,,,,,,,,,,,,,,,,,,,,,1.0,,,,,,,,,,,,,,,,,,,,,,,,,,,,,,,,,,,,,,,,,,,,,,,,,,,,,,,,,,,,,,,,,,,,,,,,,,,,,,,,,,,,,,,,,,,,,,,,,,,,,,,,,,,,,,,,,,,,,,,,,,,,,,,,,,,,,,,,,,,,,,,,,,,,,,,,,,,,,,,,,,,,,,,,2021,,,,,,,,,,,,,,,,,,,,,,,,,,,,,,,,,,,,,
140.0,8.24,111.54,6.97,5.0,2.58823529,,7.0,3.0,1.0,1.0,,,,,,,,,8.8,88.0,63.64705882,6.0,208.0,99.0,47.0,35.0,14.0,12.0,129.0,348.0,12.29545455,,1.0,,,,1.0,2.0,9.0,8.0,38.0,,,17.0,4.549105783,1.616226294,0.152777901,0.004565151,5.0,2.0,1.0,1.0,,,,0.008363378,0.005854364,0.001562723,5.33297e-05,5.705449396,51.94969431,4.318717535,0.255195425,0.173583913,0.113437087,166.0,83.0,41.0,33.0,16.0,66.2140351,13.0,6.0,1.563867592,0.048367039,106.1997228,12.59930726,0.259760575,0.003308147,0.048333806,0.703517674,0.751851479,0.022233551,0.393969897,0.416203448,0.416203448,16.05882353,Michael Pittman Jr.,IND,ADD,16,4035687,6,Husky Express,BE,"{'1': {'team': 'SEA', 'date': datetime.datetime(2021, 9, 12, 13, 0)}, '2': {'team': 'LAR', 'date': datetime.datetime(2021, 9, 19, 13, 0)}, '3': {'team': 'TEN', 'date': datetime.datetime(2021, 9, 26, 13, 0)}, '4': {'team': 'MIA', 'date': datetime.datetime(2021, 10, 3, 13, 0)}, '5': {'team': 'BAL', 'date': datetime.datetime(2021, 10, 11, 20, 15)}, '6': {'team': 'HOU', 'date': datetime.datetime(2021, 10, 17, 13, 0)}, '7': {'team': 'SF', 'date': datetime.datetime(2021, 10, 24, 20, 20)}, '8': {'team': 'TEN', 'date': datetime.datetime(2021, 10, 31, 13, 0)}, '9': {'team': 'NYJ', 'date': datetime.datetime(2021, 11, 4, 20, 20)}, '10': {'team': 'JAX', 'date': datetime.datetime(2021, 11, 14, 13, 0)}, '11': {'team': 'BUF', 'date': datetime.datetime(2021, 11, 21, 13, 0)}, '12': {'team': 'TB', 'date': datetime.datetime(2021, 11, 28, 13, 0)}, '13': {'team': 'HOU', 'date': datetime.datetime(2021, 12, 5, 13, 0)}, '15': {'team': 'NE', 'date': datetime.datetime(2021, 12, 18, 20, 15)}, '16': {'team': 'ARI', 'date': datetime.datetime(2021, 12, 25, 20, 15)}, '17': {'team': 'LV', 'date': datetime.datetime(2022, 1, 2, 13, 0)}, '18': {'team': 'JAX', 'date': datetime.datetime(2022, 1, 9, 13, 0)}}","['RB/WR', 'WR', 'WR/TE', 'RB/WR/TE', 'OP', 'BE', 'IR']",BE,1.0,,2.0,2.0,1.0,,,,,,,,,,,,,1.0,2.0,1.0,,,,,,,,,,,,,,,,,,,,,,,,,,,,,,,,,,,,,,,,,,,,,,,,,,,1.0,,2.0,1.0,,,,,,,,,,,,,,,,,,,,,,,,,,,,,,,,,,,,,,,,,,,,,,,,,,,,,,,,,,,,,,,,,,,,,,,,,,,,,,,,,,,,,,,,,,,,,,,,,,,,,,,,,,,,,,,,,,,,,,,,,,,,,,,,,,,,,,,,,,,,,,,,,,,,,,,,,,,,,,,,,,,,,,,2021,,,,,,,,,,,,,,,,,,,,,,,,,,,,,,,,,,,,,
166.0,9.76,80.48,4.73,,,,,,,,,,,,,,,,,,,,,,,,,,,,,,,,,,686.0,1021.0,12.0,5.0,,,,17.0,,,,,,,,,,,,,,,,,,,,,,,,,,,,,,,,,,,,,,,,,,,17.0,Cowboys D/ST,DAL,ADD,1,-16006,6,Husky Express,D/ST,"{'1': {'team': 'TB', 'date': datetime.datetime(2021, 9, 9, 20, 20)}, '2': {'team': 'LAC', 'date': datetime.datetime(2021, 9, 19, 16, 25)}, '3': {'team': 'PHI', 'date': datetime.datetime(2021, 9, 27, 20, 15)}, '4': {'team': 'CAR', 'date': datetime.datetime(2021, 10, 3, 13, 0)}, '5': {'team': 'NYG', 'date': datetime.datetime(2021, 10, 10, 16, 25)}, '6': {'team': 'NE', 'date': datetime.datetime(2021, 10, 17, 16, 25)}, '8': {'team': 'MIN', 'date': datetime.datetime(2021, 10, 31, 20, 20)}, '9': {'team': 'DEN', 'date': datetime.datetime(2021, 11, 7, 13, 0)}, '10': {'team': 'ATL', 'date': datetime.datetime(2021, 11, 14, 13, 0)}, '11': {'team': 'KC', 'date': datetime.datetime(2021, 11, 21, 16, 25)}, '12': {'team': 'LV', 'date': datetime.datetime(2021, 11, 25, 16, 30)}, '13': {'team': 'NO', 'date': datetime.datetime(2021, 12, 2, 20, 20)}, '14': {'team': 'WSH', 'date': datetime.datetime(2021, 12, 12, 13, 0)}, '15': {'team': 'NYG', 'date': datetime.datetime(2021, 12, 19, 13, 0)}, '16': {'team': 'WSH', 'date': datetime.datetime(2021, 12, 26, 20, 20)}, '17': {'team': 'ARI', 'date': datetime.datetime(2022, 1, 2, 16, 25)}, '18': {'team': 'PHI', 'date': datetime.datetime(2022, 1, 8, 20, 15)}}","['D/ST', 'BE', 'IR']",D/ST,,,,,,,719.0,65.0,21.0,0.154322,0.1875144,663.7434783,192.898,66.0,26.0,19.0,7.0,,,,,,,,,,,,,,,,,,,,,,,,,,,,,,,,,,,,,,,,,,,,,,,,,,,,,,,,,335.0,,,13.0,,,,,,,,,,,,,,,,,,,,,,,,,,,,,,,,,,,8.0,0.0,2.0,0.0,6.0,6.0,26.0,4.0,,41.0,82.0,1.0,,5.0,9.0,333.0,197.0,55.0,84.0,185.0,13.0,1.0,346.0,2.0,2.0,4.0,1.0,5967.0,0.0,0.0,4.0,3.0,5.0,4.0,0.0,1.0,0.0,0.0,2.0,0.0,6.0,2.0,2.0,4.0,1.0,0.095123901,0.424660272,1.851518785,2.174260592,0.06562566,1.574991172,13.05445989,10.90647653,1.025395897,0.551916952,38.79284412,77.58568824,1.01596246,0.559028712,1.982453232,16.77919466,1070.626936,356.0,214.0,64.17429914,409.2482463,2.463029576,4.212629896,3.550159872,1.970423661,0.258193445,24.07342625,6396.665146,0.067857499,1.357149985,2.816086219,4.461630576,4.190200579,2.71429997,1.068755613,0.324019559,376.2744203,-409.2482463,,,,,,,,,1.0,,,,2.0,,,,,,,,,,,,,,,,,,,,,,,,,,,,,,,,,,2021,,,,,,,,,,,,,,,,,,,,,,,,,,,,,,,,,,,,,
168.0,9.88,127.58,7.5,,,,,,,,,,,,,,,,,,,,,,,,,,,,,,,,,,,,10.0,7.0,150.0,,,17.0,,,,,,,,,,,,,,,,,,,,,,,,,,,,,,,,,,,,,,,,,,,17.0,Nick Folk,NE,ADD,2,10621,6,Husky Express,BE,"{'1': {'team': 'MIA', 'date': datetime.datetime(2021, 9, 12, 16, 25)}, '2': {'team': 'NYJ', 'date': datetime.datetime(2021, 9, 19, 13, 0)}, '3': {'team': 'NO', 'date': datetime.datetime(2021, 9, 26, 13, 0)}, '4': {'team': 'TB', 'date': datetime.datetime(2021, 10, 3, 20, 20)}, '5': {'team': 'HOU', 'date': datetime.datetime(2021, 10, 10, 13, 0)}, '6': {'team': 'DAL', 'date': datetime.datetime(2021, 10, 17, 16, 25)}, '7': {'team': 'NYJ', 'date': datetime.datetime(2021, 10, 24, 13, 0)}, '8': {'team': 'LAC', 'date': datetime.datetime(2021, 10, 31, 16, 5)}, '9': {'team': 'CAR', 'date': datetime.datetime(2021, 11, 7, 13, 0)}, '10': {'team': 'CLE', 'date': datetime.datetime(2021, 11, 14, 13, 0)}, '11': {'team': 'ATL', 'date': datetime.datetime(2021, 11, 18, 20, 20)}, '12': {'team': 'TEN', 'date': datetime.datetime(2021, 11, 28, 13, 0)}, '13': {'team': 'BUF', 'date': datetime.datetime(2021, 12, 6, 20, 15)}, '15': {'team': 'IND', 'date': datetime.datetime(2021, 12, 18, 20, 15)}, '16': {'team': 'BUF', 'date': datetime.datetime(2021, 12, 26, 13, 0)}, '17': {'team': 'JAX', 'date': datetime.datetime(2022, 1, 2, 13, 0)}, '18': {'team': 'MIA', 'date': datetime.datetime(2022, 1, 9, 16, 25)}}","['K', 'BE', 'IR']",BE,,,,,,,,,,,,,,,,,,,,,,,,,,,,,,,,,,,,,,,,,,,,,,,,,,,,,,,,,,,,,,,,,,,,,,,,,,,,,,5.0,8.0,11.0,11.0,,20.0,20.0,,36.0,39.0,3.0,42.0,47.0,5.0,5.0,8.0,3.160987694,4.785152727,1.624165033,7.714170426,9.914336041,2.200165615,15.93589324,16.57601925,0.640126006,26.81105136,31.27550802,4.464456654,37.5734902,39.07464407,1.50115387,3.160987694,4.785152727,1.624165033,,,,,,,,,,,,,,,,,,,,,,,,,,,,,,,,,,,,,,,,,,,,,,,,,,,,,,,,,,,,,,,,,,,,,,,,,,,,,,,,,,,,,,,3.0,3.0,,,,,,,,,,,,,,,,,,,,,,,,,,,,,,,,,,,,,,,,,,2021,,,,,,,,,,,,,,,,,,,,,,,,,,,,,,,,,,,,,
76.0,8.44,0.0,0.0,133.0,62.88888889,3.0,109.0,51.0,24.0,19.0,7.0,3.0,23.0,9.0,,,3.0,,4.2556391,9.0,13.66666667,,23.0,9.0,3.0,2.0,,,11.0,121.0,13.66666667,2.0,2.0,1.0,1.0,1.0,,,6.0,3.0,18.0,2.0,,9.0,,,,,,,,,,,,,,,,,,,,,,,,,,,,,,,,,,,,,,,,,,,,D'Onta Foreman,TEN,ADD,49,3125116,6,Husky Express,BE,"{'1': {'team': 'ARI', 'date': datetime.datetime(2021, 9, 12, 13, 0)}, '2': {'team': 'SEA', 'date': datetime.datetime(2021, 9, 19, 16, 25)}, '3': {'team': 'IND', 'date': datetime.datetime(2021, 9, 26, 13, 0)}, '4': {'team': 'NYJ', 'date': datetime.datetime(2021, 10, 3, 13, 0)}, '5': {'team': 'JAX', 'date': datetime.datetime(2021, 10, 10, 13, 0)}, '6': {'team': 'BUF', 'date': datetime.datetime(2021, 10, 18, 20, 15)}, '7': {'team': 'KC', 'date': datetime.datetime(2021, 10, 24, 13, 0)}, '8': {'team': 'IND', 'date': datetime.datetime(2021, 10, 31, 13, 0)}, '9': {'team': 'LAR', 'date': datetime.datetime(2021, 11, 7, 20, 20)}, '10': {'team': 'NO', 'date': datetime.datetime(2021, 11, 14, 13, 0)}, '11': {'team': 'HOU', 'date': datetime.datetime(2021, 11, 21, 13, 0)}, '12': {'team': 'NE', 'date': datetime.datetime(2021, 11, 28, 13, 0)}, '14': {'team': 'JAX', 'date': datetime.datetime(2021, 12, 12, 13, 0)}, '15': {'team': 'PIT', 'date': datetime.datetime(2021, 12, 19, 13, 0)}, '16': {'team': 'SF', 'date': datetime.datetime(2021, 12, 23, 20, 20)}, '17': {'team': 'MIA', 'date': datetime.datetime(2022, 1, 2, 13, 0)}, '18': {'team': 'HOU', 'date': datetime.datetime(2022, 1, 9, 13, 0)}}","['RB', 'RB/WR', 'RB/WR/TE', 'OP', 'BE', 'IR']",BE,,,,,,,,,,,,,,,,,,,,,,,,,,,,,,,,,,,,,,,,,,,,,,,,,,,,,,,,,,,,,,,,,,,,,,,,,,,,1.0,,,,,,,,,,,,,,,,,,,,,,,,,,,,,,,,,,,,,,,,,,,,,,,,,,,,,,,,,,,,,,,,,,,,,,,,,,,,,,,,,,,,,,,,,,,,,,,,,,,,,,,,,,,,,,,,,,,,,,,,,,,,,,,,,,,,,,,,,,,,,,,,,,,,,,,,,,,,,,,,,,,,,2021,,,,,,,,,,,,,,,,,,,,,,,,,,,,,,,,,,,,,
50.0,3.57,25.69,1.61,,,,,,,,,,,,,,,,,30.0,26.64285714,3.0,69.0,32.0,13.0,10.0,4.0,2.0,44.0,189.0,12.43333333,,1.0,,,,3.0,4.0,9.0,5.0,18.0,,,14.0,,,,,,,,,,,,,,,,,10.70346209,1.46222688,0.060904675,0.156052741,0.101980466,34.0,17.0,8.0,6.0,3.0,15.93433029,3.0,1.0,0.065100649,0.002013422,22.42866741,10.78708711,0.060904675,0.00080639,,0.183270567,0.183270567,,0.102631517,0.102631517,0.102631517,16.05882353,Foster Moreau,LV,ADD,23,3843945,6,Husky Express,TE,"{'1': {'team': 'BAL', 'date': datetime.datetime(2021, 9, 13, 20, 15)}, '2': {'team': 'PIT', 'date': datetime.datetime(2021, 9, 19, 13, 0)}, '3': {'team': 'MIA', 'date': datetime.datetime(2021, 9, 26, 16, 5)}, '4': {'team': 'LAC', 'date': datetime.datetime(2021, 10, 4, 20, 15)}, '5': {'team': 'CHI', 'date': datetime.datetime(2021, 10, 10, 16, 5)}, '6': {'team': 'DEN', 'date': datetime.datetime(2021, 10, 17, 16, 25)}, '7': {'team': 'PHI', 'date': datetime.datetime(2021, 10, 24, 16, 5)}, '9': {'team': 'NYG', 'date': datetime.datetime(2021, 11, 7, 13, 0)}, '10': {'team': 'KC', 'date': datetime.datetime(2021, 11, 14, 20, 20)}, '11': {'team': 'CIN', 'date': datetime.datetime(2021, 11, 21, 16, 5)}, '12': {'team': 'DAL', 'date': datetime.datetime(2021, 11, 25, 16, 30)}, '13': {'team': 'WSH', 'date': datetime.datetime(2021, 12, 5, 16, 5)}, '14': {'team': 'KC', 'date': datetime.datetime(2021, 12, 12, 13, 0)}, '15': {'team': 'CLE', 'date': datetime.datetime(2021, 12, 20, 17, 0)}, '16': {'team': 'DEN', 'date': datetime.datetime(2021, 12, 26, 16, 25)}, '17': {'team': 'IND', 'date': datetime.datetime(2022, 1, 2, 13, 0)}, '18': {'team': 'LAC', 'date': datetime.datetime(2022, 1, 9, 20, 20)}}","['WR/TE', 'TE', 'RB/WR/TE', 'OP', 'BE', 'IR']",TE,,,,,1.0,,,,,,,,,,,,,,1.0,,,,,,,,,,,,,,,,,,,,,,,,,,,,,,,,,,,,,,,,,,,,,,,,,,,,,,2.0,1.0,,,1.0,,,,,,,,,,,,,,,,,,,,,,,,,,,,,,,,,,,1.0,,,,,,,,,,,,,,,,,,,,,,,,,,,,,,,,,,,,,,,,,,,,,,,,,,,,,,,,,,,,,,,,,,,,,,,,,,,,,,,,,,,,,,,,,,,,,,,,,,,,,,,,,,,,,,,,,,,,,,,,,,,,,,,,,2021,,,,,,,,,,,,,,,,,,,,,,,,,,,,,,,,,,,,,
112.0,6.59,66.04,4.13,2.0,1.17647059,,4.0,2.0,,,,,,,,,,,10.0,50.0,47.17647059,6.0,153.0,74.0,33.0,23.0,7.0,2.0,89.0,216.0,16.04,,,,,,1.0,1.0,12.0,5.0,36.0,,,17.0,,,,,,,,,,,,,,,,,30.10781862,3.031312884,0.147834924,0.192095237,0.125534238,96.0,48.0,24.0,19.0,9.0,38.00007996,7.0,3.0,0.353096889,0.010920522,60.02365179,12.72355602,0.147834924,0.001776487,,0.403747148,0.403747148,,0.226098403,0.226098403,0.226098403,16.05882353,Van Jefferson,LAR,ADD,31,3930066,6,Husky Express,WR,"{'1': {'team': 'CHI', 'date': datetime.datetime(2021, 9, 12, 20, 20)}, '2': {'team': 'IND', 'date': datetime.datetime(2021, 9, 19, 13, 0)}, '3': {'team': 'TB', 'date': datetime.datetime(2021, 9, 26, 16, 25)}, '4': {'team': 'ARI', 'date': datetime.datetime(2021, 10, 3, 16, 5)}, '5': {'team': 'SEA', 'date': datetime.datetime(2021, 10, 7, 20, 20)}, '6': {'team': 'NYG', 'date': datetime.datetime(2021, 10, 17, 13, 0)}, '7': {'team': 'DET', 'date': datetime.datetime(2021, 10, 24, 16, 5)}, '8': {'team': 'HOU', 'date': datetime.datetime(2021, 10, 31, 13, 0)}, '9': {'team': 'TEN', 'date': datetime.datetime(2021, 11, 7, 20, 20)}, '10': {'team': 'SF', 'date': datetime.datetime(2021, 11, 15, 20, 15)}, '12': {'team': 'GB', 'date': datetime.datetime(2021, 11, 28, 16, 25)}, '13': {'team': 'JAX', 'date': datetime.datetime(2021, 12, 5, 16, 5)}, '14': {'team': 'ARI', 'date': datetime.datetime(2021, 12, 13, 20, 15)}, '15': {'team': 'SEA', 'date': datetime.datetime(2021, 12, 21, 19, 0)}, '16': {'team': 'MIN', 'date': datetime.datetime(2021, 12, 26, 13, 0)}, '17': {'team': 'BAL', 'date': datetime.datetime(2022, 1, 2, 13, 0)}, '18': {'team': 'SF', 'date': datetime.datetime(2022, 1, 9, 16, 25)}}","['RB/WR', 'WR', 'WR/TE', 'RB/WR/TE', 'OP', 'BE', 'IR']",WR,3.0,3.0,,,,,,,,,,,,,,,,,1.0,,,,,,,,,,,,,,,,,,,,,,,,,,,,,,,,,,,,,,,,,,,,,,,,,,,,,,2.0,,,,,,,,,,,,,,,,,,,,,,,,,,,,,,,,,,,,,,,,,,,,,,,,,,,,,,,,,,,,,,,,,,,,,,,,,,,,,,,,,,,,,,,,,,,,,,,,,,,,,,,,,,,,,,,,,,,,,,,,,,,,,,,,,,,,,,,,,,,,,,,,,,,,,,,,,,,,,,,,,,,,,,,,2021,,,,,,,,,,,,,,,,,,,,,,,,,,,,,,,,,,,,,
128.0,7.53,97.81,6.52,6.0,1.88235294,1.0,5.0,2.0,,,,,,,,,,,5.33333333,81.0,62.05882353,4.0,204.0,96.0,46.0,34.0,13.0,13.0,140.0,381.0,13.02469136,,,,,,5.0,5.0,6.0,11.0,30.0,,,17.0,4.093638742,1.421516816,0.102185417,0.003043712,4.0,2.0,1.0,,,,,0.007524136,0.005266895,0.00111062,3.79012e-05,5.40280437,47.01542254,3.772027159,0.180094083,0.143489672,0.093770501,146.0,73.0,36.0,29.0,14.0,60.02039004,12.0,6.0,1.089593679,0.033698774,97.42077707,12.18760261,0.183137795,0.003265848,0.047391422,0.694846762,0.742238183,0.021800054,0.389114186,0.410914241,0.410914241,15.55882353,Darnell Mooney,CHI,ADD,24,4040655,6,Husky Express,BE,"{'1': {'team': 'LAR', 'date': datetime.datetime(2021, 9, 12, 20, 20)}, '2': {'team': 'CIN', 'date': datetime.datetime(2021, 9, 19, 13, 0)}, '3': {'team': 'CLE', 'date': datetime.datetime(2021, 9, 26, 13, 0)}, '4': {'team': 'DET', 'date': datetime.datetime(2021, 10, 3, 13, 0)}, '5': {'team': 'LV', 'date': datetime.datetime(2021, 10, 10, 16, 5)}, '6': {'team': 'GB', 'date': datetime.datetime(2021, 10, 17, 13, 0)}, '7': {'team': 'TB', 'date': datetime.datetime(2021, 10, 24, 16, 25)}, '8': {'team': 'SF', 'date': datetime.datetime(2021, 10, 31, 13, 0)}, '9': {'team': 'PIT', 'date': datetime.datetime(2021, 11, 8, 20, 15)}, '11': {'team': 'BAL', 'date': datetime.datetime(2021, 11, 21, 13, 0)}, '12': {'team': 'DET', 'date': datetime.datetime(2021, 11, 25, 12, 30)}, '13': {'team': 'ARI', 'date': datetime.datetime(2021, 12, 5, 13, 0)}, '14': {'team': 'GB', 'date': datetime.datetime(2021, 12, 12, 20, 20)}, '15': {'team': 'MIN', 'date': datetime.datetime(2021, 12, 20, 20, 15)}, '16': {'team': 'SEA', 'date': datetime.datetime(2021, 12, 26, 16, 5)}, '17': {'team': 'NYG', 'date': datetime.datetime(2022, 1, 2, 13, 0)}, '18': {'team': 'MIN', 'date': datetime.datetime(2022, 1, 9, 13, 0)}}","['RB/WR', 'WR', 'WR/TE', 'RB/WR/TE', 'OP', 'BE', 'IR']",BE,1.0,1.0,4.0,4.0,,,10.0,1.0,,,,,,,,,,1.0,2.0,,,,,,,,,,,,,,,,,,,,,,,,,,,,,,,,,,,,,,,,,,,,,,,,,,,,,,1.0,,1.0,,,,,,,,,,,,,,,,,,,,,,,,,,,,,,,,,,,,,,,,,,,,,,,,,,,,,,,,,,,,,,,,,,,,,,,,,,,,,,,,,,,,,,,,,,,,,,,,,,,,,,,,,,,,,,,,,,,,,,,,,,,,,,,,,,,,,,,,,,,,,,,,,,,,,,,,,,,,,,,,,,,,,,2021,,,,,,,,,,,,,,,,,,,,,,,,,,,,,,,,,,,,,
249.0,14.65,292.23,18.26,55.0,15.88235294,7.0,47.0,19.0,8.0,5.0,1.0,,4.0,,,,,,4.90909091,,,,,,,,,,,,,4.0,10.0,1.0,4.0,18.0,2.0,3.0,12.0,5.0,168.0,7.0,,17.0,47.221247,13.06032448,3.571425263,0.109259427,41.0,20.0,10.0,8.0,4.0,9.0,4.0,0.088824634,0.062177244,0.112217919,0.003829567,4.441505879,,,,,,,,,,,,,,,,,,1.721692761,0.034272207,0.633036786,,7.789137865,0.291196921,,3.72612544,14.03631307,16.05882353,Ryan Tannehill,TEN,ADD,12,14876,6,Husky Express,QB,"{'1': {'team': 'ARI', 'date': datetime.datetime(2021, 9, 12, 13, 0)}, '2': {'team': 'SEA', 'date': datetime.datetime(2021, 9, 19, 16, 25)}, '3': {'team': 'IND', 'date': datetime.datetime(2021, 9, 26, 13, 0)}, '4': {'team': 'NYJ', 'date': datetime.datetime(2021, 10, 3, 13, 0)}, '5': {'team': 'JAX', 'date': datetime.datetime(2021, 10, 10, 13, 0)}, '6': {'team': 'BUF', 'date': datetime.datetime(2021, 10, 18, 20, 15)}, '7': {'team': 'KC', 'date': datetime.datetime(2021, 10, 24, 13, 0)}, '8': {'team': 'IND', 'date': datetime.datetime(2021, 10, 31, 13, 0)}, '9': {'team': 'LAR', 'date': datetime.datetime(2021, 11, 7, 20, 20)}, '10': {'team': 'NO', 'date': datetime.datetime(2021, 11, 14, 13, 0)}, '11': {'team': 'HOU', 'date': datetime.datetime(2021, 11, 21, 13, 0)}, '12': {'team': 'NE', 'date': datetime.datetime(2021, 11, 28, 13, 0)}, '14': {'team': 'JAX', 'date': datetime.datetime(2021, 12, 12, 13, 0)}, '15': {'team': 'PIT', 'date': datetime.datetime(2021, 12, 19, 13, 0)}, '16': {'team': 'SF', 'date': datetime.datetime(2021, 12, 23, 20, 20)}, '17': {'team': 'MIA', 'date': datetime.datetime(2022, 1, 2, 13, 0)}, '18': {'team': 'HOU', 'date': datetime.datetime(2022, 1, 9, 13, 0)}}","['QB', 'OP', 'BE', 'IR']",QB,,,,,,,,,,,,,,,,,,,,,531.0,357.0,174.0,219.64705882,21.0,740.0,366.0,178.0,138.0,65.0,28.0,64.0,29.0,27.0,8.0,1.0,1.0,2.0,1.0,14.0,0.67231638,47.0,6.0,11.0,8.0,1.0,,499.5123431,327.285957,172.2263861,247.8725363,29.05600572,796.0,398.0,199.0,159.0,79.0,39.0,65.0,32.0,3.172249403,2.073064985,2.987024881,0.403468741,1.612433334,10.31018763,0.65521095,34.29552437,7.156101079,3.434928518,,,,1.0,,,,,,,,,,,,,,,,,,,,,,,,,,,,,,,,,,,,,,,,,,,,,,,,,,,,,,,,,,,,,,,,,,,,,,,,,,,,,,,,,,,,,,,,,,,,,,,,,,,,,,,,,,,,,,,,,,,,,,,,,,,3.0,,,,,,,,,,,,,,,,,,,,,,,,,,,,,,,,,,,,,,,,,,,,2021,,,,,,,,,,,,,,,,,,,,,,,,,,,,,,,,,,,,,
100.0,7.69,223.79,17.21,162.0,45.61538462,2.0,115.0,55.0,24.0,21.0,8.0,1.0,29.0,12.0,,,1.0,,3.66049383,41.0,20.23076923,2.0,48.0,23.0,8.0,5.0,1.0,4.0,57.0,298.0,6.41463415,1.0,2.0,1.0,1.0,1.0,,,2.0,11.0,24.0,2.0,,13.0,261.4456424,85.64994419,9.023120421,0.294881006,234.0,117.0,58.0,46.0,23.0,52.0,26.0,0.548160046,0.383712032,3.57575174,0.122026688,4.480430165,30.75332368,1.850037218,0.10105817,0.045183256,0.029527258,84.0,42.0,21.0,16.0,8.0,55.24155937,11.0,5.0,0.250760583,0.007755482,73.98595165,7.613777228,0.395939176,0.005865727,1.10057604,0.232543699,1.333119739,0.506264978,0.130224471,0.63648945,0.63648945,13.67647059,Saquon Barkley,NYG,DRAFT,33,3929630,8,Flying Eagles,RB,"{'1': {'team': 'DEN', 'date': datetime.datetime(2021, 9, 12, 16, 25)}, '2': {'team': 'WSH', 'date': datetime.datetime(2021, 9, 16, 20, 20)}, '3': {'team': 'ATL', 'date': datetime.datetime(2021, 9, 26, 13, 0)}, '4': {'team': 'NO', 'date': datetime.datetime(2021, 10, 3, 13, 0)}, '5': {'team': 'DAL', 'date': datetime.datetime(2021, 10, 10, 16, 25)}, '6': {'team': 'LAR', 'date': datetime.datetime(2021, 10, 17, 13, 0)}, '7': {'team': 'CAR', 'date': datetime.datetime(2021, 10, 24, 13, 0)}, '8': {'team': 'KC', 'date': datetime.datetime(2021, 11, 1, 20, 15)}, '9': {'team': 'LV', 'date': datetime.datetime(2021, 11, 7, 13, 0)}, '11': {'team': 'TB', 'date': datetime.datetime(2021, 11, 22, 20, 15)}, '12': {'team': 'PHI', 'date': datetime.datetime(2021, 11, 28, 13, 0)}, '13': {'team': 'MIA', 'date': datetime.datetime(2021, 12, 5, 13, 0)}, '14': {'team': 'LAC', 'date': datetime.datetime(2021, 12, 12, 16, 5)}, '15': {'team': 'DAL', 'date': datetime.datetime(2021, 12, 19, 13, 0)}, '16': {'team': 'PHI', 'date': datetime.datetime(2021, 12, 26, 13, 0)}, '17': {'team': 'CHI', 'date': datetime.datetime(2022, 1, 2, 13, 0)}, '18': {'team': 'WSH', 'date': datetime.datetime(2022, 1, 9, 13, 0)}}","['RB', 'RB/WR', 'RB/WR/TE', 'OP', 'BE', 'IR']",RB,1.0,1.0,,,1.0,,,,,,,,,,,,,,,,,,,,,,,,,,,,,,,,,,,,,,,,,,,,,,,,,,,,,,,,,,,,,,,,,,,,1.0,,,,,,,,,,,,,,,,,,,,,,,,,,,,,,,,,,,,,,,,,,,,,,,,,,,,,,,,,,,,,,,,,,,,,,,,,,,,,,,,,,,,,,,,,,,,,,,,,,,,,,,,,,,,,,,,,,,,,,,,,,,,,,,,,,,,,,,,,,,,,,,,,,,,,,,,,,,,,,,,,,,,,,,,2021,,,,,,,,,,,,,,,,,,,,,,,,,,,,,,,,,,,,,
258.0,16.12,188.74,13.48,206.0,56.9375,12.0,174.0,82.0,36.0,30.0,14.0,1.0,36.0,14.0,,,1.0,,4.4223301,70.0,40.4375,8.0,124.0,58.0,26.0,18.0,7.0,8.0,94.0,627.0,9.24285714,,4.0,,3.0,3.0,,,9.0,7.0,124.0,10.0,,16.0,189.78592,59.05922939,4.722332838,0.179627293,172.0,86.0,43.0,34.0,17.0,37.0,18.0,0.384086588,0.268860612,1.928581228,0.065815078,4.548846251,41.04492489,2.820364465,0.138962147,0.079886946,0.052206119,119.0,59.0,29.0,23.0,11.0,73.88680848,14.0,7.0,0.629009773,0.019453911,91.49295102,8.120261761,0.31858944,0.00998989,1.634206084,0.636223551,2.270429635,0.751734799,0.356285188,1.108019987,1.108019987,14.61764706,Austin Ekeler,LAC,DRAFT,2,3068267,8,Flying Eagles,RB,"{'1': {'team': 'WSH', 'date': datetime.datetime(2021, 9, 12, 13, 0)}, '2': {'team': 'DAL', 'date': datetime.datetime(2021, 9, 19, 16, 25)}, '3': {'team': 'KC', 'date': datetime.datetime(2021, 9, 26, 13, 0)}, '4': {'team': 'LV', 'date': datetime.datetime(2021, 10, 4, 20, 15)}, '5': {'team': 'CLE', 'date': datetime.datetime(2021, 10, 10, 16, 5)}, '6': {'team': 'BAL', 'date': datetime.datetime(2021, 10, 17, 13, 0)}, '8': {'team': 'NE', 'date': datetime.datetime(2021, 10, 31, 16, 5)}, '9': {'team': 'PHI', 'date': datetime.datetime(2021, 11, 7, 16, 5)}, '10': {'team': 'MIN', 'date': datetime.datetime(2021, 11, 14, 16, 5)}, '11': {'team': 'PIT', 'date': datetime.datetime(2021, 11, 21, 20, 20)}, '12': {'team': 'DEN', 'date': datetime.datetime(2021, 11, 28, 16, 5)}, '13': {'team': 'CIN', 'date': datetime.datetime(2021, 12, 5, 13, 0)}, '14': {'team': 'NYG', 'date': datetime.datetime(2021, 12, 12, 16, 5)}, '15': {'team': 'KC', 'date': datetime.datetime(2021, 12, 16, 20, 20)}, '16': {'team': 'HOU', 'date': datetime.datetime(2021, 12, 26, 13, 0)}, '17': {'team': 'DEN', 'date': datetime.datetime(2022, 1, 2, 16, 5)}, '18': {'team': 'LV', 'date': datetime.datetime(2022, 1, 9, 20, 20)}}","['RB', 'RB/WR', 'RB/WR/TE', 'OP', 'BE', 'IR']",RB,,,,,4.0,3.0,,,,,,,,,,,,,1.0,,,,,,,,,,,,,,,,,,,,,,,,,,,,,,,,,,,,,,,,,,,,,,,,,,,,1.0,,7.0,,2.0,,,,,,,,,,,,,,,,,,,,,,,,,,,,,,,,,,,,,,,,,,,,,,,,,,,,,,,,,,,,,,,,,,,,,,,,,,,,,,,,,,,,,,,,,,,,,,,,,,,,,,,,,,,,,,,,,,,,,,,,,,,,,,,1.0,,,,,,,,,,,,,,,,,,,,,,,,,,,,,,,,,,,,,,,2021,,,,,,,,,,,,,,,,,,,,,,,,,,,,,,,,,,,,,
212.0,12.47,170.87,10.68,6.0,0.82352941,,2.0,1.0,,,,,,,,,,,2.33333333,108.0,95.05882353,10.0,315.0,153.0,74.0,55.0,24.0,14.0,167.0,482.0,14.96296296,,1.0,,1.0,1.0,,,8.0,9.0,60.0,,,17.0,,,,,,,,,,,,,,,,,78.23294891,7.67095512,0.445820717,0.33583336,0.219467101,251.0,125.0,62.0,50.0,25.0,88.86274673,17.0,8.0,4.331522817,0.133964623,135.1159098,14.13786054,0.445820717,0.004202079,,0.955017989,0.955017989,,0.534810074,0.534810074,0.534810074,16.05882353,Justin Jefferson,MIN,DRAFT,5,4262921,8,Flying Eagles,WR,"{'1': {'team': 'CIN', 'date': datetime.datetime(2021, 9, 12, 13, 0)}, '2': {'team': 'ARI', 'date': datetime.datetime(2021, 9, 19, 16, 5)}, '3': {'team': 'SEA', 'date': datetime.datetime(2021, 9, 26, 16, 25)}, '4': {'team': 'CLE', 'date': datetime.datetime(2021, 10, 3, 13, 0)}, '5': {'team': 'DET', 'date': datetime.datetime(2021, 10, 10, 13, 0)}, '6': {'team': 'CAR', 'date': datetime.datetime(2021, 10, 17, 13, 0)}, '8': {'team': 'DAL', 'date': datetime.datetime(2021, 10, 31, 20, 20)}, '9': {'team': 'BAL', 'date': datetime.datetime(2021, 11, 7, 13, 0)}, '10': {'team': 'LAC', 'date': datetime.datetime(2021, 11, 14, 16, 5)}, '11': {'team': 'GB', 'date': datetime.datetime(2021, 11, 21, 13, 0)}, '12': {'team': 'SF', 'date': datetime.datetime(2021, 11, 28, 16, 25)}, '13': {'team': 'DET', 'date': datetime.datetime(2021, 12, 5, 13, 0)}, '14': {'team': 'PIT', 'date': datetime.datetime(2021, 12, 9, 20, 20)}, '15': {'team': 'CHI', 'date': datetime.datetime(2021, 12, 20, 20, 15)}, '16': {'team': 'LAR', 'date': datetime.datetime(2021, 12, 26, 13, 0)}, '17': {'team': 'GB', 'date': datetime.datetime(2022, 1, 2, 20, 20)}, '18': {'team': 'CHI', 'date': datetime.datetime(2022, 1, 9, 13, 0)}}","['RB/WR', 'WR', 'WR/TE', 'RB/WR/TE', 'OP', 'BE', 'IR']",WR,2.0,1.0,7.0,7.0,1.0,1.0,,,,,,,,,,,,1.0,3.0,1.0,4.0,2.0,2.0,2.05882353,,6.0,3.0,1.0,,,,,,,,,,,,,0.5,,,,,,,,,,,,,,,,,,,,,,,,,,,,,,,,4.0,,,,,,,,,,,,,,,,,,,,,,,,,,,,,,,,,,,,,,,,,,,,,,,,,,,,,,,,,,,,,,,,,,,,,,,,,,,,,,,,,,,,,,,,,,,,,,,,,,,,,,,,,,,,,,,,,,,,,,,,,,,,,,,,,,,,,,,,,,,,,,,,,,,,,,,,,,,,,,,,,,,,,,,,2021,,,,,,,,,,,,,,,,,,,,,,,,,,,,,,,,,,,,,
161.0,10.06,154.36,9.65,2.0,0.5625,,1.0,,,,,,,,,,,,4.5,73.0,73.4375,8.0,229.0,111.0,51.0,38.0,15.0,7.0,107.0,277.0,16.09589041,,,,,,1.0,1.0,7.0,9.0,50.0,,,16.0,2.139136873,0.726511158,0.061353973,0.00181203,2.0,1.0,,,,,,0.003927557,0.00274929,0.00026765,9.13386e-06,5.454028973,66.71377387,7.727848997,0.295006261,0.234105928,0.152988224,214.0,107.0,53.0,42.0,21.0,89.65780403,17.0,8.0,2.986640984,0.09237034,126.6180991,11.94926346,0.296818291,0.003901941,0.020665139,0.866139531,0.88680467,0.009505964,0.485038137,0.494544102,0.494544102,16.05882353,Tyler Lockett,SEA,DRAFT,11,2577327,8,Flying Eagles,WR,"{'1': {'team': 'IND', 'date': datetime.datetime(2021, 9, 12, 13, 0)}, '2': {'team': 'TEN', 'date': datetime.datetime(2021, 9, 19, 16, 25)}, '3': {'team': 'MIN', 'date': datetime.datetime(2021, 9, 26, 16, 25)}, '4': {'team': 'SF', 'date': datetime.datetime(2021, 10, 3, 16, 5)}, '5': {'team': 'LAR', 'date': datetime.datetime(2021, 10, 7, 20, 20)}, '6': {'team': 'PIT', 'date': datetime.datetime(2021, 10, 17, 20, 20)}, '7': {'team': 'NO', 'date': datetime.datetime(2021, 10, 25, 20, 15)}, '8': {'team': 'JAX', 'date': datetime.datetime(2021, 10, 31, 16, 5)}, '10': {'team': 'GB', 'date': datetime.datetime(2021, 11, 14, 16, 25)}, '11': {'team': 'ARI', 'date': datetime.datetime(2021, 11, 21, 16, 25)}, '12': {'team': 'WSH', 'date': datetime.datetime(2021, 11, 29, 20, 15)}, '13': {'team': 'SF', 'date': datetime.datetime(2021, 12, 5, 16, 25)}, '14': {'team': 'HOU', 'date': datetime.datetime(2021, 12, 12, 13, 0)}, '15': {'team': 'LAR', 'date': datetime.datetime(2021, 12, 21, 19, 0)}, '16': {'team': 'CHI', 'date': datetime.datetime(2021, 12, 26, 16, 5)}, '17': {'team': 'DET', 'date': datetime.datetime(2022, 1, 2, 16, 25)}, '18': {'team': 'ARI', 'date': datetime.datetime(2022, 1, 9, 16, 25)}}","['RB/WR', 'WR', 'WR/TE', 'RB/WR/TE', 'OP', 'BE', 'IR']",WR,4.0,3.0,5.0,5.0,,,,,,,,,,,,,,1.0,2.0,1.0,,,,,,,,,,,,,,,,,,,,,,,,,,,,,,,,,,,,,,,,,,,,,,,,,,,1.0,,1.0,,,,,,,,,,,,,,,,,,,,,,,,,,,,,,,,,,,,,,,,,,,,,,,,,,,,,,,,,,3.0,,,,,,,,,,,,,,,,,,,,,,,,,,,,,,,,,,,,,,,,,,,,,,,,,,,,,,,,,,,,,,,,,,,,,,,,,,,,,,,,,,,,,,,,,,,,,,,,,,,,,,,,,,,,,,2021,,,,,,,,,,,,,,,,,,,,,,,,,,,,,,,,,,,,,
84.0,5.25,90.82,5.68,,,,,,,,,,,,,,,,,68.0,41.875,4.0,128.0,60.0,24.0,19.0,6.0,7.0,90.0,309.0,9.85294118,,,,,,2.0,2.0,6.0,10.0,24.0,,,16.0,,,,,,,,,,,,,,,,,41.468062,4.167243221,0.210318398,0.127882045,0.083570916,133.0,66.0,33.0,26.0,13.0,64.30220192,12.0,6.0,0.839009686,0.025948753,91.13626162,10.3562284,0.210318398,0.002435445,,0.553510232,0.553510232,,0.30996573,0.30996573,0.30996573,16.05882353,Noah Fant,DEN,DRAFT,13,4036131,8,Flying Eagles,TE,"{'1': {'team': 'NYG', 'date': datetime.datetime(2021, 9, 12, 16, 25)}, '2': {'team': 'JAX', 'date': datetime.datetime(2021, 9, 19, 13, 0)}, '3': {'team': 'NYJ', 'date': datetime.datetime(2021, 9, 26, 16, 5)}, '4': {'team': 'BAL', 'date': datetime.datetime(2021, 10, 3, 16, 25)}, '5': {'team': 'PIT', 'date': datetime.datetime(2021, 10, 10, 13, 0)}, '6': {'team': 'LV', 'date': datetime.datetime(2021, 10, 17, 16, 25)}, '7': {'team': 'CLE', 'date': datetime.datetime(2021, 10, 21, 20, 20)}, '8': {'team': 'WSH', 'date': datetime.datetime(2021, 10, 31, 16, 25)}, '9': {'team': 'DAL', 'date': datetime.datetime(2021, 11, 7, 13, 0)}, '10': {'team': 'PHI', 'date': datetime.datetime(2021, 11, 14, 16, 25)}, '12': {'team': 'LAC', 'date': datetime.datetime(2021, 11, 28, 16, 5)}, '13': {'team': 'KC', 'date': datetime.datetime(2021, 12, 5, 20, 20)}, '14': {'team': 'DET', 'date': datetime.datetime(2021, 12, 12, 16, 5)}, '15': {'team': 'CIN', 'date': datetime.datetime(2021, 12, 19, 16, 5)}, '16': {'team': 'LV', 'date': datetime.datetime(2021, 12, 26, 16, 25)}, '17': {'team': 'LAC', 'date': datetime.datetime(2022, 1, 2, 16, 5)}, '18': {'team': 'KC', 'date': datetime.datetime(2022, 1, 8, 16, 30)}}","['WR/TE', 'TE', 'RB/WR/TE', 'OP', 'BE', 'IR']",TE,,,,,,,,,,,,,,,,,,,3.0,,,,,,,,,,,,,,,,,,,,,,,,,,,,,,,,,,,,,,,,,,,,,,,,,,,,,,1.0,,,,,,,,,,,,,,,,,,,,,,,,,,,,,,,,,,,,,,,,,,,,,,,,,,,,,,,,,,,,,,,,,,,,,,,,,,,,,,,,,,,,,,,,,,,,,,,,,,,,,,,,,,,,,,,,,,,,,,,,,,,,,,,,,,,,,,,,,,,,,,,,,,,,,,,,,,,,,,,,,,,,,,,,2021,,,,,,,,,,,,,,,,,,,,,,,,,,,,,,,,,,,,,
110.0,6.47,142.76,9.52,173.0,36.0,3.0,115.0,53.0,24.0,17.0,4.0,,30.0,11.0,,,,,3.53757225,49.0,13.76470588,4.0,41.0,17.0,6.0,3.0,1.0,4.0,63.0,250.0,4.7755102,2.0,2.0,1.0,1.0,1.0,,,9.0,8.0,42.0,3.0,,17.0,169.8415779,46.82018244,4.749596198,0.186103827,141.0,70.0,35.0,28.0,14.0,33.0,16.0,0.340372386,0.23826067,1.300462163,0.044379784,4.167477729,23.20755917,1.750590817,0.101595015,0.051639447,0.033746379,70.0,35.0,17.0,14.0,7.0,46.71853317,9.0,4.0,0.167681434,0.005186024,59.45694219,7.509732538,0.287698842,0.008520174,1.518662659,0.417740418,1.936403077,0.698584823,0.233934634,0.932519457,0.932519457,15.11764706,Myles Gaskin,MIA,DRAFT,29,3886818,8,Flying Eagles,BE,"{'1': {'team': 'NE', 'date': datetime.datetime(2021, 9, 12, 16, 25)}, '2': {'team': 'BUF', 'date': datetime.datetime(2021, 9, 19, 13, 0)}, '3': {'team': 'LV', 'date': datetime.datetime(2021, 9, 26, 16, 5)}, '4': {'team': 'IND', 'date': datetime.datetime(2021, 10, 3, 13, 0)}, '5': {'team': 'TB', 'date': datetime.datetime(2021, 10, 10, 13, 0)}, '6': {'team': 'JAX', 'date': datetime.datetime(2021, 10, 17, 9, 30)}, '7': {'team': 'ATL', 'date': datetime.datetime(2021, 10, 24, 13, 0)}, '8': {'team': 'BUF', 'date': datetime.datetime(2021, 10, 31, 13, 0)}, '9': {'team': 'HOU', 'date': datetime.datetime(2021, 11, 7, 13, 0)}, '10': {'team': 'BAL', 'date': datetime.datetime(2021, 11, 11, 20, 20)}, '11': {'team': 'NYJ', 'date': datetime.datetime(2021, 11, 21, 13, 0)}, '12': {'team': 'CAR', 'date': datetime.datetime(2021, 11, 28, 13, 0)}, '13': {'team': 'NYG', 'date': datetime.datetime(2021, 12, 5, 13, 0)}, '15': {'team': 'NYJ', 'date': datetime.datetime(2021, 12, 19, 13, 0)}, '16': {'team': 'NO', 'date': datetime.datetime(2021, 12, 27, 20, 15)}, '17': {'team': 'TEN', 'date': datetime.datetime(2022, 1, 2, 13, 0)}, '18': {'team': 'NE', 'date': datetime.datetime(2022, 1, 9, 16, 25)}}","['RB', 'RB/WR', 'RB/WR/TE', 'OP', 'BE', 'IR']",BE,,,,,,,29.0,2.0,1.0,,,,,,,,,1.0,3.0,1.0,,,,,,,,,,,,,,,,,,,,,,,,,,,,,,,,,,,,,,,,,,,,,,,,,,,,,,,,,,,,,,,,,,,,,,,,,,,,,,,,,,,,,,,,,,,,,,,,,,,,,,,,,,,,,,,,,,,,,,,,,,,,,,,,,,,,,,,,,,,,,,,,,,,,,,,,,,,,,,,,,,,,,,,,,,,,,,,,,,,,,,,,,,,,,,,,,,,,,,,,,,,,,,,,,,,,,,,,,,,,,2021,,,,,,,,,,,,,,,,,,,,,,,,,,,,,,,,,,,,,
128.0,8.0,128.02,8.0,1.0,0.3125,,1.0,,,,,,,,,,,,5.0,91.0,63.0,6.0,196.0,94.0,43.0,34.0,12.0,12.0,145.0,388.0,11.07692308,,3.0,,1.0,1.0,1.0,1.0,7.0,9.0,36.0,,1.0,16.0,2.397558071,0.813910495,0.090920117,0.002437427,2.0,1.0,,,,,,0.004402637,0.003081846,0.000345613,1.17945e-05,5.451565558,54.63386159,6.532273841,0.332198744,0.219024184,0.143132304,175.0,87.0,43.0,35.0,17.0,64.53187622,12.0,6.0,1.786522625,0.055253277,105.3992607,13.59569244,0.334636172,0.001564461,0.01273691,0.34282245,0.35555936,0.005858979,0.191980572,0.197839551,0.197839551,16.05882353,Marquise Brown,BAL,DRAFT,24,4241372,8,Flying Eagles,BE,"{'1': {'team': 'LV', 'date': datetime.datetime(2021, 9, 13, 20, 15)}, '2': {'team': 'KC', 'date': datetime.datetime(2021, 9, 19, 20, 20)}, '3': {'team': 'DET', 'date': datetime.datetime(2021, 9, 26, 13, 0)}, '4': {'team': 'DEN', 'date': datetime.datetime(2021, 10, 3, 16, 25)}, '5': {'team': 'IND', 'date': datetime.datetime(2021, 10, 11, 20, 15)}, '6': {'team': 'LAC', 'date': datetime.datetime(2021, 10, 17, 13, 0)}, '7': {'team': 'CIN', 'date': datetime.datetime(2021, 10, 24, 13, 0)}, '9': {'team': 'MIN', 'date': datetime.datetime(2021, 11, 7, 13, 0)}, '10': {'team': 'MIA', 'date': datetime.datetime(2021, 11, 11, 20, 20)}, '11': {'team': 'CHI', 'date': datetime.datetime(2021, 11, 21, 13, 0)}, '12': {'team': 'CLE', 'date': datetime.datetime(2021, 11, 28, 20, 20)}, '13': {'team': 'PIT', 'date': datetime.datetime(2021, 12, 5, 16, 25)}, '14': {'team': 'CLE', 'date': datetime.datetime(2021, 12, 12, 13, 0)}, '15': {'team': 'GB', 'date': datetime.datetime(2021, 12, 19, 16, 25)}, '16': {'team': 'CIN', 'date': datetime.datetime(2021, 12, 26, 13, 0)}, '17': {'team': 'LAR', 'date': datetime.datetime(2022, 1, 2, 13, 0)}, '18': {'team': 'PIT', 'date': datetime.datetime(2022, 1, 9, 13, 0)}}","['RB/WR', 'WR', 'WR/TE', 'RB/WR/TE', 'OP', 'BE', 'IR']",BE,3.0,,3.0,3.0,3.0,1.0,,,,,,,,,,,,1.0,1.0,,,,,,,,,,,,,,,,,,,,,,,,,,,,,,,,,,,,,,,,,,,,,,,,,,,,,,1.0,,,,,,,,,,,,,,,,,,,,,,,,,,,,,,,,,,,,,,,,,,,,,,,,,,,,,,,,,,,,,,,,,,,,,,,,,,,,,,,,,,,,,,,,,,,,,,,,,,,,,,,,,,,,,,,,,,,,,,,,,,,,,,,,,,,,,,,,,,,,,,,,,,,,,,,,,,,,,,,,,,,,,,,,2021,,,,,,,,,,,,,,,,,,,,,,,,,,,,,,,,,,,,,
76.0,4.75,73.98,4.93,,,,,,,,,,,,,,,,,48.0,35.25,4.0,107.0,48.0,22.0,18.0,3.0,2.0,83.0,238.0,11.75,,,,,,1.0,1.0,8.0,8.0,28.0,,,16.0,,,,,,,,,,,,,,,,,32.47763311,4.185966445,0.20624075,0.186958205,0.122177187,98.0,49.0,24.0,19.0,9.0,39.95064497,7.0,3.0,0.367824217,0.011376007,61.3661918,12.28979895,0.20624075,0.002214264,,0.503241758,0.503241758,,0.281815384,0.281815384,0.281815384,15.11764706,Jared Cook,LAC,DRAFT,16,12537,8,Flying Eagles,BE,"{'1': {'team': 'WSH', 'date': datetime.datetime(2021, 9, 12, 13, 0)}, '2': {'team': 'DAL', 'date': datetime.datetime(2021, 9, 19, 16, 25)}, '3': {'team': 'KC', 'date': datetime.datetime(2021, 9, 26, 13, 0)}, '4': {'team': 'LV', 'date': datetime.datetime(2021, 10, 4, 20, 15)}, '5': {'team': 'CLE', 'date': datetime.datetime(2021, 10, 10, 16, 5)}, '6': {'team': 'BAL', 'date': datetime.datetime(2021, 10, 17, 13, 0)}, '8': {'team': 'NE', 'date': datetime.datetime(2021, 10, 31, 16, 5)}, '9': {'team': 'PHI', 'date': datetime.datetime(2021, 11, 7, 16, 5)}, '10': {'team': 'MIN', 'date': datetime.datetime(2021, 11, 14, 16, 5)}, '11': {'team': 'PIT', 'date': datetime.datetime(2021, 11, 21, 20, 20)}, '12': {'team': 'DEN', 'date': datetime.datetime(2021, 11, 28, 16, 5)}, '13': {'team': 'CIN', 'date': datetime.datetime(2021, 12, 5, 13, 0)}, '14': {'team': 'NYG', 'date': datetime.datetime(2021, 12, 12, 16, 5)}, '15': {'team': 'KC', 'date': datetime.datetime(2021, 12, 16, 20, 20)}, '16': {'team': 'HOU', 'date': datetime.datetime(2021, 12, 26, 13, 0)}, '17': {'team': 'DEN', 'date': datetime.datetime(2022, 1, 2, 16, 5)}, '18': {'team': 'LV', 'date': datetime.datetime(2022, 1, 9, 20, 20)}}","['WR/TE', 'TE', 'RB/WR/TE', 'OP', 'BE', 'IR']",BE,,,,,,,,,,,,,,,,,,,2.0,,,,,,,,,,,,,,,,,,,,,,,,,,,,,,,,,,,,,,,,,,,,,,,,,,,,2.0,,2.0,,,,,,,,,,,,,,,,,,,,,,,,,,,,,,,,,,,,,,,,,,,,,,,,,,,,,,,,,,,,,,,,,,,,,,,,,,,,,,,,,,,,,,,,,,,,,,,,,,,,,,,,,,,,,,,,,,,,,,,,,,,,,,,,,,,,,,,,,,,,,,,,,,,,,,,,,,,,,,,,,,,,,,,,2021,,,,,,,,,,,,,,,,,,,,,,,,,,,,,,,,,,,,,
157.0,9.24,140.39,8.26,,,,,,,,,,,,,,,,,,,,,,,,,,,,,,,,,,1.0,1.0,12.0,5.0,144.0,,,17.0,,,,,,,,,,,,,,,,,,,,,,,,,,,,,,,,,,,,,,,,,,,17.0,Matt Gay,LAR,DRAFT,5,4249087,8,Flying Eagles,K,"{'1': {'team': 'CHI', 'date': datetime.datetime(2021, 9, 12, 20, 20)}, '2': {'team': 'IND', 'date': datetime.datetime(2021, 9, 19, 13, 0)}, '3': {'team': 'TB', 'date': datetime.datetime(2021, 9, 26, 16, 25)}, '4': {'team': 'ARI', 'date': datetime.datetime(2021, 10, 3, 16, 5)}, '5': {'team': 'SEA', 'date': datetime.datetime(2021, 10, 7, 20, 20)}, '6': {'team': 'NYG', 'date': datetime.datetime(2021, 10, 17, 13, 0)}, '7': {'team': 'DET', 'date': datetime.datetime(2021, 10, 24, 16, 5)}, '8': {'team': 'HOU', 'date': datetime.datetime(2021, 10, 31, 13, 0)}, '9': {'team': 'TEN', 'date': datetime.datetime(2021, 11, 7, 20, 20)}, '10': {'team': 'SF', 'date': datetime.datetime(2021, 11, 15, 20, 15)}, '12': {'team': 'GB', 'date': datetime.datetime(2021, 11, 28, 16, 25)}, '13': {'team': 'JAX', 'date': datetime.datetime(2021, 12, 5, 16, 5)}, '14': {'team': 'ARI', 'date': datetime.datetime(2021, 12, 13, 20, 15)}, '15': {'team': 'SEA', 'date': datetime.datetime(2021, 12, 21, 19, 0)}, '16': {'team': 'MIN', 'date': datetime.datetime(2021, 12, 26, 13, 0)}, '17': {'team': 'BAL', 'date': datetime.datetime(2022, 1, 2, 13, 0)}, '18': {'team': 'SF', 'date': datetime.datetime(2022, 1, 9, 16, 25)}}","['K', 'BE', 'IR']",K,,,,,,,,,,,,,,,,,,,,,,,,,,,,,,,,,,,,,,,,,,,,,,,,,,,,,,,,,,,,,,,,,,,,,,,,,,,,,,4.0,5.0,7.0,8.0,1.0,21.0,21.0,,32.0,34.0,2.0,48.0,49.0,1.0,4.0,5.0,3.453284527,5.349939039,1.896654512,8.457274832,11.08451422,2.627239386,17.53692471,18.53246857,0.995543857,29.44748407,34.96692182,5.519437755,42.20017091,44.58638528,2.38621437,3.453284527,5.349939039,1.896654512,,,,,,,,,,,,,,,,,,,,,,,,,,,,,,,,,,,,,,,,,,,,,,,,,,,,,,,,,,,,,,,,,,,,,,,,,,,,,,,,,,,,,,,1.0,1.0,,,,,,,,,,,,,,,,,,,,,,,,,,,,,,,,,,,,,,,,,,2021,,,,,,,,,,,,,,,,,,,,,,,,,,,,,,,,,,,,,
60.0,6.0,99.49,6.63,,,,,,,,,,,,,,,,,40.0,51.5,2.0,100.0,48.0,23.0,16.0,5.0,3.0,73.0,104.0,12.875,,,,,,2.0,2.0,5.0,5.0,12.0,,,10.0,,,,,,,,,,,,,,,,,49.25409786,4.284386797,0.248619345,0.140283673,0.09167538,148.0,74.0,37.0,29.0,14.0,61.22567595,12.0,6.0,1.158498692,0.035829856,99.66100157,12.16166349,0.248619345,0.00287199,,0.652724943,0.652724943,,0.365525968,0.365525968,0.365525968,15.11764706,DeVante Parker,MIA,ADD,68,2576623,8,Flying Eagles,BE,"{'1': {'team': 'NE', 'date': datetime.datetime(2021, 9, 12, 16, 25)}, '2': {'team': 'BUF', 'date': datetime.datetime(2021, 9, 19, 13, 0)}, '3': {'team': 'LV', 'date': datetime.datetime(2021, 9, 26, 16, 5)}, '4': {'team': 'IND', 'date': datetime.datetime(2021, 10, 3, 13, 0)}, '5': {'team': 'TB', 'date': datetime.datetime(2021, 10, 10, 13, 0)}, '6': {'team': 'JAX', 'date': datetime.datetime(2021, 10, 17, 9, 30)}, '7': {'team': 'ATL', 'date': datetime.datetime(2021, 10, 24, 13, 0)}, '8': {'team': 'BUF', 'date': datetime.datetime(2021, 10, 31, 13, 0)}, '9': {'team': 'HOU', 'date': datetime.datetime(2021, 11, 7, 13, 0)}, '10': {'team': 'BAL', 'date': datetime.datetime(2021, 11, 11, 20, 20)}, '11': {'team': 'NYJ', 'date': datetime.datetime(2021, 11, 21, 13, 0)}, '12': {'team': 'CAR', 'date': datetime.datetime(2021, 11, 28, 13, 0)}, '13': {'team': 'NYG', 'date': datetime.datetime(2021, 12, 5, 13, 0)}, '15': {'team': 'NYJ', 'date': datetime.datetime(2021, 12, 19, 13, 0)}, '16': {'team': 'NO', 'date': datetime.datetime(2021, 12, 27, 20, 15)}, '17': {'team': 'TEN', 'date': datetime.datetime(2022, 1, 2, 13, 0)}, '18': {'team': 'NE', 'date': datetime.datetime(2022, 1, 9, 16, 25)}}","['RB/WR', 'WR', 'WR/TE', 'RB/WR/TE', 'OP', 'BE', 'IR']",BE,,,,,,,,,,,,,,,,,,,1.0,,,,,,,,,,,,,,,,,,,,,,,,,,,,,,,,,,,,,,,,,,,,,,,,,,,,,,1.0,,,,,,,,,,,,,,,,,,,,,,,,,,,,,,,,,,,,,,,,,,,,,,,,,,,,,,,,,,,,,,,,,,,,,,,,,,,,,,,,,,,,,,,,,,,,,,,,,,,,,,,,,,,,,,,,,,,,,,,,,,,,,,,,,,,,,,,,,,,,,,,,,,,,,,,,,,,,,,,,,,,,,,,,2021,,,,,,,,,,,,,,,,,,,,,,,,,,,,,,,,,,,,,
151.0,8.88,123.72,7.28,,,,,,,,,,,,,,,,,,,,,,,,,,,,,,,,,,,,8.0,9.0,135.0,,,17.0,,,,,,,,,,,,,,,,,,,,,,,,,,,,,,,,,,,,,,,,,,,17.0,Greg Joseph,MIN,ADD,6,3975763,8,Flying Eagles,BE,"{'1': {'team': 'CIN', 'date': datetime.datetime(2021, 9, 12, 13, 0)}, '2': {'team': 'ARI', 'date': datetime.datetime(2021, 9, 19, 16, 5)}, '3': {'team': 'SEA', 'date': datetime.datetime(2021, 9, 26, 16, 25)}, '4': {'team': 'CLE', 'date': datetime.datetime(2021, 10, 3, 13, 0)}, '5': {'team': 'DET', 'date': datetime.datetime(2021, 10, 10, 13, 0)}, '6': {'team': 'CAR', 'date': datetime.datetime(2021, 10, 17, 13, 0)}, '8': {'team': 'DAL', 'date': datetime.datetime(2021, 10, 31, 20, 20)}, '9': {'team': 'BAL', 'date': datetime.datetime(2021, 11, 7, 13, 0)}, '10': {'team': 'LAC', 'date': datetime.datetime(2021, 11, 14, 16, 5)}, '11': {'team': 'GB', 'date': datetime.datetime(2021, 11, 21, 13, 0)}, '12': {'team': 'SF', 'date': datetime.datetime(2021, 11, 28, 16, 25)}, '13': {'team': 'DET', 'date': datetime.datetime(2021, 12, 5, 13, 0)}, '14': {'team': 'PIT', 'date': datetime.datetime(2021, 12, 9, 20, 20)}, '15': {'team': 'CHI', 'date': datetime.datetime(2021, 12, 20, 20, 15)}, '16': {'team': 'LAR', 'date': datetime.datetime(2021, 12, 26, 13, 0)}, '17': {'team': 'GB', 'date': datetime.datetime(2022, 1, 2, 20, 20)}, '18': {'team': 'CHI', 'date': datetime.datetime(2022, 1, 9, 13, 0)}}","['K', 'BE', 'IR']",BE,,,,,,,,,,,,,,,,,,,,,,,,,,,,,,,,,,,,,,,,,,,,,,,,,,,,,,,,,,,,,,,,,,,,,,,,,,,,,,7.0,9.0,7.0,9.0,2.0,19.0,20.0,1.0,33.0,38.0,5.0,36.0,40.0,4.0,7.0,9.0,2.895420783,4.520212525,1.624791742,7.099444472,9.36540765,2.265963179,14.73989135,15.65825254,0.918361189,24.7347566,29.54387271,4.80911611,41.43705005,44.00941341,2.57236336,2.895420783,4.520212525,1.624791742,,,,,,,,,,,,,,,,,,,,,,,,,,,,,,,,,,,,,,,,,,,,,,,,,,,,,,,,,,,,,,,,,,,,,,,,,,,,,,,,,,,,,,,2.0,2.0,,,,,,,,,,,,,,,,,,,,,,,,,,,,,,,,,,,,,,,,,,2021,,,,,,,,,,,,,,,,,,,,,,,,,,,,,,,,,,,,,
81.0,10.12,0.0,0.0,47.0,28.75,5.0,44.0,20.0,9.0,5.0,1.0,,8.0,3.0,,,,,4.89361702,,,,,,,,,,,,,4.0,4.0,1.0,1.0,6.0,,,1.0,7.0,54.0,3.0,,8.0,,,,,,,,,,,,,,,,,,,,,,,,,,,,,,,,,,,,,,,,,,,,Cam Newton,CAR,ADD,35,13994,8,Flying Eagles,BE,"{'1': {'team': 'NYJ', 'date': datetime.datetime(2021, 9, 12, 13, 0)}, '2': {'team': 'NO', 'date': datetime.datetime(2021, 9, 19, 13, 0)}, '3': {'team': 'HOU', 'date': datetime.datetime(2021, 9, 23, 20, 20)}, '4': {'team': 'DAL', 'date': datetime.datetime(2021, 10, 3, 13, 0)}, '5': {'team': 'PHI', 'date': datetime.datetime(2021, 10, 10, 13, 0)}, '6': {'team': 'MIN', 'date': datetime.datetime(2021, 10, 17, 13, 0)}, '7': {'team': 'NYG', 'date': datetime.datetime(2021, 10, 24, 13, 0)}, '8': {'team': 'ATL', 'date': datetime.datetime(2021, 10, 31, 13, 0)}, '9': {'team': 'NE', 'date': datetime.datetime(2021, 11, 7, 13, 0)}, '10': {'team': 'ARI', 'date': datetime.datetime(2021, 11, 14, 16, 5)}, '11': {'team': 'WSH', 'date': datetime.datetime(2021, 11, 21, 13, 0)}, '12': {'team': 'MIA', 'date': datetime.datetime(2021, 11, 28, 13, 0)}, '14': {'team': 'ATL', 'date': datetime.datetime(2021, 12, 12, 13, 0)}, '15': {'team': 'BUF', 'date': datetime.datetime(2021, 12, 19, 13, 0)}, '16': {'team': 'TB', 'date': datetime.datetime(2021, 12, 26, 13, 0)}, '17': {'team': 'NO', 'date': datetime.datetime(2022, 1, 2, 16, 25)}, '18': {'team': 'TB', 'date': datetime.datetime(2022, 1, 9, 16, 25)}}","['QB', 'OP', 'BE', 'IR']",BE,,,,,,,,,,,,,,,,,,,,,126.0,69.0,57.0,85.5,4.0,134.0,65.0,31.0,25.0,11.0,3.0,12.0,4.0,10.0,3.0,,,,1.0,5.0,0.54761905,10.0,,1.0,1.0,2.0,,,,,,,,,,,,,,,,,,,,,,,,,,,,,1.0,1.0,,,,,,,,,,,,,,,,,,,,,,,,,,,,,,,,,,,,,,,,,,,,,,,,,,,,,,,,,,,,,,,,,,,,,,,,,,,,,,,,,,,,,,,,,,,,,,,,,,,,,,,,,,,,,,,,,,,,,,,,,,,,,,,,,,,,,,,,,,,,,,,,,,,,,,,,,,,,,,,,,,,,,2021,,,,,,,,,,,,,,,,,,,,,,,,,,,,,,,,,,,,,
109.0,9.08,119.12,7.45,70.0,31.16666667,5.0,70.0,33.0,14.0,10.0,3.0,1.0,11.0,4.0,1.0,,1.0,,5.34285714,4.0,4.33333333,,10.0,4.0,1.0,1.0,,,6.0,50.0,13.0,1.0,2.0,,,5.0,1.0,2.0,7.0,5.0,54.0,4.0,,12.0,66.26556767,21.65178612,3.520577532,0.107012373,69.0,34.0,17.0,13.0,6.0,13.0,6.0,0.126629738,0.088640817,0.366121649,0.012494327,5.247102297,5.928193602,0.649142411,0.030298763,0.13625939,0.089045511,19.0,9.0,4.0,3.0,1.0,8.057747383,1.0,,0.041639676,0.001287825,12.8268745,11.81469341,0.416680772,0.018028171,1.325311353,0.161154948,4.097311552,0.609643223,0.090246771,1.953095714,4.485393329,16.05882353,Taysom Hill,NO,ADD,33,2468609,8,Flying Eagles,QB,"{'1': {'team': 'GB', 'date': datetime.datetime(2021, 9, 12, 16, 25)}, '2': {'team': 'CAR', 'date': datetime.datetime(2021, 9, 19, 13, 0)}, '3': {'team': 'NE', 'date': datetime.datetime(2021, 9, 26, 13, 0)}, '4': {'team': 'NYG', 'date': datetime.datetime(2021, 10, 3, 13, 0)}, '5': {'team': 'WSH', 'date': datetime.datetime(2021, 10, 10, 13, 0)}, '7': {'team': 'SEA', 'date': datetime.datetime(2021, 10, 25, 20, 15)}, '8': {'team': 'TB', 'date': datetime.datetime(2021, 10, 31, 16, 25)}, '9': {'team': 'ATL', 'date': datetime.datetime(2021, 11, 7, 13, 0)}, '10': {'team': 'TEN', 'date': datetime.datetime(2021, 11, 14, 13, 0)}, '11': {'team': 'PHI', 'date': datetime.datetime(2021, 11, 21, 13, 0)}, '12': {'team': 'BUF', 'date': datetime.datetime(2021, 11, 25, 20, 20)}, '13': {'team': 'DAL', 'date': datetime.datetime(2021, 12, 2, 20, 20)}, '14': {'team': 'NYJ', 'date': datetime.datetime(2021, 12, 12, 13, 0)}, '15': {'team': 'TB', 'date': datetime.datetime(2021, 12, 19, 20, 20)}, '16': {'team': 'MIA', 'date': datetime.datetime(2021, 12, 27, 20, 15)}, '17': {'team': 'CAR', 'date': datetime.datetime(2022, 1, 2, 16, 25)}, '18': {'team': 'ATL', 'date': datetime.datetime(2022, 1, 9, 16, 25)}}","['QB', 'OP', 'BE', 'IR']",QB,,,,,,,,,,,,,,,,,,,,,134.0,78.0,56.0,81.5,4.0,191.0,94.0,45.0,36.0,17.0,7.0,12.0,4.0,9.0,4.0,1.0,1.0,,,5.0,0.58208955,9.0,1.0,,2.0,1.0,,120.9429235,82.55545593,38.38746756,55.30780387,6.033060405,177.0,88.0,44.0,35.0,17.0,8.0,16.0,8.0,0.617734504,0.403689499,0.764265711,0.103232258,0.279369636,2.532297615,0.682598482,9.599339065,2.610845251,1.253205721,,,,1.0,,,,,,,,,,,,,,,,,,,,,,,,,,,,,,,,,,,,,,,,,,,,,,,,,,,,,,,,,,,,,,,,,,,,,,,,,,,,,,,,,,,,,,,,,,,,,,,,,,,,,,,,,,,,,,,,,,,,,,,,,,,,,,,,,,,,,,,,,,,,,,,,,,,,,,,,,,,,,,,,,,,,,,,2021,,,,,,,,,,,,,,,,,,,,,,,,,,,,,,,,,,,,,
108.0,10.8,64.96,5.0,119.0,74.9,6.0,146.0,69.0,31.0,25.0,10.0,4.0,21.0,8.0,2.0,1.0,4.0,,6.29411765,6.0,4.8,,9.0,3.0,1.0,1.0,,,8.0,62.0,8.0,,,,,,,,6.0,4.0,36.0,2.0,,10.0,77.00892743,26.45415938,2.517121905,0.074340731,70.0,35.0,17.0,14.0,7.0,15.0,7.0,0.147165816,0.103016071,0.31649927,0.010800906,4.54659728,8.582560735,0.71396525,0.027255219,0.051674738,0.033769441,22.0,11.0,5.0,4.0,2.0,14.83926374,2.0,1.0,0.047555011,0.001470774,19.26797161,7.654875442,0.10159595,0.002986426,0.569074996,0.109658117,0.678733113,0.261774498,0.061408545,0.323183044,0.323183044,13.23529412,Rashaad Penny,SEA,ADD,30,3139925,8,Flying Eagles,BE,"{'1': {'team': 'IND', 'date': datetime.datetime(2021, 9, 12, 13, 0)}, '2': {'team': 'TEN', 'date': datetime.datetime(2021, 9, 19, 16, 25)}, '3': {'team': 'MIN', 'date': datetime.datetime(2021, 9, 26, 16, 25)}, '4': {'team': 'SF', 'date': datetime.datetime(2021, 10, 3, 16, 5)}, '5': {'team': 'LAR', 'date': datetime.datetime(2021, 10, 7, 20, 20)}, '6': {'team': 'PIT', 'date': datetime.datetime(2021, 10, 17, 20, 20)}, '7': {'team': 'NO', 'date': datetime.datetime(2021, 10, 25, 20, 15)}, '8': {'team': 'JAX', 'date': datetime.datetime(2021, 10, 31, 16, 5)}, '10': {'team': 'GB', 'date': datetime.datetime(2021, 11, 14, 16, 25)}, '11': {'team': 'ARI', 'date': datetime.datetime(2021, 11, 21, 16, 25)}, '12': {'team': 'WSH', 'date': datetime.datetime(2021, 11, 29, 20, 15)}, '13': {'team': 'SF', 'date': datetime.datetime(2021, 12, 5, 16, 25)}, '14': {'team': 'HOU', 'date': datetime.datetime(2021, 12, 12, 13, 0)}, '15': {'team': 'LAR', 'date': datetime.datetime(2021, 12, 21, 19, 0)}, '16': {'team': 'CHI', 'date': datetime.datetime(2021, 12, 26, 16, 5)}, '17': {'team': 'DET', 'date': datetime.datetime(2022, 1, 2, 16, 25)}, '18': {'team': 'ARI', 'date': datetime.datetime(2022, 1, 9, 16, 25)}}","['RB', 'RB/WR', 'RB/WR/TE', 'OP', 'BE', 'IR']",BE,,,,,,,,,,,,,,,,,,,,,,,,,,,,,,,,,,,,,,,,,,,,,,,,,,,,,,,,,,,,,,,,,,,,,,,,,,,1.0,,,,,,,,,,,,,,,,,,,,,,,,,,,,,,,,,,,,,,,,,,,,,,,,,,,,,,,,,,,,,,,,,,,,,,,,,,,,,,,,,,,,,,,,,,,,,,,,,,,,,,,,,,,,,,,,,,,,,,,,,1.0,,,,,,,,,,,,,,,,,,,,,,,,,,,,,,,,,,,,,,,,,,,,,2021,,,,,,,,,,,,,,,,,,,,,,,,,,,,,,,,,,,,,
108.0,6.35,75.82,4.46,,,,,,,,,,,,,,,,,,,,,,,,,,,,,,,,,,689.0,1057.0,12.0,5.0,,,,17.0,,,,,,,,,,,,,,,,,,,,,,,,,,,,,,,,,,,,,,,,,,,17.0,Chiefs D/ST,KC,ADD,9,-16012,8,Flying Eagles,D/ST,"{'1': {'team': 'CLE', 'date': datetime.datetime(2021, 9, 12, 16, 25)}, '2': {'team': 'BAL', 'date': datetime.datetime(2021, 9, 19, 20, 20)}, '3': {'team': 'LAC', 'date': datetime.datetime(2021, 9, 26, 13, 0)}, '4': {'team': 'PHI', 'date': datetime.datetime(2021, 10, 3, 13, 0)}, '5': {'team': 'BUF', 'date': datetime.datetime(2021, 10, 10, 20, 20)}, '6': {'team': 'WSH', 'date': datetime.datetime(2021, 10, 17, 13, 0)}, '7': {'team': 'TEN', 'date': datetime.datetime(2021, 10, 24, 13, 0)}, '8': {'team': 'NYG', 'date': datetime.datetime(2021, 11, 1, 20, 15)}, '9': {'team': 'GB', 'date': datetime.datetime(2021, 11, 7, 16, 25)}, '10': {'team': 'LV', 'date': datetime.datetime(2021, 11, 14, 20, 20)}, '11': {'team': 'DAL', 'date': datetime.datetime(2021, 11, 21, 16, 25)}, '13': {'team': 'DEN', 'date': datetime.datetime(2021, 12, 5, 20, 20)}, '14': {'team': 'LV', 'date': datetime.datetime(2021, 12, 12, 13, 0)}, '15': {'team': 'LAC', 'date': datetime.datetime(2021, 12, 16, 20, 20)}, '16': {'team': 'PIT', 'date': datetime.datetime(2021, 12, 26, 16, 25)}, '17': {'team': 'CIN', 'date': datetime.datetime(2022, 1, 2, 13, 0)}, '18': {'team': 'DEN', 'date': datetime.datetime(2022, 1, 8, 16, 30)}}","['D/ST', 'BE', 'IR']",D/ST,,,,,,,702.0,65.0,21.0,0.476218471,0.289319553,785.9105882,198.2917553,78.0,31.0,19.0,7.0,,,,,,,,,,,,,,,,,,,,,,,,,,,,,,,,,,,,,,,,,,,,,,,,,,,,,,,,,368.0,,,17.0,,,,,,,,,,,,,,,,,,,,,,,,,,,,,,,,,,,14.0,0.0,0.0,6.0,2.0,4.0,15.0,1.0,,31.0,62.0,,,2.0,4.0,347.0,206.0,48.0,69.0,228.0,16.0,4.0,358.0,0.0,2.0,6.0,1.0,6272.0,0.0,0.0,4.0,3.0,3.0,3.0,4.0,0.0,0.0,0.0,0.0,6.0,2.0,0.0,2.0,6.0,1.0,0.076423576,0.33966034,1.613386613,2.037962038,0.090911517,1.610464734,12.95407279,8.300353021,1.225173663,0.59282355,40.18248135,80.36496269,1.076902032,0.533562702,2.466914275,12.76977388,979.5019342,326.0,195.0,71.08416237,414.2796257,2.462537463,4.330669331,3.736263736,2.122877123,0.28021978,24.36938974,6176.315114,0.373887834,3.398980306,3.534939518,4.061781466,3.076077177,1.699490153,0.66280116,0.192042387,363.3126538,-414.2796257,,,,,,,,,2.0,,,,,,,,,,,,,,,,,,,,,,,,,,,,,,,,,,,,,,2021,,,,,,,,,,,,,,,,,,,,,,,,,,,,,,,,,,,,,
350.0,20.59,367.89,22.99,66.0,22.41176471,2.0,73.0,34.0,13.0,10.0,2.0,,6.0,,,,,,5.77272727,,,,,,,,,,,,,3.0,9.0,2.0,4.0,17.0,1.0,1.0,12.0,5.0,236.0,1.0,,17.0,69.77384938,20.36358944,3.847564639,0.110490175,65.0,32.0,16.0,13.0,6.0,13.0,6.0,0.132817493,0.092972245,0.273855483,0.009345637,4.686788706,,,,,,,,,,,,,,,,,,1.213187728,0.036440953,0.791565836,,8.282034851,0.364120285,,3.959545412,14.11790968,16.05882353,Patrick Mahomes,KC,DRAFT,4,3139477,9,Team Sprawl n Brawl,QB,"{'1': {'team': 'CLE', 'date': datetime.datetime(2021, 9, 12, 16, 25)}, '2': {'team': 'BAL', 'date': datetime.datetime(2021, 9, 19, 20, 20)}, '3': {'team': 'LAC', 'date': datetime.datetime(2021, 9, 26, 13, 0)}, '4': {'team': 'PHI', 'date': datetime.datetime(2021, 10, 3, 13, 0)}, '5': {'team': 'BUF', 'date': datetime.datetime(2021, 10, 10, 20, 20)}, '6': {'team': 'WSH', 'date': datetime.datetime(2021, 10, 17, 13, 0)}, '7': {'team': 'TEN', 'date': datetime.datetime(2021, 10, 24, 13, 0)}, '8': {'team': 'NYG', 'date': datetime.datetime(2021, 11, 1, 20, 15)}, '9': {'team': 'GB', 'date': datetime.datetime(2021, 11, 7, 16, 25)}, '10': {'team': 'LV', 'date': datetime.datetime(2021, 11, 14, 20, 20)}, '11': {'team': 'DAL', 'date': datetime.datetime(2021, 11, 21, 16, 25)}, '13': {'team': 'DEN', 'date': datetime.datetime(2021, 12, 5, 20, 20)}, '14': {'team': 'LV', 'date': datetime.datetime(2021, 12, 12, 13, 0)}, '15': {'team': 'LAC', 'date': datetime.datetime(2021, 12, 16, 20, 20)}, '16': {'team': 'PIT', 'date': datetime.datetime(2021, 12, 26, 16, 25)}, '17': {'team': 'CIN', 'date': datetime.datetime(2022, 1, 2, 13, 0)}, '18': {'team': 'DEN', 'date': datetime.datetime(2022, 1, 8, 16, 30)}}","['QB', 'OP', 'BE', 'IR']",QB,,,,,,,,,,,,,,,,,,,,,658.0,436.0,222.0,284.64705882,37.0,962.0,476.0,233.0,186.0,90.0,39.0,81.0,37.0,37.0,12.0,4.0,1.0,3.0,1.0,13.0,0.66261398,28.0,6.0,21.0,5.0,4.0,3.0,628.9252474,413.4283303,215.4969171,306.4067082,35.59889912,984.0,492.0,246.0,196.0,98.0,49.0,82.0,41.0,4.703957012,3.074035907,6.762314506,0.91341138,1.102697553,10.15836427,0.657356867,31.33424429,7.490469014,3.595425127,,,,,1.0,,,,,,,,,,,,,,,,,,,,,,,,,,,,,,,,,,,,,,,,,,,,,,,,,,,,,,,,,,,,,,,,,,,,,,,,,,,,,,,,,,,,,,,,,,,,,,,,,,,,,,,,,,,,,,,,,,,,,,,,,,3.0,,,,,1.0,,2.0,,,,,,,,,,,,,,,,,,,,,,,,,,,,,,,,,,,,,2021,,,,,,,,,,,,,,,,,,,,,,,,,,,,,,,,,,,,,
165.0,11.0,208.01,13.87,171.0,53.26666667,4.0,153.0,71.0,32.0,26.0,10.0,1.0,29.0,10.0,,,1.0,,4.67251462,52.0,26.06666667,6.0,74.0,36.0,14.0,10.0,3.0,5.0,65.0,412.0,7.51923077,1.0,2.0,1.0,1.0,1.0,,,13.0,2.0,60.0,4.0,,15.0,200.0074046,64.62664793,8.60382186,0.317762268,195.0,97.0,48.0,39.0,19.0,40.0,20.0,0.40681496,0.284770472,2.47115713,0.084331112,4.884833418,28.54570487,2.979216715,0.123799615,0.048726752,0.031842932,86.0,43.0,21.0,17.0,8.0,56.35496481,11.0,5.0,0.265834626,0.008221689,74.33538269,7.657602002,0.441561883,0.011131348,1.973726107,0.556125737,2.529851844,0.907914009,0.311430413,1.219344422,1.219344422,15.11764706,Aaron Jones,GB,DRAFT,14,3042519,9,Team Sprawl n Brawl,RB,"{'1': {'team': 'NO', 'date': datetime.datetime(2021, 9, 12, 16, 25)}, '2': {'team': 'DET', 'date': datetime.datetime(2021, 9, 20, 20, 15)}, '3': {'team': 'SF', 'date': datetime.datetime(2021, 9, 26, 20, 20)}, '4': {'team': 'PIT', 'date': datetime.datetime(2021, 10, 3, 16, 25)}, '5': {'team': 'CIN', 'date': datetime.datetime(2021, 10, 10, 13, 0)}, '6': {'team': 'CHI', 'date': datetime.datetime(2021, 10, 17, 13, 0)}, '7': {'team': 'WSH', 'date': datetime.datetime(2021, 10, 24, 13, 0)}, '8': {'team': 'ARI', 'date': datetime.datetime(2021, 10, 28, 20, 20)}, '9': {'team': 'KC', 'date': datetime.datetime(2021, 11, 7, 16, 25)}, '10': {'team': 'SEA', 'date': datetime.datetime(2021, 11, 14, 16, 25)}, '11': {'team': 'MIN', 'date': datetime.datetime(2021, 11, 21, 13, 0)}, '12': {'team': 'LAR', 'date': datetime.datetime(2021, 11, 28, 16, 25)}, '14': {'team': 'CHI', 'date': datetime.datetime(2021, 12, 12, 20, 20)}, '15': {'team': 'BAL', 'date': datetime.datetime(2021, 12, 19, 16, 25)}, '16': {'team': 'CLE', 'date': datetime.datetime(2021, 12, 25, 16, 30)}, '17': {'team': 'MIN', 'date': datetime.datetime(2022, 1, 2, 20, 20)}, '18': {'team': 'DET', 'date': datetime.datetime(2022, 1, 9, 13, 0)}}","['RB', 'RB/WR', 'RB/WR/TE', 'OP', 'BE', 'IR']",RB,,,,,1.0,,19.0,1.0,,,,,,,,,,,3.0,1.0,,,,,,,,,,,,,,,,,,,,,,,,,,,,,,,,,,,,,,,,,,,,,,,,,,,,,2.0,,,,,,,,,,,,,,,,,,,,,,,,,,,,,,,,,,,,,,,,,,,,,,,,,,,,,,,,,,,,,,,,,,,,,,,,,,,,,,,,,,,,,,,,,,,,,,,,,,,,,,,,,,,,,,,,,,,,,,,,,,,,,,,,,,,,,,,,,,,,,,,,,,,,,,,,,,,,,,,,,,,,,,,,2021,,,,,,,,,,,,,,,,,,,,,,,,,,,,,,,,,,,,,
127.0,8.47,150.74,10.05,,,,,,,,,,,,,,,,,68.0,57.66666667,8.0,167.0,79.0,36.0,28.0,11.0,7.0,103.0,235.0,12.72058824,,1.0,,,,,,12.0,3.0,48.0,,1.0,15.0,4.299576287,1.593277517,0.137173483,0.004639766,4.0,2.0,1.0,,,,,0.007903512,0.005532458,0.001327227,4.52932e-05,5.602088568,71.88873333,6.695347564,0.348175448,0.247454969,0.161711822,217.0,108.0,54.0,43.0,21.0,86.05349895,17.0,8.0,3.101527309,0.095923525,126.542555,12.62921916,0.352815213,0.003883262,0.041997818,0.840561701,0.882559518,0.019318996,0.470714552,0.490033549,0.490033549,15.11764706,Amari Cooper,DAL,DRAFT,27,2976499,9,Team Sprawl n Brawl,WR,"{'1': {'team': 'TB', 'date': datetime.datetime(2021, 9, 9, 20, 20)}, '2': {'team': 'LAC', 'date': datetime.datetime(2021, 9, 19, 16, 25)}, '3': {'team': 'PHI', 'date': datetime.datetime(2021, 9, 27, 20, 15)}, '4': {'team': 'CAR', 'date': datetime.datetime(2021, 10, 3, 13, 0)}, '5': {'team': 'NYG', 'date': datetime.datetime(2021, 10, 10, 16, 25)}, '6': {'team': 'NE', 'date': datetime.datetime(2021, 10, 17, 16, 25)}, '8': {'team': 'MIN', 'date': datetime.datetime(2021, 10, 31, 20, 20)}, '9': {'team': 'DEN', 'date': datetime.datetime(2021, 11, 7, 13, 0)}, '10': {'team': 'ATL', 'date': datetime.datetime(2021, 11, 14, 13, 0)}, '11': {'team': 'KC', 'date': datetime.datetime(2021, 11, 21, 16, 25)}, '12': {'team': 'LV', 'date': datetime.datetime(2021, 11, 25, 16, 30)}, '13': {'team': 'NO', 'date': datetime.datetime(2021, 12, 2, 20, 20)}, '14': {'team': 'WSH', 'date': datetime.datetime(2021, 12, 12, 13, 0)}, '15': {'team': 'NYG', 'date': datetime.datetime(2021, 12, 19, 13, 0)}, '16': {'team': 'WSH', 'date': datetime.datetime(2021, 12, 26, 20, 20)}, '17': {'team': 'ARI', 'date': datetime.datetime(2022, 1, 2, 16, 25)}, '18': {'team': 'PHI', 'date': datetime.datetime(2022, 1, 8, 20, 15)}}","['RB/WR', 'WR', 'WR/TE', 'RB/WR/TE', 'OP', 'BE', 'IR']",WR,,,2.0,2.0,1.0,,,,,,,,,,,,,1.0,4.0,2.0,,,,,,,,,,,,,,,,,,,,,,,,,,,,,,,,,,,,,,,,,,,,,,,,,,,,,1.0,,,,,,,,,,,,,,,,,,,,,,,,,,,,,,,,,,,,,,,,,,,,,,,,,,,,,,,,,,,,,,,,,,,,,,,,,,,,,,,,,,,,,,,,,,,,,,,,,,,,,,,,,,,,,,,,,,,,,,,,,,,,,,,,,,,,,,,,,,,,,,,,,,,,,,,,,,,,,,,,,,,,,,,,2021,,,,,,,,,,,,,,,,,,,,,,,,,,,,,,,,,,,,,
136.0,10.46,166.46,11.1,151.0,47.46153846,5.0,119.0,56.0,24.0,19.0,5.0,2.0,23.0,10.0,1.0,1.0,2.0,,4.08609272,62.0,34.76923077,2.0,86.0,40.0,18.0,12.0,4.0,6.0,78.0,502.0,7.29032258,,2.0,,1.0,1.0,,,1.0,11.0,42.0,3.0,,13.0,174.3800027,49.44223146,5.588887321,0.215297082,149.0,74.0,37.0,29.0,14.0,34.0,17.0,0.350207117,0.245144982,1.441414159,0.049189935,4.286329817,32.8239529,2.060190462,0.102524902,0.05033429,0.032893459,99.0,49.0,24.0,19.0,9.0,65.72509266,13.0,6.0,0.377865267,0.011686555,84.62901743,7.549946527,0.317821985,0.014236869,2.34994192,0.885710219,3.23565214,1.080973283,0.495997723,1.576971006,1.576971006,15.11764706,D'Andre Swift,DET,DRAFT,24,4259545,9,Team Sprawl n Brawl,BE,"{'1': {'team': 'SF', 'date': datetime.datetime(2021, 9, 12, 13, 0)}, '2': {'team': 'GB', 'date': datetime.datetime(2021, 9, 20, 20, 15)}, '3': {'team': 'BAL', 'date': datetime.datetime(2021, 9, 26, 13, 0)}, '4': {'team': 'CHI', 'date': datetime.datetime(2021, 10, 3, 13, 0)}, '5': {'team': 'MIN', 'date': datetime.datetime(2021, 10, 10, 13, 0)}, '6': {'team': 'CIN', 'date': datetime.datetime(2021, 10, 17, 13, 0)}, '7': {'team': 'LAR', 'date': datetime.datetime(2021, 10, 24, 16, 5)}, '8': {'team': 'PHI', 'date': datetime.datetime(2021, 10, 31, 13, 0)}, '10': {'team': 'PIT', 'date': datetime.datetime(2021, 11, 14, 13, 0)}, '11': {'team': 'CLE', 'date': datetime.datetime(2021, 11, 21, 13, 0)}, '12': {'team': 'CHI', 'date': datetime.datetime(2021, 11, 25, 12, 30)}, '13': {'team': 'MIN', 'date': datetime.datetime(2021, 12, 5, 13, 0)}, '14': {'team': 'DEN', 'date': datetime.datetime(2021, 12, 12, 16, 5)}, '15': {'team': 'ARI', 'date': datetime.datetime(2021, 12, 19, 13, 0)}, '16': {'team': 'ATL', 'date': datetime.datetime(2021, 12, 26, 13, 0)}, '17': {'team': 'SEA', 'date': datetime.datetime(2022, 1, 2, 16, 25)}, '18': {'team': 'GB', 'date': datetime.datetime(2022, 1, 9, 13, 0)}}","['RB', 'RB/WR', 'RB/WR/TE', 'OP', 'BE', 'IR']",BE,2.0,1.0,,,2.0,1.0,,,,,,,,,,,,,,,1.0,,1.0,,,,,,,,,,,,,,,,,,,,,,,,,,,,,,,,,,,,,,,,,,,,,,,,,,,,1.0,,,,,,,,,,,,,,,,,,,,,,,,,,,,,,,,,,,,,,,,,,,,,,,,,,,,,,,,,,,,,,,,,,,,,,,,,,,,,,,,,,,,,,,,,,,,,,,,,,,,,,,,,,,,,,,,,,,,,,,,,,,,,,,,,,,,,,,,,,,,,,,,,,,,,,,,,,,,,,,,,,,,,,2021,,,,,,,,,,,,,,,,,,,,,,,,,,,,,,,,,,,,,
101.0,5.94,129.97,8.66,,,,,,,,,,,,,,,,,73.0,48.94117647,4.0,161.0,77.0,34.0,25.0,9.0,8.0,120.0,132.0,11.39726027,,,,,,1.0,1.0,3.0,14.0,24.0,,,17.0,,,,,,,,,,,,,,,,,62.98477843,5.793192636,0.304608487,0.248358586,0.162302336,190.0,95.0,47.0,38.0,19.0,69.27648129,13.0,6.0,2.216111829,0.068539541,110.840441,13.74465955,0.304608487,0.001619323,,0.368027933,0.368027933,,0.206095642,0.206095642,0.206095642,15.11764706,Marvin Jones Jr.,JAX,DRAFT,36,15072,9,Team Sprawl n Brawl,BE,"{'1': {'team': 'HOU', 'date': datetime.datetime(2021, 9, 12, 13, 0)}, '2': {'team': 'DEN', 'date': datetime.datetime(2021, 9, 19, 13, 0)}, '3': {'team': 'ARI', 'date': datetime.datetime(2021, 9, 26, 13, 0)}, '4': {'team': 'CIN', 'date': datetime.datetime(2021, 9, 30, 20, 20)}, '5': {'team': 'TEN', 'date': datetime.datetime(2021, 10, 10, 13, 0)}, '6': {'team': 'MIA', 'date': datetime.datetime(2021, 10, 17, 9, 30)}, '8': {'team': 'SEA', 'date': datetime.datetime(2021, 10, 31, 16, 5)}, '9': {'team': 'BUF', 'date': datetime.datetime(2021, 11, 7, 13, 0)}, '10': {'team': 'IND', 'date': datetime.datetime(2021, 11, 14, 13, 0)}, '11': {'team': 'SF', 'date': datetime.datetime(2021, 11, 21, 13, 0)}, '12': {'team': 'ATL', 'date': datetime.datetime(2021, 11, 28, 13, 0)}, '13': {'team': 'LAR', 'date': datetime.datetime(2021, 12, 5, 16, 5)}, '14': {'team': 'TEN', 'date': datetime.datetime(2021, 12, 12, 13, 0)}, '15': {'team': 'HOU', 'date': datetime.datetime(2021, 12, 19, 13, 0)}, '16': {'team': 'NYJ', 'date': datetime.datetime(2021, 12, 26, 13, 0)}, '17': {'team': 'NE', 'date': datetime.datetime(2022, 1, 2, 13, 0)}, '18': {'team': 'IND', 'date': datetime.datetime(2022, 1, 9, 13, 0)}}","['RB/WR', 'WR', 'WR/TE', 'RB/WR/TE', 'OP', 'BE', 'IR']",BE,,,1.0,1.0,,,,,,,,,,,,,,,2.0,2.0,,,,,,,,,,,,,,,,,,,,,,,,,,,,,,,,,,,,,,,,,,,,,,,,,,,,,,,,,,,,,,,,,,,,,,,,,,,,,,,,,,,,,,,,,,,,,,,,,,,,,,,,,,,,,,,,,,,,,,,,,,,,,,,,,,,,,,,,,,,,,,,,,,,,,,,,,,,,,,,,,,,,,,,,,,,,,,,,,,,,,,,,,,,,,,,,,,,,,,,,,,,,,,,,,,,,,,,,,,,,,2021,,,,,,,,,,,,,,,,,,,,,,,,,,,,,,,,,,,,,
106.0,6.62,123.3,7.71,2.0,1.375,,3.0,1.0,,,,,,,,,,,11.0,67.0,51.75,5.0,159.0,74.0,32.0,24.0,8.0,6.0,94.0,389.0,12.35820896,,1.0,,,,1.0,1.0,10.0,6.0,30.0,,,16.0,3.897747871,1.556011143,0.100029161,0.003002082,4.0,2.0,1.0,,,,,0.007163304,0.005014313,0.001434288,4.89467e-05,6.410806749,58.2409589,4.735085787,0.184117157,0.143944127,0.094067487,187.0,93.0,46.0,37.0,18.0,85.82607981,17.0,8.0,2.116642551,0.065463172,124.421456,10.89740185,0.187119239,0.004416983,0.043609284,0.960250379,1.003859663,0.020060271,0.537740212,0.557800483,0.557800483,16.05882353,Tyler Boyd,CIN,DRAFT,33,3045144,9,Team Sprawl n Brawl,BE,"{'1': {'team': 'MIN', 'date': datetime.datetime(2021, 9, 12, 13, 0)}, '2': {'team': 'CHI', 'date': datetime.datetime(2021, 9, 19, 13, 0)}, '3': {'team': 'PIT', 'date': datetime.datetime(2021, 9, 26, 13, 0)}, '4': {'team': 'JAX', 'date': datetime.datetime(2021, 9, 30, 20, 20)}, '5': {'team': 'GB', 'date': datetime.datetime(2021, 10, 10, 13, 0)}, '6': {'team': 'DET', 'date': datetime.datetime(2021, 10, 17, 13, 0)}, '7': {'team': 'BAL', 'date': datetime.datetime(2021, 10, 24, 13, 0)}, '8': {'team': 'NYJ', 'date': datetime.datetime(2021, 10, 31, 13, 0)}, '9': {'team': 'CLE', 'date': datetime.datetime(2021, 11, 7, 13, 0)}, '11': {'team': 'LV', 'date': datetime.datetime(2021, 11, 21, 16, 5)}, '12': {'team': 'PIT', 'date': datetime.datetime(2021, 11, 28, 13, 0)}, '13': {'team': 'LAC', 'date': datetime.datetime(2021, 12, 5, 13, 0)}, '14': {'team': 'SF', 'date': datetime.datetime(2021, 12, 12, 16, 25)}, '15': {'team': 'DEN', 'date': datetime.datetime(2021, 12, 19, 16, 5)}, '16': {'team': 'BAL', 'date': datetime.datetime(2021, 12, 26, 13, 0)}, '17': {'team': 'KC', 'date': datetime.datetime(2022, 1, 2, 13, 0)}, '18': {'team': 'CLE', 'date': datetime.datetime(2022, 1, 9, 13, 0)}}","['RB/WR', 'WR', 'WR/TE', 'RB/WR/TE', 'OP', 'BE', 'IR']",BE,2.0,2.0,1.0,1.0,1.0,,,,,,,,,,,,,,1.0,,1.0,1.0,,2.875,,9.0,4.0,2.0,1.0,,,,,,,,,,,,1.0,,,,,,,,,,,,,,,,,,,,,,,,,,,,,,,,2.0,,,,,,,,,,,,,,,,,,,,,,,,,,,,,,,,,,,,,,,,,,,,,,,,,,,,,,,,,,1.0,,,,,,,,,,,,,,,,,,,,,,,,,,,,,,,,,,,,,,,,,,,,,,,,,,,,,,,,,,,,,,,,,,,,,,,,,,,,,,,,,,,,,,,,,,,,,,,,,,,,,,,,,,,,,,2021,,,,,,,,,,,,,,,,,,,,,,,,,,,,,,,,,,,,,
134.0,8.38,128.75,7.57,,,,,,,,,,,,,,,,,,,,,,,,,,,,,,,,,,,,11.0,5.0,129.0,,,16.0,,,,,,,,,,,,,,,,,,,,,,,,,,,,,,,,,,,,,,,,,,,17.0,Greg Zuerlein,DAL,ADD,13,14993,9,Team Sprawl n Brawl,K,"{'1': {'team': 'TB', 'date': datetime.datetime(2021, 9, 9, 20, 20)}, '2': {'team': 'LAC', 'date': datetime.datetime(2021, 9, 19, 16, 25)}, '3': {'team': 'PHI', 'date': datetime.datetime(2021, 9, 27, 20, 15)}, '4': {'team': 'CAR', 'date': datetime.datetime(2021, 10, 3, 13, 0)}, '5': {'team': 'NYG', 'date': datetime.datetime(2021, 10, 10, 16, 25)}, '6': {'team': 'NE', 'date': datetime.datetime(2021, 10, 17, 16, 25)}, '8': {'team': 'MIN', 'date': datetime.datetime(2021, 10, 31, 20, 20)}, '9': {'team': 'DEN', 'date': datetime.datetime(2021, 11, 7, 13, 0)}, '10': {'team': 'ATL', 'date': datetime.datetime(2021, 11, 14, 13, 0)}, '11': {'team': 'KC', 'date': datetime.datetime(2021, 11, 21, 16, 25)}, '12': {'team': 'LV', 'date': datetime.datetime(2021, 11, 25, 16, 30)}, '13': {'team': 'NO', 'date': datetime.datetime(2021, 12, 2, 20, 20)}, '14': {'team': 'WSH', 'date': datetime.datetime(2021, 12, 12, 13, 0)}, '15': {'team': 'NYG', 'date': datetime.datetime(2021, 12, 19, 13, 0)}, '16': {'team': 'WSH', 'date': datetime.datetime(2021, 12, 26, 20, 20)}, '17': {'team': 'ARI', 'date': datetime.datetime(2022, 1, 2, 16, 25)}, '18': {'team': 'PHI', 'date': datetime.datetime(2022, 1, 8, 20, 15)}}","['K', 'BE', 'IR']",K,,,,,,,,,,,,,,,,,,,,,,,,,,,,,,,,,,,,,,,,,,,,,,,,,,,,,,,,,,,,,,,,,,,,,,,,,,,,,,2.0,5.0,7.0,9.0,2.0,20.0,21.0,1.0,29.0,35.0,6.0,42.0,48.0,6.0,2.0,4.0,2.92831526,4.606869341,1.678554081,7.188694791,9.54495151,2.356256719,14.94413481,15.95843628,1.014301472,25.06114486,30.11025713,5.049112272,45.57080005,48.65343037,3.082630319,2.92831526,4.606869341,1.678554081,,,,,,,,,,,,,,,,,,,,,,,,,,,,,,,,,,,,,,,,,,,,,,,,,,,,,,,,,,,,,,,,,,,,,,,,,,,,,,,,,,,,,,,3.0,2.0,1.0,1.0,,,,,,,,,,,,,,,,,,,,,,,,,,,,,,,,,,,,,,,,2021,,,,,,,,,,,,,,,,,,,,,,,,,,,,,,,,,,,,,
52.0,4.73,42.79,2.85,108.0,37.36363636,2.0,78.0,36.0,16.0,11.0,2.0,1.0,20.0,8.0,,,1.0,,3.80555556,9.0,7.90909091,,15.0,6.0,2.0,2.0,,,10.0,96.0,9.66666667,,1.0,,1.0,1.0,,,3.0,8.0,12.0,1.0,,11.0,47.06101121,13.05824118,1.970448001,0.058195252,39.0,19.0,9.0,7.0,3.0,9.0,4.0,0.088523298,0.061966309,0.10003219,0.003413715,4.194764971,6.096310384,0.578209316,0.022072813,0.042797525,0.027968183,18.0,9.0,4.0,3.0,1.0,12.38033758,2.0,1.0,0.040851808,0.001263458,16.51540423,7.4442129,0.080268066,0.003121251,0.561627825,0.147747401,0.709375226,0.2583488,0.082738544,0.341087344,0.341087344,15.11764706,Alex Collins,SEA,ADD,62,3046409,9,Team Sprawl n Brawl,BE,"{'1': {'team': 'IND', 'date': datetime.datetime(2021, 9, 12, 13, 0)}, '2': {'team': 'TEN', 'date': datetime.datetime(2021, 9, 19, 16, 25)}, '3': {'team': 'MIN', 'date': datetime.datetime(2021, 9, 26, 16, 25)}, '4': {'team': 'SF', 'date': datetime.datetime(2021, 10, 3, 16, 5)}, '5': {'team': 'LAR', 'date': datetime.datetime(2021, 10, 7, 20, 20)}, '6': {'team': 'PIT', 'date': datetime.datetime(2021, 10, 17, 20, 20)}, '7': {'team': 'NO', 'date': datetime.datetime(2021, 10, 25, 20, 15)}, '8': {'team': 'JAX', 'date': datetime.datetime(2021, 10, 31, 16, 5)}, '10': {'team': 'GB', 'date': datetime.datetime(2021, 11, 14, 16, 25)}, '11': {'team': 'ARI', 'date': datetime.datetime(2021, 11, 21, 16, 25)}, '12': {'team': 'WSH', 'date': datetime.datetime(2021, 11, 29, 20, 15)}, '13': {'team': 'SF', 'date': datetime.datetime(2021, 12, 5, 16, 25)}, '14': {'team': 'HOU', 'date': datetime.datetime(2021, 12, 12, 13, 0)}, '15': {'team': 'LAR', 'date': datetime.datetime(2021, 12, 21, 19, 0)}, '16': {'team': 'CHI', 'date': datetime.datetime(2021, 12, 26, 16, 5)}, '17': {'team': 'DET', 'date': datetime.datetime(2022, 1, 2, 16, 25)}, '18': {'team': 'ARI', 'date': datetime.datetime(2022, 1, 9, 16, 25)}}","['RB', 'RB/WR', 'RB/WR/TE', 'OP', 'BE', 'IR']",BE,,,,,1.0,1.0,,,,,,,,,,,,,,,,,,,,,,,,,,,,,,,,,,,,,,,,,,,,,,,,,,,,,,,,,,,,,,,,,,,,,1.0,,,,,,,,,,,,,,,,,,,,,,,,,,,,,,,,,,,,,,,,,,,,,,,,,,,,,,,,,,,,,,,,,,,,,,,,,,,,,,,,,,,,,,,,,,,,,,,,,,,,,,,,,,,,,,,,,,,,,,,,,,,,,,,,,,,,,,,,,,,,,,,,,,,,,,,,,,,,,,,,,,,,,,2021,,,,,,,,,,,,,,,,,,,,,,,,,,,,,,,,,,,,,
40.0,3.33,48.04,3.2,40.0,13.66666667,2.0,31.0,14.0,5.0,4.0,2.0,,5.0,1.0,,,,,4.1,16.0,8.58333333,1.0,18.0,8.0,3.0,2.0,,,23.0,109.0,6.4375,,,,,,4.0,6.0,5.0,7.0,18.0,2.0,,12.0,45.87194884,13.41063914,1.752768091,0.052103278,40.0,20.0,10.0,8.0,4.0,9.0,4.0,0.086834097,0.060783868,0.138067587,0.004711717,4.419635845,8.786528307,0.807675666,0.038534354,0.048453681,0.031664481,26.0,13.0,6.0,5.0,2.0,17.32309811,3.0,1.0,0.05418969,0.00167597,22.90312482,7.667891331,0.090637631,0.002347945,0.387346344,0.146277603,0.533623947,0.178179318,0.081915458,0.260094776,0.260094776,15.11764706,Damien Williams,CHI,ADD,69,17359,9,Team Sprawl n Brawl,RB,"{'1': {'team': 'LAR', 'date': datetime.datetime(2021, 9, 12, 20, 20)}, '2': {'team': 'CIN', 'date': datetime.datetime(2021, 9, 19, 13, 0)}, '3': {'team': 'CLE', 'date': datetime.datetime(2021, 9, 26, 13, 0)}, '4': {'team': 'DET', 'date': datetime.datetime(2021, 10, 3, 13, 0)}, '5': {'team': 'LV', 'date': datetime.datetime(2021, 10, 10, 16, 5)}, '6': {'team': 'GB', 'date': datetime.datetime(2021, 10, 17, 13, 0)}, '7': {'team': 'TB', 'date': datetime.datetime(2021, 10, 24, 16, 25)}, '8': {'team': 'SF', 'date': datetime.datetime(2021, 10, 31, 13, 0)}, '9': {'team': 'PIT', 'date': datetime.datetime(2021, 11, 8, 20, 15)}, '11': {'team': 'BAL', 'date': datetime.datetime(2021, 11, 21, 13, 0)}, '12': {'team': 'DET', 'date': datetime.datetime(2021, 11, 25, 12, 30)}, '13': {'team': 'ARI', 'date': datetime.datetime(2021, 12, 5, 13, 0)}, '14': {'team': 'GB', 'date': datetime.datetime(2021, 12, 12, 20, 20)}, '15': {'team': 'MIN', 'date': datetime.datetime(2021, 12, 20, 20, 15)}, '16': {'team': 'SEA', 'date': datetime.datetime(2021, 12, 26, 16, 5)}, '17': {'team': 'NYG', 'date': datetime.datetime(2022, 1, 2, 13, 0)}, '18': {'team': 'MIN', 'date': datetime.datetime(2022, 1, 9, 13, 0)}}","['RB', 'RB/WR', 'RB/WR/TE', 'OP', 'BE', 'IR']",RB,,,,,,,,,,,,,,,,,,,,1.0,,,,,,,,,,,,,,,,,,,,,,,,,,,,,,,,,,,,,,,,,,,,,,,,,,,,,,2.0,,,,,,,,,,,,,,,,,,,,,,,,,,,,,,,,,,,,,,,,,,,,,,,,,,,,,,,,,,,,,,,,,,,,,,,,,,,,,,,,,,,,,,,,,,,,,,,,,,,,,,,,,,,,,,,,,,,,,,,,,,,,,,,,,,,,,,,,,,,,,,,,,,,,,,,,,,,,,,,,,,,,,,,2021,,,,,,,,,,,,,,,,,,,,,,,,,,,,,,,,,,,,,
70.0,4.12,67.93,4.25,,,,,,,,,,,,,,,,,61.0,34.88235294,3.0,115.0,52.0,22.0,15.0,4.0,5.0,87.0,327.0,9.72131148,,1.0,,,,,,8.0,9.0,18.0,,,17.0,,,,,,,,,,,,,,,,,29.27008061,3.515095147,0.204285396,0.128544881,0.08400408,94.0,47.0,23.0,18.0,9.0,45.04087291,9.0,4.0,0.331436912,0.010250626,64.20109411,10.4359225,0.204285396,0.002279389,,0.518042877,0.518042877,,0.290104011,0.290104011,0.290104011,16.05882353,Tyler Conklin,MIN,ADD,19,3915486,9,Team Sprawl n Brawl,TE,"{'1': {'team': 'CIN', 'date': datetime.datetime(2021, 9, 12, 13, 0)}, '2': {'team': 'ARI', 'date': datetime.datetime(2021, 9, 19, 16, 5)}, '3': {'team': 'SEA', 'date': datetime.datetime(2021, 9, 26, 16, 25)}, '4': {'team': 'CLE', 'date': datetime.datetime(2021, 10, 3, 13, 0)}, '5': {'team': 'DET', 'date': datetime.datetime(2021, 10, 10, 13, 0)}, '6': {'team': 'CAR', 'date': datetime.datetime(2021, 10, 17, 13, 0)}, '8': {'team': 'DAL', 'date': datetime.datetime(2021, 10, 31, 20, 20)}, '9': {'team': 'BAL', 'date': datetime.datetime(2021, 11, 7, 13, 0)}, '10': {'team': 'LAC', 'date': datetime.datetime(2021, 11, 14, 16, 5)}, '11': {'team': 'GB', 'date': datetime.datetime(2021, 11, 21, 13, 0)}, '12': {'team': 'SF', 'date': datetime.datetime(2021, 11, 28, 16, 25)}, '13': {'team': 'DET', 'date': datetime.datetime(2021, 12, 5, 13, 0)}, '14': {'team': 'PIT', 'date': datetime.datetime(2021, 12, 9, 20, 20)}, '15': {'team': 'CHI', 'date': datetime.datetime(2021, 12, 20, 20, 15)}, '16': {'team': 'LAR', 'date': datetime.datetime(2021, 12, 26, 13, 0)}, '17': {'team': 'GB', 'date': datetime.datetime(2022, 1, 2, 20, 20)}, '18': {'team': 'CHI', 'date': datetime.datetime(2022, 1, 9, 13, 0)}}","['WR/TE', 'TE', 'RB/WR/TE', 'OP', 'BE', 'IR']",TE,,,,,1.0,,,,,,,,,,,,,,3.0,,,,,,,,,,,,,,,,,,,,,,,,,,,,,,,,,,,,,,,,,,,,,,,,,,,,,,,,,,,,,,,,,,,,,,,,,,,,,,,,,,,,,,,,,,,,,,,,,,,,,,,,,,,,,,,,,,,,,,,,,,,,,,,,,,,,,,,,,,,,,,,,,,,,,,,,,,,,,,,,,,,,,,,,,,,,,,,,,,,,,,,,,,,,,,,,,,,,,,,,,,,,,,,,,,,,,,,,,,,,,,2021,,,,,,,,,,,,,,,,,,,,,,,,,,,,,,,,,,,,,
53.0,5.89,111.68,8.59,,,,,,,,,,,,,,,,,35.0,49.44444444,2.0,86.0,41.0,18.0,14.0,4.0,4.0,62.0,123.0,12.71428571,,,,,,,,5.0,4.0,12.0,,,9.0,,,,,,,,,,,,,,,,,61.10854708,5.243841867,0.272550891,0.185608326,0.121295041,161.0,80.0,40.0,32.0,16.0,56.12237349,11.0,5.0,1.976035202,0.061114491,96.45781895,14.41117942,0.272550891,0.001311848,,0.298147376,0.298147376,,0.166962531,0.166962531,0.166962531,13.23529412,Michael Gallup,DAL,ADD,76,4036348,9,Team Sprawl n Brawl,WR,"{'1': {'team': 'TB', 'date': datetime.datetime(2021, 9, 9, 20, 20)}, '2': {'team': 'LAC', 'date': datetime.datetime(2021, 9, 19, 16, 25)}, '3': {'team': 'PHI', 'date': datetime.datetime(2021, 9, 27, 20, 15)}, '4': {'team': 'CAR', 'date': datetime.datetime(2021, 10, 3, 13, 0)}, '5': {'team': 'NYG', 'date': datetime.datetime(2021, 10, 10, 16, 25)}, '6': {'team': 'NE', 'date': datetime.datetime(2021, 10, 17, 16, 25)}, '8': {'team': 'MIN', 'date': datetime.datetime(2021, 10, 31, 20, 20)}, '9': {'team': 'DEN', 'date': datetime.datetime(2021, 11, 7, 13, 0)}, '10': {'team': 'ATL', 'date': datetime.datetime(2021, 11, 14, 13, 0)}, '11': {'team': 'KC', 'date': datetime.datetime(2021, 11, 21, 16, 25)}, '12': {'team': 'LV', 'date': datetime.datetime(2021, 11, 25, 16, 30)}, '13': {'team': 'NO', 'date': datetime.datetime(2021, 12, 2, 20, 20)}, '14': {'team': 'WSH', 'date': datetime.datetime(2021, 12, 12, 13, 0)}, '15': {'team': 'NYG', 'date': datetime.datetime(2021, 12, 19, 13, 0)}, '16': {'team': 'WSH', 'date': datetime.datetime(2021, 12, 26, 20, 20)}, '17': {'team': 'ARI', 'date': datetime.datetime(2022, 1, 2, 16, 25)}, '18': {'team': 'PHI', 'date': datetime.datetime(2022, 1, 8, 20, 15)}}","['RB/WR', 'WR', 'WR/TE', 'RB/WR/TE', 'OP', 'BE', 'IR']",WR,,,1.0,1.0,,,,,,,,,,,,,,,1.0,1.0,,,,,,,,,,,,,,,,,,,,,,,,,,,,,,,,,,,,,,,,,,,,,,,,,,,,,,,,,,,,,,,,,,,,,,,,,,,,,,,,,,,,,,,,,,,,,,,,,,,,,,,,,,,,,,,,,,,,,,,,,,,,,,,,,,,,,,,,,,,,,,,,,,,,,,,,,,,,,,,,,,,,,,,,,,,,,,,,,,,,,,,,,,,,,,,,,,,,,,,,,,,,,,,,,,,,,,,,,,,,,2021,,,,,,,,,,,,,,,,,,,,,,,,,,,,,,,,,,,,,
77.0,12.83,182.76,11.42,19.0,25.16666667,3.0,29.0,13.0,5.0,3.0,,,1.0,,,,,,7.94736842,,,,,,,,,,,,,3.0,3.0,,,5.0,,,2.0,4.0,48.0,2.0,,6.0,42.27365574,11.40456319,1.527276854,0.054583034,36.0,18.0,9.0,7.0,3.0,8.0,4.0,0.080015355,0.056010748,0.119656275,0.00408341,4.332340423,,,,,,,,,,,,,,,,,,0.800891986,0.022033367,0.435526985,,5.007583522,0.200342413,,2.394929551,9.907891685,16.05882353,Tyrod Taylor,HOU,ADD,37,14163,9,Team Sprawl n Brawl,BE,"{'1': {'team': 'JAX', 'date': datetime.datetime(2021, 9, 12, 13, 0)}, '2': {'team': 'CLE', 'date': datetime.datetime(2021, 9, 19, 13, 0)}, '3': {'team': 'CAR', 'date': datetime.datetime(2021, 9, 23, 20, 20)}, '4': {'team': 'BUF', 'date': datetime.datetime(2021, 10, 3, 13, 0)}, '5': {'team': 'NE', 'date': datetime.datetime(2021, 10, 10, 13, 0)}, '6': {'team': 'IND', 'date': datetime.datetime(2021, 10, 17, 13, 0)}, '7': {'team': 'ARI', 'date': datetime.datetime(2021, 10, 24, 16, 25)}, '8': {'team': 'LAR', 'date': datetime.datetime(2021, 10, 31, 13, 0)}, '9': {'team': 'MIA', 'date': datetime.datetime(2021, 11, 7, 13, 0)}, '11': {'team': 'TEN', 'date': datetime.datetime(2021, 11, 21, 13, 0)}, '12': {'team': 'NYJ', 'date': datetime.datetime(2021, 11, 28, 13, 0)}, '13': {'team': 'IND', 'date': datetime.datetime(2021, 12, 5, 13, 0)}, '14': {'team': 'SEA', 'date': datetime.datetime(2021, 12, 12, 13, 0)}, '15': {'team': 'JAX', 'date': datetime.datetime(2021, 12, 19, 13, 0)}, '16': {'team': 'LAC', 'date': datetime.datetime(2021, 12, 26, 13, 0)}, '17': {'team': 'SF', 'date': datetime.datetime(2022, 1, 2, 16, 5)}, '18': {'team': 'TEN', 'date': datetime.datetime(2022, 1, 9, 13, 0)}}","['QB', 'OP', 'BE', 'IR']",BE,,,,,,,,,,,,,,,,,,,,,150.0,91.0,59.0,161.0,5.0,192.0,94.0,46.0,36.0,16.0,7.0,16.0,7.0,9.0,3.0,1.0,,,,5.0,0.60666667,13.0,,2.0,1.0,1.0,,412.3410801,259.8132806,152.5277996,182.6344072,14.17043647,586.0,293.0,146.0,117.0,58.0,29.0,51.0,25.0,2.356900025,1.540234166,2.372540492,0.320468012,0.746308952,7.512962134,0.630093127,31.43749383,4.572056538,2.194587138,,,,,1.0,,,,,,,,,,,,,,,,,,,,,,,,,,,,,,,,,,,,,,,,,,,,,,,,,,,,,,,,,,,,,,,,,,,,,,,,,,,,,,,,,,,,,,,,,,,,,,,,,,,,,,,,,,,,,,,,,,,,,,,,,,,,,,,,,,,,,,,,,,,,,,,,,,,,,,,,,,,,,,,,,,,,,,2021,,,,,,,,,,,,,,,,,,,,,,,,,,,,,,,,,,,,,
84.0,6.46,114.53,7.64,153.0,46.23076923,3.0,116.0,55.0,24.0,18.0,7.0,,24.0,9.0,,,,,3.92810458,26.0,12.07692308,,28.0,11.0,4.0,3.0,1.0,2.0,28.0,156.0,6.03846154,1.0,1.0,,,,,,2.0,11.0,18.0,3.0,,13.0,155.4256546,42.41868231,3.438735312,0.132468171,128.0,64.0,32.0,25.0,12.0,31.0,15.0,0.309194908,0.216436436,1.060381385,0.036186748,4.12589974,16.49567779,1.041797681,0.051844821,0.051300339,0.033524772,49.0,24.0,12.0,9.0,4.0,33.69698345,6.0,3.0,0.095548827,0.002955118,42.31450871,7.400538837,0.184312992,0.00341259,0.637397939,0.13819075,0.775588689,0.293203052,0.07738682,0.370589872,0.370589872,15.11764706,Jamaal Williams,DET,ADD,41,2980453,9,Team Sprawl n Brawl,BE,"{'1': {'team': 'SF', 'date': datetime.datetime(2021, 9, 12, 13, 0)}, '2': {'team': 'GB', 'date': datetime.datetime(2021, 9, 20, 20, 15)}, '3': {'team': 'BAL', 'date': datetime.datetime(2021, 9, 26, 13, 0)}, '4': {'team': 'CHI', 'date': datetime.datetime(2021, 10, 3, 13, 0)}, '5': {'team': 'MIN', 'date': datetime.datetime(2021, 10, 10, 13, 0)}, '6': {'team': 'CIN', 'date': datetime.datetime(2021, 10, 17, 13, 0)}, '7': {'team': 'LAR', 'date': datetime.datetime(2021, 10, 24, 16, 5)}, '8': {'team': 'PHI', 'date': datetime.datetime(2021, 10, 31, 13, 0)}, '10': {'team': 'PIT', 'date': datetime.datetime(2021, 11, 14, 13, 0)}, '11': {'team': 'CLE', 'date': datetime.datetime(2021, 11, 21, 13, 0)}, '12': {'team': 'CHI', 'date': datetime.datetime(2021, 11, 25, 12, 30)}, '13': {'team': 'MIN', 'date': datetime.datetime(2021, 12, 5, 13, 0)}, '14': {'team': 'DEN', 'date': datetime.datetime(2021, 12, 12, 16, 5)}, '15': {'team': 'ARI', 'date': datetime.datetime(2021, 12, 19, 13, 0)}, '16': {'team': 'ATL', 'date': datetime.datetime(2021, 12, 26, 13, 0)}, '17': {'team': 'SEA', 'date': datetime.datetime(2022, 1, 2, 16, 25)}, '18': {'team': 'GB', 'date': datetime.datetime(2022, 1, 9, 13, 0)}}","['RB', 'RB/WR', 'RB/WR/TE', 'OP', 'BE', 'IR']",BE,,,,,,,,,,,,,,,,,,,,,,,,,,,,,,,,,,,,,,,,,,,,,,,,,,,,,,,,,,,,,,,,,,,,,,,,,,,,,,,,,,,,,,,,,,,,,,,,,,,,,,,,,,,,,,,,,,,,,,,,,,,,,,,,,,,,,,,,,,,,,,,,,,,,,,,,,,,,,,,,,,,,,,,,,,,,,,,,,,,,,,,,,,,,,,,,,,,,,,,,,,,,,,,,,,,,,,,,,,,,,,,,,,,,,,,,,,,,,,,,,2021,,,,,,,,,,,,,,,,,,,,,,,,,,,,,,,,,,,,,
95.0,5.59,111.79,6.58,,,,,,,,,,,,,,,,,,,,,,,,,,,,,,,,,,707.0,1115.0,10.0,7.0,,,,17.0,,,,,,,,,,,,,,,,,,,,,,,,,,,,,,,,,,,,,,,,,,,17.0,49ers D/ST,SF,ADD,13,-16025,9,Team Sprawl n Brawl,BE,"{'1': {'team': 'DET', 'date': datetime.datetime(2021, 9, 12, 13, 0)}, '2': {'team': 'PHI', 'date': datetime.datetime(2021, 9, 19, 13, 0)}, '3': {'team': 'GB', 'date': datetime.datetime(2021, 9, 26, 20, 20)}, '4': {'team': 'SEA', 'date': datetime.datetime(2021, 10, 3, 16, 5)}, '5': {'team': 'ARI', 'date': datetime.datetime(2021, 10, 10, 16, 25)}, '7': {'team': 'IND', 'date': datetime.datetime(2021, 10, 24, 20, 20)}, '8': {'team': 'CHI', 'date': datetime.datetime(2021, 10, 31, 13, 0)}, '9': {'team': 'ARI', 'date': datetime.datetime(2021, 11, 7, 16, 25)}, '10': {'team': 'LAR', 'date': datetime.datetime(2021, 11, 15, 20, 15)}, '11': {'team': 'JAX', 'date': datetime.datetime(2021, 11, 21, 13, 0)}, '12': {'team': 'MIN', 'date': datetime.datetime(2021, 11, 28, 16, 25)}, '13': {'team': 'SEA', 'date': datetime.datetime(2021, 12, 5, 16, 25)}, '14': {'team': 'CIN', 'date': datetime.datetime(2021, 12, 12, 16, 25)}, '15': {'team': 'ATL', 'date': datetime.datetime(2021, 12, 19, 16, 5)}, '16': {'team': 'TEN', 'date': datetime.datetime(2021, 12, 23, 20, 20)}, '17': {'team': 'HOU', 'date': datetime.datetime(2022, 1, 2, 16, 5)}, '18': {'team': 'LAR', 'date': datetime.datetime(2022, 1, 9, 16, 25)}}","['D/ST', 'BE', 'IR']",BE,,,,,,,642.0,58.0,19.0,0.22046,0.23736,680.104,211.56,68.0,27.0,21.0,8.0,,,,,,,,,,,,,,,,,,,,,,,,,,,,,,,,,,,,,,,,,,,,,,,,,,,,,,,,,408.0,,,21.0,,,,,,,,,,,,,,,,,,,,,,,,,,,,,,,,,,,11.0,0.0,0.0,5.0,1.0,2.0,9.0,1.0,,48.0,96.0,,,2.0,2.0,367.0,216.0,75.0,55.0,279.0,21.0,4.0,363.0,1.0,4.0,6.0,0.0,5270.0,0.0,0.0,8.0,5.0,2.0,2.0,0.0,0.0,0.0,0.0,0.0,5.0,1.0,1.0,4.0,6.0,0.0,0.226235741,1.020612367,3.521112668,3.129877927,0.065466467,1.596152157,12.46892407,10.1314979,1.208988769,0.572556341,43.40598559,86.81197118,1.053602582,0.542549575,2.119438624,15.58691985,1014.434502,338.0,202.0,65.11732365,370.3185172,2.466479888,3.385031019,2.245347208,0.901540925,0.103762257,21.78344219,5927.262408,0.681021532,5.448172258,4.256384577,3.660490736,1.957936905,0.681021532,0.255383075,0.059589384,348.6624946,-370.3185172,,,,,,,,,,,,,,,,,,,,,,,,,,,,,,,,,,,,,,,,,,,,,,,2021,,,,,,,,,,,,,,,,,,,,,,,,,,,,,,,,,,,,,
94.0,5.53,104.14,6.13,,,,,,,,,,,,,,,,,,,,,,,,,,,,,,,,,,713.0,1004.0,13.0,4.0,,,,17.0,,,,,,,,,,,,,,,,,,,,,,,,,,,,,,,,,,,,,,,,,,,17.0,Packers D/ST,GB,ADD,14,-16009,9,Team Sprawl n Brawl,D/ST,"{'1': {'team': 'NO', 'date': datetime.datetime(2021, 9, 12, 16, 25)}, '2': {'team': 'DET', 'date': datetime.datetime(2021, 9, 20, 20, 15)}, '3': {'team': 'SF', 'date': datetime.datetime(2021, 9, 26, 20, 20)}, '4': {'team': 'PIT', 'date': datetime.datetime(2021, 10, 3, 16, 25)}, '5': {'team': 'CIN', 'date': datetime.datetime(2021, 10, 10, 13, 0)}, '6': {'team': 'CHI', 'date': datetime.datetime(2021, 10, 17, 13, 0)}, '7': {'team': 'WSH', 'date': datetime.datetime(2021, 10, 24, 13, 0)}, '8': {'team': 'ARI', 'date': datetime.datetime(2021, 10, 28, 20, 20)}, '9': {'team': 'KC', 'date': datetime.datetime(2021, 11, 7, 16, 25)}, '10': {'team': 'SEA', 'date': datetime.datetime(2021, 11, 14, 16, 25)}, '11': {'team': 'MIN', 'date': datetime.datetime(2021, 11, 21, 13, 0)}, '12': {'team': 'LAR', 'date': datetime.datetime(2021, 11, 28, 16, 25)}, '14': {'team': 'CHI', 'date': datetime.datetime(2021, 12, 12, 20, 20)}, '15': {'team': 'BAL', 'date': datetime.datetime(2021, 12, 19, 16, 25)}, '16': {'team': 'CLE', 'date': datetime.datetime(2021, 12, 25, 16, 30)}, '17': {'team': 'MIN', 'date': datetime.datetime(2022, 1, 2, 20, 20)}, '18': {'team': 'DET', 'date': datetime.datetime(2022, 1, 9, 13, 0)}}","['D/ST', 'BE', 'IR']",D/ST,,,,,,,531.0,45.0,12.0,0.22046,0.23736,680.104,211.56,68.0,27.0,21.0,8.0,,,,,,,,,,,,,,,,,,,,,,,,,,,,,,,,,,,,,,,,,,,,,,,,,,,,,,,,,291.0,,,10.0,,,,,,,,,,,,,,,,,,,,,,,,,,,,,,,,,,,8.0,1.0,0.0,3.0,3.0,2.0,18.0,1.0,,39.0,78.0,,,2.0,2.0,327.0,193.0,36.0,75.0,199.0,13.0,3.0,371.0,1.0,2.0,5.0,2.0,5579.0,0.0,0.0,6.0,4.0,3.0,4.0,0.0,0.0,0.0,1.0,0.0,3.0,3.0,1.0,2.0,5.0,2.0,0.207482993,0.93537415,3.282312925,2.993197279,0.09380575,1.558713422,13.97980347,8.160272623,1.301450852,0.616738439,40.48579097,80.97158193,1.05008107,0.508632352,2.110339172,12.55426557,968.3726851,322.0,193.0,75.47711204,372.2012902,2.465986395,3.503401361,2.431972789,1.054421769,0.12585034,21.89419354,5998.883391,0.52731639,4.422653592,3.895337202,3.86131679,2.517510506,1.190714429,0.459275565,0.125875525,352.8754936,-372.2012902,,,,,,,,,,,,,,,,,,,,,,,,,,,,,,,,,,,,,,,,,,,,,,,2021,,,,,,,,,,,,,,,,,,,,,,,,,,,,,,,,,,,,,
169.0,21.12,257.85,17.19,219.0,117.125,10.0,184.0,90.0,43.0,34.0,15.0,5.0,40.0,17.0,2.0,2.0,5.0,,4.27853881,18.0,19.25,,29.0,13.0,4.0,3.0,1.0,1.0,20.0,160.0,8.55555556,1.0,1.0,,,,,,6.0,2.0,68.0,6.0,,8.0,329.4777711,102.3114511,13.18339243,0.403213887,309.0,154.0,77.0,61.0,30.0,65.0,32.0,0.712797079,0.498957955,6.199119744,0.211552173,4.694424155,13.34124256,1.06291105,0.059229458,0.044959589,0.029381091,40.0,20.0,10.0,8.0,4.0,27.15166546,5.0,2.0,0.075228616,0.002326658,35.57624444,7.428207183,0.462443345,0.012357455,2.594688961,0.213823611,2.808512571,1.193556922,0.119741222,1.313298144,1.313298144,15.11764706,Derrick Henry,TEN,DRAFT,13,3043078,10,Ambler Thighs,BE,"{'1': {'team': 'ARI', 'date': datetime.datetime(2021, 9, 12, 13, 0)}, '2': {'team': 'SEA', 'date': datetime.datetime(2021, 9, 19, 16, 25)}, '3': {'team': 'IND', 'date': datetime.datetime(2021, 9, 26, 13, 0)}, '4': {'team': 'NYJ', 'date': datetime.datetime(2021, 10, 3, 13, 0)}, '5': {'team': 'JAX', 'date': datetime.datetime(2021, 10, 10, 13, 0)}, '6': {'team': 'BUF', 'date': datetime.datetime(2021, 10, 18, 20, 15)}, '7': {'team': 'KC', 'date': datetime.datetime(2021, 10, 24, 13, 0)}, '8': {'team': 'IND', 'date': datetime.datetime(2021, 10, 31, 13, 0)}, '9': {'team': 'LAR', 'date': datetime.datetime(2021, 11, 7, 20, 20)}, '10': {'team': 'NO', 'date': datetime.datetime(2021, 11, 14, 13, 0)}, '11': {'team': 'HOU', 'date': datetime.datetime(2021, 11, 21, 13, 0)}, '12': {'team': 'NE', 'date': datetime.datetime(2021, 11, 28, 13, 0)}, '14': {'team': 'JAX', 'date': datetime.datetime(2021, 12, 12, 13, 0)}, '15': {'team': 'PIT', 'date': datetime.datetime(2021, 12, 19, 13, 0)}, '16': {'team': 'SF', 'date': datetime.datetime(2021, 12, 23, 20, 20)}, '17': {'team': 'MIA', 'date': datetime.datetime(2022, 1, 2, 13, 0)}, '18': {'team': 'HOU', 'date': datetime.datetime(2022, 1, 9, 13, 0)}}","['RB', 'RB/WR', 'RB/WR/TE', 'OP', 'BE', 'IR']",BE,,,,,,,,,,,,,,,,,,,,,1.0,1.0,,0.625,1.0,1.0,,,,,,,,,,,,,,,1.0,,,1.0,,,,,,,,,,,,,,,,,,,,,,,,,,,,,,,2.0,,,,,,,,,,,,,,,,,,,,,,,,,,,,,,,,,,,,,,,,,,,,,,,,,,,,,,,,,,,,,,,,,,,,,,,,,,,,,,,,,,,,,,,,,,,,,,,,,,,,,,,,,,,,,,,,,,,,,,,,,,,,,,,1.0,,,,,,,,,,,,,,,,,,,,,,,,,,,,,,,,,,,,,,,2021,,,,,,,,,,,,,,,,,,,,,,,,,,,,,,,,,,,,,
101.0,10.1,178.56,11.16,,,,,,,,,,,,,,,,,42.0,57.2,8.0,110.0,53.0,24.0,19.0,8.0,4.0,64.0,140.0,13.61904762,,,,,,,,8.0,2.0,48.0,,,10.0,,,,,,,,,,,,,,,,,85.20196992,7.271684053,0.379971129,0.231042549,0.150986306,273.0,136.0,68.0,54.0,27.0,112.3653454,22.0,11.0,5.166939444,0.159802251,162.2334296,12.17673825,0.379971129,0.007357016,,1.672049094,1.672049094,,0.936347493,0.936347493,0.936347493,16.05882353,DeAndre Hopkins,ARI,DRAFT,36,15795,10,Ambler Thighs,BE,"{'1': {'team': 'TEN', 'date': datetime.datetime(2021, 9, 12, 13, 0)}, '2': {'team': 'MIN', 'date': datetime.datetime(2021, 9, 19, 16, 5)}, '3': {'team': 'JAX', 'date': datetime.datetime(2021, 9, 26, 13, 0)}, '4': {'team': 'LAR', 'date': datetime.datetime(2021, 10, 3, 16, 5)}, '5': {'team': 'SF', 'date': datetime.datetime(2021, 10, 10, 16, 25)}, '6': {'team': 'CLE', 'date': datetime.datetime(2021, 10, 17, 16, 5)}, '7': {'team': 'HOU', 'date': datetime.datetime(2021, 10, 24, 16, 25)}, '8': {'team': 'GB', 'date': datetime.datetime(2021, 10, 28, 20, 20)}, '9': {'team': 'SF', 'date': datetime.datetime(2021, 11, 7, 16, 25)}, '10': {'team': 'CAR', 'date': datetime.datetime(2021, 11, 14, 16, 5)}, '11': {'team': 'SEA', 'date': datetime.datetime(2021, 11, 21, 16, 25)}, '13': {'team': 'CHI', 'date': datetime.datetime(2021, 12, 5, 13, 0)}, '14': {'team': 'LAR', 'date': datetime.datetime(2021, 12, 13, 20, 15)}, '15': {'team': 'DET', 'date': datetime.datetime(2021, 12, 19, 13, 0)}, '16': {'team': 'IND', 'date': datetime.datetime(2021, 12, 25, 20, 15)}, '17': {'team': 'DAL', 'date': datetime.datetime(2022, 1, 2, 16, 25)}, '18': {'team': 'SEA', 'date': datetime.datetime(2022, 1, 9, 16, 25)}}","['RB/WR', 'WR', 'WR/TE', 'RB/WR/TE', 'OP', 'BE', 'IR']",BE,,,,,,,,,,,,,,,,,,,4.0,1.0,,,,,,,,,,,,,,,,,,,,,,,,,,,,,,,,,,,,,,,,,,,,,,,,,,,,,3.0,,,,,,,,,,,,,,,,,,,,,,,,,,,,,,,,,,,,,,,,,,,,,,,,,,,,,,,,,,,,,,,,,,,,,,,,,,,,,,,,,,,,,,,,,,,,,,,,,,,,,,,,,,,,,,,,,,,,,,,,,,,,,,,,,,,,,,,,,,,,,,,,,,,,,,,,,,,,,,,,,,,,,,,,2021,,,,,,,,,,,,,,,,,,,,,,,,,,,,,,,,,,,,,
157.0,10.47,191.89,12.79,217.0,58.13333333,9.0,167.0,80.0,36.0,29.0,10.0,2.0,38.0,14.0,,,2.0,,4.01843318,54.0,23.2,,64.0,27.0,10.0,6.0,,5.0,64.0,395.0,6.44444444,2.0,2.0,2.0,2.0,2.0,1.0,1.0,8.0,7.0,54.0,8.0,,15.0,262.6064241,70.35161992,9.267645222,0.239849336,212.0,106.0,53.0,42.0,21.0,52.0,26.0,0.550525186,0.38536763,2.921215663,0.099689883,4.049980741,17.14756406,1.102920458,0.045938844,0.047800233,0.031237452,51.0,25.0,12.0,10.0,5.0,34.19506739,6.0,3.0,0.100604846,0.00311149,44.85733483,7.580941964,0.28578818,0.009131926,1.836322533,0.239115143,2.075437677,0.844708365,0.13390448,0.978612846,0.978612846,15.11764706,Josh Jacobs,LV,DRAFT,16,4047365,10,Ambler Thighs,RB,"{'1': {'team': 'BAL', 'date': datetime.datetime(2021, 9, 13, 20, 15)}, '2': {'team': 'PIT', 'date': datetime.datetime(2021, 9, 19, 13, 0)}, '3': {'team': 'MIA', 'date': datetime.datetime(2021, 9, 26, 16, 5)}, '4': {'team': 'LAC', 'date': datetime.datetime(2021, 10, 4, 20, 15)}, '5': {'team': 'CHI', 'date': datetime.datetime(2021, 10, 10, 16, 5)}, '6': {'team': 'DEN', 'date': datetime.datetime(2021, 10, 17, 16, 25)}, '7': {'team': 'PHI', 'date': datetime.datetime(2021, 10, 24, 16, 5)}, '9': {'team': 'NYG', 'date': datetime.datetime(2021, 11, 7, 13, 0)}, '10': {'team': 'KC', 'date': datetime.datetime(2021, 11, 14, 20, 20)}, '11': {'team': 'CIN', 'date': datetime.datetime(2021, 11, 21, 16, 5)}, '12': {'team': 'DAL', 'date': datetime.datetime(2021, 11, 25, 16, 30)}, '13': {'team': 'WSH', 'date': datetime.datetime(2021, 12, 5, 16, 5)}, '14': {'team': 'KC', 'date': datetime.datetime(2021, 12, 12, 13, 0)}, '15': {'team': 'CLE', 'date': datetime.datetime(2021, 12, 20, 17, 0)}, '16': {'team': 'DEN', 'date': datetime.datetime(2021, 12, 26, 16, 25)}, '17': {'team': 'IND', 'date': datetime.datetime(2022, 1, 2, 13, 0)}, '18': {'team': 'LAC', 'date': datetime.datetime(2022, 1, 9, 20, 20)}}","['RB', 'RB/WR', 'RB/WR/TE', 'OP', 'BE', 'IR']",RB,,,,,,,,,,,,,,,,,,,,,,,,,,,,,,,,,,,,,,,,,,,,,,,,,,,,,,,,,,,,,,,,,,,,,,,,,,,1.0,,,,,,,,,,,,,,,,,,,,,,,,,,,,,,,,,,,,,,,,,,,,,,,,,,,,,,,,,,,,,,,,,,,,,,,,,,,,,,,,,,,,,,,,,,,,,,,,,,,,,,,,,,,,,,,,,,,,,,,,,,,,,,,,,,,,,,,,,,,,,,,,,,,,,,,,,,,,,,,,,,,,,,2021,,,,,,,,,,,,,,,,,,,,,,,,,,,,,,,,,,,,,
100.0,6.67,138.69,8.67,14.0,6.4,,17.0,7.0,2.0,2.0,,,,,,,,,6.85714286,59.0,57.33333333,2.0,168.0,81.0,35.0,26.0,8.0,5.0,105.0,295.0,14.57627119,,,,,,,,9.0,6.0,12.0,,,15.0,7.983946129,2.542385565,0.466981557,0.019431306,8.0,4.0,2.0,1.0,,1.0,,0.014705629,0.01029394,0.004028148,0.000137465,5.113727031,58.87198902,6.44071275,0.303271908,0.191702588,0.125277641,189.0,94.0,47.0,37.0,18.0,71.97112479,14.0,7.0,2.173806653,0.067231134,117.4121785,13.13603039,0.322703214,0.005731609,0.130075487,1.172562912,1.302638399,0.059834724,0.656635231,0.716469955,0.716469955,16.05882353,Chase Claypool,PIT,DRAFT,38,4046692,10,Ambler Thighs,BE,"{'1': {'team': 'BUF', 'date': datetime.datetime(2021, 9, 12, 13, 0)}, '2': {'team': 'LV', 'date': datetime.datetime(2021, 9, 19, 13, 0)}, '3': {'team': 'CIN', 'date': datetime.datetime(2021, 9, 26, 13, 0)}, '4': {'team': 'GB', 'date': datetime.datetime(2021, 10, 3, 16, 25)}, '5': {'team': 'DEN', 'date': datetime.datetime(2021, 10, 10, 13, 0)}, '6': {'team': 'SEA', 'date': datetime.datetime(2021, 10, 17, 20, 20)}, '8': {'team': 'CLE', 'date': datetime.datetime(2021, 10, 31, 13, 0)}, '9': {'team': 'CHI', 'date': datetime.datetime(2021, 11, 8, 20, 15)}, '10': {'team': 'DET', 'date': datetime.datetime(2021, 11, 14, 13, 0)}, '11': {'team': 'LAC', 'date': datetime.datetime(2021, 11, 21, 20, 20)}, '12': {'team': 'CIN', 'date': datetime.datetime(2021, 11, 28, 13, 0)}, '13': {'team': 'BAL', 'date': datetime.datetime(2021, 12, 5, 16, 25)}, '14': {'team': 'MIN', 'date': datetime.datetime(2021, 12, 9, 20, 20)}, '15': {'team': 'TEN', 'date': datetime.datetime(2021, 12, 19, 13, 0)}, '16': {'team': 'KC', 'date': datetime.datetime(2021, 12, 26, 16, 25)}, '17': {'team': 'CLE', 'date': datetime.datetime(2022, 1, 3, 20, 15)}, '18': {'team': 'BAL', 'date': datetime.datetime(2022, 1, 9, 13, 0)}}","['RB/WR', 'WR', 'WR/TE', 'RB/WR/TE', 'OP', 'BE', 'IR']",BE,,,1.0,1.0,,,,,,,,,,,,,,,1.0,,,,,,,,,,,,,,,,,,,,,,,,,,,,,,,,,,,,,,,,,,,,,,,,,,,,,,1.0,,,,,,,,,,,,,,,,,,,,,,,,,,,,,,,,,,,,,,,,,,,,,,,,,,,,,,,,,,,,,,,,,,,,,,,,,,,,,,,,,,,,,,,,,,,,,,,,,,,,,,,,,,,,,,,,,,,,,,,,,,,,,,,,,,,,,,,,,,,,,,,,,,,,,,,,,,,,,,,,,,,,,,,,2021,,,,,,,,,,,,,,,,,,,,,,,,,,,,,,,,,,,,,
319.0,19.94,320.97,20.06,33.0,6.3125,3.0,16.0,5.0,1.0,,,,1.0,,,,,,3.06060606,1.0,-0.25,,,,,,,,1.0,,-4.0,2.0,3.0,,,4.0,,,13.0,3.0,240.0,3.0,,16.0,40.32668448,11.15204453,2.016474111,0.074510506,35.0,17.0,8.0,7.0,3.0,8.0,4.0,0.07557807,0.052904649,0.081556928,0.002783225,4.440948159,,,,,,,,,,,,,,,,,,1.530279598,0.029277666,0.415254023,,6.654015014,0.191016851,,3.185622126,12.17498382,16.05882353,Aaron Rodgers,GB,DRAFT,6,8439,10,Ambler Thighs,QB,"{'1': {'team': 'NO', 'date': datetime.datetime(2021, 9, 12, 16, 25)}, '2': {'team': 'DET', 'date': datetime.datetime(2021, 9, 20, 20, 15)}, '3': {'team': 'SF', 'date': datetime.datetime(2021, 9, 26, 20, 20)}, '4': {'team': 'PIT', 'date': datetime.datetime(2021, 10, 3, 16, 25)}, '5': {'team': 'CIN', 'date': datetime.datetime(2021, 10, 10, 13, 0)}, '6': {'team': 'CHI', 'date': datetime.datetime(2021, 10, 17, 13, 0)}, '7': {'team': 'WSH', 'date': datetime.datetime(2021, 10, 24, 13, 0)}, '8': {'team': 'ARI', 'date': datetime.datetime(2021, 10, 28, 20, 20)}, '9': {'team': 'KC', 'date': datetime.datetime(2021, 11, 7, 16, 25)}, '10': {'team': 'SEA', 'date': datetime.datetime(2021, 11, 14, 16, 25)}, '11': {'team': 'MIN', 'date': datetime.datetime(2021, 11, 21, 13, 0)}, '12': {'team': 'LAR', 'date': datetime.datetime(2021, 11, 28, 16, 25)}, '14': {'team': 'CHI', 'date': datetime.datetime(2021, 12, 12, 20, 20)}, '15': {'team': 'BAL', 'date': datetime.datetime(2021, 12, 19, 16, 25)}, '16': {'team': 'CLE', 'date': datetime.datetime(2021, 12, 25, 16, 30)}, '17': {'team': 'MIN', 'date': datetime.datetime(2022, 1, 2, 20, 20)}, '18': {'team': 'DET', 'date': datetime.datetime(2022, 1, 9, 13, 0)}}","['QB', 'OP', 'BE', 'IR']",QB,,,,,,,,,,,,,,,,,,,,,531.0,366.0,165.0,257.1875,37.0,816.0,404.0,199.0,156.0,73.0,32.0,65.0,29.0,27.0,9.0,1.0,1.0,4.0,,4.0,0.68926554,30.0,1.0,17.0,11.0,7.0,1.0,571.6164762,382.5207732,189.095703,267.8850671,35.24575961,860.0,430.0,215.0,172.0,86.0,43.0,76.0,38.0,3.661600733,2.392856079,3.992043788,0.539220444,1.455769092,8.989361698,0.669191301,34.25013112,6.238760991,2.994605276,,,,,,,,,,,,,,,,,,,,,,,,,,,,,,,,,,,,,,,,,,,,,,,,,,,,,,,,,,,,,,,,,,,,,,,,,,,,,,,,,,,,,,,,,,,,,,,,,,,,,,,,,,,,,,,,,,,,,,,,,,,,,,,,,,,,,,,,,,,,,,,,,,,,,,,,,,,,,,,,,,,,,,,,,,,2021,,,,,,,,,,,,,,,,,,,,,,,,,,,,,,,,,,,,,
78.0,4.59,131.78,8.24,3.0,2.11764706,,6.0,3.0,1.0,1.0,,,,,,,,,12.0,53.0,30.52941176,5.0,98.0,45.0,17.0,15.0,4.0,5.0,110.0,158.0,9.79245283,,,,,,1.0,1.0,5.0,12.0,30.0,,,17.0,3.642969745,1.249298094,0.106679819,0.002767545,4.0,2.0,1.0,,,,,0.006694169,0.004685918,0.000900659,3.0736e-05,5.507116179,63.75590787,4.63431591,0.246255851,0.157465789,0.102903893,204.0,102.0,51.0,40.0,20.0,84.57607223,16.0,8.0,2.67189005,0.082635775,133.3173515,12.10560915,0.249023396,0.004700556,0.044115356,1.02419284,1.068308195,0.020293064,0.57354799,0.593841054,0.593841054,16.05882353,Robby Anderson,CAR,DRAFT,51,2574808,10,Ambler Thighs,BE,"{'1': {'team': 'NYJ', 'date': datetime.datetime(2021, 9, 12, 13, 0)}, '2': {'team': 'NO', 'date': datetime.datetime(2021, 9, 19, 13, 0)}, '3': {'team': 'HOU', 'date': datetime.datetime(2021, 9, 23, 20, 20)}, '4': {'team': 'DAL', 'date': datetime.datetime(2021, 10, 3, 13, 0)}, '5': {'team': 'PHI', 'date': datetime.datetime(2021, 10, 10, 13, 0)}, '6': {'team': 'MIN', 'date': datetime.datetime(2021, 10, 17, 13, 0)}, '7': {'team': 'NYG', 'date': datetime.datetime(2021, 10, 24, 13, 0)}, '8': {'team': 'ATL', 'date': datetime.datetime(2021, 10, 31, 13, 0)}, '9': {'team': 'NE', 'date': datetime.datetime(2021, 11, 7, 13, 0)}, '10': {'team': 'ARI', 'date': datetime.datetime(2021, 11, 14, 16, 5)}, '11': {'team': 'WSH', 'date': datetime.datetime(2021, 11, 21, 13, 0)}, '12': {'team': 'MIA', 'date': datetime.datetime(2021, 11, 28, 13, 0)}, '14': {'team': 'ATL', 'date': datetime.datetime(2021, 12, 12, 13, 0)}, '15': {'team': 'BUF', 'date': datetime.datetime(2021, 12, 19, 13, 0)}, '16': {'team': 'TB', 'date': datetime.datetime(2021, 12, 26, 13, 0)}, '17': {'team': 'NO', 'date': datetime.datetime(2022, 1, 2, 16, 25)}, '18': {'team': 'TB', 'date': datetime.datetime(2022, 1, 9, 16, 25)}}","['RB/WR', 'WR', 'WR/TE', 'RB/WR/TE', 'OP', 'BE', 'IR']",BE,1.0,1.0,,,,,,,,,,,,,,,,,3.0,,,,,,,,,,,,,,,,,,,,,,,,,,,,,,,,,,,,,,,,,,,,,,,,,,,,,,1.0,,,,,,,,,,,,,,,,,,,,,,,,,,,,,,,,,,,,,,,,,,,,,,,,,,,,,,,,,,,,,,,,,,,,,,,,,,,,,,,,,,,,,,,,,,,,,,,,,,,,,,,,,,,,,,,,,,,,,,,,,,,,,,,,,,,,,,,,,,,,,,,,,,,,,,,,,,,,,,,,,,,,,,,,2021,,,,,,,,,,,,,,,,,,,,,,,,,,,,,,,,,,,,,
103.0,6.87,95.68,5.98,,,,,,,,,,,,,,,,,56.0,55.33333333,4.0,161.0,77.0,36.0,26.0,10.0,6.0,76.0,386.0,14.82142857,,1.0,,,,,,9.0,6.0,26.0,,1.0,15.0,,,,,,,,,,,,,,,,,43.66417724,4.335072997,0.252300937,0.158414618,0.103523953,140.0,70.0,35.0,28.0,14.0,62.66324974,12.0,6.0,0.968179814,0.029943706,91.19429075,11.18989711,0.252300937,0.003352933,,0.762030301,0.762030301,,0.426736968,0.426736968,0.426736968,16.05882353,Dallas Goedert,PHI,DRAFT,8,3121023,10,Ambler Thighs,BE,"{'1': {'team': 'ATL', 'date': datetime.datetime(2021, 9, 12, 13, 0)}, '2': {'team': 'SF', 'date': datetime.datetime(2021, 9, 19, 13, 0)}, '3': {'team': 'DAL', 'date': datetime.datetime(2021, 9, 27, 20, 15)}, '4': {'team': 'KC', 'date': datetime.datetime(2021, 10, 3, 13, 0)}, '5': {'team': 'CAR', 'date': datetime.datetime(2021, 10, 10, 13, 0)}, '6': {'team': 'TB', 'date': datetime.datetime(2021, 10, 14, 20, 20)}, '7': {'team': 'LV', 'date': datetime.datetime(2021, 10, 24, 16, 5)}, '8': {'team': 'DET', 'date': datetime.datetime(2021, 10, 31, 13, 0)}, '9': {'team': 'LAC', 'date': datetime.datetime(2021, 11, 7, 16, 5)}, '10': {'team': 'DEN', 'date': datetime.datetime(2021, 11, 14, 16, 25)}, '11': {'team': 'NO', 'date': datetime.datetime(2021, 11, 21, 13, 0)}, '12': {'team': 'NYG', 'date': datetime.datetime(2021, 11, 28, 13, 0)}, '13': {'team': 'NYJ', 'date': datetime.datetime(2021, 12, 5, 13, 0)}, '15': {'team': 'WSH', 'date': datetime.datetime(2021, 12, 21, 19, 0)}, '16': {'team': 'NYG', 'date': datetime.datetime(2021, 12, 26, 13, 0)}, '17': {'team': 'WSH', 'date': datetime.datetime(2022, 1, 2, 13, 0)}, '18': {'team': 'DAL', 'date': datetime.datetime(2022, 1, 8, 20, 15)}}","['WR/TE', 'TE', 'RB/WR/TE', 'OP', 'BE', 'IR']",BE,,,2.0,2.0,1.0,,,,,,,,,,,,,,2.0,1.0,,,,,,,,,,,,,,,,,,,,,,,,,,,,,,,,,,,,,,,,,,,,,,,,,,,1.0,,,,,,,,,,,,,,,,,,,,,,,,,,,,,,,,,,,,,,,,,,,,,,,,,,,,,,,,,,,,,,,,,,,,,,,,,,,,,,,,,,,,,,,,,,,,,,,,,,,,,,,,,,,,,,,,,,,,,,,,,,,,,,,,,,,,,,,,,,,,,,,,,,,,,,,,,,,,,,,,,,,,,,,,,,2021,,,,,,,,,,,,,,,,,,,,,,,,,,,,,,,,,,,,,
168.0,12.0,272.94,17.06,37.0,9.57142857,1.0,22.0,8.0,1.0,1.0,,,2.0,,,,,,3.62162162,,0.78571429,,2.0,1.0,,,,,,11.0,,1.0,6.0,,3.0,16.0,,,6.0,8.0,108.0,1.0,,14.0,51.42912162,11.74620444,2.319315731,0.064612051,37.0,18.0,9.0,7.0,3.0,10.0,5.0,0.096955755,0.067869029,0.090682762,0.003094655,3.667770678,,,,,,,,,,,,,,,,,,1.456891896,0.035034752,0.651957101,,7.962443603,0.299900266,,3.808933787,15.63355541,16.05882353,Baker Mayfield,CLE,DRAFT,26,3052587,10,Ambler Thighs,BE,"{'1': {'team': 'KC', 'date': datetime.datetime(2021, 9, 12, 16, 25)}, '2': {'team': 'HOU', 'date': datetime.datetime(2021, 9, 19, 13, 0)}, '3': {'team': 'CHI', 'date': datetime.datetime(2021, 9, 26, 13, 0)}, '4': {'team': 'MIN', 'date': datetime.datetime(2021, 10, 3, 13, 0)}, '5': {'team': 'LAC', 'date': datetime.datetime(2021, 10, 10, 16, 5)}, '6': {'team': 'ARI', 'date': datetime.datetime(2021, 10, 17, 16, 5)}, '7': {'team': 'DEN', 'date': datetime.datetime(2021, 10, 21, 20, 20)}, '8': {'team': 'PIT', 'date': datetime.datetime(2021, 10, 31, 13, 0)}, '9': {'team': 'CIN', 'date': datetime.datetime(2021, 11, 7, 13, 0)}, '10': {'team': 'NE', 'date': datetime.datetime(2021, 11, 14, 13, 0)}, '11': {'team': 'DET', 'date': datetime.datetime(2021, 11, 21, 13, 0)}, '12': {'team': 'BAL', 'date': datetime.datetime(2021, 11, 28, 20, 20)}, '14': {'team': 'BAL', 'date': datetime.datetime(2021, 12, 12, 13, 0)}, '15': {'team': 'LV', 'date': datetime.datetime(2021, 12, 20, 17, 0)}, '16': {'team': 'GB', 'date': datetime.datetime(2021, 12, 25, 16, 30)}, '17': {'team': 'PIT', 'date': datetime.datetime(2022, 1, 3, 20, 15)}, '18': {'team': 'CIN', 'date': datetime.datetime(2022, 1, 9, 13, 0)}}","['QB', 'OP', 'BE', 'IR']",BE,,,,,,,,,,,,,,,,,,,,,418.0,253.0,165.0,215.0,17.0,598.0,295.0,144.0,113.0,53.0,24.0,45.0,19.0,27.0,10.0,3.0,3.0,2.0,2.0,13.0,0.60526316,43.0,5.0,9.0,3.0,1.0,1.0,543.1064016,343.1936761,199.9127255,242.6843978,28.54098261,779.0,389.0,194.0,155.0,77.0,38.0,68.0,34.0,3.051705792,1.994289735,2.771645734,0.374376666,1.392279845,11.82462163,0.631908729,33.57555935,7.310486502,3.509033521,,,,,,,,,,,,,,,,,,,,,,,,,,,,,,,,,,,,,,,,,,,,,,,,,,,,,,,,,,,,,,,,,,,,,,,,,,,,,,,,,,,,,,,,,,,,,,,,,,,,,,,,,,,,,,,,,,,,,,,,,,,,,,,3.0,,,,,,,,,,,,,,,,,,,,,,,,,,,,,,,,,,,,,,,,,,,,2021,,,,,,,,,,,,,,,,,,,,,,,,,,,,,,,,,,,,,
245.0,14.41,236.63,15.78,57.0,12.64705882,1.0,37.0,15.0,4.0,1.0,,,3.0,,,,,,3.77192982,,,,,,,,,,,,,4.0,8.0,1.0,5.0,12.0,,,9.0,8.0,168.0,1.0,,17.0,59.28816761,16.63682537,3.100697344,0.092690159,50.0,25.0,12.0,10.0,5.0,11.0,5.0,0.112239668,0.078567768,0.16213108,0.005532912,4.242155969,,,,,,,,,,,,,,,,,,1.345929701,0.044107598,0.975104056,,10.02445419,0.448547866,,4.792235932,17.77900188,15.11764706,Carson Wentz,IND,DRAFT,13,2573079,10,Ambler Thighs,BE,"{'1': {'team': 'SEA', 'date': datetime.datetime(2021, 9, 12, 13, 0)}, '2': {'team': 'LAR', 'date': datetime.datetime(2021, 9, 19, 13, 0)}, '3': {'team': 'TEN', 'date': datetime.datetime(2021, 9, 26, 13, 0)}, '4': {'team': 'MIA', 'date': datetime.datetime(2021, 10, 3, 13, 0)}, '5': {'team': 'BAL', 'date': datetime.datetime(2021, 10, 11, 20, 15)}, '6': {'team': 'HOU', 'date': datetime.datetime(2021, 10, 17, 13, 0)}, '7': {'team': 'SF', 'date': datetime.datetime(2021, 10, 24, 20, 20)}, '8': {'team': 'TEN', 'date': datetime.datetime(2021, 10, 31, 13, 0)}, '9': {'team': 'NYJ', 'date': datetime.datetime(2021, 11, 4, 20, 20)}, '10': {'team': 'JAX', 'date': datetime.datetime(2021, 11, 14, 13, 0)}, '11': {'team': 'BUF', 'date': datetime.datetime(2021, 11, 21, 13, 0)}, '12': {'team': 'TB', 'date': datetime.datetime(2021, 11, 28, 13, 0)}, '13': {'team': 'HOU', 'date': datetime.datetime(2021, 12, 5, 13, 0)}, '15': {'team': 'NE', 'date': datetime.datetime(2021, 12, 18, 20, 15)}, '16': {'team': 'ARI', 'date': datetime.datetime(2021, 12, 25, 20, 15)}, '17': {'team': 'LV', 'date': datetime.datetime(2022, 1, 2, 13, 0)}, '18': {'team': 'JAX', 'date': datetime.datetime(2022, 1, 9, 13, 0)}}","['QB', 'OP', 'BE', 'IR']",BE,,,,,,,,,,,,,,,,,,,,,516.0,322.0,194.0,209.58823529,27.0,707.0,349.0,171.0,136.0,64.0,28.0,59.0,24.0,31.0,11.0,5.0,3.0,1.0,2.0,7.0,0.62403101,32.0,4.0,11.0,8.0,3.0,,510.3675449,322.9794112,187.3881337,234.4318783,21.15677305,708.0,354.0,177.0,141.0,70.0,35.0,64.0,32.0,2.570646296,1.679917354,2.047189976,0.276521688,1.253239543,12.98676595,0.632836893,39.85002879,9.049350139,4.343688067,,,,,,,,,,,,,,,,,,,,,,,,,,,,,,,,,,,,,,,,,,,,,,,,,,,,,,,,,,,,,,,,,,,,,,,,,,,,,,,,,,,,,,,,,,,,,,,,,,,,,,,,,,,,,,,,,,,,,,,,,,,,,,,4.0,,,,,,,1.0,,,,,,,,,,,,,,,,,,,,,,,,,,,,,,,,,,,,,2021,,,,,,,,,,,,,,,,,,,,,,,,,,,,,,,,,,,,,
71.0,4.44,103.46,6.47,,,,,,,,,,,,,,,,,82.0,43.3125,1.0,134.0,63.0,27.0,19.0,6.0,9.0,112.0,305.0,8.45121951,,1.0,,,,,,10.0,6.0,8.0,,,16.0,,,,,,,,,,,,,,,,,48.58722323,4.249655903,0.177664142,0.17960362,0.117370966,156.0,78.0,39.0,31.0,15.0,68.4203972,13.0,6.0,1.300630449,0.040225684,98.44197137,11.40381634,0.177664142,0.001599312,,0.363480028,0.363480028,,0.203548816,0.203548816,0.203548816,16.05882353,Cole Beasley,BUF,DRAFT,58,15349,10,Ambler Thighs,WR,"{'1': {'team': 'PIT', 'date': datetime.datetime(2021, 9, 12, 13, 0)}, '2': {'team': 'MIA', 'date': datetime.datetime(2021, 9, 19, 13, 0)}, '3': {'team': 'WSH', 'date': datetime.datetime(2021, 9, 26, 13, 0)}, '4': {'team': 'HOU', 'date': datetime.datetime(2021, 10, 3, 13, 0)}, '5': {'team': 'KC', 'date': datetime.datetime(2021, 10, 10, 20, 20)}, '6': {'team': 'TEN', 'date': datetime.datetime(2021, 10, 18, 20, 15)}, '8': {'team': 'MIA', 'date': datetime.datetime(2021, 10, 31, 13, 0)}, '9': {'team': 'JAX', 'date': datetime.datetime(2021, 11, 7, 13, 0)}, '10': {'team': 'NYJ', 'date': datetime.datetime(2021, 11, 14, 13, 0)}, '11': {'team': 'IND', 'date': datetime.datetime(2021, 11, 21, 13, 0)}, '12': {'team': 'NO', 'date': datetime.datetime(2021, 11, 25, 20, 20)}, '13': {'team': 'NE', 'date': datetime.datetime(2021, 12, 6, 20, 15)}, '14': {'team': 'TB', 'date': datetime.datetime(2021, 12, 12, 16, 25)}, '15': {'team': 'CAR', 'date': datetime.datetime(2021, 12, 19, 13, 0)}, '16': {'team': 'NE', 'date': datetime.datetime(2021, 12, 26, 13, 0)}, '17': {'team': 'ATL', 'date': datetime.datetime(2022, 1, 2, 13, 0)}, '18': {'team': 'NYJ', 'date': datetime.datetime(2022, 1, 9, 16, 25)}}","['RB/WR', 'WR', 'WR/TE', 'RB/WR/TE', 'OP', 'BE', 'IR']",WR,,,1.0,1.0,1.0,,,,,,,,,,,,,2.0,,1.0,1.0,,1.0,,,,,,,,,,,,,,,,,,,,,,,,,,,,,,,,,,,,,,,,,,,,,,,,1.0,,,,,,,,,,,,,,,,,,,,,,,,,,,,,,,,,,,,,,,,,,,,,,,,,,,,,,,,,,,,,,,,,,,,,,,,,,,,,,,,,,,,,,,,,,,,,,,,,,,,,,,,,,,,,,,,,,,,,,,,,,,,,,,,,,,,,,,,,,,,,,,,,,,,,,,,,,,,,,,,,,,,,,,,,,2021,,,,,,,,,,,,,,,,,,,,,,,,,,,,,,,,,,,,,
123.0,7.24,127.72,7.51,,,,,,,,,,,,,,,,,,,,,,,,,,,,,,,,,,2.0,3.0,7.0,10.0,111.0,,,17.0,,,,,,,,,,,,,,,,,,,,,,,,,,,,,,,,,,,,,,,,,,,17.0,Younghoe Koo,ATL,DRAFT,18,3049899,10,Ambler Thighs,K,"{'1': {'team': 'PHI', 'date': datetime.datetime(2021, 9, 12, 13, 0)}, '2': {'team': 'TB', 'date': datetime.datetime(2021, 9, 19, 16, 5)}, '3': {'team': 'NYG', 'date': datetime.datetime(2021, 9, 26, 13, 0)}, '4': {'team': 'WSH', 'date': datetime.datetime(2021, 10, 3, 13, 0)}, '5': {'team': 'NYJ', 'date': datetime.datetime(2021, 10, 10, 9, 30)}, '7': {'team': 'MIA', 'date': datetime.datetime(2021, 10, 24, 13, 0)}, '8': {'team': 'CAR', 'date': datetime.datetime(2021, 10, 31, 13, 0)}, '9': {'team': 'NO', 'date': datetime.datetime(2021, 11, 7, 13, 0)}, '10': {'team': 'DAL', 'date': datetime.datetime(2021, 11, 14, 13, 0)}, '11': {'team': 'NE', 'date': datetime.datetime(2021, 11, 18, 20, 20)}, '12': {'team': 'JAX', 'date': datetime.datetime(2021, 11, 28, 13, 0)}, '13': {'team': 'TB', 'date': datetime.datetime(2021, 12, 5, 13, 0)}, '14': {'team': 'CAR', 'date': datetime.datetime(2021, 12, 12, 13, 0)}, '15': {'team': 'SF', 'date': datetime.datetime(2021, 12, 19, 16, 5)}, '16': {'team': 'DET', 'date': datetime.datetime(2021, 12, 26, 13, 0)}, '17': {'team': 'BUF', 'date': datetime.datetime(2022, 1, 2, 13, 0)}, '18': {'team': 'NO', 'date': datetime.datetime(2022, 1, 9, 16, 25)}}","['K', 'BE', 'IR']",K,,,,,,,,,,,,,,,,,,,,,,,,,,,,,,,,,,,,,,,,,,,,,,,,,,,,,,,,,,,,,,,,,,,,,,,,,,1.0,,,,4.0,5.0,6.0,7.0,1.0,17.0,17.0,,27.0,29.0,2.0,30.0,30.0,,4.0,5.0,3.143141086,4.620250207,1.47710912,7.63704898,9.572675265,1.935626285,15.70224539,16.0047883,0.302542907,26.48243546,30.19771377,3.715278313,38.06029365,38.7857135,0.725419849,3.143141086,4.620250207,1.47710912,,,,,,,,,,,,,,,,,,,,,,,,,,,,,,,,,,,,,,,,,,,,,,,,,,,,,,,,,,,,,,,,,,,,,,,,,,,,,,,,,,,,,,,1.0,1.0,,,,,,,,,2.0,70.0,,,35.0,,,,,,,,,,,1.0,,,,,,,,,,,,,,,,,,2021,,,,,,,,,,,,,,,,,,,,,,,,,,,,,,,,,,,,,
163.0,10.19,126.38,7.9,,,,,,,,,,,,,,,,,76.0,71.625,9.0,222.0,107.0,49.0,37.0,15.0,8.0,129.0,415.0,15.07894737,,,,,,,,9.0,7.0,56.0,,,16.0,,,,,,,,,,,,,,,,,56.51105471,6.044914009,0.297838893,0.267034282,0.174506903,181.0,90.0,45.0,36.0,18.0,59.93148021,11.0,5.0,1.952229551,0.060378234,103.6920112,15.14231005,0.297838893,0.00196124,,0.445736298,0.445736298,,0.249612327,0.249612327,0.249612327,16.05882353,Mike Williams,LAC,ADD,9,3045138,10,Ambler Thighs,WR,"{'1': {'team': 'WSH', 'date': datetime.datetime(2021, 9, 12, 13, 0)}, '2': {'team': 'DAL', 'date': datetime.datetime(2021, 9, 19, 16, 25)}, '3': {'team': 'KC', 'date': datetime.datetime(2021, 9, 26, 13, 0)}, '4': {'team': 'LV', 'date': datetime.datetime(2021, 10, 4, 20, 15)}, '5': {'team': 'CLE', 'date': datetime.datetime(2021, 10, 10, 16, 5)}, '6': {'team': 'BAL', 'date': datetime.datetime(2021, 10, 17, 13, 0)}, '8': {'team': 'NE', 'date': datetime.datetime(2021, 10, 31, 16, 5)}, '9': {'team': 'PHI', 'date': datetime.datetime(2021, 11, 7, 16, 5)}, '10': {'team': 'MIN', 'date': datetime.datetime(2021, 11, 14, 16, 5)}, '11': {'team': 'PIT', 'date': datetime.datetime(2021, 11, 21, 20, 20)}, '12': {'team': 'DEN', 'date': datetime.datetime(2021, 11, 28, 16, 5)}, '13': {'team': 'CIN', 'date': datetime.datetime(2021, 12, 5, 13, 0)}, '14': {'team': 'NYG', 'date': datetime.datetime(2021, 12, 12, 16, 5)}, '15': {'team': 'KC', 'date': datetime.datetime(2021, 12, 16, 20, 20)}, '16': {'team': 'HOU', 'date': datetime.datetime(2021, 12, 26, 13, 0)}, '17': {'team': 'DEN', 'date': datetime.datetime(2022, 1, 2, 16, 5)}, '18': {'team': 'LV', 'date': datetime.datetime(2022, 1, 9, 20, 20)}}","['RB/WR', 'WR', 'WR/TE', 'RB/WR/TE', 'OP', 'BE', 'IR']",WR,4.0,2.0,4.0,4.0,,,,,,,,,,,,,,,2.0,1.0,,,,,,,,,,,,,,,,,,,,,,,,,,,,,,,,,,,,,,,,,,,,,,,,,,,1.0,,2.0,,,,,,,,,,,,,,,,,,,,,,,,,,,,,,,,,,,,,,,,,,,,,,,,,,,,,,,,,,,,,,,,,,,,,,,,,,,,,,,,,,,,,,,,,,,,,,,,,,,,,,,,,,,,,,,,,,,,,,,,,,,,,,,,,,,,,,,,,,,,,,,,,,,,,,,,,,,,,,,,,,,,,,,,2021,,,,,,,,,,,,,,,,,,,,,,,,,,,,,,,,,,,,,
40.0,5.0,0.0,0.0,79.0,36.75,2.0,58.0,27.0,12.0,10.0,4.0,1.0,13.0,6.0,,,1.0,,3.72151899,7.0,3.875,,4.0,1.0,,,,,8.0,43.0,4.42857143,1.0,1.0,,,,1.0,1.0,7.0,1.0,12.0,2.0,,8.0,,,,,,,,,,,,,,,,,,,,,,,,,,,,,,,,,,,,,,,,,,,,Jeff Wilson Jr.,SF,ADD,69,3122976,10,Ambler Thighs,RB,"{'1': {'team': 'DET', 'date': datetime.datetime(2021, 9, 12, 13, 0)}, '2': {'team': 'PHI', 'date': datetime.datetime(2021, 9, 19, 13, 0)}, '3': {'team': 'GB', 'date': datetime.datetime(2021, 9, 26, 20, 20)}, '4': {'team': 'SEA', 'date': datetime.datetime(2021, 10, 3, 16, 5)}, '5': {'team': 'ARI', 'date': datetime.datetime(2021, 10, 10, 16, 25)}, '7': {'team': 'IND', 'date': datetime.datetime(2021, 10, 24, 20, 20)}, '8': {'team': 'CHI', 'date': datetime.datetime(2021, 10, 31, 13, 0)}, '9': {'team': 'ARI', 'date': datetime.datetime(2021, 11, 7, 16, 25)}, '10': {'team': 'LAR', 'date': datetime.datetime(2021, 11, 15, 20, 15)}, '11': {'team': 'JAX', 'date': datetime.datetime(2021, 11, 21, 13, 0)}, '12': {'team': 'MIN', 'date': datetime.datetime(2021, 11, 28, 16, 25)}, '13': {'team': 'SEA', 'date': datetime.datetime(2021, 12, 5, 16, 25)}, '14': {'team': 'CIN', 'date': datetime.datetime(2021, 12, 12, 16, 25)}, '15': {'team': 'ATL', 'date': datetime.datetime(2021, 12, 19, 16, 5)}, '16': {'team': 'TEN', 'date': datetime.datetime(2021, 12, 23, 20, 20)}, '17': {'team': 'HOU', 'date': datetime.datetime(2022, 1, 2, 16, 5)}, '18': {'team': 'LAR', 'date': datetime.datetime(2022, 1, 9, 16, 25)}}","['RB', 'RB/WR', 'RB/WR/TE', 'OP', 'BE', 'IR']",RB,,,,,,,,,,,,,,,,,,,,,,,,,,,,,,,,,,,,,,,,,,,,,,,,,,,,,,,,,,,,,,,,,,,,,,,,,,,,,,,,,,,,,,,,,,,,,,,,,,,,,,,,,,,,,,,,,,,,,,,,,,,,,,,,,,,,,,,,,,,,,,,,,,,,,,,,,,,,,,,,,,,,,,,,,,,,,,,,,,,,,,,,,,,,,,,,,,,,,,,,,,,,,,,,,,,,,,,,,,,,,,,,,,,,,,,,,,,,,,,,,2021,,,,,,,,,,,,,,,,,,,,,,,,,,,,,,,,,,,,,
34.0,3.09,2.96,0.19,,,,,,,,,,,,,,,,,30.0,24.63636364,2.0,50.0,22.0,8.0,7.0,2.0,2.0,49.0,157.0,9.03333333,,,,,,,,3.0,8.0,12.0,,1.0,11.0,,,,,,,,,,,,,,,,,1.380697419,0.161560383,0.010040593,0.140584605,0.091872039,4.0,2.0,1.0,,,1.818244322,,,0.012487801,0.000386221,2.964818685,12.1943877,0.010040593,0.00010028,,0.022791014,0.022791014,,0.012762968,0.012762968,0.012762968,16.05882353,Ricky Seals-Jones,WSH,ADD,34,3051806,10,Ambler Thighs,TE,"{'1': {'team': 'LAC', 'date': datetime.datetime(2021, 9, 12, 13, 0)}, '2': {'team': 'NYG', 'date': datetime.datetime(2021, 9, 16, 20, 20)}, '3': {'team': 'BUF', 'date': datetime.datetime(2021, 9, 26, 13, 0)}, '4': {'team': 'ATL', 'date': datetime.datetime(2021, 10, 3, 13, 0)}, '5': {'team': 'NO', 'date': datetime.datetime(2021, 10, 10, 13, 0)}, '6': {'team': 'KC', 'date': datetime.datetime(2021, 10, 17, 13, 0)}, '7': {'team': 'GB', 'date': datetime.datetime(2021, 10, 24, 13, 0)}, '8': {'team': 'DEN', 'date': datetime.datetime(2021, 10, 31, 16, 25)}, '10': {'team': 'TB', 'date': datetime.datetime(2021, 11, 14, 13, 0)}, '11': {'team': 'CAR', 'date': datetime.datetime(2021, 11, 21, 13, 0)}, '12': {'team': 'SEA', 'date': datetime.datetime(2021, 11, 29, 20, 15)}, '13': {'team': 'LV', 'date': datetime.datetime(2021, 12, 5, 16, 5)}, '14': {'team': 'DAL', 'date': datetime.datetime(2021, 12, 12, 13, 0)}, '15': {'team': 'PHI', 'date': datetime.datetime(2021, 12, 21, 19, 0)}, '16': {'team': 'DAL', 'date': datetime.datetime(2021, 12, 26, 20, 20)}, '17': {'team': 'PHI', 'date': datetime.datetime(2022, 1, 2, 13, 0)}, '18': {'team': 'NYG', 'date': datetime.datetime(2022, 1, 9, 13, 0)}}","['WR/TE', 'TE', 'RB/WR/TE', 'OP', 'BE', 'IR']",TE,,,,,,,,,,,,,,,,,,,,,,,,,,,,,,,,,,,,,,,,,,,,,,,,,,,,,,,,,,,,,,,,,,,,,,,,,1.0,,,,,,,,,,,,,,,,,,,,,,,,,,,,,,,,,,,,,,,,,,,,,,,,,,,,,,,,,,,,,,,,,,,,,,,,,,,,,,,,,,,,,,,,,,,,,,,,,,,,,,,,,,,,,,,,,,,,,,,,,,,,,,,,,,,,,,,,,,,,,,,,,,,,,,,,,,,,,,,,,,,,,,,,2021,,,,,,,,,,,,,,,,,,,,,,,,,,,,,,,,,,,,,
103.0,6.06,98.57,5.8,,,,,,,,,,,,,,,,,,,,,,,,,,,,,,,,,,710.0,1055.0,12.0,5.0,,,,17.0,,,,,,,,,,,,,,,,,,,,,,,,,,,,,,,,,,,,,,,,,,,17.0,Titans D/ST,TEN,ADD,12,-16010,10,Ambler Thighs,D/ST,"{'1': {'team': 'ARI', 'date': datetime.datetime(2021, 9, 12, 13, 0)}, '2': {'team': 'SEA', 'date': datetime.datetime(2021, 9, 19, 16, 25)}, '3': {'team': 'IND', 'date': datetime.datetime(2021, 9, 26, 13, 0)}, '4': {'team': 'NYJ', 'date': datetime.datetime(2021, 10, 3, 13, 0)}, '5': {'team': 'JAX', 'date': datetime.datetime(2021, 10, 10, 13, 0)}, '6': {'team': 'BUF', 'date': datetime.datetime(2021, 10, 18, 20, 15)}, '7': {'team': 'KC', 'date': datetime.datetime(2021, 10, 24, 13, 0)}, '8': {'team': 'IND', 'date': datetime.datetime(2021, 10, 31, 13, 0)}, '9': {'team': 'LAR', 'date': datetime.datetime(2021, 11, 7, 20, 20)}, '10': {'team': 'NO', 'date': datetime.datetime(2021, 11, 14, 13, 0)}, '11': {'team': 'HOU', 'date': datetime.datetime(2021, 11, 21, 13, 0)}, '12': {'team': 'NE', 'date': datetime.datetime(2021, 11, 28, 13, 0)}, '14': {'team': 'JAX', 'date': datetime.datetime(2021, 12, 12, 13, 0)}, '15': {'team': 'PIT', 'date': datetime.datetime(2021, 12, 19, 13, 0)}, '16': {'team': 'SF', 'date': datetime.datetime(2021, 12, 23, 20, 20)}, '17': {'team': 'MIA', 'date': datetime.datetime(2022, 1, 2, 13, 0)}, '18': {'team': 'HOU', 'date': datetime.datetime(2022, 1, 9, 13, 0)}}","['D/ST', 'BE', 'IR']",D/ST,,,,,,,778.0,72.0,26.0,0.22046,0.23736,680.104,211.56,68.0,27.0,21.0,8.0,,,,,,,,,,,,,,,,,,,,,,,,,,,,,,,,,,,,,,,,,,,,,,,,,,,,,,,,,345.0,,,13.0,,,,,,,,,,,,,,,,,,,,,,,,,,,,,,,,,,,6.0,1.0,2.0,0.0,3.0,3.0,16.0,,,43.0,86.0,,,2.0,3.0,348.0,204.0,60.0,83.0,293.0,25.0,5.0,354.0,3.0,3.0,3.0,2.0,5607.0,0.0,3.0,2.0,3.0,6.0,2.0,1.0,0.0,0.0,1.0,2.0,0.0,3.0,3.0,3.0,3.0,2.0,0.160633937,0.722427757,2.685731427,2.651734827,0.039476168,1.591178882,14.90917899,8.547265394,0.931763256,0.54561961,43.3688203,86.73764059,1.004559264,0.586619618,2.08847505,13.14963907,994.2018077,331.0,198.0,91.88895468,387.4310058,2.464753525,3.799120088,2.898210179,1.436356364,0.181031897,22.79005917,6235.057856,0.27175542,2.717554201,3.295034469,4.195224298,3.447896893,2.038165651,0.798281547,0.236087521,366.7681092,-387.4310058,,,,,,,,,1.0,,,,,,,,,,,,,,,,,,,,,,,,,,,,,,,,,,,,,,2021,,,,,,,,,,,,,,,,,,,,,,,,,,,,,,,,,,,,,
214.0,13.38,209.91,13.99,,,,,,,,,,,,,,,,,123.0,97.0625,11.0,304.0,148.0,70.0,55.0,24.0,20.0,169.0,604.0,12.62601626,,,,,,1.0,1.0,12.0,4.0,66.0,,1.0,16.0,,,,,,,,,,,,,,,,,88.76011754,12.67613726,0.526729605,0.221545632,0.144780071,268.0,134.0,67.0,53.0,26.0,112.8292566,22.0,11.0,4.971708118,0.153764169,160.7681092,11.89269671,0.526729605,0.004846911,,1.101570707,1.101570707,,0.616879596,0.616879596,0.616879596,15.11764706,Davante Adams,GB,DRAFT,3,16800,11,Gerald Pea's Football Team,WR,"{'1': {'team': 'NO', 'date': datetime.datetime(2021, 9, 12, 16, 25)}, '2': {'team': 'DET', 'date': datetime.datetime(2021, 9, 20, 20, 15)}, '3': {'team': 'SF', 'date': datetime.datetime(2021, 9, 26, 20, 20)}, '4': {'team': 'PIT', 'date': datetime.datetime(2021, 10, 3, 16, 25)}, '5': {'team': 'CIN', 'date': datetime.datetime(2021, 10, 10, 13, 0)}, '6': {'team': 'CHI', 'date': datetime.datetime(2021, 10, 17, 13, 0)}, '7': {'team': 'WSH', 'date': datetime.datetime(2021, 10, 24, 13, 0)}, '8': {'team': 'ARI', 'date': datetime.datetime(2021, 10, 28, 20, 20)}, '9': {'team': 'KC', 'date': datetime.datetime(2021, 11, 7, 16, 25)}, '10': {'team': 'SEA', 'date': datetime.datetime(2021, 11, 14, 16, 25)}, '11': {'team': 'MIN', 'date': datetime.datetime(2021, 11, 21, 13, 0)}, '12': {'team': 'LAR', 'date': datetime.datetime(2021, 11, 28, 16, 25)}, '14': {'team': 'CHI', 'date': datetime.datetime(2021, 12, 12, 20, 20)}, '15': {'team': 'BAL', 'date': datetime.datetime(2021, 12, 19, 16, 25)}, '16': {'team': 'CLE', 'date': datetime.datetime(2021, 12, 25, 16, 30)}, '17': {'team': 'MIN', 'date': datetime.datetime(2022, 1, 2, 20, 20)}, '18': {'team': 'DET', 'date': datetime.datetime(2022, 1, 9, 13, 0)}}","['RB/WR', 'WR', 'WR/TE', 'RB/WR/TE', 'OP', 'BE', 'IR']",WR,,,9.0,7.0,,,,,,,,,,,,,,5.0,6.0,,,,,,,,,,,,,,,,,,,,,,,,,,,,,,,,,,,,,,,,,,,,,,,,,,,,,,4.0,,,,,,,,,,,,,,,,,,,,,,,,,,,,,,,,,,,,,,,,,,,,,,,,,,,,,,,,,,,,,,,,,,,,,,,,,,,,,,,,,,,,,,,,,,,,,,,,,,,,,,,,,,,,,,,,,,,,,,,,,,1.0,,,,,,,,,,,,,,,,,,,,,,,,,,,,,,,,,,,,,,,,,,,,,,2021,,,,,,,,,,,,,,,,,,,,,,,,,,,,,,,,,,,,,
211.0,12.41,205.66,13.71,307.0,70.58823529,7.0,233.0,113.0,53.0,38.0,14.0,3.0,55.0,24.0,,,3.0,,3.90879479,74.0,27.47058824,3.0,86.0,38.0,16.0,11.0,2.0,8.0,94.0,499.0,6.31081081,,,,,,3.0,3.0,9.0,7.0,60.0,5.0,,17.0,259.4782492,73.90298816,8.177354052,0.340263264,223.0,111.0,55.0,44.0,22.0,51.0,25.0,0.543277557,0.38029429,3.236636616,0.11045399,4.305714622,24.58963952,1.683402817,0.079265883,0.045605261,0.029803038,74.0,37.0,18.0,14.0,7.0,49.09962687,9.0,4.0,0.188889439,0.005841941,65.22898807,7.571085877,0.419529147,0.011136159,2.128231683,0.402713452,2.530945136,0.978986574,0.225519533,1.204506108,1.204506108,15.11764706,Najee Harris,PIT,DRAFT,4,4241457,11,Gerald Pea's Football Team,RB,"{'1': {'team': 'BUF', 'date': datetime.datetime(2021, 9, 12, 13, 0)}, '2': {'team': 'LV', 'date': datetime.datetime(2021, 9, 19, 13, 0)}, '3': {'team': 'CIN', 'date': datetime.datetime(2021, 9, 26, 13, 0)}, '4': {'team': 'GB', 'date': datetime.datetime(2021, 10, 3, 16, 25)}, '5': {'team': 'DEN', 'date': datetime.datetime(2021, 10, 10, 13, 0)}, '6': {'team': 'SEA', 'date': datetime.datetime(2021, 10, 17, 20, 20)}, '8': {'team': 'CLE', 'date': datetime.datetime(2021, 10, 31, 13, 0)}, '9': {'team': 'CHI', 'date': datetime.datetime(2021, 11, 8, 20, 15)}, '10': {'team': 'DET', 'date': datetime.datetime(2021, 11, 14, 13, 0)}, '11': {'team': 'LAC', 'date': datetime.datetime(2021, 11, 21, 20, 20)}, '12': {'team': 'CIN', 'date': datetime.datetime(2021, 11, 28, 13, 0)}, '13': {'team': 'BAL', 'date': datetime.datetime(2021, 12, 5, 16, 25)}, '14': {'team': 'MIN', 'date': datetime.datetime(2021, 12, 9, 20, 20)}, '15': {'team': 'TEN', 'date': datetime.datetime(2021, 12, 19, 13, 0)}, '16': {'team': 'KC', 'date': datetime.datetime(2021, 12, 26, 16, 25)}, '17': {'team': 'CLE', 'date': datetime.datetime(2022, 1, 3, 20, 15)}, '18': {'team': 'BAL', 'date': datetime.datetime(2022, 1, 9, 13, 0)}}","['Rookie', 'RB', 'RB/WR', 'RB/WR/TE', 'OP', 'BE', 'IR']",RB,,,1.0,1.0,,,,,,,,,,,,,,1.0,2.0,1.0,,,,,,,,,,,,,,,,,,,,,,,,,,,,,,,,,,,,,,,,,,,,,,,,,,,,,,,1.0,,,,,,,,,,,,,,,,,,,,,,,,,,,,,,,,,,,,,,,,,,,,,,,,,,,,,,,,,,,,,,,,,,,,,,,,,,,,,,,,,,,,,,,,,,,,,,,,,,,,,,,,,,,,,,,,,,,,,,,,,1.0,,,,,,,,,,,,,,,,,,,,,,,,,,,,,,,,,,,,,,,,,,,,,2021,,,,,,,,,,,,,,,,,,,,,,,,,,,,,,,,,,,,,
234.0,14.62,190.26,13.59,292.0,75.3125,13.0,233.0,112.0,52.0,40.0,17.0,3.0,51.0,21.0,,,3.0,,4.12671233,42.0,19.625,3.0,59.0,28.0,12.0,8.0,3.0,4.0,48.0,318.0,7.47619048,1.0,2.0,1.0,1.0,1.0,,1.0,10.0,6.0,96.0,9.0,,16.0,261.841736,73.97508388,7.158294452,0.214827873,209.0,104.0,52.0,41.0,20.0,52.0,26.0,0.548814863,0.384170404,2.848544132,0.097209882,4.005112466,24.58652713,1.78232946,0.069315566,0.046230461,0.030211606,69.0,34.0,17.0,13.0,6.0,48.41364851,9.0,4.0,0.165505938,0.00511874,60.96854482,7.19941978,0.284143439,0.009289385,1.781778905,0.329444874,2.111223779,0.819618296,0.184489129,1.004107426,1.004107426,14.17647059,Joe Mixon,CIN,DRAFT,3,3116385,11,Gerald Pea's Football Team,RB,"{'1': {'team': 'MIN', 'date': datetime.datetime(2021, 9, 12, 13, 0)}, '2': {'team': 'CHI', 'date': datetime.datetime(2021, 9, 19, 13, 0)}, '3': {'team': 'PIT', 'date': datetime.datetime(2021, 9, 26, 13, 0)}, '4': {'team': 'JAX', 'date': datetime.datetime(2021, 9, 30, 20, 20)}, '5': {'team': 'GB', 'date': datetime.datetime(2021, 10, 10, 13, 0)}, '6': {'team': 'DET', 'date': datetime.datetime(2021, 10, 17, 13, 0)}, '7': {'team': 'BAL', 'date': datetime.datetime(2021, 10, 24, 13, 0)}, '8': {'team': 'NYJ', 'date': datetime.datetime(2021, 10, 31, 13, 0)}, '9': {'team': 'CLE', 'date': datetime.datetime(2021, 11, 7, 13, 0)}, '11': {'team': 'LV', 'date': datetime.datetime(2021, 11, 21, 16, 5)}, '12': {'team': 'PIT', 'date': datetime.datetime(2021, 11, 28, 13, 0)}, '13': {'team': 'LAC', 'date': datetime.datetime(2021, 12, 5, 13, 0)}, '14': {'team': 'SF', 'date': datetime.datetime(2021, 12, 12, 16, 25)}, '15': {'team': 'DEN', 'date': datetime.datetime(2021, 12, 19, 16, 5)}, '16': {'team': 'BAL', 'date': datetime.datetime(2021, 12, 26, 13, 0)}, '17': {'team': 'KC', 'date': datetime.datetime(2022, 1, 2, 13, 0)}, '18': {'team': 'CLE', 'date': datetime.datetime(2022, 1, 9, 13, 0)}}","['RB', 'RB/WR', 'RB/WR/TE', 'OP', 'BE', 'IR']",RB,1.0,,,,1.0,,,,,,,,,,,,,,2.0,,,,,,,,,,,,,,,,,,,,,,,,,,,,,,,,,,,,,,,,,,,,,,,,,,,,,,,1.0,2.0,2.0,,,,,,,,,,,,,,,,,,,,,,,,,,,,,,,,,,,,,,,,,,,,,,,,,,,,,,,,,,,,,,,,,,,,,,,,,,,,,,,,,,,,,,,,,,,,,,,,,,,,,,,,,,,,,,,,,,,,,,,,,,,,,,,,,,,,,,,,,,,,,,,,,,,,,,,,,,,,,,,,,,,,,2021,,,,,,,,,,,,,,,,,,,,,,,,,,,,,,,,,,,,,
185.0,10.88,130.75,8.17,1.0,,,,,,,,,,,,,,,,107.0,80.05882353,9.0,266.0,127.0,61.0,45.0,19.0,16.0,154.0,458.0,12.71962617,,1.0,,,,6.0,7.0,8.0,9.0,58.0,,,17.0,,,,,,,,,,,,,,,,,51.92723841,8.061012731,0.409982192,0.153119808,0.100063794,166.0,83.0,41.0,33.0,16.0,69.89481025,13.0,6.0,1.557163755,0.048159704,109.3226564,11.93064771,0.409982192,0.005790605,,1.316046482,1.316046482,,0.73698603,0.73698603,0.73698603,16.05882353,Mark Andrews,BAL,DRAFT,1,3116365,11,Gerald Pea's Football Team,TE,"{'1': {'team': 'LV', 'date': datetime.datetime(2021, 9, 13, 20, 15)}, '2': {'team': 'KC', 'date': datetime.datetime(2021, 9, 19, 20, 20)}, '3': {'team': 'DET', 'date': datetime.datetime(2021, 9, 26, 13, 0)}, '4': {'team': 'DEN', 'date': datetime.datetime(2021, 10, 3, 16, 25)}, '5': {'team': 'IND', 'date': datetime.datetime(2021, 10, 11, 20, 15)}, '6': {'team': 'LAC', 'date': datetime.datetime(2021, 10, 17, 13, 0)}, '7': {'team': 'CIN', 'date': datetime.datetime(2021, 10, 24, 13, 0)}, '9': {'team': 'MIN', 'date': datetime.datetime(2021, 11, 7, 13, 0)}, '10': {'team': 'MIA', 'date': datetime.datetime(2021, 11, 11, 20, 20)}, '11': {'team': 'CHI', 'date': datetime.datetime(2021, 11, 21, 13, 0)}, '12': {'team': 'CLE', 'date': datetime.datetime(2021, 11, 28, 20, 20)}, '13': {'team': 'PIT', 'date': datetime.datetime(2021, 12, 5, 16, 25)}, '14': {'team': 'CLE', 'date': datetime.datetime(2021, 12, 12, 13, 0)}, '15': {'team': 'GB', 'date': datetime.datetime(2021, 12, 19, 16, 25)}, '16': {'team': 'CIN', 'date': datetime.datetime(2021, 12, 26, 13, 0)}, '17': {'team': 'LAR', 'date': datetime.datetime(2022, 1, 2, 13, 0)}, '18': {'team': 'PIT', 'date': datetime.datetime(2022, 1, 9, 13, 0)}}","['WR/TE', 'TE', 'RB/WR/TE', 'OP', 'BE', 'IR']",TE,,,5.0,5.0,1.0,,,,,,,,,,,,,3.0,7.0,,,,,,,,,,,,,,,,,,,,,,,,,,,,,,,,,,,,,,,,,,,,,,,,,,,,2.0,,2.0,1.0,,,,,,,,,,,,,,,,,,,,,,,,,,,,,,,,,,,,,,,,,,,,,,,,,,,,,1.0,,,,,,,,,,,,,,,,,,,,,,,,,,,,,,,,,,,,,,,,,,,,,,,,,,,,,,,,,,,,,,,,,,,,,,,,,,,,,,,,,,,,,,,,,,,,,,,,,,,,,,,,,,,,,,,,,,2021,,,,,,,,,,,,,,,,,,,,,,,,,,,,,,,,,,,,,
139.0,8.18,131.16,7.72,,,,,,,,,,,,,,,,,,,,,,,,,,,,,,,,,,1.0,1.0,11.0,6.0,135.0,,,17.0,,,,,,,,,,,,,,,,,,,,,,,,,,,,,,,,,,,,,,,,,,,17.0,Tyler Bass,BUF,DRAFT,11,3917232,11,Gerald Pea's Football Team,BE,"{'1': {'team': 'PIT', 'date': datetime.datetime(2021, 9, 12, 13, 0)}, '2': {'team': 'MIA', 'date': datetime.datetime(2021, 9, 19, 13, 0)}, '3': {'team': 'WSH', 'date': datetime.datetime(2021, 9, 26, 13, 0)}, '4': {'team': 'HOU', 'date': datetime.datetime(2021, 10, 3, 13, 0)}, '5': {'team': 'KC', 'date': datetime.datetime(2021, 10, 10, 20, 20)}, '6': {'team': 'TEN', 'date': datetime.datetime(2021, 10, 18, 20, 15)}, '8': {'team': 'MIA', 'date': datetime.datetime(2021, 10, 31, 13, 0)}, '9': {'team': 'JAX', 'date': datetime.datetime(2021, 11, 7, 13, 0)}, '10': {'team': 'NYJ', 'date': datetime.datetime(2021, 11, 14, 13, 0)}, '11': {'team': 'IND', 'date': datetime.datetime(2021, 11, 21, 13, 0)}, '12': {'team': 'NO', 'date': datetime.datetime(2021, 11, 25, 20, 20)}, '13': {'team': 'NE', 'date': datetime.datetime(2021, 12, 6, 20, 15)}, '14': {'team': 'TB', 'date': datetime.datetime(2021, 12, 12, 16, 25)}, '15': {'team': 'CAR', 'date': datetime.datetime(2021, 12, 19, 13, 0)}, '16': {'team': 'NE', 'date': datetime.datetime(2021, 12, 26, 13, 0)}, '17': {'team': 'ATL', 'date': datetime.datetime(2022, 1, 2, 13, 0)}, '18': {'team': 'NYJ', 'date': datetime.datetime(2022, 1, 9, 16, 25)}}","['K', 'BE', 'IR']",BE,,,,,,,,,,,,,,,,,,,,,,,,,,,,,,,,,,,,,,,,,,,,,,,,,,,,,,,,,,,,,,,,,,,,,,,,,,,,,,2.0,4.0,4.0,5.0,1.0,22.0,23.0,1.0,28.0,32.0,4.0,51.0,51.0,,2.0,4.0,3.070729198,4.872797248,1.802068051,7.548501119,10.09592633,2.547425206,15.71455754,16.87962446,1.165066917,26.33378785,31.84834803,5.514560174,43.98194452,47.23258996,3.250645442,3.070729198,4.872797248,1.802068051,,,,,,,,,,,,,,,,,,,,,,,,,,,,,,,,,,,,,,,,,,,,,,,,,,,,,,,,,,,,,,,,,,,,,,,,,,,,,,,,,,,,,,,2.0,2.0,,,,,,,,,,,,,,,,,,,,,,,,,,,,,,,,,,,,,,,,,,2021,,,,,,,,,,,,,,,,,,,,,,,,,,,,,,,,,,,,,
302.0,18.88,281.57,17.6,40.0,7.375,2.0,20.0,8.0,2.0,1.0,,,4.0,,,,,,2.95,,,,,,,,,,,,,1.0,5.0,,2.0,16.0,2.0,2.0,10.0,6.0,216.0,2.0,,16.0,58.08928248,15.32076941,3.643048435,0.109359064,49.0,24.0,12.0,9.0,4.0,11.0,5.0,0.109899014,0.07692931,0.154761279,0.005281409,4.235437618,,,,,,,,,,,,,,,,,,1.065421773,0.04977426,0.942290316,,11.31233175,0.433453545,,5.411073432,16.0916339,16.05882353,Joe Burrow,CIN,ADD,8,3915511,11,Gerald Pea's Football Team,QB,"{'1': {'team': 'MIN', 'date': datetime.datetime(2021, 9, 12, 13, 0)}, '2': {'team': 'CHI', 'date': datetime.datetime(2021, 9, 19, 13, 0)}, '3': {'team': 'PIT', 'date': datetime.datetime(2021, 9, 26, 13, 0)}, '4': {'team': 'JAX', 'date': datetime.datetime(2021, 9, 30, 20, 20)}, '5': {'team': 'GB', 'date': datetime.datetime(2021, 10, 10, 13, 0)}, '6': {'team': 'DET', 'date': datetime.datetime(2021, 10, 17, 13, 0)}, '7': {'team': 'BAL', 'date': datetime.datetime(2021, 10, 24, 13, 0)}, '8': {'team': 'NYJ', 'date': datetime.datetime(2021, 10, 31, 13, 0)}, '9': {'team': 'CLE', 'date': datetime.datetime(2021, 11, 7, 13, 0)}, '11': {'team': 'LV', 'date': datetime.datetime(2021, 11, 21, 16, 5)}, '12': {'team': 'PIT', 'date': datetime.datetime(2021, 11, 28, 13, 0)}, '13': {'team': 'LAC', 'date': datetime.datetime(2021, 12, 5, 13, 0)}, '14': {'team': 'SF', 'date': datetime.datetime(2021, 12, 12, 16, 25)}, '15': {'team': 'DEN', 'date': datetime.datetime(2021, 12, 19, 16, 5)}, '16': {'team': 'BAL', 'date': datetime.datetime(2021, 12, 26, 13, 0)}, '17': {'team': 'KC', 'date': datetime.datetime(2022, 1, 2, 13, 0)}, '18': {'team': 'CLE', 'date': datetime.datetime(2022, 1, 9, 13, 0)}}","['QB', 'OP', 'BE', 'IR']",QB,,,,,,,,,,,,,,,,,,,,,520.0,366.0,154.0,288.1875,34.0,917.0,454.0,224.0,176.0,84.0,38.0,68.0,30.0,23.0,7.0,10.0,8.0,3.0,1.0,14.0,0.70384615,51.0,4.0,11.0,5.0,3.0,5.0,595.9260344,387.7457202,208.1803142,261.0767274,24.61577688,838.0,419.0,209.0,167.0,83.0,41.0,77.0,38.0,3.490639459,2.281132886,3.616155114,0.48844774,0.95606271,10.68056047,0.650660817,43.35493407,10.37004143,4.977619887,,,,,,,,,,,,,,,,,,,,,,,,,,,,,,,,,,,,,,,,,,,,,,,,,,,,,,,,,,,,,,,,,,,,,,,,,,,,,,,,,,,,,,,,,,,,,,,,,,,,,,,,,,,,,,,,,,,,,,,,,,,,,,,2.0,,,,,,,3.0,,,,,,,,,,,,,,,,,,,,,,,,,,,,,,,,,,,,,2021,,,,,,,,,,,,,,,,,,,,,,,,,,,,,,,,,,,,,
65.0,3.82,87.67,5.16,,,,,,,,,,,,,,,,,,,,,,,,,,,,,,,,,,692.0,1097.0,5.0,12.0,,,,17.0,,,,,,,,,,,,,,,,,,,,,,,,,,,,,,,,,,,,,,,,,,,17.0,Panthers D/ST,CAR,ADD,23,-16029,11,Gerald Pea's Football Team,BE,"{'1': {'team': 'NYJ', 'date': datetime.datetime(2021, 9, 12, 13, 0)}, '2': {'team': 'NO', 'date': datetime.datetime(2021, 9, 19, 13, 0)}, '3': {'team': 'HOU', 'date': datetime.datetime(2021, 9, 23, 20, 20)}, '4': {'team': 'DAL', 'date': datetime.datetime(2021, 10, 3, 13, 0)}, '5': {'team': 'PHI', 'date': datetime.datetime(2021, 10, 10, 13, 0)}, '6': {'team': 'MIN', 'date': datetime.datetime(2021, 10, 17, 13, 0)}, '7': {'team': 'NYG', 'date': datetime.datetime(2021, 10, 24, 13, 0)}, '8': {'team': 'ATL', 'date': datetime.datetime(2021, 10, 31, 13, 0)}, '9': {'team': 'NE', 'date': datetime.datetime(2021, 11, 7, 13, 0)}, '10': {'team': 'ARI', 'date': datetime.datetime(2021, 11, 14, 16, 5)}, '11': {'team': 'WSH', 'date': datetime.datetime(2021, 11, 21, 13, 0)}, '12': {'team': 'MIA', 'date': datetime.datetime(2021, 11, 28, 13, 0)}, '14': {'team': 'ATL', 'date': datetime.datetime(2021, 12, 12, 13, 0)}, '15': {'team': 'BUF', 'date': datetime.datetime(2021, 12, 19, 13, 0)}, '16': {'team': 'TB', 'date': datetime.datetime(2021, 12, 26, 13, 0)}, '17': {'team': 'NO', 'date': datetime.datetime(2022, 1, 2, 16, 25)}, '18': {'team': 'TB', 'date': datetime.datetime(2022, 1, 9, 16, 25)}}","['D/ST', 'BE', 'IR']",BE,,,,,,,620.0,57.0,18.0,0.22046,0.23736,680.104,211.56,68.0,27.0,21.0,8.0,,,,,,,,,,,,,,,,,,,,,,,,,,,,,,,,,,,,,,,,,,,,,,,,,,,,,,,,,405.0,,,14.0,,,,,,,,,,,,,,,,,,,,,,,,,,,,,,,,,,,7.0,0.0,0.0,4.0,1.0,,9.0,1.0,1.0,39.0,78.0,,,,1.0,360.0,212.0,84.0,53.0,213.0,17.0,2.0,390.0,3.0,3.0,4.0,2.0,5201.0,0.0,3.0,5.0,4.0,2.0,2.0,0.0,0.0,1.0,0.0,0.0,4.0,1.0,3.0,3.0,4.0,2.0,0.113831701,0.509694183,2.089746152,2.310613632,0.0615874,1.571442932,12.90171906,10.80630109,1.213274922,0.594045913,41.36051728,82.72103456,1.019872818,0.551570114,2.090850332,16.6250786,1001.149042,333.0,200.0,78.71192543,406.6633431,2.463521887,4.094543274,3.363981611,1.817909254,0.236158305,23.92137312,6199.264127,0.297277042,2.887834124,3.354983762,4.161878591,3.354983762,1.953534849,0.76442668,0.225081189,364.6625957,-406.6633431,,,,,,,,,,,,,1.0,,,,,,,,,,,,,,,,,,,,,,,,,,,,,,,,,,2021,,,,,,,,,,,,,,,,,,,,,,,,,,,,,,,,,,,,,
147.0,8.65,131.38,7.73,,,,,,,,,,,,,,,,,,,,,,,,,,,,,,,,,,,,11.0,6.0,137.0,,,17.0,,,,,,,,,,,,,,,,,,,,,,,,,,,,,,,,,,,,,,,,,,,17.0,Matt Prater,ARI,ADD,8,11122,11,Gerald Pea's Football Team,K,"{'1': {'team': 'TEN', 'date': datetime.datetime(2021, 9, 12, 13, 0)}, '2': {'team': 'MIN', 'date': datetime.datetime(2021, 9, 19, 16, 5)}, '3': {'team': 'JAX', 'date': datetime.datetime(2021, 9, 26, 13, 0)}, '4': {'team': 'LAR', 'date': datetime.datetime(2021, 10, 3, 16, 5)}, '5': {'team': 'SF', 'date': datetime.datetime(2021, 10, 10, 16, 25)}, '6': {'team': 'CLE', 'date': datetime.datetime(2021, 10, 17, 16, 5)}, '7': {'team': 'HOU', 'date': datetime.datetime(2021, 10, 24, 16, 25)}, '8': {'team': 'GB', 'date': datetime.datetime(2021, 10, 28, 20, 20)}, '9': {'team': 'SF', 'date': datetime.datetime(2021, 11, 7, 16, 25)}, '10': {'team': 'CAR', 'date': datetime.datetime(2021, 11, 14, 16, 5)}, '11': {'team': 'SEA', 'date': datetime.datetime(2021, 11, 21, 16, 25)}, '13': {'team': 'CHI', 'date': datetime.datetime(2021, 12, 5, 13, 0)}, '14': {'team': 'LAR', 'date': datetime.datetime(2021, 12, 13, 20, 15)}, '15': {'team': 'DET', 'date': datetime.datetime(2021, 12, 19, 13, 0)}, '16': {'team': 'IND', 'date': datetime.datetime(2021, 12, 25, 20, 15)}, '17': {'team': 'DAL', 'date': datetime.datetime(2022, 1, 2, 16, 25)}, '18': {'team': 'SEA', 'date': datetime.datetime(2022, 1, 9, 16, 25)}}","['K', 'BE', 'IR']",K,,,,,,,,,,,,,,,,,,,,,,,,,,,,,,,,,,,,,,,,,,,,,,,,,,,,,,,,,,,,,,,,,,,,,,,,,,,,,,7.0,10.0,3.0,5.0,2.0,20.0,22.0,2.0,30.0,37.0,7.0,47.0,49.0,2.0,6.0,7.0,3.13193274,4.913204586,1.781271846,7.685145532,10.1796461,2.494500571,15.96867373,17.01959758,1.050923859,26.785752,32.11244827,5.326696275,42.40406152,45.1851086,2.781047083,3.13193274,4.913204586,1.781271846,,,,,,,,,,,,,,,,,,,,,,,,,,,,,,,,,,,,,,,,,,,,,,,,,,,,,,,,,,,,,,,,,,,,,,,,,,,,,,,,,,,,,,,3.0,1.0,3.0,2.0,,,,,,,,,,,,,1.0,,,,,,,,,,,,,,,,,,,,,,,,,,,2021,,,,,,,,,,,,,,,,,,,,,,,,,,,,,,,,,,,,,
123.0,7.24,55.99,3.5,,,,,,,,,,,,,,,,,78.0,47.52941176,8.0,153.0,73.0,32.0,25.0,9.0,10.0,104.0,348.0,10.35897436,,,,,,1.0,1.0,12.0,5.0,50.0,,1.0,17.0,,,,,,,,,,,,,,,,,24.36555254,2.863270091,0.148906829,0.123238986,0.080536677,78.0,39.0,19.0,15.0,7.0,37.88576408,7.0,3.0,0.215112562,0.006652966,53.92280536,10.32794554,0.148906829,0.001966812,,0.447002626,0.447002626,,0.25032147,0.25032147,0.25032147,16.05882353,Dalton Schultz,DAL,ADD,3,3117256,11,Gerald Pea's Football Team,BE,"{'1': {'team': 'TB', 'date': datetime.datetime(2021, 9, 9, 20, 20)}, '2': {'team': 'LAC', 'date': datetime.datetime(2021, 9, 19, 16, 25)}, '3': {'team': 'PHI', 'date': datetime.datetime(2021, 9, 27, 20, 15)}, '4': {'team': 'CAR', 'date': datetime.datetime(2021, 10, 3, 13, 0)}, '5': {'team': 'NYG', 'date': datetime.datetime(2021, 10, 10, 16, 25)}, '6': {'team': 'NE', 'date': datetime.datetime(2021, 10, 17, 16, 25)}, '8': {'team': 'MIN', 'date': datetime.datetime(2021, 10, 31, 20, 20)}, '9': {'team': 'DEN', 'date': datetime.datetime(2021, 11, 7, 13, 0)}, '10': {'team': 'ATL', 'date': datetime.datetime(2021, 11, 14, 13, 0)}, '11': {'team': 'KC', 'date': datetime.datetime(2021, 11, 21, 16, 25)}, '12': {'team': 'LV', 'date': datetime.datetime(2021, 11, 25, 16, 30)}, '13': {'team': 'NO', 'date': datetime.datetime(2021, 12, 2, 20, 20)}, '14': {'team': 'WSH', 'date': datetime.datetime(2021, 12, 12, 13, 0)}, '15': {'team': 'NYG', 'date': datetime.datetime(2021, 12, 19, 13, 0)}, '16': {'team': 'WSH', 'date': datetime.datetime(2021, 12, 26, 20, 20)}, '17': {'team': 'ARI', 'date': datetime.datetime(2022, 1, 2, 16, 25)}, '18': {'team': 'PHI', 'date': datetime.datetime(2022, 1, 8, 20, 15)}}","['WR/TE', 'TE', 'RB/WR/TE', 'OP', 'BE', 'IR']",BE,,,,,,,,,,,,,,,,,,,5.0,1.0,,,,,,,,,,,,,,,,,,,,,,,,,,,,,,,,,,,,,,,,,,,,,,,,,,,1.0,,1.0,,,,,,,,,,,,,,,,,,,,,,,,,,,,,,,,,,,,,,,,,,,,,,,,,,,,,,,,,,,,,,,,,,,,,,,,,,,,,,,,,,,,,,,,,,,,,,,,,,,,,,,,,,,,,,,,,,,,,,,,,,,,,,,,,,,,,,,,,,,,,,,,,,,,,,,,,,,,,,,,,,,,,,,,2021,,,,,,,,,,,,,,,,,,,,,,,,,,,,,,,,,,,,,
42.0,4.2,135.93,8.5,2.0,0.3,,,,,,,,,,,,,,1.5,38.0,46.7,,90.0,42.0,19.0,14.0,4.0,4.0,56.0,185.0,12.28947368,,1.0,,,,,,5.0,5.0,,,,10.0,,,,,,,,,,,,,,,,,64.53125668,5.616779885,0.283475689,0.192286013,0.125658909,207.0,103.0,51.0,41.0,20.0,75.56025618,15.0,7.0,2.749789272,0.085045029,128.6629576,13.71482993,0.283475689,0.005383352,,1.22348903,1.22348903,,0.685153857,0.685153857,0.685153857,16.05882353,Jerry Jeudy,DEN,ADD,96,4241463,11,Gerald Pea's Football Team,BE,"{'1': {'team': 'NYG', 'date': datetime.datetime(2021, 9, 12, 16, 25)}, '2': {'team': 'JAX', 'date': datetime.datetime(2021, 9, 19, 13, 0)}, '3': {'team': 'NYJ', 'date': datetime.datetime(2021, 9, 26, 16, 5)}, '4': {'team': 'BAL', 'date': datetime.datetime(2021, 10, 3, 16, 25)}, '5': {'team': 'PIT', 'date': datetime.datetime(2021, 10, 10, 13, 0)}, '6': {'team': 'LV', 'date': datetime.datetime(2021, 10, 17, 16, 25)}, '7': {'team': 'CLE', 'date': datetime.datetime(2021, 10, 21, 20, 20)}, '8': {'team': 'WSH', 'date': datetime.datetime(2021, 10, 31, 16, 25)}, '9': {'team': 'DAL', 'date': datetime.datetime(2021, 11, 7, 13, 0)}, '10': {'team': 'PHI', 'date': datetime.datetime(2021, 11, 14, 16, 25)}, '12': {'team': 'LAC', 'date': datetime.datetime(2021, 11, 28, 16, 5)}, '13': {'team': 'KC', 'date': datetime.datetime(2021, 12, 5, 20, 20)}, '14': {'team': 'DET', 'date': datetime.datetime(2021, 12, 12, 16, 5)}, '15': {'team': 'CIN', 'date': datetime.datetime(2021, 12, 19, 16, 5)}, '16': {'team': 'LV', 'date': datetime.datetime(2021, 12, 26, 16, 25)}, '17': {'team': 'LAC', 'date': datetime.datetime(2022, 1, 2, 16, 5)}, '18': {'team': 'KC', 'date': datetime.datetime(2022, 1, 8, 16, 30)}}","['RB/WR', 'WR', 'WR/TE', 'RB/WR/TE', 'OP', 'BE', 'IR']",BE,,,,,1.0,,,,,,,,,,,,,,,,,,,,,,,,,,,,,,,,,,,,,,,,,,,,,,,,,,,,,,,,,,,,,,,,,,,,,,,,,,,,,,,,,,,,,,,,,,,,,,,,,,,,,,,,,,,,,,,,,,,,,,,,,,,,,,,,,,,,,,,,,,,,,,,,,,,,,,,,,,,,,,,,,,,,,,,,,,,,,,,,,,,,,,,,,,,,,,,,,,,,,,,,,,,,,,,,,,,,,,,,,,,,,,,,,,,,,,,,,,,,2021,,,,,,,,,,,,,,,,,,,,,,,,,,,,,,,,,,,,,
56.0,8.0,0.0,0.0,86.0,58.0,3.0,78.0,37.0,17.0,13.0,5.0,,15.0,6.0,,,,,4.72093023,2.0,2.71428571,,3.0,1.0,,,,,5.0,14.0,9.5,,,,,,1.0,1.0,6.0,1.0,18.0,3.0,,7.0,,,,,,,,,,,,,,,,,,,,,,,,,,,,,,,,,,,,,,,,,,,,Jordan Howard,PHI,ADD,60,3060022,11,Gerald Pea's Football Team,BE,"{'1': {'team': 'ATL', 'date': datetime.datetime(2021, 9, 12, 13, 0)}, '2': {'team': 'SF', 'date': datetime.datetime(2021, 9, 19, 13, 0)}, '3': {'team': 'DAL', 'date': datetime.datetime(2021, 9, 27, 20, 15)}, '4': {'team': 'KC', 'date': datetime.datetime(2021, 10, 3, 13, 0)}, '5': {'team': 'CAR', 'date': datetime.datetime(2021, 10, 10, 13, 0)}, '6': {'team': 'TB', 'date': datetime.datetime(2021, 10, 14, 20, 20)}, '7': {'team': 'LV', 'date': datetime.datetime(2021, 10, 24, 16, 5)}, '8': {'team': 'DET', 'date': datetime.datetime(2021, 10, 31, 13, 0)}, '9': {'team': 'LAC', 'date': datetime.datetime(2021, 11, 7, 16, 5)}, '10': {'team': 'DEN', 'date': datetime.datetime(2021, 11, 14, 16, 25)}, '11': {'team': 'NO', 'date': datetime.datetime(2021, 11, 21, 13, 0)}, '12': {'team': 'NYG', 'date': datetime.datetime(2021, 11, 28, 13, 0)}, '13': {'team': 'NYJ', 'date': datetime.datetime(2021, 12, 5, 13, 0)}, '15': {'team': 'WSH', 'date': datetime.datetime(2021, 12, 21, 19, 0)}, '16': {'team': 'NYG', 'date': datetime.datetime(2021, 12, 26, 13, 0)}, '17': {'team': 'WSH', 'date': datetime.datetime(2022, 1, 2, 13, 0)}, '18': {'team': 'DAL', 'date': datetime.datetime(2022, 1, 8, 20, 15)}}","['RB', 'RB/WR', 'RB/WR/TE', 'OP', 'BE', 'IR']",BE,,,,,,,,,,,,,,,,,,,,,,,,,,,,,,,,,,,,,,,,,,,,,,,,,,,,,,,,,,,,,,,,,,,,,,,,,,,,,,,,,,,,,,,,,,,,,,,,,,,,,,,,,,,,,,,,,,,,,,,,,,,,,,,,,,,,,,,,,,,,,,,,,,,,,,,,,,,,,,,,,,,,,,,,,,,,,,,,,,,,,,,,,,,,,,,,,,,,,,,,,,,,,,,,,,,,,,,,,,,,,,,,,,,,,,,,,,,,,,,,,2021,,,,,,,,,,,,,,,,,,,,,,,,,,,,,,,,,,,,,
148.0,8.71,72.89,4.56,3.0,0.17647059,,1.0,,,,,,,,,,,,1.0,103.0,61.05882353,9.0,202.0,96.0,42.0,34.0,12.0,13.0,128.0,452.0,10.0776699,,5.0,,1.0,1.0,2.0,2.0,10.0,7.0,54.0,,,17.0,,,,,,,,,,,,,,,,,34.05919775,3.042164637,0.126712243,0.199051998,0.130080481,109.0,54.0,27.0,21.0,10.0,47.39702567,9.0,4.0,0.489045631,0.015125123,67.28600224,11.53976728,0.126712243,0.002448554,,0.556489556,0.556489556,,0.311634151,0.311634151,0.311634151,16.05882353,Hunter Renfrow,LV,ADD,13,3135321,11,Gerald Pea's Football Team,BE,"{'1': {'team': 'BAL', 'date': datetime.datetime(2021, 9, 13, 20, 15)}, '2': {'team': 'PIT', 'date': datetime.datetime(2021, 9, 19, 13, 0)}, '3': {'team': 'MIA', 'date': datetime.datetime(2021, 9, 26, 16, 5)}, '4': {'team': 'LAC', 'date': datetime.datetime(2021, 10, 4, 20, 15)}, '5': {'team': 'CHI', 'date': datetime.datetime(2021, 10, 10, 16, 5)}, '6': {'team': 'DEN', 'date': datetime.datetime(2021, 10, 17, 16, 25)}, '7': {'team': 'PHI', 'date': datetime.datetime(2021, 10, 24, 16, 5)}, '9': {'team': 'NYG', 'date': datetime.datetime(2021, 11, 7, 13, 0)}, '10': {'team': 'KC', 'date': datetime.datetime(2021, 11, 14, 20, 20)}, '11': {'team': 'CIN', 'date': datetime.datetime(2021, 11, 21, 16, 5)}, '12': {'team': 'DAL', 'date': datetime.datetime(2021, 11, 25, 16, 30)}, '13': {'team': 'WSH', 'date': datetime.datetime(2021, 12, 5, 16, 5)}, '14': {'team': 'KC', 'date': datetime.datetime(2021, 12, 12, 13, 0)}, '15': {'team': 'CLE', 'date': datetime.datetime(2021, 12, 20, 17, 0)}, '16': {'team': 'DEN', 'date': datetime.datetime(2021, 12, 26, 16, 25)}, '17': {'team': 'IND', 'date': datetime.datetime(2022, 1, 2, 13, 0)}, '18': {'team': 'LAC', 'date': datetime.datetime(2022, 1, 9, 20, 20)}}","['RB/WR', 'WR', 'WR/TE', 'RB/WR/TE', 'OP', 'BE', 'IR']",BE,,,3.0,3.0,1.0,1.0,,,,,0.166152,,279.1928571,,,27.0,11.0,1.0,4.0,,,,,,,,,,,,,,,,,,,,,,,,,,,,,,,,,,,,,,,,,,,,,,,,,,,,,,5.0,,,,,,,,,,,,,,,,,,,,,,,,,,,,,,,,,,,,,,,,,,,,,,,,,,,,,,,,,1.0,303.0,23.0,6.0,,,,,,,,,,,,,,,,,,,,,,,,,,,,,,,,,,,,,,,,,,,,,,,,,,,,,,,,,,,,,,,,,,,,,,,,,,,,,,,,,,,,,,,,,,,,,,,,,,,,,,,,,,,,2021,,,,,,,,,,,,,,,,,,,,,,,,,,,,,,,,,,,,,
116.0,9.67,253.78,15.86,72.0,35.0,2.0,78.0,37.0,16.0,11.0,3.0,1.0,9.0,2.0,,,1.0,,5.83333333,,,,,,,,,,,,,3.0,12.0,1.0,5.0,15.0,,,3.0,9.0,54.0,1.0,,12.0,96.33246914,30.89660024,4.429203709,0.132092542,99.0,49.0,24.0,19.0,9.0,19.0,9.0,0.187097686,0.13096838,0.713739326,0.024357185,5.150527701,,,,,,,,,,,,,,,,,,1.00952406,0.036849872,1.292333252,,8.374970833,0.594473296,,3.994139335,16.10111634,16.05882353,Justin Fields,CHI,ADD,31,4362887,11,Gerald Pea's Football Team,BE,"{'1': {'team': 'LAR', 'date': datetime.datetime(2021, 9, 12, 20, 20)}, '2': {'team': 'CIN', 'date': datetime.datetime(2021, 9, 19, 13, 0)}, '3': {'team': 'CLE', 'date': datetime.datetime(2021, 9, 26, 13, 0)}, '4': {'team': 'DET', 'date': datetime.datetime(2021, 10, 3, 13, 0)}, '5': {'team': 'LV', 'date': datetime.datetime(2021, 10, 10, 16, 5)}, '6': {'team': 'GB', 'date': datetime.datetime(2021, 10, 17, 13, 0)}, '7': {'team': 'TB', 'date': datetime.datetime(2021, 10, 24, 16, 25)}, '8': {'team': 'SF', 'date': datetime.datetime(2021, 10, 31, 13, 0)}, '9': {'team': 'PIT', 'date': datetime.datetime(2021, 11, 8, 20, 15)}, '11': {'team': 'BAL', 'date': datetime.datetime(2021, 11, 21, 13, 0)}, '12': {'team': 'DET', 'date': datetime.datetime(2021, 11, 25, 12, 30)}, '13': {'team': 'ARI', 'date': datetime.datetime(2021, 12, 5, 13, 0)}, '14': {'team': 'GB', 'date': datetime.datetime(2021, 12, 12, 20, 20)}, '15': {'team': 'MIN', 'date': datetime.datetime(2021, 12, 20, 20, 15)}, '16': {'team': 'SEA', 'date': datetime.datetime(2021, 12, 26, 16, 5)}, '17': {'team': 'NYG', 'date': datetime.datetime(2022, 1, 2, 13, 0)}, '18': {'team': 'MIN', 'date': datetime.datetime(2022, 1, 9, 13, 0)}}","['Rookie', 'QB', 'OP', 'BE', 'IR']",BE,,,,,,,,,,,,,,,,,,,,,270.0,159.0,111.0,155.83333333,7.0,369.0,182.0,88.0,69.0,32.0,12.0,27.0,10.0,18.0,6.0,2.0,1.0,,,10.0,0.58888889,36.0,8.0,3.0,2.0,,,489.7990868,310.6426583,179.1564284,211.5474685,18.29058855,679.0,339.0,169.0,135.0,67.0,33.0,62.0,31.0,2.611214083,1.706428403,2.314463151,0.312623286,0.877431517,12.106977,0.634224658,38.1513976,7.082637582,3.399666039,,,,,,1.0,,,,,,,,,,,,,,,,,,,,,,,,,,,,,,,,,,,,,,,,,,,,,,,,,,,,,,,,,,,,,,,,,,,,,,,,,,,,,,,,,,,,,,,,,,,,,,,,,,,,,,,,,,,,,,,,,,,,,,,,,4.0,,,,,,,,,,,,,,,,,,,,,,,,,,,,,,,,,,,,,,,,,,,,2021,,,,,,,,,,,,,,,,,,,,,,,,,,,,,,,,,,,,,
88.0,5.18,91.19,5.36,,,,,,,,,,,,,,,,,,,,,,,,,,,,,,,,,,670.0,1177.0,9.0,8.0,,,,17.0,,,,,,,,,,,,,,,,,,,,,,,,,,,,,,,,,,,,,,,,,,,17.0,Eagles D/ST,PHI,ADD,18,-16021,11,Gerald Pea's Football Team,D/ST,"{'1': {'team': 'ATL', 'date': datetime.datetime(2021, 9, 12, 13, 0)}, '2': {'team': 'SF', 'date': datetime.datetime(2021, 9, 19, 13, 0)}, '3': {'team': 'DAL', 'date': datetime.datetime(2021, 9, 27, 20, 15)}, '4': {'team': 'KC', 'date': datetime.datetime(2021, 10, 3, 13, 0)}, '5': {'team': 'CAR', 'date': datetime.datetime(2021, 10, 10, 13, 0)}, '6': {'team': 'TB', 'date': datetime.datetime(2021, 10, 14, 20, 20)}, '7': {'team': 'LV', 'date': datetime.datetime(2021, 10, 24, 16, 5)}, '8': {'team': 'DET', 'date': datetime.datetime(2021, 10, 31, 13, 0)}, '9': {'team': 'LAC', 'date': datetime.datetime(2021, 11, 7, 16, 5)}, '10': {'team': 'DEN', 'date': datetime.datetime(2021, 11, 14, 16, 25)}, '11': {'team': 'NO', 'date': datetime.datetime(2021, 11, 21, 13, 0)}, '12': {'team': 'NYG', 'date': datetime.datetime(2021, 11, 28, 13, 0)}, '13': {'team': 'NYJ', 'date': datetime.datetime(2021, 12, 5, 13, 0)}, '15': {'team': 'WSH', 'date': datetime.datetime(2021, 12, 21, 19, 0)}, '16': {'team': 'NYG', 'date': datetime.datetime(2021, 12, 26, 13, 0)}, '17': {'team': 'WSH', 'date': datetime.datetime(2022, 1, 2, 13, 0)}, '18': {'team': 'DAL', 'date': datetime.datetime(2022, 1, 8, 20, 15)}}","['D/ST', 'BE', 'IR']",D/ST,,,,,,,630.0,58.0,17.0,0.154322,0.1732728,651.926087,152.1831429,65.0,26.0,15.0,6.0,,,,,,,,,,,,,,,,,,,,,,,,,,,,,,,,,,,,,,,,,,,,,,,,,,,,,,,,,507.0,,,13.0,,,,,,,,,,,,,,,,,,,,,,,,,,,,,,,,,,,4.0,0.0,2.0,3.0,4.0,5.0,12.0,2.0,,29.0,58.0,,,2.0,5.0,385.0,228.0,51.0,56.0,239.0,19.0,3.0,377.0,1.0,1.0,3.0,2.0,5590.0,0.0,1.0,6.0,4.0,2.0,2.0,2.0,0.0,0.0,0.0,2.0,3.0,4.0,1.0,1.0,3.0,2.0,0.17,0.765,2.805,2.72,0.038568459,1.601810472,12.87698824,7.603887617,0.942303576,0.535273973,40.65352481,81.30704961,1.013826603,0.587983868,1.96797373,11.69828864,1014.17649,338.0,202.0,61.23898874,386.5829988,2.465,3.74,2.805,1.36,0.17,22.7401764,6238.615295,0.246241446,2.547325308,3.235103142,4.228560012,3.540782179,2.12277109,0.832126267,0.247090555,366.9773703,-386.5829988,,,,,,,,,3.0,,1.0,1.0,,,,,,,,,,,,,,,,,,,,,,,,,,,,,,,,,,,2021,,,,,,,,,,,,,,,,,,,,,,,,,,,,,,,,,,,,,
129.0,8.06,80.38,5.02,7.0,3.8125,1.0,10.0,4.0,1.0,,,,,,,,,,8.71428571,90.0,57.0,5.0,177.0,85.0,39.0,27.0,11.0,10.0,119.0,424.0,10.13333333,,,,,,1.0,1.0,3.0,12.0,40.0,,1.0,16.0,,,,,,,,,,,,,,,,,38.88520132,3.110977657,0.154817085,0.181324761,0.118495732,124.0,62.0,31.0,24.0,12.0,51.51204707,10.0,5.0,0.702503169,0.021726902,78.58408761,12.12241838,0.154817085,0.002408166,,0.547310483,0.547310483,,0.30649387,0.30649387,0.30649387,16.05882353,Amon-Ra St. Brown,DET,ADD,23,4374302,11,Gerald Pea's Football Team,WR,"{'1': {'team': 'SF', 'date': datetime.datetime(2021, 9, 12, 13, 0)}, '2': {'team': 'GB', 'date': datetime.datetime(2021, 9, 20, 20, 15)}, '3': {'team': 'BAL', 'date': datetime.datetime(2021, 9, 26, 13, 0)}, '4': {'team': 'CHI', 'date': datetime.datetime(2021, 10, 3, 13, 0)}, '5': {'team': 'MIN', 'date': datetime.datetime(2021, 10, 10, 13, 0)}, '6': {'team': 'CIN', 'date': datetime.datetime(2021, 10, 17, 13, 0)}, '7': {'team': 'LAR', 'date': datetime.datetime(2021, 10, 24, 16, 5)}, '8': {'team': 'PHI', 'date': datetime.datetime(2021, 10, 31, 13, 0)}, '10': {'team': 'PIT', 'date': datetime.datetime(2021, 11, 14, 13, 0)}, '11': {'team': 'CLE', 'date': datetime.datetime(2021, 11, 21, 13, 0)}, '12': {'team': 'CHI', 'date': datetime.datetime(2021, 11, 25, 12, 30)}, '13': {'team': 'MIN', 'date': datetime.datetime(2021, 12, 5, 13, 0)}, '14': {'team': 'DEN', 'date': datetime.datetime(2021, 12, 12, 16, 5)}, '15': {'team': 'ARI', 'date': datetime.datetime(2021, 12, 19, 13, 0)}, '16': {'team': 'ATL', 'date': datetime.datetime(2021, 12, 26, 13, 0)}, '17': {'team': 'SEA', 'date': datetime.datetime(2022, 1, 2, 16, 25)}, '18': {'team': 'GB', 'date': datetime.datetime(2022, 1, 9, 13, 0)}}","['Rookie', 'RB/WR', 'WR', 'WR/TE', 'RB/WR/TE', 'OP', 'BE', 'IR']",WR,,,2.0,2.0,,,,,,,,,,,,,,1.0,2.0,1.0,,,,,,,,,,,,,,,,,,,,,,,,,,,,,,,,,,,,,,,,,,,,,,,,,,,2.0,,1.0,,,1.0,,,,,,,,,,,,,,,,,,,,,,,,,,,,,,,,,,,,,,,,,,,,,,,,,,,,,,,,,,,,,,,,,,,,,,,,,,,,,,,,,,,,,,,,,,,,,,,,,,,,,,,,,,,,,,,,,,,,,,,,,,,,,,,,,,,,,,,,,,,,,,,,,,,,,,,,,,,,,,,,,,,,,2021,,,,,,,,,,,,,,,,,,,,,,,,,,,,,,,,,,,,,
176.0,10.35,192.08,12.01,,,,,,,,,,,,,,,,,103.0,72.05882353,10.0,238.0,116.0,55.0,40.0,17.0,12.0,164.0,326.0,11.89320388,,1.0,,,,3.0,3.0,11.0,6.0,60.0,,,17.0,1.820907387,0.670567136,0.037674062,0.001392692,2.0,1.0,,,,,,0.003342699,0.002339889,0.000222577,7.5957e-06,5.913820424,86.89314118,8.676336424,0.362729101,0.263463486,0.172173388,279.0,139.0,69.0,55.0,27.0,109.4541968,21.0,10.0,5.366679728,0.165979785,159.9682035,12.74872651,0.364121793,0.00375532,0.013966387,0.839515348,0.853481735,0.006424538,0.470128595,0.476553133,0.476553133,16.05882353,Stefon Diggs,BUF,DRAFT,7,2976212,12,Jean Machine,WR,"{'1': {'team': 'PIT', 'date': datetime.datetime(2021, 9, 12, 13, 0)}, '2': {'team': 'MIA', 'date': datetime.datetime(2021, 9, 19, 13, 0)}, '3': {'team': 'WSH', 'date': datetime.datetime(2021, 9, 26, 13, 0)}, '4': {'team': 'HOU', 'date': datetime.datetime(2021, 10, 3, 13, 0)}, '5': {'team': 'KC', 'date': datetime.datetime(2021, 10, 10, 20, 20)}, '6': {'team': 'TEN', 'date': datetime.datetime(2021, 10, 18, 20, 15)}, '8': {'team': 'MIA', 'date': datetime.datetime(2021, 10, 31, 13, 0)}, '9': {'team': 'JAX', 'date': datetime.datetime(2021, 11, 7, 13, 0)}, '10': {'team': 'NYJ', 'date': datetime.datetime(2021, 11, 14, 13, 0)}, '11': {'team': 'IND', 'date': datetime.datetime(2021, 11, 21, 13, 0)}, '12': {'team': 'NO', 'date': datetime.datetime(2021, 11, 25, 20, 20)}, '13': {'team': 'NE', 'date': datetime.datetime(2021, 12, 6, 20, 15)}, '14': {'team': 'TB', 'date': datetime.datetime(2021, 12, 12, 16, 25)}, '15': {'team': 'CAR', 'date': datetime.datetime(2021, 12, 19, 13, 0)}, '16': {'team': 'NE', 'date': datetime.datetime(2021, 12, 26, 13, 0)}, '17': {'team': 'ATL', 'date': datetime.datetime(2022, 1, 2, 13, 0)}, '18': {'team': 'NYJ', 'date': datetime.datetime(2022, 1, 9, 16, 25)}}","['RB/WR', 'WR', 'WR/TE', 'RB/WR/TE', 'OP', 'BE', 'IR']",WR,,,2.0,2.0,1.0,,,,,,,,,,,,,,4.0,,,,,,,,,,,,,,,,,,,,,,,1.0,,,,,,,,,,,,,,,,,,,,,,,,,,,,,,,6.0,,,,,,,,,,,,,,,,,,,,,,,,,,,,,,,,,,,,,,,,,,,,,,,,,,,,,,,,,,,,,,,,,,,,,,,,,,,,,,,,,,,,,,,,,,,,,,,,,,,,,,,,,,,,,,,,,,,,,,,,,,,,,,,,,,,,,,,,,,,,,,,,,,,,,,,,,,,,,,,,,,,,,,,,2021,,,,,,,,,,,,,,,,,,,,,,,,,,,,,,,,,,,,,
320.0,18.82,222.94,14.86,332.0,106.52941176,18.0,356.0,174.0,83.0,65.0,30.0,10.0,61.0,25.0,2.0,2.0,10.0,,5.45481928,40.0,21.17647059,2.0,66.0,30.0,11.0,9.0,4.0,2.0,51.0,406.0,9.0,3.0,4.0,2.0,2.0,2.0,,,9.0,8.0,120.0,12.0,,17.0,272.946347,80.73789716,10.34445444,0.309102259,244.0,122.0,61.0,48.0,24.0,54.0,27.0,0.575253481,0.402677437,3.877536879,0.132325457,4.471820366,20.6899159,1.460808619,0.086321513,0.045394293,0.02966517,62.0,31.0,15.0,12.0,6.0,41.69330171,8.0,4.0,0.134994249,0.00417508,55.02278744,7.50199273,0.395423773,0.008056179,1.588328257,0.242621489,1.830949747,0.730630998,0.135868034,0.866499032,0.866499032,15.11764706,Jonathan Taylor,IND,DRAFT,1,4242335,12,Jean Machine,RB,"{'1': {'team': 'SEA', 'date': datetime.datetime(2021, 9, 12, 13, 0)}, '2': {'team': 'LAR', 'date': datetime.datetime(2021, 9, 19, 13, 0)}, '3': {'team': 'TEN', 'date': datetime.datetime(2021, 9, 26, 13, 0)}, '4': {'team': 'MIA', 'date': datetime.datetime(2021, 10, 3, 13, 0)}, '5': {'team': 'BAL', 'date': datetime.datetime(2021, 10, 11, 20, 15)}, '6': {'team': 'HOU', 'date': datetime.datetime(2021, 10, 17, 13, 0)}, '7': {'team': 'SF', 'date': datetime.datetime(2021, 10, 24, 20, 20)}, '8': {'team': 'TEN', 'date': datetime.datetime(2021, 10, 31, 13, 0)}, '9': {'team': 'NYJ', 'date': datetime.datetime(2021, 11, 4, 20, 20)}, '10': {'team': 'JAX', 'date': datetime.datetime(2021, 11, 14, 13, 0)}, '11': {'team': 'BUF', 'date': datetime.datetime(2021, 11, 21, 13, 0)}, '12': {'team': 'TB', 'date': datetime.datetime(2021, 11, 28, 13, 0)}, '13': {'team': 'HOU', 'date': datetime.datetime(2021, 12, 5, 13, 0)}, '15': {'team': 'NE', 'date': datetime.datetime(2021, 12, 18, 20, 15)}, '16': {'team': 'ARI', 'date': datetime.datetime(2021, 12, 25, 20, 15)}, '17': {'team': 'LV', 'date': datetime.datetime(2022, 1, 2, 13, 0)}, '18': {'team': 'JAX', 'date': datetime.datetime(2022, 1, 9, 13, 0)}}","['RB', 'RB/WR', 'RB/WR/TE', 'OP', 'BE', 'IR']",RB,1.0,1.0,1.0,1.0,1.0,,,,,,,,,,,,,,,1.0,,,,,,,,,,,,,,,,,,,,,,,,,,,,,,,,,,,,,,,,,,,,,,,,,,,,,,,2.0,2.0,,,,,,,,,,,,,,,,,,,,,,,,,,,,,,,,,,,,,,,,,,,,,,,,,,,,,,,,,,,,,,,,,,,,,,,,,,,,,,,,,,,,,,,,,,,,,,,,,,,,,,,,,,,,,,,,,,,,,,,,,,,,,,,,,,,,,,,,,,,,,,,,,,,,,,,,,,,,,,,,,,,,,2021,,,,,,,,,,,,,,,,,,,,,,,,,,,,,,,,,,,,,
142.0,10.92,188.03,12.54,225.0,65.30769231,7.0,165.0,80.0,38.0,27.0,11.0,2.0,41.0,19.0,,,2.0,,3.77333333,42.0,23.15384615,,55.0,24.0,9.0,6.0,2.0,4.0,51.0,273.0,7.16666667,1.0,1.0,1.0,1.0,2.0,,1.0,5.0,8.0,42.0,8.0,,13.0,257.5824416,70.91730578,6.386724991,0.190204474,214.0,107.0,53.0,42.0,21.0,51.0,25.0,0.539082547,0.377357783,3.006312918,0.102593926,4.162173449,23.57231375,1.490981222,0.071179915,0.052774296,0.034488002,71.0,35.0,17.0,14.0,7.0,44.81409608,8.0,4.0,0.175795361,0.00543697,60.08791998,7.95191582,0.261384389,0.008371368,1.620627479,0.281956158,1.902583637,0.74548864,0.157895448,0.903384089,0.903384089,15.11764706,David Montgomery,CHI,DRAFT,19,4035538,12,Jean Machine,RB,"{'1': {'team': 'LAR', 'date': datetime.datetime(2021, 9, 12, 20, 20)}, '2': {'team': 'CIN', 'date': datetime.datetime(2021, 9, 19, 13, 0)}, '3': {'team': 'CLE', 'date': datetime.datetime(2021, 9, 26, 13, 0)}, '4': {'team': 'DET', 'date': datetime.datetime(2021, 10, 3, 13, 0)}, '5': {'team': 'LV', 'date': datetime.datetime(2021, 10, 10, 16, 5)}, '6': {'team': 'GB', 'date': datetime.datetime(2021, 10, 17, 13, 0)}, '7': {'team': 'TB', 'date': datetime.datetime(2021, 10, 24, 16, 25)}, '8': {'team': 'SF', 'date': datetime.datetime(2021, 10, 31, 13, 0)}, '9': {'team': 'PIT', 'date': datetime.datetime(2021, 11, 8, 20, 15)}, '11': {'team': 'BAL', 'date': datetime.datetime(2021, 11, 21, 13, 0)}, '12': {'team': 'DET', 'date': datetime.datetime(2021, 11, 25, 12, 30)}, '13': {'team': 'ARI', 'date': datetime.datetime(2021, 12, 5, 13, 0)}, '14': {'team': 'GB', 'date': datetime.datetime(2021, 12, 12, 20, 20)}, '15': {'team': 'MIN', 'date': datetime.datetime(2021, 12, 20, 20, 15)}, '16': {'team': 'SEA', 'date': datetime.datetime(2021, 12, 26, 16, 5)}, '17': {'team': 'NYG', 'date': datetime.datetime(2022, 1, 2, 13, 0)}, '18': {'team': 'MIN', 'date': datetime.datetime(2022, 1, 9, 13, 0)}}","['RB', 'RB/WR', 'RB/WR/TE', 'OP', 'BE', 'IR']",RB,,,,,,,,,,,,,,,,,,,,,1.0,,1.0,,,,,,,,,,,,,,,,,1.0,,,,,,,,,,,,,,,,,,,,,,,,,,,,,,,,,,1.0,,,,,,,,,,,,,,,,,,,,,,,,,,,,,,,,,,,,,,,,,,,,,,,,,,,,,,,,,,,,,,,,,,,,,,,,,,,,,,,,,,,,,,,,,,,,,,,,,,,,,,,,,,,,,,,,,,,,,,,,,,,,,,,,,,,,,,,,,,,,,,,,,,,,,,,,,,,,,,,,,,,,,,,2021,,,,,,,,,,,,,,,,,,,,,,,,,,,,,,,,,,,,,
131.0,7.71,163.92,10.25,1.0,0.70588235,,2.0,1.0,,,,,,,,,,,12.0,77.0,61.94117647,5.0,204.0,100.0,48.0,34.0,15.0,7.0,130.0,317.0,13.67532468,,,,,,4.0,4.0,7.0,10.0,30.0,,1.0,17.0,2.250320639,0.785758209,0.072131878,0.002466481,2.0,1.0,,,,,,0.004132221,0.002892555,0.000343018,1.17059e-05,5.607357544,78.21999862,6.277228464,0.390114814,0.275458062,0.180011844,251.0,125.0,62.0,50.0,25.0,91.40996352,18.0,9.0,4.328242035,0.133863156,142.3112969,13.74162188,0.392581295,0.003864929,0.021104629,0.85728823,0.87839286,0.009708129,0.480081409,0.489789539,0.489789539,16.05882353,Terry McLaurin,WSH,DRAFT,22,3121422,12,Jean Machine,BE,"{'1': {'team': 'LAC', 'date': datetime.datetime(2021, 9, 12, 13, 0)}, '2': {'team': 'NYG', 'date': datetime.datetime(2021, 9, 16, 20, 20)}, '3': {'team': 'BUF', 'date': datetime.datetime(2021, 9, 26, 13, 0)}, '4': {'team': 'ATL', 'date': datetime.datetime(2021, 10, 3, 13, 0)}, '5': {'team': 'NO', 'date': datetime.datetime(2021, 10, 10, 13, 0)}, '6': {'team': 'KC', 'date': datetime.datetime(2021, 10, 17, 13, 0)}, '7': {'team': 'GB', 'date': datetime.datetime(2021, 10, 24, 13, 0)}, '8': {'team': 'DEN', 'date': datetime.datetime(2021, 10, 31, 16, 25)}, '10': {'team': 'TB', 'date': datetime.datetime(2021, 11, 14, 13, 0)}, '11': {'team': 'CAR', 'date': datetime.datetime(2021, 11, 21, 13, 0)}, '12': {'team': 'SEA', 'date': datetime.datetime(2021, 11, 29, 20, 15)}, '13': {'team': 'LV', 'date': datetime.datetime(2021, 12, 5, 16, 5)}, '14': {'team': 'DAL', 'date': datetime.datetime(2021, 12, 12, 13, 0)}, '15': {'team': 'PHI', 'date': datetime.datetime(2021, 12, 21, 19, 0)}, '16': {'team': 'DAL', 'date': datetime.datetime(2021, 12, 26, 20, 20)}, '17': {'team': 'PHI', 'date': datetime.datetime(2022, 1, 2, 13, 0)}, '18': {'team': 'NYG', 'date': datetime.datetime(2022, 1, 9, 13, 0)}}","['RB/WR', 'WR', 'WR/TE', 'RB/WR/TE', 'OP', 'BE', 'IR']",BE,1.0,,4.0,4.0,,,,,,,,,,,,,,1.0,,,,,,,,,,,,,,,,,,,,,,,,,,,,,,,,,,,,,,,,,,,,,,,,,,,,,,,3.0,,,,,,,,,,,,,,,,,,,,,,,,,,,,,,,,,,,,,,,,,,,,,,,,,,,,,,,,,,,,,,,,,,,,,,,,,,,,,,,,,,,,,,,,,,,,,,,,,,,,,,,,,,,,,,,,,,,,,,,,,,,,,,,,,,,,,,,,,,,,,,,,,,,,,,,,,,,,,,,,,,,,,,,,2021,,,,,,,,,,,,,,,,,,,,,,,,,,,,,,,,,,,,,
79.0,6.58,118.68,7.42,,,,,,,,,,,,,,,,,61.0,48.58333333,4.0,112.0,53.0,24.0,16.0,5.0,7.0,83.0,199.0,9.55737705,,,,,,2.0,2.0,1.0,10.0,26.0,,,12.0,,,,,,,,,,,,,,,,,53.14523945,5.691541935,0.28323827,0.109732992,0.071710511,170.0,85.0,42.0,34.0,17.0,80.70397369,16.0,8.0,1.6580231,0.051279065,120.8985963,10.57506815,0.28323827,0.004151794,,0.943589654,0.943589654,,0.528410206,0.528410206,0.528410206,16.05882353,T.J. Hockenson,DET,DRAFT,14,4036133,12,Jean Machine,BE,"{'1': {'team': 'SF', 'date': datetime.datetime(2021, 9, 12, 13, 0)}, '2': {'team': 'GB', 'date': datetime.datetime(2021, 9, 20, 20, 15)}, '3': {'team': 'BAL', 'date': datetime.datetime(2021, 9, 26, 13, 0)}, '4': {'team': 'CHI', 'date': datetime.datetime(2021, 10, 3, 13, 0)}, '5': {'team': 'MIN', 'date': datetime.datetime(2021, 10, 10, 13, 0)}, '6': {'team': 'CIN', 'date': datetime.datetime(2021, 10, 17, 13, 0)}, '7': {'team': 'LAR', 'date': datetime.datetime(2021, 10, 24, 16, 5)}, '8': {'team': 'PHI', 'date': datetime.datetime(2021, 10, 31, 13, 0)}, '10': {'team': 'PIT', 'date': datetime.datetime(2021, 11, 14, 13, 0)}, '11': {'team': 'CLE', 'date': datetime.datetime(2021, 11, 21, 13, 0)}, '12': {'team': 'CHI', 'date': datetime.datetime(2021, 11, 25, 12, 30)}, '13': {'team': 'MIN', 'date': datetime.datetime(2021, 12, 5, 13, 0)}, '14': {'team': 'DEN', 'date': datetime.datetime(2021, 12, 12, 16, 5)}, '15': {'team': 'ARI', 'date': datetime.datetime(2021, 12, 19, 13, 0)}, '16': {'team': 'ATL', 'date': datetime.datetime(2021, 12, 26, 13, 0)}, '17': {'team': 'SEA', 'date': datetime.datetime(2022, 1, 2, 16, 25)}, '18': {'team': 'GB', 'date': datetime.datetime(2022, 1, 9, 13, 0)}}","['WR/TE', 'TE', 'RB/WR/TE', 'OP', 'BE', 'IR']",BE,,,,,,,,,,,,,,,,,,1.0,3.0,,,,,,,,,,,,,,,,,,,,,,,,,,,,,,,,,,,,,,,,,,,,,,,,,,,,1.0,,1.0,,,,,,,,,,,,,,,,,,,,,,,,,,,,,,,,,,,,,,,,,,,,,,,,,,,,,,,,,,,,,,,,,,,,,,,,,,,,,,,,,,,,,,,,,,,,,,,,,,,,,,,,,,,,,,,,,,,,,,,,,,,,,,,,,,,,,,,,,,,,,,,,,,,,,,,,,,,,,,,,,,,,,,,,2021,,,,,,,,,,,,,,,,,,,,,,,,,,,,,,,,,,,,,
83.0,4.88,163.13,10.88,138.0,29.58823529,3.0,93.0,44.0,17.0,12.0,2.0,,19.0,5.0,,,,,3.64492754,44.0,15.23529412,1.0,49.0,21.0,9.0,4.0,,3.0,58.0,306.0,5.88636364,2.0,4.0,1.0,3.0,3.0,1.0,1.0,7.0,10.0,24.0,2.0,,17.0,232.2165819,60.31665468,6.618878565,0.248196438,182.0,91.0,45.0,36.0,18.0,46.0,23.0,0.479894352,0.335926046,2.167134407,0.073955983,3.9267045,17.3965576,1.224098717,0.061797028,0.041113354,0.026867577,52.0,26.0,13.0,10.0,5.0,38.74021148,7.0,3.0,0.102666734,0.00317526,47.70500942,6.788683069,0.309993467,0.007381502,1.437756137,0.239857879,1.677614016,0.661367823,0.134320412,0.795688235,0.795688235,15.11764706,Mike Davis,ATL,DRAFT,43,3025433,12,Jean Machine,BE,"{'1': {'team': 'PHI', 'date': datetime.datetime(2021, 9, 12, 13, 0)}, '2': {'team': 'TB', 'date': datetime.datetime(2021, 9, 19, 16, 5)}, '3': {'team': 'NYG', 'date': datetime.datetime(2021, 9, 26, 13, 0)}, '4': {'team': 'WSH', 'date': datetime.datetime(2021, 10, 3, 13, 0)}, '5': {'team': 'NYJ', 'date': datetime.datetime(2021, 10, 10, 9, 30)}, '7': {'team': 'MIA', 'date': datetime.datetime(2021, 10, 24, 13, 0)}, '8': {'team': 'CAR', 'date': datetime.datetime(2021, 10, 31, 13, 0)}, '9': {'team': 'NO', 'date': datetime.datetime(2021, 11, 7, 13, 0)}, '10': {'team': 'DAL', 'date': datetime.datetime(2021, 11, 14, 13, 0)}, '11': {'team': 'NE', 'date': datetime.datetime(2021, 11, 18, 20, 20)}, '12': {'team': 'JAX', 'date': datetime.datetime(2021, 11, 28, 13, 0)}, '13': {'team': 'TB', 'date': datetime.datetime(2021, 12, 5, 13, 0)}, '14': {'team': 'CAR', 'date': datetime.datetime(2021, 12, 12, 13, 0)}, '15': {'team': 'SF', 'date': datetime.datetime(2021, 12, 19, 16, 5)}, '16': {'team': 'DET', 'date': datetime.datetime(2021, 12, 26, 13, 0)}, '17': {'team': 'BUF', 'date': datetime.datetime(2022, 1, 2, 13, 0)}, '18': {'team': 'NO', 'date': datetime.datetime(2022, 1, 9, 16, 25)}}","['RB', 'RB/WR', 'RB/WR/TE', 'OP', 'BE', 'IR']",BE,,,,,2.0,2.0,,,,,,,,,,,,,1.0,,,,,,,,,,,,,,,,,,,,,,,,,,,,,,,,,,,,,,,,,,,,,,,,,,,,,,,,1.0,,,,,,,,,,,,,,,,,,,,,,,,,,,,,,,,,,,,,,,,,,,,,,,,,,,,,,,,,,,,,,,,,,,,,,,,,,,,,,,,,,,,,,,,,,,,,,,,,,,,,,,,,,,,,,,,,,,,,,,,,,,,,,,,,,,,,,,,,,,,,,,,,,,,,,,,,,,,,,,,,,,,,,2021,,,,,,,,,,,,,,,,,,,,,,,,,,,,,,,,,,,,,
321.0,18.88,282.5,17.66,32.0,2.52941176,,9.0,4.0,1.0,,,,2.0,,,,,,1.34375,,,,,,,,,,,,,1.0,5.0,,2.0,19.0,,,12.0,5.0,246.0,,,17.0,34.80931834,8.098102927,1.310939973,0.036692755,26.0,13.0,6.0,5.0,2.0,6.0,3.0,0.065046491,0.045532544,0.042865073,0.00146282,3.73595382,,,,,,,,,,,,,,,,,,1.307601707,0.031195944,0.354419422,,7.089987282,0.163032934,,3.396105507,15.26050788,16.05882353,Matthew Stafford,LAR,DRAFT,5,12483,12,Jean Machine,QB,"{'1': {'team': 'CHI', 'date': datetime.datetime(2021, 9, 12, 20, 20)}, '2': {'team': 'IND', 'date': datetime.datetime(2021, 9, 19, 13, 0)}, '3': {'team': 'TB', 'date': datetime.datetime(2021, 9, 26, 16, 25)}, '4': {'team': 'ARI', 'date': datetime.datetime(2021, 10, 3, 16, 5)}, '5': {'team': 'SEA', 'date': datetime.datetime(2021, 10, 7, 20, 20)}, '6': {'team': 'NYG', 'date': datetime.datetime(2021, 10, 17, 13, 0)}, '7': {'team': 'DET', 'date': datetime.datetime(2021, 10, 24, 16, 5)}, '8': {'team': 'HOU', 'date': datetime.datetime(2021, 10, 31, 13, 0)}, '9': {'team': 'TEN', 'date': datetime.datetime(2021, 11, 7, 20, 20)}, '10': {'team': 'SF', 'date': datetime.datetime(2021, 11, 15, 20, 15)}, '12': {'team': 'GB', 'date': datetime.datetime(2021, 11, 28, 16, 25)}, '13': {'team': 'JAX', 'date': datetime.datetime(2021, 12, 5, 16, 5)}, '14': {'team': 'ARI', 'date': datetime.datetime(2021, 12, 13, 20, 15)}, '15': {'team': 'SEA', 'date': datetime.datetime(2021, 12, 21, 19, 0)}, '16': {'team': 'MIN', 'date': datetime.datetime(2021, 12, 26, 13, 0)}, '17': {'team': 'BAL', 'date': datetime.datetime(2022, 1, 2, 13, 0)}, '18': {'team': 'SF', 'date': datetime.datetime(2022, 1, 9, 16, 25)}}","['QB', 'OP', 'BE', 'IR']",QB,,,,,,,,,,,,,,,,,,,,,601.0,404.0,197.0,287.41176471,41.0,970.0,481.0,237.0,187.0,88.0,40.0,76.0,34.0,34.0,12.0,6.0,6.0,7.0,2.0,17.0,0.67221298,30.0,4.0,19.0,14.0,3.0,,618.1368047,403.5708615,214.5659431,288.7258102,26.0889358,927.0,463.0,231.0,185.0,92.0,46.0,80.0,40.0,4.208731777,2.750406216,5.339527021,0.721230097,1.270908952,11.86440237,0.652882757,43.39727417,6.73556786,3.233072573,,,,,,,,,,,,,,,,,,,,,,,,,,,,,,,,,,,,,,,,,,,,,,,,,,,,,,,,,,,,,,,,,,,,,,,,,,,,,,,,,,,,,,,,,,,,,,,,,,,,,,,,,,,,,,,,,,,,,,,,,,,,,,,2.0,,,,,,,,,,,,,,,,,,,,,,,,,,,,,,,,,,,,,,,,,,,,2021,,,,,,,,,,,,,,,,,,,,,,,,,,,,,,,,,,,,,
133.0,8.31,133.41,8.34,2.0,1.3125,,4.0,1.0,,,,,,,,,,,10.5,90.0,64.8125,6.0,201.0,96.0,45.0,34.0,13.0,11.0,134.0,357.0,11.52222222,,,,,,1.0,1.0,3.0,13.0,36.0,,,16.0,,,,,,,,,,,,,,,,,66.66633514,4.420022168,0.233108324,0.268374904,0.175383,214.0,107.0,53.0,42.0,21.0,77.46979018,15.0,7.0,2.982770152,0.092250623,122.1135205,13.81935989,0.233108324,0.002312115,,0.525480649,0.525480649,,0.294269164,0.294269164,0.294269164,16.05882353,Brandin Cooks,HOU,DRAFT,21,16731,12,Jean Machine,WR,"{'1': {'team': 'JAX', 'date': datetime.datetime(2021, 9, 12, 13, 0)}, '2': {'team': 'CLE', 'date': datetime.datetime(2021, 9, 19, 13, 0)}, '3': {'team': 'CAR', 'date': datetime.datetime(2021, 9, 23, 20, 20)}, '4': {'team': 'BUF', 'date': datetime.datetime(2021, 10, 3, 13, 0)}, '5': {'team': 'NE', 'date': datetime.datetime(2021, 10, 10, 13, 0)}, '6': {'team': 'IND', 'date': datetime.datetime(2021, 10, 17, 13, 0)}, '7': {'team': 'ARI', 'date': datetime.datetime(2021, 10, 24, 16, 25)}, '8': {'team': 'LAR', 'date': datetime.datetime(2021, 10, 31, 13, 0)}, '9': {'team': 'MIA', 'date': datetime.datetime(2021, 11, 7, 13, 0)}, '11': {'team': 'TEN', 'date': datetime.datetime(2021, 11, 21, 13, 0)}, '12': {'team': 'NYJ', 'date': datetime.datetime(2021, 11, 28, 13, 0)}, '13': {'team': 'IND', 'date': datetime.datetime(2021, 12, 5, 13, 0)}, '14': {'team': 'SEA', 'date': datetime.datetime(2021, 12, 12, 13, 0)}, '15': {'team': 'JAX', 'date': datetime.datetime(2021, 12, 19, 13, 0)}, '16': {'team': 'LAC', 'date': datetime.datetime(2021, 12, 26, 13, 0)}, '17': {'team': 'SF', 'date': datetime.datetime(2022, 1, 2, 16, 5)}, '18': {'team': 'TEN', 'date': datetime.datetime(2022, 1, 9, 13, 0)}}","['RB/WR', 'WR', 'WR/TE', 'RB/WR/TE', 'OP', 'BE', 'IR']",WR,3.0,,4.0,4.0,,,,,,,,,,,,,,,2.0,1.0,,,,,,,,,,,,,,,,,,,,,,,,,,,,,,,,,,,,,,,,,,,,,,,,,,,,,,,,,,,,,,,,,,,,,,,,,,,,,,,,,,,,,,,,,,,,,,,,,,,,,,,,,,,,,,,,,,,,,,,,,,,,,,,,,,,,,,,,,,,,,,,,,,,,,,,,,,,,,,,,,,,,,,,,,,,,,,,,,,,,,,,,,,,,,,,,,,,,,,,,,,,,,,,,,,,,,,,,,,,,,2021,,,,,,,,,,,,,,,,,,,,,,,,,,,,,,,,,,,,,
135.0,8.44,116.05,7.25,2.0,0.1875,1.0,,,,,,,,,,,,,1.5,104.0,63.4375,6.0,197.0,95.0,44.0,33.0,11.0,13.0,141.0,439.0,9.75961538,,2.0,,1.0,1.0,4.0,4.0,8.0,8.0,42.0,1.0,,16.0,4.043847094,1.528562854,0.152880147,0.005990316,4.0,2.0,1.0,,,,,0.007432415,0.00520269,0.00138537,4.72774e-05,6.070190233,53.49312526,4.637490953,0.269126908,0.199567488,0.130417353,171.0,85.0,42.0,34.0,17.0,64.46741626,12.0,6.0,1.703912274,0.052698318,105.6134731,13.32512932,0.275117223,0.003202872,0.042965481,0.684960018,0.7279255,0.019764121,0.38357761,0.403341732,0.403341732,16.05882353,Jaylen Waddle,MIA,DRAFT,19,4372016,12,Jean Machine,BE,"{'1': {'team': 'NE', 'date': datetime.datetime(2021, 9, 12, 16, 25)}, '2': {'team': 'BUF', 'date': datetime.datetime(2021, 9, 19, 13, 0)}, '3': {'team': 'LV', 'date': datetime.datetime(2021, 9, 26, 16, 5)}, '4': {'team': 'IND', 'date': datetime.datetime(2021, 10, 3, 13, 0)}, '5': {'team': 'TB', 'date': datetime.datetime(2021, 10, 10, 13, 0)}, '6': {'team': 'JAX', 'date': datetime.datetime(2021, 10, 17, 9, 30)}, '7': {'team': 'ATL', 'date': datetime.datetime(2021, 10, 24, 13, 0)}, '8': {'team': 'BUF', 'date': datetime.datetime(2021, 10, 31, 13, 0)}, '9': {'team': 'HOU', 'date': datetime.datetime(2021, 11, 7, 13, 0)}, '10': {'team': 'BAL', 'date': datetime.datetime(2021, 11, 11, 20, 20)}, '11': {'team': 'NYJ', 'date': datetime.datetime(2021, 11, 21, 13, 0)}, '12': {'team': 'CAR', 'date': datetime.datetime(2021, 11, 28, 13, 0)}, '13': {'team': 'NYG', 'date': datetime.datetime(2021, 12, 5, 13, 0)}, '15': {'team': 'NYJ', 'date': datetime.datetime(2021, 12, 19, 13, 0)}, '16': {'team': 'NO', 'date': datetime.datetime(2021, 12, 27, 20, 15)}, '17': {'team': 'TEN', 'date': datetime.datetime(2022, 1, 2, 13, 0)}, '18': {'team': 'NE', 'date': datetime.datetime(2022, 1, 9, 16, 25)}}","['Rookie', 'RB/WR', 'WR', 'WR/TE', 'RB/WR/TE', 'OP', 'BE', 'IR']",BE,,,1.0,1.0,1.0,,158.0,13.0,4.0,0.044092,0.047472,136.0208,42.312,13.0,5.0,4.0,1.0,3.0,6.0,,,,,,,,,,,,,,,,,,,,,,,,,,,,,,,,,,,,,,,,,,,,,,,,,,,,,,,,,,,,,,,,,,,,,,,,,,,,,,,,,,,,,,,,,,,,,,,,,,,,,,,,,,,,,,,,35.0,1.0,,,,,,,,,,,,,,,,,,,,,,,,,,,,,,,,,,,,,,,,,,,,,,,,,,,,,,,,,,,,,,,,,,,,,,,,,,,,,,,,,,,,,,,,,,,,,,,,,,,,,,,,,,,,,2021,,,,,,,,,,,,,,,,,,,,,,,,,,,,,,,,,,,,,
289.0,18.06,247.18,15.45,29.0,7.1875,1.0,21.0,8.0,1.0,1.0,,,,,,,,,3.96551724,,,,,,,,,,,,,2.0,12.0,,2.0,9.0,1.0,1.0,8.0,8.0,204.0,1.0,,16.0,33.43630074,6.663853906,1.304796866,0.049454263,21.0,10.0,5.0,4.0,2.0,6.0,3.0,0.062501154,0.043750808,0.03064321,0.001045735,3.20052313,,,,,,,,,,,,,,,,,,1.564084409,0.036167606,0.489524962,,8.219910428,0.225181482,,3.935766506,15.10682076,16.05882353,Kirk Cousins,MIN,DRAFT,10,14880,12,Jean Machine,BE,"{'1': {'team': 'CIN', 'date': datetime.datetime(2021, 9, 12, 13, 0)}, '2': {'team': 'ARI', 'date': datetime.datetime(2021, 9, 19, 16, 5)}, '3': {'team': 'SEA', 'date': datetime.datetime(2021, 9, 26, 16, 25)}, '4': {'team': 'CLE', 'date': datetime.datetime(2021, 10, 3, 13, 0)}, '5': {'team': 'DET', 'date': datetime.datetime(2021, 10, 10, 13, 0)}, '6': {'team': 'CAR', 'date': datetime.datetime(2021, 10, 17, 13, 0)}, '8': {'team': 'DAL', 'date': datetime.datetime(2021, 10, 31, 20, 20)}, '9': {'team': 'BAL', 'date': datetime.datetime(2021, 11, 7, 13, 0)}, '10': {'team': 'LAC', 'date': datetime.datetime(2021, 11, 14, 16, 5)}, '11': {'team': 'GB', 'date': datetime.datetime(2021, 11, 21, 13, 0)}, '12': {'team': 'SF', 'date': datetime.datetime(2021, 11, 28, 16, 25)}, '13': {'team': 'DET', 'date': datetime.datetime(2021, 12, 5, 13, 0)}, '14': {'team': 'PIT', 'date': datetime.datetime(2021, 12, 9, 20, 20)}, '15': {'team': 'CHI', 'date': datetime.datetime(2021, 12, 20, 20, 15)}, '16': {'team': 'LAR', 'date': datetime.datetime(2021, 12, 26, 13, 0)}, '17': {'team': 'GB', 'date': datetime.datetime(2022, 1, 2, 20, 20)}, '18': {'team': 'CHI', 'date': datetime.datetime(2022, 1, 9, 13, 0)}}","['QB', 'OP', 'BE', 'IR']",BE,,,,,,,,,,,,,,,,,,,,,561.0,372.0,189.0,263.8125,33.0,838.0,416.0,204.0,161.0,76.0,34.0,69.0,32.0,32.0,13.0,5.0,3.0,6.0,,7.0,0.6631016,28.0,10.0,15.0,7.0,6.0,,491.2123338,326.7445749,164.4677589,235.4235868,26.30570729,756.0,378.0,189.0,151.0,75.0,37.0,65.0,32.0,3.022254087,1.975043046,2.884591296,0.38963265,1.514630146,11.17105425,0.665179908,36.80056357,7.730385467,3.710585024,,,,,,,,,,,,,,,,,,,,,,,,,,,,,,,,,,,,,,,,,,,,,,,,,,,,,,,,,,,,,,,,,,,,,,,,,,,,,,,,,,,,,,,,,,,,,,,,,,,,,,,,,,,,,,,,,,,,,,,,,,,,,,,2.0,,,,,,,,,,,,,,,,,,,,,,,,,,,,,,,,,,,,,,,,,,,,2021,,,,,,,,,,,,,,,,,,,,,,,,,,,,,,,,,,,,,
58.0,3.62,8.09,0.54,103.0,27.0625,2.0,82.0,38.0,16.0,12.0,5.0,1.0,13.0,5.0,,,1.0,,4.2038835,14.0,6.0,,18.0,8.0,2.0,2.0,,1.0,16.0,101.0,6.85714286,,1.0,,,,1.0,3.0,5.0,11.0,12.0,1.0,,16.0,9.662953426,2.673994126,0.271571224,0.008082316,8.0,4.0,2.0,1.0,,1.0,,0.017819043,0.01247333,0.004205319,0.000143511,4.183451751,1.451447725,0.0880539,0.004202109,0.048089969,0.031426795,4.0,2.0,1.0,,,2.792466471,,,0.012251989,0.000378927,3.792510481,7.857739622,0.012284425,0.000449499,0.079255212,0.022903714,0.102158926,0.036457398,0.01282608,0.049283477,0.049283477,15.11764706,Khalil Herbert,CHI,ADD,59,4035886,12,Jean Machine,BE,"{'1': {'team': 'LAR', 'date': datetime.datetime(2021, 9, 12, 20, 20)}, '2': {'team': 'CIN', 'date': datetime.datetime(2021, 9, 19, 13, 0)}, '3': {'team': 'CLE', 'date': datetime.datetime(2021, 9, 26, 13, 0)}, '4': {'team': 'DET', 'date': datetime.datetime(2021, 10, 3, 13, 0)}, '5': {'team': 'LV', 'date': datetime.datetime(2021, 10, 10, 16, 5)}, '6': {'team': 'GB', 'date': datetime.datetime(2021, 10, 17, 13, 0)}, '7': {'team': 'TB', 'date': datetime.datetime(2021, 10, 24, 16, 25)}, '8': {'team': 'SF', 'date': datetime.datetime(2021, 10, 31, 13, 0)}, '9': {'team': 'PIT', 'date': datetime.datetime(2021, 11, 8, 20, 15)}, '11': {'team': 'BAL', 'date': datetime.datetime(2021, 11, 21, 13, 0)}, '12': {'team': 'DET', 'date': datetime.datetime(2021, 11, 25, 12, 30)}, '13': {'team': 'ARI', 'date': datetime.datetime(2021, 12, 5, 13, 0)}, '14': {'team': 'GB', 'date': datetime.datetime(2021, 12, 12, 20, 20)}, '15': {'team': 'MIN', 'date': datetime.datetime(2021, 12, 20, 20, 15)}, '16': {'team': 'SEA', 'date': datetime.datetime(2021, 12, 26, 16, 5)}, '17': {'team': 'NYG', 'date': datetime.datetime(2022, 1, 2, 13, 0)}, '18': {'team': 'MIN', 'date': datetime.datetime(2022, 1, 9, 13, 0)}}","['Rookie', 'RB', 'RB/WR', 'RB/WR/TE', 'OP', 'BE', 'IR']",BE,,,,,,,650.0,59.0,20.0,,,,,,,,,,,,,,,,,,,,,,,,,,,,,,,,,,,,,,,,,,,,,,,,,,,,,,,,,,,,,,,,,2.0,,1.0,,,,,,,,,,,,,,,,,,,,,,,,,,,,,,,,,,,,,,,,,,,,,,,,,,,,,,,,,,,,,,,,,,,,,,,,,,,,,,,,,,,,,,,,,,,,,,,,,,,,,,,,,,,,,,,,,,,,,,,,,,,,,,,,,,,,,,,,,,,,,,,,,,,,,,,,,,,,,,,,,,,,,2021,,,,,,,,,,,,,,,,,,,,,,,,,,,,,,,,,,,,,
171.0,10.06,126.45,7.44,,,,,,,,,,,,,,,,,,,,,,,,,,,,,,,,,,,,10.0,7.0,150.0,,,17.0,,,,,,,,,,,,,,,,,,,,,,,,,,,,,,,,,,,,,,,,,,,17.0,Daniel Carlson,LV,ADD,1,3051909,12,Jean Machine,K,"{'1': {'team': 'BAL', 'date': datetime.datetime(2021, 9, 13, 20, 15)}, '2': {'team': 'PIT', 'date': datetime.datetime(2021, 9, 19, 13, 0)}, '3': {'team': 'MIA', 'date': datetime.datetime(2021, 9, 26, 16, 5)}, '4': {'team': 'LAC', 'date': datetime.datetime(2021, 10, 4, 20, 15)}, '5': {'team': 'CHI', 'date': datetime.datetime(2021, 10, 10, 16, 5)}, '6': {'team': 'DEN', 'date': datetime.datetime(2021, 10, 17, 16, 25)}, '7': {'team': 'PHI', 'date': datetime.datetime(2021, 10, 24, 16, 5)}, '9': {'team': 'NYG', 'date': datetime.datetime(2021, 11, 7, 13, 0)}, '10': {'team': 'KC', 'date': datetime.datetime(2021, 11, 14, 20, 20)}, '11': {'team': 'CIN', 'date': datetime.datetime(2021, 11, 21, 16, 5)}, '12': {'team': 'DAL', 'date': datetime.datetime(2021, 11, 25, 16, 30)}, '13': {'team': 'WSH', 'date': datetime.datetime(2021, 12, 5, 16, 5)}, '14': {'team': 'KC', 'date': datetime.datetime(2021, 12, 12, 13, 0)}, '15': {'team': 'CLE', 'date': datetime.datetime(2021, 12, 20, 17, 0)}, '16': {'team': 'DEN', 'date': datetime.datetime(2021, 12, 26, 16, 25)}, '17': {'team': 'IND', 'date': datetime.datetime(2022, 1, 2, 13, 0)}, '18': {'team': 'LAC', 'date': datetime.datetime(2022, 1, 9, 20, 20)}}","['K', 'BE', 'IR']",K,,,,,,,,,,,,,,,,,,,,,,,,,,,,,,,,,,,,,,,,,,,,,,,,,,,,,,,,,,,,,,,,,,,,,,,,,,,,,,6.0,7.0,12.0,13.0,1.0,22.0,23.0,1.0,40.0,43.0,3.0,30.0,33.0,3.0,6.0,7.0,3.079685481,4.82675973,1.74707425,7.555849872,10.0005414,2.44469153,15.69761208,16.72014809,1.022536008,26.33314743,31.54744922,5.214301788,38.9474928,41.47568101,2.528188217,3.079685481,4.82675973,1.74707425,,,,,,,,,,,,,,,,,,,,,,,,,,,,,,,,,,,,,,,,,,,,,,,,,,,,,,,,,,,,,,,,,,,,,,,,,,,,,,,,,,,,,,,1.0,1.0,,,,,,,,,,,,,,,,,,,,,,,,,,,,,,,,,,,,,,,,,,2021,,,,,,,,,,,,,,,,,,,,,,,,,,,,,,,,,,,,,
93.0,5.47,117.16,6.89,,,,,,,,,,,,,,,,,,,,,,,,,,,,,,,,,,764.0,1208.0,8.0,9.0,,,,17.0,,,,,,,,,,,,,,,,,,,,,,,,,,,,,,,,,,,,,,,,,,,17.0,Vikings D/ST,MIN,ADD,15,-16016,12,Jean Machine,D/ST,"{'1': {'team': 'CIN', 'date': datetime.datetime(2021, 9, 12, 13, 0)}, '2': {'team': 'ARI', 'date': datetime.datetime(2021, 9, 19, 16, 5)}, '3': {'team': 'SEA', 'date': datetime.datetime(2021, 9, 26, 16, 25)}, '4': {'team': 'CLE', 'date': datetime.datetime(2021, 10, 3, 13, 0)}, '5': {'team': 'DET', 'date': datetime.datetime(2021, 10, 10, 13, 0)}, '6': {'team': 'CAR', 'date': datetime.datetime(2021, 10, 17, 13, 0)}, '8': {'team': 'DAL', 'date': datetime.datetime(2021, 10, 31, 20, 20)}, '9': {'team': 'BAL', 'date': datetime.datetime(2021, 11, 7, 13, 0)}, '10': {'team': 'LAC', 'date': datetime.datetime(2021, 11, 14, 16, 5)}, '11': {'team': 'GB', 'date': datetime.datetime(2021, 11, 21, 13, 0)}, '12': {'team': 'SF', 'date': datetime.datetime(2021, 11, 28, 16, 25)}, '13': {'team': 'DET', 'date': datetime.datetime(2021, 12, 5, 13, 0)}, '14': {'team': 'PIT', 'date': datetime.datetime(2021, 12, 9, 20, 20)}, '15': {'team': 'CHI', 'date': datetime.datetime(2021, 12, 20, 20, 15)}, '16': {'team': 'LAR', 'date': datetime.datetime(2021, 12, 26, 13, 0)}, '17': {'team': 'GB', 'date': datetime.datetime(2022, 1, 2, 20, 20)}, '18': {'team': 'CHI', 'date': datetime.datetime(2022, 1, 9, 13, 0)}}","['D/ST', 'BE', 'IR']",D/ST,,,,,,,849.0,78.0,25.0,0.22046,0.23736,680.104,211.56,68.0,27.0,21.0,8.0,,,,,,,,,,,,,,,,,,,,,,,,,,,,,,,,,,,,,,,,,,,,,,,,,,,,,,,,,444.0,,,13.0,,,,,,,,,,,,,,,,,,,,,,,,,,,,,,,,,,,8.0,0.0,0.0,1.0,4.0,2.0,16.0,1.0,,51.0,102.0,2.0,,2.0,4.0,395.0,235.0,54.0,68.0,206.0,16.0,3.0,426.0,2.0,1.0,8.0,1.0,6522.0,0.0,0.0,2.0,2.0,7.0,2.0,3.0,1.0,0.0,0.0,0.0,1.0,4.0,2.0,1.0,8.0,1.0,0.291929508,1.319214979,4.357664964,3.608691299,0.063840449,1.584276724,12.56980721,7.437649757,1.168804163,0.549644594,40.03917747,80.07835493,1.047613931,0.536662793,2.105937172,11.44253809,1012.567675,337.0,202.0,65.30053566,355.0313902,2.468208671,2.97036147,1.59156904,0.365975768,0.0263843,20.88419942,6018.138218,0.450567585,3.910586588,3.715057259,3.961594239,2.796919538,1.445216783,0.561084163,0.158973846,354.0081305,-355.0313902,,,,,,,,,,,,,,,,,,,,,,,,,,,,,,,,,,,,,,,,,,,,,,,2021,,,,,,,,,,,,,,,,,,,,,,,,,,,,,,,,,,,,,
21.0,5.25,0.0,0.0,38.0,24.5,2.0,19.0,9.0,4.0,1.0,,,6.0,2.0,,,,,2.57894737,4.0,2.0,,1.0,,,,,,4.0,14.0,2.0,1.0,1.0,,,,,,3.0,1.0,12.0,2.0,,4.0,,,,,,,,,,,,,,,,,,,,,,,,,,,,,,,,,,,,,,,,,,,,Adrian Peterson,None,ADD,92,10452,12,Jean Machine,BE,{},"['RB', 'RB/WR', 'RB/WR/TE', 'OP', 'BE', 'IR']",BE,,,,,,,,,,,,,,,,,,,,,,,,,,,,,,,,,,,,,,,,,,,,,,,,,,,,,,,,,,,,,,,,,,,,,,,,,,,,,,,,,,,,,,,,,,,,,,,,,,,,,,,,,,,,,,,,,,,,,,,,,,,,,,,,,,,,,,,,,,,,,,,,,,,,,,,,,,,,,,,,,,,,,,,,,,,,,,,,,,,,,,,,,,,,,,,,,,,,,,,,,,,,,,,,,,,,,,,,,,,,,,,,,,,,,,,,,,,,,,,,,2021,,,,,,,,,,,,,,,,,,,,,,,,,,,,,,,,,,,,,
64.0,4.27,67.78,4.24,3.0,1.33333333,,4.0,2.0,,,,,,,,,,,6.66666667,48.0,31.86666667,4.0,91.0,42.0,18.0,12.0,4.0,3.0,63.0,249.0,9.95833333,,2.0,,2.0,2.0,,,6.0,9.0,24.0,,,15.0,,,,,,,,,,,,,,,,,28.30300852,3.846859633,0.146851689,0.098491181,0.064363987,90.0,45.0,22.0,18.0,9.0,43.55194386,8.0,4.0,0.301827938,0.009334885,66.06161694,10.43611327,0.146851689,0.002394509,,0.544206645,0.544206645,,0.304755721,0.304755721,0.304755721,16.05882353,Gerald Everett,SEA,ADD,20,3918639,12,Jean Machine,TE,"{'1': {'team': 'IND', 'date': datetime.datetime(2021, 9, 12, 13, 0)}, '2': {'team': 'TEN', 'date': datetime.datetime(2021, 9, 19, 16, 25)}, '3': {'team': 'MIN', 'date': datetime.datetime(2021, 9, 26, 16, 25)}, '4': {'team': 'SF', 'date': datetime.datetime(2021, 10, 3, 16, 5)}, '5': {'team': 'LAR', 'date': datetime.datetime(2021, 10, 7, 20, 20)}, '6': {'team': 'PIT', 'date': datetime.datetime(2021, 10, 17, 20, 20)}, '7': {'team': 'NO', 'date': datetime.datetime(2021, 10, 25, 20, 15)}, '8': {'team': 'JAX', 'date': datetime.datetime(2021, 10, 31, 16, 5)}, '10': {'team': 'GB', 'date': datetime.datetime(2021, 11, 14, 16, 25)}, '11': {'team': 'ARI', 'date': datetime.datetime(2021, 11, 21, 16, 25)}, '12': {'team': 'WSH', 'date': datetime.datetime(2021, 11, 29, 20, 15)}, '13': {'team': 'SF', 'date': datetime.datetime(2021, 12, 5, 16, 25)}, '14': {'team': 'HOU', 'date': datetime.datetime(2021, 12, 12, 13, 0)}, '15': {'team': 'LAR', 'date': datetime.datetime(2021, 12, 21, 19, 0)}, '16': {'team': 'CHI', 'date': datetime.datetime(2021, 12, 26, 16, 5)}, '17': {'team': 'DET', 'date': datetime.datetime(2022, 1, 2, 16, 25)}, '18': {'team': 'ARI', 'date': datetime.datetime(2022, 1, 9, 16, 25)}}","['WR/TE', 'TE', 'RB/WR/TE', 'OP', 'BE', 'IR']",TE,,,,,2.0,2.0,,,,,,,,,,,,,3.0,1.0,,,,,,,,,,,,,,,,,,,,,,,,,,,,,,,,,,,,,,,,,,,,,,,,,,,,,,,,,,,,,,,,,,,,,,,,,,,,,,,,,,,,,,,,,,,,,,,,,,,,,,,,,,,,,,,,,,,,,,,,,,,,,,,,,,,,,,,,,,,,,,,,,,,,,,,,,,,,,,,,,,,,,,,,,,,,,,,,,,,,,,,,,,,,,,,,,,,,,,,,,,,,,,,,,,,,,,,,,,,,,2021,,,,,,,,,,,,,,,,,,,,,,,,,,,,,,,,,,,,,
161.0,10.06,196.69,12.29,2.0,0.1875,1.0,,,,,,,,,,,,,1.5,92.0,70.3125,9.0,217.0,103.0,48.0,38.0,15.0,12.0,134.0,564.0,12.22826087,,1.0,,1.0,1.0,1.0,1.0,11.0,5.0,60.0,1.0,1.0,16.0,,,,,,,,,,,,,,,,,82.68593639,10.85425474,0.336032104,0.257859872,0.168511426,265.0,132.0,66.0,53.0,26.0,107.640456,21.0,10.0,4.867265609,0.150533988,153.0465049,12.33587175,0.336032104,0.004443438,,1.009872224,1.009872224,,0.565528445,0.565528445,0.565528445,16.05882353,Travis Kelce,KC,DRAFT,2,15847,13,The Ralph Dudes,BE,"{'1': {'team': 'CLE', 'date': datetime.datetime(2021, 9, 12, 16, 25)}, '2': {'team': 'BAL', 'date': datetime.datetime(2021, 9, 19, 20, 20)}, '3': {'team': 'LAC', 'date': datetime.datetime(2021, 9, 26, 13, 0)}, '4': {'team': 'PHI', 'date': datetime.datetime(2021, 10, 3, 13, 0)}, '5': {'team': 'BUF', 'date': datetime.datetime(2021, 10, 10, 20, 20)}, '6': {'team': 'WSH', 'date': datetime.datetime(2021, 10, 17, 13, 0)}, '7': {'team': 'TEN', 'date': datetime.datetime(2021, 10, 24, 13, 0)}, '8': {'team': 'NYG', 'date': datetime.datetime(2021, 11, 1, 20, 15)}, '9': {'team': 'GB', 'date': datetime.datetime(2021, 11, 7, 16, 25)}, '10': {'team': 'LV', 'date': datetime.datetime(2021, 11, 14, 20, 20)}, '11': {'team': 'DAL', 'date': datetime.datetime(2021, 11, 21, 16, 25)}, '13': {'team': 'DEN', 'date': datetime.datetime(2021, 12, 5, 20, 20)}, '14': {'team': 'LV', 'date': datetime.datetime(2021, 12, 12, 13, 0)}, '15': {'team': 'LAC', 'date': datetime.datetime(2021, 12, 16, 20, 20)}, '16': {'team': 'PIT', 'date': datetime.datetime(2021, 12, 26, 16, 25)}, '17': {'team': 'CIN', 'date': datetime.datetime(2022, 1, 2, 13, 0)}, '18': {'team': 'DEN', 'date': datetime.datetime(2022, 1, 8, 16, 30)}}","['WR/TE', 'TE', 'RB/WR/TE', 'OP', 'BE', 'IR']",BE,1.0,,4.0,4.0,1.0,1.0,,,,,,,,,,,,1.0,6.0,,,,,,,,,,,,,,,,,,,,,,,,,,,,,,,,,,,,,,,,,,,,,,,,,,,,,,1.0,,,,,,,,,,,,,,,,,,,,,,,,,,,,,,,,,,,,,,,,,,,,,,,,,,,,,,,,,,,,,,,,,,,,,,,,,,,,,,,,,,,,,,,,,,,,,,,,,,,,,,,,,,,,,,,,,,,,,,,,,,,,,,,,,,,,,,,,,,,,,,,,,,,,,,,,,,,,,,,,,,,,,,,,2021,,,,,,,,,,,,,,,,,,,,,,,,,,,,,,,,,,,,,
111.0,8.54,183.73,11.48,2.0,0.76923077,,1.0,,,,,,,,,,,,5.0,63.0,66.84615385,5.0,169.0,81.0,38.0,27.0,9.0,8.0,105.0,248.0,13.79365079,,,,,,3.0,3.0,11.0,2.0,30.0,,,13.0,,,,,,,,,,,,,,,,,80.01607163,9.386964469,0.523077467,0.345055535,0.225493792,256.0,128.0,64.0,51.0,25.0,87.57122784,17.0,8.0,4.544764557,0.140559729,137.2226571,14.67335797,0.523077467,0.00660618,,1.501404521,1.501404521,,0.840786532,0.840786532,0.840786532,16.05882353,A.J. Brown,TEN,DRAFT,32,4047646,13,The Ralph Dudes,BE,"{'1': {'team': 'ARI', 'date': datetime.datetime(2021, 9, 12, 13, 0)}, '2': {'team': 'SEA', 'date': datetime.datetime(2021, 9, 19, 16, 25)}, '3': {'team': 'IND', 'date': datetime.datetime(2021, 9, 26, 13, 0)}, '4': {'team': 'NYJ', 'date': datetime.datetime(2021, 10, 3, 13, 0)}, '5': {'team': 'JAX', 'date': datetime.datetime(2021, 10, 10, 13, 0)}, '6': {'team': 'BUF', 'date': datetime.datetime(2021, 10, 18, 20, 15)}, '7': {'team': 'KC', 'date': datetime.datetime(2021, 10, 24, 13, 0)}, '8': {'team': 'IND', 'date': datetime.datetime(2021, 10, 31, 13, 0)}, '9': {'team': 'LAR', 'date': datetime.datetime(2021, 11, 7, 20, 20)}, '10': {'team': 'NO', 'date': datetime.datetime(2021, 11, 14, 13, 0)}, '11': {'team': 'HOU', 'date': datetime.datetime(2021, 11, 21, 13, 0)}, '12': {'team': 'NE', 'date': datetime.datetime(2021, 11, 28, 13, 0)}, '14': {'team': 'JAX', 'date': datetime.datetime(2021, 12, 12, 13, 0)}, '15': {'team': 'PIT', 'date': datetime.datetime(2021, 12, 19, 13, 0)}, '16': {'team': 'SF', 'date': datetime.datetime(2021, 12, 23, 20, 20)}, '17': {'team': 'MIA', 'date': datetime.datetime(2022, 1, 2, 13, 0)}, '18': {'team': 'HOU', 'date': datetime.datetime(2022, 1, 9, 13, 0)}}","['RB/WR', 'WR', 'WR/TE', 'RB/WR/TE', 'OP', 'BE', 'IR']",BE,1.0,1.0,3.0,3.0,,,,,,,,,,,,,,2.0,,1.0,2.0,,2.0,,,,,,,,,,,,,,,,,,,,,,,,,,,,,,,,,,,,,,,,,,,,,,,,,,3.0,,,,,,,,,,,,,,,,,,,,,,,,,,,,,,,,,,,,,,,,,,,,,,,,,,,,,,,,,,,,,,,,,,,,,,,,,,,,,,,,,,,,,,,,,,,,,,,,,,,,,,,,,,,,,,,,,,,,,,,,,,,,,,,,,,,,,,,,,,,,,,,,,,,,,,,,,,,,,,,,,,,,,,,,2021,,,,,,,,,,,,,,,,,,,,,,,,,,,,,,,,,,,,,
129.0,9.21,186.42,12.43,164.0,54.78571429,8.0,147.0,69.0,32.0,24.0,8.0,1.0,27.0,9.0,,,1.0,,4.67682927,31.0,15.85714286,,40.0,16.0,6.0,5.0,,1.0,46.0,230.0,7.16129032,2.0,4.0,2.0,2.0,2.0,2.0,3.0,1.0,13.0,48.0,8.0,,14.0,227.886161,65.31707939,6.762568497,0.241275541,197.0,98.0,49.0,39.0,19.0,45.0,22.0,0.46991723,0.328942061,2.529860192,0.086334422,4.33304308,26.30114754,1.768534578,0.092990286,0.045169234,0.029518095,79.0,39.0,19.0,15.0,7.0,54.30780324,10.0,5.0,0.219453165,0.006787211,70.00448907,7.321442628,0.334265828,0.011514345,2.113278754,0.503617799,2.616896552,0.972108227,0.282025967,1.254134194,1.254134194,15.11764706,James Robinson,JAX,DRAFT,25,4052042,13,The Ralph Dudes,RB,"{'1': {'team': 'HOU', 'date': datetime.datetime(2021, 9, 12, 13, 0)}, '2': {'team': 'DEN', 'date': datetime.datetime(2021, 9, 19, 13, 0)}, '3': {'team': 'ARI', 'date': datetime.datetime(2021, 9, 26, 13, 0)}, '4': {'team': 'CIN', 'date': datetime.datetime(2021, 9, 30, 20, 20)}, '5': {'team': 'TEN', 'date': datetime.datetime(2021, 10, 10, 13, 0)}, '6': {'team': 'MIA', 'date': datetime.datetime(2021, 10, 17, 9, 30)}, '8': {'team': 'SEA', 'date': datetime.datetime(2021, 10, 31, 16, 5)}, '9': {'team': 'BUF', 'date': datetime.datetime(2021, 11, 7, 13, 0)}, '10': {'team': 'IND', 'date': datetime.datetime(2021, 11, 14, 13, 0)}, '11': {'team': 'SF', 'date': datetime.datetime(2021, 11, 21, 13, 0)}, '12': {'team': 'ATL', 'date': datetime.datetime(2021, 11, 28, 13, 0)}, '13': {'team': 'LAR', 'date': datetime.datetime(2021, 12, 5, 16, 5)}, '14': {'team': 'TEN', 'date': datetime.datetime(2021, 12, 12, 13, 0)}, '15': {'team': 'HOU', 'date': datetime.datetime(2021, 12, 19, 13, 0)}, '16': {'team': 'NYJ', 'date': datetime.datetime(2021, 12, 26, 13, 0)}, '17': {'team': 'NE', 'date': datetime.datetime(2022, 1, 2, 13, 0)}, '18': {'team': 'IND', 'date': datetime.datetime(2022, 1, 9, 13, 0)}}","['RB', 'RB/WR', 'RB/WR/TE', 'OP', 'BE', 'IR']",RB,,,,,2.0,,,,,,,,,,,,,,,,,,,,,,,,,,,,,,,,,,,,,,,,,,,,,,,,,,,,,,,,,,,,,,,,,,,,,1.0,,,,,,,,,,,,,,,,,,,,,,,,,,,,,,,,,,,,,,,,,,,,,,,,,,,,,,,,,,,,,,,,,,,,,,,,,,,,,,,,,,,,,,,,,,,,,,,,,,,,,,,,,,,,,,,,,,,,,,,,,,,,,,,,,,,,,,,,,,,,,,,,,,,,,,,,,,,,,,,,,,,,,,,2021,,,,,,,,,,,,,,,,,,,,,,,,,,,,,,,,,,,,,
210.0,14.0,122.77,8.77,202.0,50.13333333,15.0,144.0,69.0,30.0,24.0,8.0,,37.0,15.0,,,,,3.72277228,37.0,25.0,3.0,72.0,33.0,13.0,11.0,2.0,4.0,39.0,382.0,10.13513514,2.0,2.0,,,,1.0,1.0,10.0,5.0,108.0,12.0,,15.0,148.2015557,44.64523002,5.923636135,0.150988825,126.0,63.0,31.0,25.0,12.0,29.0,14.0,0.293787976,0.205651583,1.038427468,0.035437545,4.270615024,14.35948151,0.885575107,0.046274421,0.050326742,0.032888526,40.0,20.0,10.0,8.0,4.0,28.23729545,5.0,2.0,0.075942498,0.002348737,34.76430635,7.209145354,0.197263246,0.007021265,1.340359269,0.255382749,1.595742018,0.616565264,0.143014339,0.759579603,0.759579603,14.17647059,James Conner,ARI,DRAFT,5,3045147,13,The Ralph Dudes,BE,"{'1': {'team': 'TEN', 'date': datetime.datetime(2021, 9, 12, 13, 0)}, '2': {'team': 'MIN', 'date': datetime.datetime(2021, 9, 19, 16, 5)}, '3': {'team': 'JAX', 'date': datetime.datetime(2021, 9, 26, 13, 0)}, '4': {'team': 'LAR', 'date': datetime.datetime(2021, 10, 3, 16, 5)}, '5': {'team': 'SF', 'date': datetime.datetime(2021, 10, 10, 16, 25)}, '6': {'team': 'CLE', 'date': datetime.datetime(2021, 10, 17, 16, 5)}, '7': {'team': 'HOU', 'date': datetime.datetime(2021, 10, 24, 16, 25)}, '8': {'team': 'GB', 'date': datetime.datetime(2021, 10, 28, 20, 20)}, '9': {'team': 'SF', 'date': datetime.datetime(2021, 11, 7, 16, 25)}, '10': {'team': 'CAR', 'date': datetime.datetime(2021, 11, 14, 16, 5)}, '11': {'team': 'SEA', 'date': datetime.datetime(2021, 11, 21, 16, 25)}, '13': {'team': 'CHI', 'date': datetime.datetime(2021, 12, 5, 13, 0)}, '14': {'team': 'LAR', 'date': datetime.datetime(2021, 12, 13, 20, 15)}, '15': {'team': 'DET', 'date': datetime.datetime(2021, 12, 19, 13, 0)}, '16': {'team': 'IND', 'date': datetime.datetime(2021, 12, 25, 20, 15)}, '17': {'team': 'DAL', 'date': datetime.datetime(2022, 1, 2, 16, 25)}, '18': {'team': 'SEA', 'date': datetime.datetime(2022, 1, 9, 16, 25)}}","['RB', 'RB/WR', 'RB/WR/TE', 'OP', 'BE', 'IR']",BE,1.0,,,,,,,,,,,,,,,,,,,2.0,,,,,,,,,,,,,,,,,,,,,,,,,,,,,,,,,,,,,,,,,,,,,,,,,,,,,,,3.0,,,,,,,,,,,,,,,,,,,,,,,,,,,,,,,,,,,,,,,,,,,,,,,,,,,,,,,,,,,,,,,,,,,,,,,,,,,,,,,,,,,,,,,,,,,,,,,,,,,,,,,,,,,,,,,,,,,,,,,,,,,,,,,,,,,,,,,,,,,,,,,,,,,,,,,,,,,,,,,,,,,,,,2021,,,,,,,,,,,,,,,,,,,,,,,,,,,,,,,,,,,,,
230.0,16.43,315.14,19.7,43.0,13.07142857,2.0,32.0,12.0,3.0,2.0,,,3.0,,,,,,4.25581395,,,,,,,,,,,,,2.0,6.0,,1.0,7.0,,,6.0,8.0,162.0,1.0,,14.0,79.37987869,26.49637212,2.259700549,0.066799552,85.0,42.0,21.0,17.0,8.0,15.0,7.0,0.151862879,0.106304015,0.46461862,0.015855651,5.360307562,,,,,,,,,,,,,,,,,,1.238003445,0.037856676,1.01727592,,8.603789934,0.467946923,,4.10947365,15.51733643,16.05882353,Russell Wilson,SEA,DRAFT,15,14881,13,The Ralph Dudes,QB,"{'1': {'team': 'IND', 'date': datetime.datetime(2021, 9, 12, 13, 0)}, '2': {'team': 'TEN', 'date': datetime.datetime(2021, 9, 19, 16, 25)}, '3': {'team': 'MIN', 'date': datetime.datetime(2021, 9, 26, 16, 25)}, '4': {'team': 'SF', 'date': datetime.datetime(2021, 10, 3, 16, 5)}, '5': {'team': 'LAR', 'date': datetime.datetime(2021, 10, 7, 20, 20)}, '6': {'team': 'PIT', 'date': datetime.datetime(2021, 10, 17, 20, 20)}, '7': {'team': 'NO', 'date': datetime.datetime(2021, 10, 25, 20, 15)}, '8': {'team': 'JAX', 'date': datetime.datetime(2021, 10, 31, 16, 5)}, '10': {'team': 'GB', 'date': datetime.datetime(2021, 11, 14, 16, 25)}, '11': {'team': 'ARI', 'date': datetime.datetime(2021, 11, 21, 16, 25)}, '12': {'team': 'WSH', 'date': datetime.datetime(2021, 11, 29, 20, 15)}, '13': {'team': 'SF', 'date': datetime.datetime(2021, 12, 5, 16, 25)}, '14': {'team': 'HOU', 'date': datetime.datetime(2021, 12, 12, 13, 0)}, '15': {'team': 'LAR', 'date': datetime.datetime(2021, 12, 21, 19, 0)}, '16': {'team': 'CHI', 'date': datetime.datetime(2021, 12, 26, 16, 5)}, '17': {'team': 'DET', 'date': datetime.datetime(2022, 1, 2, 16, 25)}, '18': {'team': 'ARI', 'date': datetime.datetime(2022, 1, 9, 16, 25)}}","['QB', 'OP', 'BE', 'IR']",QB,,,,,,,,,,,,,,,,,,,,,400.0,259.0,141.0,222.35714286,25.0,617.0,305.0,149.0,118.0,55.0,24.0,48.0,21.0,23.0,8.0,6.0,4.0,1.0,1.0,6.0,0.6475,33.0,4.0,7.0,8.0,3.0,1.0,547.5238842,357.032893,190.4909913,258.3946978,30.72809908,829.0,414.0,207.0,165.0,82.0,41.0,71.0,35.0,3.42461696,2.237987184,3.478574203,0.469864166,1.171203892,11.40786278,0.652086426,44.46551622,7.586514013,3.641526726,,,,,1.0,,,,,,,,,,,,,,,,,,,,,,,,,,,,,,,,,,,,,,,,,,,,,,,,,,,,,,,,,,,,,,,,,,,,,,,,,,,,,,,,,,,,,,,,,,,,,,,,,,,,,,,,,,,,,,,,,,,,,,,,,,1.0,,,,,,,,,,,,,,,,,,,,,,,,,,,,,,,,,,,,,,,,,,,,2021,,,,,,,,,,,,,,,,,,,,,,,,,,,,,,,,,,,,,
123.0,10.25,164.09,10.94,149.0,57.33333333,5.0,134.0,64.0,28.0,22.0,8.0,,26.0,10.0,,,,,4.61744966,29.0,14.66666667,3.0,29.0,11.0,3.0,3.0,,1.0,40.0,180.0,6.06896552,,,,,,,,8.0,4.0,48.0,5.0,,12.0,181.0480327,51.53191568,8.595644041,0.240453722,155.0,77.0,38.0,31.0,15.0,36.0,18.0,0.364939634,0.255457744,1.581106722,0.053957106,4.302953762,17.90670876,1.451025905,0.070773592,0.057806352,0.037776451,54.0,27.0,13.0,10.0,5.0,33.26336195,6.0,3.0,0.106994152,0.003309097,44.58545442,8.138302541,0.311227314,0.003867104,0.742474872,0.136412476,0.878887347,0.341538441,0.076390986,0.417929427,0.417929427,15.11764706,Darrell Henderson Jr.,LAR,DRAFT,26,4039359,13,The Ralph Dudes,RB,"{'1': {'team': 'CHI', 'date': datetime.datetime(2021, 9, 12, 20, 20)}, '2': {'team': 'IND', 'date': datetime.datetime(2021, 9, 19, 13, 0)}, '3': {'team': 'TB', 'date': datetime.datetime(2021, 9, 26, 16, 25)}, '4': {'team': 'ARI', 'date': datetime.datetime(2021, 10, 3, 16, 5)}, '5': {'team': 'SEA', 'date': datetime.datetime(2021, 10, 7, 20, 20)}, '6': {'team': 'NYG', 'date': datetime.datetime(2021, 10, 17, 13, 0)}, '7': {'team': 'DET', 'date': datetime.datetime(2021, 10, 24, 16, 5)}, '8': {'team': 'HOU', 'date': datetime.datetime(2021, 10, 31, 13, 0)}, '9': {'team': 'TEN', 'date': datetime.datetime(2021, 11, 7, 20, 20)}, '10': {'team': 'SF', 'date': datetime.datetime(2021, 11, 15, 20, 15)}, '12': {'team': 'GB', 'date': datetime.datetime(2021, 11, 28, 16, 25)}, '13': {'team': 'JAX', 'date': datetime.datetime(2021, 12, 5, 16, 5)}, '14': {'team': 'ARI', 'date': datetime.datetime(2021, 12, 13, 20, 15)}, '15': {'team': 'SEA', 'date': datetime.datetime(2021, 12, 21, 19, 0)}, '16': {'team': 'MIN', 'date': datetime.datetime(2021, 12, 26, 13, 0)}, '17': {'team': 'BAL', 'date': datetime.datetime(2022, 1, 2, 13, 0)}, '18': {'team': 'SF', 'date': datetime.datetime(2022, 1, 9, 16, 25)}}","['RB', 'RB/WR', 'RB/WR/TE', 'OP', 'BE', 'IR']",RB,,,,,,,,,,,,,,,,,,,2.0,1.0,,,,,,,,,,,,,,,,,,,,,,,,,,,,,,,,,,,,,,,,,,,,,,,,,,,,,,,,,,,,,,,,,,,,,,,,,,,,,,,,,,,,,,,,,,,,,,,,,,,,,,,,,,,,,,,,,,,,,,,,,,,,,,,,,,,,,,,,,,,,,,,,,,,,,,,,,,,,,,,,,,,,,,,,,,,,,,,,,,,,,,,,,,,,,,,,,,,,,,,,,,,,,,,,,,,,,,,,,,,,,2021,,,,,,,,,,,,,,,,,,,,,,,,,,,,,,,,,,,,,
59.0,3.47,103.79,6.92,56.0,16.23529412,2.0,48.0,22.0,7.0,5.0,1.0,,4.0,,,,,,4.92857143,40.0,18.23529412,1.0,55.0,23.0,8.0,6.0,1.0,2.0,57.0,286.0,7.75,,3.0,,2.0,2.0,,,9.0,8.0,18.0,1.0,,17.0,72.78569253,21.30434565,2.479184018,0.074080406,64.0,32.0,16.0,12.0,6.0,14.0,7.0,0.13879376,0.097155632,0.268251954,0.00915441,4.424929779,26.98342265,2.309977824,0.136500278,0.045886551,0.029986861,81.0,40.0,20.0,16.0,8.0,53.22677168,10.0,5.0,0.232856508,0.007201748,71.52962368,7.66392263,0.210580683,0.003093201,0.406057937,0.29694233,0.703000267,0.186786651,0.166287705,0.353074356,0.353074356,15.11764706,Nyheim Hines,IND,DRAFT,57,3916430,13,The Ralph Dudes,BE,"{'1': {'team': 'SEA', 'date': datetime.datetime(2021, 9, 12, 13, 0)}, '2': {'team': 'LAR', 'date': datetime.datetime(2021, 9, 19, 13, 0)}, '3': {'team': 'TEN', 'date': datetime.datetime(2021, 9, 26, 13, 0)}, '4': {'team': 'MIA', 'date': datetime.datetime(2021, 10, 3, 13, 0)}, '5': {'team': 'BAL', 'date': datetime.datetime(2021, 10, 11, 20, 15)}, '6': {'team': 'HOU', 'date': datetime.datetime(2021, 10, 17, 13, 0)}, '7': {'team': 'SF', 'date': datetime.datetime(2021, 10, 24, 20, 20)}, '8': {'team': 'TEN', 'date': datetime.datetime(2021, 10, 31, 13, 0)}, '9': {'team': 'NYJ', 'date': datetime.datetime(2021, 11, 4, 20, 20)}, '10': {'team': 'JAX', 'date': datetime.datetime(2021, 11, 14, 13, 0)}, '11': {'team': 'BUF', 'date': datetime.datetime(2021, 11, 21, 13, 0)}, '12': {'team': 'TB', 'date': datetime.datetime(2021, 11, 28, 13, 0)}, '13': {'team': 'HOU', 'date': datetime.datetime(2021, 12, 5, 13, 0)}, '15': {'team': 'NE', 'date': datetime.datetime(2021, 12, 18, 20, 15)}, '16': {'team': 'ARI', 'date': datetime.datetime(2021, 12, 25, 20, 15)}, '17': {'team': 'LV', 'date': datetime.datetime(2022, 1, 2, 13, 0)}, '18': {'team': 'JAX', 'date': datetime.datetime(2022, 1, 9, 13, 0)}}","['RB', 'RB/WR', 'RB/WR/TE', 'OP', 'BE', 'IR']",BE,,,,,1.0,,70.0,5.0,,,0.553152,,383.775,,,38.0,15.0,,1.0,,,,,,,,,,,,,,,,,,,,,,,,,,,,,,,,,,,,,,,,,,,,,,,,,,,,,,,,,,,,,,,,,,,,,,,,,,,,,,,,,,,,,,,,,,,,,,,,,,,,,,,,,,,,,,,,170.0,12.0,3.0,,,,,,,,,,,,,,,,,,,,,,,,,,,,,,,,,,,,,,,,,,,,,,,,,,,,,,,,,,,,,,,1.0,,,,,,,,,,,,,,,,,,,,,,,,,,,,,,,,,,,,,,,,,,,,,2021,,,,,,,,,,,,,,,,,,,,,,,,,,,,,,,,,,,,,
83.0,4.88,136.76,9.12,,,,,,,,,,,,,,,,,58.0,45.64705882,2.0,147.0,69.0,30.0,22.0,8.0,5.0,98.0,135.0,13.37931034,,,,,,,,7.0,10.0,14.0,,1.0,17.0,2.290750054,0.912659765,0.061909596,0.002304394,2.0,1.0,,,,,,0.004206269,0.002944388,0.000391438,1.33583e-05,6.023035201,64.0301208,6.609099512,0.333557497,0.249618543,0.163125718,193.0,96.0,48.0,38.0,19.0,67.43052928,13.0,6.0,2.311562241,0.071491616,112.5800879,14.35528948,0.335861891,0.003790331,0.028303281,0.833135518,0.861438799,0.013019509,0.46655589,0.479575399,0.479575399,15.11764706,Courtland Sutton,DEN,DRAFT,49,3128429,13,The Ralph Dudes,BE,"{'1': {'team': 'NYG', 'date': datetime.datetime(2021, 9, 12, 16, 25)}, '2': {'team': 'JAX', 'date': datetime.datetime(2021, 9, 19, 13, 0)}, '3': {'team': 'NYJ', 'date': datetime.datetime(2021, 9, 26, 16, 5)}, '4': {'team': 'BAL', 'date': datetime.datetime(2021, 10, 3, 16, 25)}, '5': {'team': 'PIT', 'date': datetime.datetime(2021, 10, 10, 13, 0)}, '6': {'team': 'LV', 'date': datetime.datetime(2021, 10, 17, 16, 25)}, '7': {'team': 'CLE', 'date': datetime.datetime(2021, 10, 21, 20, 20)}, '8': {'team': 'WSH', 'date': datetime.datetime(2021, 10, 31, 16, 25)}, '9': {'team': 'DAL', 'date': datetime.datetime(2021, 11, 7, 13, 0)}, '10': {'team': 'PHI', 'date': datetime.datetime(2021, 11, 14, 16, 25)}, '12': {'team': 'LAC', 'date': datetime.datetime(2021, 11, 28, 16, 5)}, '13': {'team': 'KC', 'date': datetime.datetime(2021, 12, 5, 20, 20)}, '14': {'team': 'DET', 'date': datetime.datetime(2021, 12, 12, 16, 5)}, '15': {'team': 'CIN', 'date': datetime.datetime(2021, 12, 19, 16, 5)}, '16': {'team': 'LV', 'date': datetime.datetime(2021, 12, 26, 16, 25)}, '17': {'team': 'LAC', 'date': datetime.datetime(2022, 1, 2, 16, 5)}, '18': {'team': 'KC', 'date': datetime.datetime(2022, 1, 8, 16, 30)}}","['RB/WR', 'WR', 'WR/TE', 'RB/WR/TE', 'OP', 'BE', 'IR']",BE,,,2.0,2.0,,,,,,,,,,,,,,,,,1.0,1.0,,0.94117647,,3.0,1.0,,,,,,,,,,,,,,1.0,,,,,,,,,,,,,,,,,,,,,,,,,,,,,,1.0,,1.0,,,,,,,,,,,,,,,,,,,,,,,,,,,,,,,,,,,,,,,,,,,,,,,,,,,,,,,,,,,,,,,,,,,,,,,,,,,,,,,,,,,,,,,,,,,,,,,,,,,,,,,,,,,,,,,,,,,,,,,,,,,,,,,,,,,,,,,,,,,,,,,,,,,,,,,,,,,,,,,,,,,,,,,,2021,,,,,,,,,,,,,,,,,,,,,,,,,,,,,,,,,,,,,
107.0,6.29,136.6,8.04,,,,,,,,,,,,,,,,,,,,,,,,,,,,,,,,,,,,9.0,8.0,103.0,,,17.0,,,,,,,,,,,,,,,,,,,,,,,,,,,,,,,,,,,,,,,,,,,17.0,Jason Sanders,MIA,DRAFT,22,3124679,13,The Ralph Dudes,BE,"{'1': {'team': 'NE', 'date': datetime.datetime(2021, 9, 12, 16, 25)}, '2': {'team': 'BUF', 'date': datetime.datetime(2021, 9, 19, 13, 0)}, '3': {'team': 'LV', 'date': datetime.datetime(2021, 9, 26, 16, 5)}, '4': {'team': 'IND', 'date': datetime.datetime(2021, 10, 3, 13, 0)}, '5': {'team': 'TB', 'date': datetime.datetime(2021, 10, 10, 13, 0)}, '6': {'team': 'JAX', 'date': datetime.datetime(2021, 10, 17, 9, 30)}, '7': {'team': 'ATL', 'date': datetime.datetime(2021, 10, 24, 13, 0)}, '8': {'team': 'BUF', 'date': datetime.datetime(2021, 10, 31, 13, 0)}, '9': {'team': 'HOU', 'date': datetime.datetime(2021, 11, 7, 13, 0)}, '10': {'team': 'BAL', 'date': datetime.datetime(2021, 11, 11, 20, 20)}, '11': {'team': 'NYJ', 'date': datetime.datetime(2021, 11, 21, 13, 0)}, '12': {'team': 'CAR', 'date': datetime.datetime(2021, 11, 28, 13, 0)}, '13': {'team': 'NYG', 'date': datetime.datetime(2021, 12, 5, 13, 0)}, '15': {'team': 'NYJ', 'date': datetime.datetime(2021, 12, 19, 13, 0)}, '16': {'team': 'NO', 'date': datetime.datetime(2021, 12, 27, 20, 15)}, '17': {'team': 'TEN', 'date': datetime.datetime(2022, 1, 2, 13, 0)}, '18': {'team': 'NE', 'date': datetime.datetime(2022, 1, 9, 16, 25)}}","['K', 'BE', 'IR']",BE,,,,,,,,,,,,,,,,,,,,,,,,,,,,,,,,,,,,,,,,,,,,,,,,,,,,,,,,,,,,,,,,,,,,,,,,,,,,,,2.0,6.0,8.0,10.0,2.0,13.0,15.0,2.0,23.0,31.0,8.0,34.0,35.0,1.0,2.0,6.0,3.465638133,5.183992142,1.718354009,8.442470819,10.7406896,2.298218781,17.40680375,17.95761984,0.550816088,29.3149127,33.88230158,4.567388878,37.84563684,39.03515964,1.1895228,3.465638133,5.183992142,1.718354009,,,,,,,,,,,,,,,,,,,,,,,,,,,,,,,,,,,,,,,,,,,,,,,,,,,,,,,,,,,,,,,,,,,,,,,,,,,,,,,,,,,,,,,4.0,4.0,,,,,,,,,,,,,,,,,,,,,,,,,,,,,,,,,,,,,,,,,,2021,,,,,,,,,,,,,,,,,,,,,,,,,,,,,,,,,,,,,
133.0,7.82,98.83,5.81,,,,,,,,,,,,,,,,,,,,,,,,,,,,,,,,,,699.0,1102.0,9.0,8.0,,,,17.0,,,,,,,,,,,,,,,,,,,,,,,,,,,,,,,,,,,,,,,,,,,17.0,Dolphins D/ST,MIA,DRAFT,4,-16015,13,The Ralph Dudes,D/ST,"{'1': {'team': 'NE', 'date': datetime.datetime(2021, 9, 12, 16, 25)}, '2': {'team': 'BUF', 'date': datetime.datetime(2021, 9, 19, 13, 0)}, '3': {'team': 'LV', 'date': datetime.datetime(2021, 9, 26, 16, 5)}, '4': {'team': 'IND', 'date': datetime.datetime(2021, 10, 3, 13, 0)}, '5': {'team': 'TB', 'date': datetime.datetime(2021, 10, 10, 13, 0)}, '6': {'team': 'JAX', 'date': datetime.datetime(2021, 10, 17, 9, 30)}, '7': {'team': 'ATL', 'date': datetime.datetime(2021, 10, 24, 13, 0)}, '8': {'team': 'BUF', 'date': datetime.datetime(2021, 10, 31, 13, 0)}, '9': {'team': 'HOU', 'date': datetime.datetime(2021, 11, 7, 13, 0)}, '10': {'team': 'BAL', 'date': datetime.datetime(2021, 11, 11, 20, 20)}, '11': {'team': 'NYJ', 'date': datetime.datetime(2021, 11, 21, 13, 0)}, '12': {'team': 'CAR', 'date': datetime.datetime(2021, 11, 28, 13, 0)}, '13': {'team': 'NYG', 'date': datetime.datetime(2021, 12, 5, 13, 0)}, '15': {'team': 'NYJ', 'date': datetime.datetime(2021, 12, 19, 13, 0)}, '16': {'team': 'NO', 'date': datetime.datetime(2021, 12, 27, 20, 15)}, '17': {'team': 'TEN', 'date': datetime.datetime(2022, 1, 2, 13, 0)}, '18': {'team': 'NE', 'date': datetime.datetime(2022, 1, 9, 16, 25)}}","['D/ST', 'BE', 'IR']",D/ST,,,,,,,330.0,27.0,8.0,0.332276873,0.380135535,733.9808,246.2707097,73.0,29.0,24.0,9.0,,,,,,,,,,,,,,,,,,,,,,,,,,,,,,,,,,,,,,,,,,,,,,,,,,,,,,,,,403.0,,,14.0,,,,,,,,,,,,,,,,,,,,,,,,,,,,,,,,,,,12.0,0.0,1.0,4.0,2.0,5.0,14.0,1.0,,48.0,96.0,,,3.0,6.0,362.0,213.0,51.0,91.0,190.0,13.0,3.0,365.0,1.0,4.0,3.0,2.0,5738.0,0.0,2.0,3.0,4.0,6.0,0.0,1.0,0.0,1.0,0.0,1.0,4.0,2.0,1.0,4.0,3.0,2.0,0.17,0.765,2.805,2.72,0.077999867,1.580342546,13.16521188,9.39308272,1.17366466,0.573333211,41.17626845,82.3525369,1.058522465,0.521820081,2.370754821,14.45089649,979.7780872,326.0,195.0,74.54771201,386.6028785,2.465,3.74,2.805,1.36,0.17,22.74134579,6006.683238,0.501725777,4.251913361,3.835225852,3.894752639,2.610674804,1.275574008,0.49322195,0.13691161,353.3343081,-386.6028785,,,,,,,,,2.0,,,,1.0,,,,,,,,,,,,,,,,,,,,,,,,,,,,,,,,,,2021,,,,,,,,,,,,,,,,,,,,,,,,,,,,,,,,,,,,,
125.0,7.35,124.58,7.33,,,,,,,,,,,,,,,,,,,,,,,,,,,,,,,,,,1.0,1.0,13.0,4.0,124.0,,,17.0,,,,,,,,,,,,,,,,,,,,,,,,,,,,,,,,,,,,,,,,,,,17.0,Mason Crosby,GB,ADD,15,10636,13,The Ralph Dudes,K,"{'1': {'team': 'NO', 'date': datetime.datetime(2021, 9, 12, 16, 25)}, '2': {'team': 'DET', 'date': datetime.datetime(2021, 9, 20, 20, 15)}, '3': {'team': 'SF', 'date': datetime.datetime(2021, 9, 26, 20, 20)}, '4': {'team': 'PIT', 'date': datetime.datetime(2021, 10, 3, 16, 25)}, '5': {'team': 'CIN', 'date': datetime.datetime(2021, 10, 10, 13, 0)}, '6': {'team': 'CHI', 'date': datetime.datetime(2021, 10, 17, 13, 0)}, '7': {'team': 'WSH', 'date': datetime.datetime(2021, 10, 24, 13, 0)}, '8': {'team': 'ARI', 'date': datetime.datetime(2021, 10, 28, 20, 20)}, '9': {'team': 'KC', 'date': datetime.datetime(2021, 11, 7, 16, 25)}, '10': {'team': 'SEA', 'date': datetime.datetime(2021, 11, 14, 16, 25)}, '11': {'team': 'MIN', 'date': datetime.datetime(2021, 11, 21, 13, 0)}, '12': {'team': 'LAR', 'date': datetime.datetime(2021, 11, 28, 16, 25)}, '14': {'team': 'CHI', 'date': datetime.datetime(2021, 12, 12, 20, 20)}, '15': {'team': 'BAL', 'date': datetime.datetime(2021, 12, 19, 16, 25)}, '16': {'team': 'CLE', 'date': datetime.datetime(2021, 12, 25, 16, 30)}, '17': {'team': 'MIN', 'date': datetime.datetime(2022, 1, 2, 20, 20)}, '18': {'team': 'DET', 'date': datetime.datetime(2022, 1, 9, 13, 0)}}","['K', 'BE', 'IR']",K,,,,,,,,,,,,,,,,,,,,,,,,,,,,,,,,,,,,,,,,,,,,,,,,,,,,,,,,,,,,,,,,,,,,,,,,,,,,,,3.0,4.0,4.0,8.0,4.0,18.0,22.0,4.0,25.0,34.0,9.0,49.0,51.0,2.0,3.0,4.0,2.597388037,3.785403765,1.188015729,6.303064277,7.842960743,1.539896466,12.94182921,13.11283657,0.171007362,21.84228152,24.74120108,2.898919556,50.45814129,51.11451392,0.656372622,2.597388037,3.785403765,1.188015729,,,,,,,,,,,,,,,,,,,,,,,,,,,,,,,,,,,,,,,,,,,,,,,,,,,,,,,,,,,,,,,,,,,,,,,,,,,,,,,,,,,,,,,1.0,1.0,,,,,,,,,,,,,,,,,,,,,,,,,,,,,,,,,,,,,,,,,,2021,,,,,,,,,,,,,,,,,,,,,,,,,,,,,,,,,,,,,
76.0,10.86,118.7,7.91,1.0,0.85714286,,1.0,,,,,,,,,,,,6.0,42.0,77.85714286,4.0,106.0,52.0,25.0,18.0,8.0,6.0,62.0,190.0,12.97619048,,,,,,,,7.0,,24.0,,,7.0,2.050798634,0.826149676,0.061321072,0.002502256,2.0,1.0,,,,,,0.003765171,0.00263562,0.000311115,1.06172e-05,6.090036837,52.81771403,6.397204989,0.254394815,0.176336167,0.115235685,159.0,79.0,39.0,31.0,15.0,66.8832201,13.0,6.0,1.384054863,0.042805821,101.1460622,11.93841382,0.256897072,0.002293765,0.015509065,0.505801095,0.521310159,0.00713417,0.283248613,0.290382783,0.290382783,15.11764706,Antonio Brown,None,ADD,54,13934,13,The Ralph Dudes,WR,{},"['RB/WR', 'WR', 'WR/TE', 'RB/WR/TE', 'OP', 'BE', 'IR']",WR,2.0,1.0,3.0,3.0,,,,,,,,,,,,,,1.0,1.0,1.0,,,,,,,,,,,,,,,,,,,,,,,,,,,,,,,,,,,,,,,,,,,,,,,,,,,,,,,,,,,,,,,,,,,,,,,,,,,,,,,,,,,,,,,,,,,,,,,,,,,,,,,,,,,,,,,,,,,,,,,,,,,,,,,,,,,,,,,,,,,,,,,,,,,,,,,,,,,,,,,,,,,,,,,,,,,,,,,,,,,,,,,,,,,,,,,,,,,,,,,,,,,,,,,,,,,,,,,,,,,,,2021,,,,,,,,,,,,,,,,,,,,,,,,,,,,,,,,,,,,,
96.0,6.86,60.01,3.75,3.0,2.28571429,,5.0,2.0,,,,,,,,,,,10.66666667,40.0,36.64285714,8.0,99.0,46.0,20.0,14.0,4.0,4.0,60.0,168.0,12.825,,,,,,2.0,2.0,11.0,3.0,48.0,,,14.0,2.040891884,0.806819122,0.064948545,0.002398724,2.0,1.0,,,,,,0.003746969,0.002622879,0.000339602,1.15893e-05,6.348482248,25.56856636,2.943022792,0.122303773,0.302318504,0.197565142,82.0,41.0,20.0,16.0,8.0,29.34047513,5.0,2.0,0.236666489,0.007319582,45.41428534,13.9943574,0.124702497,0.001173652,0.017347422,0.249391752,0.266739174,0.007979814,0.139659381,0.147639195,0.147639195,16.05882353,Allen Lazard,GB,ADD,40,3128390,13,The Ralph Dudes,WR,"{'1': {'team': 'NO', 'date': datetime.datetime(2021, 9, 12, 16, 25)}, '2': {'team': 'DET', 'date': datetime.datetime(2021, 9, 20, 20, 15)}, '3': {'team': 'SF', 'date': datetime.datetime(2021, 9, 26, 20, 20)}, '4': {'team': 'PIT', 'date': datetime.datetime(2021, 10, 3, 16, 25)}, '5': {'team': 'CIN', 'date': datetime.datetime(2021, 10, 10, 13, 0)}, '6': {'team': 'CHI', 'date': datetime.datetime(2021, 10, 17, 13, 0)}, '7': {'team': 'WSH', 'date': datetime.datetime(2021, 10, 24, 13, 0)}, '8': {'team': 'ARI', 'date': datetime.datetime(2021, 10, 28, 20, 20)}, '9': {'team': 'KC', 'date': datetime.datetime(2021, 11, 7, 16, 25)}, '10': {'team': 'SEA', 'date': datetime.datetime(2021, 11, 14, 16, 25)}, '11': {'team': 'MIN', 'date': datetime.datetime(2021, 11, 21, 13, 0)}, '12': {'team': 'LAR', 'date': datetime.datetime(2021, 11, 28, 16, 25)}, '14': {'team': 'CHI', 'date': datetime.datetime(2021, 12, 12, 20, 20)}, '15': {'team': 'BAL', 'date': datetime.datetime(2021, 12, 19, 16, 25)}, '16': {'team': 'CLE', 'date': datetime.datetime(2021, 12, 25, 16, 30)}, '17': {'team': 'MIN', 'date': datetime.datetime(2022, 1, 2, 20, 20)}, '18': {'team': 'DET', 'date': datetime.datetime(2022, 1, 9, 13, 0)}}","['RB/WR', 'WR', 'WR/TE', 'RB/WR/TE', 'OP', 'BE', 'IR']",WR,,,,,,,,,,,,,,,,,,,3.0,3.0,,,,,,,,,,,,,,,,,,,,,,,,,,,,,,,,,,,,,,,,,,,,,,,,,,,,,2.0,,,,,,,,,,,,,,,,,,,,,,,,,,,,,,,,,,,,,,,,,,,,,,,,,,,,,,,,,,,,,,,,,,,,,,,,,,,,,,,,,,,,,,,,,,,,,,,,,,,,,,,,,,,,,,,,,,,,,,,,,,,,,,,,,,,,,,,,,,,,,,,,,,,,,,,,,,,,,,,,,,,,,,,,2021,,,,,,,,,,,,,,,,,,,,,,,,,,,,,,,,,,,,,
54.0,3.18,69.62,4.35,1.0,,,,,,,,,,,,,,,,60.0,36.0,,116.0,54.0,25.0,14.0,3.0,5.0,93.0,246.0,10.2,,,,,,1.0,1.0,6.0,11.0,,,,17.0,,,,,,,,,,,,,,,,,30.84095216,3.484166833,0.166357036,0.092704334,0.060582282,99.0,49.0,24.0,19.0,9.0,48.90485109,9.0,4.0,0.375872625,0.011624927,72.99155183,10.1272041,0.166357036,0.002474933,,0.562484875,0.562484875,,0.31499153,0.31499153,0.31499153,16.05882353,Cole Kmet,CHI,ADD,22,4258595,13,The Ralph Dudes,TE,"{'1': {'team': 'LAR', 'date': datetime.datetime(2021, 9, 12, 20, 20)}, '2': {'team': 'CIN', 'date': datetime.datetime(2021, 9, 19, 13, 0)}, '3': {'team': 'CLE', 'date': datetime.datetime(2021, 9, 26, 13, 0)}, '4': {'team': 'DET', 'date': datetime.datetime(2021, 10, 3, 13, 0)}, '5': {'team': 'LV', 'date': datetime.datetime(2021, 10, 10, 16, 5)}, '6': {'team': 'GB', 'date': datetime.datetime(2021, 10, 17, 13, 0)}, '7': {'team': 'TB', 'date': datetime.datetime(2021, 10, 24, 16, 25)}, '8': {'team': 'SF', 'date': datetime.datetime(2021, 10, 31, 13, 0)}, '9': {'team': 'PIT', 'date': datetime.datetime(2021, 11, 8, 20, 15)}, '11': {'team': 'BAL', 'date': datetime.datetime(2021, 11, 21, 13, 0)}, '12': {'team': 'DET', 'date': datetime.datetime(2021, 11, 25, 12, 30)}, '13': {'team': 'ARI', 'date': datetime.datetime(2021, 12, 5, 13, 0)}, '14': {'team': 'GB', 'date': datetime.datetime(2021, 12, 12, 20, 20)}, '15': {'team': 'MIN', 'date': datetime.datetime(2021, 12, 20, 20, 15)}, '16': {'team': 'SEA', 'date': datetime.datetime(2021, 12, 26, 16, 5)}, '17': {'team': 'NYG', 'date': datetime.datetime(2022, 1, 2, 13, 0)}, '18': {'team': 'MIN', 'date': datetime.datetime(2022, 1, 9, 13, 0)}}","['WR/TE', 'TE', 'RB/WR/TE', 'OP', 'BE', 'IR']",TE,,,,,,,,,,,,,,,,,,,,,,,,,,,,,,,,,,,,,,,,,,,,,,,,,,,,,,,,,,,,,,,,,,,,,,,,,,,,,,,,,,,,,,,,,,,,,,,,,,,,,,,,,,,,,,,,,,,,,,,,,,,,,,,,,,,,,,,,,,,,,,,,,,,,,,,,,,,,,,,,,,,,,,,,,,,,,,,,,,,,,,,,,,,,,,,,,,,,,,,,,,,,,,,,,,,,,,,,,,,,,,,,,,,,,,,,,,,,,,,,,2021,,,,,,,,,,,,,,,,,,,,,,,,,,,,,,,,,,,,,
174.0,10.88,209.84,13.99,258.0,64.8125,7.0,201.0,97.0,45.0,34.0,12.0,2.0,45.0,20.0,,,2.0,,4.01937984,42.0,18.375,3.0,53.0,23.0,8.0,5.0,1.0,3.0,52.0,333.0,7.0,5.0,6.0,3.0,4.0,4.0,1.0,1.0,7.0,9.0,62.0,6.0,,16.0,250.3002159,72.05066011,9.294707952,0.318278305,217.0,108.0,54.0,43.0,21.0,50.0,25.0,0.521659426,0.365161598,3.068877869,0.104729028,4.351719977,24.96588428,1.76917489,0.10995001,0.047932761,0.03132406,75.0,37.0,18.0,15.0,7.0,50.28307035,10.0,5.0,0.195472653,0.006045546,65.22601106,7.506013941,0.428228315,0.011381329,2.153955335,0.432710324,2.58666566,0.990819454,0.242317782,1.233137236,1.233137236,15.11764706,Antonio Gibson,WSH,DRAFT,10,4360294,14,Luke's Cool Guys,BE,"{'1': {'team': 'LAC', 'date': datetime.datetime(2021, 9, 12, 13, 0)}, '2': {'team': 'NYG', 'date': datetime.datetime(2021, 9, 16, 20, 20)}, '3': {'team': 'BUF', 'date': datetime.datetime(2021, 9, 26, 13, 0)}, '4': {'team': 'ATL', 'date': datetime.datetime(2021, 10, 3, 13, 0)}, '5': {'team': 'NO', 'date': datetime.datetime(2021, 10, 10, 13, 0)}, '6': {'team': 'KC', 'date': datetime.datetime(2021, 10, 17, 13, 0)}, '7': {'team': 'GB', 'date': datetime.datetime(2021, 10, 24, 13, 0)}, '8': {'team': 'DEN', 'date': datetime.datetime(2021, 10, 31, 16, 25)}, '10': {'team': 'TB', 'date': datetime.datetime(2021, 11, 14, 13, 0)}, '11': {'team': 'CAR', 'date': datetime.datetime(2021, 11, 21, 13, 0)}, '12': {'team': 'SEA', 'date': datetime.datetime(2021, 11, 29, 20, 15)}, '13': {'team': 'LV', 'date': datetime.datetime(2021, 12, 5, 16, 5)}, '14': {'team': 'DAL', 'date': datetime.datetime(2021, 12, 12, 13, 0)}, '15': {'team': 'PHI', 'date': datetime.datetime(2021, 12, 21, 19, 0)}, '16': {'team': 'DAL', 'date': datetime.datetime(2021, 12, 26, 20, 20)}, '17': {'team': 'PHI', 'date': datetime.datetime(2022, 1, 2, 13, 0)}, '18': {'team': 'NYG', 'date': datetime.datetime(2022, 1, 9, 13, 0)}}","['RB', 'RB/WR', 'RB/WR/TE', 'OP', 'BE', 'IR']",BE,1.0,1.0,,,1.0,1.0,,,,,,,,,,,,,2.0,,,,,,,,,,,,,,,,,,,,,,,,,,,,,,,,,,,,,,,,,,,,,,,,,,,,,,,,1.0,,,,,,,,,,,,,,,,,,,,,,,,,,,,,,,,,,,,,,,,,,,,,,,,,,,,,,,,,,,,,,,,,,,,,,,,,,,,,,,,,,,,,,,,,,,,,,,,,,,,,,,,,,,,,,,,,,,,,,,,,,,,,,,1.0,,,,,,,,,,,,,,,,,,,,,,,,,,,,,,,,,,,,,,,2021,,,,,,,,,,,,,,,,,,,,,,,,,,,,,,,,,,,,,
174.0,10.24,211.68,13.23,9.0,5.64705882,,17.0,7.0,1.0,1.0,,,,,,,,,10.66666667,111.0,72.88235294,9.0,240.0,115.0,53.0,41.0,15.0,15.0,159.0,444.0,11.16216216,,2.0,,1.0,1.0,2.0,2.0,12.0,5.0,54.0,,,17.0,14.09756358,6.012802419,0.886957599,0.025460564,19.0,9.0,4.0,3.0,1.0,2.0,1.0,0.026052325,0.018236627,0.02342719,0.00079948,6.849306436,85.6320679,10.03835255,0.310772946,0.346094977,0.226173068,275.0,137.0,68.0,55.0,27.0,95.06152751,19.0,9.0,5.22008708,0.161445992,146.6695672,14.46589701,0.33623351,0.002827077,0.082979177,0.559538336,0.642517513,0.038170421,0.313341468,0.351511889,0.351511889,16.05882353,Tyreek Hill,KC,DRAFT,8,3116406,14,Luke's Cool Guys,WR,"{'1': {'team': 'CLE', 'date': datetime.datetime(2021, 9, 12, 16, 25)}, '2': {'team': 'BAL', 'date': datetime.datetime(2021, 9, 19, 20, 20)}, '3': {'team': 'LAC', 'date': datetime.datetime(2021, 9, 26, 13, 0)}, '4': {'team': 'PHI', 'date': datetime.datetime(2021, 10, 3, 13, 0)}, '5': {'team': 'BUF', 'date': datetime.datetime(2021, 10, 10, 20, 20)}, '6': {'team': 'WSH', 'date': datetime.datetime(2021, 10, 17, 13, 0)}, '7': {'team': 'TEN', 'date': datetime.datetime(2021, 10, 24, 13, 0)}, '8': {'team': 'NYG', 'date': datetime.datetime(2021, 11, 1, 20, 15)}, '9': {'team': 'GB', 'date': datetime.datetime(2021, 11, 7, 16, 25)}, '10': {'team': 'LV', 'date': datetime.datetime(2021, 11, 14, 20, 20)}, '11': {'team': 'DAL', 'date': datetime.datetime(2021, 11, 21, 16, 25)}, '13': {'team': 'DEN', 'date': datetime.datetime(2021, 12, 5, 20, 20)}, '14': {'team': 'LV', 'date': datetime.datetime(2021, 12, 12, 13, 0)}, '15': {'team': 'LAC', 'date': datetime.datetime(2021, 12, 16, 20, 20)}, '16': {'team': 'PIT', 'date': datetime.datetime(2021, 12, 26, 16, 25)}, '17': {'team': 'CIN', 'date': datetime.datetime(2022, 1, 2, 13, 0)}, '18': {'team': 'DEN', 'date': datetime.datetime(2022, 1, 8, 16, 30)}}","['RB/WR', 'WR', 'WR/TE', 'RB/WR/TE', 'OP', 'BE', 'IR']",WR,2.0,1.0,3.0,3.0,1.0,,,,,,0.0244326,,13.59875,,,1.0,,4.0,6.0,,,,,,,,,,,,,,,,,,,,,,,,,,,,,,,,,,,,,,,,,,,,,,,,,,,,,,1.0,,,,,,,,,,,,,,,,,,,,,,,,,,,,,,,,,,,,,,,,,,,,,,,,,,,,,,,,,,,,,,,,,,,,,,,,,,,,,,,,,,,,,,,,,,,,,,,,,,,,,,,,,,,,,,,,,,,,,,,,,,,,,,,,,,,,,,,,,,,,,,,,,,,,,,,,,,,,,,,,,,,,,,,,2021,,,,,,,,,,,,,,,,,,,,,,,,,,,,,,,,,,,,,
146.0,9.12,159.01,9.94,9.0,4.75,,13.0,6.0,1.0,1.0,,,,,,,,,8.44444444,79.0,68.875,6.0,213.0,104.0,49.0,36.0,15.0,8.0,120.0,441.0,13.94936709,,,,,,2.0,2.0,12.0,4.0,36.0,,1.0,16.0,12.89872886,4.886266766,0.529335271,0.017904274,15.0,7.0,3.0,3.0,1.0,2.0,1.0,0.023821511,0.016675058,0.015391447,0.000525251,6.083366552,67.08613826,6.919516424,0.359828429,0.212454371,0.138838932,215.0,107.0,53.0,43.0,21.0,85.52101433,17.0,8.0,3.028096172,0.093652459,130.385948,12.59718987,0.377732703,0.004699798,0.13998814,0.928147874,1.068136014,0.064394545,0.519762809,0.584157354,0.584157354,16.05882353,CeeDee Lamb,DAL,DRAFT,14,4241389,14,Luke's Cool Guys,BE,"{'1': {'team': 'TB', 'date': datetime.datetime(2021, 9, 9, 20, 20)}, '2': {'team': 'LAC', 'date': datetime.datetime(2021, 9, 19, 16, 25)}, '3': {'team': 'PHI', 'date': datetime.datetime(2021, 9, 27, 20, 15)}, '4': {'team': 'CAR', 'date': datetime.datetime(2021, 10, 3, 13, 0)}, '5': {'team': 'NYG', 'date': datetime.datetime(2021, 10, 10, 16, 25)}, '6': {'team': 'NE', 'date': datetime.datetime(2021, 10, 17, 16, 25)}, '8': {'team': 'MIN', 'date': datetime.datetime(2021, 10, 31, 20, 20)}, '9': {'team': 'DEN', 'date': datetime.datetime(2021, 11, 7, 13, 0)}, '10': {'team': 'ATL', 'date': datetime.datetime(2021, 11, 14, 13, 0)}, '11': {'team': 'KC', 'date': datetime.datetime(2021, 11, 21, 16, 25)}, '12': {'team': 'LV', 'date': datetime.datetime(2021, 11, 25, 16, 30)}, '13': {'team': 'NO', 'date': datetime.datetime(2021, 12, 2, 20, 20)}, '14': {'team': 'WSH', 'date': datetime.datetime(2021, 12, 12, 13, 0)}, '15': {'team': 'NYG', 'date': datetime.datetime(2021, 12, 19, 13, 0)}, '16': {'team': 'WSH', 'date': datetime.datetime(2021, 12, 26, 20, 20)}, '17': {'team': 'ARI', 'date': datetime.datetime(2022, 1, 2, 16, 25)}, '18': {'team': 'PHI', 'date': datetime.datetime(2022, 1, 8, 20, 15)}}","['RB/WR', 'WR', 'WR/TE', 'RB/WR/TE', 'OP', 'BE', 'IR']",BE,1.0,,3.0,3.0,,,,,,,0.1163064,,129.43,,,12.0,5.0,,2.0,1.0,,,,,,,,,,,,,,,,,,,,,,,,,,,,,,,,,,,,,,,,,,,,,,,,,,,,,1.0,,,,,,,,,,,,,,,,,,,,,,,,,,,,,,,,,,,,,,,,,,,,,,,,,,,,,,,,,,139.0,10.0,1.0,,,,,,,,,,,,,,,,,,,,,,,,,,,,,,,,,,,,,,,,,,,,,,,,,,,,,,,,,,,,,,,,,,,,,,,,,,,,,,,,,,,,,,,,,,,,,,,,,,,,,,,,,,,,2021,,,,,,,,,,,,,,,,,,,,,,,,,,,,,,,,,,,,,
101.0,5.94,117.12,7.32,,,,,,,,,,,,,,,,,68.0,60.35294118,1.0,198.0,95.0,44.0,34.0,14.0,5.0,110.0,313.0,15.08823529,,,,,,3.0,3.0,7.0,10.0,6.0,,,17.0,,,,,,,,,,,,,,,,,52.27013582,5.741881353,0.289871396,0.169980338,0.111082151,167.0,83.0,41.0,33.0,16.0,72.31930044,14.0,7.0,1.586350554,0.049062388,107.3362712,11.60681702,0.289871396,0.003659871,,0.831788908,0.831788908,,0.465801788,0.465801788,0.465801788,16.05882353,Kyle Pitts,ATL,DRAFT,9,4360248,14,Luke's Cool Guys,TE,"{'1': {'team': 'PHI', 'date': datetime.datetime(2021, 9, 12, 13, 0)}, '2': {'team': 'TB', 'date': datetime.datetime(2021, 9, 19, 16, 5)}, '3': {'team': 'NYG', 'date': datetime.datetime(2021, 9, 26, 13, 0)}, '4': {'team': 'WSH', 'date': datetime.datetime(2021, 10, 3, 13, 0)}, '5': {'team': 'NYJ', 'date': datetime.datetime(2021, 10, 10, 9, 30)}, '7': {'team': 'MIA', 'date': datetime.datetime(2021, 10, 24, 13, 0)}, '8': {'team': 'CAR', 'date': datetime.datetime(2021, 10, 31, 13, 0)}, '9': {'team': 'NO', 'date': datetime.datetime(2021, 11, 7, 13, 0)}, '10': {'team': 'DAL', 'date': datetime.datetime(2021, 11, 14, 13, 0)}, '11': {'team': 'NE', 'date': datetime.datetime(2021, 11, 18, 20, 20)}, '12': {'team': 'JAX', 'date': datetime.datetime(2021, 11, 28, 13, 0)}, '13': {'team': 'TB', 'date': datetime.datetime(2021, 12, 5, 13, 0)}, '14': {'team': 'CAR', 'date': datetime.datetime(2021, 12, 12, 13, 0)}, '15': {'team': 'SF', 'date': datetime.datetime(2021, 12, 19, 16, 5)}, '16': {'team': 'DET', 'date': datetime.datetime(2021, 12, 26, 13, 0)}, '17': {'team': 'BUF', 'date': datetime.datetime(2022, 1, 2, 13, 0)}, '18': {'team': 'NO', 'date': datetime.datetime(2022, 1, 9, 16, 25)}}","['Rookie', 'WR/TE', 'TE', 'RB/WR/TE', 'OP', 'BE', 'IR']",TE,,,3.0,3.0,,,,,,,,,,,,,,,1.0,,,,,,,,,,,,,,,,,,,,,,,,,,,,,,,,,,,,,,,,,,,,,,,,,,,,,,,,,,,,,,,,,,,,,,,,,,,,,,,,,,,,,,,,,,,,,,,,,,,,,,,,,,,,,,,,,,,,,,,,,,,,,,,,,,,,,,,,,,,,,,,,,,,,,,,,,,,,,,,,,,,,,,,,,,,,,,,,,,,,,,,,,,,,,,,,,,,,,,,,,,,,,,,,,,,,,,,,,,,,,,2021,,,,,,,,,,,,,,,,,,,,,,,,,,,,,,,,,,,,,
310.0,19.38,343.04,21.44,48.0,9.125,1.0,28.0,11.0,3.0,1.0,,,3.0,,,,,,3.04166667,,,,,,,,,,,,,7.0,14.0,3.0,6.0,16.0,1.0,1.0,11.0,5.0,230.0,1.0,,16.0,57.7624042,16.07383336,5.549584196,0.187803075,51.0,25.0,12.0,10.0,5.0,11.0,5.0,0.109260957,0.07648267,0.170420068,0.005815783,4.468769209,,,,,,,,,,,,,,,,,,1.764415764,0.040520042,0.734753351,,9.209100347,0.337986541,,4.405673099,16.4703104,16.05882353,Dak Prescott,DAL,DRAFT,7,2577417,14,Luke's Cool Guys,QB,"{'1': {'team': 'TB', 'date': datetime.datetime(2021, 9, 9, 20, 20)}, '2': {'team': 'LAC', 'date': datetime.datetime(2021, 9, 19, 16, 25)}, '3': {'team': 'PHI', 'date': datetime.datetime(2021, 9, 27, 20, 15)}, '4': {'team': 'CAR', 'date': datetime.datetime(2021, 10, 3, 13, 0)}, '5': {'team': 'NYG', 'date': datetime.datetime(2021, 10, 10, 16, 25)}, '6': {'team': 'NE', 'date': datetime.datetime(2021, 10, 17, 16, 25)}, '8': {'team': 'MIN', 'date': datetime.datetime(2021, 10, 31, 20, 20)}, '9': {'team': 'DEN', 'date': datetime.datetime(2021, 11, 7, 13, 0)}, '10': {'team': 'ATL', 'date': datetime.datetime(2021, 11, 14, 13, 0)}, '11': {'team': 'KC', 'date': datetime.datetime(2021, 11, 21, 16, 25)}, '12': {'team': 'LV', 'date': datetime.datetime(2021, 11, 25, 16, 30)}, '13': {'team': 'NO', 'date': datetime.datetime(2021, 12, 2, 20, 20)}, '14': {'team': 'WSH', 'date': datetime.datetime(2021, 12, 12, 13, 0)}, '15': {'team': 'NYG', 'date': datetime.datetime(2021, 12, 19, 13, 0)}, '16': {'team': 'WSH', 'date': datetime.datetime(2021, 12, 26, 20, 20)}, '17': {'team': 'ARI', 'date': datetime.datetime(2022, 1, 2, 16, 25)}, '18': {'team': 'PHI', 'date': datetime.datetime(2022, 1, 8, 20, 15)}}","['QB', 'OP', 'BE', 'IR']",QB,,,,,,,,,,,,,,,,,,,,,596.0,410.0,186.0,278.0625,37.0,885.0,437.0,213.0,171.0,80.0,38.0,74.0,34.0,32.0,11.0,1.0,,3.0,2.0,10.0,0.68791946,30.0,8.0,20.0,6.0,7.0,3.0,628.5491304,416.1495174,212.399613,299.2121232,30.47784305,960.0,480.0,240.0,192.0,96.0,48.0,83.0,41.0,4.500863908,2.941314564,6.169349774,0.833317393,1.576612688,12.0646373,0.662079537,37.6590003,8.474346996,4.067686558,,,,,,,,,,,,,,,,,,,,,,,,,,,,,,,,,,,,,,,,,,,,,,,,,,,,,,,,,,,,,,,,,,,,,,,,,,,,,,,,,,,,,,,,,,,,,,,,,,,,,,,,,,,,,,,,,,,,,,,,,,,,,,,3.0,,,,,1.0,,2.0,,,,,,,,,,,,,,,,,,,,,,,,,,,,,,,,,,,,,2021,,,,,,,,,,,,,,,,,,,,,,,,,,,,,,,,,,,,,
160.0,10.0,134.77,8.42,5.0,3.3125,,10.0,4.0,1.0,1.0,,,,,,,,,10.6,107.0,72.5625,8.0,228.0,110.0,49.0,40.0,16.0,15.0,169.0,527.0,10.85046729,,2.0,,2.0,2.0,1.0,1.0,9.0,6.0,50.0,,,16.0,3.991973064,1.548440198,0.113671374,0.004729915,4.0,2.0,1.0,,,,,0.007336857,0.0051358,0.001421255,4.8502e-05,6.229031981,62.07041428,5.708385927,0.268789055,0.102477267,0.066968894,199.0,99.0,49.0,39.0,19.0,92.19589351,18.0,9.0,2.49176637,0.077064939,143.5037738,10.8115209,0.27351897,0.006925742,0.065325225,1.508706943,1.574032167,0.030049603,0.844875888,0.874925491,0.874925491,16.05882353,Diontae Johnson,PIT,DRAFT,12,3932905,14,Luke's Cool Guys,BE,"{'1': {'team': 'BUF', 'date': datetime.datetime(2021, 9, 12, 13, 0)}, '2': {'team': 'LV', 'date': datetime.datetime(2021, 9, 19, 13, 0)}, '3': {'team': 'CIN', 'date': datetime.datetime(2021, 9, 26, 13, 0)}, '4': {'team': 'GB', 'date': datetime.datetime(2021, 10, 3, 16, 25)}, '5': {'team': 'DEN', 'date': datetime.datetime(2021, 10, 10, 13, 0)}, '6': {'team': 'SEA', 'date': datetime.datetime(2021, 10, 17, 20, 20)}, '8': {'team': 'CLE', 'date': datetime.datetime(2021, 10, 31, 13, 0)}, '9': {'team': 'CHI', 'date': datetime.datetime(2021, 11, 8, 20, 15)}, '10': {'team': 'DET', 'date': datetime.datetime(2021, 11, 14, 13, 0)}, '11': {'team': 'LAC', 'date': datetime.datetime(2021, 11, 21, 20, 20)}, '12': {'team': 'CIN', 'date': datetime.datetime(2021, 11, 28, 13, 0)}, '13': {'team': 'BAL', 'date': datetime.datetime(2021, 12, 5, 16, 25)}, '14': {'team': 'MIN', 'date': datetime.datetime(2021, 12, 9, 20, 20)}, '15': {'team': 'TEN', 'date': datetime.datetime(2021, 12, 19, 13, 0)}, '16': {'team': 'KC', 'date': datetime.datetime(2021, 12, 26, 16, 25)}, '17': {'team': 'CLE', 'date': datetime.datetime(2022, 1, 3, 20, 15)}, '18': {'team': 'BAL', 'date': datetime.datetime(2022, 1, 9, 13, 0)}}","['RB/WR', 'WR', 'WR/TE', 'RB/WR/TE', 'OP', 'BE', 'IR']",BE,2.0,1.0,3.0,3.0,2.0,2.0,,,,,,,,,,,,,3.0,1.0,,,,,,,,,,,,,,,,,,,,,,,,,,,,,,,,,,,,,,,,,,,,,,,,,,,1.0,,2.0,,,,,,,,,,,,,,,,,,,,,,,,,,,,,,,,,,,,,,,,,,,,,,,,,,,,,,,,,,,,,,,,,,,,,,,,,,,,,,,,,,,,,,,,,,,,,,,,,,,,,,,,,,,,,,,,,,,,,,,,,,,,,,,,,,,,,,,,,,,,,,,,,,,,,,,,,,,,,,,,,,,,,,,,2021,,,,,,,,,,,,,,,,,,,,,,,,,,,,,,,,,,,,,
160.0,9.41,142.55,8.39,,,,,,,,,,,,,,,,,,,,,,,,,,,,,,,,,,,,8.0,9.0,137.0,,,17.0,,,,,,,,,,,,,,,,,,,,,,,,,,,,,,,,,,,,,,,,,,,17.0,Justin Tucker,BAL,DRAFT,3,15683,14,Luke's Cool Guys,K,"{'1': {'team': 'LV', 'date': datetime.datetime(2021, 9, 13, 20, 15)}, '2': {'team': 'KC', 'date': datetime.datetime(2021, 9, 19, 20, 20)}, '3': {'team': 'DET', 'date': datetime.datetime(2021, 9, 26, 13, 0)}, '4': {'team': 'DEN', 'date': datetime.datetime(2021, 10, 3, 16, 25)}, '5': {'team': 'IND', 'date': datetime.datetime(2021, 10, 11, 20, 15)}, '6': {'team': 'LAC', 'date': datetime.datetime(2021, 10, 17, 13, 0)}, '7': {'team': 'CIN', 'date': datetime.datetime(2021, 10, 24, 13, 0)}, '9': {'team': 'MIN', 'date': datetime.datetime(2021, 11, 7, 13, 0)}, '10': {'team': 'MIA', 'date': datetime.datetime(2021, 11, 11, 20, 20)}, '11': {'team': 'CHI', 'date': datetime.datetime(2021, 11, 21, 13, 0)}, '12': {'team': 'CLE', 'date': datetime.datetime(2021, 11, 28, 20, 20)}, '13': {'team': 'PIT', 'date': datetime.datetime(2021, 12, 5, 16, 25)}, '14': {'team': 'CLE', 'date': datetime.datetime(2021, 12, 12, 13, 0)}, '15': {'team': 'GB', 'date': datetime.datetime(2021, 12, 19, 16, 25)}, '16': {'team': 'CIN', 'date': datetime.datetime(2021, 12, 26, 13, 0)}, '17': {'team': 'LAR', 'date': datetime.datetime(2022, 1, 2, 13, 0)}, '18': {'team': 'PIT', 'date': datetime.datetime(2022, 1, 9, 13, 0)}}","['K', 'BE', 'IR']",K,,,,,,,,,,,,,,,,,,,,,,,,,,,,,,,,,,,,,,,,,,,,,,,,,,,,,,,,,,,,,,,,,,,,,,,,,,,,,,6.0,6.0,13.0,15.0,2.0,16.0,16.0,,35.0,37.0,2.0,32.0,32.0,,5.0,5.0,3.400161781,5.086455843,1.686294063,8.283065676,10.53860459,2.255538914,17.07835869,17.619749,0.541390306,28.76158615,33.24480943,4.483223283,45.66576041,47.10366258,1.437902173,3.400161781,5.086455843,1.686294063,,,,,,,,,,,,,,,,,,,,,,,,,,,,,,,,,,,,,,,,,,,,,,,,,,,,,,,,,,,,,,,,,,,,,,,,,,,,,,,,,,,,,,,,,1.0,,,,,,,,,,,,,,1.0,,,,,,,,,,,,,,,,,,,,,,,,,,,2021,,,,,,,,,,,,,,,,,,,,,,,,,,,,,,,,,,,,,
138.0,8.12,59.61,3.97,144.0,32.82352941,6.0,106.0,49.0,22.0,14.0,4.0,,24.0,8.0,,,,,3.875,47.0,26.58823529,2.0,87.0,41.0,16.0,13.0,4.0,2.0,57.0,435.0,9.61702128,,,,,,3.0,3.0,12.0,5.0,48.0,6.0,1.0,17.0,66.96342701,18.9883739,2.560575538,0.073502609,57.0,28.0,14.0,11.0,5.0,13.0,6.0,0.127288407,0.089101885,0.211457163,0.007216222,4.286810691,8.234261779,0.752563937,0.023298296,0.042521269,0.027787649,24.0,12.0,6.0,4.0,2.0,16.83439288,3.0,1.0,0.050816675,0.00157165,22.31928196,7.394544269,0.096800905,0.002178419,0.395634105,0.099461158,0.495095263,0.181991688,0.055698248,0.237689937,0.237689937,15.11764706,Darrel Williams,KC,ADD,21,3115375,14,Luke's Cool Guys,BE,"{'1': {'team': 'CLE', 'date': datetime.datetime(2021, 9, 12, 16, 25)}, '2': {'team': 'BAL', 'date': datetime.datetime(2021, 9, 19, 20, 20)}, '3': {'team': 'LAC', 'date': datetime.datetime(2021, 9, 26, 13, 0)}, '4': {'team': 'PHI', 'date': datetime.datetime(2021, 10, 3, 13, 0)}, '5': {'team': 'BUF', 'date': datetime.datetime(2021, 10, 10, 20, 20)}, '6': {'team': 'WSH', 'date': datetime.datetime(2021, 10, 17, 13, 0)}, '7': {'team': 'TEN', 'date': datetime.datetime(2021, 10, 24, 13, 0)}, '8': {'team': 'NYG', 'date': datetime.datetime(2021, 11, 1, 20, 15)}, '9': {'team': 'GB', 'date': datetime.datetime(2021, 11, 7, 16, 25)}, '10': {'team': 'LV', 'date': datetime.datetime(2021, 11, 14, 20, 20)}, '11': {'team': 'DAL', 'date': datetime.datetime(2021, 11, 21, 16, 25)}, '13': {'team': 'DEN', 'date': datetime.datetime(2021, 12, 5, 20, 20)}, '14': {'team': 'LV', 'date': datetime.datetime(2021, 12, 12, 13, 0)}, '15': {'team': 'LAC', 'date': datetime.datetime(2021, 12, 16, 20, 20)}, '16': {'team': 'PIT', 'date': datetime.datetime(2021, 12, 26, 16, 25)}, '17': {'team': 'CIN', 'date': datetime.datetime(2022, 1, 2, 13, 0)}, '18': {'team': 'DEN', 'date': datetime.datetime(2022, 1, 8, 16, 30)}}","['RB', 'RB/WR', 'RB/WR/TE', 'OP', 'BE', 'IR']",BE,,,1.0,1.0,,,,,,,,,,,,,,,,1.0,,,,,,,,,,,,,,,,,,,,,,,,,,,,,,,,,,,,,,,,,,,,,,,,,,,,,,,,,,,,,,,,,,,,,,,,,,,,,,,,,,,,,,,,,,,,,,,,,,,,,,,,,,,,,,,,,,,,,,,,,,,,,,,,,,,,,,,,,,,,,,,,,,,,,,,,,,,,,,,,,,,,,,,,,,,,,,,,,,,,,,,,,,,,,,,,,,,,,,,,,,,,,,,,,,,,,,,,,,,,,2021,,,,,,,,,,,,,,,,,,,,,,,,,,,,,,,,,,,,,
138.0,12.55,42.87,2.86,207.0,87.54545455,5.0,188.0,91.0,43.0,33.0,13.0,5.0,36.0,14.0,,,5.0,,4.65217391,19.0,12.45454545,1.0,25.0,11.0,3.0,2.0,,2.0,20.0,151.0,7.21052632,,,,,,,,7.0,4.0,36.0,3.0,,11.0,47.30941709,13.17699147,1.598673777,0.047157781,39.0,19.0,9.0,7.0,3.0,9.0,4.0,0.088999741,0.062299819,0.101562866,0.003465951,4.210686131,6.952463413,0.543426475,0.031547426,0.048607567,0.031765045,21.0,10.0,5.0,4.0,2.0,13.17832022,2.0,1.0,0.044931988,0.001389649,18.13371193,7.975590688,0.078705207,0.002182921,0.388030213,0.10808813,0.496118343,0.178493898,0.060529353,0.239023251,0.239023251,15.11764706,Elijah Mitchell,SF,ADD,21,4241555,14,Luke's Cool Guys,RB,"{'1': {'team': 'DET', 'date': datetime.datetime(2021, 9, 12, 13, 0)}, '2': {'team': 'PHI', 'date': datetime.datetime(2021, 9, 19, 13, 0)}, '3': {'team': 'GB', 'date': datetime.datetime(2021, 9, 26, 20, 20)}, '4': {'team': 'SEA', 'date': datetime.datetime(2021, 10, 3, 16, 5)}, '5': {'team': 'ARI', 'date': datetime.datetime(2021, 10, 10, 16, 25)}, '7': {'team': 'IND', 'date': datetime.datetime(2021, 10, 24, 20, 20)}, '8': {'team': 'CHI', 'date': datetime.datetime(2021, 10, 31, 13, 0)}, '9': {'team': 'ARI', 'date': datetime.datetime(2021, 11, 7, 16, 25)}, '10': {'team': 'LAR', 'date': datetime.datetime(2021, 11, 15, 20, 15)}, '11': {'team': 'JAX', 'date': datetime.datetime(2021, 11, 21, 13, 0)}, '12': {'team': 'MIN', 'date': datetime.datetime(2021, 11, 28, 16, 25)}, '13': {'team': 'SEA', 'date': datetime.datetime(2021, 12, 5, 16, 25)}, '14': {'team': 'CIN', 'date': datetime.datetime(2021, 12, 12, 16, 25)}, '15': {'team': 'ATL', 'date': datetime.datetime(2021, 12, 19, 16, 5)}, '16': {'team': 'TEN', 'date': datetime.datetime(2021, 12, 23, 20, 20)}, '17': {'team': 'HOU', 'date': datetime.datetime(2022, 1, 2, 16, 5)}, '18': {'team': 'LAR', 'date': datetime.datetime(2022, 1, 9, 16, 25)}}","['Rookie', 'RB', 'RB/WR', 'RB/WR/TE', 'OP', 'BE', 'IR']",RB,,,,,,,,,,0.22046,,680.104,,68.0,27.0,,,,1.0,,,,,,,,,,,,,,,,,,,,,,,,,,,,,,,,,,,,,,,,,,,,,,,,,,,,,,,,1.0,,,,,,,,,,,,,,,,,,,,,,,,,,,,,,,,,,,,,,,,,,,,,,,,,,,,,,,,,,,,,,,,,,,,,,,,,,,,,,,,,,,,,,,,,,,,,,,,,,,,,,,,,,,,,,,,,,,,,,,,,1.0,,,,,,,,,,,,,,,,,,,,,,,,,,,,,,,,,,,,,,,,,,,,,2021,,,,,,,,,,,,,,,,,,,,,,,,,,,,,,,,,,,,,
85.0,5.31,95.37,6.36,134.0,30.6875,3.0,95.0,45.0,19.0,13.0,5.0,2.0,21.0,8.0,,,2.0,,3.6641791,32.0,14.25,1.0,40.0,18.0,7.0,5.0,1.0,2.0,39.0,238.0,7.125,1.0,1.0,1.0,1.0,1.0,,,7.0,9.0,24.0,3.0,,16.0,131.4946501,37.90684399,3.535859097,0.133804928,114.0,57.0,28.0,22.0,11.0,26.0,13.0,0.258476367,0.180933457,0.84970689,0.028997236,4.358065429,8.955550849,0.755813873,0.043918291,0.064208494,0.041960251,27.0,13.0,6.0,5.0,2.0,16.87598882,3.0,1.0,0.054073467,0.001672375,21.72383595,8.022454765,0.177723219,0.003543838,0.713807721,0.091609895,0.805417616,0.328351552,0.051301541,0.379653093,0.379653093,15.11764706,Alexander Mattison,MIN,ADD,40,4048244,14,Luke's Cool Guys,BE,"{'1': {'team': 'CIN', 'date': datetime.datetime(2021, 9, 12, 13, 0)}, '2': {'team': 'ARI', 'date': datetime.datetime(2021, 9, 19, 16, 5)}, '3': {'team': 'SEA', 'date': datetime.datetime(2021, 9, 26, 16, 25)}, '4': {'team': 'CLE', 'date': datetime.datetime(2021, 10, 3, 13, 0)}, '5': {'team': 'DET', 'date': datetime.datetime(2021, 10, 10, 13, 0)}, '6': {'team': 'CAR', 'date': datetime.datetime(2021, 10, 17, 13, 0)}, '8': {'team': 'DAL', 'date': datetime.datetime(2021, 10, 31, 20, 20)}, '9': {'team': 'BAL', 'date': datetime.datetime(2021, 11, 7, 13, 0)}, '10': {'team': 'LAC', 'date': datetime.datetime(2021, 11, 14, 16, 5)}, '11': {'team': 'GB', 'date': datetime.datetime(2021, 11, 21, 13, 0)}, '12': {'team': 'SF', 'date': datetime.datetime(2021, 11, 28, 16, 25)}, '13': {'team': 'DET', 'date': datetime.datetime(2021, 12, 5, 13, 0)}, '14': {'team': 'PIT', 'date': datetime.datetime(2021, 12, 9, 20, 20)}, '15': {'team': 'CHI', 'date': datetime.datetime(2021, 12, 20, 20, 15)}, '16': {'team': 'LAR', 'date': datetime.datetime(2021, 12, 26, 13, 0)}, '17': {'team': 'GB', 'date': datetime.datetime(2022, 1, 2, 20, 20)}, '18': {'team': 'CHI', 'date': datetime.datetime(2022, 1, 9, 13, 0)}}","['RB', 'RB/WR', 'RB/WR/TE', 'OP', 'BE', 'IR']",BE,,,,,,,18.0,1.0,,,,,,,,,,,,,,,,,,,,,,,,,,,,,,,,,,,,,,,,,,,,,,,,,,,,,,,,,,,,,,,,,1.0,,,,,,,,,,,,,,,,,,,,,,,,,,,,,,,,,,,,,,,,,,,,,,,,,,,,,,,,,,,,,,,,,,,,,,,,,,,,,,,,,,,,,,,,,,,,,,,,,,,,,,,,,,,,,,,,,,,,,,,,,,,,,,,,,,,,,,,,,,,,,,,,,,,,,,,,,,,,,,,,,,,,,,,,2021,,,,,,,,,,,,,,,,,,,,,,,,,,,,,,,,,,,,,
248.0,15.5,123.17,8.21,59.0,22.8125,8.0,68.0,30.0,12.0,10.0,2.0,,8.0,,,,,,6.18644068,77.0,87.8125,6.0,275.0,134.0,62.0,48.0,22.0,9.0,121.0,780.0,18.24675325,,4.0,,2.0,2.0,1.0,1.0,10.0,6.0,90.0,2.0,,16.0,15.03942052,6.797259883,0.721754652,0.021297778,20.0,10.0,5.0,4.0,2.0,3.0,1.0,0.027810787,0.019467551,0.027074162,0.000923937,6.832615374,54.70565108,4.560108584,0.264727049,0.184787888,0.120758885,165.0,82.0,41.0,33.0,16.0,70.28437453,14.0,7.0,1.537404706,0.047548599,103.621211,11.76677933,0.286024827,0.004551999,0.182351948,0.852193249,1.034545198,0.083881896,0.477228219,0.561110116,0.561110116,15.11764706,Deebo Samuel,SF,ADD,2,3126486,14,Luke's Cool Guys,WR,"{'1': {'team': 'DET', 'date': datetime.datetime(2021, 9, 12, 13, 0)}, '2': {'team': 'PHI', 'date': datetime.datetime(2021, 9, 19, 13, 0)}, '3': {'team': 'GB', 'date': datetime.datetime(2021, 9, 26, 20, 20)}, '4': {'team': 'SEA', 'date': datetime.datetime(2021, 10, 3, 16, 5)}, '5': {'team': 'ARI', 'date': datetime.datetime(2021, 10, 10, 16, 25)}, '7': {'team': 'IND', 'date': datetime.datetime(2021, 10, 24, 20, 20)}, '8': {'team': 'CHI', 'date': datetime.datetime(2021, 10, 31, 13, 0)}, '9': {'team': 'ARI', 'date': datetime.datetime(2021, 11, 7, 16, 25)}, '10': {'team': 'LAR', 'date': datetime.datetime(2021, 11, 15, 20, 15)}, '11': {'team': 'JAX', 'date': datetime.datetime(2021, 11, 21, 13, 0)}, '12': {'team': 'MIN', 'date': datetime.datetime(2021, 11, 28, 16, 25)}, '13': {'team': 'SEA', 'date': datetime.datetime(2021, 12, 5, 16, 25)}, '14': {'team': 'CIN', 'date': datetime.datetime(2021, 12, 12, 16, 25)}, '15': {'team': 'ATL', 'date': datetime.datetime(2021, 12, 19, 16, 5)}, '16': {'team': 'TEN', 'date': datetime.datetime(2021, 12, 23, 20, 20)}, '17': {'team': 'HOU', 'date': datetime.datetime(2022, 1, 2, 16, 5)}, '18': {'team': 'LAR', 'date': datetime.datetime(2022, 1, 9, 16, 25)}}","['RB/WR', 'WR', 'WR/TE', 'RB/WR/TE', 'OP', 'BE', 'IR']",WR,4.0,2.0,5.0,5.0,4.0,2.0,75.0,7.0,2.0,,,,,,,,,,1.0,,2.0,1.0,1.0,1.5,1.0,4.0,2.0,1.0,,,,,,,,,,,,,0.5,,,,,1.0,,,,,,,,,,,,,,,,,,,,,,,,,,,1.0,,3.0,3.0,,,,,,,,,,,,,,,,,,,,,,,,,,,,,,,,,,,,,,,,,,,,,,,,,,,,,,,,,,,,,,,,,,,,,,,,,,,,,,,,,,,,,,,,,,,,,,,,,,,,,,,,,,,,,,,,,,,,,,,,,,,,,,,,,,,,,,,,,,,,,,,,,,,,,,,,,,,,,,,,,,,,,2021,,,,,,,,,,,,,,,,,,,,,,,,,,,,,,,,,,,,,
103.0,7.36,105.84,7.06,147.0,45.64285714,4.0,119.0,54.0,22.0,18.0,6.0,1.0,23.0,8.0,,,1.0,,4.34693878,36.0,23.21428571,,61.0,27.0,12.0,8.0,2.0,2.0,55.0,341.0,9.02777778,,1.0,,1.0,1.0,,1.0,3.0,11.0,24.0,4.0,,14.0,137.2676692,37.93570852,3.75673399,0.122728208,114.0,57.0,28.0,22.0,11.0,27.0,13.0,0.270592166,0.189414516,0.851537876,0.029059721,4.177958696,14.58662721,0.870028968,0.047765952,0.04530732,0.029608334,44.0,22.0,11.0,8.0,4.0,28.64058518,5.0,2.0,0.082515313,0.00255202,38.75698922,7.6994056,0.17049416,0.005987405,1.125864706,0.234909095,1.360773802,0.517897765,0.131549093,0.649446858,0.649446858,15.11764706,Michael Carter,NYJ,ADD,31,4240657,14,Luke's Cool Guys,BE,"{'1': {'team': 'CAR', 'date': datetime.datetime(2021, 9, 12, 13, 0)}, '2': {'team': 'NE', 'date': datetime.datetime(2021, 9, 19, 13, 0)}, '3': {'team': 'DEN', 'date': datetime.datetime(2021, 9, 26, 16, 5)}, '4': {'team': 'TEN', 'date': datetime.datetime(2021, 10, 3, 13, 0)}, '5': {'team': 'ATL', 'date': datetime.datetime(2021, 10, 10, 9, 30)}, '7': {'team': 'NE', 'date': datetime.datetime(2021, 10, 24, 13, 0)}, '8': {'team': 'CIN', 'date': datetime.datetime(2021, 10, 31, 13, 0)}, '9': {'team': 'IND', 'date': datetime.datetime(2021, 11, 4, 20, 20)}, '10': {'team': 'BUF', 'date': datetime.datetime(2021, 11, 14, 13, 0)}, '11': {'team': 'MIA', 'date': datetime.datetime(2021, 11, 21, 13, 0)}, '12': {'team': 'HOU', 'date': datetime.datetime(2021, 11, 28, 13, 0)}, '13': {'team': 'PHI', 'date': datetime.datetime(2021, 12, 5, 13, 0)}, '14': {'team': 'NO', 'date': datetime.datetime(2021, 12, 12, 13, 0)}, '15': {'team': 'MIA', 'date': datetime.datetime(2021, 12, 19, 13, 0)}, '16': {'team': 'JAX', 'date': datetime.datetime(2021, 12, 26, 13, 0)}, '17': {'team': 'TB', 'date': datetime.datetime(2022, 1, 2, 13, 0)}, '18': {'team': 'BUF', 'date': datetime.datetime(2022, 1, 9, 16, 25)}}","['Rookie', 'RB', 'RB/WR', 'RB/WR/TE', 'OP', 'BE', 'IR']",BE,,,,,1.0,1.0,,,,,,,,,,,,,,,,,,,,,,,,,,,,,,,,,,,,,,,,,,,,,,,,,,,,,,,,,,,,,,,,,,,,1.0,,,,,,,,,,,,,,,,,,,,,,,,,,,,,,,,,,,,,,,,,,,,,,,,,,,,,,,,,,,,,,,,,,,,,,,,,,,,,,,,,,,,,,,,,,,,,,,,,,,,,,,,,,,,,,,,,,,,,,,,,,,,,,,,,,,,,,,,,,,,,,,,,,,,,,,,,,,,,,,,,,,,,,,2021,,,,,,,,,,,,,,,,,,,,,,,,,,,,,,,,,,,,,
59.0,3.93,104.53,6.97,101.0,28.53333333,4.0,80.0,37.0,16.0,11.0,3.0,,16.0,4.0,,,,,4.23762376,10.0,4.26666667,,10.0,2.0,,,,,13.0,77.0,6.4,2.0,2.0,2.0,2.0,2.0,,,12.0,3.0,24.0,4.0,,15.0,145.7295652,43.2766279,4.511441294,0.183995161,130.0,65.0,32.0,26.0,13.0,29.0,14.0,0.288542231,0.201979561,1.108446222,0.037827017,4.489416994,6.880703599,0.554553774,0.022054682,0.039261131,0.025657149,20.0,10.0,5.0,4.0,2.0,14.13914257,2.0,1.0,0.044607382,0.00137961,19.15414301,7.356885186,0.206049844,0.006150289,1.274169077,0.123623907,1.397792984,0.586117775,0.069229388,0.655347163,0.655347163,15.11764706,Ronald Jones II,TB,ADD,57,3912550,14,Luke's Cool Guys,RB,"{'1': {'team': 'DAL', 'date': datetime.datetime(2021, 9, 9, 20, 20)}, '2': {'team': 'ATL', 'date': datetime.datetime(2021, 9, 19, 16, 5)}, '3': {'team': 'LAR', 'date': datetime.datetime(2021, 9, 26, 16, 25)}, '4': {'team': 'NE', 'date': datetime.datetime(2021, 10, 3, 20, 20)}, '5': {'team': 'MIA', 'date': datetime.datetime(2021, 10, 10, 13, 0)}, '6': {'team': 'PHI', 'date': datetime.datetime(2021, 10, 14, 20, 20)}, '7': {'team': 'CHI', 'date': datetime.datetime(2021, 10, 24, 16, 25)}, '8': {'team': 'NO', 'date': datetime.datetime(2021, 10, 31, 16, 25)}, '10': {'team': 'WSH', 'date': datetime.datetime(2021, 11, 14, 13, 0)}, '11': {'team': 'NYG', 'date': datetime.datetime(2021, 11, 22, 20, 15)}, '12': {'team': 'IND', 'date': datetime.datetime(2021, 11, 28, 13, 0)}, '13': {'team': 'ATL', 'date': datetime.datetime(2021, 12, 5, 13, 0)}, '14': {'team': 'BUF', 'date': datetime.datetime(2021, 12, 12, 16, 25)}, '15': {'team': 'NO', 'date': datetime.datetime(2021, 12, 19, 20, 20)}, '16': {'team': 'CAR', 'date': datetime.datetime(2021, 12, 26, 13, 0)}, '17': {'team': 'NYJ', 'date': datetime.datetime(2022, 1, 2, 13, 0)}, '18': {'team': 'CAR', 'date': datetime.datetime(2022, 1, 9, 16, 25)}}","['RB', 'RB/WR', 'RB/WR/TE', 'OP', 'BE', 'IR']",RB,,,,,,,,,,,,,,,,,,,,,,,,,,,,,,,,,,,,,,,,,,,,,,,,,,,,,,,,,,,,,,,,,,,,,,,,,,,,,,,,,,,,,,,,,,,,,,,,,,,,,,,,,,,,,,,,,,,,,,,,,,,,,,,,,,,,,,,,,,,,,,,,,,,,,,,,,,,,,,,,,,,,,,,,,,,,,,,,,,,,,,,,,,,,,,,,,,,,,,,,,,,,,,,,,,,,,,,,,,,,,,,,,,,,,,,,,,,,,,,,,2021,,,,,,,,,,,,,,,,,,,,,,,,,,,,,,,,,,,,,
132.0,7.76,107.62,6.33,,,,,,,,,,,,,,,,,,,,,,,,,,,,,,,,,,716.0,1090.0,9.0,8.0,,,,17.0,,,,,,,,,,,,,,,,,,,,,,,,,,,,,,,,,,,,,,,,,,,17.0,Saints D/ST,NO,ADD,5,-16018,14,Luke's Cool Guys,D/ST,"{'1': {'team': 'GB', 'date': datetime.datetime(2021, 9, 12, 16, 25)}, '2': {'team': 'CAR', 'date': datetime.datetime(2021, 9, 19, 13, 0)}, '3': {'team': 'NE', 'date': datetime.datetime(2021, 9, 26, 13, 0)}, '4': {'team': 'NYG', 'date': datetime.datetime(2021, 10, 3, 13, 0)}, '5': {'team': 'WSH', 'date': datetime.datetime(2021, 10, 10, 13, 0)}, '7': {'team': 'SEA', 'date': datetime.datetime(2021, 10, 25, 20, 15)}, '8': {'team': 'TB', 'date': datetime.datetime(2021, 10, 31, 16, 25)}, '9': {'team': 'ATL', 'date': datetime.datetime(2021, 11, 7, 13, 0)}, '10': {'team': 'TEN', 'date': datetime.datetime(2021, 11, 14, 13, 0)}, '11': {'team': 'PHI', 'date': datetime.datetime(2021, 11, 21, 13, 0)}, '12': {'team': 'BUF', 'date': datetime.datetime(2021, 11, 25, 20, 20)}, '13': {'team': 'DAL', 'date': datetime.datetime(2021, 12, 2, 20, 20)}, '14': {'team': 'NYJ', 'date': datetime.datetime(2021, 12, 12, 13, 0)}, '15': {'team': 'TB', 'date': datetime.datetime(2021, 12, 19, 20, 20)}, '16': {'team': 'MIA', 'date': datetime.datetime(2021, 12, 27, 20, 15)}, '17': {'team': 'CAR', 'date': datetime.datetime(2022, 1, 2, 16, 25)}, '18': {'team': 'ATL', 'date': datetime.datetime(2022, 1, 9, 16, 25)}}","['D/ST', 'BE', 'IR']",D/ST,,,,,,,838.0,79.0,28.0,0.154322,0.29099071,832.5590909,279.6387097,83.0,33.0,27.0,11.0,,,,,,,,,,,,,,,,,,,,,,,,,,,,,,,,,,,,,,,,,,,,,,,,,,,,,,,,,374.0,,,13.0,,,,,,,,,,,,,,,,,,,,,,,,,,,,,,,,,,,7.0,1.0,1.0,4.0,1.0,2.0,18.0,2.0,,46.0,92.0,,,2.0,2.0,356.0,213.0,60.0,81.0,349.0,27.0,10.0,317.0,2.0,6.0,2.0,0.0,5410.0,0.0,1.0,6.0,2.0,6.0,1.0,1.0,0.0,0.0,1.0,1.0,4.0,1.0,2.0,6.0,2.0,0.0,0.23561493,1.063244271,3.640548384,3.198238767,0.06267641,1.585456284,13.78067141,7.414684481,1.137649828,0.546820355,40.37647337,80.75294673,1.045694894,0.53976139,2.093445404,11.40720689,946.4791861,315.0,189.0,80.93170443,370.1787024,2.466726709,3.32582808,2.152006404,0.825077554,0.0927149,21.77521779,5925.182484,0.706665999,5.619271798,4.316622427,3.626984524,1.864576551,0.595983373,0.221365253,0.048530075,348.5401461,-370.1787024,,,,,,,,,,,,,,,,,,,,,,,,,,,,,,,,,,,,,,,,,,,,,,,2021,,,,,,,,,,,,,,,,,,,,,,,,,,,,,,,,,,,,,
80.0,6.67,52.9,3.53,87.0,31.08333333,7.0,72.0,35.0,17.0,10.0,3.0,,15.0,6.0,,,,,4.28735632,13.0,6.91666667,,14.0,5.0,2.0,1.0,,,16.0,96.0,6.38461538,1.0,1.0,1.0,1.0,1.0,1.0,2.0,8.0,4.0,42.0,7.0,,12.0,59.45990063,17.21279743,1.911128566,0.056548468,52.0,26.0,13.0,10.0,5.0,11.0,5.0,0.112579245,0.078805472,0.174083548,0.005940804,4.376344287,8.58978204,0.513822234,0.029904417,0.057092468,0.037309928,25.0,12.0,6.0,5.0,2.0,16.07894996,3.0,1.0,0.052409348,0.001620908,21.45748018,8.076229696,0.086452885,0.00349932,0.626015108,0.169284938,0.795300046,0.28796695,0.094799565,0.382766515,0.382766515,15.11764706,Boston Scott,PHI,ADD,46,3051439,14,Luke's Cool Guys,BE,"{'1': {'team': 'ATL', 'date': datetime.datetime(2021, 9, 12, 13, 0)}, '2': {'team': 'SF', 'date': datetime.datetime(2021, 9, 19, 13, 0)}, '3': {'team': 'DAL', 'date': datetime.datetime(2021, 9, 27, 20, 15)}, '4': {'team': 'KC', 'date': datetime.datetime(2021, 10, 3, 13, 0)}, '5': {'team': 'CAR', 'date': datetime.datetime(2021, 10, 10, 13, 0)}, '6': {'team': 'TB', 'date': datetime.datetime(2021, 10, 14, 20, 20)}, '7': {'team': 'LV', 'date': datetime.datetime(2021, 10, 24, 16, 5)}, '8': {'team': 'DET', 'date': datetime.datetime(2021, 10, 31, 13, 0)}, '9': {'team': 'LAC', 'date': datetime.datetime(2021, 11, 7, 16, 5)}, '10': {'team': 'DEN', 'date': datetime.datetime(2021, 11, 14, 16, 25)}, '11': {'team': 'NO', 'date': datetime.datetime(2021, 11, 21, 13, 0)}, '12': {'team': 'NYG', 'date': datetime.datetime(2021, 11, 28, 13, 0)}, '13': {'team': 'NYJ', 'date': datetime.datetime(2021, 12, 5, 13, 0)}, '15': {'team': 'WSH', 'date': datetime.datetime(2021, 12, 21, 19, 0)}, '16': {'team': 'NYG', 'date': datetime.datetime(2021, 12, 26, 13, 0)}, '17': {'team': 'WSH', 'date': datetime.datetime(2022, 1, 2, 13, 0)}, '18': {'team': 'DAL', 'date': datetime.datetime(2022, 1, 8, 20, 15)}}","['RB', 'RB/WR', 'RB/WR/TE', 'OP', 'BE', 'IR']",BE,,,,,,,13.0,1.0,,0.154322,,651.926087,,65.0,26.0,,,,,,,,,,,,,,,,,,,,,,,,,,,,,,,,,,,,,,,,,,,,,,,,,,,,,,,,,,,1.0,,,,,,,,,,,,,,,,,,,,,,,,,,,,,,,,,,,,,,,,,,,,,,,,,,,,,,,,,,,,,,,,,,,,,,,,,,,,,,,,,,,,,,,,,,,,,,,,,,,,,,,,,,,,,,,,,,,,,,,,,,,,,,,,,,,,,,,,,,,,,,,,,,,,,,,,,,,,,,,,,,,,,,,2021,,,,,,,,,,,,,,,,,,,,,,,,,,,,,,,,,,,,,
183.0,13.07,223.12,14.87,228.0,89.92857143,8.0,247.0,120.0,56.0,45.0,19.0,5.0,40.0,17.0,2.0,2.0,5.0,,5.52192982,20.0,12.42857143,1.0,29.0,11.0,4.0,3.0,1.0,,25.0,172.0,8.7,2.0,2.0,1.0,1.0,1.0,1.0,1.0,7.0,7.0,54.0,4.0,,14.0,244.5791119,79.42195658,11.03396844,0.30716829,240.0,120.0,60.0,48.0,24.0,48.0,24.0,0.508452152,0.355916507,3.741180187,0.127672126,4.909140029,19.3588915,1.470707742,0.071651284,0.054679429,0.035733007,58.0,29.0,14.0,11.0,5.0,36.57505497,7.0,3.0,0.120500108,0.003726807,48.92452873,8.001652749,0.378819574,0.007972896,1.576297856,0.235724058,1.812021914,0.725097014,0.132005472,0.857102486,0.857102486,15.11764706,Nick Chubb,CLE,DRAFT,8,3128720,15,Mendes Army,RB,"{'1': {'team': 'KC', 'date': datetime.datetime(2021, 9, 12, 16, 25)}, '2': {'team': 'HOU', 'date': datetime.datetime(2021, 9, 19, 13, 0)}, '3': {'team': 'CHI', 'date': datetime.datetime(2021, 9, 26, 13, 0)}, '4': {'team': 'MIN', 'date': datetime.datetime(2021, 10, 3, 13, 0)}, '5': {'team': 'LAC', 'date': datetime.datetime(2021, 10, 10, 16, 5)}, '6': {'team': 'ARI', 'date': datetime.datetime(2021, 10, 17, 16, 5)}, '7': {'team': 'DEN', 'date': datetime.datetime(2021, 10, 21, 20, 20)}, '8': {'team': 'PIT', 'date': datetime.datetime(2021, 10, 31, 13, 0)}, '9': {'team': 'CIN', 'date': datetime.datetime(2021, 11, 7, 13, 0)}, '10': {'team': 'NE', 'date': datetime.datetime(2021, 11, 14, 13, 0)}, '11': {'team': 'DET', 'date': datetime.datetime(2021, 11, 21, 13, 0)}, '12': {'team': 'BAL', 'date': datetime.datetime(2021, 11, 28, 20, 20)}, '14': {'team': 'BAL', 'date': datetime.datetime(2021, 12, 12, 13, 0)}, '15': {'team': 'LV', 'date': datetime.datetime(2021, 12, 20, 17, 0)}, '16': {'team': 'GB', 'date': datetime.datetime(2021, 12, 25, 16, 30)}, '17': {'team': 'PIT', 'date': datetime.datetime(2022, 1, 3, 20, 15)}, '18': {'team': 'CIN', 'date': datetime.datetime(2022, 1, 9, 13, 0)}}","['RB', 'RB/WR', 'RB/WR/TE', 'OP', 'BE', 'IR']",RB,,,,,,,,,,,,,,,,,,,1.0,,,,,,,,,,,,,,,,,,,,,,,,,,,,,,,,,,,,,,,,,,,,,,,,,,,,,,,,1.0,1.0,,,,,,,,,,,,,,,,,,,,,,,,,,,,,,,,,,,,,,,,,,,,,,,,,,,,,,,,,,,,,,,,,,,,,,,,,,,,,,,,,,,,,,,,,,,,,,,,,,,,,,,,,,,,,,,,,,,,,,,,,,,,,,,,,,,,,,,,,,,,,,,,,,,,,,,,,,,,,,,,,,,,,2021,,,,,,,,,,,,,,,,,,,,,,,,,,,,,,,,,,,,,
162.0,9.53,189.79,11.86,1.0,0.35294118,,1.0,,,,,,,,,,,,6.0,75.0,56.88235294,12.0,187.0,90.0,41.0,31.0,12.0,9.0,129.0,328.0,12.89333333,,1.0,,,,1.0,1.0,7.0,10.0,72.0,,,17.0,,,,,,,,,,,,,,,,,82.08961335,9.915959812,0.378536153,0.324326148,0.211947138,263.0,131.0,65.0,52.0,26.0,88.46213597,17.0,8.0,4.795262101,0.148307075,143.1335034,14.90199846,0.378536153,0.005890015,,1.33863986,1.33863986,,0.749638322,0.749638322,0.749638322,16.05882353,DK Metcalf,SEA,DRAFT,10,4047650,15,Mendes Army,WR,"{'1': {'team': 'IND', 'date': datetime.datetime(2021, 9, 12, 13, 0)}, '2': {'team': 'TEN', 'date': datetime.datetime(2021, 9, 19, 16, 25)}, '3': {'team': 'MIN', 'date': datetime.datetime(2021, 9, 26, 16, 25)}, '4': {'team': 'SF', 'date': datetime.datetime(2021, 10, 3, 16, 5)}, '5': {'team': 'LAR', 'date': datetime.datetime(2021, 10, 7, 20, 20)}, '6': {'team': 'PIT', 'date': datetime.datetime(2021, 10, 17, 20, 20)}, '7': {'team': 'NO', 'date': datetime.datetime(2021, 10, 25, 20, 15)}, '8': {'team': 'JAX', 'date': datetime.datetime(2021, 10, 31, 16, 5)}, '10': {'team': 'GB', 'date': datetime.datetime(2021, 11, 14, 16, 25)}, '11': {'team': 'ARI', 'date': datetime.datetime(2021, 11, 21, 16, 25)}, '12': {'team': 'WSH', 'date': datetime.datetime(2021, 11, 29, 20, 15)}, '13': {'team': 'SF', 'date': datetime.datetime(2021, 12, 5, 16, 25)}, '14': {'team': 'HOU', 'date': datetime.datetime(2021, 12, 12, 13, 0)}, '15': {'team': 'LAR', 'date': datetime.datetime(2021, 12, 21, 19, 0)}, '16': {'team': 'CHI', 'date': datetime.datetime(2021, 12, 26, 16, 5)}, '17': {'team': 'DET', 'date': datetime.datetime(2022, 1, 2, 16, 25)}, '18': {'team': 'ARI', 'date': datetime.datetime(2022, 1, 9, 16, 25)}}","['RB/WR', 'WR', 'WR/TE', 'RB/WR/TE', 'OP', 'BE', 'IR']",WR,2.0,1.0,1.0,1.0,1.0,,,,,,,,,,,,,,2.0,1.0,,,,,,,,,,,,,,,,,,,,,,,,,,,,,,,,,,,,,,,,,,,,,,,,,,,,,7.0,,,,,,,,,,,,,,,,,,,,,,,,,,,,,,,,,,,,,,,,,,,,,,,,,,,,,,,,,,,,,,,,,,,,,,,,,,,,,,,,,,,,,,,,,,,,,,,,,,,,,,,,,,,,,,,,,,,,,,,,,,,,,,,,,,,,,,,,,,,,,,,,,,,,,,,,,,,,,,,,,,,,,,,,2021,,,,,,,,,,,,,,,,,,,,,,,,,,,,,,,,,,,,,
82.0,10.25,139.73,9.32,78.0,48.25,5.0,75.0,36.0,17.0,12.0,5.0,,12.0,5.0,,,,,4.94871795,22.0,21.75,,31.0,14.0,5.0,4.0,1.0,2.0,27.0,174.0,7.90909091,,,,,,,,4.0,4.0,32.0,4.0,,8.0,131.3480416,37.68285414,5.653881532,0.15739515,113.0,56.0,28.0,22.0,11.0,26.0,13.0,0.258160518,0.180712363,0.84057672,0.028685658,4.337149472,23.44540797,2.565520297,0.124989362,0.078103948,0.05104093,70.0,35.0,17.0,14.0,7.0,41.32584493,8.0,4.0,0.171028314,0.005289535,54.36058748,8.576700693,0.282384513,0.005358982,0.926459749,0.291490695,1.217950444,0.426171485,0.163234789,0.589406274,0.589406274,15.11764706,Kareem Hunt,CLE,DRAFT,45,3059915,15,Mendes Army,BE,"{'1': {'team': 'KC', 'date': datetime.datetime(2021, 9, 12, 16, 25)}, '2': {'team': 'HOU', 'date': datetime.datetime(2021, 9, 19, 13, 0)}, '3': {'team': 'CHI', 'date': datetime.datetime(2021, 9, 26, 13, 0)}, '4': {'team': 'MIN', 'date': datetime.datetime(2021, 10, 3, 13, 0)}, '5': {'team': 'LAC', 'date': datetime.datetime(2021, 10, 10, 16, 5)}, '6': {'team': 'ARI', 'date': datetime.datetime(2021, 10, 17, 16, 5)}, '7': {'team': 'DEN', 'date': datetime.datetime(2021, 10, 21, 20, 20)}, '8': {'team': 'PIT', 'date': datetime.datetime(2021, 10, 31, 13, 0)}, '9': {'team': 'CIN', 'date': datetime.datetime(2021, 11, 7, 13, 0)}, '10': {'team': 'NE', 'date': datetime.datetime(2021, 11, 14, 13, 0)}, '11': {'team': 'DET', 'date': datetime.datetime(2021, 11, 21, 13, 0)}, '12': {'team': 'BAL', 'date': datetime.datetime(2021, 11, 28, 20, 20)}, '14': {'team': 'BAL', 'date': datetime.datetime(2021, 12, 12, 13, 0)}, '15': {'team': 'LV', 'date': datetime.datetime(2021, 12, 20, 17, 0)}, '16': {'team': 'GB', 'date': datetime.datetime(2021, 12, 25, 16, 30)}, '17': {'team': 'PIT', 'date': datetime.datetime(2022, 1, 3, 20, 15)}, '18': {'team': 'CIN', 'date': datetime.datetime(2022, 1, 9, 13, 0)}}","['RB', 'RB/WR', 'RB/WR/TE', 'OP', 'BE', 'IR']",BE,,,,,,,,,,,,,,,,,,,,,,,,,,,,,,,,,,,,,,,,,,,,,,,,,,,,,,,,,,,,,,,,,,,,,,,,,,,,1.0,,,,,,,,,,,,,,,,,,,,,,,,,,,,,,,,,,,,,,,,,,,,,,,,,,,,,,,,,,,,,,,,,,,,,,,,,,,,,,,,,,,,,,,,,,,,,,,,,,,,,,,,,,,,,,,,,,,,,,,,,,,,,,1.0,,,,,,,,,,,,,,,,,,,,,,,,,,,,,,,,,,,,,,,2021,,,,,,,,,,,,,,,,,,,,,,,,,,,,,,,,,,,,,
287.0,20.5,355.73,22.23,88.0,30.21428571,5.0,79.0,37.0,15.0,10.0,3.0,,13.0,1.0,,,,,4.80681818,,0.5,,1.0,,,,,,,7.0,,10.0,13.0,,,10.0,,,9.0,5.0,174.0,4.0,,14.0,126.1788812,45.20748258,8.617055577,0.219733976,145.0,72.0,36.0,29.0,14.0,25.0,12.0,0.247294525,0.173106168,1.357960027,0.046341966,5.753569679,,,,,,,,,,,,,,,,,,1.507917636,0.039975709,1.540958914,,9.085388349,0.7088411,,4.330167229,16.54259119,16.05882353,Kyler Murray,ARI,DRAFT,11,3917315,15,Mendes Army,QB,"{'1': {'team': 'TEN', 'date': datetime.datetime(2021, 9, 12, 13, 0)}, '2': {'team': 'MIN', 'date': datetime.datetime(2021, 9, 19, 16, 5)}, '3': {'team': 'JAX', 'date': datetime.datetime(2021, 9, 26, 13, 0)}, '4': {'team': 'LAR', 'date': datetime.datetime(2021, 10, 3, 16, 5)}, '5': {'team': 'SF', 'date': datetime.datetime(2021, 10, 10, 16, 25)}, '6': {'team': 'CLE', 'date': datetime.datetime(2021, 10, 17, 16, 5)}, '7': {'team': 'HOU', 'date': datetime.datetime(2021, 10, 24, 16, 25)}, '8': {'team': 'GB', 'date': datetime.datetime(2021, 10, 28, 20, 20)}, '9': {'team': 'SF', 'date': datetime.datetime(2021, 11, 7, 16, 25)}, '10': {'team': 'CAR', 'date': datetime.datetime(2021, 11, 14, 16, 5)}, '11': {'team': 'SEA', 'date': datetime.datetime(2021, 11, 21, 16, 25)}, '13': {'team': 'CHI', 'date': datetime.datetime(2021, 12, 5, 13, 0)}, '14': {'team': 'LAR', 'date': datetime.datetime(2021, 12, 13, 20, 15)}, '15': {'team': 'DET', 'date': datetime.datetime(2021, 12, 19, 13, 0)}, '16': {'team': 'IND', 'date': datetime.datetime(2021, 12, 25, 20, 15)}, '17': {'team': 'DAL', 'date': datetime.datetime(2022, 1, 2, 16, 25)}, '18': {'team': 'SEA', 'date': datetime.datetime(2022, 1, 9, 16, 25)}}","['QB', 'OP', 'BE', 'IR']",QB,,,,,,,,,,,,,,,,,,,,,481.0,333.0,148.0,270.5,24.0,751.0,372.0,184.0,144.0,69.0,31.0,61.0,28.0,24.0,8.0,3.0,1.0,2.0,,10.0,0.69230769,31.0,3.0,7.0,7.0,7.0,,580.5975716,377.725472,202.8720997,254.300468,24.71437233,816.0,408.0,204.0,163.0,81.0,40.0,75.0,37.0,3.328608496,2.175245652,3.303719346,0.446245859,1.28818366,12.21242396,0.650580523,37.16559968,7.544429436,3.621326129,,,,,1.0,,,,,,,,,,,,,,,,,,,,,,,,,,,,,,,,,,,,,,,,,,,,,,,,,,,,,,,,,,,,,,,,,,,,,,,,,,,,,,,,,,,,,,,,,,,,,,,,,,,,,,,,,,,,,,,,,,,,,,,,,,,,,,,,,1.0,,,,,,,,,,,,,,,,,,,,,,,,,,,,,,,,,,,,,2021,,,,,,,,,,,,,,,,,,,,,,,,,,,,,,,,,,,,,
111.0,9.25,100.5,6.28,,,,,,,,,,,,,,,,,55.0,66.83333333,6.0,156.0,75.0,34.0,26.0,11.0,6.0,89.0,350.0,14.58181818,,,,,,,,9.0,3.0,36.0,,,12.0,,,,,,,,,,,,,,,,,38.43213594,6.611432667,0.262889701,0.207989533,0.13592116,123.0,61.0,30.0,24.0,12.0,46.9597013,9.0,4.0,0.681357134,0.021072901,75.10252121,13.14264937,0.262889701,0.002801859,,0.636786132,0.636786132,,0.356600234,0.356600234,0.356600234,16.05882353,Rob Gronkowski,TB,DRAFT,5,13229,15,Mendes Army,TE,"{'1': {'team': 'DAL', 'date': datetime.datetime(2021, 9, 9, 20, 20)}, '2': {'team': 'ATL', 'date': datetime.datetime(2021, 9, 19, 16, 5)}, '3': {'team': 'LAR', 'date': datetime.datetime(2021, 9, 26, 16, 25)}, '4': {'team': 'NE', 'date': datetime.datetime(2021, 10, 3, 20, 20)}, '5': {'team': 'MIA', 'date': datetime.datetime(2021, 10, 10, 13, 0)}, '6': {'team': 'PHI', 'date': datetime.datetime(2021, 10, 14, 20, 20)}, '7': {'team': 'CHI', 'date': datetime.datetime(2021, 10, 24, 16, 25)}, '8': {'team': 'NO', 'date': datetime.datetime(2021, 10, 31, 16, 25)}, '10': {'team': 'WSH', 'date': datetime.datetime(2021, 11, 14, 13, 0)}, '11': {'team': 'NYG', 'date': datetime.datetime(2021, 11, 22, 20, 15)}, '12': {'team': 'IND', 'date': datetime.datetime(2021, 11, 28, 13, 0)}, '13': {'team': 'ATL', 'date': datetime.datetime(2021, 12, 5, 13, 0)}, '14': {'team': 'BUF', 'date': datetime.datetime(2021, 12, 12, 16, 25)}, '15': {'team': 'NO', 'date': datetime.datetime(2021, 12, 19, 20, 20)}, '16': {'team': 'CAR', 'date': datetime.datetime(2021, 12, 26, 13, 0)}, '17': {'team': 'NYJ', 'date': datetime.datetime(2022, 1, 2, 13, 0)}, '18': {'team': 'CAR', 'date': datetime.datetime(2022, 1, 9, 16, 25)}}","['WR/TE', 'TE', 'RB/WR/TE', 'OP', 'BE', 'IR']",TE,,,3.0,3.0,,,,,,,,,,,,,,,2.0,2.0,,,,,,,,,,,,,,,,,,,,,,,,,,,,,,,,,,,,,,,,,,,,,,,,,,,,,2.0,,,,,,,,,,,,,,,,,,,,,,,,,,,,,,,,,,,,,,,,,,,,,,,,,,,,,,,,,,,,,,,,,,,,,,,,,,,,,,,,,,,,,,,,,,,,,,,,,,,,,,,,,,,,,,,,,,,,,,,,,,,,,,,,,,,,,,,,,,,,,,,,,,,,,,,,,,,,,,,,,,,,,,,,2021,,,,,,,,,,,,,,,,,,,,,,,,,,,,,,,,,,,,,
139.0,9.93,135.64,8.48,,,,,,,,,,,,,,,,,74.0,77.92857143,6.0,211.0,103.0,47.0,36.0,15.0,9.0,110.0,290.0,14.74324324,,1.0,,1.0,1.0,3.0,3.0,8.0,6.0,38.0,,1.0,14.0,3.897747871,1.330582467,0.108568898,0.003258377,4.0,2.0,1.0,,,,,0.007163304,0.005014313,0.001026386,3.50266e-05,5.482034689,62.22083685,5.756209407,0.223822114,0.189551413,0.123871848,199.0,99.0,49.0,39.0,19.0,78.17605589,15.0,7.0,2.510353656,0.077639804,124.421456,12.78132322,0.227080491,0.004072656,0.043957631,0.881646094,0.925603725,0.02022051,0.493721813,0.513942323,0.513942323,16.05882353,Tee Higgins,CIN,DRAFT,17,4239993,15,Mendes Army,WR,"{'1': {'team': 'MIN', 'date': datetime.datetime(2021, 9, 12, 13, 0)}, '2': {'team': 'CHI', 'date': datetime.datetime(2021, 9, 19, 13, 0)}, '3': {'team': 'PIT', 'date': datetime.datetime(2021, 9, 26, 13, 0)}, '4': {'team': 'JAX', 'date': datetime.datetime(2021, 9, 30, 20, 20)}, '5': {'team': 'GB', 'date': datetime.datetime(2021, 10, 10, 13, 0)}, '6': {'team': 'DET', 'date': datetime.datetime(2021, 10, 17, 13, 0)}, '7': {'team': 'BAL', 'date': datetime.datetime(2021, 10, 24, 13, 0)}, '8': {'team': 'NYJ', 'date': datetime.datetime(2021, 10, 31, 13, 0)}, '9': {'team': 'CLE', 'date': datetime.datetime(2021, 11, 7, 13, 0)}, '11': {'team': 'LV', 'date': datetime.datetime(2021, 11, 21, 16, 5)}, '12': {'team': 'PIT', 'date': datetime.datetime(2021, 11, 28, 13, 0)}, '13': {'team': 'LAC', 'date': datetime.datetime(2021, 12, 5, 13, 0)}, '14': {'team': 'SF', 'date': datetime.datetime(2021, 12, 12, 16, 25)}, '15': {'team': 'DEN', 'date': datetime.datetime(2021, 12, 19, 16, 5)}, '16': {'team': 'BAL', 'date': datetime.datetime(2021, 12, 26, 13, 0)}, '17': {'team': 'KC', 'date': datetime.datetime(2022, 1, 2, 13, 0)}, '18': {'team': 'CLE', 'date': datetime.datetime(2022, 1, 9, 13, 0)}}","['RB/WR', 'WR', 'WR/TE', 'RB/WR/TE', 'OP', 'BE', 'IR']",WR,,,4.0,4.0,1.0,1.0,,,,,,,,,,,,1.0,3.0,1.0,,,,,,,,,,,,,,,,,,,,,,,,,,,,,,,,,,,,,,,,,,,,,,,,,,,1.0,,1.0,,,,,,,,,,,,,,,,,,,,,,,,,,,,,,,,,,,,,,,,,,,,,,,,,,,,,,,,,,,,,,,,,,,,,,,,,,,,,,,,,,,,,,,,,,,,,,,,,,,,,,,,,,,,,,,,,,,,,,,,,,,,,,,,,,,,,,,,,,,,,,,,,,,,,,,,,,,,,,,,,,,,,,,,2021,,,,,,,,,,,,,,,,,,,,,,,,,,,,,,,,,,,,,
29.0,1.93,94.56,5.91,9.0,2.66666667,,6.0,,,,,,,,,,,,4.44444444,28.0,19.6,1.0,51.0,23.0,9.0,6.0,1.0,1.0,45.0,232.0,10.5,,1.0,,,,,,9.0,6.0,6.0,,,15.0,2.119769976,0.55563648,0.198807513,0.005905776,1.0,,,,,,,0.003891955,0.002724368,0.000141157,4.81713e-06,4.209356804,39.22658736,5.257965015,0.251024478,0.105613817,0.06901863,125.0,62.0,31.0,25.0,12.0,59.55234893,11.0,5.0,0.719687786,0.022258385,90.04810218,10.57780013,0.256930255,0.002806163,0.021920983,0.615843248,0.637764231,0.010083652,0.344872219,0.354955871,0.354955871,16.05882353,Jonnu Smith,NE,DRAFT,45,3054212,15,Mendes Army,BE,"{'1': {'team': 'MIA', 'date': datetime.datetime(2021, 9, 12, 16, 25)}, '2': {'team': 'NYJ', 'date': datetime.datetime(2021, 9, 19, 13, 0)}, '3': {'team': 'NO', 'date': datetime.datetime(2021, 9, 26, 13, 0)}, '4': {'team': 'TB', 'date': datetime.datetime(2021, 10, 3, 20, 20)}, '5': {'team': 'HOU', 'date': datetime.datetime(2021, 10, 10, 13, 0)}, '6': {'team': 'DAL', 'date': datetime.datetime(2021, 10, 17, 16, 25)}, '7': {'team': 'NYJ', 'date': datetime.datetime(2021, 10, 24, 13, 0)}, '8': {'team': 'LAC', 'date': datetime.datetime(2021, 10, 31, 16, 5)}, '9': {'team': 'CAR', 'date': datetime.datetime(2021, 11, 7, 13, 0)}, '10': {'team': 'CLE', 'date': datetime.datetime(2021, 11, 14, 13, 0)}, '11': {'team': 'ATL', 'date': datetime.datetime(2021, 11, 18, 20, 20)}, '12': {'team': 'TEN', 'date': datetime.datetime(2021, 11, 28, 13, 0)}, '13': {'team': 'BUF', 'date': datetime.datetime(2021, 12, 6, 20, 15)}, '15': {'team': 'IND', 'date': datetime.datetime(2021, 12, 18, 20, 15)}, '16': {'team': 'BUF', 'date': datetime.datetime(2021, 12, 26, 13, 0)}, '17': {'team': 'JAX', 'date': datetime.datetime(2022, 1, 2, 13, 0)}, '18': {'team': 'MIA', 'date': datetime.datetime(2022, 1, 9, 16, 25)}}","['WR/TE', 'TE', 'RB/WR/TE', 'OP', 'BE', 'IR']",BE,,,,,1.0,,,,,,,,,,,,,,1.0,,,,,,,,,,,,,,,,,,,,,,,,,,,,,,,,,,,,,,,,,,,,,,,,,,,,,,,,,,,,,,,,,,,,,,,,,,,,,,,,,,,,,,,,,,,,,,,,,,,,,,,,,,,,,,,,,,,,,,,,,,,,,,,,,,,,,,,,,,,,,,,,,,,,,,,,,,,,,,,,,,,,,,,,,,,,,,,,,,,,,,,,,,,,,,,,,,,,,,,,,,,,,,,,,,,,,,,,,,,,,,2021,,,,,,,,,,,,,,,,,,,,,,,,,,,,,,,,,,,,,
171.0,13.15,275.5,18.37,42.0,9.84615385,3.0,22.0,9.0,3.0,2.0,,,2.0,,,,,,3.04761905,,,,,,,,,,,,,2.0,9.0,,1.0,11.0,,1.0,8.0,5.0,114.0,3.0,,13.0,57.74987242,14.34695111,3.248252255,0.127377009,44.0,22.0,11.0,8.0,4.0,11.0,5.0,0.109240044,0.076468031,0.128063524,0.004370317,3.872625866,,,,,,,,,,,,,,,,,,1.508688387,0.023834263,0.470820787,,5.416877897,0.216577562,,2.590684975,13.94229584,15.58823529,Tua Tagovailoa,MIA,DRAFT,25,4241479,15,Mendes Army,BE,"{'1': {'team': 'NE', 'date': datetime.datetime(2021, 9, 12, 16, 25)}, '2': {'team': 'BUF', 'date': datetime.datetime(2021, 9, 19, 13, 0)}, '3': {'team': 'LV', 'date': datetime.datetime(2021, 9, 26, 16, 5)}, '4': {'team': 'IND', 'date': datetime.datetime(2021, 10, 3, 13, 0)}, '5': {'team': 'TB', 'date': datetime.datetime(2021, 10, 10, 13, 0)}, '6': {'team': 'JAX', 'date': datetime.datetime(2021, 10, 17, 9, 30)}, '7': {'team': 'ATL', 'date': datetime.datetime(2021, 10, 24, 13, 0)}, '8': {'team': 'BUF', 'date': datetime.datetime(2021, 10, 31, 13, 0)}, '9': {'team': 'HOU', 'date': datetime.datetime(2021, 11, 7, 13, 0)}, '10': {'team': 'BAL', 'date': datetime.datetime(2021, 11, 11, 20, 20)}, '11': {'team': 'NYJ', 'date': datetime.datetime(2021, 11, 21, 13, 0)}, '12': {'team': 'CAR', 'date': datetime.datetime(2021, 11, 28, 13, 0)}, '13': {'team': 'NYG', 'date': datetime.datetime(2021, 12, 5, 13, 0)}, '15': {'team': 'NYJ', 'date': datetime.datetime(2021, 12, 19, 13, 0)}, '16': {'team': 'NO', 'date': datetime.datetime(2021, 12, 27, 20, 15)}, '17': {'team': 'TEN', 'date': datetime.datetime(2022, 1, 2, 13, 0)}, '18': {'team': 'NE', 'date': datetime.datetime(2022, 1, 9, 16, 25)}}","['QB', 'OP', 'BE', 'IR']",BE,,,,,,,,,,,,,,,,,,,,,388.0,263.0,125.0,204.07692308,16.0,525.0,259.0,126.0,100.0,47.0,21.0,48.0,20.0,20.0,7.0,1.0,1.0,1.0,1.0,10.0,0.67783505,20.0,8.0,13.0,2.0,,,567.6216281,365.2613518,202.3602763,262.0656074,23.93244389,817.0,408.0,204.0,163.0,81.0,40.0,73.0,36.0,3.327982555,2.1748366,3.287722037,0.444085042,1.381311378,11.35161086,0.643494423,39.05117592,4.94605711,2.374107413,,,,1.0,,,,,,,,,,,,,,,,,,,,,,,,,,,,,,,,,,,,,,,,,,,,,,,,,,,,,,,,,,,,,,,,,,,,,,,,,,,,,,,,,,,,,,,,,,,,,,,,,,,,,,,,,,,,,,,,,,,,,,,,,,,1.0,,,,,,,,,,,,,,,,,,,,,,,,,,,,,,,,,,,,,,,,,,,,2021,,,,,,,,,,,,,,,,,,,,,,,,,,,,,,,,,,,,,
37.0,2.85,91.05,6.07,67.0,17.53846154,,41.0,17.0,6.0,4.0,,,9.0,2.0,,,,,3.40298507,32.0,17.30769231,1.0,40.0,16.0,6.0,4.0,,2.0,42.0,191.0,7.03125,1.0,1.0,1.0,1.0,1.0,1.0,1.0,3.0,10.0,6.0,,,13.0,86.61256591,24.88098255,2.916098808,0.103948425,75.0,37.0,18.0,15.0,7.0,17.0,8.0,0.16635544,0.116448808,0.364628438,0.01244337,4.342809945,19.15791749,1.557275199,0.08212941,0.063776063,0.041677657,57.0,28.0,14.0,11.0,5.0,33.06635985,6.0,3.0,0.118596104,0.003667921,46.51943637,8.758830311,0.186077835,0.005367111,0.882777155,0.337020694,1.219797849,0.406077491,0.188731589,0.59480908,0.59480908,15.11764706,David Johnson,HOU,DRAFT,73,2508176,15,Mendes Army,BE,"{'1': {'team': 'JAX', 'date': datetime.datetime(2021, 9, 12, 13, 0)}, '2': {'team': 'CLE', 'date': datetime.datetime(2021, 9, 19, 13, 0)}, '3': {'team': 'CAR', 'date': datetime.datetime(2021, 9, 23, 20, 20)}, '4': {'team': 'BUF', 'date': datetime.datetime(2021, 10, 3, 13, 0)}, '5': {'team': 'NE', 'date': datetime.datetime(2021, 10, 10, 13, 0)}, '6': {'team': 'IND', 'date': datetime.datetime(2021, 10, 17, 13, 0)}, '7': {'team': 'ARI', 'date': datetime.datetime(2021, 10, 24, 16, 25)}, '8': {'team': 'LAR', 'date': datetime.datetime(2021, 10, 31, 13, 0)}, '9': {'team': 'MIA', 'date': datetime.datetime(2021, 11, 7, 13, 0)}, '11': {'team': 'TEN', 'date': datetime.datetime(2021, 11, 21, 13, 0)}, '12': {'team': 'NYJ', 'date': datetime.datetime(2021, 11, 28, 13, 0)}, '13': {'team': 'IND', 'date': datetime.datetime(2021, 12, 5, 13, 0)}, '14': {'team': 'SEA', 'date': datetime.datetime(2021, 12, 12, 13, 0)}, '15': {'team': 'JAX', 'date': datetime.datetime(2021, 12, 19, 13, 0)}, '16': {'team': 'LAC', 'date': datetime.datetime(2021, 12, 26, 13, 0)}, '17': {'team': 'SF', 'date': datetime.datetime(2022, 1, 2, 16, 5)}, '18': {'team': 'TEN', 'date': datetime.datetime(2022, 1, 9, 13, 0)}}","['RB', 'RB/WR', 'RB/WR/TE', 'OP', 'BE', 'IR']",BE,,,,,,,,,,,,,,,,,,,1.0,,,,,,,,,,,,,,,,,,,,,,,,,,,,,,,,,,,,,,,,,,,,,,,,,,,,,,,,,,,,,,,,,,,,,,,,,,,,,,,,,,,,,,,,,,,,,,,,,,,,,,,,,,,,,,,,,,,,,,,,,,,,,,,,,,,,,,,,,,,,,,,,,,,,,,,,,,,,,,,,,,,,,,,,,,,,,,,,,,,,,,,,,,,,,,,,,,,,,,,,,,,,,,,,,,,,,,,,,,,,,,2021,,,,,,,,,,,,,,,,,,,,,,,,,,,,,,,,,,,,,
99.0,5.82,105.8,6.61,,,,,,,,,,,,,,,,,46.0,41.05882353,6.0,133.0,63.0,27.0,20.0,5.0,2.0,84.0,144.0,15.17391304,,,,,,,,9.0,8.0,36.0,,,17.0,,,,,,,,,,,,,,,,,48.63166804,4.680235532,0.218456021,0.198862678,0.12995676,156.0,78.0,39.0,31.0,15.0,61.57648409,12.0,6.0,1.332765791,0.041219561,96.08352147,12.68288351,0.218456021,0.002878674,,0.654244146,0.654244146,,0.366376722,0.366376722,0.366376722,16.05882353,Marquez Callaway,NO,DRAFT,39,4035170,15,Mendes Army,BE,"{'1': {'team': 'GB', 'date': datetime.datetime(2021, 9, 12, 16, 25)}, '2': {'team': 'CAR', 'date': datetime.datetime(2021, 9, 19, 13, 0)}, '3': {'team': 'NE', 'date': datetime.datetime(2021, 9, 26, 13, 0)}, '4': {'team': 'NYG', 'date': datetime.datetime(2021, 10, 3, 13, 0)}, '5': {'team': 'WSH', 'date': datetime.datetime(2021, 10, 10, 13, 0)}, '7': {'team': 'SEA', 'date': datetime.datetime(2021, 10, 25, 20, 15)}, '8': {'team': 'TB', 'date': datetime.datetime(2021, 10, 31, 16, 25)}, '9': {'team': 'ATL', 'date': datetime.datetime(2021, 11, 7, 13, 0)}, '10': {'team': 'TEN', 'date': datetime.datetime(2021, 11, 14, 13, 0)}, '11': {'team': 'PHI', 'date': datetime.datetime(2021, 11, 21, 13, 0)}, '12': {'team': 'BUF', 'date': datetime.datetime(2021, 11, 25, 20, 20)}, '13': {'team': 'DAL', 'date': datetime.datetime(2021, 12, 2, 20, 20)}, '14': {'team': 'NYJ', 'date': datetime.datetime(2021, 12, 12, 13, 0)}, '15': {'team': 'TB', 'date': datetime.datetime(2021, 12, 19, 20, 20)}, '16': {'team': 'MIA', 'date': datetime.datetime(2021, 12, 27, 20, 15)}, '17': {'team': 'CAR', 'date': datetime.datetime(2022, 1, 2, 16, 25)}, '18': {'team': 'ATL', 'date': datetime.datetime(2022, 1, 9, 16, 25)}}","['RB/WR', 'WR', 'WR/TE', 'RB/WR/TE', 'OP', 'BE', 'IR']",BE,1.0,,1.0,1.0,,,,,,,,,,,,,,,2.0,1.0,,,,,,,,,,,,,,,,,,,,,,,,,,,,,,,,,,,,,,,,,,,,,,,,,,,,,2.0,,,,,,,,,,,,,,,,,,,,,,,,,,,,,,,,,,,,,,,,,,,,,,,,,,,,,,,,,,2.0,,,,,,,,,,,,,,,,,,,,,,,,,,,,,,,,,,,,,,,,,,,,,,,,,,,,,,,,,,,,,,,,,,,,,,,,,,,,,,,,,,,,,,,,,,,,,,,,,,,,,,,,,,,,,,2021,,,,,,,,,,,,,,,,,,,,,,,,,,,,,,,,,,,,,
142.0,8.35,96.07,6.4,188.0,51.17647059,7.0,167.0,78.0,35.0,28.0,8.0,1.0,31.0,12.0,1.0,,1.0,,4.62765957,40.0,13.41176471,1.0,40.0,16.0,6.0,4.0,,4.0,50.0,242.0,5.7,2.0,5.0,,,,1.0,1.0,11.0,6.0,48.0,5.0,,17.0,115.4027778,33.87924991,2.334768863,0.086308063,102.0,51.0,25.0,20.0,10.0,23.0,11.0,0.22501445,0.157510115,0.681186122,0.023246269,4.43814744,16.31437608,1.330441225,0.055628844,0.042836191,0.027993451,49.0,24.0,12.0,9.0,4.0,33.16681294,6.0,3.0,0.094379873,0.002918965,44.1582133,7.436197745,0.141936907,0.005632029,0.994256823,0.285749881,1.280006704,0.457358138,0.160019934,0.617378072,0.617378072,15.11764706,Devin Singletary,BUF,ADD,19,4040761,15,Mendes Army,RB,"{'1': {'team': 'PIT', 'date': datetime.datetime(2021, 9, 12, 13, 0)}, '2': {'team': 'MIA', 'date': datetime.datetime(2021, 9, 19, 13, 0)}, '3': {'team': 'WSH', 'date': datetime.datetime(2021, 9, 26, 13, 0)}, '4': {'team': 'HOU', 'date': datetime.datetime(2021, 10, 3, 13, 0)}, '5': {'team': 'KC', 'date': datetime.datetime(2021, 10, 10, 20, 20)}, '6': {'team': 'TEN', 'date': datetime.datetime(2021, 10, 18, 20, 15)}, '8': {'team': 'MIA', 'date': datetime.datetime(2021, 10, 31, 13, 0)}, '9': {'team': 'JAX', 'date': datetime.datetime(2021, 11, 7, 13, 0)}, '10': {'team': 'NYJ', 'date': datetime.datetime(2021, 11, 14, 13, 0)}, '11': {'team': 'IND', 'date': datetime.datetime(2021, 11, 21, 13, 0)}, '12': {'team': 'NO', 'date': datetime.datetime(2021, 11, 25, 20, 20)}, '13': {'team': 'NE', 'date': datetime.datetime(2021, 12, 6, 20, 15)}, '14': {'team': 'TB', 'date': datetime.datetime(2021, 12, 12, 16, 25)}, '15': {'team': 'CAR', 'date': datetime.datetime(2021, 12, 19, 13, 0)}, '16': {'team': 'NE', 'date': datetime.datetime(2021, 12, 26, 13, 0)}, '17': {'team': 'ATL', 'date': datetime.datetime(2022, 1, 2, 13, 0)}, '18': {'team': 'NYJ', 'date': datetime.datetime(2022, 1, 9, 16, 25)}}","['RB', 'RB/WR', 'RB/WR/TE', 'OP', 'BE', 'IR']",RB,,,,,2.0,,,,,,,,,,,,,,1.0,,,,,,,,,,,,,,,,,,,,,,,,,,,,,,,,,,,,,,,,,,,,,,,,,,,,,,,,1.0,,,,,,,,,,,,,,,,,,,,,,,,,,,,,,,,,,,,,,,,,,,,,,,,,,,,,,,,,,,,,,,,,,,,,,,,,,,,,,,,,,,,,,,,,,,,,,,,,,,,,,,,,,,,,,,,,,,,,,,,,,,,,,,,,,,,,,,,,,,,,,,,,,,,,,,,,,,,,,,,,,,,,,2021,,,,,,,,,,,,,,,,,,,,,,,,,,,,,,,,,,,,,
147.0,8.65,122.19,7.19,,,,,,,,,,,,,,,,,,,,,,,,,,,,,,,,,,,,9.0,8.0,134.0,,,17.0,,,,,,,,,,,,,,,,,,,,,,,,,,,,,,,,,,,,,,,,,,,17.0,Jake Elliott,PHI,ADD,8,3050478,15,Mendes Army,K,"{'1': {'team': 'ATL', 'date': datetime.datetime(2021, 9, 12, 13, 0)}, '2': {'team': 'SF', 'date': datetime.datetime(2021, 9, 19, 13, 0)}, '3': {'team': 'DAL', 'date': datetime.datetime(2021, 9, 27, 20, 15)}, '4': {'team': 'KC', 'date': datetime.datetime(2021, 10, 3, 13, 0)}, '5': {'team': 'CAR', 'date': datetime.datetime(2021, 10, 10, 13, 0)}, '6': {'team': 'TB', 'date': datetime.datetime(2021, 10, 14, 20, 20)}, '7': {'team': 'LV', 'date': datetime.datetime(2021, 10, 24, 16, 5)}, '8': {'team': 'DET', 'date': datetime.datetime(2021, 10, 31, 13, 0)}, '9': {'team': 'LAC', 'date': datetime.datetime(2021, 11, 7, 16, 5)}, '10': {'team': 'DEN', 'date': datetime.datetime(2021, 11, 14, 16, 25)}, '11': {'team': 'NO', 'date': datetime.datetime(2021, 11, 21, 13, 0)}, '12': {'team': 'NYG', 'date': datetime.datetime(2021, 11, 28, 13, 0)}, '13': {'team': 'NYJ', 'date': datetime.datetime(2021, 12, 5, 13, 0)}, '15': {'team': 'WSH', 'date': datetime.datetime(2021, 12, 21, 19, 0)}, '16': {'team': 'NYG', 'date': datetime.datetime(2021, 12, 26, 13, 0)}, '17': {'team': 'WSH', 'date': datetime.datetime(2022, 1, 2, 13, 0)}, '18': {'team': 'DAL', 'date': datetime.datetime(2022, 1, 8, 20, 15)}}","['K', 'BE', 'IR']",K,,,,,,,,,,,,,,,,,,,,,,,,,,,,,,,,,,,,,,,,,,,,,,,,,,,,,,,,,,,,,,,,,,,,,,,,,,,,,,3.0,3.0,10.0,12.0,2.0,17.0,17.0,,30.0,33.0,3.0,44.0,44.0,,3.0,3.0,3.098706534,4.972166885,1.873460351,7.630658545,10.30180982,2.671151276,15.91501436,17.22384607,1.308831716,26.64437944,32.49782278,5.853443342,34.2827741,37.09411944,2.811345335,3.098706534,4.972166885,1.873460351,,,,,,,,,,,,,,,,,,,,,,,,,,,,,,,,,,,,,,,,,,,,,,,,,,,,,,,,,,,,,,,,,,,,,,,,,,,,,,,,,,,,,,,,,,,,,,,,,,,,,,,,,,,,,,,,,,,,,,,,,,,,,,,,,,2021,,,,,,,,,,,,,,,,,,,,,,,,,,,,,,,,,,,,,
118.0,6.94,104.97,6.17,,,,,,,,,,,,,,,,,,,,,,,,,,,,,,,,,,768.0,1103.0,9.0,8.0,,,,17.0,,,,,,,,,,,,,,,,,,,,,,,,,,,,,,,,,,,,,,,,,,,17.0,Colts D/ST,IND,ADD,7,-16011,15,Mendes Army,D/ST,"{'1': {'team': 'SEA', 'date': datetime.datetime(2021, 9, 12, 13, 0)}, '2': {'team': 'LAR', 'date': datetime.datetime(2021, 9, 19, 13, 0)}, '3': {'team': 'TEN', 'date': datetime.datetime(2021, 9, 26, 13, 0)}, '4': {'team': 'MIA', 'date': datetime.datetime(2021, 10, 3, 13, 0)}, '5': {'team': 'BAL', 'date': datetime.datetime(2021, 10, 11, 20, 15)}, '6': {'team': 'HOU', 'date': datetime.datetime(2021, 10, 17, 13, 0)}, '7': {'team': 'SF', 'date': datetime.datetime(2021, 10, 24, 20, 20)}, '8': {'team': 'TEN', 'date': datetime.datetime(2021, 10, 31, 13, 0)}, '9': {'team': 'NYJ', 'date': datetime.datetime(2021, 11, 4, 20, 20)}, '10': {'team': 'JAX', 'date': datetime.datetime(2021, 11, 14, 13, 0)}, '11': {'team': 'BUF', 'date': datetime.datetime(2021, 11, 21, 13, 0)}, '12': {'team': 'TB', 'date': datetime.datetime(2021, 11, 28, 13, 0)}, '13': {'team': 'HOU', 'date': datetime.datetime(2021, 12, 5, 13, 0)}, '15': {'team': 'NE', 'date': datetime.datetime(2021, 12, 18, 20, 15)}, '16': {'team': 'ARI', 'date': datetime.datetime(2021, 12, 25, 20, 15)}, '17': {'team': 'LV', 'date': datetime.datetime(2022, 1, 2, 13, 0)}, '18': {'team': 'JAX', 'date': datetime.datetime(2022, 1, 9, 13, 0)}}","['D/ST', 'BE', 'IR']",D/ST,,,,,,,808.0,75.0,23.0,0.502783538,0.553152,872.3153846,383.775,87.0,34.0,38.0,15.0,,,,,,,,,,,,,,,,,,,,,,,,,,,,,,,,,,,,,,,,,,,,,,,,,,,,,,,,,335.0,,,17.0,,,,,,,,,,,,,,,,,,,,,,,,,,,,,,,,,,,14.0,1.0,1.0,0.0,5.0,1.0,19.0,2.0,1.0,33.0,66.0,,,,3.0,364.0,214.0,40.0,69.0,170.0,12.0,3.0,359.0,1.0,4.0,4.0,1.0,5834.0,0.0,1.0,2.0,5.0,7.0,0.0,1.0,1.0,0.0,1.0,1.0,0.0,5.0,1.0,4.0,4.0,1.0,0.188737748,0.850170034,3.043608722,2.856571314,0.063794718,1.590118733,12.96635615,9.887733549,1.057697154,0.561151341,40.92481774,81.84963548,1.032021413,0.558097321,2.70984899,15.21189777,990.950308,330.0,198.0,78.74722189,375.5286091,2.465493099,3.621724345,2.618523705,1.207241448,0.147929586,22.08991818,5965.872809,0.629755707,5.106127353,4.135963156,3.727472968,2.144573488,0.851021225,0.323388066,0.081698038,350.9336946,-375.5286091,,,,,,,,,1.0,,,,2.0,,,,,,,,,,,,,,,,,,,,,,,,,,,,,,,,,,2021,,,,,,,,,,,,,,,,,,,,,,,,,,,,,,,,,,,,,
18.0,3.0,11.73,0.73,12.0,4.5,,5.0,2.0,1.0,,,,1.0,,,,,,2.25,,,,,,,,,,,,,1.0,3.0,,1.0,4.0,,,2.0,4.0,14.0,,,6.0,1.223676959,0.328410836,0.0618291,0.002277866,1.0,,,,,,,0.002245729,0.00157201,3.98624e-05,1.36035e-06,4.309872488,,,,,,,,,,,,,,,,,,0.079944191,0.001952179,0.016416048,,0.443676969,0.007551382,,0.212636624,1.217044715,16.05882353,Jordan Love,GB,ADD,52,4036378,15,Mendes Army,BE,"{'1': {'team': 'NO', 'date': datetime.datetime(2021, 9, 12, 16, 25)}, '2': {'team': 'DET', 'date': datetime.datetime(2021, 9, 20, 20, 15)}, '3': {'team': 'SF', 'date': datetime.datetime(2021, 9, 26, 20, 20)}, '4': {'team': 'PIT', 'date': datetime.datetime(2021, 10, 3, 16, 25)}, '5': {'team': 'CIN', 'date': datetime.datetime(2021, 10, 10, 13, 0)}, '6': {'team': 'CHI', 'date': datetime.datetime(2021, 10, 17, 13, 0)}, '7': {'team': 'WSH', 'date': datetime.datetime(2021, 10, 24, 13, 0)}, '8': {'team': 'ARI', 'date': datetime.datetime(2021, 10, 28, 20, 20)}, '9': {'team': 'KC', 'date': datetime.datetime(2021, 11, 7, 16, 25)}, '10': {'team': 'SEA', 'date': datetime.datetime(2021, 11, 14, 16, 25)}, '11': {'team': 'MIN', 'date': datetime.datetime(2021, 11, 21, 13, 0)}, '12': {'team': 'LAR', 'date': datetime.datetime(2021, 11, 28, 16, 25)}, '14': {'team': 'CHI', 'date': datetime.datetime(2021, 12, 12, 20, 20)}, '15': {'team': 'BAL', 'date': datetime.datetime(2021, 12, 19, 16, 25)}, '16': {'team': 'CLE', 'date': datetime.datetime(2021, 12, 25, 16, 30)}, '17': {'team': 'MIN', 'date': datetime.datetime(2022, 1, 2, 20, 20)}, '18': {'team': 'DET', 'date': datetime.datetime(2022, 1, 9, 13, 0)}}","['QB', 'OP', 'BE', 'IR']",BE,,,,,,,,,,,,,,,,,,,,,62.0,36.0,26.0,68.5,2.0,80.0,39.0,18.0,14.0,6.0,2.0,6.0,2.0,4.0,1.0,1.0,1.0,,,3.0,0.58064516,3.0,2.0,,,1.0,,29.56743827,17.69923413,11.86820414,12.06176643,1.656275639,38.0,19.0,9.0,7.0,3.0,1.0,3.0,1.0,0.093923101,0.061378746,0.277734343,0.037514627,0.077666326,1.00440809,0.5986056,2.281235014,0.427260921,0.205085242,,,,,,,,,,,,,,,,,,,,,,,,,,,,,,,,,,,,,,,,,,,,,,,,,,,,,,,,,,,,,,,,,,,,,,,,,,,,,,,,,,,,,,,,,,,,,,,,,,,,,,,,,,,,,,,,,,,,,,,,,,,,,,,1.0,,,,,1.0,,,,,,,,,,,,,,,,,,,,,,,,,,,,,,,,,,,,,,,2021,,,,,,,,,,,,,,,,,,,,,,,,,,,,,,,,,,,,,
77.0,11.0,19.25,1.2,47.0,42.0,2.0,57.0,28.0,12.0,8.0,3.0,,7.0,2.0,,,,,6.25531915,,,,,,,,,,,,,1.0,4.0,1.0,3.0,7.0,,,2.0,5.0,30.0,2.0,,7.0,5.949630351,1.583344292,0.334021352,0.008933532,5.0,2.0,1.0,1.0,,1.0,,0.010950385,0.007665269,0.001683566,5.74536e-05,4.273651483,,,,,,,,,,,,,,,,,,0.108002785,0.002716778,0.07981634,,0.617449585,0.036715517,,0.294779474,1.46999229,16.05882353,Tyler Huntley,BAL,ADD,37,4035671,15,Mendes Army,BE,"{'1': {'team': 'LV', 'date': datetime.datetime(2021, 9, 13, 20, 15)}, '2': {'team': 'KC', 'date': datetime.datetime(2021, 9, 19, 20, 20)}, '3': {'team': 'DET', 'date': datetime.datetime(2021, 9, 26, 13, 0)}, '4': {'team': 'DEN', 'date': datetime.datetime(2021, 10, 3, 16, 25)}, '5': {'team': 'IND', 'date': datetime.datetime(2021, 10, 11, 20, 15)}, '6': {'team': 'LAC', 'date': datetime.datetime(2021, 10, 17, 13, 0)}, '7': {'team': 'CIN', 'date': datetime.datetime(2021, 10, 24, 13, 0)}, '9': {'team': 'MIN', 'date': datetime.datetime(2021, 11, 7, 13, 0)}, '10': {'team': 'MIA', 'date': datetime.datetime(2021, 11, 11, 20, 20)}, '11': {'team': 'CHI', 'date': datetime.datetime(2021, 11, 21, 13, 0)}, '12': {'team': 'CLE', 'date': datetime.datetime(2021, 11, 28, 20, 20)}, '13': {'team': 'PIT', 'date': datetime.datetime(2021, 12, 5, 16, 25)}, '14': {'team': 'CLE', 'date': datetime.datetime(2021, 12, 12, 13, 0)}, '15': {'team': 'GB', 'date': datetime.datetime(2021, 12, 19, 16, 25)}, '16': {'team': 'CIN', 'date': datetime.datetime(2021, 12, 26, 13, 0)}, '17': {'team': 'LAR', 'date': datetime.datetime(2022, 1, 2, 13, 0)}, '18': {'team': 'PIT', 'date': datetime.datetime(2022, 1, 9, 13, 0)}}","['QB', 'OP', 'BE', 'IR']",BE,,,,,,,,,,,,,,,,,,,,,188.0,122.0,66.0,154.42857143,3.0,214.0,105.0,50.0,39.0,18.0,8.0,23.0,9.0,12.0,5.0,,,,,4.0,0.64893617,18.0,2.0,3.0,,,,37.41950613,22.50066948,14.91883665,15.59986713,1.988328846,50.0,25.0,12.0,10.0,5.0,2.0,4.0,2.0,0.104023505,0.067979361,0.345684487,0.04669291,0.099069253,1.175212816,0.601308563,2.656486587,0.537633245,0.258063958,,,,,,,,,,,,,,,,,,,,,,,,,,,,,,,,,,,,,,,,,,,,,,,,,,,,,,,,,,,,,,,,,,,,,,,,,,,,,,,,,,,,,,,,,,,,,,,,,,,,,,,,,,,,,,,,,,,,,,,,,,,,,,,1.0,,,,,,,,,,,,,,,,,,,,,,,,,,,,,,,,,,,,,,,,,,,,2021,,,,,,,,,,,,,,,,,,,,,,,,,,,,,,,,,,,,,
139.0,8.18,118.34,6.96,,,,,,,,,,,,,,,,,,,,,,,,,,,,,,,,,,699.0,1019.0,11.0,6.0,,,,17.0,,,,,,,,,,,,,,,,,,,,,,,,,,,,,,,,,,,,,,,,,,,17.0,Bills D/ST,BUF,FA,3,-16002,,FA,,{},"['D/ST', 'BE', 'IR']",,,,,,,,790.0,71.0,25.0,0.154322,0.364613538,579.84,245.4307692,57.0,23.0,24.0,9.0,,,,,,,,,,,,,,,,,,,,,,,,,,,,,,,,,,,,,,,,,,,,,,,,,,,,,,,,,320.0,,,11.0,,,,,,,,,,,,,,,,,,,,,,,,,,,,,,,,,,,11.0,2.0,1.0,3.0,4.0,1.0,19.0,2.0,,42.0,84.0,,,1.0,1.0,333.0,195.0,68.0,80.0,316.0,23.0,8.0,289.0,3.0,1.0,2.0,1.0,4637.0,1.0,2.0,9.0,0.0,4.0,0.0,1.0,0.0,0.0,2.0,1.0,3.0,4.0,3.0,1.0,2.0,1.0,0.263763764,1.191191191,3.998998999,3.403403403,0.06590513,1.58884925,13.96025959,8.459724028,1.007041142,0.555453412,42.35330735,84.70661471,1.033290098,0.555559152,2.173689918,13.01496004,1017.852941,339.0,203.0,76.48262628,361.9818086,2.467467467,3.148148148,1.871871872,0.595595596,0.05955956,21.29304757,5961.845443,0.655384769,5.277124118,4.196164823,3.693986882,2.051269213,0.766034146,0.289390677,0.070645371,350.6967908,-361.9818086,,,,,,,,,,,,,,,,,,,,,,,,,,,,,,,,,,,,,,,,,,,,,,,2021,,,,,,,,,,,,,,,,,,,,,,,,,,,,,,,,,,,,,
105.0,6.18,143.89,8.99,5.0,1.0,,1.0,,,,,,,,,,,,3.4,56.0,48.58823529,5.0,161.0,75.0,34.0,26.0,8.0,4.0,84.0,349.0,14.75,,2.0,,1.0,1.0,,,10.0,7.0,32.0,,,17.0,9.461883418,3.694217151,0.429095713,0.012657493,11.0,5.0,2.0,2.0,1.0,1.0,,0.017441748,0.012209223,0.008685919,0.000296417,6.269870246,57.66787611,7.225479467,0.419459279,0.165549567,0.108186642,185.0,92.0,46.0,37.0,18.0,73.22896281,14.0,7.0,2.076316362,0.06421597,119.1643927,12.64633842,0.432116771,0.003092609,0.080425272,0.622440478,0.702865749,0.036995625,0.348566668,0.385562293,0.385562293,16.05882353,Brandon Aiyuk,SF,FA,34,4360438,,FA,,{},"['RB/WR', 'WR', 'WR/TE', 'RB/WR/TE', 'OP', 'BE', 'IR']",,,,1.0,1.0,1.0,1.0,,,,,0.142416,,126.936,,,12.0,5.0,,3.0,,,,,,,,,,,,,,,,,,,,,,,,,,,,,,,,,,,,,,,,,,,,,,,,,,,,1.0,,2.0,,,,,,,,,,,,,,,,,,,,,,,,,,,,,,,,,,,,,,,,,,,,,,,,,,,,,,,,,,208.0,15.0,3.0,,,,,,,,,,,,,,,,,,,,,,,,,,,,,,,,,,,,,,,,,,,,,,,,,,,,,,,,,,,,,,,,,,,,,,,,,,,,,,,,,,,,,,,,,,,,,,,,,,,,,,,,,,,,2021,,,,,,,,,,,,,,,,,,,,,,,,,,,,,,,,,,,,,
128.0,9.85,160.42,10.03,1.0,0.15384615,,,,,,,,,,,,,,2.0,67.0,55.84615385,10.0,142.0,68.0,32.0,24.0,8.0,9.0,95.0,239.0,10.8358209,,1.0,,,,,,5.0,8.0,60.0,,,13.0,4.8202542,1.766791649,0.192944173,0.00730265,5.0,2.0,1.0,1.0,,,,0.008863128,0.006204189,0.00187813,6.40934e-05,5.886120134,64.43378714,9.01501768,0.523934971,0.255908523,0.16723622,206.0,103.0,51.0,41.0,20.0,80.29507534,16.0,8.0,2.743696731,0.0848566,119.5256125,12.88660373,0.531237621,0.003617846,0.046564993,0.7756727,0.822237693,0.021419897,0.434376712,0.455796609,0.455796609,16.05882353,Adam Thielen,MIN,FA,24,16460,,FA,,{},"['RB/WR', 'WR', 'WR/TE', 'RB/WR/TE', 'OP', 'BE', 'IR']",,,,1.0,1.0,1.0,,,,,,,,,,,,,1.0,5.0,3.0,,,,,,,,,,,,,,,,,,,,,,,,,,,,,,,,,,,,,,,,,,,,,,,,,,,,,2.0,,,,,,,,,,,,,,,,,,,,,,,,,,,,,,,,,,,,,,,,,,,,,,,,,,,,,,,,,,,,,,,,,,,,,,,,,,,,,,,,,,,,,,,,,,,,,,,,,,,,,,,,,,,,,,,,,,,,,,,,,,,,,,,,,,,,,,,,,,,,,,,,,,,,,,,,,,,,,,,,,,,,,,,,2021,,,,,,,,,,,,,,,,,,,,,,,,,,,,,,,,,,,,,
89.0,7.42,156.18,10.41,116.0,49.33333333,2.0,115.0,55.0,25.0,19.0,7.0,1.0,19.0,6.0,,,1.0,,5.10344828,43.0,25.91666667,,55.0,24.0,10.0,7.0,1.0,4.0,53.0,324.0,7.23255814,,1.0,,1.0,1.0,1.0,2.0,9.0,3.0,12.0,1.0,,12.0,165.6370328,49.15479385,4.695267883,0.119678685,148.0,74.0,37.0,29.0,14.0,33.0,16.0,0.331244049,0.231870834,1.431996617,0.048868551,4.486344702,26.73140589,2.526479635,0.132017468,0.048979823,0.032008314,80.0,40.0,20.0,16.0,8.0,54.36378115,10.0,5.0,0.227923006,0.007049165,69.5286127,7.433551366,0.251696153,0.009435888,1.614593676,0.529926284,2.14451996,0.742713091,0.296758719,1.03947181,1.03947181,15.11764706,Chase Edmonds,ARI,FA,37,3119195,,FA,,{},"['RB', 'RB/WR', 'RB/WR/TE', 'OP', 'BE', 'IR']",,,,,,1.0,1.0,,,,0.0617288,,267.4857143,,26.0,10.0,,,,,,,,,,,,,,,,,,,,,,,,,,,,,,,,,,,,,,,,,,,,,,,,,,,,,,,,,,,1.0,1.0,,,,,,,,,,,,,,,,,,,,,,,,,,,,,,,,,,,,,,,,,,,,,,,,,,,,,,,,,,,,,,,,,,,,,,,,,,,,,,,,,,,,,,,,,,,,,,,,,,,,,,,,,,,,,,,,,,,,,,,,,,,,,,,,,,,,,,,,,,,,,,,,,,,,,,,,,,,,,,,,,,,,,,2021,,,,,,,,,,,,,,,,,,,,,,,,,,,,,,,,,,,,,
106.0,6.24,95.04,5.59,,,,,,,,,,,,,,,,,,,,,,,,,,,,,,,,,,747.0,1191.0,12.0,5.0,,,,17.0,,,,,,,,,,,,,,,,,,,,,,,,,,,,,,,,,,,,,,,,,,,17.0,Rams D/ST,LAR,FA,10,-16014,,FA,,{},"['D/ST', 'BE', 'IR']",,,,,,,,686.0,63.0,21.0,0.22046,0.23736,680.104,211.56,68.0,27.0,21.0,8.0,,,,,,,,,,,,,,,,,,,,,,,,,,,,,,,,,,,,,,,,,,,,,,,,,,,,,,,,,444.0,,,14.0,,,,,,,,,,,,,,,,,,,,,,,,,,,,,,,,,,,6.0,0.0,0.0,4.0,2.0,,19.0,,,50.0,100.0,,1.0,,1.0,392.0,230.0,60.0,71.0,215.0,17.0,5.0,342.0,2.0,7.0,1.0,1.0,5863.0,0.0,2.0,2.0,4.0,4.0,4.0,1.0,0.0,0.0,0.0,0.0,4.0,2.0,2.0,7.0,1.0,1.0,0.179367937,0.807580758,2.924292429,2.788278828,0.030935813,1.49348343,13.01667541,8.142450332,0.943455204,0.527165036,41.05485838,82.10971677,0.932901265,0.560582165,1.982239244,12.52684666,1001.687628,333.0,200.0,77.40546,384.44826,2.465246525,3.680868087,2.711771177,1.283628363,0.158965897,22.61460353,5873.999101,0.809320972,6.304184415,4.557754949,3.492858933,1.490854422,0.255575044,0.085191681,0.004259584,345.5293589,-384.44826,,,,,,,,,,,,,,,,,,,,,,,,,,,,,,,,,,,,,,,,,,,,,,,2021,,,,,,,,,,,,,,,,,,,,,,,,,,,,,,,,,,,,,
137.0,9.79,144.88,9.66,4.0,1.5,1.0,2.0,,,,,,,,,,,,5.25,98.0,78.78571429,5.0,216.0,105.0,50.0,36.0,16.0,14.0,128.0,586.0,11.25510204,,2.0,,2.0,2.0,1.0,1.0,10.0,4.0,36.0,1.0,,14.0,,,,,,,,,,,,,,,,,67.16674313,6.918438196,0.275122465,0.262380683,0.171465776,209.0,104.0,52.0,41.0,20.0,80.26080468,16.0,8.0,2.821416396,0.087260301,120.1109488,13.04510963,0.275122465,0.004759252,,1.0816481,1.0816481,,0.605722936,0.605722936,0.605722936,15.58823529,Chris Godwin,TB,FA,18,3116165,,FA,,{},"['RB/WR', 'WR', 'WR/TE', 'RB/WR/TE', 'OP', 'BE', 'IR']",,,,5.0,5.0,2.0,2.0,,,,,,,,,,,,2.0,2.0,,,,,,,,,,,,,,,,,,,,,,,,,,,,,,,,,,,,,,,,,,,,,,,,,,,,,,3.0,,,,,,,,,,,,,,,,,,,,,,,,,,,,,,,,,,,,,,,,,,,,,,,,,,,,,,,,,,,,,,,,,,,,,,,,,,,,,,,,,,,,,,,,,,,,,,,,,,,,,,,,,,,,,,,,,,,,,,,,,,,,,,,,,,,,,,,,,,,,,,,,,,,,,,,,,,,,,,,,,,,,,,,,2021,,,,,,,,,,,,,,,,,,,,,,,,,,,,,,,,,,,,,
105.0,6.18,94.47,5.56,,,,,,,,,,,,,,,,,,,,,,,,,,,,,,,,,,704.0,1063.0,11.0,6.0,,,,17.0,,,,,,,,,,,,,,,,,,,,,,,,,,,,,,,,,,,,,,,,,,,17.0,Cardinals D/ST,ARI,FA,11,-16022,,FA,,{},"['D/ST', 'BE', 'IR']",,,,,,,,611.0,56.0,17.0,0.1940048,0.166152,675.5481143,172.86,67.0,27.0,17.0,6.0,,,,,,,,,,,,,,,,,,,,,,,,,,,,,,,,,,,,,,,,,,,,,,,,,,,,,,,,,359.0,,,21.0,,,,,,,,,,,,,,,,,,,,,,,,,,,,,,,,,,,14.0,0.0,1.0,3.0,2.0,2.0,13.0,,,41.0,82.0,,,1.0,2.0,349.0,207.0,60.0,73.0,238.0,18.0,3.0,356.0,3.0,4.0,3.0,1.0,5597.0,0.0,1.0,3.0,8.0,2.0,3.0,0.0,0.0,0.0,0.0,1.0,3.0,2.0,3.0,4.0,3.0,1.0,0.151269746,0.679864027,2.566486703,2.583483303,0.064060981,1.555987606,12.87820237,8.938824243,1.157031246,0.55474448,44.74275815,89.48551629,1.025952318,0.530035288,1.980205388,13.7520373,999.2502496,333.0,199.0,65.15684217,392.7774364,2.464507099,3.858228354,2.99140172,1.512697461,0.192061588,23.10455508,6255.387793,0.195236431,2.207020522,3.115294353,4.295201478,3.726469266,2.291905927,0.89978529,0.269086733,367.9639878,-392.7774364,,,,,,,,,1.0,,,,,,,,,,,,,,,,,,,,,,,,,,,,,,,,,,,,,,2021,,,,,,,,,,,,,,,,,,,,,,,,,,,,,,,,,,,,,
43.0,4.3,146.88,9.79,,,,,,,,,,,,,,,,,31.0,43.4,1.0,82.0,37.0,16.0,14.0,4.0,2.0,48.0,112.0,14.0,,,,,,2.0,2.0,8.0,2.0,6.0,,,10.0,,,,,,,,,,,,,,,,,69.25731751,7.112275513,0.396323121,0.345055535,0.225493792,209.0,104.0,52.0,41.0,20.0,74.38805931,14.0,7.0,2.82220556,0.087284708,111.8110539,14.07494283,0.396323121,0.002356366,,0.535537771,0.535537771,,0.299901152,0.299901152,0.299901152,15.11764706,Julio Jones,TEN,FA,94,13982,,FA,,{},"['RB/WR', 'WR', 'WR/TE', 'RB/WR/TE', 'OP', 'BE', 'IR']",,,,1.0,1.0,,,,,,,,,,,,,,,1.0,,,,,,,,,,,,,,,,,,,,,,,,,,,,,,,,,,,,,,,,,,,,,,,,,,,,,,,,,,,,,,,,,,,,,,,,,,,,,,,,,,,,,,,,,,,,,,,,,,,,,,,,,,,,,,,,,,,,,,,,,,,,,,,,,,,,,,,,,,,,,,,,,,,,,,,,,,,,,,,,,,,,,,,,,,,,,,,,,,,,,,,,,,,,,,,,,,,,,,,,,,,,,,,,,,,,,,,,,,,,,,2021,,,,,,,,,,,,,,,,,,,,,,,,,,,,,,,,,,,,,
86.0,5.38,32.22,2.01,,,,,,,,,,,,,,,,,60.0,31.0625,7.0,93.0,44.0,18.0,12.0,2.0,5.0,79.0,247.0,8.28333333,,1.0,,1.0,1.0,1.0,1.0,9.0,6.0,44.0,,,16.0,,,,,,,,,,,,,,,,,14.57507481,1.558706312,0.073394336,0.118064884,0.077155402,46.0,23.0,11.0,9.0,4.0,22.53083678,4.0,2.0,0.088291487,0.002730665,32.61449404,10.38836492,0.073394336,0.001140221,,0.259141059,0.259141059,,0.145118993,0.145118993,0.145118993,16.05882353,Pat Freiermuth,PIT,FA,11,4361411,,FA,,{},"['Rookie', 'WR/TE', 'TE', 'RB/WR/TE', 'OP', 'BE', 'IR']",,,,,,1.0,1.0,,,,,,,,,,,,,4.0,,,,,,,,,,,,,,,,,,,,,,,,,,,,,,,,,,,,,,,,,,,,,,,,,,,,1.0,,3.0,,,,,,,,,,,,,,,,,,,,,,,,,,,,,,,,,,,,,,,,,,,,,,,,,,,,,,,,,,,,,,,,,,,,,,,,,,,,,,,,,,,,,,,,,,,,,,,,,,,,,,,,,,,,,,,,,,,,,,,,,,,,,,,,,,,,,,,,,,,,,,,,,,,,,,,,,,,,,,,,,,,,,,,,2021,,,,,,,,,,,,,,,,,,,,,,,,,,,,,,,,,,,,,
92.0,7.08,92.0,5.75,,,,,,,,,,,,,,,,,66.0,59.23076923,4.0,149.0,72.0,34.0,26.0,10.0,8.0,94.0,253.0,11.66666667,,2.0,,2.0,2.0,1.0,1.0,5.0,8.0,24.0,,,13.0,2.150153536,0.782219002,0.063417221,0.002378036,2.0,1.0,,,,,,0.00394781,0.002763467,0.000318169,1.08579e-05,5.842148805,42.68003109,3.767658926,0.19020535,0.118576927,0.077490022,137.0,68.0,34.0,27.0,13.0,63.04269776,12.0,6.0,0.909626329,0.028132773,95.41001884,10.8718553,0.192583386,0.001523869,0.011422586,0.334911262,0.346333848,0.00525439,0.187550306,0.192804696,0.192804696,16.05882353,Russell Gage,ATL,FA,45,3115378,,FA,,{},"['RB/WR', 'WR', 'WR/TE', 'RB/WR/TE', 'OP', 'BE', 'IR']",,1.0,,2.0,2.0,2.0,2.0,,,,,,,,,,,,1.0,1.0,1.0,,,,,,,,,,,,,,,,,,,,,,,,,,,,,,,,,,,,,,,,,,,,,,,,,,,,,1.0,,,,,,,,,,,,,,,,,,,,,,,,,,,,,,,,,,,,,,,,,,,,,,,,,,,,,,,,,,,,,,,,,,,,,,,,,,,,,,,,,,,,,,,,,,,,,,,,,,,,,,,,,,,,,,,,,,,,,,,,,,,,,,,,,,,,,,,,,,,,,,,,,,,,,,,,,,,,,,,,,,,,,,,,2021,,,,,,,,,,,,,,,,,,,,,,,,,,,,,,,,,,,,,
44.0,3.67,149.39,9.34,,,,,,,,,,,,,,,,,38.0,34.16666667,1.0,77.0,36.0,15.0,10.0,3.0,1.0,66.0,101.0,10.78947368,,,,,,2.0,2.0,4.0,8.0,8.0,,,12.0,,,,,,,,,,,,,,,,,72.77740237,5.596511418,0.267214256,0.187430757,0.122486,233.0,116.0,58.0,46.0,23.0,94.27618001,18.0,9.0,3.678753339,0.113775876,145.9831037,12.39676302,0.267214256,0.002918884,,0.663382753,0.663382753,,0.371494342,0.371494342,0.371494342,16.05882353,Allen Robinson II,CHI,FA,92,16799,,FA,,{},"['RB/WR', 'WR', 'WR/TE', 'RB/WR/TE', 'OP', 'BE', 'IR']",,,,,,,,,,,,,,,,,,,,,,,,,,,,,,,,,,,,,,,,,,,,,,,,,,,,,,,,,,,,,,,,,,,,,,,,1.0,,1.0,,,,,,,,,,,,,,,,,,,,,,,,,,,,,,,,,,,,,,,,,,,,,,,,,,,,,,,,,,,,,,,,,,,,,,,,,,,,,,,,,,,,,,,,,,,,,,,,,,,,,,,,,,,,,,,,,,,,,,,,,,,,,,,,,,,,,,,,,,,,,,,,,,,,,,,,,,,,,,,,,,,,,,,,2021,,,,,,,,,,,,,,,,,,,,,,,,,,,,,,,,,,,,,
243.0,14.29,257.49,16.09,40.0,6.35294118,,19.0,6.0,2.0,,,,1.0,,,,,,2.7,,,,,,,,,,,,,4.0,13.0,,5.0,19.0,,,10.0,7.0,138.0,,,17.0,34.88003613,7.116076244,1.822287729,0.047191188,22.0,11.0,5.0,4.0,2.0,6.0,3.0,0.065180759,0.045626532,0.032900609,0.001122772,3.276252702,,,,,,,,,,,,,,,,,,1.070674598,0.041197508,0.518184089,,9.363070082,0.238364681,,4.483909958,15.32325491,16.05882353,Derek Carr,LV,FA,14,16757,,FA,,{},"['QB', 'OP', 'BE', 'IR']",,,,,,,,,,,,,,,,,,,,,,626.0,428.0,198.0,282.58823529,23.0,956.0,473.0,233.0,183.0,87.0,39.0,79.0,36.0,33.0,12.0,3.0,2.0,5.0,,14.0,0.68370607,40.0,9.0,9.0,8.0,,3.0,560.9181561,372.632115,188.286041,258.3726723,24.70385109,829.0,414.0,207.0,165.0,82.0,41.0,74.0,37.0,3.424894091,2.238168289,3.483408236,0.470517117,1.02348341,10.83934496,0.664325287,34.44930083,8.844885994,4.245545277,,,,,,,,,,,,,,,,,,,,,,,,,,,,,,,,,,,,,,,,,,,,,,,,,,,,,,,,,,,,,,,,,,,,,,,,,,,,,,,,,,,,,,,,,,,,,,,,,,,,,,,,,,,,,,,,,,,,,,,,,,,,,,,5.0,,,,,,,1.0,,,,,,,,,,,,,,,,,,,,,,,,,,,,,,,,,,,,,2021,,,,,,,,,,,,,,,,,,,,,,,,,,,,,,,,,,,,,
39.0,7.8,180.57,11.29,,,,,,,,,,,,,,,,,31.0,56.2,2.0,55.0,27.0,13.0,10.0,4.0,4.0,52.0,91.0,9.06451613,,,,,,1.0,1.0,2.0,3.0,12.0,,,5.0,4.300307072,1.469970268,0.115081942,0.004315373,4.0,2.0,1.0,,,,,0.007904885,0.005533419,0.001277747,4.36046e-05,5.489373837,83.24094388,7.553045597,0.381305663,0.293018644,0.191487684,267.0,133.0,66.0,53.0,26.0,93.80271019,18.0,9.0,4.933111747,0.152570466,149.0781544,14.25067171,0.385621035,0.004890959,0.048725738,1.062855803,1.111581541,0.02241384,0.59519925,0.617613089,0.617613089,16.05882353,Calvin Ridley,ATL,FA,99,3925357,,FA,,{},"['RB/WR', 'WR', 'WR/TE', 'RB/WR/TE', 'OP', 'BE', 'IR']",,,,,,,,,,,,,,,,,,,,2.0,,,,,,,,,,,,,,,,,,,,,,,,,,,,,,,,,,,,,,,,,,,,,,,,,,,,,,,,,,,,,,,,,,,,,,,,,,,,,,,,,,,,,,,,,,,,,,,,,,,,,,,,,,,,,,,,,,,,,,,,,,,,,,,,,,,,,,,,,,,,,,,,,,,,,,,,,,,,,,,,,,,,,,,,,,,,,,,,,,,,,,,,,,,,,,,,,,,,,,,,,,,,,,,,,,,,,,,,,,,,,,2021,,,,,,,,,,,,,,,,,,,,,,,,,,,,,,,,,,,,,
63.0,3.71,102.56,6.03,,,,,,,,,,,,,,,,,,,,,,,,,,,,,,,,,,683.0,1050.0,8.0,9.0,,,,17.0,,,,,,,,,,,,,,,,,,,,,,,,,,,,,,,,,,,,,,,,,,,17.0,Ravens D/ST,BAL,FA,25,-16033,,FA,,{},"['D/ST', 'BE', 'IR']",,,,,,,,737.0,71.0,23.0,0.566140182,0.2088768,820.8909091,215.7777391,82.0,32.0,21.0,8.0,,,,,,,,,,,,,,,,,,,,,,,,,,,,,,,,,,,,,,,,,,,,,,,,,,,,,,,,,367.0,,,8.0,,,,,,,,,,,,,,,,,,,,,,,,,,,,,,,,,,,6.0,0.0,1.0,3.0,3.0,1.0,9.0,1.0,,34.0,68.0,,,1.0,1.0,346.0,202.0,63.0,72.0,360.0,30.0,8.0,374.0,3.0,1.0,4.0,2.0,6178.0,0.0,0.0,5.0,4.0,3.0,1.0,1.0,2.0,1.0,0.0,1.0,3.0,3.0,3.0,1.0,4.0,2.0,0.198109433,0.89276783,3.162948885,2.924877463,0.066701915,1.568400561,12.11530907,9.412008271,1.03926028,0.569328406,40.96680489,81.93360979,1.023245869,0.545154692,2.410119458,14.48001272,987.1681466,329.0,197.0,64.6152967,373.2074704,2.465739722,3.562568771,2.525257577,1.130839252,0.136891067,21.95338061,5888.197025,0.732318173,5.790422761,4.376878381,3.593468243,1.771188139,0.510919655,0.187337207,0.037467441,346.3645309,-373.2074704,,,,,,,,,,,,,,,,,,,,,,,,,,,,,,,,,,,,,,,,,,,,,,,2021,,,,,,,,,,,,,,,,,,,,,,,,,,,,,,,,,,,,,
47.0,3.36,142.04,9.47,,,,,,,,,,,,,,,,,37.0,37.21428571,,99.0,47.0,20.0,15.0,6.0,1.0,76.0,119.0,14.08108108,,,,,,2.0,2.0,3.0,11.0,,,,14.0,,,,,,,,,,,,,,,,,70.83984158,5.870362989,0.320693277,0.28196575,0.184264618,214.0,107.0,53.0,42.0,21.0,70.75644729,14.0,7.0,2.984395339,0.092300887,120.6327614,15.13546488,0.320693277,0.003325197,,0.755726622,0.755726622,,0.423206908,0.423206908,0.423206908,15.11764706,Kenny Golladay,NYG,FA,85,2974858,,FA,,{},"['RB/WR', 'WR', 'WR/TE', 'RB/WR/TE', 'OP', 'BE', 'IR']",,,,1.0,1.0,,,,,,,,,,,,,,,,,,,,,,,,,,,,,,,,,,,,,,,,,,,,,,,,,,,,,,,,,,,,,,,,,,,,,,,,,,,,,,,,,,,,,,,,,,,,,,,,,,,,,,,,,,,,,,,,,,,,,,,,,,,,,,,,,,,,,,,,,,,,,,,,,,,,,,,,,,,,,,,,,,,,,,,,,,,,,,,,,,,,,,,,,,,,,,,,,,,,,,,,,,,,,,,,,,,,,,,,,,,,,,,,,,,,,,,,,,,,,2021,,,,,,,,,,,,,,,,,,,,,,,,,,,,,,,,,,,,,
158.0,9.29,123.82,7.28,,,,,,,,,,,,,,,,,,,,,,,,,,,,,,,,,,,,9.0,7.0,135.0,,,17.0,,,,,,,,,,,,,,,,,,,,,,,,,,,,,,,,,,,,,,,,,,,17.0,Chris Boswell,PIT,FA,4,17372,,FA,,{},"['K', 'BE', 'IR']",,,,,,,,,,,,,,,,,,,,,,1.0,,1.0,,,,,,,,,,,,,,,,,,,,,,,,,,,,,,,,,,,,,,,,,,,,,,,,,,,,,,,8.0,9.0,11.0,13.0,2.0,17.0,18.0,1.0,36.0,40.0,4.0,27.0,29.0,2.0,8.0,9.0,2.95148372,4.409950104,1.458466384,7.188757881,9.136955444,1.948197564,14.81920429,15.27629775,0.457093452,24.95944589,28.82320329,3.863757399,39.71793802,40.93458523,1.216647213,2.95148372,4.409950104,1.458466384,1.0,,,,,,,,,,,,,,,,,,,,,,,,,,,,,,,,,,,,,,,,,,,,,,,,,,,,,,,,,,,,,,,,,,,,,,,,,,,,,,,,,,,,,,1.0,1.0,,,,,,,,,,,,,,,,,,,,,,,,,,,,,,,,,,,,,,,,,,2021,,,,,,,,,,,,,,,,,,,,,,,,,,,,,,,,,,,,,
106.0,6.62,74.87,4.99,,,,,,,,,,,,,,,,,50.0,37.6875,9.0,115.0,52.0,21.0,18.0,3.0,4.0,75.0,144.0,12.06,,,,,,,,9.0,7.0,54.0,,,16.0,,,,,,,,,,,,,,,,,35.5200371,3.664331245,0.174941605,0.129946969,0.084920344,107.0,53.0,26.0,21.0,10.0,48.33567316,9.0,4.0,0.465494349,0.014396732,73.16408302,11.10938049,0.174941605,0.001874116,,0.425935551,0.425935551,,0.238523908,0.238523908,0.238523908,15.11764706,Hunter Henry,NE,FA,7,3046439,,FA,,{},"['WR/TE', 'TE', 'RB/WR/TE', 'OP', 'BE', 'IR']",,,,,,,,,,,,,,,,,,,,5.0,1.0,,,,,,,,,,,,,,,,,,,,,,,,,,,,,,,,,,,,,,,,,,,,,,,,,,,,,3.0,,,,,,,,,,,,,,,,,,,,,,,,,,,,,,,,,,,,,,,,,,,,,,,,,,,,,,,,,,,,,,,,,,,,,,,,,,,,,,,,,,,,,,,,,,,,,,,,,,,,,,,,,,,,,,,,,,,,,,,,,,,,,,,,,,,,,,,,,,,,,,,,,,,,,,,,,,,,,,,,,,,,,,,,2021,,,,,,,,,,,,,,,,,,,,,,,,,,,,,,,,,,,,,
84.0,12.0,247.51,16.5,99.0,63.14285714,1.0,86.0,41.0,17.0,14.0,5.0,,17.0,8.0,,,,,4.46464646,37.0,49.0,1.0,66.0,31.0,15.0,11.0,5.0,5.0,41.0,258.0,9.27027027,1.0,1.0,,,,1.0,1.0,4.0,3.0,12.0,,,7.0,248.4123064,69.96646765,10.01003726,0.259663608,211.0,105.0,52.0,42.0,21.0,49.0,24.0,0.517473602,0.362231521,2.915049587,0.099479459,4.257954766,45.06854123,2.585337075,0.137378287,0.062284503,0.040702922,136.0,68.0,34.0,27.0,13.0,85.89067548,17.0,8.0,0.89689484,0.027739016,110.1317252,7.932529298,0.397041895,0.008635693,1.458402399,0.504255079,1.962657478,0.670865104,0.282382844,0.953247948,0.953247948,15.11764706,Christian McCaffrey,CAR,FA,41,3117251,,FA,,{},"['RB', 'RB/WR', 'RB/WR/TE', 'OP', 'BE', 'IR']",,,,,,,,,,,,,,,,,,,1.0,,1.0,,,,,,,,,,,,,,,,,,,,,,,,,,,,,,,,,,,,,,,,,,,,,,,,,,,,,,,1.0,,,,,,,,,,,,,,,,,,,,,,,,,,,,,,,,,,,,,,,,,,,,,,,,,,,,,,,,,,,,,,,,,,,,,,,,,,,,,,,,,,,,,,,,,,,,,,,,,,,,,,,,,,,,,,,,,,,,,,,,,,,,,,,,,,,,,,,,,,,,,,,,,,,,,,,,,,,,,,,,,,,,,,2021,,,,,,,,,,,,,,,,,,,,,,,,,,,,,,,,,,,,,
93.0,5.47,109.89,6.46,,,,,,,,,,,,,,,,,,,,,,,,,,,,,,,,,,792.0,1194.0,9.0,7.0,,,,17.0,,,,,,,,,,,,,,,,,,,,,,,,,,,,,,,,,,,,,,,,,,,17.0,Steelers D/ST,PIT,FA,15,-16023,,FA,,{},"['D/ST', 'BE', 'IR']",,,,,,,,849.0,79.0,24.0,0.154322,0.166152,691.0883721,238.5066667,69.0,27.0,23.0,9.0,,,,,,,,,,,,,,,,,,,,,,,,,,,,,,,,,,,,,,,,,,,,,,,,,,,,,,,,,402.0,,,18.0,,,,,,,,,,,,,,,,,,,,,,,,,,,,,,,,,,,9.0,0.0,0.0,3.0,3.0,,13.0,2.0,,55.0,110.0,,,,1.0,393.0,234.0,63.0,80.0,370.0,29.0,9.0,386.0,4.0,3.0,0.0,4.0,6139.0,0.0,0.0,2.0,5.0,6.0,2.0,1.0,1.0,0.0,0.0,0.0,3.0,3.0,4.0,3.0,0.0,4.0,0.244995997,1.105884708,3.760008006,3.266613291,0.090282286,1.53115083,12.87075939,8.679497444,1.159559402,0.589568563,40.70126837,81.40253675,1.013030623,0.518120207,1.941907115,13.35307299,964.0454063,321.0,192.0,80.5433136,368.1790119,2.466973579,3.266613291,2.058646918,0.748598879,0.081665332,21.65758894,5874.402353,0.783645656,6.132879046,4.497444634,3.526405451,1.584327087,0.340715503,0.119250426,0.015332198,345.5530796,-368.1790119,,,,,,,,,,,,,1.0,,,,,,,,,,,,,,,,,,,,,,,,,,,,,,,,,,2021,,,,,,,,,,,,,,,,,,,,,,,,,,,,,,,,,,,,,
88.0,8.0,97.5,6.09,5.0,4.90909091,1.0,8.0,2.0,,,,,,,,,,,10.8,43.0,48.90909091,5.0,104.0,50.0,24.0,16.0,5.0,4.0,77.0,207.0,12.51162791,,,,,,5.0,5.0,2.0,9.0,36.0,,,11.0,2.087474141,0.790497031,0.078814217,0.002574958,2.0,1.0,,,,,,0.00383259,0.002682813,0.000324647,1.1079e-05,6.081250097,46.34579793,3.560927502,0.195460393,0.170595503,0.111484161,148.0,74.0,37.0,29.0,14.0,61.09229349,12.0,6.0,1.144106972,0.035384752,95.07728189,12.18253478,0.198035351,0.002953627,0.022179209,0.649099668,0.671278877,0.010202436,0.363495814,0.37369825,0.37369825,16.05882353,Elijah Moore,NYJ,FA,46,4372414,,FA,,{},"['Rookie', 'RB/WR', 'WR', 'WR/TE', 'RB/WR/TE', 'OP', 'BE', 'IR']",,1.0,1.0,1.0,1.0,,,,,,,0.166152,,148.092,,,14.0,5.0,,1.0,,,,,,,,,,,,,,,,,,,,,,,,,,,,,,,,,,,,,,,,,,,,,,,,,,,,,,3.0,,1.0,,,,,,,,,,,,,,,,,,,,,,,,,,,,,,,,,,,,,,,,,,,,,,,,,,,,,,,,,,,,,,,,,,,,,,,,,,,,,,,,,,,,,,,,,,,,,,,,,,,,,,,,,,,,,,,,,,,,,,,,,,,,,,,,,,,,,,,,,,,,,,,,,,,,,,,,,,,,,,,,,,,,,,2021,,,,,,,,,,,,,,,,,,,,,,,,,,,,,,,,,,,,,
91.0,7.58,61.36,4.09,133.0,50.5,5.0,116.0,55.0,26.0,19.0,7.0,2.0,22.0,9.0,,,2.0,,4.55639098,14.0,10.25,,20.0,8.0,3.0,2.0,,,18.0,145.0,8.78571429,1.0,2.0,,1.0,1.0,,,8.0,4.0,30.0,5.0,,12.0,84.79079905,23.40000628,3.192570224,0.094838497,70.0,35.0,17.0,14.0,7.0,16.0,8.0,0.162694487,0.113886141,0.322990807,0.011022437,4.172068669,4.283366425,0.279978873,0.013366683,0.047055415,0.030750714,12.0,6.0,3.0,2.0,1.0,8.204018718,1.0,,0.031269591,0.000967101,11.25601277,7.893012445,0.10820518,0.003356057,0.69545122,0.06728908,0.7627403,0.319907561,0.037681885,0.357589446,0.357589446,15.11764706,Rhamondre Stevenson,NE,FA,35,4569173,,FA,,{},"['Rookie', 'RB', 'RB/WR', 'RB/WR/TE', 'OP', 'BE', 'IR']",,,,,,1.0,1.0,,,,,,,,,,,,,,,,,,,,,,,,,,,,,,,,,,,,,,,,,,,,,,,,,,,,,,,,,,,,,,,,,,,,,,,,,,,,,,,,,,,,,,,,,,,,,,,,,,,,,,,,,,,,,,,,,,,,,,,,,,,,,,,,,,,,,,,,,,,,,,,,,,,,,,,,,,,,,,,,,,,,,,,,,,,,,,,,,,,,,,,,,,,,,,,,,,,,,,,,,,,,,,,,,,,,,,,,,,,,,,,,,,,,,,,,,,,2021,,,,,,,,,,,,,,,,,,,,,,,,,,,,,,,,,,,,,
96.0,6.0,86.28,6.16,,,,,,,,,,,,,,,,,54.0,53.0,3.0,161.0,78.0,35.0,27.0,11.0,5.0,92.0,181.0,15.7037037,,,,,,1.0,1.0,10.0,6.0,18.0,,,16.0,,,,,,,,,,,,,,,,,42.75363738,4.414550342,0.230663405,0.102524391,0.06699969,121.0,60.0,30.0,24.0,12.0,48.65880946,9.0,4.0,0.649203299,0.020078453,87.26219945,12.4560319,0.230663405,0.002690287,,0.611428934,0.611428934,,0.342400203,0.342400203,0.342400203,14.17647059,A.J. Green,ARI,FA,40,13983,,FA,,{},"['RB/WR', 'WR', 'WR/TE', 'RB/WR/TE', 'OP', 'BE', 'IR']",,1.0,,2.0,2.0,,,,,,,,,,,,,,,1.0,,,,,,,,,,,,,,,,,,,,,,,,,,,,,,,,,,,,,,,,,,,,,,,,,,,,,,1.0,,,,,,,,,,,,,,,,,,,,,,,,,,,,,,,,,,,,,,,,,,,,,,,,,,,,,,,,,,,,,,,,,,,,,,,,,,,,,,,,,,,,,,,,,,,,,,,,,,,,,,,,,,,,,,,,,,,,,,,,,,,,,,,,,,,,,,,,,,,,,,,,,,,,,,,,,,,,,,,,,,,,,,,,2021,,,,,,,,,,,,,,,,,,,,,,,,,,,,,,,,,,,,,
149.0,9.31,127.21,7.48,,,,,,,,,,,,,,,,,,,,,,,,,,,,,,,,,,,,10.0,6.0,130.0,,,16.0,,,,,,,,,,,,,,,,,,,,,,,,,,,,,,,,,,,,,,,,,,,17.0,Evan McPherson,CIN,FA,7,4360234,,FA,,{},"['Rookie', 'K', 'BE', 'IR']",,,,,,,,,,,,,,,,,,,,,,,,,,,,,,,,,,,,,,,,,,,,,,,,,,,,,,,,,,,,,,,,,,,,,,,,,,,,,,,9.0,11.0,6.0,9.0,3.0,13.0,13.0,,28.0,33.0,5.0,46.0,48.0,2.0,9.0,11.0,3.229083245,5.219985847,1.990902602,7.961116415,10.81526479,2.854148379,16.62487022,18.08230391,1.457433696,27.81506988,34.11755456,6.302484677,35.64650803,38.76305789,3.116549854,3.229083245,5.219985847,1.990902602,,,,,,,,,,,,,,,,,,,,,,,,,,,,,,,,,,,,,,,,,,,,,,,,,,,,,,,,,,,,,,,,,,,,,,,,,,,,,,,,,,,,,,,2.0,2.0,,,,,,,,,,,,,,,,,,,,,,,,,,,,,,,,,,,,,,,,,,2021,,,,,,,,,,,,,,,,,,,,,,,,,,,,,,,,,,,,,
86.0,5.06,120.17,7.07,,,,,,,,,,,,,,,,,,,,,,,,,,,,,,,,,,707.0,1100.0,8.0,9.0,,,,17.0,,,,,,,,,,,,,,,,,,,,,,,,,,,,,,,,,,,,,,,,,,,17.0,Browns D/ST,CLE,FA,19,-16005,,FA,,{},"['D/ST', 'BE', 'IR']",,,,,,,,828.0,77.0,26.0,0.154322,0.166152,755.0,115.4210526,75.0,30.0,11.0,4.0,,,,,,,,,,,,,,,,,,,,,,,,,,,,,,,,,,,,,,,,,,,,,,,,,,,,,,,,,393.0,,,12.0,,,,,,,,,,,,,,,,,,,,,,,,,,,,,,,,,,,6.0,0.0,1.0,3.0,5.0,2.0,13.0,,,43.0,86.0,,,1.0,2.0,361.0,212.0,54.0,79.0,337.0,28.0,8.0,365.0,1.0,3.0,1.0,2.0,5296.0,1.0,1.0,4.0,5.0,4.0,0.0,2.0,0.0,0.0,0.0,1.0,3.0,5.0,1.0,3.0,1.0,2.0,0.273150466,1.233857243,4.118530383,3.471819001,0.107790448,1.610302975,14.12207053,8.737458184,1.330777257,0.615601223,41.33495856,82.66991712,1.100563047,0.509739928,2.038567423,13.44224336,982.0586085,327.0,196.0,84.82766816,358.2109219,2.467714486,3.088897788,1.778456302,0.519070978,0.048503354,21.0712307,6015.726481,0.476142843,4.081224367,3.77513254,3.928178454,2.703811143,1.360408122,0.527158147,0.147944383,353.8662636,-358.2109219,,,,,,,,,1.0,,1.0,1.0,,,,,,,,,,,,,,,,,,,,,,,,,,,,,,,,,,,2021,,,,,,,,,,,,,,,,,,,,,,,,,,,,,,,,,,,,,
56.0,3.5,124.29,7.77,11.0,2.5625,,7.0,2.0,,,,,,,,,,,3.72727273,63.0,38.6875,,117.0,56.0,22.0,18.0,6.0,6.0,99.0,389.0,9.82539683,,1.0,,1.0,1.0,2.0,2.0,3.0,13.0,,,,16.0,12.2081872,4.380104452,0.325749196,0.01162211,14.0,7.0,3.0,2.0,1.0,2.0,1.0,0.02253788,0.015776516,0.012335141,0.000420951,5.761651857,55.14329648,4.609587276,0.242374023,0.150021365,0.098038962,177.0,88.0,44.0,35.0,17.0,79.50462362,15.0,7.0,1.830838387,0.056623868,116.6741484,11.1381757,0.253996133,0.003430028,0.10376864,0.675783106,0.779551746,0.047733574,0.378438539,0.426172114,0.426172114,16.05882353,Laviska Shenault Jr.,JAX,FA,71,4243160,,FA,,{},"['RB/WR', 'WR', 'WR/TE', 'RB/WR/TE', 'OP', 'BE', 'IR']",,,,,,1.0,1.0,,,,,,,,,,,,,,,,,,,,,,,,,,,,,,,,,,,,,,,,,,,,,,,,,,,,,,,,,,,,,,,,,,,,,,,,,,,,,,,,,,,,,,,,,,,,,,,,,,,,,,,,,,,,,,,,,,,,,,,,,,,,,,,,,,,,,,,,,,,,,,,,,,,,,,,,,,,,,,,,,,,,,,,,,,,,,,,,,,,,,,,,,,,,,,,,,,,,,,,,,,,,,,,,,,,,,,,,,,,,,,,,,,,,,,,,,,,2021,,,,,,,,,,,,,,,,,,,,,,,,,,,,,,,,,,,,,
71.0,5.46,114.45,7.63,96.0,26.53846154,4.0,64.0,28.0,12.0,8.0,2.0,,13.0,3.0,,,,,3.59375,23.0,15.15384615,1.0,36.0,15.0,4.0,4.0,1.0,1.0,32.0,200.0,8.56521739,,2.0,,1.0,1.0,1.0,1.0,9.0,4.0,30.0,4.0,,13.0,132.2406269,37.31204256,4.173329706,0.154276556,112.0,56.0,28.0,22.0,11.0,26.0,13.0,0.260114723,0.182080306,0.829643835,0.028312561,4.265484094,16.14303545,1.59945346,0.066858483,0.048755249,0.031861555,48.0,24.0,12.0,9.0,4.0,31.74974376,6.0,3.0,0.093379,0.00288801,41.97851165,7.68650967,0.221135039,0.002959095,0.542316539,0.130205154,0.672521692,0.249465608,0.072914886,0.322380494,0.322380494,15.11764706,Zack Moss,BUF,FA,54,4035676,,FA,,{},"['RB', 'RB/WR', 'RB/WR/TE', 'OP', 'BE', 'IR']",,,,,,2.0,1.0,,,,,,,,,,,,,1.0,,,,,,,,,,,,,,,,,,,,,,,,,,,,,,,,,,,,,,,,,,,,,,,,,,,,,,,,,,,,,,,,,,,,,,,,,,,,,,,,,,,,,,,,,,,,,,,,,,,,,,,,,,,,,,,,,,,,,,,,,,,,,,,,,,,,,,,,,,,,,,,,,,,,,,,,,,,,,,,,,,,,,,,,,,,,,,,,,,,,,,,,,,,,,,,,,,,,,,,,,,,,,,,,,,,,,,,,,,,,,,2021,,,,,,,,,,,,,,,,,,,,,,,,,,,,,,,,,,,,,
102.0,6.0,12.62,0.79,1.0,0.58823529,,2.0,1.0,,,,,,,,,,,10.0,50.0,38.52941176,7.0,126.0,59.0,26.0,19.0,6.0,4.0,82.0,179.0,13.1,,,,,,2.0,2.0,8.0,9.0,42.0,,,17.0,,,,,,,,,,,,,,,,,5.030847393,0.535052809,0.031096209,0.165803332,0.108352477,16.0,8.0,4.0,3.0,1.0,6.279846515,1.0,,0.037042837,0.001145655,10.39353152,12.86488297,0.031096209,0.00029358,,0.066722758,0.066722758,,0.037364744,0.037364744,0.037364744,16.05882353,K.J. Osborn,MIN,FA,35,3916566,,FA,,{},"['RB/WR', 'WR', 'WR/TE', 'RB/WR/TE', 'OP', 'BE', 'IR']",,2.0,2.0,,,,,,,,,0.23736,,211.56,,,21.0,8.0,,2.0,2.0,,,,,,,,,,,,,,,,,,,,,,,,,,,,,,,,,,,,,,,,,,,,,,,,,,,,,1.0,,,,,,,,,,,,,,,,,,,,,,,,,,,,,,,,,,,,,,,,,,,,,,,,,,,,,,,,,,23.0,1.0,,,,,,,,,,,,,,,,,,,,,,,,,,,,,,,,,,,,,,,,,,,,,,,,,,,,,,,,,,,,,,,,,,,,,,,,,,,,,,,,,,,,,,,,,,,,,,,,,,,,,,,,,,,,,2021,,,,,,,,,,,,,,,,,,,,,,,,,,,,,,,,,,,,,
67.0,7.44,126.55,7.91,,,,,,,,,,,,,,,,,34.0,54.66666667,4.0,96.0,45.0,20.0,14.0,4.0,3.0,59.0,124.0,14.47058824,,2.0,,1.0,1.0,,,1.0,8.0,24.0,,,9.0,,,,,,,,,,,,,,,,,63.30421985,4.362779212,0.239510043,0.263058623,0.17190881,203.0,101.0,50.0,40.0,20.0,73.86567142,14.0,7.0,2.620423256,0.081044018,116.5886894,13.76270297,0.239510043,0.004437195,,1.008453463,1.008453463,,0.564733939,0.564733939,0.564733939,16.05882353,Corey Davis,NYJ,FA,63,3042778,,FA,,{},"['RB/WR', 'WR', 'WR/TE', 'RB/WR/TE', 'OP', 'BE', 'IR']",,1.0,1.0,1.0,1.0,2.0,1.0,,,,,,,,,,,,,2.0,1.0,,,,,,,,,,,,,,,,,,,,,,,,,,,,,,,,,,,,,,,,,,,,,,,,,,,,,,,,,,,,,,,,,,,,,,,,,,,,,,,,,,,,,,,,,,,,,,,,,,,,,,,,,,,,,,,,,,,,,,,,,,,,,,,,,,,,,,,,,,,,,,,,,,,,,,,,,,,,,,,,,,,,,,,,,,,,,,,,,,,,,,,,,,,,,,,,,,,,,,,,,,,,,,,,,,,,,,,,,,,,,2021,,,,,,,,,,,,,,,,,,,,,,,,,,,,,,,,,,,,,
54.0,3.18,71.18,4.19,,,,,,,,,,,,,,,,,,,,,,,,,,,,,,,,,,742.0,1169.0,9.0,8.0,,,,17.0,,,,,,,,,,,,,,,,,,,,,,,,,,,,,,,,,,,,,,,,,,,17.0,Chargers D/ST,LAC,FA,27,-16024,,FA,,{},"['D/ST', 'BE', 'IR']",,,,,,,,976.0,89.0,31.0,0.22046,0.23736,680.104,211.56,68.0,27.0,21.0,8.0,,,,,,,,,,,,,,,,,,,,,,,,,,,,,,,,,,,,,,,,,,,,,,,,,,,,,,,,,427.0,,,19.0,,,,,,,,,,,,,,,,,,,,,,,,,,,,,,,,,,,10.0,0.0,0.0,1.0,2.0,1.0,11.0,,,35.0,70.0,1.0,,,2.0,384.0,225.0,56.0,55.0,107.0,7.0,,441.0,3.0,5.0,2.0,4.0,6122.0,0.0,0.0,2.0,7.0,3.0,3.0,1.0,1.0,0.0,0.0,0.0,1.0,2.0,3.0,5.0,2.0,4.0,0.104476866,0.467172979,1.970620566,2.242430299,0.072194527,1.535806591,12.61650059,5.896805913,1.069642291,0.559410527,37.77686385,75.5537277,1.010793045,0.525013546,2.065821118,9.072009097,989.1885352,329.0,197.0,66.98126037,408.3917959,2.463275707,4.153592485,3.457080044,1.894174078,0.247176976,24.02304682,6098.76552,0.425,3.74,3.655,3.995,2.89,1.53,0.595,0.17,358.7509129,-408.3917959,,,,,,,,,1.0,,,,,,,,,,,,,,,,,,,,,,,,,,,,,,,,,,,,,,2021,,,,,,,,,,,,,,,,,,,,,,,,,,,,,,,,,,,,,
56.0,4.0,66.1,4.41,68.0,26.0,2.0,71.0,33.0,15.0,10.0,3.0,,8.0,3.0,,,,,5.35294118,22.0,12.71428571,,32.0,13.0,5.0,3.0,1.0,1.0,25.0,165.0,8.09090909,1.0,1.0,1.0,1.0,1.0,6.0,7.0,7.0,7.0,12.0,1.0,,14.0,82.51561741,24.47402074,2.16629317,0.082401091,73.0,36.0,18.0,14.0,7.0,16.0,8.0,0.158138147,0.110696703,0.352690097,0.01203596,4.483873711,9.11110874,0.710094563,0.034987062,0.044305039,0.028953343,27.0,13.0,6.0,5.0,2.0,19.16874132,3.0,1.0,0.05473783,0.001692923,24.39812027,7.185580103,0.117388153,0.001834826,0.338395129,0.078610679,0.417005808,0.155661759,0.04402198,0.19968374,0.19968374,15.11764706,Justin Jackson,LAC,FA,60,3116136,,FA,,{},"['RB', 'RB/WR', 'RB/WR/TE', 'OP', 'BE', 'IR']",,,,,,,,,,,,,,,,,,,,,,,,,,,,,,,,,,,,,,,,,,,,,,,,,,,,,,,,,,,,,,,,,,,,,,,,,,,1.0,1.0,,,,,,,,,,,,,,,,,,,,,,,,,,,,,,,,,,,,,,,,,,,,,,,,,,,,,,,,,,,,,,,,,,,,,,,,,,,,,,,,,,,,,,,,,,,,,,,,,,,,,,,,,,,,,,,,,,,,,,,,,,,,,,,,,,,,,,,,,,,,,,,,,,,,,,,,,,,,,,,,,,,,,,2021,,,,,,,,,,,,,,,,,,,,,,,,,,,,,,,,,,,,,
86.0,9.56,154.01,9.63,8.0,5.11111111,1.0,8.0,2.0,1.0,,,,,,,,,,5.75,45.0,61.77777778,4.0,108.0,52.0,23.0,18.0,6.0,5.0,69.0,198.0,12.35555556,,,,,,1.0,1.0,7.0,2.0,32.0,,,9.0,16.36608903,6.343654688,1.211339011,0.033889368,20.0,10.0,5.0,4.0,2.0,3.0,1.0,0.030282517,0.021197762,0.026288521,0.000897126,6.224555603,64.8886008,5.553399607,0.270835259,0.156928689,0.102552898,208.0,104.0,52.0,41.0,20.0,91.80150651,18.0,9.0,2.788323367,0.086236805,135.8430014,11.35095304,0.304724627,0.004921656,0.169241268,0.949316809,1.118558077,0.077850983,0.531617413,0.609468396,0.609468396,16.05882353,Robert Woods,LAR,FA,47,15880,,FA,,{},"['RB/WR', 'WR', 'WR/TE', 'RB/WR/TE', 'OP', 'BE', 'IR']",,,,1.0,1.0,,,,,,,,,,,,,,1.0,2.0,,,,,,,,,,,,,,,,,,,,,,,,,,,,,,,,,,,,,,,,,,,,,,,,,,,,1.0,,2.0,,1.0,,,,,,,,,,,,,,,,,,,,,,,,,,,,,,,,,,,,,,,,,,,,,,,,,,,,,,,,,,,,,,,,,,,,,,,,,,,,,,,,,,,,,,,,,,,,,,,,,,,,,,,,,,,,,,,,,,,,,,,,,,,,,,,,,,,,,,,,,,,,,,,,,,,,,,,,,,,,,,,,,,,,,,2021,,,,,,,,,,,,,,,,,,,,,,,,,,,,,,,,,,,,,
77.0,7.0,92.58,6.17,48.0,19.27272727,2.0,40.0,18.0,7.0,3.0,,,4.0,,,,,,4.41666667,43.0,36.09090909,2.0,75.0,35.0,16.0,12.0,3.0,5.0,53.0,380.0,9.23255814,,,,,,1.0,1.0,5.0,6.0,24.0,1.0,1.0,11.0,68.65281887,19.73125891,1.888793635,0.064659638,59.0,29.0,14.0,11.0,5.0,13.0,6.0,0.130627687,0.091439381,0.229244179,0.007823224,4.344908384,27.40770982,2.015838001,0.125279535,0.049033735,0.032043546,82.0,41.0,20.0,16.0,8.0,52.14017561,10.0,5.0,0.241419476,0.007466582,71.15564843,7.946656852,0.189939173,0.005511709,0.711951145,0.540709884,1.252661029,0.327497527,0.302797535,0.630295062,0.630295062,15.11764706,J.D. McKissic,WSH,FA,48,2572861,,FA,,{},"['RB', 'RB/WR', 'RB/WR/TE', 'OP', 'BE', 'IR']",,,,,,,,,,,,,,,,,,,,,,,,,,,,,,,,,,,,,,,,,,,,,,,,,,,,,,,,,,,,,,,,,,,,,,,,,,1.0,,1.0,,,,,,,,,,,,,,,,,,,,,,,,,,,,,,,,,,,,,,,,,,,,,,,,,,,,,,,,,,,,,,,,,,,,,,,,,,,,,,,,,,,,,,,,,,,,,,,,,,,,,,,,,,,,,,,,,,,,,,,,,,,,,,,,,,,,,,,,,,,,,,,,,,,,,,,,,,,,,,,,,,,,,,2021,,,,,,,,,,,,,,,,,,,,,,,,,,,,,,,,,,,,,
41.0,10.25,186.64,13.33,54.0,58.0,3.0,46.0,23.0,10.0,8.0,2.0,,9.0,4.0,,,,,4.2962963,6.0,7.25,,5.0,2.0,1.0,1.0,,,6.0,42.0,4.83333333,1.0,1.0,1.0,1.0,1.0,,,2.0,2.0,18.0,2.0,,4.0,222.4702348,71.43788989,7.793777001,0.230181572,202.0,101.0,50.0,40.0,20.0,44.0,22.0,0.457552157,0.32028651,2.66211067,0.090847624,4.552236598,20.466989,1.908626659,0.072860742,0.05040675,0.032940811,58.0,29.0,14.0,11.0,5.0,39.68776289,7.0,3.0,0.118885046,0.003676857,49.5462127,7.310809341,0.303042314,0.010402373,2.006266228,0.357909535,2.364175763,0.922882465,0.20042934,1.123311805,1.123311805,14.17647059,Chris Carson,SEA,FA,68,3919596,,FA,,{},"['RB', 'RB/WR', 'RB/WR/TE', 'OP', 'BE', 'IR']",,,,,,,,,,,,,,,,,,,,,,,,,,,,,,,,,,,,,,,,,,,,,,,,,,,,,,,,,,,,,,,,,,,,,,,,,,,,,,,,,,,,,,,,,,,,,,,,,,,,,,,,,,,,,,,,,,,,,,,,,,,,,,,,,,,,,,,,,,,,,,,,,,,,,,,,,,,,,,,,,,,,,,,,,,,,,,,,,,,,,,,,,,,,,,,,,,,,,1.0,,,,,,,,,,,,,,,,,,,,,,,,,,,,,,,,,,,,,,,,,,,,,2021,,,,,,,,,,,,,,,,,,,,,,,,,,,,,,,,,,,,,
71.0,4.73,24.18,1.61,122.0,28.46666667,3.0,82.0,39.0,19.0,11.0,2.0,1.0,20.0,8.0,,,1.0,,3.5,25.0,12.4,,35.0,14.0,6.0,5.0,,1.0,32.0,141.0,7.44,1.0,1.0,,,,2.0,2.0,4.0,11.0,18.0,2.0,,15.0,19.17294719,5.212346437,0.63992189,0.02281366,15.0,7.0,3.0,3.0,1.0,3.0,1.0,0.035529129,0.02487039,0.015517707,0.00052956,4.109874867,7.084545825,0.576661049,0.030412628,0.060203485,0.039342978,21.0,10.0,5.0,4.0,2.0,12.8710169,2.0,1.0,0.045572275,0.001409452,17.44478864,8.321150083,0.053226288,0.0010179,0.138418823,0.092922126,0.231340948,0.063672658,0.05203639,0.115709049,0.115709049,15.11764706,Rex Burkhead,HOU,FA,54,15971,,FA,,{},"['RB', 'RB/WR', 'RB/WR/TE', 'OP', 'BE', 'IR']",,,,,,,,,,,,,,,,,,,,,,1.0,,1.0,,,,,,,,,,,,,,,,,,,,,,,,,,,,,,,,,,,,,,,,,,,,,,,,,,,,,1.0,,,,,,,,,,,,,,,,,,,,,,,,,,,,,,,,,,,,,,,,,,,,,,,,,,,,,,,,,,,,,,,,,,,,,,,,,,,,,,,,,,,,,,,,,,,,,,,,,,,,,,,,,,,,,,,,,,,,,,,,,,,,,,,,,,,,,,,,,,,,,,,,,,,,,,,,,,,,,,,,,,,,,2021,,,,,,,,,,,,,,,,,,,,,,,,,,,,,,,,,,,,,
63.0,5.25,120.06,8.0,63.0,21.16666667,2.0,46.0,21.0,8.0,5.0,1.0,,7.0,1.0,,,,,4.03174603,30.0,24.25,1.0,55.0,24.0,9.0,7.0,2.0,3.0,40.0,259.0,9.7,,1.0,,,,,,6.0,6.0,18.0,1.0,1.0,12.0,113.4641407,31.78247156,4.129569072,0.106876031,96.0,48.0,24.0,19.0,9.0,22.0,11.0,0.220950468,0.154665327,0.594191839,0.020277488,4.234608265,25.03765291,1.874114372,0.078060613,0.043641712,0.028519859,75.0,37.0,18.0,15.0,7.0,51.36537172,10.0,5.0,0.196558765,0.006079137,67.28600224,7.368980059,0.184936644,0.006888938,1.077762978,0.487904775,1.565667753,0.49577097,0.273226674,0.768997644,0.768997644,15.11764706,Kenyan Drake,LV,FA,56,2979843,,FA,,{},"['RB', 'RB/WR', 'RB/WR/TE', 'OP', 'BE', 'IR']",,,,,,,,192.0,16.0,5.0,0.028052839,,51.69529412,,5.0,2.0,,,,,,,,,,,,,,,,,,,,,,,,,,,,,,,,,,,,,,,,,,,,,,,,,,,,,,,,,,,,1.0,,,,,,,,,,,,,,,,,,,,,,,,,,,,,,,,,,,,,,,,,,,,,,,,,,,,,,,,,,,,,,,,,,,,,,,,,,,,,,,,,,,,,,,,,,,,,,,,,,,,,,,,,,,,,,,,,,,,,,,,,,,,,,,,,,,,,,,,,,,,,,,,,,,,,,,,,,,,,,,,,,,,,,2021,,,,,,,,,,,,,,,,,,,,,,,,,,,,,,,,,,,,,
77.0,4.53,93.07,5.47,,,,,,,,,,,,,,,,,,,,,,,,,,,,,,,,,,831.0,1338.0,7.0,10.0,,,,17.0,,,,,,,,,,,,,,,,,,,,,,,,,,,,,,,,,,,,,,,,,,,17.0,Seahawks D/ST,SEA,FA,21,-16026,,FA,,{},"['D/ST', 'BE', 'IR']",,,,,,,,894.0,84.0,27.0,0.2072324,0.23736,728.9743111,211.56,72.0,29.0,21.0,8.0,,,,,,,,,,,,,,,,,,,,,,,,,,,,,,,,,,,,,,,,,,,,,,,,,,,,,,,,,507.0,,,9.0,,,,,,,,,,,,,,,,,,,,,,,,,,,,,,,,,,,7.0,0.0,0.0,3.0,3.0,,11.0,1.0,1.0,34.0,68.0,1.0,,,1.0,441.0,260.0,65.0,79.0,192.0,15.0,1.0,360.0,2.0,6.0,3.0,0.0,6445.0,0.0,0.0,0.0,7.0,5.0,1.0,3.0,1.0,0.0,0.0,0.0,3.0,3.0,2.0,6.0,3.0,0.0,0.132546981,0.594762095,2.328068772,2.447021192,0.070218571,1.605528224,14.46710509,8.919232958,1.25383471,0.580297441,43.14417642,86.28835283,1.06695548,0.538572744,2.120339195,13.72189686,1043.586141,347.0,208.0,76.95278088,396.4990253,2.464014394,3.976409436,3.177728908,1.665333866,0.214114354,23.32347208,6276.480448,0.118786185,1.696945498,2.935715712,4.39508884,4.004791376,2.545418247,1.001197844,0.302056299,369.2047322,-396.4990253,,,,,,,,,,,,,,,,,,,,,,,,,,,,,,,,,,,,,,,,,,,,,,,2021,1.0,,,,,,,,,,,,,,,,,,,,,,,,,,,,,,,,,,,,
98.0,5.76,140.2,8.25,,,,,,,,,,,,,,,,,,,,,,,,,,,,,,,,,,3.0,4.0,7.0,10.0,95.0,,,17.0,,,,,,,,,,,,,,,,,,,,,,,,,,,,,,,,,,,,,,,,,,,17.0,Jason Myers,SEA,FA,23,2473037,,FA,,{},"['K', 'BE', 'IR']",,,,,,,,,,,,,,,,,,,,,,,,,,,,,,,,,,,,,,,,,,,,,,,,,,,,,,,,,,,,,,,,,,,,,,,,,,,1.0,,,,3.0,5.0,3.0,5.0,2.0,11.0,13.0,2.0,17.0,23.0,6.0,44.0,47.0,3.0,3.0,5.0,3.288624819,4.860594586,1.571969766,7.99698735,10.07064368,2.073656334,16.45664435,16.83735379,0.380709444,27.74225652,31.76859206,4.026335544,46.42659066,47.49090954,1.064318878,3.288624819,4.860594586,1.571969766,,,,,,,,,,,,,,,,,,,,,,,,,,,,,,,,,,,,,,,,,,,,,,,,,,,,,,,,,,,,,,,,,,,,,,,,,,,,,,,,,,,,,,,2.0,2.0,,,,,,,,,,,,,,,,,,,,,,,,,,,,,,,,,,,,,,,,,,2021,,,,,,,,,,,,,,,,,,,,,,,,,,,,,,,,,,,,,
39.0,5.57,87.15,5.81,1.0,-1.28571429,,,,,,,,,,,,,,-9.0,36.0,52.28571429,1.0,71.0,33.0,14.0,12.0,4.0,4.0,53.0,111.0,10.16666667,,,,,,3.0,3.0,,7.0,6.0,,1.0,7.0,4.037393352,1.772421587,0.162871573,0.005323573,5.0,2.0,1.0,1.0,,,,0.007420507,0.005194355,0.001664323,5.6797e-05,6.636669173,43.21434316,3.209321938,0.17537848,0.119249228,0.077929371,130.0,65.0,32.0,26.0,13.0,62.36565549,12.0,6.0,0.818125416,0.025302848,90.89801707,10.4753038,0.180702053,0.001810718,0.02502137,0.386505353,0.411526723,0.01150983,0.216442998,0.227952828,0.227952828,15.11764706,Sterling Shepard,NYG,FA,99,2976592,,FA,,{},"['RB/WR', 'WR', 'WR/TE', 'RB/WR/TE', 'OP', 'BE', 'IR']",,,,1.0,1.0,,,,,,,,,,,,,,1.0,,,,,,,,,,,,,,,,,,,,,,,,,,,,,,,,,,,,,,,,,,,,,,,,,,,,,,,,,,,,,,,,,,,,,,,,,,,,,,,,,,,,,,,,,,,,,,,,,,,,,,,,,,,,,,,,,,,,,,,,,,,,,,,,,,,,,,,,,,,,,,,,,,,,,,,,,,,,,,,,,,,,,,,,,,,,,,,,,,,,,,,,,,,,,,,,,,,,,,,,,,,,,,,,,,,,,,,,,,,,,,,2021,,,,,,,,,,,,,,,,,,,,,,,,,,,,,,,,,,,,,
30.0,2.31,25.25,1.68,43.0,10.53846154,1.0,25.0,11.0,4.0,4.0,1.0,,6.0,2.0,,,,,3.18604651,13.0,8.76923077,1.0,20.0,7.0,2.0,2.0,,,21.0,100.0,8.76923077,,,,,,6.0,7.0,3.0,10.0,12.0,1.0,,13.0,16.27758293,4.620188712,0.519773431,0.018544524,13.0,6.0,3.0,2.0,1.0,3.0,1.0,0.030116828,0.02108178,0.012178694,0.000415612,4.290955395,8.844618965,0.555064616,0.029185529,0.046535431,0.030410904,26.0,13.0,6.0,5.0,2.0,16.99442373,3.0,1.0,0.053547987,0.001656123,23.33482969,7.867864779,0.047730054,0.001293313,0.143801047,0.150133834,0.293934881,0.066148482,0.084074947,0.150223429,0.150223429,15.11764706,Dare Ogunbowale,JAX,FA,82,2983509,,FA,,{},"['RB', 'RB/WR', 'RB/WR/TE', 'OP', 'BE', 'IR']",,,,,,,,,,,,,,,,,,,,,1.0,,,,,,,,,,,,,,,,,,,,,,,,,,,,,,,,,,,,,,,,,,,,,,,,,,,,,,1.0,,,,,,,,,,,,,,,,,,,,,,,,,,,,,,,,,,,,,,,,,,,,,,,,,,,,,,,,,,,,,,,,,,,,,,,,,,,,,,,,,,,,,,,,,,,,,,,,,,,,,,,,,,,,,,,,,,,,,,,,,,,,,,,,,,,,,,,,,,,,,,,,,,,,,,,,,,,,,,,,,,,,,,,2021,,,,,,,,,,,,,,,,,,,,,,,,,,,,,,,,,,,,,
34.0,5.67,109.43,6.84,,,,,,,,,,,,,,,,,18.0,32.66666667,3.0,38.0,18.0,8.0,5.0,,1.0,25.0,82.0,10.88888889,,1.0,,1.0,1.0,,,4.0,2.0,18.0,,,6.0,4.242376541,1.106517186,0.322449907,0.011041639,3.0,1.0,,,,,,0.007798109,0.005458676,0.000687602,2.34652e-05,4.188540091,44.04979996,6.02827863,0.374643174,0.10688543,0.069849628,141.0,70.0,35.0,28.0,14.0,66.62616846,13.0,6.0,0.992728335,0.030702938,100.8038353,10.61726917,0.385684813,0.001793226,0.024397095,0.383154342,0.407551437,0.011222664,0.214566431,0.225789095,0.225789095,16.05882353,Logan Thomas,WSH,FA,34,16813,,FA,,{},"['WR/TE', 'TE', 'RB/WR/TE', 'OP', 'BE', 'IR']",,,,,,1.0,1.0,,,,,,,,,,,,,2.0,,,,,,,,,,,,,,,,,,,,,,,,,,,,,,,,,,,,,,,,,,,,,,,,,,,,,,1.0,,,,,,,,,,,,,,,,,,,,,,,,,,,,,,,,,,,,,,,,,,,,,,,,,,,,,,,,,,,,,,,,,,,,,,,,,,,,,,,,,,,,,,,,,,,,,,,,,,,,,,,,,,,,,,,,,,,,,,,,,,,,,,,,,,,,,,,,,,,,,,,,,,,,,,,,,,,,,,,,,,,,,,,,2021,,,,,,,,,,,,,,,,,,,,,,,,,,,,,,,,,,,,,
4.0,2.0,123.94,8.85,,,,,,,,,,,,,,,,,4.0,13.0,,5.0,2.0,1.0,,,,8.0,10.0,6.5,,,,,,,,,2.0,2.0,,,2.0,,,,,,,,,,,,,,,,,66.20776157,5.140909017,0.298487219,0.268030556,0.175157968,186.0,93.0,46.0,37.0,18.0,68.76058291,13.0,6.0,2.326630214,0.071957635,105.0213767,13.59351202,0.298487219,0.002010659,,0.456968025,0.456968025,,0.255902094,0.255902094,0.255902094,14.11764706,William Fuller V,MIA,FA,176,3052876,,FA,,{},"['RB/WR', 'WR', 'WR/TE', 'RB/WR/TE', 'OP', 'BE', 'IR']",,,,,,,,,,,,,,,,,,,,,,,,,,,,,,,,,,,,,,,,,,,,,,,,,,,,,,,,,,,,,,,,,,,,,,,,1.0,,,,,,,,,,,,,,,,,,,,,,,,,,,,,,,,,,,,,,,,,,,,,,,,,,,,,,,,,,,,,,,,,,,,,,,,,,,,,,,,,,,,,,,,,,,,,,,,,,,,,,,,,,,,,,,,,,,,,,,,,,,,,,,,,,,,,,,,,,,,,,,,,,,,,,,,,,,,,,,,,,,,,,,,,,2021,,,,,,,,,,,,,,,,,,,,,,,,,,,,,,,,,,,,,
49.0,3.06,82.31,5.14,,,,,,,,,,,,,,,,,38.0,21.5625,3.0,64.0,29.0,12.0,10.0,1.0,2.0,61.0,185.0,9.07894737,,,,,,2.0,2.0,8.0,8.0,20.0,,,16.0,,,,,,,,,,,,,,,,,32.92055676,5.026185049,0.244870277,0.102788029,0.067171977,105.0,52.0,26.0,21.0,10.0,52.99999389,10.0,5.0,0.446281012,0.013802506,76.10482248,9.974820236,0.244870277,0.001341088,,0.30479282,0.30479282,,0.170683979,0.170683979,0.170683979,16.05882353,Austin Hooper,CLE,FA,25,3043275,,FA,,{},"['WR/TE', 'TE', 'RB/WR/TE', 'OP', 'BE', 'IR']",,,,,,,,,,,,,,,,,,,,2.0,,,,,,,,,,,,,,,,,,,,,,,,,,,,,,,,,,,,,,,,,,,,,,,,,,,,1.0,,1.0,,,,,,,,,,,,,,,,,,,,,,,,,,,,,,,,,,,,,,,,,,,,,,,,,,,,,,,,,,,,,,,,,,,,,,,,,,,,,,,,,,,,,,,,,,,,,,,,,,,,,,,,,,,,,,,,,,,,,,,,,,,,,,,,,,,,,,,,,,,,,,,,,,,,,,,,,,,,,,,,,,,,,,,,2021,,,,,,,,,,,,,,,,,,,,,,,,,,,,,,,,,,,,,
50.0,7.14,0.0,0.0,56.0,50.0,2.0,68.0,32.0,14.0,10.0,3.0,1.0,8.0,1.0,1.0,1.0,1.0,,6.25,19.0,12.42857143,,17.0,8.0,3.0,2.0,,1.0,26.0,108.0,4.57894737,1.0,2.0,1.0,1.0,1.0,2.0,3.0,4.0,3.0,12.0,,,7.0,,,,,,,,,,,,,,,,,,,,,,,,,,,,,,,,,,,,,,,,,,,,Dontrell Hilliard,TEN,FA,63,3126246,,FA,,{},"['RB', 'RB/WR', 'RB/WR/TE', 'OP', 'BE', 'IR']",,,,,,1.0,,177.0,16.0,4.0,,,,,,,,,,,,,,,,,,,,,,,,,,,,,,,,,,,,,,,,,,,,,,,,,,,,,,,,,,,,,,,,,1.0,,,,,,,,,,,,,,,,,,,,,,,,,,,,,,,,,,,,,,,,,,,,,,,,,,,,,,,,,,,,,,,,,,,,,,,,,,,,,,,,,,,,,,,,,,,,,,,,,,,,,,,,,,,,,,,,,,,,,,,,,,1.0,,,,,,,,,,,,,,,,,,,,,,,,,,,,,,,,,,,,,,,,,,,,,2021,,,,,,,,,,,,,,,,,,,,,,,,,,,,,,,,,,,,,
50.0,3.33,61.57,4.74,1.0,-0.2,,,,,,,,,,,,,,-3.0,46.0,27.2,3.0,75.0,34.0,13.0,9.0,2.0,2.0,73.0,185.0,8.86956522,,1.0,,1.0,1.0,1.0,1.0,4.0,11.0,18.0,,1.0,15.0,3.33684801,1.060401087,0.275222221,0.009006254,2.0,1.0,,,,,,0.006132995,0.004293096,0.000513167,1.75124e-05,4.187288031,34.04357854,2.521567969,0.137514803,0.056615716,0.03699837,89.0,44.0,22.0,17.0,8.0,43.97569396,8.0,4.0,0.398666043,0.012329878,70.78873594,10.2005033,0.146521057,0.002073301,0.033233014,0.437971657,0.471204671,0.015287186,0.245264128,0.260551315,0.260551315,13.17647059,Evan Engram,NYG,FA,23,3051876,,FA,,{},"['WR/TE', 'TE', 'RB/WR/TE', 'OP', 'BE', 'IR']",,,,,,1.0,1.0,,,,,,,,,,,,,2.0,,,,,,,,,,,,,,,,,,,,,,,,,,,,,,,,,,,,,,,,,,,,,,,,,,,,,,,,,,,,,,,,,,,,,,,,,,,,,,,,,,,,,,,,,,,,,,,,,,,,,,,,,,,,,,,,,,,,,,,,,,,,,,,,,,,,,,,,,,,,,,,,,,,,,,,,,,,,,,,,,,,,,,,,,,,,,,,,,,,,,,,,,,,,,,,,,,,,,,,,,,,,,,,,,,,,,,,,,,,,,,2021,,,,,,,,,,,,,,,,,,,,,,,,,,,,,,,,,,,,,
73.0,4.29,105.77,6.61,8.0,2.70588235,,8.0,3.0,1.0,1.0,,,,,,,,,5.75,59.0,40.76470588,2.0,132.0,62.0,26.0,22.0,8.0,4.0,83.0,502.0,11.74576271,1.0,3.0,1.0,2.0,2.0,2.0,2.0,12.0,5.0,12.0,,,17.0,7.048781791,3.077481978,0.236663151,0.006793535,9.0,4.0,2.0,1.0,,1.0,,0.01297648,0.009083536,0.005958371,0.000203336,7.011245556,43.79176065,4.707399445,0.145734311,0.236089327,0.154284375,140.0,70.0,35.0,28.0,14.0,53.79397395,10.0,5.0,0.975561138,0.030171994,82.90019015,13.072917,0.152527846,0.002870405,0.075578056,0.576786751,0.652364807,0.034765906,0.323000581,0.357766486,0.357766486,16.05882353,Mecole Hardman,KC,FA,57,4035004,,FA,,{},"['RB/WR', 'WR', 'WR/TE', 'RB/WR/TE', 'OP', 'BE', 'IR']",,,,1.0,1.0,1.0,1.0,35.0,3.0,,0.2013132,0.215041353,434.88,128.0942553,43.0,17.0,12.0,5.0,,2.0,,,,,,,,,,,,,,,,,,,,,,,,,,,,,,,,,,,,,,,,,,,,,,,,,,,,,,,,,,,,,,,,,,,,,,,,,,,,,,,,,,,,,,,,,,,,,,,,,,,,,,,,,,,,,,,,157.0,10.0,3.0,,,,,,,,,,,,,,,,,,,,,,,,,,,,,,,,,,,,,,,,,,,,,,,,,,,,,,,,,,,,,,,,,,,,,,,,,,,,,,,,,,,,,,,,,,,,,,,,,,,,,,,,,,,,2021,,,,,,,,,,,,,,,,,,,,,,,,,,,,,,,,,,,,,
0.0,0.0,105.45,9.59,,,,,,,,,,,,,,,,,,,,,,,,,,,,,,,,,,,,,,,,,,,,,,,,,,,,,,,,,,70.1297188,4.289188781,0.20024425,0.166462762,0.108783415,161.0,80.0,40.0,32.0,16.0,64.8212562,12.0,6.0,2.468610453,0.076348777,95.139223,12.44814342,0.20024425,0.002753841,,0.625872982,0.625872982,,0.35048887,0.35048887,0.35048887,11.50588235,Michael Thomas,NO,FA,0,2976316,,FA,,{},"['RB/WR', 'WR', 'WR/TE', 'RB/WR/TE', 'OP', 'BE', 'IR']",,,,,,,,,,,,,,,,,,,,,,,,,,,,,,,,,,,,,,,,,,,,,,,,,,,,,,,,,,,,,,,,,,,,,,,,,,,,,,,,,,,,,,,,,,,,,,,,,,,,,,,,,,,,,,,,,,,,,,,,,,,,,,,,,,,,,,,,,,,,,,,,,,,,,,,,,,,,,,,,,,,,,,,,,,,,,,,,,,,,,,,,,,,,,,,,,,,,,,,,,,,,,,,,,,,,,,,,,,,,,,,,,,,,,,,,,,,,,,,,,,2021,,,,,,,,,,,,,,,,,,,,,,,,,,,,,,,,,,,,,
83.0,4.88,87.9,5.17,,,,,,,,,,,,,,,,,,,,,,,,,,,,,,,,,,709.0,1092.0,6.0,11.0,,,,17.0,,,,,,,,,,,,,,,,,,,,,,,,,,,,,,,,,,,,,,,,,,,17.0,Bears D/ST,CHI,FA,20,-16003,,FA,,{},"['D/ST', 'BE', 'IR']",,,,,,,,1180.0,110.0,39.0,0.154322,0.2088768,707.1833333,193.2341818,70.0,28.0,19.0,7.0,,,,,,,,,,,,,,,,,,,,,,,,,,,,,,,,,,,,,,,,,,,,,,,,,,,,,,,,,383.0,,,14.0,,,,,,,,,,,,,,,,,,,,,,,,,,,,,,,,,,,8.0,0.0,1.0,1.0,5.0,2.0,8.0,,1.0,49.0,98.0,,1.0,1.0,3.0,359.0,210.0,54.0,56.0,338.0,27.0,9.0,395.0,0.0,4.0,4.0,2.0,5384.0,0.0,2.0,6.0,3.0,2.0,3.0,1.0,0.0,0.0,0.0,1.0,1.0,5.0,0.0,4.0,4.0,2.0,0.141907428,0.637308807,2.44726582,2.515245426,0.06920872,1.562813367,12.39411092,10.28005759,1.07056454,0.576883238,38.5153199,77.03063979,1.013968784,0.548844583,1.995220886,15.81547322,958.4822992,319.0,191.0,73.61535073,394.3251283,2.464260722,3.917324803,3.084574628,1.589023293,0.203089073,23.19559578,6081.462844,0.425,3.74,3.655,3.995,2.89,1.53,0.595,0.17,357.7331085,-394.3251283,,,,,,,,,1.0,,,,,,,,,,,,,,,,,,,,,,,,,,,,,,,,,,,,,,2021,,,,,,,,,,,,,,,,,,,,,,,,,,,,,,,,,,,,,
88.0,5.5,51.96,3.46,145.0,37.0625,2.0,113.0,52.0,22.0,16.0,5.0,,22.0,7.0,,,,,4.08965517,40.0,16.75,1.0,48.0,18.0,6.0,4.0,1.0,1.0,45.0,289.0,6.7,,,,,,3.0,3.0,4.0,12.0,18.0,1.0,,16.0,61.78979668,17.49233857,1.743113206,0.05700588,52.0,26.0,13.0,10.0,5.0,12.0,6.0,0.117301674,0.082111172,0.186207339,0.006354542,4.279719548,8.743837756,0.521720902,0.028508218,0.042945239,0.028064714,26.0,13.0,6.0,5.0,2.0,17.86731402,3.0,1.0,0.053102267,0.001642338,23.6691409,7.398216263,0.085514098,0.003743622,0.659981106,0.190842021,0.850823127,0.303591309,0.106871532,0.410462841,0.410462841,15.11764706,Devontae Booker,NYG,FA,38,3122866,,FA,,{},"['RB', 'RB/WR', 'RB/WR/TE', 'OP', 'BE', 'IR']",,,,,,,,,,,,,,,,,,,,1.0,,,,,,,,,,,,,,,,,,,,,,,,,,,,,,,,,,,,,,,,,,,,,,,,,,,,,,,,1.0,,,,,,,,,,,,,,,,,,,,,,,,,,,,,,,,,,,,,,,,,,,,,,,,,,,,,,,,,,,,,,,,,,,,,,,,,,,,,,,,,,,,,,,,,,,,,,,,,,,,,,,,,,,,,,,,,,,,,,,,,,,,,,,,,,,,,,,,,,,,,,,,,,,,,,,,,,,,,,,,,,,,,,2021,,,,,,,,,,,,,,,,,,,,,,,,,,,,,,,,,,,,,
54.0,4.5,85.12,6.08,,,,,,,,,,,,,,,,,51.0,37.25,2.0,84.0,40.0,18.0,11.0,3.0,5.0,71.0,174.0,8.76470588,,1.0,,1.0,1.0,1.0,1.0,3.0,9.0,14.0,,,12.0,,,,,,,,,,,,,,,,,46.60272363,3.37615363,0.185588724,0.127858852,0.08355576,131.0,65.0,32.0,26.0,13.0,57.35846769,11.0,5.0,0.903468642,0.027942329,88.72284706,11.47033438,0.185588724,0.00206182,,0.468595402,0.468595402,,0.262413425,0.262413425,0.262413425,14.11764706,Jamison Crowder,NYJ,FA,74,2576716,,FA,,{},"['RB/WR', 'WR', 'WR/TE', 'RB/WR/TE', 'OP', 'BE', 'IR']",,,,,,1.0,1.0,,,,,,,,,,,,,2.0,,,,,,,,,,,,,,,,,,,,1.0,,,1.0,,,,,,,,,,,,,,,,,,,,,,,,,,,,,1.0,,,,,,,,,,,,,,,,,,,,,,,,,,,,,,,,,,,,,,,,,,,,,,,,,,,,,,,,,,,,,,,,,,,,,,,,,,,,,,,,,,,,,,,,,,,,,,,,,,,,,,,,,,,,,,,,,,,,,,,,,,,,,,,,,,,,,,,,,,,,,,,,,,,,,,,,,,,,,,,,,,,,,,,,,,2021,,,,,,,,,,,,,,,,,,,,,,,,,,,,,,,,,,,,,
18.0,3.6,124.79,7.8,3.0,1.8,1.0,1.0,,,,,,,,,,,,3.0,15.0,25.8,,25.0,12.0,5.0,4.0,1.0,1.0,28.0,68.0,8.6,,,,,,,,2.0,3.0,6.0,1.0,,5.0,,,,,,,,,,,,,,,,,55.70915735,6.114120536,0.287893759,0.121073012,0.079121213,178.0,89.0,44.0,35.0,17.0,87.07000498,17.0,8.0,1.879605365,0.058132125,123.9350773,10.27476141,0.287893759,0.005898571,,1.340584336,1.340584336,,0.750727228,0.750727228,0.750727228,16.05882353,JuJu Smith-Schuster,PIT,FA,136,3120348,,FA,,{},"['RB/WR', 'WR', 'WR/TE', 'RB/WR/TE', 'OP', 'BE', 'IR']",,,,,,,,,,,,,,,,,,,,,,,,,,,,,,,,,,,,,,,,,,,,,,,,,,,,,,,,,,,,,,,,,,,,,,,,,,,,,,,,,,,,,,,,,,,,,,,,,,,,,,,,,,,,,,,,,,,,,,,,,,,,,,,,,,,,,,,,,,,,,,,,,,,,,,,,,,,,,,,,,,,,,,,,,,,,,,,,,,,,,,,,,,,,,,,,,,,,,,,,,,,,,,,,,,,,,,,,,,,,,,,,,,,,,,,,,,,,,,,,,,2021,,,,,,,,,,,,,,,,,,,,,,,,,,,,,,,,,,,,,
25.0,8.33,125.19,7.82,,,,,,,,,,,,,,,,,7.0,51.33333333,2.0,29.0,13.0,6.0,4.0,1.0,,22.0,24.0,22.0,,,,,,,,,3.0,12.0,,,3.0,,,,,,,,,,,,,,,,,57.70199477,5.526803713,0.290579511,0.179106493,0.117046093,185.0,92.0,46.0,37.0,18.0,67.69249003,13.0,6.0,2.064014405,0.063835497,116.9957375,13.68875854,0.290579511,0.002211552,,0.502625359,0.502625359,,0.281470201,0.281470201,0.281470201,16.05882353,DJ Chark Jr.,JAX,FA,127,3115394,,FA,,{},"['RB/WR', 'WR', 'WR/TE', 'RB/WR/TE', 'OP', 'BE', 'IR']",,1.0,,,,,,,,,,,,,,,,,,,,,,,,,,,,,,,,,,,,,,,,,,,,,,,,,,,,,,,,,,,,,,,,,,,,,,,,1.0,,,,,,,,,,,,,,,,,,,,,,,,,,,,,,,,,,,,,,,,,,,,,,,,,,,,,,,,,,,,,,,,,,,,,,,,,,,,,,,,,,,,,,,,,,,,,,,,,,,,,,,,,,,,,,,,,,,,,,,,,,,,,,,,,,,,,,,,,,,,,,,,,,,,,,,,,,,,,,,,,,,,,,,,2021,,,,,,,,,,,,,,,,,,,,,,,,,,,,,,,,,,,,,
39.0,2.79,40.56,2.7,68.0,19.0,2.0,48.0,21.0,9.0,5.0,1.0,,7.0,2.0,,,,,3.91176471,10.0,5.21428571,,13.0,6.0,2.0,1.0,,1.0,12.0,75.0,7.3,1.0,1.0,,,,,,6.0,8.0,12.0,1.0,,14.0,55.40915977,15.21576054,1.90966271,0.065384879,46.0,23.0,11.0,9.0,4.0,11.0,5.0,0.10468646,0.073280522,0.135654197,0.004629357,4.151416453,3.546968026,0.233817929,0.014531228,0.055965215,0.036573268,10.0,5.0,2.0,2.0,1.0,6.598467298,1.0,,0.026898544,0.000831914,8.894456054,8.126403955,0.079916107,0.002237771,0.454464024,0.054120402,0.508584427,0.209053451,0.030307425,0.239360876,0.239360876,15.11764706,Jaret Patterson,WSH,FA,71,4362452,,FA,,{},"['Rookie', 'RB', 'RB/WR', 'RB/WR/TE', 'OP', 'BE', 'IR']",,,,,,,,,,,,,,,,,,,,,,,,,,,,,,,,,,,,,,,,,,,,,,,,,,,,,,,,,,,,,,,,,,,,,,,,,,,,1.0,,,,,,,,,,,,,,,,,,,,,,,,,,,,,,,,,,,,,,,,,,,,,,,,,,,,,,,,,,,,,,,,,,,,,,,,,,,,,,,,,,,,,,,,,,,,,,,,,,,,,,,,,,,,,,,,,,,,,,,,,,,,,,,,,,,,,,,,,,,,,,,,,,,,,,,,,,,,,,,,,,,,,,2021,,,,,,,,,,,,,,,,,,,,,,,,,,,,,,,,,,,,,
53.0,4.42,68.24,5.25,,,,,,,,,,,,,,,,,46.0,42.91666667,1.0,99.0,47.0,22.0,18.0,6.0,4.0,67.0,171.0,11.19565217,,,,,,,,4.0,8.0,6.0,,,12.0,,,,,,,,,,,,,,,,,36.36750611,3.551970915,0.181136933,0.165022614,0.107842278,95.0,47.0,23.0,19.0,9.0,37.32671725,7.0,3.0,0.476531099,0.014738075,58.8509345,12.83786547,0.181136933,0.001745008,,0.396592735,0.396592735,,0.222091932,0.222091932,0.222091932,13.17647059,Rashod Bateman,BAL,FA,76,4360939,,FA,,{},"['Rookie', 'RB/WR', 'WR', 'WR/TE', 'RB/WR/TE', 'OP', 'BE', 'IR']",,,,1.0,1.0,,,,,,,,,,,,,,,1.0,,,,,,,,,,,,,,,,,,,,,,,,,,,,,,,,,,,,,,,,,,,,,,,,,,,,,,,,,,,,,,,,,,,,,,,,,,,,,,,,,,,,,,,,,,,,,,,,,,,,,,,,,,,,,,,,,,,,,,,,,,,,,,,,,,,,,,,,,,,,,,,,,,,,,,,,,,,,,,,,,,,,,,,,,,,,,,,,,,,,,,,,,,,,,,,,,,,,,,,,,,,,,,,,,,,,,,,,,,,,,,2021,,,,,,,,,,,,,,,,,,,,,,,,,,,,,,,,,,,,,
37.0,4.11,61.84,3.86,3.0,0.66666667,,1.0,,,,,,,,,,,,2.0,39.0,46.66666667,,81.0,37.0,17.0,14.0,4.0,4.0,57.0,228.0,10.76923077,,,,,,,,2.0,7.0,,,,9.0,8.074786704,3.036329583,0.32985574,0.010781569,9.0,4.0,2.0,1.0,,1.0,,0.014873635,0.010411545,0.005808879,0.000198235,6.038534854,27.69081887,1.928419729,0.10527258,0.153458736,0.100285284,88.0,44.0,22.0,17.0,8.0,37.65573963,7.0,3.0,0.385255008,0.011915103,58.14433511,11.80914193,0.116054149,0.002137883,0.085793822,0.400088566,0.485882388,0.039465158,0.224049597,0.263514755,0.263514755,16.05882353,Kadarius Toney,NYG,FA,103,4240600,,FA,,{},"['Rookie', 'RB/WR', 'WR', 'WR/TE', 'RB/WR/TE', 'OP', 'BE', 'IR']",,,,1.0,1.0,,,,,,,0.094944,,84.624,,,8.0,3.0,1.0,,,3.0,1.0,2.0,2.11111111,,3.0,1.0,,,,,,,,,,,,,,0.33333333,1.0,,,,,,,,,,,,,,,,,,,,,,,,,,,,,,,,,,,,,,,,,,,,,,,,,,,,,,,,,,,,,,,,,,,,,,,,,,,,,,,,,,,,,,,,,,,,,,,,,,,,,,,,,,,,,,,,,,,,,,,,,,,,,,,,,,,,,,,,,,,,,,,,,,,,,,,,,,,,,,,,,,,,,,,,,,,,,,,,,,,,,,,,,,,,,,,,,,,,,,,2021,,,,,,,,,,,,,,,,,,,,,,,,,,,,,,,,,,,,,
183.0,10.76,269.24,16.83,73.0,19.64705882,2.0,61.0,27.0,9.0,6.0,,,9.0,1.0,,,,,4.57534247,,,,,,,,,,,,,2.0,9.0,,5.0,22.0,2.0,2.0,3.0,14.0,84.0,2.0,,17.0,64.97805529,18.17094819,2.783701291,0.09934969,58.0,29.0,14.0,11.0,5.0,12.0,6.0,0.123378043,0.08636463,0.21817744,0.007445559,4.490809227,,,,,,,,,,,,,,,,,,1.291663362,0.040198503,0.871702991,,9.136023334,0.400983376,,4.367857141,17.53650696,16.05882353,Trevor Lawrence,JAX,FA,23,4360310,,FA,,{},"['Rookie', 'QB', 'OP', 'BE', 'IR']",,,,,,,,,,,,,,,,,,,,,,602.0,359.0,243.0,214.17647059,12.0,720.0,356.0,173.0,136.0,65.0,30.0,65.0,28.0,41.0,16.0,1.0,,2.0,2.0,17.0,0.59634551,32.0,8.0,6.0,1.0,4.0,,574.8116004,365.3511593,209.4604411,257.2538903,22.69733126,826.0,413.0,206.0,165.0,82.0,41.0,73.0,36.0,3.397968241,2.220572245,3.4304644,0.463365793,1.192313672,13.16864982,0.635601576,41.22329877,8.264320343,3.966873765,,,,,,,,,,,,,,,,,,,,,,,,,,,,,,,,,,,,,,,,,,,,,,,,,,,,,,,,,,,,,,,,,,,,,,,,,,,,,,,,,,,,,,,,,,,,,,,,,,,,,,,,,,,,,,,,,,,,,,,,,,,,,,,5.0,,,,,,,,,,,,,,,,,,,,,,,,,,,,,,,,,,,,,,,,,,,,2021,,,,,,,,,,,,,,,,,,,,,,,,,,,,,,,,,,,,,
113.0,6.65,49.47,3.09,12.0,7.35294118,,21.0,8.0,2.0,1.0,,,,,,,,,10.41666667,55.0,47.05882353,5.0,153.0,72.0,31.0,24.0,7.0,4.0,70.0,385.0,14.54545455,,1.0,,1.0,1.0,,,10.0,7.0,36.0,,,17.0,,,,,,,,,,,,,,,,,23.06518731,2.095887583,0.100067372,0.191582114,0.125198912,74.0,37.0,18.0,14.0,7.0,28.81469144,5.0,2.0,0.188168702,0.005819651,45.99989941,12.85454587,0.100067372,0.001208934,,0.274757705,0.274757705,,0.153864315,0.153864315,0.153864315,16.05882353,Kendrick Bourne,NE,FA,30,3045523,,FA,,{},"['RB/WR', 'WR', 'WR/TE', 'RB/WR/TE', 'OP', 'BE', 'IR']",,2.0,1.0,,,1.0,1.0,,,,,,,,,,,,,1.0,2.0,1.0,1.0,,1.47058824,1.0,5.0,2.0,1.0,1.0,,,,,,,,,,,,1.0,,,,,1.0,,,,,,,,,,,,,,,,,,,,,,,,,,,,,,,,,,,,,,,,,,,,,,,,,,,,,,,,,,,,,,,,,,,,,,,,,,,,,,,,,,,,,,,,,,,,,,,,,,,,,,,,,,,,,,,,,,,,,,,,,,,,,,,,,,,,,,,,,,,,,,,,,,,,,,,,,,,,,,,,,,,,,,,,,,,,,,,,,,,,,,,,,,,,,,,,,,,2021,,,,,,,,,,,,,,,,,,,,,,,,,,,,,,,,,,,,,
1.0,0.2,105.23,7.02,4.0,2.2,,1.0,,,,,,,,,,,,2.75,6.0,5.4,,4.0,1.0,,,,,9.0,40.0,4.5,,,,,,1.0,1.0,3.0,2.0,,,,5.0,19.92055903,7.418905261,0.904958227,0.031039024,22.0,11.0,5.0,4.0,2.0,3.0,1.0,0.03695395,0.025867765,0.033540073,0.001144594,5.608275598,45.15313964,3.656622935,0.226971369,0.167563008,0.109502426,135.0,67.0,33.0,27.0,13.0,57.1001257,11.0,5.0,1.249519507,0.038644933,83.18392973,11.9080852,0.258010394,0.002776781,0.163223642,0.467862899,0.631086542,0.075082876,0.262003224,0.337086099,0.337086099,15.05882353,Curtis Samuel,WSH,FA,202,3121427,,FA,,{},"['RB/WR', 'WR', 'WR/TE', 'RB/WR/TE', 'OP', 'BE', 'IR']",,,,,,,,,,,,,,,,,,,,,,,,,,,,,,,,,,,,,,,,,,,,,,,,,,,,,,,,,,,,,,,,,,,,,,,,,,,,,,,,,,,,,,,,,,,,,,,,,,,,,,,,,,,,,,,,,,,,,,,,,,,,,,,,,,,,,,,,,,,,,,,,,,,,,,,,,,,,,,,,,,,,,,,,,,,,,,,,,,,,,,,,,,,,,,,,,,,,,,,,,,,,,,,,,,,,,,,,,,,,,,,,,,,,,,,,,,,,,,,,,,2021,,,,,,,,,,,,,,,,,,,,,,,,,,,,,,,,,,,,,
40.0,2.35,109.57,6.85,10.0,1.88235294,,8.0,4.0,1.0,,,,,,,,,,3.2,33.0,17.58823529,2.0,56.0,24.0,9.0,7.0,2.0,2.0,57.0,151.0,9.06060606,,2.0,,,,3.0,3.0,9.0,8.0,12.0,,,17.0,6.370703639,2.172452628,0.206417489,0.006107696,6.0,3.0,1.0,1.0,,1.0,,0.011723852,0.008206696,0.002901471,9.90161e-05,5.476166426,49.93669518,4.260465717,0.247958799,0.217219851,0.141953172,160.0,80.0,40.0,32.0,16.0,58.26394214,11.0,5.0,1.400498872,0.043314398,96.5586608,13.76365117,0.254066495,0.003021642,0.067688106,0.61904871,0.686736816,0.031136529,0.346667278,0.377803806,0.377803806,16.05882353,Jalen Reagor,PHI,FA,98,4241802,,FA,,{},"['RB/WR', 'WR', 'WR/TE', 'RB/WR/TE', 'OP', 'BE', 'IR']",,,,,,,,255.0,22.0,7.0,,,,,,,,,,,1.0,,,,,,,,,,,,,,,,,,,,,,,,,,,,,,,,,,,,,,,,,,,,,,,,,,,,,1.0,,,,,,,,,,,,,,,,,,,,,,,,,,,,,,,,,,,,,,,,,,,,,,,,,,,,,,,,,,227.0,18.0,3.0,,,,,,,,,,,,,,,,,,,,,,,,,,,,,,,,,,,,,,,,,,,,,,,,,,,,,,,,,,,,,,,,,,,,,,,,,,,,,,,,,,,,,,,,,,,,,,,,,,,,,,,,,,,,2021,,,,,,,,,,,,,,,,,,,,,,,,,,,,,,,,,,,,,
61.0,10.17,229.71,14.36,38.0,28.0,1.0,31.0,15.0,7.0,5.0,1.0,,5.0,1.0,,,,,4.42105263,,,,,,,,,,,,,,,,,2.0,,,3.0,3.0,38.0,1.0,,6.0,94.88655379,30.74872052,5.198742589,0.153263812,98.0,49.0,24.0,19.0,9.0,18.0,9.0,0.184617894,0.129232525,0.739716541,0.025243688,5.203985779,,,,,,,,,,,,,,,,,,1.154220322,0.028722984,1.272935799,,6.527951003,0.585550468,,3.107957766,12.49015751,16.05882353,Trey Lance,SF,FA,40,4383351,,FA,,{},"['Rookie', 'QB', 'OP', 'BE', 'IR']",,,,,,,,,,,,,,,,,,,,,,71.0,41.0,30.0,100.5,5.0,119.0,58.0,28.0,22.0,10.0,4.0,7.0,2.0,4.0,1.0,2.0,1.0,,,2.0,0.57746479,4.0,,3.0,,,,362.7686021,230.8099309,131.9586712,162.0028957,17.00470788,520.0,260.0,130.0,104.0,52.0,26.0,46.0,23.0,1.863077811,1.217521349,1.569358981,0.211979249,1.00095651,9.382199747,0.636245611,28.94815465,5.255015204,2.522407298,,,,,,,,,,,,,,,,,,,,,,,,,,,,,,,,,,,,,,,,,,,,,,,,,,,,,,,,,,,,,,,,,,,,,,,,,,,,,,,,,,,,,,,,,,,,,,,,,,,,,,,,,,,,,,,,,,,,,,,,,,,,,,,,,,,,1.0,,,,,,,,,,,,,,,,,,,,,,,,,,,,,,,,,,,,,,,2021,,,,,,,,,,,,,,,,,,,,,,,,,,,,,,,,,,,,,
209.0,13.06,256.94,17.13,20.0,0.3125,1.0,3.0,,,,,,,,,,,,0.25,,,,,,,,,,,,,,11.0,,5.0,15.0,,,9.0,7.0,138.0,1.0,,16.0,26.26594913,4.28141346,1.144174167,0.047655403,12.0,6.0,3.0,2.0,1.0,5.0,2.0,0.048860534,0.034202374,0.010434788,0.000356099,2.464213164,,,,,,,,,,,,,,,,,,1.303347683,0.031052159,0.282503788,,7.057308814,0.129951742,,3.381858155,16.14191765,15.11764706,Ben Roethlisberger,PIT,FA,19,5536,,FA,,{},"['QB', 'OP', 'BE', 'IR']",,,,,,,,,,,,,,,,,,,,,,605.0,390.0,215.0,233.75,22.0,740.0,365.0,179.0,141.0,67.0,30.0,71.0,31.0,36.0,16.0,2.0,1.0,2.0,2.0,10.0,0.6446281,38.0,11.0,11.0,6.0,2.0,1.0,601.6440444,393.3139097,208.3301347,274.9111813,26.8926214,831.0,415.0,207.0,166.0,83.0,41.0,78.0,39.0,3.437735187,2.246559945,3.522385466,0.475781919,1.25569228,12.7600595,0.653731909,28.24727718,6.774805026,3.251906413,,,,,,,,,,,,,,,,,,,,,,,,,,,,,,,,,,,,,,,,,,,,,,,,,,,,,,,,,,,,,,,,,,,,,,,,,,,,,,,,,,,,,,,,,,,,,,,,,,,,,,,,,,,,,,,,,,,,,,,,,,,,,,,5.0,,,,,,,,,,,,,,,,,,,,,,,,,,,,,,,,,,,,,,,,,,,,2021,,,,,,,,,,,,,,,,,,,,,,,,,,,,,,,,,,,,,
75.0,5.77,22.56,1.5,100.0,41.07692308,3.0,102.0,48.0,22.0,15.0,6.0,2.0,15.0,5.0,,,2.0,,5.34,19.0,10.53846154,,24.0,9.0,3.0,2.0,1.0,1.0,25.0,138.0,7.21052632,,1.0,,,,,1.0,7.0,6.0,18.0,2.0,,13.0,31.70469968,9.278333615,1.042988507,0.029035156,28.0,14.0,7.0,5.0,2.0,6.0,3.0,0.059150254,0.041405178,0.050171934,0.001712176,4.424157121,1.088042181,0.094045635,0.004581801,0.05722954,0.037399504,3.0,1.0,,,,2.056936955,,,0.00947145,0.000292931,2.718029374,7.996665939,0.033616957,0.001218412,0.260040857,0.016870926,0.276911784,0.119618794,0.009447719,0.129066513,0.129066513,15.11764706,D'Ernest Johnson,CLE,FA,50,3139602,,FA,,{},"['RB', 'RB/WR', 'RB/WR/TE', 'OP', 'BE', 'IR']",,,,,,1.0,,139.0,13.0,5.0,0.154322,,755.0,,75.0,30.0,,,,,,,,,,,,,,,,,,,,,,,,,,,,,,,,,,,,,,,,,,,,,,,,,,,,,,,,,,,1.0,1.0,,,,,,,,,,,,,,,,,,,,,,,,,,,,,,,,,,,,,,,,,,,,,,,,,,,,,,,,,,,,,,,,,,,,,,,,,,,,,,,,,,,,,,,,,,,,,,,,,,,,,,,,,,,,,,,,,,,,,,,,,,,,,,,,,,,,,,,,,,,,,,,,,,,,,,,,,,,,,,,,,,,,,,2021,,,,,,,,,,,,,,,,,,,,,,,,,,,,,,,,,,,,,
57.0,5.18,56.16,3.51,,,,,,,,,,,,,,,,,26.0,39.09090909,3.0,82.0,39.0,17.0,12.0,5.0,1.0,55.0,146.0,16.53846154,,,,,,,,7.0,4.0,18.0,,,11.0,4.081783768,1.520905172,0.127518476,0.0047096,4.0,2.0,1.0,,,,,0.007502273,0.005251591,0.001366938,4.66483e-05,5.983645666,23.44945378,2.740088164,0.113862768,0.350726391,0.229199697,75.0,37.0,18.0,15.0,7.0,22.07155466,4.0,2.0,0.194290754,0.006008992,40.02674453,17.06135549,0.118572368,0.001158688,0.041099525,0.222238721,0.263338246,0.018905781,0.124453684,0.143359465,0.143359465,16.05882353,Marquez Valdes-Scantling,GB,FA,70,3051738,,FA,,{},"['RB/WR', 'WR', 'WR/TE', 'RB/WR/TE', 'OP', 'BE', 'IR']",,1.0,1.0,1.0,1.0,,,,,,,,,,,,,,,,,,,,,,,,,,,,,,,,,,,,,,,,,,,,,,,,,,,,,,,,,,,,,,,,,,,,,2.0,,,,,,,,,,,,,,,,,,,,,,,,,,,,,,,,,,,,,,,,,,,,,,,,,,,,,,,,,,,,,,,,,,,,,,,,,,,,,,,,,,,,,,,,,,,,,,,,,,,,,,,,,,,,,,,,,,,,,,,,,,,,,,,,,,,,,,,,,,,,,,,,,,,,,,,,,,,,,,,,,,,,,,,,2021,,,,,,,,,,,,,,,,,,,,,,,,,,,,,,,,,,,,,
32.0,2.91,84.78,5.65,84.0,32.36363636,,66.0,30.0,12.0,9.0,4.0,,12.0,3.0,,,,,4.23809524,11.0,4.45454545,,6.0,2.0,,,,,16.0,83.0,4.45454545,,,,,,1.0,2.0,3.0,8.0,,,,11.0,114.4932878,31.68903817,3.453973127,0.112880064,95.0,47.0,23.0,19.0,9.0,22.0,11.0,0.223148441,0.156203909,0.597739263,0.020398548,4.184207685,9.241924115,0.748839267,0.041100556,0.063654954,0.041598512,27.0,13.0,6.0,5.0,2.0,16.59202486,3.0,1.0,0.055332932,0.001711328,22.46457272,8.420680906,0.15398062,0.003582461,0.711139471,0.103056205,0.814195676,0.327124157,0.057711475,0.384835632,0.384835632,15.11764706,Tevin Coleman,NYJ,FA,78,2979477,,FA,,{},"['RB', 'RB/WR', 'RB/WR/TE', 'OP', 'BE', 'IR']",,,,,,,,317.0,30.0,10.0,,,,,,,,,,,,,,,,,,,,,,,,,,,,,,,,,,,,,,,,,,,,,,,,,,,,,,,,,,,,,,,,,1.0,,,,,,,,,,,,,,,,,,,,,,,,,,,,,,,,,,,,,,,,,,,,,,,,,,,,,,,,,,,,,,,,,,,,,,,,,,,,,,,,,,,,,,,,,,,,,,,,,,,,,,,,,,,,,,,,,,,,,,,,,,,,,,,,,,,,,,,,,,,,,,,,,,,,,,,,,,,,,,,,,,,,,,,2021,,,,,,,,,,,,,,,,,,,,,,,,,,,,,,,,,,,,,
85.0,5.67,95.07,5.94,,,,,,,,,,,,,,,,,35.0,36.6,6.0,106.0,49.0,23.0,16.0,3.0,2.0,63.0,140.0,15.68571429,,,,,,1.0,1.0,9.0,6.0,36.0,,,15.0,,,,,,,,,,,,,,,,,39.65488565,5.35251491,0.223754894,0.256867222,0.16786273,127.0,63.0,31.0,25.0,12.0,42.78082255,8.0,4.0,0.743577934,0.022997256,73.4692179,14.88542699,0.223754894,0.001999985,,0.454542073,0.454542073,,0.254543561,0.254543561,0.254543561,16.05882353,Gabriel Davis,BUF,FA,48,4243537,,FA,,{},"['RB/WR', 'WR', 'WR/TE', 'RB/WR/TE', 'OP', 'BE', 'IR']",,,,1.0,1.0,,,,,,,,,,,,,,,3.0,1.0,,,,,,,,,,,,,,,,,,,,,,,,,,,,,,,,,,,,,,,,,,,,,,,,,,,,,2.0,,,,,,,,,,,,,,,,,,,,,,,,,,,,,,,,,,,,,,,,,,,,,,,,,,,,,,,,,,,,,,,,,,,,,,,,,,,,,,,,,,,,,,,,,,,,,,,,,,,,,,,,,,,,,,,,,,,,,,,,,,,,,,,,,,,,,,,,,,,,,,,,,,,,,,,,,,,,,,,,,,,,,,,,2021,,,,,,,,,,,,,,,,,,,,,,,,,,,,,,,,,,,,,
72.0,4.5,53.31,3.33,,,,,,,,,,,,,,,,,49.0,30.8125,5.0,93.0,42.0,16.0,12.0,3.0,2.0,63.0,300.0,10.06122449,,,,,,,,10.0,6.0,30.0,,2.0,16.0,,,,,,,,,,,,,,,,,22.44156268,2.902697187,0.112876221,0.082505988,0.053917663,72.0,36.0,18.0,14.0,7.0,37.45005743,7.0,3.0,0.176989688,0.005473908,54.55023513,9.623085238,0.112876221,0.001326668,,0.301515357,0.301515357,,0.1688486,0.1688486,0.1688486,16.05882353,C.J. Uzomah,CIN,FA,18,2574576,,FA,,{},"['WR/TE', 'TE', 'RB/WR/TE', 'OP', 'BE', 'IR']",,1.0,1.0,,,,,,,,,,,,,,,,,1.0,1.0,,,,,,,,,,,,,,,,,,,,,,,,,,,,,,,,,,,,,,,,,,,,,,,,,,,,,,,,,,,,,,,,,,,,,,,,,,,,,,,,,,,,,,,,,,,,,,,,,,,,,,,,,,,,,,,,,,,,,,,,,,,,,,,,,,,,,,,,,,,,,,,,,,,,,,,,,,,,,,,,,,,,,,,,,,,,,,,,,,,,,,,,,,,,,,,,,,,,,,,,,,,,,,,,,,,,,,,,,,,,,2021,,,,,,,,,,,,,,,,,,,,,,,,,,,,,,,,,,,,,
86.0,6.14,78.27,5.22,119.0,35.78571429,6.0,94.0,44.0,18.0,15.0,4.0,1.0,19.0,5.0,1.0,,1.0,,4.21008403,10.0,5.35714286,,12.0,6.0,1.0,1.0,,,13.0,71.0,7.5,,,,,,,1.0,7.0,7.0,36.0,3.0,,14.0,111.4367379,30.88017683,3.66070935,0.098155474,93.0,46.0,23.0,18.0,9.0,22.0,11.0,0.216795638,0.151756946,0.56276408,0.019204979,4.189243362,5.361195526,0.463842072,0.023581807,0.042432215,0.027729453,16.0,8.0,4.0,3.0,1.0,11.73448417,2.0,1.0,0.0371026,0.001147503,14.53593769,6.906878955,0.121737281,0.003477018,0.714946346,0.075285106,0.790231452,0.328875319,0.042159659,0.371034979,0.371034979,15.11764706,Latavius Murray,BAL,FA,39,15920,,FA,,{},"['RB', 'RB/WR', 'RB/WR/TE', 'OP', 'BE', 'IR']",,,,,,,,,,,,,,,,,,,,,,,,,,,,,,,,,,,,,,,,,,,,,,,,,,,,,,,,,,,,,,,,,,,,,,,,,,,1.0,2.0,,,,,,,,,,,,,,,,,,,,,,,,,,,,,,,,,,,,,,,,,,,,,,,,,,,,,,,,,,,,,,,,,,,,,,,,,,,,,,,,,,,,,,,,,,,,,,,,,,,,,,,,,,,,,,,,,,,,,,,,,,,,,,,,,,,,,,,,,,,,,,,,,,,,,,,,,,,,,,,,,,,,,,2021,,,,,,,,,,,,,,,,,,,,,,,,,,,,,,,,,,,,,
206.0,12.88,41.56,2.6,60.0,19.5625,1.0,58.0,26.0,10.0,6.0,1.0,,6.0,1.0,,,,,5.21666667,1.0,-0.125,,,,,,,,1.0,2.0,-2.0,3.0,7.0,,2.0,17.0,1.0,1.0,7.0,9.0,128.0,2.0,,16.0,7.981471361,2.344243038,0.38800313,0.013295973,7.0,3.0,1.0,1.0,,1.0,,0.014991226,0.010493858,0.020014901,0.000683032,4.716647289,,,,,,,,,,,,,,,,,,0.250208139,0.004195883,0.070399357,,0.953609728,0.032383704,,0.456324682,2.641553293,16.05882353,Taylor Heinicke,WSH,FA,21,2565969,,FA,,{},"['QB', 'OP', 'BE', 'IR']",,,,,,,,,,,,,,,,,,,,,,494.0,321.0,173.0,213.6875,20.0,679.0,336.0,165.0,126.0,60.0,27.0,57.0,25.0,29.0,10.0,3.0,1.0,1.0,,15.0,0.64979757,38.0,5.0,6.0,6.0,2.0,3.0,93.83820162,60.39896315,33.43923848,41.16847156,3.746561612,132.0,66.0,33.0,26.0,13.0,6.0,12.0,6.0,0.470491891,0.307466451,0.63469308,0.085730393,0.236912166,2.185228611,0.64365005,6.295074852,0.883210371,0.423940978,,,,,,,,,,,,,,,,,,,,,,,,,,,,,,,,,,,,,,,,,,,,,,,,,,,,,,,,,,,,,,,,,,,,,,,,,,,,,,,,,,,,,,,,,,,,,,,,,,,,,,,,,,,,,,,,,,,,,,,,,,,,,,,2.0,,,,,1.0,,,,,,,,,,,,,,,,,,,,,,,,,,,,,,,,,,,,,,,2021,,,,,,,,,,,,,,,,,,,,,,,,,,,,,,,,,,,,,
28.0,3.5,98.11,6.13,,,,,,,,,,,,,,,,,18.0,25.5,2.0,37.0,16.0,7.0,5.0,2.0,,29.0,110.0,11.33333333,,,,,,,,7.0,1.0,12.0,,,8.0,,,,,,,,,,,,,,,,,38.97683583,6.025316375,0.250378513,0.229445793,0.149942826,125.0,62.0,31.0,25.0,12.0,54.40494902,10.0,5.0,0.706982918,0.021865451,74.33538269,11.50487483,0.250378513,0.002202622,,0.500595917,0.500595917,,0.280333713,0.280333713,0.280333713,16.05882353,Robert Tonyan,GB,FA,47,2975674,,FA,,{},"['WR/TE', 'TE', 'RB/WR/TE', 'OP', 'BE', 'IR']",,,,,,,,,,,,,,,,,,,,,2.0,,,,,,,,,,,,,,,,,,,,,,,,,,,,,,,,,,,,,,,,,,,,,,,,,,,,,,,,,,,,,,,,,,,,,,,,,,,,,,,,,,,,,,,,,,,,,,,,,,,,,,,,,,,,,,,,,,,,,,,,,,,,,,,,,,,,,,,,,,,,,,,,,,,,,,,,,,,,,,,,,,,,,,,,,,,,,,,,,,,,,,,,,,,,,,,,,,,,,,,,,,,,,,,,,,,,,,,,,,,,,2021,,,,,,,,,,,,,,,,,,,,,,,,,,,,,,,,,,,,,
46.0,2.88,42.24,2.82,55.0,15.375,1.0,45.0,21.0,8.0,6.0,2.0,,7.0,2.0,1.0,,,,4.47272727,27.0,12.25,1.0,34.0,13.0,3.0,,,,31.0,198.0,7.25925926,,,,,,6.0,6.0,9.0,7.0,12.0,,,16.0,54.33759397,14.72014193,1.328275809,0.039866486,44.0,22.0,11.0,8.0,4.0,10.0,5.0,0.102605551,0.071823886,0.127001679,0.00433408,4.095394994,6.759393005,0.425509394,0.016546642,0.043680854,0.028545438,20.0,10.0,5.0,4.0,2.0,14.41650798,2.0,1.0,0.04404916,0.001362345,18.18341171,7.088132431,0.056413128,0.001873063,0.336435297,0.089260893,0.425696189,0.154760236,0.0499861,0.204746336,0.204746336,15.11764706,Samaje Perine,CIN,FA,65,3116389,,FA,,{},"['RB', 'RB/WR', 'RB/WR/TE', 'OP', 'BE', 'IR']",,,,,,,,,,,,,,,,,,,,1.0,,,,,,,,,,,,,,,,,,,,,,,,,,,,,,,,,,,,,,,,,,,,,,,,,,,,,,,,,,,,,,,,,,,,,,,,,,,,,,,,,,,,,,,,,,,,,,,,,,,,,,,,,,,,,,,,,,,,,,,,,,,,,,,,,,,,,,,,,,,,,,,,,,,,,,,,,,,,,,,,,,,,,,,,,,,,,,,,,,,,,,,,,,,,,,,,,,,,,,,,,,,,,,,,,,,,,,,,,,,,,,2021,,,,,,,,,,,,,,,,,,,,,,,,,,,,,,,,,,,,,
109.0,8.38,128.59,7.56,,,,,,,,,,,,,,,,,,,,,,,,,,,,,,,,,,,,9.0,4.0,99.0,,,13.0,,,,,,,,,,,,,,,,,,,,,,,,,,,,,,,,,,,,,,,,,,,17.0,Robbie Gould,SF,FA,21,9354,,FA,,{},"['K', 'BE', 'IR']",,,,,,,,,,,,,,,,,,,,,,,,,,,,,,,,,,,,,,,,,,,,,,,,,,,,,,,,,,,,,,,,,,,,,,,,,,,,,,,3.0,4.0,7.0,9.0,2.0,10.0,10.0,,20.0,23.0,3.0,39.0,40.0,1.0,3.0,4.0,3.133378303,4.935644433,1.80226613,7.693603517,10.22613912,2.532535602,15.99706326,17.09733039,1.100267129,26.82404508,32.25911394,5.435068862,39.58774942,42.3015257,2.713776277,3.133378303,4.935644433,1.80226613,,,,,,,,,,,,,,,,,,,,,,,,,,,,,,,,,,,,,,,,,,,,,,,,,,,,,,,,,,,,,,,,,,,,,,,,,,,,,,,,,,,,,,,1.0,1.0,,,,,,,,,2.0,90.0,1.0,,45.0,,,,,,,,1.0,1.0,,,,,,,,,,,,,,,,,,,,2021,,,,,,,,,,,,,,,,,,,,,,,,,,,,,,,,,,,,,
56.0,8.0,117.8,7.85,3.0,2.28571429,,2.0,,,,,,,,,,,,5.33333333,24.0,67.0,2.0,91.0,44.0,20.0,15.0,6.0,1.0,36.0,109.0,19.54166667,,,,,,,,5.0,2.0,12.0,,,7.0,13.09201623,4.869223248,0.314845769,0.008148421,14.0,7.0,3.0,2.0,1.0,2.0,1.0,0.024180836,0.016926585,0.013477915,0.00045995,5.622602143,53.96153205,4.650027315,0.193682941,0.308725905,0.201752379,163.0,81.0,40.0,32.0,16.0,53.54918462,10.0,5.0,1.467215655,0.045377804,89.71466965,15.23405822,0.201831361,0.003115448,0.139101397,0.568954871,0.708056268,0.063986643,0.318614728,0.38260137,0.38260137,15.11764706,Henry Ruggs III,None,FA,71,4241475,,FA,,{},"['RB/WR', 'WR', 'WR/TE', 'RB/WR/TE', 'OP', 'BE', 'IR']",,2.0,1.0,1.0,1.0,,,70.0,6.0,1.0,0.058789333,,181.3610667,,18.0,7.0,,,,,,,,,,,,,,,,,,,,,,,,,,,,,,,,,,,,,,,,,,,,,,,,,,,,,,,,,,,,,,,,,,,,,,,,,,,,,,,,,,,,,,,,,,,,,,,,,,,,,,,,,,,,,,,,,,,,,,,,,,,,,,,,,,,,,,,,,,,,,,,,,,,,,,,,,,,,,,,,,,,,,,,,,,,,,,,,,,,,,,,,,,,,,,,,,,,,,,,,,,,,,,,,,,,,,,,,,,,,,,,,,,2021,,,,,,,,,,,,,,,,,,,,,,,,,,,,,,,,,,,,,
46.0,4.6,60.24,6.02,,,,,,,,,,,,,,,,,23.0,33.1,3.0,63.0,28.0,12.0,9.0,2.0,,37.0,71.0,14.39130435,,,,,,,,6.0,4.0,18.0,,,10.0,,,,,,,,,,,,,,,,,42.02249078,2.694419926,0.15929285,0.150542502,0.098379525,88.0,44.0,22.0,17.0,8.0,31.06570238,6.0,3.0,0.509672169,0.015763057,53.84192967,14.32267697,0.15929285,0.00097097,,0.220675095,0.220675095,,0.123578053,0.123578053,0.123578053,10.58823529,T.Y. Hilton,IND,FA,87,14924,,FA,,{},"['RB/WR', 'WR', 'WR/TE', 'RB/WR/TE', 'OP', 'BE', 'IR']",,1.0,,,,,,,,,,,,,,,,,,2.0,,,,,,,,,,,,,,,,,,,,,,,,,,,,,,,,,,,,,,,,,,,,,,,,,,,,,,,,,,,,,,,,,,,,,,,,,,,,,,,,,,,,,,,,,,,,,,,,,,,,,,,,,,,,,,,,,,,,,,,,,,,,,,,,,,,,,,,,,,,,,,,,,,,,,,,,,,,,,,,,,,,,,,,,,,,,,,,,,,,,,,,,,,,,,,,,,,,,,,,,,,,,,,,,,,,,,,,,,,,,,,2021,,,,,,,,,,,,,,,,,,,,,,,,,,,,,,,,,,,,,
70.0,5.38,54.68,3.42,,,,,,,,,,,,,,,,,34.0,45.92307692,3.0,115.0,54.0,23.0,18.0,6.0,2.0,58.0,146.0,17.55882353,,2.0,,1.0,1.0,2.0,2.0,5.0,8.0,18.0,,,13.0,,,,,,,,,,,,,,,,,24.33901804,2.458784703,0.11978932,0.295980235,0.193423084,78.0,39.0,19.0,15.0,7.0,26.59338533,5.0,2.0,0.210892223,0.00652244,43.48846999,14.69748927,0.11978932,0.001243229,,0.282552129,0.282552129,,0.158229192,0.158229192,0.158229192,16.05882353,Donovan Peoples-Jones,CLE,FA,59,4258195,,FA,,{},"['RB/WR', 'WR', 'WR/TE', 'RB/WR/TE', 'OP', 'BE', 'IR']",,2.0,2.0,1.0,1.0,1.0,1.0,,,,,0.166152,,115.4210526,,,11.0,4.0,,,,,,,,,,,,,,,,,,,,,,,,,,,,,,,,,,,,,,,,,,,,,,,,,,,,,,,,1.0,,,,,,,,,,,,,,,,,,,,,,,,,,,,,,,,,,,,,,,,,,,,,,,,,,,,,,,,,,95.0,8.0,2.0,,,,,,,,,,,,,,,,,,,,,,,,,,,,,,,,,,,,,,,,,,,,,,,,,,,,,,,,,,,,,,,,,,,,,,,,,,,,,,,,,,,,,,,,,,,,,,,,,,,,,,,,,,,,2021,,,,,,,,,,,,,,,,,,,,,,,,,,,,,,,,,,,,,
217.0,14.47,76.97,4.81,38.0,3.4,3.0,5.0,2.0,1.0,,,,3.0,1.0,,,,,1.34210526,,,,,,,,,,,,,3.0,8.0,1.0,3.0,15.0,,,9.0,6.0,138.0,3.0,,15.0,9.154823443,1.195371335,0.335756245,0.009927875,3.0,1.0,,,,1.0,,0.017039505,0.011927653,0.002726359,9.30402e-05,2.096846263,,,,,,,,,,,,,,,,,,0.45233661,0.011998303,0.12837491,,2.726887043,0.059052459,,1.306338283,6.225353993,16.05882353,Jimmy Garoppolo,SF,FA,17,16760,,FA,,{},"['QB', 'OP', 'BE', 'IR']",,,,,,,,,,,,,,,,,,,,,,441.0,301.0,140.0,254.0,20.0,757.0,374.0,183.0,145.0,68.0,30.0,55.0,22.0,21.0,6.0,3.0,1.0,5.0,1.0,12.0,0.68253968,29.0,4.0,8.0,7.0,2.0,,172.1107705,116.7906618,55.32010867,85.00129508,7.858316165,273.0,136.0,68.0,54.0,27.0,13.0,23.0,11.0,1.049634101,0.685935885,1.196916809,0.161672077,0.442408735,4.919015711,0.678578461,13.19740073,2.598512133,1.247285824,,,,,,,,,,,,,,,,,,,,,,,,,,,,,,,,,,,,,,,,,,,,,,,,,,,,,,,,,,,,,,,,,,,,,,,,,,,,,,,,,,,,,,,,,,,,,,,,,,,,,,,,,,,,,,,,,,,,,,,,,,,,,,,2.0,,,,,,,,,,,,,,,,,,,,,,,,,,,,,,,,,,,,,,,,,,,,2021,,,,,,,,,,,,,,,,,,,,,,,,,,,,,,,,,,,,,
93.0,5.47,71.79,4.22,,,,,,,,,,,,,,,,,,,,,,,,,,,,,,,,,,720.0,1130.0,10.0,7.0,,,,17.0,,,,,,,,,,,,,,,,,,,,,,,,,,,,,,,,,,,,,,,,,,,17.0,Bengals D/ST,CIN,FA,15,-16004,,FA,,{},"['D/ST', 'BE', 'IR']",,,,,,,,662.0,61.0,19.0,0.556988667,0.23736,839.56,211.56,83.0,33.0,21.0,8.0,,,,,,,,,,,,,,,,,,,,,,,,,,,,,,,,,,,,,,,,,,,,,,,,,,,,,,,,,410.0,,,17.0,,,,,,,,,,,,,,,,,,,,,,,,,,,,,,,,,,,8.0,0.0,0.0,5.0,2.0,2.0,13.0,,,42.0,84.0,,,1.0,2.0,371.0,219.0,54.0,63.0,261.0,20.0,3.0,358.0,3.0,3.0,2.0,2.0,5964.0,0.0,0.0,4.0,4.0,5.0,2.0,1.0,1.0,0.0,0.0,0.0,5.0,2.0,3.0,3.0,2.0,2.0,0.067076216,0.29717311,1.494356208,1.969833183,0.063943802,1.571177684,13.1224644,9.017449435,1.11604446,0.566037545,36.88662612,73.77325223,1.02626418,0.544913504,2.429470152,13.87299913,1051.207006,350.0,210.0,79.55940618,414.3569518,2.462291479,4.389671362,3.829287783,2.199081011,0.291229647,24.37393834,6198.364632,0.322806316,3.058165101,3.414951029,4.128522886,3.262042774,1.868878673,0.730561663,0.214071557,364.6096842,-414.3569518,,,,,,,,,1.0,,,,,,,,,,,,,,,,,,,,,,,,,,,,,,,,,,,,,,2021,,,,,,,,,,,,,,,,,,,,,,,,,,,,,,,,,,,,,
94.0,5.88,49.85,3.12,,,,,,,,,,,,,,,,,53.0,45.875,5.0,139.0,64.0,28.0,20.0,5.0,3.0,85.0,202.0,13.8490566,,,,,,,,7.0,9.0,30.0,,,16.0,,,,,,,,,,,,,,,,,22.53377662,2.334187753,0.11780513,0.231764188,0.151457897,72.0,36.0,18.0,14.0,7.0,27.96193272,5.0,2.0,0.178510403,0.00552094,42.88765253,12.94137805,0.11780513,0.001574939,,0.357940627,0.357940627,,0.200446751,0.200446751,0.200446751,16.05882353,Tim Patrick,DEN,FA,42,3134353,,FA,,{},"['RB/WR', 'WR', 'WR/TE', 'RB/WR/TE', 'OP', 'BE', 'IR']",,1.0,,,,,,,,,,,,,,,,,,1.0,2.0,,,,,,,,,,,,,,,,,,,,,,,,,,,,,,,,,,,,,,,,,,,,,,,,,,,,,1.0,,,,,,,,,,,,,,,,,,,,,,,,,,,,,,,,,,,,,,,,,,,,,,,,,,,,,,,,,,,,,,,,,,,,,,,,,,,,,,,,,,,,,,,,,,,,,,,,,,,,,,,,,,,,,,,,,,,,,,,,,,,,,,,,,,,,,,,,,,,,,,,,,,,,,,,,,,,,,,,,,,,,,,,,2021,,,,,,,,,,,,,,,,,,,,,,,,,,,,,,,,,,,,,
79.0,4.94,33.94,2.26,68.0,18.1875,5.0,53.0,24.0,9.0,8.0,2.0,,9.0,3.0,,,,,4.27941176,33.0,15.8125,1.0,45.0,19.0,7.0,6.0,1.0,2.0,50.0,226.0,7.66666667,1.0,2.0,1.0,1.0,1.0,,,8.0,8.0,38.0,4.0,,16.0,46.71849335,13.1288315,1.283411945,0.037974933,39.0,19.0,9.0,7.0,3.0,9.0,4.0,0.087859872,0.06150191,0.100949464,0.003445018,4.248361338,4.19750261,0.258381892,0.015037808,0.052227655,0.034130772,12.0,6.0,3.0,2.0,1.0,7.930662999,1.0,,0.030775555,0.000951821,10.72874009,8.001394461,0.053012741,0.001972214,0.383183477,0.065047025,0.448230502,0.176264399,0.036426334,0.212690734,0.212690734,15.11764706,Kenneth Gainwell,PHI,FA,47,4371733,,FA,,{},"['Rookie', 'RB', 'RB/WR', 'RB/WR/TE', 'OP', 'BE', 'IR']",,,,,,,,137.0,13.0,3.0,,,,,,,,,,,,,,,,,,,,,,,,,,,,,,,,,,,,,,,,,,,,,,,,,,,,,,,,,,,,,,,,1.0,,1.0,,,,,,,,,,,,,,,,,,,,,,,,,,,,,,,,,,,,,,,,,,,,,,,,,,,,,,,,,,,,,,,,,,,,,,,,,,,,,,,,,,,,,,,,,,,,,,,,,,,,,,,,,,,,,,,,,,,,,,,,,,,,,,,1.0,,,,,,,,,,,,,,,,,,,,,,,,,,,,,,,,,,,,,,,2021,,,,,,,,,,,,,,,,,,,,,,,,,,,,,,,,,,,,,
74.0,4.62,64.07,4.27,61.0,14.875,2.0,45.0,19.0,6.0,4.0,1.0,,6.0,1.0,,,,,3.90163934,34.0,23.25,2.0,71.0,33.0,14.0,8.0,2.0,3.0,55.0,334.0,10.94117647,1.0,2.0,1.0,1.0,1.0,2.0,3.0,4.0,12.0,24.0,2.0,,16.0,88.68516202,25.76094212,2.687557465,0.087825626,77.0,38.0,19.0,15.0,7.0,17.0,8.0,0.170531864,0.119372305,0.393315473,0.013422348,4.391318931,5.942126492,0.380263821,0.020877079,0.038964954,0.025463598,17.0,8.0,4.0,3.0,1.0,12.432902,2.0,1.0,0.040089536,0.001239883,16.61013824,7.225261735,0.108702705,0.002674772,0.533158419,0.074744255,0.607902674,0.245252873,0.041856783,0.287109655,0.287109655,15.11764706,Ty Johnson,NYJ,FA,51,3915411,,FA,,{},"['RB', 'RB/WR', 'RB/WR/TE', 'OP', 'BE', 'IR']",,,,,,,,57.0,5.0,2.0,,,,,,,,,,,1.0,,,,,,,,,,,,,,,,,,,,,,,,,,,,,,,,,,,,,,,,,,,,,,,,,,,,,1.0,1.0,,,,,,,,,,,,,,,,,,,,,,,,,,,,,,,,,,,,,,,,,,,,,,,,,,,,,,,,,,,,,,,,,,,,,,,,,,,,,,,,,,,,,,,,,,,,,,,,,,,,,,,,,,,,,,,,,,,,,,,,,,,,,,,,,,,,,,,,,,,,,,,,,,,,,,,,,,,,,,,,,,,,,,,2021,,,,,,,,,,,,,,,,,,,,,,,,,,,,,,,,,,,,,
2.0,2.0,133.4,10.26,2.0,20.0,,4.0,2.0,1.0,,,,,,,,,,10.0,,,,,,,,,,,,,,,,,,,,1.0,,,,,1.0,159.2626102,59.37052129,5.215397247,0.153885925,157.0,78.0,39.0,31.0,15.0,31.0,15.0,0.317658768,0.222361138,1.612967399,0.055044389,4.933903258,14.57692115,1.030712337,0.059822993,0.060635294,0.039625164,38.0,19.0,9.0,7.0,3.0,23.28759014,4.0,2.0,0.072415532,0.002239656,31.39432815,8.284663105,0.213708918,0.007209876,1.429573939,0.209034198,1.638608137,0.657604012,0.117059151,0.774663163,0.774663163,13.23529412,Raheem Mostert,SF,FA,137,2576414,,FA,,{},"['RB', 'RB/WR', 'RB/WR/TE', 'OP', 'BE', 'IR']",,,,,,,,,,,,,,,,,,,,,,,,,,,,,,,,,,,,,,,,,,,,,,,,,,,,,,,,,,,,,,,,,,,,,,,,,,,,,,,,,,,,,,,,,,,,,,,,,,,,,,,,,,,,,,,,,,,,,,,,,,,,,,,,,,,,,,,,,,,,,,,,,,,,,,,,,,,,,,,,,,,,,,,,,,,,,,,,,,,,,,,,,,,,,,,,,,,,,,,,,,,,,,,,,,,,,,,,,,,,,,,,,,,,,,,,,,,,,,,,,,2021,,,,,,,,,,,,,,,,,,,,,,,,,,,,,,,,,,,,,
63.0,4.2,30.96,2.06,1.0,0.06666667,,,,,,,,,,,,,,1.0,36.0,31.66666667,4.0,89.0,39.0,15.0,12.0,3.0,1.0,53.0,247.0,13.19444444,,,,,,2.0,2.0,6.0,9.0,24.0,,,15.0,,,,,,,,,,,,,,,,,13.02869571,1.986785531,0.096794033,0.123402312,0.080643411,39.0,19.0,9.0,7.0,3.0,17.28046178,3.0,1.0,0.073509625,0.002273494,27.18029374,11.39803009,0.096794033,0.00061216,,0.139127279,0.139127279,,0.077911276,0.077911276,0.077911276,15.11764706,David Njoku,CLE,FA,21,3123076,,FA,,{},"['WR/TE', 'TE', 'RB/WR/TE', 'OP', 'BE', 'IR']",,1.0,1.0,1.0,1.0,,,,,,,,,,,,,,,1.0,1.0,,,,,,,,,,,,,,,,,,,,,,,,,,,,,,,,,,,,,,,,,,,,,,,,,,,,,1.0,,,,,,,,,,,,,,,,,,,,,,,,,,,,,,,,,,,,,,,,,,,,,,,,,,,,,,,,,,,,,,,,,,,,,,,,,,,,,,,,,,,,,,,,,,,,,,,,,,,,,,,,,,,,,,,,,,,,,,,,,,,,,,,,,,,,,,,,,,,,,,,,,,,,,,,,,,,,,,,,,,,,,,,,2021,,,,,,,,,,,,,,,,,,,,,,,,,,,,,,,,,,,,,
193.0,13.79,204.72,12.8,30.0,7.57142857,2.0,17.0,7.0,1.0,,,,,,,,,,3.53333333,,,,,,,,,,,,,1.0,1.0,1.0,1.0,8.0,,,7.0,7.0,120.0,1.0,,14.0,53.44412917,12.27504439,2.054339271,0.07653493,39.0,19.0,9.0,7.0,3.0,10.0,5.0,0.101676451,0.071173516,0.127611636,0.004354896,3.688389627,,,,,,,,,,,,,,,,,,0.999563515,0.024344457,0.601401693,,5.532831114,0.276644779,,2.643730901,11.58006303,16.05882353,Teddy Bridgewater,DEN,FA,22,16728,,FA,,{},"['QB', 'OP', 'BE', 'IR']",,,,,,,,,,,,,,,,,,,,,,426.0,285.0,141.0,218.0,18.0,603.0,296.0,145.0,116.0,53.0,23.0,50.0,21.0,21.0,6.0,1.0,,2.0,1.0,7.0,0.66901408,31.0,,8.0,7.0,1.0,1.0,409.8473149,262.8224428,147.0248721,189.0567429,18.3527072,607.0,303.0,151.0,121.0,60.0,30.0,52.0,26.0,2.365358883,1.54576203,2.207457144,0.29816958,0.923028585,8.936332127,0.641269159,28.38881559,4.931429421,2.367086122,,,,,1.0,,,,,,,,,,,,,,,,,,,,,,,,,,,,,,,,,,,,,,,,,,,,,,,,,,,,,,,,,,,,,,,,,,,,,,,,,,,,,,,,,,,,,,,,,,,,,,,,,,,,,,,,,,,,,,,,,,,,,,,,,,,,,,,,,,,,,,,,,,,,,,,,,,,,,,,,,,,,,,,,,,,,,,2021,,,,,,,,,,,,,,,,,,,,,,,,,,,,,,,,,,,,,
154.0,14.0,258.6,16.16,62.0,27.09090909,2.0,55.0,24.0,9.0,8.0,1.0,,6.0,,,,,,4.80645161,1.0,1.45454545,,3.0,1.0,,,,,1.0,3.0,16.0,2.0,7.0,1.0,3.0,10.0,,,4.0,7.0,76.0,2.0,,11.0,67.21320192,24.08515864,2.233324815,0.073026692,77.0,38.0,19.0,15.0,7.0,13.0,6.0,0.127772498,0.089440749,0.384025466,0.013105316,5.754514013,,,,,,,,,,,,,,,,,,1.221031878,0.054991039,1.247437738,,12.49796346,0.573821359,,5.974073707,18.67324903,16.05882353,Daniel Jones,NYG,FA,27,3917792,,FA,,{},"['QB', 'OP', 'BE', 'IR']",,,,,,,,,,,,,,,,,,,,,,361.0,232.0,129.0,220.72727273,10.0,481.0,238.0,118.0,91.0,44.0,20.0,41.0,18.0,24.0,10.0,2.0,2.0,,1.0,7.0,0.64265928,22.0,5.0,5.0,,,3.0,561.2832825,354.3694344,206.9138481,246.5182673,20.94306678,791.0,395.0,197.0,158.0,79.0,39.0,70.0,35.0,3.140940713,2.052604756,2.931858272,0.396017179,1.148005187,12.69917532,0.631355762,44.90637669,11.25052572,5.400252348,,,,,,,,,,,,,,,,,,,,,,,,,,,,,,,,,,,,,,,,,,,,,,,,,,,,,,,,,,,,,,,,,,,,,,,,,,,,,,,,,,,,,,,,,,,,,,,,,,,,,,,,,,,,,,,,,,,,,,,,,,,,,,,2.0,,,,,2.0,,1.0,,,,,,,,,,,,,,,,,,,,,,,,,,,,,,,,,,,,,2021,,,,,,,,,,,,,,,,,,,,,,,,,,,,,,,,,,,,,
1.0,1.0,0.0,0.0,5.0,3.0,,,,,,,,1.0,,,,,,0.6,3.0,10.0,,2.0,1.0,,,,,3.0,4.0,3.33333333,,,,,,,,,1.0,,,,1.0,,,,,,,,,,,,,,,,,,,,,,,,,,,,,,,,,,,,,,,,,,,,Cam Akers,LAR,FA,141,4240021,,FA,,{},"['RB', 'RB/WR', 'RB/WR/TE', 'OP', 'BE', 'IR']",,,,,,,,,,,,,,,,,,,,,,,,,,,,,,,,,,,,,,,,,,,,,,,,,,,,,,,,,,,,,,,,,,,,,,,,,,,,,,,,,,,,,,,,,,,,,,,,,,,,,,,,,,,,,,,,,,,,,,,,,,,,,,,,,,,,,,,,,,,,,,,,,,,,,,,,,,,,,,,,,,,,,,,,,,,,,,,,,,,,,,,,,,,,,,,,,,,,,,,,,,,,,,,,,,,,,,,,,,,,,,,,,,,,,,,,,,,,,,,,,,2021,,,,,,,,,,,,,,,,,,,,,,,,,,,,,,,,,,,,,
24.0,4.8,0.0,0.0,55.0,46.0,,43.0,21.0,10.0,8.0,3.0,1.0,9.0,4.0,,,1.0,,4.18181818,7.0,10.4,,9.0,3.0,1.0,,,,8.0,55.0,7.42857143,,,,,,1.0,1.0,2.0,3.0,,,,5.0,,,,,,,,,,,,,,,,,,,,,,,,,,,,,,,,,,,,,,,,,,,,Craig Reynolds,DET,FA,89,4421446,,FA,,{},"['RB', 'RB/WR', 'RB/WR/TE', 'OP', 'BE', 'IR']",,,,,,,,,,,,,,,,,,,,,,,,,,,,,,,,,,,,,,,,,,,,,,,,,,,,,,,,,,,,,,,,,,,,,,,,,,,,,,,,,,,,,,,,,,,,,,,,,,,,,,,,,,,,,,,,,,,,,,,,,,,,,,,,,,,,,,,,,,,,,,,,,,,,,,,,,,,,,,,,,,,,,,,,,,,,,,,,,,,,,,,,,,,,,,,,,,,,,,,,,,,,,,,,,,,,,,,,,,,,,,,,,,,,,,,,,,,,,,,,,,2021,,,,,,,,,,,,,,,,,,,,,,,,,,,,,,,,,,,,,
22.0,3.67,103.61,6.91,41.0,27.83333333,1.0,31.0,14.0,6.0,5.0,1.0,,7.0,3.0,,,,,4.07317073,3.0,4.33333333,,4.0,2.0,1.0,,,,4.0,18.0,8.66666667,,,,,,1.0,2.0,3.0,3.0,6.0,1.0,,6.0,134.0485652,39.09003907,4.293084906,0.126630559,118.0,59.0,29.0,23.0,11.0,26.0,13.0,0.263805428,0.1846638,0.901103869,0.030751218,4.408472505,9.93209059,0.776323536,0.045067751,0.048607567,0.031765045,30.0,15.0,7.0,6.0,3.0,18.82617175,3.0,1.0,0.058455578,0.001807904,25.90530276,7.975590688,0.17169831,0.005517043,1.099461726,0.154411614,1.253873339,0.505752394,0.086470504,0.592222898,0.592222898,15.11764706,Trey Sermon,SF,FA,90,4241401,,FA,,{},"['Rookie', 'RB', 'RB/WR', 'RB/WR/TE', 'OP', 'BE', 'IR']",,,,,,,,,,,,,,,,,,,,,,,,,,,,,,,,,,,,,,,,,,,,,,,,,,,,,,,,,,,,,,,,,,,,,,,,,,,1.0,,,,,,,,,,,,,,,,,,,,,,,,,,,,,,,,,,,,,,,,,,,,,,,,,,,,,,,,,,,,,,,,,,,,,,,,,,,,,,,,,,,,,,,,,,,,,,,,,,,,,,,,,,,,,,,,,,,,,,,,,,,,,,,,,,,,,,,,,,,,,,,,,,,,,,,,,,,,,,,,,,,,,,,2021,,,,,,,,,,,,,,,,,,,,,,,,,,,,,,,,,,,,,
125.0,7.81,0.0,0.0,,,,,,,,,,,,,,,,,,,,,,,,,,,,,,,,,,,,12.0,4.0,120.0,,,16.0,,,,,,,,,,,,,,,,,,,,,,,,,,,,,,,,,,,,,,,,,,,,Randy Bullock,TEN,FA,15,15091,,FA,,{},"['K', 'BE', 'IR']",,,,,,,,,,,,,,,,,,,,,,,,,,,,,,,,,,,,,,,,,,,,,,,,,,,,,,,,,,,,,,,,,,,,,,,,,,,,,,,1.0,1.0,8.0,13.0,5.0,17.0,17.0,,26.0,31.0,5.0,42.0,45.0,3.0,1.0,1.0,,,,,,,,,,,,,,,,,,,,,,,,,,,,,,,,,,,,,,,,,,,,,,,,,,,,,,,,,,,,,,,,,,,,,,,,,,,,,,,,,,,,,,,,,,,,,,,,,,,,,,,,,,,,,,,,,,,,,,,,,,,,,,,,,,,,,,,,,,,,,,,,,,,,2021,,,,,,,,,,,,,,,,,,,,,,,,,,,,,,,,,,,,,
17.0,5.67,90.47,6.03,10.0,12.66666667,1.0,7.0,3.0,1.0,,,,1.0,,,,,,3.8,12.0,31.33333333,,18.0,8.0,4.0,2.0,,2.0,14.0,70.0,7.83333333,,,,,,,,1.0,2.0,6.0,1.0,,3.0,50.87447943,14.3341037,2.319571728,0.068905202,43.0,21.0,10.0,8.0,4.0,10.0,5.0,0.095889605,0.067122723,0.120561177,0.00411429,4.259462171,28.58188082,2.163107852,0.103270565,0.051778214,0.033837063,86.0,43.0,21.0,17.0,8.0,54.50880403,10.0,5.0,0.266567953,0.00824437,73.16408302,7.926990772,0.172175768,0.003411734,0.374326667,0.401067473,0.77539414,0.172190267,0.224597785,0.396788052,0.396788052,15.11764706,James White,NE,FA,99,16913,,FA,,{},"['RB', 'RB/WR', 'RB/WR/TE', 'OP', 'BE', 'IR']",,,,,,,,,,,,,,,,,,,,,,,,,,,,,,,,,,,,,,,,,,,,,,,,,,,,,,,,,,,,,,,,,,,,,,,,,,,,,,,,,,,,,,,,,,,,,,,,,,,,,,,,,,,,,,,,,,,,,,,,,,,,,,,,,,,,,,,,,,,,,,,,,,,,,,,,,,,,,,,,,,,,,,,,,,,,,,,,,,,,,,,,,,,,,,,,,,,,,,,,,,,,,,,,,,,,,,,,,,,,,,,,,,,,,,,,,,,,,,,,,,2021,,,,,,,,,,,,,,,,,,,,,,,,,,,,,,,,,,,,,
29.0,4.83,5.89,0.42,36.0,30.0,2.0,33.0,15.0,6.0,5.0,1.0,,5.0,1.0,1.0,1.0,,,5.0,4.0,4.33333333,,4.0,2.0,,,,,8.0,14.0,6.5,,,,,,,,5.0,1.0,12.0,1.0,,6.0,7.7201588,2.30692428,0.21503178,0.008794318,6.0,3.0,1.0,1.0,,1.0,,0.014221297,0.009954908,0.002677337,9.13672e-05,4.218610475,1.189752887,0.108747375,0.004321984,0.041612677,0.027193885,3.0,1.0,,,,2.224899076,,,0.009619318,0.000297505,2.971558089,7.549336295,0.013116302,0.000358904,0.063320477,0.018248546,0.081569023,0.02912742,0.010219186,0.039346605,0.039346605,14.11764706,Ke'Shawn Vaughn,TB,FA,84,3917612,,FA,,{},"['RB', 'RB/WR', 'RB/WR/TE', 'OP', 'BE', 'IR']",,,,,,,,15.0,1.0,,,,,,,,,,,,,,,,,,,,,,,,,,,,,,,,,,,,,,,,,,,,,,,,,,,,,,,,,,,,,,,,,,,,,,,,,,,,,,,,,,,,,,,,,,,,,,,,,,,,,,,,,,,,,,,,,,,,,,,,,,,,,,,,,,,,,,,,,,,,,,,,,,,,,,,,,,,,,,,,,,,,,,,,,,,,,,,,,,,,,,,,,,,,,,,,,,,,,,,,,,,,,,,,,,,,,,,,,,,,,,,,,,,,,,,,,2021,,,,,,,,,,,,,,,,,,,,,,,,,,,,,,,,,,,,,
53.0,3.53,11.23,0.7,2.0,0.2,,,,,,,,,,,,,,1.5,47.0,36.4,1.0,106.0,49.0,23.0,14.0,5.0,6.0,70.0,170.0,11.61702128,,1.0,,1.0,1.0,3.0,4.0,8.0,7.0,6.0,,1.0,15.0,,,,,,,,,,,,,,,,,4.926712944,0.706895538,0.029443613,0.109522847,0.07157318,15.0,7.0,3.0,3.0,1.0,6.527499103,1.0,,0.036471383,0.001127981,11.21433371,12.12060124,0.029443613,0.00027989,,0.063611289,0.063611289,,0.035622322,0.035622322,0.035622322,16.05882353,Zay Jones,LV,FA,76,3059722,,FA,,{},"['RB/WR', 'WR', 'WR/TE', 'RB/WR/TE', 'OP', 'BE', 'IR']",,,,1.0,1.0,1.0,1.0,,,,,,,,,,,,,,,,,,,,,,,,,,,,,,,,,,,,,,,,,,,,,,,,,,,,,,,,,,,,,,,,,,,,1.0,,,,,,,,,,,,,,,,,,,,,,,,,,,,,,,,,,,,,,,,,,,,,,,,,,,,,,,,,,,,,,,,,,,,,,,,,,,,,,,,,,,,,,,,,,,,,,,,,,,,,,,,,,,,,,,,,,,,,,,,,,,,,,,,,,,,,,,,,,,,,,,,,,,,,,,,,,,,,,,,,,,,,,,2021,,,,,,,,,,,,,,,,,,,,,,,,,,,,,,,,,,,,,
26.0,1.53,68.28,4.02,,,,,,,,,,,,,,,,,,,,,,,,,,,,,,,,,,727.0,1152.0,3.0,14.0,,,,17.0,,,,,,,,,,,,,,,,,,,,,,,,,,,,,,,,,,,,,,,,,,,17.0,Jaguars D/ST,JAX,FA,31,-16030,,FA,,{},"['D/ST', 'BE', 'IR']",,,,,,,,799.0,74.0,25.0,0.2958845,0.584530378,778.121875,298.7918919,77.0,31.0,29.0,11.0,,,,,,,,,,,,,,,,,,,,,,,,,,,,,,,,,,,,,,,,,,,,,,,,,,,,,,,,,425.0,,,9.0,,,,,,,,,,,,,,,,,,,,,,,,,,,,,,,,,,,2.0,0.0,1.0,1.0,0.0,,7.0,2.0,,32.0,64.0,1.0,,,1.0,381.0,225.0,55.0,50.0,159.0,12.0,3.0,445.0,3.0,5.0,4.0,2.0,6002.0,0.0,0.0,5.0,3.0,3.0,5.0,1.0,0.0,0.0,0.0,1.0,1.0,0.0,3.0,5.0,4.0,2.0,0.057730723,0.254694367,1.375349581,1.901717938,0.065486375,1.583916036,12.41746231,7.322335231,1.038608355,0.56501069,39.73621142,79.47242284,1.027218761,0.556697275,2.52981729,11.26513112,1005.92428,335.0,201.0,66.86839514,419.8726167,2.462045545,4.448661606,3.922293248,2.275269676,0.302237315,24.69838922,6255.942963,0.169745382,2.036944583,3.055416875,4.328507239,3.819271093,2.376435347,0.933599601,0.28007988,367.9966449,-419.8726167,,,,,,,,,,,1.0,1.0,,,,,,,,,,,,,,,,,,,,,,,,,,,,,,,,,,,2021,,,,,,,,,,,,,,,,,,,,,,,,,,,,,,,,,,,,,
0.0,0.0,0.0,0.0,,,,,,,,,,,,,,,,,,,,,,,,,,,,,,,,,,,,,,,,,,,,,,,,,,,,,,,,,,,,,,,,,,,,,,,,,,,,,,,,,,,,,J.K. Dobbins,BAL,FA,0,4241985,,FA,,{},"['RB', 'RB/WR', 'RB/WR/TE', 'OP', 'BE', 'IR']",,,,,,,,,,,,,,,,,,,,,,,,,,,,,,,,,,,,,,,,,,,,,,,,,,,,,,,,,,,,,,,,,,,,,,,,,,,,,,,,,,,,,,,,,,,,,,,,,,,,,,,,,,,,,,,,,,,,,,,,,,,,,,,,,,,,,,,,,,,,,,,,,,,,,,,,,,,,,,,,,,,,,,,,,,,,,,,,,,,,,,,,,,,,,,,,,,,,,,,,,,,,,,,,,,,,,,,,,,,,,,,,,,,,,,,,,,,,,,,,,,2021,,,,,,,,,,,,,,,,,,,,,,,,,,,,,,,,,,,,,
87.0,5.44,128.67,8.58,,,,,,,,,,,,,,,,,,,,,,,,,,,,,,,,,,,,8.0,8.0,81.0,,,16.0,,,,,,,,,,,,,,,,,,,,,,,,,,,,,,,,,,,,,,,,,,,15.16358025,Chase McLaughlin,CLE,FA,27,3150744,,FA,,{},"['K', 'BE', 'IR']",,,,,,,,,,,,,,,,,,,,,,,,,,,,,,,,,,,,,,,,,,,,,,,,,,,,,,,,,,,,,,,,,,,,,,,,,,,,,,,4.0,4.0,4.0,10.0,6.0,7.0,7.0,,15.0,21.0,6.0,36.0,37.0,1.0,4.0,4.0,3.012599236,4.720707385,1.708108149,7.391035989,9.780812034,2.389776045,15.35471666,16.35277722,0.998060554,25.75835189,30.85429664,5.095944749,43.07768769,45.86797865,2.79029096,3.012599236,4.720707385,1.708108149,,,,,,,,,,,,,,,,,,,,,,,,,,,,,,,,,,,,,,,,,,,,,,,,,,,,,,,,,,,,,,,,,,,,,,,,,,,,,,,,,,,,,,,,,,,,,,,,,,,,,,,,,,,,,,,,,,,,,,,,,,,,,,,,,,2021,,,,,,,,,,,,,,,,,,,,,,,,,,,,,,,,,,,,,
62.0,5.64,88.8,5.92,1.0,0.09090909,,,,,,,,,,,,,,1.0,28.0,34.09090909,5.0,73.0,34.0,14.0,10.0,3.0,1.0,39.0,153.0,13.39285714,,1.0,,1.0,1.0,,,8.0,3.0,30.0,,,11.0,4.081783768,1.493002139,0.132529441,0.004894669,4.0,2.0,1.0,,,,,0.007502273,0.005251591,0.001155085,3.94186e-05,5.529611729,39.78804446,4.387049479,0.182293873,0.19204226,0.125499617,120.0,60.0,30.0,24.0,12.0,52.26239426,10.0,5.0,0.633891619,0.019604895,74.66594824,11.50926248,0.187188541,0.002835504,0.046685124,0.597747571,0.644432695,0.021475157,0.33473864,0.356213797,0.356213797,15.11764706,Randall Cobb,GB,FA,66,14053,,FA,,{},"['RB/WR', 'WR', 'WR/TE', 'RB/WR/TE', 'OP', 'BE', 'IR']",,,,,,,,,,,,,,,,,,,,4.0,1.0,,,,,,,,,,,,,,,,,,,,,,,,,,,,,,,,,,,,,,,,,,,,,,,,,,,,,,,,,,,,,,,,,,,,,,,,,,,,,,,,,,,,,,,,,,,,,,,,,,,,,,,,,,,,,,,,,,,,,,,,,,,,,,,,,,,,,,,,,,,,,,,,,,,,,,,,,,,,,,,,,,,,,,,,,,,,,,,,,,,,,,,,,,,,,,,,,,,,,,,,,,,,,,,,,,,,,,,,,,,,,2021,,,,,,,,,,,,,,,,,,,,,,,,,,,,,,,,,,,,,
34.0,2.43,102.57,7.33,88.0,17.78571429,1.0,46.0,19.0,8.0,6.0,,,12.0,3.0,,,,,2.82954545,4.0,3.21428571,1.0,8.0,3.0,1.0,,,,5.0,53.0,11.25,,,,,,,,5.0,9.0,12.0,1.0,,14.0,147.086107,45.75379356,3.39977807,0.12119365,129.0,64.0,32.0,25.0,12.0,29.0,14.0,0.291394554,0.203976188,1.086526395,0.037078977,4.409847551,10.87161323,0.584083037,0.030804058,0.037075988,0.024229158,30.0,15.0,7.0,6.0,3.0,21.07347397,4.0,2.0,0.059620415,0.00184393,29.07464773,7.313512017,0.151997708,0.003034326,0.603197598,0.086421955,0.689619552,0.277470895,0.048396295,0.32586719,0.32586719,14.17647059,Phillip Lindsay,MIA,FA,77,3052117,,FA,,{},"['RB', 'RB/WR', 'RB/WR/TE', 'OP', 'BE', 'IR']",,,,,,,,72.0,6.0,2.0,,,,,,,,,,,1.0,,,,,,,,,,,,,,,,,,,,,,,,,,,,,,,,,,,,,,,,,,,,,,,,,,,,,,,,,,,,,,,,,,,,,,,,,,,,,,,,,,,,,,,,,,,,,,,,,,,,,,,,,,,,,,,,,,,,,,,,,,,,,,,,,,,,,,,,,,,,,,,,,,,,,,,,,,,,,,,,,,,,,,,,,,,,,,,,,,,,,,,,,,,,,,,,,,,,,,,,,,,,,,,,,,,,,,,,,,,,,2021,,,,,,,,,,,,,,,,,,,,,,,,,,,,,,,,,,,,,
57.0,3.35,63.02,3.71,,,,,,,,,,,,,,,,,,,,,,,,,,,,,,,,,,766.0,1197.0,4.0,13.0,,,,17.0,,,,,,,,,,,,,,,,,,,,,,,,,,,,,,,,,,,,,,,,,,,17.0,Texans D/ST,HOU,FA,26,-16034,,FA,,{},"['D/ST', 'BE', 'IR']",,,,,,,,1002.0,93.0,30.0,0.250195016,0.342061091,778.3291005,254.0909091,77.0,31.0,25.0,10.0,,,,,,,,,,,,,,,,,,,,,,,,,,,,,,,,,,,,,,,,,,,,,,,,,,,,,,,,,431.0,,,16.0,,,,,,,,,,,,,,,,,,,,,,,,,,,,,,,,,,,8.0,0.0,0.0,1.0,2.0,1.0,17.0,,1.0,32.0,64.0,1.0,,1.0,2.0,392.0,232.0,71.0,64.0,188.0,15.0,3.0,452.0,2.0,3.0,7.0,2.0,6535.0,0.0,0.0,3.0,0.0,6.0,5.0,3.0,0.0,0.0,0.0,0.0,1.0,2.0,2.0,3.0,7.0,2.0,0.039045337,0.169762333,1.137407629,1.76552826,0.073494911,1.607732252,11.51696299,8.584023923,1.078718548,0.571269711,39.21735968,78.43471935,1.047719891,0.560012361,2.273483269,13.20619065,1011.238652,337.0,202.0,56.16205828,441.8743603,2.461553825,4.566606751,4.108248452,2.427601358,0.324246056,25.99260943,6358.652297,0.09331803,1.527022307,2.875892011,4.428364689,4.097509856,2.62987175,1.034981786,0.313039573,374.0383704,-441.8743603,,,,,,,,,,,,,,,,,,,,,,,,,,,,,,,,,,,,,,,,,,,,,,,2021,,,,,,,,,,,,,,,,,,,,,,,,,,,,,,,,,,,,,
98.0,7.54,114.92,6.76,,,,,,,,,,,,,,,,,,,,,,,,,,,,,,,,,,,,8.0,5.0,94.0,,,13.0,,,,,,,,,,,,,,,,,,,,,,,,,,,,,,,,,,,,,,,,,,,17.0,Michael Badgley,IND,FA,23,3123052,,FA,,{},"['K', 'BE', 'IR']",,,,,,,,,,,,,,,,,,,,,,,,,,,,,,,,,,,,,,,,,,,,,,,,,,,,,,,,,,,,,,,,,,,,,,,,,,,,,,,,1.0,8.0,10.0,2.0,10.0,11.0,1.0,18.0,22.0,4.0,40.0,41.0,1.0,,1.0,2.482929891,4.157250585,1.674320694,6.156444227,8.613388468,2.456944241,12.93279974,14.4009334,1.468133663,21.57217386,27.17157245,5.599398598,44.68111514,49.74224527,5.061130121,2.482929891,4.157250585,1.674320694,,,,,,,,,,,,,,,,,,,,,,,,,,,,,,,,,,,,,,,,,,,,,,,,,,,,,,,,,,,,,,,,,,,,,,,,,,,,,,,,,,,,,,,1.0,1.0,,,,,,,,,,,,,,,,,,,,,,,,,,,,,,,,,,,,,,,,,,2021,,,,,,,,,,,,,,,,,,,,,,,,,,,,,,,,,,,,,
41.0,2.41,66.31,3.9,,,,,,,,,,,,,,,,,,,,,,,,,,,,,,,,,,715.0,1164.0,10.0,7.0,,,,17.0,,,,,,,,,,,,,,,,,,,,,,,,,,,,,,,,,,,,,,,,,,,17.0,Raiders D/ST,LV,FA,28,-16013,,FA,,{},"['D/ST', 'BE', 'IR']",,,,,,,,694.0,64.0,20.0,0.189723506,0.166152,652.3549115,279.1928571,65.0,26.0,27.0,11.0,,,,,,,,,,,,,,,,,,,,,,,,,,,,,,,,,,,,,,,,,,,,,,,,,,,,,,,,,449.0,,,13.0,,,,,,,,,,,,,,,,,,,,,,,,,,,,,,,,,,,9.0,0.0,0.0,1.0,4.0,,6.0,,1.0,35.0,70.0,,,,,382.0,227.0,51.0,73.0,309.0,23.0,7.0,421.0,2.0,4.0,4.0,2.0,5732.0,0.0,1.0,6.0,2.0,3.0,4.0,0.0,1.0,0.0,0.0,0.0,1.0,4.0,2.0,4.0,4.0,2.0,0.048387097,0.212224109,1.256366723,1.833616299,0.072095839,1.616373027,12.96616456,8.632686981,1.086898246,0.584851548,38.83953222,77.67906444,1.049312288,0.567060739,2.044344372,13.28105689,939.5158988,313.0,187.0,72.29811658,420.97219,2.46179966,4.507640068,4.015280136,2.351443124,0.313242784,24.76307,6267.209102,0.144261968,1.866919583,2.99555733,4.361803025,3.912045126,2.46093945,0.967403784,0.291069735,368.6593589,-420.97219,,,,,,,,,,,,,,,,,,,,,,,,,,,,,,,,,,,,,,,,,,,,,,,2021,,,,,,,,,,,,,,,,,,,,,,,,,,,,,,,,,,,,,
37.0,2.85,35.07,2.34,41.0,12.0,,26.0,10.0,3.0,2.0,,,4.0,,,,,,3.80487805,28.0,18.46153846,1.0,45.0,21.0,8.0,6.0,1.0,1.0,38.0,248.0,8.57142857,,,,,,1.0,1.0,10.0,3.0,6.0,,,13.0,44.68895977,12.63522813,1.49076086,0.045555467,38.0,19.0,9.0,7.0,3.0,8.0,4.0,0.084351601,0.059046121,0.111273009,0.003797321,4.274320107,3.72833548,0.38456408,0.021448843,0.044947546,0.029373222,11.0,5.0,2.0,2.0,1.0,7.608297745,1.0,,0.027103851,0.000838263,9.941099956,7.408182723,0.06700431,0.00150987,0.29322985,0.049922397,0.343152247,0.134885731,0.027956543,0.162842273,0.162842273,15.11764706,Jeremy McNichols,TEN,FA,73,3127586,,FA,,{},"['RB', 'RB/WR', 'RB/WR/TE', 'OP', 'BE', 'IR']",,,,,,,,31.0,3.0,1.0,,,,,,,,,,,,,,,,,,,,,,,,,,,,,,,,,,,,,,,,,,,,,,,,,,,,,,,,,,,,,,,,1.0,,,,,,,,,,,,,,,,,,,,,,,,,,,,,,,,,,,,,,,,,,,,,,,,,,,,,,,,,,,,,,,,,,,,,,,,,,,,,,,,,,,,,,,,,,,,,,,,,,,,,,,,,,,,,,,,,,,,,,,,,,,,,,,,,,,,,,,,,,,,,,,,,,,,,,,,,,,,,,,,,,,,,,,,2021,,,,,,,,,,,,,,,,,,,,,,,,,,,,,,,,,,,,,
52.0,4.73,55.39,4.26,,,,,,,,,,,,,,,,,32.0,34.27272727,3.0,71.0,34.0,13.0,11.0,3.0,2.0,50.0,113.0,11.78125,,1.0,,,,3.0,3.0,5.0,6.0,18.0,,,11.0,,,,,,,,,,,,,,,,,30.27163503,2.744778503,0.128305193,0.244963424,0.160083598,79.0,39.0,19.0,15.0,7.0,28.48016462,5.0,2.0,0.309621156,0.009575912,44.32199261,14.00530207,0.128305193,0.001353224,,0.307550823,0.307550823,,0.172228461,0.172228461,0.172228461,13.17647059,Tre'Quan Smith,NO,FA,81,3128451,,FA,,{},"['RB/WR', 'WR', 'WR/TE', 'RB/WR/TE', 'OP', 'BE', 'IR']",,,,,,1.0,,,,,,,,,,,,,,,,,,,,,,,,,,,,,,,,,,,,,,,,,,,,,,,,,,,,,,,,,,,,,,,,,,,,3.0,,,,,,,,,,,,,,,,,,,,,,,,,,,,,,,,,,,,,,,,,,,,,,,,,,,,,,,,,,,,,,,,,,,,,,,,,,,,,,,,,,,,,,,,,,,,,,,,,,,,,,,,,,,,,,,,,,,,,,,,,,,,,,,,,,,,,,,,,,,,,,,,,,,,,,,,,,,,,,,,,,,,,,,,2021,,,,,,,,,,,,,,,,,,,,,,,,,,,,,,,,,,,,,
42.0,2.47,0.0,0.0,51.0,9.76470588,,28.0,12.0,5.0,2.0,,,5.0,,,,,,3.25490196,38.0,17.0,1.0,55.0,24.0,9.0,7.0,1.0,1.0,53.0,294.0,7.60526316,,,,,,,,5.0,12.0,6.0,,,17.0,,,,,,,,,,,,,,,,,,,,,,,,,,,,,,,,,,,,,,,,,,,,Ameer Abdullah,CAR,FA,66,2576336,,FA,,{},"['RB', 'RB/WR', 'RB/WR/TE', 'OP', 'BE', 'IR']",,,,,,,,646.0,58.0,20.0,,,,,,,,,,,1.0,,,,,,,,,,,,,,,,,,,,,,,,,,,,,,,,,,,,,,,,,,,,,,,,,,,,,,,,,,,,,,,,,,,,,,,,,,,,,,,,,,,,,,,,,,,,,,,,,,,,,,,,,,,,,,,,,,,,,,,,,,,,,,,,,,,,,,,,,,,,,,,,,,,,,,,,,,,,,,,,,,,,,,,,,,,,,,,,,,,,,,,,,,,,,,,,,,,,,,,,,,,,,,,,,,,,,,,,,,,,,2021,,,,,,,,,,,,,,,,,,,,,,,,,,,,,,,,,,,,,
70.0,4.12,90.9,5.68,1.0,,,,,,,,,,,,,,,,34.0,33.58823529,3.0,108.0,52.0,25.0,16.0,5.0,,59.0,190.0,16.79411765,,1.0,,,,,1.0,10.0,7.0,18.0,,1.0,17.0,,,,,,,,,,,,,,,,,41.39257074,4.191096863,0.174567569,0.23444706,0.153211154,132.0,66.0,33.0,26.0,13.0,51.14017059,10.0,5.0,0.83493098,0.025822608,78.50033595,12.99792279,0.174567569,0.002390781,,0.543359331,0.543359331,,0.304281226,0.304281226,0.304281226,16.05882353,Bryan Edwards,LV,FA,59,4038818,,FA,,{},"['RB/WR', 'WR', 'WR/TE', 'RB/WR/TE', 'OP', 'BE', 'IR']",,,,,,1.0,,,,,,,,,,,,,,2.0,,,,,,,,,,,,,,,,,,,,,,,,,,,,,,,,,,,,,,,,,,,,,,,,,,,,,,,1.0,,,,,,,,,,,,,,,,,,,,,,,,,,,,,,,,,,,,,,,,,,,,,,,,,,,,,,,,,,,,,,,,,,,,,,,,,,,,,,,,,,,,,,,,,,,,,,,,,,,,,,,,,,,,,,,,,,,,,,,,,,,,,,,,,,,,,,,,,,,,,,,,,,,,,,,,,,,,,,,,,,,,,,,2021,,,,,,,,,,,,,,,,,,,,,,,,,,,,,,,,,,,,,
1.0,1.0,105.46,7.03,,,,,,,,,,,,,,,,,2.0,14.0,,2.0,1.0,,,,,3.0,8.0,7.0,,,,,,,,,1.0,,,,1.0,,,,,,,,,,,,,,,,,55.21812384,3.806251501,0.189426246,0.318694685,0.208266976,166.0,83.0,41.0,33.0,16.0,58.17383758,11.0,5.0,1.562040359,0.048310527,91.02654822,14.34954513,0.189426246,0.003032978,,0.689313234,0.689313234,,0.386015411,0.386015411,0.386015411,15.11764706,Tyrell Williams,None,FA,202,2587819,,FA,,{},"['RB/WR', 'WR', 'WR/TE', 'RB/WR/TE', 'OP', 'BE', 'IR']",,,,,,,,,,,,,,,,,,,,,,,,,,,,,,,,,,,,,,,,,,,,,,,,,,,,,,,,,,,,,,,,,,,,,,,,,,,,,,,,,,,,,,,,,,,,,,,,,,,,,,,,,,,,,,,,,,,,,,,,,,,,,,,,,,,,,,,,,,,,,,,,,,,,,,,,,,,,,,,,,,,,,,,,,,,,,,,,,,,,,,,,,,,,,,,,,,,,,,,,,,,,,,,,,,,,,,,,,,,,,,,,,,,,,,,,,,,,,,,,,,2021,,,,,,,,,,,,,,,,,,,,,,,,,,,,,,,,,,,,,
28.0,3.11,126.03,8.4,35.0,20.55555556,1.0,35.0,16.0,7.0,5.0,2.0,,4.0,1.0,,,,,5.28571429,9.0,9.33333333,,15.0,6.0,2.0,1.0,,,12.0,71.0,9.33333333,1.0,1.0,,,,,,4.0,5.0,6.0,,,9.0,160.2496992,47.56576859,6.381106121,0.171104751,143.0,71.0,35.0,28.0,14.0,32.0,16.0,0.319612654,0.223728858,1.339077716,0.045697585,4.487262722,9.255354325,0.776662754,0.039482678,0.047010194,0.030721162,27.0,13.0,6.0,5.0,2.0,18.20487348,3.0,1.0,0.055451115,0.001714983,24.3187164,7.68580898,0.210587429,0.006440184,1.314362527,0.149315747,1.463678273,0.604606762,0.083616818,0.68822358,0.68822358,15.11764706,Ty'Son Williams,BAL,FA,86,3895827,,FA,,{},"['RB', 'RB/WR', 'RB/WR/TE', 'OP', 'BE', 'IR']",,,,,,,,,,,,,,,,,,,,,,,,,,,,,,,,,,,,,,,,,,,,,,,,,,,,,,,,,,,,,,,,,,,,,,,,,,,,,,,,,,,,,,,,,,,,,,,,,,,,,,,,,,,,,,,,,,,,,,,,,,,,,,,,,,,,,,,,,,,,,,,,,,,,,,,,,,,,,,,,,,,,,,,,,,,,,,,,,,,,,,,,,,,,,,,,,,,,,1.0,,,,,,,,,,,,,,,,,,,,,,,,,,,,,,,,,,,,,,,,,,,,,2021,,,,,,,,,,,,,,,,,,,,,,,,,,,,,,,,,,,,,
35.0,3.5,49.41,3.09,,,,,,,,,,,,,,,,,35.0,40.8,,77.0,35.0,17.0,12.0,5.0,3.0,52.0,188.0,11.65714286,,1.0,,1.0,1.0,,,5.0,5.0,2.0,,,10.0,,,,,,,,,,,,,,,,,23.09564187,2.140595199,0.113745826,0.186361338,0.121787134,74.0,37.0,18.0,14.0,7.0,30.04522332,6.0,3.0,0.188630468,0.005833932,46.3712527,12.34435282,0.113745826,0.00264398,,0.600904466,0.600904466,,0.336506501,0.336506501,0.336506501,16.05882353,Dan Arnold,JAX,FA,33,4212989,,FA,,{},"['WR/TE', 'TE', 'RB/WR/TE', 'OP', 'BE', 'IR']",,,,,,1.0,1.0,13.0,1.0,,,,,,,,,,,,,,,,,,,,,,,,,,,,,,,,,,,,,,,,,,,,,,,,,,,,,,,,,,,,,,,1.0,,,,,,,,,,,,,,,,,,,,,,,,,,,,,,,,,,,,,,,,,,,,,,,,,,,,,,,,,,,,,,,,,,,,,,,,,,,,,,,,,,,,,,,,,,,,,,,,,,,,,,,,,,,,,,,,,,,,,,,,,,,,,,,,,,,,,,,,,,,,,,,,,,,,,,,,,,,,,,,,,,,,,,,,,,2021,,,,,,,,,,,,,,,,,,,,,,,,,,,,,,,,,,,,,
0.0,0.0,0.0,0.0,,,,,,,,,,,,,,,,,,,,,,,,,,,,,,,,,,,,,,,,,,,,,,,,,,,,,,,,,,,,,,,,,,,,,,,,,,,,,,,,,,,,,Gus Edwards,BAL,FA,0,3051926,,FA,,{},"['RB', 'RB/WR', 'RB/WR/TE', 'OP', 'BE', 'IR']",,,,,,,,,,,,,,,,,,,,,,,,,,,,,,,,,,,,,,,,,,,,,,,,,,,,,,,,,,,,,,,,,,,,,,,,,,,,,,,,,,,,,,,,,,,,,,,,,,,,,,,,,,,,,,,,,,,,,,,,,,,,,,,,,,,,,,,,,,,,,,,,,,,,,,,,,,,,,,,,,,,,,,,,,,,,,,,,,,,,,,,,,,,,,,,,,,,,,,,,,,,,,,,,,,,,,,,,,,,,,,,,,,,,,,,,,,,,,,,,,,2021,,,,,,,,,,,,,,,,,,,,,,,,,,,,,,,,,,,,,
58.0,3.62,44.28,2.77,7.0,2.125,,5.0,2.0,1.0,,,,,,,,,,4.85714286,31.0,28.0,3.0,84.0,38.0,14.0,10.0,3.0,1.0,48.0,149.0,14.4516129,1.0,1.0,,,,,,9.0,7.0,18.0,,,16.0,4.12578087,1.329302912,0.143430458,0.005455783,4.0,2.0,1.0,,,,,0.007583322,0.005308325,0.001024608,3.49659e-05,5.174060756,19.40855699,1.753668463,0.08640498,0.240083692,0.156894693,62.0,31.0,15.0,12.0,6.0,21.40119867,4.0,2.0,0.133966529,0.004143295,36.59718041,14.56360442,0.091860763,0.001193375,0.04383602,0.227385651,0.271221671,0.020164569,0.127335965,0.147500534,0.147500534,16.05882353,Jalen Guyton,LAC,FA,69,3932430,,FA,,{},"['RB/WR', 'WR', 'WR/TE', 'RB/WR/TE', 'OP', 'BE', 'IR']",,2.0,1.0,,,,,32.0,3.0,1.0,,,,,,,,,,1.0,,,,,,,,,,,,,,,,,,,,,,,,,,,,,,,,,,,,,,,,,,,,,,,,,,,,,,,,,,,,,,,,,,,,,,,,,,,,,,,,,,,,,,,,,,,,,,,,,,,,,,,,,,,,,,,,,,,,,,,,,,,,,,,,,,,,,,,,,,,,,,,,,,,,,,,,,,,,,,,,,,,,,,,,,,,,,,,,,,,,,,,,,,,,,,,,,,,,,,,,,,,,,,,,,,,,,,,,,,,,,,2021,,,,,,,,,,,,,,,,,,,,,,,,,,,,,,,,,,,,,
20.0,3.33,93.41,6.67,,,,,,,,,,,,,,,,,10.0,27.0,1.0,30.0,14.0,6.0,4.0,2.0,,20.0,17.0,16.2,,,,,,,,2.0,4.0,6.0,,,6.0,13.64731735,6.08281599,0.439641917,0.013136924,17.0,8.0,4.0,3.0,1.0,2.0,1.0,0.025214626,0.017650238,0.018721362,0.000638888,6.318667601,44.38323157,3.510504756,0.207427112,0.157765224,0.103099574,125.0,62.0,31.0,25.0,12.0,51.72027873,10.0,5.0,0.736495489,0.022778211,82.0011823,12.16539416,0.220564036,0.003055907,0.145001418,0.549522924,0.694524341,0.066700652,0.307732837,0.374433489,0.374433489,14.17647059,Parris Campbell,IND,FA,132,3121410,,FA,,{},"['RB/WR', 'WR', 'WR/TE', 'RB/WR/TE', 'OP', 'BE', 'IR']",,1.0,1.0,,,,,,,,,,,,,,,,,,,,,,,,,,,,,,,,,,,,,,,,,,,,,,,,,,,,,,,,,,,,,,,,,,,,,,,,,,,,,,,,,,,,,,,,,,,,,,,,,,,,,,,,,,,,,,,,,,,,,,,,,,,,,,,,,,,,,,,,,,,,,,,,,,,,,,,,,,,,,,,,,,,,,,,,,,,,,,,,,,,,,,,,,,,,,,,,,,,,,,,,,,,,,,,,,,,,,,,,,,,,,,,,,,,,,,,,,,,,,,,2021,,,,,,,,,,,,,,,,,,,,,,,,,,,,,,,,,,,,,
37.0,2.85,61.73,4.41,,,,,,,,,,,,,,,,,27.0,30.30769231,1.0,74.0,33.0,15.0,10.0,2.0,,49.0,94.0,14.59259259,,1.0,,1.0,1.0,,,6.0,7.0,6.0,,,13.0,,,,,,,,,,,,,,,,,32.01667176,2.831542708,0.143777847,0.209339013,0.136803045,90.0,45.0,22.0,18.0,9.0,36.10527611,7.0,3.0,0.378923425,0.011719281,54.99945978,12.57111022,0.143777847,0.002199888,,0.499974607,0.499974607,,0.27998578,0.27998578,0.27998578,14.17647059,Sammy Watkins,BAL,FA,103,16725,,FA,,{},"['RB/WR', 'WR', 'WR/TE', 'RB/WR/TE', 'OP', 'BE', 'IR']",,,,,,1.0,1.0,,,,,,,,,,,,,1.0,,,,,,,,,,,,,,,,,,,,,,,,,,,,,,,,,,,,,,,,,,,,,,,,,,,,,,,,,,,,,,,,,,,,,,,,,,,,,,,,,,,,,,,,,,,,,,,,,,,,,,,,,,,,,,,,,,,,,,,,,,,,,,,,,,,,,,,,,,,,,,,,,,,,,,,,,,,,,,,,,,,,,,,,,,,,,,,,,,,,,,,,,,,,,,,,,,,,,,,,,,,,,,,,,,,,,,,,,,,,,,2021,,,,,,,,,,,,,,,,,,,,,,,,,,,,,,,,,,,,,
50.0,10.0,0.0,0.0,71.0,66.0,3.0,63.0,29.0,13.0,10.0,4.0,2.0,12.0,5.0,,,2.0,,4.64788732,4.0,8.2,,8.0,3.0,1.0,,,,5.0,51.0,10.25,,,,,,,,4.0,1.0,18.0,3.0,,5.0,,,,,,,,,,,,,,,,,,,,,,,,,,,,,,,,,,,,,,,,,,,,Duke Johnson,MIA,FA,63,2969962,,FA,,{},"['RB', 'RB/WR', 'RB/WR/TE', 'OP', 'BE', 'IR']",,,,,,,,,,,,,,,,,,,,,,,,,,,,,,,,,,,,,,,,,,,,,,,,,,,,,,,,,,,,,,,,,,,,,,,,,,,,,,,,,,,,,,,,,,,,,,,,,,,,,,,,,,,,,,,,,,,,,,,,,,,,,,,,,,,,,,,,,,,,,,,,,,,,,,,,,,,,,,,,,,,,,,,,,,,,,,,,,,,,,,,,,,,,,,,,,,,,,,,,,,,,,,,,,,,,,,,,,,,,,,,,,,,,,,,,,,,,,,,,,,2021,,,,,,,,,,,,,,,,,,,,,,,,,,,,,,,,,,,,,
28.0,2.55,80.94,5.4,72.0,23.0,1.0,45.0,21.0,9.0,5.0,1.0,,10.0,2.0,,,,,3.51388889,12.0,5.90909091,,12.0,5.0,2.0,1.0,,1.0,21.0,75.0,5.41666667,2.0,2.0,2.0,2.0,2.0,,,1.0,10.0,6.0,1.0,,11.0,113.9430805,31.04892058,3.475505077,0.12399939,93.0,46.0,23.0,18.0,9.0,22.0,11.0,0.221959713,0.155371799,0.570025128,0.019452771,4.119483349,8.579824258,0.494705601,0.026011827,0.04218177,0.027565786,25.0,12.0,6.0,5.0,2.0,16.88553165,3.0,1.0,0.052364599,0.001619524,23.33482969,7.681532195,0.150011217,0.005670905,1.122496394,0.16634576,1.288842154,0.516348341,0.093153626,0.609501967,0.609501967,15.11764706,Carlos Hyde,JAX,FA,86,16777,,FA,,{},"['RB', 'RB/WR', 'RB/WR/TE', 'OP', 'BE', 'IR']",,,,,,,,,,,,,,,,,,,,,,,,,,,,,,,,,,,,,,,,,,,,,,,,,,,,,,,,,,,,,,,,,,,,,,,,,,,,,,,,,,,,,,,,,,,,,,,,,,,,,,,,,,,,,,,,,,,,,,,,,,,,,,,,,,,,,,,,,,,,,,,,,,,,,,,,,,,,,,,,,,,,,,,,,,,,,,,,,,,,,,,,,,,,,,,,,,,,,,,,,,,,,,,,,,,,,,,,,,,,,,,,,,,,,,,,,,,,,,,,,,2021,,,,,,,,,,,,,,,,,,,,,,,,,,,,,,,,,,,,,
53.0,3.53,55.0,3.44,1.0,0.4,,1.0,,,,,,,,,,,,6.0,33.0,23.53333333,4.0,66.0,29.0,12.0,5.0,1.0,2.0,49.0,94.0,10.6969697,,,,,,2.0,2.0,7.0,8.0,24.0,,,15.0,,,,,,,,,,,,,,,,,25.2984977,2.517545105,0.124041938,0.219459743,0.143416942,81.0,40.0,20.0,16.0,8.0,30.31891465,6.0,3.0,0.230220748,0.007120229,48.79624054,13.39969174,0.124041938,0.001417396,,0.322135515,0.322135515,,0.180395888,0.180395888,0.180395888,16.05882353,Joshua Palmer,LAC,FA,76,4242433,,FA,,{},"['Rookie', 'RB/WR', 'WR', 'WR/TE', 'RB/WR/TE', 'OP', 'BE', 'IR']",,,,,,,,,,,,,,,,,,,,1.0,2.0,,,,,,,,,,,,,,,,,,,,,,,,,,,,,,,,,,,,,,,,,,,,,,,,,,,,,1.0,,,,,,,,,,,,,,,,,,,,,,,,,,,,,,,,,,,,,,,,,,,,,,,,,,,,,,,,,,,,,,,,,,,,,,,,,,,,,,,,,,,,,,,,,,,,,,,,,,,,,,,,,,,,,,,,,,,,,,,,,,,,,,,,,,,,,,,,,,,,,,,,,,,,,,,,,,,,,,,,,,,,,,,,2021,,,,,,,,,,,,,,,,,,,,,,,,,,,,,,,,,,,,,
42.0,6.0,,,,,,,,,,,,,,,,,,,,,,,,,,,,,,,,,,,,,,3.0,4.0,39.0,,,7.0,,,,,,,,,,,,,,,,,,,,,,,,,,,,,,,,,,,,,,,,,,,,Brian Johnson,WSH,FA,33,4046184,,FA,,{},"['Rookie', 'K', 'BE', 'IR']",,,,,,,,,,,,,,,,,,,,,,,,,,,,,,,,,,,,,,,,,,,,,,,,,,,,,,,,,,,,,,,,,,,,,,,,,,,,,,,1.0,1.0,1.0,1.0,,8.0,8.0,,10.0,10.0,,9.0,13.0,4.0,1.0,1.0,,,,,,,,,,,,,,,,,,,,,,,,,,,,,,,,,,,,,,,,,,,,,,,,,,,,,,,,,,,,,,,,,,,,,,,,,,,,,,,,,,,,,,,,,,,,,,,,,,,,,,,,,,,,,,,,,,,,,,,,,,,,,,,,,,,,,,,,,,,,,,,,,,,,2021,,,,,,,,,,,,,,,,,,,,,,,,,,,,,,,,,,,,,
0.0,0.0,0.0,0.0,,,,,,,,,,,,,,,,,,,,,,,,,,,,,,,,,,,,,,,,,,,,,,,,,,,,,,,,,,,,,,,,,,,,,,,,,,,,,,,,,,,,,Travis Etienne Jr.,JAX,FA,0,4239996,,FA,,{},"['Rookie', 'RB', 'RB/WR', 'RB/WR/TE', 'OP', 'BE', 'IR']",,,,,,,,,,,,,,,,,,,,,,,,,,,,,,,,,,,,,,,,,,,,,,,,,,,,,,,,,,,,,,,,,,,,,,,,,,,,,,,,,,,,,,,,,,,,,,,,,,,,,,,,,,,,,,,,,,,,,,,,,,,,,,,,,,,,,,,,,,,,,,,,,,,,,,,,,,,,,,,,,,,,,,,,,,,,,,,,,,,,,,,,,,,,,,,,,,,,,,,,,,,,,,,,,,,,,,,,,,,,,,,,,,,,,,,,,,,,,,,,,,2021,,,,,,,,,,,,,,,,,,,,,,,,,,,,,,,,,,,,,
32.0,1.88,90.76,5.34,,,,,,,,,,,,,,,,,,,,,,,,,,,,,,,,,,728.0,1210.0,7.0,10.0,,,,17.0,,,,,,,,,,,,,,,,,,,,,,,,,,,,,,,,,,,,,,,,,,,17.0,Falcons D/ST,ATL,FA,29,-16001,,FA,,{},"['D/ST', 'BE', 'IR']",,,,,,,,999.0,92.0,34.0,0.470368512,0.23736,900.3813953,211.56,90.0,36.0,21.0,8.0,,,,,,,,,,,,,,,,,,,,,,,,,,,,,,,,,,,,,,,,,,,,,,,,,,,,,,,,,482.0,,,14.0,,,,,,,,,,,,,,,,,,,,,,,,,,,,,,,,,,,8.0,0.0,0.0,0.0,3.0,2.0,12.0,1.0,,18.0,36.0,,,2.0,2.0,397.0,235.0,48.0,77.0,189.0,14.0,,441.0,4.0,1.0,7.0,2.0,6194.0,0.0,0.0,1.0,6.0,5.0,5.0,0.0,0.0,0.0,0.0,0.0,0.0,3.0,4.0,1.0,7.0,2.0,0.123188406,0.552223888,2.208895552,2.378810595,0.058815759,1.575955607,13.60492148,10.4103225,0.987454153,0.546782016,40.85652919,81.71305838,1.018013059,0.557942548,2.342499878,16.01588078,983.6258276,327.0,196.0,67.55622751,406.2015659,2.463768116,4.035482259,3.270864568,1.741629185,0.225137431,23.89420976,6254.10473,0.220735118,2.377147423,3.175189772,4.261885737,3.633639632,2.207351179,0.865960847,0.258090292,367.8885135,-406.2015659,,,,,,,,,,,,,,,,,,,,,,,,,,,,,,,,,,,,,,,,,,,,,,,2021,,,,,,,,,,,,,,,,,,,,,,,,,,,,,,,,,,,,,
31.0,3.88,19.86,1.32,26.0,15.625,1.0,22.0,10.0,4.0,4.0,1.0,,2.0,,,,,,4.80769231,7.0,9.0,2.0,13.0,5.0,2.0,1.0,,,9.0,61.0,10.28571429,1.0,1.0,1.0,1.0,1.0,1.0,2.0,4.0,4.0,18.0,,,8.0,29.1345182,8.747370975,0.452057304,0.016711144,26.0,13.0,6.0,5.0,2.0,5.0,2.0,0.054281727,0.037997209,0.044670943,0.001524448,4.538934408,2.481650845,0.254072864,0.010621951,0.058735669,0.03838376,7.0,3.0,1.0,1.0,,4.644990365,,,0.019942551,0.00061678,6.152623211,8.076813654,0.027333095,0.002078341,0.40739775,0.06495246,0.47235021,0.187402965,0.036373378,0.223776343,0.223776343,15.11764706,Matt Breida,BUF,FA,80,3049916,,FA,,{},"['RB', 'RB/WR', 'RB/WR/TE', 'OP', 'BE', 'IR']",,,,,,,,27.0,2.0,1.0,,,,,,,,,,,1.0,,,,,,,,,,,,,,,,,,,,,,,,,,,,,,,,,,,,,,,,,,,,,,,,,,,,,1.0,1.0,1.0,,,,,,,,,,,,,,,,,,,,,,,,,,,,,,,,,,,,,,,,,,,,,,,,,,,,,,,,,,,,,,,,,,,,,,,,,,,,,,,,,,,,,,,,,,,,,,,,,,,,,,,,,,,,,,,,,,,,,,,,,,,,,,,,,,,,,,,,,,,,,,,,,,,,,,,,,,,,,,,,,,,,,,2021,,,,,,,,,,,,,,,,,,,,,,,,,,,,,,,,,,,,,
143.0,8.41,124.01,7.29,,,,,,,,,,,,,,,,,,,,,,,,,,,,,,,,,,1.0,3.0,7.0,10.0,130.0,,,17.0,,,,,,,,,,,,,,,,,,,,,,,,,,,,,,,,,,,,,,,,,,,17.0,Dustin Hopkins,LAC,FA,10,15965,,FA,,{},"['K', 'BE', 'IR']",,,,,,,,,,,,,,,,,,,,,,,,,,,,,,,,,,,,,,,,,,,,,,,,,,,,,,,,,,,,,,,,,,,,,,,,,,,2.0,,,,2.0,5.0,13.0,14.0,1.0,15.0,15.0,,30.0,34.0,4.0,40.0,44.0,4.0,2.0,5.0,3.022043376,4.774252249,1.752208873,7.423638633,9.891751392,2.468112759,15.44322471,16.53825943,1.095034721,25.88890671,31.20426307,5.315356354,38.18734337,40.88634114,2.698997774,3.022043376,4.774252249,1.752208873,,,,,,,,,,,,,,,,,,,,,,,,,,,,,,,,,,,,,,,,,,,,,,,,,,,,,,,,,,,,,,,,,,,,,,,,,,,,,,,,,,,,,,,3.0,3.0,,,,,,,,,,,,,,,,,,,,,,,,,,,,,,,,,,,,,,,,,,2021,,,,,,,,,,,,,,,,,,,,,,,,,,,,,,,,,,,,,
65.0,3.82,105.82,6.22,,,,,,,,,,,,,,,,,,,,,,,,,,,,,,,,,,725.0,1273.0,4.0,13.0,,,,17.0,,,,,,,,,,,,,,,,,,,,,,,,,,,,,,,,,,,,,,,,,,,17.0,Giants D/ST,NYG,FA,23,-16019,,FA,,{},"['D/ST', 'BE', 'IR']",,,,,,,,683.0,62.0,19.0,0.22046,0.1946352,680.104,217.4591351,68.0,27.0,21.0,8.0,,,,,,,,,,,,,,,,,,,,,,,,,,,,,,,,,,,,,,,,,,,,,,,,,,,,,,,,,548.0,,,12.0,,,,,,,,,,,,,,,,,,,,,,,,,,,,,,,,,,,7.0,0.0,1.0,1.0,3.0,1.0,15.0,,1.0,34.0,68.0,,,1.0,1.0,420.0,247.0,44.0,84.0,197.0,13.0,3.0,396.0,4.0,2.0,3.0,3.0,6032.0,0.0,1.0,3.0,4.0,2.0,6.0,0.0,1.0,0.0,0.0,1.0,1.0,3.0,4.0,2.0,3.0,3.0,0.216858429,0.977988994,3.40170085,3.061530765,0.07927779,1.571537187,14.14925581,8.8224344,1.098655357,0.564861327,39.26771094,78.53542187,1.031963823,0.539573364,2.065910177,13.572976,1047.877482,349.0,209.0,83.11215074,371.860088,2.466233117,3.444222111,2.338669335,0.977988994,0.114807404,21.87412282,6192.298332,0.348343246,3.228547154,3.474936279,4.095157179,3.169073917,1.784197111,0.696686491,0.203058624,364.2528431,-371.860088,,,,,,,,,,,,,,,,,,,,,,,,,,,,,,,,,,,,,,,,,,,,,,,2021,,,,,,,,,,,,,,,,,,,,,,,,,,,,,,,,,,,,,
30.0,3.75,42.6,2.84,39.0,12.625,2.0,18.0,7.0,2.0,1.0,,,4.0,1.0,,,,,2.58974359,5.0,3.75,1.0,6.0,3.0,1.0,1.0,,,7.0,26.0,6.0,,,,,,,,6.0,2.0,20.0,2.0,,8.0,56.39232709,14.75166633,1.717028286,0.046014603,44.0,22.0,11.0,8.0,4.0,11.0,5.0,0.106613922,0.074629746,0.127916277,0.004365292,3.954624619,5.438821333,0.446258717,0.022710619,0.05315156,0.034734545,16.0,8.0,4.0,3.0,1.0,10.89496479,2.0,1.0,0.037434877,0.00115778,13.84478577,7.546805606,0.068725222,0.002446805,0.466051249,0.09004083,0.55609208,0.214383575,0.050422865,0.26480644,0.26480644,15.11764706,Le'Veon Bell,None,FA,82,15825,,FA,,{},"['RB', 'RB/WR', 'RB/WR/TE', 'OP', 'BE', 'IR']",,,,,,,,,,,,,,,,,,,,1.0,,,,,,,,,,,,,,,,,,,,,,,,,,,,,,,,,,,,,,,,,,,,,,,,,,,,,,,,,,,,,,,,,,,,,,,,,,,,,,,,,,,,,,,,,,,,,,,,,,,,,,,,,,,,,,,,,,,,,,,,,,,,,,,,,,,,,,,,,,,,,,,,,,,,,,,,,,,,,,,,,,,,,,,,,,,,,,,,,,,,,,,1.0,,,,,,,,,,,,,,,,,,,,,,,,,,,,,,,,,,,,,,,2021,,,,,,,,,,,,,,,,,,,,,,,,,,,,,,,,,,,,,
0.0,0.0,0.0,0.0,,,,,,,,,,,,,,,,,,,,,,,,,,,,,,,,,,,,,,,,,,,,,,,,,,,,,,,,,,,,,,,,,,,,,,,,,,,,,,,,,,,,,Irv Smith Jr.,MIN,FA,0,4040980,,FA,,{},"['WR/TE', 'TE', 'RB/WR/TE', 'OP', 'BE', 'IR']",,,,,,,,,,,,,,,,,,,,,,,,,,,,,,,,,,,,,,,,,,,,,,,,,,,,,,,,,,,,,,,,,,,,,,,,,,,,,,,,,,,,,,,,,,,,,,,,,,,,,,,,,,,,,,,,,,,,,,,,,,,,,,,,,,,,,,,,,,,,,,,,,,,,,,,,,,,,,,,,,,,,,,,,,,,,,,,,,,,,,,,,,,,,,,,,,,,,,,,,,,,,,,,,,,,,,,,,,,,,,,,,,,,,,,,,,,,,,,,,,,2021,,,,,,,,,,,,,,,,,,,,,,,,,,,,,,,,,,,,,
68.0,4.25,5.73,0.36,7.0,2.5,2.0,7.0,3.0,,,,,,,,,,,5.71428571,46.0,26.9375,2.0,82.0,37.0,15.0,12.0,4.0,5.0,65.0,264.0,9.36956522,,1.0,,1.0,1.0,,,4.0,12.0,30.0,2.0,,16.0,2.087474141,0.723306937,0.063408941,0.002071649,2.0,1.0,,,,,,0.00383259,0.002682813,0.000264648,9.03143e-06,5.564360408,1.541300969,0.125376994,0.006862999,0.153340364,0.100207928,4.0,2.0,1.0,,,2.092291667,,,0.013469149,0.000416572,3.244938985,11.82984221,0.008934647,0.000195402,0.022179209,0.022230395,0.044409605,0.010202436,0.012449021,0.022651458,0.022651458,16.05882353,Braxton Berrios,NYJ,FA,62,3123075,,FA,,{},"['RB/WR', 'WR', 'WR/TE', 'RB/WR/TE', 'OP', 'BE', 'IR']",,,,,,1.0,1.0,852.0,78.0,28.0,0.22046,0.0498456,680.104,81.39483871,68.0,27.0,8.0,3.0,,2.0,,,,,,,,,,,,,,,,,,,,,,,,,,,,,,,,,,,,,,,,,,,,,,,,,,,,,,,,,,,,,,,,,,,,,,,,,,,,,,,,,,,,,,,,,,,,,,,,,,,,,,,,1.0,,,1.0,,,,,201.0,15.0,3.0,,,,,,,,,,,,,,,,,,,,,,,,,,,,,,,,,,,,,,,,,,,,,,,,,,,,,,,,,,,,,,,,,,,,,,,,,,,,,,,,,,,,,,,,,,,,,,,,,,,,,,,,,,,,2021,,,,,,,,,,,,,,,,,,,,,,,,,,,,,,,,,,,,,
2.0,0.67,133.33,7.84,,,,,,,,,,,,,,,,,,,,,,,,,,,,,,,,,,,,,3.0,5.0,,,3.0,,,,,,,,,,,,,,,,,,,,,,,,,,,,,,,,,,,,,,,,,,,17.0,Josh Lambo,None,FA,46,2998120,,FA,,{},"['K', 'BE', 'IR']",,,,,,,,,,,,,,,,,,,,,,,,,,,,,,,,,,,,,,,,,,,,,,,,,,,,,,,,,,,,,,,,,,,,,,,,,,,,,,,,2.0,,1.0,1.0,,,,,3.0,3.0,5.0,7.0,2.0,,2.0,3.400610302,4.955822471,1.555212169,8.252192571,10.2679459,2.015753334,16.94379413,17.16722817,0.223434038,28.596597,32.39099654,3.794399541,36.27739783,36.74833321,0.470935378,3.400610302,4.955822471,1.555212169,,,,,,,,,,,,,,,,,,,,,,,,,,,,,,,,,,,,,,,,,,,,,,,,,,,,,,,,,,,,,,,,,,,,,,,,,,,,,,,,,,,,,,,2.0,2.0,,,,,,,,,,,,,,,,,,,,,,,,,,,,,,,,,,,,,,,,,,2021,,,,,,,,,,,,,,,,,,,,,,,,,,,,,,,,,,,,,
73.0,4.56,0.0,0.0,44.0,14.125,1.0,41.0,18.0,8.0,7.0,1.0,,2.0,,,,,,5.13636364,41.0,25.3125,2.0,76.0,35.0,15.0,10.0,3.0,2.0,49.0,416.0,9.87804878,1.0,1.0,,,,11.0,13.0,9.0,7.0,20.0,,,16.0,,,,,,,,,,,,,,,,,,,,,,,,,,,,,,,,,,,,,,,,,,,,Brandon Bolden,NE,FA,52,15478,,FA,,{},"['RB', 'RB/WR', 'RB/WR/TE', 'OP', 'BE', 'IR']",,,,,,,,62.0,5.0,1.0,,,,,,,,,,,,,,,,,,,,,,,,,,,,,,,,,,,,,,,,,,,,,,,,,,,,,,,,,,,,,,,,2.0,2.0,1.0,,,,,,,,,,,,,,,,,,,,,,,,,,,,,,,,,,,,,,,,,,,,,,,,,,,,1.0,,,,,,,,,,,,,,,,,,,,,,,,,,,,,,,,,,,,,,,,,,,,,,,,,,,,,,,,,,,,,,,,,,,,,,,,,,,1.0,,,,,,,,,,,,,,,,,,,,,,,,,,,,,,,,,,,,,,,2021,,,,,,,,,,,,,,,,,,,,,,,,,,,,,,,,,,,,,
18.0,1.5,18.47,1.23,56.0,14.08333333,,30.0,12.0,3.0,3.0,,,7.0,2.0,,,,,3.01785714,10.0,6.41666667,,14.0,6.0,2.0,2.0,1.0,1.0,16.0,75.0,7.7,,,,,,2.0,2.0,4.0,8.0,,,,12.0,26.86203063,7.186026503,0.837892029,0.021748481,21.0,10.0,5.0,4.0,2.0,5.0,2.0,0.049987617,0.034991332,0.030108649,0.001027493,4.04421445,2.012868285,0.095924099,0.005097164,0.036480185,0.023839801,6.0,3.0,1.0,1.0,,4.45231123,,,0.016607051,0.00051362,5.796406588,6.83461482,0.026845645,0.000904002,0.176243074,0.029211828,0.205454902,0.081071814,0.016358624,0.097430438,0.097430438,15.11764706,Royce Freeman,HOU,FA,96,3122672,,FA,,{},"['RB', 'RB/WR', 'RB/WR/TE', 'OP', 'BE', 'IR']",,,,,,,,,,,,,,,,,,,,,,,,,,,,,,,,,,,,,,,,,,,,,,,,,,,,,,,,,,,,,,,,,,,,,,,,,,,,,,,,,,,,,,,,,,,,,,,,,,,,,,,,,,,,,,,,,,,,,,,,,,,,,,,,,,,,,,,,,,,,,,,,,,,,,,,,,,,,,,,,,,,,,,,,,,,,,,,,,,,,,,,,,,,,,,,,,,,,,,,,,,,,,,,,,,,,,,,,,,,,,,,,,,,,,,,,,,,,,,,,,,2021,,,,,,,,,,,,,,,,,,,,,,,,,,,,,,,,,,,,,
144.0,11.08,242.1,16.14,29.0,14.23076923,4.0,33.0,16.0,6.0,4.0,1.0,,,,1.0,1.0,,,6.37931034,,,,,,,,,,1.0,,,,5.0,,1.0,12.0,1.0,1.0,3.0,10.0,80.0,3.0,,13.0,58.06437984,16.65772236,2.746151195,0.089749939,51.0,25.0,12.0,10.0,5.0,11.0,5.0,0.109849771,0.076894839,0.172553758,0.005888598,4.472010144,,,,,,,,,,,,,,,,,,1.173224125,0.036910896,0.778953654,,8.388840017,0.358318681,,4.011064135,16.97595699,15.58823529,Zach Wilson,NYJ,FA,30,4361259,,FA,,{},"['Rookie', 'QB', 'OP', 'BE', 'IR']",,,,,,,,,,,,,,,,,,,,,,383.0,213.0,170.0,179.53846154,9.0,463.0,229.0,111.0,88.0,41.0,17.0,35.0,14.0,28.0,12.0,2.0,1.0,,1.0,11.0,0.55613577,44.0,5.0,6.0,,1.0,,527.8366231,332.2030458,195.6335773,245.8578465,19.75168194,766.0,383.0,191.0,153.0,76.0,38.0,66.0,33.0,2.960717396,1.934828819,2.621564673,0.354104649,1.083474186,12.96489286,0.629367178,39.41578048,7.609886364,3.652745455,,,,,,,,,,,,,,,,,,,,,,,,,,,,,,,,,,,,,,,,,,,,,,,,,,,,,,,,,,,,,,,,,,,,,,,,,,,,,,,,,,,,,,,,,,,,,,,,,,,,,,,,,,,,,,,,,,,,,,,,,,,,,,,1.0,,,,,1.0,,,,,,,,,,,,,,,,,,,,,,,,,,,,,,,,,,,,,,,2021,,,,,,,,,,,,,,,,,,,,,,,,,,,,,,,,,,,,,
18.0,2.25,70.64,4.71,1.0,0.125,1.0,,,,,,,,,,,,,1.0,12.0,10.5,1.0,14.0,6.0,1.0,,,,18.0,21.0,7.0,,,,,,,,3.0,4.0,12.0,1.0,,8.0,,,,,,,,,,,,,,,,,30.75343801,4.142478453,0.19505564,0.07577903,0.049521596,92.0,46.0,23.0,18.0,9.0,45.87879866,9.0,4.0,0.319287807,0.009874881,71.75188688,10.13364855,0.19505564,0.002430394,,0.552362321,0.552362321,,0.3093229,0.3093229,0.3093229,15.11764706,Eric Ebron,PIT,FA,57,16732,,FA,,{},"['WR/TE', 'TE', 'RB/WR/TE', 'OP', 'BE', 'IR']",,,,,,,,,,,,,,,,,,,,1.0,,,,,,,,,,,,,,,,,,,,,,,,,,,,,,,,,,,,,,,,,,,,,,,,,,,,,,,,,,,,,,,,,,,,,,,,,,,,,,,,,,,,,,,,,,,,,,,,,,,,,,,,,,,,,,,,,,,,,,,,,,,,,,,,,,,,,,,,,,,,,,,,,,,,,,,,,,,,,,,,,,,,,,,,,,,,,,,,,,,,,,,,,,,,,,,,,,,,,,,,,,,,,,,,,,,,,,,,,,,,,,2021,,,,,,,,,,,,,,,,,,,,,,,,,,,,,,,,,,,,,
34.0,8.5,0.0,0.0,1.0,3.5,,2.0,1.0,,,,,,,,,,,14.0,10.0,53.0,2.0,42.0,21.0,10.0,8.0,3.0,1.0,12.0,70.0,21.2,,,,,,,,3.0,1.0,12.0,,1.0,4.0,,,,,,,,,,,,,,,,,,,,,,,,,,,,,,,,,,,,,,,,,,,,Cyril Grayson,TB,FA,110,4217370,,FA,,{},"['RB/WR', 'WR', 'WR/TE', 'RB/WR/TE', 'OP', 'BE', 'IR']",,1.0,1.0,,,,,7.0,,,,,,,,,,,,,,,,,,,,,,,,,,,,,,,,,,,,,,,,,,,,,,,,,,,,,,,,,,,,,,,,,,,,,,,,,,,,,,,,,,,,,,,,,,,,,,,,,,,,,,,,,,,,,,,,,,,,,,,,,,,,,,,,,,,,,,,,,,,,,,,,,,,,,,,,,,,,,,,,,,,,,,,,,,,,,,,,,,,,,,,,,,,,,,,,,,,,,,,,,,,,,,,,,,,,,,,,,,,,,,,,,,,,,,,,,,2021,,,,,,,,,,,,,,,,,,,,,,,,,,,,,,,,,,,,,
39.0,3.0,63.69,3.98,1.0,-1.0,,,,,,,,,,,,,,-13.0,26.0,26.07692308,2.0,63.0,29.0,13.0,9.0,3.0,1.0,58.0,65.0,13.03846154,,1.0,,1.0,1.0,3.0,3.0,3.0,10.0,12.0,,1.0,13.0,2.018696676,0.641242931,0.072836428,0.00238071,2.0,1.0,,,,,,0.003706176,0.002594323,0.000199193,6.79769e-06,5.10111657,29.75123455,2.575032804,0.140773693,0.17030069,0.111291501,95.0,47.0,23.0,19.0,9.0,34.35265392,6.0,3.0,0.398034526,0.012310346,61.17503506,13.90779957,0.143154403,0.00194579,0.024544536,0.417680355,0.442224891,0.011290486,0.233900999,0.245191485,0.245191485,16.05882353,Darius Slayton,NYG,FA,99,3916945,,FA,,{},"['RB/WR', 'WR', 'WR/TE', 'RB/WR/TE', 'OP', 'BE', 'IR']",,,,,,1.0,1.0,,,,,,,,,,,,,,1.0,,,,,,,,,,,,,,,,,,,,,,,,,,,,,,,,,,,,,,,,,,,,,,,,,,,,,,,,,,,,,,,,,,,,,,,,,,,,,,,,,,,,,,,,,,,,,,,,,,,,,,,,,,,,,,,,,,,,,,,,,,,,,,,,,,,,,,,,,,,,,,,,,,,,,,,,,,,,,,,,,,,,,,,,,,,,,,,,,,,,,,,,,,,,,,,,,,,,,,,,,,,,,,,,,,,,,,,,,,,,,2021,,,,,,,,,,,,,,,,,,,,,,,,,,,,,,,,,,,,,
112.0,16.0,211.83,13.24,32.0,23.71428571,1.0,31.0,14.0,6.0,4.0,,,4.0,,,,,,5.1875,,,,,,,,,,,,,1.0,2.0,,1.0,4.0,1.0,1.0,5.0,2.0,90.0,1.0,,7.0,51.27119028,14.2438392,1.102361375,0.033667181,45.0,22.0,11.0,9.0,4.0,10.0,5.0,0.097171866,0.068020306,0.160426711,0.005474748,4.461361223,,,,,,,,,,,,,,,,,,0.971843037,0.039916216,0.858984085,,9.07186726,0.395132679,,4.337316603,17.58468493,16.05882353,Jameis Winston,NO,FA,32,2969939,,FA,,{},"['QB', 'OP', 'BE', 'IR']",,,,,,,,,,,,,,,,,,,,,,161.0,95.0,66.0,167.14285714,14.0,231.0,113.0,55.0,44.0,20.0,9.0,16.0,6.0,11.0,3.0,3.0,2.0,,,3.0,0.59006211,11.0,2.0,4.0,7.0,,,456.9641921,299.058941,157.9052511,212.4305593,20.05054404,682.0,341.0,170.0,136.0,68.0,34.0,59.0,29.0,2.773008561,1.812161094,2.804677323,0.378838367,0.938175855,13.24736832,0.654447211,33.24779566,8.212883175,3.942183924,,,,,,,,,,,,,,,,,,,,,,,,,,,,,,,,,,,,,,,,,,,,,,,,,,,,,,,,,,,,,,,,,,,,,,,,,,,,,,,,,,,,,,,,,,,,,,,,,,,,,,,,,,,,,,,,,,,,,,,,,,,,,,,1.0,,,,,,,,,,,,,,,,,,,,,,,,,,,,,,,,,,,,,,,,,,,,2021,,,,,,,,,,,,,,,,,,,,,,,,,,,,,,,,,,,,,
94.0,6.27,34.39,2.15,2.0,0.73333333,,2.0,,,,,,,,,,,,5.5,45.0,40.13333333,6.0,115.0,54.0,23.0,17.0,5.0,3.0,61.0,260.0,13.37777778,,3.0,,,,1.0,1.0,10.0,5.0,38.0,,,15.0,,,,,,,,,,,,,,,,,15.15209598,1.667503918,0.086766286,0.199544373,0.130402248,48.0,24.0,12.0,9.0,4.0,18.96559895,3.0,1.0,0.17370787,0.005372408,29.74960787,12.82979969,0.086766286,0.000886634,,0.201507642,0.201507642,,0.112844279,0.112844279,0.112844279,16.05882353,Cedrick Wilson,DAL,FA,42,4036335,,FA,,{},"['RB/WR', 'WR', 'WR/TE', 'RB/WR/TE', 'OP', 'BE', 'IR']",,1.0,1.0,2.0,2.0,1.0,,,,,,0.071208,,63.468,,,6.0,2.0,,2.0,2.0,3.0,3.0,,5.86666667,,17.0,8.0,3.0,2.0,,,,,,,,,,,,1.0,,,,,,,,,,,,,,,,,,,,,,,,,,,,,,1.0,,1.0,,,,,,,,,,,,,,,,,,,,,,,,,,,,,,,,,,,,,,,,,,,,,,,,,,,,,,,,,,36.0,1.0,,,,,,,,,,,,,,,,,,,,,,,,,,,,,,,,,,,,,,,,,,,,,,,,,,,,,,,,,,,,,,,,,,,,,,,,,,,,,,,,,,,,,,,,,,,,,,,,,,,,,,,,,,,,,2021,,,,,,,,,,,,,,,,,,,,,,,,,,,,,,,,,,,,,
48.0,3.0,59.5,3.72,2.0,1.3125,,3.0,1.0,,,,,,,,,,,10.5,38.0,24.0,3.0,69.0,31.0,13.0,8.0,1.0,2.0,69.0,121.0,10.10526316,,1.0,,1.0,1.0,2.0,2.0,8.0,8.0,18.0,,,16.0,,,,,,,,,,,,,,,,,26.38207125,2.90216706,0.171448325,0.178676131,0.116764851,84.0,42.0,21.0,16.0,8.0,31.60139437,6.0,3.0,0.343769301,0.01063204,53.69029027,13.40652952,0.171448325,0.001034146,,0.235033216,0.235033216,,0.131618601,0.131618601,0.131618601,16.05882353,Zach Pascal,IND,FA,84,2978109,,FA,,{},"['RB/WR', 'WR', 'WR/TE', 'RB/WR/TE', 'OP', 'BE', 'IR']",,,,,,1.0,1.0,14.0,1.0,,,,,,,,,,,1.0,,,,,,,,,,,,,,,,,,,,,,,,,,,,,,,,,,,,,,,,,,,,,,,,,,,,,,2.0,,,,,,,,,,,,,,,,,,,,,,,,,,,,,,,,,,,,,,,,,,,,,,,,,,,,,,,,,,,,,,,,,,,,,,,,,,,,,,,,,,,,,,,,,,,,,,,,,,,,,,,,,,,,,,,,,,,,,,,,,,,,,,,,,,,,,,,,,,,,,,,,,,,,,,,,,,,,,,,,,,,,,,,,2021,,,,,,,,,,,,,,,,,,,,,,,,,,,,,,,,,,,,,
0.0,0.0,0.0,0.0,,,,,,,,,,,,,,,,,,,,,,,,,,,,,,,,,,,,,,,,,,,,,,,,,,,,,,,,,,,,,,,,,,,,,,,,,,,,,,,,,,,,,Deshaun Watson,HOU,FA,0,3122840,,FA,,{},"['QB', 'OP', 'BE', 'IR']",,,,,,,,,,,,,,,,,,,,,,,,,,,,,,,,,,,,,,,,,,,,,,,,,,,,,,,,,,,,,,,,,,,,,,,,,,,,,,,,,,,,,,,,,,,,,,,,,,,,,,,,,,,,,,,,,,,,,,,,,,,,,,,,,,,,,,,,,,,,,,,,,,,,,,,,,,,,,,,,,,,,,,,,,,,,,,,,,,,,,,,,,,,,,,,,,,,,,,,,,,,,,,,,,,,,,,,,,,,,,,,,,,,,,,,,,,,,,,,,,,2021,,,,,,,,,,,,,,,,,,,,,,,,,,,,,,,,,,,,,
148.0,12.33,223.05,13.94,48.0,18.5,5.0,41.0,17.0,6.0,4.0,1.0,,5.0,,,,,,4.625,,,,,,,,,,,,,2.0,9.0,2.0,4.0,17.0,,,4.0,8.0,84.0,4.0,,12.0,52.57143953,11.63936861,2.718868768,0.070452616,37.0,18.0,9.0,7.0,3.0,10.0,5.0,0.099329323,0.069530526,0.094381374,0.003220874,3.555439383,,,,,,,,,,,,,,,,,,0.992856471,0.035681651,0.669518664,,8.109466195,0.307978585,,3.8791534,18.30920494,16.05882353,Sam Darnold,CAR,FA,29,3912547,,FA,,{},"['QB', 'OP', 'BE', 'IR']",,,,,,,,,,,,,,,,,,,,,,406.0,243.0,163.0,210.58333333,9.0,500.0,247.0,120.0,97.0,46.0,21.0,44.0,18.0,27.0,11.0,1.0,1.0,3.0,1.0,13.0,0.59852217,35.0,7.0,6.0,1.0,1.0,,542.3105908,336.0413536,206.2692372,240.1713897,17.2889679,771.0,385.0,192.0,154.0,77.0,38.0,67.0,33.0,3.137820187,2.050565492,3.11903245,0.421299502,0.922403856,14.43005154,0.619647411,41.88335764,7.439947531,3.571174815,,,,,1.0,,,,,,,,,,,,,,,,,,,,,,,,,,,,,,,,,,,,,,,,,,,,,,,,,,,,,,,,,,,,,,,,,,,,,,,,,,,,,,,,,,,,,,,,,,,,,,,,,,,,,,,,,,,,,,,,,,,,,,,,,,2.0,,,,,,,,,,,,,,,,,,,,,,,,,,,,,,,,,,,,,,,,,,,,2021,,,,,,,,,,,,,,,,,,,,,,,,,,,,,,,,,,,,,
31.0,3.1,60.7,4.05,8.0,5.8,,10.0,5.0,2.0,1.0,,,,,,,,,7.25,23.0,12.3,3.0,20.0,8.0,2.0,2.0,1.0,1.0,29.0,134.0,5.34782609,,1.0,,,,1.0,1.0,7.0,3.0,18.0,,,10.0,32.81277815,8.494383625,0.829081821,0.033831358,25.0,12.0,6.0,5.0,2.0,6.0,3.0,0.061250963,0.042875674,0.041756613,0.001424993,3.913569679,21.72210625,1.938189465,0.07707977,0.046361486,0.030297231,65.0,32.0,16.0,13.0,6.0,44.01518121,8.0,4.0,0.147878485,0.004573561,57.27317268,7.460769821,0.110911128,0.002432807,0.236144941,0.316765691,0.552910632,0.108626673,0.177388787,0.28601546,0.28601546,15.11764706,Giovani Bernard,TB,FA,80,15826,,FA,,{},"['RB', 'RB/WR', 'RB/WR/TE', 'OP', 'BE', 'IR']",,,,,,1.0,,53.0,3.0,,,0.071208,,63.468,,,6.0,2.0,,2.0,,,,,,,,,,,,,,,,,,,,,,,,,,,,,,,,,,,,,,,,,,,,,,,,,,,,,,1.0,,,,,,,,,,,,,,,,,,,,,,,,,,,,,,,,,,,,,,,,,,,,,,,,,,,,,,,,,,7.0,,,,,,,,,,,,,,,,,,,,,,,,,,,,,,,,,,,,,,,,,,,,,,,,,,,,,,,,,,,,,,,,,,,,,,,,,,,,,,,,,,,,,,,,,,,,,,,,,,,,,,,,,,,,,,2021,,,,,,,,,,,,,,,,,,,,,,,,,,,,,,,,,,,,,
47.0,4.7,51.88,3.46,,,,,,,,,,,,,,,,,29.0,39.6,2.0,75.0,35.0,15.0,11.0,5.0,2.0,49.0,119.0,13.65517241,,,,,,2.0,2.0,5.0,5.0,12.0,,1.0,10.0,,,,,,,,,,,,,,,,,22.69542466,2.847688757,0.15868408,0.16127589,0.105393794,70.0,35.0,17.0,14.0,7.0,27.81801356,5.0,2.0,0.169818337,0.005252114,45.7408857,12.69372115,0.15868408,0.002092594,,0.475589466,0.475589466,,0.266330101,0.266330101,0.266330101,15.55882353,Josh Reynolds,DET,FA,85,3115306,,FA,,{},"['RB/WR', 'WR', 'WR/TE', 'RB/WR/TE', 'OP', 'BE', 'IR']",,,,,,,,,,,,,,,,,,,,,1.0,,,,,,,,,,,,,,,,,,,,,,,,,,,,,,,,,,,,,,,,,,,,,,,,,,,,,,,,,,,,,,,,,,,,,,,,,,,,,,,,,,,,,,,,,,,,,,,,,,,,,,,,,,,,,,,,,,,,,,,,,,,,,,,,,,,,,,,,,,,,,,,,,,,,,,,,,,,,,,,,,,,,,,,,,,,,,,,,,,,,,,,,,,,,,,,,,,,,,,,,,,,,,,,,,,,,,,,,,,,,,2021,,,,,,,,,,,,,,,,,,,,,,,,,,,,,,,,,,,,,
17.0,1.13,1.62,0.11,18.0,7.86666667,1.0,22.0,9.0,3.0,3.0,1.0,,1.0,,1.0,,,,6.55555556,7.0,4.0,,12.0,6.0,2.0,1.0,,,10.0,64.0,8.57142857,2.0,2.0,2.0,2.0,2.0,4.0,7.0,3.0,11.0,6.0,,,15.0,3.790869624,1.034448493,0.106160963,0.00408957,3.0,1.0,,,,,,0.006966467,0.004876527,0.000517783,1.76699e-05,4.125287536,,,,,,,,,,,,,,,,,,0.00408957,0.000136807,0.031092582,,0.031092582,0.014302588,,0.014302588,0.014302588,15.11764706,Godwin Igwebuike,DET,FA,99,3045238,,FA,,{},"['RB', 'RB/WR', 'RB/WR/TE', 'OP', 'BE', 'IR']",,,,,,,,697.0,64.0,24.0,,,,,,,,,,,,,,,,,,,,,,,,,,,,,,,,,,,,,,,,,,,,,,,,,,,,,,,,,,,,,,,,,3.0,,,,,,,,,,,,,,,,,,,,,,,,,,,,,,,,,,,,,,1.0,,,,,,,,,,,,,,,,,,,,,,,,,,,,,,,,,,,,,,,,,,,,,,,,,,,,,,,,,,,,,,,,,,,,,,,,,,,,,,,,,,,,,,,,,,,,,,,,,,,,,,,,,,,,,,,,,,,,,,,,,,,,,,,,,2021,,,,,,,,,,,,,,,,,,,,,,,,,,,,,,,,,,,,,
13.0,1.18,80.16,5.34,54.0,12.90909091,,26.0,11.0,4.0,3.0,1.0,,7.0,2.0,,,,,2.62962963,5.0,2.63636364,,5.0,2.0,,,,,8.0,28.0,5.8,,,,,,,,6.0,5.0,,,,11.0,111.3486157,31.47259439,2.823989336,0.086006311,95.0,47.0,23.0,19.0,9.0,22.0,11.0,0.21661598,0.151631186,0.585953854,0.019996357,4.272990472,8.907761865,0.657445258,0.030688018,0.055458147,0.036241899,26.0,13.0,6.0,5.0,2.0,16.34582917,3.0,1.0,0.053829372,0.001664826,22.38801173,8.238456339,0.116694329,0.00460832,0.91327752,0.134067929,1.047345449,0.420107659,0.07507804,0.495185699,0.495185699,15.11764706,Tony Jones Jr.,NO,FA,105,4046676,,FA,,{},"['RB', 'RB/WR', 'RB/WR/TE', 'OP', 'BE', 'IR']",,,,,,,,5.0,,,,,,,,,,,,,,,,,,,,,,,,,,,,,,,,,,,,,,,,,,,,,,,,,,,,,,,,,,,,,,,,,,,,,,,,,,,,,,,,,,,,,,,,,,,,,,,,,,,,,,,,,,,,,,,,,,,,,,,,,,,,,,,,,,,,,,,,,,,,,,,,,,,,,,,,,,,,,,,,,,,,,,,,,,,,,,,,,,,,,,,,,,,,,,,,,,,,,,,,,,,,,,,,,,,,,,,,,,,,,,,,,,,,,,,,,,2021,,,,,,,,,,,,,,,,,,,,,,,,,,,,,,,,,,,,,
183.0,13.07,252.59,15.79,17.0,6.21428571,,14.0,6.0,2.0,1.0,,,,,,,,,5.11764706,,,,,,,,,,,,,3.0,9.0,2.0,6.0,14.0,,,3.0,10.0,114.0,,,14.0,44.1249217,6.212814917,2.00456847,0.07726606,19.0,9.0,4.0,3.0,1.0,8.0,4.0,0.082864221,0.058004955,0.025006938,0.000853391,2.261091794,,,,,,,,,,,,,,,,,,1.162696588,0.039573408,0.584668665,,8.99395637,0.268947586,,4.305405684,16.78063802,16.05882353,Jared Goff,DET,FA,23,3046779,,FA,,{},"['QB', 'OP', 'BE', 'IR']",,,,,,,,,,,,,,,,,,,,,,494.0,332.0,162.0,231.78571429,19.0,643.0,317.0,154.0,121.0,58.0,27.0,61.0,28.0,25.0,9.0,2.0,1.0,1.0,4.0,8.0,0.67206478,35.0,5.0,9.0,2.0,3.0,3.0,600.851044,390.7627715,210.0882725,272.8936378,21.89057858,876.0,438.0,219.0,175.0,87.0,43.0,78.0,39.0,3.78947943,2.476424808,4.28578301,0.578896911,1.085430529,12.47523234,0.650348827,33.79757645,8.409287705,4.036458099,,,,,,,,,,,,,,,,,,,,,,,,,,,,,,,,,,,,,,,,,,,,,,,,,,,,,,,,,,,,,,,,,,,,,,,,,,,,,,,,,,,,,,,,,,,,,,,,,,,,,,,,,,,,,,,,,,,,,,,,,,,,,,,3.0,,,,,,,,,,,,,,,,,,,,,,,,,,,,,,,,,,,,,,,,,,,,2021,,,,,,,,,,,,,,,,,,,,,,,,,,,,,,,,,,,,,
19.0,4.75,20.2,1.35,15.0,18.5,2.0,13.0,5.0,2.0,1.0,,,2.0,,,,,,4.93333333,4.0,5.75,,4.0,2.0,1.0,,,,5.0,21.0,5.75,,,,,,,,2.0,1.0,12.0,1.0,,4.0,22.74521774,6.206690955,0.636965779,0.02453742,18.0,9.0,4.0,3.0,1.0,4.0,2.0,0.042229958,0.029560971,0.022109818,0.000754523,4.125287536,4.596135365,0.258450452,0.012861727,0.046830771,0.030603909,13.0,6.0,3.0,2.0,1.0,9.114702866,1.0,,0.033031261,0.001021585,12.08985963,7.623150562,0.037399147,0.001149781,0.186555494,0.07475848,0.261313974,0.085815527,0.041864749,0.127680276,0.127680276,15.11764706,Jermar Jefferson,DET,FA,95,4374033,,FA,,{},"['Rookie', 'RB', 'RB/WR', 'RB/WR/TE', 'OP', 'BE', 'IR']",,,,,,,,,,,,,,,,,,,,,,,,,,,,,,,,,,,,,,,,,,,,,,,,,,,,,,,,,,,,,,,,,,,,,,,,,,,,,1.0,,,,,,,,,,,,,,,,,,,,,,,,,,,,,,,,,,,,,,,,,,,,,,,,,,,,,,,,,,,,,,,,,,,,,,,,,,,,,,,,,,,,,,,,,,,,,,,,,,,,,,,,,,,,,,,,,,,,,,,,,,,,,,,,,,,,,,,,,,,,,,,,,,,,,,,,,,,,,,,,,,,,,2021,,,,,,,,,,,,,,,,,,,,,,,,,,,,,,,,,,,,,
17.0,2.83,88.15,5.88,33.0,20.83333333,1.0,23.0,11.0,4.0,1.0,,,5.0,,,,,,3.78787879,3.0,1.66666667,,1.0,,,,,,5.0,8.0,3.33333333,,,,,,,,1.0,5.0,6.0,,,6.0,105.1400244,28.86026588,3.65913328,0.143376127,87.0,43.0,21.0,17.0,8.0,21.0,10.0,0.203891525,0.142724067,0.492898099,0.016820721,4.149697662,12.61261065,0.803998254,0.046659799,0.037891459,0.024762069,38.0,19.0,9.0,7.0,3.0,26.95962813,5.0,2.0,0.071320535,0.00220579,35.67416531,7.072538071,0.190035925,0.004743639,0.858075166,0.220024558,1.078099724,0.394714577,0.123213752,0.517928329,0.517928329,15.11764706,Malcolm Brown,MIA,FA,99,2570986,,FA,,{},"['RB', 'RB/WR', 'RB/WR/TE', 'OP', 'BE', 'IR']",,,,,,,,,,,,,,,,,,,,,,,,,,,,,,,,,,,,,,,,,,,,,,,,,,,,,,,,,,,,,,,,,,,,,,,,,,,,,1.0,,,,,,,,,,,,,,,,,,,,,,,,,,,,,,,,,,,,,,,,,,,,,,,,,,,,,,,,,,,,,,,,,,,,,,,,,,,,,,,,,,,,,,,,,,,,,,,,,,,,,,,,,,,,,,,,,,,,,,,,,,,,,,,,,,,,,,,,,,,,,,,,,,,,,,,,,,,,,,,,,,,,,2021,,,,,,,,,,,,,,,,,,,,,,,,,,,,,,,,,,,,,
42.0,8.4,125.82,7.4,,,,,,,,,,,,,,,,,,,,,,,,,,,,,,,,,,,,1.0,4.0,40.0,,,5.0,,,,,,,,,,,,,,,,,,,,,,,,,,,,,,,,,,,,,,,,,,,17.0,Rodrigo Blankenship,IND,FA,33,3915165,,FA,,{},"['K', 'BE', 'IR']",,,,,,,,,,,,,,,,,,,,,,,,,,,,,,,,,,,,,,,,,,,,,,,,,,,,,,,,,,,,,,,,,,,,,,,,,,,,,,,,1.0,5.0,6.0,1.0,6.0,7.0,1.0,11.0,14.0,3.0,7.0,8.0,1.0,,1.0,3.108131641,4.998727045,1.890595404,7.656652391,10.3568397,2.700187304,15.97533876,17.31585186,1.340513096,26.74012279,32.6714186,5.931295805,37.65475116,40.80556826,3.150817094,3.108131641,4.998727045,1.890595404,,,,,,,,,,,,,,,,,,,,,,,,,,,,,,,,,,,,,,,,,,,,,,,,,,,,,,,,,,,,,,,,,,,,,,,,,,,,,,,,,,,,,,,1.0,1.0,,,,,,,,,,,,,,,,,,,,,,,,,,,,,,,,,,,,,,,,,,2021,,,,,,,,,,,,,,,,,,,,,,,,,,,,,,,,,,,,,
91.0,7.58,0.0,0.0,,,,,,,,,,,,,,,,,,,,,,,,,,,,,,,,,,1.0,1.0,4.0,8.0,82.0,,,12.0,,,,,,,,,,,,,,,,,,,,,,,,,,,,,,,,,,,,,,,,,,,,Zane Gonzalez,CAR,FA,26,3043234,,FA,,{},"['K', 'BE', 'IR']",,,,,,,,,,,,,,,,,,,,,,,,,,,,,,,,,,,,,,,,,,,,,,,,,,,,,,,,,,,,,,,,,,,,,,,,,,,,,,,2.0,4.0,10.0,10.0,,7.0,7.0,,20.0,22.0,2.0,22.0,23.0,1.0,2.0,4.0,,,,,,,,,,,,,,,,,,,,,,,,,,,,,,,,,,,,,,,,,,,,,,,,,,,,,,,,,,,,,,,,,,,,,,,,,,,,,,,,,,,,,,,,,,,,,,,,,,,,,,,,,2.0,2.0,,,,,,,,,1.0,40.0,,,40.0,,,,,,,1.0,,,,,,,,,,,,,,,,,,,,,,2021,,1.0,,,,,,,,,,,,,,,,,,,,,,,,,,,,,,,,,,,
26.0,1.73,43.51,2.72,9.0,3.13333333,1.0,8.0,2.0,,,,,,,,,,,5.22222222,20.0,11.86666667,1.0,33.0,14.0,6.0,5.0,2.0,2.0,26.0,81.0,8.9,,2.0,,1.0,1.0,1.0,1.0,10.0,5.0,12.0,1.0,,15.0,12.74635171,3.90059686,0.473349804,0.017498261,12.0,6.0,3.0,2.0,1.0,2.0,1.0,0.023538637,0.016477046,0.009773416,0.000333529,4.914268652,13.19327715,1.772565682,0.074105144,0.098702384,0.064502008,42.0,21.0,10.0,8.0,4.0,21.38137413,4.0,2.0,0.079083723,0.002445888,30.76311605,9.909022136,0.091603405,0.00111682,0.094800122,0.159022512,0.253822634,0.043608056,0.089052607,0.132660663,0.132660663,16.05882353,Isaiah McKenzie,BUF,FA,124,3128724,,FA,,{},"['RB/WR', 'WR', 'WR/TE', 'RB/WR/TE', 'OP', 'BE', 'IR']",,,,1.0,1.0,,,584.0,54.0,20.0,0.154322,0.364613538,579.84,245.4307692,57.0,23.0,24.0,9.0,1.0,1.0,,,,,,,,,,,,,,,,,,,,,,,,,,,,,,,,,,,,,,,,,,,,,,,,,,,,,,,,,,,,,,,,,,,,,,,,,,,,,,,,,,,,,,,,,,,,,,,,,,,,,,,,,,,,,,,,147.0,11.0,4.0,,,,,,,,,,,,,,,,,,,,,,,,,,,,,,,,,,,,,,,,,,,,,,,,,,,,,,,,,,,,,,,,,,,,,,,,,,,,,,,,,,,,,,,,,,,,,,,,,,,,,,,,,,,,2021,,,,,,,,,,,,,,,,,,,,,,,,,,,,,,,,,,,,,
11.0,0.92,86.01,5.38,,,,,,,,,,,,,,,,,17.0,11.5,,24.0,9.0,3.0,2.0,,,30.0,61.0,8.11764706,,,,,,,,4.0,8.0,2.0,,,12.0,,,,,,,,,,,,,,,,,41.9623384,3.217580012,0.170979374,0.160970073,0.105193943,134.0,67.0,33.0,26.0,13.0,54.88473451,10.0,5.0,0.870346348,0.026917928,87.27776931,12.27783633,0.170979374,0.002565838,,0.583144958,0.583144958,,0.326561177,0.326561177,0.326561177,16.05882353,Terrace Marshall Jr.,CAR,FA,151,4362630,,FA,,{},"['Rookie', 'RB/WR', 'WR', 'WR/TE', 'RB/WR/TE', 'OP', 'BE', 'IR']",,,,,,,,,,,,,,,,,,,,,,,,,,,,,,,,,,,,,,,,,,,,,,,,,,,,,,,,,,,,,,,,,,,,,,,,1.0,,,,,,,,,,,,,,,,,,,,,,,,,,,,,,,,,,,,,,,,,,,,,,,,,,,,,,,,,,,,,,,,,,,,,,,,,,,,,,,,,,,,,,,,,,,,,,,,,,,,,,,,,,,,,,,,,,,,,,,,,,,,,,,,,,,,,,,,,,,,,,,,,,,,,,,,,,,,,,,,,,,,,,,,,,2021,,,,,,,,,,,,,,,,,,,,,,,,,,,,,,,,,,,,,
24.0,1.41,80.78,4.75,,,,,,,,,,,,,,,,,,,,,,,,,,,,,,,,,,771.0,1217.0,4.0,13.0,,,,17.0,,,,,,,,,,,,,,,,,,,,,,,,,,,,,,,,,,,,,,,,,,,17.0,Jets D/ST,NYJ,FA,32,-16020,,FA,,{},"['D/ST', 'BE', 'IR']",,,,,,,,1371.0,128.0,47.0,0.22046,0.2159976,680.104,229.4868387,68.0,27.0,22.0,9.0,,,,,,,,,,,,,,,,,,,,,,,,,,,,,,,,,,,,,,,,,,,,,,,,,,,,,,,,,446.0,,,13.0,,,,,,,,,,,,,,,,,,,,,,,,,,,,,,,,,,,7.0,0.0,0.0,0.0,1.0,1.0,7.0,,,33.0,66.0,1.0,,1.0,2.0,400.0,236.0,78.0,60.0,206.0,15.0,3.0,504.0,2.0,6.0,5.0,2.0,6760.0,0.0,0.0,2.0,3.0,4.0,3.0,3.0,1.0,1.0,0.0,0.0,0.0,1.0,2.0,6.0,5.0,2.0,0.085772804,0.38215606,1.732440803,2.106104506,0.071382151,1.602875771,12.83569848,9.571279877,1.156216406,0.562688012,43.15486586,86.30973173,1.060312175,0.542563596,2.110715522,14.72504596,1007.469986,335.0,201.0,66.01832706,410.9797899,2.462783495,4.27165551,3.643221101,2.046658008,0.269207713,24.17528176,6144.087634,0.399440084,3.56946458,3.594960756,4.028395741,2.983052542,1.614757786,0.628905664,0.181022847,361.4169196,-410.9797899,,,,,,,,,,,1.0,1.0,,,,,,,,,,,,,,,,,,,,,,,,,,,,,,,,,,,2021,,,,,,,,,,,,,,,,,,,,,,,,,,,,,,,,,,,,,
77.0,4.81,68.3,4.27,4.0,1.75,,4.0,1.0,,,,,,,,,,,7.0,48.0,36.0,4.0,111.0,52.0,22.0,17.0,6.0,3.0,71.0,264.0,12.0,,,,,,,,3.0,12.0,24.0,,,16.0,,,,,,,,,,,,,,,,,33.99488239,2.10144505,0.104577928,0.3007384,0.196532544,109.0,54.0,27.0,21.0,10.0,37.50259639,7.0,3.0,0.486566401,0.015048445,60.44929816,14.55680059,0.104577928,0.00175323,,0.398461434,0.398461434,,0.223138403,0.223138403,0.223138403,16.05882353,Kalif Raymond,DET,FA,53,2973405,,FA,,{},"['RB/WR', 'WR', 'WR/TE', 'RB/WR/TE', 'OP', 'BE', 'IR']",,1.0,1.0,2.0,2.0,,,,,,0.154322,0.166152,611.4175439,209.8983051,61.0,24.0,20.0,8.0,,2.0,1.0,,,,,,,,,,,,,,,,,,,,,,,,,,,,,,,,,,,,,,,,,,,,,,,,,,,,,,,,,,,,,,,,,,,,,,,,,,,,,,,,,,,,,,,,,,,,,,,,,,,,,,,,,,,,,,,236.0,19.0,4.0,,,,,,,,,,,,,,,,,,,,,,,,,,,,,,,,,,,,,,,,,,,,,,,,,,,,,,,,,,,,,,,,,,,,,,,,,,,,,,,,,,,,,,,,,,,,,,,,,,,,,,,,,,,,2021,,,,,,,,,,,,,,,,,,,,,,,,,,,,,,,,,,,,,
32.0,1.88,32.19,2.15,33.0,8.11764706,2.0,25.0,9.0,3.0,2.0,,,1.0,,,,,,4.18181818,21.0,7.82352941,,24.0,11.0,4.0,3.0,,2.0,23.0,110.0,6.33333333,,1.0,,,,6.0,10.0,7.0,10.0,12.0,2.0,,17.0,34.22618997,9.551245111,1.479861346,0.043706256,28.0,14.0,7.0,5.0,2.0,6.0,3.0,0.063940673,0.044758471,0.053227813,0.001816461,4.218767929,4.191306452,0.400351599,0.015283196,0.047349255,0.030942738,12.0,6.0,3.0,2.0,1.0,8.622392434,1.0,,0.030740414,0.000950734,11.01026949,7.348620716,0.058989451,0.001237078,0.224577627,0.056576453,0.28115408,0.103305709,0.031682814,0.134988522,0.134988522,15.11764706,DeeJay Dallas,SEA,FA,78,4240631,,FA,,{},"['RB', 'RB/WR', 'RB/WR/TE', 'OP', 'BE', 'IR']",,,,,,1.0,,764.0,70.0,23.0,0.176368,,544.0832,,54.0,21.0,,,,,,,,,,,,,,,,,,,,,,,,,,,,,,,,,,,,,,,,,,,,,,,,,,,,,,,,,,,4.0,,,1.0,,,,,,,,,,,,,,,,,,,,,,,,,,,,,,,,,,,,,,,,,,,,,,,,,,1.0,,,,,,,,,,,,,,,,,,,,,,,,,,,,,,,,,,,,,,,,,,,,,,,,,,,,,,,,,,,,,,,,,,,,,,,,,,,,,,,,,,,,,,,,,,,,,,,,,,,,,,,,,,,,,,,,,,2021,,,,,,,,,,,,,,,,,,,,,,,,,,,,,,,,,,,,,
30.0,1.88,7.49,0.47,,,,,,,,,,,,,,,,,36.0,22.5,,68.0,30.0,13.0,8.0,3.0,2.0,55.0,137.0,10.0,,,,,,1.0,1.0,12.0,4.0,,,,16.0,,,,,,,,,,,,,,,,,3.384093022,0.418070413,0.016633767,0.195784439,0.127945131,10.0,5.0,2.0,2.0,1.0,4.282271455,,,0.027002985,0.000835144,6.700141593,12.69059031,0.016633767,0.000200194,,0.045498717,0.045498717,,0.025479282,0.025479282,0.025479282,16.05882353,Tyler Johnson,TB,FA,117,2310331,,FA,,{},"['RB/WR', 'WR', 'WR/TE', 'RB/WR/TE', 'OP', 'BE', 'IR']",,,,,,,,10.0,1.0,,,,,,,,,,,,,,,,,,,,,,,,,,,,,,,,,,,,,,,,,,,,,,,,,,,,,,,,,,,,,,,,,,,,,,,,,,,,,,,,,,,,,,,,,,,,,,,,,,,,,,,,,,,,,,,,,,,,,,,,,,,,,,,,,,,,,,,,,,,,,,,,,,,,,,,,,,,,,,,,,,,,,,,,,,,,,,,,,,,,,,,,,,,,,,,,,,,,,,,,,,,,,,,,,,,,,,,,,,,,,,,,,,,,,,,,,2021,,,,,,,,,,,,,,,,,,,,,,,,,,,,,,,,,,,,,
32.0,8.0,22.82,1.43,9.0,5.25,,4.0,2.0,,,,,1.0,,,,,,2.33333333,,,,,,,,,,,,,,1.0,,,1.0,,,3.0,1.0,24.0,,,4.0,7.665792053,2.520064541,0.227590806,0.006722869,8.0,4.0,2.0,1.0,,1.0,,0.014123335,0.009886334,0.004372139,0.000149204,5.279202915,,,,,,,,,,,,,,,,,,0.10724598,0.003777628,0.114773896,,0.858551882,0.052795992,,0.409809426,1.098824441,16.05882353,Gardner Minshew,PHI,FA,46,4038524,,FA,,{},"['QB', 'OP', 'BE', 'IR']",,,,,,,,,,,,,,,,,,,,,,60.0,41.0,19.0,109.75,4.0,87.0,43.0,21.0,16.0,7.0,3.0,7.0,3.0,3.0,1.0,,,,,1.0,0.68333333,5.0,1.0,1.0,,1.0,2.0,46.09616915,30.00911747,16.08705168,19.70706157,1.854355415,63.0,31.0,15.0,12.0,6.0,3.0,6.0,3.0,0.117146966,0.076555542,0.418283629,0.056499151,0.100523112,0.689015015,0.651011093,3.581044597,0.743777986,0.357013433,,,,,,,,,,,,,,,,,,,,,,,,,,,,,,,,,,,,,,,,,,,,,,,,,,,,,,,,,,,,,,,,,,,,,,,,,,,,,,,,,,,,,,,,,,,,,,,,,,,,,,,,,,,,,,,,,,,,,,,,,,,,,,,,,,,,,,,,,,,,,,,,,,,,,,,,,,,,,,,,,,,,,,,,,,,2021,,,,,,,,,,,,,,,,,,,,,,,,,,,,,,,,,,,,,
149.0,11.46,77.09,4.82,18.0,3.38461538,,6.0,2.0,,,,,,,,,,,2.44444444,,,,,,,,,,,,,,5.0,,1.0,11.0,,,2.0,11.0,98.0,,,13.0,13.13988741,3.515634503,0.615958254,0.021879247,11.0,5.0,2.0,2.0,1.0,2.0,1.0,0.024622023,0.017235416,0.024684335,0.000842382,4.296608664,,,,,,,,,,,,,,,,,,0.375783884,0.012961924,0.176276115,,2.945891783,0.081087013,,1.410502534,6.600486776,16.05882353,Davis Mills,HOU,FA,28,4242546,,FA,,{},"['Rookie', 'QB', 'OP', 'BE', 'IR']",,,,,,,,,,,,,,,,,,,,,,394.0,263.0,131.0,204.92307692,16.0,527.0,261.0,128.0,101.0,48.0,22.0,46.0,20.0,21.0,7.0,4.0,1.0,4.0,1.0,10.0,0.66751269,31.0,5.0,6.0,3.0,3.0,1.0,191.7498422,119.0740734,72.67576884,85.56774939,6.690974099,274.0,137.0,68.0,54.0,27.0,13.0,23.0,11.0,1.07659007,0.703551611,1.237557974,0.167161633,0.353904637,5.189984243,0.620986552,14.70148564,2.769615668,1.329415521,,,,,,,,,,,,,,,,,,,,,,,,,,,,,,,,,,,,,,,,,,,,,,,,,,,,,,,,,,,,,,,,,,,,,,,,,,,,,,,,,,,,,,,,,,,,,,,,,,,,,,,,,,,,,,,,,,,,,,,,,,,,,,,1.0,,,,,1.0,,,,,,,,,,,,,,,,,,,,,,,,,,,,,,,,,,,,,,,2021,,,,,,,,,,,,,,,,,,,,,,,,,,,,,,,,,,,,,
49.0,2.88,35.9,2.24,,,,,,,,,,,,,,,,,24.0,18.58823529,4.0,58.0,25.0,11.0,9.0,1.0,,45.0,150.0,13.16666667,,1.0,,,,3.0,4.0,9.0,8.0,24.0,,,17.0,,,,,,,,,,,,,,,,,16.15944661,1.834626819,0.108411028,0.173904449,0.113646558,51.0,25.0,12.0,10.0,5.0,22.36421354,4.0,2.0,0.100806461,0.003117726,33.01367247,11.60343515,0.108411028,0.001299041,,0.295236552,0.295236552,,0.165332469,0.165332469,0.165332469,16.05882353,Mo Alie-Cox,IND,FA,25,2998565,,FA,,{},"['WR/TE', 'TE', 'RB/WR/TE', 'OP', 'BE', 'IR']",,,,,,1.0,,,,,,,,,,,,,,1.0,1.0,,,,,,,,,,,,,,,,,,,,,,,,,,,,,,,,,,,,,,,,,,,,,,,,,,,,,2.0,1.0,,,,,,,,,,,,,,,,,,,,,,,,,,,,,,,,,,,,,,,,,,,,,,,,,,,,,,,,,,,,,,,,,,,,,,,,,,,,,,,,,,,,,,,,,,,,,,,,,,,,,,,,,,,,,,,,,,,,,,,,,,,,,,,,,,,,,,,,,,,,,,,,,,,,,,,,,,,,,,,,,,,,,,,2021,,,,,,,,,,,,,,,,,,,,,,,,,,,,,,,,,,,,,
20.0,1.82,18.25,1.22,16.0,6.18181818,1.0,9.0,4.0,1.0,1.0,,,1.0,,,,,,4.25,23.0,14.27272727,,29.0,12.0,4.0,2.0,,,29.0,128.0,6.82608696,,2.0,,1.0,1.0,5.0,5.0,7.0,4.0,6.0,1.0,,11.0,18.6267295,5.306769796,0.579773947,0.017098426,16.0,8.0,4.0,3.0,1.0,3.0,1.0,0.034507381,0.024155167,0.016116971,0.00055001,4.307029465,3.79426755,0.3181898,0.018484159,0.046427951,0.030340666,11.0,5.0,2.0,2.0,1.0,7.531550757,1.0,,0.028326303,0.000876071,10.05415627,7.61601422,0.035582585,0.000944017,0.152775795,0.061773521,0.214549316,0.070276866,0.034593171,0.104870037,0.104870037,15.11764706,JaMycal Hasty,SF,FA,93,3928925,,FA,,{},"['RB', 'RB/WR', 'RB/WR/TE', 'OP', 'BE', 'IR']",,,,,,1.0,,145.0,13.0,3.0,,,,,,,,,,,,,,,,,,,,,,,,,,,,,,,,,,,,,,,,,,,,,,,,,,,,,,,,,,,,,,,,,,,,,,,,,,,,,,,,,,,,,,,,,,,,,,,,,,,,,,,,,,,,,,,,,,,,,,,,,,,,,,,,,,,,,,,,,,,,,,,,,,,,,,,,,,,,,,,,,,,,,,,,,,,,,,,,,,,,,,,,,,,,,,,,,,,,,,,,,,,,,,,,,,,,,,,,,,,,,,,,,,,,,,,,2021,,,,,,,,,,,,,,,,,,,,,,,,,,,,,,,,,,,,,
31.0,2.58,49.11,3.07,,,,,,,,,,,,,,,,,27.0,21.91666667,2.0,47.0,21.0,8.0,6.0,1.0,2.0,43.0,111.0,9.74074074,,1.0,,1.0,1.0,1.0,1.0,8.0,4.0,12.0,,,12.0,,,,,,,,,,,,,,,,,20.76335938,2.706620013,0.126338736,0.138073724,0.090231179,66.0,33.0,16.0,13.0,6.0,30.65250452,6.0,3.0,0.151922291,0.004698628,44.77602345,10.877908,0.126338736,0.001551235,,0.352553372,0.352553372,,0.197429889,0.197429889,0.197429889,16.05882353,Adam Trautman,NO,FA,40,3911853,,FA,,{},"['WR/TE', 'TE', 'RB/WR/TE', 'OP', 'BE', 'IR']",,,,,,1.0,1.0,,,,,,,,,,,,,,,,,,,,,,,,,,,,,,,,,,,,,,,,,,,,,,,,,,,,,,,,,,,,,,,,,,,2.0,,,,,,,,,,,,,,,,,,,,,,,,,,,,,,,,,,,,,,,,,,,,,,,,,,,,,,,,,,,,,,,,,,,,,,,,,,,,,,,,,,,,,,,,,,,,,,,,,,,,,,,,,,,,,,,,,,,,,,,,,,,,,,,,,,,,,,,,,,,,,,,,,,,,,,,,,,,,,,,,,,,,,,,,2021,,,,,,,,,,,,,,,,,,,,,,,,,,,,,,,,,,,,,
78.0,4.88,52.61,3.29,,,,,,,,,,,,,,,,,42.0,35.5,5.0,108.0,50.0,20.0,15.0,5.0,3.0,60.0,187.0,13.52380952,,2.0,,1.0,1.0,1.0,1.0,11.0,5.0,30.0,,,16.0,,,,,,,,,,,,,,,,,22.78237262,2.524354777,0.078150391,0.205771227,0.134471497,73.0,36.0,18.0,14.0,7.0,29.19362377,5.0,2.0,0.182638334,0.005648608,44.63856393,12.5321236,0.078150391,0.001364789,,0.310179409,0.310179409,,0.173700469,0.173700469,0.173700469,16.05882353,Byron Pringle,KC,FA,51,4036416,,FA,,{},"['RB/WR', 'WR', 'WR/TE', 'RB/WR/TE', 'OP', 'BE', 'IR']",,1.0,,,,,,621.0,57.0,18.0,0.274905271,,351.0305882,,35.0,14.0,,,,2.0,1.0,,,,,,,,,,,,,,,,,,,,,,,,,,,,,,,,,,,,,,,,,,,,,,,,,,,,,1.0,,,,,,,,,,,,,,,,,,,,,,,,,,,,,,,,,,,,,,,1.0,,,,,,,,,,,,,,,,,,,,,,,,,,,,,,,,,,,,,,,,,,,,,,,,,,,,,,,,,,,,,,,,,,,,,,,,,,,,,,,,,,,,,,,,,,,,,,,,,,,,,,,,,,,,,,,,,,,,,,,,,,,,,,,,,2021,,,,,,,,,,,,,,,,,,,,,,,,,,,,,,,,,,,,,
37.0,2.47,74.25,4.64,,,,,,,,,,,,,,,,,34.0,19.4,2.0,50.0,21.0,7.0,5.0,1.0,1.0,43.0,111.0,8.55882353,,2.0,,1.0,1.0,1.0,1.0,10.0,5.0,12.0,,,15.0,,,,,,,,,,,,,,,,,32.13240947,3.881283183,0.216279904,0.169263203,0.110613503,103.0,51.0,25.0,20.0,10.0,46.89656695,9.0,4.0,0.418716979,0.01295001,66.07016824,11.00312297,0.216279904,0.00189864,,0.431509088,0.431509088,,0.241645089,0.241645089,0.241645089,16.05882353,Anthony Firkser,TEN,FA,30,3049698,,FA,,{},"['WR/TE', 'TE', 'RB/WR/TE', 'OP', 'BE', 'IR']",,,,,,1.0,1.0,,,,,,,,,,,,,1.0,,,,,,,,,,,,,,,,,,,,,,,,,,,,,,,,,,,,,,,,,,,,,,,,,,,,,,1.0,,,,,,,,,,,,,,,,,,,,,,,,,,,,,,,,,,,,,,,1.0,,,,,,,,,,,,,,,,,,,,,,,,,,,,,,,,,,,,,,,,,,,,,,,,,,,,,,,,,,,,,,,,,,,,,,,,,,,,,,,,,,,,,,,,,,,,,,,,,,,,,,,,,,,,,,,,,,,,,,,,,,,,,,1.0,,,2021,,,,,,,,,,,,,,,,,,,,,,,,,,,,,,,,,,,,,
70.0,5.38,47.52,2.97,5.0,3.15384615,,6.0,2.0,1.0,,,,,,,,,,8.2,36.0,43.84615385,3.0,108.0,52.0,22.0,16.0,6.0,2.0,59.0,241.0,15.83333333,,2.0,,1.0,1.0,2.0,2.0,6.0,7.0,18.0,,,13.0,8.565278131,3.354996118,0.196463319,0.00598341,10.0,5.0,2.0,2.0,1.0,1.0,,0.015781359,0.011046951,0.007143759,0.000243789,6.290197443,18.60888961,1.645373781,0.076774214,0.205514054,0.134303434,59.0,29.0,14.0,11.0,5.0,24.81275399,4.0,2.0,0.156524903,0.004840976,36.45225973,12.04368022,0.082757624,0.001560409,0.091005246,0.263633094,0.35463834,0.041862413,0.147634533,0.189496946,0.189496946,16.05882353,Deonte Harris,NO,FA,59,4411193,,FA,,{},"['RB/WR', 'WR', 'WR/TE', 'RB/WR/TE', 'OP', 'BE', 'IR']",,3.0,3.0,,,,,690.0,65.0,23.0,0.154322,0.29099071,832.5590909,279.6387097,83.0,33.0,27.0,11.0,,,,,,,,,,,,,,,,,,,,,,,,,,,,,,,,,,,,,,,,,,,,,,,,,,,,,,,,,,,,,,,,,,,,,,,,,,,,,,,,,,,,,,,,,,,,,,,,,,,,,,,,,,,,,,,,,,199.0,15.0,5.0,,,,,,,,,,,,,,,,,,,,,,,,,,,,,,,,,,,,,,,,,,,,,,,,,,,,,,,,,,,,,,,,,,,,,,,,,,,,,,,,,,,,,,,,,,,,,,,,,,,,,,,,,,,,2021,,,,,,,,,,,,,,,,,,,,,,,,,,,,,,,,,,,,,
48.0,2.82,44.74,2.8,,,,,,,,,,,,,,,,,29.0,17.76470588,3.0,56.0,28.0,11.0,7.0,2.0,2.0,43.0,125.0,10.4137931,,,,,,,,9.0,8.0,20.0,,,17.0,,,,,,,,,,,,,,,,,18.69364423,2.49079095,0.147184814,0.094844196,0.061980682,60.0,30.0,15.0,12.0,6.0,29.36243606,5.0,2.0,0.125785886,0.003890285,44.01822996,10.22387697,0.147184814,0.002017267,,0.458469693,0.458469693,,0.256743028,0.256743028,0.256743028,16.05882353,Jack Doyle,IND,FA,27,16504,,FA,,{},"['WR/TE', 'TE', 'RB/WR/TE', 'OP', 'BE', 'IR']",,,,,,,,,,,,,,,,,,,,2.0,,,,,,,,,,,,,,,,,,,,,,,,,,,,,,,,,,,,,,,,,,,,,,,,,,,,1.0,,1.0,,,,,,,,,,,,,,,,,,,,,,,,,,,,,,,,,,,,,,,,,,,,,,,,,,,,,,,,,,,,,,,,,,,,,,,,,,,,,,,,,,,,,,,,,,,,,,,,,,,,,,,,,,,,,,,,,,,,,,,,,,,,,,,,,,,,,,,,,,,,,,,,,,,,,,,,,,,,,,,,,,,,,,,,2021,,,,,,,,,,,,,,,,,,,,,,,,,,,,,,,,,,,,,
17.0,1.55,62.76,4.18,54.0,13.54545455,,26.0,10.0,4.0,1.0,,,6.0,,,,,,2.75925926,12.0,10.63636364,,20.0,7.0,2.0,1.0,,,19.0,113.0,9.75,,,,,,1.0,1.0,5.0,6.0,,,,11.0,76.83309478,21.7304641,2.500557106,0.097979539,65.0,32.0,16.0,13.0,6.0,15.0,7.0,0.146818758,0.10277313,0.278780852,0.009513721,4.275676877,8.557736957,0.676793608,0.039277515,0.039586668,0.025869887,25.0,12.0,6.0,5.0,2.0,18.32260413,3.0,1.0,0.052265882,0.001616471,23.78277687,7.060832949,0.137257054,0.002747232,0.504145923,0.120225096,0.624371018,0.231907124,0.067326054,0.299233178,0.299233178,15.11764706,Salvon Ahmed,MIA,FA,99,4243315,,FA,,{},"['RB', 'RB/WR', 'RB/WR/TE', 'OP', 'BE', 'IR']",,,,,,,,,,,,,,,,,,,,,,,,,,,,,,,,,,,,,,,,,,,,,,,,,,,,,,,,,,,,,,,,,,,,,,,,,,,,,,,,,,,,,,,,,,,,,,,,,,,,,,,,,,,,,,,,,,,,,,,,,,,,,,,,,,,,,,,,,,,,,,,,,,,,,,,,,,,,,,,,,,,,,,,,,,,,,,,,,,,,,,,,,,,,,,,,,,,,,,,,,,,,,,,,,,,,,,,,,,,,,,,,,,,,,,,,,,,,,,,,,,2021,,,,,,,,,,,,,,,,,,,,,,,,,,,,,,,,,,,,,
98.0,8.17,21.88,0.0,,,,,,,,,,,,,,,,,,,,,,,,,,,,,,,,,,1.0,2.0,6.0,6.0,87.0,,,12.0,,,,,,,,,,,,,,,,,,,,,,,,,,,,,,,,,,,,,,,,,,,0.472222222,Joey Slye,WSH,FA,23,3124084,,FA,,{},"['K', 'BE', 'IR']",,,,,,,,,,,,,,,,,,,,,,,,,,,,,,,,,,,,,,,,,,,,,,,,,,,,,,,,,,,,,,,,,,,,,,,,,,,1.0,,,,4.0,4.0,5.0,7.0,2.0,14.0,14.0,,23.0,25.0,2.0,18.0,22.0,4.0,4.0,4.0,0.577915407,0.913593473,0.335678066,1.419792528,1.892870137,0.473077609,2.953881644,3.16473556,0.210853917,4.951589579,5.97119917,1.019609592,5.469760488,5.85894738,0.389186893,0.577915407,0.913593473,0.335678066,,,,,,,,,,,,,,,,,,,,,,,,,,,,,,,,,,,,,,,,,,,,,,,,,,,,,,,,,,,,,,,,,,,,,,,,,,,,,,,,,,,,,,,,,,,,,,,,,,,,,,,,,,,,,,,,,,,,,,,,,,,,,,,,,,2021,,,,,,,,,,,,,,,,,,,,,,,,,,,,,,,,,,,,,
112.0,6.59,123.42,7.26,,,,,,,,,,,,,,,,,,,,,,,,,,,,,,,,,,,,6.0,11.0,105.0,,,17.0,,,,,,,,,,,,,,,,,,,,,,,,,,,,,,,,,,,,,,,,,,,17.0,Cairo Santos,CHI,FA,20,17427,,FA,,{},"['K', 'BE', 'IR']",,,,,,,,,,,,,,,,,,,,,,,,,,,,,,,,,,,,,,,,,,,,,,,,,,,,,,,,,,,,,,,,,,,,,,,,,,,,,,,,2.0,11.0,13.0,2.0,15.0,15.0,,26.0,30.0,4.0,27.0,28.0,1.0,,1.0,3.188186031,4.973462799,1.785276768,7.816366192,10.30449482,2.488128627,16.22632634,17.22833519,1.002008849,27.23087856,32.5062928,5.275414244,32.81222249,34.83104797,2.018825482,3.188186031,4.973462799,1.785276768,,,,,,,,,,,,,,,,,,,,,,,,,,,,,,,,,,,,,,,,,,,,,,,,,,,,,,,,,,,,,,,,,,,,,,,,,,,,,,,,,,,,,,,2.0,1.0,1.0,1.0,,,,,,,,,,,,,,,,,,,,,,,,,,,,,,,,,,,,,,,,2021,,,,,,,,,,,,,,,,,,,,,,,,,,,,,,,,,,,,,
0.0,0.0,250.73,15.67,1.0,2.0,,,,,,,,,,,,,,2.0,,,,,,,,,,,,,,1.0,,,,,,,1.0,,,,1.0,51.31949553,14.90365907,3.388316969,0.116029872,47.0,23.0,11.0,9.0,4.0,10.0,5.0,0.097068096,0.067947667,0.16460711,0.005617409,4.663631792,,,,,,,,,,,,,,,,,,1.446427449,0.031167923,0.610408388,,7.083618899,0.280787858,,3.387928904,17.28629479,16.05882353,Ryan Fitzpatrick,WSH,FA,70,8664,,FA,,{},"['QB', 'OP', 'BE', 'IR']",,,,,,,,,,,,,,,,,,,,,,6.0,3.0,3.0,13.0,,2.0,1.0,,,,,,,,,,,,,,0.5,1.0,1.0,,,,,512.0692725,342.0532155,170.0160569,238.2094755,21.47274979,765.0,382.0,191.0,153.0,76.0,38.0,68.0,34.0,3.246420752,2.121535962,3.570638222,0.482299601,1.330397577,13.89836589,0.66798231,32.15964781,6.473210511,3.107141045,,,,,,,,,,,,,,,,,,,,,,,,,,,,,,,,,,,,,,,,,,,,,,,,,,,,,,,,,,,,,,,,,,,,,,,,,,,,,,,,,,,,,,,,,,,,,,,,,,,,,,,,,,,,,,,,,,,,,,,,,,,,,,,,,,,,,,,,,,,,,,,,,,,,,,,,,,,,,,,,,,,,,,,,,,,2021,,,,,,,,,,,,,,,,,,,,,,,,,,,,,,,,,,,,,
63.0,4.2,8.88,0.55,,,,,,,,,,,,,,,,,38.0,31.73333333,4.0,90.0,41.0,16.0,15.0,4.0,1.0,57.0,144.0,12.52631579,,1.0,,1.0,1.0,1.0,3.0,10.0,5.0,24.0,,,15.0,,,,,,,,,,,,,,,,,3.784299218,0.480019626,0.026748525,0.184189802,0.120368036,12.0,6.0,3.0,2.0,1.0,4.846665036,,,0.029743072,0.000919889,7.62348095,12.53880614,0.026748525,0.00022658,,0.051495344,0.051495344,,0.028837393,0.028837393,0.028837393,16.05882353,Nick Westbrook-Ikhine,TEN,FA,65,3929785,,FA,,{},"['RB/WR', 'WR', 'WR/TE', 'RB/WR/TE', 'OP', 'BE', 'IR']",,,,1.0,1.0,1.0,1.0,,,,,,,,,,,,,3.0,,,,,,,,,,,,,,,,,,,,,,,,,,,,,,,,,,,,,,,,,,,,,,,,,,,,,,1.0,2.0,,,,,,,,,,,,,,,,,,,,,,,,,,,,,,,,,,,,,,,,,,,,,,,,,,,,,,,,,,,,,,,,,,,,,,,,,,,,,,,,,,,,,,,,,,,,,,,,,,,,,,,,,,,,,,,,,,,,,,,,,,,,,,,,,,,,,,,,,,,,,,,,,,,,,,,,,,,,,,,,,,,,,,,2021,,,,,,,,,,,,,,,,,,,,,,,,,,,,,,,,,,,,,
0.0,0.0,51.7,5.74,,,,,,,,,,,,,,,,,,,,,,,,,,,,,,,,,,,,,,,,,,39.26944198,16.96813079,0.746452166,0.02230467,33.0,16.0,8.0,6.0,3.0,7.0,3.0,0.074402118,0.052081482,0.112312752,0.003832803,4.277740817,25.53901534,1.122833617,0.05367113,0.030982057,0.020246774,50.0,25.0,12.0,10.0,5.0,32.57531387,6.0,3.0,0.136516881,0.004222172,43.7333826,7.76159066,0.0759758,0.003000385,0.372721037,0.30918455,0.681905587,0.171451677,0.173143348,0.344595025,0.344595025,9.9,Tarik Cohen,CHI,FA,0,3066158,,FA,,{},"['RB', 'RB/WR', 'RB/WR/TE', 'OP', 'BE', 'IR']",,,,,,,,,,,,,,,,,,,,,,,,,,,,,,,,,,,,,,,,,,,,,,,,,,,,,,,,,,,,,,,,,,,,,,,,,,,,,,,,,,,,,,,,,,,,,,,,,,,,,,,,,,,,,,,,,,,,,,,,,,,,,,,,,,,,,,,,,,,,,,,,,,,,,,,,,,,,,,,,,,,,,,,,,,,,,,,,,,,,,,,,,,,,,,,,,,,,,,,,,,,,,,,,,,,,,,,,,,,,,,,,,,,,,,,,,,,,,,,,,,2021,,,,,,,,,,,,,,,,,,,,,,,,,,,,,,,,,,,,,
42.0,4.67,,,51.0,28.44444444,2.0,48.0,22.0,9.0,6.0,1.0,,7.0,2.0,1.0,1.0,,,5.01960784,8.0,11.66666667,,19.0,8.0,4.0,2.0,1.0,,9.0,90.0,13.125,,,,,,,1.0,7.0,2.0,12.0,1.0,,9.0,,,,,,,,,,,,,,,,,,,,,,,,,,,,,,,,,,,,,,,,,,,,Derrick Gore,KC,FA,66,3925346,,FA,,{},"['RB', 'RB/WR', 'RB/WR/TE', 'OP', 'BE', 'IR']",,,,,,,,,,,,,,,,,,,,,,,,,,,,,,,,,,,,,,,,,,,,,,,,,,,,,,,,,,,,,,,,,,,,,,,,,,,1.0,,,,,,,,,,,,,,,,,,,,,,,,,,,,,,,,,,,,,,,,,,,,,,,,,,,,,,,,,,,,,,,,,,,,,,,,,,,,,,,,,,,,,,,,,,,,,,,,,,,,,,,,,,,,,,,,,,,,,,,,,,,,,,,,,,,,,,,,,,,,,,,,,,,,,,,,,,,,,,,,,,,,,,,2021,,,,,,,,,,,,,,,,,,,,,,,,,,,,,,,,,,,,,
45.0,3.75,0.0,0.0,,,,,,,,,,,,,,,,,33.0,36.16666667,1.0,82.0,39.0,17.0,13.0,6.0,2.0,51.0,126.0,13.15151515,,,,,,1.0,2.0,3.0,9.0,6.0,,,12.0,,,,,,,,,,,,,,,,,,,,,,,,,,,,,,,,,,,,,,,,,,,,Laquon Treadwell,JAX,FA,89,3051889,,FA,,{},"['RB/WR', 'WR', 'WR/TE', 'RB/WR/TE', 'OP', 'BE', 'IR']",,,,,,,,,,,,,,,,,,,,1.0,,,,,,,,,,,,,,,,,,,,,,,,,,,,,,,,,,,,,,,,,,,,,,,,,,,,,,,1.0,,,,,,,,,,,,,,,,,,,,,,,,,,,,,,,,,,,,,,,,,,,,,,,,,,,,,,,,,,,,,,,,,,,,,,,,,,,,,,,,,,,,,,,,,,,,,,,,,,,,,,,,,,,,,,,,,,,,,,,,,,,,,,,,,,,,,,,,,,,,,,,,,,,,,,,,,,,,,,,,,,,,,,,2021,,,,,,,,,,,,,,,,,,,,,,,,,,,,,,,,,,,,,
19.0,3.8,36.49,36.49,,,,,,,,,,,,,,,,,,,,,,,,,,,,,,,,,,,,2.0,3.0,20.0,,,5.0,,,,,,,,,,,,,,,,,,,,,,,,,,,,,,,,,,,,,,,,,,,1.888888889,Aldrick Rosas,DET,FA,38,3068939,,FA,,{},"['K', 'BE', 'IR']",,,,,,,,,,,,,,,,,,,,,,,,,,,,,,,,,,,,,,,,,,,,,,,,,,,,,,,,,,,,,,,,,,,,,,,,,,,,,,,,2.0,2.0,2.0,,,1.0,1.0,2.0,5.0,3.0,14.0,14.0,,,2.0,0.92306173,1.481402834,0.558341104,2.273131507,3.069311755,0.796180248,4.741136486,5.131656877,0.390520391,7.937329723,9.682371467,1.745041744,10.30854584,11.15523068,0.84668484,0.92306173,1.481402834,0.558341104,,,,,,,,,,,,,,,,,,,,,,,,,,,,,,,,,,,,,,,,,,,,,,,,,,,,,,,,,,,,,,,,,,,,,,,,,,,,,,,,,,,,,,,2.0,2.0,,,,,,,,,,,,,,,,,,,,,,,,,,,,,,,,,,,,,,,,,,2021,,,,,,,,,,,,,,,,,,,,,,,,,,,,,,,,,,,,,
31.0,3.44,24.13,1.51,,,,,,,,,,,,,,,,,20.0,19.77777778,3.0,32.0,13.0,6.0,4.0,1.0,,28.0,99.0,8.9,,,,,,,1.0,2.0,7.0,18.0,,,9.0,,,,,,,,,,,,,,,,,11.4849865,1.042818214,0.054997373,0.069000692,0.045091952,36.0,18.0,9.0,7.0,3.0,18.68475814,3.0,1.0,0.069199817,0.002140201,29.07464773,9.870899588,0.054997373,0.000945582,,0.214904935,0.214904935,,0.120346764,0.120346764,0.120346764,16.05882353,Brevin Jordan,HOU,FA,40,4362504,,FA,,{},"['Rookie', 'WR/TE', 'TE', 'RB/WR/TE', 'OP', 'BE', 'IR']",,,,,,,,,,,,,,,,,,,,2.0,,,,,,,,,,,,,,,,,,,,,,,,,,,,,,,,,,,,,,,,,,,,,,,,,,,,,,1.0,1.0,,,,,,,,,,,,,,,,,,,,,,,,,,,,,,,,,,,,,,,,,,,,,,,,,,,,,,,,,,,,,,,,,,,,,,,,,,,,,,,,,,,,,,,,,,,,,,,,,,,,,,,,,,,,,,,,,,,,,,,,,,,,,,,,,,,,,,,,,,,,,,,,,,,,,,,,,,,,,,,,,,,,,,,2021,,,,,,,,,,,,,,,,,,,,,,,,,,,,,,,,,,,,,
60.0,7.5,0.0,0.0,,,,,,,,,,,,,,,,,,,,,,,,,,,,,,,,,,,,4.0,4.0,58.0,,,8.0,,,,,,,,,,,,,,,,,,,,,,,,,,,,,,,,,,,,,,,,,,,,Brett Maher,NO,FA,30,16486,,FA,,{},"['K', 'BE', 'IR']",,,,,,,,,,,,,,,,,,,,,,,,,,,,,,,,,,,,,,,,,,,,,,,,,,,,,,,,,,,,,,,,,,,,,,,,,,,,,,,,1.0,4.0,4.0,,12.0,13.0,1.0,16.0,18.0,2.0,10.0,12.0,2.0,,1.0,,,,,,,,,,,,,,,,,,,,,,,,,,,,,,,,,,,,,,,,,,,,,,,,,,,,,,,,,,,,,,,,,,,,,,,,,,,,,,,,,,,,,,,,,,,,,,,,,,,,,,,,,1.0,1.0,,,,,,,,,,,,,,,,,,,,,,,,,,,,,,,,,,,,,,,,,,2021,,,,,,,,,,,,,,,,,,,,,,,,,,,,,,,,,,,,,
7.0,0.78,0.0,0.0,,,,,,,,,,,,,,,,,5.0,3.55555556,1.0,5.0,1.0,,,,,14.0,5.0,6.4,,,,,,,,6.0,3.0,6.0,,,9.0,,,,,,,,,,,,,,,,,,,,,,,,,,,,,,,,,,,,,,,,,,,,Josh Gordon,KC,FA,168,15705,,FA,,{},"['RB/WR', 'WR', 'WR/TE', 'RB/WR/TE', 'OP', 'BE', 'IR']",,,,,,,,,,,,,,,,,,,,1.0,,,,,,,,,,,,,,,,,,,,,,,,,,,,,,,,,,,,,,,,,,,,,,,,,,,,,,,,,,,,,,,,,,,,,,,,,,,,,,,,,,,,,,,,,,,,,,,,,,,,,,,,,,,,,,,,,,,,,,,,,,,,,,,,,,,,,,,,,,,,,,,,,,,,,,,,,,,,,,,,,,,,,,,,,,,,,,,,,,,,,,,,,,,,,,,,,,,,,,,,,,,,,,,,,,,,,,,,,,,,,,2021,,,,,,,,,,,,,,,,,,,,,,,,,,,,,,,,,,,,,
43.0,3.07,79.7,4.98,,,,,,,,,,,,,,,,,33.0,31.85714286,1.0,83.0,37.0,16.0,13.0,3.0,1.0,61.0,131.0,13.51515152,,,,,,1.0,1.0,4.0,10.0,6.0,,,14.0,,,,,,,,,,,,,,,,,37.7672495,3.313844547,0.174769428,0.188549455,0.123217069,121.0,60.0,30.0,24.0,12.0,46.15503293,9.0,4.0,0.648785896,0.020065543,75.59408411,13.14044334,0.174769428,0.002157728,,0.490392729,0.490392729,,0.274619928,0.274619928,0.274619928,16.05882353,Nico Collins,HOU,FA,94,4258173,,FA,,{},"['Rookie', 'RB/WR', 'WR', 'WR/TE', 'RB/WR/TE', 'OP', 'BE', 'IR']",,,,,,,,,,,,,,,,,,,,,,,,,,,,,,,,,,,,,,,,,,,,,,,,,,,,,,,,,,,,,,,,,,,,,,,,,,1.0,,,,,,,,,,,,,,,,,,,,,,,,,,,,,,,,,,,,,,,,,,,,,,,,,,,,,,,,,,,,,,,,,,,,,,,,,,,,,,,,,,,,,,,,,,,,,,,,,,,,,,,,,,,,,,,,,,,,,,,,,,,,,,,,,,,,,,,,,,,,,,,,,,,,,,,,,,,,,,,,,,,,,,,,2021,,,,,,,,,,,,,,,,,,,,,,,,,,,,,,,,,,,,,
56.0,3.29,4.02,0.25,10.0,5.23529412,,15.0,6.0,1.0,1.0,,,,,,,,,8.9,24.0,17.41176471,3.0,55.0,26.0,11.0,7.0,3.0,,44.0,78.0,12.33333333,1.0,3.0,,,,2.0,2.0,7.0,10.0,24.0,,,17.0,,,,,,,,,,,,,,,,,1.776662131,0.134203738,0.008347624,0.206222451,0.134766372,5.0,2.0,1.0,1.0,,2.381966076,,,0.01554262,0.0004807,3.483051201,11.97796389,0.008347624,0.000111356,,0.025308158,0.025308158,,0.014172568,0.014172568,0.014172568,16.05882353,DeAndre Carter,WSH,FA,71,2580216,,FA,,{},"['RB/WR', 'WR', 'WR/TE', 'RB/WR/TE', 'OP', 'BE', 'IR']",,,,,,,,904.0,83.0,29.0,0.154322,0.0498456,658.8530612,72.756,65.0,26.0,7.0,2.0,,1.0,2.0,,,,,,,,,,,,,,,,,,,,,,,,,,,,,,,,,,,,,,,,,,,,,,,,,,,,,,,,,,,,,,,,,,,,,,,,,,,,,,,,,,,,,,,,,,,,,,,,,,,,,,,1.0,,,1.0,,,,,134.0,10.0,1.0,,,,,,,,,,,,,,,,,,,,,,,,,,,,,,,,,,,,,,,,,,,,,,,,,,,,,,,,,,,,,,,,,,,,,,,,,,,,,,,,,,,,,,,,,,,,,,,,,,,,,,,,,,,,2021,,,,,,,,,,,,,,,,,,,,,,,,,,,,,,,,,,,,,
42.0,2.62,23.83,1.49,,,,,,,,,,,,,,,,,30.0,15.3125,4.0,44.0,18.0,6.0,4.0,,,57.0,81.0,8.16666667,,,,,,1.0,1.0,12.0,4.0,24.0,,,16.0,,,,,,,,,,,,,,,,,9.862291661,1.48952154,0.05922372,0.125722277,0.082159508,31.0,15.0,7.0,6.0,3.0,14.90712424,2.0,1.0,0.060922087,0.001884188,21.74718839,10.62423569,0.05922372,0.000897613,,0.204003024,0.204003024,,0.114241693,0.114241693,0.114241693,16.05882353,Cameron Brate,TB,FA,28,17453,,FA,,{},"['WR/TE', 'TE', 'RB/WR/TE', 'OP', 'BE', 'IR']",,,,,,,,,,,,,,,,,,,,4.0,,,,,,,,,,,,,,,,,,,,,,,,,,,,,,,,,,,,,,,,,,,,,,,,,,,,,,,,,,,,,,,,,,,,,,,,,,,,,,,,,,,,,,,,,,,,,,,,,,,,,,,,,,,,,,,,,,,,,,,,,,,,,,,,,,,,,,,,,,,,,,,,,,,,,,,,,,,,,,,,,,,,,,,,,,,,,,,,,,,,,,,,,,,,,,,,,,,,,,,,,,,,,,,,,,,,,,,,,,,,,,2021,,,,,,,,,,,,,,,,,,,,,,,,,,,,,,,,,,,,,
4.0,0.67,0.0,0.0,4.0,5.83333333,,7.0,3.0,1.0,1.0,,,,,,,,,8.75,2.0,3.66666667,,3.0,1.0,,,,,2.0,24.0,11.0,,,,,,1.0,2.0,1.0,5.0,,,,6.0,,,,,,,,,,,,,,,,,,,,,,,,,,,,,,,,,,,,,,,,,,,,Mike Boone,DEN,FA,129,3139033,,FA,,{},"['RB', 'RB/WR', 'RB/WR/TE', 'OP', 'BE', 'IR']",,,,,,,,,,,,,,,,,,,,,,,,,,,,,,,,,,,,,,,,,,,,,,,,,,,,,,,,,,,,,,,,,,,,,,,,,,,1.0,,,,,,,,,,,,,,,,,,,,,,,,,,,,,,,,,,,,,,,,,,,,,,,,,,,,,,,,,,,,,,,,,,,,,,,,,,,,,,,,,,,,,,,,,,,,,,,,,,,,,,,,,,,,,,,,,,,,,,,,,,,,,,,,,,,,,,,,,,,,,,,,,,,,,,,,,,,,,,,,,,,,,,,2021,,,,,,,,,,,,,,,,,,,,,,,,,,,,,,,,,,,,,
65.0,3.82,46.4,2.9,1.0,0.17647059,,,,,,,,,,,,,,3.0,43.0,38.05882353,1.0,121.0,57.0,25.0,16.0,4.0,1.0,62.0,253.0,15.04651163,,,,,,1.0,3.0,9.0,8.0,8.0,,1.0,17.0,,,,,,,,,,,,,,,,,21.9762793,1.91581043,0.111500029,0.208790464,0.136444568,70.0,35.0,17.0,14.0,7.0,27.08007391,5.0,2.0,0.169579813,0.005244736,42.91496035,13.0322093,0.111500029,0.001265982,,0.287723148,0.287723148,,0.161124963,0.161124963,0.161124963,16.05882353,Quez Watkins,PHI,FA,64,4050373,,FA,,{},"['RB/WR', 'WR', 'WR/TE', 'RB/WR/TE', 'OP', 'BE', 'IR']",,,,1.0,1.0,,,138.0,13.0,2.0,,,,,,,,,,,,,,,,,,,,,,,,,,,,,,,,,,,,,,,,,,,,,,,,,,,,,,,,,,,,,,1.0,,,2.0,,,,,,,,,,,,,,,,,,,,,,,,,,,,,,,,,,,,,,,,,,,,,,,,,,,,,,,,,,,,,,,,,,,,,,,,,,,,,,,,,,,,,,,,,,,,,,,,,,,,,,,,,,,,,,,,,,,,,,,,,,,,,,,,,,,,,,,,,,,,,,,,,,,,,,,,,,,,,,,,,,,,,,,2021,,,,,,,,,,,,,,,,,,,,,,,,,,,,,,,,,,,,,
46.0,4.6,24.74,1.55,7.0,11.1,1.0,20.0,9.0,3.0,3.0,1.0,,,,1.0,1.0,,,15.85714286,24.0,22.9,1.0,43.0,19.0,8.0,7.0,1.0,3.0,39.0,121.0,9.54166667,,1.0,,,,,,2.0,8.0,24.0,,,10.0,4.069395733,1.553391513,0.103047516,0.003676539,4.0,2.0,1.0,,,,,0.007479466,0.005235626,0.001431984,4.88681e-05,6.130060041,8.342639294,0.655466877,0.034464722,0.155526371,0.101636483,26.0,13.0,6.0,5.0,2.0,11.31625011,2.0,1.0,0.053625738,0.001658528,17.50112227,11.83899003,0.038141261,0.000719272,0.043236933,0.120234055,0.163470988,0.019888989,0.067331071,0.08722006,0.08722006,16.05882353,Jamal Agnew,JAX,FA,87,3061612,,FA,,{},"['RB/WR', 'WR', 'WR/TE', 'RB/WR/TE', 'OP', 'BE', 'IR']",,,,,,,,525.0,49.0,18.0,0.2958845,0.584530378,778.121875,298.7918919,77.0,31.0,29.0,11.0,,1.0,,,,,,,,,,,,,,,,,,,,,,,,,,,,,,,,,,,,,,,,,,,,,,,,,,,,,,,,,,,,,,,,,,,,,,,,,,,,,,,,,,,,,,,,,,,,,,,,,,,,,,,,1.0,,,1.0,,,,,74.0,6.0,1.0,,,,,,,,,,,,,,,,,,,,,,,,,,,,,,,,,,,,,,,,,,,,,,,,,,,,,,,,,,,,,,,,,,,,,,,,,,,,,,,,,,,,,,,,,,,,,,,,,,,,,,,,,,,,2021,,,,,,,,,,,,,,,,,,,,,,,,,,,,,,,,,,,,,
14.0,3.5,0.0,0.0,26.0,25.25,1.0,18.0,8.0,3.0,2.0,,,3.0,1.0,,,,,3.88461538,2.0,2.25,,1.0,,,,,,3.0,13.0,4.5,,,,,,,,1.0,3.0,6.0,1.0,,4.0,,,,,,,,,,,,,,,,,,,,,,,,,,,,,,,,,,,,,,,,,,,,Austin Walter,NYJ,FA,104,3123857,,FA,,{},"['RB', 'RB/WR', 'RB/WR/TE', 'OP', 'BE', 'IR']",,,,,,,,,,,,,,,,,,,,,,,,,,,,,,,,,,,,,,,,,,,,,,,,,,,,,,,,,,,,,,,,,,,,,,,,,,,,,,,,,,,,,,,,,,,,,,,,,,,,,,,,,,,,,,,,,,,,,,,,,,,,,,,,,,,,,,,,,,,,,,,,,,,,,,,,,,,,,,,,,,,,,,,,,,,,,,,,,,,,,,,,,,,,,,,,,,,,,,,,,,,,,,,,,,,,,,,,,,,,,,,,,,,,,,,,,,,,,,,,,,2021,,,,,,,,,,,,,,,,,,,,,,,,,,,,,,,,,,,,,
19.0,2.71,68.76,4.3,,,,,,,,,,,,,,,,,11.0,13.71428571,2.0,17.0,7.0,2.0,1.0,,,18.0,38.0,8.72727273,,,,,,1.0,1.0,6.0,1.0,12.0,,,7.0,,,,,,,,,,,,,,,,,31.0599147,3.335134509,0.173415821,0.185932075,0.121506611,99.0,49.0,24.0,19.0,9.0,44.70441956,8.0,4.0,0.389702699,0.012052661,62.42980808,11.15741338,0.173415821,0.002424575,,0.551039807,0.551039807,,0.308582292,0.308582292,0.308582292,16.05882353,Blake Jarwin,DAL,FA,55,2991767,,FA,,{},"['WR/TE', 'TE', 'RB/WR/TE', 'OP', 'BE', 'IR']",,,,,,,,,,,,,,,,,,,,1.0,,,,,,,,,,,,,,,,,,,,,,,,,,,,,,,,,,,,,,,,,,,,,,,,,,,,,,1.0,,,,,,,,,,,,,,,,,,,,,,,,,,,,,,,,,,,,,,,,,,,,,,,,,,,,,,,,,,,,,,,,,,,,,,,,,,,,,,,,,,,,,,,,,,,,,,,,,,,,,,,,,,,,,,,,,,,,,,,,,,,,,,,,,,,,,,,,,,,,,,,,,,,,,,,,,,,,,,,,,,,,,,,,2021,,,,,,,,,,,,,,,,,,,,,,,,,,,,,,,,,,,,,
2.0,0.29,0.0,0.0,,,,,,,,,,,,,,,,,4.0,5.28571429,,6.0,2.0,1.0,1.0,,,7.0,13.0,9.25,,1.0,,,,,,5.0,2.0,,,,7.0,,,,,,,,,,,,,,,,,,,,,,,,,,,,,,,,,,,,,,,,,,,,Kendall Blanton,LAR,FA,94,3122103,,FA,,{},"['WR/TE', 'TE', 'RB/WR/TE', 'OP', 'BE', 'IR']",,,,,,1.0,,,,,,,,,,,,,,,,,,,,,,,,,,,,,,,,,,,,,,,,,,,,,,,,,,,,,,,,,,,,,,,,,,,,,,,,,,,,,,,,,,,,,,,,,,,,,,,,,,,,,,,,,,,,,,,,,,,,,,,,,,,,,,,,,,,,,,,,,,,,,,,,,,,,,,,,,,,,,,,,,,,,,,,,,,,,,,,,,,,,,,,,,,,,,,,,,,,,,,,,,,,,,,,,,,,,,,,,,,,,,,,,,,,,,,,,,,,,2021,,,,,,,,,,,,,,,,,,,,,,,,,,,,,,,,,,,,,
23.0,3.29,31.86,1.99,,,,,,,,,,,,,,,,,24.0,34.85714286,,45.0,21.0,10.0,5.0,1.0,1.0,34.0,114.0,10.16666667,,,,,,1.0,1.0,,7.0,2.0,,,7.0,,,,,,,,,,,,,,,,,15.09180124,1.326213055,0.069732836,0.101129138,0.066087892,48.0,24.0,12.0,9.0,4.0,23.55766843,4.0,2.0,0.092155666,0.002850175,35.00224453,10.28779965,0.069732836,0.000953749,,0.216761027,0.216761027,,0.121386175,0.121386175,0.121386175,16.05882353,James O'Shaughnessy,JAX,FA,51,2508079,,FA,,{},"['WR/TE', 'TE', 'RB/WR/TE', 'OP', 'BE', 'IR']",,,,,,,,,,,,,,,,,,,,,,,,,,,,,,,,,,,,,,,,,,,,,,,,,,,,,,,,,,,,,,,,,,,,,,,,1.0,,,,,,,,,,,,,,,,,,,,,,,,,,,,,,,,,,,,,,,,,,,,,,,,,,,,,,,,,,,,,,,,,,,,,,,,,,,,,,,,,,,,,,,,,,,,,,,,,,,,,,,,,,,,,,,,,,,,,,,,,,,,,,,,,,,,,,,,,,,,,,,,,,,,,,,,,,,,,,,,,,,,,,,,,,2021,,,,,,,,,,,,,,,,,,,,,,,,,,,,,,,,,,,,,
16.0,1.33,41.56,2.77,,,,,,,,,,,,,,,,,14.0,11.25,1.0,24.0,10.0,3.0,1.0,,1.0,21.0,83.0,9.64285714,,,,,,,,9.0,3.0,6.0,,,12.0,,,,,,,,,,,,,,,,,18.92910591,2.304526804,0.091672054,0.264092598,0.172584513,57.0,28.0,14.0,11.0,5.0,21.35983467,4.0,2.0,0.121471396,0.003756847,32.74368255,13.39727328,0.091672054,0.001830766,,0.416083245,0.416083245,,0.233006617,0.233006617,0.233006617,15.11764706,O.J. Howard,TB,FA,61,3043080,,FA,,{},"['WR/TE', 'TE', 'RB/WR/TE', 'OP', 'BE', 'IR']",,,,,,,,,,,,,,,,,,,,1.0,,,,,,,,,,,,,,,,,,,,,,,,,,,,,,,,,,,,,,,,,,,,,,,,,,,,,,,,,,,,,,,,,,,,,,,,,,,,,,,,,,,,,,,,,,,,,,,,,,,,,,,,,,,,,,,,,,,,,,,,,,,,,,,,,,,,,,,,,,,,,,,,,,,,,,,,,,,,,,,,,,,,,,,,,,,,,,,,,,,,,,,,,,,,,,,,,,,,,,,,,,,,,,,,,,,,,,,,,,,,,,2021,,,,,,,,,,,,,,,,,,,,,,,,,,,,,,,,,,,,,
18.0,2.0,12.48,0.83,34.0,13.11111111,1.0,21.0,9.0,3.0,2.0,,,4.0,,,,,,3.47058824,6.0,4.66666667,,8.0,3.0,1.0,1.0,,,7.0,46.0,7.0,,,,,,,1.0,6.0,3.0,6.0,,,9.0,17.43547714,4.838765341,0.685724482,0.017478578,14.0,7.0,3.0,2.0,1.0,3.0,1.0,0.032279516,0.022595661,0.013394831,0.000457114,4.195511602,1.120579937,0.078606268,0.004107455,0.050072193,0.032722178,3.0,1.0,,,,2.202822114,,,0.009735605,0.000301101,2.897025529,7.690376759,0.021586032,0.00070872,0.143005184,0.018067471,0.161072656,0.065782385,0.010117784,0.075900169,0.075900169,15.11764706,Eno Benjamin,ARI,FA,96,4242873,,FA,,{},"['RB', 'RB/WR', 'RB/WR/TE', 'OP', 'BE', 'IR']",,,,,,,,162.0,14.0,4.0,,,,,,,,,,,,,,,,,,,,,,,,,,,,,,,,,,,,,,,,,,,,,,,,,,,,,,,,,,,,,,,,,1.0,,1.0,,,,,,,,,,,,,,,,,,,,,,,,,,,,,,,,,,,,,,,,,,,,,,,,,,,,,,,,,,,,,,,,,,,,,,,,,,,,,,,,,,,,,,,,,,,,,,,,,,,,,,,,,,,,,,,,,,,,,,,,,,,,,,,,,,,,,,,,,,,,,,,,,,,,,,,,,,,,,,,,,,,,,2021,,,,,,,,,,,,,,,,,,,,,,,,,,,,,,,,,,,,,
36.0,4.0,3.03,1.51,55.0,23.55555556,2.0,39.0,19.0,8.0,6.0,2.0,1.0,9.0,3.0,,,1.0,,3.85454545,10.0,7.44444444,,11.0,5.0,1.0,1.0,,,13.0,73.0,6.7,2.0,2.0,,,,,,5.0,4.0,12.0,2.0,,9.0,3.830497617,4.996637621,0.122890972,0.003163867,2.0,1.0,,,,,,0.007107859,0.004975501,0.002696078,9.20068e-05,3.606380894,3.942144529,0.051520703,0.002157451,0.007421579,0.004850002,2.0,1.0,,,,1.499342315,,,0.00531685,0.000164439,1.963544394,7.269100631,0.005321317,0.000136034,0.022219566,0.008697234,0.0309168,0.010221,0.004870451,0.015091451,0.015091451,2.764705882,Peyton Barber,LV,FA,75,3051902,,FA,,{},"['RB', 'RB/WR', 'RB/WR/TE', 'OP', 'BE', 'IR']",,,,,,,,49.0,4.0,1.0,,,,,,,,,,,,,,,,,,,,,,,,,,,,,,,,,,,,,,,,,,,,,,,,,,,,,,,,,,,,,,,,,,,,,,,,,,,,,,,,,,,,,,,,,,,,,,,,,,,,,,,,,,,,,,,,,,,,,,,,,,,,,,,,,,,,,,,,,,,,,,,,,,,,,,,,,,,,,,,,,,,,,,,,,,,,,,,,,,,,,,,,,,,,,,,,,,,,,,,,,,,,,,,,,,,,,,,,,,,,,,,,,,,,,,,,2021,,,,,,,,,,,,,,,,,,,,,,,,,,,,,,,,,,,,,
85.0,14.17,0.0,0.0,9.0,3.33333333,1.0,3.0,1.0,,,,,,,,,,,2.22222222,,,,,,,,,,,,,,3.0,,1.0,4.0,,,2.0,4.0,72.0,,,6.0,,,,,,,,,,,,,,,,,,,,,,,,,,,,,,,,,,,,,,,,,,,,Trevor Siemian,NO,FA,34,2511109,,FA,,{},"['QB', 'OP', 'BE', 'IR']",,,,,,,,,,,,,,,,,,,,,,188.0,108.0,80.0,192.33333333,11.0,227.0,112.0,54.0,42.0,20.0,8.0,19.0,7.0,14.0,5.0,,,,,3.0,0.57446809,9.0,4.0,5.0,5.0,1.0,,,,,,,,,,,,,,,,,,,,,,,,,,,,,1.0,,,,,,,,,,,,,,,,,,,,,,,,,,,,,,,,,,,,,,,,,,,,,,,,,,,,,,,,,,,,,,,,,,,,,,,,,,,,,,,,,,,,,,,,,,,,,,,,,,,,,,,,,,,,,,,,,,,,,,,,,,1.0,,,,,,,,,,,,,,,,,,,,,,,,,,,,,,,,,,,,,,,,,,,,2021,,,,,,,,,,,,,,,,,,,,,,,,,,,,,,,,,,,,,
79.0,9.88,37.98,2.37,16.0,9.5,,13.0,5.0,1.0,1.0,,,1.0,,,,,,4.75,,,,,,,,,,,,,,1.0,,1.0,10.0,1.0,2.0,4.0,4.0,48.0,,,8.0,6.386378955,1.632853881,0.290263202,0.008627189,5.0,2.0,1.0,1.0,,1.0,,0.01194788,0.008363516,0.010183376,0.00034752,4.10588105,,,,,,,,,,,,,,,,,,0.176127111,0.004934132,0.067080096,,1.121393736,0.030856844,,0.536927391,2.763261849,16.05882353,Andy Dalton,CHI,FA,36,14012,,FA,,{},"['QB', 'OP', 'BE', 'IR']",,,,,,,,,,,,,,,,,,,,,,236.0,149.0,87.0,189.375,8.0,300.0,147.0,72.0,58.0,28.0,13.0,26.0,11.0,16.0,6.0,2.0,1.0,2.0,2.0,9.0,0.63135593,18.0,1.0,3.0,2.0,1.0,,93.82342892,60.21846286,33.60496606,39.24159813,3.594856511,126.0,63.0,31.0,25.0,12.0,6.0,12.0,6.0,0.432712175,0.282777406,0.569008316,0.076858104,0.167499922,2.226334458,0.641827564,6.552791151,1.05431364,0.506070547,,,,1.0,,,,,,,,,,,,,,,,,,,,,,,,,,,,,,,,,,,,,,,,,,,,,,,,,,,,,,,,,,,,,,,,,,,,,,,,,,,,,,,,,,,,,,,,,,,,,,,,,,,,,,,,,,,,,,,,,,,,,,,,,,,1.0,,,,,,,,,,,,,,,,,,,,,,,,,,,,,,,,,,,,,,,,,,,,2021,,,,,,,,,,,,,,,,,,,,,,,,,,,,,,,,,,,,,
44.0,11.0,0.0,0.0,9.0,7.0,,5.0,2.0,,,,,1.0,,,,,,3.11111111,,,,,,,,,,,,,2.0,2.0,,,2.0,1.0,1.0,2.0,2.0,32.0,,,4.0,,,,,,,,,,,,,,,,,,,,,,,,,,,,,,,,,,,,,,,,,,,,Josh Johnson,BAL,FA,43,11394,,FA,,{},"['QB', 'OP', 'BE', 'IR']",,,,,,,,,,,,,,,,,,,,,,85.0,57.0,28.0,159.5,5.0,126.0,62.0,30.0,24.0,12.0,6.0,10.0,4.0,4.0,2.0,,,2.0,,2.0,0.67058824,3.0,,1.0,3.0,1.0,,,,,,,,,,,,,,,,,,,,,,,,,,,,,,,,,,,,,,,,,,,,,,,,,,,,,,,,,,,,,,,,,,,,,,,,,,,,,,,,,,,,,,,,,,,,,,,,,,,,,,,,,,,,,,,,,,,,,,,,,,,,,,,,,,,,,,,,,,,,,,,,,,,,,,,,,,,,1.0,,,,,,,,,,,,,,,,,,,,,,,,,,,,,,,,,,,,,,,2021,,,,,,,,,,,,,,,,,,,,,,,,,,,,,,,,,,,,,
30.0,1.76,60.1,3.54,,,,,,,,,,,,,,,,,,,,,,,,,,,,,,,,,,735.0,1162.0,3.0,13.0,,,,17.0,,,,,,,,,,,,,,,,,,,,,,,,,,,,,,,,,,,,,,,,,,,17.0,Lions D/ST,DET,FA,30,-16008,,FA,,{},"['D/ST', 'BE', 'IR']",,,,,,,,880.0,81.0,30.0,0.154322,0.166152,611.4175439,209.8983051,61.0,24.0,20.0,8.0,,,,,,,,,,,,,,,,,,,,,,,,,,,,,,,,,,,,,,,,,,,,,,,,,,,,,,,,,427.0,,,10.0,,,,,,,,,,,,,,,,,,,,,,,,,,,,,,,,,,,9.0,0.0,0.0,2.0,2.0,,11.0,1.0,,30.0,60.0,,,,,382.0,227.0,49.0,68.0,236.0,19.0,4.0,455.0,3.0,2.0,3.0,4.0,6456.0,0.0,0.0,1.0,2.0,11.0,2.0,1.0,0.0,0.0,0.0,0.0,2.0,2.0,3.0,2.0,3.0,4.0,0.029705442,0.127309036,1.018472292,1.697453819,0.089672299,1.608307587,11.59305238,9.234600312,1.120162213,0.585429848,38.27248288,76.54496575,1.067079776,0.541227811,2.018453886,14.2070774,1023.143041,341.0,204.0,61.53173013,452.3896777,2.461308038,4.625561658,4.201198203,2.503744383,0.335247129,26.61115751,6445.473941,0.04240459,1.187328511,2.756298329,4.494886505,4.282863557,2.798702918,1.102519332,0.334996258,379.1455259,-452.3896777,,,,,,,,,,,1.0,1.0,,,,,,,,,,,,,,,,,,,,,,,,,,,,,,,,,,,2021,,,,,,,,,,,,,,,,,,,,,,,,,,,,,,,,,,,,,
8.0,1.6,35.86,2.56,28.0,20.2,,18.0,8.0,3.0,1.0,,,5.0,1.0,,,,,3.60714286,2.0,1.6,,1.0,,,,,,5.0,4.0,4.0,,,,,,,,3.0,2.0,,,,5.0,50.04016362,15.64491592,1.859370941,0.055559794,44.0,22.0,11.0,8.0,4.0,10.0,5.0,0.094279525,0.065995667,0.126697532,0.004323701,4.432233517,2.111077429,0.145490985,0.008597295,0.039751725,0.025977752,5.0,2.0,1.0,1.0,,4.001961554,,,0.016365221,0.000506141,5.502278744,7.478239527,0.064157089,0.00146059,0.307370277,0.024581935,0.331952212,0.141390328,0.013765883,0.155156211,0.155156211,14.17647059,Marlon Mack,IND,FA,116,3139605,,FA,,{},"['RB', 'RB/WR', 'RB/WR/TE', 'OP', 'BE', 'IR']",,,,,,,,,,,,,,,,,,,,,,,,,,,,,,,,,,,,,,,,,,,,,,,,,,,,,,,,,,,,,,,,,,,,,,,,,,,,,,,,,,,,,,,,,,,,,,,,,,,,,,,,,,,,,,,,,,,,,,,,,,,,,,,,,,,,,,,,,,,,,,,,,,,,,,,,,,,,,,,,,,,,,,,,,,,,,,,,,,,,,,,,,,,,,,,,,,,,,,,,,,,,,,,,,,,,,,,,,,,,,,,,,,,,,,,,,,,,,,,,,,2021,,,,,,,,,,,,,,,,,,,,,,,,,,,,,,,,,,,,,
18.0,1.29,5.85,0.37,,,,,,,,,,,,,,,,,25.0,16.42857143,,42.0,18.0,6.0,4.0,2.0,1.0,37.0,69.0,9.2,,,,,,1.0,1.0,6.0,8.0,,,,14.0,,,,,,,,,,,,,,,,,2.917060853,0.30875905,0.015587298,0.173197917,0.113184839,9.0,4.0,2.0,1.0,,3.588563005,,,0.024070296,0.000744442,5.963126177,13.05385063,0.015587298,0.000134211,,0.030502506,0.030502506,,0.017081403,0.017081403,0.017081403,16.05882353,Tajae Sharpe,ATL,FA,136,2982828,,FA,,{},"['RB/WR', 'WR', 'WR/TE', 'RB/WR/TE', 'OP', 'BE', 'IR']",,,,,,,,,,,,,,,,,,,,,,,,,,,,,,,,,,,,,,,,,,,,,,,,,,,,,,,,,,,,,,,,,,,,,,,,,,,,,,,,,,,,,,,,,,,,,,,,,,,,,,,,,,,,,,,,,,,,,,,,,,,,,,,,,,,,,,,,,,,,,,,,,,,,,,,,,,,,,,,,,,,,,,,,,,,,,,,,,,,,,,,,,,,,,,,,,,,,,,,,,,,,,,,,,,,,,,,,,,,,,,,,,,,,,,,,,,,,,,,,,,2021,,,,,,,,,,,,,,,,,,,,,,,,,,,,,,,,,,,,,
6.0,0.67,41.87,2.79,33.0,11.33333333,,18.0,6.0,2.0,1.0,,,4.0,1.0,,,,,3.09090909,5.0,4.22222222,,6.0,2.0,,,,,6.0,31.0,7.6,1.0,1.0,1.0,1.0,1.0,,,4.0,5.0,,,,9.0,57.76093219,15.70055998,1.899497243,0.072252753,47.0,23.0,11.0,9.0,4.0,11.0,5.0,0.109266115,0.07648628,0.1445806,0.004933981,4.109274478,4.549194018,0.335344338,0.016522747,0.044105644,0.028823039,13.0,6.0,3.0,2.0,1.0,9.680845116,1.0,,0.032771208,0.001013543,12.19906014,7.104039859,0.0887755,0.003431447,0.667928323,0.111946092,0.779874416,0.307247029,0.062689812,0.36993684,0.36993684,15.11764706,Joshua Kelley,LAC,FA,123,3910544,,FA,,{},"['RB', 'RB/WR', 'RB/WR/TE', 'OP', 'BE', 'IR']",,,,,,,,,,,,,,,,,,,,,,,,,,,,,,,,,,,,,,,,,,,,,,,,,,,,,,,,,,,,,,,,,,,,,,,,,,,,,,,,,,,,,,,,,,,,,,,,,,,,,,,,,,,,,,,,,,,,,,,,,,,,,,,,,,,,,,,,,,,,,,,,,,,,,,,,,,,,,,,,,,,,,,,,,,,,,,,,,,,,,,,,,,,,,,,,,,,,,,,,,,,,,,,,,,,,,,,,,,,,,,,,,,,,,,,,,,,,,,,,,,2021,,,,,,,,,,,,,,,,,,,,,,,,,,,,,,,,,,,,,
22.0,1.38,16.54,1.03,2.0,0.9375,,3.0,1.0,,,,,,,,,,,7.5,39.0,17.3125,,51.0,23.0,8.0,7.0,1.0,2.0,66.0,115.0,7.1025641,,4.0,,1.0,1.0,2.0,2.0,9.0,6.0,,,,16.0,3.991973064,1.726036776,0.131309108,0.005463829,5.0,2.0,1.0,1.0,,,,0.007336857,0.0051358,0.001788893,6.10481e-05,6.943463683,5.922915577,0.50914574,0.023973993,0.126384024,0.08259196,19.0,9.0,4.0,3.0,1.0,9.104777856,1.0,,0.041809441,0.001293075,13.04579761,10.44671902,0.029437822,0.001224535,0.08482865,0.193474756,0.278303406,0.039021179,0.108345863,0.147367042,0.147367042,16.05882353,Ray-Ray McCloud,PIT,FA,129,3728262,,FA,,{},"['RB/WR', 'WR', 'WR/TE', 'RB/WR/TE', 'OP', 'BE', 'IR']",,,,,,1.0,,776.0,72.0,22.0,0.154322,0.166152,691.0883721,238.5066667,69.0,27.0,23.0,9.0,,,,,,,,,,,,,,,,,,,,,,,,,,,,,,,,,,,,,,,,,,,,,,,,,,,,,,,,,,,,,,,,,,,,,,,,,,,,,,,,,,,,,,,,,,,,,,,,,,,,,,,,,,,,,,,,,,367.0,29.0,9.0,,,,,,,,,,,,,,,,,,,,,,,,,,,,,,,,,,,,,,,,,,,,,,,,,,,,,,,,,,,,,,,,,,,,,,,,,,,,,,,,,,,,,,,,,,,,,,,,,,,,,,,,,,,,2021,,,,,,,,,,,,,,,,,,,,,,,,,,,,,,,,,,,,,
38.0,2.71,22.76,1.42,,,,,,,,,,,,,,,,,33.0,23.57142857,2.0,62.0,28.0,11.0,8.0,2.0,1.0,40.0,245.0,10.0,,1.0,,1.0,1.0,,,7.0,7.0,12.0,,,14.0,,,,,,,,,,,,,,,,,9.829657502,1.30385441,0.065804791,0.131997663,0.086260473,31.0,15.0,7.0,6.0,3.0,15.38926943,3.0,1.0,0.060745565,0.001878729,21.44382626,10.25732481,0.065804791,0.000778807,,0.177001486,0.177001486,,0.099120832,0.099120832,0.099120832,16.05882353,Albert Okwuegbunam,DEN,FA,29,4035115,,FA,,{},"['WR/TE', 'TE', 'RB/WR/TE', 'OP', 'BE', 'IR']",,,,,,1.0,1.0,,,,,,,,,,,,,2.0,,,,,,,,,,,,,,,,,,,,,,,,,,,,,,,,,,,,,,,,,,,,,,,,,,,,,,,,,,,,,,,,,,,,,,,,,,,,,,,,,,,,,,,,,,,,,,,,,,,,,,,,,,,,,,,,,,,,,,,,,,,,,,,,,,,,,,,,,,,,,,,,,,,,,,,,,,,,,,,,,,,,,,,,,,,,,,,,,,,,,,,,,,,,,,,,,,,,,,,,,,,,,,,,,,,,,,,,,,,,,,2021,,,,,,,,,,,,,,,,,,,,,,,,,,,,,,,,,,,,,
15.0,1.67,18.63,1.55,13.0,6.77777778,,9.0,3.0,1.0,1.0,,,1.0,,,,,,4.69230769,4.0,1.0,,1.0,,,,,,5.0,19.0,2.25,,,,,,,,4.0,5.0,12.0,,,9.0,19.86462886,6.75309682,0.682366054,0.025800011,16.0,8.0,4.0,3.0,1.0,3.0,1.0,0.036909257,0.02583648,0.021353973,0.000728729,4.199454637,4.087522971,0.275179937,0.016007993,0.043449234,0.028394075,10.0,5.0,2.0,2.0,1.0,6.431628903,1.0,,0.024663047,0.000762775,8.519985719,7.850722045,0.041808003,0.000948996,0.162929003,0.052751999,0.215681003,0.074947342,0.02954112,0.104488461,0.104488461,12.35294118,Kene Nwangwu,MIN,FA,103,4035537,,FA,,{},"['Rookie', 'RB', 'RB/WR', 'RB/WR/TE', 'OP', 'BE', 'IR']",,,,,,,,579.0,54.0,18.0,,,,,,,,,,,,,,,,,,,,,,,,,,,,,,,,,,,,,,,,,,,,,,,,,,,,,,,,,,,,,,,,,,,,,,,,,,,,,,,,,,,,,,,,,,,,,,,,,,,,,,,,,,,,,,,,,,2.0,,,2.0,,,,,,,,,,,,,,,,,,,,,,,,,,,,,,,,,,,,,,,,,,,,,,,,,,,,,,,,,,,,,,,,,,,,,,,,,,,,,,,,,,,,,,,,,,,,,,,,,,,,,,,,,,,,,,,,,,,2021,,,,,,,,,,,,,,,,,,,,,,,,,,,,,,,,,,,,,
44.0,3.14,52.51,3.5,,,,,,,,,,,,,,,,,28.0,32.07142857,1.0,85.0,38.0,16.0,13.0,3.0,1.0,51.0,85.0,16.03571429,,,,,,2.0,2.0,4.0,10.0,6.0,,,14.0,,,,,,,,,,,,,,,,,26.08507872,2.199519787,0.120651871,0.167851597,0.109691019,81.0,40.0,20.0,16.0,8.0,31.50767103,6.0,3.0,0.247211879,0.007645728,52.0544669,12.88108969,0.120651871,0.00374983,,0.852234137,0.852234137,,0.477251117,0.477251117,0.477251117,15.55882353,Keelan Cole,NYJ,FA,92,3071572,,FA,,{},"['RB/WR', 'WR', 'WR/TE', 'RB/WR/TE', 'OP', 'BE', 'IR']",,1.0,,,,,,137.0,12.0,4.0,,,,,,,,,,,,1.0,,1.0,,,,,,,,,,,,,,,,,,,,,,,,,,,,,,,,,,,,,,,,,,,,,,,,,,,,,,,,,,,,,,,,,,,,,,,,,,,,,,,,,,,,,,,,,,,,,,,,,,,,,,,,,,,,3.0,,,,,,,,,,,,,,,,,,,,,,,,,,,,,,,,,,,,,,,,,,,,,,,,,,,,,,,,,,,,,,,,,,,,,,,,,,,,,,,,,,,,,,,,,,,,,,,,,,,,,,,,,,,,,,2021,,,,,,,,,,,,,,,,,,,,,,,,,,,,,,,,,,,,,
35.0,2.19,32.8,2.05,8.0,1.375,1.0,3.0,1.0,,,,,1.0,,,,,,2.75,30.0,18.5,1.0,55.0,22.0,8.0,5.0,,,38.0,151.0,9.86666667,,,,,,1.0,3.0,10.0,6.0,12.0,1.0,,16.0,14.19282513,3.769227585,0.497081996,0.014662956,12.0,6.0,3.0,2.0,1.0,2.0,1.0,0.026229784,0.018360849,0.009064832,0.000309348,4.264785911,11.08692284,1.207614389,0.070105391,0.097953614,0.064012687,35.0,17.0,8.0,7.0,3.0,18.3241405,3.0,1.0,0.067190063,0.002078043,25.90530276,9.716304965,0.084768347,0.002625155,0.260412042,0.336214024,0.596626066,0.119789539,0.188279854,0.308069393,0.308069393,16.05882353,Kyle Juszczyk,SF,FA,76,16002,,FA,,{},"['RB', 'RB/WR', 'RB/WR/TE', 'OP', 'BE', 'IR']",,,,,,,,,,,,,,,,,,,,,,,,,,,,,,,,,,,,,,,,,,,,,,,,,,,,,,,,,,,,,,,,,,,,,,,,,,1.0,2.0,,,,,,,,,,,,,,,,,,,,,,,,,,,,,,,,,,,,,,,,,,,,,,,,,,,,,,,,,,,,,,,,,,,,,,,,,,,,,,,,,,,,,,,,,,,,,,,,,,,,,,,,,,,,,,,,,,,,,,,,,,,,,,,,,,,,,,,,,,,,,,,,,,,,,,,,,,,,,,,,,,,,,,,2021,,,,,,,,,,,,,,,,,,,,,,,,,,,,,,,,,,,,,
20.0,4.0,14.69,0.92,1.0,-0.6,,,,,,,,,,,,,,-3.0,11.0,33.4,1.0,31.0,14.0,6.0,4.0,1.0,1.0,18.0,95.0,15.18181818,,,,,,,,5.0,,6.0,,,5.0,,,,,,,,,,,,,,,,,6.997275532,0.614244378,0.029319349,0.239978841,0.156826173,22.0,11.0,5.0,4.0,2.0,7.12216333,1.0,,0.047038064,0.001454785,13.19975572,15.77723056,0.029319349,0.000233071,,0.052970604,0.052970604,,0.029663538,0.029663538,0.029663538,16.05882353,Breshad Perriman,TB,FA,132,2972460,,FA,,{},"['RB/WR', 'WR', 'WR/TE', 'RB/WR/TE', 'OP', 'BE', 'IR']",,1.0,1.0,,,,,,,,,,,,,,,,,,,,,,,,,,,,,,,,,,,,,,,,,,,,,,,,,,,,,,,,,,,,,,,,,,,,,,,,,,,,,,,,,,,,,,,,,,,,,,,,,,,,,,,,,,,,,,,,,,,,,,,,,,,,,,,,,,,,,,,,,,,,,,,,,,,,,,,,,,,,,,,,,,,,,,,,,,,,,,,,,,,,,,,,,,,,,,,,,,,,,,,,,,,,,,,,,,,,,,,,,,,,,,,,,,,,,,,,,,,,,,,2021,,,,,,,,,,,,,,,,,,,,,,,,,,,,,,,,,,,,,
48.0,8.0,67.54,4.22,10.0,8.83333333,2.0,11.0,5.0,1.0,1.0,,,,,,,,,5.3,1.0,0.16666667,,,,,,,,1.0,6.0,1.0,1.0,2.0,1.0,1.0,3.0,1.0,1.0,1.0,5.0,24.0,1.0,,6.0,13.89349502,3.663801977,0.581924325,0.021662656,11.0,5.0,2.0,2.0,1.0,2.0,1.0,0.02619349,0.018335443,0.032803993,0.001119474,4.234812717,,,,,,,,,,,,,,,,,,0.363793658,0.01106783,0.204057176,,2.515415859,0.093866301,,1.203318469,5.30246825,16.05882353,Drew Lock,DEN,FA,42,3924327,,FA,,{},"['QB', 'OP', 'BE', 'IR']",,,,,,,,,,,,,,,,,,,,,,111.0,67.0,44.0,131.16666667,2.0,155.0,76.0,37.0,29.0,13.0,5.0,11.0,4.0,6.0,1.0,,,,,2.0,0.6036036,9.0,1.0,1.0,,1.0,,148.8361704,89.43751581,59.39865462,66.35999822,6.7151317,213.0,106.0,53.0,42.0,21.0,10.0,17.0,8.0,0.785223426,0.513143509,0.856770247,0.115727196,0.342131002,4.099149781,0.600912504,8.535655161,2.311358683,1.109452168,,,,,,1.0,,,,,,,,,,,,,,,,,,,,,,,,,,,,,,,,,,,,,,,,,,,,,,,,,,,,,,,,,,,,,,,,,,,,,,,,,,,,,,,,,,,,,,,,,,,,,,,,,,,,,,,,,,,,,,,,,,,,,,,,,,,,,,,,,,,,,,,,,,,,,,,,,,,,,,,,,,,,,,,,,,,,,2021,,,,,,,,,,,,,,,,,,,,,,,,,,,,,,,,,,,,,
10.0,1.25,81.47,5.43,28.0,13.0,,19.0,8.0,3.0,3.0,1.0,,4.0,1.0,,,,,3.71428571,1.0,2.625,,4.0,2.0,1.0,,,,3.0,20.0,21.0,,,,,,,,4.0,4.0,,,,8.0,120.408598,33.42736038,4.098428656,0.153683949,101.0,50.0,25.0,20.0,10.0,24.0,12.0,0.235344851,0.164741395,0.663431285,0.022640364,4.196901589,4.349139399,0.292340848,0.014758447,0.041113354,0.026867577,13.0,6.0,3.0,2.0,1.0,9.010712258,1.0,,0.031642815,0.000978644,11.92625235,7.296732219,0.168442396,0.005874043,1.242060739,0.092948943,1.335009683,0.57134794,0.052051408,0.623399348,0.623399348,15.11764706,Wayne Gallman,MIN,FA,112,3045127,,FA,,{},"['RB', 'RB/WR', 'RB/WR/TE', 'OP', 'BE', 'IR']",,,,,,,,7.0,,,,,,,,,,,,,,,,,,,,,,,,,,,,,,,,,,,,,,,,,,,,,,,,,,,,,,,,,,,,,,,,,,,,,,,,,,,,,,,,,,,,,,,,,,,,,,,,,,,,,,,,,,,,,,,,,,,,,,,,,,,,,,,,,,,,,,,,,,,,,,,,,,,,,,,,,,,,,,,,,,,,,,,,,,,,,,,,,,,,,,,,,,,,,,,,,,,,,,,,,,,,,,,,,,,,,,,,,,,,,,,,,,,,,,,,,,2021,,,,,,,,,,,,,,,,,,,,,,,,,,,,,,,,,,,,,
37.0,2.47,49.43,3.09,2.0,0.86666667,,2.0,1.0,,,,,,,,,,,6.5,24.0,19.0,2.0,53.0,24.0,10.0,6.0,2.0,,44.0,79.0,11.875,,,,,,,,7.0,7.0,12.0,,1.0,15.0,,,,,,,,,,,,,,,,,22.93447755,2.25370472,0.106119518,0.193065871,0.126168546,73.0,36.0,18.0,14.0,7.0,26.12446047,5.0,2.0,0.18519346,0.005727633,45.66029165,14.09792666,0.106119518,0.001219041,,0.277054743,0.277054743,,0.155150656,0.155150656,0.155150656,16.05882353,James Washington,PIT,FA,103,3122449,,FA,,{},"['RB/WR', 'WR', 'WR/TE', 'RB/WR/TE', 'OP', 'BE', 'IR']",,,,,,,,,,,,,,,,,,,,1.0,,,,,,,,,,,,,,,,,,,,,,,,,,,,,,,,,,,,,,,,,,,,,,,,,,,,,,,,,,,,,,,,,,,,,,,,,,,,,,,,,,,,,,,,,,,,,,,,,,,,,,,,,,,,,,,,,,,,,,,,,,,,,,,,,,,,,,,,,,,,,,,,,,,,,,,,,,,,,,,,,,,,,,,,,,,,,,,,,,,,,,,,,,,,,,,,,,,,,,,,,,,,,,,,,,,,,,,,,,,,,,2021,,,,,,,,,,,,,,,,,,,,,,,,,,,,,,,,,,,,,
7.0,0.44,29.1,1.94,36.0,6.125,,17.0,7.0,3.0,,,,4.0,1.0,,,,,2.72222222,2.0,0.8125,,2.0,,,,,,4.0,20.0,6.5,,,,,,3.0,7.0,9.0,6.0,,,,16.0,34.57412394,9.068721777,1.20408749,0.050003615,27.0,13.0,6.0,5.0,2.0,6.0,3.0,0.064823709,0.045376596,0.057569041,0.00196461,3.965327808,5.182771362,0.370036953,0.01742507,0.041342763,0.027017495,15.0,7.0,3.0,3.0,1.0,10.80776979,2.0,1.0,0.036062316,0.001115329,14.16660299,7.249535267,0.067428685,0.002227749,0.385728859,0.12057771,0.506306569,0.177435275,0.067523518,0.244958793,0.244958793,15.11764706,Benny Snell Jr.,PIT,FA,121,4035072,,FA,,{},"['RB', 'RB/WR', 'RB/WR/TE', 'OP', 'BE', 'IR']",,,,,,,,,,,,,,,,,,,,,,,,,,,,,,,,,,,,,,,,,,,,,,,,,,,,,,,,,,,,,,,,,,,,,,,,,,,4.0,,,,,,,,,,,,,,,,,,,,,,,,,,,,,,,,,,,,,,,,,,,,,,,,,,,,,,,,,,,,,,,,,,,,,,,,,,,,,,,,,,,,,,,,,,,,,,,,,,,,,,,,,,,,,,,,,,,,,,,,,,,,,,,,,,,,,,,,,,,,,,,,,,,,,,,,,,,,,,,,,,,,,,,2021,,,,,,,,,,,,,,,,,,,,,,,,,,,,,,,,,,,,,
36.0,3.0,39.98,2.5,,,,,,,,,,,,,,,,,13.0,13.25,4.0,29.0,12.0,5.0,2.0,,,22.0,42.0,12.23076923,,,,,,,1.0,8.0,4.0,24.0,,,12.0,,,,,,,,,,,,,,,,,17.48863141,2.017203671,0.094130459,0.146944763,0.096028403,56.0,28.0,14.0,11.0,5.0,24.41091216,4.0,2.0,0.117962134,0.003648313,37.15065674,11.50497137,0.094130459,0.001235366,,0.280764966,0.280764966,,0.157228381,0.157228381,0.157228381,16.05882353,Juwan Johnson,NO,FA,31,3929645,,FA,,{},"['WR/TE', 'TE', 'RB/WR/TE', 'OP', 'BE', 'IR']",,,,,,,,,,,,,,,,,,,,3.0,,,,,,,,,,,,,,,,,,,,,,,,,,,,,,,,,,,,,,,,,,,,,,,,,,,,,,1.0,1.0,,,,,,,,,,,,,,,,,,,,,,,,,,,,,,,,,,,,,,,,,,,,,,,,,,,,,,,,,,,,,,,,,,,,,,,,,,,,,,,,,,,,,,,,,,,,,,,,,,,,,,,,,,,,,,,,,,,,,,,,,,,,,,,,,,,,,,,,,,,,,,,,,,,,,,,,,,,,,,,,,,,,,,,2021,,,,,,,,,,,,,,,,,,,,,,,,,,,,,,,,,,,,,
37.0,2.64,65.62,4.1,,,,,,,,,,,,,,,,,25.0,18.85714286,3.0,47.0,19.0,7.0,3.0,,,41.0,62.0,10.56,,,,,,,,9.0,5.0,18.0,,1.0,14.0,,,,,,,,,,,,,,,,,28.22632963,3.46730194,0.107342677,0.176882844,0.115592938,90.0,45.0,22.0,18.0,9.0,37.81644436,7.0,3.0,0.299693932,0.009268884,57.39243934,11.98636345,0.107342677,0.001621514,,0.368525944,0.368525944,,0.206374529,0.206374529,0.206374529,16.05882353,Demarcus Robinson,KC,FA,103,3043116,,FA,,{},"['RB/WR', 'WR', 'WR/TE', 'RB/WR/TE', 'OP', 'BE', 'IR']",,,,,,,,,,,,,,,,,,,,,2.0,,,,,,,,,,,,,,,,,,,,,,,,,,,,,,,,,,,,,,,,,,,,,,,,,,,,,,,,,,,,,,,,,,,,,,,,,,,,,,,,,,,,,,,,,,,,,,,,,,,,,,,,,,,,,,,3.0,,,,,,,,,,,,,,,,,,,,,,,,,,,,,,,,,,,,,,,,,,,,,,,,,,,,,,,,,,,,,,,,,,,,,,,,,,,,,,,,,,,,,,,,,,,,,,,,,,,,,,,,,,,,,,2021,,,,,,,,,,,,,,,,,,,,,,,,,,,,,,,,,,,,,
26.0,5.2,10.09,0.63,12.0,4.4,,4.0,1.0,,,,,1.0,,,,,,1.83333333,,,,,,,,,,,,,,1.0,,1.0,2.0,,,3.0,2.0,18.0,,,5.0,0.436354771,0.101456114,0.030866514,0.000858439,,,,,,,,0.000800438,0.000560306,-4.60166e-06,-1.57037e-07,3.733810061,,,,,,,,,,,,,,,,,,0.059974194,0.001419244,0.005600621,,0.322555375,0.002576286,,0.154714568,0.657173615,16.05882353,Case Keenum,CLE,FA,47,15168,,FA,,{},"['QB', 'OP', 'BE', 'IR']",,,,,,,,,,,,,,,,,,,,,,72.0,47.0,25.0,92.4,3.0,91.0,44.0,21.0,17.0,7.0,2.0,8.0,3.0,3.0,1.0,,,,,1.0,0.65277778,5.0,1.0,1.0,1.0,1.0,,23.15538786,15.08049971,8.074888152,10.03323023,1.271480464,32.0,16.0,8.0,6.0,3.0,1.0,3.0,1.0,0.088681302,0.057953231,0.236230317,0.031908522,0.059115755,0.502459047,0.651273898,1.539144579,0.316954754,0.152138282,,,,,,,,,,,,,,,,,,,,,,,,,,,,,,,,,,,,,,,,,,,,,,,,,,,,,,,,,,,,,,,,,,,,,,,,,,,,,,,,,,,,,,,,,,,,,,,,,,,,,,,,,,,,,,,,,,,,,,,,,,,,,,,1.0,,,,,,,,,,,,,,,,,,,,,,,,,,,,,,,,,,,,,,,,,,,,2021,,,,,,,,,,,,,,,,,,,,,,,,,,,,,,,,,,,,,
0.0,0.0,0.0,0.0,,,,,,,,,,,,,,,,,,,,,,,,,,,,,,,,,,,,,,,,,,,,,,,,,,,,,,,,,,,,,,,,,,,,,,,,,,,,,,,,,,,,,Tim Tebow,None,FA,0,13200,,FA,,{},"['WR/TE', 'TE', 'RB/WR/TE', 'OP', 'BE', 'IR']",,,,,,,,,,,,,,,,,,,,,,,,,,,,,,,,,,,,,,,,,,,,,,,,,,,,,,,,,,,,,,,,,,,,,,,,,,,,,,,,,,,,,,,,,,,,,,,,,,,,,,,,,,,,,,,,,,,,,,,,,,,,,,,,,,,,,,,,,,,,,,,,,,,,,,,,,,,,,,,,,,,,,,,,,,,,,,,,,,,,,,,,,,,,,,,,,,,,,,,,,,,,,,,,,,,,,,,,,,,,,,,,,,,,,,,,,,,,,,,,,,2021,,,,,,,,,,,,,,,,,,,,,,,,,,,,,,,,,,,,,
28.0,4.67,131.83,7.75,,,,,,,,,,,,,,,,,,,,,,,,,,,,,,,,,,1.0,1.0,4.0,2.0,28.0,,,6.0,,,,,,,,,,,,,,,,,,,,,,,,,,,,,,,,,,,,,,,,,,,17.0,Tristan Vizcaino,None,FA,37,3127313,,FA,,{},"['K', 'BE', 'IR']",,,,,,,,,,,,,,,,,,,,,,,,,,,,,,,,,,,,,,,,,,,,,,,,,,,,,,,,,,,,,,,,,,,,,,,,,,,,,,,,1.0,1.0,1.0,,5.0,5.0,,6.0,7.0,1.0,10.0,15.0,5.0,,1.0,3.229731833,5.001440275,1.771708442,7.909255802,10.36246122,2.45320542,16.39939533,17.32525062,0.925855292,27.53838297,32.68915212,5.150769154,39.99301599,42.24196324,2.248947246,3.229731833,5.001440275,1.771708442,,,,,,,,,,,,,,,,,,,,,,,,,,,,,,,,,,,,,,,,,,,,,,,,,,,,,,,,,,,,,,,,,,,,,,,,,,,,,,,,,,,,,,,1.0,1.0,,,,,,,,,1.0,32.0,1.0,,32.0,,,,1.0,,,,,,,,,,,,,,,,,,,,,,,,,2021,,,,,,,,,,,,,,,,,,,,,,,,,,,,,,,,,,,,,
36.0,2.25,22.91,1.43,7.0,3.125,,7.0,3.0,,,,,,,,,,,7.14285714,33.0,17.0,2.0,49.0,21.0,7.0,4.0,,,47.0,141.0,8.24242424,,1.0,,,,,,8.0,8.0,12.0,,,16.0,2.397558071,0.926641246,0.09105094,0.002440935,2.0,1.0,,,,,,0.004402637,0.003081846,0.00046304,1.58018e-05,6.206635168,8.053204136,0.861798208,0.04375313,0.15896818,0.103885705,25.0,12.0,6.0,5.0,2.0,11.20170087,2.0,1.0,0.052789163,0.001632655,16.74876694,11.54512029,0.046194065,0.00063576,0.025473821,0.119016981,0.144490802,0.011717958,0.066649509,0.078367467,0.078367467,16.05882353,Devin Duvernay,BAL,FA,107,4039050,,FA,,{},"['RB/WR', 'WR', 'WR/TE', 'RB/WR/TE', 'OP', 'BE', 'IR']",,,,,,,,676.0,65.0,21.0,0.566140182,0.142416,820.8909091,126.936,82.0,32.0,12.0,5.0,,1.0,,,,,,,,,,,,,,,,,,,,,,,,,,,,,,,,,,,,,,,,,,,,,,,,,,,,,,1.0,,,,,,,,,,,,,,,,,,,,,,,,,,,,,,,,,,,,,,,,,,,,,,,,,,,,,,,,,,360.0,30.0,8.0,,,,,,,,,,,,,,,,,,,,,,,,,,,,,,,,,,,,,,,,,,,,,,,,,,,,,,,,,,,,,,,,,,,,,,,,,,,,,,,,,,,,,,,,,,,,,,,,,,,,,,,,,,,,2021,,,,,,,,,,,,,,,,,,,,,,,,,,,,,,,,,,,,,
33.0,2.75,52.87,3.3,,,,,,,,,,,,,,,,,26.0,18.41666667,3.0,40.0,17.0,7.0,5.0,,,31.0,89.0,8.5,,3.0,,1.0,1.0,1.0,1.0,6.0,6.0,18.0,,,12.0,,,,,,,,,,,,,,,,,23.49175218,2.637358746,0.133143619,0.107934382,0.070535119,75.0,37.0,18.0,15.0,7.0,35.41736551,7.0,3.0,0.195230623,0.006038061,53.6681356,10.65155178,0.133143619,0.000896185,,0.20367849,0.20367849,,0.114059954,0.114059954,0.114059954,16.05882353,Hayden Hurst,ATL,FA,36,3924365,,FA,,{},"['WR/TE', 'TE', 'RB/WR/TE', 'OP', 'BE', 'IR']",,,,,,3.0,1.0,,,,,,,,,,,,,1.0,,,,,,,,,,,,,,,,,,,,,,,,,,,,,,,,,,,,,,,,,,,,,,,,,,,,,,2.0,,,,,,,,,,,,,,,,,,,,,,,,,,,,,,,,,,,,,,,,,,,,,,,,,,,,,,,,,,,,,,,,,,,,,,,,,,,,,,,,,,,,,,,,,,,,,,,,,,,,,,,,,,,,,,,,,,,,,,,,,,,,,,,,,,,,,,,,,,,,,,,,,,,,,,,,,,,,,,,,,,,,,,,,2021,,,,,,,,,,,,,,,,,,,,,,,,,,,,,,,,,,,,,
13.0,2.6,27.75,1.85,19.0,7.4,2.0,6.0,3.0,1.0,,,,2.0,,,,,,1.94736842,4.0,1.6,,1.0,,,,,,4.0,10.0,2.0,,1.0,,1.0,1.0,1.0,1.0,3.0,2.0,12.0,2.0,,5.0,31.79654964,9.058295458,1.166712612,0.034658367,27.0,13.0,6.0,5.0,2.0,6.0,3.0,0.059323824,0.041526677,0.047769624,0.001630194,4.306760174,4.264589446,0.326406095,0.0155832,0.046343399,0.030285411,12.0,6.0,3.0,2.0,1.0,8.379645625,1.0,,0.031162106,0.000963776,11.25601277,7.693709374,0.050241567,0.001449905,0.260794208,0.068729565,0.329523773,0.119965335,0.038488557,0.158453892,0.158453892,15.11764706,J.J. Taylor,NE,FA,105,4039607,,FA,,{},"['RB', 'RB/WR', 'RB/WR/TE', 'OP', 'BE', 'IR']",,,,,,1.0,1.0,25.0,2.0,1.0,,,,,,,,,,,,,,,,,,,,,,,,,,,,,,,,,,,,,,,,,,,,,,,,,,,,,,,,,,,,,,,,,,,,,,,,,,,,,,,,,,,,,,,,,,,,,,,,,,,,,,,,,,,,,,,,,,,,,,,,,,,,,,,,,,,,,,,,,,,,,,,,,,,,,,,,,,,,,,,,,,,,,,,,,,,,,,,,,,,,,,,,,,,,,,,,,,,,,,,,,,,,,,,,,,,,,,,,,,,,,,,,,,,,,,,,2021,,,,,,,,,,,,,,,,,,,,,,,,,,,,,,,,,,,,,
1.0,1.0,63.25,5.27,2.0,7.0,,1.0,,,,,,,,,,,,3.5,2.0,11.0,,2.0,1.0,,,,,2.0,15.0,5.5,,,,,,,,1.0,,,,,1.0,79.16896496,27.50727628,2.885382409,0.088330176,67.0,33.0,16.0,13.0,6.0,15.0,7.0,0.152802936,0.106962055,0.362110801,0.012357452,4.29203244,7.889565208,0.729212369,0.040599927,0.041769051,0.027296075,19.0,9.0,4.0,3.0,1.0,12.72660294,2.0,1.0,0.040342028,0.001247692,16.62109213,7.65792218,0.128930103,0.003316387,0.64934113,0.10438316,0.75372429,0.29869692,0.05845457,0.357151489,0.357151489,12.35294118,Darrynton Evans,TEN,FA,141,4036431,,FA,,{},"['RB', 'RB/WR', 'RB/WR/TE', 'OP', 'BE', 'IR']",,,,,,,,17.0,1.0,,,,,,,,,,,,,,,,,,,,,,,,,,,,,,,,,,,,,,,,,,,,,,,,,,,,,,,,,,,,,,,,,,,,,,,,,,,,,,,,,,,,,,,,,,,,,,,,,,,,,,,,,,,,,,,,,,,,,,,,,,,,,,,,,,,,,,,,,,,,,,,,,,,,,,,,,,,,,,,,,,,,,,,,,,,,,,,,,,,,,,,,,,,,,,,,,,,,,,,,,,,,,,,,,,,,,,,,,,,,,,,,,,,,,,,,,2021,,,,,,,,,,,,,,,,,,,,,,,,,,,,,,,,,,,,,
54.0,3.18,13.51,0.84,5.0,1.88235294,,5.0,1.0,,,,,,,,,,,6.4,25.0,20.17647059,4.0,66.0,29.0,12.0,9.0,2.0,1.0,40.0,206.0,13.72,,1.0,,,,,,7.0,10.0,24.0,,1.0,17.0,,,,,,,,,,,,,,,,,5.560919695,0.686254241,0.026197367,0.197620571,0.129145043,17.0,8.0,4.0,3.0,1.0,7.09043983,1.0,,0.039916358,0.001234527,11.01026949,12.59468103,0.026197367,0.000331475,,0.075335233,0.075335233,,0.04218773,0.04218773,0.04218773,16.05882353,Freddie Swain,SEA,FA,74,4034950,,FA,,{},"['RB/WR', 'WR', 'WR/TE', 'RB/WR/TE', 'OP', 'BE', 'IR']",,1.0,1.0,,,,,,,,,0.23736,,211.56,,,21.0,8.0,,,1.0,,,,,,,,,,,,,,,,,,,,,,,,,,,,,,,,,,,,,,,,,,,,,,,,,,,,,1.0,,,,,,,,,,,,,,,,,,,,,,,,,,,,,,,,,,,,,,,,,,,,,,,,,,,,,,,,,,189.0,14.0,1.0,,,,,,,,,,,,,,,,,,,,,,,,,,,,,,,,,,,,,,,,,,,,,,,,,,,,,,,,,,,,,,,,,,,,,,,,,,,,,,,,,,,,,,,,,,,,,,,,,,,,,,,,,,,,2021,,,,,,,,,,,,,,,,,,,,,,,,,,,,,,,,,,,,,
16.0,8.0,0.0,0.0,,,,,,,,,,,,,,,,,,,,,,,,,,,,,,,,,,,,1.0,1.0,16.0,,,2.0,,,,,,,,,,,,,,,,,,,,,,,,,,,,,,,,,,,,,,,,,,,,Elliott Fry,None,FA,41,3048898,,FA,,{},"['K', 'BE', 'IR']",,,,,,,,,,,,,,,,,,,,,,,,,,,,,,,,,,,,,,,,,,,,,,,,,,,,,,,,,,,,,,,,,,,,,,,,,,,,,,,,,1.0,1.0,,3.0,4.0,1.0,4.0,5.0,1.0,4.0,5.0,1.0,,,,,,,,,,,,,,,,,,,,,,,,,,,,,,,,,,,,,,,,,,,,,,,,,,,,,,,,,,,,,,,,,,,,,,,,,,,,,,,,,,,,,,,,,,,,,,,,,,,,,,,,,,,,,,,,,,,,,,,,,,,,,,,,,,,,,,,,,,,,,,,,,,,,,,2021,,,,,,,,,,,,,,,,,,,,,,,,,,,,,,,,,,,,,
65.0,5.91,23.31,1.46,19.0,6.36363636,1.0,10.0,3.0,1.0,1.0,,,1.0,,,,,,3.68421053,,,,,,,,,,,,,1.0,6.0,,3.0,7.0,,,5.0,6.0,36.0,1.0,,11.0,7.234291827,1.460994758,0.499746263,0.019550564,4.0,2.0,1.0,,,1.0,,0.013323475,0.009326433,0.001371599,4.68074e-05,3.24314495,,,,,,,,,,,,,,,,,,0.134586972,0.003511975,0.102289217,,0.79817618,0.04705304,,0.381078782,1.192063162,16.05882353,Jacoby Brissett,MIA,FA,39,2578570,,FA,,{},"['QB', 'OP', 'BE', 'IR']",,,,,,,,,,,,,,,,,,,,,,225.0,141.0,84.0,116.63636364,5.0,254.0,124.0,60.0,48.0,22.0,9.0,26.0,12.0,15.0,6.0,,,,1.0,4.0,0.62666667,19.0,5.0,4.0,,1.0,,45.61238246,28.13761525,17.4747672,20.77722898,1.850871919,66.0,33.0,16.0,13.0,6.0,3.0,5.0,2.0,0.120037989,0.078444826,0.439242832,0.05933019,0.115036408,0.81098438,0.616885454,3.603453948,0.695886963,0.334025742,,,,,,,,,,,,,,,,,,,,,,,,,,,,,,,,,,,,,,,,,,,,,,,,,,,,,,,,,,,,,,,,,,,,,,,,,,,,,,,,,,,,,,,,,,,,,,,,,,,,,,,,,,,,,,,,,,,,,,,,,,,,,,,2.0,,,,,,,,,,,,,,,,,,,,,,,,,,,,,,,,,,,,,,,,,,,,2021,,,,,,,,,,,,,,,,,,,,,,,,,,,,,,,,,,,,,
1.0,1.0,0.0,0.0,3.0,6.0,,1.0,,,,,,,,,,,,2.0,,,,,,,,,,,,,,,,,2.0,,,,1.0,,,,1.0,,,,,,,,,,,,,,,,,,,,,,,,,,,,,,,,,,,,,,,,,,,,Ian Book,NO,FA,66,4046678,,FA,,{},"['Rookie', 'QB', 'OP', 'BE', 'IR']",,,,,,,,,,,,,,,,,,,,,,20.0,12.0,8.0,135.0,,27.0,13.0,6.0,5.0,2.0,1.0,2.0,1.0,1.0,,,,,,2.0,0.6,8.0,,,,,,,,,,,,,,,,,,,,,,,,,,,,,,,,,,,,,,,,,,,,,,,,,,,,,,,,,,,,,,,,,,,,,,,,,,,,,,,,,,,,,,,,,,,,,,,,,,,,,,,,,,,,,,,,,,,,,,,,,,,,,,,,,,,,,,,,,,,,,,,,,,,,,,,,,,,,,,,,,,,,,,,,,,,,,,,,,,,,,,,,,,,,,,,,,,,,,,,2021,,,,,,,,,,,,,,,,,,,,,,,,,,,,,,,,,,,,,
18.0,1.8,35.46,2.36,12.0,6.2,,11.0,5.0,2.0,1.0,,,1.0,,,,,,5.16666667,13.0,10.7,1.0,19.0,7.0,2.0,2.0,,,20.0,134.0,8.23076923,,,,,,3.0,3.0,6.0,4.0,6.0,,,10.0,24.67073627,6.703160035,0.982115596,0.028192122,20.0,10.0,5.0,4.0,2.0,4.0,2.0,0.0458524,0.03209668,0.025870144,0.000882849,4.107538846,9.937929056,0.780184776,0.024153398,0.05126679,0.033502847,30.0,15.0,7.0,6.0,3.0,19.17967345,3.0,1.0,0.058450875,0.001807759,25.50775082,7.833194051,0.05234552,0.001001733,0.128087796,0.099578791,0.227666587,0.058920386,0.055764123,0.114684509,0.114684509,15.11764706,Jerick McKinnon,KC,FA,96,16782,,FA,,{},"['RB', 'RB/WR', 'RB/WR/TE', 'OP', 'BE', 'IR']",,,,,,,,,,,,,,,,,,,,,,,,,,,,,,,,,,,,,,,,,,,,,,,,,,,,,,,,,,,,,,,,,,,,,,,,,,1.0,,,,,,,,,,,,,,,,,,,,,,,,,,,,,,,,,,,,,,,,,,,,,,,,,,,,,,,,,,,,,,,,,,,,,,,,,,,,,,,,,,,,,,,,,,,,,,,,,,,,,,,,,,,,,,,,,,,,,,,,,,,,,,,,,,,,,,,,,,,,,,,,,,,,,,,,,,,,,,,,,,,,,,,,2021,,,,,,,,,,,,,,,,,,,,,,,,,,,,,,,,,,,,,
51.0,12.75,12.26,0.77,9.0,10.5,1.0,7.0,3.0,1.0,,,,,,,,,,4.66666667,,,,,,,,,,,,,,1.0,,1.0,2.0,,,1.0,3.0,36.0,1.0,,4.0,0.994601337,0.217837844,0.052342756,0.001543571,,,,,,,,0.00182509,0.001277563,8.98257e-06,3.06541e-07,3.517207716,,,,,,,,,,,,,,,,,,0.063571362,0.0029737,0.019892027,,0.675840952,0.009150332,,0.324005816,1.253592824,16.05882353,Geno Smith,SEA,FA,41,15864,,FA,,{},"['QB', 'OP', 'BE', 'IR']",,,,,,,,,,,,,,,,,,,,,,95.0,65.0,30.0,175.5,5.0,139.0,68.0,33.0,26.0,12.0,5.0,12.0,6.0,4.0,1.0,1.0,1.0,,,1.0,0.68421053,13.0,1.0,2.0,1.0,1.0,,30.75430166,18.24882713,12.50547453,12.88301501,1.577052925,41.0,20.0,10.0,8.0,4.0,2.0,3.0,1.0,0.096205489,0.062870287,0.293802266,0.039684983,0.062027791,0.929587007,0.593374785,2.043144602,0.655948925,0.314855484,,,,,,,,,,,,,,,,,,,,,,,,,,,,,,,,,,,,,,,,,,,,,,,,,,,,,,,,,,,,,,,,,,,,,,,,,,,,,,,,,,,,,,,,,,,,,,,,,,,,,,,,,,,,,,,,,,,,,,,,,,,,,,,1.0,,,,,,,,,,,,,,,,,,,,,,,,,,,,,,,,,,,,,,,,,,,,2021,,,,,,,,,,,,,,,,,,,,,,,,,,,,,,,,,,,,,
12.0,2.4,0.0,0.0,17.0,15.8,1.0,14.0,5.0,2.0,1.0,,,1.0,,,,,,4.64705882,4.0,5.6,,4.0,1.0,,,,,6.0,36.0,7.0,,,,,,1.0,2.0,1.0,4.0,6.0,1.0,,5.0,,,,,,,,,,,,,,,,,,,,,,,,,,,,,,,,,,,,,,,,,,,,Jonathan Williams,WSH,FA,109,2980077,,FA,,{},"['RB', 'RB/WR', 'RB/WR/TE', 'OP', 'BE', 'IR']",,,,,,,,,,,,,,,,,,,,,,,,,,,,,,,,,,,,,,,,,,,,,,,,,,,,,,,,,,,,,,,,,,,,,,,,,,,1.0,,,,,,,,,,,,,,,,,,,,,,,,,,,,,,,,,,,,,,,,,,,,,,,,,,,,,,,,,,,,,,,,,,,,,,,,,,,,,,,,,,,,,,,,,,,,,,,,,,,,,,,,,,,,,,,,,,,,,,,,,,,,,,,,,,,,,,,,,,,,,,,,,,,,,,,,,,,,,,,,,,,,,,,2021,,,,,,,,,,,,,,,,,,,,,,,,,,,,,,,,,,,,,
32.0,6.4,58.53,3.66,,,,,,,,,,,,,,,,,15.0,40.8,2.0,38.0,18.0,8.0,6.0,2.0,,23.0,95.0,13.6,,,,,,,,,5.0,14.0,,,5.0,,,,,,,,,,,,,,,,,28.78351099,2.117419719,0.105364454,0.243578269,0.159178399,92.0,46.0,23.0,18.0,9.0,32.97601621,6.0,3.0,0.315567642,0.009759824,54.05176737,14.01713659,0.105364454,0.001541615,,0.35036696,0.35036696,,0.196205498,0.196205498,0.196205498,16.05882353,Quintez Cephus,DET,FA,113,4035793,,FA,,{},"['RB/WR', 'WR', 'WR/TE', 'RB/WR/TE', 'OP', 'BE', 'IR']",,,,,,,,,,,,,,,,,,,,2.0,,,,,,,,,,,,,,,,,,,,,,,,,,,,,,,,,,,,,,,,,,,,,,,,,,,,1.0,,,,,,,,,,,,,,,,,,,,,,,,,,,,,,,,,,,,,,,,,,,,,,,,,,,,,,,,,,,,,,,,,,,,,,,,,,,,,,,,,,,,,,,,,,,,,,,,,,,,,,,,,,,,,,,,,,,,,,,,,,,,,,,,,,,,,,,,,,,,,,,,,,,,,,,,,,,,,,,,,,,,,,,,,,2021,,,,,,,,,,,,,,,,,,,,,,,,,,,,,,,,,,,,,
16.0,1.78,65.65,4.1,4.0,6.55555556,,11.0,5.0,2.0,1.0,,,,,,,,,14.75,10.0,7.11111111,1.0,13.0,5.0,1.0,1.0,,,20.0,32.0,6.4,,,,,,,,5.0,4.0,6.0,,,9.0,2.139136873,0.806062294,0.090760315,0.002680517,2.0,1.0,,,,,,0.003927557,0.00274929,0.000339746,1.15942e-05,6.051231365,29.22609257,3.04700291,0.116317611,0.241187011,0.157615711,93.0,46.0,23.0,18.0,9.0,33.98921782,6.0,3.0,0.327168687,0.010118619,55.05134745,13.80839846,0.118998128,0.001688985,0.022728121,0.361132129,0.38386025,0.010454936,0.202233992,0.212688928,0.212688928,16.05882353,Dee Eskridge,SEA,FA,140,4043016,,FA,,{},"['Rookie', 'RB/WR', 'WR', 'WR/TE', 'RB/WR/TE', 'OP', 'BE', 'IR']",,,,,,,,54.0,5.0,2.0,,,,,,,,,,1.0,,,,,,,,,,,,,,,,,,,,,,,,,,,,,,,,,,,,,,,,,,,,,,,,,,,,,,,,,,,,,,,,,,,,,,,,,,,,,,,,,,,,,,,,,,,,,,,,,,,,,,,,,,,,,,,,,,,,,,,,,,,,,,,,,,,,,,,,,,,,,,,,,,,,,,,,,,,,,,,,,,,,,,,,,,,,,,,,,,,,,,,,,,,,,,,,,,,,,,,,,,,,,,,,,,,,,,,,,,,,,,2021,,,,,,,,,,,,,,,,,,,,,,,,,,,,,,,,,,,,,
25.0,4.17,11.02,0.69,7.0,5.5,1.0,5.0,2.0,,,,,,,,,,,4.71428571,,,,,,,,,,,,,1.0,6.0,,3.0,13.0,1.0,1.0,,6.0,30.0,1.0,,6.0,0.815576371,0.209026125,0.040984281,0.001343868,,,,,,,,0.001496422,0.001047495,7.05212e-06,2.40662e-07,4.115756389,,,,,,,,,,,,,,,,,,0.061658348,0.00241263,0.013409839,,0.548325112,0.006168526,,0.262927857,1.028898531,16.05882353,Mike Glennon,NYG,FA,48,15837,,FA,,{},"['QB', 'OP', 'BE', 'IR']",,,,,,,,,,,,,,,,,,,,,,167.0,90.0,77.0,131.66666667,4.0,155.0,76.0,36.0,27.0,11.0,3.0,15.0,6.0,13.0,5.0,,,,,10.0,0.53892216,9.0,6.0,3.0,1.0,,,30.79920393,19.89233918,10.90686475,13.39452419,1.173765773,43.0,21.0,10.0,8.0,4.0,2.0,3.0,1.0,0.097549628,0.063748682,0.304146118,0.041082166,0.06031448,0.765970674,0.645871862,1.733942763,0.534915273,0.256759331,,,,,,,,,,,,,,,,,,,,,,,,,,,,,,,,,,,,,,,,,,,,,,,,,,,,,,,,,,,,,,,,,,,,,,,,,,,,,,,,,,,,,,,,,,,,,,,,,,,,,,,,,,,,,,,,,,,,,,,,,,,,,,,3.0,,,,,,,,,,,,,,,,,,,,,,,,,,,,,,,,,,,,,,,,,,,,2021,,,,,,,,,,,,,,,,,,,,,,,,,,,,,,,,,,,,,
18.0,1.64,25.01,1.56,4.0,1.54545455,,3.0,1.0,,,,,,,,,,,4.25,25.0,19.36363636,,39.0,17.0,6.0,4.0,1.0,1.0,39.0,143.0,8.52,,,,,,,,8.0,3.0,,,,11.0,8.087694187,2.871953555,0.247054318,0.00968035,9.0,4.0,2.0,1.0,,1.0,,0.014897595,0.010428317,0.005191883,0.000177179,5.702514742,9.628709716,0.76336579,0.044262921,0.15367386,0.100425868,30.0,15.0,7.0,6.0,3.0,13.67723063,2.0,1.0,0.068213922,0.002109709,20.25005377,11.30534055,0.053943271,0.000712251,0.060151674,0.10172347,0.161875144,0.02766977,0.056965143,0.084634913,0.084634913,16.05882353,Albert Wilson,MIA,FA,136,17051,,FA,,{},"['RB/WR', 'WR', 'WR/TE', 'RB/WR/TE', 'OP', 'BE', 'IR']",,,,,,,,2.0,,,,,,,,,,,,,,1.0,,1.0,,,,,,,,,,,,,,,,,,,1.0,,,,,,,,,,,,,,,,,,,,,,,,,,,,,,,,,,,,,,,,,,,,,,,,,,,,,,,,,,,,,,,,,,,,,,,,,,,,,,,,,,,,,,,,,,,,,,,,,,,,,,,,,,,,,,,,,,,,,,,,,,,,,,,,,,,,,,,,,,,,,,,,,,,,,,,,,,,,,,,,,,,,,,,,,,,,,,,,,,,,,,,,,,,,,,,,,,,,,,,2021,,,,,,,,,,,,,,,,,,,,,,,,,,,,,,,,,,,,,
0.0,0.0,91.32,13.05,,,,,,,,,,,,,,,,,,,,,,,,,,,,,,,,,,,,,,,,,,,,,,,,,,,,,,,,,,,,,,,,,,,,,,,,,,,,,,,,,,,,7.555555556,Wil Lutz,NO,FA,0,2985659,,FA,,{},"['K', 'BE', 'IR']",,,,,,,,,,,,,,,,,,,,,,,,,,,,,,,,,,,,,,,,,,,,,,,,,,,,,,,,,,,,,,,,,,,,,,,,,,,,,,,,,,,,,,,,,,,,,,,2.243388722,3.524507948,1.281119226,5.506100226,7.302411891,1.796311665,11.44370704,12.20907982,0.765372775,19.19319599,23.03599966,3.842803666,27.59059695,29.42961904,1.839022089,2.243388722,3.524507948,1.281119226,,,,,,,,,,,,,,,,,,,,,,,,,,,,,,,,,,,,,,,,,,,,,,,,,,,,,,,,,,,,,,,,,,,,,,,,,,,,,,,,,,,,,,,,,,,,,,,,,,,,,,,,,,,,,,,,,,,,,,,,,,,,,,,,,,2021,,,,,,,,,,,,,,,,,,,,,,,,,,,,,,,,,,,,,
43.0,10.75,17.19,1.07,5.0,-0.25,,,,,,,,1.0,,,,,,-0.2,,,,,,,,,,,,,,,,,8.0,,,1.0,3.0,32.0,,,4.0,1.930369508,0.513496045,0.095573652,0.003118565,1.0,,,,,,,0.0035442,0.00248094,0.000132076,4.50723e-06,4.271794774,,,,,,,,,,,,,,,,,,0.096558466,0.003079592,0.025896572,,0.699907346,0.011912423,,0.335437594,1.668082657,16.05882353,Mike White,NYJ,FA,44,3051381,,FA,,{},"['QB', 'OP', 'BE', 'IR']",,,,,,,,,,,,,,,,,,,,,,132.0,88.0,44.0,238.25,5.0,190.0,94.0,46.0,37.0,18.0,8.0,16.0,7.0,7.0,3.0,,,,,8.0,0.66666667,4.0,,2.0,3.0,,,47.00995491,28.64458392,18.36537098,20.32398915,1.685347985,65.0,32.0,16.0,13.0,6.0,3.0,5.0,2.0,0.119202898,0.077899094,0.428793499,0.057918759,0.093439901,1.332645063,0.609330172,3.231824439,0.674010774,0.323525171,1.0,,,,,,,,,,,,,,,,,,,,,,,,,,,,,,,,,,,,,,,,,,,,,,,,,,,,,,,,,,,,,,,,,,,,,,,,,,,,,,,,,,,,,,,,,,,,,,,,,,,,,,,,,,,,,,,,,,,,,,,,,,,,,,,,,,,,,1.0,,,,,,,,,,,,,,,,,,,,,,,,,,,,,,,,,,,,,2021,,,,,,,,,,,,,,,,,,,,,,,,,,,,,,,,,,,,,
6.0,2.0,58.54,3.66,,,,,,,,,,,,,,,,,5.0,24.66666667,,14.0,6.0,3.0,2.0,,,10.0,16.0,14.8,,,,,,,,3.0,,,,,3.0,13.74450032,4.769216968,0.294547519,0.010963623,15.0,7.0,3.0,3.0,1.0,2.0,1.0,0.025395128,0.017776589,0.01464195,0.000499674,5.572266132,23.17981173,2.169956275,0.10951646,0.160984218,0.105203186,74.0,37.0,18.0,14.0,7.0,31.15562168,6.0,3.0,0.189497095,0.005860735,48.2486091,11.94777976,0.120480084,0.002099061,0.146033977,0.331025446,0.477059423,0.06717563,0.18537425,0.252549879,0.252549879,16.05882353,KJ Hamler,DEN,FA,170,4240380,,FA,,{},"['RB/WR', 'WR', 'WR/TE', 'RB/WR/TE', 'OP', 'BE', 'IR']",,,,,,,,,,,,,,,,,,,,,,,,,,,,,,,,,,,,,,,,,,,,,,,,,,,,,,,,,,,,,,,,,,,,,,,,,,,,,,,,,,,,,,,,,,,,,,,,,,,,,,,,,,,,,,,,,,,,,,,,,,,,,,,,,,,,,,,,,,,,,,,,,,,,,,,,,,,,,,,,,,,,,,,,,,,,,,,,,,,,,,,,,,,,,,,,,,,,,,,,,,,,,,,,,,,,,,,,,,,,,,,,,,,,,,,,,,,,,,,,,,2021,,,,,,,,,,,,,,,,,,,,,,,,,,,,,,,,,,,,,
20.0,1.82,10.3,0.69,33.0,12.72727273,,26.0,12.0,5.0,3.0,1.0,,4.0,1.0,,,,,4.24242424,6.0,2.63636364,1.0,5.0,2.0,1.0,,,,7.0,17.0,4.83333333,,,,,,4.0,4.0,7.0,4.0,6.0,,,11.0,8.599152573,2.365238853,0.340003626,0.011500307,7.0,3.0,1.0,1.0,,1.0,,0.015844015,0.011090811,0.003057368,0.000104336,4.158182552,2.77312086,0.221255311,0.011505484,0.075937626,0.049625239,8.0,4.0,2.0,1.0,,5.131796466,1.0,,0.021929151,0.000678221,6.46403408,8.169276136,0.023005791,0.000514695,0.073257503,0.043718563,0.116976066,0.033698451,0.024482395,0.058180846,0.058180846,15.11764706,Corey Clement,DAL,FA,93,3045260,,FA,,{},"['RB', 'RB/WR', 'RB/WR/TE', 'OP', 'BE', 'IR']",,,,,,,,215.0,20.0,6.0,,,,,,,,,,1.0,,,,,,,,,,,,,,,,,,,,,,,,,,,,,,,,,,,,,,,,,,,,,,,,,,,,,,,,,,,,,,,,,,,,,,,,,,,,,,,,,,,,,,,,,,,,,,,,,,,,1.0,,,,,,,,,,,,,,,,,,,,,,,,,,,,,,,,,,,,,,,,,,,,,,,,,,,,,,,,,,,,,,,,,,,,,,,,,,,,,,,,,,,,,,,,,,,,,,,,,,,,,,,,,,,,,,,,,,,,,,,,,,2021,,,,,,,,,,,,,,,,,,,,,,,,,,,,,,,,,,,,,
53.0,3.53,51.77,3.24,1.0,0.13333333,,,,,,,,,,,,,,2.0,31.0,27.06666667,3.0,75.0,35.0,14.0,8.0,2.0,,53.0,96.0,13.09677419,,,,,,4.0,5.0,6.0,9.0,18.0,,,15.0,,,,,,,,,,,,,,,,,25.56286267,1.823221437,0.092042958,0.249982863,0.163363801,82.0,41.0,20.0,16.0,8.0,30.21071711,6.0,3.0,0.236175673,0.007304402,47.70500942,13.58820776,0.092042958,0.001412338,,0.320985927,0.320985927,,0.179752119,0.179752119,0.179752119,16.05882353,Olamide Zaccheaus,ATL,FA,76,3917914,,FA,,{},"['RB/WR', 'WR', 'WR/TE', 'RB/WR/TE', 'OP', 'BE', 'IR']",,,,,,,,41.0,3.0,,,,,,,,,,,3.0,,,,,,,,,,,,,,,,,,,,,,,,,,,,,,,,,,,,,,,,,,,,,,,,,,,,,,,1.0,,,,,,,,,,,,,,,,,,,,,,,,,,,,,,,,,,,,,,,,,,,,,,,,,,,,,,,,,36.0,2.0,,,,,,,,,,,,,,,,,,,,,,,,,,,,,,,,,,,,,,,,,,,,,,,,,,,,,,,,,,,,,,,,,,,,,,,,,,,,,,,,,,,,,,,,,,,,,,,,,,,,,,,,,,,,,2021,,,,,,,,,,,,,,,,,,,,,,,,,,,,,,,,,,,,,
0.0,0.0,0.0,0.0,,,,,,,,,,,,,,,,,,,,,,,,,,3.0,,,,,,,,,,,3.0,,,,3.0,,,,,,,,,,,,,,,,,,,,,,,,,,,,,,,,,,,,,,,,,,,,John Brown,TB,FA,217,16804,,FA,,{},"['RB/WR', 'WR', 'WR/TE', 'RB/WR/TE', 'OP', 'BE', 'IR']",,,,,,,,,,,,,,,,,,,,,,,,,,,,,,,,,,,,,,,,,,,,,,,,,,,,,,,,,,,,,,,,,,,,,,,,,,,,,,,,,,,,,,,,,,,,,,,,,,,,,,,,,,,,,,,,,,,,,,,,,,,,,,,,,,,,,,,,,,,,,,,,,,,,,,,,,,,,,,,,,,,,,,,,,,,,,,,,,,,,,,,,,,,,,,,,,,,,,,,,,,,,,,,,,,,,,,,,,,,,,,,,,,,,,,,,,,,,,,,,,,2021,,,,,,,,,,,,,,,,,,,,,,,,,,,,,,,,,,,,,
29.0,2.64,32.4,2.16,17.0,7.0,,14.0,6.0,2.0,1.0,,,2.0,,,,,,4.52941176,15.0,13.72727273,2.0,27.0,11.0,4.0,2.0,,,17.0,113.0,10.06666667,,,,,,4.0,4.0,7.0,4.0,12.0,,,11.0,26.82248265,7.378120459,0.852237627,0.025583083,22.0,11.0,5.0,4.0,2.0,5.0,2.0,0.049913183,0.034939228,0.031642739,0.001079845,4.158445083,8.871059805,0.59054016,0.022958477,0.043511781,0.028434949,26.0,13.0,6.0,5.0,2.0,17.86958559,3.0,1.0,0.053653382,0.001659383,23.88737649,7.504905501,0.04854156,0.001612876,0.219997081,0.146565727,0.366562808,0.101198657,0.082076807,0.183275464,0.183275464,15.11764706,Chris Evans,CIN,FA,84,4046530,,FA,,{},"['Rookie', 'RB', 'RB/WR', 'RB/WR/TE', 'OP', 'BE', 'IR']",,,,,,,,58.0,5.0,2.0,,,,,,,,,,1.0,1.0,,,,,,,,,,,,,,,,,,,,,,,,,,,,,,,,,,,,,,,,,,,,,,,,,,,,,,,,,,,,,,,,,,,,,,,,,,,,,,,,,,,,,,,,,,,,,,,,,,,,,,,,,,,1.0,,,,,,,,,,,,,,,,,,,,,,,,,,,,,,,,,,,,,,,,,,,,,,,,,,,,,,,,,,,,,,,,,,,,,,,,,,,,,,,,,,,,,,,,,,,,,,,,,,,,,,,,,,,,,,,,,,2021,,,,,,,,,,,,,,,,,,,,,,,,,,,,,,,,,,,,,
32.0,1.88,41.5,2.96,,,,,,,,,,,,,,,,,41.0,22.52941176,,70.0,32.0,11.0,8.0,1.0,1.0,62.0,150.0,9.34146341,,,,,,1.0,2.0,7.0,10.0,,,,17.0,,,,,,,,,,,,,,,,,22.90577357,1.481625339,0.092158768,0.166014844,0.1084907,64.0,32.0,16.0,12.0,6.0,28.85902229,5.0,2.0,0.176233363,0.005450516,41.79661441,11.25204527,0.092158768,0.001087613,,0.24718478,0.24718478,,0.138423477,0.138423477,0.138423477,14.17647059,Adam Humphries,WSH,FA,113,2576491,,FA,,{},"['RB/WR', 'WR', 'WR/TE', 'RB/WR/TE', 'OP', 'BE', 'IR']",,,,,,,,,,,,0.1163064,,144.1933333,,,14.0,5.0,,,,,,,,,,,,,,,,,,,,,,,,,,,,,,,,,,,,,,,,,,,,,,,,,,,,,,,,,1.0,,,,,,,,,,,,,,,,,,,,,,,,,,,,,,,,,,,,,,,,,,,,,,,,,,,,,,,,,,,,,,,,,,,,,,,,,,,,,,,,,,,,,,,,,,,,,,,,,,,,,,,,,,,,,,,,,,,,,,,,,,,,,,,,,,,,,,,,,,,,,,,,,,,,,,,,,,,,,,,,,,,,,,,2021,,,,,,,,,,,,,,,,,,,,,,,,,,,,,,,,,,,,,
10.0,1.43,27.82,1.74,,,,,,,,,,,,,,,,,9.0,6.28571429,1.0,8.0,4.0,1.0,1.0,,,12.0,14.0,4.88888889,,1.0,,,,,,4.0,3.0,6.0,,,7.0,,,,,,,,,,,,,,,,,11.39544427,1.647814842,0.068889721,0.137417966,0.089802641,36.0,18.0,9.0,7.0,3.0,16.51312189,3.0,1.0,0.068720257,0.002125369,24.61049284,11.08194016,0.068889721,0.000835681,,0.189927606,0.189927606,,0.10635946,0.10635946,0.10635946,16.05882353,Tommy Sweeney,BUF,FA,70,3122818,,FA,,{},"['WR/TE', 'TE', 'RB/WR/TE', 'OP', 'BE', 'IR']",,,,,,1.0,,,,,,,,,,,,,,1.0,,,,,,,,,,,,,,,,,,,,,,,,,,,,,,,,,,,,,,,,,,,,,,,,,,,,,,,,,,,,,,,,,,,,,,,,,,,,,,,,,,,,,,,,,,,,,,,,,,,,,,,,,,,,,,,,,,,,,,,,,,,,,,,,,,,,,,,,,,,,,,,,,,,,,,,,,,,,,,,,,,,,,,,,,,,,,,,,,,,,,,,,,,,,,,,,,,,,,,,,,,,,,,,,,,,,,,,,,,,,,,2021,,,,,,,,,,,,,,,,,,,,,,,,,,,,,,,,,,,,,
12.0,12.0,0.0,0.0,2.0,14.0,,2.0,1.0,,,,,,,,,,,7.0,,,,,,,,,,,,,,,,,,,,,1.0,6.0,,,1.0,,,,,,,,,,,,,,,,,,,,,,,,,,,,,,,,,,,,,,,,,,,,Sean Mannion,MIN,FA,56,2517017,,FA,,{},"['QB', 'OP', 'BE', 'IR']",,,,,,,,,,,,,,,,,,,,,,36.0,22.0,14.0,189.0,1.0,37.0,18.0,9.0,7.0,3.0,1.0,4.0,2.0,2.0,1.0,,,,,,0.61111111,2.0,,,1.0,,,,,,,,,,,,,,,,,,,,,,,,,,,,,,,,,,,,,,,,,,,,,,,,,,,,,,,,,,,,,,,,,,,,,,,,,,,,,,,,,,,,,,,,,,,,,,,,,,,,,,,,,,,,,,,,,,,,,,,,,,,,,,,,,,,,,,,,,,,,,,,,,,,,,,,,,,,,,,,,,,,,,,,,,,,,,,,,,,,,,,,,,,,,,,,,,,,,2021,,,,,,,,,,,,,,,,,,,,,,,,,,,,,,,,,,,,,
10.0,3.33,0.0,0.0,8.0,21.66666667,,12.0,6.0,2.0,2.0,1.0,,1.0,,,,,,8.125,,,,,,,,,,,,,,2.0,,1.0,4.0,,,,3.0,6.0,,,3.0,,,,,,,,,,,,,,,,,,,,,,,,,,,,,,,,,,,,,,,,,,,,Jake Fromm,NYG,FA,60,4240689,,FA,,{},"['QB', 'OP', 'BE', 'IR']",,,,,,,,,,,,,,,,,,,,,,60.0,27.0,33.0,70.0,1.0,41.0,20.0,10.0,8.0,3.0,1.0,5.0,1.0,6.0,2.0,,,,,3.0,0.45,6.0,2.0,,,1.0,,,,,,,,,,,,,,,,,,,,,,,,,,,,,,,,,,,,,,,,,,,,,,,,,,,,,,,,,,,,,,,,,,,,,,,,,,,,,,,,,,,,,,,,,,,,,,,,,,,,,,,,,,,,,,,,,,,,,,,,,,,,,,,,,,,,,,,,,,,,,,,,,,,,,,,1.0,,,,,,,,,,,,,,,,,,,,,,,,,,,,,,,,,,,,,,,,,,,,2021,,,,,,,,,,,,,,,,,,,,,,,,,,,,,,,,,,,,,
0.0,0.0,15.13,1.01,5.0,1.83333333,,1.0,,,,,,,,,,,,2.2,,,,,,,,,,1.0,,,,,,,,,,5.0,1.0,,,,6.0,19.39878349,5.358210629,0.735814269,0.022484457,16.0,8.0,4.0,3.0,1.0,3.0,1.0,0.036034548,0.025224184,0.019991686,0.00068224,4.175701904,1.512415694,0.136897373,0.007639017,0.049052186,0.032055604,4.0,2.0,1.0,,,2.957426822,,,0.012275584,0.000379657,3.93173172,7.731101407,0.030123473,0.000806805,0.159108156,0.024256713,0.183364869,0.073189752,0.013583759,0.086773511,0.086773511,15.11764706,Mekhi Sargent,JAX,FA,154,4379504,,FA,,{},"['Rookie', 'RB', 'RB/WR', 'RB/WR/TE', 'OP', 'BE', 'IR']",,,,,,,,,,,,,,,,,,,,,,,,,,,,,,,,,,,,,,,,,,,,,,,,,,,,,,,,,,,,,,,,,,,,,,,,,,,,,,,,,,,,,,,,,,,,,,,,,,,,,,,,,,,,,,,,,,,,,,,,,,,,,,,,,,,,,,,,,,,,,,,,,,,,,,,,,,,,,,,,,,,,,,,,,,,,,,,,,,,,,,,,,,,,,,,,,,,,,,,,,,,,,,,,,,,,,,,,,,,,,,,,,,,,,,,,,,,,,,,,,,2021,,,,,,,,,,,,,,,,,,,,,,,,,,,,,,,,,,,,,
0.0,0.0,0.0,0.0,,,,,,,,,,,,,,,,,,,,,,,,,,,,,,,,,,,,,,,,,,,,,,,,,,,,,,,,,,,,,,,,,,,,,,,,,,,,,,,,,,,,,Marshawn Lynch,None,FA,0,10456,,FA,,{},"['RB', 'RB/WR', 'RB/WR/TE', 'OP', 'BE', 'IR']",,,,,,,,,,,,,,,,,,,,,,,,,,,,,,,,,,,,,,,,,,,,,,,,,,,,,,,,,,,,,,,,,,,,,,,,,,,,,,,,,,,,,,,,,,,,,,,,,,,,,,,,,,,,,,,,,,,,,,,,,,,,,,,,,,,,,,,,,,,,,,,,,,,,,,,,,,,,,,,,,,,,,,,,,,,,,,,,,,,,,,,,,,,,,,,,,,,,,,,,,,,,,,,,,,,,,,,,,,,,,,,,,,,,,,,,,,,,,,,,,,2021,,,,,,,,,,,,,,,,,,,,,,,,,,,,,,,,,,,,,
33.0,3.0,42.66,2.67,,,,,,,,,,,,,,,,,14.0,15.18181818,3.0,30.0,13.0,4.0,4.0,,,23.0,55.0,11.92857143,,,,,,1.0,1.0,3.0,8.0,20.0,,,11.0,,,,,,,,,,,,,,,,,17.26592188,2.635195532,0.125809545,0.088749749,0.057997961,55.0,27.0,13.0,11.0,5.0,26.84214538,5.0,2.0,0.111378056,0.003444682,41.2734295,10.32966585,0.125809545,0.001637818,,0.37223144,0.37223144,,0.208449606,0.208449606,0.208449606,16.05882353,Jimmy Graham,CHI,FA,36,13232,,FA,,{},"['WR/TE', 'TE', 'RB/WR/TE', 'OP', 'BE', 'IR']",,,,,,,,,,,,,,,,,,,,1.0,,,,,,,,,,,,,,,,,,,,,,,,,,,,,,,,,,,,,,,,,,,,,,,,,,,,1.0,,2.0,,,,,,,,,,,,,,,,,,,,,,,,,,,,,,,,,,,,,,,,,,,,,,,,,,,,,,,,,,,,,,,,,,,,,,,,,,,,,,,,,,,,,,,,,,,,,,,,,,,,,,,,,,,,,,,,,,,,,,,,,,,,,,,,,,,,,,,,,,,,,,,,,,,,,,,,,,,,,,,,,,,,,,,,2021,,,,,,,,,,,,,,,,,,,,,,,,,,,,,,,,,,,,,
14.0,1.27,62.62,3.91,1.0,-0.36363636,,,,,,,,,,,,,,-4.0,12.0,15.0,,31.0,14.0,5.0,5.0,1.0,,25.0,34.0,13.75,,,,,,1.0,2.0,4.0,7.0,,,,11.0,,,,,,,,,,,,,,,,,29.30118856,2.613555296,0.162535198,0.26962214,0.176198069,94.0,47.0,23.0,18.0,9.0,32.85955545,6.0,3.0,0.383672856,0.011866171,53.65588915,14.31981078,0.162535198,0.00153617,,0.349129576,0.349129576,,0.195512563,0.195512563,0.195512563,16.05882353,Dyami Brown,WSH,FA,143,4361577,,FA,,{},"['Rookie', 'RB/WR', 'WR', 'WR/TE', 'RB/WR/TE', 'OP', 'BE', 'IR']",,,,,,,,,,,,,,,,,,,,,,,,,,,,,,,,,,,,,,,,,,,,,,,,,,,,,,,,,,,,,,,,,,,,,,,,,,,1.0,,,,,,,,,,,,,,,,,,,,,,,,,,,,,,,,,,,,,,,,,,,,,,,,,,,,,,,,,,,,,,,,,,,,,,,,,,,,,,,,,,,,,,,,,,,,,,,,,,,,,,,,,,,,,,,,,,,,,,,,,,,,,,,,,,,,,,,,,,,,,,,,,,,,,,,,,,,,,,,,,,,,,,,2021,,,,,,,,,,,,,,,,,,,,,,,,,,,,,,,,,,,,,
13.0,1.18,30.14,2.01,36.0,7.90909091,1.0,16.0,7.0,2.0,2.0,,,4.0,1.0,,,,,2.41666667,1.0,-0.09090909,,,,,,,,2.0,,-1.0,,,,,,,2.0,7.0,4.0,6.0,1.0,,11.0,41.2578087,11.44370034,1.566764286,0.059596313,34.0,17.0,8.0,6.0,3.0,8.0,4.0,0.077365992,0.054156195,0.076454289,0.002609092,4.193189805,2.299646392,0.157346569,0.007752621,0.045726359,0.029882176,6.0,3.0,1.0,1.0,,4.594146191,,,0.018670603,0.000577441,6.099530068,7.567291304,0.067348934,0.001654735,0.338395129,0.037681029,0.376076158,0.155661759,0.021101376,0.176763136,0.176763136,15.11764706,Larry Rountree III,LAC,FA,105,4241205,,FA,,{},"['Rookie', 'RB', 'RB/WR', 'RB/WR/TE', 'OP', 'BE', 'IR']",,,,,,,,117.0,10.0,3.0,,,,,,,,,,,,,,,,,,,,,,,,,,,,,,,,,,,,,,,,,,,,,,,,,,,,,,,,,,,,,,,,,2.0,,,,,,,,,,,,,,,,,,,,,,,,,,,,,,,,,,,,,,,,,,,,,,,,,,,,,,,,,,,,,,,,,,,,,,,,,,,,,,,,,,,,,,,,,,,,,,,,,,,,,,,,,,,,,,,,,,,,,,,,,,,,,,,,,,,,,,,,,,,,,,,,,,,,,,,,,,,,,,,,,,,,,,,2021,,,,,,,,,,,,,,,,,,,,,,,,,,,,,,,,,,,,,
0.0,0.0,0.0,0.0,,,,,,,,,,,,,,,,,,,,,,,,,,,,,,,,,,,,,,,,,,,,,,,,,,,,,,,,,,,,,,,,,,,,,,,,,,,,,,,,,,,,,Eli Manning,NYG,FA,0,5526,,FA,,{},"['QB', 'OP', 'BE', 'IR']",,,,,,,,,,,,,,,,,,,,,,,,,,,,,,,,,,,,,,,,,,,,,,,,,,,,,,,,,,,,,,,,,,,,,,,,,,,,,,,,,,,,,,,,,,,,,,,,,,,,,,,,,,,,,,,,,,,,,,,,,,,,,,,,,,,,,,,,,,,,,,,,,,,,,,,,,,,,,,,,,,,,,,,,,,,,,,,,,,,,,,,,,,,,,,,,,,,,,,,,,,,,,,,,,,,,,,,,,,,,,,,,,,,,,,,,,,,,,,,,,,2021,,,,,,,,,,,,,,,,,,,,,,,,,,,,,,,,,,,,,
39.0,4.88,0.0,0.0,22.0,4.625,,7.0,3.0,1.0,,,,2.0,,,,,,1.68181818,,,,,,,,,,,,,1.0,4.0,,1.0,2.0,1.0,1.0,5.0,3.0,18.0,,,8.0,,,,,,,,,,,,,,,,,,,,,,,,,,,,,,,,,,,,,,,,,,,,Colt McCoy,ARI,FA,45,13199,,FA,,{},"['QB', 'OP', 'BE', 'IR']",,,,,,,,,,,,,,,,,,,,,,99.0,74.0,25.0,92.5,3.0,146.0,71.0,35.0,28.0,13.0,6.0,14.0,6.0,2.0,,1.0,,1.0,,1.0,0.74747475,6.0,3.0,2.0,,,,,,,,,,,,,,,,,,,,,,,,,,,,,,,,,,,,,,,,,,,,,,,,,,,,,,,,,,,,,,,,,,,,,,,,,,,,,,,,,,,,,,,,,,,,,,,,,,,,,,,,,,,,,,,,,,,,,,,,,,,,,,,,,,,,,,,,,,,,,,,,,,,,,,,,,1.0,,,,,,,,,,,,,,,,,,,,,,,,,,,,,,,,,,,,,,,,,,,,2021,,,,,,,,,,,,,,,,,,,,,,,,,,,,,,,,,,,,,
0.0,0.0,0.0,0.0,,,,,,,,,,,,,,,,,,,,,,,,,,,,,,,,,,,,,,,,,,,,,,,,,,,,,,,,,,,,,,,,,,,,,,,,,,,,,,,,,,,,,Todd Gurley II,None,FA,0,2977644,,FA,,{},"['RB', 'RB/WR', 'RB/WR/TE', 'OP', 'BE', 'IR']",,,,,,,,,,,,,,,,,,,,,,,,,,,,,,,,,,,,,,,,,,,,,,,,,,,,,,,,,,,,,,,,,,,,,,,,,,,,,,,,,,,,,,,,,,,,,,,,,,,,,,,,,,,,,,,,,,,,,,,,,,,,,,,,,,,,,,,,,,,,,,,,,,,,,,,,,,,,,,,,,,,,,,,,,,,,,,,,,,,,,,,,,,,,,,,,,,,,,,,,,,,,,,,,,,,,,,,,,,,,,,,,,,,,,,,,,,,,,,,,,,2021,,,,,,,,,,,,,,,,,,,,,,,,,,,,,,,,,,,,,
31.0,2.58,12.21,0.76,,,,,,,,,,,,,,,,,25.0,20.41666667,2.0,44.0,19.0,7.0,4.0,1.0,,33.0,204.0,9.8,,,,,,1.0,1.0,9.0,3.0,12.0,,,12.0,,,,,,,,,,,,,,,,,5.333841693,0.707800267,0.029412228,0.141792209,0.092661209,17.0,8.0,4.0,3.0,1.0,7.817166997,1.0,,0.038702877,0.001196996,11.43621272,10.95732284,0.029412228,0.000395604,,0.089910062,0.089910062,,0.050349635,0.050349635,0.050349635,16.05882353,Josiah Deguara,GB,FA,40,3914151,,FA,,{},"['WR/TE', 'TE', 'RB/WR/TE', 'OP', 'BE', 'IR']",,1.0,1.0,,,,,,,,,,,,,,,,,,1.0,,,,,,,,,,,,,,,,,,,,,,,,,,,,,,,,,,,,,,,,,,,,,,,,,,,,,,,,,,,,,,,,,,,,,,,,,,,,,,,,,,,,,,,,,,,,,,,,,,,,,,,,,,,,,,,,,,,,,,,,,,,,,,,,,,,,,,,,,,,,,,,,,,,,,,,,,,,,,,,,,,,,,,,,,,,,,,,,,,,,,,,,,,,,,,,,,,,,,,,,,,,,,,,,,,,,,,,,,,,,,2021,,,,,,,,,,,,,,,,,,,,,,,,,,,,,,,,,,,,,
26.0,1.73,9.45,0.63,5.0,2.2,,6.0,2.0,,,,,,,,,,,6.6,11.0,8.8,2.0,27.0,12.0,6.0,4.0,1.0,1.0,17.0,103.0,12.0,,3.0,,3.0,3.0,1.0,1.0,4.0,11.0,18.0,,,15.0,4.043847094,1.566597418,0.161109399,0.006312763,4.0,2.0,1.0,,,,,0.007432415,0.00520269,0.001283676,4.3807e-05,5.856617794,1.894522692,0.129678382,0.007511467,0.115911736,0.075748319,5.0,2.0,1.0,1.0,,2.559803005,,,0.014686801,0.000454231,4.006977588,11.18864434,0.01382423,0.000216102,0.030075837,0.01903836,0.049114197,0.013834885,0.010661482,0.024496367,0.024496367,15.11764706,Jakeem Grant Sr.,CHI,FA,124,2577641,,FA,,{},"['RB/WR', 'WR', 'WR/TE', 'RB/WR/TE', 'OP', 'BE', 'IR']",,1.0,,,,1.0,1.0,539.0,50.0,18.0,0.288184873,0.332663535,597.96,203.9587097,59.0,23.0,20.0,8.0,,1.0,,,,,,,,,,,,,,,,,,,,,,,,,,,,,,,,,,,,,,,,,,,,,,,,,,,,,,,,,,,,,,,,,,,,,,,,,,,,,,,,,,,,,,,,,,,,,,,,,,,,,,,,,1.0,,1.0,,,,,309.0,25.0,8.0,,,,,,,,,,,,,,,,,,,,,,,,,,,,,,,,,,,,,,,,,,,,,,,,,,,,,,,,,,,,,,,,,,,,,,,,,,,,,,,,,,,,,,,,,,,,,,,,,,,,,,,,,,,,2021,,,,,,,,,,,,,,,,,,,,,,,,,,,,,,,,,,,,,
33.0,2.75,47.81,2.99,,,,,,,,,,,,,,,,,20.0,15.83333333,3.0,33.0,13.0,3.0,3.0,,,27.0,135.0,9.5,,,,,,,,8.0,4.0,20.0,,,12.0,,,,,,,,,,,,,,,,,19.54957148,2.814198283,0.138664127,0.135964531,0.088852821,62.0,31.0,15.0,12.0,6.0,28.39113773,5.0,2.0,0.135947066,0.004204548,42.32581935,11.05778576,0.138664127,0.001436794,,0.326543997,0.326543997,,0.182864638,0.182864638,0.182864638,16.05882353,Donald Parham Jr.,LAC,FA,36,3912092,,FA,,{},"['WR/TE', 'TE', 'RB/WR/TE', 'OP', 'BE', 'IR']",,,,,,,,,,,,,,,,,,,,2.0,1.0,,,,,,,,,,,,,,,,,,,,,,,,,,,,,,,,,,,,,,,,,,,,,,,,,,,1.0,,,,,,,,,,,,,,,,,,,,,,,,,,,,,,,,,,,,,,,,,,,,,,,,,,,,,,,,,,,,,,,,,,,,,,,,,,,,,,,,,,,,,,,,,,,,,,,,,,,,,,,,,,,,,,,,,,,,,,,,,,,,,,,,,,,,,,,,,,,,,,,,,,,,,,,,,,,,,,,,,,,,,,,,,,2021,,,,,,,,,,,,,,,,,,,,,,,,,,,,,,,,,,,,,
16.0,16.0,0.0,0.0,4.0,8.0,,1.0,,,,,,,,,,,,2.0,,,,,,,,,,,,,,1.0,,,,,,1.0,,6.0,,,1.0,,,,,,,,,,,,,,,,,,,,,,,,,,,,,,,,,,,,,,,,,,,,Nick Foles,CHI,FA,53,14877,,FA,,{},"['QB', 'OP', 'BE', 'IR']",,,,,,,,,,,,,,,,,,,,,,35.0,24.0,11.0,250.0,1.0,50.0,25.0,12.0,10.0,5.0,2.0,4.0,2.0,2.0,1.0,,,,1.0,,0.68571429,4.0,1.0,,1.0,,,,,,,,,,,,,,,,,,,,,,,,,,,,,,,,,,,,,,,,,,,,,,,,,,,,,,,,,,,,,,,,,,,,,,,,,,,,,,,,,,,,,,,,,,,,,,,,,,,,,,,,,,,,,,,,,,,,,,,,,,,,,,,,,,,,,,,,,,,,,,,,,,,,,,,,,,,,,,,,,,,,,,,,,,,,,,,,,,,,,,,,,,,,,,,,,,,,2021,,,,,,,,,,,,,,,,,,,,,,,,,,,,,,,,,,,,,
28.0,1.75,6.65,0.44,7.0,1.5,,3.0,1.0,,,,,,,,,,,3.42857143,18.0,11.3125,2.0,32.0,15.0,4.0,2.0,1.0,,21.0,201.0,10.05555556,,4.0,,,,2.0,4.0,8.0,8.0,12.0,,1.0,16.0,9.058485624,2.53155861,0.366126513,0.010192385,7.0,3.0,1.0,1.0,,1.0,,0.016694595,0.011686217,0.003530331,0.000120477,4.224901508,1.055471909,0.085474602,0.00416423,0.050911022,0.033270353,3.0,1.0,,,,2.0176441,,,0.009205518,0.000284707,2.718029374,7.908357967,0.014356615,0.000399723,0.074297388,0.016548648,0.090846035,0.034176798,0.009267243,0.043444041,0.043444041,15.11764706,Demetric Felton,CLE,FA,86,4035826,,FA,,{},"['Rookie', 'RB', 'RB/WR', 'RB/WR/TE', 'OP', 'BE', 'IR']",,,,,,,,172.0,16.0,4.0,,,,,,,,,,,,,,,,,,,,,,,,,,,,,,,,,,,,,,,,,,,,,,,,,,,,,,,,,,,,,,,,1.0,2.0,,,1.0,,,,,,,,,,,,,,,,,,,,,,,,,,,,,,,,,,,,,,,,,,,,,,,,,,,,,,227.0,19.0,6.0,,,,,,,,,,,,,,,,,,,,,,,,,,,,,,,,,,,,,,,,,,,,,,,,,,,,,,,,,,,,,,,,,,,,,,,,,,,,,,,,,,,,,,,,,,,,,,,,,,,,,,,,,,,,2021,,,,,,,,,,,,,,,,,,,,,,,,,,,,,,,,,,,,,
3.0,0.19,34.62,2.16,1.0,0.6875,,2.0,1.0,,,,,,,,,,,11.0,4.0,2.8125,,7.0,2.0,,,,,8.0,24.0,11.25,,2.0,,,,3.0,3.0,12.0,4.0,,,,16.0,6.122675652,2.315184656,0.232236171,0.008577106,7.0,3.0,1.0,1.0,,1.0,,0.01126591,0.007886137,0.003310906,0.000112989,6.072368348,13.14631759,1.325540296,0.055094025,0.147436547,0.096349783,42.0,21.0,10.0,8.0,4.0,19.19406984,3.0,1.0,0.07910829,0.002446648,27.92940071,10.99893853,0.063671131,0.001183547,0.065052832,0.203935122,0.268987955,0.029924303,0.114203669,0.144127972,0.144127972,16.05882353,Amari Rodgers,GB,FA,182,4239992,,FA,,{},"['Rookie', 'RB/WR', 'WR', 'WR/TE', 'RB/WR/TE', 'OP', 'BE', 'IR']",,,,,,,,199.0,16.0,4.0,,0.23736,,211.56,,,21.0,8.0,,,,,,,,,,,,,,,,,,,,,,,,,,,,,,,,,,,,,,,,,,,,,,,,,,,,,,,,,,,,,,,,,,,,,,,,,,,,,,,,,,,,,,,,,,,,,,,,,,,,,,,,,,,,,,,,,,166.0,10.0,2.0,,,,,,,,,,,,,,,,,,,,,,,,,,,,,,,,,,,,,,,,,,,,,,,,,,,,,,,,,,,,,,,,,,,,,,,,,,,,,,,,,,,,,,,,,,,,,,,,,,,,,,,,,,,,2021,,,,,,,,,,,,,,,,,,,,,,,,,,,,,,,,,,,,,
12.0,1.2,34.99,2.19,,,,,,,,,,,,,,,,,8.0,13.3,,25.0,12.0,5.0,3.0,,,23.0,49.0,16.625,,,,,,,,2.0,8.0,,,,10.0,,,,,,,,,,,,,,,,,17.42339516,1.344971553,0.073798981,0.20510163,0.134033915,55.0,27.0,13.0,11.0,5.0,19.7514753,3.0,1.0,0.114429589,0.003539059,34.17344169,14.16599135,0.073798981,0.000923373,,0.209857501,0.209857501,,0.117520201,0.117520201,0.117520201,16.05882353,Denzel Mims,NYJ,FA,149,4035403,,FA,,{},"['RB/WR', 'WR', 'WR/TE', 'RB/WR/TE', 'OP', 'BE', 'IR']",,,,,,,,,,,,,,,,,,,,,,,,,,,,,,,,,,,,,,,,,,,,,,,,,,,,,,,,,,,,,,,,,,,,,,,,,,,,,,,,,,,,,,,,,,,,,,,,,,,,,,,,,,,,,,,,,,,,,,,,,,,,,,,,,,,,,,,,,,,,,,,,,,,,,,,,,,,,,,,,,,,,,,,,,,,,,,,,,,,,,,,,,,,,,,,,,,,,,,,,,,,,,,,,,,,,,,,,,,,,,,,,,,,,,,,,,,,,,,,,,,2021,,,,,,,,,,,,,,,,,,,,,,,,,,,,,,,,,,,,,
13.0,2.6,11.49,0.72,7.0,-0.2,,,,,,,,,,,,,,-0.14285714,,,,,,,,,,,,,,1.0,,,,,,3.0,2.0,12.0,,,5.0,1.086676504,0.267544094,0.040372693,0.001214923,,,,,,,,0.00199415,0.001395905,2.02055e-05,6.89536e-07,3.953746477,,,,,,,,,,,,,,,,,,0.051741298,0.001390766,0.009860846,,0.316083134,0.004535989,,0.151522687,0.96959715,16.05882353,Brandon Allen,CIN,FA,55,2574511,,FA,,{},"['QB', 'OP', 'BE', 'IR']",,,,,,,,,,,,,,,,,,,,,,34.0,17.0,17.0,29.8,2.0,29.0,13.0,6.0,5.0,2.0,1.0,3.0,1.0,2.0,1.0,,,,,,0.5,4.0,1.0,2.0,,,,31.68331934,19.86356704,11.8197523,13.89539591,1.269190369,44.0,22.0,11.0,8.0,4.0,2.0,3.0,1.0,0.098958318,0.064669261,0.313861233,0.042394423,0.050526374,0.818074463,0.626940846,2.062728586,0.306222288,0.146986698,,,,,,,,,,,,,,,,,,,,,,,,,,,,,,,,,,,,,,,,,,,,,,,,,,,,,,,,,,,,,,,,,,,,,,,,,,,,,,,,,,,,,,,,,,,,,,,,,,,,,,,,,,,,,,,,,,,,,,,,,,,,,,,,,,,,,,,,,,,,,,,,,,,,,,,,,,,,,,,,,,,,,,,,,,,2021,,,,,,,,,,,,,,,,,,,,,,,,,,,,,,,,,,,,,
28.0,2.33,33.3,2.08,,,,,,,,,,,,,,,,,24.0,22.91666667,1.0,50.0,22.0,10.0,7.0,2.0,1.0,47.0,47.0,11.45833333,,,,,,,,5.0,7.0,6.0,,,12.0,,,,,,,,,,,,,,,,,15.38911985,1.586356893,0.077285585,0.309239603,0.202088081,49.0,24.0,12.0,9.0,4.0,17.01374915,3.0,1.0,0.094417992,0.002920144,27.18029374,14.52537931,0.077285585,0.00149721,,0.340274983,0.340274983,,0.19055399,0.19055399,0.19055399,16.05882353,Rashard Higgins,CLE,FA,121,3042910,,FA,,{},"['RB/WR', 'WR', 'WR/TE', 'RB/WR/TE', 'OP', 'BE', 'IR']",,,,,,,,,,,,,,,,,,,,1.0,,,,,,,,,,,,,,,,,,,,,,,,,,,,,,,,,,,,,,,,,,,,,,,,,,,,,,,,,,,,,,,,,,,,,,,,,,,,,,,,,,,,,,,,,,,,,,,,,,,,,,,,,,,,,,,,,,,,,,,,,,,,,,,,,,,,,,,,,,,,,,,,,,,,,,,,,,,,,,,,,,,,,,,,,,,,,,,,,,,,,,,,,,,,,,,,,,,,,,,,,,,,,,,,,,,,,,,,,,,,,,2021,,,,,,,,,,,,,,,,,,,,,,,,,,,,,,,,,,,,,
39.0,2.79,62.81,3.93,1.0,0.21428571,,,,,,,,,,,,,,3.0,22.0,23.07142857,2.0,61.0,29.0,12.0,8.0,2.0,,37.0,126.0,14.68181818,,1.0,,1.0,1.0,,1.0,4.0,10.0,12.0,,1.0,14.0,,,,,,,,,,,,,,,,,30.28926136,2.523666047,0.133096066,0.150883333,0.098602258,97.0,48.0,24.0,19.0,9.0,38.10739933,7.0,3.0,0.358952828,0.011101634,63.96422501,12.76418521,0.133096066,0.002390275,,0.543244362,0.543244362,,0.304216842,0.304216842,0.304216842,16.05882353,Chris Conley,HOU,FA,99,2578533,,FA,,{},"['RB/WR', 'WR', 'WR/TE', 'RB/WR/TE', 'OP', 'BE', 'IR']",,1.0,,,,,,,,,,,,,,,,,,,,,,,,,,,,,,,,,,,,,,,,,,,,,,,,,,,,,,,,,,,,,,,,,,,,,,,,,1.0,,,,,,,,,,,,,,,,,,,,,,,,,,,,,,,,,,,,,,,,,,,,,,,,,,,,,,,,,,,,,,,,,,,,,,,,,,,,,,,,,,,,,,,,,,,,,,,,,,,,,,,,,,,,,,,,,,,,,,,,,,,,,,,,,,,,,,,,,,,,,,,,,,,,,,,,,,,,,,,,,,,,,,,2021,,,,,,,,,,,,,,,,,,,,,,,,,,,,,,,,,,,,,
6.0,1.2,17.35,1.08,13.0,4.8,1.0,5.0,2.0,,,,,,,,,,,1.84615385,,,,,,,,,,,,,,,,,1.0,,,4.0,1.0,6.0,1.0,,5.0,5.529380262,1.80803787,0.218812933,0.008113636,5.0,2.0,1.0,1.0,,1.0,,0.010174264,0.007121985,0.00221323,7.55291e-05,5.251033518,,,,,,,,,,,,,,,,,,0.079434984,0.002446843,0.077367316,,0.556100659,0.035588965,,0.26538097,1.031923485,16.05882353,Mitchell Trubisky,BUF,FA,64,3039707,,FA,,{},"['QB', 'OP', 'BE', 'IR']",,,,,,,,,,,,,,,,,,,,,,8.0,6.0,2.0,8.6,,7.0,2.0,,,,,,,,,,,,,1.0,0.75,,,,,,,32.11919824,21.16111242,10.95808582,14.10199407,1.730976435,45.0,22.0,11.0,9.0,4.0,2.0,4.0,2.0,0.099547679,0.065054408,0.317826858,0.042930075,0.071321348,0.766542515,0.658830655,2.095491282,0.478733343,0.229792005,,,,,,,,,,,,,,,,,,,,,,,,,,,,,,,,,,,,,,,,,,,,,,,,,,,,,,,,,,,,,,,,,,,,,,,,,,,,,,,,,,,,,,,,,,,,,,,,,,,,,,,,,,,,,,,,,,,,,,,,,,,,,,,,,,,,,,,,,,,,,,,,,,,,,,,,,,,,,,,,,,,,,,,,,,,2021,,,,,,,,,,,,,,,,,,,,,,,,,,,,,,,,,,,,,
3.0,3.0,0.0,0.0,,,,,,,,,,,,,,,,,,,,,,,,,,,,,,,,,,,,1.0,,3.0,,,1.0,,,,,,,,,,,,,,,,,,,,,,,,,,,,,,,,,,,,,,,,,,,,Cody Parkey,None,FA,45,17082,,FA,,{},"['K', 'BE', 'IR']",,,,,,,,,,,,,,,,,,,,,,,,,,,,,,,,,,,,,,,,,,,,,,,,,,,,,,,,,,,,,,,,,,,,,,,,,,,,,,,,,,,,,,,,,,3.0,5.0,2.0,,,,,,,,,,,,,,,,,,,,,,,,,,,,,,,,,,,,,,,,,,,,,,,,,,,,,,,,,,,,,,,,,,,,,,,,,,,,,,,,,,,,,,,,,,,,,,,,,,,,,,,,,,,,,,,,,,,,,,,,,,,,,,,,,,,,,,,,,,,,,,,,,,,,,,2021,,,,,,,,,,,,,,,,,,,,,,,,,,,,,,,,,,,,,
23.0,4.6,41.85,2.62,,,,,,,,,,,,,,,,,16.0,38.6,1.0,36.0,17.0,7.0,5.0,2.0,2.0,17.0,125.0,12.0625,,,,,,,1.0,5.0,,6.0,,,5.0,,,,,,,,,,,,,,,,,18.13601749,2.171969378,0.113493057,0.118477636,0.077425135,58.0,29.0,14.0,11.0,5.0,30.01712268,6.0,3.0,0.119685897,0.003701626,40.55835741,9.702565682,0.113493057,0.001655515,,0.376253439,0.376253439,,0.210701926,0.210701926,0.210701926,16.05882353,Maxx Williams,ARI,FA,51,2970726,,FA,,{},"['WR/TE', 'TE', 'RB/WR/TE', 'OP', 'BE', 'IR']",,,,,,,,,,,,,,,,,,,,,,,,,,,,,,,,,,,,,,,,,,,,,,,,,,,,,,,,,,,,,,,,,,,,,,,,,,1.0,1.0,,,,,,,,,,,,,,,,,,,,,,,,,,,,,,,,,,,,,,,,,,,,,,,,,,,,,,,,,,,,,,,,,,,,,,,,,,,,,,,,,,,,,,,,,,,,,,,,,,,,,,,,,,,,,,,,,,,,,,,,,,,,,,,,,,,,,,,,,,,,,,,,,,,,,,,,,,,,,,,,,,,,,,,2021,,,,,,,,,,,,,,,,,,,,,,,,,,,,,,,,,,,,,
26.0,1.73,40.3,2.52,,,,,,,,,,,,,,,,,26.0,17.13333333,1.0,45.0,18.0,7.0,4.0,1.0,,39.0,137.0,9.88461538,,,,,,,,3.0,12.0,8.0,,,15.0,,,,,,,,,,,,,,,,,17.20425908,2.222660845,0.121551319,0.105673423,0.069057582,55.0,27.0,13.0,11.0,5.0,28.24012501,5.0,2.0,0.124268491,0.003843355,39.59234399,9.783248492,0.121551319,0.001132127,,0.257301503,0.257301503,,0.144088842,0.144088842,0.144088842,16.05882353,Kyle Rudolph,NYG,FA,49,14054,,FA,,{},"['WR/TE', 'TE', 'RB/WR/TE', 'OP', 'BE', 'IR']",,,,,,,,,,,,,,,,,,,,1.0,,,,,,,,,,,,,,,,,,,,,,,,,,,,,,,,,,,,,,,,,,,,,,,,,,,,1.0,,,,,,,,,,,,,,,,,,,,,,,,,,,,,,,,,,,,,,,,,,,,,,,,,,,,,,,,,,,,,,,,,,,,,,,,,,,,,,,,,,,,,,,,,,,,,,,,,,,,,,,,,,,,,,,,,,,,,,,,,,,,,,,,,,,,,,,,,,,,,,,,,,,,,,,,,,,,,,,,,,,,,,,,,,2021,,,,,,,,,,,,,,,,,,,,,,,,,,,,,,,,,,,,,
12.0,2.0,32.33,2.02,2.0,7.16666667,1.0,8.0,4.0,2.0,1.0,,,,,,,,,21.5,5.0,6.33333333,,6.0,2.0,,,,,9.0,9.0,7.6,,,,,,2.0,2.0,4.0,2.0,6.0,,,6.0,2.050798634,0.747113326,0.060505309,0.002468968,2.0,1.0,,,,,,0.003765171,0.00263562,0.000283637,9.67945e-06,5.850287227,13.72534157,1.500599981,0.059673694,0.262332032,0.171433983,44.0,22.0,11.0,8.0,4.0,15.23676674,3.0,1.0,0.082462053,0.002550373,25.28651554,14.46585368,0.062142663,0.000646549,0.017431629,0.12951133,0.146942959,0.008018549,0.072526345,0.080544894,0.080544894,16.05882353,Scotty Miller,TB,FA,149,3914397,,FA,,{},"['RB/WR', 'WR', 'WR/TE', 'RB/WR/TE', 'OP', 'BE', 'IR']",,,,,,,,19.0,1.0,,,,,,,,,,,,,,,,,,,,,,,,,,,,,,,,,,,,,,,,,,,,,,,,,,,,,,,,,,,,,,,,,,,,,,,,,,,,,,,,,,,,,,,,,,,,,,,,,,,,,,,,1.0,,,,,,,,,,,,,,,,,,,,,,,,,,,,,,,,,,,,,,,,,,,,,,,,,,,,,,,,,,,,,,,,,,,,,,,,,,,,,,,,,,,,1.0,,,,,,,,,,,,,,,,,,,,,,,,,,,,,,,,,,,,,,,,,,,,,2021,,,,,,,,,,,,,,,,,,,,,,,,,,,,,,,,,,,,,
23.0,5.75,11.77,0.74,9.0,-2.0,,,,,,,,,,,,,,-0.88888889,,,,,,,,,,,,,,1.0,,1.0,2.0,,,4.0,,18.0,,,4.0,1.08332891,0.191359383,0.031152536,0.001054633,,,,,,,,0.001988003,0.001391602,4.10446e-06,1.40069e-07,2.836633031,,,,,,,,,,,,,,,,,,0.084539761,0.00213154,0.01453323,,0.484441015,0.006685286,,0.232241022,1.190712624,16.05882353,Cooper Rush,DAL,FA,49,2972515,,FA,,{},"['QB', 'OP', 'BE', 'IR']",,,,,,,,,,,,,,,,,,,,,,47.0,30.0,17.0,105.5,3.0,84.0,41.0,19.0,15.0,7.0,3.0,4.0,2.0,3.0,1.0,1.0,1.0,1.0,,1.0,0.63829787,3.0,1.0,2.0,,,,32.65073552,19.53860005,13.11213547,13.243633,1.446789357,42.0,21.0,10.0,8.0,4.0,2.0,3.0,1.0,0.097132107,0.063475832,0.301192929,0.040683267,0.083485128,0.958471601,0.598412248,2.376899233,0.469907784,0.225555736,,,,,,,,,,,,,,,,,,,,,,,,,,,,,,,,,,,,,,,,,,,,,,,,,,,,,,,,,,,,,,,,,,,,,,,,,,,,,,,,,,,,,,,,,,,,,,,,,,,,,,,,,,,,,,,,,,,,,,,,,,,,,,,1.0,,,,,,,,,,,,,,,,,,,,,,,,,,,,,,,,,,,,,,,,,,,,2021,,,,,,,,,,,,,,,,,,,,,,,,,,,,,,,,,,,,,
34.0,2.43,20.88,1.49,2.0,-0.07142857,,,,,,,,,,,,,,-0.5,20.0,22.35714286,1.0,59.0,28.0,11.0,8.0,3.0,,40.0,83.0,15.65,,,,,,,1.0,6.0,8.0,6.0,,,14.0,,,,,,,,,,,,,,,,,11.32555162,0.818503511,0.039072573,0.242247798,0.158308936,32.0,16.0,8.0,6.0,3.0,10.61231765,2.0,1.0,0.061803445,0.001911447,18.81449048,15.1292446,0.039072573,0.000455876,,0.103608197,0.103608197,,0.058020591,0.058020591,0.058020591,14.17647059,Marquise Goodwin,CHI,FA,110,15839,,FA,,{},"['RB/WR', 'WR', 'WR/TE', 'RB/WR/TE', 'OP', 'BE', 'IR']",,1.0,,1.0,1.0,,,,,,,,,,,,,,,,,,,,,,,,,,,,,,,,,,,,,,,,,,,,,,,,,,,,,,,,,,,,,,,,,,,,,,1.0,,,,,,,,,,,,,,,,,,,,,,,,,,,,,,,,,,,,,,,,,,,,,,,,,,,,,,,,,,,,,,,,,,,,,,,,,,,,,,,,,,,,,,,,,,,,,,,,,,,,,,,,,,,,,,,,,,,,,,,,,,,,,,,,,,,,,,,,,,,,,,,,,,,,,,,,,,,,,,,,,,,,,,,2021,,,,,,,,,,,,,,,,,,,,,,,,,,,,,,,,,,,,,
0.0,0.0,0.0,0.0,,,,,,,,,,,,,,,,,,,,,,,,,,,,,,,,,,,,,,,,,,,,,,,,,,,,,,,,,,,,,,,,,,,,,,,,,,,,,,,,,,,,,Larry Fitzgerald,None,FA,0,5528,,FA,,{},"['RB/WR', 'WR', 'WR/TE', 'RB/WR/TE', 'OP', 'BE', 'IR']",,,,,,,,,,,,,,,,,,,,,,,,,,,,,,,,,,,,,,,,,,,,,,,,,,,,,,,,,,,,,,,,,,,,,,,,,,,,,,,,,,,,,,,,,,,,,,,,,,,,,,,,,,,,,,,,,,,,,,,,,,,,,,,,,,,,,,,,,,,,,,,,,,,,,,,,,,,,,,,,,,,,,,,,,,,,,,,,,,,,,,,,,,,,,,,,,,,,,,,,,,,,,,,,,,,,,,,,,,,,,,,,,,,,,,,,,,,,,,,,,,2021,,,,,,,,,,,,,,,,,,,,,,,,,,,,,,,,,,,,,
13.0,2.17,,,23.0,14.83333333,1.0,16.0,7.0,2.0,2.0,1.0,,3.0,1.0,,,,,3.86956522,2.0,0.5,,,,,,,,2.0,5.0,1.5,,,,,,1.0,1.0,4.0,2.0,6.0,1.0,,6.0,,,,,,,,,,,,,,,,,,,,,,,,,,,,,,,,,,,,,,,,,,,,Patrick Taylor,GB,FA,105,4039358,,FA,,{},"['RB', 'RB/WR', 'RB/WR/TE', 'OP', 'BE', 'IR']",,,,,,,,,,,,,,,,,,,,,,,,,,,,,,,,,,,,,,,,,,,,,,,,,,,,,,,,,,,,,,,,,,,,,,,,,,,,,,,,,,,,,,,,,,,,,,,,,,,,,,,,,,,,,,,,,,,,,,,,,,,,,,,,,,,,,,,,,,,,,,,,,,,,,,,,,,,,,,,,,,,,,,,,,,,,,,,,,,,,,,,,,,,,,,,,,,,,,,,,,,,,,,,,,,,,,,,,,,,,,,,,,,,,,,,,,,,,,,,,,,2021,,,,,,,,,,,,,,,,,,,,,,,,,,,,,,,,,,,,,
35.0,3.89,2.7,0.18,,,,,,,,,,,,,,,,,19.0,23.11111111,3.0,38.0,17.0,7.0,5.0,1.0,,32.0,61.0,10.94736842,,,,,,,,3.0,6.0,18.0,,,9.0,,,,,,,,,,,,,,,,,1.379399152,0.117794366,0.006160472,0.144732421,0.094582637,4.0,2.0,1.0,,,1.654954267,,,0.011703633,0.000361968,2.721308745,12.55148183,0.006160472,7.73684e-05,,0.017583728,0.017583728,,0.009846888,0.009846888,0.009846888,15.05882353,Antoine Wesley,ARI,FA,108,4043161,,FA,,{},"['RB/WR', 'WR', 'WR/TE', 'RB/WR/TE', 'OP', 'BE', 'IR']",,,,,,,,,,,,,,,,,,,,1.0,1.0,,,,,,,,,,,,,,,,,,,,,,,,,,,,,,,,,,,,,,,,,,,,,,,,,,,,,1.0,,,,,,,,,,,,,,,,,,,,,,,,,,,,,,,,,,,,,,,,,,,,,,,,,,,,,,,,,,,,,,,,,,,,,,,,,,,,,,,,,,,,,,,,,,,,,,,,,,,,,,,,,,,,,,,,,,,,,,,,,,,,,,,,,,,,,,,,,,,,,,,,,,,,,,,,,,,,,,,,,,,,,,,,2021,,,,,,,,,,,,,,,,,,,,,,,,,,,,,,,,,,,,,
13.0,1.0,54.02,3.38,1.0,0.23076923,,,,,,,,,,,,,,3.0,24.0,16.46153846,,38.0,17.0,6.0,4.0,1.0,1.0,33.0,81.0,8.91666667,,2.0,,2.0,2.0,1.0,1.0,3.0,10.0,,,,13.0,,,,,,,,,,,,,,,,,26.21439581,2.033257215,0.107232309,0.122315643,0.079933273,84.0,42.0,21.0,16.0,8.0,39.28760761,7.0,3.0,0.250606076,0.007750703,58.14929547,10.71514357,0.107232309,0.001590586,,0.361496818,0.361496818,,0.202438218,0.202438218,0.202438218,16.05882353,Jordan Akins,HOU,FA,65,3128452,,FA,,{},"['WR/TE', 'TE', 'RB/WR/TE', 'OP', 'BE', 'IR']",,,,,,2.0,2.0,,,,,,,,,,,,,,,,,,,,,,,,,,,,,,,,,,,,,,,,,,,,,,,,,,,,,,,,,,,,,,,,,,,,,,,,,,,,,,,,,,,,,,,,,,,,,,,,,,,,,,,,,,,,,,,,,,,,,,,,,,,,,,,,,,,,,,,,,,,,,,,,,,,,,,,,,,,,,,,,,,,,,,,,,,,,,,,,,,,,,,,,,,,,,,,,,,,,,,,,,,,,,,,,,,,,,,,,,,,,,,,,,,,,,,,,,,,2021,,,,,,,,,,,,,,,,,,,,,,,,,,,,,,,,,,,,,
32.0,2.0,32.0,2.0,,,,,,,,,,,,,,,,,31.0,13.125,3.0,37.0,14.0,6.0,4.0,,,40.0,139.0,6.77419355,,,,,,2.0,3.0,12.0,4.0,18.0,,,16.0,,,,,,,,,,,,,,,,,12.97158408,2.000292835,0.111463947,0.095479598,0.062395917,41.0,20.0,10.0,8.0,4.0,22.32493748,4.0,2.0,0.077697171,0.002403005,30.4939238,9.330748621,0.111463947,0.000903841,,0.205418307,0.205418307,,0.115034252,0.115034252,0.115034252,16.05882353,Geoff Swaim,TEN,FA,39,3046704,,FA,,{},"['WR/TE', 'TE', 'RB/WR/TE', 'OP', 'BE', 'IR']",,,,,,,,,,,,,,,,,,,,3.0,,,,,,,,,,,,,,,,,,,,,,,,,,,,,,,,,,,,,,,,,,,,,,,,,,,,,,,1.0,,,,,,,,,,,,,,,,,,,,,,,,,,,,,,,,,,,,,,,,,,,,,,,,,,,,,,,,,,,,,,,,,,,,,,,,,,,,,,,,,,,,,,,,,,,,,,,,,,,,,,,,,,,,,,,,,,,,,,,,,,,,,,,,,,,,,,,,,,,,,,,,,,,,,,,,,,,,,,,,,,,,,,,2021,,,,,,,,,,,,,,,,,,,,,,,,,,,,,,,,,,,,,
9.0,9.0,0.0,0.0,,,,,,,,,,,,,,,,,,,,,,,,,,,,,,,,,,,,,1.0,6.0,,,1.0,,,,,,,,,,,,,,,,,,,,,,,,,,,,,,,,,,,,,,,,,,,,Nick Mullens,CLE,FA,61,3059989,,FA,,{},"['QB', 'OP', 'BE', 'IR']",,,,,,,,,,,,,,,,,,,,,,30.0,20.0,10.0,147.0,1.0,29.0,14.0,7.0,5.0,2.0,1.0,4.0,2.0,2.0,1.0,,,,,,0.66666667,,,1.0,,,,,,,,,,,,,,,,,,,,,,,,,,,,,,,,,,,,,,,,,,,,,,,,,,,,,,,,,,,,,,,,,,,,,,,,,,,,,,,,,,,,,,,,,,,,,,,,,,,,,,,,,,,,,,,,,,,,,,,,,,,,,,,,,,,,,,,,,,,,,,,,,,,,,,,,,,,,,,,,,,,,,,,,,,,,,,,,,,,,,,,,,,,,,,,,,,,,,2021,,,,,,,,,,,,,,,,,,,,,,,,,,,,,,,,,,,,,
0.0,0.0,0.0,0.0,,,,,,,,,,,,,,,,,,,,,,,,,,,,,,,,,,,,,,,,,,,,,,,,,,,,,,,,,,,,,,,,,,,,,,,,,,,,,,,,,,,,,Xavier Jones,LAR,FA,0,3916209,,FA,,{},"['RB', 'RB/WR', 'RB/WR/TE', 'OP', 'BE', 'IR']",,,,,,,,,,,,,,,,,,,,,,,,,,,,,,,,,,,,,,,,,,,,,,,,,,,,,,,,,,,,,,,,,,,,,,,,,,,,,,,,,,,,,,,,,,,,,,,,,,,,,,,,,,,,,,,,,,,,,,,,,,,,,,,,,,,,,,,,,,,,,,,,,,,,,,,,,,,,,,,,,,,,,,,,,,,,,,,,,,,,,,,,,,,,,,,,,,,,,,,,,,,,,,,,,,,,,,,,,,,,,,,,,,,,,,,,,,,,,,,,,,2021,,,,,,,,,,,,,,,,,,,,,,,,,,,,,,,,,,,,,
22.0,11.0,0.0,0.0,2.0,1.5,,,,,,,,,,,,,,1.5,,,,,,,,,,,,,,1.0,,1.0,1.0,,,,2.0,18.0,,,2.0,,,,,,,,,,,,,,,,,,,,,,,,,,,,,,,,,,,,,,,,,,,,Joe Flacco,NYJ,FA,51,11252,,FA,,{},"['QB', 'OP', 'BE', 'IR']",,,,,,,,,,,,,,,,,,,,,,42.0,27.0,15.0,169.0,3.0,67.0,33.0,16.0,12.0,5.0,2.0,4.0,2.0,3.0,1.0,1.0,1.0,,,,0.64285714,2.0,1.0,1.0,1.0,,,,,,,,,,,,,,,,,,,,,,,,,,,,,,,,,,,,,,,,,,,,,,,,,,,,,,,,,,,,,,,,,,,,,,,,,,,,,,,,,,,,,,,,,,,,,,,,,,,,,,,,,,,,,,,,,,,,,,,,,,,,,,,,,,,,,,,,,,,,,,,,,,,,,,,,1.0,,,,,,,,,,,,,,,,,,,,,,,,,,,,,,,,,,,,,,,,,,,,2021,,,,,,,,,,,,,,,,,,,,,,,,,,,,,,,,,,,,,
20.0,1.43,11.39,0.71,6.0,2.78571429,,7.0,3.0,1.0,,,,,,,,,,6.5,10.0,9.64285714,1.0,25.0,11.0,4.0,2.0,1.0,,23.0,10.0,13.5,,,,,,2.0,2.0,6.0,8.0,6.0,,,14.0,,,,,,,,,,,,,,,,,5.395073001,0.569830679,0.027761532,0.184038756,0.120269327,17.0,8.0,4.0,3.0,1.0,7.10694958,1.0,,0.03903275,0.001207198,10.8721175,12.19067678,0.027761532,0.000332247,,0.075510647,0.075510647,,0.042285962,0.042285962,0.042285962,16.05882353,Anthony Schwartz,CLE,FA,132,4371986,,FA,,{},"['Rookie', 'RB/WR', 'WR', 'WR/TE', 'RB/WR/TE', 'OP', 'BE', 'IR']",,,,,,,,322.0,29.0,11.0,,,,,,,,,,1.0,,,,,,,,,,,,,,,,,,,,,,,,,,,,,,,,,,,,,,,,,,,,,,,,,,,,,,,,,,,,,,,,,,,,,,,,,,,,,,,,,,,,,,,,,,,,,,,,,,,,,,,,,,,,,,,,,,,,,,,,,,,,,,,,,,,,,,,,,,,,,,,,,,,,,,,,,,,,,,,,,,,,,,,,,,,,,,,,,,,,,,,,,,,,,,,,,,,,,,,,,,,,,,,,,,,,,,,,,,,,,,2021,,,,,,,,,,,,,,,,,,,,,,,,,,,,,,,,,,,,,
0.0,0.0,0.0,0.0,,,,,,,,,,,,,,,,,,,,,,,,,,,,,,,,,,,,,,,,,,,,,,,,,,,,,,,,,,,,,,,,,,,,,,,,,,,,,,,,,,,,,Drew Brees,NO,FA,0,2580,,FA,,{},"['QB', 'OP', 'BE', 'IR']",,,,,,,,,,,,,,,,,,,,,,,,,,,,,,,,,,,,,,,,,,,,,,,,,,,,,,,,,,,,,,,,,,,,,,,,,,,,,,,,,,,,,,,,,,,,,,,,,,,,,,,,,,,,,,,,,,,,,,,,,,,,,,,,,,,,,,,,,,,,,,,,,,,,,,,,,,,,,,,,,,,,,,,,,,,,,,,,,,,,,,,,,,,,,,,,,,,,,,,,,,,,,,,,,,,,,,,,,,,,,,,,,,,,,,,,,,,,,,,,,,2021,,,,,,,,,,,,,,,,,,,,,,,,,,,,,,,,,,,,,
16.0,8.0,27.75,1.73,5.0,26.5,,10.0,4.0,1.0,1.0,,,,,,,,,10.6,,,,,,,,,,,,,,,,,1.0,,,,1.0,6.0,,,2.0,6.256467789,1.283938466,0.23608476,0.009795368,4.0,2.0,1.0,,,1.0,,0.011517565,0.008062295,0.00108896,3.7162e-05,3.295556205,,,,,,,,,,,,,,,,,,0.150827123,0.003261501,0.062257582,,0.74125015,0.028638488,,0.35455492,2.033386552,16.05882353,Mason Rudolph,PIT,FA,53,3116407,,FA,,{},"['QB', 'OP', 'BE', 'IR']",,,,,,,,,,,,,,,,,,,,,,58.0,35.0,23.0,138.5,1.0,55.0,27.0,13.0,10.0,4.0,2.0,7.0,3.0,4.0,2.0,,,,,1.0,0.60344828,,,1.0,,,,63.82644572,39.97603108,23.85041463,27.63385746,2.770200953,88.0,44.0,22.0,17.0,8.0,4.0,7.0,3.0,0.147367612,0.096304734,0.538023024,0.072672804,0.141031754,1.678831632,0.626323942,4.407735467,0.678992568,0.325916433,,,,,,,,,,,,,,,,,,,,,,,,,,,,,,,,,,,,,,,,,,,,,,,,,,,,,,,,,,,,,,,,,,,,,,,,,,,,,,,,,,,,,,,,,,,,,,,,,,,,,,,,,,,,,,,,,,,,,,,,,,,,,,,,,,,,,,,,,,,,,,,,,,,,,,,,,,,,,,,,,,,,,,,,,,,2021,,,,,,,,,,,,,,,,,,,,,,,,,,,,,,,,,,,,,
8.0,2.67,63.04,3.94,,,,,,,,,,,,,,,,,6.0,8.33333333,1.0,4.0,2.0,1.0,,,,12.0,10.0,4.16666667,,,,,,,,,3.0,6.0,,,3.0,,,,,,,,,,,,,,,,,30.43759232,2.618348038,0.138089516,0.10603985,0.069297042,97.0,48.0,24.0,19.0,9.0,43.36301544,8.0,4.0,0.363547089,0.011243724,69.77915456,11.27209256,0.138089516,0.003815945,,0.867260309,0.867260309,,0.485665773,0.485665773,0.485665773,16.05882353,Anthony Miller,PIT,FA,164,3050487,,FA,,{},"['RB/WR', 'WR', 'WR/TE', 'RB/WR/TE', 'OP', 'BE', 'IR']",,,,,,,,,,,,,,,,,,,,1.0,,,,,,,,,,,,,,,,,,,,,,,,,,,,,,,,,,,,,,,,,,,,,,,,,,,,,,,,,,,,,,,,,,,,,,,,,,,,,,,,,,,,,,,,,,,,,,,,,,,,,,,,,,,,,,,,,,,,,,,,,,,,,,,,,,,,,,,,,,,,,,,,,,,,,,,,,,,,,,,,,,,,,,,,,,,,,,,,,,,,,,,,,,,,,,,,,,,,,,,,,,,,,,,,,,,,,,,,,,,,,,2021,,,,,,,,,,,,,,,,,,,,,,,,,,,,,,,,,,,,,
0.0,0.0,0.0,0.0,,,,,,,,,,,,,,,,,,,,,,,,,,,,,,,,,,,,,,,,,,,,,,,,,,,,,,,,,,,,,,,,,,,,,,,,,,,,,,,,,,,,,Frank Gore,None,FA,0,8479,,FA,,{},"['RB', 'RB/WR', 'RB/WR/TE', 'OP', 'BE', 'IR']",,,,,,,,,,,,,,,,,,,,,,,,,,,,,,,,,,,,,,,,,,,,,,,,,,,,,,,,,,,,,,,,,,,,,,,,,,,,,,,,,,,,,,,,,,,,,,,,,,,,,,,,,,,,,,,,,,,,,,,,,,,,,,,,,,,,,,,,,,,,,,,,,,,,,,,,,,,,,,,,,,,,,,,,,,,,,,,,,,,,,,,,,,,,,,,,,,,,,,,,,,,,,,,,,,,,,,,,,,,,,,,,,,,,,,,,,,,,,,,,,,2021,,,,,,,,,,,,,,,,,,,,,,,,,,,,,,,,,,,,,
27.0,1.8,4.13,0.26,3.0,0.73333333,1.0,1.0,,,,,,,,,,,,3.66666667,20.0,12.0,1.0,31.0,13.0,4.0,2.0,,,35.0,70.0,9.0,,,,,,2.0,3.0,4.0,11.0,14.0,1.0,,15.0,,,,,,,,,,,,,,,,,2.264976886,0.192178558,0.010211884,0.066076854,0.043181224,7.0,3.0,1.0,1.0,,3.737106594,,,0.0194147,0.000600455,5.796406588,9.732894471,0.010211884,0.000189124,,0.042982769,0.042982769,,0.024070351,0.024070351,0.024070351,16.05882353,Tommy Tremble,CAR,FA,48,4372780,,FA,,{},"['Rookie', 'WR/TE', 'TE', 'RB/WR/TE', 'OP', 'BE', 'IR']",,,,,,,,21.0,2.0,,,,,,,,,,,1.0,,,,,,,,,,,,,,,,,,,,,,,,,,,,,,,,,,,,,,,,,,,,,,,,,,,,1.0,,,1.0,,,,,,,,,,,,,,,,,,,,,,,,,,,,,,,,,,,,,,,,,,,,,,,,,,,,,,,,,,,,,,,,,,,,,,,,,,,,,,,,,,,,,,,,,,,,,,,,,,,,,,,,,,,,,,,,,,,,,,,,,,,,,,,,,,,,,,,,,,,,,,,,,,,,,,,,,,,,,,,,,,,,,,,2021,,,,,,,,,,,,,,,,,,,,,,,,,,,,,,,,,,,,,
0.0,0.0,0.0,0.0,,,,,,,,,,,,,,,,,,,,,,,,,,,,,,,,,,,,,,,,,,,,,,,,,,,,,,,,,,,,,,,,,,,,,,,,,,,,,,,,,,,,,Trace McSorley,ARI,FA,0,3116172,,FA,,{},"['QB', 'OP', 'BE', 'IR']",,,,,,,,,,,,,,,,,,,,,,,,,,,,,,,,,,,,,,,,,,,,,,,,,,,,,,,,,,,,,,,,,,,,,,,,,,,,,,,,,,,,,,,,,,,,,,,,,,,,,,,,,,,,,,,,,,,,,,,,,,,,,,,,,,,,,,,,,,,,,,,,,,,,,,,,,,,,,,,,,,,,,,,,,,,,,,,,,,,,,,,,,,,,,,,,,,,,,,,,,,,,,,,,,,,,,,,,,,,,,,,,,,,,,,,,,,,,,,,,,,2021,,,,,,,,,,,,,,,,,,,,,,,,,,,,,,,,,,,,,
38.0,2.71,9.03,0.6,21.0,12.64285714,1.0,31.0,13.0,6.0,5.0,1.0,,1.0,,1.0,1.0,,,8.42857143,16.0,11.5,,28.0,13.0,5.0,2.0,,,20.0,128.0,10.0625,,,,,,6.0,11.0,6.0,8.0,12.0,,,14.0,12.83482124,3.593205227,0.414637081,0.0122459,10.0,5.0,2.0,2.0,1.0,2.0,1.0,0.023702811,0.016591968,0.007282481,0.000248523,4.232299571,1.068594519,0.10609823,0.00405024,0.050814675,0.03320739,3.0,1.0,,,,2.167681919,,,0.009312663,0.00028802,2.752567372,7.452493213,0.01629614,0.000598164,0.116303663,0.019642607,0.13594627,0.053499685,0.01099986,0.064499545,0.064499545,15.11764706,Travis Homer,SEA,FA,72,4037457,,FA,,{},"['RB', 'RB/WR', 'RB/WR/TE', 'OP', 'BE', 'IR']",,,,,,,,44.0,4.0,1.0,,,,,,,,,,,,,,,,,,,,,,,,,,,,,,,,,,,,,,,,,,,,,,,,,,,,,,,,,,,,,,,,,5.0,,,1.0,,,,,,,,,,,,,,,,,,,,,,,,,,,,,,,,,,,1.0,,,,,,,,,,,1.0,,,1.0,,,,,,,,,,,,,,,,,,,,,,,,,,,,,,,,,,,,,,,,,,,,,,,,,,,,,,,,,,,,,,,,,,,,,,,,,,,,,,,,,,,,,,,,,,,,,,,,,,,,,,,,,,,,,,,,,,,2021,,,,,,,,,,,,,,,,,,,,,,,,,,,,,,,,,,,,,
5.0,0.56,19.75,1.65,9.0,4.44444444,,5.0,2.0,1.0,,,,,,,,,,4.44444444,12.0,8.0,,10.0,3.0,,,,,14.0,67.0,6.0,,,,,,,,6.0,3.0,,,,9.0,21.58743532,7.777531286,0.507202815,0.013140924,19.0,9.0,4.0,3.0,1.0,4.0,2.0,0.04015494,0.028108458,0.028311582,0.000966166,4.450523421,5.144157504,0.219272235,0.009123003,0.080252885,0.05244526,12.0,6.0,3.0,2.0,1.0,7.434000557,1.0,,0.029472941,0.000911534,9.250789313,8.547951343,0.022263927,0.001256717,0.212454984,0.073162488,0.285617472,0.097729293,0.040970993,0.138700286,0.138700286,12.35294118,Jalen Richard,LV,FA,127,2972091,,FA,,{},"['RB', 'RB/WR', 'RB/WR/TE', 'OP', 'BE', 'IR']",,,,,,,,227.0,21.0,7.0,0.102881333,,419.2985507,,41.0,16.0,,,,,,,,,,,,,,,,,,,,,,,,,,,,,,,,,,,,,,,,,,,,,,,,,,,,,,,,,,,,,,,,,,,,,,,,,,,,,,,,,,,,,,,,,,,,,,,,,,,,,,,,,,,,,,,,,,,,,,,,,,,,,,,,,,,,,,,,,,,,,,,,,,,,,,,,,,,,,,,,,,,,,,,,,,,,,,,,,,,,,,,,,,,,,,,,,,,,,,,,,,,,,,,,,,,,,,,,,,,,,,,,,,2021,,,,,,,,,,,,,,,,,,,,,,,,,,,,,,,,,,,,,
7.0,0.78,6.05,0.38,,,,,,,,,,,,,,,,,7.0,4.0,1.0,5.0,1.0,,,,,10.0,18.0,5.14285714,,,,,,,2.0,6.0,3.0,6.0,,,9.0,,,,,,,,,,,,,,,,,2.633456155,0.347422944,0.010755714,0.083679006,0.05468423,8.0,4.0,2.0,1.0,,4.200229449,,,0.022091572,0.000683244,6.376937704,10.06854701,0.010755714,0.000212561,,0.048309431,0.048309431,,0.027053281,0.027053281,0.027053281,16.05882353,Noah Gray,KC,FA,80,4240472,,FA,,{},"['Rookie', 'WR/TE', 'TE', 'RB/WR/TE', 'OP', 'BE', 'IR']",,,,,,,,,,,,,,,,,,,,1.0,,,,,,,,,,,,,,,,,,,,,,,,,,,,,,,,,,,,,,,,,,,,,,,,,,,,,,,2.0,,,,,,,,,,,,,,,,,,,,,,,,,,,,,,,,,,,,,,,,,,,,,,,,,,,,,,,,,,,,,,,,,,,,,,,,,,,,,,,,,,,,,,,,,,,,,,,,,,,,,,,,,,,,,,,,,,,,,,,,,,,,,,,,,,,,,,,,,,,,,,,,,,,,,,,,,,,,,,,,,,,,,,,2021,,,,,,,,,,,,,,,,,,,,,,,,,,,,,,,,,,,,,
11.0,1.57,0.0,0.0,21.0,15.0,1.0,17.0,7.0,2.0,1.0,,,2.0,,,,,,5.0,4.0,1.71428571,,1.0,,,,,,6.0,7.0,3.0,1.0,1.0,1.0,1.0,1.0,1.0,2.0,2.0,5.0,6.0,,,7.0,,,,,,,,,,,,,,,,,,,,,,,,,,,,,,,,,,,,,,,,,,,,Qadree Ollison,ATL,FA,111,3123944,,FA,,{},"['RB', 'RB/WR', 'RB/WR/TE', 'OP', 'BE', 'IR']",,,,,,,,,,,,,,,,,,,,,,,,,,,,,,,,,,,,,,,,,,,,,,,,,,,,,,,,,,,,,,,,,,,,,,,,,,,1.0,1.0,,1.0,,,,,,,,,,,,,,,,,,,,,,,,,,,,,,,,,,,,,,,,,,,,,,,,,,,,,,,,,,,,,,,,,,,,,,,,,,,,,,,,,,,,,,,,,,,,,,,,,,,,,,,,,,,,,,,,,,,,,,,,,,,,,,,,,,,,,,,,,,,,,,,,,,,,,,,,,,,,,,,,,,,,2021,,,,,,,,,,,,,,,,,,,,,,,,,,,,,,,,,,,,,
18.0,1.29,14.06,0.88,,,,,,,,,,,,,,,,,23.0,15.28571429,,39.0,18.0,6.0,5.0,1.0,,28.0,144.0,9.30434783,,1.0,,,,,,11.0,3.0,,,,14.0,,,,,,,,,,,,,,,,,5.122419461,1.008985105,0.041927788,0.119252136,0.077931271,16.0,8.0,4.0,3.0,1.0,7.591298324,1.0,,0.037553484,0.001161448,11.43621272,10.83609505,0.041927788,0.000307339,,0.069849766,0.069849766,,0.039115869,0.039115869,0.039115869,16.05882353,Marcedes Lewis,GB,FA,57,9614,,FA,,{},"['WR/TE', 'TE', 'RB/WR/TE', 'OP', 'BE', 'IR']",,,,,,1.0,,,,,,,,,,,,,,,,,,,,,,,,,,,,,,,,,,,,,,,,,,,,,,,,,,,,,,,,,,,,,,,,,,,,,,,,,,,,,,,,,,,,,,,,,,,,,,,,,,,,,,,,,,,,,,,,,,,,,,,,,,,,,,,,,,,,,,,,,,,,,,,,,,,,,,,,,,,,,,,,,,,,,,,,,,,,,,,,,,,,,,,,,,,,,,,,,,,,,,,,,,,,,,,,,,,,,,,,,,,,,,,,,,,,,,,,,,,,2021,,,,,,,,,,,,,,,,,,,,,,,,,,,,,,,,,,,,,
29.0,1.81,4.71,0.29,1.0,0.5625,,1.0,,,,,,,,,,,,9.0,30.0,18.8125,1.0,54.0,25.0,11.0,7.0,2.0,1.0,43.0,103.0,10.03333333,,4.0,,1.0,1.0,,,11.0,5.0,6.0,,,16.0,,,,,,,,,,,,,,,,,2.319352206,0.285811195,0.01592649,0.129404497,0.084565839,7.0,3.0,1.0,1.0,,3.410075559,,,0.019819442,0.000612972,5.082320634,10.9223585,0.01592649,0.000147604,,0.033546386,0.033546386,,0.018785976,0.018785976,0.018785976,16.05882353,Chester Rogers,TEN,FA,118,2983209,,FA,,{},"['RB/WR', 'WR', 'WR/TE', 'RB/WR/TE', 'OP', 'BE', 'IR']",,,,,,,,282.0,26.0,9.0,,,,,,,,,,1.0,,,,,,,,,,,,,,,,,,,,,,,,,,,,,,,,,,,,,,,,,,,,,,,,,,,,,,,,,,,,,,,,,,,,,,,,,,,,,,,,,,,,,,,,,,,,,,,,,,,,,,,,,,,,,,,,293.0,25.0,5.0,,,,,,,,,,,,,,,,,,,,,,,,,,,,,,,,,,,,,,,,,,,,,,,,,,,,,,,,,,,,,,,,,,,,,,,,,,,,,,,,,,,,,,,,,,,,,,,,,,,,,,,,,,,,2021,,,,,,,,,,,,,,,,,,,,,,,,,,,,,,,,,,,,,
21.0,1.62,40.02,2.5,,,,,,,,,,,,,,,,,21.0,17.76923077,1.0,40.0,15.0,5.0,4.0,,,26.0,143.0,11.0,,1.0,,,,1.0,1.0,6.0,7.0,6.0,,,13.0,,,,,,,,,,,,,,,,,16.37449523,2.363358995,0.090216184,0.162035641,0.105890292,52.0,26.0,13.0,10.0,5.0,24.39171057,4.0,2.0,0.103286364,0.003194424,34.01907849,10.78051203,0.090216184,0.001364089,,0.310020243,0.310020243,,0.173611336,0.173611336,0.173611336,16.05882353,Will Dissly,SEA,FA,54,3127292,,FA,,{},"['WR/TE', 'TE', 'RB/WR/TE', 'OP', 'BE', 'IR']",,,,,,1.0,,,,,,,,,,,,,,1.0,,,,,,,,,,,,,,,,,,,,,,,,,,,,,,,,,,,,,,,,,,,,,,,,,,,,,,,,,,,,,,,,,,,,,,,,,,,,,,,,,,,,,,,,,,,,,,,,,,,,,,,,,,,,,,,,,,,,,,,,,,,,,,,,,,,,,,,,,,,,,,,,,,,,,,,,,,,,,,,,,,,,,,,,,,,,,,,,,,,,,,,,,,,,,,,,,,,,,,,,,,,,,,,,,,,,,,,,,,,,,,2021,,,,,,,,,,,,,,,,,,,,,,,,,,,,,,,,,,,,,
0.0,0.0,0.0,0.0,,,,,,,,,,,,,,,,,,,,,,,,,,,,,,,,,,,,,,,,,,,,,,,,,,,,,,,,,,,,,,,,,,,,,,,,,,,,,,,,,,,,,Dez Bryant,None,FA,0,13215,,FA,,{},"['RB/WR', 'WR', 'WR/TE', 'RB/WR/TE', 'OP', 'BE', 'IR']",,,,,,,,,,,,,,,,,,,,,,,,,,,,,,,,,,,,,,,,,,,,,,,,,,,,,,,,,,,,,,,,,,,,,,,,,,,,,,,,,,,,,,,,,,,,,,,,,,,,,,,,,,,,,,,,,,,,,,,,,,,,,,,,,,,,,,,,,,,,,,,,,,,,,,,,,,,,,,,,,,,,,,,,,,,,,,,,,,,,,,,,,,,,,,,,,,,,,,,,,,,,,,,,,,,,,,,,,,,,,,,,,,,,,,,,,,,,,,,,,,2021,,,,,,,,,,,,,,,,,,,,,,,,,,,,,,,,,,,,,
58.0,8.29,,,,,,,,,,,,,,,,,,,,,,,,,,,,,,,,,,,,1.0,1.0,3.0,4.0,55.0,,,7.0,,,,,,,,,,,,,,,,,,,,,,,,,,,,,,,,,,,,,,,,,,,,Riley Patterson,DET,FA,31,4243371,,FA,,{},"['Rookie', 'K', 'BE', 'IR']",,,,,,,,,,,,,,,,,,,,,,,,,,,,,,,,,,,,,,,,,,,,,,,,,,,,,,,,,,,,,,,,,,,,,,,,,,,,,,,,1.0,4.0,4.0,,9.0,9.0,,13.0,14.0,1.0,16.0,16.0,,,1.0,,,,,,,,,,,,,,,,,,,,,,,,,,,,,,,,,,,,,,,,,,,,,,,,,,,,,,,,,,,,,,,,,,,,,,,,,,,,,,,,,,,,,,,,,,,,,,,,,,,,,,,,,1.0,1.0,,,,,,,,,,,,,,,,,,,,,,,,,,,,,,,,,,,,,,,,,,2021,,,,,,,,,,,,,,,,,,,,,,,,,,,,,,,,,,,,,
6.0,0.46,16.58,1.04,4.0,0.76923077,,,,,,,,,,,,,,2.5,9.0,6.69230769,,15.0,6.0,2.0,1.0,,,13.0,67.0,9.66666667,,,,,,,,9.0,4.0,,,,13.0,,,,,,,,,,,,,,,,,6.919604558,0.943518495,0.029209975,0.103911903,0.067906429,22.0,11.0,5.0,4.0,2.0,10.99875577,2.0,1.0,0.04680535,0.001447588,15.94234426,10.10302537,0.029209975,0.000556615,,0.126503478,0.126503478,,0.070841948,0.070841948,0.070841948,16.05882353,Blake Bell,KC,FA,82,2514206,,FA,,{},"['WR/TE', 'TE', 'RB/WR/TE', 'OP', 'BE', 'IR']",,,,,,,,,,,,,,,,,,,,,,,,,,,,,,,,,,,,,,,,,,,,,,,,,,,,,,,,,,,,,,,,,,,,,,,,,,,,,,,,,,,,,,,,,,,,,,,,,,,,,,,,,,,,,,,,,,,,,,,,,,,,,,,,,,,,,,,,,,,,,,,,,,,,,,,,,,,,,,,,,,,,,,,,,,,,,,,,,,,,,,,,,,,,,,,,,,,,,,,,,,,,,,,,,,,,,,,,,,,,,,,,,,,,,,,,,,,,,,,,,,2021,,,,,,,,,,,,,,,,,,,,,,,,,,,,,,,,,,,,,
0.0,0.0,42.16,2.64,,,,,,,,,,,,,,,,,,,,,,,,,,,,,,1.0,,,,,,5.0,1.0,,,,6.0,,,,,,,,,,,,,,,,,19.51849994,1.447633936,0.070580637,0.230403772,0.150568865,62.0,31.0,15.0,12.0,6.0,23.35406924,4.0,2.0,0.136849467,0.004232458,37.19467386,13.4213932,0.070580637,0.001091793,,0.248134711,0.248134711,,0.138955438,0.138955438,0.138955438,16.05882353,Tutu Atwell,LAR,FA,217,4360797,,FA,,{},"['Rookie', 'RB/WR', 'WR', 'WR/TE', 'RB/WR/TE', 'OP', 'BE', 'IR']",,,,,,,,87.0,8.0,3.0,0.22046,0.213624,680.104,190.404,68.0,27.0,19.0,7.0,,,,,,,,,,,,,,,,,,,,,,,,,,,,,,,,,,,,,,,,,,,,,,,,,,,,,,,,,,,,,,,,,,,,,,,,,,,,,,,,,,,,,,,,,,,,,,,,,,,,,,,,,,,,,,,,,,54.0,3.0,1.0,,,,,,,,,,,,,,,,,,,,,,,,,,,,,,,,,,,,,,,,,,,,,,,,,,,,,,,,,,,,,,,,,,,,,,,,,,,,,,,,,,,,,,,,,,,,,,,,,,,,,,,,,,,,2021,,,,,,,,,,,,,,,,,,,,,,,,,,,,,,,,,,,,,
31.0,2.21,15.8,0.99,,,,,,,,,,,,,,,,,27.0,18.64285714,2.0,47.0,19.0,7.0,4.0,,,42.0,149.0,9.66666667,,1.0,,,,3.0,4.0,3.0,11.0,12.0,,,14.0,,,,,,,,,,,,,,,,,7.103523377,0.804930978,0.044191971,0.097468816,0.063695871,22.0,11.0,5.0,4.0,2.0,10.76269867,2.0,1.0,0.047701012,0.001475289,16.61013824,10.59903578,0.044191971,0.000487289,,0.110747502,0.110747502,,0.062018601,0.062018601,0.062018601,16.05882353,Ryan Griffin,NYJ,FA,40,15887,,FA,,{},"['WR/TE', 'TE', 'RB/WR/TE', 'OP', 'BE', 'IR']",,,,,,1.0,,8.0,,,,,,,,,,,,1.0,,,,,,,,,,,,,,,,,,,,,,,,,,,,,,,,,,,,,,,,,,,,,,,,,,,,,,1.0,1.0,,,,,,,,,,,,,,,,,,,,,,,,,,,,,,,,,,,,,,,,,,,,,,,,,,,,,,,,,,,,,,,,,,,,,,,,,,,,,,,,,,,,,,,,,,,,,,,,,,,,,,,,,,,,,,,,,,,,,,,,,,,,,,,,,,,,,,,,,,,,,,,,,,,,,,,,,,,,,,,,,,,,,,,2021,,,,,,,,,,,,,,,,,,,,,,,,,,,,,,,,,,,,,
25.0,2.27,5.54,0.35,,,,,,,,,,,,,,,,,20.0,22.63636364,1.0,46.0,19.0,8.0,5.0,,,25.0,139.0,12.45,,1.0,,,,2.0,2.0,5.0,6.0,6.0,,,11.0,,,,,,,,,,,,,,,,,2.529207597,0.259797699,0.016145809,0.096192156,0.062861574,8.0,4.0,2.0,1.0,,3.871100815,,,0.021346018,0.000660186,5.929637369,10.49213142,0.016145809,0.000195905,,0.04452392,0.04452392,,0.024933395,0.024933395,0.024933395,16.05882353,John Bates,WSH,FA,50,4048228,,FA,,{},"['Rookie', 'WR/TE', 'TE', 'RB/WR/TE', 'OP', 'BE', 'IR']",,,,,,1.0,,,,,,,,,,,,,,,,,,,,,,,,,,,,,,,,,,,,,,,,,,,,,,,,,,,,,,,,,,,,,,,,,,,,1.0,,,,,,,,,,,,,,,,,,,,,,,,,,,,,,,,,,,,,,,,,,,,,,,,,,,,,,,,,,,,,,,,,,,,,,,,,,,,,,,,,,,,,,,,,,,,,,,,,,,,,,,,,,,,,,,,,,,,,,,,,,,,,,,,,,,,,,,,,,,,,,,,,,,,,,,,,,,,,,,,,,,,,,,,2021,,,,,,,,,,,,,,,,,,,,,,,,,,,,,,,,,,,,,
14.0,1.4,6.29,0.39,,,,,,,,,,,,,,,,,19.0,16.7,,31.0,14.0,3.0,3.0,,,25.0,127.0,8.78947368,,,,,,1.0,1.0,7.0,3.0,,,,10.0,,,,,,,,,,,,,,,,,2.927221844,0.385403939,0.0181474,0.120213719,0.078559665,9.0,4.0,2.0,1.0,,4.486810096,,,0.024141966,0.000746659,6.522898807,10.47687288,0.0181474,0.000227065,,0.051605572,0.051605572,,0.02889912,0.02889912,0.02889912,16.05882353,Zach Gentry,PIT,FA,63,3929924,,FA,,{},"['WR/TE', 'TE', 'RB/WR/TE', 'OP', 'BE', 'IR']",,,,,,,,,,,,,,,,,,,,,,,,,,,,,,,,,,,,,,,,,,,,,,,,,,,,,,,,,,,,,,,,,,,,,,,,,,,,,,,,,,,,,,,,,,,,,,,,,,,,,,,,,,,,,,,,,,,,,,,,,,,,,,,,,,,,,,,,,,,,,,,,,,,,,,,,,,,,,,,,,,,,,,,,,,,,,,,,,,,,,,,,,,,,,,,,,,,,,,,,,,,,,,,,,,,,,,,,,,,,,,,,,,,,,,,,,,,,,,,,,,2021,,,,,,,,,,,,,,,,,,,,,,,,,,,,,,,,,,,,,
13.0,1.3,14.49,1.11,,,,,,,,,,,,,,,,,12.0,18.4,,34.0,15.0,5.0,5.0,1.0,,22.0,25.0,15.33333333,,1.0,,1.0,1.0,,,6.0,4.0,,,,10.0,1.739477761,0.800346345,0.062232254,0.001850537,2.0,1.0,,,,,,0.003193717,0.002235602,0.000273076,9.31904e-06,6.062589766,7.218858786,0.695660837,0.033192217,0.077707912,0.05078212,19.0,9.0,4.0,3.0,1.0,8.453247619,1.0,,0.039638127,0.001225921,13.95647422,11.25237125,0.035042754,0.000544288,0.021110799,0.102591028,0.123701827,0.009710968,0.057450976,0.067161943,0.067161943,13.17647059,N'Keal Harry,NE,FA,145,4047839,,FA,,{},"['RB/WR', 'WR', 'WR/TE', 'RB/WR/TE', 'OP', 'BE', 'IR']",,,,,,,,,,,,,,,,,,,,,,,,,,,,,,,,,,,,,,,,,,,,,,,,,,,,,,,,,,,,,,,,,,,,,,,,,,,,,,,,,,,,,,,,,,,,,,,,,,,,,,,,,,,,,,,,,,,,,,,,,,,,,,,,,,,,,,,,,,,,,,,,,,,,,,,,,,,,,,,,,,,,,,,,,,,,,,,,,,,,,,,,,,,,,,,,,,,,,,,,,,,,,,,,,,,,,,,,,,,,,,,,,,,,,,,,,,,,,,,,,,2021,,,,,,,,,,,,,,,,,,,,,,,,,,,,,,,,,,,,,
0.0,0.0,28.39,1.89,2.0,0.625,,1.0,,,,,,,,,,,,2.5,,,,,,,,,,,,,,,,,,1.0,2.0,7.0,1.0,,,,8.0,28.6406558,7.877029349,1.429903767,0.040004107,23.0,11.0,5.0,4.0,2.0,5.0,2.0,0.053347023,0.037342916,0.036176798,0.001234575,4.157801078,4.964929247,0.332100478,0.016196299,0.053043316,0.034663807,15.0,7.0,3.0,3.0,1.0,9.365573794,1.0,,0.035046088,0.0010839,12.63655827,8.014249814,0.056200406,0.001371593,0.234909675,0.076816114,0.311725789,0.10805845,0.043017024,0.151075474,0.151075474,15.11764706,Jake Funk,LAR,FA,154,4036224,,FA,,{},"['Rookie', 'RB', 'RB/WR', 'RB/WR/TE', 'OP', 'BE', 'IR']",,,,,,,,88.0,8.0,2.0,,,,,,,,,,,,,,,,,,,,,,,,,,,,,,,,,,,,,,,,,,,,,,,,,,,,,,,,,,,,,,,,,1.0,,,,,,,,,,,,,,,,,,,,,,,,,,,,,,,,,,,,,,,,,,,,,,,,,,,,,,,,,,,,,,,,,,,,,,,,,,,,,,,,,,,,,,,,,,,,,,,,,,,,,,,,,,,,,,,,,,,,,,,,,,,,,,,,,,,,,,,,,,,,,,,,,,,,,,,,,,,,,,,,,,,,,,,2021,,,,,,,,,,,,,,,,,,,,,,,,,,,,,,,,,,,,,
23.0,4.6,0.0,0.0,2.0,2.6,,2.0,1.0,,,,,,,,,,,6.5,,,,,,,,,,,,,,1.0,,,6.0,,,2.0,3.0,18.0,,,5.0,,,,,,,,,,,,,,,,,,,,,,,,,,,,,,,,,,,,,,,,,,,,Tim Boyle,DET,FA,49,3045169,,FA,,{},"['QB', 'OP', 'BE', 'IR']",,,,,,,,,,,,,,,,,,,,,,94.0,61.0,33.0,105.2,3.0,104.0,51.0,25.0,20.0,9.0,3.0,11.0,5.0,6.0,2.0,,,,1.0,6.0,0.64893617,,1.0,2.0,,1.0,,,,,,,,,,,,,,,,,,,,,,,,,,,,,,,,,,,,,,,,,,,,,,,,,,,,,,,,,,,,,,,,,,,,,,,,,,,,,,,,,,,,,,,,,,,,,,,,,,,,,,,,,,,,,,,,,,,,,,,,,,,,,,,,,,,,,,,,,,,,,,,,,,,,,,,1.0,,,,,,,,,,,,,,,,,,,,,,,,,,,,,,,,,,,,,,,,,,,,2021,,,,,,,,,,,,,,,,,,,,,,,,,,,,,,,,,,,,,
52.0,4.0,1.74,0.11,,,,,,,,,,,,,,,,,24.0,21.69230769,5.0,50.0,22.0,9.0,6.0,1.0,1.0,38.0,103.0,11.75,,1.0,,,,1.0,1.0,9.0,4.0,30.0,,,13.0,,,,,,,,,,,,,,,,,1.219224371,0.123636711,0.007177457,0.14732066,0.096274051,3.0,1.0,,,,1.50609374,,,0.011134447,0.000344364,2.590530276,13.00006002,0.007177457,7.04092e-05,,0.016002099,0.016002099,,0.008961176,0.008961176,0.008961176,16.05882353,Jauan Jennings,SF,FA,81,3886598,,FA,,{},"['RB/WR', 'WR', 'WR/TE', 'RB/WR/TE', 'OP', 'BE', 'IR']",,,,,,1.0,,,,,,,,,,,,,,2.0,1.0,,,,,,,,,,,,,,,,,,,,,,,,,,,,,,,,,,,,,,,,,,,,,,,,,,,,,2.0,,,,,,,,,,,,,,,,,,,,,,,,,,,,,,,,,,,,,,,,,,,,,,,,,,,,,,,,,,,,,,,,,,,,,,,,,,,,,,,,,,,,,,,,,,,,,,,,,,,,,,,,,,,,,,,,,,,,,,,,,,,,,,,,,,,,,,,,,,,,,,,,,,,,,,,,,,,,,,,,,,,,,,,,2021,,,,,,,,,,,,,,,,,,,,,,,,,,,,,,,,,,,,,
0.0,0.0,0.0,0.0,,,,,,,,,,,,,,,,,,,,,,,,,,,,,,,,,,,,,,,,,,,,,,,,,,,,,,,,,,,,,,,,,,,,,,,,,,,,,,,,,,,,,Julian Edelman,NE,FA,0,12649,,FA,,{},"['RB/WR', 'WR', 'WR/TE', 'RB/WR/TE', 'OP', 'BE', 'IR']",,,,,,,,,,,,,,,,,,,,,,,,,,,,,,,,,,,,,,,,,,,,,,,,,,,,,,,,,,,,,,,,,,,,,,,,,,,,,,,,,,,,,,,,,,,,,,,,,,,,,,,,,,,,,,,,,,,,,,,,,,,,,,,,,,,,,,,,,,,,,,,,,,,,,,,,,,,,,,,,,,,,,,,,,,,,,,,,,,,,,,,,,,,,,,,,,,,,,,,,,,,,,,,,,,,,,,,,,,,,,,,,,,,,,,,,,,,,,,,,,,2021,,,,,,,,,,,,,,,,,,,,,,,,,,,,,,,,,,,,,
84.0,6.0,0.0,0.0,,,,,,,,,,,,,,,,,,,,,,,,,,,,,,,,,,,,3.0,11.0,76.0,,,14.0,,,,,,,,,,,,,,,,,,,,,,,,,,,,,,,,,,,,,,,,,,,,Matthew Wright,JAX,FA,28,3128444,,FA,,{},"['K', 'BE', 'IR']",,,,,,,,,,,,,,,,,,,,,,,,,,,,,,,,,,,,,,,,,,,,,,,,,,,,,,,,,,,,,,,,,,,,,,,,,,,,,,,4.0,6.0,3.0,4.0,1.0,14.0,14.0,,21.0,24.0,3.0,13.0,15.0,2.0,4.0,6.0,,,,,,,,,,,,,,,,,,,,,,,,,,,,,,,,,,,,,,,,,,,,,,,,,,,,,,,,,,,,,,,,,,,,,,,,,,,,,,,,,,,,,,,,,,,,,,,,,,,,,,,,,2.0,2.0,,,,,,,,,,,,,,,,,,,,,,,,,,,,,,,,,,,,,,,,,,2021,,,,,,,,,,,,,,,,,,,,,,,,,,,,,,,,,,,,,
19.0,4.75,,,,,,,,,,,,,,,,,,,,,,,,,,,,,,,,,,,,1.0,1.0,1.0,3.0,20.0,,,4.0,,,,,,,,,,,,,,,,,,,,,,,,,,,,,,,,,,,,,,,,,,,,Lirim Hajrullahu,CAR,FA,38,4682912,,FA,,{},"['K', 'BE', 'IR']",,,,,,,,,,,,,,,,,,,,,,,,,,,,,,,,,,,,,,,,,,,,,,,,,,,,,,,,,,,,,,,,,,,,,,,,,,,,,,,,,,1.0,1.0,4.0,4.0,,4.0,5.0,1.0,8.0,8.0,,,,,,,,,,,,,,,,,,,,,,,,,,,,,,,,,,,,,,,,,,,,,,,,,,,,,,,,,,,,,,,,,,,,,,,,,,,,,,,,,,,,,,,,,,,,,,,,,,,,,,,,,,,,,,,,,,,,,,,,,,,,,,,,,,,,,,,,,,,,,,,,,,,,,,,2021,,,,,,,,,,,,,,,,,,,,,,,,,,,,,,,,,,,,,
5.0,5.0,0.0,0.0,13.0,51.0,,10.0,5.0,2.0,2.0,1.0,,2.0,1.0,,,,,3.92307692,,,,,,,,,,1.0,,,,,,,,,,,1.0,,,,1.0,,,,,,,,,,,,,,,,,,,,,,,,,,,,,,,,,,,,,,,,,,,,Jason Huntley,PHI,FA,127,4040790,,FA,,{},"['RB', 'RB/WR', 'RB/WR/TE', 'OP', 'BE', 'IR']",,,,,,,,84.0,8.0,3.0,,,,,,,,,,,,,,,,,,,,,,,,,,,,,,,,,,,,,,,,,,,,,,,,,,,,,,,,,,,,,,,,,,,,,,,,,,,,,,,,,,,,,,,,,,,,,,,,,,,,,,,,,,,,,,,,,,,,,,,,,,,,,,,,,,,,,,,,,,,,,,,,,,,,,,,,,,,,,,,,,,,,,,,,,,,,,,,,,,,,,,,,,,,,,,,,,,,,,,,,,,,,,,,,,,,,,,,,,,,,,,,,,,,,,,,,2021,,,,,,,,,,,,,,,,,,,,,,,,,,,,,,,,,,,,,
19.0,2.11,51.22,3.2,,,,,,,,,,,,,,,,,16.0,19.22222222,1.0,32.0,13.0,5.0,4.0,,,25.0,74.0,10.8125,,,,,,3.0,3.0,3.0,6.0,6.0,,,9.0,,,,,,,,,,,,,,,,,20.98362529,3.037190803,0.16674653,0.091119511,0.059546601,67.0,33.0,16.0,13.0,6.0,33.234224,6.0,3.0,0.15475979,0.004786385,49.83041471,10.1393171,0.16674653,0.001345511,,0.305797857,0.305797857,,0.1712468,0.1712468,0.1712468,16.05882353,Tyler Kroft,NYJ,FA,55,2582410,,FA,,{},"['WR/TE', 'TE', 'RB/WR/TE', 'OP', 'BE', 'IR']",,,,,,,,,,,,,,,,,,,,,,,,,,,,,,,,,,,,,,,,,,,,,,,,,,,,,,,,,,,,,,,,,,,,,,,,,,1.0,,,,,,,,,,,,,,,,,,,,,,,,,,,,,,,,,,,,,,,,,,,,,,,,,,,,,,,,,,,,,,,,,,,,,,,,,,,,,,,,,,,,,,,,,,,,,,,,,,,,,,,,,,,,,,,,,,,,,,,,,,,,,,,,,,,,,,,,,,,,,,,,,,,,,,,,,,,,,,,,,,,,,,,,2021,,,,,,,,,,,,,,,,,,,,,,,,,,,,,,,,,,,,,
0.0,0.0,0.0,0.0,,,,,,,,,,,,,,,,,,,,,,,,,,,,,,,,,,,,,,,,,,,,,,,,,,,,,,,,,,,,,,,,,,,,,,,,,,,,,,,,,,,,,Adam Vinatieri,None,FA,0,1097,,FA,,{},"['K', 'BE', 'IR']",,,,,,,,,,,,,,,,,,,,,,,,,,,,,,,,,,,,,,,,,,,,,,,,,,,,,,,,,,,,,,,,,,,,,,,,,,,,,,,,,,,,,,,,,,,,,,,,,,,,,,,,,,,,,,,,,,,,,,,,,,,,,,,,,,,,,,,,,,,,,,,,,,,,,,,,,,,,,,,,,,,,,,,,,,,,,,,,,,,,,,,,,,,,,,,,,,,,,,,,,,,,,,,,,,,,,,,,,,,,,,,,,,,,,,,,,,,,,,,,,,2021,,,,,,,,,,,,,,,,,,,,,,,,,,,,,,,,,,,,,
18.0,1.38,2.82,0.18,,,,,,,,,,,,,,,,,16.0,12.69230769,1.0,28.0,12.0,3.0,3.0,,,19.0,115.0,10.3125,,,,,,5.0,6.0,6.0,7.0,6.0,,,13.0,,,,,,,,,,,,,,,,,1.407637153,0.13932695,0.006864777,0.135701623,0.088681011,4.0,2.0,1.0,,,1.971111758,,,0.012710874,0.00039312,3.049765034,11.4681456,0.006864777,9.97523e-05,,0.022670973,0.022670973,,0.012695745,0.012695745,0.012695745,16.05882353,Stephen Anderson,LAC,FA,57,2576854,,FA,,{},"['WR/TE', 'TE', 'RB/WR/TE', 'OP', 'BE', 'IR']",,,,,,,,,,,,,,,,,,,,1.0,,,,,,,,,,,,,,,,,,,,,,,,,,,,,,,,,,,,,,,,,,,,,,,,,,,,,,,1.0,,,,,,,,,,,,,,,,,,,,,,,,,,,,,,,,,,,,,,,,,,,,,,,,,,,,,,,,,,,,,,,,,,,,,,,,,,,,,,,,,,,,,,,,,,,,,,,,,,,,,,,,,,,,,,,,,,,,,,,,,,,,,,,,,,,,,,,,,,,,,,,,,,,,,,,,,,,,,,,,,,,,,,,2021,,,,,,,,,,,,,,,,,,,,,,,,,,,,,,,,,,,,,
1.0,0.5,29.8,2.48,3.0,1.5,,,,,,,,,,,,,,1.0,1.0,5.5,,2.0,1.0,,,,,1.0,11.0,11.0,,,,,,,,1.0,1.0,,,,2.0,39.06326012,13.48970764,1.033390676,0.043100283,33.0,16.0,8.0,6.0,3.0,7.0,3.0,0.073493616,0.051445531,0.08640724,0.002948748,4.265838654,5.0244428,0.308118531,0.014505481,0.038593024,0.025220541,12.0,6.0,3.0,2.0,1.0,8.173251784,1.0,,0.028952346,0.000895433,10.80418686,7.593874261,0.057605764,0.001704702,0.320395517,0.06703673,0.387432247,0.147381938,0.037540569,0.184922507,0.184922507,12.35294118,Anthony McFarland Jr.,PIT,FA,141,4241941,,FA,,{},"['RB', 'RB/WR', 'RB/WR/TE', 'OP', 'BE', 'IR']",,,,,,,,73.0,7.0,2.0,,,,,,,,,,,,,,,,,,,,,,,,,,,,,,,,,,,,,,,,,,,,,,,,,,,,,,,,,,,,,,,,,,,,,,,,,,,,,,,,,,,,,,,,,,,,,,,,,,,,,,,,,,,,,,,,,,,,,,,,,,,,,,,,,,,,,,,,,,,,,,,,,,,,,,,,,,,,,,,,,,,,,,,,,,,,,,,,,,,,,,,,,,,,,,,,,,,,,,,,,,,,,,,,,,,,,,,,,,,,,,,,,,,,,,,,2021,,,,,,,,,,,,,,,,,,,,,,,,,,,,,,,,,,,,,
38.0,7.6,0.0,0.0,,,,,,,,,,,,,,,,,,,,,,,,,,,,,,,,,,,,1.0,4.0,33.0,,,5.0,,,,,,,,,,,,,,,,,,,,,,,,,,,,,,,,,,,,,,,,,,,,Eddy Pineiro,NYJ,FA,36,4034949,,FA,,{},"['K', 'BE', 'IR']",,,,,,,,,,,,,,,,,,,,,,,,,,,,,,,,,,,,,,,,,,,,,,,,,,,,,,,,,,,,,,,,,,,,,,,,,,,,,,,1.0,1.0,3.0,3.0,,4.0,4.0,,8.0,8.0,,9.0,10.0,1.0,1.0,1.0,,,,,,,,,,,,,,,,,,,,,,,,,,,,,,,,,,,,,,,,,,,,,,,,,,,,,,,,,,,,,,,,,,,,,,,,,,,,,,,,,,,,,,,,,,,,,,,,,,,,,,,,,,,,,,,,,,,,,,,,,,,,,,,,,,,,,,,,,,,,,,,,,,,,2021,,,,,,,,,,,,,,,,,,,,,,,,,,,,,,,,,,,,,
0.0,0.0,25.22,1.58,,,,,,,,,,,,,,,,,,,,,,,,,,,,,,,,,,,,,1.0,,,,1.0,6.087748134,1.612440337,0.283870063,0.010617629,5.0,2.0,1.0,1.0,,1.0,,0.01141529,0.007990703,0.011360699,0.000387697,4.253443843,,,,,,,,,,,,,,,,,,0.183014998,0.003687789,0.081669238,,0.838133814,0.037567849,,0.400670846,1.878464655,16.05882353,Kellen Mond,MIN,FA,70,4240904,,FA,,{},"['Rookie', 'QB', 'OP', 'BE', 'IR']",,,,,,,,,,,,,,,,,,,,,,3.0,2.0,1.0,5.0,,1.0,,,,,,,,,,,,,,,0.66666667,,,,,,,52.10849799,31.89775876,20.21073923,22.46165685,2.721872456,72.0,36.0,18.0,14.0,7.0,3.0,6.0,3.0,0.224006456,0.146388219,0.337536372,0.045592314,0.172397369,1.477793809,0.612141205,4.27951208,0.756464576,0.363102996,,,,,,,,,,,,,,,,,,,,,,,,,,,,,,,,,,,,,,,,,,,,,,,,,,,,,,,,,,,,,,,,,,,,,,,,,,,,,,,,,,,,,,,,,,,,,,,,,,,,,,,,,,,,,,,,,,,,,,,,,,,,,,,,,,,,,,,,,,,,,,,,,,,,,,,,,,,,,,,,,,,,,,,,,,,2021,,,,,,,,,,,,,,,,,,,,,,,,,,,,,,,,,,,,,
8.0,1.0,33.88,2.12,,,,,,,,,,,,,,,,,4.0,5.0,1.0,6.0,2.0,,,,,7.0,31.0,10.0,,,,,,,,4.0,4.0,6.0,,,8.0,,,,,,,,,,,,,,,,,13.83712237,2.005053807,0.116535983,0.149166828,0.097480522,44.0,22.0,11.0,8.0,4.0,19.97847025,3.0,1.0,0.083615516,0.002586047,29.3406896,11.12236841,0.116535983,0.001551704,,0.352659916,0.352659916,,0.197489553,0.197489553,0.197489553,16.05882353,Chris Herndon,MIN,FA,75,3123050,,FA,,{},"['WR/TE', 'TE', 'RB/WR/TE', 'OP', 'BE', 'IR']",,,,,,,,,,,,,,,,,,,,1.0,,,,,,,,,,,,,,,,,,,,,,,,,,,,,,,,,,,,,,,,,,,,,,,,,,,,,,,,,,,,,,,,,,,,,,,,,,,,,,,,,,,,,,,,,,,,,,,,,,,,,,,,,,,,,,,,,,,,,,,,,,,,,,,,,,,,,,,,,,,,,,,,,,,,,,,,,,,,,,,,,,,,,,,,,,,,,,,,,,,,,,,,,,,,,,,,,,,,,,,,,,,,,,,,,,,,,,,,,,,,,,2021,,,,,,,,,,,,,,,,,,,,,,,,,,,,,,,,,,,,,
12.0,1.71,14.6,0.91,13.0,12.42857143,1.0,14.0,6.0,2.0,1.0,,,,,,,,,6.69230769,,,,,,,,,,,,,1.0,1.0,,,,,,6.0,1.0,6.0,1.0,,7.0,6.981979316,2.485206537,0.28584713,0.007407508,7.0,3.0,1.0,1.0,,1.0,,0.012853619,0.008997533,0.003875119,0.000132243,5.716071532,,,,,,,,,,,,,,,,,,0.060953879,0.002077779,0.089519917,,0.472222432,0.041179162,,0.224876369,0.933908727,16.05882353,Marcus Mariota,LV,FA,56,2576980,,FA,,{},"['QB', 'OP', 'BE', 'IR']",,,,,,,,,,,,,,,,,,,,,,2.0,1.0,1.0,0.57142857,,,,,,,,,,,,,,,,,0.5,,,,,,,27.44487211,17.47732404,9.967548074,12.03571003,1.153931964,38.0,19.0,9.0,7.0,3.0,1.0,3.0,1.0,0.09382722,0.061316088,0.277331395,0.0374602,0.053546371,0.709032358,0.636815649,2.40346911,0.382702515,0.183697207,,,,,,,,,,,,,,,,,,,,,,,,,,,,,,,,,,,,,,,,,,,,,,,,,,,,,,,,,,,,,,,,,,,,,,,,,,,,,,,,,,,,,,,,,,,,,,,,,,,,,,,,,,,,,,,,,,,,,,,,,,,,,,,,,,,,,,,,,,,,,,,,,,,,,,,,,,,,,,,,,,,,,,,,,,,2021,,,,,,,,,,,,,,,,,,,,,,,,,,,,,,,,,,,,,
2.0,1.0,28.39,2.03,8.0,15.5,,5.0,2.0,1.0,1.0,,,1.0,,,,,,3.875,,,,,,,,,,,,,,,,,,,,1.0,1.0,,,,2.0,43.1434988,12.87395586,1.303321005,0.042526782,36.0,18.0,9.0,7.0,3.0,8.0,4.0,0.08110047,0.056770329,0.090016184,0.003071907,4.212684881,2.101812289,0.125901902,0.006920886,0.04256726,0.027817704,5.0,2.0,1.0,1.0,,3.888454631,,,0.01612933,0.000498845,5.218991004,7.630960598,0.049447668,0.001357856,0.283089196,0.025514377,0.308603573,0.13022103,0.014288051,0.144509081,0.144509081,14.11764706,La'Mical Perine,NYJ,FA,137,4034952,,FA,,{},"['RB', 'RB/WR', 'RB/WR/TE', 'OP', 'BE', 'IR']",,,,,,,,,,,,,,,,,,,,,,,,,,,,,,,,,,,,,,,,,,,,,,,,,,,,,,,,,,,,,,,,,,,,,,,,,,,,,,,,,,,,,,,,,,,,,,,,,,,,,,,,,,,,,,,,,,,,,,,,,,,,,,,,,,,,,,,,,,,,,,,,,,,,,,,,,,,,,,,,,,,,,,,,,,,,,,,,,,,,,,,,,,,,,,,,,,,,,,,,,,,,,,,,,,,,,,,,,,,,,,,,,,,,,,,,,,,,,,,,,,2021,,,,,,,,,,,,,,,,,,,,,,,,,,,,,,,,,,,,,
