points,avg_points,projected_points,projected_avg_points,actual_rushingAttempts,actual_rushingYards,actual_rushingTouchdowns,actual_27,actual_28,actual_29,actual_30,actual_31,actual_32,actual_33,actual_34,actual_rushing40PlusYardTD,actual_rushing50PlusYardTD,actual_rushing100To199YardGame,actual_rushing200PlusYardGame,actual_rushingYardsPerAttempt,actual_receivingReceptions,actual_receivingYards,actual_receivingTouchdowns,actual_47,actual_48,actual_49,actual_50,actual_51,actual_54,actual_receivingTargets,actual_receivingYardsAfterCatch,actual_receivingYardsPerReception,actual_66,actual_fumbles,actual_70,actual_lostFumbles,actual_turnovers,actual_defensiveSoloTackles,actual_defensiveTotalTackles,actual_teamWin,actual_teamLoss,actual_pointsScored,actual_179,actual_186,actual_210,proj_rushingAttempts,proj_rushingYards,proj_rushingTouchdowns,proj_rushing2PtConversions,proj_27,proj_28,proj_29,proj_30,proj_31,proj_33,proj_34,proj_rushing40PlusYardTD,proj_rushing50PlusYardTD,proj_rushing100To199YardGame,proj_rushing200PlusYardGame,proj_rushingYardsPerAttempt,proj_receivingYards,proj_receivingTouchdowns,proj_receiving2PtConversions,proj_receiving40PlusYardTD,proj_receiving50PlusYardTD,proj_47,proj_48,proj_49,proj_50,proj_51,proj_receivingReceptions,proj_54,proj_55,proj_receiving100To199YardGame,proj_receiving200PlusYardGame,proj_receivingTargets,proj_receivingYardsPerReception,proj_2PtConversions,proj_fumbleRecoveredForTD,proj_66,proj_67,proj_fumbles,proj_70,proj_71,proj_lostFumbles,proj_turnovers,proj_210,player_name,pro_team,acquisition_type,posRank,player_id,team_id,team_name,position,schedule,eligible_slots,lineup_slot,actual_receiving40PlusYardTD,actual_receiving50PlusYardTD,actual_52,actual_receiving100To199YardGame,actual_67,actual_71,actual_kickoffReturnYards,actual_116,actual_117,proj_kickoffReturnTouchdowns,proj_puntReturnTouchdowns,proj_kickoffReturnYards,proj_puntReturnYards,proj_116,proj_117,proj_puntsReturned,proj_119,actual_55,actual_183,actual_185,actual_passingAttempts,actual_passingCompletions,actual_passingIncompletions,actual_passingYards,actual_passingTouchdowns,actual_5,actual_6,actual_7,actual_8,actual_9,actual_10,actual_11,actual_12,actual_13,actual_14,actual_passing40PlusYardTD,actual_passing50PlusYardTD,actual_passing300To399YardGame,actual_passing2PtConversions,actual_passingInterceptions,actual_passingCompletionPercentage,actual_passingTimesSacked,actual_65,actual_175,actual_176,actual_177,actual_178,proj_passingAttempts,proj_passingCompletions,proj_passingIncompletions,proj_passingYards,proj_passingTouchdowns,proj_5,proj_6,proj_7,proj_8,proj_9,proj_10,proj_11,proj_12,proj_passing40PlusYardTD,proj_passing50PlusYardTD,proj_passing300To399YardGame,proj_passing400PlusYardGame,proj_passing2PtConversions,proj_passingInterceptions,proj_passingCompletionPercentage,proj_passingTimesSacked,proj_65,proj_69,actual_receiving2PtConversions,actual_2PtConversions,actual_184,actual_defensiveAssistedTackles,actual_180,actual_181,actual_defensiveForcedFumbles,actual_madeFieldGoalsFrom50Plus,actual_attemptedFieldGoalsFrom50Plus,actual_madeFieldGoalsFrom40To49,actual_attemptedFieldGoalsFrom40To49,actual_missedFieldGoalsFrom40To49,actual_madeFieldGoalsFromUnder40,actual_attemptedFieldGoalsFromUnder40,actual_missedFieldGoalsFromUnder40,actual_madeFieldGoals,actual_attemptedFieldGoals,actual_missedFieldGoals,actual_madeExtraPoints,actual_attemptedExtraPoints,actual_missedExtraPoints,actual_198,actual_199,proj_madeFieldGoalsFrom50Plus,proj_attemptedFieldGoalsFrom50Plus,proj_missedFieldGoalsFrom50Plus,proj_madeFieldGoalsFrom40To49,proj_attemptedFieldGoalsFrom40To49,proj_missedFieldGoalsFrom40To49,proj_madeFieldGoalsFromUnder40,proj_attemptedFieldGoalsFromUnder40,proj_missedFieldGoalsFromUnder40,proj_madeFieldGoals,proj_attemptedFieldGoals,proj_missedFieldGoals,proj_madeExtraPoints,proj_attemptedExtraPoints,proj_missedExtraPoints,proj_198,proj_199,proj_200,actual_defensiveFumbles,actual_defensive0PointsAllowed,actual_defensive1To6PointsAllowed,actual_defensive7To13PointsAllowed,actual_defensive14To17PointsAllowed,actual_defensiveTouchdowns,actual_defensiveInterceptions,actual_defensiveBlockedKicks,actual_defensiveSafeties,actual_defensiveSacks,actual_100,actual_kickoffReturnTouchdowns,actual_puntReturnTouchdowns,actual_interceptionReturnTouchdowns,actual_defensivePlusSpecialTeamsTouchdowns,actual_110,actual_111,actual_112,actual_defensivePassesDefensed,actual_puntReturnYards,actual_puntsReturned,actual_119,actual_defensivePointsAllowed,actual_defensive18To21PointsAllowed,actual_defensive22To27PointsAllowed,actual_defensive28To34PointsAllowed,actual_defensive35To45PointsAllowed,actual_defensiveYardsAllowed,actual_defensiveLessThan100YardsAllowed,actual_defensive100To199YardsAllowed,actual_defensive200To299YardsAllowed,actual_defensive300To349YardsAllowed,actual_defensive350To399YardsAllowed,actual_defensive400To449YardsAllowed,actual_defensive450To499YardsAllowed,actual_defensive500To549YardsAllowed,actual_defensive550PlusYardsAllowed,actual_188,actual_189,actual_190,actual_191,actual_192,actual_193,actual_194,actual_195,proj_defensive0PointsAllowed,proj_defensive1To6PointsAllowed,proj_defensive7To13PointsAllowed,proj_defensive14To17PointsAllowed,proj_defensiveBlockedKickForTouchdowns,proj_defensiveTouchdowns,proj_defensiveInterceptions,proj_defensiveFumbles,proj_defensiveBlockedKicks,proj_defensiveSafeties,proj_defensiveSacks,proj_100,proj_interceptionReturnTouchdowns,proj_fumbleReturnTouchdowns,proj_defensivePlusSpecialTeamsTouchdowns,proj_defensiveForcedFumbles,proj_defensiveTotalTackles,proj_110,proj_111,proj_defensivePassesDefensed,proj_defensivePointsAllowed,proj_defensive18To21PointsAllowed,proj_defensive22To27PointsAllowed,proj_defensive28To34PointsAllowed,proj_defensive35To45PointsAllowed,proj_defensive45PlusPointsAllowed,proj_126,proj_defensiveYardsAllowed,proj_defensive100To199YardsAllowed,proj_defensive200To299YardsAllowed,proj_defensive300To349YardsAllowed,proj_defensive350To399YardsAllowed,proj_defensive400To449YardsAllowed,proj_defensive450To499YardsAllowed,proj_defensive500To549YardsAllowed,proj_defensive550PlusYardsAllowed,proj_137,proj_pointsMargin,actual_receiving200PlusYardGame,actual_182,actual_69,actual_missedFieldGoalsFrom50Plus,actual_200,actual_attemptedFieldGoalsFrom60Plus,actual_missedFieldGoalsFrom60Plus,actual_rushing2PtConversions,actual_fumbleReturnTouchdowns,actual_passing400PlusYardGame,actual_defensive45PlusPointsAllowed,actual_196,actual_defensiveBlockedKickForTouchdowns,actual_netPunts,actual_puntYards,actual_puntsInsideThe20,actual_143,actual_puntAverage,actual_puntAverage38.0-39.9,actual_madeFieldGoalsFrom60Plus,actual_puntsInsideThe10,actual_puntAverage33.9AndUnder,actual_blockedPunts,actual_144,actual_puntTouchbacks,actual_puntFairCatches,actual_puntAverage44.0+,actual_puntAverage42.0-43.9,actual_puntAverage34.0-35.9,proj_netPunts,proj_puntYards,proj_puntsInsideThe10,proj_puntsInsideThe20,proj_blockedPunts,proj_143,proj_144,proj_puntTouchbacks,proj_puntFairCatches,proj_puntAverage44.0+,proj_puntAverage42.0-43.9,proj_puntAverage40.0-41.9,proj_puntAverage38.0-39.9,proj_puntAverage36.0-37.9,actual_fumbleRecoveredForTD,proj_defensiveAssistedTackles,proj_defensiveSoloTackles,year,actual_defensive2PtReturns,actual_puntAverage40.0-41.9,actual_211,actual_212,actual_213,actual_214,actual_215,actual_216,actual_217,actual_218,actual_219,actual_220,actual_221,actual_222,actual_223,actual_224,actual_225,actual_226,actual_227,actual_229,actual_230,actual_231,actual_232,actual_233,actual_234,proj_defensiveLessThan100YardsAllowed,actual_228,proj_214,proj_215,proj_216,proj_221,proj_227,proj_233,proj_212,proj_213,proj_211,proj_112
205.0,13.67,154.47,11.03,232.0,77.93333333,11.0,228.0,112.0,52.0,40.0,18.0,4.0,41.0,17.0,2.0,1.0,2.0,1.0,5.0387931,36.0,19.93333333,1.0,54.0,23.0,9.0,6.0,2.0,1.0,39.0,371.0,8.30555556,1.0,1.0,1.0,1.0,1.0,1.0,1.0,11.0,4.0,72.0,9.0,1.0,15.0,193.7678282,60.7011623,6.796426157,0.255,171.0,85.0,42.0,34.0,17.0,38.0,19.0,0.395,0.277,2.02,0.0688,4.424903378,16.76868084,1.164984133,0.05906727,0.072726366,0.04752668,47.0,23.0,11.0,9.0,4.0,28.32336138,5.0,2.0,0.091200927,0.002820647,36.46701062,8.362623834,0.313690731,0.00921,1.825862116,0.266889261,2.092751377,0.84,0.149457986,0.98935456,0.98935456,14.125,Jonathan Taylor,IND,DRAFT,7,4242335,1,Stretchy Pups,RB,"{'1': {'team': 'JAX', 'date': datetime.datetime(2020, 9, 13, 13, 0)}, '2': {'team': 'MIN', 'date': datetime.datetime(2020, 9, 20, 13, 0)}, '3': {'team': 'NYJ', 'date': datetime.datetime(2020, 9, 27, 16, 5)}, '4': {'team': 'CHI', 'date': datetime.datetime(2020, 10, 4, 16, 25)}, '5': {'team': 'CLE', 'date': datetime.datetime(2020, 10, 11, 16, 25)}, '6': {'team': 'CIN', 'date': datetime.datetime(2020, 10, 18, 13, 0)}, '8': {'team': 'DET', 'date': datetime.datetime(2020, 11, 1, 13, 0)}, '9': {'team': 'BAL', 'date': datetime.datetime(2020, 11, 8, 13, 0)}, '10': {'team': 'TEN', 'date': datetime.datetime(2020, 11, 12, 20, 20)}, '11': {'team': 'GB', 'date': datetime.datetime(2020, 11, 22, 16, 25)}, '12': {'team': 'TEN', 'date': datetime.datetime(2020, 11, 29, 13, 0)}, '13': {'team': 'HOU', 'date': datetime.datetime(2020, 12, 6, 13, 0)}, '14': {'team': 'LV', 'date': datetime.datetime(2020, 12, 13, 16, 5)}, '15': {'team': 'HOU', 'date': datetime.datetime(2020, 12, 20, 13, 0)}, '16': {'team': 'PIT', 'date': datetime.datetime(2020, 12, 27, 13, 0)}, '17': {'team': 'JAX', 'date': datetime.datetime(2021, 1, 3, 16, 25)}}","['Rookie', 'RB', 'RB/WR', 'RB/WR/TE', 'OP', 'BE', 'IR']",RB,,,,,,,,,,,,,,,,,,,,,,,,,,,,,,,,,,,,,,,,,,,,,,,,,,,,,,,,,,,,,,,,,,,,,,,,,,,,,,,,,,,,,,,,,,,,,,,,,,,,,,,,,,,,,,,,,,,,,,,,,,,,,,,,,,,,,,,,,,,,,,,,,,,,,,,,,,,,,,,,,,,,,,,,,,,,,,,,,,,,,,,,,,,,,,,,,,,,,,,,,,,,,,,,,,,,,,,,,,,,,,,,,,,,,,,,,,,,,,,,,2020,,,,,,,,,,,,,,,,,,,,,,,,,,,,,,,,,,,,,
51.0,3.92,101.57,6.77,9.0,3.76923077,,9.0,4.0,,,,,,,,,,,5.44444444,26.0,34.76923077,2.0,86.0,39.0,16.0,14.0,5.0,,43.0,153.0,17.38461538,1.0,2.0,1.0,2.0,2.0,,,8.0,5.0,12.0,,,13.0,4.021376862,1.601981169,0.138597657,0.00348312,4.0,2.0,1.0,,,,,0.00739201,0.005174407,0.001423023,4.86e-05,6.000392947,47.92266831,4.359028623,0.147937223,0.198649677,0.129817564,144.0,72.0,36.0,28.0,14.0,53.50122534,10.0,5.0,1.168540921,0.0361,87.61338133,13.49193755,0.151420343,0.00265,0.042103515,0.560153822,0.602257337,0.019367617,0.31368614,0.333053757,0.333053757,15.0625,Henry Ruggs III,LV,DRAFT,82,4241475,1,Stretchy Pups,BE,"{'1': {'team': 'CAR', 'date': datetime.datetime(2020, 9, 13, 13, 0)}, '2': {'team': 'NO', 'date': datetime.datetime(2020, 9, 21, 20, 15)}, '3': {'team': 'NE', 'date': datetime.datetime(2020, 9, 27, 13, 0)}, '4': {'team': 'BUF', 'date': datetime.datetime(2020, 10, 4, 16, 25)}, '5': {'team': 'KC', 'date': datetime.datetime(2020, 10, 11, 13, 0)}, '7': {'team': 'TB', 'date': datetime.datetime(2020, 10, 25, 16, 5)}, '8': {'team': 'CLE', 'date': datetime.datetime(2020, 11, 1, 13, 0)}, '9': {'team': 'LAC', 'date': datetime.datetime(2020, 11, 8, 16, 5)}, '10': {'team': 'DEN', 'date': datetime.datetime(2020, 11, 15, 16, 5)}, '11': {'team': 'KC', 'date': datetime.datetime(2020, 11, 22, 20, 20)}, '12': {'team': 'ATL', 'date': datetime.datetime(2020, 11, 29, 13, 0)}, '13': {'team': 'NYJ', 'date': datetime.datetime(2020, 12, 6, 13, 0)}, '14': {'team': 'IND', 'date': datetime.datetime(2020, 12, 13, 16, 5)}, '15': {'team': 'LAC', 'date': datetime.datetime(2020, 12, 17, 20, 20)}, '16': {'team': 'MIA', 'date': datetime.datetime(2020, 12, 26, 20, 15)}, '17': {'team': 'DEN', 'date': datetime.datetime(2021, 1, 3, 16, 25)}}","['Rookie', 'RB/WR', 'WR', 'WR/TE', 'RB/WR/TE', 'OP', 'BE', 'IR']",BE,2.0,1.0,1.0,1.0,1.0,1.0,141.0,11.0,2.0,0.079716,0.0748944,274.1004,71.95212,27.0,10.0,7.0,2.0,,,,,,,,,,,,,,,,,,,,,,,,,,,,,,,,,,,,,,,,,,,,,,,,,,,,,,,,,,,,,,,,,,,,,,,,,,,,,,,,,,,,,,,,,,,,,,,,,,,,,,,,,,,,,,,,,,,,,,,,,,,,,,,,,,,,,,,,,,,,,,,,,,,,,,,,,,,,,,,,,,,,,,,,,,,,,,,,,,,,,,,,,,,,,,,,,,,,,,,,,,,,,,,,,,,,,,,,,,,,,,,,2020,,,,,,,,,,,,,,,,,,,,,,,,,,,,,,,,,,,,,
145.0,9.67,104.57,8.04,,,,,,,,,,,,,,,,,81.0,76.66666667,6.0,226.0,109.0,53.0,38.0,16.0,11.0,119.0,348.0,14.19753086,,,,,,4.0,4.0,4.0,11.0,36.0,,1.0,15.0,3.817042214,1.830806066,0.081295361,0.002286094,4.0,2.0,1.0,,,,,0.007015601,0.004910921,0.001428095,4.87e-05,6.325252288,58.25082684,4.401541474,0.139713378,0.246144112,0.160855177,153.0,76.0,38.0,30.0,15.0,53.99181825,10.0,5.0,1.385885293,0.042862432,88.29901243,14.22776272,0.141999472,0.00247,0.037090744,0.5246462,0.561736943,0.017061742,0.293801872,0.310863614,0.310863614,13.1875,Brandin Cooks,HOU,DRAFT,27,16731,1,Stretchy Pups,BE,"{'1': {'team': 'KC', 'date': datetime.datetime(2020, 9, 10, 20, 20)}, '2': {'team': 'BAL', 'date': datetime.datetime(2020, 9, 20, 16, 25)}, '3': {'team': 'PIT', 'date': datetime.datetime(2020, 9, 27, 13, 0)}, '4': {'team': 'MIN', 'date': datetime.datetime(2020, 10, 4, 13, 0)}, '5': {'team': 'JAX', 'date': datetime.datetime(2020, 10, 11, 13, 0)}, '6': {'team': 'TEN', 'date': datetime.datetime(2020, 10, 18, 13, 0)}, '7': {'team': 'GB', 'date': datetime.datetime(2020, 10, 25, 13, 0)}, '9': {'team': 'JAX', 'date': datetime.datetime(2020, 11, 8, 13, 0)}, '10': {'team': 'CLE', 'date': datetime.datetime(2020, 11, 15, 13, 0)}, '11': {'team': 'NE', 'date': datetime.datetime(2020, 11, 22, 13, 0)}, '12': {'team': 'DET', 'date': datetime.datetime(2020, 11, 26, 12, 30)}, '13': {'team': 'IND', 'date': datetime.datetime(2020, 12, 6, 13, 0)}, '14': {'team': 'CHI', 'date': datetime.datetime(2020, 12, 13, 13, 0)}, '15': {'team': 'IND', 'date': datetime.datetime(2020, 12, 20, 13, 0)}, '16': {'team': 'CIN', 'date': datetime.datetime(2020, 12, 27, 13, 0)}, '17': {'team': 'TEN', 'date': datetime.datetime(2021, 1, 3, 16, 25)}}","['RB/WR', 'WR', 'WR/TE', 'RB/WR/TE', 'OP', 'BE', 'IR']",BE,1.0,1.0,3.0,3.0,,,,,,,,,,,,,,1.0,1.0,3.0,,,,,,,,,,,,,,,,,,,,,,,,,,,,,,,,,,,,,,,,,,,,,,,,,,,,,,,,,,,,,,,,,,,,,,,,,,,,,,,,,,,,,,,,,,,,,,,,,,,,,,,,,,,,,,,,,,,,,,,,,,,,,,,,,,,,,,,,,,,,,,,,,,,,,,,,,,,,,,,,,,,,,,,,,,,,,,,,,,,,,,,,,,,,,,,,,,,,,,,,,,,,,,,,,,,,,,,,,,,,,2020,,,,,,,,,,,,,,,,,,,,,,,,,,,,,,,,,,,,,
259.0,17.27,240.27,17.16,25.0,0.73333333,,3.0,,,,,,1.0,,,,,,0.44,,,,,,,,,,,,,3.0,5.0,1.0,1.0,11.0,1.0,1.0,12.0,3.0,,,,15.0,27.14202643,5.119384629,0.96697587,0.041404563,14.0,7.0,3.0,2.0,1.0,5.0,2.0,0.050559152,0.035391407,0.014192636,0.000484,2.695303777,,,,,,,,,,,,,,,,,,1.256809953,0.032025645,0.339397183,,7.278555714,0.156122704,,3.486918799,15.77257498,14.29,Ben Roethlisberger,PIT,DRAFT,12,5536,1,Stretchy Pups,QB,"{'1': {'team': 'NYG', 'date': datetime.datetime(2020, 9, 14, 19, 15)}, '2': {'team': 'DEN', 'date': datetime.datetime(2020, 9, 20, 13, 0)}, '3': {'team': 'HOU', 'date': datetime.datetime(2020, 9, 27, 13, 0)}, '5': {'team': 'PHI', 'date': datetime.datetime(2020, 10, 11, 13, 0)}, '6': {'team': 'CLE', 'date': datetime.datetime(2020, 10, 18, 13, 0)}, '7': {'team': 'TEN', 'date': datetime.datetime(2020, 10, 25, 13, 0)}, '8': {'team': 'BAL', 'date': datetime.datetime(2020, 11, 1, 13, 0)}, '9': {'team': 'DAL', 'date': datetime.datetime(2020, 11, 8, 16, 25)}, '10': {'team': 'CIN', 'date': datetime.datetime(2020, 11, 15, 16, 25)}, '11': {'team': 'JAX', 'date': datetime.datetime(2020, 11, 22, 13, 0)}, '12': {'team': 'BAL', 'date': datetime.datetime(2020, 12, 2, 15, 40)}, '13': {'team': 'WSH', 'date': datetime.datetime(2020, 12, 7, 17, 0)}, '14': {'team': 'BUF', 'date': datetime.datetime(2020, 12, 13, 20, 20)}, '15': {'team': 'CIN', 'date': datetime.datetime(2020, 12, 21, 20, 15)}, '16': {'team': 'IND', 'date': datetime.datetime(2020, 12, 27, 13, 0)}, '17': {'team': 'CLE', 'date': datetime.datetime(2021, 1, 3, 13, 0)}}","['QB', 'OP', 'BE', 'IR']",QB,,,,,,,,,,,,,,,,,,,,,608.0,399.0,209.0,253.53333333,33.0,755.0,373.0,184.0,145.0,69.0,31.0,73.0,34.0,36.0,14.0,2.0,2.0,5.0,2.0,10.0,0.65625,13.0,2.0,11.0,9.0,6.0,5.0,529.5850012,339.2023742,190.382627,271.4518134,25.32618906,775.0,387.0,193.0,155.0,77.0,38.0,67.0,33.0,3.188812107,2.083888712,3.236923033,0.437223429,1.21540539,12.28565618,0.640506006,25.3483736,6.939158531,3.330796095,,,,,,,,,,,,,,,,,,,,,,,,,,,,,,,,,,,,,,,,,,,,,,,,,,,,,,,,,,,,,,,,,,,,,,,,,,,,,,,,,,,,,,,,,,,,,,,,,,,,,,,,,,,,,,,,,,,,,,,,,,,,,,,,,,,,,,,,,,,,,,,,,,,,,,,,,,,,,,,,,,,,,,,,,,,2020,,,,,,,,,,,,,,,,,,,,,,,,,,,,,,,,,,,,,
179.0,11.19,87.16,5.81,1.0,0.125,,,,,,,,,,,,,,2.0,88.0,87.5,7.0,274.0,133.0,64.0,49.0,20.0,8.0,125.0,453.0,15.90909091,,1.0,,,,1.0,1.0,7.0,9.0,46.0,,1.0,16.0,,,,,,,,,,,,,,,,,42.94119424,3.886211806,0.225681101,0.182767923,0.119438838,129.0,64.0,32.0,25.0,12.0,52.76057388,10.0,5.0,0.897053872,0.027743934,80.10935679,12.25918694,0.225681101,0.00243,,0.552399257,0.552399257,,0.309343584,0.309343584,0.309343584,15.0625,Justin Jefferson,MIN,DRAFT,8,4262921,1,Stretchy Pups,WR,"{'1': {'team': 'GB', 'date': datetime.datetime(2020, 9, 13, 13, 0)}, '2': {'team': 'IND', 'date': datetime.datetime(2020, 9, 20, 13, 0)}, '3': {'team': 'TEN', 'date': datetime.datetime(2020, 9, 27, 13, 0)}, '4': {'team': 'HOU', 'date': datetime.datetime(2020, 10, 4, 13, 0)}, '5': {'team': 'SEA', 'date': datetime.datetime(2020, 10, 11, 20, 20)}, '6': {'team': 'ATL', 'date': datetime.datetime(2020, 10, 18, 13, 0)}, '8': {'team': 'GB', 'date': datetime.datetime(2020, 11, 1, 13, 0)}, '9': {'team': 'DET', 'date': datetime.datetime(2020, 11, 8, 13, 0)}, '10': {'team': 'CHI', 'date': datetime.datetime(2020, 11, 16, 20, 15)}, '11': {'team': 'DAL', 'date': datetime.datetime(2020, 11, 22, 16, 25)}, '12': {'team': 'CAR', 'date': datetime.datetime(2020, 11, 29, 13, 0)}, '13': {'team': 'JAX', 'date': datetime.datetime(2020, 12, 6, 13, 0)}, '14': {'team': 'TB', 'date': datetime.datetime(2020, 12, 13, 13, 0)}, '15': {'team': 'CHI', 'date': datetime.datetime(2020, 12, 20, 13, 0)}, '16': {'team': 'NO', 'date': datetime.datetime(2020, 12, 25, 16, 30)}, '17': {'team': 'DET', 'date': datetime.datetime(2021, 1, 3, 13, 0)}}","['Rookie', 'RB/WR', 'WR', 'WR/TE', 'RB/WR/TE', 'OP', 'BE', 'IR']",WR,2.0,1.0,7.0,7.0,1.0,,,,,,,,,,,,,,,1.0,,,,,,,,,,,,,,,,,,,,,,,,,,,,,,,,,,,,,,,,,,,,,,,,,,,2.0,2.0,3.0,,,,,,,,,,,,,,,,,,,,,,,,,,,,,,,,,,,,,,,,,,,,,,,,,,,,,,,,,,,,,,,,,,,,,,,,,,,,,,,,,,,,,,,,,,,,,,,,,,,,,,,,,,,,,,,,,,,,,,,,,,,,,,,,,,,,,,,,,,,,,,,,,,,,,,,,,,,,,,,,,,,,,,,,2020,,,,,,,,,,,,,,,,,,,,,,,,,,,,,,,,,,,,,
129.0,9.92,214.16,15.3,181.0,61.76923077,4.0,154.0,74.0,34.0,25.0,9.0,2.0,33.0,13.0,,,2.0,,4.43646409,36.0,22.84615385,1.0,55.0,25.0,10.0,7.0,2.0,3.0,54.0,304.0,8.25,,,,,,,1.0,12.0,1.0,30.0,1.0,,13.0,219.8348526,69.9002222,8.927601777,0.195590225,197.0,98.0,49.0,39.0,19.0,43.0,21.0,0.454732014,0.31831241,2.688790172,0.0918,4.491283465,30.6854883,3.56607273,0.096738123,0.071620447,0.046803962,86.0,43.0,21.0,17.0,8.0,51.68420412,10.0,5.0,0.294086069,0.009095445,67.03094034,8.386170003,0.292328348,0.0113,2.071490056,0.48701702,2.558507076,0.952885426,0.272729531,1.225614957,1.225614957,14.125,Clyde Edwards-Helaire,KC,TRADE,19,4242214,1,Stretchy Pups,BE,"{'1': {'team': 'HOU', 'date': datetime.datetime(2020, 9, 10, 20, 20)}, '2': {'team': 'LAC', 'date': datetime.datetime(2020, 9, 20, 16, 25)}, '3': {'team': 'BAL', 'date': datetime.datetime(2020, 9, 28, 20, 15)}, '4': {'team': 'NE', 'date': datetime.datetime(2020, 10, 5, 19, 5)}, '5': {'team': 'LV', 'date': datetime.datetime(2020, 10, 11, 13, 0)}, '6': {'team': 'BUF', 'date': datetime.datetime(2020, 10, 19, 17, 0)}, '7': {'team': 'DEN', 'date': datetime.datetime(2020, 10, 25, 16, 25)}, '8': {'team': 'NYJ', 'date': datetime.datetime(2020, 11, 1, 13, 0)}, '9': {'team': 'CAR', 'date': datetime.datetime(2020, 11, 8, 13, 0)}, '11': {'team': 'LV', 'date': datetime.datetime(2020, 11, 22, 20, 20)}, '12': {'team': 'TB', 'date': datetime.datetime(2020, 11, 29, 16, 25)}, '13': {'team': 'DEN', 'date': datetime.datetime(2020, 12, 6, 20, 20)}, '14': {'team': 'MIA', 'date': datetime.datetime(2020, 12, 13, 13, 0)}, '15': {'team': 'NO', 'date': datetime.datetime(2020, 12, 20, 16, 25)}, '16': {'team': 'ATL', 'date': datetime.datetime(2020, 12, 27, 13, 0)}, '17': {'team': 'LAC', 'date': datetime.datetime(2021, 1, 3, 16, 25)}}","['Rookie', 'RB', 'RB/WR', 'RB/WR/TE', 'OP', 'BE', 'IR']",BE,,,,,,,,,,,,,,,,,,,1.0,,,,,,,,,,,,,,,,,,,,,,,,,,,,,,,,,,,,,,,,,,,,,,,,,,,,,,,1.0,2.0,1.0,,,,,,,,,,,,,,,,,,,,,,,,,,,,,,,,,,,,,,,,,,,,,,,,,,,,,,,,,,,,,,,,,,,,,,,,,,,,,,,,,,,,,,,,,,,,,,,,,,,,,,,,,,,,,,,,,,,,,,,,,,,,,,,,,,,,,,,,,,,,,,,,,,,,,,,,,,,,,,,,,,,,,2020,,,,,,,,,,,,,,,,,,,,,,,,,,,,,,,,,,,,,
200.0,13.33,172.87,11.52,,,,,,,,,,,,,,,,,105.0,94.4,11.0,278.0,134.0,63.0,50.0,21.0,14.0,145.0,597.0,13.48571429,,1.0,,1.0,1.0,,,14.0,1.0,68.0,,,15.0,1.741594919,0.415254533,0.249094327,0.00545506,1.0,,,,,,,0.003197148,0.002238004,6.17185e-05,2.11e-06,3.591404259,75.19988117,9.807945337,0.266063621,0.259558174,0.169621267,226.0,113.0,56.0,45.0,22.0,91.1746592,18.0,9.0,3.703866618,0.114552576,128.475969,12.42338847,0.271518681,0.0041,0.017476664,0.914925071,0.932401734,0.008039265,0.51235804,0.520397305,0.520397305,15.0625,Travis Kelce,KC,TRADE,1,15847,1,Stretchy Pups,TE,"{'1': {'team': 'HOU', 'date': datetime.datetime(2020, 9, 10, 20, 20)}, '2': {'team': 'LAC', 'date': datetime.datetime(2020, 9, 20, 16, 25)}, '3': {'team': 'BAL', 'date': datetime.datetime(2020, 9, 28, 20, 15)}, '4': {'team': 'NE', 'date': datetime.datetime(2020, 10, 5, 19, 5)}, '5': {'team': 'LV', 'date': datetime.datetime(2020, 10, 11, 13, 0)}, '6': {'team': 'BUF', 'date': datetime.datetime(2020, 10, 19, 17, 0)}, '7': {'team': 'DEN', 'date': datetime.datetime(2020, 10, 25, 16, 25)}, '8': {'team': 'NYJ', 'date': datetime.datetime(2020, 11, 1, 13, 0)}, '9': {'team': 'CAR', 'date': datetime.datetime(2020, 11, 8, 13, 0)}, '11': {'team': 'LV', 'date': datetime.datetime(2020, 11, 22, 20, 20)}, '12': {'team': 'TB', 'date': datetime.datetime(2020, 11, 29, 16, 25)}, '13': {'team': 'DEN', 'date': datetime.datetime(2020, 12, 6, 20, 20)}, '14': {'team': 'MIA', 'date': datetime.datetime(2020, 12, 13, 13, 0)}, '15': {'team': 'NO', 'date': datetime.datetime(2020, 12, 20, 16, 25)}, '16': {'team': 'ATL', 'date': datetime.datetime(2020, 12, 27, 13, 0)}, '17': {'team': 'LAC', 'date': datetime.datetime(2021, 1, 3, 16, 25)}}","['WR/TE', 'TE', 'RB/WR/TE', 'OP', 'BE', 'IR']",TE,,,6.0,6.0,1.0,1.0,,,,,,,,,,,,1.0,6.0,2.0,2.0,1.0,1.0,0.26666667,,,,,,,,,,,,,,,,,0.5,,,,,,,,,,,,,,,,,,,,,,,,,,,,,,1.0,1.0,3.0,,,,,,,,,,,,,,,,,,,,,,,,,,,,,,,,,,,,,,,,,,,,,,,,,,,,,,,,,,,,,,,,,,,,,,,,,,,,,,,,,,,,,,,,,,,,,,,,,,,,,,,,,,,,,,,,,,,,,,,,,,,,,,,,,,,,,,,,,,,,,,,,,,,,,,,,,,,,,,,,,,,,,,,,2020,,,,,,,,,,,,,,,,,,,,,,,,,,,,,,,,,,,,,
90.0,6.43,79.62,5.31,18.0,6.5,,17.0,7.0,2.0,2.0,,,1.0,,,,,,5.05555556,58.0,42.85714286,5.0,114.0,53.0,23.0,17.0,3.0,7.0,79.0,295.0,10.34482759,,,,,,2.0,2.0,1.0,13.0,30.0,,1.0,14.0,12.96044045,5.146208084,0.300905773,0.0227,15.0,7.0,3.0,3.0,1.0,2.0,1.0,0.0239,0.0168,0.0159,0.000544,5.980873839,36.98946312,2.673181977,0.197385148,0.14328408,0.093636146,111.0,55.0,27.0,22.0,11.0,47.63416969,9.0,4.0,0.570881068,0.0177,73.16943582,11.69651517,0.220123792,0.00279,0.136,0.498726189,0.63442103,0.0624,0.279286666,0.341706293,0.341706293,15.0625,Laviska Shenault Jr.,JAX,ADD,58,4243160,1,Stretchy Pups,BE,"{'1': {'team': 'IND', 'date': datetime.datetime(2020, 9, 13, 13, 0)}, '2': {'team': 'TEN', 'date': datetime.datetime(2020, 9, 20, 13, 0)}, '3': {'team': 'MIA', 'date': datetime.datetime(2020, 9, 24, 20, 20)}, '4': {'team': 'CIN', 'date': datetime.datetime(2020, 10, 4, 13, 0)}, '5': {'team': 'HOU', 'date': datetime.datetime(2020, 10, 11, 13, 0)}, '6': {'team': 'DET', 'date': datetime.datetime(2020, 10, 18, 13, 0)}, '7': {'team': 'LAC', 'date': datetime.datetime(2020, 10, 25, 16, 25)}, '9': {'team': 'HOU', 'date': datetime.datetime(2020, 11, 8, 13, 0)}, '10': {'team': 'GB', 'date': datetime.datetime(2020, 11, 15, 13, 0)}, '11': {'team': 'PIT', 'date': datetime.datetime(2020, 11, 22, 13, 0)}, '12': {'team': 'CLE', 'date': datetime.datetime(2020, 11, 29, 13, 0)}, '13': {'team': 'MIN', 'date': datetime.datetime(2020, 12, 6, 13, 0)}, '14': {'team': 'TEN', 'date': datetime.datetime(2020, 12, 13, 13, 0)}, '15': {'team': 'BAL', 'date': datetime.datetime(2020, 12, 20, 13, 0)}, '16': {'team': 'CHI', 'date': datetime.datetime(2020, 12, 27, 13, 0)}, '17': {'team': 'IND', 'date': datetime.datetime(2021, 1, 3, 16, 25)}}","['Rookie', 'RB/WR', 'WR', 'WR/TE', 'RB/WR/TE', 'OP', 'BE', 'IR']",BE,,,,,,,,,,,,,,,,,,,2.0,1.0,,,,,,,,,,,,,,,,,,,,,,,,,,,,,,,,,,,,,,,,,,,,,,,,,,,,,1.0,,,,1.0,,,,,,,,,,,,,,,,,,,,,,,,,,,,,,,,,,,,,,,,,,,,,,,,,,,,,,,,,,,,,,,,,,,,,,,,,,,,,,,,,,,,,,,,,,,,,,,,,,,,,,,,,,,,,,,,,,,,,,,,,,,,,,,,,,,,,,,,,,,,,,,,,,,,,,,,,,,,,,,,,,,,2020,,,,,,,,,,,,,,,,,,,,,,,,,,,,,,,,,,,,,
166.0,11.07,124.78,7.8,,,,,,,,,,,,,,,,,,,,,,,,,,,,,,,,,,,1.0,4.0,11.0,144.0,,,15.0,,,,,,,,,,,,,,,,,,,,,,,,,,,,,,,,,,,,,,,,,,,16.0,Younghoe Koo,ATL,ADD,2,3049899,1,Stretchy Pups,K,"{'1': {'team': 'SEA', 'date': datetime.datetime(2020, 9, 13, 13, 0)}, '2': {'team': 'DAL', 'date': datetime.datetime(2020, 9, 20, 13, 0)}, '3': {'team': 'CHI', 'date': datetime.datetime(2020, 9, 27, 13, 0)}, '4': {'team': 'GB', 'date': datetime.datetime(2020, 10, 5, 21, 0)}, '5': {'team': 'CAR', 'date': datetime.datetime(2020, 10, 11, 13, 0)}, '6': {'team': 'MIN', 'date': datetime.datetime(2020, 10, 18, 13, 0)}, '7': {'team': 'DET', 'date': datetime.datetime(2020, 10, 25, 13, 0)}, '8': {'team': 'CAR', 'date': datetime.datetime(2020, 10, 29, 20, 20)}, '9': {'team': 'DEN', 'date': datetime.datetime(2020, 11, 8, 13, 0)}, '11': {'team': 'NO', 'date': datetime.datetime(2020, 11, 22, 13, 0)}, '12': {'team': 'LV', 'date': datetime.datetime(2020, 11, 29, 13, 0)}, '13': {'team': 'NO', 'date': datetime.datetime(2020, 12, 6, 13, 0)}, '14': {'team': 'LAC', 'date': datetime.datetime(2020, 12, 13, 16, 25)}, '15': {'team': 'TB', 'date': datetime.datetime(2020, 12, 20, 13, 0)}, '16': {'team': 'KC', 'date': datetime.datetime(2020, 12, 27, 13, 0)}, '17': {'team': 'TB', 'date': datetime.datetime(2021, 1, 3, 13, 0)}}","['K', 'BE', 'IR']",K,,,,,,,,,,,,,,,,,,,,,,,,,,,,,,,,,,,,,,,,,,,,,,,,,,,,,,,,,,,,,,,,,,,,,,,,,,1.0,,,,8.0,8.0,8.0,9.0,1.0,21.0,22.0,1.0,37.0,39.0,2.0,33.0,36.0,3.0,8.0,8.0,3.151962143,4.946823766,1.794861622,7.734828874,10.24930153,2.514472654,16.07308737,17.13605618,1.062968809,26.95987839,32.33218148,5.372303085,35.23839196,37.56081962,2.322427658,3.151962143,4.946823766,1.794861622,,,,,,,,,,,,,,,,,,,,,,,,,,,,,,,,,,,,,,,,,,,,,,,,,,,,,,,,,,,,,,,,,,,,,,,,,,,,,,,,,,,,,,,,,,,,,,,,,,,,,,,,,,,,,,,,,,,,,,,,,,,,,,,,,,2020,,,,,,,,,,,,,,,,,,,,,,,,,,,,,,,,,,,,,
33.0,2.75,7.29,0.52,34.0,9.0,2.0,19.0,8.0,3.0,2.0,,,4.0,1.0,,,,,3.17647059,17.0,9.25,1.0,19.0,7.0,1.0,,,1.0,20.0,113.0,6.52941176,,,,,,1.0,2.0,8.0,4.0,18.0,2.0,,12.0,9.43186838,2.735877662,0.251868223,0.00711,7.0,3.0,1.0,1.0,,1.0,,0.0174,0.0122,0.00572,0.000195,4.097202211,1.507117492,0.144082949,0.004577841,0.020360025,0.013305277,4.0,2.0,1.0,,,2.692223205,,,0.010432555,0.000322656,3.518706931,7.90723241,0.011685556,0.000503,0.0889,0.025368651,0.114244556,0.0409,0.014206444,0.055089361,0.055089361,14.125,DeeJay Dallas,SEA,ADD,74,4240631,1,Stretchy Pups,BE,"{'1': {'team': 'ATL', 'date': datetime.datetime(2020, 9, 13, 13, 0)}, '2': {'team': 'NE', 'date': datetime.datetime(2020, 9, 20, 20, 20)}, '3': {'team': 'DAL', 'date': datetime.datetime(2020, 9, 27, 16, 25)}, '4': {'team': 'MIA', 'date': datetime.datetime(2020, 10, 4, 13, 0)}, '5': {'team': 'MIN', 'date': datetime.datetime(2020, 10, 11, 20, 20)}, '7': {'team': 'ARI', 'date': datetime.datetime(2020, 10, 25, 20, 20)}, '8': {'team': 'SF', 'date': datetime.datetime(2020, 11, 1, 16, 25)}, '9': {'team': 'BUF', 'date': datetime.datetime(2020, 11, 8, 13, 0)}, '10': {'team': 'LAR', 'date': datetime.datetime(2020, 11, 15, 16, 25)}, '11': {'team': 'ARI', 'date': datetime.datetime(2020, 11, 19, 20, 20)}, '12': {'team': 'PHI', 'date': datetime.datetime(2020, 11, 30, 20, 15)}, '13': {'team': 'NYG', 'date': datetime.datetime(2020, 12, 6, 16, 5)}, '14': {'team': 'NYJ', 'date': datetime.datetime(2020, 12, 13, 16, 5)}, '15': {'team': 'WSH', 'date': datetime.datetime(2020, 12, 20, 13, 0)}, '16': {'team': 'LAR', 'date': datetime.datetime(2020, 12, 27, 16, 25)}, '17': {'team': 'SF', 'date': datetime.datetime(2021, 1, 3, 16, 25)}}","['Rookie', 'RB', 'RB/WR', 'RB/WR/TE', 'OP', 'BE', 'IR']",BE,,,,,,,,,,,,,,,,,,,1.0,,,,,,,,,,,,,,,,,,,,,,,,,,,,,,,,,,,,,,,,,,,,,,,,,,,,,,,1.0,,,,,,,,,,,,,,,,,,,,,,,,,,,,,,,,,,,,,,,,,,,,,,,,,,,,,,,,,,,,,,,,,,,,,,,,,,,,,,,,,,,,,,,,,,,,,,,,,,,,,,,,,,,,,,,,,,,,,,,,,,,,,,,,,,,,,,,,,,,,,,,,,,,,,,,,,,,,,,,,,,,,,,,2020,,,,,,,,,,,,,,,,,,,,,,,,,,,,,,,,,,,,,
59.0,3.69,69.1,4.94,111.0,23.0,4.0,69.0,32.0,12.0,9.0,4.0,1.0,15.0,3.0,,,1.0,,3.31531532,10.0,3.8125,,11.0,5.0,2.0,1.0,,,14.0,93.0,6.1,2.0,2.0,1.0,1.0,1.0,4.0,6.0,12.0,4.0,24.0,4.0,,16.0,92.46637493,26.57135582,2.619389442,0.112056736,75.0,37.0,18.0,15.0,7.0,18.0,9.0,0.178681446,0.125077012,0.385729902,0.0132,4.05899335,9.874640993,0.666441907,0.032180775,0.057257707,0.037417912,27.0,13.0,6.0,5.0,2.0,17.55395939,3.0,1.0,0.054441955,0.00168,22.76487696,7.94574608,0.144237511,0.00427,0.816255088,0.154959126,0.971214214,0.37547734,0.086777111,0.462254451,0.462254451,14.125,Benny Snell Jr.,PIT,ADD,52,4035072,1,Stretchy Pups,BE,"{'1': {'team': 'NYG', 'date': datetime.datetime(2020, 9, 14, 19, 15)}, '2': {'team': 'DEN', 'date': datetime.datetime(2020, 9, 20, 13, 0)}, '3': {'team': 'HOU', 'date': datetime.datetime(2020, 9, 27, 13, 0)}, '5': {'team': 'PHI', 'date': datetime.datetime(2020, 10, 11, 13, 0)}, '6': {'team': 'CLE', 'date': datetime.datetime(2020, 10, 18, 13, 0)}, '7': {'team': 'TEN', 'date': datetime.datetime(2020, 10, 25, 13, 0)}, '8': {'team': 'BAL', 'date': datetime.datetime(2020, 11, 1, 13, 0)}, '9': {'team': 'DAL', 'date': datetime.datetime(2020, 11, 8, 16, 25)}, '10': {'team': 'CIN', 'date': datetime.datetime(2020, 11, 15, 16, 25)}, '11': {'team': 'JAX', 'date': datetime.datetime(2020, 11, 22, 13, 0)}, '12': {'team': 'BAL', 'date': datetime.datetime(2020, 12, 2, 15, 40)}, '13': {'team': 'WSH', 'date': datetime.datetime(2020, 12, 7, 17, 0)}, '14': {'team': 'BUF', 'date': datetime.datetime(2020, 12, 13, 20, 20)}, '15': {'team': 'CIN', 'date': datetime.datetime(2020, 12, 21, 20, 15)}, '16': {'team': 'IND', 'date': datetime.datetime(2020, 12, 27, 13, 0)}, '17': {'team': 'CLE', 'date': datetime.datetime(2021, 1, 3, 13, 0)}}","['RB', 'RB/WR', 'RB/WR/TE', 'OP', 'BE', 'IR']",BE,,,,,,,,,,,,,,,,,,,,,,,,,,,,,,,,,,,,,,,,,,,,,,,,,,,,,,,,,,,,,,,,,,,,,,,,,,2.0,,,,,,,,,,,,,,,,,,,,,,,,,,,,,,,,,,,,,,1.0,,,,,,,,,,,,,,,,,,,,,,,,,,,,,,,,,,,,,,,,,,,,,,,,,,,,,,,,,,,,,,,,,,,,,,,,,,,,,,,,,,,,,,,,,,,,,,,,,,,,,,,,,,,,,,,,,,,,,,,,,,,,,,,,,2020,,,,,,,,,,,,,,,,,,,,,,,,,,,,,,,,,,,,,
88.0,5.5,91.03,5.69,,,,,,,,,,,,,,,,,,,,,,,,,,,,,,,,,,659.0,951.0,14.0,2.0,,,,16.0,,,,,,,,,,,,,,,,,,,,,,,,,,,,,,,,,,,,,,,,,,,16.0,Chiefs D/ST,KC,ADD,8,-16012,1,Stretchy Pups,D/ST,"{'1': {'team': 'HOU', 'date': datetime.datetime(2020, 9, 10, 20, 20)}, '2': {'team': 'LAC', 'date': datetime.datetime(2020, 9, 20, 16, 25)}, '3': {'team': 'BAL', 'date': datetime.datetime(2020, 9, 28, 20, 15)}, '4': {'team': 'NE', 'date': datetime.datetime(2020, 10, 5, 19, 5)}, '5': {'team': 'LV', 'date': datetime.datetime(2020, 10, 11, 13, 0)}, '6': {'team': 'BUF', 'date': datetime.datetime(2020, 10, 19, 17, 0)}, '7': {'team': 'DEN', 'date': datetime.datetime(2020, 10, 25, 16, 25)}, '8': {'team': 'NYJ', 'date': datetime.datetime(2020, 11, 1, 13, 0)}, '9': {'team': 'CAR', 'date': datetime.datetime(2020, 11, 8, 13, 0)}, '11': {'team': 'LV', 'date': datetime.datetime(2020, 11, 22, 20, 20)}, '12': {'team': 'TB', 'date': datetime.datetime(2020, 11, 29, 16, 25)}, '13': {'team': 'DEN', 'date': datetime.datetime(2020, 12, 6, 20, 20)}, '14': {'team': 'MIA', 'date': datetime.datetime(2020, 12, 13, 13, 0)}, '15': {'team': 'NO', 'date': datetime.datetime(2020, 12, 20, 16, 25)}, '16': {'team': 'ATL', 'date': datetime.datetime(2020, 12, 27, 13, 0)}, '17': {'team': 'LAC', 'date': datetime.datetime(2021, 1, 3, 16, 25)}}","['D/ST', 'BE', 'IR']",D/ST,,,,,,,646.0,59.0,19.0,0.378034061,0.246739234,744.7257915,266.0414255,74.0,29.0,26.0,10.0,,,,,,,,,,,,,,,,,,,,,,,,,,,,,,,,,,,,,,,,,,,,,,,,,,,,,,,,,292.0,,,13.0,,,,,,,,,,,,,,,,,,,,,,,,,,,,,,,,,,,6.0,0.0,0.0,2.0,4.0,2.0,16.0,1.0,1.0,32.0,64.0,1.0,1.0,2.0,4.0,312.0,185.0,24.0,64.0,163.0,14.0,2.0,360.0,3.0,2.0,3.0,2.0,5733.0,0.0,0.0,4.0,1.0,5.0,4.0,2.0,0.0,0.0,0.0,0.0,2.0,4.0,3.0,2.0,3.0,2.0,0.133559932,0.599820054,2.303309007,2.367289813,0.0457,2.144529941,12.33958874,8.236039397,0.967577349,0.314479839,40.98586562,81.97173124,1.176599019,0.967930922,2.815025446,12.67082984,887.6977308,295.0,177.0,66.12773405,361.8360272,2.319304209,3.686893932,2.903129061,1.495551335,0.191142657,22.6147517,5754.72246,0.231756656,2.397482643,3.044802957,3.979821188,3.332500874,1.997902203,0.783177663,0.232555816,359.6701538,-361.8360272,,,,,,,,,,,,,,,,,,,,,,,,,,,,,,,,,,,,,,,,,,,,,,,2020,,,,,,,,,,,,,,,,,,,,,,,,,,,,,,,,,,,,,
72.0,5.54,0.0,0.0,,,,,,,,,,,,,,,,,38.0,41.46153846,4.0,104.0,48.0,20.0,18.0,7.0,5.0,67.0,112.0,14.18421053,,,,,,,,4.0,9.0,24.0,,,13.0,,,,,,,,,,,,,,,,,,,,,,,,,,,,,,,,,,,,,,,,,,,,Travis Fulgham,PHI,ADD,60,3139522,1,Stretchy Pups,WR,"{'1': {'team': 'WSH', 'date': datetime.datetime(2020, 9, 13, 13, 0)}, '2': {'team': 'LAR', 'date': datetime.datetime(2020, 9, 20, 13, 0)}, '3': {'team': 'CIN', 'date': datetime.datetime(2020, 9, 27, 13, 0)}, '4': {'team': 'SF', 'date': datetime.datetime(2020, 10, 4, 20, 20)}, '5': {'team': 'PIT', 'date': datetime.datetime(2020, 10, 11, 13, 0)}, '6': {'team': 'BAL', 'date': datetime.datetime(2020, 10, 18, 13, 0)}, '7': {'team': 'NYG', 'date': datetime.datetime(2020, 10, 22, 20, 20)}, '8': {'team': 'DAL', 'date': datetime.datetime(2020, 11, 1, 20, 20)}, '10': {'team': 'NYG', 'date': datetime.datetime(2020, 11, 15, 13, 0)}, '11': {'team': 'CLE', 'date': datetime.datetime(2020, 11, 22, 13, 0)}, '12': {'team': 'SEA', 'date': datetime.datetime(2020, 11, 30, 20, 15)}, '13': {'team': 'GB', 'date': datetime.datetime(2020, 12, 6, 16, 25)}, '14': {'team': 'NO', 'date': datetime.datetime(2020, 12, 13, 16, 25)}, '15': {'team': 'ARI', 'date': datetime.datetime(2020, 12, 20, 16, 5)}, '16': {'team': 'DAL', 'date': datetime.datetime(2020, 12, 27, 16, 25)}, '17': {'team': 'WSH', 'date': datetime.datetime(2021, 1, 3, 20, 20)}}","['RB/WR', 'WR', 'WR/TE', 'RB/WR/TE', 'OP', 'BE', 'IR']",WR,1.0,,1.0,1.0,,,,,,,,,,,,,,1.0,2.0,,,,,,,,,,,,,,,,,,,,,,,,,,,,,,,,,,,,,,,,,,,,,,,,,,,,,,1.0,,,,,,,,,,,,,,,,,,,,,,,,,,,,,,,,,,,,,,,,,,,,,,,,,,,,,,,,,,,,,,,,,,,,,,,,,,,,,,,,,,,,,,,,,,,,,,,,,,,,,,,,,,,,,,,,,,,,,,,,,,,,,,,,,,,,,,,,,,,,,,,,,,,,,,,,,,,,,,,,,,,,,,,,2020,,,,,,,,,,,,,,,,,,,,,,,,,,,,,,,,,,,,,
98.0,6.53,25.29,12.64,63.0,23.8,3.0,66.0,30.0,14.0,10.0,4.0,1.0,8.0,2.0,,,1.0,,5.66666667,1.0,0.2,,,,,,,,1.0,9.0,3.0,6.0,9.0,2.0,2.0,6.0,,,4.0,10.0,18.0,3.0,,15.0,12.16770946,29.9767115,0.606954975,0.037759194,13.0,6.0,3.0,2.0,1.0,2.0,1.0,0.02247225,0.015730575,0.0118,0.000404,5.493890765,,,,,,,,,,,,,,,,,,0.223830065,0.00332,0.159238894,,0.755121553,0.073249891,,0.359273568,1.790108208,2.23,Jalen Hurts,PHI,ADD,36,4040715,1,Stretchy Pups,BE,"{'1': {'team': 'WSH', 'date': datetime.datetime(2020, 9, 13, 13, 0)}, '2': {'team': 'LAR', 'date': datetime.datetime(2020, 9, 20, 13, 0)}, '3': {'team': 'CIN', 'date': datetime.datetime(2020, 9, 27, 13, 0)}, '4': {'team': 'SF', 'date': datetime.datetime(2020, 10, 4, 20, 20)}, '5': {'team': 'PIT', 'date': datetime.datetime(2020, 10, 11, 13, 0)}, '6': {'team': 'BAL', 'date': datetime.datetime(2020, 10, 18, 13, 0)}, '7': {'team': 'NYG', 'date': datetime.datetime(2020, 10, 22, 20, 20)}, '8': {'team': 'DAL', 'date': datetime.datetime(2020, 11, 1, 20, 20)}, '10': {'team': 'NYG', 'date': datetime.datetime(2020, 11, 15, 13, 0)}, '11': {'team': 'CLE', 'date': datetime.datetime(2020, 11, 22, 13, 0)}, '12': {'team': 'SEA', 'date': datetime.datetime(2020, 11, 30, 20, 15)}, '13': {'team': 'GB', 'date': datetime.datetime(2020, 12, 6, 16, 25)}, '14': {'team': 'NO', 'date': datetime.datetime(2020, 12, 13, 16, 25)}, '15': {'team': 'ARI', 'date': datetime.datetime(2020, 12, 20, 16, 5)}, '16': {'team': 'DAL', 'date': datetime.datetime(2020, 12, 27, 16, 25)}, '17': {'team': 'WSH', 'date': datetime.datetime(2021, 1, 3, 20, 20)}}","['Rookie', 'QB', 'OP', 'BE', 'IR']",BE,,,,,,,,,,,,,,,,,,,,,148.0,77.0,71.0,70.73333333,6.0,208.0,101.0,49.0,38.0,18.0,8.0,13.0,5.0,12.0,5.0,1.0,1.0,2.0,,4.0,0.52027027,13.0,3.0,2.0,1.0,,2.0,41.57847354,24.75002904,16.82844451,129.3275036,1.939194271,57.0,28.0,14.0,11.0,5.0,2.0,4.0,2.0,0.10775541,0.070418161,0.385807175,0.052112433,0.18607087,1.430834641,0.595260646,3.953914218,0.595882659,0.286023676,,,,,,,,,,,,,,,,,,,,,,,,,,,,,,,,,,,,,,,,,,,,,,,,,,,,,,,,,,,,,,,,,,,,,,,,,,,,,,,,,,,,,,,,,,,,,,,,,,,,,,,,,,,,,,,,,,,,,,,,,,,,,,,,,,,,,,,,,,,,,,,,,,,,,,,,,,,,,,,,,,,,,,,,,,,2020,,,,,,,,,,,,,,,,,,,,,,,,,,,,,,,,,,,,,
98.0,6.12,58.4,4.17,124.0,26.0,3.0,78.0,35.0,14.0,11.0,3.0,,19.0,6.0,,,,,3.35483871,47.0,22.1875,3.0,66.0,29.0,10.0,7.0,3.0,3.0,59.0,362.0,7.55319149,1.0,1.0,1.0,1.0,1.0,1.0,1.0,4.0,11.0,36.0,2.0,,16.0,62.25614477,18.05650926,1.377655258,0.05452799,51.0,25.0,12.0,10.0,5.0,12.0,6.0,0.118297151,0.082808005,0.177,0.00606,4.096755336,15.643211,0.65784495,0.033682671,0.048044855,0.031397313,44.0,22.0,11.0,8.0,4.0,28.52866186,5.0,2.0,0.083417768,0.00258,37.72198699,7.745205732,0.088210661,0.00456,0.710019149,0.325363806,1.035382955,0.326608809,0.182203732,0.50881254,0.50881254,14.125,Giovani Bernard,CIN,ADD,31,15826,1,Stretchy Pups,RB,"{'1': {'team': 'LAC', 'date': datetime.datetime(2020, 9, 13, 16, 5)}, '2': {'team': 'CLE', 'date': datetime.datetime(2020, 9, 17, 20, 20)}, '3': {'team': 'PHI', 'date': datetime.datetime(2020, 9, 27, 13, 0)}, '4': {'team': 'JAX', 'date': datetime.datetime(2020, 10, 4, 13, 0)}, '5': {'team': 'BAL', 'date': datetime.datetime(2020, 10, 11, 13, 0)}, '6': {'team': 'IND', 'date': datetime.datetime(2020, 10, 18, 13, 0)}, '7': {'team': 'CLE', 'date': datetime.datetime(2020, 10, 25, 13, 0)}, '8': {'team': 'TEN', 'date': datetime.datetime(2020, 11, 1, 13, 0)}, '10': {'team': 'PIT', 'date': datetime.datetime(2020, 11, 15, 16, 25)}, '11': {'team': 'WSH', 'date': datetime.datetime(2020, 11, 22, 13, 0)}, '12': {'team': 'NYG', 'date': datetime.datetime(2020, 11, 29, 13, 0)}, '13': {'team': 'MIA', 'date': datetime.datetime(2020, 12, 6, 13, 0)}, '14': {'team': 'DAL', 'date': datetime.datetime(2020, 12, 13, 13, 0)}, '15': {'team': 'PIT', 'date': datetime.datetime(2020, 12, 21, 20, 15)}, '16': {'team': 'HOU', 'date': datetime.datetime(2020, 12, 27, 13, 0)}, '17': {'team': 'BAL', 'date': datetime.datetime(2021, 1, 3, 13, 0)}}","['RB', 'RB/WR', 'RB/WR/TE', 'OP', 'BE', 'IR']",RB,,,,,,,38.0,3.0,,,,,,,,,,,2.0,,,,,,,,,,,,,,,,,,,,,,,,,,,,,,,,,,,,,,,,,,,,,,,,,,,,,,1.0,,1.0,,,,,,,,,,,,,,,,,,,,,,,,,,,,,,,,,,,,,,,,,,,,,,,,,,,,,,,,,,,,,,,,,,,,,,,,,,,,,,,,,,,,,,,,,,,,,,,,,,,,,,,,,,,,,,,,,,,,,,,,,,,,,,,,,,,,,,,,,,,,,,,,,,,,,,,,,,,,,,,,,,,,,,2020,,,,,,,,,,,,,,,,,,,,,,,,,,,,,,,,,,,,,
69.0,23.0,244.6,17.47,59.0,75.0,5.0,43.0,20.0,9.0,7.0,3.0,,10.0,4.0,,,,,3.81355932,17.0,49.66666667,1.0,28.0,13.0,6.0,5.0,1.0,2.0,19.0,123.0,8.76470588,,,,,,1.0,2.0,,3.0,36.0,5.0,,3.0,236.0222885,75.06880755,8.319737486,0.291355662,212.0,106.0,53.0,42.0,21.0,47.0,23.0,0.492184603,0.344529222,3.093827267,0.106,4.492571075,52.48952075,2.649136792,0.14288397,0.084233715,0.055046733,148.0,74.0,37.0,29.0,14.0,90.17001097,18.0,9.0,1.262449485,0.039,110.1514268,8.222406458,0.434239632,0.00966,1.588375623,0.606823399,2.195199021,0.730652786,0.339821103,1.07047389,1.07047389,14.125,Christian McCaffrey,CAR,DRAFT,50,3117251,3,South Bay Starr Power,BE,"{'1': {'team': 'LV', 'date': datetime.datetime(2020, 9, 13, 13, 0)}, '2': {'team': 'TB', 'date': datetime.datetime(2020, 9, 20, 13, 0)}, '3': {'team': 'LAC', 'date': datetime.datetime(2020, 9, 27, 16, 5)}, '4': {'team': 'ARI', 'date': datetime.datetime(2020, 10, 4, 13, 0)}, '5': {'team': 'ATL', 'date': datetime.datetime(2020, 10, 11, 13, 0)}, '6': {'team': 'CHI', 'date': datetime.datetime(2020, 10, 18, 13, 0)}, '7': {'team': 'NO', 'date': datetime.datetime(2020, 10, 25, 13, 0)}, '8': {'team': 'ATL', 'date': datetime.datetime(2020, 10, 29, 20, 20)}, '9': {'team': 'KC', 'date': datetime.datetime(2020, 11, 8, 13, 0)}, '10': {'team': 'TB', 'date': datetime.datetime(2020, 11, 15, 13, 0)}, '11': {'team': 'DET', 'date': datetime.datetime(2020, 11, 22, 13, 0)}, '12': {'team': 'MIN', 'date': datetime.datetime(2020, 11, 29, 13, 0)}, '14': {'team': 'DEN', 'date': datetime.datetime(2020, 12, 13, 13, 0)}, '15': {'team': 'GB', 'date': datetime.datetime(2020, 12, 19, 20, 15)}, '16': {'team': 'WSH', 'date': datetime.datetime(2020, 12, 27, 16, 5)}, '17': {'team': 'NO', 'date': datetime.datetime(2021, 1, 3, 16, 25)}}","['RB', 'RB/WR', 'RB/WR/TE', 'OP', 'BE', 'IR']",BE,,,,,,,,,,,,,,,,,,1.0,1.0,,,,,,,,,,,,,,,,,,,,,,,,,,,,,,,,,,,,,,,,,,,,,,,,,,,,,,,1.0,,,,,,,,,,,,,,,,,,,,,,,,,,,,,,,,,,,,,,,,,,,,,,,,,,,,,,,,,,,,,,,,,,,,,,,,,,,,,,,,,,,,,,,,,,,,,,,,,,,,,,,,,,,,,,,,,,,,,,,,,,,,,,,,,,,,,,,,,,,,,,,,,,,,,,,,,,,,,,,,,,,,,,,2020,,,,,,,,,,,,,,,,,,,,,,,,,,,,,,,,,,,,,
230.0,15.33,172.72,11.51,13.0,8.2,2.0,23.0,9.0,3.0,3.0,,,,,,,,,9.46153846,87.0,85.06666667,15.0,248.0,119.0,55.0,44.0,19.0,11.0,135.0,430.0,14.66666667,,1.0,,,,1.0,1.0,14.0,1.0,102.0,,1.0,15.0,10.44956951,4.383147009,0.608234761,0.013320083,13.0,6.0,3.0,2.0,1.0,2.0,1.0,0.019279742,0.01349582,0.011526583,0.000393,6.318073844,73.97315945,8.588935868,0.233000024,0.285581829,0.186627725,222.0,111.0,55.0,44.0,22.0,78.56871714,15.0,7.0,3.567757839,0.11,123.2360122,14.1814803,0.246320107,0.00242,0.064432512,0.484458213,0.548890725,0.029638955,0.271296599,0.300935555,0.300935555,15.0625,Tyreek Hill,KC,DRAFT,1,3116406,3,South Bay Starr Power,WR,"{'1': {'team': 'HOU', 'date': datetime.datetime(2020, 9, 10, 20, 20)}, '2': {'team': 'LAC', 'date': datetime.datetime(2020, 9, 20, 16, 25)}, '3': {'team': 'BAL', 'date': datetime.datetime(2020, 9, 28, 20, 15)}, '4': {'team': 'NE', 'date': datetime.datetime(2020, 10, 5, 19, 5)}, '5': {'team': 'LV', 'date': datetime.datetime(2020, 10, 11, 13, 0)}, '6': {'team': 'BUF', 'date': datetime.datetime(2020, 10, 19, 17, 0)}, '7': {'team': 'DEN', 'date': datetime.datetime(2020, 10, 25, 16, 25)}, '8': {'team': 'NYJ', 'date': datetime.datetime(2020, 11, 1, 13, 0)}, '9': {'team': 'CAR', 'date': datetime.datetime(2020, 11, 8, 13, 0)}, '11': {'team': 'LV', 'date': datetime.datetime(2020, 11, 22, 20, 20)}, '12': {'team': 'TB', 'date': datetime.datetime(2020, 11, 29, 16, 25)}, '13': {'team': 'DEN', 'date': datetime.datetime(2020, 12, 6, 20, 20)}, '14': {'team': 'MIA', 'date': datetime.datetime(2020, 12, 13, 13, 0)}, '15': {'team': 'NO', 'date': datetime.datetime(2020, 12, 20, 16, 25)}, '16': {'team': 'ATL', 'date': datetime.datetime(2020, 12, 27, 13, 0)}, '17': {'team': 'LAC', 'date': datetime.datetime(2021, 1, 3, 16, 25)}}","['RB/WR', 'WR', 'WR/TE', 'RB/WR/TE', 'OP', 'BE', 'IR']",WR,5.0,2.0,4.0,2.0,,,,,,0.035259,0.070202434,37.7118,31.99642553,3.0,1.0,3.0,1.0,2.0,5.0,3.0,,,,,,,,,,,,,,,,,,,,,,,,,,,,,,,,,,,,,,,,,,,,,,,,,,,,,1.0,,1.0,,1.0,,,,,,,,,,,,,,,,,,,,,,,,,,,,,,,,,,,,,,,,,,,,,,,,,,,,,,,,,,,,,,,,,,,,,,,,,,,,,,,,,,,,,,,,,,,,,,,,,,,,,,,,,,,,,,,,,,,,,,1.0,1.0,,,,,,,,,,,,,,,,,,,,,,,,,,,,,,,,,,,,,,,,,,,,,2020,,,,,,,,,,,,,,,,,,,,,,,,,,,,,,,,,,,,,
352.0,22.0,318.59,21.24,90.0,27.75,3.0,83.0,35.0,13.0,12.0,1.0,,13.0,1.0,,,,,4.93333333,,,,,,,,,,,,,4.0,8.0,1.0,3.0,10.0,1.0,1.0,4.0,12.0,18.0,2.0,,16.0,87.64551406,33.92556011,4.235096246,0.119199197,103.0,51.0,25.0,20.0,10.0,17.0,8.0,0.168877639,0.118214347,0.73,0.0249,5.902923808,,,,,,,,,,,,,,,,,,0.995592654,0.0401,1.228325584,,9.113218574,0.565029769,,4.349778404,15.92335658,15.25,Deshaun Watson,HOU,DRAFT,5,3122840,3,South Bay Starr Power,QB,"{'1': {'team': 'KC', 'date': datetime.datetime(2020, 9, 10, 20, 20)}, '2': {'team': 'BAL', 'date': datetime.datetime(2020, 9, 20, 16, 25)}, '3': {'team': 'PIT', 'date': datetime.datetime(2020, 9, 27, 13, 0)}, '4': {'team': 'MIN', 'date': datetime.datetime(2020, 10, 4, 13, 0)}, '5': {'team': 'JAX', 'date': datetime.datetime(2020, 10, 11, 13, 0)}, '6': {'team': 'TEN', 'date': datetime.datetime(2020, 10, 18, 13, 0)}, '7': {'team': 'GB', 'date': datetime.datetime(2020, 10, 25, 13, 0)}, '9': {'team': 'JAX', 'date': datetime.datetime(2020, 11, 8, 13, 0)}, '10': {'team': 'CLE', 'date': datetime.datetime(2020, 11, 15, 13, 0)}, '11': {'team': 'NE', 'date': datetime.datetime(2020, 11, 22, 13, 0)}, '12': {'team': 'DET', 'date': datetime.datetime(2020, 11, 26, 12, 30)}, '13': {'team': 'IND', 'date': datetime.datetime(2020, 12, 6, 13, 0)}, '14': {'team': 'CHI', 'date': datetime.datetime(2020, 12, 13, 13, 0)}, '15': {'team': 'IND', 'date': datetime.datetime(2020, 12, 20, 13, 0)}, '16': {'team': 'CIN', 'date': datetime.datetime(2020, 12, 27, 13, 0)}, '17': {'team': 'TEN', 'date': datetime.datetime(2021, 1, 3, 16, 25)}}","['QB', 'OP', 'BE', 'IR']",QB,,,,,,,,,,,,,,,,,,,,,544.0,382.0,162.0,301.4375,33.0,957.0,475.0,234.0,185.0,90.0,41.0,70.0,30.0,25.0,9.0,5.0,3.0,10.0,1.0,7.0,0.70220588,49.0,4.0,12.0,5.0,7.0,4.0,515.6924702,336.4907686,179.2017017,264.0811616,27.69788615,805.0,402.0,201.0,161.0,80.0,40.0,67.0,33.0,3.414605772,2.231444872,3.701103613,0.499922054,0.876393457,11.57357817,0.652502776,46.92342621,7.884892991,3.784748635,,,,,1.0,,,,,,,,,,,,,,,,,,,,,,,,,,,,,,,,,,,,,,,,,,,,,,,,,,,,,,,,,,,,,,,,,,,,,,,,,,,,,,,,,,,,,,,,,,,,,,,,,,,,,,,,,,,,,,,,,,,,,,,,,,2.0,,,,,,,,,,,,,,,,,,,,,,,,,,,,,,,,,,,,,,,,,,,,2020,,,,,,,,,,,,,,,,,,,,,,,,,,,,,,,,,,,,,
136.0,11.33,193.17,13.8,147.0,57.58333333,6.0,132.0,63.0,29.0,22.0,7.0,1.0,24.0,10.0,,,1.0,,4.70068027,33.0,26.16666667,2.0,59.0,27.0,11.0,8.0,2.0,2.0,46.0,243.0,9.51515152,,2.0,,1.0,1.0,,1.0,2.0,10.0,48.0,5.0,,12.0,241.3358829,68.980208,6.657808317,0.187,194.0,97.0,48.0,38.0,19.0,48.0,24.0,0.505,0.353,2.61,0.0891,4.037300323,28.80578965,3.042220231,0.096553494,0.103981425,0.067951861,81.0,40.0,20.0,16.0,8.0,42.28465366,8.0,4.0,0.251386408,0.00777,57.63405629,9.622445581,0.283794387,0.0124,2.39,0.41960926,2.814491624,1.1,0.234981186,1.336627073,1.336627073,14.125,David Johnson,HOU,DRAFT,22,2508176,3,South Bay Starr Power,BE,"{'1': {'team': 'KC', 'date': datetime.datetime(2020, 9, 10, 20, 20)}, '2': {'team': 'BAL', 'date': datetime.datetime(2020, 9, 20, 16, 25)}, '3': {'team': 'PIT', 'date': datetime.datetime(2020, 9, 27, 13, 0)}, '4': {'team': 'MIN', 'date': datetime.datetime(2020, 10, 4, 13, 0)}, '5': {'team': 'JAX', 'date': datetime.datetime(2020, 10, 11, 13, 0)}, '6': {'team': 'TEN', 'date': datetime.datetime(2020, 10, 18, 13, 0)}, '7': {'team': 'GB', 'date': datetime.datetime(2020, 10, 25, 13, 0)}, '9': {'team': 'JAX', 'date': datetime.datetime(2020, 11, 8, 13, 0)}, '10': {'team': 'CLE', 'date': datetime.datetime(2020, 11, 15, 13, 0)}, '11': {'team': 'NE', 'date': datetime.datetime(2020, 11, 22, 13, 0)}, '12': {'team': 'DET', 'date': datetime.datetime(2020, 11, 26, 12, 30)}, '13': {'team': 'IND', 'date': datetime.datetime(2020, 12, 6, 13, 0)}, '14': {'team': 'CHI', 'date': datetime.datetime(2020, 12, 13, 13, 0)}, '15': {'team': 'IND', 'date': datetime.datetime(2020, 12, 20, 13, 0)}, '16': {'team': 'CIN', 'date': datetime.datetime(2020, 12, 27, 13, 0)}, '17': {'team': 'TEN', 'date': datetime.datetime(2021, 1, 3, 16, 25)}}","['RB', 'RB/WR', 'RB/WR/TE', 'OP', 'BE', 'IR']",BE,,,1.0,1.0,2.0,1.0,,,,,,,,,,,,1.0,2.0,,,,,,,,,,,,,,,,,,,,,,,,,,,,,,,,,,,,,,,,,,,,,,,,,,,,,,,1.0,1.0,,,,,,,,,,,,,,,,,,,,,,,,,,,,,,,,,,,,,,,,,,,,,,,,,,,,,,,,,,,,,,,,,,,,,,,,,,,,,,,,,,,,,,,,,,,,,,,,,,,,,,,,,,,,,,,,,,,,,,,,,,,,,,,,,,,,,,,,,,,,,,,,,,,,,,,,,,,,,,,,,,,,,,2020,,,,,,,,,,,,,,,,,,,,,,,,,,,,,,,,,,,,,
41.0,3.73,135.27,9.66,72.0,27.18181818,2.0,56.0,25.0,10.0,9.0,2.0,,11.0,2.0,,,,,4.15277778,6.0,4.54545455,,8.0,4.0,2.0,,,,8.0,52.0,8.33333333,,,,,,,,8.0,3.0,12.0,1.0,,11.0,159.4152166,52.11935014,6.564482407,0.208882819,147.0,73.0,36.0,29.0,14.0,31.0,15.0,0.319358637,0.223551046,1.49,0.0507,4.618039835,13.19147145,0.980256541,0.054478071,0.075291765,0.049203168,37.0,18.0,9.0,7.0,3.0,23.65116488,4.0,2.0,0.069605334,0.00215,28.44257097,7.878239201,0.263360891,0.00729,1.441965739,0.213932962,1.655898701,0.66330424,0.119802459,0.783106699,0.783106699,14.125,Mark Ingram II,None,DRAFT,70,13981,3,South Bay Starr Power,BE,{},"['RB', 'RB/WR', 'RB/WR/TE', 'OP', 'BE', 'IR']",BE,,,,,,,,,,,,,,,,,,,,,,,,,,,,,,,,,,,,,,,,,,,,,,,,,,,,,,,,,,,,,,,,,,,,,,,,,,,,,,,,,,,,,,,,,,,,,,,,,,,,,,,,,,,,,,,,,,,,,,,,,,,,,,,,,,,,,,,,,,,,,,,,,,,,,,,,,,,,,,,,,,,,,,,,,,,,,,,,,,,,,,,,,,,,,,,,,,,,1.0,,,,,,,,,,,,,,,,,,,,,,,,,,,,,,,,,,,,,,,,,,,,,2020,,,,,,,,,,,,,,,,,,,,,,,,,,,,,,,,,,,,,
31.0,5.17,120.65,8.62,2.0,3.66666667,,4.0,2.0,1.0,,,,,,,,,,11.0,21.0,52.5,,60.0,28.0,12.0,10.0,4.0,2.0,39.0,76.0,15.0,,,,,,1.0,2.0,2.0,4.0,,,,6.0,8.85914736,3.758480208,0.270521517,0.006964748,10.0,5.0,2.0,2.0,1.0,1.0,,0.016330268,0.011431187,0.007354409,0.000251,5.992510429,61.50566297,4.814496828,0.207408283,0.128344889,0.083873385,173.0,86.0,43.0,34.0,17.0,73.26032385,14.0,7.0,1.925092854,0.0595,117.1912235,11.85863567,0.214373031,0.0053,0.130034532,1.075314761,1.205349293,0.059815885,0.602176266,0.661992151,0.661992151,14.125,Julian Edelman,NE,DRAFT,111,12649,3,South Bay Starr Power,BE,"{'1': {'team': 'MIA', 'date': datetime.datetime(2020, 9, 13, 13, 0)}, '2': {'team': 'SEA', 'date': datetime.datetime(2020, 9, 20, 20, 20)}, '3': {'team': 'LV', 'date': datetime.datetime(2020, 9, 27, 13, 0)}, '4': {'team': 'KC', 'date': datetime.datetime(2020, 10, 5, 19, 5)}, '6': {'team': 'DEN', 'date': datetime.datetime(2020, 10, 18, 13, 0)}, '7': {'team': 'SF', 'date': datetime.datetime(2020, 10, 25, 16, 25)}, '8': {'team': 'BUF', 'date': datetime.datetime(2020, 11, 1, 13, 0)}, '9': {'team': 'NYJ', 'date': datetime.datetime(2020, 11, 9, 20, 15)}, '10': {'team': 'BAL', 'date': datetime.datetime(2020, 11, 15, 20, 20)}, '11': {'team': 'HOU', 'date': datetime.datetime(2020, 11, 22, 13, 0)}, '12': {'team': 'ARI', 'date': datetime.datetime(2020, 11, 29, 13, 0)}, '13': {'team': 'LAC', 'date': datetime.datetime(2020, 12, 6, 16, 25)}, '14': {'team': 'LAR', 'date': datetime.datetime(2020, 12, 10, 20, 20)}, '15': {'team': 'MIA', 'date': datetime.datetime(2020, 12, 20, 13, 0)}, '16': {'team': 'BUF', 'date': datetime.datetime(2020, 12, 28, 20, 15)}, '17': {'team': 'NYJ', 'date': datetime.datetime(2021, 1, 3, 13, 0)}}","['RB/WR', 'WR', 'WR/TE', 'RB/WR/TE', 'OP', 'BE', 'IR']",BE,,,1.0,1.0,,,,,,,,,,,,,,,,,2.0,2.0,,6.33333333,,7.0,3.0,1.0,1.0,,,,,,,,,,,,1.0,,,,,,,,,,,,,,,,,,,,,,,,,,,,,,,,,1.0,,,,,,,,,,,,,,,,,,,,,,,,,,,,,,,,,,,,,,,,,,,,,,,,,,,,,,,,,,,,,,,,,,,,,,,,,,,,,,,,,,,,,,,,,,,,,,,,,,,,,,,,,,,,,,,,,,,,,,,,,,,,,,,,,,,,,,,,,,,,,,,,,,,,,,,,,,,,,,,,,,,,,,,2020,,,,,,,,,,,,,,,,,,,,,,,,,,,,,,,,,,,,,
86.0,5.73,103.18,6.88,,,,,,,,,,,,,,,,,37.0,33.6,7.0,96.0,46.0,20.0,16.0,4.0,2.0,60.0,116.0,13.62162162,,1.0,,1.0,1.0,2.0,3.0,11.0,4.0,42.0,,,15.0,,,,,,,,,,,,,,,,,43.58661426,6.370596809,0.285647681,0.316803219,0.207030903,131.0,65.0,32.0,26.0,13.0,46.15821295,9.0,4.0,0.898939728,0.0278,70.59569062,14.22332745,0.285647681,0.00246,,0.559821479,0.559821479,,0.313500028,0.313500028,0.313500028,15.0625,Jared Cook,None,DRAFT,14,12537,3,South Bay Starr Power,TE,{},"['WR/TE', 'TE', 'RB/WR/TE', 'OP', 'BE', 'IR']",TE,1.0,,,,1.0,1.0,,,,,,,,,,,,,2.0,1.0,,,,,,,,,,,,,,,,,,,,,,,,,,,,,,,,,,,,,,,,,,,,,,,,,,,,,3.0,1.0,,,,,,,,,,,,,,,,,,,,,,,,,,,,,,,,,,,,,,,,,,,,,,,,,,,,,,,,,,,,,,,,,,,,,,,,,,,,,,,,,,,,,,,,,,,,,,,,,,,,,,,,,,,,,,,,,,,,,,,,,,,,,,,,,,,,,,,,,,,,,,,,,,,,,,,,,,,,,,,,,,,,,,,2020,,,,,,,,,,,,,,,,,,,,,,,,,,,,,,,,,,,,,
142.0,8.88,135.22,8.45,,,,,,,,,,,,,,,,,,,,,,,,,,,,,,,,,,1.0,1.0,11.0,5.0,130.0,,,16.0,,,,,,,,,,,,,,,,,,,,,,,,,,,,,,,,,,,,,,,,,,,16.0,Justin Tucker,BAL,DRAFT,6,15683,3,South Bay Starr Power,K,"{'1': {'team': 'CLE', 'date': datetime.datetime(2020, 9, 13, 13, 0)}, '2': {'team': 'HOU', 'date': datetime.datetime(2020, 9, 20, 16, 25)}, '3': {'team': 'KC', 'date': datetime.datetime(2020, 9, 28, 20, 15)}, '4': {'team': 'WSH', 'date': datetime.datetime(2020, 10, 4, 13, 0)}, '5': {'team': 'CIN', 'date': datetime.datetime(2020, 10, 11, 13, 0)}, '6': {'team': 'PHI', 'date': datetime.datetime(2020, 10, 18, 13, 0)}, '8': {'team': 'PIT', 'date': datetime.datetime(2020, 11, 1, 13, 0)}, '9': {'team': 'IND', 'date': datetime.datetime(2020, 11, 8, 13, 0)}, '10': {'team': 'NE', 'date': datetime.datetime(2020, 11, 15, 20, 20)}, '11': {'team': 'TEN', 'date': datetime.datetime(2020, 11, 22, 13, 0)}, '12': {'team': 'PIT', 'date': datetime.datetime(2020, 12, 2, 15, 40)}, '13': {'team': 'DAL', 'date': datetime.datetime(2020, 12, 8, 20, 5)}, '14': {'team': 'CLE', 'date': datetime.datetime(2020, 12, 14, 20, 15)}, '15': {'team': 'JAX', 'date': datetime.datetime(2020, 12, 20, 13, 0)}, '16': {'team': 'NYG', 'date': datetime.datetime(2020, 12, 27, 13, 0)}, '17': {'team': 'CIN', 'date': datetime.datetime(2021, 1, 3, 13, 0)}}","['K', 'BE', 'IR']",K,,,,,,,,,,,,,,,,,,,,,,,,,,,,,,,,,,,,,,,,,,,,,,,,,,,,,,,,,,,,,,,,,,,,,,,,,,,,,,3.0,5.0,9.0,9.0,,14.0,15.0,1.0,26.0,29.0,3.0,52.0,53.0,1.0,3.0,4.0,3.245102773,4.636713914,1.391611141,7.852310984,9.606786345,1.754475361,15.90120125,16.06181944,0.160618194,26.998615,30.3053197,3.306704697,43.19183969,43.62812089,0.436281209,3.245102773,4.636713914,1.391611141,,,,,,,,,,,,,,,,,,,,,,,,,,,,,,,,,,,,,,,,,,,,,,,,,,,,,,,,,,,,,,,,,,,,,,,,,,,,,,,,,,,,,,,2.0,1.0,1.0,1.0,,,,,,,,,,,,,,,,,,,,,,,,,,,,,,,,,,,,,,,,2020,,,,,,,,,,,,,,,,,,,,,,,,,,,,,,,,,,,,,
144.0,9.0,133.54,8.9,,,,,,,,,,,,,,,,,76.0,61.125,9.0,189.0,90.0,41.0,31.0,12.0,7.0,115.0,203.0,12.86842105,,,,,,1.0,1.0,5.0,11.0,54.0,,,16.0,2.014581376,0.762177973,0.054627995,0.002516854,2.0,1.0,,,,,,0.003698866,0.002589206,0.000278013,9.49e-06,5.698606097,59.18358429,7.151389159,0.337558978,0.268757563,0.175633067,178.0,89.0,44.0,35.0,17.0,62.44370118,12.0,6.0,2.058841734,0.0637,100.1556308,14.27610346,0.340075832,0.00153,0.010891937,0.33760505,0.348496987,0.005010291,0.189058828,0.194069119,0.194069119,15.0625,Marvin Jones Jr.,DET,DRAFT,30,15072,3,South Bay Starr Power,WR,"{'1': {'team': 'CHI', 'date': datetime.datetime(2020, 9, 13, 13, 0)}, '2': {'team': 'GB', 'date': datetime.datetime(2020, 9, 20, 13, 0)}, '3': {'team': 'ARI', 'date': datetime.datetime(2020, 9, 27, 16, 25)}, '4': {'team': 'NO', 'date': datetime.datetime(2020, 10, 4, 13, 0)}, '6': {'team': 'JAX', 'date': datetime.datetime(2020, 10, 18, 13, 0)}, '7': {'team': 'ATL', 'date': datetime.datetime(2020, 10, 25, 13, 0)}, '8': {'team': 'IND', 'date': datetime.datetime(2020, 11, 1, 13, 0)}, '9': {'team': 'MIN', 'date': datetime.datetime(2020, 11, 8, 13, 0)}, '10': {'team': 'WSH', 'date': datetime.datetime(2020, 11, 15, 13, 0)}, '11': {'team': 'CAR', 'date': datetime.datetime(2020, 11, 22, 13, 0)}, '12': {'team': 'HOU', 'date': datetime.datetime(2020, 11, 26, 12, 30)}, '13': {'team': 'CHI', 'date': datetime.datetime(2020, 12, 6, 13, 0)}, '14': {'team': 'GB', 'date': datetime.datetime(2020, 12, 13, 16, 25)}, '15': {'team': 'TEN', 'date': datetime.datetime(2020, 12, 20, 13, 0)}, '16': {'team': 'TB', 'date': datetime.datetime(2020, 12, 26, 13, 0)}, '17': {'team': 'MIN', 'date': datetime.datetime(2021, 1, 3, 13, 0)}}","['RB/WR', 'WR', 'WR/TE', 'RB/WR/TE', 'OP', 'BE', 'IR']",WR,1.0,,3.0,3.0,,,,,,,,,,,,,,1.0,3.0,4.0,,,,,,,,,,,,,,,,,,,,,,,,,,,,,,,,,,,,,,,,,,,,,,,,,,,,,1.0,,,,,,,,,,,,,,,,,,,,,,,,,,,,,,,,,,,,,,,,,,,,,,,,,,,,,,,,,,,,,,,,,,,,,,,,,,,,,,,,,,,,,,,,,,,,,,,,,,,,,,,,,,,,,,,,,,,,,,,,,,,,,,,,,,,,,,,,,,,,,,,,,,,,,,,,,,,,,,,,,,,,,,,,2020,,,,,,,,,,,,,,,,,,,,,,,,,,,,,,,,,,,,,
47.0,4.7,108.04,7.72,1.0,0.3,,,,,,,,,,,,,,3.0,37.0,42.1,2.0,80.0,39.0,17.0,12.0,4.0,2.0,55.0,157.0,11.37837838,,1.0,,1.0,2.0,1.0,1.0,9.0,1.0,12.0,,,10.0,3.483189838,1.570356636,0.134769077,0.002951386,4.0,2.0,1.0,,,,,0.006400754,0.004480528,0.001192147,4.07e-05,6.36809606,55.39261557,4.66404133,0.126515697,0.260494241,0.170232986,156.0,78.0,39.0,31.0,15.0,55.45141999,11.0,5.0,1.456161286,0.045,88.68267737,14.1100209,0.129467083,0.0041,0.055127467,0.877614042,0.932741508,0.025358635,0.491463863,0.516822498,0.516822498,14.125,Sammy Watkins,KC,DRAFT,88,16725,3,South Bay Starr Power,BE,"{'1': {'team': 'HOU', 'date': datetime.datetime(2020, 9, 10, 20, 20)}, '2': {'team': 'LAC', 'date': datetime.datetime(2020, 9, 20, 16, 25)}, '3': {'team': 'BAL', 'date': datetime.datetime(2020, 9, 28, 20, 15)}, '4': {'team': 'NE', 'date': datetime.datetime(2020, 10, 5, 19, 5)}, '5': {'team': 'LV', 'date': datetime.datetime(2020, 10, 11, 13, 0)}, '6': {'team': 'BUF', 'date': datetime.datetime(2020, 10, 19, 17, 0)}, '7': {'team': 'DEN', 'date': datetime.datetime(2020, 10, 25, 16, 25)}, '8': {'team': 'NYJ', 'date': datetime.datetime(2020, 11, 1, 13, 0)}, '9': {'team': 'CAR', 'date': datetime.datetime(2020, 11, 8, 13, 0)}, '11': {'team': 'LV', 'date': datetime.datetime(2020, 11, 22, 20, 20)}, '12': {'team': 'TB', 'date': datetime.datetime(2020, 11, 29, 16, 25)}, '13': {'team': 'DEN', 'date': datetime.datetime(2020, 12, 6, 20, 20)}, '14': {'team': 'MIA', 'date': datetime.datetime(2020, 12, 13, 13, 0)}, '15': {'team': 'NO', 'date': datetime.datetime(2020, 12, 20, 16, 25)}, '16': {'team': 'ATL', 'date': datetime.datetime(2020, 12, 27, 13, 0)}, '17': {'team': 'LAC', 'date': datetime.datetime(2021, 1, 3, 16, 25)}}","['RB/WR', 'WR', 'WR/TE', 'RB/WR/TE', 'OP', 'BE', 'IR']",BE,,,,,1.0,1.0,,,,,,,,,,,,,2.0,,1.0,,1.0,,,,,,,,,,,,,,,,,1.0,,,,,,,,,,,,,,,,,,,,,,,,,,,,,,,,,,,,,1.0,,,,,,,,,,,,,,,,,,,,,,,,,,,,,,,,,,,,,,,,,,,,,,,,,,,,,,,,,,,,,,,,,,,,,,,,,,,,,,,,,,,,,,,,,,,,,,,,,,,,,,,,,,,,,,,,,,,,,,,,,,,,,,,,,,,,,,,,,,,,,,,,,,,,,,,,,,,,,,,,,,,,2020,,,,,,,,,,,,,,,,,,,,,,,,,,,,,,,,,,,,,
187.0,13.36,85.02,6.07,240.0,76.42857143,7.0,207.0,98.0,46.0,36.0,14.0,4.0,43.0,18.0,,,4.0,,4.45833333,49.0,24.57142857,3.0,63.0,29.0,11.0,7.0,1.0,4.0,60.0,394.0,7.02040816,1.0,3.0,,1.0,1.0,1.0,1.0,1.0,13.0,62.0,5.0,,14.0,131.3828574,37.8659716,2.784410838,0.210119414,106.0,53.0,26.0,21.0,10.0,26.0,13.0,0.260335879,0.182235115,0.825630158,0.0282,4.070978965,9.775243159,0.516985159,0.038177672,0.047475144,0.031025006,27.0,13.0,6.0,5.0,2.0,17.47536564,3.0,1.0,0.054079901,0.00167,23.56176691,7.901139953,0.248297086,0.00617,1.238012442,0.164669277,1.402681718,0.569485723,0.092214795,0.661700518,0.661700518,14.125,James Robinson,JAX,ADD,4,4052042,3,South Bay Starr Power,RB,"{'1': {'team': 'IND', 'date': datetime.datetime(2020, 9, 13, 13, 0)}, '2': {'team': 'TEN', 'date': datetime.datetime(2020, 9, 20, 13, 0)}, '3': {'team': 'MIA', 'date': datetime.datetime(2020, 9, 24, 20, 20)}, '4': {'team': 'CIN', 'date': datetime.datetime(2020, 10, 4, 13, 0)}, '5': {'team': 'HOU', 'date': datetime.datetime(2020, 10, 11, 13, 0)}, '6': {'team': 'DET', 'date': datetime.datetime(2020, 10, 18, 13, 0)}, '7': {'team': 'LAC', 'date': datetime.datetime(2020, 10, 25, 16, 25)}, '9': {'team': 'HOU', 'date': datetime.datetime(2020, 11, 8, 13, 0)}, '10': {'team': 'GB', 'date': datetime.datetime(2020, 11, 15, 13, 0)}, '11': {'team': 'PIT', 'date': datetime.datetime(2020, 11, 22, 13, 0)}, '12': {'team': 'CLE', 'date': datetime.datetime(2020, 11, 29, 13, 0)}, '13': {'team': 'MIN', 'date': datetime.datetime(2020, 12, 6, 13, 0)}, '14': {'team': 'TEN', 'date': datetime.datetime(2020, 12, 13, 13, 0)}, '15': {'team': 'BAL', 'date': datetime.datetime(2020, 12, 20, 13, 0)}, '16': {'team': 'CHI', 'date': datetime.datetime(2020, 12, 27, 13, 0)}, '17': {'team': 'IND', 'date': datetime.datetime(2021, 1, 3, 16, 25)}}","['Rookie', 'RB', 'RB/WR', 'RB/WR/TE', 'OP', 'BE', 'IR']",RB,,,,,1.0,,,,,,,,,,,,,,1.0,,,,,,,,,,,,,,,,,,,,,,,1.0,1.0,,,,,,,,,,,,,,,,,,,,,,,,,,,,,1.0,2.0,,2.0,,,,,,,,,,,,,,,,,,,,,,,,,,,,,,,,,,,,,,,,,,,,,,,,,,,,,,,,,,,,,,,,,,,,,,,,,,,,,,,,,,,,,,,,,,,,,,,,,,,,,,,,,,,,,,,,,,,,,,,,,,1.0,,,,,1.0,,,,,,,,,,,,,,,,,,,,,,,,,,,,,,,,,,,,,,,2020,,,,,,,,,,,,,,,,,,,,,,,,,,,,,,,,,,,,,
88.0,5.5,67.32,4.49,,,,,,,,,,,,,,,,,50.0,28.5,8.0,86.0,40.0,16.0,13.0,3.0,4.0,76.0,205.0,9.12,,1.0,,,,1.0,1.0,8.0,8.0,48.0,,,16.0,,,,,,,,,,,,,,,,,33.05974371,3.088573347,0.137072778,0.158915633,0.103851366,99.0,49.0,24.0,19.0,9.0,41.77180763,8.0,4.0,0.421790272,0.013,63.8253784,11.92101606,0.137072778,0.00197,,0.447298976,0.447298976,,0.250487427,0.250487427,0.250487427,15.0625,Jimmy Graham,CHI,ADD,9,13232,3,South Bay Starr Power,BE,"{'1': {'team': 'DET', 'date': datetime.datetime(2020, 9, 13, 13, 0)}, '2': {'team': 'NYG', 'date': datetime.datetime(2020, 9, 20, 13, 0)}, '3': {'team': 'ATL', 'date': datetime.datetime(2020, 9, 27, 13, 0)}, '4': {'team': 'IND', 'date': datetime.datetime(2020, 10, 4, 16, 25)}, '5': {'team': 'TB', 'date': datetime.datetime(2020, 10, 8, 20, 20)}, '6': {'team': 'CAR', 'date': datetime.datetime(2020, 10, 18, 13, 0)}, '7': {'team': 'LAR', 'date': datetime.datetime(2020, 10, 26, 20, 15)}, '8': {'team': 'NO', 'date': datetime.datetime(2020, 11, 1, 16, 25)}, '9': {'team': 'TEN', 'date': datetime.datetime(2020, 11, 8, 13, 0)}, '10': {'team': 'MIN', 'date': datetime.datetime(2020, 11, 16, 20, 15)}, '12': {'team': 'GB', 'date': datetime.datetime(2020, 11, 29, 20, 20)}, '13': {'team': 'DET', 'date': datetime.datetime(2020, 12, 6, 13, 0)}, '14': {'team': 'HOU', 'date': datetime.datetime(2020, 12, 13, 13, 0)}, '15': {'team': 'MIN', 'date': datetime.datetime(2020, 12, 20, 13, 0)}, '16': {'team': 'JAX', 'date': datetime.datetime(2020, 12, 27, 13, 0)}, '17': {'team': 'GB', 'date': datetime.datetime(2021, 1, 3, 16, 25)}}","['WR/TE', 'TE', 'RB/WR/TE', 'OP', 'BE', 'IR']",BE,,,,,1.0,,,,,,,,,,,,,,6.0,1.0,,,,,,,,,,,,,,,,,,,,,,,,,,,,,,,,,,,,,,,,,,,,,,,,,,,,,1.0,,,,,,,,,,,,,,,,,,,,,,,,,,,,,,,,,,,,,,,,,,,,,,,,,,,,,,,,,,,,,,,,,,,,,,,,,,,,,,,,,,,,,,,,,,,,,,,,,,,,,,,,,,,,,,,,,,,,,,,,,,,,,,,,,,,,,,,,,,,,,,,,,,,,,,,,,,,,,,,,,,,,,,,,2020,,,,,,,,,,,,,,,,,,,,,,,,,,,,,,,,,,,,,
74.0,5.29,42.79,2.85,2.0,0.64285714,,1.0,,,,,,,,,,,,4.5,59.0,52.07142857,,141.0,66.0,30.0,23.0,10.0,7.0,81.0,224.0,12.3559322,,1.0,,1.0,1.0,2.0,2.0,7.0,7.0,2.0,,,14.0,,,,,,,,,,,,,,,,,21.5915653,1.821805365,0.078491564,0.178208394,0.116459185,65.0,32.0,16.0,13.0,6.0,24.8057905,4.0,2.0,0.155064741,0.0048,40.52380845,13.11076751,0.078491564,0.00118,,0.268227539,0.268227539,,0.150207422,0.150207422,0.150207422,15.0625,Jakobi Meyers,NE,ADD,63,3916433,3,South Bay Starr Power,BE,"{'1': {'team': 'MIA', 'date': datetime.datetime(2020, 9, 13, 13, 0)}, '2': {'team': 'SEA', 'date': datetime.datetime(2020, 9, 20, 20, 20)}, '3': {'team': 'LV', 'date': datetime.datetime(2020, 9, 27, 13, 0)}, '4': {'team': 'KC', 'date': datetime.datetime(2020, 10, 5, 19, 5)}, '6': {'team': 'DEN', 'date': datetime.datetime(2020, 10, 18, 13, 0)}, '7': {'team': 'SF', 'date': datetime.datetime(2020, 10, 25, 16, 25)}, '8': {'team': 'BUF', 'date': datetime.datetime(2020, 11, 1, 13, 0)}, '9': {'team': 'NYJ', 'date': datetime.datetime(2020, 11, 9, 20, 15)}, '10': {'team': 'BAL', 'date': datetime.datetime(2020, 11, 15, 20, 20)}, '11': {'team': 'HOU', 'date': datetime.datetime(2020, 11, 22, 13, 0)}, '12': {'team': 'ARI', 'date': datetime.datetime(2020, 11, 29, 13, 0)}, '13': {'team': 'LAC', 'date': datetime.datetime(2020, 12, 6, 16, 25)}, '14': {'team': 'LAR', 'date': datetime.datetime(2020, 12, 10, 20, 20)}, '15': {'team': 'MIA', 'date': datetime.datetime(2020, 12, 20, 13, 0)}, '16': {'team': 'BUF', 'date': datetime.datetime(2020, 12, 28, 20, 15)}, '17': {'team': 'NYJ', 'date': datetime.datetime(2021, 1, 3, 13, 0)}}","['RB/WR', 'WR', 'WR/TE', 'RB/WR/TE', 'OP', 'BE', 'IR']",BE,,,2.0,2.0,1.0,1.0,,,,,,,,,,,,1.0,,,2.0,2.0,,3.07142857,2.0,7.0,3.0,1.0,,,,,,,,,,,,,1.0,,,,1.0,1.0,,,,,,,,,,,,,,,,,,,,,,,,,1.0,1.0,,,,,,,,,,,,,,,,,,,,,,,,,,,,,,,,,,,,,,,,,,,,,,,,,,,,,,,,,,,,,,,,,,,,,,,,,,,,,,,,,,,,,,,,,,,,,,,,,,,,,,,,,,,,,,,,,,,,,,,,,,,,,,,,,,,,,,,,,,,,,,,,,,,,,,,,,,,,,,,,,,,,,,,,,2020,,,,,,,,,,,,,,,,,,,,,,,,,,,,,,,,,,,,,
139.0,8.69,86.02,5.38,,,,,,,,,,,,,,,,,,,,,,,,,,,,,,,,,,662.0,1005.0,10.0,6.0,,,,16.0,,,,,,,,,,,,,,,,,,,,,,,,,,,,,,,,,,,,,,,,,,,16.0,Rams D/ST,LAR,ADD,4,-16014,3,South Bay Starr Power,D/ST,"{'1': {'team': 'DAL', 'date': datetime.datetime(2020, 9, 13, 20, 20)}, '2': {'team': 'PHI', 'date': datetime.datetime(2020, 9, 20, 13, 0)}, '3': {'team': 'BUF', 'date': datetime.datetime(2020, 9, 27, 13, 0)}, '4': {'team': 'NYG', 'date': datetime.datetime(2020, 10, 4, 16, 5)}, '5': {'team': 'WSH', 'date': datetime.datetime(2020, 10, 11, 13, 0)}, '6': {'team': 'SF', 'date': datetime.datetime(2020, 10, 18, 20, 20)}, '7': {'team': 'CHI', 'date': datetime.datetime(2020, 10, 26, 20, 15)}, '8': {'team': 'MIA', 'date': datetime.datetime(2020, 11, 1, 13, 0)}, '10': {'team': 'SEA', 'date': datetime.datetime(2020, 11, 15, 16, 25)}, '11': {'team': 'TB', 'date': datetime.datetime(2020, 11, 23, 20, 15)}, '12': {'team': 'SF', 'date': datetime.datetime(2020, 11, 29, 16, 5)}, '13': {'team': 'ARI', 'date': datetime.datetime(2020, 12, 6, 16, 5)}, '14': {'team': 'NE', 'date': datetime.datetime(2020, 12, 10, 20, 20)}, '15': {'team': 'NYJ', 'date': datetime.datetime(2020, 12, 20, 16, 5)}, '16': {'team': 'SEA', 'date': datetime.datetime(2020, 12, 27, 16, 25)}, '17': {'team': 'ARI', 'date': datetime.datetime(2021, 1, 3, 16, 25)}}","['D/ST', 'BE', 'IR']",D/ST,,,,,,,516.0,45.0,13.0,0.19929,0.249648,685.251,239.8404,68.0,27.0,23.0,9.0,,,,,,,,,,,,,,,,,,,,,,,,,,,,,,,,,,,,,,,,,,,,,,,,,,,,,,,,,343.0,,,12.0,,,,,,,,,,,,,,,,,,,,,,,,,,,,,,,,,,,8.0,0.0,2.0,3.0,3.0,4.0,14.0,1.0,1.0,53.0,106.0,,,3.0,4.0,330.0,194.0,27.0,68.0,235.0,16.0,4.0,278.0,2.0,4.0,1.0,1.0,4511.0,0.0,2.0,8.0,2.0,4.0,0.0,0.0,0.0,0.0,0.0,2.0,3.0,3.0,2.0,4.0,1.0,1.0,0.115942029,0.51974013,2.07896052,2.23888056,0.041594738,2.013914306,12.4738004,8.575306689,1.013661989,0.290652906,40.64074491,81.28148981,1.115742896,0.89817141,2.504447045,13.19277952,968.1116274,322.0,193.0,71.21897918,366.8603822,2.31884058,3.79810095,3.07846077,1.63918041,0.211894053,22.92877389,5654.289628,0.472212496,4.00180081,3.609624331,3.665649542,2.457105698,1.200540243,0.464208894,0.128857986,353.3931018,-366.8603822,,,,,,,,,1.0,,,,,,,,,,,,,,,,,,,,,,,,,,,,,,,,,,,,,,2020,,,,,,,,,,,,,,,,,,,,,,,,,,,,,,,,,,,,,
102.0,10.2,173.85,12.42,116.0,53.0,1.0,101.0,48.0,21.0,16.0,5.0,,19.0,7.0,,,,,4.56896552,54.0,40.3,2.0,76.0,36.0,16.0,12.0,4.0,6.0,65.0,478.0,7.46296296,1.0,1.0,,,,1.0,1.0,5.0,5.0,18.0,,,10.0,162.2941291,50.62551028,4.477933931,0.144092901,143.0,71.0,35.0,28.0,14.0,32.0,16.0,0.325731045,0.228011731,1.40871631,0.0481,4.406107211,42.81439622,2.960375612,0.140783006,0.127431241,0.083276316,120.0,60.0,30.0,24.0,12.0,64.42868477,12.0,6.0,0.716560668,0.0222,81.7703633,9.386399067,0.284875907,0.0109,1.771391518,0.703219681,2.474611199,0.814840098,0.393803021,1.20864312,1.20864312,14.125,Austin Ekeler,LAC,ADD,36,3068267,3,South Bay Starr Power,RB,"{'1': {'team': 'CIN', 'date': datetime.datetime(2020, 9, 13, 16, 5)}, '2': {'team': 'KC', 'date': datetime.datetime(2020, 9, 20, 16, 25)}, '3': {'team': 'CAR', 'date': datetime.datetime(2020, 9, 27, 16, 5)}, '4': {'team': 'TB', 'date': datetime.datetime(2020, 10, 4, 13, 0)}, '5': {'team': 'NO', 'date': datetime.datetime(2020, 10, 12, 20, 15)}, '7': {'team': 'JAX', 'date': datetime.datetime(2020, 10, 25, 16, 25)}, '8': {'team': 'DEN', 'date': datetime.datetime(2020, 11, 1, 16, 5)}, '9': {'team': 'LV', 'date': datetime.datetime(2020, 11, 8, 16, 5)}, '10': {'team': 'MIA', 'date': datetime.datetime(2020, 11, 15, 16, 5)}, '11': {'team': 'NYJ', 'date': datetime.datetime(2020, 11, 22, 16, 5)}, '12': {'team': 'BUF', 'date': datetime.datetime(2020, 11, 29, 13, 0)}, '13': {'team': 'NE', 'date': datetime.datetime(2020, 12, 6, 16, 25)}, '14': {'team': 'ATL', 'date': datetime.datetime(2020, 12, 13, 16, 25)}, '15': {'team': 'LV', 'date': datetime.datetime(2020, 12, 17, 20, 20)}, '16': {'team': 'DEN', 'date': datetime.datetime(2020, 12, 27, 16, 5)}, '17': {'team': 'KC', 'date': datetime.datetime(2021, 1, 3, 16, 25)}}","['RB', 'RB/WR', 'RB/WR/TE', 'OP', 'BE', 'IR']",RB,,,,,,,,,,,,,,,,,,2.0,2.0,,,,,,,,,,,,,,,,,,,,,,,,,,,,,,,,,,,,,,,,,,,,,,,,,,,,,,,,1.0,,,,,,,,,,,,,,,,,,,,,,,,,,,,,,,,,,,,,,,,,,,,,,,,,,,,,,,,,,,,,,,,,,,,,,,,,,,,,,,,,,,,,,,,,,,,,,,,,,,,,,,,,,,,,,,,,,,,,,,,,,,,,,,,,,,,,,,,,,,,,,,,,,,,,,,,,,,,,,,,,,,,,,2020,,,,,,,,,,,,,,,,,,,,,,,,,,,,,,,,,,,,,
327.0,20.44,289.2,20.66,30.0,0.375,3.0,1.0,,,,,,2.0,,,,,,0.2,,,,,,,,,,,,,3.0,4.0,1.0,1.0,13.0,,,11.0,5.0,18.0,3.0,,16.0,24.5416886,1.866523738,1.626758332,0.081617179,5.0,2.0,1.0,1.0,,4.0,2.0,0.045646352,0.031952447,0.001909301,6.52e-05,1.123335727,,,,,,,,,,,,,,,,,,1.649092792,0.0288,0.255145388,,6.539332629,0.117366879,,3.133776754,12.51686396,14.77,Tom Brady,TB,DRAFT,8,2330,4,Mission Viejo Burritos,BE,"{'1': {'team': 'NO', 'date': datetime.datetime(2020, 9, 13, 16, 25)}, '2': {'team': 'CAR', 'date': datetime.datetime(2020, 9, 20, 13, 0)}, '3': {'team': 'DEN', 'date': datetime.datetime(2020, 9, 27, 16, 25)}, '4': {'team': 'LAC', 'date': datetime.datetime(2020, 10, 4, 13, 0)}, '5': {'team': 'CHI', 'date': datetime.datetime(2020, 10, 8, 20, 20)}, '6': {'team': 'GB', 'date': datetime.datetime(2020, 10, 18, 16, 25)}, '7': {'team': 'LV', 'date': datetime.datetime(2020, 10, 25, 16, 5)}, '8': {'team': 'NYG', 'date': datetime.datetime(2020, 11, 2, 20, 15)}, '9': {'team': 'NO', 'date': datetime.datetime(2020, 11, 8, 20, 20)}, '10': {'team': 'CAR', 'date': datetime.datetime(2020, 11, 15, 13, 0)}, '11': {'team': 'LAR', 'date': datetime.datetime(2020, 11, 23, 20, 15)}, '12': {'team': 'KC', 'date': datetime.datetime(2020, 11, 29, 16, 25)}, '14': {'team': 'MIN', 'date': datetime.datetime(2020, 12, 13, 13, 0)}, '15': {'team': 'ATL', 'date': datetime.datetime(2020, 12, 20, 13, 0)}, '16': {'team': 'DET', 'date': datetime.datetime(2020, 12, 26, 13, 0)}, '17': {'team': 'ATL', 'date': datetime.datetime(2021, 1, 3, 13, 0)}}","['QB', 'OP', 'BE', 'IR']",BE,,,,,,,,,,,,,,,,,,,,,610.0,401.0,209.0,289.5625,40.0,919.0,453.0,222.0,175.0,83.0,37.0,75.0,33.0,36.0,15.0,2.0,,7.0,,12.0,0.65737705,21.0,1.0,23.0,5.0,5.0,5.0,575.7202626,362.6834338,213.0368288,298.501224,30.75013892,881.0,440.0,220.0,176.0,88.0,44.0,72.0,36.0,4.04114746,2.640889865,5.264165773,0.711050768,1.567475613,9.383087203,0.629964685,28.73732706,6.284187241,3.016409875,,,,,,,,,,,,,,,,,,,,,,,,,,,,,,,,,,,,,,,,,,,,,,,,,,,,,,,,,,,,,,,,,,,,,,,,,,,,,,,,,,,,,,,,,,,,,,,,,,,,,,,,,,,,,,,,,,,,,,,,,,,,,,,,,,,,,,,,,,,,,,,,,,,,,,,,,,,,,,,,,,,,,,,,,,,2020,,,,,,,,,,,,,,,,,,,,,,,,,,,,,,,,,,,,,
120.0,10.0,159.52,10.63,,,,,,,,,,,,,,,,,65.0,70.0,7.0,162.0,78.0,36.0,28.0,9.0,9.0,84.0,298.0,12.92307692,,1.0,,,,2.0,2.0,8.0,4.0,42.0,,,12.0,,,,,,,,,,,,,,,,,76.87244412,7.477268857,0.384599855,0.303639708,0.198428549,231.0,115.0,57.0,46.0,23.0,84.08744282,16.0,8.0,3.890937773,0.120338282,125.9563101,13.77008446,0.384599855,0.00447,,1.015205993,1.015205993,,0.568515356,0.568515356,0.568515356,15.0625,Chris Godwin,TB,DRAFT,39,3116165,4,Mission Viejo Burritos,WR,"{'1': {'team': 'NO', 'date': datetime.datetime(2020, 9, 13, 16, 25)}, '2': {'team': 'CAR', 'date': datetime.datetime(2020, 9, 20, 13, 0)}, '3': {'team': 'DEN', 'date': datetime.datetime(2020, 9, 27, 16, 25)}, '4': {'team': 'LAC', 'date': datetime.datetime(2020, 10, 4, 13, 0)}, '5': {'team': 'CHI', 'date': datetime.datetime(2020, 10, 8, 20, 20)}, '6': {'team': 'GB', 'date': datetime.datetime(2020, 10, 18, 16, 25)}, '7': {'team': 'LV', 'date': datetime.datetime(2020, 10, 25, 16, 5)}, '8': {'team': 'NYG', 'date': datetime.datetime(2020, 11, 2, 20, 15)}, '9': {'team': 'NO', 'date': datetime.datetime(2020, 11, 8, 20, 20)}, '10': {'team': 'CAR', 'date': datetime.datetime(2020, 11, 15, 13, 0)}, '11': {'team': 'LAR', 'date': datetime.datetime(2020, 11, 23, 20, 15)}, '12': {'team': 'KC', 'date': datetime.datetime(2020, 11, 29, 16, 25)}, '14': {'team': 'MIN', 'date': datetime.datetime(2020, 12, 13, 13, 0)}, '15': {'team': 'ATL', 'date': datetime.datetime(2020, 12, 20, 13, 0)}, '16': {'team': 'DET', 'date': datetime.datetime(2020, 12, 26, 13, 0)}, '17': {'team': 'ATL', 'date': datetime.datetime(2021, 1, 3, 13, 0)}}","['RB/WR', 'WR', 'WR/TE', 'RB/WR/TE', 'OP', 'BE', 'IR']",WR,,,1.0,1.0,1.0,,,,,,,,,,,,,,4.0,1.0,,,,,,,,,,,,,,,,,,,,,,,,,,,,,,,,,,,,,,,,,,,,,,,,,,,,,2.0,,,,,,,,,,,,,,,,,,,,,,,,,,,,,,,,,,,,,,,,,,,,,,,,,,,,,,,,,,,,,,,,,,,,,,,,,,,,,,,,,,,,,,,,,,,,,,,,,,,,,,,,,,,,,,,,,,,,,,,,,,,,,,,,,,,,,,,,,,,,,,,,,,,,,,,,,,,,,,,,,,,,,,,,2020,,,,,,,,,,,,,,,,,,,,,,,,,,,,,,,,,,,,,
97.0,6.06,91.5,6.54,,,,,,,,,,,,,,,,,45.0,38.9375,7.0,118.0,55.0,25.0,21.0,7.0,4.0,77.0,257.0,13.84444444,,1.0,,,,1.0,1.0,11.0,5.0,42.0,,1.0,16.0,,,,,,,,,,,,,,,,,46.015898,4.589147859,0.236050097,0.288169688,0.188318891,129.0,64.0,32.0,25.0,12.0,47.51593802,9.0,4.0,0.876543404,0.02710959,71.69173182,13.67908509,0.236050097,0.002047567,,0.465356249,0.465356249,,0.2605995,0.2605995,0.2605995,14.125,Rob Gronkowski,TB,DRAFT,7,13229,4,Mission Viejo Burritos,TE,"{'1': {'team': 'NO', 'date': datetime.datetime(2020, 9, 13, 16, 25)}, '2': {'team': 'CAR', 'date': datetime.datetime(2020, 9, 20, 13, 0)}, '3': {'team': 'DEN', 'date': datetime.datetime(2020, 9, 27, 16, 25)}, '4': {'team': 'LAC', 'date': datetime.datetime(2020, 10, 4, 13, 0)}, '5': {'team': 'CHI', 'date': datetime.datetime(2020, 10, 8, 20, 20)}, '6': {'team': 'GB', 'date': datetime.datetime(2020, 10, 18, 16, 25)}, '7': {'team': 'LV', 'date': datetime.datetime(2020, 10, 25, 16, 5)}, '8': {'team': 'NYG', 'date': datetime.datetime(2020, 11, 2, 20, 15)}, '9': {'team': 'NO', 'date': datetime.datetime(2020, 11, 8, 20, 20)}, '10': {'team': 'CAR', 'date': datetime.datetime(2020, 11, 15, 13, 0)}, '11': {'team': 'LAR', 'date': datetime.datetime(2020, 11, 23, 20, 15)}, '12': {'team': 'KC', 'date': datetime.datetime(2020, 11, 29, 16, 25)}, '14': {'team': 'MIN', 'date': datetime.datetime(2020, 12, 13, 13, 0)}, '15': {'team': 'ATL', 'date': datetime.datetime(2020, 12, 20, 13, 0)}, '16': {'team': 'DET', 'date': datetime.datetime(2020, 12, 26, 13, 0)}, '17': {'team': 'ATL', 'date': datetime.datetime(2021, 1, 3, 13, 0)}}","['WR/TE', 'TE', 'RB/WR/TE', 'OP', 'BE', 'IR']",TE,,,1.0,1.0,1.0,,,,,,,,,,,,,,4.0,1.0,,,,,,,,,,,,,,,,,,,,,,,,,,,,,,,,,,,,,,,,,,,,,,,,,,,,,1.0,,,,,,,,,,,,,,,,,,,,,,,,,,,,,,,,,,,,,,,,,,,,,,,,,,,,,,,,,,,,,,,,,,,,,,,,,,,,,,,,,,,,,,,,,,,,,,,,,,,,,,,,,,,,,,,,,,,,,,,,,,,,,,,,,,,,,,,,,,,,,,,,,,,,,,,,,,,,,,,,,,,,,,,,2020,,,,,,,,,,,,,,,,,,,,,,,,,,,,,,,,,,,,,
118.0,9.08,158.58,12.2,169.0,55.46153846,6.0,138.0,65.0,31.0,22.0,8.0,3.0,30.0,11.0,,,3.0,,4.26627219,35.0,16.53846154,,40.0,17.0,6.0,4.0,,2.0,43.0,234.0,6.14285714,2.0,2.0,,,,1.0,2.0,11.0,2.0,36.0,5.0,,13.0,198.2366026,63.39565915,6.574878763,0.281426108,167.0,83.0,41.0,33.0,16.0,39.0,19.0,0.405512372,0.283858661,1.926046508,0.0657,4.217335468,22.14721841,1.398485612,0.067473372,0.05828458,0.038088973,58.0,29.0,14.0,11.0,5.0,37.65441297,7.0,3.0,0.128383083,0.00397,47.32377407,7.756499697,0.34889948,0.00932,1.779173743,0.337948401,2.117122144,0.818419922,0.189251105,1.007671026,1.007671026,13.1875,James Conner,PIT,DRAFT,23,3045147,4,Mission Viejo Burritos,RB,"{'1': {'team': 'NYG', 'date': datetime.datetime(2020, 9, 14, 19, 15)}, '2': {'team': 'DEN', 'date': datetime.datetime(2020, 9, 20, 13, 0)}, '3': {'team': 'HOU', 'date': datetime.datetime(2020, 9, 27, 13, 0)}, '5': {'team': 'PHI', 'date': datetime.datetime(2020, 10, 11, 13, 0)}, '6': {'team': 'CLE', 'date': datetime.datetime(2020, 10, 18, 13, 0)}, '7': {'team': 'TEN', 'date': datetime.datetime(2020, 10, 25, 13, 0)}, '8': {'team': 'BAL', 'date': datetime.datetime(2020, 11, 1, 13, 0)}, '9': {'team': 'DAL', 'date': datetime.datetime(2020, 11, 8, 16, 25)}, '10': {'team': 'CIN', 'date': datetime.datetime(2020, 11, 15, 16, 25)}, '11': {'team': 'JAX', 'date': datetime.datetime(2020, 11, 22, 13, 0)}, '12': {'team': 'BAL', 'date': datetime.datetime(2020, 12, 2, 15, 40)}, '13': {'team': 'WSH', 'date': datetime.datetime(2020, 12, 7, 17, 0)}, '14': {'team': 'BUF', 'date': datetime.datetime(2020, 12, 13, 20, 20)}, '15': {'team': 'CIN', 'date': datetime.datetime(2020, 12, 21, 20, 15)}, '16': {'team': 'IND', 'date': datetime.datetime(2020, 12, 27, 13, 0)}, '17': {'team': 'CLE', 'date': datetime.datetime(2021, 1, 3, 13, 0)}}","['RB', 'RB/WR', 'RB/WR/TE', 'OP', 'BE', 'IR']",RB,,,,,,,,,,,,,,,,,,,,,,,,,,,,,,,,,,,,,,,,,,,,,,,,,,,,,,,,,,,,,,,,,,,,,,,,,,1.0,1.0,,,,,,,,,,,,,,,,,,,,,,,,,,,,,,,,,,,,,,,,,,,,,,,,,,,,,,,,,,,,,,,,,,,,,,,,,,,,,,,,,,,,,,,,,,,,,,,,,,,,,,,,,,,,,,,,,,,,,,,,,,,,,,,,,,,,,,,,,,,,,,,,,,,,,,,,,,,,,,,,,,,,,,2020,,,,,,,,,,,,,,,,,,,,,,,,,,,,,,,,,,,,,
370.0,23.12,263.13,17.54,38.0,9.3125,3.0,23.0,9.0,1.0,1.0,,,2.0,,,,,,3.92105263,1.0,-0.375,,,,,,,,1.0,1.0,-6.0,3.0,4.0,1.0,2.0,7.0,,,13.0,3.0,18.0,3.0,,16.0,42.71906931,13.49353688,1.22680132,0.043335648,41.0,20.0,10.0,8.0,4.0,8.0,4.0,0.080277526,0.056194268,0.114680776,0.00391,4.816969112,,,,,,,,,,,,,,,,,,1.364299127,0.0314,0.496036661,,7.136352182,0.228176864,,3.415528314,11.96275909,15.25,Aaron Rodgers,GB,DRAFT,4,8439,4,Mission Viejo Burritos,QB,"{'1': {'team': 'MIN', 'date': datetime.datetime(2020, 9, 13, 13, 0)}, '2': {'team': 'DET', 'date': datetime.datetime(2020, 9, 20, 13, 0)}, '3': {'team': 'NO', 'date': datetime.datetime(2020, 9, 27, 20, 20)}, '4': {'team': 'ATL', 'date': datetime.datetime(2020, 10, 5, 21, 0)}, '6': {'team': 'TB', 'date': datetime.datetime(2020, 10, 18, 16, 25)}, '7': {'team': 'HOU', 'date': datetime.datetime(2020, 10, 25, 13, 0)}, '8': {'team': 'MIN', 'date': datetime.datetime(2020, 11, 1, 13, 0)}, '9': {'team': 'SF', 'date': datetime.datetime(2020, 11, 5, 20, 20)}, '10': {'team': 'JAX', 'date': datetime.datetime(2020, 11, 15, 13, 0)}, '11': {'team': 'IND', 'date': datetime.datetime(2020, 11, 22, 16, 25)}, '12': {'team': 'CHI', 'date': datetime.datetime(2020, 11, 29, 20, 20)}, '13': {'team': 'PHI', 'date': datetime.datetime(2020, 12, 6, 16, 25)}, '14': {'team': 'DET', 'date': datetime.datetime(2020, 12, 13, 16, 25)}, '15': {'team': 'CAR', 'date': datetime.datetime(2020, 12, 19, 20, 15)}, '16': {'team': 'TEN', 'date': datetime.datetime(2020, 12, 27, 20, 20)}, '17': {'team': 'CHI', 'date': datetime.datetime(2021, 1, 3, 16, 25)}}","['QB', 'OP', 'BE', 'IR']",QB,,,,,,,,,,,,,,,,,,,,,526.0,372.0,154.0,268.6875,48.0,856.0,426.0,210.0,165.0,77.0,35.0,69.0,30.0,24.0,8.0,6.0,4.0,5.0,,5.0,0.70722433,20.0,1.0,29.0,6.0,5.0,2.0,534.6388228,336.678532,197.9602907,254.9492364,25.44335957,777.0,388.0,194.0,155.0,77.0,38.0,67.0,33.0,3.198455664,2.090190776,3.232591054,0.436638292,1.320963479,8.547230774,0.629730797,37.23039845,6.640315522,3.18735145,,,,,,,,,,,,,,,,,,,,,,,,,,,,,,,,,,,,,,,,,,,,,,,,,,,,,,,,,,,,,,,,,,,,,,,,,,,,,,,,,,,,,,,,,,,,,,,,,,,,,,,,,,,,,,,,,,,,,,,,,,,,,,,1.0,,,,,,,,,,,,,,,,,,,,,,,,,,,,,,,,,,,,,,,,,,,,2020,,,,,,,,,,,,,,,,,,,,,,,,,,,,,,,,,,,,,
102.0,6.38,53.71,3.84,156.0,37.75,7.0,115.0,53.0,23.0,17.0,5.0,,25.0,8.0,,,,,3.87179487,12.0,6.3125,,17.0,7.0,2.0,,,,18.0,102.0,8.41666667,,,,,,,,5.0,11.0,42.0,7.0,,16.0,84.41524833,24.16399262,2.104746315,0.097,68.0,34.0,17.0,13.0,6.0,16.0,8.0,0.163,0.114,0.335,0.0114,4.043302631,4.838213708,0.311119398,0.01468284,0.059781083,0.039066938,13.0,6.0,3.0,2.0,1.0,8.426518447,1.0,,0.032155397,0.000994,11.0178342,8.110083548,0.111679802,0.00487,1.01,0.100426388,1.106478709,0.463,0.056238777,0.519022845,0.519022845,14.125,Adrian Peterson,DET,DRAFT,37,10452,4,Mission Viejo Burritos,BE,"{'1': {'team': 'CHI', 'date': datetime.datetime(2020, 9, 13, 13, 0)}, '2': {'team': 'GB', 'date': datetime.datetime(2020, 9, 20, 13, 0)}, '3': {'team': 'ARI', 'date': datetime.datetime(2020, 9, 27, 16, 25)}, '4': {'team': 'NO', 'date': datetime.datetime(2020, 10, 4, 13, 0)}, '6': {'team': 'JAX', 'date': datetime.datetime(2020, 10, 18, 13, 0)}, '7': {'team': 'ATL', 'date': datetime.datetime(2020, 10, 25, 13, 0)}, '8': {'team': 'IND', 'date': datetime.datetime(2020, 11, 1, 13, 0)}, '9': {'team': 'MIN', 'date': datetime.datetime(2020, 11, 8, 13, 0)}, '10': {'team': 'WSH', 'date': datetime.datetime(2020, 11, 15, 13, 0)}, '11': {'team': 'CAR', 'date': datetime.datetime(2020, 11, 22, 13, 0)}, '12': {'team': 'HOU', 'date': datetime.datetime(2020, 11, 26, 12, 30)}, '13': {'team': 'CHI', 'date': datetime.datetime(2020, 12, 6, 13, 0)}, '14': {'team': 'GB', 'date': datetime.datetime(2020, 12, 13, 16, 25)}, '15': {'team': 'TEN', 'date': datetime.datetime(2020, 12, 20, 13, 0)}, '16': {'team': 'TB', 'date': datetime.datetime(2020, 12, 26, 13, 0)}, '17': {'team': 'MIN', 'date': datetime.datetime(2021, 1, 3, 13, 0)}}","['RB', 'RB/WR', 'RB/WR/TE', 'OP', 'BE', 'IR']",BE,,,,,,,,,,,,,,,,,,,,,,,,,,,,,,,,,,,,,,,,,,,,,,,,,,,,,,,,,,,,,,,,,,,,,,,,,,,,,,,,,,,,,,,,,,,,,,,,,,,,,,,,,,,,,,,,,,,,,,,,,,,,,,,,,,,,,,,,,,,,,,,,,,,,,,,,,,,,,,,,,,,,,,,,,,,,,,,,,,,,,,,,,,,,,,,,,,,,,,,,,,,,,,,,,,,,,,,,,,,,,,,,,,,,,,,,,,,,,,,,,2020,,,,,,,,,,,,,,,,,,,,,,,,,,,,,,,,,,,,,
129.0,8.06,30.2,2.01,,,,,,,,,,,,,,,,,48.0,56.0,8.0,172.0,81.0,37.0,29.0,12.0,5.0,82.0,241.0,18.66666667,,,,,,,,8.0,8.0,48.0,,,16.0,,,,,,,,,,,,,,,,,14.01037854,1.563288064,0.053049021,0.08847037,0.057815387,42.0,21.0,10.0,8.0,4.0,19.27264945,3.0,1.0,0.079154459,0.00245,31.02953561,10.94978287,0.053049021,0.00113,,0.257066347,0.257066347,,0.143957154,0.143957154,0.143957154,15.0625,Nelson Agholor,LV,ADD,20,2971618,4,Mission Viejo Burritos,WR,"{'1': {'team': 'CAR', 'date': datetime.datetime(2020, 9, 13, 13, 0)}, '2': {'team': 'NO', 'date': datetime.datetime(2020, 9, 21, 20, 15)}, '3': {'team': 'NE', 'date': datetime.datetime(2020, 9, 27, 13, 0)}, '4': {'team': 'BUF', 'date': datetime.datetime(2020, 10, 4, 16, 25)}, '5': {'team': 'KC', 'date': datetime.datetime(2020, 10, 11, 13, 0)}, '7': {'team': 'TB', 'date': datetime.datetime(2020, 10, 25, 16, 5)}, '8': {'team': 'CLE', 'date': datetime.datetime(2020, 11, 1, 13, 0)}, '9': {'team': 'LAC', 'date': datetime.datetime(2020, 11, 8, 16, 5)}, '10': {'team': 'DEN', 'date': datetime.datetime(2020, 11, 15, 16, 5)}, '11': {'team': 'KC', 'date': datetime.datetime(2020, 11, 22, 20, 20)}, '12': {'team': 'ATL', 'date': datetime.datetime(2020, 11, 29, 13, 0)}, '13': {'team': 'NYJ', 'date': datetime.datetime(2020, 12, 6, 13, 0)}, '14': {'team': 'IND', 'date': datetime.datetime(2020, 12, 13, 16, 5)}, '15': {'team': 'LAC', 'date': datetime.datetime(2020, 12, 17, 20, 20)}, '16': {'team': 'MIA', 'date': datetime.datetime(2020, 12, 26, 20, 15)}, '17': {'team': 'DEN', 'date': datetime.datetime(2021, 1, 3, 16, 25)}}","['RB/WR', 'WR', 'WR/TE', 'RB/WR/TE', 'OP', 'BE', 'IR']",WR,3.0,2.0,3.0,3.0,,,,,,,,,,,,,,,1.0,3.0,,,,,,,,,,,,,,,,,,,,,,,,,,,,,,,,,,,,,,,,,,,,,,,,,,,,,1.0,,,,,,,,,,,,,,,,,,,,,,,,,,,,,,,,,,,,,,,,,,,,,,,,,,,,,,,,,,,,,,,,,,,,,,,,,,,,,,,,,,,,,,,,,,,,,,,,,,,,,,,,,,,,,,,,,,,,,,,,,,,,,,,,,,,,,,,,,,,,,,,,,,,,,,,,,,,,,,,,,,,,,,,,2020,,,,,,,,,,,,,,,,,,,,,,,,,,,,,,,,,,,,,
87.0,6.21,73.58,5.26,119.0,36.07142857,2.0,96.0,45.0,18.0,15.0,4.0,,19.0,4.0,,,,,4.24369748,31.0,16.85714286,1.0,44.0,20.0,8.0,6.0,1.0,2.0,35.0,220.0,7.61290323,,,,,,2.0,2.0,11.0,3.0,22.0,1.0,,14.0,80.4562082,23.27650524,1.75703485,0.061995034,65.0,32.0,16.0,13.0,6.0,16.0,8.0,0.154439315,0.10810752,0.29617808,0.0101,4.08645453,15.86993329,1.534451817,0.079971063,0.051722218,0.03380047,44.0,22.0,11.0,8.0,4.0,29.64085286,5.0,2.0,0.085023812,0.00263,37.49577286,7.562630159,0.141966097,0.00209,0.347818929,0.12813989,0.475958819,0.159996707,0.071758339,0.231755046,0.231755046,14.125,Jamaal Williams,GB,ADD,38,2980453,4,Mission Viejo Burritos,BE,"{'1': {'team': 'MIN', 'date': datetime.datetime(2020, 9, 13, 13, 0)}, '2': {'team': 'DET', 'date': datetime.datetime(2020, 9, 20, 13, 0)}, '3': {'team': 'NO', 'date': datetime.datetime(2020, 9, 27, 20, 20)}, '4': {'team': 'ATL', 'date': datetime.datetime(2020, 10, 5, 21, 0)}, '6': {'team': 'TB', 'date': datetime.datetime(2020, 10, 18, 16, 25)}, '7': {'team': 'HOU', 'date': datetime.datetime(2020, 10, 25, 13, 0)}, '8': {'team': 'MIN', 'date': datetime.datetime(2020, 11, 1, 13, 0)}, '9': {'team': 'SF', 'date': datetime.datetime(2020, 11, 5, 20, 20)}, '10': {'team': 'JAX', 'date': datetime.datetime(2020, 11, 15, 13, 0)}, '11': {'team': 'IND', 'date': datetime.datetime(2020, 11, 22, 16, 25)}, '12': {'team': 'CHI', 'date': datetime.datetime(2020, 11, 29, 20, 20)}, '13': {'team': 'PHI', 'date': datetime.datetime(2020, 12, 6, 16, 25)}, '14': {'team': 'DET', 'date': datetime.datetime(2020, 12, 13, 16, 25)}, '15': {'team': 'CAR', 'date': datetime.datetime(2020, 12, 19, 20, 15)}, '16': {'team': 'TEN', 'date': datetime.datetime(2020, 12, 27, 20, 20)}, '17': {'team': 'CHI', 'date': datetime.datetime(2021, 1, 3, 16, 25)}}","['RB', 'RB/WR', 'RB/WR/TE', 'OP', 'BE', 'IR']",BE,,,,,,,20.0,2.0,,,,,,,,,,,1.0,,,,,,,,,,,,,,,,,,,,,,,,,,,,,,,,,,,,,,,,,,,,,,,,,,,,,2.0,,,1.0,,,,,,,,,,,,,,,,,,,,,,,,,,,,,,,,,,,,,,,,,,,,,,,,,,,,,,,,,,,,,,,,,,,,,,,,,,,,,,,,,,,,,,,,,,,,,,,,,,,,,,,,,,,,,,,,,,,,,,,,,,,,,,,2.0,,,,,,,,,,,,,,,,,,,,,,,,,,,,,,,,,,,,,,,2020,,,,,,,,,,,,,,,,,,,,,,,,,,,,,,,,,,,,,
183.0,15.25,213.81,15.27,190.0,88.91666667,12.0,208.0,102.0,50.0,38.0,16.0,6.0,33.0,13.0,1.0,,6.0,,5.61578947,16.0,12.5,,27.0,11.0,4.0,3.0,,1.0,18.0,148.0,9.375,1.0,1.0,1.0,1.0,1.0,,,9.0,3.0,72.0,7.0,,12.0,278.2159791,92.37126136,9.853867259,0.348483162,260.0,130.0,65.0,52.0,26.0,55.0,27.0,0.592494668,0.414746268,4.674405253,0.16,4.689680553,14.84982339,1.006421075,0.052458245,0.050428363,0.032954936,41.0,20.0,10.0,8.0,4.0,26.42937636,5.0,2.0,0.078573865,0.00243,35.3763922,7.936386867,0.400941407,0.0104,2.161137938,0.205299236,2.366437174,0.994123452,0.114967572,1.109091024,1.109091024,14.125,Nick Chubb,CLE,ADD,8,3128720,4,Mission Viejo Burritos,RB,"{'1': {'team': 'BAL', 'date': datetime.datetime(2020, 9, 13, 13, 0)}, '2': {'team': 'CIN', 'date': datetime.datetime(2020, 9, 17, 20, 20)}, '3': {'team': 'WSH', 'date': datetime.datetime(2020, 9, 27, 13, 0)}, '4': {'team': 'DAL', 'date': datetime.datetime(2020, 10, 4, 13, 0)}, '5': {'team': 'IND', 'date': datetime.datetime(2020, 10, 11, 16, 25)}, '6': {'team': 'PIT', 'date': datetime.datetime(2020, 10, 18, 13, 0)}, '7': {'team': 'CIN', 'date': datetime.datetime(2020, 10, 25, 13, 0)}, '8': {'team': 'LV', 'date': datetime.datetime(2020, 11, 1, 13, 0)}, '10': {'team': 'HOU', 'date': datetime.datetime(2020, 11, 15, 13, 0)}, '11': {'team': 'PHI', 'date': datetime.datetime(2020, 11, 22, 13, 0)}, '12': {'team': 'JAX', 'date': datetime.datetime(2020, 11, 29, 13, 0)}, '13': {'team': 'TEN', 'date': datetime.datetime(2020, 12, 6, 13, 0)}, '14': {'team': 'BAL', 'date': datetime.datetime(2020, 12, 14, 20, 15)}, '15': {'team': 'NYG', 'date': datetime.datetime(2020, 12, 20, 20, 20)}, '16': {'team': 'NYJ', 'date': datetime.datetime(2020, 12, 27, 13, 0)}, '17': {'team': 'PIT', 'date': datetime.datetime(2021, 1, 3, 13, 0)}}","['RB', 'RB/WR', 'RB/WR/TE', 'OP', 'BE', 'IR']",RB,,,,,,,,,,,,,,,,,,,,,,,,,,,,,,,,,,,,,,,,,,,,,,,,,,,,,,,,,,,,,,,,,,,,,,,,,,,3.0,1.0,,,,,,,,,,,,,,,,,,,,,,,,,,,,,,,,,,,,,,,,,,,,,,,,,,,,,,,,,,,,,,,,,,,,,,,,,,,,,,,,,,,,,,,,,,,,,,,,,,,,,,,,,,,,,,,,,,,,,,,,,,,,,,,,,,,,,,,,,,,,,,,,,,,,,,,,,,,,,,,,,,,,,2020,,,,,,,,,,,,,,,,,,,,,,,,,,,,,,,,,,,,,
65.0,5.91,74.77,4.98,,,,,,,,,,,,,,,,,46.0,47.63636364,3.0,101.0,47.0,20.0,17.0,5.0,4.0,65.0,203.0,11.39130435,,,,,,,,2.0,8.0,18.0,,1.0,11.0,,,,,,,,,,,,,,,,,33.47525554,4.170592459,0.350940277,0.098088535,0.064100858,100.0,50.0,25.0,20.0,10.0,49.8785641,9.0,4.0,0.435508877,0.0135,72.42300589,10.10897257,0.350940277,0.00384,,0.871964295,0.871964295,,0.488300005,0.488300005,0.488300005,15.0625,Dallas Goedert,PHI,ADD,19,3121023,4,Mission Viejo Burritos,BE,"{'1': {'team': 'WSH', 'date': datetime.datetime(2020, 9, 13, 13, 0)}, '2': {'team': 'LAR', 'date': datetime.datetime(2020, 9, 20, 13, 0)}, '3': {'team': 'CIN', 'date': datetime.datetime(2020, 9, 27, 13, 0)}, '4': {'team': 'SF', 'date': datetime.datetime(2020, 10, 4, 20, 20)}, '5': {'team': 'PIT', 'date': datetime.datetime(2020, 10, 11, 13, 0)}, '6': {'team': 'BAL', 'date': datetime.datetime(2020, 10, 18, 13, 0)}, '7': {'team': 'NYG', 'date': datetime.datetime(2020, 10, 22, 20, 20)}, '8': {'team': 'DAL', 'date': datetime.datetime(2020, 11, 1, 20, 20)}, '10': {'team': 'NYG', 'date': datetime.datetime(2020, 11, 15, 13, 0)}, '11': {'team': 'CLE', 'date': datetime.datetime(2020, 11, 22, 13, 0)}, '12': {'team': 'SEA', 'date': datetime.datetime(2020, 11, 30, 20, 15)}, '13': {'team': 'GB', 'date': datetime.datetime(2020, 12, 6, 16, 25)}, '14': {'team': 'NO', 'date': datetime.datetime(2020, 12, 13, 16, 25)}, '15': {'team': 'ARI', 'date': datetime.datetime(2020, 12, 20, 16, 5)}, '16': {'team': 'DAL', 'date': datetime.datetime(2020, 12, 27, 16, 25)}, '17': {'team': 'WSH', 'date': datetime.datetime(2021, 1, 3, 20, 20)}}","['WR/TE', 'TE', 'RB/WR/TE', 'OP', 'BE', 'IR']",BE,,,1.0,1.0,,,,,,,,,,,,,,,2.0,,,,,,,,,,,,,,,,,,,,,,,,,,,,,,,,,,,,,,,,,,,,,,,,,,,,,,,,,,,,,,,,,,,,,,,,,,,,,,,,,,,,,,,,,,,,,,,,,,,,,,,,,,,,,,,,,,,,,,,,,,,,,,,,,,,,,,,,,,,,,,,,,,,,,,,,,,,,,,,,,,,,,,,,,,,,,,,,,,,,,,,,,,,,,,,,,,,,,,,,,,,,,,,,,,,,,,,,,,,,,,2020,,,,,,,,,,,,,,,,,,,,,,,,,,,,,,,,,,,,,
120.0,7.5,119.4,7.46,,,,,,,,,,,,,,,,,,,,,,,,,,,,,,,,,,1.0,1.0,13.0,3.0,107.0,,,16.0,,,,,,,,,,,,,,,,,,,,,,,,,,,,,,,,,,,,,,,,,,,16.0,Mason Crosby,GB,ADD,17,10636,4,Mission Viejo Burritos,K,"{'1': {'team': 'MIN', 'date': datetime.datetime(2020, 9, 13, 13, 0)}, '2': {'team': 'DET', 'date': datetime.datetime(2020, 9, 20, 13, 0)}, '3': {'team': 'NO', 'date': datetime.datetime(2020, 9, 27, 20, 20)}, '4': {'team': 'ATL', 'date': datetime.datetime(2020, 10, 5, 21, 0)}, '6': {'team': 'TB', 'date': datetime.datetime(2020, 10, 18, 16, 25)}, '7': {'team': 'HOU', 'date': datetime.datetime(2020, 10, 25, 13, 0)}, '8': {'team': 'MIN', 'date': datetime.datetime(2020, 11, 1, 13, 0)}, '9': {'team': 'SF', 'date': datetime.datetime(2020, 11, 5, 20, 20)}, '10': {'team': 'JAX', 'date': datetime.datetime(2020, 11, 15, 13, 0)}, '11': {'team': 'IND', 'date': datetime.datetime(2020, 11, 22, 16, 25)}, '12': {'team': 'CHI', 'date': datetime.datetime(2020, 11, 29, 20, 20)}, '13': {'team': 'PHI', 'date': datetime.datetime(2020, 12, 6, 16, 25)}, '14': {'team': 'DET', 'date': datetime.datetime(2020, 12, 13, 16, 25)}, '15': {'team': 'CAR', 'date': datetime.datetime(2020, 12, 19, 20, 15)}, '16': {'team': 'TEN', 'date': datetime.datetime(2020, 12, 27, 20, 20)}, '17': {'team': 'CHI', 'date': datetime.datetime(2021, 1, 3, 16, 25)}}","['K', 'BE', 'IR']",K,,,,,,,,,,,,,,,,,,,,,,,,,,,,,,,,,,,,,,,,,,,,,,,,,,,,,,,,,,,,,,,,,,,,,,,,,,,,,,4.0,4.0,5.0,5.0,,7.0,7.0,,16.0,16.0,,59.0,63.0,4.0,4.0,4.0,2.833931449,4.341368586,1.507437137,6.928505855,8.994861712,2.066355856,14.34053604,15.03872778,0.698191746,24.10297334,28.37495808,4.271984739,38.7671995,40.64611709,1.878917597,2.833931449,4.341368586,1.507437137,,,,,,,,,,,,,,,,,,,,,,,,,,,,,,,,,,,,,,,,,,,,,,,,,,,,,,,,,,,,,,,,,,,,,,,,,,,,,,,,,,,,,,,,,,,,,,,,,,,,,,,,,,,,,,,,,,,,,,,,,,,,,,,,,,2020,,,,,,,,,,,,,,,,,,,,,,,,,,,,,,,,,,,,,
59.0,5.9,85.36,5.69,2.0,1.7,,3.0,1.0,,,,,,,,,,,8.5,33.0,45.1,3.0,86.0,40.0,17.0,12.0,5.0,2.0,46.0,195.0,13.66666667,,,,,,,,9.0,1.0,18.0,,,10.0,1.915624005,0.683720808,0.051401906,0.001813659,2.0,1.0,,,,,,0.003516979,0.002461885,0.000216531,7.39e-06,5.376078315,41.05731996,3.867920673,0.201593265,0.206786333,0.135134868,123.0,61.0,30.0,24.0,12.0,46.43017659,9.0,4.0,0.761988864,0.023566666,74.31058877,13.31948158,0.203406924,0.0023,0.020713837,0.502054228,0.522768065,0.009528365,0.281150368,0.290678733,0.290678733,15.0625,Allen Lazard,GB,ADD,73,3128390,4,Mission Viejo Burritos,BE,"{'1': {'team': 'MIN', 'date': datetime.datetime(2020, 9, 13, 13, 0)}, '2': {'team': 'DET', 'date': datetime.datetime(2020, 9, 20, 13, 0)}, '3': {'team': 'NO', 'date': datetime.datetime(2020, 9, 27, 20, 20)}, '4': {'team': 'ATL', 'date': datetime.datetime(2020, 10, 5, 21, 0)}, '6': {'team': 'TB', 'date': datetime.datetime(2020, 10, 18, 16, 25)}, '7': {'team': 'HOU', 'date': datetime.datetime(2020, 10, 25, 13, 0)}, '8': {'team': 'MIN', 'date': datetime.datetime(2020, 11, 1, 13, 0)}, '9': {'team': 'SF', 'date': datetime.datetime(2020, 11, 5, 20, 20)}, '10': {'team': 'JAX', 'date': datetime.datetime(2020, 11, 15, 13, 0)}, '11': {'team': 'IND', 'date': datetime.datetime(2020, 11, 22, 16, 25)}, '12': {'team': 'CHI', 'date': datetime.datetime(2020, 11, 29, 20, 20)}, '13': {'team': 'PHI', 'date': datetime.datetime(2020, 12, 6, 16, 25)}, '14': {'team': 'DET', 'date': datetime.datetime(2020, 12, 13, 16, 25)}, '15': {'team': 'CAR', 'date': datetime.datetime(2020, 12, 19, 20, 15)}, '16': {'team': 'TEN', 'date': datetime.datetime(2020, 12, 27, 20, 20)}, '17': {'team': 'CHI', 'date': datetime.datetime(2021, 1, 3, 16, 25)}}","['RB/WR', 'WR', 'WR/TE', 'RB/WR/TE', 'OP', 'BE', 'IR']",BE,,,1.0,1.0,,,,,,,,,,,,,,,3.0,,,,,,,,,,,,,,,,,,,,,,,,,,,,,,,,,,,,,,,,,,,,,,,,,,,,,,,,,,,,,,,,,,,,,,,,,,,,,,,,,,,,,,,,,,,,,,,,,,,,,,,,,,,,,,,,,,,,,,,,,,,,,,,,,,,,,,,,,,,,,,,,,,,,,,,,,,,,,,,,,,,,,,,,,,,,,,,,,,,,,,,,,,,,,,,,,,,,,,,,,,,,,,,,,,,,,,,,,,,,,,2020,,,,,,,,,,,,,,,,,,,,,,,,,,,,,,,,,,,,,
89.0,5.56,110.07,6.88,,,,,,,,,,,,,,,,,,,,,,,,,,,,,,,,,,733.0,1059.0,12.0,4.0,,,,16.0,,,,,,,,,,,,,,,,,,,,,,,,,,,,,,,,,,,,,,,,,,,16.0,Seahawks D/ST,SEA,ADD,10,-16026,4,Mission Viejo Burritos,D/ST,"{'1': {'team': 'ATL', 'date': datetime.datetime(2020, 9, 13, 13, 0)}, '2': {'team': 'NE', 'date': datetime.datetime(2020, 9, 20, 20, 20)}, '3': {'team': 'DAL', 'date': datetime.datetime(2020, 9, 27, 16, 25)}, '4': {'team': 'MIA', 'date': datetime.datetime(2020, 10, 4, 13, 0)}, '5': {'team': 'MIN', 'date': datetime.datetime(2020, 10, 11, 20, 20)}, '7': {'team': 'ARI', 'date': datetime.datetime(2020, 10, 25, 20, 20)}, '8': {'team': 'SF', 'date': datetime.datetime(2020, 11, 1, 16, 25)}, '9': {'team': 'BUF', 'date': datetime.datetime(2020, 11, 8, 13, 0)}, '10': {'team': 'LAR', 'date': datetime.datetime(2020, 11, 15, 16, 25)}, '11': {'team': 'ARI', 'date': datetime.datetime(2020, 11, 19, 20, 20)}, '12': {'team': 'PHI', 'date': datetime.datetime(2020, 11, 30, 20, 15)}, '13': {'team': 'NYG', 'date': datetime.datetime(2020, 12, 6, 16, 5)}, '14': {'team': 'NYJ', 'date': datetime.datetime(2020, 12, 13, 16, 5)}, '15': {'team': 'WSH', 'date': datetime.datetime(2020, 12, 20, 13, 0)}, '16': {'team': 'LAR', 'date': datetime.datetime(2020, 12, 27, 16, 25)}, '17': {'team': 'SF', 'date': datetime.datetime(2021, 1, 3, 16, 25)}}","['D/ST', 'BE', 'IR']",D/ST,,,,,,,629.0,55.0,19.0,0.244730866,0.259950933,740.1781612,231.7169333,74.0,29.0,23.0,9.0,,,,,,,,,,,,,,,,,,,,,,,,,,,,,,,,,,,,,,,,,,,,,,,,,,,,,,,,,326.0,,,14.0,,,,,,,,,,,,,,,,,,,,,,,,,,,,,,,,,,,8.0,0.0,1.0,1.0,3.0,,14.0,2.0,3.0,46.0,92.0,,,,,347.0,206.0,56.0,79.0,189.0,14.0,1.0,365.0,1.0,7.0,1.0,2.0,6089.0,0.0,1.0,2.0,3.0,3.0,3.0,1.0,3.0,0.0,0.0,1.0,1.0,3.0,1.0,7.0,1.0,2.0,0.195278111,0.880352141,3.089235694,2.817126851,0.042816925,2.129581273,13.47602538,10.41245732,0.938345793,0.44685243,40.75101028,81.50202056,1.114211626,1.015369647,2.677079997,16.0191651,968.402382,322.0,193.0,71.14665101,338.6407767,2.320928371,3.297318928,2.288915566,0.992396959,0.118447379,21.16504854,5727.962359,0.303817709,2.878273036,3.214071557,3.885668599,3.070157905,1.758944633,0.687587448,0.201479113,357.9976474,-338.6407767,,,,,,,,,,,,,,,,,,,,,,,,,,,,,,,,,,,,,,,,,,,,,,,2020,,,,,,,,,,,,,,,,,,,,,,,,,,,,,,,,,,,,,
121.0,8.64,79.78,5.7,,,,,,,,,,,,,,,,,65.0,70.28571429,5.0,192.0,93.0,43.0,34.0,14.0,9.0,92.0,279.0,15.13846154,,1.0,,1.0,1.0,1.0,1.0,9.0,5.0,30.0,,,14.0,,,,,,,,,,,,,,,,,38.50060491,4.015365554,0.148983698,0.160844214,0.105111694,112.0,56.0,28.0,22.0,11.0,42.64439478,8.0,4.0,0.581534244,0.018,71.67955699,13.14745026,0.148983698,0.00246,,0.558242577,0.558242577,,0.312615843,0.312615843,0.312615843,14.5625,Corey Davis,TEN,ADD,25,3042778,4,Mission Viejo Burritos,BE,"{'1': {'team': 'DEN', 'date': datetime.datetime(2020, 9, 14, 22, 10)}, '2': {'team': 'JAX', 'date': datetime.datetime(2020, 9, 20, 13, 0)}, '3': {'team': 'MIN', 'date': datetime.datetime(2020, 9, 27, 13, 0)}, '5': {'team': 'BUF', 'date': datetime.datetime(2020, 10, 13, 19, 0)}, '6': {'team': 'HOU', 'date': datetime.datetime(2020, 10, 18, 13, 0)}, '7': {'team': 'PIT', 'date': datetime.datetime(2020, 10, 25, 13, 0)}, '8': {'team': 'CIN', 'date': datetime.datetime(2020, 11, 1, 13, 0)}, '9': {'team': 'CHI', 'date': datetime.datetime(2020, 11, 8, 13, 0)}, '10': {'team': 'IND', 'date': datetime.datetime(2020, 11, 12, 20, 20)}, '11': {'team': 'BAL', 'date': datetime.datetime(2020, 11, 22, 13, 0)}, '12': {'team': 'IND', 'date': datetime.datetime(2020, 11, 29, 13, 0)}, '13': {'team': 'CLE', 'date': datetime.datetime(2020, 12, 6, 13, 0)}, '14': {'team': 'JAX', 'date': datetime.datetime(2020, 12, 13, 13, 0)}, '15': {'team': 'DET', 'date': datetime.datetime(2020, 12, 20, 13, 0)}, '16': {'team': 'GB', 'date': datetime.datetime(2020, 12, 27, 20, 20)}, '17': {'team': 'HOU', 'date': datetime.datetime(2021, 1, 3, 16, 25)}}","['RB/WR', 'WR', 'WR/TE', 'RB/WR/TE', 'OP', 'BE', 'IR']",BE,1.0,1.0,5.0,5.0,1.0,1.0,,,,,,,,,,,,1.0,2.0,,,,,,,,,,,,,,,,,,,,,,,,,,,,,,,,,,,,,,,,,,,,,,,,,,,,,,2.0,,,,,,,,,,,,,,,,,,,,,,,,,,,,,,,,,,,,,,,,,,,,,,,,,,,,,,,,,,,,,,,,,,,,,,,,,,,,,,,,,,,,,,,,,,,,,,,,,,,,,,,,,,,,,,,,,,,,,,,,,,,,,,,,,,,,,,,,,,,,,,,,,,,,,,,,,,,,,,,,,,,,,,,,2020,,,,,,,,,,,,,,,,,,,,,,,,,,,,,,,,,,,,,
84.0,6.46,146.84,10.49,145.0,48.07692308,2.0,120.0,58.0,25.0,19.0,7.0,1.0,24.0,9.0,,,1.0,,4.31034483,11.0,9.46153846,1.0,21.0,10.0,4.0,2.0,1.0,,14.0,91.0,11.18181818,1.0,1.0,1.0,1.0,1.0,,,9.0,4.0,18.0,2.0,,13.0,196.3312496,58.04142583,7.484055748,0.240487567,163.0,81.0,40.0,32.0,16.0,39.0,19.0,0.40106278,0.280743946,1.844298456,0.0629,4.175775081,13.07721854,0.711398164,0.039916175,0.058315864,0.038109417,36.0,18.0,9.0,7.0,3.0,22.88882425,4.0,2.0,0.069350676,0.002144866,30.00646529,8.070126707,0.280403742,0.009089067,1.850017076,0.215679958,2.065697034,0.851007855,0.120780777,0.971788632,0.971788632,14.125,Cam Akers,LAR,ADD,43,4240021,4,Mission Viejo Burritos,BE,"{'1': {'team': 'DAL', 'date': datetime.datetime(2020, 9, 13, 20, 20)}, '2': {'team': 'PHI', 'date': datetime.datetime(2020, 9, 20, 13, 0)}, '3': {'team': 'BUF', 'date': datetime.datetime(2020, 9, 27, 13, 0)}, '4': {'team': 'NYG', 'date': datetime.datetime(2020, 10, 4, 16, 5)}, '5': {'team': 'WSH', 'date': datetime.datetime(2020, 10, 11, 13, 0)}, '6': {'team': 'SF', 'date': datetime.datetime(2020, 10, 18, 20, 20)}, '7': {'team': 'CHI', 'date': datetime.datetime(2020, 10, 26, 20, 15)}, '8': {'team': 'MIA', 'date': datetime.datetime(2020, 11, 1, 13, 0)}, '10': {'team': 'SEA', 'date': datetime.datetime(2020, 11, 15, 16, 25)}, '11': {'team': 'TB', 'date': datetime.datetime(2020, 11, 23, 20, 15)}, '12': {'team': 'SF', 'date': datetime.datetime(2020, 11, 29, 16, 5)}, '13': {'team': 'ARI', 'date': datetime.datetime(2020, 12, 6, 16, 5)}, '14': {'team': 'NE', 'date': datetime.datetime(2020, 12, 10, 20, 20)}, '15': {'team': 'NYJ', 'date': datetime.datetime(2020, 12, 20, 16, 5)}, '16': {'team': 'SEA', 'date': datetime.datetime(2020, 12, 27, 16, 25)}, '17': {'team': 'ARI', 'date': datetime.datetime(2021, 1, 3, 16, 25)}}","['Rookie', 'RB', 'RB/WR', 'RB/WR/TE', 'OP', 'BE', 'IR']",BE,,,,,,,,,,,,,,,,,,,1.0,,,,,,,,,,,,,,,,,,,,,,,,,,,,,,,,,,,,,,,,,,,,,,,,,,,,,,,,,,,,,,,,,,,,,,,,,,,,,,,,,,,,,,,,,,,,,,,,,,,,,,,,,,,,,,,,,,,,,,,,,,,,,,,,,,,,,,,,,,,,,,,,,,,,,,,,,,,,,,,,,,,,,,,,,,,,,,,,,,,,,,,,,,,,,,,,,,,,,,,,,,,,,,,,,,,,,,,,,,,,,,2020,,,,,,,,,,,,,,,,,,,,,,,,,,,,,,,,,,,,,
41.0,5.86,187.84,12.52,1.0,0.14285714,,,,,,,,,,,,,,1.0,40.0,62.57142857,,85.0,41.0,19.0,16.0,7.0,4.0,55.0,80.0,10.95,,,,,,,,6.0,1.0,,,,7.0,,,,,,,,,,,,,,,,,90.19514221,8.874510616,0.397941979,0.267949747,0.17510516,271.0,135.0,67.0,54.0,27.0,114.4787319,22.0,11.0,5.375277249,0.166245688,152.7446371,11.86739499,0.397941979,0.00485,,1.102131522,1.102131522,,0.617193653,0.617193653,0.617193653,15.0625,Michael Thomas,NO,DRAFT,98,2976316,6,Husky Express,WR,"{'1': {'team': 'TB', 'date': datetime.datetime(2020, 9, 13, 16, 25)}, '2': {'team': 'LV', 'date': datetime.datetime(2020, 9, 21, 20, 15)}, '3': {'team': 'GB', 'date': datetime.datetime(2020, 9, 27, 20, 20)}, '4': {'team': 'DET', 'date': datetime.datetime(2020, 10, 4, 13, 0)}, '5': {'team': 'LAC', 'date': datetime.datetime(2020, 10, 12, 20, 15)}, '7': {'team': 'CAR', 'date': datetime.datetime(2020, 10, 25, 13, 0)}, '8': {'team': 'CHI', 'date': datetime.datetime(2020, 11, 1, 16, 25)}, '9': {'team': 'TB', 'date': datetime.datetime(2020, 11, 8, 20, 20)}, '10': {'team': 'SF', 'date': datetime.datetime(2020, 11, 15, 16, 25)}, '11': {'team': 'ATL', 'date': datetime.datetime(2020, 11, 22, 13, 0)}, '12': {'team': 'DEN', 'date': datetime.datetime(2020, 11, 29, 16, 5)}, '13': {'team': 'ATL', 'date': datetime.datetime(2020, 12, 6, 13, 0)}, '14': {'team': 'PHI', 'date': datetime.datetime(2020, 12, 13, 16, 25)}, '15': {'team': 'KC', 'date': datetime.datetime(2020, 12, 20, 16, 25)}, '16': {'team': 'MIN', 'date': datetime.datetime(2020, 12, 25, 16, 30)}, '17': {'team': 'CAR', 'date': datetime.datetime(2021, 1, 3, 16, 25)}}","['RB/WR', 'WR', 'WR/TE', 'RB/WR/TE', 'OP', 'BE', 'IR']",WR,,,2.0,2.0,,,,,,,,,,,,,,,,,,,,,,,,,,,,,,,,,,,,,,,,,,,,,,,,,,,,,,,,,,,,,,,,,,,,,,,,,,,,,,,,,,,,,,,,,,,,,,,,,,,,,,,,,,,,,,,,,,,,,,,,,,,,,,,,,,,,,,,,,,,,,,,,,,,,,,,,,,,,,,,,,,,,,,,,,,,,,,,,,,,,,,,,,,,,,,,,,,,,,,,,,,,,,,,,,,,,,,,,,,,,,,,,,,,,,,,,,,,,,2020,,,,,,,,,,,,,,,,,,,,,,,,,,,,,,,,,,,,,
141.0,11.75,186.66,13.33,141.0,56.75,5.0,131.0,64.0,30.0,21.0,8.0,,24.0,8.0,,,,,4.82978723,37.0,23.91666667,4.0,54.0,23.0,9.0,5.0,,2.0,46.0,270.0,7.75675676,1.0,1.0,,,,,,10.0,2.0,54.0,3.0,,12.0,252.8892121,77.76805089,7.535608155,0.212392668,219.0,109.0,54.0,43.0,21.0,50.0,25.0,0.531809671,0.37226677,3.312549055,0.113,4.343695444,18.86297167,1.577215462,0.050154364,0.055234532,0.036095767,53.0,26.0,13.0,10.0,5.0,35.54364081,7.0,3.0,0.108302062,0.00335,43.8476418,7.496122196,0.262547032,0.017,3.379032044,0.474923783,3.853955827,1.55435474,0.265957318,1.820312059,1.820312059,14.125,Chris Carson,SEA,DRAFT,16,3919596,6,Husky Express,RB,"{'1': {'team': 'ATL', 'date': datetime.datetime(2020, 9, 13, 13, 0)}, '2': {'team': 'NE', 'date': datetime.datetime(2020, 9, 20, 20, 20)}, '3': {'team': 'DAL', 'date': datetime.datetime(2020, 9, 27, 16, 25)}, '4': {'team': 'MIA', 'date': datetime.datetime(2020, 10, 4, 13, 0)}, '5': {'team': 'MIN', 'date': datetime.datetime(2020, 10, 11, 20, 20)}, '7': {'team': 'ARI', 'date': datetime.datetime(2020, 10, 25, 20, 20)}, '8': {'team': 'SF', 'date': datetime.datetime(2020, 11, 1, 16, 25)}, '9': {'team': 'BUF', 'date': datetime.datetime(2020, 11, 8, 13, 0)}, '10': {'team': 'LAR', 'date': datetime.datetime(2020, 11, 15, 16, 25)}, '11': {'team': 'ARI', 'date': datetime.datetime(2020, 11, 19, 20, 20)}, '12': {'team': 'PHI', 'date': datetime.datetime(2020, 11, 30, 20, 15)}, '13': {'team': 'NYG', 'date': datetime.datetime(2020, 12, 6, 16, 5)}, '14': {'team': 'NYJ', 'date': datetime.datetime(2020, 12, 13, 16, 5)}, '15': {'team': 'WSH', 'date': datetime.datetime(2020, 12, 20, 13, 0)}, '16': {'team': 'LAR', 'date': datetime.datetime(2020, 12, 27, 16, 25)}, '17': {'team': 'SF', 'date': datetime.datetime(2021, 1, 3, 16, 25)}}","['RB', 'RB/WR', 'RB/WR/TE', 'OP', 'BE', 'IR']",RB,,,,,,,,,,,,,,,,,,,1.0,1.0,,,,,,,,,,,,,,,,,,,,,,,,,,,,,,,,,,,,,,,,,,,,,,,,,,,,,2.0,,1.0,1.0,,,,,,,,,,,,,,,,,,,,,,,,,,,,,,,,,,,,,,,,,,,,,,,,,,,,,,,,,,,,,,,,,,,,,,,,,,,,,,,,,,,,,,,,,,,,,,,,,,,,,,,,,,,,,,,,,,,,,,,,,,,,,,,,,,,,,,,,,,,,,,,,,,,,,,,,,,,,,,,,,,,,,2020,,,,,,,,,,,,,,,,,,,,,,,,,,,,,,,,,,,,,
79.0,5.27,90.03,6.0,,,,,,,,,,,,,,,,,62.0,44.86666667,3.0,130.0,59.0,26.0,19.0,6.0,6.0,93.0,372.0,10.85483871,,,,,,,,4.0,11.0,20.0,,,15.0,1.948358612,0.465839562,0.178778144,0.006576924,1.0,,,,,,,0.003577142,0.002504,8.37295e-05,2.86e-06,3.601343386,42.57602568,4.197190603,0.217898184,0.149729857,0.097848462,128.0,64.0,32.0,25.0,12.0,56.17073581,11.0,5.0,0.8441546,0.0261,83.40547816,11.41700171,0.224475107,0.00272,0.020761312,0.5985439,0.619305211,0.009550203,0.335184584,0.344734787,0.344734787,15.0625,Noah Fant,DEN,DRAFT,15,4036131,6,Husky Express,TE,"{'1': {'team': 'TEN', 'date': datetime.datetime(2020, 9, 14, 22, 10)}, '2': {'team': 'PIT', 'date': datetime.datetime(2020, 9, 20, 13, 0)}, '3': {'team': 'TB', 'date': datetime.datetime(2020, 9, 27, 16, 25)}, '4': {'team': 'NYJ', 'date': datetime.datetime(2020, 10, 1, 20, 20)}, '6': {'team': 'NE', 'date': datetime.datetime(2020, 10, 18, 13, 0)}, '7': {'team': 'KC', 'date': datetime.datetime(2020, 10, 25, 16, 25)}, '8': {'team': 'LAC', 'date': datetime.datetime(2020, 11, 1, 16, 5)}, '9': {'team': 'ATL', 'date': datetime.datetime(2020, 11, 8, 13, 0)}, '10': {'team': 'LV', 'date': datetime.datetime(2020, 11, 15, 16, 5)}, '11': {'team': 'MIA', 'date': datetime.datetime(2020, 11, 22, 16, 5)}, '12': {'team': 'NO', 'date': datetime.datetime(2020, 11, 29, 16, 5)}, '13': {'team': 'KC', 'date': datetime.datetime(2020, 12, 6, 20, 20)}, '14': {'team': 'CAR', 'date': datetime.datetime(2020, 12, 13, 13, 0)}, '15': {'team': 'BUF', 'date': datetime.datetime(2020, 12, 19, 16, 30)}, '16': {'team': 'LAC', 'date': datetime.datetime(2020, 12, 27, 16, 5)}, '17': {'team': 'LV', 'date': datetime.datetime(2021, 1, 3, 16, 25)}}","['WR/TE', 'TE', 'RB/WR/TE', 'OP', 'BE', 'IR']",TE,,,,,,,,,,,,,,,,,,,2.0,1.0,,,,,,,,,,,,,,,,,,,,,,,,,,,,,,,,,,,,,,,,,,,,,,,,,,,1.0,1.0,,,,,,,,,,,,,,,,,,,,,,,,,,,,,,,,,,,,,,,,,,,,,,,,,,,,,,,,,,,,,,,,,,,,,,,,,,,,,,,,,,,,,,,,,,,,,,,,,,,,,,,,,,,,,,,,,,,,,,,,,,,,,,,,,,,,,,,,,,,,,,,,,,,,,,,,,,,,,,,,,,,,,,,,,2020,,,,,,,,,,,,,,,,,,,,,,,,,,,,,,,,,,,,,
197.0,13.13,141.34,10.87,247.0,71.33333333,8.0,207.0,99.0,47.0,35.0,13.0,3.0,43.0,20.0,1.0,1.0,3.0,,4.33198381,54.0,29.2,2.0,83.0,38.0,15.0,10.0,1.0,4.0,68.0,410.0,8.11111111,,1.0,,1.0,1.0,1.0,1.0,8.0,7.0,62.0,5.0,,15.0,212.392322,62.34098375,5.47957355,0.206050732,169.0,84.0,42.0,33.0,16.0,42.0,21.0,0.437472567,0.306230797,1.984311752,0.0677,3.99918366,15.84900848,0.790784906,0.035097247,0.061123954,0.039944504,43.0,21.0,10.0,8.0,4.0,26.35355773,5.0,2.0,0.081234135,0.00251,34.61720546,8.194064071,0.241147978,0.00848,1.713666664,0.212631101,1.926297765,0.788286665,0.119073417,0.907360082,0.907360082,13.625,David Montgomery,CHI,DRAFT,6,4035538,6,Husky Express,RB,"{'1': {'team': 'DET', 'date': datetime.datetime(2020, 9, 13, 13, 0)}, '2': {'team': 'NYG', 'date': datetime.datetime(2020, 9, 20, 13, 0)}, '3': {'team': 'ATL', 'date': datetime.datetime(2020, 9, 27, 13, 0)}, '4': {'team': 'IND', 'date': datetime.datetime(2020, 10, 4, 16, 25)}, '5': {'team': 'TB', 'date': datetime.datetime(2020, 10, 8, 20, 20)}, '6': {'team': 'CAR', 'date': datetime.datetime(2020, 10, 18, 13, 0)}, '7': {'team': 'LAR', 'date': datetime.datetime(2020, 10, 26, 20, 15)}, '8': {'team': 'NO', 'date': datetime.datetime(2020, 11, 1, 16, 25)}, '9': {'team': 'TEN', 'date': datetime.datetime(2020, 11, 8, 13, 0)}, '10': {'team': 'MIN', 'date': datetime.datetime(2020, 11, 16, 20, 15)}, '12': {'team': 'GB', 'date': datetime.datetime(2020, 11, 29, 20, 20)}, '13': {'team': 'DET', 'date': datetime.datetime(2020, 12, 6, 13, 0)}, '14': {'team': 'HOU', 'date': datetime.datetime(2020, 12, 13, 13, 0)}, '15': {'team': 'MIN', 'date': datetime.datetime(2020, 12, 20, 13, 0)}, '16': {'team': 'JAX', 'date': datetime.datetime(2020, 12, 27, 13, 0)}, '17': {'team': 'GB', 'date': datetime.datetime(2021, 1, 3, 16, 25)}}","['RB', 'RB/WR', 'RB/WR/TE', 'OP', 'BE', 'IR']",RB,,,,,1.0,1.0,,,,,,,,,,,,,1.0,1.0,,,,,,,,,,,,,,,,,,,,,,,,,,,,,,,,,,,,,,,,,,,,,,,,,,,,1.0,,,2.0,,,,,,,,,,,,,,,,,,,,,,,,,,,,,,,,,,,,,,,,,,,,,,,,,,,,,,,,,,,,,,,,,,,,,,,,,,,,,,,,,,,,,,,,,,,,,,,,,,,,,,,,,,,,,,,,,,,,,,,,,,,,,,,1.0,,,,,,,,,,,,,,,,,,,,,,,,,,,,,,,,,,,,,,,2020,,,,,,,,,,,,,,,,,,,,,,,,,,,,,,,,,,,,,
107.0,6.69,134.92,8.99,,,,,,,,,,,,,,,,,59.0,52.6875,5.0,162.0,77.0,36.0,26.0,9.0,5.0,105.0,254.0,14.28813559,,,,,,,,6.0,10.0,30.0,,,16.0,,,,,,,,,,,,,,,,,66.98026836,5.782915202,0.30182916,0.275263471,0.179884678,201.0,100.0,50.0,40.0,20.0,64.80875256,12.0,6.0,2.814683366,0.087052063,112.6510845,15.56719197,0.30182916,0.00154,,0.350391821,0.350391821,,0.19621942,0.19621942,0.19621942,15.0625,Michael Gallup,DAL,DRAFT,34,4036348,6,Husky Express,WR,"{'1': {'team': 'LAR', 'date': datetime.datetime(2020, 9, 13, 20, 20)}, '2': {'team': 'ATL', 'date': datetime.datetime(2020, 9, 20, 13, 0)}, '3': {'team': 'SEA', 'date': datetime.datetime(2020, 9, 27, 16, 25)}, '4': {'team': 'CLE', 'date': datetime.datetime(2020, 10, 4, 13, 0)}, '5': {'team': 'NYG', 'date': datetime.datetime(2020, 10, 11, 16, 25)}, '6': {'team': 'ARI', 'date': datetime.datetime(2020, 10, 19, 20, 15)}, '7': {'team': 'WSH', 'date': datetime.datetime(2020, 10, 25, 13, 0)}, '8': {'team': 'PHI', 'date': datetime.datetime(2020, 11, 1, 20, 20)}, '9': {'team': 'PIT', 'date': datetime.datetime(2020, 11, 8, 16, 25)}, '11': {'team': 'MIN', 'date': datetime.datetime(2020, 11, 22, 16, 25)}, '12': {'team': 'WSH', 'date': datetime.datetime(2020, 11, 26, 16, 30)}, '13': {'team': 'BAL', 'date': datetime.datetime(2020, 12, 8, 20, 5)}, '14': {'team': 'CIN', 'date': datetime.datetime(2020, 12, 13, 13, 0)}, '15': {'team': 'SF', 'date': datetime.datetime(2020, 12, 20, 13, 0)}, '16': {'team': 'PHI', 'date': datetime.datetime(2020, 12, 27, 16, 25)}, '17': {'team': 'NYG', 'date': datetime.datetime(2021, 1, 3, 13, 0)}}","['RB/WR', 'WR', 'WR/TE', 'RB/WR/TE', 'OP', 'BE', 'IR']",WR,1.0,,2.0,2.0,,,,,,,,,,,,,,,2.0,1.0,,,,,,,,,,,,,,,,,,,,,,,,,,,,,,,,,,,,,,,,,,,,,,,,,,,,,1.0,,,,,,,,,,,,,,,,,,,,,,,,,,,,,,,,,,,,,,,,,,,,,,,,,,,,,,,,,,,,,,,,,,,,,,,,,,,,,,,,,,,,,,,,,,,,,,,,,,,,,,,,,,,,,,,,,,,,,,,,,,,,,,,,,,,,,,,,,,,,,,,,,,,,,,,,,,,,,,,,,,,,,,,,2020,,,,,,,,,,,,,,,,,,,,,,,,,,,,,,,,,,,,,
137.0,8.56,134.81,8.43,,,,,,,,,,,,,,,,,,,,,,,,,,,,,,,,,,702.0,973.0,12.0,4.0,,,,16.0,,,,,,,,,,,,,,,,,,,,,,,,,,,,,,,,,,,,,,,,,,,16.0,Steelers D/ST,PIT,DRAFT,1,-16023,6,Husky Express,D/ST,"{'1': {'team': 'NYG', 'date': datetime.datetime(2020, 9, 14, 19, 15)}, '2': {'team': 'DEN', 'date': datetime.datetime(2020, 9, 20, 13, 0)}, '3': {'team': 'HOU', 'date': datetime.datetime(2020, 9, 27, 13, 0)}, '5': {'team': 'PHI', 'date': datetime.datetime(2020, 10, 11, 13, 0)}, '6': {'team': 'CLE', 'date': datetime.datetime(2020, 10, 18, 13, 0)}, '7': {'team': 'TEN', 'date': datetime.datetime(2020, 10, 25, 13, 0)}, '8': {'team': 'BAL', 'date': datetime.datetime(2020, 11, 1, 13, 0)}, '9': {'team': 'DAL', 'date': datetime.datetime(2020, 11, 8, 16, 25)}, '10': {'team': 'CIN', 'date': datetime.datetime(2020, 11, 15, 16, 25)}, '11': {'team': 'JAX', 'date': datetime.datetime(2020, 11, 22, 13, 0)}, '12': {'team': 'BAL', 'date': datetime.datetime(2020, 12, 2, 15, 40)}, '13': {'team': 'WSH', 'date': datetime.datetime(2020, 12, 7, 17, 0)}, '14': {'team': 'BUF', 'date': datetime.datetime(2020, 12, 13, 20, 20)}, '15': {'team': 'CIN', 'date': datetime.datetime(2020, 12, 21, 20, 15)}, '16': {'team': 'IND', 'date': datetime.datetime(2020, 12, 27, 13, 0)}, '17': {'team': 'CLE', 'date': datetime.datetime(2021, 1, 3, 13, 0)}}","['D/ST', 'BE', 'IR']",D/ST,,,,,,,670.0,59.0,20.0,0.19929,0.6823712,685.251,342.79048,68.0,27.0,34.0,13.0,,,,,,,,,,,,,,,,,,,,,,,,,,,,,,,,,,,,,,,,,,,,,,,,,,,,,,,,,271.0,,,13.0,,,,,,,,,,,,,,,,,,,,,,,,,,,,,,,,,,,9.0,0.0,1.0,2.0,2.0,3.0,18.0,,1.0,56.0,112.0,,,3.0,3.0,320.0,189.0,62.0,84.0,356.0,29.0,9.0,306.0,4.0,6.0,1.0,0.0,4893.0,0.0,0.0,7.0,5.0,3.0,0.0,1.0,0.0,0.0,0.0,1.0,2.0,2.0,4.0,6.0,1.0,0.0,0.292438658,1.321982974,4.326489735,3.525287932,0.039946431,2.03819911,12.86767842,11.57854196,0.956142553,0.328289087,41.99202179,83.98404359,1.097134147,0.941064963,2.959806741,17.81314148,954.9178874,318.0,190.0,68.50955183,302.382364,2.323485228,2.684026039,1.321982974,0.200300451,0.004006009,18.89889775,5533.732734,0.640961442,5.127691537,4.006009014,3.445167752,1.842764146,0.640961442,0.240360541,0.056084126,345.8582959,-302.382364,,,,,,,,,,,,,,,,,,,,,,,,,,,,,,,,,,,,,,,,,,,,,,,2020,,,,,,,,,,,,,,,,,,,,,,,,,,,,,,,,,,,,,
130.0,8.12,136.78,8.55,,,,,,,,,,,,,,,,,,,,,,,,,,,,,,,,,,,,12.0,4.0,126.0,,,16.0,,,,,,,,,,,,,,,,,,,,,,,,,,,,,,,,,,,,,,,,,,,16.0,Wil Lutz,NO,DRAFT,15,2985659,6,Husky Express,K,"{'1': {'team': 'TB', 'date': datetime.datetime(2020, 9, 13, 16, 25)}, '2': {'team': 'LV', 'date': datetime.datetime(2020, 9, 21, 20, 15)}, '3': {'team': 'GB', 'date': datetime.datetime(2020, 9, 27, 20, 20)}, '4': {'team': 'DET', 'date': datetime.datetime(2020, 10, 4, 13, 0)}, '5': {'team': 'LAC', 'date': datetime.datetime(2020, 10, 12, 20, 15)}, '7': {'team': 'CAR', 'date': datetime.datetime(2020, 10, 25, 13, 0)}, '8': {'team': 'CHI', 'date': datetime.datetime(2020, 11, 1, 16, 25)}, '9': {'team': 'TB', 'date': datetime.datetime(2020, 11, 8, 20, 20)}, '10': {'team': 'SF', 'date': datetime.datetime(2020, 11, 15, 16, 25)}, '11': {'team': 'ATL', 'date': datetime.datetime(2020, 11, 22, 13, 0)}, '12': {'team': 'DEN', 'date': datetime.datetime(2020, 11, 29, 16, 5)}, '13': {'team': 'ATL', 'date': datetime.datetime(2020, 12, 6, 13, 0)}, '14': {'team': 'PHI', 'date': datetime.datetime(2020, 12, 13, 16, 25)}, '15': {'team': 'KC', 'date': datetime.datetime(2020, 12, 20, 16, 25)}, '16': {'team': 'MIN', 'date': datetime.datetime(2020, 12, 25, 16, 30)}, '17': {'team': 'CAR', 'date': datetime.datetime(2021, 1, 3, 16, 25)}}","['K', 'BE', 'IR']",K,,,,,,,,,,,,,,,,,,,,,,,,,,,,,,,,,,,,,,,,,,,,,,,,,,,,,,,,,,,,,,,,,,,,,,,,,,,,,,1.0,3.0,7.0,9.0,2.0,15.0,16.0,1.0,23.0,28.0,5.0,57.0,58.0,1.0,1.0,3.0,3.174645649,4.737309264,1.562663615,7.730820899,9.815209391,2.084388492,15.93335285,16.41028699,0.476934143,26.8388194,30.96280565,4.123986251,46.30947397,47.68583598,1.376362016,3.174645649,4.737309264,1.562663615,,,,,,,,,,,,,,,,,,,,,,,,,,,,,,,,,,,,,,,,,,,,,,,,,,,,,,,,,,,,,,,,,,,,,,,,,,,,,,,,,,,,,,,2.0,2.0,,,,,,,,,,,,,,,,,,,,,,,,,,,,,,,,,,,,,,,,,,2020,,,,,,,,,,,,,,,,,,,,,,,,,,,,,,,,,,,,,
97.0,6.06,69.96,4.66,4.0,0.8125,,1.0,,,,,,,,,,,,3.25,33.0,43.125,6.0,134.0,63.0,29.0,22.0,8.0,1.0,63.0,264.0,20.90909091,,1.0,,1.0,1.0,2.0,3.0,13.0,3.0,36.0,,,16.0,,,,,,,,,,,,,,,,,34.17606008,3.158825971,0.164644233,0.191778786,0.125327437,102.0,51.0,25.0,20.0,10.0,33.8030075,6.0,3.0,0.462793809,0.0143,63.01383342,15.2287309,0.164644233,0.00129,,0.29241229,0.29241229,,0.163750882,0.163750882,0.163750882,15.0625,Marquez Valdes-Scantling,GB,ADD,48,3051738,6,Husky Express,BE,"{'1': {'team': 'MIN', 'date': datetime.datetime(2020, 9, 13, 13, 0)}, '2': {'team': 'DET', 'date': datetime.datetime(2020, 9, 20, 13, 0)}, '3': {'team': 'NO', 'date': datetime.datetime(2020, 9, 27, 20, 20)}, '4': {'team': 'ATL', 'date': datetime.datetime(2020, 10, 5, 21, 0)}, '6': {'team': 'TB', 'date': datetime.datetime(2020, 10, 18, 16, 25)}, '7': {'team': 'HOU', 'date': datetime.datetime(2020, 10, 25, 13, 0)}, '8': {'team': 'MIN', 'date': datetime.datetime(2020, 11, 1, 13, 0)}, '9': {'team': 'SF', 'date': datetime.datetime(2020, 11, 5, 20, 20)}, '10': {'team': 'JAX', 'date': datetime.datetime(2020, 11, 15, 13, 0)}, '11': {'team': 'IND', 'date': datetime.datetime(2020, 11, 22, 16, 25)}, '12': {'team': 'CHI', 'date': datetime.datetime(2020, 11, 29, 20, 20)}, '13': {'team': 'PHI', 'date': datetime.datetime(2020, 12, 6, 16, 25)}, '14': {'team': 'DET', 'date': datetime.datetime(2020, 12, 13, 16, 25)}, '15': {'team': 'CAR', 'date': datetime.datetime(2020, 12, 19, 20, 15)}, '16': {'team': 'TEN', 'date': datetime.datetime(2020, 12, 27, 20, 20)}, '17': {'team': 'CHI', 'date': datetime.datetime(2021, 1, 3, 16, 25)}}","['RB/WR', 'WR', 'WR/TE', 'RB/WR/TE', 'OP', 'BE', 'IR']",BE,4.0,3.0,1.0,1.0,1.0,1.0,,,,,,,,,,,,,1.0,,,,,,,,,,,,,,,,,,,,,,,,,,,,,,,,,,,,,,,,,,,,,,,,,,,,,,1.0,1.0,,,,,,,,,,,,,,,,,,,,,,,,,,,,,,,,,,,,,,,,,,,,,,,,,,,,,,,,,,,,,,,,,,,,,,,,,,,,,,,,,,,,,,,,,,,,,,,,,,,,,,,,,,,,,,,,,,,,,,,,,,,,,,,,,,,,,,,,,,,,,,,,,,,,,,,,,,,,,,,,,,,,,,,2020,,,,,,,,,,,,,,,,,,,,,,,,,,,,,,,,,,,,,
74.0,7.4,48.37,3.46,67.0,27.4,3.0,51.0,23.0,9.0,7.0,1.0,,10.0,2.0,,,,,4.08955224,25.0,19.2,3.0,37.0,15.0,6.0,4.0,,1.0,33.0,206.0,7.68,,,,,,,,4.0,6.0,36.0,3.0,,10.0,46.98715312,14.00138905,1.56321345,0.040151959,39.0,19.0,9.0,7.0,3.0,9.0,4.0,0.088822262,0.062175583,0.12,0.00409,4.209014746,11.53062573,0.751619102,0.032389892,0.095368713,0.062323454,32.0,16.0,8.0,6.0,3.0,17.5398515,3.0,1.0,0.062867599,0.001944359,23.47626192,9.285716493,0.072541852,0.00307,0.50785334,0.189576758,0.697430099,0.233612537,0.106162985,0.339775521,0.339775521,14.125,Rex Burkhead,NE,ADD,47,15971,6,Husky Express,BE,"{'1': {'team': 'MIA', 'date': datetime.datetime(2020, 9, 13, 13, 0)}, '2': {'team': 'SEA', 'date': datetime.datetime(2020, 9, 20, 20, 20)}, '3': {'team': 'LV', 'date': datetime.datetime(2020, 9, 27, 13, 0)}, '4': {'team': 'KC', 'date': datetime.datetime(2020, 10, 5, 19, 5)}, '6': {'team': 'DEN', 'date': datetime.datetime(2020, 10, 18, 13, 0)}, '7': {'team': 'SF', 'date': datetime.datetime(2020, 10, 25, 16, 25)}, '8': {'team': 'BUF', 'date': datetime.datetime(2020, 11, 1, 13, 0)}, '9': {'team': 'NYJ', 'date': datetime.datetime(2020, 11, 9, 20, 15)}, '10': {'team': 'BAL', 'date': datetime.datetime(2020, 11, 15, 20, 20)}, '11': {'team': 'HOU', 'date': datetime.datetime(2020, 11, 22, 13, 0)}, '12': {'team': 'ARI', 'date': datetime.datetime(2020, 11, 29, 13, 0)}, '13': {'team': 'LAC', 'date': datetime.datetime(2020, 12, 6, 16, 25)}, '14': {'team': 'LAR', 'date': datetime.datetime(2020, 12, 10, 20, 20)}, '15': {'team': 'MIA', 'date': datetime.datetime(2020, 12, 20, 13, 0)}, '16': {'team': 'BUF', 'date': datetime.datetime(2020, 12, 28, 20, 15)}, '17': {'team': 'NYJ', 'date': datetime.datetime(2021, 1, 3, 13, 0)}}","['RB', 'RB/WR', 'RB/WR/TE', 'OP', 'BE', 'IR']",BE,,,,,,,,,,,,,,,,,,,1.0,1.0,,,,,,,,,,,,,,,,,,,,,,,,,,,,,,,,,,,,,,,,,,,,,,,,,,,,,1.0,,,,,,,,,,,,,,,,,,,,,,,,,,,,,,,,,,,,,,,,,,,,,,,,,,,,,,,,,,,,,,,,,,,,,,,,,,,,,,,,,,,,,,,,,,,,,,,,,,,,,,,,,,,,,,,,,,,,,,,,,,,,,,,,,,,,,,,,,,,,,,,,,,,,,,,,,,,,,,,,,,,,,,,,2020,,,,,,,,,,,,,,,,,,,,,,,,,,,,,,,,,,,,,
122.0,8.13,101.28,6.75,41.0,13.33333333,2.0,35.0,14.0,6.0,4.0,1.0,,1.0,,,,,,4.87804878,77.0,56.73333333,3.0,165.0,78.0,35.0,26.0,10.0,9.0,97.0,332.0,11.05194805,,1.0,,,,2.0,2.0,5.0,10.0,30.0,1.0,,15.0,14.17809325,6.314142339,0.639142278,0.022387826,19.0,9.0,4.0,3.0,1.0,2.0,1.0,0.02621501,0.018350507,0.0242,0.000825,6.708008428,41.44665643,4.383144661,0.236391728,0.087944489,0.057471723,124.0,62.0,31.0,24.0,12.0,51.06594515,10.0,5.0,0.782627447,0.024204973,91.87589549,12.22517787,0.258779554,0.00155,0.076654583,0.276090633,0.352745216,0.035261108,0.154610754,0.189871862,0.189871862,15.0625,Curtis Samuel,CAR,ADD,31,3121427,6,Husky Express,BE,"{'1': {'team': 'LV', 'date': datetime.datetime(2020, 9, 13, 13, 0)}, '2': {'team': 'TB', 'date': datetime.datetime(2020, 9, 20, 13, 0)}, '3': {'team': 'LAC', 'date': datetime.datetime(2020, 9, 27, 16, 5)}, '4': {'team': 'ARI', 'date': datetime.datetime(2020, 10, 4, 13, 0)}, '5': {'team': 'ATL', 'date': datetime.datetime(2020, 10, 11, 13, 0)}, '6': {'team': 'CHI', 'date': datetime.datetime(2020, 10, 18, 13, 0)}, '7': {'team': 'NO', 'date': datetime.datetime(2020, 10, 25, 13, 0)}, '8': {'team': 'ATL', 'date': datetime.datetime(2020, 10, 29, 20, 20)}, '9': {'team': 'KC', 'date': datetime.datetime(2020, 11, 8, 13, 0)}, '10': {'team': 'TB', 'date': datetime.datetime(2020, 11, 15, 13, 0)}, '11': {'team': 'DET', 'date': datetime.datetime(2020, 11, 22, 13, 0)}, '12': {'team': 'MIN', 'date': datetime.datetime(2020, 11, 29, 13, 0)}, '14': {'team': 'DEN', 'date': datetime.datetime(2020, 12, 13, 13, 0)}, '15': {'team': 'GB', 'date': datetime.datetime(2020, 12, 19, 20, 15)}, '16': {'team': 'WSH', 'date': datetime.datetime(2020, 12, 27, 16, 5)}, '17': {'team': 'NO', 'date': datetime.datetime(2021, 1, 3, 16, 25)}}","['RB/WR', 'WR', 'WR/TE', 'RB/WR/TE', 'OP', 'BE', 'IR']",BE,,,3.0,3.0,1.0,,,,,,,,,,,,,,,1.0,,,,,,,,,,,,,,,,,,,,,,,,,,,,,,,,,,,,,,,,,,,,,,,,,,,,,2.0,,1.0,,,,,,,,,,,,,,,,,,,,,,,,,,,,,,,,,,,,,,,,,,,,,,,,,,,,,,,,,,,,,,,,,,,,,,,,,,,,,,,,,,,,,,,,,,,,,,,,,,,,,,,,,,,,,,,,,,,,,,,,,,,,,,,,,,,,,,,,,,,,,,,,,,,,,,,,,,,,,,,,,,,,,,2020,,,,,,,,,,,,,,,,,,,,,,,,,,,,,,,,,,,,,
99.0,6.19,43.51,3.11,85.0,22.8125,1.0,69.0,30.0,12.0,9.0,3.0,,11.0,2.0,,,,,4.29411765,80.0,36.8125,2.0,114.0,53.0,23.0,16.0,4.0,10.0,110.0,512.0,7.3625,1.0,3.0,,1.0,1.0,3.0,3.0,7.0,9.0,18.0,1.0,,16.0,28.14025798,8.57156013,0.726296041,0.0273,24.0,12.0,6.0,4.0,2.0,5.0,2.0,0.0524,0.0367,0.0395,0.00135,4.302493848,15.65078962,0.874680373,0.046520099,0.057320678,0.037459063,44.0,22.0,11.0,8.0,4.0,27.71545388,5.0,2.0,0.083936153,0.0026,36.03880877,7.976322678,0.073838473,0.00106,0.122,0.119816229,0.241468922,0.056,0.067097088,0.123057327,0.123057327,14.125,J.D. McKissic,WSH,ADD,34,2572861,6,Husky Express,BE,"{'1': {'team': 'PHI', 'date': datetime.datetime(2020, 9, 13, 13, 0)}, '2': {'team': 'ARI', 'date': datetime.datetime(2020, 9, 20, 16, 5)}, '3': {'team': 'CLE', 'date': datetime.datetime(2020, 9, 27, 13, 0)}, '4': {'team': 'BAL', 'date': datetime.datetime(2020, 10, 4, 13, 0)}, '5': {'team': 'LAR', 'date': datetime.datetime(2020, 10, 11, 13, 0)}, '6': {'team': 'NYG', 'date': datetime.datetime(2020, 10, 18, 13, 0)}, '7': {'team': 'DAL', 'date': datetime.datetime(2020, 10, 25, 13, 0)}, '9': {'team': 'NYG', 'date': datetime.datetime(2020, 11, 8, 13, 0)}, '10': {'team': 'DET', 'date': datetime.datetime(2020, 11, 15, 13, 0)}, '11': {'team': 'CIN', 'date': datetime.datetime(2020, 11, 22, 13, 0)}, '12': {'team': 'DAL', 'date': datetime.datetime(2020, 11, 26, 16, 30)}, '13': {'team': 'PIT', 'date': datetime.datetime(2020, 12, 7, 17, 0)}, '14': {'team': 'SF', 'date': datetime.datetime(2020, 12, 13, 16, 25)}, '15': {'team': 'SEA', 'date': datetime.datetime(2020, 12, 20, 13, 0)}, '16': {'team': 'CAR', 'date': datetime.datetime(2020, 12, 27, 16, 5)}, '17': {'team': 'PHI', 'date': datetime.datetime(2021, 1, 3, 20, 20)}}","['RB', 'RB/WR', 'RB/WR/TE', 'OP', 'BE', 'IR']",BE,,,,,2.0,1.0,,,,,,,,,,,,1.0,1.0,1.0,,,,,,,,,,,,,,,,,,,,,,,,,,,,,,,,,,,,,,,,,,,,,,,,,,,,,,,,,,,,,,,,,,,,,,,,,,,,,,,,,,,,,,,,,,,,,,,,,,,,,,,,,,,,,,,,,,,,,,,,,,,,,,,,,,,,,,,,,,,,,,,,,,,,,,,,,,,,,,,,,,,,,,,,,,,,,,,,,,,,,,,,,,,,,,,,,,,,,,,,,,,,,,,,,,,,,,,,,,,,,2020,,,,,,,,,,,,,,,,,,,,,,,,,,,,,,,,,,,,,
272.0,17.0,281.87,18.79,29.0,5.75,2.0,17.0,6.0,1.0,1.0,,,1.0,,,,,,3.17241379,,,,,,,,,,,,,2.0,6.0,1.0,3.0,14.0,,,4.0,12.0,12.0,1.0,,16.0,32.06380236,8.184888991,0.999440479,0.073018881,24.0,12.0,6.0,4.0,2.0,6.0,3.0,0.059891944,0.041924361,0.0418,0.00143,3.892849504,,,,,,,,,,,,,,,,,,2.082912692,0.0392,0.423757568,,8.902678603,0.194928481,,4.264810578,16.65020087,15.25,Matt Ryan,ATL,ADD,13,11237,6,Husky Express,BE,"{'1': {'team': 'SEA', 'date': datetime.datetime(2020, 9, 13, 13, 0)}, '2': {'team': 'DAL', 'date': datetime.datetime(2020, 9, 20, 13, 0)}, '3': {'team': 'CHI', 'date': datetime.datetime(2020, 9, 27, 13, 0)}, '4': {'team': 'GB', 'date': datetime.datetime(2020, 10, 5, 21, 0)}, '5': {'team': 'CAR', 'date': datetime.datetime(2020, 10, 11, 13, 0)}, '6': {'team': 'MIN', 'date': datetime.datetime(2020, 10, 18, 13, 0)}, '7': {'team': 'DET', 'date': datetime.datetime(2020, 10, 25, 13, 0)}, '8': {'team': 'CAR', 'date': datetime.datetime(2020, 10, 29, 20, 20)}, '9': {'team': 'DEN', 'date': datetime.datetime(2020, 11, 8, 13, 0)}, '11': {'team': 'NO', 'date': datetime.datetime(2020, 11, 22, 13, 0)}, '12': {'team': 'LV', 'date': datetime.datetime(2020, 11, 29, 13, 0)}, '13': {'team': 'NO', 'date': datetime.datetime(2020, 12, 6, 13, 0)}, '14': {'team': 'LAC', 'date': datetime.datetime(2020, 12, 13, 16, 25)}, '15': {'team': 'TB', 'date': datetime.datetime(2020, 12, 20, 13, 0)}, '16': {'team': 'KC', 'date': datetime.datetime(2020, 12, 27, 13, 0)}, '17': {'team': 'TB', 'date': datetime.datetime(2021, 1, 3, 13, 0)}}","['QB', 'OP', 'BE', 'IR']",BE,,,,,,,,,,,,,,,,,,,,,626.0,407.0,219.0,286.3125,26.0,911.0,452.0,222.0,176.0,84.0,37.0,74.0,33.0,39.0,15.0,3.0,1.0,4.0,1.0,11.0,0.65015974,41.0,4.0,15.0,4.0,3.0,1.0,599.1657984,389.4578694,209.7079289,296.0870127,28.19264465,903.0,451.0,225.0,180.0,90.0,45.0,77.0,38.0,4.224272174,2.760561866,5.773445109,0.779841053,2.00989381,12.38539029,0.650000168,42.39548292,8.478921035,4.069882097,,,,,1.0,,,,,,,,,,,,,,,,,,,,,,,,,,,,,,,,,,,,,,,,,,,,,,,,,,,,,,,,,,,,,,,,,,,,,,,,,,,,,,,,,,,,,,,,,,,,,,,,,,,,,,,,,,,,,,,,,,,,,,,,,,2.0,,,,,,,1.0,,,,,,,,,,,,,,,,,,,,,,,,,,,,,,,,,,,,,2020,,,,,,,,,,,,,,,,,,,,,,,,,,,,,,,,,,,,,
56.0,5.09,0.0,0.0,91.0,27.54545455,3.0,55.0,25.0,10.0,7.0,2.0,,14.0,4.0,,,,,3.32967033,29.0,15.09090909,,30.0,13.0,4.0,3.0,,3.0,37.0,222.0,5.72413793,1.0,1.0,,,,,,5.0,6.0,18.0,3.0,,11.0,,,,,,,,,,,,,,,,,,,,,,,,,,,,,,,,,,,,,,,,,,,,Kalen Ballage,LAC,ADD,61,3128774,6,Husky Express,BE,"{'1': {'team': 'CIN', 'date': datetime.datetime(2020, 9, 13, 16, 5)}, '2': {'team': 'KC', 'date': datetime.datetime(2020, 9, 20, 16, 25)}, '3': {'team': 'CAR', 'date': datetime.datetime(2020, 9, 27, 16, 5)}, '4': {'team': 'TB', 'date': datetime.datetime(2020, 10, 4, 13, 0)}, '5': {'team': 'NO', 'date': datetime.datetime(2020, 10, 12, 20, 15)}, '7': {'team': 'JAX', 'date': datetime.datetime(2020, 10, 25, 16, 25)}, '8': {'team': 'DEN', 'date': datetime.datetime(2020, 11, 1, 16, 5)}, '9': {'team': 'LV', 'date': datetime.datetime(2020, 11, 8, 16, 5)}, '10': {'team': 'MIA', 'date': datetime.datetime(2020, 11, 15, 16, 5)}, '11': {'team': 'NYJ', 'date': datetime.datetime(2020, 11, 22, 16, 5)}, '12': {'team': 'BUF', 'date': datetime.datetime(2020, 11, 29, 13, 0)}, '13': {'team': 'NE', 'date': datetime.datetime(2020, 12, 6, 16, 25)}, '14': {'team': 'ATL', 'date': datetime.datetime(2020, 12, 13, 16, 25)}, '15': {'team': 'LV', 'date': datetime.datetime(2020, 12, 17, 20, 20)}, '16': {'team': 'DEN', 'date': datetime.datetime(2020, 12, 27, 16, 5)}, '17': {'team': 'KC', 'date': datetime.datetime(2021, 1, 3, 16, 25)}}","['RB', 'RB/WR', 'RB/WR/TE', 'OP', 'BE', 'IR']",BE,,,,,,,,,,,,,,,,,,,,,,,,,,,,,,,,,,,,,,,,,,,,,,,,,,,,,,,,,,,,,,,,,,,,,,,,,,,,,,,,,,,,,,,,,,,,,,,,,,,,,,,,,,,,,,,,,,,,,,,,,,,,,,,,,,,,,,,,,,,,,,,,,,,,,,,,,,,,,,,,,,,,,,,,,,,,,,,,,,,,,,,,,,,,,,,,,,,,,,,,,,,,,,,,,,,,,,,,,,,,,,,,,,,,,,,,,,,,,,,,,2020,,,,,,,,,,,,,,,,,,,,,,,,,,,,,,,,,,,,,
140.0,8.75,147.14,9.81,6.0,0.875,,4.0,1.0,,,,,,,,,,,2.33333333,92.0,69.625,5.0,218.0,107.0,51.0,38.0,15.0,13.0,130.0,408.0,12.10869565,,,,,,3.0,3.0,6.0,10.0,32.0,,,16.0,2.041444296,0.807199714,0.058167227,0.00206,2.0,1.0,,,,,,0.00375,0.00262,0.000316,1.08e-05,5.955805757,71.374956,6.504283239,0.339509519,0.297811614,0.194619889,215.0,107.0,53.0,43.0,21.0,75.14731091,15.0,7.0,3.281277861,0.10148282,117.5630684,14.30637054,0.341567331,0.00371,0.0223,0.820485539,0.842774767,0.0103,0.459471902,0.469724947,0.469724947,15.0625,Amari Cooper,DAL,ADD,15,2976499,6,Husky Express,BE,"{'1': {'team': 'LAR', 'date': datetime.datetime(2020, 9, 13, 20, 20)}, '2': {'team': 'ATL', 'date': datetime.datetime(2020, 9, 20, 13, 0)}, '3': {'team': 'SEA', 'date': datetime.datetime(2020, 9, 27, 16, 25)}, '4': {'team': 'CLE', 'date': datetime.datetime(2020, 10, 4, 13, 0)}, '5': {'team': 'NYG', 'date': datetime.datetime(2020, 10, 11, 16, 25)}, '6': {'team': 'ARI', 'date': datetime.datetime(2020, 10, 19, 20, 15)}, '7': {'team': 'WSH', 'date': datetime.datetime(2020, 10, 25, 13, 0)}, '8': {'team': 'PHI', 'date': datetime.datetime(2020, 11, 1, 20, 20)}, '9': {'team': 'PIT', 'date': datetime.datetime(2020, 11, 8, 16, 25)}, '11': {'team': 'MIN', 'date': datetime.datetime(2020, 11, 22, 16, 25)}, '12': {'team': 'WSH', 'date': datetime.datetime(2020, 11, 26, 16, 30)}, '13': {'team': 'BAL', 'date': datetime.datetime(2020, 12, 8, 20, 5)}, '14': {'team': 'CIN', 'date': datetime.datetime(2020, 12, 13, 13, 0)}, '15': {'team': 'SF', 'date': datetime.datetime(2020, 12, 20, 13, 0)}, '16': {'team': 'PHI', 'date': datetime.datetime(2020, 12, 27, 16, 25)}, '17': {'team': 'NYG', 'date': datetime.datetime(2021, 1, 3, 13, 0)}}","['RB/WR', 'WR', 'WR/TE', 'RB/WR/TE', 'OP', 'BE', 'IR']",BE,1.0,1.0,4.0,4.0,,,,,,,,,,,,,,2.0,2.0,1.0,,,,,,,,,,,,,,,,,,,,,,,,,,,,,,,,,,,,,,,,,,,,,,,,,,,,1.0,1.0,,,,,,,,,,,,,,,,,,,,,,,,,,,,,,,,,,,,,,,,,,,,,,,,,,,,,,,,,,,,,,,,,,,,,,,,,,,,,,,,,,,,,,,,,,,,,,,,,,,,,,,,,,,,,,,,,,,,,,,,,,,,,,,,,1.0,,,,,,,,,,,,,,,,,,,,,,,,,,,,,,,,,,,,,,,2020,,,,,,,,,,,,,,,,,,,,,,,,,,,,,,,,,,,,,
327.0,20.44,238.48,15.9,43.0,16.625,7.0,48.0,21.0,8.0,5.0,1.0,,1.0,,1.0,,,,6.18604651,1.0,,,,,,,,,1.0,6.0,,1.0,6.0,,1.0,8.0,,,11.0,5.0,46.0,4.0,,16.0,58.24814568,13.56311151,2.31718298,0.0493,41.0,20.0,10.0,8.0,4.0,11.0,5.0,0.11,0.0773,0.116,0.00396,3.550970561,,,,,,,,,,,,,,,,,,0.929620077,0.0371,0.913,,8.442760015,0.42,,4.034257467,14.93969716,15.25,Ryan Tannehill,TEN,ADD,7,14876,6,Husky Express,QB,"{'1': {'team': 'DEN', 'date': datetime.datetime(2020, 9, 14, 22, 10)}, '2': {'team': 'JAX', 'date': datetime.datetime(2020, 9, 20, 13, 0)}, '3': {'team': 'MIN', 'date': datetime.datetime(2020, 9, 27, 13, 0)}, '5': {'team': 'BUF', 'date': datetime.datetime(2020, 10, 13, 19, 0)}, '6': {'team': 'HOU', 'date': datetime.datetime(2020, 10, 18, 13, 0)}, '7': {'team': 'PIT', 'date': datetime.datetime(2020, 10, 25, 13, 0)}, '8': {'team': 'CIN', 'date': datetime.datetime(2020, 11, 1, 13, 0)}, '9': {'team': 'CHI', 'date': datetime.datetime(2020, 11, 8, 13, 0)}, '10': {'team': 'IND', 'date': datetime.datetime(2020, 11, 12, 20, 20)}, '11': {'team': 'BAL', 'date': datetime.datetime(2020, 11, 22, 13, 0)}, '12': {'team': 'IND', 'date': datetime.datetime(2020, 11, 29, 13, 0)}, '13': {'team': 'CLE', 'date': datetime.datetime(2020, 12, 6, 13, 0)}, '14': {'team': 'JAX', 'date': datetime.datetime(2020, 12, 13, 13, 0)}, '15': {'team': 'DET', 'date': datetime.datetime(2020, 12, 20, 13, 0)}, '16': {'team': 'GB', 'date': datetime.datetime(2020, 12, 27, 20, 20)}, '17': {'team': 'HOU', 'date': datetime.datetime(2021, 1, 3, 16, 25)}}","['QB', 'OP', 'BE', 'IR']",QB,,,,,,,,,,,,,,,,,,,,,481.0,315.0,166.0,238.6875,33.0,757.0,374.0,183.0,142.0,68.0,31.0,56.0,24.0,26.0,9.0,4.0,3.0,3.0,1.0,7.0,0.65488565,24.0,4.0,19.0,7.0,2.0,1.0,438.1794393,290.2027557,147.9766835,224.5908911,23.84299206,685.0,342.0,171.0,137.0,68.0,34.0,58.0,29.0,2.533996834,1.655966931,2.067782238,0.279303163,0.880324012,10.90543969,0.662292042,41.99247132,7.529393008,3.614108644,,2.0,,,2.0,,,,,,,,,,,,,,,,,,,,,,,,,,,,,,,,,,,,,,,,,,,,,,,,,,,,,,,,,,,,,,,,,,,,,,,,,,,,,,,,,,,,,,,,,,,,,,,,,,,,,,,,,,,,,,,,,,,,,,,,,,1.0,,,,,2.0,,,,,,,,,,,,,,,,,,,,,,,,,,,,,,,,,,,,,,,2020,,,,,,,,,,,,,,,,,,,,,,,,,,,,,,,,,,,,,
281.0,18.73,211.98,15.14,187.0,62.13333333,16.0,181.0,86.0,39.0,31.0,12.0,1.0,31.0,13.0,1.0,,1.0,,4.98395722,83.0,50.4,5.0,146.0,69.0,31.0,23.0,8.0,10.0,107.0,734.0,9.10843373,1.0,1.0,,,,2.0,2.0,11.0,4.0,126.0,14.0,,15.0,195.1737884,62.17922511,7.965362905,0.264146307,175.0,87.0,43.0,35.0,17.0,39.0,19.0,0.398399983,0.278879988,2.12,0.0722,4.499997473,42.80827936,3.117281381,0.139786429,0.057555255,0.037612359,120.0,60.0,30.0,24.0,12.0,78.77498927,15.0,7.0,0.718048975,0.0222077,98.44025967,7.675874686,0.403932736,0.011,1.788240669,0.721760031,2.5100007,0.822590708,0.404185617,1.226776325,1.226776325,14.125,Alvin Kamara,NO,DRAFT,2,3054850,8,Flying Eagles,RB,"{'1': {'team': 'TB', 'date': datetime.datetime(2020, 9, 13, 16, 25)}, '2': {'team': 'LV', 'date': datetime.datetime(2020, 9, 21, 20, 15)}, '3': {'team': 'GB', 'date': datetime.datetime(2020, 9, 27, 20, 20)}, '4': {'team': 'DET', 'date': datetime.datetime(2020, 10, 4, 13, 0)}, '5': {'team': 'LAC', 'date': datetime.datetime(2020, 10, 12, 20, 15)}, '7': {'team': 'CAR', 'date': datetime.datetime(2020, 10, 25, 13, 0)}, '8': {'team': 'CHI', 'date': datetime.datetime(2020, 11, 1, 16, 25)}, '9': {'team': 'TB', 'date': datetime.datetime(2020, 11, 8, 20, 20)}, '10': {'team': 'SF', 'date': datetime.datetime(2020, 11, 15, 16, 25)}, '11': {'team': 'ATL', 'date': datetime.datetime(2020, 11, 22, 13, 0)}, '12': {'team': 'DEN', 'date': datetime.datetime(2020, 11, 29, 16, 5)}, '13': {'team': 'ATL', 'date': datetime.datetime(2020, 12, 6, 13, 0)}, '14': {'team': 'PHI', 'date': datetime.datetime(2020, 12, 13, 16, 25)}, '15': {'team': 'KC', 'date': datetime.datetime(2020, 12, 20, 16, 25)}, '16': {'team': 'MIN', 'date': datetime.datetime(2020, 12, 25, 16, 30)}, '17': {'team': 'CAR', 'date': datetime.datetime(2021, 1, 3, 16, 25)}}","['RB', 'RB/WR', 'RB/WR/TE', 'OP', 'BE', 'IR']",RB,1.0,1.0,1.0,1.0,,,44.0,4.0,1.0,,0.0098076,,10.402,,,1.0,,1.0,1.0,,,,,,,,,,,,,,,,,,,,,,,,,,,,,,,,,,,,,,,,,,,,,,,,,,,,,,3.0,,1.0,,,,,,,,,,,,,,,,,,,,,,,,,,,,,,,,,,,,,,,,,,,,,,,,,,,,,,,,,,,,,,,,,,,,,,,,,,,,,,,,,,,,,,,,,,,,,,,,,,,,,,,,,,,,,,,,,,,,,,,,,,,,,,,,,,,,,,,,,,,,,,,,,,,,,,,,,,,,,,,,,,,,,,2020,,,,,,,,,,,,,,,,,,,,,,,,,,,,,,,,,,,,,
154.0,10.27,191.24,13.66,239.0,63.66666667,10.0,186.0,89.0,42.0,32.0,11.0,2.0,43.0,19.0,1.0,1.0,2.0,,3.9958159,25.0,9.13333333,,23.0,7.0,1.0,1.0,,,31.0,166.0,5.48,3.0,3.0,1.0,1.0,1.0,1.0,1.0,8.0,7.0,60.0,9.0,,15.0,199.7077021,65.98542431,7.86621777,0.286,186.0,93.0,46.0,37.0,18.0,39.0,19.0,0.409,0.286,2.38,0.0813,4.667041425,28.58174838,2.071513664,0.106405827,0.042714235,0.027913753,80.0,40.0,20.0,16.0,8.0,53.61550417,10.0,5.0,0.247468535,0.007653666,71.33729937,7.529859173,0.392704877,0.0102,1.825581147,0.490113564,2.31569471,0.84,0.274463596,1.114230923,1.114230923,14.125,Kenyan Drake,ARI,DRAFT,11,2979843,8,Flying Eagles,RB,"{'1': {'team': 'SF', 'date': datetime.datetime(2020, 9, 13, 16, 25)}, '2': {'team': 'WSH', 'date': datetime.datetime(2020, 9, 20, 16, 5)}, '3': {'team': 'DET', 'date': datetime.datetime(2020, 9, 27, 16, 25)}, '4': {'team': 'CAR', 'date': datetime.datetime(2020, 10, 4, 13, 0)}, '5': {'team': 'NYJ', 'date': datetime.datetime(2020, 10, 11, 13, 0)}, '6': {'team': 'DAL', 'date': datetime.datetime(2020, 10, 19, 20, 15)}, '7': {'team': 'SEA', 'date': datetime.datetime(2020, 10, 25, 20, 20)}, '9': {'team': 'MIA', 'date': datetime.datetime(2020, 11, 8, 16, 25)}, '10': {'team': 'BUF', 'date': datetime.datetime(2020, 11, 15, 16, 5)}, '11': {'team': 'SEA', 'date': datetime.datetime(2020, 11, 19, 20, 20)}, '12': {'team': 'NE', 'date': datetime.datetime(2020, 11, 29, 13, 0)}, '13': {'team': 'LAR', 'date': datetime.datetime(2020, 12, 6, 16, 5)}, '14': {'team': 'NYG', 'date': datetime.datetime(2020, 12, 13, 13, 0)}, '15': {'team': 'PHI', 'date': datetime.datetime(2020, 12, 20, 16, 5)}, '16': {'team': 'SF', 'date': datetime.datetime(2020, 12, 26, 16, 30)}, '17': {'team': 'LAR', 'date': datetime.datetime(2021, 1, 3, 16, 25)}}","['RB', 'RB/WR', 'RB/WR/TE', 'OP', 'BE', 'IR']",RB,,,,,,,,,,,,,,,,,,,,,,,,,,,,,,,,,,,,,,,,,,,,,,,,,,,,,,,,,,,,,,,,,,,,,,,,,,,,,,,,,,,,,,,,,,,,,,,,,,,,,,,,,,,,,,,,,,,,,,,,,,,,,,,,,,,,,,,,,,,,,,,,,,,,,,,,,,,,,,,,,,,,,,,,,,,,,,,,,,,,,,,,,,,,,,,,,,,,,,,,,,,,,,,,,,,,,,,,,,,,,,,,,,,,,,,,,,,,,,,,,2020,,,,,,,,,,,,,,,,,,,,,,,,,,,,,,,,,,,,,
173.0,10.81,155.65,11.12,,,,,,,,,,,,,,,,,70.0,62.875,13.0,196.0,95.0,44.0,34.0,14.0,9.0,109.0,268.0,14.37142857,,,,,,,,11.0,5.0,78.0,,1.0,16.0,,,,,,,,,,,,,,,,,75.13329421,8.403933636,0.43238625,0.226732626,0.148169771,211.0,105.0,52.0,42.0,21.0,68.66119709,13.0,6.0,3.433283208,0.106,121.9819806,15.38805023,0.43238625,0.00255,,0.580340655,0.580340655,,0.324990767,0.324990767,0.324990767,14.0625,Mike Evans,TB,DRAFT,6,16737,8,Flying Eagles,WR,"{'1': {'team': 'NO', 'date': datetime.datetime(2020, 9, 13, 16, 25)}, '2': {'team': 'CAR', 'date': datetime.datetime(2020, 9, 20, 13, 0)}, '3': {'team': 'DEN', 'date': datetime.datetime(2020, 9, 27, 16, 25)}, '4': {'team': 'LAC', 'date': datetime.datetime(2020, 10, 4, 13, 0)}, '5': {'team': 'CHI', 'date': datetime.datetime(2020, 10, 8, 20, 20)}, '6': {'team': 'GB', 'date': datetime.datetime(2020, 10, 18, 16, 25)}, '7': {'team': 'LV', 'date': datetime.datetime(2020, 10, 25, 16, 5)}, '8': {'team': 'NYG', 'date': datetime.datetime(2020, 11, 2, 20, 15)}, '9': {'team': 'NO', 'date': datetime.datetime(2020, 11, 8, 20, 20)}, '10': {'team': 'CAR', 'date': datetime.datetime(2020, 11, 15, 13, 0)}, '11': {'team': 'LAR', 'date': datetime.datetime(2020, 11, 23, 20, 15)}, '12': {'team': 'KC', 'date': datetime.datetime(2020, 11, 29, 16, 25)}, '14': {'team': 'MIN', 'date': datetime.datetime(2020, 12, 13, 13, 0)}, '15': {'team': 'ATL', 'date': datetime.datetime(2020, 12, 20, 13, 0)}, '16': {'team': 'DET', 'date': datetime.datetime(2020, 12, 26, 13, 0)}, '17': {'team': 'ATL', 'date': datetime.datetime(2021, 1, 3, 13, 0)}}","['RB/WR', 'WR', 'WR/TE', 'RB/WR/TE', 'OP', 'BE', 'IR']",WR,,,4.0,4.0,,,,,,,,,,,,,,1.0,9.0,3.0,,,,,,,,,,,,,,,,,,,,,,,,,,,,,,,,,,,,,,,,,,,,,,,,,,,,,,,,,,,,,,,,,,,,,,,,,,,,,,,,,,,,,,,,,,,,,,,,,,,,,,,,,,,,,,,,,,,,,,,,,,,,,,,,,,,,,,,,,,,,,,,,,,,,,,,,,,,,,,,,,,,,,,,,,,,,,,,,,,,,,,,,,,,,,,,,,,,,,,,,,,,,,,,,,,,,,,,,,,,,,2020,,,,,,,,,,,,,,,,,,,,,,,,,,,,,,,,,,,,,
44.0,8.8,148.35,10.6,,,,,,,,,,,,,,,,,20.0,67.6,2.0,66.0,32.0,15.0,12.0,6.0,2.0,32.0,46.0,16.9,,,,,,,,3.0,2.0,12.0,,,5.0,,,,,,,,,,,,,,,,,74.04170181,7.4110446,0.349356471,0.330937761,0.216267827,208.0,104.0,52.0,41.0,20.0,61.62778307,12.0,6.0,3.319594338,0.103,108.7213981,16.89516286,0.349356471,0.00329,,0.746918724,0.746918724,,0.418274486,0.418274486,0.418274486,14.0625,Kenny Golladay,DET,DRAFT,92,2974858,8,Flying Eagles,BE,"{'1': {'team': 'CHI', 'date': datetime.datetime(2020, 9, 13, 13, 0)}, '2': {'team': 'GB', 'date': datetime.datetime(2020, 9, 20, 13, 0)}, '3': {'team': 'ARI', 'date': datetime.datetime(2020, 9, 27, 16, 25)}, '4': {'team': 'NO', 'date': datetime.datetime(2020, 10, 4, 13, 0)}, '6': {'team': 'JAX', 'date': datetime.datetime(2020, 10, 18, 13, 0)}, '7': {'team': 'ATL', 'date': datetime.datetime(2020, 10, 25, 13, 0)}, '8': {'team': 'IND', 'date': datetime.datetime(2020, 11, 1, 13, 0)}, '9': {'team': 'MIN', 'date': datetime.datetime(2020, 11, 8, 13, 0)}, '10': {'team': 'WSH', 'date': datetime.datetime(2020, 11, 15, 13, 0)}, '11': {'team': 'CAR', 'date': datetime.datetime(2020, 11, 22, 13, 0)}, '12': {'team': 'HOU', 'date': datetime.datetime(2020, 11, 26, 12, 30)}, '13': {'team': 'CHI', 'date': datetime.datetime(2020, 12, 6, 13, 0)}, '14': {'team': 'GB', 'date': datetime.datetime(2020, 12, 13, 16, 25)}, '15': {'team': 'TEN', 'date': datetime.datetime(2020, 12, 20, 13, 0)}, '16': {'team': 'TB', 'date': datetime.datetime(2020, 12, 26, 13, 0)}, '17': {'team': 'MIN', 'date': datetime.datetime(2021, 1, 3, 13, 0)}}","['RB/WR', 'WR', 'WR/TE', 'RB/WR/TE', 'OP', 'BE', 'IR']",BE,,,2.0,2.0,,,,,,,,,,,,,,,,,,,,,,,,,,,,,,,,,,,,,,,,,,,,,,,,,,,,,,,,,,,,,,,,,,,,,2.0,,,,,,,,,,,,,,,,,,,,,,,,,,,,,,,,,,,,,,,,,,,,,,,,,,,,,,,,,,,,,,,,,,,,,,,,,,,,,,,,,,,,,,,,,,,,,,,,,,,,,,,,,,,,,,,,,,,,,,,,,,,,,,,,,,,,,,,,,,,,,,,,,,,,,,,,,,,,,,,,,,,,,,,,2020,,,,,,,,,,,,,,,,,,,,,,,,,,,,,,,,,,,,,
80.0,5.71,92.65,6.62,,,,,,,,,,,,,,,,,60.0,43.78571429,4.0,117.0,56.0,25.0,17.0,5.0,6.0,93.0,242.0,10.21666667,,,,,,1.0,1.0,5.0,9.0,24.0,,,14.0,,,,,,,,,,,,,,,,,46.44205231,4.665882894,0.221880182,0.176091017,0.11507548,131.0,65.0,32.0,26.0,13.0,54.22075292,10.0,5.0,0.898009662,0.0278,82.07184743,12.09857764,0.221880182,0.00319,,0.725258218,0.725258218,,0.406144602,0.406144602,0.406144602,14.125,Hunter Henry,LAC,DRAFT,11,3046439,8,Flying Eagles,BE,"{'1': {'team': 'CIN', 'date': datetime.datetime(2020, 9, 13, 16, 5)}, '2': {'team': 'KC', 'date': datetime.datetime(2020, 9, 20, 16, 25)}, '3': {'team': 'CAR', 'date': datetime.datetime(2020, 9, 27, 16, 5)}, '4': {'team': 'TB', 'date': datetime.datetime(2020, 10, 4, 13, 0)}, '5': {'team': 'NO', 'date': datetime.datetime(2020, 10, 12, 20, 15)}, '7': {'team': 'JAX', 'date': datetime.datetime(2020, 10, 25, 16, 25)}, '8': {'team': 'DEN', 'date': datetime.datetime(2020, 11, 1, 16, 5)}, '9': {'team': 'LV', 'date': datetime.datetime(2020, 11, 8, 16, 5)}, '10': {'team': 'MIA', 'date': datetime.datetime(2020, 11, 15, 16, 5)}, '11': {'team': 'NYJ', 'date': datetime.datetime(2020, 11, 22, 16, 5)}, '12': {'team': 'BUF', 'date': datetime.datetime(2020, 11, 29, 13, 0)}, '13': {'team': 'NE', 'date': datetime.datetime(2020, 12, 6, 16, 25)}, '14': {'team': 'ATL', 'date': datetime.datetime(2020, 12, 13, 16, 25)}, '15': {'team': 'LV', 'date': datetime.datetime(2020, 12, 17, 20, 20)}, '16': {'team': 'DEN', 'date': datetime.datetime(2020, 12, 27, 16, 5)}, '17': {'team': 'KC', 'date': datetime.datetime(2021, 1, 3, 16, 25)}}","['WR/TE', 'TE', 'RB/WR/TE', 'OP', 'BE', 'IR']",BE,,,,,,,,,,,,,,,,,,,3.0,,,,,,,,,,,,,,,,,,,,,,,,,,,,,,,,,,,,,,,,,,,,,,,,,,,,,,1.0,,,,,,,,,,,,,,,,,,,,,,,,,,,,,,,,,,,,,,,,,,,,,,,,,,,,,,,,,,,,,,,,,,,,,,,,,,,,,,,,,,,,,,,,,,,,,,,,,,,,,,,,,,,,,,,,,,,,,,,,,,,,,,,,,,,,,,,,,,,,,,,,,,,,,,,,,,,,,,,,,,,,,,,,2020,,,,,,,,,,,,,,,,,,,,,,,,,,,,,,,,,,,,,
380.0,23.75,272.4,19.46,102.0,26.3125,8.0,77.0,35.0,13.0,10.0,2.0,,12.0,3.0,,,,,4.12745098,1.0,0.75,1.0,2.0,1.0,,,,,1.0,17.0,12.0,4.0,9.0,4.0,6.0,16.0,1.0,1.0,13.0,3.0,54.0,7.0,,16.0,97.24500749,37.3876048,5.545918988,0.185087783,110.0,55.0,27.0,22.0,11.0,19.0,9.0,0.188374614,0.13186223,0.833,0.0284,5.67859407,,,,,,,,,,,,,,,,,,1.281242315,0.0496,1.779293658,,11.26145066,0.818475083,,5.369910443,16.28037972,14.77,Josh Allen,BUF,DRAFT,1,3918298,8,Flying Eagles,QB,"{'1': {'team': 'NYJ', 'date': datetime.datetime(2020, 9, 13, 13, 0)}, '2': {'team': 'MIA', 'date': datetime.datetime(2020, 9, 20, 13, 0)}, '3': {'team': 'LAR', 'date': datetime.datetime(2020, 9, 27, 13, 0)}, '4': {'team': 'LV', 'date': datetime.datetime(2020, 10, 4, 16, 25)}, '5': {'team': 'TEN', 'date': datetime.datetime(2020, 10, 13, 19, 0)}, '6': {'team': 'KC', 'date': datetime.datetime(2020, 10, 19, 17, 0)}, '7': {'team': 'NYJ', 'date': datetime.datetime(2020, 10, 25, 13, 0)}, '8': {'team': 'NE', 'date': datetime.datetime(2020, 11, 1, 13, 0)}, '9': {'team': 'SEA', 'date': datetime.datetime(2020, 11, 8, 13, 0)}, '10': {'team': 'ARI', 'date': datetime.datetime(2020, 11, 15, 16, 5)}, '12': {'team': 'LAC', 'date': datetime.datetime(2020, 11, 29, 13, 0)}, '13': {'team': 'SF', 'date': datetime.datetime(2020, 12, 7, 20, 15)}, '14': {'team': 'PIT', 'date': datetime.datetime(2020, 12, 13, 20, 20)}, '15': {'team': 'DEN', 'date': datetime.datetime(2020, 12, 19, 16, 30)}, '16': {'team': 'NE', 'date': datetime.datetime(2020, 12, 28, 20, 15)}, '17': {'team': 'MIA', 'date': datetime.datetime(2021, 1, 3, 13, 0)}}","['QB', 'OP', 'BE', 'IR']",QB,,,,,,,,,,,,,,,,,,,,,572.0,396.0,176.0,284.0,37.0,902.0,447.0,219.0,174.0,85.0,39.0,71.0,33.0,28.0,9.0,2.0,1.0,6.0,,10.0,0.69230769,26.0,5.0,19.0,6.0,9.0,1.0,480.008623,289.3104247,190.6981983,231.1390884,19.45586019,682.0,341.0,170.0,136.0,68.0,34.0,57.0,28.0,2.519101551,1.646232863,2.046633595,0.276446535,1.096154532,10.91046928,0.602719224,38.22647787,9.482157001,4.55143536,,,1.0,,,1.0,,,,,,,,,,,,,,,,,,,,,,,,,,,,,,,,,,,,,,,,,,,,,,,,,,,,,,,,,,,,,,,,,,,,,,,,,,,,,,,,,,,,,,,,,,,,,,,,,,,,,,,,,,,,,,,,,,,,,,,,,2.0,,,,,,,2.0,,,,,,,,,,,,,,,,,,,,,,,,,,,,,,,,,,,,,2020,,,,,,,,,,,,,,,,,,,,,,,,,,,,,,,,,,,,,
107.0,7.13,133.71,8.91,4.0,0.66666667,1.0,,,,,,,,,,,,,2.5,72.0,56.0,3.0,162.0,78.0,37.0,26.0,9.0,8.0,101.0,346.0,11.66666667,,2.0,,,,,,11.0,4.0,24.0,1.0,,15.0,,,,,,,,,,,,,,,,,64.66574226,6.124743361,0.319239606,0.177842081,0.1162198,194.0,97.0,48.0,38.0,19.0,74.74286792,14.0,7.0,2.579741437,0.079785818,121.6247532,13.03171486,0.319239606,0.00272,,0.618059713,0.618059713,,0.346113439,0.346113439,0.346113439,15.0625,Jarvis Landry,CLE,DRAFT,38,16790,8,Flying Eagles,BE,"{'1': {'team': 'BAL', 'date': datetime.datetime(2020, 9, 13, 13, 0)}, '2': {'team': 'CIN', 'date': datetime.datetime(2020, 9, 17, 20, 20)}, '3': {'team': 'WSH', 'date': datetime.datetime(2020, 9, 27, 13, 0)}, '4': {'team': 'DAL', 'date': datetime.datetime(2020, 10, 4, 13, 0)}, '5': {'team': 'IND', 'date': datetime.datetime(2020, 10, 11, 16, 25)}, '6': {'team': 'PIT', 'date': datetime.datetime(2020, 10, 18, 13, 0)}, '7': {'team': 'CIN', 'date': datetime.datetime(2020, 10, 25, 13, 0)}, '8': {'team': 'LV', 'date': datetime.datetime(2020, 11, 1, 13, 0)}, '10': {'team': 'HOU', 'date': datetime.datetime(2020, 11, 15, 13, 0)}, '11': {'team': 'PHI', 'date': datetime.datetime(2020, 11, 22, 13, 0)}, '12': {'team': 'JAX', 'date': datetime.datetime(2020, 11, 29, 13, 0)}, '13': {'team': 'TEN', 'date': datetime.datetime(2020, 12, 6, 13, 0)}, '14': {'team': 'BAL', 'date': datetime.datetime(2020, 12, 14, 20, 15)}, '15': {'team': 'NYG', 'date': datetime.datetime(2020, 12, 20, 20, 20)}, '16': {'team': 'NYJ', 'date': datetime.datetime(2020, 12, 27, 13, 0)}, '17': {'team': 'PIT', 'date': datetime.datetime(2021, 1, 3, 13, 0)}}","['RB/WR', 'WR', 'WR/TE', 'RB/WR/TE', 'OP', 'BE', 'IR']",BE,,,1.0,1.0,1.0,,,,,,,,,,,,,,3.0,,4.0,4.0,,4.93333333,1.0,13.0,5.0,1.0,1.0,,,,,,,,,,,,1.0,,,,,,1.0,,,,,,,,,,,,,,,,,,,,,,,,,,,,,,,,,,,,,,,,,,,,,,,,,,,,,,,,,,,,,,,,,,,,,,,,,,,,,,,,,,,,,,,,,,,,,,,,,,,,,,,,,,,,,,,,,,,,,,,,,,,,,,,,,,,,,,,,,,,,,,,,,,,,,,,,,,,,,,,,,,,,,,,,,,,,,,,,,,,,,,,,,,,,,,,,,,2020,,,,,,,,,,,,,,,,,,,,,,,,,,,,,,,,,,,,,
98.0,7.0,133.92,8.93,,,,,,,,,,,,,,,,,63.0,56.64285714,4.0,154.0,74.0,33.0,26.0,11.0,8.0,103.0,178.0,12.58730159,,1.0,,,,,,8.0,6.0,24.0,,,14.0,,,,,,,,,,,,,,,,,67.4642429,5.48253958,0.265723223,0.223394063,0.14598802,203.0,101.0,50.0,40.0,20.0,69.90036613,13.0,6.0,2.865985548,0.0886,119.7609422,14.5375513,0.265723223,0.00205,,0.465660934,0.465660934,,0.260770123,0.260770123,0.260770123,15.0625,DeVante Parker,MIA,DRAFT,45,2576623,8,Flying Eagles,BE,"{'1': {'team': 'NE', 'date': datetime.datetime(2020, 9, 13, 13, 0)}, '2': {'team': 'BUF', 'date': datetime.datetime(2020, 9, 20, 13, 0)}, '3': {'team': 'JAX', 'date': datetime.datetime(2020, 9, 24, 20, 20)}, '4': {'team': 'SEA', 'date': datetime.datetime(2020, 10, 4, 13, 0)}, '5': {'team': 'SF', 'date': datetime.datetime(2020, 10, 11, 16, 5)}, '6': {'team': 'NYJ', 'date': datetime.datetime(2020, 10, 18, 16, 5)}, '8': {'team': 'LAR', 'date': datetime.datetime(2020, 11, 1, 13, 0)}, '9': {'team': 'ARI', 'date': datetime.datetime(2020, 11, 8, 16, 25)}, '10': {'team': 'LAC', 'date': datetime.datetime(2020, 11, 15, 16, 5)}, '11': {'team': 'DEN', 'date': datetime.datetime(2020, 11, 22, 16, 5)}, '12': {'team': 'NYJ', 'date': datetime.datetime(2020, 11, 29, 13, 0)}, '13': {'team': 'CIN', 'date': datetime.datetime(2020, 12, 6, 13, 0)}, '14': {'team': 'KC', 'date': datetime.datetime(2020, 12, 13, 13, 0)}, '15': {'team': 'NE', 'date': datetime.datetime(2020, 12, 20, 13, 0)}, '16': {'team': 'LV', 'date': datetime.datetime(2020, 12, 26, 20, 15)}, '17': {'team': 'BUF', 'date': datetime.datetime(2021, 1, 3, 13, 0)}}","['RB/WR', 'WR', 'WR/TE', 'RB/WR/TE', 'OP', 'BE', 'IR']",BE,,,3.0,3.0,1.0,,,,,,,,,,,,,1.0,3.0,1.0,,,,,,,,,,,,,,,,,,,,,,,,,,,,,,,,,,,,,,,,,,,,,,,,,,,,,,,,,,,,,,,,,,,,,,,,,,,,,,,,,,,,,,,,,,,,,,,,,,,,,,,,,,,,,,,,,,,,,,,,,,,,,,,,,,,,,,,,,,,,,,,,,,,,,,,,,,,,,,,,,,,,,,,,,,,,,,,,,,,,,,,,,,,,,,,,,,,,,,,,,,,,,,,,,,,,,,,,,,,,,2020,,,,,,,,,,,,,,,,,,,,,,,,,,,,,,,,,,,,,
127.0,8.47,112.11,7.47,3.0,1.0,,1.0,,,,,,,,,,,,5.0,88.0,61.53333333,7.0,181.0,87.0,39.0,30.0,12.0,11.0,144.0,398.0,10.48863636,,2.0,,1.0,1.0,2.0,2.0,11.0,4.0,42.0,,1.0,15.0,4.065262627,1.51274998,0.100159646,0.004285784,4.0,2.0,1.0,,,,,0.007472882,0.005231017,0.001260558,4.3e-05,5.604999887,52.14297364,4.792222282,0.23132546,0.1385869,0.090566539,157.0,78.0,39.0,31.0,15.0,65.76069557,13.0,6.0,1.468878483,0.0454,104.0565645,11.94335817,0.235611244,0.00614,0.081305253,1.315213911,1.396519164,0.037400416,0.73651979,0.773920207,0.773920207,15.0625,Diontae Johnson,PIT,DRAFT,25,3932905,8,Flying Eagles,WR,"{'1': {'team': 'NYG', 'date': datetime.datetime(2020, 9, 14, 19, 15)}, '2': {'team': 'DEN', 'date': datetime.datetime(2020, 9, 20, 13, 0)}, '3': {'team': 'HOU', 'date': datetime.datetime(2020, 9, 27, 13, 0)}, '5': {'team': 'PHI', 'date': datetime.datetime(2020, 10, 11, 13, 0)}, '6': {'team': 'CLE', 'date': datetime.datetime(2020, 10, 18, 13, 0)}, '7': {'team': 'TEN', 'date': datetime.datetime(2020, 10, 25, 13, 0)}, '8': {'team': 'BAL', 'date': datetime.datetime(2020, 11, 1, 13, 0)}, '9': {'team': 'DAL', 'date': datetime.datetime(2020, 11, 8, 16, 25)}, '10': {'team': 'CIN', 'date': datetime.datetime(2020, 11, 15, 16, 25)}, '11': {'team': 'JAX', 'date': datetime.datetime(2020, 11, 22, 13, 0)}, '12': {'team': 'BAL', 'date': datetime.datetime(2020, 12, 2, 15, 40)}, '13': {'team': 'WSH', 'date': datetime.datetime(2020, 12, 7, 17, 0)}, '14': {'team': 'BUF', 'date': datetime.datetime(2020, 12, 13, 20, 20)}, '15': {'team': 'CIN', 'date': datetime.datetime(2020, 12, 21, 20, 15)}, '16': {'team': 'IND', 'date': datetime.datetime(2020, 12, 27, 13, 0)}, '17': {'team': 'CLE', 'date': datetime.datetime(2021, 1, 3, 13, 0)}}","['RB/WR', 'WR', 'WR/TE', 'RB/WR/TE', 'OP', 'BE', 'IR']",WR,,,2.0,2.0,1.0,,24.0,2.0,,,0.6324416,,294.8224,,,29.0,11.0,1.0,2.0,2.0,,,,,,,,,,,,,,,,,,,,,,,,,,,,,,,,,,,,,,,,,,,,,,,,,,,,,2.0,,,,,,,,,,,,,,,,,,,,,,,,,,,,,,,,,,,,,,,,,,,,,,,,,,,,,,,,,,58.0,4.0,1.0,,,,,,,,,,,,,,,,,,,,,,,,,,,,,,,,,,,,,,,,,,,,,,,,,,,,,,,,,,,,,,,,,,,,,,,,,,,,,,,,,,,,,,,,,,,,,,,,,,,,,,,,,,,,2020,,,,,,,,,,,,,,,,,,,,,,,,,,,,,,,,,,,,,
79.0,5.27,73.51,4.9,,,,,,,,,,,,,,,,,56.0,37.2,5.0,105.0,49.0,21.0,15.0,4.0,6.0,91.0,200.0,9.96428571,,1.0,,1.0,1.0,,,12.0,3.0,32.0,,,15.0,,,,,,,,,,,,,,,,,33.45691315,3.931815041,0.189792725,0.117792716,0.07697754,100.0,50.0,25.0,20.0,10.0,43.36105236,8.0,4.0,0.434862558,0.0134,69.37104297,11.62206005,0.189792725,0.00184,,0.418731585,0.418731585,,0.234489687,0.234489687,0.234489687,15.0625,Eric Ebron,PIT,ADD,12,16732,8,Flying Eagles,TE,"{'1': {'team': 'NYG', 'date': datetime.datetime(2020, 9, 14, 19, 15)}, '2': {'team': 'DEN', 'date': datetime.datetime(2020, 9, 20, 13, 0)}, '3': {'team': 'HOU', 'date': datetime.datetime(2020, 9, 27, 13, 0)}, '5': {'team': 'PHI', 'date': datetime.datetime(2020, 10, 11, 13, 0)}, '6': {'team': 'CLE', 'date': datetime.datetime(2020, 10, 18, 13, 0)}, '7': {'team': 'TEN', 'date': datetime.datetime(2020, 10, 25, 13, 0)}, '8': {'team': 'BAL', 'date': datetime.datetime(2020, 11, 1, 13, 0)}, '9': {'team': 'DAL', 'date': datetime.datetime(2020, 11, 8, 16, 25)}, '10': {'team': 'CIN', 'date': datetime.datetime(2020, 11, 15, 16, 25)}, '11': {'team': 'JAX', 'date': datetime.datetime(2020, 11, 22, 13, 0)}, '12': {'team': 'BAL', 'date': datetime.datetime(2020, 12, 2, 15, 40)}, '13': {'team': 'WSH', 'date': datetime.datetime(2020, 12, 7, 17, 0)}, '14': {'team': 'BUF', 'date': datetime.datetime(2020, 12, 13, 20, 20)}, '15': {'team': 'CIN', 'date': datetime.datetime(2020, 12, 21, 20, 15)}, '16': {'team': 'IND', 'date': datetime.datetime(2020, 12, 27, 13, 0)}, '17': {'team': 'CLE', 'date': datetime.datetime(2021, 1, 3, 13, 0)}}","['WR/TE', 'TE', 'RB/WR/TE', 'OP', 'BE', 'IR']",TE,,,,,1.0,1.0,,,,,,,,,,,,,2.0,1.0,,,,,,,,,,,,,,,,,,,,,,,,,,,,,,,,,,,,,,,,,,,,,,,,,,,1.0,1.0,2.0,,,,,,,,,,,,,,,,,,,,,,,,,,,,,,,,,,,,,,,,,,,,,,,,,,,,,,,,,,,,,,,,,,,,,,,,,,,,,,,,,,,,,,,,,,,,,,,,,,,,,,,,,,,,,,,,,,,,,,,,,,,,,,,,,,,,,,,,,,,,,,,,,,,,,,,,,,,,,,,,,,,,,,,,2020,,,,,,,,,,,,,,,,,,,,,,,,,,,,,,,,,,,,,
126.0,12.6,178.72,14.89,36.0,10.9,3.0,19.0,8.0,3.0,2.0,,,4.0,,,,,,3.02777778,,,,,,,,,,,,,,1.0,,1.0,6.0,1.0,1.0,7.0,3.0,18.0,3.0,,10.0,32.31217259,10.32070929,1.071424701,0.0482,25.0,12.0,6.0,5.0,2.0,6.0,3.0,0.060713452,0.042499416,0.0595,0.00203,4.008548209,,,,,,,,,,,,,,,,,,0.846701075,0.0284,0.422869616,,6.455566792,0.194520023,,3.090214668,13.78341361,12.55,Tua Tagovailoa,MIA,ADD,33,4241479,8,Flying Eagles,BE,"{'1': {'team': 'NE', 'date': datetime.datetime(2020, 9, 13, 13, 0)}, '2': {'team': 'BUF', 'date': datetime.datetime(2020, 9, 20, 13, 0)}, '3': {'team': 'JAX', 'date': datetime.datetime(2020, 9, 24, 20, 20)}, '4': {'team': 'SEA', 'date': datetime.datetime(2020, 10, 4, 13, 0)}, '5': {'team': 'SF', 'date': datetime.datetime(2020, 10, 11, 16, 5)}, '6': {'team': 'NYJ', 'date': datetime.datetime(2020, 10, 18, 16, 5)}, '8': {'team': 'LAR', 'date': datetime.datetime(2020, 11, 1, 13, 0)}, '9': {'team': 'ARI', 'date': datetime.datetime(2020, 11, 8, 16, 25)}, '10': {'team': 'LAC', 'date': datetime.datetime(2020, 11, 15, 16, 5)}, '11': {'team': 'DEN', 'date': datetime.datetime(2020, 11, 22, 16, 5)}, '12': {'team': 'NYJ', 'date': datetime.datetime(2020, 11, 29, 13, 0)}, '13': {'team': 'CIN', 'date': datetime.datetime(2020, 12, 6, 13, 0)}, '14': {'team': 'KC', 'date': datetime.datetime(2020, 12, 13, 13, 0)}, '15': {'team': 'NE', 'date': datetime.datetime(2020, 12, 20, 13, 0)}, '16': {'team': 'LV', 'date': datetime.datetime(2020, 12, 26, 20, 15)}, '17': {'team': 'BUF', 'date': datetime.datetime(2021, 1, 3, 13, 0)}}","['Rookie', 'QB', 'OP', 'BE', 'IR']",BE,,,,,,,,,,,,,,,,,,,,,290.0,186.0,104.0,181.4,11.0,358.0,176.0,86.0,66.0,30.0,12.0,35.0,15.0,18.0,7.0,,,2.0,1.0,5.0,0.64137931,20.0,1.0,7.0,2.0,2.0,,427.1619906,262.0187908,165.1431998,239.9849006,16.49819316,602.0,301.0,150.0,120.0,60.0,30.0,52.0,26.0,2.506074925,1.637719963,2.658946339,0.359153932,0.79845791,10.69319895,0.613394442,33.80646172,6.032697176,2.895694644,,,,,,,,,,,,,,,,,,,,,,,,,,,,,,,,,,,,,,,,,,,,,,,,,,,,,,,,,,,,,,,,,,,,,,,,,,,,,,,,,,,,,,,,,,,,,,,,,,,,,,,,,,,,,,,,,,,,,,,,,,,,,,,1.0,,,,,,,,,,,,,,,,,,,,,,,,,,,,,,,,,,,,,,,,,,,,2020,,,,,,,,,,,,,,,,,,,,,,,,,,,,,,,,,,,,,
153.0,9.56,114.43,7.15,,,,,,,,,,,,,,,,,,,,,,,,,,,,,,,,,,,,8.0,8.0,144.0,,,16.0,,,,,,,,,,,,,,,,,,,,,,,,,,,,,,,,,,,,,,,,,,,16.0,Daniel Carlson,LV,ADD,3,3051909,8,Flying Eagles,K,"{'1': {'team': 'CAR', 'date': datetime.datetime(2020, 9, 13, 13, 0)}, '2': {'team': 'NO', 'date': datetime.datetime(2020, 9, 21, 20, 15)}, '3': {'team': 'NE', 'date': datetime.datetime(2020, 9, 27, 13, 0)}, '4': {'team': 'BUF', 'date': datetime.datetime(2020, 10, 4, 16, 25)}, '5': {'team': 'KC', 'date': datetime.datetime(2020, 10, 11, 13, 0)}, '7': {'team': 'TB', 'date': datetime.datetime(2020, 10, 25, 16, 5)}, '8': {'team': 'CLE', 'date': datetime.datetime(2020, 11, 1, 13, 0)}, '9': {'team': 'LAC', 'date': datetime.datetime(2020, 11, 8, 16, 5)}, '10': {'team': 'DEN', 'date': datetime.datetime(2020, 11, 15, 16, 5)}, '11': {'team': 'KC', 'date': datetime.datetime(2020, 11, 22, 20, 20)}, '12': {'team': 'ATL', 'date': datetime.datetime(2020, 11, 29, 13, 0)}, '13': {'team': 'NYJ', 'date': datetime.datetime(2020, 12, 6, 13, 0)}, '14': {'team': 'IND', 'date': datetime.datetime(2020, 12, 13, 16, 5)}, '15': {'team': 'LAC', 'date': datetime.datetime(2020, 12, 17, 20, 20)}, '16': {'team': 'MIA', 'date': datetime.datetime(2020, 12, 26, 20, 15)}, '17': {'team': 'DEN', 'date': datetime.datetime(2021, 1, 3, 16, 25)}}","['K', 'BE', 'IR']",K,,,,,,,,,,,,,,,,,,,,,,,,,,,,,,,,,,,,,,,,,,,,,,,,,,,,,,,,,,,,,,,,,,,,,,,,,,,,,,4.0,4.0,3.0,5.0,2.0,26.0,26.0,,33.0,35.0,2.0,45.0,47.0,2.0,4.0,4.0,2.84018973,4.780509341,1.940319611,7.048380172,9.904715432,2.856335261,14.81979398,16.55993432,1.740140343,24.70836388,31.24515909,6.536795214,34.1159713,38.11335123,3.997379934,2.84018973,4.780509341,1.940319611,,,,,,,,,,,,,,,,,,,,,,,,,,,,,,,,,,,,,,,,,,,,,,,,,,,,,,,,,,,,,,,,,,,,,,,,,,,,,,,,,,,,,,,,,,,,,,,,,,,,,,,,,,,,,,,,,,,,,,,,,,,,,,,,,,2020,,,,,,,,,,,,,,,,,,,,,,,,,,,,,,,,,,,,,
18.0,1.12,80.88,5.05,,,,,,,,,,,,,,,,,,,,,,,,,,,,,,,,,,738.0,1104.0,4.0,12.0,,,,16.0,,,,,,,,,,,,,,,,,,,,,,,,,,,,,,,,,,,,,,,,,,,16.0,Texans D/ST,HOU,ADD,29,-16034,8,Flying Eagles,BE,"{'1': {'team': 'KC', 'date': datetime.datetime(2020, 9, 10, 20, 20)}, '2': {'team': 'BAL', 'date': datetime.datetime(2020, 9, 20, 16, 25)}, '3': {'team': 'PIT', 'date': datetime.datetime(2020, 9, 27, 13, 0)}, '4': {'team': 'MIN', 'date': datetime.datetime(2020, 10, 4, 13, 0)}, '5': {'team': 'JAX', 'date': datetime.datetime(2020, 10, 11, 13, 0)}, '6': {'team': 'TEN', 'date': datetime.datetime(2020, 10, 18, 13, 0)}, '7': {'team': 'GB', 'date': datetime.datetime(2020, 10, 25, 13, 0)}, '9': {'team': 'JAX', 'date': datetime.datetime(2020, 11, 8, 13, 0)}, '10': {'team': 'CLE', 'date': datetime.datetime(2020, 11, 15, 13, 0)}, '11': {'team': 'NE', 'date': datetime.datetime(2020, 11, 22, 13, 0)}, '12': {'team': 'DET', 'date': datetime.datetime(2020, 11, 26, 12, 30)}, '13': {'team': 'IND', 'date': datetime.datetime(2020, 12, 6, 13, 0)}, '14': {'team': 'CHI', 'date': datetime.datetime(2020, 12, 13, 13, 0)}, '15': {'team': 'IND', 'date': datetime.datetime(2020, 12, 20, 13, 0)}, '16': {'team': 'CIN', 'date': datetime.datetime(2020, 12, 27, 13, 0)}, '17': {'team': 'TEN', 'date': datetime.datetime(2021, 1, 3, 16, 25)}}","['D/ST', 'BE', 'IR']",BE,,,,,,,722.0,65.0,21.0,0.09198,0.196152,678.3525,290.5461105,67.0,27.0,29.0,11.0,,,,,,,,,,,,,,,,,,,,,,,,,,,,,,,,,,,,,,,,,,,,,,,,,,,,,,,,,366.0,,,9.0,,,,,,,,,,,,,,,,,,,,,,,,,,,,,,,,,,,6.0,0.0,0.0,1.0,1.0,1.0,3.0,2.0,,34.0,68.0,,,1.0,1.0,363.0,214.0,37.0,50.0,158.0,10.0,1.0,454.0,1.0,5.0,4.0,4.0,6668.0,0.0,0.0,0.0,0.0,8.0,5.0,1.0,1.0,1.0,0.0,0.0,1.0,1.0,1.0,5.0,4.0,4.0,0.089528377,0.399680256,1.742605915,2.04636291,0.043327212,2.087997647,11.81029789,10.89843495,0.94443647,0.32997571,38.4247534,76.84950681,1.094589888,0.993407758,2.419456858,16.766823,899.1448655,299.0,179.0,64.27233572,379.0042959,2.318145484,3.964828137,3.341326938,1.854516387,0.243005596,23.68776849,5736.444331,0.255769807,2.557698072,3.101208912,3.948446398,3.245079429,1.918273554,0.751323809,0.22220002,358.5277707,-379.0042959,,,,,,,,,,,,,,,,,,,,,,,,,,,,,,,,,,,,,,,,,,,,,,,2020,,,,,,,,,,,,,,,,,,,,,,,,,,,,,,,,,,,,,
119.0,9.92,80.91,5.78,6.0,6.41666667,2.0,16.0,7.0,2.0,2.0,,,,,,,,,12.83333333,60.0,62.33333333,5.0,146.0,70.0,30.0,22.0,9.0,8.0,96.0,289.0,12.46666667,,,,,,3.0,3.0,5.0,7.0,42.0,,,12.0,,,,,,,,,,,,,,,,,39.07423394,4.145525608,0.257355874,0.204040841,0.13334069,113.0,56.0,28.0,22.0,11.0,42.02558982,8.0,4.0,0.608864208,0.018830852,68.56192761,13.53981072,0.257355874,0.001936021,,0.440004778,0.440004778,,0.246402675,0.246402675,0.246402675,14.5625,Brandon Aiyuk,SF,ADD,22,4360438,8,Flying Eagles,BE,"{'1': {'team': 'ARI', 'date': datetime.datetime(2020, 9, 13, 16, 25)}, '2': {'team': 'NYJ', 'date': datetime.datetime(2020, 9, 20, 13, 0)}, '3': {'team': 'NYG', 'date': datetime.datetime(2020, 9, 27, 13, 0)}, '4': {'team': 'PHI', 'date': datetime.datetime(2020, 10, 4, 20, 20)}, '5': {'team': 'MIA', 'date': datetime.datetime(2020, 10, 11, 16, 5)}, '6': {'team': 'LAR', 'date': datetime.datetime(2020, 10, 18, 20, 20)}, '7': {'team': 'NE', 'date': datetime.datetime(2020, 10, 25, 16, 25)}, '8': {'team': 'SEA', 'date': datetime.datetime(2020, 11, 1, 16, 25)}, '9': {'team': 'GB', 'date': datetime.datetime(2020, 11, 5, 20, 20)}, '10': {'team': 'NO', 'date': datetime.datetime(2020, 11, 15, 16, 25)}, '12': {'team': 'LAR', 'date': datetime.datetime(2020, 11, 29, 16, 5)}, '13': {'team': 'BUF', 'date': datetime.datetime(2020, 12, 7, 20, 15)}, '14': {'team': 'WSH', 'date': datetime.datetime(2020, 12, 13, 16, 25)}, '15': {'team': 'DAL', 'date': datetime.datetime(2020, 12, 20, 13, 0)}, '16': {'team': 'ARI', 'date': datetime.datetime(2020, 12, 26, 16, 30)}, '17': {'team': 'SEA', 'date': datetime.datetime(2021, 1, 3, 16, 25)}}","['Rookie', 'RB/WR', 'WR', 'WR/TE', 'RB/WR/TE', 'OP', 'BE', 'IR']",BE,,,2.0,2.0,,,,,,,,,,,,,,1.0,5.0,,,,,,,,,,,,,,,,,,,,,,,,,,,,,,,,,,,,,,,,,,,,,,,,,,,,,,,,1.0,,,,,,,,,,,,,,,,,,,,,,,,,,,,,,,,,,,,,,,,,,,,,,,,,,,,,,,,26.0,2.0,,,,,,,,,,,,,,,,,,,,,,,,,,,,,,,,,,,,,,,,,,,,,,,,,,,,,,,,,,,,,,,,1.0,,,,,,,,,,,,,,,,,,,,,,,,,,,,,,,,,,,,,,,,,,,,,2020,,,,,,,,,,,,,,,,,,,,,,,,,,,,,,,,,,,,,
98.0,6.12,130.89,8.18,,,,,,,,,,,,,,,,,,,,,,,,,,,,,,,,,,731.0,1024.0,13.0,3.0,,,,16.0,,,,,,,,,,,,,,,,,,,,,,,,,,,,,,,,,,,,,,,,,,,16.0,Bills D/ST,BUF,ADD,14,-16002,8,Flying Eagles,D/ST,"{'1': {'team': 'NYJ', 'date': datetime.datetime(2020, 9, 13, 13, 0)}, '2': {'team': 'MIA', 'date': datetime.datetime(2020, 9, 20, 13, 0)}, '3': {'team': 'LAR', 'date': datetime.datetime(2020, 9, 27, 13, 0)}, '4': {'team': 'LV', 'date': datetime.datetime(2020, 10, 4, 16, 25)}, '5': {'team': 'TEN', 'date': datetime.datetime(2020, 10, 13, 19, 0)}, '6': {'team': 'KC', 'date': datetime.datetime(2020, 10, 19, 17, 0)}, '7': {'team': 'NYJ', 'date': datetime.datetime(2020, 10, 25, 13, 0)}, '8': {'team': 'NE', 'date': datetime.datetime(2020, 11, 1, 13, 0)}, '9': {'team': 'SEA', 'date': datetime.datetime(2020, 11, 8, 13, 0)}, '10': {'team': 'ARI', 'date': datetime.datetime(2020, 11, 15, 16, 5)}, '12': {'team': 'LAC', 'date': datetime.datetime(2020, 11, 29, 13, 0)}, '13': {'team': 'SF', 'date': datetime.datetime(2020, 12, 7, 20, 15)}, '14': {'team': 'PIT', 'date': datetime.datetime(2020, 12, 13, 20, 20)}, '15': {'team': 'DEN', 'date': datetime.datetime(2020, 12, 19, 16, 30)}, '16': {'team': 'NE', 'date': datetime.datetime(2020, 12, 28, 20, 15)}, '17': {'team': 'MIA', 'date': datetime.datetime(2021, 1, 3, 13, 0)}}","['D/ST', 'BE', 'IR']",D/ST,,,,,,,995.0,94.0,34.0,0.213272308,0.474232822,746.0169487,278.6361454,74.0,29.0,27.0,11.0,,,,,,,,,,,,,,,,,,,,,,,,,,,,,,,,,,,,,,,,,,,,,,,,,,,,,,,,,293.0,,,15.0,,,,,,,,,,,,,,,,,,,,,,,,,,,,,,,,,,,11.0,0.0,0.0,2.0,3.0,3.0,15.0,,,38.0,76.0,,1.0,2.0,4.0,335.0,197.0,50.0,76.0,370.0,31.0,8.0,375.0,2.0,4.0,4.0,1.0,5640.0,0.0,1.0,4.0,2.0,2.0,3.0,4.0,0.0,0.0,0.0,0.0,2.0,3.0,2.0,4.0,4.0,1.0,0.283597036,1.281794512,4.213899459,3.460845183,0.04030791,2.07250849,13.02909566,11.46747093,0.921569006,0.46885236,40.62129417,81.24258835,1.116180886,0.956327604,2.800321529,17.64226296,928.4157532,309.0,185.0,70.72538348,305.0752103,2.323252554,2.73983577,1.409973964,0.272381334,0.014420188,19.06720064,5379.995294,0.761713856,5.933350038,4.289651716,3.287396642,1.403157103,0.240541218,0.080180406,0.00400902,336.2497059,-305.0752103,,,,,,,,,1.0,,,,,,,,,,,,,,,,,,,,,,,,,,,,,,,,,,,,,,2020,,,,,,,,,,,,,,,,,,,,,,,,,,,,,,,,,,,,,
159.0,10.6,240.04,17.15,244.0,65.26666667,6.0,189.0,91.0,42.0,32.0,11.0,2.0,41.0,18.0,,,2.0,,4.01229508,52.0,22.53333333,2.0,61.0,28.0,8.0,6.0,1.0,4.0,71.0,364.0,6.5,5.0,6.0,4.0,5.0,5.0,1.0,1.0,5.0,10.0,50.0,5.0,,15.0,279.9296243,87.30359606,10.01987749,0.354540549,246.0,123.0,61.0,49.0,24.0,55.0,27.0,0.596725191,0.417707634,4.18,0.143,4.405261848,32.72062313,2.142873939,0.111840876,0.063925616,0.04177539,92.0,46.0,23.0,18.0,9.0,57.60804199,11.0,5.0,0.346185084,0.0107,73.34622913,8.022817401,0.466381425,0.0136,2.564283324,0.527715999,3.091999324,1.179570329,0.29552096,1.475091289,1.475091289,14.125,Ezekiel Elliott,DAL,DRAFT,13,3051392,9,Team Sprawl n Brawl,BE,"{'1': {'team': 'LAR', 'date': datetime.datetime(2020, 9, 13, 20, 20)}, '2': {'team': 'ATL', 'date': datetime.datetime(2020, 9, 20, 13, 0)}, '3': {'team': 'SEA', 'date': datetime.datetime(2020, 9, 27, 16, 25)}, '4': {'team': 'CLE', 'date': datetime.datetime(2020, 10, 4, 13, 0)}, '5': {'team': 'NYG', 'date': datetime.datetime(2020, 10, 11, 16, 25)}, '6': {'team': 'ARI', 'date': datetime.datetime(2020, 10, 19, 20, 15)}, '7': {'team': 'WSH', 'date': datetime.datetime(2020, 10, 25, 13, 0)}, '8': {'team': 'PHI', 'date': datetime.datetime(2020, 11, 1, 20, 20)}, '9': {'team': 'PIT', 'date': datetime.datetime(2020, 11, 8, 16, 25)}, '11': {'team': 'MIN', 'date': datetime.datetime(2020, 11, 22, 16, 25)}, '12': {'team': 'WSH', 'date': datetime.datetime(2020, 11, 26, 16, 30)}, '13': {'team': 'BAL', 'date': datetime.datetime(2020, 12, 8, 20, 5)}, '14': {'team': 'CIN', 'date': datetime.datetime(2020, 12, 13, 13, 0)}, '15': {'team': 'SF', 'date': datetime.datetime(2020, 12, 20, 13, 0)}, '16': {'team': 'PHI', 'date': datetime.datetime(2020, 12, 27, 16, 25)}, '17': {'team': 'NYG', 'date': datetime.datetime(2021, 1, 3, 13, 0)}}","['RB', 'RB/WR', 'RB/WR/TE', 'OP', 'BE', 'IR']",BE,,,,,1.0,1.0,,,,,,,,,,,,,1.0,,,,,,,,,,,,,,,,,,,,,,,,,,,,,,,,,,,,,,,,,,,,,,,,,,,,1.0,1.0,1.0,,1.0,,,,,,,,,,,,,,,,,,,,,,,,,,,,,,,,,,,,,,,,,,,,,,,,,,,,,,,,,,,,,,,,,,,,,,,,,,,,,,,,,,,,,,,,,,,,,,,,,,,,,,,,,,,,,,,,,,,,,,,,,,,,,,,,,,,,,,,,,,,,,,,,,,,,,,,,,,,,,,,,,,,,,,2020,,,,,,,,,,,,,,,,,,,,,,,,,,,,,,,,,,,,,
238.0,17.0,160.58,11.47,,,,,,,,,,,,,,,,,115.0,98.14285714,18.0,271.0,132.0,63.0,47.0,21.0,18.0,148.0,592.0,11.94782609,,1.0,,1.0,1.0,,,11.0,3.0,108.0,,1.0,14.0,,,,,,,,,,,,,,,,,82.60240992,7.505494962,0.391158251,0.209920978,0.137183359,233.0,116.0,58.0,46.0,23.0,92.24618227,18.0,9.0,3.957291291,0.122390452,139.7077715,12.64831792,0.391158251,0.00495,,1.125149617,1.125149617,,0.630083785,0.630083785,0.630083785,14.125,Davante Adams,GB,DRAFT,2,16800,9,Team Sprawl n Brawl,WR,"{'1': {'team': 'MIN', 'date': datetime.datetime(2020, 9, 13, 13, 0)}, '2': {'team': 'DET', 'date': datetime.datetime(2020, 9, 20, 13, 0)}, '3': {'team': 'NO', 'date': datetime.datetime(2020, 9, 27, 20, 20)}, '4': {'team': 'ATL', 'date': datetime.datetime(2020, 10, 5, 21, 0)}, '6': {'team': 'TB', 'date': datetime.datetime(2020, 10, 18, 16, 25)}, '7': {'team': 'HOU', 'date': datetime.datetime(2020, 10, 25, 13, 0)}, '8': {'team': 'MIN', 'date': datetime.datetime(2020, 11, 1, 13, 0)}, '9': {'team': 'SF', 'date': datetime.datetime(2020, 11, 5, 20, 20)}, '10': {'team': 'JAX', 'date': datetime.datetime(2020, 11, 15, 13, 0)}, '11': {'team': 'IND', 'date': datetime.datetime(2020, 11, 22, 16, 25)}, '12': {'team': 'CHI', 'date': datetime.datetime(2020, 11, 29, 20, 20)}, '13': {'team': 'PHI', 'date': datetime.datetime(2020, 12, 6, 16, 25)}, '14': {'team': 'DET', 'date': datetime.datetime(2020, 12, 13, 16, 25)}, '15': {'team': 'CAR', 'date': datetime.datetime(2020, 12, 19, 20, 15)}, '16': {'team': 'TEN', 'date': datetime.datetime(2020, 12, 27, 20, 20)}, '17': {'team': 'CHI', 'date': datetime.datetime(2021, 1, 3, 16, 25)}}","['RB/WR', 'WR', 'WR/TE', 'RB/WR/TE', 'OP', 'BE', 'IR']",WR,2.0,1.0,7.0,7.0,1.0,1.0,,,,,,,,,,,,5.0,13.0,1.0,,,,,,,,,,,,,,,,,,,,,,,,,,,,,,,,,,,,,,,,,,,,,,,,,,,,,1.0,,,,,,,,,,,,,,,,,,,,,,,,,,,,,,,,,,,,,,,,,,,,,,,,,,,,,,,,,,,,,,,,,,,,,,,,,,,,,,,,,,,,,,,,,,,,,,,,,,,,,,,,,,,,,,,,,,,,,,,,,,,,,,,,,,,,,,,,,,,,,,,,,,,,,,,,,,,,,,,,,,,,,,,,2020,,,,,,,,,,,,,,,,,,,,,,,,,,,,,,,,,,,,,
205.0,17.08,267.71,19.12,18.0,-0.16666667,2.0,,,,,,,,,,,,,-0.11111111,,,,,,,,,,,,,,6.0,,2.0,8.0,,,9.0,3.0,12.0,2.0,,12.0,19.87709092,0.754593299,1.273179203,0.042228111,2.0,1.0,,,,3.0,1.0,0.036871982,0.025810387,0.000274,9.35e-06,0.560712987,,,,,,,,,,,,,,,,,,1.362243385,0.0242,0.193479168,,5.504822336,0.089000417,,2.638445138,11.60393959,14.77,Drew Brees,NO,DRAFT,22,2580,9,Team Sprawl n Brawl,BE,"{'1': {'team': 'TB', 'date': datetime.datetime(2020, 9, 13, 16, 25)}, '2': {'team': 'LV', 'date': datetime.datetime(2020, 9, 21, 20, 15)}, '3': {'team': 'GB', 'date': datetime.datetime(2020, 9, 27, 20, 20)}, '4': {'team': 'DET', 'date': datetime.datetime(2020, 10, 4, 13, 0)}, '5': {'team': 'LAC', 'date': datetime.datetime(2020, 10, 12, 20, 15)}, '7': {'team': 'CAR', 'date': datetime.datetime(2020, 10, 25, 13, 0)}, '8': {'team': 'CHI', 'date': datetime.datetime(2020, 11, 1, 16, 25)}, '9': {'team': 'TB', 'date': datetime.datetime(2020, 11, 8, 20, 20)}, '10': {'team': 'SF', 'date': datetime.datetime(2020, 11, 15, 16, 25)}, '11': {'team': 'ATL', 'date': datetime.datetime(2020, 11, 22, 13, 0)}, '12': {'team': 'DEN', 'date': datetime.datetime(2020, 11, 29, 16, 5)}, '13': {'team': 'ATL', 'date': datetime.datetime(2020, 12, 6, 13, 0)}, '14': {'team': 'PHI', 'date': datetime.datetime(2020, 12, 13, 16, 25)}, '15': {'team': 'KC', 'date': datetime.datetime(2020, 12, 20, 16, 25)}, '16': {'team': 'MIN', 'date': datetime.datetime(2020, 12, 25, 16, 30)}, '17': {'team': 'CAR', 'date': datetime.datetime(2021, 1, 3, 16, 25)}}","['QB', 'OP', 'BE', 'IR']",BE,,,,,,,,,,,,,,,,,,,,,390.0,275.0,115.0,245.16666667,24.0,585.0,290.0,143.0,113.0,53.0,24.0,49.0,20.0,19.0,6.0,2.0,1.0,3.0,,6.0,0.70512821,13.0,6.0,9.0,10.0,3.0,,519.9762492,364.5371979,155.4390513,272.2686026,29.85158172,804.0,402.0,201.0,160.0,80.0,40.0,72.0,36.0,3.405035835,2.225190918,3.676551021,0.496605643,1.320015274,8.965494454,0.701065094,25.684828,5.311343168,2.549444721,,,,,,,,,,,,,,,,,,,,,,,,,,,,,,,,,,,,,,,,,,,,,,,,,,,,,,,,,,,,,,,,,,,,,,,,,,,,,,,,,,,,,,,,,,,,,,,,,,,,,,,,,,,,,,,,,,,,,,,,,,,,,,,2.0,,,,,,,,,,,,,,,,,,,,,,,,,,,,,,,,,,,,,,,,,,,,2020,,,,,,,,,,,,,,,,,,,,,,,,,,,,,,,,,,,,,
172.0,12.29,147.08,9.81,,,,,,,,,,,,,,,,,70.0,76.78571429,11.0,208.0,102.0,48.0,36.0,15.0,8.0,106.0,423.0,15.35714286,,2.0,,1.0,1.0,1.0,1.0,9.0,5.0,72.0,,1.0,14.0,4.48589987,1.817960671,0.162029104,0.003445736,5.0,2.0,1.0,1.0,,,,0.008248097,0.005773668,0.001860714,6.35e-05,6.104245167,67.91016572,7.078810604,0.262642261,0.341576564,0.223220284,204.0,102.0,51.0,40.0,20.0,65.41484964,13.0,6.0,2.913643896,0.0901,107.8022807,15.63707441,0.266087997,0.00367,0.053513062,0.780344862,0.833857924,0.024616009,0.436993122,0.461609131,0.461609131,15.0625,A.J. Brown,TEN,DRAFT,11,4047646,9,Team Sprawl n Brawl,WR,"{'1': {'team': 'DEN', 'date': datetime.datetime(2020, 9, 14, 22, 10)}, '2': {'team': 'JAX', 'date': datetime.datetime(2020, 9, 20, 13, 0)}, '3': {'team': 'MIN', 'date': datetime.datetime(2020, 9, 27, 13, 0)}, '5': {'team': 'BUF', 'date': datetime.datetime(2020, 10, 13, 19, 0)}, '6': {'team': 'HOU', 'date': datetime.datetime(2020, 10, 18, 13, 0)}, '7': {'team': 'PIT', 'date': datetime.datetime(2020, 10, 25, 13, 0)}, '8': {'team': 'CIN', 'date': datetime.datetime(2020, 11, 1, 13, 0)}, '9': {'team': 'CHI', 'date': datetime.datetime(2020, 11, 8, 13, 0)}, '10': {'team': 'IND', 'date': datetime.datetime(2020, 11, 12, 20, 20)}, '11': {'team': 'BAL', 'date': datetime.datetime(2020, 11, 22, 13, 0)}, '12': {'team': 'IND', 'date': datetime.datetime(2020, 11, 29, 13, 0)}, '13': {'team': 'CLE', 'date': datetime.datetime(2020, 12, 6, 13, 0)}, '14': {'team': 'JAX', 'date': datetime.datetime(2020, 12, 13, 13, 0)}, '15': {'team': 'DET', 'date': datetime.datetime(2020, 12, 20, 13, 0)}, '16': {'team': 'GB', 'date': datetime.datetime(2020, 12, 27, 20, 20)}, '17': {'team': 'HOU', 'date': datetime.datetime(2021, 1, 3, 16, 25)}}","['RB/WR', 'WR', 'WR/TE', 'RB/WR/TE', 'OP', 'BE', 'IR']",WR,3.0,2.0,4.0,4.0,2.0,1.0,42.0,4.0,1.0,,,,,,,,,1.0,5.0,,,,,,,,,,,,,,,,,,,,,,,,,,,,,,,,,,,,,,,,,,,,,,,,,,,,,,2.0,,,,,,,,,,,,,,,,,,,,,,,,,,,,,,,,,,,,,,,,,,,,,,,,,,1.0,,,1.0,,,,,,,,,,,,,,,,,,,,,,,,,,,,,,,,,,,,,,,,,,,,,,,,,,,,,,,,,,,,,,,,,,,,,,,,,,,,,,,,,,,,,,,,,,,,,,,,,,,,,,,,,,,,,,,,,,,2020,,,,,,,,,,,,,,,,,,,,,,,,,,,,,,,,,,,,,
160.0,10.0,143.93,9.6,,,,,,,,,,,,,,,,,100.0,65.875,10.0,204.0,100.0,47.0,34.0,13.0,12.0,132.0,338.0,10.54,,1.0,,,,1.0,1.0,12.0,4.0,60.0,,,16.0,4.446926841,1.795343423,0.125170215,0.00353,5.0,2.0,1.0,1.0,,,,0.008176248,0.005723374,0.00181,6.17e-05,6.081134517,65.16175283,6.974448602,0.221782736,0.344615135,0.225205991,196.0,98.0,49.0,39.0,19.0,72.44113735,14.0,7.0,2.631373336,0.0814,103.1799421,13.54891624,0.225310394,0.00312,0.040990872,0.66774775,0.708738622,0.018855801,0.37393874,0.392794541,0.392794541,15.0625,Tyler Lockett,SEA,DRAFT,13,2577327,9,Team Sprawl n Brawl,BE,"{'1': {'team': 'ATL', 'date': datetime.datetime(2020, 9, 13, 13, 0)}, '2': {'team': 'NE', 'date': datetime.datetime(2020, 9, 20, 20, 20)}, '3': {'team': 'DAL', 'date': datetime.datetime(2020, 9, 27, 16, 25)}, '4': {'team': 'MIA', 'date': datetime.datetime(2020, 10, 4, 13, 0)}, '5': {'team': 'MIN', 'date': datetime.datetime(2020, 10, 11, 20, 20)}, '7': {'team': 'ARI', 'date': datetime.datetime(2020, 10, 25, 20, 20)}, '8': {'team': 'SF', 'date': datetime.datetime(2020, 11, 1, 16, 25)}, '9': {'team': 'BUF', 'date': datetime.datetime(2020, 11, 8, 13, 0)}, '10': {'team': 'LAR', 'date': datetime.datetime(2020, 11, 15, 16, 25)}, '11': {'team': 'ARI', 'date': datetime.datetime(2020, 11, 19, 20, 20)}, '12': {'team': 'PHI', 'date': datetime.datetime(2020, 11, 30, 20, 15)}, '13': {'team': 'NYG', 'date': datetime.datetime(2020, 12, 6, 16, 5)}, '14': {'team': 'NYJ', 'date': datetime.datetime(2020, 12, 13, 16, 5)}, '15': {'team': 'WSH', 'date': datetime.datetime(2020, 12, 20, 13, 0)}, '16': {'team': 'LAR', 'date': datetime.datetime(2020, 12, 27, 16, 25)}, '17': {'team': 'SF', 'date': datetime.datetime(2021, 1, 3, 16, 25)}}","['RB/WR', 'WR', 'WR/TE', 'RB/WR/TE', 'OP', 'BE', 'IR']",BE,2.0,,3.0,1.0,1.0,,9.0,,,0.165014866,0.110162133,466.0777612,87.81269333,46.0,18.0,8.0,3.0,2.0,7.0,,,,,,,,,,,,,,,,,,,,,,,,,,,,,,,,,,,,,,,,,,,,,,,,,,,,,,1.0,,,,,,,,,,,,,,,,,,,,,,,,,,,,,,,,,,,,,,,,,,,,,,,,,,,,,,,,,,,,,,,,,,,,,,,,,,,,,,,,,,,,,,,,,,,,,,,,,,,,,,,,,,,,,,,,,,,,,,,,,,1.0,,,,,,,,,,,,,,,,,,,,,,,,,,,,,,,,,,,,,,,,,,,,,,2020,,,,,,,,,,,,,,,,,,,,,,,,,,,,,,,,,,,,,
145.0,9.06,139.18,9.28,24.0,9.6875,2.0,27.0,12.0,4.0,2.0,,,,,,,,,6.45833333,90.0,58.5,6.0,182.0,87.0,39.0,30.0,10.0,12.0,129.0,501.0,10.4,1.0,2.0,1.0,1.0,1.0,2.0,2.0,10.0,6.0,48.0,2.0,,16.0,15.41691882,6.669115854,0.761878043,0.0245,20.0,10.0,5.0,4.0,2.0,3.0,1.0,0.0285,0.02,0.027,0.000922,6.515799865,70.04130046,3.331638742,0.186878632,0.192170643,0.125583515,210.0,105.0,52.0,42.0,21.0,82.96262737,16.0,8.0,3.139474947,0.0971,129.1267331,12.7165342,0.21135981,0.00331,0.118,0.635207581,0.753248005,0.0543,0.355716245,0.41001484,0.41001484,15.0625,Robert Woods,LAR,DRAFT,12,15880,9,Team Sprawl n Brawl,BE,"{'1': {'team': 'DAL', 'date': datetime.datetime(2020, 9, 13, 20, 20)}, '2': {'team': 'PHI', 'date': datetime.datetime(2020, 9, 20, 13, 0)}, '3': {'team': 'BUF', 'date': datetime.datetime(2020, 9, 27, 13, 0)}, '4': {'team': 'NYG', 'date': datetime.datetime(2020, 10, 4, 16, 5)}, '5': {'team': 'WSH', 'date': datetime.datetime(2020, 10, 11, 13, 0)}, '6': {'team': 'SF', 'date': datetime.datetime(2020, 10, 18, 20, 20)}, '7': {'team': 'CHI', 'date': datetime.datetime(2020, 10, 26, 20, 15)}, '8': {'team': 'MIA', 'date': datetime.datetime(2020, 11, 1, 13, 0)}, '10': {'team': 'SEA', 'date': datetime.datetime(2020, 11, 15, 16, 25)}, '11': {'team': 'TB', 'date': datetime.datetime(2020, 11, 23, 20, 15)}, '12': {'team': 'SF', 'date': datetime.datetime(2020, 11, 29, 16, 5)}, '13': {'team': 'ARI', 'date': datetime.datetime(2020, 12, 6, 16, 5)}, '14': {'team': 'NE', 'date': datetime.datetime(2020, 12, 10, 20, 20)}, '15': {'team': 'NYJ', 'date': datetime.datetime(2020, 12, 20, 16, 5)}, '16': {'team': 'SEA', 'date': datetime.datetime(2020, 12, 27, 16, 25)}, '17': {'team': 'ARI', 'date': datetime.datetime(2021, 1, 3, 16, 25)}}","['RB/WR', 'WR', 'WR/TE', 'RB/WR/TE', 'OP', 'BE', 'IR']",BE,1.0,1.0,2.0,2.0,1.0,,,,,,,,,,,,,2.0,1.0,1.0,,,,,,,,,,,,,,,,,,,,,,,,,,,,,,,,,,,,,,,,,,,,,,,,,,,,,3.0,,,,,,,,,,,,,,,,,,,,,,,,,,,,,,,,,,,,,,,,,,,,,,,,,,,,,,,,,,,,,,,,,,,,,,,,,,,,,,,,,,,,,,,,,,,,,,,,,,,,,,,,,,,,,,,,,,,,,,,,,,,,,,,,,,,,,,,,,,,,,,,,,,,,,,,,,,,,,,,,,,,,,,,,2020,,,,,,,,,,,,,,,,,,,,,,,,,,,,,,,,,,,,,
85.0,5.31,87.59,5.84,,,,,,,,,,,,,,,,,56.0,35.6875,6.0,107.0,49.0,22.0,16.0,6.0,5.0,88.0,257.0,10.19642857,,,,,,1.0,1.0,4.0,12.0,36.0,,1.0,16.0,,,,,,,,,,,,,,,,,41.11735532,4.431030956,0.315866087,0.168067444,0.109832075,123.0,61.0,30.0,24.0,12.0,54.11378383,10.0,5.0,0.765260942,0.0237,78.30657091,11.44496135,0.315866087,0.00254,,0.576625439,0.576625439,,0.322910246,0.322910246,0.322910246,15.0625,Hayden Hurst,ATL,DRAFT,13,3924365,9,Team Sprawl n Brawl,TE,"{'1': {'team': 'SEA', 'date': datetime.datetime(2020, 9, 13, 13, 0)}, '2': {'team': 'DAL', 'date': datetime.datetime(2020, 9, 20, 13, 0)}, '3': {'team': 'CHI', 'date': datetime.datetime(2020, 9, 27, 13, 0)}, '4': {'team': 'GB', 'date': datetime.datetime(2020, 10, 5, 21, 0)}, '5': {'team': 'CAR', 'date': datetime.datetime(2020, 10, 11, 13, 0)}, '6': {'team': 'MIN', 'date': datetime.datetime(2020, 10, 18, 13, 0)}, '7': {'team': 'DET', 'date': datetime.datetime(2020, 10, 25, 13, 0)}, '8': {'team': 'CAR', 'date': datetime.datetime(2020, 10, 29, 20, 20)}, '9': {'team': 'DEN', 'date': datetime.datetime(2020, 11, 8, 13, 0)}, '11': {'team': 'NO', 'date': datetime.datetime(2020, 11, 22, 13, 0)}, '12': {'team': 'LV', 'date': datetime.datetime(2020, 11, 29, 13, 0)}, '13': {'team': 'NO', 'date': datetime.datetime(2020, 12, 6, 13, 0)}, '14': {'team': 'LAC', 'date': datetime.datetime(2020, 12, 13, 16, 25)}, '15': {'team': 'TB', 'date': datetime.datetime(2020, 12, 20, 13, 0)}, '16': {'team': 'KC', 'date': datetime.datetime(2020, 12, 27, 13, 0)}, '17': {'team': 'TB', 'date': datetime.datetime(2021, 1, 3, 13, 0)}}","['WR/TE', 'TE', 'RB/WR/TE', 'OP', 'BE', 'IR']",TE,1.0,,,,,,,,,,,,,,,,,,4.0,,,,,,,,,,,,,,,,,,,,,,,,,,,,,,,,,,,,,,,,,,,,,,,,,,,,,,,,,,,,,,,,,,,,,,,,,,,,,,,,,,,,,,,,,,,,,,,,,,,,,,,,,,,,,,,,,,,,,,,,,,,,,,,,,,,,,,,,,,,,,,,,,,,,,,,,,,,,,,,,,,,,,,,,,,,,,,,,,,,,,,,,,,,,,,,,,,,,,,,,,,,,,,,,,,,,,,,,,,,,,,2020,,,,,,,,,,,,,,,,,,,,,,,,,,,,,,,,,,,,,
53.0,4.82,120.86,8.63,118.0,45.63636364,1.0,95.0,46.0,22.0,15.0,5.0,1.0,18.0,6.0,1.0,1.0,1.0,,4.25423729,7.0,2.54545455,,4.0,1.0,,,,,14.0,37.0,4.0,,,,,,1.0,1.0,4.0,7.0,6.0,,,11.0,155.868689,49.34370906,4.268964878,0.157047472,139.0,69.0,34.0,27.0,13.0,31.0,15.0,0.311687932,0.218181552,1.33,0.0455,4.471583711,15.32729574,0.931617401,0.04836841,0.034039573,0.022244861,43.0,21.0,10.0,8.0,4.0,32.21641718,6.0,3.0,0.081661775,0.00253,41.86718248,6.720115744,0.205415882,0.00358,0.673833401,0.139274271,0.813107672,0.309963364,0.077993592,0.387956956,0.387956956,14.125,Phillip Lindsay,DEN,DRAFT,54,3052117,9,Team Sprawl n Brawl,BE,"{'1': {'team': 'TEN', 'date': datetime.datetime(2020, 9, 14, 22, 10)}, '2': {'team': 'PIT', 'date': datetime.datetime(2020, 9, 20, 13, 0)}, '3': {'team': 'TB', 'date': datetime.datetime(2020, 9, 27, 16, 25)}, '4': {'team': 'NYJ', 'date': datetime.datetime(2020, 10, 1, 20, 20)}, '6': {'team': 'NE', 'date': datetime.datetime(2020, 10, 18, 13, 0)}, '7': {'team': 'KC', 'date': datetime.datetime(2020, 10, 25, 16, 25)}, '8': {'team': 'LAC', 'date': datetime.datetime(2020, 11, 1, 16, 5)}, '9': {'team': 'ATL', 'date': datetime.datetime(2020, 11, 8, 13, 0)}, '10': {'team': 'LV', 'date': datetime.datetime(2020, 11, 15, 16, 5)}, '11': {'team': 'MIA', 'date': datetime.datetime(2020, 11, 22, 16, 5)}, '12': {'team': 'NO', 'date': datetime.datetime(2020, 11, 29, 16, 5)}, '13': {'team': 'KC', 'date': datetime.datetime(2020, 12, 6, 20, 20)}, '14': {'team': 'CAR', 'date': datetime.datetime(2020, 12, 13, 13, 0)}, '15': {'team': 'BUF', 'date': datetime.datetime(2020, 12, 19, 16, 30)}, '16': {'team': 'LAC', 'date': datetime.datetime(2020, 12, 27, 16, 5)}, '17': {'team': 'LV', 'date': datetime.datetime(2021, 1, 3, 16, 25)}}","['RB', 'RB/WR', 'RB/WR/TE', 'OP', 'BE', 'IR']",BE,,,,,,,,,,,,,,,,,,,,,,,,,,,,,,,,,,,,,,,,,,,,,,,,,,,,,,,,,,,,,,,,,,,,,,,,,,,,,,,,,,,,,,,,,,,,,,,,,,,,,,,,,,,,,,,,,,,,,,,,,,,,,,,,,,,,,,,,,,,,,,,,,,,,,,,,,,,,,,,,,,,,,,,,,,,,,,,,,,,,,,,,,,,,,,,,,,,,,,,,,,,,,,,,,,,,,,,,,,,,,,,,,,,,,,,,,,,,,,,,,2020,,,,,,,,,,,,,,,,,,,,,,,,,,,,,,,,,,,,,
231.0,15.4,242.66,16.18,51.0,6.6,4.0,16.0,7.0,1.0,,,,4.0,,,,,,1.94117647,,,,,,,,,,,,,2.0,7.0,1.0,4.0,17.0,1.0,1.0,9.0,6.0,24.0,4.0,,15.0,30.75055654,4.200740856,1.787020664,0.05744728,12.0,6.0,3.0,2.0,1.0,6.0,3.0,0.057396637,0.040177646,0.010795973,0.000368,2.083256541,,,,,,,,,,,,,,,,,,1.265841379,0.042,0.456243854,,9.539986223,0.209872173,,4.57006851,17.74032982,15.25,Jared Goff,DET,DRAFT,15,3046779,9,Team Sprawl n Brawl,QB,"{'1': {'team': 'CHI', 'date': datetime.datetime(2020, 9, 13, 13, 0)}, '2': {'team': 'GB', 'date': datetime.datetime(2020, 9, 20, 13, 0)}, '3': {'team': 'ARI', 'date': datetime.datetime(2020, 9, 27, 16, 25)}, '4': {'team': 'NO', 'date': datetime.datetime(2020, 10, 4, 13, 0)}, '6': {'team': 'JAX', 'date': datetime.datetime(2020, 10, 18, 13, 0)}, '7': {'team': 'ATL', 'date': datetime.datetime(2020, 10, 25, 13, 0)}, '8': {'team': 'IND', 'date': datetime.datetime(2020, 11, 1, 13, 0)}, '9': {'team': 'MIN', 'date': datetime.datetime(2020, 11, 8, 13, 0)}, '10': {'team': 'WSH', 'date': datetime.datetime(2020, 11, 15, 13, 0)}, '11': {'team': 'CAR', 'date': datetime.datetime(2020, 11, 22, 13, 0)}, '12': {'team': 'HOU', 'date': datetime.datetime(2020, 11, 26, 12, 30)}, '13': {'team': 'CHI', 'date': datetime.datetime(2020, 12, 6, 13, 0)}, '14': {'team': 'GB', 'date': datetime.datetime(2020, 12, 13, 16, 25)}, '15': {'team': 'TEN', 'date': datetime.datetime(2020, 12, 20, 13, 0)}, '16': {'team': 'TB', 'date': datetime.datetime(2020, 12, 26, 13, 0)}, '17': {'team': 'MIN', 'date': datetime.datetime(2021, 1, 3, 13, 0)}}","['QB', 'OP', 'BE', 'IR']",QB,,,,,,,,,,,,,,,,,,,,,552.0,370.0,182.0,263.46666667,20.0,785.0,388.0,190.0,152.0,73.0,33.0,68.0,30.0,30.0,11.0,3.0,2.0,6.0,1.0,13.0,0.67028986,23.0,5.0,9.0,6.0,2.0,,580.9529718,371.6404308,209.3125411,282.7440205,21.65832729,862.0,431.0,215.0,172.0,86.0,43.0,74.0,37.0,3.875490628,2.532633125,4.810333367,0.64974991,1.208394099,13.17026131,0.639708288,31.2857046,9.083742369,4.360196337,,,,,,,,,,,,,,,,,,,,,,,,,,,,,,,,,,,,,,,,,,,,,,,,,,,,,,,,,,,,,,,,,,,,,,,,,,,,,,,,,,,,,,,,,,,,,,,,,,,,,,,,,,,,,,,,,,,,,,,,,,,,,,,3.0,,,,,,,,,,,,,,,,,,,,,,,,,,,,,,,,,,,,,,,,,,,,2020,,,,,,,,,,,,,,,,,,,,,,,,,,,,,,,,,,,,,
44.0,2.75,44.9,2.99,1.0,0.125,1.0,,,,,,,,,,,,,2.0,41.0,26.0625,1.0,77.0,34.0,14.0,12.0,1.0,2.0,62.0,243.0,10.17073171,,1.0,,1.0,1.0,1.0,1.0,10.0,6.0,12.0,1.0,,16.0,,,,,,,,,,,,,,,,,22.38013929,2.003284387,0.112363872,0.11338495,0.074097065,67.0,33.0,16.0,13.0,6.0,29.25320552,5.0,2.0,0.164735501,0.00509,46.81989762,11.52355245,0.112363872,0.00137,,0.312283071,0.312283071,,0.17487852,0.17487852,0.17487852,15.0625,Gerald Everett,LAR,ADD,29,3918639,9,Team Sprawl n Brawl,BE,"{'1': {'team': 'DAL', 'date': datetime.datetime(2020, 9, 13, 20, 20)}, '2': {'team': 'PHI', 'date': datetime.datetime(2020, 9, 20, 13, 0)}, '3': {'team': 'BUF', 'date': datetime.datetime(2020, 9, 27, 13, 0)}, '4': {'team': 'NYG', 'date': datetime.datetime(2020, 10, 4, 16, 5)}, '5': {'team': 'WSH', 'date': datetime.datetime(2020, 10, 11, 13, 0)}, '6': {'team': 'SF', 'date': datetime.datetime(2020, 10, 18, 20, 20)}, '7': {'team': 'CHI', 'date': datetime.datetime(2020, 10, 26, 20, 15)}, '8': {'team': 'MIA', 'date': datetime.datetime(2020, 11, 1, 13, 0)}, '10': {'team': 'SEA', 'date': datetime.datetime(2020, 11, 15, 16, 25)}, '11': {'team': 'TB', 'date': datetime.datetime(2020, 11, 23, 20, 15)}, '12': {'team': 'SF', 'date': datetime.datetime(2020, 11, 29, 16, 5)}, '13': {'team': 'ARI', 'date': datetime.datetime(2020, 12, 6, 16, 5)}, '14': {'team': 'NE', 'date': datetime.datetime(2020, 12, 10, 20, 20)}, '15': {'team': 'NYJ', 'date': datetime.datetime(2020, 12, 20, 16, 5)}, '16': {'team': 'SEA', 'date': datetime.datetime(2020, 12, 27, 16, 25)}, '17': {'team': 'ARI', 'date': datetime.datetime(2021, 1, 3, 16, 25)}}","['WR/TE', 'TE', 'RB/WR/TE', 'OP', 'BE', 'IR']",BE,,,,,1.0,1.0,,,,,,,,,,,,,,,,,,,,,,,,,,,,,,,,,,,,,,,,,,,,,,,,,,,,,,,,,,,,,,,,,,,1.0,,,,,,,,,,,,,,,,,,,,,,,,,,,,,,,,,,,,,,,,,,,,,,,,,,,,,,,,,,,,,,,,,,,,,,,,,,,,,,,,,,,,,,,,,,,,,,,,,,,,,,,,,,,,,,,,,,,,,,,,,,,,,,,,,,,,,,,,,,,,,,,,,,,,,,,,,,,,,,,,,,,,,,,,2020,,,,,,,,,,,,,,,,,,,,,,,,,,,,,,,,,,,,,
169.0,10.56,110.86,6.93,,,,,,,,,,,,,,,,,,,,,,,,,,,,,,,,,,,,10.0,6.0,144.0,,,16.0,,,,,,,,,,,,,,,,,,,,,,,,,,,,,,,,,,,,,,,,,,,16.0,Jason Sanders,MIA,ADD,1,3124679,9,Team Sprawl n Brawl,K,"{'1': {'team': 'NE', 'date': datetime.datetime(2020, 9, 13, 13, 0)}, '2': {'team': 'BUF', 'date': datetime.datetime(2020, 9, 20, 13, 0)}, '3': {'team': 'JAX', 'date': datetime.datetime(2020, 9, 24, 20, 20)}, '4': {'team': 'SEA', 'date': datetime.datetime(2020, 10, 4, 13, 0)}, '5': {'team': 'SF', 'date': datetime.datetime(2020, 10, 11, 16, 5)}, '6': {'team': 'NYJ', 'date': datetime.datetime(2020, 10, 18, 16, 5)}, '8': {'team': 'LAR', 'date': datetime.datetime(2020, 11, 1, 13, 0)}, '9': {'team': 'ARI', 'date': datetime.datetime(2020, 11, 8, 16, 25)}, '10': {'team': 'LAC', 'date': datetime.datetime(2020, 11, 15, 16, 5)}, '11': {'team': 'DEN', 'date': datetime.datetime(2020, 11, 22, 16, 5)}, '12': {'team': 'NYJ', 'date': datetime.datetime(2020, 11, 29, 13, 0)}, '13': {'team': 'CIN', 'date': datetime.datetime(2020, 12, 6, 13, 0)}, '14': {'team': 'KC', 'date': datetime.datetime(2020, 12, 13, 13, 0)}, '15': {'team': 'NE', 'date': datetime.datetime(2020, 12, 20, 13, 0)}, '16': {'team': 'LV', 'date': datetime.datetime(2020, 12, 26, 20, 15)}, '17': {'team': 'BUF', 'date': datetime.datetime(2021, 1, 3, 13, 0)}}","['K', 'BE', 'IR']",K,,,,,,,,,,,,,,,,,,,,,,,,,,,,,,,,,,,,,,,,,,,,,,,,,,,,,,,,,,,,,,,,,,,,,,,,,,,,,,8.0,9.0,12.0,14.0,2.0,16.0,16.0,,36.0,39.0,3.0,36.0,36.0,,8.0,9.0,2.871099562,4.669177187,1.798077625,7.085318552,9.674046851,2.588728299,14.8108606,16.17427391,1.363413315,24.76727871,30.51749795,5.750219239,29.47860839,32.18523117,2.706622777,2.871099562,4.669177187,1.798077625,,,,,,,,,,,,,,,,,,,,,,,,,,,,,,,,,,,,,,,,,,,,,,,,,,,,,,,,,,,,,,,,,,,,,,,,,,,,,,,,,,,,,,,1.0,1.0,,,,,,,,,,,,,,,,,,,,,,,,,,,,,,,,,,,,,,,,,,2020,,,,,,,,,,,,,,,,,,,,,,,,,,,,,,,,,,,,,
30.0,1.88,122.64,7.67,,,,,,,,,,,,,,,,,,,,,,,,,,,,,,,,,,674.0,1074.0,7.0,9.0,,,,16.0,,,,,,,,,,,,,,,,,,,,,,,,,,,,,,,,,,,,,,,,,,,16.0,Vikings D/ST,MIN,ADD,27,-16016,9,Team Sprawl n Brawl,D/ST,"{'1': {'team': 'GB', 'date': datetime.datetime(2020, 9, 13, 13, 0)}, '2': {'team': 'IND', 'date': datetime.datetime(2020, 9, 20, 13, 0)}, '3': {'team': 'TEN', 'date': datetime.datetime(2020, 9, 27, 13, 0)}, '4': {'team': 'HOU', 'date': datetime.datetime(2020, 10, 4, 13, 0)}, '5': {'team': 'SEA', 'date': datetime.datetime(2020, 10, 11, 20, 20)}, '6': {'team': 'ATL', 'date': datetime.datetime(2020, 10, 18, 13, 0)}, '8': {'team': 'GB', 'date': datetime.datetime(2020, 11, 1, 13, 0)}, '9': {'team': 'DET', 'date': datetime.datetime(2020, 11, 8, 13, 0)}, '10': {'team': 'CHI', 'date': datetime.datetime(2020, 11, 16, 20, 15)}, '11': {'team': 'DAL', 'date': datetime.datetime(2020, 11, 22, 16, 25)}, '12': {'team': 'CAR', 'date': datetime.datetime(2020, 11, 29, 13, 0)}, '13': {'team': 'JAX', 'date': datetime.datetime(2020, 12, 6, 13, 0)}, '14': {'team': 'TB', 'date': datetime.datetime(2020, 12, 13, 13, 0)}, '15': {'team': 'CHI', 'date': datetime.datetime(2020, 12, 20, 13, 0)}, '16': {'team': 'NO', 'date': datetime.datetime(2020, 12, 25, 16, 30)}, '17': {'team': 'DET', 'date': datetime.datetime(2021, 1, 3, 13, 0)}}","['D/ST', 'BE', 'IR']",D/ST,,,,,,,722.0,67.0,22.0,0.167097,0.2469732,726.9603923,238.714755,72.0,29.0,23.0,9.0,,,,,,,,,,,,,,,,,,,,,,,,,,,,,,,,,,,,,,,,,,,,,,,,,,,,,,,,,400.0,,,11.0,,,,,,,,,,,,,,,,,,,,,,,,,,,,,,,,,,,7.0,0.0,0.0,1.0,1.0,,15.0,2.0,1.0,23.0,46.0,,,,,352.0,210.0,39.0,56.0,69.0,5.0,,453.0,2.0,5.0,3.0,3.0,6292.0,0.0,1.0,0.0,2.0,6.0,4.0,1.0,1.0,1.0,0.0,0.0,1.0,1.0,2.0,5.0,3.0,3.0,0.257082791,1.161277405,3.87626389,3.267594354,0.040626631,2.084773809,12.67288874,12.53069667,0.93141325,0.461129733,38.22117397,76.44234794,1.113226524,0.971547285,2.53947064,19.27799487,909.6578623,303.0,181.0,90.1617184,326.0782349,2.32255481,2.907197918,1.673841225,0.488537391,0.045650215,20.37988968,5667.329502,0.42406361,3.680552083,3.496524479,3.728559284,2.632394859,1.360204031,0.528079212,0.149622443,354.2080939,-326.0782349,,,,,,,,,,,1.0,1.0,,,,,,,,,,,,,,,,,,,,,,,,,,,,,,,,,,,2020,,,,,,,,,,,,,,,,,,,,,,,,,,,,,,,,,,,,,
71.0,4.44,57.82,3.61,,,,,,,,,,,,,,,,,,,,,,,,,,,,,,,,,,600.0,1009.0,5.0,11.0,,,,16.0,,,,,,,,,,,,,,,,,,,,,,,,,,,,,,,,,,,,,,,,,,,16.0,Panthers D/ST,CAR,ADD,16,-16029,9,Team Sprawl n Brawl,BE,"{'1': {'team': 'LV', 'date': datetime.datetime(2020, 9, 13, 13, 0)}, '2': {'team': 'TB', 'date': datetime.datetime(2020, 9, 20, 13, 0)}, '3': {'team': 'LAC', 'date': datetime.datetime(2020, 9, 27, 16, 5)}, '4': {'team': 'ARI', 'date': datetime.datetime(2020, 10, 4, 13, 0)}, '5': {'team': 'ATL', 'date': datetime.datetime(2020, 10, 11, 13, 0)}, '6': {'team': 'CHI', 'date': datetime.datetime(2020, 10, 18, 13, 0)}, '7': {'team': 'NO', 'date': datetime.datetime(2020, 10, 25, 13, 0)}, '8': {'team': 'ATL', 'date': datetime.datetime(2020, 10, 29, 20, 20)}, '9': {'team': 'KC', 'date': datetime.datetime(2020, 11, 8, 13, 0)}, '10': {'team': 'TB', 'date': datetime.datetime(2020, 11, 15, 13, 0)}, '11': {'team': 'DET', 'date': datetime.datetime(2020, 11, 22, 13, 0)}, '12': {'team': 'MIN', 'date': datetime.datetime(2020, 11, 29, 13, 0)}, '14': {'team': 'DEN', 'date': datetime.datetime(2020, 12, 13, 13, 0)}, '15': {'team': 'GB', 'date': datetime.datetime(2020, 12, 19, 20, 15)}, '16': {'team': 'WSH', 'date': datetime.datetime(2020, 12, 27, 16, 5)}, '17': {'team': 'NO', 'date': datetime.datetime(2021, 1, 3, 16, 25)}}","['D/ST', 'BE', 'IR']",BE,,,,,,,734.0,67.0,21.0,0.22398463,0.2015016,734.8935391,274.8478582,73.0,29.0,27.0,10.0,,,,,,,,,,,,,,,,,,,,,,,,,,,,,,,,,,,,,,,,,,,,,,,,,,,,,,,,,409.0,,,14.0,,,,,,,,,,,,,,,,,,,,,,,,,,,,,,,,,,,15.0,1.0,0.0,1.0,2.0,3.0,7.0,1.0,,29.0,58.0,,,,3.0,331.0,194.0,41.0,58.0,117.0,8.0,1.0,402.0,1.0,4.0,6.0,0.0,5761.0,0.0,1.0,3.0,2.0,6.0,3.0,0.0,1.0,0.0,1.0,0.0,1.0,2.0,1.0,4.0,6.0,0.0,0.027958063,0.11982027,0.958562157,1.597603595,0.041047708,2.084134899,10.77255197,7.401497382,0.939709105,0.4472116,36.66835486,73.33670971,1.121458763,0.962676136,2.550668837,11.38691905,899.3736903,299.0,179.0,65.96244543,426.8328266,2.316525212,4.353469795,3.954068897,2.356465302,0.31552671,26.67705167,6026.453517,0.039910202,1.117485657,2.594163133,4.230481417,4.030930407,2.634073335,1.037665253,0.315290596,376.6533448,-426.8328266,,,,,,,,,3.0,,1.0,1.0,,,,,,,,,,,,,,,,,,,,,,,,,,,,,,,,,,,2020,,,,,,,,,,,,,,,,,,,,,,,,,,,,,,,,,,,,,
62.0,6.89,88.31,6.31,79.0,49.88888889,1.0,86.0,40.0,17.0,13.0,5.0,1.0,14.0,5.0,,,1.0,,5.6835443,7.0,12.66666667,1.0,21.0,10.0,5.0,2.0,1.0,,9.0,148.0,16.28571429,,,,,,,,5.0,4.0,12.0,1.0,1.0,9.0,143.1757723,40.0211677,4.195487455,0.107935771,113.0,56.0,28.0,22.0,11.0,28.0,14.0,0.285439891,0.199807924,0.917300436,0.0313,3.948286674,4.661069314,0.317158381,0.013663376,0.047287196,0.030902183,13.0,6.0,3.0,2.0,1.0,8.187562821,1.0,,0.031115022,0.000962,11.26602059,8.041172386,0.121599148,0.00491,1.056094317,0.060393169,1.116487485,0.485803386,0.033820174,0.51962356,0.51962356,14.125,Sony Michel,NE,ADD,64,3128721,9,Team Sprawl n Brawl,RB,"{'1': {'team': 'MIA', 'date': datetime.datetime(2020, 9, 13, 13, 0)}, '2': {'team': 'SEA', 'date': datetime.datetime(2020, 9, 20, 20, 20)}, '3': {'team': 'LV', 'date': datetime.datetime(2020, 9, 27, 13, 0)}, '4': {'team': 'KC', 'date': datetime.datetime(2020, 10, 5, 19, 5)}, '6': {'team': 'DEN', 'date': datetime.datetime(2020, 10, 18, 13, 0)}, '7': {'team': 'SF', 'date': datetime.datetime(2020, 10, 25, 16, 25)}, '8': {'team': 'BUF', 'date': datetime.datetime(2020, 11, 1, 13, 0)}, '9': {'team': 'NYJ', 'date': datetime.datetime(2020, 11, 9, 20, 15)}, '10': {'team': 'BAL', 'date': datetime.datetime(2020, 11, 15, 20, 20)}, '11': {'team': 'HOU', 'date': datetime.datetime(2020, 11, 22, 13, 0)}, '12': {'team': 'ARI', 'date': datetime.datetime(2020, 11, 29, 13, 0)}, '13': {'team': 'LAC', 'date': datetime.datetime(2020, 12, 6, 16, 25)}, '14': {'team': 'LAR', 'date': datetime.datetime(2020, 12, 10, 20, 20)}, '15': {'team': 'MIA', 'date': datetime.datetime(2020, 12, 20, 13, 0)}, '16': {'team': 'BUF', 'date': datetime.datetime(2020, 12, 28, 20, 15)}, '17': {'team': 'NYJ', 'date': datetime.datetime(2021, 1, 3, 13, 0)}}","['RB', 'RB/WR', 'RB/WR/TE', 'OP', 'BE', 'IR']",RB,,,,,,,,,,,,,,,,,,,,,,,,,,,,,,,,,,,,,,,,,,,,,,,,,,,,,,,,,,,,,,,,,,,,,,,,,,,,,,,,,,,,,,,,,,,,,,,,,,,,,,,,,,,,,,,,,,,,,,,,,,,,,,,,,,,,,,,,,,,,,,,,,,,,,,,,,,,,,,,,,,,,,,,,,,,,,,,,,,,,,,,,,,,,,,,,,,,,,,,,,,,,,,,,,,,,,,,,,,,,,,,,,,,,,,,,,,,,,,,,,2020,,,,,,,,,,,,,,,,,,,,,,,,,,,,,,,,,,,,,
81.0,5.06,75.57,5.4,101.0,27.1875,4.0,83.0,38.0,14.0,10.0,3.0,,14.0,3.0,2.0,,,,4.30693069,28.0,12.0,1.0,33.0,13.0,5.0,2.0,1.0,1.0,40.0,232.0,6.85714286,,,,,,2.0,2.0,6.0,10.0,30.0,2.0,,16.0,80.12897181,24.85426258,1.975991519,0.069877162,70.0,35.0,17.0,14.0,7.0,16.0,8.0,0.153811113,0.107667779,0.338146932,0.0115,4.381267487,14.51380811,1.2824935,0.066950658,0.057786467,0.037763456,41.0,20.0,10.0,8.0,4.0,26.05630275,5.0,2.0,0.076710331,0.00237,33.33837829,7.867867576,0.13682782,0.00433,0.743082337,0.241635178,0.984717514,0.341817875,0.135315699,0.477133574,0.477133574,14.125,Tony Pollard,DAL,ADD,42,3916148,9,Team Sprawl n Brawl,RB,"{'1': {'team': 'LAR', 'date': datetime.datetime(2020, 9, 13, 20, 20)}, '2': {'team': 'ATL', 'date': datetime.datetime(2020, 9, 20, 13, 0)}, '3': {'team': 'SEA', 'date': datetime.datetime(2020, 9, 27, 16, 25)}, '4': {'team': 'CLE', 'date': datetime.datetime(2020, 10, 4, 13, 0)}, '5': {'team': 'NYG', 'date': datetime.datetime(2020, 10, 11, 16, 25)}, '6': {'team': 'ARI', 'date': datetime.datetime(2020, 10, 19, 20, 15)}, '7': {'team': 'WSH', 'date': datetime.datetime(2020, 10, 25, 13, 0)}, '8': {'team': 'PHI', 'date': datetime.datetime(2020, 11, 1, 20, 20)}, '9': {'team': 'PIT', 'date': datetime.datetime(2020, 11, 8, 16, 25)}, '11': {'team': 'MIN', 'date': datetime.datetime(2020, 11, 22, 16, 25)}, '12': {'team': 'WSH', 'date': datetime.datetime(2020, 11, 26, 16, 30)}, '13': {'team': 'BAL', 'date': datetime.datetime(2020, 12, 8, 20, 5)}, '14': {'team': 'CIN', 'date': datetime.datetime(2020, 12, 13, 13, 0)}, '15': {'team': 'SF', 'date': datetime.datetime(2020, 12, 20, 13, 0)}, '16': {'team': 'PHI', 'date': datetime.datetime(2020, 12, 27, 16, 25)}, '17': {'team': 'NYG', 'date': datetime.datetime(2021, 1, 3, 13, 0)}}","['RB', 'RB/WR', 'RB/WR/TE', 'OP', 'BE', 'IR']",RB,,,,,,,766.0,69.0,24.0,0.1295385,0.1497888,445.41315,143.90424,44.0,17.0,14.0,5.0,,1.0,,,,,,,,,,,,,,,,,,,,,,,,,,,,,,,,,,,,,,,,,,,,,,,,,,,,,,,,,,,,,,,,,,,,,,,,,,,,,,,,,,,,,,,,,,,,,,,,,,,,,,,,,,,,,,,,,,,,,,,,,,,,,,,,,,,,,,,,,,,,,,,,,,,,,,,,,,,,,,,,,,,,,,,,,,,,,,,,,,,,,,,,,,,,,,,,,,,,,,,,,,,,,,,,,,,,,,,,,,,,,,2020,,,,,,,,,,,,,,,,,,,,,,,,,,,,,,,,,,,,,
133.0,11.08,200.91,15.45,164.0,72.25,6.0,171.0,81.0,37.0,28.0,11.0,2.0,29.0,11.0,2.0,2.0,2.0,,5.28658537,28.0,16.41666667,,38.0,16.0,5.0,4.0,,,52.0,219.0,7.03571429,4.0,4.0,2.0,2.0,2.0,2.0,2.0,2.0,9.0,40.0,4.0,,12.0,247.7383571,79.45043094,7.645239353,0.475774697,216.0,108.0,54.0,43.0,21.0,49.0,24.0,0.519631715,0.3637422,3.22,0.11,4.369578188,26.42882837,2.00065964,0.168348275,0.071201771,0.046530357,72.0,36.0,18.0,14.0,7.0,42.88189984,8.0,4.0,0.189426129,0.00585854,55.71000453,8.397314201,0.644122972,0.0107,2.078060166,0.359698712,2.437758877,0.955907676,0.201431279,1.157338955,1.157338955,13.625,Miles Sanders,PHI,DRAFT,17,4045163,10,Ambler Thighs,RB,"{'1': {'team': 'WSH', 'date': datetime.datetime(2020, 9, 13, 13, 0)}, '2': {'team': 'LAR', 'date': datetime.datetime(2020, 9, 20, 13, 0)}, '3': {'team': 'CIN', 'date': datetime.datetime(2020, 9, 27, 13, 0)}, '4': {'team': 'SF', 'date': datetime.datetime(2020, 10, 4, 20, 20)}, '5': {'team': 'PIT', 'date': datetime.datetime(2020, 10, 11, 13, 0)}, '6': {'team': 'BAL', 'date': datetime.datetime(2020, 10, 18, 13, 0)}, '7': {'team': 'NYG', 'date': datetime.datetime(2020, 10, 22, 20, 20)}, '8': {'team': 'DAL', 'date': datetime.datetime(2020, 11, 1, 20, 20)}, '10': {'team': 'NYG', 'date': datetime.datetime(2020, 11, 15, 13, 0)}, '11': {'team': 'CLE', 'date': datetime.datetime(2020, 11, 22, 13, 0)}, '12': {'team': 'SEA', 'date': datetime.datetime(2020, 11, 30, 20, 15)}, '13': {'team': 'GB', 'date': datetime.datetime(2020, 12, 6, 16, 25)}, '14': {'team': 'NO', 'date': datetime.datetime(2020, 12, 13, 16, 25)}, '15': {'team': 'ARI', 'date': datetime.datetime(2020, 12, 20, 16, 5)}, '16': {'team': 'DAL', 'date': datetime.datetime(2020, 12, 27, 16, 25)}, '17': {'team': 'WSH', 'date': datetime.datetime(2021, 1, 3, 20, 20)}}","['RB', 'RB/WR', 'RB/WR/TE', 'OP', 'BE', 'IR']",RB,,,,,,,,,,,,,,,,,,,,,,,,,,,,,,,,,,,,,,,,,,,,,,,,,,,,,,,,,,,,,,,,,,,,,,,,2.0,,,,,,,,,,,,,,,,,,,,,,,,,,,,,,,,,,,,,,,,,,,,,,,,,,,,,,,,,,,,,,,,,,,,,,,,,,,,,,,,,,,,,,,,,,,,,,,,,,,,,,,,,,,,,,,,,,,,,,,,,,,,,,,,,,2.0,,,,,,,,,,,,,,,,,,,,,,,,,,,,,,,,,,,,,,,2020,,,,,,,,,,,,,,,,,,,,,,,,,,,,,,,,,,,,,
362.0,22.62,299.27,19.95,133.0,51.1875,11.0,158.0,74.0,33.0,26.0,9.0,1.0,21.0,6.0,,,1.0,,6.15789474,,,,,,,,,,,,,5.0,9.0,,4.0,16.0,,,8.0,8.0,66.0,6.0,,16.0,86.99050542,30.89503628,3.652546594,0.133,94.0,47.0,23.0,18.0,9.0,17.0,8.0,0.168,0.117,0.606,0.0207,5.416100308,,,,,,,,,,,,,,,,,,1.4830862,0.0315,0.925,,7.169665881,0.426,,3.422931523,15.58748235,15.25,Kyler Murray,ARI,DRAFT,3,3917315,10,Ambler Thighs,QB,"{'1': {'team': 'SF', 'date': datetime.datetime(2020, 9, 13, 16, 25)}, '2': {'team': 'WSH', 'date': datetime.datetime(2020, 9, 20, 16, 5)}, '3': {'team': 'DET', 'date': datetime.datetime(2020, 9, 27, 16, 25)}, '4': {'team': 'CAR', 'date': datetime.datetime(2020, 10, 4, 13, 0)}, '5': {'team': 'NYJ', 'date': datetime.datetime(2020, 10, 11, 13, 0)}, '6': {'team': 'DAL', 'date': datetime.datetime(2020, 10, 19, 20, 15)}, '7': {'team': 'SEA', 'date': datetime.datetime(2020, 10, 25, 20, 20)}, '9': {'team': 'MIA', 'date': datetime.datetime(2020, 11, 8, 16, 25)}, '10': {'team': 'BUF', 'date': datetime.datetime(2020, 11, 15, 16, 5)}, '11': {'team': 'SEA', 'date': datetime.datetime(2020, 11, 19, 20, 20)}, '12': {'team': 'NE', 'date': datetime.datetime(2020, 11, 29, 13, 0)}, '13': {'team': 'LAR', 'date': datetime.datetime(2020, 12, 6, 16, 5)}, '14': {'team': 'NYG', 'date': datetime.datetime(2020, 12, 13, 13, 0)}, '15': {'team': 'PHI', 'date': datetime.datetime(2020, 12, 20, 16, 5)}, '16': {'team': 'SF', 'date': datetime.datetime(2020, 12, 26, 16, 30)}, '17': {'team': 'LAR', 'date': datetime.datetime(2021, 1, 3, 16, 25)}}","['QB', 'OP', 'BE', 'IR']",QB,,,,,,,,,,,,,,,,,,,,,558.0,375.0,183.0,248.1875,26.0,789.0,391.0,193.0,150.0,70.0,30.0,67.0,30.0,30.0,12.0,4.0,3.0,2.0,,12.0,0.67204301,27.0,4.0,15.0,3.0,2.0,2.0,544.1225655,349.2615939,194.8609716,251.2567209,26.34443164,766.0,383.0,191.0,153.0,76.0,38.0,69.0,34.0,3.112225263,2.033839209,3.053534626,0.412452464,1.350141913,12.16455083,0.64188037,42.85440313,6.244260898,2.997245231,,,,,3.0,2.0,,,,,,,,,,,,,,,,,,,,,,,,,,,,,,,,,,,,,,,,,,,,,,,,,,,,,,,,,,,,,,,,,,,,,,,,,,,,,,,,,,,,,,,,,,,,,,,,,,,,,,,,,,,,,,,,,,,,,,,,,4.0,,,,,,,1.0,,,,,,,,,,,,,,,,,,,,,,,,,,,,,,,,,,,,,2020,,,,,,,,,,,,,,,,,,,,,,,,,,,,,,,,,,,,,
138.0,9.86,128.98,8.6,1.0,-0.07142857,,,,,,,,,,,,,,-1.0,100.0,70.85714286,8.0,193.0,92.0,43.0,33.0,12.0,13.0,147.0,451.0,9.92,,3.0,,2.0,2.0,1.0,1.0,5.0,9.0,50.0,,,14.0,4.055676102,1.67233195,0.09270165,0.00298,5.0,2.0,1.0,1.0,,,,0.00746,0.00522,0.00156,5.34e-05,6.210924977,65.32160295,4.782118596,0.227414681,0.150401405,0.098287318,196.0,98.0,49.0,39.0,19.0,83.61469328,16.0,8.0,2.647550783,0.0819,127.898092,11.76715008,0.230397185,0.00296,0.0311,0.641621817,0.672743264,0.0143,0.359308218,0.373624083,0.373624083,15.0625,Keenan Allen,LAC,DRAFT,14,15818,10,Ambler Thighs,WR,"{'1': {'team': 'CIN', 'date': datetime.datetime(2020, 9, 13, 16, 5)}, '2': {'team': 'KC', 'date': datetime.datetime(2020, 9, 20, 16, 25)}, '3': {'team': 'CAR', 'date': datetime.datetime(2020, 9, 27, 16, 5)}, '4': {'team': 'TB', 'date': datetime.datetime(2020, 10, 4, 13, 0)}, '5': {'team': 'NO', 'date': datetime.datetime(2020, 10, 12, 20, 15)}, '7': {'team': 'JAX', 'date': datetime.datetime(2020, 10, 25, 16, 25)}, '8': {'team': 'DEN', 'date': datetime.datetime(2020, 11, 1, 16, 5)}, '9': {'team': 'LV', 'date': datetime.datetime(2020, 11, 8, 16, 5)}, '10': {'team': 'MIA', 'date': datetime.datetime(2020, 11, 15, 16, 5)}, '11': {'team': 'NYJ', 'date': datetime.datetime(2020, 11, 22, 16, 5)}, '12': {'team': 'BUF', 'date': datetime.datetime(2020, 11, 29, 13, 0)}, '13': {'team': 'NE', 'date': datetime.datetime(2020, 12, 6, 16, 25)}, '14': {'team': 'ATL', 'date': datetime.datetime(2020, 12, 13, 16, 25)}, '15': {'team': 'LV', 'date': datetime.datetime(2020, 12, 17, 20, 20)}, '16': {'team': 'DEN', 'date': datetime.datetime(2020, 12, 27, 16, 5)}, '17': {'team': 'KC', 'date': datetime.datetime(2021, 1, 3, 16, 25)}}","['RB/WR', 'WR', 'WR/TE', 'RB/WR/TE', 'OP', 'BE', 'IR']",WR,,,4.0,4.0,3.0,2.0,,,,,,,,,,,,3.0,2.0,1.0,1.0,,1.0,,,,,,,,,,,,,,,,,,,,,,,,,,,,,,,,,,,,,,,,,,,,,,,,1.0,1.0,5.0,,,,,,,,,,,,,,,,,,,,,,,,,,,,,,,,,,,,,,,,,,,,,,,,,,,,,,,,,,,,,,,,,,,,,,,,,,,,,,,,,,,,,,,,,,,,,,,,,,,,,,,,,,,,,,,,,,,,,,,,,,,,,,,,,,,,,,,,,,,,,,,,,,,,,,,,,,,,,,,,,,,,,,,,2020,,,,,,,,,,,,,,,,,,,,,,,,,,,,,,,,,,,,,
52.0,4.73,149.75,10.7,82.0,29.81818182,2.0,62.0,29.0,13.0,8.0,2.0,,13.0,3.0,,,,,4.0,16.0,12.54545455,,25.0,11.0,2.0,2.0,,,20.0,139.0,8.625,,1.0,,,,,,9.0,2.0,12.0,1.0,,11.0,195.4903794,54.77404162,3.661481503,0.187954014,154.0,77.0,38.0,30.0,15.0,39.0,19.0,0.399115957,0.27938117,1.64,0.056,3.957654286,29.34004995,1.809314356,0.081978863,0.049266665,0.032195766,82.0,41.0,20.0,16.0,8.0,56.49160346,11.0,5.0,0.263505105,0.008149642,70.25116814,7.336102715,0.269932877,0.00758,1.335956793,0.38605655,1.722013342,0.614540125,0.216191668,0.830731792,0.830731792,14.125,Le'Veon Bell,KC,DRAFT,55,15825,10,Ambler Thighs,BE,"{'1': {'team': 'HOU', 'date': datetime.datetime(2020, 9, 10, 20, 20)}, '2': {'team': 'LAC', 'date': datetime.datetime(2020, 9, 20, 16, 25)}, '3': {'team': 'BAL', 'date': datetime.datetime(2020, 9, 28, 20, 15)}, '4': {'team': 'NE', 'date': datetime.datetime(2020, 10, 5, 19, 5)}, '5': {'team': 'LV', 'date': datetime.datetime(2020, 10, 11, 13, 0)}, '6': {'team': 'BUF', 'date': datetime.datetime(2020, 10, 19, 17, 0)}, '7': {'team': 'DEN', 'date': datetime.datetime(2020, 10, 25, 16, 25)}, '8': {'team': 'NYJ', 'date': datetime.datetime(2020, 11, 1, 13, 0)}, '9': {'team': 'CAR', 'date': datetime.datetime(2020, 11, 8, 13, 0)}, '11': {'team': 'LV', 'date': datetime.datetime(2020, 11, 22, 20, 20)}, '12': {'team': 'TB', 'date': datetime.datetime(2020, 11, 29, 16, 25)}, '13': {'team': 'DEN', 'date': datetime.datetime(2020, 12, 6, 20, 20)}, '14': {'team': 'MIA', 'date': datetime.datetime(2020, 12, 13, 13, 0)}, '15': {'team': 'NO', 'date': datetime.datetime(2020, 12, 20, 16, 25)}, '16': {'team': 'ATL', 'date': datetime.datetime(2020, 12, 27, 13, 0)}, '17': {'team': 'LAC', 'date': datetime.datetime(2021, 1, 3, 16, 25)}}","['RB', 'RB/WR', 'RB/WR/TE', 'OP', 'BE', 'IR']",BE,,,,,1.0,,,,,,,,,,,,,,,,,,,,,,,,,,,,,,,,,,,,,,,,,,,,,,,,,,,,,,,,,,,,,,,,,,,,,,1.0,,,,,,,,,,,,,,,,,,,,,,,,,,,,,,,,,,,,,,,,,,,,,,,,,,,,,,,,,,,,,,,,,,,,,,,,,,,,,,,,,,,,,,,,,,,,,,,,,,,,,,,,,,,,,,,,,,,,,,,,,,,,,,,,,,,,,,,,,,,,,,,,,,,,,,,,,,,,,,,,,,,,,,2020,,,,,,,,,,,,,,,,,,,,,,,,,,,,,,,,,,,,,
132.0,12.0,145.86,9.72,1.0,,,,,,,,,,,,,,,,53.0,79.90909091,8.0,172.0,84.0,39.0,31.0,14.0,7.0,75.0,296.0,16.58490566,,,,,,1.0,1.0,4.0,7.0,48.0,,1.0,11.0,,,,,,,,,,,,,,,,,69.2110305,7.049905297,0.223757816,0.243326528,0.159013886,208.0,104.0,52.0,41.0,20.0,74.89794532,14.0,7.0,3.049715754,0.0943,120.1768,13.9188217,0.223757816,0.00358,,0.813739257,0.813739257,,0.455693984,0.455693984,0.455693984,15.0625,Will Fuller V,HOU,DRAFT,16,3052876,10,Ambler Thighs,BE,"{'1': {'team': 'KC', 'date': datetime.datetime(2020, 9, 10, 20, 20)}, '2': {'team': 'BAL', 'date': datetime.datetime(2020, 9, 20, 16, 25)}, '3': {'team': 'PIT', 'date': datetime.datetime(2020, 9, 27, 13, 0)}, '4': {'team': 'MIN', 'date': datetime.datetime(2020, 10, 4, 13, 0)}, '5': {'team': 'JAX', 'date': datetime.datetime(2020, 10, 11, 13, 0)}, '6': {'team': 'TEN', 'date': datetime.datetime(2020, 10, 18, 13, 0)}, '7': {'team': 'GB', 'date': datetime.datetime(2020, 10, 25, 13, 0)}, '9': {'team': 'JAX', 'date': datetime.datetime(2020, 11, 8, 13, 0)}, '10': {'team': 'CLE', 'date': datetime.datetime(2020, 11, 15, 13, 0)}, '11': {'team': 'NE', 'date': datetime.datetime(2020, 11, 22, 13, 0)}, '12': {'team': 'DET', 'date': datetime.datetime(2020, 11, 26, 12, 30)}, '13': {'team': 'IND', 'date': datetime.datetime(2020, 12, 6, 13, 0)}, '14': {'team': 'CHI', 'date': datetime.datetime(2020, 12, 13, 13, 0)}, '15': {'team': 'IND', 'date': datetime.datetime(2020, 12, 20, 13, 0)}, '16': {'team': 'CIN', 'date': datetime.datetime(2020, 12, 27, 13, 0)}, '17': {'team': 'TEN', 'date': datetime.datetime(2021, 1, 3, 16, 25)}}","['RB/WR', 'WR', 'WR/TE', 'RB/WR/TE', 'OP', 'BE', 'IR']",BE,3.0,2.0,5.0,5.0,,,,,,,,,,,,,,,1.0,1.0,,,,,,,,,,,,,,,,,,,,,,,,,,,,,,,,,,,,,,,,,,,,,,,,,,,,,2.0,,,,,,,,,,,,,,,,,,,,,,,,,,,,,,,,,,,,,,,,,,,,,,,,,,,,,,,,,,14.0,1.0,,,,,,,,,,,,,,,,,,,,,,,,,,,,,,,,,,,,,,,,,,,,,,,,,,,,,,,,,,,,,,,,,,,,,,,,,,,,,,,,,,,,,,,,,,,,,,,,,,,,,,,,,,,,,2020,,,,,,,,,,,,,,,,,,,,,,,,,,,,,,,,,,,,,
132.0,8.25,97.0,6.47,10.0,5.125,1.0,12.0,4.0,,,,,,,,,,,8.2,74.0,58.4375,5.0,181.0,86.0,41.0,29.0,11.0,10.0,111.0,316.0,12.63513514,,2.0,,1.0,1.0,2.0,2.0,6.0,10.0,44.0,,,16.0,2.041444296,0.813129205,0.066349927,0.002347296,2.0,1.0,,,,,,0.003748245,0.002623771,0.000322,1.1e-05,5.999555646,45.69494694,4.587242345,0.23941954,0.189084975,0.123567031,137.0,68.0,34.0,27.0,13.0,51.82749702,10.0,5.0,1.023369195,0.0317,84.5761878,13.28021182,0.241766836,0.00248,0.021373769,0.542630012,0.564003781,0.009831934,0.303872807,0.31370474,0.31370474,15.0625,CeeDee Lamb,DAL,DRAFT,18,4241389,10,Ambler Thighs,BE,"{'1': {'team': 'LAR', 'date': datetime.datetime(2020, 9, 13, 20, 20)}, '2': {'team': 'ATL', 'date': datetime.datetime(2020, 9, 20, 13, 0)}, '3': {'team': 'SEA', 'date': datetime.datetime(2020, 9, 27, 16, 25)}, '4': {'team': 'CLE', 'date': datetime.datetime(2020, 10, 4, 13, 0)}, '5': {'team': 'NYG', 'date': datetime.datetime(2020, 10, 11, 16, 25)}, '6': {'team': 'ARI', 'date': datetime.datetime(2020, 10, 19, 20, 15)}, '7': {'team': 'WSH', 'date': datetime.datetime(2020, 10, 25, 13, 0)}, '8': {'team': 'PHI', 'date': datetime.datetime(2020, 11, 1, 20, 20)}, '9': {'team': 'PIT', 'date': datetime.datetime(2020, 11, 8, 16, 25)}, '11': {'team': 'MIN', 'date': datetime.datetime(2020, 11, 22, 16, 25)}, '12': {'team': 'WSH', 'date': datetime.datetime(2020, 11, 26, 16, 30)}, '13': {'team': 'BAL', 'date': datetime.datetime(2020, 12, 8, 20, 5)}, '14': {'team': 'CIN', 'date': datetime.datetime(2020, 12, 13, 13, 0)}, '15': {'team': 'SF', 'date': datetime.datetime(2020, 12, 20, 13, 0)}, '16': {'team': 'PHI', 'date': datetime.datetime(2020, 12, 27, 16, 25)}, '17': {'team': 'NYG', 'date': datetime.datetime(2021, 1, 3, 13, 0)}}","['Rookie', 'RB/WR', 'WR', 'WR/TE', 'RB/WR/TE', 'OP', 'BE', 'IR']",BE,2.0,1.0,2.0,2.0,1.0,1.0,47.0,4.0,1.0,0.0099645,0.0249648,34.26255,23.98404,3.0,1.0,2.0,,,2.0,1.0,,,,,,,,,,,,,,,,,,,,,,1.0,,,,,,,,,,,,,,,,,,,,,,,,,,,,,,1.0,,,1.0,,,,,,,,,,,,,,,,,,,,,,,,,,,,,,,,,,,,,,,,,,,,,,,,1.0,,,1.0,,,1.0,,172.0,12.0,3.0,,,,,,,,,,,,,,,,,,,,,,,,,,,,,,,,,,,,,,,,,,,,,,,,,,,,,,,,,,,,,,,,,,,,,1.0,,,,,,,,,,,,,,,,,,,,,,,,,,,,,,,,,,,,,,,2020,,,,,,,,,,,,,,,,,,,,,,,,,,,,,,,,,,,,,
141.0,9.4,107.4,7.67,134.0,53.66666667,9.0,155.0,75.0,33.0,25.0,10.0,2.0,22.0,8.0,1.0,1.0,2.0,,6.00746269,18.0,8.0,,21.0,8.0,2.0,1.0,,,24.0,135.0,6.66666667,2.0,2.0,,,,,,11.0,4.0,58.0,8.0,,15.0,133.9363734,42.80212989,3.640426096,0.115848707,120.0,60.0,30.0,24.0,12.0,26.0,13.0,0.264691675,0.185284172,1.0,0.0342,4.513935009,14.60435539,1.098408451,0.061036872,0.062987745,0.041162491,41.0,20.0,10.0,8.0,4.0,25.21752314,5.0,2.0,0.077161447,0.00239,32.84082154,8.180284749,0.17688558,0.0066,1.262074062,0.237623142,1.499697205,0.580554069,0.13306896,0.713623028,0.713623028,14.125,J.K. Dobbins,BAL,DRAFT,23,4241985,10,Ambler Thighs,BE,"{'1': {'team': 'CLE', 'date': datetime.datetime(2020, 9, 13, 13, 0)}, '2': {'team': 'HOU', 'date': datetime.datetime(2020, 9, 20, 16, 25)}, '3': {'team': 'KC', 'date': datetime.datetime(2020, 9, 28, 20, 15)}, '4': {'team': 'WSH', 'date': datetime.datetime(2020, 10, 4, 13, 0)}, '5': {'team': 'CIN', 'date': datetime.datetime(2020, 10, 11, 13, 0)}, '6': {'team': 'PHI', 'date': datetime.datetime(2020, 10, 18, 13, 0)}, '8': {'team': 'PIT', 'date': datetime.datetime(2020, 11, 1, 13, 0)}, '9': {'team': 'IND', 'date': datetime.datetime(2020, 11, 8, 13, 0)}, '10': {'team': 'NE', 'date': datetime.datetime(2020, 11, 15, 20, 20)}, '11': {'team': 'TEN', 'date': datetime.datetime(2020, 11, 22, 13, 0)}, '12': {'team': 'PIT', 'date': datetime.datetime(2020, 12, 2, 15, 40)}, '13': {'team': 'DAL', 'date': datetime.datetime(2020, 12, 8, 20, 5)}, '14': {'team': 'CLE', 'date': datetime.datetime(2020, 12, 14, 20, 15)}, '15': {'team': 'JAX', 'date': datetime.datetime(2020, 12, 20, 13, 0)}, '16': {'team': 'NYG', 'date': datetime.datetime(2020, 12, 27, 13, 0)}, '17': {'team': 'CIN', 'date': datetime.datetime(2021, 1, 3, 13, 0)}}","['Rookie', 'RB', 'RB/WR', 'RB/WR/TE', 'OP', 'BE', 'IR']",BE,,,,,,,,,,,,,,,,,,,,,,,,,,,,,,,,,,,,,,,,,,,,,,,,,,,,,,,,,,,,,,,,,,,,,,,1.0,2.0,,,,,,,,,,,,,,,,,,,,,,,,,,,,,,,,,,,,,,,,,,,,,,,,,,,,,,,,,,,,,,,,,,,,,,,,,,,,,,,,,,,,,,,,,,,,,,,,,,,,,,,,,,,,,,,,,,,,,,,,,,,,,,,,,,1.0,,,,,,,,,,,,,,,,,,,,,,,,,,,,,,,,,,,,,,,2020,,,,,,,,,,,,,,,,,,,,,,,,,,,,,,,,,,,,,
98.0,6.53,101.9,7.28,1.0,0.06666667,,,,,,,,,,,,,,1.0,48.0,50.4,5.0,143.0,68.0,31.0,23.0,9.0,4.0,85.0,164.0,15.75,,,,,,1.0,1.0,7.0,8.0,30.0,,1.0,15.0,,,,,,,,,,,,,,,,,55.12143719,4.128874348,0.19650685,0.26233113,0.171433393,155.0,77.0,38.0,31.0,15.0,45.37023233,9.0,4.0,1.582496518,0.0489,86.22577475,17.08488519,0.19650685,0.00108,,0.245296471,0.245296471,,0.137366024,0.137366024,0.137366024,14.0625,Mike Williams,LAC,DRAFT,50,3045138,10,Ambler Thighs,BE,"{'1': {'team': 'CIN', 'date': datetime.datetime(2020, 9, 13, 16, 5)}, '2': {'team': 'KC', 'date': datetime.datetime(2020, 9, 20, 16, 25)}, '3': {'team': 'CAR', 'date': datetime.datetime(2020, 9, 27, 16, 5)}, '4': {'team': 'TB', 'date': datetime.datetime(2020, 10, 4, 13, 0)}, '5': {'team': 'NO', 'date': datetime.datetime(2020, 10, 12, 20, 15)}, '7': {'team': 'JAX', 'date': datetime.datetime(2020, 10, 25, 16, 25)}, '8': {'team': 'DEN', 'date': datetime.datetime(2020, 11, 1, 16, 5)}, '9': {'team': 'LV', 'date': datetime.datetime(2020, 11, 8, 16, 5)}, '10': {'team': 'MIA', 'date': datetime.datetime(2020, 11, 15, 16, 5)}, '11': {'team': 'NYJ', 'date': datetime.datetime(2020, 11, 22, 16, 5)}, '12': {'team': 'BUF', 'date': datetime.datetime(2020, 11, 29, 13, 0)}, '13': {'team': 'NE', 'date': datetime.datetime(2020, 12, 6, 16, 25)}, '14': {'team': 'ATL', 'date': datetime.datetime(2020, 12, 13, 16, 25)}, '15': {'team': 'LV', 'date': datetime.datetime(2020, 12, 17, 20, 20)}, '16': {'team': 'DEN', 'date': datetime.datetime(2020, 12, 27, 16, 5)}, '17': {'team': 'KC', 'date': datetime.datetime(2021, 1, 3, 16, 25)}}","['RB/WR', 'WR', 'WR/TE', 'RB/WR/TE', 'OP', 'BE', 'IR']",BE,2.0,1.0,2.0,2.0,,,,,,,,,,,,,,,1.0,1.0,,,,,,,,,,,,,,,,,,,,,,,,,,,,,,,,,,,,,,,,,,,,,,,,,,,,,,,,,,,,,,,,,,,,,,,,,,,,,,,,,,,,,,,,,,,,,,,,,,1.0,,,,,,,,,,,,1.0,,,,,,,,,,,,,,,,,,,,,,,,,,,,,,,,,,,,,,,,,,,,,,,,,,,,,,,,,,,,,,,,,,,,,,,,,,,,,,,,,,,,,,,,,,,,,,,,,,,,,,,,,,,,,,,2020,,,,,,,,,,,,,,,,,,,,,,,,,,,,,,,,,,,,,
144.0,9.0,68.68,4.58,10.0,1.0,2.0,3.0,,,,,,,,,,,,1.6,62.0,54.5625,9.0,167.0,80.0,35.0,28.0,12.0,5.0,109.0,340.0,14.08064516,,3.0,,1.0,1.0,2.0,6.0,12.0,4.0,66.0,2.0,3.0,16.0,,,,,,,,,,,,,,,,,30.35315995,3.950183499,0.190705058,0.172940171,0.113016402,91.0,45.0,22.0,18.0,9.0,34.74765874,6.0,3.0,0.336419944,0.0104,57.45039845,13.15756193,0.190705058,0.0016,,0.363805384,0.363805384,,0.203731015,0.203731015,0.203731015,15.0625,Chase Claypool,PIT,ADD,18,4046692,10,Ambler Thighs,WR,"{'1': {'team': 'NYG', 'date': datetime.datetime(2020, 9, 14, 19, 15)}, '2': {'team': 'DEN', 'date': datetime.datetime(2020, 9, 20, 13, 0)}, '3': {'team': 'HOU', 'date': datetime.datetime(2020, 9, 27, 13, 0)}, '5': {'team': 'PHI', 'date': datetime.datetime(2020, 10, 11, 13, 0)}, '6': {'team': 'CLE', 'date': datetime.datetime(2020, 10, 18, 13, 0)}, '7': {'team': 'TEN', 'date': datetime.datetime(2020, 10, 25, 13, 0)}, '8': {'team': 'BAL', 'date': datetime.datetime(2020, 11, 1, 13, 0)}, '9': {'team': 'DAL', 'date': datetime.datetime(2020, 11, 8, 16, 25)}, '10': {'team': 'CIN', 'date': datetime.datetime(2020, 11, 15, 16, 25)}, '11': {'team': 'JAX', 'date': datetime.datetime(2020, 11, 22, 13, 0)}, '12': {'team': 'BAL', 'date': datetime.datetime(2020, 12, 2, 15, 40)}, '13': {'team': 'WSH', 'date': datetime.datetime(2020, 12, 7, 17, 0)}, '14': {'team': 'BUF', 'date': datetime.datetime(2020, 12, 13, 20, 20)}, '15': {'team': 'CIN', 'date': datetime.datetime(2020, 12, 21, 20, 15)}, '16': {'team': 'IND', 'date': datetime.datetime(2020, 12, 27, 13, 0)}, '17': {'team': 'CLE', 'date': datetime.datetime(2021, 1, 3, 13, 0)}}","['Rookie', 'RB/WR', 'WR', 'WR/TE', 'RB/WR/TE', 'OP', 'BE', 'IR']",WR,1.0,1.0,2.0,2.0,3.0,1.0,,,,,,,,,,,,,3.0,1.0,,,,,,,,,,,,,,,,,,,,,,,,,,,,,,,,,,,,,,,,,,,,,,,,,,,,,1.0,4.0,,,,,,,,,,,,,,,,,,,,,,,,,,,,,,,,,,,,,,,,,,,,,,,,,,,,,1.0,,,,,,,,,,,,,,,,,,,,,,,,,,,,,,,,,,,,,,,,,,,,,,,,,,,,,,,,,,,,,,,,,,,,,,,,,,,,,,,,,,,,,,,,,,,,,,,,,,,,,,,,,,,,,,,,,,2020,,,,,,,,,,,,,,,,,,,,,,,,,,,,,,,,,,,,,
58.0,3.62,92.29,6.59,80.0,23.375,1.0,69.0,30.0,13.0,8.0,3.0,,10.0,3.0,1.0,1.0,,,4.675,25.0,13.25,1.0,38.0,16.0,6.0,3.0,,1.0,36.0,187.0,8.48,1.0,2.0,,,,1.0,1.0,4.0,11.0,12.0,,,16.0,96.24617846,28.41131517,4.018536675,0.250061597,80.0,40.0,20.0,16.0,8.0,19.0,9.0,0.186355924,0.130449146,0.440063164,0.015,4.169618297,16.26343503,1.058046211,0.089030763,0.048905556,0.031959781,45.0,22.0,11.0,9.0,4.0,30.82756601,6.0,3.0,0.087512281,0.00271,38.99700317,7.451805303,0.33909236,0.00625,1.075286675,0.344413373,1.419700048,0.494631871,0.192871489,0.687503359,0.687503359,14.125,Boston Scott,PHI,ADD,57,3051439,10,Ambler Thighs,BE,"{'1': {'team': 'WSH', 'date': datetime.datetime(2020, 9, 13, 13, 0)}, '2': {'team': 'LAR', 'date': datetime.datetime(2020, 9, 20, 13, 0)}, '3': {'team': 'CIN', 'date': datetime.datetime(2020, 9, 27, 13, 0)}, '4': {'team': 'SF', 'date': datetime.datetime(2020, 10, 4, 20, 20)}, '5': {'team': 'PIT', 'date': datetime.datetime(2020, 10, 11, 13, 0)}, '6': {'team': 'BAL', 'date': datetime.datetime(2020, 10, 18, 13, 0)}, '7': {'team': 'NYG', 'date': datetime.datetime(2020, 10, 22, 20, 20)}, '8': {'team': 'DAL', 'date': datetime.datetime(2020, 11, 1, 20, 20)}, '10': {'team': 'NYG', 'date': datetime.datetime(2020, 11, 15, 13, 0)}, '11': {'team': 'CLE', 'date': datetime.datetime(2020, 11, 22, 13, 0)}, '12': {'team': 'SEA', 'date': datetime.datetime(2020, 11, 30, 20, 15)}, '13': {'team': 'GB', 'date': datetime.datetime(2020, 12, 6, 16, 25)}, '14': {'team': 'NO', 'date': datetime.datetime(2020, 12, 13, 16, 25)}, '15': {'team': 'ARI', 'date': datetime.datetime(2020, 12, 20, 16, 5)}, '16': {'team': 'DAL', 'date': datetime.datetime(2020, 12, 27, 16, 25)}, '17': {'team': 'WSH', 'date': datetime.datetime(2021, 1, 3, 20, 20)}}","['RB', 'RB/WR', 'RB/WR/TE', 'OP', 'BE', 'IR']",BE,,,,,,,590.0,54.0,18.0,0.068985,0.0124824,514.8325,11.99202,51.0,20.0,1.0,,,,,,,,,,,,,,,,,,,,,,,,,,,,,,,,,,,,,,,,,,,,,,,,,,,,,,,,,1.0,,,,,,,,,,,,,,,,,,,,,,,,,,,,,,,,,,,,,,,,,,,,,,,,,,,,,,,,,,,,,,,,,,,,,,,,,,,,,,,,,,,,,,,,,,,,,,,,,,,,,,,,,,,,,,,,,,,,,,,,,,,,,,,,,,,,,,,,,,,,,,,,,,,,,,,,,,,,,,,,,,,,,,,,2020,,,,,,,,,,,,,,,,,,,,,,,,,,,,,,,,,,,,,
130.0,8.67,120.68,7.54,,,,,,,,,,,,,,,,,,,,,,,,,,,,,,,,,,1.0,1.0,5.0,10.0,108.0,,,15.0,,,,,,,,,,,,,,,,,,,,,,,,,,,,,,,,,,,,,,,,,,,16.0,Brandon McManus,DEN,ADD,13,16339,10,Ambler Thighs,K,"{'1': {'team': 'TEN', 'date': datetime.datetime(2020, 9, 14, 22, 10)}, '2': {'team': 'PIT', 'date': datetime.datetime(2020, 9, 20, 13, 0)}, '3': {'team': 'TB', 'date': datetime.datetime(2020, 9, 27, 16, 25)}, '4': {'team': 'NYJ', 'date': datetime.datetime(2020, 10, 1, 20, 20)}, '6': {'team': 'NE', 'date': datetime.datetime(2020, 10, 18, 13, 0)}, '7': {'team': 'KC', 'date': datetime.datetime(2020, 10, 25, 16, 25)}, '8': {'team': 'LAC', 'date': datetime.datetime(2020, 11, 1, 16, 5)}, '9': {'team': 'ATL', 'date': datetime.datetime(2020, 11, 8, 13, 0)}, '10': {'team': 'LV', 'date': datetime.datetime(2020, 11, 15, 16, 5)}, '11': {'team': 'MIA', 'date': datetime.datetime(2020, 11, 22, 16, 5)}, '12': {'team': 'NO', 'date': datetime.datetime(2020, 11, 29, 16, 5)}, '13': {'team': 'KC', 'date': datetime.datetime(2020, 12, 6, 20, 20)}, '14': {'team': 'CAR', 'date': datetime.datetime(2020, 12, 13, 13, 0)}, '15': {'team': 'BUF', 'date': datetime.datetime(2020, 12, 19, 16, 30)}, '16': {'team': 'LAC', 'date': datetime.datetime(2020, 12, 27, 16, 5)}, '17': {'team': 'LV', 'date': datetime.datetime(2021, 1, 3, 16, 25)}}","['K', 'BE', 'IR']",K,,,,,,,,,,,,,,,,,,,,,,,,,,,,,,,,,,,,,,,,,,,,,,,,,,,,,,,,,,,,,,,,,,,,,,,,,,,,,,10.0,15.0,8.0,8.0,,10.0,11.0,1.0,28.0,34.0,6.0,24.0,27.0,3.0,10.0,13.0,3.093668149,4.744579289,1.65091114,7.564813859,9.830272121,2.265458263,15.66041783,16.43547074,0.775052911,26.31889984,31.01032215,4.691422313,32.66491741,34.27434933,1.609431919,3.093668149,4.744579289,1.65091114,,,,,,,,,,,,,,,,,,,,,,,,,,,,,,,,,,,,,,,,,,,,,,,,,,,,,,,,,,,,,,,,,,,,,,,,,,,,,,,,,,,,,,,5.0,3.0,2.0,2.0,,,,,,,,,,,,,,,,,,,,,,,,,,,,,,,,,,,,,,,,2020,,,,,,,,,,,,,,,,,,,,,,,,,,,,,,,,,,,,,
106.0,6.62,112.8,7.05,,,,,,,,,,,,,,,,,,,,,,,,,,,,,,,,,,624.0,903.0,12.0,4.0,,,,16.0,,,,,,,,,,,,,,,,,,,,,,,,,,,,,,,,,,,,,,,,,,,16.0,Saints D/ST,NO,ADD,9,-16018,10,Ambler Thighs,D/ST,"{'1': {'team': 'TB', 'date': datetime.datetime(2020, 9, 13, 16, 25)}, '2': {'team': 'LV', 'date': datetime.datetime(2020, 9, 21, 20, 15)}, '3': {'team': 'GB', 'date': datetime.datetime(2020, 9, 27, 20, 20)}, '4': {'team': 'DET', 'date': datetime.datetime(2020, 10, 4, 13, 0)}, '5': {'team': 'LAC', 'date': datetime.datetime(2020, 10, 12, 20, 15)}, '7': {'team': 'CAR', 'date': datetime.datetime(2020, 10, 25, 13, 0)}, '8': {'team': 'CHI', 'date': datetime.datetime(2020, 11, 1, 16, 25)}, '9': {'team': 'TB', 'date': datetime.datetime(2020, 11, 8, 20, 20)}, '10': {'team': 'SF', 'date': datetime.datetime(2020, 11, 15, 16, 25)}, '11': {'team': 'ATL', 'date': datetime.datetime(2020, 11, 22, 13, 0)}, '12': {'team': 'DEN', 'date': datetime.datetime(2020, 11, 29, 16, 5)}, '13': {'team': 'ATL', 'date': datetime.datetime(2020, 12, 6, 13, 0)}, '14': {'team': 'PHI', 'date': datetime.datetime(2020, 12, 13, 16, 25)}, '15': {'team': 'KC', 'date': datetime.datetime(2020, 12, 20, 16, 25)}, '16': {'team': 'MIN', 'date': datetime.datetime(2020, 12, 25, 16, 30)}, '17': {'team': 'CAR', 'date': datetime.datetime(2021, 1, 3, 16, 25)}}","['D/ST', 'BE', 'IR']",D/ST,,,,,,,761.0,70.0,24.0,0.0973455,0.478492,842.5368,280.0367,84.0,33.0,28.0,11.0,,,,,,,,,,,,,,,,,,,,,,,,,,,,,,,,,,,,,,,,,,,,,,,,,,,,,,,,,279.0,,,7.0,,,,,,,,,,,,,,,,,,,,,,,,,,,,,,,,,,,8.0,0.0,2.0,3.0,1.0,1.0,18.0,1.0,1.0,45.0,90.0,,,1.0,1.0,296.0,173.0,49.0,84.0,399.0,33.0,9.0,337.0,0.0,5.0,4.0,1.0,4974.0,0.0,2.0,4.0,4.0,4.0,2.0,0.0,0.0,0.0,0.0,2.0,3.0,1.0,0.0,5.0,4.0,1.0,0.212927757,0.960576346,3.313988393,2.94576746,0.042107878,2.118219176,13.37605566,9.384646987,0.93913807,0.519660868,41.44185144,82.88370288,1.13169501,0.986524166,2.736164554,14.43791844,887.8390724,295.0,177.0,91.93007991,336.2859785,2.321392836,3.185911547,2.113267961,0.848509105,0.097658595,21.01787366,5597.499481,0.568597027,4.644877121,3.836027829,3.539716703,2.106211522,0.880924971,0.336353171,0.087291656,349.8437175,-336.2859785,,,,,,,,,,,,,,,,,,,,,,,,,,,,,,,,,,,,,,,,,,,,,,,2020,,,,,,,,,,,,,,,,,,,,,,,,,,,,,,,,,,,,,
36.0,2.57,80.12,5.34,,,,,,,,,,,,,,,,,23.0,17.92857143,3.0,45.0,20.0,7.0,5.0,1.0,,33.0,94.0,10.91304348,,1.0,,1.0,1.0,,,9.0,5.0,18.0,,,14.0,,,,,,,,,,,,,,,,,34.85338052,4.736357244,0.240057372,0.107059805,0.069963583,104.0,52.0,26.0,20.0,10.0,49.89642531,9.0,4.0,0.486403755,0.015043415,73.85503938,10.52137585,0.240057372,0.00313,,0.712383189,0.712383189,,0.398934586,0.398934586,0.398934586,15.0625,Jack Doyle,IND,ADD,34,16504,10,Ambler Thighs,TE,"{'1': {'team': 'JAX', 'date': datetime.datetime(2020, 9, 13, 13, 0)}, '2': {'team': 'MIN', 'date': datetime.datetime(2020, 9, 20, 13, 0)}, '3': {'team': 'NYJ', 'date': datetime.datetime(2020, 9, 27, 16, 5)}, '4': {'team': 'CHI', 'date': datetime.datetime(2020, 10, 4, 16, 25)}, '5': {'team': 'CLE', 'date': datetime.datetime(2020, 10, 11, 16, 25)}, '6': {'team': 'CIN', 'date': datetime.datetime(2020, 10, 18, 13, 0)}, '8': {'team': 'DET', 'date': datetime.datetime(2020, 11, 1, 13, 0)}, '9': {'team': 'BAL', 'date': datetime.datetime(2020, 11, 8, 13, 0)}, '10': {'team': 'TEN', 'date': datetime.datetime(2020, 11, 12, 20, 20)}, '11': {'team': 'GB', 'date': datetime.datetime(2020, 11, 22, 16, 25)}, '12': {'team': 'TEN', 'date': datetime.datetime(2020, 11, 29, 13, 0)}, '13': {'team': 'HOU', 'date': datetime.datetime(2020, 12, 6, 13, 0)}, '14': {'team': 'LV', 'date': datetime.datetime(2020, 12, 13, 16, 5)}, '15': {'team': 'HOU', 'date': datetime.datetime(2020, 12, 20, 13, 0)}, '16': {'team': 'PIT', 'date': datetime.datetime(2020, 12, 27, 13, 0)}, '17': {'team': 'JAX', 'date': datetime.datetime(2021, 1, 3, 16, 25)}}","['WR/TE', 'TE', 'RB/WR/TE', 'OP', 'BE', 'IR']",TE,,,,,1.0,1.0,,,,,,,,,,,,,2.0,,,,,,,,,,,,,,,,,,,,,,,,,,,,,,,,,,,,,,,,,,,,,,,,,,,,,,1.0,,,,,,,,,,,,,,,,,,,,,,,,,,,,,,,,,,,,,,,,,,,,,,,,,,,,,,,,,,,,,,,,,,,,,,,,,,,,,,,,,,,,,,,,,,,,,,,,,,,,,,,,,,,,,,,,,,,,,,,,,,,,,,,,,,,,,,,,,,,,,,,,,,,,,,,,,,,,,,,,,,,,,,,,2020,,,,,,,,,,,,,,,,,,,,,,,,,,,,,,,,,,,,,
27.0,2.45,50.83,3.63,,,,,,,,,,,,,,,,,24.0,21.72727273,1.0,45.0,21.0,8.0,4.0,1.0,2.0,37.0,56.0,9.95833333,,,,,,,,8.0,3.0,6.0,,,11.0,,,,,,,,,,,,,,,,,22.99695317,3.137862207,0.099781123,0.149931613,0.097980309,64.0,32.0,16.0,12.0,6.0,27.42141458,5.0,2.0,0.152952508,0.00473,42.23701807,11.84592293,0.099781123,0.000774,,0.175796782,0.175796782,,0.098446198,0.098446198,0.098446198,14.125,Greg Olsen,SEA,ADD,44,10475,10,Ambler Thighs,BE,"{'1': {'team': 'ATL', 'date': datetime.datetime(2020, 9, 13, 13, 0)}, '2': {'team': 'NE', 'date': datetime.datetime(2020, 9, 20, 20, 20)}, '3': {'team': 'DAL', 'date': datetime.datetime(2020, 9, 27, 16, 25)}, '4': {'team': 'MIA', 'date': datetime.datetime(2020, 10, 4, 13, 0)}, '5': {'team': 'MIN', 'date': datetime.datetime(2020, 10, 11, 20, 20)}, '7': {'team': 'ARI', 'date': datetime.datetime(2020, 10, 25, 20, 20)}, '8': {'team': 'SF', 'date': datetime.datetime(2020, 11, 1, 16, 25)}, '9': {'team': 'BUF', 'date': datetime.datetime(2020, 11, 8, 13, 0)}, '10': {'team': 'LAR', 'date': datetime.datetime(2020, 11, 15, 16, 25)}, '11': {'team': 'ARI', 'date': datetime.datetime(2020, 11, 19, 20, 20)}, '12': {'team': 'PHI', 'date': datetime.datetime(2020, 11, 30, 20, 15)}, '13': {'team': 'NYG', 'date': datetime.datetime(2020, 12, 6, 16, 5)}, '14': {'team': 'NYJ', 'date': datetime.datetime(2020, 12, 13, 16, 5)}, '15': {'team': 'WSH', 'date': datetime.datetime(2020, 12, 20, 13, 0)}, '16': {'team': 'LAR', 'date': datetime.datetime(2020, 12, 27, 16, 25)}, '17': {'team': 'SF', 'date': datetime.datetime(2021, 1, 3, 16, 25)}}","['WR/TE', 'TE', 'RB/WR/TE', 'OP', 'BE', 'IR']",BE,,,,,,,,,,,,,,,,,,,1.0,,,,,,,,,,,,,,,,,,,,,,,,,,,,,,,,,,,,,,,,,,,,,,,,,,,,,,,,,,,,,,,,,,,,,,,,,,,,,,,,,,,,,,,,,,,,,,,,,,,,,,,,,,,,,,,,,,,,,,,,,,,,,,,,,,,,,,,,,,,,,,,,,,,,,,,,,,,,,,,,,,,,,,,,,,,,,,,,,,,,,,,,,,,,,,,,,,,,,,,,,,,,,,,,,,,,,,,,,,,,,,2020,,,,,,,,,,,,,,,,,,,,,,,,,,,,,,,,,,,,,
43.0,2.69,114.49,8.18,52.0,11.3125,2.0,30.0,12.0,4.0,3.0,,,5.0,1.0,,,,,3.48076923,19.0,11.6875,1.0,34.0,15.0,4.0,3.0,1.0,,26.0,184.0,9.84210526,1.0,1.0,1.0,1.0,1.0,,,5.0,11.0,18.0,2.0,,16.0,142.936693,40.83358031,4.779527356,0.22,115.0,57.0,28.0,23.0,11.0,28.0,14.0,0.283934759,0.199,0.915,0.0312,4.035173264,15.78607988,1.256075916,0.059279523,0.071557834,0.046763044,44.0,22.0,11.0,8.0,4.0,27.04778434,5.0,2.0,0.084868656,0.00262,34.4462558,8.243868539,0.279502117,0.00609,1.164491264,0.220355655,1.384846919,0.535665981,0.123399167,0.659065148,0.659065148,14.125,Kerryon Johnson,DET,ADD,64,3916925,10,Ambler Thighs,RB,"{'1': {'team': 'CHI', 'date': datetime.datetime(2020, 9, 13, 13, 0)}, '2': {'team': 'GB', 'date': datetime.datetime(2020, 9, 20, 13, 0)}, '3': {'team': 'ARI', 'date': datetime.datetime(2020, 9, 27, 16, 25)}, '4': {'team': 'NO', 'date': datetime.datetime(2020, 10, 4, 13, 0)}, '6': {'team': 'JAX', 'date': datetime.datetime(2020, 10, 18, 13, 0)}, '7': {'team': 'ATL', 'date': datetime.datetime(2020, 10, 25, 13, 0)}, '8': {'team': 'IND', 'date': datetime.datetime(2020, 11, 1, 13, 0)}, '9': {'team': 'MIN', 'date': datetime.datetime(2020, 11, 8, 13, 0)}, '10': {'team': 'WSH', 'date': datetime.datetime(2020, 11, 15, 13, 0)}, '11': {'team': 'CAR', 'date': datetime.datetime(2020, 11, 22, 13, 0)}, '12': {'team': 'HOU', 'date': datetime.datetime(2020, 11, 26, 12, 30)}, '13': {'team': 'CHI', 'date': datetime.datetime(2020, 12, 6, 13, 0)}, '14': {'team': 'GB', 'date': datetime.datetime(2020, 12, 13, 16, 25)}, '15': {'team': 'TEN', 'date': datetime.datetime(2020, 12, 20, 13, 0)}, '16': {'team': 'TB', 'date': datetime.datetime(2020, 12, 26, 13, 0)}, '17': {'team': 'MIN', 'date': datetime.datetime(2021, 1, 3, 13, 0)}}","['RB', 'RB/WR', 'RB/WR/TE', 'OP', 'BE', 'IR']",RB,,,,,,,,,,,,,,,,,,,1.0,,,,,,,,,,,,,,,,,,,,,,,,,,,,,,,,,,,,,,,,,,,,,,,,,,,,,,,,,,,,,,,,,,,,,,,,,,,,,,,,,,,,,,,,,,,,,,,,,,,,,,,,,,,,,,,,,,,,,,,,,,,,,,,,,,,,,,,,,,,,,,,,,,,,,,,,,,,,,,,,,,,,,,,,,,,,,,,,,,,,,,,,,,,,,,,,,,,,,,,,,,,,,,,,,,,,,,,,,,,,,,2020,,,,,,,,,,,,,,,,,,,,,,,,,,,,,,,,,,,,,
319.0,21.27,338.46,22.56,159.0,67.0,7.0,195.0,94.0,43.0,34.0,14.0,2.0,25.0,9.0,1.0,1.0,2.0,,6.32075472,,,,,,,,,,,,,5.0,10.0,2.0,4.0,13.0,2.0,2.0,11.0,4.0,42.0,3.0,,15.0,156.4771389,59.34986478,6.061253306,0.192907165,181.0,90.0,45.0,36.0,18.0,31.0,15.0,0.312942324,0.219059627,2.24,0.0765,5.784138464,,,,,,,,,,,,,,,,,,1.611372905,0.0491,2.656158504,,11.16396947,1.221832912,,5.305582177,15.19193506,15.25,Lamar Jackson,BAL,DRAFT,9,3916387,11,Gerald Pea's Football Team,QB,"{'1': {'team': 'CLE', 'date': datetime.datetime(2020, 9, 13, 13, 0)}, '2': {'team': 'HOU', 'date': datetime.datetime(2020, 9, 20, 16, 25)}, '3': {'team': 'KC', 'date': datetime.datetime(2020, 9, 28, 20, 15)}, '4': {'team': 'WSH', 'date': datetime.datetime(2020, 10, 4, 13, 0)}, '5': {'team': 'CIN', 'date': datetime.datetime(2020, 10, 11, 13, 0)}, '6': {'team': 'PHI', 'date': datetime.datetime(2020, 10, 18, 13, 0)}, '8': {'team': 'PIT', 'date': datetime.datetime(2020, 11, 1, 13, 0)}, '9': {'team': 'IND', 'date': datetime.datetime(2020, 11, 8, 13, 0)}, '10': {'team': 'NE', 'date': datetime.datetime(2020, 11, 15, 20, 20)}, '11': {'team': 'TEN', 'date': datetime.datetime(2020, 11, 22, 13, 0)}, '12': {'team': 'PIT', 'date': datetime.datetime(2020, 12, 2, 15, 40)}, '13': {'team': 'DAL', 'date': datetime.datetime(2020, 12, 8, 20, 5)}, '14': {'team': 'CLE', 'date': datetime.datetime(2020, 12, 14, 20, 15)}, '15': {'team': 'JAX', 'date': datetime.datetime(2020, 12, 20, 13, 0)}, '16': {'team': 'NYG', 'date': datetime.datetime(2020, 12, 27, 13, 0)}, '17': {'team': 'CIN', 'date': datetime.datetime(2021, 1, 3, 13, 0)}}","['QB', 'OP', 'BE', 'IR']",QB,,,,,,,,,,,,,,,,,,,,,376.0,242.0,134.0,183.8,26.0,545.0,269.0,132.0,103.0,47.0,19.0,42.0,17.0,22.0,6.0,2.0,,,1.0,9.0,0.64361702,29.0,5.0,15.0,4.0,3.0,2.0,466.7532201,297.1680508,169.5851693,225.4915346,25.48896321,687.0,343.0,171.0,137.0,68.0,34.0,59.0,29.0,2.5522396,1.667888579,2.09312835,0.282726758,1.41846574,9.886352881,0.636670596,34.45102534,8.507810968,4.083749265,,,,,1.0,,,,,,,,,,,,,,,,,,,,,,,,,,,,,,,,,,,,,,,,,,,,,,,,,,,,,,,,,,,,,,,,,,,,,,,,,,,,,,,,,,,,,,,,,,,,,,,,,,,,,,,,,,,,,,,,,,,,,,,,,2.0,2.0,,,,,,,,,,,,,,,,,,,,,,,,,,,,,,,,,,,,,,,,,,,,2020,,,,,,,,,,,,,,,,,,,,,,,,,,,,,,,,,,,,,
172.0,11.47,151.23,10.08,3.0,1.0,,1.0,,,,,,,,,,,,5.0,74.0,61.66666667,14.0,179.0,86.0,38.0,31.0,11.0,6.0,108.0,231.0,12.5,,,,,,1.0,1.0,6.0,9.0,86.0,,1.0,15.0,4.383223678,1.638418137,0.191987105,0.00588,4.0,2.0,1.0,,,,,0.00806,0.00564,0.0015,5.11e-05,5.630256404,73.57509605,6.409869177,0.372435006,0.300195106,0.196177502,221.0,110.0,55.0,44.0,22.0,78.35934183,15.0,7.0,3.526102402,0.109054713,120.8898434,14.14285595,0.378315256,0.00461,0.0555,0.992681329,1.048209416,0.0255,0.555901544,0.581444464,0.581444464,15.0625,Adam Thielen,MIN,DRAFT,7,16460,11,Gerald Pea's Football Team,WR,"{'1': {'team': 'GB', 'date': datetime.datetime(2020, 9, 13, 13, 0)}, '2': {'team': 'IND', 'date': datetime.datetime(2020, 9, 20, 13, 0)}, '3': {'team': 'TEN', 'date': datetime.datetime(2020, 9, 27, 13, 0)}, '4': {'team': 'HOU', 'date': datetime.datetime(2020, 10, 4, 13, 0)}, '5': {'team': 'SEA', 'date': datetime.datetime(2020, 10, 11, 20, 20)}, '6': {'team': 'ATL', 'date': datetime.datetime(2020, 10, 18, 13, 0)}, '8': {'team': 'GB', 'date': datetime.datetime(2020, 11, 1, 13, 0)}, '9': {'team': 'DET', 'date': datetime.datetime(2020, 11, 8, 13, 0)}, '10': {'team': 'CHI', 'date': datetime.datetime(2020, 11, 16, 20, 15)}, '11': {'team': 'DAL', 'date': datetime.datetime(2020, 11, 22, 16, 25)}, '12': {'team': 'CAR', 'date': datetime.datetime(2020, 11, 29, 13, 0)}, '13': {'team': 'JAX', 'date': datetime.datetime(2020, 12, 6, 13, 0)}, '14': {'team': 'TB', 'date': datetime.datetime(2020, 12, 13, 13, 0)}, '15': {'team': 'CHI', 'date': datetime.datetime(2020, 12, 20, 13, 0)}, '16': {'team': 'NO', 'date': datetime.datetime(2020, 12, 25, 16, 30)}, '17': {'team': 'DET', 'date': datetime.datetime(2021, 1, 3, 13, 0)}}","['RB/WR', 'WR', 'WR/TE', 'RB/WR/TE', 'OP', 'BE', 'IR']",WR,,,3.0,3.0,,,,,,,,,,,,,,,10.0,,,,,,,,,,,,,,,,,,,,,,,,,,,,,,,,,,,,,,,,,,,,,,,,,,,,1.0,1.0,3.0,,,,,,,,,,,,,,,,,,,,,,,,,,,,,,,,,,,,,,,,,,,,,,,,,,,,,,,,,,,,,,,,,,,,,,,,,,,,,,,,,,,,,,,,,,,,,,,,,,,,,,,,,,,,,,,,,,,,,,,,,,,,,,,,,,,,,,,,,,,,,,,,,,,,,,,,,,,,,,,,,,,,,,,,2020,,,,,,,,,,,,,,,,,,,,,,,,,,,,,,,,,,,,,
164.0,10.25,115.47,7.7,,,,,,,,,,,,,,,,,107.0,74.75,9.0,234.0,112.0,53.0,41.0,17.0,15.0,146.0,584.0,11.17757009,,2.0,,2.0,2.0,2.0,2.0,8.0,8.0,56.0,,2.0,16.0,,,,,,,,,,,,,,,,,56.6884084,5.155345519,0.174907692,0.238710608,0.155997382,170.0,85.0,42.0,34.0,17.0,72.73489357,14.0,7.0,1.840423344,0.05692031,98.86746859,11.7394707,0.174907692,0.00328,,0.745748893,0.745748893,,0.41761938,0.41761938,0.41761938,15.0625,Darren Waller,LV,DRAFT,2,2576925,11,Gerald Pea's Football Team,TE,"{'1': {'team': 'CAR', 'date': datetime.datetime(2020, 9, 13, 13, 0)}, '2': {'team': 'NO', 'date': datetime.datetime(2020, 9, 21, 20, 15)}, '3': {'team': 'NE', 'date': datetime.datetime(2020, 9, 27, 13, 0)}, '4': {'team': 'BUF', 'date': datetime.datetime(2020, 10, 4, 16, 25)}, '5': {'team': 'KC', 'date': datetime.datetime(2020, 10, 11, 13, 0)}, '7': {'team': 'TB', 'date': datetime.datetime(2020, 10, 25, 16, 5)}, '8': {'team': 'CLE', 'date': datetime.datetime(2020, 11, 1, 13, 0)}, '9': {'team': 'LAC', 'date': datetime.datetime(2020, 11, 8, 16, 5)}, '10': {'team': 'DEN', 'date': datetime.datetime(2020, 11, 15, 16, 5)}, '11': {'team': 'KC', 'date': datetime.datetime(2020, 11, 22, 20, 20)}, '12': {'team': 'ATL', 'date': datetime.datetime(2020, 11, 29, 13, 0)}, '13': {'team': 'NYJ', 'date': datetime.datetime(2020, 12, 6, 13, 0)}, '14': {'team': 'IND', 'date': datetime.datetime(2020, 12, 13, 16, 5)}, '15': {'team': 'LAC', 'date': datetime.datetime(2020, 12, 17, 20, 20)}, '16': {'team': 'MIA', 'date': datetime.datetime(2020, 12, 26, 20, 15)}, '17': {'team': 'DEN', 'date': datetime.datetime(2021, 1, 3, 16, 25)}}","['WR/TE', 'TE', 'RB/WR/TE', 'OP', 'BE', 'IR']",TE,,,6.0,4.0,2.0,2.0,,,,,,,,,,,,2.0,6.0,1.0,,,,,,,,,,,,,,,,,,,,,,,,,,,,,,,,,,,,,,,,,,,,,,,,,,,1.0,1.0,,,,,,,,,,,,,,,,,,,,,,,,,,,,,,,,,,,,,,,,,,,,,,,,,,,,,,,,,,,,,,,,,,,,,,,,,,,,,,,,,,,,,,,,,,,,,,,,,,,,,,,,,,,,,,,,,,,,,,,,,,,1.0,,,,,,,,,,,,,,,,,,,,,,,,,,,,,,,,,,,,,,,,,,,,,,2020,,,,,,,,,,,,,,,,,,,,,,,,,,,,,,,,,,,,,
155.0,10.33,150.68,10.76,215.0,65.73333333,9.0,191.0,91.0,42.0,33.0,12.0,2.0,38.0,14.0,1.0,,2.0,,4.58604651,32.0,10.53333333,1.0,27.0,12.0,3.0,,,1.0,44.0,179.0,4.9375,2.0,4.0,2.0,4.0,4.0,2.0,2.0,4.0,11.0,60.0,5.0,,15.0,171.4555578,48.74221591,6.049278077,0.222541965,137.0,68.0,34.0,27.0,13.0,34.0,17.0,0.345699073,0.241989351,1.300354419,0.0444,4.015523372,26.61520181,1.849680521,0.096020092,0.053672931,0.03507526,75.0,37.0,18.0,15.0,7.0,48.02366829,9.0,4.0,0.209066329,0.006465969,62.30744352,7.828217606,0.318562056,0.0111,1.962877018,0.549790021,2.512667039,0.902923428,0.307882412,1.21080584,1.21080584,14.125,Melvin Gordon III,DEN,DRAFT,14,2576434,11,Gerald Pea's Football Team,RB,"{'1': {'team': 'TEN', 'date': datetime.datetime(2020, 9, 14, 22, 10)}, '2': {'team': 'PIT', 'date': datetime.datetime(2020, 9, 20, 13, 0)}, '3': {'team': 'TB', 'date': datetime.datetime(2020, 9, 27, 16, 25)}, '4': {'team': 'NYJ', 'date': datetime.datetime(2020, 10, 1, 20, 20)}, '6': {'team': 'NE', 'date': datetime.datetime(2020, 10, 18, 13, 0)}, '7': {'team': 'KC', 'date': datetime.datetime(2020, 10, 25, 16, 25)}, '8': {'team': 'LAC', 'date': datetime.datetime(2020, 11, 1, 16, 5)}, '9': {'team': 'ATL', 'date': datetime.datetime(2020, 11, 8, 13, 0)}, '10': {'team': 'LV', 'date': datetime.datetime(2020, 11, 15, 16, 5)}, '11': {'team': 'MIA', 'date': datetime.datetime(2020, 11, 22, 16, 5)}, '12': {'team': 'NO', 'date': datetime.datetime(2020, 11, 29, 16, 5)}, '13': {'team': 'KC', 'date': datetime.datetime(2020, 12, 6, 20, 20)}, '14': {'team': 'CAR', 'date': datetime.datetime(2020, 12, 13, 13, 0)}, '15': {'team': 'BUF', 'date': datetime.datetime(2020, 12, 19, 16, 30)}, '16': {'team': 'LAC', 'date': datetime.datetime(2020, 12, 27, 16, 5)}, '17': {'team': 'LV', 'date': datetime.datetime(2021, 1, 3, 16, 25)}}","['RB', 'RB/WR', 'RB/WR/TE', 'OP', 'BE', 'IR']",RB,,,,,2.0,2.0,,,,,,,,,,,,,,,,,,,,,,,,,,,,,,,,,,,,,,,,,,,,,,,,,,,,,,,,,,,,,,,,,,,1.0,,2.0,1.0,,,,,,,,,,,,,,,,,,,,,,,,,,,,,,,,,,,,,,,,,,,,,,,,,,,,,,,,,,,,,,,,,,,,,,,,,,,,,,,,,,,,,,,,,,,,,,,,,,,,,,,,,,,,,,,,,,,,,,,,,,,,,,,,,,,,,,,,,,,,,,,,,,,,,,,,,,,,,,,,,,,,,2020,,,,,,,,,,,,,,,,,,,,,,,,,,,,,,,,,,,,,
132.0,8.25,142.27,8.89,,,,,,,,,,,,,,,,,,,,,,,,,,,,,,,,,,1.0,1.0,14.0,2.0,123.0,,,16.0,,,,,,,,,,,,,,,,,,,,,,,,,,,,,,,,,,,,,,,,,,,16.0,Harrison Butker,KC,DRAFT,9,3055899,11,Gerald Pea's Football Team,K,"{'1': {'team': 'HOU', 'date': datetime.datetime(2020, 9, 10, 20, 20)}, '2': {'team': 'LAC', 'date': datetime.datetime(2020, 9, 20, 16, 25)}, '3': {'team': 'BAL', 'date': datetime.datetime(2020, 9, 28, 20, 15)}, '4': {'team': 'NE', 'date': datetime.datetime(2020, 10, 5, 19, 5)}, '5': {'team': 'LV', 'date': datetime.datetime(2020, 10, 11, 13, 0)}, '6': {'team': 'BUF', 'date': datetime.datetime(2020, 10, 19, 17, 0)}, '7': {'team': 'DEN', 'date': datetime.datetime(2020, 10, 25, 16, 25)}, '8': {'team': 'NYJ', 'date': datetime.datetime(2020, 11, 1, 13, 0)}, '9': {'team': 'CAR', 'date': datetime.datetime(2020, 11, 8, 13, 0)}, '11': {'team': 'LV', 'date': datetime.datetime(2020, 11, 22, 20, 20)}, '12': {'team': 'TB', 'date': datetime.datetime(2020, 11, 29, 16, 25)}, '13': {'team': 'DEN', 'date': datetime.datetime(2020, 12, 6, 20, 20)}, '14': {'team': 'MIA', 'date': datetime.datetime(2020, 12, 13, 13, 0)}, '15': {'team': 'NO', 'date': datetime.datetime(2020, 12, 20, 16, 25)}, '16': {'team': 'ATL', 'date': datetime.datetime(2020, 12, 27, 13, 0)}, '17': {'team': 'LAC', 'date': datetime.datetime(2021, 1, 3, 16, 25)}}","['K', 'BE', 'IR']",K,,,,,,,,,,,,,,,,,,,,,,,,,,,,,,,,,,,,,,,,,,,,,,,,,,,,,,,,,,,,,,,,,,,,,,,,,,,,,,4.0,4.0,3.0,5.0,2.0,18.0,18.0,,25.0,27.0,2.0,48.0,54.0,6.0,4.0,4.0,3.18502207,4.775738853,1.590716784,7.761675353,9.894831481,2.133156128,16.00934044,16.5434091,0.534068656,26.95603787,31.21397943,4.257941568,51.52387314,53.23169859,1.707825444,3.18502207,4.775738853,1.590716784,,,,,,,,,,,,,,,,,,,,,,,,,,,,,,,,,,,,,,,,,,,,,,,,,,,,,,,,,,,,,,,,,,,,,,,,,,,,,,,,,,,,,,,,,,,,,,,,,,,,,,,,,,,,,,,,,,,,,,,,,,,,,,,,,,2020,,,,,,,,,,,,,,,,,,,,,,,,,,,,,,,,,,,,,
248.0,15.5,266.97,17.8,29.0,7.0,,18.0,7.0,2.0,,,,2.0,,,,,,3.86206897,,,,,,,,,,1.0,,,,2.0,,1.0,11.0,,,5.0,11.0,,,,16.0,33.58442325,8.099941346,0.618287839,0.028491788,24.0,12.0,6.0,4.0,2.0,6.0,3.0,0.062786521,0.043950565,0.040974058,0.0014,3.678017771,,,,,,,,,,,,,,,,,,1.315524341,0.0346,0.434568886,,7.865008989,0.199901688,,3.766512937,14.32540273,15.25,Matthew Stafford,LAR,DRAFT,16,12483,11,Gerald Pea's Football Team,BE,"{'1': {'team': 'DAL', 'date': datetime.datetime(2020, 9, 13, 20, 20)}, '2': {'team': 'PHI', 'date': datetime.datetime(2020, 9, 20, 13, 0)}, '3': {'team': 'BUF', 'date': datetime.datetime(2020, 9, 27, 13, 0)}, '4': {'team': 'NYG', 'date': datetime.datetime(2020, 10, 4, 16, 5)}, '5': {'team': 'WSH', 'date': datetime.datetime(2020, 10, 11, 13, 0)}, '6': {'team': 'SF', 'date': datetime.datetime(2020, 10, 18, 20, 20)}, '7': {'team': 'CHI', 'date': datetime.datetime(2020, 10, 26, 20, 15)}, '8': {'team': 'MIA', 'date': datetime.datetime(2020, 11, 1, 13, 0)}, '10': {'team': 'SEA', 'date': datetime.datetime(2020, 11, 15, 16, 25)}, '11': {'team': 'TB', 'date': datetime.datetime(2020, 11, 23, 20, 15)}, '12': {'team': 'SF', 'date': datetime.datetime(2020, 11, 29, 16, 5)}, '13': {'team': 'ARI', 'date': datetime.datetime(2020, 12, 6, 16, 5)}, '14': {'team': 'NE', 'date': datetime.datetime(2020, 12, 10, 20, 20)}, '15': {'team': 'NYJ', 'date': datetime.datetime(2020, 12, 20, 16, 5)}, '16': {'team': 'SEA', 'date': datetime.datetime(2020, 12, 27, 16, 25)}, '17': {'team': 'ARI', 'date': datetime.datetime(2021, 1, 3, 16, 25)}}","['QB', 'OP', 'BE', 'IR']",BE,,,,,,,,,,,,,,,,,,,,,528.0,339.0,189.0,255.25,26.0,811.0,402.0,196.0,155.0,73.0,33.0,60.0,27.0,31.0,12.0,3.0,1.0,2.0,2.0,10.0,0.64204545,38.0,2.0,11.0,6.0,6.0,,537.8601201,343.2208003,194.6393198,275.746206,27.26901006,841.0,420.0,210.0,168.0,84.0,42.0,68.0,34.0,3.698224575,2.41678976,4.35693672,0.588507911,1.287032553,10.55888979,0.63812279,36.38035902,7.430440103,3.566611249,,,,,,,,,,,,,,,,,,,,,,,,,,,,,,,,,,,,,,,,,,,,,,,,,,,,,,,,,,,,,,,,,,,,,,,,,,,,,,,,,,,,,,,,,,,,,,,,,,,,,,,,,,,,,,,,,,,,,,,,,,,,,,,1.0,,,,,,,1.0,,,,,,,,,,,,,,,,,,,,,,,,,,,,,,,,,,,,,2020,,,,,,,,,,,,,,,,,,,,,,,,,,,,,,,,,,,,,
99.0,6.19,87.44,5.83,1.0,,,,,,,,,,,,,,,,67.0,45.1875,6.0,136.0,63.0,28.0,21.0,8.0,7.0,101.0,332.0,10.79104478,1.0,1.0,1.0,1.0,1.0,1.0,1.0,5.0,11.0,38.0,,,16.0,,,,,,,,,,,,,,,,,41.07976443,4.441389814,0.209612531,0.132677434,0.086704703,123.0,61.0,30.0,24.0,12.0,53.86356975,10.0,5.0,0.762957721,0.0236,82.7996103,11.487615,0.209612531,0.00253,,0.573959209,0.573959209,,0.321417157,0.321417157,0.321417157,15.0625,T.J. Hockenson,DET,DRAFT,5,4036133,11,Gerald Pea's Football Team,BE,"{'1': {'team': 'CHI', 'date': datetime.datetime(2020, 9, 13, 13, 0)}, '2': {'team': 'GB', 'date': datetime.datetime(2020, 9, 20, 13, 0)}, '3': {'team': 'ARI', 'date': datetime.datetime(2020, 9, 27, 16, 25)}, '4': {'team': 'NO', 'date': datetime.datetime(2020, 10, 4, 13, 0)}, '6': {'team': 'JAX', 'date': datetime.datetime(2020, 10, 18, 13, 0)}, '7': {'team': 'ATL', 'date': datetime.datetime(2020, 10, 25, 13, 0)}, '8': {'team': 'IND', 'date': datetime.datetime(2020, 11, 1, 13, 0)}, '9': {'team': 'MIN', 'date': datetime.datetime(2020, 11, 8, 13, 0)}, '10': {'team': 'WSH', 'date': datetime.datetime(2020, 11, 15, 13, 0)}, '11': {'team': 'CAR', 'date': datetime.datetime(2020, 11, 22, 13, 0)}, '12': {'team': 'HOU', 'date': datetime.datetime(2020, 11, 26, 12, 30)}, '13': {'team': 'CHI', 'date': datetime.datetime(2020, 12, 6, 13, 0)}, '14': {'team': 'GB', 'date': datetime.datetime(2020, 12, 13, 16, 25)}, '15': {'team': 'TEN', 'date': datetime.datetime(2020, 12, 20, 13, 0)}, '16': {'team': 'TB', 'date': datetime.datetime(2020, 12, 26, 13, 0)}, '17': {'team': 'MIN', 'date': datetime.datetime(2021, 1, 3, 13, 0)}}","['WR/TE', 'TE', 'RB/WR/TE', 'OP', 'BE', 'IR']",BE,,,,,,,,,,,,,,,,,,,5.0,,,,,,,,,,,,,,,,,,,,,,,,,,,,,,,,,,,,,,,,,,,,,,,,,,,,1.0,1.0,1.0,,,,,,,,,,,,,,,,,,,,,,,,,,,,,,,,,,,,,,,,,,,,,,,,,,,,,,,,,,,,,,,,,,,,,,,,,,,,,,,,,,,,,,,,,,,,,,,,,,,,,,,,,,,,,,,,,,,,,,,,,,,,,,,,,,,,,,,,,,,,,,,,,,,,,,,,,,,,,,,,,,,,,,,,2020,,,,,,,,,,,,,,,,,,,,,,,,,,,,,,,,,,,,,
49.0,3.5,67.14,4.8,111.0,25.28571429,2.0,66.0,30.0,14.0,10.0,2.0,,16.0,5.0,,,,,3.18918919,23.0,10.57142857,,26.0,11.0,5.0,3.0,,2.0,23.0,174.0,6.43478261,2.0,2.0,2.0,2.0,2.0,1.0,1.0,5.0,9.0,12.0,2.0,,14.0,92.49965921,26.95729098,2.604336531,0.083773344,76.0,38.0,19.0,15.0,7.0,18.0,9.0,0.178755761,0.125129033,0.397926711,0.0136,4.116466355,8.161840768,0.538033315,0.025587713,0.042712606,0.027912688,23.0,11.0,5.0,4.0,2.0,14.81550366,2.0,1.0,0.047267904,0.001461894,20.36721979,7.781443241,0.109361057,0.004449386,0.871618499,0.139605564,1.011224063,0.400944509,0.078179116,0.479123625,0.479123625,14.125,Joshua Kelley,LAC,ADD,59,3910544,11,Gerald Pea's Football Team,BE,"{'1': {'team': 'CIN', 'date': datetime.datetime(2020, 9, 13, 16, 5)}, '2': {'team': 'KC', 'date': datetime.datetime(2020, 9, 20, 16, 25)}, '3': {'team': 'CAR', 'date': datetime.datetime(2020, 9, 27, 16, 5)}, '4': {'team': 'TB', 'date': datetime.datetime(2020, 10, 4, 13, 0)}, '5': {'team': 'NO', 'date': datetime.datetime(2020, 10, 12, 20, 15)}, '7': {'team': 'JAX', 'date': datetime.datetime(2020, 10, 25, 16, 25)}, '8': {'team': 'DEN', 'date': datetime.datetime(2020, 11, 1, 16, 5)}, '9': {'team': 'LV', 'date': datetime.datetime(2020, 11, 8, 16, 5)}, '10': {'team': 'MIA', 'date': datetime.datetime(2020, 11, 15, 16, 5)}, '11': {'team': 'NYJ', 'date': datetime.datetime(2020, 11, 22, 16, 5)}, '12': {'team': 'BUF', 'date': datetime.datetime(2020, 11, 29, 13, 0)}, '13': {'team': 'NE', 'date': datetime.datetime(2020, 12, 6, 16, 25)}, '14': {'team': 'ATL', 'date': datetime.datetime(2020, 12, 13, 16, 25)}, '15': {'team': 'LV', 'date': datetime.datetime(2020, 12, 17, 20, 20)}, '16': {'team': 'DEN', 'date': datetime.datetime(2020, 12, 27, 16, 5)}, '17': {'team': 'KC', 'date': datetime.datetime(2021, 1, 3, 16, 25)}}","['Rookie', 'RB', 'RB/WR', 'RB/WR/TE', 'OP', 'BE', 'IR']",BE,,,,,,,39.0,3.0,1.0,,,,,,,,,,,,,,,,,,,,,,,,,,,,,,,,,,,,,,,,,,,,,,,,,,,,,,,,,,,,,,,,,,,,,,,,,,,,,,,,,,,,,,,,,,,,,,,,,,,,,,,,,,,,,,,,,,,,,,,,,,,,,,,,,,,,,,,,,,,,,,,,,,,,,,,,,,,,,,,,,,,,,,,,,,,,,,,,,,,,,,,,,,,,,,,,,,,,,,,,,,,,,,,,,,,,,,,,,,,,,,,,,,,,,,,,2020,,,,,,,,,,,,,,,,,,,,,,,,,,,,,,,,,,,,,
100.0,6.25,100.42,6.69,,,,,,,,,,,,,,,,,52.0,53.5,3.0,167.0,80.0,37.0,27.0,11.0,4.0,113.0,291.0,16.46153846,,2.0,,,,4.0,4.0,5.0,11.0,20.0,,,16.0,,,,,,,,,,,,,,,,,49.24386213,4.437101659,0.230351491,0.168246354,0.109948993,148.0,74.0,37.0,29.0,14.0,57.76410861,11.0,5.0,1.259974551,0.038968285,93.79005208,12.8407707,0.230351491,0.00266,,0.60478589,0.60478589,,0.338680099,0.338680099,0.338680099,15.0625,Jerry Jeudy,DEN,ADD,53,4241463,11,Gerald Pea's Football Team,BE,"{'1': {'team': 'TEN', 'date': datetime.datetime(2020, 9, 14, 22, 10)}, '2': {'team': 'PIT', 'date': datetime.datetime(2020, 9, 20, 13, 0)}, '3': {'team': 'TB', 'date': datetime.datetime(2020, 9, 27, 16, 25)}, '4': {'team': 'NYJ', 'date': datetime.datetime(2020, 10, 1, 20, 20)}, '6': {'team': 'NE', 'date': datetime.datetime(2020, 10, 18, 13, 0)}, '7': {'team': 'KC', 'date': datetime.datetime(2020, 10, 25, 16, 25)}, '8': {'team': 'LAC', 'date': datetime.datetime(2020, 11, 1, 16, 5)}, '9': {'team': 'ATL', 'date': datetime.datetime(2020, 11, 8, 13, 0)}, '10': {'team': 'LV', 'date': datetime.datetime(2020, 11, 15, 16, 5)}, '11': {'team': 'MIA', 'date': datetime.datetime(2020, 11, 22, 16, 5)}, '12': {'team': 'NO', 'date': datetime.datetime(2020, 11, 29, 16, 5)}, '13': {'team': 'KC', 'date': datetime.datetime(2020, 12, 6, 20, 20)}, '14': {'team': 'CAR', 'date': datetime.datetime(2020, 12, 13, 13, 0)}, '15': {'team': 'BUF', 'date': datetime.datetime(2020, 12, 19, 16, 30)}, '16': {'team': 'LAC', 'date': datetime.datetime(2020, 12, 27, 16, 5)}, '17': {'team': 'LV', 'date': datetime.datetime(2021, 1, 3, 16, 25)}}","['Rookie', 'RB/WR', 'WR', 'WR/TE', 'RB/WR/TE', 'OP', 'BE', 'IR']",BE,2.0,1.0,2.0,2.0,2.0,,,,,,,,,,,,,,,1.0,,,,,,,,,,,,,,,,,,,,,,,,,,,,,,,,,,,,,,,,,,,,,,,,,,,1.0,1.0,,,,,,,,,,,,,,,,,,,,,,,,,,,,,,,,,,,,,,,,,,,,,,,,,,,,,,,,,,,,,,,,,,,,,,,,,,,,,,,,,,,,,,,,,,,,,,,,,,,,,,,,,,,,,,,,,,,,,,,,,,,,,,,,,,,,,,,,,,,,,,,,,,,,,,,,,,,,,,,,,,,,,,,,,2020,,,,,,,,,,,,,,,,,,,,,,,,,,,,,,,,,,,,,
104.0,6.93,17.78,1.27,147.0,45.46666667,6.0,130.0,61.0,28.0,21.0,7.0,1.0,24.0,9.0,,,1.0,,4.63945578,21.0,7.6,,20.0,7.0,2.0,1.0,,1.0,27.0,107.0,5.42857143,1.0,1.0,,,,,1.0,6.0,9.0,36.0,6.0,,15.0,25.23294596,7.241780282,0.834316095,0.027909421,20.0,10.0,5.0,4.0,2.0,5.0,2.0,0.046966678,0.032876675,0.0287,0.000978,4.0538329,2.080345939,0.17655516,0.00797784,0.039587183,0.025870224,5.0,2.0,1.0,1.0,,3.947034761,,,0.015962191,0.000494,5.292098247,7.444800507,0.03588726,0.0017,0.334395006,0.052307357,0.386702363,0.153821703,0.02929212,0.183113823,0.183113823,14.125,Wayne Gallman,NYG,ADD,31,3045127,11,Gerald Pea's Football Team,RB,"{'1': {'team': 'PIT', 'date': datetime.datetime(2020, 9, 14, 19, 15)}, '2': {'team': 'CHI', 'date': datetime.datetime(2020, 9, 20, 13, 0)}, '3': {'team': 'SF', 'date': datetime.datetime(2020, 9, 27, 13, 0)}, '4': {'team': 'LAR', 'date': datetime.datetime(2020, 10, 4, 16, 5)}, '5': {'team': 'DAL', 'date': datetime.datetime(2020, 10, 11, 16, 25)}, '6': {'team': 'WSH', 'date': datetime.datetime(2020, 10, 18, 13, 0)}, '7': {'team': 'PHI', 'date': datetime.datetime(2020, 10, 22, 20, 20)}, '8': {'team': 'TB', 'date': datetime.datetime(2020, 11, 2, 20, 15)}, '9': {'team': 'WSH', 'date': datetime.datetime(2020, 11, 8, 13, 0)}, '10': {'team': 'PHI', 'date': datetime.datetime(2020, 11, 15, 13, 0)}, '12': {'team': 'CIN', 'date': datetime.datetime(2020, 11, 29, 13, 0)}, '13': {'team': 'SEA', 'date': datetime.datetime(2020, 12, 6, 16, 5)}, '14': {'team': 'ARI', 'date': datetime.datetime(2020, 12, 13, 13, 0)}, '15': {'team': 'CLE', 'date': datetime.datetime(2020, 12, 20, 20, 20)}, '16': {'team': 'BAL', 'date': datetime.datetime(2020, 12, 27, 13, 0)}, '17': {'team': 'DAL', 'date': datetime.datetime(2021, 1, 3, 13, 0)}}","['RB', 'RB/WR', 'RB/WR/TE', 'OP', 'BE', 'IR']",RB,,,,,,,,,,,,,,,,,,,,,,,,,,,,,,,,,,,,,,,,,,,,,,,,,,,,,,,,,,,,,,,,,,,,,,,,,,1.0,,,,,,,,,,,,,,,,,,,,,,,,,,,,,,,,,,,,,,,,,,,,,,,,,,,,,,,,,,,,,,,,,,,,,,,,,,,,,,,,,,,,,,,,,,,,,,,,,,,,,,,,,,,,,,,,,,,,,,,,,,,,,,,,,,,,,,,,,,,,,,,,,,,,,,,,,,,,,,,,,,,,,,,2020,,,,,,,,,,,,,,,,,,,,,,,,,,,,,,,,,,,,,
110.0,7.33,135.05,9.0,4.0,2.2,,6.0,2.0,,,,,,,,,,,8.25,92.0,64.93333333,3.0,190.0,92.0,43.0,31.0,12.0,14.0,124.0,527.0,10.58695652,,1.0,,1.0,1.0,3.0,3.0,9.0,6.0,18.0,,,15.0,3.854229704,1.491854384,0.139205428,0.004473042,4.0,2.0,1.0,,,,,0.007084095,0.004958867,0.001223559,4.18e-05,5.830232858,66.24721187,5.689303776,0.319126322,0.224741891,0.146868826,199.0,99.0,49.0,39.0,19.0,80.00215752,16.0,8.0,2.7416648,0.0848,117.4217587,12.47277148,0.323599365,0.00637,0.06649508,1.380236846,1.446731925,0.030587737,0.772932634,0.80352037,0.80352037,15.0625,Cooper Kupp,LAR,ADD,32,2977187,11,Gerald Pea's Football Team,WR,"{'1': {'team': 'DAL', 'date': datetime.datetime(2020, 9, 13, 20, 20)}, '2': {'team': 'PHI', 'date': datetime.datetime(2020, 9, 20, 13, 0)}, '3': {'team': 'BUF', 'date': datetime.datetime(2020, 9, 27, 13, 0)}, '4': {'team': 'NYG', 'date': datetime.datetime(2020, 10, 4, 16, 5)}, '5': {'team': 'WSH', 'date': datetime.datetime(2020, 10, 11, 13, 0)}, '6': {'team': 'SF', 'date': datetime.datetime(2020, 10, 18, 20, 20)}, '7': {'team': 'CHI', 'date': datetime.datetime(2020, 10, 26, 20, 15)}, '8': {'team': 'MIA', 'date': datetime.datetime(2020, 11, 1, 13, 0)}, '10': {'team': 'SEA', 'date': datetime.datetime(2020, 11, 15, 16, 25)}, '11': {'team': 'TB', 'date': datetime.datetime(2020, 11, 23, 20, 15)}, '12': {'team': 'SF', 'date': datetime.datetime(2020, 11, 29, 16, 5)}, '13': {'team': 'ARI', 'date': datetime.datetime(2020, 12, 6, 16, 5)}, '14': {'team': 'NE', 'date': datetime.datetime(2020, 12, 10, 20, 20)}, '15': {'team': 'NYJ', 'date': datetime.datetime(2020, 12, 20, 16, 5)}, '16': {'team': 'SEA', 'date': datetime.datetime(2020, 12, 27, 16, 25)}, '17': {'team': 'ARI', 'date': datetime.datetime(2021, 1, 3, 16, 25)}}","['RB/WR', 'WR', 'WR/TE', 'RB/WR/TE', 'OP', 'BE', 'IR']",WR,1.0,1.0,3.0,3.0,,,,,,,,,,,,,,2.0,1.0,,,,,,,,,,,,,,,,,,,,,,,,,,,,,,,,,,,,,,,,,,,,,,,,,,,,,,1.0,,,,,,,,,,,,,,,,,,,,,,,,,,,,,,,,,,,,,,,,,,,,,,,,,,,,,,,,,,50.0,3.0,,,,,,,,,,,,,,,,,,,,,,,,,,,,,,,,,,,,,,,,,,,,,,,,,,,,,,,,,,,,,,,,,,,,,,,,,,,,,,,,,,,,,,,,,,,,,,,,,,,,,,,,,,,,,2020,,,,,,,,,,,,,,,,,,,,,,,,,,,,,,,,,,,,,
78.0,9.75,140.8,10.06,104.0,65.125,2.0,102.0,49.0,23.0,16.0,6.0,,17.0,6.0,1.0,1.0,,,5.00961538,16.0,19.5,1.0,30.0,13.0,5.0,4.0,1.0,,19.0,135.0,9.75,1.0,1.0,1.0,1.0,1.0,,,3.0,5.0,18.0,1.0,,8.0,172.9492322,57.19862344,6.859967408,0.244,161.0,80.0,40.0,32.0,16.0,34.0,17.0,0.349,0.244,1.79,0.0611,4.671489696,11.26632312,0.930544163,0.057775384,0.078363278,0.051210402,31.0,15.0,7.0,6.0,3.0,18.28279228,3.0,1.0,0.060446227,0.00187,24.07088395,8.704185427,0.301883038,0.00743,1.527586968,0.161484124,1.689071092,0.703,0.090431109,0.793121115,0.793121115,14.125,Raheem Mostert,SF,ADD,43,2576414,11,Gerald Pea's Football Team,BE,"{'1': {'team': 'ARI', 'date': datetime.datetime(2020, 9, 13, 16, 25)}, '2': {'team': 'NYJ', 'date': datetime.datetime(2020, 9, 20, 13, 0)}, '3': {'team': 'NYG', 'date': datetime.datetime(2020, 9, 27, 13, 0)}, '4': {'team': 'PHI', 'date': datetime.datetime(2020, 10, 4, 20, 20)}, '5': {'team': 'MIA', 'date': datetime.datetime(2020, 10, 11, 16, 5)}, '6': {'team': 'LAR', 'date': datetime.datetime(2020, 10, 18, 20, 20)}, '7': {'team': 'NE', 'date': datetime.datetime(2020, 10, 25, 16, 25)}, '8': {'team': 'SEA', 'date': datetime.datetime(2020, 11, 1, 16, 25)}, '9': {'team': 'GB', 'date': datetime.datetime(2020, 11, 5, 20, 20)}, '10': {'team': 'NO', 'date': datetime.datetime(2020, 11, 15, 16, 25)}, '12': {'team': 'LAR', 'date': datetime.datetime(2020, 11, 29, 16, 5)}, '13': {'team': 'BUF', 'date': datetime.datetime(2020, 12, 7, 20, 15)}, '14': {'team': 'WSH', 'date': datetime.datetime(2020, 12, 13, 16, 25)}, '15': {'team': 'DAL', 'date': datetime.datetime(2020, 12, 20, 13, 0)}, '16': {'team': 'ARI', 'date': datetime.datetime(2020, 12, 26, 16, 30)}, '17': {'team': 'SEA', 'date': datetime.datetime(2021, 1, 3, 16, 25)}}","['RB', 'RB/WR', 'RB/WR/TE', 'OP', 'BE', 'IR']",BE,1.0,1.0,,,,,,,,,,,,,,,,,,,,,,,,,,,,,,,,,,,,,,,,,,,,,,,,,,,,,,,,,,,,,,,,,,,,,,,,,,,,,,,,,,,,,,,,,,,,,,,,,,,,,,,,,,,,,,,,,,,,,,,,,,,,,,,,,,,,,,,,,,,,,,,,,,,,,,,,,,,,,,,,,,,,,,,,,,,,,,,,,,,,,,,,,,,,,,,,,,,,,,,,,,,,,,,,,,,,,,,,,,,,,,,,,,,,,,,,,,,,,,,2020,,,,,,,,,,,,,,,,,,,,,,,,,,,,,,,,,,,,,
170.0,12.14,248.11,16.54,65.0,30.21428571,1.0,80.0,38.0,17.0,9.0,3.0,,7.0,,,,,,6.50769231,,,,,,,,,,,,,3.0,11.0,2.0,6.0,16.0,,1.0,5.0,9.0,6.0,,,14.0,51.78424095,17.48584346,2.198775513,0.073547705,53.0,26.0,13.0,10.0,5.0,10.0,5.0,0.097810637,0.068467446,0.193052513,0.006588142,5.149425924,,,,,,,,,,,,,,,,,,1.155997859,0.0555,1.035684819,,12.61952042,0.476415017,,6.036656106,19.1861259,15.25,Daniel Jones,NYG,ADD,24,3917792,11,Gerald Pea's Football Team,BE,"{'1': {'team': 'PIT', 'date': datetime.datetime(2020, 9, 14, 19, 15)}, '2': {'team': 'CHI', 'date': datetime.datetime(2020, 9, 20, 13, 0)}, '3': {'team': 'SF', 'date': datetime.datetime(2020, 9, 27, 13, 0)}, '4': {'team': 'LAR', 'date': datetime.datetime(2020, 10, 4, 16, 5)}, '5': {'team': 'DAL', 'date': datetime.datetime(2020, 10, 11, 16, 25)}, '6': {'team': 'WSH', 'date': datetime.datetime(2020, 10, 18, 13, 0)}, '7': {'team': 'PHI', 'date': datetime.datetime(2020, 10, 22, 20, 20)}, '8': {'team': 'TB', 'date': datetime.datetime(2020, 11, 2, 20, 15)}, '9': {'team': 'WSH', 'date': datetime.datetime(2020, 11, 8, 13, 0)}, '10': {'team': 'PHI', 'date': datetime.datetime(2020, 11, 15, 13, 0)}, '12': {'team': 'CIN', 'date': datetime.datetime(2020, 11, 29, 13, 0)}, '13': {'team': 'SEA', 'date': datetime.datetime(2020, 12, 6, 16, 5)}, '14': {'team': 'ARI', 'date': datetime.datetime(2020, 12, 13, 13, 0)}, '15': {'team': 'CLE', 'date': datetime.datetime(2020, 12, 20, 20, 20)}, '16': {'team': 'BAL', 'date': datetime.datetime(2020, 12, 27, 13, 0)}, '17': {'team': 'DAL', 'date': datetime.datetime(2021, 1, 3, 13, 0)}}","['QB', 'OP', 'BE', 'IR']",BE,,,,,,,,,,,,,,,,,,,,,448.0,280.0,168.0,210.21428571,11.0,582.0,288.0,140.0,112.0,52.0,23.0,52.0,23.0,30.0,11.0,1.0,,,1.0,10.0,0.625,45.0,8.0,4.0,3.0,1.0,2.0,537.6440608,340.0951944,197.5488664,244.3280396,23.91157913,745.0,372.0,186.0,149.0,74.0,37.0,68.0,34.0,2.955235006,1.931246076,2.752019349,0.371725656,1.082450154,13.1494698,0.632565705,41.54771928,11.5838356,5.560241089,,,,1.0,,,,,,,,,,,,,,,,,,,,,,,,,,,,,,,,,,,,,,,,,,,,,,,,,,,,,,,,,,,,,,,,,,,,,,,,,,,,,,,,,,,,,,,,,,,,,,,,,,,,,,,,,,,,,,,,,,,,,,,,,,1.0,4.0,,,,,,,,,,,,,,,,,,,,,,,,,,,,,,,,,,,,,,,,,,,,2020,,,,,,,,,,,,,,,,,,,,,,,,,,,,,,,,,,,,,
85.0,5.31,106.37,7.09,2.0,-0.0625,,,,,,,,,,,,,,-0.5,50.0,46.9375,3.0,143.0,69.0,31.0,23.0,8.0,4.0,96.0,164.0,15.02,,1.0,,1.0,1.0,,1.0,6.0,10.0,18.0,,,16.0,,,,,,,,,,,,,,,,,51.06645142,5.071854929,0.229303086,0.2048966,0.133899928,153.0,76.0,38.0,30.0,15.0,54.28836752,10.0,5.0,1.388121786,0.0429,92.58936216,14.16856796,0.229303086,0.00258,,0.587025647,0.587025647,,0.328734362,0.328734362,0.328734362,15.0625,Darius Slayton,NYG,ADD,48,3916945,11,Gerald Pea's Football Team,BE,"{'1': {'team': 'PIT', 'date': datetime.datetime(2020, 9, 14, 19, 15)}, '2': {'team': 'CHI', 'date': datetime.datetime(2020, 9, 20, 13, 0)}, '3': {'team': 'SF', 'date': datetime.datetime(2020, 9, 27, 13, 0)}, '4': {'team': 'LAR', 'date': datetime.datetime(2020, 10, 4, 16, 5)}, '5': {'team': 'DAL', 'date': datetime.datetime(2020, 10, 11, 16, 25)}, '6': {'team': 'WSH', 'date': datetime.datetime(2020, 10, 18, 13, 0)}, '7': {'team': 'PHI', 'date': datetime.datetime(2020, 10, 22, 20, 20)}, '8': {'team': 'TB', 'date': datetime.datetime(2020, 11, 2, 20, 15)}, '9': {'team': 'WSH', 'date': datetime.datetime(2020, 11, 8, 13, 0)}, '10': {'team': 'PHI', 'date': datetime.datetime(2020, 11, 15, 13, 0)}, '12': {'team': 'CIN', 'date': datetime.datetime(2020, 11, 29, 13, 0)}, '13': {'team': 'SEA', 'date': datetime.datetime(2020, 12, 6, 16, 5)}, '14': {'team': 'ARI', 'date': datetime.datetime(2020, 12, 13, 13, 0)}, '15': {'team': 'CLE', 'date': datetime.datetime(2020, 12, 20, 20, 20)}, '16': {'team': 'BAL', 'date': datetime.datetime(2020, 12, 27, 13, 0)}, '17': {'team': 'DAL', 'date': datetime.datetime(2021, 1, 3, 13, 0)}}","['RB/WR', 'WR', 'WR/TE', 'RB/WR/TE', 'OP', 'BE', 'IR']",BE,1.0,,2.0,2.0,1.0,1.0,,,,0.019929,,68.5251,,6.0,2.0,,,,1.0,1.0,,,,,,,,,,,,,,,,,,,,,,,,,,,,,,,,,,,,,,,,,,,,,,,,,,,,,,1.0,,,,,,,,,,,,,,,,,,,,,,,,,,,,,,,,,,,,,,,,,,,,,,,,,,,,,,,,,,,,,,,,,,,,,,,,,,,,,,,,,,,,,,,,,,,,,,,,,,,,,,,,,,,,,,,,,,,,,,,,,,,,,,,,,,,,,,,,,,,,,,,,,,,,,,,,,,,,,,,,,,,,,,,2020,,,,,,,,,,,,,,,,,,,,,,,,,,,,,,,,,,,,,
71.0,4.44,98.01,6.13,,,,,,,,,,,,,,,,,,,,,,,,,,,,,,,,,,686.0,1013.0,11.0,5.0,,,,16.0,,,,,,,,,,,,,,,,,,,,,,,,,,,,,,,,,,,,,,,,,,,16.0,Browns D/ST,CLE,ADD,19,-16005,11,Gerald Pea's Football Team,D/ST,"{'1': {'team': 'BAL', 'date': datetime.datetime(2020, 9, 13, 13, 0)}, '2': {'team': 'CIN', 'date': datetime.datetime(2020, 9, 17, 20, 20)}, '3': {'team': 'WSH', 'date': datetime.datetime(2020, 9, 27, 13, 0)}, '4': {'team': 'DAL', 'date': datetime.datetime(2020, 10, 4, 13, 0)}, '5': {'team': 'IND', 'date': datetime.datetime(2020, 10, 11, 16, 25)}, '6': {'team': 'PIT', 'date': datetime.datetime(2020, 10, 18, 13, 0)}, '7': {'team': 'CIN', 'date': datetime.datetime(2020, 10, 25, 13, 0)}, '8': {'team': 'LV', 'date': datetime.datetime(2020, 11, 1, 13, 0)}, '10': {'team': 'HOU', 'date': datetime.datetime(2020, 11, 15, 13, 0)}, '11': {'team': 'PHI', 'date': datetime.datetime(2020, 11, 22, 13, 0)}, '12': {'team': 'JAX', 'date': datetime.datetime(2020, 11, 29, 13, 0)}, '13': {'team': 'TEN', 'date': datetime.datetime(2020, 12, 6, 13, 0)}, '14': {'team': 'BAL', 'date': datetime.datetime(2020, 12, 14, 20, 15)}, '15': {'team': 'NYG', 'date': datetime.datetime(2020, 12, 20, 20, 20)}, '16': {'team': 'NYJ', 'date': datetime.datetime(2020, 12, 27, 13, 0)}, '17': {'team': 'PIT', 'date': datetime.datetime(2021, 1, 3, 13, 0)}}","['D/ST', 'BE', 'IR']",D/ST,,,,,,,795.0,75.0,26.0,0.102711,0.2015016,639.7954784,222.9729491,63.0,25.0,22.0,8.0,,,,,,,,,,,,,,,,,,,,,,,,,,,,,,,,,,,,,,,,,,,,,,,,,,,,,,,,,327.0,,,17.0,,,,,,,,,,,,,,,,,,,,,,,,,,,,,,,,,,,10.0,0.0,1.0,1.0,2.0,2.0,11.0,3.0,2.0,38.0,76.0,,,2.0,2.0,333.0,199.0,36.0,74.0,115.0,7.0,,411.0,1.0,4.0,3.0,4.0,5735.0,0.0,0.0,3.0,5.0,5.0,1.0,1.0,0.0,1.0,0.0,1.0,1.0,2.0,1.0,4.0,3.0,4.0,0.168816882,0.760076008,2.752275228,2.624262426,0.041588331,2.10452264,12.87493147,8.948876284,0.940742313,0.451966737,39.85902337,79.71804675,1.135012186,0.969510454,2.450323571,13.76750198,925.9640637,308.0,185.0,69.55065638,348.8564904,2.320232023,3.464346435,2.552255226,1.208120812,0.149614961,21.80353065,5727.243176,0.327852466,3.038632615,3.270528262,3.85426558,2.982657804,1.67924434,0.655704933,0.191113999,357.9526985,-348.8564904,,,,,,,,,,,,,,,,,,,,,,,,,,,,,,,,,,,,,,,,,,,,,,,2020,,,,,,,,,,,,,,,,,,,,,,,,,,,,,,,,,,,,,
283.0,20.21,224.13,16.01,312.0,111.21428571,16.0,308.0,152.0,73.0,56.0,26.0,9.0,57.0,26.0,1.0,1.0,7.0,1.0,4.99038462,44.0,25.78571429,1.0,67.0,29.0,12.0,7.0,2.0,4.0,54.0,439.0,8.20454545,4.0,5.0,2.0,3.0,3.0,,,6.0,8.0,108.0,12.0,,14.0,248.2189941,75.143381,9.82912636,0.300982969,212.0,106.0,53.0,42.0,21.0,49.0,24.0,0.520861957,0.36460337,3.11,0.106,4.276063805,38.14673973,1.441458013,0.083755963,0.081157233,0.053036252,107.0,53.0,26.0,21.0,10.0,64.55553114,12.0,6.0,0.524157134,0.0162,80.8011902,8.346654256,0.384738932,0.0153,2.765726723,0.719296113,3.485022836,1.272234293,0.402805823,1.675040116,1.675040116,14.125,Dalvin Cook,MIN,DRAFT,1,3116593,12,Jean Machine,RB,"{'1': {'team': 'GB', 'date': datetime.datetime(2020, 9, 13, 13, 0)}, '2': {'team': 'IND', 'date': datetime.datetime(2020, 9, 20, 13, 0)}, '3': {'team': 'TEN', 'date': datetime.datetime(2020, 9, 27, 13, 0)}, '4': {'team': 'HOU', 'date': datetime.datetime(2020, 10, 4, 13, 0)}, '5': {'team': 'SEA', 'date': datetime.datetime(2020, 10, 11, 20, 20)}, '6': {'team': 'ATL', 'date': datetime.datetime(2020, 10, 18, 13, 0)}, '8': {'team': 'GB', 'date': datetime.datetime(2020, 11, 1, 13, 0)}, '9': {'team': 'DET', 'date': datetime.datetime(2020, 11, 8, 13, 0)}, '10': {'team': 'CHI', 'date': datetime.datetime(2020, 11, 16, 20, 15)}, '11': {'team': 'DAL', 'date': datetime.datetime(2020, 11, 22, 16, 25)}, '12': {'team': 'CAR', 'date': datetime.datetime(2020, 11, 29, 13, 0)}, '13': {'team': 'JAX', 'date': datetime.datetime(2020, 12, 6, 13, 0)}, '14': {'team': 'TB', 'date': datetime.datetime(2020, 12, 13, 13, 0)}, '15': {'team': 'CHI', 'date': datetime.datetime(2020, 12, 20, 13, 0)}, '16': {'team': 'NO', 'date': datetime.datetime(2020, 12, 25, 16, 30)}, '17': {'team': 'DET', 'date': datetime.datetime(2021, 1, 3, 13, 0)}}","['RB', 'RB/WR', 'RB/WR/TE', 'OP', 'BE', 'IR']",RB,1.0,1.0,,,1.0,1.0,,,,,,,,,,,,,,,,,,,,,,,,,,,,,,,,,,,,,,,,,,,,,,,,,,,,,,,,,,,,,,,,,,3.0,,,1.0,1.0,,,,,,,,,,,,,,,,,,,,,,,,,,,,,,,,,,,,,,,,,,,,,,,,,,,,,,,,,,,,,,,,,,,,,,,,,,,,,,,,,,,,,,,,,,,,,,,,,,,,,,,,,,,,,,,,,,,,,,,,1.0,,,,,,3.0,,,,,,,,,,,,,,,,,,,,,,,,,,,,,,,,,,,,,,,2020,,,,,,,,,,,,,,,,,,,,,,,,,,,,,,,,,,,,,
182.0,12.13,202.5,14.46,273.0,71.0,12.0,206.0,97.0,45.0,35.0,13.0,2.0,50.0,21.0,,,2.0,,3.9010989,33.0,15.86666667,,42.0,17.0,6.0,4.0,,,45.0,246.0,7.21212121,2.0,2.0,2.0,2.0,2.0,,,7.0,8.0,72.0,9.0,,15.0,262.7564524,81.106585,8.904235762,0.223787219,229.0,114.0,57.0,45.0,22.0,52.0,26.0,0.555334932,0.388734452,3.61,0.123,4.360047119,20.40923345,1.375057269,0.046651661,0.057737157,0.037731232,57.0,28.0,14.0,11.0,5.0,37.12062944,7.0,3.0,0.122839617,0.0038,46.84793966,7.766043486,0.270438881,0.00822,1.637361769,0.231316487,1.868678256,0.753186414,0.129537233,0.882723646,0.882723646,14.125,Josh Jacobs,LV,DRAFT,10,4047365,12,Jean Machine,RB,"{'1': {'team': 'CAR', 'date': datetime.datetime(2020, 9, 13, 13, 0)}, '2': {'team': 'NO', 'date': datetime.datetime(2020, 9, 21, 20, 15)}, '3': {'team': 'NE', 'date': datetime.datetime(2020, 9, 27, 13, 0)}, '4': {'team': 'BUF', 'date': datetime.datetime(2020, 10, 4, 16, 25)}, '5': {'team': 'KC', 'date': datetime.datetime(2020, 10, 11, 13, 0)}, '7': {'team': 'TB', 'date': datetime.datetime(2020, 10, 25, 16, 5)}, '8': {'team': 'CLE', 'date': datetime.datetime(2020, 11, 1, 13, 0)}, '9': {'team': 'LAC', 'date': datetime.datetime(2020, 11, 8, 16, 5)}, '10': {'team': 'DEN', 'date': datetime.datetime(2020, 11, 15, 16, 5)}, '11': {'team': 'KC', 'date': datetime.datetime(2020, 11, 22, 20, 20)}, '12': {'team': 'ATL', 'date': datetime.datetime(2020, 11, 29, 13, 0)}, '13': {'team': 'NYJ', 'date': datetime.datetime(2020, 12, 6, 13, 0)}, '14': {'team': 'IND', 'date': datetime.datetime(2020, 12, 13, 16, 5)}, '15': {'team': 'LAC', 'date': datetime.datetime(2020, 12, 17, 20, 20)}, '16': {'team': 'MIA', 'date': datetime.datetime(2020, 12, 26, 20, 15)}, '17': {'team': 'DEN', 'date': datetime.datetime(2021, 1, 3, 16, 25)}}","['RB', 'RB/WR', 'RB/WR/TE', 'OP', 'BE', 'IR']",RB,,,,,,,,,,,,,,,,,,,,,,,,,,,,,,,,,,,,,,,,,,,,,,,,,,,,,,,,,,,,,,,,,,,,,,,,,,,2.0,1.0,,,,,,,,,,,,,,,,,,,,,,,,,,,,,,,,,,,,,,,,,,,,,,,,,,,,,,,,,,,,,,,,,,,,,,,,,,,,,,,,,,,,,,,,,,,,,,,,,,,,,,,,,,,,,,,,,,,,,,,,,,,,,,,,,,,,,,,,,,,,,,,,,,,,,,,,,,,,,,,,,,,,,2020,,,,,,,,,,,,,,,,,,,,,,,,,,,,,,,,,,,,,
187.0,12.47,142.48,9.5,5.0,0.06666667,,2.0,,,,,,,,,,,,0.2,90.0,91.6,9.0,270.0,133.0,63.0,49.0,22.0,14.0,143.0,367.0,15.26666667,,1.0,,1.0,1.0,1.0,1.0,3.0,12.0,56.0,,1.0,15.0,1.801813274,0.767367159,0.040121237,0.002927338,2.0,1.0,,,,,,0.003307812,0.002315468,0.000283,9.66e-06,6.414908804,67.0618635,6.686963319,0.476680248,0.260004302,0.169912811,202.0,101.0,50.0,40.0,20.0,76.20316954,15.0,7.0,2.825119681,0.087374835,114.4480652,13.25560767,0.479607586,0.00338,0.017749654,0.75067707,0.768426724,0.008164841,0.420379159,0.428544,0.428544,15.0625,Calvin Ridley,ATL,DRAFT,4,3925357,12,Jean Machine,WR,"{'1': {'team': 'SEA', 'date': datetime.datetime(2020, 9, 13, 13, 0)}, '2': {'team': 'DAL', 'date': datetime.datetime(2020, 9, 20, 13, 0)}, '3': {'team': 'CHI', 'date': datetime.datetime(2020, 9, 27, 13, 0)}, '4': {'team': 'GB', 'date': datetime.datetime(2020, 10, 5, 21, 0)}, '5': {'team': 'CAR', 'date': datetime.datetime(2020, 10, 11, 13, 0)}, '6': {'team': 'MIN', 'date': datetime.datetime(2020, 10, 18, 13, 0)}, '7': {'team': 'DET', 'date': datetime.datetime(2020, 10, 25, 13, 0)}, '8': {'team': 'CAR', 'date': datetime.datetime(2020, 10, 29, 20, 20)}, '9': {'team': 'DEN', 'date': datetime.datetime(2020, 11, 8, 13, 0)}, '11': {'team': 'NO', 'date': datetime.datetime(2020, 11, 22, 13, 0)}, '12': {'team': 'LV', 'date': datetime.datetime(2020, 11, 29, 13, 0)}, '13': {'team': 'NO', 'date': datetime.datetime(2020, 12, 6, 13, 0)}, '14': {'team': 'LAC', 'date': datetime.datetime(2020, 12, 13, 16, 25)}, '15': {'team': 'TB', 'date': datetime.datetime(2020, 12, 20, 13, 0)}, '16': {'team': 'KC', 'date': datetime.datetime(2020, 12, 27, 13, 0)}, '17': {'team': 'TB', 'date': datetime.datetime(2021, 1, 3, 13, 0)}}","['RB/WR', 'WR', 'WR/TE', 'RB/WR/TE', 'OP', 'BE', 'IR']",WR,,,8.0,8.0,1.0,1.0,,,,,,,,,,,,1.0,5.0,1.0,,,,,,,,,,,,,,,,,,,,,,,,,,,,,,,,,,,,,,,,,,,,,,,,,,,1.0,1.0,2.0,,,,,,,,,,,,,,,,,,,,,,,,,,,,,,,,,,,,,,,,,,,,,,,,,,,,,,,,,,,,,,,,,,,,,,,,,,,,,,,,,,,,,,,,,,,,,,,,,,,,,,,,,,,,,,,,,,,,,,,,,,,,,,,,,,,,,,,,,,,,,,,,,,,,,,,,,,,,,,,,,,,,,,,,2020,,,,,,,,,,,,,,,,,,,,,,,,,,,,,,,,,,,,,
127.0,7.94,142.51,9.5,,,,,,,,,,,,,,,,,97.0,51.9375,9.0,160.0,73.0,33.0,25.0,8.0,11.0,128.0,402.0,8.56701031,,3.0,,1.0,1.0,,,12.0,4.0,56.0,,1.0,16.0,,,,,,,,,,,,,,,,,68.61742095,6.629817348,0.32002805,0.18805858,0.122896282,206.0,103.0,51.0,41.0,20.0,80.38428633,16.0,8.0,2.986337439,0.092360952,127.1802455,12.85761124,0.32002805,0.00367,,0.833818936,0.833818936,,0.466938604,0.466938604,0.466938604,15.0625,JuJu Smith-Schuster,PIT,DRAFT,29,3120348,12,Jean Machine,WR,"{'1': {'team': 'NYG', 'date': datetime.datetime(2020, 9, 14, 19, 15)}, '2': {'team': 'DEN', 'date': datetime.datetime(2020, 9, 20, 13, 0)}, '3': {'team': 'HOU', 'date': datetime.datetime(2020, 9, 27, 13, 0)}, '5': {'team': 'PHI', 'date': datetime.datetime(2020, 10, 11, 13, 0)}, '6': {'team': 'CLE', 'date': datetime.datetime(2020, 10, 18, 13, 0)}, '7': {'team': 'TEN', 'date': datetime.datetime(2020, 10, 25, 13, 0)}, '8': {'team': 'BAL', 'date': datetime.datetime(2020, 11, 1, 13, 0)}, '9': {'team': 'DAL', 'date': datetime.datetime(2020, 11, 8, 16, 25)}, '10': {'team': 'CIN', 'date': datetime.datetime(2020, 11, 15, 16, 25)}, '11': {'team': 'JAX', 'date': datetime.datetime(2020, 11, 22, 13, 0)}, '12': {'team': 'BAL', 'date': datetime.datetime(2020, 12, 2, 15, 40)}, '13': {'team': 'WSH', 'date': datetime.datetime(2020, 12, 7, 17, 0)}, '14': {'team': 'BUF', 'date': datetime.datetime(2020, 12, 13, 20, 20)}, '15': {'team': 'CIN', 'date': datetime.datetime(2020, 12, 21, 20, 15)}, '16': {'team': 'IND', 'date': datetime.datetime(2020, 12, 27, 13, 0)}, '17': {'team': 'CLE', 'date': datetime.datetime(2021, 1, 3, 13, 0)}}","['RB/WR', 'WR', 'WR/TE', 'RB/WR/TE', 'OP', 'BE', 'IR']",WR,,,,,3.0,1.0,,,,,,,,,,,,,5.0,2.0,,,,,,,,,,,,,,,,,,,,,,,,,,,,,,,,,,,,,,,,,,,,,,,,,,,1.0,1.0,1.0,,,,,,,,,,,,,,,,,,,,,,,,,,,,,,,,,,,,,,,,,,,,,,,,,,,,,,,,,,,,,,,,,,,,,,,,,,,,,,,,,,,,,,,,,,,,,,,,,,,,,,,,,,,,,,,,,,,,,,,,,,,,,,,,,,,,,,,,,,,,,,,,,,,,,,,,,,,,,,,,,,,,,,,,2020,,,,,,,,,,,,,,,,,,,,,,,,,,,,,,,,,,,,,
88.0,7.33,122.91,8.19,6.0,4.08333333,1.0,8.0,3.0,1.0,,,,,,,,,,8.16666667,66.0,54.66666667,3.0,125.0,59.0,26.0,20.0,7.0,8.0,90.0,210.0,9.93939394,,,,,,1.0,2.0,5.0,7.0,26.0,,,12.0,7.46484575,3.438599063,0.19811634,0.006624962,10.0,5.0,2.0,2.0,1.0,1.0,,0.013749064,0.009624345,0.00699,0.000239,6.938374902,54.76064153,5.792467921,0.261916286,0.110528847,0.072230602,164.0,82.0,41.0,32.0,16.0,74.23682918,14.0,7.0,1.675114984,0.05180768,115.1570575,11.11082157,0.268541248,0.00235,0.048746536,0.484777365,0.5335239,0.022423406,0.271475324,0.293898731,0.293898731,15.0625,Sterling Shepard,NYG,DRAFT,66,2976592,12,Jean Machine,BE,"{'1': {'team': 'PIT', 'date': datetime.datetime(2020, 9, 14, 19, 15)}, '2': {'team': 'CHI', 'date': datetime.datetime(2020, 9, 20, 13, 0)}, '3': {'team': 'SF', 'date': datetime.datetime(2020, 9, 27, 13, 0)}, '4': {'team': 'LAR', 'date': datetime.datetime(2020, 10, 4, 16, 5)}, '5': {'team': 'DAL', 'date': datetime.datetime(2020, 10, 11, 16, 25)}, '6': {'team': 'WSH', 'date': datetime.datetime(2020, 10, 18, 13, 0)}, '7': {'team': 'PHI', 'date': datetime.datetime(2020, 10, 22, 20, 20)}, '8': {'team': 'TB', 'date': datetime.datetime(2020, 11, 2, 20, 15)}, '9': {'team': 'WSH', 'date': datetime.datetime(2020, 11, 8, 13, 0)}, '10': {'team': 'PHI', 'date': datetime.datetime(2020, 11, 15, 13, 0)}, '12': {'team': 'CIN', 'date': datetime.datetime(2020, 11, 29, 13, 0)}, '13': {'team': 'SEA', 'date': datetime.datetime(2020, 12, 6, 16, 5)}, '14': {'team': 'ARI', 'date': datetime.datetime(2020, 12, 13, 13, 0)}, '15': {'team': 'CLE', 'date': datetime.datetime(2020, 12, 20, 20, 20)}, '16': {'team': 'BAL', 'date': datetime.datetime(2020, 12, 27, 13, 0)}, '17': {'team': 'DAL', 'date': datetime.datetime(2021, 1, 3, 13, 0)}}","['RB/WR', 'WR', 'WR/TE', 'RB/WR/TE', 'OP', 'BE', 'IR']",BE,,,1.0,1.0,,,,,,,,,,,,,,,2.0,,,,,,,,,,,,,,,,,,,,,,,,,,,,,,,,,,,,,,,,,,,,,,,,,,,,1.0,1.0,1.0,1.0,,1.0,,,,,,,,,,,,,,,,,,,,,,,,,,,,,,,,,,,,,,,,,,,,,,,,,,,,,,,,,,,,,,,,,,,,,,,,,,,,,,,,,,,,,,,,,,,,,,,,,,,,,,,,,,,,,,,,,,,,,,,,,,,,,,,,,,,,,,,,,,,,,,,,,,,,,,,,,,,,,,,,,,,,,2020,,,,,,,,,,,,,,,,,,,,,,,,,,,,,,,,,,,,,
156.0,11.14,130.54,9.32,170.0,56.78571429,11.0,155.0,73.0,33.0,25.0,8.0,2.0,28.0,11.0,,,2.0,,4.67647059,36.0,17.64285714,,47.0,21.0,9.0,5.0,1.0,2.0,44.0,302.0,6.86111111,,2.0,,2.0,2.0,1.0,1.0,6.0,8.0,66.0,7.0,,14.0,140.7012899,42.9144727,3.582311981,0.134742491,121.0,60.0,30.0,24.0,12.0,28.0,14.0,0.27909621,0.195367347,1.01,0.0344,4.308183153,30.16270736,1.359517703,0.072314644,0.095529099,0.062428266,85.0,42.0,21.0,17.0,8.0,44.20682332,8.0,4.0,0.281187734,0.008696528,61.57638613,9.637612689,0.207057135,0.00767,1.325819448,0.416558129,1.742377577,0.609876946,0.233272552,0.843149498,0.843149498,14.125,Antonio Gibson,WSH,DRAFT,12,4360294,12,Jean Machine,BE,"{'1': {'team': 'PHI', 'date': datetime.datetime(2020, 9, 13, 13, 0)}, '2': {'team': 'ARI', 'date': datetime.datetime(2020, 9, 20, 16, 5)}, '3': {'team': 'CLE', 'date': datetime.datetime(2020, 9, 27, 13, 0)}, '4': {'team': 'BAL', 'date': datetime.datetime(2020, 10, 4, 13, 0)}, '5': {'team': 'LAR', 'date': datetime.datetime(2020, 10, 11, 13, 0)}, '6': {'team': 'NYG', 'date': datetime.datetime(2020, 10, 18, 13, 0)}, '7': {'team': 'DAL', 'date': datetime.datetime(2020, 10, 25, 13, 0)}, '9': {'team': 'NYG', 'date': datetime.datetime(2020, 11, 8, 13, 0)}, '10': {'team': 'DET', 'date': datetime.datetime(2020, 11, 15, 13, 0)}, '11': {'team': 'CIN', 'date': datetime.datetime(2020, 11, 22, 13, 0)}, '12': {'team': 'DAL', 'date': datetime.datetime(2020, 11, 26, 16, 30)}, '13': {'team': 'PIT', 'date': datetime.datetime(2020, 12, 7, 17, 0)}, '14': {'team': 'SF', 'date': datetime.datetime(2020, 12, 13, 16, 25)}, '15': {'team': 'SEA', 'date': datetime.datetime(2020, 12, 20, 13, 0)}, '16': {'team': 'CAR', 'date': datetime.datetime(2020, 12, 27, 16, 5)}, '17': {'team': 'PHI', 'date': datetime.datetime(2021, 1, 3, 20, 20)}}","['RB', 'RB/WR', 'RB/WR/TE', 'OP', 'BE', 'IR']",BE,,,,,2.0,2.0,,,,0.019929,,68.5251,,6.0,2.0,,,,,,,,,,,,,,,,,,,,,,,,,,,,,,,,,,,,,,,,,,,,,,,,,,,,,,,,,,,,2.0,1.0,,,,,,,,,,,,,,,,,,,,,,,,,,,,,,,,,,,,,,,,,,,,,,,,,,,,,,,,,,,,,,,,,,,,,,,,,,,,,,,,,,,,,,,,,,,,,,,,,,,,,,,,,,,,,,,,,,,,,,,,1.0,,,,,,,,,,,,,,,,,,,,,,,,,,,,,,,,,,,,,,,,,,,,,2020,,,,,,,,,,,,,,,,,,,,,,,,,,,,,,,,,,,,,
239.0,15.93,257.53,18.4,137.0,39.46666667,12.0,112.0,50.0,21.0,16.0,4.0,,21.0,7.0,,,,,4.32116788,2.0,2.33333333,1.0,6.0,2.0,,,,,2.0,19.0,17.5,5.0,6.0,1.0,1.0,11.0,,,7.0,8.0,78.0,11.0,,15.0,86.72338423,29.66906957,3.469900924,0.089351804,87.0,43.0,21.0,17.0,8.0,17.0,8.0,0.167024621,0.116917235,0.524,0.0179,5.052987281,,,,,,,,,,,,,,,,,,0.97720578,0.0385,1.199279165,,8.739480485,0.551668416,,4.17096505,16.29908501,14.77,Cam Newton,NE,DRAFT,20,13994,12,Jean Machine,BE,"{'1': {'team': 'MIA', 'date': datetime.datetime(2020, 9, 13, 13, 0)}, '2': {'team': 'SEA', 'date': datetime.datetime(2020, 9, 20, 20, 20)}, '3': {'team': 'LV', 'date': datetime.datetime(2020, 9, 27, 13, 0)}, '4': {'team': 'KC', 'date': datetime.datetime(2020, 10, 5, 19, 5)}, '6': {'team': 'DEN', 'date': datetime.datetime(2020, 10, 18, 13, 0)}, '7': {'team': 'SF', 'date': datetime.datetime(2020, 10, 25, 16, 25)}, '8': {'team': 'BUF', 'date': datetime.datetime(2020, 11, 1, 13, 0)}, '9': {'team': 'NYJ', 'date': datetime.datetime(2020, 11, 9, 20, 15)}, '10': {'team': 'BAL', 'date': datetime.datetime(2020, 11, 15, 20, 20)}, '11': {'team': 'HOU', 'date': datetime.datetime(2020, 11, 22, 13, 0)}, '12': {'team': 'ARI', 'date': datetime.datetime(2020, 11, 29, 13, 0)}, '13': {'team': 'LAC', 'date': datetime.datetime(2020, 12, 6, 16, 25)}, '14': {'team': 'LAR', 'date': datetime.datetime(2020, 12, 10, 20, 20)}, '15': {'team': 'MIA', 'date': datetime.datetime(2020, 12, 20, 13, 0)}, '16': {'team': 'BUF', 'date': datetime.datetime(2020, 12, 28, 20, 15)}, '17': {'team': 'NYJ', 'date': datetime.datetime(2021, 1, 3, 13, 0)}}","['QB', 'OP', 'BE', 'IR']",BE,,,,,,,,,,,,,,,,,,,,,368.0,242.0,126.0,177.13333333,8.0,523.0,257.0,124.0,97.0,46.0,18.0,43.0,16.0,18.0,5.0,1.0,,2.0,1.0,10.0,0.6576087,31.0,1.0,4.0,1.0,1.0,1.0,509.4264463,315.5718455,193.8546008,241.6728282,20.53124748,713.0,356.0,178.0,142.0,71.0,35.0,63.0,31.0,2.733144405,1.786109869,2.377229718,0.321101403,0.887853976,12.12811996,0.619464984,35.82756591,7.540201321,3.619296634,,,1.0,,1.0,,,,,,,,,,,,,,,,,,,,,,,,,,,,,,,,,,,,,,,,,,,,,,,,,,,,,,,,,,,,,,,,,,,,,,,,,,,,,,,,,,,,,,,,,,,,,,,,,,,,,,,,,,,,,,,,,,,,,,,,,,,,,,,,,,,,,,,,,,,,,,,,,,,,,,,,,,,,,,,,,,,,,,2020,,,,,,,,,,,,,,,,,,,,,,,,,,,,,,,,,,,,,
99.0,6.6,105.53,7.54,146.0,43.73333333,4.0,122.0,57.0,24.0,17.0,6.0,1.0,22.0,8.0,,,1.0,,4.49315068,23.0,11.73333333,1.0,30.0,12.0,4.0,2.0,,,26.0,200.0,7.65217391,1.0,1.0,,,,,,11.0,4.0,30.0,3.0,,15.0,131.94766,38.54614086,4.757147565,0.157779864,108.0,54.0,27.0,21.0,10.0,26.0,13.0,0.260476932,0.182333852,0.812,0.0277,4.126365255,13.29716161,0.913256808,0.040937852,0.048734227,0.031847818,37.0,18.0,9.0,7.0,3.0,25.12305841,5.0,2.0,0.07029747,0.002174149,31.89024608,7.476096447,0.198717716,0.00424,0.810118095,0.15424786,0.964365955,0.372654324,0.086378802,0.459033125,0.459033125,14.125,Latavius Murray,NO,DRAFT,30,15920,12,Jean Machine,BE,"{'1': {'team': 'TB', 'date': datetime.datetime(2020, 9, 13, 16, 25)}, '2': {'team': 'LV', 'date': datetime.datetime(2020, 9, 21, 20, 15)}, '3': {'team': 'GB', 'date': datetime.datetime(2020, 9, 27, 20, 20)}, '4': {'team': 'DET', 'date': datetime.datetime(2020, 10, 4, 13, 0)}, '5': {'team': 'LAC', 'date': datetime.datetime(2020, 10, 12, 20, 15)}, '7': {'team': 'CAR', 'date': datetime.datetime(2020, 10, 25, 13, 0)}, '8': {'team': 'CHI', 'date': datetime.datetime(2020, 11, 1, 16, 25)}, '9': {'team': 'TB', 'date': datetime.datetime(2020, 11, 8, 20, 20)}, '10': {'team': 'SF', 'date': datetime.datetime(2020, 11, 15, 16, 25)}, '11': {'team': 'ATL', 'date': datetime.datetime(2020, 11, 22, 13, 0)}, '12': {'team': 'DEN', 'date': datetime.datetime(2020, 11, 29, 16, 5)}, '13': {'team': 'ATL', 'date': datetime.datetime(2020, 12, 6, 13, 0)}, '14': {'team': 'PHI', 'date': datetime.datetime(2020, 12, 13, 16, 25)}, '15': {'team': 'KC', 'date': datetime.datetime(2020, 12, 20, 16, 25)}, '16': {'team': 'MIN', 'date': datetime.datetime(2020, 12, 25, 16, 30)}, '17': {'team': 'CAR', 'date': datetime.datetime(2021, 1, 3, 16, 25)}}","['RB', 'RB/WR', 'RB/WR/TE', 'OP', 'BE', 'IR']",BE,,,,,,,,,,,,,,,,,,,,1.0,,,,,,,,,,,,,,,,,,,,,,,,,,,,,,,,,,,,,,,,,,,,,,,,,,,,,,,,,,,,,,,,,,,,,,,,,,,,,,,,,,,,,,,,,,,,,,,,,,,,,,,,,,,,,,,,,,,,,,,,,,,,,,,,,,,,,,,,,,,,,,,,,,,,,,,,,,,,,,,,,,,,,,,,,,,,,,,,1.0,,,,,,,,,,,,,,,,,,,,,,,,,,,,,,,,,,,,,,,,,,,,,2020,,,,,,,,,,,,,,,,,,,,,,,,,,,,,,,,,,,,,
81.0,5.06,50.0,3.33,4.0,1.9375,,6.0,3.0,1.0,,,,,,,,,,7.75,41.0,35.0,4.0,108.0,50.0,22.0,15.0,4.0,1.0,62.0,291.0,13.65853659,,2.0,,2.0,2.0,,1.0,14.0,2.0,32.0,,1.0,16.0,5.224784757,1.747017416,0.185110883,0.00405,5.0,2.0,1.0,1.0,,1.0,,0.00961,0.00673,0.00171,5.85e-05,5.036465816,20.26216444,2.354238412,0.063883192,0.25045403,0.163671709,61.0,30.0,15.0,12.0,6.0,22.07665596,4.0,2.0,0.143849396,0.00444895,34.89928969,13.82450551,0.067937042,0.0013,0.05649613,0.238717129,0.295213259,0.026,0.133681592,0.159669812,0.159669812,15.0625,Mecole Hardman,KC,DRAFT,51,4035004,12,Jean Machine,BE,"{'1': {'team': 'HOU', 'date': datetime.datetime(2020, 9, 10, 20, 20)}, '2': {'team': 'LAC', 'date': datetime.datetime(2020, 9, 20, 16, 25)}, '3': {'team': 'BAL', 'date': datetime.datetime(2020, 9, 28, 20, 15)}, '4': {'team': 'NE', 'date': datetime.datetime(2020, 10, 5, 19, 5)}, '5': {'team': 'LV', 'date': datetime.datetime(2020, 10, 11, 13, 0)}, '6': {'team': 'BUF', 'date': datetime.datetime(2020, 10, 19, 17, 0)}, '7': {'team': 'DEN', 'date': datetime.datetime(2020, 10, 25, 16, 25)}, '8': {'team': 'NYJ', 'date': datetime.datetime(2020, 11, 1, 13, 0)}, '9': {'team': 'CAR', 'date': datetime.datetime(2020, 11, 8, 13, 0)}, '11': {'team': 'LV', 'date': datetime.datetime(2020, 11, 22, 20, 20)}, '12': {'team': 'TB', 'date': datetime.datetime(2020, 11, 29, 16, 25)}, '13': {'team': 'DEN', 'date': datetime.datetime(2020, 12, 6, 20, 20)}, '14': {'team': 'MIA', 'date': datetime.datetime(2020, 12, 13, 13, 0)}, '15': {'team': 'NO', 'date': datetime.datetime(2020, 12, 20, 16, 25)}, '16': {'team': 'ATL', 'date': datetime.datetime(2020, 12, 27, 13, 0)}, '17': {'team': 'LAC', 'date': datetime.datetime(2021, 1, 3, 16, 25)}}","['RB/WR', 'WR', 'WR/TE', 'RB/WR/TE', 'OP', 'BE', 'IR']",BE,1.0,,,,1.0,1.0,184.0,16.0,3.0,0.312881561,0.1765368,604.2263415,234.045,60.0,24.0,23.0,9.0,,2.0,,,,,,,,,,,,,,,,,,,,,,,,,,,,,,,,,,,,,,,,,,,,,,,,,,,,1.0,1.0,,1.0,,,,,,,,,,,,,,,,,,,,,,,,,,,,,,,,,,,,,,,,,,,,,,,,,,1.0,,1.0,,,,,176.0,14.0,2.0,,,,,,,,,,,,,,,,,,,,,,,,,,,,,,,,,,,,,,,,,,,,,,,,,,,,,,,,,,,,,,,,,,,,,,,,,,,,,,,,,,,,,,,,,,,,,,,,,,,,,,,,,,,,2020,,,,,,,,,,,,,,,,,,,,,,,,,,,,,,,,,,,,,
119.0,7.44,56.22,3.75,5.0,1.75,,4.0,1.0,,,,,,,,,,,5.6,67.0,56.75,6.0,177.0,84.0,38.0,30.0,10.0,9.0,108.0,304.0,13.55223881,,1.0,,1.0,1.0,3.0,3.0,4.0,11.0,36.0,,,16.0,,,,,,,,,,,,,,,,,27.61623159,2.552470358,0.130622982,0.172790642,0.112918684,83.0,41.0,20.0,16.0,8.0,31.13682369,6.0,3.0,0.274440444,0.00849,52.24792906,13.35940661,0.130622982,0.00143,,0.326000212,0.326000212,,0.182560119,0.182560119,0.182560119,15.0625,Tee Higgins,CIN,ADD,22,4239993,12,Jean Machine,BE,"{'1': {'team': 'LAC', 'date': datetime.datetime(2020, 9, 13, 16, 5)}, '2': {'team': 'CLE', 'date': datetime.datetime(2020, 9, 17, 20, 20)}, '3': {'team': 'PHI', 'date': datetime.datetime(2020, 9, 27, 13, 0)}, '4': {'team': 'JAX', 'date': datetime.datetime(2020, 10, 4, 13, 0)}, '5': {'team': 'BAL', 'date': datetime.datetime(2020, 10, 11, 13, 0)}, '6': {'team': 'IND', 'date': datetime.datetime(2020, 10, 18, 13, 0)}, '7': {'team': 'CLE', 'date': datetime.datetime(2020, 10, 25, 13, 0)}, '8': {'team': 'TEN', 'date': datetime.datetime(2020, 11, 1, 13, 0)}, '10': {'team': 'PIT', 'date': datetime.datetime(2020, 11, 15, 16, 25)}, '11': {'team': 'WSH', 'date': datetime.datetime(2020, 11, 22, 13, 0)}, '12': {'team': 'NYG', 'date': datetime.datetime(2020, 11, 29, 13, 0)}, '13': {'team': 'MIA', 'date': datetime.datetime(2020, 12, 6, 13, 0)}, '14': {'team': 'DAL', 'date': datetime.datetime(2020, 12, 13, 13, 0)}, '15': {'team': 'PIT', 'date': datetime.datetime(2020, 12, 21, 20, 15)}, '16': {'team': 'HOU', 'date': datetime.datetime(2020, 12, 27, 13, 0)}, '17': {'team': 'BAL', 'date': datetime.datetime(2021, 1, 3, 13, 0)}}","['Rookie', 'RB/WR', 'WR', 'WR/TE', 'RB/WR/TE', 'OP', 'BE', 'IR']",BE,,,2.0,2.0,1.0,1.0,,,,,,,,,,,,,4.0,1.0,,,,,,,,,,,,,,,,,,,,,,,,,,,,,,,,,,,,,,,,,,,,,,,,,,,,,1.0,,,,,,,,,,,,,,,,,,,,,,,,,,,,,,,,,,,,,,,,,,,,,,,,,,,,,,,,,,,,,,,,,,,,,,,,,,,,,,,,,,,,,,,,,,,,,,,,,,,,,,,,,,,,,,,,,,,,,,,,,,,,,,,,,,,,,,,,,,,,,,,,,,,,,,,,,,,,,,,,,,,,,,,,2020,,,,,,,,,,,,,,,,,,,,,,,,,,,,,,,,,,,,,
262.0,16.38,237.02,15.8,39.0,8.75,3.0,25.0,11.0,3.0,1.0,,,1.0,,,,,,3.58974359,,,,,,,,,,,,,3.0,11.0,1.0,8.0,17.0,1.0,1.0,8.0,8.0,18.0,3.0,,16.0,28.01253723,5.275309655,1.182606522,0.029723243,16.0,8.0,4.0,3.0,1.0,5.0,2.0,0.052204456,0.036543119,0.017187425,0.000587,2.871873818,,,,,,,,,,,,,,,,,,0.829983121,0.0347,0.381725849,,7.876582298,0.175593891,,3.773124986,13.38059901,15.25,Derek Carr,LV,ADD,14,16757,12,Jean Machine,QB,"{'1': {'team': 'CAR', 'date': datetime.datetime(2020, 9, 13, 13, 0)}, '2': {'team': 'NO', 'date': datetime.datetime(2020, 9, 21, 20, 15)}, '3': {'team': 'NE', 'date': datetime.datetime(2020, 9, 27, 13, 0)}, '4': {'team': 'BUF', 'date': datetime.datetime(2020, 10, 4, 16, 25)}, '5': {'team': 'KC', 'date': datetime.datetime(2020, 10, 11, 13, 0)}, '7': {'team': 'TB', 'date': datetime.datetime(2020, 10, 25, 16, 5)}, '8': {'team': 'CLE', 'date': datetime.datetime(2020, 11, 1, 13, 0)}, '9': {'team': 'LAC', 'date': datetime.datetime(2020, 11, 8, 16, 5)}, '10': {'team': 'DEN', 'date': datetime.datetime(2020, 11, 15, 16, 5)}, '11': {'team': 'KC', 'date': datetime.datetime(2020, 11, 22, 20, 20)}, '12': {'team': 'ATL', 'date': datetime.datetime(2020, 11, 29, 13, 0)}, '13': {'team': 'NYJ', 'date': datetime.datetime(2020, 12, 6, 13, 0)}, '14': {'team': 'IND', 'date': datetime.datetime(2020, 12, 13, 16, 5)}, '15': {'team': 'LAC', 'date': datetime.datetime(2020, 12, 17, 20, 20)}, '16': {'team': 'MIA', 'date': datetime.datetime(2020, 12, 26, 20, 15)}, '17': {'team': 'DEN', 'date': datetime.datetime(2021, 1, 3, 16, 25)}}","['QB', 'OP', 'BE', 'IR']",QB,,,,,,,,,,,,,,,,,,,,,517.0,348.0,169.0,256.4375,27.0,815.0,404.0,197.0,157.0,75.0,33.0,62.0,29.0,25.0,9.0,6.0,3.0,6.0,1.0,9.0,0.67311412,26.0,8.0,12.0,3.0,5.0,1.0,517.7987304,344.6032142,173.1955162,249.7465022,23.70433415,761.0,380.0,190.0,152.0,76.0,38.0,68.0,34.0,3.079280065,2.012309523,2.997186392,0.404841295,0.800259878,9.607474028,0.665515757,32.2031772,7.494856448,3.597531095,,,,,,,,,,,,,,,,,,,,,,,,,,,,,,,,,,,,,,,,,,,,,,,,,,,,,,,,,,,,,,,,,,,,,,,,,,,,,,,,,,,,,,,,,,,,,,,,,,,,,,,,,,,,,,,,,,,,,,,,,,,,,,,7.0,,,,,,,,,,,,,,,,,,,,,,,,,,,,,,,,,,,,,,,,,,,,2020,,,,,,,,,,,,,,,,,,,,,,,,,,,,,,,,,,,,,
101.0,6.73,85.1,5.67,,,,,,,,,,,,,,,,,53.0,46.86666667,6.0,137.0,65.0,29.0,21.0,6.0,5.0,85.0,189.0,13.26415094,,,,,,,,9.0,6.0,36.0,,,15.0,,,,,,,,,,,,,,,,,39.97632344,4.251620008,0.206064112,0.101102172,0.066070269,120.0,60.0,30.0,24.0,12.0,53.94147506,10.0,5.0,0.707826117,0.0219,85.90487888,11.16290148,0.206064112,0.00332,,0.755401208,0.755401208,,0.423024676,0.423024676,0.423024676,15.0625,Mike Gesicki,MIA,ADD,5,3116164,12,Jean Machine,BE,"{'1': {'team': 'NE', 'date': datetime.datetime(2020, 9, 13, 13, 0)}, '2': {'team': 'BUF', 'date': datetime.datetime(2020, 9, 20, 13, 0)}, '3': {'team': 'JAX', 'date': datetime.datetime(2020, 9, 24, 20, 20)}, '4': {'team': 'SEA', 'date': datetime.datetime(2020, 10, 4, 13, 0)}, '5': {'team': 'SF', 'date': datetime.datetime(2020, 10, 11, 16, 5)}, '6': {'team': 'NYJ', 'date': datetime.datetime(2020, 10, 18, 16, 5)}, '8': {'team': 'LAR', 'date': datetime.datetime(2020, 11, 1, 13, 0)}, '9': {'team': 'ARI', 'date': datetime.datetime(2020, 11, 8, 16, 25)}, '10': {'team': 'LAC', 'date': datetime.datetime(2020, 11, 15, 16, 5)}, '11': {'team': 'DEN', 'date': datetime.datetime(2020, 11, 22, 16, 5)}, '12': {'team': 'NYJ', 'date': datetime.datetime(2020, 11, 29, 13, 0)}, '13': {'team': 'CIN', 'date': datetime.datetime(2020, 12, 6, 13, 0)}, '14': {'team': 'KC', 'date': datetime.datetime(2020, 12, 13, 13, 0)}, '15': {'team': 'NE', 'date': datetime.datetime(2020, 12, 20, 13, 0)}, '16': {'team': 'LV', 'date': datetime.datetime(2020, 12, 26, 20, 15)}, '17': {'team': 'BUF', 'date': datetime.datetime(2021, 1, 3, 13, 0)}}","['WR/TE', 'TE', 'RB/WR/TE', 'OP', 'BE', 'IR']",BE,,,1.0,1.0,,,,,,,,,,,,,,,3.0,1.0,,,,,,,,,,,,,,,,,,,,,,,,,,,,,,,,,,,,,,,,,,,,,,,,,,,,,2.0,,,,,,,,,,,,,,,,,,,,,,,,,,,,,,,,,,,,,,,,,,,,,,,,,,,,,,,,,,,,,,,,,,,,,,,,,,,,,,,,,,,,,,,,,,,,,,,,,,,,,,,,,,,,,,,,,,,,,,,,,,,,,,,,,,,,,,,,,,,,,,,,,,,,,,,,,,,,,,,,,,,,,,,,2020,,,,,,,,,,,,,,,,,,,,,,,,,,,,,,,,,,,,,
111.0,6.94,116.11,7.26,,,,,,,,,,,,,,,,,,,,,,,,,,,,,,,,,,,,7.0,9.0,108.0,,,16.0,,,,,,,,,,,,,,,,,,,,,,,,,,,,,,,,,,,,,,,,,,,16.0,Michael Badgley,LAC,ADD,21,3123052,12,Jean Machine,K,"{'1': {'team': 'CIN', 'date': datetime.datetime(2020, 9, 13, 16, 5)}, '2': {'team': 'KC', 'date': datetime.datetime(2020, 9, 20, 16, 25)}, '3': {'team': 'CAR', 'date': datetime.datetime(2020, 9, 27, 16, 5)}, '4': {'team': 'TB', 'date': datetime.datetime(2020, 10, 4, 13, 0)}, '5': {'team': 'NO', 'date': datetime.datetime(2020, 10, 12, 20, 15)}, '7': {'team': 'JAX', 'date': datetime.datetime(2020, 10, 25, 16, 25)}, '8': {'team': 'DEN', 'date': datetime.datetime(2020, 11, 1, 16, 5)}, '9': {'team': 'LV', 'date': datetime.datetime(2020, 11, 8, 16, 5)}, '10': {'team': 'MIA', 'date': datetime.datetime(2020, 11, 15, 16, 5)}, '11': {'team': 'NYJ', 'date': datetime.datetime(2020, 11, 22, 16, 5)}, '12': {'team': 'BUF', 'date': datetime.datetime(2020, 11, 29, 13, 0)}, '13': {'team': 'NE', 'date': datetime.datetime(2020, 12, 6, 16, 25)}, '14': {'team': 'ATL', 'date': datetime.datetime(2020, 12, 13, 16, 25)}, '15': {'team': 'LV', 'date': datetime.datetime(2020, 12, 17, 20, 20)}, '16': {'team': 'DEN', 'date': datetime.datetime(2020, 12, 27, 16, 5)}, '17': {'team': 'KC', 'date': datetime.datetime(2021, 1, 3, 16, 25)}}","['K', 'BE', 'IR']",K,,,,,,,,,,,,,,,,,,,,,,,,,,,,,,,,,,,,,,,,,,,,,,,,,,,,,,,,,,,,,,,,,,,,,,,,,,,,,,2.0,6.0,8.0,13.0,5.0,14.0,14.0,,24.0,33.0,9.0,36.0,39.0,3.0,2.0,6.0,2.983288541,4.722904949,1.739616408,7.330842285,9.785365156,2.454522872,15.25547271,16.36038969,1.104916979,25.56960354,30.8686598,5.29905626,31.40636877,33.67383353,2.267464756,2.983288541,4.722904949,1.739616408,,,,,,,,,,,,,,,,,,,,,,,,,,,,,,,,,,,,,,,,,,,,,,,,,,,,,,,,,,,,,,,,,,,,,,,,,,,,,,,,,,,,,,,4.0,4.0,,,,,,,,,,,,,,,,,,,,,,,,,,,,,,,,,,,,,,,,,,2020,,,,,,,,,,,,,,,,,,,,,,,,,,,,,,,,,,,,,
109.0,6.81,72.71,4.54,,,,,,,,,,,,,,,,,,,,,,,,,,,,,,,,,,646.0,986.0,7.0,9.0,,,,16.0,,,,,,,,,,,,,,,,,,,,,,,,,,,,,,,,,,,,,,,,,,,16.0,Washington D/ST,WSH,ADD,7,-16028,12,Jean Machine,D/ST,"{'1': {'team': 'PHI', 'date': datetime.datetime(2020, 9, 13, 13, 0)}, '2': {'team': 'ARI', 'date': datetime.datetime(2020, 9, 20, 16, 5)}, '3': {'team': 'CLE', 'date': datetime.datetime(2020, 9, 27, 13, 0)}, '4': {'team': 'BAL', 'date': datetime.datetime(2020, 10, 4, 13, 0)}, '5': {'team': 'LAR', 'date': datetime.datetime(2020, 10, 11, 13, 0)}, '6': {'team': 'NYG', 'date': datetime.datetime(2020, 10, 18, 13, 0)}, '7': {'team': 'DAL', 'date': datetime.datetime(2020, 10, 25, 13, 0)}, '9': {'team': 'NYG', 'date': datetime.datetime(2020, 11, 8, 13, 0)}, '10': {'team': 'DET', 'date': datetime.datetime(2020, 11, 15, 13, 0)}, '11': {'team': 'CIN', 'date': datetime.datetime(2020, 11, 22, 13, 0)}, '12': {'team': 'DAL', 'date': datetime.datetime(2020, 11, 26, 16, 30)}, '13': {'team': 'PIT', 'date': datetime.datetime(2020, 12, 7, 17, 0)}, '14': {'team': 'SF', 'date': datetime.datetime(2020, 12, 13, 16, 25)}, '15': {'team': 'SEA', 'date': datetime.datetime(2020, 12, 20, 13, 0)}, '16': {'team': 'CAR', 'date': datetime.datetime(2020, 12, 27, 16, 5)}, '17': {'team': 'PHI', 'date': datetime.datetime(2021, 1, 3, 20, 20)}}","['D/ST', 'BE', 'IR']",D/ST,,,,,,,645.0,60.0,18.0,0.447636,0.249648,774.7590375,239.8404,77.0,30.0,23.0,9.0,,,,,,,,,,,,,,,,,,,,,,,,,,,,,,,,,,,,,,,,,,,,,,,,,,,,,,,,,340.0,,,14.0,,,,,,,,,,,,,,,,,,,,,,,,,,,,,,,,,,,7.0,0.0,1.0,1.0,6.0,3.0,16.0,,1.0,47.0,94.0,,,2.0,3.0,324.0,192.0,45.0,66.0,176.0,13.0,1.0,323.0,2.0,1.0,5.0,0.0,4873.0,0.0,1.0,6.0,4.0,3.0,2.0,0.0,0.0,0.0,0.0,1.0,1.0,6.0,2.0,1.0,5.0,0.0,0.071928072,0.31968032,1.518481518,1.918081918,0.040588465,2.091447326,11.76556761,9.104205616,0.952897794,0.341023118,35.22323695,70.4464739,1.131550925,0.959896401,2.829319791,14.00647018,1022.064712,340.0,204.0,67.895745,386.2114869,2.317682318,4.075924076,3.516483516,1.998001998,0.263736264,24.13821793,5876.409136,0.111798762,1.597125175,2.763026552,4.136554202,3.769215412,2.395687762,0.942303853,0.284288281,367.275571,-386.2114869,,,,,,,,,1.0,,,,,,,,,,,,,,,,,,,,,,,,,,,,,,,,,,,,,,2020,,,,,,,,,,,,,,,,,,,,,,,,,,,,,,,,,,,,,
97.0,6.06,47.21,3.15,3.0,0.3125,,,,,,,,,,,,,,1.66666667,72.0,41.875,6.0,128.0,60.0,28.0,20.0,6.0,5.0,110.0,290.0,9.30555556,,,,,,4.0,4.0,7.0,9.0,36.0,,,16.0,,,,,,,,,,,,,,,,,23.32712203,2.061473716,0.109652664,0.098867165,0.064609692,70.0,35.0,17.0,14.0,7.0,32.7385772,6.0,3.0,0.179482906,0.00555,50.38067956,10.73243878,0.109652664,0.00153,,0.348855599,0.348855599,,0.195359135,0.195359135,0.195359135,15.0625,Logan Thomas,WSH,ADD,9,16813,12,Jean Machine,TE,"{'1': {'team': 'PHI', 'date': datetime.datetime(2020, 9, 13, 13, 0)}, '2': {'team': 'ARI', 'date': datetime.datetime(2020, 9, 20, 16, 5)}, '3': {'team': 'CLE', 'date': datetime.datetime(2020, 9, 27, 13, 0)}, '4': {'team': 'BAL', 'date': datetime.datetime(2020, 10, 4, 13, 0)}, '5': {'team': 'LAR', 'date': datetime.datetime(2020, 10, 11, 13, 0)}, '6': {'team': 'NYG', 'date': datetime.datetime(2020, 10, 18, 13, 0)}, '7': {'team': 'DAL', 'date': datetime.datetime(2020, 10, 25, 13, 0)}, '9': {'team': 'NYG', 'date': datetime.datetime(2020, 11, 8, 13, 0)}, '10': {'team': 'DET', 'date': datetime.datetime(2020, 11, 15, 13, 0)}, '11': {'team': 'CIN', 'date': datetime.datetime(2020, 11, 22, 13, 0)}, '12': {'team': 'DAL', 'date': datetime.datetime(2020, 11, 26, 16, 30)}, '13': {'team': 'PIT', 'date': datetime.datetime(2020, 12, 7, 17, 0)}, '14': {'team': 'SF', 'date': datetime.datetime(2020, 12, 13, 16, 25)}, '15': {'team': 'SEA', 'date': datetime.datetime(2020, 12, 20, 13, 0)}, '16': {'team': 'CAR', 'date': datetime.datetime(2020, 12, 27, 16, 5)}, '17': {'team': 'PHI', 'date': datetime.datetime(2021, 1, 3, 20, 20)}}","['WR/TE', 'TE', 'RB/WR/TE', 'OP', 'BE', 'IR']",TE,,,1.0,1.0,,,,,,,,,,,,,,1.0,3.0,,1.0,1.0,,1.75,,5.0,2.0,1.0,1.0,,,,,,,,,,,,1.0,,,,,,,,,,,,,,,,,,,,,,,,,,,,,,,,3.0,,,,,,,,,,,,,,,,,,,,,,,,,,,,,,,,,,,,,,,,,,,,,,,,,,,,,,,,1.0,,,,,,,,,,,,,,,,,,,,,,,,,,,,,,,,,,,,,,,,,,,,,,,,,,,,,,,,,,,,,,,,,,,,,,,,,,,,,,,,,,,,,,,,,,,,,,,,,,,,,,,,,,,,,,,,2020,,,,,,,,,,,,,,,,,,,,,,,,,,,,,,,,,,,,,
361.0,24.07,340.59,22.71,62.0,20.53333333,2.0,57.0,24.0,10.0,8.0,1.0,,7.0,1.0,,,,,4.96774194,,,,,,,,,,2.0,,,2.0,5.0,,2.0,8.0,2.0,3.0,14.0,1.0,12.0,2.0,,15.0,61.96372946,18.57338653,3.779723369,0.0829,56.0,28.0,14.0,11.0,5.0,12.0,6.0,0.118,0.0824,0.218,0.00744,4.571128093,,,,,,,,,,,,,,,,,,1.004067784,0.0359,0.784750748,,8.164192727,0.361,,3.903117494,13.4367432,15.25,Patrick Mahomes,KC,DRAFT,2,3139477,13,The Ralph Dudes,QB,"{'1': {'team': 'HOU', 'date': datetime.datetime(2020, 9, 10, 20, 20)}, '2': {'team': 'LAC', 'date': datetime.datetime(2020, 9, 20, 16, 25)}, '3': {'team': 'BAL', 'date': datetime.datetime(2020, 9, 28, 20, 15)}, '4': {'team': 'NE', 'date': datetime.datetime(2020, 10, 5, 19, 5)}, '5': {'team': 'LV', 'date': datetime.datetime(2020, 10, 11, 13, 0)}, '6': {'team': 'BUF', 'date': datetime.datetime(2020, 10, 19, 17, 0)}, '7': {'team': 'DEN', 'date': datetime.datetime(2020, 10, 25, 16, 25)}, '8': {'team': 'NYJ', 'date': datetime.datetime(2020, 11, 1, 13, 0)}, '9': {'team': 'CAR', 'date': datetime.datetime(2020, 11, 8, 13, 0)}, '11': {'team': 'LV', 'date': datetime.datetime(2020, 11, 22, 20, 20)}, '12': {'team': 'TB', 'date': datetime.datetime(2020, 11, 29, 16, 25)}, '13': {'team': 'DEN', 'date': datetime.datetime(2020, 12, 6, 20, 20)}, '14': {'team': 'MIA', 'date': datetime.datetime(2020, 12, 13, 13, 0)}, '15': {'team': 'NO', 'date': datetime.datetime(2020, 12, 20, 16, 25)}, '16': {'team': 'ATL', 'date': datetime.datetime(2020, 12, 27, 13, 0)}, '17': {'team': 'LAC', 'date': datetime.datetime(2021, 1, 3, 16, 25)}}","['QB', 'OP', 'BE', 'IR']",QB,,,,,,,,,,,,,,,,,,,,,588.0,390.0,198.0,316.0,38.0,943.0,468.0,230.0,183.0,88.0,41.0,72.0,33.0,37.0,16.0,6.0,2.0,7.0,3.0,6.0,0.66326531,22.0,3.0,19.0,4.0,7.0,2.0,553.4842589,360.6530625,192.8311964,291.8892856,34.14004892,890.0,445.0,222.0,178.0,89.0,44.0,72.0,36.0,4.112101573,2.687258378,5.448349203,0.73592912,0.921215699,9.533625701,0.651604913,29.19469726,7.379441979,3.54213215,,,,1.0,,,,,,,,,,,,,,,,,,,,,,,,,,,,,,,,,,,,,,,,,,,,,,,,,,,,,,,,,,,,,,,,,,,,,,,,,,,,,,,,,,,,,,,,,,,,,,,,,,,,,,,,,,,,,,,,,,,,,,,,,,,2.0,,,,,,,2.0,,,,,,,,,,,,,,,,,,,,,,,,,,,,,,,,,,,,,2020,,,,,,,,,,,,,,,,,,,,,,,,,,,,,,,,,,,,,
90.0,10.0,164.48,10.97,,,,,,,,,,,,,,,,,51.0,85.66666667,3.0,149.0,72.0,32.0,26.0,10.0,6.0,68.0,232.0,15.11764706,,,,,,,,3.0,6.0,18.0,,,9.0,1.801813274,0.700141716,0.040534037,0.002957457,2.0,1.0,,,,,,0.003307812,0.002315468,0.000229,7.81e-06,5.852928689,82.40189532,6.556777296,0.467414499,0.272445809,0.178043336,248.0,124.0,62.0,49.0,24.0,88.57818842,17.0,8.0,4.516511319,0.14,138.9188626,14.01223676,0.470371956,0.00421,0.019080474,0.938007222,0.957087697,0.008777018,0.525284044,0.534061063,0.534061063,15.0625,Julio Jones,ATL,DRAFT,43,13982,13,The Ralph Dudes,BE,"{'1': {'team': 'SEA', 'date': datetime.datetime(2020, 9, 13, 13, 0)}, '2': {'team': 'DAL', 'date': datetime.datetime(2020, 9, 20, 13, 0)}, '3': {'team': 'CHI', 'date': datetime.datetime(2020, 9, 27, 13, 0)}, '4': {'team': 'GB', 'date': datetime.datetime(2020, 10, 5, 21, 0)}, '5': {'team': 'CAR', 'date': datetime.datetime(2020, 10, 11, 13, 0)}, '6': {'team': 'MIN', 'date': datetime.datetime(2020, 10, 18, 13, 0)}, '7': {'team': 'DET', 'date': datetime.datetime(2020, 10, 25, 13, 0)}, '8': {'team': 'CAR', 'date': datetime.datetime(2020, 10, 29, 20, 20)}, '9': {'team': 'DEN', 'date': datetime.datetime(2020, 11, 8, 13, 0)}, '11': {'team': 'NO', 'date': datetime.datetime(2020, 11, 22, 13, 0)}, '12': {'team': 'LV', 'date': datetime.datetime(2020, 11, 29, 13, 0)}, '13': {'team': 'NO', 'date': datetime.datetime(2020, 12, 6, 13, 0)}, '14': {'team': 'LAC', 'date': datetime.datetime(2020, 12, 13, 16, 25)}, '15': {'team': 'TB', 'date': datetime.datetime(2020, 12, 20, 13, 0)}, '16': {'team': 'KC', 'date': datetime.datetime(2020, 12, 27, 13, 0)}, '17': {'team': 'TB', 'date': datetime.datetime(2021, 1, 3, 13, 0)}}","['RB/WR', 'WR', 'WR/TE', 'RB/WR/TE', 'OP', 'BE', 'IR']",BE,1.0,,3.0,3.0,,,,,,,,,,,,,,,,2.0,,,,,,,,,,,,,,,,,,,,,,,,,,,,,,,,,,,,,,,,,,,,,,,,,,,,,,,,,,,,,,,,,,,,,,,,,,,,,,,,,,,,,,,,,,,,,,,,,,,,,,,,,,,,,,,,,,,,,,,,,,,,,,,,,,,,,,,,,,,,,,,,,,,,,,,,,,,,,,,,,,,,,,,,,,,,,,,,,,,,,,,,,,,,,,,,,,,,,,,,,,,,,,,,,,,,,,,,,,,,,2020,,,,,,,,,,,,,,,,,,,,,,,,,,,,,,,,,,,,,
105.0,7.5,134.1,8.94,,,,,,,,,,,,,,,,,58.0,50.07142857,7.0,135.0,63.0,28.0,22.0,8.0,7.0,88.0,190.0,12.0862069,,2.0,,,,2.0,2.0,10.0,4.0,42.0,,1.0,14.0,,,,,,,,,,,,,,,,,58.59486805,7.743794682,0.430339878,0.225135647,0.147126145,176.0,88.0,44.0,35.0,17.0,65.91299044,13.0,6.0,2.006048737,0.062,103.8006013,13.39015563,0.430339878,0.00491,,1.115546821,1.115546821,,0.62470622,0.62470622,0.62470622,15.0625,Mark Andrews,BAL,DRAFT,4,3116365,13,The Ralph Dudes,TE,"{'1': {'team': 'CLE', 'date': datetime.datetime(2020, 9, 13, 13, 0)}, '2': {'team': 'HOU', 'date': datetime.datetime(2020, 9, 20, 16, 25)}, '3': {'team': 'KC', 'date': datetime.datetime(2020, 9, 28, 20, 15)}, '4': {'team': 'WSH', 'date': datetime.datetime(2020, 10, 4, 13, 0)}, '5': {'team': 'CIN', 'date': datetime.datetime(2020, 10, 11, 13, 0)}, '6': {'team': 'PHI', 'date': datetime.datetime(2020, 10, 18, 13, 0)}, '8': {'team': 'PIT', 'date': datetime.datetime(2020, 11, 1, 13, 0)}, '9': {'team': 'IND', 'date': datetime.datetime(2020, 11, 8, 13, 0)}, '10': {'team': 'NE', 'date': datetime.datetime(2020, 11, 15, 20, 20)}, '11': {'team': 'TEN', 'date': datetime.datetime(2020, 11, 22, 13, 0)}, '12': {'team': 'PIT', 'date': datetime.datetime(2020, 12, 2, 15, 40)}, '13': {'team': 'DAL', 'date': datetime.datetime(2020, 12, 8, 20, 5)}, '14': {'team': 'CLE', 'date': datetime.datetime(2020, 12, 14, 20, 15)}, '15': {'team': 'JAX', 'date': datetime.datetime(2020, 12, 20, 13, 0)}, '16': {'team': 'NYG', 'date': datetime.datetime(2020, 12, 27, 13, 0)}, '17': {'team': 'CIN', 'date': datetime.datetime(2021, 1, 3, 13, 0)}}","['WR/TE', 'TE', 'RB/WR/TE', 'OP', 'BE', 'IR']",TE,,,,,2.0,,,,,,,,,,,,,,4.0,2.0,,,,,,,,,,,,,,,,,,,,,,,,,,,,,,,,,,,,,,,,,,,,,,,,,,,,,,,,,,,,,,,,,,,,,,,,,,,,,,,,,,,,,,,,,,,,,,,,,,,,,,,,,,,,,,,,,,,,,,,,,,,,,,,,,,,,,,,,,,,,,,,,,,,,,,,,,,,,,,,,,,,,,,,,,,,,,,,,,,,,,,,,,,,,,,,,,,,,,,,,,,,,,,,,,,,,,,,,,,,,,2020,,,,,,,,,,,,,,,,,,,,,,,,,,,,,,,,,,,,,
139.0,9.27,141.45,9.43,2.0,1.46666667,,4.0,2.0,1.0,,,,,,,,,,11.0,66.0,79.53333333,4.0,233.0,113.0,52.0,40.0,16.0,6.0,118.0,387.0,18.07575758,,,,,,5.0,5.0,5.0,10.0,24.0,,,15.0,7.089046623,3.294003063,0.175106973,0.006133633,9.0,4.0,2.0,1.0,,1.0,,0.013054072,0.009137851,0.00641,0.000219,6.998955398,74.88071476,4.28459437,0.231073363,0.221474144,0.144733353,225.0,112.0,56.0,45.0,22.0,87.32122208,17.0,8.0,3.669322088,0.113,133.1417422,12.91657101,0.237206996,0.007902833,0.134864833,1.661233541,1.796098374,0.062037823,0.930290783,0.992328606,0.992328606,15.0625,DJ Moore,CAR,DRAFT,17,3915416,13,The Ralph Dudes,BE,"{'1': {'team': 'LV', 'date': datetime.datetime(2020, 9, 13, 13, 0)}, '2': {'team': 'TB', 'date': datetime.datetime(2020, 9, 20, 13, 0)}, '3': {'team': 'LAC', 'date': datetime.datetime(2020, 9, 27, 16, 5)}, '4': {'team': 'ARI', 'date': datetime.datetime(2020, 10, 4, 13, 0)}, '5': {'team': 'ATL', 'date': datetime.datetime(2020, 10, 11, 13, 0)}, '6': {'team': 'CHI', 'date': datetime.datetime(2020, 10, 18, 13, 0)}, '7': {'team': 'NO', 'date': datetime.datetime(2020, 10, 25, 13, 0)}, '8': {'team': 'ATL', 'date': datetime.datetime(2020, 10, 29, 20, 20)}, '9': {'team': 'KC', 'date': datetime.datetime(2020, 11, 8, 13, 0)}, '10': {'team': 'TB', 'date': datetime.datetime(2020, 11, 15, 13, 0)}, '11': {'team': 'DET', 'date': datetime.datetime(2020, 11, 22, 13, 0)}, '12': {'team': 'MIN', 'date': datetime.datetime(2020, 11, 29, 13, 0)}, '14': {'team': 'DEN', 'date': datetime.datetime(2020, 12, 13, 13, 0)}, '15': {'team': 'GB', 'date': datetime.datetime(2020, 12, 19, 20, 15)}, '16': {'team': 'WSH', 'date': datetime.datetime(2020, 12, 27, 16, 5)}, '17': {'team': 'NO', 'date': datetime.datetime(2021, 1, 3, 16, 25)}}","['RB/WR', 'WR', 'WR/TE', 'RB/WR/TE', 'OP', 'BE', 'IR']",BE,2.0,2.0,4.0,4.0,,,,,,,0.0249648,,23.98404,,,2.0,,,1.0,1.0,1.0,,1.0,,,,,,,,,,,,,,,,,,,,,,,,,,,,,,,,,,,,,,,,,,,,,,,,,,,,,,1.0,,,,,,,,,,,,,,,,,,,,,,,,,,,,,,,,,,,,,,,,,,,,,,,,,,,,,,,,,,,,,,,,,,,,,,,,,,,,,,,,,,,,,,,,,,,,,,,,,,,,,,,,,,,,,,,,,,,,,,,,,,,,,,,,,,,,,,,,,,,,,,,,,,,,,,,,,,,,,,,,,,,,2020,,,,,,,,,,,,,,,,,,,,,,,,,,,,,,,,,,,,,
94.0,5.88,134.92,9.64,156.0,42.9375,2.0,133.0,62.0,27.0,22.0,7.0,,24.0,9.0,1.0,1.0,,,4.40384615,38.0,16.8125,,50.0,22.0,8.0,3.0,1.0,2.0,50.0,279.0,7.07894737,1.0,1.0,1.0,1.0,1.0,1.0,1.0,13.0,3.0,12.0,1.0,,16.0,178.8583196,57.77530479,3.122483822,0.104197396,163.0,81.0,40.0,32.0,16.0,35.0,17.0,0.362019966,0.253413976,1.82,0.0623,4.562696227,20.56935383,1.447844733,0.080865802,0.047567642,0.031085454,58.0,29.0,14.0,11.0,5.0,36.8219378,7.0,3.0,0.124241486,0.00384252,49.671328,7.890462594,0.185063199,0.0136,2.570790552,0.529254049,3.100044601,1.182563654,0.296382267,1.478945921,1.478945921,14.125,Devin Singletary,BUF,DRAFT,35,4040761,13,The Ralph Dudes,BE,"{'1': {'team': 'NYJ', 'date': datetime.datetime(2020, 9, 13, 13, 0)}, '2': {'team': 'MIA', 'date': datetime.datetime(2020, 9, 20, 13, 0)}, '3': {'team': 'LAR', 'date': datetime.datetime(2020, 9, 27, 13, 0)}, '4': {'team': 'LV', 'date': datetime.datetime(2020, 10, 4, 16, 25)}, '5': {'team': 'TEN', 'date': datetime.datetime(2020, 10, 13, 19, 0)}, '6': {'team': 'KC', 'date': datetime.datetime(2020, 10, 19, 17, 0)}, '7': {'team': 'NYJ', 'date': datetime.datetime(2020, 10, 25, 13, 0)}, '8': {'team': 'NE', 'date': datetime.datetime(2020, 11, 1, 13, 0)}, '9': {'team': 'SEA', 'date': datetime.datetime(2020, 11, 8, 13, 0)}, '10': {'team': 'ARI', 'date': datetime.datetime(2020, 11, 15, 16, 5)}, '12': {'team': 'LAC', 'date': datetime.datetime(2020, 11, 29, 13, 0)}, '13': {'team': 'SF', 'date': datetime.datetime(2020, 12, 7, 20, 15)}, '14': {'team': 'PIT', 'date': datetime.datetime(2020, 12, 13, 20, 20)}, '15': {'team': 'DEN', 'date': datetime.datetime(2020, 12, 19, 16, 30)}, '16': {'team': 'NE', 'date': datetime.datetime(2020, 12, 28, 20, 15)}, '17': {'team': 'MIA', 'date': datetime.datetime(2021, 1, 3, 13, 0)}}","['RB', 'RB/WR', 'RB/WR/TE', 'OP', 'BE', 'IR']",BE,,,,,,,,,,,,,,,,,,,,,,,,,,,,,,,,,,,,,,,,,,,,,,,,,,,,,,,,,,,,,,,,,,,,,,,,,,,,,,,,,,,,,,,,,,,,,,,,,,,,,,,,,,,,,,,,,,,,,,,,,,,,,,,,,1.0,,,,,,,,,,,,,,,,,,,,,,,,,,,,,,,,,,,,,,,,,,,,,,,,,,,,,,,,,,,,,,,,,,,,,,,,,,,,,,,,,,,,,,,,,,,,,,,,,,,,,,,,,,,,,,,,2020,,,,,,,,,,,,,,,,,,,,,,,,,,,,,,,,,,,,,
86.0,6.62,114.25,8.16,97.0,28.23076923,6.0,69.0,32.0,12.0,10.0,4.0,1.0,15.0,4.0,1.0,,1.0,,3.78350515,36.0,17.92307692,,41.0,18.0,5.0,3.0,,2.0,47.0,240.0,6.47222222,,,,,,,,8.0,5.0,36.0,5.0,,13.0,152.2985701,44.3952431,4.856188185,0.243,125.0,62.0,31.0,25.0,12.0,30.0,15.0,0.304,0.213,1.09,0.0371,4.11745697,13.68373811,0.756615446,0.038918476,0.037502088,0.024507615,38.0,19.0,9.0,7.0,3.0,27.45712907,5.0,2.0,0.072128895,0.00223,35.64755414,7.039439569,0.282411638,0.00469,0.90401687,0.162980571,1.06699744,0.416,0.09126912,0.50711688,0.50711688,14.125,Leonard Fournette,TB,DRAFT,40,3115364,13,The Ralph Dudes,RB,"{'1': {'team': 'NO', 'date': datetime.datetime(2020, 9, 13, 16, 25)}, '2': {'team': 'CAR', 'date': datetime.datetime(2020, 9, 20, 13, 0)}, '3': {'team': 'DEN', 'date': datetime.datetime(2020, 9, 27, 16, 25)}, '4': {'team': 'LAC', 'date': datetime.datetime(2020, 10, 4, 13, 0)}, '5': {'team': 'CHI', 'date': datetime.datetime(2020, 10, 8, 20, 20)}, '6': {'team': 'GB', 'date': datetime.datetime(2020, 10, 18, 16, 25)}, '7': {'team': 'LV', 'date': datetime.datetime(2020, 10, 25, 16, 5)}, '8': {'team': 'NYG', 'date': datetime.datetime(2020, 11, 2, 20, 15)}, '9': {'team': 'NO', 'date': datetime.datetime(2020, 11, 8, 20, 20)}, '10': {'team': 'CAR', 'date': datetime.datetime(2020, 11, 15, 13, 0)}, '11': {'team': 'LAR', 'date': datetime.datetime(2020, 11, 23, 20, 15)}, '12': {'team': 'KC', 'date': datetime.datetime(2020, 11, 29, 16, 25)}, '14': {'team': 'MIN', 'date': datetime.datetime(2020, 12, 13, 13, 0)}, '15': {'team': 'ATL', 'date': datetime.datetime(2020, 12, 20, 13, 0)}, '16': {'team': 'DET', 'date': datetime.datetime(2020, 12, 26, 13, 0)}, '17': {'team': 'ATL', 'date': datetime.datetime(2021, 1, 3, 13, 0)}}","['RB', 'RB/WR', 'RB/WR/TE', 'OP', 'BE', 'IR']",RB,,,,,,,,,,,,,,,,,,,,,,,,,,,,,,,,,,,,,,,,,,,,,,,,,,,,,,,,,,,,,,,,,,,,,,,,,,,,,,,,,,,,,,,,,,,,,,,,,,,,,,,,,,,,,,,,,,,,,,,,,,,,,,,,,,,,,,,,,,,,,,,,,,,,,,,,,,,,,,,,,,,,,,,,,,,,,,,,,,,,,,,,,,,,,,,,,,,,,,,,,,,,,,,,,,,,,,,,,,,,,,,,,,,,,,,,,,,,,,,,,2020,,,,,,,,,,,,,,,,,,,,,,,,,,,,,,,,,,,,,
193.0,12.06,125.92,8.99,1.0,0.0625,,,,,,,,,,,,,,1.0,127.0,95.9375,8.0,301.0,145.0,68.0,52.0,20.0,20.0,166.0,468.0,12.08661417,,,,,,1.0,1.0,13.0,3.0,48.0,,,16.0,4.159495806,1.873230563,0.064006653,0.002135904,5.0,2.0,1.0,1.0,,,,0.007646515,0.005352561,0.001729041,5.9e-05,6.361199273,67.32637305,4.906385738,0.274035276,0.341371155,0.22308605,190.0,95.0,47.0,38.0,19.0,63.05743506,12.0,6.0,2.430421293,0.0752,100.2049983,15.08125122,0.27617118,0.00591509,0.083189916,1.261148701,1.344338617,0.038267361,0.706243273,0.744510634,0.744510634,14.125,Stefon Diggs,BUF,DRAFT,3,2976212,13,The Ralph Dudes,WR,"{'1': {'team': 'NYJ', 'date': datetime.datetime(2020, 9, 13, 13, 0)}, '2': {'team': 'MIA', 'date': datetime.datetime(2020, 9, 20, 13, 0)}, '3': {'team': 'LAR', 'date': datetime.datetime(2020, 9, 27, 13, 0)}, '4': {'team': 'LV', 'date': datetime.datetime(2020, 10, 4, 16, 25)}, '5': {'team': 'TEN', 'date': datetime.datetime(2020, 10, 13, 19, 0)}, '6': {'team': 'KC', 'date': datetime.datetime(2020, 10, 19, 17, 0)}, '7': {'team': 'NYJ', 'date': datetime.datetime(2020, 10, 25, 13, 0)}, '8': {'team': 'NE', 'date': datetime.datetime(2020, 11, 1, 13, 0)}, '9': {'team': 'SEA', 'date': datetime.datetime(2020, 11, 8, 13, 0)}, '10': {'team': 'ARI', 'date': datetime.datetime(2020, 11, 15, 16, 5)}, '12': {'team': 'LAC', 'date': datetime.datetime(2020, 11, 29, 13, 0)}, '13': {'team': 'SF', 'date': datetime.datetime(2020, 12, 7, 20, 15)}, '14': {'team': 'PIT', 'date': datetime.datetime(2020, 12, 13, 20, 20)}, '15': {'team': 'DEN', 'date': datetime.datetime(2020, 12, 19, 16, 30)}, '16': {'team': 'NE', 'date': datetime.datetime(2020, 12, 28, 20, 15)}, '17': {'team': 'MIA', 'date': datetime.datetime(2021, 1, 3, 13, 0)}}","['RB/WR', 'WR', 'WR/TE', 'RB/WR/TE', 'OP', 'BE', 'IR']",WR,1.0,1.0,7.0,7.0,,,,,,,,,,,,,,5.0,3.0,2.0,,,,,,,,,,,,,,,,,,,,,,,,,,,,,,,,,,,,,,,,,,,,,,,,,,,,,2.0,,,,,,,,,,,,,,,,,,,,,,,,,,,,,,,,,,,,,,,,,,,,,,,,,,,,,,,,,,,,,,,,,,,,,,,,,,,,,,,,,,,,,,,,,,,,,,,,,,,,,,,,,,,,,,,,,,,,,,,,,,,,,,,,,,,,,,,,,,,,,,,,,,,,,,,,,,,,,,,,,,,,,,,,2020,,,,,,,,,,,,,,,,,,,,,,,,,,,,,,,,,,,,,
118.0,7.38,125.67,8.38,1.0,0.0625,,,,,,,,,,,,,,1.0,58.0,48.0625,8.0,148.0,70.0,31.0,25.0,8.0,6.0,100.0,271.0,13.25862069,,,,,,2.0,2.0,11.0,5.0,48.0,,,16.0,,,,,,,,,,,,,,,,,57.10279736,6.590155849,0.36620485,0.207892477,0.135857734,172.0,86.0,43.0,34.0,17.0,64.21978542,12.0,6.0,1.873272634,0.0579,103.2140106,13.39323823,0.36620485,0.00244,,0.555532064,0.555532064,,0.311097956,0.311097956,0.311097956,15.0625,Marquise Brown,BAL,DRAFT,36,4241372,13,The Ralph Dudes,BE,"{'1': {'team': 'CLE', 'date': datetime.datetime(2020, 9, 13, 13, 0)}, '2': {'team': 'HOU', 'date': datetime.datetime(2020, 9, 20, 16, 25)}, '3': {'team': 'KC', 'date': datetime.datetime(2020, 9, 28, 20, 15)}, '4': {'team': 'WSH', 'date': datetime.datetime(2020, 10, 4, 13, 0)}, '5': {'team': 'CIN', 'date': datetime.datetime(2020, 10, 11, 13, 0)}, '6': {'team': 'PHI', 'date': datetime.datetime(2020, 10, 18, 13, 0)}, '8': {'team': 'PIT', 'date': datetime.datetime(2020, 11, 1, 13, 0)}, '9': {'team': 'IND', 'date': datetime.datetime(2020, 11, 8, 13, 0)}, '10': {'team': 'NE', 'date': datetime.datetime(2020, 11, 15, 20, 20)}, '11': {'team': 'TEN', 'date': datetime.datetime(2020, 11, 22, 13, 0)}, '12': {'team': 'PIT', 'date': datetime.datetime(2020, 12, 2, 15, 40)}, '13': {'team': 'DAL', 'date': datetime.datetime(2020, 12, 8, 20, 5)}, '14': {'team': 'CLE', 'date': datetime.datetime(2020, 12, 14, 20, 15)}, '15': {'team': 'JAX', 'date': datetime.datetime(2020, 12, 20, 13, 0)}, '16': {'team': 'NYG', 'date': datetime.datetime(2020, 12, 27, 13, 0)}, '17': {'team': 'CIN', 'date': datetime.datetime(2021, 1, 3, 13, 0)}}","['RB/WR', 'WR', 'WR/TE', 'RB/WR/TE', 'OP', 'BE', 'IR']",BE,2.0,1.0,1.0,1.0,,,30.0,3.0,1.0,,,,,,,,,,4.0,1.0,,,,,,,,,,,,,,,,,,,,,,,,,,,,,,,,,,,,,,,,,,,,,,,,,,,,,1.0,,,,,,,,,,,,,,,,,,,,,,,,,,,,,,,,,,,,,,,,,,,,,,,,,,,,,,,,,,,,,,,,,,,,,,,,,,,,,,,,,,,,,,,,,,,,,,,,,,,,,,,,,,,,,,,,,,,,,,,,,,,,,,,,,,,,,,,,,,,,,,,,,,,,,,,,,,,,,,,,,,,,,,,,2020,,,,,,,,,,,,,,,,,,,,,,,,,,,,,,,,,,,,,
43.0,6.14,122.65,9.43,8.0,3.71428571,,4.0,1.0,,,,,,,,,,,3.25,33.0,55.85714286,1.0,76.0,36.0,16.0,12.0,5.0,5.0,44.0,401.0,11.84848485,,,,,,1.0,1.0,3.0,4.0,6.0,,,7.0,16.21302717,10.68576985,0.810688516,0.028876233,28.0,14.0,7.0,5.0,2.0,3.0,1.0,0.030052258,0.021036581,0.060739959,0.00207,8.65049616,58.9740225,4.534064677,0.281784418,0.216146178,0.141251527,154.0,77.0,38.0,30.0,15.0,58.45620775,11.0,5.0,1.764866801,0.0546,88.88146083,13.24126342,0.310660651,0.00435,0.214793145,0.774438515,0.98923166,0.098804847,0.433685569,0.532490415,0.532490415,13.125,Deebo Samuel,SF,DRAFT,93,3126486,13,The Ralph Dudes,BE,"{'1': {'team': 'ARI', 'date': datetime.datetime(2020, 9, 13, 16, 25)}, '2': {'team': 'NYJ', 'date': datetime.datetime(2020, 9, 20, 13, 0)}, '3': {'team': 'NYG', 'date': datetime.datetime(2020, 9, 27, 13, 0)}, '4': {'team': 'PHI', 'date': datetime.datetime(2020, 10, 4, 20, 20)}, '5': {'team': 'MIA', 'date': datetime.datetime(2020, 10, 11, 16, 5)}, '6': {'team': 'LAR', 'date': datetime.datetime(2020, 10, 18, 20, 20)}, '7': {'team': 'NE', 'date': datetime.datetime(2020, 10, 25, 16, 25)}, '8': {'team': 'SEA', 'date': datetime.datetime(2020, 11, 1, 16, 25)}, '9': {'team': 'GB', 'date': datetime.datetime(2020, 11, 5, 20, 20)}, '10': {'team': 'NO', 'date': datetime.datetime(2020, 11, 15, 16, 25)}, '12': {'team': 'LAR', 'date': datetime.datetime(2020, 11, 29, 16, 5)}, '13': {'team': 'BUF', 'date': datetime.datetime(2020, 12, 7, 20, 15)}, '14': {'team': 'WSH', 'date': datetime.datetime(2020, 12, 13, 16, 25)}, '15': {'team': 'DAL', 'date': datetime.datetime(2020, 12, 20, 13, 0)}, '16': {'team': 'ARI', 'date': datetime.datetime(2020, 12, 26, 16, 30)}, '17': {'team': 'SEA', 'date': datetime.datetime(2021, 1, 3, 16, 25)}}","['RB/WR', 'WR', 'WR/TE', 'RB/WR/TE', 'OP', 'BE', 'IR']",BE,,,1.0,1.0,,,,,,,,,,,,,,1.0,1.0,,,,,,,,,,,,,,,,,,,,,,,,,,,,,,,,,,,,,,,,,,,,,,,,,,,,,,,,,,,,,,,,,,,,,,,,,,,,,,,,,,,,,,,,,,,,,,,,,,,,,,,,,,,,,,,,,,,,,,,,,,,,,,,,,,,,,,,,,,,,,,,,,,,,,,,,,,,,,,,,,,,,,,,,,,,,,,,,,,,,,,,,,,,,,,,,,,,,,,,,,,,,,,,,,,,,,,,,,,,,,,2020,,,,,,,,,,,,,,,,,,,,,,,,,,,,,,,,,,,,,
49.0,4.45,106.5,7.61,77.0,21.36363636,1.0,42.0,18.0,7.0,5.0,1.0,,11.0,3.0,,,,,3.05194805,28.0,22.63636364,1.0,46.0,23.0,10.0,5.0,1.0,2.0,35.0,227.0,8.89285714,2.0,3.0,2.0,2.0,2.0,,,4.0,7.0,12.0,1.0,1.0,11.0,93.91716448,30.57096131,1.923605153,0.0541,86.0,43.0,21.0,17.0,8.0,18.0,9.0,0.182,0.127,0.515,0.0176,4.597826509,27.27746548,2.48708733,0.078927835,0.079988906,0.05227275,77.0,38.0,19.0,15.0,7.0,43.91627061,8.0,4.0,0.221354532,0.00685,57.98057957,8.773381586,0.132998215,0.00565,0.876,0.409421007,1.284988526,0.403,0.229275764,0.632036823,0.632036823,14.125,Duke Johnson,None,DRAFT,59,2969962,13,The Ralph Dudes,BE,{},"['RB', 'RB/WR', 'RB/WR/TE', 'OP', 'BE', 'IR']",BE,,,,,1.0,,,,,,,,,,,,,,,,,,,,,,,,,,,,,,,,,,,,,,,,,,,,,,,,,,,,,,,,,,,,,,,,,,,,,,,,,,,,,,,,,,,,,,,,,,,,,,,,,,,,,,,,,,,,,,,,,,,,,,,,,,,,,,,,,,,,,,,,,,,,,,,,,,,,,,,,,,,,,,,,,,,,,,,,,,,,,,,,,,,,,,,,,,,,,,,,,,,,,,,,,,,,,,,,,,,,,,,,,,,,,,,,,,,,,,,,,,,,2020,,,,,,,,,,,,,,,,,,,,,,,,,,,,,,,,,,,,,
74.0,4.62,101.21,6.33,,,,,,,,,,,,,,,,,,,,,,,,,,,,,,,,,,684.0,1012.0,8.0,8.0,,,,16.0,,,,,,,,,,,,,,,,,,,,,,,,,,,,,,,,,,,,,,,,,,,16.0,Bears D/ST,CHI,DRAFT,14,-16003,13,The Ralph Dudes,BE,"{'1': {'team': 'DET', 'date': datetime.datetime(2020, 9, 13, 13, 0)}, '2': {'team': 'NYG', 'date': datetime.datetime(2020, 9, 20, 13, 0)}, '3': {'team': 'ATL', 'date': datetime.datetime(2020, 9, 27, 13, 0)}, '4': {'team': 'IND', 'date': datetime.datetime(2020, 10, 4, 16, 25)}, '5': {'team': 'TB', 'date': datetime.datetime(2020, 10, 8, 20, 20)}, '6': {'team': 'CAR', 'date': datetime.datetime(2020, 10, 18, 13, 0)}, '7': {'team': 'LAR', 'date': datetime.datetime(2020, 10, 26, 20, 15)}, '8': {'team': 'NO', 'date': datetime.datetime(2020, 11, 1, 16, 25)}, '9': {'team': 'TEN', 'date': datetime.datetime(2020, 11, 8, 13, 0)}, '10': {'team': 'MIN', 'date': datetime.datetime(2020, 11, 16, 20, 15)}, '12': {'team': 'GB', 'date': datetime.datetime(2020, 11, 29, 20, 20)}, '13': {'team': 'DET', 'date': datetime.datetime(2020, 12, 6, 13, 0)}, '14': {'team': 'HOU', 'date': datetime.datetime(2020, 12, 13, 13, 0)}, '15': {'team': 'MIN', 'date': datetime.datetime(2020, 12, 20, 13, 0)}, '16': {'team': 'JAX', 'date': datetime.datetime(2020, 12, 27, 13, 0)}, '17': {'team': 'GB', 'date': datetime.datetime(2021, 1, 3, 16, 25)}}","['D/ST', 'BE', 'IR']",BE,,,,,,,1145.0,109.0,36.0,0.429267213,0.321288842,870.8737154,308.1494737,87.0,34.0,30.0,12.0,,,,,,,,,,,,,,,,,,,,,,,,,,,,,,,,,,,,,,,,,,,,,,,,,,,,,,,,,328.0,,,15.0,,,,,,,,,,,,,,,,,,,,,,,,,,,,,,,,,,,8.0,0.0,0.0,2.0,2.0,1.0,10.0,1.0,1.0,35.0,70.0,1.0,,,2.0,333.0,196.0,43.0,71.0,190.0,14.0,4.0,358.0,4.0,5.0,1.0,2.0,5519.0,0.0,0.0,5.0,3.0,5.0,2.0,1.0,0.0,0.0,0.0,0.0,2.0,2.0,4.0,5.0,1.0,2.0,0.186455937,0.840252076,2.976893068,2.752825848,0.041151187,2.034351383,10.64503287,10.87401373,0.979482405,0.328533157,37.79561922,75.59123844,1.11886125,0.915490133,2.826058625,16.72925189,882.8220552,294.0,176.0,65.14335426,340.8255504,2.320696209,3.353005902,2.376713014,1.064319296,0.128838652,21.3015969,5457.258883,0.689240633,5.449809657,4.119414947,3.382087758,1.667000601,0.480865558,0.176317371,0.035263474,341.0786802,-340.8255504,,,,,,,,,1.0,,,,,,,,,,,,,,,,,,,,,,,,,,,,,,,,,,,,,,2020,,,,,,,,,,,,,,,,,,,,,,,,,,,,,,,,,,,,,
99.0,7.62,125.87,7.87,,,,,,,,,,,,,,,,,,,,,,,,,,,,,,,,,,,,11.0,2.0,91.0,,,13.0,,,,,,,,,,,,,,,,,,,,,,,,,,,,,,,,,,,,,,,,,,,16.0,Chris Boswell,PIT,DRAFT,25,17372,13,The Ralph Dudes,K,"{'1': {'team': 'NYG', 'date': datetime.datetime(2020, 9, 14, 19, 15)}, '2': {'team': 'DEN', 'date': datetime.datetime(2020, 9, 20, 13, 0)}, '3': {'team': 'HOU', 'date': datetime.datetime(2020, 9, 27, 13, 0)}, '5': {'team': 'PHI', 'date': datetime.datetime(2020, 10, 11, 13, 0)}, '6': {'team': 'CLE', 'date': datetime.datetime(2020, 10, 18, 13, 0)}, '7': {'team': 'TEN', 'date': datetime.datetime(2020, 10, 25, 13, 0)}, '8': {'team': 'BAL', 'date': datetime.datetime(2020, 11, 1, 13, 0)}, '9': {'team': 'DAL', 'date': datetime.datetime(2020, 11, 8, 16, 25)}, '10': {'team': 'CIN', 'date': datetime.datetime(2020, 11, 15, 16, 25)}, '11': {'team': 'JAX', 'date': datetime.datetime(2020, 11, 22, 13, 0)}, '12': {'team': 'BAL', 'date': datetime.datetime(2020, 12, 2, 15, 40)}, '13': {'team': 'WSH', 'date': datetime.datetime(2020, 12, 7, 17, 0)}, '14': {'team': 'BUF', 'date': datetime.datetime(2020, 12, 13, 20, 20)}, '15': {'team': 'CIN', 'date': datetime.datetime(2020, 12, 21, 20, 15)}, '16': {'team': 'IND', 'date': datetime.datetime(2020, 12, 27, 13, 0)}, '17': {'team': 'CLE', 'date': datetime.datetime(2021, 1, 3, 13, 0)}}","['K', 'BE', 'IR']",K,,,,,,,,,,,,,,,,,,,,,,,,,,,,,,,,,,,,,,,,,,,,,,,,,,,,,,,,,,,,,,,,,,,,,,,,,,,,,,1.0,1.0,7.0,8.0,1.0,11.0,11.0,,19.0,20.0,1.0,34.0,38.0,4.0,1.0,1.0,3.090444973,4.745786106,1.655341133,7.558429572,9.83277252,2.274342948,15.65051007,16.43965122,0.789141151,26.29938461,31.01820984,4.718825231,37.95162674,39.85687734,1.905250605,3.090444973,4.745786106,1.655341133,,,,,,,,,,,,,,,,,,,,,,,,,,,,,,,,,,,,,,,,,,,,,,,,,,,,,,,,,,,,,,,,,,,,,,,,,,,,,,,,,,,,,,,,,,,,,,,,,,,,,,,,,,,,,,,,,,,,,,,,,,,,,,,,,,2020,,,,,,,,,,,,,,,,,,,,,,,,,,,,,,,,,,,,,
118.0,7.38,83.84,5.99,89.0,23.75,3.0,69.0,31.0,13.0,8.0,2.0,,13.0,2.0,,,,,4.26966292,63.0,30.125,4.0,92.0,43.0,19.0,11.0,3.0,5.0,76.0,476.0,7.65079365,,,,,,1.0,1.0,11.0,5.0,44.0,2.0,,16.0,52.30570074,15.36084266,1.641186084,0.061497769,43.0,21.0,10.0,8.0,4.0,10.0,5.0,0.098833583,0.069183508,0.128,0.00437,4.148150192,27.82896683,2.059616195,0.104387466,0.059827441,0.039097232,78.0,39.0,19.0,15.0,7.0,48.30475046,9.0,4.0,0.231888958,0.007171823,63.34817748,8.137587974,0.165885235,0.00391,0.462150519,0.426799855,0.888950374,0.212589239,0.239007919,0.451597157,0.451597157,14.125,Nyheim Hines,IND,ADD,25,3916430,13,The Ralph Dudes,RB,"{'1': {'team': 'JAX', 'date': datetime.datetime(2020, 9, 13, 13, 0)}, '2': {'team': 'MIN', 'date': datetime.datetime(2020, 9, 20, 13, 0)}, '3': {'team': 'NYJ', 'date': datetime.datetime(2020, 9, 27, 16, 5)}, '4': {'team': 'CHI', 'date': datetime.datetime(2020, 10, 4, 16, 25)}, '5': {'team': 'CLE', 'date': datetime.datetime(2020, 10, 11, 16, 25)}, '6': {'team': 'CIN', 'date': datetime.datetime(2020, 10, 18, 13, 0)}, '8': {'team': 'DET', 'date': datetime.datetime(2020, 11, 1, 13, 0)}, '9': {'team': 'BAL', 'date': datetime.datetime(2020, 11, 8, 13, 0)}, '10': {'team': 'TEN', 'date': datetime.datetime(2020, 11, 12, 20, 20)}, '11': {'team': 'GB', 'date': datetime.datetime(2020, 11, 22, 16, 25)}, '12': {'team': 'TEN', 'date': datetime.datetime(2020, 11, 29, 13, 0)}, '13': {'team': 'HOU', 'date': datetime.datetime(2020, 12, 6, 13, 0)}, '14': {'team': 'LV', 'date': datetime.datetime(2020, 12, 13, 16, 5)}, '15': {'team': 'HOU', 'date': datetime.datetime(2020, 12, 20, 13, 0)}, '16': {'team': 'PIT', 'date': datetime.datetime(2020, 12, 27, 13, 0)}, '17': {'team': 'JAX', 'date': datetime.datetime(2021, 1, 3, 16, 25)}}","['RB', 'RB/WR', 'RB/WR/TE', 'OP', 'BE', 'IR']",RB,,,,,,,70.0,5.0,1.0,0.139503,0.2246832,479.6757,215.85636,47.0,19.0,21.0,8.0,,1.0,2.0,,,,,,,,,,,,,,,,,,,,,,,,,,,,,,,,,,,,,,,,,,,,,,,,,,,,1.0,1.0,,1.0,,,,,,,,,,,,,,,,,,,,,,,,,,,,,,,,,,,,,,,,,,,,,,,,,,,,,,,,300.0,26.0,5.0,,,,,,,,,,,,,,,,,,,,,,,,,,,,,,,,,,,,,,,,,,,,,,,,,,,,,,,,,,,,,,,,,,,,,1.0,,,,,,,,,,,,,,,,,,,,,,,,,,,,,,,,,,,,,,,2020,,,,,,,,,,,,,,,,,,,,,,,,,,,,,,,,,,,,,
121.0,7.56,84.39,5.27,,,,,,,,,,,,,,,,,,,,,,,,,,,,,,,,,,649.0,992.0,10.0,6.0,,,,16.0,,,,,,,,,,,,,,,,,,,,,,,,,,,,,,,,,,,,,,,,,,,16.0,Dolphins D/ST,MIA,ADD,2,-16015,13,The Ralph Dudes,D/ST,"{'1': {'team': 'NE', 'date': datetime.datetime(2020, 9, 13, 13, 0)}, '2': {'team': 'BUF', 'date': datetime.datetime(2020, 9, 20, 13, 0)}, '3': {'team': 'JAX', 'date': datetime.datetime(2020, 9, 24, 20, 20)}, '4': {'team': 'SEA', 'date': datetime.datetime(2020, 10, 4, 13, 0)}, '5': {'team': 'SF', 'date': datetime.datetime(2020, 10, 11, 16, 5)}, '6': {'team': 'NYJ', 'date': datetime.datetime(2020, 10, 18, 16, 5)}, '8': {'team': 'LAR', 'date': datetime.datetime(2020, 11, 1, 13, 0)}, '9': {'team': 'ARI', 'date': datetime.datetime(2020, 11, 8, 16, 25)}, '10': {'team': 'LAC', 'date': datetime.datetime(2020, 11, 15, 16, 5)}, '11': {'team': 'DEN', 'date': datetime.datetime(2020, 11, 22, 16, 5)}, '12': {'team': 'NYJ', 'date': datetime.datetime(2020, 11, 29, 13, 0)}, '13': {'team': 'CIN', 'date': datetime.datetime(2020, 12, 6, 13, 0)}, '14': {'team': 'KC', 'date': datetime.datetime(2020, 12, 13, 13, 0)}, '15': {'team': 'NE', 'date': datetime.datetime(2020, 12, 20, 13, 0)}, '16': {'team': 'LV', 'date': datetime.datetime(2020, 12, 26, 20, 15)}, '17': {'team': 'BUF', 'date': datetime.datetime(2021, 1, 3, 13, 0)}}","['D/ST', 'BE', 'IR']",D/ST,,,,,,,215.0,19.0,5.0,0.371920756,0.5040512,758.0385878,266.78158,75.0,30.0,26.0,10.0,,,,,,,,,,,,,,,,,,,,,,,,,,,,,,,,,,,,,,,,,,,,,,,,,,,,,,,,,343.0,,,16.0,,,,,,,,,,,,,,,,,,,,,,,,,,,,,,,,,,,10.0,1.0,1.0,3.0,2.0,2.0,18.0,1.0,,41.0,82.0,,1.0,,3.0,325.0,190.0,41.0,76.0,354.0,28.0,9.0,330.0,3.0,1.0,4.0,0.0,5886.0,0.0,1.0,4.0,2.0,1.0,4.0,3.0,1.0,0.0,1.0,1.0,3.0,2.0,3.0,1.0,4.0,0.0,0.107135719,0.479712173,1.966819908,2.174695183,0.042730245,2.080662444,12.07350527,9.404366631,0.947190821,0.455334693,36.87864701,73.75729402,1.11516041,0.965502034,2.999364645,14.46825635,886.6742232,295.0,177.0,66.62547326,369.0372596,2.318608835,3.853687787,3.16610034,1.710973416,0.22226664,23.06482873,5700.979025,0.375943608,3.359496076,3.383492476,3.791431285,2.807578863,1.519772034,0.591911213,0.170374444,356.3111891,-369.0372596,,,,,,,,,2.0,,1.0,1.0,,,,,,,,,,,,,,,,,,,,,,,,,,,,,,,,,,,2020,,,,,,,,,,,,,,,,,,,,,,,,,,,,,,,,,,,,,
102.0,6.8,140.51,10.04,,,,,,,,,,,,,,,,,56.0,50.8,5.0,147.0,70.0,32.0,25.0,9.0,3.0,93.0,193.0,13.60714286,,,,,,2.0,2.0,11.0,4.0,32.0,,,15.0,,,,,,,,,,,,,,,,,70.13096397,6.443242702,0.326558599,0.258003349,0.168605188,204.0,102.0,51.0,40.0,20.0,72.00086574,14.0,7.0,2.918255509,0.090255325,116.1894931,14.21474235,0.326558599,0.00322,,0.732272374,0.732272374,,0.41007253,0.41007253,0.41007253,14.59375,T.Y. Hilton,IND,ADD,41,14924,13,The Ralph Dudes,WR,"{'1': {'team': 'JAX', 'date': datetime.datetime(2020, 9, 13, 13, 0)}, '2': {'team': 'MIN', 'date': datetime.datetime(2020, 9, 20, 13, 0)}, '3': {'team': 'NYJ', 'date': datetime.datetime(2020, 9, 27, 16, 5)}, '4': {'team': 'CHI', 'date': datetime.datetime(2020, 10, 4, 16, 25)}, '5': {'team': 'CLE', 'date': datetime.datetime(2020, 10, 11, 16, 25)}, '6': {'team': 'CIN', 'date': datetime.datetime(2020, 10, 18, 13, 0)}, '8': {'team': 'DET', 'date': datetime.datetime(2020, 11, 1, 13, 0)}, '9': {'team': 'BAL', 'date': datetime.datetime(2020, 11, 8, 13, 0)}, '10': {'team': 'TEN', 'date': datetime.datetime(2020, 11, 12, 20, 20)}, '11': {'team': 'GB', 'date': datetime.datetime(2020, 11, 22, 16, 25)}, '12': {'team': 'TEN', 'date': datetime.datetime(2020, 11, 29, 13, 0)}, '13': {'team': 'HOU', 'date': datetime.datetime(2020, 12, 6, 13, 0)}, '14': {'team': 'LV', 'date': datetime.datetime(2020, 12, 13, 16, 5)}, '15': {'team': 'HOU', 'date': datetime.datetime(2020, 12, 20, 13, 0)}, '16': {'team': 'PIT', 'date': datetime.datetime(2020, 12, 27, 13, 0)}, '17': {'team': 'JAX', 'date': datetime.datetime(2021, 1, 3, 16, 25)}}","['RB/WR', 'WR', 'WR/TE', 'RB/WR/TE', 'OP', 'BE', 'IR']",WR,1.0,,1.0,1.0,,,,,,,,,,,,,,,3.0,1.0,,,,,,,,,,,,,,,,,,,,,,,,,,,,,,,,,,,,,,,,,,,,,,,,,,,1.0,1.0,,,,,,,,,,,,,,,,,,,,,,,,,,,,,,,,,,,,,,,,,,,,,,,,,,,,,,,,,,,,,,,,,,,,,,,,,,,,,,,,,,,,,,,,,,,,,,,,,,,,,,,,,,,,,,,,,,,,,,,,,,,,,,,,,,,,,,,,,,,,,,,,,,,,,,,,,,,,,,,,,,,,,,,,,2020,,,,,,,,,,,,,,,,,,,,,,,,,,,,,,,,,,,,,
166.0,10.38,156.22,10.41,1.0,0.0625,,,,,,,,,,,,,,1.0,115.0,87.9375,6.0,276.0,134.0,62.0,50.0,21.0,16.0,160.0,527.0,12.23478261,,3.0,,2.0,2.0,3.0,3.0,8.0,8.0,36.0,,2.0,16.0,3.80657173,1.519030702,0.127589296,0.004642551,4.0,2.0,1.0,,,,,0.006996298,0.004897408,0.001270899,4.34e-05,6.010762851,73.03743146,7.316802264,0.375842339,0.183754478,0.120083551,220.0,110.0,55.0,44.0,22.0,89.25668684,17.0,8.0,3.463777871,0.107,136.17967,12.32542177,0.38048489,0.00489,0.045485715,1.066551345,1.11203706,0.020923429,0.597268753,0.618192182,0.618192182,15.0625,DeAndre Hopkins,ARI,DRAFT,9,15795,14,Luke's Cool Guys,WR,"{'1': {'team': 'SF', 'date': datetime.datetime(2020, 9, 13, 16, 25)}, '2': {'team': 'WSH', 'date': datetime.datetime(2020, 9, 20, 16, 5)}, '3': {'team': 'DET', 'date': datetime.datetime(2020, 9, 27, 16, 25)}, '4': {'team': 'CAR', 'date': datetime.datetime(2020, 10, 4, 13, 0)}, '5': {'team': 'NYJ', 'date': datetime.datetime(2020, 10, 11, 13, 0)}, '6': {'team': 'DAL', 'date': datetime.datetime(2020, 10, 19, 20, 15)}, '7': {'team': 'SEA', 'date': datetime.datetime(2020, 10, 25, 20, 20)}, '9': {'team': 'MIA', 'date': datetime.datetime(2020, 11, 8, 16, 25)}, '10': {'team': 'BUF', 'date': datetime.datetime(2020, 11, 15, 16, 5)}, '11': {'team': 'SEA', 'date': datetime.datetime(2020, 11, 19, 20, 20)}, '12': {'team': 'NE', 'date': datetime.datetime(2020, 11, 29, 13, 0)}, '13': {'team': 'LAR', 'date': datetime.datetime(2020, 12, 6, 16, 5)}, '14': {'team': 'NYG', 'date': datetime.datetime(2020, 12, 13, 13, 0)}, '15': {'team': 'PHI', 'date': datetime.datetime(2020, 12, 20, 16, 5)}, '16': {'team': 'SF', 'date': datetime.datetime(2020, 12, 26, 16, 30)}, '17': {'team': 'LAR', 'date': datetime.datetime(2021, 1, 3, 16, 25)}}","['RB/WR', 'WR', 'WR/TE', 'RB/WR/TE', 'OP', 'BE', 'IR']",WR,1.0,,7.0,7.0,3.0,2.0,,,,,,,,,,,,3.0,2.0,1.0,,,,,,,,,,,,,,,,,,,,,,,,,,,,,,,,,,,,,,,,,,,,,,,,,,,,,,,,,,,,,,,,,,,,,,,,,,,,,,,,,,,,,,,,,,,,,,,,,,,,,,,,,,,,,,,,,,,,,,,,,,,,,,,,,,,,,,,,,,,,,,,,,,,,,,,,,,,,,,,,,,,,,,,,,,,,,,,,,,,,,,,,,,,,,,,,,,,,,,,,,,,,,,,,,,,,,,,,,,,,,2020,,,,,,,,,,,,,,,,,,,,,,,,,,,,,,,,,,,,,
156.0,9.75,138.32,9.22,1.0,-0.0625,,,,,,,,,,,,,,-1.0,102.0,78.125,6.0,243.0,120.0,56.0,42.0,17.0,15.0,151.0,337.0,12.25490196,,,,,,1.0,1.0,8.0,8.0,36.0,,1.0,16.0,1.786503211,0.70608634,0.042743244,0.00161,2.0,1.0,,,,,,0.00328,0.0023,0.000233,7.95e-06,5.953208164,69.23871886,5.542358008,0.245974249,0.134137524,0.087658872,208.0,104.0,52.0,41.0,20.0,85.11477168,17.0,8.0,3.05366193,0.094443152,139.1898253,12.25296364,0.247581592,0.00279,0.013,0.620267827,0.633286841,0.00599,0.347349983,0.35333873,0.35333873,15.0625,Allen Robinson II,CHI,DRAFT,10,16799,14,Luke's Cool Guys,WR,"{'1': {'team': 'DET', 'date': datetime.datetime(2020, 9, 13, 13, 0)}, '2': {'team': 'NYG', 'date': datetime.datetime(2020, 9, 20, 13, 0)}, '3': {'team': 'ATL', 'date': datetime.datetime(2020, 9, 27, 13, 0)}, '4': {'team': 'IND', 'date': datetime.datetime(2020, 10, 4, 16, 25)}, '5': {'team': 'TB', 'date': datetime.datetime(2020, 10, 8, 20, 20)}, '6': {'team': 'CAR', 'date': datetime.datetime(2020, 10, 18, 13, 0)}, '7': {'team': 'LAR', 'date': datetime.datetime(2020, 10, 26, 20, 15)}, '8': {'team': 'NO', 'date': datetime.datetime(2020, 11, 1, 16, 25)}, '9': {'team': 'TEN', 'date': datetime.datetime(2020, 11, 8, 13, 0)}, '10': {'team': 'MIN', 'date': datetime.datetime(2020, 11, 16, 20, 15)}, '12': {'team': 'GB', 'date': datetime.datetime(2020, 11, 29, 20, 20)}, '13': {'team': 'DET', 'date': datetime.datetime(2020, 12, 6, 13, 0)}, '14': {'team': 'HOU', 'date': datetime.datetime(2020, 12, 13, 13, 0)}, '15': {'team': 'MIN', 'date': datetime.datetime(2020, 12, 20, 13, 0)}, '16': {'team': 'JAX', 'date': datetime.datetime(2020, 12, 27, 13, 0)}, '17': {'team': 'GB', 'date': datetime.datetime(2021, 1, 3, 16, 25)}}","['RB/WR', 'WR', 'WR/TE', 'RB/WR/TE', 'OP', 'BE', 'IR']",WR,,,4.0,4.0,,,,,,,,,,,,,,3.0,3.0,1.0,,,,,,,,,,,,,,,,,,,,,,,,,,,,,,,,,,,,,,,,,,,,,,,,,,,,,1.0,,,,,,,,,,,,,,,,,,,,,,,,,,,,,,,,,,,,,,,,,,,,,,,,,,,,,,,,,,,,,,,,,,,,,,,,,,,,,,,,,,,,,,,,,,,,,,,,,,,,,,,,,,,,,,,,,,,,,,,,,,,,,,,,,,,,,,,,,,,,,,,,,,,,,,,,,,,,,,,,,,,,,,,,2020,,,,,,,,,,,,,,,,,,,,,,,,,,,,,,,,,,,,,
129.0,8.06,119.7,7.48,,,,,,,,,,,,,,,,,,,,,,,,,,,,,,,,,,744.0,1002.0,11.0,5.0,,,,16.0,,,,,,,,,,,,,,,,,,,,,,,,,,,,,,,,,,,,,,,,,,,16.0,Colts D/ST,IND,ADD,3,-16011,14,Luke's Cool Guys,D/ST,"{'1': {'team': 'JAX', 'date': datetime.datetime(2020, 9, 13, 13, 0)}, '2': {'team': 'MIN', 'date': datetime.datetime(2020, 9, 20, 13, 0)}, '3': {'team': 'NYJ', 'date': datetime.datetime(2020, 9, 27, 16, 5)}, '4': {'team': 'CHI', 'date': datetime.datetime(2020, 10, 4, 16, 25)}, '5': {'team': 'CLE', 'date': datetime.datetime(2020, 10, 11, 16, 25)}, '6': {'team': 'CIN', 'date': datetime.datetime(2020, 10, 18, 13, 0)}, '8': {'team': 'DET', 'date': datetime.datetime(2020, 11, 1, 13, 0)}, '9': {'team': 'BAL', 'date': datetime.datetime(2020, 11, 8, 13, 0)}, '10': {'team': 'TEN', 'date': datetime.datetime(2020, 11, 12, 20, 20)}, '11': {'team': 'GB', 'date': datetime.datetime(2020, 11, 22, 16, 25)}, '12': {'team': 'TEN', 'date': datetime.datetime(2020, 11, 29, 13, 0)}, '13': {'team': 'HOU', 'date': datetime.datetime(2020, 12, 6, 13, 0)}, '14': {'team': 'LV', 'date': datetime.datetime(2020, 12, 13, 16, 5)}, '15': {'team': 'HOU', 'date': datetime.datetime(2020, 12, 20, 13, 0)}, '16': {'team': 'PIT', 'date': datetime.datetime(2020, 12, 27, 13, 0)}, '17': {'team': 'JAX', 'date': datetime.datetime(2021, 1, 3, 16, 25)}}","['D/ST', 'BE', 'IR']",D/ST,,,,,,,1111.0,103.0,37.0,0.19929,0.249648,685.251,239.8404,68.0,27.0,23.0,9.0,,,,,,,,,,,,,,,,,,,,,,,,,,,,,,,,,,,,,,,,,,,,,,,,,,,,,,,,,258.0,,,14.0,,,,,,,,,,,,,,,,,,,,,,,,,,,,,,,,,,,10.0,0.0,0.0,3.0,2.0,4.0,15.0,1.0,3.0,40.0,80.0,1.0,,4.0,6.0,328.0,194.0,44.0,77.0,312.0,27.0,5.0,348.0,4.0,4.0,2.0,1.0,5314.0,0.0,1.0,6.0,1.0,5.0,3.0,0.0,0.0,0.0,0.0,0.0,3.0,2.0,4.0,4.0,2.0,1.0,0.265919103,1.20144173,3.988786544,3.331998398,0.040442869,2.064644662,11.29991404,9.815631083,0.924341264,0.339154409,41.72172075,83.44344151,1.106759912,0.95788475,2.554025531,15.1009709,987.4087271,329.0,197.0,48.99593761,322.7365881,2.322787345,2.851421706,1.585903084,0.4164998,0.035242291,20.17103676,5415.73129,0.737548853,5.772121455,4.232889067,3.318969837,1.491131376,0.320673414,0.112235695,0.014430304,338.4832056,-322.7365881,,,,,,,,,,,,,1.0,,,,,,,,,,,,,,,,,,,,,,,,,,,,,,,,,,2020,,,,,,,,,,,,,,,,,,,,,,,,,,,,,,,,,,,,,
321.0,21.4,157.84,14.35,55.0,15.6,5.0,42.0,18.0,6.0,3.0,1.0,,4.0,,,,,,4.25454545,,,,,,,,,,,,,4.0,8.0,,1.0,11.0,3.0,3.0,6.0,9.0,30.0,5.0,,15.0,33.68744084,11.64469589,1.203854905,0.038719407,27.0,13.0,6.0,5.0,2.0,6.0,3.0,0.063501773,0.044451241,0.0713,0.00243,4.027041049,,,,,,,,,,,,,,,,,,0.710184844,0.0241,0.44086776,,5.470264756,0.20279917,,2.616909728,12.25537664,11.65,Justin Herbert,LAC,ADD,10,4038941,14,Luke's Cool Guys,QB,"{'1': {'team': 'CIN', 'date': datetime.datetime(2020, 9, 13, 16, 5)}, '2': {'team': 'KC', 'date': datetime.datetime(2020, 9, 20, 16, 25)}, '3': {'team': 'CAR', 'date': datetime.datetime(2020, 9, 27, 16, 5)}, '4': {'team': 'TB', 'date': datetime.datetime(2020, 10, 4, 13, 0)}, '5': {'team': 'NO', 'date': datetime.datetime(2020, 10, 12, 20, 15)}, '7': {'team': 'JAX', 'date': datetime.datetime(2020, 10, 25, 16, 25)}, '8': {'team': 'DEN', 'date': datetime.datetime(2020, 11, 1, 16, 5)}, '9': {'team': 'LV', 'date': datetime.datetime(2020, 11, 8, 16, 5)}, '10': {'team': 'MIA', 'date': datetime.datetime(2020, 11, 15, 16, 5)}, '11': {'team': 'NYJ', 'date': datetime.datetime(2020, 11, 22, 16, 5)}, '12': {'team': 'BUF', 'date': datetime.datetime(2020, 11, 29, 13, 0)}, '13': {'team': 'NE', 'date': datetime.datetime(2020, 12, 6, 16, 25)}, '14': {'team': 'ATL', 'date': datetime.datetime(2020, 12, 13, 16, 25)}, '15': {'team': 'LV', 'date': datetime.datetime(2020, 12, 17, 20, 20)}, '16': {'team': 'DEN', 'date': datetime.datetime(2020, 12, 27, 16, 5)}, '17': {'team': 'KC', 'date': datetime.datetime(2021, 1, 3, 16, 25)}}","['Rookie', 'QB', 'OP', 'BE', 'IR']",QB,,,,,,,,,,,,,,,,,,,,,595.0,396.0,199.0,289.06666667,31.0,861.0,427.0,210.0,167.0,80.0,37.0,75.0,34.0,33.0,14.0,5.0,4.0,8.0,2.0,10.0,0.66554622,32.0,4.0,11.0,9.0,5.0,1.0,355.5230707,224.2196658,131.3034049,224.6228099,14.14124564,523.0,261.0,130.0,104.0,52.0,26.0,44.0,22.0,2.065608257,1.349874996,1.987715406,0.268488233,0.671465437,9.638466908,0.630675431,28.7815416,5.029396996,2.414110558,,,,,,,,,,,,,,,,,,,,,,,,,,,,,,,,,,,,,,,,,,,,,,,,,,,,,,,,,,,,,,,,,,,,,,,,,,,,,,,,,,,,,,,,,,,,,,,,,,,,,,,,,,,,,,,,,,,,,,,,,,,,,,,1.0,,,,,,,,,,,,,,,,,,,,,,,,,,,,,,,,,,,,,,,,,,,,2020,,,,,,,,,,,,,,,,,,,,,,,,,,,,,,,,,,,,,
71.0,8.88,141.59,9.44,2.0,2.125,,2.0,,,,,,,,,,,,8.5,48.0,79.25,2.0,122.0,59.0,28.0,21.0,8.0,6.0,63.0,296.0,13.20833333,,,,,,,,3.0,5.0,12.0,,,8.0,4.657960236,1.107881767,0.514411741,0.018305427,3.0,1.0,,,,,,0.008565305,0.005995713,0.000642279,2.19e-05,3.58257011,66.2879201,6.411786344,0.398094715,0.270903072,0.177035158,199.0,99.0,49.0,39.0,19.0,80.31914627,16.0,8.0,2.74867623,0.085010605,111.9037323,12.4311804,0.416400142,0.00324,0.040398779,0.696612946,0.737011725,0.018583438,0.39010325,0.408686688,0.408686688,15.0625,George Kittle,SF,ADD,19,3040151,14,Luke's Cool Guys,TE,"{'1': {'team': 'ARI', 'date': datetime.datetime(2020, 9, 13, 16, 25)}, '2': {'team': 'NYJ', 'date': datetime.datetime(2020, 9, 20, 13, 0)}, '3': {'team': 'NYG', 'date': datetime.datetime(2020, 9, 27, 13, 0)}, '4': {'team': 'PHI', 'date': datetime.datetime(2020, 10, 4, 20, 20)}, '5': {'team': 'MIA', 'date': datetime.datetime(2020, 10, 11, 16, 5)}, '6': {'team': 'LAR', 'date': datetime.datetime(2020, 10, 18, 20, 20)}, '7': {'team': 'NE', 'date': datetime.datetime(2020, 10, 25, 16, 25)}, '8': {'team': 'SEA', 'date': datetime.datetime(2020, 11, 1, 16, 25)}, '9': {'team': 'GB', 'date': datetime.datetime(2020, 11, 5, 20, 20)}, '10': {'team': 'NO', 'date': datetime.datetime(2020, 11, 15, 16, 25)}, '12': {'team': 'LAR', 'date': datetime.datetime(2020, 11, 29, 16, 5)}, '13': {'team': 'BUF', 'date': datetime.datetime(2020, 12, 7, 20, 15)}, '14': {'team': 'WSH', 'date': datetime.datetime(2020, 12, 13, 16, 25)}, '15': {'team': 'DAL', 'date': datetime.datetime(2020, 12, 20, 13, 0)}, '16': {'team': 'ARI', 'date': datetime.datetime(2020, 12, 26, 16, 30)}, '17': {'team': 'SEA', 'date': datetime.datetime(2021, 1, 3, 16, 25)}}","['WR/TE', 'TE', 'RB/WR/TE', 'OP', 'BE', 'IR']",TE,1.0,,2.0,2.0,,,,,,,,,,,,,,1.0,1.0,,,,,,,,,,,,,,,,,,,,,,,,,,,,,,,,,,,,,,,,,,,,,,,,,,,,,,,,,,,,,,,,,,,,,,,,,,,,,,,,,,,,,,,,,,,,,,,,,,,,,,,,,,,,,,,,,,,,,,,,,,,,,,,,,,,,,,,,,,,,,,,,,,,,,,,,,,,,,,,,,,,,,,,,,,,,,,,,,,,,,,,,,,,,,,,,,,,,,,,,,,,,,,,,,,,,,,,,,,,,,,2020,,,,,,,,,,,,,,,,,,,,,,,,,,,,,,,,,,,,,
145.0,9.06,125.51,7.84,,,,,,,,,,,,,,,,,,,,,,,,,,,,,,,,,,,,11.0,5.0,139.0,,,16.0,,,,,,,,,,,,,,,,,,,,,,,,,,,,,,,,,,,,,,,,,,,16.0,Rodrigo Blankenship,IND,ADD,5,3915165,14,Luke's Cool Guys,K,"{'1': {'team': 'JAX', 'date': datetime.datetime(2020, 9, 13, 13, 0)}, '2': {'team': 'MIN', 'date': datetime.datetime(2020, 9, 20, 13, 0)}, '3': {'team': 'NYJ', 'date': datetime.datetime(2020, 9, 27, 16, 5)}, '4': {'team': 'CHI', 'date': datetime.datetime(2020, 10, 4, 16, 25)}, '5': {'team': 'CLE', 'date': datetime.datetime(2020, 10, 11, 16, 25)}, '6': {'team': 'CIN', 'date': datetime.datetime(2020, 10, 18, 13, 0)}, '8': {'team': 'DET', 'date': datetime.datetime(2020, 11, 1, 13, 0)}, '9': {'team': 'BAL', 'date': datetime.datetime(2020, 11, 8, 13, 0)}, '10': {'team': 'TEN', 'date': datetime.datetime(2020, 11, 12, 20, 20)}, '11': {'team': 'GB', 'date': datetime.datetime(2020, 11, 22, 16, 25)}, '12': {'team': 'TEN', 'date': datetime.datetime(2020, 11, 29, 13, 0)}, '13': {'team': 'HOU', 'date': datetime.datetime(2020, 12, 6, 13, 0)}, '14': {'team': 'LV', 'date': datetime.datetime(2020, 12, 13, 16, 5)}, '15': {'team': 'HOU', 'date': datetime.datetime(2020, 12, 20, 13, 0)}, '16': {'team': 'PIT', 'date': datetime.datetime(2020, 12, 27, 13, 0)}, '17': {'team': 'JAX', 'date': datetime.datetime(2021, 1, 3, 16, 25)}}","['Rookie', 'K', 'BE', 'IR']",K,,,,,,,,,,,,,,,,,,,,,,,,,,,,,,,,,,,,,,,,,,,,,,,,,,,,,,,,,,,,,,,,,,,,,,,,,,,,,,1.0,3.0,9.0,11.0,2.0,22.0,23.0,1.0,32.0,37.0,5.0,43.0,45.0,2.0,1.0,3.0,3.091125917,4.917476801,1.826350884,7.601638123,10.18849769,2.586859562,15.83176835,17.03439676,1.202628411,26.52453239,32.14037125,5.615838857,37.76939588,40.62972878,2.860332906,3.091125917,4.917476801,1.826350884,,,,,,,,,,,,,,,,,,,,,,,,,,,,,,,,,,,,,,,,,,,,,,,,,,,,,,,,,,,,,,,,,,,,,,,,,,,,,,,,,,,,,,,2.0,2.0,,,,,,,,,,,,,,,,,,,,,,,,,,,,,,,,,,,,,,,,,,2020,,,,,,,,,,,,,,,,,,,,,,,,,,,,,,,,,,,,,
133.0,10.23,122.7,8.76,114.0,40.07692308,8.0,99.0,47.0,22.0,15.0,6.0,1.0,18.0,6.0,,,1.0,,4.57017544,46.0,27.46153846,2.0,68.0,30.0,12.0,8.0,2.0,2.0,57.0,351.0,7.76086957,2.0,3.0,2.0,2.0,2.0,,,4.0,9.0,60.0,8.0,,13.0,148.3510546,43.94524582,3.878253174,0.178642916,124.0,62.0,31.0,24.0,12.0,29.0,14.0,0.296459083,0.207521358,1.105073045,0.0377,4.18417381,21.76327782,1.429142166,0.067445692,0.06717185,0.043896804,61.0,30.0,15.0,12.0,6.0,37.71450977,7.0,3.0,0.138006454,0.004268241,48.18750067,8.150876177,0.246088608,0.00771,1.397902701,0.355381465,1.753284166,0.643035243,0.19901362,0.842048863,0.842048863,14.125,D'Andre Swift,DET,ADD,21,4259545,14,Luke's Cool Guys,RB,"{'1': {'team': 'CHI', 'date': datetime.datetime(2020, 9, 13, 13, 0)}, '2': {'team': 'GB', 'date': datetime.datetime(2020, 9, 20, 13, 0)}, '3': {'team': 'ARI', 'date': datetime.datetime(2020, 9, 27, 16, 25)}, '4': {'team': 'NO', 'date': datetime.datetime(2020, 10, 4, 13, 0)}, '6': {'team': 'JAX', 'date': datetime.datetime(2020, 10, 18, 13, 0)}, '7': {'team': 'ATL', 'date': datetime.datetime(2020, 10, 25, 13, 0)}, '8': {'team': 'IND', 'date': datetime.datetime(2020, 11, 1, 13, 0)}, '9': {'team': 'MIN', 'date': datetime.datetime(2020, 11, 8, 13, 0)}, '10': {'team': 'WSH', 'date': datetime.datetime(2020, 11, 15, 13, 0)}, '11': {'team': 'CAR', 'date': datetime.datetime(2020, 11, 22, 13, 0)}, '12': {'team': 'HOU', 'date': datetime.datetime(2020, 11, 26, 12, 30)}, '13': {'team': 'CHI', 'date': datetime.datetime(2020, 12, 6, 13, 0)}, '14': {'team': 'GB', 'date': datetime.datetime(2020, 12, 13, 16, 25)}, '15': {'team': 'TEN', 'date': datetime.datetime(2020, 12, 20, 13, 0)}, '16': {'team': 'TB', 'date': datetime.datetime(2020, 12, 26, 13, 0)}, '17': {'team': 'MIN', 'date': datetime.datetime(2021, 1, 3, 13, 0)}}","['Rookie', 'RB', 'RB/WR', 'RB/WR/TE', 'OP', 'BE', 'IR']",RB,,,,,1.0,,,,,,,,,,,,,,1.0,,,,,,,,,,,,,,,,,,,,,,,,,,,,,,,,,,,,,,,,,,,,,,,,,,,,,,1.0,,,,,,,,,,,,,,,,,,,,,,,,,,,,,,,,,,,,,,,,,,,,,,,,,,,,,,,,,,,,,,,,,,,,,,,,,,,,,,,,,,,,,,,,,,,,,,,,,,,,,,,,,,,,,,,,,,,,,,,,,,,,,,,,,,,,,,,,,,,,,,,,,,,,,,,,,,,,,,,,,,,,,,,,2020,,,,,,,,,,,,,,,,,,,,,,,,,,,,,,,,,,,,,
115.0,11.5,14.75,1.05,142.0,58.4,3.0,115.0,55.0,26.0,17.0,5.0,,24.0,9.0,,,,,4.11267606,41.0,38.8,2.0,74.0,34.0,14.0,12.0,3.0,4.0,47.0,397.0,9.46341463,2.0,2.0,2.0,2.0,2.0,,,6.0,4.0,30.0,3.0,,10.0,13.86337332,4.095691086,0.347939001,0.015678813,11.0,5.0,2.0,2.0,1.0,2.0,1.0,0.025628633,0.017940043,0.008789504,0.0003,4.17298411,4.784832297,0.298911831,0.014487413,0.050065873,0.032718048,13.0,6.0,3.0,2.0,1.0,8.831619331,1.0,,0.031883822,0.000986,11.40580402,7.652702598,0.030166226,0.000863,0.119865049,0.076359661,0.196224709,0.055137922,0.04276141,0.097899332,0.097899332,14.125,Myles Gaskin,MIA,ADD,29,3886818,14,Luke's Cool Guys,RB,"{'1': {'team': 'NE', 'date': datetime.datetime(2020, 9, 13, 13, 0)}, '2': {'team': 'BUF', 'date': datetime.datetime(2020, 9, 20, 13, 0)}, '3': {'team': 'JAX', 'date': datetime.datetime(2020, 9, 24, 20, 20)}, '4': {'team': 'SEA', 'date': datetime.datetime(2020, 10, 4, 13, 0)}, '5': {'team': 'SF', 'date': datetime.datetime(2020, 10, 11, 16, 5)}, '6': {'team': 'NYJ', 'date': datetime.datetime(2020, 10, 18, 16, 5)}, '8': {'team': 'LAR', 'date': datetime.datetime(2020, 11, 1, 13, 0)}, '9': {'team': 'ARI', 'date': datetime.datetime(2020, 11, 8, 16, 25)}, '10': {'team': 'LAC', 'date': datetime.datetime(2020, 11, 15, 16, 5)}, '11': {'team': 'DEN', 'date': datetime.datetime(2020, 11, 22, 16, 5)}, '12': {'team': 'NYJ', 'date': datetime.datetime(2020, 11, 29, 13, 0)}, '13': {'team': 'CIN', 'date': datetime.datetime(2020, 12, 6, 13, 0)}, '14': {'team': 'KC', 'date': datetime.datetime(2020, 12, 13, 13, 0)}, '15': {'team': 'NE', 'date': datetime.datetime(2020, 12, 20, 13, 0)}, '16': {'team': 'LV', 'date': datetime.datetime(2020, 12, 26, 20, 15)}, '17': {'team': 'BUF', 'date': datetime.datetime(2021, 1, 3, 13, 0)}}","['RB', 'RB/WR', 'RB/WR/TE', 'OP', 'BE', 'IR']",RB,1.0,1.0,,,,,,,,,,,,,,,,,,,,,,,,,,,,,,,,,,,,,,,,,,,,,,,,,,,,,,,,,,,,,,,,,,,,,,,1.0,,,,,,,,,,,,,,,,,,,,,,,,,,,,,,,,,,,,,,,,,,,,,,,,,,,,,,,,,,,,,,,,,,,,,,,,,,,,,,,,,,,,,,,,,,,,,,,,,,,,,,,,,,,,,,,,,,,,,,,,,,,,,,,,,,,,,,,,,,,,,,,,,,,,,,,,,,,,,,,,,,,,,,,,2020,,,,,,,,,,,,,,,,,,,,,,,,,,,,,,,,,,,,,
302.0,18.88,227.74,16.27,378.0,126.6875,17.0,399.0,195.0,92.0,74.0,34.0,13.0,69.0,30.0,2.0,2.0,7.0,3.0,5.36243386,19.0,7.125,,21.0,7.0,2.0,2.0,1.0,,31.0,131.0,6.0,3.0,3.0,2.0,2.0,2.0,,,11.0,5.0,104.0,11.0,,16.0,298.8508471,95.80054038,11.44625153,0.243,270.0,135.0,67.0,54.0,27.0,59.0,29.0,0.643,0.45,5.04,0.172,4.527953145,14.70331703,1.033504613,0.038346531,0.079040996,0.051653291,41.0,20.0,10.0,8.0,4.0,25.01225804,5.0,2.0,0.077752213,0.0024,31.35980618,8.303302833,0.281814751,0.0131,2.743159874,0.229588182,2.972748056,1.26,0.128569382,1.390422924,1.390422924,14.125,Derrick Henry,TEN,DRAFT,3,3043078,15,Mendes Army,RB,"{'1': {'team': 'DEN', 'date': datetime.datetime(2020, 9, 14, 22, 10)}, '2': {'team': 'JAX', 'date': datetime.datetime(2020, 9, 20, 13, 0)}, '3': {'team': 'MIN', 'date': datetime.datetime(2020, 9, 27, 13, 0)}, '5': {'team': 'BUF', 'date': datetime.datetime(2020, 10, 13, 19, 0)}, '6': {'team': 'HOU', 'date': datetime.datetime(2020, 10, 18, 13, 0)}, '7': {'team': 'PIT', 'date': datetime.datetime(2020, 10, 25, 13, 0)}, '8': {'team': 'CIN', 'date': datetime.datetime(2020, 11, 1, 13, 0)}, '9': {'team': 'CHI', 'date': datetime.datetime(2020, 11, 8, 13, 0)}, '10': {'team': 'IND', 'date': datetime.datetime(2020, 11, 12, 20, 20)}, '11': {'team': 'BAL', 'date': datetime.datetime(2020, 11, 22, 13, 0)}, '12': {'team': 'IND', 'date': datetime.datetime(2020, 11, 29, 13, 0)}, '13': {'team': 'CLE', 'date': datetime.datetime(2020, 12, 6, 13, 0)}, '14': {'team': 'JAX', 'date': datetime.datetime(2020, 12, 13, 13, 0)}, '15': {'team': 'DET', 'date': datetime.datetime(2020, 12, 20, 13, 0)}, '16': {'team': 'GB', 'date': datetime.datetime(2020, 12, 27, 20, 20)}, '17': {'team': 'HOU', 'date': datetime.datetime(2021, 1, 3, 16, 25)}}","['RB', 'RB/WR', 'RB/WR/TE', 'OP', 'BE', 'IR']",RB,,,,,,,,,,,,,,,,,,,,,,,,,,,,,,,,,,,,,,,,,,,,,,,,,,,,,,,,,,,,,,,,,,,,,,,,1.0,,,2.0,1.0,,,,,,,,,,,,,,,,,,,,,,,,,,,,,,,,,,,,,,,,,,,,,,,,,,,,,,,,,,,,,,,,,,,,,,,,,,,,,,,,,,,,,,,,,,,,,,,,,,,,,,,,,,,,,,,,,,,,,,,,1.0,,,,,,1.0,,,,,,,,,,,,,,,,,,,,,,,,,,,,,,,,,,,,,,,2020,,,,,,,,,,,,,,,,,,,,,,,,,,,,,,,,,,,,,
200.0,14.29,194.32,13.88,201.0,78.85714286,9.0,216.0,104.0,49.0,35.0,14.0,3.0,38.0,15.0,2.0,2.0,3.0,,5.49253731,47.0,25.35714286,2.0,66.0,30.0,12.0,7.0,1.0,3.0,63.0,367.0,7.55319149,1.0,2.0,,,,,,12.0,2.0,66.0,6.0,,14.0,204.6651934,64.13542184,9.430178556,0.333,181.0,90.0,45.0,36.0,18.0,40.0,20.0,0.42,0.294,2.26,0.0771,4.426316064,26.03134238,2.127652343,0.110891722,0.063727738,0.041646077,73.0,36.0,18.0,14.0,7.0,44.66379112,8.0,4.0,0.198632756,0.006143281,58.38689117,8.232456358,0.44369801,0.00907,1.692412602,0.369332771,2.061745372,0.779,0.206826352,0.985336148,0.985336148,14.125,Aaron Jones,GB,DRAFT,5,3042519,15,Mendes Army,RB,"{'1': {'team': 'MIN', 'date': datetime.datetime(2020, 9, 13, 13, 0)}, '2': {'team': 'DET', 'date': datetime.datetime(2020, 9, 20, 13, 0)}, '3': {'team': 'NO', 'date': datetime.datetime(2020, 9, 27, 20, 20)}, '4': {'team': 'ATL', 'date': datetime.datetime(2020, 10, 5, 21, 0)}, '6': {'team': 'TB', 'date': datetime.datetime(2020, 10, 18, 16, 25)}, '7': {'team': 'HOU', 'date': datetime.datetime(2020, 10, 25, 13, 0)}, '8': {'team': 'MIN', 'date': datetime.datetime(2020, 11, 1, 13, 0)}, '9': {'team': 'SF', 'date': datetime.datetime(2020, 11, 5, 20, 20)}, '10': {'team': 'JAX', 'date': datetime.datetime(2020, 11, 15, 13, 0)}, '11': {'team': 'IND', 'date': datetime.datetime(2020, 11, 22, 16, 25)}, '12': {'team': 'CHI', 'date': datetime.datetime(2020, 11, 29, 20, 20)}, '13': {'team': 'PHI', 'date': datetime.datetime(2020, 12, 6, 16, 25)}, '14': {'team': 'DET', 'date': datetime.datetime(2020, 12, 13, 16, 25)}, '15': {'team': 'CAR', 'date': datetime.datetime(2020, 12, 19, 20, 15)}, '16': {'team': 'TEN', 'date': datetime.datetime(2020, 12, 27, 20, 20)}, '17': {'team': 'CHI', 'date': datetime.datetime(2021, 1, 3, 16, 25)}}","['RB', 'RB/WR', 'RB/WR/TE', 'OP', 'BE', 'IR']",RB,,,,,1.0,,,,,,,,,,,,,,2.0,,,,,,,,,,,,,,,,,,,,,,,,,,,,,,,,,,,,,,,,,,,,,,,,,,,,,,,,1.0,,,,,,,,,,,,,,,,,,,,,,,,,,,,,,,,,,,,,,,,,,,,,,,,,,,,,,,,,,,,,,,,,,,,,,,,,,,,,,,,,,,,,,,,,,,,,,,,,,,,,,,,,,,,,,,,,,,,,,,,,,,,,,,,,,,,,,,,,,,,,,,,,,,,,,,,,,,,,,,,,,,,,,2020,,,,,,,,,,,,,,,,,,,,,,,,,,,,,,,,,,,,,
36.0,3.27,116.57,7.77,,,,,,,,,,,,,,,,,36.0,30.45454545,1.0,62.0,28.0,11.0,8.0,2.0,2.0,72.0,101.0,9.30555556,,,,,,4.0,4.0,2.0,8.0,8.0,,,11.0,,,,,,,,,,,,,,,,,52.3441139,6.387111278,0.537440941,0.102491796,0.066978389,157.0,78.0,39.0,31.0,15.0,74.54873533,14.0,7.0,1.48424804,0.0459,112.0904425,10.57607768,0.537440941,0.00333,,0.75690502,0.75690502,,0.423866811,0.423866811,0.423866811,15.0625,Zach Ertz,PHI,DRAFT,34,15835,15,Mendes Army,TE,"{'1': {'team': 'WSH', 'date': datetime.datetime(2020, 9, 13, 13, 0)}, '2': {'team': 'LAR', 'date': datetime.datetime(2020, 9, 20, 13, 0)}, '3': {'team': 'CIN', 'date': datetime.datetime(2020, 9, 27, 13, 0)}, '4': {'team': 'SF', 'date': datetime.datetime(2020, 10, 4, 20, 20)}, '5': {'team': 'PIT', 'date': datetime.datetime(2020, 10, 11, 13, 0)}, '6': {'team': 'BAL', 'date': datetime.datetime(2020, 10, 18, 13, 0)}, '7': {'team': 'NYG', 'date': datetime.datetime(2020, 10, 22, 20, 20)}, '8': {'team': 'DAL', 'date': datetime.datetime(2020, 11, 1, 20, 20)}, '10': {'team': 'NYG', 'date': datetime.datetime(2020, 11, 15, 13, 0)}, '11': {'team': 'CLE', 'date': datetime.datetime(2020, 11, 22, 13, 0)}, '12': {'team': 'SEA', 'date': datetime.datetime(2020, 11, 30, 20, 15)}, '13': {'team': 'GB', 'date': datetime.datetime(2020, 12, 6, 16, 25)}, '14': {'team': 'NO', 'date': datetime.datetime(2020, 12, 13, 16, 25)}, '15': {'team': 'ARI', 'date': datetime.datetime(2020, 12, 20, 16, 5)}, '16': {'team': 'DAL', 'date': datetime.datetime(2020, 12, 27, 16, 25)}, '17': {'team': 'WSH', 'date': datetime.datetime(2021, 1, 3, 20, 20)}}","['WR/TE', 'TE', 'RB/WR/TE', 'OP', 'BE', 'IR']",TE,,,,,,,,,,,,,,,,,,,1.0,,,,,,,,,,,,,,,,,,,,,,,,,,,,,,,,,,,,,,,,,,,,,,,,,,,,1.0,1.0,,,,,,,,,,,,,,,,,,,,,,,,,,,,,,,,,,,,,,,,,,,,,,,,,,,,,,,,,,,,,,,,,,,,,,,,,,,,,,,,,,,,,,,,,,,,,,,,,,,,,,,,,,,,,,,,,,,,,,,,,,,,,,,,,,,,,,,,,,,,,,,,,,,,,,,,,,,,,,,,,,,,,,,,,2020,,,,,,,,,,,,,,,,,,,,,,,,,,,,,,,,,,,,,
344.0,21.5,292.97,19.53,83.0,32.0625,2.0,96.0,44.0,20.0,14.0,4.0,,12.0,1.0,,,,,6.18072289,,,,,,,,,,,,,4.0,7.0,2.0,4.0,17.0,1.0,1.0,12.0,4.0,12.0,2.0,,16.0,73.49344751,26.08190244,2.000765751,0.056421458,79.0,39.0,19.0,15.0,7.0,14.0,7.0,0.140506358,0.098354451,0.430843823,0.014703047,5.412033667,,,,,,,,,,,,,,,,,,0.993218907,0.0352,1.009547736,,8.010265947,0.464391959,,3.8247367,12.42226532,15.25,Russell Wilson,SEA,DRAFT,5,14881,15,Mendes Army,QB,"{'1': {'team': 'ATL', 'date': datetime.datetime(2020, 9, 13, 13, 0)}, '2': {'team': 'NE', 'date': datetime.datetime(2020, 9, 20, 20, 20)}, '3': {'team': 'DAL', 'date': datetime.datetime(2020, 9, 27, 16, 25)}, '4': {'team': 'MIA', 'date': datetime.datetime(2020, 10, 4, 13, 0)}, '5': {'team': 'MIN', 'date': datetime.datetime(2020, 10, 11, 20, 20)}, '7': {'team': 'ARI', 'date': datetime.datetime(2020, 10, 25, 20, 20)}, '8': {'team': 'SF', 'date': datetime.datetime(2020, 11, 1, 16, 25)}, '9': {'team': 'BUF', 'date': datetime.datetime(2020, 11, 8, 13, 0)}, '10': {'team': 'LAR', 'date': datetime.datetime(2020, 11, 15, 16, 25)}, '11': {'team': 'ARI', 'date': datetime.datetime(2020, 11, 19, 20, 20)}, '12': {'team': 'PHI', 'date': datetime.datetime(2020, 11, 30, 20, 15)}, '13': {'team': 'NYG', 'date': datetime.datetime(2020, 12, 6, 16, 5)}, '14': {'team': 'NYJ', 'date': datetime.datetime(2020, 12, 13, 16, 5)}, '15': {'team': 'WSH', 'date': datetime.datetime(2020, 12, 20, 13, 0)}, '16': {'team': 'LAR', 'date': datetime.datetime(2020, 12, 27, 16, 25)}, '17': {'team': 'SF', 'date': datetime.datetime(2021, 1, 3, 16, 25)}}","['QB', 'OP', 'BE', 'IR']",QB,,,,,,,,,,,,,,,,,,,,,558.0,384.0,174.0,263.25,40.0,838.0,415.0,205.0,160.0,76.0,34.0,71.0,33.0,29.0,10.0,5.0,2.0,5.0,1.0,13.0,0.68817204,47.0,2.0,19.0,10.0,4.0,2.0,468.7314554,297.6729791,171.0584763,241.8242202,29.40266934,737.0,368.0,184.0,147.0,73.0,36.0,59.0,29.0,2.90175439,1.896296494,2.666035146,0.360111444,0.936797449,8.597528622,0.635060813,40.90954304,7.00071821,3.360344741,,,,,,,,,,,,,,,,,,,,,,,,,,,,,,,,,,,,,,,,,,,,,,,,,,,,,,,,,,,,,,,,,,,,,,,,,,,,,,,,,,,,,,,,,,,,,,,,,,,,,,,,,,,,,,,,,,,,,,,,,,,,,,,2.0,,,,,,,,,,,,,,,,,,,,,,,,,,,,,,,,,,,,,,,,,,,,2020,,,,,,,,,,,,,,,,,,,,,,,,,,,,,,,,,,,,,
182.0,11.38,136.98,9.13,,,,,,,,,,,,,,,,,83.0,81.4375,10.0,255.0,124.0,59.0,44.0,18.0,10.0,129.0,384.0,15.69879518,,1.0,,1.0,1.0,3.0,3.0,12.0,4.0,60.0,,1.0,16.0,2.22346342,0.753670734,0.059953514,0.001689663,2.0,1.0,,,,,,0.004082873,0.002858011,0.00027013,9.22e-06,5.105622752,60.48744069,7.55920443,0.240385923,0.263815827,0.172403643,182.0,91.0,45.0,36.0,18.0,63.12773895,12.0,6.0,2.17695241,0.0673,102.8824826,14.43251557,0.242075586,0.00492,0.038023861,1.079559186,1.117583047,0.017490976,0.604553144,0.62204412,0.62204412,15.0625,DK Metcalf,SEA,DRAFT,5,4047650,15,Mendes Army,WR,"{'1': {'team': 'ATL', 'date': datetime.datetime(2020, 9, 13, 13, 0)}, '2': {'team': 'NE', 'date': datetime.datetime(2020, 9, 20, 20, 20)}, '3': {'team': 'DAL', 'date': datetime.datetime(2020, 9, 27, 16, 25)}, '4': {'team': 'MIA', 'date': datetime.datetime(2020, 10, 4, 13, 0)}, '5': {'team': 'MIN', 'date': datetime.datetime(2020, 10, 11, 20, 20)}, '7': {'team': 'ARI', 'date': datetime.datetime(2020, 10, 25, 20, 20)}, '8': {'team': 'SF', 'date': datetime.datetime(2020, 11, 1, 16, 25)}, '9': {'team': 'BUF', 'date': datetime.datetime(2020, 11, 8, 13, 0)}, '10': {'team': 'LAR', 'date': datetime.datetime(2020, 11, 15, 16, 25)}, '11': {'team': 'ARI', 'date': datetime.datetime(2020, 11, 19, 20, 20)}, '12': {'team': 'PHI', 'date': datetime.datetime(2020, 11, 30, 20, 15)}, '13': {'team': 'NYG', 'date': datetime.datetime(2020, 12, 6, 16, 5)}, '14': {'team': 'NYJ', 'date': datetime.datetime(2020, 12, 13, 16, 5)}, '15': {'team': 'WSH', 'date': datetime.datetime(2020, 12, 20, 13, 0)}, '16': {'team': 'LAR', 'date': datetime.datetime(2020, 12, 27, 16, 25)}, '17': {'team': 'SF', 'date': datetime.datetime(2021, 1, 3, 16, 25)}}","['RB/WR', 'WR', 'WR/TE', 'RB/WR/TE', 'OP', 'BE', 'IR']",WR,2.0,1.0,5.0,5.0,1.0,1.0,,,,,,,,,,,,2.0,4.0,2.0,,,,,,,,,,,,,,,,,,,,,,,,,,,,,,,,,,,,,,,,,,,,,,,,,,,,,1.0,,,,,,,,,,,,,,,,,,,,,,,,,,,,,,,,,,,,,,,,,,,,,,,,,,,,,,,,,,,,,,,,,,,,,,,,,,,,,,,,,,,,,,,,,,,,,,,,,,,,,,,,,,,,,,,,,,,,,,,,,,,,,,,,,,,,,,,,,,,,,,,,,,,,,,,,,,,,,,,,,,,,,,,,2020,,,,,,,,,,,,,,,,,,,,,,,,,,,,,,,,,,,,,
168.0,10.5,120.48,8.61,198.0,52.5625,6.0,163.0,79.0,35.0,25.0,9.0,1.0,33.0,14.0,,,1.0,,4.24747475,38.0,19.0,5.0,55.0,23.0,9.0,6.0,1.0,1.0,51.0,284.0,8.0,1.0,2.0,,,,1.0,1.0,11.0,5.0,66.0,5.0,,16.0,90.49396691,28.61131457,3.301835643,0.116738973,80.0,40.0,20.0,16.0,8.0,18.0,9.0,0.174677431,0.122274201,0.44724586,0.0153,4.465875816,32.38623044,2.703346552,0.140908036,0.098565095,0.06441229,91.0,45.0,22.0,18.0,9.0,51.54034359,10.0,5.0,0.336814164,0.0104,65.69901409,8.875678218,0.257647008,0.00484,0.701251992,0.399394234,1.100646226,0.322575916,0.223660771,0.546236687,0.546236687,14.125,Kareem Hunt,CLE,DRAFT,9,3059915,15,Mendes Army,BE,"{'1': {'team': 'BAL', 'date': datetime.datetime(2020, 9, 13, 13, 0)}, '2': {'team': 'CIN', 'date': datetime.datetime(2020, 9, 17, 20, 20)}, '3': {'team': 'WSH', 'date': datetime.datetime(2020, 9, 27, 13, 0)}, '4': {'team': 'DAL', 'date': datetime.datetime(2020, 10, 4, 13, 0)}, '5': {'team': 'IND', 'date': datetime.datetime(2020, 10, 11, 16, 25)}, '6': {'team': 'PIT', 'date': datetime.datetime(2020, 10, 18, 13, 0)}, '7': {'team': 'CIN', 'date': datetime.datetime(2020, 10, 25, 13, 0)}, '8': {'team': 'LV', 'date': datetime.datetime(2020, 11, 1, 13, 0)}, '10': {'team': 'HOU', 'date': datetime.datetime(2020, 11, 15, 13, 0)}, '11': {'team': 'PHI', 'date': datetime.datetime(2020, 11, 22, 13, 0)}, '12': {'team': 'JAX', 'date': datetime.datetime(2020, 11, 29, 13, 0)}, '13': {'team': 'TEN', 'date': datetime.datetime(2020, 12, 6, 13, 0)}, '14': {'team': 'BAL', 'date': datetime.datetime(2020, 12, 14, 20, 15)}, '15': {'team': 'NYG', 'date': datetime.datetime(2020, 12, 20, 20, 20)}, '16': {'team': 'NYJ', 'date': datetime.datetime(2020, 12, 27, 13, 0)}, '17': {'team': 'PIT', 'date': datetime.datetime(2021, 1, 3, 13, 0)}}","['RB', 'RB/WR', 'RB/WR/TE', 'OP', 'BE', 'IR']",BE,,,,,1.0,,,,,,,,,,,,,,4.0,1.0,,,,,,,,,,,,,,,,,,,,,,,,,,,,,,,,,,,,,,,,,,,,,,,,,,,,,,,1.0,,,,,,,,,,,,,,,,,,,,,,,,,,,,,,,,,,,,,,,,,,,,,,,,,,,,,,,,,,,,,,,,,,,,,,,,,,,,,,,,,,,,,,,,,,,,,,,,,,,,,,,,,,,,,,,,,,,,,,,,,,,,,,,,,,,,,,,,,,,,,,,,,,,,,,,,,,,,,,,,,,,,,,2020,,,,,,,,,,,,,,,,,,,,,,,,,,,,,,,,,,,,,
95.0,7.31,129.87,8.66,,,,,,,,,,,,,,,,,53.0,54.30769231,5.0,138.0,65.0,30.0,22.0,7.0,3.0,93.0,172.0,13.32075472,,,,,,1.0,1.0,1.0,12.0,30.0,,,13.0,1.620055057,0.562338173,0.0351,0.00266,1.0,,,,,,,0.00297,0.00208,0.000135,4.59e-06,5.22835239,66.26092089,5.133847879,0.379095125,0.17926908,0.117152344,199.0,99.0,49.0,39.0,19.0,74.93022606,14.0,7.0,2.741460057,0.0848,124.1803594,13.31979327,0.381750956,0.00367,0.0177,0.816565063,0.834219892,0.00812,0.457276435,0.465397657,0.465397657,15.0625,DJ Chark Jr.,JAX,DRAFT,39,3115394,15,Mendes Army,BE,"{'1': {'team': 'IND', 'date': datetime.datetime(2020, 9, 13, 13, 0)}, '2': {'team': 'TEN', 'date': datetime.datetime(2020, 9, 20, 13, 0)}, '3': {'team': 'MIA', 'date': datetime.datetime(2020, 9, 24, 20, 20)}, '4': {'team': 'CIN', 'date': datetime.datetime(2020, 10, 4, 13, 0)}, '5': {'team': 'HOU', 'date': datetime.datetime(2020, 10, 11, 13, 0)}, '6': {'team': 'DET', 'date': datetime.datetime(2020, 10, 18, 13, 0)}, '7': {'team': 'LAC', 'date': datetime.datetime(2020, 10, 25, 16, 25)}, '9': {'team': 'HOU', 'date': datetime.datetime(2020, 11, 8, 13, 0)}, '10': {'team': 'GB', 'date': datetime.datetime(2020, 11, 15, 13, 0)}, '11': {'team': 'PIT', 'date': datetime.datetime(2020, 11, 22, 13, 0)}, '12': {'team': 'CLE', 'date': datetime.datetime(2020, 11, 29, 13, 0)}, '13': {'team': 'MIN', 'date': datetime.datetime(2020, 12, 6, 13, 0)}, '14': {'team': 'TEN', 'date': datetime.datetime(2020, 12, 13, 13, 0)}, '15': {'team': 'BAL', 'date': datetime.datetime(2020, 12, 20, 13, 0)}, '16': {'team': 'CHI', 'date': datetime.datetime(2020, 12, 27, 13, 0)}, '17': {'team': 'IND', 'date': datetime.datetime(2021, 1, 3, 16, 25)}}","['RB/WR', 'WR', 'WR/TE', 'RB/WR/TE', 'OP', 'BE', 'IR']",BE,1.0,1.0,1.0,1.0,,,,,,,,,,,,,,,2.0,1.0,,,,,,,,,,,,,,,,,,,,,,,,,,,,,,,,,,,,,,,,,,,,,,,,,,,,,1.0,,,,,,,,,,,,,,,,,,,,,,,,,,,,,,,,,,,,,,,,,,,,,,,,,,,,,,,,,,,,,,,,,,,,,,,,,,,,,,,,,,,,,,,,,,,,,,,,,,,,,,,,,,,,,,,,,,,,,,,,,,,,,,,,,,,,,,,,,,,,,,,,,,,,,,,,,,,,,,,,,,,,,,,,2020,,,,,,,,,,,,,,,,,,,,,,,,,,,,,,,,,,,,,
107.0,7.13,116.38,7.76,5.0,3.26666667,,8.0,3.0,1.0,1.0,,,,,,,,,9.8,79.0,56.06666667,4.0,164.0,80.0,37.0,27.0,10.0,11.0,110.0,362.0,10.64556962,,1.0,,,,2.0,2.0,3.0,11.0,24.0,,,15.0,3.922972719,1.639563514,0.085579288,0.003386804,4.0,2.0,1.0,,,,,0.007210735,0.005047514,0.0015,5.11e-05,6.295207026,60.49577803,3.940055983,0.201736912,0.124189382,0.081157761,182.0,91.0,45.0,36.0,18.0,78.43665656,15.0,7.0,2.176429138,0.067312241,123.9436715,11.61724245,0.205123716,0.0048,0.05191387,1.037975701,1.08988957,0.02388038,0.581266392,0.605146772,0.605146772,15.0625,Tyler Boyd,CIN,DRAFT,33,3045144,15,Mendes Army,WR,"{'1': {'team': 'LAC', 'date': datetime.datetime(2020, 9, 13, 16, 5)}, '2': {'team': 'CLE', 'date': datetime.datetime(2020, 9, 17, 20, 20)}, '3': {'team': 'PHI', 'date': datetime.datetime(2020, 9, 27, 13, 0)}, '4': {'team': 'JAX', 'date': datetime.datetime(2020, 10, 4, 13, 0)}, '5': {'team': 'BAL', 'date': datetime.datetime(2020, 10, 11, 13, 0)}, '6': {'team': 'IND', 'date': datetime.datetime(2020, 10, 18, 13, 0)}, '7': {'team': 'CLE', 'date': datetime.datetime(2020, 10, 25, 13, 0)}, '8': {'team': 'TEN', 'date': datetime.datetime(2020, 11, 1, 13, 0)}, '10': {'team': 'PIT', 'date': datetime.datetime(2020, 11, 15, 16, 25)}, '11': {'team': 'WSH', 'date': datetime.datetime(2020, 11, 22, 13, 0)}, '12': {'team': 'NYG', 'date': datetime.datetime(2020, 11, 29, 13, 0)}, '13': {'team': 'MIA', 'date': datetime.datetime(2020, 12, 6, 13, 0)}, '14': {'team': 'DAL', 'date': datetime.datetime(2020, 12, 13, 13, 0)}, '15': {'team': 'PIT', 'date': datetime.datetime(2020, 12, 21, 20, 15)}, '16': {'team': 'HOU', 'date': datetime.datetime(2020, 12, 27, 13, 0)}, '17': {'team': 'BAL', 'date': datetime.datetime(2021, 1, 3, 13, 0)}}","['RB/WR', 'WR', 'WR/TE', 'RB/WR/TE', 'OP', 'BE', 'IR']",WR,1.0,1.0,2.0,2.0,1.0,,,,,,,,,,,,,2.0,2.0,,2.0,1.0,1.0,1.06666667,,3.0,1.0,,,,,,,,,,,,,,0.5,,,,,,,,,,,,,,,,,,,,,,,,,,,,,,,,1.0,,,,,,,,,,,,,,,,,,,,,,,,,,,,,,,,,,,,,,,,,,,,,,,,,,,,,,,,,,,,,,,,,,,,,,,,,,,,,,,,,,,,,,,,,,,,,,,,,,,,,,,,,,,,,,,,,,,,,,,,,,,,,,,,,,,,,,,,,,,,,,,,,,,,,,,,,,,,,,,,,,,,,,,,2020,,,,,,,,,,,,,,,,,,,,,,,,,,,,,,,,,,,,,
127.0,7.94,120.95,7.56,,,,,,,,,,,,,,,,,,,,,,,,,,,,,,,,,,669.0,1009.0,11.0,5.0,,,,16.0,,,,,,,,,,,,,,,,,,,,,,,,,,,,,,,,,,,,,,,,,,,16.0,Ravens D/ST,BAL,DRAFT,5,-16033,15,Mendes Army,D/ST,"{'1': {'team': 'CLE', 'date': datetime.datetime(2020, 9, 13, 13, 0)}, '2': {'team': 'HOU', 'date': datetime.datetime(2020, 9, 20, 16, 25)}, '3': {'team': 'KC', 'date': datetime.datetime(2020, 9, 28, 20, 15)}, '4': {'team': 'WSH', 'date': datetime.datetime(2020, 10, 4, 13, 0)}, '5': {'team': 'CIN', 'date': datetime.datetime(2020, 10, 11, 13, 0)}, '6': {'team': 'PHI', 'date': datetime.datetime(2020, 10, 18, 13, 0)}, '8': {'team': 'PIT', 'date': datetime.datetime(2020, 11, 1, 13, 0)}, '9': {'team': 'IND', 'date': datetime.datetime(2020, 11, 8, 13, 0)}, '10': {'team': 'NE', 'date': datetime.datetime(2020, 11, 15, 20, 20)}, '11': {'team': 'TEN', 'date': datetime.datetime(2020, 11, 22, 13, 0)}, '12': {'team': 'PIT', 'date': datetime.datetime(2020, 12, 2, 15, 40)}, '13': {'team': 'DAL', 'date': datetime.datetime(2020, 12, 8, 20, 5)}, '14': {'team': 'CLE', 'date': datetime.datetime(2020, 12, 14, 20, 15)}, '15': {'team': 'JAX', 'date': datetime.datetime(2020, 12, 20, 13, 0)}, '16': {'team': 'NYG', 'date': datetime.datetime(2020, 12, 27, 13, 0)}, '17': {'team': 'CIN', 'date': datetime.datetime(2021, 1, 3, 13, 0)}}","['D/ST', 'BE', 'IR']",D/ST,,,,,,,613.0,55.0,17.0,0.189190235,0.249648,688.5067627,239.8404,68.0,27.0,23.0,9.0,,,,,,,,,,,,,,,,,,,,,,,,,,,,,,,,,,,,,,,,,,,,,,,,,,,,,,,,,340.0,,,25.0,,,,,,,,,,,,,,,,,,,,,,,,,,,,,,,,,,,12.0,0.0,3.0,3.0,4.0,3.0,10.0,,2.0,39.0,78.0,1.0,,,4.0,331.0,194.0,44.0,67.0,244.0,18.0,4.0,291.0,0.0,2.0,3.0,1.0,5276.0,0.0,1.0,4.0,6.0,2.0,1.0,1.0,1.0,0.0,0.0,3.0,3.0,4.0,0.0,2.0,3.0,1.0,0.248248248,1.121121121,3.763763764,3.203203203,0.039993141,2.022152166,14.33061356,9.617615322,0.974224786,0.308876315,41.3839577,82.7679154,1.143888036,0.87826413,2.500983542,14.79633126,898.7484365,299.0,179.0,84.44646321,326.675817,2.322322322,2.962962963,1.761761762,0.560560561,0.056056056,20.41723856,5498.712909,0.665097411,5.288726399,4.062703461,3.413632494,1.754895578,0.560925527,0.208343767,0.045675364,343.6695568,-326.675817,,,,,,,,,3.0,,,,,,,,,,,,,,,,,,,,,,,,,,,,,,,,,,,,,,2020,,,,,,,,,,,,,,,,,,,,,,,,,,,,,,,,,,,,,
70.0,4.38,123.58,7.72,,,,,,,,,,,,,,,,,,,,,,,,,,,,,,,,,,1.0,1.0,4.0,11.0,66.0,,,16.0,,,,,,,,,,,,,,,,,,,,,,,,,,,,,,,,,,,,,,,,,,,16.0,Jake Elliott,PHI,DRAFT,29,3050478,15,Mendes Army,BE,"{'1': {'team': 'WSH', 'date': datetime.datetime(2020, 9, 13, 13, 0)}, '2': {'team': 'LAR', 'date': datetime.datetime(2020, 9, 20, 13, 0)}, '3': {'team': 'CIN', 'date': datetime.datetime(2020, 9, 27, 13, 0)}, '4': {'team': 'SF', 'date': datetime.datetime(2020, 10, 4, 20, 20)}, '5': {'team': 'PIT', 'date': datetime.datetime(2020, 10, 11, 13, 0)}, '6': {'team': 'BAL', 'date': datetime.datetime(2020, 10, 18, 13, 0)}, '7': {'team': 'NYG', 'date': datetime.datetime(2020, 10, 22, 20, 20)}, '8': {'team': 'DAL', 'date': datetime.datetime(2020, 11, 1, 20, 20)}, '10': {'team': 'NYG', 'date': datetime.datetime(2020, 11, 15, 13, 0)}, '11': {'team': 'CLE', 'date': datetime.datetime(2020, 11, 22, 13, 0)}, '12': {'team': 'SEA', 'date': datetime.datetime(2020, 11, 30, 20, 15)}, '13': {'team': 'GB', 'date': datetime.datetime(2020, 12, 6, 16, 25)}, '14': {'team': 'NO', 'date': datetime.datetime(2020, 12, 13, 16, 25)}, '15': {'team': 'ARI', 'date': datetime.datetime(2020, 12, 20, 16, 5)}, '16': {'team': 'DAL', 'date': datetime.datetime(2020, 12, 27, 16, 25)}, '17': {'team': 'WSH', 'date': datetime.datetime(2021, 1, 3, 20, 20)}}","['K', 'BE', 'IR']",BE,,,,,,,,,,,,,,,,,,,,,,,,,,,,,,,,,,,,,,,,,,,,,,,,,,,,,,,,,,,,,,,,,,,,,,,,,,,,,,2.0,5.0,5.0,5.0,,7.0,9.0,2.0,14.0,19.0,5.0,24.0,26.0,2.0,2.0,5.0,3.026986349,4.686030957,1.659044608,7.412402685,9.7089661,2.296563415,15.36842199,16.23265626,0.864234266,25.80781102,30.62765331,4.819842289,37.51000144,39.61098684,2.100985403,3.026986349,4.686030957,1.659044608,,,,,,,,,,,,,,,,,,,,,,,,,,,,,,,,,,,,,,,,,,,,,,,,,,,,,,,,,,,,,,,,,,,,,,,,,,,,,,,,,,,,,,,3.0,3.0,,,,,,,,,2.0,77.0,1.0,2.0,38.5,1.0,,,,,,,,,,,,,,,,,,,,,,,,,,,,2020,,,,,,,,,,,,,,,,,,,,,,,,,,,,,,,,,,,,,
46.0,3.83,102.43,7.32,,,,,,,,,,,,,,,,,35.0,32.33333333,2.0,73.0,34.0,13.0,9.0,,2.0,52.0,81.0,11.08571429,,,,,,2.0,2.0,4.0,8.0,12.0,,1.0,12.0,3.732422875,1.427026954,0.087015487,0.002909777,4.0,2.0,1.0,,,,,0.006859721,0.004801805,0.001034063,3.53e-05,5.567718536,52.01954347,4.138463199,0.187129432,0.147959192,0.096691332,151.0,75.0,37.0,30.0,15.0,61.80095902,12.0,6.0,1.331276402,0.0412,98.75602439,12.25765124,0.190039209,0.00411,0.053211046,0.881061383,0.934272428,0.024477081,0.493394374,0.517871455,0.517871455,14.5625,Golden Tate,None,DRAFT,89,13217,15,Mendes Army,BE,{},"['RB/WR', 'WR', 'WR/TE', 'RB/WR/TE', 'OP', 'BE', 'IR']",BE,,,,,,,,,,,0.1176912,,133.2942,,,13.0,5.0,,,,2.0,1.0,1.0,1.5,,3.0,1.0,,,,,,,,,,,,,,0.5,,,,,,,,,,,,,,,,,,,,,,,,,,,,,,,,1.0,,,,,,,,,,,,,,,,,,,,,,,,,,,,,,,,,,,,,,,,,,,,,,,,,,,,,,,,,,35.0,3.0,1.0,,,,,,,,,,,,,,,,,,,,,,,,,,,,,,,,,,,,,,,,,,,,,,,,,,,,,,,,,,,,,,,,,,,,,,,,,,,,,,,,,,,,,,,,,,,,,,,,,,,,,,,,,,,,2020,,,,,,,,,,,,,,,,,,,,,,,,,,,,,,,,,,,,,
49.0,3.77,25.26,2.1,2.0,0.23076923,2.0,,,,,,,,,,,,,1.5,28.0,19.23076923,3.0,45.0,19.0,7.0,5.0,1.0,1.0,47.0,85.0,8.92857143,,,,,,1.0,2.0,9.0,4.0,30.0,2.0,,13.0,,,,,,,,,,,,,,,,,14.50780415,1.383433586,0.070159599,0.073626824,0.048115129,35.0,17.0,8.0,7.0,3.0,17.34413035,3.0,1.0,0.066606351,0.00206,25.84858225,10.19444962,0.070159599,0.00074,,0.168201002,0.168201002,,0.094192561,0.094192561,0.094192561,12.1875,Trey Burton,IND,ADD,25,16974,15,Mendes Army,BE,"{'1': {'team': 'JAX', 'date': datetime.datetime(2020, 9, 13, 13, 0)}, '2': {'team': 'MIN', 'date': datetime.datetime(2020, 9, 20, 13, 0)}, '3': {'team': 'NYJ', 'date': datetime.datetime(2020, 9, 27, 16, 5)}, '4': {'team': 'CHI', 'date': datetime.datetime(2020, 10, 4, 16, 25)}, '5': {'team': 'CLE', 'date': datetime.datetime(2020, 10, 11, 16, 25)}, '6': {'team': 'CIN', 'date': datetime.datetime(2020, 10, 18, 13, 0)}, '8': {'team': 'DET', 'date': datetime.datetime(2020, 11, 1, 13, 0)}, '9': {'team': 'BAL', 'date': datetime.datetime(2020, 11, 8, 13, 0)}, '10': {'team': 'TEN', 'date': datetime.datetime(2020, 11, 12, 20, 20)}, '11': {'team': 'GB', 'date': datetime.datetime(2020, 11, 22, 16, 25)}, '12': {'team': 'TEN', 'date': datetime.datetime(2020, 11, 29, 13, 0)}, '13': {'team': 'HOU', 'date': datetime.datetime(2020, 12, 6, 13, 0)}, '14': {'team': 'LV', 'date': datetime.datetime(2020, 12, 13, 16, 5)}, '15': {'team': 'HOU', 'date': datetime.datetime(2020, 12, 20, 13, 0)}, '16': {'team': 'PIT', 'date': datetime.datetime(2020, 12, 27, 13, 0)}, '17': {'team': 'JAX', 'date': datetime.datetime(2021, 1, 3, 16, 25)}}","['WR/TE', 'TE', 'RB/WR/TE', 'OP', 'BE', 'IR']",BE,,,,,,,,,,,,,,,,,,,,,,,,,,,,,,,,,,,,,,,,,,,,,,,,,,,,,,,,,,,,,,,,,,,,,,,,,3.0,1.0,,,,,,,,,,,,,,,,,,,,,,,,,,,,,,,,,,,,,,,,,,,,,,,,,,,,,,,,,,,,,,,,,,,,,,,,,,,,,,,,,,,,,,,,,,,,,,,,,,,,,,,,,,,,,,,,,,,,,,,,,,,,,,,,,,,,,,,,,,,,,,,,,,,,,,,,,,,,,,,,,,,,,,,2020,,,,,,,,,,,,,,,,,,,,,,,,,,,,,,,,,,,,,
0.0,0.0,0.0,0.0,2.0,2.66666667,,1.0,,,,,,,,,,,,4.0,,,,,,,,,,,,,,,,,,,,3.0,,,,,3.0,,,,,,,,,,,,,,,,,,,,,,,,,,,,,,,,,,,,,,,,,,,,Dexter Williams,GB,ADD,145,3932449,15,Mendes Army,BE,"{'1': {'team': 'MIN', 'date': datetime.datetime(2020, 9, 13, 13, 0)}, '2': {'team': 'DET', 'date': datetime.datetime(2020, 9, 20, 13, 0)}, '3': {'team': 'NO', 'date': datetime.datetime(2020, 9, 27, 20, 20)}, '4': {'team': 'ATL', 'date': datetime.datetime(2020, 10, 5, 21, 0)}, '6': {'team': 'TB', 'date': datetime.datetime(2020, 10, 18, 16, 25)}, '7': {'team': 'HOU', 'date': datetime.datetime(2020, 10, 25, 13, 0)}, '8': {'team': 'MIN', 'date': datetime.datetime(2020, 11, 1, 13, 0)}, '9': {'team': 'SF', 'date': datetime.datetime(2020, 11, 5, 20, 20)}, '10': {'team': 'JAX', 'date': datetime.datetime(2020, 11, 15, 13, 0)}, '11': {'team': 'IND', 'date': datetime.datetime(2020, 11, 22, 16, 25)}, '12': {'team': 'CHI', 'date': datetime.datetime(2020, 11, 29, 20, 20)}, '13': {'team': 'PHI', 'date': datetime.datetime(2020, 12, 6, 16, 25)}, '14': {'team': 'DET', 'date': datetime.datetime(2020, 12, 13, 16, 25)}, '15': {'team': 'CAR', 'date': datetime.datetime(2020, 12, 19, 20, 15)}, '16': {'team': 'TEN', 'date': datetime.datetime(2020, 12, 27, 20, 20)}, '17': {'team': 'CHI', 'date': datetime.datetime(2021, 1, 3, 16, 25)}}","['RB', 'RB/WR', 'RB/WR/TE', 'OP', 'BE', 'IR']",BE,,,,,,,,,,,,,,,,,,,,,,,,,,,,,,,,,,,,,,,,,,,,,,,,,,,,,,,,,,,,,,,,,,,,,,,,,,,,,,,,,,,,,,,,,,,,,,,,,,,,,,,,,,,,,,,,,,,,,,,,,,,,,,,,,,,,,,,,,,,,,,,,,,,,,,,,,,,,,,,,,,,,,,,,,,,,,,,,,,,,,,,,,,,,,,,,,,,,,,,,,,,,,,,,,,,,,,,,,,,,,,,,,,,,,,,,,,,,,,,,,2020,,,,,,,,,,,,,,,,,,,,,,,,,,,,,,,,,,,,,
111.0,7.4,112.83,7.05,,,,,,,,,,,,,,,,,,,,,,,,,,,,,,,,,,1.0,1.0,10.0,5.0,100.0,,,15.0,,,,,,,,,,,,,,,,,,,,,,,,,,,,,,,,,,,,,,,,,,,16.0,Stephen Gostkowski,TEN,ADD,18,9704,15,Mendes Army,K,"{'1': {'team': 'DEN', 'date': datetime.datetime(2020, 9, 14, 22, 10)}, '2': {'team': 'JAX', 'date': datetime.datetime(2020, 9, 20, 13, 0)}, '3': {'team': 'MIN', 'date': datetime.datetime(2020, 9, 27, 13, 0)}, '5': {'team': 'BUF', 'date': datetime.datetime(2020, 10, 13, 19, 0)}, '6': {'team': 'HOU', 'date': datetime.datetime(2020, 10, 18, 13, 0)}, '7': {'team': 'PIT', 'date': datetime.datetime(2020, 10, 25, 13, 0)}, '8': {'team': 'CIN', 'date': datetime.datetime(2020, 11, 1, 13, 0)}, '9': {'team': 'CHI', 'date': datetime.datetime(2020, 11, 8, 13, 0)}, '10': {'team': 'IND', 'date': datetime.datetime(2020, 11, 12, 20, 20)}, '11': {'team': 'BAL', 'date': datetime.datetime(2020, 11, 22, 13, 0)}, '12': {'team': 'IND', 'date': datetime.datetime(2020, 11, 29, 13, 0)}, '13': {'team': 'CLE', 'date': datetime.datetime(2020, 12, 6, 13, 0)}, '14': {'team': 'JAX', 'date': datetime.datetime(2020, 12, 13, 13, 0)}, '15': {'team': 'DET', 'date': datetime.datetime(2020, 12, 20, 13, 0)}, '16': {'team': 'GB', 'date': datetime.datetime(2020, 12, 27, 20, 20)}, '17': {'team': 'HOU', 'date': datetime.datetime(2021, 1, 3, 16, 25)}}","['K', 'BE', 'IR']",K,,,,,,,,,,,,,,,,,,,,,,,,,,,,,,,,,,,,,,,,,,,,,,,,,,,,,,,,,,,,,,,,,,,,,,,,,,,,,,7.0,8.0,5.0,10.0,5.0,6.0,8.0,2.0,18.0,26.0,8.0,46.0,48.0,2.0,7.0,8.0,2.604901878,4.159554508,1.55465263,6.409718313,8.618161954,2.208443641,13.35771773,14.40891431,1.051196574,22.37233793,27.18663077,4.814292844,38.91216787,41.96533933,3.05317146,2.604901878,4.159554508,1.55465263,,,,,,,,,,,,,,,,,,,,,,,,,,,,,,,,,,,,,,,,,,,,,,,,,,,,,,,,,,,,,,,,,,,,,,,,,,,,,,,,,,,,,,,1.0,1.0,,,,,,,,,,,,,,,,,,,,,,,,,,,,,,,,,,,,,,,,,,2020,,,,,,,,,,,,,,,,,,,,,,,,,,,,,,,,,,,,,
43.0,3.07,5.79,0.39,,,,,,,,,,,,,,,,,24.0,24.64285714,2.0,67.0,31.0,13.0,10.0,3.0,1.0,31.0,102.0,14.375,,,,,,,2.0,4.0,9.0,12.0,,1.0,14.0,,,,,,,,,,,,,,,,,2.657032645,0.295489853,0.024864403,0.112288594,0.073380597,8.0,4.0,2.0,1.0,,3.738937366,,,0.02088848,0.000646035,5.571000453,10.70399162,0.024864403,0.000123,,0.027888948,0.027888948,,0.015617811,0.015617811,0.015617811,15.0625,Richard Rodgers,PHI,ADD,28,16786,15,Mendes Army,BE,"{'1': {'team': 'WSH', 'date': datetime.datetime(2020, 9, 13, 13, 0)}, '2': {'team': 'LAR', 'date': datetime.datetime(2020, 9, 20, 13, 0)}, '3': {'team': 'CIN', 'date': datetime.datetime(2020, 9, 27, 13, 0)}, '4': {'team': 'SF', 'date': datetime.datetime(2020, 10, 4, 20, 20)}, '5': {'team': 'PIT', 'date': datetime.datetime(2020, 10, 11, 13, 0)}, '6': {'team': 'BAL', 'date': datetime.datetime(2020, 10, 18, 13, 0)}, '7': {'team': 'NYG', 'date': datetime.datetime(2020, 10, 22, 20, 20)}, '8': {'team': 'DAL', 'date': datetime.datetime(2020, 11, 1, 20, 20)}, '10': {'team': 'NYG', 'date': datetime.datetime(2020, 11, 15, 13, 0)}, '11': {'team': 'CLE', 'date': datetime.datetime(2020, 11, 22, 13, 0)}, '12': {'team': 'SEA', 'date': datetime.datetime(2020, 11, 30, 20, 15)}, '13': {'team': 'GB', 'date': datetime.datetime(2020, 12, 6, 16, 25)}, '14': {'team': 'NO', 'date': datetime.datetime(2020, 12, 13, 16, 25)}, '15': {'team': 'ARI', 'date': datetime.datetime(2020, 12, 20, 16, 5)}, '16': {'team': 'DAL', 'date': datetime.datetime(2020, 12, 27, 16, 25)}, '17': {'team': 'WSH', 'date': datetime.datetime(2021, 1, 3, 20, 20)}}","['WR/TE', 'TE', 'RB/WR/TE', 'OP', 'BE', 'IR']",BE,,,,,,,,,,,,,,,,,,,,,,,,,,,,,,,,,,,,,,,,,,,,,,,,,,,,,,,,,,,,,,,,,,,,,,,,,1.0,2.0,,,,,,,,,,,,,,,,,,,,,,,,,,,,,,,,,,,,,,,,,,,,,,,,,,,,,,,,,,,,,,,,,,,,,,,,,,,,,,,,,,,,,,,,,,,,,,,,,,,,,,,,,,,,,,,,,,,,,,,,,,,,,,,,,,,,,,,,,,,,,,,,,,,,,,,,,,,,,,,,,,,,,,,2020,,,,,,,,,,,,,,,,,,,,,,,,,,,,,,,,,,,,,
130.0,8.67,134.6,8.97,2.0,2.0,,5.0,2.0,1.0,1.0,,,,,,,,,15.0,87.0,74.53333333,4.0,218.0,106.0,49.0,37.0,14.0,12.0,134.0,482.0,12.85057471,,1.0,,1.0,1.0,3.0,3.0,7.0,8.0,24.0,,,15.0,,,,,,,,,,,,,,,,,70.34690104,4.960585312,0.263860455,0.235971782,0.15420756,211.0,105.0,52.0,42.0,21.0,73.50921109,14.0,7.0,3.170045956,0.098042658,123.1527723,14.41452277,0.263860455,0.0028,,0.635890068,0.635890068,,0.356098438,0.356098438,0.356098438,15.0625,Terry McLaurin,WSH,FA,21,3121422,,FA,,{},"['RB/WR', 'WR', 'WR/TE', 'RB/WR/TE', 'OP', 'BE', 'IR']",,2.0,2.0,3.0,3.0,1.0,1.0,,,,,,,,,,,,1.0,1.0,1.0,,,,,,,,,,,,,,,,,,,,,,,,,,,,,,,,,,,,,,,,,,,,,,,,,,,,,,,,,,,,,,,,,,,,,,,,,,,,,,,,,,,,,,,,,,,,,,,,,,,,,,,,,,,,,,,,,,,,,,,,,,,,,,,,,,,,,,,,,,,,,,,,,,,,,,,,,,,,,,,,,,,,,,,,,,,,,,,,,,,,,,,,,,,,,,,,,,,,,,,,,,,,,,,,,,,,,,,,,,,,,2020,,,,,,,,,,,,,,,,,,,,,,,,,,,,,,,,,,,,,
121.0,7.56,111.05,7.4,4.0,0.9375,,2.0,1.0,,,,,,,,,,,3.75,95.0,68.5,3.0,211.0,102.0,47.0,34.0,13.0,11.0,136.0,506.0,11.53684211,,1.0,,1.0,1.0,,,5.0,11.0,20.0,,,16.0,1.772261656,0.693118544,0.046864786,0.00164,2.0,1.0,,,,,,0.00325,0.00228,0.000223,7.6e-06,5.890833352,55.41028625,4.537817889,0.244733563,0.182790273,0.119453443,166.0,83.0,41.0,33.0,16.0,57.17551176,11.0,5.0,1.730461107,0.0535,103.3603824,14.59746333,0.24637514,0.00383,0.0262,0.843998099,0.870159395,0.012,0.472638936,0.484673132,0.484673132,15.0625,Robby Anderson,CAR,FA,27,2574808,,FA,,{},"['RB/WR', 'WR', 'WR/TE', 'RB/WR/TE', 'OP', 'BE', 'IR']",,2.0,1.0,3.0,3.0,1.0,1.0,,,,,,,,,,,,,,,,,,,,,,,,,,,,,,,,,,,,,,,,,,,,,,,,,,,,,,,,,,,,,,,,,1.0,1.0,1.0,,,,,,,,,,,,,,,,,,,,,,,,,,,,,,,,,,,,,,,,,,,,,,,,,,,,,,,,,,,,,,,,,,,,,,,,,,,,,,,,,,,,,,,,,,,,,,,,,,,,,,,,,,,,,,,,,,,,,,,,,,,,,,,,,,,,,,,,,,,,,,,,,,,,,,,,,,,,,,,,,,,,,,,,2020,,,,,,,,,,,,,,,,,,,,,,,,,,,,,,,,,,,,,
146.0,10.43,125.78,8.98,192.0,69.85714286,7.0,189.0,92.0,43.0,32.0,14.0,4.0,32.0,13.0,1.0,1.0,4.0,,5.09375,28.0,11.78571429,1.0,27.0,10.0,3.0,1.0,,1.0,42.0,165.0,5.89285714,,2.0,,2.0,2.0,,,9.0,5.0,48.0,6.0,1.0,14.0,160.221242,47.10839068,4.820707231,0.241928296,133.0,66.0,33.0,26.0,13.0,32.0,16.0,0.32110097,0.224770679,1.21324331,0.0414,4.15304494,17.9912778,1.205381964,0.062001944,0.056303122,0.03679409,50.0,25.0,12.0,10.0,5.0,32.22777197,6.0,3.0,0.100390756,0.003104869,41.58881316,7.88533564,0.303930241,0.00943,1.785090507,0.359062813,2.14415332,0.821141633,0.201075175,1.022216809,1.022216809,14.125,Ronald Jones II,TB,FA,17,3912550,,FA,,{},"['RB', 'RB/WR', 'RB/WR/TE', 'OP', 'BE', 'IR']",,,,,,2.0,2.0,,,,,,,,,,,,,,,,,,,,,,,,,,,,,,,,,,,,,,,,,,,,,,,,,,,,,,,,,,,,,,,,,,,,,,,,,,,,,,,,,,,,,,,,,,,,,,,,,,,,,,,,,,,,,,,,,,,,,,,,,,,,,,,,,,,,,,,,,,,,,,,,,,,,,,,,,,,,,,,,,,,,,,,,,,,,,,,,,,,,,,,,,,,,,,,,,,,,,,,,,,,,,,,,,,,,,,,,,,,,,,,,,,,,,,,,,,,2020,,,,,,,,,,,,,,,,,,,,,,,,,,,,,,,,,,,,,
67.0,4.19,102.47,7.32,6.0,1.625,1.0,3.0,,,,,,,,,,,,4.33333333,63.0,40.875,1.0,126.0,57.0,25.0,17.0,5.0,7.0,109.0,286.0,10.38095238,,1.0,,1.0,1.0,2.0,3.0,6.0,10.0,12.0,1.0,,16.0,3.732422875,0.944756059,0.434060429,0.014514875,2.0,1.0,,,,,,0.006859721,0.004801805,0.000391227,1.34e-05,3.575339608,48.99932283,4.98835356,0.225588911,0.097678741,0.063833057,138.0,69.0,34.0,27.0,13.0,63.9738839,12.0,6.0,1.041975784,0.0322,99.45567558,10.8187184,0.240103786,0.00222,0.027840356,0.477184857,0.505025213,0.012806564,0.26722352,0.280030084,0.280030084,14.125,Evan Engram,NYG,FA,18,3051876,,FA,,{},"['WR/TE', 'TE', 'RB/WR/TE', 'OP', 'BE', 'IR']",,,,1.0,1.0,1.0,1.0,,,,,,,,,,,,,,,,,,,,,,,,,,,,,,,,,,,,,,,,,,,,,,,,,,,,,,,,,,,,,,,,,,,1.0,1.0,,,,,,,,,,,,,,,,,,,,,,,,,,,,,,,,,,,,,,,,,,,,,,,,,,,,,,,,,,,,,,,,,,,,,,,,,,,,,,,,,,,,,,,,,,,,,,,,,,,,,,,,,,,,,,,,,,,,,,,,,,,,,,,,,,,,,,,,,,,,,,,,,,,,,,,,,,,,,,,,,,,,,,,2020,,,,,,,,,,,,,,,,,,,,,,,,,,,,,,,,,,,,,
126.0,8.4,177.29,12.66,195.0,45.2,9.0,131.0,61.0,27.0,20.0,8.0,1.0,31.0,12.0,,,1.0,,3.47692308,25.0,10.93333333,,27.0,11.0,3.0,2.0,,,34.0,124.0,6.56,1.0,2.0,,,,,,3.0,12.0,54.0,6.0,,15.0,214.4117868,61.54573716,6.85056848,0.5,173.0,86.0,43.0,34.0,17.0,42.0,21.0,0.442,0.31,2.08,0.0711,4.05450442,26.39620116,2.352157753,0.167685564,0.057758793,0.037745371,74.0,37.0,18.0,14.0,7.0,44.67354354,8.0,4.0,0.205363566,0.00635,60.6122917,8.346021198,0.667408821,0.0107,2.02,0.420889327,2.440958153,0.929,0.235698023,1.164929683,1.164929683,14.125,Todd Gurley II,ATL,FA,20,2977644,,FA,,{},"['RB', 'RB/WR', 'RB/WR/TE', 'OP', 'BE', 'IR']",,,,,,1.0,,,,,,,,,,,,,,,,,,,,,,,,,,,,,,,,,,,,,,,,,,,,,,,,,,,,,,,,,,,,,,,,,,,,,,2.0,,,,,,,,,,,,,,,,,,,,,,,,,,,,,,,,,,,,,,,,,,,,,,,,,,,,,,,,,,,,,,,,,,,,,,,,,,,,,,,,,,,,,,,,,,,,,,,,,,,,,,,,,,,,,,,,,,,,,,,,,1.0,,,,,,,,,,,,,,,,,,,,,,,,,,,,,,,,,,,,,,,,,,,,,2020,,,,,,,,,,,,,,,,,,,,,,,,,,,,,,,,,,,,,
137.0,9.13,41.03,2.93,165.0,42.8,6.0,122.0,58.0,26.0,21.0,8.0,,27.0,10.0,,,,,3.89090909,59.0,24.86666667,2.0,69.0,33.0,14.0,8.0,2.0,7.0,70.0,427.0,6.3220339,1.0,1.0,1.0,1.0,1.0,2.0,3.0,5.0,10.0,48.0,5.0,,15.0,54.86015078,15.7676241,1.412934795,0.049536062,44.0,22.0,11.0,8.0,4.0,10.0,5.0,0.103853436,0.072697405,0.137,0.00467,4.059735295,6.797203893,0.309905325,0.016706715,0.04857376,0.031742952,19.0,9.0,4.0,3.0,1.0,13.24677383,2.0,1.0,0.0409587,0.00127,16.35272962,7.247840587,0.066242777,0.0021,0.383623657,0.092631459,0.476255117,0.176466882,0.051873617,0.2283405,0.2283405,14.125,Mike Davis,CAR,FA,15,3025433,,FA,,{},"['RB', 'RB/WR', 'RB/WR/TE', 'OP', 'BE', 'IR']",,,,,,,,,,,,,,,,,,,,1.0,,,,,,,,,,,,,,,,,,,,,,,,,,,,,,,,,,,,,,,,,,,,,,,,,,,,,,1.0,1.0,1.0,,,,,,,,,,,,,,,,,,,,,,,,,,,,,,,,,,,,,,,,,,,,,,,,,,,,,,,,,,,,,,,,,,,,,,,,,,,,,,,,,,,,,,,,,,,,,,,,,,,,,,,,,,,,,,,,,,,,,,,,,,,,,,,,,,,,,,,,,,,,,,,,,,,,,,,,,,,,,,,,,,,,,,2020,,,,,,,,,,,,,,,,,,,,,,,,,,,,,,,,,,,,,
123.0,10.25,12.76,0.91,126.0,50.0,7.0,117.0,56.0,26.0,20.0,7.0,2.0,21.0,9.0,,,2.0,,4.76190476,13.0,11.08333333,3.0,23.0,11.0,3.0,2.0,1.0,,28.0,110.0,10.23076923,2.0,2.0,2.0,2.0,2.0,2.0,2.0,5.0,7.0,60.0,6.0,,12.0,19.23654439,5.572455181,0.724208566,0.025765946,15.0,7.0,3.0,3.0,1.0,3.0,1.0,0.035674683,0.024972278,0.016611734,0.000567,4.091739547,1.12581602,0.103884211,0.006449936,0.078119034,0.051050789,3.0,1.0,,,,1.847558489,,,0.009140468,0.000283,2.407088395,8.607116569,0.032215882,0.00133,0.275259523,0.02643708,0.301696603,0.126619381,0.014804765,0.141424146,0.141424146,14.125,Jeff Wilson Jr.,SF,FA,26,3122976,,FA,,{},"['RB', 'RB/WR', 'RB/WR/TE', 'OP', 'BE', 'IR']",,,,,,,,,,,,,,,,,,,,1.0,1.0,,,,,,,,,,,,,,,,,,,,,,,,,,,,,,,,,,,,,,,,,,,,,,,,,,,,,1.0,,1.0,,,,,,,,,,,,,,,,,,,,,,,,,,,,,,,,,,,,,,,,,,,,,,,,,,,,,,,,,,,,,,,,,,,,,,,,,,,,,,,,,,,,,,,,,,,,,,,,,,,,,,,,,,,,,,,,,,,,,,,,,,,,,,,,,,,,,,,,,,,,,,,,,,,,,,,,,,,,,,,,,,,,,,2020,,,,,,,,,,,,,,,,,,,,,,,,,,,,,,,,,,,,,
73.0,12.17,190.17,13.58,119.0,71.33333333,3.0,82.0,39.0,18.0,14.0,6.0,1.0,21.0,8.0,,,1.0,,3.59663866,21.0,23.0,1.0,27.0,12.0,4.0,3.0,,2.0,26.0,172.0,6.57142857,1.0,1.0,1.0,1.0,1.0,1.0,1.0,1.0,4.0,24.0,1.0,,6.0,268.5521104,80.76171405,6.530260645,0.25840752,228.0,114.0,57.0,45.0,22.0,53.0,26.0,0.569324218,0.398526952,3.58,0.122,4.247813242,20.86859952,1.4766148,0.075604944,0.055329426,0.03615778,58.0,29.0,14.0,11.0,5.0,38.30259316,7.0,3.0,0.1272111,0.00393,48.49969756,7.695796654,0.334012464,0.00735,1.462717217,0.208621941,1.671339158,0.67284992,0.116828287,0.789678207,0.789678207,14.125,Joe Mixon,CIN,FA,48,3116385,,FA,,{},"['RB', 'RB/WR', 'RB/WR/TE', 'OP', 'BE', 'IR']",,,,,,,,,,,,,,,,,,,,1.0,,,,,,,,,,,,,,,,,,,,,,,,,,,,,,,,,,,,,,,,,,,,,,,,,,,,,,,,,1.0,,,,,,,,,,,,,,,,,,,,,,,,,,,,,,,,,,,,,,,,,,,,,,,,,,,,,,,,,,,,,,,,,,,,,,,,,,,,,,,,,,,,,,,,,,,,,,,,,,,,,,,,,,,,,,,,,,,,,,,,1.0,,,,,,,,,,,,,,,,,,,,,,,,,,,,,,,,,,,,,,,,,,,,,2020,,,,,,,,,,,,,,,,,,,,,,,,,,,,,,,,,,,,,
116.0,7.25,24.88,1.66,,,,,,,,,,,,,,,,,52.0,36.625,11.0,111.0,50.0,20.0,17.0,4.0,6.0,59.0,224.0,11.26923077,,,,,,,,13.0,3.0,66.0,,1.0,16.0,,,,,,,,,,,,,,,,,11.73499917,1.320055962,0.06882783,0.157779752,0.103109068,35.0,17.0,8.0,7.0,3.0,15.13181507,3.0,1.0,0.078428081,0.00243,22.69589518,11.68124407,0.06882783,0.000709,,0.161241534,0.161241534,,0.090295259,0.090295259,0.090295259,15.0625,Robert Tonyan,GB,FA,3,2975674,,FA,,{},"['WR/TE', 'TE', 'RB/WR/TE', 'OP', 'BE', 'IR']",,,,,,,,,,,,,,,,,,,,5.0,3.0,,,,,,,,,,,,,,,,,,,,,,,,,,,,,,,,,,,,,,,,,,,,,,,,,,,,,2.0,,,,,,,,,,,,,,,,,,,,,,,,,,,,,,,,,,,,,,,,,,,,,,,,,,,,,,,,,,,,,,,,,,,,,,,,,,,,,,,,,,,,,,,,,,,,,,,,,,,,,,,,,,,,,,,,,,,,,,,,,,,,,,,,,,,,,,,,,,,,,,,,,,,,,,,,,,,,,,,,,,,,,,,,2020,,,,,,,,,,,,,,,,,,,,,,,,,,,,,,,,,,,,,
106.0,8.83,113.93,7.6,1.0,1.16666667,,2.0,1.0,,,,,,,,,,,14.0,59.0,58.25,6.0,136.0,64.0,29.0,22.0,8.0,7.0,88.0,327.0,11.84745763,,,,,,1.0,1.0,2.0,10.0,36.0,,1.0,12.0,,,,,,,,,,,,,,,,,55.91546428,5.052467445,0.228918079,0.108877859,0.071151681,168.0,84.0,42.0,33.0,16.0,76.61704664,15.0,7.0,1.772154322,0.054808897,118.0765741,10.99268006,0.228918079,0.00341,,0.774502208,0.774502208,,0.433721237,0.433721237,0.433721237,15.0625,Jamison Crowder,NYJ,FA,34,2576716,,FA,,{},"['RB/WR', 'WR', 'WR/TE', 'RB/WR/TE', 'OP', 'BE', 'IR']",,1.0,1.0,3.0,3.0,,,8.0,,,,,,,,,,,,2.0,1.0,1.0,1.0,,3.58333333,1.0,8.0,4.0,2.0,1.0,,,,,,,1.0,,,,,1.0,,,,,,,,,,,,,,,,,,,,,,,,,,,,,,,,1.0,,,,,,,,,,,,,,,,,,,,,,,,,,,,,,,,,,,,,,,,,,,,,,,,,,,,,,,,,,,,,,,,,,,,,,,,,,,,,,,,,,,,,,,,,,,,,,,,,,,,,,,,,,,,,,,,,,,,,,,,,,,,,,,,,,,,,,,,,,,,,,,,,,,,,,,,,,,,,,,,,,,,,,,,2020,,,,,,,,,,,,,,,,,,,,,,,,,,,,,,,,,,,,,
68.0,8.5,0.0,0.0,2.0,-0.25,,,,,,,,,,,,,,-1.0,45.0,60.375,4.0,93.0,44.0,19.0,15.0,5.0,6.0,61.0,252.0,10.73333333,,,,,,1.0,1.0,5.0,3.0,24.0,,1.0,8.0,,,,,,,,,,,,,,,,,,,,,,,,,,,,,,,,,,,,,,,,,,,,Antonio Brown,TB,FA,93,13934,,FA,,{},"['RB/WR', 'WR', 'WR/TE', 'RB/WR/TE', 'OP', 'BE', 'IR']",,1.0,,1.0,1.0,,,,,,,,,,,,,,1.0,,1.0,,,,,,,,,,,,,,,,,,,,,,,,,,,,,,,,,,,,,,,,,,,,,,,,,,,,,1.0,,,,,,,,,,,,,,,,,,,,,,,,,,,,,,,,,,,,,,,,,,,,,,,,,,,,,,,,,,2.0,,,,,,,,,,,,,,,,,,,,,,,,,,,,,,,,,,,,,,,,,,,,,,,,,,,,,,,,,,,,,,,,,,,,,,,,,,,,,,,,,,,,,,,,,,,,,,,,,,,,,,,,,,,,,,2020,,,,,,,,,,,,,,,,,,,,,,,,,,,,,,,,,,,,,
119.0,7.93,82.49,5.5,,,,,,,,,,,,,,,,,82.0,64.46666667,4.0,188.0,91.0,41.0,32.0,13.0,10.0,107.0,354.0,11.79268293,,,,,,1.0,1.0,12.0,3.0,24.0,,,15.0,,,,,,,,,,,,,,,,,41.92271027,3.254663212,0.181780607,0.107241444,0.070082284,126.0,63.0,31.0,25.0,12.0,57.93256232,11.0,5.0,0.810316603,0.0251,88.83349549,10.89992913,0.181780607,0.00162,,0.369279118,0.369279118,,0.206796306,0.206796306,0.206796306,15.0625,Cole Beasley,BUF,FA,22,15349,,FA,,{},"['RB/WR', 'WR', 'WR/TE', 'RB/WR/TE', 'OP', 'BE', 'IR']",,,,5.0,5.0,,,,,,,,,,,,,,2.0,2.0,1.0,1.0,1.0,,1.33333333,1.0,4.0,2.0,1.0,,,,,,,,,,,,,1.0,,,,,1.0,,,,,,,,,,,,,,,,,,,,,,,,,,,1.0,,,,,,,,,,,,,,,,,,,,,,,,,,,,,,,,,,,,,,,,,,,,,,,,,,,,,,,,,,,,,,,,,,,,,,,,,,,,,,,,,,,,,,,,,,,,,,,,,,,,,,,,,,,,,,,,,,,,,,,,,,,,,,,,,,,,,,,,,,,,,,,,,,,,,,,,,,,,,,,,,,,,,,,,2020,,,,,,,,,,,,,,,,,,,,,,,,,,,,,,,,,,,,,
99.0,6.19,66.34,4.74,97.0,28.0,1.0,84.0,38.0,15.0,12.0,3.0,,14.0,3.0,,,,,4.6185567,53.0,25.125,4.0,73.0,31.0,12.0,7.0,2.0,3.0,67.0,336.0,7.58490566,1.0,2.0,,,,1.0,1.0,8.0,8.0,30.0,,,16.0,78.61352725,24.14950812,2.71091422,0.0986,68.0,34.0,17.0,13.0,6.0,15.0,7.0,0.151,0.106,0.32,0.0109,4.339098043,9.011532596,0.725737026,0.037280464,0.05087498,0.0332468,25.0,12.0,6.0,5.0,2.0,16.44529817,3.0,1.0,0.050813449,0.00157,21.37814565,7.740078448,0.135873516,0.00263,0.495011142,0.103552227,0.598563369,0.228,0.057989247,0.285694373,0.285694373,14.125,Chase Edmonds,ARI,FA,33,3119195,,FA,,{},"['RB', 'RB/WR', 'RB/WR/TE', 'OP', 'BE', 'IR']",,,,,,1.0,,417.0,39.0,12.0,,,,,,,,,,3.0,,,,,,,,,,,,,,,,,,,,,,,,,,,,,,,,,,,,,,,,,,,,,,,,,,,,,,1.0,,,1.0,,,,,,,,,,,,,,,,,,,,,,,,,,,,,,,,,,,,,,,,,,,,,,,,,,,,,,,,,,,,,,,,,,,,,,,,,,,,,,,,,,,,,,,,,,,,,,,,,,,,,,,,,,,,,,,,,,,,,,,,,,,,,,,,,,,,,,,,,,,,,,,,,,,,,,,,,,,,,,,,,,,,,2020,,,,,,,,,,,,,,,,,,,,,,,,,,,,,,,,,,,,,
103.0,6.87,88.47,6.32,138.0,41.6,5.0,119.0,55.0,26.0,18.0,6.0,1.0,22.0,8.0,,,1.0,,4.52173913,16.0,10.6,1.0,29.0,12.0,4.0,3.0,,,24.0,160.0,9.9375,,,,,,,,9.0,6.0,36.0,4.0,,15.0,89.68792978,26.17194847,2.989626192,0.096115667,73.0,36.0,18.0,14.0,7.0,17.0,8.0,0.173178963,0.121225274,0.379674401,0.013,4.121834153,19.98703155,1.096730797,0.061486994,0.060746166,0.039697619,56.0,28.0,14.0,11.0,5.0,34.35210938,6.0,3.0,0.120677589,0.003732297,45.33183907,8.21832562,0.157602661,0.00472,0.775456869,0.297014094,1.072470963,0.35671016,0.166327892,0.523038052,0.523038052,14.125,Darrell Henderson Jr.,LAR,FA,26,4039359,,FA,,{},"['RB', 'RB/WR', 'RB/WR/TE', 'OP', 'BE', 'IR']",,,,,,,,,,,0.1096095,,376.88805,,37.0,15.0,,,,,,,,,,,,,,,,,,,,,,,,,,,,,,,,,,,,,,,,,,,,,,,,,,,,,,,,,,1.0,,,,,,,,,,,,,,,,,,,,,,,,,,,,,,,,,,,,,,,,,,,,,,,,,,,,,,,,,,,,,,,,,,,,,,,,,,,,,,,,,,,,,,,,,,,,,,,,,,,,,,,,,,,,,,,,,,,,,,,,,,,1.0,,,,,,,,,,,,,,,,,,,,,,,,,,,,,,,,,,,,,,,,,,,,,2020,,,,,,,,,,,,,,,,,,,,,,,,,,,,,,,,,,,,,
110.0,6.88,130.05,8.13,,,,,,,,,,,,,,,,,,,,,,,,,,,,,,,,,,,,5.0,11.0,101.0,,,16.0,,,,,,,,,,,,,,,,,,,,,,,,,,,,,,,,,,,,,,,,,,,16.0,Matt Prater,DET,FA,22,11122,,FA,,{},"['K', 'BE', 'IR']",,,,,,,,,,,,,,,,,,,,,,,,,,,,,,,,,,,,,,,,,,,,,,,,,,,,,,,,,,,,,,,,,,,,,,,,,,,,,,,6.0,10.0,4.0,7.0,3.0,11.0,11.0,,21.0,28.0,7.0,38.0,41.0,3.0,6.0,10.0,3.238769686,4.941054064,1.702284378,7.913280403,10.23734731,2.324066906,16.36778128,17.11606963,0.748288349,27.51983137,32.29447101,4.774639634,37.87228509,39.595417,1.723131903,3.238769686,4.941054064,1.702284378,,,,,,,,,,,,,,,,,,,,,,,,,,,,,,,,,,,,,,,,,,,,,,,,,,,,,,,,,,,,,,,,,,,,,,,,,,,,,,,,,,,,,,,4.0,4.0,,,,,,,,,,,,,,,,,,,,,,,,,,,,,,,,,,,,,,,,,,2020,,,,,,,,,,,,,,,,,,,,,,,,,,,,,,,,,,,,,
104.0,6.5,104.29,6.52,,,,,,,,,,,,,,,,,,,,,,,,,,,,,,,,,,675.0,976.0,11.0,5.0,,,,16.0,,,,,,,,,,,,,,,,,,,,,,,,,,,,,,,,,,,,,,,,,,,16.0,Buccaneers D/ST,TB,FA,6,-16027,,FA,,{},"['D/ST', 'BE', 'IR']",,,,,,,,546.0,49.0,15.0,0.19929,0.4567964,685.251,254.49236,68.0,27.0,25.0,10.0,,,,,,,,,,,,,,,,,,,,,,,,,,,,,,,,,,,,,,,,,,,,,,,,,,,,,,,,,301.0,,,15.0,,,,,,,,,,,,,,,,,,,,,,,,,,,,,,,,,,,10.0,0.0,0.0,3.0,2.0,1.0,15.0,1.0,1.0,48.0,96.0,,,1.0,1.0,321.0,189.0,58.0,70.0,176.0,15.0,3.0,343.0,2.0,7.0,1.0,1.0,5234.0,0.0,2.0,4.0,3.0,3.0,3.0,0.0,1.0,0.0,0.0,0.0,3.0,2.0,2.0,7.0,1.0,1.0,0.16,0.72,2.64,2.56,0.03914078,2.024903433,12.63327599,12.29778242,0.944124606,0.31537259,40.47131856,80.94263712,1.072042575,0.952860858,2.720130613,18.91966526,873.7424018,291.0,174.0,86.72722417,349.1702178,2.32,3.52,2.64,1.28,0.16,21.82313861,5601.997558,0.496297779,4.162497498,3.66619972,3.634180508,2.369421653,1.120672403,0.432259356,0.118471083,350.1248474,-349.1702178,,,,,,,,,,,,,,,,,,,,,,,,,,,,,,,,,,,,,,,,,,,,,,,2020,,,,,,,,,,,,,,,,,,,,,,,,,,,,,,,,,,,,,
66.0,5.08,81.96,5.85,96.0,33.38461538,2.0,82.0,37.0,16.0,13.0,5.0,1.0,15.0,6.0,,,1.0,,4.52083333,13.0,9.61538462,1.0,22.0,11.0,4.0,3.0,1.0,,15.0,130.0,9.61538462,,,,,,,,6.0,7.0,18.0,2.0,,13.0,116.6919584,34.50930634,3.229215271,0.098933717,97.0,48.0,24.0,19.0,9.0,23.0,11.0,0.228525784,0.159968048,0.653824685,0.0223,4.177185461,9.171486888,0.560048186,0.032533066,0.076080518,0.049718619,25.0,12.0,6.0,5.0,2.0,15.30357839,3.0,1.0,0.051486405,0.00159,19.73238468,8.465160829,0.131466782,0.00499,1.003152696,0.131558559,1.134711255,0.46145024,0.073672793,0.535123033,0.535123033,14.125,Alexander Mattison,MIN,FA,69,4048244,,FA,,{},"['RB', 'RB/WR', 'RB/WR/TE', 'OP', 'BE', 'IR']",,,,,,,,,,,,,,,,,,,,,1.0,,,,,,,,,,,,,,,,,,,,,,,,,,,,,,,,,,,,,,,,,,,,,,,,,,,,,,,,,,,,,,,,,,,,,,,,,,,,,,,,,,,,,,,,,,,,,,,,,,,,,,,,,,,,,,,,,,,,,,,,,,,,,,,,,,,,,,,,,,,,,,,,,,,,,,,,,,,,,,,,,,,,,,,,,,,,,,,,,,,,,,,,,,,,,,,,,,,,,,,,,,,,,,,,,,,,,,,,,,,,,2020,,,,,,,,,,,,,,,,,,,,,,,,,,,,,,,,,,,,,
94.0,6.27,71.22,4.75,2.0,0.26666667,1.0,,,,,,,,,,,,,2.0,41.0,29.86666667,8.0,84.0,40.0,17.0,12.0,3.0,3.0,65.0,241.0,10.92682927,,,,,,1.0,1.0,11.0,4.0,54.0,1.0,,15.0,4.48589987,1.072987054,0.482080713,0.010252002,3.0,1.0,,,,,,0.008248097,0.005773668,0.0006,2.05e-05,3.602815037,29.28294493,3.925231691,0.145639426,0.140588696,0.091874713,88.0,44.0,22.0,17.0,8.0,41.60145985,8.0,4.0,0.307270447,0.00950321,58.23964005,10.60237693,0.155891428,0.0022,0.048672992,0.451384915,0.500057908,0.022389576,0.252775553,0.275165129,0.275165129,15.0625,Jonnu Smith,TEN,FA,8,3054212,,FA,,{},"['WR/TE', 'TE', 'RB/WR/TE', 'OP', 'BE', 'IR']",,,,,,,,,,,,,,,,,,,,6.0,,,,,,,,,,,,,,,,,,,,,,,,,,,,,,,,,,,,,,,,,,,,,,,,,,,,,,2.0,,,,,,,,,,,,,,,,,,,,,,,,,,,,,,,,,,,,,,,,,,,,,,,,,,,,,,,,,,,,,,,,,,,,,,,,,,,,,,,,,,,,,,,,,,,,,,,,,,,,,,,,,,,,,,,,,,,,,,,,,,,,,,,,,,,,,,,,,,,,,,,,,,,,,,,,,,,,,,,,,,,,,,,,2020,,,,,,,,,,,,,,,,,,,,,,,,,,,,,,,,,,,,,
96.0,6.86,110.32,7.35,1.0,0.85714286,,2.0,1.0,,,,,,,,,,,12.0,61.0,51.85714286,5.0,139.0,65.0,29.0,22.0,8.0,5.0,82.0,172.0,11.90163934,,1.0,,,,2.0,2.0,10.0,4.0,30.0,,1.0,14.0,2.065612653,0.874886175,0.097968698,0.00325,2.0,1.0,,,,,,0.00379,0.00265,0.00038,1.3e-05,6.379692236,49.5674857,5.784335411,0.25936063,0.234461745,0.15322075,149.0,74.0,37.0,29.0,14.0,56.04124418,11.0,5.0,1.280924475,0.0396,86.88700383,13.32251388,0.263,0.002,0.0162,0.43930638,0.455498683,0.00745,0.246011573,0.253460032,0.253460032,15.0625,Emmanuel Sanders,NO,FA,47,13295,,FA,,{},"['RB/WR', 'WR', 'WR/TE', 'RB/WR/TE', 'OP', 'BE', 'IR']",,,,1.0,1.0,1.0,,,,,,,,,,,,,1.0,2.0,,,,,,,,,,,,,,,,,,,,,,,,,,,,,,,,,,,,,,,,,,,,,,,,,,,,,,2.0,,,,,,,,,,,,,,,,,,,,,,,,,,,,,,,,,,,,,,,,,,,,,,,,,,,,,,,,,,,,,,,,,,,,,,,,,,,,,,,,,,,,,,,,,,,,,,,,,,,,,,,,,,,,,,,,,,,,,,,,,,,,,,,,,,,,,,,,,,,,,,,,,,,,,,,,,,,,,,,,,,,,,,,,2020,,,,,,,,,,,,,,,,,,,,,,,,,,,,,,,,,,,,,
91.0,5.69,110.87,6.93,,,,,,,,,,,,,,,,,,,,,,,,,,,,,,,,,,696.0,1045.0,7.0,9.0,,,,16.0,,,,,,,,,,,,,,,,,,,,,,,,,,,,,,,,,,,,,,,,,,,16.0,Patriots D/ST,NE,FA,11,-16017,,FA,,{},"['D/ST', 'BE', 'IR']",,,,,,,,717.0,67.0,25.0,0.19929,0.201816282,685.251,263.2247953,68.0,27.0,26.0,10.0,,,,,,,,,,,,,,,,,,,,,,,,,,,,,,,,,,,,,,,,,,,,,,,,,,,,,,,,,349.0,,,5.0,,,,,,,,,,,,,,,,,,,,,,,,,,,,,,,,,,,4.0,1.0,0.0,1.0,3.0,2.0,18.0,2.0,,24.0,48.0,,1.0,1.0,4.0,343.0,204.0,30.0,52.0,357.0,31.0,9.0,341.0,4.0,4.0,1.0,2.0,5660.0,0.0,0.0,4.0,4.0,5.0,1.0,2.0,0.0,0.0,1.0,0.0,1.0,3.0,4.0,4.0,1.0,2.0,0.230584468,1.040832666,3.538831065,3.074459568,0.042377538,2.118240364,13.82992541,7.99811049,0.939811237,0.384411114,38.89512769,77.79025538,1.184982594,0.93325777,2.561724185,12.30478537,935.7036577,311.0,187.0,86.39075986,327.2122176,2.321857486,3.074459568,1.93755004,0.704563651,0.076861489,20.4507636,5448.408418,0.713391113,5.610941336,4.17614348,3.35053354,1.579079204,0.400781524,0.144281349,0.024848454,340.5255261,-327.2122176,,,,,,,,,1.0,,,,1.0,,,,,,,,,,,,,,,,,,,,,,,,,,,,,,,,,,2020,,,,,,,,,,,,,,,,,,,,,,,,,,,,,,,,,,,,,
63.0,4.85,80.88,5.39,,,,,,,,,,,,,,,,,46.0,33.46153846,4.0,82.0,39.0,15.0,11.0,3.0,5.0,70.0,164.0,9.45652174,,,,,,2.0,3.0,10.0,3.0,24.0,,,13.0,,,,,,,,,,,,,,,,,34.24781787,4.94106288,0.257545768,0.163933247,0.107130377,103.0,51.0,25.0,20.0,10.0,48.39920472,9.0,4.0,0.46276592,0.0143,65.69901409,10.65839325,0.257545768,0.00113,,0.257866025,0.257866025,,0.144404974,0.144404974,0.144404974,15.0625,Austin Hooper,CLE,FA,23,3043275,,FA,,{},"['WR/TE', 'TE', 'RB/WR/TE', 'OP', 'BE', 'IR']",,,,,,,,,,,,,,,,,,,,4.0,,,,,,,,,,,,,,,,,,,,,,,,,,,,,,,,,,,,,,,,,,,,,,,,,,,,,,,1.0,,,,,,,,,,,,,,,,,,,,,,,,,,,,,,,,,,,,,,,,,,,,,,,,,,,,,,,,,,,,,,,,,,,,,,,,,,,,,,,,,,,,,,,,,,,,,,,,,,,,,,,,,,,,,,,,,,,,,,,,,,,,,,,,,,,,,,,,,,,,,,,,,,,,,,,,,,,,,,,,,,,,,,,2020,,,,,,,,,,,,,,,,,,,,,,,,,,,,,,,,,,,,,
151.0,9.44,120.49,7.53,,,,,,,,,,,,,,,,,,,,,,,,,,,,,,,,,,1.0,1.0,13.0,3.0,141.0,,,16.0,,,,,,,,,,,,,,,,,,,,,,,,,,,,,,,,,,,,,,,,,,,16.0,Tyler Bass,BUF,FA,4,3917232,,FA,,{},"['Rookie', 'K', 'BE', 'IR']",,,,,,,,,,,,,,,,,,,,,,,,,,,,,,,,,,,,,,,,,,,,,,,,,,,,,,,,,,,,,,,,,,,,,,,,,,,,,,,4.0,6.0,8.0,9.0,1.0,16.0,19.0,3.0,28.0,34.0,6.0,57.0,59.0,2.0,4.0,5.0,3.105573838,4.940461085,1.834887247,7.637168176,10.23611872,2.598950543,15.90576603,17.11401552,1.208249496,26.64850804,32.29059533,5.642087286,32.33602443,34.78487998,2.44885555,3.105573838,4.940461085,1.834887247,,,,,,,,,,,,,,,,,,,,,,,,,,,,,,,,,,,,,,,,,,,,,,,,,,,,,,,,,,,,,,,,,,,,,,,,,,,,,,,,,,,,,,,2.0,1.0,1.0,1.0,,,,,,,,,,,,,,,,,,,,,,,,,,,,,,,,,,,,,,,,2020,,,,,,,,,,,,,,,,,,,,,,,,,,,,,,,,,,,,,
295.0,18.44,228.8,15.25,32.0,9.75,1.0,27.0,12.0,4.0,3.0,,,2.0,,,,,,4.875,,,,,,,,,,,,,1.0,9.0,1.0,5.0,18.0,2.0,3.0,7.0,9.0,6.0,1.0,,16.0,33.10465622,6.035018428,1.803188609,0.055260211,18.0,9.0,4.0,3.0,1.0,6.0,3.0,0.061873242,0.04331127,0.022627788,0.000772,2.780093242,,,,,,,,,,,,,,,,,,1.275951373,0.0394,0.525375689,,8.961927264,0.241672817,,4.291217573,13.72282567,15.25,Kirk Cousins,MIN,FA,11,14880,,FA,,{},"['QB', 'OP', 'BE', 'IR']",,,,,,,,,,,,,,,,,,,,,,516.0,349.0,167.0,266.5625,35.0,848.0,421.0,207.0,163.0,79.0,36.0,62.0,27.0,28.0,11.0,4.0,2.0,4.0,5.0,13.0,0.67635659,39.0,8.0,16.0,9.0,4.0,2.0,496.2974467,335.3981358,160.8993108,245.4754218,21.15860636,748.0,374.0,187.0,149.0,74.0,37.0,67.0,33.0,2.983963183,1.95001994,2.820341903,0.380954241,1.220691162,9.4316081,0.675800648,35.30145545,8.436551575,4.049544756,,,,1.0,,,,,,,,,,,,,,,,,,,,,,,,,,,,,,,,,,,,,,,,,,,,,,,,,,,,,,,,,,,,,,,,,,,,,,,,,,,,,,,,,,,,,,,,,,,,,,,,,,,,,,,,,,,,,,,,,,,,,,,,,,,4.0,,,,,,,1.0,,,,,,,,,,,,,,,,,,,,,,,,,,,,,,,,,,,,,2020,,,,,,,,,,,,,,,,,,,,,,,,,,,,,,,,,,,,,
71.0,4.44,132.03,8.25,,,,,,,,,,,,,,,,,,,,,,,,,,,,,,,,,,666.0,972.0,6.0,10.0,,,,16.0,,,,,,,,,,,,,,,,,,,,,,,,,,,,,,,,,,,,,,,,,,,16.0,49ers D/ST,SF,FA,18,-16025,,FA,,{},"['D/ST', 'BE', 'IR']",,,,,,,,520.0,47.0,13.0,0.3303615,0.196152,686.70735,232.43269,68.0,27.0,23.0,9.0,,,,,,,,,,,,,,,,,,,,,,,,,,,,,,,,,,,,,,,,,,,,,,,,,,,,,,,,,306.0,,,13.0,,,,,,,,,,,,,,,,,,,,,,,,,,,,,,,,,,,8.0,0.0,1.0,4.0,2.0,1.0,12.0,1.0,,30.0,60.0,,,1.0,1.0,320.0,189.0,42.0,62.0,226.0,17.0,3.0,366.0,1.0,3.0,2.0,3.0,5030.0,0.0,1.0,7.0,2.0,2.0,4.0,0.0,0.0,0.0,0.0,1.0,4.0,2.0,1.0,3.0,2.0,3.0,0.274757184,1.241614098,4.101331731,3.39641534,0.042382079,2.124585935,12.79910467,12.52011804,0.930878889,0.563342146,42.44796678,84.89593356,1.132908331,0.991677604,2.693481514,19.26172005,933.4684217,311.0,186.0,69.60226336,317.4734972,2.323019926,2.795634325,1.497947332,0.344447782,0.024832282,19.84209357,5573.06506,0.592711254,4.80576692,3.892671205,3.508209852,2.018422107,0.800961153,0.304365238,0.076892271,348.3165663,-317.4734972,,,,,,,,,,,,,,,,,,,,,,,,,,,,,,,,,,,,,,,,,,,,,,,2020,,,,,,,,,,,,,,,,,,,,,,,,,,,,,,,,,,,,,
60.0,3.75,123.59,8.83,,,,,,,,,,,,,,,,,47.0,32.6875,2.0,100.0,48.0,22.0,16.0,5.0,5.0,104.0,89.0,11.12765957,,,,,,,,4.0,11.0,12.0,,,16.0,,,,,,,,,,,,,,,,,67.07752578,5.008037112,0.25643138,0.20980515,0.137107666,189.0,94.0,47.0,37.0,18.0,68.47786745,13.0,6.0,2.404738952,0.07437337,113.4940857,13.83615009,0.25643138,0.00391,,0.887805604,0.887805604,,0.497171138,0.497171138,0.497171138,14.125,A.J. Green,CIN,FA,70,13983,,FA,,{},"['RB/WR', 'WR', 'WR/TE', 'RB/WR/TE', 'OP', 'BE', 'IR']",,,,,,,,,,,,,,,,,,,,2.0,,,,,,,,,,,,,,,,,,,,,,,,,,,,,,,,,,,,,,,,,,,,,,,,,,,,,,,,,,,,,,,,,,,,,,,,,,,,,,,,,,,,,,,,,,,,,,,,,,,,,,,,,,,,,,,,,,,,,,,,,,,,,,,,,,,,,,,,,,,,,,,,,,,,,,,,,,,,,,,,,,,,,,,,,,,,,,,,,,,,,,,,,,,,,,,,,,,,,,,,,,,,,,,,,,,,,,,,,,,,,,2020,,,,,,,,,,,,,,,,,,,,,,,,,,,,,,,,,,,,,
79.0,5.27,97.98,6.53,1.0,0.06666667,,,,,,,,,,,,,,1.0,44.0,34.73333333,5.0,98.0,47.0,20.0,13.0,4.0,1.0,60.0,243.0,11.84090909,,,,,,1.0,1.0,9.0,6.0,32.0,,,15.0,,,,,,,,,,,,,,,,,46.80363281,4.664601226,0.261636669,0.137100318,0.089595058,140.0,70.0,35.0,28.0,14.0,64.35091256,12.0,6.0,1.094810998,0.0339,93.63979525,10.95524043,0.261636669,0.00213,,0.484805639,0.484805639,,0.271491158,0.271491158,0.271491158,15.0625,Tyler Higbee,LAR,FA,15,2573401,,FA,,{},"['WR/TE', 'TE', 'RB/WR/TE', 'OP', 'BE', 'IR']",,,,,,,,,,,,,,,,,,,,4.0,1.0,,,,,,,,,,,,,,,,,,,,,,,,,,,,,,,,,,,,,,,,,,,,,,,,,,,1.0,1.0,,,,,,,,,,,,,,,,,,,,,,,,,,,,,,,,,,,,,,,,,,,,,,,,,,,,,,,,,,,,,,,,,,,,,,,,,,,,,,,,,,,,,,,,,,,,,,,,,,,,,,,,,,,,,,,,,,,,,,,,,,,,,,,,,,,,,,,,,,,,,,,,,,,,,,,,,,,,,,,,,,,,,,,,,2020,,,,,,,,,,,,,,,,,,,,,,,,,,,,,,,,,,,,,
91.0,6.5,112.05,7.47,2.0,0.21428571,,,,,,,,,,,,,,1.5,48.0,44.35714286,6.0,118.0,55.0,23.0,20.0,7.0,4.0,79.0,187.0,12.9375,,1.0,,,,,,8.0,6.0,36.0,,,14.0,15.22628692,6.987448627,0.42180573,0.01534811,21.0,10.0,5.0,4.0,2.0,3.0,1.0,0.028170062,0.019719043,0.0297,0.00101,6.912285674,48.05984925,4.548551878,0.233646853,0.127726475,0.083469252,144.0,72.0,36.0,28.0,14.0,63.00228337,12.0,6.0,1.176174947,0.036376545,97.79450628,11.49008322,0.248994963,0.00186,0.082321696,0.340625053,0.422946749,0.03786798,0.19075003,0.22861801,0.22861801,15.0625,Christian Kirk,ARI,FA,42,3895856,,FA,,{},"['RB/WR', 'WR', 'WR/TE', 'RB/WR/TE', 'OP', 'BE', 'IR']",,2.0,2.0,1.0,1.0,,,20.0,2.0,,,0.0294228,,32.3205,,,3.0,1.0,,4.0,,,,,,,,,,,,,,,,,,,,,,,,,,,,,,,,,,,,,,,,,,,,,,,,,,,,,,,,,,,,,,,,,,,,,,,,,,,,,,,,,,,,,,,,,,,,,,,,,,,,,,,,,,,,,,,,132.0,9.0,3.0,,,,,,,,,,,,,,,,,,,,,,,,,,,,,,,,,,,,,,,,,,,,,,,,,,,,,,,,,,,,,,,,,,,,,,,,,,,,,,,,,,,,,,,,,,,,,,,,,,,,,,,,,,,,2020,,,,,,,,,,,,,,,,,,,,,,,,,,,,,,,,,,,,,
138.0,8.62,120.66,7.54,,,,,,,,,,,,,,,,,,,,,,,,,,,,,,,,,,1.0,2.0,12.0,4.0,121.0,,,16.0,,,,,,,,,,,,,,,,,,,,,,,,,,,,,,,,,,,,,,,,,,,16.0,Jason Myers,SEA,FA,7,2473037,,FA,,{},"['K', 'BE', 'IR']",,,,,,,,,,,,,,,,,,,,,,,,,,,,,,,,,,,,,,,,,,,,,,,,,,,,,,,,,,,,,,,,,,,,,,,,,,,1.0,,,,2.0,2.0,13.0,13.0,,9.0,9.0,,24.0,24.0,,49.0,53.0,4.0,1.0,1.0,2.793068201,4.460069524,1.667001323,6.872738951,9.240797641,2.368058691,14.32266843,15.44991404,1.127245603,23.98847559,29.1507812,5.162305616,41.39786863,44.64639798,3.24852935,2.793068201,4.460069524,1.667001323,,,,,,,,,,,,,,,,,,,,,,,,,,,,,,,,,,,,,,,,,,,,,,,,,,,,,,,,,,,,,,,,,,,,,,,,,,,,,,,,,,,,,,,,,1.0,,,,,,,,,,,,,,1.0,,,,,,,,,,,,,,,,,,,,,,,,,,,2020,,,,,,,,,,,,,,,,,,,,,,,,,,,,,,,,,,,,,
59.0,4.21,101.56,7.25,35.0,8.64285714,2.0,20.0,8.0,2.0,,,,3.0,,,,,,3.45714286,49.0,26.78571429,1.0,70.0,33.0,14.0,10.0,3.0,3.0,62.0,403.0,7.65306122,1.0,1.0,,,,1.0,1.0,6.0,8.0,18.0,2.0,,14.0,59.01779505,18.05353657,1.950493107,0.0502,51.0,25.0,12.0,10.0,5.0,11.0,5.0,0.111955499,0.0784,0.178,0.00607,4.320835841,35.28316781,2.711055791,0.116792083,0.079357613,0.0518602,99.0,49.0,24.0,19.0,9.0,55.46050439,11.0,5.0,0.424183691,0.0131,75.15989338,8.986119957,0.166987406,0.00331,0.388367825,0.364959,0.753326826,0.1786492,0.20437704,0.38302624,0.38302624,14.125,James White,NE,FA,58,16913,,FA,,{},"['RB', 'RB/WR', 'RB/WR/TE', 'OP', 'BE', 'IR']",,,,,,,,,,,,,,,,,,,,1.0,,,,,,,,,,,,,,,,,,,,,,,,,,,,,,,,,,,,,,,,,,,,,,,,,,,,,,,,,,,,,,,,,,,,,,,,,,,,,,,,,,,,,,,,,,,,,,,,,,,,,,,,,,,,,,,,,,,,,,,,,,,,,,,,,,,,,,,,,,,,,,,,,,,,,,,,,,,,,,,,,,,,,,,,,,,,,,,,,,,,,,,,,,,,,,,,,,,,,,,,,,,,,,,,,,,,,,,,,,,,,,2020,,,,,,,,,,,,,,,,,,,,,,,,,,,,,,,,,,,,,
135.0,8.44,56.76,3.78,87.0,28.5625,8.0,84.0,38.0,16.0,11.0,2.0,,12.0,3.0,,,,,5.25287356,8.0,6.125,1.0,17.0,7.0,2.0,1.0,,,12.0,36.0,12.25,7.0,10.0,3.0,5.0,7.0,1.0,1.0,12.0,4.0,54.0,7.0,,16.0,37.18102775,14.30868801,1.992996678,0.066098822,43.0,21.0,10.0,8.0,4.0,7.0,3.0,0.069655005,0.048758504,0.126,0.00431,5.796628715,10.98070007,1.336915097,0.0599452,0.143602016,0.093843917,33.0,16.0,8.0,6.0,3.0,14.86986717,2.0,1.0,0.06244027,0.001931142,21.72175096,11.12295038,0.126044021,0.00244,0.395518109,0.158180182,0.553698291,0.18193833,0.088580902,0.270519232,0.270519232,15.0625,Taysom Hill,NO,FA,30,2468609,,FA,,{},"['QB', 'OP', 'BE', 'IR']",,,,,,,,,,,0.0099645,,34.26255,,3.0,1.0,,,,,1.0,121.0,88.0,33.0,58.0,4.0,182.0,89.0,42.0,34.0,14.0,6.0,14.0,5.0,6.0,2.0,,,,,2.0,0.72727273,14.0,3.0,,2.0,1.0,1.0,,,,,,,,,,,,,,,,,,,,,,,,,,,,1.0,,,,,,,,,,,,,,,,,,,,,,,,,,,,,,,,,,,,,,,,,,,,,,,,,,,,,,,,,,,,,,,,,,,,,,,,,,,,,,,,,,,,,,,,,,,,,,,,,,,,,,,,,,,,,,,,,,,,,,,,,,2.0,,,,,,,,,,,,,,,,,,,,,,,,,,,,,,,,,,,,,,,,,,,,2020,,,,,,,,,,,,,,,,,,,,,,,,,,,,,,,,,,,,,
146.0,9.12,123.77,7.74,,,,,,,,,,,,,,,,,,,,,,,,,,,,,,,,,,,,6.0,10.0,135.0,,,16.0,,,,,,,,,,,,,,,,,,,,,,,,,,,,,,,,,,,,,,,,,,,16.0,Greg Zuerlein,DAL,FA,7,14993,,FA,,{},"['K', 'BE', 'IR']",,,,,,,,,,,,,,,,,,,,,,,,,,,,,,,,,,,,,,,,,,,,,,,,,,,,,,,,,,,,,,,,,,,,,,,,,,,,,,,3.0,9.0,12.0,13.0,1.0,19.0,19.0,,34.0,41.0,7.0,33.0,36.0,3.0,3.0,8.0,2.990218789,4.881115978,1.890897189,7.383717147,10.11316186,2.729444716,15.44433328,16.90844097,1.46410769,25.81826922,31.90271881,6.084449596,39.03068124,42.72139738,3.690716141,2.990218789,4.881115978,1.890897189,,,,,,,,,,,,,,,,,,,,,,,,,,,,,,,,,,,,,,,,,,,,,,,,,,,,,,,,,,,,,,,,,,,,,,,,,,,,,,,,,,,,,,,6.0,5.0,1.0,1.0,,,,,,,,,,,,,,,,,,,,,,,,,,,,,,,,,,,,,,,,2020,,,,,,,,,,,,,,,,,,,,,,,,,,,,,,,,,,,,,
82.0,8.2,70.31,6.39,137.0,69.1,2.0,135.0,66.0,31.0,23.0,10.0,3.0,24.0,10.0,,,3.0,,5.04379562,5.0,5.2,,9.0,4.0,,,,,7.0,56.0,10.4,1.0,1.0,,,,,,4.0,6.0,12.0,1.0,,10.0,100.4597936,36.78256184,2.863921718,0.073917284,83.0,41.0,20.0,16.0,8.0,20.0,10.0,0.197437187,0.138206031,0.589051779,0.0201,4.16486662,9.314605828,0.472833747,0.020354527,0.046738465,0.030543587,21.0,10.0,5.0,4.0,2.0,12.96165639,2.0,1.0,0.042044037,0.0013,17.2560892,8.174390531,0.094271811,0.00431,0.868592208,0.112068653,0.980660861,0.399552416,0.062758446,0.462310862,0.462310862,11.375,Damien Harris,NE,FA,41,3925347,,FA,,{},"['RB', 'RB/WR', 'RB/WR/TE', 'OP', 'BE', 'IR']",,,,,,,,,,,,,,,,,,,,,,,,,,,,,,,,,,,,,,,,,,,,,,,,,,,,,,,,,,,,,,,,,,,,,,,,,,,,,1.0,,,,,,,,,,,,,,,,,,,,,,,,,,,,,,,,,,,,,,,,,,,,,,,,,,,,,,,,,,,,,,,,,,,,,,,,,,,,,,,,,,,,,,,,,,,,,,,,,,,,,,,,,,,,,,,,,,,,,,,,,,,,,,,,,,,,,,,,,,,,,,,,,,,,,,,,,,,,,,,,,,,,,2020,,,,,,,,,,,,,,,,,,,,,,,,,,,,,,,,,,,,,
187.0,15.58,266.2,19.01,52.0,23.0,5.0,50.0,22.0,8.0,5.0,1.0,,5.0,,,,,,5.30769231,,,,,,,,,,,,,3.0,10.0,1.0,4.0,19.0,,,3.0,8.0,30.0,4.0,,12.0,54.33501083,14.4257725,1.711313916,0.106546032,42.0,21.0,10.0,8.0,4.0,10.0,5.0,0.102776087,0.071943261,0.123,0.0042,3.921388006,,,,,,,,,,,,,,,,,,2.332085242,0.0486,0.972180529,,11.04851693,0.447203043,,5.283844516,14.45174787,14.77,Carson Wentz,IND,FA,21,2573079,,FA,,{},"['QB', 'OP', 'BE', 'IR']",,,,,,,,,,,,,,,,,,,,,,437.0,251.0,186.0,218.33333333,16.0,519.0,256.0,124.0,99.0,47.0,21.0,47.0,20.0,32.0,12.0,1.0,,1.0,5.0,15.0,0.57437071,50.0,6.0,9.0,3.0,1.0,2.0,528.7261977,339.830871,188.8953266,257.6429594,26.7200959,761.0,380.0,190.0,152.0,76.0,38.0,67.0,33.0,3.073688864,2.008655673,2.982235315,0.402821796,2.225539211,9.167903354,0.642735073,34.43859688,10.0763364,4.836641473,,,,,1.0,,,,,,,,,,,,,,,,,,,,,,,,,,,,,,,,,,,,,,,,,,,,,,,,,,,,,,,,,,,,,,,,,,,,,,,,,,,,,,,,,,,,,,,,,,,,,,,,,,,,,,,,,,,,,,,,,,,,,,,,,,3.0,,,,,,,,,,,,,,,,,,,,,,,,,,,,,,,,,,,,,,,,,,,,2020,,,,,,,,,,,,,,,,,,,,,,,,,,,,,,,,,,,,,
75.0,4.69,87.72,5.48,,,,,,,,,,,,,,,,,,,,,,,,,,,,,,,,,,669.0,985.0,13.0,3.0,,,,16.0,,,,,,,,,,,,,,,,,,,,,,,,,,,,,,,,,,,,,,,,,,,16.0,Packers D/ST,GB,FA,19,-16009,,FA,,{},"['D/ST', 'BE', 'IR']",,,,,,,,623.0,56.0,20.0,0.0973455,0.1988268,650.5633909,246.6642278,65.0,26.0,24.0,9.0,,,,,,,,,,,,,,,,,,,,,,,,,,,,,,,,,,,,,,,,,,,,,,,,,,,,,,,,,316.0,,,12.0,,,,,,,,,,,,,,,,,,,,,,,,,,,,,,,,,,,7.0,0.0,0.0,0.0,6.0,2.0,11.0,,1.0,41.0,82.0,,,1.0,2.0,324.0,189.0,29.0,74.0,53.0,1.0,,363.0,3.0,2.0,5.0,0.0,5344.0,0.0,0.0,4.0,5.0,6.0,1.0,0.0,0.0,0.0,0.0,0.0,0.0,6.0,3.0,2.0,5.0,0.0,0.151184882,0.679932007,2.527747225,2.495750425,0.043330976,2.052836289,12.08897939,7.693874514,1.00587744,0.280026764,38.00597504,76.01195007,1.150565793,0.902270496,2.392339565,11.83673002,905.7096609,301.0,181.0,80.65739847,359.603692,2.319768023,3.575642436,2.727727227,1.351864814,0.170382962,22.47523075,5830.361367,0.207750699,2.237315222,2.988413903,4.011186576,3.419896125,2.077506992,0.815021974,0.24290851,364.3975854,-359.603692,,,,,,,,,1.0,,,,,,,,,,,,,,,,,,,,,,,,,,,,,,,,,,,,,,2020,,,,,,,,,,,,,,,,,,,,,,,,,,,,,,,,,,,,,
79.0,6.08,113.24,8.09,112.0,37.0,4.0,91.0,42.0,18.0,13.0,4.0,,15.0,4.0,,,,,4.29464286,14.0,7.30769231,1.0,18.0,7.0,2.0,2.0,,,18.0,92.0,6.78571429,,,,,,,,11.0,2.0,30.0,4.0,,13.0,149.741849,45.64635937,4.786320693,0.16,128.0,64.0,32.0,25.0,12.0,29.0,14.0,0.298451161,0.208915812,1.14,0.0388,4.305775776,12.54646139,0.767545818,0.042869382,0.050581479,0.033054996,35.0,17.0,8.0,7.0,3.0,22.51061729,4.0,2.0,0.066370836,0.00205,29.8027968,7.872674695,0.202589074,0.00714,1.41100807,0.212116138,1.623124208,0.649063712,0.118785037,0.767848749,0.767848749,14.125,Zack Moss,BUF,FA,43,4035676,,FA,,{},"['Rookie', 'RB', 'RB/WR', 'RB/WR/TE', 'OP', 'BE', 'IR']",,,,,,,,,,,,,,,,,,,,1.0,,,,,,,,,,,,,,,,,,,,,,,,,,,,,,,,,,,,,,,,,,,,,,,,,,,,,,,,,,,,,,,,,,,,,,,,,,,,,,,,,,,,,,,,,,,,,,,,,,,,,,,,,,,,,,,,,,,,,,,,,,,,,,,,,,,,,,,,,,,,,,,,,,,,,,,,,,,,,,,,,,,,,,,,,,,,,,,,,,,,,,,,,,,,,,,,,,,,,,,,,,,,,,,,,,,,,,,,,,,,,,2020,,,,,,,,,,,,,,,,,,,,,,,,,,,,,,,,,,,,,
62.0,6.89,109.21,7.28,,,,,,,,,,,,,,,,,33.0,50.88888889,3.0,89.0,44.0,20.0,13.0,5.0,3.0,52.0,172.0,13.87878788,,,,,,,,7.0,2.0,18.0,,1.0,9.0,2.079747903,0.809710258,0.046857255,0.001563628,2.0,1.0,,,,,,0.003818659,0.002673061,0.000318741,1.09e-05,5.864297661,52.59968825,4.798821913,0.268027155,0.16989515,0.11102648,158.0,79.0,39.0,31.0,15.0,55.13240899,11.0,5.0,1.50487126,0.0465,99.91755089,14.37054572,0.269590783,0.00165,0.013598695,0.360490224,0.374088919,0.006255399,0.201874526,0.208129925,0.208129925,15.0625,John Brown,BUF,FA,86,16804,,FA,,{},"['RB/WR', 'WR', 'WR/TE', 'RB/WR/TE', 'OP', 'BE', 'IR']",,1.0,,,,,,,,,,,,,,,,,,,,,,,,,,,,,,,,,,,,,,,,,,,,,,,,,,,,,,,,,,,,,,,,,,,,,,,,1.0,,,,,,,,,,,,,,,,,,,,,,,,,,,,,,,,,,,,,,,,,,,,,,,,,,,,,,,,,,,,,,,,,,,,,,,,,,,,,,,,,,,,,,,,,,,,,,,,,,,,,,,,,,,,,,,,,,,,,,,,,,,,,,,,,,,,,,,,,,,,,,,,,,,,,,,,,,,,,,,,,,,,,,,,2020,,,,,,,,,,,,,,,,,,,,,,,,,,,,,,,,,,,,,
85.0,5.31,65.56,5.04,81.0,19.9375,5.0,59.0,28.0,11.0,9.0,3.0,,10.0,4.0,,,,,3.9382716,33.0,15.8125,1.0,47.0,21.0,8.0,4.0,,1.0,46.0,180.0,7.66666667,,,,,,3.0,3.0,6.0,10.0,36.0,3.0,,16.0,84.4479877,24.11594191,1.997197813,0.071067382,63.0,31.0,15.0,12.0,6.0,16.0,8.0,0.162451702,0.113716192,0.276001042,0.00942,3.765974686,13.19387967,0.972579712,0.060385276,0.053208032,0.034771449,34.0,17.0,8.0,6.0,3.0,22.42382263,4.0,2.0,0.065273741,0.002018775,28.88506074,7.75935,0.131452658,0.00272,0.489215416,0.129903388,0.619118804,0.225039091,0.072745897,0.297784989,0.297784989,13.1875,Jerick McKinnon,SF,FA,38,16782,,FA,,{},"['RB', 'RB/WR', 'RB/WR/TE', 'OP', 'BE', 'IR']",,,,,,,,239.0,22.0,5.0,0.0099645,,34.26255,,3.0,1.0,,,,1.0,,,,,,,,,,,,,,,,,,,,,,,,,,,,,,,,,,,,,,,,,,,,,,,,,,,,,,,,2.0,,,,,,,,,,,,,,,,,,,,,,,,,,,,,,,,,,,,,,,,,,,,,,,,,,,,,,,,,,,,,,,,,,,,,,,,,,,,,,,,,,,,,,,,,,,,,,,,,,,,,,,,,,,,,,,,,,,,,,,,,,,,,,,,,,,,,,,,,,,,,,,,,,,,,,,,,,,,,,,,,,,,,,2020,,,,,,,,,,,,,,,,,,,,,,,,,,,,,,,,,,,,,
102.0,6.8,126.21,7.89,,,,,,,,,,,,,,,,,,,,,,,,,,,,,,,,,,,,6.0,9.0,93.0,,,15.0,,,,,,,,,,,,,,,,,,,,,,,,,,,,,,,,,,,,,,,,,,,16.0,Robbie Gould,SF,FA,23,9354,,FA,,{},"['K', 'BE', 'IR']",,,,,,,,,,,,,,,,,,,,,,,,,,,,,,,,,,,,,,,,,,,,,,,,,,,,,,,,,,,,,,,,,,,,,,,,,,,,,,,2.0,4.0,9.0,10.0,1.0,8.0,9.0,1.0,19.0,23.0,4.0,36.0,38.0,2.0,2.0,4.0,3.071407269,4.866977228,1.795569959,7.548489141,10.08386785,2.53537871,15.71084203,16.8594636,1.148621572,26.33073844,31.81030868,5.479570241,39.00237656,41.84486422,2.842487666,3.071407269,4.866977228,1.795569959,,,,,,,,,,,,,,,,,,,,,,,,,,,,,,,,,,,,,,,,,,,,,,,,,,,,,,,,,,,,,,,,,,,,,,,,,,,,,,,,,,,,,,,2.0,2.0,,,,,,,,,,,,,,,,,,,,,,,,,,,,,,,,,,,,,,,,,,2020,,,,,,,,,,,,,,,,,,,,,,,,,,,,,,,,,,,,,
90.0,5.62,75.64,4.73,,,,,,,,,,,,,,,,,,,,,,,,,,,,,,,,,,744.0,1041.0,8.0,8.0,,,,16.0,,,,,,,,,,,,,,,,,,,,,,,,,,,,,,,,,,,,,,,,,,,16.0,Cardinals D/ST,ARI,FA,12,-16022,,FA,,{},"['D/ST', 'BE', 'IR']",,,,,,,,525.0,48.0,14.0,0.19929,0.2389488,685.251,234.9557057,68.0,27.0,23.0,9.0,,,,,,,,,,,,,,,,,,,,,,,,,,,,,,,,,,,,,,,,,,,,,,,,,,,,,,,,,297.0,,,15.0,,,,,,,,,,,,,,,,,,,,,,,,,,,,,,,,,,,10.0,0.0,0.0,4.0,1.0,,11.0,2.0,1.0,48.0,96.0,,,,,342.0,200.0,50.0,57.0,136.0,9.0,3.0,345.0,3.0,3.0,5.0,0.0,5631.0,0.0,2.0,1.0,6.0,3.0,2.0,1.0,0.0,1.0,0.0,0.0,4.0,1.0,3.0,3.0,5.0,0.0,0.063130556,0.279692338,1.406452902,1.853960643,0.038467624,2.055484698,12.21044086,10.04561016,0.933632707,0.35295818,39.07333892,78.14667783,1.098735319,0.956749379,2.532191122,15.45478486,987.4669743,329.0,197.0,67.30763849,391.6014541,2.317450804,4.131455399,3.604035561,2.069723304,0.274098492,24.47509088,5836.817102,0.13577597,1.757100784,2.819348076,4.105226376,3.681924824,2.316178306,0.910497679,0.273947986,364.8010689,-391.6014541,,,,,,,,,,,,,,,,,,,,,,,,,,,,,,,,,,,,,,,,,,,,,,,2020,,,,,,,,,,,,,,,,,,,,,,,,,,,,,,,,,,,,,
75.0,4.69,35.63,2.54,101.0,26.1875,5.0,78.0,36.0,15.0,11.0,2.0,,14.0,4.0,,,,,4.14851485,23.0,10.125,,30.0,11.0,2.0,2.0,,1.0,33.0,183.0,7.04347826,,1.0,,1.0,1.0,3.0,3.0,10.0,6.0,30.0,5.0,,16.0,45.91350564,13.21707114,1.923291017,0.0617,37.0,18.0,9.0,7.0,3.0,9.0,4.0,0.0866,0.0606,0.103,0.00351,4.066148451,4.199958896,0.214267699,0.012031537,0.061603644,0.040257981,11.0,5.0,2.0,2.0,1.0,7.179495064,1.0,,0.02853985,0.000883,9.522760079,8.263035057,0.073751886,0.00165,0.324278358,0.050707408,0.374985766,0.149,0.028396149,0.177564193,0.177564193,14.125,Malcolm Brown,LAR,FA,48,2570986,,FA,,{},"['RB', 'RB/WR', 'RB/WR/TE', 'OP', 'BE', 'IR']",,,,,,1.0,1.0,,,,,,,,,,,,,,,,,,,,,,,,,,,,,,,,,,,,,,,,,,,,,,,,,,,,,,,,,,,,,,,,,,,,,,,,,,,,,,,,,,,,,,,,,,,,,,,,,,,,,,,,,,,,,,,,,,,,,,,,,,,,,,,,,,,,,,,,,,,,,,,,,,,,,,,,,,,,,,,,,,,,,,,,,,,,,,,,,,,,,,,,,,,,,,,,,,,,,,,,,,,,,,,,,,,,,,,,,,,,,,,,,,,,,,,,,,,2020,,,,,,,,,,,,,,,,,,,,,,,,,,,,,,,,,,,,,
231.0,14.44,222.93,15.92,54.0,10.3125,1.0,28.0,10.0,4.0,2.0,,,4.0,,,,,,3.05555556,1.0,0.375,,1.0,,,,,,1.0,1.0,6.0,3.0,8.0,1.0,4.0,12.0,,,11.0,5.0,6.0,1.0,,16.0,30.73379688,8.529797505,1.545958551,0.054728309,24.0,12.0,6.0,4.0,2.0,6.0,3.0,0.057427323,0.040199126,0.042782534,0.00146,3.982670761,,,,,,,,,,,,,,,,,,1.320623895,0.029,0.379760621,,6.590290047,0.174689886,,3.15574401,17.54558463,14.35,Baker Mayfield,CLE,FA,19,3052587,,FA,,{},"['QB', 'OP', 'BE', 'IR']",,,,,,,,,,,,,,,,,,,,,,486.0,305.0,181.0,222.6875,26.0,705.0,347.0,169.0,133.0,62.0,27.0,55.0,23.0,31.0,10.0,2.0,1.0,2.0,1.0,8.0,0.62757202,26.0,4.0,17.0,4.0,3.0,,469.2748799,293.4988516,175.7760283,240.0014251,24.23213601,688.0,344.0,172.0,137.0,68.0,34.0,58.0,29.0,2.687738278,1.756436965,2.441423096,0.329772246,1.265895586,14.38984062,0.625430562,33.33950264,6.210529426,2.981054125,,,,,,,,,,,,,,,,,,,,,,,,,,,,,,,,,,,,,,,,,,,,,,,,,,,,,,,,,,,,,,,,,,,,,,,,,,,,,,,,,,,,,,,,,,,,,,,,,,,,,,,,,,,,,,,,,,,,,,,,,,,,,,,3.0,,,,,,,,,,,,,,,,,,,,,,,,,,,,,,,,,,,,,,,,,,,,2020,,,,,,,,,,,,,,,,,,,,,,,,,,,,,,,,,,,,,
60.0,8.57,143.24,9.55,3.0,10.28571429,1.0,14.0,7.0,3.0,2.0,1.0,,,,1.0,1.0,,,24.0,23.0,45.57142857,3.0,61.0,29.0,13.0,10.0,4.0,2.0,43.0,45.0,13.86956522,,,,,,1.0,1.0,5.0,2.0,24.0,,1.0,7.0,4.134843413,1.592794355,0.128135995,0.004531008,4.0,2.0,1.0,,,,,0.007601092,0.005320764,0.00141,4.8e-05,5.802266875,66.90041291,6.742016394,0.351413855,0.173015519,0.113065641,201.0,100.0,50.0,40.0,20.0,71.95563604,14.0,7.0,2.806898898,0.086811306,126.6785235,14.00428827,0.355944863,0.002832387,0.034980718,0.608743676,0.643724393,0.01609113,0.340896459,0.356987589,0.356987589,15.0625,Odell Beckham Jr.,CLE,FA,70,16733,,FA,,{},"['RB/WR', 'WR', 'WR/TE', 'RB/WR/TE', 'OP', 'BE', 'IR']",,1.0,,,,,,,,,,,,,,,,,,1.0,,1.0,1.0,,2.57142857,,3.0,1.0,,,,,,,,,,,,,,1.0,,,,,,,,,,,,,,,,,,,,,,,,,,,,,,,,,,,,,,,,,,,,,,,,,,,,,,,,,,,,,,,,,,,,,,,,,,,,,,,,,,,,,,,,,,,,,,,,,,,,,,,,,,,,,,,,,,,,,,,,,,,,,,,,,,,,,,,,,,,,,,,,,,,,,,,,,,,,,,,,,,,,,,,,,,,,,,,,,,,,,,,,,,,,,,,,,,,,,,,,2020,,,,,,,,,,,,,,,,,,,,,,,,,,,,,,,,,,,,,
102.0,6.38,78.27,5.22,2.0,0.5625,,2.0,1.0,,,,,,,,,,,4.5,72.0,49.125,4.0,151.0,72.0,32.0,24.0,9.0,7.0,110.0,289.0,10.91666667,,,,,,,,4.0,12.0,24.0,,,16.0,3.603626547,1.213878068,0.079901697,0.005829812,3.0,1.0,,,,,,0.006622538,0.004635776,0.000787383,2.69e-05,5.073788353,37.15515056,3.618117579,0.257917548,0.109598619,0.071622698,111.0,55.0,27.0,22.0,11.0,52.06000659,10.0,5.0,0.578861391,0.01790293,78.30657091,10.75008422,0.26374736,0.002118676,0.031173105,0.450344122,0.481517227,0.014339628,0.252192708,0.266532337,0.266532337,15.0625,Russell Gage,ATL,FA,46,3115378,,FA,,{},"['RB/WR', 'WR', 'WR/TE', 'RB/WR/TE', 'OP', 'BE', 'IR']",,,,1.0,1.0,,,,,,,0.0124824,,11.99202,,,1.0,,,2.0,,2.0,1.0,1.0,2.4375,1.0,7.0,3.0,1.0,1.0,,,,,,,,,,,,0.5,,,,,,1.0,,,,,,,,,,,,,,,,,,,,,,,,,,2.0,,,,,,,,,,,,,,,,,,,,,,,,,,,,,,,,,,,,,,,,,,,,,,,,,,,,,,,,,,,,,,,,,,,,,,,,,,,,,,,,,,,,,,,,,,,,,,,,,,,,,,,,,,,,,,,,,,,,,,,,,,,,,,,,,,,,,,,,,,,,,,,,,,,,,,,,,,,,,,,,,,,,,,,,2020,,,,,,,,,,,,,,,,,,,,,,,,,,,,,,,,,,,,,
8.0,4.0,230.58,16.47,19.0,17.0,,6.0,2.0,1.0,1.0,,,3.0,1.0,,,,,1.78947368,6.0,30.0,,12.0,6.0,3.0,2.0,1.0,1.0,9.0,55.0,10.0,,,,,,,,,2.0,,,,2.0,263.0576296,83.74270508,8.821384698,0.294964391,236.0,118.0,59.0,47.0,23.0,52.0,26.0,0.555999946,0.389199962,3.84,0.131,4.496602935,32.56873509,2.416322575,0.109270558,0.05072864,0.033151166,92.0,46.0,23.0,18.0,9.0,57.75320284,11.0,5.0,0.342540328,0.0106,77.23780581,7.965504258,0.404234949,0.00783,1.459883033,0.320511217,1.78039425,0.671546195,0.179486281,0.851032476,0.851032476,14.125,Saquon Barkley,NYG,FA,112,3929630,,FA,,{},"['RB', 'RB/WR', 'RB/WR/TE', 'OP', 'BE', 'IR']",,,,,,,,,,,,,,,,,,,,,,,,,,,,,,,,,,,,,,,,,,,,,,,,,,,,,,,,,,,,,,,,,,,,,,,,,,,,,,,,,,,,,,,,,,,,,,,,,,,,,,,,,,,,,,,,,,,,,,,,,,,,,,,,,,,,,,,,,,,,,,,,,,,,,,,,,,,,,,,,,,,,,,,,,,,,,,,,,,,,,,,,,,,,,,,,,,,,,,,,,,,,,,,,,,,,,,,,,,,,,,,,,,,,,,,,,,,,,,,,,,2020,,,,,,,,,,,,,,,,,,,,,,,,,,,,,,,,,,,,,
48.0,3.0,100.03,6.25,,,,,,,,,,,,,,,,,,,,,,,,,,,,,,,,,,666.0,998.0,7.0,9.0,,,,16.0,,,,,,,,,,,,,,,,,,,,,,,,,,,,,,,,,,,,,,,,,,,16.0,Chargers D/ST,LAC,FA,23,-16024,,FA,,{},"['D/ST', 'BE', 'IR']",,,,,,,,924.0,85.0,30.0,0.177828,0.5450648,687.4273574,273.33484,68.0,27.0,27.0,10.0,,,,,,,,,,,,,,,,,,,,,,,,,,,,,,,,,,,,,,,,,,,,,,,,,,,,,,,,,332.0,,,6.0,,,,,,,,,,,,,,,,,,,,,,,,,,,,,,,,,,,7.0,0.0,0.0,1.0,2.0,2.0,12.0,2.0,1.0,27.0,54.0,,,2.0,2.0,328.0,194.0,35.0,55.0,100.0,6.0,1.0,426.0,2.0,3.0,6.0,2.0,5495.0,0.0,0.0,6.0,4.0,2.0,3.0,1.0,0.0,0.0,0.0,0.0,1.0,2.0,2.0,3.0,6.0,2.0,0.221755229,1.00070049,3.426398479,3.010107075,0.041936639,2.085362938,11.05136938,6.749049974,0.933500039,0.341193398,36.38268215,72.7653643,1.109235311,0.976127627,2.850192377,10.38315381,903.7218993,301.0,180.0,55.30701489,328.9572701,2.321625138,3.130191134,2.025417792,0.776543581,0.087261083,20.55982938,5553.604756,0.616832724,4.966705052,3.949331598,3.476693536,1.930606319,0.720973314,0.272367696,0.066489761,347.1002973,-328.9572701,,,,,,,,,,,,,,,,,,,,,,,,,,,,,,,,,,,,,,,,,,,,,,,2020,,,,,,,,,,,,,,,,,,,,,,,,,,,,,,,,,,,,,
51.0,3.92,75.3,5.02,3.0,2.0,,4.0,2.0,1.0,,,,,,,,,,8.66666667,40.0,38.69230769,1.0,96.0,43.0,19.0,15.0,4.0,2.0,61.0,280.0,12.575,,,,,,1.0,2.0,9.0,4.0,6.0,,,13.0,,,,,,,,,,,,,,,,,34.80043051,3.890846712,0.197310897,0.218947643,0.143082285,104.0,52.0,26.0,20.0,10.0,38.30466922,7.0,3.0,0.489482484,0.0151,62.12015328,13.68453234,0.197310897,0.00176,,0.401047018,0.401047018,,0.22458633,0.22458633,0.22458633,15.0625,Michael Pittman Jr.,IND,FA,86,4035687,,FA,,{},"['Rookie', 'RB/WR', 'WR', 'WR/TE', 'RB/WR/TE', 'OP', 'BE', 'IR']",,1.0,,1.0,1.0,,,,,,,,,,,,,,,,,,,,,,,,,,,,,,,,,,,,,,,,,,,,,,,,,,,,,,,,,,,,,,,,,,,,,,1.0,,,,,,,,,,,,,,,,,,,,,,,,,,,,,,,,,,,,,,,,,,,,,,,,,,,,,,,,,,,,,,,,,,,,,,,,,,,,,,,,,,,,,,,,,,,,,,,,,,,,,,,,,,,,,,,,,,,,,,,,,,,,,,,,,,,,,,,,,,,,,,,,,,,,,,,,,,,,,,,,,,,,,,,2020,,,,,,,,,,,,,,,,,,,,,,,,,,,,,,,,,,,,,
122.0,7.62,117.52,7.35,,,,,,,,,,,,,,,,,,,,,,,,,,,,,,,,,,2.0,2.0,5.0,11.0,120.0,,,16.0,,,,,,,,,,,,,,,,,,,,,,,,,,,,,,,,,,,,,,,,,,,16.0,Joey Slye,CAR,FA,14,3124084,,FA,,{},"['K', 'BE', 'IR']",,,,,,,,,,,,,,,,,,,,,,,,,,,,,,,,,,,,,,,,,,,,,,,,,,,,,,,,,,,,,,,,,,,,,,,,,,,,,,,1.0,6.0,7.0,8.0,1.0,21.0,22.0,1.0,29.0,36.0,7.0,33.0,36.0,3.0,1.0,4.0,3.047856851,4.73536435,1.687507499,7.467654283,9.811179731,2.343525449,15.49212325,16.40354971,0.911426461,26.00763438,30.95009379,4.942459409,30.88089045,32.69073997,1.809849522,3.047856851,4.73536435,1.687507499,,,,,,,,,,,,,,,,,,,,,,,,,,,,,,,,,,,,,,,,,,,,,,,,,,,,,,,,,,,,,,,,,,,,,,,,,,,,,,,,,,,,,,,5.0,3.0,2.0,2.0,,,,,,,,,,,,,,,,,,,,,,,,,,,,,,,,,,,,,,,,2020,,,,,,,,,,,,,,,,,,,,,,,,,,,,,,,,,,,,,
132.0,8.25,119.12,7.44,,,,,,,,,,,,,,,,,,,,,,,,,,,,,,,,,,,1.0,6.0,10.0,114.0,,,16.0,,,,,,,,,,,,,,,,,,,,,,,,,,,,,,,,,,,,,,,,,,,16.0,Graham Gano,NYG,FA,12,12460,,FA,,{},"['K', 'BE', 'IR']",,,,,,,,,,,,,,,,,,,,,,,,,,,,,,,,,,,,,,,,,,,,,,,,,,,,,,,,,,,,,,,,,,,,,,,,,,,1.0,,,,5.0,6.0,9.0,9.0,,17.0,17.0,,31.0,32.0,1.0,21.0,23.0,2.0,5.0,6.0,2.936368646,4.584392168,1.648023522,7.199908549,9.498381159,2.29847261,14.94861124,15.88057418,0.93196294,25.08488843,29.9633475,4.878459073,35.66845389,37.88413481,2.215680927,2.936368646,4.584392168,1.648023522,,,,,,,,,,,,,,,,,,,,,,,,,,,,,,,,,,,,,,,,,,,,,,,,,,,,,,,,,,,,,,,,,,,,,,,,,,,,,,,,,,,,,,,1.0,1.0,,,,,,,,,,,,,,,,,,,,,,,,,,,,,,,,,,,,,,,,,,2020,,,,,,,,,,,,,,,,,,,,,,,,,,,,,,,,,,,,,
58.0,3.62,55.25,3.95,93.0,26.4375,3.0,80.0,36.0,15.0,12.0,4.0,,13.0,2.0,,,,,4.5483871,17.0,5.25,,13.0,4.0,1.0,,,,21.0,82.0,4.94117647,1.0,1.0,,,,2.0,3.0,8.0,8.0,18.0,1.0,,16.0,71.01782722,20.10624629,1.906136206,0.047892757,56.0,28.0,14.0,11.0,5.0,14.0,7.0,0.135611559,0.094928091,0.22,0.00751,3.999006165,9.317373878,0.598539394,0.020320957,0.071154411,0.046499407,26.0,13.0,6.0,5.0,2.0,15.79610509,3.0,1.0,0.052099277,0.00161,20.38272083,8.331668173,0.068213714,0.00435,0.808343838,0.179795478,0.988139316,0.371838165,0.100685468,0.472523633,0.472523633,14.125,Devontae Booker,LV,FA,53,3122866,,FA,,{},"['RB', 'RB/WR', 'RB/WR/TE', 'OP', 'BE', 'IR']",,,,,,,,4.0,,,,,,,,,,,,,,,,,,,,,,,,,,,,,,,,,,,,,,,,,,,,,,,,,,,,,,,,,,,,,,,,,,,1.0,,2.0,,,,,,,,,,,,,,,,,,,,,,,,,,,,,,,,,,,,,,,,,,,,,,,,,,,,,,,,,,,,,,,,,,,,,,,,,,,,,,,,,,,,,,,,,,,,,,,,,,,,,,,,,,,,,,,,,,,,,,,,,,,,,,,,,,,,,,,,,,,,,,,,,,,,,,,,,,,,,,,,,,,,,2020,,,,,,,,,,,,,,,,,,,,,,,,,,,,,,,,,,,,,
51.0,3.19,101.41,6.34,,,,,,,,,,,,,,,,,,,,,,,,,,,,,,,,,,714.0,1016.0,5.0,11.0,,,,16.0,,,,,,,,,,,,,,,,,,,,,,,,,,,,,,,,,,,,,,,,,,,16.0,Broncos D/ST,DEN,FA,22,-16007,,FA,,{},"['D/ST', 'BE', 'IR']",,,,,,,,557.0,50.0,17.0,0.19929,0.2015016,685.251,237.96804,68.0,27.0,23.0,9.0,,,,,,,,,,,,,,,,,,,,,,,,,,,,,,,,,,,,,,,,,,,,,,,,,,,,,,,,,302.0,,,12.0,,,,,,,,,,,,,,,,,,,,,,,,,,,,,,,,,,,6.0,0.0,0.0,2.0,1.0,,10.0,2.0,,42.0,84.0,,1.0,,1.0,334.0,197.0,34.0,64.0,267.0,23.0,7.0,424.0,1.0,5.0,4.0,3.0,5887.0,0.0,0.0,4.0,2.0,5.0,2.0,2.0,1.0,0.0,0.0,0.0,2.0,1.0,1.0,5.0,4.0,3.0,0.204102051,0.92046023,3.2016008,2.88144072,0.040055155,2.023831139,12.78988276,8.696476258,0.954691506,0.318995307,36.49794609,72.99589219,1.084082264,0.939748875,2.464677894,13.37919424,945.4507508,315.0,189.0,76.26753345,337.8763776,2.32116058,3.24162081,2.20110055,0.92046023,0.108054027,21.1172736,5599.473778,0.520390293,4.323242432,3.722792094,3.602702027,2.281711283,1.040780585,0.400300225,0.108081061,349.9671112,-337.8763776,,,,,,,,,,,,,,,,,,,,,,,,,,,,,,,,,,,,,,,,,,,,,,,2020,,,,,,,,,,,,,,,,,,,,,,,,,,,,,,,,,,,,,
6.0,6.0,136.16,9.73,,,,,,,,,,,,,,,,,3.0,66.0,,13.0,6.0,3.0,2.0,1.0,,6.0,6.0,22.0,,,,,,1.0,1.0,,1.0,,,,1.0,2.059016349,0.867336787,0.052218736,0.001924249,2.0,1.0,,,,,,0.003781187,0.002646831,0.000375,1.28e-05,5.923665237,69.72056946,6.232938234,0.323185972,0.201319004,0.131561969,196.0,98.0,49.0,39.0,19.0,68.33046624,13.0,6.0,2.882115846,0.089137603,116.7216039,14.34858507,0.325110221,0.00487,0.0323507,1.073589537,1.105940237,0.014881322,0.601210141,0.616091463,0.616091463,14.0625,Courtland Sutton,DEN,FA,168,3128429,,FA,,{},"['RB/WR', 'WR', 'WR/TE', 'RB/WR/TE', 'OP', 'BE', 'IR']",,,,,,,,,,,,,,,,,,,,,,,,,,,,,,,,,,,,,,,,,,,,,,,,,,,,,,,,,,,,,,,,,,,,,,,,,,,,,,,,,,,,,,,,,,,,,,,,,,,,,,,,,,,,,,,,,,,,,,,,,,,,,,,,,,,,,,,,,,,,,,,,,,,,,,,,,,,,,,,,,,,,,,,,,,,,,,,,,,,,,,,,,,,,,,,,,,,,,,,,,,,,,,,,,,,,,,,,,,,,,,,,,,,,,,,,,,,,,,,,,,2020,,,,,,,,,,,,,,,,,,,,,,,,,,,,,,,,,,,,,
92.0,7.67,121.12,7.57,,,,,,,,,,,,,,,,,,,,,,,,,,,,,,,,,,,,6.0,6.0,86.0,,,12.0,,,,,,,,,,,,,,,,,,,,,,,,,,,,,,,,,,,,,,,,,,,16.0,Zane Gonzalez,None,FA,27,3043234,,FA,,{},"['K', 'BE', 'IR']",,,,,,,,,,,,,,,,,,,,,,,,,,,,,,,,,,,,,,,,,,,,,,,,,,,,,,,,,,,,,,,,,,,,,,,,,,,,,,,2.0,3.0,8.0,13.0,5.0,6.0,6.0,,16.0,22.0,6.0,38.0,39.0,1.0,2.0,3.0,2.920603068,4.705905666,1.785302598,7.196826103,9.750144418,2.553318315,15.02061393,16.30150329,1.28088936,25.1380431,30.75755337,5.619510273,38.29042918,41.5466442,3.256215026,2.920603068,4.705905666,1.785302598,,,,,,,,,,,,,,,,,,,,,,,,,,,,,,,,,,,,,,,,,,,,,,,,,,,,,,,,,,,,,,,,,,,,,,,,,,,,,,,,,,,,,,,1.0,1.0,,,,,,,,,,,,,,,,,,,,,,,,,,,,,,,,,,,,,,,,,,2020,,,,,,,,,,,,,,,,,,,,,,,,,,,,,,,,,,,,,
77.0,4.81,23.18,1.55,,,,,,,,,,,,,,,,,63.0,38.4375,4.0,116.0,55.0,24.0,15.0,4.0,4.0,89.0,279.0,9.76190476,,1.0,,1.0,1.0,2.0,3.0,6.0,10.0,24.0,,,16.0,,,,,,,,,,,,,,,,,11.11322911,1.205517534,0.062922704,0.131332195,0.085825589,33.0,16.0,8.0,6.0,3.0,15.35246835,3.0,1.0,0.063071932,0.001950678,22.45991735,10.903329,0.062922704,0.000719808,,0.16359277,0.16359277,,0.091611951,0.091611951,0.091611951,15.0625,Dalton Schultz,DAL,FA,17,3117256,,FA,,{},"['WR/TE', 'TE', 'RB/WR/TE', 'OP', 'BE', 'IR']",,,,,,1.0,1.0,,,,,,,,,,,,,1.0,1.0,,,,,,,,,,,,,,,,,,,,,,,,,,,,,,,,,,,,,,,,,,,,,,,,,,,,,2.0,1.0,,,,,,,,,,,,,,,,,,,,,,,,,,,,,,,,,,,,,,,,,,,,,,,,,,,,,,,,,,,,,,,,,,,,,,,,,,,,,,,,,,,,,,,,,,,,,,,,,,,,,,,,,,,,,,,,,,,,,,,,,,,,,,,,,,,,,,,,,,,,,,,,,,,,,,,,,,,,,,,,,,,,,,,2020,,,,,,,,,,,,,,,,,,,,,,,,,,,,,,,,,,,,,
53.0,8.83,0.0,0.0,75.0,53.16666667,3.0,61.0,29.0,14.0,10.0,3.0,1.0,13.0,5.0,,,1.0,,4.25333333,11.0,10.16666667,,11.0,4.0,1.0,1.0,,1.0,14.0,73.0,5.54545455,,,,,,,,4.0,2.0,20.0,2.0,,6.0,,,,,,,,,,,,,,,,,,,,,,,,,,,,,,,,,,,,,,,,,,,,Salvon Ahmed,MIA,FA,62,4243315,,FA,,{},"['Rookie', 'RB', 'RB/WR', 'RB/WR/TE', 'OP', 'BE', 'IR']",,,,,,,,,,,,,,,,,,,,,,,,,,,,,,,,,,,,,,,,,,,,,,,,,,,,,,,,,,,,,,,,,,,,,,,,1.0,1.0,,,1.0,,,,,,,,,,,,,,,,,,,,,,,,,,,,,,,,,,,,,,,,,,,,,,,,,,,,,,,,,,,,,,,,,,,,,,,,,,,,,,,,,,,,,,,,,,,,,,,,,,,,,,,,,,,,,,,,,,,,,,,,,,,,,,,,,,,,,,,,,,,,,,,,,,,,,,,,,,,,,,,,,,,,,,2020,,,,,,,,,,,,,,,,,,,,,,,,,,,,,,,,,,,,,
142.0,8.88,120.16,7.51,,,,,,,,,,,,,,,,,,,,,,,,,,,,,,,,,,,,11.0,5.0,136.0,,,16.0,,,,,,,,,,,,,,,,,,,,,,,,,,,,,,,,,,,,,,,,,,,16.0,Ryan Succop,TB,FA,10,12731,,FA,,{},"['K', 'BE', 'IR']",,,,,,,,,,,,,,,,,,,,,,,,,,,,,,,,,,,,,,,,,,,,,,,,,,,,,,,,,,,,,,,,,,,,,,,,,,,,,,,1.0,2.0,7.0,9.0,2.0,20.0,20.0,,28.0,31.0,3.0,52.0,57.0,5.0,1.0,2.0,2.842822901,4.774335669,1.931512769,7.052332859,9.89192423,2.839591371,14.82248253,16.5385484,1.716065867,24.71763829,31.2048083,6.487170007,39.75837203,44.35148139,4.593109366,2.842822901,4.774335669,1.931512769,,,,,,,,,,,,,,,,,,,,,,,,,,,,,,,,,,,,,,,,,,,,,,,,,,,,,,,,,,,,,,,,,,,,,,,,,,,,,,,,,,,,,,,1.0,1.0,,,,,,,,,,,,,,,,,,,,,,,,,,,,,,,,,,,,,,,,,,2020,,,,,,,,,,,,,,,,,,,,,,,,,,,,,,,,,,,,,
52.0,6.5,0.0,0.0,,,,,,,,,,,,,,,,,33.0,50.0,3.0,77.0,38.0,16.0,12.0,5.0,4.0,40.0,149.0,12.12121212,,4.0,,3.0,3.0,,,2.0,6.0,20.0,,,8.0,,,,,,,,,,,,,,,,,,,,,,,,,,,,,,,,,,,,,,,,,,,,Keke Coutee,HOU,FA,93,3915823,,FA,,{},"['RB/WR', 'WR', 'WR/TE', 'RB/WR/TE', 'OP', 'BE', 'IR']",,,,1.0,1.0,3.0,2.0,97.0,9.0,3.0,,,,,,,,,,3.0,,,,,,,,,,,,,,,,,,,,,,,,,,,,,,,,,,,,,,,,,,,,,,,,,,,,1.0,1.0,,,,,,,,,,,,,,,,,,,,,,,,,,,,,,,,,,,,,,,,,,,,,,,,,,,,,,,,,,,48.0,3.0,1.0,,,,,,,,,,,,,,,,,,,,,,,,,,,,,,,,,,,,,,,,,,,,,,,,,,,,,,,,,,,,,,,,,,,,,,,,,,,,,,,,,,,,,,,,,,,,,,,,,,,,,,,,,,,,2020,,,,,,,,,,,,,,,,,,,,,,,,,,,,,,,,,,,,,
79.0,4.94,97.49,6.09,,,,,,,,,,,,,,,,,,,,,,,,,,,,,,,,,,742.0,1087.0,4.0,11.0,,,,16.0,,,,,,,,,,,,,,,,,,,,,,,,,,,,,,,,,,,,,,,,,,,16.0,Eagles D/ST,PHI,FA,17,-16021,,FA,,{},"['D/ST', 'BE', 'IR']",,,,,,,,648.0,59.0,19.0,0.1188075,0.249648,686.14525,239.8404,68.0,27.0,23.0,9.0,,,,,,,,,,,,,,,,,,,,,,,,,,,,,,,,,,,,,,,,,,,,,,,,,,,,,,,,,345.0,,,14.0,,,,,,,,,,,,,,,,,,,,,,,,,,,,,,,,,,,11.0,0.0,0.0,1.0,1.0,2.0,8.0,2.0,1.0,49.0,98.0,,1.0,1.0,3.0,355.0,213.0,65.0,43.0,230.0,17.0,2.0,408.0,4.0,4.0,3.0,3.0,5810.0,0.0,0.0,3.0,4.0,4.0,3.0,0.0,2.0,0.0,0.0,0.0,1.0,1.0,4.0,4.0,3.0,3.0,0.142371526,0.639872026,2.415516897,2.431513697,0.041282065,2.086914914,13.51173023,10.3011143,0.937158134,0.472301817,40.73296381,81.46592763,1.096672209,0.990242706,2.49665248,15.84786816,883.8729879,294.0,176.0,80.85094811,361.144396,2.319536093,3.631273745,2.815436913,1.423715257,0.180763847,22.57152475,5713.889961,0.351894432,3.199040288,3.327001899,3.822853144,2.895131461,1.599520144,0.623812856,0.180745776,357.1181225,-361.144396,,,,,,,,,1.0,,,,,,,,,,,,,,,,,,,,,,,,,,,,,,,,,,,,,,2020,,,,,,,,,,,,,,,,,,,,,,,,,,,,,,,,,,,,,
110.0,6.88,46.9,3.35,144.0,45.1875,6.0,139.0,65.0,30.0,21.0,6.0,1.0,21.0,6.0,,,1.0,,5.02083333,9.0,8.0625,,24.0,11.0,3.0,3.0,,,13.0,95.0,14.33333333,1.0,1.0,1.0,1.0,1.0,1.0,1.0,11.0,5.0,36.0,4.0,,16.0,74.89018223,24.22772618,1.755251093,0.0558,68.0,34.0,17.0,13.0,6.0,14.0,7.0,0.143,0.1,0.32,0.0109,4.569579378,2.093214754,0.148690208,0.008262487,0.063860355,0.041732742,5.0,2.0,1.0,1.0,,3.628450216,,,0.016078086,0.000497,4.691545934,8.148563891,0.064112406,0.00317,0.688184764,0.033342744,0.721527508,0.317,0.018671936,0.335236928,0.335236928,14.125,Gus Edwards,BAL,FA,26,3051926,,FA,,{},"['RB', 'RB/WR', 'RB/WR/TE', 'OP', 'BE', 'IR']",,,,,,,,,,,,,,,,,,,,,,,,,,,,,,,,,,,,,,,,,,,,,,,,,,,,,,,,,,,,,,,,,,,,,,,,,,,,2.0,,1.0,,,,,,,,,,,,,,,,,,,,,,,,,,,,,,,,,,,,,,,,,,,,,,,,,,,,,,,,,,,,,,,,,,,,,,,,,,,,,,,,,,,,,,,,,,,,,,,,,,,,,,,,,,,,,,,,,,,,,,,,,,,,,,,,,,,,,,,,,,,,,,,,,,,,,,,,,,,,,,,,,,,,2020,,,,,,,,,,,,,,,,,,,,,,,,,,,,,,,,,,,,,
146.0,14.6,139.14,17.39,33.0,19.5,1.0,36.0,16.0,6.0,3.0,,,1.0,,,,,,5.90909091,,,,,,,,,,,,,1.0,6.0,,2.0,10.0,1.0,1.0,6.0,4.0,6.0,1.0,,10.0,29.33793986,17.60704547,1.032150503,0.03895042,31.0,15.0,7.0,6.0,3.0,5.0,2.0,0.055361084,0.038752758,0.115,0.00393,5.371306156,,,,,,,,,,,,,,,,,,0.546742183,0.0211,0.370573466,,4.795826754,0.170463794,,2.294585372,9.372690795,8.95,Mitchell Trubisky,CHI,FA,28,3039707,,FA,,{},"['QB', 'OP', 'BE', 'IR']",,,,,,,,,,,,,,,,,,,,,,297.0,199.0,98.0,205.5,16.0,408.0,202.0,100.0,78.0,37.0,16.0,36.0,16.0,16.0,5.0,,,,1.0,8.0,0.67003367,18.0,5.0,10.0,3.0,3.0,,326.6962187,207.175834,119.5203848,252.4158301,11.3670664,451.0,225.0,112.0,90.0,45.0,22.0,41.0,20.0,1.818462631,1.18836533,1.895583404,0.256043615,0.507791763,7.078105422,0.634154367,23.64676755,4.425253287,2.124121578,,,,,,,,,,,,,,,,,,,,,,,,,,,,,,,,,,,,,,,,,,,,,,,,,,,,,,,,,,,,,,,,,,,,,,,,,,,,,,,,,,,,,,,,,,,,,,,,,,,,,,,,,,,,,,,,,,,,,,,,,,,,,,,2.0,,,,,,,,,,,,,,,,,,,,,,,,,,,,,,,,,,,,,,,,,,,,2020,,,,,,,,,,,,,,,,,,,,,,,,,,,,,,,,,,,,,
44.0,2.75,103.6,6.48,,,,,,,,,,,,,,,,,,,,,,,,,,,,,,,,,,656.0,1042.0,6.0,10.0,,,,16.0,,,,,,,,,,,,,,,,,,,,,,,,,,,,,,,,,,,,,,,,,,,16.0,Cowboys D/ST,DAL,FA,24,-16006,,FA,,{},"['D/ST', 'BE', 'IR']",,,,,,,,965.0,88.0,33.0,0.19929,0.249648,685.251,239.8404,68.0,27.0,23.0,9.0,,,,,,,,,,,,,,,,,,,,,,,,,,,,,,,,,,,,,,,,,,,,,,,,,,,,,,,,,386.0,,,16.0,,,,,,,,,,,,,,,,,,,,,,,,,,,,,,,,,,,12.0,0.0,0.0,1.0,2.0,2.0,10.0,1.0,,31.0,62.0,1.0,,,3.0,341.0,203.0,39.0,46.0,265.0,22.0,7.0,449.0,1.0,3.0,4.0,4.0,6183.0,0.0,0.0,1.0,4.0,3.0,5.0,2.0,1.0,0.0,0.0,0.0,1.0,2.0,1.0,3.0,4.0,4.0,0.177635527,0.800160032,2.864572915,2.688537708,0.040865163,2.109454719,13.34889362,8.930461067,0.932233537,0.529292914,41.61519472,83.23038944,1.12796976,0.981484959,2.599257883,13.73917087,984.2170832,328.0,196.0,74.12318498,344.6919768,2.320464093,3.408681736,2.464492899,1.136227245,0.139227846,21.54324855,5598.828383,0.544490041,4.484035632,3.779401461,3.571214093,2.193974577,0.960864778,0.368331498,0.097687919,349.926774,-344.6919768,,,,,,,,,2.0,,1.0,1.0,,,,,,,,,,,,,,,,,,,,,,,,,,,,,,,,,,,2020,,,,,,,,,,,,,,,,,,,,,,,,,,,,,,,,,,,,,
25.0,2.08,101.17,7.23,59.0,21.16666667,,46.0,20.0,8.0,6.0,1.0,,7.0,1.0,,,,,4.30508475,9.0,8.0,,17.0,7.0,2.0,2.0,,,10.0,101.0,10.66666667,2.0,2.0,1.0,1.0,1.0,1.0,2.0,7.0,5.0,,,,12.0,124.7703599,40.44544725,1.747469615,0.0787,114.0,57.0,28.0,22.0,11.0,24.0,12.0,0.245,0.172,0.895,0.0305,4.578747251,19.58990825,1.355242818,0.065684795,0.054778205,0.035797557,55.0,27.0,13.0,11.0,5.0,35.09093341,7.0,3.0,0.114405513,0.003538315,45.62321608,7.885440115,0.144429198,0.00814,1.444699705,0.406313336,1.851013041,0.665,0.227535468,0.892097333,0.892097333,14.125,Matt Breida,MIA,FA,82,3049916,,FA,,{},"['RB', 'RB/WR', 'RB/WR/TE', 'OP', 'BE', 'IR']",,,,,,,,,,,,,,,,,,,,,,,,,,,,,,,,,,,,,,,,,,,,,,,,,,,,,,,,,,,,,,,,,,,,,,,,,,,1.0,,,,,,,,,,,,,,,,,,,,,,,,,,,,,,,,,,,,,,,,,,,,,,,,,,,,,,,,,,,,,,,,,,,,,,,,,,,,,,,,,,,,,,,,,,,,,,,,,,,,,,,,,,,,,,,,,,,,,,,,,,,,,,,,,,,,,,,,,,,,,,,,,,,,,,,,,,,,,,,,,,,,,,,2020,,,,,,,,,,,,,,,,,,,,,,,,,,,,,,,,,,,,,
166.0,16.6,231.5,15.43,37.0,14.2,3.0,25.0,11.0,3.0,2.0,,,3.0,,,,,,3.83783784,,,,,,,,,,,,,4.0,9.0,1.0,4.0,9.0,,,2.0,7.0,18.0,2.0,,10.0,53.63018129,16.90303053,1.792301177,0.070993544,51.0,25.0,12.0,10.0,5.0,10.0,5.0,0.101402063,0.070981444,0.180356096,0.006154862,4.806458031,,,,,,,,,,,,,,,,,,1.084827681,0.036,0.701858536,,8.184414164,0.322854927,,3.914481628,17.4552929,15.25,Joe Burrow,CIN,FA,23,3915511,,FA,,{},"['Rookie', 'QB', 'OP', 'BE', 'IR']",,,,,,,,,,,,,,,,,,,,,,404.0,264.0,140.0,268.8,13.0,533.0,265.0,130.0,103.0,50.0,24.0,50.0,22.0,23.0,11.0,,,4.0,,5.0,0.65346535,32.0,5.0,10.0,2.0,1.0,,531.9720382,331.1423733,200.8296649,244.580991,19.81851932,745.0,372.0,186.0,149.0,74.0,37.0,66.0,33.0,2.960215601,1.934500895,2.75792768,0.372523716,1.013834137,13.54081127,0.622480788,39.78251643,7.482555628,3.591626701,,,,,,1.0,,,,,,,,,,,,,,,,,,,,,,,,,,,,,,,,,,,,,,,,,,,,,,,,,,,,,,,,,,,,,,,,,,,,,,,,,,,,,,,,,,,,,,,,,,,,,,,,,,,,,,,,,,,,,,,,,,,,,,,,,3.0,,,,,,,1.0,,,,,,,,,,,,,,,,,,,,,,,,,,,,,,,,,,,,,2020,,,,,,,,,,,,,,,,,,,,,,,,,,,,,,,,,,,,,
229.0,15.27,204.9,15.76,53.0,18.6,5.0,51.0,22.0,7.0,6.0,,,4.0,,,,,,5.26415094,,,,,,,,,,,,,4.0,6.0,1.0,3.0,14.0,1.0,1.0,4.0,11.0,30.0,3.0,,15.0,44.1737878,5.595306181,1.197559849,0.042,15.0,7.0,3.0,3.0,1.0,8.0,4.0,0.0834,0.0583,0.0171,0.000584,1.703654404,,,,,,,,,,,,,,,,,,0.980808173,0.0282,0.487315782,,6.417467189,0.224,,3.070637935,12.73575145,13.45,Teddy Bridgewater,CAR,FA,17,16728,,FA,,{},"['QB', 'OP', 'BE', 'IR']",,,,,,,,,,,,,,,,,,,,,,492.0,340.0,152.0,248.86666667,15.0,741.0,365.0,177.0,143.0,68.0,29.0,62.0,27.0,24.0,8.0,4.0,3.0,3.0,1.0,11.0,0.69105691,31.0,2.0,6.0,3.0,2.0,,503.1841402,323.4936915,179.6904487,268.4992434,17.51420512,722.0,361.0,180.0,144.0,72.0,36.0,64.0,32.0,3.093379534,2.021523525,3.487736277,0.471101722,0.938843527,9.665113519,0.642893259,34.36719597,5.930151407,2.846472675,,,,,2.0,,,,,,,,,,,,,,,,,,,,,,,,,,,,,,,,,,,,,,,,,,,,,,,,,,,,,,,,,,,,,,,,,,,,,,,,,,,,,,,,,,,,,,,,,,,,,,,,,,,,,,,,,,,,,,,,,,,,,,,,,,2.0,,,,,,,,,,,,,,,,,,,,,,,,,,,,,,,,,,,,,,,,,,,,2020,,,,,,,,,,,,,,,,,,,,,,,,,,,,,,,,,,,,,
130.0,26.0,300.38,20.03,18.0,18.6,3.0,17.0,7.0,2.0,2.0,,,2.0,,,,,,5.16666667,1.0,2.2,1.0,2.0,1.0,,,,,1.0,1.0,11.0,,3.0,,3.0,7.0,,,2.0,3.0,26.0,3.0,,5.0,49.29007874,16.21749998,3.761630978,0.133131807,49.0,24.0,12.0,9.0,4.0,9.0,4.0,0.092969611,0.065078728,0.165935547,0.00566,5.017579218,,,,,,,,,,,,,,,,,,1.522110022,0.0344,0.610792023,,7.812824249,0.280964331,,3.737939799,14.60782761,15.25,Dak Prescott,DAL,FA,29,2577417,,FA,,{},"['QB', 'OP', 'BE', 'IR']",,,,,,,,,,,,,,,,,,,,,,222.0,151.0,71.0,371.2,9.0,370.0,184.0,91.0,72.0,36.0,16.0,28.0,13.0,12.0,5.0,4.0,,,1.0,4.0,0.68018018,10.0,3.0,1.0,2.0,2.0,,549.5423403,354.4629949,195.0793454,283.8858527,26.69369951,865.0,432.0,216.0,173.0,86.0,43.0,70.0,35.0,3.90200069,2.549957451,4.863519822,0.656934005,1.388978215,10.86988781,0.645014895,31.65178484,7.202032226,3.456975468,,1.0,1.0,,,,,,,,,,,,,,,,,,,,,,,,,,,,,,,,,,,,,,,,,,,,,,,,,,,,,,,,,,,,,,,,,,,,,,,,,,,,,,,,,,,,,,,,,,,,,,,,,,,,,,,,,,,,,,,,,,,,,,,,,,,,3.0,,,,,1.0,,3.0,,,,,,,,,,,,,,,,,,,,,,,,,,,,,,,,,,,,,2020,,,,,,,,,,,,,,,,,,,,,,,,,,,,,,,,,,,,,
53.0,6.62,112.24,7.48,,,,,,,,,,,,,,,,,18.0,36.0,4.0,56.0,25.0,11.0,8.0,3.0,,35.0,47.0,16.0,,,,,,2.0,2.0,5.0,3.0,28.0,,1.0,8.0,,,,,,,,,,,,,,,,,55.44818724,4.880169799,0.23652806,0.15133668,0.09889852,167.0,83.0,41.0,33.0,16.0,62.7465428,12.0,6.0,1.733009943,0.0536,108.3551382,13.31050737,0.23652806,0.00299,,0.678484757,0.678484757,,0.379951464,0.379951464,0.379951464,15.0625,Preston Williams,MIA,FA,79,3915399,,FA,,{},"['RB/WR', 'WR', 'WR/TE', 'RB/WR/TE', 'OP', 'BE', 'IR']",,,,1.0,1.0,,,,,,,0.0374472,,35.97606,,,3.0,1.0,,3.0,,,,,,,,,,,,,,,,,,,,,,,,,,,,,,,,,,,,,,,,,,,,,,,,,,,,2.0,2.0,,,,,,,,,,,,,,,,,,,,,,,,,,,,,,,,,,,,,,,,,,,,,,,,,,,,,,,,,,,,,,,,,,,,,,,,,,,,,,,,,,,,,,,,,,,,,,,,,,,,,,,,,,,,,,,,,,,,,,,,,,,,,,,,,,,,,,,,,,,,,,,,,,,,,,,,,,,,,,,,,,,,,,,,,2020,,,,,,,,,,,,,,,,,,,,,,,,,,,,,,,,,,,,,
232.0,14.5,222.94,15.92,18.0,-0.5,,,,,,,,,,,,,,-0.44444444,,,,,,,,,,,,,,2.0,,1.0,12.0,,,11.0,5.0,,,,16.0,15.39090322,2.007404983,0.241795552,0.009066134,5.0,2.0,1.0,1.0,,3.0,1.0,0.028476676,0.019933673,0.0022,7.5e-05,1.926421807,,,,,,,,,,,,,,,,,,1.289890022,0.03,0.190215194,,6.812768751,0.087498989,,3.266324697,17.65468108,14.77,Philip Rivers,IND,FA,18,5529,,FA,,{},"['QB', 'OP', 'BE', 'IR']",,,,,,,,,,,,,,,,,,,,,,543.0,369.0,174.0,260.5625,24.0,827.0,410.0,202.0,158.0,75.0,33.0,66.0,28.0,29.0,11.0,3.0,,3.0,1.0,11.0,0.67955801,19.0,2.0,9.0,8.0,3.0,1.0,504.5144824,327.4664781,177.0480043,255.2534768,25.51065509,754.0,377.0,188.0,150.0,75.0,37.0,65.0,32.0,3.022116553,1.974953168,2.887262311,0.389993434,1.280823888,14.38835638,0.649072503,31.33693266,6.622553557,3.178825707,,,,,,,,,,,,,,,,,,,,,,,,,,,,,,,,,,,,,,,,,,,,,,,,,,,,,,,,,,,,,,,,,,,,,,,,,,,,,,,,,,,,,,,,,,,,,,,,,,,,,,,,,,,,,,,,,,,,,,,,,,,,,,,1.0,,,,,,,,,,,,,,,,,,,,,,,,,,,,,,,,,,,,,,,,,,,,2020,,,,,,,,,,,,,,,,,,,,,,,,,,,,,,,,,,,,,
10.0,3.33,97.74,6.98,14.0,24.66666667,,14.0,7.0,3.0,1.0,,,2.0,,,,,,5.28571429,6.0,13.66666667,,8.0,3.0,1.0,,,,9.0,61.0,6.83333333,,,,,,,,3.0,,,,,3.0,62.32605224,18.57888259,1.234791204,0.046428871,52.0,26.0,13.0,10.0,5.0,12.0,6.0,0.118435522,0.082904866,0.18832403,0.00643,4.210546107,36.19131197,2.070061043,0.091871986,0.039147561,0.025582931,102.0,51.0,25.0,20.0,10.0,71.90571126,14.0,7.0,0.452667,0.014,92.67304961,7.109341841,0.138300857,0.00569,0.600494602,0.692792017,1.293286618,0.276227517,0.387963529,0.664191046,0.664191046,14.125,Tarik Cohen,CHI,FA,103,3066158,,FA,,{},"['RB', 'RB/WR', 'RB/WR/TE', 'OP', 'BE', 'IR']",,,,,,,,,,,,0.321288842,,308.1494737,,,30.0,12.0,,,,,,,,,,,,,,,,,,,,,,,,,,,,,,,,,,,,,,,,,,,,,,,,,,,,,,,,,,,,,,,,,,,,,,,,,,,,,,,,,,,,,,,,,,,,,,,,,,,,,,,,,,,,,,,,,,,,,,,,,,,,,,,,,,,,,,,,,,,,,,,,,,,,,,,,,,,,,,,,,,,,,,,,,,,,,,,,,,,,,,,,,,,,,,,,,,,,,,,,,,,,,,,,,,,,,,,,,,,,,,,,2020,,,,,,,,,,,,,,,,,,,,,,,,,,,,,,,,,,,,,
26.0,3.71,124.8,8.91,35.0,8.57142857,4.0,8.0,2.0,,,,,4.0,1.0,,,,,1.71428571,1.0,-0.42857143,,,,,,,,1.0,2.0,-3.0,,1.0,,,,,,2.0,5.0,24.0,4.0,,7.0,166.3604799,50.62186211,5.281886605,0.238012154,143.0,71.0,35.0,28.0,14.0,33.0,16.0,0.334540288,0.234178202,1.4,0.0479,4.298098941,13.27232906,0.764375376,0.037047118,0.038648198,0.025256597,37.0,18.0,9.0,7.0,3.0,25.26801922,5.0,2.0,0.069977792,0.00216,34.21741206,7.41932505,0.275059272,0.00492,0.97150649,0.147559352,1.119065842,0.446892985,0.082633237,0.529526223,0.529526223,14.125,Jordan Howard,PHI,FA,81,3060022,,FA,,{},"['RB', 'RB/WR', 'RB/WR/TE', 'OP', 'BE', 'IR']",,,,,,1.0,,,,,,,,,,,,,,,,,,,,,,,,,,,,,,,,,,,,,,,,,,,,,,,,,,,,,,,,,,,,,,,,,,,,,,,,,,,,,,,,,,,,,,,,,,,,,,,,,,,,,,,,,,,,,,,,,,,,,,,,,,,,,,,,,,,,,,,,,,,,,,,,,,,,,,,,,,,,,,,,,,,,,,,,,,,,,,,,,,,,,,,,,,,,,,,,,,,,,,,,,,,,,,,,,,,,,,,,,,,,,,,,,,,,,,,,,,,,2020,,,,,,,,,,,,,,,,,,,,,,,,,,,,,,,,,,,,,
75.0,5.0,55.09,3.94,187.0,43.53333333,2.0,125.0,60.0,27.0,18.0,6.0,,32.0,13.0,,,,,3.49197861,16.0,5.93333333,,15.0,5.0,1.0,,,,19.0,74.0,5.5625,1.0,1.0,1.0,1.0,1.0,,,2.0,13.0,12.0,2.0,,15.0,88.4635908,23.66319862,1.635893072,0.084035662,66.0,33.0,16.0,13.0,6.0,17.0,8.0,0.170598778,0.119419145,0.306448742,0.0105,3.77830786,7.08365228,0.449250182,0.02035766,0.052189492,0.034105833,20.0,10.0,5.0,4.0,2.0,13.02396601,2.0,1.0,0.042623915,0.00132,16.73440037,7.682497666,0.104393323,0.00301,0.596460331,0.087813291,0.684273622,0.274371752,0.049175443,0.323547195,0.323547195,14.125,Frank Gore,NYJ,FA,46,8479,,FA,,{},"['RB', 'RB/WR', 'RB/WR/TE', 'OP', 'BE', 'IR']",,,,,,,,,,,,,,,,,,,,,,,,,,,,,,,,,,,,,,,,,,,,,,,,,,,,,,,,,,,,,,,,,,,,,,,,,,,,,,,,,,,,,,,,,,,,,,,,,,,,,,,,,,,,,,,,,,,,,,,,,,,,,,,,,,,,,,,,,,,,,,,,,,,,,,,,,,,,,,,,,,,,,,,,,,,,,,,,,,,,,,,,,,,,,,,,,,,,,,,,,,,,,,,,,,,,,,,,,,,,,,,,,,,,,,,,,,,,,,,,,,2020,,,,,,,,,,,,,,,,,,,,,,,,,,,,,,,,,,,,,
41.0,4.56,85.29,6.09,59.0,30.0,,49.0,23.0,10.0,7.0,3.0,,9.0,2.0,,,,,4.57627119,19.0,19.22222222,,32.0,16.0,6.0,4.0,1.0,2.0,24.0,218.0,9.10526316,,,,,,1.0,3.0,5.0,4.0,2.0,,,9.0,108.9826607,32.90866861,2.89167512,0.093024002,92.0,46.0,23.0,18.0,9.0,21.0,10.0,0.212516879,0.148761815,0.593,0.0202,4.265219268,12.10342907,0.901999726,0.042902223,0.042515694,0.027784006,34.0,17.0,8.0,6.0,3.0,22.95873168,4.0,2.0,0.064313819,0.001989087,30.24934556,7.446445127,0.135926225,0.003513625,0.659597642,0.138953529,0.79855117,0.303414915,0.077813976,0.381228891,0.381228891,14.125,Justin Jackson,LAC,FA,77,3116136,,FA,,{},"['RB', 'RB/WR', 'RB/WR/TE', 'OP', 'BE', 'IR']",,,,,,,,,,,,,,,,,,,,,,,,,,,,,,,,,,,,,,,,,,,,,,,,,,,,,,,,,,,,,,,,,,,,,,,,1.0,1.0,,2.0,,,,,,,,,,,,,,,,,,,,,,,,,,,,,,,,,,,,,,,,,,,,,,,,,,,,,,,,,,,,,,,,,,,,,,,,,,,,,,,,,,,,,,,,,,,,,,,,,,,,,,,,,,,,,,,,,,,,,,,,,,,,,,,,,,,,,,,,,,,,,,,,,,,,,,,,,,,,,,,,,,,,,,,2020,,,,,,,,,,,,,,,,,,,,,,,,,,,,,,,,,,,,,
38.0,2.38,108.77,6.8,,,,,,,,,,,,,,,,,,,,,,,,,,,,,,,,,,729.0,1074.0,11.0,5.0,,,,16.0,,,,,,,,,,,,,,,,,,,,,,,,,,,,,,,,,,,,,,,,,,,16.0,Titans D/ST,TEN,FA,24,-16010,,FA,,{},"['D/ST', 'BE', 'IR']",,,,,,,,767.0,71.0,23.0,0.1080765,0.196152,649.8961045,234.4523009,64.0,25.0,23.0,9.0,,,,,,,,,,,,,,,,,,,,,,,,,,,,,,,,,,,,,,,,,,,,,,,,,,,,,,,,,345.0,,,12.0,,,,,,,,,,,,,,,,,,,,,,,,,,,,,,,,,,,8.0,0.0,0.0,1.0,3.0,1.0,15.0,1.0,,19.0,38.0,1.0,,,2.0,355.0,208.0,38.0,81.0,208.0,17.0,4.0,437.0,0.0,4.0,4.0,4.0,6372.0,0.0,0.0,0.0,3.0,5.0,4.0,4.0,0.0,0.0,0.0,0.0,1.0,3.0,0.0,4.0,4.0,4.0,0.239415474,1.080972876,3.651286158,3.138824942,0.041014637,2.074155645,13.0849368,6.88140649,0.947584061,0.321072961,39.58835484,79.17670969,1.124643714,0.949511931,2.419398782,10.58677922,896.3145139,298.0,179.0,81.65691128,326.8095938,2.322089881,3.018716845,1.849664698,0.632569312,0.066459814,20.42559961,5684.26908,0.4,3.52,3.44,3.76,2.72,1.44,0.56,0.16,355.2668175,-326.8095938,,,,,,,,,1.0,,,,,,,,,,,,,,,,,,,,,,,,,,,,,,,,,,,,,,2020,,,,,,,,,,,,,,,,,,,,,,,,,,,,,,,,,,,,,
103.0,6.87,0.0,0.0,,,,,,,,,,,,,,,,,51.0,49.46666667,6.0,140.0,67.0,31.0,22.0,7.0,2.0,79.0,243.0,14.54901961,,,,,,2.0,2.0,4.0,11.0,36.0,,,15.0,,,,,,,,,,,,,,,,,,,,,,,,,,,,,,,,,,,,,,,,,,,,Tim Patrick,DEN,FA,37,3134353,,FA,,{},"['RB/WR', 'WR', 'WR/TE', 'RB/WR/TE', 'OP', 'BE', 'IR']",,,,3.0,3.0,,,,,,,,,,,,,,,5.0,,,,,,,,,,,,,,,,,,,,,,,,,,,,,,,,,,,,,,,,,,,,,,,,,,,,,,1.0,,,,,,,,,,,,,,,,,,,,,,,,,,,,,,,,,,,,,,,,,,,,,,,,,,,,,,,,1.0,,,,,,,,,,,,,,,,,,,,,,,,,,,,,,,,,,,,,,,,,,,,,,,,,,,,,,,,,,,,,,,,,,,,,,,,,,,,,,,,,,,,,,,,,,,,,,,,,,,,,,,,,,,,,,,,2020,,,,,,,,,,,,,,,,,,,,,,,,,,,,,,,,,,,,,
88.0,5.5,68.9,4.31,,,,,,,,,,,,,,,,,,,,,,,,,,,,,,,,,,701.0,1105.0,6.0,10.0,,,,16.0,,,,,,,,,,,,,,,,,,,,,,,,,,,,,,,,,,,,,,,,,,,16.0,Giants D/ST,NYG,FA,12,-16019,,FA,,{},"['D/ST', 'BE', 'IR']",,,,,,,,788.0,71.0,25.0,0.19929,0.196152,685.251,223.5624034,68.0,27.0,22.0,8.0,,,,,,,,,,,,,,,,,,,,,,,,,,,,,,,,,,,,,,,,,,,,,,,,,,,,,,,,,404.0,,,14.0,,,,,,,,,,,,,,,,,,,,,,,,,,,,,,,,,,,11.0,0.0,0.0,1.0,4.0,2.0,11.0,,,40.0,80.0,,,1.0,2.0,364.0,215.0,44.0,75.0,228.0,17.0,4.0,351.0,4.0,5.0,1.0,1.0,5589.0,0.0,1.0,1.0,7.0,2.0,5.0,0.0,0.0,0.0,0.0,0.0,1.0,4.0,4.0,5.0,1.0,1.0,0.054334798,0.239712345,1.294446664,1.789852177,0.04039366,2.06087998,12.22903266,8.410383318,0.9693137,0.330678938,37.63971406,75.27942813,1.121635477,0.939244504,2.496715641,12.93905126,1013.516601,337.0,202.0,68.74628502,393.0272971,2.317219337,4.186975629,3.691570116,2.141430284,0.28445865,24.56420607,5963.099586,0.063865882,1.277317633,2.650434088,4.199181718,3.943718192,2.554635266,1.005887636,0.304959585,372.6937241,-393.0272971,,,,,,,,,1.0,,,,,,,,,,,,,,,,,,,,,,,,,,,,,,,,,,,,,,2020,,,,,,,,,,,,,,,,,,,,,,,,,,,,,,,,,,,,,
78.0,6.0,23.1,1.54,,,,,,,,,,,,,,,,,37.0,46.07692308,4.0,116.0,54.0,23.0,18.0,7.0,3.0,52.0,77.0,16.18918919,,3.0,,,,3.0,3.0,9.0,4.0,24.0,,,13.0,,,,,,,,,,,,,,,,,10.81672692,1.19863074,0.062476897,0.182414111,0.119207621,32.0,16.0,8.0,6.0,3.0,12.27342883,2.0,1.0,0.061635923,0.00191,20.21508126,13.27477036,0.062476897,0.000888,,0.201808176,0.201808176,,0.113012579,0.113012579,0.113012579,15.0625,Rashard Higgins,CLE,FA,56,3042910,,FA,,{},"['RB/WR', 'WR', 'WR/TE', 'RB/WR/TE', 'OP', 'BE', 'IR']",,,,1.0,1.0,2.0,,,,,,,,,,,,,,,1.0,,,,,,,,,,,,,,,,,,,,,,,,,,,,,,,,,,,,,,,,,,,,,,,,,,,,,3.0,,,,,,,,,,,,,,,,,,,,,,,,,,,,,,,,,,,,,,,,,,,,,,,,,,,,,,,,,,,,,,,,,,,,,,,,,,,,,,,,,,,,,,,,,,,,,,,,,,,,,,,,,,,,,,,,,,,,,,,,,,,,,,,,,,,,,,,,,,,,,,,,,,,,,,,,,,,,,,,,,,,,,,,,2020,,,,,,,,,,,,,,,,,,,,,,,,,,,,,,,,,,,,,
16.0,1.14,19.49,1.39,32.0,10.35714286,,28.0,13.0,5.0,4.0,2.0,,4.0,2.0,,,,,4.53125,10.0,3.85714286,,9.0,3.0,1.0,,,,20.0,62.0,5.4,,,,,,9.0,11.0,,14.0,,,,14.0,24.91494641,7.289341798,0.767029951,0.057944745,20.0,10.0,5.0,4.0,2.0,4.0,2.0,0.046353552,0.032447486,0.0285,0.000972,4.132537603,3.313789328,0.16542441,0.012213838,0.064276419,0.04200464,9.0,4.0,2.0,1.0,,5.563199753,1.0,,0.023032677,0.000712,7.369446524,8.413732445,0.070158583,0.00116,0.215418801,0.048100357,0.263519159,0.099092649,0.0269362,0.126028849,0.126028849,14.125,Dare Ogunbowale,JAX,FA,107,2983509,,FA,,{},"['RB', 'RB/WR', 'RB/WR/TE', 'OP', 'BE', 'IR']",,,,,,,,6.0,,,,,,,,,,,,,,,,,,,,,,,,,,,,,,,,,,,,,,,,,,,,,,,,,,,,,,,,,,,,,,,,,,,2.0,,,,,,,,,,,,,,,,,,,,,,,,,,,,,,,,,,,,,,,,,,,,,,,,,,,,,,,1.0,,,,,,,,,,,,,,,,,,,,,,,,,,,,,,,,,,,,,,,,,,,,,,,,,,,,,,,,,,,,,,,,,,,,,,,,,,,,,,,,,,,,,,,,,,,,,,,,,,,,,,,,,,,,,,,,2020,,,,,,,,,,,,,,,,,,,,,,,,,,,,,,,,,,,,,
7.0,0.88,106.13,7.58,28.0,6.625,,11.0,5.0,1.0,,,,2.0,1.0,,,,,1.89285714,4.0,4.25,,6.0,2.0,1.0,1.0,,,5.0,22.0,8.5,,,,,,1.0,1.0,2.0,6.0,,,,8.0,126.3696298,36.94757396,5.037546932,0.179256492,104.0,52.0,26.0,20.0,10.0,25.0,12.0,0.248721975,0.174105383,0.745346905,0.0254,4.129825203,12.60080996,1.21480781,0.075424672,0.126944955,0.082958528,35.0,17.0,8.0,7.0,3.0,18.20638944,3.0,1.0,0.066621761,0.002060467,24.07088395,9.7760427,0.254681164,0.004275043,0.84924739,0.122353201,0.971600591,0.3906538,0.068517793,0.459171592,0.459171592,14.125,Tevin Coleman,SF,FA,115,2979477,,FA,,{},"['RB', 'RB/WR', 'RB/WR/TE', 'OP', 'BE', 'IR']",,,,,,,,,,,,,,,,,,,,,,,,,,,,,,,,,,,,,,,,,,,,,,,,,,,,,,,,,,,,,,,,,,,,,,,,,,,,,,,,,,,,,,,,,,,,,,,,,,,,,,,,,,,,,,,,,,,,,,,,,,,,,,,,,,,,,,,,,,,,,,,,,,,,,,,,,,,,,,,,,,,,,,,,,,,,,,,,,,,,,,,,,,,,,,,,,,,,,,,,,,,,,,,,,,,,,,,,,,,,,,,,,,,,,,,,,,,,,,,,,,2020,,,,,,,,,,,,,,,,,,,,,,,,,,,,,,,,,,,,,
51.0,4.64,91.48,6.1,4.0,2.36363636,,6.0,2.0,,,,,,,,,,,6.5,31.0,36.0,1.0,76.0,35.0,14.0,10.0,2.0,1.0,54.0,176.0,12.77419355,,2.0,,,,1.0,1.0,2.0,9.0,14.0,,,11.0,2.092308227,0.833399092,0.077383293,0.004815332,2.0,1.0,,,,,,0.00384175,0.002689225,0.000340586,1.16e-05,5.99962934,41.62239688,4.465776297,0.375811876,0.149860722,0.097933982,125.0,62.0,31.0,25.0,12.0,49.99265502,9.0,4.0,0.801408052,0.0248,81.55370647,12.54058927,0.380627208,0.0024,0.02190631,0.523419354,0.545325664,0.010076903,0.293114838,0.303191741,0.303191741,15.0625,Jalen Reagor,PHI,FA,82,4241802,,FA,,{},"['Rookie', 'RB/WR', 'WR', 'WR/TE', 'RB/WR/TE', 'OP', 'BE', 'IR']",,,,,,,,,,,,0.1747536,,167.88828,,,16.0,6.0,,1.0,,,,,,,,,,,,,,,,,,,,,,,,,,,,,,,,,,,,,,,,,,,,,,,,,,,,1.0,1.0,,,,,,,,,,,,,,,,,,,,,,,,,,,,,,,,,,,,,,,,,,,,,,,,,,,,1.0,,1.0,,,,,94.0,8.0,2.0,,,,,,,,,,,,,,,,,,,,,,,,,,,,,,,,,,,,,,,,,,,,,,,,,,,,,,,,,,,,,,,,,,,,,,,,,,,,,,,,,,,,,,,,,,,,,,,,,,,,,,,,,,,,2020,,,,,,,,,,,,,,,,,,,,,,,,,,,,,,,,,,,,,
64.0,5.33,107.96,7.2,1.0,0.5,,1.0,,,,,,,,,,,,6.0,30.0,42.08333333,3.0,96.0,46.0,21.0,16.0,6.0,1.0,60.0,166.0,16.83333333,,,,,,3.0,4.0,2.0,10.0,18.0,,,12.0,1.801998784,0.698561795,0.03560475,0.001827359,2.0,1.0,,,,,,0.003308145,0.002315702,0.000226,7.73e-06,5.839119942,51.94073244,4.788013049,0.216927871,0.192635713,0.125887438,156.0,78.0,39.0,31.0,15.0,48.75570651,9.0,4.0,1.45709675,0.0451,95.65081195,16.04647616,0.21875523,0.00168,0.013639637,0.369040294,0.382679931,0.006274233,0.206662565,0.212936798,0.212936798,15.0625,Breshad Perriman,NYJ,FA,75,2972460,,FA,,{},"['RB/WR', 'WR', 'WR/TE', 'RB/WR/TE', 'OP', 'BE', 'IR']",,2.0,1.0,1.0,1.0,,,,,,,,,,,,,,,,,,,,,,,,,,,,,,,,,,,,,,,,,,,,,,,,,,,,,,,,,,,,,,,,,,,,,1.0,1.0,,,,,,,,,,,,,,,,,,,,,,,,,,,,,,,,,,,,,,,,,,,,,,,,,,,,,,,,,,,,,,,,,,,,,,,,,,,,,,,,,,,,,,,,,,,,,,,,,,,,,,,,,,,,,,,,,,,,,,,,,,,,,,,,,,,,,,,,,,,,,,,,,,,,,,,,,,,,,,,,,,,,,,,2020,,,,,,,,,,,,,,,,,,,,,,,,,,,,,,,,,,,,,
41.0,3.15,4.46,0.32,54.0,19.53846154,1.0,48.0,22.0,9.0,6.0,2.0,1.0,7.0,3.0,,,1.0,,4.7037037,16.0,7.61538462,1.0,17.0,7.0,2.0,1.0,,1.0,21.0,130.0,6.1875,,,,,,,1.0,2.0,11.0,12.0,1.0,,13.0,7.067465606,2.111310831,0.173893731,0.00801,5.0,2.0,1.0,1.0,,1.0,,0.013,0.00911,0.00239,8.17e-05,4.219654846,1.188245939,0.078902521,0.003723693,0.055628129,0.036352982,3.0,1.0,,,,2.136942919,,,0.009612135,0.000297283,2.754458549,7.854198506,0.011733309,0.000373,0.065132241,0.019693606,0.084825847,0.03,0.011028419,0.04098925,0.04098925,14.125,Ty Johnson,NYJ,FA,71,3915411,,FA,,{},"['RB', 'RB/WR', 'RB/WR/TE', 'OP', 'BE', 'IR']",,,,,,,,94.0,8.0,2.0,,,,,,,,,,,,,,,,,,,,,,,,,,,,,,,,,,,,,,,,,,,,,,,,,,,,,,,,,,,,,,,,1.0,1.0,,,,,,,,,,,,,,,,,,,,,,,,,,,,,,,,,,,,,,,,,,,,,,,,,,,,,,,,,,,,,,,,,,,,,,,,,,,,,,,,,,,,,,,,,,,,,,,,,,,,,,,,,,,,,,,,,,,,,,,,,,,,,,,,,,,,,,,,,,,,,,,,,,,,,,,,,,,,,,,,,,,,,,,2020,,,,,,,,,,,,,,,,,,,,,,,,,,,,,,,,,,,,,
27.0,5.4,0.0,0.0,54.0,34.4,1.0,33.0,16.0,7.0,5.0,2.0,,9.0,3.0,,,,,3.18518519,7.0,11.6,,12.0,5.0,2.0,2.0,,,10.0,68.0,8.28571429,,,,,,,,1.0,4.0,6.0,1.0,,5.0,,,,,,,,,,,,,,,,,,,,,,,,,,,,,,,,,,,,,,,,,,,,Devonta Freeman,BUF,FA,79,16944,,FA,,{},"['RB', 'RB/WR', 'RB/WR/TE', 'OP', 'BE', 'IR']",,,,,,,,,,,,,,,,,,,,,,,,,,,,,,,,,,,,,,,,,,,,,,,,,,,,,,,,,,,,,,,,,,,,,,,,,,,,,,,,,,,,,,,,,,,,,,,,,,,,,,,,,,,,,,,,,,,,,,,,,,,,,,,,,,,,,,,,,,,,,,,,,,,,,,,,,,,,,,,,,,,,,,,,,,,,,,,,,,,,,,,,,,,,,,,,,,,,,,,,,,,,,,,,,,,,,,,,,,,,,,,,,,,,,,,,,,,,,,,,,,2020,,,,,,,,,,,,,,,,,,,,,,,,,,,,,,,,,,,,,
60.0,6.0,45.4,3.24,81.0,35.6,4.0,67.0,31.0,14.0,9.0,4.0,,13.0,4.0,1.0,1.0,,,4.39506173,16.0,9.3,,16.0,5.0,,,,,20.0,109.0,5.8125,,1.0,,,,,,8.0,2.0,24.0,2.0,,10.0,69.39397611,20.58957994,1.762186767,0.049707999,58.0,29.0,14.0,11.0,5.0,13.0,6.0,0.133463907,0.093424735,0.279830529,0.00955,4.19096632,3.423519411,0.410039598,0.013033349,0.032131556,0.020997972,9.0,4.0,2.0,1.0,,7.453817624,1.0,,0.022855284,0.000706864,9.954536877,6.487576451,0.062741348,0.00365,0.748643496,0.080414071,0.829057567,0.344376008,0.045031879,0.389407888,0.389407888,14.125,Carlos Hyde,SEA,FA,51,16777,,FA,,{},"['RB', 'RB/WR', 'RB/WR/TE', 'OP', 'BE', 'IR']",,,,,,1.0,,,,,,,,,,,,,,,,,,,,,,,,,,,,,,,,,,,,,,,,,,,,,,,,,,,,,,,,,,,,,,,,,,,,,,,1.0,,,,,,,,,,,,,,,,,,,,,,,,,,,,,,,,,,,,,,,,,,,,,,,,,,,,,,,,,,,,,,,,,,,,,,,,,,,,,,,,,,,,,,,,,,,,,,,,,,,,,,,,,,,,,,,,,,,,,,,,,,,,,,,,,,,,,,,,,,,,,,,,,,,,,,,,,,,,,,,,,,,,,2020,,,,,,,,,,,,,,,,,,,,,,,,,,,,,,,,,,,,,
128.0,8.0,120.21,7.51,,,,,,,,,,,,,,,,,,,,,,,,,,,,,,,,,,,,4.0,12.0,118.0,,,16.0,,,,,,,,,,,,,,,,,,,,,,,,,,,,,,,,,,,,,,,,,,,16.0,Ka'imi Fairbairn,HOU,FA,18,2971573,,FA,,{},"['K', 'BE', 'IR']",,,,,,,,,,,,,,,,,,,,,,,,,,,,,,,,,,,,,,,,,,,,,,,,,,,,,,,,,,,,,,,,,,,,,,,,,,,,,,,4.0,6.0,6.0,8.0,2.0,17.0,17.0,,27.0,31.0,4.0,37.0,40.0,3.0,4.0,6.0,2.865702465,4.551804023,1.686101558,7.045562102,9.430861929,2.385299827,14.66986347,15.76768714,1.097823668,24.58112804,29.75035309,5.169225053,38.8626045,41.76192182,2.89931732,2.865702465,4.551804023,1.686101558,,,,,,,,,,,,,,,,,,,,,,,,,,,,,,,,,,,,,,,,,,,,,,,,,,,,,,,,,,,,,,,,,,,,,,,,,,,,,,,,,,,,,,,2.0,2.0,,,,,,,,,1.0,26.0,1.0,,26.0,,,1.0,1.0,,,,,,,,,,,,,,,,,,,,,,,,,2020,,,,,,,,,,,,,,,,,,,,,,,,,,,,,,,,,,,,,
33.0,2.75,51.61,3.44,,,,,,,,,,,,,,,,,28.0,27.83333333,1.0,63.0,29.0,13.0,9.0,2.0,1.0,37.0,164.0,11.92857143,,1.0,,1.0,1.0,1.0,1.0,6.0,6.0,6.0,,,12.0,,,,,,,,,,,,,,,,,21.46344125,3.249466929,0.188794104,0.111047359,0.072569449,64.0,32.0,16.0,12.0,6.0,32.22153002,6.0,3.0,0.151501595,0.00469,45.09973484,10.03344918,0.188794104,0.00106,,0.240342235,0.240342235,,0.134591651,0.134591651,0.134591651,15.0625,Kyle Rudolph,None,FA,38,14054,,FA,,{},"['WR/TE', 'TE', 'RB/WR/TE', 'OP', 'BE', 'IR']",,,,,,1.0,1.0,,,,,,,,,,,,,1.0,,,,,,,,,,,,,,,,,,,,,,,,,,,,,,,,,,,,,,,,,,,,,,,,,,,,,,,,,,,,,,,,,,,,,,,,,,,,,,,,,,,,,,,,,,,,,,,,,,,,,,,,,,,,,,,,,,,,,,,,,,,,,,,,,,,,,,,,,,,,,,,,,,,,,,,,,,,,,,,,,,,,,,,,,,,,,,,,,,,,,,,,,,,,,,,,,,,,,,,,,,,,,,,,,,,,,,,,,,,,,,2020,,,,,,,,,,,,,,,,,,,,,,,,,,,,,,,,,,,,,
21.0,2.1,13.98,0.93,9.0,3.2,,5.0,1.0,,,,,,,,,,,3.55555556,28.0,21.1,,40.0,19.0,9.0,6.0,1.0,3.0,37.0,119.0,7.53571429,,,,,,2.0,2.0,6.0,4.0,,,,10.0,10.39752999,3.119922458,0.237068285,0.010682761,9.0,4.0,2.0,1.0,,2.0,1.0,0.019183127,0.013428189,0.00573,0.000196,4.51971113,4.904019883,0.283004682,0.013716346,0.089296167,0.058355045,14.0,7.0,3.0,2.0,1.0,8.105848143,1.0,,0.033569835,0.00104,10.68310657,9.1127786,0.024399107,0.000852,0.10886136,0.084867623,0.193728983,0.050076226,0.047525869,0.097602095,0.097602095,15.0625,Lynn Bowden Jr.,MIA,FA,89,4259979,,FA,,{},"['RB', 'RB/WR', 'WR', 'WR/TE', 'RB/WR/TE', 'OP', 'BE', 'IR']",,,,,,,,,,,,,,,,,,,,,,2.0,1.0,1.0,3.2,,6.0,3.0,1.0,1.0,,,,,,,,,,,,0.5,,,,,,,,,,,,,,,,,,,,,,,,,,,,,,,,,,,,,,,,,,,,,,,,,,,,,,,,,,,,,,,,,,,,,,,,,,,,,,,,,,,,,,,,,,,,,,,,,,,,,,,,,,,,,,,,,,,,,,,,,,,,,,,,,,,,,,,,,,,,,,,,,,,,,,,,,,,,,,,,,,,,,,,,,,,,,,,,,,,,,,,,,,,,,,,,,,,,,,,,2020,,,,,,,,,,,,,,,,,,,,,,,,,,,,,,,,,,,,,
65.0,5.0,65.09,4.34,,,,,,,,,,,,,,,,,30.0,28.07692308,5.0,69.0,33.0,13.0,10.0,4.0,1.0,43.0,126.0,12.16666667,,,,,,1.0,1.0,4.0,9.0,32.0,,,13.0,,,,,,,,,,,,,,,,,32.06135761,2.881694145,0.167426497,0.128203367,0.0837809,96.0,48.0,24.0,19.0,9.0,45.82722704,9.0,4.0,0.389128039,0.012,65.14406143,10.53793193,0.167426497,0.00215,,0.488325581,0.488325581,,0.273462325,0.273462325,0.273462325,15.0625,Irv Smith Jr.,MIN,FA,21,4040980,,FA,,{},"['WR/TE', 'TE', 'RB/WR/TE', 'OP', 'BE', 'IR']",,,,,,,,,,,,,,,,,,,,4.0,,,,,,,,,,,,,,,,,,,,,,,,,,,,,,,,,,,,,,,,,,,,,,,,,,,,1.0,1.0,1.0,,,,,,,,,,,,,,,,,,,,,,,,,,,,,,,,,,,,,,,,,,,,,,,,,,,,,,,,,,,,,,,,,,,,,,,,,,,,,,,,,,,,,,,,,,,,,,,,,,,,,,,,,,,,,,,,,,,,,,,,,,,,,,,,,,,,,,,,,,,,,,,,,,,,,,,,,,,,,,,,,,,,,,,,2020,,,,,,,,,,,,,,,,,,,,,,,,,,,,,,,,,,,,,
137.0,8.56,97.33,6.08,,,,,,,,,,,,,,,,,,,,,,,,,,,,,,,,,,1.0,1.0,8.0,8.0,126.0,,,16.0,,,,,,,,,,,,,,,,,,,,,,,,,,,,,,,,,,,,,,,,,,,16.0,Cairo Santos,CHI,FA,11,17427,,FA,,{},"['K', 'BE', 'IR']",,,,,,,,,,,,,,,,,,,,,,,,,,,,,,,,,,,,,,,,,,,,,,,,,,,,,,,,,,,,,,,,,,,,,,,,,,,,,,,2.0,3.0,9.0,10.0,1.0,19.0,19.0,,30.0,32.0,2.0,36.0,37.0,1.0,2.0,3.0,2.494753579,4.270992968,1.77623939,6.208631994,8.84905079,2.640418797,13.09227568,14.79494296,1.702667278,21.79566126,27.91498672,6.119325464,26.86155333,30.34807388,3.486520554,2.494753579,4.270992968,1.77623939,,,,,,,,,,,,,,,,,,,,,,,,,,,,,,,,,,,,,,,,,,,,,,,,,,,,,,,,,,,,,,,,,,,,,,,,,,,,,,,,,,,,,,,1.0,1.0,,,,,,,,,,,,,,,,,,,,,,,,,,,,,,,,,,,,,,,,,,2020,,,,,,,,,,,,,,,,,,,,,,,,,,,,,,,,,,,,,
43.0,3.31,87.49,5.83,,,,,,,,,,,,,,,,,54.0,31.46153846,1.0,77.0,37.0,15.0,12.0,4.0,4.0,72.0,181.0,7.57407407,,,,,,1.0,1.0,8.0,5.0,6.0,,,13.0,,,,,,,,,,,,,,,,,39.9332018,4.621777922,0.237408278,0.126153212,0.082441124,120.0,60.0,30.0,24.0,12.0,55.75069034,11.0,5.0,0.705046128,0.0218,81.4954219,10.78899379,0.237408278,0.00289,,0.6561475,0.6561475,,0.3674426,0.3674426,0.3674426,15.0625,Larry Fitzgerald,ARI,FA,93,5528,,FA,,{},"['RB/WR', 'WR', 'WR/TE', 'RB/WR/TE', 'OP', 'BE', 'IR']",,,,,,,,,,,,,,,,,,,,,,,,,,,,,,,,,,,,,,,,,,,,,,,,,,,,,,,,,,,,,,,,,,,,,,,,,,1.0,,,,,,,,,,,,,,,,,,,,,,,,,,,,,,,,,,,,,,,,,,,,,,,,,,,,,,,,,,,,,,,,,,,,,,,,,,,,,,,,,,,,,,,,,,,,,,,,,,,,,,,,,,,,,,,,,,,,,,,,,,,,,,,,,,,,,,,,,,,,,,,,,,,,,,,,,,,,,,,,,,,,,,,,2020,,,,,,,,,,,,,,,,,,,,,,,,,,,,,,,,,,,,,
36.0,2.57,98.01,7.0,2.0,0.0,,,,,,,,,,,,,,0.0,33.0,22.07142857,2.0,57.0,26.0,10.0,6.0,1.0,3.0,57.0,148.0,9.36363636,,1.0,,1.0,1.0,1.0,1.0,6.0,8.0,12.0,,,14.0,8.85914736,3.544071495,0.210867326,0.00543,10.0,5.0,2.0,2.0,1.0,1.0,,0.016330268,0.0114,0.00694,0.000237,5.825678144,45.16109939,4.509601842,0.19426042,0.122322786,0.079937941,131.0,65.0,32.0,26.0,13.0,53.3524701,10.0,5.0,0.904061561,0.028,89.75569753,12.32667407,0.199689333,0.00296,0.095794863,0.576905692,0.672700555,0.044065637,0.323067188,0.367132825,0.367132825,14.5625,N'Keal Harry,NE,FA,103,4047839,,FA,,{},"['RB/WR', 'WR', 'WR/TE', 'RB/WR/TE', 'OP', 'BE', 'IR']",,,,,,1.0,1.0,,,,,,,,,,,,,2.0,,,,,,,,,,,,,,,,,,,,,,,,,,,,,,,,,,,,,,,,,,,,,,,,,,,,,,,,,,,,,,,,,,,,,,,,,,,,,,,,,,,,,,,,,,,,,,,,,,,,,,,,,,,,,,,,,,,,,,,,,,,,,,,,,,,,,,,,,,,,,,,,,,,,,,,,,,,,,,,,,,,,,,,,,,,,,,,,,,,,,,,,,,,,,,,,,,,,,,,,,,,,,,,,,,,,,,,,,,,,,,2020,,,,,,,,,,,,,,,,,,,,,,,,,,,,,,,,,,,,,
29.0,5.8,96.89,7.45,1.0,2.4,,2.0,1.0,,,,,,,,,,,12.0,14.0,47.2,1.0,45.0,22.0,10.0,7.0,2.0,1.0,26.0,67.0,16.85714286,,,,,,2.0,2.0,1.0,3.0,6.0,,,5.0,,,,,,,,,,,,,,,,,55.95490833,3.93494296,0.331063145,0.288477208,0.188519856,147.0,73.0,36.0,29.0,14.0,46.5385051,9.0,4.0,1.264724073,0.0391,81.34617354,15.85580267,0.331063145,0.00155,,0.352257917,0.352257917,,0.197264433,0.197264433,0.197264433,13.1875,DeSean Jackson,None,FA,115,11283,,FA,,{},"['RB/WR', 'WR', 'WR/TE', 'RB/WR/TE', 'OP', 'BE', 'IR']",,1.0,1.0,,,,,,,,,,,,,,,,,,,,,,,,,,,,,,,,,,,,,,,,,,,,,,,,,,,,,,,,,,,,,,,,,,,,,,,,,,,,,,,,,,,,,,,,,,,,,,,,,,,,,,,,,,,,,,,,,,,,,,,,,,,,,,,,,2.0,,,,,,,,,,,,,,,,,,,,,,,,,,,,,,,,,,,,,,,,,,,,,,,,,,,,,,,,,,,,,,,,,,,,,,,,,,,,,,,,,,,,,,,,,,,,,,,,,,,,,,,,,,,,,,2020,,,,,,,,,,,,,,,,,,,,,,,,,,,,,,,,,,,,,
92.0,5.75,14.2,0.95,1.0,0.125,,,,,,,,,,,,,,2.0,55.0,40.125,5.0,122.0,56.0,27.0,17.0,4.0,5.0,88.0,182.0,11.67272727,,,,,,1.0,1.0,1.0,15.0,36.0,,,16.0,,,,,,,,,,,,,,,,,7.797605229,0.46934714,0.034649276,0.219401463,0.143378856,23.0,11.0,5.0,4.0,2.0,7.910138672,1.0,,0.047903568,0.001481554,13.89346519,14.84821362,0.034649276,0.00065,,0.147763624,0.147763624,,0.08274763,0.08274763,0.08274763,15.0625,Keelan Cole Sr.,JAX,FA,43,3071572,,FA,,{},"['RB/WR', 'WR', 'WR/TE', 'RB/WR/TE', 'OP', 'BE', 'IR']",,,,1.0,1.0,,,80.0,7.0,1.0,0.079716,,274.1004,,27.0,10.0,,,,2.0,1.0,,,,,,,,,,,,,,,,,,,,,,,,,,,,,,,,,,,,,,,,,,,,,,,,,,,,,2.0,,,,,,,,,,,,,,,,,,,,,,,,,,,,,,,,,,,,,,,,,,,,,,,,,,,1.0,,1.0,,,,,140.0,13.0,4.0,,,,,,,,,,,,,,,,,,,,,,,,,,,,,,,,,,,,,,,,,,,,,,,,,,,,,,,,,,,,,,,,,,,,,,,,,,,,,,,,,,,,,,,,,,,,,,,,,,,,,,,,,,,,2020,,,,,,,,,,,,,,,,,,,,,,,,,,,,,,,,,,,,,
95.0,7.92,113.37,7.09,,,,,,,,,,,,,,,,,,,,,,,,,,,,,,,,,,,,2.0,9.0,87.0,,,12.0,,,,,,,,,,,,,,,,,,,,,,,,,,,,,,,,,,,,,,,,,,,16.0,Randy Bullock,CIN,FA,26,15091,,FA,,{},"['K', 'BE', 'IR']",,,,,,,,,,,,,,,,,,,,,,,,,,,,,,,,,,,,,,,,,,,,,,,,,,,,,,,,,,,,,,,,,,,,,,,,,,,,,,,3.0,5.0,7.0,8.0,1.0,11.0,13.0,2.0,21.0,26.0,5.0,24.0,25.0,1.0,3.0,5.0,2.940689096,4.513739004,1.573049908,7.191659718,9.351995191,2.160335472,14.88995783,15.63582792,0.745870093,25.02230664,29.50156212,4.479255474,29.7079255,31.18950917,1.481583673,2.940689096,4.513739004,1.573049908,,,,,,,,,,,,,,,,,,,,,,,,,,,,,,,,,,,,,,,,,,,,,,,,,,,,,,,,,,,,,,,,,,,,,,,,,,,,,,,,,,,,,,,2.0,2.0,,,,,,,,,,,,,,,,,,,,,,,,,,,,,,,,,,,,,,,,,,2020,,,,,,,,,,,,,,,,,,,,,,,,,,,,,,,,,,,,,
43.0,2.69,54.37,3.88,94.0,16.125,4.0,47.0,19.0,7.0,6.0,1.0,,12.0,5.0,,,,,2.74468085,4.0,0.75,,1.0,,,,,,7.0,10.0,3.0,,,,,,1.0,3.0,7.0,9.0,24.0,4.0,,16.0,77.78943542,20.57590116,2.469076803,0.092801162,58.0,29.0,14.0,11.0,5.0,15.0,7.0,0.149716793,0.104801755,0.253,0.00862,3.736170629,6.50558957,0.326053597,0.01733433,0.043846671,0.0286538,18.0,9.0,4.0,3.0,1.0,12.24573349,2.0,1.0,0.039492697,0.00122,16.09908469,7.503956604,0.110135492,0.00296,0.58133901,0.091515288,0.672854298,0.267415944,0.051248561,0.318664506,0.318664506,14.125,Peyton Barber,WSH,FA,67,3051902,,FA,,{},"['RB', 'RB/WR', 'RB/WR/TE', 'OP', 'BE', 'IR']",,,,,,,,,,,,,,,,,,,,,,,,,,,,,,,,,,,,,,,,,,,,,,,,,,,,,,,,,,,,,,,,,,,,,,,,,,,2.0,,,,,,,,,,,,,,,,,,,,,,,,,,,,,,,,,,,,,,,,,,,,,,,,,,,,,,,,,,,,,,,,,,,,,,,,,,,,,,,,,,,,,,,,,,,,,,,,,,,,,,,,,,,,,,,,,,,,,,,,,,,,,,,,,,,,,,,,,,,,,,,,,,,,,,,,,,,,,,,,,,,,,,,2020,,,,,,,,,,,,,,,,,,,,,,,,,,,,,,,,,,,,,
7.0,0.44,79.76,4.99,,,,,,,,,,,,,,,,,,,,,,,,,,,,,,,,,,682.0,983.0,8.0,8.0,,,,16.0,,,,,,,,,,,,,,,,,,,,,,,,,,,,,,,,,,,,,,,,,,,16.0,Raiders D/ST,LV,FA,31,-16013,,FA,,{},"['D/ST', 'BE', 'IR']",,,,,,,,418.0,36.0,11.0,0.145635,0.2389488,648.3738333,236.9001556,64.0,25.0,23.0,9.0,,,,,,,,,,,,,,,,,,,,,,,,,,,,,,,,,,,,,,,,,,,,,,,,,,,,,,,,,301.0,,,8.0,,,,,,,,,,,,,,,,,,,,,,,,,,,,,,,,,,,5.0,0.0,1.0,1.0,0.0,,10.0,2.0,,21.0,42.0,,,,,322.0,191.0,47.0,73.0,265.0,22.0,4.0,460.0,0.0,3.0,7.0,4.0,6225.0,0.0,0.0,1.0,3.0,3.0,6.0,3.0,0.0,0.0,0.0,1.0,1.0,0.0,0.0,3.0,7.0,4.0,0.098331168,0.439692215,1.854701709,2.110522634,0.04050067,2.07763303,13.28311752,8.304698735,0.91892388,0.351230908,37.16968682,74.33937363,1.098290903,0.979342127,2.502717499,12.77645959,916.0170271,305.0,183.0,74.82304179,371.6635209,2.318377136,3.909263516,3.253722394,1.782752074,0.232637154,23.22897006,5832.406991,0.183751935,2.077195786,2.932041744,4.042542568,3.507265192,2.157087931,0.846856743,0.253258102,364.525437,-371.6635209,,,,,,,,,,,,,,,,,,,,,,,,,,,,,,,,,,,,,,,,,,,,,,,2020,,,,,,,,,,,,,,,,,,,,,,,,,,,,,,,,,,,,,
51.0,3.19,86.05,5.74,2.0,0.75,,1.0,,,,,,,,,,,,6.0,49.0,30.3125,2.0,91.0,41.0,16.0,13.0,4.0,3.0,76.0,154.0,9.89795918,,2.0,,1.0,1.0,2.0,2.0,8.0,8.0,12.0,,,16.0,1.786503211,0.682428784,0.043775348,0.001646155,2.0,1.0,,,,,,0.00327967,0.002295769,0.000215051,7.34e-06,5.7537448,44.81602185,3.047810526,0.135270358,0.158714534,0.103719948,135.0,67.0,33.0,27.0,13.0,53.89569417,10.0,5.0,0.970681018,0.03,86.54301364,12.52495843,0.136916513,0.00314,0.022897876,0.690789096,0.713686972,0.010533023,0.386841894,0.397374917,0.397374917,15.0625,Anthony Miller,CHI,FA,82,3050487,,FA,,{},"['RB/WR', 'WR', 'WR/TE', 'RB/WR/TE', 'OP', 'BE', 'IR']",,,,,,1.0,1.0,16.0,1.0,,,,,,,,,,,,2.0,,,,,,,,,,,,,,,,,,,,,,,,,,,,,,,,,,,,,,,,,,,,,,,,,,,,,,,,,,,,,,,,,,,,,,,,,,,,,,,,,,,,,,,,,,,,,,,,,,,,,,,,,,,,,,,55.0,4.0,1.0,,,,,,,,,,,,,,,,,,,,,,,,,,,,,,,,,,,,,,,,,,,,,,,,,,,,,,,,,,,,,,,,,,,,,,,,,,,,,,,,,,,,,,,,,,,,,,,,,,,,,,,,,,,,2020,,,,,,,,,,,,,,,,,,,,,,,,,,,,,,,,,,,,,
69.0,4.31,82.55,5.5,,,,,,,,,,,,,,,,,56.0,41.0,2.0,124.0,59.0,26.0,18.0,4.0,5.0,77.0,355.0,11.71428571,,2.0,,1.0,1.0,1.0,1.0,8.0,8.0,12.0,,,16.0,,,,,,,,,,,,,,,,,38.61735529,4.018945027,0.136379919,0.179232485,0.117128429,116.0,58.0,29.0,23.0,11.0,49.40060401,9.0,4.0,0.643519556,0.0199,72.40224976,11.77463162,0.136379919,0.00235,,0.534173762,0.534173762,,0.299137307,0.299137307,0.299137307,15.0625,Hunter Renfrow,LV,FA,62,3135321,,FA,,{},"['RB/WR', 'WR', 'WR/TE', 'RB/WR/TE', 'OP', 'BE', 'IR']",,,,,,1.0,1.0,,,,,0.124824,,119.9202,,,11.0,4.0,,1.0,,,,,,,,,,,,,,,,,,,,,,,,,,,,,,,,,,,,,,,,,,,,,,,,,,,,,,1.0,,,,,,,,,,,,,,,,,,,,,,,,,,,,,,,,,,,,,,,,,,,,,,,,,,,,,,,,,,265.0,22.0,4.0,,,,,,,,,,,,,,,,,,,,,,,,,,,,,,,,,,,,,,,,,,,,,,,,,,,,,,,,,,,,,,,,,,,,,,,,,,,,,,,,,,,,,,,,,,,,,,,,,,,,,,,,,,,,2020,,,,,,,,,,,,,,,,,,,,,,,,,,,,,,,,,,,,,
82.0,5.12,7.6,0.51,4.0,1.25,,4.0,1.0,,,,,,,,,,,5.0,61.0,39.4375,4.0,118.0,55.0,23.0,16.0,3.0,5.0,98.0,337.0,10.3442623,,1.0,,,,1.0,1.0,8.0,8.0,26.0,,,16.0,,,,,,,,,,,,,,,,,4.014687519,0.252296153,0.011204105,0.122998768,0.080379695,12.0,6.0,3.0,2.0,1.0,4.910148252,,,0.02883582,0.000892,8.113548771,12.31556109,0.011204105,0.000226,,0.051408884,0.051408884,,0.028788975,0.028788975,0.028788975,15.0625,Darnell Mooney,CHI,FA,56,4040655,,FA,,{},"['Rookie', 'RB/WR', 'WR', 'WR/TE', 'RB/WR/TE', 'OP', 'BE', 'IR']",,,,,,1.0,,5.0,,,0.019929,,68.5251,,6.0,2.0,,,1.0,2.0,,,,,,,,,,,,,,,,,,,,,,,,,,,,,,,,,,,,,,,,,,,,,,,,,,,,1.0,1.0,2.0,,,,,,,,,,,,,,,,,,,,,,,,,,,,,,,,,,,,,,,,,,,,,,,,,,,,,,,,,,,,,,,,,,,,,,,,,,,,,,,,,,,,,,,,,,,,,,,,,,,,,,,,,,,,,,,,,,,,,,,,,,,,,,,,,,,,,,,,,,,,,,,,,,,,,,,,,,,,,,,,,,,,,,,,2020,,,,,,,,,,,,,,,,,,,,,,,,,,,,,,,,,,,,,
34.0,2.12,66.04,4.13,,,,,,,,,,,,,,,,,,,,,,,,,,,,,,,,,,729.0,1109.0,2.0,14.0,,,,16.0,,,,,,,,,,,,,,,,,,,,,,,,,,,,,,,,,,,,,,,,,,,16.0,Jets D/ST,NYJ,FA,26,-16020,,FA,,{},"['D/ST', 'BE', 'IR']",,,,,,,,811.0,74.0,26.0,0.19929,0.196152,685.251,339.6571429,68.0,27.0,33.0,13.0,,,,,,,,,,,,,,,,,,,,,,,,,,,,,,,,,,,,,,,,,,,,,,,,,,,,,,,,,380.0,,,17.0,,,,,,,,,,,,,,,,,,,,,,,,,,,,,,,,,,,9.0,0.0,0.0,0.0,1.0,1.0,10.0,2.0,1.0,31.0,62.0,,,1.0,1.0,363.0,215.0,58.0,67.0,86.0,6.0,,437.0,3.0,3.0,6.0,3.0,6201.0,0.0,0.0,1.0,3.0,4.0,6.0,2.0,0.0,0.0,0.0,0.0,0.0,1.0,3.0,3.0,6.0,3.0,0.045540797,0.199740338,1.182462798,1.725756517,0.038867069,2.046129734,12.25405934,8.01306308,0.939849942,0.325671212,37.58492289,75.16984578,1.105401457,0.940728276,2.480438802,12.32778935,912.3947807,304.0,182.0,66.15550623,395.3887338,2.316987916,4.24248477,3.779087187,2.21312294,0.294816738,24.71179586,5679.668033,0.4,3.52,3.44,3.76,2.72,1.44,0.56,0.16,354.9792521,-395.3887338,,,,,,,,,,,,,,,,,,,,,,,,,,,,,,,,,,,,,,,,,,,,,,,2020,,,,,,,,,,,,,,,,,,,,,,,,,,,,,,,,,,,,,
151.0,16.78,226.5,16.18,29.0,17.0,1.0,25.0,10.0,3.0,,,,1.0,,,,,,5.27586207,1.0,,,,,,,,,1.0,8.0,,1.0,5.0,,4.0,9.0,,,1.0,8.0,6.0,1.0,,9.0,55.9402314,20.16905612,0.928810182,0.070100234,57.0,28.0,14.0,11.0,5.0,11.0,5.0,0.10611006,0.0743,0.242,0.00825,5.173842654,,,,,,,,,,,,,,,,,,1.392948213,0.0496,1.028247826,,11.27227064,0.472994,,5.39012495,14.91336939,14.35,Gardner Minshew II,JAX,FA,25,4038524,,FA,,{},"['QB', 'OP', 'BE', 'IR']",,,,,,,,,,,,,,,,,,,,,,327.0,216.0,111.0,251.0,16.0,448.0,222.0,108.0,87.0,41.0,18.0,40.0,18.0,18.0,7.0,,,3.0,1.0,5.0,0.66055046,27.0,4.0,6.0,8.0,2.0,,520.558185,326.5273012,194.0308838,258.5593271,17.91884108,742.0,371.0,185.0,148.0,74.0,37.0,65.0,32.0,3.082650904,2.014512366,3.20557635,0.432989314,1.322847979,9.523244444,0.627263792,36.7520197,10.24402281,4.91713095,,,,,,,,,,,,,,,,,,,,,,,,,,,,,,,,,,,,,,,,,,,,,,,,,,,,,,,,,,,,,,,,,,,,,,,,,,,,,,,,,,,,,,,,,,,,,,,,,,,,,,,,,,,,,,,,,,,,,,,,,,,,,,,4.0,,,,,,,,,,,,,,,,,,,,,,,,,,,,,,,,,,,,,,,,,,,,2020,,,,,,,,,,,,,,,,,,,,,,,,,,,,,,,,,,,,,
12.0,2.0,17.79,1.27,19.0,16.83333333,,21.0,10.0,5.0,4.0,2.0,1.0,3.0,1.0,,,1.0,,5.31578947,3.0,4.5,,5.0,2.0,1.0,1.0,,,6.0,33.0,9.0,,,,,,,,5.0,1.0,,,,6.0,22.21863964,6.993849158,0.795075466,0.026381965,19.0,9.0,4.0,3.0,1.0,4.0,2.0,0.04127599,0.028893193,0.026407003,0.000901,4.446182168,2.478425587,0.192747814,0.008642513,0.070320214,0.04595426,7.0,3.0,1.0,1.0,,4.278031981,,,0.01863009,0.000576188,5.43043774,8.183146262,0.035024478,0.000982,0.187236198,0.036050922,0.22328712,0.086128651,0.020188516,0.106317167,0.106317167,14.125,Ty Montgomery,NO,FA,132,2577134,,FA,,{},"['RB', 'RB/WR', 'RB/WR/TE', 'OP', 'BE', 'IR']",,,,,,,,57.0,5.0,2.0,,,,,,,,,,,,,,,,,,,,,,,,,,,,,,,,,,,,,,,,,,,,,,,,,,,,,,,,,,,,,,,,,,,,,,,,,,,,,,,,,,,,,,,,,,,,,,,,,,,,,,,,,,,,,,,,,,,,,,,,,,,,,,,,,,,,,,,,,,,,,,,,,,,,,,,,,,,,,,,,,,,,,,,,,,,,,,,,,,,,,,,,,,,,,,,,,,,,,,,,,,,,,,,,,,,,,,,,,,,,,,,,,,,,,,,,2020,,,,,,,,,,,,,,,,,,,,,,,,,,,,,,,,,,,,,
30.0,1.88,27.57,1.84,1.0,-0.1875,,,,,,,,,,,,,,-3.0,28.0,15.1875,2.0,45.0,20.0,8.0,4.0,,2.0,44.0,138.0,8.67857143,,1.0,,1.0,1.0,1.0,1.0,8.0,8.0,12.0,,,16.0,,,,,,,,,,,,,,,,,14.59998628,1.119883709,0.049703572,0.144231341,0.094255182,43.0,21.0,10.0,8.0,4.0,19.4188909,3.0,1.0,0.082973049,0.00257,28.84767121,11.32465775,0.049703572,0.00101,,0.230243516,0.230243516,,0.128936369,0.128936369,0.128936369,15.0625,Cole Kmet,CHI,FA,41,4258595,,FA,,{},"['Rookie', 'WR/TE', 'TE', 'RB/WR/TE', 'OP', 'BE', 'IR']",,,,,,1.0,1.0,,,,,,,,,,,,,1.0,,,,,,,,,,,,,,,,,,,,,,,,,,,,,,,,,,,,,,,,,,,,,,,,,,,,,,1.0,,,,,,,,,,,,,,,,,,,,,,,,,,,,,,,,,,,,,,,,,,,,,,,,,,,,,,,,,,,,,,,,,,,,,,,,,,,,,,,,,,,,,,,,,,,,,,,,,,,,,,,,,,,,,,,,,,,,,,,,,,,,,,,,,,,,,,,,,,,,,,,,,,,,,,,,,,,,,,,,,,,,,,,,2020,,,,,,,,,,,,,,,,,,,,,,,,,,,,,,,,,,,,,
44.0,4.4,31.38,2.41,,,,,,,,,,,,,,,,,26.0,23.1,4.0,42.0,20.0,7.0,5.0,2.0,2.0,46.0,84.0,8.88461538,,,,,,1.0,1.0,4.0,6.0,24.0,,,10.0,,,,,,,,,,,,,,,,,16.34846907,1.749435306,0.108599344,0.123730259,0.080857725,43.0,21.0,10.0,8.0,4.0,20.29656335,4.0,2.0,0.081199917,0.00251,29.31780204,10.6222631,0.109,0.00133,,0.30173814,0.30173814,,0.168973358,0.168973358,0.168973358,13.1875,Jordan Reed,SF,FA,26,15860,,FA,,{},"['WR/TE', 'TE', 'RB/WR/TE', 'OP', 'BE', 'IR']",,,,,,,,,,,,,,,,,,,,3.0,,,,,,,,,,,,,,,,,,,,,,,,,,,,,,,,,,,,,,,,,,,,,,,,,,,,,,1.0,,,,,,,,,,,,,,,,,,,,,,,,,,,,,,,,,,,,,,,,,,,,,,,,,,,,,,,,,,,,,,,,,,,,,,,,,,,,,,,,,,,,,,,,,,,,,,,,,,,,,,,,,,,,,,,,,,,,,,,,,,,,,,,,,,,,,,,,,,,,,,,,,,,,,,,,,,,,,,,,,,,,,,,,2020,,,,,,,,,,,,,,,,,,,,,,,,,,,,,,,,,,,,,
57.0,5.7,74.08,5.29,,,,,,,,,,,,,,,,,38.0,44.1,3.0,85.0,39.0,17.0,11.0,3.0,3.0,48.0,171.0,11.60526316,,,,,,,1.0,3.0,7.0,18.0,,,10.0,3.817042214,1.399882378,0.073751998,0.00207,3.0,1.0,,,,,,0.00702,0.00491,0.000932,3.18e-05,5.18027768,38.34174804,3.192564467,0.101304472,0.223986689,0.146375301,108.0,54.0,27.0,21.0,10.0,43.20148993,8.0,4.0,0.533594796,0.016502932,63.7555752,12.53607669,0.10337844,0.00321,0.059203514,0.670068573,0.729272087,0.027233617,0.375238401,0.402472017,0.402472017,14.125,Randall Cobb,HOU,FA,74,14053,,FA,,{},"['RB/WR', 'WR', 'WR/TE', 'RB/WR/TE', 'OP', 'BE', 'IR']",,,,,,,,,,,,0.0098076,,11.52775758,,,1.0,,,2.0,1.0,1.0,,1.0,,,,,,,,,,,,,,,,,,,,,,,,,,,,,,,,,,,,,,,,,,,,,,,,,,,1.0,,,,,,,,,,,,,,,,,,,,,,,,,,,,,,,,,,,,,,,,,,,,,,,,,,,,,,,,,,,,,,,,,,,,,,,,,,,,,,,,,,,,,,,,,,,,,,,,,,,,,,,,,,,,,,,,,,,,,,,,,,,,,,,,,,,,,,,,,,,,,,,,,,,,,,,,,,,,,,,,,,,,,,,2020,,,,,,,,,,,,,,,,,,,,,,,,,,,,,,,,,,,,,
145.0,16.11,71.24,17.81,30.0,16.77777778,2.0,27.0,11.0,3.0,2.0,,,3.0,,,,,,5.03333333,1.0,,,,,,,,,1.0,5.0,,,2.0,,,8.0,1.0,1.0,5.0,4.0,14.0,1.0,,9.0,16.25044429,17.52276296,0.701326063,0.031744259,15.0,7.0,3.0,3.0,1.0,3.0,1.0,0.030728755,0.021510128,0.0547,0.00187,4.79841005,,,,,,,,,,,,,,,,,,0.331474731,0.0114,0.223043483,,2.593136979,0.102600002,,1.24024488,5.670835417,4.45,Ryan Fitzpatrick,MIA,FA,27,8664,,FA,,{},"['QB', 'OP', 'BE', 'IR']",,,,,,,,,,,,,,,,,,,,,,267.0,183.0,84.0,232.33333333,13.0,416.0,206.0,100.0,80.0,38.0,16.0,32.0,14.0,14.0,4.0,1.0,1.0,3.0,2.0,8.0,0.68539326,14.0,2.0,8.0,2.0,1.0,1.0,161.5115271,99.14342161,62.36810547,262.8624732,6.160198799,233.0,116.0,58.0,46.0,23.0,11.0,19.0,9.0,0.924502573,0.604162432,1.152435525,0.155663822,0.299730472,4.430590537,0.613847342,11.16813071,2.370093496,1.137644878,,1.0,,,1.0,,,,,,,,,,,,,,,,,,,,,,,,,,,,,,,,,,,,,,,,,,,,,,,,,,,,,,,,,,,,,,,,,,,,,,,,,,,,,,,,,,,,,,,,,,,,,,,,,,,,,,,,,,,,,,,,,,,,,,,,,,,,,,,1.0,,,,,,,,,,,,,,,,,,,,,,,,,,,,,,,,,,,,,,,2020,,,,,,,,,,,,,,,,,,,,,,,,,,,,,,,,,,,,,
169.0,13.0,231.21,15.41,44.0,12.30769231,3.0,28.0,10.0,4.0,2.0,,,5.0,,,,,,3.63636364,,,,,,,,,,,,,4.0,8.0,,3.0,18.0,,1.0,4.0,9.0,18.0,2.0,,13.0,51.15587411,14.47167112,1.104145427,0.0406,44.0,22.0,11.0,8.0,4.0,10.0,5.0,0.0966,0.0676,0.132,0.0045,4.314127917,,,,,,,,,,,,,,,,,,1.154695635,0.0404,0.786,,9.173122763,0.361,,4.387386332,16.0950523,15.25,Drew Lock,DEN,FA,26,3924327,,FA,,{},"['QB', 'OP', 'BE', 'IR']",,,,,,,,,,,,,,,,,,,,,,443.0,254.0,189.0,225.61538462,16.0,581.0,288.0,140.0,111.0,53.0,23.0,47.0,21.0,32.0,14.0,3.0,1.0,2.0,1.0,15.0,0.57336343,19.0,4.0,10.0,1.0,1.0,1.0,513.0292787,327.0723192,185.9569595,240.8125858,21.55686835,734.0,367.0,183.0,146.0,73.0,36.0,65.0,32.0,2.879501388,1.881754157,2.62620036,0.354730809,1.114069607,11.70766597,0.637531488,33.1180112,8.38749305,4.025996664,,,,1.0,1.0,,,,,,,,,,,,,,,,,,,,,,,,,,,,,,,,,,,,,,,,,,,,,,,,,,,,,,,,,,,,,,,,,,,,,,,,,,,,,,,,,,,,,,,,,,,,,,,,,,,,,,,,,,,,,,,,,,,,,,,,,,3.0,,,,,,,,,,,,,,,,,,,,,,,,,,,,,,,,,,,,,,,,,,,,2020,,,,,,,,,,,,,,,,,,,,,,,,,,,,,,,,,,,,,
60.0,10.0,232.38,15.49,10.0,4.16666667,,2.0,,,,,,,,,,,,2.5,,,,,,,,,,,,,1.0,2.0,,,5.0,,,3.0,3.0,,,,6.0,44.83461199,4.866071347,1.668314937,0.059380944,14.0,7.0,3.0,2.0,1.0,8.0,4.0,0.08435452,0.059048164,0.014582941,0.00049766,1.655140632,,,,,,,,,,,,,,,,,,1.588277953,0.0365,0.677602098,,8.300388283,0.311696965,,3.970634334,16.80399498,15.25,Jimmy Garoppolo,SF,FA,38,16760,,FA,,{},"['QB', 'OP', 'BE', 'IR']",,,,,,,,,,,,,,,,,,,,,,140.0,94.0,46.0,182.66666667,7.0,216.0,106.0,51.0,42.0,19.0,7.0,16.0,7.0,8.0,3.0,2.0,1.0,,,5.0,0.67142857,11.0,1.0,4.0,1.0,,,468.5537363,315.6893048,152.8644315,242.4855852,24.64647095,739.0,369.0,184.0,147.0,73.0,36.0,63.0,31.0,2.916215121,1.905746581,2.690759808,0.363451098,1.528897009,12.83336065,0.673752614,35.81993967,7.622786185,3.658937369,,,,,,,,,,,,,,,,,,,,,,,,,,,,,,,,,,,,,,,,,,,,,,,,,,,,,,,,,,,,,,,,,,,,,,,,,,,,,,,,,,,,,,,,,,,,,,,,,,,,,,,,,,,,,,,,,,,,,,,,,,,,,,,,,,,,,,,,,,,,,,,,,,,,,,,,,,,,,,,,,,,,,,,,,,,2020,,,,,,,,,,,,,,,,,,,,,,,,,,,,,,,,,,,,,
64.0,9.14,0.0,0.0,,,,,,,,,,,,,,,,,,,,,,,,,,,,,,,,,,,,4.0,3.0,58.0,,,7.0,,,,,,,,,,,,,,,,,,,,,,,,,,,,,,,,,,,,,,,,,,,,Matt Gay,LAR,FA,30,4249087,,FA,,{},"['K', 'BE', 'IR']",,,,,,,,,,,,,,,,,,,,,,,,,,,,,,,,,,,,,,,,,,,,,,,,,,,,,,,,,,,,,,,,,,,,,,,,,,,,,,,1.0,1.0,6.0,7.0,1.0,7.0,8.0,1.0,14.0,16.0,2.0,16.0,16.0,,1.0,1.0,,,,,,,,,,,,,,,,,,,,,,,,,,,,,,,,,,,,,,,,,,,,,,,,,,,,,,,,,,,,,,,,,,,,,,,,,,,,,,,,,,,,,,,,,,,,,,,,,,,,,,,,,,,,,,,,,,,,,,,,,,,,,,,,,,,,,,,,,,,,,,,,,,,,2020,,,,,,,,,,,,,,,,,,,,,,,,,,,,,,,,,,,,,
5.0,5.0,114.02,8.14,4.0,26.0,,5.0,2.0,1.0,1.0,,,,,,,,,6.5,3.0,30.0,,6.0,3.0,1.0,1.0,,,3.0,29.0,10.0,,,,,,,,,1.0,,,,1.0,155.2341622,48.47121963,5.112400664,0.191621234,136.0,68.0,34.0,27.0,13.0,31.0,15.0,0.310505056,0.217353539,1.3,0.0443,4.410472333,8.966636172,0.632698269,0.032071464,0.053282552,0.034820148,25.0,12.0,6.0,5.0,2.0,15.86292273,3.0,1.0,0.050636749,0.00157,21.01372381,7.984262301,0.223692698,0.00434,0.895705636,0.091529526,0.987235162,0.412024592,0.051256535,0.463281127,0.463281127,14.125,Marlon Mack,IND,FA,123,3139605,,FA,,{},"['RB', 'RB/WR', 'RB/WR/TE', 'OP', 'BE', 'IR']",,,,,,,,,,,,,,,,,,,,,,,,,,,,,,,,,,,,,,,,,,,,,,,,,,,,,,,,,,,,,,,,,,,,,,,,,,,,,,,,,,,,,,,,,,,,,,,,,,,,,,,,,,,,,,,,,,,,,,,,,,,,,,,,,,,,,,,,,,,,,,,,,,,,,,,,,,,,,,,,,,,,,,,,,,,,,,,,,,,,,,,,,,,,,,,,,,,,,,,,,,,,,,,,,,,,,,,,,,,,,,,,,,,,,,,,,,,,,,,,,,2020,,,,,,,,,,,,,,,,,,,,,,,,,,,,,,,,,,,,,
38.0,2.38,81.71,5.45,,,,,,,,,,,,,,,,,31.0,17.9375,3.0,52.0,24.0,10.0,6.0,1.0,2.0,45.0,133.0,9.25806452,,2.0,,2.0,2.0,,,2.0,14.0,18.0,,,16.0,,,,,,,,,,,,,,,,,39.80382763,3.82223056,0.173176387,0.176473491,0.115325427,119.0,59.0,29.0,23.0,11.0,49.05966534,9.0,4.0,0.698992765,0.021618333,74.92347488,12.22073468,0.173176387,0.0023,,0.522769784,0.522769784,,0.292751079,0.292751079,0.292751079,15.0625,Chris Herndon,NYJ,FA,47,3123050,,FA,,{},"['WR/TE', 'TE', 'RB/WR/TE', 'OP', 'BE', 'IR']",,,,,,2.0,2.0,,,,,,,,,,,,,1.0,1.0,,,,,,,,,,,,,,,,,,,,,,,,,,,,,,,,,,,,,,,,,,,,,,,,,,,,,1.0,,,,,,,,,,,,,,,,,,,,,,,,,,,,,,,,,,,,,,,,,,,,,,,,,,,,,,,,,,,,,,,,,,,,,,,,,,,,,,,,,,,,,,,,,,,,,,,,,,,,,,,,,,,,,,,,,,,,,,,,,,,,,,,,,,,,,,,,,,,,,,,,,,,,,,,,,,,,,,,,,,,,,,,,2020,,,,,,,,,,,,,,,,,,,,,,,,,,,,,,,,,,,,,
65.0,4.06,44.48,2.97,1.0,0.3125,,1.0,,,,,,,,,,,,5.0,52.0,38.625,2.0,118.0,55.0,25.0,17.0,4.0,3.0,81.0,220.0,11.88461538,,2.0,,1.0,1.0,1.0,1.0,10.0,6.0,12.0,,,16.0,3.854229704,1.52242548,0.129507203,0.00416,4.0,2.0,1.0,,,,,0.00708,0.00496,0.00128,4.36e-05,5.94970605,20.25332079,1.951943483,0.10947002,0.135919877,0.088823639,61.0,30.0,15.0,12.0,6.0,22.13003601,4.0,2.0,0.135826543,0.0042,40.59539578,13.78514,0.113631432,0.000989,0.033340943,0.191435466,0.224776409,0.015336834,0.107203861,0.122540695,0.122540695,15.0625,Josh Reynolds,LAR,FA,66,3115306,,FA,,{},"['RB/WR', 'WR', 'WR/TE', 'RB/WR/TE', 'OP', 'BE', 'IR']",,1.0,,,,1.0,,,,,,,,,,,,,,1.0,,,,,,,,,,,,,,,,,,,,,,,,,,,,,,,,,,,,,,,,,,,,,,,,,,,,,,,,,,,,,,,,,,,,,,,,,,,,,,,,,,,,,,,,,,,,,,,,,,,,,,,,,,,,,,,,,,,,,,,,,,,,,,,,,,,,,,,,,,,,,,,,,,,,,,,,,,,,,,,,,,,,,,,,,,,,,,,,,,,,,,,,,,,,,,,,,,,,,,,,,,,,,,,,,,,,,,,,,,,,,,2020,,,,,,,,,,,,,,,,,,,,,,,,,,,,,,,,,,,,,
41.0,2.73,11.61,0.83,84.0,20.53333333,1.0,57.0,26.0,11.0,7.0,1.0,,12.0,3.0,,,,,3.66666667,12.0,7.0,,19.0,7.0,2.0,1.0,,,16.0,145.0,8.75,,,,,,2.0,2.0,10.0,5.0,8.0,1.0,,15.0,12.77910648,4.029565688,0.427617779,0.016,11.0,5.0,2.0,2.0,1.0,2.0,1.0,0.0236,0.0165,0.00852,0.000291,4.453958923,2.340525525,0.188980684,0.009579427,0.063491729,0.041491845,6.0,3.0,1.0,1.0,,4.101493545,,,0.017729207,0.000548326,5.253430952,8.060459604,0.025597064,0.000649,0.112,0.035825925,0.147449484,0.0513,0.020062518,0.071409355,0.071409355,14.125,Jordan Wilkins,IND,FA,68,3051891,,FA,,{},"['RB', 'RB/WR', 'RB/WR/TE', 'OP', 'BE', 'IR']",,,,,,,,3.0,,,,,,,,,,,,,,,,,,,,,,,,,,,,,,,,,,,,,,,,,,,,,,,,,,,,,,,,,,,,,,,,,1.0,,,,,,,,,,,,,,,,,,,,,,,,,,,,,,,,,,,,,,,,,,,,,,,,,,,,,,,,,,,,,,,,,,,,,,,,,,,,,,,,,,,,,,,,,,,,,,,,,,,,,,,,,,,,,,,,,,,,,,,,,,,,,,,,,,1.0,,,,,,,,,,,,,,,,,,,,,,,,,,,,,,,,,,,,,,,2020,,,,,,,,,,,,,,,,,,,,,,,,,,,,,,,,,,,,,
57.0,3.56,50.54,3.61,100.0,29.0625,1.0,86.0,39.0,14.0,12.0,4.0,,13.0,3.0,,,,,4.65,25.0,12.4375,,35.0,14.0,5.0,3.0,,,30.0,167.0,7.96,1.0,2.0,1.0,1.0,1.0,5.0,6.0,4.0,12.0,6.0,,,16.0,60.81219617,18.0708161,1.35627296,0.099,51.0,25.0,12.0,10.0,5.0,12.0,6.0,0.115,0.0808,0.178,0.00608,4.197353384,9.280383098,0.763687147,0.054433809,0.062639595,0.040934976,26.0,13.0,6.0,5.0,2.0,16.448507,3.0,1.0,0.051947327,0.001606618,20.89430436,7.969441314,0.153409809,0.00231,0.412434406,0.111555422,0.523989828,0.19,0.062471036,0.252190863,0.252190863,14.125,Brian Hill,ATL,FA,62,3125403,,FA,,{},"['RB', 'RB/WR', 'RB/WR/TE', 'OP', 'BE', 'IR']",,,,,,1.0,,,,,,,,,,,,,,,,,,,,,,,,,,,,,,,,,,,,,,,,,,,,,,,,,,,,,,,,,,,,,,,,,,,,,1.0,,,,,,,,,,,,,,,,,,,,,,,,,,,,,,,,,,,,,,,,,,,,,,,,,,,,,,,,,,,,,,,,,,,,,,,,,,,,,,,,,,,,,,,,,,,,,,,,,,,,,,,,,,,,,,,,,,,,,,,,,,1.0,,,,,,,,,,,,,,,,,,,,,,,,,,,,,,,,,,,,,,,,,,,,,2020,,,,,,,,,,,,,,,,,,,,,,,,,,,,,,,,,,,,,
34.0,3.09,54.43,3.89,46.0,22.0,2.0,44.0,21.0,8.0,5.0,2.0,1.0,8.0,2.0,,,1.0,,5.26086957,2.0,1.90909091,,4.0,1.0,,,,,2.0,16.0,10.5,,,,,,,,9.0,2.0,12.0,1.0,,11.0,71.41452737,21.10019227,2.997593238,0.105710068,59.0,29.0,14.0,11.0,5.0,14.0,7.0,0.136435719,0.095505003,0.245,0.00836,4.17338358,4.467254794,0.313635927,0.016349053,0.057222536,0.037394927,12.0,6.0,3.0,2.0,1.0,8.051234567,1.0,,0.030145326,0.00093233,10.27531992,7.837304136,0.122059121,0.00329,0.672934621,0.075866279,0.748800901,0.309549926,0.042485116,0.352035042,0.352035042,14.125,AJ Dillon,GB,FA,72,4239934,,FA,,{},"['Rookie', 'RB', 'RB/WR', 'RB/WR/TE', 'OP', 'BE', 'IR']",,,,,,,,,,,,,,,,,,,,,,,,,,,,,,,,,,,,,,,,,,,,,,,,,,,,,,,,,,,,,,,,,,,,,,,,,,,,,,,,,,,,,,,,,,,,,,,,,,,,,,,,,,,,,,,,,,,,,,,,,,,,,,,,,,,,,,,,,,,,,,,,,,,,,,,,,,,,,,,,,,,,,,,,,,,,,,,,,,,,,,,,,,,,,,,,,,,,,1.0,,,,,,,,,,,,,,,,,,,,,,,,,,,,,,,,,,,,,,,,,,,,,2020,,,,,,,,,,,,,,,,,,,,,,,,,,,,,,,,,,,,,
34.0,3.4,37.38,2.88,64.0,23.2,2.0,43.0,19.0,7.0,5.0,,,9.0,1.0,,,,,3.625,11.0,6.3,,10.0,3.0,,,,,15.0,67.0,5.72727273,,,,,,1.0,1.0,1.0,9.0,12.0,2.0,,10.0,44.00980849,13.74817592,0.898438199,0.045991674,36.0,18.0,9.0,7.0,3.0,8.0,4.0,0.082905065,0.058033545,0.094133812,0.00321,4.10010439,8.87522061,0.56259067,0.025483156,0.043565839,0.028470276,23.0,11.0,5.0,4.0,2.0,14.91539699,2.0,1.0,0.046806791,0.00145,20.04796703,7.809867252,0.07147483,0.00244,0.414701671,0.140546852,0.555248523,0.190762769,0.078706237,0.269469006,0.269469006,13.125,La'Mical Perine,NYJ,FA,72,4034952,,FA,,{},"['Rookie', 'RB', 'RB/WR', 'RB/WR/TE', 'OP', 'BE', 'IR']",,,,,,,,22.0,2.0,,,,,,,,,,,,,,,,,,,,,,,,,,,,,,,,,,,,,,,,,,,,,,,,,,,,,,,,,,,,,,,,,,,,,,,,,,,,,,,,,,,,,,,,,,,,,,,,,,,,,,,,,,,,,,,,,,,,,,,,,,,,,,,,,,,,,,,,,,,,,,,,,,,,,,,,,,,,,,,,,,,,,,,,,,,,,,,,,,,,,,,,,,,,,,,,,,,,,,,,,,,,,,,,,,,,,,,,,,,,,,,,,,,,,,,,,2020,,,,,,,,,,,,,,,,,,,,,,,,,,,,,,,,,,,,,
128.0,11.64,10.48,10.48,28.0,10.36363636,,20.0,7.0,2.0,1.0,,,2.0,,,,,,4.07142857,1.0,-0.27272727,,,,,,,,1.0,3.0,-3.0,1.0,2.0,1.0,1.0,9.0,,,6.0,5.0,,,,11.0,0.596023776,1.151114802,0.02644633,0.000935318,,,,,,,,0.001093448,0.000765414,-3.17e-06,-1.08e-07,3.379816348,,,,,,,,,,,,,,,,,,0.069648739,0.001661545,0.007550965,,0.377623882,0.003473444,,0.181108444,0.881849631,1.75,Andy Dalton,DAL,FA,31,14012,,FA,,{},"['QB', 'OP', 'BE', 'IR']",,,,,,,,,,,,,,,,,,,,,,333.0,216.0,117.0,197.18181818,14.0,431.0,212.0,104.0,83.0,39.0,17.0,38.0,16.0,20.0,8.0,2.0,2.0,1.0,,8.0,0.64864865,24.0,1.0,8.0,3.0,1.0,,27.10449645,16.41291256,10.69158389,107.0741685,1.233740459,37.0,18.0,9.0,7.0,3.0,1.0,3.0,1.0,0.088973716,0.058144323,0.26896324,0.036329881,0.068713421,0.700741187,0.605542058,2.106636841,0.370072916,0.177635,,,,,,,,,,,,,,,,,,,,,,,,,,,,,,,,,,,,,,,,,,,,,,,,,,,,,,,,,,,,,,,,,,,,,,,,,,,,,,,,,,,,,,,,,,,,,,,,,,,,,,,,,,,,,,,,,,,,,,,,,,,,,,,,,,,,,,,,,,,,,,,,,,,,,,,,,,,,,,,,,,,,,,,,,,,2020,,,,,,,,,,,,,,,,,,,,,,,,,,,,,,,,,,,,,
7.0,3.5,84.35,5.62,2.0,8.0,,2.0,,,,,,,,,,,,8.0,6.0,35.5,,14.0,7.0,3.0,2.0,1.0,1.0,9.0,21.0,11.83333333,,,,,,1.0,1.0,1.0,1.0,,,,2.0,13.07642519,4.790523439,0.360394528,0.013504538,14.0,7.0,3.0,2.0,1.0,2.0,1.0,0.024162792,0.016913955,0.013802814,0.000471,5.518118161,36.51335365,3.555646007,0.180235633,0.181085672,0.118339487,109.0,54.0,27.0,21.0,10.0,44.41062885,8.0,4.0,0.551821793,0.0171,68.29460238,12.38402616,0.193740171,0.00274,0.141396717,0.480216652,0.62161337,0.06504249,0.268921325,0.333963815,0.333963815,15.0625,Parris Campbell,IND,FA,163,3121410,,FA,,{},"['RB/WR', 'WR', 'WR/TE', 'RB/WR/TE', 'OP', 'BE', 'IR']",,,,,,,,,,,0.019929,,68.5251,,6.0,2.0,,,,,,,,,,,,,,,,,,,,,,,,,,,,,,,,,,,,,,,,,,,,,,,,,,,,,,,,,,,,,,,,,,,,,,,,,,,,,,,,,,,,,,,,,,,,,,,,,,,,,,,,,,,,,,,,,,,,,,,,,,,,,,,,,,,,,,,,,,,,,,,,,,,,,,,,,,,,,,,,,,,,,,,,,,,,,,,,,,,,,,,,,,,,,,,,,,,,,,,,,,,,,,,,,,,,,,,,,,,,,,,,,,2020,,,,,,,,,,,,,,,,,,,,,,,,,,,,,,,,,,,,,
35.0,3.89,68.1,4.86,,,,,,,,,,,,,,,,,23.0,39.66666667,,69.0,33.0,15.0,9.0,3.0,,45.0,105.0,15.52173913,,,,,,1.0,2.0,2.0,7.0,2.0,,,9.0,,,,,,,,,,,,,,,,,36.24360921,3.04736613,0.13803376,0.150645588,0.098446892,101.0,50.0,25.0,20.0,10.0,39.96605483,7.0,3.0,0.500774954,0.0155,65.15589285,12.75271619,0.13803376,0.00184,,0.418441601,0.418441601,,0.234327296,0.234327296,0.234327296,14.0625,Denzel Mims,NYJ,FA,106,4035403,,FA,,{},"['Rookie', 'RB/WR', 'WR', 'WR/TE', 'RB/WR/TE', 'OP', 'BE', 'IR']",,,,,,,,,,,,,,,,,,,,,,,,,,,,,,,,,,,,,,,,,,,,,,,,,,,,,,,,,,,,,,,,,,,,,,,,1.0,1.0,,1.0,,,,,,,,,,,,,,,,,,,,,,,,,,,,,,,,,,,,,,,,,,,,,,,,,,,,,,,,,,,,,,,,,,,,,,,,,,,,,,,,,,,,,,,,,,,,,,,,,,,,,,,,,,,,,,,,,,,,,,,,,,,,,,,,,,,,,,,,,,,,,,,,,,,,,,,,,,,,,,,,,,,,,,,2020,,,,,,,,,,,,,,,,,,,,,,,,,,,,,,,,,,,,,
94.0,5.88,17.24,1.15,1.0,,,,,,,,,,,,,,,,35.0,37.4375,7.0,114.0,52.0,22.0,18.0,7.0,1.0,62.0,131.0,17.11428571,,1.0,,,,4.0,4.0,13.0,3.0,42.0,,,16.0,,,,,,,,,,,,,,,,,8.781151037,0.712262384,0.039781149,0.159325873,0.104119458,26.0,13.0,6.0,5.0,2.0,9.537074972,1.0,,0.052241376,0.00162,16.95379362,13.86862197,0.039781149,0.000439,,0.099852461,0.099852461,,0.055917378,0.055917378,0.055917378,15.0625,Gabriel Davis,BUF,FA,53,4243537,,FA,,{},"['Rookie', 'RB/WR', 'WR', 'WR/TE', 'RB/WR/TE', 'OP', 'BE', 'IR']",,1.0,1.0,1.0,1.0,1.0,,,,,,,,,,,,,,2.0,3.0,,,,,,,,,,,,,,,,,,,,,,,,,,,,,,,,,,,,,,,,,,,,,,,,,,,,,1.0,,,,,,,,,,,,,,,,,,,,,,,,,,,,,,,,,,,,,,,,,,,,,,,,,,,,,,,,,,,,,,,,,,,,,,,,,,,,,,,,,,,,,,,,,,,,,,,,,,,,,,,,,,,,,,,,,,,,,,,,,,,,,,,,,,,,,,,,,,,,,,,,,,,,,,,,,,,,,,,,,,,,,,,,2020,,,,,,,,,,,,,,,,,,,,,,,,,,,,,,,,,,,,,
55.0,4.23,43.13,3.59,9.0,3.07692308,,8.0,3.0,,,,,,,,,,,4.44444444,30.0,29.30769231,3.0,73.0,34.0,14.0,11.0,3.0,1.0,56.0,125.0,12.7,,2.0,,,,1.0,1.0,4.0,9.0,18.0,,1.0,13.0,1.597922408,0.789529794,0.043237361,0.001591148,1.0,,,,,,,0.002933781,0.002053647,0.000242,8.28e-06,6.02181578,26.89790449,1.833675926,0.094926228,0.130488209,0.085274045,65.0,32.0,16.0,13.0,6.0,26.68442222,5.0,2.0,0.200417355,0.0062,41.93238803,12.28500315,0.096517376,0.0013,0.016730128,0.279383902,0.29611403,0.007695859,0.156454985,0.164150844,0.164150844,12.1875,KJ Hamler,DEN,FA,77,4240380,,FA,,{},"['Rookie', 'RB/WR', 'WR', 'WR/TE', 'RB/WR/TE', 'OP', 'BE', 'IR']",,1.0,,,,1.0,,42.0,3.0,,,,,,,,,,,1.0,,,,,,,,,,,,,,,,,,,,,,,,,,,,,,,,,,,,,,,,,,,,,,,,,,,,,,,,,,,,,,,,,,,,,,,,,,,,,,,,,,,,,,,,,,,,,,,,,,,,,,,,,,,,,,,,6.0,,,,,,,,,,,,,,,,,,,,,,,,,,,,,,,,,,,,,,,,,,,,,,,,,,,,,,,,,,,,,,,,,,,,,,,,,,,,,,,,,,,,,,,,,,,,,,,,,,,,,,,,,,,,,,2020,,,,,,,,,,,,,,,,,,,,,,,,,,,,,,,,,,,,,
36.0,2.25,27.75,1.98,64.0,14.5,1.0,40.0,16.0,5.0,5.0,1.0,,6.0,2.0,,,,,3.625,21.0,8.25,,21.0,8.0,2.0,2.0,,,25.0,120.0,6.28571429,,,,,,3.0,4.0,8.0,8.0,12.0,1.0,,16.0,25.01104496,10.43291396,0.629053156,0.0237,30.0,15.0,7.0,6.0,3.0,5.0,2.0,0.0465,0.0326,0.0625,0.00213,6.074488685,4.113998033,0.27893941,0.012380111,0.095469888,0.062389572,11.0,5.0,2.0,2.0,1.0,6.358360765,1.0,,0.029035687,0.000898011,8.654301364,9.422254974,0.036035407,0.00104,0.189312883,0.048127522,0.237440405,0.087083926,0.026951412,0.114035339,0.114035339,14.5625,Cordarrelle Patterson,CHI,FA,103,15807,,FA,,{},"['RB', 'RB/WR', 'WR', 'WR/TE', 'RB/WR/TE', 'OP', 'BE', 'IR']",,,,,,,,1017.0,96.0,32.0,0.409338213,,802.3486154,,80.0,32.0,,,,,,,,,,,,,,,,,,,,,,,,,,,,,,,,,,,,,,,,,,,,,,,,,,,,,,,,,,,1.0,,,,,,,,,,,,,,,,,,,,,,,,,,,,,,,,,,,,,,,,,,,,,,,,,1.0,,,1.0,,,,,,,,,,,,,,,,,,,,,,,,,,,,,,,,,,,,,,,,,,,,,,,,,,,,,,,,,,,,,,,,,,,,,,,,,,,,,,,,,,,,,,,,,,,,,,,,,,,,,,,,,,,,,,,,,,,2020,,,,,,,,,,,,,,,,,,,,,,,,,,,,,,,,,,,,,
40.0,3.08,59.78,3.99,1.0,0.30769231,,,,,,,,,,,,,,4.0,37.0,31.0,1.0,76.0,34.0,14.0,11.0,3.0,3.0,49.0,171.0,10.89189189,,,,,,,,3.0,10.0,6.0,,,13.0,,,,,,,,,,,,,,,,,27.99722376,2.992033779,0.0949734,0.126121359,0.082420308,84.0,42.0,21.0,16.0,8.0,39.00441931,7.0,3.0,0.274970203,0.0085,57.11427138,10.81180518,0.0949734,0.00146,,0.332498507,0.332498507,,0.186199164,0.186199164,0.186199164,15.0625,Jordan Akins,HOU,FA,30,3128452,,FA,,{},"['WR/TE', 'TE', 'RB/WR/TE', 'OP', 'BE', 'IR']",,,,,,,,,,,,,,,,,,,,,,,,,,,,,,,,,,,,,,,,,,,,,,,,,,,,,,,,,,,,,,,,,,,,,,,,,,1.0,,,,,,,,,,,,,,,,,,,,,,,,,,,,,,,,,,,,,,,,,,,,,,,,,,,,,,,,,,,,,,,,,,,,,,,,,,,,,,,,,,,,,,,,,,,,,,,,,,,,,,,,,,,,,,,,,,,,,,,,,,,,,,,,,,,,,,,,,,,,,,,,,,,,,,,,,,,,,,,,,,,,,,,,2020,,,,,,,,,,,,,,,,,,,,,,,,,,,,,,,,,,,,,
24.0,4.8,124.52,7.78,,,,,,,,,,,,,,,,,,,,,,,,,,,,,,,,,,,,2.0,3.0,26.0,,,5.0,,,,,,,,,,,,,,,,,,,,,,,,,,,,,,,,,,,,,,,,,,,16.0,Austin Seibert,CIN,FA,37,3821683,,FA,,{},"['K', 'BE', 'IR']",,,,,,,,,,,,,,,,,,,,,,,,,,,,,,,,,,,,,,,,,,,,,,,,,,,,,,,,,,,,,,,,,,,,,,,,,,,,,,,,1.0,1.0,3.0,2.0,5.0,5.0,,6.0,9.0,3.0,8.0,9.0,1.0,,1.0,3.021222414,4.710487217,1.689264803,7.406414234,9.759636913,2.353222679,15.37393852,16.31737402,0.9434355,25.80157517,30.78749815,4.985922981,38.65538163,41.01879654,2.363414907,3.021222414,4.710487217,1.689264803,,,,,,,,,,,,,,,,,,,,,,,,,,,,,,,,,,,,,,,,,,,,,,,,,,,,,,,,,,,,,,,,,,,,,,,,,,,,,,,,,,,,,,,1.0,1.0,,,,,,,,,,,,,,,,,,,,,,,,,,,,,,,,,,,,,,,,,,2020,,,,,,,,,,,,,,,,,,,,,,,,,,,,,,,,,,,,,
9.0,2.25,0.0,0.0,31.0,22.75,,17.0,7.0,3.0,2.0,,,4.0,2.0,,,,,2.93548387,5.0,7.5,,5.0,2.0,,,,,10.0,23.0,6.0,,,,,,,,3.0,1.0,,,,4.0,,,,,,,,,,,,,,,,,,,,,,,,,,,,,,,,,,,,,,,,,,,,DeAndre Washington,MIA,FA,107,2577654,,FA,,{},"['RB', 'RB/WR', 'RB/WR/TE', 'OP', 'BE', 'IR']",,,,,,,,,,,,,,,,,,,,,,,,,,,,,,,,,,,,,,,,,,,,,,,,,,,,,,,,,,,,,,,,,,,,,,,,,,,,,,,,,,,,,,,,,,,,,,,,,,,,,,,,,,,,,,,,,,,,,,,,,,,,,,,,,,,,,,,,,,,,,,,,,,,,,,,,,,,,,,,,,,,,,,,,,,,,,,,,,,,,,,,,,,,,,,,,,,,,,,,,,,,,,,,,,,,,,,,,,,,,,,,,,,,,,,,,,,,,,,,,,,2020,,,,,,,,,,,,,,,,,,,,,,,,,,,,,,,,,,,,,
64.0,4.57,35.38,2.36,1.0,0.21428571,,,,,,,,,,,,,,3.0,34.0,32.0,4.0,84.0,40.0,18.0,13.0,4.0,2.0,50.0,131.0,13.17647059,,1.0,,,,,,10.0,4.0,24.0,,,14.0,,,,,,,,,,,,,,,,,15.40900565,2.065733641,0.092616823,0.235416896,0.153844941,46.0,23.0,11.0,9.0,4.0,16.97813841,3.0,1.0,0.088725609,0.00274,26.97909361,13.67041203,0.092616823,0.000808,,0.18358634,0.18358634,,0.10280835,0.10280835,0.10280835,15.0625,Tre'Quan Smith,NO,FA,63,3128451,,FA,,{},"['RB/WR', 'WR', 'WR/TE', 'RB/WR/TE', 'OP', 'BE', 'IR']",,,,,,1.0,,,,,,,,,,,,,,1.0,1.0,,,,,,,,,,,,,,,,,,,,,,,,,,,,,,,,,,,,,,,,,,,,,,,,,,,,,2.0,,,,,,,,,,,,,,,,,,,,,,,,,,,,,,,,,,,,,,,,,,,,,,,,,,,,,,,,,,,,,,,,,,,,,,,,,,,,,,,,,,,,,,,,,,,,,,,,,,,,,,,,,,,,,,,,,,,,,,,,,,,,,,,,,,,,,,,,,,,,,,,,,,,,,,,,,,,,,,,,,,,,,,,,2020,,,,,,,,,,,,,,,,,,,,,,,,,,,,,,,,,,,,,
19.0,2.38,0.0,0.0,39.0,18.5,1.0,26.0,11.0,4.0,4.0,1.0,,4.0,1.0,,,,,3.79487179,7.0,4.125,,6.0,2.0,,,,,8.0,47.0,4.71428571,1.0,1.0,,,,2.0,2.0,3.0,5.0,6.0,1.0,,8.0,,,,,,,,,,,,,,,,,,,,,,,,,,,,,,,,,,,,,,,,,,,,JaMycal Hasty,SF,FA,85,3928925,,FA,,{},"['Rookie', 'RB', 'RB/WR', 'RB/WR/TE', 'OP', 'BE', 'IR']",,,,,,,,57.0,5.0,1.0,,,,,,,,,,,,,,,,,,,,,,,,,,,,,,,,,,,,,,,,,,,,,,,,,,,,,,,,,,,,,,,,,,,,,,,,,,,,,,,,,,,,,,,,,,,,,,,,,,,,,,,,,,,,,,,,,,,,,,,,,,,,,,,,,,,,,,,,,,,,,,,,,,,,,,,,,,,,,,,,,,,,,,,,,,,,,,,,,,,,,,,,,,,,,,,,,,,,,,,,,,,,,,,,,,,,,,,,,,,,,,,,,,,,,,,,2020,,,,,,,,,,,,,,,,,,,,,,,,,,,,,,,,,,,,,
72.0,4.5,17.56,1.17,2.0,-0.25,,,,,,,,,,,,,,-2.0,53.0,26.1875,6.0,78.0,34.0,13.0,10.0,2.0,4.0,79.0,165.0,7.90566038,,2.0,,,,1.0,1.0,4.0,11.0,38.0,,1.0,16.0,2.092308227,0.704595668,0.068830788,0.00428,2.0,1.0,,,,,,0.00384,0.00269,0.000231,7.89e-06,5.072375142,7.561546408,0.79519958,0.066845606,0.11079204,0.072402598,22.0,11.0,5.0,4.0,2.0,10.47139117,2.0,1.0,0.054040543,0.00167,15.83503499,10.87685398,0.071128741,0.000598,0.0226,0.113228219,0.135852561,0.0104,0.063407803,0.073815,0.073815,15.0625,Greg Ward,PHI,FA,58,3040035,,FA,,{},"['RB/WR', 'WR', 'WR/TE', 'RB/WR/TE', 'OP', 'BE', 'IR']",,,,,,1.0,,,,,,0.062412,,59.9601,,,5.0,2.0,,4.0,1.0,1.0,1.0,,0.9375,,3.0,1.0,,,,,,,,,,,,,,1.0,,,,,,,,,,,,,,,,,,,,,,,,,,,,,,1.0,1.0,,,,,,,,,,,,,,,,,,,,,,,,,,,,,,,,,,,,,,,,,,,,,,,,,,,,,,,,,,,134.0,8.0,,,,,,,,,,,,,,,,,,,,,,,,,,,,,,,,,,,,,,,,,,,,,,,,,,,,,,,,,,,,,,,,,,,,,,,,,,,,,,,,,,,,,,,,,,,,,,,,,,,,,,,,,,,,,2020,,,,,,,,,,,,,,,,,,,,,,,,,,,,,,,,,,,,,
27.0,1.69,75.0,5.36,39.0,10.5625,1.0,30.0,12.0,5.0,3.0,,,5.0,1.0,,,,,4.33333333,18.0,7.25,,20.0,7.0,2.0,1.0,,,26.0,156.0,6.44444444,,,,,,,,14.0,2.0,8.0,,,16.0,68.16658358,19.60543829,3.303620145,0.0723,55.0,27.0,13.0,11.0,5.0,13.0,6.0,0.13,0.091,0.212,0.00725,4.062501029,15.28935193,1.302845999,0.035339999,0.073874283,0.048276844,43.0,21.0,10.0,8.0,4.0,25.90985936,5.0,2.0,0.081329151,0.00252,33.16951529,8.335131926,0.107627106,0.00397,0.653,0.248309747,0.901591066,0.301,0.139053458,0.439562865,0.439562865,14.125,Darrel Williams,KC,FA,79,3115375,,FA,,{},"['RB', 'RB/WR', 'RB/WR/TE', 'OP', 'BE', 'IR']",,,,,,,,,,,,,,,,,,,,,,,,,,,,,,,,,,,,,,,,,,,,,,,,,,,,,,,,,,,,,,,,,,,,,,,,1.0,1.0,,,1.0,,,,,,,,,,,,,,,,,,,,,,,,,,,,,,,,,,,,,,,,,,,,,,,,,,,,,,,,,,,,,,,,,,,,,,,,,,,,,,,,,,,,,,,,,,,,,,,,,,,,,,,,,,,,,,,,,,,,,,,,,,,,,,,,,,,,,,,,,,,,,,,,,,,,,,,,,,,,,,,,,,,,,,2020,,,,,,,,,,,,,,,,,,,,,,,,,,,,,,,,,,,,,
16.0,1.6,18.18,1.3,26.0,10.9,,20.0,10.0,5.0,3.0,1.0,,4.0,1.0,,,,,4.19230769,5.0,3.4,1.0,6.0,2.0,1.0,,,,10.0,24.0,6.8,,1.0,,1.0,1.0,,,9.0,1.0,6.0,,,10.0,20.70552249,6.013223954,0.603236216,0.0303,16.0,8.0,4.0,3.0,1.0,4.0,2.0,0.0387,0.0271,0.0298,0.00102,4.102132095,3.76985067,0.286442199,0.014737603,0.050676532,0.033117114,10.0,5.0,2.0,2.0,1.0,6.916318537,1.0,,0.025261599,0.000781287,8.932037061,7.699058455,0.045017239,0.00115,0.195106842,0.065172037,0.260278879,0.0897,0.036496341,0.126245488,0.126245488,14.125,Ke'Shawn Vaughn,TB,FA,89,3917612,,FA,,{},"['Rookie', 'RB', 'RB/WR', 'RB/WR/TE', 'OP', 'BE', 'IR']",,,,,,1.0,1.0,,,,,,,,,,,,,1.0,,,,,,,,,,,,,,,,,,,,,,,,,,,,,,,,,,,,,,,,,,,,,,,,,,,,,,,,,,,,,,,,,,,,,,,,,,,,,,,,,,,,,,,,,,,,,,,,,,,,,,,,,,,,,,,,,,,,,,,,,,,,,,,,,,,,,,,,,,,,,,,,,,,,,,,,,,,,,,,,,,,,,,,,,,,,,,,,,,,,,,,,,,,,,,,,,,,,,,,,,,,,,,,,,,,,,,,,,,,,,,2020,,,,,,,,,,,,,,,,,,,,,,,,,,,,,,,,,,,,,
67.0,8.38,20.78,20.78,10.0,0.375,,,,,,,,,,,,,,0.3,,,,,,,,,,,,,1.0,2.0,,,8.0,,,5.0,3.0,,,,8.0,5.082378594,19.1433335,0.129055246,0.004922635,5.0,2.0,1.0,1.0,,1.0,,0.009434284,0.006603998,0.00726,0.000248,5.084922294,,,,,,,,,,,,,,,,,,0.086159326,0.00268699,0.053301333,,0.610679577,0.024518613,,0.29206017,1.231939501,1.35,Alex Smith,None,FA,39,8416,,FA,,{},"['QB', 'OP', 'BE', 'IR']",,,,,,,,,,,,,,,,,,,,,,252.0,168.0,84.0,197.75,6.0,314.0,154.0,75.0,59.0,27.0,11.0,29.0,12.0,14.0,4.0,1.0,1.0,2.0,,8.0,0.66666667,22.0,1.0,3.0,2.0,,,49.74464892,32.16967818,17.57497074,271.1857422,1.570084384,73.0,36.0,18.0,14.0,7.0,3.0,6.0,3.0,0.268887677,0.175718097,0.403357405,0.054483009,0.081236692,0.939879331,0.646696255,3.402375931,0.557378244,0.267541557,,,,,,,,,,,,,,,,,,,,,,,,,,,,,,,,,,,,,,,,,,,,,,,,,,,,,,,,,,,,,,,,,,,,,,,,,,,,,,,,,,,,,,,,,,,,,,,,,,,,,,,,,,,,,,,,,,,,,,,,,,,,,,,,,,,,,,,,,,,,,,,,,,,,,,,,,,,,,,,,,,,,,,,,,,,2020,,,,,,,,,,,,,,,,,,,,,,,,,,,,,,,,,,,,,
16.0,2.29,85.69,6.59,,,,,,,,,,,,,,,,,6.0,16.42857143,1.0,22.0,10.0,4.0,2.0,1.0,,13.0,26.0,19.16666667,,,,,,,,1.0,6.0,6.0,,,7.0,,,,,,,,,,,,,,,,,43.9547871,4.730625399,0.398261609,0.108896735,0.071164016,115.0,57.0,28.0,23.0,11.0,46.463334,9.0,4.0,0.79528255,0.0246,78.40907219,12.41638365,0.398261609,0.00196,,0.44619063,0.44619063,,0.249866753,0.249866753,0.249866753,13.125,Alshon Jeffery,PHI,FA,133,14912,,FA,,{},"['RB/WR', 'WR', 'WR/TE', 'RB/WR/TE', 'OP', 'BE', 'IR']",,,,,,,,,,,,,,,,,,,,,,,,,,,,,,,,,,,,,,,,,,,,,,,,,,,,,,,,,,,,,,,,,,,,,,,,,,1.0,,,,,,,,,,,,,,,,,,,,,,,,,,,,,,,,,,,,,,,,,,,,,,,,,,,,,,,,,,,,,,,,,,,,,,,,,,,,,,,,,,,,,,,,,,,,,,,,,,,,,,,,,,,,,,,,,,,,,,,,,,,,,,,,,,,,,,,,,,,,,,,,,,,,,,,,,,,,,,,,,,,,,,,,2020,,,,,,,,,,,,,,,,,,,,,,,,,,,,,,,,,,,,,
55.0,3.93,79.53,6.12,1.0,0.14285714,,,,,,,,,,,,,,2.0,46.0,43.0,,116.0,55.0,24.0,18.0,7.0,4.0,69.0,296.0,13.08695652,,,,,,,,5.0,9.0,,,,14.0,,,,,,,,,,,,,,,,,46.29507426,2.746861238,0.129670441,0.135901658,0.088811734,126.0,63.0,31.0,25.0,12.0,56.37554511,11.0,5.0,0.808169938,0.025,83.96058712,11.18872351,0.129670441,0.0018,,0.40951963,0.40951963,,0.229330993,0.229330993,0.229330993,13.625,Danny Amendola,DET,FA,77,11674,,FA,,{},"['RB/WR', 'WR', 'WR/TE', 'RB/WR/TE', 'OP', 'BE', 'IR']",,,,,,,,,,,,0.0392304,,51.09754386,,,5.0,2.0,,,,,,,,,,,,,,,,,,,,,,,,,,,,,,,,,,,,,,,,,,,,,,,,,,,,,,,,,,,,,,,,,,,,,,,,,,,,,,,,,,,,,,,,,,,,,,,,,,,,,,,,,,,,,,,,,,39.0,3.0,1.0,,,,,,,,,,,,,,,,,,,,,,,,,,,,,,,,,,,,,,,,,,,,,,,,,,,,,,,,,,,,,,,,,,,,,,,,,,,,,,,,,,,,,,,,,,,,,,,,,,,,,,,,,,,,2020,,,,,,,,,,,,,,,,,,,,,,,,,,,,,,,,,,,,,
63.0,3.94,60.47,4.03,3.0,0.875,,2.0,,,,,,,,,,,,4.66666667,33.0,31.3125,3.0,95.0,45.0,20.0,14.0,5.0,3.0,53.0,116.0,15.18181818,,,,,,1.0,1.0,11.0,5.0,18.0,,1.0,16.0,3.961518231,1.374441032,0.121812854,0.006110867,4.0,2.0,1.0,,,,,0.007281732,0.005097212,0.001027325,3.51e-05,5.22590503,26.77735423,2.943038341,0.151364479,0.152117828,0.099409001,80.0,40.0,20.0,16.0,8.0,29.35220649,5.0,2.0,0.259878706,0.008037486,52.28550763,13.74117814,0.157475346,0.00158,0.0428363,0.317388398,0.360224698,0.019704698,0.177737503,0.197442201,0.197442201,15.0625,Scotty Miller,TB,FA,68,3914397,,FA,,{},"['RB/WR', 'WR', 'WR/TE', 'RB/WR/TE', 'OP', 'BE', 'IR']",,1.0,,1.0,1.0,,,,,,,0.0249648,,23.98404,,,2.0,,,,,,,,,,,,,,,,,,,,,,,,,,,,,,,,,,,,,,,,,,,,,,,,,,,,,,,,,1.0,,,,,,,,,,,,,,,,,,,,,,,,,,,,,,,,,,,,,,,,,,,,,,,,,,,,,,,,,,,,,,,,,,,,,,,,,,,,,,,,,,,,,,,,,,,,,,,,,,,,,,,,,,,,,,,,,,,,,,,,,,,,,,,,,,,,,,,,,,,,,,,,,,,,,,,,,,,,,,,,,,,,,,,,2020,,,,,,,,,,,,,,,,,,,,,,,,,,,,,,,,,,,,,
18.0,2.25,78.3,6.02,7.0,2.5,,2.0,,,,,,,,,,,,2.85714286,20.0,18.25,1.0,29.0,12.0,4.0,3.0,,1.0,23.0,113.0,7.3,,,,,,,,1.0,7.0,6.0,,,8.0,57.53835415,19.10978856,1.140441341,0.086134652,50.0,25.0,12.0,10.0,5.0,11.0,5.0,0.109069963,0.076348974,0.174209108,0.00595,4.379866966,30.46703744,1.223396172,0.090350276,0.068635955,0.044853597,80.0,40.0,20.0,16.0,8.0,46.55472092,9.0,4.0,0.244771556,0.00757,62.62292019,8.630361182,0.176484928,0.00552,0.693310386,0.560962718,1.254273104,0.318922778,0.314139122,0.6330619,0.6330619,13.1875,Chris Thompson,JAX,FA,87,15966,,FA,,{},"['RB', 'RB/WR', 'RB/WR/TE', 'OP', 'BE', 'IR']",,,,,,,,,,,,,,,,,,,,,,,,,,,,,,,,,,,,,,,,,,,,,,,,,,,,,,,,,,,,,,,,,,,,,,,,,,1.0,,,,,,,,,,,,,,,,,,,,,,,,,,,,,,,,,,,,,,,,,,,,,,,,,,,,,,,,,,,,,,,,,,,,,,,,,,,,,,,,,,,,,,,,,,,,,,,,,,,,,,,,,,,,,,,,,,,,,,,,,,,,,,,,,,,,,,,,,,,,,,,,,,,,,,,,,,,,,,,,,,,,,,,,2020,,,,,,,,,,,,,,,,,,,,,,,,,,,,,,,,,,,,,
99.0,11.0,100.5,12.56,16.0,0.11111111,1.0,,,,,,,1.0,,,,,,0.0625,,,,,,,,,,,,,,2.0,,,8.0,,,4.0,5.0,6.0,1.0,,9.0,11.72342567,1.695092278,0.428144007,0.016039475,2.0,1.0,,,,2.0,1.0,0.021820571,0.0152744,0.001034051,3.53e-05,1.163950983,,,,,,,,,,,,,,,,,,0.418689929,0.0198,0.180027629,,4.497219434,0.082812709,,2.155064776,7.806227504,8.05,Nick Foles,CHI,FA,35,14877,,FA,,{},"['QB', 'OP', 'BE', 'IR']",,,,,,,,,,,,,,,,,,,,,,312.0,202.0,110.0,205.77777778,10.0,367.0,181.0,89.0,69.0,32.0,14.0,38.0,16.0,19.0,8.0,,,1.0,,8.0,0.6474359,18.0,1.0,5.0,2.0,2.0,1.0,266.709947,173.0017128,93.70823416,235.6670155,9.146350327,379.0,189.0,94.0,75.0,37.0,18.0,34.0,17.0,1.578674013,1.031663467,1.845406443,0.249266023,0.402650454,5.651162728,0.648651146,14.42621775,4.317191805,2.072252066,,,,,,,,,,,,,,,,,,,,,,,,,,,,,,,,,,,,,,,,,,,,,,,,,,,,,,,,,,,,,,,,,,,,,,,,,,,,,,,,,,,,,,,,,,,,,,,,,,,,,,,,,,,,,,,,,,,,,,,,,,,,,,,,,,,,,,,,,,,,,,,,,,,,,,,,,,,,,,,,,,,,,,,,,,,2020,,,,,,,,,,,,,,,,,,,,,,,,,,,,,,,,,,,,,
83.0,5.19,119.57,7.47,,,,,,,,,,,,,,,,,,,,,,,,,,,,,,,,,,,,7.0,9.0,82.0,,,16.0,,,,,,,,,,,,,,,,,,,,,,,,,,,,,,,,,,,,,,,,,,,16.0,Dan Bailey,MIN,FA,28,14322,,FA,,{},"['K', 'BE', 'IR']",,,,,,,,,,,,,,,,,,,,,,,,,,,,,,,,,,,,,,,,,,,,,,,,,,,,,,,,,,,,,,,,,,,,,,,,,,,,,,,2.0,5.0,4.0,7.0,3.0,9.0,10.0,1.0,15.0,22.0,7.0,37.0,43.0,6.0,2.0,5.0,2.953258534,4.565040184,1.61178165,7.230191435,9.458285871,2.228094436,14.98695418,15.81353789,0.826583713,25.17040415,29.83686395,4.666459799,35.58801992,37.54290282,1.954882899,2.953258534,4.565040184,1.61178165,,,,,,,,,,,,,,,,,,,,,,,,,,,,,,,,,,,,,,,,,,,,,,,,,,,,,,,,,,,,,,,,,,,,,,,,,,,,,,,,,,,,,,,3.0,3.0,,,,,,,,,,,,,,,,,,,,,,,,,,,,,,,,,,,,,,,,,,2020,,,,,,,,,,,,,,,,,,,,,,,,,,,,,,,,,,,,,
107.0,7.13,0.0,0.0,,,,,,,,,,,,,,,,,,,,,,,,,,,,,,,,,,,,11.0,4.0,100.0,,,15.0,,,,,,,,,,,,,,,,,,,,,,,,,,,,,,,,,,,,,,,,,,,,Cody Parkey,CLE,FA,24,17082,,FA,,{},"['K', 'BE', 'IR']",,,,,,,,,,,,,,,,,,,,,,,,,,,,,,,,,,,,,,,,,,,,,,,,,,,,,,,,,,,,,,,,,,,,,,,,,,,,,,,,,10.0,11.0,1.0,9.0,11.0,2.0,19.0,22.0,3.0,43.0,47.0,4.0,,,,,,,,,,,,,,,,,,,,,,,,,,,,,,,,,,,,,,,,,,,,,,,,,,,,,,,,,,,,,,,,,,,,,,,,,,,,,,,,,,,,,,,,,,,,,,,,,,,,,,,,,,,,,,,,,,,,,,,,,,,,,,,,,,,,,,,,,,,,,,,,,,,,,,2020,,,,,,,,,,,,,,,,,,,,,,,,,,,,,,,,,,,,,
31.0,2.21,39.63,2.83,63.0,19.14285714,1.0,49.0,21.0,10.0,5.0,1.0,,9.0,3.0,,,,,4.25396825,17.0,5.35714286,,12.0,4.0,1.0,,,,26.0,87.0,4.41176471,,1.0,,,,1.0,1.0,2.0,12.0,6.0,1.0,,14.0,46.17296242,13.3295951,1.414003925,0.103208532,37.0,18.0,9.0,7.0,3.0,9.0,4.0,0.0869547,0.06086829,0.096834465,0.0033,4.077722567,7.685334787,0.551686895,0.039327006,0.052561434,0.034348897,21.0,10.0,5.0,4.0,2.0,14.53870644,2.0,1.0,0.045250648,0.0014,18.07074713,7.466644596,0.142535538,0.00215,0.371799344,0.117070277,0.488869621,0.171027698,0.065559355,0.236587053,0.236587053,14.125,Ito Smith,ATL,FA,75,3123969,,FA,,{},"['RB', 'RB/WR', 'RB/WR/TE', 'OP', 'BE', 'IR']",,,,,,1.0,,,,,0.002344588,,8.061776471,,,,,,,,,,,,,,,,,,,,,,,,,,,,,,,,,,,,,,,,,,,,,,,,,,,,,,,,,,,,,,,,,,,,,,,,,,,,,,,,,,,,,,,,,,,,,,,,,,,,,,,,,,,,,,,,,,,,,,,,,,,,,,,,,,,,,,,,,,,,,,,,,,,,,,,,,,,,,,,,,,,,,,,,,,,,,,,,,,,,,,,,,,,,,,,,,,,,,,,,,,,,,,,,,,,,,,,,,,,,,,,,,,,,,2020,,,,,,,,,,,,,,,,,,,,,,,,,,,,,,,,,,,,,
20.0,1.25,85.61,5.35,,,,,,,,,,,,,,,,,,,,,,,,,,,,,,,,,,627.0,1014.0,4.0,11.0,,,,16.0,,,,,,,,,,,,,,,,,,,,,,,,,,,,,,,,,,,,,,,,,,,16.0,Bengals D/ST,CIN,FA,28,-16004,,FA,,{},"['D/ST', 'BE', 'IR']",,,,,,,,764.0,70.0,23.0,0.44238,0.2068512,822.6361412,226.7126514,82.0,32.0,22.0,9.0,,,,,,,,,,,,,,,,,,,,,,,,,,,,,,,,,,,,,,,,,,,,,,,,,,,,,,,,,387.0,,,10.0,,,,,,,,,,,,,,,,,,,,,,,,,,,,,,,,,,,6.0,0.0,0.0,0.0,2.0,,11.0,,,17.0,34.0,1.0,,,1.0,332.0,194.0,38.0,80.0,232.0,17.0,4.0,412.0,5.0,3.0,2.0,4.0,6230.0,0.0,0.0,2.0,2.0,5.0,5.0,1.0,1.0,0.0,0.0,0.0,0.0,2.0,5.0,3.0,2.0,4.0,0.1247501,0.55977609,2.191123551,2.303078768,0.04316333,2.081092839,12.32944552,8.137074265,0.975161181,0.481885885,37.57847345,75.1569469,1.124136052,0.956956787,2.773487369,12.51857579,974.0863167,324.0,194.0,67.55706121,365.6535237,2.319072371,3.742502999,2.990803679,1.567373051,0.201519392,22.85334523,5664.914426,0.44813444,3.841152346,3.55306592,3.697109133,2.544763429,1.280384115,0.496148845,0.139241773,354.0571516,-365.6535237,,,,,,,,,,,,,,,,,,,,,,,,,,,,,,,,,,,,,,,,,,,,,,,2020,,,,,,,,,,,,,,,,,,,,,,,,,,,,,,,,,,,,,
15.0,2.5,0.0,0.0,,,,,,,,,,,,,,,,,6.0,7.83333333,2.0,8.0,3.0,1.0,1.0,,,11.0,36.0,7.83333333,,,,,,,,4.0,2.0,12.0,,,6.0,,,,,,,,,,,,,,,,,,,,,,,,,,,,,,,,,,,,,,,,,,,,Dez Bryant,BAL,FA,135,13215,,FA,,{},"['RB/WR', 'WR', 'WR/TE', 'RB/WR/TE', 'OP', 'BE', 'IR']",,,,,,,,,,,,,,,,,,,,1.0,,,,,,,,,,,,,,,,,,,,,,,,,,,,,,,,,,,,,,,,,,,,,,,,,,,,,,1.0,,,,,,,,,,,,,,,,,,,,,,,,,,,,,,,,,,,,,,,,,,,,,,,,,,,,,,,,,,,,,,,,,,,,,,,,,,,,,,,,,,,,,,,,,,,,,,,,,,,,,,,,,,,,,,,,,,,,,,,,,,,,,,,,,,,,,,,,,,,,,,,,,,,,,,,,,,,,,,,,,,,,,,,,2020,,,,,,,,,,,,,,,,,,,,,,,,,,,,,,,,,,,,,
27.0,5.4,0.0,0.0,,,,,,,,,,,,,,,,,17.0,47.2,1.0,46.0,21.0,9.0,8.0,4.0,2.0,24.0,60.0,13.88235294,,,,,,,,,5.0,6.0,,1.0,5.0,,,,,,,,,,,,,,,,,,,,,,,,,,,,,,,,,,,,,,,,,,,,Chad Hansen,HOU,FA,116,3066074,,FA,,{},"['RB/WR', 'WR', 'WR/TE', 'RB/WR/TE', 'OP', 'BE', 'IR']",,,,1.0,1.0,,,,,,,,,,,,,,,,,,,,,,,,,,,,,,,,,,,,,,,,,,,,,,,,,,,,,,,,,,,,,,,,,,,,,,,,,,,,,,,,,,,,,,,,,,,,,,,,,,,,,,,,,,,,,,,,,,,,,,,,,,,,,,,,,,,,,,,,,,,,,,,,,,,,,,,,,,,,,,,,,,,,,,,,,,,,,,,,,,,,,,,,,,,,,,,,,,,,,,,,,,,,,,,,,,,,,,,,,,,,,,,,,,,,,,,,,,,,,2020,,,,,,,,,,,,,,,,,,,,,,,,,,,,,,,,,,,,,
23.0,3.29,,,41.0,22.28571429,1.0,28.0,13.0,5.0,2.0,,,5.0,1.0,,,,,3.80487805,9.0,8.42857143,,9.0,4.0,1.0,,,,11.0,46.0,6.55555556,1.0,1.0,,,,,,2.0,5.0,6.0,1.0,,7.0,,,,,,,,,,,,,,,,,,,,,,,,,,,,,,,,,,,,,,,,,,,,Rodney Smith,CAR,FA,95,3116074,,FA,,{},"['RB', 'RB/WR', 'RB/WR/TE', 'OP', 'BE', 'IR']",,,,,,,,,,,,,,,,,,,,,,,,,,,,,,,,,,,,,,,,,,,,,,,,,,,,,,,,,,,,,,,,,,,,,,,,,,,,,,,,,,,,,,,,,,,,,,,,,,,,,,,,,,,,,,,,,,,,,,,,,,,,,,,,,,,,,,,,,,,,,,,,,,,,,,,,,,,,,,,,,,,,,,,,,,,,,,,,,,,,,,,,,,,,,,,,,,,,,,,,,,,,,,,,,,,,,,,,,,,,,,,,,,,,,,,,,,,,,,,,,,2020,,,,,,,,,,,,,,,,,,,,,,,,,,,,,,,,,,,,,
-6.0,-0.38,99.91,6.24,,,,,,,,,,,,,,,,,,,,,,,,,,,,,,,,,,724.0,1075.0,5.0,11.0,,,,16.0,,,,,,,,,,,,,,,,,,,,,,,,,,,,,,,,,,,,,,,,,,,16.0,Lions D/ST,DET,FA,32,-16008,,FA,,{},"['D/ST', 'BE', 'IR']",,,,,,,,845.0,79.0,26.0,0.364513333,0.671672,732.6604444,320.1626105,73.0,29.0,32.0,12.0,,,,,,,,,,,,,,,,,,,,,,,,,,,,,,,,,,,,,,,,,,,,,,,,,,,,,,,,,351.0,,,15.0,,,,,,,,,,,,,,,,,,,,,,,,,,,,,,,,,,,5.0,0.0,0.0,0.0,1.0,,7.0,4.0,1.0,24.0,48.0,,1.0,,1.0,353.0,207.0,47.0,52.0,217.0,17.0,4.0,501.0,1.0,4.0,3.0,5.0,6716.0,0.0,0.0,1.0,0.0,8.0,1.0,4.0,1.0,1.0,0.0,0.0,0.0,1.0,1.0,4.0,3.0,5.0,0.16,0.72,2.64,2.56,0.040186303,2.118191601,12.34667201,10.04367598,0.911620231,0.321251592,38.37714389,76.75428779,1.159522567,0.958669034,3.194563238,15.4518092,887.4380107,295.0,177.0,77.78699929,352.7755288,2.32,3.52,2.64,1.28,0.16,22.04847055,5735.045721,0.279790157,2.717961529,3.157631776,3.917062203,3.157631776,1.838621034,0.719460405,0.211841119,358.4403576,-352.7755288,,,,,,,,,,,2.0,2.0,,,,,,,,,,,,,,,,,,,,,,,,,,,,,,,,,,,2020,,,,,,,,,,,,,,,,,,,,,,,,,,,,,,,,,,,,,
62.0,3.88,21.42,1.43,2.0,0.0,,,,,,,,,,,,,,0.0,28.0,31.9375,3.0,93.0,44.0,19.0,12.0,3.0,,55.0,187.0,18.25,,,,,,3.0,3.0,7.0,9.0,18.0,,,16.0,,,,,,,,,,,,,,,,,11.07799506,0.914035894,0.043427999,0.136543282,0.089231035,33.0,16.0,8.0,6.0,3.0,12.88684926,2.0,1.0,0.06734815,0.002082932,22.17612457,12.94826199,0.043427999,0.000613,,0.139346813,0.139346813,,0.078034216,0.078034216,0.078034216,15.0625,Jalen Guyton,LAC,FA,68,3932430,,FA,,{},"['RB/WR', 'WR', 'WR/TE', 'RB/WR/TE', 'OP', 'BE', 'IR']",,2.0,2.0,,,,,,,,,,,,,,,,,,,,,,,,,,,,,,,,,,,,,,,,,,,,,,,,,,,,,,,,,,,,,,,,,,,,,,,1.0,,,,,,,,,,,,,,,,,,,,,,,,,,,,,,,,,,,,,,,,,,,,,,,,,,,,,,,,,,,,,,,,,,,,,,,,,,,,,,,,,,,,,,,,,,,,,,,,,,,,,,,,,,,,,,,,,,,,,,,,,,,,,,,,,,,,,,,,,,,,,,,,,,,,,,,,,,,,,,,,,,,,,,,,2020,,,,,,,,,,,,,,,,,,,,,,,,,,,,,,,,,,,,,
0.0,0.0,0.0,0.0,,,,,,,,,,,,,,,,,,,,,,,,,,,,,,,,,,,,,,,,,,,,,,,,,,,,,,,,,,,,,,,,,,,,,,,,,,,,,,,,,,,,,Derrius Guice,None,FA,0,3843750,,FA,,{},"['RB', 'RB/WR', 'RB/WR/TE', 'OP', 'BE', 'IR']",,,,,,,,,,,,,,,,,,,,,,,,,,,,,,,,,,,,,,,,,,,,,,,,,,,,,,,,,,,,,,,,,,,,,,,,,,,,,,,,,,,,,,,,,,,,,,,,,,,,,,,,,,,,,,,,,,,,,,,,,,,,,,,,,,,,,,,,,,,,,,,,,,,,,,,,,,,,,,,,,,,,,,,,,,,,,,,,,,,,,,,,,,,,,,,,,,,,,,,,,,,,,,,,,,,,,,,,,,,,,,,,,,,,,,,,,,,,,,,,,,2020,,,,,,,,,,,,,,,,,,,,,,,,,,,,,,,,,,,,,
29.0,7.25,0.0,0.0,,,,,,,,,,,,,,,,,,,,,,,,,,,,,,,,,,,,2.0,2.0,28.0,,,4.0,,,,,,,,,,,,,,,,,,,,,,,,,,,,,,,,,,,,,,,,,,,,Mike Nugent,ARI,FA,35,8461,,FA,,{},"['K', 'BE', 'IR']",,,,,,,,,,,,,,,,,,,,,,,,,,,,,,,,,,,,,,,,,,,,,,,,,,,,,,,,,,,,,,,,,,,,,,,,,,,,,,,,,2.0,2.0,,5.0,6.0,1.0,7.0,8.0,1.0,7.0,7.0,,,,,,,,,,,,,,,,,,,,,,,,,,,,,,,,,,,,,,,,,,,,,,,,,,,,,,,,,,,,,,,,,,,,,,,,,,,,,,,,,,,,,,,,,,,,,,,,,,,,,,,,,,,,,,,,,,,,,,,,,,,,,,,,,,,,,,,,,,,,,,,,,,,,,,,2020,,,,,,,,,,,,,,,,,,,,,,,,,,,,,,,,,,,,,
64.0,4.0,64.32,4.29,,,,,,,,,,,,,,,,,30.0,24.5,5.0,74.0,34.0,14.0,10.0,2.0,1.0,56.0,139.0,13.06666667,,,,,,1.0,1.0,12.0,4.0,30.0,,,16.0,,,,,,,,,,,,,,,,,32.32284229,2.745548266,0.132512828,0.211366104,0.138127749,97.0,48.0,24.0,19.0,9.0,31.88145357,6.0,3.0,0.397970098,0.012308354,58.16800651,15.27103559,0.132512828,0.00168,,0.382061435,0.382061435,,0.213954404,0.213954404,0.213954404,15.0625,James Washington,PIT,FA,63,3122449,,FA,,{},"['RB/WR', 'WR', 'WR/TE', 'RB/WR/TE', 'OP', 'BE', 'IR']",,1.0,1.0,,,,,,,,,,,,,,,,,,1.0,,,,,,,,,,,,,,,,,,,,,,,,,,,,,,,,,,,,,,,,,,,,,,,,,,,,,3.0,,,,,,,,,,,,,,,,,,,,,,,,,,,,,,,,,,,,,,,,,,,,,,,,,,,,,,,,,,,,,,,,,,,,,,,,,,,,,,,,,,,,,,,,,,,,,,,,,,,,,,,,,,,,,,,,,,,,,,,,,,,,,,,,,,,,,,,,,,,,,,,,,,,,,,,,,,,,,,,,,,,,,,,,2020,,,,,,,,,,,,,,,,,,,,,,,,,,,,,,,,,,,,,
41.0,2.73,65.53,4.68,,,,,,,,,,,,,,,,,36.0,23.26666667,2.0,66.0,29.0,10.0,6.0,1.0,1.0,60.0,105.0,9.69444444,,,,,,3.0,3.0,1.0,14.0,12.0,,,15.0,,,,,,,,,,,,,,,,,33.35711445,3.068941569,0.226627693,0.139597066,0.091226683,94.0,47.0,23.0,18.0,9.0,41.64881021,8.0,4.0,0.364178526,0.011263253,62.26775986,11.31291,0.226627693,0.001366908,,0.310660856,0.310660856,,0.17397008,0.17397008,0.17397008,14.125,Tyler Eifert,JAX,FA,30,15788,,FA,,{},"['WR/TE', 'TE', 'RB/WR/TE', 'OP', 'BE', 'IR']",,,,,,,,,,,,,,,,,,,,1.0,,,,,,,,,,,,,,,,,,,,,,,,,,,,,,,,,,,,,,,,,,,,,,,,,,,,,,1.0,,,,1.0,,,,,,,,,,,,,,,,,,,,,,,,,,,,,,,,,,,,,,,,,,,,,,,,,,,,,,,,,,,,,,,,,,,,,,,,,,,,,,,,,,,,,,,,,,,,,,,,,,,,,,,,,,,,,,,,,,,,,,,,,,,,,,,,,,,,,,,,,,,,,,,,,,,,,,,,,,,,,,,,,,,,2020,,,,,,,,,,,,,,,,,,,,,,,,,,,,,,,,,,,,,
0.0,0.0,35.44,3.54,,,,,,,,,,,,,,,,,,,,,,,,,,,,,,,,,,,,,,,,,,,,,,,,,,,,,,,,,,25.06371849,1.748038941,0.055521208,0.18818077,0.122976133,51.0,25.0,12.0,10.0,5.0,16.48481236,3.0,1.0,0.143402807,0.00444,28.90977195,15.67925623,0.055521208,0.000627,,0.142601564,0.142601564,,0.079856876,0.079856876,0.079856876,10.3125,Josh Gordon,SEA,FA,0,15705,,FA,,{},"['RB/WR', 'WR', 'WR/TE', 'RB/WR/TE', 'OP', 'BE', 'IR']",,,,,,,,,,,,,,,,,,,,,,,,,,,,,,,,,,,,,,,,,,,,,,,,,,,,,,,,,,,,,,,,,,,,,,,,,,,,,,,,,,,,,,,,,,,,,,,,,,,,,,,,,,,,,,,,,,,,,,,,,,,,,,,,,,,,,,,,,,,,,,,,,,,,,,,,,,,,,,,,,,,,,,,,,,,,,,,,,,,,,,,,,,,,,,,,,,,,,,,,,,,,,,,,,,,,,,,,,,,,,,,,,,,,,,,,,,,,,,,,,,2020,,,,,,,,,,,,,,,,,,,,,,,,,,,,,,,,,,,,,
0.0,0.0,0.0,0.0,,,,,,,,,,,,,,,,,,,,,,,,,,,,,,,,,,,,,,,,,,,,,,,,,,,,,,,,,,,,,,,,,,,,,,,,,,,,,,,,,,,,,Damien Williams,KC,FA,0,17359,,FA,,{},"['RB', 'RB/WR', 'RB/WR/TE', 'OP', 'BE', 'IR']",,,,,,,,,,,,,,,,,,,,,,,,,,,,,,,,,,,,,,,,,,,,,,,,,,,,,,,,,,,,,,,,,,,,,,,,,,,,,,,,,,,,,,,,,,,,,,,,,,,,,,,,,,,,,,,,,,,,,,,,,,,,,,,,,,,,,,,,,,,,,,,,,,,,,,,,,,,,,,,,,,,,,,,,,,,,,,,,,,,,,,,,,,,,,,,,,,,,,,,,,,,,,,,,,,,,,,,,,,,,,,,,,,,,,,,,,,,,,,,,,,2020,,,,,,,,,,,,,,,,,,,,,,,,,,,,,,,,,,,,,
56.0,4.67,,,3.0,1.41666667,,3.0,1.0,,,,,,,,,,,5.66666667,20.0,33.16666667,3.0,77.0,37.0,16.0,14.0,6.0,1.0,26.0,64.0,19.9,,,,,,1.0,2.0,6.0,6.0,18.0,,,12.0,,,,,,,,,,,,,,,,,,,,,,,,,,,,,,,,,,,,,,,,,,,,Tyron Johnson,LAC,FA,79,3894912,,FA,,{},"['RB/WR', 'WR', 'WR/TE', 'RB/WR/TE', 'OP', 'BE', 'IR']",,1.0,1.0,,,,,111.0,11.0,3.0,,,,,,,,,,,1.0,,,,,,,,,,,,,,,,,,,,,,,,,,,,,,,,,,,,,,,,,,,,,,,,,,,,,1.0,1.0,,,,,,,,,,,,,,,,,,,,,,,,,,,,,,,,,,,,,,,,,,,,,,,,,,,,,,,,,,,,,,,,,,,,,,,,,,,,,,,,,,,,,,,,,,,,,,,,,,,,,,,,,,,,,,,,,,,,,,,,,,,,,,,,,,,,,,,,,,,,,,,,,,,,,,,,,,,,,,,,,,,,,,,2020,,,,,,,,,,,,,,,,,,,,,,,,,,,,,,,,,,,,,
85.0,5.31,31.65,2.11,,,,,,,,,,,,,,,,,44.0,39.3125,5.0,117.0,55.0,22.0,18.0,6.0,2.0,71.0,239.0,14.29545455,,,,,,2.0,2.0,11.0,5.0,30.0,,,16.0,,,,,,,,,,,,,,,,,14.82267813,1.607163772,0.081414264,0.204276687,0.133494815,44.0,22.0,11.0,8.0,4.0,16.13316869,3.0,1.0,0.085221921,0.00264,26.88116686,13.83897941,0.081414264,0.000614,,0.139559677,0.139559677,,0.078153419,0.078153419,0.078153419,15.0625,Zach Pascal,IND,FA,51,2978109,,FA,,{},"['RB/WR', 'WR', 'WR/TE', 'RB/WR/TE', 'OP', 'BE', 'IR']",,1.0,,,,,,23.0,2.0,,,,,,,,,,,2.0,,1.0,,1.0,,,,,,,,,,,,,,,,,,,,,,,,,,,,,,,,,,,,,,,,,,,,,,,,,,2.0,,,,,,,,,,,,,,,,,,,,,,,,,,,,,,,,,,,,,,,,,,,,,,,,,,,,,,,,,,,,,,,,,,,,,,,,,,,,,,,,,,,,,,,,,,,,,,,,,,,,,,,,,,,,,,,,,,,,,,,,,,,,,,,,,,,,,,,,,,,,,,,,,,,,,,,,,,,,,,,,,,,,,,,,2020,,,,,,,,,,,,,,,,,,,,,,,,,,,,,,,,,,,,,
32.0,2.13,17.77,1.18,,,,,,,,,,,,,,,,,24.0,15.86666667,3.0,43.0,18.0,5.0,5.0,1.0,,38.0,118.0,9.91666667,,2.0,,2.0,2.0,1.0,1.0,10.0,5.0,18.0,,,15.0,,,,,,,,,,,,,,,,,8.190946111,0.968817859,0.050498232,0.099309531,0.064898778,24.0,12.0,6.0,4.0,2.0,11.2931892,2.0,1.0,0.049668976,0.00154,17.6881961,10.9248259,0.050498232,0.000589,,0.133899696,0.133899696,,0.07498383,0.07498383,0.07498383,15.0625,Harrison Bryant,CLE,FA,39,4040774,,FA,,{},"['Rookie', 'WR/TE', 'TE', 'RB/WR/TE', 'OP', 'BE', 'IR']",,,,,,2.0,2.0,,,,,,,,,,,,,3.0,,,,,,,,,,,,,,,,,,,,,,,,,,,,,,,,,,,,,,,,,,,,,,,,,,,,,,,,,,,,,,,,,,,,,,,,,,,,,,,,,,,,,,,,,,,,,,,,,,,,,,,,,,,,,,,,,,,,,,,,,,,,,,,,,,,,,,,,,,,,,,,,,,,,,,,,,,,,,,,,,,,,,,,,,,,,,,,,,,,,,,,,,,,,,,,,,,,,,,,,,,,,,,,,,,,,,,,,,,,,,,2020,,,,,,,,,,,,,,,,,,,,,,,,,,,,,,,,,,,,,
1.0,0.33,55.41,6.16,11.0,11.33333333,,5.0,1.0,,,,,1.0,,,,,,3.09090909,,,,,,,,,,,,,,,,,,,,3.0,,,,,3.0,66.84671186,32.77554907,1.925332053,0.054179941,59.0,29.0,14.0,11.0,5.0,13.0,6.0,0.130190183,0.091133128,0.386,0.0132,4.443425939,12.3201384,0.726981581,0.023130417,0.042195518,0.027574771,22.0,11.0,5.0,4.0,2.0,13.77504244,2.0,1.0,0.041772735,0.00129,17.50273809,8.105329238,0.077310358,0.00313,0.589400545,0.121457246,0.710857791,0.271124251,0.068016058,0.339140309,0.339140309,9.0625,Rashaad Penny,SEA,FA,145,3139925,,FA,,{},"['RB', 'RB/WR', 'RB/WR/TE', 'OP', 'BE', 'IR']",,,,,,,,,,,,,,,,,,,,,,,,,,,,,,,,,,,,,,,,,,,,,,,,,,,,,,,,,,,,,,,,,,,,,,,,,,,,,,,,,,,,,,,,,,,,,,,,,,,,,,,,,,,,,,,,,,,,,,,,,,,,,,,,,,,,,,,,,,,,,,,,,,,,,,,,,,,,,,,,,,,,,,,,,,,,,,,,,,,,,,,,,,,,,,,,,,,,,,,,,,,,,,,,,,,,,,,,,,,,,,,,,,,,,,,,,,,,,,,,,,2020,,,,,,,,,,,,,,,,,,,,,,,,,,,,,,,,,,,,,
38.0,3.45,9.14,0.61,,,,,,,,,,,,,,,,,23.0,35.81818182,1.0,76.0,36.0,17.0,14.0,5.0,1.0,35.0,189.0,17.13043478,,2.0,,2.0,2.0,1.0,1.0,4.0,7.0,6.0,,,11.0,4.657960236,1.514903362,0.192864766,0.006863125,4.0,2.0,1.0,,,,,0.008565305,0.005995713,0.001262509,4.31e-05,4.898760559,1.645988194,0.162977627,0.01010082,0.244935773,0.160065528,4.0,2.0,1.0,,,1.79084776,,,0.013530209,0.000418,2.839829698,13.84411212,0.016963945,0.000307,0.050366998,0.019364619,0.069731618,0.023168819,0.010844187,0.034013006,0.034013006,15.0625,Richie James,SF,FA,108,3122899,,FA,,{},"['RB/WR', 'WR', 'WR/TE', 'RB/WR/TE', 'OP', 'BE', 'IR']",,1.0,,1.0,1.0,,,73.0,6.0,1.0,0.320397,0.1863444,652.4448,219.09584,65.0,26.0,21.0,8.0,,,,,,,,,,,,,,,,,,,,,,,,,,,,,,,,,,,,,,,,,,,,,,,,,,,,,,,,,,,,,,,,,,,,,,,,,,,,,,,,,,,,,,,,,,,,,,,,,,,,,,,,,,,,,,,,,,34.0,2.0,,,,,,,,,,,,,,,,,,,,,,,,,,,,,,,,,,,,,,,,,,,,,,,,,,,,,,,,,,,,,,,,,,,,,,,,,,,,,,,,,,,,,,,,,,,,,,,,,,,,,,,,,,,,,2020,,,,,,,,,,,,,,,,,,,,,,,,,,,,,,,,,,,,,
0.0,0.0,7.76,0.6,,,,,,,,,,,,,,,,,,,,,,,,,,,,,,,,,,,,,,,,,,7.877968676,2.469363318,0.164577817,0.012472885,6.0,3.0,1.0,1.0,,1.0,,0.014528612,0.010170028,0.00331,0.000113,4.114054635,2.501103651,0.137344458,0.010130853,0.05664514,0.037017599,6.0,3.0,1.0,1.0,,3.935616459,,,0.017470244,0.00054,5.273257818,8.34100217,0.022603738,0.000449,0.068114237,0.034027999,0.102142237,0.031332549,0.01905568,0.050388229,0.050388229,13.125,Ryquell Armstead,JAX,FA,0,3923397,,FA,,{},"['RB', 'RB/WR', 'RB/WR/TE', 'OP', 'BE', 'IR']",,,,,,,,,,,,,,,,,,,,,,,,,,,,,,,,,,,,,,,,,,,,,,,,,,,,,,,,,,,,,,,,,,,,,,,,,,,,,,,,,,,,,,,,,,,,,,,,,,,,,,,,,,,,,,,,,,,,,,,,,,,,,,,,,,,,,,,,,,,,,,,,,,,,,,,,,,,,,,,,,,,,,,,,,,,,,,,,,,,,,,,,,,,,,,,,,,,,,,,,,,,,,,,,,,,,,,,,,,,,,,,,,,,,,,,,,,,,,,,,,,2020,,,,,,,,,,,,,,,,,,,,,,,,,,,,,,,,,,,,,
10.0,1.0,54.07,4.16,10.0,3.1,,6.0,3.0,1.0,1.0,,,,,,,,,3.1,15.0,10.1,,17.0,7.0,3.0,2.0,,1.0,19.0,102.0,6.73333333,,,,,,,,8.0,2.0,,,,10.0,39.15737916,12.99007739,1.412460921,0.0709,34.0,17.0,8.0,6.0,3.0,7.0,3.0,0.0737,0.0516,0.0927,0.00316,4.374824087,16.36389747,1.354110333,0.069645696,0.039762104,0.025984535,43.0,21.0,10.0,8.0,4.0,31.56436663,6.0,3.0,0.082483323,0.002551031,38.99465867,6.836788471,0.140509051,0.00364,0.458,0.369067406,0.826916362,0.211,0.206677747,0.417288267,0.417288267,13.1875,LeSean McCoy,TB,FA,103,12514,,FA,,{},"['RB', 'RB/WR', 'RB/WR/TE', 'OP', 'BE', 'IR']",,,,,,,,,,,,,,,,,,,,,,,,,,,,,,,,,,,,,,,,,,,,,,,,,,,,,,,,,,,,,,,,,,,,,,,,,,,,,,,,,,,,,,,,,,,,,,,,,,,,,,,,,,,,,,,,,,,,,,,,,,,,,,,,,,,,,,,,,,,,,,,,,,,,,,,,,,,,,,,,,,,,,,,,,,,,,,,,,,,,,,,,,,,,,,,,,,,,,,,,,,,,,,,,,,,,,,,,,,,,,,,,,,,,,,,,,,,,,,,,,,2020,,,,,,,,,,,,,,,,,,,,,,,,,,,,,,,,,,,,,
45.0,3.21,75.99,5.43,3.0,1.42857143,,5.0,2.0,1.0,1.0,,,,,,,,,6.66666667,36.0,26.64285714,1.0,70.0,31.0,12.0,8.0,,1.0,54.0,175.0,10.36111111,,2.0,,,,4.0,4.0,9.0,5.0,12.0,,,14.0,6.931686661,2.706913547,0.244205683,0.011004386,7.0,3.0,1.0,1.0,,1.0,,0.012763187,0.008934231,0.003742644,0.000128,5.515995705,37.9011115,2.321451467,0.112514202,0.114831229,0.075042208,107.0,53.0,26.0,21.0,10.0,45.41888956,9.0,4.0,0.512397776,0.015847354,74.13772614,11.78701648,0.123518588,0.00199,0.059962427,0.392895263,0.45285769,0.027582716,0.220021347,0.247604063,0.247604063,14.125,Jakeem Grant,MIA,FA,91,2577641,,FA,,{},"['RB/WR', 'WR', 'WR/TE', 'RB/WR/TE', 'OP', 'BE', 'IR']",,,,,,,,129.0,11.0,2.0,0.351991756,0.4541216,689.5134878,218.8135,68.0,27.0,21.0,8.0,,1.0,,,,,,,,,,,,,,,,,,,,,,,,,,,,,,,,,,,,,,,,,,,,,,,,,,,,,,,,,,,,,,,,,,,,,,,,,,,,,,,,,,,,,,,,,,,,,,,,,,,,,,,,,1.0,,1.0,,,,,330.0,27.0,9.0,,,,,,,,,,,,,,,,,,,,,,,,,,,,,,,,,,,,,,,,,,,,,,,,,,,,,,,,,,,,,,,,,,,,,,,,,,,,,,,,,,,,,,,,,,,,,,,,,,,,,,,,,,,,2020,,,,,,,,,,,,,,,,,,,,,,,,,,,,,,,,,,,,,
75.0,4.69,26.58,1.77,8.0,3.8125,,9.0,3.0,1.0,1.0,,,,,,,,,7.625,35.0,26.0625,6.0,81.0,36.0,15.0,10.0,3.0,,47.0,173.0,11.91428571,,1.0,,,,,,12.0,4.0,36.0,,1.0,16.0,4.446926841,1.812524385,0.118855381,0.003349688,5.0,2.0,1.0,1.0,,,,0.008176248,0.005723374,0.001845956,6.3e-05,6.139329369,10.41402664,1.363088165,0.043384013,0.24241211,0.158416314,31.0,15.0,7.0,6.0,3.0,10.12276027,2.0,1.0,0.061898158,0.00191,18.12480876,15.49589955,0.046733701,0.00128,0.088938537,0.202455205,0.291393742,0.040911727,0.113374915,0.154286642,0.154286642,15.0625,David Moore,SEA,FA,55,4212909,,FA,,{},"['RB/WR', 'WR', 'WR/TE', 'RB/WR/TE', 'OP', 'BE', 'IR']",,1.0,1.0,,,,,47.0,3.0,1.0,,0.1497888,,143.90424,,,14.0,5.0,,3.0,,,,,,,,,,,,,,,,,,,,,,,,,,,,,,,,,,,,,,,,,,,,,,,,,,,,,,1.0,,,,,,,,,,,,,,,,,,,,,,,,,,,,,,,,,,,,,,,,,,,,,,,,,,,,,,,,,,111.0,8.0,,,,,,,,,,,,,,,,,,,,,,,,,,,,,,,,,,,,,,,,,,,,,,,,,,,,,,,,,,,,,,,,,,,,,,,,,,,,,,,,,,,,,,,,,,,,,,,,,,,,,,,,,,,,,2020,,,,,,,,,,,,,,,,,,,,,,,,,,,,,,,,,,,,,
55.0,3.44,71.3,4.75,,,,,,,,,,,,,,,,,45.0,29.125,3.0,85.0,39.0,17.0,13.0,3.0,4.0,59.0,165.0,10.35555556,,2.0,,1.0,1.0,1.0,1.0,14.0,2.0,18.0,,,16.0,,,,,,,,,,,,,,,,,31.54914794,4.070025223,0.110384965,0.173600985,0.113448243,95.0,47.0,23.0,19.0,9.0,35.85639301,7.0,3.0,0.382819174,0.011839768,59.71525425,13.25311893,0.110384965,0.00136,,0.310175063,0.310175063,,0.173698035,0.173698035,0.173698035,15.0625,Demarcus Robinson,KC,FA,82,3043116,,FA,,{},"['RB/WR', 'WR', 'WR/TE', 'RB/WR/TE', 'OP', 'BE', 'IR']",,,,,,1.0,1.0,21.0,2.0,,,,,,,,,,,1.0,2.0,,,,,,,,,,,,,,,,,,,,,,,,,,,,,,,,,,,,,,,,,,,,,,,,,,,,,,,,,,,,,,,,,,,,,,,,,,,,,,,,,,,,,,,,,,,,,,,,,,,,,,,,,,,,,,,-13.0,,,,,,,,,,,,,,,,,,,,,,,,,,,,,,,,,,,,,,,,,,,,,,,,,,,,,,,,,,,,,,,,,,,,,,,,,,,,,,,,,,,,,,,,,,,,,,,,,,,,,,,,,,,,,,2020,,,,,,,,,,,,,,,,,,,,,,,,,,,,,,,,,,,,,
38.0,2.38,37.04,2.47,,,,,,,,,,,,,,,,,39.0,24.1875,1.0,73.0,32.0,12.0,9.0,3.0,2.0,53.0,144.0,9.92307692,,,,,,1.0,1.0,11.0,5.0,6.0,,,16.0,,,,,,,,,,,,,,,,,16.98539733,2.022481213,0.075040921,0.191042049,0.124845979,51.0,25.0,12.0,10.0,5.0,21.30277833,4.0,2.0,0.10131672,0.00313,31.35980618,12.00982066,0.075040921,0.000999,,0.226998059,0.226998059,,0.127118913,0.127118913,0.127118913,15.0625,Anthony Firkser,TEN,FA,32,3049698,,FA,,{},"['WR/TE', 'TE', 'RB/WR/TE', 'OP', 'BE', 'IR']",,,,1.0,1.0,,,,,,,,,,,,,,,1.0,,,,,,,,,,,,,,,,,,,,,,,,,,,,,,,,,,,,,,,,,,,,,,,,,,,,,,,,,,,,,,,,,,,,,,,,,,,,,,,,,,,,,,,,,,,,,,,,,,,,,,,,,,,,,,,,,,,,,,,,,,,,,,,,,,,,,,,,,,,,,,,,,,,,,,,,,,,,,,,,,,,,,,,,,,,,,,,,,,,,,,,,,,,,,,,,,,,,,,,,,,,,,,,,,,,,,,,,,,,,,,2020,,,,,,,,,,,,,,,,,,,,,,,,,,,,,,,,,,,,,
48.0,3.0,72.05,4.5,,,,,,,,,,,,,,,,,,,,,,,,,,,,,,,,,,690.0,1031.0,4.0,12.0,,,,16.0,,,,,,,,,,,,,,,,,,,,,,,,,,,,,,,,,,,,,,,,,,,16.0,Falcons D/ST,ATL,FA,21,-16001,,FA,,{},"['D/ST', 'BE', 'IR']",,,,,,,,409.0,35.0,11.0,0.19929,0.249648,685.251,239.8404,68.0,27.0,23.0,9.0,,,,,,,,,,,,,,,,,,,,,,,,,,,,,,,,,,,,,,,,,,,,,,,,,,,,,,,,,341.0,,,17.0,,,,,,,,,,,,,,,,,,,,,,,,,,,,,,,,,,,9.0,0.0,1.0,0.0,2.0,1.0,12.0,,,29.0,58.0,,,1.0,1.0,337.0,199.0,46.0,51.0,152.0,12.0,3.0,414.0,2.0,5.0,3.0,3.0,6374.0,0.0,0.0,1.0,2.0,5.0,6.0,1.0,0.0,1.0,0.0,1.0,0.0,2.0,2.0,5.0,3.0,3.0,0.080727345,0.359676291,1.630532521,1.982216006,0.040979689,2.070991779,10.69007419,8.85853716,0.95082777,0.477082178,36.65820297,73.31640595,1.116267122,0.954724657,2.560909468,13.62851871,975.5183955,325.0,195.0,66.39180894,381.0880648,2.317913878,4.020381657,3.428913977,1.92626636,0.253371965,23.81800405,5927.528103,0.087828734,1.437197465,2.706721892,4.167872648,3.856479864,2.475173412,0.974100504,0.29462548,370.4705064,-381.0880648,,,,,,,,,,,,,,,,,,,,,,,,,,,,,,,,,,,,,,,,,,,,,,,2020,,,,,,,,,,,,,,,,,,,,,,,,,,,,,,,,,,,,,
121.0,7.56,105.52,6.6,,,,,,,,,,,,,,,,,,,,,,,,,,,,,,,,,,1.0,1.0,7.0,9.0,111.0,,,16.0,,,,,,,,,,,,,,,,,,,,,,,,,,,,,,,,,,,,,,,,,,,16.0,Dustin Hopkins,WSH,FA,18,15965,,FA,,{},"['K', 'BE', 'IR']",,,,,,,,,,,,,,,,,,,,,,,,,,,,,,,,,,,,,,,,,,,,,,,,,,,,,,,,,,,,,,,,,,,,,,,,,,,,,,,2.0,4.0,13.0,17.0,4.0,12.0,13.0,1.0,27.0,34.0,7.0,30.0,32.0,2.0,2.0,4.0,2.733613824,4.255537066,1.521923242,6.699762738,8.817027778,2.117265039,13.90359521,14.74140291,0.837807695,23.33697178,27.81396775,4.476995976,27.81914864,29.48923137,1.670082731,2.733613824,4.255537066,1.521923242,,,,,,,,,,,,,,,,,,,,,,,,,,,,,,,,,,,,,,,,,,,,,,,,,,,,,,,,,,,,,,,,,,,,,,,,,,,,,,,,,,,,,,,2.0,2.0,,,,,,,,,,,,,,,,,,,,,,,,,,,,,,,,,,,,,,,,,,2020,,,,,,,,,,,,,,,,,,,,,,,,,,,,,,,,,,,,,
12.0,2.4,68.56,5.27,14.0,10.8,,9.0,4.0,1.0,1.0,,,1.0,,,,,,3.85714286,2.0,5.4,1.0,5.0,2.0,1.0,1.0,,,4.0,29.0,13.5,,,,,,1.0,1.0,4.0,1.0,6.0,,,5.0,83.2850786,25.07954156,2.199668554,0.046754215,68.0,34.0,17.0,13.0,6.0,16.0,8.0,0.160171167,0.112119817,0.321859334,0.011,4.102880846,12.31367006,0.988258109,0.036667732,0.061493356,0.040185908,33.0,16.0,8.0,6.0,3.0,21.04341612,4.0,2.0,0.063214439,0.00196,26.87983387,7.972743286,0.083421947,0.00433,0.784790083,0.198290793,0.983080875,0.361003438,0.111042844,0.472046282,0.472046282,13.625,Darrynton Evans,TEN,FA,99,4036431,,FA,,{},"['Rookie', 'RB', 'RB/WR', 'RB/WR/TE', 'OP', 'BE', 'IR']",,,,,,,,206.0,19.0,6.0,0.0298935,,102.78765,,10.0,4.0,,,,1.0,,,,,,,,,,,,,,,,,,,,,,,,,,,,,,,,,,,,,,,,,,,,,,,,,,,,,,,,,,,,,,,,,,,,,,,,,,,,,,,,,,,,,,,,,,,,,,,,,,,,,,,,,,,,,,,,,,,,,,,,,,,,,,,,,,,,,,,,,,,,,,,,,,,,,,,,,,,,,,,,,,,,,,,,,,,,,,,,,,,,,,,,,,,,,,,,,,,,,,,,,,,,,,,,,,,,,,,,,,,,,,2020,,,,,,,,,,,,,,,,,,,,,,,,,,,,,,,,,,,,,
75.0,5.0,29.71,1.98,,,,,,,,,,,,,,,,,49.0,44.46666667,2.0,128.0,61.0,27.0,21.0,5.0,2.0,74.0,221.0,13.6122449,,,,,,1.0,1.0,6.0,9.0,14.0,,,15.0,,,,,,,,,,,,,,,,,13.224652,1.77864433,0.110271145,0.18286311,0.119501043,39.0,19.0,9.0,7.0,3.0,15.49278419,3.0,1.0,0.10674922,0.0033,24.49224363,12.8573611,0.11,0.000735,,0.166983413,0.166983413,,0.093510711,0.093510711,0.093510711,15.0625,Kendrick Bourne,SF,FA,61,3045523,,FA,,{},"['RB/WR', 'WR', 'WR/TE', 'RB/WR/TE', 'OP', 'BE', 'IR']",,1.0,,,,,,,,,,,,,,,,,,,,,,,,,,,,,,,,,,,,,,,,,,,,,,,,,,,,,,,,,,,,,,,,,,,,,,1.0,1.0,1.0,,,,,,,,,,,,,,,,,,,,,,,,,,,,,,,,,,,,,,,,,,,,,,,,,,,,,,,,,,,,,,,,,,,,,,,,,,,,,,,,,,,,,,,,,,,,,,,,,,,,,,,,,,,,,,,,,,,,,,,,,,,,,,,,,,,,,,,,,,,,,,,,,,,,,,,,,,,,,,,,,,,,,,,,2020,,,,,,,,,,,,,,,,,,,,,,,,,,,,,,,,,,,,,
25.0,25.0,0.0,0.0,9.0,88.0,1.0,17.0,8.0,4.0,3.0,1.0,,1.0,,,,,,9.77777778,,,,,,,,,,,,,,,,,1.0,1.0,1.0,,1.0,6.0,1.0,,1.0,,,,,,,,,,,,,,,,,,,,,,,,,,,,,,,,,,,,,,,,,,,,Marcus Mariota,LV,FA,47,2576980,,FA,,{},"['QB', 'OP', 'BE', 'IR']",,,,,,,,,,,,,,,,,,,,,,28.0,17.0,11.0,226.0,1.0,45.0,22.0,11.0,9.0,4.0,2.0,3.0,1.0,2.0,1.0,,,,,1.0,0.60714286,,,,,,1.0,,,,,,,,,,,,,,,,,,,,,,,,,,,,,,,,,,,,,,,,,,,,,,,,,,,,,,,,,,,,,,,,,,,,,,,,,,,,,,,,,,,,,,,,,,,,,,,,,,,,,,,,,,,,,,,,,,,,,,,,,,,,,,,,,,,,,,,,,,,,,,,,,,,,,,,,,,,,,,,,,,,,,,,,,,,,,,,,,,,,,,,,,,,,,,,,,,2020,,,,,,,,,,,,,,,,,,,,,,,,,,,,,,,,,,,,,
29.0,1.81,60.29,4.31,,,,,,,,,,,,,,,,,24.0,15.6875,2.0,45.0,17.0,5.0,3.0,,,29.0,168.0,10.45833333,,,,,,1.0,2.0,12.0,4.0,12.0,,,16.0,,,,,,,,,,,,,,,,,27.54593687,3.739321597,0.118912021,0.20677688,0.135128691,77.0,38.0,19.0,15.0,7.0,32.58761854,6.0,3.0,0.225925841,0.00699,46.76476481,11.93969906,0.118912021,0.00153,,0.347247014,0.347247014,,0.194458328,0.194458328,0.194458328,14.125,Will Dissly,SEA,FA,44,3127292,,FA,,{},"['WR/TE', 'TE', 'RB/WR/TE', 'OP', 'BE', 'IR']",,,,,,,,8.0,,,,,,,,,,,,,,,,,,,,,,,,,,,,,,,,,,,,,,,,,,,,,,,,,,,,,,,,,,,,,,,,,,2.0,1.0,,,,,,,,,,,,,,,,,,,,,,,,,,,,,,,,,,,,,,,,,,,,,,,,,,,,,,,,,,,,,,,,,,,,,,,,,,,,,,,,,,,,,,,,,,,,,,,,,,,,,,,,,,,,,,,,,,,,,,,,,,,,,,,,,,,,,,,,,,,,,,,,,,,,,,,,,,,,,,,,,,,,,,,2020,,,,,,,,,,,,,,,,,,,,,,,,,,,,,,,,,,,,,
110.0,11.0,10.35,10.35,9.0,0.8,,1.0,,,,,,,,,,,,0.88888889,,,,,,,,,,,,,1.0,6.0,,4.0,16.0,,,3.0,7.0,,,,10.0,0.155712686,0.231576892,0.005930058,0.000211596,,,,,,,,0.000285589,0.000199913,-2.52e-06,-8.61e-08,2.602611076,,,,,,,,,,,,,,,,,,0.075367715,0.00132,0.001820566,,0.299327225,0.00083746,,0.143640657,0.799828122,1.75,Nick Mullens,SF,FA,34,3059989,,FA,,{},"['QB', 'OP', 'BE', 'IR']",,,,,,,,,,,,,,,,,,,,,,326.0,211.0,115.0,243.7,12.0,484.0,240.0,117.0,92.0,44.0,20.0,38.0,16.0,19.0,8.0,1.0,,2.0,1.0,12.0,0.64723926,19.0,5.0,9.0,2.0,,,23.73754414,15.35523668,8.382307458,101.0766629,1.18972685,35.0,17.0,8.0,7.0,3.0,1.0,3.0,1.0,0.087270736,0.057031426,0.255673034,0.034534723,0.075156119,0.656187465,0.64687554,1.7081532,0.297506659,0.142803196,,,,,,,,,,,,,,,,,,,,,,,,,,,,,,,,,,,,,,,,,,,,,,,,,,,,,,,,,,,,,,,,,,,,,,,,,,,,,,,,,,,,,,,,,,,,,,,,,,,,,,,,,,,,,,,,,,,,,,,,,,,,,,,4.0,,,,,,,,,,,,,,,,,,,,,,,,,,,,,,,,,,,,,,,,,,,,2020,,,,,,,,,,,,,,,,,,,,,,,,,,,,,,,,,,,,,
23.0,1.77,56.78,4.06,22.0,9.46153846,1.0,20.0,8.0,2.0,1.0,,,1.0,,,,,,5.59090909,19.0,10.61538462,,24.0,9.0,2.0,2.0,,,23.0,100.0,7.26315789,1.0,1.0,,,,,,7.0,6.0,6.0,,,13.0,40.21376862,12.86581652,0.845346711,0.021244546,36.0,18.0,9.0,7.0,3.0,8.0,4.0,0.075466791,0.052826753,0.0895,0.00306,4.519090464,20.24122286,0.978039424,0.033189043,0.094808759,0.061957524,57.0,28.0,14.0,11.0,5.0,33.71737985,6.0,3.0,0.120823318,0.00374,41.37271415,8.479522256,0.054433588,0.0035,0.432643637,0.362751623,0.79539526,0.199016073,0.203140909,0.402156982,0.402156982,14.125,Jalen Richard,LV,FA,84,2972091,,FA,,{},"['RB', 'RB/WR', 'RB/WR/TE', 'OP', 'BE', 'IR']",,,,,,,,240.0,21.0,6.0,0.04599,0.0392304,305.7483333,45.02783562,30.0,12.0,4.0,1.0,,,,,,,,,,,,,,,,,,,,,,,,,,,,,,,,,,,,,,,,,,,,,,,,,,,,,,,,,,,1.0,,,,,,,,,,,,,,,,,,,,,,,,,,,,,,,,,,,,,,,,,,,,,,,,,,,,,,,,,,,,,,,,,,,,,,,,,,,,,,,,,,,,,,,,,,,,,,,,,,,,,,,,,,,,,,,,,,,,,,,,,,,,,,,,,,,,,,,,,,,,,,,,,,,,,,,,,,,,,,,,,,,,,2020,,,,,,,,,,,,,,,,,,,,,,,,,,,,,,,,,,,,,
3.0,0.38,46.36,4.21,1.0,0.125,,,,,,,,,,,,,,1.0,9.0,5.25,,7.0,3.0,1.0,1.0,,,9.0,42.0,4.66666667,,,,,,1.0,2.0,,8.0,,,,8.0,68.27572852,24.79319128,1.474681867,0.111761949,56.0,28.0,14.0,11.0,5.0,13.0,6.0,0.131307536,0.091915275,0.267,0.00911,4.130641399,7.341037426,0.311770683,0.023008385,0.044447879,0.029046689,16.0,8.0,4.0,3.0,1.0,10.48724023,2.0,1.0,0.035341461,0.00109,13.74097136,7.962466663,0.134770334,0.003,0.590323389,0.090674436,0.680997825,0.271548759,0.050777684,0.322326443,0.322326443,11.375,Devine Ozigbo,JAX,FA,127,3699935,,FA,,{},"['RB', 'RB/WR', 'RB/WR/TE', 'OP', 'BE', 'IR']",,,,,,,,,,,,,,,,,,,,,,,,,,,,,,,,,,,,,,,,,,,,,,,,,,,,,,,,,,,,,,,,,,,,,,,,,,,1.0,,,,,,,,,,,,,,,,,,,,,,,,,,,,,,,,,,,,,,,,,,,,,,,,,,,,,,,,,,,,,,,,,,,,,,,,,,,,,,,,,,,,,,,,,,,,,,,,,,,,,,,,,,,,,,,,,,,,,,,,,,,,,,,,,,,,,,,,,,,,,,,,,,,,,,,,,,,,,,,,,,,,,,,2020,,,,,,,,,,,,,,,,,,,,,,,,,,,,,,,,,,,,,
2.0,0.5,18.02,9.01,8.0,-1.5,,,,,,,,,,,,,,-0.75,,,,,,,,,,,,,,,,,,,,4.0,,,,,4.0,2.202028078,4.764974728,0.063932683,0.002125479,2.0,1.0,,,,,,0.0040438,0.00283066,0.000251984,8.6e-06,4.825503249,,,,,,,,,,,,,,,,,,0.112685285,0.00311,0.033947717,,0.707068626,0.01561595,,0.338713986,1.909657721,2.23,Jameis Winston,NO,FA,62,2969939,,FA,,{},"['QB', 'OP', 'BE', 'IR']",,,,,,,,,,,,,,,,,,,,,,11.0,7.0,4.0,18.75,,14.0,7.0,3.0,2.0,1.0,,1.0,,,,,,,,,0.63636364,2.0,,,,,,40.10980794,24.96967111,15.14013683,141.712691,2.053535553,63.0,31.0,15.0,12.0,6.0,3.0,4.0,2.0,0.113640099,0.074263805,0.414438902,0.055979829,0.110559806,1.570943735,0.622532802,3.552366526,0.673120909,0.323098036,,,,,,,,,,,,,,,,,,,,,,,,,,,,,,,,,,,,,,,,,,,,,,,,,,,,,,,,,,,,,,,,,,,,,,,,,,,,,,,,,,,,,,,,,,,,,,,,,,,,,,,,,,,,,,,,,,,,,,,,,,,,,,,,,,,,,,,,,,,,,,,,,,,,,,,,,,,,,,,,,,,,,,,,,,,2020,,,,,,,,,,,,,,,,,,,,,,,,,,,,,,,,,,,,,
124.0,10.33,222.25,14.82,37.0,18.08333333,2.0,39.0,17.0,8.0,4.0,1.0,,4.0,,1.0,,,,5.86486486,,,,,,,,,,,,,,4.0,,2.0,13.0,,,2.0,10.0,12.0,1.0,,12.0,41.67643385,6.935200356,1.834610898,0.094206717,21.0,10.0,5.0,4.0,2.0,8.0,4.0,0.07827304,0.054791128,0.029921376,0.001021102,2.537688465,,,,,,,,,,,,,,,,,,1.090934769,0.0437,0.672701354,,9.933417528,0.309442623,,4.754586386,19.52599989,15.25,Sam Darnold,NYJ,FA,32,3912547,,FA,,{},"['QB', 'OP', 'BE', 'IR']",,,,,,,,,,,,,,,,,,,,,,364.0,217.0,147.0,184.0,9.0,438.0,215.0,104.0,83.0,38.0,16.0,38.0,17.0,24.0,10.0,1.0,1.0,,1.0,11.0,0.59615385,35.0,4.0,2.0,3.0,1.0,2.0,534.8166528,329.1126607,205.7039921,246.1236951,21.96257877,750.0,375.0,187.0,150.0,75.0,37.0,65.0,32.0,2.996254935,1.9580526,2.832525919,0.382599982,0.996728052,14.7714135,0.615374744,38.92030028,9.260716174,4.445143764,,,,,,,,,,,,,,,,,,,,,,,,,,,,,,,,,,,,,,,,,,,,,,,,,,,,,,,,,,,,,,,,,,,,,,,,,,,,,,,,,,,,,,,,,,,,,,,,,,,,,,,,,,,,,,,,,,,,,,,,,,,,,,,2.0,,,,,,,,,,,,,,,,,,,,,,,,,,,,,,,,,,,,,,,,,,,,2020,,,,,,,,,,,,,,,,,,,,,,,,,,,,,,,,,,,,,
25.0,2.08,86.98,5.8,1.0,1.5,,3.0,1.0,,,,,,,,,,,18.0,27.0,22.08333333,1.0,49.0,22.0,8.0,7.0,3.0,1.0,37.0,127.0,9.81481481,,5.0,,2.0,2.0,1.0,1.0,6.0,6.0,6.0,,,12.0,,,,,,,,,,,,,,,,,41.93286626,3.396118349,0.180644274,0.103716897,0.067778993,126.0,63.0,31.0,25.0,12.0,57.19388117,11.0,5.0,0.806783555,0.025,89.56565255,11.04338061,0.180644274,0.00272,,0.618443262,0.618443262,,0.346328226,0.346328226,0.346328226,15.0625,Steven Sims Jr.,WSH,FA,121,3917960,,FA,,{},"['RB/WR', 'WR', 'WR/TE', 'RB/WR/TE', 'OP', 'BE', 'IR']",,,,,,1.0,,42.0,4.0,1.0,0.427707,0.2246832,706.2339375,215.85636,70.0,28.0,21.0,8.0,,1.0,,,,,,,,,,,,,,,,,,,,,,,,,,,,,,,,,,,,,,,,,,,,,,,,,,,,,,,,,,,,,,,,,,,,,,,,,,,,,,,,,,,,,,,,,,,,,,,,,,,,,,,,,,,,,,,,160.0,12.0,1.0,,,,,,,,,,,,,,,,,,,,,,,,,,,,,,,,,,,,,,,,,,,,,,,,,,,,,,,,,,,,,,,,,,,,,,,,,,,,,,,,,,,,,,,,,,,,,,,,,,,,,,,,,,,,2020,,,,,,,,,,,,,,,,,,,,,,,,,,,,,,,,,,,,,
30.0,1.88,28.09,2.01,29.0,7.1875,2.0,20.0,8.0,2.0,,,,2.0,1.0,,,,,3.96551724,19.0,7.9375,1.0,22.0,8.0,1.0,1.0,,,30.0,83.0,6.68421053,1.0,3.0,1.0,2.0,2.0,1.0,1.0,6.0,10.0,18.0,2.0,,16.0,36.43021458,10.5543364,0.67846227,0.022693305,29.0,14.0,7.0,5.0,2.0,7.0,3.0,0.068236434,0.047765504,0.0607,0.00207,4.092207618,6.044004848,0.396864238,0.017932748,0.036317193,0.023733286,17.0,8.0,4.0,3.0,1.0,12.56723071,2.0,1.0,0.037875399,0.00117,15.87629474,6.793188604,0.040626054,0.00205,0.346737982,0.119613246,0.466351228,0.159499472,0.066983418,0.226482889,0.226482889,14.125,Dion Lewis,NYG,FA,76,14198,,FA,,{},"['RB', 'RB/WR', 'RB/WR/TE', 'OP', 'BE', 'IR']",,,,,,,,538.0,49.0,16.0,,,,,,,,,,1.0,,,,,,,,,,,,,,,,,,,,,,,,,,,,,,,,,,,,,,,,,,,,,,,,,,,,,,,,,,,,,,,,,,,,,,,,,,,,,,,,,,,,,,,,,,,,,,,,,,,,,,,,,,,,,,,,,,,,,,,,,,,,,,,,,,,,,,,,,,,,,,,,,,,,,,,,,,,,,,,,,,,,,,,,,,,,,,,,,,,,,,,,,,,,,,,,,,,,,,,,,,,,,,,,,,,,,,,,,,,,,,2020,,,,,,,,,,,,,,,,,,,,,,,,,,,,,,,,,,,,,
44.0,2.93,21.7,1.45,,,,,,,,,,,,,,,,,31.0,26.26666667,2.0,73.0,34.0,13.0,8.0,3.0,1.0,38.0,189.0,12.70967742,,1.0,,1.0,1.0,1.0,1.0,10.0,5.0,12.0,,,15.0,,,,,,,,,,,,,,,,,9.954121804,1.285099843,0.065133939,0.205447481,0.134259929,29.0,14.0,7.0,5.0,2.0,11.86741118,2.0,1.0,0.065556097,0.00203,18.02590784,12.63409158,0.065133939,0.000556,,0.126456712,0.126456712,,0.070815759,0.070815759,0.070815759,15.0625,Mo Alie-Cox,IND,FA,26,2998565,,FA,,{},"['WR/TE', 'TE', 'RB/WR/TE', 'OP', 'BE', 'IR']",,,,1.0,1.0,1.0,1.0,,,,,,,,,,,,,1.0,,,,,,,,,,,,,,,,,,,,,,,,,,,,,,,,,,,,,,,,,,,,,,,,,,,,,,1.0,,,,,,,,,,,,,,,,,,,,,,,,,,,,,,,,,,,,,,,,,,,,,,,,,,,,,,,,,,,,,,,,,,,,,,,,,,,,,,,,,,,,,,,,,,,,,,,,,,,,,,,,,,,,,,,,,,,,,,,,,,,,,,,,,,,,,,,,,,,,,,,,,,,,,,,,,,,,,,,,,,,,,,,,2020,,,,,,,,,,,,,,,,,,,,,,,,,,,,,,,,,,,,,
121.0,7.56,114.03,7.13,,,,,,,,,,,,,,,,,,,,,,,,,,,,,,,,,,,,7.0,9.0,108.0,,,16.0,,,,,,,,,,,,,,,,,,,,,,,,,,,,,,,,,,,,,,,,,,,16.0,Nick Folk,NE,FA,16,10621,,FA,,{},"['K', 'BE', 'IR']",,,,,,,,,,,,,,,,,,,,,,,,,,,,,,,,,,,,,,,,,,,,,,,,,,,,,,,,,,,,,,,,,,,,,,,,,,,,,,,2.0,3.0,11.0,12.0,1.0,13.0,13.0,,26.0,28.0,2.0,30.0,33.0,3.0,2.0,3.0,2.821019885,4.561443623,1.740423738,6.955331208,9.450834173,2.495502965,14.52512501,15.80107922,1.275954204,24.30147611,29.81335701,5.511880907,34.04228772,37.0246644,2.982376684,2.821019885,4.561443623,1.740423738,,,,,,,,,,,,,,,,,,,,,,,,,,,,,,,,,,,,,,,,,,,,,,,,,,,,,,,,,,,,,,,,,,,,,,,,,,,,,,,,,,,,,,,1.0,1.0,,,,,,,,,,,,,,,,,,,,,,,,,,,,,,,,,,,,,,,,,,2020,,,,,,,,,,,,,,,,,,,,,,,,,,,,,,,,,,,,,
8.0,0.73,40.22,2.87,33.0,10.27272727,,19.0,6.0,2.0,1.0,,,2.0,,,,,,3.42424242,6.0,4.90909091,,9.0,2.0,,,,,10.0,49.0,9.0,,,,,,,,8.0,3.0,,,,11.0,55.10301216,16.02500337,1.303878166,0.0558,45.0,22.0,11.0,9.0,4.0,11.0,5.0,0.104,0.073,0.142,0.00483,4.107818497,5.776201419,0.439447789,0.021230364,0.048625071,0.031776484,16.0,8.0,4.0,3.0,1.0,10.37513319,2.0,1.0,0.036594529,0.00113,13.91409457,7.863884112,0.076985094,0.00271,0.519,0.097764231,0.616996465,0.239,0.054747969,0.293594797,0.293594797,14.125,Anthony McFarland Jr.,PIT,FA,115,4241941,,FA,,{},"['Rookie', 'RB', 'RB/WR', 'RB/WR/TE', 'OP', 'BE', 'IR']",,,,,,,,,,,0.0298935,,102.78765,,10.0,4.0,,,,,,,,,,,,,,,,,,,,,,,,,,,,,,,,,,,,,,,,,,,,,,,,,,,,,,,,,,,,,,,,,,,,,,,,,,,,,,,,,,,,,,,,,,,,,,,,,,,,,,,,,,,,,,,,,,,,,,,,,,,,,,,,,,,,,,,,,,,,,,,,,,,,,,,,,,,,,,,,,,,,,,,,,,,,,,,,,,,,,,,,,,,,,,,,,,,,,,,,,,,,,,,,,,,,,,,,,,,,,,,,,,2020,,,,,,,,,,,,,,,,,,,,,,,,,,,,,,,,,,,,,
60.0,3.75,65.16,4.34,2.0,0.9375,,2.0,1.0,,,,,,,,,,,7.5,47.0,37.75,1.0,115.0,53.0,23.0,17.0,5.0,5.0,77.0,166.0,12.85106383,1.0,3.0,,,,1.0,1.0,7.0,9.0,6.0,,,16.0,,,,,,,,,,,,,,,,,32.71304813,2.657256837,0.11447199,0.153188801,0.100108881,98.0,49.0,24.0,19.0,9.0,39.51748327,7.0,3.0,0.40991305,0.0127,63.73650267,12.46891873,0.11447199,0.00188,,0.427306571,0.427306571,,0.23929168,0.23929168,0.23929168,15.0625,Damiere Byrd,NE,FA,70,2577667,,FA,,{},"['RB/WR', 'WR', 'WR/TE', 'RB/WR/TE', 'OP', 'BE', 'IR']",,1.0,,1.0,1.0,1.0,,,,,0.049236353,0.026433318,169.2973059,25.39486588,16.0,6.0,2.0,1.0,,,,,,,,,,,,,,,,,,,,,,,,,,,,,,,,,,,,,,,,,,,,,,,,,,,,,,,,,,,,,,,,,,,,,,,,,,,,,,,,,,,,,,,,,,,,,,,,,,,,,,,,,,,,,,,,,,,,,,,,,,,,,,,,,,,,,,,,,,,,,,,,,,,,,,,,,,,,,,,,,,,,,,,,,,,,,,,,,,,,,,,,,,,,,,,,,,,,,,,,,,,,,,,,,,,,,,,,,,,,,,,,2020,,,,,,,,,,,,,,,,,,,,,,,,,,,,,,,,,,,,,
19.0,1.19,20.84,1.49,35.0,10.625,,31.0,14.0,5.0,3.0,1.0,,2.0,,,,,,4.85714286,12.0,5.0625,,14.0,5.0,1.0,1.0,,,13.0,66.0,6.75,,,,,,3.0,3.0,5.0,11.0,,,,16.0,33.1220964,9.340130095,0.87705167,0.03226514,26.0,13.0,6.0,5.0,2.0,6.0,3.0,0.061909602,0.043336721,0.047,0.0016,3.983121599,2.075729288,0.113235295,0.005878239,0.042290952,0.027637137,5.0,2.0,1.0,1.0,,4.159608422,,,0.015957904,0.000493543,5.19228696,7.048662571,0.038143378,0.000863,0.174338905,0.021894193,0.196233098,0.080195896,0.012260748,0.092456644,0.092456644,14.125,Royce Freeman,DEN,FA,88,3122672,,FA,,{},"['RB', 'RB/WR', 'RB/WR/TE', 'OP', 'BE', 'IR']",,,,,,,,,,,,,,,,,,,,,,,,,,,,,,,,,,,,,,,,,,,,,,,,,,,,,,,,,,,,,,,,,,,,,,,,,,,,,,,,,,,,,,,,,,,,,,,,,,,,,,,,,,,,,,,,,,,,,,,,,,,,,,,,,,,,,,,,,,,,,,,,,,,,,,,,,,,,,,,,,,,,,,,,,,,,,,,,,,,,,,,,,,,,,,,,,,,,,,,,,,,,,,,,,,,,,,,,,,,,,,,,,,,,,,,,,,,,,,,,,,2020,,,,,,,,,,,,,,,,,,,,,,,,,,,,,,,,,,,,,
48.0,3.0,2.79,0.2,63.0,18.8125,3.0,56.0,26.0,10.0,8.0,2.0,,9.0,3.0,1.0,,,,4.77777778,11.0,4.125,,10.0,4.0,2.0,1.0,,,12.0,92.0,6.0,,,,,,2.0,3.0,4.0,11.0,18.0,2.0,,16.0,3.667263352,1.007370132,0.069074625,0.002736693,2.0,1.0,,,,,,0.006740679,0.004718475,0.00049,1.67e-05,3.880033081,1.165344006,0.06851326,0.003507984,0.056476803,0.036907591,3.0,1.0,,,,2.126355679,,,0.009440032,0.00029196,2.694427642,7.741171551,0.006244677,0.000226,0.032525761,0.018859114,0.051384874,0.01496185,0.010561104,0.025522954,0.025522954,14.125,Samaje Perine,CIN,FA,64,3116389,,FA,,{},"['RB', 'RB/WR', 'RB/WR/TE', 'OP', 'BE', 'IR']",,,,,,,,13.0,1.0,,,,,,,,,,,,,,,,,,,,,,,,,,,,,,,,,,,,,,,,,,,,,,,,,,,,,,,,,,,,,,,,,,1.0,,,,,,,,,,,,,,,,,,,,,,,,,,,,,,,,,,,,,,,,,,,,,,,,,,,,,,,1.0,,,,,,,,,,,,,,,,,,,,,,,,,,,,,,,,,,,,,,,,,,,,,,,,,,,,,,,,,,,,,,,,,,,,,,,,,,,,,,,,,,,,,,,,,,,,,,,,,,,,,,,,,,,,,,,,2020,,,,,,,,,,,,,,,,,,,,,,,,,,,,,,,,,,,,,
37.0,3.08,61.19,4.08,,,,,,,,,,,,,,,,,24.0,24.0,3.0,54.0,23.0,8.0,8.0,1.0,,44.0,171.0,12.0,,2.0,,2.0,2.0,,,10.0,2.0,18.0,,,12.0,,,,,,,,,,,,,,,,,29.38183416,2.884226888,0.16109139,0.129144432,0.084395886,88.0,44.0,22.0,17.0,8.0,37.13456668,7.0,3.0,0.309960868,0.00959,59.6055936,11.91784142,0.16109139,0.00174,,0.395698366,0.395698366,,0.221591085,0.221591085,0.221591085,15.0625,Dawson Knox,BUF,FA,34,3930086,,FA,,{},"['WR/TE', 'TE', 'RB/WR/TE', 'OP', 'BE', 'IR']",,,,,,2.0,2.0,,,,,,,,,,,,,3.0,,,,,,,,,,,,,,,,,,,,,,,,,,,,,,,,,,,,,,,,,,,,,,,,,,,,,,,,,,,,,,,,,,,,,,,,,,,,,,,,,,,,,,,,,,,,,,,,,,,,,,,,,,,,,,,,,,,,,,,,,,,,,,,,,,,,,,,,,,,,,,,,,,,,,,,,,,,,,,,,,,,,,,,,,,,,,,,,,,,,,,,,,,,,,,,,,,,,,,,,,,,,,,,,,,,,,,,,,,,,,,2020,,,,,,,,,,,,,,,,,,,,,,,,,,,,,,,,,,,,,
1.0,1.0,70.24,4.68,,,,,,,,,,,,,,,,,1.0,12.0,,2.0,1.0,,,,,1.0,,12.0,,,,,,,,,1.0,,,,1.0,,,,,,,,,,,,,,,,,32.75162006,3.570790861,0.186379551,0.175225047,0.114509568,98.0,49.0,24.0,19.0,9.0,43.76798149,8.0,4.0,0.410415456,0.012693262,61.76477272,11.27128235,0.186379551,0.00225,,0.512052117,0.512052117,,0.286749186,0.286749186,0.286749186,15.0625,Blake Jarwin,DAL,FA,93,2991767,,FA,,{},"['WR/TE', 'TE', 'RB/WR/TE', 'OP', 'BE', 'IR']",,,,,,,,,,,,,,,,,,,,,,,,,,,,,,,,,,,,,,,,,,,,,,,,,,,,,,,,,,,,,,,,,,,,,,,,,,,,,,,,,,,,,,,,,,,,,,,,,,,,,,,,,,,,,,,,,,,,,,,,,,,,,,,,,,,,,,,,,,,,,,,,,,,,,,,,,,,,,,,,,,,,,,,,,,,,,,,,,,,,,,,,,,,,,,,,,,,,,,,,,,,,,,,,,,,,,,,,,,,,,,,,,,,,,,,,,,,,,,,,,,2020,,,,,,,,,,,,,,,,,,,,,,,,,,,,,,,,,,,,,
50.0,3.12,44.06,2.94,,,,,,,,,,,,,,,,,21.0,19.5,4.0,59.0,26.0,11.0,7.0,2.0,1.0,28.0,173.0,14.85714286,,,,,,,,4.0,12.0,24.0,,,16.0,,,,,,,,,,,,,,,,,17.2059019,3.180147186,0.100912732,0.09888301,0.064620047,51.0,25.0,12.0,10.0,5.0,26.73764303,5.0,2.0,0.103705261,0.00321,37.13299832,9.692847536,0.100912732,0.000878,,0.199437608,0.199437608,,0.11168506,0.11168506,0.11168506,15.0625,Darren Fells,HOU,FA,24,15773,,FA,,{},"['WR/TE', 'TE', 'RB/WR/TE', 'OP', 'BE', 'IR']",,1.0,,,,,,,,,,,,,,,,,,1.0,1.0,,,,,,,,,,,,,,,,,,,,,,,,,,,,,,,,,,,,,,,,,,,,,,,,,,,,,1.0,,,,,,,,,,,,,,,,,,,,,,,,,,,,,,,,,,,,,,,,,,,,,,,,,,,,,,,,,,,,,,,,,,,,,,,,,,,,,,,,,,,,,,,,,,,,,,,,,,,,,,,,,,,,,,,,,,,,,,,,,,,,,,,,,,,,,,,,,,,,,,,,,,,,,,,,,,,,,,,,,,,,,,,,2020,,,,,,,,,,,,,,,,,,,,,,,,,,,,,,,,,,,,,
31.0,4.43,62.37,4.16,,,,,,,,,,,,,,,,,23.0,32.57142857,2.0,42.0,19.0,9.0,5.0,1.0,3.0,35.0,47.0,9.91304348,,,,,,,,4.0,3.0,12.0,,,7.0,,,,,,,,,,,,,,,,,31.59667809,2.553579718,0.094746479,0.141739069,0.092626481,95.0,47.0,23.0,19.0,9.0,45.8116694,9.0,4.0,0.374019653,0.0116,62.71961236,10.38872781,0.094746479,0.00175,,0.397847454,0.397847454,,0.222794574,0.222794574,0.222794574,15.0625,Adam Humphries,None,FA,111,2576491,,FA,,{},"['RB/WR', 'WR', 'WR/TE', 'RB/WR/TE', 'OP', 'BE', 'IR']",,,,,,,,,,,,0.049038,,59.32206349,,,5.0,2.0,,,1.0,,,,,,,,,,,,,,,,,,,,,,1.0,,,,,,,,,,,,,,,,,,,,,,,,,,,,,,,1.0,,,,,,,,,,,,,,,,,,,,,,,,,,,,,,,,,,,,,,,,,,,,,,,,,,,,,,,,,,,,,,,,,,,,,,,,,,,,,,,,,,,,,,,,,,,,,,,,,,,,,,,,,,,,,,,,,,,,,,,,,,,,,,,,,,,,,,,,,,,,,,,,,,,,,,,,,,,,,,,,,,,,,,,,2020,,,,,,,,,,,,,,,,,,,,,,,,,,,,,,,,,,,,,
8.0,4.0,0.0,0.0,5.0,8.5,,3.0,1.0,,,,,,,,,,,3.4,,,,,,,,,,,,,,,,,,,,1.0,1.0,,,,2.0,,,,,,,,,,,,,,,,,,,,,,,,,,,,,,,,,,,,,,,,,,,,Trace McSorley,BAL,FA,58,3116172,,FA,,{},"['QB', 'OP', 'BE', 'IR']",,,,,,,,,,,,,,,,,,,,,,10.0,3.0,7.0,45.0,1.0,17.0,8.0,3.0,3.0,1.0,,,,,,1.0,1.0,,,,0.3,,,,,,,,,,,,,,,,,,,,,,,,,,,,,,,,,,,,,,,,,,,,,,,,,,,,,,,,,,,,,,,,,,,,,,,,,,,,,,,,,,,,,,,,,,,,,,,,,,,,,,,,,,,,,,,,,,,,,,,,,,,,,,,,,,,,,,,,,,,,,,,,,,,,,,,,,,,,,,,,,,,,,,,,,,,,,,,,,,,,,,,,,,,,,,,,,,,,,,,,2020,,,,,,,,,,,,,,,,,,,,,,,,,,,,,,,,,,,,,
25.0,6.25,42.97,2.86,,,,,,,,,,,,,,,,,11.0,36.5,2.0,28.0,13.0,5.0,4.0,1.0,,19.0,18.0,13.27272727,,,,,,,,3.0,1.0,12.0,,,4.0,,,,,,,,,,,,,,,,,20.53931868,2.194244977,0.112866676,0.243720102,0.159271087,61.0,30.0,15.0,12.0,6.0,22.83736862,4.0,2.0,0.13905489,0.0043,35.64755414,13.54680974,0.112866676,0.00171,,0.389040856,0.389040856,,0.217862879,0.217862879,0.217862879,15.0625,O.J. Howard,TB,FA,48,3043080,,FA,,{},"['WR/TE', 'TE', 'RB/WR/TE', 'OP', 'BE', 'IR']",,,,,,,,,,,,,,,,,,,,1.0,1.0,,,,,,,,,,,,,,,,,,,,,,,,,,,,,,,,,,,,,,,,,,,,,,,,,,,,,,,,,,,,,,,,,,,,,,,,,,,,,,,,,,,,,,,,,,,,,,,,,,,,,,,,,,,,,,,,,,,,,,,,,,,,,,,,,,,,,,,,,,,,,,,,,,,,,,,,,,,,,,,,,,,,,,,,,,,,,,,,,,,,,,,,,,,,,,,,,,,,,,,,,,,,,,,,,,,,,,,,,,,,,2020,,,,,,,,,,,,,,,,,,,,,,,,,,,,,,,,,,,,,
56.0,4.31,46.29,3.09,,,,,,,,,,,,,,,,,33.0,33.23076923,3.0,80.0,38.0,18.0,12.0,4.0,2.0,48.0,198.0,13.09090909,,1.0,,,,,,9.0,4.0,18.0,,,13.0,2.486030424,0.972212423,0.075280893,0.002395542,2.0,1.0,,,,,,0.004565712,0.003195998,0.000481533,1.64e-05,5.890494936,21.57259371,1.94485439,0.108072575,0.150210963,0.098162865,64.0,32.0,16.0,12.0,6.0,28.24874316,5.0,2.0,0.152804611,0.00473,42.22391341,11.50271327,0.110468116,0.00165,0.030335478,0.344701783,0.375037261,0.01395432,0.193032999,0.206987318,0.206987318,15.0625,Willie Snead IV,BAL,FA,75,17258,,FA,,{},"['RB/WR', 'WR', 'WR/TE', 'RB/WR/TE', 'OP', 'BE', 'IR']",,,,1.0,1.0,1.0,,5.0,,,,0.2246832,,215.85636,,,21.0,8.0,,1.0,,,,,,,,,,,,,,,,,,,,,,,,,,,,,,,,,,,,,,,,,,,,,,,,,,,,,,2.0,,,,,,,,,,,,,,,,,,,,,,,,,,,,,,,,,,,,,,,,,,,,,,,,,,,,,,,,,,,,,,,,,,,,,,,,,,,,,,,,,,,,,,,,,,,,,,,,,,,,,,,,,,,,,,,,,,,,,,,,,,,,,,,,,,,,,,,,,,,,,,,,,,,,,,,,,,,,,,,,,,,,,,,,2020,,,,,,,,,,,,,,,,,,,,,,,,,,,,,,,,,,,,,
57.0,11.4,0.0,0.0,6.0,3.4,,2.0,,,,,,,,,,,,2.83333333,,,,,,,,,,,,,1.0,2.0,1.0,2.0,7.0,,,,5.0,,,,5.0,,,,,,,,,,,,,,,,,,,,,,,,,,,,,,,,,,,,,,,,,,,,Mike Glennon,JAX,FA,42,15837,,FA,,{},"['QB', 'OP', 'BE', 'IR']",,,,,,,,,,,,,,,,,,,,,,179.0,111.0,68.0,214.4,7.0,214.0,106.0,52.0,41.0,19.0,8.0,20.0,9.0,12.0,5.0,1.0,,,1.0,5.0,0.62011173,9.0,1.0,3.0,,2.0,1.0,,,,,,,,,,,,,,,,,,,,,,,,,,,,,,,,,,,,,,,,,,,,,,,,,,,,,,,,,,,,,,,,,,,,,,,,,,,,,,,,,,,,,,,,,,,,,,,,,,,,,,,,,,,,,,,,,,,,,,,,,,,,,,,,,,,,,,,,,,,,,,,,,,,,,,1.0,,,,,,,,,,,,,,,,,,,,,,,,,,,,,,,,,,,,,,,,,,,,2020,,,,,,,,,,,,,,,,,,,,,,,,,,,,,,,,,,,,,
38.0,3.17,8.41,0.56,1.0,0.08333333,,,,,,,,,,,,,,1.0,18.0,25.16666667,2.0,57.0,26.0,11.0,8.0,3.0,,32.0,59.0,16.77777778,,,,,,1.0,1.0,4.0,8.0,12.0,,,12.0,,,,,,,,,,,,,,,,,4.481697071,0.385830175,0.018293362,0.285931494,0.186856231,13.0,6.0,3.0,2.0,1.0,4.315160191,,,0.03337516,0.00103,7.499163079,15.6438137,0.018293362,0.000205,,0.046660267,0.046660267,,0.026129749,0.026129749,0.026129749,15.0625,Marvin Hall,CLE,FA,100,2578369,,FA,,{},"['RB/WR', 'WR', 'WR/TE', 'RB/WR/TE', 'OP', 'BE', 'IR']",,1.0,1.0,1.0,1.0,,,13.0,1.0,,0.018396,,142.6257778,,14.0,5.0,,,,,1.0,,,,,,,,,,,,,,,,,,,,,,,,,,,,,,,,,,,,,,,,,,,,,,,,,,,,,,,,,,,,,,,,,,,,,,,,,,,,,,,,,,,,,,,,,,,,,,,,,,,,,,,,,,,,,,,,,,,,,,,,,,,,,,,,,,,,,,,,,,,,,,,,,,,,,,,,,,,,,,,,,,,,,,,,,,,,,,,,,,,,,,,,,,,,,,,,,,,,,,,,,,,,,,,,,,,,,,,,,,,,,2020,,,,,,,,,,,,,,,,,,,,,,,,,,,,,,,,,,,,,
9.0,0.56,19.61,1.4,11.0,3.6875,1.0,9.0,3.0,1.0,1.0,,,1.0,,,,,,5.36363636,2.0,0.625,,1.0,,,,,,2.0,17.0,5.0,,,,,,4.0,5.0,7.0,9.0,6.0,1.0,,16.0,29.57917849,8.936994926,1.053349452,0.032286529,25.0,12.0,6.0,5.0,2.0,5.0,2.0,0.05519499,0.038636493,0.043930601,0.0015,4.267699774,1.05605525,0.069647129,0.004043494,0.061753562,0.040355953,2.0,1.0,,,,1.821131369,,,0.008573433,0.000265,2.349569868,8.190941446,0.036330023,0.000956,0.204597227,0.012596646,0.217193872,0.094114724,0.007054122,0.101168846,0.101168846,14.125,Mike Boone,MIN,FA,115,3139033,,FA,,{},"['RB', 'RB/WR', 'RB/WR/TE', 'OP', 'BE', 'IR']",,,,,,,,17.0,1.0,,,,,,,,,,,,,,,,,,,,,,,,,,,,,,,,,,,,,,,,,,,,,,,,,,,,,,,,,,,,,,,,,,1.0,,,1.0,,,,,,,,,,,,,,,,,,,,,,,,,,,,,,,,,,,,,,,,,,,,,,,,,,,,,,,,,,,,,,,,,,,,,,,,,,,,,,,,,,,,,,,,,,,,,,,,,,,,,,,,,,,,,,,,,,,,,,,,,,,,,,,,,,,,,,,,,,,,,,,,,,,,,,,,,,,,,,,,,,,,2020,,,,,,,,,,,,,,,,,,,,,,,,,,,,,,,,,,,,,
32.0,2.0,26.21,1.75,,,,,,,,,,,,,,,,,40.0,21.8125,1.0,64.0,28.0,13.0,7.0,1.0,3.0,53.0,200.0,8.725,,1.0,,1.0,1.0,1.0,1.0,4.0,11.0,6.0,,,16.0,,,,,,,,,,,,,,,,,13.12195599,1.215634273,0.06224234,0.123015243,0.080390461,39.0,19.0,9.0,7.0,3.0,18.16687309,3.0,1.0,0.073721791,0.00228,26.94427642,10.87966329,0.06224234,0.000852,,0.193582493,0.193582493,,0.108406196,0.108406196,0.108406196,15.0625,Drew Sample,CIN,FA,40,3127310,,FA,,{},"['WR/TE', 'TE', 'RB/WR/TE', 'OP', 'BE', 'IR']",,,,,,1.0,1.0,,,,,,,,,,,,,1.0,,,,,,,,,,,,,,,,,,,,,,,,,,,,,,,,,,,,,,,,,,,,,,,,,,,,,,,,,,,,,,,,,,,,,,,,,,,,,,,,,,,,,,,,,,,,,,,,,,,,,,,,,,,,,,,,,,,,,,,,,,,,,,,,,,,,,,,,,,,,,,,,,,,,,,,,,,,,,,,,,,,,,,,,,,,,,,,,,,,,,,,,,,,,,,,,,,,,,,,,,,,,,,,,,,,,,,,,,,,,,,2020,,,,,,,,,,,,,,,,,,,,,,,,,,,,,,,,,,,,,
52.0,6.5,123.38,7.71,,,,,,,,,,,,,,,,,,,,,,,,,,,,,,,,,,,,6.0,2.0,53.0,,,8.0,,,,,,,,,,,,,,,,,,,,,,,,,,,,,,,,,,,,,,,,,,,16.0,Sam Sloman,TEN,FA,32,4038994,,FA,,{},"['Rookie', 'K', 'BE', 'IR']",,,,,,,,,,,,,,,,,,,,,,,,,,,,,,,,,,,,,,,,,,,,,,,,,,,,,,,,,,,,,,,,,,,,,,,,,,,,,,,,1.0,2.0,3.0,1.0,8.0,9.0,1.0,10.0,13.0,3.0,23.0,26.0,3.0,,1.0,3.129405541,4.978373434,1.848967893,7.695774646,10.31466914,2.618894495,16.02782446,17.24534588,1.217521419,26.85300465,32.53838846,5.685383808,34.55462142,37.17149465,2.616873223,3.129405541,4.978373434,1.848967893,,,,,,,,,,,,,,,,,,,,,,,,,,,,,,,,,,,,,,,,,,,,,,,,,,,,,,,,,,,,,,,,,,,,,,,,,,,,,,,,,,,,,,,1.0,1.0,,,,,,,,,,,,,,,,,,,,,,,,,,,,,,,,,,,,,,,,,,2020,,,,,,,,,,,,,,,,,,,,,,,,,,,,,,,,,,,,,
59.0,3.69,53.09,3.54,,,,,,,,,,,,,,,,,31.0,27.375,4.0,82.0,37.0,15.0,12.0,3.0,,45.0,176.0,14.12903226,,2.0,,1.0,1.0,,,8.0,8.0,24.0,,,16.0,,,,,,,,,,,,,,,,,23.16212259,3.180378435,0.16336747,0.178950586,0.116944208,69.0,34.0,17.0,13.0,6.0,27.79829291,5.0,2.0,0.176807834,0.005468284,43.46422501,12.55039195,0.16336747,0.0013,,0.296212937,0.296212937,,0.165879245,0.165879245,0.165879245,15.0625,Dan Arnold,ARI,FA,22,4212989,,FA,,{},"['WR/TE', 'TE', 'RB/WR/TE', 'OP', 'BE', 'IR']",,1.0,1.0,,,2.0,1.0,,,,,,,,,,,,,3.0,,,,,,,,,,,,,,,,,,,,,,,,,,,,,,,,,,,,,,,,,,,,,,,,,,,,,,,,,,,,,,,,,,,,,,,,,,,,,,,,,,,,,,,,,,,,,,,,,,,,,,,,,,,,,,,,,,,,,,,,,,,,,,,,,,,,,,,,,,,,,,,,,,,,,,,,,,,,,,,,,,,,,,,,,,,,,,,,,,,,,,,,,,,,,,,,,,,,,,,,,,,,,,,,,,,,,,,,,,,,,,2020,,,,,,,,,,,,,,,,,,,,,,,,,,,,,,,,,,,,,
31.0,2.38,4.19,0.28,,,,,,,,,,,,,,,,,10.0,12.23076923,3.0,29.0,13.0,5.0,2.0,,,20.0,59.0,15.9,,,,,,,,6.0,7.0,18.0,,,13.0,,,,,,,,,,,,,,,,,2.230113011,0.201762493,0.009595392,0.077959894,0.050946791,6.0,3.0,1.0,1.0,,3.210025794,,,0.017976307,0.000556,5.091804948,10.46442595,0.009595392,0.000167,,0.038060239,0.038060239,,0.021313734,0.021313734,0.021313734,15.0625,Donald Parham Jr.,LAC,FA,53,3912092,,FA,,{},"['WR/TE', 'TE', 'RB/WR/TE', 'OP', 'BE', 'IR']",,,,,,,,,,,,,,,,,,,,1.0,1.0,,,,,,,,,,,,,,,,,,,,,,,,,,,,,,,,,,,,,,,,,,,,,,,,,,,,,1.0,,,,,,,,,,,,,,,,,,,,,,,,,,,,,,,,,,,,,,,,,,,,,,,,,,,,,,,,,,,,,,,,,,,,,,,,,,,,,,,,,,,,,,,,,,,,,,,,,,,,,,,,,,,,,,,,,,,,,,,,,,,,,,,,,,,,,,,,,,,,,,,,,,,,,,,,,,,,,,,,,,,,,,,,2020,,,,,,,,,,,,,,,,,,,,,,,,,,,,,,,,,,,,,
63.0,9.0,206.07,14.72,20.0,6.57142857,1.0,9.0,3.0,1.0,1.0,,,1.0,,,,,,2.3,,,,,,,,,,,,,1.0,6.0,,3.0,10.0,,,2.0,5.0,6.0,1.0,,7.0,42.52882269,13.24051776,1.279014926,0.048114727,38.0,19.0,9.0,7.0,3.0,8.0,4.0,0.079954487,0.055968141,0.0999,0.00341,4.467592045,,,,,,,,,,,,,,,,,,0.953399956,0.0503,0.803047927,,11.42937556,0.369402047,,5.470039309,19.32934507,14.35,Dwayne Haskins Jr.,PIT,FA,37,4040616,,FA,,{},"['QB', 'OP', 'BE', 'IR']",,,,,,,,,,,,,,,,,,,,,,241.0,148.0,93.0,205.57142857,5.0,284.0,141.0,68.0,54.0,26.0,11.0,26.0,11.0,15.0,6.0,,,1.0,,7.0,0.61410788,20.0,5.0,2.0,2.0,1.0,,517.1880824,321.7898909,195.3981915,259.3635407,16.96049947,744.0,372.0,186.0,148.0,74.0,37.0,64.0,32.0,3.100583979,2.02623163,3.240522538,0.437709628,0.905285229,13.85930576,0.622191233,45.57434846,10.62632763,5.100637262,,,,,,,,,,,,,,,,,,,,,,,,,,,,,,,,,,,,,,,,,,,,,,,,,,,,,,,,,,,,,,,,,,,,,,,,,,,,,,,,,,,,,,,,,,,,,,,,,,,,,,,,,,,,,,,,,,,,,,,,,,,,,,,3.0,,,,,,,,,,,,,,,,,,,,,,,,,,,,,,,,,,,,,,,,,,,,2020,,,,,,,,,,,,,,,,,,,,,,,,,,,,,,,,,,,,,
22.0,1.83,70.39,4.69,,,,,,,,,,,,,,,,,11.0,16.08333333,1.0,36.0,16.0,6.0,4.0,1.0,,15.0,117.0,17.54545455,,,,,,,,6.0,6.0,6.0,,,12.0,,,,,,,,,,,,,,,,,33.53925584,3.434867119,0.116559669,0.189069959,0.123557218,101.0,50.0,25.0,20.0,10.0,39.16319856,7.0,3.0,0.438251517,0.0136,62.05907123,12.89948369,0.116559669,0.0018,,0.410035756,0.410035756,,0.229620023,0.229620023,0.229620023,15.0625,Bryan Edwards,LV,FA,152,4038818,,FA,,{},"['Rookie', 'RB/WR', 'WR', 'WR/TE', 'RB/WR/TE', 'OP', 'BE', 'IR']",,,,,,,,,,,,,,,,,,,,,1.0,,,,,,,,,,,,,,,,,,,,,,,,,,,,,,,,,,,,,,,,,,,,,,,,,,,,,,,,,,,,,,,,,,,,,,,,,,,,,,,,,,,,,,,,,,,,,,,,,,,,,,,,,,,,,,,,,,,,,,,,,,,,,,,,,,,,,,,,,,,,,,,,,,,,,,,,,,,,,,,,,,,,,,,,,,,,,,,,,,,,,,,,,,,,,,,,,,,,,,,,,,,,,,,,,,,,,,,,,,,,,2020,,,,,,,,,,,,,,,,,,,,,,,,,,,,,,,,,,,,,
22.0,7.33,11.1,11.1,7.0,-0.66666667,1.0,,,,,,,,,,,,,-0.28571429,,,,,,,,,,,,,2.0,2.0,,,,,,2.0,1.0,6.0,1.0,,3.0,0.911611174,2.179804583,0.050652736,0.001113546,,,,,,,,0.001672738,0.001170916,1.38e-05,4.72e-07,4.184523105,,,,,,,,,,,,,,,,,,0.046473427,0.001865873,0.012721858,,0.424061933,0.005852055,,0.20329529,1.135224269,1.75,Chad Henne,KC,FA,60,11291,,FA,,{},"['QB', 'OP', 'BE', 'IR']",,,,,,,,,,,,,,,,,,,,,,38.0,28.0,10.0,82.66666667,2.0,48.0,23.0,10.0,8.0,4.0,2.0,4.0,2.0,1.0,,,,,,,0.73684211,2.0,,2.0,,,,27.30293887,15.83832859,11.46461028,100.6376727,1.490923398,35.0,17.0,8.0,7.0,3.0,1.0,3.0,1.0,0.087147575,0.05695094,0.254693191,0.034402372,0.045359881,0.931928978,0.580096109,2.17248909,0.411340075,0.197443236,,,,,,,,,,,,,,,,,,,,,,,,,,,,,,,,,,,,,,,,,,,,,,,,,,,,,,,,,,,,,,,,,,,,,,,,,,,,,,,,,,,,,,,,,,,,,,,,,,,,,,,,,,,,,,,,,,,,,,,,,,,,,,,,,,,,,,,,,,,,,,,,,,,,,,,,,,,,,,,,,,,,,,,,,,,2020,,,,,,,,,,,,,,,,,,,,,,,,,,,,,,,,,,,,,
24.0,1.5,57.1,3.81,1.0,-0.0625,,,,,,,,,,,,,,-1.0,19.0,13.75,1.0,41.0,18.0,7.0,5.0,1.0,,31.0,48.0,11.57894737,,1.0,,,,2.0,3.0,10.0,6.0,6.0,,,16.0,3.854229704,1.530496671,0.15564564,0.00500131,4.0,2.0,1.0,,,,,0.007084095,0.004958867,0.001292166,4.41e-05,5.981248623,27.86016675,2.217615683,0.124373198,0.178431299,0.116604854,83.0,41.0,20.0,16.0,8.0,31.67301923,6.0,3.0,0.271757767,0.008404879,52.30037019,13.24925037,0.129374508,0.00164,0.040353496,0.331614139,0.371967635,0.018562608,0.185703918,0.204266526,0.204266526,15.0625,Van Jefferson,LAR,FA,126,3930066,,FA,,{},"['Rookie', 'RB/WR', 'WR', 'WR/TE', 'RB/WR/TE', 'OP', 'BE', 'IR']",,,,,,,,13.0,1.0,,,,,,,,,,,1.0,,,,,,,,,,,,,,,,,,,,,,,,,,,,,,,,,,,,,,,,,,,,,,,,,,,,,,,1.0,,,,,,,,,,,,,,,,,,,,,,,,,,,,,,,,,,,,,,,,,,,,,,,,,,,,,,,,,,,,,,,,,,,,,,,,,,,,,,,,,,,,,,,,,,,,,,,,,,,,,,,,,,,,,,,,,,,,,,,,,,,,,,,,,,,,,,,,,,,,,,,,,,,,,,,,,,,,,,,,,,,,,,,2020,,,,,,,,,,,,,,,,,,,,,,,,,,,,,,,,,,,,,
35.0,2.19,22.32,1.49,,,,,,,,,,,,,,,,,28.0,17.625,2.0,50.0,23.0,9.0,7.0,1.0,1.0,34.0,63.0,10.07142857,,,,,,,,11.0,5.0,12.0,,,16.0,,,,,,,,,,,,,,,,,9.246027266,1.557928909,0.080130802,0.076525514,0.050009423,27.0,13.0,6.0,5.0,2.0,13.92735223,2.0,1.0,0.054433685,0.00168,21.19103012,9.999624007,0.080130802,0.000741,,0.168496344,0.168496344,,0.094357953,0.094357953,0.094357953,15.0625,Cameron Brate,TB,FA,37,17453,,FA,,{},"['WR/TE', 'TE', 'RB/WR/TE', 'OP', 'BE', 'IR']",,,,,,,,,,,,,,,,,,,,2.0,,,,,,,,,,,,,,,,,,,,,,,,,,,,,,,,,,,,,,,,,,,,,,,,,,,,,,,,,,,,,,,,,,,,,,,,,,,,,,,,,,,,,,,,,,,,,,,,,,,,,,,,,,,,,,,,,,,,,,,,,,,,,,,,,,,,,,,,,,,,,,,,,,,,,,,,,,,,,,,,,,,,,,,,,,,,,,,,,,,,,,,,,,,,,,,,,,,,,,,,,,,,,,,,,,,,,,,,,,,,,,2020,,,,,,,,,,,,,,,,,,,,,,,,,,,,,,,,,,,,,
28.0,7.0,116.53,7.28,,,,,,,,,,,,,,,,,,,,,,,,,,,,,,,,,,,,1.0,3.0,23.0,,,4.0,,,,,,,,,,,,,,,,,,,,,,,,,,,,,,,,,,,,,,,,,,,16.0,Josh Lambo,JAX,FA,36,2998120,,FA,,{},"['K', 'BE', 'IR']",,,,,,,,,,,,,,,,,,,,,,,,,,,,,,,,,,,,,,,,,,,,,,,,,,,,,,,,,,,,,,,,,,,,,,,,,,,,,,,2.0,2.0,1.0,1.0,,2.0,2.0,,5.0,5.0,,8.0,10.0,2.0,2.0,2.0,3.197782421,4.564325683,1.366543262,7.736645414,9.456805501,1.720160087,15.6529522,15.81106282,0.158110628,26.58738003,29.83219401,3.244813977,25.88103593,26.14246054,0.261424605,3.197782421,4.564325683,1.366543262,,,,,,,,,,,,,,,,,,,,,,,,,,,,,,,,,,,,,,,,,,,,,,,,,,,,,,,,,,,,,,,,,,,,,,,,,,,,,,,,,,,,,,,,,,,,,,,,,,,,,,,,,,,,,,,,,,,,,,,,,,,,,,,,,,2020,,,,,,,,,,,,,,,,,,,,,,,,,,,,,,,,,,,,,
-2.0,-1.0,61.46,4.1,,,,,,,,,,,,,,,,,1.0,2.0,,,,,,,,1.0,,4.0,,1.0,,1.0,1.0,,,,2.0,,,,2.0,3.240110114,1.378135896,0.05636583,0.004259415,4.0,2.0,1.0,,,,,0.005953213,0.004167249,0.00103,3.52e-05,6.406625457,29.824319,2.132920797,0.15749279,0.080052431,0.052314264,89.0,44.0,22.0,17.0,8.0,42.89421289,8.0,4.0,0.32165447,0.009948076,67.54101768,10.47294669,0.161752205,0.002106829,0.033628865,0.445195888,0.478824753,0.015469278,0.249309697,0.264778975,0.264778975,15.0625,Dede Westbrook,JAX,FA,246,3892889,,FA,,{},"['RB/WR', 'WR', 'WR/TE', 'RB/WR/TE', 'OP', 'BE', 'IR']",,,,,,,,89.0,8.0,3.0,,0.419700436,,254.7139091,,,25.0,10.0,,,,,,,,,,,,,,,,,,,,,,,,,,,,,,,,,,,,,,,,,,,,,,,,,,,,,,,,,,,,,,,,,,,,,,,,,,,,,,,,,,,,,,,,,,,,,,,,,,,,,,,,,,,,,,,,,,44.0,3.0,1.0,,,,,,,,,,,,,,,,,,,,,,,,,,,,,,,,,,,,,,,,,,,,,,,,,,,,,,,,,,,,,,,,,,,,,,,,,,,,,,,,,,,,,,,,,,,,,,,,,,,,,,,,,,,,2020,,,,,,,,,,,,,,,,,,,,,,,,,,,,,,,,,,,,,
29.0,2.23,28.15,1.88,,,,,,,,,,,,,,,,,19.0,16.38461538,2.0,40.0,17.0,7.0,4.0,1.0,,29.0,85.0,11.21052632,,,,,,,,8.0,5.0,12.0,,,13.0,,,,,,,,,,,,,,,,,11.91318825,1.84923614,0.096388764,0.107287351,0.070112284,35.0,17.0,8.0,7.0,3.0,15.27476155,3.0,1.0,0.067106367,0.00208,25.26885157,11.74763989,0.096388764,0.000573,,0.130211794,0.130211794,,0.072918605,0.072918605,0.072918605,15.0625,David Njoku,CLE,FA,41,3123076,,FA,,{},"['WR/TE', 'TE', 'RB/WR/TE', 'OP', 'BE', 'IR']",,,,,,,,,,,,,,,,,,,,1.0,,,,,,,,,,,,,,,,,,,,,,,,,,,,,,,,,,,,,,,,,,,,,,,,,,,,,,1.0,,,,,,,,,,,,,,,,,,,,,,,,,,,,,,,,,,,,,,,,,,,,,,,,,,,,,,,,,,,,,,,,,,,,,,,,,,,,,,,,,,,,,,,,,,,,,,,,,,,,,,,,,,,,,,,,,,,,,,,,,,,,,,,,,,,,,,,,,,,,,,,,,,,,,,,,,,,,,,,,,,,,,,,,2020,,,,,,,,,,,,,,,,,,,,,,,,,,,,,,,,,,,,,
27.0,1.69,31.0,2.07,4.0,4.375,,13.0,6.0,3.0,1.0,,,,,,,,,17.5,20.0,12.5625,,36.0,15.0,5.0,3.0,,,26.0,124.0,10.05,,,,,,1.0,1.0,11.0,5.0,6.0,,,16.0,2.486030424,0.993517269,0.080180099,0.002551441,2.0,1.0,,,,,,0.004565712,0.003195998,0.000505281,1.72e-05,6.019577928,14.25567591,1.412239437,0.078475979,0.144776939,0.09461173,42.0,21.0,10.0,8.0,4.0,18.88189752,3.0,1.0,0.080691586,0.0025,28.14927561,11.37206248,0.08102742,0.000984,0.026028552,0.197692053,0.223720605,0.011973134,0.11070755,0.122680684,0.122680684,15.0625,Devin Duvernay,BAL,FA,117,4039050,,FA,,{},"['Rookie', 'RB/WR', 'WR', 'WR/TE', 'RB/WR/TE', 'OP', 'BE', 'IR']",,,,,,,,578.0,52.0,16.0,0.021101294,,72.55598824,,7.0,2.0,,,,,,,,,,,,,,,,,,,,,,,,,,,,,,,,,,,,,,,,,,,,,,,,,,,,,,,,,,,,,,,,,,,,,,,,,,,,,,,,,,,,,,,,,,,,,,,,,,,,,,,,,,,,1.0,,,1.0,,,,,46.0,4.0,1.0,,,,,,,,,,,,,,,,,,,,,,,,,,,,,,,,,,,,,,,,,,,,,,,,,,,,,,,,,,,,,,,,,,,,,,,,,,,,,,,,,,,,,,,,,,,,,,,,,,,,,,,,,,,,2020,,,,,,,,,,,,,,,,,,,,,,,,,,,,,,,,,,,,,
0.0,0.0,55.34,3.95,,,,,,,,,,,,,,,,,,,,,,,,,,,,,,,,,,,,,,,,,,76.98198349,22.94766254,2.177901333,0.081979885,64.0,32.0,16.0,12.0,6.0,15.0,7.0,0.14813123,0.103691861,0.317291991,0.0108,4.210540164,6.530556569,0.306467374,0.016315127,0.057112214,0.037322832,18.0,9.0,4.0,3.0,1.0,11.52327785,2.0,1.0,0.038265658,0.001183474,15.03634595,8.005023638,0.098295012,0.00367,0.725396412,0.108583126,0.833979538,0.333682349,0.06080655,0.3944889,0.3944889,14.125,Bryce Love,WSH,FA,0,3931398,,FA,,{},"['RB', 'RB/WR', 'RB/WR/TE', 'OP', 'BE', 'IR']",,,,,,,,,,,,,,,,,,,,,,,,,,,,,,,,,,,,,,,,,,,,,,,,,,,,,,,,,,,,,,,,,,,,,,,,,,,,,,,,,,,,,,,,,,,,,,,,,,,,,,,,,,,,,,,,,,,,,,,,,,,,,,,,,,,,,,,,,,,,,,,,,,,,,,,,,,,,,,,,,,,,,,,,,,,,,,,,,,,,,,,,,,,,,,,,,,,,,,,,,,,,,,,,,,,,,,,,,,,,,,,,,,,,,,,,,,,,,,,,,,2020,,,,,,,,,,,,,,,,,,,,,,,,,,,,,,,,,,,,,
4.0,0.29,40.78,2.91,9.0,2.0,,4.0,1.0,,,,,,,,,,,3.11111111,9.0,3.28571429,,7.0,3.0,,,,,14.0,61.0,5.11111111,,,,,,2.0,2.0,10.0,4.0,,,,14.0,36.32869727,10.56192098,0.91941762,0.0393,29.0,14.0,7.0,5.0,2.0,7.0,3.0,0.068027726,0.047619408,0.0602,0.00205,4.106591897,11.74815588,0.921319056,0.044478998,0.045654046,0.029834919,33.0,16.0,8.0,6.0,3.0,22.76059024,4.0,2.0,0.062607828,0.00194,28.72519922,7.290790799,0.083814704,0.00195,0.273119111,0.171114095,0.444233206,0.125634791,0.095823893,0.221458684,0.221458684,14.125,Jaylen Samuels,PIT,FA,125,3116721,,FA,,{},"['RB', 'RB/WR', 'RB/WR/TE', 'OP', 'BE', 'IR']",,,,,,,,,,,,,,,,,,,,,,,,,,,,,,,,,,,,,,,,,,,,,,,,,,,,,,,,,,,,,,,,,,,,,,,,,,,,,,,,,,,,,,,,,,,,,,,,,,,,,,,,,,,,,,,,,,,,,,,,,,,,,,,,,,,,,,,,,,,,,,,,,,,,,,,,,,,,,,,,,,,,,,,,,,,,,,,,,,,,,,,,,,,,,,,,,,,,,,,,,,,,,,,,,,,,,,,,,,,,,,,,,,,,,,,,,,,,,,,,,,2020,,,,,,,,,,,,,,,,,,,,,,,,,,,,,,,,,,,,,
45.0,9.0,0.0,0.0,13.0,5.4,,3.0,1.0,,,,,,,,,,,2.07692308,,,,,,,,,,1.0,,,,1.0,,1.0,5.0,,,1.0,4.0,,,,5.0,,,,,,,,,,,,,,,,,,,,,,,,,,,,,,,,,,,,,,,,,,,,Brandon Allen,CIN,FA,41,2574511,,FA,,{},"['QB', 'OP', 'BE', 'IR']",,,,,,,,,,,,,,,,,,,,,,142.0,90.0,52.0,185.0,5.0,183.0,90.0,43.0,34.0,16.0,7.0,16.0,6.0,8.0,2.0,1.0,1.0,1.0,,4.0,0.63380282,7.0,1.0,3.0,,1.0,,,,,,,,,,,,,,,,,,,,,,,,,,,,,,,,,,,,,,,,,,,,,,,,,,,,,,,,,,,,,,,,,,,,,,,,,,,,,,,,,,,,,,,,,,,,,,,,,,,,,,,,,,,,,,,,,,,,,,,,,,,,,,,,,,,,,,,,,,,,,,,,,,,,,,,1.0,,,,,,,,,,,,,,,,,,,,,,,,,,,,,,,,,,,,,,,,,,,,2020,,,,,,,,,,,,,,,,,,,,,,,,,,,,,,,,,,,,,
23.0,2.3,0.0,0.0,1.0,0.3,,,,,,,,,,,,,,3.0,17.0,18.7,1.0,34.0,15.0,5.0,4.0,,,24.0,35.0,11.0,,,,,,1.0,1.0,3.0,7.0,8.0,,,10.0,,,,,,,,,,,,,,,,,,,,,,,,,,,,,,,,,,,,,,,,,,,,Mohamed Sanu Sr.,DET,FA,123,14922,,FA,,{},"['RB/WR', 'WR', 'WR/TE', 'RB/WR/TE', 'OP', 'BE', 'IR']",,,,,,,,15.0,1.0,,,,,,,,,,,,,,,,,,,,,,,,,,,,,,,,,,,,,,,,,,,,,,,,,,,,,,,,,,,,,,,1.0,1.0,1.0,,,,,,,,,,,,,,,,,,,,,,,,,,,,,,,,,,,,,,,,,,,,,,,,,,,,,,,,,,,,,,,,,,,,,,,,,,,,,,,,,,,,,,,,,,,,,,,,,,,,,,,,,,,,,,,,,,,,,,,,,,,,,,,,,,,,,,,,,,,,,,,,,,,,,,,,,,,,,,,,,,,,,,,,2020,,,,,,,,,,,,,,,,,,,,,,,,,,,,,,,,,,,,,
50.0,3.12,0.0,0.0,1.0,0.3125,,1.0,,,,,,,,,,,,5.0,32.0,29.8125,1.0,91.0,44.0,20.0,13.0,5.0,3.0,48.0,249.0,14.90625,,,,,,6.0,6.0,7.0,9.0,6.0,,,16.0,,,,,,,,,,,,,,,,,,,,,,,,,,,,,,,,,,,,,,,,,,,,Cam Sims,WSH,FA,89,3115314,,FA,,{},"['RB/WR', 'WR', 'WR/TE', 'RB/WR/TE', 'OP', 'BE', 'IR']",,,,1.0,1.0,,,,,,,,,,,,,,,,1.0,,,,,,,,,,,,,,,,,,,,,,,,,,,,,,,,,,,,,,,,,,,,,,,,,,,,,,,,,,,,,,,,,,,,,,,,,,,,,,,,,,,,,,,,,,,,,,,,,,,,,,,,,,,,,,,,,,,,,,,,,,,,,,,,,,,,,,,,,,,,,,,,,,,,,,,,,,,,,,,,,,,,,,,,,,,,,,,,,,,,,,,,,,,,,,,,,,,,,,,,,,,,,,,,,,,,,,,,,,,,,2020,,,,,,,,,,,,,,,,,,,,,,,,,,,,,,,,,,,,,
50.0,3.33,69.7,4.65,,,,,,,,,,,,,,,,,40.0,31.4,2.0,87.0,40.0,17.0,13.0,3.0,2.0,63.0,181.0,11.775,,1.0,,1.0,1.0,1.0,1.0,1.0,14.0,12.0,,,15.0,,,,,,,,,,,,,,,,,36.88898001,2.481949494,0.183264728,0.196988958,0.128732284,111.0,55.0,27.0,22.0,11.0,38.32958545,7.0,3.0,0.566558355,0.0175,67.54101768,14.49638066,0.183264728,0.00223,,0.507083115,0.507083115,,0.283966545,0.283966545,0.283966545,15.0625,Chris Conley,JAX,FA,97,2578533,,FA,,{},"['RB/WR', 'WR', 'WR/TE', 'RB/WR/TE', 'OP', 'BE', 'IR']",,,,,,1.0,1.0,,,,,,,,,,,,,,1.0,,,,,,,,,,,,,,,,,,,,,,,,,,,,,,,,,,,,,,,,,,,,,,,,,,,,,1.0,,,,,,,,,,,,,,,,,,,,,,,,,,,,,,,,,,,,,,,,,,,,,,,,,,,,,,,,,,,,,,,,,,,,,,,,,,,,,,,,,,,,,,,,,,,,,,,,,,,,,,,,,,,,,,,,,,,,,,,,,,,,,,,,,,,,,,,,,,,,,,,,,,,,,,,,,,,,,,,,,,,,,,,,2020,,,,,,,,,,,,,,,,,,,,,,,,,,,,,,,,,,,,,
19.0,4.75,0.0,0.0,,,,,,,,,,,,,,,,,,,,,,,,,,,,,,,,,,,,,4.0,17.0,,,4.0,,,,,,,,,,,,,,,,,,,,,,,,,,,,,,,,,,,,,,,,,,,,Chase McLaughlin,NYJ,FA,38,3150744,,FA,,{},"['K', 'BE', 'IR']",,,,,,,,,,,,,,,,,,,,,,,,,,,,,,,,,,,,,,,,,,,,,,,,,,,,,,,,,,,,,,,,,,,,,,,,,,,,,,,1.0,2.0,1.0,1.0,,2.0,2.0,,4.0,5.0,1.0,5.0,6.0,1.0,1.0,1.0,,,,,,,,,,,,,,,,,,,,,,,,,,,,,,,,,,,,,,,,,,,,,,,,,,,,,,,,,,,,,,,,,,,,,,,,,,,,,,,,,,,,,,,,,,,,,,,,,,,,,,,,,1.0,,1.0,1.0,,,,,,,,,,,,,,,,,,,,,,,,,,,,,,,,,,,,,,,,2020,,,,,,,,,,,,,,,,,,,,,,,,,,,,,,,,,,,,,
4.0,4.0,,,,,,,,,,,,,,,,,,,,,,,,,,,,,,,,,,,,,,,1.0,4.0,,,1.0,,,,,,,,,,,,,,,,,,,,,,,,,,,,,,,,,,,,,,,,,,,,Elliott Fry,ATL,FA,41,3048898,,FA,,{},"['K', 'BE', 'IR']",,,,,,,,,,,,,,,,,,,,,,,,,,,,,,,,,,,,,,,,,,,,,,,,,,,,,,,,,,,,,,,,,,,,,,,,,,,,,,,,,,,,1.0,1.0,,1.0,1.0,,1.0,2.0,1.0,,,,,,,,,,,,,,,,,,,,,,,,,,,,,,,,,,,,,,,,,,,,,,,,,,,,,,,,,,,,,,,,,,,,,,,,,,,,,,,,,,,,,,,,,,,,,,,,,,,,,,,,,,,,,,,,,,,,,,,,,,,,,,,,,,,,,,,,,,,,,,,,,,,,,,2020,,,,,,,,,,,,,,,,,,,,,,,,,,,,,,,,,,,,,
14.0,0.88,56.27,3.75,,,,,,,,,,,,,,,,,20.0,9.0625,1.0,24.0,8.0,3.0,2.0,,,31.0,79.0,7.25,,1.0,,,,1.0,1.0,5.0,11.0,6.0,,,16.0,,,,,,,,,,,,,,,,,28.14096492,2.401827102,0.129535323,0.083309314,0.054442637,84.0,42.0,21.0,16.0,8.0,43.34303211,8.0,4.0,0.278175788,0.008603375,63.16467815,9.779502344,0.129535323,0.00163,,0.369483605,0.369483605,,0.206910819,0.206910819,0.206910819,15.0625,Ian Thomas,CAR,FA,65,4045305,,FA,,{},"['WR/TE', 'TE', 'RB/WR/TE', 'OP', 'BE', 'IR']",,,,,,1.0,,,,,,,,,,,,,,1.0,,,,,,,,,,,,,,,,,,,,,,,,,,,,,,,,,,,,,,,,,,,,,,,,,,,,,,,,,,,,,,,,,,,,,,,,,,,,,,,,,,,,,,,,,,,,,,,,,,,,,,,,,,,,,,,,,,,,,,,,,,,,,,,,,,,,,,,,,,,,,,,,,,,,,,,,,,,,,,,,,,,,,,,,,,,,,,,,,,,,,,,,,,,,,,,,,,,,,,,,,,,,,,,,,,,,,,,,,,,,,,2020,,,,,,,,,,,,,,,,,,,,,,,,,,,,,,,,,,,,,
0.0,0.0,0.0,0.0,1.0,-1.75,,,,,,,,,,,,,,-28.0,,,,,,,,,,,,,,,,,,3.0,4.0,7.0,9.0,,,,16.0,,,,,,,,,,,,,,,,,,,,,,,,,,,,,,,,,,,,,,,,,,,16.0,Ty Long,LAC,FA,1,2582324,,FA,,{},"['P', 'BE', 'IR']",,,,,,,,,,,,,,,,,,,,,,,,,,,,,,,,,,,,,,,,,,,,,,,,,,,,,,,,,,,,,,,,,,,,,,,,,,,1.0,,,,,,,,,,,,,,,,,,,,,,,,,,,,,,,,,,,,,,,,,,,,,,,,,,,,,,,,,,,,,,,,,,,,,,,,,,,,,,,,,,,,,,,,,,,,,,,,,,,,,,,,,,,,,,,,,,,,,,,,,,,,,,,,,,,,,,57.0,2669.0,12.0,37.0,46.8245614,2.0,,,,3.0,564.0,3.0,8.0,10.0,3.0,1.0,77.24914995,3542.954371,7.779961036,28.25909613,0.260816257,54.26736724,290.7801518,4.347232048,18.3737344,10.0,2.0,2.0,1.0,1.0,,,,2020,,,,,,,,,,,,,,,,,,,,,,,,,,,,,,,,,,,,,
14.0,0.88,16.22,1.16,33.0,10.375,,31.0,14.0,6.0,4.0,1.0,,3.0,1.0,,,,,5.03030303,3.0,0.875,,2.0,,,,,,4.0,12.0,4.66666667,1.0,1.0,,,,,1.0,11.0,5.0,,,,16.0,19.96533481,5.911456851,0.679208266,0.024,16.0,8.0,4.0,3.0,1.0,3.0,1.0,0.037,0.0259,0.0191,0.000651,4.182215265,2.316153642,0.186268499,0.009708977,0.072039523,0.047077829,6.0,3.0,1.0,1.0,,3.844995714,,,0.017570133,0.000543406,5.053770314,8.508636321,0.033702691,0.000906,0.173,0.033244477,0.205868107,0.0794,0.018616907,0.098023777,0.098023777,14.125,D'Ernest Johnson,CLE,FA,92,3139602,,FA,,{},"['RB', 'RB/WR', 'RB/WR/TE', 'OP', 'BE', 'IR']",,,,,,,,351.0,32.0,11.0,,0.0249648,,23.98404,,,2.0,,,,,,,,,,,,,,,,,,,,,,,,,,,,,,,,,,,,,,,,,,,,,,,,,,,,,,,,,,1.0,,,,,,,,,,,,,,,,,,,,,,,,,,,,,,,,,,,,,,,,,,,,,,,,,,,,,,,,,13.0,1.0,,,,,,,,,,,,,,,,,,,,,,,,,,,,,,,,,,,,,,,,,,,,,,,,,,,,,,,,,,,,,,,,,,,,,,,,,,,,,,,,,,,,,,,,,,,,,,,,,,,,,,,,,,,,,2020,,,,,,,,,,,,,,,,,,,,,,,,,,,,,,,,,,,,,
49.0,8.17,0.0,0.0,6.0,4.66666667,,5.0,2.0,,,,,,,,,,,4.66666667,,,,,,,,,,,,,,3.0,,3.0,3.0,,,1.0,5.0,,,,6.0,,,,,,,,,,,,,,,,,,,,,,,,,,,,,,,,,,,,,,,,,,,,C.J. Beathard,SF,FA,44,2979520,,FA,,{},"['QB', 'OP', 'BE', 'IR']",,,,,,,,,,,,,,,,,,,,,,104.0,66.0,38.0,131.16666667,6.0,155.0,77.0,37.0,29.0,13.0,5.0,11.0,4.0,5.0,1.0,1.0,,,,,0.63461538,9.0,3.0,3.0,1.0,1.0,,,,,,,,,,,,,,,,,,,,,,,,,,,,,,,,,,,,,,,,,,,,,,,,,,,,,,,,,,,,,,,,,,,,,,,,,,,,,,,,,,,,,,,,,,,,,,,,,,,,,,,,,,,,,,,,,,,,,,,,,,,,,,,,,,,,,,,,,,,,,,,,,,,,,,,3.0,,,,,,,,,,,,,,,,,,,,,,,,,,,,,,,,,,,,,,,,,,,,2020,,,,,,,,,,,,,,,,,,,,,,,,,,,,,,,,,,,,,
54.0,3.38,9.98,0.67,3.0,1.8125,,5.0,2.0,,,,,,,,,,,9.66666667,37.0,24.625,3.0,73.0,34.0,14.0,10.0,3.0,2.0,55.0,224.0,10.64864865,,,,,,,,2.0,14.0,18.0,,1.0,16.0,1.801998784,0.718471744,0.041497848,0.002129813,2.0,1.0,,,,,,0.003308145,0.002315702,0.000241821,8.25e-06,6.005542704,3.973591064,0.29271431,0.013278665,0.162992747,0.10651576,11.0,5.0,2.0,2.0,1.0,4.748771529,,,0.030045139,0.000929231,7.729471912,12.60372604,0.015408479,0.00031167,0.019485196,0.05134895,0.070834147,0.00896319,0.028755412,0.037718602,0.037718602,15.0625,Braxton Berrios,NYJ,FA,81,3123075,,FA,,{},"['RB/WR', 'WR', 'WR/TE', 'RB/WR/TE', 'OP', 'BE', 'IR']",,1.0,,,,,,167.0,15.0,5.0,0.139503,0.196152,479.6757,339.6571429,47.0,19.0,33.0,13.0,,,,,,,,,,,,,,,,,,,,,,,,,,,,,,,,,,,,,,,,,,,,,,,,,,,,,,,,1.0,,,,,,,,,,,,,,,,,,,,,,,,,,,,,,,,,,,,,,,,,,,,,,,,,,,,,,,,,,86.0,6.0,,,,,,,,,,,,,,,,,,,,,,,,,,,,,,,,,,,,,,,,,,,,,,,,,,,,,,,,,,,,,,,,,,,,,,,,,,,,,,,,,,,,,,,,,,,,,,,,,,,,,,,,,,,,,2020,,,,,,,,,,,,,,,,,,,,,,,,,,,,,,,,,,,,,
18.0,1.12,67.05,4.19,,,,,,,,,,,,,,,,,,,,,,,,,,,,,,,,,,719.0,1074.0,1.0,15.0,,,,16.0,,,,,,,,,,,,,,,,,,,,,,,,,,,,,,,,,,,,,,,,,,,16.0,Jaguars D/ST,JAX,FA,30,-16030,,FA,,{},"['D/ST', 'BE', 'IR']",,,,,,,,614.0,56.0,18.0,0.19929,0.444665236,685.251,278.6979491,68.0,27.0,27.0,11.0,,,,,,,,,,,,,,,,,,,,,,,,,,,,,,,,,,,,,,,,,,,,,,,,,,,,,,,,,355.0,,,12.0,,,,,,,,,,,,,,,,,,,,,,,,,,,,,,,,,,,5.0,0.0,0.0,0.0,0.0,1.0,12.0,1.0,,18.0,36.0,,1.0,1.0,3.0,353.0,208.0,46.0,60.0,205.0,17.0,5.0,488.0,1.0,5.0,7.0,3.0,6683.0,0.0,0.0,1.0,0.0,5.0,5.0,4.0,1.0,0.0,0.0,0.0,0.0,0.0,1.0,5.0,7.0,3.0,0.036748552,0.159776313,1.070501298,1.661673657,0.041237008,2.086619299,12.02748512,8.545331809,0.931677742,0.478714149,37.82906754,75.65813509,1.119151765,0.967467534,2.771811543,13.14666432,911.0248809,303.0,182.0,71.98557058,417.925466,2.316756541,4.297982824,3.866586779,2.284801278,0.305172758,26.12034162,5832.525375,0.159760359,1.917124314,2.87568647,4.073889166,3.594608088,2.236645032,0.878681977,0.263604593,364.532836,-417.925466,,,,,,,,,,,,,1.0,,,,,,,,,,,,,,,,,,,,,,,,,,,,,,,,,,2020,,,,,,,,,,,,,,,,,,,,,,,,,,,,,,,,,,,,,
42.0,3.5,4.39,0.31,,,,,,,,,,,,,,,,,14.0,25.33333333,2.0,59.0,28.0,11.0,9.0,4.0,,20.0,81.0,21.71428571,,,,,,,,9.0,3.0,14.0,,,12.0,,,,,,,,,,,,,,,,,2.517291939,0.232369986,0.01211562,0.126862475,0.082904628,7.0,3.0,1.0,1.0,,2.781812619,,,0.01863921,0.00057647,4.719504677,12.72530639,0.01211562,0.000128152,,0.02912537,0.02912537,,0.016310207,0.016310207,0.016310207,14.0625,Donovan Peoples-Jones,CLE,FA,98,4258195,,FA,,{},"['Rookie', 'RB/WR', 'WR', 'WR/TE', 'RB/WR/TE', 'OP', 'BE', 'IR']",,1.0,1.0,,,,,379.0,35.0,11.0,,,,,,,,,,,1.0,,,,,,,,,,,,,,,,,,,,,,,,,,,,,,,,,,,,,,,,,,,,,,,,,,,1.0,1.0,,,,,,,,,,,,,,,,,,,,,,,,,,,,,,,,,,,,,,,,,,,,,,,,,,,,,,,,,,,77.0,4.0,,,,,,,,,,,,,,,,,,,,,,,,,,,,,,,,,,,,,,,,,,,,,,,,,,,,,,,,,,,,,,,,,,,,,,,,,,,,,,,,,,,,,,,,,,,,,,,,,,,,,,,,,,,,,2020,,,,,,,,,,,,,,,,,,,,,,,,,,,,,,,,,,,,,
45.0,2.81,55.72,3.71,,,,,,,,,,,,,,,,,19.0,16.625,4.0,48.0,21.0,7.0,5.0,,,33.0,87.0,14.0,,,,,,3.0,3.0,11.0,5.0,24.0,,1.0,16.0,,,,,,,,,,,,,,,,,25.45324559,2.951315202,0.164012246,0.187440187,0.122492162,76.0,38.0,19.0,15.0,7.0,26.79517551,5.0,2.0,0.218592392,0.00676,47.20875471,14.30815452,0.164012246,0.00127,,0.289738962,0.289738962,,0.162253818,0.162253818,0.162253818,15.0625,Miles Boykin,BAL,FA,103,3932423,,FA,,{},"['RB/WR', 'WR', 'WR/TE', 'RB/WR/TE', 'OP', 'BE', 'IR']",,1.0,,,,,,,,,,,,,,,,,,2.0,,,,,,,,,,,,,,,,,,,,,,,,,,,,,,,,,,,,,,,,,,,,,,,,,,,,,,,,,,,,,,,,,,,,,,,,,,,,,,,,,,,,,,,,,,,,,,,,,,,,,,,,,,,,,,,,,,,,,,,,,,,,,,,,,,,,,,,,,,,,,,,,,,,,,,,,,,,,,,,,,,,,,,,,,,,,,,,,,,,,,,,,,,,,,,,,,,,,,,,,,,,,,,,,,,,,,,,,,,,,,,2020,,,,,,,,,,,,,,,,,,,,,,,,,,,,,,,,,,,,,
30.0,2.31,47.71,3.18,1.0,-0.46153846,,,,,,,,,,,,,,-6.0,21.0,17.23076923,2.0,41.0,18.0,7.0,5.0,1.0,,35.0,85.0,10.66666667,,1.0,,,,1.0,1.0,6.0,7.0,12.0,,,13.0,3.80657173,1.303091067,0.116839699,0.00425,3.0,1.0,,,,,,0.007,0.0049,0.000915,3.12e-05,5.156295634,20.97049609,2.139236547,0.10988466,0.198150013,0.129491034,63.0,31.0,15.0,12.0,6.0,24.37605935,4.0,2.0,0.144878768,0.00448,38.38516375,12.958128,0.114136068,0.00134,0.041160848,0.263580812,0.30474166,0.0189,0.147605255,0.166539245,0.166539245,15.0625,Andy Isabella,ARI,FA,114,3914328,,FA,,{},"['RB/WR', 'WR', 'WR/TE', 'RB/WR/TE', 'OP', 'BE', 'IR']",,,,,,,,30.0,3.0,1.0,0.179361,0.1997184,616.7259,191.87232,61.0,24.0,19.0,7.0,,1.0,,,,,,,,,,,,,,,,,,,,,,,,,,,,,,,,,,,,,,,,,,,,,,,,,,,,,,1.0,,,,,,,,,,,,,,,,,,,,,,,,,,,,,,,,,,,,,,,,,,,,,,,,,,,,,,,,,,1.0,,,,,,,,,,,,,,,,,,,,,,,,,,,,,,,,,,,,,,,,,,,,,,,,,,,,,,,,,,,,,,,,,,,,,,,,,,,,,,,,,,,,,,,,,,,,,,,,,,,,,,,,,,,,,,2020,,,,,,,,,,,,,,,,,,,,,,,,,,,,,,,,,,,,,
1.0,0.33,44.92,3.21,,,,,,,,,,,,,,,,,2.0,5.66666667,,3.0,1.0,,,,,7.0,3.0,8.5,,,,,,,,,3.0,,,,3.0,3.922972719,1.566976775,0.093491146,0.003699916,4.0,2.0,1.0,,,,,0.007210735,0.005047514,0.001185875,4.05e-05,5.64203438,22.52418115,1.930389028,0.09883888,0.126216789,0.082482671,63.0,31.0,15.0,12.0,6.0,21.9320869,4.0,2.0,0.146484228,0.00453,43.11084228,14.50632857,0.102538796,0.00178,0.061465236,0.343632493,0.405097729,0.028274009,0.192434196,0.220708205,0.220708205,14.125,John Ross III,CIN,FA,191,3052177,,FA,,{},"['RB/WR', 'WR', 'WR/TE', 'RB/WR/TE', 'OP', 'BE', 'IR']",,,,,,,,,,,,,,,,,,,,,,,,,,,,,,,,,,,,,,,,,,,,,,,,,,,,,,,,,,,,,,,,,,,,,,,,,,,,,,,,,,,,,,,,,,,,,,,,,,,,,,,,,,,,,,,,,,,,,,,,,,,,,,,,,,,,,,,,,,,,,,,,,,,,,,,,,,,,,,,,,,,,,,,,,,,,,,,,,,,,,,,,,,,,,,,,,,,,,,,,,,,,,,,,,,,,,,,,,,,,,,,,,,,,,,,,,,,,,,,,,,2020,,,,,,,,,,,,,,,,,,,,,,,,,,,,,,,,,,,,,
0.0,0.0,0.0,0.0,,,,,,,,,,,,,,,,,,,,,,,,,,,,,,,,,,,,,,,,,,,,,,,,,,,,,,,,,,,,,,,,,,,,,,,,,,,,,,,,,,,,,Marshawn Lynch,None,FA,0,10456,,FA,,{},"['RB', 'RB/WR', 'RB/WR/TE', 'OP', 'BE', 'IR']",,,,,,,,,,,,,,,,,,,,,,,,,,,,,,,,,,,,,,,,,,,,,,,,,,,,,,,,,,,,,,,,,,,,,,,,,,,,,,,,,,,,,,,,,,,,,,,,,,,,,,,,,,,,,,,,,,,,,,,,,,,,,,,,,,,,,,,,,,,,,,,,,,,,,,,,,,,,,,,,,,,,,,,,,,,,,,,,,,,,,,,,,,,,,,,,,,,,,,,,,,,,,,,,,,,,,,,,,,,,,,,,,,,,,,,,,,,,,,,,,,2020,,,,,,,,,,,,,,,,,,,,,,,,,,,,,,,,,,,,,
52.0,3.25,20.34,1.45,17.0,4.0,2.0,9.0,2.0,,,,,,,,,,,3.76470588,19.0,12.625,4.0,35.0,14.0,5.0,2.0,,,30.0,109.0,10.63157895,,1.0,,,,,,6.0,10.0,36.0,2.0,,16.0,4.657960236,1.367374535,0.153483536,0.00546,3.0,1.0,,,,,,0.00857,0.006,0.000883,3.01e-05,4.146485657,10.59656027,0.760776571,0.047234898,0.156586217,0.102329093,29.0,14.0,7.0,5.0,2.0,14.92528184,2.0,1.0,0.057514539,0.00178,19.25670716,10.02838107,0.052696635,0.00107,0.0578,0.185096236,0.24286204,0.0266,0.103653892,0.130226162,0.130226162,14.125,Kyle Juszczyk,SF,FA,55,16002,,FA,,{},"['RB', 'RB/WR', 'RB/WR/TE', 'OP', 'BE', 'IR']",,,,,,1.0,,,,,,,,,,,,,,4.0,,,,,,,,,,,,,,,,,,,,,,,,,,,,,,,,,,,,,,,,,,,,,,,,,,,,,,,,,,,,,,,,,,,,,,,,,,,,,,,,,,,,,,,,,,,,,,,,,,,,,,,,,,,,,,,,,,,,,,,,,,,,,,,,,,,,,,,,,,,,,,,,,,,,,,,,,,,,,,,,,,,,,,,,,,,,,,,,,,,,,,,,,,,,,,,,,,,,,,,,,,,,,,,,,,,,,,,,,,,,,,2020,,,,,,,,,,,,,,,,,,,,,,,,,,,,,,,,,,,,,
17.0,1.7,41.51,2.77,,,,,,,,,,,,,,,,,11.0,14.4,1.0,26.0,11.0,3.0,3.0,,,19.0,16.0,13.09090909,,,,,,,,3.0,7.0,6.0,,,10.0,,,,,,,,,,,,,,,,,19.28721611,2.111578797,0.066987708,0.275976179,0.180350433,58.0,29.0,14.0,11.0,5.0,20.41320846,4.0,2.0,0.127870262,0.00395,32.39757251,14.23165267,0.066987708,0.00117,,0.266877356,0.266877356,,0.14945132,0.14945132,0.14945132,15.0625,Kenny Stills,BUF,FA,129,16016,,FA,,{},"['RB/WR', 'WR', 'WR/TE', 'RB/WR/TE', 'OP', 'BE', 'IR']",,,,,,,,,,,,,,,,,,,,,1.0,,,,,,,,,,,,,,,,,,,,,,,,,,,,,,,,,,,,,,,,,,,,,,,,,,,,,,,,,,,,,,,,,,,,,,,,,,,,,,,,,,,,,,,,,,,,,,,,,,,,,,,,,,,,,,,,,,,,,,,,,,,,,,,,,,,,,,,,,,,,,,,,,,,,,,,,,,,,,,,,,,,,,,,,,,,,,,,,,,,,,,,,,,,,,,,,,,,,,,,,,,,,,,,,,,,,,,,,,,,,,2020,,,,,,,,,,,,,,,,,,,,,,,,,,,,,,,,,,,,,
5.0,0.31,5.32,0.38,13.0,4.5,,12.0,4.0,1.0,,,,,,,,,,5.53846154,10.0,4.25,,10.0,3.0,,,,,12.0,44.0,6.8,1.0,1.0,1.0,1.0,1.0,1.0,1.0,10.0,6.0,,,,16.0,3.46584333,1.007073199,0.07930934,0.003573834,2.0,1.0,,,,,,0.006368811,0.004458168,0.000452,1.54e-05,4.104313895,2.4938044,0.145755566,0.007064361,0.058941836,0.03851849,7.0,3.0,1.0,1.0,,4.447924049,,,0.018730244,0.000579,5.702902011,7.919421908,0.010638195,0.000241,0.02397301,0.030765997,0.054739007,0.011027584,0.017228958,0.028256543,0.028256543,14.125,Patrick Laird,MIA,FA,123,3127211,,FA,,{},"['RB', 'RB/WR', 'RB/WR/TE', 'OP', 'BE', 'IR']",,,,,,,,,,,,,,,,,,,,,,,,,,,,,,,,,,,,,,,,,,,,,,,,,,,,,,,,,,,,,,,,,,,,,,,,,,,,,,,,,,,,,,,,,,,,,,,,,,,,,,,,,,,,,,,,,,,,,,,,,,,,,,,,,,,,,,,,,,,,,,,,,,,,,,,,,,,,,,,,,,,,,,,,,,,,,,,,,,,,,,,,,,,,,,,,,,,,,,,,,,,,,,,,,,,,,,,,,,,,,,,,,,,,,,,,,,,,,,,,,,2020,,,,,,,,,,,,,,,,,,,,,,,,,,,,,,,,,,,,,
9.0,1.12,8.88,0.63,13.0,8.375,,12.0,5.0,2.0,1.0,,,1.0,,,,,,5.15384615,11.0,10.5,,13.0,4.0,2.0,1.0,,,15.0,89.0,7.63636364,,,,,,,,7.0,1.0,,,,8.0,5.517007879,1.617233903,0.161177819,0.005680422,4.0,2.0,1.0,,,1.0,,0.010151031,0.007105722,0.00132,4.49e-05,4.140546721,2.374345337,0.219816954,0.011456703,0.06461787,0.042227778,6.0,3.0,1.0,1.0,,4.058196768,,,0.017951725,0.000555,5.307899198,8.264169976,0.017137125,0.000364,0.047700975,0.035087849,0.082788824,0.021942448,0.019649196,0.041591644,0.041591644,14.125,Tyler Ervin,GB,FA,107,2573974,,FA,,{},"['RB', 'RB/WR', 'RB/WR/TE', 'OP', 'BE', 'IR']",,,,,,,,196.0,17.0,6.0,0.087381,0.1863444,616.3008409,234.6722078,61.0,24.0,23.0,9.0,,,,,,,,,,,,,,,,,,,,,,,,,,,,,,,,,,,,,,,,,,,,,,,,,,,,,,,,,,,,,,,,,,,,,,,,,,,,,,,,,,,,,,,,,,,,,,,,,,,,,,,,,,,,,,,,,,20.0,1.0,,,,,,,,,,,,,,,,,,,,,,,,,,,,,,,,,,,,,,,,,,,,,,,,,,,,,,,,,,,,,,,,,,,,,,,,,,,,,,,,,,,,,,,,,,,,,,,,,,,,,,,,,,,,,2020,,,,,,,,,,,,,,,,,,,,,,,,,,,,,,,,,,,,,
0.0,0.0,0.0,0.0,,,,,,,,,,,,,,,,,,,,,,,,,,,,,,,,,,,,,,,,,,,,,,,,,,,,,,,,,,,,,,,,,,,,,,,,,,,,,,,,,,,,,Colin Kaepernick,None,FA,0,14001,,FA,,{},"['QB', 'OP', 'BE', 'IR']",,,,,,,,,,,,,,,,,,,,,,,,,,,,,,,,,,,,,,,,,,,,,,,,,,,,,,,,,,,,,,,,,,,,,,,,,,,,,,,,,,,,,,,,,,,,,,,,,,,,,,,,,,,,,,,,,,,,,,,,,,,,,,,,,,,,,,,,,,,,,,,,,,,,,,,,,,,,,,,,,,,,,,,,,,,,,,,,,,,,,,,,,,,,,,,,,,,,,,,,,,,,,,,,,,,,,,,,,,,,,,,,,,,,,,,,,,,,,,,,,,2020,,,,,,,,,,,,,,,,,,,,,,,,,,,,,,,,,,,,,
52.0,10.4,7.85,0.0,6.0,4.4,,4.0,2.0,1.0,,,,,,,,,,3.66666667,,,,,,,,,,,,,1.0,1.0,,,3.0,,,,5.0,,,,5.0,0.398272019,1.334746319,0.01292721,0.00066262,,,,,,,,0.000730618,0.000511432,-3.57e-06,-1.22e-07,2.010806067,,,,,,,,,,,,,,,,,,0.041341743,0.001573113,0.006202367,,0.357525707,0.002853089,,0.171488292,0.5581586,0.6,Joe Flacco,NYJ,FA,40,11252,,FA,,{},"['QB', 'OP', 'BE', 'IR']",,,,,,,,,,,,,,,,,,,,,,134.0,74.0,60.0,172.8,6.0,172.0,84.0,41.0,32.0,15.0,6.0,13.0,5.0,11.0,4.0,2.0,1.0,,,3.0,0.55223881,7.0,,1.0,2.0,1.0,,20.92945694,13.62608212,7.303374814,240.6464793,0.950302184,28.0,14.0,7.0,5.0,2.0,1.0,2.0,1.0,0.067099316,0.043849403,0.207871309,0.028077963,0.040679123,0.386670308,0.65104805,1.630034804,0.351323339,0.168635203,,,,,,,,,,,,,,,,,,,,,,,,,,,,,,,,,,,,,,,,,,,,,,,,,,,,,,,,,,,,,,,,,,,,,,,,,,,,,,,,,,,,,,,,,,,,,,,,,,,,,,,,,,,,,,,,,,,,,,,,,,,,,,,,,,,,,,,,,,,,,,,,,,,,,,,,,,,,,,,,,,,,,,,,,,,2020,,,,,,,,,,,,,,,,,,,,,,,,,,,,,,,,,,,,,
2.0,0.33,66.5,4.43,1.0,3.66666667,,4.0,2.0,1.0,,,,,,,,,,22.0,1.0,0.5,,,,,,,,7.0,1.0,3.0,,,,,,,,,6.0,,,,6.0,7.035064496,2.808714318,0.20434868,0.007686223,8.0,4.0,2.0,1.0,,1.0,,0.0129543,0.00906801,0.004616313,0.000158,6.013627799,32.85599767,2.084593812,0.110882454,0.179832667,0.117520648,98.0,49.0,24.0,19.0,9.0,35.10265157,7.0,3.0,0.414016907,0.0128,61.57638613,14.09846387,0.118568677,0.00194,0.073656598,0.367522133,0.441178731,0.033882035,0.205812394,0.23969443,0.23969443,15.0625,Antonio Gandy-Golden,WSH,FA,182,4029893,,FA,,{},"['Rookie', 'RB/WR', 'WR', 'WR/TE', 'RB/WR/TE', 'OP', 'BE', 'IR']",,,,,,,,,,,,,,,,,,,,,,,,,,,,,,,,,,,,,,,,,,,,,,,,,,,,,,,,,,,,,,,,,,,,,,,,,,,,,,,,,,,,,,,,,,,,,,,,,,,,,,,,,,,,,,,,,,,,,,,,,,,,,,,,,,,,,,,,,,,,,,,,,,,,,,,,,,,,,,,,,,,,,,,,,,,,,,,,,,,,,,,,,,,,,,,,,,,,,,,,,,,,,,,,,,,,,,,,,,,,,,,,,,,,,,,,,,,,,,,,,,2020,,,,,,,,,,,,,,,,,,,,,,,,,,,,,,,,,,,,,
19.0,2.11,0.73,0.05,25.0,9.77777778,,15.0,6.0,1.0,,,,1.0,,,,,,3.52,9.0,10.0,1.0,15.0,7.0,3.0,2.0,1.0,,10.0,92.0,10.0,,,,,,3.0,3.0,6.0,3.0,6.0,,,9.0,1.66164718,0.494070955,0.043768079,0.001236568,1.0,,,,,,,0.003055116,0.002138581,0.000304767,1.04e-05,4.199900147,,,,,,,,,,,,,,,,,,0.001236568,6.32e-05,0.01436688,,0.01436688,0.006608765,,0.006608765,0.006608765,14.125,Travis Homer,SEA,FA,85,4037457,,FA,,{},"['RB', 'RB/WR', 'RB/WR/TE', 'OP', 'BE', 'IR']",,,,,,,,291.0,26.0,8.0,0.079716,,274.1004,,27.0,10.0,,,,1.0,,,,,,,,,,,,,,,,,,,,,,,,,,,,,,,,,,,,,,,,,,,,,,,,,,,,,,,,,,,,,,,,,,,,,,,,,,,,,,,,,,,,,,,,,,,,,,,,,,,,,,,,,,,,,,,,,,,,,,,,,,,,,,,,,,,,,,,,,,,,,,,,,,,,,,,,,,,,,,,,,,,,,,,,,,,,,,,,,,,,,,,,,,,,,,,,,,,,,,,,,,,,,,,,,,,,,,,,,,,,,,2020,,,,,,,,,,,,,,,,,,,,,,,,,,,,,,,,,,,,,
24.0,1.5,0.0,0.0,47.0,12.75,1.0,37.0,16.0,7.0,5.0,1.0,,5.0,1.0,,,,,4.34042553,12.0,3.4375,,9.0,2.0,,,,,17.0,51.0,4.58333333,,,,,,,,11.0,5.0,6.0,1.0,,16.0,,,,,,,,,,,,,,,,,,,,,,,,,,,,,,,,,,,,,,,,,,,,Jeremy McNichols,TEN,FA,83,3127586,,FA,,{},"['RB', 'RB/WR', 'RB/WR/TE', 'OP', 'BE', 'IR']",,,,,,,,,,,,,,,,,,,,,,,,,,,,,,,,,,,,,,,,,,,,,,,,,,,,,,,,,,,,,,,,,,,,,,,,,,,,,,,,,,,,,,,,,,,,,,,,,,,,,,,,,,,,,,,,,,,,,,,,,,,,,,,,,,,,,,,,,,,,,,,,,,,,,,,,,,,,,,,,,,,,,,,,,,,,,,,,,,,,,,,,,,,,,,,,,,,,,,,,,,,,,,,,,,,,,,,,,,,,,,,,,,,,,,,,,,,,,,,,,,2020,,,,,,,,,,,,,,,,,,,,,,,,,,,,,,,,,,,,,
8.0,4.0,88.87,17.77,6.0,3.5,,1.0,,,,,,1.0,,,,,,1.16666667,,,,,,,,,,,,,,,,,,,,1.0,1.0,,,,2.0,25.39004927,24.35255822,0.998330503,0.032254939,26.0,13.0,6.0,5.0,2.0,5.0,2.0,0.048493291,0.033945303,0.131,0.00445,5.131387699,,,,,,,,,,,,,,,,,,0.371004508,0.0115,0.309137783,,2.606352391,0.14220338,,1.244866392,4.666009946,5.35,Tyrod Taylor,LAC,FA,58,14163,,FA,,{},"['QB', 'OP', 'BE', 'IR']",,,,,,,,,,,,,,,,,,,,,,30.0,16.0,14.0,104.0,,41.0,20.0,10.0,8.0,4.0,2.0,3.0,1.0,2.0,1.0,,,,,,0.53333333,2.0,,,,,,173.2739529,109.8392017,63.43475114,236.9651346,7.100066527,253.0,126.0,63.0,50.0,25.0,12.0,21.0,10.0,0.947528534,0.619209897,0.980015096,0.132374343,0.338749569,3.421143554,0.633904865,15.40046745,2.297214608,1.102663012,,,,,,,,,,,,,,,,,,,,,,,,,,,,,,,,,,,,,,,,,,,,,,,,,,,,,,,,,,,,,,,,,,,,,,,,,,,,,,,,,,,,,,,,,,,,,,,,,,,,,,,,,,,,,,,,,,,,,,,,,,,,,,,,,,,,,,,,,,,,,,,,,,,,,,,,,,,,,,,,,,,,,,,,,,,2020,,,,,,,,,,,,,,,,,,,,,,,,,,,,,,,,,,,,,
15.0,1.25,49.17,3.28,,,,,,,,,,,,,,,,,12.0,9.5,1.0,21.0,9.0,4.0,2.0,,,15.0,67.0,9.5,,,,,,,,9.0,3.0,6.0,,,12.0,,,,,,,,,,,,,,,,,22.4810756,2.708330496,0.141129138,0.121126661,0.079156273,67.0,33.0,16.0,13.0,6.0,31.45150782,6.0,3.0,0.184372928,0.005702256,46.30679439,10.76645365,0.141129138,0.00147,,0.33514085,0.33514085,,0.187678876,0.187678876,0.187678876,15.0625,Jace Sternberger,GB,FA,62,3917962,,FA,,{},"['WR/TE', 'TE', 'RB/WR/TE', 'OP', 'BE', 'IR']",,,,,,,,8.0,,,,,,,,,,,,1.0,,,,,,,,,,,,,,,,,,,,,,,,,,,,,,,,,,,,,,,,,,,,,,,,,,,,,,,,,,,,,,,,,,,,,,,,,,,,,,,,,,,,,,,,,,,,,,,,,,,,,,,,,,,,,,,,,,,,,,,,,,,,,,,,,,,,,,,,,,,,,,,,,,,,,,,,,,,,,,,,,,,,,,,,,,,,,,,,,,,,,,,,,,,,,,,,,,,,,,,,,,,,,,,,,,,,,,,,,,,,,,2020,,,,,,,,,,,,,,,,,,,,,,,,,,,,,,,,,,,,,
15.0,3.75,10.3,10.3,9.0,3.0,,1.0,,,,,,1.0,,,,,,1.33333333,,,,,,,,,,,,,,1.0,,1.0,2.0,1.0,1.0,2.0,2.0,,,,4.0,0.986761187,2.769137089,0.032377334,0.00108,,,,,,,,0.00181,0.00127,3.2e-05,1.09e-06,4.911005794,,,,,,,,,,,,,,,,,,0.055157958,0.0026,0.0195,,0.59125662,0.00897,,0.283413037,0.961765699,1.75,Colt McCoy,NYG,FA,50,13199,,FA,,{},"['QB', 'OP', 'BE', 'IR']",,,,,,,,,,,,,,,,,,,,,,66.0,40.0,26.0,93.75,1.0,74.0,36.0,17.0,13.0,6.0,3.0,6.0,2.0,3.0,1.0,,,,1.0,1.0,0.60606061,5.0,1.0,1.0,,,,26.90885278,17.22823405,9.680618727,112.0922825,1.225017104,39.0,19.0,9.0,7.0,3.0,1.0,3.0,1.0,0.090433525,0.059098308,0.27991756,0.037809523,0.05407389,0.678352662,0.640244093,2.013037599,0.571749586,0.274439801,,,,,,,,,,,,,,,,,,,,,,,,,,,,,,,,,,,,,,,,,,,,,,,,,,,,,,,,,,,,,,,,,,,,,,,,,,,,,,,,,,,,,,,,,,,,,,,,,,,,,,,,,,,,,,,,,,,,,,,,,,,,,,,1.0,,,,,,,,,,,,,,,,,,,,,,,,,,,,,,,,,,,,,,,,,,,,2020,,,,,,,,,,,,,,,,,,,,,,,,,,,,,,,,,,,,,
6.0,0.5,47.34,3.38,,,,,,,,,,,,,,,,,10.0,7.16666667,,15.0,6.0,2.0,1.0,,,21.0,47.0,8.6,,,,,,,,5.0,7.0,,,,12.0,,,,,,,,,,,,,,,,,23.69855896,2.379475854,0.147671845,0.114803317,0.075023968,66.0,33.0,16.0,13.0,6.0,30.34030579,6.0,3.0,0.174313726,0.00539,46.23622248,11.0329193,0.147671845,0.00115,,0.262458253,0.262458253,,0.146976622,0.146976622,0.146976622,14.125,Trent Taylor,SF,FA,168,3040569,,FA,,{},"['RB/WR', 'WR', 'WR/TE', 'RB/WR/TE', 'OP', 'BE', 'IR']",,,,,,,,,,,,0.0098076,,13.33685,,,1.0,,,,,,,,,,,,,,,,,,,,,,,,,,,,,,,,,,,,,,,,,,,,,,,,,,,,,,,,,,,,,,,,,,,,,,,,,,,,,,,,,,,,,,,,,,,,,,,,,,,,,,,,,,,,,,,,,,,112.0,9.0,1.0,,,,,,,,,,,,,,,,,,,,,,,,,,,,,,,,,,,,,,,,,,,,,,,,,,,,,,,,,,,,,,,,,,,,,,,,,,,,,,,,,,,,,,,,,,,,,,,,,,,,,,,,,,,,2020,,,,,,,,,,,,,,,,,,,,,,,,,,,,,,,,,,,,,
18.0,3.6,26.53,13.27,7.0,-1.2,,,,,,,,,,,,,,-0.85714286,,,,,,,,,,,,,,,,,1.0,,,4.0,1.0,,,,5.0,6.083697343,8.407179902,0.181248571,0.007746106,4.0,2.0,1.0,,,1.0,,0.011198817,0.007839172,0.00135,4.61e-05,3.745001806,,,,,,,,,,,,,,,,,,0.152292411,0.00418,0.080592383,,0.950155808,0.037072496,,0.45446294,2.136339158,2.71,Mason Rudolph,PIT,FA,70,3116407,,FA,,{},"['QB', 'OP', 'BE', 'IR']",,,,,,,,,,,,,,,,,,,,,,43.0,25.0,18.0,64.8,2.0,64.0,31.0,15.0,12.0,6.0,3.0,4.0,2.0,3.0,1.0,,,1.0,,1.0,0.58139535,1.0,,1.0,,1.0,,61.13183089,38.5633597,22.56847119,150.8126382,2.846822431,81.0,40.0,20.0,16.0,8.0,4.0,7.0,3.0,0.135537816,0.088573963,0.501569232,0.067748852,0.144546304,1.681876218,0.630822914,4.509120955,0.869563426,0.417390444,,,,,,,,,,,,,,,,,,,,,,,,,,,,,,,,,,,,,,,,,,,,,,,,,,,,,,,,,,,,,,,,,,,,,,,,,,,,,,,,,,,,,,,,,,,,,,,,,,,,,,,,,,,,,,,,,,,,,,,,,,,,,,,,,,,,,,,,,,,,,,,,,,,,,,,,,,,,,,,,,,,,,,,,,,,2020,,,,,,,,,,,,,,,,,,,,,,,,,,,,,,,,,,,,,
5.0,0.42,8.52,0.66,12.0,5.0,,11.0,5.0,2.0,1.0,,,1.0,,,,,,5.0,5.0,1.66666667,,2.0,,,,,,5.0,28.0,4.0,,,,,,7.0,10.0,8.0,4.0,,,,12.0,9.325582649,2.938507808,0.272815644,0.008692861,7.0,3.0,1.0,1.0,,1.0,,0.017200826,0.012040579,0.00408,0.000139,4.135711025,2.108783226,0.162867981,0.00904311,0.059572386,0.038930554,5.0,2.0,1.0,1.0,,3.295894828,,,0.01505345,0.000466,4.398250573,8.397652622,0.017735971,0.000384,0.06450444,0.022797487,0.087301927,0.029672042,0.012766593,0.042438635,0.042438635,13.125,Justice Hill,BAL,FA,127,4038441,,FA,,{},"['RB', 'RB/WR', 'RB/WR/TE', 'OP', 'BE', 'IR']",,,,,,,,,,,0.159432,,548.2008,,54.0,21.0,,,,,,,,,,,,,,,,,,,,,,,,,,,,,,,,,,,,,,,,,,,,,,,,,,,,,,,,,,,3.0,,,1.0,,,,,,,,,,,,,,,,,,,,,,,,,,,,,,,,,,,,,,,,,,,,,,,,,,1.0,,1.0,,,,,,,,,,,,,,,,,,,,,,,,,,,,,,,,,,,,,,,,,,,,,,,,,,,,,,,,,,,,,,,,,,,,,,,,,,,,,,,,,,,,,,,,,,,,,,,,,,,,,,,,,,,,,,,,2020,,,,,,,,,,,,,,,,,,,,,,,,,,,,,,,,,,,,,
37.0,2.64,2.53,0.18,,,,,,,,,,,,,,,,,18.0,19.42857143,2.0,50.0,23.0,9.0,7.0,2.0,,31.0,69.0,15.11111111,,,,,,,,1.0,13.0,14.0,,,14.0,,,,,,,,,,,,,,,,,1.511216766,0.089119306,0.006573652,0.170034324,0.111117431,4.0,2.0,1.0,,,1.507738835,,,0.011882048,0.000367,2.636628909,14.09493825,0.006573652,6.95e-05,,0.015785913,0.015785913,,0.008840111,0.008840111,0.008840111,14.0625,Collin Johnson,JAX,FA,102,4039043,,FA,,{},"['Rookie', 'RB/WR', 'WR', 'WR/TE', 'RB/WR/TE', 'OP', 'BE', 'IR']",,1.0,,,,,,,,,,,,,,,,,,1.0,,,,,,,,,,,,,,,,,,,,,,,,,,,,,,,,,,,,,,,,,,,,,,,,,,,,1.0,1.0,,,,,,,,,,,,,,,,,,,,,,,,,,,,,,,,,,,,,,,,,,,,,,,,,,,,,,,,,,,,,,,,,,,,,,,,,,,,,,,,,,,,,,,,,,,,,,,,,,,,,,,,,,,,,,,,,,,,,,,,,,,,,,,,,,,,,,,,,,,,,,,,,,,,,,,,,,,,,,,,,,,,,,,,,2020,,,,,,,,,,,,,,,,,,,,,,,,,,,,,,,,,,,,,
26.0,2.0,6.01,0.4,,,,,,,,,,,,,,,,,13.0,12.30769231,1.0,30.0,14.0,6.0,3.0,1.0,,17.0,67.0,12.30769231,,,,,,2.0,2.0,11.0,2.0,12.0,,,13.0,,,,,,,,,,,,,,,,,2.943488474,0.338031246,0.009167689,0.195175624,0.12754727,8.0,4.0,2.0,1.0,,3.394645488,,,0.022708267,0.000702318,5.412934256,13.06065547,0.009167689,0.000162,,0.036706647,0.036706647,,0.020555723,0.020555723,0.020555723,15.0625,Byron Pringle,KC,FA,135,4036416,,FA,,{},"['RB/WR', 'WR', 'WR/TE', 'RB/WR/TE', 'OP', 'BE', 'IR']",,,,,,,,324.0,30.0,12.0,,,,,,,,,,1.0,,,,,,,,,,,,,,,,,,,,,,,,,,,,,,,,,,,,,,,,,,,,,,,,,,,,,,,,,,,,,,,,,,,,,,,,,,,,,,,,,,,,,,,,,,,,,,,,,,,,,,,,1.0,,,1.0,,,,,,,,,,,,,,,,,,,,,,,,,,,,,,,,,,,,,,,,,,,,,,,,,,,,,,,,,,,,,,,,,,,,,,,,,,,,,,,,,,,,,,,,,,,,,,,,,,,,,,,,,,,,,,,,,,,2020,,,,,,,,,,,,,,,,,,,,,,,,,,,,,,,,,,,,,
10.0,0.67,19.75,1.41,21.0,5.0,1.0,11.0,3.0,1.0,,,,2.0,,,,,,3.57142857,5.0,1.66666667,,3.0,1.0,,,,,6.0,31.0,5.0,,,,,,5.0,6.0,4.0,10.0,6.0,1.0,,15.0,28.72832434,8.448805515,1.204720773,0.074935268,23.0,11.0,5.0,4.0,2.0,5.0,2.0,0.053564992,0.037495495,0.038402239,0.00131,4.154066784,1.293996753,0.101529407,0.008543332,0.07593896,0.04962611,3.0,1.0,,,,2.19590036,,,0.010404037,0.000322,2.785500226,8.323558056,0.083478601,0.00125,0.264593958,0.020224708,0.284818666,0.121713221,0.011325836,0.133039057,0.133039057,14.125,Corey Clement,PHI,FA,103,3045260,,FA,,{},"['RB', 'RB/WR', 'RB/WR/TE', 'OP', 'BE', 'IR']",,,,,,,,22.0,2.0,,,,,,,,,,,,,,,,,,,,,,,,,,,,,,,,,,,,,,,,,,,,,,,,,,,,,,,,,,,,,,,,,,1.0,,,,,,,,,,,,,,,,,,,,,,,,,,,,,,,,,,,,,,,,,,,,,,,,,,,,,,,1.0,,,,,,,,,,,,,,,,,,,,,,,,,,,,,,,,,,,,,,,,,,,,,,,,,,,,,,,,,,,,,,,,,,,,,,,,,,,,,,,,,,,,,,,,,,,,,,,,,,,,,,,,,,,,,,,,2020,,,,,,,,,,,,,,,,,,,,,,,,,,,,,,,,,,,,,
0.0,0.0,4.54,0.0,,,,,,,,,,,,,,,,,,,,,,,,,,,,,,,,,,,,,,,,,,0.612103148,6.095454239,0.022569867,0.000792077,,,,,,,,0.001123335,0.000786334,1.46e-05,4.98e-07,3.983285664,,,,,,,,,,,,,,,,,,0.036565144,0.000881166,0.008010598,,0.200264948,0.003684875,,0.095966963,0.597819035,0.4,Jordan Love,GB,FA,0,4036378,,FA,,{},"['Rookie', 'QB', 'OP', 'BE', 'IR']",,,,,,,,,,,,,,,,,,,,,,,,,,,,,,,,,,,,,,,,,,,,,,,,,13.4903024,7.910690509,5.579611894,227.7689949,0.629441883,18.0,9.0,4.0,3.0,1.0,,1.0,,0.043905245,0.028692078,0.132019722,0.017832403,0.035773067,0.501852072,0.586398308,1.200173155,0.192254351,0.092282088,,,,,,,,,,,,,,,,,,,,,,,,,,,,,,,,,,,,,,,,,,,,,,,,,,,,,,,,,,,,,,,,,,,,,,,,,,,,,,,,,,,,,,,,,,,,,,,,,,,,,,,,,,,,,,,,,,,,,,,,,,,,,,,,,,,,,,,,,,,,,,,,,,,,,,,,,,,,,,,,,,,,,,,,,,,2020,,,,,,,,,,,,,,,,,,,,,,,,,,,,,,,,,,,,,
19.0,1.73,2.87,0.19,,,,,,,,,,,,,,,,,21.0,19.36363636,,41.0,19.0,7.0,7.0,2.0,1.0,27.0,57.0,10.14285714,,,,,,1.0,1.0,9.0,2.0,,,,11.0,,,,,,,,,,,,,,,,,1.367786958,0.146232198,0.006556825,0.141504681,0.092473309,4.0,2.0,1.0,,,1.61166229,,,0.011615835,0.000359,2.71521887,12.78325564,0.006556825,7.42e-05,,0.016873983,0.016873983,,0.009449431,0.009449431,0.009449431,15.0625,Marquez Callaway,NO,FA,141,4035170,,FA,,{},"['Rookie', 'RB/WR', 'WR', 'WR/TE', 'RB/WR/TE', 'OP', 'BE', 'IR']",,,,,,,,94.0,8.0,2.0,,,,,,,,,,,,,,,,,,,,,,,,,,,,,,,,,,,,,,,,,,,,,,,,,,,,,,,,,,,,,,,,,,,,,,,,,,,,,,,,,,,,,,,,,,,,,,,,,,,,,,,2.0,,,,,,,,,,,,,,,,,,,122.0,9.0,2.0,,,,,,,,,,,,,,,,,,,,,,,,,,,,,,,,,,,,,,,,,,,,,,,,,,,,,,,,,,,,,,,,,,,,,,,,,,,,,,,,,,,,,,,,,,,,,,,,,,,,,,,,,,,,2020,,,,,,,,,,,,,,,,,,,,,,,,,,,,,,,,,,,,,
24.0,1.71,0.51,0.51,27.0,6.92857143,1.0,18.0,8.0,3.0,1.0,,,2.0,1.0,,,,,3.59259259,7.0,4.64285714,1.0,13.0,6.0,3.0,2.0,1.0,1.0,11.0,88.0,9.28571429,1.0,2.0,1.0,1.0,1.0,2.0,2.0,12.0,2.0,12.0,1.0,,14.0,1.323984434,5.466919652,0.057643734,0.001229024,1.0,,,,,,,0.002457795,0.001720457,0.00127,4.34e-05,4.129141937,4.362310108,0.029641663,0.000809629,0.003929676,0.002568043,,,,,,0.537672986,,,0.002042897,6.31824e-05,0.691909759,8.113314632,0.002038652,7.08e-05,0.011447391,0.004648811,0.016096202,0.0052658,0.002603334,0.007869134,0.007869134,1.0,Darwin Thompson,KC,FA,132,4361606,,FA,,{},"['RB', 'RB/WR', 'RB/WR/TE', 'OP', 'BE', 'IR']",,,,,,1.0,,,,,,,,,,,,,,1.0,,,,,,,,,,,,,,,,,,,,,,,,,,,,,,,,,,,,,,,,,,,,,,,,,,,,,,,,,,,,,,,,,,,,,,,,,,,,,,,,,,,,,,,,,,,,,,,,,,,,,,,,,,,,,,,,,,,,,,,,,,,,,,,,,,,,,,,,,,,,,,,,,,,,,,,,,,,,,,,,,,,,,,,,,,,,,,,,,,,,,,,,,,,,,,,,,,,,,,,,,,,,,,,,,,,,,,,,,,,,,,2020,,,,,,,,,,,,,,,,,,,,,,,,,,,,,,,,,,,,,
41.0,10.25,4.31,4.31,7.0,6.5,1.0,4.0,1.0,,,,,,,,,,,3.71428571,,,,,,,,,,,,,,1.0,,1.0,2.0,,,1.0,3.0,6.0,1.0,,4.0,1.741677376,6.212378798,0.091851713,0.003455644,1.0,,,,,,,0.003202584,0.002241809,0.000414,1.41e-05,4.636962362,,,,,,,,,,,,,,,,,,0.023132222,0.0011,0.031403971,,0.249390685,0.014445827,,0.119079449,0.416874026,1.3,Kyle Allen,WSH,FA,42,3115293,,FA,,{},"['QB', 'OP', 'BE', 'IR']",,,,,,,,,,,,,,,,,,,,,,87.0,60.0,27.0,152.5,4.0,120.0,60.0,29.0,22.0,10.0,3.0,11.0,4.0,4.0,2.0,1.0,1.0,,,1.0,0.68965517,7.0,1.0,1.0,1.0,1.0,,11.2062164,7.144542034,4.061674365,61.98966384,0.385988397,16.0,8.0,4.0,3.0,1.0,,1.0,,0.038908501,0.025426705,0.114880712,0.015517372,0.019676578,0.297794576,0.637551675,0.883417926,0.217986714,0.104633623,,,,,,,,,,,,,,,,,,,,,,,,,,,,,,,,,,,,,,,,,,,,,,,,,,,,,,,,,,,,,,,,,,,,,,,,,,,,,,,,,,,,,,,,,,,,,,,,,,,,,,,,,,,,,,,,,,,,,,,,,,,,,,,1.0,,,,,,,,,,,,,,,,,,,,,,,,,,,,,,,,,,,,,,,,,,,,2020,,,,,,,,,,,,,,,,,,,,,,,,,,,,,,,,,,,,,
27.0,9.0,21.44,10.72,1.0,4.33333333,1.0,2.0,1.0,,,,,,,,,,,13.0,,,,,,,,,,,,,,2.0,,,6.0,,,,3.0,6.0,,,3.0,3.06154131,4.697093358,0.089858587,0.00698,2.0,1.0,,,,,,0.0057,0.00399,0.0033,0.000113,4.065696373,,,,,,,,,,,,,,,,,,0.152363332,0.00408,0.040066411,,0.92838051,0.0184,,0.444821317,2.145639673,2.65,Jake Luton,JAX,FA,46,3124900,,FA,,{},"['Rookie', 'QB', 'OP', 'BE', 'IR']",,,,,,,,,,,,,,,,,,,,,,110.0,60.0,50.0,208.0,2.0,123.0,61.0,30.0,24.0,12.0,5.0,11.0,4.0,9.0,4.0,1.0,1.0,1.0,,6.0,0.54545455,7.0,2.0,,1.0,,,62.67072168,38.33126276,24.33945892,159.9570445,1.965329892,84.0,42.0,21.0,16.0,8.0,4.0,7.0,3.0,0.288737212,0.188689768,0.465592633,0.062889357,0.145385561,1.700818356,0.61162951,5.206840107,0.888314099,0.426390767,,,,,1.0,,,,,,,,,,,,,,,,,,,,,,,,,,,,,,,,,,,,,,,,,,,,,,,,,,,,,,,,,,,,,,,,,,,,,,,,,,,,,,,,,,,,,,,,,,,,,,,,,,,,,,,,,,,,,,,,,,,,,,,,,,,,,,,,,,,,,,,,,,,,,,,,,,,,,,,,,,,,,,,,,,,,,,2020,,,,,,,,,,,,,,,,,,,,,,,,,,,,,,,,,,,,,
23.0,2.56,20.7,1.38,6.0,5.66666667,,9.0,4.0,1.0,,,,,,,,,,8.5,20.0,20.66666667,1.0,34.0,15.0,6.0,2.0,,,25.0,123.0,9.3,,3.0,,1.0,1.0,,,7.0,2.0,6.0,,,9.0,4.131225305,1.490318501,0.130146756,0.004316388,4.0,2.0,1.0,,,,,0.007594406,0.005316084,0.001220474,4.17e-05,5.433720206,7.069536603,0.773668869,0.034672798,0.189921324,0.124113585,21.0,10.0,5.0,4.0,2.0,8.277811749,1.0,,0.044430529,0.00137414,13.05680908,12.86389427,0.038989186,0.00059,0.04467136,0.089508821,0.134180181,0.020548826,0.05012494,0.070673766,0.070673766,15.0625,Deonte Harris,NO,FA,122,4411193,,FA,,{},"['RB/WR', 'WR', 'WR/TE', 'RB/WR/TE', 'OP', 'BE', 'IR']",,,,,,,,436.0,41.0,13.0,0.087381,0.4686844,808.27425,269.6347,80.0,32.0,26.0,10.0,,1.0,,,,,,,,,,,,,,,,,,,,,,,,,,,,,,,,,,,,,,,,,,,,,,,,,,,,,,,,,,,,,,,,,,,,,,,,,,,,,,,,,,,,,,,,,,,,,,,,,,,,,,,,,,,,,,,,207.0,18.0,6.0,,,,,,,,,,,,,,,,,,,,,,,,,,,,,,,,,,,,,,,,,,,,,,,,,,,,,,,,,,,,,,,,,,,,,,,,,,,,,,,,,,,,,,,,,,,,,,,,,,,,,,,,,,,,2020,,,,,,,,,,,,,,,,,,,,,,,,,,,,,,,,,,,,,
0.0,0.0,0.0,0.0,,,,,,,,,,,,,,,,,,,,,,,,,,,,,,,,,,,,,,,,,,,,,,,,,,,,,,,,,,,,,,,,,,,,,,,,,,,,,,,,,,,,,Tyrell Williams,DET,FA,0,2587819,,FA,,{},"['RB/WR', 'WR', 'WR/TE', 'RB/WR/TE', 'OP', 'BE', 'IR']",,,,,,,,,,,,,,,,,,,,,,,,,,,,,,,,,,,,,,,,,,,,,,,,,,,,,,,,,,,,,,,,,,,,,,,,,,,,,,,,,,,,,,,,,,,,,,,,,,,,,,,,,,,,,,,,,,,,,,,,,,,,,,,,,,,,,,,,,,,,,,,,,,,,,,,,,,,,,,,,,,,,,,,,,,,,,,,,,,,,,,,,,,,,,,,,,,,,,,,,,,,,,,,,,,,,,,,,,,,,,,,,,,,,,,,,,,,,,,,,,,2020,,,,,,,,,,,,,,,,,,,,,,,,,,,,,,,,,,,,,
1.0,0.25,12.98,12.98,12.0,17.25,,13.0,6.0,3.0,2.0,1.0,,1.0,,,,,,5.75,,,,,,,,,,,,,1.0,1.0,1.0,1.0,3.0,,,3.0,1.0,,,,4.0,5.53180443,12.73423348,0.193490901,0.006166046,4.0,2.0,1.0,,,1.0,,0.010179381,0.007125567,0.00129,4.4e-05,4.028506227,,,,,,,,,,,,,,,,,,0.076330145,0.0016,0.063276343,,0.363510963,0.029107118,,0.173219736,0.773624837,1.75,Robert Griffin III,BAL,FA,63,14875,,FA,,{},"['QB', 'OP', 'BE', 'IR']",,,,,,,,,,,,,,,,,,,,,,14.0,8.0,6.0,10.5,,7.0,3.0,1.0,1.0,,,1.0,,1.0,,,,,,2.0,0.57142857,3.0,,,,,,24.02154703,15.16117827,8.860368758,95.00244169,1.299763041,33.0,16.0,8.0,6.0,3.0,1.0,3.0,1.0,0.085586027,0.055930469,0.242020364,0.032690605,0.070164099,0.600405102,0.63114912,2.225848483,0.30023462,0.144112618,,,,,,,,,,,,,,,,,,,,,,,,,,,,,,,,,,,,,,,,,,,,,,,,,,,,,,,,,,,,,,,,,,,,,,,,,,,,,,,,,,,,,,,,,,,,,,,,,,,,,,,,,,,,,,,,,,,,,,,,,,,,,,,,,,,,,,,,,,,,,,,,,,,,,,,,,,,,,,,,,,,,,,,,,,,2020,,,,,,,,,,,,,,,,,,,,,,,,,,,,,,,,,,,,,
13.0,1.3,17.92,1.28,26.0,15.7,,29.0,13.0,6.0,3.0,1.0,,3.0,1.0,,,,,6.03846154,5.0,3.0,,4.0,2.0,,,,,5.0,41.0,6.0,1.0,1.0,1.0,1.0,1.0,,,3.0,7.0,,,,10.0,22.51499885,6.46118699,0.630896859,0.02498602,18.0,9.0,4.0,3.0,1.0,4.0,2.0,0.041844359,0.029291051,0.022910331,0.000782,4.053487493,3.345327708,0.215134595,0.011015221,0.047690907,0.031166008,9.0,4.0,2.0,1.0,,6.038372436,1.0,,0.023991903,0.000742018,8.083282927,7.82541229,0.036001241,0.00109,0.194668453,0.05220878,0.246877232,0.089547488,0.029236917,0.118784405,0.118784405,14.125,Trayveon Williams,CIN,FA,119,4035222,,FA,,{},"['RB', 'RB/WR', 'RB/WR/TE', 'OP', 'BE', 'IR']",,,,,,,,,,,,,,,,,,,,,,,,,,,,,,,,,,,,,,,,,,,,,,,,,,,,,,,,,,,,,,,,,,,,,,,,,,,,,,,,,,,,,,,,,,,,,,,,,,,,,,,,,,,,,,,,,,,,,,,,,,,,,,,,,,,,,,,,,,,,,,,,,,,,,,,,,,,,,,,,,,,,,,,,,,,,,,,,,,,,,,,,,,,,,,,,,,,,,,,,,,,,,,,,,,,,,,,,,,,,,,,,,,,,,,,,,,,,,,,,,,2020,,,,,,,,,,,,,,,,,,,,,,,,,,,,,,,,,,,,,
6.0,2.0,0.0,0.0,6.0,7.33333333,,4.0,2.0,1.0,,,,1.0,,,,,,3.66666667,,,,,,,,,,,,,1.0,4.0,,2.0,2.0,,,,3.0,,,,3.0,,,,,,,,,,,,,,,,,,,,,,,,,,,,,,,,,,,,,,,,,,,,Ben DiNucci,DAL,FA,60,3895785,,FA,,{},"['Rookie', 'QB', 'OP', 'BE', 'IR']",,,,,,,,,,,,,,,,,,,,,,43.0,23.0,20.0,73.0,,43.0,21.0,10.0,8.0,3.0,1.0,4.0,2.0,3.0,1.0,,,,,,0.53488372,7.0,3.0,,,,,,,,,,,,,,,,,,,,,,,,,,,,,,,,,,,,,,,,,,,,,,,,,,,,,,,,,,,,,,,,,,,,,,,,,,,,,,,,,,,,,,,,,,,,,,,,,,,,,,,,,,,,,,,,,,,,,,,,,,,,,,,,,,,,,,,,,,,,,,,,,,,,,,,,,,2.0,,,,,,,,,,,,,,,,,,,,,,,,,,,,,,,,,,,,,,,,,,,,2020,,,,,,,,,,,,,,,,,,,,,,,,,,,,,,,,,,,,,
26.0,1.86,9.99,0.67,,,,,,,,,,,,,,,,,12.0,12.07142857,2.0,32.0,14.0,5.0,4.0,1.0,,18.0,75.0,14.08333333,,,,,,,,10.0,4.0,12.0,,,14.0,,,,,,,,,,,,,,,,,4.801331727,0.500950554,0.02576195,0.14389471,0.094035193,14.0,7.0,3.0,2.0,1.0,5.857295825,1.0,,0.033372306,0.00103,9.506823846,12.34700471,0.02576195,0.00027,,0.061325449,0.061325449,,0.034342251,0.034342251,0.034342251,15.0625,Tyler Johnson,TB,FA,117,2310331,,FA,,{},"['Rookie', 'RB/WR', 'WR', 'WR/TE', 'RB/WR/TE', 'OP', 'BE', 'IR']",,,,,,,,,,,,,,,,,,,,2.0,,,,,,,,,,,,,,,,,,,,,,,,,,,,,,,,,,,,,,,,,,,,,,,,,,,,,,,,,,,,,,,,,,,,,,,,,,,,,,,,,,,,,,,,,,,,,,,,,,,,,,,,,,,,,,,,,,,,,,,,,,,,,,,,,,,,,,,,,,,,,,,,,,,,,,,,,,,,,,,,,,,,,,,,,,,,,,,,,,,,,,,,,,,,,,,,,,,,,,,,,,,,,,,,,,,,,,,,,,,,,,2020,,,,,,,,,,,,,,,,,,,,,,,,,,,,,,,,,,,,,
36.0,2.25,9.74,0.65,,,,,,,,,,,,,,,,,25.0,13.0625,3.0,38.0,16.0,6.0,2.0,1.0,1.0,40.0,74.0,8.36,,,,,,,3.0,12.0,4.0,20.0,,,16.0,,,,,,,,,,,,,,,,,4.25622029,0.627092259,0.019941801,0.091819507,0.060004048,12.0,6.0,3.0,2.0,1.0,6.480050163,1.0,,0.030612131,0.000947,9.352952962,9.893336704,0.019941801,0.000243,,0.055240074,0.055240074,,0.030934441,0.030934441,0.030934441,15.0625,Jacob Hollister,SEA,FA,33,3125404,,FA,,{},"['WR/TE', 'TE', 'RB/WR/TE', 'OP', 'BE', 'IR']",,,,,,,,,,,,,,,,,,,,1.0,,,,,,,,,,,,,,,,,,,,,,,,,,,,,,,,,,,,,,,,,,,,,,,,,,,,1.0,1.0,2.0,3.0,,,,,,,,,,,,,,,,,,,,,,,,,,,,,,,,,,,,,,,,,,,,,,,,,,,,,,,,,,,,,,,,,,,,,,,,,,,,,,,,,,,,,,,,,,,,,,,,,,,,,,,,,,,,,,,,,,,,,,,,,,,,,,,,,,,,,,,,,,,,,,,,,,,,,,,,,,,,,,,,,,,,,,,2020,,,,,,,,,,,,,,,,,,,,,,,,,,,,,,,,,,,,,
42.0,3.23,18.93,1.26,,,,,,,,,,,,,,,,,20.0,26.84615385,2.0,65.0,30.0,12.0,10.0,3.0,,35.0,87.0,17.45,,,,,,1.0,1.0,3.0,10.0,12.0,,,13.0,,,,,,,,,,,,,,,,,9.824825199,0.831233927,0.039334479,0.143677566,0.09389329,29.0,14.0,7.0,5.0,2.0,11.78558055,2.0,1.0,0.07018685,0.002170727,19.51212027,12.5565668,0.039334479,0.000543,,0.123394146,0.123394146,,0.069100722,0.069100722,0.069100722,15.0625,Quintez Cephus,DET,FA,111,4035793,,FA,,{},"['Rookie', 'RB/WR', 'WR', 'WR/TE', 'RB/WR/TE', 'OP', 'BE', 'IR']",,1.0,,,,,,,,,,,,,,,,,,,1.0,,,,,,,,,,,,,,,,,,,,,,,,,,,,,,,,,,,,,,,,,,,,,,,,,,,,,,,,,,,,,,,,,,,,,,,,,,,,,,,,,,,,,,,,,,,,,,,,,,,,,,,,,,,,,,,,,,,,,,,,,,,,,,,,,,,,,,,,,,,,,,,,,,,,,,,,,,,,,,,,,,,,,,,,,,,,,,,,,,,,,,,,,,,,,,,,,,,,,,,,,,,,,,,,,,,,,,,,,,,,,2020,,,,,,,,,,,,,,,,,,,,,,,,,,,,,,,,,,,,,
9.0,4.5,0.0,0.0,,,,,,,,,,,,,,,,,,,,,,,,,,,,,,,,,,1.0,1.0,1.0,1.0,10.0,,,2.0,,,,,,,,,,,,,,,,,,,,,,,,,,,,,,,,,,,,,,,,,,,,Kai Forbath,None,FA,39,14816,,FA,,{},"['K', 'BE', 'IR']",,,,,,,,,,,,,,,,,,,,,,,,,,,,,,,,,,,,,,,,,,,,,,,,,,,,,,,,,,,,,,,,,,,,,,,,,,,,,,,,,,1.0,1.0,2.0,2.0,,2.0,3.0,1.0,4.0,5.0,1.0,,,,,,,,,,,,,,,,,,,,,,,,,,,,,,,,,,,,,,,,,,,,,,,,,,,,,,,,,,,,,,,,,,,,,,,,,,,,,,,,,,,,,,,,,,,,,,,,,,,,,,,,,,,,,,,,,,,,,,,,,,,,,,,,,,,,,,,,,,,,,,,,,,,,,,2020,,,,,,,,,,,,,,,,,,,,,,,,,,,,,,,,,,,,,
10.0,2.0,16.16,8.08,7.0,1.4,,,,,,,,,,,,,,1.0,,,,,,,,,,,,,,,,,3.0,,,1.0,4.0,,,,5.0,1.900353631,3.585031383,0.077310151,0.001996885,1.0,,,,,,,0.003489171,0.00244242,0.000129,4.39e-06,4.206911731,,,,,,,,,,,,,,,,,,0.07558984,0.00292,0.02652011,,0.663002761,0.012199251,,0.317710923,1.313093322,2.23,Jarrett Stidham,NE,FA,55,3892775,,FA,,{},"['QB', 'OP', 'BE', 'IR']",,,,,,,,,,,,,,,,,,,,,,44.0,22.0,22.0,51.2,2.0,49.0,24.0,12.0,8.0,3.0,,3.0,,2.0,,,,,,3.0,0.5,4.0,,1.0,,,1.0,42.68304018,27.82854751,14.85449267,131.1599071,1.787382085,58.0,29.0,14.0,11.0,5.0,2.0,5.0,2.0,0.108677988,0.071021065,0.38982515,0.052655156,0.073592955,0.995382399,0.651981382,2.925446968,0.63648265,0.305511672,,,,,,,,,,,,,,,,,,,,,,,,,,,,,,,,,,,,,,,,,,,,,,,,,,,,,,,,,,,,,,,,,,,,,,,,,,,,,,,,,,,,,,,,,,,,,,,,,,,,,,,,,,,,,,,,,,,,,,,,,,,,,,,,,,,,,,,,,,,,,,,,,,,,,,,,,,,,,,,,,,,,,,,,,,,2020,,,,,,,,,,,,,,,,,,,,,,,,,,,,,,,,,,,,,
12.0,12.0,9.38,9.38,6.0,56.0,,11.0,5.0,2.0,2.0,1.0,,1.0,,,,,,9.33333333,,,,,,,,,,,,,,,,,1.0,,,1.0,,,,,1.0,1.203498861,2.875656285,0.065389897,0.002106098,1.0,,,,,,,0.002208722,0.001546105,3.6e-05,1.23e-06,4.18147342,,,,,,,,,,,,,,,,,,0.062036075,0.00178,0.015750198,,0.403851219,0.007245091,,0.193533581,0.984090539,1.75,John Wolford,LAR,FA,0,3124092,,FA,,{},"['QB', 'OP', 'BE', 'IR']",,,,,,,,,,,,,,,,,,,,,,38.0,22.0,16.0,231.0,,46.0,23.0,11.0,9.0,4.0,2.0,4.0,2.0,3.0,1.0,,,,,1.0,0.57894737,2.0,,,,,,27.53499605,16.31410017,11.22089588,102.388483,0.954151896,35.0,17.0,8.0,7.0,3.0,1.0,3.0,1.0,0.087644538,0.057275705,0.258573098,0.034926446,0.059929977,0.790556958,0.592486018,2.120450237,0.388101021,0.18628849,,,,,,,,,,,,,,,,,,,,,,,,,,,,,,,,,,,,,,,,,,,,,,,,,,,,,,,,,,,,,,,,,,,,,,,,,,,,,,,,,,,,,,,,,,,,,,,,,,,,,,,,,,,,,,,,,,,,,,,,,,,,,,,,,,,,,,,,,,,,,,,,,,,,,,,,,,,,,,,,,,,,,,,,,,,2020,,,,,,,,,,,,,,,,,,,,,,,,,,,,,,,,,,,,,
0.0,0.0,0.0,0.0,,,,,,,,,,,,,,,,,,,,,,,,,,,,,,,,,,,,,,,,,,,,,,,,,,,,,,,,,,,,,,,,,,,,,,,,,,,,,,,,,,,,,Andrew Luck,None,FA,0,14874,,FA,,{},"['QB', 'OP', 'BE', 'IR']",,,,,,,,,,,,,,,,,,,,,,,,,,,,,,,,,,,,,,,,,,,,,,,,,,,,,,,,,,,,,,,,,,,,,,,,,,,,,,,,,,,,,,,,,,,,,,,,,,,,,,,,,,,,,,,,,,,,,,,,,,,,,,,,,,,,,,,,,,,,,,,,,,,,,,,,,,,,,,,,,,,,,,,,,,,,,,,,,,,,,,,,,,,,,,,,,,,,,,,,,,,,,,,,,,,,,,,,,,,,,,,,,,,,,,,,,,,,,,,,,,2020,,,,,,,,,,,,,,,,,,,,,,,,,,,,,,,,,,,,,
19.0,1.19,9.79,0.7,8.0,2.625,,7.0,3.0,,,,,,,,,,,5.25,8.0,3.625,2.0,10.0,4.0,1.0,,,,9.0,51.0,7.25,,,,,,2.0,2.0,7.0,9.0,12.0,,,16.0,8.766447356,2.518436068,0.225238305,0.00689868,7.0,3.0,1.0,1.0,,1.0,,0.016158565,0.011310995,0.00323,0.00011,4.057847839,3.298475936,0.228964183,0.013299674,0.065167443,0.042586924,9.0,4.0,2.0,1.0,,5.702042195,1.0,,0.023688716,0.000732641,7.360651517,8.170927362,0.020198355,0.000655,0.090185804,0.058660394,0.148846198,0.04148547,0.032849821,0.074335291,0.074335291,14.125,Ameer Abdullah,MIN,FA,95,2576336,,FA,,{},"['RB', 'RB/WR', 'RB/WR/TE', 'OP', 'BE', 'IR']",,,,,,,,352.0,31.0,10.0,0.027594,,247.2846923,,24.0,9.0,,,,1.0,1.0,,,,,,,,,,,,,,,,,,,,,,,,,,,,,,,,,,,,,,,,,,,,,,,,,,,,,,,,,,,,,,,,,,,,,,,,,,,,,,,,,,,,,,,,,,,,,,,,,,,,,,,,,,,,,,,,,,,,,,,,,,,,,,,,,,,,,,,,,,,,,,,,,,,,,,,,,,,,,,,,,,,,,,,,,,,,,,,,,,,,,,,,,,,,,,,,,,,,,,,,,,,,,,,,,,,,,,,,,,,,,2020,,,,,,,,,,,,,,,,,,,,,,,,,,,,,,,,,,,,,
10.0,2.5,10.92,10.92,2.0,4.0,,3.0,1.0,,,,,,,,,,,8.0,,,,,,,,,,,,,,,,,2.0,,,,4.0,,,,4.0,0.86368298,1.63896458,0.023879619,0.0011,,,,,,,,0.00158,0.00111,2.58e-06,8.82e-08,3.320880555,,,,,,,,,,,,,,,,,,0.065099818,0.00174,0.0116,,0.394491769,0.00534,,0.189124076,0.903551581,1.75,Chase Daniel,DET,FA,55,12471,,FA,,{},"['QB', 'OP', 'BE', 'IR']",,,,,,,,,,,,,,,,,,,,,,43.0,29.0,14.0,66.0,1.0,51.0,24.0,11.0,9.0,3.0,,4.0,1.0,2.0,,,,,,2.0,0.6744186,3.0,,1.0,,,,26.24783917,17.07728333,9.170555845,107.390737,1.361014459,37.0,18.0,9.0,7.0,3.0,1.0,3.0,1.0,0.089076618,0.05821157,0.269600524,0.036415962,0.063997884,0.714427505,0.650616731,2.263951216,0.38289312,0.183788697,,,,,,,,,,,,,,,,,,,,,,,,,,,,,,,,,,,,,,,,,,,,,,,,,,,,,,,,,,,,,,,,,,,,,,,,,,,,,,,,,,,,,,,,,,,,,,,,,,,,,,,,,,,,,,,,,,,,,,,,,,,,,,,,,,,,,,,,,,,,,,,,,,,,,,,,,,,,,,,,,,,,,,,,,,,2020,,,,,,,,,,,,,,,,,,,,,,,,,,,,,,,,,,,,,
26.0,1.62,4.94,0.33,,,,,,,,,,,,,,,,,19.0,15.3125,1.0,45.0,20.0,9.0,5.0,1.0,,24.0,99.0,12.89473684,,,,,,2.0,2.0,6.0,10.0,6.0,,,16.0,,,,,,,,,,,,,,,,,2.345498704,0.322231093,0.0200066,0.122920268,0.080328395,7.0,3.0,1.0,1.0,,3.240841142,,,0.018778293,0.000581,4.81417679,10.90120517,0.0200066,0.000152,,0.034533742,0.034533742,,0.019338895,0.019338895,0.019338895,15.0625,Ross Dwelley,SF,FA,49,3120303,,FA,,{},"['WR/TE', 'TE', 'RB/WR/TE', 'OP', 'BE', 'IR']",,,,,,,,20.0,2.0,,,,,,,,,,,,,,,,,,,,,,,,,,,,,,,,,,,,,,,,,,,,,,,,,,,,,,,,,,,,,,,,,1.0,,,,,,,,,,,,,,,,,,,,,,,,,,,,,,,,,,,,,,,,,,,,,,,,,,,,,,,,,,,,,,,,,,,,,,,,,,,,,,,,,,,,,,,,,,,,,,,,,,,,,,,,,,,,,,,,,,,,,,,,,,,,,,,,,,,,,,,,,,,,,,,,,,,,,,,,,,,,,,,,,,,,,,,,2020,,,,,,,,,,,,,,,,,,,,,,,,,,,,,,,,,,,,,
0.0,0.0,0.0,0.0,,,,,,,,,,,,,,,,,2.0,6.0,,1.0,,,,,,2.0,5.0,3.0,,,,,,,,,1.0,,,,1.0,,,,,,,,,,,,,,,,,,,,,,,,,,,,,,,,,,,,,,,,,,,,Lamar Miller,WSH,FA,145,14886,,FA,,{},"['RB', 'RB/WR', 'RB/WR/TE', 'OP', 'BE', 'IR']",,,,,,,,,,,,,,,,,,,,,,,,,,,,,,,,,,,,,,,,,,,,,,,,,,,,,,,,,,,,,,,,,,,,,,,,,,,,,,,,,,,,,,,,,,,,,,,,,,,,,,,,,,,,,,,,,,,,,,,,,,,,,,,,,,,,,,,,,,,,,,,,,,,,,,,,,,,,,,,,,,,,,,,,,,,,,,,,,,,,,,,,,,,,,,,,,,,,,,,,,,,,,,,,,,,,,,,,,,,,,,,,,,,,,,,,,,,,,,,,,,2020,,,,,,,,,,,,,,,,,,,,,,,,,,,,,,,,,,,,,
28.0,2.8,20.59,1.37,,,,,,,,,,,,,,,,,12.0,11.9,3.0,21.0,10.0,4.0,2.0,1.0,,16.0,41.0,9.91666667,,,,,,1.0,1.0,8.0,2.0,18.0,,,10.0,,,,,,,,,,,,,,,,,8.703261998,1.261667107,0.070467309,0.077651684,0.050745375,26.0,13.0,6.0,5.0,2.0,12.95563999,2.0,1.0,0.051949686,0.00161,19.8685312,10.11859576,0.070467309,0.000486,,0.110442125,0.110442125,,0.06184759,0.06184759,0.06184759,15.0625,Tyler Kroft,BUF,FA,41,2582410,,FA,,{},"['WR/TE', 'TE', 'RB/WR/TE', 'OP', 'BE', 'IR']",,,,,,,,,,,,,,,,,,,,3.0,,,,,,,,,,,,,,,,,,,,,,,,,,,,,,,,,,,,,,,,,,,,,,,,,,,,,,,,,,,,,,,,,,,,,,,,,,,,,,,,,,,,,,,,,,,,,,,,,,,,,,,,,,,,,,,,,,,,,,,,,,,,,,,,,,,,,,,,,,,,,,,,,,,,,,,,,,,,,,,,,,,,,,,,,,,,,,,,,,,,,,,,,,,,,,,,,,,,,,,,,,,,,,,,,,,,,,,,,,,,,,2020,,,,,,,,,,,,,,,,,,,,,,,,,,,,,,,,,,,,,
7.0,0.5,34.77,2.48,,,,,,,,,,,,,,,,,15.0,7.07142857,,16.0,7.0,2.0,2.0,,1.0,20.0,79.0,6.6,,,,,,,,10.0,4.0,,,,14.0,,,,,,,,,,,,,,,,,16.897692,1.998671889,0.096467249,0.091055931,0.059505051,47.0,23.0,11.0,9.0,4.0,23.30619614,4.0,2.0,0.092056707,0.00285,34.8649235,10.24104912,0.096467249,0.00169,,0.383179341,0.383179341,,0.214580431,0.214580431,0.214580431,14.125,Vance McDonald,PIT,FA,81,15853,,FA,,{},"['WR/TE', 'TE', 'RB/WR/TE', 'OP', 'BE', 'IR']",,,,,,,,,,,,,,,,,,,,,,,,,,,,,,,,,,,,,,,,,,,,,,,,,,,,,,,,,,,,,,,,,,,,,,,,,,,,,,,,,,,,,,,,,,,,,,,,,,,,,,,,,,,,,,,,,,,,,,,,,,,,,,,,,,,,,,,,,,,,,,,,,,,,,,,,,,,,,,,,,,,,,,,,,,,,,,,,,,,,,,,,,,,,,,,,,,,,,,,,,,,,,,,,,,,,,,,,,,,,,,,,,,,,,,,,,,,,,,,,,,2020,,,,,,,,,,,,,,,,,,,,,,,,,,,,,,,,,,,,,
30.0,3.33,0.0,0.0,55.0,26.44444444,1.0,42.0,18.0,7.0,6.0,1.0,,6.0,,,,,,4.32727273,3.0,2.11111111,1.0,2.0,,,,,,4.0,17.0,6.33333333,,,,,,,,5.0,4.0,12.0,1.0,,9.0,,,,,,,,,,,,,,,,,,,,,,,,,,,,,,,,,,,,,,,,,,,,Alfred Morris,NYG,FA,77,15009,,FA,,{},"['RB', 'RB/WR', 'RB/WR/TE', 'OP', 'BE', 'IR']",,,,,,,,,,,,,,,,,,,,1.0,,,,,,,,,,,,,,,,,,,,,,,,,,,,,,,,,,,,,,,,,,,,,,,,,,,,,,,,,,,,,,,,,,,,,,,,,,,,,,,,,,,,,,,,,,,,,,,,,,,,,,,,,,,,,,,,,,,,,,,,,,,,,,,,,,,,,,,,,,,,,,,,,,,,,,,,,,,,,,,,,,,,,,,,,,,,,,,,,,,,,,,,,,,,,,,,,,,,,,,,,,,,,,,,,,,,,,,,,,,,,,2020,,,,,,,,,,,,,,,,,,,,,,,,,,,,,,,,,,,,,
11.0,0.69,22.54,1.61,3.0,,,,,,,,,,,,,,,,8.0,4.1875,1.0,12.0,5.0,1.0,1.0,,,9.0,54.0,8.375,,,,,,3.0,4.0,8.0,8.0,6.0,,,16.0,28.58405138,8.42694461,0.700584573,0.026345206,23.0,11.0,5.0,4.0,2.0,5.0,2.0,0.053288956,0.037302269,0.0382,0.0013,4.164230991,4.730694249,0.260534121,0.011566481,0.05143901,0.033615393,13.0,6.0,3.0,2.0,1.0,8.452972475,1.0,,0.03150895,0.000975,11.17856676,7.905036537,0.037911687,0.00141,0.247142498,0.073085816,0.320228314,0.113685549,0.040928057,0.154613606,0.154613606,14.125,Ryan Nall,CHI,FA,101,3127335,,FA,,{},"['RB', 'RB/WR', 'RB/WR/TE', 'OP', 'BE', 'IR']",,,,,,,,35.0,2.0,,,,,,,,,,,1.0,,,,,,,,,,,,,,,,,,,,,,,,,,,,,,,,,,,,,,,,,,,,,,,,,,,,,,,1.0,,,,,,,,,,,,,,,,,,,,,,,,,,,,,,,,,,,,,,,,,,,,,,,,,,,,,,,,,,,,,,,,,,,,,,,,,,,,,,,,,,,,,,,,,,,,,,,,,,,,,,,,,,,,,,,,,,,,,,,,,,,,,,,,,,,,,,,,,,,,,,,,,,,,,,,,,,,,,,,,,,,,,,,2020,,,,,,,,,,,,,,,,,,,,,,,,,,,,,,,,,,,,,
52.0,5.78,105.92,6.62,,,,,,,,,,,,,,,,,,,,,,,,,,,,,,,,,,,,2.0,7.0,51.0,,,9.0,,,,,,,,,,,,,,,,,,,,,,,,,,,,,,,,,,,,,,,,,,,16.0,Sam Ficken,None,FA,31,2582139,,FA,,{},"['K', 'BE', 'IR']",,,,,,,,,,,,,,,,,,,,,,,,,,,,,,,,,,,,,,,,,,,,,,,,,,,,,,,,,,,,,,,,,,,,,,,,,,,,,,,1.0,3.0,1.0,1.0,,11.0,11.0,,13.0,15.0,2.0,12.0,15.0,3.0,1.0,3.0,2.777858534,4.693825991,1.915967456,6.898133588,9.725116595,2.826983007,14.51355254,16.25965866,1.746106125,24.18954466,30.67860125,6.489056587,27.38538465,30.67321101,3.287826365,2.777858534,4.693825991,1.915967456,,,,,,,,,,,,,,,,,,,,,,,,,,,,,,,,,,,,,,,,,,,,,,,,,,,,,,,,,,,,,,,,,,,,,,,,,,,,,,,,,,,,,,,2.0,2.0,,,,,,,,,,,,,,,,,,,,,,,,,,,,,,,,,,,,,,,,,,2020,,,,,,,,,,,,,,,,,,,,,,,,,,,,,,,,,,,,,
17.0,1.13,6.18,0.41,,,,,,,,,,,,,,,,,15.0,11.4,1.0,30.0,11.0,3.0,2.0,,,16.0,120.0,11.4,,,,,,1.0,1.0,11.0,4.0,6.0,,,15.0,,,,,,,,,,,,,,,,,2.800477408,0.365580495,0.016392062,0.156069906,0.101991684,8.0,4.0,2.0,1.0,,3.588097478,,,0.02183243,0.000675,5.43043774,11.75614409,0.016392062,0.000187,,0.042542913,0.042542913,,0.023824031,0.023824031,0.023824031,15.0625,Adam Trautman,NO,FA,59,3911853,,FA,,{},"['Rookie', 'WR/TE', 'TE', 'RB/WR/TE', 'OP', 'BE', 'IR']",,,,,,,,,,,,,,,,,,,,1.0,,,,,,,,,,,,,,,,,,,,,,,,,,,,,,,,,,,,,,,,,,,,,,,,,,,,,,,,,,,,,,,,,,,,,,,,,,,,,,,,,,,,,,,,,,,,,,,,,,,,,,,,,,,,,,,,,,,,,,,,,,,,,,,,,,,,,,,,,,,,,,,,,,,,,,,,,,,,,,,,,,,,,,,,,,,,,,,,,,,,,,,,,,,,,,,,,,,,,,,,,,,,,,,,,,,,,,,,,,,,,,2020,,,,,,,,,,,,,,,,,,,,,,,,,,,,,,,,,,,,,
3.0,0.5,55.93,4.0,,,,,,,,,,,,,,,,,3.0,6.66666667,,7.0,3.0,1.0,1.0,,,6.0,13.0,13.33333333,,1.0,,,,,,4.0,2.0,,,,6.0,3.573006423,1.562547385,0.056745889,0.002133907,4.0,2.0,1.0,,,,,0.006566126,0.004596288,0.00118,4.02e-05,6.177145855,30.7914863,1.797909376,0.079796248,0.211960346,0.138516086,86.0,43.0,21.0,17.0,8.0,30.16018193,6.0,3.0,0.296367306,0.009165999,51.92580819,14.42066049,0.081930155,0.00146,0.035258505,0.297621335,0.33287984,0.016218913,0.166667947,0.18288686,0.18288686,14.125,Ted Ginn Jr.,None,FA,177,10453,,FA,,{},"['RB/WR', 'WR', 'WR/TE', 'RB/WR/TE', 'OP', 'BE', 'IR']",,,,,,,,,,,,,,,,,,,,,,,,,,,,,,,,,,,,,,,,,,,,,,,,,,,,,,,,,,,,,,,,,,,,,,,,,,,,,,,,,,,,,,,,,,,,,,,,,,,,,,,,,,,,,,,,,,,,,,,,,,,,,,,,,,,,24.0,1.0,,,,,,,,,,,,,,,,,,,,,,,,,,,,,,,,,,,,,,,,,,,,,,,,,,,,,,,,,,,,,,,,,,,,,,,,,,,,,,,,,,,,,,,,,,,,,,,,,,,,,,,,,,,,,2020,,,,,,,,,,,,,,,,,,,,,,,,,,,,,,,,,,,,,
0.0,0.0,0.0,0.0,,,,,,,,,,,,,,,,,,,,,,,,,,,,,,,,,,,,,1.0,2.0,,,1.0,,,,,,,,,,,,,,,,,,,,,,,,,,,,,,,,,,,,,,,,,,,,Stephen Hauschka,None,FA,44,11923,,FA,,{},"['K', 'BE', 'IR']",,,,,,,,,,,,,,,,,,,,,,,,,,,,,,,,,,,,,,,,,,,,,,,,,,,,,,,,,,,,,,,,,,,,,,,,,,,,,,,,,,1.0,1.0,,1.0,1.0,,2.0,2.0,2.0,2.0,,,,,,,,,,,,,,,,,,,,,,,,,,,,,,,,,,,,,,,,,,,,,,,,,,,,,,,,,,,,,,,,,,,,,,,,,,,,,,,,,,,,,,,,,,,,,,,,,,,,,,,,,,,,,,,,,,,,,,,,,,,,,,,,,,,,,,,,,,,,,,,,,,,,,,,2020,,,,,,,,,,,,,,,,,,,,,,,,,,,,,,,,,,,,,
16.0,1.0,10.72,0.71,,,,,,,,,,,,,,,,,13.0,4.3125,2.0,11.0,4.0,1.0,,,,17.0,19.0,5.30769231,,,,,,,,8.0,8.0,12.0,,,16.0,,,,,,,,,,,,,,,,,4.765399963,0.631053231,0.02139451,0.084278825,0.055076212,14.0,7.0,3.0,2.0,1.0,7.843757184,1.0,,0.033313906,0.00103,10.64681478,9.1510784,0.02139451,0.000442,,0.100549499,0.100549499,,0.05630772,0.05630772,0.05630772,15.0625,Jason Witten,LV,FA,60,4527,,FA,,{},"['WR/TE', 'TE', 'RB/WR/TE', 'OP', 'BE', 'IR']",,,,,,,,,,,,,,,,,,,,2.0,,,,,,,,,,,,,,,,,,,,,,,,,,,,,,,,,,,,,,,,,,,,,,,,,,,,,,,,,,,,,,,,,,,,,,,,,,,,,,,,,,,,,,,,,,,,,,,,,,,,,,,,,,,,,,,,,,,,,,,,,,,,,,,,,,,,,,,,,,,,,,,,,,,,,,,,,,,,,,,,,,,,,,,,,,,,,,,,,,,,,,,,,,,,,,,,,,,,,,,,,,,,,,,,,,,,,,,,,,,,,,2020,,,,,,,,,,,,,,,,,,,,,,,,,,,,,,,,,,,,,
32.0,2.91,21.2,1.41,1.0,,,,,,,,,,,,,,,,20.0,24.90909091,1.0,53.0,26.0,11.0,8.0,3.0,1.0,32.0,62.0,13.7,,,,,,3.0,3.0,4.0,7.0,6.0,,,11.0,,,,,,,,,,,,,,,,,9.982924904,0.87620968,0.062460616,0.206459913,0.134921553,30.0,15.0,7.0,6.0,3.0,11.34572721,2.0,1.0,0.057726079,0.00179,18.07074713,13.25325416,0.062460616,0.00054,,0.122682504,0.122682504,,0.068702202,0.068702202,0.068702202,15.0625,Olamide Zaccheaus,ATL,FA,108,3917914,,FA,,{},"['RB/WR', 'WR', 'WR/TE', 'RB/WR/TE', 'OP', 'BE', 'IR']",,1.0,1.0,1.0,1.0,,,,,,0.159432,,548.2008,,54.0,21.0,,,,,,,,,,,,,,,,,,,,,,,,,,,,,,,,,,,,,,,,,,,,,,,,,,,,,,,,,,,,,,,,,,,,,,,,,,,,,,,,,,,,,,,,,,,,,,,,,,,,,,,,,,,,,,,,,,,,,,,,,,,,,,,,,,,,,,,,,,,,,,,,,,,,,,,,,,,,,,,,,,,,,,,,,,,,,,,,,,,,,,,,,,,,,,,,,,,,,,,,,,,,,,,,,,,,,,,,,,,,,,,,,,2020,,,,,,,,,,,,,,,,,,,,,,,,,,,,,,,,,,,,,
0.0,0.0,0.0,0.0,,,,,,,,,,,,,,,,,,,,,,,,,,,,,,,,,,,,,,,,,,,,,,,,,,,,,,,,,,,,,,,,,,,,,,,,,,,,,,,,,,,,,Eli Manning,NYG,FA,0,5526,,FA,,{},"['QB', 'OP', 'BE', 'IR']",,,,,,,,,,,,,,,,,,,,,,,,,,,,,,,,,,,,,,,,,,,,,,,,,,,,,,,,,,,,,,,,,,,,,,,,,,,,,,,,,,,,,,,,,,,,,,,,,,,,,,,,,,,,,,,,,,,,,,,,,,,,,,,,,,,,,,,,,,,,,,,,,,,,,,,,,,,,,,,,,,,,,,,,,,,,,,,,,,,,,,,,,,,,,,,,,,,,,,,,,,,,,,,,,,,,,,,,,,,,,,,,,,,,,,,,,,,,,,,,,,2020,,,,,,,,,,,,,,,,,,,,,,,,,,,,,,,,,,,,,
0.0,0.0,14.2,1.01,,,,,,,,,,,,,,,,,,,,,,,,,,,,,,,,,,,,,,,,,,18.59136562,5.406139079,0.536493071,0.0195,15.0,7.0,3.0,3.0,1.0,3.0,1.0,0.0345,0.0241,0.0157,0.000535,4.107375221,2.162481137,0.186109829,0.009561359,0.049685124,0.032469228,6.0,3.0,1.0,1.0,,3.806074391,,,0.016412114,0.000507591,5.079061267,8.025341317,0.029069151,0.000929,0.175,0.035864401,0.211049675,0.0806,0.020084064,0.100669291,0.100669291,14.125,Eno Benjamin,ARI,FA,0,4242873,,FA,,{},"['Rookie', 'RB', 'RB/WR', 'RB/WR/TE', 'OP', 'BE', 'IR']",,,,,,,,,,,,,,,,,,,,,,,,,,,,,,,,,,,,,,,,,,,,,,,,,,,,,,,,,,,,,,,,,,,,,,,,,,,,,,,,,,,,,,,,,,,,,,,,,,,,,,,,,,,,,,,,,,,,,,,,,,,,,,,,,,,,,,,,,,,,,,,,,,,,,,,,,,,,,,,,,,,,,,,,,,,,,,,,,,,,,,,,,,,,,,,,,,,,,,,,,,,,,,,,,,,,,,,,,,,,,,,,,,,,,,,,,,,,,,,,,,2020,,,,,,,,,,,,,,,,,,,,,,,,,,,,,,,,,,,,,
14.0,7.0,49.77,3.32,,,,,,,,,,,,,,,,,8.0,43.5,1.0,17.0,8.0,4.0,2.0,,,11.0,30.0,10.875,,,,,,,,,2.0,6.0,,,2.0,,,,,,,,,,,,,,,,,22.65788604,2.633971791,0.134863398,0.065483924,0.042793745,68.0,34.0,17.0,13.0,6.0,36.99699963,7.0,3.0,0.168741479,0.00522,53.88855284,9.224650972,0.134863398,0.00121,,0.275962735,0.275962735,,0.154539132,0.154539132,0.154539132,15.0625,C.J. Uzomah,CIN,FA,65,2574576,,FA,,{},"['WR/TE', 'TE', 'RB/WR/TE', 'OP', 'BE', 'IR']",,,,,,,,,,,,,,,,,,,,,1.0,,,,,,,,,,,,,,,,,,,,,,,,,,,,,,,,,,,,,,,,,,,,,,,,,,,,,,,,,,,,,,,,,,,,,,,,,,,,,,,,,,,,,,,,,,,,,,,,,,,,,,,,,,,,,,,,,,,,,,,,,,,,,,,,,,,,,,,,,,,,,,,,,,,,,,,,,,,,,,,,,,,,,,,,,,,,,,,,,,,,,,,,,,,,,,,,,,,,,,,,,,,,,,,,,,,,,,,,,,,,,2020,,,,,,,,,,,,,,,,,,,,,,,,,,,,,,,,,,,,,
-4.0,-4.0,,,2.0,7.0,,1.0,,,,,,,,,,,,3.5,,,,,,,,,,,,,,,,,2.0,,,,1.0,,,,1.0,,,,,,,,,,,,,,,,,,,,,,,,,,,,,,,,,,,,,,,,,,,,Kendall Hinton,DEN,FA,79,3700815,,FA,,{},"['QB', 'OP', 'BE', 'IR']",,,,,,,,,,,,,,,,,,,,,,9.0,1.0,8.0,13.0,,2.0,1.0,,,,,,,1.0,,,,,,2.0,0.11111111,1.0,,,,,,,,,,,,,,,,,,,,,,,,,,,,,,,,,,,,,,,,,,,,,,,,,,,,,,,,,,,,,,,,,,,,,,,,,,,,,,,,,,,,,,,,,,,,,,,,,,,,,,,,,,,,,,,,,,,,,,,,,,,,,,,,,,,,,,,,,,,,,,,,,,,,,,,,,,,,,,,,,,,,,,,,,,,,,,,,,,,,,,,,,,,,,,,,,,,,,,,2020,,,,,,,,,,,,,,,,,,,,,,,,,,,,,,,,,,,,,
0.0,0.0,44.59,3.18,,,,,,,,,,,,,,,,,,,,,,,,,,,,,,,,,,,,,,,,,,2.22346342,0.939786496,0.05604147,0.001579411,2.0,1.0,,,,,,0.004082873,0.002858011,0.000413,1.41e-05,6.155100518,19.66042579,2.554117294,0.081267689,0.185248902,0.121060157,57.0,28.0,14.0,11.0,5.0,20.96868066,4.0,2.0,0.14251967,0.00441,35.38025687,13.65393251,0.0828471,0.000984,0.021430045,0.202099013,0.223529057,0.009857821,0.113175447,0.123033268,0.123033268,14.5625,Phillip Dorsett II,SEA,FA,0,2579604,,FA,,{},"['RB/WR', 'WR', 'WR/TE', 'RB/WR/TE', 'OP', 'BE', 'IR']",,,,,,,,,,,,,,,,,,,,,,,,,,,,,,,,,,,,,,,,,,,,,,,,,,,,,,,,,,,,,,,,,,,,,,,,,,,,,,,,,,,,,,,,,,,,,,,,,,,,,,,,,,,,,,,,,,,,,,,,,,,,,,,,,,,,,,,,,,,,,,,,,,,,,,,,,,,,,,,,,,,,,,,,,,,,,,,,,,,,,,,,,,,,,,,,,,,,,,,,,,,,,,,,,,,,,,,,,,,,,,,,,,,,,,,,,,,,,,,,,,2020,,,,,,,,,,,,,,,,,,,,,,,,,,,,,,,,,,,,,
0.0,0.0,0.0,0.0,,,,,,,,,,,,,,,,,,,,,,,,,,,,,,,,,,,,,,,,,,,,,,,,,,,,,,,,,,,,,,,,,,,,,,,,,,,,,,,,,,,,,Devin Funchess,GB,FA,0,2977609,,FA,,{},"['RB/WR', 'WR', 'WR/TE', 'RB/WR/TE', 'OP', 'BE', 'IR']",,,,,,,,,,,,,,,,,,,,,,,,,,,,,,,,,,,,,,,,,,,,,,,,,,,,,,,,,,,,,,,,,,,,,,,,,,,,,,,,,,,,,,,,,,,,,,,,,,,,,,,,,,,,,,,,,,,,,,,,,,,,,,,,,,,,,,,,,,,,,,,,,,,,,,,,,,,,,,,,,,,,,,,,,,,,,,,,,,,,,,,,,,,,,,,,,,,,,,,,,,,,,,,,,,,,,,,,,,,,,,,,,,,,,,,,,,,,,,,,,,2020,,,,,,,,,,,,,,,,,,,,,,,,,,,,,,,,,,,,,
15.0,1.88,10.39,0.69,,,,,,,,,,,,,,,,,4.0,10.625,,16.0,7.0,3.0,2.0,,,8.0,9.0,21.25,,,,,,,,2.0,5.0,8.0,,,8.0,,,,,,,,,,,,,,,,,4.834885809,0.559290584,0.046999254,0.16109769,0.10527734,14.0,7.0,3.0,2.0,1.0,5.254409946,1.0,,0.033940549,0.00105,9.258384377,13.85987547,0.046999254,0.00025,,0.05681647,0.05681647,,0.031817223,0.031817223,0.031817223,15.0625,J.J. Arcega-Whiteside,PHI,FA,152,3931397,,FA,,{},"['RB/WR', 'WR', 'WR/TE', 'RB/WR/TE', 'OP', 'BE', 'IR']",,,,,,,,,,,,,,,,,,,,,,,,,,,,,,,,,,,,,,,,,,,,,,,,,,,,,,,,,,,,,,,,,,,,,,,,1.0,1.0,,,,,,,,,,,,,,,,,,,,,,,,,,,,,,,,,,,,,,,,,,,,,,,,,,,,,,,,,,,,,,,,,,,,,,,,,,,,,,,,,,,,,,,,,,,,,,,,,,,,,,,,,,,,,,,,,,,,,,,,,,,,,,,,,,,,,,,,,,,,,,,,,,,,,,,,,,,,,,,,,,,,,,1.0,,,2020,,,,,,,,,,,,,,,,,,,,,,,,,,,,,,,,,,,,,
9.0,1.0,38.84,2.59,,,,,,,,,,,,,,,,,2.0,4.33333333,1.0,7.0,3.0,1.0,1.0,,,7.0,6.0,19.5,,,,,,,,3.0,6.0,6.0,,,9.0,,,,,,,,,,,,,,,,,19.11490063,1.831518696,0.078898541,0.155927615,0.101898696,57.0,28.0,14.0,11.0,5.0,23.67263905,4.0,2.0,0.122208285,0.00378,37.08782732,12.1624881,0.078898541,0.00123,,0.280678834,0.280678834,,0.157180147,0.157180147,0.157180147,15.0625,Devin Asiasi,NE,FA,105,4046522,,FA,,{},"['Rookie', 'WR/TE', 'TE', 'RB/WR/TE', 'OP', 'BE', 'IR']",,,,,,,,,,,,,,,,,,,,,1.0,,,,,,,,,,,,,,,,,,,,,,,,,,,,,,,,,,,,,,,,,,,,,,,,,,,,,,,,,,,,,,,,,,,,,,,,,,,,,,,,,,,,,,,,,,,,,,,,,,,,,,,,,,,,,,,,,,,,,,,,,,,,,,,,,,,,,,,,,,,,,,,,,,,,,,,,,,,,,,,,,,,,,,,,,,,,,,,,,,,,,,,,,,,,,,,,,,,,,,,,,,,,,,,,,,,,,,,,,,,,,2020,,,,,,,,,,,,,,,,,,,,,,,,,,,,,,,,,,,,,
17.0,1.13,22.86,1.52,1.0,-0.2,,,,,,,,,,,,,,-3.0,9.0,12.46666667,,36.0,17.0,7.0,6.0,2.0,,15.0,36.0,20.77777778,,,,,,2.0,3.0,10.0,5.0,,,,15.0,,,,,,,,,,,,,,,,,9.992828301,1.117115577,0.041454225,0.228322587,0.14920881,30.0,15.0,7.0,6.0,3.0,10.78038921,2.0,1.0,0.057792775,0.001787405,17.63694406,13.96210966,0.041454225,0.000512906,,0.116569446,0.116569446,,0.06527889,0.06527889,0.06527889,15.0625,Kalif Raymond,TEN,FA,129,2973405,,FA,,{},"['RB/WR', 'WR', 'WR/TE', 'RB/WR/TE', 'OP', 'BE', 'IR']",,,,1.0,1.0,,,275.0,24.0,7.0,0.073584,0.1274988,513.336,149.9985882,51.0,20.0,14.0,5.0,,,,,,,,,,,,,,,,,,,,,,,,,,,,,,,,,,,,,,,,,,,,,,,,,,,,,,,,,1.0,,,,,,,,,,,,,,,,,,,,,,,,,,,,,,,,,,,,,,,,,,,,,,,,,,,,,,,,,208.0,17.0,4.0,,,,,,,,,,,,,,,,,,,,,,,,,,,,,,,,,,,,,,,,,,,,,,,,,,,,,,,,,,,,,,,,,,,,,,,,,,,,,,,,,,,,,,,,,,,,,,,,,,,,,,,,,,,,2020,,,,,,,,,,,,,,,,,,,,,,,,,,,,,,,,,,,,,
18.0,1.38,22.41,1.6,5.0,1.76923077,,4.0,1.0,,,,,,,,,,,4.6,5.0,4.76923077,1.0,11.0,5.0,1.0,1.0,,,5.0,35.0,12.4,,1.0,,,,1.0,2.0,5.0,8.0,12.0,,1.0,13.0,,,,,,,,,,,,,,,,,11.19617972,0.91944584,0.039589022,0.156908203,0.10253951,31.0,15.0,7.0,6.0,3.0,11.98799917,2.0,1.0,0.05931118,0.00183,19.93408321,13.13365767,0.039589022,0.00057,,0.129627456,0.129627456,,0.072591375,0.072591375,0.072591375,14.0625,Gunner Olszewski,NE,FA,129,4424106,,FA,,{},"['RB/WR', 'WR', 'WR/TE', 'RB/WR/TE', 'OP', 'BE', 'IR']",,,,,,,,418.0,40.0,15.0,0.150053647,0.175382965,515.9536941,237.8299294,51.0,20.0,23.0,9.0,,,,,,,,,,,,,,,,,,,,,,,,,,,,,,,,,,,,,,,,,,,,,,,,,,,,,,,,,1.0,,,,,,,,,,,,,,,,,,,,,,,,,,,,,,,,,,,,,,,,,,,,,,,,,,1.0,,1.0,,,,,346.0,30.0,9.0,,,,,,,,,,,,,,,,,,,,,,,,,,,,,,,,,,,,,,,,,,,,,,,,,,,,,,,,,,,,,,,,,,,,,,,,,,,,,,,,,,,,,,,,,,,,,,,,,,,,,,,,,,,,2020,,,,,,,,,,,,,,,,,,,,,,,,,,,,,,,,,,,,,
32.0,2.0,12.9,0.86,3.0,-0.75,,,,,,,,,,,,,,-4.0,17.0,11.8125,2.0,35.0,16.0,7.0,5.0,2.0,1.0,28.0,116.0,11.11764706,,,,,,1.0,1.0,6.0,10.0,12.0,,,16.0,,,,,,,,,,,,,,,,,6.186205167,0.593622988,0.030971002,0.180595046,0.118018862,18.0,9.0,4.0,3.0,1.0,7.109521973,1.0,,0.040471271,0.00125,11.58145641,13.10632637,0.030971002,0.000338,,0.076875985,0.076875985,,0.043050552,0.043050552,0.043050552,15.0625,Cedrick Wilson,DAL,FA,108,4036335,,FA,,{},"['RB/WR', 'WR', 'WR/TE', 'RB/WR/TE', 'OP', 'BE', 'IR']",,2.0,,1.0,1.0,,,,,,0.059787,,205.5753,,20.0,8.0,,,,,,2.0,2.0,,1.4375,1.0,4.0,2.0,,,,,,,,,,,,,,1.0,,,,1.0,,,,,,,,,,,,,,,,,,,,,,,,,,,,,,,,1.0,,,,,,,,,,,,,,,,,,,,,,,,,,,,,,,,,,,,,,,,,,,,,,,,,,,,,,20.0,1.0,,,,,,,,,,,,,,,,,,,,,,,,,,,,,,,,,,,,,,,,,,,,,,,,,,,,,,,,,,,,,,,,,,,,,,,,,,,,,,,,,,,,,,,,,,,,,,,,,,,,,,,,,,,,,2020,,,,,,,,,,,,,,,,,,,,,,,,,,,,,,,,,,,,,
0.0,0.0,0.0,0.0,,,,,,,,,,,,,,,,,,,,,,,,,,,,,,,,,,,,,,,,,,,,,,,,,,,,,,,,,,,,,,,,,,,,,,,,,,,,,,,,,,,,,Antonio Gates,None,FA,0,5362,,FA,,{},"['WR/TE', 'TE', 'RB/WR/TE', 'OP', 'BE', 'IR']",,,,,,,,,,,,,,,,,,,,,,,,,,,,,,,,,,,,,,,,,,,,,,,,,,,,,,,,,,,,,,,,,,,,,,,,,,,,,,,,,,,,,,,,,,,,,,,,,,,,,,,,,,,,,,,,,,,,,,,,,,,,,,,,,,,,,,,,,,,,,,,,,,,,,,,,,,,,,,,,,,,,,,,,,,,,,,,,,,,,,,,,,,,,,,,,,,,,,,,,,,,,,,,,,,,,,,,,,,,,,,,,,,,,,,,,,,,,,,,,,,2020,,,,,,,,,,,,,,,,,,,,,,,,,,,,,,,,,,,,,
0.0,0.0,0.0,0.0,,,,,,,,,,,,,,,,,,,,,,,,,,,,,,,,,,,,,,,,,,,,,,,,,,,,,,,,,,,,,,,,,,,,,,,,,,,,,,,,,,,,,Adam Vinatieri,None,FA,0,1097,,FA,,{},"['K', 'BE', 'IR']",,,,,,,,,,,,,,,,,,,,,,,,,,,,,,,,,,,,,,,,,,,,,,,,,,,,,,,,,,,,,,,,,,,,,,,,,,,,,,,,,,,,,,,,,,,,,,,,,,,,,,,,,,,,,,,,,,,,,,,,,,,,,,,,,,,,,,,,,,,,,,,,,,,,,,,,,,,,,,,,,,,,,,,,,,,,,,,,,,,,,,,,,,,,,,,,,,,,,,,,,,,,,,,,,,,,,,,,,,,,,,,,,,,,,,,,,,,,,,,,,,2020,,,,,,,,,,,,,,,,,,,,,,,,,,,,,,,,,,,,,
6.0,0.4,0.01,0.0,1.0,-0.06666667,,,,,,,,,,,,,,-1.0,9.0,3.0,1.0,7.0,2.0,,,,,12.0,45.0,5.0,1.0,1.0,1.0,1.0,1.0,1.0,1.0,11.0,4.0,6.0,,,15.0,,,,,,,,,,,,,,,,,,,,,,,,,,,,,,,,,,,,,,,,,,,16.0,Patrick Ricard,BAL,FA,1,2975417,,FA,,{},"['DT', 'DL', 'DP', 'BE', 'IR', 'RB', 'RB/WR', 'RB/WR/TE', 'OP']",,,,,,,,,,,,,,,,,,,,1.0,,,,,,,,,,,,,,,,,,,,,,,,,,,,,,,,,,,,,,,,,,,,,,,,,,,,,,,,,,,,,,,,,,,,,,,,,,,,,,,,,,,,,,,,,,,,,,,,,,,,,,,,,,,,,,,,,,,,,,,,,,,,,,,,,,,,,,,,,,,,,,,0.001914974,0.004707639,0.040142194,0.005106596,0.000990176,0.17865963,0.357319259,,0.001914974,0.001914974,0.061757222,2.820727552,,,0.100025326,,,,,,,,,,,,,,,,,,,,,,,,,,,,,,,,,,,,,,,,,,,,,,,,,,,,,,,,,,,,,,,1.217028352,1.6036992,2020,,,,,,,,,,,,,,,,,,,,,,,,,,,,,,,,,,,,,
11.0,2.2,39.02,2.6,,,,,,,,,,,,,,,,,14.0,23.6,,23.0,11.0,5.0,3.0,1.0,1.0,26.0,41.0,8.42857143,,,,,,,,,5.0,,,,5.0,,,,,,,,,,,,,,,,,19.56068901,1.680182152,0.076145437,0.231797463,0.151479642,58.0,29.0,14.0,11.0,5.0,21.03084068,4.0,2.0,0.146380061,0.00453,34.4878558,14.00956256,0.076145437,0.000844,,0.191707954,0.191707954,,0.107356454,0.107356454,0.107356454,15.0625,Chris Hogan,None,FA,152,14402,,FA,,{},"['RB/WR', 'WR', 'WR/TE', 'RB/WR/TE', 'OP', 'BE', 'IR']",,,,,,,,,,,,,,,,,,,,,,,,,,,,,,,,,,,,,,,,,,,,,,,,,,,,,,,,,,,,,,,,,,,,,,,,,,,,,,,,,,,,,,,,,,,,,,,,,,,,,,,,,,,,,,,,,,,,,,,,,,,,,,,,,,,,,,,,,,,,,,,,,,,,,,,,,,,,,,,,,,,,,,,,,,,,,,,,,,,,,,,,,,,,,,,,,,,,,,,,,,,,,,,,,,,,,,,,,,,,,,,,,,,,,,,,,,,,,,,,,,2020,,,,,,,,,,,,,,,,,,,,,,,,,,,,,,,,,,,,,
0.0,0.0,0.0,0.0,,,,,,,,,,,,,,,,,,,,,,,,,,,,,,,,,,,,,,,,,,,,,,,,,,,,,,,,,,,,,,,,,,,,,,,,,,,,,,,,,,,,,Jamaal Charles,None,FA,0,11307,,FA,,{},"['RB', 'RB/WR', 'RB/WR/TE', 'OP', 'BE', 'IR']",,,,,,,,,,,,,,,,,,,,,,,,,,,,,,,,,,,,,,,,,,,,,,,,,,,,,,,,,,,,,,,,,,,,,,,,,,,,,,,,,,,,,,,,,,,,,,,,,,,,,,,,,,,,,,,,,,,,,,,,,,,,,,,,,,,,,,,,,,,,,,,,,,,,,,,,,,,,,,,,,,,,,,,,,,,,,,,,,,,,,,,,,,,,,,,,,,,,,,,,,,,,,,,,,,,,,,,,,,,,,,,,,,,,,,,,,,,,,,,,,,2020,,,,,,,,,,,,,,,,,,,,,,,,,,,,,,,,,,,,,
18.0,1.64,17.91,8.95,17.0,1.72727273,3.0,1.0,,,,,,,,,,,,1.11764706,,,,,,,,,,,,,,,,,,,,7.0,4.0,18.0,3.0,,11.0,2.791661699,5.194541012,0.165134133,0.006188892,2.0,1.0,,,,,,0.005128481,0.003589937,0.000308,1.05e-05,4.149437756,,,,,,,,,,,,,,,,,,0.111687069,0.00283,0.039370779,,0.643018228,0.018110558,,0.307861334,0.837478486,2.23,Jacoby Brissett,IND,FA,48,2578570,,FA,,{},"['QB', 'OP', 'BE', 'IR']",,,,,,,,,,,,,,,,,,,,,,8.0,2.0,6.0,1.54545455,,3.0,1.0,,,,,,,,,,,,,,0.25,2.0,,,,,,39.5408064,24.12245245,15.41835394,114.3904643,1.838418089,51.0,25.0,12.0,10.0,5.0,2.0,4.0,2.0,0.101159932,0.066108015,0.349097845,0.047153965,0.105498177,0.529617152,0.610064757,3.261990944,0.60364745,0.289750776,,,,,,,,,,,,,,,,,,,,,,,,,,,,,,,,,,,,,,,,,,,,,,,,,,,,,,,,,,,,,,,,,,,,,,,,,,,,,,,,,,,,,,,,,,,,,,,,,,,,,,,,,,,,,,,,,,,,,,,,,,,,,,,,,,,,,,,,,,,,,,,,,,,,,,,,,,,,,,,,,,,,,,,,,,,2020,,,,,,,,,,,,,,,,,,,,,,,,,,,,,,,,,,,,,
20.0,2.22,47.44,3.16,,,,,,,,,,,,,,,,,14.0,12.55555556,2.0,19.0,8.0,3.0,2.0,,,17.0,42.0,8.07142857,,,,,,,,6.0,3.0,12.0,,,9.0,,,,,,,,,,,,,,,,,20.34561903,2.898925351,0.161088834,0.074359282,0.048593791,61.0,30.0,15.0,12.0,6.0,33.27119498,6.0,3.0,0.136573296,0.00422,46.91545934,9.210847006,0.161088834,0.001091956,,0.248171746,0.248171746,,0.138976178,0.138976178,0.138976178,15.0625,Nick Boyle,BAL,FA,56,2574591,,FA,,{},"['WR/TE', 'TE', 'RB/WR/TE', 'OP', 'BE', 'IR']",,,,,,,,,,,,,,,,,,,,2.0,,,,,,,,,,,,,,,,,,,,,,,,,,,,,,,,,,,,,,,,,,,,,,,,,,,,,,,,,,,,,,,,,,,,,,,,,,,,,,,,,,,,,,,,,,,,,,,,,,,,,,,,,,,,,,,,,,,,,,,,,,,,,,,,,,,,,,,,,,,,,,,,,,,,,,,,,,,,,,,,,,,,,,,,,,,,,,,,,,,,,,,,,,,,,,,,,,,,,,,,,,,,,,,,,,,,,,,,,,,,,,2020,,,,,,,,,,,,,,,,,,,,,,,,,,,,,,,,,,,,,
16.0,4.0,1.69,0.12,,,,,,,,,,,,,,,,,11.0,30.25,1.0,23.0,10.0,5.0,3.0,1.0,1.0,15.0,72.0,11.0,,,,,,,,2.0,2.0,6.0,,,4.0,,,,,,,,,,,,,,,,,1.295855578,0.117365764,0.006098925,0.090166135,0.058923569,3.0,1.0,,,,1.815886543,,,0.010671626,0.00033,2.760586879,10.39211229,0.006098925,9.47e-05,,0.02153038,0.02153038,,0.012057013,0.012057013,0.012057013,14.5625,Albert Okwuegbunam,DEN,FA,60,4035115,,FA,,{},"['Rookie', 'WR/TE', 'TE', 'RB/WR/TE', 'OP', 'BE', 'IR']",,,,,,,,,,,,,,,,,,,,1.0,,,,,,,,,,,,,,,,,,,,,,,,,,,,,,,,,,,,,,,,,,,,,,,,,,,,,,,,,,,,,,,,,,,,,,,,,,,,,,,,,,,,,,,,,,,,,,,,,,,,,,,,,,,,,,,,,,,,,,,,,,,,,,,,,,,,,,,,,,,,,,,,,,,,,,,,,,,,,,,,,,,,,,,,,,,,,,,,,,,,,,,,,,,,,,,,,,,,,,,,,,,,,,,,,,,,,,,,,,,,,,2020,,,,,,,,,,,,,,,,,,,,,,,,,,,,,,,,,,,,,
0.0,0.0,1.7,0.12,,,,,,,,,,,,,,,,,2.0,1.0,,1.0,,,,,,4.0,2.0,2.5,,,,,,1.0,1.0,2.0,3.0,,,,5.0,,,,,,,,,,,,,,,,,1.272310974,0.118518685,0.006145348,0.116706626,0.07626778,3.0,1.0,,,,1.655487682,,,0.010150338,0.000313928,2.431700081,10.80761474,0.006145348,7.76e-05,,0.017640539,0.017640539,,0.009878702,0.009878702,0.009878702,14.0625,Jake Butt,DEN,FA,105,3045225,,FA,,{},"['WR/TE', 'TE', 'RB/WR/TE', 'OP', 'BE', 'IR']",,,,,,,,,,,,,,,,,,,,,,,,,,,,,,,,,,,,,,,,,,,,,,,,,,,,,,,,,,,,,,,,,,,,,,,,,,,,,,,,,,,,,,,,,,,,,,,,,,,,,,,,,,,,,,,,,,,,,,,,,,,,,,,,,,,,,,,,,,,,,,,,,,,,,,,,,,,,,,,,,,,,,,,,,,,,,,,,,,,,,,,,,,,,,,,,,,,,,,,,,,,,,,,,,,,,,,,,,,,,,,,,,,,,,,,,,,,,,,,,,,2020,,,,,,,,,,,,,,,,,,,,,,,,,,,,,,,,,,,,,
25.0,2.5,45.03,3.0,,,,,,,,,,,,,,,,,18.0,16.3,2.0,31.0,13.0,5.0,3.0,,1.0,28.0,50.0,9.05555556,,1.0,,,,2.0,2.0,5.0,5.0,12.0,,,10.0,,,,,,,,,,,,,,,,,24.73365971,1.370627399,0.072912411,0.200310529,0.130902931,74.0,37.0,18.0,14.0,7.0,27.88814604,5.0,2.0,0.20463548,0.00633,45.13381207,13.35874923,0.072912411,0.00137,,0.311890682,0.311890682,,0.174658782,0.174658782,0.174658782,15.0625,Dontrelle Inman,WSH,FA,117,14269,,FA,,{},"['RB/WR', 'WR', 'WR/TE', 'RB/WR/TE', 'OP', 'BE', 'IR']",,,,,,1.0,,,,,,,,,,,,,,,,,,,,,,,,,,,,,,,,,,,,,,,,,,,,,,,,,,,,,,,,,,,,,,,,,,,,2.0,,,,,,,,,,,,,,,,,,,,,,,,,,,,,,,,,,,,,,,,,,,,,,,,,,,,,,,,,,,,,,,,,,,,,,,,,,,,,,,,,,,,,,,,,,,,,,,,,,,,,,,,,,,,,,,,,,,,,,,,,,,,,,,,,,,,,,,,,,,,,,,,,,,,,,,,,,,,,,,,,,,,,,,,2020,,,,,,,,,,,,,,,,,,,,,,,,,,,,,,,,,,,,,
13.0,0.93,24.85,1.66,6.0,2.35714286,,5.0,2.0,,,,,,,,,,,5.5,13.0,6.35714286,,15.0,7.0,2.0,,,,20.0,102.0,6.84615385,,2.0,,1.0,1.0,4.0,4.0,4.0,10.0,6.0,,,14.0,2.014581376,0.829856828,0.053643463,0.002471494,2.0,1.0,,,,,,0.003698866,0.002589206,0.000338,1.15e-05,6.204623266,8.670612387,0.787047125,0.037130109,0.181621851,0.11868988,26.0,13.0,6.0,5.0,2.0,10.21247167,2.0,1.0,0.051773956,0.0016,16.19504363,12.7883928,0.039601603,0.000582,0.021783874,0.110428496,0.13221237,0.010020582,0.061839958,0.07186054,0.07186054,15.0625,Jamal Agnew,DET,FA,135,3061612,,FA,,{},"['RB/WR', 'WR', 'WR/TE', 'RB/WR/TE', 'OP', 'BE', 'IR']",,,,,,,,783.0,73.0,24.0,0.346117333,0.6324416,590.0346667,269.0650667,59.0,23.0,26.0,10.0,,,,1.0,,1.0,,,,,,,,,,,,,,,,,,,,,,,,,,,,,,,,,,,,,,,,,,,,,,,,,,,,,,,,,,,,,,,,,,,,,,,,,,,,,,,,,,,,,,,,,,,,,,,,,,,,,1.0,,1.0,,,1.0,,178.0,14.0,3.0,,,,,,,,,,,,,,,,,,,,,,,,,,,,,,,,,,,,,,,,,,,,,,,,,,,,,,,,,,,,,,,,,,,,,,,,,,,,,,,,,,,,,,,,,,,,,,,,,,,,,,,,,,,,2020,,,,,,,,,,,,,,,,,,,,,,,,,,,,,,,,,,,,,
7.0,1.75,34.77,11.59,5.0,-0.5,,,,,,,,1.0,,,,,,-0.4,,,,,,,,,,1.0,,,1.0,1.0,,,5.0,,,1.0,3.0,,,,4.0,6.845736299,7.940865566,0.271028942,0.009513358,5.0,2.0,1.0,1.0,,1.0,,0.012838679,0.008987075,0.0122,0.000417,4.117902229,,,,,,,,,,,,,,,,,,0.186106617,0.00628,0.089590196,,1.427657424,0.04121149,,0.68348376,3.467600803,3.55,P.J. Walker,CAR,FA,55,3051308,,FA,,{},"['QB', 'OP', 'BE', 'IR']",,,,,,,,,,,,,,,,,,,,,,56.0,32.0,24.0,92.0,1.0,72.0,35.0,16.0,13.0,6.0,2.0,5.0,2.0,3.0,1.0,,,,,5.0,0.57142857,4.0,,,1.0,,,95.6498707,56.655797,38.9940737,182.7604192,3.168033006,129.0,64.0,32.0,25.0,12.0,6.0,11.0,5.0,0.479462777,0.313328925,0.637663927,0.086131677,0.17659326,2.784117044,0.592324868,6.594077753,1.338067228,0.642272269,,,,,,,,,,,,,,,,,,,,,,,,,,,,,,,,,,,,,,,,,,,,,,,,,,,,,,,,,,,,,,,,,,,,,,,,,,,,,,,,,,,,,,,,,,,,,,,,,,,,,,,,,,,,,,,,,,,,,,,,,,,,,,,,,,,,,,,,,,,,,,,,,,,,,,,,,,,,,,,,,,,,,,,,,,,2020,,,,,,,,,,,,,,,,,,,,,,,,,,,,,,,,,,,,,
0.0,0.0,0.0,0.0,,,,,,,,,,,,,,,,,,,,,,,,,,,,,,,,,,,,,,,,,,,,,,,,,,,,,,,,,,,,,,,,,,,,,,,,,,,,,,,,,,,,,Justin Rohrwasser,NE,FA,0,3913295,,FA,,{},"['Rookie', 'K', 'BE', 'IR']",,,,,,,,,,,,,,,,,,,,,,,,,,,,,,,,,,,,,,,,,,,,,,,,,,,,,,,,,,,,,,,,,,,,,,,,,,,,,,,,,,,,,,,,,,,,,,,,,,,,,,,,,,,,,,,,,,,,,,,,,,,,,,,,,,,,,,,,,,,,,,,,,,,,,,,,,,,,,,,,,,,,,,,,,,,,,,,,,,,,,,,,,,,,,,,,,,,,,,,,,,,,,,,,,,,,,,,,,,,,,,,,,,,,,,,,,,,,,,,,,,2020,,,,,,,,,,,,,,,,,,,,,,,,,,,,,,,,,,,,,
34.0,2.12,25.42,1.69,,,,,,,,,,,,,,,,,23.0,18.3125,2.0,54.0,24.0,9.0,8.0,2.0,1.0,44.0,96.0,12.73913043,,1.0,,1.0,1.0,1.0,1.0,5.0,11.0,12.0,,,16.0,,,,,,,,,,,,,,,,,12.89742347,1.079721548,0.056252799,0.095839856,0.062631346,38.0,19.0,9.0,7.0,3.0,18.10623805,3.0,1.0,0.106939805,0.00331,28.06659621,10.72931,0.056252799,0.000689,,0.156627677,0.156627677,,0.087711499,0.087711499,0.087711499,15.0625,DaeSean Hamilton,DEN,FA,107,3057987,,FA,,{},"['RB/WR', 'WR', 'WR/TE', 'RB/WR/TE', 'OP', 'BE', 'IR']",,1.0,,,,1.0,1.0,,,,,,,,,,,,,1.0,,,,,,,,,,,,,,,,,,,,,,,,,,,,,,,,,,,,,,,,,,,,,,,,,,,,,,,,,,,,,,,,,,,,,,,,,,,,,,,,,,,,,,,,,,,,,,,,,,,,,,,,,,,,,,,,,,,,,,,,,,,,,,,,,,,,,,,,,,,,,,,,,,,,,,,,,,,,,,,,,,,,,,,,,,,,,,,,,,,,,,,,,,,,,,,,,,,,,,,,,,,,,,,,,,,,,,,,,,,,,,2020,,,,,,,,,,,,,,,,,,,,,,,,,,,,,,,,,,,,,
23.0,2.3,44.29,2.95,,,,,,,,,,,,,,,,,28.0,27.6,,51.0,23.0,8.0,6.0,1.0,1.0,44.0,72.0,9.85714286,,,,,,,,6.0,4.0,,,,10.0,,,,,,,,,,,,,,,,,22.73369631,1.744398835,0.084546089,0.135355424,0.08845477,68.0,34.0,17.0,13.0,6.0,29.20294482,5.0,2.0,0.170086238,0.00526,45.62321608,11.72574556,0.084546089,0.00139,,0.315774416,0.315774416,,0.176833673,0.176833673,0.176833673,15.0625,Isaiah Ford,MIA,FA,125,3124069,,FA,,{},"['RB/WR', 'WR', 'WR/TE', 'RB/WR/TE', 'OP', 'BE', 'IR']",,,,,,,,,,,,,,,,,,,,,,,,,,,,,,,,,,,,,,,,,,,,,,,,,,,,,,,,,,,,,,,,,,,,,,,,,,,,,,,,,,,,,,,,,,,,,,,,,,,,,,,,,,,,,,,,,,,,,,,,,,,,,,,,,,,,,,,,,,,,,,,,,,,,,,,,,,,,,,,,,,,,,,,,,,,,,,,,,,,,,,,,,,,,,,,,,,,,,,,,,,,,,,,,,,,,,,,,,,,,,,,,,,,,,,,,,,,,,,,,,,2020,,,,,,,,,,,,,,,,,,,,,,,,,,,,,,,,,,,,,
9.0,0.56,4.13,0.28,4.0,4.0625,,12.0,6.0,3.0,2.0,1.0,,,,,,,,16.25,20.0,4.8125,,13.0,5.0,1.0,,,,22.0,124.0,3.85,,2.0,,1.0,1.0,1.0,1.0,12.0,4.0,,,,16.0,,,,,,,,,,,,,,,,,1.500585265,0.137425814,0.006633684,0.160653269,0.104986911,4.0,2.0,1.0,,,1.813656856,,,0.0126408,0.000391,2.890460124,12.46242666,0.006633684,8.63e-05,,0.019611256,0.019611256,,0.010982304,0.010982304,0.010982304,15.0625,Ray-Ray McCloud,PIT,FA,157,3728262,,FA,,{},"['RB/WR', 'WR', 'WR/TE', 'RB/WR/TE', 'OP', 'BE', 'IR']",,,,,,,,646.0,57.0,19.0,0.1693965,0.0499296,582.46335,47.96808,58.0,23.0,4.0,1.0,,,,,,,,,,,,,,,,,,,,,,,,,,,,,,,,,,,,,,,,,,,,,,,,,,,,,,,,,,,,,,,,,,,,,,,,,,,,,,,,,,,,,,,,,,,,,,,,,,,,,,,,,,,,,,,,,,298.0,24.0,8.0,,,,,,,,,,,,,,,,,,,,,,,,,,,,,,,,,,,,,,,,,,,,,,,,,,,,,,,,,,,,,,,,,,,,,,,,,,,,,,,,,,,,,,,,,,,,,,,,,,,,,,,,,,,,2020,,,,,,,,,,,,,,,,,,,,,,,,,,,,,,,,,,,,,
13.0,13.0,0.0,0.0,3.0,28.0,,5.0,2.0,1.0,1.0,,,,,,,,,9.33333333,,,,,,,,,,,,,,,,,1.0,,,,1.0,,,,1.0,,,,,,,,,,,,,,,,,,,,,,,,,,,,,,,,,,,,,,,,,,,,Garrett Gilbert,DAL,FA,52,16809,,FA,,{},"['QB', 'OP', 'BE', 'IR']",,,,,,,,,,,,,,,,,,,,,,38.0,21.0,17.0,243.0,1.0,48.0,24.0,12.0,9.0,4.0,2.0,4.0,2.0,3.0,1.0,,,,,1.0,0.55263158,2.0,,,,1.0,,,,,,,,,,,,,,,,,,,,,,,,,,,,,,,,,,,,,,,,,,,,,,,,,,,,,,,,,,,,,,,,,,,,,,,,,,,,,,,,,,,,,,,,,,,,,,,,,,,,,,,,,,,,,,,,,,,,,,,,,,,,,,,,,,,,,,,,,,,,,,,,,,,,,,,,,,,,,,,,,,,,,,,,,,,,,,,,,,,,,,,,,,,,,,,,,,,2020,,,,,,,,,,,,,,,,,,,,,,,,,,,,,,,,,,,,,
27.0,3.38,0.0,0.0,29.0,19.625,2.0,29.0,13.0,6.0,4.0,1.0,,4.0,1.0,,,,,5.4137931,6.0,3.625,,4.0,2.0,,,,,8.0,24.0,4.83333333,,,,,,2.0,3.0,2.0,6.0,12.0,2.0,,8.0,,,,,,,,,,,,,,,,,,,,,,,,,,,,,,,,,,,,,,,,,,,,Josh Adams,NYJ,FA,89,3932420,,FA,,{},"['RB', 'RB/WR', 'RB/WR/TE', 'OP', 'BE', 'IR']",,,,,,,,,,,,,,,,,,,,,,,,,,,,,,,,,,,,,,,,,,,,,,,,,,,,,,,,,,,,,,,,,,,,,,,,,,,1.0,,,,,,,,,,,,,,,,,,,,,,,,,,,,,,,,,,,,,,,,,,,,,,,,,,,,,,,,,,,,,,,,,,,,,,,,,,,,,,,,,,,,,,,,,,,,,,,,,,,,,,,,,,,,,,,,,,,,,,,,,,,,,,,,,,,,,,,,,,,,,,,,,,,,,,,,,,,,,,,,,,,,,,,2020,,,,,,,,,,,,,,,,,,,,,,,,,,,,,,,,,,,,,
0.0,0.0,0.0,0.0,,,,,,,,,,,,,,,,,,,,,,,,,,,,,,,,,,,,,,,,,,,,,,,,,,,,,,,,,,,,,,,,,,,,,,,,,,,,,,,,,,,,,Jalen Hurd,SF,FA,0,3115328,,FA,,{},"['RB/WR', 'WR', 'WR/TE', 'RB/WR/TE', 'OP', 'BE', 'IR']",,,,,,,,,,,,,,,,,,,,,,,,,,,,,,,,,,,,,,,,,,,,,,,,,,,,,,,,,,,,,,,,,,,,,,,,,,,,,,,,,,,,,,,,,,,,,,,,,,,,,,,,,,,,,,,,,,,,,,,,,,,,,,,,,,,,,,,,,,,,,,,,,,,,,,,,,,,,,,,,,,,,,,,,,,,,,,,,,,,,,,,,,,,,,,,,,,,,,,,,,,,,,,,,,,,,,,,,,,,,,,,,,,,,,,,,,,,,,,,,,,2020,,,,,,,,,,,,,,,,,,,,,,,,,,,,,,,,,,,,,
-2.0,-0.5,0.0,0.0,,,,,,,,,,,,,,,,,5.0,5.0,,3.0,,,,,,5.0,45.0,4.0,,1.0,,1.0,1.0,,,4.0,,,,,4.0,,,,,,,,,,,,,,,,,,,,,,,,,,,,,,,,,,,,,,,,,,,,Tavon Austin,GB,FA,209,15786,,FA,,{},"['RB/WR', 'WR', 'WR/TE', 'RB/WR/TE', 'OP', 'BE', 'IR']",,,,,,,,,,,,,,,,,,,,,,,,,,,,,,,,,,,,,,,,,,,,,,,,,,,,,,,,,,,,,,,,,,,,,,,,,,,,,,,,,,,,,,,,,,,,,,,,,,,,,,,,,,,,,,,,,,,,,,,,,,,,,,,,,,,,14.0,,,,,,,,,,,,,,,,,,,,,,,,,,,,,,,,,,,,,,,,,,,,,,,,,,,,,,,,,,,,,,,,,,,,,,,,,,,,,,,,,,,,,,,,,,,,,,,,,,,,,,,,,,,,,,2020,,,,,,,,,,,,,,,,,,,,,,,,,,,,,,,,,,,,,
