points,avg_points,projected_points,projected_avg_points,actual_rushingAttempts,actual_rushingYards,actual_rushingTouchdowns,actual_27,actual_28,actual_29,actual_30,actual_31,actual_32,actual_33,actual_34,actual_rushing40PlusYardTD,actual_rushing50PlusYardTD,actual_rushing100To199YardGame,actual_rushing200PlusYardGame,actual_rushingYardsPerAttempt,actual_receivingReceptions,actual_receivingYards,actual_receivingTouchdowns,actual_47,actual_48,actual_49,actual_50,actual_51,actual_54,actual_receivingTargets,actual_receivingYardsAfterCatch,actual_receivingYardsPerReception,actual_66,actual_fumbles,actual_70,actual_lostFumbles,actual_turnovers,actual_defensiveSoloTackles,actual_defensiveTotalTackles,actual_teamWin,actual_teamLoss,actual_pointsScored,actual_179,actual_186,actual_210,proj_rushingAttempts,proj_rushingYards,proj_rushingTouchdowns,proj_rushing2PtConversions,proj_27,proj_28,proj_29,proj_30,proj_31,proj_33,proj_34,proj_rushing40PlusYardTD,proj_rushing50PlusYardTD,proj_rushing100To199YardGame,proj_rushing200PlusYardGame,proj_rushingYardsPerAttempt,proj_receivingYards,proj_receivingTouchdowns,proj_receiving2PtConversions,proj_receiving40PlusYardTD,proj_receiving50PlusYardTD,proj_47,proj_48,proj_49,proj_50,proj_51,proj_receivingReceptions,proj_54,proj_55,proj_receiving100To199YardGame,proj_receiving200PlusYardGame,proj_receivingTargets,proj_receivingYardsPerReception,proj_2PtConversions,proj_fumbleRecoveredForTD,proj_66,proj_67,proj_fumbles,proj_70,proj_71,proj_lostFumbles,proj_turnovers,proj_210,player_name,pro_team,acquisition_type,posRank,player_id,team_id,team_name,position,schedule,eligible_slots,lineup_slot,actual_receiving40PlusYardTD,actual_receiving50PlusYardTD,actual_52,actual_receiving100To199YardGame,actual_67,actual_71,actual_kickoffReturnYards,actual_116,actual_117,proj_kickoffReturnTouchdowns,proj_puntReturnTouchdowns,proj_kickoffReturnYards,proj_puntReturnYards,proj_116,proj_117,proj_puntsReturned,proj_119,actual_55,actual_183,actual_185,actual_passingAttempts,actual_passingCompletions,actual_passingIncompletions,actual_passingYards,actual_passingTouchdowns,actual_5,actual_6,actual_7,actual_8,actual_9,actual_10,actual_11,actual_12,actual_13,actual_14,actual_passing40PlusYardTD,actual_passing50PlusYardTD,actual_passing300To399YardGame,actual_passing2PtConversions,actual_passingInterceptions,actual_passingCompletionPercentage,actual_passingTimesSacked,actual_65,actual_175,actual_176,actual_177,actual_178,proj_passingAttempts,proj_passingCompletions,proj_passingIncompletions,proj_passingYards,proj_passingTouchdowns,proj_5,proj_6,proj_7,proj_8,proj_9,proj_10,proj_11,proj_12,proj_passing40PlusYardTD,proj_passing50PlusYardTD,proj_passing300To399YardGame,proj_passing400PlusYardGame,proj_passing2PtConversions,proj_passingInterceptions,proj_passingCompletionPercentage,proj_passingTimesSacked,proj_65,proj_69,actual_receiving2PtConversions,actual_2PtConversions,actual_184,actual_defensiveAssistedTackles,actual_180,actual_181,actual_defensiveForcedFumbles,actual_madeFieldGoalsFrom50Plus,actual_attemptedFieldGoalsFrom50Plus,actual_madeFieldGoalsFrom40To49,actual_attemptedFieldGoalsFrom40To49,actual_missedFieldGoalsFrom40To49,actual_madeFieldGoalsFromUnder40,actual_attemptedFieldGoalsFromUnder40,actual_missedFieldGoalsFromUnder40,actual_madeFieldGoals,actual_attemptedFieldGoals,actual_missedFieldGoals,actual_madeExtraPoints,actual_attemptedExtraPoints,actual_missedExtraPoints,actual_198,actual_199,proj_madeFieldGoalsFrom50Plus,proj_attemptedFieldGoalsFrom50Plus,proj_missedFieldGoalsFrom50Plus,proj_madeFieldGoalsFrom40To49,proj_attemptedFieldGoalsFrom40To49,proj_missedFieldGoalsFrom40To49,proj_madeFieldGoalsFromUnder40,proj_attemptedFieldGoalsFromUnder40,proj_missedFieldGoalsFromUnder40,proj_madeFieldGoals,proj_attemptedFieldGoals,proj_missedFieldGoals,proj_madeExtraPoints,proj_attemptedExtraPoints,proj_missedExtraPoints,proj_198,proj_199,proj_200,actual_defensiveFumbles,actual_defensive0PointsAllowed,actual_defensive1To6PointsAllowed,actual_defensive7To13PointsAllowed,actual_defensive14To17PointsAllowed,actual_defensiveTouchdowns,actual_defensiveInterceptions,actual_defensiveBlockedKicks,actual_defensiveSafeties,actual_defensiveSacks,actual_100,actual_kickoffReturnTouchdowns,actual_puntReturnTouchdowns,actual_interceptionReturnTouchdowns,actual_defensivePlusSpecialTeamsTouchdowns,actual_110,actual_111,actual_112,actual_defensivePassesDefensed,actual_puntReturnYards,actual_puntsReturned,actual_119,actual_defensivePointsAllowed,actual_defensive18To21PointsAllowed,actual_defensive22To27PointsAllowed,actual_defensive28To34PointsAllowed,actual_defensive35To45PointsAllowed,actual_defensiveYardsAllowed,actual_defensiveLessThan100YardsAllowed,actual_defensive100To199YardsAllowed,actual_defensive200To299YardsAllowed,actual_defensive300To349YardsAllowed,actual_defensive350To399YardsAllowed,actual_defensive400To449YardsAllowed,actual_defensive450To499YardsAllowed,actual_defensive500To549YardsAllowed,actual_defensive550PlusYardsAllowed,actual_188,actual_189,actual_190,actual_191,actual_192,actual_193,actual_194,actual_195,proj_defensive0PointsAllowed,proj_defensive1To6PointsAllowed,proj_defensive7To13PointsAllowed,proj_defensive14To17PointsAllowed,proj_defensiveBlockedKickForTouchdowns,proj_defensiveTouchdowns,proj_defensiveInterceptions,proj_defensiveFumbles,proj_defensiveBlockedKicks,proj_defensiveSafeties,proj_defensiveSacks,proj_100,proj_interceptionReturnTouchdowns,proj_fumbleReturnTouchdowns,proj_defensivePlusSpecialTeamsTouchdowns,proj_defensiveForcedFumbles,proj_defensiveTotalTackles,proj_110,proj_111,proj_defensivePassesDefensed,proj_defensivePointsAllowed,proj_defensive18To21PointsAllowed,proj_defensive22To27PointsAllowed,proj_defensive28To34PointsAllowed,proj_defensive35To45PointsAllowed,proj_defensive45PlusPointsAllowed,proj_126,proj_defensiveYardsAllowed,proj_defensive100To199YardsAllowed,proj_defensive200To299YardsAllowed,proj_defensive300To349YardsAllowed,proj_defensive350To399YardsAllowed,proj_defensive400To449YardsAllowed,proj_defensive450To499YardsAllowed,proj_defensive500To549YardsAllowed,proj_defensive550PlusYardsAllowed,proj_137,proj_pointsMargin,actual_receiving200PlusYardGame,actual_182,actual_69,actual_missedFieldGoalsFrom50Plus,actual_200,actual_attemptedFieldGoalsFrom60Plus,actual_missedFieldGoalsFrom60Plus,actual_rushing2PtConversions,actual_fumbleReturnTouchdowns,actual_passing400PlusYardGame,actual_defensive45PlusPointsAllowed,actual_196,actual_defensiveBlockedKickForTouchdowns,actual_netPunts,actual_puntYards,actual_puntsInsideThe20,actual_143,actual_puntAverage,actual_puntAverage38.0-39.9,actual_madeFieldGoalsFrom60Plus,actual_puntsInsideThe10,actual_puntAverage33.9AndUnder,actual_blockedPunts,actual_144,actual_puntTouchbacks,actual_puntFairCatches,actual_puntAverage44.0+,actual_puntAverage42.0-43.9,actual_puntAverage34.0-35.9,proj_netPunts,proj_puntYards,proj_puntsInsideThe10,proj_puntsInsideThe20,proj_blockedPunts,proj_143,proj_144,proj_puntTouchbacks,proj_puntFairCatches,proj_puntAverage44.0+,proj_puntAverage42.0-43.9,proj_puntAverage40.0-41.9,proj_puntAverage38.0-39.9,proj_puntAverage36.0-37.9,actual_fumbleRecoveredForTD,proj_defensiveAssistedTackles,proj_defensiveSoloTackles,year,actual_defensive2PtReturns,actual_puntAverage40.0-41.9,actual_211,actual_212,actual_213,actual_214,actual_215,actual_216,actual_217,actual_218,actual_219,actual_220,actual_221,actual_222,actual_223,actual_224,actual_225,actual_226,actual_227,actual_229,actual_230,actual_231,actual_232,actual_233,actual_234,proj_defensiveLessThan100YardsAllowed,actual_228,proj_214,proj_215,proj_216,proj_221,proj_227,proj_233,proj_212,proj_213,proj_211,proj_112
155.0,9.12,0.0,0.0,,,,,,,,,,,,,,,,,103.0,67.29411765,8.0,222.0,107.0,50.0,39.0,15.0,14.0,175.0,336.0,11.10679612,,,,,,1.0,1.0,8.0,9.0,48.0,,1.0,17.0,,,,,,,,,,,,,,,,,,,,,,,,,,,,,,,,,,,,,,,,,,,15.11764706,Davante Adams,LV,DRAFT,14,16800,1,Stretchy Pups Elite,WR,"{'1': {'team': 'DEN', 'date': datetime.datetime(2023, 9, 10, 13, 25)}, '2': {'team': 'BUF', 'date': datetime.datetime(2023, 9, 17, 10, 0)}, '3': {'team': 'PIT', 'date': datetime.datetime(2023, 9, 24, 17, 20)}, '4': {'team': 'LAC', 'date': datetime.datetime(2023, 10, 1, 13, 5)}, '5': {'team': 'GB', 'date': datetime.datetime(2023, 10, 9, 17, 15)}, '6': {'team': 'NE', 'date': datetime.datetime(2023, 10, 15, 13, 5)}, '7': {'team': 'CHI', 'date': datetime.datetime(2023, 10, 22, 10, 0)}, '8': {'team': 'DET', 'date': datetime.datetime(2023, 10, 30, 17, 15)}, '9': {'team': 'NYG', 'date': datetime.datetime(2023, 11, 5, 13, 25)}, '10': {'team': 'NYJ', 'date': datetime.datetime(2023, 11, 12, 17, 20)}, '11': {'team': 'MIA', 'date': datetime.datetime(2023, 11, 19, 10, 0)}, '12': {'team': 'KC', 'date': datetime.datetime(2023, 11, 26, 13, 25)}, '14': {'team': 'MIN', 'date': datetime.datetime(2023, 12, 10, 13, 5)}, '15': {'team': 'LAC', 'date': datetime.datetime(2023, 12, 14, 17, 15)}, '16': {'team': 'KC', 'date': datetime.datetime(2023, 12, 25, 10, 0)}, '17': {'team': 'IND', 'date': datetime.datetime(2023, 12, 31, 10, 0)}, '18': {'team': 'DEN', 'date': datetime.datetime(2024, 1, 7, 13, 25)}}","['RB/WR', 'WR', 'WR/TE', 'RB/WR/TE', 'OP', 'BE', 'IR']",WR,1.0,,3.0,3.0,,,,,,,,,,,,,,2.0,5.0,,,,,,,,,,,,,,,,,,,,,,,,,,,,,,,,,,,,,,,,,,,,,,,,,,,,,,1.0,,,,,,,,,,,,,,,,,,,,,,,,,,,,,,,,,,,,,,,,,,,,,,,,,,,,,,,,,,,,,,,,,,,,,,,,,,,,,,,,,,,,,,,,,,,,,,,,,,,,,,,,,,,,,,,,,,,,,,,,,,,,,,,,,,,,,,,,,,,,,,,,,,,,,,,,,,,,,,,,,,,,,,,,2023,,,,,59.0,,,,,,,,,,,,,,,,,,,,,,,,,,,,,,,,
342.0,20.12,0.0,0.0,157.0,35.58823529,15.0,115.0,53.0,23.0,17.0,3.0,,24.0,8.0,,,,,3.85350318,,,,,,,,,,,,,4.0,9.0,4.0,5.0,20.0,1.0,1.0,11.0,6.0,228.0,13.0,,17.0,,,,,,,,,,,,,,,,,,,,,,,,,,,,,,,,,,,,,,,,,,,15.0,Jalen Hurts,PHI,DRAFT,2,4040715,1,Stretchy Pups Elite,QB,"{'1': {'team': 'NE', 'date': datetime.datetime(2023, 9, 10, 13, 25)}, '2': {'team': 'MIN', 'date': datetime.datetime(2023, 9, 14, 17, 15)}, '3': {'team': 'TB', 'date': datetime.datetime(2023, 9, 25, 16, 15)}, '4': {'team': 'WSH', 'date': datetime.datetime(2023, 10, 1, 10, 0)}, '5': {'team': 'LAR', 'date': datetime.datetime(2023, 10, 8, 13, 5)}, '6': {'team': 'NYJ', 'date': datetime.datetime(2023, 10, 15, 13, 25)}, '7': {'team': 'MIA', 'date': datetime.datetime(2023, 10, 22, 17, 20)}, '8': {'team': 'WSH', 'date': datetime.datetime(2023, 10, 29, 10, 0)}, '9': {'team': 'DAL', 'date': datetime.datetime(2023, 11, 5, 13, 25)}, '11': {'team': 'KC', 'date': datetime.datetime(2023, 11, 20, 17, 15)}, '12': {'team': 'BUF', 'date': datetime.datetime(2023, 11, 26, 13, 25)}, '13': {'team': 'SF', 'date': datetime.datetime(2023, 12, 3, 13, 25)}, '14': {'team': 'DAL', 'date': datetime.datetime(2023, 12, 10, 17, 20)}, '15': {'team': 'SEA', 'date': datetime.datetime(2023, 12, 18, 17, 15)}, '16': {'team': 'NYG', 'date': datetime.datetime(2023, 12, 25, 13, 30)}, '17': {'team': 'ARI', 'date': datetime.datetime(2023, 12, 31, 10, 0)}, '18': {'team': 'NYG', 'date': datetime.datetime(2024, 1, 7, 13, 25)}}","['QB', 'OP', 'BE', 'IR']",QB,,,,,,,,,,,,,,,,,,,,,538.0,352.0,186.0,226.94117647,23.0,765.0,378.0,184.0,147.0,70.0,30.0,62.0,25.0,28.0,9.0,2.0,2.0,4.0,,15.0,0.65427509,36.0,6.0,8.0,5.0,5.0,3.0,,,,,,,,,,,,,,,,,,,,,,,,,,,,2.0,,,,,,,,,,,,,,,,,,,,,,,,,,,,,,,,,,,,,,,,,,,,,,,,,,,,,,,,,,,,,,,,,,,,,,,,,,,,,,,,,,,,,,,,,,,,,,,,,,,,,,,,,,,,,,,,,,,,,,,,,,1.0,,,,,,,,,,,,,,,,,,,,,,,,,,,,,,,,,,,,,,,,,,,,2023,,,185.0,68.0,,,,,,,,,,,,,,,,,,,,,,,,,,,,,,,,,
179.0,11.93,0.0,0.0,182.0,63.0,10.0,185.0,90.0,42.0,32.0,12.0,2.0,31.0,11.0,,,2.0,,5.19230769,52.0,21.06666667,1.0,59.0,25.0,8.0,7.0,2.0,4.0,71.0,314.0,6.07692308,2.0,2.0,1.0,1.0,1.0,,,10.0,5.0,66.0,5.0,,15.0,,,,,,,,,,,,,,,,,,,,,,,,,,,,,,,,,,,,,,,,,,,14.17647059,Jahmyr Gibbs,DET,DRAFT,10,4429795,1,Stretchy Pups Elite,RB,"{'1': {'team': 'KC', 'date': datetime.datetime(2023, 9, 7, 17, 20)}, '2': {'team': 'SEA', 'date': datetime.datetime(2023, 9, 17, 10, 0)}, '3': {'team': 'ATL', 'date': datetime.datetime(2023, 9, 24, 10, 0)}, '4': {'team': 'GB', 'date': datetime.datetime(2023, 9, 28, 17, 15)}, '5': {'team': 'CAR', 'date': datetime.datetime(2023, 10, 8, 10, 0)}, '6': {'team': 'TB', 'date': datetime.datetime(2023, 10, 15, 13, 25)}, '7': {'team': 'BAL', 'date': datetime.datetime(2023, 10, 22, 10, 0)}, '8': {'team': 'LV', 'date': datetime.datetime(2023, 10, 30, 17, 15)}, '10': {'team': 'LAC', 'date': datetime.datetime(2023, 11, 12, 13, 5)}, '11': {'team': 'CHI', 'date': datetime.datetime(2023, 11, 19, 10, 0)}, '12': {'team': 'GB', 'date': datetime.datetime(2023, 11, 23, 9, 30)}, '13': {'team': 'NO', 'date': datetime.datetime(2023, 12, 3, 10, 0)}, '14': {'team': 'CHI', 'date': datetime.datetime(2023, 12, 10, 10, 0)}, '15': {'team': 'DEN', 'date': datetime.datetime(2023, 12, 16, 17, 15)}, '16': {'team': 'MIN', 'date': datetime.datetime(2023, 12, 24, 10, 0)}, '17': {'team': 'DAL', 'date': datetime.datetime(2023, 12, 30, 17, 15)}, '18': {'team': 'MIN', 'date': datetime.datetime(2024, 1, 7, 10, 0)}}","['Rookie', 'RB', 'RB/WR', 'RB/WR/TE', 'OP', 'BE', 'IR']",RB,,,,,,,,,,,,,,,,,,,1.0,,,,,,,,,,,,,,,,,,,,,,,,,,,,,,,,,,,,,,,,,,,,,,,,,,,,,,,,3.0,2.0,,,,,,,,,,,,,,,,,,,,,,,,,,,,,,,,,,,,,,,,,,,,,,,,,,,,,,,,,,,,,,,,,,,,,,,,,,,,,,,,,,,,,,,,,,,,,,,,,,,,,,,,,,,,,,,,,,,,,,,,,,,,,,,,,,,,,,,,,,,,,,,,,,,,,,,,,,,,,,,,,,,,,2023,,,,42.0,20.0,,,,,,,,,,,,,,,,,,,,,,,,,,,,,,,,
158.0,10.53,0.0,0.0,219.0,60.33333333,8.0,174.0,83.0,38.0,29.0,12.0,1.0,36.0,12.0,,,1.0,,4.13242009,29.0,17.26666667,1.0,46.0,21.0,9.0,7.0,2.0,,37.0,317.0,8.93103448,1.0,1.0,,,,1.0,1.0,9.0,6.0,54.0,6.0,,15.0,,,,,,,,,,,,,,,,,,,,,,,,,,,,,,,,,,,,,,,,,,,14.17647059,Kenneth Walker III,SEA,DRAFT,17,4567048,1,Stretchy Pups Elite,BE,"{'1': {'team': 'LAR', 'date': datetime.datetime(2023, 9, 10, 13, 25)}, '2': {'team': 'DET', 'date': datetime.datetime(2023, 9, 17, 10, 0)}, '3': {'team': 'CAR', 'date': datetime.datetime(2023, 9, 24, 13, 5)}, '4': {'team': 'NYG', 'date': datetime.datetime(2023, 10, 2, 17, 15)}, '6': {'team': 'CIN', 'date': datetime.datetime(2023, 10, 15, 10, 0)}, '7': {'team': 'ARI', 'date': datetime.datetime(2023, 10, 22, 13, 5)}, '8': {'team': 'CLE', 'date': datetime.datetime(2023, 10, 29, 13, 5)}, '9': {'team': 'BAL', 'date': datetime.datetime(2023, 11, 5, 10, 0)}, '10': {'team': 'WSH', 'date': datetime.datetime(2023, 11, 12, 13, 25)}, '11': {'team': 'LAR', 'date': datetime.datetime(2023, 11, 19, 13, 25)}, '12': {'team': 'SF', 'date': datetime.datetime(2023, 11, 23, 17, 20)}, '13': {'team': 'DAL', 'date': datetime.datetime(2023, 11, 30, 17, 15)}, '14': {'team': 'SF', 'date': datetime.datetime(2023, 12, 10, 13, 5)}, '15': {'team': 'PHI', 'date': datetime.datetime(2023, 12, 18, 17, 15)}, '16': {'team': 'TEN', 'date': datetime.datetime(2023, 12, 24, 10, 0)}, '17': {'team': 'PIT', 'date': datetime.datetime(2023, 12, 31, 13, 5)}, '18': {'team': 'ARI', 'date': datetime.datetime(2024, 1, 7, 13, 25)}}","['RB', 'RB/WR', 'RB/WR/TE', 'OP', 'BE', 'IR']",BE,1.0,1.0,,,,,,,,,,,,,,,,,,,,,,,,,,,,,,,,,,,,,,,,,,,,,,,,,,,,,,,,,,,,,,,,,,,,,,,,,1.0,1.0,,,,,,,,,,,,,,,,,,,,,,,,,,,,,,,,,,,,,,,,,,,,,,,,,,,,,,,,,,,,,,,,,,,,,,,,,,,,,,,,,,,,,,,,,,,,,,,,,,,,,,,,,,,,,,,,,,,,,,,,,,,,,,,,,,,,,,,,,,,,,,,,,,,,,,,,,,,,,,,,,,,,,2023,,,,46.0,9.0,,,,,,,,,,,,,,,,,,,,,,,,,,,,,,,,
77.0,4.53,0.0,0.0,1.0,-0.23529412,,,,,,,,,,,,,,-4.0,53.0,39.23529412,3.0,128.0,59.0,26.0,18.0,4.0,2.0,90.0,134.0,12.58490566,,,,,,2.0,2.0,7.0,10.0,18.0,,1.0,17.0,,,,,,,,,,,,,,,,,,,,,,,,,,,,,,,,,,,,,,,,,,,15.11764706,Kyle Pitts,ATL,DRAFT,13,4360248,1,Stretchy Pups Elite,TE,"{'1': {'team': 'CAR', 'date': datetime.datetime(2023, 9, 10, 10, 0)}, '2': {'team': 'GB', 'date': datetime.datetime(2023, 9, 17, 10, 0)}, '3': {'team': 'DET', 'date': datetime.datetime(2023, 9, 24, 10, 0)}, '4': {'team': 'JAX', 'date': datetime.datetime(2023, 10, 1, 6, 30)}, '5': {'team': 'HOU', 'date': datetime.datetime(2023, 10, 8, 10, 0)}, '6': {'team': 'WSH', 'date': datetime.datetime(2023, 10, 15, 10, 0)}, '7': {'team': 'TB', 'date': datetime.datetime(2023, 10, 22, 10, 0)}, '8': {'team': 'TEN', 'date': datetime.datetime(2023, 10, 29, 10, 0)}, '9': {'team': 'MIN', 'date': datetime.datetime(2023, 11, 5, 10, 0)}, '10': {'team': 'ARI', 'date': datetime.datetime(2023, 11, 12, 13, 5)}, '12': {'team': 'NO', 'date': datetime.datetime(2023, 11, 26, 10, 0)}, '13': {'team': 'NYJ', 'date': datetime.datetime(2023, 12, 3, 10, 0)}, '14': {'team': 'TB', 'date': datetime.datetime(2023, 12, 10, 10, 0)}, '15': {'team': 'CAR', 'date': datetime.datetime(2023, 12, 17, 10, 0)}, '16': {'team': 'IND', 'date': datetime.datetime(2023, 12, 24, 10, 0)}, '17': {'team': 'CHI', 'date': datetime.datetime(2023, 12, 31, 10, 0)}, '18': {'team': 'NO', 'date': datetime.datetime(2024, 1, 7, 10, 0)}}","['WR/TE', 'TE', 'RB/WR/TE', 'OP', 'BE', 'IR']",TE,,,,,,,,,,,,,,,,,,,1.0,1.0,,,,,,,,,,,,,,,,,,,,,,,,,,,,,,,,,,,,,,,,,,,,,,,,,,,,,,,,,,,,,,,,,,,,,,,,,,,,,,,,,,,,,,,,,,,,,,,,,,,,,,,,,,,,,,,,,,,,,,,,,,,,,,,,,,,,,,,,,,,,,,,,,,,,,,,,,,,,,,,,,,,,,,,,,,,,,,,,,,,,,,,,,,,,,,,,,,,,,,,,,,,,,,,,,,,,,,,,,,,,,2023,,,,,35.0,,,,,,,,,,,,,,,,,,,,,,,,,,,,,,,,
149.0,9.31,0.0,0.0,229.0,65.5625,5.0,204.0,99.0,44.0,35.0,14.0,2.0,40.0,16.0,,,2.0,,4.58078603,39.0,13.375,1.0,38.0,16.0,6.0,4.0,,2.0,49.0,267.0,5.48717949,2.0,3.0,,1.0,1.0,,,11.0,5.0,36.0,5.0,,16.0,,,,,,,,,,,,,,,,,,,,,,,,,,,,,,,,,,,,,,,,,,,14.17647059,D'Andre Swift,CHI,DRAFT,23,4259545,1,Stretchy Pups Elite,RB,"{'1': {'team': 'GB', 'date': datetime.datetime(2023, 9, 10, 13, 25)}, '2': {'team': 'TB', 'date': datetime.datetime(2023, 9, 17, 10, 0)}, '3': {'team': 'KC', 'date': datetime.datetime(2023, 9, 24, 13, 25)}, '4': {'team': 'DEN', 'date': datetime.datetime(2023, 10, 1, 10, 0)}, '5': {'team': 'WSH', 'date': datetime.datetime(2023, 10, 5, 17, 15)}, '6': {'team': 'MIN', 'date': datetime.datetime(2023, 10, 15, 10, 0)}, '7': {'team': 'LV', 'date': datetime.datetime(2023, 10, 22, 10, 0)}, '8': {'team': 'LAC', 'date': datetime.datetime(2023, 10, 29, 17, 20)}, '9': {'team': 'NO', 'date': datetime.datetime(2023, 11, 5, 10, 0)}, '10': {'team': 'CAR', 'date': datetime.datetime(2023, 11, 9, 17, 15)}, '11': {'team': 'DET', 'date': datetime.datetime(2023, 11, 19, 10, 0)}, '12': {'team': 'MIN', 'date': datetime.datetime(2023, 11, 27, 17, 15)}, '14': {'team': 'DET', 'date': datetime.datetime(2023, 12, 10, 10, 0)}, '15': {'team': 'CLE', 'date': datetime.datetime(2023, 12, 17, 10, 0)}, '16': {'team': 'ARI', 'date': datetime.datetime(2023, 12, 24, 13, 25)}, '17': {'team': 'ATL', 'date': datetime.datetime(2023, 12, 31, 10, 0)}, '18': {'team': 'GB', 'date': datetime.datetime(2024, 1, 7, 13, 25)}}","['RB', 'RB/WR', 'RB/WR/TE', 'OP', 'BE', 'IR']",RB,,,,,1.0,1.0,,,,,,,,,,,,,1.0,,,,,,,,,,,,,,,,,,,,,,,,,,,,,,,,,,,,,,,,,,,,,,,,,,,,,,,,,,,,,,,,,,,,,,,,,,,,,,,,,,,,,,,,,,,,,,,,,,,,,,,,,,,,,,,,,,,,,,,,,,,,,,,,,,,,,,,,,,,,,,,,,,,,,,,,,,,,,,,,,,,,,,,,,,,,,,,,,,,,,,,,,,,,,,,,,,,,,,,,,,,,,,,,,,,,,,,,,,,,,,2023,,,,50.0,8.0,,,,,,,,,,,,,,,,,,,,,,,,,,,,,,,,
113.0,6.65,0.0,0.0,1.0,-0.11764706,,,,,,,,,,,,,,-2.0,45.0,43.88235294,7.0,147.0,71.0,33.0,25.0,10.0,4.0,81.0,180.0,16.57777778,,1.0,,1.0,1.0,4.0,4.0,11.0,6.0,44.0,,1.0,17.0,,,,,,,,,,,,,,,,,,,,,,,,,,,,,,,,,,,,,,,,,,,15.11764706,Gabe Davis,JAX,DRAFT,35,4243537,1,Stretchy Pups Elite,BE,"{'1': {'team': 'IND', 'date': datetime.datetime(2023, 9, 10, 10, 0)}, '2': {'team': 'KC', 'date': datetime.datetime(2023, 9, 17, 10, 0)}, '3': {'team': 'HOU', 'date': datetime.datetime(2023, 9, 24, 10, 0)}, '4': {'team': 'ATL', 'date': datetime.datetime(2023, 10, 1, 6, 30)}, '5': {'team': 'BUF', 'date': datetime.datetime(2023, 10, 8, 6, 30)}, '6': {'team': 'IND', 'date': datetime.datetime(2023, 10, 15, 10, 0)}, '7': {'team': 'NO', 'date': datetime.datetime(2023, 10, 19, 17, 15)}, '8': {'team': 'PIT', 'date': datetime.datetime(2023, 10, 29, 10, 0)}, '10': {'team': 'SF', 'date': datetime.datetime(2023, 11, 12, 10, 0)}, '11': {'team': 'TEN', 'date': datetime.datetime(2023, 11, 19, 10, 0)}, '12': {'team': 'HOU', 'date': datetime.datetime(2023, 11, 26, 10, 0)}, '13': {'team': 'CIN', 'date': datetime.datetime(2023, 12, 4, 17, 15)}, '14': {'team': 'CLE', 'date': datetime.datetime(2023, 12, 10, 10, 0)}, '15': {'team': 'BAL', 'date': datetime.datetime(2023, 12, 17, 17, 20)}, '16': {'team': 'TB', 'date': datetime.datetime(2023, 12, 24, 13, 5)}, '17': {'team': 'CAR', 'date': datetime.datetime(2023, 12, 31, 10, 0)}, '18': {'team': 'TEN', 'date': datetime.datetime(2024, 1, 7, 10, 0)}}","['RB/WR', 'WR', 'WR/TE', 'RB/WR/TE', 'OP', 'BE', 'IR']",BE,1.0,1.0,3.0,3.0,1.0,1.0,,,,,,,,,,,,,3.0,,,,,,,,,,,,,,,,,,,,,,,,,,,,,,,,,,,,,,,,,,,,,,,,,,,,1.0,,2.0,,,,,,,,,,,,,,,,,,,,,,,,,,,,,,,,,,,,,,,,,,,,,,,,,,,,,,,,,,,,,,,,,,,,,,,,,,,,,,,,,,,,,,,,,,,,,,,,,,,,,,,,,,,,,,,,,,,,,,,,,,,,,,,,,,,,,,,,,,,,,,,,,,,,,,,,,,,,,,,,,,,,,,,,2023,,,,,34.0,,,,,,,,,,,,,,,,,,,,,,,,,,,,,,,,
153.0,9.0,0.0,0.0,204.0,47.82352941,4.0,156.0,73.0,33.0,25.0,9.0,2.0,34.0,12.0,1.0,1.0,2.0,,3.98529412,44.0,18.76470588,5.0,58.0,26.0,9.0,8.0,1.0,3.0,63.0,304.0,7.25,1.0,1.0,1.0,1.0,1.0,,,11.0,6.0,56.0,3.0,,17.0,,,,,,,,,,,,,,,,,,,,,,,,,,,,,,,,,,,,,,,,,,,14.17647059,Jerome Ford,CLE,ADD,21,4372019,1,Stretchy Pups Elite,BE,"{'1': {'team': 'CIN', 'date': datetime.datetime(2023, 9, 10, 10, 0)}, '2': {'team': 'PIT', 'date': datetime.datetime(2023, 9, 18, 17, 15)}, '3': {'team': 'TEN', 'date': datetime.datetime(2023, 9, 24, 10, 0)}, '4': {'team': 'BAL', 'date': datetime.datetime(2023, 10, 1, 10, 0)}, '6': {'team': 'SF', 'date': datetime.datetime(2023, 10, 15, 10, 0)}, '7': {'team': 'IND', 'date': datetime.datetime(2023, 10, 22, 10, 0)}, '8': {'team': 'SEA', 'date': datetime.datetime(2023, 10, 29, 13, 5)}, '9': {'team': 'ARI', 'date': datetime.datetime(2023, 11, 5, 10, 0)}, '10': {'team': 'BAL', 'date': datetime.datetime(2023, 11, 12, 10, 0)}, '11': {'team': 'PIT', 'date': datetime.datetime(2023, 11, 19, 10, 0)}, '12': {'team': 'DEN', 'date': datetime.datetime(2023, 11, 26, 13, 5)}, '13': {'team': 'LAR', 'date': datetime.datetime(2023, 12, 3, 13, 25)}, '14': {'team': 'JAX', 'date': datetime.datetime(2023, 12, 10, 10, 0)}, '15': {'team': 'CHI', 'date': datetime.datetime(2023, 12, 17, 10, 0)}, '16': {'team': 'HOU', 'date': datetime.datetime(2023, 12, 24, 10, 0)}, '17': {'team': 'NYJ', 'date': datetime.datetime(2023, 12, 28, 17, 15)}, '18': {'team': 'CIN', 'date': datetime.datetime(2024, 1, 7, 10, 0)}}","['RB', 'RB/WR', 'RB/WR/TE', 'OP', 'BE', 'IR']",BE,1.0,1.0,,,,,,,,,,,,,,,,,2.0,1.0,,,,,,,,,,,,,,,,,,,,,,,,,,,,,,,,,,,,,,,,,,,,,,,,,,,,,1.0,,,,,,,,,,,,,,,,,,,,,,,,,,,,,,,,,,,,,,,,,,,,,,,,,,,,,,,,,,,,,,,,,,,,,,,,,,,,,,,,,,,,,,,,,,,,,,,,,,,,,,,,,,,,,,,,,,,,,,,,,,,,,,,,,1.0,,,,,,,,,,,,,,,,,,,,,,,,,,,,,,,,,,,,,,,2023,,,,33.0,16.0,,,,,,,,,,,,,,,,,,,,,,,,,,,,,,,,
127.0,7.94,0.0,0.0,1.0,-0.1875,,,,,,,,,,,,,,-3.0,79.0,58.625,7.0,181.0,87.0,39.0,30.0,12.0,8.0,102.0,654.0,11.87341772,,2.0,,1.0,1.0,3.0,3.0,10.0,6.0,42.0,,1.0,16.0,,,,,,,,,,,,,,,,,,,,,,,,,,,,,,,,,,,,,,,,,,,15.11764706,Rashee Rice,KC,ADD,27,4428331,1,Stretchy Pups Elite,WR,"{'1': {'team': 'DET', 'date': datetime.datetime(2023, 9, 7, 17, 20)}, '2': {'team': 'JAX', 'date': datetime.datetime(2023, 9, 17, 10, 0)}, '3': {'team': 'CHI', 'date': datetime.datetime(2023, 9, 24, 13, 25)}, '4': {'team': 'NYJ', 'date': datetime.datetime(2023, 10, 1, 17, 20)}, '5': {'team': 'MIN', 'date': datetime.datetime(2023, 10, 8, 13, 25)}, '6': {'team': 'DEN', 'date': datetime.datetime(2023, 10, 12, 17, 15)}, '7': {'team': 'LAC', 'date': datetime.datetime(2023, 10, 22, 13, 25)}, '8': {'team': 'DEN', 'date': datetime.datetime(2023, 10, 29, 13, 25)}, '9': {'team': 'MIA', 'date': datetime.datetime(2023, 11, 5, 6, 30)}, '11': {'team': 'PHI', 'date': datetime.datetime(2023, 11, 20, 17, 15)}, '12': {'team': 'LV', 'date': datetime.datetime(2023, 11, 26, 13, 25)}, '13': {'team': 'GB', 'date': datetime.datetime(2023, 12, 3, 17, 20)}, '14': {'team': 'BUF', 'date': datetime.datetime(2023, 12, 10, 13, 25)}, '15': {'team': 'NE', 'date': datetime.datetime(2023, 12, 17, 10, 0)}, '16': {'team': 'LV', 'date': datetime.datetime(2023, 12, 25, 10, 0)}, '17': {'team': 'CIN', 'date': datetime.datetime(2023, 12, 31, 13, 25)}, '18': {'team': 'LAC', 'date': datetime.datetime(2024, 1, 7, 13, 25)}}","['Rookie', 'RB/WR', 'WR', 'WR/TE', 'RB/WR/TE', 'OP', 'BE', 'IR']",WR,,,2.0,2.0,2.0,1.0,,,,,,,,,,,,,5.0,,,,,,,,,,,,,,,,,,,,,,,,,,,,,,,,,,,,,,,,,,,,,,,,,,,,,,1.0,,,,,,,,,,,,,,,,,,,,,,,,,,,,,,,,,,,,,,,,,,,,,,,,,,,,,,,,,,,,,,,,,,,,,,,,,,,,,,,,,,,,,,,,,,,,,,,,,,,,,,,,,,,,,,,,,,,,,,,,,,,,,,,,,,,,,,,,,,,,,,,,,,,,,,,,,,,,,,,,,,,,,,,,2023,,,,,44.0,,,,,,,,,,,,,,,,,,,,,,,,,,,,,,,,
140.0,8.24,0.0,0.0,,,,,,,,,,,,,,,,,,,,,,,,,,,,,,,,,,702.0,998.0,11.0,6.0,,,,17.0,,,,,,,,,,,,,,,,,,,,,,,,,,,,,,,,,,,,,,,,,,,17.0,Browns D/ST,CLE,ADD,4,-16005,1,Stretchy Pups Elite,D/ST,"{'1': {'team': 'CIN', 'date': datetime.datetime(2023, 9, 10, 10, 0)}, '2': {'team': 'PIT', 'date': datetime.datetime(2023, 9, 18, 17, 15)}, '3': {'team': 'TEN', 'date': datetime.datetime(2023, 9, 24, 10, 0)}, '4': {'team': 'BAL', 'date': datetime.datetime(2023, 10, 1, 10, 0)}, '6': {'team': 'SF', 'date': datetime.datetime(2023, 10, 15, 10, 0)}, '7': {'team': 'IND', 'date': datetime.datetime(2023, 10, 22, 10, 0)}, '8': {'team': 'SEA', 'date': datetime.datetime(2023, 10, 29, 13, 5)}, '9': {'team': 'ARI', 'date': datetime.datetime(2023, 11, 5, 10, 0)}, '10': {'team': 'BAL', 'date': datetime.datetime(2023, 11, 12, 10, 0)}, '11': {'team': 'PIT', 'date': datetime.datetime(2023, 11, 19, 10, 0)}, '12': {'team': 'DEN', 'date': datetime.datetime(2023, 11, 26, 13, 5)}, '13': {'team': 'LAR', 'date': datetime.datetime(2023, 12, 3, 13, 25)}, '14': {'team': 'JAX', 'date': datetime.datetime(2023, 12, 10, 10, 0)}, '15': {'team': 'CHI', 'date': datetime.datetime(2023, 12, 17, 10, 0)}, '16': {'team': 'HOU', 'date': datetime.datetime(2023, 12, 24, 10, 0)}, '17': {'team': 'NYJ', 'date': datetime.datetime(2023, 12, 28, 17, 15)}, '18': {'team': 'CIN', 'date': datetime.datetime(2024, 1, 7, 10, 0)}}","['D/ST', 'BE', 'IR']",D/ST,,,,,,,261.0,21.0,6.0,,,,,,,,,,,,,,,,,,,,,,,,,,,,,,,,,,,,,,,,,,,,,,,,,,,,,,,,,,,,,,,,,296.0,,,14.0,,,,,,,,,,,,,,,,,,,,,,,,,,,,,,,,,,,10.0,1.0,2.0,2.0,3.0,3.0,18.0,3.0,,49.0,98.0,,,2.0,3.0,328.0,192.0,102.0,92.0,343.0,28.0,6.0,328.0,0.0,5.0,3.0,1.0,4593.0,2.0,1.0,8.0,2.0,3.0,0.0,1.0,0.0,0.0,1.0,2.0,2.0,3.0,0.0,5.0,3.0,1.0,,,,,,,,,,,,,,,,,,,,,,,,,,,,,,,,,,,,,,,,,,,,,,,1.0,,,,,,,,,,,,,,,,,,,,,,,,,,,,,,,,,,,,,,2023,,,,,,,,,,,,,,,,,,,,,,,,,,,,,,,,,,,,,
53.0,3.53,0.0,0.0,3.0,0.66666667,,1.0,,,,,,,,,,,,3.33333333,51.0,27.4,3.0,76.0,35.0,15.0,9.0,,4.0,70.0,275.0,8.05882353,,3.0,,,,,,4.0,11.0,18.0,,,15.0,,,,,,,,,,,,,,,,,,,,,,,,,,,,,,,,,,,,,,,,,,,15.11764706,Gerald Everett,CHI,ADD,25,3918639,1,Stretchy Pups Elite,BE,"{'1': {'team': 'GB', 'date': datetime.datetime(2023, 9, 10, 13, 25)}, '2': {'team': 'TB', 'date': datetime.datetime(2023, 9, 17, 10, 0)}, '3': {'team': 'KC', 'date': datetime.datetime(2023, 9, 24, 13, 25)}, '4': {'team': 'DEN', 'date': datetime.datetime(2023, 10, 1, 10, 0)}, '5': {'team': 'WSH', 'date': datetime.datetime(2023, 10, 5, 17, 15)}, '6': {'team': 'MIN', 'date': datetime.datetime(2023, 10, 15, 10, 0)}, '7': {'team': 'LV', 'date': datetime.datetime(2023, 10, 22, 10, 0)}, '8': {'team': 'LAC', 'date': datetime.datetime(2023, 10, 29, 17, 20)}, '9': {'team': 'NO', 'date': datetime.datetime(2023, 11, 5, 10, 0)}, '10': {'team': 'CAR', 'date': datetime.datetime(2023, 11, 9, 17, 15)}, '11': {'team': 'DET', 'date': datetime.datetime(2023, 11, 19, 10, 0)}, '12': {'team': 'MIN', 'date': datetime.datetime(2023, 11, 27, 17, 15)}, '14': {'team': 'DET', 'date': datetime.datetime(2023, 12, 10, 10, 0)}, '15': {'team': 'CLE', 'date': datetime.datetime(2023, 12, 17, 10, 0)}, '16': {'team': 'ARI', 'date': datetime.datetime(2023, 12, 24, 13, 25)}, '17': {'team': 'ATL', 'date': datetime.datetime(2023, 12, 31, 10, 0)}, '18': {'team': 'GB', 'date': datetime.datetime(2024, 1, 7, 13, 25)}}","['WR/TE', 'TE', 'RB/WR/TE', 'OP', 'BE', 'IR']",BE,,,,,3.0,,,,,,,,,,,,,,3.0,,,,,,,,,,,,,,,,,,,,,,,,,,,,,,,,,,,,,,,,,,,,,,,,,,,,,,,,,,,,,,,,,,,,,,,,,,,,,,,,,,,,,,,,,,,,,,,,,,,,,,,,,,,,,,,,,,,,,,,,,,,,,,,,,,,,,,,,,,,,,,,,,,,,,,,,,,,,,,,,,,,,,,,,,,,,,,,,,,,,,,,,,,,,,,,,,,,,,,,,,,,,,,,,,,,,,,,,,,,,,,2023,,,,,25.0,,,,,,,,,,,,,,,,,,,,,,,,,,,,,,,,
61.0,3.81,0.0,0.0,108.0,28.875,1.0,87.0,40.0,17.0,11.0,2.0,,14.0,3.0,,,,,4.27777778,33.0,13.0625,,36.0,15.0,4.0,3.0,,2.0,40.0,248.0,6.33333333,,,,,,,1.0,8.0,8.0,6.0,1.0,,16.0,,,,,,,,,,,,,,,,,,,,,,,,,,,,,,,,,,,,,,,,,,,14.17647059,Zach Charbonnet,SEA,ADD,47,4426385,1,Stretchy Pups Elite,BE,"{'1': {'team': 'LAR', 'date': datetime.datetime(2023, 9, 10, 13, 25)}, '2': {'team': 'DET', 'date': datetime.datetime(2023, 9, 17, 10, 0)}, '3': {'team': 'CAR', 'date': datetime.datetime(2023, 9, 24, 13, 5)}, '4': {'team': 'NYG', 'date': datetime.datetime(2023, 10, 2, 17, 15)}, '6': {'team': 'CIN', 'date': datetime.datetime(2023, 10, 15, 10, 0)}, '7': {'team': 'ARI', 'date': datetime.datetime(2023, 10, 22, 13, 5)}, '8': {'team': 'CLE', 'date': datetime.datetime(2023, 10, 29, 13, 5)}, '9': {'team': 'BAL', 'date': datetime.datetime(2023, 11, 5, 10, 0)}, '10': {'team': 'WSH', 'date': datetime.datetime(2023, 11, 12, 13, 25)}, '11': {'team': 'LAR', 'date': datetime.datetime(2023, 11, 19, 13, 25)}, '12': {'team': 'SF', 'date': datetime.datetime(2023, 11, 23, 17, 20)}, '13': {'team': 'DAL', 'date': datetime.datetime(2023, 11, 30, 17, 15)}, '14': {'team': 'SF', 'date': datetime.datetime(2023, 12, 10, 13, 5)}, '15': {'team': 'PHI', 'date': datetime.datetime(2023, 12, 18, 17, 15)}, '16': {'team': 'TEN', 'date': datetime.datetime(2023, 12, 24, 10, 0)}, '17': {'team': 'PIT', 'date': datetime.datetime(2023, 12, 31, 13, 5)}, '18': {'team': 'ARI', 'date': datetime.datetime(2024, 1, 7, 13, 25)}}","['Rookie', 'RB', 'RB/WR', 'RB/WR/TE', 'OP', 'BE', 'IR']",BE,,,,,,,,,,,,,,,,,,,,,,,,,,,,,,,,,,,,,,,,,,,,,,,,,,,,,,,,,,,,,,,,,,,,,,,,,,1.0,,,,,,,,,,,,,,,,,,,,,,,,,,,,,,,,,,,,,,,,,,,,,,,,,,,,,,,,,,,,,,,,,,,,,,,,,,,,,,,,,,,,,,,,,,,,,,,,,,,,,,,,,,,,,,,,,,,,,,,,,,,,,,,,,,,,,,,,,,,,,,,,,,,,,,,,,,,,,,,,,,,,,,,2023,,,,32.0,7.0,,,,,,,,,,,,,,,,,,,,,,,,,,,,,,,,
117.0,6.88,140.55,8.27,,,,,,,,,,,,,,,,,,,,,,,,,,,,,,,,,,1.0,1.0,8.0,9.0,110.0,,,17.0,,,,,,,,,,,,,,,,,,,,,,,,,,,,,,,,,,,,,,,,,,,17.0,Daniel Carlson,LV,ADD,24,3051909,1,Stretchy Pups Elite,K,"{'1': {'team': 'DEN', 'date': datetime.datetime(2023, 9, 10, 13, 25)}, '2': {'team': 'BUF', 'date': datetime.datetime(2023, 9, 17, 10, 0)}, '3': {'team': 'PIT', 'date': datetime.datetime(2023, 9, 24, 17, 20)}, '4': {'team': 'LAC', 'date': datetime.datetime(2023, 10, 1, 13, 5)}, '5': {'team': 'GB', 'date': datetime.datetime(2023, 10, 9, 17, 15)}, '6': {'team': 'NE', 'date': datetime.datetime(2023, 10, 15, 13, 5)}, '7': {'team': 'CHI', 'date': datetime.datetime(2023, 10, 22, 10, 0)}, '8': {'team': 'DET', 'date': datetime.datetime(2023, 10, 30, 17, 15)}, '9': {'team': 'NYG', 'date': datetime.datetime(2023, 11, 5, 13, 25)}, '10': {'team': 'NYJ', 'date': datetime.datetime(2023, 11, 12, 17, 20)}, '11': {'team': 'MIA', 'date': datetime.datetime(2023, 11, 19, 10, 0)}, '12': {'team': 'KC', 'date': datetime.datetime(2023, 11, 26, 13, 25)}, '14': {'team': 'MIN', 'date': datetime.datetime(2023, 12, 10, 13, 5)}, '15': {'team': 'LAC', 'date': datetime.datetime(2023, 12, 14, 17, 15)}, '16': {'team': 'KC', 'date': datetime.datetime(2023, 12, 25, 10, 0)}, '17': {'team': 'IND', 'date': datetime.datetime(2023, 12, 31, 10, 0)}, '18': {'team': 'DEN', 'date': datetime.datetime(2024, 1, 7, 13, 25)}}","['K', 'BE', 'IR']",K,,,,,,,,,,,,,,,,,,,,,,,,,,,,,,,,,,,,,,,,,,,,,,,,,,,,,,,,,,,,,,,,,,,,,,,,,,,,,,1.0,3.0,9.0,10.0,1.0,16.0,17.0,1.0,26.0,30.0,4.0,32.0,32.0,,1.0,3.0,4.519265204,6.167498094,1.64823289,8.530388215,9.841752278,1.311364063,16.62862465,16.79659055,0.167965906,29.67827807,32.80584093,3.127562859,37.07069213,37.82723687,0.756544737,4.519265204,6.167498094,1.64823289,,,,,,,,,,,,,,,,,,,,,,,,,,,,,,,,,,,,,,,,,,,,,,,,,,,,,,,,,,,,,,,,,,,,,,,,,,,,,,,,,,,,,,,2.0,2.0,,,,,,,,,,,,,,,,,,,,,,,,,,,,,,,,,,,,,,,,,,2023,,,,,,889.0,176.0,1065.0,173.0,83.0,38.0,28.0,11.0,3.0,35.0,17.0,8.0,6.0,2.0,208.0,101.0,47.0,35.0,15.0,5.0,,1.0,1126.76653,153.0549361,1279.821466,244.040321,89.00457609,333.0448971,,,,
41.0,2.73,65.51,4.68,70.0,14.86666667,1.0,40.0,16.0,6.0,4.0,1.0,,8.0,3.0,,,,,3.18571429,17.0,12.53333333,1.0,32.0,13.0,6.0,4.0,1.0,,22.0,228.0,11.05882353,,,,,,,,9.0,6.0,12.0,1.0,,15.0,65.87849749,20.59381985,2.427417837,0.132651421,58.0,29.0,14.0,11.0,5.0,13.0,6.0,0.125161116,0.087612781,0.219841342,0.007502342,4.431608074,10.53863003,1.332658736,0.062054208,0.057879635,0.037824341,29.0,14.0,7.0,5.0,2.0,18.06338214,3.0,1.0,0.058201131,0.001800035,24.68949455,8.270908379,0.194705629,0.002073517,0.369845087,0.101408705,0.471253793,0.17012874,0.056788875,0.226917615,0.226917615,14.17647059,Clyde Edwards-Helaire,KC,ADD,60,4242214,1,Stretchy Pups Elite,BE,"{'1': {'team': 'DET', 'date': datetime.datetime(2023, 9, 7, 17, 20)}, '2': {'team': 'JAX', 'date': datetime.datetime(2023, 9, 17, 10, 0)}, '3': {'team': 'CHI', 'date': datetime.datetime(2023, 9, 24, 13, 25)}, '4': {'team': 'NYJ', 'date': datetime.datetime(2023, 10, 1, 17, 20)}, '5': {'team': 'MIN', 'date': datetime.datetime(2023, 10, 8, 13, 25)}, '6': {'team': 'DEN', 'date': datetime.datetime(2023, 10, 12, 17, 15)}, '7': {'team': 'LAC', 'date': datetime.datetime(2023, 10, 22, 13, 25)}, '8': {'team': 'DEN', 'date': datetime.datetime(2023, 10, 29, 13, 25)}, '9': {'team': 'MIA', 'date': datetime.datetime(2023, 11, 5, 6, 30)}, '11': {'team': 'PHI', 'date': datetime.datetime(2023, 11, 20, 17, 15)}, '12': {'team': 'LV', 'date': datetime.datetime(2023, 11, 26, 13, 25)}, '13': {'team': 'GB', 'date': datetime.datetime(2023, 12, 3, 17, 20)}, '14': {'team': 'BUF', 'date': datetime.datetime(2023, 12, 10, 13, 25)}, '15': {'team': 'NE', 'date': datetime.datetime(2023, 12, 17, 10, 0)}, '16': {'team': 'LV', 'date': datetime.datetime(2023, 12, 25, 10, 0)}, '17': {'team': 'CIN', 'date': datetime.datetime(2023, 12, 31, 13, 25)}, '18': {'team': 'LAC', 'date': datetime.datetime(2024, 1, 7, 13, 25)}}","['RB', 'RB/WR', 'RB/WR/TE', 'OP', 'BE', 'IR']",BE,,,,,,,,,,,,,,,,,,,1.0,,,,,,,,,,,,,,,,,,,,,,,,,,,,,,,,,,,,,,,,,,,,,,,,,,,,,,,,,,,,,,,,,,,,,,,,,,,,,,,,,,,,,,,,,,,,,,,,,,,,,,,,,,,,,,,,,,,,,,,,,,,,,,,,,,,,,,,,,,,,,,,,,,,,,,,,,,,,,,,,,,,,,,,,,,,,,,,,,,,,,,,,,,,,,,,,,,,,,,,,,,,,,,,,,,,,,,,,,,,,,,2023,,,,13.0,7.0,,,,,,,,,,,,,,,,,,,,,,,,,,,,,17.74166993,7.632357191,,
9.0,3.0,0.0,0.0,8.0,17.33333333,,10.0,4.0,2.0,1.0,,,1.0,,,,,,6.5,,,,,,,,,,,,,,1.0,,1.0,2.0,,,,3.0,6.0,,,3.0,,,,,,,,,,,,,,,,,,,,,,,,,,,,,,,,,,,,,,,,,,,15.0,Marcus Mariota,WSH,ADD,62,2576980,1,Stretchy Pups Elite,BE,"{'1': {'team': 'ARI', 'date': datetime.datetime(2023, 9, 10, 10, 0)}, '2': {'team': 'DEN', 'date': datetime.datetime(2023, 9, 17, 13, 25)}, '3': {'team': 'BUF', 'date': datetime.datetime(2023, 9, 24, 10, 0)}, '4': {'team': 'PHI', 'date': datetime.datetime(2023, 10, 1, 10, 0)}, '5': {'team': 'CHI', 'date': datetime.datetime(2023, 10, 5, 17, 15)}, '6': {'team': 'ATL', 'date': datetime.datetime(2023, 10, 15, 10, 0)}, '7': {'team': 'NYG', 'date': datetime.datetime(2023, 10, 22, 10, 0)}, '8': {'team': 'PHI', 'date': datetime.datetime(2023, 10, 29, 10, 0)}, '9': {'team': 'NE', 'date': datetime.datetime(2023, 11, 5, 10, 0)}, '10': {'team': 'SEA', 'date': datetime.datetime(2023, 11, 12, 13, 25)}, '11': {'team': 'NYG', 'date': datetime.datetime(2023, 11, 19, 10, 0)}, '12': {'team': 'DAL', 'date': datetime.datetime(2023, 11, 23, 13, 30)}, '13': {'team': 'MIA', 'date': datetime.datetime(2023, 12, 3, 10, 0)}, '15': {'team': 'LAR', 'date': datetime.datetime(2023, 12, 17, 13, 5)}, '16': {'team': 'NYJ', 'date': datetime.datetime(2023, 12, 24, 10, 0)}, '17': {'team': 'SF', 'date': datetime.datetime(2023, 12, 31, 10, 0)}, '18': {'team': 'DAL', 'date': datetime.datetime(2024, 1, 7, 13, 25)}}","['QB', 'OP', 'BE', 'IR']",BE,,,,,,,,,,,,,,,,,,,,,23.0,15.0,8.0,54.66666667,1.0,32.0,15.0,7.0,5.0,2.0,1.0,2.0,1.0,1.0,,,,,,1.0,0.65217391,3.0,1.0,,1.0,,,,,,,,,,,,,,,,,,,,,,,,,,,,,,,,,,,,,,,,,,,,,,,,,,,,,,,,,,,,,,,,,,,,,,,,,,,,,,,,,,,,,,,,,,,,,,,,,,,,,,,,,,,,,,,,,,,,,,,,,,,,,,,,,,,,,,,,,,,,,,,,,,,,,,,,1.0,,,,,,,,,,,,,,,,,,,,,,,,,,,,,,,,,,,,,,,,,,,,2023,,,10.0,6.0,,,,,,,,,,,,,,,,,,,,,,,,,,,,,,,,,
175.0,10.29,0.0,0.0,,,,,,,,,,,,,,,,,106.0,85.64705882,7.0,284.0,137.0,63.0,53.0,21.0,14.0,158.0,473.0,13.73584906,,2.0,,2.0,2.0,1.0,1.0,11.0,6.0,42.0,,,17.0,,,,,,,,,,,,,,,,,,,,,,,,,,,,,,,,,,,,,,,,,,,15.11764706,A.J. Brown,PHI,DRAFT,7,4047646,3,South Bay Starr Power,WR,"{'1': {'team': 'NE', 'date': datetime.datetime(2023, 9, 10, 13, 25)}, '2': {'team': 'MIN', 'date': datetime.datetime(2023, 9, 14, 17, 15)}, '3': {'team': 'TB', 'date': datetime.datetime(2023, 9, 25, 16, 15)}, '4': {'team': 'WSH', 'date': datetime.datetime(2023, 10, 1, 10, 0)}, '5': {'team': 'LAR', 'date': datetime.datetime(2023, 10, 8, 13, 5)}, '6': {'team': 'NYJ', 'date': datetime.datetime(2023, 10, 15, 13, 25)}, '7': {'team': 'MIA', 'date': datetime.datetime(2023, 10, 22, 17, 20)}, '8': {'team': 'WSH', 'date': datetime.datetime(2023, 10, 29, 10, 0)}, '9': {'team': 'DAL', 'date': datetime.datetime(2023, 11, 5, 13, 25)}, '11': {'team': 'KC', 'date': datetime.datetime(2023, 11, 20, 17, 15)}, '12': {'team': 'BUF', 'date': datetime.datetime(2023, 11, 26, 13, 25)}, '13': {'team': 'SF', 'date': datetime.datetime(2023, 12, 3, 13, 25)}, '14': {'team': 'DAL', 'date': datetime.datetime(2023, 12, 10, 17, 20)}, '15': {'team': 'SEA', 'date': datetime.datetime(2023, 12, 18, 17, 15)}, '16': {'team': 'NYG', 'date': datetime.datetime(2023, 12, 25, 13, 30)}, '17': {'team': 'ARI', 'date': datetime.datetime(2023, 12, 31, 10, 0)}, '18': {'team': 'NYG', 'date': datetime.datetime(2024, 1, 7, 13, 25)}}","['RB/WR', 'WR', 'WR/TE', 'RB/WR/TE', 'OP', 'BE', 'IR']",WR,1.0,1.0,7.0,7.0,2.0,2.0,,,,,,,,,,,,1.0,2.0,2.0,,,,,,,,,,,,,,,,,,,,,,,,,,,,,,,,,,,,,,,,,,,,,,,,,,,,,2.0,,,,,,,,,,,,,,,,,,,,,,,,,,,,,,,,,,,,,,,,,,,,,,,,,,,,,,,,,,,,,,,,,,,,,,,,,,,,,,,,,,,,,,,,,,,,,,,,,,,,,,,,,,,,,,,,,,,,,,,,,,,,,,,,,,,,,,,,,,,,,,,,,,,,,,,,,,,,,,,,,,,,,,,,2023,,,,,70.0,,,,,,,,,,,,,,,,,,,,,,,,,,,,,,,,
171.0,12.21,0.0,0.0,247.0,68.71428571,6.0,187.0,90.0,42.0,32.0,11.0,1.0,43.0,19.0,,,1.0,,3.89473684,41.0,20.0,4.0,52.0,23.0,9.0,6.0,2.0,1.0,60.0,226.0,6.82926829,2.0,2.0,2.0,2.0,2.0,,,6.0,8.0,62.0,6.0,1.0,14.0,,,,,,,,,,,,,,,,,,,,,,,,,,,,,,,,,,,,,,,,,,,14.17647059,Saquon Barkley,PHI,DRAFT,13,3929630,3,South Bay Starr Power,RB,"{'1': {'team': 'NE', 'date': datetime.datetime(2023, 9, 10, 13, 25)}, '2': {'team': 'MIN', 'date': datetime.datetime(2023, 9, 14, 17, 15)}, '3': {'team': 'TB', 'date': datetime.datetime(2023, 9, 25, 16, 15)}, '4': {'team': 'WSH', 'date': datetime.datetime(2023, 10, 1, 10, 0)}, '5': {'team': 'LAR', 'date': datetime.datetime(2023, 10, 8, 13, 5)}, '6': {'team': 'NYJ', 'date': datetime.datetime(2023, 10, 15, 13, 25)}, '7': {'team': 'MIA', 'date': datetime.datetime(2023, 10, 22, 17, 20)}, '8': {'team': 'WSH', 'date': datetime.datetime(2023, 10, 29, 10, 0)}, '9': {'team': 'DAL', 'date': datetime.datetime(2023, 11, 5, 13, 25)}, '11': {'team': 'KC', 'date': datetime.datetime(2023, 11, 20, 17, 15)}, '12': {'team': 'BUF', 'date': datetime.datetime(2023, 11, 26, 13, 25)}, '13': {'team': 'SF', 'date': datetime.datetime(2023, 12, 3, 13, 25)}, '14': {'team': 'DAL', 'date': datetime.datetime(2023, 12, 10, 17, 20)}, '15': {'team': 'SEA', 'date': datetime.datetime(2023, 12, 18, 17, 15)}, '16': {'team': 'NYG', 'date': datetime.datetime(2023, 12, 25, 13, 30)}, '17': {'team': 'ARI', 'date': datetime.datetime(2023, 12, 31, 10, 0)}, '18': {'team': 'NYG', 'date': datetime.datetime(2024, 1, 7, 13, 25)}}","['RB', 'RB/WR', 'RB/WR/TE', 'OP', 'BE', 'IR']",RB,,,,,,,,,,,,,,,,,,,2.0,1.0,,,,,,,,,,,,,,,,,,,,,,,,,,,,,,,,,,,,,,,,,,,,,,,,,,,,,,,,,,,,,,,,,,,,,,,,,,,,,,,,,,,,,,,,,,,,,,,,,,,,,,,,,,,,,,,,,,,,,,,,,,,,,,,,,,,,,,,,,,,,,,,,,,,,,,,,,,,,,,,,,,,,,,,,,,,,,,,,,,,,,,1.0,,,,,,,,,,,,,,,,,,,,,,,,,,,,,,,,,,,,,,,2023,,,,51.0,16.0,,,,,,,,,,,,,,,,,,,,,,,,,,,,,,,,
223.0,17.15,0.0,0.0,52.0,17.53846154,3.0,44.0,19.0,7.0,4.0,1.0,,5.0,1.0,,,,,4.38461538,1.0,0.76923077,,2.0,1.0,,,,,1.0,17.0,10.0,1.0,4.0,,1.0,8.0,,,5.0,8.0,138.0,2.0,,13.0,,,,,,,,,,,,,,,,,,,,,,,,,,,,,,,,,,,,,,,,,,,15.0,Justin Herbert,LAC,DRAFT,17,4038941,3,South Bay Starr Power,QB,"{'1': {'team': 'MIA', 'date': datetime.datetime(2023, 9, 10, 13, 25)}, '2': {'team': 'TEN', 'date': datetime.datetime(2023, 9, 17, 10, 0)}, '3': {'team': 'MIN', 'date': datetime.datetime(2023, 9, 24, 10, 0)}, '4': {'team': 'LV', 'date': datetime.datetime(2023, 10, 1, 13, 5)}, '6': {'team': 'DAL', 'date': datetime.datetime(2023, 10, 16, 17, 15)}, '7': {'team': 'KC', 'date': datetime.datetime(2023, 10, 22, 13, 25)}, '8': {'team': 'CHI', 'date': datetime.datetime(2023, 10, 29, 17, 20)}, '9': {'team': 'NYJ', 'date': datetime.datetime(2023, 11, 6, 17, 15)}, '10': {'team': 'DET', 'date': datetime.datetime(2023, 11, 12, 13, 5)}, '11': {'team': 'GB', 'date': datetime.datetime(2023, 11, 19, 10, 0)}, '12': {'team': 'BAL', 'date': datetime.datetime(2023, 11, 26, 17, 20)}, '13': {'team': 'NE', 'date': datetime.datetime(2023, 12, 3, 10, 0)}, '14': {'team': 'DEN', 'date': datetime.datetime(2023, 12, 10, 13, 25)}, '15': {'team': 'LV', 'date': datetime.datetime(2023, 12, 14, 17, 15)}, '16': {'team': 'BUF', 'date': datetime.datetime(2023, 12, 23, 17, 0)}, '17': {'team': 'DEN', 'date': datetime.datetime(2023, 12, 31, 13, 25)}, '18': {'team': 'KC', 'date': datetime.datetime(2024, 1, 7, 13, 25)}}","['QB', 'OP', 'BE', 'IR']",QB,,,,,,,,,,,,,,,,,,,,,456.0,297.0,159.0,241.07692308,20.0,622.0,306.0,150.0,119.0,57.0,26.0,54.0,24.0,27.0,10.0,1.0,1.0,2.0,1.0,7.0,0.65131579,29.0,3.0,11.0,4.0,1.0,3.0,,,,,,,,,,,,,,,,,,,,,,,,,,,,1.0,,,,,,,,,,,,,,,,,,,,,,,,,,,,,,,,,,,,,,,,,,,,,,,,,,,,,,,,,,,,,,,,,,,,,,,,,,,,,,,,,,,,,,,,,,,,,,,,,,,,,,,,,,,,,,,,,,,,,,,,,,1.0,,,,,,,1.0,,,,,,,,,,,,,,,,,,,,,,,,,,,,,,,,,,,,,2023,,,150.0,16.0,1.0,,,,,,,,,,,,,,,,,,,,,,,,,,,,,,,,
86.0,7.17,0.0,0.0,1.0,0.5,,1.0,,,,,,,,,,,,6.0,57.0,65.58333333,3.0,151.0,72.0,34.0,26.0,9.0,6.0,85.0,247.0,13.80701754,,2.0,,2.0,2.0,1.0,1.0,8.0,4.0,18.0,,,12.0,,,,,,,,,,,,,,,,,,,,,,,,,,,,,,,,,,,,,,,,,,,15.11764706,Christian Kirk,JAX,DRAFT,47,3895856,3,South Bay Starr Power,BE,"{'1': {'team': 'IND', 'date': datetime.datetime(2023, 9, 10, 10, 0)}, '2': {'team': 'KC', 'date': datetime.datetime(2023, 9, 17, 10, 0)}, '3': {'team': 'HOU', 'date': datetime.datetime(2023, 9, 24, 10, 0)}, '4': {'team': 'ATL', 'date': datetime.datetime(2023, 10, 1, 6, 30)}, '5': {'team': 'BUF', 'date': datetime.datetime(2023, 10, 8, 6, 30)}, '6': {'team': 'IND', 'date': datetime.datetime(2023, 10, 15, 10, 0)}, '7': {'team': 'NO', 'date': datetime.datetime(2023, 10, 19, 17, 15)}, '8': {'team': 'PIT', 'date': datetime.datetime(2023, 10, 29, 10, 0)}, '10': {'team': 'SF', 'date': datetime.datetime(2023, 11, 12, 10, 0)}, '11': {'team': 'TEN', 'date': datetime.datetime(2023, 11, 19, 10, 0)}, '12': {'team': 'HOU', 'date': datetime.datetime(2023, 11, 26, 10, 0)}, '13': {'team': 'CIN', 'date': datetime.datetime(2023, 12, 4, 17, 15)}, '14': {'team': 'CLE', 'date': datetime.datetime(2023, 12, 10, 10, 0)}, '15': {'team': 'BAL', 'date': datetime.datetime(2023, 12, 17, 17, 20)}, '16': {'team': 'TB', 'date': datetime.datetime(2023, 12, 24, 13, 5)}, '17': {'team': 'CAR', 'date': datetime.datetime(2023, 12, 31, 10, 0)}, '18': {'team': 'TEN', 'date': datetime.datetime(2024, 1, 7, 10, 0)}}","['RB/WR', 'WR', 'WR/TE', 'RB/WR/TE', 'OP', 'BE', 'IR']",BE,1.0,,2.0,2.0,2.0,2.0,,,,,,,,,,,,1.0,,2.0,2.0,1.0,1.0,-0.08333333,,,,,,,,,,,,,,,,,0.5,,,,,,,,,,,,,,,,,,,,,,,,,,,,,,,,,,,,,,,,,,,,,,,,,,,,,,,,,,,,,,,,,,,,,,,,,,,,,,,,,,,,,,,,,,27.0,2.0,,,,,,,,,,,,,,,,,,,,,,,,,,,,,,,,,,,,,,,,,,,,,,,,,,,,,,,,,,,,,,,,,,,,,,,,,,,,,,,,,,,,,,,,,,,,,,,,,,,,,,,,,,,,,2023,,,,,34.0,,,,,,,,,,,,,,,,,,,,,,,,,,,,,,,,
146.0,8.59,0.0,0.0,,,,,,,,,,,,,,,,,,,,,,,,,,,,,,,,,,719.0,1055.0,11.0,6.0,,,,17.0,,,,,,,,,,,,,,,,,,,,,,,,,,,,,,,,,,,,,,,,,,,17.0,Bills D/ST,BUF,DRAFT,3,-16002,3,South Bay Starr Power,BE,"{'1': {'team': 'NYJ', 'date': datetime.datetime(2023, 9, 11, 17, 15)}, '2': {'team': 'LV', 'date': datetime.datetime(2023, 9, 17, 10, 0)}, '3': {'team': 'WSH', 'date': datetime.datetime(2023, 9, 24, 10, 0)}, '4': {'team': 'MIA', 'date': datetime.datetime(2023, 10, 1, 10, 0)}, '5': {'team': 'JAX', 'date': datetime.datetime(2023, 10, 8, 6, 30)}, '6': {'team': 'NYG', 'date': datetime.datetime(2023, 10, 15, 17, 20)}, '7': {'team': 'NE', 'date': datetime.datetime(2023, 10, 22, 10, 0)}, '8': {'team': 'TB', 'date': datetime.datetime(2023, 10, 26, 17, 15)}, '9': {'team': 'CIN', 'date': datetime.datetime(2023, 11, 5, 17, 20)}, '10': {'team': 'DEN', 'date': datetime.datetime(2023, 11, 13, 17, 15)}, '11': {'team': 'NYJ', 'date': datetime.datetime(2023, 11, 19, 13, 25)}, '12': {'team': 'PHI', 'date': datetime.datetime(2023, 11, 26, 13, 25)}, '14': {'team': 'KC', 'date': datetime.datetime(2023, 12, 10, 13, 25)}, '15': {'team': 'DAL', 'date': datetime.datetime(2023, 12, 17, 13, 25)}, '16': {'team': 'LAC', 'date': datetime.datetime(2023, 12, 23, 17, 0)}, '17': {'team': 'NE', 'date': datetime.datetime(2023, 12, 31, 10, 0)}, '18': {'team': 'MIA', 'date': datetime.datetime(2024, 1, 7, 17, 20)}}","['D/ST', 'BE', 'IR']",BE,,,,,,,349.0,29.0,8.0,,,,,,,,,,,,,,,,,,,,,,,,,,,,,,,,,,,,,,,,,,,,,,,,,,,,,,,,,,,,,,,,,336.0,,,14.0,,,,,,,,,,,,,,,,,,,,,,,,,,,,,,,,,,,12.0,0.0,2.0,3.0,2.0,2.0,18.0,1.0,,54.0,108.0,,1.0,2.0,3.0,345.0,205.0,77.0,79.0,360.0,28.0,8.0,311.0,3.0,5.0,1.0,1.0,5222.0,0.0,2.0,6.0,4.0,4.0,0.0,1.0,0.0,0.0,0.0,2.0,3.0,2.0,3.0,5.0,1.0,1.0,,,,,,,,,,,,,,,,,,,,,,,,,,,,,,,,,,,,,,,,,,,,,,,,,,,,,,,,,,,,,,,,,,,,,,,,,,,,,,,,,,,,,2023,,,,,,,,,,,,,,,,,,,,,,,,,,,,,,,,,,,,,
68.0,4.0,90.52,6.03,2.0,0.64705882,,2.0,,,,,,,,,,,,5.5,67.0,39.23529412,2.0,125.0,58.0,24.0,19.0,6.0,7.0,98.0,279.0,9.95522388,,,,,1.0,1.0,1.0,9.0,8.0,12.0,,,17.0,,,,,,,,,,,,,,,,,43.96880309,4.159301282,0.202998221,0.17708592,0.115725649,132.0,66.0,33.0,26.0,13.0,59.56576063,11.0,5.0,0.838420744,0.025930538,84.38161869,11.15917667,0.202998221,0.003387689,,0.769929408,0.769929408,,0.431160468,0.431160468,0.431160468,15.11764706,Tyler Boyd,CIN,DRAFT,58,3045144,3,South Bay Starr Power,WR,"{'1': {'team': 'CLE', 'date': datetime.datetime(2023, 9, 10, 10, 0)}, '2': {'team': 'BAL', 'date': datetime.datetime(2023, 9, 17, 10, 0)}, '3': {'team': 'LAR', 'date': datetime.datetime(2023, 9, 25, 17, 15)}, '4': {'team': 'TEN', 'date': datetime.datetime(2023, 10, 1, 10, 0)}, '5': {'team': 'ARI', 'date': datetime.datetime(2023, 10, 8, 13, 5)}, '6': {'team': 'SEA', 'date': datetime.datetime(2023, 10, 15, 10, 0)}, '8': {'team': 'SF', 'date': datetime.datetime(2023, 10, 29, 13, 25)}, '9': {'team': 'BUF', 'date': datetime.datetime(2023, 11, 5, 17, 20)}, '10': {'team': 'HOU', 'date': datetime.datetime(2023, 11, 12, 10, 0)}, '11': {'team': 'BAL', 'date': datetime.datetime(2023, 11, 16, 17, 15)}, '12': {'team': 'PIT', 'date': datetime.datetime(2023, 11, 26, 10, 0)}, '13': {'team': 'JAX', 'date': datetime.datetime(2023, 12, 4, 17, 15)}, '14': {'team': 'IND', 'date': datetime.datetime(2023, 12, 10, 10, 0)}, '15': {'team': 'MIN', 'date': datetime.datetime(2023, 12, 16, 10, 0)}, '16': {'team': 'PIT', 'date': datetime.datetime(2023, 12, 23, 13, 30)}, '17': {'team': 'KC', 'date': datetime.datetime(2023, 12, 31, 13, 25)}, '18': {'team': 'CLE', 'date': datetime.datetime(2024, 1, 7, 10, 0)}}","['RB/WR', 'WR', 'WR/TE', 'RB/WR/TE', 'OP', 'BE', 'IR']",WR,,,1.0,1.0,,,,,,,,,,,,,,,2.0,,1.0,,1.0,,,,,,,,,,,,,,,,,1.0,,,,,,,,,,,,,,,,,,,,,,,,,,,,,,,,,,,,,,,,,,,,,,,,,,,,,,,,,,,,,,,,,,,,,,,,,,,,,,,,,,,,,,,,,,,,,,,,,,,,,,,,,,,,,,,,,,,,,,,,,,,,,,,,,,,,,,,,,,,,,,,,,,,,,,,,,,,,,,,,,,,,,,,,,,,,,,,,,,,,,,,,,,,,,,,,,,,,,,,,,2023,,,,1.0,28.0,,,,,,,,,,,,,,,,,,,,,,,,,,,,,,32.45804669,,
55.0,3.67,0.0,0.0,,,,,,,,,,,,,,,,,47.0,33.0,2.0,94.0,43.0,18.0,12.0,3.0,5.0,70.0,246.0,10.53191489,,,,,,2.0,2.0,9.0,6.0,12.0,,,15.0,,,,,,,,,,,,,,,,,,,,,,,,,,,,,,,,,,,,,,,,,,,11.85294118,Tyler Higbee,LAR,DRAFT,23,2573401,3,South Bay Starr Power,BE,"{'1': {'team': 'SEA', 'date': datetime.datetime(2023, 9, 10, 13, 25)}, '2': {'team': 'SF', 'date': datetime.datetime(2023, 9, 17, 13, 5)}, '3': {'team': 'CIN', 'date': datetime.datetime(2023, 9, 25, 17, 15)}, '4': {'team': 'IND', 'date': datetime.datetime(2023, 10, 1, 10, 0)}, '5': {'team': 'PHI', 'date': datetime.datetime(2023, 10, 8, 13, 5)}, '6': {'team': 'ARI', 'date': datetime.datetime(2023, 10, 15, 13, 25)}, '7': {'team': 'PIT', 'date': datetime.datetime(2023, 10, 22, 13, 5)}, '8': {'team': 'DAL', 'date': datetime.datetime(2023, 10, 29, 10, 0)}, '9': {'team': 'GB', 'date': datetime.datetime(2023, 11, 5, 10, 0)}, '11': {'team': 'SEA', 'date': datetime.datetime(2023, 11, 19, 13, 25)}, '12': {'team': 'ARI', 'date': datetime.datetime(2023, 11, 26, 13, 5)}, '13': {'team': 'CLE', 'date': datetime.datetime(2023, 12, 3, 13, 25)}, '14': {'team': 'BAL', 'date': datetime.datetime(2023, 12, 10, 10, 0)}, '15': {'team': 'WSH', 'date': datetime.datetime(2023, 12, 17, 13, 5)}, '16': {'team': 'NO', 'date': datetime.datetime(2023, 12, 21, 17, 15)}, '17': {'team': 'NYG', 'date': datetime.datetime(2023, 12, 31, 10, 0)}, '18': {'team': 'SF', 'date': datetime.datetime(2024, 1, 7, 13, 25)}}","['WR/TE', 'TE', 'RB/WR/TE', 'OP', 'BE', 'IR']",BE,,,,,,,,,,,,,,,,,,,2.0,,,,,,,,,,,,,,,,,,,,,,,,,,,,,,,,,,,,,,,,,,,,,,,,,,,,,,,,,,,,,,,,,,,,,,,,,,,,,,,,,,,,,,,,,,,,,,,,,,,,,,,,,,,,,,,,,,,,,,,,,,,,,,,,,,,,,,,,,,,,,,,,,,,,,,,,,,,,,,,,,,,,,,,,,,,,,,,,,,,,,,,,,,,,,,,,,,,,,,,,,,,,,,,,,,,,,,,,,,,,,,2023,,,,,26.0,,,,,,,,,,,,,,,,,,,,,,,,,,,,,,,,
128.0,7.53,138.81,8.17,,,,,,,,,,,,,,,,,,,,,,,,,,,,,,,,,,1.0,1.0,11.0,6.0,121.0,,,17.0,,,,,,,,,,,,,,,,,,,,,,,,,,,,,,,,,,,,,,,,,,,17.0,Tyler Bass,BUF,DRAFT,19,3917232,3,South Bay Starr Power,BE,"{'1': {'team': 'NYJ', 'date': datetime.datetime(2023, 9, 11, 17, 15)}, '2': {'team': 'LV', 'date': datetime.datetime(2023, 9, 17, 10, 0)}, '3': {'team': 'WSH', 'date': datetime.datetime(2023, 9, 24, 10, 0)}, '4': {'team': 'MIA', 'date': datetime.datetime(2023, 10, 1, 10, 0)}, '5': {'team': 'JAX', 'date': datetime.datetime(2023, 10, 8, 6, 30)}, '6': {'team': 'NYG', 'date': datetime.datetime(2023, 10, 15, 17, 20)}, '7': {'team': 'NE', 'date': datetime.datetime(2023, 10, 22, 10, 0)}, '8': {'team': 'TB', 'date': datetime.datetime(2023, 10, 26, 17, 15)}, '9': {'team': 'CIN', 'date': datetime.datetime(2023, 11, 5, 17, 20)}, '10': {'team': 'DEN', 'date': datetime.datetime(2023, 11, 13, 17, 15)}, '11': {'team': 'NYJ', 'date': datetime.datetime(2023, 11, 19, 13, 25)}, '12': {'team': 'PHI', 'date': datetime.datetime(2023, 11, 26, 13, 25)}, '14': {'team': 'KC', 'date': datetime.datetime(2023, 12, 10, 13, 25)}, '15': {'team': 'DAL', 'date': datetime.datetime(2023, 12, 17, 13, 25)}, '16': {'team': 'LAC', 'date': datetime.datetime(2023, 12, 23, 17, 0)}, '17': {'team': 'NE', 'date': datetime.datetime(2023, 12, 31, 10, 0)}, '18': {'team': 'MIA', 'date': datetime.datetime(2024, 1, 7, 17, 20)}}","['K', 'BE', 'IR']",BE,,,,,,,,,,,,,,,,,,,,,,,,,,,,,,,,,,,,,,,,,,,,,,,,,,,,,,,,,,,,,,,,,,,,,,,,,,,,,,4.0,6.0,4.0,6.0,2.0,16.0,17.0,1.0,24.0,29.0,5.0,49.0,50.0,1.0,4.0,6.0,4.144001818,6.164302416,2.020300598,7.930880332,9.836652792,1.90577246,16.10391588,16.78788743,0.683971554,28.17879803,32.78884264,4.610044612,42.66545858,45.08860912,2.423150539,4.144001818,6.164302416,2.020300598,,,,,,,,,,,,,,,,,,,,,,,,,,,,,,,,,,,,,,,,,,,,,,,,,,,,,,,,,,,,,,,,,,,,,,,,,,,,,,,,,,,,,,,2.0,2.0,,,,,,,,,,,,,,,,,,,,,,,,,,,,,,,,,,,,,,,,,,2023,,,,,,898.0,229.0,1127.0,173.0,83.0,39.0,29.0,11.0,3.0,45.0,22.0,11.0,8.0,3.0,219.0,106.0,50.0,38.0,16.0,5.0,,1.0,1063.783189,215.3751396,1279.158329,223.7760982,109.0962323,332.8723305,,,,
50.0,4.17,97.7,6.98,21.0,5.0,1.0,9.0,2.0,,,,,,,,,,,2.85714286,25.0,16.0,4.0,33.0,14.0,4.0,,,,32.0,219.0,7.68,,,,,,,,8.0,4.0,36.0,1.0,,12.0,69.52577587,20.50789523,2.679942191,0.146451298,58.0,29.0,14.0,11.0,5.0,13.0,6.0,0.13234425,0.092640975,0.218087455,0.007442488,4.181608474,24.71614115,2.972341715,0.138384256,0.099794769,0.065215881,70.0,35.0,17.0,14.0,7.0,39.23392736,7.0,3.0,0.173657588,0.005370853,50.78437084,8.930730917,0.284835554,0.003559997,0.517219308,0.291870813,0.809090121,0.237920881,0.163447655,0.401368537,0.401368537,14.17647059,Jerick McKinnon,KC,DRAFT,57,16782,3,South Bay Starr Power,BE,"{'1': {'team': 'DET', 'date': datetime.datetime(2023, 9, 7, 17, 20)}, '2': {'team': 'JAX', 'date': datetime.datetime(2023, 9, 17, 10, 0)}, '3': {'team': 'CHI', 'date': datetime.datetime(2023, 9, 24, 13, 25)}, '4': {'team': 'NYJ', 'date': datetime.datetime(2023, 10, 1, 17, 20)}, '5': {'team': 'MIN', 'date': datetime.datetime(2023, 10, 8, 13, 25)}, '6': {'team': 'DEN', 'date': datetime.datetime(2023, 10, 12, 17, 15)}, '7': {'team': 'LAC', 'date': datetime.datetime(2023, 10, 22, 13, 25)}, '8': {'team': 'DEN', 'date': datetime.datetime(2023, 10, 29, 13, 25)}, '9': {'team': 'MIA', 'date': datetime.datetime(2023, 11, 5, 6, 30)}, '11': {'team': 'PHI', 'date': datetime.datetime(2023, 11, 20, 17, 15)}, '12': {'team': 'LV', 'date': datetime.datetime(2023, 11, 26, 13, 25)}, '13': {'team': 'GB', 'date': datetime.datetime(2023, 12, 3, 17, 20)}, '14': {'team': 'BUF', 'date': datetime.datetime(2023, 12, 10, 13, 25)}, '15': {'team': 'NE', 'date': datetime.datetime(2023, 12, 17, 10, 0)}, '16': {'team': 'LV', 'date': datetime.datetime(2023, 12, 25, 10, 0)}, '17': {'team': 'CIN', 'date': datetime.datetime(2023, 12, 31, 13, 25)}, '18': {'team': 'LAC', 'date': datetime.datetime(2024, 1, 7, 13, 25)}}","['RB', 'RB/WR', 'RB/WR/TE', 'OP', 'BE', 'IR']",BE,,,,,,,20.0,2.0,,,,,,,,,,,3.0,,1.0,1.0,,0.33333333,1.0,,,,,,,,,,,,,,,,1.0,,,1.0,,,,,,,,,,,,,,,,,,,,,,,,,,,,,1.0,,,,,,,,,,,,,,,,,,,,,,,,,,,,,,,,,,,,,,,,,,,,,,,,,,,,,,,,,,,,,,,,,,,,,,,,,,,,,,,,,,,,,,,,,,,,,,,,,,,,,,,,,,,,,,,,,,,,,,,,,,,,,,,,,,,,,,,,,,,,,,,,,,,,,,,,,,,,,,,,,,,,,,,,2023,,,1.0,7.0,10.0,,,,,,,,,,,,,,,,,,,,,,,,,,,,,18.11038129,18.67074959,,
156.0,14.18,0.0,0.0,103.0,72.72727273,8.0,156.0,76.0,36.0,28.0,13.0,5.0,16.0,5.0,2.0,2.0,3.0,1.0,7.76699029,27.0,17.90909091,3.0,35.0,16.0,5.0,4.0,,1.0,37.0,262.0,7.2962963,1.0,1.0,1.0,1.0,1.0,,,7.0,4.0,66.0,4.0,,11.0,,,,,,,,,,,,,,,,,,,,,,,,,,,,,,,,,,,,,,,,,,,14.17647059,De'Von Achane,MIA,ADD,18,4429160,3,South Bay Starr Power,RB,"{'1': {'team': 'LAC', 'date': datetime.datetime(2023, 9, 10, 13, 25)}, '2': {'team': 'NE', 'date': datetime.datetime(2023, 9, 17, 17, 20)}, '3': {'team': 'DEN', 'date': datetime.datetime(2023, 9, 24, 10, 0)}, '4': {'team': 'BUF', 'date': datetime.datetime(2023, 10, 1, 10, 0)}, '5': {'team': 'NYG', 'date': datetime.datetime(2023, 10, 8, 10, 0)}, '6': {'team': 'CAR', 'date': datetime.datetime(2023, 10, 15, 10, 0)}, '7': {'team': 'PHI', 'date': datetime.datetime(2023, 10, 22, 17, 20)}, '8': {'team': 'NE', 'date': datetime.datetime(2023, 10, 29, 10, 0)}, '9': {'team': 'KC', 'date': datetime.datetime(2023, 11, 5, 6, 30)}, '11': {'team': 'LV', 'date': datetime.datetime(2023, 11, 19, 10, 0)}, '12': {'team': 'NYJ', 'date': datetime.datetime(2023, 11, 24, 12, 0)}, '13': {'team': 'WSH', 'date': datetime.datetime(2023, 12, 3, 10, 0)}, '14': {'team': 'TEN', 'date': datetime.datetime(2023, 12, 11, 17, 15)}, '15': {'team': 'NYJ', 'date': datetime.datetime(2023, 12, 17, 10, 0)}, '16': {'team': 'DAL', 'date': datetime.datetime(2023, 12, 24, 13, 25)}, '17': {'team': 'BAL', 'date': datetime.datetime(2023, 12, 31, 10, 0)}, '18': {'team': 'BUF', 'date': datetime.datetime(2024, 1, 7, 17, 20)}}","['Rookie', 'RB', 'RB/WR', 'RB/WR/TE', 'OP', 'BE', 'IR']",RB,,,,,,,,,,,,,,,,,,,2.0,,,,,,,,,,,,,,,,,,,,,,,1.0,,,,,,,,,,,,,,,,,,,,,,,,,,,,,,,1.0,,1.0,1.0,,,,,,,,,,,,,,,,,,,,,,,,,,,,,,,,,,,,,,,,,,,,,,,,,,,,,,,,,,,,,,,,,,,,,,,,,,,,,,,,,,,,,,,,,,,,,,,,,,,,,,,,,,,,,,,,,,,,,,,,,,,,,,,,,,,,,,,,,,,,,,,,,,,,,,,,,,,,,,,,,,,,,2023,,,,30.0,10.0,,,,,,,,,,,,,,,,,,,,,,,,,,,,,,,,
129.0,7.59,0.0,0.0,,,,,,,,,,,,,,,,,,,,,,,,,,,,,,,,,,715.0,1024.0,11.0,6.0,,,,17.0,,,,,,,,,,,,,,,,,,,,,,,,,,,,,,,,,,,,,,,,,,,17.0,Chiefs D/ST,KC,ADD,8,-16012,3,South Bay Starr Power,D/ST,"{'1': {'team': 'DET', 'date': datetime.datetime(2023, 9, 7, 17, 20)}, '2': {'team': 'JAX', 'date': datetime.datetime(2023, 9, 17, 10, 0)}, '3': {'team': 'CHI', 'date': datetime.datetime(2023, 9, 24, 13, 25)}, '4': {'team': 'NYJ', 'date': datetime.datetime(2023, 10, 1, 17, 20)}, '5': {'team': 'MIN', 'date': datetime.datetime(2023, 10, 8, 13, 25)}, '6': {'team': 'DEN', 'date': datetime.datetime(2023, 10, 12, 17, 15)}, '7': {'team': 'LAC', 'date': datetime.datetime(2023, 10, 22, 13, 25)}, '8': {'team': 'DEN', 'date': datetime.datetime(2023, 10, 29, 13, 25)}, '9': {'team': 'MIA', 'date': datetime.datetime(2023, 11, 5, 6, 30)}, '11': {'team': 'PHI', 'date': datetime.datetime(2023, 11, 20, 17, 15)}, '12': {'team': 'LV', 'date': datetime.datetime(2023, 11, 26, 13, 25)}, '13': {'team': 'GB', 'date': datetime.datetime(2023, 12, 3, 17, 20)}, '14': {'team': 'BUF', 'date': datetime.datetime(2023, 12, 10, 13, 25)}, '15': {'team': 'NE', 'date': datetime.datetime(2023, 12, 17, 10, 0)}, '16': {'team': 'LV', 'date': datetime.datetime(2023, 12, 25, 10, 0)}, '17': {'team': 'CIN', 'date': datetime.datetime(2023, 12, 31, 13, 25)}, '18': {'team': 'LAC', 'date': datetime.datetime(2024, 1, 7, 13, 25)}}","['D/ST', 'BE', 'IR']",D/ST,,,,,,,241.0,21.0,5.0,,,,,,,,,,,,,,,,,,,,,,,,,,,,,,,,,,,,,,,,,,,,,,,,,,,,,,,,,,,,,,,,,309.0,,,15.0,,,,,,,,,,,,,,,,,,,,,,,,,,,,,,,,,,,9.0,0.0,0.0,5.0,6.0,2.0,8.0,1.0,,57.0,114.0,,,,2.0,336.0,198.0,60.0,72.0,380.0,32.0,8.0,274.0,4.0,2.0,0.0,0.0,4926.0,0.0,1.0,8.0,3.0,5.0,0.0,0.0,0.0,0.0,0.0,0.0,5.0,6.0,4.0,2.0,0.0,0.0,,,,,,,,,,,,,,,,,,,,,,,,,,,,,,,,,,,,,,,,,,,,,,,2.0,,,,,,,,,,,,,,,,,,,,,,,,,,,,,,,,,,,,,,2023,,,,,,,,,,,,,,,,,,,,,,,,,,,,,,,,,,,,,
146.0,9.73,136.5,8.03,,,,,,,,,,,,,,,,,,,,,,,,,,,,,,,,,,2.0,2.0,10.0,5.0,123.0,,,15.0,,,,,,,,,,,,,,,,,,,,,,,,,,,,,,,,,,,,,,,,,,,17.0,Dustin Hopkins,CLE,ADD,9,15965,3,South Bay Starr Power,K,"{'1': {'team': 'CIN', 'date': datetime.datetime(2023, 9, 10, 10, 0)}, '2': {'team': 'PIT', 'date': datetime.datetime(2023, 9, 18, 17, 15)}, '3': {'team': 'TEN', 'date': datetime.datetime(2023, 9, 24, 10, 0)}, '4': {'team': 'BAL', 'date': datetime.datetime(2023, 10, 1, 10, 0)}, '6': {'team': 'SF', 'date': datetime.datetime(2023, 10, 15, 10, 0)}, '7': {'team': 'IND', 'date': datetime.datetime(2023, 10, 22, 10, 0)}, '8': {'team': 'SEA', 'date': datetime.datetime(2023, 10, 29, 13, 5)}, '9': {'team': 'ARI', 'date': datetime.datetime(2023, 11, 5, 10, 0)}, '10': {'team': 'BAL', 'date': datetime.datetime(2023, 11, 12, 10, 0)}, '11': {'team': 'PIT', 'date': datetime.datetime(2023, 11, 19, 10, 0)}, '12': {'team': 'DEN', 'date': datetime.datetime(2023, 11, 26, 13, 5)}, '13': {'team': 'LAR', 'date': datetime.datetime(2023, 12, 3, 13, 25)}, '14': {'team': 'JAX', 'date': datetime.datetime(2023, 12, 10, 10, 0)}, '15': {'team': 'CHI', 'date': datetime.datetime(2023, 12, 17, 10, 0)}, '16': {'team': 'HOU', 'date': datetime.datetime(2023, 12, 24, 10, 0)}, '17': {'team': 'NYJ', 'date': datetime.datetime(2023, 12, 28, 17, 15)}, '18': {'team': 'CIN', 'date': datetime.datetime(2024, 1, 7, 10, 0)}}","['K', 'BE', 'IR']",K,,,,,,,,,,,,,,,,,,,,,,,,,,,,,,,,,,,,,,,,,,,,,,,,,,,,,,,,,,,,,,,,,,,,,,,,,,,,,,8.0,8.0,10.0,13.0,3.0,15.0,15.0,,33.0,36.0,3.0,24.0,26.0,2.0,8.0,8.0,4.156970489,6.18184881,2.024878322,7.955326962,9.864652357,1.909325395,16.15294937,16.83567336,0.682723984,28.26524682,32.88217452,4.616927701,40.05662565,42.32312299,2.26649733,4.156970489,6.18184881,2.024878322,,,,,,,,,,,,,,,,,,,,,,,,,,,,,,,,,,,,,,,,,,,,,,,,,,,,,,,,,,,,,,,,,,,,,,,,,,,,,,,,,,,,,,,,,,,,,,,,,,,,,,,,,,,,,,,,,,,,,,,,,,,,,,,,,,2023,,,,,,1306.0,138.0,1444.0,256.0,124.0,58.0,47.0,22.0,6.0,26.0,12.0,6.0,3.0,,283.0,139.0,66.0,52.0,25.0,9.0,,,1067.054601,215.7447917,1282.799393,224.4764064,109.3434294,333.8198358,,,,
109.0,6.41,0.0,0.0,186.0,40.17647059,4.0,130.0,61.0,26.0,19.0,5.0,,30.0,9.0,,,,,3.67204301,18.0,11.35294118,1.0,38.0,16.0,5.0,5.0,2.0,,23.0,217.0,10.72222222,,,,,,,1.0,7.0,10.0,32.0,3.0,,17.0,,,,,,,,,,,,,,,,,,,,,,,,,,,,,,,,,,,,,,,,,,,14.17647059,Tyler Allgeier,ATL,ADD,33,4373626,3,South Bay Starr Power,BE,"{'1': {'team': 'CAR', 'date': datetime.datetime(2023, 9, 10, 10, 0)}, '2': {'team': 'GB', 'date': datetime.datetime(2023, 9, 17, 10, 0)}, '3': {'team': 'DET', 'date': datetime.datetime(2023, 9, 24, 10, 0)}, '4': {'team': 'JAX', 'date': datetime.datetime(2023, 10, 1, 6, 30)}, '5': {'team': 'HOU', 'date': datetime.datetime(2023, 10, 8, 10, 0)}, '6': {'team': 'WSH', 'date': datetime.datetime(2023, 10, 15, 10, 0)}, '7': {'team': 'TB', 'date': datetime.datetime(2023, 10, 22, 10, 0)}, '8': {'team': 'TEN', 'date': datetime.datetime(2023, 10, 29, 10, 0)}, '9': {'team': 'MIN', 'date': datetime.datetime(2023, 11, 5, 10, 0)}, '10': {'team': 'ARI', 'date': datetime.datetime(2023, 11, 12, 13, 5)}, '12': {'team': 'NO', 'date': datetime.datetime(2023, 11, 26, 10, 0)}, '13': {'team': 'NYJ', 'date': datetime.datetime(2023, 12, 3, 10, 0)}, '14': {'team': 'TB', 'date': datetime.datetime(2023, 12, 10, 10, 0)}, '15': {'team': 'CAR', 'date': datetime.datetime(2023, 12, 17, 10, 0)}, '16': {'team': 'IND', 'date': datetime.datetime(2023, 12, 24, 10, 0)}, '17': {'team': 'CHI', 'date': datetime.datetime(2023, 12, 31, 10, 0)}, '18': {'team': 'NO', 'date': datetime.datetime(2024, 1, 7, 10, 0)}}","['RB', 'RB/WR', 'RB/WR/TE', 'OP', 'BE', 'IR']",BE,1.0,1.0,,,,,,,,,,,,,,,,,,,,,,,,,,,,,,,,,,,,,,,,,,,,,,,,,,,,,,,,,,,,,,,,,,,,,1.0,,,1.0,,,,,,,,,,,,,,,,,,,,,,,,,,,,,,,,,,,,,,,,,,,,,,,,,,,,,,,,,,,,,,,,,,,,,,,,,,,,,,,,,,,,,,,,,,,,,,,,,,,,,,,,,,,,,,,,,,,,,,,,,,1.0,,,,,,,,,,,,,,,,,,,,,,,,,,,,,,,,,,,,,,,,,,,,,2023,,,,39.0,6.0,,,,,,,,,,,,,,,,,,,,,,,,,,,,,,,,
68.0,4.0,36.34,2.42,,,,,,,,,,,,,,,,,30.0,24.17647059,5.0,79.0,38.0,17.0,11.0,3.0,2.0,40.0,216.0,13.7,,,,,,2.0,2.0,13.0,4.0,30.0,,1.0,17.0,,,,,,,,,,,,,,,,,15.74925609,2.228779171,0.128264586,0.098940793,0.064657808,47.0,23.0,11.0,9.0,4.0,22.65617827,4.0,2.0,0.090612419,0.002802446,34.73913034,10.50890809,0.128264586,0.001152231,,0.261870783,0.261870783,,0.146647639,0.146647639,0.146647639,15.11764706,Isaiah Likely,BAL,ADD,17,4361050,3,South Bay Starr Power,TE,"{'1': {'team': 'HOU', 'date': datetime.datetime(2023, 9, 10, 10, 0)}, '2': {'team': 'CIN', 'date': datetime.datetime(2023, 9, 17, 10, 0)}, '3': {'team': 'IND', 'date': datetime.datetime(2023, 9, 24, 10, 0)}, '4': {'team': 'CLE', 'date': datetime.datetime(2023, 10, 1, 10, 0)}, '5': {'team': 'PIT', 'date': datetime.datetime(2023, 10, 8, 10, 0)}, '6': {'team': 'TEN', 'date': datetime.datetime(2023, 10, 15, 6, 30)}, '7': {'team': 'DET', 'date': datetime.datetime(2023, 10, 22, 10, 0)}, '8': {'team': 'ARI', 'date': datetime.datetime(2023, 10, 29, 13, 25)}, '9': {'team': 'SEA', 'date': datetime.datetime(2023, 11, 5, 10, 0)}, '10': {'team': 'CLE', 'date': datetime.datetime(2023, 11, 12, 10, 0)}, '11': {'team': 'CIN', 'date': datetime.datetime(2023, 11, 16, 17, 15)}, '12': {'team': 'LAC', 'date': datetime.datetime(2023, 11, 26, 17, 20)}, '14': {'team': 'LAR', 'date': datetime.datetime(2023, 12, 10, 10, 0)}, '15': {'team': 'JAX', 'date': datetime.datetime(2023, 12, 17, 17, 20)}, '16': {'team': 'SF', 'date': datetime.datetime(2023, 12, 25, 17, 15)}, '17': {'team': 'MIA', 'date': datetime.datetime(2023, 12, 31, 10, 0)}, '18': {'team': 'PIT', 'date': datetime.datetime(2024, 1, 6, 13, 30)}}","['WR/TE', 'TE', 'RB/WR/TE', 'OP', 'BE', 'IR']",TE,1.0,1.0,,,,,,,,,,,,,,,,,1.0,1.0,,,,,,,,,,,,,,,,,,,,,,,,,,,,,,,,,,,,,,,,,,,,,,,,,,,,,1.0,,,,,,,,,,,,,,,,,,,,,,,,,,,,,,,,,,,,,,,,,,,,,,,,,,,,,,,,,,,,,,,,,,,,,,,,,,,,,,,,,,,,,,,,,,,,,,,,,,,,,,,,,,,,,,,,,,,,,,,,,,,,,,,,,,,,,,,,,,,,,,,,,,,,,,,,,,,,,,,,,,,,,,,,2023,,,,,15.0,,,,,,,,,,,,,,,,,,,,,,,,,,,,,,11.49139764,,
72.0,5.14,0.0,0.0,,,,,,,,,,,,,,,,,42.0,29.92857143,6.0,80.0,36.0,15.0,12.0,4.0,3.0,61.0,78.0,9.97619048,,1.0,,,,,,3.0,11.0,36.0,,,14.0,,,,,,,,,,,,,,,,,,,,,,,,,,,,,,,,,,,,,,,,,,,15.11764706,Hunter Henry,NE,ADD,15,3046439,3,South Bay Starr Power,BE,"{'1': {'team': 'PHI', 'date': datetime.datetime(2023, 9, 10, 13, 25)}, '2': {'team': 'MIA', 'date': datetime.datetime(2023, 9, 17, 17, 20)}, '3': {'team': 'NYJ', 'date': datetime.datetime(2023, 9, 24, 10, 0)}, '4': {'team': 'DAL', 'date': datetime.datetime(2023, 10, 1, 13, 25)}, '5': {'team': 'NO', 'date': datetime.datetime(2023, 10, 8, 10, 0)}, '6': {'team': 'LV', 'date': datetime.datetime(2023, 10, 15, 13, 5)}, '7': {'team': 'BUF', 'date': datetime.datetime(2023, 10, 22, 10, 0)}, '8': {'team': 'MIA', 'date': datetime.datetime(2023, 10, 29, 10, 0)}, '9': {'team': 'WSH', 'date': datetime.datetime(2023, 11, 5, 10, 0)}, '10': {'team': 'IND', 'date': datetime.datetime(2023, 11, 12, 6, 30)}, '12': {'team': 'NYG', 'date': datetime.datetime(2023, 11, 26, 10, 0)}, '13': {'team': 'LAC', 'date': datetime.datetime(2023, 12, 3, 10, 0)}, '14': {'team': 'PIT', 'date': datetime.datetime(2023, 12, 7, 17, 15)}, '15': {'team': 'KC', 'date': datetime.datetime(2023, 12, 17, 10, 0)}, '16': {'team': 'DEN', 'date': datetime.datetime(2023, 12, 24, 17, 15)}, '17': {'team': 'BUF', 'date': datetime.datetime(2023, 12, 31, 10, 0)}, '18': {'team': 'NYJ', 'date': datetime.datetime(2024, 1, 7, 10, 0)}}","['WR/TE', 'TE', 'RB/WR/TE', 'OP', 'BE', 'IR']",BE,,,,,1.0,,,,,,,,,,,,,,3.0,1.0,,,,,,,,,,,,,,,,,,,,,,,,,,,,,,,,,,,,,,,,,,,,,,,,,,,,,2.0,,,,,,,,,,,,,,,,,,,,,,,,,,,,,,,,,,,,,,,,,,,,,,,,,,,,,,,,,,,,,,,,,,,,,,,,,,,,,,,,,,,,,,,,,,,,,,,,,,,,,,,,,,,,,,,,,,,,,,,,,,,,,,,,,,,,,,,,,,,,,,,,,,,,,,,,,,,,,,,,,,,,,,,,2023,,,,,29.0,,,,,,,,,,,,,,,,,,,,,,,,,,,,,,,,
119.0,7.93,0.0,0.0,,,,,,,,,,,,,,,,,93.0,65.6,5.0,189.0,91.0,43.0,32.0,12.0,13.0,121.0,469.0,10.58064516,,1.0,,1.0,1.0,1.0,1.0,10.0,5.0,30.0,,,15.0,,,,,,,,,,,,,,,,,,,,,,,,,,,,,,,,,,,,,,,,,,,15.11764706,Travis Kelce,KC,DRAFT,3,15847,4,Mission Viejo Goat,TE,"{'1': {'team': 'DET', 'date': datetime.datetime(2023, 9, 7, 17, 20)}, '2': {'team': 'JAX', 'date': datetime.datetime(2023, 9, 17, 10, 0)}, '3': {'team': 'CHI', 'date': datetime.datetime(2023, 9, 24, 13, 25)}, '4': {'team': 'NYJ', 'date': datetime.datetime(2023, 10, 1, 17, 20)}, '5': {'team': 'MIN', 'date': datetime.datetime(2023, 10, 8, 13, 25)}, '6': {'team': 'DEN', 'date': datetime.datetime(2023, 10, 12, 17, 15)}, '7': {'team': 'LAC', 'date': datetime.datetime(2023, 10, 22, 13, 25)}, '8': {'team': 'DEN', 'date': datetime.datetime(2023, 10, 29, 13, 25)}, '9': {'team': 'MIA', 'date': datetime.datetime(2023, 11, 5, 6, 30)}, '11': {'team': 'PHI', 'date': datetime.datetime(2023, 11, 20, 17, 15)}, '12': {'team': 'LV', 'date': datetime.datetime(2023, 11, 26, 13, 25)}, '13': {'team': 'GB', 'date': datetime.datetime(2023, 12, 3, 17, 20)}, '14': {'team': 'BUF', 'date': datetime.datetime(2023, 12, 10, 13, 25)}, '15': {'team': 'NE', 'date': datetime.datetime(2023, 12, 17, 10, 0)}, '16': {'team': 'LV', 'date': datetime.datetime(2023, 12, 25, 10, 0)}, '17': {'team': 'CIN', 'date': datetime.datetime(2023, 12, 31, 13, 25)}, '18': {'team': 'LAC', 'date': datetime.datetime(2024, 1, 7, 13, 25)}}","['WR/TE', 'TE', 'RB/WR/TE', 'OP', 'BE', 'IR']",TE,,,2.0,2.0,1.0,1.0,,,,,,,,,,,,2.0,5.0,,,,,,,,,,,,,,,,,,,,,,,,,,,,,,,,,,,,,,,,,,,,,,,,,,,,,,,,,,,,,,,,,,,,,,,,,,,,,,,,,,,,,,,,,,,,,,,,,,,,,,,,,,,,,,,,,,,,,,,,,,,,,,,,,,,,,,,,,,,,,,,,,,,,,,,,,,,,,,,,,,,,,,,,,,,,,,,,,,,,,,,,,,,,,,,,,,,,,,,,,,,,,,,,,,,,,,,,,,,,,,2023,,,,,50.0,,,,,,,,,,,,,,,,,,,,,,,,,,,,,,,,
376.0,22.12,0.0,0.0,111.0,30.82352941,15.0,98.0,45.0,18.0,11.0,2.0,,15.0,3.0,,,,,4.72072072,,,,,,,,,,,,,4.0,7.0,3.0,4.0,22.0,,,11.0,6.0,264.0,11.0,,17.0,,,,,,,,,,,,,,,,,,,,,,,,,,,,,,,,,,,,,,,,,,,15.0,Josh Allen,BUF,DRAFT,1,3918298,4,Mission Viejo Goat,QB,"{'1': {'team': 'NYJ', 'date': datetime.datetime(2023, 9, 11, 17, 15)}, '2': {'team': 'LV', 'date': datetime.datetime(2023, 9, 17, 10, 0)}, '3': {'team': 'WSH', 'date': datetime.datetime(2023, 9, 24, 10, 0)}, '4': {'team': 'MIA', 'date': datetime.datetime(2023, 10, 1, 10, 0)}, '5': {'team': 'JAX', 'date': datetime.datetime(2023, 10, 8, 6, 30)}, '6': {'team': 'NYG', 'date': datetime.datetime(2023, 10, 15, 17, 20)}, '7': {'team': 'NE', 'date': datetime.datetime(2023, 10, 22, 10, 0)}, '8': {'team': 'TB', 'date': datetime.datetime(2023, 10, 26, 17, 15)}, '9': {'team': 'CIN', 'date': datetime.datetime(2023, 11, 5, 17, 20)}, '10': {'team': 'DEN', 'date': datetime.datetime(2023, 11, 13, 17, 15)}, '11': {'team': 'NYJ', 'date': datetime.datetime(2023, 11, 19, 13, 25)}, '12': {'team': 'PHI', 'date': datetime.datetime(2023, 11, 26, 13, 25)}, '14': {'team': 'KC', 'date': datetime.datetime(2023, 12, 10, 13, 25)}, '15': {'team': 'DAL', 'date': datetime.datetime(2023, 12, 17, 13, 25)}, '16': {'team': 'LAC', 'date': datetime.datetime(2023, 12, 23, 17, 0)}, '17': {'team': 'NE', 'date': datetime.datetime(2023, 12, 31, 10, 0)}, '18': {'team': 'MIA', 'date': datetime.datetime(2024, 1, 7, 17, 20)}}","['QB', 'OP', 'BE', 'IR']",QB,,,,,,,,,,,,,,,,,,,,,579.0,385.0,194.0,253.29411765,29.0,852.0,420.0,204.0,163.0,78.0,34.0,72.0,31.0,31.0,12.0,3.0,3.0,5.0,3.0,18.0,0.66493955,24.0,2.0,10.0,10.0,5.0,1.0,,,,,,,,,,,,,,,,,,,,,,,,,,,,4.0,,,,,,,,,,,,,,,,,,,,,,,,,,,,,,,,,,,,,,,,,,,,,,,,,,,,,,,,,,,,,,,,,,,,,,,,,,,,,,,,,,,,,,,,,,,,,,,,,,,,,,,,,,,,,,,,,,,,,,,,,,1.0,,,,,,,,,,,,,,,,,,,,,,,,,,,,,,,,,,,,,,,,,,,,2023,,,199.0,57.0,,,,,,,,,,,,,,,,,,,,,,,,,,,,,,,,,
138.0,8.62,0.0,0.0,,,,,,,,,,,,,,,,,81.0,66.625,7.0,206.0,98.0,44.0,35.0,12.0,9.0,112.0,294.0,13.16049383,,1.0,,1.0,1.0,2.0,2.0,11.0,5.0,42.0,,2.0,16.0,,,,,,,,,,,,,,,,,,,,,,,,,,,,,,,,,,,,,,,,,,,15.11764706,DeVonta Smith,PHI,DRAFT,22,4241478,4,Mission Viejo Goat,WR,"{'1': {'team': 'NE', 'date': datetime.datetime(2023, 9, 10, 13, 25)}, '2': {'team': 'MIN', 'date': datetime.datetime(2023, 9, 14, 17, 15)}, '3': {'team': 'TB', 'date': datetime.datetime(2023, 9, 25, 16, 15)}, '4': {'team': 'WSH', 'date': datetime.datetime(2023, 10, 1, 10, 0)}, '5': {'team': 'LAR', 'date': datetime.datetime(2023, 10, 8, 13, 5)}, '6': {'team': 'NYJ', 'date': datetime.datetime(2023, 10, 15, 13, 25)}, '7': {'team': 'MIA', 'date': datetime.datetime(2023, 10, 22, 17, 20)}, '8': {'team': 'WSH', 'date': datetime.datetime(2023, 10, 29, 10, 0)}, '9': {'team': 'DAL', 'date': datetime.datetime(2023, 11, 5, 13, 25)}, '11': {'team': 'KC', 'date': datetime.datetime(2023, 11, 20, 17, 15)}, '12': {'team': 'BUF', 'date': datetime.datetime(2023, 11, 26, 13, 25)}, '13': {'team': 'SF', 'date': datetime.datetime(2023, 12, 3, 13, 25)}, '14': {'team': 'DAL', 'date': datetime.datetime(2023, 12, 10, 17, 20)}, '15': {'team': 'SEA', 'date': datetime.datetime(2023, 12, 18, 17, 15)}, '16': {'team': 'NYG', 'date': datetime.datetime(2023, 12, 25, 13, 30)}, '17': {'team': 'ARI', 'date': datetime.datetime(2023, 12, 31, 10, 0)}, '18': {'team': 'NYG', 'date': datetime.datetime(2024, 1, 7, 13, 25)}}","['RB/WR', 'WR', 'WR/TE', 'RB/WR/TE', 'OP', 'BE', 'IR']",WR,1.0,1.0,2.0,2.0,1.0,1.0,,,,,,,,,,,,,2.0,1.0,,,,,,,,,,,,,,,,,,,,,,,,,,,,,,,,,,,,,,,,,,,,,,,,,,,,,1.0,,,,,,,,,,,,,,,,,,,,,,,,,,,,,,,,,,,,,,,,,,,,,,,,,,,,,,,,,,,,,,,,,,,,,,,,,,,,,,,,,,,,,,,,,,,,,,,,,,,,,,,,,,,,,,,,,,,,,,,,,,,,,,,,,,,,,,,,,,,,,,,,,,,,,,,,,,,,,,,,,,,,,,,,2023,,,,,47.0,,,,,,,,,,,,,,,,,,,,,,,,,,,,,,,,
98.0,8.17,0.0,0.0,156.0,51.58333333,4.0,118.0,55.0,24.0,19.0,5.0,,26.0,10.0,1.0,1.0,,,3.96794872,38.0,19.83333333,,43.0,21.0,8.0,5.0,2.0,4.0,51.0,261.0,6.26315789,1.0,1.0,1.0,1.0,1.0,,,2.0,10.0,24.0,3.0,,12.0,,,,,,,,,,,,,,,,,,,,,,,,,,,,,,,,,,,,,,,,,,,14.17647059,Rhamondre Stevenson,NE,DRAFT,35,4569173,4,Mission Viejo Goat,BE,"{'1': {'team': 'PHI', 'date': datetime.datetime(2023, 9, 10, 13, 25)}, '2': {'team': 'MIA', 'date': datetime.datetime(2023, 9, 17, 17, 20)}, '3': {'team': 'NYJ', 'date': datetime.datetime(2023, 9, 24, 10, 0)}, '4': {'team': 'DAL', 'date': datetime.datetime(2023, 10, 1, 13, 25)}, '5': {'team': 'NO', 'date': datetime.datetime(2023, 10, 8, 10, 0)}, '6': {'team': 'LV', 'date': datetime.datetime(2023, 10, 15, 13, 5)}, '7': {'team': 'BUF', 'date': datetime.datetime(2023, 10, 22, 10, 0)}, '8': {'team': 'MIA', 'date': datetime.datetime(2023, 10, 29, 10, 0)}, '9': {'team': 'WSH', 'date': datetime.datetime(2023, 11, 5, 10, 0)}, '10': {'team': 'IND', 'date': datetime.datetime(2023, 11, 12, 6, 30)}, '12': {'team': 'NYG', 'date': datetime.datetime(2023, 11, 26, 10, 0)}, '13': {'team': 'LAC', 'date': datetime.datetime(2023, 12, 3, 10, 0)}, '14': {'team': 'PIT', 'date': datetime.datetime(2023, 12, 7, 17, 15)}, '15': {'team': 'KC', 'date': datetime.datetime(2023, 12, 17, 10, 0)}, '16': {'team': 'DEN', 'date': datetime.datetime(2023, 12, 24, 17, 15)}, '17': {'team': 'BUF', 'date': datetime.datetime(2023, 12, 31, 10, 0)}, '18': {'team': 'NYJ', 'date': datetime.datetime(2024, 1, 7, 10, 0)}}","['RB', 'RB/WR', 'RB/WR/TE', 'OP', 'BE', 'IR']",BE,,,,,,,,,,,,,,,,,,,,,,,,,,,,,,,,,,,,,,,,,,,,,,,,,,,,,,,,,,,,,,,,,,,,,,,,,,,,,,,,,,,,,,,,,,,,,,,,,,,,,,,,,,,,,,,,,,,,,,,,,,,,,,,,,,,,,,,,,,,,,,,,,,,,,,,,,,,,,,,,,,,,,,,,,,,,,,,,,,,,,,,,,,,,,,,,,,,,,,,,,,,,,,,,,,,,,,,,,,,,,,,,,,,,,,,,,,,,,,,,,2023,,,,36.0,8.0,,,,,,,,,,,,,,,,,,,,,,,,,,,,,,,,
141.0,8.29,0.0,0.0,2.0,0.52941176,,1.0,,,,,,,,,,,,4.5,75.0,62.17647059,7.0,206.0,99.0,48.0,32.0,12.0,6.0,137.0,223.0,14.09333333,,,,,,3.0,3.0,6.0,11.0,42.0,,,17.0,,,,,,,,,,,,,,,,,,,,,,,,,,,,,,,,,,,,,,,,,,,15.11764706,DeAndre Hopkins,TEN,DRAFT,20,15795,4,Mission Viejo Goat,BE,"{'1': {'team': 'NO', 'date': datetime.datetime(2023, 9, 10, 10, 0)}, '2': {'team': 'LAC', 'date': datetime.datetime(2023, 9, 17, 10, 0)}, '3': {'team': 'CLE', 'date': datetime.datetime(2023, 9, 24, 10, 0)}, '4': {'team': 'CIN', 'date': datetime.datetime(2023, 10, 1, 10, 0)}, '5': {'team': 'IND', 'date': datetime.datetime(2023, 10, 8, 10, 0)}, '6': {'team': 'BAL', 'date': datetime.datetime(2023, 10, 15, 6, 30)}, '8': {'team': 'ATL', 'date': datetime.datetime(2023, 10, 29, 10, 0)}, '9': {'team': 'PIT', 'date': datetime.datetime(2023, 11, 2, 17, 15)}, '10': {'team': 'TB', 'date': datetime.datetime(2023, 11, 12, 10, 0)}, '11': {'team': 'JAX', 'date': datetime.datetime(2023, 11, 19, 10, 0)}, '12': {'team': 'CAR', 'date': datetime.datetime(2023, 11, 26, 10, 0)}, '13': {'team': 'IND', 'date': datetime.datetime(2023, 12, 3, 10, 0)}, '14': {'team': 'MIA', 'date': datetime.datetime(2023, 12, 11, 17, 15)}, '15': {'team': 'HOU', 'date': datetime.datetime(2023, 12, 17, 10, 0)}, '16': {'team': 'SEA', 'date': datetime.datetime(2023, 12, 24, 10, 0)}, '17': {'team': 'HOU', 'date': datetime.datetime(2023, 12, 31, 10, 0)}, '18': {'team': 'JAX', 'date': datetime.datetime(2024, 1, 7, 10, 0)}}","['RB/WR', 'WR', 'WR/TE', 'RB/WR/TE', 'OP', 'BE', 'IR']",BE,3.0,1.0,3.0,3.0,,,,,,,,,,,,,,,3.0,,1.0,,1.0,,,,,,,,,,,,,,,,,,,,,,,,,,,,,,,,,,,,,,,,,,,,,,,,,,1.0,,,,,,,,,,,,,,,,,,,,,,,,,,,,,,,,,,,,,,,,,,,,,,,,,,,,,,,,,,,,,,,,,,,,,,,,,,,,,,,,,,,,,,,,,,,,,,,,,,,,,,,,,,,,,,,,,,,,,,,,,,,,,,,,,,,,,,,,,,,,,,,,,,,,,,,,,,,,,,,,,,,,,,,,2023,,,,,48.0,,,,,,,,,,,,,,,,,,,,,,,,,,,,,,,,
173.0,10.18,0.0,0.0,237.0,66.0,2.0,218.0,104.0,48.0,35.0,14.0,3.0,42.0,17.0,,,3.0,,4.73417722,44.0,26.17647059,4.0,84.0,37.0,15.0,11.0,2.0,2.0,54.0,398.0,10.11363636,3.0,4.0,1.0,2.0,2.0,1.0,1.0,11.0,6.0,36.0,1.0,,17.0,,,,,,,,,,,,,,,,,,,,,,,,,,,,,,,,,,,,,,,,,,,14.17647059,James Cook,BUF,DRAFT,12,4379399,4,Mission Viejo Goat,RB,"{'1': {'team': 'NYJ', 'date': datetime.datetime(2023, 9, 11, 17, 15)}, '2': {'team': 'LV', 'date': datetime.datetime(2023, 9, 17, 10, 0)}, '3': {'team': 'WSH', 'date': datetime.datetime(2023, 9, 24, 10, 0)}, '4': {'team': 'MIA', 'date': datetime.datetime(2023, 10, 1, 10, 0)}, '5': {'team': 'JAX', 'date': datetime.datetime(2023, 10, 8, 6, 30)}, '6': {'team': 'NYG', 'date': datetime.datetime(2023, 10, 15, 17, 20)}, '7': {'team': 'NE', 'date': datetime.datetime(2023, 10, 22, 10, 0)}, '8': {'team': 'TB', 'date': datetime.datetime(2023, 10, 26, 17, 15)}, '9': {'team': 'CIN', 'date': datetime.datetime(2023, 11, 5, 17, 20)}, '10': {'team': 'DEN', 'date': datetime.datetime(2023, 11, 13, 17, 15)}, '11': {'team': 'NYJ', 'date': datetime.datetime(2023, 11, 19, 13, 25)}, '12': {'team': 'PHI', 'date': datetime.datetime(2023, 11, 26, 13, 25)}, '14': {'team': 'KC', 'date': datetime.datetime(2023, 12, 10, 13, 25)}, '15': {'team': 'DAL', 'date': datetime.datetime(2023, 12, 17, 13, 25)}, '16': {'team': 'LAC', 'date': datetime.datetime(2023, 12, 23, 17, 0)}, '17': {'team': 'NE', 'date': datetime.datetime(2023, 12, 31, 10, 0)}, '18': {'team': 'MIA', 'date': datetime.datetime(2024, 1, 7, 17, 20)}}","['RB', 'RB/WR', 'RB/WR/TE', 'OP', 'BE', 'IR']",RB,,,,,1.0,1.0,,,,,,,,,,,,,2.0,1.0,,,,,,,,,,,,,,,,,,,,,,,,,,,,,,,,,,,,,,,,,,,,,,,,,,,,,1.0,,,1.0,,,,,,,,,,,,,,,,,,,,,,,,,,,,,,,,,,,,,,,,,,,,,,,,,,,,,,,,,,,,,,,,,,,,,,,,,,,,,,,,,,,,,,,,,,,,,,,,,,,,,,,,,,,,,,,,,,,,,,,,,,,,,,,,,,,,,,,,,,,,,,,,,,,,,,,,,,,,,,,,,,,,,2023,,,,53.0,16.0,,,,,,,,,,,,,,,,,,,,,,,,,,,,,,,,
155.0,9.12,146.18,8.6,,,,,,,,,,,,,,,,,,,,,,,,,,,,,,,,,,,,13.0,4.0,147.0,,,17.0,,,,,,,,,,,,,,,,,,,,,,,,,,,,,,,,,,,,,,,,,,,17.0,Justin Tucker,BAL,DRAFT,2,15683,4,Mission Viejo Goat,K,"{'1': {'team': 'HOU', 'date': datetime.datetime(2023, 9, 10, 10, 0)}, '2': {'team': 'CIN', 'date': datetime.datetime(2023, 9, 17, 10, 0)}, '3': {'team': 'IND', 'date': datetime.datetime(2023, 9, 24, 10, 0)}, '4': {'team': 'CLE', 'date': datetime.datetime(2023, 10, 1, 10, 0)}, '5': {'team': 'PIT', 'date': datetime.datetime(2023, 10, 8, 10, 0)}, '6': {'team': 'TEN', 'date': datetime.datetime(2023, 10, 15, 6, 30)}, '7': {'team': 'DET', 'date': datetime.datetime(2023, 10, 22, 10, 0)}, '8': {'team': 'ARI', 'date': datetime.datetime(2023, 10, 29, 13, 25)}, '9': {'team': 'SEA', 'date': datetime.datetime(2023, 11, 5, 10, 0)}, '10': {'team': 'CLE', 'date': datetime.datetime(2023, 11, 12, 10, 0)}, '11': {'team': 'CIN', 'date': datetime.datetime(2023, 11, 16, 17, 15)}, '12': {'team': 'LAC', 'date': datetime.datetime(2023, 11, 26, 17, 20)}, '14': {'team': 'LAR', 'date': datetime.datetime(2023, 12, 10, 10, 0)}, '15': {'team': 'JAX', 'date': datetime.datetime(2023, 12, 17, 17, 20)}, '16': {'team': 'SF', 'date': datetime.datetime(2023, 12, 25, 17, 15)}, '17': {'team': 'MIA', 'date': datetime.datetime(2023, 12, 31, 10, 0)}, '18': {'team': 'PIT', 'date': datetime.datetime(2024, 1, 6, 13, 30)}}","['K', 'BE', 'IR']",K,,,,,,,,,,,,,,,,,,,,,,,,,,,,,,,,,,,,,,,,,,,,,,,,,,,,,,,,,,,,,,,,,,,,,,,,,,,,,,1.0,5.0,11.0,12.0,1.0,20.0,20.0,,32.0,37.0,5.0,51.0,52.0,1.0,1.0,4.0,4.408691982,6.133474293,1.724782312,8.346666282,9.787458979,1.440792696,16.53689069,16.70392999,0.1670393,29.29224895,32.62486326,3.332614308,44.46785965,45.37536699,0.90750734,4.408691982,6.133474293,1.724782312,,,,,,,,,,,,,,,,,,,,,,,,,,,,,,,,,,,,,,,,,,,,,,,,,,,,,,,,,,,,,,,,,,,,,,,,,,,,,,,,,,,,,,,4.0,3.0,1.0,1.0,,,,,,,,,,,,,,,,,,,,,,,,,,,,,,,,,,,,,,,,2023,,,,,,1136.0,217.0,1353.0,221.0,108.0,49.0,38.0,15.0,5.0,41.0,20.0,9.0,7.0,3.0,264.0,130.0,60.0,47.0,20.0,9.0,,,1109.77607,162.9850952,1272.761166,238.069367,93.13824483,331.2076118,,,,
280.0,16.47,0.0,0.0,32.0,1.23529412,2.0,3.0,1.0,,,,,2.0,,,,,,0.65625,,,,,,,,,,,,,2.0,6.0,2.0,4.0,16.0,1.0,1.0,12.0,5.0,192.0,2.0,,17.0,,,,,,,,,,,,,,,,,,,,,,,,,,,,,,,,,,,,,,,,,,,15.0,Jared Goff,DET,DRAFT,7,3046779,4,Mission Viejo Goat,BE,"{'1': {'team': 'KC', 'date': datetime.datetime(2023, 9, 7, 17, 20)}, '2': {'team': 'SEA', 'date': datetime.datetime(2023, 9, 17, 10, 0)}, '3': {'team': 'ATL', 'date': datetime.datetime(2023, 9, 24, 10, 0)}, '4': {'team': 'GB', 'date': datetime.datetime(2023, 9, 28, 17, 15)}, '5': {'team': 'CAR', 'date': datetime.datetime(2023, 10, 8, 10, 0)}, '6': {'team': 'TB', 'date': datetime.datetime(2023, 10, 15, 13, 25)}, '7': {'team': 'BAL', 'date': datetime.datetime(2023, 10, 22, 10, 0)}, '8': {'team': 'LV', 'date': datetime.datetime(2023, 10, 30, 17, 15)}, '10': {'team': 'LAC', 'date': datetime.datetime(2023, 11, 12, 13, 5)}, '11': {'team': 'CHI', 'date': datetime.datetime(2023, 11, 19, 10, 0)}, '12': {'team': 'GB', 'date': datetime.datetime(2023, 11, 23, 9, 30)}, '13': {'team': 'NO', 'date': datetime.datetime(2023, 12, 3, 10, 0)}, '14': {'team': 'CHI', 'date': datetime.datetime(2023, 12, 10, 10, 0)}, '15': {'team': 'DEN', 'date': datetime.datetime(2023, 12, 16, 17, 15)}, '16': {'team': 'MIN', 'date': datetime.datetime(2023, 12, 24, 10, 0)}, '17': {'team': 'DAL', 'date': datetime.datetime(2023, 12, 30, 17, 15)}, '18': {'team': 'MIN', 'date': datetime.datetime(2024, 1, 7, 10, 0)}}","['QB', 'OP', 'BE', 'IR']",BE,,,,,,,,,,,,,,,,,,,,,605.0,407.0,198.0,269.11764706,30.0,908.0,452.0,220.0,175.0,84.0,38.0,74.0,34.0,34.0,13.0,3.0,1.0,5.0,2.0,12.0,0.67272727,30.0,4.0,11.0,7.0,6.0,3.0,,,,,,,,,,,,,,,,,,,,,,,,,,,,,,,,,,,,,,,,,,,,,,,,,,,,,,,,,,,,,,,,,,,,,,,,,,,,,,,,,,,,,,,,,,,,,,,,,,,,,,,,,,,,,,,,,,,,,,,,,,,,,,,,,,,,,,,,,,,,,,,,,,,,,,2.0,,,,,,,,,,,,,,,,,,,,,,,,,,,,,,,,,,,,,,,,,,,,2023,,,227.0,5.0,,,,,,,,,,,,,,,,,,,,,,,,,,,,,,,,,
120.0,7.06,0.0,0.0,1.0,0.35294118,,1.0,,,,,,,,,,,,6.0,103.0,59.64705882,4.0,195.0,94.0,42.0,32.0,12.0,15.0,137.0,345.0,9.84466019,,2.0,,,,,,2.0,15.0,26.0,,,17.0,,,,,,,,,,,,,,,,,,,,,,,,,,,,,,,,,,,,,,,,,,,15.11764706,Adam Thielen,CAR,DRAFT,31,16460,4,Mission Viejo Goat,BE,"{'1': {'team': 'ATL', 'date': datetime.datetime(2023, 9, 10, 10, 0)}, '2': {'team': 'NO', 'date': datetime.datetime(2023, 9, 18, 16, 15)}, '3': {'team': 'SEA', 'date': datetime.datetime(2023, 9, 24, 13, 5)}, '4': {'team': 'MIN', 'date': datetime.datetime(2023, 10, 1, 10, 0)}, '5': {'team': 'DET', 'date': datetime.datetime(2023, 10, 8, 10, 0)}, '6': {'team': 'MIA', 'date': datetime.datetime(2023, 10, 15, 10, 0)}, '8': {'team': 'HOU', 'date': datetime.datetime(2023, 10, 29, 10, 0)}, '9': {'team': 'IND', 'date': datetime.datetime(2023, 11, 5, 13, 5)}, '10': {'team': 'CHI', 'date': datetime.datetime(2023, 11, 9, 17, 15)}, '11': {'team': 'DAL', 'date': datetime.datetime(2023, 11, 19, 10, 0)}, '12': {'team': 'TEN', 'date': datetime.datetime(2023, 11, 26, 10, 0)}, '13': {'team': 'TB', 'date': datetime.datetime(2023, 12, 3, 13, 5)}, '14': {'team': 'NO', 'date': datetime.datetime(2023, 12, 10, 10, 0)}, '15': {'team': 'ATL', 'date': datetime.datetime(2023, 12, 17, 10, 0)}, '16': {'team': 'GB', 'date': datetime.datetime(2023, 12, 24, 10, 0)}, '17': {'team': 'JAX', 'date': datetime.datetime(2023, 12, 31, 10, 0)}, '18': {'team': 'TB', 'date': datetime.datetime(2024, 1, 7, 10, 0)}}","['RB/WR', 'WR', 'WR/TE', 'RB/WR/TE', 'OP', 'BE', 'IR']",BE,,,3.0,3.0,2.0,,,,,,,,,,,,,3.0,3.0,,,,,,,,,,,,,,,,,,,,,,,,,,,,,,,,,,,,,,,,,,,,,,,,,,,,1.0,,1.0,,,,,,,,,,,,,,,,,,,,,,,,,,,,,,,,,,,,,,,,,,,,,,,,,,,,,,,,,,,,,,,,,,,,,,,,,,,,,,,,,,,,,,,,,,,,,,,,,,,,,,,,,,,,,,,,,,,,,,,,,,,,,,,,,,,,,,,,,,,,,,,,,,,,,,,,,,,,,,,,,,,,,,,,2023,,,,,56.0,,,,,,,,,,,,,,,,,,,,,,,,,,,,,,,,
214.0,17.83,0.0,0.0,228.0,95.33333333,12.0,222.0,109.0,51.0,42.0,19.0,6.0,43.0,19.0,,,6.0,,5.01754386,32.0,17.16666667,3.0,36.0,17.0,8.0,4.0,1.0,3.0,48.0,277.0,6.4375,2.0,3.0,1.0,2.0,2.0,1.0,1.0,8.0,4.0,92.0,10.0,,12.0,,,,,,,,,,,,,,,,,,,,,,,,,,,,,,,,,,,,,,,,,,,14.17647059,Kyren Williams,LAR,ADD,3,4430737,4,Mission Viejo Goat,RB,"{'1': {'team': 'SEA', 'date': datetime.datetime(2023, 9, 10, 13, 25)}, '2': {'team': 'SF', 'date': datetime.datetime(2023, 9, 17, 13, 5)}, '3': {'team': 'CIN', 'date': datetime.datetime(2023, 9, 25, 17, 15)}, '4': {'team': 'IND', 'date': datetime.datetime(2023, 10, 1, 10, 0)}, '5': {'team': 'PHI', 'date': datetime.datetime(2023, 10, 8, 13, 5)}, '6': {'team': 'ARI', 'date': datetime.datetime(2023, 10, 15, 13, 25)}, '7': {'team': 'PIT', 'date': datetime.datetime(2023, 10, 22, 13, 5)}, '8': {'team': 'DAL', 'date': datetime.datetime(2023, 10, 29, 10, 0)}, '9': {'team': 'GB', 'date': datetime.datetime(2023, 11, 5, 10, 0)}, '11': {'team': 'SEA', 'date': datetime.datetime(2023, 11, 19, 13, 25)}, '12': {'team': 'ARI', 'date': datetime.datetime(2023, 11, 26, 13, 5)}, '13': {'team': 'CLE', 'date': datetime.datetime(2023, 12, 3, 13, 25)}, '14': {'team': 'BAL', 'date': datetime.datetime(2023, 12, 10, 10, 0)}, '15': {'team': 'WSH', 'date': datetime.datetime(2023, 12, 17, 13, 5)}, '16': {'team': 'NO', 'date': datetime.datetime(2023, 12, 21, 17, 15)}, '17': {'team': 'NYG', 'date': datetime.datetime(2023, 12, 31, 10, 0)}, '18': {'team': 'SF', 'date': datetime.datetime(2024, 1, 7, 13, 25)}}","['RB', 'RB/WR', 'RB/WR/TE', 'OP', 'BE', 'IR']",RB,,,,,1.0,1.0,8.0,,,,,,,,,,,,2.0,,,,,,,,,,,,,,,,,,,,,,,,,,,,,,,,,,,,,,,,,,,,,,,,,,,,,,1.0,,1.0,1.0,,,,,,,,,,,,,,,,,,,,,,,,,,,,,,,,,,,,,,,,,,,,,,,,,,,,,,,21.0,1.0,,,,,,,,,,,,,,,,,,,,,,,,,,,,,,,,,,,,,,,,,,,,,,,,,,,,,,,,,,,,,,,,,,,,,,1.0,,,,,,,,,,,,,,,,,,,,,,,,,,,,,,,,,,,,,,,2023,,,,62.0,9.0,,,,,,,,,,,,,,,,,,,,,,,,,,,,,,,,
183.0,10.76,0.0,0.0,12.0,5.23529412,,14.0,5.0,1.0,1.0,,,,,,,,,7.41666667,105.0,87.41176471,6.0,290.0,142.0,67.0,51.0,22.0,14.0,160.0,640.0,14.15238095,,1.0,,,,1.0,1.0,10.0,7.0,36.0,,,17.0,,,,,,,,,,,,,,,,,,,,,,,,,,,,,,,,,,,,,,,,,,,15.11764706,Puka Nacua,LAR,ADD,5,4426515,4,Mission Viejo Goat,WR,"{'1': {'team': 'SEA', 'date': datetime.datetime(2023, 9, 10, 13, 25)}, '2': {'team': 'SF', 'date': datetime.datetime(2023, 9, 17, 13, 5)}, '3': {'team': 'CIN', 'date': datetime.datetime(2023, 9, 25, 17, 15)}, '4': {'team': 'IND', 'date': datetime.datetime(2023, 10, 1, 10, 0)}, '5': {'team': 'PHI', 'date': datetime.datetime(2023, 10, 8, 13, 5)}, '6': {'team': 'ARI', 'date': datetime.datetime(2023, 10, 15, 13, 25)}, '7': {'team': 'PIT', 'date': datetime.datetime(2023, 10, 22, 13, 5)}, '8': {'team': 'DAL', 'date': datetime.datetime(2023, 10, 29, 10, 0)}, '9': {'team': 'GB', 'date': datetime.datetime(2023, 11, 5, 10, 0)}, '11': {'team': 'SEA', 'date': datetime.datetime(2023, 11, 19, 13, 25)}, '12': {'team': 'ARI', 'date': datetime.datetime(2023, 11, 26, 13, 5)}, '13': {'team': 'CLE', 'date': datetime.datetime(2023, 12, 3, 13, 25)}, '14': {'team': 'BAL', 'date': datetime.datetime(2023, 12, 10, 10, 0)}, '15': {'team': 'WSH', 'date': datetime.datetime(2023, 12, 17, 13, 5)}, '16': {'team': 'NO', 'date': datetime.datetime(2023, 12, 21, 17, 15)}, '17': {'team': 'NYG', 'date': datetime.datetime(2023, 12, 31, 10, 0)}, '18': {'team': 'SF', 'date': datetime.datetime(2024, 1, 7, 13, 25)}}","['Rookie', 'RB/WR', 'WR', 'WR/TE', 'RB/WR/TE', 'OP', 'BE', 'IR']",WR,1.0,1.0,7.0,7.0,1.0,,,,,,,,,,,,,2.0,2.0,2.0,,,,,,,,,,,,,,,,,,,,,,,,,,,,,,,,,,,,,,,,,,,,,,,,,,,,,1.0,,,,,,,,,,,,,,,,,,,,,,,,,,,,,,,,,,,,,,,,,,,,,,,,,,,,,,,,,,,,,,,,,,,,,,,,,,,,,,,,,,,,,,,,,,,,,,,,,,,,,,,,,,,,,,,,,,,,,,,,,,,,,,,,,,,,,,,,,,,,,,,,,,,,,,,,,,,,,,,,,,,,,,,,2023,,,,5.0,68.0,,,,,,,,,,,,,,,,,,,,,,,,,,,,,,,,
128.0,7.53,0.0,0.0,,,,,,,,,,,,,,,,,,,,,,,,,,,,,,,,,,710.0,1076.0,12.0,5.0,,,,17.0,,,,,,,,,,,,,,,,,,,,,,,,,,,,,,,,,,,,,,,,,,,17.0,49ers D/ST,SF,ADD,10,-16025,4,Mission Viejo Goat,D/ST,"{'1': {'team': 'PIT', 'date': datetime.datetime(2023, 9, 10, 10, 0)}, '2': {'team': 'LAR', 'date': datetime.datetime(2023, 9, 17, 13, 5)}, '3': {'team': 'NYG', 'date': datetime.datetime(2023, 9, 21, 17, 15)}, '4': {'team': 'ARI', 'date': datetime.datetime(2023, 10, 1, 13, 25)}, '5': {'team': 'DAL', 'date': datetime.datetime(2023, 10, 8, 17, 20)}, '6': {'team': 'CLE', 'date': datetime.datetime(2023, 10, 15, 10, 0)}, '7': {'team': 'MIN', 'date': datetime.datetime(2023, 10, 23, 17, 15)}, '8': {'team': 'CIN', 'date': datetime.datetime(2023, 10, 29, 13, 25)}, '10': {'team': 'JAX', 'date': datetime.datetime(2023, 11, 12, 10, 0)}, '11': {'team': 'TB', 'date': datetime.datetime(2023, 11, 19, 13, 5)}, '12': {'team': 'SEA', 'date': datetime.datetime(2023, 11, 23, 17, 20)}, '13': {'team': 'PHI', 'date': datetime.datetime(2023, 12, 3, 13, 25)}, '14': {'team': 'SEA', 'date': datetime.datetime(2023, 12, 10, 13, 5)}, '15': {'team': 'ARI', 'date': datetime.datetime(2023, 12, 17, 13, 5)}, '16': {'team': 'BAL', 'date': datetime.datetime(2023, 12, 25, 17, 15)}, '17': {'team': 'WSH', 'date': datetime.datetime(2023, 12, 31, 10, 0)}, '18': {'team': 'LAR', 'date': datetime.datetime(2024, 1, 7, 13, 25)}}","['D/ST', 'BE', 'IR']",D/ST,,,,,,,437.0,39.0,12.0,,,,,,,,,,,,,,,,,,,,,,,,,,,,,,,,,,,,,,,,,,,,,,,,,,,,,,,,,,,,,,,,,366.0,,,10.0,,,,,,,,,,,,,,,,,,,,,,,,,,,,,,,,,,,6.0,0.0,1.0,5.0,3.0,1.0,22.0,,1.0,48.0,96.0,,,1.0,1.0,352.0,207.0,62.0,84.0,273.0,22.0,4.0,292.0,3.0,2.0,3.0,0.0,5167.0,0.0,2.0,6.0,4.0,2.0,2.0,1.0,0.0,0.0,0.0,1.0,5.0,3.0,3.0,2.0,3.0,0.0,,,,,,,,,,,,,,,,,,,,,,,,,,,,,,,,,,,,,,,,,,,,,,,,,,,,,,,,,,,,,,,,,,,,,,,,,,,,,,,,,,,,,2023,,,,,,,,,,,,,,,,,,,,,,,,,,,,,,,,,,,,,
55.0,6.88,0.0,0.0,47.0,49.5,2.0,75.0,37.0,16.0,13.0,5.0,1.0,5.0,,1.0,,1.0,,8.42553191,9.0,11.625,,17.0,6.0,2.0,2.0,,,11.0,122.0,10.33333333,,,,,,1.0,2.0,7.0,1.0,12.0,,,8.0,,,,,,,,,,,,,,,,,,,,,,,,,,,,,,,,,,,,,,,,,,,14.17647059,Keaton Mitchell,BAL,ADD,53,4596334,4,Mission Viejo Goat,BE,"{'1': {'team': 'HOU', 'date': datetime.datetime(2023, 9, 10, 10, 0)}, '2': {'team': 'CIN', 'date': datetime.datetime(2023, 9, 17, 10, 0)}, '3': {'team': 'IND', 'date': datetime.datetime(2023, 9, 24, 10, 0)}, '4': {'team': 'CLE', 'date': datetime.datetime(2023, 10, 1, 10, 0)}, '5': {'team': 'PIT', 'date': datetime.datetime(2023, 10, 8, 10, 0)}, '6': {'team': 'TEN', 'date': datetime.datetime(2023, 10, 15, 6, 30)}, '7': {'team': 'DET', 'date': datetime.datetime(2023, 10, 22, 10, 0)}, '8': {'team': 'ARI', 'date': datetime.datetime(2023, 10, 29, 13, 25)}, '9': {'team': 'SEA', 'date': datetime.datetime(2023, 11, 5, 10, 0)}, '10': {'team': 'CLE', 'date': datetime.datetime(2023, 11, 12, 10, 0)}, '11': {'team': 'CIN', 'date': datetime.datetime(2023, 11, 16, 17, 15)}, '12': {'team': 'LAC', 'date': datetime.datetime(2023, 11, 26, 17, 20)}, '14': {'team': 'LAR', 'date': datetime.datetime(2023, 12, 10, 10, 0)}, '15': {'team': 'JAX', 'date': datetime.datetime(2023, 12, 17, 17, 20)}, '16': {'team': 'SF', 'date': datetime.datetime(2023, 12, 25, 17, 15)}, '17': {'team': 'MIA', 'date': datetime.datetime(2023, 12, 31, 10, 0)}, '18': {'team': 'PIT', 'date': datetime.datetime(2024, 1, 6, 13, 30)}}","['Rookie', 'RB', 'RB/WR', 'RB/WR/TE', 'OP', 'BE', 'IR']",BE,,,,,,,,,,,,,,,,,,,,,,,,,,,,,,,,,,,,,,,,,,,,,,,,,,,,,,,,,,,,,,,,,,,,,,,,,,1.0,,,,,,,,,,,,,,,,,,,,,,,,,,,,,,,,,,,,,,,,,,,,,,,,,,,,,,,,,,,,,,,,,,,,,,,,,,,,,,,,,,,,,,,,,,,,,,,,,,,,,,,,,,,,,,,,,,,,,,,,,,1.0,,,,,,,,,,,,,,,,,,,,,,,,,,,,,,,,,,,,,,,,,,,,,2023,,,,19.0,5.0,,,,,,,,,,,,,,,,,,,,,,,,,,,,,,,,
130.0,7.65,133.89,7.88,,,,,,,,,,,,,,,,,,,,,,,,,,,,,,,,,,,,6.0,11.0,115.0,,,17.0,,,,,,,,,,,,,,,,,,,,,,,,,,,,,,,,,,,,,,,,,,,17.0,Nick Folk,TEN,ADD,18,10621,4,Mission Viejo Goat,BE,"{'1': {'team': 'NO', 'date': datetime.datetime(2023, 9, 10, 10, 0)}, '2': {'team': 'LAC', 'date': datetime.datetime(2023, 9, 17, 10, 0)}, '3': {'team': 'CLE', 'date': datetime.datetime(2023, 9, 24, 10, 0)}, '4': {'team': 'CIN', 'date': datetime.datetime(2023, 10, 1, 10, 0)}, '5': {'team': 'IND', 'date': datetime.datetime(2023, 10, 8, 10, 0)}, '6': {'team': 'BAL', 'date': datetime.datetime(2023, 10, 15, 6, 30)}, '8': {'team': 'ATL', 'date': datetime.datetime(2023, 10, 29, 10, 0)}, '9': {'team': 'PIT', 'date': datetime.datetime(2023, 11, 2, 17, 15)}, '10': {'team': 'TB', 'date': datetime.datetime(2023, 11, 12, 10, 0)}, '11': {'team': 'JAX', 'date': datetime.datetime(2023, 11, 19, 10, 0)}, '12': {'team': 'CAR', 'date': datetime.datetime(2023, 11, 26, 10, 0)}, '13': {'team': 'IND', 'date': datetime.datetime(2023, 12, 3, 10, 0)}, '14': {'team': 'MIA', 'date': datetime.datetime(2023, 12, 11, 17, 15)}, '15': {'team': 'HOU', 'date': datetime.datetime(2023, 12, 17, 10, 0)}, '16': {'team': 'SEA', 'date': datetime.datetime(2023, 12, 24, 10, 0)}, '17': {'team': 'HOU', 'date': datetime.datetime(2023, 12, 31, 10, 0)}, '18': {'team': 'JAX', 'date': datetime.datetime(2024, 1, 7, 10, 0)}}","['K', 'BE', 'IR']",BE,,,,,,,,,,,,,,,,,,,,,,,,,,,,,,,,,,,,,,,,,,,,,,,,,,,,,,,,,,,,,,,,,,,,,,,,,,,,,,5.0,6.0,6.0,6.0,,18.0,18.0,,29.0,30.0,1.0,28.0,30.0,2.0,5.0,6.0,4.28533376,6.102504734,1.817170974,8.143195843,9.738039469,1.594843627,16.44051777,16.61958736,0.17906959,28.86904737,32.46013156,3.59108419,34.15763502,34.98949669,0.831861675,4.28533376,6.102504734,1.817170974,,,,,,,,,,,,,,,,,,,,,,,,,,,,,,,,,,,,,,,,,,,,,,,,,,,,,,,,,,,,,,,,,,,,,,,,,,,,,,,,,,,,,,,1.0,1.0,,,,,,,,,2.0,81.0,,1.0,40.5,,,,,,3.0,,1.0,,,,,,,,,,,,,,,,,,,,,2023,,1.0,,,,1083.0,51.0,1134.0,211.0,104.0,48.0,36.0,15.0,3.0,10.0,5.0,2.0,2.0,1.0,221.0,109.0,50.0,38.0,16.0,4.0,,,1091.067369,175.2672835,1266.334653,231.4080231,98.12723258,329.5352556,,,,
64.0,3.76,0.0,0.0,,,,,,,,,,,,,,,,,,,,,,,,,,,,,,,,,,666.0,1096.0,10.0,7.0,,,,17.0,,,,,,,,,,,,,,,,,,,,,,,,,,,,,,,,,,,,,,,,,,,17.0,Rams D/ST,LAR,ADD,29,-16014,4,Mission Viejo Goat,BE,"{'1': {'team': 'SEA', 'date': datetime.datetime(2023, 9, 10, 13, 25)}, '2': {'team': 'SF', 'date': datetime.datetime(2023, 9, 17, 13, 5)}, '3': {'team': 'CIN', 'date': datetime.datetime(2023, 9, 25, 17, 15)}, '4': {'team': 'IND', 'date': datetime.datetime(2023, 10, 1, 10, 0)}, '5': {'team': 'PHI', 'date': datetime.datetime(2023, 10, 8, 13, 5)}, '6': {'team': 'ARI', 'date': datetime.datetime(2023, 10, 15, 13, 25)}, '7': {'team': 'PIT', 'date': datetime.datetime(2023, 10, 22, 13, 5)}, '8': {'team': 'DAL', 'date': datetime.datetime(2023, 10, 29, 10, 0)}, '9': {'team': 'GB', 'date': datetime.datetime(2023, 11, 5, 10, 0)}, '11': {'team': 'SEA', 'date': datetime.datetime(2023, 11, 19, 13, 25)}, '12': {'team': 'ARI', 'date': datetime.datetime(2023, 11, 26, 13, 5)}, '13': {'team': 'CLE', 'date': datetime.datetime(2023, 12, 3, 13, 25)}, '14': {'team': 'BAL', 'date': datetime.datetime(2023, 12, 10, 10, 0)}, '15': {'team': 'WSH', 'date': datetime.datetime(2023, 12, 17, 13, 5)}, '16': {'team': 'NO', 'date': datetime.datetime(2023, 12, 21, 17, 15)}, '17': {'team': 'NYG', 'date': datetime.datetime(2023, 12, 31, 10, 0)}, '18': {'team': 'SF', 'date': datetime.datetime(2024, 1, 7, 13, 25)}}","['D/ST', 'BE', 'IR']",BE,,,,,,,145.0,11.0,2.0,,,,,,,,,,,,,,,,,,,,,,,,,,,,,,,,,,,,,,,,,,,,,,,,,,,,,,,,,,,,,,,,,430.0,,,7.0,,,,,,,,,,,,,,,,,,,,,,,,,,,,,,,,,,,5.0,0.0,0.0,2.0,2.0,,10.0,1.0,2.0,41.0,82.0,,,,,361.0,212.0,58.0,76.0,204.0,16.0,4.0,369.0,5.0,5.0,1.0,2.0,5744.0,0.0,1.0,3.0,7.0,4.0,1.0,1.0,0.0,0.0,0.0,0.0,2.0,2.0,5.0,5.0,1.0,2.0,,,,,,,,,,,,,,,,,,,,,,,,,,,,,,,,,,,,,,,,,,,,,,,,,,,,,,,,,,,,,,,,,,,,,,,,,,,,,,,,,,,,,2023,,,,,,,,,,,,,,,,,,,,,,,,,,,,,,,,,,,,,
158.0,9.88,0.0,0.0,3.0,-0.375,,,,,,,,,,,,,,-2.0,100.0,76.0,7.0,236.0,116.0,55.0,40.0,15.0,14.0,145.0,541.0,12.16,,1.0,,,,2.0,2.0,9.0,7.0,42.0,,,16.0,,,,,,,,,,,,,,,,,,,,,,,,,,,,,,,,,,,,,,,,,,,15.11764706,Ja'Marr Chase,CIN,DRAFT,13,4362628,6,Husky Express,BE,"{'1': {'team': 'CLE', 'date': datetime.datetime(2023, 9, 10, 10, 0)}, '2': {'team': 'BAL', 'date': datetime.datetime(2023, 9, 17, 10, 0)}, '3': {'team': 'LAR', 'date': datetime.datetime(2023, 9, 25, 17, 15)}, '4': {'team': 'TEN', 'date': datetime.datetime(2023, 10, 1, 10, 0)}, '5': {'team': 'ARI', 'date': datetime.datetime(2023, 10, 8, 13, 5)}, '6': {'team': 'SEA', 'date': datetime.datetime(2023, 10, 15, 10, 0)}, '8': {'team': 'SF', 'date': datetime.datetime(2023, 10, 29, 13, 25)}, '9': {'team': 'BUF', 'date': datetime.datetime(2023, 11, 5, 17, 20)}, '10': {'team': 'HOU', 'date': datetime.datetime(2023, 11, 12, 10, 0)}, '11': {'team': 'BAL', 'date': datetime.datetime(2023, 11, 16, 17, 15)}, '12': {'team': 'PIT', 'date': datetime.datetime(2023, 11, 26, 10, 0)}, '13': {'team': 'JAX', 'date': datetime.datetime(2023, 12, 4, 17, 15)}, '14': {'team': 'IND', 'date': datetime.datetime(2023, 12, 10, 10, 0)}, '15': {'team': 'MIN', 'date': datetime.datetime(2023, 12, 16, 10, 0)}, '16': {'team': 'PIT', 'date': datetime.datetime(2023, 12, 23, 13, 30)}, '17': {'team': 'KC', 'date': datetime.datetime(2023, 12, 31, 13, 25)}, '18': {'team': 'CLE', 'date': datetime.datetime(2024, 1, 7, 10, 0)}}","['RB/WR', 'WR', 'WR/TE', 'RB/WR/TE', 'OP', 'BE', 'IR']",BE,3.0,3.0,5.0,5.0,1.0,,,,,,,,,,,,,4.0,3.0,,1.0,1.0,,-0.4375,,,,,,,,,,,,,,,,,1.0,,,,,,,,,,,,,,,,,,,,,,,,,,,,,,,,1.0,,,,,,,,,,,,,,,,,,,,,,,,,,,,,,,,,,,,,,,,,,,,,,,,,,,,,,,,,,,,,,,,,,,,,,,,,,,,,,,,,,,,,,,,,,,,,,,,,,,,,,,,,,,,,,,,,,,,,,,,,,,,,,,,,,,,,,,,,,,,,,,,,,,,,,,,,,,,,,,,,,,,,,,,2023,,,,,63.0,,,,,,,,,,,,,,,,,,,,,,,,,,,,,,,,
208.0,12.24,0.0,0.0,267.0,59.29411765,11.0,197.0,93.0,40.0,35.0,13.0,2.0,46.0,19.0,1.0,1.0,2.0,,3.7752809,58.0,28.0,1.0,88.0,39.0,15.0,12.0,2.0,2.0,73.0,517.0,8.20689655,,,,,,2.0,2.0,9.0,8.0,76.0,6.0,,17.0,,,,,,,,,,,,,,,,,,,,,,,,,,,,,,,,,,,,,,,,,,,14.17647059,Travis Etienne Jr.,JAX,DRAFT,4,4239996,6,Husky Express,RB,"{'1': {'team': 'IND', 'date': datetime.datetime(2023, 9, 10, 10, 0)}, '2': {'team': 'KC', 'date': datetime.datetime(2023, 9, 17, 10, 0)}, '3': {'team': 'HOU', 'date': datetime.datetime(2023, 9, 24, 10, 0)}, '4': {'team': 'ATL', 'date': datetime.datetime(2023, 10, 1, 6, 30)}, '5': {'team': 'BUF', 'date': datetime.datetime(2023, 10, 8, 6, 30)}, '6': {'team': 'IND', 'date': datetime.datetime(2023, 10, 15, 10, 0)}, '7': {'team': 'NO', 'date': datetime.datetime(2023, 10, 19, 17, 15)}, '8': {'team': 'PIT', 'date': datetime.datetime(2023, 10, 29, 10, 0)}, '10': {'team': 'SF', 'date': datetime.datetime(2023, 11, 12, 10, 0)}, '11': {'team': 'TEN', 'date': datetime.datetime(2023, 11, 19, 10, 0)}, '12': {'team': 'HOU', 'date': datetime.datetime(2023, 11, 26, 10, 0)}, '13': {'team': 'CIN', 'date': datetime.datetime(2023, 12, 4, 17, 15)}, '14': {'team': 'CLE', 'date': datetime.datetime(2023, 12, 10, 10, 0)}, '15': {'team': 'BAL', 'date': datetime.datetime(2023, 12, 17, 17, 20)}, '16': {'team': 'TB', 'date': datetime.datetime(2023, 12, 24, 13, 5)}, '17': {'team': 'CAR', 'date': datetime.datetime(2023, 12, 31, 10, 0)}, '18': {'team': 'TEN', 'date': datetime.datetime(2024, 1, 7, 10, 0)}}","['RB', 'RB/WR', 'RB/WR/TE', 'OP', 'BE', 'IR']",RB,1.0,1.0,,,,,,,,,,,,,,,,,,,,,,,,,,,,,,,,,,,,,,,,,,,,,,,,,,,,,,,,,,,,,,,,,,,,,,,,,1.0,2.0,,,,,,,,,,,,,,,,,,,,,,,,,,,,,,,,,,,,,,,,,,,,,,,,,,,,,,,,,,,,,,,,,,,,,,,,,,,,,,,,,,,,,,,,,,,,,,,,,,,,,,,,,,,,,,,,,,,,,,,,1.0,,,,,,2.0,,,,,,,,,,,,,,,,,,,,,,,,,,,,,,,,,,,,,,,2023,,,,53.0,23.0,,,,,,,,,,,,,,,,,,,,,,,,,,,,,,,,
197.0,11.59,0.0,0.0,257.0,60.82352941,9.0,200.0,93.0,43.0,32.0,12.0,1.0,44.0,19.0,,,1.0,,4.0233463,52.0,22.11764706,3.0,68.0,30.0,12.0,6.0,,3.0,64.0,463.0,7.23076923,,,,,,,,9.0,8.0,74.0,8.0,,17.0,,,,,,,,,,,,,,,,,,,,,,,,,,,,,,,,,,,,,,,,,,,14.17647059,Joe Mixon,HOU,DRAFT,7,3116385,6,Husky Express,RB,"{'1': {'team': 'BAL', 'date': datetime.datetime(2023, 9, 10, 10, 0)}, '2': {'team': 'IND', 'date': datetime.datetime(2023, 9, 17, 10, 0)}, '3': {'team': 'JAX', 'date': datetime.datetime(2023, 9, 24, 10, 0)}, '4': {'team': 'PIT', 'date': datetime.datetime(2023, 10, 1, 10, 0)}, '5': {'team': 'ATL', 'date': datetime.datetime(2023, 10, 8, 10, 0)}, '6': {'team': 'NO', 'date': datetime.datetime(2023, 10, 15, 10, 0)}, '8': {'team': 'CAR', 'date': datetime.datetime(2023, 10, 29, 10, 0)}, '9': {'team': 'TB', 'date': datetime.datetime(2023, 11, 5, 10, 0)}, '10': {'team': 'CIN', 'date': datetime.datetime(2023, 11, 12, 10, 0)}, '11': {'team': 'ARI', 'date': datetime.datetime(2023, 11, 19, 10, 0)}, '12': {'team': 'JAX', 'date': datetime.datetime(2023, 11, 26, 10, 0)}, '13': {'team': 'DEN', 'date': datetime.datetime(2023, 12, 3, 10, 0)}, '14': {'team': 'NYJ', 'date': datetime.datetime(2023, 12, 10, 10, 0)}, '15': {'team': 'TEN', 'date': datetime.datetime(2023, 12, 17, 10, 0)}, '16': {'team': 'CLE', 'date': datetime.datetime(2023, 12, 24, 10, 0)}, '17': {'team': 'TEN', 'date': datetime.datetime(2023, 12, 31, 10, 0)}, '18': {'team': 'IND', 'date': datetime.datetime(2024, 1, 6, 17, 15)}}","['RB', 'RB/WR', 'RB/WR/TE', 'OP', 'BE', 'IR']",RB,,,,,,,,,,,,,,,,,,,3.0,,,,,,,,,,,,,,,,,,,,,,,,,,,,,,,,,,,,,,,,,,,,,,,,,,,,1.0,,,,1.0,,,,,,,,,,,,,,,,,,,,,,,,,,,,,,,,,,,,,,,,,,,,,,,,,,,,,,,,,,,,,,,,,,,,,,,,,,,,,,,,,,,,,,,,,,,,,,,,,,,,,,,,,,,,,,,,,,,,,,,,,,,,,,,,,,,,,,,,,,,,,,,,,,,,,,,,,,,,,,,,,,,,,,2023,,,,59.0,14.0,,,,,,,,,,,,,,,,,,,,,,,,,,,,,,,,
162.0,12.46,0.0,0.0,2.0,0.46153846,,1.0,,,,,,,,,,,,3.0,108.0,95.61538462,7.0,245.0,117.0,54.0,45.0,20.0,16.0,150.0,396.0,11.50925926,,2.0,,1.0,1.0,,,5.0,8.0,48.0,,1.0,13.0,,,,,,,,,,,,,,,,,,,,,,,,,,,,,,,,,,,,,,,,,,,14.17647059,Keenan Allen,CHI,DRAFT,11,15818,6,Husky Express,BE,"{'1': {'team': 'GB', 'date': datetime.datetime(2023, 9, 10, 13, 25)}, '2': {'team': 'TB', 'date': datetime.datetime(2023, 9, 17, 10, 0)}, '3': {'team': 'KC', 'date': datetime.datetime(2023, 9, 24, 13, 25)}, '4': {'team': 'DEN', 'date': datetime.datetime(2023, 10, 1, 10, 0)}, '5': {'team': 'WSH', 'date': datetime.datetime(2023, 10, 5, 17, 15)}, '6': {'team': 'MIN', 'date': datetime.datetime(2023, 10, 15, 10, 0)}, '7': {'team': 'LV', 'date': datetime.datetime(2023, 10, 22, 10, 0)}, '8': {'team': 'LAC', 'date': datetime.datetime(2023, 10, 29, 17, 20)}, '9': {'team': 'NO', 'date': datetime.datetime(2023, 11, 5, 10, 0)}, '10': {'team': 'CAR', 'date': datetime.datetime(2023, 11, 9, 17, 15)}, '11': {'team': 'DET', 'date': datetime.datetime(2023, 11, 19, 10, 0)}, '12': {'team': 'MIN', 'date': datetime.datetime(2023, 11, 27, 17, 15)}, '14': {'team': 'DET', 'date': datetime.datetime(2023, 12, 10, 10, 0)}, '15': {'team': 'CLE', 'date': datetime.datetime(2023, 12, 17, 10, 0)}, '16': {'team': 'ARI', 'date': datetime.datetime(2023, 12, 24, 13, 25)}, '17': {'team': 'ATL', 'date': datetime.datetime(2023, 12, 31, 10, 0)}, '18': {'team': 'GB', 'date': datetime.datetime(2024, 1, 7, 13, 25)}}","['RB/WR', 'WR', 'WR/TE', 'RB/WR/TE', 'OP', 'BE', 'IR']",BE,,,6.0,4.0,2.0,1.0,,,,,,,,,,,,4.0,3.0,1.0,2.0,1.0,1.0,3.76923077,1.0,9.0,4.0,2.0,1.0,,,,,,,1.0,,,,,0.5,,,,,,,,,,,,,,,,,,,,,,,,,,,,,,,,2.0,,,,,,,,,,,,,,,,,,,,,,,,,,,,,,,,,,,,,,,,,,,,,,,,,,,,,,,,,,,,,,,,,,,,,,,,,,,,,,,,,,,,,,,,,,,,,,,,,,,,,,,,,,,,,,,,,,,,,,,,,,1.0,,,,,,,,,,,,,,,,,,,,,,,,,,,,,,,,,,,,,,,,,,,,,,2023,,,1.0,1.0,56.0,,,,,,,,,,,,,,,,,,,,,,,,,,,,,,,,
214.0,16.46,0.0,0.0,124.0,50.53846154,4.0,126.0,58.0,26.0,21.0,7.0,1.0,18.0,6.0,,,1.0,,5.2983871,,,,,,,,,,,,,3.0,10.0,1.0,4.0,13.0,,,5.0,8.0,120.0,3.0,,13.0,,,,,,,,,,,,,,,,,,,,,,,,,,,,,,,,,,,,,,,,,,,4.0,Justin Fields,PIT,DRAFT,19,4362887,6,Husky Express,QB,"{'1': {'team': 'SF', 'date': datetime.datetime(2023, 9, 10, 10, 0)}, '2': {'team': 'CLE', 'date': datetime.datetime(2023, 9, 18, 17, 15)}, '3': {'team': 'LV', 'date': datetime.datetime(2023, 9, 24, 17, 20)}, '4': {'team': 'HOU', 'date': datetime.datetime(2023, 10, 1, 10, 0)}, '5': {'team': 'BAL', 'date': datetime.datetime(2023, 10, 8, 10, 0)}, '7': {'team': 'LAR', 'date': datetime.datetime(2023, 10, 22, 13, 5)}, '8': {'team': 'JAX', 'date': datetime.datetime(2023, 10, 29, 10, 0)}, '9': {'team': 'TEN', 'date': datetime.datetime(2023, 11, 2, 17, 15)}, '10': {'team': 'GB', 'date': datetime.datetime(2023, 11, 12, 10, 0)}, '11': {'team': 'CLE', 'date': datetime.datetime(2023, 11, 19, 10, 0)}, '12': {'team': 'CIN', 'date': datetime.datetime(2023, 11, 26, 10, 0)}, '13': {'team': 'ARI', 'date': datetime.datetime(2023, 12, 3, 10, 0)}, '14': {'team': 'NE', 'date': datetime.datetime(2023, 12, 7, 17, 15)}, '15': {'team': 'IND', 'date': datetime.datetime(2023, 12, 16, 13, 30)}, '16': {'team': 'CIN', 'date': datetime.datetime(2023, 12, 23, 13, 30)}, '17': {'team': 'SEA', 'date': datetime.datetime(2023, 12, 31, 13, 5)}, '18': {'team': 'BAL', 'date': datetime.datetime(2024, 1, 6, 13, 30)}}","['QB', 'OP', 'BE', 'IR']",QB,,,,,,,,,,,,,,,,,,,,,370.0,227.0,143.0,197.07692308,16.0,507.0,249.0,121.0,94.0,45.0,19.0,41.0,16.0,23.0,10.0,1.0,1.0,1.0,,9.0,0.61351351,44.0,6.0,7.0,1.0,5.0,2.0,,,,,,,,,,,,,,,,,,,,,,,,,,,,1.0,,,,,,,,,,,,,,,,,,,,,,,,,,,,,,,,,,,,,,,,,,,,,,,,,,,,,,,,,,,,,,,,,,,,,,,,,,,,,,,,,,,,,,,,,,,,,,,,,,,,,,,,,,,,,,,,,,,,,,,,,,2.0,,,,,,,,,,,,,,,,,,,,,,,,,,,,,,,,,,,,,,,,,,,,2023,,,121.0,43.0,,,,,,,,,,,,,,,,,,,,,,,,,,,,,,,,,
101.0,5.94,0.0,0.0,3.0,0.11764706,,,,,,,,,,,,,,0.66666667,73.0,42.29411765,6.0,138.0,65.0,31.0,20.0,6.0,10.0,90.0,290.0,9.84931507,,1.0,,,,2.0,3.0,7.0,10.0,36.0,,,17.0,,,,,,,,,,,,,,,,,,,,,,,,,,,,,,,,,,,,,,,,,,,15.11764706,Cole Kmet,CHI,DRAFT,7,4258595,6,Husky Express,BE,"{'1': {'team': 'GB', 'date': datetime.datetime(2023, 9, 10, 13, 25)}, '2': {'team': 'TB', 'date': datetime.datetime(2023, 9, 17, 10, 0)}, '3': {'team': 'KC', 'date': datetime.datetime(2023, 9, 24, 13, 25)}, '4': {'team': 'DEN', 'date': datetime.datetime(2023, 10, 1, 10, 0)}, '5': {'team': 'WSH', 'date': datetime.datetime(2023, 10, 5, 17, 15)}, '6': {'team': 'MIN', 'date': datetime.datetime(2023, 10, 15, 10, 0)}, '7': {'team': 'LV', 'date': datetime.datetime(2023, 10, 22, 10, 0)}, '8': {'team': 'LAC', 'date': datetime.datetime(2023, 10, 29, 17, 20)}, '9': {'team': 'NO', 'date': datetime.datetime(2023, 11, 5, 10, 0)}, '10': {'team': 'CAR', 'date': datetime.datetime(2023, 11, 9, 17, 15)}, '11': {'team': 'DET', 'date': datetime.datetime(2023, 11, 19, 10, 0)}, '12': {'team': 'MIN', 'date': datetime.datetime(2023, 11, 27, 17, 15)}, '14': {'team': 'DET', 'date': datetime.datetime(2023, 12, 10, 10, 0)}, '15': {'team': 'CLE', 'date': datetime.datetime(2023, 12, 17, 10, 0)}, '16': {'team': 'ARI', 'date': datetime.datetime(2023, 12, 24, 13, 25)}, '17': {'team': 'ATL', 'date': datetime.datetime(2023, 12, 31, 10, 0)}, '18': {'team': 'GB', 'date': datetime.datetime(2024, 1, 7, 13, 25)}}","['WR/TE', 'TE', 'RB/WR/TE', 'OP', 'BE', 'IR']",BE,,,1.0,1.0,1.0,,,,,,,,,,,,,1.0,4.0,1.0,,,,,,,,,,,,,,,,,,,,,,,,,,,,,,,,,,,,,,,,,,,,,,,,,,,,,1.0,1.0,,,,,,,,,,,,,,,,,,,,,,,,,,,,,,,,,,,,,,,,,,,,,,,,,,,,,,,,,,,,,,,,,,,,,,,,,,,,,,,,,,,,,,,,,,,,,,,,,,,,,,,,,,,,,,,,,,,,,,,,,,,,,,,,,,,,,,,,,,,,,,,,,,,,,,,,,,,,,,,,,,,,,,,2023,,,,2.0,36.0,,,,,,,,,,,,,,,,,,,,,,,,,,,,,,,,
152.0,8.94,142.22,8.37,,,,,,,,,,,,,,,,,,,,,,,,,,,,,,,,,,,,11.0,6.0,137.0,,,17.0,,,,,,,,,,,,,,,,,,,,,,,,,,,,,,,,,,,,,,,,,,,17.0,Harrison Butker,KC,DRAFT,5,3055899,6,Husky Express,K,"{'1': {'team': 'DET', 'date': datetime.datetime(2023, 9, 7, 17, 20)}, '2': {'team': 'JAX', 'date': datetime.datetime(2023, 9, 17, 10, 0)}, '3': {'team': 'CHI', 'date': datetime.datetime(2023, 9, 24, 13, 25)}, '4': {'team': 'NYJ', 'date': datetime.datetime(2023, 10, 1, 17, 20)}, '5': {'team': 'MIN', 'date': datetime.datetime(2023, 10, 8, 13, 25)}, '6': {'team': 'DEN', 'date': datetime.datetime(2023, 10, 12, 17, 15)}, '7': {'team': 'LAC', 'date': datetime.datetime(2023, 10, 22, 13, 25)}, '8': {'team': 'DEN', 'date': datetime.datetime(2023, 10, 29, 13, 25)}, '9': {'team': 'MIA', 'date': datetime.datetime(2023, 11, 5, 6, 30)}, '11': {'team': 'PHI', 'date': datetime.datetime(2023, 11, 20, 17, 15)}, '12': {'team': 'LV', 'date': datetime.datetime(2023, 11, 26, 13, 25)}, '13': {'team': 'GB', 'date': datetime.datetime(2023, 12, 3, 17, 20)}, '14': {'team': 'BUF', 'date': datetime.datetime(2023, 12, 10, 13, 25)}, '15': {'team': 'NE', 'date': datetime.datetime(2023, 12, 17, 10, 0)}, '16': {'team': 'LV', 'date': datetime.datetime(2023, 12, 25, 10, 0)}, '17': {'team': 'CIN', 'date': datetime.datetime(2023, 12, 31, 13, 25)}, '18': {'team': 'LAC', 'date': datetime.datetime(2024, 1, 7, 13, 25)}}","['K', 'BE', 'IR']",K,,,,,,,,,,,,,,,,,,,,,,,,,,,,,,,,,,,,,,,,,,,,,,,,,,,,,,,,,,,,,,,,,,,,,,,,,,,,,,5.0,5.0,7.0,7.0,,21.0,23.0,2.0,33.0,35.0,2.0,38.0,38.0,,4.0,4.0,3.918715832,5.841754032,1.923038199,7.502410967,9.321947923,1.819536956,15.23826176,15.90945779,0.67119603,26.65938856,31.07315974,4.413771185,51.31752431,54.31509234,2.99756803,3.918715832,5.841754032,1.923038199,,,,,,,,,,,,,,,,,,,,,,,,,,,,,,,,,,,,,,,,,,,,,,,,,,,,,,,,,,,,,,,,,,,,,,,,,,,,,,,,,,,,,,,,,1.0,,,,,,,,,,,,,,1.0,,,,,,,,,,,,,,,,,,,,,,,,,,,2023,,,,,,1247.0,75.0,1322.0,242.0,118.0,55.0,43.0,17.0,5.0,14.0,6.0,2.0,2.0,,257.0,125.0,58.0,45.0,18.0,6.0,,,1006.367001,205.8591067,1212.226108,211.610655,103.8440628,315.4547177,,,,
133.0,8.31,0.0,0.0,,,,,,,,,,,,,,,,,109.0,72.0,4.0,224.0,107.0,50.0,39.0,15.0,15.0,156.0,513.0,10.56880734,,2.0,,1.0,1.0,1.0,1.0,9.0,7.0,28.0,,1.0,16.0,,,,,,,,,,,,,,,,,,,,,,,,,,,,,,,,,,,,,,,,,,,15.11764706,Michael Pittman Jr.,IND,ADD,25,4035687,6,Husky Express,BE,"{'1': {'team': 'JAX', 'date': datetime.datetime(2023, 9, 10, 10, 0)}, '2': {'team': 'HOU', 'date': datetime.datetime(2023, 9, 17, 10, 0)}, '3': {'team': 'BAL', 'date': datetime.datetime(2023, 9, 24, 10, 0)}, '4': {'team': 'LAR', 'date': datetime.datetime(2023, 10, 1, 10, 0)}, '5': {'team': 'TEN', 'date': datetime.datetime(2023, 10, 8, 10, 0)}, '6': {'team': 'JAX', 'date': datetime.datetime(2023, 10, 15, 10, 0)}, '7': {'team': 'CLE', 'date': datetime.datetime(2023, 10, 22, 10, 0)}, '8': {'team': 'NO', 'date': datetime.datetime(2023, 10, 29, 10, 0)}, '9': {'team': 'CAR', 'date': datetime.datetime(2023, 11, 5, 13, 5)}, '10': {'team': 'NE', 'date': datetime.datetime(2023, 11, 12, 6, 30)}, '12': {'team': 'TB', 'date': datetime.datetime(2023, 11, 26, 10, 0)}, '13': {'team': 'TEN', 'date': datetime.datetime(2023, 12, 3, 10, 0)}, '14': {'team': 'CIN', 'date': datetime.datetime(2023, 12, 10, 10, 0)}, '15': {'team': 'PIT', 'date': datetime.datetime(2023, 12, 16, 13, 30)}, '16': {'team': 'ATL', 'date': datetime.datetime(2023, 12, 24, 10, 0)}, '17': {'team': 'LV', 'date': datetime.datetime(2023, 12, 31, 10, 0)}, '18': {'team': 'HOU', 'date': datetime.datetime(2024, 1, 6, 17, 15)}}","['RB/WR', 'WR', 'WR/TE', 'RB/WR/TE', 'OP', 'BE', 'IR']",BE,1.0,1.0,3.0,3.0,1.0,,5.0,,,,,,,,,,,2.0,1.0,,,,,,,,,,,,,,,,,,,,,,,,,,,,,,,,,,,,,,,,,,,,,,,,,,,,2.0,,1.0,,,,,,,,,,,,,,,,,,,,,,,,,,,,,,,,,,,,,,,,,,,,,,,,,,,,,,,,,,,,,,,,,,,,,,,,,,,,,,,,,,,,,,,,,,,,,,,,,,,,,,,,,,,,,,,,,,,,,,,,,,,,,,,,,,,,,,,,,,,,,,,,,,,,,,,,,,,,,,,,,,,,,,,,2023,,,,,53.0,,,,,,,,,,,,,,,,,,,,,,,,,,,,,,,,
144.0,8.47,0.0,0.0,1.0,0.23529412,,,,,,,,,,,,,,4.0,86.0,52.29411765,10.0,170.0,80.0,36.0,27.0,9.0,10.0,120.0,358.0,10.3372093,,,,,,1.0,4.0,12.0,5.0,64.0,,1.0,17.0,,,,,,,,,,,,,,,,,,,,,,,,,,,,,,,,,,,,,,,,,,,15.11764706,Sam LaPorta,DET,ADD,1,4430027,6,Husky Express,TE,"{'1': {'team': 'KC', 'date': datetime.datetime(2023, 9, 7, 17, 20)}, '2': {'team': 'SEA', 'date': datetime.datetime(2023, 9, 17, 10, 0)}, '3': {'team': 'ATL', 'date': datetime.datetime(2023, 9, 24, 10, 0)}, '4': {'team': 'GB', 'date': datetime.datetime(2023, 9, 28, 17, 15)}, '5': {'team': 'CAR', 'date': datetime.datetime(2023, 10, 8, 10, 0)}, '6': {'team': 'TB', 'date': datetime.datetime(2023, 10, 15, 13, 25)}, '7': {'team': 'BAL', 'date': datetime.datetime(2023, 10, 22, 10, 0)}, '8': {'team': 'LV', 'date': datetime.datetime(2023, 10, 30, 17, 15)}, '10': {'team': 'LAC', 'date': datetime.datetime(2023, 11, 12, 13, 5)}, '11': {'team': 'CHI', 'date': datetime.datetime(2023, 11, 19, 10, 0)}, '12': {'team': 'GB', 'date': datetime.datetime(2023, 11, 23, 9, 30)}, '13': {'team': 'NO', 'date': datetime.datetime(2023, 12, 3, 10, 0)}, '14': {'team': 'CHI', 'date': datetime.datetime(2023, 12, 10, 10, 0)}, '15': {'team': 'DEN', 'date': datetime.datetime(2023, 12, 16, 17, 15)}, '16': {'team': 'MIN', 'date': datetime.datetime(2023, 12, 24, 10, 0)}, '17': {'team': 'DAL', 'date': datetime.datetime(2023, 12, 30, 17, 15)}, '18': {'team': 'MIN', 'date': datetime.datetime(2024, 1, 7, 10, 0)}}","['Rookie', 'WR/TE', 'TE', 'RB/WR/TE', 'OP', 'BE', 'IR']",TE,1.0,,1.0,1.0,,,,,,,,,,,,,,,4.0,,,,,,,,,,,,,,,,,,,,,,,,,,,,,,,,,,,,,,,,,,,,,,,,,,,,2.0,,4.0,3.0,,,,,,,,,,,,,,,,,,,,,,,,,,,,,,,,,,,,,,,,,,,,,,,,,,,,,,,,,,,,,,,,,,,,,,,,,,,,,,,,,,,,,,,,,,,,,,,,,,,,,,,,,,,,,,,,,,,,,,,,,,,,,,,,,,,,,,,,,,,,,,,,,,,,,,,,,,,,,,,,,,,,,,,2023,,,,,48.0,,,,,,,,,,,,,,,,,,,,,,,,,,,,,,,,
244.0,14.35,0.0,0.0,48.0,15.47058824,5.0,48.0,21.0,6.0,3.0,,,2.0,,,,,,5.47916667,1.0,0.23529412,,,,,,,,1.0,3.0,4.0,1.0,5.0,1.0,2.0,23.0,,,4.0,13.0,158.0,4.0,,17.0,,,,,,,,,,,,,,,,,,,,,,,,,,,,,,,,,,,,,,,,,,,4.0,Sam Howell,SEA,ADD,13,4426875,6,Husky Express,BE,"{'1': {'team': 'LAR', 'date': datetime.datetime(2023, 9, 10, 13, 25)}, '2': {'team': 'DET', 'date': datetime.datetime(2023, 9, 17, 10, 0)}, '3': {'team': 'CAR', 'date': datetime.datetime(2023, 9, 24, 13, 5)}, '4': {'team': 'NYG', 'date': datetime.datetime(2023, 10, 2, 17, 15)}, '6': {'team': 'CIN', 'date': datetime.datetime(2023, 10, 15, 10, 0)}, '7': {'team': 'ARI', 'date': datetime.datetime(2023, 10, 22, 13, 5)}, '8': {'team': 'CLE', 'date': datetime.datetime(2023, 10, 29, 13, 5)}, '9': {'team': 'BAL', 'date': datetime.datetime(2023, 11, 5, 10, 0)}, '10': {'team': 'WSH', 'date': datetime.datetime(2023, 11, 12, 13, 25)}, '11': {'team': 'LAR', 'date': datetime.datetime(2023, 11, 19, 13, 25)}, '12': {'team': 'SF', 'date': datetime.datetime(2023, 11, 23, 17, 20)}, '13': {'team': 'DAL', 'date': datetime.datetime(2023, 11, 30, 17, 15)}, '14': {'team': 'SF', 'date': datetime.datetime(2023, 12, 10, 13, 5)}, '15': {'team': 'PHI', 'date': datetime.datetime(2023, 12, 18, 17, 15)}, '16': {'team': 'TEN', 'date': datetime.datetime(2023, 12, 24, 10, 0)}, '17': {'team': 'PIT', 'date': datetime.datetime(2023, 12, 31, 13, 5)}, '18': {'team': 'ARI', 'date': datetime.datetime(2024, 1, 7, 13, 25)}}","['QB', 'OP', 'BE', 'IR']",BE,,,,,,,,,,,,,,,,,,,,,612.0,388.0,224.0,232.11764706,21.0,783.0,387.0,189.0,151.0,72.0,31.0,68.0,28.0,39.0,16.0,1.0,1.0,5.0,1.0,21.0,0.63398693,65.0,3.0,10.0,3.0,4.0,3.0,,,,,,,,,,,,,,,,,,,,,,,,,,,,1.0,,,,,,,,,,,,,,,,,,,,,,,,,,,,,,,,,,,,,,,,,,,,,,,,,,,,,,,,,,,,,,,,,,,,,,,,,,,,,,,,,,,,,,,,,,,,,,,,,,,,,,,,,,,,,,,,,,,,,,,,,,1.0,,,,,1.0,,,,,,,,,,,,,,,,,,,,,,,,,,,,,,,,,,,,,,,2023,,,180.0,19.0,,,,,,,,,,,,,,,,,,,,,,,,,,,,,,,,,
109.0,6.81,0.0,0.0,5.0,2.1875,,4.0,1.0,,,,,,,,,,,7.0,54.0,41.0625,8.0,125.0,58.0,25.0,17.0,5.0,3.0,81.0,125.0,12.16666667,,1.0,,,,,,11.0,5.0,50.0,,1.0,16.0,,,,,,,,,,,,,,,,,,,,,,,,,,,,,,,,,,,,,,,,,,,15.11764706,Brandin Cooks,DAL,ADD,38,16731,6,Husky Express,WR,"{'1': {'team': 'NYG', 'date': datetime.datetime(2023, 9, 10, 17, 20)}, '2': {'team': 'NYJ', 'date': datetime.datetime(2023, 9, 17, 13, 25)}, '3': {'team': 'ARI', 'date': datetime.datetime(2023, 9, 24, 13, 25)}, '4': {'team': 'NE', 'date': datetime.datetime(2023, 10, 1, 13, 25)}, '5': {'team': 'SF', 'date': datetime.datetime(2023, 10, 8, 17, 20)}, '6': {'team': 'LAC', 'date': datetime.datetime(2023, 10, 16, 17, 15)}, '8': {'team': 'LAR', 'date': datetime.datetime(2023, 10, 29, 10, 0)}, '9': {'team': 'PHI', 'date': datetime.datetime(2023, 11, 5, 13, 25)}, '10': {'team': 'NYG', 'date': datetime.datetime(2023, 11, 12, 13, 25)}, '11': {'team': 'CAR', 'date': datetime.datetime(2023, 11, 19, 10, 0)}, '12': {'team': 'WSH', 'date': datetime.datetime(2023, 11, 23, 13, 30)}, '13': {'team': 'SEA', 'date': datetime.datetime(2023, 11, 30, 17, 15)}, '14': {'team': 'PHI', 'date': datetime.datetime(2023, 12, 10, 17, 20)}, '15': {'team': 'BUF', 'date': datetime.datetime(2023, 12, 17, 13, 25)}, '16': {'team': 'MIA', 'date': datetime.datetime(2023, 12, 24, 13, 25)}, '17': {'team': 'DET', 'date': datetime.datetime(2023, 12, 30, 17, 15)}, '18': {'team': 'WSH', 'date': datetime.datetime(2024, 1, 7, 13, 25)}}","['RB/WR', 'WR', 'WR/TE', 'RB/WR/TE', 'OP', 'BE', 'IR']",WR,,,1.0,1.0,1.0,,,,,,,,,,,,,,5.0,1.0,,,,,,,,,,,,,,,,,,,,,,,,,,,,,,,,,,,,,,,,,,,,,,,,,,,1.0,,1.0,,,,,,,,,,,,,,,,,,,,,,,,,,,,,,,,,,,,,,,,,,,,,,,,,,,,,,,,,,,,,,,,,,,,,,,,,,,,,,,,,,,,,,,,,,,,,,,,,,,,,,,,,,,,,,,,,,,,,,,,,,,,,,,,,,,,,,,,,,,,,,,,,,,,,,,,,,,,,,,,,,,,,,,,2023,,,,2.0,38.0,,,,,,,,,,,,,,,,,,,,,,,,,,,,,,,,
95.0,5.59,0.0,0.0,,,,,,,,,,,,,,,,,,,,,,,,,,,,,,,,,,723.0,1123.0,8.0,9.0,,,,17.0,,,,,,,,,,,,,,,,,,,,,,,,,,,,,,,,,,,,,,,,,,,17.0,Broncos D/ST,DEN,ADD,21,-16007,6,Husky Express,D/ST,"{'1': {'team': 'LV', 'date': datetime.datetime(2023, 9, 10, 13, 25)}, '2': {'team': 'WSH', 'date': datetime.datetime(2023, 9, 17, 13, 25)}, '3': {'team': 'MIA', 'date': datetime.datetime(2023, 9, 24, 10, 0)}, '4': {'team': 'CHI', 'date': datetime.datetime(2023, 10, 1, 10, 0)}, '5': {'team': 'NYJ', 'date': datetime.datetime(2023, 10, 8, 13, 25)}, '6': {'team': 'KC', 'date': datetime.datetime(2023, 10, 12, 17, 15)}, '7': {'team': 'GB', 'date': datetime.datetime(2023, 10, 22, 13, 25)}, '8': {'team': 'KC', 'date': datetime.datetime(2023, 10, 29, 13, 25)}, '10': {'team': 'BUF', 'date': datetime.datetime(2023, 11, 13, 17, 15)}, '11': {'team': 'MIN', 'date': datetime.datetime(2023, 11, 19, 17, 20)}, '12': {'team': 'CLE', 'date': datetime.datetime(2023, 11, 26, 13, 5)}, '13': {'team': 'HOU', 'date': datetime.datetime(2023, 12, 3, 10, 0)}, '14': {'team': 'LAC', 'date': datetime.datetime(2023, 12, 10, 13, 25)}, '15': {'team': 'DET', 'date': datetime.datetime(2023, 12, 16, 17, 15)}, '16': {'team': 'NE', 'date': datetime.datetime(2023, 12, 24, 17, 15)}, '17': {'team': 'LAC', 'date': datetime.datetime(2023, 12, 31, 13, 25)}, '18': {'team': 'LV', 'date': datetime.datetime(2024, 1, 7, 13, 25)}}","['D/ST', 'BE', 'IR']",D/ST,,,,,,,398.0,36.0,13.0,,,,,,,,,,,,,,,,,,,,,,,,,,,,,,,,,,,,,,,,,,,,,,,,,,,,,,,,,,,,,,,,,400.0,,,19.0,,,,,,,,,,,,,,,,,,,,,,,,,,,,,,,,,,,15.0,0.0,0.0,4.0,2.0,1.0,11.0,1.0,1.0,42.0,84.0,1.0,,,2.0,367.0,217.0,67.0,62.0,326.0,28.0,9.0,405.0,2.0,5.0,1.0,2.0,6303.0,0.0,0.0,5.0,2.0,6.0,2.0,1.0,0.0,1.0,0.0,0.0,4.0,2.0,2.0,5.0,1.0,2.0,,,,,,,,,,,,,,,,,,,,,,,,,,,,,,,,,,,,,,,,,,,,,,,1.0,,1.0,1.0,,,,,,,,,,,,,,,,,,,,,,,,,,,,,,,,,,,2023,,,,,,,,,,,,,,,,,,,,,,,,,,,,,,,,,,,,,
81.0,4.76,0.0,0.0,,,,,,,,,,,,,,,,,63.0,36.94117647,4.0,119.0,57.0,25.0,17.0,5.0,4.0,93.0,366.0,9.96825397,,,,,,2.0,2.0,9.0,8.0,24.0,,,17.0,,,,,,,,,,,,,,,,,,,,,,,,,,,,,,,,,,,,,,,,,,,15.11764706,Jaxon Smith-Njigba,SEA,ADD,51,4430878,6,Husky Express,WR,"{'1': {'team': 'LAR', 'date': datetime.datetime(2023, 9, 10, 13, 25)}, '2': {'team': 'DET', 'date': datetime.datetime(2023, 9, 17, 10, 0)}, '3': {'team': 'CAR', 'date': datetime.datetime(2023, 9, 24, 13, 5)}, '4': {'team': 'NYG', 'date': datetime.datetime(2023, 10, 2, 17, 15)}, '6': {'team': 'CIN', 'date': datetime.datetime(2023, 10, 15, 10, 0)}, '7': {'team': 'ARI', 'date': datetime.datetime(2023, 10, 22, 13, 5)}, '8': {'team': 'CLE', 'date': datetime.datetime(2023, 10, 29, 13, 5)}, '9': {'team': 'BAL', 'date': datetime.datetime(2023, 11, 5, 10, 0)}, '10': {'team': 'WSH', 'date': datetime.datetime(2023, 11, 12, 13, 25)}, '11': {'team': 'LAR', 'date': datetime.datetime(2023, 11, 19, 13, 25)}, '12': {'team': 'SF', 'date': datetime.datetime(2023, 11, 23, 17, 20)}, '13': {'team': 'DAL', 'date': datetime.datetime(2023, 11, 30, 17, 15)}, '14': {'team': 'SF', 'date': datetime.datetime(2023, 12, 10, 13, 5)}, '15': {'team': 'PHI', 'date': datetime.datetime(2023, 12, 18, 17, 15)}, '16': {'team': 'TEN', 'date': datetime.datetime(2023, 12, 24, 10, 0)}, '17': {'team': 'PIT', 'date': datetime.datetime(2023, 12, 31, 13, 5)}, '18': {'team': 'ARI', 'date': datetime.datetime(2024, 1, 7, 13, 25)}}","['Rookie', 'RB/WR', 'WR', 'WR/TE', 'RB/WR/TE', 'OP', 'BE', 'IR']",WR,,,,,,,,,,,,,,,,,,,1.0,2.0,,,,,,,,,,,,,,,,,,,,,,,,,,,,,,,,,,,,,,,,,,,,,,,,,,,,,1.0,,,,,,,,,,,,,,,,,,,,,,,,,,,,,,,,,,,,,,,,,,,,,,,,,,,,,,,,,,,,,,,,,,,,,,,,,,,,,,,,,,,,,,,,,,,,,,,,,,,,,,,,,,,,,,,,,,,,,,,,,,,,,,,,,,,,,,,,,,,,,,,,,,,,,,,,,,,,,,,,,,,,,,,,2023,,,,,29.0,,,,,,,,,,,,,,,,,,,,,,,,,,,,,,,,
51.0,3.64,0.0,0.0,8.0,2.92857143,,7.0,3.0,1.0,,,,,,,,,,5.125,49.0,40.07142857,,106.0,50.0,21.0,15.0,4.0,5.0,79.0,336.0,11.44897959,,3.0,,1.0,1.0,1.0,1.0,3.0,11.0,,,,14.0,,,,,,,,,,,,,,,,,,,,,,,,,,,,,,,,,,,,,,,,,,,15.11764706,DeMario Douglas,NE,ADD,74,4427095,6,Husky Express,BE,"{'1': {'team': 'PHI', 'date': datetime.datetime(2023, 9, 10, 13, 25)}, '2': {'team': 'MIA', 'date': datetime.datetime(2023, 9, 17, 17, 20)}, '3': {'team': 'NYJ', 'date': datetime.datetime(2023, 9, 24, 10, 0)}, '4': {'team': 'DAL', 'date': datetime.datetime(2023, 10, 1, 13, 25)}, '5': {'team': 'NO', 'date': datetime.datetime(2023, 10, 8, 10, 0)}, '6': {'team': 'LV', 'date': datetime.datetime(2023, 10, 15, 13, 5)}, '7': {'team': 'BUF', 'date': datetime.datetime(2023, 10, 22, 10, 0)}, '8': {'team': 'MIA', 'date': datetime.datetime(2023, 10, 29, 10, 0)}, '9': {'team': 'WSH', 'date': datetime.datetime(2023, 11, 5, 10, 0)}, '10': {'team': 'IND', 'date': datetime.datetime(2023, 11, 12, 6, 30)}, '12': {'team': 'NYG', 'date': datetime.datetime(2023, 11, 26, 10, 0)}, '13': {'team': 'LAC', 'date': datetime.datetime(2023, 12, 3, 10, 0)}, '14': {'team': 'PIT', 'date': datetime.datetime(2023, 12, 7, 17, 15)}, '15': {'team': 'KC', 'date': datetime.datetime(2023, 12, 17, 10, 0)}, '16': {'team': 'DEN', 'date': datetime.datetime(2023, 12, 24, 17, 15)}, '17': {'team': 'BUF', 'date': datetime.datetime(2023, 12, 31, 10, 0)}, '18': {'team': 'NYJ', 'date': datetime.datetime(2024, 1, 7, 10, 0)}}","['Rookie', 'RB/WR', 'WR', 'WR/TE', 'RB/WR/TE', 'OP', 'BE', 'IR']",BE,,,,,1.0,1.0,,,,,,,,,,,,,,,,,,,,,,,,,,,,,,,,,,,,,,,,,,,,,,,,,,,,,,,,,,,,,,,,,,,,,,,,,,,,,,,,,,,,,,,,,,,,,,,,,,,,,,,,,,,,,,,,,,,,,,,,,,,,,56.0,4.0,1.0,,,,,,,,,,,,,,,,,,,,,,,,,,,,,,,,,,,,,,,,,,,,,,,,,,,,,,,,,,,,,,,,,,,,,,,,,,,,,,,,,,,,,,,,,,,,,,,,,,,,,,,,,,,,2023,,,,2.0,26.0,,,,,,,,,,,,,,,,,,,,,,,,,,,,,,,,
66.0,4.71,97.11,7.47,,,,,,,,,,,,,,,,,35.0,40.35714286,3.0,106.0,50.0,20.0,16.0,4.0,2.0,64.0,155.0,16.14285714,,1.0,,1.0,1.0,,1.0,12.0,2.0,18.0,,,14.0,2.349784128,1.179232023,0.143353291,0.005461272,3.0,1.0,,,,,,0.00431481,0.003020367,0.000517777,1.76698e-05,6.642092127,52.87034648,4.462769059,0.256701453,0.195570376,0.12780524,139.0,69.0,34.0,27.0,13.0,53.09267584,10.0,5.0,0.971339999,0.030041443,86.82742416,13.17987038,0.262162724,0.004268281,0.041113625,0.928950171,0.970063796,0.018912268,0.520212096,0.539124363,0.539124363,13.23529412,Odell Beckham Jr.,None,ADD,60,16733,6,Husky Express,BE,{},"['RB/WR', 'WR', 'WR/TE', 'RB/WR/TE', 'OP', 'BE', 'IR']",BE,2.0,,1.0,1.0,1.0,1.0,,,,,,,,,,,,,1.0,,,,,,,,,,,,,,,,,,,,,,,,,,,,,,,,,,,,,,,,,,,,,,,,,,,,,,,1.0,,,,,,,,,,,,,,,,,,,,,,,,,,,,,,,,,,,,,,,,,,,,,,,,,,,,,,,,,,,,,,,,,,,,,,,,,,,,,,,,,,,,,,,,,,,,,,,,,,,,,,,,,,,,,,,,,,,,,,,,,,,,,,,,,,,,,,,,,,,,,,,,,,,,,,,,,,,,,,,,,,,,,,,2023,,,,,27.0,,,,,,,,,,,,,,,,,,,,,,,,,,,,,2.848608417,32.07324426,,
176.0,10.35,0.0,0.0,214.0,57.41176471,4.0,189.0,91.0,40.0,32.0,12.0,2.0,37.0,16.0,,,2.0,,4.56074766,58.0,28.64705882,4.0,91.0,43.0,18.0,15.0,4.0,6.0,86.0,519.0,8.39655172,4.0,4.0,3.0,3.0,3.0,2.0,2.0,7.0,10.0,48.0,2.0,,17.0,,,,,,,,,,,,,,,,,,,,,,,,,,,,,,,,,,,,,,,,,,,14.17647059,Bijan Robinson,ATL,DRAFT,11,4430807,8,Flying Eagles,RB,"{'1': {'team': 'CAR', 'date': datetime.datetime(2023, 9, 10, 10, 0)}, '2': {'team': 'GB', 'date': datetime.datetime(2023, 9, 17, 10, 0)}, '3': {'team': 'DET', 'date': datetime.datetime(2023, 9, 24, 10, 0)}, '4': {'team': 'JAX', 'date': datetime.datetime(2023, 10, 1, 6, 30)}, '5': {'team': 'HOU', 'date': datetime.datetime(2023, 10, 8, 10, 0)}, '6': {'team': 'WSH', 'date': datetime.datetime(2023, 10, 15, 10, 0)}, '7': {'team': 'TB', 'date': datetime.datetime(2023, 10, 22, 10, 0)}, '8': {'team': 'TEN', 'date': datetime.datetime(2023, 10, 29, 10, 0)}, '9': {'team': 'MIN', 'date': datetime.datetime(2023, 11, 5, 10, 0)}, '10': {'team': 'ARI', 'date': datetime.datetime(2023, 11, 12, 13, 5)}, '12': {'team': 'NO', 'date': datetime.datetime(2023, 11, 26, 10, 0)}, '13': {'team': 'NYJ', 'date': datetime.datetime(2023, 12, 3, 10, 0)}, '14': {'team': 'TB', 'date': datetime.datetime(2023, 12, 10, 10, 0)}, '15': {'team': 'CAR', 'date': datetime.datetime(2023, 12, 17, 10, 0)}, '16': {'team': 'IND', 'date': datetime.datetime(2023, 12, 24, 10, 0)}, '17': {'team': 'CHI', 'date': datetime.datetime(2023, 12, 31, 10, 0)}, '18': {'team': 'NO', 'date': datetime.datetime(2024, 1, 7, 10, 0)}}","['RB', 'RB/WR', 'RB/WR/TE', 'OP', 'BE', 'IR']",RB,1.0,1.0,1.0,1.0,,,,,,,,,,,,,,,1.0,1.0,,,,,,,,,,,,,,,,,,,,,,,,,,,,,,,,,,,,,,,,,,,,,,,,,,,,,1.0,,2.0,,,,,,,,,,,,,,,,,,,,,,,,,,,,,,,,,,,,,,,,,,,,,,,,,,,,,,,,8.0,,,,,,,,,,,,,,,,,,,,,,,,,,,,,,,,,,,,,,,,,,,,,,,,,,,,,,,,,,,,,,,,,,,,,,,,,,,,,,,,,,,,,,,,,,,,,,,,,,,,,,,,,,,,,,2023,,,,50.0,24.0,,,,,,,,,,,,,,,,,,,,,,,,,,,,,,,,
91.0,7.58,0.0,0.0,,,,,,,,,,,,,,,,,42.0,54.66666667,5.0,127.0,61.0,28.0,19.0,8.0,4.0,76.0,235.0,15.61904762,,,,,,,,7.0,5.0,30.0,,,12.0,,,,,,,,,,,,,,,,,,,,,,,,,,,,,,,,,,,,,,,,,,,15.11764706,Tee Higgins,CIN,DRAFT,45,4239993,8,Flying Eagles,WR,"{'1': {'team': 'CLE', 'date': datetime.datetime(2023, 9, 10, 10, 0)}, '2': {'team': 'BAL', 'date': datetime.datetime(2023, 9, 17, 10, 0)}, '3': {'team': 'LAR', 'date': datetime.datetime(2023, 9, 25, 17, 15)}, '4': {'team': 'TEN', 'date': datetime.datetime(2023, 10, 1, 10, 0)}, '5': {'team': 'ARI', 'date': datetime.datetime(2023, 10, 8, 13, 5)}, '6': {'team': 'SEA', 'date': datetime.datetime(2023, 10, 15, 10, 0)}, '8': {'team': 'SF', 'date': datetime.datetime(2023, 10, 29, 13, 25)}, '9': {'team': 'BUF', 'date': datetime.datetime(2023, 11, 5, 17, 20)}, '10': {'team': 'HOU', 'date': datetime.datetime(2023, 11, 12, 10, 0)}, '11': {'team': 'BAL', 'date': datetime.datetime(2023, 11, 16, 17, 15)}, '12': {'team': 'PIT', 'date': datetime.datetime(2023, 11, 26, 10, 0)}, '13': {'team': 'JAX', 'date': datetime.datetime(2023, 12, 4, 17, 15)}, '14': {'team': 'IND', 'date': datetime.datetime(2023, 12, 10, 10, 0)}, '15': {'team': 'MIN', 'date': datetime.datetime(2023, 12, 16, 10, 0)}, '16': {'team': 'PIT', 'date': datetime.datetime(2023, 12, 23, 13, 30)}, '17': {'team': 'KC', 'date': datetime.datetime(2023, 12, 31, 13, 25)}, '18': {'team': 'CLE', 'date': datetime.datetime(2024, 1, 7, 10, 0)}}","['RB/WR', 'WR', 'WR/TE', 'RB/WR/TE', 'OP', 'BE', 'IR']",WR,1.0,1.0,2.0,2.0,,,,,,,,,,,,,,,2.0,1.0,,,,,,,,,,,,,,,,,,,,,,,,,,,,,,,,,,,,,,,,,,,,,,,,,,,,,1.0,,,,,,,,,,,,,,,,,,,,,,,,,,,,,,,,,,,,,,,,,,,,,,,,,,,,,,,,,,,,,,,,,,,,,,,,,,,,,,,,,,,,,,,,,,,,,,,,,,,,,,,,,,,,,,,,,,,,,,,,,,,,,,,,,,,,,,,,,,,,,,,,,,,,,,,,,,,,,,,,,,,,,,,,2023,,,,,33.0,,,,,,,,,,,,,,,,,,,,,,,,,,,,,,,,
183.0,10.76,0.0,0.0,4.0,1.23529412,1.0,4.0,2.0,1.0,,,,,,,,,,5.25,96.0,80.23529412,8.0,265.0,129.0,59.0,48.0,21.0,11.0,136.0,539.0,14.20833333,,1.0,,1.0,1.0,3.0,3.0,7.0,10.0,54.0,,2.0,17.0,,,,,,,,,,,,,,,,,,,,,,,,,,,,,,,,,,,,,,,,,,,15.11764706,DJ Moore,CHI,DRAFT,5,3915416,8,Flying Eagles,BE,"{'1': {'team': 'GB', 'date': datetime.datetime(2023, 9, 10, 13, 25)}, '2': {'team': 'TB', 'date': datetime.datetime(2023, 9, 17, 10, 0)}, '3': {'team': 'KC', 'date': datetime.datetime(2023, 9, 24, 13, 25)}, '4': {'team': 'DEN', 'date': datetime.datetime(2023, 10, 1, 10, 0)}, '5': {'team': 'WSH', 'date': datetime.datetime(2023, 10, 5, 17, 15)}, '6': {'team': 'MIN', 'date': datetime.datetime(2023, 10, 15, 10, 0)}, '7': {'team': 'LV', 'date': datetime.datetime(2023, 10, 22, 10, 0)}, '8': {'team': 'LAC', 'date': datetime.datetime(2023, 10, 29, 17, 20)}, '9': {'team': 'NO', 'date': datetime.datetime(2023, 11, 5, 10, 0)}, '10': {'team': 'CAR', 'date': datetime.datetime(2023, 11, 9, 17, 15)}, '11': {'team': 'DET', 'date': datetime.datetime(2023, 11, 19, 10, 0)}, '12': {'team': 'MIN', 'date': datetime.datetime(2023, 11, 27, 17, 15)}, '14': {'team': 'DET', 'date': datetime.datetime(2023, 12, 10, 10, 0)}, '15': {'team': 'CLE', 'date': datetime.datetime(2023, 12, 17, 10, 0)}, '16': {'team': 'ARI', 'date': datetime.datetime(2023, 12, 24, 13, 25)}, '17': {'team': 'ATL', 'date': datetime.datetime(2023, 12, 31, 10, 0)}, '18': {'team': 'GB', 'date': datetime.datetime(2024, 1, 7, 13, 25)}}","['RB/WR', 'WR', 'WR/TE', 'RB/WR/TE', 'OP', 'BE', 'IR']",BE,1.0,1.0,6.0,4.0,1.0,1.0,,,,,,,,,,,,1.0,2.0,2.0,,,,,,,,,,,,,,,,,,,,,,,,,,,,,,,,,,,,,,,,,,,,,,,,,,,,,1.0,,1.0,,1.0,,,,,,,,,,,,,,,,,,,,,,,,,,,,,,,,,,,,,,,,,,,,,,,,,,,,,,,,,,,,,,,,,,,,,,,,,,,,,,,,,,,,,,,,,,,,,,,,,,,,,,,,,,,,,,,,,,,,,,1.0,,,,,,,,,,,,,,,,,,,,,,,,,,,,,,,,,,,,,,,,,,,,,,2023,,,,1.0,64.0,,,,,,,,,,,,,,,,,,,,,,,,,,,,,,,,
127.0,12.7,0.0,0.0,169.0,74.1,7.0,144.0,68.0,31.0,23.0,8.0,1.0,30.0,12.0,1.0,,1.0,,4.38461538,19.0,15.3,1.0,28.0,11.0,5.0,2.0,,2.0,23.0,174.0,8.05263158,1.0,1.0,,,,,,5.0,5.0,48.0,6.0,,10.0,,,,,,,,,,,,,,,,,,,,,,,,,,,,,,,,,,,,,,,,,,,14.17647059,Jonathan Taylor,IND,DRAFT,27,4242335,8,Flying Eagles,RB,"{'1': {'team': 'JAX', 'date': datetime.datetime(2023, 9, 10, 10, 0)}, '2': {'team': 'HOU', 'date': datetime.datetime(2023, 9, 17, 10, 0)}, '3': {'team': 'BAL', 'date': datetime.datetime(2023, 9, 24, 10, 0)}, '4': {'team': 'LAR', 'date': datetime.datetime(2023, 10, 1, 10, 0)}, '5': {'team': 'TEN', 'date': datetime.datetime(2023, 10, 8, 10, 0)}, '6': {'team': 'JAX', 'date': datetime.datetime(2023, 10, 15, 10, 0)}, '7': {'team': 'CLE', 'date': datetime.datetime(2023, 10, 22, 10, 0)}, '8': {'team': 'NO', 'date': datetime.datetime(2023, 10, 29, 10, 0)}, '9': {'team': 'CAR', 'date': datetime.datetime(2023, 11, 5, 13, 5)}, '10': {'team': 'NE', 'date': datetime.datetime(2023, 11, 12, 6, 30)}, '12': {'team': 'TB', 'date': datetime.datetime(2023, 11, 26, 10, 0)}, '13': {'team': 'TEN', 'date': datetime.datetime(2023, 12, 3, 10, 0)}, '14': {'team': 'CIN', 'date': datetime.datetime(2023, 12, 10, 10, 0)}, '15': {'team': 'PIT', 'date': datetime.datetime(2023, 12, 16, 13, 30)}, '16': {'team': 'ATL', 'date': datetime.datetime(2023, 12, 24, 10, 0)}, '17': {'team': 'LV', 'date': datetime.datetime(2023, 12, 31, 10, 0)}, '18': {'team': 'HOU', 'date': datetime.datetime(2024, 1, 6, 17, 15)}}","['RB', 'RB/WR', 'RB/WR/TE', 'OP', 'BE', 'IR']",RB,,,,,,,,,,,,,,,,,,,,,,,,,,,,,,,,,,,,,,,,,,,,,,,,,,,,,,,,,,,,,,,,,,,,,,,,,1.0,,,,,,,,,,,,,,,,,,,,,,,,,,,,,,,,,,,,,,,,,,,,,,,,,,,,,,,,,,,,,,,,,,,,,,,,,,,,,,,,,,,,,,,,,,,,,,,,,,,,,,,,,,,,,,,,,,,,,,,,,,,,,,,,,,,,,,,,,,,,,,,,,,,,,,,,,,,,,,,,,,,,,,,,2023,,,,42.0,5.0,,,,,,,,,,,,,,,,,,,,,,,,,,,,,,,,
77.0,5.5,0.0,0.0,2.0,1.64285714,,5.0,2.0,1.0,1.0,,,,,,,,,11.5,51.0,41.0,4.0,108.0,51.0,23.0,17.0,5.0,5.0,101.0,164.0,11.25490196,,,,,,2.0,2.0,3.0,11.0,24.0,,,14.0,,,,,,,,,,,,,,,,,,,,,,,,,,,,,,,,,,,,,,,,,,,15.11764706,Marquise Brown,KC,DRAFT,52,4241372,8,Flying Eagles,BE,"{'1': {'team': 'DET', 'date': datetime.datetime(2023, 9, 7, 17, 20)}, '2': {'team': 'JAX', 'date': datetime.datetime(2023, 9, 17, 10, 0)}, '3': {'team': 'CHI', 'date': datetime.datetime(2023, 9, 24, 13, 25)}, '4': {'team': 'NYJ', 'date': datetime.datetime(2023, 10, 1, 17, 20)}, '5': {'team': 'MIN', 'date': datetime.datetime(2023, 10, 8, 13, 25)}, '6': {'team': 'DEN', 'date': datetime.datetime(2023, 10, 12, 17, 15)}, '7': {'team': 'LAC', 'date': datetime.datetime(2023, 10, 22, 13, 25)}, '8': {'team': 'DEN', 'date': datetime.datetime(2023, 10, 29, 13, 25)}, '9': {'team': 'MIA', 'date': datetime.datetime(2023, 11, 5, 6, 30)}, '11': {'team': 'PHI', 'date': datetime.datetime(2023, 11, 20, 17, 15)}, '12': {'team': 'LV', 'date': datetime.datetime(2023, 11, 26, 13, 25)}, '13': {'team': 'GB', 'date': datetime.datetime(2023, 12, 3, 17, 20)}, '14': {'team': 'BUF', 'date': datetime.datetime(2023, 12, 10, 13, 25)}, '15': {'team': 'NE', 'date': datetime.datetime(2023, 12, 17, 10, 0)}, '16': {'team': 'LV', 'date': datetime.datetime(2023, 12, 25, 10, 0)}, '17': {'team': 'CIN', 'date': datetime.datetime(2023, 12, 31, 13, 25)}, '18': {'team': 'LAC', 'date': datetime.datetime(2024, 1, 7, 13, 25)}}","['RB/WR', 'WR', 'WR/TE', 'RB/WR/TE', 'OP', 'BE', 'IR']",BE,,,,,,,,,,,,,,,,,,,3.0,1.0,,,,,,,,,,,,,,,,,,,,,,,,,,,,,,,,,,,,,,,,,,,,,,,,,,,,,,,,,,,,,,,,,,,,,,,,,,,,,,,,,,,,,,,,,,,,,,,,,,,,,,,,,,,,,,,,,,,,,,,,,,,,,,,,,,,,,,,,,,,,,,,,,,,,,,,,,,,,,,,,,,,,,,,,,,,,,,,,,,,,,,,,,,,,,,,,,,,,,,,,,,,,,,,,,,,,,,,,,,,,,2023,,,,1.0,32.0,,,,,,,,,,,,,,,,,,,,,,,,,,,,,,,,
165.0,10.31,0.0,0.0,,,,,,,,,,,,,,,,,75.0,83.875,7.0,262.0,125.0,58.0,48.0,20.0,9.0,105.0,382.0,17.89333333,,1.0,,1.0,1.0,1.0,1.0,11.0,5.0,42.0,,,16.0,,,,,,,,,,,,,,,,,,,,,,,,,,,,,,,,,,,,,,,,,,,15.11764706,Brandon Aiyuk,SF,DRAFT,10,4360438,8,Flying Eagles,WR,"{'1': {'team': 'PIT', 'date': datetime.datetime(2023, 9, 10, 10, 0)}, '2': {'team': 'LAR', 'date': datetime.datetime(2023, 9, 17, 13, 5)}, '3': {'team': 'NYG', 'date': datetime.datetime(2023, 9, 21, 17, 15)}, '4': {'team': 'ARI', 'date': datetime.datetime(2023, 10, 1, 13, 25)}, '5': {'team': 'DAL', 'date': datetime.datetime(2023, 10, 8, 17, 20)}, '6': {'team': 'CLE', 'date': datetime.datetime(2023, 10, 15, 10, 0)}, '7': {'team': 'MIN', 'date': datetime.datetime(2023, 10, 23, 17, 15)}, '8': {'team': 'CIN', 'date': datetime.datetime(2023, 10, 29, 13, 25)}, '10': {'team': 'JAX', 'date': datetime.datetime(2023, 11, 12, 10, 0)}, '11': {'team': 'TB', 'date': datetime.datetime(2023, 11, 19, 13, 5)}, '12': {'team': 'SEA', 'date': datetime.datetime(2023, 11, 23, 17, 20)}, '13': {'team': 'PHI', 'date': datetime.datetime(2023, 12, 3, 13, 25)}, '14': {'team': 'SEA', 'date': datetime.datetime(2023, 12, 10, 13, 5)}, '15': {'team': 'ARI', 'date': datetime.datetime(2023, 12, 17, 13, 5)}, '16': {'team': 'BAL', 'date': datetime.datetime(2023, 12, 25, 17, 15)}, '17': {'team': 'WSH', 'date': datetime.datetime(2023, 12, 31, 10, 0)}, '18': {'team': 'LAR', 'date': datetime.datetime(2024, 1, 7, 13, 25)}}","['RB/WR', 'WR', 'WR/TE', 'RB/WR/TE', 'OP', 'BE', 'IR']",WR,1.0,1.0,7.0,7.0,1.0,1.0,,,,,,,,,,,,,2.0,1.0,,,,,,,,,,,,,,,,,,,,,,,,,,,,,,,,,,,,,,,,,,,,,,,,,,,,,3.0,,,,,,,,,,,,,,,,,,,,,,,,,,,,,,,,,,,,,,,,,,,,,,,,,,,,,,,,,,,,,,,,,,,,,,,,,,,,,,,,,,,,,,,,,,,,,,,,,,,,,,,,,,,,,,,,,,,,,,,,,,,,,,,,,,,,,,,,,,,,,,,,,,,,,,,,,,,,,,,,,,,,,,,,2023,,,,,61.0,,,,,,,,,,,,,,,,,,,,,,,,,,,,,,,,
112.0,7.0,0.0,0.0,,,,,,,,,,,,,,,,,81.0,55.125,6.0,168.0,80.0,36.0,27.0,10.0,10.0,123.0,599.0,10.88888889,,2.0,,2.0,2.0,2.0,2.0,11.0,5.0,36.0,,2.0,16.0,,,,,,,,,,,,,,,,,,,,,,,,,,,,,,,,,,,,,,,,,,,15.11764706,David Njoku,CLE,DRAFT,5,3123076,8,Flying Eagles,TE,"{'1': {'team': 'CIN', 'date': datetime.datetime(2023, 9, 10, 10, 0)}, '2': {'team': 'PIT', 'date': datetime.datetime(2023, 9, 18, 17, 15)}, '3': {'team': 'TEN', 'date': datetime.datetime(2023, 9, 24, 10, 0)}, '4': {'team': 'BAL', 'date': datetime.datetime(2023, 10, 1, 10, 0)}, '6': {'team': 'SF', 'date': datetime.datetime(2023, 10, 15, 10, 0)}, '7': {'team': 'IND', 'date': datetime.datetime(2023, 10, 22, 10, 0)}, '8': {'team': 'SEA', 'date': datetime.datetime(2023, 10, 29, 13, 5)}, '9': {'team': 'ARI', 'date': datetime.datetime(2023, 11, 5, 10, 0)}, '10': {'team': 'BAL', 'date': datetime.datetime(2023, 11, 12, 10, 0)}, '11': {'team': 'PIT', 'date': datetime.datetime(2023, 11, 19, 10, 0)}, '12': {'team': 'DEN', 'date': datetime.datetime(2023, 11, 26, 13, 5)}, '13': {'team': 'LAR', 'date': datetime.datetime(2023, 12, 3, 13, 25)}, '14': {'team': 'JAX', 'date': datetime.datetime(2023, 12, 10, 10, 0)}, '15': {'team': 'CHI', 'date': datetime.datetime(2023, 12, 17, 10, 0)}, '16': {'team': 'HOU', 'date': datetime.datetime(2023, 12, 24, 10, 0)}, '17': {'team': 'NYJ', 'date': datetime.datetime(2023, 12, 28, 17, 15)}, '18': {'team': 'CIN', 'date': datetime.datetime(2024, 1, 7, 10, 0)}}","['WR/TE', 'TE', 'RB/WR/TE', 'OP', 'BE', 'IR']",TE,,,2.0,2.0,2.0,2.0,,,,,,,,,,,,1.0,2.0,1.0,,,,,,,,,,,,,,,,,,,,,,,,,,,,,,,,,,,,,,,,,,,,,,,,,,,,,1.0,,,,,,,,,,,,,,,,,,,,,,,,,,,,,,,,,,,,,,,,,,,,,,,,,,,,,,,,,,,,,,,,,,,,,,,,,,,,,,,,,,,,,,,,,,,,,,,,,,,,,,,,,,,,,,,,,,,,,,,,,,,,,,,,,,,,,,,,,,,,,,,,,,,,,,,,,,,,,,,,,,,,,,,,2023,,,,,35.0,,,,,,,,,,,,,,,,,,,,,,,,,,,,,,,,
139.0,8.69,0.0,0.0,4.0,1.5,2.0,4.0,1.0,,,,,,,,,,,6.0,71.0,50.4375,8.0,156.0,74.0,33.0,26.0,8.0,8.0,106.0,242.0,11.36619718,,,,,,1.0,1.0,8.0,8.0,66.0,1.0,1.0,16.0,,,,,,,,,,,,,,,,,,,,,,,,,,,,,,,,,,,,,,,,,,,15.11764706,Jakobi Meyers,LV,DRAFT,21,3916433,8,Flying Eagles,BE,"{'1': {'team': 'DEN', 'date': datetime.datetime(2023, 9, 10, 13, 25)}, '2': {'team': 'BUF', 'date': datetime.datetime(2023, 9, 17, 10, 0)}, '3': {'team': 'PIT', 'date': datetime.datetime(2023, 9, 24, 17, 20)}, '4': {'team': 'LAC', 'date': datetime.datetime(2023, 10, 1, 13, 5)}, '5': {'team': 'GB', 'date': datetime.datetime(2023, 10, 9, 17, 15)}, '6': {'team': 'NE', 'date': datetime.datetime(2023, 10, 15, 13, 5)}, '7': {'team': 'CHI', 'date': datetime.datetime(2023, 10, 22, 10, 0)}, '8': {'team': 'DET', 'date': datetime.datetime(2023, 10, 30, 17, 15)}, '9': {'team': 'NYG', 'date': datetime.datetime(2023, 11, 5, 13, 25)}, '10': {'team': 'NYJ', 'date': datetime.datetime(2023, 11, 12, 17, 20)}, '11': {'team': 'MIA', 'date': datetime.datetime(2023, 11, 19, 10, 0)}, '12': {'team': 'KC', 'date': datetime.datetime(2023, 11, 26, 13, 25)}, '14': {'team': 'MIN', 'date': datetime.datetime(2023, 12, 10, 13, 5)}, '15': {'team': 'LAC', 'date': datetime.datetime(2023, 12, 14, 17, 15)}, '16': {'team': 'KC', 'date': datetime.datetime(2023, 12, 25, 10, 0)}, '17': {'team': 'IND', 'date': datetime.datetime(2023, 12, 31, 10, 0)}, '18': {'team': 'DEN', 'date': datetime.datetime(2024, 1, 7, 13, 25)}}","['RB/WR', 'WR', 'WR/TE', 'RB/WR/TE', 'OP', 'BE', 'IR']",BE,,,,,,,,,,,,,,,,,,,4.0,1.0,3.0,2.0,1.0,0.75,1.0,2.0,1.0,,,,,,,,,,,,,,0.66666667,,,1.0,,,,,,,,,,,,,,,,,,,,,,,,,,,,,2.0,,1.0,,,,,,,,,,,,,,,,,,,,,,,,,,,,,,,,,,,,,,,,,,,,,,,,,,,,,,,,,,,,,,,,,,,,,,,,,,,,,,,,,,,,,,,,,,,,,,,,,,,,,,,,,,,,,,,,,,,,,,,,,,,,,,,,,,,,,,,,,,,,,,,,,,,,,,,,,,,,,,,,,,,,,,2023,,,1.0,3.0,46.0,,,,,,,,,,,,,,,,,,,,,,,,,,,,,,,,
133.0,7.82,134.42,7.91,,,,,,,,,,,,,,,,,,,,,,,,,,,,,,,,,,,,7.0,10.0,123.0,,,17.0,,,,,,,,,,,,,,,,,,,,,,,,,,,,,,,,,,,,,,,,,,,17.0,Younghoe Koo,ATL,DRAFT,16,3049899,8,Flying Eagles,K,"{'1': {'team': 'CAR', 'date': datetime.datetime(2023, 9, 10, 10, 0)}, '2': {'team': 'GB', 'date': datetime.datetime(2023, 9, 17, 10, 0)}, '3': {'team': 'DET', 'date': datetime.datetime(2023, 9, 24, 10, 0)}, '4': {'team': 'JAX', 'date': datetime.datetime(2023, 10, 1, 6, 30)}, '5': {'team': 'HOU', 'date': datetime.datetime(2023, 10, 8, 10, 0)}, '6': {'team': 'WSH', 'date': datetime.datetime(2023, 10, 15, 10, 0)}, '7': {'team': 'TB', 'date': datetime.datetime(2023, 10, 22, 10, 0)}, '8': {'team': 'TEN', 'date': datetime.datetime(2023, 10, 29, 10, 0)}, '9': {'team': 'MIN', 'date': datetime.datetime(2023, 11, 5, 10, 0)}, '10': {'team': 'ARI', 'date': datetime.datetime(2023, 11, 12, 13, 5)}, '12': {'team': 'NO', 'date': datetime.datetime(2023, 11, 26, 10, 0)}, '13': {'team': 'NYJ', 'date': datetime.datetime(2023, 12, 3, 10, 0)}, '14': {'team': 'TB', 'date': datetime.datetime(2023, 12, 10, 10, 0)}, '15': {'team': 'CAR', 'date': datetime.datetime(2023, 12, 17, 10, 0)}, '16': {'team': 'IND', 'date': datetime.datetime(2023, 12, 24, 10, 0)}, '17': {'team': 'CHI', 'date': datetime.datetime(2023, 12, 31, 10, 0)}, '18': {'team': 'NO', 'date': datetime.datetime(2024, 1, 7, 10, 0)}}","['K', 'BE', 'IR']",K,,,,,,,,,,,,,,,,,,,,,,,,,,,,,,,,,,,,,,,,,,,,,,,,,,,,,,,,,,,,,,,,,,,,,,,,,,,,,,3.0,6.0,9.0,11.0,2.0,20.0,20.0,,32.0,37.0,5.0,27.0,28.0,1.0,3.0,6.0,4.351353747,6.094868206,1.743514459,8.246913969,9.725853521,1.478939552,16.43280211,16.59879001,0.1659879,29.03106982,32.41951174,3.388441911,33.76730175,34.45643036,0.689128607,4.351353747,6.094868206,1.743514459,,,,,,,,,,,,,,,,,,,,,,,,,,,,,,,,,,,,,,,,,,,,,,,,,,,,,,,,,,,,,,,,,,,,,,,,,,,,,,,,,,,,,,,3.0,3.0,,,,,,,,,,,,,,,,,,,,,,,,,,,,,,,,,,,,,,,,,,2023,,,,,,1162.0,290.0,1452.0,227.0,110.0,50.0,36.0,15.0,5.0,56.0,27.0,13.0,9.0,3.0,285.0,139.0,65.0,48.0,21.0,9.0,,1.0,1099.068294,165.6816976,1264.749992,234.9731024,94.14978079,329.1228831,,,,
263.0,17.53,0.0,0.0,39.0,11.13333333,3.0,29.0,13.0,4.0,1.0,,,2.0,,,,,,4.28205128,1.0,,,,,,,,,1.0,1.0,,2.0,8.0,1.0,4.0,9.0,,,9.0,6.0,158.0,3.0,,15.0,,,,,,,,,,,,,,,,,,,,,,,,,,,,,,,,,,,,,,,,,,,15.0,C.J. Stroud,HOU,ADD,9,4432577,8,Flying Eagles,QB,"{'1': {'team': 'BAL', 'date': datetime.datetime(2023, 9, 10, 10, 0)}, '2': {'team': 'IND', 'date': datetime.datetime(2023, 9, 17, 10, 0)}, '3': {'team': 'JAX', 'date': datetime.datetime(2023, 9, 24, 10, 0)}, '4': {'team': 'PIT', 'date': datetime.datetime(2023, 10, 1, 10, 0)}, '5': {'team': 'ATL', 'date': datetime.datetime(2023, 10, 8, 10, 0)}, '6': {'team': 'NO', 'date': datetime.datetime(2023, 10, 15, 10, 0)}, '8': {'team': 'CAR', 'date': datetime.datetime(2023, 10, 29, 10, 0)}, '9': {'team': 'TB', 'date': datetime.datetime(2023, 11, 5, 10, 0)}, '10': {'team': 'CIN', 'date': datetime.datetime(2023, 11, 12, 10, 0)}, '11': {'team': 'ARI', 'date': datetime.datetime(2023, 11, 19, 10, 0)}, '12': {'team': 'JAX', 'date': datetime.datetime(2023, 11, 26, 10, 0)}, '13': {'team': 'DEN', 'date': datetime.datetime(2023, 12, 3, 10, 0)}, '14': {'team': 'NYJ', 'date': datetime.datetime(2023, 12, 10, 10, 0)}, '15': {'team': 'TEN', 'date': datetime.datetime(2023, 12, 17, 10, 0)}, '16': {'team': 'CLE', 'date': datetime.datetime(2023, 12, 24, 10, 0)}, '17': {'team': 'TEN', 'date': datetime.datetime(2023, 12, 31, 10, 0)}, '18': {'team': 'IND', 'date': datetime.datetime(2024, 1, 6, 17, 15)}}","['Rookie', 'QB', 'OP', 'BE', 'IR']",QB,,,,,,,,,,,,,,,,,,,,,499.0,319.0,180.0,273.86666667,23.0,815.0,405.0,199.0,156.0,74.0,33.0,60.0,27.0,31.0,12.0,5.0,4.0,5.0,,5.0,0.63927856,38.0,6.0,10.0,5.0,3.0,,,,,,,,,,,,,,,,,,,,,,,,,,,,,,,,,,,,,,,,,,,,,,,,,,,,,,,,,,,,,,,,,,,,,,,,,,,,,,,,,,,,,,,,,,,,,,,,,,,,,,,,,,,,,,,,,,,,,,,,,,,,,,,,,,,,,,,,,,,,,,,,,,,,,,,3.0,,,,,1.0,,1.0,,,,,,,,,,,,,,,,,,,,,,,,,,,,,,,,,,,,,2023,,,187.0,18.0,,,,,,,,,,,,,,,,,,,,,,,,,,,,,,,,,
164.0,12.62,0.0,0.0,208.0,80.0,7.0,204.0,98.0,47.0,36.0,15.0,4.0,36.0,15.0,,,4.0,,5.0,27.0,12.69230769,2.0,29.0,12.0,5.0,4.0,2.0,2.0,33.0,211.0,6.11111111,,,,,,,,4.0,9.0,54.0,6.0,,13.0,,,,,,,,,,,,,,,,,,,,,,,,,,,,,,,,,,,,,,,,,,,13.23529412,James Conner,ARI,ADD,15,3045147,8,Flying Eagles,BE,"{'1': {'team': 'WSH', 'date': datetime.datetime(2023, 9, 10, 10, 0)}, '2': {'team': 'NYG', 'date': datetime.datetime(2023, 9, 17, 13, 5)}, '3': {'team': 'DAL', 'date': datetime.datetime(2023, 9, 24, 13, 25)}, '4': {'team': 'SF', 'date': datetime.datetime(2023, 10, 1, 13, 25)}, '5': {'team': 'CIN', 'date': datetime.datetime(2023, 10, 8, 13, 5)}, '6': {'team': 'LAR', 'date': datetime.datetime(2023, 10, 15, 13, 25)}, '7': {'team': 'SEA', 'date': datetime.datetime(2023, 10, 22, 13, 5)}, '8': {'team': 'BAL', 'date': datetime.datetime(2023, 10, 29, 13, 25)}, '9': {'team': 'CLE', 'date': datetime.datetime(2023, 11, 5, 10, 0)}, '10': {'team': 'ATL', 'date': datetime.datetime(2023, 11, 12, 13, 5)}, '11': {'team': 'HOU', 'date': datetime.datetime(2023, 11, 19, 10, 0)}, '12': {'team': 'LAR', 'date': datetime.datetime(2023, 11, 26, 13, 5)}, '13': {'team': 'PIT', 'date': datetime.datetime(2023, 12, 3, 10, 0)}, '15': {'team': 'SF', 'date': datetime.datetime(2023, 12, 17, 13, 5)}, '16': {'team': 'CHI', 'date': datetime.datetime(2023, 12, 24, 13, 25)}, '17': {'team': 'PHI', 'date': datetime.datetime(2023, 12, 31, 10, 0)}, '18': {'team': 'SEA', 'date': datetime.datetime(2024, 1, 7, 13, 25)}}","['RB', 'RB/WR', 'RB/WR/TE', 'OP', 'BE', 'IR']",BE,,,,,,,,,,,,,,,,,,,1.0,,,,,,,,,,,,,,,,,,,,,,,,,,,,,,,,,,,,,,,,,,,,,,,,,,,,,,1.0,,,1.0,,,,,,,,,,,,,,,,,,,,,,,,,,,,,,,,,,,,,,,,,,,,,,,,,,,,,,,,,,,,,,,,,,,,,,,,,,,,,,,,,,,,,,,,,,,,,,,,,,,,,,,,,,,,,,,,,,,,,,,,,,,,,,,,,,,,,,,,,,,,,,,,,,,,,,,,,,,,,,,,,,,,,2023,,,,57.0,11.0,,,,,,,,,,,,,,,,,,,,,,,,,,,,,,,,
105.0,6.18,0.0,0.0,,,,,,,,,,,,,,,,,,,,,,,,,,,,,,,,,,761.0,1202.0,7.0,10.0,,,,17.0,,,,,,,,,,,,,,,,,,,,,,,,,,,,,,,,,,,,,,,,,,,17.0,Vikings D/ST,MIN,ADD,15,-16016,8,Flying Eagles,D/ST,"{'1': {'team': 'TB', 'date': datetime.datetime(2023, 9, 10, 10, 0)}, '2': {'team': 'PHI', 'date': datetime.datetime(2023, 9, 14, 17, 15)}, '3': {'team': 'LAC', 'date': datetime.datetime(2023, 9, 24, 10, 0)}, '4': {'team': 'CAR', 'date': datetime.datetime(2023, 10, 1, 10, 0)}, '5': {'team': 'KC', 'date': datetime.datetime(2023, 10, 8, 13, 25)}, '6': {'team': 'CHI', 'date': datetime.datetime(2023, 10, 15, 10, 0)}, '7': {'team': 'SF', 'date': datetime.datetime(2023, 10, 23, 17, 15)}, '8': {'team': 'GB', 'date': datetime.datetime(2023, 10, 29, 10, 0)}, '9': {'team': 'ATL', 'date': datetime.datetime(2023, 11, 5, 10, 0)}, '10': {'team': 'NO', 'date': datetime.datetime(2023, 11, 12, 10, 0)}, '11': {'team': 'DEN', 'date': datetime.datetime(2023, 11, 19, 17, 20)}, '12': {'team': 'CHI', 'date': datetime.datetime(2023, 11, 27, 17, 15)}, '14': {'team': 'LV', 'date': datetime.datetime(2023, 12, 10, 13, 5)}, '15': {'team': 'CIN', 'date': datetime.datetime(2023, 12, 16, 10, 0)}, '16': {'team': 'DET', 'date': datetime.datetime(2023, 12, 24, 10, 0)}, '17': {'team': 'GB', 'date': datetime.datetime(2023, 12, 31, 17, 20)}, '18': {'team': 'DET', 'date': datetime.datetime(2024, 1, 7, 10, 0)}}","['D/ST', 'BE', 'IR']",D/ST,,,,,,,477.0,43.0,15.0,,,,,,,,,,,,,,,,,,,,,,,,,,,,,,,,,,,,,,,,,,,,,,,,,,,,,,,,,,,,,,,,,441.0,,,22.0,,,,,,,,,,,,,,,,,,,,,,,,,,,,,,,,,,,11.0,1.0,0.0,4.0,1.0,2.0,11.0,1.0,,43.0,86.0,,,,2.0,394.0,231.0,61.0,67.0,289.0,21.0,4.0,354.0,3.0,3.0,5.0,0.0,5664.0,0.0,0.0,7.0,3.0,4.0,1.0,2.0,0.0,0.0,1.0,0.0,4.0,1.0,3.0,3.0,5.0,0.0,,,,,,,,,,,,,,,,,,,,,,,,,,,,,,,,,,,,,,,,,,,,,,,2.0,,,,,,,,,,,,,,,,,,,,,,,,,,,,,,,,,,,,,,2023,,,,,,,,,,,,,,,,,,,,,,,,,,,,,,,,,,,,,
70.0,4.12,0.0,0.0,102.0,27.11764706,3.0,89.0,41.0,18.0,13.0,4.0,1.0,16.0,7.0,,,1.0,,4.51960784,21.0,9.35294118,,27.0,11.0,4.0,2.0,,,25.0,201.0,7.57142857,,,,,,1.0,3.0,7.0,10.0,18.0,3.0,,17.0,,,,,,,,,,,,,,,,,,,,,,,,,,,,,,,,,,,,,,,,,,,14.17647059,Ty Chandler,MIN,ADD,44,4242431,8,Flying Eagles,BE,"{'1': {'team': 'TB', 'date': datetime.datetime(2023, 9, 10, 10, 0)}, '2': {'team': 'PHI', 'date': datetime.datetime(2023, 9, 14, 17, 15)}, '3': {'team': 'LAC', 'date': datetime.datetime(2023, 9, 24, 10, 0)}, '4': {'team': 'CAR', 'date': datetime.datetime(2023, 10, 1, 10, 0)}, '5': {'team': 'KC', 'date': datetime.datetime(2023, 10, 8, 13, 25)}, '6': {'team': 'CHI', 'date': datetime.datetime(2023, 10, 15, 10, 0)}, '7': {'team': 'SF', 'date': datetime.datetime(2023, 10, 23, 17, 15)}, '8': {'team': 'GB', 'date': datetime.datetime(2023, 10, 29, 10, 0)}, '9': {'team': 'ATL', 'date': datetime.datetime(2023, 11, 5, 10, 0)}, '10': {'team': 'NO', 'date': datetime.datetime(2023, 11, 12, 10, 0)}, '11': {'team': 'DEN', 'date': datetime.datetime(2023, 11, 19, 17, 20)}, '12': {'team': 'CHI', 'date': datetime.datetime(2023, 11, 27, 17, 15)}, '14': {'team': 'LV', 'date': datetime.datetime(2023, 12, 10, 13, 5)}, '15': {'team': 'CIN', 'date': datetime.datetime(2023, 12, 16, 10, 0)}, '16': {'team': 'DET', 'date': datetime.datetime(2023, 12, 24, 10, 0)}, '17': {'team': 'GB', 'date': datetime.datetime(2023, 12, 31, 17, 20)}, '18': {'team': 'DET', 'date': datetime.datetime(2024, 1, 7, 10, 0)}}","['RB', 'RB/WR', 'RB/WR/TE', 'OP', 'BE', 'IR']",BE,,,,,,,97.0,8.0,3.0,,,,,,,,,,,,,,,,,,,,,,,,,,,,,,,,,,,,,,,,,,,,,,,,,,,,,,,,,,,,,,,,,2.0,,,,,,,,,,,,,,,,,,,,,,,,,,,,,,,,,,,,,,,,,,,,,,,,,,,,,,,,,,,,,,,,,,,,,,,,,,,,,,,,,,,,,,,,,,,,,,,,,,,,,,,,,,,,,,,,,,,,,,,,,,,,,,,,,,,,,,,,,,,,,,,,,,,,,,,,,,,,,,,,,,,,,,,2023,,,,20.0,8.0,,,,,,,,,,,,,,,,,,,,,,,,,,,,,,,,
138.0,15.33,0.0,0.0,27.0,14.11111111,3.0,23.0,10.0,4.0,2.0,,,1.0,,,,,,4.7037037,1.0,-0.77777778,,,,,,,,1.0,,-7.0,,3.0,,,7.0,,,4.0,5.0,90.0,3.0,,9.0,,,,,,,,,,,,,,,,,,,,,,,,,,,,,,,,,,,,,,,,,,,4.0,Jake Browning,CIN,ADD,27,3886812,8,Flying Eagles,BE,"{'1': {'team': 'CLE', 'date': datetime.datetime(2023, 9, 10, 10, 0)}, '2': {'team': 'BAL', 'date': datetime.datetime(2023, 9, 17, 10, 0)}, '3': {'team': 'LAR', 'date': datetime.datetime(2023, 9, 25, 17, 15)}, '4': {'team': 'TEN', 'date': datetime.datetime(2023, 10, 1, 10, 0)}, '5': {'team': 'ARI', 'date': datetime.datetime(2023, 10, 8, 13, 5)}, '6': {'team': 'SEA', 'date': datetime.datetime(2023, 10, 15, 10, 0)}, '8': {'team': 'SF', 'date': datetime.datetime(2023, 10, 29, 13, 25)}, '9': {'team': 'BUF', 'date': datetime.datetime(2023, 11, 5, 17, 20)}, '10': {'team': 'HOU', 'date': datetime.datetime(2023, 11, 12, 10, 0)}, '11': {'team': 'BAL', 'date': datetime.datetime(2023, 11, 16, 17, 15)}, '12': {'team': 'PIT', 'date': datetime.datetime(2023, 11, 26, 10, 0)}, '13': {'team': 'JAX', 'date': datetime.datetime(2023, 12, 4, 17, 15)}, '14': {'team': 'IND', 'date': datetime.datetime(2023, 12, 10, 10, 0)}, '15': {'team': 'MIN', 'date': datetime.datetime(2023, 12, 16, 10, 0)}, '16': {'team': 'PIT', 'date': datetime.datetime(2023, 12, 23, 13, 30)}, '17': {'team': 'KC', 'date': datetime.datetime(2023, 12, 31, 13, 25)}, '18': {'team': 'CLE', 'date': datetime.datetime(2024, 1, 7, 10, 0)}}","['QB', 'OP', 'BE', 'IR']",BE,,,,,,,,,,,,,,,,,,,,,243.0,171.0,72.0,215.11111111,12.0,384.0,189.0,92.0,74.0,35.0,15.0,29.0,11.0,11.0,3.0,3.0,3.0,3.0,1.0,7.0,0.7037037,24.0,3.0,5.0,3.0,1.0,,,,,,,,,,,,,,,,,,,,,,,,,,,,,,,,,,,,,,,,,,,,,,,,,,,,,,,,,,,,,,,,,,,,,,,,,,,,,,,,,,,,,,,,,,,,,,,,,,,,,,,,,,,,,,,,,,,,,,,,,,,,,,,,,,,,,,,,,,,,,,,,,,,,,,,,,,,,,,,,,,,,,,,,,,,,,,,,,,,,,,,,,,,,,,,,,,,2023,,,93.0,12.0,,,,,,,,,,,,,,,,,,,,,,,,,,,,,,,,,
65.0,7.22,,,,,,,,,,,,,,,,,,,,,,,,,,,,,,,,,,,,,,6.0,3.0,64.0,,,9.0,,,,,,,,,,,,,,,,,,,,,,,,,,,,,,,,,,,,,,,,,,,,Lucas Havrisik,CLE,ADD,32,4245661,8,Flying Eagles,BE,"{'1': {'team': 'CIN', 'date': datetime.datetime(2023, 9, 10, 10, 0)}, '2': {'team': 'PIT', 'date': datetime.datetime(2023, 9, 18, 17, 15)}, '3': {'team': 'TEN', 'date': datetime.datetime(2023, 9, 24, 10, 0)}, '4': {'team': 'BAL', 'date': datetime.datetime(2023, 10, 1, 10, 0)}, '6': {'team': 'SF', 'date': datetime.datetime(2023, 10, 15, 10, 0)}, '7': {'team': 'IND', 'date': datetime.datetime(2023, 10, 22, 10, 0)}, '8': {'team': 'SEA', 'date': datetime.datetime(2023, 10, 29, 13, 5)}, '9': {'team': 'ARI', 'date': datetime.datetime(2023, 11, 5, 10, 0)}, '10': {'team': 'BAL', 'date': datetime.datetime(2023, 11, 12, 10, 0)}, '11': {'team': 'PIT', 'date': datetime.datetime(2023, 11, 19, 10, 0)}, '12': {'team': 'DEN', 'date': datetime.datetime(2023, 11, 26, 13, 5)}, '13': {'team': 'LAR', 'date': datetime.datetime(2023, 12, 3, 13, 25)}, '14': {'team': 'JAX', 'date': datetime.datetime(2023, 12, 10, 10, 0)}, '15': {'team': 'CHI', 'date': datetime.datetime(2023, 12, 17, 10, 0)}, '16': {'team': 'HOU', 'date': datetime.datetime(2023, 12, 24, 10, 0)}, '17': {'team': 'NYJ', 'date': datetime.datetime(2023, 12, 28, 17, 15)}, '18': {'team': 'CIN', 'date': datetime.datetime(2024, 1, 7, 10, 0)}}","['K', 'BE', 'IR']",BE,,,,,,,,,,,,,,,,,,,,,,,,,,,,,,,,,,,,,,,,,,,,,,,,,,,,,,,,,,,,,,,,,,,,,,,,,,,,,,2.0,3.0,2.0,6.0,4.0,11.0,11.0,,15.0,20.0,5.0,19.0,22.0,3.0,2.0,3.0,,,,,,,,,,,,,,,,,,,,,,,,,,,,,,,,,,,,,,,,,,,,,,,,,,,,,,,,,,,,,,,,,,,,,,,,,,,,,,,,,,,,,,,,,,,,,,,,,,,,,,,,,1.0,1.0,,,,,,,,,,,,,,,,,,,,,,,,,,,,,,,,,,,,,,,,,,2023,,,,,,487.0,232.0,719.0,93.0,46.0,21.0,14.0,6.0,1.0,44.0,21.0,10.0,6.0,1.0,141.0,70.0,33.0,24.0,11.0,4.0,,,,,,,,,,,,
154.0,9.06,0.0,0.0,252.0,59.11764706,6.0,194.0,93.0,41.0,32.0,13.0,1.0,45.0,19.0,,,1.0,,3.98809524,55.0,18.29411765,,58.0,25.0,8.0,6.0,1.0,4.0,67.0,321.0,5.65454545,1.0,3.0,1.0,1.0,1.0,,,12.0,5.0,38.0,5.0,,17.0,,,,,,,,,,,,,,,,,,,,,,,,,,,,,,,,,,,,,,,,,,,14.17647059,Tony Pollard,TEN,DRAFT,20,3916148,9,Team Sprawl n Brawl,RB,"{'1': {'team': 'NO', 'date': datetime.datetime(2023, 9, 10, 10, 0)}, '2': {'team': 'LAC', 'date': datetime.datetime(2023, 9, 17, 10, 0)}, '3': {'team': 'CLE', 'date': datetime.datetime(2023, 9, 24, 10, 0)}, '4': {'team': 'CIN', 'date': datetime.datetime(2023, 10, 1, 10, 0)}, '5': {'team': 'IND', 'date': datetime.datetime(2023, 10, 8, 10, 0)}, '6': {'team': 'BAL', 'date': datetime.datetime(2023, 10, 15, 6, 30)}, '8': {'team': 'ATL', 'date': datetime.datetime(2023, 10, 29, 10, 0)}, '9': {'team': 'PIT', 'date': datetime.datetime(2023, 11, 2, 17, 15)}, '10': {'team': 'TB', 'date': datetime.datetime(2023, 11, 12, 10, 0)}, '11': {'team': 'JAX', 'date': datetime.datetime(2023, 11, 19, 10, 0)}, '12': {'team': 'CAR', 'date': datetime.datetime(2023, 11, 26, 10, 0)}, '13': {'team': 'IND', 'date': datetime.datetime(2023, 12, 3, 10, 0)}, '14': {'team': 'MIA', 'date': datetime.datetime(2023, 12, 11, 17, 15)}, '15': {'team': 'HOU', 'date': datetime.datetime(2023, 12, 17, 10, 0)}, '16': {'team': 'SEA', 'date': datetime.datetime(2023, 12, 24, 10, 0)}, '17': {'team': 'HOU', 'date': datetime.datetime(2023, 12, 31, 10, 0)}, '18': {'team': 'JAX', 'date': datetime.datetime(2024, 1, 7, 10, 0)}}","['RB', 'RB/WR', 'RB/WR/TE', 'OP', 'BE', 'IR']",RB,,,,,2.0,,,,,,,,,,,,,,,,,,,,,,,,,,,,,,,,,,,,,,,,,,,,,,,,,,,,,,,,,,,,,,,,,,,,,,,1.0,,,,,,,,,,,,,,,,,,,,,,,,,,,,,,,,,,,,,,,,,,,,,,,,,,,,,,,,,,,,,,,,,,,,,,,,,,,,,,,,,,,,,,,,,,,,,,,,,,,,,,,,,,,,,,,,,,,,,,,,,,,,,,1.0,,,,,,,,,,,,,,,,,,,,,,,,,,,,,,,,,,,,,,,2023,,,,56.0,12.0,,,,,,,,,,,,,,,,,,,,,,,,,,,,,,,,
267.0,16.69,0.0,0.0,75.0,24.3125,,73.0,33.0,14.0,11.0,2.0,,9.0,1.0,,,,,5.18666667,,,,,,,,,,,,,1.0,5.0,,3.0,17.0,1.0,1.0,10.0,6.0,162.0,,,16.0,,,,,,,,,,,,,,,,,,,,,,,,,,,,,,,,,,,,,,,,,,,15.0,Patrick Mahomes,KC,DRAFT,8,3139477,9,Team Sprawl n Brawl,QB,"{'1': {'team': 'DET', 'date': datetime.datetime(2023, 9, 7, 17, 20)}, '2': {'team': 'JAX', 'date': datetime.datetime(2023, 9, 17, 10, 0)}, '3': {'team': 'CHI', 'date': datetime.datetime(2023, 9, 24, 13, 25)}, '4': {'team': 'NYJ', 'date': datetime.datetime(2023, 10, 1, 17, 20)}, '5': {'team': 'MIN', 'date': datetime.datetime(2023, 10, 8, 13, 25)}, '6': {'team': 'DEN', 'date': datetime.datetime(2023, 10, 12, 17, 15)}, '7': {'team': 'LAC', 'date': datetime.datetime(2023, 10, 22, 13, 25)}, '8': {'team': 'DEN', 'date': datetime.datetime(2023, 10, 29, 13, 25)}, '9': {'team': 'MIA', 'date': datetime.datetime(2023, 11, 5, 6, 30)}, '11': {'team': 'PHI', 'date': datetime.datetime(2023, 11, 20, 17, 15)}, '12': {'team': 'LV', 'date': datetime.datetime(2023, 11, 26, 13, 25)}, '13': {'team': 'GB', 'date': datetime.datetime(2023, 12, 3, 17, 20)}, '14': {'team': 'BUF', 'date': datetime.datetime(2023, 12, 10, 13, 25)}, '15': {'team': 'NE', 'date': datetime.datetime(2023, 12, 17, 10, 0)}, '16': {'team': 'LV', 'date': datetime.datetime(2023, 12, 25, 10, 0)}, '17': {'team': 'CIN', 'date': datetime.datetime(2023, 12, 31, 13, 25)}, '18': {'team': 'LAC', 'date': datetime.datetime(2024, 1, 7, 13, 25)}}","['QB', 'OP', 'BE', 'IR']",QB,,,,,,,,,,,,,,,,,,,,,597.0,401.0,196.0,261.4375,27.0,833.0,412.0,203.0,160.0,76.0,35.0,74.0,34.0,33.0,13.0,1.0,,3.0,,14.0,0.67169179,27.0,4.0,22.0,2.0,,2.0,,,,,,,,,,,,,,,,,,,,,,,,,,,,,,,,,,,,,,,,,,,,,,,,,,,,,,,,,,,,,,,,,,,,,,,,,,,,,,,,,,,,,,,,,,,,,,,,,,,,,,,,,,,,,,,,,,,,,,,,,,,,,,,,,,,,,,,,,,,,,,,,,,,,,,3.0,,,,,,,1.0,,,,,,,,,,,,,,,,,,,,,,,,,,,,,,,,,,,,,2023,,,206.0,27.0,,,,,,,,,,,,,,,,,,,,,,,,,,,,,,,,,
147.0,8.65,0.0,0.0,9.0,1.35294118,,6.0,2.0,,,,,,,,,,,2.55555556,76.0,59.76470588,8.0,197.0,95.0,44.0,34.0,12.0,8.0,136.0,194.0,13.36842105,,1.0,,,,1.0,1.0,9.0,8.0,50.0,,1.0,17.0,,,,,,,,,,,,,,,,,,,,,,,,,,,,,,,,,,,,,,,,,,,15.11764706,Calvin Ridley,TEN,DRAFT,16,3925357,9,Team Sprawl n Brawl,WR,"{'1': {'team': 'NO', 'date': datetime.datetime(2023, 9, 10, 10, 0)}, '2': {'team': 'LAC', 'date': datetime.datetime(2023, 9, 17, 10, 0)}, '3': {'team': 'CLE', 'date': datetime.datetime(2023, 9, 24, 10, 0)}, '4': {'team': 'CIN', 'date': datetime.datetime(2023, 10, 1, 10, 0)}, '5': {'team': 'IND', 'date': datetime.datetime(2023, 10, 8, 10, 0)}, '6': {'team': 'BAL', 'date': datetime.datetime(2023, 10, 15, 6, 30)}, '8': {'team': 'ATL', 'date': datetime.datetime(2023, 10, 29, 10, 0)}, '9': {'team': 'PIT', 'date': datetime.datetime(2023, 11, 2, 17, 15)}, '10': {'team': 'TB', 'date': datetime.datetime(2023, 11, 12, 10, 0)}, '11': {'team': 'JAX', 'date': datetime.datetime(2023, 11, 19, 10, 0)}, '12': {'team': 'CAR', 'date': datetime.datetime(2023, 11, 26, 10, 0)}, '13': {'team': 'IND', 'date': datetime.datetime(2023, 12, 3, 10, 0)}, '14': {'team': 'MIA', 'date': datetime.datetime(2023, 12, 11, 17, 15)}, '15': {'team': 'HOU', 'date': datetime.datetime(2023, 12, 17, 10, 0)}, '16': {'team': 'SEA', 'date': datetime.datetime(2023, 12, 24, 10, 0)}, '17': {'team': 'HOU', 'date': datetime.datetime(2023, 12, 31, 10, 0)}, '18': {'team': 'JAX', 'date': datetime.datetime(2024, 1, 7, 10, 0)}}","['RB/WR', 'WR', 'WR/TE', 'RB/WR/TE', 'OP', 'BE', 'IR']",WR,1.0,1.0,4.0,4.0,1.0,,,,,,,,,,,,,,4.0,1.0,,,,,,,,,,,,,,,,,,,,,,,,,,,,,,,,,,,,,,,,,,,,,,,,,,,1.0,,1.0,,,,,,,,,,,,,,,,,,,,,,,,,,,,,,,,,,,,,,,,,,,,,,,,,,,,,,,,,,,,,,,,,,,,,,,,,,,,,,,,,,,,,,,,,,,,,,,,,,,,,,,,,,,,,,,,,,,,,,,,,,,,,,,,,,,,,,,,,,,,,,,,,,,,,,,,,,,,,,,,,,,,,,,,2023,,,,3.0,49.0,,,,,,,,,,,,,,,,,,,,,,,,,,,,,,,,
96.0,8.73,0.0,0.0,142.0,59.63636364,2.0,127.0,61.0,27.0,21.0,8.0,3.0,24.0,10.0,,,3.0,,4.61971831,30.0,21.18181818,1.0,44.0,19.0,7.0,5.0,1.0,1.0,43.0,271.0,7.76666667,1.0,2.0,1.0,1.0,1.0,,,6.0,5.0,18.0,2.0,1.0,11.0,,,,,,,,,,,,,,,,,,,,,,,,,,,,,,,,,,,,,,,,,,,14.17647059,Aaron Jones,MIN,DRAFT,36,3042519,9,Team Sprawl n Brawl,BE,"{'1': {'team': 'TB', 'date': datetime.datetime(2023, 9, 10, 10, 0)}, '2': {'team': 'PHI', 'date': datetime.datetime(2023, 9, 14, 17, 15)}, '3': {'team': 'LAC', 'date': datetime.datetime(2023, 9, 24, 10, 0)}, '4': {'team': 'CAR', 'date': datetime.datetime(2023, 10, 1, 10, 0)}, '5': {'team': 'KC', 'date': datetime.datetime(2023, 10, 8, 13, 25)}, '6': {'team': 'CHI', 'date': datetime.datetime(2023, 10, 15, 10, 0)}, '7': {'team': 'SF', 'date': datetime.datetime(2023, 10, 23, 17, 15)}, '8': {'team': 'GB', 'date': datetime.datetime(2023, 10, 29, 10, 0)}, '9': {'team': 'ATL', 'date': datetime.datetime(2023, 11, 5, 10, 0)}, '10': {'team': 'NO', 'date': datetime.datetime(2023, 11, 12, 10, 0)}, '11': {'team': 'DEN', 'date': datetime.datetime(2023, 11, 19, 17, 20)}, '12': {'team': 'CHI', 'date': datetime.datetime(2023, 11, 27, 17, 15)}, '14': {'team': 'LV', 'date': datetime.datetime(2023, 12, 10, 13, 5)}, '15': {'team': 'CIN', 'date': datetime.datetime(2023, 12, 16, 10, 0)}, '16': {'team': 'DET', 'date': datetime.datetime(2023, 12, 24, 10, 0)}, '17': {'team': 'GB', 'date': datetime.datetime(2023, 12, 31, 17, 20)}, '18': {'team': 'DET', 'date': datetime.datetime(2024, 1, 7, 10, 0)}}","['RB', 'RB/WR', 'RB/WR/TE', 'OP', 'BE', 'IR']",BE,,,,,1.0,,,,,,,,,,,,,,,,,,,,,,,,,,,,,,,,,,,,,,,,,,,,,,,,,,,,,,,,,,,,,,,,,,,,,,,,,,,,,,,,,,,,,,,,,,,,,,,,,,,,,,,,,,,,,,,,,,,,,,,,,,,,,,,,,,,,,,,,,,,,,,,,,,,,,,,,,,,,,,,,,,,,,,,,,,,,,,,,,,,,,,,,,,,,,,,,,,,,,,,,,,,,,,,,,,,,,,,,,,,,,,,,,,,,,,,,,,,,2023,,,,34.0,13.0,,,,,,,,,,,,,,,,,,,,,,,,,,,,,,,,
70.0,7.0,0.0,0.0,4.0,1.1,,3.0,1.0,,,,,,,,,,,2.75,28.0,42.2,5.0,81.0,39.0,17.0,12.0,3.0,2.0,53.0,105.0,15.07142857,,,,,,1.0,1.0,4.0,6.0,30.0,,,10.0,,,,,,,,,,,,,,,,,,,,,,,,,,,,,,,,,,,,,,,,,,,15.11764706,Christian Watson,GB,DRAFT,56,4248528,9,Team Sprawl n Brawl,WR,"{'1': {'team': 'CHI', 'date': datetime.datetime(2023, 9, 10, 13, 25)}, '2': {'team': 'ATL', 'date': datetime.datetime(2023, 9, 17, 10, 0)}, '3': {'team': 'NO', 'date': datetime.datetime(2023, 9, 24, 10, 0)}, '4': {'team': 'DET', 'date': datetime.datetime(2023, 9, 28, 17, 15)}, '5': {'team': 'LV', 'date': datetime.datetime(2023, 10, 9, 17, 15)}, '7': {'team': 'DEN', 'date': datetime.datetime(2023, 10, 22, 13, 25)}, '8': {'team': 'MIN', 'date': datetime.datetime(2023, 10, 29, 10, 0)}, '9': {'team': 'LAR', 'date': datetime.datetime(2023, 11, 5, 10, 0)}, '10': {'team': 'PIT', 'date': datetime.datetime(2023, 11, 12, 10, 0)}, '11': {'team': 'LAC', 'date': datetime.datetime(2023, 11, 19, 10, 0)}, '12': {'team': 'DET', 'date': datetime.datetime(2023, 11, 23, 9, 30)}, '13': {'team': 'KC', 'date': datetime.datetime(2023, 12, 3, 17, 20)}, '14': {'team': 'NYG', 'date': datetime.datetime(2023, 12, 11, 17, 15)}, '15': {'team': 'TB', 'date': datetime.datetime(2023, 12, 17, 10, 0)}, '16': {'team': 'CAR', 'date': datetime.datetime(2023, 12, 24, 10, 0)}, '17': {'team': 'MIN', 'date': datetime.datetime(2023, 12, 31, 17, 20)}, '18': {'team': 'CHI', 'date': datetime.datetime(2024, 1, 7, 13, 25)}}","['RB/WR', 'WR', 'WR/TE', 'RB/WR/TE', 'OP', 'BE', 'IR']",WR,,,,,,,,,,,,,,,,,,,2.0,,,,,,,,,,,,,,,,,,,,,,,,,,,,,,,,,,,,,,,,,,,,,,,,,,,,,,3.0,,,,,,,,,,,,,,,,,,,,,,,,,,,,,,,,,,,,,,,,,,,,,,,,,,,,,,,,,,,,,,,,,,,,,,,,,,,,,,,,,,,,,,,,,,,,,,,,,,,,,,,,,,,,,,,,,,,,,,,,,,,,,,,,,,,,,,,,,,,,,,,,,,,,,,,,,,,,,,,,,,,,,,,,2023,,,,1.0,20.0,,,,,,,,,,,,,,,,,,,,,,,,,,,,,,,,
82.0,5.12,0.0,0.0,,,,,,,,,,,,,,,,,54.0,47.375,2.0,145.0,70.0,29.0,25.0,10.0,4.0,87.0,323.0,14.03703704,,,,,,1.0,1.0,8.0,8.0,12.0,,,16.0,,,,,,,,,,,,,,,,,,,,,,,,,,,,,,,,,,,,,,,,,,,15.11764706,Jerry Jeudy,CLE,DRAFT,49,4241463,9,Team Sprawl n Brawl,BE,"{'1': {'team': 'CIN', 'date': datetime.datetime(2023, 9, 10, 10, 0)}, '2': {'team': 'PIT', 'date': datetime.datetime(2023, 9, 18, 17, 15)}, '3': {'team': 'TEN', 'date': datetime.datetime(2023, 9, 24, 10, 0)}, '4': {'team': 'BAL', 'date': datetime.datetime(2023, 10, 1, 10, 0)}, '6': {'team': 'SF', 'date': datetime.datetime(2023, 10, 15, 10, 0)}, '7': {'team': 'IND', 'date': datetime.datetime(2023, 10, 22, 10, 0)}, '8': {'team': 'SEA', 'date': datetime.datetime(2023, 10, 29, 13, 5)}, '9': {'team': 'ARI', 'date': datetime.datetime(2023, 11, 5, 10, 0)}, '10': {'team': 'BAL', 'date': datetime.datetime(2023, 11, 12, 10, 0)}, '11': {'team': 'PIT', 'date': datetime.datetime(2023, 11, 19, 10, 0)}, '12': {'team': 'DEN', 'date': datetime.datetime(2023, 11, 26, 13, 5)}, '13': {'team': 'LAR', 'date': datetime.datetime(2023, 12, 3, 13, 25)}, '14': {'team': 'JAX', 'date': datetime.datetime(2023, 12, 10, 10, 0)}, '15': {'team': 'CHI', 'date': datetime.datetime(2023, 12, 17, 10, 0)}, '16': {'team': 'HOU', 'date': datetime.datetime(2023, 12, 24, 10, 0)}, '17': {'team': 'NYJ', 'date': datetime.datetime(2023, 12, 28, 17, 15)}, '18': {'team': 'CIN', 'date': datetime.datetime(2024, 1, 7, 10, 0)}}","['RB/WR', 'WR', 'WR/TE', 'RB/WR/TE', 'OP', 'BE', 'IR']",BE,,,,,1.0,,,,,,,,,,,,,,,1.0,,,,,,,,,,,,,,,,,,,,,,,,,,,,,,,,,,,,,,,,,,,,,,,,,,,,,1.0,,,,,,,,,,,,,,,,,,,,,,,,,,,,,,,,,,,,,,,,,,,,,,,,,,,,,,,,,,,,,,,,,,,,,,,,,,,,,,,,,,,,,,,,,,,,,,,,,,,,,,,,,,,,,,,,,,,,,,,,,,,,,,,,,,,,,,,,,,,,,,,,,,,,,,,,,,,,,,,,,,,,,,,,2023,,,,,28.0,,,,,,,,,,,,,,,,,,,,,,,,,,,,,,,,
117.0,6.88,0.0,0.0,4.0,2.23529412,1.0,5.0,2.0,,,,,,,,,,,9.5,83.0,60.23529412,2.0,198.0,95.0,41.0,36.0,15.0,12.0,130.0,385.0,12.3373494,,,,,,1.0,2.0,9.0,8.0,20.0,,,17.0,,,,,,,,,,,,,,,,,,,,,,,,,,,,,,,,,,,,,,,,,,,15.11764706,Chris Godwin,TB,DRAFT,34,3116165,9,Team Sprawl n Brawl,BE,"{'1': {'team': 'MIN', 'date': datetime.datetime(2023, 9, 10, 10, 0)}, '2': {'team': 'CHI', 'date': datetime.datetime(2023, 9, 17, 10, 0)}, '3': {'team': 'PHI', 'date': datetime.datetime(2023, 9, 25, 16, 15)}, '4': {'team': 'NO', 'date': datetime.datetime(2023, 10, 1, 10, 0)}, '6': {'team': 'DET', 'date': datetime.datetime(2023, 10, 15, 13, 25)}, '7': {'team': 'ATL', 'date': datetime.datetime(2023, 10, 22, 10, 0)}, '8': {'team': 'BUF', 'date': datetime.datetime(2023, 10, 26, 17, 15)}, '9': {'team': 'HOU', 'date': datetime.datetime(2023, 11, 5, 10, 0)}, '10': {'team': 'TEN', 'date': datetime.datetime(2023, 11, 12, 10, 0)}, '11': {'team': 'SF', 'date': datetime.datetime(2023, 11, 19, 13, 5)}, '12': {'team': 'IND', 'date': datetime.datetime(2023, 11, 26, 10, 0)}, '13': {'team': 'CAR', 'date': datetime.datetime(2023, 12, 3, 13, 5)}, '14': {'team': 'ATL', 'date': datetime.datetime(2023, 12, 10, 10, 0)}, '15': {'team': 'GB', 'date': datetime.datetime(2023, 12, 17, 10, 0)}, '16': {'team': 'JAX', 'date': datetime.datetime(2023, 12, 24, 13, 5)}, '17': {'team': 'NO', 'date': datetime.datetime(2023, 12, 31, 10, 0)}, '18': {'team': 'CAR', 'date': datetime.datetime(2024, 1, 7, 10, 0)}}","['RB/WR', 'WR', 'WR/TE', 'RB/WR/TE', 'OP', 'BE', 'IR']",BE,1.0,,2.0,2.0,,,,,,,,,,,,,,1.0,1.0,,1.0,,1.0,,,,,,,,,,,,,,,,,,,,,,,,,,,,,,,,,,,,,,,,,,,,,,,,1.0,,,1.0,1.0,,,,,,,,,,,,,,,,,,,,,,,,,,,,,,,,,,,,,,,,,,,,,,,,,,,,,,,,,,,,,,,,,,,,,,,,,,,,,,,,,,,,,,,,,,,,,,,,,,,,,,,,,,,,,,,,,,,,,,,,,,,,,,,,,,,,,,,,,,,,,,,,,,,,,,,,,,,,,,,,,,,,,,2023,,,,3.0,53.0,,,,,,,,,,,,,,,,,,,,,,,,,,,,,,,,
106.0,6.24,0.0,0.0,,,,,,,,,,,,,,,,,114.0,56.64705882,4.0,185.0,86.0,40.0,30.0,9.0,17.0,143.0,516.0,8.44736842,,3.0,,2.0,2.0,3.0,3.0,9.0,8.0,24.0,,,17.0,,,,,,,,,,,,,,,,,,,,,,,,,,,,,,,,,,,,,,,,,,,15.11764706,Evan Engram,JAX,DRAFT,6,3051876,9,Team Sprawl n Brawl,TE,"{'1': {'team': 'IND', 'date': datetime.datetime(2023, 9, 10, 10, 0)}, '2': {'team': 'KC', 'date': datetime.datetime(2023, 9, 17, 10, 0)}, '3': {'team': 'HOU', 'date': datetime.datetime(2023, 9, 24, 10, 0)}, '4': {'team': 'ATL', 'date': datetime.datetime(2023, 10, 1, 6, 30)}, '5': {'team': 'BUF', 'date': datetime.datetime(2023, 10, 8, 6, 30)}, '6': {'team': 'IND', 'date': datetime.datetime(2023, 10, 15, 10, 0)}, '7': {'team': 'NO', 'date': datetime.datetime(2023, 10, 19, 17, 15)}, '8': {'team': 'PIT', 'date': datetime.datetime(2023, 10, 29, 10, 0)}, '10': {'team': 'SF', 'date': datetime.datetime(2023, 11, 12, 10, 0)}, '11': {'team': 'TEN', 'date': datetime.datetime(2023, 11, 19, 10, 0)}, '12': {'team': 'HOU', 'date': datetime.datetime(2023, 11, 26, 10, 0)}, '13': {'team': 'CIN', 'date': datetime.datetime(2023, 12, 4, 17, 15)}, '14': {'team': 'CLE', 'date': datetime.datetime(2023, 12, 10, 10, 0)}, '15': {'team': 'BAL', 'date': datetime.datetime(2023, 12, 17, 17, 20)}, '16': {'team': 'TB', 'date': datetime.datetime(2023, 12, 24, 13, 5)}, '17': {'team': 'CAR', 'date': datetime.datetime(2023, 12, 31, 10, 0)}, '18': {'team': 'TEN', 'date': datetime.datetime(2024, 1, 7, 10, 0)}}","['WR/TE', 'TE', 'RB/WR/TE', 'OP', 'BE', 'IR']",TE,,,,,3.0,2.0,,,,,,,,,,,,4.0,1.0,1.0,,,,,,,,,,,,,,,,,,,,,,,,,,,,,,,,,,,,,,,,,,,,,,,,,,,,,2.0,,,,,,,,,,,,,,,,,,,,,,,,,,,,,,,,,,,,,,,,,,,,,,,,,,,,,,,,,,,,,,,,,,,,,,,,,,,,,,,,,,,,,,,,,,,,,,,,,,,,,,,,,,,,,,,,,,,,,,,,,,,,,,,,,,,,,,,,,,,,,,,,,,,,,,,,,,,,,,,,,,,,,,,,2023,,,,,47.0,,,,,,,,,,,,,,,,,,,,,,,,,,,,,,,,
129.0,7.59,0.0,0.0,,,,,,,,,,,,,,,,,,,,,,,,,,,,,,,,,,711.0,1088.0,11.0,6.0,,,,17.0,,,,,,,,,,,,,,,,,,,,,,,,,,,,,,,,,,,,,,,,,,,17.0,Dolphins D/ST,MIA,DRAFT,8,-16015,9,Team Sprawl n Brawl,D/ST,"{'1': {'team': 'LAC', 'date': datetime.datetime(2023, 9, 10, 13, 25)}, '2': {'team': 'NE', 'date': datetime.datetime(2023, 9, 17, 17, 20)}, '3': {'team': 'DEN', 'date': datetime.datetime(2023, 9, 24, 10, 0)}, '4': {'team': 'BUF', 'date': datetime.datetime(2023, 10, 1, 10, 0)}, '5': {'team': 'NYG', 'date': datetime.datetime(2023, 10, 8, 10, 0)}, '6': {'team': 'CAR', 'date': datetime.datetime(2023, 10, 15, 10, 0)}, '7': {'team': 'PHI', 'date': datetime.datetime(2023, 10, 22, 17, 20)}, '8': {'team': 'NE', 'date': datetime.datetime(2023, 10, 29, 10, 0)}, '9': {'team': 'KC', 'date': datetime.datetime(2023, 11, 5, 6, 30)}, '11': {'team': 'LV', 'date': datetime.datetime(2023, 11, 19, 10, 0)}, '12': {'team': 'NYJ', 'date': datetime.datetime(2023, 11, 24, 12, 0)}, '13': {'team': 'WSH', 'date': datetime.datetime(2023, 12, 3, 10, 0)}, '14': {'team': 'TEN', 'date': datetime.datetime(2023, 12, 11, 17, 15)}, '15': {'team': 'NYJ', 'date': datetime.datetime(2023, 12, 17, 10, 0)}, '16': {'team': 'DAL', 'date': datetime.datetime(2023, 12, 24, 13, 25)}, '17': {'team': 'BAL', 'date': datetime.datetime(2023, 12, 31, 10, 0)}, '18': {'team': 'BUF', 'date': datetime.datetime(2024, 1, 7, 17, 20)}}","['D/ST', 'BE', 'IR']",D/ST,,,,,,,441.0,41.0,14.0,,,,,,,,,,,,,,,,,,,,,,,,,,,,,,,,,,,,,,,,,,,,,,,,,,,,,,,,,,,,,,,,,377.0,,,13.0,,,,,,,,,,,,,,,,,,,,,,,,,,,,,,,,,,,12.0,1.0,0.0,3.0,5.0,4.0,15.0,,,56.0,112.0,,,4.0,4.0,359.0,210.0,57.0,81.0,265.0,22.0,7.0,367.0,3.0,0.0,3.0,0.0,5411.0,0.0,2.0,7.0,1.0,2.0,3.0,2.0,0.0,0.0,1.0,0.0,3.0,5.0,3.0,0.0,3.0,0.0,,,,,,,,,,,,,,,,,,,,,,,,,,,,,,,,,,,,,,,,,,,,,,,,,2.0,2.0,,,,,,,,,,,,,,,,,,,,,,,,,,,,,,,,,,,2023,,,,,,,,,,,,,,,,,,,,,,,,,,,,,,,,,,,,,
132.0,9.43,0.0,0.0,183.0,56.71428571,5.0,155.0,74.0,34.0,26.0,11.0,2.0,30.0,11.0,1.0,1.0,2.0,,4.33879781,27.0,13.71428571,2.0,35.0,14.0,5.0,3.0,,1.0,37.0,189.0,7.11111111,,,,,,,,8.0,6.0,44.0,3.0,,14.0,,,,,,,,,,,,,,,,,,,,,,,,,,,,,,,,,,,,,,,,,,,14.17647059,Zack Moss,CIN,ADD,26,4035676,9,Team Sprawl n Brawl,RB,"{'1': {'team': 'CLE', 'date': datetime.datetime(2023, 9, 10, 10, 0)}, '2': {'team': 'BAL', 'date': datetime.datetime(2023, 9, 17, 10, 0)}, '3': {'team': 'LAR', 'date': datetime.datetime(2023, 9, 25, 17, 15)}, '4': {'team': 'TEN', 'date': datetime.datetime(2023, 10, 1, 10, 0)}, '5': {'team': 'ARI', 'date': datetime.datetime(2023, 10, 8, 13, 5)}, '6': {'team': 'SEA', 'date': datetime.datetime(2023, 10, 15, 10, 0)}, '8': {'team': 'SF', 'date': datetime.datetime(2023, 10, 29, 13, 25)}, '9': {'team': 'BUF', 'date': datetime.datetime(2023, 11, 5, 17, 20)}, '10': {'team': 'HOU', 'date': datetime.datetime(2023, 11, 12, 10, 0)}, '11': {'team': 'BAL', 'date': datetime.datetime(2023, 11, 16, 17, 15)}, '12': {'team': 'PIT', 'date': datetime.datetime(2023, 11, 26, 10, 0)}, '13': {'team': 'JAX', 'date': datetime.datetime(2023, 12, 4, 17, 15)}, '14': {'team': 'IND', 'date': datetime.datetime(2023, 12, 10, 10, 0)}, '15': {'team': 'MIN', 'date': datetime.datetime(2023, 12, 16, 10, 0)}, '16': {'team': 'PIT', 'date': datetime.datetime(2023, 12, 23, 13, 30)}, '17': {'team': 'KC', 'date': datetime.datetime(2023, 12, 31, 13, 25)}, '18': {'team': 'CLE', 'date': datetime.datetime(2024, 1, 7, 10, 0)}}","['RB', 'RB/WR', 'RB/WR/TE', 'OP', 'BE', 'IR']",RB,,,,,,,,,,,,,,,,,,,,,,,,,,,,,,,,,,,,,,,,,,,,,,,,,,,,,,,,,,,,,,,,,,,,,,,1.0,,2.0,,1.0,,,,,,,,,,,,,,,,,,,,,,,,,,,,,,,,,,,,,,,,,,,,,,,,,,,,,,,,,,,,,,,,,,,,,,,,,,,,,,,,,,,,,,,,,,,,,,,,,,,,,,,,,,,,,,,,,,,,,,,,,,,,,,,,,,,,,,,,,,,,,,,,,,,,,,,,,,,,,,,,,,,,,,2023,,,,43.0,10.0,,,,,,,,,,,,,,,,,,,,,,,,,,,,,,,,
119.0,7.0,0.0,0.0,149.0,46.11764706,4.0,149.0,70.0,32.0,24.0,7.0,2.0,22.0,5.0,1.0,1.0,2.0,,5.26174497,61.0,21.76470588,,68.0,29.0,11.0,8.0,1.0,5.0,74.0,486.0,6.06557377,3.0,4.0,1.0,2.0,2.0,,,10.0,7.0,24.0,,,17.0,,,,,,,,,,,,,,,,,,,,,,,,,,,,,,,,,,,,,,,,,,,14.17647059,Jaylen Warren,PIT,ADD,31,4569987,9,Team Sprawl n Brawl,BE,"{'1': {'team': 'SF', 'date': datetime.datetime(2023, 9, 10, 10, 0)}, '2': {'team': 'CLE', 'date': datetime.datetime(2023, 9, 18, 17, 15)}, '3': {'team': 'LV', 'date': datetime.datetime(2023, 9, 24, 17, 20)}, '4': {'team': 'HOU', 'date': datetime.datetime(2023, 10, 1, 10, 0)}, '5': {'team': 'BAL', 'date': datetime.datetime(2023, 10, 8, 10, 0)}, '7': {'team': 'LAR', 'date': datetime.datetime(2023, 10, 22, 13, 5)}, '8': {'team': 'JAX', 'date': datetime.datetime(2023, 10, 29, 10, 0)}, '9': {'team': 'TEN', 'date': datetime.datetime(2023, 11, 2, 17, 15)}, '10': {'team': 'GB', 'date': datetime.datetime(2023, 11, 12, 10, 0)}, '11': {'team': 'CLE', 'date': datetime.datetime(2023, 11, 19, 10, 0)}, '12': {'team': 'CIN', 'date': datetime.datetime(2023, 11, 26, 10, 0)}, '13': {'team': 'ARI', 'date': datetime.datetime(2023, 12, 3, 10, 0)}, '14': {'team': 'NE', 'date': datetime.datetime(2023, 12, 7, 17, 15)}, '15': {'team': 'IND', 'date': datetime.datetime(2023, 12, 16, 13, 30)}, '16': {'team': 'CIN', 'date': datetime.datetime(2023, 12, 23, 13, 30)}, '17': {'team': 'SEA', 'date': datetime.datetime(2023, 12, 31, 13, 5)}, '18': {'team': 'BAL', 'date': datetime.datetime(2024, 1, 6, 13, 30)}}","['RB', 'RB/WR', 'RB/WR/TE', 'OP', 'BE', 'IR']",BE,,,,,1.0,1.0,,,,,,,,,,,,,,,,,,,,,,,,,,,,,,,,,,,,,,,,,,,,,,,,,,,,,,,,,,,,,,,,,,,,,3.0,,,,,,,,,,,,,,,,,,,,,,,,,,,,,,,,,,,,,,,,,,,,,,,,,,,,,,,,,,,,,,,,,,,,,,,,,,,,,,,,,,,,,,,,,,,,,,,,,,,,,,,,,,,,,,,,,,,,,,,,,,,,,,,,,,,,,,,,,,,,,,,,,,,,,,,,,,,,,,,,,,,,,,2023,,,,36.0,19.0,,,,,,,,,,,,,,,,,,,,,,,,,,,,,,,,
179.0,10.53,131.9,7.76,,,,,,,,,,,,,,,,,,,,,,,,,,,,,,,,,,,,12.0,5.0,157.0,,,17.0,,,,,,,,,,,,,,,,,,,,,,,,,,,,,,,,,,,,,,,,,,,17.0,Brandon Aubrey,DAL,ADD,1,3953687,9,Team Sprawl n Brawl,K,"{'1': {'team': 'NYG', 'date': datetime.datetime(2023, 9, 10, 17, 20)}, '2': {'team': 'NYJ', 'date': datetime.datetime(2023, 9, 17, 13, 25)}, '3': {'team': 'ARI', 'date': datetime.datetime(2023, 9, 24, 13, 25)}, '4': {'team': 'NE', 'date': datetime.datetime(2023, 10, 1, 13, 25)}, '5': {'team': 'SF', 'date': datetime.datetime(2023, 10, 8, 17, 20)}, '6': {'team': 'LAC', 'date': datetime.datetime(2023, 10, 16, 17, 15)}, '8': {'team': 'LAR', 'date': datetime.datetime(2023, 10, 29, 10, 0)}, '9': {'team': 'PHI', 'date': datetime.datetime(2023, 11, 5, 13, 25)}, '10': {'team': 'NYG', 'date': datetime.datetime(2023, 11, 12, 13, 25)}, '11': {'team': 'CAR', 'date': datetime.datetime(2023, 11, 19, 10, 0)}, '12': {'team': 'WSH', 'date': datetime.datetime(2023, 11, 23, 13, 30)}, '13': {'team': 'SEA', 'date': datetime.datetime(2023, 11, 30, 17, 15)}, '14': {'team': 'PHI', 'date': datetime.datetime(2023, 12, 10, 17, 20)}, '15': {'team': 'BUF', 'date': datetime.datetime(2023, 12, 17, 13, 25)}, '16': {'team': 'MIA', 'date': datetime.datetime(2023, 12, 24, 13, 25)}, '17': {'team': 'DET', 'date': datetime.datetime(2023, 12, 30, 17, 15)}, '18': {'team': 'WSH', 'date': datetime.datetime(2024, 1, 7, 13, 25)}}","['Rookie', 'K', 'BE', 'IR']",K,,,,,,,,,,,,,,,,,,,,,,,,,,,,,,,,,,,,,,,,,,,,,,,,,,,,,,,,,,,,,,,,,,,,,,,,,,,,,,10.0,10.0,4.0,4.0,,22.0,24.0,2.0,36.0,38.0,2.0,49.0,52.0,3.0,9.0,9.0,3.946639808,6.147414031,2.200774223,7.612329715,9.809703241,2.197373526,15.55321909,16.74189353,1.188674441,27.11218861,32.6990108,5.58682219,40.64591666,44.37327146,3.727354803,3.946639808,6.147414031,2.200774223,,,,,,,,,,,,,,,,,,,,,,,,,,,,,,,,,,,,,,,,,,,,,,,,,,,,,,,,,,,,,,,,,,,,,,,,,,,,,,,,,,,,,,,,,1.0,,,,,,,,,,,,,,1.0,,,,,,,,,,,,,,,,,,,,,,,,,,,2023,,,,,,1370.0,36.0,1406.0,268.0,131.0,59.0,50.0,22.0,5.0,7.0,3.0,1.0,1.0,,275.0,134.0,61.0,51.0,22.0,5.0,,,1022.26996,253.3838499,1275.653809,213.1185496,118.841808,331.9603577,,,,
84.0,4.94,0.0,0.0,,,,,,,,,,,,,,,,,,,,,,,,,,,,,,,,,,778.0,1246.0,9.0,8.0,,,,17.0,,,,,,,,,,,,,,,,,,,,,,,,,,,,,,,,,,,,,,,,,,,17.0,Seahawks D/ST,SEA,ADD,24,-16026,9,Team Sprawl n Brawl,BE,"{'1': {'team': 'LAR', 'date': datetime.datetime(2023, 9, 10, 13, 25)}, '2': {'team': 'DET', 'date': datetime.datetime(2023, 9, 17, 10, 0)}, '3': {'team': 'CAR', 'date': datetime.datetime(2023, 9, 24, 13, 5)}, '4': {'team': 'NYG', 'date': datetime.datetime(2023, 10, 2, 17, 15)}, '6': {'team': 'CIN', 'date': datetime.datetime(2023, 10, 15, 10, 0)}, '7': {'team': 'ARI', 'date': datetime.datetime(2023, 10, 22, 13, 5)}, '8': {'team': 'CLE', 'date': datetime.datetime(2023, 10, 29, 13, 5)}, '9': {'team': 'BAL', 'date': datetime.datetime(2023, 11, 5, 10, 0)}, '10': {'team': 'WSH', 'date': datetime.datetime(2023, 11, 12, 13, 25)}, '11': {'team': 'LAR', 'date': datetime.datetime(2023, 11, 19, 13, 25)}, '12': {'team': 'SF', 'date': datetime.datetime(2023, 11, 23, 17, 20)}, '13': {'team': 'DAL', 'date': datetime.datetime(2023, 11, 30, 17, 15)}, '14': {'team': 'SF', 'date': datetime.datetime(2023, 12, 10, 13, 5)}, '15': {'team': 'PHI', 'date': datetime.datetime(2023, 12, 18, 17, 15)}, '16': {'team': 'TEN', 'date': datetime.datetime(2023, 12, 24, 10, 0)}, '17': {'team': 'PIT', 'date': datetime.datetime(2023, 12, 31, 13, 5)}, '18': {'team': 'ARI', 'date': datetime.datetime(2024, 1, 7, 13, 25)}}","['D/ST', 'BE', 'IR']",BE,,,,,,,680.0,65.0,21.0,,,,,,,,,,,,,,,,,,,,,,,,,,,,,,,,,,,,,,,,,,,,,,,,,,,,,,,,,,,,,,,,,468.0,,,12.0,,,,,,,,,,,,,,,,,,,,,,,,,,,,,,,,,,,8.0,0.0,1.0,1.0,4.0,3.0,11.0,1.0,,47.0,94.0,,,3.0,3.0,409.0,242.0,94.0,77.0,265.0,20.0,4.0,402.0,2.0,2.0,5.0,2.0,6313.0,0.0,0.0,5.0,1.0,4.0,3.0,2.0,2.0,0.0,0.0,1.0,1.0,4.0,2.0,2.0,5.0,2.0,,,,,,,,,,,,,,,,,,,,,,,,,,,,,,,,,,,,,,,,,,,,,,,,,,,,,,,,,,,,,,,,,,,,,,,,,,,,,,,,,,,,,2023,,,,,,,,,,,,,,,,,,,,,,,,,,,,,,,,,,,,,
11.0,0.92,0.0,0.0,,,,,,,,,,,,,,,,,18.0,9.58333333,1.0,21.0,7.0,2.0,2.0,,,26.0,66.0,6.38888889,,1.0,,1.0,1.0,2.0,2.0,7.0,5.0,6.0,,,12.0,,,,,,,,,,,,,,,,,,,,,,,,,,,,,,,,,,,,,,,,,,,15.11764706,Irv Smith Jr.,KC,ADD,67,4040980,9,Team Sprawl n Brawl,BE,"{'1': {'team': 'DET', 'date': datetime.datetime(2023, 9, 7, 17, 20)}, '2': {'team': 'JAX', 'date': datetime.datetime(2023, 9, 17, 10, 0)}, '3': {'team': 'CHI', 'date': datetime.datetime(2023, 9, 24, 13, 25)}, '4': {'team': 'NYJ', 'date': datetime.datetime(2023, 10, 1, 17, 20)}, '5': {'team': 'MIN', 'date': datetime.datetime(2023, 10, 8, 13, 25)}, '6': {'team': 'DEN', 'date': datetime.datetime(2023, 10, 12, 17, 15)}, '7': {'team': 'LAC', 'date': datetime.datetime(2023, 10, 22, 13, 25)}, '8': {'team': 'DEN', 'date': datetime.datetime(2023, 10, 29, 13, 25)}, '9': {'team': 'MIA', 'date': datetime.datetime(2023, 11, 5, 6, 30)}, '11': {'team': 'PHI', 'date': datetime.datetime(2023, 11, 20, 17, 15)}, '12': {'team': 'LV', 'date': datetime.datetime(2023, 11, 26, 13, 25)}, '13': {'team': 'GB', 'date': datetime.datetime(2023, 12, 3, 17, 20)}, '14': {'team': 'BUF', 'date': datetime.datetime(2023, 12, 10, 13, 25)}, '15': {'team': 'NE', 'date': datetime.datetime(2023, 12, 17, 10, 0)}, '16': {'team': 'LV', 'date': datetime.datetime(2023, 12, 25, 10, 0)}, '17': {'team': 'CIN', 'date': datetime.datetime(2023, 12, 31, 13, 25)}, '18': {'team': 'LAC', 'date': datetime.datetime(2024, 1, 7, 13, 25)}}","['WR/TE', 'TE', 'RB/WR/TE', 'OP', 'BE', 'IR']",BE,,,,,1.0,1.0,,,,,,,,,,,,,1.0,,,,,,,,,,,,,,,,,,,,,,,,,,,,,,,,,,,,,,,,,,,,,,,,,,,,,,,,,,,,,,,,,,,,,,,,,,,,,,,,,,,,,,,,,,,,,,,,,,,,,,,,,,,,,,,,,,,,,,,,,,,,,,,,,,,,,,,,,,,,,,,,,,,,,,,,,,,,,,,,,,,,,,,,,,,,,,,,,,,,,,,,,,,,,,,,,,,,,,,,,,,,,,,,,,,,,,,,,,,,,,2023,,,,,5.0,,,,,,,,,,,,,,,,,,,,,,,,,,,,,,,,
63.0,12.6,0.0,0.0,15.0,24.8,1.0,23.0,11.0,4.0,2.0,,,,,,,,,8.26666667,,,,,,,,,,,,,1.0,1.0,,,4.0,,,1.0,4.0,36.0,,,5.0,,,,,,,,,,,,,,,,,,,,,,,,,,,,,,,,,,,,,,,,,,,4.0,Taylor Heinicke,ATL,ADD,40,2565969,9,Team Sprawl n Brawl,BE,"{'1': {'team': 'CAR', 'date': datetime.datetime(2023, 9, 10, 10, 0)}, '2': {'team': 'GB', 'date': datetime.datetime(2023, 9, 17, 10, 0)}, '3': {'team': 'DET', 'date': datetime.datetime(2023, 9, 24, 10, 0)}, '4': {'team': 'JAX', 'date': datetime.datetime(2023, 10, 1, 6, 30)}, '5': {'team': 'HOU', 'date': datetime.datetime(2023, 10, 8, 10, 0)}, '6': {'team': 'WSH', 'date': datetime.datetime(2023, 10, 15, 10, 0)}, '7': {'team': 'TB', 'date': datetime.datetime(2023, 10, 22, 10, 0)}, '8': {'team': 'TEN', 'date': datetime.datetime(2023, 10, 29, 10, 0)}, '9': {'team': 'MIN', 'date': datetime.datetime(2023, 11, 5, 10, 0)}, '10': {'team': 'ARI', 'date': datetime.datetime(2023, 11, 12, 13, 5)}, '12': {'team': 'NO', 'date': datetime.datetime(2023, 11, 26, 10, 0)}, '13': {'team': 'NYJ', 'date': datetime.datetime(2023, 12, 3, 10, 0)}, '14': {'team': 'TB', 'date': datetime.datetime(2023, 12, 10, 10, 0)}, '15': {'team': 'CAR', 'date': datetime.datetime(2023, 12, 17, 10, 0)}, '16': {'team': 'IND', 'date': datetime.datetime(2023, 12, 24, 10, 0)}, '17': {'team': 'CHI', 'date': datetime.datetime(2023, 12, 31, 10, 0)}, '18': {'team': 'NO', 'date': datetime.datetime(2024, 1, 7, 10, 0)}}","['QB', 'OP', 'BE', 'IR']",BE,,,,,,,,,,,,,,,,,,,,,136.0,74.0,62.0,178.0,5.0,176.0,86.0,42.0,34.0,16.0,6.0,13.0,6.0,10.0,3.0,2.0,2.0,,,4.0,0.54411765,8.0,,2.0,,1.0,,,,,,,,,,,,,,,,,,,,,,,,,,,,,,1.0,,,,,,,,,,,,,,,,,,,,,,,,,,,,,,,,,,,,,,,,,,,,,,,,,,,,,,,,,,,,,,,,,,,,,,,,,,,,,,,,,,,,,,,,,,,,,,,,,,,,,,,,,,,,,,,,,,,,,,,,,,,,,,,,,,,,,,,,,,,,,,,,,,,,,,,,,,,,,,,,,,,,,2023,,,41.0,5.0,,,,,,,,,,,,,,,,,,,,,,,,,,,,,,,,,
206.0,12.12,0.0,0.0,280.0,68.64705882,12.0,226.0,110.0,52.0,39.0,15.0,4.0,50.0,21.0,,,4.0,,4.16785714,28.0,12.58823529,,40.0,16.0,4.0,3.0,1.0,,36.0,266.0,7.64285714,,,,,,,,6.0,11.0,84.0,7.0,,17.0,,,,,,,,,,,,,,,,,,,,,,,,,,,,,,,,,,,,,,,,,,,14.17647059,Derrick Henry,BAL,DRAFT,5,3043078,10,Ambler Thighs,RB,"{'1': {'team': 'HOU', 'date': datetime.datetime(2023, 9, 10, 10, 0)}, '2': {'team': 'CIN', 'date': datetime.datetime(2023, 9, 17, 10, 0)}, '3': {'team': 'IND', 'date': datetime.datetime(2023, 9, 24, 10, 0)}, '4': {'team': 'CLE', 'date': datetime.datetime(2023, 10, 1, 10, 0)}, '5': {'team': 'PIT', 'date': datetime.datetime(2023, 10, 8, 10, 0)}, '6': {'team': 'TEN', 'date': datetime.datetime(2023, 10, 15, 6, 30)}, '7': {'team': 'DET', 'date': datetime.datetime(2023, 10, 22, 10, 0)}, '8': {'team': 'ARI', 'date': datetime.datetime(2023, 10, 29, 13, 25)}, '9': {'team': 'SEA', 'date': datetime.datetime(2023, 11, 5, 10, 0)}, '10': {'team': 'CLE', 'date': datetime.datetime(2023, 11, 12, 10, 0)}, '11': {'team': 'CIN', 'date': datetime.datetime(2023, 11, 16, 17, 15)}, '12': {'team': 'LAC', 'date': datetime.datetime(2023, 11, 26, 17, 20)}, '14': {'team': 'LAR', 'date': datetime.datetime(2023, 12, 10, 10, 0)}, '15': {'team': 'JAX', 'date': datetime.datetime(2023, 12, 17, 17, 20)}, '16': {'team': 'SF', 'date': datetime.datetime(2023, 12, 25, 17, 15)}, '17': {'team': 'MIA', 'date': datetime.datetime(2023, 12, 31, 10, 0)}, '18': {'team': 'PIT', 'date': datetime.datetime(2024, 1, 6, 13, 30)}}","['RB', 'RB/WR', 'RB/WR/TE', 'OP', 'BE', 'IR']",RB,,,,,,,,,,,,,,,,,,,,,3.0,2.0,1.0,0.82352941,2.0,2.0,1.0,,,,,,,,,,,,,,0.66666667,,,1.0,1.0,,,,,,,,,,,,,,,,,,,,,,,,,,,,,,3.0,2.0,,,,,,,,,,,,,,,,,,,,,,,,,,,,,,,,,,,,,,,,,,,,,,,,,,,,,,,,,,,,,,,,,,,,,,,,,,,,,,,,,,,,,,,,,,,,,,,,,,,,,,,,,,,,,,,,,,,,,,,,,,,,,,,,,,,,,,,,,,,,,,,,,,,,,,,,,,,,,,,,,,,,,2023,,,2.0,63.0,7.0,,,,,,,,,,,,,,,,,,,,,,,,,,,,,,,,
255.0,15.0,0.0,0.0,14.0,6.64705882,2.0,18.0,7.0,1.0,1.0,,,,,,,,,8.07142857,135.0,102.88235294,12.0,342.0,166.0,76.0,62.0,27.0,19.0,181.0,680.0,12.95555556,,3.0,,2.0,2.0,1.0,1.0,12.0,5.0,86.0,1.0,,17.0,,,,,,,,,,,,,,,,,,,,,,,,,,,,,,,,,,,,,,,,,,,15.11764706,CeeDee Lamb,DAL,DRAFT,1,4241389,10,Ambler Thighs,WR,"{'1': {'team': 'NYG', 'date': datetime.datetime(2023, 9, 10, 17, 20)}, '2': {'team': 'NYJ', 'date': datetime.datetime(2023, 9, 17, 13, 25)}, '3': {'team': 'ARI', 'date': datetime.datetime(2023, 9, 24, 13, 25)}, '4': {'team': 'NE', 'date': datetime.datetime(2023, 10, 1, 13, 25)}, '5': {'team': 'SF', 'date': datetime.datetime(2023, 10, 8, 17, 20)}, '6': {'team': 'LAC', 'date': datetime.datetime(2023, 10, 16, 17, 15)}, '8': {'team': 'LAR', 'date': datetime.datetime(2023, 10, 29, 10, 0)}, '9': {'team': 'PHI', 'date': datetime.datetime(2023, 11, 5, 13, 25)}, '10': {'team': 'NYG', 'date': datetime.datetime(2023, 11, 12, 13, 25)}, '11': {'team': 'CAR', 'date': datetime.datetime(2023, 11, 19, 10, 0)}, '12': {'team': 'WSH', 'date': datetime.datetime(2023, 11, 23, 13, 30)}, '13': {'team': 'SEA', 'date': datetime.datetime(2023, 11, 30, 17, 15)}, '14': {'team': 'PHI', 'date': datetime.datetime(2023, 12, 10, 17, 20)}, '15': {'team': 'BUF', 'date': datetime.datetime(2023, 12, 17, 13, 25)}, '16': {'team': 'MIA', 'date': datetime.datetime(2023, 12, 24, 13, 25)}, '17': {'team': 'DET', 'date': datetime.datetime(2023, 12, 30, 17, 15)}, '18': {'team': 'WSH', 'date': datetime.datetime(2024, 1, 7, 13, 25)}}","['RB/WR', 'WR', 'WR/TE', 'RB/WR/TE', 'OP', 'BE', 'IR']",WR,2.0,1.0,9.0,7.0,3.0,2.0,,,,,,,,,,,,7.0,3.0,2.0,,,,,,,,,,,,,,,,,,,,,,,,,,,,,,,,,,,,,,,,,,,,,,,,,,,1.0,,5.0,,1.0,,,,,,,,,,,,,,,,,,,,,,,,,,,,,,,,,,,,,,,,,,,,,,,,,,,,,,,,,,,,,,,,,,,,,,,,,,,,,,,,,,,,,,,,,,,,,,,,,,,,,,,,,,,,,,,,,,,,,,,,1.0,,,,,,,,,,,,,,,,,,,,,,,,,,,,,,,,,,,,,,,,,,,,,,2023,,,,6.0,80.0,,,,,,,,,,,,,,,,,,,,,,,,,,,,,,,,
121.0,8.64,0.0,0.0,3.0,0.85714286,,2.0,1.0,,,,,,,,,,,4.0,72.0,72.42857143,4.0,198.0,96.0,44.0,35.0,14.0,8.0,104.0,421.0,14.08333333,,,,,,3.0,3.0,10.0,4.0,24.0,,1.0,14.0,,,,,,,,,,,,,,,,,,,,,,,,,,,,,,,,,,,,,,,,,,,15.11764706,Jaylen Waddle,MIA,DRAFT,30,4372016,10,Ambler Thighs,WR,"{'1': {'team': 'LAC', 'date': datetime.datetime(2023, 9, 10, 13, 25)}, '2': {'team': 'NE', 'date': datetime.datetime(2023, 9, 17, 17, 20)}, '3': {'team': 'DEN', 'date': datetime.datetime(2023, 9, 24, 10, 0)}, '4': {'team': 'BUF', 'date': datetime.datetime(2023, 10, 1, 10, 0)}, '5': {'team': 'NYG', 'date': datetime.datetime(2023, 10, 8, 10, 0)}, '6': {'team': 'CAR', 'date': datetime.datetime(2023, 10, 15, 10, 0)}, '7': {'team': 'PHI', 'date': datetime.datetime(2023, 10, 22, 17, 20)}, '8': {'team': 'NE', 'date': datetime.datetime(2023, 10, 29, 10, 0)}, '9': {'team': 'KC', 'date': datetime.datetime(2023, 11, 5, 6, 30)}, '11': {'team': 'LV', 'date': datetime.datetime(2023, 11, 19, 10, 0)}, '12': {'team': 'NYJ', 'date': datetime.datetime(2023, 11, 24, 12, 0)}, '13': {'team': 'WSH', 'date': datetime.datetime(2023, 12, 3, 10, 0)}, '14': {'team': 'TEN', 'date': datetime.datetime(2023, 12, 11, 17, 15)}, '15': {'team': 'NYJ', 'date': datetime.datetime(2023, 12, 17, 10, 0)}, '16': {'team': 'DAL', 'date': datetime.datetime(2023, 12, 24, 13, 25)}, '17': {'team': 'BAL', 'date': datetime.datetime(2023, 12, 31, 10, 0)}, '18': {'team': 'BUF', 'date': datetime.datetime(2024, 1, 7, 17, 20)}}","['RB/WR', 'WR', 'WR/TE', 'RB/WR/TE', 'OP', 'BE', 'IR']",WR,1.0,1.0,3.0,3.0,,,,,,,,,,,,,,,2.0,,,,,,,,,,,,,,,,,,,,,,,,,,,,,,,,,,,,,,,,,,,,,,,,,,,,,,,,,,,,,,,,,,,,,,,,,,,,,,,,,,,,,,,,,,,,,,,,,,,,,,,,,,,,,,,,,,,,,,,,,,,,,,,,,,,,,,,,,,,,,,,,,,,,,,,,,,,,,,,,,,,,,,,,,,,,,,,,,,,,,,,,,,,,,,,,,,,,,,,,,,,,,,,,,,,,,,,,,,,,,,2023,,,,1.0,47.0,,,,,,,,,,,,,,,,,,,,,,,,,,,,,,,,
60.0,4.29,0.0,0.0,145.0,29.71428571,2.0,78.0,36.0,15.0,11.0,2.0,,24.0,10.0,,,,,2.86896552,13.0,7.21428571,,17.0,6.0,2.0,2.0,,,17.0,95.0,7.76923077,,,,,,,,7.0,7.0,18.0,2.0,,14.0,,,,,,,,,,,,,,,,,,,,,,,,,,,,,,,,,,,,,,,,,,,14.17647059,Dameon Pierce,HOU,DRAFT,49,4360238,10,Ambler Thighs,BE,"{'1': {'team': 'BAL', 'date': datetime.datetime(2023, 9, 10, 10, 0)}, '2': {'team': 'IND', 'date': datetime.datetime(2023, 9, 17, 10, 0)}, '3': {'team': 'JAX', 'date': datetime.datetime(2023, 9, 24, 10, 0)}, '4': {'team': 'PIT', 'date': datetime.datetime(2023, 10, 1, 10, 0)}, '5': {'team': 'ATL', 'date': datetime.datetime(2023, 10, 8, 10, 0)}, '6': {'team': 'NO', 'date': datetime.datetime(2023, 10, 15, 10, 0)}, '8': {'team': 'CAR', 'date': datetime.datetime(2023, 10, 29, 10, 0)}, '9': {'team': 'TB', 'date': datetime.datetime(2023, 11, 5, 10, 0)}, '10': {'team': 'CIN', 'date': datetime.datetime(2023, 11, 12, 10, 0)}, '11': {'team': 'ARI', 'date': datetime.datetime(2023, 11, 19, 10, 0)}, '12': {'team': 'JAX', 'date': datetime.datetime(2023, 11, 26, 10, 0)}, '13': {'team': 'DEN', 'date': datetime.datetime(2023, 12, 3, 10, 0)}, '14': {'team': 'NYJ', 'date': datetime.datetime(2023, 12, 10, 10, 0)}, '15': {'team': 'TEN', 'date': datetime.datetime(2023, 12, 17, 10, 0)}, '16': {'team': 'CLE', 'date': datetime.datetime(2023, 12, 24, 10, 0)}, '17': {'team': 'TEN', 'date': datetime.datetime(2023, 12, 31, 10, 0)}, '18': {'team': 'IND', 'date': datetime.datetime(2024, 1, 6, 17, 15)}}","['RB', 'RB/WR', 'RB/WR/TE', 'OP', 'BE', 'IR']",BE,,,,,,,225.0,22.0,7.0,,,,,,,,,,,,,,,,,,,,,,,,,,,,,,,,,,,,,,,,,,,,,,,,,,,,,,,,,,,,,,,,,,,,,,,,,,,,,,,,,,,,,,,,,,,,,,,,,,,,,,,,,,,,,,,,,,1.0,,,1.0,,,,,,,,,,,,,,,,,,,,,,,,,,,,,,,,,,,,,,,,,,,,,,,,,,,,,,,,,,,,,,,,,,,,,,,,,,,,,,,,,,,,,,,,,,,,,,,,,,,,,,,,,,,,,,,,,,,2023,,,,14.0,3.0,,,,,,,,,,,,,,,,,,,,,,,,,,,,,,,,
73.0,5.21,0.0,0.0,1.0,0.07142857,,,,,,,,,,,,,,1.0,59.0,42.28571429,3.0,115.0,55.0,24.0,18.0,5.0,7.0,83.0,319.0,10.03389831,,,,,,,,9.0,5.0,18.0,,,14.0,,,,,,,,,,,,,,,,,,,,,,,,,,,,,,,,,,,,,,,,,,,15.11764706,Dallas Goedert,PHI,DRAFT,14,3121023,10,Ambler Thighs,TE,"{'1': {'team': 'NE', 'date': datetime.datetime(2023, 9, 10, 13, 25)}, '2': {'team': 'MIN', 'date': datetime.datetime(2023, 9, 14, 17, 15)}, '3': {'team': 'TB', 'date': datetime.datetime(2023, 9, 25, 16, 15)}, '4': {'team': 'WSH', 'date': datetime.datetime(2023, 10, 1, 10, 0)}, '5': {'team': 'LAR', 'date': datetime.datetime(2023, 10, 8, 13, 5)}, '6': {'team': 'NYJ', 'date': datetime.datetime(2023, 10, 15, 13, 25)}, '7': {'team': 'MIA', 'date': datetime.datetime(2023, 10, 22, 17, 20)}, '8': {'team': 'WSH', 'date': datetime.datetime(2023, 10, 29, 10, 0)}, '9': {'team': 'DAL', 'date': datetime.datetime(2023, 11, 5, 13, 25)}, '11': {'team': 'KC', 'date': datetime.datetime(2023, 11, 20, 17, 15)}, '12': {'team': 'BUF', 'date': datetime.datetime(2023, 11, 26, 13, 25)}, '13': {'team': 'SF', 'date': datetime.datetime(2023, 12, 3, 13, 25)}, '14': {'team': 'DAL', 'date': datetime.datetime(2023, 12, 10, 17, 20)}, '15': {'team': 'SEA', 'date': datetime.datetime(2023, 12, 18, 17, 15)}, '16': {'team': 'NYG', 'date': datetime.datetime(2023, 12, 25, 13, 30)}, '17': {'team': 'ARI', 'date': datetime.datetime(2023, 12, 31, 10, 0)}, '18': {'team': 'NYG', 'date': datetime.datetime(2024, 1, 7, 13, 25)}}","['WR/TE', 'TE', 'RB/WR/TE', 'OP', 'BE', 'IR']",TE,,,1.0,1.0,,,,,,,,,,,,,,,2.0,,,,,,,,,,,,,,,,,,,,,,,,,,,,,,,,,,,,,,,,,,,,,,,,,,,,,,1.0,,,,,,,,,,,,,,,,,,,,,,,,,,,,,,,,,,,,,,,,,,,,,,,,,,,,,,,,,,,,,,,,,,,,,,,,,,,,,,,,,,,,,,,,,,,,,,,,,,,,,,,,,,,,,,,,,,,,,,,,,,,,,,,,,,,,,,,,,,,,,,,,,,,,,,,,,,,,,,,,,,,,,,,,2023,,,,,33.0,,,,,,,,,,,,,,,,,,,,,,,,,,,,,,,,
137.0,8.06,0.0,0.0,3.0,1.05882353,,3.0,1.0,,,,,,,,,,,6.0,63.0,67.05882353,5.0,224.0,106.0,49.0,39.0,14.0,5.0,106.0,388.0,18.0952381,,3.0,,,,,1.0,10.0,7.0,30.0,,,17.0,,,,,,,,,,,,,,,,,,,,,,,,,,,,,,,,,,,,,,,,,,,15.11764706,George Pickens,PIT,DRAFT,23,4426354,10,Ambler Thighs,BE,"{'1': {'team': 'SF', 'date': datetime.datetime(2023, 9, 10, 10, 0)}, '2': {'team': 'CLE', 'date': datetime.datetime(2023, 9, 18, 17, 15)}, '3': {'team': 'LV', 'date': datetime.datetime(2023, 9, 24, 17, 20)}, '4': {'team': 'HOU', 'date': datetime.datetime(2023, 10, 1, 10, 0)}, '5': {'team': 'BAL', 'date': datetime.datetime(2023, 10, 8, 10, 0)}, '7': {'team': 'LAR', 'date': datetime.datetime(2023, 10, 22, 13, 5)}, '8': {'team': 'JAX', 'date': datetime.datetime(2023, 10, 29, 10, 0)}, '9': {'team': 'TEN', 'date': datetime.datetime(2023, 11, 2, 17, 15)}, '10': {'team': 'GB', 'date': datetime.datetime(2023, 11, 12, 10, 0)}, '11': {'team': 'CLE', 'date': datetime.datetime(2023, 11, 19, 10, 0)}, '12': {'team': 'CIN', 'date': datetime.datetime(2023, 11, 26, 10, 0)}, '13': {'team': 'ARI', 'date': datetime.datetime(2023, 12, 3, 10, 0)}, '14': {'team': 'NE', 'date': datetime.datetime(2023, 12, 7, 17, 15)}, '15': {'team': 'IND', 'date': datetime.datetime(2023, 12, 16, 13, 30)}, '16': {'team': 'CIN', 'date': datetime.datetime(2023, 12, 23, 13, 30)}, '17': {'team': 'SEA', 'date': datetime.datetime(2023, 12, 31, 13, 5)}, '18': {'team': 'BAL', 'date': datetime.datetime(2024, 1, 6, 13, 30)}}","['RB/WR', 'WR', 'WR/TE', 'RB/WR/TE', 'OP', 'BE', 'IR']",BE,4.0,3.0,5.0,5.0,3.0,,7.0,,,,,,,,,,,,,1.0,,,,,,,,,,,,,,,,,,,,,,,,,,,,,,,,,,,,,,,,,,,,,,,,,,,,,,1.0,,,,,,,,,,,,,,,,,,,,,,,,,,,,,,,,,,,,,,,,,,,,,,,,,,,,,,,,,,,,,,,,,,,,,,,,,,,,,,,,,,,,,,,,,,,,,,,,,,,,,,,,,,,,,,,,,,,,,,,,,,,,,,,,,,,,,,,,,,,,,,,,,,,,,,,,,,,,,,,,,,,,,,,2023,,,,2.0,42.0,,,,,,,,,,,,,,,,,,,,,,,,,,,,,,,,
255.0,15.0,0.0,0.0,35.0,4.35294118,,12.0,2.0,,,,,2.0,,,,,,2.11428571,,,,,,,,,,,,,9.0,13.0,4.0,5.0,19.0,,,11.0,6.0,174.0,,,17.0,,,,,,,,,,,,,,,,,,,,,,,,,,,,,,,,,,,,,,,,,,,15.0,Tua Tagovailoa,MIA,DRAFT,11,4241479,10,Ambler Thighs,QB,"{'1': {'team': 'LAC', 'date': datetime.datetime(2023, 9, 10, 13, 25)}, '2': {'team': 'NE', 'date': datetime.datetime(2023, 9, 17, 17, 20)}, '3': {'team': 'DEN', 'date': datetime.datetime(2023, 9, 24, 10, 0)}, '4': {'team': 'BUF', 'date': datetime.datetime(2023, 10, 1, 10, 0)}, '5': {'team': 'NYG', 'date': datetime.datetime(2023, 10, 8, 10, 0)}, '6': {'team': 'CAR', 'date': datetime.datetime(2023, 10, 15, 10, 0)}, '7': {'team': 'PHI', 'date': datetime.datetime(2023, 10, 22, 17, 20)}, '8': {'team': 'NE', 'date': datetime.datetime(2023, 10, 29, 10, 0)}, '9': {'team': 'KC', 'date': datetime.datetime(2023, 11, 5, 6, 30)}, '11': {'team': 'LV', 'date': datetime.datetime(2023, 11, 19, 10, 0)}, '12': {'team': 'NYJ', 'date': datetime.datetime(2023, 11, 24, 12, 0)}, '13': {'team': 'WSH', 'date': datetime.datetime(2023, 12, 3, 10, 0)}, '14': {'team': 'TEN', 'date': datetime.datetime(2023, 12, 11, 17, 15)}, '15': {'team': 'NYJ', 'date': datetime.datetime(2023, 12, 17, 10, 0)}, '16': {'team': 'DAL', 'date': datetime.datetime(2023, 12, 24, 13, 25)}, '17': {'team': 'BAL', 'date': datetime.datetime(2023, 12, 31, 10, 0)}, '18': {'team': 'BUF', 'date': datetime.datetime(2024, 1, 7, 17, 20)}}","['QB', 'OP', 'BE', 'IR']",QB,,,,,,,,,,,,,,,,,,,,,560.0,388.0,172.0,272.0,29.0,917.0,455.0,225.0,175.0,83.0,38.0,71.0,33.0,28.0,10.0,7.0,5.0,4.0,,14.0,0.69285714,29.0,4.0,13.0,4.0,1.0,4.0,,,,,,,,,,,,,,,,,,,,,,,,,,,,,,,,,,,,,,,,,,,,,,,,,,,,,,,,,,,,,,,,,,,,,,,,,,,,,,,,,,,,,,,,,,,,,,,,,,,,,,,,,,,,,,,,,,,,,,,,,,,,,,,,,,,,,,,,,,,,,,,,,,,,,,1.0,,,,,,,1.0,,,,,,,,,,,,,,,,,,,,,,,,,,,,,,,,,,,,,2023,,,222.0,7.0,,,,,,,,,,,,,,,,,,,,,,,,,,,,,,,,,
64.0,4.0,0.0,0.0,65.0,16.5625,1.0,46.0,18.0,4.0,3.0,,,6.0,1.0,,,,,4.07692308,48.0,24.3125,2.0,71.0,32.0,14.0,8.0,1.0,4.0,59.0,377.0,8.10416667,1.0,3.0,1.0,2.0,2.0,1.0,2.0,4.0,12.0,18.0,1.0,,16.0,,,,,,,,,,,,,,,,,,,,,,,,,,,,,,,,,,,,,,,,,,,14.17647059,Antonio Gibson,NE,DRAFT,45,4360294,10,Ambler Thighs,BE,"{'1': {'team': 'PHI', 'date': datetime.datetime(2023, 9, 10, 13, 25)}, '2': {'team': 'MIA', 'date': datetime.datetime(2023, 9, 17, 17, 20)}, '3': {'team': 'NYJ', 'date': datetime.datetime(2023, 9, 24, 10, 0)}, '4': {'team': 'DAL', 'date': datetime.datetime(2023, 10, 1, 13, 25)}, '5': {'team': 'NO', 'date': datetime.datetime(2023, 10, 8, 10, 0)}, '6': {'team': 'LV', 'date': datetime.datetime(2023, 10, 15, 13, 5)}, '7': {'team': 'BUF', 'date': datetime.datetime(2023, 10, 22, 10, 0)}, '8': {'team': 'MIA', 'date': datetime.datetime(2023, 10, 29, 10, 0)}, '9': {'team': 'WSH', 'date': datetime.datetime(2023, 11, 5, 10, 0)}, '10': {'team': 'IND', 'date': datetime.datetime(2023, 11, 12, 6, 30)}, '12': {'team': 'NYG', 'date': datetime.datetime(2023, 11, 26, 10, 0)}, '13': {'team': 'LAC', 'date': datetime.datetime(2023, 12, 3, 10, 0)}, '14': {'team': 'PIT', 'date': datetime.datetime(2023, 12, 7, 17, 15)}, '15': {'team': 'KC', 'date': datetime.datetime(2023, 12, 17, 10, 0)}, '16': {'team': 'DEN', 'date': datetime.datetime(2023, 12, 24, 17, 15)}, '17': {'team': 'BUF', 'date': datetime.datetime(2023, 12, 31, 10, 0)}, '18': {'team': 'NYJ', 'date': datetime.datetime(2024, 1, 7, 10, 0)}}","['RB', 'RB/WR', 'RB/WR/TE', 'OP', 'BE', 'IR']",BE,,,,,2.0,1.0,340.0,31.0,10.0,,,,,,,,,,1.0,,,,,,,,,,,,,,,,,,,,,,,,,,,,,,,,,,,,,,,,,,,,,,,,,,,,,,1.0,1.0,,,,,,,,,,,,,,,,,,,,,,,,,,,,,,,,,,,,,,,,,,,,,,,,,,,,,,,,,,,,,,,,,,,,,,,,,,,,,,,,,,,,,,,,,,,,,,,,,,,,,,,,,,,,,,,,,,,,,,,,,,,,,,,,,,,,,,,,,,,,,,,,,,,,,,,,,,,,,,,,,,,,,,,2023,,,,13.0,19.0,,,,,,,,,,,,,,,,,,,,,,,,,,,,,,,,
244.0,16.27,0.0,0.0,80.0,22.73333333,3.0,64.0,30.0,12.0,8.0,1.0,,10.0,2.0,,,,,4.2625,,,,,,,,,,,,,3.0,10.0,1.0,5.0,13.0,1.0,1.0,7.0,8.0,174.0,3.0,,15.0,,,,,,,,,,,,,,,,,,,,,,,,,,,,,,,,,,,,,,,,,,,13.0,Russell Wilson,PIT,DRAFT,13,14881,10,Ambler Thighs,BE,"{'1': {'team': 'SF', 'date': datetime.datetime(2023, 9, 10, 10, 0)}, '2': {'team': 'CLE', 'date': datetime.datetime(2023, 9, 18, 17, 15)}, '3': {'team': 'LV', 'date': datetime.datetime(2023, 9, 24, 17, 20)}, '4': {'team': 'HOU', 'date': datetime.datetime(2023, 10, 1, 10, 0)}, '5': {'team': 'BAL', 'date': datetime.datetime(2023, 10, 8, 10, 0)}, '7': {'team': 'LAR', 'date': datetime.datetime(2023, 10, 22, 13, 5)}, '8': {'team': 'JAX', 'date': datetime.datetime(2023, 10, 29, 10, 0)}, '9': {'team': 'TEN', 'date': datetime.datetime(2023, 11, 2, 17, 15)}, '10': {'team': 'GB', 'date': datetime.datetime(2023, 11, 12, 10, 0)}, '11': {'team': 'CLE', 'date': datetime.datetime(2023, 11, 19, 10, 0)}, '12': {'team': 'CIN', 'date': datetime.datetime(2023, 11, 26, 10, 0)}, '13': {'team': 'ARI', 'date': datetime.datetime(2023, 12, 3, 10, 0)}, '14': {'team': 'NE', 'date': datetime.datetime(2023, 12, 7, 17, 15)}, '15': {'team': 'IND', 'date': datetime.datetime(2023, 12, 16, 13, 30)}, '16': {'team': 'CIN', 'date': datetime.datetime(2023, 12, 23, 13, 30)}, '17': {'team': 'SEA', 'date': datetime.datetime(2023, 12, 31, 13, 5)}, '18': {'team': 'BAL', 'date': datetime.datetime(2024, 1, 6, 13, 30)}}","['QB', 'OP', 'BE', 'IR']",BE,,,,,,,,,,,,,,,,,,,,,447.0,297.0,150.0,204.66666667,26.0,606.0,299.0,145.0,114.0,53.0,23.0,54.0,24.0,23.0,7.0,4.0,2.0,2.0,2.0,8.0,0.66442953,45.0,7.0,11.0,9.0,2.0,,,,,,,,,,,,,,,,,,,,,,,,,,,,,,,,,,,,,,,,,,,,,,,,,,,,,,,,,,,,,,,,,,,,,,,,,,,,,,,,,,,,,,,,,,,,,,,,,,,,,,,,,,,,,,,,,,,,,,,,,,,,,,,,,,,,,,,,,,,,,,,,,,,,,,,4.0,,,,,,,,,,,,,,,,,,,,,,,,,,,,,,,,,,,,,,,,,,,,2023,,,135.0,38.0,,,,,,,,,,,,,,,,,,,,,,,,,,,,,,,,,
126.0,7.41,0.0,0.0,238.0,53.05882353,5.0,174.0,82.0,39.0,28.0,9.0,1.0,40.0,16.0,,,1.0,,3.78991597,39.0,13.70588235,,39.0,14.0,5.0,4.0,,2.0,44.0,269.0,5.97435897,,1.0,,,,,,2.0,15.0,30.0,5.0,,17.0,,,,,,,,,,,,,,,,,,,,,,,,,,,,,,,,,,,,,,,,,,,14.17647059,Chuba Hubbard,CAR,DRAFT,28,4241416,10,Ambler Thighs,RB,"{'1': {'team': 'ATL', 'date': datetime.datetime(2023, 9, 10, 10, 0)}, '2': {'team': 'NO', 'date': datetime.datetime(2023, 9, 18, 16, 15)}, '3': {'team': 'SEA', 'date': datetime.datetime(2023, 9, 24, 13, 5)}, '4': {'team': 'MIN', 'date': datetime.datetime(2023, 10, 1, 10, 0)}, '5': {'team': 'DET', 'date': datetime.datetime(2023, 10, 8, 10, 0)}, '6': {'team': 'MIA', 'date': datetime.datetime(2023, 10, 15, 10, 0)}, '8': {'team': 'HOU', 'date': datetime.datetime(2023, 10, 29, 10, 0)}, '9': {'team': 'IND', 'date': datetime.datetime(2023, 11, 5, 13, 5)}, '10': {'team': 'CHI', 'date': datetime.datetime(2023, 11, 9, 17, 15)}, '11': {'team': 'DAL', 'date': datetime.datetime(2023, 11, 19, 10, 0)}, '12': {'team': 'TEN', 'date': datetime.datetime(2023, 11, 26, 10, 0)}, '13': {'team': 'TB', 'date': datetime.datetime(2023, 12, 3, 13, 5)}, '14': {'team': 'NO', 'date': datetime.datetime(2023, 12, 10, 10, 0)}, '15': {'team': 'ATL', 'date': datetime.datetime(2023, 12, 17, 10, 0)}, '16': {'team': 'GB', 'date': datetime.datetime(2023, 12, 24, 10, 0)}, '17': {'team': 'JAX', 'date': datetime.datetime(2023, 12, 31, 10, 0)}, '18': {'team': 'TB', 'date': datetime.datetime(2024, 1, 7, 10, 0)}}","['RB', 'RB/WR', 'RB/WR/TE', 'OP', 'BE', 'IR']",RB,,,,,1.0,,,,,,,,,,,,,,,,,,,,,,,,,,,,,,,,,,,,,,,,,,,,,,,,,,,,,,,,,,,,,,,,,,,,,,,,,,,,,,,,,,,,,,,,,,,,,,,,,,,,,,,,,,,,,,,,,,,,,,,,,,,,,,,,,,,,,,,,,,,,,,,,,,,,,,,,,,,,,,,,,,,,,,,,,,,,,,,,,,,,,,,,,,,,,,,,,,,,,,,,,,,,,,,,,,,,,,,,,,,,,,,,,,,,,,,,,,,,2023,,,,59.0,9.0,,,,,,,,,,,,,,,,,,,,,,,,,,,,,,,,
283.0,17.69,0.0,0.0,39.0,9.0,2.0,24.0,9.0,3.0,2.0,1.0,,2.0,,,,,,3.69230769,,,,,,,,,,,,,2.0,6.0,,2.0,13.0,2.0,2.0,12.0,4.0,198.0,2.0,,16.0,,,,,,,,,,,,,,,,,,,,,,,,,,,,,,,,,,,,,,,,,,,15.0,Brock Purdy,SF,ADD,6,4361741,10,Ambler Thighs,BE,"{'1': {'team': 'PIT', 'date': datetime.datetime(2023, 9, 10, 10, 0)}, '2': {'team': 'LAR', 'date': datetime.datetime(2023, 9, 17, 13, 5)}, '3': {'team': 'NYG', 'date': datetime.datetime(2023, 9, 21, 17, 15)}, '4': {'team': 'ARI', 'date': datetime.datetime(2023, 10, 1, 13, 25)}, '5': {'team': 'DAL', 'date': datetime.datetime(2023, 10, 8, 17, 20)}, '6': {'team': 'CLE', 'date': datetime.datetime(2023, 10, 15, 10, 0)}, '7': {'team': 'MIN', 'date': datetime.datetime(2023, 10, 23, 17, 15)}, '8': {'team': 'CIN', 'date': datetime.datetime(2023, 10, 29, 13, 25)}, '10': {'team': 'JAX', 'date': datetime.datetime(2023, 11, 12, 10, 0)}, '11': {'team': 'TB', 'date': datetime.datetime(2023, 11, 19, 13, 5)}, '12': {'team': 'SEA', 'date': datetime.datetime(2023, 11, 23, 17, 20)}, '13': {'team': 'PHI', 'date': datetime.datetime(2023, 12, 3, 13, 25)}, '14': {'team': 'SEA', 'date': datetime.datetime(2023, 12, 10, 13, 5)}, '15': {'team': 'ARI', 'date': datetime.datetime(2023, 12, 17, 13, 5)}, '16': {'team': 'BAL', 'date': datetime.datetime(2023, 12, 25, 17, 15)}, '17': {'team': 'WSH', 'date': datetime.datetime(2023, 12, 31, 10, 0)}, '18': {'team': 'LAR', 'date': datetime.datetime(2024, 1, 7, 13, 25)}}","['QB', 'OP', 'BE', 'IR']",BE,,,,,,,,,,,,,,,,,,,,,444.0,308.0,136.0,267.5,31.0,851.0,422.0,207.0,164.0,79.0,36.0,55.0,23.0,19.0,4.0,7.0,3.0,5.0,,11.0,0.69369369,28.0,3.0,10.0,10.0,3.0,2.0,,,,,,,,,,,,,,,,,,,,,,,,,,,,,,,,,,,,,,,,,,,,,,,,,,,,,,,,,,,,,,,,,,,,,,,,,,,,,,,,,,,,,,,,,,,,,,,,,,,,,,,,,,,,,,,,,,,,,,,,,,,,,,,,,,,,,,,,,,,,,,,,,,,,,,1.0,,,,,,,,,,,,,,,,,,,,,,,,,,,,,,,,,,,,,,,,,,,,2023,,,192.0,15.0,,,,,,,,,,,,,,,,,,,,,,,,,,,,,,,,,
54.0,3.38,31.63,2.26,79.0,18.75,4.0,55.0,23.0,9.0,6.0,1.0,,10.0,2.0,,,,,3.79746835,17.0,7.4375,,19.0,7.0,3.0,,,,22.0,92.0,7.0,,1.0,,,,1.0,1.0,10.0,6.0,24.0,4.0,,16.0,41.81330274,12.48320652,1.344152671,0.065083683,35.0,17.0,8.0,7.0,3.0,8.0,4.0,0.078448794,0.054914156,0.080888003,0.002760397,4.232332738,3.987239078,0.282876031,0.014068576,0.034007092,0.022223635,11.0,5.0,2.0,2.0,1.0,8.950206018,1.0,,0.027992547,0.000865749,11.46353348,6.315494571,0.079152259,0.001357017,0.254036161,0.054376857,0.308413018,0.116856634,0.03045104,0.147307674,0.147307674,14.17647059,Latavius Murray,BUF,ADD,54,15920,10,Ambler Thighs,BE,"{'1': {'team': 'NYJ', 'date': datetime.datetime(2023, 9, 11, 17, 15)}, '2': {'team': 'LV', 'date': datetime.datetime(2023, 9, 17, 10, 0)}, '3': {'team': 'WSH', 'date': datetime.datetime(2023, 9, 24, 10, 0)}, '4': {'team': 'MIA', 'date': datetime.datetime(2023, 10, 1, 10, 0)}, '5': {'team': 'JAX', 'date': datetime.datetime(2023, 10, 8, 6, 30)}, '6': {'team': 'NYG', 'date': datetime.datetime(2023, 10, 15, 17, 20)}, '7': {'team': 'NE', 'date': datetime.datetime(2023, 10, 22, 10, 0)}, '8': {'team': 'TB', 'date': datetime.datetime(2023, 10, 26, 17, 15)}, '9': {'team': 'CIN', 'date': datetime.datetime(2023, 11, 5, 17, 20)}, '10': {'team': 'DEN', 'date': datetime.datetime(2023, 11, 13, 17, 15)}, '11': {'team': 'NYJ', 'date': datetime.datetime(2023, 11, 19, 13, 25)}, '12': {'team': 'PHI', 'date': datetime.datetime(2023, 11, 26, 13, 25)}, '14': {'team': 'KC', 'date': datetime.datetime(2023, 12, 10, 13, 25)}, '15': {'team': 'DAL', 'date': datetime.datetime(2023, 12, 17, 13, 25)}, '16': {'team': 'LAC', 'date': datetime.datetime(2023, 12, 23, 17, 0)}, '17': {'team': 'NE', 'date': datetime.datetime(2023, 12, 31, 10, 0)}, '18': {'team': 'MIA', 'date': datetime.datetime(2024, 1, 7, 17, 20)}}","['RB', 'RB/WR', 'RB/WR/TE', 'OP', 'BE', 'IR']",BE,,,,,1.0,,,,,,,,,,,,,,,,,,,,,,,,,,,,,,,,,,,,,,,,,,,,,,,,,,,,,,,,,,,,,,,,,,,,,,,,,,,,,,,,,,,,,,,,,,,,,,,,,,,,,,,,,,,,,,,,,,,,,,,,,,,,,,,,,,,,,,,,,,,,,,,,,,,,,,,,,,,,,,,,,,,,,,,,,,,,,,,,,,,,,,,,,,,,,,,,,,,,,,,,,,,,,,,,,,,,,,,,,,,,,,,,,,,,,,,,,,,,2023,,,,28.0,7.0,,,,,,,,,,,,,,,,,,,,,,,,,,,,,11.58972427,2.564746507,,
91.0,6.07,0.0,0.0,,,,,,,,,,,,,,,,,,,,,,,,,,,,,,,,,,,,10.0,5.0,89.0,,,15.0,,,,,,,,,,,,,,,,,,,,,,,,,,,,,,,,,,,,,,,,,,,17.0,Riley Patterson,JAX,ADD,29,4243371,10,Ambler Thighs,K,"{'1': {'team': 'IND', 'date': datetime.datetime(2023, 9, 10, 10, 0)}, '2': {'team': 'KC', 'date': datetime.datetime(2023, 9, 17, 10, 0)}, '3': {'team': 'HOU', 'date': datetime.datetime(2023, 9, 24, 10, 0)}, '4': {'team': 'ATL', 'date': datetime.datetime(2023, 10, 1, 6, 30)}, '5': {'team': 'BUF', 'date': datetime.datetime(2023, 10, 8, 6, 30)}, '6': {'team': 'IND', 'date': datetime.datetime(2023, 10, 15, 10, 0)}, '7': {'team': 'NO', 'date': datetime.datetime(2023, 10, 19, 17, 15)}, '8': {'team': 'PIT', 'date': datetime.datetime(2023, 10, 29, 10, 0)}, '10': {'team': 'SF', 'date': datetime.datetime(2023, 11, 12, 10, 0)}, '11': {'team': 'TEN', 'date': datetime.datetime(2023, 11, 19, 10, 0)}, '12': {'team': 'HOU', 'date': datetime.datetime(2023, 11, 26, 10, 0)}, '13': {'team': 'CIN', 'date': datetime.datetime(2023, 12, 4, 17, 15)}, '14': {'team': 'CLE', 'date': datetime.datetime(2023, 12, 10, 10, 0)}, '15': {'team': 'BAL', 'date': datetime.datetime(2023, 12, 17, 17, 20)}, '16': {'team': 'TB', 'date': datetime.datetime(2023, 12, 24, 13, 5)}, '17': {'team': 'CAR', 'date': datetime.datetime(2023, 12, 31, 10, 0)}, '18': {'team': 'TEN', 'date': datetime.datetime(2024, 1, 7, 10, 0)}}","['K', 'BE', 'IR']",K,,,,,,,,,,,,,,,,,,,,,,,,,,,,,,,,,,,,,,,,,,,,,,,,,,,,,,,,,,,,,,,,,,,,,,,,,,,,,,1.0,2.0,2.0,2.0,,13.0,14.0,1.0,16.0,18.0,2.0,41.0,44.0,3.0,1.0,2.0,,,,,,,,,,,,,,,,,,,,,,,,,,,,,,,,,,,,,,,,,,,,,,,,,,,,,,,,,,,,,,,,,,,,,,,,,,,,,,,,,,,,,,,,,,,,,,,,,,,,,,,,,1.0,1.0,,,,,,,,,,,,,,,,,,,,,,,,,,,,,,,,,,,,,,,,,,2023,,,,,,560.0,78.0,638.0,109.0,53.0,24.0,18.0,8.0,1.0,15.0,7.0,3.0,3.0,1.0,124.0,60.0,27.0,21.0,9.0,2.0,,,,,,,,,,,,
84.0,4.94,0.0,0.0,,,,,,,,,,,,,,,,,,,,,,,,,,,,,,,,,,690.0,1034.0,12.0,5.0,,,,17.0,,,,,,,,,,,,,,,,,,,,,,,,,,,,,,,,,,,,,,,,,,,17.0,Lions D/ST,DET,ADD,24,-16008,10,Ambler Thighs,D/ST,"{'1': {'team': 'KC', 'date': datetime.datetime(2023, 9, 7, 17, 20)}, '2': {'team': 'SEA', 'date': datetime.datetime(2023, 9, 17, 10, 0)}, '3': {'team': 'ATL', 'date': datetime.datetime(2023, 9, 24, 10, 0)}, '4': {'team': 'GB', 'date': datetime.datetime(2023, 9, 28, 17, 15)}, '5': {'team': 'CAR', 'date': datetime.datetime(2023, 10, 8, 10, 0)}, '6': {'team': 'TB', 'date': datetime.datetime(2023, 10, 15, 13, 25)}, '7': {'team': 'BAL', 'date': datetime.datetime(2023, 10, 22, 10, 0)}, '8': {'team': 'LV', 'date': datetime.datetime(2023, 10, 30, 17, 15)}, '10': {'team': 'LAC', 'date': datetime.datetime(2023, 11, 12, 13, 5)}, '11': {'team': 'CHI', 'date': datetime.datetime(2023, 11, 19, 10, 0)}, '12': {'team': 'GB', 'date': datetime.datetime(2023, 11, 23, 9, 30)}, '13': {'team': 'NO', 'date': datetime.datetime(2023, 12, 3, 10, 0)}, '14': {'team': 'CHI', 'date': datetime.datetime(2023, 12, 10, 10, 0)}, '15': {'team': 'DEN', 'date': datetime.datetime(2023, 12, 16, 17, 15)}, '16': {'team': 'MIN', 'date': datetime.datetime(2023, 12, 24, 10, 0)}, '17': {'team': 'DAL', 'date': datetime.datetime(2023, 12, 30, 17, 15)}, '18': {'team': 'MIN', 'date': datetime.datetime(2024, 1, 7, 10, 0)}}","['D/ST', 'BE', 'IR']",D/ST,,,,,,,421.0,37.0,12.0,,,,,,,,,,,,,,,,,,,,,,,,,,,,,,,,,,,,,,,,,,,,,,,,,,,,,,,,,,,,,,,,,344.0,,,13.0,,,,,,,,,,,,,,,,,,,,,,,,,,,,,,,,,,,6.0,0.0,2.0,1.0,1.0,1.0,16.0,1.0,1.0,41.0,82.0,,,1.0,1.0,337.0,199.0,75.0,79.0,331.0,26.0,7.0,377.0,4.0,4.0,3.0,2.0,5714.0,0.0,2.0,3.0,4.0,5.0,2.0,0.0,1.0,0.0,0.0,2.0,1.0,1.0,4.0,4.0,3.0,2.0,,,,,,,,,,,,,,,,,,,,,,,,,,,,,,,,,,,,,,,,,,,,,,,,,,,,,,,,,,,,,,,,,,,,,,,,,,,,,,,,,,,,,2023,,,,,,,,,,,,,,,,,,,,,,,,,,,,,,,,,,,,,
47.0,3.36,0.0,0.0,,,,,,,,,,,,,,,,,27.0,20.35714286,4.0,51.0,23.0,9.0,6.0,2.0,1.0,41.0,125.0,10.55555556,,,,,,1.0,1.0,5.0,9.0,24.0,,,14.0,,,,,,,,,,,,,,,,,,,,,,,,,,,,,,,,,,,,,,,,,,,14.11764706,Donald Parham Jr.,LAC,ADD,27,3912092,10,Ambler Thighs,BE,"{'1': {'team': 'MIA', 'date': datetime.datetime(2023, 9, 10, 13, 25)}, '2': {'team': 'TEN', 'date': datetime.datetime(2023, 9, 17, 10, 0)}, '3': {'team': 'MIN', 'date': datetime.datetime(2023, 9, 24, 10, 0)}, '4': {'team': 'LV', 'date': datetime.datetime(2023, 10, 1, 13, 5)}, '6': {'team': 'DAL', 'date': datetime.datetime(2023, 10, 16, 17, 15)}, '7': {'team': 'KC', 'date': datetime.datetime(2023, 10, 22, 13, 25)}, '8': {'team': 'CHI', 'date': datetime.datetime(2023, 10, 29, 17, 20)}, '9': {'team': 'NYJ', 'date': datetime.datetime(2023, 11, 6, 17, 15)}, '10': {'team': 'DET', 'date': datetime.datetime(2023, 11, 12, 13, 5)}, '11': {'team': 'GB', 'date': datetime.datetime(2023, 11, 19, 10, 0)}, '12': {'team': 'BAL', 'date': datetime.datetime(2023, 11, 26, 17, 20)}, '13': {'team': 'NE', 'date': datetime.datetime(2023, 12, 3, 10, 0)}, '14': {'team': 'DEN', 'date': datetime.datetime(2023, 12, 10, 13, 25)}, '15': {'team': 'LV', 'date': datetime.datetime(2023, 12, 14, 17, 15)}, '16': {'team': 'BUF', 'date': datetime.datetime(2023, 12, 23, 17, 0)}, '17': {'team': 'DEN', 'date': datetime.datetime(2023, 12, 31, 13, 25)}, '18': {'team': 'KC', 'date': datetime.datetime(2024, 1, 7, 13, 25)}}","['WR/TE', 'TE', 'RB/WR/TE', 'OP', 'BE', 'IR']",BE,,,,,,,,,,,,,,,,,,,3.0,,,,,,,,,,,,,,,,,,,,,,,,,,,,,,,,,,,,,,,,,,,,,,,,,,,,,,1.0,,,,,,,,,,,,,,,,,,,,,,,,,,,,,,,,,,,,,,,,,,,,,,,,,,,,,,,,,,,,,,,,,,,,,,,,,,,,,,,,,,,,,,,,,,,,,,,,,,,,,,,,,,,,,,,,,,,,,,,,,,,,,,,,,,,,,,,,,,,,,,,,,,,,,,,,,,,,,,,,,,,,,,,,2023,,,,,22.0,,,,,,,,,,,,,,,,,,,,,,,,,,,,,,,,
171.0,11.4,0.0,0.0,37.0,15.0,5.0,41.0,17.0,5.0,4.0,,,2.0,,,,,,6.08108108,60.0,59.46666667,7.0,173.0,82.0,38.0,29.0,11.0,6.0,89.0,527.0,14.86666667,,1.0,,,,,,12.0,3.0,72.0,2.0,,15.0,,,,,,,,,,,,,,,,,,,,,,,,,,,,,,,,,,,,,,,,,,,14.17647059,Deebo Samuel,SF,DRAFT,9,3126486,11,Gerald Pea's Football Team,BE,"{'1': {'team': 'PIT', 'date': datetime.datetime(2023, 9, 10, 10, 0)}, '2': {'team': 'LAR', 'date': datetime.datetime(2023, 9, 17, 13, 5)}, '3': {'team': 'NYG', 'date': datetime.datetime(2023, 9, 21, 17, 15)}, '4': {'team': 'ARI', 'date': datetime.datetime(2023, 10, 1, 13, 25)}, '5': {'team': 'DAL', 'date': datetime.datetime(2023, 10, 8, 17, 20)}, '6': {'team': 'CLE', 'date': datetime.datetime(2023, 10, 15, 10, 0)}, '7': {'team': 'MIN', 'date': datetime.datetime(2023, 10, 23, 17, 15)}, '8': {'team': 'CIN', 'date': datetime.datetime(2023, 10, 29, 13, 25)}, '10': {'team': 'JAX', 'date': datetime.datetime(2023, 11, 12, 10, 0)}, '11': {'team': 'TB', 'date': datetime.datetime(2023, 11, 19, 13, 5)}, '12': {'team': 'SEA', 'date': datetime.datetime(2023, 11, 23, 17, 20)}, '13': {'team': 'PHI', 'date': datetime.datetime(2023, 12, 3, 13, 25)}, '14': {'team': 'SEA', 'date': datetime.datetime(2023, 12, 10, 13, 5)}, '15': {'team': 'ARI', 'date': datetime.datetime(2023, 12, 17, 13, 5)}, '16': {'team': 'BAL', 'date': datetime.datetime(2023, 12, 25, 17, 15)}, '17': {'team': 'WSH', 'date': datetime.datetime(2023, 12, 31, 10, 0)}, '18': {'team': 'LAR', 'date': datetime.datetime(2024, 1, 7, 13, 25)}}","['RB/WR', 'WR', 'WR/TE', 'RB/WR/TE', 'OP', 'BE', 'IR']",BE,3.0,1.0,3.0,3.0,1.0,,154.0,15.0,5.0,,,,,,,,,,1.0,1.0,1.0,,1.0,,,,,,,,,,,,,,,,,,,,,,,,,,,,,,,,,,,,,,,,,,,,,,,,,,2.0,,2.0,1.0,,,,,,,,,,,,,,,,,,,,,,,,,,,,,,,,,,,,,,,,,,,,,,,,,,,,,,,,,,,,,,,,,,,,,,,,,,,,,,,,,,,,,,,,,,,,,,,,,,,,,,,,,,,,,,,,,,,,,,,,,,,,,,,,,,,,,,,,,,,,,,,,,,,,,,,,,,,,,,,,,,,,,2023,,,,13.0,34.0,,,,,,,,,,,,,,,,,,,,,,,,,,,,,,,,
146.0,9.73,0.0,0.0,,,,,,,,,,,,,,,,,72.0,83.33333333,5.0,243.0,116.0,53.0,42.0,17.0,8.0,128.0,271.0,17.36111111,,2.0,,1.0,1.0,1.0,1.0,10.0,5.0,32.0,,,15.0,,,,,,,,,,,,,,,,,,,,,,,,,,,,,,,,,,,,,,,,,,,15.11764706,Amari Cooper,CLE,DRAFT,17,2976499,11,Gerald Pea's Football Team,WR,"{'1': {'team': 'CIN', 'date': datetime.datetime(2023, 9, 10, 10, 0)}, '2': {'team': 'PIT', 'date': datetime.datetime(2023, 9, 18, 17, 15)}, '3': {'team': 'TEN', 'date': datetime.datetime(2023, 9, 24, 10, 0)}, '4': {'team': 'BAL', 'date': datetime.datetime(2023, 10, 1, 10, 0)}, '6': {'team': 'SF', 'date': datetime.datetime(2023, 10, 15, 10, 0)}, '7': {'team': 'IND', 'date': datetime.datetime(2023, 10, 22, 10, 0)}, '8': {'team': 'SEA', 'date': datetime.datetime(2023, 10, 29, 13, 5)}, '9': {'team': 'ARI', 'date': datetime.datetime(2023, 11, 5, 10, 0)}, '10': {'team': 'BAL', 'date': datetime.datetime(2023, 11, 12, 10, 0)}, '11': {'team': 'PIT', 'date': datetime.datetime(2023, 11, 19, 10, 0)}, '12': {'team': 'DEN', 'date': datetime.datetime(2023, 11, 26, 13, 5)}, '13': {'team': 'LAR', 'date': datetime.datetime(2023, 12, 3, 13, 25)}, '14': {'team': 'JAX', 'date': datetime.datetime(2023, 12, 10, 10, 0)}, '15': {'team': 'CHI', 'date': datetime.datetime(2023, 12, 17, 10, 0)}, '16': {'team': 'HOU', 'date': datetime.datetime(2023, 12, 24, 10, 0)}, '17': {'team': 'NYJ', 'date': datetime.datetime(2023, 12, 28, 17, 15)}, '18': {'team': 'CIN', 'date': datetime.datetime(2024, 1, 7, 10, 0)}}","['RB/WR', 'WR', 'WR/TE', 'RB/WR/TE', 'OP', 'BE', 'IR']",WR,3.0,2.0,6.0,4.0,2.0,1.0,,,,,,,,,,,,1.0,1.0,,,,,,,,,,,,,,,,,,,,,,,,,,,,,,,,,,,,,,,,,,,,,,,,,,,,1.0,,1.0,,,,,,,,,,,,,,,,,,,,,,,,,,,,,,,,,,,,,,,,,,,,,,,,,,,,,,,,,,,,,,,,,,,,,,,,,,,,,,,,,,,,,,,,,,,,,,,,,,,,,,,,,,,,,,,,,,,,,,,,,,1.0,,,,,,,,,,,,,,,,,,,,,,,,,,,,,,,,,,,,,,,,,,,,,,2023,,,,,50.0,,,,,,,,,,,,,,,,,,,,,,,,,,,,,,,,
230.0,15.33,0.0,0.0,209.0,67.46666667,18.0,198.0,94.0,45.0,31.0,10.0,2.0,37.0,16.0,1.0,,2.0,,4.84210526,25.0,11.66666667,3.0,30.0,12.0,4.0,3.0,1.0,1.0,32.0,213.0,7.0,2.0,4.0,1.0,1.0,1.0,,,11.0,4.0,126.0,13.0,,15.0,,,,,,,,,,,,,,,,,,,,,,,,,,,,,,,,,,,,,,,,,,,14.17647059,Raheem Mostert,MIA,DRAFT,2,2576414,11,Gerald Pea's Football Team,BE,"{'1': {'team': 'LAC', 'date': datetime.datetime(2023, 9, 10, 13, 25)}, '2': {'team': 'NE', 'date': datetime.datetime(2023, 9, 17, 17, 20)}, '3': {'team': 'DEN', 'date': datetime.datetime(2023, 9, 24, 10, 0)}, '4': {'team': 'BUF', 'date': datetime.datetime(2023, 10, 1, 10, 0)}, '5': {'team': 'NYG', 'date': datetime.datetime(2023, 10, 8, 10, 0)}, '6': {'team': 'CAR', 'date': datetime.datetime(2023, 10, 15, 10, 0)}, '7': {'team': 'PHI', 'date': datetime.datetime(2023, 10, 22, 17, 20)}, '8': {'team': 'NE', 'date': datetime.datetime(2023, 10, 29, 10, 0)}, '9': {'team': 'KC', 'date': datetime.datetime(2023, 11, 5, 6, 30)}, '11': {'team': 'LV', 'date': datetime.datetime(2023, 11, 19, 10, 0)}, '12': {'team': 'NYJ', 'date': datetime.datetime(2023, 11, 24, 12, 0)}, '13': {'team': 'WSH', 'date': datetime.datetime(2023, 12, 3, 10, 0)}, '14': {'team': 'TEN', 'date': datetime.datetime(2023, 12, 11, 17, 15)}, '15': {'team': 'NYJ', 'date': datetime.datetime(2023, 12, 17, 10, 0)}, '16': {'team': 'DAL', 'date': datetime.datetime(2023, 12, 24, 13, 25)}, '17': {'team': 'BAL', 'date': datetime.datetime(2023, 12, 31, 10, 0)}, '18': {'team': 'BUF', 'date': datetime.datetime(2024, 1, 7, 17, 20)}}","['RB', 'RB/WR', 'RB/WR/TE', 'OP', 'BE', 'IR']",BE,,,,,2.0,,,,,,,,,,,,,,2.0,,,,,,,,,,,,,,,,,,,,,,,,,,,,,,,,,,,,,,,,,,,,,,,,,,,,,,1.0,,2.0,1.0,,,,,,,,,,,,,,,,,,,,,,,,,,,,,,,,,,,,,,,,,,,,,,,,,,,,,,,,,,,,,,,,,,,,,,,,,,,,,,,,,,,,,,,,,,,,,,,,,,,,,,,,,,,,,,,,,,,,,,,,1.0,,,,,,,,,,,,,,,,,,,,,,,,,,,,,,,,,,,,,,,,,,,,,2023,,,,59.0,6.0,,,,,,,,,,,,,,,,,,,,,,,,,,,,,,,,
174.0,11.6,0.0,0.0,1.0,0.46666667,,1.0,,,,,,,,,,,,7.0,80.0,86.46666667,8.0,254.0,124.0,58.0,45.0,18.0,8.0,109.0,549.0,16.2125,,1.0,,,,1.0,1.0,8.0,7.0,50.0,,,15.0,,,,,,,,,,,,,,,,,,,,,,,,,,,,,,,,,,,,,,,,,,,15.11764706,Nico Collins,HOU,ADD,8,4258173,11,Gerald Pea's Football Team,WR,"{'1': {'team': 'BAL', 'date': datetime.datetime(2023, 9, 10, 10, 0)}, '2': {'team': 'IND', 'date': datetime.datetime(2023, 9, 17, 10, 0)}, '3': {'team': 'JAX', 'date': datetime.datetime(2023, 9, 24, 10, 0)}, '4': {'team': 'PIT', 'date': datetime.datetime(2023, 10, 1, 10, 0)}, '5': {'team': 'ATL', 'date': datetime.datetime(2023, 10, 8, 10, 0)}, '6': {'team': 'NO', 'date': datetime.datetime(2023, 10, 15, 10, 0)}, '8': {'team': 'CAR', 'date': datetime.datetime(2023, 10, 29, 10, 0)}, '9': {'team': 'TB', 'date': datetime.datetime(2023, 11, 5, 10, 0)}, '10': {'team': 'CIN', 'date': datetime.datetime(2023, 11, 12, 10, 0)}, '11': {'team': 'ARI', 'date': datetime.datetime(2023, 11, 19, 10, 0)}, '12': {'team': 'JAX', 'date': datetime.datetime(2023, 11, 26, 10, 0)}, '13': {'team': 'DEN', 'date': datetime.datetime(2023, 12, 3, 10, 0)}, '14': {'team': 'NYJ', 'date': datetime.datetime(2023, 12, 10, 10, 0)}, '15': {'team': 'TEN', 'date': datetime.datetime(2023, 12, 17, 10, 0)}, '16': {'team': 'CLE', 'date': datetime.datetime(2023, 12, 24, 10, 0)}, '17': {'team': 'TEN', 'date': datetime.datetime(2023, 12, 31, 10, 0)}, '18': {'team': 'IND', 'date': datetime.datetime(2024, 1, 6, 17, 15)}}","['RB/WR', 'WR', 'WR/TE', 'RB/WR/TE', 'OP', 'BE', 'IR']",WR,2.0,2.0,5.0,5.0,1.0,,,,,,,,,,,,,,4.0,,,,,,,,,,,,,,,,,,,,,,,,,,,,,,,,,,,,,,,,,,,,,,,,,,,,1.0,,2.0,,,,1.0,,,,,,,,,,,,,,,,,,,,,,,,,,,,,,,,,,,,,,,,,,,,,,,,,,,,,,,,,,,,,,,,,,,,,,,,,,,,,,,,,,,,,,,,,,,,,,,,,,,,,,,,,,,,,,,,,,,,,,,,,,,,,,,,,,,,,,,,,,,,,,,,,,,,,,,,,,,,,,,,,,,,2023,,,,,52.0,,,,,,,,,,,,,,,,,,,,,,,,,,,,,,,,
98.0,5.76,0.0,0.0,,,,,,,,,,,,,,,,,71.0,44.76470588,5.0,146.0,68.0,29.0,22.0,5.0,7.0,102.0,425.0,10.71830986,,,,,,,,12.0,5.0,30.0,,,17.0,,,,,,,,,,,,,,,,,,,,,,,,,,,,,,,,,,,,,,,,,,,15.11764706,Jake Ferguson,DAL,ADD,8,4242355,11,Gerald Pea's Football Team,TE,"{'1': {'team': 'NYG', 'date': datetime.datetime(2023, 9, 10, 17, 20)}, '2': {'team': 'NYJ', 'date': datetime.datetime(2023, 9, 17, 13, 25)}, '3': {'team': 'ARI', 'date': datetime.datetime(2023, 9, 24, 13, 25)}, '4': {'team': 'NE', 'date': datetime.datetime(2023, 10, 1, 13, 25)}, '5': {'team': 'SF', 'date': datetime.datetime(2023, 10, 8, 17, 20)}, '6': {'team': 'LAC', 'date': datetime.datetime(2023, 10, 16, 17, 15)}, '8': {'team': 'LAR', 'date': datetime.datetime(2023, 10, 29, 10, 0)}, '9': {'team': 'PHI', 'date': datetime.datetime(2023, 11, 5, 13, 25)}, '10': {'team': 'NYG', 'date': datetime.datetime(2023, 11, 12, 13, 25)}, '11': {'team': 'CAR', 'date': datetime.datetime(2023, 11, 19, 10, 0)}, '12': {'team': 'WSH', 'date': datetime.datetime(2023, 11, 23, 13, 30)}, '13': {'team': 'SEA', 'date': datetime.datetime(2023, 11, 30, 17, 15)}, '14': {'team': 'PHI', 'date': datetime.datetime(2023, 12, 10, 17, 20)}, '15': {'team': 'BUF', 'date': datetime.datetime(2023, 12, 17, 13, 25)}, '16': {'team': 'MIA', 'date': datetime.datetime(2023, 12, 24, 13, 25)}, '17': {'team': 'DET', 'date': datetime.datetime(2023, 12, 30, 17, 15)}, '18': {'team': 'WSH', 'date': datetime.datetime(2024, 1, 7, 13, 25)}}","['WR/TE', 'TE', 'RB/WR/TE', 'OP', 'BE', 'IR']",TE,,,,,,,,,,,,,,,,,,,3.0,,,,,,,,,,,,,,,,,,,,,,,,,,,,,,,,,,,,,,,,,,,,,,,,,,,,,,2.0,,,,,,,,,,,,,,,,,,,,,,,,,,,,,,,,,,,,,,,,,,,,,,,,,,,,,,,,,,,,,,,,,,,,,,,,,,,,,,,,,,,,,,,,,,,,,,,,,,,,,,,,,,,,,,,,,,,,,,,,,,,,,,,,,,,,,,,,,,,,,,,,,,,,,,,,,,,,,,,,,,,,,,,,2023,,,,,40.0,,,,,,,,,,,,,,,,,,,,,,,,,,,,,,,,
95.0,6.79,0.0,0.0,,,,,,,,,,,,,,,,,51.0,51.21428571,5.0,139.0,65.0,28.0,23.0,8.0,3.0,87.0,261.0,14.05882353,,1.0,,,,1.0,1.0,8.0,6.0,30.0,,,14.0,,,,,,,,,,,,,,,,,,,,,,,,,,,,,,,,,,,,,,,,,,,15.11764706,Diontae Johnson,CAR,ADD,43,3932905,11,Gerald Pea's Football Team,BE,"{'1': {'team': 'ATL', 'date': datetime.datetime(2023, 9, 10, 10, 0)}, '2': {'team': 'NO', 'date': datetime.datetime(2023, 9, 18, 16, 15)}, '3': {'team': 'SEA', 'date': datetime.datetime(2023, 9, 24, 13, 5)}, '4': {'team': 'MIN', 'date': datetime.datetime(2023, 10, 1, 10, 0)}, '5': {'team': 'DET', 'date': datetime.datetime(2023, 10, 8, 10, 0)}, '6': {'team': 'MIA', 'date': datetime.datetime(2023, 10, 15, 10, 0)}, '8': {'team': 'HOU', 'date': datetime.datetime(2023, 10, 29, 10, 0)}, '9': {'team': 'IND', 'date': datetime.datetime(2023, 11, 5, 13, 5)}, '10': {'team': 'CHI', 'date': datetime.datetime(2023, 11, 9, 17, 15)}, '11': {'team': 'DAL', 'date': datetime.datetime(2023, 11, 19, 10, 0)}, '12': {'team': 'TEN', 'date': datetime.datetime(2023, 11, 26, 10, 0)}, '13': {'team': 'TB', 'date': datetime.datetime(2023, 12, 3, 13, 5)}, '14': {'team': 'NO', 'date': datetime.datetime(2023, 12, 10, 10, 0)}, '15': {'team': 'ATL', 'date': datetime.datetime(2023, 12, 17, 10, 0)}, '16': {'team': 'GB', 'date': datetime.datetime(2023, 12, 24, 10, 0)}, '17': {'team': 'JAX', 'date': datetime.datetime(2023, 12, 31, 10, 0)}, '18': {'team': 'TB', 'date': datetime.datetime(2024, 1, 7, 10, 0)}}","['RB/WR', 'WR', 'WR/TE', 'RB/WR/TE', 'OP', 'BE', 'IR']",BE,1.0,1.0,,,1.0,,,,,,,,,,,,,,3.0,1.0,,,,,,,,,,,,,,,,,,,,,,,,,,,,,,,,,,,,,,,,,,,,,,,,,,,,,,,,,,,,,,,,,,,,,,,,,,,,,,,,,,,,,,,,,,,,,,,,,,,,,,,,,,,,,,,,,,,,,,,,,,,,,,,,,,,,,,,,,,,,,,,,,,,,,,,,,,,,,,,,,,,,,,,,,,,,,,,,,,,,,,,,,,,,,,,,,,,,,,,,,,,,,,,,,,,,,,,,,,,,,2023,,,,,37.0,,,,,,,,,,,,,,,,,,,,,,,,,,,,,,,,
135.0,7.94,0.0,0.0,,,,,,,,,,,,,,,,,,,,,,,,,,,,,,,,,,,,9.0,8.0,118.0,,,17.0,,,,,,,,,,,,,,,,,,,,,,,,,,,,,,,,,,,,,,,,,,,17.0,Evan McPherson,CIN,ADD,14,4360234,11,Gerald Pea's Football Team,K,"{'1': {'team': 'CLE', 'date': datetime.datetime(2023, 9, 10, 10, 0)}, '2': {'team': 'BAL', 'date': datetime.datetime(2023, 9, 17, 10, 0)}, '3': {'team': 'LAR', 'date': datetime.datetime(2023, 9, 25, 17, 15)}, '4': {'team': 'TEN', 'date': datetime.datetime(2023, 10, 1, 10, 0)}, '5': {'team': 'ARI', 'date': datetime.datetime(2023, 10, 8, 13, 5)}, '6': {'team': 'SEA', 'date': datetime.datetime(2023, 10, 15, 10, 0)}, '8': {'team': 'SF', 'date': datetime.datetime(2023, 10, 29, 13, 25)}, '9': {'team': 'BUF', 'date': datetime.datetime(2023, 11, 5, 17, 20)}, '10': {'team': 'HOU', 'date': datetime.datetime(2023, 11, 12, 10, 0)}, '11': {'team': 'BAL', 'date': datetime.datetime(2023, 11, 16, 17, 15)}, '12': {'team': 'PIT', 'date': datetime.datetime(2023, 11, 26, 10, 0)}, '13': {'team': 'JAX', 'date': datetime.datetime(2023, 12, 4, 17, 15)}, '14': {'team': 'IND', 'date': datetime.datetime(2023, 12, 10, 10, 0)}, '15': {'team': 'MIN', 'date': datetime.datetime(2023, 12, 16, 10, 0)}, '16': {'team': 'PIT', 'date': datetime.datetime(2023, 12, 23, 13, 30)}, '17': {'team': 'KC', 'date': datetime.datetime(2023, 12, 31, 13, 25)}, '18': {'team': 'CLE', 'date': datetime.datetime(2024, 1, 7, 10, 0)}}","['K', 'BE', 'IR']",K,,,,,,,,,,,,,,,,,,,,,,,,,,,,,,,,,,,,,,,,,,,,,,,,,,,,,,,,,,,,,,,,,,,,,,,,,,,,,,7.0,12.0,8.0,8.0,,11.0,11.0,,26.0,31.0,5.0,40.0,40.0,,7.0,12.0,,,,,,,,,,,,,,,,,,,,,,,,,,,,,,,,,,,,,,,,,,,,,,,,,,,,,,,,,,,,,,,,,,,,,,,,,,,,,,,,,,,,,,,,,,,,,,,,,,,,,,,,,5.0,5.0,,,,,,,,,,,,,,,,,,,,,,,,,,,,,,,,,,,,,,,,,,2023,,,,,,1052.0,267.0,1319.0,205.0,99.0,47.0,35.0,13.0,3.0,52.0,25.0,10.0,10.0,5.0,258.0,125.0,60.0,45.0,18.0,5.0,,,,,,,,,,,,
95.0,10.56,0.0,0.0,25.0,6.33333333,1.0,11.0,4.0,1.0,1.0,,,1.0,,,,,,2.28,,,,,,,,,,,,,2.0,7.0,2.0,4.0,8.0,,,3.0,6.0,54.0,1.0,,9.0,,,,,,,,,,,,,,,,,,,,,,,,,,,,,,,,,,,,,,,,,,,15.0,Will Levis,TEN,ADD,33,4361418,11,Gerald Pea's Football Team,BE,"{'1': {'team': 'NO', 'date': datetime.datetime(2023, 9, 10, 10, 0)}, '2': {'team': 'LAC', 'date': datetime.datetime(2023, 9, 17, 10, 0)}, '3': {'team': 'CLE', 'date': datetime.datetime(2023, 9, 24, 10, 0)}, '4': {'team': 'CIN', 'date': datetime.datetime(2023, 10, 1, 10, 0)}, '5': {'team': 'IND', 'date': datetime.datetime(2023, 10, 8, 10, 0)}, '6': {'team': 'BAL', 'date': datetime.datetime(2023, 10, 15, 6, 30)}, '8': {'team': 'ATL', 'date': datetime.datetime(2023, 10, 29, 10, 0)}, '9': {'team': 'PIT', 'date': datetime.datetime(2023, 11, 2, 17, 15)}, '10': {'team': 'TB', 'date': datetime.datetime(2023, 11, 12, 10, 0)}, '11': {'team': 'JAX', 'date': datetime.datetime(2023, 11, 19, 10, 0)}, '12': {'team': 'CAR', 'date': datetime.datetime(2023, 11, 26, 10, 0)}, '13': {'team': 'IND', 'date': datetime.datetime(2023, 12, 3, 10, 0)}, '14': {'team': 'MIA', 'date': datetime.datetime(2023, 12, 11, 17, 15)}, '15': {'team': 'HOU', 'date': datetime.datetime(2023, 12, 17, 10, 0)}, '16': {'team': 'SEA', 'date': datetime.datetime(2023, 12, 24, 10, 0)}, '17': {'team': 'HOU', 'date': datetime.datetime(2023, 12, 31, 10, 0)}, '18': {'team': 'JAX', 'date': datetime.datetime(2024, 1, 7, 10, 0)}}","['Rookie', 'QB', 'OP', 'BE', 'IR']",BE,,,,,,,,,,,,,,,,,,,,,255.0,149.0,106.0,200.88888889,8.0,357.0,175.0,85.0,67.0,31.0,13.0,25.0,10.0,18.0,7.0,3.0,1.0,1.0,1.0,4.0,0.58431373,28.0,5.0,3.0,1.0,,1.0,,,,,,,,,,,,,,,,,,,,,,,,,,,,,,,,,,,,,,,,,,,,,,,,,,,,,,,,,,,,,,,,,1.0,,,,,,,,,,,,,,,,,,,,,,,,,,,,,,,,,,,,,,,,,,,,,,,,,,,,,,,,,,,,,,,,,,,,,,,,,,,,,,,,,,,,,2.0,,,,,,,,,,,,,,,,,,,,,,,,,,,,,,,,,,,,,,,,,,,,2023,,,81.0,7.0,,,,,,,,,,,,,,,,,,,,,,,,,,,,,,,,,
76.0,7.6,0.0,0.0,109.0,42.5,4.0,83.0,40.0,18.0,14.0,5.0,,20.0,7.0,,,,,3.89908257,11.0,7.7,1.0,13.0,6.0,2.0,1.0,,,16.0,64.0,7.0,1.0,1.0,,,,,,3.0,7.0,30.0,4.0,,10.0,,,,,,,,,,,,,,,,,,,,,,,,,,,,,,,,,,,,,,,,,,,13.35294118,D'Onta Foreman,CLE,ADD,42,3125116,11,Gerald Pea's Football Team,BE,"{'1': {'team': 'CIN', 'date': datetime.datetime(2023, 9, 10, 10, 0)}, '2': {'team': 'PIT', 'date': datetime.datetime(2023, 9, 18, 17, 15)}, '3': {'team': 'TEN', 'date': datetime.datetime(2023, 9, 24, 10, 0)}, '4': {'team': 'BAL', 'date': datetime.datetime(2023, 10, 1, 10, 0)}, '6': {'team': 'SF', 'date': datetime.datetime(2023, 10, 15, 10, 0)}, '7': {'team': 'IND', 'date': datetime.datetime(2023, 10, 22, 10, 0)}, '8': {'team': 'SEA', 'date': datetime.datetime(2023, 10, 29, 13, 5)}, '9': {'team': 'ARI', 'date': datetime.datetime(2023, 11, 5, 10, 0)}, '10': {'team': 'BAL', 'date': datetime.datetime(2023, 11, 12, 10, 0)}, '11': {'team': 'PIT', 'date': datetime.datetime(2023, 11, 19, 10, 0)}, '12': {'team': 'DEN', 'date': datetime.datetime(2023, 11, 26, 13, 5)}, '13': {'team': 'LAR', 'date': datetime.datetime(2023, 12, 3, 13, 25)}, '14': {'team': 'JAX', 'date': datetime.datetime(2023, 12, 10, 10, 0)}, '15': {'team': 'CHI', 'date': datetime.datetime(2023, 12, 17, 10, 0)}, '16': {'team': 'HOU', 'date': datetime.datetime(2023, 12, 24, 10, 0)}, '17': {'team': 'NYJ', 'date': datetime.datetime(2023, 12, 28, 17, 15)}, '18': {'team': 'CIN', 'date': datetime.datetime(2024, 1, 7, 10, 0)}}","['RB', 'RB/WR', 'RB/WR/TE', 'OP', 'BE', 'IR']",BE,,,,,,,,,,,,,,,,,,,1.0,,,,,,,,,,,,,,,,,,,,,,,,,,,,,,,,,,,,,,,,,,,,,,,,,,,,,,,,,,,,,,,,,,,,,,,,,,,,,,,,,,,,,,,,,,,,,,,,,,,,,,,,,,,,,,,,,,,,,,,,,,,,,,,,,,,,,,,,,,,,,,,,,,,,,,,,,,,,,,,,,,,,,,,,,,,,,,,,,,,,,,,,,,,,,,,,,,,,,,,,,,,,,,,,,,,,,,,,,,,,,,2023,,,,24.0,6.0,,,,,,,,,,,,,,,,,,,,,,,,,,,,,,,,
126.0,7.41,0.0,0.0,216.0,52.82352941,4.0,175.0,84.0,38.0,29.0,11.0,3.0,36.0,14.0,,,3.0,,4.15740741,30.0,11.35294118,,32.0,14.0,4.0,3.0,1.0,1.0,38.0,217.0,6.43333333,1.0,1.0,,,,1.0,2.0,10.0,7.0,30.0,3.0,,17.0,,,,,,,,,,,,,,,,,,,,,,,,,,,,,,,,,,,,,,,,,,,14.17647059,Devin Singletary,NYG,ADD,28,4040761,11,Gerald Pea's Football Team,RB,"{'1': {'team': 'DAL', 'date': datetime.datetime(2023, 9, 10, 17, 20)}, '2': {'team': 'ARI', 'date': datetime.datetime(2023, 9, 17, 13, 5)}, '3': {'team': 'SF', 'date': datetime.datetime(2023, 9, 21, 17, 15)}, '4': {'team': 'SEA', 'date': datetime.datetime(2023, 10, 2, 17, 15)}, '5': {'team': 'MIA', 'date': datetime.datetime(2023, 10, 8, 10, 0)}, '6': {'team': 'BUF', 'date': datetime.datetime(2023, 10, 15, 17, 20)}, '7': {'team': 'WSH', 'date': datetime.datetime(2023, 10, 22, 10, 0)}, '8': {'team': 'NYJ', 'date': datetime.datetime(2023, 10, 29, 10, 0)}, '9': {'team': 'LV', 'date': datetime.datetime(2023, 11, 5, 13, 25)}, '10': {'team': 'DAL', 'date': datetime.datetime(2023, 11, 12, 13, 25)}, '11': {'team': 'WSH', 'date': datetime.datetime(2023, 11, 19, 10, 0)}, '12': {'team': 'NE', 'date': datetime.datetime(2023, 11, 26, 10, 0)}, '14': {'team': 'GB', 'date': datetime.datetime(2023, 12, 11, 17, 15)}, '15': {'team': 'NO', 'date': datetime.datetime(2023, 12, 17, 10, 0)}, '16': {'team': 'PHI', 'date': datetime.datetime(2023, 12, 25, 13, 30)}, '17': {'team': 'LAR', 'date': datetime.datetime(2023, 12, 31, 10, 0)}, '18': {'team': 'PHI', 'date': datetime.datetime(2024, 1, 7, 13, 25)}}","['RB', 'RB/WR', 'RB/WR/TE', 'OP', 'BE', 'IR']",RB,,,,,,,90.0,7.0,2.0,,,,,,,,,,,,1.0,1.0,,0.35294118,1.0,1.0,,,,,,,,,,,,,,,1.0,,,1.0,,,,,,,,,,,,,,,,,,,,,,,,,,,,,,1.0,1.0,,,,,,,,,,,,,,,,,,,,,,,,,,,,,,,,,,,,,,,,,,,,,,,,,,,,,,,,,,,,,,,,,,,,,,,,,,,,,,,,,,,,,,,,,,,,,,,,,,,,,,,,,,,,,,,,,,,,,,,,,,,,,,,,,,,,,,,,,,,,,,,,,,,,,,,,,,,,,,,,,,,,,,2023,,,1.0,40.0,8.0,,,,,,,,,,,,,,,,,,,,,,,,,,,,,,,,
142.0,8.88,0.0,0.0,39.0,15.8125,,44.0,20.0,7.0,3.0,,,1.0,,,,,,6.48717949,,,,,,,,,,,,,2.0,11.0,,6.0,16.0,,,2.0,14.0,68.0,,,16.0,,,,,,,,,,,,,,,,,,,,,,,,,,,,,,,,,,,,,,,,,,,15.0,Bryce Young,CAR,ADD,24,4685720,11,Gerald Pea's Football Team,BE,"{'1': {'team': 'ATL', 'date': datetime.datetime(2023, 9, 10, 10, 0)}, '2': {'team': 'NO', 'date': datetime.datetime(2023, 9, 18, 16, 15)}, '3': {'team': 'SEA', 'date': datetime.datetime(2023, 9, 24, 13, 5)}, '4': {'team': 'MIN', 'date': datetime.datetime(2023, 10, 1, 10, 0)}, '5': {'team': 'DET', 'date': datetime.datetime(2023, 10, 8, 10, 0)}, '6': {'team': 'MIA', 'date': datetime.datetime(2023, 10, 15, 10, 0)}, '8': {'team': 'HOU', 'date': datetime.datetime(2023, 10, 29, 10, 0)}, '9': {'team': 'IND', 'date': datetime.datetime(2023, 11, 5, 13, 5)}, '10': {'team': 'CHI', 'date': datetime.datetime(2023, 11, 9, 17, 15)}, '11': {'team': 'DAL', 'date': datetime.datetime(2023, 11, 19, 10, 0)}, '12': {'team': 'TEN', 'date': datetime.datetime(2023, 11, 26, 10, 0)}, '13': {'team': 'TB', 'date': datetime.datetime(2023, 12, 3, 13, 5)}, '14': {'team': 'NO', 'date': datetime.datetime(2023, 12, 10, 10, 0)}, '15': {'team': 'ATL', 'date': datetime.datetime(2023, 12, 17, 10, 0)}, '16': {'team': 'GB', 'date': datetime.datetime(2023, 12, 24, 10, 0)}, '17': {'team': 'JAX', 'date': datetime.datetime(2023, 12, 31, 10, 0)}, '18': {'team': 'TB', 'date': datetime.datetime(2024, 1, 7, 10, 0)}}","['Rookie', 'QB', 'OP', 'BE', 'IR']",BE,,,,,,,,,,,,,,,,,,,,,527.0,315.0,212.0,179.8125,11.0,568.0,280.0,135.0,106.0,49.0,21.0,57.0,25.0,36.0,13.0,,,1.0,1.0,10.0,0.59772296,62.0,8.0,8.0,3.0,,,,,,,,,,,,,,,,,,,,,,,,,,,,,,,,,,,,,,,,,,,,,,,,,,,,,,,,,,,,,,,,,,,,,,,,,,,,,,,,,,,,,,,,,,,,,,,,,,,,,,,,,,,,,,,,,,,,,,,,,,,,,,,,,,,,,,,,,,,,,,,,,,,,,,,,6.0,,,,,1.0,,,,,,,,,,,,,,,,,,,,,,,,,,,,,,,,,,,,,,,2023,,,133.0,18.0,,,,,,,,,,,,,,,,,,,,,,,,,,,,,,,,,
218.0,14.53,0.0,0.0,37.0,10.33333333,1.0,29.0,13.0,5.0,2.0,,,1.0,,,,,,4.18918919,1.0,-0.13333333,,,,,,,,1.0,6.0,-2.0,1.0,5.0,1.0,3.0,12.0,,,8.0,7.0,126.0,1.0,,15.0,,,,,,,,,,,,,,,,,,,,,,,,,,,,,,,,,,,,,,,,,,,15.0,Geno Smith,SEA,ADD,18,15864,11,Gerald Pea's Football Team,QB,"{'1': {'team': 'LAR', 'date': datetime.datetime(2023, 9, 10, 13, 25)}, '2': {'team': 'DET', 'date': datetime.datetime(2023, 9, 17, 10, 0)}, '3': {'team': 'CAR', 'date': datetime.datetime(2023, 9, 24, 13, 5)}, '4': {'team': 'NYG', 'date': datetime.datetime(2023, 10, 2, 17, 15)}, '6': {'team': 'CIN', 'date': datetime.datetime(2023, 10, 15, 10, 0)}, '7': {'team': 'ARI', 'date': datetime.datetime(2023, 10, 22, 13, 5)}, '8': {'team': 'CLE', 'date': datetime.datetime(2023, 10, 29, 13, 5)}, '9': {'team': 'BAL', 'date': datetime.datetime(2023, 11, 5, 10, 0)}, '10': {'team': 'WSH', 'date': datetime.datetime(2023, 11, 12, 13, 25)}, '11': {'team': 'LAR', 'date': datetime.datetime(2023, 11, 19, 13, 25)}, '12': {'team': 'SF', 'date': datetime.datetime(2023, 11, 23, 17, 20)}, '13': {'team': 'DAL', 'date': datetime.datetime(2023, 11, 30, 17, 15)}, '14': {'team': 'SF', 'date': datetime.datetime(2023, 12, 10, 13, 5)}, '15': {'team': 'PHI', 'date': datetime.datetime(2023, 12, 18, 17, 15)}, '16': {'team': 'TEN', 'date': datetime.datetime(2023, 12, 24, 10, 0)}, '17': {'team': 'PIT', 'date': datetime.datetime(2023, 12, 31, 13, 5)}, '18': {'team': 'ARI', 'date': datetime.datetime(2024, 1, 7, 13, 25)}}","['QB', 'OP', 'BE', 'IR']",QB,,,,,,,,,,,,,,,,,,,,,499.0,323.0,176.0,241.6,20.0,718.0,355.0,173.0,139.0,65.0,29.0,58.0,26.0,29.0,11.0,2.0,2.0,4.0,2.0,9.0,0.64729459,31.0,5.0,10.0,6.0,1.0,1.0,,,,,,,,,,,,,,,,,,,,,,,,,,,,,,,,,,,,,,,,,,,,,,,,,,,,,,,,,,,,,,,,,,,,,,,,,,,,,,,,,,,,,,,,,,,,,,,,,,,,,,,,,,,,,,,,,,,,,,,,,,,,,,,,,,,,,,,,,,,,,,,,,,,,,,2.0,,,,,,,,,,,,,,,,,,,,,,,,,,,,,,,,,,,,,,,,,,,,2023,,,169.0,10.0,,,,,,,,,,,,,,,,,,,,,,,,,,,,,,,,,
114.0,6.71,0.0,0.0,,,,,,,,,,,,,,,,,,,,,,,,,,,,,,,,,,744.0,1193.0,10.0,7.0,,,,17.0,,,,,,,,,,,,,,,,,,,,,,,,,,,,,,,,,,,,,,,,,,,17.0,Texans D/ST,HOU,ADD,13,-16034,11,Gerald Pea's Football Team,D/ST,"{'1': {'team': 'BAL', 'date': datetime.datetime(2023, 9, 10, 10, 0)}, '2': {'team': 'IND', 'date': datetime.datetime(2023, 9, 17, 10, 0)}, '3': {'team': 'JAX', 'date': datetime.datetime(2023, 9, 24, 10, 0)}, '4': {'team': 'PIT', 'date': datetime.datetime(2023, 10, 1, 10, 0)}, '5': {'team': 'ATL', 'date': datetime.datetime(2023, 10, 8, 10, 0)}, '6': {'team': 'NO', 'date': datetime.datetime(2023, 10, 15, 10, 0)}, '8': {'team': 'CAR', 'date': datetime.datetime(2023, 10, 29, 10, 0)}, '9': {'team': 'TB', 'date': datetime.datetime(2023, 11, 5, 10, 0)}, '10': {'team': 'CIN', 'date': datetime.datetime(2023, 11, 12, 10, 0)}, '11': {'team': 'ARI', 'date': datetime.datetime(2023, 11, 19, 10, 0)}, '12': {'team': 'JAX', 'date': datetime.datetime(2023, 11, 26, 10, 0)}, '13': {'team': 'DEN', 'date': datetime.datetime(2023, 12, 3, 10, 0)}, '14': {'team': 'NYJ', 'date': datetime.datetime(2023, 12, 10, 10, 0)}, '15': {'team': 'TEN', 'date': datetime.datetime(2023, 12, 17, 10, 0)}, '16': {'team': 'CLE', 'date': datetime.datetime(2023, 12, 24, 10, 0)}, '17': {'team': 'TEN', 'date': datetime.datetime(2023, 12, 31, 10, 0)}, '18': {'team': 'IND', 'date': datetime.datetime(2024, 1, 6, 17, 15)}}","['D/ST', 'BE', 'IR']",D/ST,,,,,,,613.0,57.0,18.0,,,,,,,,,,,,,,,,,,,,,,,,,,,,,,,,,,,,,,,,,,,,,,,,,,,,,,,,,,,,,,,,,449.0,,,15.0,,,,,,,,,,,,,,,,,,,,,,,,,,,,,,,,,,,9.0,0.0,2.0,2.0,5.0,1.0,14.0,1.0,,46.0,92.0,2.0,,,3.0,393.0,232.0,99.0,70.0,292.0,23.0,4.0,345.0,1.0,3.0,2.0,2.0,5622.0,0.0,1.0,5.0,3.0,3.0,5.0,0.0,0.0,0.0,0.0,2.0,2.0,5.0,1.0,3.0,2.0,2.0,,,,,,,,,,,,,,,,,,,,,,,,,,,,,,,,,,,,,,,,,,,,,,,1.0,,,,,,,,,,,,,,,,,,,,,,,,,,,,,,,,,,,,,,2023,,,,,,,,,,,,,,,,,,,,,,,,,,,,,,,,,,,,,
87.0,9.67,0.0,0.0,36.0,21.66666667,1.0,37.0,16.0,6.0,4.0,1.0,,4.0,1.0,,,,,5.41666667,,,,,,,,,,,,,2.0,2.0,1.0,1.0,4.0,,,4.0,5.0,54.0,1.0,,9.0,,,,,,,,,,,,,,,,,,,,,,,,,,,,,,,,,,,,,,,,,,,,Tommy DeVito,NYG,ADD,34,4240391,11,Gerald Pea's Football Team,BE,"{'1': {'team': 'DAL', 'date': datetime.datetime(2023, 9, 10, 17, 20)}, '2': {'team': 'ARI', 'date': datetime.datetime(2023, 9, 17, 13, 5)}, '3': {'team': 'SF', 'date': datetime.datetime(2023, 9, 21, 17, 15)}, '4': {'team': 'SEA', 'date': datetime.datetime(2023, 10, 2, 17, 15)}, '5': {'team': 'MIA', 'date': datetime.datetime(2023, 10, 8, 10, 0)}, '6': {'team': 'BUF', 'date': datetime.datetime(2023, 10, 15, 17, 20)}, '7': {'team': 'WSH', 'date': datetime.datetime(2023, 10, 22, 10, 0)}, '8': {'team': 'NYJ', 'date': datetime.datetime(2023, 10, 29, 10, 0)}, '9': {'team': 'LV', 'date': datetime.datetime(2023, 11, 5, 13, 25)}, '10': {'team': 'DAL', 'date': datetime.datetime(2023, 11, 12, 13, 25)}, '11': {'team': 'WSH', 'date': datetime.datetime(2023, 11, 19, 10, 0)}, '12': {'team': 'NE', 'date': datetime.datetime(2023, 11, 26, 10, 0)}, '14': {'team': 'GB', 'date': datetime.datetime(2023, 12, 11, 17, 15)}, '15': {'team': 'NO', 'date': datetime.datetime(2023, 12, 17, 10, 0)}, '16': {'team': 'PHI', 'date': datetime.datetime(2023, 12, 25, 13, 30)}, '17': {'team': 'LAR', 'date': datetime.datetime(2023, 12, 31, 10, 0)}, '18': {'team': 'PHI', 'date': datetime.datetime(2024, 1, 7, 13, 25)}}","['Rookie', 'QB', 'OP', 'BE', 'IR']",BE,,,,,,,,,,,,,,,,,,,,,178.0,114.0,64.0,122.33333333,8.0,218.0,106.0,50.0,41.0,18.0,6.0,19.0,7.0,9.0,2.0,1.0,,,,3.0,0.64044944,37.0,,4.0,2.0,1.0,,,,,,,,,,,,,,,,,,,,,,,,,,,,,,,,,,,,,,,,,,,,,,,,,,,,,,,,,,,,,,,,,,,,,,,,,,,,,,,,,,,,,,,,,,,,,,,,,,,,,,,,,,,,,,,,,,,,,,,,,,,,,,,,,,,,,,,,,,,,,,,,,,,,,,,,,,,,,,,,,,,,,,,,,,,,,,,,,,,,,,,,,,,,,,,,,,,2023,,,46.0,7.0,,,,,,,,,,,,,,,,,,,,,,,,,,,,,,,,,
51.0,3.0,0.0,0.0,104.0,26.52941176,1.0,87.0,41.0,19.0,13.0,6.0,2.0,16.0,7.0,,,2.0,,4.33653846,15.0,5.76470588,,18.0,6.0,2.0,2.0,,1.0,19.0,94.0,6.53333333,1.0,1.0,1.0,1.0,1.0,1.0,2.0,8.0,9.0,6.0,1.0,,17.0,,,,,,,,,,,,,,,,,,,,,,,,,,,,,,,,,,,,,,,,,,,14.17647059,Zamir White,LV,ADD,55,4361777,11,Gerald Pea's Football Team,RB,"{'1': {'team': 'DEN', 'date': datetime.datetime(2023, 9, 10, 13, 25)}, '2': {'team': 'BUF', 'date': datetime.datetime(2023, 9, 17, 10, 0)}, '3': {'team': 'PIT', 'date': datetime.datetime(2023, 9, 24, 17, 20)}, '4': {'team': 'LAC', 'date': datetime.datetime(2023, 10, 1, 13, 5)}, '5': {'team': 'GB', 'date': datetime.datetime(2023, 10, 9, 17, 15)}, '6': {'team': 'NE', 'date': datetime.datetime(2023, 10, 15, 13, 5)}, '7': {'team': 'CHI', 'date': datetime.datetime(2023, 10, 22, 10, 0)}, '8': {'team': 'DET', 'date': datetime.datetime(2023, 10, 30, 17, 15)}, '9': {'team': 'NYG', 'date': datetime.datetime(2023, 11, 5, 13, 25)}, '10': {'team': 'NYJ', 'date': datetime.datetime(2023, 11, 12, 17, 20)}, '11': {'team': 'MIA', 'date': datetime.datetime(2023, 11, 19, 10, 0)}, '12': {'team': 'KC', 'date': datetime.datetime(2023, 11, 26, 13, 25)}, '14': {'team': 'MIN', 'date': datetime.datetime(2023, 12, 10, 13, 5)}, '15': {'team': 'LAC', 'date': datetime.datetime(2023, 12, 14, 17, 15)}, '16': {'team': 'KC', 'date': datetime.datetime(2023, 12, 25, 10, 0)}, '17': {'team': 'IND', 'date': datetime.datetime(2023, 12, 31, 10, 0)}, '18': {'team': 'DEN', 'date': datetime.datetime(2024, 1, 7, 13, 25)}}","['RB', 'RB/WR', 'RB/WR/TE', 'OP', 'BE', 'IR']",RB,,,,,,,,,,,,,,,,,,,,,,,,,,,,,,,,,,,,,,,,,,,,,,,,,,,,,,,,,,,,,,,,,,,,,,,,,,1.0,,,,,,,,,,,,,,,,,,,,,,,,,,,,,,,,,,,,,,,,,,,,,,,,,,,,,,,,,,,,,,,,,,,,,,,,,,,,,,,,,,,,,,,,,,,,,,,,,,,,,,,,,,,,,,,,,,,,,,,,,,,,,,,,,,,,,,,,,,,,,,,,,,,,,,,,,,,,,,,,,,,,,,,2023,,,,19.0,4.0,,,,,,,,,,,,,,,,,,,,,,,,,,,,,,,,
130.0,13.0,0.0,0.0,1.0,-1.2,,,,,,,,,,,,,,-12.0,68.0,107.4,5.0,210.0,102.0,49.0,39.0,16.0,10.0,100.0,260.0,15.79411765,,1.0,,1.0,1.0,2.0,2.0,2.0,8.0,30.0,,2.0,10.0,,,,,,,,,,,,,,,,,,,,,,,,,,,,,,,,,,,,,,,,,,,15.11764706,Justin Jefferson,MIN,DRAFT,26,4262921,12,Jean Machine,WR,"{'1': {'team': 'TB', 'date': datetime.datetime(2023, 9, 10, 10, 0)}, '2': {'team': 'PHI', 'date': datetime.datetime(2023, 9, 14, 17, 15)}, '3': {'team': 'LAC', 'date': datetime.datetime(2023, 9, 24, 10, 0)}, '4': {'team': 'CAR', 'date': datetime.datetime(2023, 10, 1, 10, 0)}, '5': {'team': 'KC', 'date': datetime.datetime(2023, 10, 8, 13, 25)}, '6': {'team': 'CHI', 'date': datetime.datetime(2023, 10, 15, 10, 0)}, '7': {'team': 'SF', 'date': datetime.datetime(2023, 10, 23, 17, 15)}, '8': {'team': 'GB', 'date': datetime.datetime(2023, 10, 29, 10, 0)}, '9': {'team': 'ATL', 'date': datetime.datetime(2023, 11, 5, 10, 0)}, '10': {'team': 'NO', 'date': datetime.datetime(2023, 11, 12, 10, 0)}, '11': {'team': 'DEN', 'date': datetime.datetime(2023, 11, 19, 17, 20)}, '12': {'team': 'CHI', 'date': datetime.datetime(2023, 11, 27, 17, 15)}, '14': {'team': 'LV', 'date': datetime.datetime(2023, 12, 10, 13, 5)}, '15': {'team': 'CIN', 'date': datetime.datetime(2023, 12, 16, 10, 0)}, '16': {'team': 'DET', 'date': datetime.datetime(2023, 12, 24, 10, 0)}, '17': {'team': 'GB', 'date': datetime.datetime(2023, 12, 31, 17, 20)}, '18': {'team': 'DET', 'date': datetime.datetime(2024, 1, 7, 10, 0)}}","['RB/WR', 'WR', 'WR/TE', 'RB/WR/TE', 'OP', 'BE', 'IR']",WR,1.0,1.0,5.0,5.0,1.0,1.0,,,,,,,,,,,,2.0,1.0,1.0,1.0,,1.0,,,,,,,,,,,,,,,,,,,,,,,,,,,,,,,,,,,,,,,,,,,,,,,,,,,,,,,,,,,,,,,,,,,,,,,,,,,,,,,,,,,,,,,,,,,,,,,,,,,,,,,,,,,,,,,,,,,,,,,,,,,,,,,,,,,,,,,,,,,,,,,,,,,,,,,,,,,,,,,,,,,,,,,,,,,,,,,,,,,,,,,,,,,,,,,,,,,,,,,,,,,,,,,,,,,,,,,,,,2023,,,,,51.0,,,,,,,,,,,,,,,,,,,,,,,,,,,,,,,,
152.0,9.5,0.0,0.0,,,,,,,,,,,,,,,,,66.0,69.625,8.0,216.0,104.0,46.0,38.0,15.0,8.0,119.0,367.0,16.87878788,,,,,,2.0,2.0,8.0,8.0,48.0,,1.0,16.0,,,,,,,,,,,,,,,,,,,,,,,,,,,,,,,,,,,,,,,,,,,15.11764706,DK Metcalf,SEA,DRAFT,15,4047650,12,Jean Machine,WR,"{'1': {'team': 'LAR', 'date': datetime.datetime(2023, 9, 10, 13, 25)}, '2': {'team': 'DET', 'date': datetime.datetime(2023, 9, 17, 10, 0)}, '3': {'team': 'CAR', 'date': datetime.datetime(2023, 9, 24, 13, 5)}, '4': {'team': 'NYG', 'date': datetime.datetime(2023, 10, 2, 17, 15)}, '6': {'team': 'CIN', 'date': datetime.datetime(2023, 10, 15, 10, 0)}, '7': {'team': 'ARI', 'date': datetime.datetime(2023, 10, 22, 13, 5)}, '8': {'team': 'CLE', 'date': datetime.datetime(2023, 10, 29, 13, 5)}, '9': {'team': 'BAL', 'date': datetime.datetime(2023, 11, 5, 10, 0)}, '10': {'team': 'WSH', 'date': datetime.datetime(2023, 11, 12, 13, 25)}, '11': {'team': 'LAR', 'date': datetime.datetime(2023, 11, 19, 13, 25)}, '12': {'team': 'SF', 'date': datetime.datetime(2023, 11, 23, 17, 20)}, '13': {'team': 'DAL', 'date': datetime.datetime(2023, 11, 30, 17, 15)}, '14': {'team': 'SF', 'date': datetime.datetime(2023, 12, 10, 13, 5)}, '15': {'team': 'PHI', 'date': datetime.datetime(2023, 12, 18, 17, 15)}, '16': {'team': 'TEN', 'date': datetime.datetime(2023, 12, 24, 10, 0)}, '17': {'team': 'PIT', 'date': datetime.datetime(2023, 12, 31, 13, 5)}, '18': {'team': 'ARI', 'date': datetime.datetime(2024, 1, 7, 13, 25)}}","['RB/WR', 'WR', 'WR/TE', 'RB/WR/TE', 'OP', 'BE', 'IR']",WR,1.0,1.0,3.0,3.0,,,,,,,,,,,,,,,4.0,,,,,,,,,,,,,,,,,,,,,,,,,,,,,,,,,,,,,,,,,,,,,,,,,,,,,,2.0,,,,,,,,,,,,,,,,,,,,,,,,,,,,,,,,,,,,,,,,,,,,,,,,,,,,,,,,,,,,,,,,,,,,,,,,,,,,,,,,,,,,,,,,,,,,,,,,,,,,,,,,,,,,,,,,,,,,,,,,,,,,,,,,,,,,,,,,,,,,,,,,,,,,,,,,,,,,,,,,,,,,,,,,2023,,,,,52.0,,,,,,,,,,,,,,,,,,,,,,,,,,,,,,,,
155.0,9.12,0.0,0.0,255.0,60.88235294,8.0,199.0,96.0,43.0,33.0,12.0,2.0,44.0,17.0,,,2.0,,4.05882353,29.0,10.0,,29.0,13.0,4.0,2.0,,2.0,38.0,175.0,5.86206897,2.0,2.0,1.0,1.0,1.0,,,10.0,7.0,48.0,7.0,,17.0,,,,,,,,,,,,,,,,,,,,,,,,,,,,,,,,,,,,,,,,,,,14.17647059,Najee Harris,PIT,DRAFT,19,4241457,12,Jean Machine,RB,"{'1': {'team': 'SF', 'date': datetime.datetime(2023, 9, 10, 10, 0)}, '2': {'team': 'CLE', 'date': datetime.datetime(2023, 9, 18, 17, 15)}, '3': {'team': 'LV', 'date': datetime.datetime(2023, 9, 24, 17, 20)}, '4': {'team': 'HOU', 'date': datetime.datetime(2023, 10, 1, 10, 0)}, '5': {'team': 'BAL', 'date': datetime.datetime(2023, 10, 8, 10, 0)}, '7': {'team': 'LAR', 'date': datetime.datetime(2023, 10, 22, 13, 5)}, '8': {'team': 'JAX', 'date': datetime.datetime(2023, 10, 29, 10, 0)}, '9': {'team': 'TEN', 'date': datetime.datetime(2023, 11, 2, 17, 15)}, '10': {'team': 'GB', 'date': datetime.datetime(2023, 11, 12, 10, 0)}, '11': {'team': 'CLE', 'date': datetime.datetime(2023, 11, 19, 10, 0)}, '12': {'team': 'CIN', 'date': datetime.datetime(2023, 11, 26, 10, 0)}, '13': {'team': 'ARI', 'date': datetime.datetime(2023, 12, 3, 10, 0)}, '14': {'team': 'NE', 'date': datetime.datetime(2023, 12, 7, 17, 15)}, '15': {'team': 'IND', 'date': datetime.datetime(2023, 12, 16, 13, 30)}, '16': {'team': 'CIN', 'date': datetime.datetime(2023, 12, 23, 13, 30)}, '17': {'team': 'SEA', 'date': datetime.datetime(2023, 12, 31, 13, 5)}, '18': {'team': 'BAL', 'date': datetime.datetime(2024, 1, 6, 13, 30)}}","['RB', 'RB/WR', 'RB/WR/TE', 'OP', 'BE', 'IR']",RB,,,,,,,,,,,,,,,,,,,,,,,,,,,,,,,,,,,,,,,,,,,,,,,,,,,,,,,,,,,,,,,,,,,,,,,,,,,1.0,,,,,,,,,,,,,,,,,,,,,,,,,,,,,,,,,,,,,,,,,,,,,,,,,,,,,,,,,,,,,,,,,,,,,,,,,,,,,,,,,,,,,,,,,,,,,,,,,,,,,,,,,,,,,,,,,,,,,,,,,,,,,,,,,,,,,,,,,,,,,,,,,,,,,,,,,,,,,,,,,,,,,,2023,,,,51.0,10.0,,,,,,,,,,,,,,,,,,,,,,,,,,,,,,,,
92.0,5.75,0.0,0.0,180.0,43.75,,133.0,63.0,28.0,21.0,5.0,,30.0,10.0,,,,,3.88888889,30.0,12.0,3.0,34.0,15.0,5.0,3.0,,1.0,44.0,181.0,6.4,2.0,3.0,2.0,2.0,2.0,1.0,1.0,7.0,9.0,18.0,,,16.0,,,,,,,,,,,,,,,,,,,,,,,,,,,,,,,,,,,,,,,,,,,14.17647059,Alexander Mattison,LV,DRAFT,38,4048244,12,Jean Machine,BE,"{'1': {'team': 'DEN', 'date': datetime.datetime(2023, 9, 10, 13, 25)}, '2': {'team': 'BUF', 'date': datetime.datetime(2023, 9, 17, 10, 0)}, '3': {'team': 'PIT', 'date': datetime.datetime(2023, 9, 24, 17, 20)}, '4': {'team': 'LAC', 'date': datetime.datetime(2023, 10, 1, 13, 5)}, '5': {'team': 'GB', 'date': datetime.datetime(2023, 10, 9, 17, 15)}, '6': {'team': 'NE', 'date': datetime.datetime(2023, 10, 15, 13, 5)}, '7': {'team': 'CHI', 'date': datetime.datetime(2023, 10, 22, 10, 0)}, '8': {'team': 'DET', 'date': datetime.datetime(2023, 10, 30, 17, 15)}, '9': {'team': 'NYG', 'date': datetime.datetime(2023, 11, 5, 13, 25)}, '10': {'team': 'NYJ', 'date': datetime.datetime(2023, 11, 12, 17, 20)}, '11': {'team': 'MIA', 'date': datetime.datetime(2023, 11, 19, 10, 0)}, '12': {'team': 'KC', 'date': datetime.datetime(2023, 11, 26, 13, 25)}, '14': {'team': 'MIN', 'date': datetime.datetime(2023, 12, 10, 13, 5)}, '15': {'team': 'LAC', 'date': datetime.datetime(2023, 12, 14, 17, 15)}, '16': {'team': 'KC', 'date': datetime.datetime(2023, 12, 25, 10, 0)}, '17': {'team': 'IND', 'date': datetime.datetime(2023, 12, 31, 10, 0)}, '18': {'team': 'DEN', 'date': datetime.datetime(2024, 1, 7, 13, 25)}}","['RB', 'RB/WR', 'RB/WR/TE', 'OP', 'BE', 'IR']",BE,,,,,,,,,,,,,,,,,,,3.0,,,,,,,,,,,,,,,,,,,,,,,,,,,,,,,,,,,,,,,,,,,,,,,,,,,,,,,,,,,,,,,,,,,,,,,,,,,,,,,,,,,,,,,,,,,,,,,,,,,,,,,,,,,,,,,,,,,,,,,,,,,,,,,,,,,,,,,,,,,,,,,,,,,,,,,,,,,,,,,,,,,,,,,,,,,,,,,,,,,,,,,,,,,,,,,,,,,,,,,,,,,,,,,,,,,,,,,,,,,,,,2023,,,,28.0,5.0,,,,,,,,,,,,,,,,,,,,,,,,,,,,,,,,
250.0,15.62,0.0,0.0,70.0,21.1875,4.0,63.0,28.0,10.0,7.0,1.0,,7.0,,,,,,4.84285714,,,,,,,,,,,,,3.0,12.0,2.0,7.0,21.0,1.0,1.0,8.0,8.0,150.0,4.0,,16.0,,,,,,,,,,,,,,,,,,,,,,,,,,,,,,,,,,,,,,,,,,,15.0,Trevor Lawrence,JAX,DRAFT,12,4360310,12,Jean Machine,BE,"{'1': {'team': 'IND', 'date': datetime.datetime(2023, 9, 10, 10, 0)}, '2': {'team': 'KC', 'date': datetime.datetime(2023, 9, 17, 10, 0)}, '3': {'team': 'HOU', 'date': datetime.datetime(2023, 9, 24, 10, 0)}, '4': {'team': 'ATL', 'date': datetime.datetime(2023, 10, 1, 6, 30)}, '5': {'team': 'BUF', 'date': datetime.datetime(2023, 10, 8, 6, 30)}, '6': {'team': 'IND', 'date': datetime.datetime(2023, 10, 15, 10, 0)}, '7': {'team': 'NO', 'date': datetime.datetime(2023, 10, 19, 17, 15)}, '8': {'team': 'PIT', 'date': datetime.datetime(2023, 10, 29, 10, 0)}, '10': {'team': 'SF', 'date': datetime.datetime(2023, 11, 12, 10, 0)}, '11': {'team': 'TEN', 'date': datetime.datetime(2023, 11, 19, 10, 0)}, '12': {'team': 'HOU', 'date': datetime.datetime(2023, 11, 26, 10, 0)}, '13': {'team': 'CIN', 'date': datetime.datetime(2023, 12, 4, 17, 15)}, '14': {'team': 'CLE', 'date': datetime.datetime(2023, 12, 10, 10, 0)}, '15': {'team': 'BAL', 'date': datetime.datetime(2023, 12, 17, 17, 20)}, '16': {'team': 'TB', 'date': datetime.datetime(2023, 12, 24, 13, 5)}, '17': {'team': 'CAR', 'date': datetime.datetime(2023, 12, 31, 10, 0)}, '18': {'team': 'TEN', 'date': datetime.datetime(2024, 1, 7, 10, 0)}}","['QB', 'OP', 'BE', 'IR']",BE,,,,,,,,,,,,,,,,,,,,,564.0,370.0,194.0,251.0,21.0,797.0,395.0,194.0,154.0,74.0,32.0,67.0,30.0,31.0,11.0,4.0,3.0,2.0,1.0,14.0,0.65602837,35.0,11.0,5.0,7.0,4.0,1.0,,,,,,,,,,,,,,,,,,,,,,,,,,,,,,,,,,,,,,,,,,,,,,,,,,,,,,,,,,,,,,,,,,,,,,,,,,,,,,,,,,,,,,,,,,,,,,,,,,,,,,,,,,,,,,,,,,,,,,,,,,,,,,,,,,,,,,,,,,,,,,,,,,,,,,6.0,,,,,,,,,,,,,,,,,,,,,,,,,,,,,,,,,,,,,,,,,,,,2023,,,179.0,23.0,,,,,,,,,,,,,,,,,,,,,,,,,,,,,,,,,
126.0,7.41,0.0,0.0,,,,,,,,,,,,,,,,,79.0,58.94117647,4.0,195.0,96.0,44.0,33.0,12.0,10.0,132.0,350.0,12.6835443,,,,,,5.0,5.0,4.0,13.0,24.0,,1.0,17.0,,,,,,,,,,,,,,,,,,,,,,,,,,,,,,,,,,,,,,,,,,,15.11764706,Terry McLaurin,WSH,DRAFT,28,3121422,12,Jean Machine,BE,"{'1': {'team': 'ARI', 'date': datetime.datetime(2023, 9, 10, 10, 0)}, '2': {'team': 'DEN', 'date': datetime.datetime(2023, 9, 17, 13, 25)}, '3': {'team': 'BUF', 'date': datetime.datetime(2023, 9, 24, 10, 0)}, '4': {'team': 'PHI', 'date': datetime.datetime(2023, 10, 1, 10, 0)}, '5': {'team': 'CHI', 'date': datetime.datetime(2023, 10, 5, 17, 15)}, '6': {'team': 'ATL', 'date': datetime.datetime(2023, 10, 15, 10, 0)}, '7': {'team': 'NYG', 'date': datetime.datetime(2023, 10, 22, 10, 0)}, '8': {'team': 'PHI', 'date': datetime.datetime(2023, 10, 29, 10, 0)}, '9': {'team': 'NE', 'date': datetime.datetime(2023, 11, 5, 10, 0)}, '10': {'team': 'SEA', 'date': datetime.datetime(2023, 11, 12, 13, 25)}, '11': {'team': 'NYG', 'date': datetime.datetime(2023, 11, 19, 10, 0)}, '12': {'team': 'DAL', 'date': datetime.datetime(2023, 11, 23, 13, 30)}, '13': {'team': 'MIA', 'date': datetime.datetime(2023, 12, 3, 10, 0)}, '15': {'team': 'LAR', 'date': datetime.datetime(2023, 12, 17, 13, 5)}, '16': {'team': 'NYJ', 'date': datetime.datetime(2023, 12, 24, 10, 0)}, '17': {'team': 'SF', 'date': datetime.datetime(2023, 12, 31, 10, 0)}, '18': {'team': 'DAL', 'date': datetime.datetime(2024, 1, 7, 13, 25)}}","['RB/WR', 'WR', 'WR/TE', 'RB/WR/TE', 'OP', 'BE', 'IR']",BE,,,1.0,1.0,,,,,,,,,,,,,,,1.0,2.0,,,,,,,,,,,,,,,,,,,,,,,,,,,,,,,,,,,,,,,,,,,,,,,,,,,,,,,,,,,,,,,,,,,,,,,,,,,,,,,,,,,,,,,,,,,,,,,,,,,,,,,,,,,,,,,,,,,,,,,,,,,,,,,,,,,,,,,,,,,,,,,,,,,,,,,,,,,,,,,,,,,,,,,,,,,,,,,,,,,,,,,,,,,,,,,,,,,,,,,,,,,,,,,,,,,,,,,,,,1.0,,,2023,,,,,47.0,,,,,,,,,,,,,,,,,,,,,,,,,,,,,,,,
97.0,6.06,0.0,0.0,,,,,,,,,,,,,,,,,69.0,56.5625,2.0,175.0,83.0,37.0,30.0,11.0,8.0,110.0,188.0,13.11594203,,,,,,3.0,3.0,7.0,9.0,14.0,,,16.0,,,,,,,,,,,,,,,,,,,,,,,,,,,,,,,,,,,,,,,,,,,15.11764706,Drake London,ATL,DRAFT,42,4426502,12,Jean Machine,BE,"{'1': {'team': 'CAR', 'date': datetime.datetime(2023, 9, 10, 10, 0)}, '2': {'team': 'GB', 'date': datetime.datetime(2023, 9, 17, 10, 0)}, '3': {'team': 'DET', 'date': datetime.datetime(2023, 9, 24, 10, 0)}, '4': {'team': 'JAX', 'date': datetime.datetime(2023, 10, 1, 6, 30)}, '5': {'team': 'HOU', 'date': datetime.datetime(2023, 10, 8, 10, 0)}, '6': {'team': 'WSH', 'date': datetime.datetime(2023, 10, 15, 10, 0)}, '7': {'team': 'TB', 'date': datetime.datetime(2023, 10, 22, 10, 0)}, '8': {'team': 'TEN', 'date': datetime.datetime(2023, 10, 29, 10, 0)}, '9': {'team': 'MIN', 'date': datetime.datetime(2023, 11, 5, 10, 0)}, '10': {'team': 'ARI', 'date': datetime.datetime(2023, 11, 12, 13, 5)}, '12': {'team': 'NO', 'date': datetime.datetime(2023, 11, 26, 10, 0)}, '13': {'team': 'NYJ', 'date': datetime.datetime(2023, 12, 3, 10, 0)}, '14': {'team': 'TB', 'date': datetime.datetime(2023, 12, 10, 10, 0)}, '15': {'team': 'CAR', 'date': datetime.datetime(2023, 12, 17, 10, 0)}, '16': {'team': 'IND', 'date': datetime.datetime(2023, 12, 24, 10, 0)}, '17': {'team': 'CHI', 'date': datetime.datetime(2023, 12, 31, 10, 0)}, '18': {'team': 'NO', 'date': datetime.datetime(2024, 1, 7, 10, 0)}}","['RB/WR', 'WR', 'WR/TE', 'RB/WR/TE', 'OP', 'BE', 'IR']",BE,,,2.0,2.0,,,,,,,,,,,,,,1.0,1.0,,1.0,1.0,,1.375,,4.0,2.0,1.0,,,,,,,,,,,,,1.0,,,,,,,,,,,,,,,,,,,,,,,,,,,,,,1.0,,1.0,,,,,,,,,,,,,,,,,,,,,,,,,,,,,,,,,,,,,,,,,,,,,,,,,,,,,,,,,,,,,,,,,,,,,,,,,,,,,,,,,,,,,,,,,,,,,,,,,,,,,,,,,,,,,,,,,,,,,,,,,,,,,,,,,,,,,,,,,,,,,,,,,,,,,,,,,,,,,,,,,,,,,,,,2023,,,1.0,,45.0,,,,,,,,,,,,,,,,,,,,,,,,,,,,,,,,
151.0,10.07,0.0,0.0,178.0,48.86666667,5.0,140.0,67.0,29.0,22.0,8.0,,29.0,9.0,,,,,4.11797753,36.0,24.53333333,4.0,69.0,32.0,13.0,10.0,3.0,2.0,43.0,409.0,10.22222222,3.0,4.0,2.0,2.0,2.0,1.0,1.0,4.0,11.0,56.0,3.0,,15.0,,,,,,,,,,,,,,,,,,,,,,,,,,,,,,,,,,,,,,,,,,,14.17647059,Brian Robinson Jr.,WSH,DRAFT,22,4241474,12,Jean Machine,BE,"{'1': {'team': 'ARI', 'date': datetime.datetime(2023, 9, 10, 10, 0)}, '2': {'team': 'DEN', 'date': datetime.datetime(2023, 9, 17, 13, 25)}, '3': {'team': 'BUF', 'date': datetime.datetime(2023, 9, 24, 10, 0)}, '4': {'team': 'PHI', 'date': datetime.datetime(2023, 10, 1, 10, 0)}, '5': {'team': 'CHI', 'date': datetime.datetime(2023, 10, 5, 17, 15)}, '6': {'team': 'ATL', 'date': datetime.datetime(2023, 10, 15, 10, 0)}, '7': {'team': 'NYG', 'date': datetime.datetime(2023, 10, 22, 10, 0)}, '8': {'team': 'PHI', 'date': datetime.datetime(2023, 10, 29, 10, 0)}, '9': {'team': 'NE', 'date': datetime.datetime(2023, 11, 5, 10, 0)}, '10': {'team': 'SEA', 'date': datetime.datetime(2023, 11, 12, 13, 25)}, '11': {'team': 'NYG', 'date': datetime.datetime(2023, 11, 19, 10, 0)}, '12': {'team': 'DAL', 'date': datetime.datetime(2023, 11, 23, 13, 30)}, '13': {'team': 'MIA', 'date': datetime.datetime(2023, 12, 3, 10, 0)}, '15': {'team': 'LAR', 'date': datetime.datetime(2023, 12, 17, 13, 5)}, '16': {'team': 'NYJ', 'date': datetime.datetime(2023, 12, 24, 10, 0)}, '17': {'team': 'SF', 'date': datetime.datetime(2023, 12, 31, 10, 0)}, '18': {'team': 'DAL', 'date': datetime.datetime(2024, 1, 7, 13, 25)}}","['RB', 'RB/WR', 'RB/WR/TE', 'OP', 'BE', 'IR']",BE,1.0,1.0,1.0,1.0,1.0,,,,,,,,,,,,,,2.0,1.0,,,,,,,,,,,,,,,,,,,,,,,,,,,,,,,,,,,,,,,,,,,,,,,,,,,,,,,2.0,,,,,,,,,,,,,,,,,,,,,,,,,,,,,,,,,,,,,,,,,,,,,,,,,,,,,,,,,,,,,,,,,,,,,,,,,,,,,,,,,,,,,,,,,,,,,,,,,,,,,,,,,,,,,,,,,,,,,,,,,,,,,,,1.0,,,,,,,,,,,,,,,,,,,,,,,,,,,,,,,,,,,,,,,2023,,,,47.0,15.0,,,,,,,,,,,,,,,,,,,,,,,,,,,,,,,,
151.0,8.88,138.22,8.13,,,,,,,,,,,,,,,,,,,,,,,,,,,,,,,,,,,,9.0,8.0,138.0,,,17.0,,,,,,,,,,,,,,,,,,,,,,,,,,,,,,,,,,,,,,,,,,,17.0,Jason Myers,SEA,DRAFT,6,2473037,12,Jean Machine,K,"{'1': {'team': 'LAR', 'date': datetime.datetime(2023, 9, 10, 13, 25)}, '2': {'team': 'DET', 'date': datetime.datetime(2023, 9, 17, 10, 0)}, '3': {'team': 'CAR', 'date': datetime.datetime(2023, 9, 24, 13, 5)}, '4': {'team': 'NYG', 'date': datetime.datetime(2023, 10, 2, 17, 15)}, '6': {'team': 'CIN', 'date': datetime.datetime(2023, 10, 15, 10, 0)}, '7': {'team': 'ARI', 'date': datetime.datetime(2023, 10, 22, 13, 5)}, '8': {'team': 'CLE', 'date': datetime.datetime(2023, 10, 29, 13, 5)}, '9': {'team': 'BAL', 'date': datetime.datetime(2023, 11, 5, 10, 0)}, '10': {'team': 'WSH', 'date': datetime.datetime(2023, 11, 12, 13, 25)}, '11': {'team': 'LAR', 'date': datetime.datetime(2023, 11, 19, 13, 25)}, '12': {'team': 'SF', 'date': datetime.datetime(2023, 11, 23, 17, 20)}, '13': {'team': 'DAL', 'date': datetime.datetime(2023, 11, 30, 17, 15)}, '14': {'team': 'SF', 'date': datetime.datetime(2023, 12, 10, 13, 5)}, '15': {'team': 'PHI', 'date': datetime.datetime(2023, 12, 18, 17, 15)}, '16': {'team': 'TEN', 'date': datetime.datetime(2023, 12, 24, 10, 0)}, '17': {'team': 'PIT', 'date': datetime.datetime(2023, 12, 31, 13, 5)}, '18': {'team': 'ARI', 'date': datetime.datetime(2024, 1, 7, 13, 25)}}","['K', 'BE', 'IR']",K,,,,,,,,,,,,,,,,,,,,,,,,,,,,,,,,,,,,,,,,,,,,,,,,,,,,,,,,,,,,,,,,,,,,,,,,,,,,,,4.0,8.0,12.0,14.0,2.0,19.0,20.0,1.0,35.0,42.0,7.0,33.0,33.0,,4.0,8.0,4.257012658,6.162775423,1.905762764,8.110890263,9.8342161,1.723325836,16.41049656,16.78372881,0.373232253,28.77839948,32.78072033,4.002320853,39.2649215,40.69906469,1.434143194,4.257012658,6.162775423,1.905762764,,,,,,,,,,,,,,,,,,,,,,,,,,,,,,,,,,,,,,,,,,,,,,,,,,,,,,,,,,,,,,,,,,,,,,,,,,,,,,,,,,,,,,,4.0,4.0,,,,,,,,,,,,,,,,,,,,,,,,,,,,,,,,,,,,,,,,,,2023,,,,,,1310.0,343.0,1653.0,254.0,122.0,58.0,46.0,18.0,5.0,66.0,32.0,14.0,12.0,5.0,322.0,156.0,75.0,59.0,25.0,9.0,,1.0,1087.183642,191.6578195,1278.841462,229.8786836,102.9111893,332.7898728,,,,
160.0,9.41,0.0,0.0,,,,,,,,,,,,,,,,,,,,,,,,,,,,,,,,,,660.0,1046.0,12.0,5.0,,,,17.0,,,,,,,,,,,,,,,,,,,,,,,,,,,,,,,,,,,,,,,,,,,17.0,Cowboys D/ST,DAL,DRAFT,2,-16006,12,Jean Machine,BE,"{'1': {'team': 'NYG', 'date': datetime.datetime(2023, 9, 10, 17, 20)}, '2': {'team': 'NYJ', 'date': datetime.datetime(2023, 9, 17, 13, 25)}, '3': {'team': 'ARI', 'date': datetime.datetime(2023, 9, 24, 13, 25)}, '4': {'team': 'NE', 'date': datetime.datetime(2023, 10, 1, 13, 25)}, '5': {'team': 'SF', 'date': datetime.datetime(2023, 10, 8, 17, 20)}, '6': {'team': 'LAC', 'date': datetime.datetime(2023, 10, 16, 17, 15)}, '8': {'team': 'LAR', 'date': datetime.datetime(2023, 10, 29, 10, 0)}, '9': {'team': 'PHI', 'date': datetime.datetime(2023, 11, 5, 13, 25)}, '10': {'team': 'NYG', 'date': datetime.datetime(2023, 11, 12, 13, 25)}, '11': {'team': 'CAR', 'date': datetime.datetime(2023, 11, 19, 10, 0)}, '12': {'team': 'WSH', 'date': datetime.datetime(2023, 11, 23, 13, 30)}, '13': {'team': 'SEA', 'date': datetime.datetime(2023, 11, 30, 17, 15)}, '14': {'team': 'PHI', 'date': datetime.datetime(2023, 12, 10, 17, 20)}, '15': {'team': 'BUF', 'date': datetime.datetime(2023, 12, 17, 13, 25)}, '16': {'team': 'MIA', 'date': datetime.datetime(2023, 12, 24, 13, 25)}, '17': {'team': 'DET', 'date': datetime.datetime(2023, 12, 30, 17, 15)}, '18': {'team': 'WSH', 'date': datetime.datetime(2024, 1, 7, 13, 25)}}","['D/ST', 'BE', 'IR']",BE,,,,,,,393.0,35.0,11.0,,,,,,,,,,,,,,,,,,,,,,,,,,,,,,,,,,,,,,,,,,,,,,,,,,,,,,,,,,,,,,,,,386.0,,,14.0,,,,,,,,,,,,,,,,,,,,,,,,,,,,,,,,,,,9.0,1.0,1.0,5.0,2.0,6.0,17.0,3.0,1.0,46.0,92.0,,,5.0,7.0,343.0,202.0,85.0,74.0,98.0,6.0,,309.0,2.0,1.0,3.0,2.0,5095.0,0.0,4.0,5.0,1.0,3.0,4.0,0.0,0.0,0.0,1.0,1.0,5.0,2.0,2.0,1.0,3.0,2.0,,,,,,,,,,,,,,,,,,,,,,,,,,,,,,,,,,,,,,,,,,,,,,,1.0,,,,1.0,,,,,,,,,,,,,,,,,,,,,,,,,,,,,,,,,,2023,,,,,,,,,,,,,,,,,,,,,,,,,,,,,,,,,,,,,
66.0,3.88,92.77,6.18,9.0,0.64705882,,5.0,1.0,,,,,,,,,,,1.22222222,59.0,37.64705882,2.0,120.0,57.0,25.0,16.0,4.0,4.0,104.0,191.0,10.84745763,1.0,2.0,1.0,2.0,2.0,2.0,2.0,11.0,6.0,12.0,,,17.0,4.816212611,1.847235905,0.207598931,0.008324258,5.0,2.0,1.0,1.0,,,,0.008855669,0.006198968,0.001816398,6.19867e-05,5.798303085,44.35223484,3.851990345,0.214717562,0.234596448,0.153308779,134.0,67.0,33.0,26.0,13.0,48.10515331,9.0,4.0,0.854898084,0.026440147,79.36204611,13.93824541,0.223041821,0.004245352,0.087808303,0.877044315,0.964852619,0.04039182,0.491144817,0.531536636,0.531536636,15.11764706,Elijah Moore,CLE,DRAFT,60,4372414,12,Jean Machine,BE,"{'1': {'team': 'CIN', 'date': datetime.datetime(2023, 9, 10, 10, 0)}, '2': {'team': 'PIT', 'date': datetime.datetime(2023, 9, 18, 17, 15)}, '3': {'team': 'TEN', 'date': datetime.datetime(2023, 9, 24, 10, 0)}, '4': {'team': 'BAL', 'date': datetime.datetime(2023, 10, 1, 10, 0)}, '6': {'team': 'SF', 'date': datetime.datetime(2023, 10, 15, 10, 0)}, '7': {'team': 'IND', 'date': datetime.datetime(2023, 10, 22, 10, 0)}, '8': {'team': 'SEA', 'date': datetime.datetime(2023, 10, 29, 13, 5)}, '9': {'team': 'ARI', 'date': datetime.datetime(2023, 11, 5, 10, 0)}, '10': {'team': 'BAL', 'date': datetime.datetime(2023, 11, 12, 10, 0)}, '11': {'team': 'PIT', 'date': datetime.datetime(2023, 11, 19, 10, 0)}, '12': {'team': 'DEN', 'date': datetime.datetime(2023, 11, 26, 13, 5)}, '13': {'team': 'LAR', 'date': datetime.datetime(2023, 12, 3, 13, 25)}, '14': {'team': 'JAX', 'date': datetime.datetime(2023, 12, 10, 10, 0)}, '15': {'team': 'CHI', 'date': datetime.datetime(2023, 12, 17, 10, 0)}, '16': {'team': 'HOU', 'date': datetime.datetime(2023, 12, 24, 10, 0)}, '17': {'team': 'NYJ', 'date': datetime.datetime(2023, 12, 28, 17, 15)}, '18': {'team': 'CIN', 'date': datetime.datetime(2024, 1, 7, 10, 0)}}","['RB/WR', 'WR', 'WR/TE', 'RB/WR/TE', 'OP', 'BE', 'IR']",BE,,,,,1.0,1.0,,,,,,,,,,,,,1.0,,,,,,,,,,,,,,,,,,,,,,,,,,,,,,,,,,,,,,,,,,,,,,,,,,,,,,1.0,,,,,,,,,,,,,,,,,,,,,,,,,,,,,,,,,,,,,,,,,,,,,,,,,,,,,,,,,,23.0,2.0,,,,,,,,,,,,,,,,,,,,,,,,,,,,,,,,,,,,,,,,,,,,,,,,,,,,,,,,,,,,,,,,,,,,,,,,,,,,,,,,,,,,,,,,,,,,,,,,,,,,,,,,,,,,,2023,,,,2.0,28.0,,,,,,,,,,,,,,,,,,,,,,,,,,,,,3.462281025,29.87997924,,
121.0,7.12,0.0,0.0,,,,,,,,,,,,,,,,,,,,,,,,,,,,,,,,,,741.0,1150.0,9.0,8.0,,,,17.0,,,,,,,,,,,,,,,,,,,,,,,,,,,,,,,,,,,,,,,,,,,17.0,Buccaneers D/ST,TB,ADD,12,-16027,12,Jean Machine,D/ST,"{'1': {'team': 'MIN', 'date': datetime.datetime(2023, 9, 10, 10, 0)}, '2': {'team': 'CHI', 'date': datetime.datetime(2023, 9, 17, 10, 0)}, '3': {'team': 'PHI', 'date': datetime.datetime(2023, 9, 25, 16, 15)}, '4': {'team': 'NO', 'date': datetime.datetime(2023, 10, 1, 10, 0)}, '6': {'team': 'DET', 'date': datetime.datetime(2023, 10, 15, 13, 25)}, '7': {'team': 'ATL', 'date': datetime.datetime(2023, 10, 22, 10, 0)}, '8': {'team': 'BUF', 'date': datetime.datetime(2023, 10, 26, 17, 15)}, '9': {'team': 'HOU', 'date': datetime.datetime(2023, 11, 5, 10, 0)}, '10': {'team': 'TEN', 'date': datetime.datetime(2023, 11, 12, 10, 0)}, '11': {'team': 'SF', 'date': datetime.datetime(2023, 11, 19, 13, 5)}, '12': {'team': 'IND', 'date': datetime.datetime(2023, 11, 26, 10, 0)}, '13': {'team': 'CAR', 'date': datetime.datetime(2023, 12, 3, 13, 5)}, '14': {'team': 'ATL', 'date': datetime.datetime(2023, 12, 10, 10, 0)}, '15': {'team': 'GB', 'date': datetime.datetime(2023, 12, 17, 10, 0)}, '16': {'team': 'JAX', 'date': datetime.datetime(2023, 12, 24, 13, 5)}, '17': {'team': 'NO', 'date': datetime.datetime(2023, 12, 31, 10, 0)}, '18': {'team': 'CAR', 'date': datetime.datetime(2024, 1, 7, 10, 0)}}","['D/ST', 'BE', 'IR']",D/ST,,,,,,,327.0,29.0,10.0,,,,,,,,,,,,,,,,,,,,,,,,,,,,,,,,,,,,,,,,,,,,,,,,,,,,,,,,,,,,,,,,,409.0,,,18.0,,,,,,,,,,,,,,,,,,,,,,,,,,,,,,,,,,,12.0,1.0,1.0,2.0,3.0,1.0,13.0,,1.0,48.0,96.0,,,1.0,1.0,378.0,225.0,75.0,64.0,234.0,18.0,4.0,323.0,3.0,6.0,0.0,1.0,5852.0,0.0,2.0,3.0,3.0,3.0,4.0,2.0,0.0,0.0,1.0,1.0,2.0,3.0,3.0,6.0,0.0,1.0,,,,,,,,,,,,,,,,,,,,,,,,,,,,,,,,,,,,,,,,,,,,,,,,,,,,,,,,,,,,,,,,,,,,,,,,,,,,,,,,,,,,,2023,,,,,,,,,,,,,,,,,,,,,,,,,,,,,,,,,,,,,
306.0,18.0,0.0,0.0,50.0,14.52941176,4.0,44.0,20.0,6.0,4.0,,,1.0,,,,,,4.94,,,,,,,,,,,,,4.0,9.0,2.0,3.0,14.0,,,9.0,8.0,216.0,4.0,,17.0,,,,,,,,,,,,,,,,,,,,,,,,,,,,,,,,,,,,,,,,,,,15.0,Jordan Love,GB,ADD,5,4036378,12,Jean Machine,QB,"{'1': {'team': 'CHI', 'date': datetime.datetime(2023, 9, 10, 13, 25)}, '2': {'team': 'ATL', 'date': datetime.datetime(2023, 9, 17, 10, 0)}, '3': {'team': 'NO', 'date': datetime.datetime(2023, 9, 24, 10, 0)}, '4': {'team': 'DET', 'date': datetime.datetime(2023, 9, 28, 17, 15)}, '5': {'team': 'LV', 'date': datetime.datetime(2023, 10, 9, 17, 15)}, '7': {'team': 'DEN', 'date': datetime.datetime(2023, 10, 22, 13, 25)}, '8': {'team': 'MIN', 'date': datetime.datetime(2023, 10, 29, 10, 0)}, '9': {'team': 'LAR', 'date': datetime.datetime(2023, 11, 5, 10, 0)}, '10': {'team': 'PIT', 'date': datetime.datetime(2023, 11, 12, 10, 0)}, '11': {'team': 'LAC', 'date': datetime.datetime(2023, 11, 19, 10, 0)}, '12': {'team': 'DET', 'date': datetime.datetime(2023, 11, 23, 9, 30)}, '13': {'team': 'KC', 'date': datetime.datetime(2023, 12, 3, 17, 20)}, '14': {'team': 'NYG', 'date': datetime.datetime(2023, 12, 11, 17, 15)}, '15': {'team': 'TB', 'date': datetime.datetime(2023, 12, 17, 10, 0)}, '16': {'team': 'CAR', 'date': datetime.datetime(2023, 12, 24, 10, 0)}, '17': {'team': 'MIN', 'date': datetime.datetime(2023, 12, 31, 17, 20)}, '18': {'team': 'CHI', 'date': datetime.datetime(2024, 1, 7, 13, 25)}}","['QB', 'OP', 'BE', 'IR']",QB,,,,,,,,,,,,,,,,,,,,,579.0,372.0,207.0,244.64705882,32.0,824.0,406.0,200.0,158.0,75.0,33.0,68.0,30.0,35.0,15.0,,,2.0,2.0,11.0,0.64248705,30.0,5.0,15.0,9.0,4.0,4.0,,,,,,,,,,,,,,,,,,,,,,,,,,,,,,,,,,,,,,,,,,,,,,,,,,,,,,,,,,,,,,,,,,,,,,,,,,,,,,,,,,,,,,,,,,,,,,,,,,,,,,,,,,,,,,,,,,,,,,,,,,,,,,,,,,,,,,,,,,,,,,,,,,,,,,1.0,,,,,,,,,,,,,,,,,,,,,,,,,,,,,,,,,,,,,,,,,,,,2023,,,209.0,16.0,,,,,,,,,,,,,,,,,,,,,,,,,,,,,,,,,
40.0,3.33,88.87,5.92,,,,,,,,,,,,,,,,,32.0,25.66666667,2.0,57.0,26.0,12.0,7.0,2.0,1.0,47.0,145.0,9.625,,,,,,2.0,3.0,6.0,6.0,14.0,,,12.0,,,,,,,,,,,,,,,,,42.56927958,4.157996961,0.22574874,0.131173677,0.085721998,128.0,64.0,32.0,25.0,12.0,59.57222162,11.0,5.0,0.764615796,0.023647911,87.63324965,10.80280921,0.22574874,0.002134016,,0.485003686,0.485003686,,0.271602064,0.271602064,0.271602064,15.11764706,Pat Freiermuth,PIT,ADD,29,4361411,12,Jean Machine,TE,"{'1': {'team': 'SF', 'date': datetime.datetime(2023, 9, 10, 10, 0)}, '2': {'team': 'CLE', 'date': datetime.datetime(2023, 9, 18, 17, 15)}, '3': {'team': 'LV', 'date': datetime.datetime(2023, 9, 24, 17, 20)}, '4': {'team': 'HOU', 'date': datetime.datetime(2023, 10, 1, 10, 0)}, '5': {'team': 'BAL', 'date': datetime.datetime(2023, 10, 8, 10, 0)}, '7': {'team': 'LAR', 'date': datetime.datetime(2023, 10, 22, 13, 5)}, '8': {'team': 'JAX', 'date': datetime.datetime(2023, 10, 29, 10, 0)}, '9': {'team': 'TEN', 'date': datetime.datetime(2023, 11, 2, 17, 15)}, '10': {'team': 'GB', 'date': datetime.datetime(2023, 11, 12, 10, 0)}, '11': {'team': 'CLE', 'date': datetime.datetime(2023, 11, 19, 10, 0)}, '12': {'team': 'CIN', 'date': datetime.datetime(2023, 11, 26, 10, 0)}, '13': {'team': 'ARI', 'date': datetime.datetime(2023, 12, 3, 10, 0)}, '14': {'team': 'NE', 'date': datetime.datetime(2023, 12, 7, 17, 15)}, '15': {'team': 'IND', 'date': datetime.datetime(2023, 12, 16, 13, 30)}, '16': {'team': 'CIN', 'date': datetime.datetime(2023, 12, 23, 13, 30)}, '17': {'team': 'SEA', 'date': datetime.datetime(2023, 12, 31, 13, 5)}, '18': {'team': 'BAL', 'date': datetime.datetime(2024, 1, 6, 13, 30)}}","['WR/TE', 'TE', 'RB/WR/TE', 'OP', 'BE', 'IR']",TE,,,1.0,1.0,,,,,,,,,,,,,,,1.0,,,,,,,,,,,,,,,,,,,,,,,,,,,,,,,,,,,,,,,,,,,,,,,,,,,,1.0,,1.0,1.0,,,1.0,,,,,,,,,,,,,,,,,,,,,,,,,,,,,,,,,,,,,,,,,,,,,,,,,,,,,,,,,,,,,,,,,,,,,,,,,,,,,,,,,,,,,,,,,,,,,,,,,,,,,,,,,,,,,,,,,,,,,,,,,,,,,,,,,,,,,,,,,,,,,,,,,,,,,,,,,,,,,,,,,,,,2023,,,,,17.0,,,,,,,,,,,,,,,,,,,,,,,,,,,,,,31.87554507,,
81.0,6.75,0.0,0.0,132.0,50.91666667,2.0,117.0,55.0,25.0,20.0,7.0,3.0,22.0,7.0,,,3.0,,4.62878788,20.0,11.16666667,1.0,21.0,8.0,2.0,1.0,,,31.0,138.0,6.7,,1.0,,1.0,1.0,,,5.0,7.0,20.0,1.0,,12.0,,,,,,,,,,,,,,,,,,,,,,,,,,,,,,,,,,,,,,,,,,,14.17647059,Khalil Herbert,CHI,ADD,41,4035886,12,Jean Machine,RB,"{'1': {'team': 'GB', 'date': datetime.datetime(2023, 9, 10, 13, 25)}, '2': {'team': 'TB', 'date': datetime.datetime(2023, 9, 17, 10, 0)}, '3': {'team': 'KC', 'date': datetime.datetime(2023, 9, 24, 13, 25)}, '4': {'team': 'DEN', 'date': datetime.datetime(2023, 10, 1, 10, 0)}, '5': {'team': 'WSH', 'date': datetime.datetime(2023, 10, 5, 17, 15)}, '6': {'team': 'MIN', 'date': datetime.datetime(2023, 10, 15, 10, 0)}, '7': {'team': 'LV', 'date': datetime.datetime(2023, 10, 22, 10, 0)}, '8': {'team': 'LAC', 'date': datetime.datetime(2023, 10, 29, 17, 20)}, '9': {'team': 'NO', 'date': datetime.datetime(2023, 11, 5, 10, 0)}, '10': {'team': 'CAR', 'date': datetime.datetime(2023, 11, 9, 17, 15)}, '11': {'team': 'DET', 'date': datetime.datetime(2023, 11, 19, 10, 0)}, '12': {'team': 'MIN', 'date': datetime.datetime(2023, 11, 27, 17, 15)}, '14': {'team': 'DET', 'date': datetime.datetime(2023, 12, 10, 10, 0)}, '15': {'team': 'CLE', 'date': datetime.datetime(2023, 12, 17, 10, 0)}, '16': {'team': 'ARI', 'date': datetime.datetime(2023, 12, 24, 13, 25)}, '17': {'team': 'ATL', 'date': datetime.datetime(2023, 12, 31, 10, 0)}, '18': {'team': 'GB', 'date': datetime.datetime(2024, 1, 7, 13, 25)}}","['RB', 'RB/WR', 'RB/WR/TE', 'OP', 'BE', 'IR']",RB,,,,,1.0,1.0,,,,,,,,,,,,,1.0,,,,,,,,,,,,,,,,,,,,,,,,,,,,,,,,,,,,,,,,,,,,,,,,,,,,,,,,1.0,,,,,,,,,,,,,,,,,,,,,,,,,,,,,,,,,,,,,,,,,,,,,,,,,,,,,,,,,,,,,,,,,,,,,,,,,,,,,,,,,,,,,,,,,,,,,,,,,,,,,,,,,,,,,,,,,,,,,,,,,,,,,,,1.0,,,,,,,,,,,,,,,,,,,,,,,,,,,,,,,,,,,,,,,2023,,,,25.0,9.0,,,,,,,,,,,,,,,,,,,,,,,,,,,,,,,,
309.0,19.31,0.0,0.0,272.0,91.1875,14.0,286.0,139.0,65.0,51.0,22.0,7.0,48.0,20.0,1.0,1.0,7.0,,5.36397059,67.0,35.25,7.0,106.0,48.0,21.0,16.0,4.0,8.0,83.0,461.0,8.41791045,2.0,3.0,2.0,2.0,2.0,2.0,2.0,12.0,4.0,126.0,11.0,1.0,16.0,,,,,,,,,,,,,,,,,,,,,,,,,,,,,,,,,,,,,,,,,,,14.17647059,Christian McCaffrey,SF,DRAFT,1,3117251,13,The Ralph Dudes,RB,"{'1': {'team': 'PIT', 'date': datetime.datetime(2023, 9, 10, 10, 0)}, '2': {'team': 'LAR', 'date': datetime.datetime(2023, 9, 17, 13, 5)}, '3': {'team': 'NYG', 'date': datetime.datetime(2023, 9, 21, 17, 15)}, '4': {'team': 'ARI', 'date': datetime.datetime(2023, 10, 1, 13, 25)}, '5': {'team': 'DAL', 'date': datetime.datetime(2023, 10, 8, 17, 20)}, '6': {'team': 'CLE', 'date': datetime.datetime(2023, 10, 15, 10, 0)}, '7': {'team': 'MIN', 'date': datetime.datetime(2023, 10, 23, 17, 15)}, '8': {'team': 'CIN', 'date': datetime.datetime(2023, 10, 29, 13, 25)}, '10': {'team': 'JAX', 'date': datetime.datetime(2023, 11, 12, 10, 0)}, '11': {'team': 'TB', 'date': datetime.datetime(2023, 11, 19, 13, 5)}, '12': {'team': 'SEA', 'date': datetime.datetime(2023, 11, 23, 17, 20)}, '13': {'team': 'PHI', 'date': datetime.datetime(2023, 12, 3, 13, 25)}, '14': {'team': 'SEA', 'date': datetime.datetime(2023, 12, 10, 13, 5)}, '15': {'team': 'ARI', 'date': datetime.datetime(2023, 12, 17, 13, 5)}, '16': {'team': 'BAL', 'date': datetime.datetime(2023, 12, 25, 17, 15)}, '17': {'team': 'WSH', 'date': datetime.datetime(2023, 12, 31, 10, 0)}, '18': {'team': 'LAR', 'date': datetime.datetime(2024, 1, 7, 13, 25)}}","['RB', 'RB/WR', 'RB/WR/TE', 'OP', 'BE', 'IR']",RB,1.0,,,,1.0,,,,,,,,,,,,,,4.0,,,,,,,,,,,,,,,,,,,,,,,,,,,,,,,,,,,,,,,,,,,,,,,,,,,,,,1.0,,2.0,,,,,,,,,,,,,,,,,,,,,,,,,,,,,,,,,,,,,,,,,,,,,,,,,,,,,,,,,,,,,,,,,,,,,,,,,,,,,,,,,,,,,,,,,,,,,,,,,,,,,,,,,,,,,,,,,,,,,,,,,,,,,,,,,,,,,,,,,,,,,,,,,,,,,,,,,,,,,,,,,,,,,,2023,,,,83.0,31.0,,,,,,,,,,,,,,,,,,,,,,,,,,,,,,,,
112.0,6.59,166.62,11.11,4.0,0.0,,1.0,,,,,,,,,,,,0.0,95.0,61.29411765,3.0,201.0,98.0,45.0,36.0,13.0,11.0,168.0,327.0,10.96842105,,2.0,,2.0,2.0,4.0,4.0,7.0,10.0,18.0,,,17.0,4.265648383,1.61362869,0.149229191,0.008013161,4.0,2.0,1.0,,,,,0.007841015,0.00548871,0.001365936,4.66141e-05,5.718771644,75.28959181,8.625828604,0.414024074,0.229121944,0.149731191,227.0,113.0,56.0,45.0,22.0,82.2251328,16.0,8.0,3.462901571,0.107100049,135.2958969,13.84250092,0.422037235,0.007611189,0.085312968,1.644502656,1.729815624,0.039243965,0.920921487,0.960165452,0.960165452,15.11764706,Garrett Wilson,NYJ,DRAFT,36,4569618,13,The Ralph Dudes,BE,"{'1': {'team': 'BUF', 'date': datetime.datetime(2023, 9, 11, 17, 15)}, '2': {'team': 'DAL', 'date': datetime.datetime(2023, 9, 17, 13, 25)}, '3': {'team': 'NE', 'date': datetime.datetime(2023, 9, 24, 10, 0)}, '4': {'team': 'KC', 'date': datetime.datetime(2023, 10, 1, 17, 20)}, '5': {'team': 'DEN', 'date': datetime.datetime(2023, 10, 8, 13, 25)}, '6': {'team': 'PHI', 'date': datetime.datetime(2023, 10, 15, 13, 25)}, '8': {'team': 'NYG', 'date': datetime.datetime(2023, 10, 29, 10, 0)}, '9': {'team': 'LAC', 'date': datetime.datetime(2023, 11, 6, 17, 15)}, '10': {'team': 'LV', 'date': datetime.datetime(2023, 11, 12, 17, 20)}, '11': {'team': 'BUF', 'date': datetime.datetime(2023, 11, 19, 13, 25)}, '12': {'team': 'MIA', 'date': datetime.datetime(2023, 11, 24, 12, 0)}, '13': {'team': 'ATL', 'date': datetime.datetime(2023, 12, 3, 10, 0)}, '14': {'team': 'HOU', 'date': datetime.datetime(2023, 12, 10, 10, 0)}, '15': {'team': 'MIA', 'date': datetime.datetime(2023, 12, 17, 10, 0)}, '16': {'team': 'WSH', 'date': datetime.datetime(2023, 12, 24, 10, 0)}, '17': {'team': 'CLE', 'date': datetime.datetime(2023, 12, 28, 17, 15)}, '18': {'team': 'NE', 'date': datetime.datetime(2024, 1, 7, 10, 0)}}","['RB/WR', 'WR', 'WR/TE', 'RB/WR/TE', 'OP', 'BE', 'IR']",BE,1.0,1.0,2.0,2.0,2.0,2.0,,,,,,,,,,,,,2.0,,1.0,,1.0,,,,,,,,,,,,,,,,,,,,,,,,,,,,,,,,,,,,,,,,,,,,,,,,,,,,,,,,,,,,,,,,,,,,,,,,,,,,,,,,,,,,,,,,,,,,,,,,,,,,,,,,,,,,,,,,,,,,,,,,,,,,,,,,,,,,,,,,,,,,,,,,,,,,,,,,,,,,,,,,,,,,,,,,,,,,,,,,,,,,,,,,,,,,,,,,,,,,,,,,,,,,,,,,,,,,,,,,,,2023,,,,1.0,47.0,,,,,,,,,,,,,,,,,,,,,,,,,,,,,3.26607243,52.50647746,,
204.0,12.75,146.18,9.75,4.0,1.5,,3.0,1.0,,,,,,,,,,,6.0,119.0,94.6875,10.0,297.0,145.0,69.0,53.0,24.0,17.0,164.0,668.0,12.73109244,,1.0,,1.0,1.0,2.0,4.0,11.0,5.0,60.0,,,16.0,8.999266967,4.270078878,0.613466712,0.022863558,12.0,6.0,3.0,2.0,1.0,1.0,,0.016584843,0.01160939,0.010320529,0.0003522,7.173200398,68.87315521,5.48836558,0.321761463,0.176500493,0.115343072,208.0,104.0,52.0,41.0,20.0,95.31189358,19.0,9.0,2.791692302,0.086340999,131.9092567,10.92413563,0.344625022,0.004592443,0.090046632,0.953690451,1.043737083,0.041421451,0.534066653,0.575488103,0.575488103,15.11764706,Amon-Ra St. Brown,DET,DRAFT,3,4374302,13,The Ralph Dudes,WR,"{'1': {'team': 'KC', 'date': datetime.datetime(2023, 9, 7, 17, 20)}, '2': {'team': 'SEA', 'date': datetime.datetime(2023, 9, 17, 10, 0)}, '3': {'team': 'ATL', 'date': datetime.datetime(2023, 9, 24, 10, 0)}, '4': {'team': 'GB', 'date': datetime.datetime(2023, 9, 28, 17, 15)}, '5': {'team': 'CAR', 'date': datetime.datetime(2023, 10, 8, 10, 0)}, '6': {'team': 'TB', 'date': datetime.datetime(2023, 10, 15, 13, 25)}, '7': {'team': 'BAL', 'date': datetime.datetime(2023, 10, 22, 10, 0)}, '8': {'team': 'LV', 'date': datetime.datetime(2023, 10, 30, 17, 15)}, '10': {'team': 'LAC', 'date': datetime.datetime(2023, 11, 12, 13, 5)}, '11': {'team': 'CHI', 'date': datetime.datetime(2023, 11, 19, 10, 0)}, '12': {'team': 'GB', 'date': datetime.datetime(2023, 11, 23, 9, 30)}, '13': {'team': 'NO', 'date': datetime.datetime(2023, 12, 3, 10, 0)}, '14': {'team': 'CHI', 'date': datetime.datetime(2023, 12, 10, 10, 0)}, '15': {'team': 'DEN', 'date': datetime.datetime(2023, 12, 16, 17, 15)}, '16': {'team': 'MIN', 'date': datetime.datetime(2023, 12, 24, 10, 0)}, '17': {'team': 'DAL', 'date': datetime.datetime(2023, 12, 30, 17, 15)}, '18': {'team': 'MIN', 'date': datetime.datetime(2024, 1, 7, 10, 0)}}","['RB/WR', 'WR', 'WR/TE', 'RB/WR/TE', 'OP', 'BE', 'IR']",WR,1.0,1.0,9.0,9.0,1.0,1.0,,,,,,,,,,,,3.0,3.0,4.0,,,,,,,,,,,,,,,,,,,,,,1.0,,,,,,,,,,,,,,,,,,,,,,,,,,,,,,,2.0,2.0,,,1.0,,,,,,,,,,,,,,,,,,,,,,,,,,,,,,,,,,,,,,,,,,,,,,,,,,,,,,,,,,,,,,,,,,,,,,,,,,,,,,,,,,,,,,,,,,,,,,,,,,,,,,,,,,,,,,,,,,,,,,,,,,,,,,,,,,,,,,,,,,,,,,,,,,,,,,,,,,,,,,,,,,,,2023,,,,2.0,75.0,,,,,,,,,,,,,,,,,,,,,,,,,,,,,5.255735593,51.53150539,,
51.0,3.19,0.0,0.0,129.0,27.0,1.0,80.0,38.0,15.0,10.0,3.0,,19.0,6.0,,,,,3.34883721,27.0,9.625,,27.0,11.0,3.0,2.0,,1.0,41.0,158.0,5.7037037,2.0,2.0,2.0,2.0,2.0,,,2.0,14.0,6.0,1.0,,16.0,,,,,,,,,,,,,,,,,,,,,,,,,,,,,,,,,,,,,,,,,,,14.17647059,Miles Sanders,CAR,DRAFT,55,4045163,13,The Ralph Dudes,BE,"{'1': {'team': 'ATL', 'date': datetime.datetime(2023, 9, 10, 10, 0)}, '2': {'team': 'NO', 'date': datetime.datetime(2023, 9, 18, 16, 15)}, '3': {'team': 'SEA', 'date': datetime.datetime(2023, 9, 24, 13, 5)}, '4': {'team': 'MIN', 'date': datetime.datetime(2023, 10, 1, 10, 0)}, '5': {'team': 'DET', 'date': datetime.datetime(2023, 10, 8, 10, 0)}, '6': {'team': 'MIA', 'date': datetime.datetime(2023, 10, 15, 10, 0)}, '8': {'team': 'HOU', 'date': datetime.datetime(2023, 10, 29, 10, 0)}, '9': {'team': 'IND', 'date': datetime.datetime(2023, 11, 5, 13, 5)}, '10': {'team': 'CHI', 'date': datetime.datetime(2023, 11, 9, 17, 15)}, '11': {'team': 'DAL', 'date': datetime.datetime(2023, 11, 19, 10, 0)}, '12': {'team': 'TEN', 'date': datetime.datetime(2023, 11, 26, 10, 0)}, '13': {'team': 'TB', 'date': datetime.datetime(2023, 12, 3, 13, 5)}, '14': {'team': 'NO', 'date': datetime.datetime(2023, 12, 10, 10, 0)}, '15': {'team': 'ATL', 'date': datetime.datetime(2023, 12, 17, 10, 0)}, '16': {'team': 'GB', 'date': datetime.datetime(2023, 12, 24, 10, 0)}, '17': {'team': 'JAX', 'date': datetime.datetime(2023, 12, 31, 10, 0)}, '18': {'team': 'TB', 'date': datetime.datetime(2024, 1, 7, 10, 0)}}","['RB', 'RB/WR', 'RB/WR/TE', 'OP', 'BE', 'IR']",BE,,,,,,,,,,,,,,,,,,,,,,,,,,,,,,,,,,,,,,,,,,,,,,,,,,,,,,,,,,,,,,,,,,,,,,,,,,,,,,,,,,,,,,,,,,,,,,,,,,,,,,,,,,,,,,,,,,,,,,,,,,,,,,,,,,,,,,,,,,,,,,,,,,,,,,,,,,,,,,,,,,,,,,,,,,,,,,,,,,,,,,,,,,,,,,,,,,,,,,,,,,,,,,,,,,,,,,,,,,,,,,,,,,,,,,,,,,,,,,,,,2023,,,,24.0,8.0,,,,,,,,,,,,,,,,,,,,,,,,,,,,,,,,
161.0,11.5,0.0,0.0,205.0,66.78571429,7.0,184.0,89.0,41.0,31.0,13.0,3.0,36.0,13.0,1.0,,3.0,,4.56097561,44.0,17.42857143,2.0,45.0,20.0,7.0,6.0,,3.0,49.0,359.0,5.54545455,1.0,1.0,1.0,1.0,1.0,,,9.0,5.0,54.0,5.0,,14.0,,,,,,,,,,,,,,,,,,,,,,,,,,,,,,,,,,,,,,,,,,,14.17647059,Isiah Pacheco,KC,DRAFT,16,4361529,13,The Ralph Dudes,BE,"{'1': {'team': 'DET', 'date': datetime.datetime(2023, 9, 7, 17, 20)}, '2': {'team': 'JAX', 'date': datetime.datetime(2023, 9, 17, 10, 0)}, '3': {'team': 'CHI', 'date': datetime.datetime(2023, 9, 24, 13, 25)}, '4': {'team': 'NYJ', 'date': datetime.datetime(2023, 10, 1, 17, 20)}, '5': {'team': 'MIN', 'date': datetime.datetime(2023, 10, 8, 13, 25)}, '6': {'team': 'DEN', 'date': datetime.datetime(2023, 10, 12, 17, 15)}, '7': {'team': 'LAC', 'date': datetime.datetime(2023, 10, 22, 13, 25)}, '8': {'team': 'DEN', 'date': datetime.datetime(2023, 10, 29, 13, 25)}, '9': {'team': 'MIA', 'date': datetime.datetime(2023, 11, 5, 6, 30)}, '11': {'team': 'PHI', 'date': datetime.datetime(2023, 11, 20, 17, 15)}, '12': {'team': 'LV', 'date': datetime.datetime(2023, 11, 26, 13, 25)}, '13': {'team': 'GB', 'date': datetime.datetime(2023, 12, 3, 17, 20)}, '14': {'team': 'BUF', 'date': datetime.datetime(2023, 12, 10, 13, 25)}, '15': {'team': 'NE', 'date': datetime.datetime(2023, 12, 17, 10, 0)}, '16': {'team': 'LV', 'date': datetime.datetime(2023, 12, 25, 10, 0)}, '17': {'team': 'CIN', 'date': datetime.datetime(2023, 12, 31, 13, 25)}, '18': {'team': 'LAC', 'date': datetime.datetime(2024, 1, 7, 13, 25)}}","['RB', 'RB/WR', 'RB/WR/TE', 'OP', 'BE', 'IR']",BE,,,,,,,,,,,,,,,,,,,2.0,,,,,,,,,,,,,,,,,,,,,,,,,,,,,,,,,,,,,,,,,,,,,,,,,,,,,,,,1.0,,,,,,,,,,,,,,,,,,,,,,,,,,,,,,,,,,,,,,,,,,,,,,,,,,,,,,,,,,,,,,,,,,,,,,,,,,,,,,,,,,,,,,,,,,,,,,,,,,,,,,,,,,,,,,,,,,,,,,,,,,,,,,,,,,,,,,,,,,,,,,,,,,,,,,,,,,,,,,,,,,,,,,2023,,,,53.0,12.0,,,,,,,,,,,,,,,,,,,,,,,,,,,,,,,,
125.0,7.81,0.0,0.0,,,,,,,,,,,,,,,,,59.0,48.25,10.0,149.0,71.0,32.0,25.0,9.0,5.0,90.0,156.0,13.08474576,,3.0,,3.0,3.0,,,7.0,9.0,60.0,,,16.0,,,,,,,,,,,,,,,,,,,,,,,,,,,,,,,,,,,,,,,,,,,15.11764706,Courtland Sutton,DEN,DRAFT,29,3128429,13,The Ralph Dudes,WR,"{'1': {'team': 'LV', 'date': datetime.datetime(2023, 9, 10, 13, 25)}, '2': {'team': 'WSH', 'date': datetime.datetime(2023, 9, 17, 13, 25)}, '3': {'team': 'MIA', 'date': datetime.datetime(2023, 9, 24, 10, 0)}, '4': {'team': 'CHI', 'date': datetime.datetime(2023, 10, 1, 10, 0)}, '5': {'team': 'NYJ', 'date': datetime.datetime(2023, 10, 8, 13, 25)}, '6': {'team': 'KC', 'date': datetime.datetime(2023, 10, 12, 17, 15)}, '7': {'team': 'GB', 'date': datetime.datetime(2023, 10, 22, 13, 25)}, '8': {'team': 'KC', 'date': datetime.datetime(2023, 10, 29, 13, 25)}, '10': {'team': 'BUF', 'date': datetime.datetime(2023, 11, 13, 17, 15)}, '11': {'team': 'MIN', 'date': datetime.datetime(2023, 11, 19, 17, 20)}, '12': {'team': 'CLE', 'date': datetime.datetime(2023, 11, 26, 13, 5)}, '13': {'team': 'HOU', 'date': datetime.datetime(2023, 12, 3, 10, 0)}, '14': {'team': 'LAC', 'date': datetime.datetime(2023, 12, 10, 13, 25)}, '15': {'team': 'DET', 'date': datetime.datetime(2023, 12, 16, 17, 15)}, '16': {'team': 'NE', 'date': datetime.datetime(2023, 12, 24, 17, 15)}, '17': {'team': 'LAC', 'date': datetime.datetime(2023, 12, 31, 13, 25)}, '18': {'team': 'LV', 'date': datetime.datetime(2024, 1, 7, 13, 25)}}","['RB/WR', 'WR', 'WR/TE', 'RB/WR/TE', 'OP', 'BE', 'IR']",WR,2.0,,,,3.0,3.0,,,,,,,,,,,,,3.0,,,,,,,,,,,,,,,,,,,,,,,,,,,,,,,,,,,,,,,,,,,,,,,,,,,,,,5.0,,,,,,,,,,,,,,,,,,,,,,,,,,,,,,,,,,,,,,,,,,,,,,,,,,,,,,,,,,,,,,,,,,,,,,,,,,,,,,,,,,,,,,,,,,,,,,,,,,,,,,,,,,,,,,,,,,,,,,,,,,,,,,,,,,,,,,,,,,,,,,,,,,,,,,,,,,,,,,,,,,,,,,,,2023,,,,,37.0,,,,,,,,,,,,,,,,,,,,,,,,,,,,,,,,
328.0,19.29,0.0,0.0,55.0,14.23529412,2.0,43.0,18.0,6.0,3.0,,,5.0,,,,,,4.4,,,,,,,,,,,,,1.0,4.0,1.0,2.0,11.0,1.0,1.0,12.0,5.0,228.0,,,17.0,,,,,,,,,,,,,,,,,,,,,,,,,,,,,,,,,,,,,,,,,,,15.0,Dak Prescott,DAL,DRAFT,3,2577417,13,The Ralph Dudes,QB,"{'1': {'team': 'NYG', 'date': datetime.datetime(2023, 9, 10, 17, 20)}, '2': {'team': 'NYJ', 'date': datetime.datetime(2023, 9, 17, 13, 25)}, '3': {'team': 'ARI', 'date': datetime.datetime(2023, 9, 24, 13, 25)}, '4': {'team': 'NE', 'date': datetime.datetime(2023, 10, 1, 13, 25)}, '5': {'team': 'SF', 'date': datetime.datetime(2023, 10, 8, 17, 20)}, '6': {'team': 'LAC', 'date': datetime.datetime(2023, 10, 16, 17, 15)}, '8': {'team': 'LAR', 'date': datetime.datetime(2023, 10, 29, 10, 0)}, '9': {'team': 'PHI', 'date': datetime.datetime(2023, 11, 5, 13, 25)}, '10': {'team': 'NYG', 'date': datetime.datetime(2023, 11, 12, 13, 25)}, '11': {'team': 'CAR', 'date': datetime.datetime(2023, 11, 19, 10, 0)}, '12': {'team': 'WSH', 'date': datetime.datetime(2023, 11, 23, 13, 30)}, '13': {'team': 'SEA', 'date': datetime.datetime(2023, 11, 30, 17, 15)}, '14': {'team': 'PHI', 'date': datetime.datetime(2023, 12, 10, 17, 20)}, '15': {'team': 'BUF', 'date': datetime.datetime(2023, 12, 17, 13, 25)}, '16': {'team': 'MIA', 'date': datetime.datetime(2023, 12, 24, 13, 25)}, '17': {'team': 'DET', 'date': datetime.datetime(2023, 12, 30, 17, 15)}, '18': {'team': 'WSH', 'date': datetime.datetime(2024, 1, 7, 13, 25)}}","['QB', 'OP', 'BE', 'IR']",QB,,,,,,,,,,,,,,,,,,,,,590.0,410.0,180.0,265.64705882,36.0,894.0,444.0,217.0,172.0,82.0,36.0,76.0,34.0,31.0,11.0,3.0,1.0,4.0,2.0,9.0,0.69491525,39.0,2.0,16.0,11.0,4.0,2.0,,,,,,,,,,,,,,,,,,,,,,,,,,,,2.0,,,,,,,,,,,,,,,,,,,,,,,,,,,,,,,,,,,,,,,,,,,,,,,,,,,,,,,,,,,,,,,,,,,,,,,,,,,,,,,,,,,,,,,,,,,,,,,,,,,,,,,,,,,,,,,,,,,,,,,,,,1.0,,,,,,,1.0,,,,,,,,,,,,,,,,,,,,,,,,,,,,,,,,,,,,,2023,,,222.0,21.0,,,,,,,,,,,,,,,,,,,,,,,,,,,,,,,,,
130.0,7.65,0.0,0.0,,,,,,,,,,,,,,,,,,,,,,,,,,,,,,,,,,654.0,1072.0,9.0,8.0,,,,17.0,,,,,,,,,,,,,,,,,,,,,,,,,,,,,,,,,,,,,,,,,,,17.0,Saints D/ST,NO,DRAFT,7,-16018,13,The Ralph Dudes,BE,"{'1': {'team': 'TEN', 'date': datetime.datetime(2023, 9, 10, 10, 0)}, '2': {'team': 'CAR', 'date': datetime.datetime(2023, 9, 18, 16, 15)}, '3': {'team': 'GB', 'date': datetime.datetime(2023, 9, 24, 10, 0)}, '4': {'team': 'TB', 'date': datetime.datetime(2023, 10, 1, 10, 0)}, '5': {'team': 'NE', 'date': datetime.datetime(2023, 10, 8, 10, 0)}, '6': {'team': 'HOU', 'date': datetime.datetime(2023, 10, 15, 10, 0)}, '7': {'team': 'JAX', 'date': datetime.datetime(2023, 10, 19, 17, 15)}, '8': {'team': 'IND', 'date': datetime.datetime(2023, 10, 29, 10, 0)}, '9': {'team': 'CHI', 'date': datetime.datetime(2023, 11, 5, 10, 0)}, '10': {'team': 'MIN', 'date': datetime.datetime(2023, 11, 12, 10, 0)}, '12': {'team': 'ATL', 'date': datetime.datetime(2023, 11, 26, 10, 0)}, '13': {'team': 'DET', 'date': datetime.datetime(2023, 12, 3, 10, 0)}, '14': {'team': 'CAR', 'date': datetime.datetime(2023, 12, 10, 10, 0)}, '15': {'team': 'NYG', 'date': datetime.datetime(2023, 12, 17, 10, 0)}, '16': {'team': 'LAR', 'date': datetime.datetime(2023, 12, 21, 17, 15)}, '17': {'team': 'TB', 'date': datetime.datetime(2023, 12, 31, 10, 0)}, '18': {'team': 'ATL', 'date': datetime.datetime(2024, 1, 7, 10, 0)}}","['D/ST', 'BE', 'IR']",BE,,,,,,,466.0,40.0,12.0,,,,,,,,,,,,,,,,,,,,,,,,,,,,,,,,,,,,,,,,,,,,,,,,,,,,,,,,,,,,,,,,,418.0,,,8.0,,,,,,,,,,,,,,,,,,,,,,,,,,,,,,,,,,,11.0,1.0,2.0,1.0,4.0,2.0,18.0,,,34.0,68.0,,1.0,1.0,3.0,350.0,207.0,71.0,99.0,392.0,33.0,8.0,315.0,3.0,4.0,2.0,0.0,5562.0,0.0,2.0,3.0,5.0,6.0,0.0,1.0,0.0,0.0,1.0,2.0,1.0,4.0,3.0,4.0,2.0,0.0,,,,,,,,,,,,,,,,,,,,,,,,,,,,,,,,,,,,,,,,,,,,,,,1.0,,,,,,,,,,,,,,,,,,,,,,,,,,,,,,,,,,,,,,2023,,,,,,,,,,,,,,,,,,,,,,,,,,,,,,,,,,,,,
233.0,15.53,0.0,0.0,21.0,4.33333333,,10.0,3.0,,,,,,,,,,,3.0952381,,,,,,,,,,,,,,,,,11.0,,,9.0,6.0,146.0,,,15.0,,,,,,,,,,,,,,,,,,,,,,,,,,,,,,,,,,,,,,,,,,,15.0,Matthew Stafford,LAR,DRAFT,15,12483,13,The Ralph Dudes,BE,"{'1': {'team': 'SEA', 'date': datetime.datetime(2023, 9, 10, 13, 25)}, '2': {'team': 'SF', 'date': datetime.datetime(2023, 9, 17, 13, 5)}, '3': {'team': 'CIN', 'date': datetime.datetime(2023, 9, 25, 17, 15)}, '4': {'team': 'IND', 'date': datetime.datetime(2023, 10, 1, 10, 0)}, '5': {'team': 'PHI', 'date': datetime.datetime(2023, 10, 8, 13, 5)}, '6': {'team': 'ARI', 'date': datetime.datetime(2023, 10, 15, 13, 25)}, '7': {'team': 'PIT', 'date': datetime.datetime(2023, 10, 22, 13, 5)}, '8': {'team': 'DAL', 'date': datetime.datetime(2023, 10, 29, 10, 0)}, '9': {'team': 'GB', 'date': datetime.datetime(2023, 11, 5, 10, 0)}, '11': {'team': 'SEA', 'date': datetime.datetime(2023, 11, 19, 13, 25)}, '12': {'team': 'ARI', 'date': datetime.datetime(2023, 11, 26, 13, 5)}, '13': {'team': 'CLE', 'date': datetime.datetime(2023, 12, 3, 13, 25)}, '14': {'team': 'BAL', 'date': datetime.datetime(2023, 12, 10, 10, 0)}, '15': {'team': 'WSH', 'date': datetime.datetime(2023, 12, 17, 13, 5)}, '16': {'team': 'NO', 'date': datetime.datetime(2023, 12, 21, 17, 15)}, '17': {'team': 'NYG', 'date': datetime.datetime(2023, 12, 31, 10, 0)}, '18': {'team': 'SF', 'date': datetime.datetime(2024, 1, 7, 13, 25)}}","['QB', 'OP', 'BE', 'IR']",BE,,,,,,,,,,,,,,,,,,,,,521.0,326.0,195.0,264.33333333,24.0,785.0,388.0,190.0,152.0,72.0,33.0,58.0,26.0,33.0,12.0,2.0,2.0,5.0,1.0,11.0,0.62571977,30.0,,15.0,2.0,4.0,1.0,,,,,,,,,,,,,,,,,,,,,,,,1.0,,,,,,,,,,,,,,,,,,,,,,,,,,,,,,,,,,,,,,,,,,,,,,,,,,,,,,,,,,,,,,,,,,,,,,,,,,,,,,,,,,,,,,,,,,,,,,,,,,,,,,,,,,,,,,,,,,,,,,,,,,,,,,,,,,,,,,,,,,,,,,,,,,,,,,,,,,,,,,,,,,,,,,,,,,2023,,,187.0,4.0,,,,,,,,,,,,,,,,,,,,,,,,,,,,,,,,,
165.0,9.71,0.0,0.0,198.0,47.64705882,13.0,155.0,74.0,34.0,24.0,8.0,,34.0,12.0,,,,,4.09090909,12.0,10.58823529,,32.0,15.0,5.0,4.0,1.0,,13.0,145.0,15.0,2.0,3.0,2.0,2.0,2.0,1.0,1.0,13.0,4.0,80.0,13.0,,17.0,,,,,,,,,,,,,,,,,,,,,,,,,,,,,,,,,,,,,,,,,,,14.17647059,Gus Edwards,LAC,DRAFT,14,3051926,13,The Ralph Dudes,RB,"{'1': {'team': 'MIA', 'date': datetime.datetime(2023, 9, 10, 13, 25)}, '2': {'team': 'TEN', 'date': datetime.datetime(2023, 9, 17, 10, 0)}, '3': {'team': 'MIN', 'date': datetime.datetime(2023, 9, 24, 10, 0)}, '4': {'team': 'LV', 'date': datetime.datetime(2023, 10, 1, 13, 5)}, '6': {'team': 'DAL', 'date': datetime.datetime(2023, 10, 16, 17, 15)}, '7': {'team': 'KC', 'date': datetime.datetime(2023, 10, 22, 13, 25)}, '8': {'team': 'CHI', 'date': datetime.datetime(2023, 10, 29, 17, 20)}, '9': {'team': 'NYJ', 'date': datetime.datetime(2023, 11, 6, 17, 15)}, '10': {'team': 'DET', 'date': datetime.datetime(2023, 11, 12, 13, 5)}, '11': {'team': 'GB', 'date': datetime.datetime(2023, 11, 19, 10, 0)}, '12': {'team': 'BAL', 'date': datetime.datetime(2023, 11, 26, 17, 20)}, '13': {'team': 'NE', 'date': datetime.datetime(2023, 12, 3, 10, 0)}, '14': {'team': 'DEN', 'date': datetime.datetime(2023, 12, 10, 13, 25)}, '15': {'team': 'LV', 'date': datetime.datetime(2023, 12, 14, 17, 15)}, '16': {'team': 'BUF', 'date': datetime.datetime(2023, 12, 23, 17, 0)}, '17': {'team': 'DEN', 'date': datetime.datetime(2023, 12, 31, 13, 25)}, '18': {'team': 'KC', 'date': datetime.datetime(2024, 1, 7, 13, 25)}}","['RB', 'RB/WR', 'RB/WR/TE', 'OP', 'BE', 'IR']",RB,,,,,1.0,,,,,,,,,,,,,,,,,,,,,,,,,,,,,,,,,,,,,,,,,,,,,,,,,,,,,,,,,,,,,,,,,,,,,,,,,,,,,,,,,,,,,,,,,,,,,,,,,,,,,,,,,,,,,,,,,,,,,,,,,,,,,,,,,,,,,,,,,,,,,,,,,,,,,,,,,,,,,,,,,,,,,,,,,,,,,,,,,,,,,,,,,,,,,,,,,,,,,1.0,,,,,,,,,,,,,,,,,,,,,,,,,,,,,,,,,,,,,,,2023,,,,49.0,5.0,,,,,,,,,,,,,,,,,,,,,,,,,,,,,,,,
94.0,5.53,38.95,2.6,,,,,,,,,,,,,,,,,81.0,48.52941176,3.0,158.0,76.0,35.0,25.0,8.0,10.0,106.0,439.0,10.18518519,,1.0,,,,2.0,3.0,4.0,13.0,18.0,,,17.0,,,,,,,,,,,,,,,,,20.59160235,1.363985271,0.083759274,0.094012785,0.061437355,62.0,31.0,15.0,12.0,6.0,31.4827651,6.0,3.0,0.133795058,0.004137991,45.96226997,9.887841035,0.083759274,0.001601128,,0.363892632,0.363892632,,0.203779874,0.203779874,0.203779874,15.11764706,Trey McBride,ARI,ADD,10,4361307,13,The Ralph Dudes,TE,"{'1': {'team': 'WSH', 'date': datetime.datetime(2023, 9, 10, 10, 0)}, '2': {'team': 'NYG', 'date': datetime.datetime(2023, 9, 17, 13, 5)}, '3': {'team': 'DAL', 'date': datetime.datetime(2023, 9, 24, 13, 25)}, '4': {'team': 'SF', 'date': datetime.datetime(2023, 10, 1, 13, 25)}, '5': {'team': 'CIN', 'date': datetime.datetime(2023, 10, 8, 13, 5)}, '6': {'team': 'LAR', 'date': datetime.datetime(2023, 10, 15, 13, 25)}, '7': {'team': 'SEA', 'date': datetime.datetime(2023, 10, 22, 13, 5)}, '8': {'team': 'BAL', 'date': datetime.datetime(2023, 10, 29, 13, 25)}, '9': {'team': 'CLE', 'date': datetime.datetime(2023, 11, 5, 10, 0)}, '10': {'team': 'ATL', 'date': datetime.datetime(2023, 11, 12, 13, 5)}, '11': {'team': 'HOU', 'date': datetime.datetime(2023, 11, 19, 10, 0)}, '12': {'team': 'LAR', 'date': datetime.datetime(2023, 11, 26, 13, 5)}, '13': {'team': 'PIT', 'date': datetime.datetime(2023, 12, 3, 10, 0)}, '15': {'team': 'SF', 'date': datetime.datetime(2023, 12, 17, 13, 5)}, '16': {'team': 'CHI', 'date': datetime.datetime(2023, 12, 24, 13, 25)}, '17': {'team': 'PHI', 'date': datetime.datetime(2023, 12, 31, 10, 0)}, '18': {'team': 'SEA', 'date': datetime.datetime(2024, 1, 7, 13, 25)}}","['WR/TE', 'TE', 'RB/WR/TE', 'OP', 'BE', 'IR']",TE,,,2.0,2.0,1.0,,,,,,,,,,,,,2.0,2.0,,,,,,,,,,,,,,,,,,,,,,,,,,,,,,,,,,,,,,,,,,,,,,,,,,,,,,1.0,1.0,,,,,,,,,,,,,,,,,,,,,,,,,,,,,,,,,,,,,,,,,,,,,,,,,,,,,,,,,,,,,,,,,,,,,,,,,,,,,,,,,,,,,,,,,,,,,,,,,,,,,,,,,,,,,,,,,,,,,,,,,,,,,,,,,,,,,,,,,,,,,,,,,,,,,,,,,,,,,,,,,,,,,,,2023,,,,,42.0,,,,,,,,,,,,,,,,,,,,,,,,,,,,,,15.16834365,,
127.0,7.47,0.0,0.0,,,,,,,,,,,,,,,,,,,,,,,,,,,,,,,,,,,,12.0,5.0,123.0,,,17.0,,,,,,,,,,,,,,,,,,,,,,,,,,,,,,,,,,,,,,,,,,,17.0,Jake Moody,SF,ADD,20,4372066,13,The Ralph Dudes,K,"{'1': {'team': 'PIT', 'date': datetime.datetime(2023, 9, 10, 10, 0)}, '2': {'team': 'LAR', 'date': datetime.datetime(2023, 9, 17, 13, 5)}, '3': {'team': 'NYG', 'date': datetime.datetime(2023, 9, 21, 17, 15)}, '4': {'team': 'ARI', 'date': datetime.datetime(2023, 10, 1, 13, 25)}, '5': {'team': 'DAL', 'date': datetime.datetime(2023, 10, 8, 17, 20)}, '6': {'team': 'CLE', 'date': datetime.datetime(2023, 10, 15, 10, 0)}, '7': {'team': 'MIN', 'date': datetime.datetime(2023, 10, 23, 17, 15)}, '8': {'team': 'CIN', 'date': datetime.datetime(2023, 10, 29, 13, 25)}, '10': {'team': 'JAX', 'date': datetime.datetime(2023, 11, 12, 10, 0)}, '11': {'team': 'TB', 'date': datetime.datetime(2023, 11, 19, 13, 5)}, '12': {'team': 'SEA', 'date': datetime.datetime(2023, 11, 23, 17, 20)}, '13': {'team': 'PHI', 'date': datetime.datetime(2023, 12, 3, 13, 25)}, '14': {'team': 'SEA', 'date': datetime.datetime(2023, 12, 10, 13, 5)}, '15': {'team': 'ARI', 'date': datetime.datetime(2023, 12, 17, 13, 5)}, '16': {'team': 'BAL', 'date': datetime.datetime(2023, 12, 25, 17, 15)}, '17': {'team': 'WSH', 'date': datetime.datetime(2023, 12, 31, 10, 0)}, '18': {'team': 'LAR', 'date': datetime.datetime(2024, 1, 7, 13, 25)}}","['Rookie', 'K', 'BE', 'IR']",K,,,,,,,,,,,,,,,,,,,,,,,,,,,,,,,,,,,,,,,,,,,,,,,,,,,,,,,,,,,,,,,,,,,,,,,,,,,,,,2.0,3.0,4.0,6.0,2.0,15.0,16.0,1.0,21.0,25.0,4.0,60.0,61.0,1.0,2.0,3.0,,,,,,,,,,,,,,,,,,,,,,,,,,,,,,,,,,,,,,,,,,,,,,,,,,,,,,,,,,,,,,,,,,,,,,,,,,,,,,,,,,,,,,,,,,,,,,,,,,,,,,,,,1.0,1.0,,,,,,,,,,,,,,,,,,,,,,,,,,,,,,,,,,,,,,,,,,2023,,,,,,743.0,173.0,916.0,146.0,70.0,32.0,24.0,9.0,2.0,34.0,16.0,7.0,5.0,1.0,180.0,87.0,40.0,29.0,11.0,3.0,,,,,,,,,,,,
98.0,5.76,0.0,0.0,,,,,,,,,,,,,,,,,,,,,,,,,,,,,,,,,,705.0,1076.0,9.0,8.0,,,,17.0,,,,,,,,,,,,,,,,,,,,,,,,,,,,,,,,,,,,,,,,,,,17.0,Jaguars D/ST,JAX,ADD,19,-16030,13,The Ralph Dudes,D/ST,"{'1': {'team': 'IND', 'date': datetime.datetime(2023, 9, 10, 10, 0)}, '2': {'team': 'KC', 'date': datetime.datetime(2023, 9, 17, 10, 0)}, '3': {'team': 'HOU', 'date': datetime.datetime(2023, 9, 24, 10, 0)}, '4': {'team': 'ATL', 'date': datetime.datetime(2023, 10, 1, 6, 30)}, '5': {'team': 'BUF', 'date': datetime.datetime(2023, 10, 8, 6, 30)}, '6': {'team': 'IND', 'date': datetime.datetime(2023, 10, 15, 10, 0)}, '7': {'team': 'NO', 'date': datetime.datetime(2023, 10, 19, 17, 15)}, '8': {'team': 'PIT', 'date': datetime.datetime(2023, 10, 29, 10, 0)}, '10': {'team': 'SF', 'date': datetime.datetime(2023, 11, 12, 10, 0)}, '11': {'team': 'TEN', 'date': datetime.datetime(2023, 11, 19, 10, 0)}, '12': {'team': 'HOU', 'date': datetime.datetime(2023, 11, 26, 10, 0)}, '13': {'team': 'CIN', 'date': datetime.datetime(2023, 12, 4, 17, 15)}, '14': {'team': 'CLE', 'date': datetime.datetime(2023, 12, 10, 10, 0)}, '15': {'team': 'BAL', 'date': datetime.datetime(2023, 12, 17, 17, 20)}, '16': {'team': 'TB', 'date': datetime.datetime(2023, 12, 24, 13, 5)}, '17': {'team': 'CAR', 'date': datetime.datetime(2023, 12, 31, 10, 0)}, '18': {'team': 'TEN', 'date': datetime.datetime(2024, 1, 7, 10, 0)}}","['D/ST', 'BE', 'IR']",D/ST,,,,,,,688.0,64.0,19.0,,,,,,,,,,,,,,,,,,,,,,,,,,,,,,,,,,,,,,,,,,,,,,,,,,,,,,,,,,,,,,,,,371.0,,,12.0,,,,,,,,,,,,,,,,,,,,,,,,,,,,,,,,,,,11.0,1.0,0.0,2.0,3.0,2.0,16.0,,,40.0,80.0,,,2.0,2.0,354.0,208.0,70.0,84.0,297.0,22.0,5.0,365.0,3.0,2.0,5.0,1.0,5828.0,0.0,1.0,4.0,2.0,7.0,2.0,1.0,0.0,0.0,1.0,0.0,2.0,3.0,3.0,2.0,5.0,1.0,,,,,,,,,,,,,,,,,,,,,,,,,,,,,,,,,,,,,,,,,,,,,,,,,,,,,,,,,,,,,,,,,,,,,,,,,,,,,,,,,,,,,2023,,,,,,,,,,,,,,,,,,,,,,,,,,,,,,,,,,,,,
29.0,2.07,9.57,0.64,,,,,,,,,,,,,,,,,17.0,15.64285714,2.0,39.0,17.0,6.0,5.0,1.0,,21.0,124.0,12.88235294,,,,,,,1.0,8.0,6.0,12.0,,,14.0,,,,,,,,,,,,,,,,,4.844154811,0.434183998,0.025019631,0.099673986,0.06513695,14.0,7.0,3.0,2.0,1.0,6.611206919,1.0,,0.034303601,0.001060936,10.61608924,11.07698241,0.025019631,0.000336228,,0.076415444,0.076415444,,0.042792649,0.042792649,0.042792649,15.11764706,Brevin Jordan,HOU,ADD,41,4362504,13,The Ralph Dudes,BE,"{'1': {'team': 'BAL', 'date': datetime.datetime(2023, 9, 10, 10, 0)}, '2': {'team': 'IND', 'date': datetime.datetime(2023, 9, 17, 10, 0)}, '3': {'team': 'JAX', 'date': datetime.datetime(2023, 9, 24, 10, 0)}, '4': {'team': 'PIT', 'date': datetime.datetime(2023, 10, 1, 10, 0)}, '5': {'team': 'ATL', 'date': datetime.datetime(2023, 10, 8, 10, 0)}, '6': {'team': 'NO', 'date': datetime.datetime(2023, 10, 15, 10, 0)}, '8': {'team': 'CAR', 'date': datetime.datetime(2023, 10, 29, 10, 0)}, '9': {'team': 'TB', 'date': datetime.datetime(2023, 11, 5, 10, 0)}, '10': {'team': 'CIN', 'date': datetime.datetime(2023, 11, 12, 10, 0)}, '11': {'team': 'ARI', 'date': datetime.datetime(2023, 11, 19, 10, 0)}, '12': {'team': 'JAX', 'date': datetime.datetime(2023, 11, 26, 10, 0)}, '13': {'team': 'DEN', 'date': datetime.datetime(2023, 12, 3, 10, 0)}, '14': {'team': 'NYJ', 'date': datetime.datetime(2023, 12, 10, 10, 0)}, '15': {'team': 'TEN', 'date': datetime.datetime(2023, 12, 17, 10, 0)}, '16': {'team': 'CLE', 'date': datetime.datetime(2023, 12, 24, 10, 0)}, '17': {'team': 'TEN', 'date': datetime.datetime(2023, 12, 31, 10, 0)}, '18': {'team': 'IND', 'date': datetime.datetime(2024, 1, 6, 17, 15)}}","['WR/TE', 'TE', 'RB/WR/TE', 'OP', 'BE', 'IR']",BE,,,,,,,,,,,,,,,,,,,1.0,,,,,,,,,,,,,,,,,,,,,,,,,,,,,,,,,,,,,,,,,,,,,,,,,,,,,,1.0,1.0,,,,,,,,,,,,,,,,,,,,,,,,,,,,,,,,,,,,,,,,,,,,,,,,,,,,,,,,,,,,,,,,,,,,,,,,,,,,,,,,,,,,,,,,,,,,,,,,,,,,,,,,,,,,,,,,,,,,,,,,,,,,,,,,,,,,,,,,,,,,,,,,,,,,,,,,,,,,,,,,,,,,,,,2023,,,,,13.0,,,,,,,,,,,,,,,,,,,,,,,,,,,,,,2.554203968,,
114.0,6.71,0.0,0.0,,,,,,,,,,,,,,,,,,,,,,,,,,,,,,,,,,797.0,1204.0,9.0,8.0,,,,17.0,,,,,,,,,,,,,,,,,,,,,,,,,,,,,,,,,,,,,,,,,,,17.0,Colts D/ST,IND,ADD,13,-16011,13,The Ralph Dudes,BE,"{'1': {'team': 'JAX', 'date': datetime.datetime(2023, 9, 10, 10, 0)}, '2': {'team': 'HOU', 'date': datetime.datetime(2023, 9, 17, 10, 0)}, '3': {'team': 'BAL', 'date': datetime.datetime(2023, 9, 24, 10, 0)}, '4': {'team': 'LAR', 'date': datetime.datetime(2023, 10, 1, 10, 0)}, '5': {'team': 'TEN', 'date': datetime.datetime(2023, 10, 8, 10, 0)}, '6': {'team': 'JAX', 'date': datetime.datetime(2023, 10, 15, 10, 0)}, '7': {'team': 'CLE', 'date': datetime.datetime(2023, 10, 22, 10, 0)}, '8': {'team': 'NO', 'date': datetime.datetime(2023, 10, 29, 10, 0)}, '9': {'team': 'CAR', 'date': datetime.datetime(2023, 11, 5, 13, 5)}, '10': {'team': 'NE', 'date': datetime.datetime(2023, 11, 12, 6, 30)}, '12': {'team': 'TB', 'date': datetime.datetime(2023, 11, 26, 10, 0)}, '13': {'team': 'TEN', 'date': datetime.datetime(2023, 12, 3, 10, 0)}, '14': {'team': 'CIN', 'date': datetime.datetime(2023, 12, 10, 10, 0)}, '15': {'team': 'PIT', 'date': datetime.datetime(2023, 12, 16, 13, 30)}, '16': {'team': 'ATL', 'date': datetime.datetime(2023, 12, 24, 10, 0)}, '17': {'team': 'LV', 'date': datetime.datetime(2023, 12, 31, 10, 0)}, '18': {'team': 'HOU', 'date': datetime.datetime(2024, 1, 6, 17, 15)}}","['D/ST', 'BE', 'IR']",BE,,,,,,,200.0,15.0,4.0,,,,,,,,,,,,,,,,,,,,,,,,,,,,,,,,,,,,,,,,,,,,,,,,,,,,,,,,,,,,,,,,,407.0,,,17.0,,,,,,,,,,,,,,,,,,,,,,,,,,,,,,,,,,,9.0,0.0,1.0,2.0,2.0,4.0,15.0,1.0,1.0,51.0,102.0,,,3.0,5.0,396.0,233.0,97.0,69.0,267.0,21.0,5.0,405.0,3.0,2.0,5.0,2.0,5947.0,0.0,0.0,4.0,5.0,5.0,1.0,1.0,1.0,0.0,0.0,1.0,2.0,2.0,3.0,2.0,5.0,2.0,,,,,,,,,,,,,,,,,,,,,,,,,,,,,,,,,,,,,,,,,,,,,,,1.0,,,,1.0,,,,,,,,,,,,,,,,,,,,,,,,,,,,,,,,,,2023,,,,,,,,,,,,,,,,,,,,,,,,,,,,,,,,,,,,,
250.0,15.62,0.0,0.0,6.0,0.9375,,2.0,1.0,,,,,,,,,,,2.5,119.0,112.4375,13.0,354.0,173.0,83.0,65.0,29.0,17.0,171.0,652.0,15.11764706,,1.0,,1.0,1.0,5.0,5.0,10.0,6.0,78.0,,2.0,16.0,,,,,,,,,,,,,,,,,,,,,,,,,,,,,,,,,,,,,,,,,,,15.11764706,Tyreek Hill,MIA,DRAFT,2,3116406,14,Luke's Cool Guys,WR,"{'1': {'team': 'LAC', 'date': datetime.datetime(2023, 9, 10, 13, 25)}, '2': {'team': 'NE', 'date': datetime.datetime(2023, 9, 17, 17, 20)}, '3': {'team': 'DEN', 'date': datetime.datetime(2023, 9, 24, 10, 0)}, '4': {'team': 'BUF', 'date': datetime.datetime(2023, 10, 1, 10, 0)}, '5': {'team': 'NYG', 'date': datetime.datetime(2023, 10, 8, 10, 0)}, '6': {'team': 'CAR', 'date': datetime.datetime(2023, 10, 15, 10, 0)}, '7': {'team': 'PHI', 'date': datetime.datetime(2023, 10, 22, 17, 20)}, '8': {'team': 'NE', 'date': datetime.datetime(2023, 10, 29, 10, 0)}, '9': {'team': 'KC', 'date': datetime.datetime(2023, 11, 5, 6, 30)}, '11': {'team': 'LV', 'date': datetime.datetime(2023, 11, 19, 10, 0)}, '12': {'team': 'NYJ', 'date': datetime.datetime(2023, 11, 24, 12, 0)}, '13': {'team': 'WSH', 'date': datetime.datetime(2023, 12, 3, 10, 0)}, '14': {'team': 'TEN', 'date': datetime.datetime(2023, 12, 11, 17, 15)}, '15': {'team': 'NYJ', 'date': datetime.datetime(2023, 12, 17, 10, 0)}, '16': {'team': 'DAL', 'date': datetime.datetime(2023, 12, 24, 13, 25)}, '17': {'team': 'BAL', 'date': datetime.datetime(2023, 12, 31, 10, 0)}, '18': {'team': 'BUF', 'date': datetime.datetime(2024, 1, 7, 17, 20)}}","['RB/WR', 'WR', 'WR/TE', 'RB/WR/TE', 'OP', 'BE', 'IR']",WR,6.0,4.0,9.0,7.0,1.0,1.0,,,,,,,,,,,,3.0,4.0,1.0,,,,,,,,,,,,,,,,,,,,,,,,,,,,,,,,,,,,,,,,,,,,,,,,,,,,,,,,,,,,,,,,,,,,,,,,,,,,,,,,,,,,,,,,,,,,,,,,,,,,,,,,,,,,,,,,,,,,,,,,,,,,,,,,,,,,,,,,,,,,,,,,,,,,,,,,,,,,,,,,,,,,,,,,,,,,,,,1.0,,,,,,,,,,,,,,,,,,,,,,,,,,,,,,,,,,,,,,,,,,,,,,2023,,,,2.0,83.0,,,,,,,,,,,,,,,,,,,,,,,,,,,,,,,,
99.0,8.25,0.0,0.0,1.0,-0.25,,,,,,,,,,,,,,-3.0,59.0,61.41666667,5.0,142.0,67.0,30.0,23.0,9.0,6.0,95.0,322.0,12.49152542,,,,,,1.0,2.0,7.0,5.0,32.0,,,12.0,,,,,,,,,,,,,,,,,,,,,,,,,,,,,,,,,,,,,,,,,,,15.11764706,Cooper Kupp,LAR,DRAFT,41,2977187,14,Luke's Cool Guys,WR,"{'1': {'team': 'SEA', 'date': datetime.datetime(2023, 9, 10, 13, 25)}, '2': {'team': 'SF', 'date': datetime.datetime(2023, 9, 17, 13, 5)}, '3': {'team': 'CIN', 'date': datetime.datetime(2023, 9, 25, 17, 15)}, '4': {'team': 'IND', 'date': datetime.datetime(2023, 10, 1, 10, 0)}, '5': {'team': 'PHI', 'date': datetime.datetime(2023, 10, 8, 13, 5)}, '6': {'team': 'ARI', 'date': datetime.datetime(2023, 10, 15, 13, 25)}, '7': {'team': 'PIT', 'date': datetime.datetime(2023, 10, 22, 13, 5)}, '8': {'team': 'DAL', 'date': datetime.datetime(2023, 10, 29, 10, 0)}, '9': {'team': 'GB', 'date': datetime.datetime(2023, 11, 5, 10, 0)}, '11': {'team': 'SEA', 'date': datetime.datetime(2023, 11, 19, 13, 25)}, '12': {'team': 'ARI', 'date': datetime.datetime(2023, 11, 26, 13, 5)}, '13': {'team': 'CLE', 'date': datetime.datetime(2023, 12, 3, 13, 25)}, '14': {'team': 'BAL', 'date': datetime.datetime(2023, 12, 10, 10, 0)}, '15': {'team': 'WSH', 'date': datetime.datetime(2023, 12, 17, 13, 5)}, '16': {'team': 'NO', 'date': datetime.datetime(2023, 12, 21, 17, 15)}, '17': {'team': 'NYG', 'date': datetime.datetime(2023, 12, 31, 10, 0)}, '18': {'team': 'SF', 'date': datetime.datetime(2024, 1, 7, 13, 25)}}","['RB/WR', 'WR', 'WR/TE', 'RB/WR/TE', 'OP', 'BE', 'IR']",WR,1.0,1.0,4.0,4.0,,,,,,,,,,,,,,,3.0,,,,,,,,,,,,,,,,,,,,,,,,,,,,,,,,,,,,,,,,,,,,,,,,,,,,1.0,,1.0,1.0,,,,,,,,,,,,,,,,,,,,,,,,,,,,,,,,,,,,,,,,,,,,,,,,,,,,,,,,,,,,,,,,,,,,,,,,,,,,,,,,,,,,,,,,,,,,,,,,,,,,,,,,,,,,,,,,,,,,,,,,,,,,,,,,,,,,,,,,,,,,,,,,,,,,,,,,,,,,,,,,,,,,,,,2023,,,,,33.0,,,,,,,,,,,,,,,,,,,,,,,,,,,,,,,,
316.0,19.75,0.0,0.0,148.0,51.3125,5.0,159.0,75.0,33.0,25.0,8.0,1.0,23.0,7.0,,,1.0,,5.5472973,,,,,,,,,,,,,4.0,11.0,2.0,6.0,13.0,,1.0,13.0,3.0,174.0,3.0,,16.0,,,,,,,,,,,,,,,,,,,,,,,,,,,,,,,,,,,,,,,,,,,15.0,Lamar Jackson,BAL,DRAFT,4,3916387,14,Luke's Cool Guys,QB,"{'1': {'team': 'HOU', 'date': datetime.datetime(2023, 9, 10, 10, 0)}, '2': {'team': 'CIN', 'date': datetime.datetime(2023, 9, 17, 10, 0)}, '3': {'team': 'IND', 'date': datetime.datetime(2023, 9, 24, 10, 0)}, '4': {'team': 'CLE', 'date': datetime.datetime(2023, 10, 1, 10, 0)}, '5': {'team': 'PIT', 'date': datetime.datetime(2023, 10, 8, 10, 0)}, '6': {'team': 'TEN', 'date': datetime.datetime(2023, 10, 15, 6, 30)}, '7': {'team': 'DET', 'date': datetime.datetime(2023, 10, 22, 10, 0)}, '8': {'team': 'ARI', 'date': datetime.datetime(2023, 10, 29, 13, 25)}, '9': {'team': 'SEA', 'date': datetime.datetime(2023, 11, 5, 10, 0)}, '10': {'team': 'CLE', 'date': datetime.datetime(2023, 11, 12, 10, 0)}, '11': {'team': 'CIN', 'date': datetime.datetime(2023, 11, 16, 17, 15)}, '12': {'team': 'LAC', 'date': datetime.datetime(2023, 11, 26, 17, 20)}, '14': {'team': 'LAR', 'date': datetime.datetime(2023, 12, 10, 10, 0)}, '15': {'team': 'JAX', 'date': datetime.datetime(2023, 12, 17, 17, 20)}, '16': {'team': 'SF', 'date': datetime.datetime(2023, 12, 25, 17, 15)}, '17': {'team': 'MIA', 'date': datetime.datetime(2023, 12, 31, 10, 0)}, '18': {'team': 'PIT', 'date': datetime.datetime(2024, 1, 6, 13, 30)}}","['QB', 'OP', 'BE', 'IR']",QB,,,,,,,,,,,,,,,,,,,,,457.0,307.0,150.0,229.875,24.0,729.0,360.0,176.0,139.0,67.0,29.0,54.0,24.0,23.0,7.0,4.0,2.0,3.0,1.0,7.0,0.67177243,37.0,7.0,9.0,7.0,2.0,2.0,,,,,,,,,,,,,,,,,,,,,,,,,,,1.0,2.0,,,,,,,,,,,,,,,,,,,,,,,,,,,,,,,,,,,,,,,,,,,,,,,,,,,,,,,,,,,,,,,,,,,,,,,,,,,,,,,,,,,,,,,,,,,,,,,,,,,,,,,,,,,,,,,,,,,,,,,,,,4.0,,,,,,,,,,,,,,,,,,,,,,,,,,,,,,,,,,,,,,,,,,,,2023,,,167.0,48.0,,,,,,,,,,,,,,,,,,,,,,,,,,,,,,,,,
117.0,7.8,0.0,0.0,,,,,,,,,,,,,,,,,95.0,64.0,5.0,186.0,89.0,40.0,33.0,14.0,14.0,127.0,336.0,10.10526316,,1.0,,1.0,1.0,1.0,1.0,7.0,8.0,30.0,,,15.0,,,,,,,,,,,,,,,,,,,,,,,,,,,,,,,,,,,,,,,,,,,11.85294118,T.J. Hockenson,MIN,DRAFT,4,4036133,14,Luke's Cool Guys,BE,"{'1': {'team': 'TB', 'date': datetime.datetime(2023, 9, 10, 10, 0)}, '2': {'team': 'PHI', 'date': datetime.datetime(2023, 9, 14, 17, 15)}, '3': {'team': 'LAC', 'date': datetime.datetime(2023, 9, 24, 10, 0)}, '4': {'team': 'CAR', 'date': datetime.datetime(2023, 10, 1, 10, 0)}, '5': {'team': 'KC', 'date': datetime.datetime(2023, 10, 8, 13, 25)}, '6': {'team': 'CHI', 'date': datetime.datetime(2023, 10, 15, 10, 0)}, '7': {'team': 'SF', 'date': datetime.datetime(2023, 10, 23, 17, 15)}, '8': {'team': 'GB', 'date': datetime.datetime(2023, 10, 29, 10, 0)}, '9': {'team': 'ATL', 'date': datetime.datetime(2023, 11, 5, 10, 0)}, '10': {'team': 'NO', 'date': datetime.datetime(2023, 11, 12, 10, 0)}, '11': {'team': 'DEN', 'date': datetime.datetime(2023, 11, 19, 17, 20)}, '12': {'team': 'CHI', 'date': datetime.datetime(2023, 11, 27, 17, 15)}, '14': {'team': 'LV', 'date': datetime.datetime(2023, 12, 10, 13, 5)}, '15': {'team': 'CIN', 'date': datetime.datetime(2023, 12, 16, 10, 0)}, '16': {'team': 'DET', 'date': datetime.datetime(2023, 12, 24, 10, 0)}, '17': {'team': 'GB', 'date': datetime.datetime(2023, 12, 31, 17, 20)}, '18': {'team': 'DET', 'date': datetime.datetime(2024, 1, 7, 10, 0)}}","['WR/TE', 'TE', 'RB/WR/TE', 'OP', 'BE', 'IR']",BE,,,1.0,1.0,1.0,1.0,,,,,,,,,,,,2.0,3.0,1.0,,,,,,,,,,,,,,,,,,,,,,,,,,,,,,,,,,,,,,,,,,,,,,,,,,,,,1.0,,,,,,,,,,,,,,,,,,,,,,,,,,,,,,,,,,,,,,,,,,,,,,,,,,,,,,,,,,,,,,,,,,,,,,,,,,,,,,,,,,,,,,,,,,,,,,,,,,,,,,,,,,,,,,,,,,,,,,,,,,,,,,,,,,,,,,,,,,,,,,,,,,,,,,,,,,,,,,,,,,,,,,,,2023,,,,,48.0,,,,,,,,,,,,,,,,,,,,,,,,,,,,,,,,
190.0,11.18,0.0,0.0,272.0,58.23529412,6.0,190.0,91.0,40.0,33.0,11.0,2.0,49.0,20.0,,,2.0,,3.63970588,64.0,32.29411765,3.0,104.0,49.0,20.0,12.0,3.0,5.0,70.0,611.0,8.578125,2.0,3.0,1.0,2.0,2.0,1.0,1.0,9.0,8.0,54.0,6.0,1.0,17.0,,,,,,,,,,,,,,,,,,,,,,,,,,,,,,,,,,,,,,,,,,,14.17647059,Rachaad White,TB,DRAFT,8,4697815,14,Luke's Cool Guys,RB,"{'1': {'team': 'MIN', 'date': datetime.datetime(2023, 9, 10, 10, 0)}, '2': {'team': 'CHI', 'date': datetime.datetime(2023, 9, 17, 10, 0)}, '3': {'team': 'PHI', 'date': datetime.datetime(2023, 9, 25, 16, 15)}, '4': {'team': 'NO', 'date': datetime.datetime(2023, 10, 1, 10, 0)}, '6': {'team': 'DET', 'date': datetime.datetime(2023, 10, 15, 13, 25)}, '7': {'team': 'ATL', 'date': datetime.datetime(2023, 10, 22, 10, 0)}, '8': {'team': 'BUF', 'date': datetime.datetime(2023, 10, 26, 17, 15)}, '9': {'team': 'HOU', 'date': datetime.datetime(2023, 11, 5, 10, 0)}, '10': {'team': 'TEN', 'date': datetime.datetime(2023, 11, 12, 10, 0)}, '11': {'team': 'SF', 'date': datetime.datetime(2023, 11, 19, 13, 5)}, '12': {'team': 'IND', 'date': datetime.datetime(2023, 11, 26, 10, 0)}, '13': {'team': 'CAR', 'date': datetime.datetime(2023, 12, 3, 13, 5)}, '14': {'team': 'ATL', 'date': datetime.datetime(2023, 12, 10, 10, 0)}, '15': {'team': 'GB', 'date': datetime.datetime(2023, 12, 17, 10, 0)}, '16': {'team': 'JAX', 'date': datetime.datetime(2023, 12, 24, 13, 5)}, '17': {'team': 'NO', 'date': datetime.datetime(2023, 12, 31, 10, 0)}, '18': {'team': 'CAR', 'date': datetime.datetime(2024, 1, 7, 10, 0)}}","['RB', 'RB/WR', 'RB/WR/TE', 'OP', 'BE', 'IR']",RB,1.0,,,,1.0,1.0,,,,,,,,,,,,,,1.0,,,,,,,,,,,,,,,,,,,,,,,,,,,,,,,,,,,,,,,,,,,,,,,,,,,,,,,,,,,,,,,,,,,,,,,,,,,,,,,,,,,,,,,,,,,,,,,,,,,,,,,,,,,,,,,,,,,,,,,,,,,,,,,,,,,,,,,,,,,,,,,,,,,,,,,,,,,,,,,,,,,,,,,,,,,,,,,,,,,,,,,,,,,,,,,,,,,,,,,,,,,,,,,,,,,,,,,,,,,,,2023,,,,46.0,23.0,,,,,,,,,,,,,,,,,,,,,,,,,,,,,,,,
198.0,11.65,0.0,0.0,223.0,58.47058824,5.0,192.0,90.0,40.0,33.0,12.0,3.0,39.0,17.0,2.0,2.0,3.0,,4.4573991,76.0,34.76470588,4.0,112.0,52.0,22.0,16.0,5.0,9.0,95.0,649.0,7.77631579,2.0,2.0,,,,2.0,2.0,7.0,10.0,56.0,2.0,,17.0,,,,,,,,,,,,,,,,,,,,,,,,,,,,,,,,,,,,,,,,,,,14.17647059,Breece Hall,NYJ,DRAFT,6,4427366,14,Luke's Cool Guys,RB,"{'1': {'team': 'BUF', 'date': datetime.datetime(2023, 9, 11, 17, 15)}, '2': {'team': 'DAL', 'date': datetime.datetime(2023, 9, 17, 13, 25)}, '3': {'team': 'NE', 'date': datetime.datetime(2023, 9, 24, 10, 0)}, '4': {'team': 'KC', 'date': datetime.datetime(2023, 10, 1, 17, 20)}, '5': {'team': 'DEN', 'date': datetime.datetime(2023, 10, 8, 13, 25)}, '6': {'team': 'PHI', 'date': datetime.datetime(2023, 10, 15, 13, 25)}, '8': {'team': 'NYG', 'date': datetime.datetime(2023, 10, 29, 10, 0)}, '9': {'team': 'LAC', 'date': datetime.datetime(2023, 11, 6, 17, 15)}, '10': {'team': 'LV', 'date': datetime.datetime(2023, 11, 12, 17, 20)}, '11': {'team': 'BUF', 'date': datetime.datetime(2023, 11, 19, 13, 25)}, '12': {'team': 'MIA', 'date': datetime.datetime(2023, 11, 24, 12, 0)}, '13': {'team': 'ATL', 'date': datetime.datetime(2023, 12, 3, 10, 0)}, '14': {'team': 'HOU', 'date': datetime.datetime(2023, 12, 10, 10, 0)}, '15': {'team': 'MIA', 'date': datetime.datetime(2023, 12, 17, 10, 0)}, '16': {'team': 'WSH', 'date': datetime.datetime(2023, 12, 24, 10, 0)}, '17': {'team': 'CLE', 'date': datetime.datetime(2023, 12, 28, 17, 15)}, '18': {'team': 'NE', 'date': datetime.datetime(2024, 1, 7, 10, 0)}}","['RB', 'RB/WR', 'RB/WR/TE', 'OP', 'BE', 'IR']",RB,1.0,1.0,,,,,,,,,,,,,,,,1.0,2.0,1.0,,,,,,,,,,,,,,,,,,,,,,,,,,,,,,,,,,,,,,,,,,,,,,,,,,,,,,,,,,,,,,,,,,,,,,,,,,,,,,,,,,,,,,,,,,,,,,,,,,,,,,,,,,,,,,,,,,,,,,,,,,,,,,,,,,,,,,,,,,,,,,,,,,,,,,,,,,,,,,,,,,,,,,,,,,,,,,,,1.0,,,,,,1.0,,,,,,,,,,,,,,,,,,,,,,,,,,,,,,,,,,,,,,,2023,,,,40.0,28.0,,,,,,,,,,,,,,,,,,,,,,,,,,,,,,,,
121.0,7.56,0.0,0.0,217.0,48.375,3.0,149.0,71.0,33.0,24.0,7.0,,38.0,16.0,,,,,3.56682028,47.0,14.25,2.0,42.0,18.0,6.0,3.0,,1.0,58.0,301.0,4.85106383,,1.0,,1.0,1.0,,,8.0,8.0,34.0,3.0,,16.0,,,,,,,,,,,,,,,,,,,,,,,,,,,,,,,,,,,,,,,,,,,14.17647059,Javonte Williams,DEN,DRAFT,30,4361579,14,Luke's Cool Guys,BE,"{'1': {'team': 'LV', 'date': datetime.datetime(2023, 9, 10, 13, 25)}, '2': {'team': 'WSH', 'date': datetime.datetime(2023, 9, 17, 13, 25)}, '3': {'team': 'MIA', 'date': datetime.datetime(2023, 9, 24, 10, 0)}, '4': {'team': 'CHI', 'date': datetime.datetime(2023, 10, 1, 10, 0)}, '5': {'team': 'NYJ', 'date': datetime.datetime(2023, 10, 8, 13, 25)}, '6': {'team': 'KC', 'date': datetime.datetime(2023, 10, 12, 17, 15)}, '7': {'team': 'GB', 'date': datetime.datetime(2023, 10, 22, 13, 25)}, '8': {'team': 'KC', 'date': datetime.datetime(2023, 10, 29, 13, 25)}, '10': {'team': 'BUF', 'date': datetime.datetime(2023, 11, 13, 17, 15)}, '11': {'team': 'MIN', 'date': datetime.datetime(2023, 11, 19, 17, 20)}, '12': {'team': 'CLE', 'date': datetime.datetime(2023, 11, 26, 13, 5)}, '13': {'team': 'HOU', 'date': datetime.datetime(2023, 12, 3, 10, 0)}, '14': {'team': 'LAC', 'date': datetime.datetime(2023, 12, 10, 13, 25)}, '15': {'team': 'DET', 'date': datetime.datetime(2023, 12, 16, 17, 15)}, '16': {'team': 'NE', 'date': datetime.datetime(2023, 12, 24, 17, 15)}, '17': {'team': 'LAC', 'date': datetime.datetime(2023, 12, 31, 13, 25)}, '18': {'team': 'LV', 'date': datetime.datetime(2024, 1, 7, 13, 25)}}","['RB', 'RB/WR', 'RB/WR/TE', 'OP', 'BE', 'IR']",BE,,,,,1.0,1.0,,,,,,,,,,,,,2.0,,,,,,,,,,,,,,,,,,,,,,,,,,,,,,,,,,,,,,,,,,,,,,,,,,,,1.0,,,,,,,,,,,,,,,,,,,,,,,,,,,,,,,,,,,,,,,,,,,,,,,,,,,,,,,,,,,,,,,,,,,,,,,,,,,,,,,,,,,,,,,,,,,,,,,,,,,,,,,,,,,,,,,,,,,,,,,,,,,,,,,,,,,1.0,,,,,,,,,,,,,,,,,,,,,,,,,,,,,,,,,,,,,,,2023,,,,41.0,10.0,,,,,,,,,,,,,,,,,,,,,,,,,,,,,,,,
118.0,6.94,0.0,0.0,,,,,,,,,,,,,,,,,79.0,52.58823529,5.0,172.0,84.0,36.0,28.0,9.0,8.0,122.0,209.0,11.3164557,,,,,,3.0,3.0,9.0,8.0,34.0,,1.0,17.0,,,,,,,,,,,,,,,,,,,,,,,,,,,,,,,,,,,,,,,,,,,15.11764706,Tyler Lockett,SEA,DRAFT,33,2577327,14,Luke's Cool Guys,BE,"{'1': {'team': 'LAR', 'date': datetime.datetime(2023, 9, 10, 13, 25)}, '2': {'team': 'DET', 'date': datetime.datetime(2023, 9, 17, 10, 0)}, '3': {'team': 'CAR', 'date': datetime.datetime(2023, 9, 24, 13, 5)}, '4': {'team': 'NYG', 'date': datetime.datetime(2023, 10, 2, 17, 15)}, '6': {'team': 'CIN', 'date': datetime.datetime(2023, 10, 15, 10, 0)}, '7': {'team': 'ARI', 'date': datetime.datetime(2023, 10, 22, 13, 5)}, '8': {'team': 'CLE', 'date': datetime.datetime(2023, 10, 29, 13, 5)}, '9': {'team': 'BAL', 'date': datetime.datetime(2023, 11, 5, 10, 0)}, '10': {'team': 'WSH', 'date': datetime.datetime(2023, 11, 12, 13, 25)}, '11': {'team': 'LAR', 'date': datetime.datetime(2023, 11, 19, 13, 25)}, '12': {'team': 'SF', 'date': datetime.datetime(2023, 11, 23, 17, 20)}, '13': {'team': 'DAL', 'date': datetime.datetime(2023, 11, 30, 17, 15)}, '14': {'team': 'SF', 'date': datetime.datetime(2023, 12, 10, 13, 5)}, '15': {'team': 'PHI', 'date': datetime.datetime(2023, 12, 18, 17, 15)}, '16': {'team': 'TEN', 'date': datetime.datetime(2023, 12, 24, 10, 0)}, '17': {'team': 'PIT', 'date': datetime.datetime(2023, 12, 31, 13, 5)}, '18': {'team': 'ARI', 'date': datetime.datetime(2024, 1, 7, 13, 25)}}","['RB/WR', 'WR', 'WR/TE', 'RB/WR/TE', 'OP', 'BE', 'IR']",BE,,,,,,,,,,,,,,,,,,,3.0,,,,,,,,,,,,,,,,,,,,,,,,,,,,,,,,,,,,,,,,,,,,,,,,,,,,2.0,,1.0,,,,,,,,,,,,,,,,,,,,,,,,,,,,,,,,,,,,,,,,,,,,,,,,,,,,,,,,,,,,,,,,,,,,,,,,,,,,,,,,,,,,,,,,,,,,,,,,,,,,,,,,,,,,,,,,,,,,,,,,,,,,,,,,,,,,,,,,,,,,,,,,,,,,,,,,,,,,,,,,,,,,,,,,2023,,,,,47.0,,,,,,,,,,,,,,,,,,,,,,,,,,,,,,,,
144.0,8.47,0.0,0.0,1.0,0.11764706,,,,,,,,,,,,,,2.0,70.0,53.58823529,10.0,174.0,84.0,39.0,30.0,12.0,7.0,108.0,262.0,13.01428571,,,,,,5.0,5.0,7.0,10.0,60.0,,2.0,17.0,,,,,,,,,,,,,,,,,,,,,,,,,,,,,,,,,,,,,,,,,,,15.11764706,Jordan Addison,MIN,DRAFT,18,4429205,14,Luke's Cool Guys,BE,"{'1': {'team': 'TB', 'date': datetime.datetime(2023, 9, 10, 10, 0)}, '2': {'team': 'PHI', 'date': datetime.datetime(2023, 9, 14, 17, 15)}, '3': {'team': 'LAC', 'date': datetime.datetime(2023, 9, 24, 10, 0)}, '4': {'team': 'CAR', 'date': datetime.datetime(2023, 10, 1, 10, 0)}, '5': {'team': 'KC', 'date': datetime.datetime(2023, 10, 8, 13, 25)}, '6': {'team': 'CHI', 'date': datetime.datetime(2023, 10, 15, 10, 0)}, '7': {'team': 'SF', 'date': datetime.datetime(2023, 10, 23, 17, 15)}, '8': {'team': 'GB', 'date': datetime.datetime(2023, 10, 29, 10, 0)}, '9': {'team': 'ATL', 'date': datetime.datetime(2023, 11, 5, 10, 0)}, '10': {'team': 'NO', 'date': datetime.datetime(2023, 11, 12, 10, 0)}, '11': {'team': 'DEN', 'date': datetime.datetime(2023, 11, 19, 17, 20)}, '12': {'team': 'CHI', 'date': datetime.datetime(2023, 11, 27, 17, 15)}, '14': {'team': 'LV', 'date': datetime.datetime(2023, 12, 10, 13, 5)}, '15': {'team': 'CIN', 'date': datetime.datetime(2023, 12, 16, 10, 0)}, '16': {'team': 'DET', 'date': datetime.datetime(2023, 12, 24, 10, 0)}, '17': {'team': 'GB', 'date': datetime.datetime(2023, 12, 31, 17, 20)}, '18': {'team': 'DET', 'date': datetime.datetime(2024, 1, 7, 10, 0)}}","['Rookie', 'RB/WR', 'WR', 'WR/TE', 'RB/WR/TE', 'OP', 'BE', 'IR']",BE,3.0,2.0,2.0,2.0,,,,,,,,,,,,,,,2.0,2.0,,,,,,,,,,,,,,,,,,,,,,,,,,,,,,,,,,,,,,,,,,,,,,,,,,,,,1.0,,,,,,,,,,,,,,,,,,,,,,,,,,,,,,,,,,,,,,,,,,,,,,,,,,,,,,,,,,,,,,,,,,,,,,,,,,,,,,,,,,,,,,,,,,,,,,,,,,,,,,,,,,,,,,,,,,,,,,,,,,,,,,,,,,,,,,,,,,,,,,,,,,,,,,,,,,,,,,,,,,,,,,,,2023,,,,,38.0,,,,,,,,,,,,,,,,,,,,,,,,,,,,,,,,
140.0,17.5,0.0,0.0,44.0,30.5,3.0,45.0,22.0,9.0,6.0,1.0,,7.0,,,,,,5.54545455,,,,,,,,,,,,,5.0,7.0,,,5.0,1.0,1.0,3.0,5.0,78.0,3.0,,8.0,,,,,,,,,,,,,,,,,,,,,,,,,,,,,,,,,,,,,,,,,,,15.0,Kyler Murray,ARI,DRAFT,25,3917315,14,Luke's Cool Guys,BE,"{'1': {'team': 'WSH', 'date': datetime.datetime(2023, 9, 10, 10, 0)}, '2': {'team': 'NYG', 'date': datetime.datetime(2023, 9, 17, 13, 5)}, '3': {'team': 'DAL', 'date': datetime.datetime(2023, 9, 24, 13, 25)}, '4': {'team': 'SF', 'date': datetime.datetime(2023, 10, 1, 13, 25)}, '5': {'team': 'CIN', 'date': datetime.datetime(2023, 10, 8, 13, 5)}, '6': {'team': 'LAR', 'date': datetime.datetime(2023, 10, 15, 13, 25)}, '7': {'team': 'SEA', 'date': datetime.datetime(2023, 10, 22, 13, 5)}, '8': {'team': 'BAL', 'date': datetime.datetime(2023, 10, 29, 13, 25)}, '9': {'team': 'CLE', 'date': datetime.datetime(2023, 11, 5, 10, 0)}, '10': {'team': 'ATL', 'date': datetime.datetime(2023, 11, 12, 13, 5)}, '11': {'team': 'HOU', 'date': datetime.datetime(2023, 11, 19, 10, 0)}, '12': {'team': 'LAR', 'date': datetime.datetime(2023, 11, 26, 13, 5)}, '13': {'team': 'PIT', 'date': datetime.datetime(2023, 12, 3, 10, 0)}, '15': {'team': 'SF', 'date': datetime.datetime(2023, 12, 17, 13, 5)}, '16': {'team': 'CHI', 'date': datetime.datetime(2023, 12, 24, 13, 25)}, '17': {'team': 'PHI', 'date': datetime.datetime(2023, 12, 31, 10, 0)}, '18': {'team': 'SEA', 'date': datetime.datetime(2024, 1, 7, 13, 25)}}","['QB', 'OP', 'BE', 'IR']",BE,,,,,,,,,,,,,,,,,,,,,268.0,176.0,92.0,224.875,10.0,357.0,177.0,86.0,68.0,32.0,15.0,32.0,14.0,15.0,6.0,1.0,,,1.0,5.0,0.65671642,18.0,2.0,7.0,1.0,,1.0,,,,,,,,,,,,,,,,,,,,,,,,,,,,,,,,,,,,,,,,,,,,,,,,,,,,,,,,,,,,,,,,,,,,,,,,,,,,,,,,,,,,,,,,,,,,,,,,,,,,,,,,,,,,,,,,,,,,,,,,,,,,,,,,,,,,,,,,,,,,,,,,,,,,,,,,,,,,,,,,,,,,,,,,,,,,,,,,,,,,,,,,,,,,,,,,,,2023,,,88.0,15.0,,,,,,,,,,,,,,,,,,,,,,,,,,,,,,,,,
95.0,6.33,0.0,0.0,135.0,27.4,9.0,77.0,35.0,13.0,10.0,1.0,,23.0,9.0,,,,,3.04444444,15.0,5.6,,14.0,6.0,2.0,,,,21.0,98.0,5.6,,,,,,,,10.0,5.0,54.0,8.0,,15.0,,,,,,,,,,,,,,,,,,,,,,,,,,,,,,,,,,,,,,,,,,,,Kareem Hunt,CLE,ADD,37,3059915,14,Luke's Cool Guys,BE,"{'1': {'team': 'CIN', 'date': datetime.datetime(2023, 9, 10, 10, 0)}, '2': {'team': 'PIT', 'date': datetime.datetime(2023, 9, 18, 17, 15)}, '3': {'team': 'TEN', 'date': datetime.datetime(2023, 9, 24, 10, 0)}, '4': {'team': 'BAL', 'date': datetime.datetime(2023, 10, 1, 10, 0)}, '6': {'team': 'SF', 'date': datetime.datetime(2023, 10, 15, 10, 0)}, '7': {'team': 'IND', 'date': datetime.datetime(2023, 10, 22, 10, 0)}, '8': {'team': 'SEA', 'date': datetime.datetime(2023, 10, 29, 13, 5)}, '9': {'team': 'ARI', 'date': datetime.datetime(2023, 11, 5, 10, 0)}, '10': {'team': 'BAL', 'date': datetime.datetime(2023, 11, 12, 10, 0)}, '11': {'team': 'PIT', 'date': datetime.datetime(2023, 11, 19, 10, 0)}, '12': {'team': 'DEN', 'date': datetime.datetime(2023, 11, 26, 13, 5)}, '13': {'team': 'LAR', 'date': datetime.datetime(2023, 12, 3, 13, 25)}, '14': {'team': 'JAX', 'date': datetime.datetime(2023, 12, 10, 10, 0)}, '15': {'team': 'CHI', 'date': datetime.datetime(2023, 12, 17, 10, 0)}, '16': {'team': 'HOU', 'date': datetime.datetime(2023, 12, 24, 10, 0)}, '17': {'team': 'NYJ', 'date': datetime.datetime(2023, 12, 28, 17, 15)}, '18': {'team': 'CIN', 'date': datetime.datetime(2024, 1, 7, 10, 0)}}","['RB', 'RB/WR', 'RB/WR/TE', 'OP', 'BE', 'IR']",BE,,,,,,,,,,,,,,,,,,,,,,,,,,,,,,,,,,,,,,,,,,,,,,,,,,,,,,,,,,,,,,,,,,,,,,,,,,,1.0,,,,,,,,,,,,,,,,,,,,,,,,,,,,,,,,,,,,,,,,,,,,,,,,,,,,,,,,,,,,,,,,,,,,,,,,,,,,,,,,,,,,,,,,,,,,,,,,,,,,,,,,,,,,,,,,,,,,,,,,,,,,,,,,,,,,,,,,,,,,,,,,,,,,,,,,,,,,,,,,,,,,,,2023,,,,39.0,5.0,,,,,,,,,,,,,,,,,,,,,,,,,,,,,,,,
165.0,9.71,0.0,0.0,,,,,,,,,,,,,,,,,,,,,,,,,,,,,,,,,,729.0,1108.0,13.0,4.0,,,,17.0,,,,,,,,,,,,,,,,,,,,,,,,,,,,,,,,,,,,,,,,,,,17.0,Ravens D/ST,BAL,ADD,1,-16033,14,Luke's Cool Guys,BE,"{'1': {'team': 'HOU', 'date': datetime.datetime(2023, 9, 10, 10, 0)}, '2': {'team': 'CIN', 'date': datetime.datetime(2023, 9, 17, 10, 0)}, '3': {'team': 'IND', 'date': datetime.datetime(2023, 9, 24, 10, 0)}, '4': {'team': 'CLE', 'date': datetime.datetime(2023, 10, 1, 10, 0)}, '5': {'team': 'PIT', 'date': datetime.datetime(2023, 10, 8, 10, 0)}, '6': {'team': 'TEN', 'date': datetime.datetime(2023, 10, 15, 6, 30)}, '7': {'team': 'DET', 'date': datetime.datetime(2023, 10, 22, 10, 0)}, '8': {'team': 'ARI', 'date': datetime.datetime(2023, 10, 29, 13, 25)}, '9': {'team': 'SEA', 'date': datetime.datetime(2023, 11, 5, 10, 0)}, '10': {'team': 'CLE', 'date': datetime.datetime(2023, 11, 12, 10, 0)}, '11': {'team': 'CIN', 'date': datetime.datetime(2023, 11, 16, 17, 15)}, '12': {'team': 'LAC', 'date': datetime.datetime(2023, 11, 26, 17, 20)}, '14': {'team': 'LAR', 'date': datetime.datetime(2023, 12, 10, 10, 0)}, '15': {'team': 'JAX', 'date': datetime.datetime(2023, 12, 17, 17, 20)}, '16': {'team': 'SF', 'date': datetime.datetime(2023, 12, 25, 17, 15)}, '17': {'team': 'MIA', 'date': datetime.datetime(2023, 12, 31, 10, 0)}, '18': {'team': 'PIT', 'date': datetime.datetime(2024, 1, 6, 13, 30)}}","['D/ST', 'BE', 'IR']",BE,,,,,,,319.0,30.0,8.0,,,,,,,,,,,,,,,,,,,,,,,,,,,,,,,,,,,,,,,,,,,,,,,,,,,,,,,,,,,,,,,,,379.0,,,16.0,,,,,,,,,,,,,,,,,,,,,,,,,,,,,,,,,,,13.0,0.0,3.0,3.0,4.0,1.0,18.0,,1.0,60.0,120.0,,1.0,1.0,2.0,364.0,214.0,64.0,91.0,417.0,36.0,11.0,268.0,2.0,4.0,1.0,0.0,5123.0,0.0,2.0,7.0,4.0,2.0,2.0,0.0,0.0,0.0,0.0,3.0,3.0,4.0,2.0,4.0,1.0,0.0,,,,,,,,,,,,,,,,,,,,,,,,,,,,,,,,,,,,,,,,,,,,,,,,,,,,,,,,,,,,,,,,,,,,,,,,,,,,,,,,,,,,,2023,,,,,,,,,,,,,,,,,,,,,,,,,,,,,,,,,,,,,
139.0,8.18,137.74,8.1,,,,,,,,,,,,,,,,,,,,,,,,,,,,,,,,,,1.0,1.0,9.0,8.0,125.0,,,17.0,,,,,,,,,,,,,,,,,,,,,,,,,,,,,,,,,,,,,,,,,,,17.0,Brandon McManus,WSH,ADD,13,16339,14,Luke's Cool Guys,K,"{'1': {'team': 'ARI', 'date': datetime.datetime(2023, 9, 10, 10, 0)}, '2': {'team': 'DEN', 'date': datetime.datetime(2023, 9, 17, 13, 25)}, '3': {'team': 'BUF', 'date': datetime.datetime(2023, 9, 24, 10, 0)}, '4': {'team': 'PHI', 'date': datetime.datetime(2023, 10, 1, 10, 0)}, '5': {'team': 'CHI', 'date': datetime.datetime(2023, 10, 5, 17, 15)}, '6': {'team': 'ATL', 'date': datetime.datetime(2023, 10, 15, 10, 0)}, '7': {'team': 'NYG', 'date': datetime.datetime(2023, 10, 22, 10, 0)}, '8': {'team': 'PHI', 'date': datetime.datetime(2023, 10, 29, 10, 0)}, '9': {'team': 'NE', 'date': datetime.datetime(2023, 11, 5, 10, 0)}, '10': {'team': 'SEA', 'date': datetime.datetime(2023, 11, 12, 13, 25)}, '11': {'team': 'NYG', 'date': datetime.datetime(2023, 11, 19, 10, 0)}, '12': {'team': 'DAL', 'date': datetime.datetime(2023, 11, 23, 13, 30)}, '13': {'team': 'MIA', 'date': datetime.datetime(2023, 12, 3, 10, 0)}, '15': {'team': 'LAR', 'date': datetime.datetime(2023, 12, 17, 13, 5)}, '16': {'team': 'NYJ', 'date': datetime.datetime(2023, 12, 24, 10, 0)}, '17': {'team': 'SF', 'date': datetime.datetime(2023, 12, 31, 10, 0)}, '18': {'team': 'DAL', 'date': datetime.datetime(2024, 1, 7, 13, 25)}}","['K', 'BE', 'IR']",K,,,,,,,,,,,,,,,,,,,,,,,,,,,,,,,,,,,,,,,,,,,,,,,,,,,,,,,,,,,,,,,,,,,,,,,,,,,,,,5.0,10.0,11.0,13.0,2.0,14.0,14.0,,30.0,37.0,7.0,35.0,35.0,,5.0,10.0,4.228348373,6.202698919,1.974350547,8.073686215,9.897923807,1.824237593,16.363637,16.89245663,0.528819627,28.66567159,32.99307936,4.327407766,39.53852286,41.37148984,1.832966973,4.228348373,6.202698919,1.974350547,,,,,,,,,,,,,,,,,,,,,,,,,,,,,,,,,,,,,,,,,,,,,,,,,,,,,,,,,,,,,,,,,,,,,,,,,,,,,,,,,,,,,,,5.0,5.0,,,,,,,,,,,,,,,,,,,,,,,,,,,,,,,,,,,,,,,,,,2023,,,,,,1195.0,308.0,1503.0,233.0,113.0,53.0,40.0,15.0,6.0,60.0,28.0,13.0,10.0,4.0,294.0,142.0,67.0,52.0,21.0,7.0,,1.0,1082.555802,204.57021,1287.126012,228.3308121,106.6149295,334.9457416,,,,
137.0,8.06,0.0,0.0,,,,,,,,,,,,,,,,,,,,,,,,,,,,,,,,,,738.0,1148.0,7.0,10.0,,,,17.0,,,,,,,,,,,,,,,,,,,,,,,,,,,,,,,,,,,,,,,,,,,17.0,Jets D/ST,NYJ,ADD,5,-16020,14,Luke's Cool Guys,D/ST,"{'1': {'team': 'BUF', 'date': datetime.datetime(2023, 9, 11, 17, 15)}, '2': {'team': 'DAL', 'date': datetime.datetime(2023, 9, 17, 13, 25)}, '3': {'team': 'NE', 'date': datetime.datetime(2023, 9, 24, 10, 0)}, '4': {'team': 'KC', 'date': datetime.datetime(2023, 10, 1, 17, 20)}, '5': {'team': 'DEN', 'date': datetime.datetime(2023, 10, 8, 13, 25)}, '6': {'team': 'PHI', 'date': datetime.datetime(2023, 10, 15, 13, 25)}, '8': {'team': 'NYG', 'date': datetime.datetime(2023, 10, 29, 10, 0)}, '9': {'team': 'LAC', 'date': datetime.datetime(2023, 11, 6, 17, 15)}, '10': {'team': 'LV', 'date': datetime.datetime(2023, 11, 12, 17, 20)}, '11': {'team': 'BUF', 'date': datetime.datetime(2023, 11, 19, 13, 25)}, '12': {'team': 'MIA', 'date': datetime.datetime(2023, 11, 24, 12, 0)}, '13': {'team': 'ATL', 'date': datetime.datetime(2023, 12, 3, 10, 0)}, '14': {'team': 'HOU', 'date': datetime.datetime(2023, 12, 10, 10, 0)}, '15': {'team': 'MIA', 'date': datetime.datetime(2023, 12, 17, 10, 0)}, '16': {'team': 'WSH', 'date': datetime.datetime(2023, 12, 24, 10, 0)}, '17': {'team': 'CLE', 'date': datetime.datetime(2023, 12, 28, 17, 15)}, '18': {'team': 'NE', 'date': datetime.datetime(2024, 1, 7, 10, 0)}}","['D/ST', 'BE', 'IR']",D/ST,,,,,,,542.0,49.0,15.0,,,,,,,,,,,,,,,,,,,,,,,,,,,,,,,,,,,,,,,,,,,,,,,,,,,,,,,,,,,,,,,,,410.0,,,14.0,,,,,,,,,,,,,,,,,,,,,,,,,,,,,,,,,,,10.0,0.0,2.0,3.0,3.0,3.0,17.0,1.0,3.0,48.0,96.0,,1.0,2.0,4.0,377.0,222.0,94.0,90.0,319.0,25.0,6.0,341.0,1.0,2.0,6.0,0.0,4969.0,0.0,5.0,3.0,3.0,4.0,2.0,0.0,0.0,0.0,0.0,2.0,3.0,3.0,1.0,2.0,6.0,0.0,,,,,,,,,,,,,,,,,,,,,,,,,,,,,,,,,,,,,,,,,,,,,,,1.0,,,,,,,,,,,,,,,,,,,,,,,,,,,,,,,,,,,,,,2023,,,,,,,,,,,,,,,,,,,,,,,,,,,,,,,,,,,,,
96.0,6.0,0.0,0.0,81.0,25.0625,4.0,74.0,34.0,13.0,12.0,5.0,,9.0,2.0,,,,,4.95061728,33.0,18.1875,2.0,53.0,23.0,8.0,7.0,2.0,1.0,40.0,133.0,8.81818182,1.0,1.0,1.0,1.0,1.0,2.0,2.0,8.0,8.0,42.0,3.0,,16.0,,,,,,,,,,,,,,,,,,,,,,,,,,,,,,,,,,,,,,,,,,,15.11764706,Taysom Hill,NO,ADD,9,2468609,14,Luke's Cool Guys,TE,"{'1': {'team': 'TEN', 'date': datetime.datetime(2023, 9, 10, 10, 0)}, '2': {'team': 'CAR', 'date': datetime.datetime(2023, 9, 18, 16, 15)}, '3': {'team': 'GB', 'date': datetime.datetime(2023, 9, 24, 10, 0)}, '4': {'team': 'TB', 'date': datetime.datetime(2023, 10, 1, 10, 0)}, '5': {'team': 'NE', 'date': datetime.datetime(2023, 10, 8, 10, 0)}, '6': {'team': 'HOU', 'date': datetime.datetime(2023, 10, 15, 10, 0)}, '7': {'team': 'JAX', 'date': datetime.datetime(2023, 10, 19, 17, 15)}, '8': {'team': 'IND', 'date': datetime.datetime(2023, 10, 29, 10, 0)}, '9': {'team': 'CHI', 'date': datetime.datetime(2023, 11, 5, 10, 0)}, '10': {'team': 'MIN', 'date': datetime.datetime(2023, 11, 12, 10, 0)}, '12': {'team': 'ATL', 'date': datetime.datetime(2023, 11, 26, 10, 0)}, '13': {'team': 'DET', 'date': datetime.datetime(2023, 12, 3, 10, 0)}, '14': {'team': 'CAR', 'date': datetime.datetime(2023, 12, 10, 10, 0)}, '15': {'team': 'NYG', 'date': datetime.datetime(2023, 12, 17, 10, 0)}, '16': {'team': 'LAR', 'date': datetime.datetime(2023, 12, 21, 17, 15)}, '17': {'team': 'TB', 'date': datetime.datetime(2023, 12, 31, 10, 0)}, '18': {'team': 'ATL', 'date': datetime.datetime(2024, 1, 7, 10, 0)}}","['WR/TE', 'TE', 'RB/WR/TE', 'OP', 'BE', 'IR']",TE,,,,,,,18.0,1.0,,,,,,,,,,,1.0,1.0,11.0,6.0,5.0,5.1875,1.0,13.0,6.0,2.0,1.0,,,,,,,,,,,,0.54545455,2.0,,1.0,,,,,,,,,,,,,,,,,,,,,,,,,,,,,,,,1.0,,,,,,,,,,,,,,,,,,,,,,,,,,,,,,,,,,,,,,,,,,,,,,,,,,,,,,,,,,,,,,,,,,,,,,,,,,,,,,,,,,,,,,,,,,,,,,,,,,,,,,,,,,,,,,,,,,,,,,,,,,,,,,,,,,,,,,,,,,,,,,,,,,,,,,,,,,,,,,,,,,,,,2023,,,4.0,27.0,11.0,,,,,,,,,,,,,,,,,,,,,,,,,,,,,,,,
119.0,8.5,0.0,0.0,179.0,44.85714286,5.0,120.0,55.0,25.0,18.0,6.0,1.0,31.0,13.0,,,1.0,,3.50837989,51.0,31.14285714,1.0,80.0,36.0,16.0,10.0,1.0,4.0,74.0,528.0,8.54901961,3.0,5.0,2.0,4.0,4.0,1.0,1.0,3.0,11.0,36.0,5.0,1.0,14.0,,,,,,,,,,,,,,,,,,,,,,,,,,,,,,,,,,,,,,,,,,,14.17647059,Austin Ekeler,WSH,DRAFT,31,3068267,15,Mendes Army,RB,"{'1': {'team': 'ARI', 'date': datetime.datetime(2023, 9, 10, 10, 0)}, '2': {'team': 'DEN', 'date': datetime.datetime(2023, 9, 17, 13, 25)}, '3': {'team': 'BUF', 'date': datetime.datetime(2023, 9, 24, 10, 0)}, '4': {'team': 'PHI', 'date': datetime.datetime(2023, 10, 1, 10, 0)}, '5': {'team': 'CHI', 'date': datetime.datetime(2023, 10, 5, 17, 15)}, '6': {'team': 'ATL', 'date': datetime.datetime(2023, 10, 15, 10, 0)}, '7': {'team': 'NYG', 'date': datetime.datetime(2023, 10, 22, 10, 0)}, '8': {'team': 'PHI', 'date': datetime.datetime(2023, 10, 29, 10, 0)}, '9': {'team': 'NE', 'date': datetime.datetime(2023, 11, 5, 10, 0)}, '10': {'team': 'SEA', 'date': datetime.datetime(2023, 11, 12, 13, 25)}, '11': {'team': 'NYG', 'date': datetime.datetime(2023, 11, 19, 10, 0)}, '12': {'team': 'DAL', 'date': datetime.datetime(2023, 11, 23, 13, 30)}, '13': {'team': 'MIA', 'date': datetime.datetime(2023, 12, 3, 10, 0)}, '15': {'team': 'LAR', 'date': datetime.datetime(2023, 12, 17, 13, 5)}, '16': {'team': 'NYJ', 'date': datetime.datetime(2023, 12, 24, 10, 0)}, '17': {'team': 'SF', 'date': datetime.datetime(2023, 12, 31, 10, 0)}, '18': {'team': 'DAL', 'date': datetime.datetime(2024, 1, 7, 13, 25)}}","['RB', 'RB/WR', 'RB/WR/TE', 'OP', 'BE', 'IR']",RB,,,,,2.0,2.0,,,,,,,,,,,,,,,,,,,,,,,,,,,,,,,,,,,,,,,,,,,,,,,,,,,,,,,,,,,,,,,,,,,,,,,,,,,,,,,,,,,,,,,,,,,,,,,,,,,,,,,,,,,,,,,,,,,,,,,,,,,,,,,,,,,,,,,,,,,,,,,,,,,,,,,,,,,,,,,,,,,,,,,,,,,,,,,,,,,,,,,,,,,,,,,,,,,,,,,,,,,,,,,,,,,,,,,,,,,,,,,,,,,,,,,,,,,2023,,,,34.0,21.0,,,,,,,,,,,,,,,,,,,,,,,,,,,,,,,,
159.0,9.35,0.0,0.0,1.0,0.29411765,,1.0,,,,,,,,,,,,5.0,107.0,69.58823529,8.0,230.0,111.0,53.0,39.0,16.0,14.0,160.0,399.0,11.05607477,,2.0,,1.0,1.0,3.0,3.0,11.0,6.0,50.0,,,17.0,,,,,,,,,,,,,,,,,,,,,,,,,,,,,,,,,,,,,,,,,,,15.11764706,Stefon Diggs,BUF,DRAFT,12,2976212,15,Mendes Army,WR,"{'1': {'team': 'NYJ', 'date': datetime.datetime(2023, 9, 11, 17, 15)}, '2': {'team': 'LV', 'date': datetime.datetime(2023, 9, 17, 10, 0)}, '3': {'team': 'WSH', 'date': datetime.datetime(2023, 9, 24, 10, 0)}, '4': {'team': 'MIA', 'date': datetime.datetime(2023, 10, 1, 10, 0)}, '5': {'team': 'JAX', 'date': datetime.datetime(2023, 10, 8, 6, 30)}, '6': {'team': 'NYG', 'date': datetime.datetime(2023, 10, 15, 17, 20)}, '7': {'team': 'NE', 'date': datetime.datetime(2023, 10, 22, 10, 0)}, '8': {'team': 'TB', 'date': datetime.datetime(2023, 10, 26, 17, 15)}, '9': {'team': 'CIN', 'date': datetime.datetime(2023, 11, 5, 17, 20)}, '10': {'team': 'DEN', 'date': datetime.datetime(2023, 11, 13, 17, 15)}, '11': {'team': 'NYJ', 'date': datetime.datetime(2023, 11, 19, 13, 25)}, '12': {'team': 'PHI', 'date': datetime.datetime(2023, 11, 26, 13, 25)}, '14': {'team': 'KC', 'date': datetime.datetime(2023, 12, 10, 13, 25)}, '15': {'team': 'DAL', 'date': datetime.datetime(2023, 12, 17, 13, 25)}, '16': {'team': 'LAC', 'date': datetime.datetime(2023, 12, 23, 17, 0)}, '17': {'team': 'NE', 'date': datetime.datetime(2023, 12, 31, 10, 0)}, '18': {'team': 'MIA', 'date': datetime.datetime(2024, 1, 7, 17, 20)}}","['RB/WR', 'WR', 'WR/TE', 'RB/WR/TE', 'OP', 'BE', 'IR']",WR,1.0,1.0,5.0,5.0,2.0,1.0,,,,,,,,,,,,2.0,1.0,1.0,,,,,,,,,,,,,,,,,,,,,,,,,,,,,,,,,,,,,,,,,,,,,,,,,,,1.0,,5.0,,,,,,,,,,,,,,,,,,,,,,,,,,,,,,,,,,,,,,,,,,,,,,,,,,,,,,,,,,,,,,,,,,,,,,,,,,,,,,,,,,,,,,,,,,,,,,,,,,,,,,,,,,,,,,,,,,,,,,,,,,,,,,,,,,,,,,,,,,,,,,,,,,,,,,,,,,,,,,,,,,,,,,,,2023,,,,1.0,58.0,,,,,,,,,,,,,,,,,,,,,,,,,,,,,,,,
136.0,8.5,143.91,9.59,,,,,,,,,,,,,,,,,87.0,70.1875,5.0,217.0,104.0,48.0,37.0,15.0,11.0,138.0,347.0,12.90804598,,,,,,1.0,1.0,8.0,8.0,32.0,,,16.0,,,,,,,,,,,,,,,,,74.36433178,5.498965836,0.29792579,0.297765599,0.194589819,224.0,112.0,56.0,44.0,22.0,76.64082502,15.0,7.0,3.359189797,0.103892468,124.8087909,14.66860151,0.29792579,0.006744393,,1.5328165,1.5328165,,0.85837724,0.85837724,0.85837724,15.11764706,Chris Olave,NO,DRAFT,24,4361370,15,Mendes Army,BE,"{'1': {'team': 'TEN', 'date': datetime.datetime(2023, 9, 10, 10, 0)}, '2': {'team': 'CAR', 'date': datetime.datetime(2023, 9, 18, 16, 15)}, '3': {'team': 'GB', 'date': datetime.datetime(2023, 9, 24, 10, 0)}, '4': {'team': 'TB', 'date': datetime.datetime(2023, 10, 1, 10, 0)}, '5': {'team': 'NE', 'date': datetime.datetime(2023, 10, 8, 10, 0)}, '6': {'team': 'HOU', 'date': datetime.datetime(2023, 10, 15, 10, 0)}, '7': {'team': 'JAX', 'date': datetime.datetime(2023, 10, 19, 17, 15)}, '8': {'team': 'IND', 'date': datetime.datetime(2023, 10, 29, 10, 0)}, '9': {'team': 'CHI', 'date': datetime.datetime(2023, 11, 5, 10, 0)}, '10': {'team': 'MIN', 'date': datetime.datetime(2023, 11, 12, 10, 0)}, '12': {'team': 'ATL', 'date': datetime.datetime(2023, 11, 26, 10, 0)}, '13': {'team': 'DET', 'date': datetime.datetime(2023, 12, 3, 10, 0)}, '14': {'team': 'CAR', 'date': datetime.datetime(2023, 12, 10, 10, 0)}, '15': {'team': 'NYG', 'date': datetime.datetime(2023, 12, 17, 10, 0)}, '16': {'team': 'LAR', 'date': datetime.datetime(2023, 12, 21, 17, 15)}, '17': {'team': 'TB', 'date': datetime.datetime(2023, 12, 31, 10, 0)}, '18': {'team': 'ATL', 'date': datetime.datetime(2024, 1, 7, 10, 0)}}","['RB/WR', 'WR', 'WR/TE', 'RB/WR/TE', 'OP', 'BE', 'IR']",BE,,,5.0,5.0,,,,,,,,,,,,,,,3.0,1.0,,,,,,,,,,,,,,,,,,,,,,,,,,,,,,,,,,,,,,,,,,,,,,,,,,,1.0,,1.0,,,,,,,,,,,,,,,,,,,,,,,,,,,,,,,,,,,,,,,,,,,,,,,,,,,,,,,,,,,,,,,,,,,,,,,,,,,,,,,,,,,,,,,,,,,,,,,,,,,,,,,,,,,,,,,,,,,,,,,,,,,,,,,,,,,,,,,,,,,,,,,,,,,,,,,,,,,,,,,,,,,,,,,,2023,,,,,57.0,,,,,,,,,,,,,,,,,,,,,,,,,,,,,,49.56927922,,
139.0,13.9,0.0,0.0,31.0,8.8,,15.0,6.0,3.0,1.0,,,3.0,,,,,,2.83870968,,,,,,,,,,,,,,2.0,,1.0,7.0,1.0,1.0,5.0,5.0,90.0,,,10.0,,,,,,,,,,,,,,,,,,,,,,,,,,,,,,,,,,,,,,,,,,,15.0,Joe Burrow,CIN,DRAFT,26,3915511,15,Mendes Army,BE,"{'1': {'team': 'CLE', 'date': datetime.datetime(2023, 9, 10, 10, 0)}, '2': {'team': 'BAL', 'date': datetime.datetime(2023, 9, 17, 10, 0)}, '3': {'team': 'LAR', 'date': datetime.datetime(2023, 9, 25, 17, 15)}, '4': {'team': 'TEN', 'date': datetime.datetime(2023, 10, 1, 10, 0)}, '5': {'team': 'ARI', 'date': datetime.datetime(2023, 10, 8, 13, 5)}, '6': {'team': 'SEA', 'date': datetime.datetime(2023, 10, 15, 10, 0)}, '8': {'team': 'SF', 'date': datetime.datetime(2023, 10, 29, 13, 25)}, '9': {'team': 'BUF', 'date': datetime.datetime(2023, 11, 5, 17, 20)}, '10': {'team': 'HOU', 'date': datetime.datetime(2023, 11, 12, 10, 0)}, '11': {'team': 'BAL', 'date': datetime.datetime(2023, 11, 16, 17, 15)}, '12': {'team': 'PIT', 'date': datetime.datetime(2023, 11, 26, 10, 0)}, '13': {'team': 'JAX', 'date': datetime.datetime(2023, 12, 4, 17, 15)}, '14': {'team': 'IND', 'date': datetime.datetime(2023, 12, 10, 10, 0)}, '15': {'team': 'MIN', 'date': datetime.datetime(2023, 12, 16, 10, 0)}, '16': {'team': 'PIT', 'date': datetime.datetime(2023, 12, 23, 13, 30)}, '17': {'team': 'KC', 'date': datetime.datetime(2023, 12, 31, 13, 25)}, '18': {'team': 'CLE', 'date': datetime.datetime(2024, 1, 7, 10, 0)}}","['QB', 'OP', 'BE', 'IR']",BE,,,,,,,,,,,,,,,,,,,,,365.0,244.0,121.0,230.9,15.0,458.0,226.0,112.0,87.0,41.0,18.0,45.0,20.0,20.0,9.0,2.0,2.0,3.0,,6.0,0.66849315,24.0,2.0,10.0,1.0,1.0,1.0,,,,,,,,,,,,,,,,,,,,,,,,,,,,,,,,,,,,,,,,,,,,,,,,,,,,,,,,,,,,,,,,,,,,,,,,,,,,,,,,,,,,,,,,,,,,,,,,,,,,,,,,,,,,,,,,,,,,,,,,,,,,,,,,,,,,,,,,,,,,,,,,,,,,,,1.0,,,,,,,,,,,,,,,,,,,,,,,,,,,,,,,,,,,,,,,,,,,,2023,,,115.0,9.0,,,,,,,,,,,,,,,,,,,,,,,,,,,,,,,,,
148.0,11.38,0.0,0.0,180.0,53.38461538,5.0,134.0,63.0,29.0,22.0,9.0,,30.0,11.0,,,,,3.85555556,75.0,35.84615385,1.0,90.0,43.0,17.0,14.0,4.0,9.0,86.0,501.0,6.21333333,,,,,,,1.0,6.0,7.0,42.0,4.0,,13.0,,,,,,,,,,,,,,,,,,,,,,,,,,,,,,,,,,,,,,,,,,,14.17647059,Alvin Kamara,NO,DRAFT,24,3054850,15,Mendes Army,RB,"{'1': {'team': 'TEN', 'date': datetime.datetime(2023, 9, 10, 10, 0)}, '2': {'team': 'CAR', 'date': datetime.datetime(2023, 9, 18, 16, 15)}, '3': {'team': 'GB', 'date': datetime.datetime(2023, 9, 24, 10, 0)}, '4': {'team': 'TB', 'date': datetime.datetime(2023, 10, 1, 10, 0)}, '5': {'team': 'NE', 'date': datetime.datetime(2023, 10, 8, 10, 0)}, '6': {'team': 'HOU', 'date': datetime.datetime(2023, 10, 15, 10, 0)}, '7': {'team': 'JAX', 'date': datetime.datetime(2023, 10, 19, 17, 15)}, '8': {'team': 'IND', 'date': datetime.datetime(2023, 10, 29, 10, 0)}, '9': {'team': 'CHI', 'date': datetime.datetime(2023, 11, 5, 10, 0)}, '10': {'team': 'MIN', 'date': datetime.datetime(2023, 11, 12, 10, 0)}, '12': {'team': 'ATL', 'date': datetime.datetime(2023, 11, 26, 10, 0)}, '13': {'team': 'DET', 'date': datetime.datetime(2023, 12, 3, 10, 0)}, '14': {'team': 'CAR', 'date': datetime.datetime(2023, 12, 10, 10, 0)}, '15': {'team': 'NYG', 'date': datetime.datetime(2023, 12, 17, 10, 0)}, '16': {'team': 'LAR', 'date': datetime.datetime(2023, 12, 21, 17, 15)}, '17': {'team': 'TB', 'date': datetime.datetime(2023, 12, 31, 10, 0)}, '18': {'team': 'ATL', 'date': datetime.datetime(2024, 1, 7, 10, 0)}}","['RB', 'RB/WR', 'RB/WR/TE', 'OP', 'BE', 'IR']",RB,,,,,,,,,,,,,,,,,,2.0,,,,,,,,,,,,,,,,,,,,,,,,,,,,,,,,,,,,,,,,,,,,,,,,,,,,,1.0,,1.0,1.0,1.0,,,,,,,,,,,,,,,,,,,,,,,,,,,,,,,,,,,,,,,,,,,,,,,,,,,,,,,,,,,,,,,,,,,,,,,,,,,,,,,,,,,,,,,,,,,,,,,,,,,,,,,,,,,,,,,,,,,,,,,,,,,,,,,2.0,,,,,,,,,,,,,,,,,,,,,,,,,,,,,,,,,,,,,,,2023,,,,42.0,23.0,,,,,,,,,,,,,,,,,,,,,,,,,,,,,,,,
128.0,8.0,0.0,0.0,1.0,0.125,,,,,,,,,,,,,,2.0,65.0,63.75,6.0,196.0,92.0,42.0,34.0,13.0,5.0,90.0,483.0,15.69230769,,,,,,1.0,1.0,12.0,4.0,36.0,,1.0,16.0,,,,,,,,,,,,,,,,,,,,,,,,,,,,,,,,,,,,,,,,,,,15.11764706,George Kittle,SF,DRAFT,2,3040151,15,Mendes Army,TE,"{'1': {'team': 'PIT', 'date': datetime.datetime(2023, 9, 10, 10, 0)}, '2': {'team': 'LAR', 'date': datetime.datetime(2023, 9, 17, 13, 5)}, '3': {'team': 'NYG', 'date': datetime.datetime(2023, 9, 21, 17, 15)}, '4': {'team': 'ARI', 'date': datetime.datetime(2023, 10, 1, 13, 25)}, '5': {'team': 'DAL', 'date': datetime.datetime(2023, 10, 8, 17, 20)}, '6': {'team': 'CLE', 'date': datetime.datetime(2023, 10, 15, 10, 0)}, '7': {'team': 'MIN', 'date': datetime.datetime(2023, 10, 23, 17, 15)}, '8': {'team': 'CIN', 'date': datetime.datetime(2023, 10, 29, 13, 25)}, '10': {'team': 'JAX', 'date': datetime.datetime(2023, 11, 12, 10, 0)}, '11': {'team': 'TB', 'date': datetime.datetime(2023, 11, 19, 13, 5)}, '12': {'team': 'SEA', 'date': datetime.datetime(2023, 11, 23, 17, 20)}, '13': {'team': 'PHI', 'date': datetime.datetime(2023, 12, 3, 13, 25)}, '14': {'team': 'SEA', 'date': datetime.datetime(2023, 12, 10, 13, 5)}, '15': {'team': 'ARI', 'date': datetime.datetime(2023, 12, 17, 13, 5)}, '16': {'team': 'BAL', 'date': datetime.datetime(2023, 12, 25, 17, 15)}, '17': {'team': 'WSH', 'date': datetime.datetime(2023, 12, 31, 10, 0)}, '18': {'team': 'LAR', 'date': datetime.datetime(2024, 1, 7, 13, 25)}}","['WR/TE', 'TE', 'RB/WR/TE', 'OP', 'BE', 'IR']",TE,2.0,1.0,3.0,3.0,,,,,,,,,,,,,,,1.0,,,,,,,,,,,,,,,,,,,,,,,,,,,,,,,,,,,,,,,,,,,,,,,,,,,,,,2.0,,,,,,,,,,,,,,,,,,,,,,,,,,,,,,,,,,,,,,,,,,,,,,,,,,,,,,,,,,,,,,,,,,,,,,,,,,,,,,,,,,,,,,,,,,,,,,,,,,,,,,,,,,,,,,,,,,,,,,,,,,,,,,,,,,,,,,,,,,,,,,,,,,,,,,,,,,,,,,,,,,,,,,,,2023,,,,1.0,42.0,,,,,,,,,,,,,,,,,,,,,,,,,,,,,,,,
197.0,11.59,0.0,0.0,,,,,,,,,,,,,,,,,79.0,73.82352941,13.0,245.0,119.0,57.0,40.0,16.0,9.0,136.0,322.0,15.88607595,,,,,,1.0,1.0,9.0,8.0,78.0,,1.0,17.0,,,,,,,,,,,,,,,,,,,,,,,,,,,,,,,,,,,,,,,,,,,15.11764706,Mike Evans,TB,DRAFT,4,16737,15,Mendes Army,WR,"{'1': {'team': 'MIN', 'date': datetime.datetime(2023, 9, 10, 10, 0)}, '2': {'team': 'CHI', 'date': datetime.datetime(2023, 9, 17, 10, 0)}, '3': {'team': 'PHI', 'date': datetime.datetime(2023, 9, 25, 16, 15)}, '4': {'team': 'NO', 'date': datetime.datetime(2023, 10, 1, 10, 0)}, '6': {'team': 'DET', 'date': datetime.datetime(2023, 10, 15, 13, 25)}, '7': {'team': 'ATL', 'date': datetime.datetime(2023, 10, 22, 10, 0)}, '8': {'team': 'BUF', 'date': datetime.datetime(2023, 10, 26, 17, 15)}, '9': {'team': 'HOU', 'date': datetime.datetime(2023, 11, 5, 10, 0)}, '10': {'team': 'TEN', 'date': datetime.datetime(2023, 11, 12, 10, 0)}, '11': {'team': 'SF', 'date': datetime.datetime(2023, 11, 19, 13, 5)}, '12': {'team': 'IND', 'date': datetime.datetime(2023, 11, 26, 10, 0)}, '13': {'team': 'CAR', 'date': datetime.datetime(2023, 12, 3, 13, 5)}, '14': {'team': 'ATL', 'date': datetime.datetime(2023, 12, 10, 10, 0)}, '15': {'team': 'GB', 'date': datetime.datetime(2023, 12, 17, 10, 0)}, '16': {'team': 'JAX', 'date': datetime.datetime(2023, 12, 24, 13, 5)}, '17': {'team': 'NO', 'date': datetime.datetime(2023, 12, 31, 10, 0)}, '18': {'team': 'CAR', 'date': datetime.datetime(2024, 1, 7, 10, 0)}}","['RB/WR', 'WR', 'WR/TE', 'RB/WR/TE', 'OP', 'BE', 'IR']",WR,2.0,1.0,3.0,3.0,,,,,,,,,,,,,,,4.0,5.0,,,,,,,,,,,,,,,,,,,,,,,,,,,,,,,,,,,,,,,,,,,,,,,,,,,,,1.0,,,,,,,,,,,,,,,,,,,,,,,,,,,,,,,,,,,,,,,,,,,,,,,,,,,,,,,,,,,,,,,,,,,,,,,,,,,,,,,,,,,,,,,,,,,,,,,,,,,,,,,,,,,,,,,,,,,,,,,,,,,,,,,,,,,,,,,,,,,,,,,,,,,,,,,,,,,,,,,,,,,,,,,,2023,,,,,54.0,,,,,,,,,,,,,,,,,,,,,,,,,,,,,,,,
182.0,13.0,0.0,0.0,219.0,72.5,13.0,199.0,95.0,44.0,33.0,15.0,3.0,39.0,16.0,2.0,1.0,3.0,,4.6347032,16.0,8.35714286,,21.0,9.0,3.0,,,,24.0,149.0,7.3125,2.0,2.0,1.0,1.0,1.0,1.0,1.0,10.0,4.0,80.0,11.0,,14.0,,,,,,,,,,,,,,,,,,,,,,,,,,,,,,,,,,,,,,,,,,,14.17647059,David Montgomery,DET,DRAFT,9,4035538,15,Mendes Army,BE,"{'1': {'team': 'KC', 'date': datetime.datetime(2023, 9, 7, 17, 20)}, '2': {'team': 'SEA', 'date': datetime.datetime(2023, 9, 17, 10, 0)}, '3': {'team': 'ATL', 'date': datetime.datetime(2023, 9, 24, 10, 0)}, '4': {'team': 'GB', 'date': datetime.datetime(2023, 9, 28, 17, 15)}, '5': {'team': 'CAR', 'date': datetime.datetime(2023, 10, 8, 10, 0)}, '6': {'team': 'TB', 'date': datetime.datetime(2023, 10, 15, 13, 25)}, '7': {'team': 'BAL', 'date': datetime.datetime(2023, 10, 22, 10, 0)}, '8': {'team': 'LV', 'date': datetime.datetime(2023, 10, 30, 17, 15)}, '10': {'team': 'LAC', 'date': datetime.datetime(2023, 11, 12, 13, 5)}, '11': {'team': 'CHI', 'date': datetime.datetime(2023, 11, 19, 10, 0)}, '12': {'team': 'GB', 'date': datetime.datetime(2023, 11, 23, 9, 30)}, '13': {'team': 'NO', 'date': datetime.datetime(2023, 12, 3, 10, 0)}, '14': {'team': 'CHI', 'date': datetime.datetime(2023, 12, 10, 10, 0)}, '15': {'team': 'DEN', 'date': datetime.datetime(2023, 12, 16, 17, 15)}, '16': {'team': 'MIN', 'date': datetime.datetime(2023, 12, 24, 10, 0)}, '17': {'team': 'DAL', 'date': datetime.datetime(2023, 12, 30, 17, 15)}, '18': {'team': 'MIN', 'date': datetime.datetime(2024, 1, 7, 10, 0)}}","['RB', 'RB/WR', 'RB/WR/TE', 'OP', 'BE', 'IR']",BE,,,,,,,,,,,,,,,,,,,,,,,,,,,,,,,,,,,,,,,,,,,,,,,,,,,,,,,,,,,,,,,,,,,,,,,,,,,,,,,,,,,,,,,,,,,,,,,,,,,,,,,,,,,,,,,,,,,,,,,,,,,,,,,,,,,,,,,,,,,,,,,,,,,,,,,,,,,,,,,,,,,,,,,,,,,,,,,,,,,,,,,,,,,,,,,,,,,,,,,,,,1.0,,,,,,,,,,,,,,,,,,,,,,,,,,,,,,,,,,,,,,,2023,,,,59.0,7.0,,,,,,,,,,,,,,,,,,,,,,,,,,,,,,,,
120.0,7.5,0.0,0.0,8.0,3.5,1.0,10.0,3.0,1.0,1.0,,,,,,,,,7.0,77.0,53.625,5.0,166.0,79.0,35.0,27.0,11.0,9.0,108.0,391.0,11.14285714,,,,,,1.0,1.0,13.0,3.0,38.0,,,16.0,,,,,,,,,,,,,,,,,,,,,,,,,,,,,,,,,,,,,,,,,,,15.11764706,Zay Flowers,BAL,DRAFT,31,4429615,15,Mendes Army,BE,"{'1': {'team': 'HOU', 'date': datetime.datetime(2023, 9, 10, 10, 0)}, '2': {'team': 'CIN', 'date': datetime.datetime(2023, 9, 17, 10, 0)}, '3': {'team': 'IND', 'date': datetime.datetime(2023, 9, 24, 10, 0)}, '4': {'team': 'CLE', 'date': datetime.datetime(2023, 10, 1, 10, 0)}, '5': {'team': 'PIT', 'date': datetime.datetime(2023, 10, 8, 10, 0)}, '6': {'team': 'TEN', 'date': datetime.datetime(2023, 10, 15, 6, 30)}, '7': {'team': 'DET', 'date': datetime.datetime(2023, 10, 22, 10, 0)}, '8': {'team': 'ARI', 'date': datetime.datetime(2023, 10, 29, 13, 25)}, '9': {'team': 'SEA', 'date': datetime.datetime(2023, 11, 5, 10, 0)}, '10': {'team': 'CLE', 'date': datetime.datetime(2023, 11, 12, 10, 0)}, '11': {'team': 'CIN', 'date': datetime.datetime(2023, 11, 16, 17, 15)}, '12': {'team': 'LAC', 'date': datetime.datetime(2023, 11, 26, 17, 20)}, '14': {'team': 'LAR', 'date': datetime.datetime(2023, 12, 10, 10, 0)}, '15': {'team': 'JAX', 'date': datetime.datetime(2023, 12, 17, 17, 20)}, '16': {'team': 'SF', 'date': datetime.datetime(2023, 12, 25, 17, 15)}, '17': {'team': 'MIA', 'date': datetime.datetime(2023, 12, 31, 10, 0)}, '18': {'team': 'PIT', 'date': datetime.datetime(2024, 1, 6, 13, 30)}}","['Rookie', 'RB/WR', 'WR', 'WR/TE', 'RB/WR/TE', 'OP', 'BE', 'IR']",BE,1.0,1.0,1.0,1.0,,,,,,,,,,,,,,,2.0,1.0,,,,,,,,,,,,,,,,,,,,,,,,,,,,,,,,,,,,,,,,,,,,,,,,,,,1.0,,1.0,,,,,,,,,,,,,,,,,,,,,,,,,,,,,,,,,,,,,,,,,,,,,,,,,,,,,,,,,,,,,,,,,,,,,,,,,,,,,,,,,,,,,,,,,,,,,,,,,,,,,,,,,,,,,,,,,,,,,,,,,,,1.0,,,,,,,,,,,,,,,,,,,,,,,,,,,,,,,,,,,,,,,,,,,,,2023,,,,1.0,41.0,,,,,,,,,,,,,,,,,,,,,,,,,,,,,,,,
70.0,4.38,0.0,0.0,,,,,,,,,,,,,,,,,73.0,42.0625,2.0,129.0,60.0,28.0,21.0,6.0,10.0,91.0,311.0,9.21917808,,1.0,,1.0,1.0,2.0,2.0,10.0,6.0,12.0,,,16.0,,,,,,,,,,,,,,,,,,,,,,,,,,,,,,,,,,,,,,,,,,,15.11764706,Dalton Kincaid,BUF,DRAFT,16,4385690,15,Mendes Army,BE,"{'1': {'team': 'NYJ', 'date': datetime.datetime(2023, 9, 11, 17, 15)}, '2': {'team': 'LV', 'date': datetime.datetime(2023, 9, 17, 10, 0)}, '3': {'team': 'WSH', 'date': datetime.datetime(2023, 9, 24, 10, 0)}, '4': {'team': 'MIA', 'date': datetime.datetime(2023, 10, 1, 10, 0)}, '5': {'team': 'JAX', 'date': datetime.datetime(2023, 10, 8, 6, 30)}, '6': {'team': 'NYG', 'date': datetime.datetime(2023, 10, 15, 17, 20)}, '7': {'team': 'NE', 'date': datetime.datetime(2023, 10, 22, 10, 0)}, '8': {'team': 'TB', 'date': datetime.datetime(2023, 10, 26, 17, 15)}, '9': {'team': 'CIN', 'date': datetime.datetime(2023, 11, 5, 17, 20)}, '10': {'team': 'DEN', 'date': datetime.datetime(2023, 11, 13, 17, 15)}, '11': {'team': 'NYJ', 'date': datetime.datetime(2023, 11, 19, 13, 25)}, '12': {'team': 'PHI', 'date': datetime.datetime(2023, 11, 26, 13, 25)}, '14': {'team': 'KC', 'date': datetime.datetime(2023, 12, 10, 13, 25)}, '15': {'team': 'DAL', 'date': datetime.datetime(2023, 12, 17, 13, 25)}, '16': {'team': 'LAC', 'date': datetime.datetime(2023, 12, 23, 17, 0)}, '17': {'team': 'NE', 'date': datetime.datetime(2023, 12, 31, 10, 0)}, '18': {'team': 'MIA', 'date': datetime.datetime(2024, 1, 7, 17, 20)}}","['Rookie', 'WR/TE', 'TE', 'RB/WR/TE', 'OP', 'BE', 'IR']",BE,,,,,1.0,1.0,,,,,,,,,,,,1.0,,2.0,,,,,,,,,,,,,,,,,,,,,,,,,,,,,,,,,,,,,,,,,,,,,,,,,,,,,,,,,,,,,,,,,,,,,,,,,,,,,,,,,,,,,,,,,,,,,,,,,,,,,,,,,,,,,,,,,,,,,,,,,,,,,,,,,,,,,,,,,,,,,,,,,,,,,,,,,,,,,,,,,,,,,,,,,,,,,,,,,,,,,,,,,,,,,,,,,,,,,,,,,,,,,,,,,,,,,,,,,,,,,2023,,,,,30.0,,,,,,,,,,,,,,,,,,,,,,,,,,,,,,,,
20.0,1.18,0.0,0.0,41.0,10.52941176,1.0,34.0,15.0,5.0,4.0,2.0,,5.0,2.0,,,,,4.36585366,5.0,2.76470588,,8.0,3.0,1.0,1.0,,,5.0,59.0,9.4,1.0,2.0,1.0,2.0,2.0,2.0,4.0,12.0,5.0,6.0,1.0,,17.0,,,,,,,,,,,,,,,,,,,,,,,,,,,,,,,,,,,,,,,,,,,14.17647059,Craig Reynolds,DET,ADD,78,4421446,15,Mendes Army,BE,"{'1': {'team': 'KC', 'date': datetime.datetime(2023, 9, 7, 17, 20)}, '2': {'team': 'SEA', 'date': datetime.datetime(2023, 9, 17, 10, 0)}, '3': {'team': 'ATL', 'date': datetime.datetime(2023, 9, 24, 10, 0)}, '4': {'team': 'GB', 'date': datetime.datetime(2023, 9, 28, 17, 15)}, '5': {'team': 'CAR', 'date': datetime.datetime(2023, 10, 8, 10, 0)}, '6': {'team': 'TB', 'date': datetime.datetime(2023, 10, 15, 13, 25)}, '7': {'team': 'BAL', 'date': datetime.datetime(2023, 10, 22, 10, 0)}, '8': {'team': 'LV', 'date': datetime.datetime(2023, 10, 30, 17, 15)}, '10': {'team': 'LAC', 'date': datetime.datetime(2023, 11, 12, 13, 5)}, '11': {'team': 'CHI', 'date': datetime.datetime(2023, 11, 19, 10, 0)}, '12': {'team': 'GB', 'date': datetime.datetime(2023, 11, 23, 9, 30)}, '13': {'team': 'NO', 'date': datetime.datetime(2023, 12, 3, 10, 0)}, '14': {'team': 'CHI', 'date': datetime.datetime(2023, 12, 10, 10, 0)}, '15': {'team': 'DEN', 'date': datetime.datetime(2023, 12, 16, 17, 15)}, '16': {'team': 'MIN', 'date': datetime.datetime(2023, 12, 24, 10, 0)}, '17': {'team': 'DAL', 'date': datetime.datetime(2023, 12, 30, 17, 15)}, '18': {'team': 'MIN', 'date': datetime.datetime(2024, 1, 7, 10, 0)}}","['RB', 'RB/WR', 'RB/WR/TE', 'OP', 'BE', 'IR']",BE,,,,,,,133.0,11.0,4.0,,,,,,,,,,,,,,,,,,,,,,,,,,,,,,,,,,,,,,,,,,,,,,,,,,,,,,,,,,,,,,,,,2.0,,,,,,,,,,,,,,,,,,,,,,,,,,,,,,,,,,,,,,,,,,,,,,,,,,,,,,,,,,,,,,,,,,,,,,,,,,,,,,,,,,,,,,,,,,,,,,,,,,,,,,,,,,,,,,,,,,,,,,,,,,,,,,,,,,,,,,,,,,,,,,,,,,,,,,,,,,,,,,,,,,,,,,,2023,,,,11.0,2.0,,,,,,,,,,,,,,,,,,,,,,,,,,,,,,,,
260.0,15.29,0.0,0.0,62.0,9.58823529,1.0,28.0,11.0,2.0,2.0,,,5.0,,,,,,2.62903226,,,,,,,,,,,,,2.0,8.0,,3.0,13.0,,,9.0,8.0,174.0,1.0,,17.0,,,,,,,,,,,,,,,,,,,,,,,,,,,,,,,,,,,,,,,,,,,15.0,Baker Mayfield,TB,ADD,10,3052587,15,Mendes Army,QB,"{'1': {'team': 'MIN', 'date': datetime.datetime(2023, 9, 10, 10, 0)}, '2': {'team': 'CHI', 'date': datetime.datetime(2023, 9, 17, 10, 0)}, '3': {'team': 'PHI', 'date': datetime.datetime(2023, 9, 25, 16, 15)}, '4': {'team': 'NO', 'date': datetime.datetime(2023, 10, 1, 10, 0)}, '6': {'team': 'DET', 'date': datetime.datetime(2023, 10, 15, 13, 25)}, '7': {'team': 'ATL', 'date': datetime.datetime(2023, 10, 22, 10, 0)}, '8': {'team': 'BUF', 'date': datetime.datetime(2023, 10, 26, 17, 15)}, '9': {'team': 'HOU', 'date': datetime.datetime(2023, 11, 5, 10, 0)}, '10': {'team': 'TEN', 'date': datetime.datetime(2023, 11, 12, 10, 0)}, '11': {'team': 'SF', 'date': datetime.datetime(2023, 11, 19, 13, 5)}, '12': {'team': 'IND', 'date': datetime.datetime(2023, 11, 26, 10, 0)}, '13': {'team': 'CAR', 'date': datetime.datetime(2023, 12, 3, 13, 5)}, '14': {'team': 'ATL', 'date': datetime.datetime(2023, 12, 10, 10, 0)}, '15': {'team': 'GB', 'date': datetime.datetime(2023, 12, 17, 10, 0)}, '16': {'team': 'JAX', 'date': datetime.datetime(2023, 12, 24, 13, 5)}, '17': {'team': 'NO', 'date': datetime.datetime(2023, 12, 31, 10, 0)}, '18': {'team': 'CAR', 'date': datetime.datetime(2024, 1, 7, 10, 0)}}","['QB', 'OP', 'BE', 'IR']",QB,,,,,,,,,,,,,,,,,,,,,566.0,364.0,202.0,237.88235294,28.0,802.0,395.0,194.0,153.0,71.0,32.0,67.0,29.0,35.0,12.0,5.0,2.0,3.0,2.0,10.0,0.64310954,40.0,7.0,11.0,3.0,7.0,2.0,,,,,,,,,,,,,,,,,,,,,,,,,,,,,,,,,,,,,,,,,,,,,,,,,,,,,,,,,,,,,,,,,,,,,,,,,,,,,,,,,,,,,,,,,,,,,,,,,,,,,,,,,,,,,,,,,,,,,,,,,,,,,,,,,,,,,,,,,,,,,,,,,,,,,,3.0,,,,,,,,,,,,,,,,,,,,,,,,,,,,,,,,,,,,,,,,,,,,2023,,,188.0,16.0,,,,,,,,,,,,,,,,,,,,,,,,,,,,,,,,,
109.0,6.41,102.98,7.36,184.0,37.76470588,3.0,121.0,56.0,23.0,19.0,5.0,,30.0,10.0,,,,,3.48913043,51.0,18.41176471,2.0,58.0,25.0,9.0,6.0,1.0,5.0,65.0,374.0,6.1372549,1.0,2.0,,1.0,1.0,1.0,1.0,4.0,13.0,30.0,3.0,,17.0,143.0143709,38.56635926,4.837662178,0.208174348,109.0,54.0,27.0,21.0,10.0,28.0,14.0,0.282740897,0.197918628,0.77363492,0.026401192,3.822936493,11.34498634,0.762124372,0.041943256,0.033735014,0.022045832,32.0,16.0,8.0,6.0,3.0,24.21811992,4.0,2.0,0.061674025,0.001907444,33.8207884,6.640972365,0.250117605,0.005336258,1.037153824,0.17563211,1.212785933,0.477090759,0.098353981,0.57544474,0.57544474,14.17647059,Ezekiel Elliott,NE,ADD,33,3051392,15,Mendes Army,BE,"{'1': {'team': 'PHI', 'date': datetime.datetime(2023, 9, 10, 13, 25)}, '2': {'team': 'MIA', 'date': datetime.datetime(2023, 9, 17, 17, 20)}, '3': {'team': 'NYJ', 'date': datetime.datetime(2023, 9, 24, 10, 0)}, '4': {'team': 'DAL', 'date': datetime.datetime(2023, 10, 1, 13, 25)}, '5': {'team': 'NO', 'date': datetime.datetime(2023, 10, 8, 10, 0)}, '6': {'team': 'LV', 'date': datetime.datetime(2023, 10, 15, 13, 5)}, '7': {'team': 'BUF', 'date': datetime.datetime(2023, 10, 22, 10, 0)}, '8': {'team': 'MIA', 'date': datetime.datetime(2023, 10, 29, 10, 0)}, '9': {'team': 'WSH', 'date': datetime.datetime(2023, 11, 5, 10, 0)}, '10': {'team': 'IND', 'date': datetime.datetime(2023, 11, 12, 6, 30)}, '12': {'team': 'NYG', 'date': datetime.datetime(2023, 11, 26, 10, 0)}, '13': {'team': 'LAC', 'date': datetime.datetime(2023, 12, 3, 10, 0)}, '14': {'team': 'PIT', 'date': datetime.datetime(2023, 12, 7, 17, 15)}, '15': {'team': 'KC', 'date': datetime.datetime(2023, 12, 17, 10, 0)}, '16': {'team': 'DEN', 'date': datetime.datetime(2023, 12, 24, 17, 15)}, '17': {'team': 'BUF', 'date': datetime.datetime(2023, 12, 31, 10, 0)}, '18': {'team': 'NYJ', 'date': datetime.datetime(2024, 1, 7, 10, 0)}}","['RB', 'RB/WR', 'RB/WR/TE', 'OP', 'BE', 'IR']",BE,,,,,1.0,1.0,,,,,,,,,,,,,,,,,,,,,,,,,,,,,,,,,,,,,,,,,,,,,,,,,,,,,,,,,,,,,,,,,,,2.0,,,,,,,,,,,,,,,,,,,,,,,,,,,,,,,,,,,,,,,,,,,,,,,,,,,,,,,,,,,,,,,,,,,,,,,,,,,,,,,,,,,,,,,,,,,,,,,,,,,,,,,,,,,,,,,,,,,,,,,,,,,,,,,,,,,,,,,,,,,,,,,,,,,,,,,,,,,,,,,,,,,,,,,,2023,,,,33.0,12.0,,,,,,,,,,,,,,,,,,,,,,,,,,,,,32.82773238,9.117154532,,
73.0,4.29,0.0,0.0,,,,,,,,,,,,,,,,,,,,,,,,,,,,,,,,,,722.0,1089.0,11.0,6.0,,,,17.0,,,,,,,,,,,,,,,,,,,,,,,,,,,,,,,,,,,,,,,,,,,17.0,Eagles D/ST,PHI,ADD,28,-16021,15,Mendes Army,D/ST,"{'1': {'team': 'NE', 'date': datetime.datetime(2023, 9, 10, 13, 25)}, '2': {'team': 'MIN', 'date': datetime.datetime(2023, 9, 14, 17, 15)}, '3': {'team': 'TB', 'date': datetime.datetime(2023, 9, 25, 16, 15)}, '4': {'team': 'WSH', 'date': datetime.datetime(2023, 10, 1, 10, 0)}, '5': {'team': 'LAR', 'date': datetime.datetime(2023, 10, 8, 13, 5)}, '6': {'team': 'NYJ', 'date': datetime.datetime(2023, 10, 15, 13, 25)}, '7': {'team': 'MIA', 'date': datetime.datetime(2023, 10, 22, 17, 20)}, '8': {'team': 'WSH', 'date': datetime.datetime(2023, 10, 29, 10, 0)}, '9': {'team': 'DAL', 'date': datetime.datetime(2023, 11, 5, 13, 25)}, '11': {'team': 'KC', 'date': datetime.datetime(2023, 11, 20, 17, 15)}, '12': {'team': 'BUF', 'date': datetime.datetime(2023, 11, 26, 13, 25)}, '13': {'team': 'SF', 'date': datetime.datetime(2023, 12, 3, 13, 25)}, '14': {'team': 'DAL', 'date': datetime.datetime(2023, 12, 10, 17, 20)}, '15': {'team': 'SEA', 'date': datetime.datetime(2023, 12, 18, 17, 15)}, '16': {'team': 'NYG', 'date': datetime.datetime(2023, 12, 25, 13, 30)}, '17': {'team': 'ARI', 'date': datetime.datetime(2023, 12, 31, 10, 0)}, '18': {'team': 'NYG', 'date': datetime.datetime(2024, 1, 7, 13, 25)}}","['D/ST', 'BE', 'IR']",D/ST,,,,,,,254.0,22.0,6.0,,,,,,,,,,,,,,,,,,,,,,,,,,,,,,,,,,,,,,,,,,,,,,,,,,,,,,,,,,,,,,,,,367.0,,,16.0,,,,,,,,,,,,,,,,,,,,,,,,,,,,,,,,,,,8.0,0.0,0.0,2.0,2.0,3.0,9.0,1.0,1.0,43.0,86.0,,,2.0,3.0,360.0,213.0,63.0,74.0,417.0,35.0,12.0,416.0,4.0,2.0,5.0,2.0,6054.0,0.0,1.0,5.0,1.0,4.0,3.0,2.0,1.0,0.0,0.0,0.0,2.0,2.0,4.0,2.0,5.0,2.0,,,,,,,,,,,,,,,,,,,,,,,,,,,,,,,,,,,,,,,,,,,,,,,1.0,,,,,,,,,,,,,,,,,,,,,,,,,,,,,,,,,,,,,,2023,,,,,,,,,,,,,,,,,,,,,,,,,,,,,,,,,,,,,
154.0,9.06,142.38,8.38,,,,,,,,,,,,,,,,,,,,,,,,,,,,,,,,,,,,11.0,6.0,135.0,,,17.0,,,,,,,,,,,,,,,,,,,,,,,,,,,,,,,,,,,,,,,,,,,17.0,Jake Elliott,PHI,ADD,4,3050478,15,Mendes Army,K,"{'1': {'team': 'NE', 'date': datetime.datetime(2023, 9, 10, 13, 25)}, '2': {'team': 'MIN', 'date': datetime.datetime(2023, 9, 14, 17, 15)}, '3': {'team': 'TB', 'date': datetime.datetime(2023, 9, 25, 16, 15)}, '4': {'team': 'WSH', 'date': datetime.datetime(2023, 10, 1, 10, 0)}, '5': {'team': 'LAR', 'date': datetime.datetime(2023, 10, 8, 13, 5)}, '6': {'team': 'NYJ', 'date': datetime.datetime(2023, 10, 15, 13, 25)}, '7': {'team': 'MIA', 'date': datetime.datetime(2023, 10, 22, 17, 20)}, '8': {'team': 'WSH', 'date': datetime.datetime(2023, 10, 29, 10, 0)}, '9': {'team': 'DAL', 'date': datetime.datetime(2023, 11, 5, 13, 25)}, '11': {'team': 'KC', 'date': datetime.datetime(2023, 11, 20, 17, 15)}, '12': {'team': 'BUF', 'date': datetime.datetime(2023, 11, 26, 13, 25)}, '13': {'team': 'SF', 'date': datetime.datetime(2023, 12, 3, 13, 25)}, '14': {'team': 'DAL', 'date': datetime.datetime(2023, 12, 10, 17, 20)}, '15': {'team': 'SEA', 'date': datetime.datetime(2023, 12, 18, 17, 15)}, '16': {'team': 'NYG', 'date': datetime.datetime(2023, 12, 25, 13, 30)}, '17': {'team': 'ARI', 'date': datetime.datetime(2023, 12, 31, 10, 0)}, '18': {'team': 'NYG', 'date': datetime.datetime(2024, 1, 7, 13, 25)}}","['K', 'BE', 'IR']",K,,,,,,,,,,,,,,,,,,,,,,,,,,,,,,,,,,,,,,,,,,,,,,,,,,,,,,,,,,,,,,,,,,,,,,,,,,,,,,7.0,8.0,7.0,7.0,,16.0,17.0,1.0,30.0,32.0,2.0,45.0,46.0,1.0,6.0,7.0,4.07068,6.000897677,1.930217677,7.77893663,9.575900548,1.796963918,15.776511,16.34287027,0.566359268,27.62612763,31.91966849,4.293540863,47.87061073,50.26602944,2.395418711,4.07068,6.000897677,1.930217677,,,,,,,,,,,,,,,,,,,,,,,,,,,,,,,,,,,,,,,,,,,,,,,,,,,,,,,,,,,,,,,,,,,,,,,,,,,,,,,,,,,,,,,1.0,1.0,1.0,,,,,,,,,,,,,,1.0,,,,,,,,,,,,,,,,,,,,,,,,,,,2023,,,,,,1173.0,92.0,1265.0,230.0,110.0,52.0,41.0,16.0,4.0,18.0,8.0,3.0,3.0,1.0,248.0,119.0,56.0,44.0,17.0,5.0,,,1043.164198,202.0859089,1245.250107,219.81672,104.2317546,324.0484745,,,,
133.0,10.23,0.0,0.0,233.0,61.92307692,6.0,156.0,74.0,33.0,26.0,10.0,2.0,42.0,17.0,1.0,1.0,2.0,,3.45493562,37.0,22.76923077,,56.0,25.0,9.0,6.0,2.0,3.0,54.0,293.0,8.0,2.0,3.0,1.0,1.0,1.0,2.0,2.0,5.0,8.0,36.0,5.0,,13.0,,,,,,,,,,,,,,,,,,,,,,,,,,,,,,,,,,,,,,,,,,,14.17647059,Josh Jacobs,GB,FA,25,4047365,,FA,,{},"['RB', 'RB/WR', 'RB/WR/TE', 'OP', 'BE', 'IR']",,,,,,1.0,,,,,,,,,,,,,,,,,,,,,,,,,,,,,,,,,,,,,1.0,,,,,,,,,,,,,,,,,,,,,,,,,,,,,,,,,,,,,,,,,,,,,,,,,,,,,,,,,,,,,,,,,,,,,,,,,,,,,,,,,,,,,,,,,,,,,,,,,,,,,,,,,,,,,,,,,,,,,,,,,,,,,,,,,,,,,,,,,,,,,,,,,,,,,,,,,,,,,,,,,,,,,,,,,,,,,,,,,,,,,,,,,,,,,,,,,,,,,,,2023,,,,34.0,15.0,,,,,,,,,,,,,,,,,,,,,,,,,,,,,,,,
86.0,5.73,0.0,0.0,,,,,,,,,,,,,,,,,59.0,42.33333333,5.0,121.0,58.0,26.0,19.0,7.0,5.0,88.0,259.0,10.76271186,,1.0,,1.0,1.0,,,9.0,6.0,30.0,,,15.0,,,,,,,,,,,,,,,,,,,,,,,,,,,,,,,,,,,,,,,,,,,15.11764706,Dalton Schultz,HOU,FA,12,3117256,,FA,,{},"['WR/TE', 'TE', 'RB/WR/TE', 'OP', 'BE', 'IR']",,,,1.0,1.0,1.0,1.0,,,,,,,,,,,,1.0,3.0,1.0,,,,,,,,,,,,,,,,,,,,,,,,,,,,,,,,,,,,,,,,,,,,,,,,,,,,,1.0,,,,,,,,,,,,,,,,,,,,,,,,,,,,,,,,,,,,,,,,,,,,,,,,,,,,,,,,,,,,,,,,,,,,,,,,,,,,,,,,,,,,,,,,,,,,,,,,,,,,,,,,,,,,,,,,,,,,,,,,,,,,,,,,,,,,,,,,,,,,,,,,,,,,,,,,,,,,,,,,,,,,,,,,2023,,,,,35.0,,,,,,,,,,,,,,,,,,,,,,,,,,,,,,,,
57.0,4.75,0.0,0.0,,,,,,,,,,,,,,,,,52.0,46.0,1.0,107.0,51.0,23.0,16.0,4.0,6.0,74.0,211.0,10.61538462,,,,,,1.0,1.0,3.0,9.0,6.0,,,12.0,,,,,,,,,,,,,,,,,,,,,,,,,,,,,,,,,,,,,,,,,,,14.17647059,Darren Waller,NYG,FA,21,2576925,,FA,,{},"['WR/TE', 'TE', 'RB/WR/TE', 'OP', 'BE', 'IR']",,,,,,,,,,,,,,,,,,,,,,,,,,,,,,,,,,,,,,,,,,,,,,,,,,,,,,,,,,,,,,,,,,,,,,,,,,1.0,,,,,,,,,,,,,,,,,,,,,,,,,,,,,,,,,,,,,,,,,,,,,,,,,,,,,,,,,,,,,,,,,,,,,,,,,,,,,,,,,,,,,,,,,,,,,,,,,,,,,,,,,,,,,,,,,,,,,,,,,,,,,,,,,,,,,,,,,,,,,,,,,,,,,,,,,,,,,,,,,,,,,,,,2023,,,,,26.0,,,,,,,,,,,,,,,,,,,,,,,,,,,,,,,,
128.0,7.53,0.0,0.0,,,,,,,,,,,,,,,,,,,,,,,,,,,,,,,,,,731.0,1086.0,10.0,7.0,,,,17.0,,,,,,,,,,,,,,,,,,,,,,,,,,,,,,,,,,,,,,,,,,,17.0,Steelers D/ST,PIT,FA,10,-16023,,FA,,{},"['D/ST', 'BE', 'IR']",,,,,,,,565.0,51.0,16.0,,,,,,,,,,,,,,,,,,,,,,,,,,,,,,,,,,,,,,,,,,,,,,,,,,,,,,,,,,,,,,,,,355.0,,,19.0,,,,,,,,,,,,,,,,,,,,,,,,,,,,,,,,,,,11.0,0.0,0.0,5.0,2.0,2.0,16.0,3.0,1.0,47.0,94.0,,,1.0,2.0,357.0,209.0,74.0,80.0,257.0,21.0,5.0,324.0,4.0,3.0,3.0,0.0,5816.0,0.0,0.0,4.0,3.0,8.0,1.0,1.0,0.0,0.0,0.0,0.0,5.0,2.0,4.0,3.0,3.0,0.0,,,,,,,,,,,,,,,,,,,,,,,,,,,,,,,,,,,,,,,,,,,,,,,1.0,,,,,,,,,,,,,,,,,,,,,,,,,,,,,,,,,,,,,,2023,,,,,,,,,,,,,,,,,,,,,,,,,,,,,,,,,,,,,
143.0,8.94,0.0,0.0,11.0,7.4375,2.0,23.0,10.0,4.0,2.0,,,,,,,,,10.81818182,64.0,49.5625,8.0,151.0,71.0,32.0,24.0,8.0,4.0,94.0,335.0,12.390625,,2.0,,,,1.0,1.0,8.0,8.0,62.0,,2.0,16.0,,,,,,,,,,,,,,,,,,,,,,,,,,,,,,,,,,,,,,,,,,,15.11764706,Jayden Reed,GB,FA,19,4362249,,FA,,{},"['Rookie', 'RB/WR', 'WR', 'WR/TE', 'RB/WR/TE', 'OP', 'BE', 'IR']",,,,1.0,1.0,,,,,,,,,,,,,,,2.0,1.0,,,,,,,,,,,,,,,,,,,,,,,,,,,,,,,,,,,,,,,,,,,,,,,,,,,1.0,,3.0,,1.0,,,,,,,,,,,,,,,,,,,,,,,,,,,,,,,,,,,,,,,,,,,,,,,,,,,,,,,,94.0,7.0,2.0,,,,,,,,,,,,,,,,,,,,,,,,,,,,,,,,,,,,,,,,,,,,,,,,,,,,,,,,,,,,,,,1.0,,,,,,,,,,,,,,,,,,,,,,,,,,,,,,,,,,,,,,,,,,,,,2023,,,,6.0,32.0,,,,,,,,,,,,,,,,,,,,,,,,,,,,,,,,
86.0,5.73,0.0,0.0,178.0,40.86666667,2.0,117.0,56.0,23.0,18.0,6.0,,30.0,10.0,,,,,3.44382022,22.0,14.86666667,,40.0,18.0,6.0,5.0,,1.0,28.0,231.0,10.13636364,,,,,,,,8.0,7.0,12.0,2.0,,15.0,,,,,,,,,,,,,,,,,,,,,,,,,,,,,,,,,,,,,,,,,,,14.17647059,AJ Dillon,GB,FA,39,4239934,,FA,,{},"['RB', 'RB/WR', 'RB/WR/TE', 'OP', 'BE', 'IR']",,,,,,,,,,,,,,,,,,,,,,,,,,,,,,,,,,,,,,,,,,,,,,,,,,,,,,,,,,,,,,,,,,,,,,,,,,,,,,,,,,,,,,,,,,,,,,,,,,,,,,,,,,,,,,,,,,,,,,,,,,,,,,,,,,,,,,,,,,,,,,,,,,,,,,,,,,,,,,,,,,,,,,,,,,,,,,,,,,,,,,,,,,,,,,,,,,,,,,,,,,,,,,,,,,,,,,,,,,,,,,,,,,,,,,,,,,,,,,,,,,2023,,,,32.0,10.0,,,,,,,,,,,,,,,,,,,,,,,,,,,,,,,,
149.0,8.76,130.42,7.67,,,,,,,,,,,,,,,,,,,,,,,,,,,,,,,,,,1.0,1.0,9.0,8.0,134.0,,,17.0,,,,,,,,,,,,,,,,,,,,,,,,,,,,,,,,,,,,,,,,,,,17.0,Matt Gay,IND,FA,7,4249087,,FA,,{},"['K', 'BE', 'IR']",,,,,,,,,,,,,,,,,,,,,,,,,,,,,,,,,,,,,,,,,,,,,,,,,,,,,,,,,,,,,,,,,,,,,,,,,,,,,,,8.0,13.0,7.0,9.0,2.0,18.0,19.0,1.0,33.0,41.0,8.0,35.0,36.0,1.0,8.0,12.0,4.307168092,5.974995311,1.667827219,8.150772549,9.534566986,1.383794438,16.10960438,16.27232766,0.162723277,28.56754502,31.78188995,3.214344933,31.17113263,31.8072782,0.636145564,4.307168092,5.974995311,1.667827219,,,,,,,,,,,,,,,,,,,,,,,,,,,,,,,,,,,,,,,,,,,,,,,,,,,,,,,,,,,,,,,,,,,,,,,,,,,,,,,,,,,,,,,5.0,4.0,1.0,1.0,,,,,,,,,,,,,,,,,,,,,,,,,,,,,,,,,,,,,,,,2023,,,,,,1310.0,406.0,1716.0,257.0,126.0,61.0,47.0,19.0,7.0,78.0,36.0,15.0,13.0,5.0,337.0,165.0,81.0,61.0,25.0,10.0,,,1082.659973,157.2151178,1239.875091,232.587077,90.06266984,322.6497468,,,,
149.0,8.76,141.1,8.3,,,,,,,,,,,,,,,,,,,,,,,,,,,,,,,,,,1.0,1.0,5.0,12.0,128.0,,,17.0,,,,,,,,,,,,,,,,,,,,,,,,,,,,,,,,,,,,,,,,,,,17.0,Cameron Dicker,LAC,FA,7,4362081,,FA,,{},"['K', 'BE', 'IR']",,,,,,,,,,,,,,,,,,,,,,,,,,,,,,,,,,,,,,,,,,,,,,,,,,,,,,,,,,,,,,,,,,,,,,,,,,,,,,,7.0,9.0,9.0,9.0,,15.0,15.0,,31.0,33.0,2.0,35.0,35.0,,7.0,9.0,4.137496435,6.103065605,1.96556917,7.907405148,9.738934475,1.831529327,16.03833536,16.62111484,0.582779482,28.08323694,32.46311492,4.379877979,45.05173271,47.3263606,2.274627884,4.137496435,6.103065605,1.96556917,,,,,,,,,,,,,,,,,,,,,,,,,,,,,,,,,,,,,,,,,,,,,,,,,,,,,,,,,,,,,,,,,,,,,,,,,,,,,,,,,,,,,,,2.0,2.0,,,,,,,,,,,,,,,,,,,,,,,,,,,,,,,,,,,,,,,,,,2023,,,,,,1221.0,103.0,1324.0,239.0,116.0,53.0,43.0,17.0,5.0,20.0,10.0,4.0,4.0,2.0,259.0,126.0,58.0,47.0,19.0,5.0,,,1060.4081,206.0429393,1266.451039,223.4248075,106.1407352,329.5655427,,,,
87.0,8.7,0.0,0.0,1.0,,,,,,,,,,,,,,,,45.0,54.4,6.0,106.0,51.0,25.0,16.0,5.0,4.0,61.0,216.0,12.08888889,,1.0,,,,,,7.0,3.0,36.0,,,10.0,,,,,,,,,,,,,,,,,,,,,,,,,,,,,,,,,,,,,,,,,,,15.11764706,Mark Andrews,BAL,FA,11,3116365,,FA,,{},"['WR/TE', 'TE', 'RB/WR/TE', 'OP', 'BE', 'IR']",,,,,,1.0,,,,,,,,,,,,,,4.0,,,,,,,,,,,,,,,,,,,,,,,,,,,,,,,,,,,,,,,,,,,,,,,,,,,,,,2.0,,,,,,,,,,,,,,,,,,,,,,,,,,,,,,,,,,,,,,,,,,,,,,,,,,,,,,,,,,,,,,,,,,,,,,,,,,,,,,,,,,,,,,,,,,,,,,,,,,,,,,,,,,,,,,,,,,,,,,,,,,,,,,,,,,,,,,,,,,,,,,,,,,,,,,,,,,,,,,,,,,,,,,,,2023,,,,,27.0,,,,,,,,,,,,,,,,,,,,,,,,,,,,,,,,
78.0,4.59,0.0,0.0,,,,,,,,,,,,,,,,,,,,,,,,,,,,,,,,,,706.0,1149.0,7.0,10.0,,,,17.0,,,,,,,,,,,,,,,,,,,,,,,,,,,,,,,,,,,,,,,,,,,17.0,Falcons D/ST,ATL,FA,27,-16001,,FA,,{},"['D/ST', 'BE', 'IR']",,,,,,,,236.0,19.0,6.0,,,,,,,,,,,,,,,,,,,,,,,,,,,,,,,,,,,,,,,,,,,,,,,,,,,,,,,,,,,,,,,,,443.0,,,19.0,,,,,,,,,,,,,,,,,,,,,,,,,,,,,,,,,,,8.0,0.0,1.0,4.0,2.0,1.0,8.0,,1.0,42.0,84.0,,,1.0,1.0,379.0,223.0,97.0,66.0,239.0,17.0,4.0,363.0,2.0,4.0,2.0,1.0,5458.0,0.0,1.0,6.0,3.0,4.0,3.0,0.0,0.0,0.0,0.0,1.0,4.0,2.0,2.0,4.0,2.0,1.0,,,,,,,,,,,,,,,,,,,,,,,,,,,,,,,,,,,,,,,,,,,,,,,,,1.0,1.0,,,,,,,,,,,,,,,,,,,,,,,,,,,,,,,,,,,2023,,,,,,,,,,,,,,,,,,,,,,,,,,,,,,,,,,,,,
71.0,4.18,110.95,7.4,,,,,,,,,,,,,,,,,49.0,30.47058824,4.0,98.0,47.0,21.0,13.0,4.0,4.0,83.0,115.0,10.57142857,,,,,,,,4.0,13.0,24.0,,1.0,17.0,,,,,,,,,,,,,,,,,56.86096981,4.245554221,0.210619648,0.194071949,0.126826019,171.0,85.0,42.0,34.0,17.0,62.52690969,12.0,6.0,1.689930703,0.052265898,106.575312,13.74774601,0.210619648,0.005502368,,1.250538194,1.250538194,,0.700301389,0.700301389,0.700301389,15.11764706,Jahan Dotson,WSH,FA,55,4361409,,FA,,{},"['RB/WR', 'WR', 'WR/TE', 'RB/WR/TE', 'OP', 'BE', 'IR']",,,,1.0,1.0,,,,,,,0.23736,,211.56,,,21.0,8.0,,1.0,1.0,,,,,,,,,,,,,,,,,,,,,,,,,,,,,,,,,,,,,,,,,,,,,,,,,,,,,1.0,,,,,,,,,,,,,,,,,,,,,,,,,,,,,,,,,,,,,,,,,,,,,,,,,,,,,,,,,,,,,,,,,,,,,,,,,,,,,,,,,,,,,,,,,,,,,,,,,,,,,,,,,,,,,,,,,,,,,,,,,,,,,,,,,,,,,,,,,,,,,,,,,,,,,,,,,,,,,,,,,,,,,,,,2023,,,,,27.0,,,,,,,,,,,,,,,,,,,,,,,,,,,,,,38.54281664,,
93.0,5.47,0.0,0.0,,,,,,,,,,,,,,,,,,,,,,,,,,,,,,,,,,742.0,1163.0,4.0,13.0,,,,17.0,,,,,,,,,,,,,,,,,,,,,,,,,,,,,,,,,,,,,,,,,,,17.0,Patriots D/ST,NE,FA,21,-16017,,FA,,{},"['D/ST', 'BE', 'IR']",,,,,,,,471.0,44.0,11.0,,,,,,,,,,,,,,,,,,,,,,,,,,,,,,,,,,,,,,,,,,,,,,,,,,,,,,,,,,,,,,,,,421.0,,,15.0,,,,,,,,,,,,,,,,,,,,,,,,,,,,,,,,,,,7.0,0.0,1.0,3.0,1.0,1.0,10.0,1.0,1.0,36.0,72.0,1.0,,,2.0,380.0,227.0,68.0,66.0,208.0,17.0,4.0,334.0,5.0,5.0,2.0,0.0,5127.0,0.0,1.0,8.0,4.0,3.0,1.0,0.0,0.0,0.0,0.0,1.0,3.0,1.0,5.0,5.0,2.0,0.0,,,,,,,,,,,,,,,,,,,,,,,,,,,,,,,,,,,,,,,,,,,,,,,1.0,,,,,,,,,,,,,,,,,,,,,,,,,,,,,,,,,,,,,,2023,,,,,,,,,,,,,,,,,,,,,,,,,,,,,,,,,,,,,
142.0,8.35,133.72,7.87,,,,,,,,,,,,,,,,,,,,,,,,,,,,,,,,,,1.0,1.0,11.0,6.0,130.0,,,17.0,,,,,,,,,,,,,,,,,,,,,,,,,,,,,,,,,,,,,,,,,,,17.0,Jason Sanders,MIA,FA,11,3124679,,FA,,{},"['K', 'BE', 'IR']",,,,,,,,,,,,,,,,,,,,,,,,,,,,,,,,,,,,,,,,,,,,,,,,,,,,,,,,,,,,,,,,,,,,,,,,,,,,,,,5.0,7.0,6.0,8.0,2.0,13.0,13.0,,24.0,28.0,4.0,58.0,59.0,1.0,5.0,7.0,4.106263322,6.200914073,2.094650751,7.87848799,9.895075648,2.016587658,16.02975499,16.88759577,0.857840783,28.0145063,32.98358549,4.969079192,38.55930632,41.18691158,2.627605252,4.106263322,6.200914073,2.094650751,,,,,,,,,,,,,,,,,,,,,,,,,,,,,,,,,,,,,,,,,,,,,,,,,,,,,,,,,,,,,,,,,,,,,,,,,,,,,,,,,,,,,,,2.0,2.0,,,,,,,,,,,,,,,,,,,,,,,,,,,,,,,,,,,,,,,,,,2023,,,,,,917.0,105.0,1022.0,179.0,87.0,41.0,30.0,11.0,3.0,21.0,10.0,4.0,4.0,2.0,200.0,97.0,46.0,35.0,13.0,4.0,,,1057.162829,229.5928087,1286.755637,221.7382194,113.1111406,334.8493599,,,,
87.0,5.44,0.0,0.0,7.0,2.4375,1.0,6.0,2.0,,,,,,,,,,,5.57142857,62.0,38.3125,4.0,118.0,55.0,24.0,18.0,7.0,5.0,91.0,260.0,9.88709677,,,,,,3.0,3.0,3.0,13.0,30.0,1.0,,16.0,,,,,,,,,,,,,,,,,,,,,,,,,,,,,,,,,,,,,,,,,,,15.11764706,Curtis Samuel,BUF,FA,46,3121427,,FA,,{},"['RB/WR', 'WR', 'WR/TE', 'RB/WR/TE', 'OP', 'BE', 'IR']",,,,1.0,1.0,,,,,,,,,,,,,,,3.0,,,,,,,,,,,,,,,,,,,,,,,,,,,,,,,,,,,,,,,,,,,,,,,,,,,,,,1.0,,,,,,,,,,,,,,,,,,,,,,,,,,,,,,,,,,,,,,,,,,,,,,,,,,,,,,,,,,,,,,,,,,,,,,,,,,,,,,,,,,,,,,,,,,,,,,,,,,,,,,,,,,,,,,,,,,,,,,,,,,,,,,,,,,,,,,,,,,,,,,,,,,,,,,,,,,,,,,,,,,,,,,,,2023,,,,4.0,26.0,,,,,,,,,,,,,,,,,,,,,,,,,,,,,,,,
134.0,7.88,0.0,0.0,,,,,,,,,,,,,,,,,,,,,,,,,,,,,,,,,,749.0,1174.0,8.0,9.0,,,,17.0,,,,,,,,,,,,,,,,,,,,,,,,,,,,,,,,,,,,,,,,,,,17.0,Raiders D/ST,LV,FA,6,-16013,,FA,,{},"['D/ST', 'BE', 'IR']",,,,,,,,262.0,22.0,8.0,,,,,,,,,,,,,,,,,,,,,,,,,,,,,,,,,,,,,,,,,,,,,,,,,,,,,,,,,,,,,,,,,425.0,,,14.0,,,,,,,,,,,,,,,,,,,,,,,,,,,,,,,,,,,9.0,0.0,2.0,2.0,4.0,5.0,13.0,1.0,1.0,46.0,92.0,,,3.0,5.0,386.0,228.0,68.0,56.0,249.0,19.0,4.0,325.0,2.0,5.0,1.0,1.0,5625.0,0.0,0.0,6.0,6.0,2.0,1.0,2.0,0.0,0.0,0.0,2.0,2.0,4.0,2.0,5.0,1.0,1.0,,,,,,,,,,,,,,,,,,,,,,,,,,,,,,,,,,,,,,,,,,,,,,,2.0,,,,,,,,,,,,,,,,,,,,,,,,,,,,,,,,,,,,,,2023,,,,,,,,,,,,,,,,,,,,,,,,,,,,,,,,,,,,,
85.0,5.0,0.0,0.0,100.0,26.64705882,2.0,85.0,37.0,15.0,12.0,1.0,,12.0,1.0,,,,,4.53,52.0,22.64705882,1.0,69.0,30.0,13.0,9.0,1.0,2.0,70.0,460.0,7.40384615,,1.0,,,,2.0,2.0,6.0,11.0,18.0,1.0,,17.0,,,,,,,,,,,,,,,,,,,,,,,,,,,,,,,,,,,,,,,,,,,14.17647059,Tyjae Spears,TEN,FA,40,4428557,,FA,,{},"['Rookie', 'RB', 'RB/WR', 'RB/WR/TE', 'OP', 'BE', 'IR']",,,,,,1.0,,270.0,25.0,7.0,,,,,,,,,,,1.0,,,,,,,,,,,,,,,,,,,,,,,,,,,,,,,,,,,,,,,,,,,,,,,,,,,,,,,1.0,,,,,,,,,,,,,,,,,,,,,,,,,,,,,,,,,,,,,,,,,,,,,,,,,,,,,,,,,,,,,,,,,,,,,,,,,,,,,,,,,,,,,,,,,,,,,,,,,,,,,,,,,,,,,,,,,,,,,,,,,,,,,,,,,,,,,,,,,,,,,,,,,,,,,,,,,,,,,,,,,,,,,,2023,,,,24.0,17.0,,,,,,,,,,,,,,,,,,,,,,,,,,,,,,,,
109.0,6.41,0.0,0.0,,,,,,,,,,,,,,,,,59.0,39.64705882,8.0,129.0,61.0,24.0,21.0,5.0,3.0,96.0,134.0,11.42372881,,1.0,,,,2.0,2.0,9.0,8.0,48.0,,,17.0,,,,,,,,,,,,,,,,,,,,,,,,,,,,,,,,,,,,,,,,,,,15.11764706,Romeo Doubs,GB,FA,38,4361432,,FA,,{},"['RB/WR', 'WR', 'WR/TE', 'RB/WR/TE', 'OP', 'BE', 'IR']",,,,,,1.0,,,,,,,,,,,,,,6.0,1.0,,,,,,,,,,,,,,,,,,,,,,,,,,,,,,,,,,,,,,,,,,,,,,,,,,,,,1.0,,,,,,,,,,,,,,,,,,,,,,,,,,,,,,,,,,,,,,,,,,,,,,,,,,,,,,,,,,,,,,,,,,,,,,,,,,,,,,,,,,,,,,,,,,,,,,,,,,,,,,,,,,,,,,,,,,,,,,,,,,,,,,,,,,,,,,,,,,,,,,,,,,,,,,,,,,,,,,,,,,,,,,,,2023,,,,,41.0,,,,,,,,,,,,,,,,,,,,,,,,,,,,,,,,
97.0,5.71,0.0,0.0,,,,,,,,,,,,,,,,,,,,,,,,,,,,,,,,,,740.0,1158.0,9.0,8.0,,,,17.0,,,,,,,,,,,,,,,,,,,,,,,,,,,,,,,,,,,,,,,,,,,17.0,Packers D/ST,GB,FA,20,-16009,,FA,,{},"['D/ST', 'BE', 'IR']",,,,,,,,783.0,73.0,25.0,,,,,,,,,,,,,,,,,,,,,,,,,,,,,,,,,,,,,,,,,,,,,,,,,,,,,,,,,,,,,,,,,418.0,,,10.0,,,,,,,,,,,,,,,,,,,,,,,,,,,,,,,,,,,11.0,0.0,1.0,2.0,2.0,2.0,7.0,2.0,,45.0,90.0,,,1.0,2.0,380.0,224.0,82.0,68.0,189.0,13.0,4.0,350.0,4.0,5.0,3.0,0.0,5696.0,0.0,2.0,3.0,5.0,3.0,2.0,2.0,0.0,0.0,0.0,1.0,2.0,2.0,4.0,5.0,3.0,0.0,,,,,,,,,,,,,,,,,,,,,,,,,,,,,,,,,,,,,,,,,,,,,,,1.0,,,,,,,,,,,,,,,,,,,,,,,,,,,,,,,,,,,,,,2023,,,,,,,,,,,,,,,,,,,,,,,,,,,,,,,,,,,,,
82.0,4.82,0.0,0.0,,,,,,,,,,,,,,,,,68.0,45.35294118,2.0,147.0,70.0,29.0,22.0,6.0,7.0,98.0,371.0,11.33823529,,,,,,2.0,2.0,9.0,8.0,12.0,,,17.0,,,,,,,,,,,,,,,,,,,,,,,,,,,,,,,,,,,,,,,,,,,15.11764706,Josh Downs,IND,FA,49,4688813,,FA,,{},"['Rookie', 'RB/WR', 'WR', 'WR/TE', 'RB/WR/TE', 'OP', 'BE', 'IR']",,1.0,1.0,1.0,1.0,,,24.0,2.0,,,,,,,,,,,1.0,,,,,,,,,,,,,,,,,,,,,,,,,,,,,,,,,,,,,,,,,,,,,,,,,,,,,,,,,,,,,,,,,,,,,,,,,,,,,,,,,,,,,,,,,,,,,,,,,,,,,,,,,,,,,,,,63.0,5.0,2.0,,,,,,,,,,,,,,,,,,,,,,,,,,,,,,,,,,,,,,,,,,,,,,,,,,,,,,,,,,,,,,,,,,,,,,,,,,,,,,,,,,,,,,,,,,,,,,,,,,,,,,,,,,,,2023,,,,,30.0,,,,,,,,,,,,,,,,,,,,,,,,,,,,,,,,
65.0,6.5,0.0,0.0,1.0,-0.1,,,,,,,,,,,,,,-1.0,33.0,56.7,2.0,110.0,53.0,24.0,19.0,8.0,3.0,55.0,223.0,17.18181818,,,,,,1.0,1.0,6.0,4.0,12.0,,,10.0,,,,,,,,,,,,,,,,,,,,,,,,,,,,,,,,,,,,,,,,,,,15.11764706,Noah Brown,HOU,FA,63,3121409,,FA,,{},"['RB/WR', 'WR', 'WR/TE', 'RB/WR/TE', 'OP', 'BE', 'IR']",,1.0,1.0,2.0,2.0,,,,,,,,,,,,,,,1.0,,,,,,,,,,,,,,,,,,,,,,,,,,,,,,,,,,,,,,,,,,,,,,,,,,,,,,,,,,,,,,,,,,,,,,,,,,,,,,,,,,,,,,,,,,,,,,,,,,,,,,,,,,,,,,,,,,,,,,,,,,,,,,,,,,,,,,,,,,,,,,,,,,,,,,,,,,,,,,,,,,,,,,,,,,,,,,,,,,,,,,,,,,,,,,,,,,,,,,,,,,,,,,,,,,,,,,,,,,,,,,2023,,,,,24.0,,,,,,,,,,,,,,,,,,,,,,,,,,,,,,,,
47.0,4.7,92.69,7.13,,,,,,,,,,,,,,,,,39.0,44.8,1.0,87.0,41.0,19.0,14.0,6.0,4.0,64.0,100.0,11.48717949,,,,,,1.0,1.0,5.0,5.0,6.0,,,10.0,,,,,,,,,,,,,,,,,52.6155787,4.085452851,0.221347141,0.139481725,0.091151307,139.0,69.0,34.0,27.0,13.0,70.35000641,14.0,7.0,0.961110968,0.029725081,93.29037026,9.898828655,0.221347141,0.005110009,,1.161365678,1.161365678,,0.650364779,0.650364779,0.650364779,13.23529412,Michael Thomas,NO,FA,81,2976316,,FA,,{},"['RB/WR', 'WR', 'WR/TE', 'RB/WR/TE', 'OP', 'BE', 'IR']",,,,,,,,,,,,,,,,,,,,,,,,,,,,,,,,,,,,,,,,,,,,,,,,,,,,,,,,,,,,,,,,,,,,,,,,,,1.0,,,,,,,,,,,,,,,,,,,,,,,,,,,,,,,,,,,,,,,,,,,,,,,,,,,,,,,,,,,,,,,,,,,,,,,,,,,,,,,,,,,,,,,,,,,,,,,,,,,,,,,,,,,,,,,,,,,,,,,,,,,,,,,,,,,,,,,,,,,,,,,,,,,,,,,,,,,,,,,,,,,,,,,,2023,,,,,21.0,,,,,,,,,,,,,,,,,,,,,,,,,,,,,,35.75948397,,
112.0,10.18,0.0,0.0,11.0,4.63636364,,9.0,4.0,,,,,,,,,,,4.63636364,47.0,64.45454545,7.0,138.0,66.0,29.0,23.0,10.0,6.0,75.0,152.0,15.08510638,,1.0,,,,1.0,1.0,6.0,5.0,42.0,,,11.0,,,,,,,,,,,,,,,,,,,,,,,,,,,,,,,,,,,,,,,,,,,15.11764706,Tank Dell,HOU,FA,36,4366031,,FA,,{},"['Rookie', 'RB/WR', 'WR', 'WR/TE', 'RB/WR/TE', 'OP', 'BE', 'IR']",,2.0,1.0,3.0,3.0,,,44.0,4.0,1.0,,,,,,,,,,2.0,2.0,,,,,,,,,,,,,,,,,,,,,,1.0,,,,,,,,,,,,,,,,,,,,,,,,,,,,,,,1.0,,,,,,,,,,,,,,,,,,,,,,,,,,,,,,,,,,,,,,,,,,,,,,,,,,,,,,,,,,100.0,6.0,1.0,,,,,,,,,,,,,,,,,,,,,,,,,,,,,,,,,,,,,,,,,,,,,,,,,,,,,,,,,,,,,,,,,,,,,,,,,,,,,,,,,,,,,,,,,,,,,,,,,,,,,,,,,,,,2023,,,,3.0,34.0,,,,,,,,,,,,,,,,,,,,,,,,,,,,,,,,
66.0,4.12,56.76,4.05,1.0,0.125,,,,,,,,,,,,,,2.0,55.0,31.0,4.0,94.0,44.0,19.0,13.0,3.0,5.0,78.0,229.0,9.01818182,,2.0,,2.0,2.0,1.0,2.0,4.0,12.0,26.0,,,16.0,,,,,,,,,,,,,,,,,27.88569126,2.981651071,0.147438516,0.070332981,0.045962603,79.0,39.0,19.0,15.0,7.0,39.60314854,7.0,3.0,0.217925089,0.006739951,62.24869698,9.982051847,0.147438516,0.001722907,,0.391569676,0.391569676,,0.219279018,0.219279018,0.219279018,14.17647059,Logan Thomas,WSH,FA,19,16813,,FA,,{},"['WR/TE', 'TE', 'RB/WR/TE', 'OP', 'BE', 'IR']",,,,,,2.0,2.0,,,,,,,,,,,,,3.0,,,,,,,,,,,,,,,,,,,,,,,,,,,,,,,,,,,,,,,,,,,,,,,,,,,,1.0,,1.0,1.0,,,,,,,,,,,,,,,,,,,,,,,,,,,,,,,,,,,,,,,,,,,,,,,,,,,,,,,,,,,,,,,,,,,,,,,,,,,,,,,,,,,,,,,,,,,,,,,,,,,,,,,,,,,,,,,,,,,,,,,,,,,,,,,,,,,,,,,,,,,,,,,,,,,,,,,,,,,,,,,,,,,,,,,2023,,,,1.0,21.0,,,,,,,,,,,,,,,,,,,,,,,,,,,,,,19.99779085,,
50.0,2.94,0.0,0.0,2.0,0.35294118,,,,,,,,,,,,,,3.0,54.0,31.05882353,1.0,99.0,44.0,19.0,14.0,2.0,3.0,77.0,260.0,9.77777778,,,,,,,1.0,6.0,11.0,6.0,,,17.0,,,,,,,,,,,,,,,,,,,,,,,,,,,,,,,,,,,,,,,,,,,15.11764706,Chigoziem Okonkwo,TEN,FA,26,4360635,,FA,,{},"['WR/TE', 'TE', 'RB/WR/TE', 'OP', 'BE', 'IR']",,,,,,,,,,,,,,,,,,,,,,,,,,,,,,,,,,,,,,,,,,,,,,,,,,,,,,,,,,,,,,,,,,,,,,,,,,1.0,1.0,,,,,,,,,,,,,,,,,,,,,,,,,,,,,,,,,,,,,,,,,,,,,,,,,,,,,,,,,,,,,,,,,,,,,,,,,,,,,,,,,,,,,,,,,,,,,,,,,,,,,,,,,,,,,,,,,,,,,,,,,,,,,,,,,,,,,,,,,,,,,,,,,,,,,,,,,,,,,,,,,,,,,,,2023,,,,1.0,25.0,,,,,,,,,,,,,,,,,,,,,,,,,,,,,,,,
101.0,6.73,0.0,0.0,7.0,2.46666667,,5.0,2.0,,,,,,,,,,,5.28571429,46.0,47.93333333,5.0,137.0,65.0,30.0,22.0,8.0,3.0,75.0,151.0,15.63043478,,1.0,,1.0,1.0,,,8.0,7.0,36.0,,2.0,15.0,,,,,,,,,,,,,,,,,,,,,,,,,,,,,,,,,,,,,,,,,,,15.11764706,Rashid Shaheed,NO,FA,40,4032473,,FA,,{},"['RB/WR', 'WR', 'WR/TE', 'RB/WR/TE', 'OP', 'BE', 'IR']",,2.0,1.0,1.0,1.0,,,384.0,34.0,10.0,,,,,,,,,,,,,,,,,,,,,,,,,,,,,,,,,,,,,,,,,,,,,,,,,,,,,,,,,,,,,,,,1.0,,,,,,,,,,,,,,,,,,,,,,,,,,,,,,,,,,,,,,,,,,,,,,,,,,,1.0,,1.0,,,,,339.0,28.0,7.0,,,,,,,,,,,,,,,,,,,,,,,,,,,,,,,,,,,,,,,,,,,,,,,,,,,,,,,,,,,,,,,,,,,,,,,,,,,,,,,,,,,,,,,,,,,,,,,,,,,,,,,,,,,,2023,,,,1.0,27.0,,,,,,,,,,,,,,,,,,,,,,,,,,,,,,,,
58.0,3.41,0.0,0.0,53.0,14.0,1.0,42.0,17.0,6.0,4.0,1.0,,5.0,,,,,,4.49056604,50.0,26.76470588,,87.0,39.0,14.0,9.0,2.0,2.0,56.0,462.0,9.1,1.0,3.0,1.0,2.0,2.0,,1.0,8.0,9.0,6.0,1.0,,17.0,,,,,,,,,,,,,,,,,,,,,,,,,,,,,,,,,,,,,,,,,,,14.17647059,Samaje Perine,DEN,FA,50,3116389,,FA,,{},"['RB', 'RB/WR', 'RB/WR/TE', 'OP', 'BE', 'IR']",,,,,,2.0,1.0,,,,,,,,,,,,,,,,,,,,,,,,,,,,,,,,,,,,,,,,,,,,,,,,,,,,,,,,,,,,,,,,,,,,1.0,,,,,,,,,,,,,,,,,,,,,,,,,,,,,,,,,,,,,,,,,,,,,,,,,,,,,,,,,,,,,,,,,,,,,,,,,,,,,,,,,,,,,,,,,,,,,,,,,,,,,,,,,,,,,,,,,,,,,,,,,,,,,,,,,,,,,,,,,,,,,,,,,,,,,,,,,,,,,,,,,,,,,,,2023,,,,14.0,23.0,,,,,,,,,,,,,,,,,,,,,,,,,,,,,,,,
48.0,2.82,0.0,0.0,3.0,0.52941176,,1.0,,,,,,,,,,,,3.0,38.0,25.35294118,2.0,79.0,36.0,14.0,10.0,3.0,2.0,67.0,152.0,11.34210526,,,,,,1.0,1.0,5.0,12.0,12.0,,,17.0,,,,,,,,,,,,,,,,,,,,,,,,,,,,,,,,,,,,,,,,,,,15.11764706,Quentin Johnston,LAC,FA,80,4429025,,FA,,{},"['Rookie', 'RB/WR', 'WR', 'WR/TE', 'RB/WR/TE', 'OP', 'BE', 'IR']",,,,,,,,,,,,,,,,,,,,2.0,,,,,,,,,,,,,,,,,,,,,,,,,,,,,,,,,,,,,,,,,,,,,,,,,,,,,,,,,,,,,,,,,,,,,,,,,,,,,,,,,,,,,,,,,,,,,,,,,,,,,,,,,,,,,,,,,,,,,,,,,,,,,,,,,,,,,,,,,,,,,,,,,,,,,,,,,,,,,,,,,,,,,,,,,,,,,,,,,,,,,,,,,,,,,,,,,,,,,,,,,,,,,,,,,,,,,,,,,,,,,,2023,,,,,20.0,,,,,,,,,,,,,,,,,,,,,,,,,,,,,,,,
55.0,3.24,0.0,0.0,28.0,10.47058824,1.0,32.0,14.0,5.0,4.0,2.0,,,,1.0,,,,6.35714286,40.0,20.70588235,1.0,66.0,29.0,11.0,9.0,,1.0,62.0,216.0,8.8,,1.0,,,,1.0,1.0,4.0,13.0,12.0,,,17.0,,,,,,,,,,,,,,,,,,,,,,,,,,,,,,,,,,,,,,,,,,,15.11764706,Rondale Moore,ATL,FA,72,4372485,,FA,,{},"['RB/WR', 'WR', 'WR/TE', 'RB/WR/TE', 'OP', 'BE', 'IR']",,1.0,,,,1.0,,,,,,,,,,,,,,,,,,,,,,,,,,,,,,,,,,,,,,,,,,,,,,,,,,,,,,,,,,,,,,,,,,,,,,,,,,,,,,,,,,,,,,,,,,,,,,,,,,,,,,,,,,,,,,,,,,,,,,,,,,,,,,11.0,1.0,,,,,,,,,,,,,,,,,,,,,,,,,,,,,,,,,,,,,,,,,,,,,,,,,,,,,,,,,,,,,,,,,,,,,,,,,,,,,,,,,,,,,,,,,,,,,,,,,,,,,,,,,,,,,2023,,,,5.0,17.0,,,,,,,,,,,,,,,,,,,,,,,,,,,,,,,,
82.0,13.67,0.0,0.0,26.0,23.66666667,1.0,27.0,12.0,5.0,2.0,,,3.0,,,,,,5.46153846,,,,,,,,,,,,,1.0,5.0,1.0,2.0,6.0,,,5.0,1.0,54.0,,,6.0,,,,,,,,,,,,,,,,,,,,,,,,,,,,,,,,,,,,,,,,,,,15.0,Deshaun Watson,CLE,FA,35,3122840,,FA,,{},"['QB', 'OP', 'BE', 'IR']",,,,,,,,,,,,,,,,,,,,,,171.0,105.0,66.0,185.83333333,7.0,220.0,108.0,52.0,42.0,20.0,9.0,19.0,8.0,10.0,4.0,1.0,,,,4.0,0.61403509,17.0,3.0,3.0,3.0,,,,,,,,,,,,,,,,,,,,,,,,,,,,,,1.0,,,,,,,,,,,,,,,,,,,,,,,,,,,,,,,,,,,,,,,,,,,,,,,,,,,,,,,,,,,,,,,,,,,,,,,,,,,,,,,,,,,,,,,,,,,,,,,,,,,,,,,,,,,,,,,,,,,,,,,,,,1.0,,,,,3.0,,,,,,,,,,,,,,,,,,,,,,,,,,,,,,,,,,,,,,,2023,,,52.0,10.0,,,,,,,,,,,,,,,,,,,,,,,,,,,,,,,,,
233.0,13.71,0.0,0.0,32.0,2.35294118,,6.0,2.0,,,,,,,,,,,1.25,,,,,,,,,,,,,2.0,7.0,1.0,3.0,11.0,,1.0,9.0,8.0,150.0,,,17.0,,,,,,,,,,,,,,,,,,,,,,,,,,,,,,,,,,,,,,,,,,,15.0,Derek Carr,NO,FA,15,16757,,FA,,{},"['QB', 'OP', 'BE', 'IR']",,,,,,,,,,,,,,,,,,,,,,548.0,375.0,173.0,228.11764706,25.0,768.0,380.0,186.0,149.0,72.0,34.0,66.0,30.0,28.0,8.0,2.0,1.0,6.0,2.0,8.0,0.68430657,31.0,5.0,13.0,4.0,3.0,3.0,,,,,,,,,,,,,,,,,,,,,,,,,,,1.0,,,,,,,,,,,,,,,,,,,,,,,,,,,,,,,,,,,,,,,,,,,,,,,,,,,,,,,,,,,,,,,,,,,,,,,,,,,,,,,,,,,,,,,,,,,,,,,,,,,,,,,,,,,,,,,,,,,,,,,,,,,2.0,,,,,,,,,,,,,,,,,,,,,,,,,,,,,,,,,,,,,,,,,,,,2023,,,185.0,4.0,,,,,,,,,,,,,,,,,,,,,,,,,,,,,,,,,
16.0,1.07,125.37,8.96,67.0,14.26666667,,37.0,15.0,4.0,3.0,,,7.0,1.0,,,,,3.19402985,15.0,5.2,,14.0,5.0,1.0,1.0,,,20.0,106.0,5.2,2.0,2.0,2.0,2.0,2.0,,,6.0,9.0,,,,15.0,171.9177833,52.01109519,4.39310598,0.235938682,147.0,73.0,36.0,29.0,14.0,34.0,17.0,0.34598103,0.242186721,1.454425749,0.049633971,4.288874293,15.13899538,1.068586985,0.051311312,0.044226662,0.028902123,42.0,21.0,10.0,8.0,4.0,28.89899304,5.0,2.0,0.089534249,0.0027691,38.02073825,7.42647062,0.287249994,0.009411055,1.831076313,0.307799813,2.138876126,0.842295104,0.172367896,1.014662999,1.014662999,14.17647059,Dalvin Cook,BAL,FA,85,3116593,,FA,,{},"['RB', 'RB/WR', 'RB/WR/TE', 'OP', 'BE', 'IR']",,,,,,,,,,,,,,,,,,,,,,,,,,,,,,,,,,,,,,,,,,,,,,,,,,,,,,,,,,,,,,,,,,,,,,,,,,,,,,,,,,,,,,,,,,,,,,,,,,,,,,,,,,,,,,,,,,,,,,,,,,,,,,,,,,,,,,,,,,,,,,,,,,,,,,,,,,,,,,,,,,,,,,,,,,,,,,,,,,,,,,,,,,,,,,,,,,,,,,,,,,,,,,,,,,,,,,,,,,,,,,,,,,,,,,,,,,,,,,,,,,2023,,,,10.0,3.0,,,,,,,,,,,,,,,,,,,,,,,,,,,,,40.6879224,11.7925947,,
72.0,4.8,92.95,7.15,,,,,,,,,,,,,,,,,35.0,35.0,5.0,99.0,44.0,19.0,14.0,3.0,1.0,66.0,84.0,15.0,,2.0,,1.0,1.0,,1.0,2.0,13.0,30.0,,,15.0,,,,,,,,,,,,,,,,,55.5173077,3.400530061,0.187096334,0.229415708,0.149923165,146.0,73.0,36.0,29.0,14.0,48.09854924,9.0,4.0,1.211129668,0.037457619,85.56671817,15.20881989,0.187096334,0.00331934,,0.754395559,0.754395559,,0.422461513,0.422461513,0.422461513,13.17647059,DJ Chark Jr.,CAR,FA,54,3115394,,FA,,{},"['RB/WR', 'WR', 'WR/TE', 'RB/WR/TE', 'OP', 'BE', 'IR']",,1.0,,,,2.0,1.0,,,,,,,,,,,,,1.0,,,,,,,,,,,,,,,,,,,,,,,,,,,,,,,,,,,,,,,,,,,,,,,,,,,,,,3.0,1.0,,,,,,,,,,,,,,,,,,,,,,,,,,,,,,,,,,,,,,,,,,,,,,,,,,,,,,,,,,,,,,,,,,,,,,,,,,,,,,,,,,,,,,,,,,,,,,,,,,,,,,,,,,,,,,,,,,,,,,,,,,,,,,,,,,,,,,,,,,,,,,,,,,,,,,,,,,,,,,,,,,,,,,,2023,,,,,22.0,,,,,,,,,,,,,,,,,,,,,,,,,,,,,,31.44420749,,
40.0,4.44,0.0,0.0,,,,,,,,,,,,,,,,,34.0,35.66666667,2.0,61.0,28.0,12.0,9.0,3.0,5.0,64.0,51.0,9.44117647,,,,,,2.0,2.0,4.0,5.0,12.0,,,9.0,,,,,,,,,,,,,,,,,,,,,,,,,,,,,,,,,,,,,,,,,,,15.11764706,Zay Jones,JAX,FA,89,3059722,,FA,,{},"['RB/WR', 'WR', 'WR/TE', 'RB/WR/TE', 'OP', 'BE', 'IR']",,,,,,,,,,,,,,,,,,,,1.0,,,,,,,,,,,,,,,,,,,,,,,,,,,,,,,,,,,,,,,,,,,,,,,,,,,,,,1.0,,,,,,,,,,,,,,,,,,,,,,,,,,,,,,,,,,,,,,,,,,,,,,,,,,,,,,,,,,,,,,,,,,,,,,,,,,,,,,,,,,,,,,,,,,,,,,,,,,,,,,,,,,,,,,,,,,,,,,,,,,,,,,,,,,,,,,,,,,,,,,,,,,,,,,,,,,,,,,,,,,,,,,,,2023,,,,,14.0,,,,,,,,,,,,,,,,,,,,,,,,,,,,,,,,
49.0,2.88,106.21,7.08,,,,,,,,,,,,,,,,,34.0,24.58823529,2.0,78.0,37.0,15.0,9.0,3.0,2.0,57.0,104.0,12.29411765,,,,,,2.0,2.0,12.0,5.0,12.0,,,17.0,,,,,,,,,,,,,,,,,47.16183646,5.886357767,0.327235998,0.188751766,0.123349279,142.0,71.0,35.0,28.0,14.0,50.09206374,10.0,5.0,1.018156922,0.031489389,88.99730759,14.23331253,0.327235998,0.003087521,,0.701709404,0.701709404,,0.392957266,0.392957266,0.392957266,15.11764706,Michael Gallup,DAL,FA,78,4036348,,FA,,{},"['RB/WR', 'WR', 'WR/TE', 'RB/WR/TE', 'OP', 'BE', 'IR']",,1.0,,,,,,,,,,,,,,,,,,1.0,,,,,,,,,,,,,,,,,,,,,,,,,,,,,,,,,,,,,,,,,,,,,,,,,,,,,,,,,,,,,,,,,,,,,,,,,,,,,,,,,,,,,,,,,,,,,,,,,,,,,,,,,,,,,,,,,,,,,,,,,,,,,,,,,,,,,,,,,,,,,,,,,,,,,,,,,,,,,,,,,,,,,,,,,,,,,,,,,,,,,,,,,,,,,,,,,,,,,,,,,,,,,,,,,,,,,,,,,,,,,,2023,,,,,19.0,,,,,,,,,,,,,,,,,,,,,,,,,,,,,,32.33602814,,
19.0,1.73,0.0,0.0,5.0,1.63636364,,3.0,,,,,,,,,,,,3.6,16.0,20.09090909,,42.0,19.0,8.0,6.0,2.0,,30.0,71.0,13.8125,,,,,,,,4.0,7.0,,,,11.0,,,,,,,,,,,,,,,,,,,,,,,,,,,,,,,,,,,,,,,,,,,15.11764706,Treylon Burks,TEN,FA,127,4567156,,FA,,{},"['RB/WR', 'WR', 'WR/TE', 'RB/WR/TE', 'OP', 'BE', 'IR']",,,,,,,,,,,,,,,,,,,,,,,,,,,,,,,,,,,,,,,,,,,,,,,,,,,,,,,,,,,,,,,,,,,,,,,,,,,,,,,,,,,,,,,,,,,,,,,,,,,,,,,,,,,,,,,,,,,,,,,,,,,,,,,,,,,,,,,,,,,,,,,,,,,,,,,,,,,,,,,,,,,,,,,,,,,,,,,,,,,,,,,,,,,,,,,,,,,,,,,,,,,,,,,,,,,,,,,,,,,,,,,,,,,,,,,,,,,,,,,,,,2023,,,,,8.0,,,,,,,,,,,,,,,,,,,,,,,,,,,,,,,,
63.0,3.94,0.0,0.0,,,,,,,,,,,,,,,,,48.0,33.75,3.0,101.0,45.0,18.0,13.0,2.0,4.0,75.0,185.0,11.25,,1.0,,,,4.0,4.0,6.0,10.0,18.0,,1.0,16.0,,,,,,,,,,,,,,,,,,,,,,,,,,,,,,,,,,,,,,,,,,,15.11764706,K.J. Osborn,NE,FA,66,3916566,,FA,,{},"['RB/WR', 'WR', 'WR/TE', 'RB/WR/TE', 'OP', 'BE', 'IR']",,,,,,,,,,,,,,,,,,,,1.0,,,,,,,,,,,,,,,,,,,,,,,,,,,,,,,,,,,,,,,,,,,,,,,,,,,,,,1.0,,,,,,,,,,,,,,,,,,,,,,,,,,,,,,,,,,,,,,,,,,,,,,,,,,,,,,,,,,,,,,,,,,,,,,,,,,,,,,,,,,,,,,,,,,,,,,,,,,,,,,,,,,,,,,,,,,,,,,,,,,,,,,,,,,,,,,,,,,,,,,,,,,,,,,,,,,,,,,,,,,,,,,,,2023,,,,,28.0,,,,,,,,,,,,,,,,,,,,,,,,,,,,,,,,
28.0,2.55,0.0,0.0,,,,,,,,,,,,,,,,,29.0,23.63636364,1.0,48.0,22.0,8.0,7.0,2.0,2.0,47.0,94.0,8.96551724,,,,,,2.0,2.0,2.0,9.0,6.0,,,11.0,,,,,,,,,,,,,,,,,,,,,,,,,,,,,,,,,,,,,,,,,,,15.11764706,JuJu Smith-Schuster,NE,FA,109,3120348,,FA,,{},"['RB/WR', 'WR', 'WR/TE', 'RB/WR/TE', 'OP', 'BE', 'IR']",,,,,,,,,,,,,,,,,,,,1.0,,,,,,,,,,,,,,,,,,,,,,,,,,,,,,,,,,,,,,,,,,,,,,,,,,,,,,,,,,,,,,,,,,,,,,,,,,,,,,,,,,,,,,,,,,,,,,,,,,,,,,,,,,,,,,,,,,,,,,,,,,,,,,,,,,,,,,,,,,,,,,,,,,,,,,,,,,,,,,,,,,,,,,,,,,,,,,,,,,,,,,,,,,,,,,,,,,,,,,,,,,,,,,,,,,,,,,,,,,,,,,2023,,,,,13.0,,,,,,,,,,,,,,,,,,,,,,,,,,,,,,,,
144.0,18.0,0.0,0.0,14.0,3.125,,5.0,1.0,,,,,,,,,,,1.78571429,,,,,,,,,,,,,2.0,7.0,1.0,4.0,9.0,,,4.0,4.0,108.0,,,8.0,,,,,,,,,,,,,,,,,,,,,,,,,,,,,,,,,,,,,,,,,,,15.0,Kirk Cousins,ATL,FA,23,14880,,FA,,{},"['QB', 'OP', 'BE', 'IR']",,,,,,,,,,,,,,,,,,,,,,311.0,216.0,95.0,291.375,18.0,461.0,229.0,113.0,89.0,42.0,18.0,40.0,19.0,16.0,6.0,3.0,3.0,4.0,,5.0,0.69453376,17.0,4.0,8.0,2.0,2.0,3.0,,,,,,,,,,,,,,,,,,,,,,,,,,,,,,,,,,,,,,,,,,,,,,,,,,,,,,,,,,,,,,,,,,,,,,,,,,,,,,,,,,,,,,,,,,,,,,,,,,,,,,,,,,,,,,,,,,,,,,,,,,,,,,,,,,,,,,,,,,,,,,,,,,,,,,3.0,,,,,,,,,,,,,,,,,,,,,,,,,,,,,,,,,,,,,,,,,,,,2023,,,112.0,6.0,,,,,,,,,,,,,,,,,,,,,,,,,,,,,,,,,
58.0,3.87,0.0,0.0,81.0,23.46666667,2.0,66.0,29.0,10.0,6.0,,,12.0,1.0,,,,,4.34567901,34.0,13.93333333,,38.0,17.0,5.0,3.0,,2.0,40.0,247.0,6.14705882,1.0,1.0,,,,1.0,3.0,6.0,9.0,12.0,2.0,,15.0,,,,,,,,,,,,,,,,,,,,,,,,,,,,,,,,,,,,,,,,,,,14.17647059,Roschon Johnson,CHI,FA,50,4426386,,FA,,{},"['Rookie', 'RB', 'RB/WR', 'RB/WR/TE', 'OP', 'BE', 'IR']",,,,,,,,,,,,,,,,,,,,,,,,,,,,,,,,,,,,,,,,,,,,,,,,,,,,,,,,,,,,,,,,,,,,,,,,,,,2.0,,,,,,,,,,,,,,,,,,,,,,,,,,,,,,,,,,,,,,,,,,,,,,,,,,,,,,,,,,,,,,,,,,,,,,,,,,,,,,,,,,,,,,,,,,,,,,,,,,,,,,,,,,,,,,,,,,,,,,,,,,,,,,,,,,,,,,,,,,,,,,,,,,,,,,,,,,,,,,,,,,,,,,,2023,,,,16.0,6.0,,,,,,,,,,,,,,,,,,,,,,,,,,,,,,,,
28.0,2.0,0.0,0.0,3.0,1.64285714,,3.0,1.0,,,,,,,,,,,7.66666667,21.0,17.42857143,1.0,45.0,21.0,8.0,5.0,1.0,,38.0,109.0,11.61904762,,,,,,2.0,2.0,9.0,5.0,6.0,,,14.0,,,,,,,,,,,,,,,,,,,,,,,,,,,,,,,,,,,,,,,,,,,15.11764706,Skyy Moore,KC,FA,109,4430191,,FA,,{},"['RB/WR', 'WR', 'WR/TE', 'RB/WR/TE', 'OP', 'BE', 'IR']",,,,,,,,,,,,,,,,,,,,1.0,,,,,,,,,,,,,,,,,,,,,,,,,,,,,,,,,,,,,,,,,,,,,,,,,,,,,,,,,,,,,,,,,,,,,,,,,,,,,,,,,,,,,,,,,,,,,,,,,,,,,,,,,,,,,,,,,,,,,,,,,,,,,,,,,,,,,,,,,,,,,,,,,,,,,,,,,,,,,,,,,,,,,,,,,,,,,,,,,,,,,,,,,,,,,,,,,,,,,,,,,,,,,,,,,,,,,,,,,,,,,,2023,,,,1.0,13.0,,,,,,,,,,,,,,,,,,,,,,,,,,,,,,,,
43.0,2.87,0.0,0.0,2.0,0.33333333,,,,,,,,,,,,,,2.5,31.0,27.6,1.0,77.0,37.0,16.0,11.0,3.0,1.0,61.0,181.0,13.35483871,,,,,,2.0,3.0,6.0,9.0,6.0,,,15.0,,,,,,,,,,,,,,,,,,,,,,,,,,,,,,,,,,,,,,,,,,,15.11764706,Darnell Mooney,ATL,FA,87,4040655,,FA,,{},"['RB/WR', 'WR', 'WR/TE', 'RB/WR/TE', 'OP', 'BE', 'IR']",,,,,,,,,,,,,,,,,,,,,1.0,,,,,,,,,,,,,,,,,,,,,,,,,,,,,,,,,,,,,,,,,,,,,,,,,,,,,,1.0,,,,,,,,,,,,,,,,,,,,,,,,,,,,,,,,,,,,,,,,,,,,,,,,,,,,,,,,,,,,,,,,,,,,,,,,,,,,,,,,,,,,,,,,,,,,,,,,,,,,,,,,,,,,,,,,,,,,,,,,,,,,,,,,,,,,,,,,,,,,,,,,,,,,,,,,,,,,,,,,,,,,,,,2023,,,,,20.0,,,,,,,,,,,,,,,,,,,,,,,,,,,,,,,,
18.0,9.0,0.0,0.0,28.0,85.0,,33.0,16.0,8.0,6.0,3.0,1.0,5.0,2.0,,,1.0,,6.07142857,4.0,10.5,,4.0,2.0,1.0,,,,4.0,20.0,5.25,,,,,,,,1.0,1.0,,,,2.0,,,,,,,,,,,,,,,,,,,,,,,,,,,,,,,,,,,,,,,,,,,11.47058824,Nick Chubb,CLE,FA,82,3128720,,FA,,{},"['RB', 'RB/WR', 'RB/WR/TE', 'OP', 'BE', 'IR']",,,,,,,,,,,,,,,,,,,,,,,,,,,,,,,,,,,,,,,,,,,,,,,,,,,,,,,,,,,,,,,,,,,,,,,,,,,,,,,,,,,,,,,,,,,,,,,,,,,,,,,,,,,,,,,,,,,,,,,,,,,,,,,,,,,,,,,,,,,,,,,,,,,,,,,,,,,,,,,,,,,,,,,,,,,,,,,,,,,,,,,,,,,,,,,,,,,,,,,,,,,,,,,,,,,,,,,,,,,,,,,,,,,,,,,,,,,,,,,,,,2023,,,,8.0,1.0,,,,,,,,,,,,,,,,,,,,,,,,,,,,,,,,
30.0,4.29,161.31,11.52,60.0,23.85714286,2.0,31.0,13.0,5.0,4.0,,,10.0,3.0,,,,,2.78333333,11.0,10.0,,12.0,5.0,1.0,1.0,,,12.0,78.0,6.36363636,,,,,,,,6.0,1.0,12.0,2.0,,7.0,208.6996969,60.98524229,6.681982006,0.300937985,172.0,86.0,43.0,34.0,17.0,41.0,20.0,0.426444927,0.298511449,1.945493607,0.066392233,4.142581453,19.73564938,1.591564721,0.084149118,0.072010904,0.047059126,55.0,27.0,13.0,11.0,5.0,33.51834643,6.0,3.0,0.112801057,0.003488692,43.7590453,8.347125759,0.385087103,0.010029946,1.964089298,0.3154438,2.279533099,0.903481077,0.176648528,1.080129605,1.080129605,14.17647059,Cam Akers,MIN,FA,68,4240021,,FA,,{},"['RB', 'RB/WR', 'RB/WR/TE', 'OP', 'BE', 'IR']",,,,,,,,,,,,,,,,,,,,,,,,,,,,,,,,,,,,,,,,,,,1.0,,,,,,,,,,,,,,,,,,,,,,,,,,,,,,,,,,,,,,,,,,,,,,,,,,,,,,,,,,,,,,,,,,,,,,,,,,,,,,,,,,,,,,,,,,,,,,,,,,,,,,,,,,,,,,,,,,,,,,,,,,,,,,,,,,,,,,,,,,,,,,,,,,,,,,,,,,,,,,,,,,,,,,,,,,,,,,,,,,,,,,,,,,,,,,,,,,,,,,,2023,,,,12.0,2.0,,,,,,,,,,,,,,,,,,,,,,,,,,,,,48.92458473,14.85632806,,
190.0,14.62,0.0,0.0,77.0,32.38461538,6.0,81.0,38.0,18.0,10.0,2.0,,10.0,1.0,,,,,5.46753247,,,,,,,,,,,,,5.0,14.0,2.0,7.0,17.0,,,4.0,9.0,118.0,2.0,,13.0,,,,,,,,,,,,,,,,,,,,,,,,,,,,,,,,,,,,,,,,,,,4.0,Joshua Dobbs,SF,FA,20,3044720,,FA,,{},"['QB', 'OP', 'BE', 'IR']",,,,,,,,,,,,,,,,,,,,,,417.0,262.0,155.0,189.53846154,13.0,488.0,239.0,118.0,92.0,43.0,18.0,49.0,22.0,26.0,12.0,,,,1.0,10.0,0.62829736,30.0,6.0,8.0,3.0,2.0,,,,,,,,,,,,,,,,,,,,,,,,,,,,,2.0,2.0,,,,,,,,,,,,,,,,,,,,,,,,,,,,,,,,,,,,,,,,,,,,,,,,,,,,,,,,,,,,,,,,,,,,,,,,,,,,,,,,,,,,,,,,,,,,,,,,,,,,,,,,,,,,,,,,,,,,,,,,,5.0,,,,,2.0,,,,,,,,,,,,,,,,,,,,,,,,,,,,,,,,,,,,,,,2023,,,126.0,31.0,,,,,,,,,,,,,,,,,,,,,,,,,,,,,,,,,
30.0,10.0,0.0,0.0,1.0,1.0,,,,,,,,,,,,,,3.0,19.0,83.0,1.0,49.0,24.0,12.0,8.0,3.0,2.0,26.0,108.0,13.10526316,,,,,,,,1.0,2.0,6.0,,,3.0,,,,,,,,,,,,,,,,,,,,,,,,,,,,,,,,,,,,,,,,,,,15.11764706,Mike Williams,NYJ,FA,105,3045138,,FA,,{},"['RB/WR', 'WR', 'WR/TE', 'RB/WR/TE', 'OP', 'BE', 'IR']",,1.0,,1.0,1.0,,,,,,,,,,,,,,,,,,,,,,,,,,,,,,,,,,,,,,,,,,,,,,,,,,,,,,,,,,,,,,,,,,,,,,,,,,,,,,,,,,,,,,,,,,,,,,,,,,,,,,,,,,,,,,,,,,,,,,,,,,,,,,,,,,,,,,,,,,,,,,,,,,,,,,,,,,,,,,,,,,,,,,,,,,,,,,,,,,,,,,,,,,,,,,,,,,,,,,,,,,,,,,,,,,,,,,,,,,,,,,,,,,,,,,,,,,,,,2023,,,,,9.0,,,,,,,,,,,,,,,,,,,,,,,,,,,,,,,,
64.0,5.82,0.0,0.0,1.0,0.54545455,,1.0,,,,,,,,,,,,6.0,38.0,52.81818182,2.0,111.0,54.0,25.0,18.0,7.0,3.0,61.0,196.0,15.28947368,,1.0,,1.0,1.0,1.0,1.0,4.0,7.0,12.0,,1.0,11.0,,,,,,,,,,,,,,,,,,,,,,,,,,,,,,,,,,,,,,,,,,,15.11764706,Joshua Palmer,LAC,FA,64,4242433,,FA,,{},"['RB/WR', 'WR', 'WR/TE', 'RB/WR/TE', 'OP', 'BE', 'IR']",,1.0,1.0,2.0,2.0,1.0,1.0,,,,,,,,,,,,,,,,,,,,,,,,,,,,,,,,,,,,,,,,,,,,,,,,,,,,,,,,,,,,,,,,,,,,,,,,,,,,,,,,,,,,,,,,,,,,,,,,,,,,,,,,,,,,,,,,,,,,,,,,,,,,,,,,,,,,,,,,,,,,,,,,,,,,,,,,,,,,,,,,,,,,,,,,,,,,,,,,,,,,,,,,,,,,,,,,,,,,,,,,,,,,,,,,,,,,,,,,,,,,,,,,,,,,,,,,,,,2023,,,,,22.0,,,,,,,,,,,,,,,,,,,,,,,,,,,,,,,,
134.0,7.88,118.2,6.95,,,,,,,,,,,,,,,,,,,,,,,,,,,,,,,,,,,,9.0,8.0,120.0,,,17.0,,,,,,,,,,,,,,,,,,,,,,,,,,,,,,,,,,,,,,,,,,,17.0,Chase McLaughlin,TB,FA,15,3150744,,FA,,{},"['K', 'BE', 'IR']",,,,,,,,,,,,,,,,,,,,,,,,,,,,,,,,,,,,,,,,,,,,,,,,,,,,,,,,,,,,,,,,,,,,,,,,,,,,,,,7.0,8.0,2.0,3.0,1.0,20.0,20.0,,29.0,31.0,2.0,33.0,33.0,,7.0,8.0,3.887617027,5.857735294,1.970118266,7.456202484,9.347449937,1.891247452,15.16605837,15.95298123,0.786922858,26.50987788,31.15816646,4.648288577,28.08863816,29.95570655,1.867068387,3.887617027,5.857735294,1.970118266,,,,,,,,,,,,,,,,,,,,,,,,,,,,,,,,,,,,,,,,,,,,,,,,,,,,,,,,,,,,,,,,,,,,,,,,,,,,,,,,,,,,,,,1.0,1.0,,,,,,,,,,,,,,,,,,,,,,,,,,,,,,,,,,,,,,,,,,2023,,,,,,1133.0,50.0,1183.0,221.0,107.0,50.0,39.0,16.0,4.0,10.0,5.0,2.0,2.0,1.0,231.0,112.0,53.0,41.0,17.0,5.0,,,1000.442182,215.1002075,1215.54239,209.9313195,106.3863864,316.3177059,,,,
63.0,3.71,0.0,0.0,,,,,,,,,,,,,,,,,47.0,26.76470588,4.0,86.0,39.0,15.0,9.0,1.0,3.0,67.0,223.0,9.68085106,,1.0,,1.0,1.0,1.0,1.0,9.0,8.0,26.0,,,17.0,,,,,,,,,,,,,,,,,,,,,,,,,,,,,,,,,,,,,,,,,,,15.11764706,Cade Otton,TB,FA,20,4243331,,FA,,{},"['WR/TE', 'TE', 'RB/WR/TE', 'OP', 'BE', 'IR']",,,,,,1.0,1.0,,,,,,,,,,,,,2.0,,,,,,,,,,,,,,,,,,,,,,,,,,,,,,,,,,,,,,,,,,,,,,,,,,,,1.0,,2.0,,,,,,,,,,,,,,,,,,,,,,,,,,,,,,,,,,,,,,,,,,,,,,,,,,,,,,,,,,,,,,,,,,,,,,,,,,,,,,,,,,,,,,,,,,,,,,,,,,,,,,,,,,,,,,,,,,,,,,,,,,,,,,,,,,,,,,,,,,,,,,,,,,,,,,,,,,,,,,,,,,,,,,,,2023,,,,,22.0,,,,,,,,,,,,,,,,,,,,,,,,,,,,,,,,
69.0,17.25,0.0,0.0,25.0,34.0,4.0,27.0,12.0,5.0,4.0,1.0,,4.0,2.0,,,,,5.44,,,,,,,,,,,,,2.0,3.0,1.0,1.0,2.0,,,2.0,2.0,42.0,2.0,,4.0,,,,,,,,,,,,,,,,,,,,,,,,,,,,,,,,,,,,,,,,,,,15.0,Anthony Richardson,IND,FA,38,4429084,,FA,,{},"['Rookie', 'QB', 'OP', 'BE', 'IR']",,,,,,,,,,,,,,,,,,,,,,84.0,50.0,34.0,144.25,3.0,114.0,56.0,27.0,21.0,10.0,4.0,8.0,3.0,4.0,2.0,,,,2.0,1.0,0.5952381,7.0,1.0,1.0,,,2.0,,,,,,,,,,,,,,,,,,,,,,,,,,,,2.0,,,,,,,,,,,,,,,,,,,,,,,,,,,,,,,,,,,,,,,,,,,,,,,,,,,,,,,,,,,,,,,,,,,,,,,,,,,,,,,,,,,,,,,,,,,,,,,,,,,,,,,,,,,,,,,,,,,,,,,,,,,,,,,,,,,,,,,,,,,,,,,,,,,,,,,,,,,,,,,,,,,,,,2023,,,31.0,8.0,,,,,,,,,,,,,,,,,,,,,,,,,,,,,,,,,
56.0,4.31,0.0,0.0,,,,,,,,,,,,,,,,,37.0,28.30769231,4.0,70.0,32.0,13.0,9.0,1.0,2.0,59.0,145.0,9.94594595,,,,,,1.0,1.0,8.0,5.0,24.0,,,13.0,,,,,,,,,,,,,,,,,,,,,,,,,,,,,,,,,,,,,,,,,,,15.11764706,Juwan Johnson,NO,FA,22,3929645,,FA,,{},"['WR/TE', 'TE', 'RB/WR/TE', 'OP', 'BE', 'IR']",,,,,,,,,,,,,,,,,,,,3.0,1.0,,,,,,,,,,,,,,,,,,,,,,,,,,,,,,,,,,,,,,,,,,,,,,,,,,,,,,,,,,,,,,,,,,,,,,,,,,,,,,,,,,,,,,,,,,,,,,,,,,,,,,,,,,,,,,,,,,,,,,,,,,,,,,,,,,,,,,,,,,,,,,,,,,,,,,,,,,,,,,,,,,,,,,,,,,,,,,,,,,,,,,,,,,,,,,,,,,,,,,,,,,,,,,,,,,,,,,,,,,,,,2023,,,,,23.0,,,,,,,,,,,,,,,,,,,,,,,,,,,,,,,,
90.0,5.29,0.0,0.0,,,,,,,,,,,,,,,,,,,,,,,,,,,,,,,,,,759.0,1103.0,5.0,12.0,,,,17.0,,,,,,,,,,,,,,,,,,,,,,,,,,,,,,,,,,,,,,,,,,,17.0,Chargers D/ST,LAC,FA,23,-16024,,FA,,{},"['D/ST', 'BE', 'IR']",,,,,,,,390.0,34.0,10.0,,,,,,,,,,,,,,,,,,,,,,,,,,,,,,,,,,,,,,,,,,,,,,,,,,,,,,,,,,,,,,,,,344.0,,,15.0,,,,,,,,,,,,,,,,,,,,,,,,,,,,,,,,,,,12.0,1.0,1.0,2.0,2.0,,9.0,,,48.0,96.0,,1.0,,1.0,360.0,215.0,71.0,83.0,385.0,33.0,10.0,380.0,2.0,5.0,1.0,2.0,6170.0,0.0,0.0,5.0,5.0,3.0,0.0,2.0,2.0,0.0,1.0,1.0,2.0,2.0,2.0,5.0,1.0,2.0,,,,,,,,,,,,,,,,,,,,,,,,,,,,,,,,,,,,,,,,,,,,,,,,,1.0,1.0,,,,,,,,,,,,,,,,,,,,,,,,,,,,,,,,,,,2023,,,,,,,,,,,,,,,,,,,,,,,,,,,,,,,,,,,,,
104.0,6.12,0.0,0.0,,,,,,,,,,,,,,,,,,,,,,,,,,,,,,,,,,692.0,1067.0,7.0,10.0,,,,17.0,,,,,,,,,,,,,,,,,,,,,,,,,,,,,,,,,,,,,,,,,,,17.0,Bears D/ST,CHI,FA,16,-16003,,FA,,{},"['D/ST', 'BE', 'IR']",,,,,,,,543.0,50.0,17.0,,,,,,,,,,,,,,,,,,,,,,,,,,,,,,,,,,,,,,,,,,,,,,,,,,,,,,,,,,,,,,,,,375.0,,,13.0,,,,,,,,,,,,,,,,,,,,,,,,,,,,,,,,,,,6.0,0.0,0.0,5.0,3.0,2.0,22.0,2.0,,30.0,60.0,,,2.0,2.0,350.0,206.0,73.0,83.0,188.0,14.0,2.0,353.0,3.0,2.0,3.0,1.0,5511.0,0.0,0.0,5.0,6.0,3.0,2.0,1.0,0.0,0.0,0.0,0.0,5.0,3.0,3.0,2.0,3.0,1.0,,,,,,,,,,,,,,,,,,,,,,,,,,,,,,,,,,,,,,,,,,,,,,,,,,,,,,,,,,,,,,,,,,,,,,,,,,,,,,,,,,,,,2023,,,,,,,,,,,,,,,,,,,,,,,,,,,,,,,,,,,,,
31.0,2.38,0.0,0.0,106.0,23.53846154,1.0,56.0,24.0,10.0,7.0,1.0,,15.0,4.0,,,,,2.88679245,18.0,4.76923077,,8.0,1.0,,,,,20.0,87.0,3.44444444,1.0,1.0,,,,,,8.0,5.0,6.0,1.0,,13.0,,,,,,,,,,,,,,,,,,,,,,,,,,,,,,,,,,,,,,,,,,,14.17647059,Jamaal Williams,NO,FA,66,2980453,,FA,,{},"['RB', 'RB/WR', 'RB/WR/TE', 'OP', 'BE', 'IR']",,,,,,,,,,,,,,,,,,,,,,,,,,,,,,,,,,,,,,,,,,,,,,,,,,,,,,,,,,,,,,,,,,,,,,,,,,,,,,,,,,,,,,,,,,,,,,,,,,,,,,,,,,,,,,,,,,,,,,,,,,,,,,,,,,,,,,,,,,,,,,,,,,,,,,,,,,,,,,,,,,,,,,,,,,,,,,,,,,,,,,,,,,,,,,,,,,,,,,,,,,,,,,,,,,,,,,,,,,,,,,,,,,,,,,,,,,,,,,,,,,2023,,,,19.0,1.0,,,,,,,,,,,,,,,,,,,,,,,,,,,,,,,,
44.0,5.5,140.24,8.25,,,,,,,,,,,,,,,,,,,,,,,,,,,,,,,,,,,,2.0,6.0,41.0,,,8.0,,,,,,,,,,,,,,,,,,,,,,,,,,,,,,,,,,,,,,,,,,,17.0,Graham Gano,NYG,FA,33,12460,,FA,,{},"['K', 'BE', 'IR']",,,,,,,,,,,,,,,,,,,,,,,,,,,,,,,,,,,,,,,,,,,,,,,,,,,,,,,,,,,,,,,,,,,,,,,,,,,,,,,3.0,4.0,3.0,6.0,3.0,5.0,7.0,2.0,11.0,17.0,6.0,8.0,8.0,,3.0,4.0,4.512289355,6.140675417,1.628386062,8.513521055,9.798950133,1.285429078,16.55630614,16.72354156,0.167235416,29.58211655,32.66316711,3.081050555,37.03414696,37.78994588,0.755798918,4.512289355,6.140675417,1.628386062,,,,,,,,,,,,,,,,,,,,,,,,,,,,,,,,,,,,,,,,,,,,,,,,,,,,,,,,,,,,,,,,,,,,,,,,,,,,,,,,,,,,,,,1.0,1.0,,,,,,,,,,,,,,,,,,,,,,,,,,,,,,,,,,,,,,,,,,2023,,,,,,459.0,215.0,674.0,90.0,44.0,20.0,17.0,7.0,3.0,42.0,20.0,9.0,7.0,2.0,132.0,65.0,30.0,24.0,10.0,4.0,,,1123.461257,150.7942183,1274.255475,243.6636252,87.93284732,331.5964725,,,,
23.0,1.35,0.0,0.0,,,,,,,,,,,,,,,,,,,,,,,,,,,,,,,,,,741.0,1168.0,4.0,13.0,,,,17.0,,,,,,,,,,,,,,,,,,,,,,,,,,,,,,,,,,,,,,,,,,,17.0,Commanders D/ST,WSH,FA,32,-16028,,FA,,{},"['D/ST', 'BE', 'IR']",,,,,,,,601.0,54.0,19.0,,,,,,,,,,,,,,,,,,,,,,,,,,,,,,,,,,,,,,,,,,,,,,,,,,,,,,,,,,,,,,,,,427.0,,,10.0,,,,,,,,,,,,,,,,,,,,,,,,,,,,,,,,,,,10.0,0.0,0.0,1.0,3.0,,8.0,1.0,,39.0,78.0,,,,,385.0,225.0,74.0,78.0,278.0,23.0,5.0,488.0,0.0,2.0,6.0,5.0,6612.0,0.0,0.0,2.0,1.0,5.0,7.0,2.0,0.0,0.0,0.0,0.0,1.0,3.0,0.0,2.0,6.0,5.0,,,,,,,,,,,,,,,,,,,,,,,,,,,,,,,,,,,,,,,,,,,,,,,,,,,,,,,,,,,,,,,,,,,,,,,,,,,,,,,,,,,,,2023,,,,,,,,,,,,,,,,,,,,,,,,,,,,,,,,,,,,,
155.0,9.12,139.29,8.19,,,,,,,,,,,,,,,,,,,,,,,,,,,,,,,,,,,,7.0,10.0,136.0,,,17.0,,,,,,,,,,,,,,,,,,,,,,,,,,,,,,,,,,,,,,,,,,,17.0,Cairo Santos,CHI,FA,2,17427,,FA,,{},"['K', 'BE', 'IR']",,,,,,,,,,,,,,,,,,,,,,,,,,,,,,,,,,,,,,,,,,,,,,,,,,,,,,,,,,,,,,,,,,,,,,,,,,,,,,,7.0,8.0,8.0,10.0,2.0,20.0,20.0,,35.0,38.0,3.0,31.0,33.0,2.0,7.0,8.0,4.296631887,6.192798598,1.896166711,8.180532285,9.882125422,1.701593136,16.54186236,16.86549405,0.323631696,29.01902653,32.94041807,3.921391543,39.38533045,40.69526984,1.309939391,4.296631887,6.192798598,1.896166711,,,,,,,,,,,,,,,,,,,,,,,,,,,,,,,,,,,,,,,,,,,,,,,,,,,,,,,,,,,,,,,,,,,,,,,,,,,,,,,,,,,,,,,1.0,1.0,,,,,,,,,,,,,,,,,,,,,,,,,,,,,,,,,,,,,,,,,,2023,,,,,,1336.0,88.0,1424.0,260.0,126.0,59.0,47.0,19.0,6.0,17.0,8.0,4.0,2.0,,278.0,135.0,63.0,50.0,21.0,6.0,,,1096.397945,188.6736444,1285.07159,232.0181219,102.3930024,334.4111243,,,,
131.0,7.71,130.7,7.69,,,,,,,,,,,,,,,,,,,,,,,,,,,,,,,,,,,,10.0,7.0,114.0,,,17.0,,,,,,,,,,,,,,,,,,,,,,,,,,,,,,,,,,,,,,,,,,,17.0,Chris Boswell,PIT,FA,17,17372,,FA,,{},"['K', 'BE', 'IR']",,,,,,,,,,,,,,,,,,,,,,,,,,,,,,,,,,,,,,,,,,,,,,,,,,,,,,,,,,,,,,,,,,,,,,,,,,,,,,,6.0,7.0,7.0,8.0,1.0,16.0,16.0,,29.0,31.0,2.0,27.0,28.0,1.0,6.0,6.0,4.116993073,6.162813217,2.045820144,7.887462837,9.83427641,1.946813573,16.02919616,16.78383174,0.754635575,28.03365207,32.78092137,4.747269292,35.22921895,37.39681523,2.167596283,4.116993073,6.162813217,2.045820144,,,,,,,,,,,,,,,,,,,,,,,,,,,,,,,,,,,,,,,,,,,,,,,,,,,,,,,,,,,,,,,,,,,,,,,,,,,,,,,,,,,,,,,1.0,,1.0,1.0,,,,,,,,,,,,,,,,,,,,,,,,,,,,,,,,,,,,,,,,2023,,,,,,1139.0,106.0,1245.0,222.0,106.0,50.0,42.0,17.0,5.0,21.0,10.0,5.0,3.0,1.0,243.0,117.0,55.0,45.0,19.0,6.0,,,1058.129339,220.7199658,1278.849304,222.317626,110.4742878,332.7919137,,,,
22.0,2.2,0.0,0.0,41.0,18.8,,36.0,16.0,7.0,3.0,1.0,,5.0,1.0,,,,,4.58536585,14.0,8.5,,13.0,6.0,1.0,1.0,,,17.0,69.0,6.07142857,,,,,,,,5.0,5.0,,,,10.0,,,,,,,,,,,,,,,,,,,,,,,,,,,,,,,,,,,,,,,,,,,14.17647059,Jeff Wilson Jr.,MIA,FA,74,3122976,,FA,,{},"['RB', 'RB/WR', 'RB/WR/TE', 'OP', 'BE', 'IR']",,,,,,,,,,,,,,,,,,,,,,,,,,,,,,,,,,,,,,,,,,,,,,,,,,,,,,,,,,,,,,,,,,,,,,,,,,,,,,,,,,,,,,,,,,,,,,,,,,,,,,,,,,,,,,,,,,,,,,,,,,,,,,,,,,,,,,,,,,,,,,,,,,,,,,,,,,,,,,,,,,,,,,,,,,,,,,,,,,,,,,,,,,,,,,,,,,,,,,,,,,,,,,,,,,,,,,,,,,,,,,,,,,,,,,,,,,,,,,,,,,2023,,,,8.0,3.0,,,,,,,,,,,,,,,,,,,,,,,,,,,,,,,,
43.0,2.53,27.11,1.81,,,,,,,,,,,,,,,,,31.0,20.88235294,2.0,68.0,31.0,13.0,10.0,3.0,1.0,40.0,232.0,11.4516129,,,,,,3.0,5.0,9.0,8.0,12.0,,,17.0,,,,,,,,,,,,,,,,,12.93946136,1.365500292,0.072439498,0.111442876,0.072827919,39.0,19.0,9.0,7.0,3.0,18.41344377,3.0,1.0,0.073198639,0.002263875,27.62753759,10.62344516,0.072439498,0.000931851,,0.211784381,0.211784381,,0.118599253,0.118599253,0.118599253,15.11764706,Tucker Kraft,GB,FA,28,4572680,,FA,,{},"['Rookie', 'WR/TE', 'TE', 'RB/WR/TE', 'OP', 'BE', 'IR']",,,,,,,,,,,,,,,,,,,,2.0,,,,,,,,,,,,,,,,,,,,,,,,,,,,,,,,,,,,,,,,,,,,,,,,,,,,,,,2.0,,,,,,,,,,,,,,,,,,,,,,,,,,,,,,,,,,,,,,,,,,,,,,,,,,,,,,,,,,,,,,,,,,,,,,,,,,,,,,,,,,,,,,,,,,,,,,,,,,,,,,,,,,,,,,,,,,,,,,,,,,,,,,,,,,,,,,,,,,,,,,,,,,,,,,,,,,,,,,,,,,,,,,,2023,,,,,18.0,,,,,,,,,,,,,,,,,,,,,,,,,,,,,,8.999967905,,
51.0,8.5,0.0,0.0,40.0,34.33333333,1.0,38.0,17.0,8.0,5.0,2.0,,5.0,2.0,,,,,5.15,,,,,,,,,,,,,1.0,4.0,,1.0,7.0,1.0,1.0,1.0,5.0,18.0,,,6.0,,,,,,,,,,,,,,,,,,,,,,,,,,,,,,,,,,,,,,,,,,,14.0,Daniel Jones,NYG,FA,44,3917792,,FA,,{},"['QB', 'OP', 'BE', 'IR']",,,,,,,,,,,,,,,,,,,,,,160.0,108.0,52.0,151.5,2.0,179.0,88.0,43.0,34.0,16.0,8.0,19.0,8.0,9.0,3.0,,,1.0,,6.0,0.675,30.0,3.0,1.0,1.0,,,,,,,,,,,,,,,,,,,,,,,,,,,,,,1.0,,,,,,,,,,,,,,,,,,,,,,,,,,,,,,,,,,,,,,,,,,,,,,,,,,,,,,,,,,,,,,,,,,,,,,,,,,,,,,,,,,,,,,,,,,,,,,,,,,,,,,,,,,,,,,,,,,,,,,,,,,1.0,,,,,,,,,,,,,,,,,,,,,,,,,,,,,,,,,,,,,,,,,,,,2023,,,43.0,15.0,,,,,,,,,,,,,,,,,,,,,,,,,,,,,,,,,
54.0,3.18,0.0,0.0,1.0,,,,,,,,,,,,,,,,61.0,36.52941176,,119.0,54.0,22.0,17.0,6.0,4.0,87.0,246.0,10.18032787,,,,,,,,7.0,10.0,,,,17.0,,,,,,,,,,,,,,,,,,,,,,,,,,,,,,,,,,,,,,,,,,,15.11764706,Tyler Conklin,NYJ,FA,24,3915486,,FA,,{},"['WR/TE', 'TE', 'RB/WR/TE', 'OP', 'BE', 'IR']",,,,,,,,,,,,,,,,,,,,,,,,,,,,,,,,,,,,,,,,,,,,,,,,,,,,,,,,,,,,,,,,,,,,,,,,,,,,,,,,,,,,,,,,,,,,,,,,,,,,,,,,,,,,,,,,,,,,,,,,,,,,,,,,,,,,,,,,,,,,,,,,,,,,,,,,,,,,,,,,,,,,,,,,,,,,,,,,,,,,,,,,,,,,,,,,,,,,,,,,,,,,,,,,,,,,,,,,,,,,,,,,,,,,,,,,,,,,,,,,,,2023,,,,,27.0,,,,,,,,,,,,,,,,,,,,,,,,,,,,,,,,
99.0,5.82,0.0,0.0,,,,,,,,,,,,,,,,,,,,,,,,,,,,,,,,,,700.0,1112.0,9.0,8.0,,,,17.0,,,,,,,,,,,,,,,,,,,,,,,,,,,,,,,,,,,,,,,,,,,17.0,Bengals D/ST,CIN,FA,18,-16004,,FA,,{},"['D/ST', 'BE', 'IR']",,,,,,,,387.0,35.0,12.0,,,,,,,,,,,,,,,,,,,,,,,,,,,,,,,,,,,,,,,,,,,,,,,,,,,,,,,,,,,,,,,,,412.0,,,11.0,,,,,,,,,,,,,,,,,,,,,,,,,,,,,,,,,,,9.0,0.0,0.0,2.0,4.0,1.0,17.0,,,44.0,88.0,,1.0,1.0,2.0,365.0,217.0,57.0,74.0,346.0,28.0,7.0,378.0,2.0,5.0,4.0,0.0,6368.0,0.0,0.0,4.0,1.0,5.0,5.0,1.0,1.0,0.0,0.0,0.0,2.0,4.0,2.0,5.0,4.0,0.0,,,,,,,,,,,,,,,,,,,,,,,,,,,,,,,,,,,,,,,,,,,,,,,,,,,,,,,,,,,,,,,,,,,,,,,,,,,,,,,,,,,,,2023,,,,,,,,,,,,,,,,,,,,,,,,,,,,,,,,,,,,,
39.0,3.55,0.0,0.0,75.0,25.54545455,2.0,53.0,26.0,11.0,7.0,2.0,,10.0,3.0,,,,,3.74666667,6.0,1.27272727,,3.0,1.0,,,,,8.0,26.0,2.33333333,,,,,,,,7.0,4.0,12.0,2.0,,11.0,,,,,,,,,,,,,,,,,,,,,,,,,,,,,,,,,,,,,,,,,,,14.17647059,Elijah Mitchell,SF,FA,62,4241555,,FA,,{},"['RB', 'RB/WR', 'RB/WR/TE', 'OP', 'BE', 'IR']",,,,,,,,,,,,,,,,,,,,,,,,,,,,,,,,,,,,,,,,,,,,,,,,,,,,,,,,,,,,,,,,,,,,,,,,,,,,,,,,,,,,,,,,,,,,,,,,,,,,,,,,,,,,,,,,,,,,,,,,,,,,,,,,,,,,,,,,,,,,,,,,,,,,,,,,,,,,,,,,,,,,,,,,,,,,,,,,,,,,,,,,,,,,,,,,,,,,,,,,,,,,,,,,,,,,,,,,,,,,,,,,,,,,,,,,,,,,,,,,,,2023,,,,14.0,2.0,,,,,,,,,,,,,,,,,,,,,,,,,,,,,,,,
9.0,9.0,155.44,11.96,8.0,22.0,1.0,4.0,2.0,1.0,,,,1.0,,,,,,2.75,2.0,15.0,,3.0,1.0,,,,,3.0,15.0,7.5,,,,,,,,1.0,,6.0,1.0,,1.0,180.8476097,66.03410308,6.990447673,0.266316396,174.0,87.0,43.0,34.0,17.0,36.0,18.0,0.364454246,0.255117972,1.984946915,0.067738623,4.832691887,14.66661418,1.33947429,0.07709572,0.041200688,0.026924649,38.0,19.0,9.0,7.0,3.0,27.6056841,5.0,2.0,0.072558743,0.002244085,35.57268292,7.03177475,0.343412116,0.00588417,1.16020977,0.177101508,1.337311278,0.533696494,0.099176844,0.632873339,0.632873339,13.23529412,J.K. Dobbins,BAL,FA,98,4241985,,FA,,{},"['RB', 'RB/WR', 'RB/WR/TE', 'OP', 'BE', 'IR']",,,,,,,,,,,,,,,,,,,,,,,,,,,,,,,,,,,,,,,,,,,,,,,,,,,,,,,,,,,,,,,,,,,,,,,,,,,,,,,,,,,,,,,,,,,,,,,,,,,,,,,,,,,,,,,,,,,,,,,,,,,,,,,,,,,,,,,,,,,,,,,,,,,,,,,,,,,,,,,,,,,,,,,,,,,,,,,,,,,,,,,,,,,,,,,,,,,,,,,,,,,,,,,,,,,,,,,,,,,,,,,,,,,,,,,,,,,,,,,,,,2023,,,,1.0,,,,,,,,,,,,,,,,,,,,,,,,,,,,,,47.78069098,11.04325166,,
0.0,0.0,0.0,0.0,,,,,,,,,,,,,,,,,,,,,,,,,,,,,,,,,,,,1.0,,,,,1.0,,,,,,,,,,,,,,,,,,,,,,,,,,,,,,,,,,,,,,,,,,,15.0,Aaron Rodgers,NYJ,FA,73,8439,,FA,,{},"['QB', 'OP', 'BE', 'IR']",,,,,,,,,,,,,,,,,,,,,,1.0,,1.0,,,,,,,,,,,,,,,,,,,1.0,,,,,,,,,,,,,,,,,,,,,,,,,,,,,,,,,,,,,,,,,,,,,,,,,,,,,,,,,,,,,,,,,,,,,,,,,,,,,,,,,,,,,,,,,,,,,,,,,,,,,,,,,,,,,,,,,,,,,,,,,,,,,,,,,,,,,,,,,,,,,,,,,,,,,,,,,,,,,,,,,,,,,,,,,,,,,,,,,,,,,,,,,,,,,,,,,,,,,,,2023,,,,,,,,,,,,,,,,,,,,,,,,,,,,,,,,,,,,,
22.0,3.14,0.0,0.0,,,,,,,,,,,,,,,,,27.0,26.71428571,1.0,35.0,16.0,6.0,4.0,2.0,3.0,43.0,46.0,6.92592593,,,,,,1.0,1.0,1.0,6.0,6.0,,,7.0,,,,,,,,,,,,,,,,,,,,,,,,,,,,,,,,,,,,,,,,,,,15.11764706,Zach Ertz,WSH,FA,48,15835,,FA,,{},"['WR/TE', 'TE', 'RB/WR/TE', 'OP', 'BE', 'IR']",,,,,,,,,,,,,,,,,,,,1.0,,,,,,,,,,,,,,,,,,,,,,,,,,,,,,,,,,,,,,,,,,,,,,,,,,,,,,,,,,,,,,,,,,,,,,,,,,,,,,,,,,,,,,,,,,,,,,,,,,,,,,,,,,,,,,,,,,,,,,,,,,,,,,,,,,,,,,,,,,,,,,,,,,,,,,,,,,,,,,,,,,,,,,,,,,,,,,,,,,,,,,,,,,,,,,,,,,,,,,,,,,,,,,,,,,,,,,,,,,,,,,2023,,,,,8.0,,,,,,,,,,,,,,,,,,,,,,,,,,,,,,,,
185.0,10.88,0.0,0.0,34.0,5.88235294,3.0,15.0,5.0,2.0,2.0,,,1.0,,,,,,2.94117647,,,,,,,,,,,,,,8.0,,5.0,14.0,,,9.0,8.0,108.0,2.0,,17.0,,,,,,,,,,,,,,,,,,,,,,,,,,,,,,,,,,,,,,,,,,,9.0,Gardner Minshew,LV,FA,21,4038524,,FA,,{},"['QB', 'OP', 'BE', 'IR']",,,,,,,,,,,,,,,,,,,,,,490.0,305.0,185.0,194.41176471,15.0,656.0,325.0,159.0,126.0,60.0,28.0,55.0,23.0,30.0,11.0,3.0,3.0,3.0,2.0,9.0,0.62244898,34.0,9.0,4.0,6.0,,2.0,,,,,,,,,,,,,,,,,,,,,,,,,,,,1.0,,,,,,,,,,,,,,,,,,,,,,,,,,,,,,,,,,,,,,,,,,,,,,,,,,,,,,,,,,,,,,,,,,,,,,,,,,,,,,,,,,,,,,,,,,,,,,,,,,,,,,,,,,,,,,,,,,,,,,,,,,5.0,,,,,,,,,,,,,,,,,,,,,,,,,,,,,,,,,,,,,,,,,,,,2023,,,147.0,9.0,,,,,,,,,,,,,,,,,,,,,,,,,,,,,,,,,
98.0,19.6,0.0,0.0,9.0,0.4,,,,,,,,,,,,,,0.22222222,,,,,,,,,,,,,1.0,4.0,,1.0,9.0,,,4.0,1.0,78.0,,,5.0,,,,,,,,,,,,,,,,,,,,,,,,,,,,,,,,,,,,,,,,,,,4.0,Joe Flacco,IND,FA,32,11252,,FA,,{},"['QB', 'OP', 'BE', 'IR']",,,,,,,,,,,,,,,,,,,,,,204.0,123.0,81.0,323.2,13.0,320.0,159.0,78.0,62.0,31.0,14.0,22.0,9.0,15.0,6.0,4.0,3.0,4.0,1.0,8.0,0.60294118,8.0,3.0,5.0,,2.0,2.0,,,,,,,,,,,,,,,,,,,,,,,,,,,,,,,,,,,,,,,,,,,,,,,,,,,,,,,,,,,,,,,,,,,,,,,,,,,,,,,,,,,,,,,,,,,,,,,,,,,,,,,,,,,,,,,,,,,,,,,,,,,,,,,,,,,,,,,,,,,,,,,,,,,,,,1.0,,,,,,,,,,,,,,,,,,,,,,,,,,,,,,,,,,,,,,,,,,,,2023,,,60.0,3.0,,,,,,,,,,,,,,,,,,,,,,,,,,,,,,,,,
73.0,4.56,0.0,0.0,84.0,24.1875,3.0,73.0,33.0,14.0,9.0,,,11.0,3.0,,,,,4.60714286,28.0,12.875,1.0,38.0,18.0,7.0,5.0,1.0,1.0,39.0,237.0,7.35714286,,1.0,,1.0,1.0,,,13.0,3.0,24.0,2.0,,16.0,,,,,,,,,,,,,,,,,,,,,,,,,,,,,,,,,,,,,,,,,,,14.17647059,Justice Hill,BAL,FA,43,4038441,,FA,,{},"['RB', 'RB/WR', 'RB/WR/TE', 'OP', 'BE', 'IR']",,,,,,1.0,1.0,119.0,11.0,4.0,,,,,,,,,,,1.0,,,,,,,,,,,,,,,,,,,,,,,,,,,,,,,,,,,,,,,,,,,,,,,,,,,,,,,1.0,,,,,,,,,,,,,,,,,,,,,,,,,,,,,,,,,,,,,,,,,,,,,,,,,,,,,,,,,,,,,,,,,,,,,,,,,,,,,,,,,,,,,,,,,,,,,,,,,,,,,,,,,,,,,,,,,,,,,,,,,,,,,,,,,,,,,,,,,,,,,,,,,,,,,,,,,,,,,,,,,,,,,,2023,,,,18.0,9.0,,,,,,,,,,,,,,,,,,,,,,,,,,,,,,,,
1.0,0.33,119.17,9.17,11.0,11.0,,5.0,1.0,,,,,1.0,,,,,,3.0,1.0,1.66666667,,1.0,,,,,,1.0,6.0,5.0,,,,,,,,2.0,1.0,,,,3.0,160.2734945,59.21746955,5.903368051,0.176704553,156.0,78.0,39.0,31.0,15.0,32.0,16.0,0.319705868,0.223794107,1.596942864,0.054497533,4.890144992,4.126691092,0.293301569,0.020657707,0.040969334,0.02677346,10.0,5.0,2.0,2.0,1.0,7.509067345,1.0,,0.027301673,0.000844382,9.969500746,7.27360241,0.19736226,0.006838102,1.484560123,0.069553996,1.554114119,0.682897657,0.038950238,0.721847894,0.721847894,13.23529412,Rashaad Penny,PHI,FA,123,3139925,,FA,,{},"['RB', 'RB/WR', 'RB/WR/TE', 'OP', 'BE', 'IR']",,,,,,,,,,,,,,,,,,,,,,,,,,,,,,,,,,,,,,,,,,,,,,,,,,,,,,,,,,,,,,,,,,,,,,,,,,,,,,,,,,,,,,,,,,,,,,,,,,,,,,,,,,,,,,,,,,,,,,,,,,,,,,,,,,,,,,,,,,,,,,,,,,,,,,,,,,,,,,,,,,,,,,,,,,,,,,,,,,,,,,,,,,,,,,,,,,,,,,,,,,,,,,,,,,,,,,,,,,,,,,,,,,,,,,,,,,,,,,,,,,2023,,,,1.0,,,,,,,,,,,,,,,,,,,,,,,,,,,,,,42.67401579,2.187938868,,
66.0,4.12,0.0,0.0,5.0,1.9375,,6.0,2.0,1.0,,,,,,,,,,6.2,39.0,30.1875,3.0,91.0,42.0,17.0,14.0,5.0,3.0,67.0,104.0,12.38461538,,,,,,2.0,2.0,9.0,7.0,20.0,,1.0,16.0,,,,,,,,,,,,,,,,,,,,,,,,,,,,,,,,,,,,,,,,,,,15.11764706,Tutu Atwell,LAR,FA,60,4360797,,FA,,{},"['RB/WR', 'WR', 'WR/TE', 'RB/WR/TE', 'OP', 'BE', 'IR']",,,,1.0,1.0,,,,,,,,,,,,,,,2.0,,,,,,,,,,,,,,,,,,,,1.0,,,,,,,,,,,,,,,,,,,,,,,,,,,,,,,,1.0,,,,,,,,,,,,,,,,,,,,,,,,,,,,,,,,,,,,,,,,,,,,,,,,,,,,,,,,,,,,,,,,,,,,,,,,,,,,,,,,,,,,,,,,,,,,,,,,,,,,,,,,,,,,,,,,,,,,,,,,,,,,,,,,,,,,,,,,,,,,,,,,,,,,,,,,,,,,,,,,,,,,,,,,,,2023,,,,2.0,26.0,,,,,,,,,,,,,,,,,,,,,,,,,,,,,,,,
68.0,4.0,0.0,0.0,1.0,,,,,,,,,,,,,,,,50.0,34.23529412,3.0,112.0,52.0,23.0,18.0,5.0,4.0,70.0,357.0,11.64,,1.0,,1.0,1.0,3.0,3.0,7.0,10.0,18.0,,,17.0,,,,,,,,,,,,,,,,,,,,,,,,,,,,,,,,,,,,,,,,,,,15.11764706,Jonnu Smith,MIA,FA,17,3054212,,FA,,{},"['WR/TE', 'TE', 'RB/WR/TE', 'OP', 'BE', 'IR']",,1.0,1.0,1.0,1.0,1.0,1.0,,,,,,,,,,,,,1.0,,1.0,,1.0,,,,,,,,,,,,,,,,,,,,,,,,,,,,,,,,,,,,,,,,,,,,,,,,,,1.0,,,,,,,,,,,,,,,,,,,,,,,,,,,,,,,,,,,,,,,,,,,,,,,,,,,,,,,,,,,,,,,,,,,,,,,,,,,,,,,,,,,,,,,,,,,,,,,,,,,,,,,,,,,,,,,,,,,,,,,,,,,,,,,,,,,,,,,,,,,,,,,,,,,,,,,,,,,,,,,,,,,,,,,,2023,,,,,26.0,,,,,,,,,,,,,,,,,,,,,,,,,,,,,,,,
57.0,3.56,0.0,0.0,84.0,22.75,2.0,68.0,31.0,13.0,8.0,2.0,,9.0,2.0,,,,,4.33333333,30.0,11.4375,,33.0,14.0,5.0,3.0,,2.0,37.0,175.0,6.1,3.0,3.0,1.0,1.0,1.0,1.0,1.0,10.0,6.0,14.0,1.0,,16.0,,,,,,,,,,,,,,,,,,,,,,,,,,,,,,,,,,,,,,,,,,,14.17647059,Kenneth Gainwell,PHI,FA,52,4371733,,FA,,{},"['RB', 'RB/WR', 'RB/WR/TE', 'OP', 'BE', 'IR']",,,,,,,,19.0,1.0,,,,,,,,,,,,,1.0,1.0,,1.0625,,3.0,1.0,,,,,,,,,,,,,,1.0,,,,,,,,,,,,,,,,,,,,,,,,,,,,,,,,,,1.0,,,,,,,,,,,,,,,,,,,,,,,,,,,,,,,,,,,,,,,,,,,,,,,,,,,,,,,,,,,,,,,,,,,,,,,,,,,,,,,,,,,,,,,,,,,,,,,,,,,,,,,,,,,,,,,,,,,,,,,,,,,,,,,1.0,,,,,,,,,,,,,,,,,,,,,,,,,,,,,,,,,,,,,,,2023,,,1.0,19.0,11.0,,,,,,,,,,,,,,,,,,,,,,,,,,,,,,,,
113.0,9.42,128.32,7.55,,,,,,,,,,,,,,,,,,,,,,,,,,,,,,,,,,2.0,2.0,7.0,5.0,102.0,,,12.0,,,,,,,,,,,,,,,,,,,,,,,,,,,,,,,,,,,,,,,,,,,17.0,Ka'imi Fairbairn,HOU,FA,25,2971573,,FA,,{},"['K', 'BE', 'IR']",,,,,,,,,,,,,,,,,,,,,,,,,,,,,,,,,,,,,,,,,,,,,,,,,,,,,,,,,,,,,,,,,,,,,,,,,,,,,,,5.0,6.0,2.0,2.0,,20.0,20.0,,27.0,28.0,1.0,21.0,22.0,1.0,5.0,6.0,4.177230774,5.995873117,1.818642343,7.947890061,9.567882633,1.619992572,16.06276455,16.32918636,0.26642181,28.18788539,31.89294211,3.705056725,31.15411445,32.0950013,0.940886848,4.177230774,5.995873117,1.818642343,,,,,,,,,,,,,,,,,,,,,,,,,,,,,,,,,,,,,,,,,,,,,,,,,,,,,,,,,,,,,,,,,,,,,,,,,,,,,,,,,,,,,,,1.0,1.0,,,,,,,,,,,,,,,,,,,,,,,,,,,,,,,,,,,,,,,,,,2023,,,,,,973.0,97.0,1070.0,191.0,93.0,44.0,35.0,16.0,5.0,19.0,9.0,4.0,3.0,1.0,210.0,103.0,49.0,39.0,18.0,6.0,,,1065.108451,179.0990066,1244.207458,225.5704618,98.20668651,323.7771483,,,,
38.0,2.24,0.0,0.0,40.0,12.11764706,3.0,39.0,18.0,7.0,4.0,1.0,,5.0,1.0,,,,,5.15,3.0,1.82352941,,5.0,2.0,,,,,4.0,23.0,10.33333333,,,,,,4.0,9.0,12.0,5.0,18.0,2.0,,17.0,,,,,,,,,,,,,,,,,,,,,,,,,,,,,,,,,,,,,,,,,,,14.17647059,Jordan Mason,SF,FA,63,4360569,,FA,,{},"['RB', 'RB/WR', 'RB/WR/TE', 'OP', 'BE', 'IR']",,,,,,,,40.0,3.0,1.0,,,,,,,,,,,,,,,,,,,,,,,,,,,,,,,,,,,,,,,,,,,,,,,,,,,,,,,,,,,,,,,,,5.0,,1.0,,,,,,,,,,,,,,,,,,,,,,,,,,,,,,,,,,,,,,,,,,,,,,,,,,,,,,,,,,,,,,,,,,,,,,,,,,,,,,,,,,,,,,,,,,,,,,,,,,,,,,,,,,,,,,,,,,,,,,,,,,,,,,,,,,,,,,,,,,,,,,,,,,,,,,,,,,,,,,,,,,,,,2023,,,,13.0,1.0,,,,,,,,,,,,,,,,,,,,,,,,,,,,,,,,
102.0,8.5,0.0,0.0,42.0,4.5,1.0,10.0,3.0,,,,,3.0,,,,,,1.28571429,,,,,,,,,,,,,2.0,2.0,,,4.0,,,7.0,5.0,42.0,1.0,,12.0,,,,,,,,,,,,,,,,,,,,,,,,,,,,,,,,,,,,,,,,,,,4.0,Kenny Pickett,PHI,FA,30,4240703,,FA,,{},"['QB', 'OP', 'BE', 'IR']",,,,,,,,,,,,,,,,,,,,,,324.0,201.0,123.0,172.5,6.0,410.0,203.0,98.0,77.0,36.0,16.0,36.0,14.0,19.0,6.0,3.0,2.0,,,4.0,0.62037037,23.0,,2.0,1.0,,,,,,,,,,,,,,,,,,,,,,,,,,,,,,,,,,,,,,,,,,,,,,,,,,,,,,,,,,,,,,,,,,,,,,,,,,,,,,,,,,,,,,,,,,,,,,,,,,,,,,,,,,,,,,,,,,,,,,,,,,,,,,,,,,,,,,,,,,,,,,,,,,,,,,,,,,,,,,,,,,,,,,,,,,,,,,,,,,,,,,,,,,,,,,,,,,,,2023,,,91.0,12.0,,,,,,,,,,,,,,,,,,,,,,,,,,,,,,,,,
58.0,3.62,0.0,0.0,1.0,1.4375,,4.0,2.0,1.0,,,,,,,,,,23.0,26.0,23.1875,4.0,71.0,34.0,15.0,10.0,3.0,2.0,39.0,89.0,14.26923077,,2.0,,1.0,1.0,,1.0,10.0,6.0,24.0,,,16.0,,,,,,,,,,,,,,,,,,,,,,,,,,,,,,,,,,,,,,,,,,,15.11764706,Demarcus Robinson,LAR,FA,67,3043116,,FA,,{},"['RB/WR', 'WR', 'WR/TE', 'RB/WR/TE', 'OP', 'BE', 'IR']",,,,,,2.0,1.0,20.0,2.0,,,,,,,,,,,3.0,1.0,,,,,,,,,,,,,,,,,,,,,,,,,,,,,,,,,,,,,,,,,,,,,,,,,,,,,,1.0,,,,,,,,,,,,,,,,,,,,,,,,,,,,,,,,,,,,,,,,,,,,,,,,,,,,,,,,,,,,,,,,,,,,,,,,,,,,,,,,,,,,,,,,,,,,,,,,,,,,,,,,,,,,,,,,,,,,,,,,,,,,,,,,,,,,,,,,,,,,,,,,,,,,,,,,,,,,,,,,,,,,,,,2023,,,,1.0,20.0,,,,,,,,,,,,,,,,,,,,,,,,,,,,,,,,
36.0,2.4,0.0,0.0,,,,,,,,,,,,,,,,,43.0,27.86666667,,79.0,36.0,17.0,9.0,3.0,2.0,85.0,155.0,9.72093023,,1.0,,,,2.0,2.0,2.0,13.0,,,,15.0,,,,,,,,,,,,,,,,,,,,,,,,,,,,,,,,,,,,,,,,,,,15.11764706,Jonathan Mingo,CAR,FA,91,4426485,,FA,,{},"['Rookie', 'RB/WR', 'WR', 'WR/TE', 'RB/WR/TE', 'OP', 'BE', 'IR']",,,,,,1.0,,,,,,,,,,,,,,,,,,,,,,,,,,,,,,,,,,,,,,,,,,,,,,,,,,,,,,,,,,,,,,,,,,,,,,,,,,,,,,,,,,,,,,,,,,,,,,,,,,,,,,,,,,,,,,,,,,,,,,,,,,,,,,,,,,,,,,,,,,,,,,,,,,,,,,,,,,,,,,,,,,,,,,,,,,,,,,,,,,,,,,,,,,,,,,,,,,,,,,,,,,,,,,,,,,,,,,,,,,,,,,,,,,,,,,,,,,,,2023,,,,,15.0,,,,,,,,,,,,,,,,,,,,,,,,,,,,,,,,
50.0,4.17,0.0,0.0,3.0,2.41666667,1.0,4.0,1.0,,,,,,,,,,,9.66666667,24.0,29.5,2.0,66.0,31.0,13.0,9.0,3.0,1.0,42.0,105.0,14.75,,1.0,,,,,,8.0,4.0,18.0,,1.0,12.0,,,,,,,,,,,,,,,,,,,,,,,,,,,,,,,,,,,,,,,,,,,15.11764706,Jameson Williams,DET,FA,75,4426388,,FA,,{},"['RB/WR', 'WR', 'WR/TE', 'RB/WR/TE', 'OP', 'BE', 'IR']",,1.0,,,,1.0,,,,,,,,,,,,,,,,,,,,,,,,,,,,,,,,,,,,,,,,,,,,,,,,,,,,,,,,,,,,,,,,,,,,,,1.0,,,,,,,,,,,,,,,,,,,,,,,,,,,,,,,,,,,,,,,,,,,,,,,,,,,,,,,,,,,,,,,,,,,,,,,,,,,,,,,,,,,,,,,,,,,,,,,,,,,,,,,,,,,,,,,,,,,,,,,,,,,,,,,,,,,,,,,,,,,,,,,,,,,,,,,,,,,,,,,,,,,,,,2023,,,,1.0,14.0,,,,,,,,,,,,,,,,,,,,,,,,,,,,,,,,
20.0,1.54,0.0,0.0,11.0,2.38461538,,6.0,2.0,,,,,,,,,,,2.81818182,27.0,13.0,1.0,30.0,12.0,4.0,3.0,,2.0,38.0,128.0,6.25925926,,1.0,,,,,,8.0,5.0,6.0,,,13.0,,,,,,,,,,,,,,,,,,,,,,,,,,,,,,,,,,,,,,,,,,,15.11764706,Kadarius Toney,KC,FA,126,4240600,,FA,,{},"['RB/WR', 'WR', 'WR/TE', 'RB/WR/TE', 'OP', 'BE', 'IR']",,,,,,1.0,,,,,,,,,,,,,,1.0,,1.0,,1.0,,,,,,,,,,,,,,,,,,,,,,,,,,,,,,,,,,,,,,,,,,,,,,,,,,,,,,,,,,,,,,,,,,,,,,,,,,,,,,,,,,,,,,,,,,,,,,,,,,,,,,,,,,,,58.0,5.0,2.0,,,,,,,,,,,,,,,,,,,,,,,,,,,,,,,,,,,,,,,,,,,,,,,,,,,,,,,,,,,,,,,,,,,,,,,,,,,,,,,,,,,,,,,,,,,,,,,,,,,,,,,,,,,,2023,,,,2.0,12.0,,,,,,,,,,,,,,,,,,,,,,,,,,,,,,,,
64.0,3.76,0.0,0.0,76.0,24.11764706,1.0,77.0,34.0,14.0,10.0,2.0,,9.0,,,,,,5.39473684,31.0,9.41176471,2.0,29.0,12.0,3.0,2.0,,1.0,36.0,290.0,5.16129032,,,,,,1.0,1.0,8.0,9.0,18.0,1.0,,17.0,,,,,,,,,,,,,,,,,,,,,,,,,,,,,,,,,,,,,,,,,,,14.17647059,Jaleel McLaughlin,DEN,FA,45,4722893,,FA,,{},"['Rookie', 'RB', 'RB/WR', 'RB/WR/TE', 'OP', 'BE', 'IR']",,,,,,,,,,,,,,,,,,,,,1.0,,,,,,,,,,,,,,,,,,,,,,,,,,,,,,,,,,,,,,,,,,,,,,,,,,,,,1.0,,,,,,,,,,,,,,,,,,,,,,,,,,,,,,,,,,,,,,,,,,,,,,,,,,,,,,,,,,,,,,,,,,,,,,,,,,,,,,,,,,,,,,,,,,,,,,,,,,,,,,,,,,,,,,,,,,,,,,,,,,,,,,,,,,,,,,,,,,,,,,,,,,,,,,,,,,,,,,,,,,,,,,,,2023,,,,16.0,5.0,,,,,,,,,,,,,,,,,,,,,,,,,,,,,,,,
32.0,2.29,0.0,0.0,,,,,,,,,,,,,,,,,23.0,22.21428571,1.0,58.0,26.0,11.0,6.0,1.0,,49.0,56.0,13.52173913,,,,,,1.0,1.0,6.0,8.0,6.0,,,14.0,,,,,,,,,,,,,,,,,,,,,,,,,,,,,,,,,,,,,,,,,,,15.11764706,Allen Lazard,NYJ,FA,98,3128390,,FA,,{},"['RB/WR', 'WR', 'WR/TE', 'RB/WR/TE', 'OP', 'BE', 'IR']",,,,,,,,,,,,,,,,,,,,,,,,,,,,,,,,,,,,,,,,,,,,,,,,,,,,,,,,,,,,,,,,,,,,,,,,,,1.0,,,,,,,,,,,,,,,,,,,,,,,,,,,,,,,,,,,,,,,,,,,,,,,,,,,,,,,,,,,,,,,,,,,,,,,,,,,,,,,,,,,,,,,,,,,,,,,,,,,,,,,,,,,,,,,,,,,,,,,,,,,,,,,,,,,,,,,,,,,,,,,,,,,,,,,,,,,,,,,,,,,,,,,,2023,,,,,17.0,,,,,,,,,,,,,,,,,,,,,,,,,,,,,,,,
64.0,4.27,0.0,0.0,9.0,5.8,1.0,15.0,6.0,2.0,1.0,,,,,,,,,9.66666667,60.0,35.0,1.0,102.0,46.0,20.0,15.0,4.0,6.0,78.0,287.0,8.75,,,,,,,,5.0,10.0,12.0,,,15.0,,,,,,,,,,,,,,,,,,,,,,,,,,,,,,,,,,,,,,,,,,,15.11764706,Wan'Dale Robinson,NYG,FA,64,4569587,,FA,,{},"['RB/WR', 'WR', 'WR/TE', 'RB/WR/TE', 'OP', 'BE', 'IR']",,,,,,,,,,,,,,,,,,,,1.0,,,,,,,,,,,,,,,,,,,,,,,,,,,,,,,,,,,,,,,,,,,,,,,,,,,,,,,,,1.0,,,,,,,,,,,,,,,,,,,,,,,,,,,,,,,,,,,,,,,,,,,,,,,,,,,,,,,,,,,,,,,,,,,,,,,,,,,,,,,,,,,,,,,,,,,,,,,,,,,,,,,,,,,,,,,,,,,,,,,,,,,,,,,,,,,,,,,,,,,,,,,,,,,,,,,,,,,,,,,,,,,,,2023,,,,4.0,29.0,,,,,,,,,,,,,,,,,,,,,,,,,,,,,,,,
41.0,2.93,0.0,0.0,77.0,22.78571429,2.0,60.0,28.0,12.0,9.0,3.0,,11.0,4.0,,,,,4.14285714,1.0,0.92857143,,2.0,1.0,,,,,2.0,14.0,13.0,,,,,,2.0,5.0,8.0,6.0,12.0,1.0,,14.0,,,,,,,,,,,,,,,,,,,,,,,,,,,,,,,,,,,,,,,,,,,,Royce Freeman,LAR,FA,60,3122672,,FA,,{},"['RB', 'RB/WR', 'RB/WR/TE', 'OP', 'BE', 'IR']",,,,,,,,,,,,,,,,,,,,,,,,,,,,,,,,,,,,,,,,,,,,,,,,,,,,,,,,,,,,,,,,,,,,,,,,,,,3.0,,1.0,,,,,,,,,,,,,,,,,,,,,,,,,,,,,,,,,,,,,,,,,,,,,,,,,,,,,,,,,,,,,,,,,,,,,,,,,,,,,,,,,,,,,,,,,,,,,,,,,,,,,,,,,,,,,,,,,,,,,,,,,,,,,,,,,,,,,,,,,,,,,,,,,,,,,,,,,,,,,,,,,,,,,2023,,,,17.0,1.0,,,,,,,,,,,,,,,,,,,,,,,,,,,,,,,,
105.0,7.0,127.62,7.51,,,,,,,,,,,,,,,,,,,,,,,,,,,,,,,,,,,,2.0,13.0,92.0,,,15.0,,,,,,,,,,,,,,,,,,,,,,,,,,,,,,,,,,,,,,,,,,,17.0,Eddy Pineiro,CAR,FA,27,4034949,,FA,,{},"['K', 'BE', 'IR']",,,,,,,,,,,,,,,,,,,,,,,,,,,,,,,,,,,,,,,,,,,,,,,,,,,,,,,,,,,,,,,,,,,,,,,,,,,,,,,5.0,7.0,7.0,9.0,2.0,13.0,13.0,,25.0,29.0,4.0,17.0,20.0,3.0,5.0,7.0,4.198982169,5.922019624,1.723037456,7.966807657,9.450031316,1.483223659,15.96677291,16.12805345,0.161280534,28.13256274,31.50010439,3.367541649,30.22212146,30.83889945,0.616777989,4.198982169,5.922019624,1.723037456,,,,,,,,,,,,,,,,,,,,,,,,,,,,,,,,,,,,,,,,,,,,,,,,,,,,,,,,,,,,,,,,,,,,,,,,,,,,,,,,,,,,,,,2.0,2.0,,,,,,,,,,,,,,,,,,,,,,,,,,,,,,,,,,,,,,,,,,2023,,,,,,978.0,198.0,1176.0,190.0,94.0,44.0,33.0,12.0,2.0,38.0,18.0,8.0,6.0,2.0,229.0,113.0,54.0,40.0,15.0,5.0,,,1064.254569,164.6275033,1228.882072,226.7450371,93.04402261,319.7890597,,,,
125.0,7.35,127.66,7.51,,,,,,,,,,,,,,,,,,,,,,,,,,,,,,,,,,,,4.0,13.0,106.0,,,17.0,,,,,,,,,,,,,,,,,,,,,,,,,,,,,,,,,,,,,,,,,,,17.0,Matt Prater,ARI,FA,21,11122,,FA,,{},"['K', 'BE', 'IR']",,,,,,,,,,,,,,,,,,,,,,,,,,,,,,,,,,,,,,,,,,,,,,,,,,,,,,,,,,,,,,,,,,,,,,,,,,,,,,,9.0,12.0,6.0,7.0,1.0,13.0,14.0,1.0,28.0,33.0,5.0,22.0,23.0,1.0,8.0,11.0,4.096016096,5.984847803,1.888831708,7.815934629,9.550289048,1.734354418,15.83296658,16.29915997,0.466193397,27.7449173,31.83429683,4.089379523,32.50913118,33.92029325,1.411162079,4.096016096,5.984847803,1.888831708,,,,,,,,,,,,,,,,,,,,,,,,,,,,,,,,,,,,,,,,,,,,,,,,,,,,,,,,,,,,,,,,,,,,,,,,,,,,,,,,,,,,,,,3.0,3.0,1.0,,,,,,,,,,,,,,1.0,,,,,,,,,,,,,,,,,,,,,,,,,,,2023,,,,,,1225.0,239.0,1521.0,239.0,115.0,53.0,43.0,18.0,5.0,46.0,22.0,9.0,8.0,3.0,298.0,144.0,66.0,55.0,24.0,8.0,,,1047.890925,194.0286629,1241.919588,221.1848692,101.9969122,323.1817814,,,,
63.0,12.6,0.0,0.0,10.0,5.0,,4.0,1.0,,,,,1.0,,,,,,2.5,,,,,,,,,,,,,,2.0,,,8.0,1.0,1.0,1.0,4.0,42.0,,,5.0,,,,,,,,,,,,,,,,,,,,,,,,,,,,,,,,,,,,,,,,,,,4.0,Nick Mullens,MIN,FA,40,3059989,,FA,,{},"['QB', 'OP', 'BE', 'IR']",,,,,,,,,,,,,,,,,,,,,,148.0,100.0,48.0,261.2,7.0,259.0,129.0,63.0,50.0,24.0,11.0,18.0,8.0,6.0,2.0,1.0,,2.0,,8.0,0.67567568,12.0,2.0,3.0,,1.0,2.0,,,,,,,,,,,,,,,,,,,,,,,,,,,,,,,,,,,,,,,,,,,,,,,,,,,,,,,,,,,,,,,,,,,,,,,,,,,,,,,,,,,,,,,,,,,,,,,,,,,,,,,,,,,,,,,,,,,,,,,,,,,,,,,,,,,,,,,,,,,,,,,,,,,,,,,,,,,,,1.0,,,,,,,,,,,,,,,,,,,,,,,,,,,,,,,,,,,,,2023,,,57.0,4.0,,,,,,,,,,,,,,,,,,,,,,,,,,,,,,,,,
44.0,2.59,89.03,6.36,107.0,23.82352941,2.0,76.0,34.0,13.0,9.0,3.0,,16.0,4.0,1.0,,,,3.78504673,8.0,1.88235294,,4.0,,,,,,12.0,39.0,4.0,1.0,1.0,1.0,1.0,1.0,,,5.0,12.0,12.0,1.0,,17.0,113.2774006,32.31405752,4.107269254,0.186842053,91.0,45.0,22.0,18.0,9.0,22.0,11.0,0.220578772,0.15440514,0.542102718,0.0185,4.044048359,11.53154635,0.654232149,0.033419016,0.038327432,0.025046977,32.0,16.0,8.0,6.0,3.0,23.034,4.0,2.0,0.062501879,0.001933048,30.62800622,7.097187972,0.220261069,0.004663571,0.880799489,0.179103116,1.059902605,0.405167765,0.100297745,0.50546551,0.50546551,14.17647059,Joshua Kelley,LAC,FA,59,3910544,,FA,,{},"['RB', 'RB/WR', 'RB/WR/TE', 'OP', 'BE', 'IR']",,,,,,,,16.0,1.0,,,,,,,,,,,,,,,,,,,,,,,,,,,,,,,,,,,,,,,,,,,,,,,,,,,,,,,,,,,,,,,,,,,,,,,,,,,,,,,,,,,,,,,,,,,,,,,,,,,,,,,,,,,,,,,,,,,,,,,,,,,,,,,,,,,,,,,,,,,,,,,,,,,,,,,,,,,,,,,,,,,,,,,,,,,,,,,,,,,,,,,,,,,,,,,,,,,,,,,,,,,,,,,,,,,,,,,,,,,,,,,,,,,,,,,,,2023,,,,21.0,,,,,,,,,,,,,,,,,,,,,,,,,,,,,,27.48379888,8.876067923,,
37.0,3.36,0.0,0.0,,,,,,,,,,,,,,,,,34.0,32.0,1.0,66.0,31.0,13.0,11.0,3.0,2.0,46.0,169.0,10.35294118,,,,,,,,5.0,6.0,6.0,,,11.0,,,,,,,,,,,,,,,,,,,,,,,,,,,,,,,,,,,,,,,,,,,15.11764706,Luke Musgrave,GB,FA,31,4428085,,FA,,{},"['Rookie', 'WR/TE', 'TE', 'RB/WR/TE', 'OP', 'BE', 'IR']",,,,,,,,,,,,,,,,,,,,,1.0,,,,,,,,,,,,,,,,,,,,,,,,,,,,,,,,,,,,,,,,,,,,,,,,,,,,,,,,,,,,,,,,,,,,,,,,,,,,,,,,,,,,,,,,,,,,,,,,,,,,,,,,,,,,,,,,,,,,,,,,,,,,,,,,,,,,,,,,,,,,,,,,,,,,,,,,,,,,,,,,,,,,,,,,,,,,,,,,,,,,,,,,,,,,,,,,,,,,,,,,,,,,,,,,,,,,,,,,,,,,,2023,,,,,14.0,,,,,,,,,,,,,,,,,,,,,,,,,,,,,,,,
119.0,7.0,0.0,0.0,,,,,,,,,,,,,,,,,,,,,,,,,,,,,,,,,,1.0,1.0,9.0,8.0,115.0,,,17.0,,,,,,,,,,,,,,,,,,,,,,,,,,,,,,,,,,,,,,,,,,,17.0,Anders Carlson,GB,FA,23,4242519,,FA,,{},"['Rookie', 'K', 'BE', 'IR']",,,,,,,,,,,,,,,,,,,,,,,,,,,,,,,,,,,,,,,,,,,,,,,,,,,,,,,,,,,,,,,,,,,,,,,,,,,,,,,3.0,5.0,4.0,8.0,4.0,20.0,20.0,,27.0,33.0,6.0,34.0,39.0,5.0,3.0,4.0,,,,,,,,,,,,,,,,,,,,,,,,,,,,,,,,,,,,,,,,,,,,,,,,,,,,,,,,,,,,,,,,,,,,,,,,,,,,,,,,,,,,,,,,,,,,,,,,,,,,,,,,,2.0,1.0,1.0,1.0,,,,,,,,,,,,,,,,,,,,,,,,,,,,,,,,,,,,,,,,2023,,,,,,969.0,264.0,1233.0,186.0,88.0,40.0,32.0,11.0,1.0,51.0,24.0,11.0,7.0,1.0,239.0,115.0,54.0,41.0,17.0,2.0,,,,,,,,,,,,
34.0,2.83,0.0,0.0,44.0,14.91666667,,33.0,15.0,7.0,4.0,1.0,,5.0,1.0,,,,,4.06818182,14.0,13.0,1.0,29.0,13.0,6.0,4.0,1.0,,15.0,194.0,11.14285714,1.0,1.0,,,,2.0,5.0,7.0,5.0,6.0,,,12.0,,,,,,,,,,,,,,,,,,,,,,,,,,,,,,,,,,,,,,,,,,,14.17647059,Chase Brown,CIN,FA,64,4362238,,FA,,{},"['Rookie', 'RB', 'RB/WR', 'RB/WR/TE', 'OP', 'BE', 'IR']",,1.0,1.0,,,,,44.0,4.0,1.0,,,,,,,,,,,,,,,,,,,,,,,,,,,,,,,,,,,,,,,,,,,,,,,,,,,,,,,,,,,,,,,,,3.0,,,,,,,,,,,,,,,,,,,,,,,,,,,,,,,,,,,,,,,,,,,,,,,,,,,,,,,,,,,,,,,,,,,,,,,,,,,,,,,,,,,,,,,,,,,,,,,,,,,,,,,,,,,,,,,,,,,,,,,,,,,,,,,,,,,,,,,,,,,,,,,,,,,,,,,,,,,,,,,,,,,,,,,2023,,,,6.0,4.0,,,,,,,,,,,,,,,,,,,,,,,,,,,,,,,,
44.0,3.14,0.0,0.0,1.0,0.5,,1.0,,,,,,,,,,,,7.0,40.0,30.42857143,1.0,81.0,38.0,15.0,12.0,3.0,3.0,75.0,126.0,10.65,,,,,,1.0,2.0,8.0,6.0,6.0,,,14.0,,,,,,,,,,,,,,,,,,,,,,,,,,,,,,,,,,,,,,,,,,,15.11764706,Robert Woods,HOU,FA,84,15880,,FA,,{},"['RB/WR', 'WR', 'WR/TE', 'RB/WR/TE', 'OP', 'BE', 'IR']",,,,,,,,,,,,,,,,,,,,1.0,,,,,,,,,,,,,,,,,,,,,,,,,,,,,,,,,,,,,,,,,,,,,,,,,,,,,,,1.0,,,,,,,,,,,,,,,,,,,,,,,,,,,,,,,,,,,,,,,,,,,,,,,,,,,,,,,,,42.0,3.0,,,,,,,,,,,,,,,,,,,,,,,,,,,,,,,,,,,,,,,,,,,,,,,,,,,,,,,,,,,,,,,,,,,,,,,,,,,,,,,,,,,,,,,,,,,,,,,,,,,,,,,,,,,,,2023,,,,,26.0,,,,,,,,,,,,,,,,,,,,,,,,,,,,,,,,
64.0,12.8,0.0,0.0,27.0,28.8,1.0,28.0,13.0,5.0,5.0,1.0,,4.0,1.0,,,,,5.33333333,,,,,,,,,,,-5.0,,,5.0,,4.0,5.0,,,,5.0,24.0,1.0,,5.0,,,,,,,,,,,,,,,,,,,,,,,,,,,,,,,,,,,,,,,,,,,4.0,Easton Stick,LAC,FA,39,3120590,,FA,,{},"['QB', 'OP', 'BE', 'IR']",,,,,,,,,,,,,,,,,,,,,,174.0,111.0,63.0,225.8,3.0,224.0,110.0,53.0,43.0,21.0,9.0,19.0,9.0,10.0,4.0,1.0,1.0,,,1.0,0.63793103,14.0,5.0,1.0,1.0,,,,,,,,,,,,,,,,,,,,,,,,,,,,,,,,,,,,,,,,,,,,,,,,,,,,,,,,,,,,,,,,,,,,,,,,,,,,,,,,,,,,,,,,,,,,,,,,,,,,,,,,,,,,,,,,,,,,,,,,,,,,,,,,,,,,,,,,,,,,,,,,,,,,,,,,4.0,,,,,,,,,,,,,,,,,,,,,,,,,,,,,,,,,,,,,,,,,,,,2023,,,53.0,11.0,,,,,,,,,,,,,,,,,,,,,,,,,,,,,,,,,
30.0,7.5,0.0,0.0,46.0,28.0,2.0,21.0,10.0,4.0,3.0,1.0,,8.0,3.0,,,,,2.43478261,10.0,25.75,,19.0,8.0,3.0,3.0,1.0,,14.0,134.0,10.3,,,,,,,,1.0,3.0,12.0,2.0,,4.0,,,,,,,,,,,,,,,,,,,,,,,,,,,,,,,,,,,,,,,,,,,,Darrell Henderson Jr.,None,FA,68,4039359,,FA,,{},"['RB', 'RB/WR', 'RB/WR/TE', 'OP', 'BE', 'IR']",,,,,,,,,,,,,,,,,,,,,,,,,,,,,,,,,,,,,,,,,,,,,,,,,,,,,,,,,,,,,,,,,,,,,,,,,,,,,,,,,,,,,,,,,,,,,,,,,,,,,,,,,,,,,,,,,,,,,,,,,,,,,,,,,,,,,,,,,,,,,,,,,,,,,,,,,,,,,,,,,,,,,,,,,,,,,,,,,,,,,,,,,,,,,,,,,,,,,,,,,,,,,,,,,,,,,,,,,,,,,,,,,,,,,,,,,,,,,,,,,,2023,,,,5.0,3.0,,,,,,,,,,,,,,,,,,,,,,,,,,,,,,,,
54.0,3.18,0.0,0.0,,,,,,,,,,,,,,,,,,,,,,,,,,,,,,,,,,649.0,1084.0,2.0,15.0,,,,17.0,,,,,,,,,,,,,,,,,,,,,,,,,,,,,,,,,,,,,,,,,,,17.0,Panthers D/ST,CAR,FA,30,-16029,,FA,,{},"['D/ST', 'BE', 'IR']",,,,,,,,637.0,57.0,20.0,,,,,,,,,,,,,,,,,,,,,,,,,,,,,,,,,,,,,,,,,,,,,,,,,,,,,,,,,,,,,,,,,435.0,,,5.0,,,,,,,,,,,,,,,,,,,,,,,,,,,,,,,,,,,3.0,0.0,0.0,3.0,4.0,2.0,8.0,,,27.0,54.0,,1.0,2.0,3.0,355.0,211.0,77.0,64.0,322.0,27.0,8.0,386.0,2.0,4.0,1.0,3.0,4997.0,0.0,1.0,8.0,4.0,2.0,2.0,0.0,0.0,0.0,0.0,0.0,3.0,4.0,2.0,4.0,1.0,3.0,,,,,,,,,,,,,,,,,,,,,,,,,,,,,,,,,,,,,,,,,,,,,,,,,,,,,,,,,,,,,,,,,,,,,,,,,,,,,,,,,,,,,2023,,,,,,,,,,,,,,,,,,,,,,,,,,,,,,,,,,,,,
102.0,6.0,0.0,0.0,,,,,,,,,,,,,,,,,,,,,,,,,,,,,,,,,,734.0,1111.0,6.0,11.0,,,,17.0,,,,,,,,,,,,,,,,,,,,,,,,,,,,,,,,,,,,,,,,,,,17.0,Giants D/ST,NYG,FA,17,-16019,,FA,,{},"['D/ST', 'BE', 'IR']",,,,,,,,249.0,22.0,5.0,,,,,,,,,,,,,,,,,,,,,,,,,,,,,,,,,,,,,,,,,,,,,,,,,,,,,,,,,,,,,,,,,377.0,,,19.0,,,,,,,,,,,,,,,,,,,,,,,,,,,,,,,,,,,13.0,0.0,0.0,4.0,1.0,3.0,18.0,1.0,,34.0,68.0,,1.0,3.0,4.0,364.0,216.0,69.0,81.0,311.0,25.0,8.0,395.0,2.0,3.0,6.0,0.0,6149.0,0.0,0.0,8.0,2.0,2.0,2.0,1.0,1.0,1.0,0.0,0.0,4.0,1.0,2.0,3.0,6.0,0.0,,,,,,,,,,,,,,,,,,,,,,,,,,,,,,,,,,,,,,,,,,,,,,,,,1.0,1.0,,,,,,,,,,,,,,,,,,,,,,,,,,,,,,,,,,,2023,,,,,,,,,,,,,,,,,,,,,,,,,,,,,,,,,,,,,
83.0,4.88,42.67,2.84,,,,,,,,,,,,,,,,,40.0,35.76470588,5.0,116.0,55.0,23.0,16.0,5.0,2.0,64.0,173.0,15.2,,1.0,,1.0,1.0,,,12.0,5.0,30.0,,,17.0,,,,,,,,,,,,,,,,,18.70066506,2.466883224,0.144681713,0.172315732,0.112608331,56.0,28.0,14.0,11.0,5.0,22.48667144,4.0,2.0,0.130922557,0.004049151,35.9469375,12.5723389,0.144681713,0.001698456,,0.386012712,0.386012712,,0.216167119,0.216167119,0.216167119,15.11764706,Josh Reynolds,DET,FA,48,3115306,,FA,,{},"['RB/WR', 'WR', 'WR/TE', 'RB/WR/TE', 'OP', 'BE', 'IR']",,,,,,1.0,1.0,,,,,,,,,,,,,3.0,1.0,,,,,,,,,,,,,,,,,,,,,,,,,,,,,,,,,,,,,,,,,,,,,,,,,,,,,1.0,,,,,,,,,,,,,,,,,,,,,,,,,,,,,,,,,,,,,,,,,,,,,,,,,,,,,,,,,,,,,,,,,,,,,,,,,,,,,,,,,,,,,,,,,,,,,,,,,,,,,,,,,,,,,,,,,,,,,,,,,,,,,,,,,,,,,,,,,,,,,,,,,,,,,,,,,,,,,,,,,,,,,,,,2023,,,,,32.0,,,,,,,,,,,,,,,,,,,,,,,,,,,,,,12.78052525,,
61.0,3.81,0.0,0.0,89.0,22.5625,2.0,65.0,28.0,11.0,6.0,1.0,,11.0,2.0,,,,,4.05617978,17.0,9.0,2.0,26.0,9.0,3.0,3.0,1.0,,22.0,170.0,8.47058824,,,,,,,1.0,11.0,5.0,24.0,2.0,,16.0,,,,,,,,,,,,,,,,,,,,,,,,,,,,,,,,,,,,,,,,,,,14.17647059,Rico Dowdle,DAL,FA,47,4038815,,FA,,{},"['RB', 'RB/WR', 'RB/WR/TE', 'OP', 'BE', 'IR']",,,,,,,,86.0,7.0,2.0,,,,,,,,,,,,,,,,,,,,,,,,,,,,,,,,,,,,,,,,,,,,,,,,,,,,,,,,,,,,,,,,2.0,1.0,,,,,,,,,,,,,,,,,,,,,,,,,,,,,,,,,,,,,,,,,,,,,,,,,,,,,,,,,,,,,,,,,,,,,,,,,,,,,,,,,,,,,,,,,,,,,,,,,,,,,,,,,,,,,,,,,,,,,,,,,,,,,,,,,,,,,,,,,,,,,,,,,,,,,,,,,,,,,,,,,,,,,,,2023,,,,17.0,6.0,,,,,,,,,,,,,,,,,,,,,,,,,,,,,,,,
140.0,8.75,135.04,7.94,,,,,,,,,,,,,,,,,,,,,,,,,,,,,,,,,,,,7.0,9.0,120.0,,,16.0,,,,,,,,,,,,,,,,,,,,,,,,,,,,,,,,,,,,,,,,,,,17.0,Greg Zuerlein,NYJ,FA,12,14993,,FA,,{},"['K', 'BE', 'IR']",,,,,,,,,,,,,,,,,,,,,,,,,,,,,,,,,,,,,,,,,,,,,,,,,,,,,,,,,,,,,,,,,,,,,,,,,,,,,,,5.0,6.0,13.0,14.0,1.0,17.0,18.0,1.0,35.0,38.0,3.0,15.0,16.0,1.0,5.0,6.0,4.150496645,6.185896648,2.035400003,7.945861909,9.871111673,1.925249764,16.13848234,16.84669725,0.708214918,28.23484089,32.90370558,4.668864685,38.75414889,41.01136516,2.257216279,4.150496645,6.185896648,2.035400003,,,,,,,,,,,,,,,,,,,,,,,,,,,,,,,,,,,,,,,,,,,,,,,,,,,,,,,,,,,,,,,,,,,,,,,,,,,,,,,,,,,,,,,1.0,1.0,,,,,,,,,,,,,,,,,,,,,,,,,,,,,,,,,,,,,,,,,,2023,,,,,,1343.0,101.0,1444.0,263.0,129.0,59.0,48.0,21.0,5.0,19.0,9.0,4.0,3.0,1.0,283.0,139.0,65.0,52.0,23.0,6.0,,,1065.845075,217.7942871,1283.639362,224.1268188,109.9116002,334.038419,,,,
26.0,6.5,0.0,0.0,,,,,,,,,,,,,,,,,,,,,,,,,,,,,,,,,,,,3.0,1.0,25.0,,,4.0,,,,,,,,,,,,,,,,,,,,,,,,,,,,,,,,,,,,,,,,,,,,Michael Badgley,DET,FA,35,3123052,,FA,,{},"['K', 'BE', 'IR']",,,,,,,,,,,,,,,,,,,,,,,,,,,,,,,,,,,,,,,,,,,,,,,,,,,,,,,,,,,,,,,,,,,,,,,,,,,,,,,,,1.0,1.0,,3.0,3.0,,4.0,4.0,,13.0,15.0,2.0,,,,,,,,,,,,,,,,,,,,,,,,,,,,,,,,,,,,,,,,,,,,,,,,,,,,,,,,,,,,,,,,,,,,,,,,,,,,,,,,,,,,,,,,,,,,,,,,,,,,,,,,,,,,,,,,,,,,,,,,,,,,,,,,,,,,,,,,,,,,,,,,,,,,,,2023,,,,,,147.0,,147.0,28.0,13.0,5.0,4.0,1.0,,,,,,,28.0,13.0,5.0,4.0,1.0,,,,,,,,,,,,,
30.0,1.88,96.01,6.4,,,,,,,,,,,,,,,,,21.0,19.6875,1.0,58.0,26.0,11.0,7.0,1.0,,42.0,92.0,15.0,,1.0,,1.0,1.0,,,10.0,6.0,6.0,,,16.0,,,,,,,,,,,,,,,,,44.38447945,4.838022164,0.225200223,0.406551031,0.265681099,134.0,67.0,33.0,26.0,13.0,36.75382068,7.0,3.0,0.862377313,0.026671463,68.59880088,18.25630323,0.225200223,0.00187348,,0.425790941,0.425790941,,0.238442927,0.238442927,0.238442927,15.11764706,Marquez Valdes-Scantling,KC,FA,105,3051738,,FA,,{},"['RB/WR', 'WR', 'WR/TE', 'RB/WR/TE', 'OP', 'BE', 'IR']",,1.0,,,,1.0,1.0,,,,,,,,,,,,,,,,,,,,,,,,,,,,,,,,,,,,,,,,,,,,,,,,,,,,,,,,,,,,,,,,,,,,,,,,,,,,,,,,,,,,,,,,,,,,,,,,,,,,,,,,,,,,,,,,,,,,,,,,,,,,,,,,,,,,,,,,,,,,,,,,,,,,,,,,,,,,,,,,,,,,,,,,,,,,,,,,,,,,,,,,,,,,,,,,,,,,,,,,,,,,,,,,,,,,,,,,,,,,,,,,,,,,,,,,,,,2023,,,,,14.0,,,,,,,,,,,,,,,,,,,,,,,,,,,,,,27.70928232,,
82.0,4.82,0.0,0.0,,,,,,,,,,,,,,,,,,,,,,,,,,,,,,,,,,780.0,1219.0,6.0,11.0,,,,17.0,,,,,,,,,,,,,,,,,,,,,,,,,,,,,,,,,,,,,,,,,,,17.0,Titans D/ST,TEN,FA,26,-16010,,FA,,{},"['D/ST', 'BE', 'IR']",,,,,,,,372.0,33.0,9.0,,,,,,,,,,,,,,,,,,,,,,,,,,,,,,,,,,,,,,,,,,,,,,,,,,,,,,,,,,,,,,,,,439.0,,,13.0,,,,,,,,,,,,,,,,,,,,,,,,,,,,,,,,,,,8.0,0.0,1.0,1.0,1.0,1.0,6.0,2.0,,45.0,90.0,,,1.0,1.0,401.0,237.0,83.0,55.0,330.0,27.0,5.0,355.0,7.0,5.0,2.0,0.0,5697.0,0.0,0.0,3.0,7.0,6.0,1.0,0.0,0.0,0.0,0.0,1.0,1.0,1.0,7.0,5.0,2.0,0.0,,,,,,,,,,,,,,,,,,,,,,,,,,,,,,,,,,,,,,,,,,,,,,,,,,,,,,,,,,,,,,,,,,,,,,,,,,,,,,,,,,,,,2023,1.0,,,,,,,,,,,,,,,,,,,,,,,,,,,,,,,,,,,,
58.0,7.25,0.0,0.0,1.0,0.5,,,,,,,,,,,,,,4.0,37.0,50.75,4.0,77.0,36.0,17.0,12.0,3.0,4.0,55.0,203.0,10.97297297,,1.0,,1.0,1.0,1.0,1.0,2.0,6.0,24.0,,,8.0,,,,,,,,,,,,,,,,,,,,,,,,,,,,,,,,,,,,,,,,,,,15.11764706,Kendrick Bourne,NE,FA,67,3045523,,FA,,{},"['RB/WR', 'WR', 'WR/TE', 'RB/WR/TE', 'OP', 'BE', 'IR']",,,,,,1.0,1.0,,,,,,,,,,,,1.0,1.0,1.0,,,,,,,,,,,,,,,,,,,,,,,,,,,,,,,,,,,,,,,,,,,,,,,,,,,,,2.0,,,,,,,,,,,,,,,,,,,,,,,,,,,,,,,,,,,,,,,,,,,,,,,,,,,,,,,,,,,,,,,,,,,,,,,,,,,,,,,,,,,,,,,,,,,,,,,,,,,,,,,,,,,,,,,,,,,,,,,,,,,,,,,,,,,,,,,,,,,,,,,,,,,,,,,,,,,,,,,,,,,,,,,,2023,,,,1.0,15.0,,,,,,,,,,,,,,,,,,,,,,,,,,,,,,,,
70.0,5.38,0.0,0.0,,,,,,,,,,,,,,,,,38.0,43.46153846,3.0,109.0,50.0,21.0,18.0,6.0,2.0,58.0,139.0,14.86842105,,,,,,,,3.0,10.0,20.0,,,13.0,,,,,,,,,,,,,,,,,,,,,,,,,,,,,,,,,,,,,,,,,,,15.11764706,Michael Wilson,ARI,FA,56,4360761,,FA,,{},"['Rookie', 'RB/WR', 'WR', 'WR/TE', 'RB/WR/TE', 'OP', 'BE', 'IR']",,,,,,,,,,,,,,,,,,,,2.0,,,,,,,,,,,,,,,,,,,,,,,,,,,,,,,,,,,,,,,,,,,,,,,,,,,,1.0,,1.0,,,,,,,,,,,,,,,,,,,,,,,,,,,,,,,,,,,,,,,,,,,,,,,,,,,,,,,,,,,,,,,,,,,,,,,,,,,,,,,,,,,,,,,,,,,,,,,,,,,,,,,,,,,,,,,,,,,,,,,,,,,,,,,,,,,,,,,,,,,,,,,,,,,,,,,,,,,,,,,,,,,,,,,,2023,,,,,29.0,,,,,,,,,,,,,,,,,,,,,,,,,,,,,,,,
95.0,5.59,0.0,0.0,,,,,,,,,,,,,,,,,50.0,45.29411765,4.0,148.0,71.0,32.0,22.0,9.0,1.0,79.0,298.0,15.4,,,,,,1.0,1.0,6.0,11.0,24.0,,,17.0,,,,,,,,,,,,,,,,,,,,,,,,,,,,,,,,,,,,,,,,,,,15.11764706,Darius Slayton,NYG,FA,43,3916945,,FA,,{},"['RB/WR', 'WR', 'WR/TE', 'RB/WR/TE', 'OP', 'BE', 'IR']",,3.0,2.0,1.0,1.0,,,,,,,,,,,,,,,,,,,,,,,,,,,,,,,,,,,,,,,,,,,,,,,,,,,,,,,,,,,,,,,,,,,,,1.0,,,,,,,,,,,,,,,,,,,,,,,,,,,,,,,,,,,,,,,,,,,,,,,,,,,,,,,,,,,,,,,,,,,,,,,,,,,,,,,,,,,,,,,,,,,,,,,,,,,,,,,,,,,,,,,,,,,,,,,,,,,,,,,,,,,,,,,,,,,,,,,,,,,,,,,,,,,,,,,,,,,,,,,,2023,,,,,29.0,,,,,,,,,,,,,,,,,,,,,,,,,,,,,,,,
18.0,1.06,0.0,0.0,,,,,,,,,,,,,,,,,17.0,10.11764706,1.0,29.0,12.0,4.0,3.0,1.0,1.0,23.0,94.0,10.11764706,,,,,,1.0,2.0,7.0,10.0,6.0,,,17.0,,,,,,,,,,,,,,,,,,,,,,,,,,,,,,,,,,,,,,,,,,,15.11764706,Johnny Mundt,MIN,FA,56,3052096,,FA,,{},"['WR/TE', 'TE', 'RB/WR/TE', 'OP', 'BE', 'IR']",,,,,,,,,,,,,,,,,,,,1.0,,,,,,,,,,,,,,,,,,,,,,,,,,,,,,,,,,,,,,,,,,,,,,,,,,,,,,,1.0,,,,,,,,,,,,,,,,,,,,,,,,,,,,,,,,,,,,,,,,,,,,,,,,,,,,,,,,,,,,,,,,,,,,,,,,,,,,,,,,,,,,,,,,,,,,,,,,,,,,,,,,,,,,,,,,,,,,,,,,,,,,,,,,,,,,,,,,,,,,,,,,,,,,,,,,,,,,,,,,,,,,,,,2023,,,,,8.0,,,,,,,,,,,,,,,,,,,,,,,,,,,,,,,,
29.0,2.23,0.0,0.0,,,,,,,,,,,,,,,,,22.0,14.30769231,2.0,35.0,15.0,4.0,3.0,,,36.0,96.0,8.45454545,,,,,,,,10.0,3.0,14.0,,,13.0,,,,,,,,,,,,,,,,,,,,,,,,,,,,,,,,,,,,,,,,,,,15.11764706,Dawson Knox,BUF,FA,41,3930086,,FA,,{},"['WR/TE', 'TE', 'RB/WR/TE', 'OP', 'BE', 'IR']",,,,,,,,,,,,,,,,,,,,2.0,,,,,,,,,,,,,,,,,,,,,,,,,,,,,,,,,,,,,,,,,,,,,,,,,,,,1.0,,,,,,,,,,,,,,,,,,,,,,,,,,,,,,,,,,,,,,,,,,,,,,,,,,,,,,,,,,,,,,,,,,,,,,,,,,,,,,,,,,,,,,,,,,,,,,,,,,,,,,,,,,,,,,,,,,,,,,,,,,,,,,,,,,,,,,,,,,,,,,,,,,,,,,,,,,,,,,,,,,,,,,,,,,2023,,,,,13.0,,,,,,,,,,,,,,,,,,,,,,,,,,,,,,,,
32.0,1.88,0.0,0.0,63.0,17.11764706,1.0,54.0,24.0,12.0,7.0,1.0,,8.0,2.0,,,,,4.61904762,5.0,2.76470588,,9.0,4.0,2.0,1.0,,,8.0,73.0,9.4,1.0,1.0,1.0,1.0,1.0,7.0,9.0,11.0,6.0,6.0,1.0,,17.0,,,,,,,,,,,,,,,,,,,,,,,,,,,,,,,,,,,,,,,,,,,,Pierre Strong Jr.,CLE,FA,65,4249836,,FA,,{},"['RB', 'RB/WR', 'RB/WR/TE', 'OP', 'BE', 'IR']",,,,,,,,200.0,16.0,5.0,,,,,,,,,,,,,,,,,,,,,,,,,,,,,,,,,,,,,,,,,,,,,,,,,,,,,,,,,,,,,,,,,2.0,,,1.0,,,,,,,,,,,,,,,,,,,,,,,,,,,,,,,,,,,,,,,,,,,,,,,,,,,,,,,,,,,,,,,,,,,,,,,,,,,,,,,,,,,,,,,,,,,,,,,,,,,,,,,,,,,,,,,,,,,,,,,,,,,,,,,,,,,,,,,,,,,,,,,,,,,,,,,,,,,,,,,,,,,,2023,,,,10.0,2.0,,,,,,,,,,,,,,,,,,,,,,,,,,,,,,,,
45.0,3.21,0.0,0.0,58.0,20.28571429,2.0,54.0,25.0,10.0,8.0,3.0,,8.0,4.0,1.0,,,,4.89655172,21.0,8.5,,21.0,8.0,3.0,1.0,,1.0,30.0,109.0,5.66666667,,,,,,,,3.0,11.0,12.0,,,14.0,,,,,,,,,,,,,,,,,,,,,,,,,,,,,,,,,,,,,,,,,,,14.17647059,Emari Demercado,ARI,FA,58,4362478,,FA,,{},"['Rookie', 'RB', 'RB/WR', 'RB/WR/TE', 'OP', 'BE', 'IR']",,,,,,,,,,,,,,,,,,,,,,,,,,,,,,,,,,,,,,,,,,,,,,,,,,,,,,,,,,,,,,,,,,,,,,,,,,,,1.0,,,,,,,,,,,,,,,,,,,,,,,,,,,,,,,,,,,,,,,,,,,,,,,,,,,,,,,,,,,,,,,,,,,,,,,,,,,,,,,,,,,,,,,,,,,,,,,,,,,,,,,,,,,,,,,,,,,,,,,,,,,,,,,,,,,,,,,,,,,,,,,,,,,,,,,,,,,,,,,,,,,,,,2023,,,,12.0,4.0,,,,,,,,,,,,,,,,,,,,,,,,,,,,,,,,
125.0,7.35,126.03,7.41,,,,,,,,,,,,,,,,,,,,,,,,,,,,,,,,,,,,8.0,9.0,119.0,,,17.0,,,,,,,,,,,,,,,,,,,,,,,,,,,,,,,,,,,,,,,,,,,17.0,Wil Lutz,DEN,FA,21,2985659,,FA,,{},"['K', 'BE', 'IR']",,,,,,,,,,,,,,,,,,,,,,,,,,,,,,,,,,,,,,,,,,,,,,,,,,,,,,,,,,,,,,,,,,,,,,,,,,,,,,,3.0,5.0,4.0,5.0,1.0,23.0,24.0,1.0,30.0,34.0,4.0,29.0,31.0,2.0,3.0,5.0,3.909562555,6.180384558,2.270822003,7.560213966,9.862315784,2.302101817,15.47801307,16.8316856,1.353672537,26.94778959,32.87438595,5.926596358,35.7318802,39.41410611,3.682225919,3.909562555,6.180384558,2.270822003,,,,,,,,,,,,,,,,,,,,,,,,,,,,,,,,,,,,,,,,,,,,,,,,,,,,,,,,,,,,,,,,,,,,,,,,,,,,,,,,,,,,,,,2.0,2.0,,,,,,,,,,,,,,,,,,,,,,,,,,,,,,,,,,,,,,,,,,2023,,,,,,991.0,201.0,1192.0,192.0,92.0,43.0,32.0,13.0,3.0,39.0,18.0,8.0,6.0,2.0,231.0,111.0,52.0,41.0,17.0,5.0,,,1015.666398,266.8291461,1282.495545,211.116378,122.6243882,333.7407661,,,,
143.0,8.41,127.5,7.5,,,,,,,,,,,,,,,,,,,,,,,,,,,,,,,,,,,,9.0,8.0,130.0,,,17.0,,,,,,,,,,,,,,,,,,,,,,,,,,,,,,,,,,,,,,,,,,,17.0,Blake Grupe,NO,FA,10,4259619,,FA,,{},"['Rookie', 'K', 'BE', 'IR']",,,,,,,,,,,,,,,,,,,,,,,,,,,,,,,,,,,,,,,,,,,,,,,,,,,,,,,,,,,,,,,,,,,,,,,,,,,,,,,6.0,9.0,8.0,10.0,2.0,16.0,18.0,2.0,30.0,37.0,7.0,40.0,40.0,,6.0,9.0,3.977528656,6.195527502,2.217998846,7.671908524,9.886480056,2.214571533,15.67494822,16.87292596,1.197977743,27.3243854,32.95493352,5.630548122,35.53463219,38.79326658,3.258634393,3.977528656,6.195527502,2.217998846,,,,,,,,,,,,,,,,,,,,,,,,,,,,,,,,,,,,,,,,,,,,,,,,,,,,,,,,,,,,,,,,,,,,,,,,,,,,,,,,,,,,,,,3.0,3.0,,,,,,,,,,,,,,,,,,,,,,,,,,,,,,,,,,,,,,,,,,2023,,,,,,1141.0,308.0,1449.0,224.0,109.0,51.0,41.0,18.0,7.0,59.0,28.0,13.0,10.0,3.0,284.0,139.0,65.0,52.0,24.0,9.0,,,1030.270878,255.3669889,1285.637866,214.7865474,119.7719377,334.5584851,,,,
38.0,2.71,0.0,0.0,,,,,,,,,,,,,,,,,27.0,21.71428571,2.0,55.0,24.0,8.0,7.0,1.0,1.0,40.0,164.0,11.25925926,,,,,,2.0,3.0,6.0,8.0,14.0,,,14.0,,,,,,,,,,,,,,,,,,,,,,,,,,,,,,,,,,,,,,,,,,,15.11764706,Michael Mayer,LV,FA,30,4429086,,FA,,{},"['Rookie', 'WR/TE', 'TE', 'RB/WR/TE', 'OP', 'BE', 'IR']",,,,,,,,,,,,,,,,,,,,1.0,,,,,,,,,,,,,,,,,,,,,,,,,,,,,,,,,,,,,,,,,,,,,,,,,,,,1.0,,1.0,1.0,,,,,,,,,,,,,,,,,,,,,,,,,,,,,,,,,,,,,,,,,,,,,,,,,,,,,,,,,,,,,,,,,,,,,,,,,,,,,,,,,,,,,,,,,,,,,,,,,,,,,,,,,,,,,,,,,,,,,,,,,,,,,,,,,,,,,,,,,,,,,,,,,,,,,,,,,,,,,,,,,,,,,,,2023,,,,,19.0,,,,,,,,,,,,,,,,,,,,,,,,,,,,,,,,
81.0,7.36,0.0,0.0,38.0,17.90909091,,36.0,17.0,7.0,4.0,,,5.0,,,,,,5.18421053,,,,,,,,,,,,,2.0,4.0,,,3.0,,,2.0,9.0,30.0,,,11.0,,,,,,,,,,,,,,,,,,,,,,,,,,,,,,,,,,,,,,,,,,,4.0,Tyrod Taylor,NYJ,FA,36,14163,,FA,,{},"['QB', 'OP', 'BE', 'IR']",,,,,,,,,,,,,,,,,,,,,,180.0,116.0,64.0,121.90909091,5.0,264.0,129.0,62.0,50.0,23.0,10.0,18.0,7.0,8.0,3.0,2.0,2.0,1.0,,3.0,0.64444444,17.0,2.0,,2.0,,1.0,,,,,,,,,,,,,,,,,,,,,,,,,,,,,,,,,,,,,,,,,,,,,,,,,,,,,,,,,,,,,,,,,,,,,,,,,,,,,,,,,,,,,,,,,,,,,,,,,,,,,,,,,,,,,,,,,,,,,,,,,,,,,,,,,,,,,,,,,,,,,,,,,,,,,,,,,,,,,,,,,,,,,,,,,,,,,,,,,,,,,,,,,,,,,,,,,,2023,,,53.0,10.0,,,,,,,,,,,,,,,,,,,,,,,,,,,,,,,,,
71.0,8.88,133.05,7.83,,,,,,,,,,,,,,,,,,,,,,,,,,,,,,,,,,,,4.0,4.0,64.0,,,8.0,,,,,,,,,,,,,,,,,,,,,,,,,,,,,,,,,,,,,,,,,,,17.0,Brett Maher,LAR,FA,31,16486,,FA,,{},"['K', 'BE', 'IR']",,,,,,,,,,,,,,,,,,,,,,,,,,,,,,,,,,,,,,,,,,,,,,,,,,,,,,,,,,,,,,,,,,,,,,,,,,,,,,,3.0,7.0,7.0,9.0,2.0,7.0,7.0,,17.0,23.0,6.0,13.0,15.0,2.0,3.0,7.0,4.276414049,6.070763549,1.7943495,8.122175049,9.687388642,1.565213593,16.36781185,16.53314328,0.165331433,28.76640095,32.29129547,3.524894526,33.59876146,34.33954416,0.740782697,4.276414049,6.070763549,1.7943495,,,,,,,,,,,,,,,,,,,,,,,,,,,,,,,,,,,,,,,,,,,,,,,,,,,,,,,,,,,,,,,,,,,,,,,,,,,,,,,,,,,,,,,4.0,4.0,,,,,,,,,,,,,,,,,,,,,,,,,,,,,,,,,,,,,,,,,,2023,,,,,,679.0,254.0,933.0,134.0,65.0,31.0,24.0,9.0,4.0,49.0,24.0,11.0,9.0,4.0,184.0,90.0,43.0,34.0,14.0,6.0,,1.0,1087.458591,172.2894277,1259.748019,230.9263586,96.89487302,327.8212316,,,,
2.0,1.0,0.0,0.0,,,,,,,,,,,,,,,,,3.0,12.5,,4.0,2.0,1.0,,,,4.0,5.0,8.33333333,,,,,,,,,2.0,,,,2.0,,,,,,,,,,,,,,,,,,,,,,,,,,,,,,,,,,,,,,,,,,,15.11764706,Greg Dulcich,DEN,FA,92,4367209,,FA,,{},"['WR/TE', 'TE', 'RB/WR/TE', 'OP', 'BE', 'IR']",,,,,,,,,,,,,,,,,,,,,,,,,,,,,,,,,,,,,,,,,,,,,,,,,,,,,,,,,,,,,,,,,,,,,,,,,,,,,,,,,,,,,,,,,,,,,,,,,,,,,,,,,,,,,,,,,,,,,,,,,,,,,,,,,,,,,,,,,,,,,,,,,,,,,,,,,,,,,,,,,,,,,,,,,,,,,,,,,,,,,,,,,,,,,,,,,,,,,,,,,,,,,,,,,,,,,,,,,,,,,,,,,,,,,,,,,,,,,,,,,,2023,,,,,2.0,,,,,,,,,,,,,,,,,,,,,,,,,,,,,,,,
36.0,2.25,0.0,0.0,1.0,0.3125,,1.0,,,,,,,,,,,,5.0,24.0,17.5,2.0,53.0,24.0,10.0,8.0,2.0,2.0,41.0,152.0,11.66666667,,,,,,1.0,2.0,4.0,12.0,12.0,,1.0,16.0,,,,,,,,,,,,,,,,,,,,,,,,,,,,,,,,,,,,,,,,,,,15.11764706,Greg Dortch,ARI,FA,91,4037235,,FA,,{},"['RB/WR', 'WR', 'WR/TE', 'RB/WR/TE', 'OP', 'BE', 'IR']",,,,,,,,360.0,30.0,8.0,,,,,,,,,,1.0,,,,,,,,,,,,,,,,,,,,,,,,,,,,,,,,,,,,,,,,,,,,,,,,,,,,,,,1.0,,,,,,,,,,,,,,,,,,,,,,,,,,,,,,,,,,,,,,,,,,,,,,,,,,,,,,,,,275.0,21.0,4.0,,,,,,,,,,,,,,,,,,,,,,,,,,,,,,,,,,,,,,,,,,,,,,,,,,,,,,,,,,,,,,,,,,,,,,,,,,,,,,,,,,,,,,,,,,,,,,,,,,,,,,,,,,,,2023,,,,,14.0,,,,,,,,,,,,,,,,,,,,,,,,,,,,,,,,
75.0,5.0,0.0,0.0,1.0,0.06666667,,,,,,,,,,,,,,1.0,39.0,38.73333333,4.0,112.0,53.0,24.0,16.0,4.0,2.0,58.0,211.0,14.8974359,,3.0,,1.0,1.0,,1.0,7.0,8.0,24.0,,1.0,15.0,,,,,,,,,,,,,,,,,,,,,,,,,,,,,,,,,,,,,,,,,,,15.11764706,Dontayvion Wicks,GB,FA,53,4428850,,FA,,{},"['Rookie', 'RB/WR', 'WR', 'WR/TE', 'RB/WR/TE', 'OP', 'BE', 'IR']",,,,,,3.0,1.0,,,,,,,,,,,,,,1.0,1.0,1.0,,0.93333333,,2.0,1.0,,,,,,,,,,,,,,1.0,,,,,,,,,,,,,,,,,,,,,,,,,,,,,,,,2.0,1.0,,,,,,,,,,,,,,,,,,,,,,,,,,,,,,,,,,,,,,,,,,,,,,,,,,,,,,,,,,,,,,,,,,,,,,,,,,,,,,,,,,,,,,,,,,,,,,,,,,,,,,,,,,,,,,,,,,,,,,,,,,,,,,,,,,,,,,,,,,,,,,,,,,,,,,,,,,,,,,,,,,,,,,,2023,,,1.0,,29.0,,,,,,,,,,,,,,,,,,,,,,,,,,,,,,,,
14.0,2.33,82.12,5.87,23.0,15.66666667,1.0,16.0,7.0,2.0,2.0,,,3.0,,,,,,4.08695652,2.0,2.66666667,,3.0,1.0,,,,,2.0,16.0,8.0,,,,,,,,4.0,2.0,6.0,1.0,,6.0,93.05745129,28.00198496,2.966820822,0.143672972,79.0,39.0,19.0,15.0,7.0,18.0,9.0,0.179351562,0.125546094,0.407344403,0.013901102,4.265852017,13.31415306,1.266966929,0.063027525,0.037909461,0.024773833,37.0,18.0,9.0,7.0,3.0,26.95792192,5.0,2.0,0.070677334,0.002185897,35.46266662,7.001567102,0.206700496,0.003251393,0.572968837,0.165984013,0.73895285,0.263565665,0.092951047,0.356516712,0.356516712,14.17647059,Damien Harris,BUF,FA,90,3925347,,FA,,{},"['RB', 'RB/WR', 'RB/WR/TE', 'OP', 'BE', 'IR']",,,,,,,,41.0,4.0,1.0,,,,,,,,,,,,,,,,,,,,,,,,,,,,,,,,,,,,,,,,,,,,,,,,,,,,,,,,,,,,,,,,,,,,,,,,,,,,,,,,,,,,,,,,,,,,,,,,,,,,,,,,,,,,,,,,,,,,,,,,,,,,,,,,,,,,,,,,,,,,,,,,,,,,,,,,,,,,,,,,,,,,,,,,,,,,,,,,,,,,,,,,,,,,,,,,,,,,,,,,,,,,,,,,,,,,,,,,,,,,,,,,,,,,,,,,2023,,,,9.0,,,,,,,,,,,,,,,,,,,,,,,,,,,,,,23.34109308,10.71789297,,
113.0,6.65,135.73,7.98,,,,,,,,,,,,,,,,,,,,,,,,,,,,,,,,,,2.0,2.0,7.0,10.0,108.0,,,17.0,,,,,,,,,,,,,,,,,,,,,,,,,,,,,,,,,,,,,,,,,,,17.0,Greg Joseph,MIN,FA,25,3975763,,FA,,{},"['K', 'BE', 'IR']",,,,,,,,,,,,,,,,,,,,,,,,,,,,,,,,,,,,,,,,,,,,,,,,,,,,,,,,,,,,,,,,,,,,,,,,,,,,,,,4.0,7.0,3.0,6.0,3.0,17.0,17.0,,24.0,30.0,6.0,36.0,38.0,2.0,4.0,7.0,4.097082094,6.192704845,2.095622751,7.862081718,9.881975817,2.019894099,15.99833432,16.86523873,0.866904404,27.95749814,32.93991939,4.982421254,40.78803525,43.59567735,2.807642099,4.097082094,6.192704845,2.095622751,,,,,,,,,,,,,,,,,,,,,,,,,,,,,,,,,,,,,,,,,,,,,,,,,,,,,,,,,,,,,,,,,,,,,,,,,,,,,,,,,,,,,,,3.0,3.0,,,,,,,,,1.0,14.0,,1.0,14.0,,,,1.0,,17.0,,,,,,,,,,,,,,,,,,,,,,,2023,,,,,,831.0,252.0,1083.0,159.0,76.0,35.0,27.0,9.0,1.0,48.0,23.0,10.0,8.0,3.0,210.0,101.0,49.0,37.0,14.0,3.0,,,1054.98614,230.0659952,1285.052135,221.2424331,113.1636286,334.4060617,,,,
36.0,2.25,0.0,0.0,1.0,1.125,,3.0,1.0,,,,,,,,,,,18.0,32.0,22.9375,1.0,67.0,29.0,10.0,8.0,1.0,,56.0,59.0,11.46875,,,,,,1.0,1.0,12.0,4.0,6.0,,,16.0,,,,,,,,,,,,,,,,,,,,,,,,,,,,,,,,,,,,,,,,,,,15.11764706,Rashod Bateman,BAL,FA,91,4360939,,FA,,{},"['RB/WR', 'WR', 'WR/TE', 'RB/WR/TE', 'OP', 'BE', 'IR']",,,,,,,,,,,,,,,,,,,,,,,,,,,,,,,,,,,,,,,,,,,,,,,,,,,,,,,,,,,,,,,,,,,,,,,,,,1.0,,,,,,,,,,,,,,,,,,,,,,,,,,,,,,,,,,,,,,,,,,,,,,,,,,,,,,,,,,,,,,,,,,,,,,,,,,,,,,,,,,,,,,,,,,,,,,,,,,,,,,,,,,,,,,,,,,,,,,,,,,,,,,,,,,,,,,,,,,,,,,,,,,,,,,,,,,,,,,,,,,,,,,,,2023,,,,1.0,20.0,,,,,,,,,,,,,,,,,,,,,,,,,,,,,,,,
35.0,2.92,0.0,0.0,,,,,,,,,,,,,,,,,39.0,29.33333333,1.0,66.0,29.0,11.0,7.0,,2.0,50.0,148.0,9.02564103,,,,,,1.0,1.0,6.0,6.0,6.0,,,12.0,,,,,,,,,,,,,,,,,,,,,,,,,,,,,,,,,,,,,,,,,,,15.11764706,Tanner Hudson,CIN,FA,34,3050481,,FA,,{},"['WR/TE', 'TE', 'RB/WR/TE', 'OP', 'BE', 'IR']",,,,,,,,,,,,,,,,,,,,,,,,,,,,,,,,,,,,,,,,,,,1.0,,,,,,,,,,,,,,,,,,,,,,,,,,,,,,,1.0,,,,,,,,,,,,,,,,,,,,,,,,,,,,,,,,,,,,,,,,,,,,,,,,,,,,,,,,,,,,,,,,,,,,,,,,,,,,,,,,,,,,,,,,,,,,,,,,,,,,,,,,,,,,,,,,,,,,,,,,,,,,,,,,,,,,,,,,,,,,,,,,,,,,,,,,,,,,,,,,,,,,,,,,2023,,,,,21.0,,,,,,,,,,,,,,,,,,,,,,,,,,,,,,,,
68.0,4.0,32.47,2.16,1.0,0.58823529,,2.0,1.0,,,,,,,,,,,10.0,39.0,35.94117647,2.0,118.0,55.0,23.0,17.0,6.0,2.0,45.0,282.0,15.66666667,,1.0,,,,,,11.0,6.0,12.0,,,17.0,,,,,,,,,,,,,,,,,14.81685775,1.546631882,0.07690927,0.165703738,0.108287393,44.0,22.0,11.0,8.0,4.0,17.91774599,3.0,1.0,0.084462237,0.002612234,28.83751139,12.50135067,0.07690927,0.001576762,,0.35835492,0.35835492,,0.200678755,0.200678755,0.200678755,15.11764706,Khalil Shakir,BUF,FA,58,4373678,,FA,,{},"['RB/WR', 'WR', 'WR/TE', 'RB/WR/TE', 'OP', 'BE', 'IR']",,1.0,1.0,2.0,2.0,,,98.0,7.0,2.0,,0.23736,,211.56,,,21.0,8.0,,,,,,,,,,,,,,,,,,,,,,,,,,,,,,,,,,,,,,,,,,,,,,,,,,,,,,,,1.0,,,,,,,,,,,,,,,,,,,,,,,,,,,,,,,,,,,,,,,,,,,,,,,,,,,,,,,,,,37.0,3.0,1.0,,,,,,,,,,,,,,,,,,,,,,,,,,,,,,,,,,,,,,,,,,,,,,,,,,,,,,,,,,,,,,,,,,,,,,,,,,,,,,,,,,,,,,,,,,,,,,,,,,,,,,,,,,,,2023,,,,1.0,26.0,,,,,,,,,,,,,,,,,,,,,,,,,,,,,,9.743708739,,
30.0,1.76,0.0,0.0,,,,,,,,,,,,,,,,,29.0,14.35294118,2.0,45.0,18.0,5.0,4.0,,1.0,45.0,92.0,8.4137931,,,,,,1.0,1.0,4.0,13.0,12.0,,,17.0,,,,,,,,,,,,,,,,,,,,,,,,,,,,,,,,,,,,,,,,,,,15.11764706,Mike Gesicki,CIN,FA,40,3116164,,FA,,{},"['WR/TE', 'TE', 'RB/WR/TE', 'OP', 'BE', 'IR']",,,,,,,,,,,,,,,,,,,,1.0,,,,,,,,,,,,,,,,,,,,,,,,,,,,,,,,,,,,,,,,,,,,,,,,,,,,,,1.0,,,,1.0,,,,,,,,,,,,,,,,,,,,,,,,,,,,,,,,,,,,,,,,,,,,,,,,,,,,,,,,,,,,,,,,,,,,,,,,,,,,,,,,,,,,,,,,,,,,,,,,,,,,,,,,,,,,,,,,,,,,,,,,,,,,,,,,,,,,,,,,,,,,,,,,,,,,,,,,,,,,,,,,,,,,2023,,,,,11.0,,,,,,,,,,,,,,,,,,,,,,,,,,,,,,,,
8.0,0.67,0.0,0.0,,,,,,,,,,,,,,,,,20.0,8.66666667,,19.0,8.0,3.0,,,1.0,27.0,65.0,5.2,,,,,,,,4.0,8.0,,,,12.0,,,,,,,,,,,,,,,,,,,,,,,,,,,,,,,,,,,,,,,,,,,14.11764706,Parris Campbell,PHI,FA,157,3121410,,FA,,{},"['RB/WR', 'WR', 'WR/TE', 'RB/WR/TE', 'OP', 'BE', 'IR']",,,,,,,,191.0,18.0,5.0,,,,,,,,,,,,,,,,,,,,,,,,,,,,,,,,,1.0,,,,,,,,,,,,,,,,,,,,,,,,,,,,,,,,,,,,,,,,,,,,,,,,,,,,,,,,,,,,,,,,,,,,,,,,,,,,,,,,,,,,,,,,,,,,,,,,,,,,,,,,,,,,,,,,,,,,,,,,,,,,,,,,,,,,,,,,,,,,,,,,,,,,,,,,,,,,,,,,,,,,,,,,,,,,,,,,,,,,,,,,,,,,,,,,,,,,,,,2023,,,,,2.0,,,,,,,,,,,,,,,,,,,,,,,,,,,,,,,,
109.0,9.08,0.0,0.0,36.0,17.58333333,,39.0,16.0,5.0,5.0,1.0,,1.0,,,,,,5.86111111,,,,,,,,,,,,,4.0,11.0,3.0,7.0,14.0,1.0,1.0,5.0,7.0,50.0,,,12.0,,,,,,,,,,,,,,,,,,,,,,,,,,,,,,,,,,,,,,,,,,,,Zach Wilson,NYJ,FA,29,4361259,,FA,,{},"['QB', 'OP', 'BE', 'IR']",,,,,,,,,,,,,,,,,,,,,,368.0,221.0,147.0,189.25,8.0,451.0,223.0,110.0,85.0,39.0,16.0,37.0,15.0,24.0,7.0,2.0,2.0,1.0,1.0,7.0,0.60054348,46.0,7.0,4.0,2.0,,,,,,,,,,,,,,,,,,,,,,,,,,,,,,,,,,,,,,,,,,,,,,,,,,,,,,,,,,,,,,,,,,,,,,,,,,,,,,,,,,,,,,,,,,,,,,,,,,,,,,,,,,,,,,,,,,,,,,,,,,,,,,,,,,,,,,,,,,,,,,,,,,,,,,,,4.0,,,,,1.0,,,,,,,,,,,,,,,,,,,,,,,,,,,,,,,,,,,,,,,2023,,,104.0,7.0,,,,,,,,,,,,,,,,,,,,,,,,,,,,,,,,,
11.0,0.92,84.35,5.62,,,,,,,,,,,,,,,,,8.0,6.41666667,1.0,14.0,5.0,1.0,1.0,,,21.0,25.0,9.625,,,,,,3.0,6.0,4.0,8.0,6.0,,,12.0,4.697366499,1.876771311,0.281667835,0.010515019,5.0,2.0,1.0,1.0,,,,0.008636593,0.006045615,0.001875367,6.4e-05,6.040058042,39.17034568,3.705773233,0.217632833,0.154539715,0.100991703,118.0,59.0,29.0,23.0,11.0,45.01812487,9.0,4.0,0.608880108,0.018831344,77.60769639,13.15388997,0.228147852,0.004226007,0.090748666,0.869707478,0.960456144,0.041744386,0.487036188,0.528780574,0.528780574,15.11764706,Chase Claypool,MIA,FA,147,4046692,,FA,,{},"['RB/WR', 'WR', 'WR/TE', 'RB/WR/TE', 'OP', 'BE', 'IR']",,,,,,,,,,,,,,,,,,,,,1.0,,,,,,,,,,,,,,,,,,,,,,,,,,,,,,,,,,,,,,,,,,,,,,,,,,,,,,3.0,,,,,,,,,,,,,,,,,,,,,,,,,,,,,,,,,,,,,,,,,,,,,,,,,,,,,,,,,,,,,,,,,,,,,,,,,,,,,,,,,,,,,,,,,,,,,,,,,,,,,,,,,,,,,,,,,,,,,,,,,,,,,,,,,,,,,,,,,,,,,,,,,,,,,,,,,,,,,,,,,,,,,,,2023,,,,,4.0,,,,,,,,,,,,,,,,,,,,,,,,,,,,,3.52535566,26.95629919,,
18.0,1.06,79.51,5.3,,,,,,,,,,,,,,,,,25.0,15.0,,46.0,20.0,7.0,4.0,,1.0,37.0,152.0,10.2,,1.0,,1.0,1.0,1.0,1.0,8.0,9.0,,,,17.0,,,,,,,,,,,,,,,,,42.1559904,2.916391593,0.163556698,0.165146071,0.107922957,127.0,63.0,31.0,25.0,12.0,59.97394756,11.0,5.0,0.754542133,0.023336355,82.42420313,10.62627041,0.163556698,0.005277707,,1.199478951,1.199478951,,0.671708213,0.671708213,0.671708213,15.11764706,Hunter Renfrow,LV,FA,131,3135321,,FA,,{},"['RB/WR', 'WR', 'WR/TE', 'RB/WR/TE', 'OP', 'BE', 'IR']",,,,,,1.0,1.0,,,,,,,,,,,,,,,,,,,,,,,,,,,,,,,,,,,,,,,,,,,,,,,,,,,,,,,,,,,,,,,,,,,,,,,,,,,,,,,,,,,,,,,,,,,,,,,,,,,,,,,,,,,,,,,,,,,,,,,,,,,,,,,,,,,,,,,,,,,,,,,,,,,,,,,,,,,,,,,,,,,,,,,,,,,,,,,,,,,,,,,,,,,,,,,,,,,,,,,,,,,,,,,,,,,,,,,,,,,,,,,,,,,,,,,,,,,2023,,,,,11.0,,,,,,,,,,,,,,,,,,,,,,,,,,,,,,31.28710563,,
33.0,2.54,0.0,0.0,,,,,,,,,,,,,,,,,33.0,30.30769231,,73.0,33.0,14.0,9.0,3.0,2.0,55.0,126.0,11.93939394,,,,,,2.0,2.0,3.0,10.0,,,,13.0,,,,,,,,,,,,,,,,,,,,,,,,,,,,,,,,,,,,,,,,,,,15.11764706,DeVante Parker,PHI,FA,95,2576623,,FA,,{},"['RB/WR', 'WR', 'WR/TE', 'RB/WR/TE', 'OP', 'BE', 'IR']",,,,,,,,,,,,,,,,,,,,,,,,,,,,,,,,,,,,,,,,,,,,,,,,,,,,,,,,,,,,,,,,,,,,,,,,,,,,,,,,,,,,,,,,,,,,,,,,,,,,,,,,,,,,,,,,,,,,,,,,,,,,,,,,,,,,,,,,,,,,,,,,,,,,,,,,,,,,,,,,,,,,,,,,,,,,,,,,,,,,,,,,,,,,,,,,,,,,,,,,,,,,,,,,,,,,,,,,,,,,,,,,,,,,,,,,,,,,,,,,,,2023,,,,,17.0,,,,,,,,,,,,,,,,,,,,,,,,,,,,,,,,
0.0,0.0,0.0,0.0,6.0,4.66666667,,2.0,1.0,,,,,,,,,,,2.33333333,,,,,,,,,,,,,,2.0,,2.0,3.0,,,2.0,1.0,,,,3.0,,,,,,,,,,,,,,,,,,,,,,,,,,,,,,,,,,,,,,,,,,,,Jaren Hall,MIN,FA,73,4373632,,FA,,{},"['Rookie', 'QB', 'OP', 'BE', 'IR']",,,,,,,,,,,,,,,,,,,,,,20.0,13.0,7.0,56.0,,32.0,15.0,7.0,5.0,2.0,,2.0,,1.0,,,,,,1.0,0.65,4.0,2.0,,,,,,,,,,,,,,,,,,,,,,,,,,,,,,,,,,,,,,,,,,,,,,,,,,,,,,,,,,,,,,,,,,,,,,,,,,,,,,,,,,,,,,,,,,,,,,,,,,,,,,,,,,,,,,,,,,,,,,,,,,,,,,,,,,,,,,,,,,,,,,,,,,,,,,,,,,2.0,,,,,,,,,,,,,,,,,,,,,,,,,,,,,,,,,,,,,,,,,,,,2023,,,7.0,,,,,,,,,,,,,,,,,,,,,,,,,,,,,,,,,,
17.0,1.0,0.0,0.0,50.0,7.76470588,2.0,23.0,9.0,2.0,1.0,,,4.0,1.0,,,,,2.64,1.0,0.35294118,,1.0,,,,,,4.0,5.0,6.0,1.0,2.0,1.0,2.0,2.0,1.0,1.0,9.0,8.0,12.0,2.0,,17.0,,,,,,,,,,,,,,,,,,,,,,,,,,,,,,,,,,,,,,,,,,,14.17647059,Tank Bigsby,JAX,FA,84,4429013,,FA,,{},"['Rookie', 'RB', 'RB/WR', 'RB/WR/TE', 'OP', 'BE', 'IR']",,,,,,,,99.0,9.0,3.0,,,,,,,,,,,,,,,,,,,,,,,,,,,,,,,,,,,,,,,,,,,,,,,,,,,,,,,,,,,,,,,,,,,,,,,,,,,,,,,,,,,,,,,,,,,,,,,,,,,,,,,,,,,,,,,,,,,,,,,,,,,,,,,,,,,,,,,,,,,,,,,,,,,,,,,,,,,,,,,,,,,,,,,,,,,,,,,,,,,,,,,,,,,,,,,,,,,,,,,,,,,,,,,,,,,,,,,,,,,,,,,,,,,,,,,,2023,,,,12.0,,,,,,,,,,,,,,,,,,,,,,,,,,,,,,,,,
44.0,2.75,0.0,0.0,9.0,1.875,,7.0,3.0,,,,,,,,,,,3.33333333,22.0,23.5625,1.0,70.0,33.0,14.0,9.0,4.0,,33.0,154.0,17.13636364,,2.0,,2.0,2.0,2.0,2.0,7.0,9.0,12.0,,,16.0,,,,,,,,,,,,,,,,,,,,,,,,,,,,,,,,,,,,,,,,,,,15.11764706,Marvin Mims Jr.,DEN,FA,84,4686472,,FA,,{},"['Rookie', 'RB/WR', 'WR', 'WR/TE', 'RB/WR/TE', 'OP', 'BE', 'IR']",,1.0,1.0,1.0,1.0,,,397.0,36.0,13.0,,,,,,,,,,,,,,,,,,,,,,,,,,,,,,,,,,,,,,,,,,,,,,,,,,,,,,,,,,,,,,,,,,,,,,,,,,,,,,,,,,,,,,,,,,,,,,,,,,,,,,,,,,,,,,,,,,1.0,,,1.0,,,,,312.0,27.0,9.0,,,,,,,,,,,,,,,,,,,,,,,,,,,,,,,,,,,,,,,,,,,,,,,,,,,,,,,,,,,,,,,,,,,,,,,,,,,,,,,,,,,,,,,,,,,,,,,,,,,,,,,,,,,,2023,,,,2.0,9.0,,,,,,,,,,,,,,,,,,,,,,,,,,,,,,,,
22.0,1.29,43.27,3.09,55.0,8.88235294,1.0,26.0,10.0,2.0,1.0,,,4.0,1.0,,,,,2.74545455,17.0,5.17647059,,15.0,6.0,2.0,1.0,,1.0,21.0,89.0,5.17647059,,1.0,,,,3.0,3.0,6.0,11.0,6.0,1.0,,17.0,51.39040711,15.63865894,1.328420761,0.050860257,44.0,22.0,11.0,8.0,4.0,10.0,5.0,0.096924069,0.067846848,0.128738784,0.00439,4.314053944,7.959199242,0.448837128,0.025970137,0.035882196,0.023449015,22.0,11.0,5.0,4.0,2.0,17.03984888,3.0,1.0,0.047295945,0.001462761,21.86283538,6.621734427,0.076830394,0.002540969,0.433691227,0.143801798,0.577493025,0.199497964,0.080529007,0.280026972,0.280026972,14.17647059,Matt Breida,NYG,FA,74,3049916,,FA,,{},"['RB', 'RB/WR', 'RB/WR/TE', 'OP', 'BE', 'IR']",,,,,,1.0,,,,,,,,,,,,,,,,,,,,,,,,,,,,,,,,,,,,,,,,,,,,,,,,,,,,,,,,,,,,,,,,,,,,,,,,,,,,,,,,,,,,,,,,,,,,,,,,,,,,,,,,,,,,,,,,,,,,,,,,,,,,,,,,,,,,,,,,,,,,,,,,,,,,,,,,,,,,,,,,,,,,,,,,,,,,,,,,,,,,,,,,,,,,,,,,,,,,,,,,,,,,,,,,,,,,,,,,,,,,,,,,,,,,,,,,,,,,2023,,,,7.0,2.0,,,,,,,,,,,,,,,,,,,,,,,,,,,,,13.67026583,6.029271132,,
32.0,1.88,31.22,2.08,,,,,,,,,,,,,,,,,23.0,21.94117647,,71.0,32.0,14.0,11.0,4.0,1.0,40.0,48.0,16.2173913,,1.0,,,,1.0,1.0,6.0,11.0,,,,17.0,,,,,,,,,,,,,,,,,15.51496853,1.383324809,0.080006303,0.114282139,0.074683378,46.0,23.0,11.0,9.0,4.0,20.79212249,4.0,2.0,0.088687857,0.002742923,32.96153153,11.28070588,0.080006303,0.000972023,,0.220914276,0.220914276,,0.123711995,0.123711995,0.123711995,15.11764706,Jalin Hyatt,NYG,FA,98,4692590,,FA,,{},"['Rookie', 'RB/WR', 'WR', 'WR/TE', 'RB/WR/TE', 'OP', 'BE', 'IR']",,,,1.0,1.0,1.0,,,,,,,,,,,,,,,,,,,,,,,,,,,,,,,,,,,,,,,,,,,,,,,,,,,,,,,,,,,,,,,,,,,,,,,,,,,,,,,,,,,,,,,,,,,,,,,,,,,,,,,,,,,,,,,,,,,,,,,,,,,,,,,,,,,,,,,,,,,,,,,,,,,,,,,,,,,,,,,,,,,,,,,,,,,,,,,,,,,,,,,,,,,,,,,,,,,,,,,,,,,,,,,,,,,,,,,,,,,,,,,,,,,,,,,,,,,,2023,,,,,11.0,,,,,,,,,,,,,,,,,,,,,,,,,,,,,,10.62312732,,
118.0,10.73,0.0,0.0,17.0,1.0,1.0,,,,,,,,,,,,,0.64705882,,,,,,,,,,,,,1.0,4.0,,2.0,9.0,,,5.0,6.0,78.0,1.0,,11.0,,,,,,,,,,,,,,,,,,,,,,,,,,,,,,,,,,,,,,,,,,,8.0,Aidan O'Connell,LV,FA,28,4260394,,FA,,{},"['Rookie', 'QB', 'OP', 'BE', 'IR']",,,,,,,,,,,,,,,,,,,,,,343.0,213.0,130.0,201.63636364,12.0,438.0,216.0,105.0,82.0,38.0,16.0,39.0,18.0,22.0,9.0,1.0,,,,7.0,0.62099125,24.0,4.0,5.0,2.0,2.0,2.0,,,,,,,,,,,,,,,,,,,,,,,,,,,,,,,,,,,,,,,,,,,,,,,,,,,,,,,,,,,,,,,,,,,,,,,,,,,,,,,,,,,,,,,,,,,,,,,,,,,,,,,,,,,,,,,,,,,,,,,,,,,,,,,,,,,,,,,,,,,,,,,,,,,,,,2.0,,,,,,,,,,,,,,,,,,,,,,,,,,,,,,,,,,,,,,,,,,,,2023,,,107.0,7.0,,,,,,,,,,,,,,,,,,,,,,,,,,,,,,,,,
24.0,4.8,0.0,0.0,9.0,1.6,,1.0,,,,,,1.0,,,,,,0.88888889,,,,,,,,,,,,,1.0,1.0,,,1.0,,,2.0,3.0,12.0,,,5.0,,,,,,,,,,,,,,,,,,,,,,,,,,,,,,,,,,,,,,,,,,,15.0,Jarrett Stidham,DEN,FA,50,3892775,,FA,,{},"['QB', 'OP', 'BE', 'IR']",,,,,,,,,,,,,,,,,,,,,,66.0,40.0,26.0,99.2,2.0,98.0,49.0,24.0,18.0,9.0,4.0,8.0,4.0,4.0,2.0,1.0,1.0,,,1.0,0.60606061,7.0,,,,1.0,,,,,,,,,,,,,,,,,,,,,,,,,,,,,,,,,,,,,,,,,,,,,,,,,,,,,,,,,,,,,,,,,,,,,,,,,,,,,,,,,,,,,,,,,,,,,,,,,,,,,,,,,,,,,,,,,,,,,,,,,,,,,,,,,,,,,,,,,,,,,,,,,,,,,,,,,,,,,,,,,,,,,,,,,,,,,,,,,,,,,,,,,,,,,,,,,,,2023,,,19.0,1.0,,,,,,,,,,,,,,,,,,,,,,,,,,,,,,,,,
165.0,10.31,0.0,0.0,53.0,12.0625,5.0,36.0,15.0,4.0,4.0,,,5.0,1.0,,,,,3.64150943,1.0,-0.375,,,,,,,,1.0,,-6.0,6.0,12.0,3.0,7.0,19.0,2.0,2.0,6.0,10.0,102.0,5.0,,16.0,,,,,,,,,,,,,,,,,,,,,,,,,,,,,,,,,,,,,,,,,,,4.0,Desmond Ridder,ARI,FA,22,4239086,,FA,,{},"['QB', 'OP', 'BE', 'IR']",,,,,,,,,,,,,,,,,,,,,,388.0,249.0,139.0,177.25,12.0,562.0,277.0,134.0,106.0,50.0,22.0,42.0,17.0,20.0,6.0,1.0,1.0,3.0,2.0,12.0,0.64175258,31.0,6.0,5.0,3.0,2.0,1.0,,,,,,,,,,,,,,,,,,,,,,,,,,,,,,,,,,,,,,,,,,,,,,,,,,,,,,,,,,,,,,,,,,,,,,,,,,,,,,,,,,,,,,,,,,,,,,,,,,,,,,,,,,,,,,,,,,,,,,,,,,,,,,,,,,,,,,,,,,,,,,,,,,,,,,4.0,,,,,,,,,,,,,,,,,,,,,,,,,,,,,,,,,,,,,,,,,,,,2023,,,136.0,18.0,,,,,,,,,,,,,,,,,,,,,,,,,,,,,,,,,
1.0,0.1,0.0,0.0,9.0,1.9,,3.0,1.0,,,,,,,,,,,2.11111111,,,,,,,,,,,,,,,,,,,,6.0,4.0,,,,10.0,,,,,,,,,,,,,,,,,,,,,,,,,,,,,,,,,,,,,,,,,,,13.17647059,Zach Evans,LAR,FA,123,4685035,,FA,,{},"['Rookie', 'RB', 'RB/WR', 'RB/WR/TE', 'OP', 'BE', 'IR']",,,,,,,,,,,,,,,,,,,,,,,,,,,,,,,,,,,,,,,,,,,,,,,,,,,,,,,,,,,,,,,,,,,,,,,,,,,,,,,,,,,,,,,,,,,,,,,,,,,,,,,,,,,,,,,,,,,,,,,,,,,,,,,,,,,,,,,,,,,,,,,,,,,,,,,,,,,,,,,,,,,,,,,,,,,,,,,,,,,,,,,,,,,,,,,,,,,,,,,,,,,,,,,,,,,,,,,,,,,,,,,,,,,,,,,,,,,,,,,,,,2023,,,,,,,,,,,,,,,,,,,,,,,,,,,,,,,,,,,,,
15.0,0.88,0.0,0.0,1.0,0.23529412,,,,,,,,,,,,,,4.0,20.0,12.29411765,,35.0,15.0,5.0,2.0,,,43.0,25.0,10.45,,,,,,1.0,1.0,6.0,11.0,,,,17.0,,,,,,,,,,,,,,,,,,,,,,,,,,,,,,,,,,,,,,,,,,,15.11764706,Van Jefferson,PIT,FA,136,3930066,,FA,,{},"['RB/WR', 'WR', 'WR/TE', 'RB/WR/TE', 'OP', 'BE', 'IR']",,,,,,,,,,,,,,,,,,,,,,,,,,,,,,,,,,,,,,,,,,,,,,,,,,,,,,,,,,,,,,,,,,,,,,,,,,,,,,,,,,,,,,,,,,,,,,,,,,,,,,,,,,,,,,,,,,,,,,,,,,,,,,,,,,,,,,,,,,,,,,,,,,,,,,,,,,,,,,,,,,,,,,,,,,,,,,,,,,,,,,,,,,,,,,,,,,,,,,,,,,,,,,,,,,,,,,,,,,,,,,,,,,,,,,,,,,,,,,,,,,2023,,,,,10.0,,,,,,,,,,,,,,,,,,,,,,,,,,,,,,,,
58.0,3.41,0.0,0.0,,,,,,,,,,,,,,,,,32.0,30.23529412,2.0,98.0,46.0,20.0,15.0,4.0,,65.0,97.0,16.0625,,,,,,2.0,2.0,9.0,8.0,12.0,,1.0,17.0,,,,,,,,,,,,,,,,,,,,,,,,,,,,,,,,,,,,,,,,,,,15.11764706,Alec Pierce,IND,FA,67,4360078,,FA,,{},"['RB/WR', 'WR', 'WR/TE', 'RB/WR/TE', 'OP', 'BE', 'IR']",,1.0,1.0,1.0,1.0,,,,,,,,,,,,,,,,,,,,,,,,,,,,,,,,,,,,,,,,,,,,,,,,,,,,,,,,,,,,,,,,,,,,,,,,,,,,,,,,,,,,,,,,,,,,,,,,,,,,,,,,,,,,,,,,,,,,,,,,,,,,,,,,,,,,,,,,,,,,,,,,,,,,,,,,,,,,,,,,,,,,,,,,,,,,,,,,,,,,,,,,,,,,,,,,,,,,,,,,,,,,,,,,,,,,,,,,,,,,,,,,,,,,,,,,,,,,,2023,,,,,24.0,,,,,,,,,,,,,,,,,,,,,,,,,,,,,,,,
21.0,2.33,0.0,0.0,,,,,,,,,,,,,,,,,16.0,14.66666667,2.0,24.0,11.0,4.0,3.0,1.0,1.0,21.0,34.0,8.25,,2.0,,1.0,1.0,,,4.0,5.0,12.0,,,9.0,,,,,,,,,,,,,,,,,,,,,,,,,,,,,,,,,,,,,,,,,,,15.11764706,Parker Washington,JAX,FA,124,4432620,,FA,,{},"['Rookie', 'RB/WR', 'WR', 'WR/TE', 'RB/WR/TE', 'OP', 'BE', 'IR']",,,,,,1.0,1.0,51.0,5.0,2.0,,,,,,,,,,,,,,,,,,,,,,,,,,,,,,,,,,,,,,,,,,,,,,,,,,,,,,,,,,,,,,,,2.0,,,,,,,,,,,,,,,,,,,,,,,,,,,,,,,,,,,,,,,,,,,,,,,,,,,,,,,,,,126.0,10.0,2.0,,,,,,,,,,,,,,,,,,,,,,,,,,,,,,,,,,,,,,,,,,,,,,,,,,,,,,,,,,,,,,,,,,,,,,,,,,,,,,,,,,,,,,,,,,,,,,,,,,,,,,,,,,,,2023,,,,,5.0,,,,,,,,,,,,,,,,,,,,,,,,,,,,,,,,
0.0,0.0,0.0,0.0,,,,,,,,,,,,,,,,,,,,,,,,,,,,,,,,,,,,,,,,,,,,,,,,,,,,,,,,,,,,,,,,,,,,,,,,,,,,,,,,,,,,,Tom Brady,TB,FA,0,2330,,FA,,{},"['QB', 'OP', 'BE', 'IR']",,,,,,,,,,,,,,,,,,,,,,,,,,,,,,,,,,,,,,,,,,,,,,,,,,,,,,,,,,,,,,,,,,,,,,,,,,,,,,,,,,,,,,,,,,,,,,,,,,,,,,,,,,,,,,,,,,,,,,,,,,,,,,,,,,,,,,,,,,,,,,,,,,,,,,,,,,,,,,,,,,,,,,,,,,,,,,,,,,,,,,,,,,,,,,,,,,,,,,,,,,,,,,,,,,,,,,,,,,,,,,,,,,,,,,,,,,,,,,,,,,2023,,,,,,,,,,,,,,,,,,,,,,,,,,,,,,,,,,,,,
16.0,0.94,0.0,0.0,41.0,6.35294118,,18.0,6.0,1.0,,,,3.0,,,,,,2.63414634,10.0,8.23529412,,25.0,10.0,4.0,3.0,,,12.0,136.0,14.0,,,,,,,,9.0,8.0,,,,17.0,,,,,,,,,,,,,,,,,,,,,,,,,,,,,,,,,,,,,,,,,,,14.17647059,D'Ernest Johnson,JAX,FA,85,3139602,,FA,,{},"['RB', 'RB/WR', 'RB/WR/TE', 'OP', 'BE', 'IR']",,,,,,,,126.0,11.0,1.0,,,,,,,,,,,,,,,,,,,,,,,,,,,,,,,,,,,,,,,,,,,,,,,,,,,,,,,,,,,,,,,,,,,,,,,,,,,,,,,,,,,,,,,,,,,,,,,,,,,,,,,,,,,,,,,,,,,,,,,,,,,,,,,,,,,,,,,,,,,,,,,,,,,,,,,,,,,,,,,,,,,,,,,,,,,,,,,,,,,,,,,,,,,,,,,,,,,,,,,,,,,,,,,,,,,,,,,,,,,,,,,,,,,,,,,,2023,,,,5.0,6.0,,,,,,,,,,,,,,,,,,,,,,,,,,,,,,,,
29.0,3.62,0.0,0.0,41.0,19.5,1.0,29.0,14.0,5.0,4.0,1.0,,5.0,2.0,,,,,3.80487805,10.0,14.625,,21.0,9.0,3.0,3.0,1.0,,11.0,128.0,11.7,,,,,,,,4.0,4.0,6.0,1.0,,8.0,,,,,,,,,,,,,,,,,,,,,,,,,,,,,,,,,,,,,,,,,,,14.17647059,Kendre Miller,NO,FA,70,4599739,,FA,,{},"['Rookie', 'RB', 'RB/WR', 'RB/WR/TE', 'OP', 'BE', 'IR']",,,,,,,,,,,,,,,,,,,,,,,,,,,,,,,,,,,,,,,,,,,,,,,,,,,,,,,,,,,,,,,,,,,,,,,,,,,,,,,,,,,,,,,,,,,,,,,,,,,,,,,,,,,,,,,,,,,,,,,,,,,,,,,,,,,,,,,,,,,,,,,,,,,,,,,,,,,,,,,,,,,,,,,,,,,,,,,,,,,,,,,,,,,,,,,,,,,,,,,,,,,,,,,,,,,,,,,,,,,,,,,,,,,,,,,,,,,,,,,,,,2023,,,,11.0,5.0,,,,,,,,,,,,,,,,,,,,,,,,,,,,,,,,
60.0,8.57,0.0,0.0,20.0,5.57142857,,5.0,2.0,,,,,1.0,,,,,,1.95,,,,,,,,,,,,,1.0,1.0,,,9.0,,,4.0,3.0,42.0,,,7.0,,,,,,,,,,,,,,,,,,,,,,,,,,,,,,,,,,,,,,,,,,,4.0,Jimmy Garoppolo,LAR,FA,43,16760,,FA,,{},"['QB', 'OP', 'BE', 'IR']",,,,,,,,,,,,,,,,,,,,,,169.0,110.0,59.0,172.14285714,7.0,239.0,118.0,59.0,46.0,22.0,10.0,20.0,9.0,9.0,2.0,,,1.0,1.0,9.0,0.65088757,14.0,,4.0,2.0,,1.0,,,,,,,,,,,,,,,,,,,,,,,,,,,,,,,,,,,,,,,,,,,,,,,,,,,,,,,,,,,,,,,,,,,,,,,,,,,,,,,,,,,,,,,,,,,,,,,,,,,,,,,,,,,,,,,,,,,,,,,,,,,,,,,,,,,,,,,,,,,,,,,,,,,,,,,,,,,,,,,,,,,,,,,,,,,,,,,,,,,,,,,,,,,,,,,,,,2023,,,60.0,6.0,,,,,,,,,,,,,,,,,,,,,,,,,,,,,,,,,
22.0,2.44,0.0,0.0,,,,,,,,,,,,,,,,,18.0,20.44444444,1.0,34.0,16.0,6.0,3.0,1.0,1.0,32.0,67.0,10.22222222,,,,,,1.0,1.0,1.0,8.0,6.0,,,9.0,,,,,,,,,,,,,,,,,,,,,,,,,,,,,,,,,,,,,,,,,,,15.11764706,Hayden Hurst,LAC,FA,48,3924365,,FA,,{},"['WR/TE', 'TE', 'RB/WR/TE', 'OP', 'BE', 'IR']",,,,,,,,,,,,,,,,,,,,1.0,,,,,,,,,,,,,,,,,,,,,,,,,,,,,,,,,,,,,,,,,,,,,,,,,,,,,,,,,,,,,,,,,,,,,,,,,,,,,,,,,,,,,,,,,,,,,,,,,,,,,,,,,,,,,,,,,,,,,,,,,,,,,,,,,,,,,,,,,,,,,,,,,,,,,,,,,,,,,,,,,,,,,,,,,,,,,,,,,,,,,,,,,,,,,,,,,,,,,,,,,,,,,,,,,,,,,,,,,,,,,,2023,,,,,7.0,,,,,,,,,,,,,,,,,,,,,,,,,,,,,,,,
21.0,1.5,75.69,5.82,50.0,12.92857143,,34.0,15.0,6.0,4.0,1.0,,7.0,1.0,,,,,3.62,9.0,2.71428571,1.0,5.0,,,,,,12.0,37.0,4.22222222,1.0,1.0,,,,,,5.0,9.0,6.0,,,14.0,72.92733577,23.77006806,2.66939173,0.092365922,65.0,32.0,16.0,13.0,6.0,14.0,7.0,0.139098947,0.097369263,0.27345602,0.009332005,4.457733623,14.39257016,1.156754695,0.074050652,0.050038689,0.032700283,39.0,19.0,9.0,7.0,3.0,25.08423328,5.0,2.0,0.073674055,0.002278579,33.64142839,7.847142878,0.166416574,0.00333,0.563854514,0.193944534,0.757799048,0.259373076,0.108608939,0.367982016,0.367982016,13.67647059,Cordarrelle Patterson,ATL,FA,77,15807,,FA,,{},"['RB', 'RB/WR', 'RB/WR/TE', 'OP', 'BE', 'IR']",,,,,,,,153.0,13.0,4.0,0.35259695,,862.5467626,,86.0,34.0,,,,1.0,,,,,,,,,,,,,,,,,,,,,,,,,,,,,,,,,,,,,,,,,,,,,,,,,,,,,,,,,,,,,,,,,,,,,,,,,,,,,,,,,,,,,,,,,,,,,,,,,,,,,,,,,,,,,,,,,,,,,,,,,,,,,,,,,,,,,,,,,,,,,,,,,,,,,,,,,,,,,,,,,,,,,,,,,,,,,,,,,,,,,,,,,,,,,,,,,,,,,,,,,,,,,,,,,,,,,,,,,,,,,,2023,,,,9.0,2.0,,,,,,,,,,,,,,,,,,,,,,,,,,,,,19.46938381,10.46889189,,
99.0,9.0,0.0,0.0,26.0,8.72727273,,18.0,7.0,2.0,2.0,,,1.0,,,,,,3.69230769,,,,,,,,,,,,,1.0,3.0,1.0,2.0,14.0,,1.0,2.0,9.0,60.0,,,11.0,,,,,,,,,,,,,,,,,,,,,,,,,,,,,,,,,,,,,,,,,,,4.0,Mac Jones,JAX,FA,31,4241464,,FA,,{},"['QB', 'OP', 'BE', 'IR']",,,,,,,,,,,,,,,,,,,,,,345.0,224.0,121.0,192.72727273,10.0,422.0,210.0,102.0,80.0,39.0,17.0,41.0,18.0,20.0,7.0,1.0,1.0,1.0,,12.0,0.64927536,22.0,2.0,5.0,3.0,1.0,,,,,,,,,,,,,,,,,,,,,,,,,,,,1.0,,,,,,,,,,,,,,,,,,,,,,,,,,,,,,,,,,,,,,,,,,,,,,,,,,,,,,,,,,,,,,,,,,,,,,,,,,,,,,,,,,,,,,,,,,,,,,,,,,,,,,,,,,,,,,,,,,,,,,,,,,,1.0,,,,,,,,,,,,,,,,,,,,,,,,,,,,,,,,,,,,,,,,,,,,2023,,,100.0,11.0,,,,,,,,,,,,,,,,,,,,,,,,,,,,,,,,,
4.0,2.0,0.0,0.0,12.0,20.0,,8.0,4.0,2.0,,,,2.0,,,,,,3.33333333,,,,,,,,,,,,,,,,,,,,2.0,,,,,2.0,,,,,,,,,,,,,,,,,,,,,,,,,,,,,,,,,,,,,,,,,,,,Leonard Fournette,BUF,FA,110,3115364,,FA,,{},"['RB', 'RB/WR', 'RB/WR/TE', 'OP', 'BE', 'IR']",,,,,,,,17.0,1.0,,,,,,,,,,,,,,,,,,,,,,,,,,,,,,,,,,,,,,,,,,,,,,,,,,,,,,,,,,,,,,,,,,,,,,,,,,,,,,,,,,,,,,,,,,,,,,,,,,,,,,,,,,,,,,,,,,,,,,,,,,,,,,,,,,,,,,,,,,,,,,,,,,,,,,,,,,,,,,,,,,,,,,,,,,,,,,,,,,,,,,,,,,,,,,,,,,,,,,,,,,,,,,,,,,,,,,,,,,,,,,,,,,,,,,,,,2023,,,,2.0,,,,,,,,,,,,,,,,,,,,,,,,,,,,,,,,,
37.0,9.25,0.0,0.0,10.0,2.0,,1.0,,,,,,1.0,,,,,,0.8,,,,,,,,,,,,,1.0,3.0,,1.0,1.0,,,3.0,1.0,18.0,,,4.0,,,,,,,,,,,,,,,,,,,,,,,,,,,,,,,,,,,,,,,,,,,4.0,Mason Rudolph,TEN,FA,47,3116407,,FA,,{},"['QB', 'OP', 'BE', 'IR']",,,,,,,,,,,,,,,,,,,,,,74.0,55.0,19.0,179.75,3.0,142.0,71.0,34.0,27.0,13.0,5.0,9.0,3.0,3.0,1.0,3.0,3.0,,,,0.74324324,6.0,2.0,,,,,,,,,,,,,,,,,,,,,,,,,,,,,,,,,,,,,,,,,,,,,,,,,,,,,,,,,,,,,,,,,,,,,,,,,,,,,,,,,,,,,,,,,,,,,,,,,,,,,,,,,,,,,,,,,,,,,,,,,,,,,,,,,,,,,,,,,,,,,,,,,,,,,,,,,,1.0,,,,,,,,,,,,,,,,,,,,,,,,,,,,,,,,,,,,,,,,,,,,2023,,,26.0,4.0,,,,,,,,,,,,,,,,,,,,,,,,,,,,,,,,,
63.0,6.3,0.0,0.0,17.0,8.3,1.0,14.0,6.0,1.0,1.0,,,1.0,,,,,,4.88235294,,,,,,,,,,,,,,2.0,,1.0,10.0,,,2.0,8.0,42.0,,,10.0,,,,,,,,,,,,,,,,,,,,,,,,,,,,,,,,,,,,,,,,,,,4.0,Bailey Zappe,NE,FA,40,4250360,,FA,,{},"['QB', 'OP', 'BE', 'IR']",,,,,,,,,,,,,,,,,,,,,,212.0,127.0,85.0,127.2,6.0,251.0,123.0,60.0,47.0,21.0,8.0,20.0,8.0,13.0,3.0,,,,,9.0,0.5990566,25.0,2.0,1.0,4.0,1.0,,,,,,,,,,,,,,,,,,,,,,,,,,,,,1.0,,,,,,,,,,,,,,,,,,,,,,,,,,,,,,,,,,,,,,,,,,,,,,,,,,,,,,,,,,,,,,,,,,,,,,,,,,,,,,,,,,,,,,,,,,,,,,,,,,,,,,,,,,,,,,,,,,,,,,,,,,1.0,,,,,,,,,,,,,,,,,,,,,,,,,,,,,,,,,,,,,,,,,,,,2023,,,53.0,6.0,,,,,,,,,,,,,,,,,,,,,,,,,,,,,,,,,
12.0,1.5,0.0,0.0,,,,,,,,,,,,,,,,,10.0,11.125,1.0,15.0,6.0,2.0,1.0,,,21.0,32.0,8.9,,,,,,,,2.0,6.0,6.0,,,8.0,,,,,,,,,,,,,,,,,,,,,,,,,,,,,,,,,,,,,,,,,,,,Jalen Guyton,LAC,FA,145,3932430,,FA,,{},"['RB/WR', 'WR', 'WR/TE', 'RB/WR/TE', 'OP', 'BE', 'IR']",,,,,,,,,,,,,,,,,,,,,,,,,,,,,,,,,,,,,,,,,,,,,,,,,,,,,,,,,,,,,,,,,,,,,,,,,,1.0,,,,,,,,,,,,,,,,,,,,,,,,,,,,,,,,,,,,,,,,,,,,,,,,,,,,,,,,,,,,,,,,,,,,,,,,,,,,,,,,,,,,,,,,,,,,,,,,,,,,,,,,,,,,,,,,,,,,,,,,,,,,,,,,,,,,,,,,,,,,,,,,,,,,,,,,,,,,,,,,,,,,,,,,2023,,,,,6.0,,,,,,,,,,,,,,,,,,,,,,,,,,,,,,,,
57.0,3.56,0.0,0.0,,,,,,,,,,,,,,,,,27.0,28.75,3.0,88.0,41.0,17.0,13.0,4.0,1.0,53.0,47.0,17.03703704,,1.0,,1.0,1.0,2.0,2.0,10.0,6.0,18.0,,,16.0,,,,,,,,,,,,,,,,,,,,,,,,,,,,,,,,,,,,,,,,,,,15.11764706,Justin Watson,KC,FA,70,3118892,,FA,,{},"['RB/WR', 'WR', 'WR/TE', 'RB/WR/TE', 'OP', 'BE', 'IR']",,,,,,1.0,1.0,,,,,,,,,,,,,3.0,,,,,,,,,,,,,,,,,,,,,,,,,,,,,,,,,,,,,,,,,,,,,,,,,,,,,,,,,,,,,,,,,,,,,,,,,,,,,,,,,,,,,,,,,,,,,,,,,,,,,,,,,,,,,,,,,,,,,,,,,,,,,,,,,,,,,,,,,,,,,,,,,,,,,,,,,,,,,,,,,,,,,,,,,,,,,,,,,,,,,,,,,,,,,,,,,,,,,,,,,,,,,,,,,,,,,,,,,,,,,,2023,,,,,21.0,,,,,,,,,,,,,,,,,,,,,,,,,,,,,,,,
35.0,2.06,0.0,0.0,,,,,,,,,,,,,,,,,32.0,24.35294118,,78.0,35.0,15.0,12.0,3.0,1.0,43.0,177.0,12.9375,,,,,,,,9.0,8.0,,,,17.0,,,,,,,,,,,,,,,,,,,,,,,,,,,,,,,,,,,,,,,,,,,15.11764706,Noah Fant,SEA,FA,34,4036131,,FA,,{},"['WR/TE', 'TE', 'RB/WR/TE', 'OP', 'BE', 'IR']",,,,,,,,,,,,,,,,,,,,,,,,,,,,,,,,,,,,,,,,,,,,,,,,,,,,,,,,,,,,,,,,,,,,,,,,,,,,,,,,,,,,,,,,,,,,,,,,,,,,,,,,,,,,,,,,,,,,,,,,,,,,,,,,,,,,,,,,,,,,,,,,,,,,,,,,,,,,,,,,,,,,,,,,,,,,,,,,,,,,,,,,,,,,,,,,,,,,,,,,,,,,,,,,,,,,,,,,,,,,,,,,,,,,,,,,,,,,,,,,,,2023,,,,,16.0,,,,,,,,,,,,,,,,,,,,,,,,,,,,,,,,
22.0,2.0,0.0,0.0,,,,,,,,,,,,,,,,,11.0,6.72727273,3.0,12.0,4.0,1.0,1.0,,,19.0,28.0,6.72727273,,,,,,,,6.0,5.0,18.0,,,11.0,,,,,,,,,,,,,,,,,,,,,,,,,,,,,,,,,,,,,,,,,,,,Julio Jones,PHI,FA,119,13982,,FA,,{},"['RB/WR', 'WR', 'WR/TE', 'RB/WR/TE', 'OP', 'BE', 'IR']",,,,,,,,,,,,,,,,,,,,1.0,1.0,,,,,,,,,,,,,,,,,,,,,,,,,,,,,,,,,,,,,,,,,,,,,,,,,,,,,1.0,,,,,,,,,,,,,,,,,,,,,,,,,,,,,,,,,,,,,,,,,,,,,,,,,,,,,,,,,,,,,,,,,,,,,,,,,,,,,,,,,,,,,,,,,,,,,,,,,,,,,,,,,,,,,,,,,,,,,,,,,,,,,,,,,,,,,,,,,,,,,,,,,,,,,,,,,,,,,,,,,,,,,,,,2023,,,,,4.0,,,,,,,,,,,,,,,,,,,,,,,,,,,,,,,,
27.0,6.75,0.0,0.0,5.0,3.5,,3.0,1.0,,,,,,,,,,,2.8,,,,,,,,,,,,,,,,,3.0,,,2.0,2.0,18.0,,,4.0,,,,,,,,,,,,,,,,,,,,,,,,,,,,,,,,,,,,,,,,,,,6.0,Drew Lock,NYG,FA,48,3924327,,FA,,{},"['QB', 'OP', 'BE', 'IR']",,,,,,,,,,,,,,,,,,,,,,76.0,48.0,28.0,135.75,3.0,106.0,52.0,26.0,20.0,10.0,4.0,8.0,4.0,3.0,1.0,,,,,3.0,0.63157895,6.0,,,,2.0,1.0,,,,,,,,,,,,,,,,,,,,,,,,,,,,,,,,,,,,,,,,,,,,,,,,,,,,,,,,,,,,,,,,,,,,,,,,,,,,,,,,,,,,,,,,,,,,,,,,,,,,,,,,,,,,,,,,,,,,,,,,,,,,,,,,,,,,,,,,,,,,,,,,,,,,,,,,,,,,,,,,,,,,,,,,,,,,,,,,,,,,,,,,,,,,,,,,,,2023,,,20.0,1.0,,,,,,,,,,,,,,,,,,,,,,,,,,,,,,,,,
22.0,3.14,0.0,0.0,15.0,7.85714286,,10.0,4.0,2.0,1.0,,,1.0,,,,,,3.66666667,,,,,,,,,,,,,,,,,,,,6.0,1.0,18.0,,,7.0,,,,,,,,,,,,,,,,,,,,,,,,,,,,,,,,,,,,,,,,,,,,Tyler Huntley,CLE,FA,52,4035671,,FA,,{},"['QB', 'OP', 'BE', 'IR']",,,,,,,,,,,,,,,,,,,,,,37.0,21.0,16.0,29.0,3.0,39.0,18.0,8.0,6.0,2.0,1.0,4.0,1.0,2.0,1.0,,,,,,0.56756757,4.0,,1.0,1.0,1.0,,,,,,,,,,,,,,,,,,,,,,,,,,,,,,,,,,,,,,,,,,,,,,,,,,,,,,,,,,,,,,,,,,,,,,,,,,,,,,,,,,,,,,,,,,,,,,,,,,,,,,,,,,,,,,,,,,,,,,,,,,,,,,,,,,,,,,,,,,,,,,,,,,,,,,,,,,,,,,,,,,,,,,,,,,,,,,,,,,,,,,,,,,,,,,,,,,,2023,,,13.0,3.0,,,,,,,,,,,,,,,,,,,,,,,,,,,,,,,,,
13.0,0.93,0.0,0.0,35.0,11.42857143,,29.0,13.0,5.0,4.0,1.0,,5.0,1.0,,,,,4.57142857,3.0,0.92857143,,1.0,,,,,,6.0,6.0,4.33333333,,,,,,,,8.0,6.0,,,,14.0,,,,,,,,,,,,,,,,,,,,,,,,,,,,,,,,,,,,,,,,,,,14.17647059,Trey Sermon,IND,FA,91,4241401,,FA,,{},"['RB', 'RB/WR', 'RB/WR/TE', 'OP', 'BE', 'IR']",,,,,,,,,,,,,,,,,,,,,,,,,,,,,,,,,,,,,,,,,,,,,,,,,,,,,,,,,,,,,,,,,,,,,,,,,,,,,,,,,,,,,,,,,,,,,,,,,,,,,,,,,,,,,,,,,,,,,,,,,,,,,,,,,,,,,,,,,,,,,,,,,,,,,,,,,,,,,,,,,,,,,,,,,,,,,,,,,,,,,,,,,,,,,,,,,,,,,,,,,,,,,,,,,,,,,,,,,,,,,,,,,,,,,,,,,,,,,,,,,,2023,,,,7.0,,,,,,,,,,,,,,,,,,,,,,,,,,,,,,,,,
31.0,2.38,0.0,0.0,51.0,19.0,2.0,46.0,21.0,9.0,6.0,1.0,,7.0,2.0,,,,,4.84313725,2.0,0.92307692,,2.0,,,,,,2.0,19.0,6.0,1.0,1.0,1.0,1.0,1.0,1.0,1.0,4.0,9.0,12.0,1.0,,13.0,,,,,,,,,,,,,,,,,,,,,,,,,,,,,,,,,,,,,,,,,,,13.17647059,Chris Rodriguez Jr.,WSH,FA,66,4362619,,FA,,{},"['Rookie', 'RB', 'RB/WR', 'RB/WR/TE', 'OP', 'BE', 'IR']",,,,,,,,,,,,,,,,,,,,,,,,,,,,,,,,,,,,,,,,,,,,,,,,,,,,,,,,,,,,,,,,,,,,,,,,,,,,1.0,,,,,,,,,,,,,,,,,,,,,,,,,,,,,,,,,,,,,,,,,,,,,,,,,,,,,,,,,,,,,,,,,,,,,,,,,,,,,,,,,,,,,,,,,,,,,,,,,,,,,,,,,,,,,,,,,,,,,,,,,,,,,,,,,,,,,,,,,,,,,,,,,,,,,,,,,,,,,,,,,,,,,,2023,,,,14.0,1.0,,,,,,,,,,,,,,,,,,,,,,,,,,,,,,,,
44.0,2.93,0.0,0.0,,,,,,,,,,,,,,,,,22.0,19.73333333,3.0,55.0,26.0,11.0,7.0,1.0,,38.0,57.0,13.45454545,,,,,,,,9.0,6.0,18.0,,1.0,15.0,,,,,,,,,,,,,,,,,,,,,,,,,,,,,,,,,,,,,,,,,,,15.11764706,Cedrick Wilson Jr.,NO,FA,84,4036335,,FA,,{},"['RB/WR', 'WR', 'WR/TE', 'RB/WR/TE', 'OP', 'BE', 'IR']",,,,,,,,,,,,,,,,,,,,2.0,,,,,,,,,,,,,,,,,,,,,,,1.0,,,,,,,,,,,,,,,,,,,,,,,,,,,,,,,,,,,,,,,,,,,,,,,,,,,,,,,,,,,,,,,,,,,,,,,,,,,,,,,,,,,,,,,,,30.0,3.0,1.0,,,,,,,,,,,,,,,,,,,,,,,,,,,,,,,,,,,,,,,,,,,,,,,,,,,,,,,,,,,,,,,,,,,,,,,,,,,,,,,,,,,,,,,,,,,,,,,,,,,,,,,,,,,,2023,,,,,14.0,,,,,,,,,,,,,,,,,,,,,,,,,,,,,,,,
0.0,0.0,0.0,0.0,1.0,1.0,,,,,,,,,,,,,,1.0,1.0,6.0,,1.0,,,,,,1.0,3.0,6.0,,,,,,,,,1.0,,,,1.0,,,,,,,,,,,,,,,,,,,,,,,,,,,,,,,,,,,,,,,,,,,13.17647059,Evan Hull,IND,FA,137,4569609,,FA,,{},"['Rookie', 'RB', 'RB/WR', 'RB/WR/TE', 'OP', 'BE', 'IR']",,,,,,,,,,,,,,,,,,,,,,,,,,,,,,,,,,,,,,,,,,,,,,,,,,,,,,,,,,,,,,,,,,,,,,,,,,,,,,,,,,,,,,,,,,,,,,,,,,,,,,,,,,,,,,,,,,,,,,,,,,,,,,,,,,,,,,,,,,,,,,,,,,,,,,,,,,,,,,,,,,,,,,,,,,,,,,,,,,,,,,,,,,,,,,,,,,,,,,,,,,,,,,,,,,,,,,,,,,,,,,,,,,,,,,,,,,,,,,,,,,2023,,,,,,,,,,,,,,,,,,,,,,,,,,,,,,,,,,,,,
6.0,0.75,0.0,0.0,35.0,9.25,,13.0,5.0,2.0,1.0,,,5.0,1.0,,,,,2.11428571,4.0,3.25,,4.0,1.0,,,,,4.0,31.0,6.5,,,,,,,,2.0,6.0,,,,8.0,,,,,,,,,,,,,,,,,,,,,,,,,,,,,,,,,,,,,,,,,,,14.17647059,Keaontay Ingram,KC,FA,103,4362087,,FA,,{},"['RB', 'RB/WR', 'RB/WR/TE', 'OP', 'BE', 'IR']",,,,,,,,,,,,,,,,,,,,,,,,,,,,,,,,,,,,,,,,,,,,,,,,,,,,,,,,,,,,,,,,,,,,,,,,,,,,,,,,,,,,,,,,,,,,,,,,,,,,,,,,,,,,,,,,,,,,,,,,,,,,,,,,,,,,,,,,,,,,,,,,,,,,,,,,,,,,,,,,,,,,,,,,,,,,,,,,,,,,,,,,,,,,,,,,,,,,,,,,,,,,,,,,,,,,,,,,,,,,,,,,,,,,,,,,,,,,,,,,,,2023,,,,4.0,1.0,,,,,,,,,,,,,,,,,,,,,,,,,,,,,,,,
-2.0,-0.5,0.0,0.0,14.0,4.0,,2.0,1.0,,,,,2.0,1.0,,,,,1.14285714,5.0,3.5,,2.0,1.0,,,,1.0,6.0,20.0,2.8,1.0,2.0,1.0,2.0,2.0,,,2.0,2.0,,,,4.0,,,,,,,,,,,,,,,,,,,,,,,,,,,,,,,,,,,,,,,,,,,,Deon Jackson,NYG,FA,167,4240455,,FA,,{},"['RB', 'RB/WR', 'RB/WR/TE', 'OP', 'BE', 'IR']",,,,,,1.0,1.0,,,,,,,,,,,,,,,,,,,,,,,,,,,,,,,,,,,,,,,,,,,,,,,,,,,,,,,,,,,,,,,,,,,,,,,,,,,,,,,,,,,,,,,,,,,,,,,,,,,,,,,,,,,,,,,,,,,,,,,,,,,,,,,,,,,,,,,,,,,,,,,,,,,,,,,,,,,,,,,,,,,,,,,,,,,,,,,,,,,,,,,,,,,,,,,,,,,,,,,,,,,,,,,,,,,,,,,,,,,,,,,,,,,,,,,,,,,2023,,,,1.0,,,,,,,,,,,,,,,,,,,,,,,,,,,,,,,,,
74.0,7.4,210.38,15.03,17.0,7.4,1.0,14.0,6.0,1.0,1.0,,,1.0,,,,,,4.35294118,,,,,,,,,,1.0,,,2.0,4.0,,,7.0,1.0,1.0,3.0,7.0,30.0,,,10.0,46.95449625,13.08615,2.716703459,0.105148797,36.0,18.0,9.0,7.0,3.0,9.0,4.0,0.088781796,0.062147257,0.104081088,0.003551888,3.901779695,,,,,,,,,,,,,,,,,,1.101428787,0.028113262,0.582098058,,6.389377822,0.267765107,,3.055259393,13.23986742,14.0,Ryan Tannehill,TEN,FA,37,14876,,FA,,{},"['QB', 'OP', 'BE', 'IR']",,,,,,,,,,,,,,,,,,,,,,230.0,149.0,81.0,161.6,4.0,319.0,157.0,77.0,60.0,28.0,11.0,26.0,10.0,11.0,3.0,,,,,7.0,0.64782609,32.0,2.0,2.0,1.0,1.0,,433.6322506,285.9669817,147.6652689,236.9276629,17.04718299,663.0,331.0,165.0,132.0,66.0,33.0,57.0,28.0,2.67038396,1.745095918,2.571758275,0.347377111,0.996279991,10.18460802,0.659468896,34.80754607,5.807279764,2.787494287,,,,,1.0,,,,,,,,,,,,,,,,,,,,,,,,,,,,,,,,,,,,,,,,,,,,,,,,,,,,,,,,,,,,,,,,,,,,,,,,,,,,,,,,,,,,,,,,,,,,,,,,,,,,,,,,,,,,,,,,,,,,,,,,,,,,,,,,,,,,,,,,,,,,,,,,,,,,,,,,,,,,,,,,,,,,,,2023,,,74.0,4.0,,,,,,,,,,,,,,,,,,,,,,,,,,,,,,12.7702999,,156.2466962,
33.0,1.94,0.0,0.0,5.0,1.0,,2.0,,,,,,,,,,,,3.4,29.0,19.05882353,1.0,62.0,29.0,12.0,8.0,2.0,,44.0,104.0,11.17241379,,1.0,,1.0,1.0,,,7.0,10.0,6.0,,,17.0,,,,,,,,,,,,,,,,,,,,,,,,,,,,,,,,,,,,,,,,,,,15.11764706,Brandon Powell,MIN,FA,95,3115255,,FA,,{},"['RB/WR', 'WR', 'WR/TE', 'RB/WR/TE', 'OP', 'BE', 'IR']",,,,,,,,,,,,,,,,,,,,1.0,,,,,,,,,,,,,,,,,,,,,,,,,,,,,,,,,,,,,,,,,,,,,,,,,,,,,,,,,,,,,,,,,,,,,,,,,,,,,,,,,,,,,,,,,,,,,,,,,,,,,,,,,,,,,,,,289.0,21.0,4.0,,,,,,,,,,,,,,,,,,,,,,,,,,,,,,,,,,,,,,,,,,,,,,,,,,,,,,,,,,,,,,,,,,,,,,,,,,,,,,,,,,,,,,,,,,,,,,,,,,,,,,,,,,,,2023,,,,1.0,18.0,,,,,,,,,,,,,,,,,,,,,,,,,,,,,,,,
26.0,5.2,0.0,0.0,,,,,,,,,,,,,,,,,,,,,,,,,,,,,,,,,,,,3.0,2.0,28.0,,,5.0,,,,,,,,,,,,,,,,,,,,,,,,,,,,,,,,,,,,,,,,,,,,Matt Ammendola,None,FA,35,3919602,,FA,,{},"['K', 'BE', 'IR']",,,,,,,,,,,,,,,,,,,,,,,,,,,,,,,,,,,,,,,,,,,,,,,,,,,,,,,,,,,,,,,,,,,,,,,,,,,,,,,,2.0,1.0,2.0,1.0,5.0,5.0,,6.0,9.0,3.0,10.0,11.0,1.0,,2.0,,,,,,,,,,,,,,,,,,,,,,,,,,,,,,,,,,,,,,,,,,,,,,,,,,,,,,,,,,,,,,,,,,,,,,,,,,,,,,,,,,,,,,,,,,,,,,,,,,,,,,,,,2.0,2.0,,,,,,,,,,,,,,,,,,,,,,,,,,,,,,,,,,,,,,,,,,2023,,,,,,210.0,156.0,366.0,42.0,20.0,10.0,8.0,4.0,2.0,30.0,14.0,7.0,5.0,2.0,72.0,34.0,17.0,13.0,6.0,3.0,,1.0,,,,,,,,,,
4.0,0.57,0.0,0.0,23.0,5.71428571,,6.0,1.0,,,,,2.0,,,,,,1.73913043,7.0,5.71428571,,7.0,3.0,,,,,7.0,46.0,5.71428571,,,,,,,,5.0,2.0,,,,7.0,,,,,,,,,,,,,,,,,,,,,,,,,,,,,,,,,,,,,,,,,,,14.17647059,Deuce Vaughn,DAL,FA,110,4431453,,FA,,{},"['Rookie', 'RB', 'RB/WR', 'RB/WR/TE', 'OP', 'BE', 'IR']",,,,,,,,,,,,,,,,,,,,,,,,,,,,,,,,,,,,,,,,,,,,,,,,,,,,,,,,,,,,,,,,,,,,,,,,,,,,,,,,,,,,,,,,,,,,,,,,,,,,,,,,,,,,,,,,,,,,,,,,,,,,,,,,,,,,19.0,1.0,,,,,,,,,,,,,,,,,,,,,,,,,,,,,,,,,,,,,,,,,,,,,,,,,,,,,,,,,,,,,,,,,,,,,,,,,,,,,,,,,,,,,,,,,,,,,,,,,,,,,,,,,,,,,2023,,,,1.0,1.0,,,,,,,,,,,,,,,,,,,,,,,,,,,,,,,,
11.0,0.73,0.0,0.0,,,,,,,,,,,,,,,,,13.0,10.33333333,,28.0,11.0,4.0,2.0,,,25.0,35.0,11.92307692,,1.0,,,,1.0,1.0,9.0,6.0,,,,15.0,,,,,,,,,,,,,,,,,,,,,,,,,,,,,,,,,,,,,,,,,,,15.11764706,Donovan Peoples-Jones,DET,FA,147,4258195,,FA,,{},"['RB/WR', 'WR', 'WR/TE', 'RB/WR/TE', 'OP', 'BE', 'IR']",,,,,,,,,,,,,,,,,,,,,,,,,,,,,,,,,,,,,,,,,,,,,,,,,,,,,,,,,,,,,,,,,,,,,,,,,,,,,,,,,,,,,,,,,,,,,,,,,,,,,,,,,,,,,,,,,,,,,,,,,,,,,,,,,,,,84.0,6.0,,,,,,,,,,,,,,,,,,,,,,,,,,,,,,,,,,,,,,,,,,,,,,,,,,,,,,,,,,,,,,,,,,,,,,,,,,,,,,,,,,,,,,,,,,,,,,,,,,,,,,,,,,,,,2023,,,,,7.0,,,,,,,,,,,,,,,,,,,,,,,,,,,,,,,,
8.0,0.73,77.11,5.14,1.0,0.27272727,,,,,,,,,,,,,,3.0,15.0,11.27272727,,23.0,10.0,3.0,3.0,1.0,1.0,24.0,108.0,8.26666667,,1.0,,1.0,1.0,1.0,1.0,6.0,5.0,,,,11.0,12.79694515,5.530606602,0.709338449,0.038089353,16.0,8.0,4.0,3.0,1.0,2.0,1.0,0.023632364,0.016542655,0.017537434,0.000598,6.533571696,29.11869378,3.028669973,0.145357508,0.266590678,0.174217008,88.0,44.0,22.0,17.0,8.0,35.86029124,7.0,3.0,0.279385964,0.008640803,50.35080053,12.27558729,0.183446861,0.004281837,0.255938903,0.717205825,0.973144728,0.117731895,0.401635262,0.519367157,0.519367157,15.11764706,Mecole Hardman,KC,FA,157,4035004,,FA,,{},"['RB/WR', 'WR', 'WR/TE', 'RB/WR/TE', 'OP', 'BE', 'IR']",,,,,,,,14.0,1.0,,0.292746264,0.262606609,704.2867925,239.6782609,70.0,28.0,23.0,9.0,,,,,,,,,,,,,,,,,,,,,,,,,,,,,,,,,,,,,,,,,,,,,,,,,,,,,,,,,,,,,,,,,,,,,,,,,,,,,,,,,,,,,,,,,,,,,,,,,,,,,,,,,,,,,,,,,,61.0,6.0,2.0,,,,,,,,,,,,,,,,,,,,,,,,,,,,,,,,,,,,,,,,,,,,,,,,,,,,,,,,,,,,,,,,,,,,,,,,,,,,,,,,,,,,,,,,,,,,,,,,,,,,,,,,,,,,2023,,,,,8.0,,,,,,,,,,,,,,,,,,,,,,,,,,,,,6.20136835,20.40166178,,
33.0,2.06,0.0,0.0,,,,,,,,,,,,,,,,,25.0,19.75,1.0,59.0,27.0,11.0,9.0,2.0,1.0,32.0,110.0,12.64,,2.0,,,,2.0,2.0,8.0,8.0,6.0,,1.0,16.0,,,,,,,,,,,,,,,,,,,,,,,,,,,,,,,,,,,,,,,,,,,15.11764706,Trenton Irwin,CIN,FA,95,3931391,,FA,,{},"['RB/WR', 'WR', 'WR/TE', 'RB/WR/TE', 'OP', 'BE', 'IR']",,,,,,1.0,,8.0,,,,,,,,,,,,,,,,,,,,,,,,,,,,,,,,,,,,,,,,,,,,,,,,,,,,,,,,,,,,,,,,,,,,,,,,,,,,,,,,,,,,,,,,,,,,,,,,,,,,,,,,,,,,,,,,,,,,,,,,,,,,98.0,7.0,2.0,,,,,,,,,,,,,,,,,,,,,,,,,,,,,,,,,,,,,,,,,,,,,,,,,,,,,,,,,,,,,,,,,,,,,,,,,,,,,,,,,,,,,,,,,,,,,,,,,,,,,,,,,,,,2023,,,,,15.0,,,,,,,,,,,,,,,,,,,,,,,,,,,,,,,,
22.0,1.29,57.71,4.12,,,,,,,,,,,,,,,,,34.0,16.47058824,,50.0,22.0,8.0,4.0,1.0,2.0,49.0,68.0,8.23529412,,,,,,2.0,2.0,10.0,7.0,,,,17.0,,,,,,,,,,,,,,,,,25.57531721,3.647728077,0.198058713,0.084628037,0.055304422,72.0,36.0,18.0,14.0,7.0,35.28662255,7.0,3.0,0.179471868,0.005550676,54.68870919,10.27493441,0.198058713,0.002309969,,0.524992958,0.524992958,,0.293996057,0.293996057,0.293996057,14.17647059,Allen Robinson II,PIT,FA,119,16799,,FA,,{},"['RB/WR', 'WR', 'WR/TE', 'RB/WR/TE', 'OP', 'BE', 'IR']",,,,,,,,,,,,,,,,,,,,,,,,,,,,,,,,,,,,,,,,,,,,,,,,,,,,,,,,,,,,,,,,,,,,,,,,,,,,,,,,,,,,,,,,,,,,,,,,,,,,,,,,,,,,,,,,,,,,,,,,,,,,,,,,,,,,,,,,,,,,,,,,,,,,,,,,,,,,,,,,,,,,,,,,,,,,,,,,,,,,,,,,,,,,,,,,,,,,,,,,,,,,,,,,,,,,,,,,,,,,,,,,,,,,,,,,,,,,,,,,,,2023,,,,,10.0,,,,,,,,,,,,,,,,,,,,,,,,,,,,,,18.38308362,,
15.0,3.75,0.0,0.0,26.0,20.25,1.0,15.0,7.0,2.0,1.0,,,4.0,1.0,,,,,3.11538462,3.0,11.5,,8.0,4.0,2.0,,,,3.0,28.0,15.33333333,1.0,1.0,1.0,1.0,1.0,,,2.0,2.0,6.0,1.0,,4.0,,,,,,,,,,,,,,,,,,,,,,,,,,,,,,,,,,,,,,,,,,,,Melvin Gordon III,None,FA,88,2576434,,FA,,{},"['RB', 'RB/WR', 'RB/WR/TE', 'OP', 'BE', 'IR']",,,,,,,,,,,,,,,,,,,,,,,,,,,,,,,,,,,,,,,,,,,,,,,,,,,,,,,,,,,,,,,,,,,,,,,,,,,,,,,,,,,,,,,,,,,,,,,,,,,,,,,,,,,,,,,,,,,,,,,,,,,,,,,,,,,,,,,,,,,,,,,,,,,,,,,,,,,,,,,,,,,,,,,,,,,,,,,,,,,,,,,,,,,,,,,,,,,,,,,,,,,,,,,,,,,,,,,,,,,,,,,,,,,,,,,,,,,,,,,,,,2023,,,,4.0,3.0,,,,,,,,,,,,,,,,,,,,,,,,,,,,,,,,
36.0,2.12,44.26,2.95,1.0,0.05882353,,,,,,,,,,,,,,1.0,28.0,17.94117647,2.0,55.0,24.0,8.0,7.0,,,41.0,140.0,10.89285714,,,,,,4.0,4.0,11.0,6.0,12.0,,1.0,17.0,,,,,,,,,,,,,,,,,18.55863688,2.725813096,0.126871801,0.127200558,0.083125565,56.0,28.0,14.0,11.0,5.0,27.65581649,5.0,2.0,0.118296048,0.003658641,38.43962356,10.14480706,0.126871801,0.001406499,,0.319658957,0.319658957,,0.179009016,0.179009016,0.179009016,15.11764706,Noah Gray,KC,FA,32,4240472,,FA,,{},"['WR/TE', 'TE', 'RB/WR/TE', 'OP', 'BE', 'IR']",,,,,,,,,,,,,,,,,,,,1.0,,,,,,,,,,,,,,,,,,,,,,,,,,,,,,,,,,,,,,,,,,,,,,,,,,,,,,,,,,,,,,,,,,,,,,,,,,,,,,,,,,,,,,,,,,,,,,,,,,,,,,,,,,,,,,,,,,,,,,,,,,,,,,,,,,,,,,,,,,,,,,,,,,,,,,,,,,,,,,,,,,,,,,,,,,,,,,,,,,,,,,,,,,,,,,,,,,,,,,,,,,,,,,,,,,,,,,,,,,,,,,2023,,,,,16.0,,,,,,,,,,,,,,,,,,,,,,,,,,,,,,14.00541485,,
26.0,1.62,0.0,0.0,1.0,0.6875,,2.0,1.0,,,,,,,,,,,11.0,27.0,14.875,1.0,42.0,19.0,7.0,4.0,,1.0,33.0,85.0,8.81481481,,1.0,,,,,,10.0,6.0,6.0,,,16.0,,,,,,,,,,,,,,,,,,,,,,,,,,,,,,,,,,,,,,,,,,,15.11764706,Braxton Berrios,MIA,FA,113,3123075,,FA,,{},"['RB/WR', 'WR', 'WR/TE', 'RB/WR/TE', 'OP', 'BE', 'IR']",,,,,,,,441.0,41.0,14.0,,,,,,,,,,,,,,,,,,,,,,,,,,,,,,,,,,,,,,,,,,,,,,,,,,,,,,,,,,,,,,,,1.0,,,,,,,,,,,,,,,,,,,,,,,,,,,,,,,,,,,,,,,,,,,,,,,,,,,,,,,,,,235.0,19.0,6.0,,,,,,,,,,,,,,,,,,,,,,,,,,,,,,,,,,,,,,,,,,,,,,,,,,,,,,,,,,,,,,,,,,,,,,,,,,,,,,,,,,,,,,,,,,,,,,,,,,,,,,,,,,,,2023,,,,1.0,15.0,,,,,,,,,,,,,,,,,,,,,,,,,,,,,,,,
49.0,2.88,0.0,0.0,3.0,1.29411765,,3.0,1.0,,,,,,,,,,,7.33333333,39.0,22.64705882,3.0,72.0,32.0,14.0,7.0,2.0,,68.0,103.0,9.87179487,,3.0,,1.0,1.0,1.0,1.0,9.0,8.0,18.0,,,17.0,,,,,,,,,,,,,,,,,,,,,,,,,,,,,,,,,,,,,,,,,,,15.11764706,Trey Palmer,TB,FA,78,4426407,,FA,,{},"['Rookie', 'RB/WR', 'WR', 'WR/TE', 'RB/WR/TE', 'OP', 'BE', 'IR']",,,,,,3.0,1.0,,,,,,,,,,,,,2.0,1.0,,,,,,,,,,,,,,,,,,,,,,,,,,,,,,,,,,,,,,,,,,,,,,,,,,,,,,,,,,,,,,,,,,,,,,,,,,,,,,,,,,,,,,,,,,,,,,,,,,,,,,,,,,,,,,,,,,,,,,,,,,,,,,,,,,,,,,,,,,,,,,,,,,,,,,,,,,,,,,,,,,,,,,,,,,,,,,,,,,,,,,,,,,,,,,,,,,,,,,,,,,,,,,,,,,,,,,,,,,,,,2023,,,,1.0,17.0,,,,,,,,,,,,,,,,,,,,,,,,,,,,,,,,
35.0,2.06,60.61,4.04,,,,,,,,,,,,,,,,,21.0,13.52941176,3.0,41.0,19.0,7.0,2.0,,,33.0,75.0,10.95238095,,1.0,,1.0,1.0,,,6.0,11.0,18.0,,,17.0,,,,,,,,,,,,,,,,,27.50278022,3.359185397,0.194353812,0.090276609,0.058995764,83.0,41.0,20.0,16.0,8.0,42.63213647,8.0,4.0,0.244615446,0.007565426,61.71194266,9.752673895,0.194353812,0.003751628,,0.852642729,0.852642729,,0.477479928,0.477479928,0.477479928,15.11764706,Isaiah Hodgins,NYG,FA,94,4242540,,FA,,{},"['RB/WR', 'WR', 'WR/TE', 'RB/WR/TE', 'OP', 'BE', 'IR']",,,,,,1.0,1.0,,,,,,,,,,,,,1.0,,,,,,,,,,,,,,,,,,,,,,,,,,,,,,,,,,,,,,,,,,,,,,,,,,,,,,2.0,,,,,,,,,,,,,,,,,,,,,,,,,,,,,,,,,,,,,,,,,,,,,,,,,,,,,,,,,,,,,,,,,,,,,,,,,,,,,,,,,,,,,,,,,,,,,,,,,,,,,,,,,,,,,,,,,,,,,,,,,,,,,,,,,,,,,,,,,,,,,,,,,,,,,,,,,,,,,,,,,,,,,,,,2023,,,,,12.0,,,,,,,,,,,,,,,,,,,,,,,,,,,,,,21.40669073,,
15.0,1.36,0.0,0.0,32.0,12.81818182,,25.0,11.0,4.0,3.0,,,2.0,,,,,,4.40625,11.0,4.45454545,,9.0,4.0,2.0,,,,17.0,59.0,4.45454545,,,,,,3.0,4.0,7.0,4.0,,,,11.0,,,,,,,,,,,,,,,,,,,,,,,,,,,,,,,,,,,,,,,,,,,,Patrick Taylor,GB,FA,88,4039358,,FA,,{},"['RB', 'RB/WR', 'RB/WR/TE', 'OP', 'BE', 'IR']",,,,,,,,,,,,,,,,,,,,,,,,,,,,,,,,,,,,,,,,,,,,,,,,,,,,,,,,,,,,,,,,,,,,,,,,,,,1.0,,,,,,,,,,,,,,,,,,,,,,,,,,,,,,,,,,,,,,,,,,,,,,,,,,,,,,,,,,,,,,,,,,,,,,,,,,,,,,,,,,,,,,,,,,,,,,,,,,,,,,,,,,,,,,,,,,,,,,,,,,,,,,,,,,,,,,,,,,,,,,,,,,,,,,,,,,,,,,,,,,,,,,,2023,,,,7.0,4.0,,,,,,,,,,,,,,,,,,,,,,,,,,,,,,,,
11.0,1.57,0.0,0.0,5.0,-0.85714286,,,,,,,,,,,,,,-1.2,,,,,,,,,,,,,,,,,3.0,,,3.0,4.0,12.0,,,7.0,,,,,,,,,,,,,,,,,,,,,,,,,,,,,,,,,,,,,,,,,,,4.0,Jameis Winston,CLE,FA,61,2969939,,FA,,{},"['QB', 'OP', 'BE', 'IR']",,,,,,,,,,,,,,,,,,,,,,47.0,25.0,22.0,37.71428571,2.0,52.0,26.0,13.0,9.0,4.0,2.0,4.0,2.0,3.0,1.0,,,,,3.0,0.53191489,2.0,,,2.0,,,,,,,,,,,,,,,,,,,,,,,,,,,,,,,,,,,,,,,,,,,,,,,,,,,,,,,,,,,,,,,,,,,,,,,,,,,,,,,,,,,,,,,,,,,,,,,,,,,,,,,,,,,,,,,,,,,,,,,,,,,,,,,,,,,,,,,,,,,,,,,,,,,,,,,,,,,,,,,,,,,,,,,,,,,,,,,,,,,,,,,,,,,,,,,,,,,,2023,,,10.0,,,,,,,,,,,,,,,,,,,,,,,,,,,,,,,,,,
8.0,0.89,0.0,0.0,3.0,5.66666667,,8.0,3.0,1.0,1.0,,,,,,,,,17.0,13.0,10.11111111,,15.0,5.0,1.0,,,,23.0,50.0,7.0,,,,,,1.0,1.0,3.0,6.0,,,,9.0,,,,,,,,,,,,,,,,,,,,,,,,,,,,,,,,,,,,,,,,,,,15.11764706,Tyquan Thornton,NE,FA,157,4362921,,FA,,{},"['RB/WR', 'WR', 'WR/TE', 'RB/WR/TE', 'OP', 'BE', 'IR']",,,,,,,,,,,,,,,,,,,,,,,,,,,,,,,,,,,,,,,,,,,,,,,,,,,,,,,,,,,,,,,,,,,,,,,,,,,,,,,,,,,,,,,,,,,,,,,,,,,,,,,,,,,,,,,,,,,,,,,,,,,,,,,,,,,,,,,,,,,,,,,,,,,,,,,,,,,,,,,,,,,,,,,,,,,,,,,,,,,,,,,,,,,,,,,,,,,,,,,,,,,,,,,,,,,,,,,,,,,,,,,,,,,,,,,,,,,,,,,,,,2023,,,,1.0,3.0,,,,,,,,,,,,,,,,,,,,,,,,,,,,,,,,
22.0,2.75,0.0,0.0,22.0,7.625,1.0,9.0,4.0,1.0,,,,1.0,,,,,,2.77272727,16.0,11.0,1.0,16.0,6.0,2.0,2.0,,,23.0,109.0,5.5,,,,,,,,5.0,3.0,12.0,1.0,,8.0,,,,,,,,,,,,,,,,,,,,,,,,,,,,,,,,,,,,,,,,,,,13.17647059,Salvon Ahmed,MIA,FA,74,4243315,,FA,,{},"['RB', 'RB/WR', 'RB/WR/TE', 'OP', 'BE', 'IR']",,,,,,,,,,,,,,,,,,,,,,,,,,,,,,,,,,,,,,,,,,,,,,,,,,,,,,,,,,,,,,,,,,,,,,,,,,1.0,,,,,,,,,,,,,,,,,,,,,,,,,,,,,,,,,,,,,,,,,,,,,,,,,,,,,,,,,,,,,,,,,,,,,,,,,,,,,,,,,,,,,,,,,,,,,,,,,,,,,,,,,,,,,,,,,,,,,,,,,,,,,,,,,,,,,,,,,,,,,,,,,,,,,,,,,,,,,,,,,,,,,,,,2023,,,,3.0,4.0,,,,,,,,,,,,,,,,,,,,,,,,,,,,,,,,
21.0,1.91,0.0,0.0,21.0,1.36363636,1.0,4.0,1.0,,,,,1.0,,,,,,0.71428571,,,,,,,,,,,,,1.0,3.0,,1.0,2.0,,,9.0,2.0,18.0,1.0,,11.0,,,,,,,,,,,,,,,,,,,,,,,,,,,,,,,,,,,,,,,,,,,15.0,Sam Darnold,MIN,FA,54,3912547,,FA,,{},"['QB', 'OP', 'BE', 'IR']",,,,,,,,,,,,,,,,,,,,,,46.0,28.0,18.0,27.0,2.0,58.0,28.0,14.0,10.0,4.0,1.0,4.0,1.0,3.0,1.0,,,,,1.0,0.60869565,6.0,2.0,1.0,1.0,,,,,,,,,,,,,,,,,,,,,,,,,,,,,,,,,,,,,,,,,,,,,,,,,,,,,,,,,,,,,,,,,,,,,,,,,,,,,,,,,,,,,,,,,,,,,,,,,,,,,,,,,,,,,,,,,,,,,,,,,,,,,,,,,,,,,,,,,,,,,,,,,,,,,,,,1.0,,,,,,,,,,,,,,,,,,,,,,,,,,,,,,,,,,,,,,,,,,,,2023,,,15.0,3.0,,,,,,,,,,,,,,,,,,,,,,,,,,,,,,,,,
13.0,0.76,0.0,0.0,15.0,5.23529412,,14.0,6.0,1.0,1.0,,,1.0,,,,,,5.93333333,19.0,7.70588235,,20.0,7.0,,,,,24.0,88.0,6.89473684,,,,,,12.0,14.0,8.0,9.0,,,,17.0,,,,,,,,,,,,,,,,,,,,,,,,,,,,,,,,,,,,,,,,,,,14.17647059,Ameer Abdullah,LV,FA,91,2576336,,FA,,{},"['RB', 'RB/WR', 'RB/WR/TE', 'OP', 'BE', 'IR']",,,,,,,,,,,,,,,,,,,,,,,,,,,,,,,,,,,,,,,,,,,,,,,,,,,,,,,,,,,,,,,,,,,,,,,,,,,2.0,,,,,,,,,,,,,,,,,,,,,,,,,,,,,,,,,,,,,,,,,,,,,,,,,,,,,,,,,,,,,,,,,,,,,,,,,,,,,,,,,,,,,,,,,,,,,,,,,,,,,,,,,,,,,,,,,,,,,,,,,,,,,,,,,,,,,,,,,,,,,,,,,,,,,,,,,,,,,,,,,,,,,,,2023,,,,6.0,4.0,,,,,,,,,,,,,,,,,,,,,,,,,,,,,,,,
19.0,1.46,0.0,0.0,49.0,13.53846154,,32.0,12.0,4.0,3.0,,,3.0,1.0,,,,,3.59183673,14.0,6.23076923,,16.0,7.0,2.0,1.0,,1.0,17.0,111.0,5.78571429,,,,,,4.0,6.0,8.0,5.0,,,,13.0,,,,,,,,,,,,,,,,,,,,,,,,,,,,,,,,,,,,,,,,,,,14.17647059,Chase Edmonds,TB,FA,81,3119195,,FA,,{},"['RB', 'RB/WR', 'RB/WR/TE', 'OP', 'BE', 'IR']",,,,,,,,,,,,,,,,,,,,,,,,,,,,,,,,,,,,,,,,,,,,,,,,,,,,,,,,,,,,,,,,,,,,,,,,,,,2.0,,,,,,,,,,,,,,,,,,,,,,,,,,,,,,,,,,,,,,,,,,,,,,,,,,,,,,,,,,,,,,,,,,,,,,,,,,,,,,,,,,,,,,,,,,,,,,,,,,,,,,,,,,,,,,,,,,,,,,,,,,,,,,,,,,,,,,,,,,,,,,,,,,,,,,,,,,,,,,,,,,,,,,,2023,,,,8.0,5.0,,,,,,,,,,,,,,,,,,,,,,,,,,,,,,,,
40.0,2.35,0.0,0.0,,,,,,,,,,,,,,,,,,,,,,,,,,,,,,,,,,731.0,1151.0,4.0,13.0,,,,17.0,,,,,,,,,,,,,,,,,,,,,,,,,,,,,,,,,,,,,,,,,,,17.0,Cardinals D/ST,ARI,FA,31,-16022,,FA,,{},"['D/ST', 'BE', 'IR']",,,,,,,,382.0,32.0,8.0,,,,,,,,,,,,,,,,,,,,,,,,,,,,,,,,,,,,,,,,,,,,,,,,,,,,,,,,,,,,,,,,,420.0,,,6.0,,,,,,,,,,,,,,,,,,,,,,,,,,,,,,,,,,,6.0,0.0,0.0,1.0,1.0,1.0,11.0,,,33.0,66.0,,,,1.0,376.0,222.0,66.0,66.0,286.0,22.0,4.0,437.0,4.0,5.0,3.0,3.0,6047.0,0.0,0.0,4.0,4.0,3.0,5.0,1.0,0.0,0.0,0.0,0.0,1.0,1.0,4.0,5.0,3.0,3.0,,,,,,,,,,,,,,,,,,,,,,,,,,,,,,,,,,,,,,,,,,,,,,,1.0,,,,,,,,,,,,,,,,,,,,,,,,,,,,,,,,,,,,,,2023,,,,,,,,,,,,,,,,,,,,,,,,,,,,,,,,,,,,,
0.0,0.0,0.0,0.0,,,,,,,,,,,,,,,,,,,,,,,,,,,,,,,,,,,,,,,,,,,,,,,,,,,,,,,,,,,,,,,,,,,,,,,,,,,,,,,,,,,,,Rob Gronkowski,None,FA,0,13229,,FA,,{},"['WR/TE', 'TE', 'RB/WR/TE', 'OP', 'BE', 'IR']",,,,,,,,,,,,,,,,,,,,,,,,,,,,,,,,,,,,,,,,,,,,,,,,,,,,,,,,,,,,,,,,,,,,,,,,,,,,,,,,,,,,,,,,,,,,,,,,,,,,,,,,,,,,,,,,,,,,,,,,,,,,,,,,,,,,,,,,,,,,,,,,,,,,,,,,,,,,,,,,,,,,,,,,,,,,,,,,,,,,,,,,,,,,,,,,,,,,,,,,,,,,,,,,,,,,,,,,,,,,,,,,,,,,,,,,,,,,,,,,,,2023,,,,,,,,,,,,,,,,,,,,,,,,,,,,,,,,,,,,,
18.0,2.57,0.0,0.0,8.0,5.0,,6.0,2.0,1.0,,,,,,,,,,4.375,,,,,,,,,,,,,1.0,1.0,,,,,,3.0,4.0,6.0,,,7.0,,,,,,,,,,,,,,,,,,,,,,,,,,,,,,,,,,,,,,,,,,,,C.J. Beathard,JAX,FA,57,2979520,,FA,,{},"['QB', 'OP', 'BE', 'IR']",,,,,,,,,,,,,,,,,,,,,,53.0,40.0,13.0,49.85714286,1.0,67.0,32.0,15.0,12.0,5.0,1.0,6.0,2.0,1.0,,,,,,,0.75471698,6.0,,1.0,,,,,,,,,,,,,,,,,,,,,,,,,,,,,,,,,,,,,,,,,,,,,,,,,,,,,,,,,,,,,,,,,,,,,,,,,,,,,,,,,,,,,,,,,,,,,,,,,,,,,,,,,,,,,,,,,,,,,,,,,,,,,,,,,,,,,,,,,,,,,,,,,,,,,,,,,,,,,,,,,,,,,,,,,,,,,,,,,,,,,,,,,,,,,,,,,,,,,2023,,,19.0,2.0,,,,,,,,,,,,,,,,,,,,,,,,,,,,,,,,,
10.0,0.62,0.0,0.0,1.0,0.25,,,,,,,,,,,,,,4.0,16.0,9.875,,27.0,10.0,3.0,1.0,,,30.0,84.0,9.875,,,,,,,,10.0,6.0,,,,16.0,,,,,,,,,,,,,,,,,,,,,,,,,,,,,,,,,,,,,,,,,,,15.11764706,John Metchie III,HOU,FA,150,4567096,,FA,,{},"['RB/WR', 'WR', 'WR/TE', 'RB/WR/TE', 'OP', 'BE', 'IR']",,,,,,,,,,,,,,,,,,,,,,,,,,,,,,,,,,,,,,,,,,,,,,,,,,,,,,,,,,,,,,,,,,,,,,,,,,,,,,,,,,,,,,,,,,,,,,,,,,,,,,,,,,,,,,,,,,,,,,,,,,,,,,,,,,,,,,,,,,,,,,,,,,,,,,,,,,,,,,,,,,,,,,,,,,,,,,,,,,,,,,,,,,,,,,,,,,,,,,,,,,,,,,,,,,,,,,,,,,,,,,,,,,,,,,,,,,,,,,,,,,2023,,,,,7.0,,,,,,,,,,,,,,,,,,,,,,,,,,,,,,,,
30.0,1.76,0.0,0.0,11.0,3.35294118,1.0,10.0,3.0,,,,,,,,,,,5.18181818,17.0,10.58823529,1.0,33.0,15.0,5.0,3.0,1.0,1.0,30.0,73.0,10.58823529,,2.0,,,,1.0,1.0,10.0,7.0,12.0,1.0,,17.0,,,,,,,,,,,,,,,,,,,,,,,,,,,,,,,,,,,,,,,,,,,15.11764706,Calvin Austin III,PIT,FA,105,4243389,,FA,,{},"['RB/WR', 'WR', 'WR/TE', 'RB/WR/TE', 'OP', 'BE', 'IR']",,1.0,1.0,,,,,,,,,,,,,,,,,,,,,,,,,,,,,,,,,,,,,,,,,,,,,,,,,,,,,,,,,,,,,,,,,,,,,,,,,,,,,,,,,,,,,,,,,,,,,,,,,,,,,,,,,,,,,,,,,,,,,,,,,,,,,,,,,249.0,21.0,5.0,,,,,,,,,,,,,,,,,,,,,,,,,,,,,,,,,,,,,,,,,,,,,,,,,,,,,,,,,,,,,,,,,,,,,,,,,,,,,,,,,,,,,,,,,,,,,,,,,,,,,,,,,,,,2023,,,,4.0,7.0,,,,,,,,,,,,,,,,,,,,,,,,,,,,,,,,
0.0,0.0,0.0,0.0,,,,,,,,,,,,,,,,,,,,,,,,,,,,,,,,,,,,,,,,,,,,,,,,,,,,,,,,,,,,,,,,,,,,,,,,,,,,,,,,,,,,15.11764706,Jelani Woods,IND,FA,0,4241410,,FA,,{},"['WR/TE', 'TE', 'RB/WR/TE', 'OP', 'BE', 'IR']",,,,,,,,,,,,,,,,,,,,,,,,,,,,,,,,,,,,,,,,,,,,,,,,,,,,,,,,,,,,,,,,,,,,,,,,,,,,,,,,,,,,,,,,,,,,,,,,,,,,,,,,,,,,,,,,,,,,,,,,,,,,,,,,,,,,,,,,,,,,,,,,,,,,,,,,,,,,,,,,,,,,,,,,,,,,,,,,,,,,,,,,,,,,,,,,,,,,,,,,,,,,,,,,,,,,,,,,,,,,,,,,,,,,,,,,,,,,,,,,,,2023,,,,,,,,,,,,,,,,,,,,,,,,,,,,,,,,,,,,,
25.0,1.67,0.0,0.0,30.0,12.46666667,,33.0,12.0,5.0,4.0,1.0,,1.0,,,,,,6.23333333,24.0,6.73333333,1.0,16.0,7.0,1.0,,,1.0,31.0,87.0,4.20833333,,,,,,1.0,1.0,6.0,9.0,6.0,,,15.0,,,,,,,,,,,,,,,,,,,,,,,,,,,,,,,,,,,,,,,,,,,14.17647059,Michael Carter,ARI,FA,71,4240657,,FA,,{},"['RB', 'RB/WR', 'RB/WR/TE', 'OP', 'BE', 'IR']",,,,,,,,,,,,,,,,,,,,1.0,,,,,,,,,,,,,,,,,,,,,,,,,,,,,,,,,,,,,,,,,,,,,,,,,,,,,,,,,,,,,,,,,,,,,,,,,,,,,,,,,,,,,,,,,,,,,,,,,,,,,,,,,,,,,,,,,,,,,,,,,,,,,,,,,,,,,,,,,,,,,,,,,,,,,,,,,,,,,,,,,,,,,,,,,,,,,,,,,,,,,,,,,,,,,,,,,,,,,,,,,,,,,,,,,,,,,,,,,,,,,,2023,,,,9.0,6.0,,,,,,,,,,,,,,,,,,,,,,,,,,,,,,,,
0.0,0.0,0.0,0.0,,,,,,,,,,,,,,,,,,,,,,,,,,,,,,,,,,,,,,,,,,,,,,,,,,,,,,,,,,,,,,,,,,,,,,,,,,,,,,,,,,,,,Antonio Brown,None,FA,0,13934,,FA,,{},"['RB/WR', 'WR', 'WR/TE', 'RB/WR/TE', 'OP', 'BE', 'IR']",,,,,,,,,,,,,,,,,,,,,,,,,,,,,,,,,,,,,,,,,,,,,,,,,,,,,,,,,,,,,,,,,,,,,,,,,,,,,,,,,,,,,,,,,,,,,,,,,,,,,,,,,,,,,,,,,,,,,,,,,,,,,,,,,,,,,,,,,,,,,,,,,,,,,,,,,,,,,,,,,,,,,,,,,,,,,,,,,,,,,,,,,,,,,,,,,,,,,,,,,,,,,,,,,,,,,,,,,,,,,,,,,,,,,,,,,,,,,,,,,,2023,,,,,,,,,,,,,,,,,,,,,,,,,,,,,,,,,,,,,
19.0,1.36,0.0,0.0,1.0,0.57142857,,1.0,,,,,,,,,,,,8.0,21.0,16.0,,41.0,19.0,8.0,5.0,2.0,,44.0,88.0,10.66666667,,,,,,,,9.0,5.0,,,,14.0,,,,,,,,,,,,,,,,,,,,,,,,,,,,,,,,,,,,,,,,,,,15.11764706,Cedric Tillman,CLE,FA,127,4369863,,FA,,{},"['Rookie', 'RB/WR', 'WR', 'WR/TE', 'RB/WR/TE', 'OP', 'BE', 'IR']",,,,,,,,,,,,,,,,,,,,,,,,,,,,,,,,,,,,,,,,,,,,,,,,,,,,,,,,,,,,,,,,,,,,,,,,,,,,,,,,,,,,,,,,,,,,,,,,,,,,,,,,,,,,,,,,,,,,,,,,,,,,,,,,,,,,,,,,,,,,,,,,,,,,,,,,,,,,,,,,,,,,,,,,,,,,,,,,,,,,,,,,,,,,,,,,,,,,,,,,,,,,,,,,,,,,,,,,,,,,,,,,,,,,,,,,,,,,,,,,,,2023,,,,,12.0,,,,,,,,,,,,,,,,,,,,,,,,,,,,,,,,
21.0,7.0,0.0,0.0,3.0,6.33333333,,3.0,1.0,,,,,,,,,,,6.33333333,,,,,,,,,,,,,,,,,,,,,3.0,18.0,,,3.0,,,,,,,,,,,,,,,,,,,,,,,,,,,,,,,,,,,,,,,,,,,15.0,Jacoby Brissett,NE,FA,54,2578570,,FA,,{},"['QB', 'OP', 'BE', 'IR']",,,,,,,,,,,,,,,,,,,,,,23.0,18.0,5.0,74.66666667,3.0,44.0,22.0,11.0,8.0,4.0,2.0,3.0,1.0,,,,,,,,0.7826087,,,1.0,1.0,1.0,,,,,,,,,,,,,,,,,,,,,,,,,,,,,,,,,,,,,,,,,,,,,,,,,,,,,,,,,,,,,,,,,,,,,,,,,,,,,,,,,,,,,,,,,,,,,,,,,,,,,,,,,,,,,,,,,,,,,,,,,,,,,,,,,,,,,,,,,,,,,,,,,,,,,,,,,,,,,,,,,,,,,,,,,,,,,,,,,,,,,,,,,,,,,,,,,,,2023,,,10.0,,,,,,,,,,,,,,,,,,,,,,,,,,,,,,,,,,
50.0,10.0,0.0,0.0,23.0,21.8,2.0,20.0,10.0,4.0,2.0,1.0,,2.0,,,,,,4.73913043,,,,,,,,,,,,,,3.0,,2.0,8.0,,,2.0,3.0,30.0,2.0,,5.0,,,,,,,,,,,,,,,,,,,,,,,,,,,,,,,,,,,,,,,,,,,4.0,Tyson Bagent,CHI,FA,45,4434153,,FA,,{},"['Rookie', 'QB', 'OP', 'BE', 'IR']",,,,,,,,,,,,,,,,,,,,,,143.0,94.0,49.0,171.8,3.0,170.0,85.0,42.0,32.0,15.0,6.0,18.0,8.0,7.0,3.0,,,,,6.0,0.65734266,5.0,3.0,2.0,1.0,,,,,,,,,,,,,,,,,,,,,,,,,,,,,,,,,,,,,,,,,,,,,,,,,,,,,,,,,,,,,,,,,,,,,,,,,,,,,,,,,,,,,,,,,,,,,,,,,,,,,,,,,,,,,,,,,,,,,,,,,,,,,,,,,,,,,,,,,,,,,,,,,,,,,,,,2.0,,,,,,,,,,,,,,,,,,,,,,,,,,,,,,,,,,,,,,,,,,,,2023,,,48.0,11.0,,,,,,,,,,,,,,,,,,,,,,,,,,,,,,,,,
28.0,2.15,0.0,0.0,,,,,,,,,,,,,,,,,19.0,20.38461538,1.0,49.0,22.0,9.0,8.0,2.0,1.0,33.0,89.0,13.94736842,,,,,,1.0,1.0,10.0,3.0,6.0,,,13.0,,,,,,,,,,,,,,,,,,,,,,,,,,,,,,,,,,,,,,,,,,,15.11764706,Jauan Jennings,SF,FA,109,3886598,,FA,,{},"['RB/WR', 'WR', 'WR/TE', 'RB/WR/TE', 'OP', 'BE', 'IR']",,,,,,,,,,,,,,,,,,,,,,,,,,,,,,,,,,,,,,,,,,,,,,,,,,,,,,,,,,,,,,,,,,,,,,,,,,1.0,,,,,,,,,,,,,,,,,,,,,,,,,,,,,,,,,,,,,,,,,,,,,,,,,,,,,,,,,,,,,,,,,,,,,,,,,,,,,,,,,,,,,,,,,,,,,,,,,,,,,,,,,,,,,,,,,,,,,,,,,,,,,,,,,,,,,,,,,,,,,,,,,,,,,,,,,,,,,,,,,,,,,,,,2023,,,,,12.0,,,,,,,,,,,,,,,,,,,,,,,,,,,,,,,,
0.0,0.0,0.0,0.0,,,,,,,,,,,,,,,,,,,,,,,,,,,,,,,,,,,,,,,,,,,,,,,,,,,,,,,,,,,,,,,,,,,,,,,,,,,,,,,,,,,,,Adrian Peterson,None,FA,0,10452,,FA,,{},"['RB', 'RB/WR', 'RB/WR/TE', 'OP', 'BE', 'IR']",,,,,,,,,,,,,,,,,,,,,,,,,,,,,,,,,,,,,,,,,,,,,,,,,,,,,,,,,,,,,,,,,,,,,,,,,,,,,,,,,,,,,,,,,,,,,,,,,,,,,,,,,,,,,,,,,,,,,,,,,,,,,,,,,,,,,,,,,,,,,,,,,,,,,,,,,,,,,,,,,,,,,,,,,,,,,,,,,,,,,,,,,,,,,,,,,,,,,,,,,,,,,,,,,,,,,,,,,,,,,,,,,,,,,,,,,,,,,,,,,,2023,,,,,,,,,,,,,,,,,,,,,,,,,,,,,,,,,,,,,
97.0,5.71,118.72,6.98,,,,,,,,,,,,,,,,,,,,,,,,,,,,,,,,,,1.0,1.0,4.0,13.0,89.0,,,17.0,,,,,,,,,,,,,,,,,,,,,,,,,,,,,,,,,,,,,,,,,,,17.0,Joey Slye,JAX,FA,28,3124084,,FA,,{},"['K', 'BE', 'IR']",,,,,,,,,,,,,,,,,,,,,,,,,,,,,,,,,,,,,,,,,,,,,,,,,,,,,,,,,,,,,,,,,,,,,,,,,,,,,,,3.0,5.0,7.0,9.0,2.0,9.0,10.0,1.0,19.0,24.0,5.0,32.0,35.0,3.0,2.0,4.0,3.90231776,5.827750153,1.925432393,7.473249384,9.299601308,1.826351925,15.18265751,15.87131957,0.688662058,26.55822465,30.99867103,4.440446376,28.2032452,29.88867812,1.685432921,3.90231776,5.827750153,1.925432393,,,,,,,,,,,,,,,,,,,,,,,,,,,,,,,,,,,,,,,,,,,,,,,,,,,,,,,,,,,,,,,,,,,,,,,,,,,,,,,,,,,,,,,2.0,2.0,1.0,,,,,,,,,,,,,,1.0,,,,,,,,,,,,,,,,,,,,,,,,,,,2023,,,,,,769.0,234.0,1003.0,149.0,71.0,33.0,24.0,8.0,,45.0,21.0,10.0,8.0,3.0,195.0,93.0,44.0,34.0,13.0,3.0,,1.0,1002.501107,206.8190476,1209.320154,210.725159,103.9733492,314.6985083,,,,
19.0,1.12,0.0,0.0,,,,,,,,,,,,,,,,,25.0,15.0,,45.0,19.0,7.0,5.0,,,28.0,134.0,10.2,,,,,,2.0,5.0,6.0,11.0,,,,17.0,,,,,,,,,,,,,,,,,,,,,,,,,,,,,,,,,,,,,,,,,,,15.11764706,Daniel Bellinger,NYG,FA,54,4361516,,FA,,{},"['WR/TE', 'TE', 'RB/WR/TE', 'OP', 'BE', 'IR']",,,,,,,,,,,,,,,,,,,,,,,,,,,,,,,,,,,,,,,,,,,,,,,,,,,,,,,,,,,,,,,,,,,,,,,,,,,3.0,,,,,,,,,,,,,,,,,,,,,,,,,,,,,,,,,,,,,,,,,,,,,,,,,,,,,,,,,,,,,,,,,,,,,,,,,,,,,,,,,,,,,,,,,,,,,,,,,,,,,,,,,,,,,,,,,,,,,,,,,,,,,,,,,,,,,,,,,,,,,,,,,,,,,,,,,,,,,,,,,,,,,,,2023,,,,,6.0,,,,,,,,,,,,,,,,,,,,,,,,,,,,,,,,
44.0,8.8,0.0,0.0,16.0,10.8,2.0,10.0,4.0,1.0,1.0,,,1.0,,,,,,3.375,,,,,,,,,,,,,1.0,1.0,1.0,1.0,6.0,,,,5.0,36.0,2.0,,5.0,,,,,,,,,,,,,,,,,,,,,,,,,,,,,,,,,,,,,,,,,,,4.0,Mitch Trubisky,BUF,FA,46,3039707,,FA,,{},"['QB', 'OP', 'BE', 'IR']",,,,,,,,,,,,,,,,,,,,,,107.0,67.0,40.0,126.4,4.0,124.0,60.0,28.0,22.0,10.0,4.0,12.0,5.0,6.0,2.0,,,,1.0,5.0,0.62616822,7.0,1.0,2.0,,2.0,,,,,,,,,,,,,,,,,,,,,,,,,,,,,,,,,,,,,,,,,,,,,,,,,,,,,,,,,,,,,,,,,,,,,,,,,,,,,,,,,,,,,,,,,,,,,,,,,,,,,,,,,,,,,,,,,,,,,,,,,,,,,,,,,,,,,,,,,,,,,,,,,,,,,,,,,,,,,,,,,,,,,,,,,,,,,,,,,,,,,,,,,,,,,,,,,,,2023,,,36.0,6.0,,,,,,,,,,,,,,,,,,,,,,,,,,,,,,,,,
32.0,2.0,0.0,0.0,,,,,,,,,,,,,,,,,35.0,22.875,,69.0,32.0,12.0,9.0,2.0,1.0,43.0,139.0,10.45714286,,,,,,2.0,2.0,10.0,6.0,,,,16.0,,,,,,,,,,,,,,,,,,,,,,,,,,,,,,,,,,,,,,,,,,,15.11764706,Durham Smythe,MIA,FA,37,3052897,,FA,,{},"['WR/TE', 'TE', 'RB/WR/TE', 'OP', 'BE', 'IR']",,,,,,,,,,,,,,,,,,,,,,,,,,,,,,,,,,,,,,,,,,,,,,,,,,,,,,,,,,,,,,,,,,,,,,,,,,,,,,,,,,,,,,,,,,,,,,,,,,,,,,,,,,,,,,,,,,,,,,,,,,,,,,,,,,,,,,,,,,,,,,,,,,,,,,,,,,,,,,,,,,,,,,,,,,,,,,,,,,,,,,,,,,,,,,,,,,,,,,,,,,,,,,,,,,,,,,,,,,,,,,,,,,,,,,,,,,,,,,,,,,2023,,,,,22.0,,,,,,,,,,,,,,,,,,,,,,,,,,,,,,,,
55.0,3.24,0.0,0.0,7.0,4.41176471,,13.0,5.0,2.0,1.0,,,,,,,,,10.71428571,35.0,28.76470588,1.0,95.0,44.0,19.0,11.0,3.0,1.0,44.0,214.0,13.97142857,,1.0,,,,1.0,1.0,12.0,5.0,6.0,,1.0,17.0,,,,,,,,,,,,,,,,,,,,,,,,,,,,,,,,,,,,,,,,,,,15.11764706,Kalif Raymond,DET,FA,72,2973405,,FA,,{},"['RB/WR', 'WR', 'WR/TE', 'RB/WR/TE', 'OP', 'BE', 'IR']",,,,,,,,,,,,,,,,,,,,,,,,,,,,,,,,,,,,,,,,,,,,,,,,,,,,,,,,,,,,,,,,,,,,,,,,,,,,,,,,,,,,,,,,,,,,,,,,,,,,,,,,,,,,,,,,,,,,,,,,,,,,,,,,,,,,331.0,26.0,7.0,,,,,,,,,,,,,,,,,,,,,,,,,,,,,,,,,,,,,,,,,,,,,,,,,,,,,,,,,,,,,,,,,,,,,,,,,,,,,,,,,,,,,,,,,,,,,,,,,,,,,,,,,,,,2023,,,,2.0,20.0,,,,,,,,,,,,,,,,,,,,,,,,,,,,,,,,
4.0,0.24,0.0,0.0,15.0,4.05882353,,11.0,4.0,1.0,,,,,,,,,,4.6,7.0,0.58823529,,,,,,,,9.0,35.0,1.42857143,,,,,,3.0,3.0,9.0,8.0,,,,17.0,,,,,,,,,,,,,,,,,,,,,,,,,,,,,,,,,,,,,,,,,,,14.17647059,Trayveon Williams,CIN,FA,110,4035222,,FA,,{},"['RB', 'RB/WR', 'RB/WR/TE', 'OP', 'BE', 'IR']",,,,,,,,290.0,26.0,9.0,,,,,,,,,,,,,,,,,,,,,,,,,,,,,,,,,,,,,,,,,,,,,,,,,,,,,,,,,,,,,,,,,,,,,,,,,,,,,,,,,,,,,,,,,,,,,,,,,,,,,,,,,,,,,,,,,,,,,,,,,,,,,,,,,,,,,,,,,,,,,,,,,,,,,,,,,,,,,,,,,,,,,,,,,,,,,,,,,,,,,,,,,,,,,,,,,,,,,,,,,,,,,,,,,,,,,,,,,,,,,,,,,,,,,,,,2023,,,,2.0,,,,,,,,,,,,,,,,,,,,,,,,,,,,,,,,,
0.0,0.0,73.69,4.91,,,,,,,,,,,,,,,,,5.0,5.83333333,,6.0,2.0,1.0,,,,10.0,9.0,7.0,,1.0,,1.0,1.0,,,5.0,1.0,,,,6.0,,,,,,,,,,,,,,,,,34.4204633,3.617407104,0.212115215,0.157859291,0.103161046,104.0,52.0,26.0,20.0,10.0,40.31153208,8.0,4.0,0.445063688,0.013764856,67.69597783,12.90837606,0.212115215,0.001774771,,0.403357039,0.403357039,,0.225879942,0.225879942,0.225879942,15.11764706,Marvin Jones Jr.,None,FA,195,15072,,FA,,{},"['RB/WR', 'WR', 'WR/TE', 'RB/WR/TE', 'OP', 'BE', 'IR']",,,,,,1.0,1.0,,,,,,,,,,,,,,,,,,,,,,,,,,,,,,,,,,,,,,,,,,,,,,,,,,,,,,,,,,,,,,,,,,,,,,,,,,,,,,,,,,,,,,,,,,,,,,,,,,,,,,,,,,,,,,,,,,,,,,,,,,,,,,,,,,,,,,,,,,,,,,,,,,,,,,,,,,,,,,,,,,,,,,,,,,,,,,,,,,,,,,,,,,,,,,,,,,,,,,,,,,,,,,,,,,,,,,,,,,,,,,,,,,,,,,,,,,,2023,,,,,2.0,,,,,,,,,,,,,,,,,,,,,,,,,,,,,,23.86722052,,
19.0,2.11,0.0,0.0,14.0,7.22222222,,13.0,6.0,3.0,,,,1.0,,,,,,4.64285714,,,,,,,,,,,,,1.0,2.0,,,4.0,1.0,1.0,6.0,3.0,8.0,,,9.0,,,,,,,,,,,,,,,,,,,,,,,,,,,,,,,,,,,,,,,,,,,,Dorian Thompson-Robinson,CLE,FA,56,4367178,,FA,,{},"['Rookie', 'QB', 'OP', 'BE', 'IR']",,,,,,,,,,,,,,,,,,,,,,112.0,60.0,52.0,48.88888889,1.0,86.0,41.0,20.0,15.0,7.0,3.0,9.0,4.0,9.0,3.0,,,,,4.0,0.53571429,6.0,1.0,1.0,,,,,,,,,,,,,,,,,,,,,,,,,,,,,,,,,,,,,,,,,,,,,,,,,,,,,,,,,,,,,,,,,,,,,,,,,,,,,,,,,,,,,,,,,,,,,,,,,,,,,,,,,,,,,,,,,,,,,,,,,,,,,,,,,,,,,,,,,,,,,,,,,,,,,,,,,,,,,,1.0,,,,,,,,,,,,,,,,,,,,,,,,,,,,,,,,,,,,,,,2023,,,26.0,4.0,,,,,,,,,,,,,,,,,,,,,,,,,,,,,,,,,
10.0,2.0,0.0,0.0,22.0,15.4,,15.0,7.0,3.0,3.0,1.0,,4.0,2.0,,,,,3.5,3.0,6.6,,6.0,3.0,1.0,1.0,,,5.0,32.0,11.0,,,,,,,,4.0,1.0,,,,5.0,,,,,,,,,,,,,,,,,,,,,,,,,,,,,,,,,,,,,,,,,,,14.17647059,La'Mical Perine,KC,FA,94,4034952,,FA,,{},"['RB', 'RB/WR', 'RB/WR/TE', 'OP', 'BE', 'IR']",,,,,,,,,,,,,,,,,,,,,,,,,,,,,,,,,,,,,,,,,,,,,,,,,,,,,,,,,,,,,,,,,,,,,,,,,,,,,,,,,,,,,,,,,,,,,,,,,,,,,,,,,,,,,,,,,,,,,,,,,,,,,,,,,,,,,,,,,,,,,,,,,,,,,,,,,,,,,,,,,,,,,,,,,,,,,,,,,,,,,,,,,,,,,,,,,,,,,,,,,,,,,,,,,,,,,,,,,,,,,,,,,,,,,,,,,,,,,,,,,,2023,,,,3.0,1.0,,,,,,,,,,,,,,,,,,,,,,,,,,,,,,,,
-1.0,-0.06,0.0,0.0,10.0,2.11764706,,4.0,1.0,,,,,,,,,,,3.6,6.0,1.52941176,,5.0,2.0,,,,,9.0,31.0,4.33333333,,2.0,,2.0,2.0,,3.0,9.0,8.0,,,,17.0,,,,,,,,,,,,,,,,,,,,,,,,,,,,,,,,,,,,,,,,,,,13.17647059,DeeJay Dallas,ARI,FA,166,4240631,,FA,,{},"['RB', 'RB/WR', 'RB/WR/TE', 'OP', 'BE', 'IR']",,,,,,,,440.0,41.0,13.0,,,,,,,,,,,,,,,,,,,,,,,,,,,,,,,,,1.0,,,,,,,,,,,,,,,,,,,,,,,,,,,,,,,,3.0,,,,,,,,,,,,,,,,,,,,,,,,,,,,,,,,,,,,,,,,,,,,,,,,,,,,,,,,,265.0,20.0,4.0,,,,,,,,,,,,,,,,,,,,,,,,,,,,,,,,,,,,,,,,,,,,,,,,,,,,,,,,,,,,,,,,,,,,,,,,,,,,,,,,,,,,,,,,,,,,,,,,,,,,,,,,,,,,2023,,,,2.0,1.0,,,,,,,,,,,,,,,,,,,,,,,,,,,,,,,,
0.0,0.0,0.0,0.0,5.0,1.44444444,,1.0,,,,,,,,,,,,2.6,,,,,,,,,,,,,,,,,,1.0,1.0,3.0,6.0,,,,9.0,,,,,,,,,,,,,,,,,,,,,,,,,,,,,,,,,,,,,,,,,,,14.17647059,Kene Nwangwu,MIN,FA,137,4035537,,FA,,{},"['RB', 'RB/WR', 'RB/WR/TE', 'OP', 'BE', 'IR']",,,,,,,,380.0,35.0,12.0,,,,,,,,,,,,,,,,,,,,,,,,,,,,,,,,,,,,,,,,,,,,,,,,,,,,,,,,,,,,,,,,,,,,,,,,,,,,,,,,,,,,,,,,,,,,,,,,,,,,,,,,,,,,,,,,,,,,,,,,,,,,,,,,,,,,,,,,,,,,,,,,,,,,,,,,,,,,,,,,,,,,,,,,,,,,,,,,,,,,,,,,,,,,,,,,,,,,,,,,,,,,,,,,,,,,,,,,,,,,,,,,,,,,,,,,2023,,,,,,,,,,,,,,,,,,,,,,,,,,,,,,,,,,,,,
45.0,4.5,0.0,0.0,,,,,,,,,,,,,,,,,12.0,24.6,4.0,46.0,21.0,8.0,7.0,1.0,,18.0,20.0,20.5,,,,,,1.0,1.0,6.0,4.0,24.0,,1.0,10.0,,,,,,,,,,,,,,,,,,,,,,,,,,,,,,,,,,,,,,,,,,,15.11764706,A.T. Perry,NO,FA,83,4362019,,FA,,{},"['Rookie', 'RB/WR', 'WR', 'WR/TE', 'RB/WR/TE', 'OP', 'BE', 'IR']",,,,,,,,,,,,,,,,,,,,1.0,,,,,,,,,,,,,,,,,,,,,,,,,,,,,,,,,,,,,,,,,,,,,,,,,,,,,,2.0,,,,,,,,,,,,,,,,,,,,,,,,,,,,,,,,,,,,,,,,,,,,,,,,,,,,,,,,,,,,,,,,,,,,,,,,,,,,,,,,,,,,,,,,,,,,,,,,,,,,,,,,,,,,,,,,,,,,,,,,,,,,,,,,,,,,,,,,,,,,,,,,,,,,,,,,,,,,,,,,,,,,,,,,2023,,,,,10.0,,,,,,,,,,,,,,,,,,,,,,,,,,,,,,,,
57.0,3.35,0.0,0.0,,,,,,,,,,,,,,,,,35.0,22.41176471,4.0,70.0,33.0,13.0,9.0,2.0,3.0,45.0,141.0,10.88571429,,1.0,,,,1.0,1.0,13.0,4.0,24.0,,1.0,17.0,,,,,,,,,,,,,,,,,,,,,,,,,,,,,,,,,,,,,,,,,,,15.11764706,Nelson Agholor,BAL,FA,70,2971618,,FA,,{},"['RB/WR', 'WR', 'WR/TE', 'RB/WR/TE', 'OP', 'BE', 'IR']",,,,,,1.0,,,,,,,,,,,,,,1.0,,,,,,,,,,,,,,,,,,,,,,,,,,,,,,,,,,,,,,,,,,,,,,,,,,,,,,2.0,,,,,,,,,,,,,,,,,,,,,,,,,,,,,,,,,,,,,,,,,,,,,,,,,,,,,,,,,,,,,,,,,,,,,,,,,,,,,,,,,,,,,,,,,,,,,,,,,,,,,,,,,,,,,,,,,,,,,,,,,,,,,,,,,,,,,,,,,,,,,,,,,,,,,,,,,,,,,,,,,,,,,,,,2023,,,,,20.0,,,,,,,,,,,,,,,,,,,,,,,,,,,,,,,,
24.0,2.18,45.22,3.01,4.0,-0.18181818,,,,,,,,,,,,,,-0.5,14.0,20.45454545,1.0,43.0,20.0,8.0,6.0,2.0,,21.0,76.0,16.07142857,,1.0,,1.0,1.0,3.0,3.0,6.0,5.0,6.0,,,11.0,8.499691322,3.797924209,0.26394213,0.011816057,11.0,5.0,2.0,2.0,1.0,1.0,,0.015659975,0.010961983,0.008134702,0.000278,6.755030926,15.57098983,2.017548721,0.105975193,0.103378941,0.067558138,47.0,23.0,11.0,9.0,4.0,22.20470921,4.0,2.0,0.089357713,0.002763641,33.84743317,10.60120745,0.11779125,0.002701987,0.169993826,0.444094184,0.614088011,0.07819716,0.248692743,0.326889903,0.326889903,15.11764706,Jamal Agnew,JAX,FA,116,3061612,,FA,,{},"['RB/WR', 'WR', 'WR/TE', 'RB/WR/TE', 'OP', 'BE', 'IR']",,1.0,1.0,,,1.0,1.0,391.0,37.0,12.0,0.284748912,0.370478867,791.0280702,264.6212389,79.0,31.0,26.0,10.0,,,,,,,,,,,,,,,,,,,,,,,,,,,,,,,,,,,,,,,,,,,,,,,,,,,,,,,,,,,,,,,,,,,,,,,,,,,,,,,,,,,,,,,,,,,,,,,,,,,,,,,,,,,,,,,,,,144.0,10.0,3.0,,,,,,,,,,,,,,,,,,,,,,,,,,,,,,,,,,,,,,,,,,,,,,,,,,,,,,,,,,,,,,,,,,,,,,,,,,,,,,,,,,,,,,,,,,,,,,,,,,,,,,,,,,,,2023,,,,,8.0,,,,,,,,,,,,,,,,,,,,,,,,,,,,,4.723801182,11.22780092,,
29.0,1.71,0.0,0.0,8.0,4.0,1.0,10.0,3.0,,,,,,,,,,,8.5,21.0,13.47058824,,40.0,18.0,7.0,6.0,1.0,1.0,38.0,109.0,10.9047619,1.0,5.0,,2.0,2.0,2.0,2.0,7.0,10.0,12.0,1.0,,17.0,,,,,,,,,,,,,,,,,,,,,,,,,,,,,,,,,,,,,,,,,,,15.11764706,Xavier Gipson,NYJ,FA,108,4427278,,FA,,{},"['Rookie', 'RB/WR', 'WR', 'WR/TE', 'RB/WR/TE', 'OP', 'BE', 'IR']",,,,,,,,511.0,46.0,15.0,,,,,,,,,,,,,,,,,,,,,,,,,,,,,,,,,,,,,,,,,,,,,,,,,,,,,,,,,,,,,,,,,,,,,,,,,,,,,,,,,,,,,,,,,,,,,,,,,,,,,,,,,,,,,,,,,,,1.0,,1.0,,,,,319.0,25.0,6.0,,,,,,,,,,,,,,,,,,,,,,,,,,,,,,,,,,,,,,,,,,,,,,,,,,,,,,,,,,,,,,,,,,,,,,,,,,,,,,,,,,,,,,,,,,,,,,,,,,,,,,,,,,,,2023,,,,4.0,9.0,,,,,,,,,,,,,,,,,,,,,,,,,,,,,,,,
36.0,2.4,19.81,1.32,1.0,0.13333333,,,,,,,,,,,,,,2.0,30.0,24.53333333,1.0,68.0,30.0,12.0,7.0,3.0,1.0,50.0,128.0,12.26666667,,,,,,5.0,6.0,9.0,6.0,6.0,,,15.0,,,,,,,,,,,,,,,,,10.38059898,0.817316558,0.053412044,0.082204381,0.053720563,31.0,15.0,7.0,6.0,3.0,15.6693548,3.0,1.0,0.062719787,0.001939787,23.6877412,10.01510487,0.053412044,0.000796901,,0.181113786,0.181113786,,0.10142372,0.10142372,0.10142372,15.11764706,Kylen Granson,IND,FA,32,4039160,,FA,,{},"['WR/TE', 'TE', 'RB/WR/TE', 'OP', 'BE', 'IR']",,,,,,,,,,,,,,,,,,,,1.0,,,,,,,,,,,,,,,,,,,,,,,,,,,,,,,,,,,,,,,,,,,,,,,,,,,,,,,1.0,,,,,,,,,,,,,,,,,,,,,,,,,,,,,,,,,,,,,,,,,,,,,,,,,,,,,,,,,,,,,,,,,,,,,,,,,,,,,,,,,,,,,,,,,,,,,,,,,,,,,,,,,,,,,,,,,,,,,,,,,,,,,,,,,,,,,,,,,,,,,,,,,,,,,,,,,,,,,,,,,,,,,,,2023,,,,1.0,19.0,,,,,,,,,,,,,,,,,,,,,,,,,,,,,,7.083586262,,
72.0,4.24,0.0,0.0,,,,,,,,,,,,,,,,,,,,,,,,,,,,,,,,,,,,4.0,13.0,72.0,,,17.0,,,,,,,,,,,,,,,,,,,,,,,,,,,,,,,,,,,,,,,,,,,17.0,Chad Ryland,NE,FA,30,4363538,,FA,,{},"['Rookie', 'K', 'BE', 'IR']",,,,,,,,,,,,,,,,,,,,,,,,,,,,,,,,,,,,,,,,,,,,,,,,,,,,,,,,,,,,,,,,,,,,,,,,,,,,,,,2.0,4.0,5.0,10.0,5.0,9.0,11.0,2.0,16.0,25.0,9.0,24.0,25.0,1.0,2.0,4.0,,,,,,,,,,,,,,,,,,,,,,,,,,,,,,,,,,,,,,,,,,,,,,,,,,,,,,,,,,,,,,,,,,,,,,,,,,,,,,,,,,,,,,,,,,,,,,,,,,,,,,,,,2.0,2.0,,,,,,,,,,,,,,,,,,,,,,,,,,,,,,,,,,,,,,,,,,2023,,,,,,609.0,410.0,1019.0,116.0,55.0,26.0,19.0,5.0,1.0,80.0,37.0,17.0,12.0,3.0,198.0,95.0,45.0,33.0,11.0,4.0,,1.0,,,,,,,,,,
0.0,0.0,0.0,0.0,,,,,,,,,,,,,,,,,,,,,,,,,,,,,,,,,,,,,,,,,,,,,,,,,,,,,,,,,,,,,,,,,,,,,,,,,,,,,,,,,,,,,Ben Roethlisberger,PIT,FA,0,5536,,FA,,{},"['QB', 'OP', 'BE', 'IR']",,,,,,,,,,,,,,,,,,,,,,,,,,,,,,,,,,,,,,,,,,,,,,,,,,,,,,,,,,,,,,,,,,,,,,,,,,,,,,,,,,,,,,,,,,,,,,,,,,,,,,,,,,,,,,,,,,,,,,,,,,,,,,,,,,,,,,,,,,,,,,,,,,,,,,,,,,,,,,,,,,,,,,,,,,,,,,,,,,,,,,,,,,,,,,,,,,,,,,,,,,,,,,,,,,,,,,,,,,,,,,,,,,,,,,,,,,,,,,,,,,2023,,,,,,,,,,,,,,,,,,,,,,,,,,,,,,,,,,,,,
9.0,1.0,0.0,0.0,37.0,10.66666667,,16.0,7.0,2.0,2.0,1.0,,5.0,1.0,,,,,2.59459459,6.0,3.77777778,,6.0,2.0,,,,,6.0,39.0,5.66666667,,,,,,,,3.0,6.0,,,,9.0,,,,,,,,,,,,,,,,,,,,,,,,,,,,,,,,,,,,,,,,,,,14.17647059,Isaiah Spiller,LAC,FA,98,4426891,,FA,,{},"['RB', 'RB/WR', 'RB/WR/TE', 'OP', 'BE', 'IR']",,,,,,,,,,,,,,,,,,,,,,,,,,,,,,,,,,,,,,,,,,,,,,,,,,,,,,,,,,,,,,,,,,,,,,,,,,,,,,,,,,,,,,,,,,,,,,,,,,,,,,,,,,,,,,,,,,,,,,,,,,,,,,,,,,,,,,,,,,,,,,,,,,,,,,,,,,,,,,,,,,,,,,,,,,,,,,,,,,,,,,,,,,,,,,,,,,,,,,,,,,,,,,,,,,,,,,,,,,,,,,,,,,,,,,,,,,,,,,,,,,2023,,,,1.0,1.0,,,,,,,,,,,,,,,,,,,,,,,,,,,,,,,,
50.0,3.57,0.0,0.0,,,,,,,,,,,,,,,,,28.0,26.42857143,3.0,68.0,30.0,13.0,11.0,2.0,1.0,45.0,107.0,13.21428571,,,,,,,,5.0,9.0,20.0,,1.0,14.0,,,,,,,,,,,,,,,,,,,,,,,,,,,,,,,,,,,,,,,,,,,15.11764706,Nick Westbrook-Ikhine,TEN,FA,75,3929785,,FA,,{},"['RB/WR', 'WR', 'WR/TE', 'RB/WR/TE', 'OP', 'BE', 'IR']",,,,,,,,,,,,,,,,,,,,1.0,,,,,,,,,,,,,,,,,,,,,,,,,,,,,,,,,,,,,,,,,,,,,,,,,,,,1.0,,1.0,,,,,,,,,,,,,,,,,,,,,,,,,,,,,,,,,,,,,,,,,,,,,,,,,,,,,,,,,,,,,,,,,,,,,,,,,,,,,,,,,,,,,,,,,,,,,,,,,,,,,,,,,,,,,,,,,,,,,,,,,,,,,,,,,,,,,,,,,,,,,,,,,,,,,,,,,,,,,,,,,,,,,,,,2023,,,,,18.0,,,,,,,,,,,,,,,,,,,,,,,,,,,,,,,,
5.0,2.5,17.97,8.99,7.0,22.5,,9.0,4.0,2.0,1.0,,,1.0,,,,,,6.42857143,,,,,,,,,,,,,,,,,3.0,,,2.0,,,,,2.0,2.993307004,4.168733265,0.153022058,0.008375714,1.0,,,,,,,0.00564142,0.003948994,0.002987742,0.000102,2.785369666,,,,,,,,,,,,,,,,,,0.11659207,0.00225071,0.034084082,,0.511524893,0.015678678,,0.244850267,1.237177934,2.0,Blaine Gabbert,KC,FA,66,13987,,FA,,{},"['QB', 'OP', 'BE', 'IR']",,,,,,,,,,,,,,,,,,,,,,35.0,18.0,17.0,92.5,,36.0,18.0,8.0,7.0,3.0,1.0,3.0,1.0,3.0,1.0,,,,,3.0,0.51428571,1.0,,,,,,39.21662714,24.26066303,14.95596411,132.3404601,2.320924616,52.0,26.0,13.0,10.0,5.0,2.0,4.0,2.0,0.233967228,0.152897583,0.277972654,0.037546817,0.108216356,0.992327668,0.618632065,2.712826329,0.477440811,0.229171589,,,,,,,,,,,,,,,,,,,,,,,,,,,,,,,,,,,,,,,,,,,,,,,,,,,,,,,,,,,,,,,,,,,,,,,,,,,,,,,,,,,,,,,,,,,,,,,,,,,,,,,,,,,,,,,,,,,,,,,,,,,,,,,,,,,,,,,,,,,,,,,,,,,,,,,,,,,,,,,,,,,,,,,,,,,2023,,,8.0,2.0,,,,,,,,,,,,,,,,,,,,,,,,,,,,,,0.699330147,,13.27684511,
13.0,0.76,0.0,0.0,1.0,,,,,,,,,,,,,,,,23.0,9.82352941,,29.0,13.0,4.0,1.0,,1.0,34.0,94.0,7.26086957,,,,,,2.0,3.0,10.0,7.0,,,,17.0,,,,,,,,,,,,,,,,,,,,,,,,,,,,,,,,,,,,,,,,,,,15.11764706,Connor Heyward,PIT,FA,63,4241961,,FA,,{},"['WR/TE', 'TE', 'RB/WR/TE', 'OP', 'BE', 'IR']",,,,,,,,,,,,,,,,,,,,,,1.0,,1.0,,,,,,,,,,,,,,,,,,,,,,,,,,,,,,,,,,,,,,,,,,,,,,,,,,,1.0,,,,,,,,,,,,,,,,,,,,,,,,,,,,,,,,,,,,,,,,,,,,,1.0,,,,,,,,,,,,,,,,,,,,,,,,,,,,,,,,,,,,,,,,,,,,,,,,,,,,,,,,,,,,,,,,,,,,,,,,,,,,,,,,,,,,,,,,,,,,,,,,,,,,,,,,,,,,,,,,,,,,,,,,,,2023,,,,,8.0,,,,,,,,,,,,,,,,,,,,,,,,,,,,,,,,
25.0,12.5,0.0,0.0,17.0,28.0,1.0,11.0,5.0,2.0,2.0,1.0,,3.0,1.0,,,,,3.29411765,,,,,,,,,,,,,,,,,1.0,,,2.0,,18.0,,,2.0,,,,,,,,,,,,,,,,,,,,,,,,,,,,,,,,,,,,,,,,,,,,Carson Wentz,LAR,FA,49,2573079,,FA,,{},"['QB', 'OP', 'BE', 'IR']",,,,,,,,,,,,,,,,,,,,,,24.0,17.0,7.0,81.5,2.0,32.0,16.0,8.0,6.0,3.0,1.0,3.0,1.0,1.0,,,,,1.0,1.0,0.70833333,2.0,,1.0,1.0,,,,,,,,,,,,,,,,,,,,,,,,,,,,,,1.0,,,,,,,,,,,,,,,,,,,,,,,,,,,,,,,,,,,,,,,,,,,,,,,,,,,,,,,,,,,,,,,,,,,,,,,,,,,,,,,,,,,,,,,,,,,,,,,,,,,,,,,,,,,,,,,,,,,,,,,,,,,,,,,,,,,,,,,,,,,,,,,,,,,,,,,,,,,,,,,,,,,,,,2023,,,11.0,4.0,,,,,,,,,,,,,,,,,,,,,,,,,,,,,,,,,
16.0,4.0,0.0,0.0,16.0,16.25,1.0,12.0,5.0,2.0,1.0,,,1.0,,,,,,4.0625,3.0,14.5,,10.0,5.0,2.0,2.0,1.0,,3.0,59.0,19.33333333,,,,,,,,1.0,3.0,6.0,,,4.0,,,,,,,,,,,,,,,,,,,,,,,,,,,,,,,,,,,,,,,,,,,13.17647059,Kevin Harris,NE,FA,85,4570674,,FA,,{},"['RB', 'RB/WR', 'RB/WR/TE', 'OP', 'BE', 'IR']",,,,,,,,20.0,2.0,,,,,,,,,,,,,,,,,,,,,,,,,,,,,,,,,,,,,,,,,,,,,,,,,,,,,,,,,,,,,,,,,,,1.0,,,,,,,,,,,,,,,,,,,,,,,,,,,,,,,,,,,,,,,,,,,,,,,,,,,,,,,,,,,,,,,,,,,,,,,,,,,,,,,,,,,,,,,,,,,,,,,,,,,,,,,,,,,,,,,,,,,,,,,,,,,,,,,,,,,,,,,,,,,,,,,,,,,,,,,,,,,,,,,,,,,,,,2023,,,,2.0,2.0,,,,,,,,,,,,,,,,,,,,,,,,,,,,,,,,
17.0,1.0,0.0,0.0,,,,,,,,,,,,,,,,,25.0,13.76470588,,41.0,17.0,4.0,2.0,,,31.0,142.0,9.36,,,,,,1.0,1.0,8.0,9.0,,,,17.0,,,,,,,,,,,,,,,,,,,,,,,,,,,,,,,,,,,,,,,,,,,15.11764706,Austin Hooper,NE,FA,58,3043275,,FA,,{},"['WR/TE', 'TE', 'RB/WR/TE', 'OP', 'BE', 'IR']",,,,,,,,,,,,,,,,,,,,,,,,,,,,,,,,,,,,,,,,,,,,,,,,,,,,,,,,,,,,,,,,,,,,,,,,,,,,,,,,,,,,,,,,,,,,,,,,,,,,,,,,,,,,,,,,,,,,,,,,,,,,,,,,,,,,,,,,,,,,,,,,,,,,,,,,,,,,,,,,,,,,,,,,,,,,,,,,,,,,,,,,,,,,,,,,,,,,,,,,,,,,,,,,,,,,,,,,,,,,,,,,,,,,,,,,,,,,,,,,,,2023,,,,,12.0,,,,,,,,,,,,,,,,,,,,,,,,,,,,,,,,
12.0,1.33,0.0,0.0,32.0,14.33333333,,24.0,11.0,5.0,3.0,1.0,,4.0,1.0,,,,,4.03125,5.0,2.44444444,,2.0,1.0,,,,,5.0,41.0,4.4,,,,,,,,6.0,3.0,,,,9.0,,,,,,,,,,,,,,,,,,,,,,,,,,,,,,,,,,,,,,,,,,,14.17647059,Ronnie Rivers,LAR,FA,93,4243003,,FA,,{},"['RB', 'RB/WR', 'RB/WR/TE', 'OP', 'BE', 'IR']",,,,,,,,16.0,1.0,,,,,,,,,,,,,,,,,,,,,,,,,,,,,,,,,,,,,,,,,,,,,,,,,,,,,,,,,,,,,,,,,,,,,,,,,,,,,,,,,,,,,,,,,,,,,,,,,,,,,,,,,,,,,,,,,,,,,,,,,,,,,,,,,,,,,,,,,,,,,,,,,,,,,,,,,,,,,,,,,,,,,,,,,,,,,,,,,,,,,,,,,,,,,,,,,,,,,,,,,,,,,,,,,,,,,,,,,,,,,,,,,,,,,,,,,2023,,,,4.0,,,,,,,,,,,,,,,,,,,,,,,,,,,,,,,,,
3.0,0.3,0.0,0.0,,,,,,,,,,,,,,,,,6.0,5.3,,9.0,3.0,1.0,1.0,,,11.0,15.0,8.83333333,,,,,,,,8.0,2.0,,,,10.0,,,,,,,,,,,,,,,,,,,,,,,,,,,,,,,,,,,,,,,,,,,14.11764706,Justyn Ross,KC,FA,177,4360306,,FA,,{},"['RB/WR', 'WR', 'WR/TE', 'RB/WR/TE', 'OP', 'BE', 'IR']",,,,,,,,,,,,,,,,,,,,,,,,,,,,,,,,,,,,,,,,,,,,,,,,,,,,,,,,,,,,,,,,,,,,,,,,,,,,,,,,,,,,,,,,,,,,,,,,,,,,,,,,,,,,,,,,,,,,,,,,,,,,,,,,,,,,,,,,,,,,,,,,,,,,,,,,,,,,,,,,,,,,,,,,,,,,,,,,,,,,,,,,,,,,,,,,,,,,,,,,,,,,,,,,,,,,,,,,,,,,,,,,,,,,,,,,,,,,,,,,,,2023,,,,,2.0,,,,,,,,,,,,,,,,,,,,,,,,,,,,,,,,
3.0,0.3,0.0,0.0,5.0,2.3,,3.0,1.0,,,,,,,,,,,4.6,7.0,4.0,,7.0,2.0,,,,,9.0,33.0,5.71428571,1.0,1.0,,,,2.0,2.0,7.0,3.0,,,,10.0,,,,,,,,,,,,,,,,,,,,,,,,,,,,,,,,,,,,,,,,,,,13.17647059,Mike Boone,CAR,FA,114,3139033,,FA,,{},"['RB', 'RB/WR', 'RB/WR/TE', 'OP', 'BE', 'IR']",,,,,,,,66.0,5.0,1.0,,,,,,,,,,,,,,,,,,,,,,,,,,,,,,,,,,,,,,,,,,,,,,,,,,,,,,,,,,,,,,,,,,,,,,,,,,,,,,,,,,,,,,,,,,,,,,,,,,,,,,,,,,,,,,,,,,,,,,,,,,,,,,,,,,,,,,,,,,,,,,,,,,,,,,,,,,,,,,,,,,,,,,,,,,,,,,,,,,,,,,,,,,,,,,,,,,,,,,,,,,,,,,,,,,,,,,,,,,,,,,,,,,,,,,,,2023,,,,2.0,2.0,,,,,,,,,,,,,,,,,,,,,,,,,,,,,,,,
5.0,0.38,0.0,0.0,14.0,3.53846154,,7.0,1.0,,,,,1.0,,,,,,3.28571429,6.0,3.46153846,,7.0,2.0,1.0,1.0,,,7.0,38.0,7.5,,,,,,,,2.0,11.0,2.0,,,13.0,,,,,,,,,,,,,,,,,,,,,,,,,,,,,,,,,,,,,,,,,,,14.17647059,Raheem Blackshear,CAR,FA,108,4259308,,FA,,{},"['RB', 'RB/WR', 'RB/WR/TE', 'OP', 'BE', 'IR']",,,,,,,,430.0,38.0,14.0,,,,,,,,,,,,,,,,,,,,,,,,,,,,,,,,,,,,,,,,,,,,,,,,,,,,,,,,,,,,,,,,,,,,,,,,,,,,,,,,,,,,,,,,,,,,,,,,,,,,,,,,,,,,,,,,,,,,,,,,,,,,,,,,,,,,,,,,,,,,,,,,,,,,,,,,,,,,,,,,,,,,,,,,,,,,,,,,,,,,,,,,,,,,,,,,,1.0,,,,,,,,,,,,,,,,,,,,,,,,,,,,,,,,,,,,,,,2023,,,,1.0,1.0,,,,,,,,,,,,,,,,,,,,,,,,,,,,,,,,
6.0,0.4,20.68,1.48,20.0,5.73333333,,13.0,5.0,2.0,1.0,,,1.0,,,,,,4.3,4.0,3.46666667,,8.0,3.0,1.0,1.0,,,6.0,43.0,13.0,,1.0,,1.0,1.0,,1.0,9.0,6.0,,,,15.0,23.67237793,7.077427862,1.1532576,0.034516622,20.0,10.0,5.0,4.0,2.0,4.0,2.0,0.043985814,0.03079007,0.026061585,0.000889382,4.23839752,1.836277286,0.14202961,0.010000928,0.040005633,0.026143681,5.0,2.0,1.0,1.0,,3.584275133,,,0.014357397,0.000444043,4.691646462,7.262816044,0.04451755,0.001191935,0.235271498,0.035622859,0.270894357,0.108224889,0.019948801,0.12817369,0.12817369,14.17647059,Boston Scott,PHI,FA,103,3051439,,FA,,{},"['RB', 'RB/WR', 'RB/WR/TE', 'OP', 'BE', 'IR']",,,,,,,,170.0,14.0,4.0,0.178784,,690.7650794,,69.0,27.0,,,,,,,,,,,,,,,,,,,,,,,,,,,,,,,,,,,,,,,,,,,,,,,,,,,,,,,,,,,1.0,,,,,,,,,,,,,,,,,,,,,,,,,,,,,,,,,,,,,,,,,,,,,,,,,,,,,,,,,,,,,,,,,,,,,,,,,,,,,,,,,,,,,,,,,,,,,,,,,,,,,,,,,,,,,,,,,,,,,,,,,,,,,,,,,,,,,,,,,,,,,,,,,,,,,,,,,,,,,,,,,,,,,,,2023,,,,5.0,2.0,,,,,,,,,,,,,,,,,,,,,,,,,,,,,7.757691957,0.510830999,,
22.0,1.69,0.0,0.0,,,,,,,,,,,,,,,,,18.0,19.30769231,,47.0,22.0,10.0,7.0,1.0,,30.0,55.0,13.94444444,,,,,,3.0,4.0,5.0,8.0,,,,13.0,,,,,,,,,,,,,,,,,,,,,,,,,,,,,,,,,,,,,,,,,,,15.11764706,Mack Hollins,BUF,FA,119,2991662,,FA,,{},"['RB/WR', 'WR', 'WR/TE', 'RB/WR/TE', 'OP', 'BE', 'IR']",,,,,,,,,,,,,,,,,,,,,,,,,,,,,,,,,,,,,,,,,,,,,,,,,,,,,,,,,,,,,,,,,,,,,,,,,,,1.0,,,,,,,,,,,,,,,,,,,,,,,,,,,,,,,,,,,,,,,,,,,,,,,,,,,,,,,,,,,,,,,,,,,,,,,,,,,,,,,,,,,,,,,,,,,,,,,,,,,,,,,,,,,,,,,,,,,,,,,,,,,,,,,,,,,,,,,,,,,,,,,,,,,,,,,,,,,,,,,,,,,,,,,2023,,,,,9.0,,,,,,,,,,,,,,,,,,,,,,,,,,,,,,,,
27.0,5.4,0.0,0.0,3.0,4.2,,3.0,1.0,,,,,,,,,,,7.0,16.0,43.6,1.0,42.0,20.0,10.0,7.0,3.0,2.0,24.0,37.0,13.625,,,,,,1.0,1.0,4.0,1.0,6.0,,,5.0,,,,,,,,,,,,,,,,,,,,,,,,,,,,,,,,,,,,,,,,,,,15.11764706,Bo Melton,GB,FA,112,4259305,,FA,,{},"['RB/WR', 'WR', 'WR/TE', 'RB/WR/TE', 'OP', 'BE', 'IR']",,,,1.0,1.0,,,,,,,,,,,,,,,1.0,,,,,,,,,,,,,,,,,,,,,,,,,,,,,,,,,,,,,,,,,,,,,,,,,,,,,,,,,,,,,,,,,,,,,,,,,,,,,,,,,,,,,,,,,,,,,,,,,,,,,,,,,,,,,,,,,,,,,,,,,,,,,,,,,,,,,,,,,,,,,,,,,,,,,,,,,,,,,,,,,,,,,,,,,,,,,,,,,,,,,,,,,,,,,,,,,,,,,,,,,,,,,,,,,,,,,,,,,,,,,,2023,,,,2.0,13.0,,,,,,,,,,,,,,,,,,,,,,,,,,,,,,,,
20.0,1.18,0.0,0.0,5.0,0.35294118,,,,,,,,,,,,,,1.2,14.0,7.0,2.0,21.0,8.0,4.0,3.0,,,17.0,58.0,8.5,,,,,,1.0,1.0,12.0,5.0,12.0,,,17.0,,,,,,,,,,,,,,,,,,,,,,,,,,,,,,,,,,,,,,,,,,,14.17647059,Kyle Juszczyk,SF,FA,78,16002,,FA,,{},"['RB', 'RB/WR', 'RB/WR/TE', 'OP', 'BE', 'IR']",,,,,,,,18.0,1.0,,,,,,,,,,,1.0,1.0,,,,,,,,,,,,,,,,,,,,,,,,,,,,,,,,,,,,,,,,,,,,,,,,,,,,,,,,,,,,,,,,,,,,,,,,,,,,,,,,,,,,,,,,,,,,,,,,,,,,,,,,,,,,,,,,,,,,,,,,,,,,,,,,,,,,,,,,,,,,,,,,,,,,,,,,,,,,,,,,,,,,,,,,,,,,,,,,,,,,,,,,,,,,,,,,,,,,,,,,,,,,,,,,,,,,,,,,,,,,,2023,,,,2.0,8.0,,,,,,,,,,,,,,,,,,,,,,,,,,,,,,,,
9.0,4.5,0.0,0.0,2.0,0.5,,,,,,,,,,,,,,0.5,,,,,,,,,,,,,1.0,1.0,,,3.0,,,1.0,1.0,6.0,,,2.0,,,,,,,,,,,,,,,,,,,,,,,,,,,,,,,,,,,,,,,,,,,4.0,Case Keenum,HOU,FA,62,15168,,FA,,{},"['QB', 'OP', 'BE', 'IR']",,,,,,,,,,,,,,,,,,,,,,53.0,34.0,19.0,145.5,1.0,57.0,28.0,14.0,11.0,5.0,2.0,6.0,3.0,3.0,1.0,,,,,3.0,0.64150943,6.0,,1.0,,,,,,,,,,,,,,,,,,,,,,,,,,,,,,,,,,,,,,,,,,,,,,,,,,,,,,,,,,,,,,,,,,,,,,,,,,,,,,,,,,,,,,,,,,,,,,,,,,,,,,,,,,,,,,,,,,,,,,,,,,,,,,,,,,,,,,,,,,,,,,,,,,,,,,,,,,,,,,,,,,,,,,,,,,,,,,,,,,,,,,,,,,,,,,,,,,,,,2023,,,14.0,,,,,,,,,,,,,,,,,,,,,,,,,,,,,,,,,,
32.0,1.88,0.0,0.0,,,,,,,,,,,,,,,,,22.0,12.0,3.0,35.0,14.0,5.0,3.0,,1.0,35.0,98.0,9.27272727,,,,,,,,8.0,9.0,18.0,,,17.0,,,,,,,,,,,,,,,,,,,,,,,,,,,,,,,,,,,,,,,,,,,15.11764706,Adam Trautman,DEN,FA,37,3911853,,FA,,{},"['WR/TE', 'TE', 'RB/WR/TE', 'OP', 'BE', 'IR']",,,,,,,,,,,,,,,,,,,,2.0,,,,,,,,,,,,,,,,,,,,,,,,,,,,,,,,,,,,,,,,,,,,,,,,,,,,,,1.0,,,,,,,,,,,,,,,,,,,,,,,,,,,,,,,,,,,,,,,,,,,,,,,,,,,,,,,,,,,,,,,,,,,,,,,,,,,,,,,,,,,,,,,,,,,,,,,,,,,,,,,,,,,,,,,,,,,,,,,,,,,,,,,,,,,,,,,,,,,,,,,,,,,,,,,,,,,,,,,,,,,,,,,,2023,,,,,10.0,,,,,,,,,,,,,,,,,,,,,,,,,,,,,,,,
10.0,0.91,48.32,3.22,,,,,,,,,,,,,,,,,5.0,3.54545455,1.0,6.0,2.0,,,,,17.0,23.0,7.8,,,,,,,,5.0,6.0,8.0,,,11.0,,,,,,,,,,,,,,,,,22.43512046,2.625968164,0.126022683,0.154389125,0.100893293,67.0,33.0,16.0,13.0,6.0,31.34275212,6.0,3.0,0.157234922,0.004862936,44.41390196,10.82120139,0.126022683,0.002758162,,0.626855042,0.626855042,,0.351038824,0.351038824,0.351038824,15.11764706,Randall Cobb,NYJ,FA,150,14053,,FA,,{},"['RB/WR', 'WR', 'WR/TE', 'RB/WR/TE', 'OP', 'BE', 'IR']",,,,,,,,,,,,,,,,,,,,,,,,,,,,,,,,,,,,,,,,,,,,,,,,,,,,,,,,,,,,,,,,,,,,,,,,1.0,,1.0,,,,,,,,,,,,,,,,,,,,,,,,,,,,,,,,,,,,,,,,,,,,,,,,,,,,,,,,,,,,,,,,,,,,,,,,,,,,,,,,,,,,,,,,,,,,,,,,,,,,,,,,,,,,,,,,,,,,,,,,,,,,,,,,,,,,,,,,,,,,,,,,,,,,,,,,,,,,,,,,,,,,,,,,2023,,,,,3.0,,,,,,,,,,,,,,,,,,,,,,,,,,,,,,16.42101037,,
0.0,0.0,0.0,0.0,,,,,,,,,,,,,,,,,,,,,,,,,,,,,,,,,,,,,,,,,,,,,,,,,,,,,,,,,,,,,,,,,,,,,,,,,,,,,,,,,,,,,Tristan Vizcaino,None,FA,0,3127313,,FA,,{},"['K', 'BE', 'IR']",,,,,,,,,,,,,,,,,,,,,,,,,,,,,,,,,,,,,,,,,,,,,,,,,,,,,,,,,,,,,,,,,,,,,,,,,,,,,,,,,,,,,,,,,,,,,,,,,,,,,,,,,,,,,,,,,,,,,,,,,,,,,,,,,,,,,,,,,,,,,,,,,,,,,,,,,,,,,,,,,,,,,,,,,,,,,,,,,,,,,,,,,,,,,,,,,,,,,,,,,,,,,,,,,,,,,,,,,,,,,,,,,,,,,,,,,,,,,,,,,,2023,,,,,,,,,,,,,,,,,,,,,,,,,,,,,,,,,,,,,
41.0,2.56,17.95,1.2,11.0,6.875,1.0,19.0,8.0,3.0,1.0,,,,,,,,,10.0,12.0,7.9375,3.0,22.0,9.0,2.0,2.0,,,18.0,39.0,10.58333333,1.0,1.0,,,,,,11.0,5.0,24.0,1.0,1.0,16.0,4.950865676,1.989157444,0.249695221,0.009982437,6.0,3.0,1.0,1.0,,,,0.009103966,0.006372776,0.00212831,7.26311e-05,6.073964061,5.398928606,0.569104692,0.031634271,0.149057719,0.097409219,16.0,8.0,4.0,3.0,1.0,6.981513963,1.0,,0.037219096,0.001151106,10.79824403,11.69074467,0.041616708,0.001050049,0.099017314,0.139630279,0.238647593,0.045547964,0.078192956,0.123740921,0.123740921,15.11764706,KaVontae Turpin,DAL,FA,88,3676833,,FA,,{},"['RB/WR', 'WR', 'WR/TE', 'RB/WR/TE', 'OP', 'BE', 'IR']",,,,,,,,292.0,26.0,8.0,0.178784,0.187824,770.1,258.0,77.0,30.0,25.0,10.0,,1.0,1.0,,,,,,,,,,,,,,,,,,,,,,,,,,,,,,,,,,,,,,,,,,,,,,,,,,,,,,,,,,,,,,,,,,,,,,,,,,,,,,,,,,,,,,,,,,,,,,,,,,,,,,,,,,,,,,,79.0,5.0,,,,,,,,,,,,,,,,,,,,,,,,,,,,,,,,,,,,,,,,,,,,,,,,,,,,,,,,,,,,,,,,,,,,,,,,,,,,,,,,,,,,,,,,,,,,,,,,,,,,,,,,,,,,,2023,,,,5.0,9.0,,,,,,,,,,,,,,,,,,,,,,,,,,,,,3.574288649,2.925057433,,
31.0,1.82,0.0,0.0,1.0,0.17647059,1.0,,,,,,,,,,,,,3.0,19.0,11.52941176,2.0,32.0,13.0,6.0,3.0,1.0,,25.0,87.0,10.31578947,,,,,,2.0,2.0,9.0,8.0,18.0,1.0,,17.0,,,,,,,,,,,,,,,,,,,,,,,,,,,,,,,,,,,,,,,,,,,15.11764706,Jake Bobo,SEA,FA,100,4360405,,FA,,{},"['Rookie', 'RB/WR', 'WR', 'WR/TE', 'RB/WR/TE', 'OP', 'BE', 'IR']",,,,,,,,,,,,,,,,,,,,1.0,,,,,,,,,,,,,,,,,,,,,,,,,,,,,,,,,,,,,,,,,,,,,,,,,,,,,,1.0,,,,,,,,,,,,,,,,,,,,,,,,,,,,,,,,,,,,,,,,,,,,,,,,,,,,,,,,,,,,,,,,,,,,,,,,,,,,,,,,,,,,,,,,,,,,,,,,,,,,,,,,,,,,,,,,,,,,,,,,,,,,,,,,,,,,,,,,,,,,,,,,,,,,,,,,,,,,,,,,,,,,,,,,2023,,,,1.0,9.0,,,,,,,,,,,,,,,,,,,,,,,,,,,,,,,,
50.0,3.85,25.49,1.7,,,,,,,,,,,,,,,,,19.0,21.84615385,4.0,53.0,24.0,11.0,8.0,2.0,,30.0,89.0,14.94736842,,,,,,,,4.0,9.0,26.0,,,13.0,,,,,,,,,,,,,,,,,11.95209121,1.277322463,0.070144368,0.165722783,0.108299839,36.0,18.0,9.0,7.0,3.0,14.34972925,2.0,1.0,0.078040676,0.002413629,23.06428118,12.59170075,0.070144368,0.001262776,,0.286994585,0.286994585,,0.160716968,0.160716968,0.160716968,15.11764706,Brandon Johnson,DEN,FA,75,4035198,,FA,,{},"['RB/WR', 'WR', 'WR/TE', 'RB/WR/TE', 'OP', 'BE', 'IR']",,1.0,1.0,,,,,,,,,,,,,,,,,1.0,1.0,,,,,,,,,,,,,,,,,,,,,,,,,,,,,,,,,,,,,,,,,,,,,,,,,,,1.0,,1.0,,,,,,,,,,,,,,,,,,,,,,,,,,,,,,,,,,,,,,,,,,,,,,,,,,,,,,,,,,,,,,,,,,,,,,,,,,,,,,,,,,,,,,,,,,,,,,,,,,,,,,,,,,,,,,,,,,,,,,,,,,,,,,,,,,,,,,,,,,,,,,,,,,,,,,,,,,,,,,,,,,,,,,,,2023,,,,,12.0,,,,,,,,,,,,,,,,,,,,,,,,,,,,,,7.626035863,,
0.0,0.0,0.0,0.0,,,,,,,,,,,,,,,,,,,,,,,,,,,,,,,,,,,,,,,,,,,,,,,,,,,,,,,,,,,,,,,,,,,,,,,,,,,,,,,,,,,,,Trey Lance,DAL,FA,0,4383351,,FA,,{},"['QB', 'OP', 'BE', 'IR']",,,,,,,,,,,,,,,,,,,,,,,,,,,,,,,,,,,,,,,,,,,,,,,,,,,,,,,,,,,,,,,,,,,,,,,,,,,,,,,,,,,,,,,,,,,,,,,,,,,,,,,,,,,,,,,,,,,,,,,,,,,,,,,,,,,,,,,,,,,,,,,,,,,,,,,,,,,,,,,,,,,,,,,,,,,,,,,,,,,,,,,,,,,,,,,,,,,,,,,,,,,,,,,,,,,,,,,,,,,,,,,,,,,,,,,,,,,,,,,,,,2023,,,,,,,,,,,,,,,,,,,,,,,,,,,,,,,,,,,,,
17.0,1.0,24.21,1.61,,,,,,,,,,,,,,,,,8.0,3.82352941,2.0,10.0,5.0,1.0,,,,15.0,27.0,8.125,,,,,,2.0,2.0,12.0,5.0,12.0,,,17.0,,,,,,,,,,,,,,,,,10.65491109,1.375787115,0.076489775,0.12354703,0.080737984,32.0,16.0,8.0,6.0,3.0,15.38453765,3.0,1.0,0.061740614,0.001909504,22.2493269,10.47006994,0.076489775,0.000778567,,0.176947062,0.176947062,,0.099090355,0.099090355,0.099090355,15.11764706,Luke Schoonmaker,DAL,FA,58,4372096,,FA,,{},"['Rookie', 'WR/TE', 'TE', 'RB/WR/TE', 'OP', 'BE', 'IR']",,,,,,,,,,,,,,,,,,,,1.0,,,,,,,,,,,,,,,,,,,,,,,,,,,,,,,,,,,,,,,,,,,,,,,,,,,,,,1.0,,,,,,,,,,,,,,,,,,,,,,,,,,,,,,,,,,,,,,,,,,,,,,,,,,,,,,,,,,,,,,,,,,,,,,,,,,,,,,,,,,,,,,,,,,,,,,,,,,,,,,,,,,,,,,,,,,,,,,,,,,,,,,,,,,,,,,,,,,,,,,,,,,,,,,,,,,,,,,,,,,,,,,,,2023,,,,,5.0,,,,,,,,,,,,,,,,,,,,,,,,,,,,,,7.361391078,,
1.0,0.5,0.0,0.0,3.0,6.5,,2.0,1.0,,,,,,,,,,,4.33333333,1.0,4.0,,1.0,,,,,,1.0,13.0,8.0,,,,,,,,2.0,,,,,2.0,,,,,,,,,,,,,,,,,,,,,,,,,,,,,,,,,,,,,,,,,,,13.17647059,Zonovan Knight,DET,FA,123,4427728,,FA,,{},"['RB', 'RB/WR', 'RB/WR/TE', 'OP', 'BE', 'IR']",,,,,,,,22.0,2.0,,,,,,,,,,,,,,,,,,,,,,,,,,,,,,,,,,,,,,,,,,,,,,,,,,,,,,,,,,,,,,,,,,,,,,,,,,,,,,,,,,,,,,,,,,,,,,,,,,,,,,,,,,,,,,,,,,,,,,,,,,,,,,,,,,,,,,,,,,,,,,,,,,,,,,,,,,,,,,,,,,,,,,,,,,,,,,,,,,,,,,,,,,,,,,,,,,,,,,,,,,,,,,,,,,,,,,,,,,,,,,,,,,,,,,,,,2023,,,,,,,,,,,,,,,,,,,,,,,,,,,,,,,,,,,,,
27.0,1.59,0.0,0.0,,,,,,,,,,,,,,,,,22.0,12.52941176,2.0,38.0,17.0,5.0,4.0,,,28.0,162.0,9.68181818,,1.0,,1.0,1.0,1.0,1.0,7.0,10.0,12.0,,,17.0,,,,,,,,,,,,,,,,,,,,,,,,,,,,,,,,,,,,,,,,,,,15.11764706,Josh Oliver,MIN,FA,44,3921690,,FA,,{},"['WR/TE', 'TE', 'RB/WR/TE', 'OP', 'BE', 'IR']",,,,,,1.0,1.0,,,,,,,,,,,,,2.0,,,,,,,,,,,,,,,,,,,,,,,,,,,,,,,,,,,,,,,,,,,,,,,,,,,,,,,,,,,,,,,,,,,,,,,,,,,,,,,,,,,,,,,,,,,,,,,,,,,,,,,,,,,,,,,,,,,,,,,,,,,,,,,,,,,,,,,,,,,,,,,,,,,,,,,,,,,,,,,,,,,,,,,,,,,,,,,,,,,,,,,,,,,,,,,,,,,,,,,,,,,,,,,,,,,,,,,,,,,,,,2023,,,,,12.0,,,,,,,,,,,,,,,,,,,,,,,,,,,,,,,,
20.0,2.0,0.0,0.0,30.0,13.2,,23.0,10.0,3.0,2.0,1.0,,4.0,,,,,,4.4,7.0,6.2,1.0,10.0,4.0,2.0,1.0,,,7.0,60.0,8.85714286,1.0,1.0,,,,1.0,2.0,6.0,4.0,6.0,,,10.0,,,,,,,,,,,,,,,,,,,,,,,,,,,,,,,,,,,,,,,,,,,14.17647059,Ty Johnson,BUF,FA,78,3915411,,FA,,{},"['RB', 'RB/WR', 'RB/WR/TE', 'OP', 'BE', 'IR']",,,,,,,,161.0,14.0,3.0,,,,,,,,,,,1.0,,,,,,,,,,,,,,,,,,,,,,,,,,,,,,,,,,,,,,,,,,,,,,,,,,,,,,1.0,,,,,,,,,,,,,,,,,,,,,,,,,,,,,,,,,,,,,,,,,,,,,,,,,,,,,,,,,,,,,,,,,,,,,,,,,,,,,,,,,,,,,,,,,,,,,,,,,,,,,,,,,,,,,,,,,,,,,,,,,,,,,,,,,,,,,,,,,,,,,,,,,,,,,,,,,,,,,,,,,,,,,,,2023,,,,8.0,2.0,,,,,,,,,,,,,,,,,,,,,,,,,,,,,,,,
3.0,0.18,0.0,0.0,,,,,,,,,,,,,,,,,7.0,3.58823529,,10.0,3.0,,,,,10.0,50.0,8.71428571,,,,,,,,10.0,7.0,,,,17.0,,,,,,,,,,,,,,,,,,,,,,,,,,,,,,,,,,,,,,,,,,,15.11764706,Darnell Washington,PIT,FA,89,4430802,,FA,,{},"['Rookie', 'WR/TE', 'TE', 'RB/WR/TE', 'OP', 'BE', 'IR']",,,,,,,,,,,,,,,,,,,,,,,,,,,,,,,,,,,,,,,,,,,,,,,,,,,,,,,,,,,,,,,,,,,,,,,,,,,,,,,,,,,,,,,,,,,,,,,,,,,,,,,,,,,,,,,,,,,,,,,,,,,,,,,,,,,,,,,,,,,,,,,,,,,,,,,,,,,,,,,,,,,,,,,,,,,,,,,,,,,,,,,,,,,,,,,,,,,,,,,,,,,,,,,,,,,,,,,,,,,,,,,,,,,,,,,,,,,,,,,,,,2023,,,,,4.0,,,,,,,,,,,,,,,,,,,,,,,,,,,,,,,,
18.0,2.0,48.49,3.23,,,,,,,,,,,,,,,,,15.0,15.77777778,1.0,26.0,12.0,5.0,4.0,1.0,1.0,21.0,46.0,9.46666667,,,,,,1.0,1.0,5.0,4.0,6.0,,,9.0,,,,,,,,,,,,,,,,,23.16610812,2.287542288,0.161061602,0.178435064,0.116607314,70.0,35.0,17.0,14.0,7.0,28.11643154,5.0,2.0,0.168306269,0.005205349,44.27654554,12.45595643,0.161061602,0.0022555,,0.512613613,0.512613613,,0.287063623,0.287063623,0.287063623,15.11764706,Quez Watkins,PHI,FA,131,4050373,,FA,,{},"['RB/WR', 'WR', 'WR/TE', 'RB/WR/TE', 'OP', 'BE', 'IR']",,,,,,,,11.0,1.0,,,,,,,,,,,,,,,,,,,,,,,,,,,,,,,,,,,,,,,,,,,,,,,,,,,,,,,,,,,,,,,,,1.0,,,,,,,,,,,,,,,,,,,,,,,,,,,,,,,,,,,,,,,,,,,,,,,,,,,,,,,,,,,,,,,,,,,,,,,,,,,,,,,,,,,,,,,,,,,,,,,,,,,,,,,,,,,,,,,,,,,,,,,,,,,,,,,,,,,,,,,,,,,,,,,,,,,,,,,,,,,,,,,,,,,,,,,,2023,,,,,8.0,,,,,,,,,,,,,,,,,,,,,,,,,,,,,,15.851976,,
11.0,1.22,0.0,0.0,,,,,,,,,,,,,,,,,19.0,15.44444444,,26.0,11.0,4.0,3.0,1.0,2.0,33.0,48.0,7.31578947,,1.0,,,,1.0,1.0,1.0,8.0,,,,9.0,,,,,,,,,,,,,,,,,,,,,,,,,,,,,,,,,,,,,,,,,,,14.11764706,Terrace Marshall Jr.,CAR,FA,147,4362630,,FA,,{},"['RB/WR', 'WR', 'WR/TE', 'RB/WR/TE', 'OP', 'BE', 'IR']",,,,,,1.0,,,,,,,,,,,,,,,,,,,,,,,,,,,,,,,,,,,,,,,,,,,,,,,,,,,,,,,,,,,,,,,,,,,,,,,,,,,,,,,,,,,,,,,,,,,,,,,,,,,,,,,,,,,,,,,,,,,,,,,,,,,,,,,,,,,,,,,,,,,,,,,,,,,,,,,,,,,,,,,,,,,,,,,,,,,,,,,,,,,,,,,,,,,,,,,,,,,,,,,,,,,,,,,,,,,,,,,,,,,,,,,,,,,,,,,,,,,,2023,,,,,8.0,,,,,,,,,,,,,,,,,,,,,,,,,,,,,,,,
31.0,1.82,0.0,0.0,,,,,,,,,,,,,,,,,22.0,15.76470588,2.0,48.0,21.0,8.0,6.0,2.0,,36.0,34.0,12.18181818,,1.0,,1.0,1.0,4.0,4.0,12.0,5.0,12.0,,,17.0,,,,,,,,,,,,,,,,,,,,,,,,,,,,,,,,,,,,,,,,,,,15.11764706,Jalen Tolbert,DAL,FA,100,4249417,,FA,,{},"['RB/WR', 'WR', 'WR/TE', 'RB/WR/TE', 'OP', 'BE', 'IR']",,,,,,,,,,,,,,,,,,,,2.0,,,,,,,,,,,,,,,,,,,,,,,,,,,,,,,,,,,,,,,,,,,,,,,,,,,,,,,,,,,,,,,,,,,,,,,,,,,,,,,,,,,,,,,,,,,,,,,,,,,,,,,,,,,,,,,,,,,,,,,,,,,,,,,,,,,,,,,,,,,,,,,,,,,,,,,,,,,,,,,,,,,,,,,,,,,,,,,,,,,,,,,,,,,,,,,,,,,,,,,,,,,,,,,,,,,,,,,,,,,,,,2023,,,,,13.0,,,,,,,,,,,,,,,,,,,,,,,,,,,,,,,,
21.0,1.24,0.0,0.0,5.0,0.47058824,,,,,,,,,,,,,,1.6,13.0,4.76470588,3.0,13.0,5.0,2.0,1.0,,1.0,20.0,35.0,6.23076923,1.0,1.0,1.0,1.0,1.0,6.0,7.0,11.0,6.0,18.0,,,17.0,,,,,,,,,,,,,,,,,,,,,,,,,,,,,,,,,,,,,,,,,,,15.11764706,Harrison Bryant,LV,FA,51,4040774,,FA,,{},"['WR/TE', 'TE', 'RB/WR/TE', 'OP', 'BE', 'IR']",,,,,,,,,,,,,,,,,,,,3.0,,,,,,,,,,,,,,,,,,,,,,,,,,,,,,,,,,,,,,,,,,,,,,,,,,,,,,,1.0,,,,,,,,,,,,,,,,,,,,,,,,,,,,,,,,,,,,,,,,,,,,,,,,,,,,,,,,,,,,,,,,,,,,,,,,,,,,,,,,,,,,,,,,,,,,,,,,,,,,,,,,,,,,,,,,,,,,,,,,,,,,,,,,,,,,,,,,,,,,,,,,,,,,,,,,,,,,,,,,,,,,,,,2023,,,,4.0,5.0,,,,,,,,,,,,,,,,,,,,,,,,,,,,,,,,
0.0,0.0,50.02,4.17,,,,,,,,,,,,,,,,,,,,,,,,,,,,,,,,,,,,,,,,,,70.01219833,24.6806839,2.604752108,0.104124281,60.0,30.0,15.0,12.0,6.0,14.0,7.0,0.133961542,0.093773079,0.272325596,0.009293428,4.354655956,3.314066309,0.145901445,0.008110211,0.038039914,0.024859084,8.0,4.0,2.0,1.0,,5.386751555,1.0,,0.021066707,0.000651548,7.350232347,7.599843014,0.112234492,0.003410098,0.719652028,0.055370161,0.775022189,0.331039933,0.03100729,0.362047223,0.362047223,12.35294118,Ronald Jones,None,FA,0,3912550,,FA,,{},"['RB', 'RB/WR', 'RB/WR/TE', 'OP', 'BE', 'IR']",,,,,,,,,,,,,,,,,,,,,,,,,,,,,,,,,,,,,,,,,,,,,,,,,,,,,,,,,,,,,,,,,,,,,,,,,,,,,,,,,,,,,,,,,,,,,,,,,,,,,,,,,,,,,,,,,,,,,,,,,,,,,,,,,,,,,,,,,,,,,,,,,,,,,,,,,,,,,,,,,,,,,,,,,,,,,,,,,,,,,,,,,,,,,,,,,,,,,,,,,,,,,,,,,,,,,,,,,,,,,,,,,,,,,,,,,,,,,,,,,,2023,,,,,,,,,,,,,,,,,,,,,,,,,,,,,,,,,,18.3178763,1.401951855,,
22.0,1.38,58.71,3.91,4.0,0.0,,,,,,,,,,,,,,0.0,15.0,9.375,1.0,27.0,12.0,4.0,3.0,1.0,,21.0,79.0,10.0,,2.0,,1.0,1.0,1.0,1.0,11.0,5.0,12.0,,,16.0,3.860523068,1.606242392,0.130045522,0.006297087,4.0,2.0,1.0,,,,,0.007094765,0.004966335,0.00135164,4.61263e-05,6.289978106,27.8129762,2.247518804,0.111759883,0.178554459,0.116685339,84.0,42.0,21.0,16.0,8.0,36.27071917,7.0,3.0,0.250131629,0.00773603,53.19399992,11.59245715,0.118056969,0.003531549,0.077210461,0.725414383,0.802624845,0.035516812,0.406232055,0.441748867,0.441748867,15.11764706,Deonte Harty,BUF,FA,119,4411193,,FA,,{},"['RB/WR', 'WR', 'WR/TE', 'RB/WR/TE', 'OP', 'BE', 'IR']",,,,,,,,7.0,,,0.178784,,779.8481013,,77.0,31.0,,,,1.0,,,,,,,,,,,,,,,,,,,,,,,,,,,,,,,,,,,,,,,,,,,,,,,,,,,,,,,,,,,,,,,,,,,,,,,,,,,,,,,,,,,,,,,,,,,,,,,,,,,,,,,,,1.0,,1.0,,,,,323.0,25.0,7.0,,,,,,,,,,,,,,,,,,,,,,,,,,,,,,,,,,,,,,,,,,,,,,,,,,,,,,,,,,,,,,,,,,,,,,,,,,,,,,,,,,,,,,,,,,,,,,,,,,,,,,,,,,,,2023,,,,,9.0,,,,,,,,,,,,,,,,,,,,,,,,,,,,,3.223387962,19.63145234,,
15.0,0.88,0.0,0.0,14.0,5.94117647,,18.0,8.0,2.0,2.0,1.0,,,,,,,,7.21428571,15.0,3.88235294,,11.0,3.0,,,,,17.0,115.0,4.4,,3.0,,1.0,1.0,,,5.0,12.0,6.0,,,17.0,,,,,,,,,,,,,,,,,,,,,,,,,,,,,,,,,,,,,,,,,,,15.11764706,Derius Davis,LAC,FA,136,4362477,,FA,,{},"['Rookie', 'RB/WR', 'WR', 'WR/TE', 'RB/WR/TE', 'OP', 'BE', 'IR']",,,,,,,,374.0,33.0,10.0,,,,,,,,,,,,,,,,,,,,,,,,,,,,,,,,,,,,,,,,,,,,,,,,,,,,,,,,,,,,,,,,,,,,,,,,,,,,,,,,,,,,,,,,,,,,,,,,,,,,,,,,,,,,,,,,,,,1.0,,1.0,,,,,385.0,33.0,10.0,,,,,,,,,,,,,,,,,,,,,,,,,,,,,,,,,,,,,,,,,,,,,,,,,,,,,,,,,,,,,,,,,,,,,,,,,,,,,,,,,,,,,,,,,,,,,,,,,,,,,,,,,,,,2023,,,,5.0,,,,,,,,,,,,,,,,,,,,,,,,,,,,,,,,,
8.0,0.5,5.35,0.36,5.0,3.0625,,9.0,3.0,,,,,,,,,,,9.8,8.0,5.625,,15.0,5.0,1.0,1.0,,,19.0,20.0,11.25,,,,,,2.0,2.0,9.0,7.0,,,,16.0,,,,,,,,,,,,,,,,,2.725294351,0.227981651,0.013137629,0.112013905,0.073201087,8.0,4.0,2.0,1.0,,3.581030883,,,0.021462737,0.000663796,5.814186205,11.50507758,0.013137629,0.000167412,,0.038048104,0.038048104,,0.021306938,0.021306938,0.021306938,15.11764706,Xavier Hutchinson,HOU,FA,157,4686422,,FA,,{},"['Rookie', 'RB/WR', 'WR', 'WR/TE', 'RB/WR/TE', 'OP', 'BE', 'IR']",,,,,,,,,,,,,,,,,,,,,,,,,,,,,,,,,,,,,,,,,,,,,,,,,,,,,,,,,,,,,,,,,,,,,,,,,,,,,,,,,,,,,,,,,,,,,,,,,,,,,,,,,,,,,,,,,,,,,,,,,,,,,,,,,,,,,,,,,,,,,,,,,,,,,,,,,,,,,,,,,,,,,,,,,,,,,,,,,,,,,,,,,,,,,,,,,,,,,,,,,,,,,,,,,,,,,,,,,,,,,,,,,,,,,,,,,,,,,,,,,,2023,,,,3.0,3.0,,,,,,,,,,,,,,,,,,,,,,,,,,,,,,0.895885552,,
13.0,0.76,44.31,2.95,8.0,3.29411765,,10.0,3.0,,,,,,,,,,,7.0,17.0,4.88235294,1.0,15.0,6.0,2.0,1.0,,,25.0,84.0,4.88235294,,3.0,,1.0,1.0,1.0,2.0,9.0,8.0,6.0,,,17.0,,,,,,,,,,,,,,,,,22.10396194,1.498711368,0.08259076,0.141497613,0.09246869,66.0,33.0,16.0,13.0,6.0,27.01058181,5.0,2.0,0.152536672,0.004717629,44.72471636,12.37144381,0.08259076,0.002376931,,0.540211636,0.540211636,,0.302518516,0.302518516,0.302518516,15.11764706,Deven Thompkins,TB,FA,141,4374187,,FA,,{},"['RB/WR', 'WR', 'WR/TE', 'RB/WR/TE', 'OP', 'BE', 'IR']",,,,,,1.0,1.0,327.0,29.0,10.0,0.22046,0.23736,680.104,211.56,68.0,27.0,21.0,8.0,,1.0,,,,,,,,,,,,,,,,,,,,,,,,,,,,,,,,,,,,,,,,,,,,,,,,,,,,,,,1.0,,,,,,,,,,,,,,,,,,,,,,,,,,,,,,,,,,,,,,,,,,,,,,,,,,,,,,,,,234.0,18.0,4.0,,,,,,,,,,,,,,,,,,,,,,,,,,,,,,,,,,,,,,,,,,,,,,,,,,,,,,,,,,,,,,,,,,,,,,,,,,,,,,,,,,,,,,,,,,,,,,,,,,,,,,,,,,,,2023,,,,4.0,5.0,,,,,,,,,,,,,,,,,,,,,,,,,,,,,,14.83455787,,
1.0,0.17,0.0,0.0,24.0,7.0,,6.0,1.0,,,,,2.0,,,,,,1.75,2.0,0.33333333,,,,,,,,5.0,1.0,1.0,,,,,,,,1.0,5.0,,,,6.0,,,,,,,,,,,,,,,,,,,,,,,,,,,,,,,,,,,,,,,,,,,,Ke'Shawn Vaughn,NE,FA,123,3917612,,FA,,{},"['RB', 'RB/WR', 'RB/WR/TE', 'OP', 'BE', 'IR']",,,,,,,,,,,,,,,,,,,,,,,,,,,,,,,,,,,,,,,,,,,,,,,,,,,,,,,,,,,,,,,,,,,,,,,,,,,,,,,,,,,,,,,,,,,,,,,,,,,,,,,,,,,,,,,,,,,,,,,,,,,,,,,,,,,,,,,,,,,,,,,,,,,,,,,,,,,,,,,,,,,,,,,,,,,,,,,,,,,,,,,,,,,,,,,,,,,,,,,,,,,,,,,,,,,,,,,,,,,,,,,,,,,,,,,,,,,,,,,,,,2023,,,,,,,,,,,,,,,,,,,,,,,,,,,,,,,,,,,,,
4.0,0.57,0.0,0.0,9.0,2.71428571,,3.0,,,,,,,,,,,,2.11111111,5.0,6.71428571,,9.0,4.0,1.0,1.0,,,7.0,53.0,9.4,,,,,,2.0,2.0,2.0,5.0,,,,7.0,,,,,,,,,,,,,,,,,,,,,,,,,,,,,,,,,,,,,,,,,,,14.17647059,Gary Brightwell,NYG,FA,110,4245645,,FA,,{},"['RB', 'RB/WR', 'RB/WR/TE', 'OP', 'BE', 'IR']",,,,,,,,,,,,,,,,,,,,,,,,,,,,,,,,,,,,,,,,,,,,,,,,,,,,,,,,,,,,,,,,,,,,,,,,,,,,,,,,,,,,,,,,,,,,,,,,,,,,,,,,,,,,,,,,,,,,,,,,,,,,,,,,,,,,,,,,,,,,,,,,,,,,,,,,,,,,,,,,,,,,,,,,,,,,,,,,,,,,,,,,,,,,,,,,,,,,,,,,,,,,,,,,,,,,,,,,,,,,,,,,,,,,,,,,,,,,,,,,,,2023,,,,,2.0,,,,,,,,,,,,,,,,,,,,,,,,,,,,,,,,
23.0,3.29,0.0,0.0,26.0,13.57142857,2.0,17.0,8.0,2.0,2.0,,,3.0,1.0,,,,,3.65384615,7.0,5.28571429,,7.0,3.0,1.0,,,,10.0,44.0,5.28571429,,,,,,1.0,1.0,3.0,4.0,12.0,2.0,,7.0,,,,,,,,,,,,,,,,,,,,,,,,,,,,,,,,,,,,,,,,,,,,Tony Jones Jr.,ARI,FA,73,4046676,,FA,,{},"['RB', 'RB/WR', 'RB/WR/TE', 'OP', 'BE', 'IR']",,,,,,,,,,,,,,,,,,,,,,,,,,,,,,,,,,,,,,,,,,,,,,,,,,,,,,,,,,,,,,,,,,,,,,,,,,,,,,,,,,,,,,,,,,,,,,,,,,,,,,,,,,,,,,,,,,,,,,,,,,,,,,,,,,,,,,,,,,,,,,,,,,,,,,,,,,,,,,,,,,,,,,,,,,,,,,,,,,,,,,,,,,,,,,,,,,,,,,,,,,,,,,,,,,,,,,,,,,,,,,,,,,,,,,,,,,,,,,,,,,2023,,,,7.0,1.0,,,,,,,,,,,,,,,,,,,,,,,,,,,,,,,,
22.0,4.4,0.0,0.0,11.0,8.0,,6.0,2.0,,,,,,,,,,,3.63636364,,,,,,,,,,,,,1.0,5.0,1.0,3.0,7.0,,,2.0,3.0,12.0,,,5.0,,,,,,,,,,,,,,,,,,,,,,,,,,,,,,,,,,,,,,,,,,,,Trevor Siemian,NYJ,FA,52,2511109,,FA,,{},"['QB', 'OP', 'BE', 'IR']",,,,,,,,,,,,,,,,,,,,,,153.0,86.0,67.0,144.8,2.0,144.0,71.0,34.0,26.0,13.0,5.0,15.0,6.0,11.0,5.0,,,,,4.0,0.5620915,8.0,4.0,1.0,,1.0,,,,,,,,,,,,,,,,,,,,,,,,,,,,,,,,,,,,,,,,,,,,,,,,,,,,,,,,,,,,,,,,,,,,,,,,,,,,,,,,,,,,,,,,,,,,,,,,,,,,,,,,,,,,,,,,,,,,,,,,,,,,,,,,,,,,,,,,,,,,,,,,,,,,,,,2.0,,,,,,,,,,,,,,,,,,,,,,,,,,,,,,,,,,,,,,,,,,,,2023,,,35.0,5.0,,,,,,,,,,,,,,,,,,,,,,,,,,,,,,,,,
6.0,1.0,0.0,0.0,22.0,11.66666667,,12.0,5.0,2.0,1.0,,,1.0,,,,,,3.18181818,7.0,7.16666667,,8.0,3.0,1.0,1.0,,,11.0,46.0,6.14285714,,1.0,,1.0,1.0,,,3.0,3.0,,,,6.0,,,,,,,,,,,,,,,,,,,,,,,,,,,,,,,,,,,,,,,,,,,14.17647059,Israel Abanikanda,NYJ,FA,103,4429202,,FA,,{},"['Rookie', 'RB', 'RB/WR', 'RB/WR/TE', 'OP', 'BE', 'IR']",,,,,,,,31.0,2.0,,,,,,,,,,,,,,,,,,,,,,,,,,,,,,,,,,,,,,,,,,,,,,,,,,,,,,,,,,,,,,,,,,,,,,,,,,,,,,,,,,,,,,,,,,,,,,,,,,,,,,,,,,,,,,,,,,,,,,,,,,,,,,,,,,,,,,,,,,,,,,,,,,,,,,,,,,,,,,,,,,,,,,,,,,,,,,,,,,,,,,,,,,,,,,,,,,,,,,,,,,,,,,,,,,,,,,,,,,,,,,,,,,,,,,,,,2023,,,,3.0,2.0,,,,,,,,,,,,,,,,,,,,,,,,,,,,,,,,
0.0,0.0,0.0,0.0,,,,,,,,,,,,,,,,,,,,,,,,,,,,,,,,,,,,,,,,,,,,,,,,,,,,,,,,,,,,,,,,,,,,,,,,,,,,,,,,,,,,,Le'Veon Bell,TB,FA,0,15825,,FA,,{},"['RB', 'RB/WR', 'RB/WR/TE', 'OP', 'BE', 'IR']",,,,,,,,,,,,,,,,,,,,,,,,,,,,,,,,,,,,,,,,,,,,,,,,,,,,,,,,,,,,,,,,,,,,,,,,,,,,,,,,,,,,,,,,,,,,,,,,,,,,,,,,,,,,,,,,,,,,,,,,,,,,,,,,,,,,,,,,,,,,,,,,,,,,,,,,,,,,,,,,,,,,,,,,,,,,,,,,,,,,,,,,,,,,,,,,,,,,,,,,,,,,,,,,,,,,,,,,,,,,,,,,,,,,,,,,,,,,,,,,,,2023,,,,,,,,,,,,,,,,,,,,,,,,,,,,,,,,,,,,,
13.0,13.0,0.0,0.0,7.0,33.0,,6.0,3.0,1.0,1.0,,,1.0,,,,,,4.71428571,,,,,,,,,,,,,,,,,2.0,,,,1.0,12.0,,,1.0,,,,,,,,,,,,,,,,,,,,,,,,,,,,,,,,,,,,,,,,,,,,Jeff Driskel,CLE,FA,60,2574630,,FA,,{},"['QB', 'OP', 'BE', 'IR']",,,,,,,,,,,,,,,,,,,,,,26.0,13.0,13.0,166.0,2.0,33.0,16.0,8.0,6.0,3.0,1.0,2.0,1.0,2.0,1.0,,,,,2.0,0.5,3.0,,,,1.0,1.0,,,,,,,,,,,,,,,,,,,,,,,,,,,,,,,,,,,,,,,,,,,,,,,,,,,,,,,,,,,,,,,,,,,,,,,,,,,,,,,,,,,,,,,,,,,,,,,,,,,,,,,,,,,,,,,,,,,,,,,,,,,,,,,,,,,,,,,,,,,,,,,,,,,,,,,,,,,,,,,,,,,,,,,,,,,,,,,,,,,,,,,,,,,,,,,,,,2023,,,8.0,4.0,,,,,,,,,,,,,,,,,,,,,,,,,,,,,,,,,
23.0,1.35,0.0,0.0,,,,,,,,,,,,,,,,,6.0,4.0,3.0,12.0,5.0,2.0,,,,13.0,10.0,11.33333333,,1.0,,,,2.0,3.0,12.0,5.0,18.0,,,17.0,,,,,,,,,,,,,,,,,,,,,,,,,,,,,,,,,,,,,,,,,,,15.11764706,Ronnie Bell,SF,FA,118,4372063,,FA,,{},"['Rookie', 'RB/WR', 'WR', 'WR/TE', 'RB/WR/TE', 'OP', 'BE', 'IR']",,,,,,,,,,,,,,,,,,,,2.0,,,,,,,,,,,,,,,,,,,,,,,,,,,,,,,,,,,,,,,,,,,,,,,,,,,,,,1.0,1.0,,,,,,,,,,,,,,,,,,,,,,,,,,,,,,,,,,,,,,1.0,,,,,,,,,,,,,,,,,,,70.0,4.0,1.0,,,,,,,,,,,,,,,,,,,,,,,,,,,,,,,,,,,,,,,,,,,,,,,,,,,,,,,,,,,,,,,,,,,,,,,,,,,,,,,,,,,,,,,,,,,,,,,,,,,,,,,,,,,,2023,,,,,5.0,,,,,,,,,,,,,,,,,,,,,,,,,,,,,,,,
21.0,7.0,0.0,0.0,,,,,,,,,,,,,,,,,,,,,,,,,,,,,,,,,,,,1.0,2.0,21.0,,,3.0,,,,,,,,,,,,,,,,,,,,,,,,,,,,,,,,,,,,,,,,,,,,Mason Crosby,None,FA,37,10636,,FA,,{},"['K', 'BE', 'IR']",,,,,,,,,,,,,,,,,,,,,,,,,,,,,,,,,,,,,,,,,,,,,,,,,,,,,,,,,,,,,,,,,,,,,,,,,,,,,,,1.0,2.0,,1.0,1.0,4.0,4.0,,5.0,7.0,2.0,6.0,7.0,1.0,1.0,2.0,,,,,,,,,,,,,,,,,,,,,,,,,,,,,,,,,,,,,,,,,,,,,,,,,,,,,,,,,,,,,,,,,,,,,,,,,,,,,,,,,,,,,,,,,,,,,,,,,,,,,,,,,1.0,1.0,,,,,,,,,,,,,,,,,,,,,,,,,,,,,,,,,,,,,,,,,,2023,,,,,,160.0,144.0,304.0,31.0,15.0,7.0,5.0,2.0,,28.0,13.0,6.0,4.0,1.0,60.0,30.0,14.0,11.0,5.0,1.0,,,,,,,,,,,,
46.0,2.88,0.0,0.0,10.0,4.8125,,13.0,5.0,1.0,1.0,,,,,,,,,7.7,19.0,20.6875,2.0,64.0,29.0,11.0,11.0,4.0,1.0,34.0,28.0,17.42105263,,,,,,4.0,5.0,7.0,9.0,12.0,,1.0,16.0,,,,,,,,,,,,,,,,,,,,,,,,,,,,,,,,,,,,,,,,,,,15.11764706,Tre Tucker,LV,FA,82,4428718,,FA,,{},"['Rookie', 'RB/WR', 'WR', 'WR/TE', 'RB/WR/TE', 'OP', 'BE', 'IR']",,,,,,,,,,,,,,,,,,,,,1.0,,,,,,,,,,,,,,,,,,,,,,,,,,,,,,,,,,,,,,,,,,,,,,,,,,,,,,1.0,,,,,,,,,,,,,,,,,,,,,,,,,,,,,,,,,,,,,,,,,,,,,,,,,,,,,,,,,,,,,,,,,,,,,,,,,,,,,,,,,,,,,,,,,,,,,,,,,,,,,,,,,,,,,,,,,,,,,,,,,,,,,,,,,,,,,,,,,,,,,,,,,,,,,,,,,,,,,,,,,,,,,,,2023,,,,4.0,12.0,,,,,,,,,,,,,,,,,,,,,,,,,,,,,,,,
0.0,0.0,0.0,0.0,,,,,,,,,,,,,,,,,,,,,,,,,,,,,,,,,,,,,,,,,,,,,,,,,,,,,,,,,,,,,,,,,,,,,,,,,,,,,,,,,,,,4.0,Hendon Hooker,DET,FA,0,4240858,,FA,,{},"['Rookie', 'QB', 'OP', 'BE', 'IR']",,,,,,,,,,,,,,,,,,,,,,,,,,,,,,,,,,,,,,,,,,,,,,,,,,,,,,,,,,,,,,,,,,,,,,,,,,,,,,,,,,,,,,,,,,,,,,,,,,,,,,,,,,,,,,,,,,,,,,,,,,,,,,,,,,,,,,,,,,,,,,,,,,,,,,,,,,,,,,,,,,,,,,,,,,,,,,,,,,,,,,,,,,,,,,,,,,,,,,,,,,,,,,,,,,,,,,,,,,,,,,,,,,,,,,,,,,,,,,,,,,2023,,,,,,,,,,,,,,,,,,,,,,,,,,,,,,,,,,,,,
25.0,1.92,12.84,0.86,,,,,,,,,,,,,,,,,6.0,3.0,4.0,6.0,1.0,,,,,7.0,3.0,6.5,,,,,,,,7.0,6.0,24.0,,,13.0,,,,,,,,,,,,,,,,,7.154661567,0.483747801,0.02621118,0.168325675,0.110000829,21.0,10.0,5.0,4.0,2.0,9.17414753,1.0,,0.045882428,0.001419044,13.86936223,11.78983094,0.02621118,0.000472503,,0.107386953,0.107386953,,0.060136694,0.060136694,0.060136694,15.11764706,Jimmy Graham,NO,FA,45,13232,,FA,,{},"['WR/TE', 'TE', 'RB/WR/TE', 'OP', 'BE', 'IR']",,,,,,,,,,,,,,,,,,,,4.0,,,,,,,,,,,,,,,,,,,,,,,,,,,,,,,,,,,,,,,,,,,,,,,,,,,,,,,,,,,,,,,,,,,,,,,,,,,,,,,,,,,,,,,,,,,,,,,,,,,,,,,,,,,,,,,,,,,,,,,,,,,,,,,,,,,,,,,,,,,,,,,,,,,,,,,,,,,,,,,,,,,,,,,,,,,,,,,,,,,,,,,,,,,,,,,,,,,,,,,,,,,,,,,,,,,,,,,,,,,,,,2023,,,,,6.0,,,,,,,,,,,,,,,,,,,,,,,,,,,,,,4.121866624,,
0.0,0.0,0.0,0.0,,,,,,,,,,,,,,,,,,,,,,,,,,,,,,,,,,,,,,,,,,,,,,,,,,,,,,,,,,,,,,,,,,,,,,,,,,,,,,,,,,,,,Cam Newton,CAR,FA,0,13994,,FA,,{},"['QB', 'OP', 'BE', 'IR']",,,,,,,,,,,,,,,,,,,,,,,,,,,,,,,,,,,,,,,,,,,,,,,,,,,,,,,,,,,,,,,,,,,,,,,,,,,,,,,,,,,,,,,,,,,,,,,,,,,,,,,,,,,,,,,,,,,,,,,,,,,,,,,,,,,,,,,,,,,,,,,,,,,,,,,,,,,,,,,,,,,,,,,,,,,,,,,,,,,,,,,,,,,,,,,,,,,,,,,,,,,,,,,,,,,,,,,,,,,,,,,,,,,,,,,,,,,,,,,,,,2023,,,,,,,,,,,,,,,,,,,,,,,,,,,,,,,,,,,,,
1.0,0.08,32.73,2.34,3.0,0.69230769,,1.0,,,,,,,,,,,,3.0,5.0,3.07692308,,6.0,1.0,,,,,12.0,27.0,8.0,,,,,,7.0,8.0,3.0,10.0,,,,13.0,31.62054735,9.237301009,0.80745944,0.034763413,26.0,13.0,6.0,5.0,2.0,6.0,3.0,0.059052266,0.041336586,0.046427475,0.00158,4.141368099,8.556929393,0.533331476,0.029353811,0.039388754,0.025740551,24.0,12.0,6.0,4.0,2.0,16.34482063,3.0,1.0,0.04985451,0.001541892,22.43381295,7.421742985,0.064117224,0.002014078,0.30176241,0.155982514,0.457744924,0.138810709,0.087350208,0.226160917,0.226160917,14.17647059,Ty Montgomery II,None,FA,123,2577134,,FA,,{},"['RB', 'RB/WR', 'RB/WR/TE', 'OP', 'BE', 'IR']",,,,,,,,219.0,20.0,3.0,,,,,,,,,,,,,,,,,,,,,,,,,,,,,,,,,,,,,,,,,,,,,,,,,,,,,,,,,,,,,,,,,1.0,,,,,,,,,,,,,,,,,,,,,,,,,,,,,,,,,,,,,,,,,,,,,,,,,,,,,,,,,,,,,,,,,,,,,,,,,,,,,,,,,,,,,,,,,,,,,,,,,,,,,,,,,,,,,,,,,,,,,,,,,,,,,,,,,,,,,,,,,,,,,,,,,,,,,,,,,,,,,,,,,,,,,,,2023,,,,,3.0,,,,,,,,,,,,,,,,,,,,,,,,,,,,,8.894766797,6.139073852,,
6.0,0.4,30.16,2.32,1.0,0.4,,1.0,,,,,,,,,,,,6.0,10.0,3.8,1.0,8.0,2.0,,,,,22.0,33.0,5.7,,1.0,,1.0,1.0,1.0,1.0,5.0,10.0,6.0,,,15.0,4.312734388,2.08747525,0.220884899,0.008461148,5.0,2.0,1.0,1.0,,,,0.007927977,0.005549584,0.001798626,6.13802e-05,6.406225475,16.21758214,1.02280156,0.059141314,0.060774421,0.039716084,42.0,21.0,10.0,8.0,4.0,22.95017441,4.0,2.0,0.083618219,0.00258613,34.96887305,9.35262912,0.067602462,0.001822083,0.065508267,0.348601608,0.414109875,0.030133803,0.195216901,0.225350703,0.225350703,13.23529412,Sterling Shepard,NYG,FA,164,2976592,,FA,,{},"['RB/WR', 'WR', 'WR/TE', 'RB/WR/TE', 'OP', 'BE', 'IR']",,,,,,,,,,,,,,,,,,,,1.0,,,,,,,,,,,,,,,,,,,,,,,,,,,,,,,,,,,,,,,,,,,,,,,,,,,,,,,,,,,,,,,,,,,,,,,,,,,,,,,,,,,,,,,,,,,,,,,,,,,,,,,,,,,,,,,,10.0,1.0,,,,,,,,,,,,,,,,,,,,,,,,,,,,,,,,,,,,,,,,,,,,,,,,,,,,,,,,,,,,,,,,,,,,,,,,,,,,,,,,,,,,,,,,,,,,,,,,,,,,,,,,,,,,,2023,,,,,4.0,,,,,,,,,,,,,,,,,,,,,,,,,,,,,3.431552258,10.41868348,,
9.0,2.25,0.0,0.0,4.0,1.25,,,,,,,,,,,,,,1.25,,,,,,,,,,,,,1.0,2.0,,,4.0,,,,4.0,6.0,,,4.0,,,,,,,,,,,,,,,,,,,,,,,,,,,,,,,,,,,,,,,,,,,,Tim Boyle,HOU,FA,62,3045169,,FA,,{},"['QB', 'OP', 'BE', 'IR']",,,,,,,,,,,,,,,,,,,,,,77.0,48.0,29.0,90.0,1.0,70.0,34.0,16.0,13.0,5.0,2.0,8.0,3.0,5.0,2.0,,,,,4.0,0.62337662,9.0,1.0,1.0,,,,,,,,,,,,,,,,,,,,,,,,,,,,,,,,,,,,,,,,,,,,,,,,,,,,,,,,,,,,,,,,,,,,,,,,,,,,,,,,,,,,,,,,,,,,,,,,,,,,,,,,,,,,,,,,,,,,,,,,,,,,,,,,,,,,,,,,,,,,,,,,,,,,,,,,,,,,,,,,,,,,,,,,,,,,,,,,,,,,,,,,,,,,,,,,,,,,,2023,,,16.0,3.0,,,,,,,,,,,,,,,,,,,,,,,,,,,,,,,,,
32.0,2.0,0.0,0.0,,,,,,,,,,,,,,,,,23.0,12.125,3.0,34.0,14.0,4.0,4.0,1.0,,32.0,95.0,8.43478261,,,,,,3.0,4.0,2.0,14.0,18.0,,,16.0,,,,,,,,,,,,,,,,,,,,,,,,,,,,,,,,,,,,,,,,,,,15.11764706,Tommy Tremble,CAR,FA,37,4372780,,FA,,{},"['WR/TE', 'TE', 'RB/WR/TE', 'OP', 'BE', 'IR']",,,,,,,,,,,,,,,,,,,,3.0,,,,,,,,,,,,,,,,,,,,,,,,,,,,,,,,,,,,,,,,,,,,,,,,,,,,,,,1.0,,,,,,,,,,,,,,,,,,,,,,,,,,,,,,,,,,,,,,,,,,,,,,,,,,,,,,,,,,,,,,,,,,,,,,,,,,,,,,,,,,,,,,,,,,,,,,,,,,,,,,,,,,,,,,,,,,,,,,,,,,,,,,,,,,,,,,,,,,,,,,,,,,,,,,,,,,,,,,,,,,,,,,,2023,,,,,10.0,,,,,,,,,,,,,,,,,,,,,,,,,,,,,,,,
10.0,0.67,0.0,0.0,,,,,,,,,,,,,,,,,16.0,10.06666667,,27.0,10.0,3.0,3.0,,,22.0,51.0,9.4375,,,,,,1.0,2.0,6.0,9.0,,,,15.0,,,,,,,,,,,,,,,,,,,,,,,,,,,,,,,,,,,,,,,,,,,15.11764706,Jeremy Ruckert,NYJ,FA,70,4361372,,FA,,{},"['WR/TE', 'TE', 'RB/WR/TE', 'OP', 'BE', 'IR']",,,,,,,,,,,,,,,,,,,,,,,,,,,,,,,,,,,,,,,,,,,,,,,,,,,,,,,,,,,,,,,,,,,,,,,,,,,1.0,,,,,,,,,,,,,,,,,,,,,,,,,,,,,,,,,,,,,,,,,,,,,,,,,,,,,,,,,,,,,,,,,,,,,,,,,,,,,,,,,,,,,,,,,,,,,,,,,,,,,,,,,,,,,,,,,,,,,,,,,,,,,,,,,,,,,,,,,,,,,,,,,,,,,,,,,,,,,,,,,,,,,,,2023,,,,,6.0,,,,,,,,,,,,,,,,,,,,,,,,,,,,,,,,
6.0,0.67,16.86,1.12,,,,,,,,,,,,,,,,,10.0,12.66666667,,20.0,8.0,2.0,2.0,1.0,,14.0,61.0,11.4,,2.0,,1.0,1.0,1.0,1.0,5.0,4.0,,,,9.0,,,,,,,,,,,,,,,,,6.17594991,0.853298745,0.039714184,0.132802232,0.086786258,18.0,9.0,4.0,3.0,1.0,9.376416869,1.0,,0.04117569,0.001273475,12.69609271,9.957517066,0.039714184,0.000825125,,0.187528337,0.187528337,,0.105015869,0.105015869,0.105015869,15.11764706,Richie James,KC,FA,164,3122899,,FA,,{},"['RB/WR', 'WR', 'WR/TE', 'RB/WR/TE', 'OP', 'BE', 'IR']",,,,,,,,187.0,16.0,5.0,0.290635852,0.187824,656.5703704,189.6144578,65.0,26.0,18.0,7.0,,,,,,,,,,,,,,,,,,,,,,,,,,,,,,,,,,,,,,,,,,,,,,,,,,,,,,,,,,,,,,,,,,,,,,,,,,,,,,,,,,,,,,,,,,,,,,,,,,,,,,,,,,,,,,,,,,200.0,16.0,3.0,,,,,,,,,,,,,,,,,,,,,,,,,,,,,,,,,,,,,,,,,,,,,,,,,,,,,,,,,,,,,,,,,,,,,,,,,,,,,,,,,,,,,,,,,,,,,,,,,,,,,,,,,,,,2023,,,,,5.0,,,,,,,,,,,,,,,,,,,,,,,,,,,,,,3.911075005,,
1.0,0.12,0.0,0.0,2.0,1.5,,2.0,1.0,,,,,,,,,,,6.0,1.0,-0.125,,,,,,,,1.0,,-1.0,,,,,,2.0,2.0,4.0,4.0,,,,8.0,,,,,,,,,,,,,,,,,,,,,,,,,,,,,,,,,,,,,,,,,,,14.17647059,Chris Evans,CIN,FA,123,4046530,,FA,,{},"['RB', 'RB/WR', 'RB/WR/TE', 'OP', 'BE', 'IR']",,,,,,,,45.0,4.0,1.0,,,,,,,,,,,,,,,,,,,,,,,,,,,,,,,,,,,,,,,,,,,,,,,,,,,,,,,,,,,,,,,,,,,,,,,,,,,,,,,,,,,,,,,,,,,,,,,,,,,,,,,,,,,,,,,,,,,,,,,,,,,,,,,,,,,,,,,,,,,,,,,,,,,,,,,,,,,,,,,,,,,,,,,,,,,,,,,,,,,,,,,,,,,,,,,,,,,,,,,,,,,,,,,,,,,,,,,,,,,,,,,,,,,,,,,,2023,,,,,,,,,,,,,,,,,,,,,,,,,,,,,,,,,,,,,
1.0,0.09,0.0,0.0,15.0,2.09090909,,4.0,1.0,,,,,2.0,,,,,,1.53333333,2.0,0.81818182,,1.0,,,,,,2.0,12.0,4.5,,,,,,1.0,1.0,6.0,5.0,,,,11.0,,,,,,,,,,,,,,,,,,,,,,,,,,,,,,,,,,,,,,,,,,,13.17647059,Sean Tucker,TB,FA,123,4430871,,FA,,{},"['Rookie', 'RB', 'RB/WR', 'RB/WR/TE', 'OP', 'BE', 'IR']",,,,,,,,,,,,,,,,,,,,,,,,,,,,,,,,,,,,,,,,,,,,,,,,,,,,,,,,,,,,,,,,,,,,,,,,,,,,,,,,,,,,,,,,,,,,,,,,,,,,,,,,,,,,,,,,,,,,,,,,,,,,,,,,,,,,,,,,,,,,,,,,,,,,,,,,,,,,,,,,,,,,,,,,,,,,,,,,,,,,,,,,,,,,,,,,,,,,,,,,,,,,,,,,,,,,,,,,,,,,,,,,,,,,,,,,,,,,,,,,,,2023,,,,1.0,,,,,,,,,,,,,,,,,,,,,,,,,,,,,,,,,
9.0,0.53,15.88,1.13,,,,,,,,,,,,,,,,,11.0,6.58823529,,20.0,9.0,2.0,1.0,,,17.0,57.0,10.18181818,,,,,,1.0,2.0,7.0,10.0,,,,17.0,,,,,,,,,,,,,,,,,7.623063602,0.811416809,0.047655527,0.090741288,0.059299431,22.0,11.0,5.0,4.0,2.0,13.11286894,2.0,1.0,0.046789051,0.001447084,16.50608628,8.497854571,0.047655527,0.000333442,,0.075782359,0.075782359,,0.042438121,0.042438121,0.042438121,14.61764706,Robert Tonyan,CHI,FA,73,2975674,,FA,,{},"['WR/TE', 'TE', 'RB/WR/TE', 'OP', 'BE', 'IR']",,,,,,,,,,,,,,,,,,,,,,,,,,,,,,,,,,,,,,,,,,,,,,,,,,,,,,,,,,,,,,,,,,,,,,,,,,,1.0,,,,,,,,,,,,,,,,,,,,,,,,,,,,,,,,,,,,,,,,,,,,,,,,,,,,,,,,,,,,,,,,,,,,,,,,,,,,,,,,,,,,,,,,,,,,,,,,,,,,,,,,,,,,,,,,,,,,,,,,,,,,,,,,,,,,,,,,,,,,,,,,,,,,,,,,,,,,,,,,,,,,,,,2023,,,,,6.0,,,,,,,,,,,,,,,,,,,,,,,,,,,,,,5.243782958,,
2.0,0.12,0.0,0.0,,,,,,,,,,,,,,,,,5.0,2.23529412,,5.0,2.0,,,,,8.0,25.0,7.6,,,,,,1.0,2.0,11.0,6.0,,,,17.0,,,,,,,,,,,,,,,,,,,,,,,,,,,,,,,,,,,,,,,,,,,14.11764706,Jack Stoll,NYG,FA,92,4034862,,FA,,{},"['WR/TE', 'TE', 'RB/WR/TE', 'OP', 'BE', 'IR']",,,,,,,,,,,,,,,,,,,,,,,,,,,,,,,,,,,,,,,,,,,,,,,,,,,,,,,,,,,,,,,,,,,,,,,,,,,1.0,,,,,,,,,,,,,,,,,,,,,,,,,,,,,,,,,,,,,,,,,,,,,,,,,,,,,,,,,,,,,,,,,,,,,,,,,,,,,,,,,,,,,,,,,,,,,,,,,,,,,,,,,,,,,,,,,,,,,,,,,,,,,,,,,,,,,,,,,,,,,,,,,,,,,,,,,,,,,,,,,,,,,,,2023,,,,,2.0,,,,,,,,,,,,,,,,,,,,,,,,,,,,,,,,
14.0,1.17,0.0,0.0,3.0,2.5,,5.0,2.0,1.0,,,,,,,,,,10.0,12.0,11.25,,24.0,12.0,6.0,1.0,,,15.0,87.0,11.25,,1.0,,,,1.0,1.0,8.0,4.0,,,,12.0,,,,,,,,,,,,,,,,,,,,,,,,,,,,,,,,,,,,,,,,,,,15.11764706,Ray-Ray McCloud III,ATL,FA,138,3728262,,FA,,{},"['RB/WR', 'WR', 'WR/TE', 'RB/WR/TE', 'OP', 'BE', 'IR']",,,,,,,,225.0,20.0,5.0,,,,,,,,,,,,,,,,,,,,,,,,,,,,,,,,,,,,,,,,,,,,,,,,,,,,,,,,,,,,,,,,,,,,,,,,,,,,,,,,,,,,,,,,,,,,,,,,,,,,,,,,,,,,,,,,,,,,,,,,,,203.0,17.0,2.0,,,,,,,,,,,,,,,,,,,,,,,,,,,,,,,,,,,,,,,,,,,,,,,,,,,,,,,,,,,,,,,,,,,,,,,,,,,,,,,,,,,,,,,,,,,,,,,,,,,,,,,,,,,,2023,,,,2.0,7.0,,,,,,,,,,,,,,,,,,,,,,,,,,,,,,,,
31.0,1.94,0.0,0.0,,,,,,,,,,,,,,,,,15.0,7.25,4.0,20.0,7.0,2.0,2.0,,1.0,25.0,35.0,7.73333333,,,,,,3.0,4.0,9.0,7.0,24.0,,,16.0,,,,,,,,,,,,,,,,,,,,,,,,,,,,,,,,,,,,,,,,,,,15.11764706,Andrei Iosivas,CIN,FA,100,4368003,,FA,,{},"['Rookie', 'RB/WR', 'WR', 'WR/TE', 'RB/WR/TE', 'OP', 'BE', 'IR']",,,,,,,,,,,,,,,,,,,,4.0,,,,,,,,,,,,,,,,,,,,,,,,,,,,,,,,,,,,,,,,,,,,,,,,,,,,,,,1.0,,,,,,,,,,,,,,,,,,,,,,,,,,,,,,,,,,,,,,,,,,,,,,,,,,,,,,,,,,,,,,,,,,,,,,,,,,,,,,,,,,,,,,,,,,,,,,,,,,,,,,,,,,,,,,,,,,,,,,,,,,,,,,,,,,,,,,,,,,,,,,,,,,,,,,,,,,,,,,,,,,,,,,,2023,,,,,11.0,,,,,,,,,,,,,,,,,,,,,,,,,,,,,,,,
24.0,1.41,28.05,1.87,,,,,,,,,,,,,,,,,10.0,9.64705882,2.0,30.0,12.0,5.0,4.0,1.0,,20.0,52.0,16.4,,,,,,1.0,1.0,11.0,6.0,12.0,,1.0,17.0,,,,,,,,,,,,,,,,,14.50298138,1.206372949,0.084916803,0.152740848,0.099816144,43.0,21.0,10.0,8.0,4.0,18.00002147,3.0,1.0,0.082829355,0.002561733,28.7360866,12.18059401,0.084916803,0.001429594,,0.324907774,0.324907774,,0.181948353,0.181948353,0.181948353,15.11764706,Olamide Zaccheaus,PHI,FA,116,3917914,,FA,,{},"['RB/WR', 'WR', 'WR/TE', 'RB/WR/TE', 'OP', 'BE', 'IR']",,,,,,,,7.0,,,,,,,,,,,,,1.0,,,,,,,,,,,,,,,,,,,,,,,,,,,,,,,,,,,,,,,,,,,,,,,,,,,,,,,,,,,,,,,,,,,,,,,,,,,,,,,,,,,,,,,,,,,,,,,,,,,,,,,,,,,,,,,,,,,,,,,,,,,,,,,,,,,,,,,,,,,,,,,,,,,,,,,,,,,,,,,,,,,,,,,,,,,,,,,,,,,,,,,,,,,,,,,,,,,,,,,,,,,,,,,,,,,,,,,,,,,,,2023,,,,,7.0,,,,,,,,,,,,,,,,,,,,,,,,,,,,,,9.49247437,,
5.0,1.67,42.01,7.0,3.0,-1.0,,,,,,,,,,,,,,-1.0,,,,,,,,,,,,,,,,,2.0,,,2.0,1.0,,,,3.0,9.015491523,4.12200422,0.379637499,0.015294698,4.0,2.0,1.0,,,1.0,,0.016993175,0.011895222,0.00877615,0.000299496,2.743280858,,,,,,,,,,,,,,,,,,0.254306283,0.008315759,0.141658672,,1.88994521,0.065162989,,0.904340528,3.95113617,6.0,Brian Hoyer,LV,FA,66,12477,,FA,,{},"['QB', 'OP', 'BE', 'IR']",,,,,,,,,,,,,,,,,,,,,,42.0,23.0,19.0,77.0,,45.0,22.0,11.0,9.0,4.0,2.0,4.0,1.0,3.0,1.0,,,,,2.0,0.54761905,1.0,,,,,,103.6470785,65.41368692,38.23339154,116.897803,4.268212405,140.0,70.0,35.0,28.0,14.0,7.0,13.0,6.0,0.558800199,0.36517593,0.528119631,0.071335115,0.239011585,3.046795643,0.631119448,7.617994758,1.748286539,0.839177539,,,,,,,,,,,,,,,,,,,,,,,,,,,,,,,,,,,,,,,,,,,,,,,,,,,,,,,,,,,,,,,,,,,,,,,,,,,,,,,,,,,,,,,,,,,,,,,,,,,,,,,,,,,,,,,,,,,,,,,,,,,,,,,,,,,,,,,,,,,,,,,,,,,,,,,,,,,,,,,,,,,,,,,,,,,2023,,,14.0,,,,,,,,,,,,,,,,,,,,,,,,,,,,,,,2.031470315,,34.59905858,
1.0,0.33,0.0,0.0,2.0,,,,,,,,,,,,,,,,2.0,10.33333333,,6.0,3.0,1.0,1.0,,,3.0,36.0,15.5,,1.0,,1.0,1.0,,,,3.0,,,,3.0,,,,,,,,,,,,,,,,,,,,,,,,,,,,,,,,,,,,,,,,,,,,Kenyan Drake,None,FA,123,2979843,,FA,,{},"['RB', 'RB/WR', 'RB/WR/TE', 'OP', 'BE', 'IR']",,,,,,1.0,1.0,,,,,,,,,,,,,,,,,,,,,,,,,,,,,,,,,,,,,,,,,,,,,,,,,,,,,,,,,,,,,,,,,,,,,,,,,,,,,,,,,,,,,,,,,,,,,,,,,,,,,,,,,,,,,,,,,,,,,,,,,,,,,,,,,,,,,,,,,,,,,,,,,,,,,,,,,,,,,,,,,,,,,,,,,,,,,,,,,,,,,,,,,,,,,,,,,,,,,,,,,,,,,,,,,,,,,,,,,,,,,,,,,,,,,,,,,,,2023,,,,,,,,,,,,,,,,,,,,,,,,,,,,,,,,,,,,,
0.0,0.0,0.0,0.0,,,,,,,,,,,,,,,,,,,,,,,,,,,,,,,,,,,,,,,,,,,,,,,,,,,,,,,,,,,,,,,,,,,,,,,,,,,,,,,,,,,,,Josh Gordon,None,FA,0,15705,,FA,,{},"['RB/WR', 'WR', 'WR/TE', 'RB/WR/TE', 'OP', 'BE', 'IR']",,,,,,,,,,,,,,,,,,,,,,,,,,,,,,,,,,,,,,,,,,,,,,,,,,,,,,,,,,,,,,,,,,,,,,,,,,,,,,,,,,,,,,,,,,,,,,,,,,,,,,,,,,,,,,,,,,,,,,,,,,,,,,,,,,,,,,,,,,,,,,,,,,,,,,,,,,,,,,,,,,,,,,,,,,,,,,,,,,,,,,,,,,,,,,,,,,,,,,,,,,,,,,,,,,,,,,,,,,,,,,,,,,,,,,,,,,,,,,,,,,2023,,,,,,,,,,,,,,,,,,,,,,,,,,,,,,,,,,,,,
5.0,0.42,44.64,3.43,8.0,2.91666667,,5.0,1.0,,,,,,,,,,,4.375,2.0,1.5,,2.0,1.0,,,,,7.0,5.0,9.0,,,,,,5.0,7.0,7.0,5.0,3.0,,,12.0,50.31376419,15.02004643,1.742181605,0.069262431,41.0,20.0,10.0,8.0,4.0,10.0,5.0,0.094875373,0.066412761,0.11116619,0.003793676,4.082803711,8.076159233,0.395229559,0.022777685,0.036065785,0.02356899,22.0,11.0,5.0,4.0,2.0,15.00133274,3.0,1.0,0.046487568,0.00143776,21.23217847,7.362902756,0.092040115,0.002088197,0.365588151,0.109002171,0.474590322,0.16817055,0.061041215,0.229211765,0.229211765,13.67647059,Dare Ogunbowale,HOU,FA,108,2983509,,FA,,{},"['RB', 'RB/WR', 'RB/WR/TE', 'OP', 'BE', 'IR']",,,,,,,,,,,0.178784,,583.8666667,,58.0,23.0,,,,,,,,,,,,,,,,,,,,,,,,,,,,,,,,,,,,,,,,,,,,,,,,,,,,,,,,,,,2.0,,,1.0,,,,,,1.0,1.0,,1.0,1.0,,,,,,,,,,,,,,,,,,,,,,,,,,,,,,,,,,,,,,,,,,,,,,,,,,,,,,,,,,,,,,,,,,,,,,,,,,,,,,,,,,,,,,,,,,,,,,,,,,,,,,,,,,,,,,,,,,,,,,,,,,,,,,,,,,,,,,,,,,,,,,,,,,,,,,,,,,2023,,,,2.0,,29.0,,29.0,5.0,2.0,1.0,1.0,,,,,,,,5.0,2.0,1.0,1.0,,,,,,,,,,,13.36362432,5.477074055,,
18.0,1.12,0.0,0.0,,,,,,,,,,,,,,,,,17.0,10.75,1.0,30.0,12.0,5.0,2.0,,,22.0,120.0,10.11764706,,,,,,1.0,1.0,8.0,8.0,6.0,,,16.0,,,,,,,,,,,,,,,,,,,,,,,,,,,,,,,,,,,,,,,,,,,15.11764706,Will Dissly,LAC,FA,56,3127292,,FA,,{},"['WR/TE', 'TE', 'RB/WR/TE', 'OP', 'BE', 'IR']",,,,,,,,,,,,,,,,,,,,,,,,,,,,,,,,,,,,,,,,,,,,,,,,,,,,,,,,,,,,,,,,,,,,,,,,,,1.0,,,,,,,,,,,,,,,,,,,,,,,,,,,,,,,,,,,,,,,,,,,,,,,,,,,,,,,,,,,,,,,,,,,,,,,,,,,,,,,,,,,,,,,,,,,,,,,,,,,,,,,,,,,,,,,,,,,,,,,,,,,,,,,,,,,,,,,,,,,,,,,,,,,,,,,,,,,,,,,,,,,,,,,,2023,,,,,8.0,,,,,,,,,,,,,,,,,,,,,,,,,,,,,,,,
0.0,0.0,0.0,0.0,1.0,-0.33333333,,,,,,,,,,,,,,-1.0,,,,,,,,,,,,,,,,,,,,1.0,2.0,,,,3.0,,,,,,,,,,,,,,,,,,,,,,,,,,,,,,,,,,,,,,,,,,,4.0,Kyle Trask,TB,FA,73,4034946,,FA,,{},"['QB', 'OP', 'BE', 'IR']",,,,,,,,,,,,,,,,,,,,,,1.0,,1.0,,,,,,,,,,,,,,,,,,,,,,,,,,,,,,,,,,,,,,,,,,,,,,,,,,,,,,,,,,,,,,,,,,,,,,,,,,,,,,,,,,,,,,,,,,,,,,,,,,,,,,,,,,,,,,,,,,,,,,,,,,,,,,,,,,,,,,,,,,,,,,,,,,,,,,,,,,,,,,,,,,,,,,,,,,,,,,,,,,,,,,,,,,,,,,,,,,,,,,,,,,,,,,,,,,,,,,,,,,2023,,,,,,,,,,,,,,,,,,,,,,,,,,,,,,,,,,,,,
2.0,0.15,0.0,0.0,3.0,1.07692308,,1.0,,,,,,,,,,,,4.66666667,11.0,6.30769231,,14.0,6.0,2.0,1.0,,,14.0,72.0,7.45454545,,3.0,,2.0,2.0,,,7.0,6.0,,,,13.0,,,,,,,,,,,,,,,,,,,,,,,,,,,,,,,,,,,,,,,,,,,15.11764706,Isaiah McKenzie,NYG,FA,181,3128724,,FA,,{},"['RB/WR', 'WR', 'WR/TE', 'RB/WR/TE', 'OP', 'BE', 'IR']",,,,,,,,152.0,12.0,3.0,,,,,,,,,,,,,,,,,,,,,,,,,,,,,,,,,,,,,,,,,,,,,,,,,,,,,,,,,,,,,,,,,,,,,,,,,,,,,,,,,,,,,,,,,,,,,,,,,,,,,,,,,,,,,,,,,,,,,,,,,,204.0,16.0,3.0,,,,,,,,,,,,,,,,,,,,,,,,,,,,,,,,,,,,,,,,,,,,,,,,,,,,,,,,,,,,,,,,,,,,,,,,,,,,,,,,,,,,,,,,,,,,,,,,,,,,,,,,,,,,2023,,,,,4.0,,,,,,,,,,,,,,,,,,,,,,,,,,,,,,,,
9.0,0.53,0.0,0.0,2.0,,,,,,,,,,,,,,,,13.0,7.0,,21.0,9.0,2.0,1.0,,,16.0,91.0,9.15384615,,,,,,1.0,1.0,11.0,6.0,,,,17.0,,,,,,,,,,,,,,,,,,,,,,,,,,,,,,,,,,,,,,,,,,,14.17647059,Alec Ingold,MIA,FA,98,3917668,,FA,,{},"['RB', 'RB/WR', 'RB/WR/TE', 'OP', 'BE', 'IR']",,,,,,,,,,,,,,,,,,,,,,,,,,,,,,,,,,,,,,,,,,,,,,,,,,,,,,,,,,,,,,,,,,,,,,,,,,,,,,,,,,,,,,,,,,,,,,,,,,,,,,,,,,,,,,,,,,,,,,,,,,,,,,,,,,,,,,,,,,,,,,,,,,,,,,,,,,,,,,,,,,,,,,,,,,,,,,,,,,,,,,,,,,,,,,,,,,,,,,,,,,,,,,,,,,,,,,,,,,,,,,,,,,,,,,,,,,,,,,,,,,2023,,,,,5.0,,,,,,,,,,,,,,,,,,,,,,,,,,,,,,,,
0.0,0.0,0.0,0.0,,,,,,,,,,,,,,,,,,,,,,,,,,,,,,,,,,,,,,,,,,,,,,,,,,,,,,,,,,,,,,,,,,,,,,,,,,,,,,,,,,,,,Stetson Bennett,LAR,FA,0,4259553,,FA,,{},"['Rookie', 'QB', 'OP', 'BE', 'IR']",,,,,,,,,,,,,,,,,,,,,,,,,,,,,,,,,,,,,,,,,,,,,,,,,,,,,,,,,,,,,,,,,,,,,,,,,,,,,,,,,,,,,,,,,,,,,,,,,,,,,,,,,,,,,,,,,,,,,,,,,,,,,,,,,,,,,,,,,,,,,,,,,,,,,,,,,,,,,,,,,,,,,,,,,,,,,,,,,,,,,,,,,,,,,,,,,,,,,,,,,,,,,,,,,,,,,,,,,,,,,,,,,,,,,,,,,,,,,,,,,,2023,,,,,,,,,,,,,,,,,,,,,,,,,,,,,,,,,,,,,
2.0,0.33,0.0,0.0,8.0,-1.5,,,,,,,,,,,,,,-1.125,,,,,,,,,,,,,1.0,1.0,1.0,1.0,2.0,,,5.0,1.0,6.0,,,6.0,,,,,,,,,,,,,,,,,,,,,,,,,,,,,,,,,,,,,,,,,,,4.0,Mike White,MIA,FA,69,3051381,,FA,,{},"['QB', 'OP', 'BE', 'IR']",,,,,,,,,,,,,,,,,,,,,,6.0,5.0,1.0,12.33333333,1.0,13.0,6.0,3.0,2.0,1.0,,,,,,1.0,1.0,,,1.0,0.83333333,,,,,,,,,,,,,,,,,,,,,,,,,,,,,,,,,,,,,,,,,,,,,,,,,,,,,,,,,,,,,,,,,,,,,,,,,,,,,,,,,,,,,,,,,,,,,,,,,,,,,,,,,,,,,,,,,,,,,,,,,,,,,,,,,,,,,,,,,,,,,,,,,,,,,,,,,,,,,,,,,,,,,,,,,,,,,,,,,,,,,,,,,,,,,,,,,,,,,,,,2023,,,1.0,,,,,,,,,,,,,,,,,,,,,,,,,,,,,,,,,,
19.0,1.73,0.0,0.0,1.0,1.54545455,,3.0,1.0,,,,,,,,,,,17.0,7.0,12.54545455,,25.0,12.0,3.0,3.0,,,23.0,18.0,19.71428571,,,,,,,,3.0,8.0,6.0,,,11.0,,,,,,,,,,,,,,,,,,,,,,,,,,,,,,,,,,,,,,,,,,,15.11764706,Jalen Reagor,NE,FA,127,4241802,,FA,,{},"['RB/WR', 'WR', 'WR/TE', 'RB/WR/TE', 'OP', 'BE', 'IR']",,,,,,,,221.0,21.0,7.0,,,,,,,,,,,,,,,,,,,,,,,,,,,,,,,,,,,,,,,,,,,,,,,,,,,,,,,,,,,,,,,,,,,,,,,,,,,,,,,,,,,,,,,,,,,,,,,,,,,,,,,,,,,,,,,,,,1.0,,,1.0,,,,,,,,,,,,,,,,,,,,,,,,,,,,,,,,,,,,,,,,,,,,,,,,,,,,,,,,,,,,,,,,,,,,,,,,,,,,,,,,,,,,,,,,,,,,,,,,,,,,,,,,,,,,,,,,,,,2023,,,,1.0,5.0,,,,,,,,,,,,,,,,,,,,,,,,,,,,,,,,
0.0,0.0,0.0,0.0,,,,,,,,,,,,,,,,,,,,,,,,,,,,,,,,,,,,,,,,,,,,,,,,,,,,,,,,,,,,,,,,,,,,,,,,,,,,,,,,,,,,,Rodrigo Blankenship,None,FA,0,3915165,,FA,,{},"['K', 'BE', 'IR']",,,,,,,,,,,,,,,,,,,,,,,,,,,,,,,,,,,,,,,,,,,,,,,,,,,,,,,,,,,,,,,,,,,,,,,,,,,,,,,,,,,,,,,,,,,,,,,,,,,,,,,,,,,,,,,,,,,,,,,,,,,,,,,,,,,,,,,,,,,,,,,,,,,,,,,,,,,,,,,,,,,,,,,,,,,,,,,,,,,,,,,,,,,,,,,,,,,,,,,,,,,,,,,,,,,,,,,,,,,,,,,,,,,,,,,,,,,,,,,,,,2023,,,,,,,,,,,,,,,,,,,,,,,,,,,,,,,,,,,,,
14.0,1.08,0.0,0.0,,,,,,,,,,,,,,,,,15.0,9.61538462,1.0,22.0,8.0,3.0,2.0,,,24.0,35.0,8.33333333,,,,,,2.0,2.0,9.0,4.0,6.0,,,13.0,,,,,,,,,,,,,,,,,,,,,,,,,,,,,,,,,,,,,,,,,,,15.11764706,Malik Heath,GB,FA,138,4689334,,FA,,{},"['Rookie', 'RB/WR', 'WR', 'WR/TE', 'RB/WR/TE', 'OP', 'BE', 'IR']",,,,,,,,1.0,,,,,,,,,,,,1.0,,,,,,,,,,,,,,,,,,,,,,,,,,,,,,,,,,,,,,,,,,,,,,,,,,,,,,,,,,,,,,,,,,,,,,,,,,,,,,,,,,,,,,,,,,,,,,,,,,,,,,,,,,,,,,,,,,,,,,,,,,,,,,,,,,,,,,,,,,,,,,,,,,,,,,,,,,,,,,,,,,,,,,,,,,,,,,,,,,,,,,,,,,,,,,,,,,,,,,,,,,,,,,,,,,,,,,,,,,,,,,2023,,,,,6.0,,,,,,,,,,,,,,,,,,,,,,,,,,,,,,,,
1.0,0.25,0.0,0.0,4.0,1.5,,1.0,,,,,,,,,,,,1.5,2.0,3.25,,2.0,1.0,,,,,2.0,14.0,6.5,,,,,,,,2.0,2.0,,,,4.0,,,,,,,,,,,,,,,,,,,,,,,,,,,,,,,,,,,,,,,,,,,14.17647059,Elijah Dotson,LAC,FA,123,4248909,,FA,,{},"['Rookie', 'RB', 'RB/WR', 'RB/WR/TE', 'OP', 'BE', 'IR']",,,,,,,,,,,,,,,,,,,,,,,,,,,,,,,,,,,,,,,,,,,,,,,,,,,,,,,,,,,,,,,,,,,,,,,,,,,,,,,,,,,,,,,,,,,,,,,,,,,,,,,,,,,,,,,,,,,,,,,,,,,,,,,,,,,,,,,,,,,,,,,,,,,,,,,,,,,,,,,,,,,,,,,,,,,,,,,,,,,,,,,,,,,,,,,,,,,,,,,,,,,,,,,,,,,,,,,,,,,,,,,,,,,,,,,,,,,,,,,,,,2023,,,,,,,,,,,,,,,,,,,,,,,,,,,,,,,,,,,,,
13.0,0.76,0.0,0.0,7.0,2.41176471,,8.0,3.0,,,,,,,,,,,5.85714286,17.0,9.88235294,,29.0,12.0,2.0,1.0,,,32.0,70.0,9.88235294,,1.0,,1.0,1.0,2.0,2.0,7.0,10.0,,,,17.0,,,,,,,,,,,,,,,,,,,,,,,,,,,,,,,,,,,,,,,,,,,15.11764706,Tyler Scott,CHI,FA,141,4565908,,FA,,{},"['Rookie', 'RB/WR', 'WR', 'WR/TE', 'RB/WR/TE', 'OP', 'BE', 'IR']",,,,,,1.0,1.0,108.0,10.0,3.0,,,,,,,,,,,,,,,,,,,,,,,,,,,,,,,,,,,,,,,,,,,,,,,,,,,,,,,,,,,,,,,,,,,,,,,,,,,,,,,,,,,,,,,,,,,,,,,,,,,,,,,,,,,,,,,,,,,,,,,,,,,,,,,,,,,,,,,,,,,,,,,,,,,,,,,,,,,,,,,,,,,,,,,,,,,,,,,,,,,,,,,,,,,,,,,,,,,,,,,,,,,,,,,,,,,,,,,,,,,,,,,,,,,,,,,,2023,,,,2.0,10.0,,,,,,,,,,,,,,,,,,,,,,,,,,,,,,,,
0.0,0.0,0.0,0.0,,,,,,,,,,,,,,,,,,,,,,,,,,,,,,,,,,,,,,,,,,,,,,,,,,,,,,,,,,,,,,,,,,,,,,,,,,,,,,,,,,,,,Martavis Bryant,DAL,FA,0,16886,,FA,,{},"['RB/WR', 'WR', 'WR/TE', 'RB/WR/TE', 'OP', 'BE', 'IR']",,,,,,,,,,,,,,,,,,,,,,,,,,,,,,,,,,,,,,,,,,,,,,,,,,,,,,,,,,,,,,,,,,,,,,,,,,,,,,,,,,,,,,,,,,,,,,,,,,,,,,,,,,,,,,,,,,,,,,,,,,,,,,,,,,,,,,,,,,,,,,,,,,,,,,,,,,,,,,,,,,,,,,,,,,,,,,,,,,,,,,,,,,,,,,,,,,,,,,,,,,,,,,,,,,,,,,,,,,,,,,,,,,,,,,,,,,,,,,,,,,2023,,,,,,,,,,,,,,,,,,,,,,,,,,,,,,,,,,,,,
17.0,2.83,0.0,0.0,13.0,5.0,,5.0,2.0,1.0,1.0,,,1.0,,,,,,2.30769231,,,,,,,,,,,,,1.0,4.0,,2.0,7.0,1.0,1.0,4.0,2.0,6.0,,,6.0,,,,,,,,,,,,,,,,,,,,,,,,,,,,,,,,,,,,,,,,,,,,PJ Walker,CLE,FA,58,3051308,,FA,,{},"['QB', 'OP', 'BE', 'IR']",,,,,,,,,,,,,,,,,,,,,,111.0,54.0,57.0,112.33333333,1.0,133.0,65.0,31.0,25.0,11.0,4.0,10.0,3.0,10.0,3.0,,,,,5.0,0.48648649,11.0,3.0,,1.0,,,,,,,,,,,,,,,,,,,,,,,,,,,,,,,,,,,,,,,,,,,,,,,,,,,,,,,,,,,,,,,,,,,,,,,,,,,,,,,,,,,,,,,,,,,,,,,,,,,,,,,,,,,,,,,,,,,,,,,,,,,,,,,,,,,,,,,,,,,,,,,,,,,,,,,,2.0,,,,,,,,,,,,,,,,,,,,,,,,,,,,,,,,,,,,,,,,,,,,2023,,,27.0,3.0,,,,,,,,,,,,,,,,,,,,,,,,,,,,,,,,,
0.0,0.0,0.0,0.0,,,,,,,,,,,,,,,,,,,,,,,,,,,,,,,,,,,,,,,,,,,,,,,,,,,,,,,,,,,,,,,,,,,,,,,,,,,,,,,,,,,,,Chris Naggar,None,FA,0,4241822,,FA,,{},"['K', 'BE', 'IR']",,,,,,,,,,,,,,,,,,,,,,,,,,,,,,,,,,,,,,,,,,,,,,,,,,,,,,,,,,,,,,,,,,,,,,,,,,,,,,,,,,,,,,,,,,,,,,,,,,,,,,,,,,,,,,,,,,,,,,,,,,,,,,,,,,,,,,,,,,,,,,,,,,,,,,,,,,,,,,,,,,,,,,,,,,,,,,,,,,,,,,,,,,,,,,,,,,,,,,,,,,,,,,,,,,,,,,,,,,,,,,,,,,,,,,,,,,,,,,,,,,2023,,,,,,,,,,,,,,,,,,,,,,,,,,,,,,,,,,,,,
0.0,0.0,0.0,0.0,,,,,,,,,,,,,,,,,,,,,,,,,,,,,,,,,,1.0,1.0,1.0,2.0,,,,3.0,,,,,,,,,,,,,,,,,,,,,,,,,,,,,,,,,,,,,,,,,,,14.17647059,Malik Davis,DAL,FA,137,4240603,,FA,,{},"['RB', 'RB/WR', 'RB/WR/TE', 'OP', 'BE', 'IR']",,,,,,,,,,,,,,,,,,,,,,,,,,,,,,,,,,,,,,,,,,,,,,,,,,,,,,,,,,,,,,,,,,,,,,,,,,,,,,,,,,,,,,,,,,,,,,,,,,,,,,,,,,,,,,,,,,,,,,,,,,,,,,,,,,,,,,,,,,,,,,,,,,,,,,,,,,,,,,,,,,,,,,,,,,,,,,,,,,,,,,,,,,,,,,,,,,,,,,,,,,,,,,,,,,,,,,,,,,,,,,,,,,,,,,,,,,,,,,,,,,2023,,,,,,,,,,,,,,,,,,,,,,,,,,,,,,,,,,,,,
2.0,0.15,0.0,0.0,4.0,1.15384615,,3.0,1.0,,,,,,,,,,,3.75,4.0,1.38461538,,3.0,1.0,,,,,9.0,17.0,4.5,,,,,,2.0,2.0,10.0,3.0,,,,13.0,,,,,,,,,,,,,,,,,,,,,,,,,,,,,,,,,,,,,,,,,,,15.11764706,Devin Duvernay,JAX,FA,181,4039050,,FA,,{},"['RB/WR', 'WR', 'WR/TE', 'RB/WR/TE', 'OP', 'BE', 'IR']",,,,,,,,174.0,16.0,3.0,,,,,,,,,,,,,,,,,,,,,,,,,,,,,,,,,,,,,,,,,,,,,,,,,,,,,,,,,,,,,,,,,,,,,,,,,,,,,,,,,,,,,,,,,,,,,,,,,,,,,,,1.0,,,,,,,,,,,,,,,,,,,290.0,25.0,7.0,,,,,,,,,,,,,,,,,,,,,,,,,,,,,,,,,,,,,,,,,,,,,,,,,,,,,,,,,,,,,,,,,,,,,,,,,,,,,,,,,,,,,,,,,,,,,,,,,,,,,,,,,,,,2023,,,,,,,,,,,,,,,,,,,,,,,,,,,,,,,,,,,,,
28.0,4.67,0.0,0.0,,,,,,,,,,,,,,,,,,,,,,,,,,,,,,,,,,,,3.0,3.0,25.0,,,6.0,,,,,,,,,,,,,,,,,,,,,,,,,,,,,,,,,,,,,,,,,,,,Randy Bullock,NYG,FA,34,15091,,FA,,{},"['K', 'BE', 'IR']",,,,,,,,,,,,,,,,,,,,,,,,,,,,,,,,,,,,,,,,,,,,,,,,,,,,,,,,,,,,,,,,,,,,,,,,,,,,,,,1.0,1.0,2.0,3.0,1.0,2.0,2.0,,5.0,6.0,1.0,10.0,10.0,,1.0,1.0,,,,,,,,,,,,,,,,,,,,,,,,,,,,,,,,,,,,,,,,,,,,,,,,,,,,,,,,,,,,,,,,,,,,,,,,,,,,,,,,,,,,,,,,,,,,,,,,,,,,,,,,,,,,,,,,,,,,,,,,,,,,,,,,,,,,,,,,,,,,,,,,,,,,2023,,,,,,211.0,48.0,259.0,41.0,19.0,8.0,6.0,1.0,,9.0,4.0,2.0,1.0,,51.0,24.0,11.0,8.0,2.0,,,,,,,,,,,,,
0.0,0.0,0.0,0.0,,,,,,,,,,,,,,,,,,,,,,,,,,,,,,,,,,,,,,,,,,,,,,,,,,,,,,,,,,,,,,,,,,,,,,,,,,,,,,,,,,,,,Trace McSorley,None,FA,0,3116172,,FA,,{},"['QB', 'OP', 'BE', 'IR']",,,,,,,,,,,,,,,,,,,,,,,,,,,,,,,,,,,,,,,,,,,,,,,,,,,,,,,,,,,,,,,,,,,,,,,,,,,,,,,,,,,,,,,,,,,,,,,,,,,,,,,,,,,,,,,,,,,,,,,,,,,,,,,,,,,,,,,,,,,,,,,,,,,,,,,,,,,,,,,,,,,,,,,,,,,,,,,,,,,,,,,,,,,,,,,,,,,,,,,,,,,,,,,,,,,,,,,,,,,,,,,,,,,,,,,,,,,,,,,,,,2023,,,,,,,,,,,,,,,,,,,,,,,,,,,,,,,,,,,,,
3.0,0.23,0.0,0.0,17.0,3.69230769,,8.0,3.0,1.0,1.0,,,2.0,1.0,,,,,2.82352941,6.0,1.69230769,,3.0,,,,,,7.0,40.0,3.66666667,1.0,3.0,,,,,,5.0,8.0,,,,13.0,,,,,,,,,,,,,,,,,,,,,,,,,,,,,,,,,,,,,,,,,,,14.17647059,Eric Gray,NYG,FA,114,4570561,,FA,,{},"['Rookie', 'RB', 'RB/WR', 'RB/WR/TE', 'OP', 'BE', 'IR']",,,,,,,,58.0,4.0,,,,,,,,,,,,,,,,,,,,,,,,,,,,,,,,,,,,,,,,,,,,,,,,,,,,,,,,,,,,,,,,,,,,,,,,,,,,,,,,,,,,,,,,,,,,,,,,,,,,,,,,,,,,,,,,,,,,,,,,,,,28.0,1.0,,,,,,,,,,,,,,,,,,,,,,,,,,,,,,,,,,,,,,,,,,,,,,,,,,,,,,,,,,,,,,,,,,,,,,,,,,,,,,,,,,,,,,,,,,,,,,,,,,,,,,,,,,,,,2023,,,,2.0,,,,,,,,,,,,,,,,,,,,,,,,,,,,,,,,,
25.0,3.12,0.0,0.0,,,,,,,,,,,,,,,,,16.0,29.0,1.0,42.0,19.0,7.0,5.0,1.0,1.0,29.0,63.0,14.5,,,,,,,,1.0,7.0,6.0,,,8.0,,,,,,,,,,,,,,,,,,,,,,,,,,,,,,,,,,,,,,,,,,,,Alex Erickson,LAC,FA,114,2977800,,FA,,{},"['RB/WR', 'WR', 'WR/TE', 'RB/WR/TE', 'OP', 'BE', 'IR']",,,,,,,,,,,,,,,,,,,,,,,,,,,,,,,,,,,,,,,,,,,,,,,,,,,,,,,,,,,,,,,,,,,,,,,,,,1.0,,,,,,,,,,,,,,,,,,,,,,,,,,,,,,,,,,,,,,,,,,,,,,,,,,,,,,,,,,,,,,,,,,,,,,,,,,,,,,,,,,,,,,,,,,,,,,,,,,,,,,,,,,,,,,,,,,,,,,,,,,,,,,,,,,,,,,,,,,,,,,,,,,,,,,,,,,,,,,,,,,,,,,,,2023,,,,,12.0,,,,,,,,,,,,,,,,,,,,,,,,,,,,,,,,
