points,avg_points,projected_points,projected_avg_points,actual_rushingAttempts,actual_rushingYards,actual_rushingTouchdowns,actual_rushing2PtConversions,actual_27,actual_28,actual_29,actual_30,actual_31,actual_32,actual_33,actual_34,actual_rushing40PlusYardTD,actual_rushing50PlusYardTD,actual_rushing100To199YardGame,actual_rushing200PlusYardGame,actual_rushingYardsPerAttempt,actual_receivingReceptions,actual_receivingYards,actual_receivingTouchdowns,actual_47,actual_48,actual_49,actual_50,actual_51,actual_receivingTargets,actual_receivingYardsAfterCatch,actual_receivingYardsPerReception,actual_passingTimesSacked,actual_65,actual_66,actual_fumbles,actual_70,actual_lostFumbles,actual_turnovers,actual_defensiveSoloTackles,actual_defensiveTotalTackles,actual_teamWin,actual_teamLoss,actual_pointsScored,actual_179,actual_180,actual_181,actual_182,actual_184,actual_185,actual_210,actual_212,actual_213,proj_rushingAttempts,proj_rushingYards,proj_rushingTouchdowns,proj_rushing2PtConversions,proj_27,proj_28,proj_29,proj_30,proj_31,proj_33,proj_34,proj_rushing40PlusYardTD,proj_rushing50PlusYardTD,proj_rushing100To199YardGame,proj_rushing200PlusYardGame,proj_rushingYardsPerAttempt,proj_receivingYards,proj_receivingTouchdowns,proj_receiving2PtConversions,proj_receiving40PlusYardTD,proj_receiving50PlusYardTD,proj_47,proj_48,proj_49,proj_50,proj_51,proj_receivingReceptions,proj_receiving100To199YardGame,proj_receiving200PlusYardGame,proj_receivingTargets,proj_receivingYardsPerReception,proj_2PtConversions,proj_fumbleRecoveredForTD,proj_66,proj_67,proj_fumbles,proj_70,proj_71,proj_lostFumbles,proj_turnovers,proj_210,proj_212,proj_213,pro_team,posRank,actual_54,actual_67,actual_kickoffReturnYards,actual_116,actual_117,actual_183,proj_kickoffReturnTouchdowns,proj_kickoffReturnYards,proj_116,proj_117,actual_passingAttempts,actual_passingCompletions,actual_passingIncompletions,actual_passingYards,actual_passingTouchdowns,actual_5,actual_6,actual_7,actual_8,actual_9,actual_10,actual_11,actual_12,actual_13,actual_14,actual_passing40PlusYardTD,actual_passing50PlusYardTD,actual_passingInterceptions,actual_passingCompletionPercentage,actual_69,actual_175,actual_176,actual_177,actual_211,proj_passingAttempts,proj_passingCompletions,proj_passingIncompletions,proj_passingYards,proj_passingTouchdowns,proj_5,proj_6,proj_7,proj_8,proj_9,proj_10,proj_11,proj_12,proj_passing40PlusYardTD,proj_passing50PlusYardTD,proj_passing300To399YardGame,proj_passing400PlusYardGame,proj_passing2PtConversions,proj_passingInterceptions,proj_passingCompletionPercentage,proj_passingTimesSacked,proj_65,proj_69,proj_211,actual_receiving2PtConversions,actual_52,actual_receiving100To199YardGame,actual_defensiveAssistedTackles,actual_receiving40PlusYardTD,actual_receiving50PlusYardTD,actual_55,actual_186,actual_puntReturnYards,actual_puntsReturned,proj_puntReturnTouchdowns,proj_puntReturnYards,proj_puntsReturned,proj_119,actual_passing300To399YardGame,actual_passing400PlusYardGame,actual_passing2PtConversions,actual_178,actual_71,actual_defensiveFumbles,actual_defensive0PointsAllowed,actual_defensive1To6PointsAllowed,actual_defensive7To13PointsAllowed,actual_defensive14To17PointsAllowed,actual_defensiveTouchdowns,actual_defensiveInterceptions,actual_defensiveBlockedKicks,actual_defensiveSacks,actual_100,actual_interceptionReturnTouchdowns,actual_defensivePlusSpecialTeamsTouchdowns,actual_defensiveForcedFumbles,actual_110,actual_111,actual_112,actual_defensivePassesDefensed,actual_119,actual_defensivePointsAllowed,actual_defensive18To21PointsAllowed,actual_defensive22To27PointsAllowed,actual_defensive28To34PointsAllowed,actual_defensive35To45PointsAllowed,actual_defensiveYardsAllowed,actual_defensiveLessThan100YardsAllowed,actual_defensive100To199YardsAllowed,actual_defensive200To299YardsAllowed,actual_defensive300To349YardsAllowed,actual_defensive350To399YardsAllowed,actual_defensive400To449YardsAllowed,actual_defensive450To499YardsAllowed,actual_defensive500To549YardsAllowed,actual_defensive550PlusYardsAllowed,actual_188,actual_189,actual_190,actual_191,actual_192,actual_193,actual_194,actual_195,proj_defensive0PointsAllowed,proj_defensive1To6PointsAllowed,proj_defensive7To13PointsAllowed,proj_defensive14To17PointsAllowed,proj_defensiveBlockedKickForTouchdowns,proj_defensiveTouchdowns,proj_defensiveInterceptions,proj_defensiveFumbles,proj_defensiveBlockedKicks,proj_defensiveSafeties,proj_defensiveSacks,proj_100,proj_interceptionReturnTouchdowns,proj_fumbleReturnTouchdowns,proj_defensivePlusSpecialTeamsTouchdowns,proj_defensiveForcedFumbles,proj_defensiveTotalTackles,proj_110,proj_111,proj_112,proj_defensivePassesDefensed,proj_defensivePointsAllowed,proj_defensive18To21PointsAllowed,proj_defensive22To27PointsAllowed,proj_defensive28To34PointsAllowed,proj_defensive35To45PointsAllowed,proj_defensive45PlusPointsAllowed,proj_126,proj_defensiveYardsAllowed,proj_defensive100To199YardsAllowed,proj_defensive200To299YardsAllowed,proj_defensive300To349YardsAllowed,proj_defensive350To399YardsAllowed,proj_defensive400To449YardsAllowed,proj_defensive450To499YardsAllowed,proj_defensive500To549YardsAllowed,proj_defensive550PlusYardsAllowed,proj_137,actual_madeFieldGoalsFrom50Plus,actual_attemptedFieldGoalsFrom50Plus,actual_missedFieldGoalsFrom50Plus,actual_madeFieldGoalsFrom40To49,actual_attemptedFieldGoalsFrom40To49,actual_missedFieldGoalsFrom40To49,actual_madeFieldGoalsFromUnder40,actual_attemptedFieldGoalsFromUnder40,actual_missedFieldGoalsFromUnder40,actual_madeFieldGoals,actual_attemptedFieldGoals,actual_missedFieldGoals,actual_madeExtraPoints,actual_attemptedExtraPoints,actual_missedExtraPoints,actual_198,actual_199,actual_200,actual_214,actual_215,actual_216,actual_217,actual_218,actual_219,actual_220,actual_221,actual_222,actual_223,actual_224,actual_225,actual_226,actual_227,actual_229,actual_230,actual_231,actual_232,actual_233,actual_234,proj_madeFieldGoalsFrom50Plus,proj_attemptedFieldGoalsFrom50Plus,proj_missedFieldGoalsFrom50Plus,proj_madeFieldGoalsFrom40To49,proj_attemptedFieldGoalsFrom40To49,proj_missedFieldGoalsFrom40To49,proj_madeFieldGoalsFromUnder40,proj_attemptedFieldGoalsFromUnder40,proj_missedFieldGoalsFromUnder40,proj_madeFieldGoals,proj_attemptedFieldGoals,proj_missedFieldGoals,proj_madeExtraPoints,proj_attemptedExtraPoints,proj_missedExtraPoints,proj_198,proj_199,proj_200,proj_214,proj_215,proj_216,actual_defensiveSafeties,actual_kickoffReturnTouchdowns,actual_receiving200PlusYardGame,actual_netPunts,actual_puntYards,actual_143,actual_puntAverage,actual_puntAverage42.0-43.9,actual_attemptedFieldGoalsFrom60Plus,actual_missedFieldGoalsFrom60Plus,actual_puntReturnTouchdowns,actual_fumbleReturnTouchdowns,actual_228,actual_defensiveBlockedKickForTouchdowns,actual_defensive45PlusPointsAllowed,actual_196,actual_fumbleRecoveredForTD,actual_madeFieldGoalsFrom60Plus,actual_defensive2PtReturns,actual_puntFairCatches,actual_puntAverage38.0-39.9
341.0,21.31,251.98,18.0,345.0,125.3125,13.0,3.0,395.0,191.0,93.0,72.0,33.0,12.0,62.0,27.0,4.0,4.0,10.0,1.0,5.8115942,33.0,17.375,2.0,50.0,23.0,9.0,5.0,1.0,43.0,245.0,8.42424242,1.0,1.0,2.0,2.0,1.0,1.0,1.0,1.0,1.0,13.0,3.0,96.0,4.0,2.0,2.0,1.0,1.0,1.0,16.0,82.0,12.0,253.1156329,73.6341211,8.784967442,0.334120574,208.0,104.0,52.0,41.0,20.0,50.0,25.0,0.528725673,0.370107971,2.853908891,0.097392961,4.124091191,25.42675567,2.375715442,0.140801896,0.043879698,0.028675383,72.0,36.0,18.0,14.0,7.0,46.05499228,0.179079174,0.005538531,64.41091554,7.826766137,0.47492247,0.009473148,1.821552456,0.331435808,2.152988264,0.83791413,0.185604052,1.023518182,1.023518182,14.17647059,59.24545161,20.25932699,PHI,2,,,,,,,,,,,,,,,,,,,,,,,,,,,,,,,,,,,,,,,,,,,,,,,,,,,,,,,,,,,,,,,,,,,,,,,,,,,,,,,,,,,,,,,,,,,,,,,,,,,,,,,,,,,,,,,,,,,,,,,,,,,,,,,,,,,,,,,,,,,,,,,,,,,,,,,,,,,,,,,,,,,,,,,,,,,,,,,,,,,,,,,,,,,,,,,,,,,,,,,,,,,,,,,,,,,,,,,,,,,,,,,,,,,,,,,,,,,,
286.0,16.82,210.02,15.0,203.0,53.35294118,6.0,,175.0,84.0,37.0,26.0,9.0,2.0,36.0,16.0,1.0,1.0,2.0,,4.4679803,78.0,34.82352941,6.0,113.0,52.0,21.0,17.0,6.0,87.0,665.0,7.58974359,,,,1.0,,,,1.0,1.0,8.0,9.0,72.0,4.0,1.0,,,4.0,,17.0,37.0,30.0,162.2122986,52.85019595,5.9373272,0.265093932,149.0,74.0,37.0,29.0,14.0,32.0,16.0,0.323878624,0.226715037,1.457247609,0.04973027,4.61881901,27.60136015,2.536959907,0.132861395,0.062676788,0.040959281,78.0,39.0,19.0,15.0,7.0,46.54365795,0.212614705,0.006575713,63.37586091,8.406942808,0.397955327,0.007192069,1.270123799,0.364437272,1.634561072,0.584256948,0.204084873,0.78834182,0.78834182,14.17647059,41.65115791,21.28676669,MIA,5,9.0,1.0,32.0,3.0,1.0,2.0,0.061329207,201.2364594,20.0,8.0,,,,,,,,,,,,,,,,,,,,,,,,,,,,,,,,,,,,,,,,,,,,,,,,,,,,,,,,,,,,,,,,,,,,,,,,,,,,,,,,,,,,,,,,,,,,,,,,,,,,,,,,,,,,,,,,,,,,,,,,,,,,,,,,,,,,,,,,,,,,,,,,,,,,,,,,,,,,,,,,,,,,,,,,,,,,,,,,,,,,,,,,,,,,,,,,,,,,,,,,,,,,,,,,,,,,,,,,,,,,,,,,,,
153.0,13.91,274.87,18.32,86.0,45.36363636,6.0,1.0,96.0,45.0,20.0,13.0,4.0,,12.0,3.0,,,,,5.80232558,1.0,-0.09090909,,,,,,,1.0,7.0,-1.0,14.0,5.0,6.0,9.0,1.0,3.0,15.0,1.0,1.0,6.0,5.0,86.0,6.0,,1.0,,,,11.0,33.0,,116.4288872,36.27624972,9.071748203,0.320604154,108.0,54.0,27.0,21.0,10.0,23.0,11.0,0.228858833,0.160201183,0.864243225,0.029493306,4.673614588,,,,,,,,,,,,,,,,1.481954526,0.055670478,2.294217623,,12.65238136,1.055340106,,6.027258699,17.80081889,15.0,34.03784505,,IND,25,,,,,,,,,,,264.0,126.0,138.0,164.90909091,8.0,358.0,177.0,85.0,67.0,32.0,13.0,22.0,9.0,24.0,11.0,3.0,3.0,12.0,0.47727273,2.0,3.0,1.0,1.0,73.0,489.551294,312.0344734,177.5168206,226.0184534,15.9350906,678.0,339.0,169.0,135.0,67.0,33.0,62.0,31.0,2.622518239,1.713815669,2.320175574,0.313394885,1.161350372,11.7735602,0.637388722,36.11351883,10.35816373,4.971918592,164.0572074,,,,,,,,,,,,,,,,,,,,,,,,,,,,,,,,,,,,,,,,,,,,,,,,,,,,,,,,,,,,,,,,,,,,,,,,,,,,,,,,,,,,,,,,,,,,,,,,,,,,,,,,,,,,,,,,,,,,,,,,,,,,,,,,,,,,,,,,,,,,,,,,,,,,,,,,,,,,,,,,,,,,,,,,,,,,,,,,,,
142.0,9.47,217.93,14.53,4.0,0.8,,,1.0,,,,,,,,,,,,3.0,58.0,49.6,2.0,144.0,68.0,31.0,23.0,7.0,83.0,236.0,12.82758621,,,,,,,,1.0,2.0,6.0,9.0,16.0,,,,,,1.0,15.0,1.0,38.0,4.121341761,1.648374624,0.238352234,0.010641988,4.0,2.0,1.0,,,,,0.007575163,0.005302614,0.001430175,4.88064e-05,6.046464292,70.6136473,4.749448214,0.248600149,0.282923679,0.184890624,213.0,106.0,53.0,42.0,21.0,80.71847105,2.968074375,0.091796115,120.3875139,13.22512906,0.259242137,0.005013134,0.05534719,1.084001483,1.139348673,0.025459708,0.60704083,0.632500538,0.632500538,15.11764706,3.341482871,48.62861411,MIA,46,3.0,,,,,1.0,,,,,,,,,,,,,,,,,,,,,,,,,,,,,,,,,,,,,,,,,,,,,,,,,,,,,2.0,2.0,2.0,1.0,,,,,,,,,,,,,,,,,,,,,,,,,,,,,,,,,,,,,,,,,,,,,,,,,,,,,,,,,,,,,,,,,,,,,,,,,,,,,,,,,,,,,,,,,,,,,,,,,,,,,,,,,,,,,,,,,,,,,,,,,,,,,,,,,,,,,,,,,,,,,,,,,,,,,,,,,,,,,,,,,,,,,,,,,,,,,,
266.0,17.73,221.8,14.79,5.0,0.13333333,,,,,,,,,,,,,,,0.4,109.0,80.26666667,7.0,234.0,113.0,53.0,41.0,18.0,170.0,462.0,11.04587156,,,,1.0,,,,,,2.0,13.0,44.0,,,,,,1.0,15.0,1.0,55.0,,,,,,,,,,,,,,,,,71.28699297,5.466906287,0.311085676,0.195531006,0.127779513,215.0,107.0,53.0,43.0,21.0,82.33210105,3.03541061,0.093878679,133.2206611,13.08956757,0.311085676,0.00384899,,0.874770554,0.874770554,,0.48987151,0.48987151,0.48987151,15.11764706,,49.57050138,NYG,6,17.0,1.0,,,,3.0,,,,,1.0,,1.0,,,,,,,,,,,,,,,,,,,,,,,,,,,,,,,,,,,,,,,,,,,,,,1.0,3.0,3.0,,2.0,1.0,3.0,1.0,,,,,,,,,,,,,,,,,,,,,,,,,,,,,,,,,,,,,,,,,,,,,,,,,,,,,,,,,,,,,,,,,,,,,,,,,,,,,,,,,,,,,,,,,,,,,,,,,,,,,,,,,,,,,,,,,,,,,,,,,,,,,,,,,,,,,,,,,,,,,,,,,,,,,,,,,,,,,,,,,,,,,,,,,,
253.0,14.88,143.05,9.54,5.0,0.76470588,,,2.0,1.0,,,,,,,,,,,2.6,112.0,70.23529412,5.0,232.0,110.0,49.0,38.0,13.0,153.0,596.0,10.66071429,,,,,,,,3.0,3.0,4.0,13.0,30.0,,,,,1.0,2.0,17.0,2.0,61.0,,,,,,,,,,,,,,,,,42.96142896,3.796689825,0.21412394,0.15089793,0.098611797,129.0,64.0,32.0,25.0,12.0,56.55218148,0.786572026,0.02432697,85.48951588,11.48453876,0.21412394,0.002861943,,0.650441542,0.650441542,,0.364247263,0.364247263,0.364247263,15.11764706,,31.20291557,LV,1,15.0,,,,,,,,,,,,,,,,,,,,,,,,,,,,,,,,,,,,,,,,,,,,,,,,,,,,,,,,,,,2.0,2.0,,1.0,1.0,4.0,1.0,,,,,,,,,,,,,,,,,,,,,,,,,,,,,,,,,,,,,,,,,,,,,,,,,,,,,,,,,,,,,,,,,,,,,,,,,,,,,,,,,,,,,,,,,,,,,,,,,,,,,,,,,,,,,,,,,,,,,,,,,,,,,,,,,,,,,,,,,,,,,,,,,,,,,,,,,,,,,,,,,,,,,,,,,,
184.0,10.82,179.06,11.94,20.0,9.58823529,1.0,,29.0,12.0,4.0,3.0,,,,,,,,,8.15,55.0,50.41176471,6.0,164.0,77.0,34.0,28.0,10.0,75.0,380.0,15.58181818,,1.0,1.0,3.0,1.0,1.0,1.0,,,11.0,6.0,42.0,,,,1.0,3.0,,17.0,7.0,29.0,12.33058473,5.691095388,0.582797981,0.0364559,17.0,8.0,4.0,3.0,1.0,2.0,1.0,0.022765148,0.015935603,0.018539938,0.000632697,6.977444567,50.12787605,5.074954906,0.240646154,0.18524672,0.121058732,151.0,75.0,37.0,30.0,15.0,62.31822292,1.205314951,0.037277782,94.8636143,12.16041637,0.277102054,0.006569095,0.246611695,1.246364458,1.492976153,0.11344138,0.697964097,0.811405476,0.811405476,15.11764706,6.16062117,36.02747634,GB,31,4.0,,,,,2.0,0.043934675,144.1606539,14.0,5.0,,,,,,,,,,,,,,,,,,,,1.0,,,,,,,,,,,,,,,,,,,,,,,,,,,,,,3.0,3.0,,1.0,1.0,,,110.0,7.0,0.09405,151.8,15.0,6.0,,,,,,,,,,,,,,,,,,,,,,,,,,,,,,,,,,,,,,,,,,,,,,,,,,,,,,,,,,,,,,,,,,,,,,,,,,,,,,,,,,,,,,,,,,,,,,,,,,,,,,,,,,,,,,,,,,,,,,,,,,,,,,,,,,,,,,,,,,,,,,,,,,,,,,,,,,,,,,,,,,,,
312.0,18.35,234.65,15.64,35.0,3.29411765,,,11.0,3.0,1.0,,,,,,,,,,1.6,1.0,0.41176471,1.0,1.0,,,,,1.0,2.0,7.0,31.0,6.0,,6.0,,,12.0,1.0,2.0,15.0,2.0,228.0,,,,,,,17.0,9.0,1.0,32.86288336,3.411175358,1.828084058,0.076557955,10.0,5.0,2.0,2.0,1.0,6.0,3.0,0.061488932,0.043042252,0.007365724,0.000251364,1.557003681,,,,,,,,,,,,,,,,1.469108726,0.031282573,0.399235474,,7.109675634,0.183648318,,3.404659595,13.49659887,15.0,6.915282652,,DET,6,,,,,,1.0,,,,,539.0,390.0,149.0,272.29411765,37.0,920.0,456.0,224.0,176.0,83.0,38.0,70.0,30.0,24.0,8.0,7.0,6.0,12.0,0.72356215,,20.0,3.0,5.0,236.0,521.1675885,349.6976721,171.4699164,250.2223731,23.13618402,750.0,375.0,187.0,150.0,75.0,37.0,69.0,34.0,3.163510871,2.067354354,3.369357789,0.455111892,1.392550771,10.09193927,0.67098891,31.19918959,6.710440161,3.221011277,185.4294326,,,,1.0,,,,,,,,,,,4.0,2.0,1.0,2.0,,,,,,,,,,,,,,,,,,,,,,,,,,,,,,,,,,,,,,,,,,,,,,,,,,,,,,,,,,,,,,,,,,,,,,,,,,,,,,,,,,,,,,,,,,,,,,,,,,,,,,,,,,,,,,,,,,,,,,,,,,,,,,,,,,,,,,,,,,,,,,,,,,,,,,,,,,,,,,,,
173.0,10.18,139.28,9.95,135.0,33.47058824,8.0,,106.0,50.0,20.0,16.0,6.0,1.0,19.0,6.0,1.0,1.0,1.0,,4.21481481,42.0,20.0,1.0,62.0,27.0,8.0,7.0,1.0,52.0,377.0,8.0952381,,,,,,,,2.0,3.0,10.0,7.0,54.0,5.0,1.0,1.0,,,,17.0,32.0,7.0,122.4897751,37.4915839,3.513564232,0.174756344,106.0,53.0,26.0,21.0,10.0,24.0,12.0,0.239675352,0.167772747,0.733895942,0.025045053,4.33912411,17.30396138,0.978923062,0.052535303,0.041151538,0.02689253,49.0,24.0,12.0,9.0,4.0,35.50084091,0.093685199,0.00289748,44.76368718,6.909951799,0.227291647,0.002960389,0.52163259,0.151183195,0.672815785,0.239950991,0.084662589,0.324613581,0.324613581,14.17647059,30.07921427,14.10706186,SEA,25,3.0,,,,,,,,,,,,,,,,,,,,,,,,,,,,,,,,,,,,,,,,,,,,,,,,,,,,,,,,,,,,,1.0,,,,1.0,,,,,,,,,,,,,,,,,,,,,,,,,,,,,,,,,,,,,,,,,,,,,,,,,,,,,,,,,,,,,,,,,,,,,,,,,,,,,,,,,,,,,,,,,,,,,,,,,,,,,,,,,,,,,,,,,,,,,,,,,,,,,,,,,,,,,,,,,,,,,,,,,,,,,,,,,,,,,,,,,,,,,,,,,,
119.0,7.44,73.82,5.27,168.0,47.875,7.0,,146.0,70.0,31.0,24.0,9.0,2.0,27.0,10.0,1.0,1.0,2.0,,4.55952381,7.0,3.375,,8.0,2.0,1.0,1.0,,12.0,64.0,7.71428571,,2.0,3.0,4.0,1.0,1.0,1.0,2.0,2.0,4.0,12.0,42.0,5.0,1.0,,,,,16.0,39.0,1.0,82.55370567,24.31805343,2.625876773,0.156689641,68.0,34.0,17.0,13.0,6.0,16.0,8.0,0.158244206,0.110770944,0.307420692,0.010491089,4.175998719,6.421092446,0.505754362,0.031220402,0.036786955,0.024040275,18.0,9.0,4.0,3.0,1.0,12.94177639,0.040424706,0.001250249,17.25324123,7.033688843,0.187910042,0.006158524,1.209978631,0.189685887,1.399664517,0.55659017,0.106224097,0.662814267,0.662814267,14.17647059,20.68538382,4.517165289,JAX,35,,,195.0,18.0,6.0,,,,,,,,,,,,,,,,,,,,,,,,,1.0,,,,,,,,,,,,,,,,,,,,,,,,,,,,,,,,,,,,,,,,,,,,,,,,,,,,,,,,,,,,,,,,,,,,,,,,,,,,,,,,,,,,,,,,,,,,,,,,,,,,,,,,,,,,,,,,,,,,,,,,,,,,,,,,,,,,,,,,,,,,,,,,,,,,,,,,,,,,,,,,,,,,,,,,,,,,,,,,,,,,,,,,,,,,,,,,,,,,,,,,,,,,,,
117.0,7.31,141.77,9.45,1.0,0.4375,,,1.0,,,,,,,,,,,,7.0,47.0,34.25,4.0,103.0,48.0,20.0,15.0,5.0,71.0,130.0,11.65957447,,,,1.0,,1.0,1.0,2.0,2.0,7.0,9.0,24.0,,,,,1.0,,16.0,,27.0,,,,,,,,,,,,,,,,,43.79665162,3.32941979,0.315022899,0.164827287,0.107714632,132.0,66.0,33.0,26.0,13.0,56.39379076,0.828347769,0.025619003,85.34020408,11.74069543,0.315022899,0.004962654,,1.127875815,1.127875815,,0.631610457,0.631610457,0.631610457,15.11764706,,31.32393124,ARI,61,4.0,1.0,,,,2.0,,,,,,,,,,,,,,,,,,,,,,,,,,,,,,,,,,,,,,,,,,,,,,,,,,,,,,,,,1.0,,,,,,,,,,,,,,1.0,1.0,,,,,,,,,,,,,,,,,,,,,,,,,,,,,,,,,,,,,,,,,,,,,,,,,,,,,,,,,,,,,,,,,,,,,,,,,,,,,,,,,,,,,,,,,,,,,,,,,,,,,,,,,,,,,,,,,,,,,,,,,,,,,,,,,,,,,,,,,,,,,,,,,,,,,,,,,,,,,,
104.0,6.93,64.59,4.31,,,,,,,,,,,,,,,,,,50.0,32.06666667,2.0,90.0,42.0,19.0,12.0,2.0,64.0,303.0,9.62,,,,,,,,,,10.0,5.0,12.0,,,,,,1.0,15.0,,24.0,,,,,,,,,,,,,,,,,17.64843776,1.450818784,0.073338144,0.10841765,0.070850935,53.0,26.0,13.0,10.0,5.0,30.16349963,0.104774483,0.003240448,37.94897836,8.845222086,0.073338144,0.001722083,,0.39138251,0.39138251,,0.219174205,0.219174205,0.219174205,15.11764706,,13.67618473,LAC,23,4.0,,,,,1.0,,,,,,,,,,,,,,,,,,,,,,,,,,,,,,,,,,,,,,,,,,,,,,,,,,,,,,,,,,,,,,,,,,,,,,,,,,,,,,,,,,,,,,,,,,,,,,,,,,,,,,,,,,,,,,,,,,,,,,,,,,,,,,,,,,,,,,,,,,,,,,,,,,,,,,,,,,,,,,,,,,,,,,,,,,,,,,,,,,,,,,,,,,,,,,,,,,,,,,,,,,,,,,,,,,,,,,,,,,,,,,,,,,,,,,
133.0,7.82,100.07,5.89,,,,,,,,,,,,,,,,,,,,,,,,,,,,,,,,,,,,691.0,1118.0,11.0,6.0,,,,,,,,17.0,,,,,,,,,,,,,,,,,,,,,,,,,,,,,,,,,,,,,,,,,,,17.0,,,GB,3,,,564.0,52.0,17.0,,0.510346557,1744.064085,174.0,69.0,,,,,,,,,,,,,,,,,,,,,,,,,,,,,,,,,,,,,,,,,,,,,,,,,,,,427.0,,,,,158.0,12.0,0.15561,278.7,27.0,11.0,,,,,,14.0,1.0,0.0,5.0,2.0,1.0,17.0,2.0,45.0,90.0,1.0,1.0,16.0,366.0,216.0,76.0,57.0,1.0,326.0,2.0,4.0,3.0,0.0,5347.0,0.0,2.0,5.0,2.0,6.0,2.0,0.0,0.0,0.0,1.0,0.0,5.0,2.0,2.0,4.0,3.0,0.0,0.17,0.765,2.805,2.72,0.115060337,1.869590193,13.54846907,9.113220853,1.763440294,0.218772532,40.06708673,80.13417346,1.301281474,0.568308719,2.650607087,11.47519577,1080.179007,360.0,216.0,35.64586563,65.59951585,372.5540761,2.465,3.74,2.805,1.36,0.17,21.91494565,5964.648542,0.373887834,3.398980306,3.534939518,4.061781466,3.076077177,1.699490153,0.66280116,0.192042387,350.861679,,,,,,,,,,,,,,,,,,,,,,,,,,,,,,,,,,,,,,,,,,,,,,,,,,,,,,,,,,,,,,,,,,,,,,,,,,,,,,,,
130.0,7.65,132.39,7.79,,,,,,,,,,,,,,,,,,,,,,,,,,,,,,,,,,,,,,10.0,7.0,119.0,,,,,,,17.0,,,,,,,,,,,,,,,,,,,,,,,,,,,,,,,,,,,,,,,,,,,17.0,,,LAR,15,,,,,,,,,,,,,,,,,,,,,,,,,,,,,,,,,,,,,,,,,,,,,,,,,,,,,,,,,,,,,,,,,,,,,,,,,,,,,,,,,,,,,,,,,,,,,,,,,,,,,,,,,,,,,,,,,,,,,,,,,,,,,,,,,,,,,,,,,,,,,,,,,,,,,,,,,,,,,6.0,7.0,1.0,4.0,6.0,2.0,19.0,21.0,2.0,29.0,34.0,5.0,32.0,36.0,4.0,6.0,7.0,1.0,1080.0,208.0,1288.0,212.0,103.0,49.0,38.0,16.0,4.0,40.0,18.0,8.0,6.0,1.0,252.0,122.0,58.0,46.0,19.0,6.0,4.399463704,6.57617893,2.176715226,7.153775794,9.148050888,1.994275094,15.90540029,16.83111142,0.925711128,27.45863979,32.55534124,5.096701447,39.16225973,41.84002107,2.677761349,4.399463704,6.57617893,2.176715226,1036.65296,235.0563352,1271.709295,,,,,,,,,,,,,,,,,,,,,
80.0,4.71,119.36,7.02,,,,,,,,,,,,,,,,,,,,,,,,,,,,,,,,,,,,674.0,1132.0,9.0,8.0,,,,,,,,17.0,,,,,,,,,,,,,,,,,,,,,,,,,,,,,,,,,,,,,,,,,,,17.0,,,CIN,18,,,1133.0,105.0,37.0,,0.376166026,1417.22278,141.0,56.0,,,,,,,,,,,,,,,,,,,,,,,,,,,,,,,,,,,,,,,,,,,,,,,,,,,,458.0,,,,,248.0,19.0,0.386336087,321.1043478,32.0,12.0,,,,,,10.0,0.0,1.0,1.0,3.0,2.0,15.0,1.0,36.0,72.0,2.0,3.0,15.0,372.0,219.0,70.0,79.0,5.0,416.0,3.0,3.0,1.0,5.0,5921.0,0.0,1.0,4.0,4.0,5.0,1.0,0.0,2.0,0.0,0.0,1.0,1.0,3.0,3.0,3.0,1.0,5.0,0.23561493,1.063244271,3.640548384,3.198238767,0.116325555,1.88128186,13.38087906,9.263052898,1.777374278,0.218904275,44.59402349,89.18804698,1.313776897,0.567504962,2.760109527,13.13542169,1026.997782,342.0,205.0,33.33889863,74.9732737,352.1878928,2.466726709,3.32582808,2.152006404,0.825077554,0.0927149,20.71693487,5786.245728,0.552914686,4.593445084,3.9554666,3.827870903,2.424318239,1.105829372,0.425318989,0.114836127,340.3673957,,,,,,,,,,,,,,,,,,,,,,,,,,,,,,,,,,,,,,,,,,,,,,,,,,,,,,,,,,,,1.0,1.0,,,,,,,,,,,,,,,,,,,
40.0,8.0,30.03,7.51,7.0,2.2,1.0,,1.0,,,,,,,,,,,,1.57142857,,,,,,,,,,,,4.0,2.0,,2.0,,,3.0,,1.0,1.0,4.0,24.0,1.0,,,,,,5.0,1.0,,4.824675613,3.840333094,0.188722039,0.010062071,3.0,1.0,,,,,,0.009045415,0.006331791,0.005063053,0.000172783,3.183909885,,,,,,,,,,,,,,,,0.189785619,0.004604129,0.064724685,,1.046393051,0.029773355,,0.500974171,2.358339805,4.0,1.196250861,,ATL,46,,,,,,,,,,,105.0,61.0,44.0,155.0,3.0,152.0,76.0,37.0,28.0,14.0,7.0,10.0,4.0,7.0,2.0,,,3.0,0.58095238,,,1.0,2.0,35.0,68.1076647,41.55420418,26.55346052,117.5351521,3.551600347,94.0,47.0,23.0,18.0,9.0,4.0,8.0,4.0,0.375653357,0.245489469,0.35460569,0.047897931,0.179723548,1.857365634,0.610125224,5.067375466,0.981668366,0.471200816,22.88845405,,,,1.0,,,,,,,,,,,1.0,,,,,,,,,,,,,,,,,,,,,,,,,,,,,,,,,,,,,,,,,,,,,,,,,,,,,,,,,,,,,,,,,,,,,,,,,,,,,,,,,,,,,,,,,,,,,,,,,,,,,,,,,,,,,,,,,,,,,,,,,,,,,,,,,,,,,,,,,,,,,,,,,,,,,,,,,,,,,,,,,,,
280.0,16.47,215.5,15.39,301.0,78.17647059,15.0,,258.0,125.0,59.0,45.0,18.0,3.0,52.0,20.0,,,3.0,,4.41528239,36.0,20.11764706,1.0,64.0,29.0,12.0,8.0,2.0,43.0,403.0,9.5,,2.0,4.0,4.0,3.0,3.0,3.0,1.0,1.0,11.0,6.0,96.0,14.0,,,1.0,,,17.0,73.0,15.0,242.2633506,67.10933135,6.746815093,0.422003441,190.0,95.0,47.0,38.0,19.0,48.0,24.0,0.503112402,0.352178681,2.351773154,0.080256995,3.927021813,22.47943563,1.507033063,0.071468736,0.043907878,0.028693799,63.0,31.0,15.0,12.0,6.0,41.25486737,0.141039887,0.004362058,56.58674958,7.72464144,0.493472178,0.010782789,2.094040932,0.356592859,2.450633791,0.963258829,0.199692001,1.16295083,1.16295083,14.17647059,53.94345344,17.65780235,GB,6,1.0,,,,,1.0,,,,,,,,,,,,,,,,,,,,,,,,2.0,,,,,,,,,,,,,,,,,,,,,,,,,,,,,,,,,,,,,,,,,,,,,,,,,,,,,,,,,,,,,,,,,,,,,,,,,,,,,,,,,,,,,,,,,,,,,,,,,,,,,,,,,,,,,,,,,,,,,,,,,,,,,,,,,,,,,,,,,,,,,,,,,,,,,,,,,,,,,,,,,,,,,,,,,,,,,,,,,,,,,,,,,,,,,,,,,,,,,,,,,,,,,,
146.0,9.73,220.41,15.74,42.0,9.06666667,1.0,,25.0,10.0,2.0,1.0,,,3.0,,,,,,3.23809524,51.0,44.66666667,3.0,130.0,63.0,28.0,19.0,9.0,81.0,421.0,13.1372549,1.0,,,2.0,,1.0,1.0,2.0,2.0,6.0,9.0,24.0,1.0,,,,1.0,,15.0,5.0,28.0,28.8351943,11.59073317,2.821090855,0.086642484,32.0,16.0,8.0,6.0,3.0,5.0,2.0,0.053715122,0.037600586,0.068927741,0.002352239,5.698442191,65.17170984,5.635430313,0.248758537,0.411822807,0.269126205,184.0,92.0,46.0,36.0,18.0,62.29528518,2.07476585,0.064168016,94.21909974,14.83105543,0.335401021,0.007145972,0.513887281,1.110197296,1.624084577,0.236388149,0.621710486,0.858098635,0.858098635,14.17647059,11.47511994,40.83152642,WSH,45,4.0,,533.0,51.0,19.0,1.0,0.063364594,309.3974318,30.0,12.0,,,,,,,,,,,,,,,,,,,,,,,,,,,,,,,,,,,,,,,,,,,,,,,,,,2.0,2.0,,1.0,1.0,,,,,,,,,,,,,,,,,,,,,,,,,,,,,,,,,,,,,,,,,,,,,,,,,,,,,,,,,,,,,,,,,,,,,,,,,,,,,,,,,,,,,,,,,,,,,,,,,,,,,,,,,,,,,,,,,,,,,,,,,,,,,,,,,,,,,,,,,,,,,,,,,,,,,,,,,,,,,,,,,,,,,,,,,,,,
144.0,13.09,170.38,11.36,,,,,,,,,,,,,,,,,,64.0,45.90909091,5.0,96.0,46.0,21.0,16.0,5.0,97.0,251.0,7.890625,,,,,,,,4.0,4.0,2.0,9.0,34.0,,,,,1.0,1.0,11.0,,23.0,,,,,,,,,,,,,,,,,49.82924673,5.292992491,0.285497684,0.205654613,0.13439529,150.0,75.0,37.0,30.0,15.0,64.06526848,1.181665446,0.036546354,92.18601996,11.7583362,0.285497684,0.004080957,,0.927490153,0.927490153,,0.519394486,0.519394486,0.519394486,15.11764706,,36.39035039,CLE,11,9.0,,,,,3.0,,,,,,,,,,,,,,,,,,,,,,,,,,,,,,,,,,,,,,,,,,,,,,,,,,,,,2.0,,,,,,1.0,,,,,,,,,,,,,,,,,,,,,,,,,,,,,,,,,,,,,,,,,,,,,,,,,,,,,,,,,,,,,,,,,,,,,,,,,,,,,,,,,,,,,,,,,,,,,,,,,,,,,,,,,,,,,,,,,,,,,,,,,,,,,,,,,,,,,,,,,,,,,,,,,,,,,,,,,,,,,,,,,,,,,,,,,,,
205.0,12.06,275.43,18.36,52.0,13.70588235,,,42.0,16.0,5.0,4.0,1.0,,4.0,,,,,,4.48076923,,,,,,,,,1.0,,,52.0,3.0,3.0,6.0,2.0,4.0,16.0,,,10.0,7.0,120.0,,,,,,,17.0,15.0,,44.68846138,12.12421049,2.526200229,0.157798898,36.0,18.0,9.0,7.0,3.0,8.0,4.0,0.08421277,0.058948939,0.095502869,0.003259147,4.069577509,,,,,,,,,,,,,,,,1.430228167,0.03608888,0.586449139,,8.202018096,0.269766604,,3.925239703,14.65042321,15.0,12.56714741,,HOU,18,,,,,,,,,,,532.0,336.0,196.0,219.23529412,20.0,741.0,367.0,179.0,141.0,64.0,28.0,61.0,27.0,32.0,14.0,1.0,1.0,12.0,0.63157895,2.0,11.0,5.0,2.0,187.0,542.71288,349.8976276,192.8152524,269.9298602,26.87484201,809.0,404.0,202.0,161.0,80.0,40.0,69.0,34.0,3.641709574,2.379857207,4.516077729,0.610003689,1.272429269,10.72518351,0.644719594,37.60694076,7.615568957,3.6554731,193.9913495,,,,,,,,,,,,,,,2.0,,,1.0,,,,,,,,,,,,,,,,,,,,,,,,,,,,,,,,,,,,,,,,,,,,,,,,,,,,,,,,,,,,,,,,,,,,,,,,,,,,,,,,,,,,,,,,,,,,,,,,,,,,,,,,,,,,,,,,,,,,,,,,,,,,,,,,,,,,,,,,,,,,,,,,,,,,,,,,,,,,,,,,
177.0,10.41,175.48,11.7,20.0,6.11764706,3.0,,21.0,8.0,2.0,1.0,,,,,,,,,5.2,59.0,37.52941176,6.0,122.0,56.0,24.0,17.0,5.0,98.0,407.0,10.81355932,,,,,,,,1.0,1.0,15.0,2.0,54.0,1.0,,2.0,,1.0,,17.0,4.0,36.0,5.733906513,2.328423368,0.277849039,0.014569222,7.0,3.0,1.0,1.0,,1.0,,0.010548381,0.007383866,0.002962622,0.000101103,6.138970457,50.40829264,6.370127459,0.208463271,0.226084767,0.147746395,152.0,76.0,38.0,30.0,15.0,56.34493198,1.232597581,0.038121575,91.02831907,13.52481492,0.223032492,0.002902159,0.060922198,0.598659414,0.659581612,0.028024211,0.335249272,0.363273483,0.363273483,15.11764706,3.816028635,35.3124842,KC,35,5.0,,,,,3.0,,,,,,,,,,,,,,,,,,,,,,,,,,,,,,,,,,,,,,,,,,,,,,,,,,,,,,,,,1.0,1.0,,1.0,,,0.0855,138.0,13.0,5.0,,,,,,,,,,,,,,,,,,,,,,,,,,,,,,,,,,,,,,,,,,,,,,,,,,,,,,,,,,,,,,,,,,,,,,,,,,,,,,,,,,,,,,,,,,,,,,,,,,,,,,,,,,,,,,,,,,,,,,,,,,,,,,,,,,,,,,,,,,,,,,,,,,,,,,,,,,,,,,,,,,,,
233.0,13.71,176.57,11.77,,,,,,,,,,,,,,,,,,90.0,72.29411765,4.0,239.0,115.0,53.0,40.0,16.0,145.0,387.0,13.65555556,,,,,,,,1.0,1.0,3.0,14.0,28.0,,,,,,,17.0,,57.0,,,,,,,,,,,,,,,,,60.95514201,3.993564502,0.21533333,0.359416389,0.234878611,184.0,92.0,46.0,36.0,18.0,61.47837767,2.036608164,0.062987881,97.57078595,14.98898244,0.21533333,0.005215228,,1.185279113,1.185279113,,0.663756303,0.663756303,0.663756303,15.11764706,,39.90757977,CLE,13,13.0,,,,,1.0,,,,,,,,,,,,,,,,,,,,,,,,,,,,,,,,,,,,,,,,,,,,,,,,,,,,,2.0,4.0,2.0,,2.0,2.0,2.0,1.0,,,,,,,,,,,,,,,,,,,,,,,,,,,,,,,,,,,,,,,,,,,,,,,,,,,,,,,,,,,,,,,,,,,,,,,,,,,,,,,,,,,,,,,,,,,,,,,,,,,,,,,,,,,,,,,,,,,,,,,,,,,,,,,,,,,,,,,,,,,,,,,,,,,,,,,,1.0,,,,,,,,,,,,,,,,,,
183.0,14.08,154.87,11.91,195.0,69.61538462,9.0,,178.0,86.0,39.0,31.0,11.0,2.0,34.0,13.0,1.0,,2.0,,4.64102564,32.0,11.76923077,,27.0,11.0,3.0,2.0,,38.0,204.0,4.78125,,,,,,,,,,9.0,4.0,54.0,5.0,2.0,1.0,,,,13.0,47.0,6.0,148.4184774,56.17162844,3.908785695,0.217486266,148.0,74.0,37.0,29.0,14.0,29.0,14.0,0.294303015,0.206012111,1.435941132,0.049003162,5.009133878,16.06354375,1.129347809,0.057105391,0.040506508,0.026471003,42.0,21.0,10.0,8.0,4.0,30.41186203,0.080016419,0.002474735,38.87508161,6.99088158,0.274591657,0.006259709,1.180723671,0.241937567,1.422661238,0.543132889,0.135485038,0.678617926,0.678617926,13.23529412,39.10565297,12.10679602,LAC,24,,,,,,,,,,,,,,,,,,,,,,,,,,,,,,,,,,,,,,,,,,,,,,,,,,,,,,,,,,,,,,,,,,,,,,,,,,,,,,,,,,,,,,,,,,,,,,,,,,,,,,,,,,,,,,,,,,,,,,,,,,,,,,,,,,,,,,,,,,,,,,,,,,,,,,,,,,,,,,,,,,,,,,,,,,,,,,,,,,,,,,,,,,,,,,,,,,,,,,,,,,,,,,,,,,,,,,,,,,,,,,,,,,,,,,,,,,,,
352.0,20.71,244.57,16.3,60.0,22.23529412,3.0,,69.0,32.0,14.0,8.0,1.0,,4.0,,,,,,6.3,,,,,,,,,,,,40.0,5.0,8.0,13.0,1.0,2.0,18.0,,,10.0,7.0,264.0,1.0,2.0,,,,,17.0,24.0,,51.24370796,10.73869164,1.239810751,0.080469691,32.0,16.0,8.0,6.0,3.0,10.0,5.0,0.096946352,0.067862447,0.075109094,0.002563185,3.143417622,,,,,,,,,,,,,,,,1.188207563,0.035462932,0.651768974,,8.059757205,0.299813728,,3.855648079,15.94863541,15.0,11.30465654,,TB,4,,,,,,,,,,,570.0,407.0,163.0,264.70588235,41.0,895.0,443.0,218.0,172.0,81.0,36.0,74.0,34.0,27.0,9.0,3.0,2.0,16.0,0.71403509,1.0,18.0,11.0,5.0,224.0,542.0832767,343.5024808,198.5807959,261.2204108,23.60908708,783.0,391.0,195.0,156.0,78.0,39.0,68.0,34.0,3.426215899,2.23903209,3.974483764,0.536848545,1.107737872,12.09298733,0.633671053,40.35129852,7.407988231,3.555834351,187.8817105,,,,,,,,,,,,,,,6.0,,1.0,4.0,,,,,,,,,,,,,,,,,,,,,,,,,,,,,,,,,,,,,,,,,,,,,,,,,,,,,,,,,,,,,,,,,,,,,,,,,,,,,,,,,,,,,,,,,,,,,,,,,,,,,,,,,,,,,,,,,,,,,,,,,,,,,,,,,,,,,,,,,,,,,,,,,,,,,,,,,,,,,,,,
104.0,8.67,81.48,6.27,153.0,65.75,3.0,,152.0,72.0,33.0,26.0,11.0,3.0,24.0,10.0,,,3.0,,5.15686275,11.0,7.58333333,,15.0,5.0,1.0,1.0,,14.0,59.0,8.27272727,,1.0,3.0,3.0,1.0,1.0,1.0,,,5.0,7.0,18.0,2.0,1.0,,,,,12.0,37.0,5.0,88.86332099,30.07949003,3.380899529,0.103823443,79.0,39.0,19.0,15.0,7.0,17.0,8.0,0.170880959,0.119616672,0.410054356,0.013993582,4.480036229,6.258106154,0.397066995,0.017524724,0.043331725,0.028317282,16.0,8.0,4.0,3.0,1.0,11.35926924,0.037508621,0.00116006,14.81393229,7.291655284,0.121348167,0.003004714,0.605490595,0.077398983,0.682889579,0.278525674,0.043343431,0.321869105,0.321869105,13.23529412,23.43352857,3.885876687,MIN,41,,,29.0,2.0,1.0,,0.138610049,454.8142247,45.0,18.0,,,,,,,,,,,,,,,,,,,,,,,,,,,,,,,,,,,,,,,,,,,,,,,,,,,,,,,,,,,,,,,,,,,,,,,,,,,,,,,,,,,,,,,,,,,,,,,,,,,,,,,,,,,,,,,,,,,,,,,,,,,,,,,,,,,,,,,,,,,,,,,,,,,,,,,,,,,,,,,,,,,,,,,,,,,,,,,,,,,,,,,,,,,,,,,,,,,,,,,,,,,,,,,,,,,,,,,,,,,,,,,,,,
188.0,11.06,129.64,7.63,,,,,,,,,,,,,,,,,,,,,,,,,,,,,,,,,,,,,,10.0,7.0,158.0,,,,,,,17.0,,,,,,,,,,,,,,,,,,,,,,,,,,,,,,,,,,,,,,,,,,,17.0,,,PIT,1,,,,,,,,,,,,,,,,,,,,,,,,,,,,,,,,,,,,,,,,,,,,,,,,,,,,,,,,,,,,,,,,,,,,,,,,,,,,,,,,,,,,,,,,,,,,,,,,,,,,,,,,,,,,,,,,,,,,,,,,,,,,,,,,,,,,,,,,,,,,,,,,,,,,,,,,,,,,,13.0,15.0,2.0,7.0,8.0,1.0,21.0,21.0,,41.0,44.0,3.0,35.0,35.0,,13.0,14.0,1.0,1638.0,162.0,1800.0,322.0,158.0,73.0,59.0,26.0,7.0,31.0,15.0,7.0,5.0,2.0,355.0,175.0,81.0,66.0,29.0,9.0,4.609907091,6.625934848,2.016027756,7.454342583,9.217265803,1.76292322,16.47915773,16.95845701,0.479299281,28.5434074,32.80165766,4.258250257,31.59729602,32.82028288,1.222986867,4.609907091,6.625934848,2.016027756,1078.755131,202.5760222,1281.331153,,,,1.0,43.0,1.0,43.0,1.0,1.0,1.0,,,,,,,,,,,
169.0,9.94,112.96,7.53,,,,,,,,,,,,,,,,,,45.0,44.47058824,9.0,145.0,70.0,31.0,24.0,8.0,72.0,184.0,16.8,,,,,,,,1.0,1.0,12.0,5.0,54.0,,,,,3.0,1.0,17.0,,35.0,,,,,,,,,,,,,,,,,37.258878,2.455600815,0.14255447,0.183316946,0.119797624,112.0,56.0,28.0,22.0,11.0,42.791197,0.531680605,0.01644373,70.99279055,13.16314118,0.14255447,0.003410591,,0.775134261,0.775134261,,0.434075186,0.434075186,0.434075186,15.11764706,,25.14063091,BAL,39,2.0,,,,,2.0,,,,,,,,,,,,,,,,,,,,,,,,,,,,,,,,,,,,,,,,,,,,,,,,,,,,,,1.0,1.0,,3.0,,,,,,,,,,,,,,,,,,,,,,,,,,,,,,,,,,,,,,,,,,,,,,,,,,,,,,,,,,,,,,,,,,,,,,,,,,,,,,,,,,,,,,,,,,,,,,,,,,,,,,,,,,,,,,,,,,,,,,,,,,,,,,,,,,,,,,,,,,,,,,,,,,,,,,,,,,,,,,,,,,,,,,,,,,,,,
137.0,8.06,78.99,5.27,,,,,,,,,,,,,,,,,,65.0,39.11764706,2.0,129.0,62.0,27.0,20.0,7.0,83.0,245.0,10.23076923,,,,1.0,,1.0,1.0,,,9.0,8.0,12.0,,,,,1.0,,17.0,,38.0,,,,,,,,,,,,,,,,,20.65062405,2.942854645,0.143434958,0.094535145,0.061778717,62.0,31.0,15.0,12.0,6.0,30.35425241,0.135280332,0.004183928,45.87580832,10.28484713,0.143434958,0.001236954,,0.28112602,0.28112602,,0.157430571,0.157430571,0.157430571,15.11764706,,15.58134799,CIN,13,7.0,1.0,,,,,,,,,,,,,,,,,,,,,,,,,,,,,,,,,,,,,,,,,,,,,,,,,,,,,,,,,,1.0,1.0,,1.0,,1.0,,,,,,,,,,,,1.0,,,,,,,,,,,,,,,,,,,,,,,,,,,,,,,,,,,,,,,,,,,,,,,,,,,,,,,,,,,,,,,,,,,,,,,,,,,,,,,,,,,,,,,,,,,,,,,,,,,,,,,,,,,,,,,,,,,,,,,,,,,,,,,,,,,,,,,,,,,,,,,,,,,,,,,,,,,,,,,
155.0,9.69,50.94,3.4,,,,,,,,,,,,,,,,,,37.0,51.5,7.0,159.0,76.0,34.0,26.0,10.0,69.0,118.0,22.27027027,,,,,,,,5.0,5.0,7.0,9.0,42.0,,,,,2.0,,16.0,,32.0,,,,,,,,,,,,,,,,,16.98078021,1.324769266,0.096488069,0.136133129,0.088963,51.0,25.0,12.0,10.0,5.0,18.16975867,0.119393964,0.003692597,34.47467443,14.12839029,0.096488069,0.001504062,,0.341832194,0.341832194,,0.191426029,0.191426029,0.191426029,15.11764706,,10.61253537,IND,43,2.0,,,,,2.0,,,,,,,,,,,,,,,,,,,,,,,,,,,,,,,,,,,,,,,,,,,,,,,,,,,,,,3.0,3.0,,3.0,2.0,,,,,,,,,,,,,,,,,,,,,,,,,,,,,,,,,,,,,,,,,,,,,,,,,,,,,,,,,,,,,,,,,,,,,,,,,,,,,,,,,,,,,,,,,,,,,,,,,,,,,,,,,,,,,,,,,,,,,,,,,,,,,,,,,,,,,,,,,,,,,,,,,,,,,,,,,,,,,,,,,,,,,,,,,,,,
57.0,5.18,141.63,10.12,101.0,33.18181818,4.0,,68.0,30.0,12.0,10.0,3.0,,16.0,5.0,,,,,3.61386139,3.0,0.54545455,,,,,,,5.0,11.0,2.0,,,,,,,,,,6.0,5.0,24.0,4.0,,,,,,11.0,17.0,,179.2720419,53.56406182,5.795389735,0.322461657,151.0,75.0,37.0,30.0,15.0,35.0,17.0,0.360991354,0.252693948,1.497513875,0.051104403,4.235737702,9.487083818,0.517588716,0.026172434,0.063385947,0.041422716,26.0,13.0,6.0,5.0,2.0,16.96580043,0.053779266,0.001663276,21.68513049,7.9273221,0.348634091,0.009222572,1.914825457,0.181213681,2.096039137,0.88081971,0.101479661,0.982299371,0.982299371,14.17647059,42.92348546,6.637804792,None,59,,,,,,,,,,,,,,,,,,,,,,,,,,,,,,,,,,,,,,,,,,,,,,,,,,,,,,,,,,,,,,,,,,,,,,,,,,,,,,,,,,,,,,,,,,,,,,,,,,,,,,,,,,,,,,,,,,,,,,,,,,,,,,,,,,,,,,,,,,,,,,,,,,,,,,,,,,,,,,,,,,,,,,,,,,,,,,,,,,,,,,,,,,,,,,,,,,,,,,,,,,,,,,,,,,,,,,,,,,,,,,,,,,,,,,,,,,,,
80.0,4.71,63.48,3.73,,,,,,,,,,,,,,,,,,,,,,,,,,,,,,,,,,,,656.0,1155.0,8.0,9.0,,,,,,,,17.0,,,,,,,,,,,,,,,,,,,,,,,,,,,,,,,,,,,,,,,,,,,17.0,,,ARI,18,,,709.0,66.0,25.0,,0.374420812,1666.886818,166.0,66.0,,,,,,,,,,,,,,,,,,,,,,,,,,,,,,,,,,,,,,,,,,,,,,,,,,,,499.0,,,,,202.0,17.0,0.1368,251.591129,25.0,10.0,,,,,,8.0,0.0,1.0,4.0,2.0,,9.0,,41.0,82.0,,1.0,17.0,379.0,224.0,86.0,63.0,3.0,373.0,1.0,4.0,3.0,2.0,5823.0,0.0,0.0,6.0,1.0,6.0,4.0,0.0,0.0,0.0,0.0,1.0,4.0,2.0,1.0,4.0,3.0,2.0,0.029705442,0.127309036,1.018472292,1.697453819,0.109191522,1.859593114,12.82724985,8.730785246,1.81431574,0.220608825,36.76778262,73.53556523,1.292901548,0.566691567,2.480005449,10.61989238,1069.846794,356.0,213.0,48.43114582,71.07909528,430.567136,2.461308038,4.625561658,4.201198203,2.503744383,0.335247129,25.32747859,6356.348955,0.04240459,1.187328511,2.756298329,4.494886505,4.282863557,2.798702918,1.102519332,0.334996258,373.9028797,,,,,,,,,,,,,,,,,,,,,,,,,,,,,,,,,,,,,,,,,,,,,,,,,,,,,,,,,,,,2.0,1.0,,,,,,,,,,,,,,,,,,,
63.0,4.85,169.78,12.13,85.0,21.38461538,2.0,,52.0,23.0,9.0,8.0,3.0,,13.0,3.0,,,,,3.27058824,19.0,12.38461538,,30.0,13.0,2.0,2.0,,23.0,146.0,8.47368421,,,2.0,2.0,2.0,2.0,2.0,,,7.0,6.0,12.0,2.0,,,,,,13.0,13.0,10.0,153.9696151,50.81972487,7.924001143,0.353796568,144.0,72.0,36.0,28.0,14.0,30.0,15.0,0.306151606,0.214306124,1.347277765,0.045977421,4.679133182,13.28341728,1.171361558,0.06134206,0.040710524,0.026604327,37.0,18.0,9.0,7.0,3.0,26.14187911,0.07056687,0.002182481,34.5385131,7.203459769,0.415138628,0.008409899,1.633923437,0.277417261,1.911340699,0.751604781,0.155353666,0.906958447,0.906958447,14.17647059,41.65952582,10.48077979,LV,56,,,42.0,3.0,,,,,,,,,,,,,,,,,,,,,,,,,,,,,,,,,,,,,,,,,,,,,,,,,,,,,,,,,,,,,,,,,,,,,,,,,,,,,,,,,,,,,,,,,,,,,,,,,,,,,,,,,,,,,,,,,,,,,,,,,,,,,,,,,,,,,,,,,,,,,,,,,,,,,,,,,,,,,,,,,,,,,,,,,,,,,,,,,,,,,,,,,,,,,,,,,,,,,,,,,,,,,,,,,,,,,,,,,,,,,,,,,,,,,,,,
364.0,21.41,312.9,20.86,102.0,31.23529412,12.0,,100.0,46.0,19.0,15.0,5.0,,14.0,3.0,,,,,5.20588235,,0.41176471,1.0,1.0,,,,,,7.0,,14.0,5.0,,5.0,,2.0,8.0,1.0,1.0,13.0,4.0,246.0,10.0,1.0,1.0,,,,17.0,52.0,,94.26394011,33.05046006,8.571031069,0.373221872,99.0,49.0,24.0,19.0,9.0,18.0,9.0,0.182925363,0.128047754,0.717350266,0.024480412,5.259242298,,,,,,,,,,,,,,,,1.598151314,0.037672011,1.248874842,,8.561820733,0.574482427,,4.084696455,16.5228817,15.0,30.68417098,,BUF,2,,,,,,,,,,,483.0,307.0,176.0,219.47058824,28.0,740.0,368.0,181.0,142.0,66.0,29.0,54.0,23.0,30.0,12.0,4.0,2.0,6.0,0.63561077,1.0,10.0,9.0,3.0,174.0,522.3394351,344.7396433,177.5997918,250.1746646,23.02469404,750.0,375.0,187.0,150.0,75.0,37.0,68.0,34.0,3.162591024,2.066753234,3.368475485,0.454992716,1.224929442,12.43818525,0.659991607,29.63508674,7.312945892,3.510214028,184.0730506,,,,,,,,,,,,,,,3.0,,1.0,1.0,,,,,,,,,,,,,,,,,,,,,,,,,,,,,,,,,,,,,,,,,,,,,,,,,,,,,,,,,,,,,,,,,,,,,,,,,,,,,,,,,,,,,,,,,,,,,,,,,,,,,,,,,,,,,,,,,,,,,,,,,,,,,,,,,,,,,,,,,,,,,,,,,,,,,,,,,,,,,,,,
202.0,11.88,179.66,12.83,253.0,56.41176471,6.0,,185.0,89.0,38.0,30.0,11.0,1.0,43.0,18.0,1.0,1.0,1.0,,3.79051383,42.0,22.70588235,,72.0,33.0,13.0,9.0,1.0,52.0,396.0,9.19047619,,,1.0,2.0,,,,,,5.0,12.0,38.0,3.0,,,2.0,,,17.0,43.0,12.0,183.7555513,58.66492189,5.127650731,0.284217377,166.0,83.0,41.0,33.0,16.0,36.0,18.0,0.370800753,0.259560527,1.79176811,0.061146171,4.525912464,17.58077104,1.387834107,0.069909536,0.041686645,0.027242222,49.0,24.0,12.0,9.0,4.0,34.82620183,0.09553776,0.002954776,45.02320536,7.156487659,0.354126913,0.009375841,1.791365117,0.339507801,2.130872918,0.824027954,0.190124369,1.014152322,1.014152322,14.17647059,45.13971664,14.22871308,CHI,19,2.0,1.0,,,,,,,,,,,,,,,,,,,,,,,,,,,,,,,,,,,,,,,,,,,,,,,,,,,,,,,,,1.0,,,,,,,,,,,,,,,,,,,,,,,,,,,,,,,,,,,,,,,,,,,,,,,,,,,,,,,,,,,,,,,,,,,,,,,,,,,,,,,,,,,,,,,,,,,,,,,,,,,,,,,,,,,,,,,,,,,,,,,,,,,,,,,,,,,,,,,,,,,,,,,,,,,,,,,,,,,,,,,,,,,,,,,,,,,,,,,,,
205.0,13.67,187.83,12.52,3.0,1.33333333,1.0,,2.0,,,,,,,,,,,,6.66666667,63.0,58.33333333,9.0,170.0,82.0,38.0,28.0,11.0,99.0,213.0,13.88888889,,,,,,,,2.0,2.0,12.0,3.0,60.0,1.0,,,,2.0,1.0,15.0,2.0,39.0,,,,,,,,,,,,,,,,,58.07946072,5.181463688,0.267729656,0.158255734,0.103420122,175.0,87.0,43.0,35.0,17.0,70.44543803,1.798953413,0.055637734,114.2719511,12.46389849,0.267729656,0.004982148,,1.132306366,1.132306366,,0.634091565,0.634091565,0.634091565,15.11764706,,41.23838943,MIN,21,6.0,,,,,4.0,,,,,,,,,,,,,,,,,,,,,,,,,,,,,,,,,,,,,,,,,,,,,,,,,,,,,,2.0,2.0,,2.0,,,,,,,,,,,,,,,,,,,,,,,,,,,,,,,,,,,,,,,,,,,,,,,,,,,,,,,,,,,,,,,,,,,,,,,,,,,,,,,,,,,,,,,,,,,,,,,,,,,,,,,,,,,,,,,,,,,,,,,,,,,,,,,,,,,,,,,,,,,,,,,,,,,,,,,,,,,,,,,,,,,,,,,,,,,,,
205.0,13.67,72.57,4.84,,,,,,,,,,,,,,,,,,77.0,65.0,6.0,190.0,92.0,41.0,33.0,12.0,113.0,238.0,12.66233766,,,,1.0,,,,1.0,1.0,5.0,10.0,36.0,,,,,2.0,,15.0,,47.0,,,,,,,,,,,,,,,,,22.87228775,1.998841862,0.088215392,0.188277059,0.123039058,69.0,34.0,17.0,13.0,6.0,26.98978358,0.168169039,0.005201104,43.26836872,12.81133554,0.088215392,0.002375101,,0.539795672,0.539795672,,0.302285576,0.302285576,0.302285576,15.11764706,,15.35463224,SF,21,10.0,1.0,,,,3.0,,,,,,,,,,,,,,,,,,,,,,,,,,,,,,,,,,,,,,,,,,,,,,,,,,,,,,1.0,1.0,,,,2.0,1.0,,,,,,,,,,,,,,,,,,,,,,,,,,,,,,,,,,,,,,,,,,,,,,,,,,,,,,,,,,,,,,,,,,,,,,,,,,,,,,,,,,,,,,,,,,,,,,,,,,,,,,,,,,,,,,,,,,,,,,,,,,,,,,,,,,,,,,,,,,,,,,,,,,,,,,,,,,,,,,,,,,,,,,,,,,
144.0,11.08,0.0,0.0,200.0,56.0,7.0,,142.0,66.0,30.0,23.0,10.0,2.0,34.0,14.0,,,2.0,,3.64,23.0,13.53846154,,31.0,13.0,4.0,2.0,1.0,32.0,216.0,7.65217391,,,,,,,,,,12.0,1.0,42.0,7.0,,,,,,13.0,42.0,10.0,,,,,,,,,,,,,,,,,,,,,,,,,,,,,,,,,,,,,,,,,,,,KC,30,1.0,,,,,,,,,,,,,,,,,,,,,,,,,,,,,,,,,,,,,,,,,,,,,,,,,,,,,,,,,,,,,,,,,,,,,,,,,,,,,,,,,,,,,,,,,,,,,,,,,,,,,,,,,,,,,,,,,,,,,,,,,,,,,,,,,,,,,,,,,,,,,,,,,,,,,,,,,,,,,,,,,,,,,,,,,,,,,,,,,,,,,,,,,,,,,,,,,,,,,,,,,,,,,,,,,,,,,,,,,,,,,,,,,,,,,,,,,,,
128.0,7.53,99.97,6.66,10.0,4.64705882,,,12.0,4.0,1.0,,,,,,,,,,7.9,62.0,40.35294118,1.0,130.0,60.0,25.0,19.0,6.0,87.0,335.0,11.06451613,,,,4.0,,2.0,2.0,,1.0,8.0,9.0,6.0,,,,,1.0,,17.0,3.0,29.0,4.3028814,2.120216344,0.245828646,0.013146602,6.0,3.0,1.0,1.0,,,,0.007909588,0.005536711,0.002424531,8.27399e-05,7.449120575,27.21676246,2.546192026,0.12921929,0.122375779,0.079972572,82.0,41.0,20.0,16.0,8.0,39.68363877,0.239235797,0.007399045,56.94802149,10.36833873,0.142365893,0.003870814,0.086057628,0.793672775,0.879730403,0.039586509,0.444456754,0.484043263,0.484043263,15.11764706,3.598938301,20.28294858,ATL,54,4.0,3.0,361.0,32.0,11.0,,0.033147856,149.6019585,14.0,5.0,,,,,,,,,,,,,,,,,,,,,,,,,,,,,,,,,,,,,,,,,,,,,,,,,,,,1.0,,,,,,,,,,,,,,,1.0,,,,,,,,,,,,,,,,,,,,,,,,,,,,,,,,,,,,,,,,,,,,,,,,,,,,,,,,,,,,,,,,,,,,,,,,,,,,,,,,,,,,,,,,,,,,,,,,,,,,,,,,,,,,,,,,,,,,,,,,,,,,,,,,,,,,,,,,,,,,,,,,,,,,,,,,,,,,,,,
106.0,8.15,169.52,11.3,1.0,0.69230769,,,1.0,,,,,,,,,,,,9.0,29.0,42.76923077,4.0,107.0,51.0,23.0,17.0,6.0,57.0,215.0,19.17241379,,,,,,,,1.0,1.0,10.0,3.0,26.0,,,,,1.0,1.0,13.0,,22.0,,,,,,,,,,,,,,,,,53.87959926,4.955054041,0.263589259,0.225855635,0.147596658,162.0,81.0,40.0,32.0,16.0,58.9471565,1.465340412,0.045319807,97.22335569,13.81801623,0.263589259,0.002755754,,0.626307796,0.626307796,,0.350732366,0.350732366,0.350732366,15.11764706,,36.77410849,BUF,70,1.0,,,,,1.0,,,,,,,,,,,,,,,,,,,,,,,,,,,,,,,,,,,,,,,,,,,,,,,,,,,,,1.0,1.0,1.0,,1.0,,,,,,,,,,,,,,,,,,,,,,,,,,,,,,,,,,,,,,,,,,,,,,,,,,,,,,,,,,,,,,,,,,,,,,,,,,,,,,,,,,,,,,,,,,,,,,,,,,,,,,,,,,,,,,,,,,,,,,,,,,,,,,,,,,,,,,,,,,,,,,,,,,,,,,,,,,,,,,,,,,,,,,,,,,,,,
130.0,7.65,118.29,6.96,,,,,,,,,,,,,,,,,,,,,,,,,,,,,,,,,,,,669.0,1095.0,10.0,7.0,,,,,,,,17.0,,,,,,,,,,,,,,,,,,,,,,,,,,,,,,,,,,,,,,,,,,,17.0,,,PIT,4,,,575.0,54.0,19.0,,0.662769493,1704.283307,170.0,68.0,,,,,,,,,,,,,,,,,,,,,,,,,,,,,,,,,,,,,,,,,,,,,,,,,,,,426.0,,,,,289.0,25.0,0.13851,261.75,26.0,10.0,,,,,,16.0,0.0,1.0,3.0,3.0,1.0,17.0,3.0,40.0,80.0,,2.0,22.0,359.0,211.0,76.0,77.0,5.0,335.0,3.0,4.0,3.0,0.0,5554.0,0.0,1.0,4.0,5.0,4.0,3.0,0.0,0.0,0.0,0.0,1.0,3.0,3.0,3.0,4.0,3.0,0.0,0.244995997,1.105884708,3.760008006,3.266613291,0.108754521,1.813721733,12.50971729,8.920620882,1.819060153,0.222683086,44.06096123,88.12192247,1.256635969,0.557085764,2.723755747,13.52448142,1051.957294,350.0,210.0,41.60837956,64.47548465,343.5075165,2.466973579,3.266613291,2.058646918,0.748598879,0.081665332,20.2063245,5593.528329,0.757978057,5.961625169,4.437152447,3.559941887,1.677771655,0.425830369,0.153298933,0.026401483,329.0310782,,,,,,,,,,,,,,,,,,,,,,,,,,,,,,,,,,,,,,,,,,,,,,,,,,,,,,,,,,,,,,,,,,,,,,1.0,1.0,,,,,,,,,
79.0,5.64,27.53,1.84,1.0,0.28571429,,,,,,,,,,,,,,,4.0,19.0,29.35714286,4.0,78.0,36.0,16.0,13.0,5.0,44.0,143.0,21.63157895,,,,,,,,1.0,1.0,7.0,7.0,24.0,,,,,,1.0,14.0,,14.0,,,,,,,,,,,,,,,,,9.380891154,0.823456805,0.043831025,0.257414624,0.168220457,28.0,14.0,7.0,5.0,2.0,8.670478859,0.055747022,0.001724135,16.41264864,16.35630556,0.043831025,0.000664433,,0.151007556,0.151007556,,0.084564231,0.084564231,0.084564231,15.11764706,,5.074058879,SEA,87,,,,,,1.0,,,,,,,,,,,,,,,,,,,,,,,,,,,,,,,,,,,,,,,,,,,,,,,,,,,,,,1.0,1.0,,2.0,1.0,,,,,,,,,,,,,,,,,,,,,,,,,,,,,,,,,,,,,,,,,,,,,,,,,,,,,,,,,,,,,,,,,,,,,,,,,,,,,,,,,,,,,,,,,,,,,,,,,,,,,,,,,,,,,,,,,,,,,,,,,,,,,,,,,,,,,,,,,,,,,,,,,,,,,,,,,,,,,,,,,,,,,,,,,,,,
115.0,6.76,71.3,4.75,1.0,0.05882353,,,,,,,,,,,,,,,1.0,61.0,31.64705882,1.0,102.0,48.0,21.0,14.0,4.0,102.0,133.0,8.81967213,,,,,,,,3.0,3.0,3.0,14.0,6.0,,,,,,,17.0,,25.0,4.298303846,1.450526344,0.17478988,0.008737186,4.0,2.0,1.0,,,,,0.007901177,0.005530824,0.001088803,3.71567e-05,5.101674081,21.46568005,1.723034114,0.092898238,0.152866125,0.099898013,64.0,32.0,16.0,12.0,6.0,25.25915999,0.144622966,0.004472875,42.75562876,12.84724334,0.101635424,0.002601057,0.085966077,0.5051832,0.591149277,0.039544395,0.282902592,0.322446987,0.322446987,15.11764706,3.203855944,14.26098974,CLE,65,5.0,,,,,,0.077279506,253.5733803,25.0,10.0,,,,,,,,,,,,,,,,,,,,,,,,,,,,,,,,,,,,,,,,,,,,,,,,,,1.0,1.0,,,,,1.0,,,0.1026,165.6,16.0,6.0,,,,,,,,,,,,,,,,,,,,,,,,,,,,,,,,,,,,,,,,,,,,,,,,,,,,,,,,,,,,,,,,,,,,,,,,,,,,,,,,,,,,,,,,,,,,,,,,,,,,,,,,,,,,,,,,,,,,,,,,,,,,,,,,,,,,,,,,,,,,,,,,,,,,,,,,,,,,,,,,,,,,
49.0,2.88,130.3,8.69,4.0,0.35294118,,,2.0,1.0,,,,,,,,,,,1.5,23.0,18.35294118,,58.0,27.0,10.0,7.0,1.0,55.0,101.0,13.56521739,,1.0,1.0,2.0,1.0,1.0,1.0,,,8.0,9.0,,,,,,,,17.0,1.0,16.0,,,,,,,,,,,,,,,,,42.39905556,3.357487817,0.24461476,0.1956334,0.127846427,128.0,64.0,32.0,25.0,12.0,46.20375154,0.75660716,0.023400221,79.21374382,13.87276869,0.24461476,0.002160006,,0.49091036,0.49091036,,0.274909801,0.274909801,0.274909801,15.11764706,,28.43012533,IND,111,1.0,1.0,,,,,,,,,1.0,1.0,,1.41176471,,4.0,2.0,1.0,,,,,,,,,,,1.0,1.0,,,,2.0,,,,,,,,,,,,,,,,,,,,,,,,,,,,,,,,,,,,,,,,,,,,,,,,,,,,,,,,,,,,,,,,,,,,,,,,,,,,,,,,,,,,,,,,,,,,,,,,,,,,,,,,,,,,,,,,,,,,,,,,,,,,,,,,,,,,,,,,,,,,,,,,,,,,,,,,,,,,,,,,,,,,,,,,,,,,,,,,,,,,,,,,,,,,,,,,,,,,,,,,,,
98.0,8.91,0.0,0.0,,,,,,,,,,,,,,,,,,,,,,,,,,,,,,,,,,,,2.0,2.0,7.0,4.0,90.0,,,,,,,11.0,,,,,,,,,,,,,,,,,,,,,,,,,,,,,,,,,,,,,,,,,,,,,,GB,27,,,,,,,,,,,,,,,,,,,,,,,,,,,,,,,,,,,,,,,,,,,,,,,,,,,,,,,,,,,,,,,,,,,,,,,,,,,,,,,,,,,,,,,,,,,,,,,,,,,,,,,,,,,,,,,,,,,,,,,,,,,,,,,,,,,,,,,,,,,,,,,,,,,,,,,,,,,,,3.0,3.0,,3.0,4.0,1.0,14.0,14.0,,20.0,21.0,1.0,30.0,30.0,,3.0,3.0,,720.0,46.0,766.0,140.0,69.0,33.0,24.0,10.0,3.0,9.0,4.0,2.0,1.0,,149.0,74.0,35.0,26.0,11.0,4.0,,,,,,,,,,,,,,,,,,,,,,,,,,,,,,,,,,,,,,,,,,
101.0,5.94,128.58,7.56,,,,,,,,,,,,,,,,,,,,,,,,,,,,,,,,,,,,653.0,1072.0,12.0,5.0,,,,,,,,17.0,,,,,,,,,,,,,,,,,,,,,,,,,,,,,,,,,,,,,,,,,,,17.0,,,BAL,11,,,811.0,77.0,26.0,,0.323179817,1522.852044,152.0,60.0,,,,,,,,,,,,,,,,,,,,,,,,,,,,,,,,,,,,,,,,,,,,,,,,,,,,419.0,,,,,213.0,15.0,0.22206,308.175,30.0,12.0,,,,,,5.0,1.0,0.0,3.0,2.0,2.0,12.0,1.0,54.0,108.0,2.0,2.0,12.0,351.0,209.0,75.0,82.0,2.0,357.0,1.0,6.0,3.0,1.0,5511.0,0.0,0.0,7.0,4.0,1.0,3.0,2.0,0.0,0.0,1.0,0.0,3.0,2.0,1.0,6.0,3.0,1.0,0.273150466,1.233857243,4.118530383,3.471819001,0.108551436,1.837234092,14.78009036,8.924561508,1.75819511,0.216550153,45.28027019,90.56054039,1.277091316,0.560142777,2.491025345,13.0108745,1030.181674,343.0,206.0,34.50855689,82.22765127,332.2976878,2.467714486,3.088897788,1.778456302,0.519070978,0.048503354,19.54692281,5665.551404,0.706665999,5.619271798,4.316622427,3.626984524,1.864576551,0.595983373,0.221365253,0.048530075,333.2677297,,,,,,,,,,,,,,,,,,,,,,,,,,,,,,,,,,,,,,,,,,,,,,,,,,,,,,,,,,,,,,,,,,,,,,,,,,,,,,,,
17.0,8.5,139.31,11.61,,,,,,,,,,,,,,,,,,9.0,45.5,,18.0,8.0,4.0,2.0,,15.0,46.0,10.11111111,,,,,,,,,,2.0,,,,,,,,,2.0,,5.0,1.590322176,0.818265917,0.066004423,0.00346004,2.0,1.0,,,,,,0.002919577,0.002043704,0.000247955,8.46177e-06,6.355939003,51.79160575,5.249925627,0.171747166,0.174780441,0.114219018,127.0,63.0,31.0,25.0,12.0,43.72941588,1.061669997,0.032835155,77.71757205,14.63039573,0.175207206,0.002711185,0.021622414,0.594555971,0.616178385,0.009946311,0.332951344,0.342897654,0.342897654,12.35294118,2.193467605,28.80991837,KC,141,1.0,,,,,,,,,,,,,,,,,,,,,,,,,,,,,,,,,,,,,,,,,,,,,,,,,,,,,,,,,,,,,,,,,,,,,,,,,,,,,,,,,,,,,,,,,,,,,,,,,,,,,,,,,,,,,,,,,,,,,,,,,,,,,,,,,,,,,,,,,,,,,,,,,,,,,,,,,,,,,,,,,,,,,,,,,,,,,,,,,,,,,,,,,,,,,,,,,,,,,,,,,,,,,,,,,,,,,,,,,,,,,,,,,,,,,,,,,,,
170.0,10.0,73.44,4.9,,,,,,,,,,,,,,,,,,66.0,38.47058824,7.0,125.0,58.0,25.0,18.0,4.0,91.0,187.0,9.90909091,,,,1.0,,,,2.0,2.0,12.0,5.0,46.0,,,,,2.0,,17.0,,38.0,,,,,,,,,,,,,,,,,19.55326811,2.151384688,0.118057678,0.051923462,0.033931982,59.0,29.0,14.0,11.0,5.0,31.61107757,0.122866958,0.003800009,50.26960239,9.351133489,0.118057678,0.001265127,,0.287528895,0.287528895,,0.161016181,0.161016181,0.161016181,15.11764706,,15.08670379,WSH,7,6.0,1.0,,,,5.0,,,,,,,,,,,,,,,,,,,,,,,,,,,,,,,,,,,,,,,,,,,,,,,,,,,,,2.0,,,,,,,,,,,,,,,,,,,,,,,,,,,,,,,,,,,,,,,,,,,,,,,,,,,,,,,,,,,,,,,,,,,,,,,,,,,,,,,,,,,,,,,,,,,,,,,,,,,,,,,,,,,,,,,,,,,,,,,,,,,,,,,,,,,,,,,,,,,,,,,,,,,,,,,,,,,,,,,,,,,,,,,,,,,,,,,,,
33.0,3.0,62.7,4.18,,,,,,,,,,,,,,,,,,21.0,14.18181818,,28.0,12.0,4.0,2.0,1.0,32.0,61.0,7.42857143,,,,,,,,,,3.0,8.0,,,,,,,,11.0,,8.0,,,,,,,,,,,,,,,,,18.65255559,1.303541656,0.073504157,0.119136033,0.077855397,56.0,28.0,14.0,11.0,5.0,27.06854954,0.113855338,0.003521299,39.26120115,10.4173573,0.073504157,0.001364001,,0.310000258,0.310000258,,0.173600144,0.173600144,0.173600144,15.11764706,,13.32912172,LV,53,1.0,,,,,,,,,,,,,,,,,,,,,,,,,,,,,,,,,,,,,,,,,,,,,,,,,,,,,,,,,,,,,,,,,,,,,,,,,,,,,,,,,,,,,,,,,,,,,,,,,,,,,,,,,,,,,,,,,,,,,,,,,,,,,,,,,,,,,,,,,,,,,,,,,,,,,,,,,,,,,,,,,,,,,,,,,,,,,,,,,,,,,,,,,,,,,,,,,,,,,,,,,,,,,,,,,,,,,,,,,,,,,,,,,,,,,,,,,,,
327.0,19.24,292.24,20.87,304.0,85.64705882,14.0,1.0,286.0,139.0,65.0,50.0,20.0,5.0,54.0,23.0,,,5.0,,4.78947368,61.0,25.35294118,1.0,79.0,35.0,15.0,10.0,1.0,72.0,530.0,7.06557377,,,1.0,1.0,,,,2.0,2.0,8.0,9.0,92.0,13.0,1.0,,1.0,,,17.0,82.0,20.0,229.5498422,72.72841063,7.691156471,0.411329231,206.0,103.0,51.0,41.0,20.0,45.0,22.0,0.473679417,0.331575592,2.750348208,0.093858832,4.491539459,39.80035203,4.137915495,0.21008729,0.076693251,0.05011904,112.0,56.0,28.0,22.0,11.0,64.21918495,0.534539806,0.016532159,86.93598914,8.785980707,0.62141652,0.015008864,2.665423011,0.74568247,3.411105481,1.226094585,0.417582183,1.643676768,1.643676768,14.17647059,56.56477737,30.73922754,ATL,3,4.0,,,,,1.0,,,,,,,,,,,,,,,,,,,,,,,,,,,,,,,,,,,,,,,,,,,,,,,,,,,,,,,,,,,,,,,,,,,,,,,,,,,,,,,,,,,,,,,,,,,,,,,,,,,,,,,,,,,,,,,,,,,,,,,,,,,,,,,,,,,,,,,,,,,,,,,,,,,,,,,,,,,,,,,,,,,,,,,,,,,,,,,,,,,,,,,,,,,,,,,,,,,,,,,,,,,,,,,,,,,,,,,,,,,,,,,,,,,,,,
258.0,16.12,232.08,16.58,316.0,81.1875,14.0,,253.0,122.0,58.0,45.0,19.0,4.0,56.0,24.0,,,4.0,,4.11075949,34.0,11.375,2.0,31.0,12.0,4.0,3.0,,40.0,195.0,5.35294118,,2.0,5.0,5.0,3.0,3.0,3.0,1.0,1.0,10.0,6.0,96.0,12.0,1.0,,,1.0,,16.0,85.0,6.0,217.4500538,71.48094718,9.599580225,0.476581004,202.0,101.0,50.0,40.0,20.0,43.0,21.0,0.446171825,0.312320277,2.66817124,0.091054448,4.660139318,20.07410621,1.849704617,0.099101328,0.055197534,0.036071589,56.0,28.0,14.0,11.0,5.0,34.5637564,0.116135297,0.003591813,47.51733177,8.233479398,0.575682332,0.01028862,2.01762128,0.320701555,2.338322835,0.928105789,0.179592871,1.10769866,1.10769866,14.17647059,56.65528285,15.33248232,LAR,7,2.0,,,,,1.0,,,,,,,,,,,,,,,,,,,,,,,,1.0,,,,,,,,,,,,,,,,,,,,,,,,,,,,,,,,,,,,,12.0,1.0,0.1368,220.8,22.0,8.0,,,,,,,,,,,,,,,,,,,,,,,,,,,,,,,,,,,,,,,,,,,,,,,,,,,,,,,,,,,,,,,,,,,,,,,,,,,,,,,,,,,,,,,,,,,,,,,,,,,,,,,,,,,,,,,,,,,,,,,,,,,,,,,,,,,,,,,,,,,,,,,,,,,,,,,,,,,,,,,,,,,,
273.0,16.06,225.44,15.03,1.0,-0.17647059,,,,,,,,,,,,,,,-3.0,100.0,74.76470588,9.0,246.0,119.0,55.0,43.0,19.0,158.0,327.0,12.71,,,,,,,,4.0,4.0,8.0,9.0,54.0,,,,,2.0,2.0,17.0,,67.0,,,,,,,,,,,,,,,,,67.55139287,6.824192132,0.346381327,0.191336612,0.125038476,204.0,102.0,51.0,40.0,20.0,83.29458229,2.660110772,0.082271467,127.0351086,12.26031859,0.346381327,0.006004666,,1.364696772,1.364696772,,0.764230192,0.764230192,0.764230192,15.11764706,,48.78758074,ATL,5,14.0,,,,,4.0,,,,,,,,,,,,,,,,,,,,,,,,,,,,,,,,,,,,,,,,,,,,,,,,,,,,,,3.0,3.0,,,,2.0,1.0,,,,,,,,,,,,,,,,,,,,,,,,,,,,,,,,,,,,,,,,,,,,,,,,,,,,,,,,,,,,,,,,,,,,,,,,,,,,,,,,,,,,,,,,,,,,,,,,,,,,,,,,,,,,,,,,,,,,,,,,,,,,,,,,,,,,,,,,,,,,,,,,,,,,,,,,,,,,,,,,,,,,,,,,,,
230.0,15.33,174.85,11.66,,,,,,,,,,,,,,,,,,78.0,73.73333333,8.0,216.0,104.0,49.0,39.0,16.0,94.0,522.0,14.17948718,,,,,,,,3.0,3.0,6.0,9.0,48.0,,,,,3.0,,15.0,,50.0,,,,,,,,,,,,,,,,,55.953453,4.692709331,0.207141311,0.379300498,0.247872875,169.0,84.0,42.0,33.0,16.0,62.88907319,1.624745615,0.050249864,88.13032689,13.45042169,0.207141311,0.002472356,,0.561898999,0.561898999,,0.31466344,0.31466344,0.31466344,15.11764706,,38.42988382,SF,3,9.0,,,,,5.0,,,,,,,,,,,,,,,,,,,,,,,,,,,,,,,,,,,,,,,,,,,,,,,,,,,,,,4.0,4.0,,,,,,,,,,,,,,,,,,,,,,,,,,,,,,,,1.0,,,,,,,,,,,,,,,,,,,,,,,,,,,,,,,,,,,,,,,,,,,,,,,,,,,,,,,,,,,,,,,,,,,,,,,,,,,,,,,,,,,,,,,,,,,,,,,,,,,,,,,,,,,,,,,,,,,,,,,,,,,,,,,,,,,,,,,,,,,,,,,
262.0,15.41,192.47,12.83,2.0,0.11764706,,,,,,,,,,,,,,,1.0,82.0,64.47058824,13.0,213.0,104.0,47.0,36.0,17.0,117.0,292.0,13.36585366,,,1.0,1.0,1.0,1.0,1.0,1.0,1.0,12.0,5.0,78.0,,,,,4.0,1.0,17.0,,55.0,,,,,,,,,,,,,,,,,66.14428932,3.245547644,0.178978171,0.199884985,0.130624838,199.0,99.0,49.0,39.0,19.0,74.58715137,2.518685972,0.077897504,123.061415,13.40641119,0.178978171,0.003796687,,0.862883426,0.862883426,,0.483214719,0.483214719,0.483214719,15.11764706,,44.75290563,WSH,7,11.0,,,,,6.0,,,,,,,,,,,,,,,,,,,,,,,,,,,,,,,,,,,,,,,,,,,,,,,,,,,,,,5.0,5.0,,1.0,1.0,,1.0,,,,,,,,,,,,,,,,,,,,,,,,,,,,,,,,,,,,,,,,,,,,,,,,,,,,,,,,,,,,,,,,,,,,,,,,,,,,,,,,,,,,,,,,,,,,,,,,,,,,,,,,,,,,,,,,,,,,,,,,,,,,,,,,,,,,,,,,,,,,,,,,,,,,,,,,,,,,,,,,,,,,,,,,,,
343.0,20.18,254.56,16.97,148.0,52.41176471,6.0,1.0,171.0,81.0,37.0,28.0,9.0,1.0,22.0,6.0,,,1.0,,6.02027027,,,,,,,,,,,,47.0,3.0,3.0,5.0,,,9.0,,1.0,12.0,5.0,188.0,5.0,1.0,,,,,17.0,55.0,,106.3198616,39.15028306,5.088372436,0.218264907,117.0,58.0,29.0,23.0,11.0,21.0,10.0,0.207768498,0.145437949,1.007388214,0.034378295,5.52346699,,,,,,,,,,,,,,,,1.156439974,0.038530683,1.426317561,,8.75697338,0.656106078,,4.174820871,17.69644198,15.0,31.90971545,,WSH,5,,,,,,,,,,,480.0,331.0,149.0,209.88235294,25.0,706.0,347.0,170.0,138.0,64.0,29.0,60.0,26.0,25.0,8.0,4.0,2.0,9.0,0.68958333,,14.0,5.0,1.0,169.0,505.9328275,315.2293085,190.703519,231.0368176,15.21986693,693.0,346.0,173.0,138.0,69.0,34.0,63.0,31.0,2.731720864,1.785179585,2.516435589,0.339904467,0.938175068,13.52162111,0.623065536,40.50531025,7.330655818,3.518714793,166.3525978,,,,1.0,,,,,,,,,,,1.0,,2.0,1.0,,,,,,,,,,,,,,,,,,,,,,,,,,,,,,,,,,,,,,,,,,,,,,,,,,,,,,,,,,,,,,,,,,,,,,,,,,,,,,,,,,,,,,,,,,,,,,,,,,,,,,,,,,,,,,,,,,,,,,,,,,,,,,,,,,,,,,,,,,,,,,,,,,,,,,,,,,,,,,,,
234.0,13.76,188.92,12.59,,,,,,,,,,,,,,,,,,81.0,63.58823529,8.0,211.0,102.0,46.0,37.0,15.0,135.0,179.0,13.34567901,,,,1.0,,1.0,1.0,2.0,2.0,10.0,7.0,54.0,,,,,3.0,1.0,17.0,,57.0,,,,,,,,,,,,,,,,,59.30068522,4.957287726,0.272492934,0.140178154,0.091606424,179.0,89.0,44.0,35.0,17.0,71.18628383,1.8938616,0.058573039,120.1007508,12.59353321,0.272492934,0.006264393,,1.423725677,1.423725677,,0.797286379,0.797286379,0.797286379,15.11764706,,41.82469425,DEN,12,10.0,1.0,,,,3.0,,,,,2.0,2.0,,1.76470588,1.0,5.0,2.0,1.0,1.0,,,,,,,,,,1.0,,1.0,,,2.0,,,,,,,,,,,,,,,,,,,,,,,,,,3.0,3.0,,,,,1.0,,,,,,,,,,,1.0,,,,,,,,,,,,,,,,,,,,,,,,,,,,,,,,,,,,,,,,,,,,,,,,,,,,,,,,,,,,,,,,,,,,,,,,,,,,,,,,,,,,,,,,,,,,,,,,,,,,,,,,,,,,,,,,,,,,,,,,,,,,,,,,,,,,,,,,,,,,,,,,,,,,,,,,,,,,,,,
233.0,13.71,111.08,7.93,207.0,66.0,8.0,,215.0,105.0,50.0,34.0,14.0,3.0,33.0,11.0,,,3.0,,5.42028986,47.0,23.05882353,,73.0,35.0,13.0,9.0,3.0,52.0,528.0,8.34042553,,2.0,3.0,2.0,1.0,1.0,1.0,1.0,1.0,10.0,7.0,48.0,6.0,2.0,,,,,17.0,52.0,16.0,103.3748758,31.54307038,2.358591359,0.15303436,89.0,44.0,22.0,17.0,8.0,20.0,10.0,0.200295598,0.140206919,0.518110546,0.017681125,4.325706863,13.61811424,1.056761832,0.04959937,0.041884076,0.027371244,38.0,19.0,9.0,7.0,3.0,26.59499491,0.072207909,0.002233234,34.96601537,7.259140176,0.20263373,0.004690437,0.847877179,0.218131234,1.066008413,0.390023502,0.122153491,0.512176994,0.512176994,14.17647059,25.20949558,10.66804178,TB,12,2.0,,176.0,15.0,4.0,,0.264739541,868.6766195,86.0,34.0,,,,,,,,,,,,,,,,,,,,,,,,,,,,,,,,,,,,,,,,,,,,,,,,,,,,,,,,,,,,,,,,,,,,,,,,,,,,,,,,,,,,,,,,,,,,,,,,,,,,,,,,,,,,,,,,,,,,,,,,,,,,,,,,,,,,,,,,,,,,,,,,,,,,,,,,,,,,,,,,,,,,,,,,,,,,,,,,,,,,,,,,,,,,,,,,,,,,,,,,,,,,,,,,,,,,,,,,,,,,,,,,,,
255.0,17.0,258.76,17.25,66.0,21.53333333,5.0,,59.0,27.0,9.0,7.0,1.0,,7.0,1.0,,,,,4.89393939,,,,,,,,,,,,31.0,5.0,2.0,7.0,,3.0,15.0,1.0,1.0,6.0,9.0,150.0,4.0,1.0,,,,,15.0,33.0,,46.76723345,11.53952982,2.318648444,0.071236759,34.0,17.0,8.0,6.0,3.0,9.0,4.0,0.088240291,0.061768204,0.086634337,0.002956498,3.701158579,,,,,,,,,,,,,,,,1.139041423,0.026824333,0.513376811,,6.096439316,0.236153333,,2.916023336,13.6616295,15.0,12.24258026,,SF,13,,,,,,,,,,,455.0,300.0,155.0,257.6,20.0,766.0,380.0,185.0,148.0,70.0,31.0,54.0,22.0,25.0,8.0,2.0,1.0,12.0,0.65934066,3.0,10.0,6.0,,178.0,476.3121696,317.8857317,158.4264379,260.3945824,24.18240275,781.0,390.0,195.0,156.0,78.0,39.0,63.0,31.0,3.406434127,2.226104702,3.928634151,0.530655464,1.067804664,10.74560616,0.667389481,32.2896641,5.583062505,2.679870002,181.1555486,,,,,,,,,,,,,,,5.0,,,1.0,,,,,,,,,,,,,,,,,,,,,,,,,,,,,,,,,,,,,,,,,,,,,,,,,,,,,,,,,,,,,,,,,,,,,,,,,,,,,,,,,,,,,,,,,,,,,,,,,,,,,,,,,,,,,,,,,,,,,,,,,,,,,,,,,,,,,,,,,,,,,,,,,,,,,,,,,,,,,,,,
189.0,11.12,218.5,14.57,8.0,3.23529412,1.0,,9.0,3.0,,,,,,,,,,,6.875,64.0,59.82352941,4.0,196.0,94.0,43.0,34.0,12.0,120.0,231.0,15.890625,,,1.0,1.0,1.0,1.0,1.0,2.0,2.0,3.0,14.0,30.0,,1.0,,,1.0,,17.0,3.0,41.0,3.638244473,1.245207323,0.144709986,0.008339972,3.0,1.0,,,,,,0.006685442,0.004679809,0.000780206,2.66254e-05,5.174090133,66.15666279,7.34916822,0.368213133,0.175646761,0.114785159,200.0,100.0,50.0,40.0,20.0,72.99097372,2.51874431,0.077899309,126.9167331,13.70214737,0.376553105,0.004913492,0.053019431,1.063683305,1.116702736,0.024388938,0.595662651,0.620051589,0.620051589,15.11764706,3.036525072,46.07227687,TEN,29,7.0,,,,,,,,,,,,,,,,,,,,,,,,,,,,,,,,,,,,,,,,,,,,,,,,,,,,,,,,,,,1.0,1.0,,2.0,,1.0,1.0,,,,,,,,,,,,,,,,,,,,,,,,,,,,,,,,,,,,,,,,,,,,,,,,,,,,,,,,,,,,,,,,,,,,,,,,,,,,,,,,,,,,,,,,,,,,,,,,,,,,,,,,,,,,,,,,,,,,,,,,,,,,,,,,,,,,,,,,,,,,,,,,,,,,,,,,,,,,,,,,,,,,,,,,,,
135.0,7.94,141.89,8.35,,,,,,,,,,,,,,,,,,,,,,,,,,,,,,,,,,,,2.0,2.0,12.0,5.0,126.0,,,,,,,17.0,,,,,,,,,,,,,,,,,,,,,,,,,,,,,,,,,,,,,,,,,,,17.0,,,BAL,12,,,,,,,,,,,,,,,,,,,,,,,,,,,,,,,,,,,,,,,,,,,,,,,,,,,,,,,,,,,,,,,,,,,,,,,,,,,,,,,,,,,,,,,,,,,,,,,,,,,,,,,,,,,,,,,,,,,,,,,,,,,,,,,,,,,,,,,,,,,,,,,,,,,,,,,,,,,,,6.0,11.0,5.0,5.0,8.0,3.0,11.0,11.0,,22.0,30.0,8.0,60.0,62.0,2.0,6.0,11.0,5.0,883.0,402.0,1285.0,172.0,84.0,39.0,29.0,12.0,2.0,79.0,38.0,17.0,14.0,6.0,253.0,124.0,58.0,45.0,19.0,5.0,4.622432766,6.561245769,1.938813003,7.461598239,9.12727753,1.665679291,16.46551991,16.7928914,0.327371491,28.54955091,32.4814147,3.931863785,43.46817787,44.7431172,1.274939333,4.622432766,6.561245769,1.938813003,1079.348887,189.472615,1268.821502,,,,,,,,,,,,,1.0,,,,,,,,
71.0,4.18,98.63,5.8,,,,,,,,,,,,,,,,,,,,,,,,,,,,,,,,,,,,756.0,1251.0,8.0,9.0,,,,,,,,17.0,,,,,,,,,,,,,,,,,,,,,,,,,,,,,,,,,,,,,,,,,,,17.0,,,IND,22,,,644.0,60.0,22.0,,0.397464012,1681.976615,168.0,67.0,,,,,,,,,,,,,,,,,,,,,,,,,,,,,,,,,,,,,,,,,,,,,,,,,,,,495.0,,,,,256.0,19.0,0.171,276.0,27.0,11.0,,,,,,9.0,0.0,0.0,1.0,3.0,1.0,16.0,1.0,36.0,72.0,,1.0,18.0,413.0,243.0,93.0,56.0,4.0,415.0,1.0,8.0,2.0,2.0,6140.0,0.0,1.0,2.0,3.0,5.0,5.0,1.0,0.0,0.0,0.0,0.0,1.0,3.0,1.0,8.0,2.0,2.0,0.160633937,0.722427757,2.685731427,2.651734827,0.117773667,1.886915672,13.45035712,9.236039183,1.759155815,0.21830734,41.05944755,82.11889511,1.315492821,0.571422851,2.573153352,14.54295318,1091.001359,363.0,218.0,46.40656343,62.30472758,380.5747031,2.464753525,3.799120088,2.898210179,1.436356364,0.181031897,22.38674724,5960.872132,0.425,3.74,3.655,3.995,2.89,1.53,0.595,0.17,350.6395371,,,,,,,,,,,,,,,,,,,,,,,,,,,,,,,,,,,,,,,,,,,,,,,,,,,,,,,,,,,,,,,,,,,,,,,1.0,,,,,,,,,
86.0,5.06,28.05,1.87,,,,,,,,,,,,,,,,,,40.0,24.17647059,2.0,77.0,36.0,15.0,9.0,4.0,53.0,183.0,10.275,,,,1.0,,1.0,1.0,,1.0,4.0,13.0,12.0,,,,,,,17.0,,21.0,,,,,,,,,,,,,,,,,7.817180452,0.880968993,0.054375802,0.095950792,0.062703843,23.0,11.0,5.0,4.0,2.0,11.79979596,0.048888679,0.001512021,17.25324123,10.01520496,0.054375802,0.000594599,,0.135136158,0.135136158,,0.075676249,0.075676249,0.075676249,15.11764706,,5.158962881,JAX,31,3.0,1.0,,,,2.0,,,,,,,,,,,,,,,,,,,,,,,,,,,,,,,,,,,,,,,,,,,,,,,,,,,,,,,,1.0,,,1.0,,,,,,,,,,,,1.0,,,,,,,,,,,,,,,,,,,,,,,,,,,,,,,,,,,,,,,,,,,,,,,,,,,,,,,,,,,,,,,,,,,,,,,,,,,,,,,,,,,,,,,,,,,,,,,,,,,,,,,,,,,,,,,,,,,,,,,,,,,,,,,,,,,,,,,,,,,,,,,,,,,,,,,,,,,,,,,
25.0,4.17,60.87,6.09,39.0,24.66666667,1.0,,28.0,12.0,4.0,3.0,,,5.0,1.0,,,,,3.79487179,5.0,5.5,,6.0,2.0,,,,8.0,33.0,6.6,,,,,,,,,,1.0,5.0,6.0,1.0,,,,,,6.0,11.0,2.0,45.85805294,18.69696618,1.050041471,0.060361757,40.0,20.0,10.0,8.0,4.0,9.0,4.0,0.086852017,0.060796412,0.134717318,0.004597385,4.364937181,12.5780919,0.774260529,0.038703279,0.047143645,0.030808372,26.0,13.0,6.0,5.0,2.0,17.1310628,0.050821724,0.001571806,21.84603881,7.860549789,0.099065036,0.001888439,0.312464349,0.116726421,0.42919077,0.143733601,0.065366796,0.209100397,0.209100397,10.70588235,11.91201396,7.055534035,NO,86,,,176.0,17.0,5.0,,,,,,,,,,,,,,,,,,,,,,,,,,,,,,,,,,,,,,,,,,,,,,,,,,,,,,,,,,,,,,,,,,,,,,,,,,,,,,,,,,,,,,,,,,,,,,,,,,,,,,,,,,,,,,,,,,,,,,,,,,,,,,,,,,,,,,,,,,,,,,,,,,,,,,,,,,,,,,,,,,,,,,,,,,,,,,,,,,,,,,,,,,,,,,,,,,,,,,,,,,,,,,,,,,,,,,,,,,,,,,,,,,,,,,,
58.0,3.41,134.98,7.94,,,,,,,,,,,,,,,,,,,,,,,,,,,,,,,,,,,,699.0,1104.0,3.0,14.0,,,,,,,,17.0,,,,,,,,,,,,,,,,,,,,,,,,,,,,,,,,,,,,,,,,,,,17.0,,,CLE,26,,,1018.0,95.0,33.0,,0.386397532,1267.866901,126.0,50.0,,,,,,,,,,,,,,,,,,,,,,,,,,,,,,,,,,,,,,,,,,,,,,,,,,,,405.0,,,,,450.0,38.0,0.171,276.0,27.0,11.0,,,,,,8.0,0.0,0.0,1.0,0.0,1.0,4.0,1.0,41.0,82.0,,2.0,12.0,361.0,215.0,108.0,60.0,12.0,417.0,7.0,4.0,4.0,1.0,5816.0,0.0,0.0,5.0,5.0,3.0,3.0,1.0,0.0,0.0,0.0,0.0,1.0,0.0,7.0,4.0,4.0,1.0,0.310716074,1.40460691,4.596895343,3.745618428,0.116257682,1.864459027,13.5139589,8.760544259,1.737525907,0.21420756,46.2324624,92.4649248,1.296607403,0.567851624,2.538114241,12.78511882,997.2175419,332.0,199.0,54.9364155,81.43855478,314.9155847,2.468703055,2.851777666,1.40460691,0.212819229,0.004256385,18.52444616,5417.435342,0.809320972,6.304184415,4.557754949,3.492858933,1.490854422,0.255575044,0.085191681,0.004259584,318.6726672,,,,,,,,,,,,,,,,,,,,,,,,,,,,,,,,,,,,,,,,,,,,,,,,,,,,,,,,,,,,1.0,,,,,,,,,,,1.0,,1.0,,,,,,,
4.0,0.67,0.0,0.0,13.0,8.5,,,8.0,3.0,,,,,,,,,,,3.92307692,1.0,-0.33333333,,,,,,,3.0,2.0,-2.0,,,,,,,,,,3.0,3.0,,,,,,,,6.0,3.0,,,,,,,,,,,,,,,,,,,,,,,,,,,,,,,,,,,,,,,,,,,,,CAR,119,,,,,,,,,,,,,,,,,,,,,,,,,,,,,,,,,,,,,,,,,,,,,,,,,,,,,,,,,,,,,,,,,,,,,,,,,,,,,,,,,,,,,,,,,,,,,,,,,,,,,,,,,,,,,,,,,,,,,,,,,,,,,,,,,,,,,,,,,,,,,,,,,,,,,,,,,,,,,,,,,,,,,,,,,,,,,,,,,,,,,,,,,,,,,,,,,,,,,,,,,,,,,,,,,,,,,,,,,,,,,,,,,,,,,,,,,,,,
228.0,14.25,287.83,20.56,209.0,54.75,5.0,2.0,168.0,82.0,36.0,29.0,12.0,1.0,36.0,14.0,,,1.0,,4.19138756,57.0,30.1875,3.0,89.0,41.0,16.0,13.0,4.0,76.0,496.0,8.47368421,,2.0,5.0,6.0,1.0,2.0,2.0,1.0,1.0,5.0,11.0,52.0,3.0,2.0,,,,2.0,16.0,40.0,15.0,235.1858677,74.02266889,7.982260176,0.440057635,209.0,104.0,52.0,41.0,20.0,47.0,23.0,0.486615246,0.340630672,2.850428724,0.097274196,4.461918561,38.55651828,2.536478972,0.12706237,0.072747401,0.047540426,109.0,54.0,27.0,21.0,10.0,67.81552412,0.491462335,0.015199866,85.35112257,8.06003278,0.567120005,0.010475907,1.848015255,0.532872678,2.380887933,0.850087017,0.2984087,1.148495717,1.148495717,14.17647059,57.7437288,30.41784572,NYJ,15,6.0,1.0,,,,1.0,,,,,,,,,,,,,,,,,,,,,,,,1.0,,,,,,,,,,,,,,,,,,,,,,,,,,,,,,1.0,1.0,,,,,,,,,,,,,,,,1.0,,,,,,,,,,,,,,,,,,,,,,,,,,,,,,,,,,,,,,,,,,,,,,,,,,,,,,,,,,,,,,,,,,,,,,,,,,,,,,,,,,,,,,,,,,,,,,,,,,,,,,,,,,,,,,,,,,,,,,,,,,,,,,,,,,,,,,,,,,,,,,,,,,,,,,,,,,,,,,,
190.0,11.18,227.57,15.17,,,,,,,,,,,,,,,,,,62.0,52.05882353,8.0,170.0,82.0,37.0,27.0,9.0,116.0,148.0,14.27419355,,,,1.0,,1.0,1.0,1.0,1.0,8.0,9.0,48.0,,,,,3.0,2.0,17.0,,43.0,,,,,,,,,,,,,,,,,73.66910058,5.670149038,0.536577232,0.250932348,0.163984289,222.0,111.0,55.0,44.0,22.0,82.43498107,3.285463352,0.101612269,129.3364195,13.51008331,0.536577232,0.0038538,,0.875863644,0.875863644,,0.490483641,0.490483641,0.490483641,15.11764706,,50.67012617,ARI,28,7.0,1.0,,,,2.0,,,,,,,,,,,,,,,,,,,,,,,,,,,,,,,,,,,,,,,,,,,,,,,,,,,,,,2.0,2.0,,1.0,1.0,,,,,,,,,,,,,1.0,,,,,,,,,,,,,,,,,,,,,,,,,,,,,,,,,,,,,,,,,,,,,,,,,,,,,,,,,,,,,,,,,,,,,,,,,,,,,,,,,,,,,,,,,,,,,,,,,,,,,,,,,,,,,,,,,,,,,,,,,,,,,,,,,,,,,,,,,,,,,,,,,,,,,,,,,,,,,,,
158.0,9.88,229.93,15.33,,,,,,,,,,,,,,,,,,69.0,50.5,3.0,155.0,73.0,31.0,23.0,8.0,111.0,259.0,11.71014493,,,,1.0,,1.0,1.0,2.0,2.0,8.0,8.0,18.0,,,,,1.0,,16.0,,35.0,,,,,,,,,,,,,,,,,72.08987535,4.012797409,0.292294882,0.145194768,0.094884781,217.0,108.0,54.0,43.0,21.0,99.30870567,3.118660248,0.09645341,144.6766216,10.97415664,0.292294882,0.008221295,,1.868476094,1.868476094,,1.046346612,1.046346612,1.046346612,15.11764706,,53.18013154,IND,42,8.0,1.0,,,,2.0,,,,,,,,,,,,,,,,,,,,,,,,,,,,,,,,,,,,,,,,,,,,,,,,,,,,,,2.0,2.0,,,,,,,,,,,,,,,,1.0,,,,,,,,,,,,,,,,,,,,,,,,,,,,,,,,,,,,,,,,,,,,,,,,,,,,,,,,,,,,,,,,,,,,,,,,,,,,,,,,,,,,,,,,,,,,,,,,,,,,,,,,,,,,,,,,,,,,,,,,,,,,,,,,,,,,,,,,,,,,,,,,,,,,,,,,,,,,,,,
226.0,13.29,189.09,13.51,255.0,66.94117647,5.0,,219.0,105.0,49.0,36.0,13.0,2.0,43.0,17.0,,,2.0,,4.4627451,51.0,24.0,2.0,76.0,34.0,13.0,7.0,,62.0,411.0,8.0,,3.0,3.0,5.0,1.0,3.0,3.0,2.0,2.0,14.0,3.0,42.0,3.0,1.0,,1.0,,,17.0,50.0,20.0,161.0320604,53.29762898,4.504488827,0.245232791,151.0,75.0,37.0,30.0,15.0,32.0,16.0,0.321337334,0.224936134,1.484570037,0.05066268,4.692061121,24.16899397,1.84332788,0.095275628,0.047326772,0.030928045,68.0,34.0,17.0,13.0,6.0,43.18654104,0.160999295,0.00497936,59.5344888,7.933745652,0.340508419,0.008746155,1.567406144,0.420356354,1.987762498,0.721006826,0.235399558,0.956406385,0.956406385,14.17647059,40.7254452,18.89611218,MIN,17,3.0,2.0,,,,2.0,,,,,,,,,,,,,,,,,,,,,,,,1.0,,,,,,,,,,,,,,,,,,,,,,,,,,,,,,,,,,,,,,,,,,,,,,,2.0,,,,,,,,,,,,,,,,1.0,,,,,,,,,,,,,,,,,,,,,,,,,,,,,,,,,,,,,,,,,,,,,,,,,,,,,,,,,,,,,,,,,,,,,,,,,,,,,,,,,,,,,,,,,,,,,,,,,,,,,,,,,,,,,,,,,,,,,,,,,,,,,,,,,,,,,,,,,,,,,,,
201.0,11.82,215.66,14.38,9.0,3.29411765,,,7.0,2.0,,,,,,,,,,,6.22222222,74.0,62.29411765,4.0,206.0,101.0,44.0,35.0,14.0,116.0,463.0,14.31081081,,,,,,,,1.0,1.0,12.0,5.0,24.0,,,,,1.0,,17.0,1.0,48.0,9.050849987,3.66667345,0.504184196,0.019568445,11.0,5.0,2.0,2.0,1.0,1.0,,0.016680418,0.011676293,0.007577424,0.000258588,6.124449657,64.29883351,5.552163891,0.322401882,0.219791079,0.14363347,194.0,97.0,48.0,38.0,19.0,78.34433041,2.346241711,0.072564177,117.0555069,12.4073697,0.341970327,0.006982016,0.164334983,1.422486749,1.586821732,0.075594092,0.79659258,0.872186672,0.872186672,15.11764706,4.86938949,45.78315837,BAL,25,9.0,,,,,2.0,,,,,,,,,,,,,,,,,,,,,,,,,,,,,,,,,,,,,,,,,,,,,,,,,,,,,,5.0,5.0,,1.0,1.0,,,,,,,,,,,,,,,,,,,,,,,,,,,,,,,,,,,,,,,,,,,,,,,,,,,,,,,,,,,,,,,,,,,,,,,,,,,,,,,,,,,,,,,,,,,,,,,,,,,,,,,,,,,,,,,,,,,,,,,,,,,,,,,,,,,,,,,,,,,,,,,,,,,,,,,,,,,,,,,,,,,,,,,,,,,,
150.0,10.71,178.49,12.75,187.0,57.07142857,8.0,,155.0,76.0,35.0,25.0,11.0,3.0,34.0,13.0,1.0,,3.0,,4.27272727,20.0,11.35714286,,26.0,10.0,3.0,1.0,,25.0,179.0,7.95,,2.0,2.0,2.0,2.0,2.0,2.0,,1.0,11.0,3.0,48.0,7.0,,,,,,14.0,47.0,4.0,200.1497859,59.36813319,4.698245453,0.174526602,168.0,84.0,42.0,33.0,16.0,40.0,20.0,0.407222857,0.285056,1.844721391,0.062953264,4.205003719,19.14096212,1.093631106,0.059858381,0.060230145,0.0393604,54.0,27.0,13.0,10.0,5.0,34.92014506,0.10738165,0.003321082,44.39582742,7.77062312,0.234384983,0.012621146,2.442328947,0.426113277,2.868442223,1.123471316,0.238623435,1.36209475,1.36209475,14.17647059,46.15220459,14.73974942,WSH,29,,,,,,,,,,,,,,,,,,,,,,,,,,,,,,2.0,,,,,,,,,,,,,,,,,,,,,,,,,,,,,,,,1.0,,,,,,,,,,,,,,,,,,,,,,,,,,,,,,,,,,,,,,,,,,,,,,,,,,,,,,,,,,,,,,,,,,,,,,,,,,,,,,,,,,,,,,,,,,,,,,,,,,,,,,,,,,,,,,,,,,,,,,,,,,,,,,,,,,,,,,,,,,,,,,,,,,,,,,,,,,,,,,,,,,,,,,,,,,,,,,
112.0,6.59,132.78,8.85,,,,,,,,,,,,,,,,,,53.0,31.29411765,2.0,100.0,47.0,20.0,13.0,3.0,85.0,214.0,10.03773585,,,,,,,,,,10.0,7.0,12.0,,,,,1.0,1.0,17.0,,26.0,,,,,,,,,,,,,,,,,35.95244332,4.2467288,0.201081118,0.107445442,0.070215597,108.0,54.0,27.0,21.0,10.0,53.59633128,0.483351417,0.014949013,77.42954999,10.1409245,0.201081118,0.002825958,,0.642263195,0.642263195,,0.359667389,0.359667389,0.359667389,15.11764706,,27.79126391,HOU,20,3.0,,,,,,,,,,,,,,,,,,,,,,,,,,,,,,,,,,,,,,,,,,,,,,,,,,,,,,,,,,,,,,,,,,,,,,,,,,,,,,,,,,,,,,,,,,,,,,,,,,,,,,,,,,,,,,,,,,,,,,,,,,,,,,,,,,,,,,,,,,,,,,,,,,,,,,,,,,,,,,,,,,,,,,,,,,,,,,,,,,,,,,,,,,,,,,,,,,,,,,,,,,,,,,,,,,,,,,,,,,,,,,,,,,,,,,,,,,,
115.0,7.19,127.55,8.5,1.0,,,,,,,,,,,,,,,,,51.0,28.0625,4.0,85.0,38.0,14.0,12.0,4.0,72.0,262.0,8.80392157,,,,,,,,,,4.0,12.0,26.0,,,,,,1.0,16.0,,24.0,,,,,,,,,,,,,,,,,35.00069818,3.827078629,0.191680556,0.116774634,0.076312223,105.0,52.0,26.0,21.0,10.0,52.8659628,0.451120265,0.013952173,74.06620128,10.00886343,0.191680556,0.002654876,,0.603380972,0.603380972,,0.337893344,0.337893344,0.337893344,15.11764706,,27.05641869,NYJ,17,4.0,,,,,3.0,,,,,,,,,,,,,,,,,,,,,,,,,,,,,,,,,,,,,,,,,,,,,,,,,,,,,1.0,,,,,,,,,,,,,,,,,,,,,,,,,,,,,,,,,,,,,,,,,,,,,,,,,,,,,,,,,,,,,,,,,,,,,,,,,,,,,,,,,,,,,,,,,,,,,,,,,,,,,,,,,,,,,,,,,,,,,,,,,,,,,,,,,,,,,,,,,,,,,,,,,,,,,,,,,,,,,,,,,,,,,,,,,,,,,,,,,
105.0,6.18,108.65,6.39,,,,,,,,,,,,,,,,,,,,,,,,,,,,,,,,,,,,635.0,980.0,15.0,2.0,,,,,,,,17.0,,,,,,,,,,,,,,,,,,,,,,,,,,,,,,,,,,,,,,,,,,,17.0,,,DET,10,,,471.0,44.0,15.0,,0.422429199,1386.09581,138.0,55.0,,,,,,,,,,,,,,,,,,,,,,,,,,,,,,,,,,,,,,,,,,,,,,,,,,,,345.0,,,,,479.0,43.0,0.19551,327.585,32.0,13.0,,,,,,8.0,0.0,2.0,3.0,3.0,1.0,16.0,,37.0,74.0,1.0,2.0,13.0,323.0,188.0,54.0,81.0,12.0,334.0,3.0,3.0,2.0,0.0,5820.0,0.0,1.0,7.0,1.0,3.0,2.0,1.0,1.0,1.0,0.0,2.0,3.0,3.0,3.0,3.0,2.0,0.0,0.179367937,0.807580758,2.924292429,2.788278828,0.126813628,1.915759408,15.2272452,9.365546253,1.768958874,0.222538834,42.69277498,85.38554995,1.344169852,0.571589555,2.660512235,11.51004103,1050.842544,350.0,210.0,42.43276189,85.4437779,365.4943149,2.465246525,3.680868087,2.711771177,1.283628363,0.158965897,21.49966558,5873.319082,0.476142843,4.081224367,3.77513254,3.928178454,2.703811143,1.360408122,0.527158147,0.147944383,345.4893578,,,,,,,,,,,,,,,,,,,,,,,,,,,,,,,,,,,,,,,,,,,,,,,,,,,,,,,,,,,,,,,,,,,,,,1.0,,,,1.0,1.0,,,,,
111.0,7.93,137.08,8.06,,,,,,,,,,,,,,,,,,,,,,,,,,,,,,,,,,,,,1.0,7.0,7.0,101.0,,,,,,,14.0,,,,,,,,,,,,,,,,,,,,,,,,,,,,,,,,,,,,,,,,,,,17.0,,,ATL,22,,,,,,,,,,,,,,,,,,,,,,,,,,,,,,,,,,,,,,,,,,,,,,,,,,,,,,,,,,,,,,1.0,,,,,,,,,,,,,,,,,,,,,,,,,,,,,,,,,,,,,,,,,,,,,,,,,,,,,,,,,,,,,,,,,,,,,,,,,,,,,,,,,,,,,,,,,,,,,,,6.0,9.0,3.0,7.0,11.0,4.0,12.0,14.0,2.0,25.0,34.0,9.0,26.0,26.0,,6.0,9.0,3.0,973.0,452.0,1425.0,188.0,90.0,42.0,32.0,12.0,2.0,88.0,43.0,20.0,15.0,5.0,280.0,137.0,65.0,50.0,21.0,6.0,4.540544992,6.572275935,2.031730943,7.349418914,9.142621474,1.79320256,16.26372752,16.82112207,0.557394553,28.15369143,32.53601948,4.382328055,40.57390925,42.35876289,1.784853641,4.540544992,6.572275935,2.031730943,1063.825106,207.1294227,1270.954529,,,,,,,,,,,,,2.0,,,,,,,,
127.0,9.07,91.36,6.53,132.0,30.0,4.0,1.0,79.0,36.0,14.0,10.0,2.0,,21.0,7.0,,,,,3.18181818,36.0,21.0,1.0,54.0,25.0,10.0,8.0,1.0,48.0,314.0,8.16666667,,1.0,1.0,1.0,1.0,1.0,1.0,1.0,2.0,4.0,10.0,32.0,4.0,,,,,,14.0,25.0,13.0,122.1077767,35.18142521,3.221478597,0.154910812,99.0,49.0,24.0,19.0,9.0,24.0,12.0,0.238876728,0.167213709,0.644258497,0.021986071,4.084493659,6.077278751,0.506948027,0.028603321,0.035110237,0.02294454,17.0,8.0,4.0,3.0,1.0,12.75995679,0.03886243,0.001201931,16.96675016,6.751932228,0.183514133,0.005508909,1.133569668,0.118455191,1.252024859,0.521442047,0.066334907,0.587776954,0.587776954,14.17647059,28.73244553,4.341803124,MIA,32,2.0,,,,,,,,,,,,,,,,,,,,,,,,,,,,,1.0,,,,,,,,,,,,,,,,,,,,,,,,,,,,,,,,1.0,,,,1.0,,,,,,,,,,,,,,,,,,,,,,,,,,,,,,,,,,,,,,,,,,,,,,,,,,,,,,,,,,,,,,,,,,,,,,,,,,,,,,,,,,,,,,,,,,,,,,,,,,,,,,,,,,,,,,,,,,,,,,,,,,,,,,,,,,,,,,,,,,,,,,,,,,,,,,,,,,,,,,,,,,,,,,,,,,
166.0,11.07,109.67,7.31,3.0,0.4,,,,,,,,,,,,,,,2.0,55.0,47.4,8.0,135.0,63.0,29.0,19.0,6.0,91.0,306.0,12.92727273,,,,,,,,1.0,1.0,10.0,5.0,48.0,,,,,2.0,3.0,15.0,,32.0,2.223599097,0.885358883,0.068228043,0.003796387,2.0,1.0,,,,,,0.004082819,0.002857973,0.000366267,1.24993e-05,6.019314871,33.23593436,3.253944468,0.164509277,0.17481911,0.114244289,100.0,50.0,25.0,20.0,10.0,39.29578022,0.408158436,0.012623457,63.79545908,12.78633794,0.168305664,0.003653705,0.044471982,0.785915604,0.830387586,0.020457112,0.440112738,0.46056985,0.46056985,15.11764706,2.709878,22.99325881,LAC,40,6.0,,,,,2.0,,,,,,,,,,,,,,,,,,,,,,,,,,,,,,,,,,,,,,,,,,,,,,,,,,,,,,2.0,2.0,,1.0,1.0,1.0,,,,,,,,,,,,,,,,,,,,,,,,,,,,,,,,,,,,,,,,,,,,,,,,,,,,,,,,,,,,,,,,,,,,,,,,,,,,,,,,,,,,,,,,,,,,,,,,,,,,,,,,,,,,,,,,,,,,,,,,,,,,,,,,,,,,,,,,,,,,,,,,,,,,,,,,,,,,,,,,,,,,,,,,,,,
295.0,17.35,192.4,14.8,67.0,12.47058824,1.0,,38.0,16.0,4.0,3.0,,,6.0,,,,,,3.1641791,,,,,,,,,,,,48.0,6.0,3.0,8.0,2.0,4.0,16.0,1.0,2.0,14.0,3.0,216.0,1.0,,,,,,17.0,23.0,,48.89125026,13.87453541,2.448568234,0.133218465,36.0,18.0,9.0,7.0,3.0,9.0,4.0,0.092781157,0.06494681,0.108830469,0.003713966,3.689186906,,,,,,,,,,,,,,,,1.013431205,0.048937737,0.977825005,,11.12221288,0.449799502,,5.319105681,17.90813432,13.0,12.4703899,,SEA,9,,,,,,,,,,,545.0,361.0,184.0,254.05882353,35.0,859.0,424.0,208.0,165.0,76.0,34.0,64.0,29.0,31.0,11.0,4.0,2.0,12.0,0.66238532,3.0,18.0,8.0,3.0,207.0,470.1673777,292.008855,178.1585227,240.4945637,17.0504389,625.0,312.0,156.0,125.0,62.0,31.0,58.0,29.0,2.547452279,1.664760065,2.512540121,0.339378291,0.88021274,12.58902864,0.621074258,37.05201596,10.14438787,4.869306179,153.5890481,,,,1.0,,,,,,,,,,,3.0,,,2.0,,,,,,,,,,,,,,,,,,,,,,,,,,,,,,,,,,,,,,,,,,,,,,,,,,,,,,,,,,,,,,,,,,,,,,,,,,,,,,,,,,,,,,,,,,,,,,,,,,,,,,,,,,,,,,,,,,,,,,,,,,,,,,,,,,,,,,,,,,,,,,,,,,,,,,,,,,,,,,,,
162.0,9.53,133.62,7.86,,,,,,,,,,,,,,,,,,,,,,,,,,,,,,,,,,,,,,10.0,7.0,144.0,,,,,,,17.0,,,,,,,,,,,,,,,,,,,,,,,,,,,,,,,,,,,,,,,,,,,17.0,,,TB,5,,,,,,,,,,,,,,,,,,,,,,,,,,,,,,,,,,,,,,,,,,,,,,,,,,,,,,,,,,,,,,,,,,,,,,,,,,,,,,,,,,,,,,,,,,,,,,,,,,,,,,,,,,,,,,,,,,,,,,,,,,,,,,,,,,,,,,,,,,,,,,,,,,,,,,,,,,,,,8.0,10.0,2.0,4.0,4.0,,18.0,18.0,,30.0,32.0,2.0,54.0,56.0,2.0,8.0,10.0,2.0,1099.0,110.0,1209.0,213.0,102.0,47.0,36.0,14.0,4.0,22.0,10.0,4.0,4.0,2.0,235.0,112.0,52.0,41.0,16.0,4.0,4.606464865,6.602429971,1.995965106,7.445859336,9.184568425,1.738709089,16.45374392,16.89829849,0.444554567,28.50606812,32.68529689,4.179228763,35.62490967,36.92877815,1.303868472,4.606464865,6.602429971,1.995965106,1077.42509,199.3606618,1276.785752,,,,,,,,,,,,,,,,,,,,,
86.0,5.38,39.64,2.83,84.0,26.25,4.0,,79.0,36.0,15.0,12.0,4.0,,13.0,4.0,,,,,5.0,15.0,9.5,,30.0,13.0,5.0,4.0,2.0,16.0,107.0,10.13333333,,,,3.0,,1.0,1.0,,2.0,6.0,10.0,24.0,3.0,1.0,,,,,16.0,18.0,7.0,45.34823014,13.85144365,1.636119045,0.050236463,39.0,19.0,9.0,7.0,3.0,9.0,4.0,0.08528436,0.059699052,0.101966677,0.003479731,4.330148782,2.869221121,0.254800006,0.011245215,0.041505913,0.027124114,8.0,4.0,2.0,1.0,,5.557373221,0.021171587,0.000654791,7.250039495,7.319182502,0.061481678,0.001837114,0.371944625,0.045581384,0.41752601,0.171094528,0.025525575,0.196620103,0.196620103,14.17647059,12.67708212,1.410488929,SF,47,,1.0,163.0,15.0,4.0,,,,,,,,,,,,,,,,,,,,,,,,,,,,,,,,,,,,,,,,,,,,,,,,,,,,,,,,,2.0,,,,,,,,,,,,,,,,,,,,,,,,,,,,,,,,,,,,,,,,,,,,,,,,,,,,,,,,,,,,,,,,,,,,,,,,,,,,,,,,,,,,,,,,,,,,,,,,,,,,,,,,,,,,,,,,,,,,,,,,,,,,,,,,,,,,,,,,,,,,,,,,,,,,,,,,,,,,,,,,,,,,,,,,,,,,,,
43.0,2.53,88.05,5.18,,,,,,,,,,,,,,,,,,,,,,,,,,,,,,,,,,,,652.0,1129.0,4.0,13.0,,,,,,,,17.0,,,,,,,,,,,,,,,,,,,,,,,,,,,,,,,,,,,,,,,,,,,17.0,,,LV,29,,,680.0,62.0,22.0,,0.39246282,1503.289775,150.0,60.0,,,,,,,,,,,,,,,,,,,,,,,,,,,,,,,,,,,,,,,,,,,,,,,,,,,,477.0,,,,,264.0,21.0,0.171,276.0,27.0,11.0,,,,,,3.0,0.0,0.0,3.0,2.0,1.0,10.0,,38.0,76.0,1.0,1.0,6.0,370.0,218.0,78.0,81.0,6.0,414.0,1.0,3.0,6.0,2.0,5663.0,0.0,0.0,6.0,5.0,3.0,2.0,1.0,0.0,0.0,0.0,0.0,3.0,2.0,1.0,3.0,6.0,2.0,0.132546981,0.594762095,2.328068772,2.447021192,0.11565568,1.886013229,12.29438929,8.596402331,1.746976411,0.216502918,40.19268554,80.38537109,1.319162271,0.566850958,2.565131729,12.30968276,1076.650139,358.0,215.0,45.87792487,60.8539485,385.3223637,2.464014394,3.976409436,3.177728908,1.665333866,0.214114354,22.66602139,5963.787405,0.399440084,3.56946458,3.594960756,4.028395741,2.983052542,1.614757786,0.628905664,0.181022847,350.8110239,,,,,,,,,,,,,,,,,,,,,,,,,,,,,,,,,,,,,,,,,,,,,,,,,,,,,,,,,,,,,,,,,,,,,,,,,,,,,,,,
310.0,18.24,282.7,18.85,2.0,0.35294118,,,2.0,1.0,,,,,,,,,,,3.0,115.0,74.29411765,12.0,247.0,120.0,55.0,42.0,18.0,141.0,412.0,10.9826087,,,,1.0,,1.0,1.0,4.0,4.0,15.0,2.0,78.0,,,,,,1.0,17.0,1.0,74.0,4.485934292,1.932000627,0.259876,0.010887558,5.0,2.0,1.0,1.0,,,,0.008246905,0.005772834,0.001995489,6.80984e-05,6.510863001,83.58213563,7.365404316,0.443491632,0.2134184,0.139468925,252.0,126.0,63.0,50.0,25.0,109.5557668,4.383510461,0.135572488,152.8484439,11.5335346,0.45437919,0.006142909,0.054917483,1.341198204,1.396115687,0.025262042,0.751070994,0.776333036,0.776333036,15.11764706,3.524456552,61.67766359,DET,2,17.0,1.0,,,,9.0,,,,,1.0,1.0,,0.41176471,1.0,1.0,,,,,,,,,,,,,1.0,,1.0,,,1.0,,,,,,,,,,,,,,,,,,,,,,,,,,4.0,4.0,,1.0,1.0,3.0,1.0,15.0,1.0,,,,,,,,,1.0,,,,,,,,,,,,,,,,,,,,,,,,,,,,,,,,,,,,,,,,,,,,,,,,,,,,,,,,,,,,,,,,,,,,,,,,,,,,,,,,,,,,,,,,,,,,,,,,,,,,,,,,,,,,,,,,,,,,,,,,,,,,,,,,,,,,,,,,,,,,,,,,,,,,,,,,,,,,,,,
233.0,16.64,255.41,18.24,303.0,102.21428571,11.0,,281.0,135.0,64.0,51.0,22.0,9.0,55.0,26.0,2.0,2.0,7.0,1.0,4.72277228,18.0,9.71428571,1.0,23.0,10.0,3.0,2.0,,31.0,150.0,7.55555556,,2.0,2.0,3.0,1.0,1.0,1.0,1.0,1.0,6.0,8.0,72.0,7.0,,2.0,,,,14.0,71.0,7.0,261.759825,82.84178487,9.781451412,0.345452384,234.0,117.0,58.0,46.0,23.0,52.0,26.0,0.54905224,0.384336568,3.600761099,0.122880162,4.486571332,22.55682083,1.444161118,0.105231044,0.055473526,0.036251949,63.0,31.0,15.0,12.0,6.0,41.34301646,0.140312871,0.004339573,53.23176511,7.734706716,0.450683428,0.010460395,2.053091952,0.324270596,2.377362547,0.944422298,0.181591534,1.126013831,1.126013831,14.17647059,64.92095511,17.68243742,IND,12,,1.0,,,,1.0,,,,,,,,,,,,,,,,,,,,,,,,1.0,,,,,,,,,,,,,,,,,,,,,,,,,,,,,,,,,,,,,,,,,,,,,,,,,,,,,,,,,,,,,,,,,,,,,,,,,,,,,,,,,,,,,,,,,,,,,,,,,,,,,,,,,,,,,,,,,,,,,,,,,,,,,,,,,,,,,,,,,,,,,,,,,,,,,,,,,,,,,,,,,,,,,,,,,,,,,,,,,,,,,,,,,,,,,,,,,,,,,,,,,,,,,,
204.0,17.0,228.77,15.25,,,,,,,,,,,,,,,,,,68.0,83.83333333,7.0,196.0,94.0,42.0,35.0,15.0,99.0,365.0,14.79411765,,,,,,,,1.0,2.0,8.0,4.0,42.0,,,,,,1.0,12.0,,48.0,,,,,,,,,,,,,,,,,70.71615894,7.525567272,0.356335341,0.301727896,0.19717918,213.0,106.0,53.0,42.0,21.0,78.10603886,2.973363877,0.091959708,118.4047988,13.68731468,0.356335341,0.004824041,,1.096372928,1.096372928,,0.61396884,0.61396884,0.61396884,15.11764706,,49.21108865,HOU,23,8.0,,,,,5.0,,,,,,,,,,,,,,,,,,,,,,,,,,,,,,,,,,,,,,,,,,,,,,,,,,,,,,4.0,4.0,1.0,1.0,1.0,1.0,,,,,,,,,,,,,,,,,,,,,,,,,,,,,,,,,,,,,,,,,,,,,,,,,,,,,,,,,,,,,,,,,,,,,,,,,,,,,,,,,,,,,,,,,,,,,,,,,,,,,,,,,,,,,,,,,,,,,,,,,,,,,,,,,,,,,,,,,,,,,,,,,,,,,,,,,,,,,,,,,,,,,,,,,,,
182.0,12.13,224.17,14.94,,,,,,,,,,,,,,,,,,66.0,66.13333333,5.0,190.0,90.0,42.0,33.0,13.0,108.0,263.0,15.03030303,,,,2.0,,2.0,2.0,,,10.0,5.0,30.0,,,,,,2.0,15.0,,35.0,,,,,,,,,,,,,,,,,70.59987373,8.177823142,0.438883968,0.313776353,0.205052846,213.0,106.0,53.0,42.0,21.0,69.38105843,2.960946469,0.091575664,116.999766,15.38321838,0.438883968,0.0046655,,1.060340974,1.060340974,,0.593790945,0.593790945,0.593790945,15.11764706,,47.44061789,PIT,32,4.0,2.0,,,,,,,,,,,,,,,,,,,,,,,,,,,,,,,,,,,,,,,,,,,,,,,,,,,,,,,,,,3.0,3.0,,2.0,2.0,1.0,1.0,,,,,,,,,,,2.0,,,,,,,,,,,,,,,,,,,,,,,,,,,,,,,,,,,,,,,,,,,,,,,,,,,,,,,,,,,,,,,,,,,,,,,,,,,,,,,,,,,,,,,,,,,,,,,,,,,,,,,,,,,,,,,,,,,,,,,,,,,,,,,,,,,,,,,,,,,,,,,,,,,,,,,,,,,,,,,
6.0,2.0,138.94,13.89,9.0,7.33333333,,,4.0,1.0,,,,,1.0,,,,,,2.44444444,3.0,7.66666667,,4.0,2.0,1.0,,,3.0,31.0,7.66666667,,,,,,,,,,,3.0,,,,,,,,3.0,,2.0,143.3125433,61.31019293,4.835644621,0.24765019,131.0,65.0,32.0,26.0,13.0,28.0,14.0,0.289723408,0.202806386,1.45971172,0.049814361,4.580057666,16.252195,0.831199494,0.044036895,0.036734551,0.024006029,34.0,17.0,8.0,6.0,3.0,23.61920926,0.065668026,0.00203097,30.17991242,7.366634746,0.291687085,0.006024341,1.175444555,0.193723943,1.369168498,0.540704495,0.108485408,0.649189903,0.649189903,10.70588235,36.05900982,9.642371458,CAR,113,,,,,,,,,,,,,,,,,,,,,,,,,,,,,,,,,,,,,,,,,,,,,,,,,,,,,,,,,,,,,,,,,,,,,,,,,,,,,,,,,,,,,,,,,,,,,,,,,,,,,,,,,,,,,,,,,,,,,,,,,,,,,,,,,,,,,,,,,,,,,,,,,,,,,,,,,,,,,,,,,,,,,,,,,,,,,,,,,,,,,,,,,,,,,,,,,,,,,,,,,,,,,,,,,,,,,,,,,,,,,,,,,,,,,,,,,,,,
124.0,7.29,166.99,11.13,,,,,,,,,,,,,,,,,,47.0,35.41176471,4.0,115.0,53.0,23.0,17.0,6.0,74.0,272.0,12.80851064,,,,,,,,,,8.0,9.0,24.0,,,,,2.0,,17.0,,22.0,,,,,,,,,,,,,,,,,54.35026586,4.182610248,0.212295636,0.22553312,0.147385894,164.0,82.0,41.0,32.0,16.0,59.847988,1.499048344,0.04636232,98.05644555,13.72891828,0.212295636,0.001507889,,0.342701992,0.342701992,,0.191913116,0.191913116,0.191913116,15.11764706,,36.85978742,ATL,15,2.0,,,,,,,,,,,,,,,,,,,,,,,,,,,,,,,,,,,,,,,,,,,,,,,,,,,,,,,,,,,,,,1.0,,,1.0,,,,,,,,,,,,,,,,,,,,,,,,,,,,,,,,,,,,,,,,,,,,,,,,,,,,,,,,,,,,,,,,,,,,,,,,,,,,,,,,,,,,,,,,,,,,,,,,,,,,,,,,,,,,,,,,,,,,,,,,,,,,,,,,,,,,,,,,,,,,,,,,,,,,,,,,,,,,,,,,,,,,,,,,,,
104.0,8.67,174.75,12.48,84.0,26.0,4.0,,59.0,26.0,12.0,7.0,1.0,,13.0,4.0,,,,,3.71428571,30.0,18.66666667,1.0,40.0,18.0,7.0,6.0,2.0,35.0,255.0,7.46666667,,,1.0,1.0,,,,2.0,2.0,1.0,11.0,30.0,3.0,1.0,,,1.0,,12.0,19.0,9.0,124.1188492,38.37926623,3.296262142,0.18997518,108.0,54.0,27.0,21.0,10.0,24.0,12.0,0.243039018,0.170127312,0.76435694,0.02608457,4.383560937,28.39607958,1.795733016,0.089980797,0.057886071,0.037828547,80.0,40.0,20.0,16.0,8.0,49.8271174,0.22572647,0.006981231,66.27736329,8.079058311,0.279955977,0.005776996,0.936855822,0.376097791,1.312953613,0.430953678,0.210614763,0.641568441,0.641568441,14.17647059,30.44109624,22.04275696,TEN,41,1.0,,198.0,17.0,5.0,,0.176671389,579.7029937,57.0,23.0,,,,,,,,,,,,,,,,,,,,,,,,,,,,,,,,,,,,,,,,,,,,,,,,,,,,,,,,,,,,,,,,,,,,,,,,,,,,,,,,,,,,,,,,,,,,,,,,,,,,,,,,,,,,,,,,,,,,,,,,,,,,,,,,,,,,,,,,,,,,,,,,,,,,,,,,,,,,,,,,,,,,,,,,,,,,,,,,,,,,,,,,,,,,,,,,,,,,,,,,,,,,,,,,,,,,,,,,,,,,,,,,,,
55.0,3.24,130.15,7.66,,,,,,,,,,,,,,,,,,,,,,,,,,,,,,,,,,,,659.0,1079.0,6.0,11.0,,,,,,,,17.0,,,,,,,,,,,,,,,,,,,,,,,,,,,,,,,,,,,,,,,,,,,17.0,,,SF,27,,,884.0,83.0,29.0,,0.380187564,1348.972803,134.0,53.0,,,,,,,,,,,,,,,,,,,,,,,,,,,,,,,,,,,,,,,,,,,,,,,,,,,,420.0,,,,,294.0,24.0,0.171,276.0,27.0,11.0,,,,,,6.0,0.0,0.0,3.0,0.0,1.0,11.0,2.0,37.0,74.0,1.0,2.0,13.0,353.0,210.0,70.0,72.0,5.0,436.0,3.0,5.0,2.0,3.0,5396.0,0.0,1.0,6.0,3.0,5.0,2.0,0.0,0.0,0.0,0.0,0.0,3.0,0.0,3.0,5.0,2.0,3.0,0.291929508,1.319214979,4.357664964,3.608691299,0.114763889,1.867744834,14.82473927,8.768537035,1.717854627,0.214530562,42.86403207,85.72806414,1.305005061,0.562739773,2.533696287,11.61252997,1058.622555,352.0,211.0,38.4770685,84.39683245,328.5102571,2.468208671,2.97036147,1.59156904,0.365975768,0.0263843,19.32413277,5665.922998,0.681021532,5.448172258,4.256384577,3.660490736,1.957936905,0.681021532,0.255383075,0.059589384,333.2895881,,,,,,,,,,,,,,,,,,,,,,,,,,,,,,,,,,,,,,,,,,,,,,,,,,,,,,,,,,,,,,,,,,,,,,,,,1.0,1.0,1.0,,,,,
142.0,14.2,217.85,14.52,17.0,7.1,1.0,,11.0,4.0,,,,,,,,,,,4.17647059,,,,,,,,,,,,8.0,2.0,1.0,3.0,,,5.0,,,5.0,5.0,96.0,1.0,,,,,,10.0,4.0,,30.90624323,5.533777274,0.489273638,0.02816238,16.0,8.0,4.0,3.0,1.0,6.0,3.0,0.057759464,0.040431625,0.019657576,0.000670838,2.685757001,,,,,,,,,,,,,,,,1.05591682,0.034271963,0.410079425,,7.789082393,0.188636536,,3.73055796,14.87371546,15.0,6.873379911,,NO,26,,,,,,,,,,,279.0,189.0,90.0,214.5,15.0,424.0,209.0,103.0,80.0,37.0,17.0,33.0,14.0,14.0,5.0,6.0,4.0,5.0,0.67741935,,4.0,4.0,1.0,93.0,523.238471,346.438434,176.8000371,254.1870942,20.58605403,762.0,381.0,190.0,152.0,76.0,38.0,69.0,34.0,3.257165701,2.128557786,3.578892288,0.483414509,1.02775444,11.1431575,0.662104285,32.89101627,7.379002968,3.541921424,184.8965475,,,,,,,,,,,,,,,,,1.0,,,,,,,,,,,,,,,,,,,,,,,,,,,,,,,,,,,,,,,,,,,,,,,,,,,,,,,,,,,,,,,,,,,,,,,,,,,,,,,,,,,,,,,,,,,,,,,,,,,,,,,,,,,,,,,,,,,,,,,,,,,,,,,,,,,,,,,,,,,,,,,,,,,,,,,,,,,,,,,,,
167.0,9.82,82.25,5.88,192.0,49.35294118,5.0,,161.0,77.0,36.0,27.0,10.0,3.0,32.0,11.0,1.0,,3.0,,4.36979167,38.0,16.70588235,1.0,49.0,20.0,7.0,6.0,1.0,53.0,281.0,7.47368421,,1.0,2.0,5.0,2.0,2.0,2.0,1.0,1.0,3.0,14.0,36.0,3.0,,,1.0,,,17.0,39.0,13.0,73.06165074,21.58105254,1.816243609,0.088102703,61.0,30.0,15.0,12.0,6.0,14.0,7.0,0.139357894,0.097550526,0.242978057,0.008291909,4.187465701,10.58901746,0.780604326,0.044470506,0.03721244,0.024318329,30.0,15.0,7.0,6.0,3.0,21.86411057,0.058434389,0.001807249,28.49459366,6.865812996,0.13257321,0.003425742,0.599249149,0.179328684,0.778577832,0.275654608,0.100424063,0.376078671,0.376078671,14.17647059,18.1949996,8.292622903,NYG,27,2.0,2.0,61.0,5.0,2.0,1.0,0.045327967,148.732392,14.0,5.0,,,,,,,,,,,,,,,,,,,,1.0,,,,,,,,,,,,,,,,,,,,,,,,,,,,,,,,,,,,,,,,,,,,,,,,,,,,,,,,,,,,,,,,,,,,,,,,,,,,,,,,,,,,,,,,,,,,,,,,,,,,,,,,,,,,,,,,,,,,,,,,,,,,,,,,,,,,,,,,,,,,,,,,,,,,,,,,,,,,,,,,,,,,,,,,,,,,,,,,,,,,,,,,,,,,,,,,,,,,,,,,,,,,,,
204.0,12.75,239.44,15.96,30.0,2.5625,,,9.0,3.0,,,,,1.0,,,,,,1.36666667,,,,,,,,,,,,28.0,3.0,2.0,6.0,,2.0,10.0,,,10.0,6.0,120.0,,,,,,,16.0,10.0,,25.69903484,4.546150917,0.978507847,0.048628992,13.0,6.0,3.0,2.0,1.0,5.0,2.0,0.047876486,0.03351354,0.0131647,0.000449261,2.653495128,,,,,,,,,,,,,,,,1.28906492,0.022679536,0.222732108,,5.154440018,0.10245677,,2.469676567,14.85840944,15.0,6.421537585,,LAR,19,,,,,,,,,,,517.0,340.0,177.0,235.125,20.0,746.0,370.0,181.0,141.0,67.0,29.0,60.0,26.0,28.0,8.0,1.0,1.0,8.0,0.65764023,1.0,9.0,7.0,2.0,176.0,533.9950102,346.7587264,187.2362838,270.3988826,23.14297405,811.0,405.0,202.0,162.0,81.0,40.0,69.0,34.0,3.653731624,2.387713616,4.548871951,0.614433328,1.240435928,12.38873287,0.649366979,35.02997024,4.93170791,2.367219797,191.7612727,,,,,,,,,,,,,,,2.0,,,1.0,,,,,,,,,,,,,,,,,,,,,,,,,,,,,,,,,,,,,,,,,,,,,,,,,,,,,,,,,,,,,,,,,,,,,,,,,,,,,,,,,,,,,,,,,,,,,,,,,,,,,,,,,,,,,,,,,,,,,,,,,,,,,,,,,,,,,,,,,,,,,,,,,,,,,,,,,,,,,,,,
128.0,9.85,115.96,7.73,4.0,3.30769231,,,7.0,2.0,,,,,,,,,,,10.75,37.0,35.46153846,8.0,89.0,41.0,16.0,14.0,5.0,58.0,133.0,12.45945946,,,,,,,,1.0,1.0,9.0,4.0,48.0,,,,,4.0,2.0,13.0,3.0,23.0,,,,,,,,,,,,,,,,,35.37933418,3.279989398,0.153883079,0.155945307,0.101910258,106.0,53.0,26.0,21.0,10.0,43.47804112,0.464082497,0.014353067,69.93203074,12.30166478,0.153883079,0.00203258,,0.461949952,0.461949952,,0.258691973,0.258691973,0.258691973,15.11764706,,24.85073628,TB,54,4.0,,,,,,,,,,,,,,,,,,,,,,,,,,,,,,,,,,,,,,,,,,,,,,,,,,,,,,,,,,,,,,,,,2.0,12.0,1.0,,,,,,,,,,,,,,,,,,,,,,,,,,,,,,,,,,,,,,,,,,,,,,,,,,,,,,,,,,,,,,,,,,,,,,,,,,,,,,,,,,,,,,,,,,,,,,,,,,,,,,,,,,,,,,,,,,,,,,,,,,,,,,,,,,,,,,,,,,,,,,,,,,,,,,,,,,,,,,,,,,,,,,,,
136.0,13.6,170.73,11.38,,,,,,,,,,,,,,,,,,48.0,61.5,5.0,119.0,58.0,27.0,19.0,7.0,62.0,152.0,12.8125,,,,,,,,1.0,1.0,3.0,7.0,30.0,,,,,1.0,1.0,10.0,,28.0,,,,,,,,,,,,,,,,,46.74477832,4.609640527,0.244292139,0.110099058,0.071949734,141.0,70.0,35.0,28.0,14.0,73.96814257,0.991364552,0.030660759,100.1641669,9.553721859,0.244292139,0.005576868,,1.267469934,1.267469934,,0.709783163,0.709783163,0.709783163,15.11764706,,37.08223878,CAR,50,6.0,,,,,1.0,,,,,,,,,,,,,,,,,,,,,,,,,,,,,,,,,,,,,,,,,,,,,,,,,,,,,,2.0,2.0,,1.0,,,1.0,,,,,,,,,,,,,,,,,,,,,,,,,,,,,,,,,,,,,,,,,,,,,,,,,,,,,,,,,,,,,,,,,,,,,,,,,,,,,,,,,,,,,,,,,,,,,,,,,,,,,,,,,,,,,,,,,,,,,,,,,,,,,,,,,,,,,,,,,,,,,,,,,,,,,,,,,,,,,,,,,,,,,,,,,,
53.0,3.12,42.76,2.85,,,,,,,,,,,,,,,,,,27.0,14.17647059,1.0,45.0,20.0,8.0,6.0,2.0,36.0,97.0,8.92592593,,,,,,,,3.0,5.0,7.0,10.0,6.0,,,,,,1.0,17.0,,11.0,,,,,,,,,,,,,,,,,11.32422899,1.543958171,0.074835466,0.108390717,0.070833333,34.0,17.0,8.0,6.0,3.0,16.5542147,0.064884277,0.00200673,24.36715047,10.34151726,0.074835466,0.000834177,,0.189585734,0.189585734,,0.106168011,0.106168011,0.106168011,15.11764706,,7.975795683,DAL,43,3.0,,,,,,,,,,,,,,,,,,,,,,,,,,,,,,,,,,,,,,,,,,,,,,,,,,,,,,,,,,,,,2.0,,,,,,,,,,,,,,,,,,,,,,,,,,,,,,,,,,,,,,,,,,,,,,,,,,,,,,,,,,,,,,,,,,,,,,,,,,,,,,,,,,,,,,,,,,,,,,,,,,,,,,,,,,,,,,,,,,,,,,,,,,,,,,,,,,,,,,,,,,,,,,,,,,,,,,,,,,,,,,,,,,,,,,,,,,,,,,
81.0,4.76,127.12,7.48,,,,,,,,,,,,,,,,,,,,,,,,,,,,,,,,,,,,683.0,1130.0,7.0,10.0,,,,,,,,17.0,,,,,,,,,,,,,,,,,,,,,,,,,,,,,,,,,,,,,,,,,,,17.0,,,DAL,17,,,1091.0,103.0,37.0,,0.333729096,1571.319938,157.0,62.0,,,,,,,,,,,,,,,,,,,,,,,,,,,,,,,,,,,,,,,,,,,,,,,,,,,,447.0,,,,,188.0,17.0,0.13851,265.7659091,26.0,10.0,,,,,,9.0,0.0,0.0,0.0,4.0,1.0,13.0,1.0,52.0,104.0,1.0,4.0,18.0,371.0,218.0,51.0,70.0,4.0,456.0,1.0,5.0,4.0,2.0,6039.0,0.0,0.0,5.0,3.0,2.0,4.0,3.0,0.0,0.0,0.0,0.0,0.0,4.0,1.0,5.0,4.0,2.0,0.282539047,1.276531838,4.238085703,3.540248298,0.111502625,1.867651032,12.9480283,8.904276674,1.731395721,0.213995647,45.80878686,91.61757371,1.303561785,0.564089247,2.451392752,13.23404812,1062.112146,354.0,212.0,35.2687174,70.22742147,329.7927541,2.467961554,3.029635563,1.685022026,0.442531037,0.037444934,19.39957377,5574.282928,0.783645656,6.132879046,4.497444634,3.526405451,1.584327087,0.340715503,0.119250426,0.015332198,327.8989957,,,,,,,,,,,,,,,,,,,,,,,,,,,,,,,,,,,,,,,,,,,,,,,,,,,,,,,,,,,,,2.0,,,,,,,,,1.0,,,,1.0,1.0,,,,,
133.0,7.82,143.43,8.44,,,,,,,,,,,,,,,,,,,,,,,,,,,,,,,,,,,,,,14.0,3.0,131.0,,,,,,,17.0,,,,,,,,,,,,,,,,,,,,,,,,,,,,,,,,,,,,,,,,,,,17.0,,,PHI,13,,,,,,,,,,,,,,,,,,,,,,,,,,,,,,,,,,,,,,,,,,,,,,,,,,,,,,,,,,,,,,,,,,,,,,,,,,,,,,,,,,,,,,,,,,,,,,,,,,,,,,,,,,,,,,,,,,,,,,,,,,,,,,,,,,,,,,,,,,,,,,,,,,,,,,,,,,,,,1.0,7.0,6.0,8.0,9.0,1.0,19.0,20.0,1.0,28.0,36.0,8.0,47.0,48.0,1.0,1.0,6.0,5.0,971.0,359.0,1330.0,189.0,90.0,39.0,35.0,14.0,2.0,70.0,33.0,14.0,12.0,5.0,262.0,126.0,57.0,48.0,20.0,5.0,4.71015382,6.564805377,1.854651557,7.584185587,9.132229262,1.548043675,16.63398186,16.80200188,0.168020019,28.92832127,32.49903652,3.57071525,43.21370563,44.09561799,0.88191236,4.71015382,6.564805377,1.854651557,1094.656114,174.85375,1269.509864,,,,,,,,,1.0,1.0,,,,,,,,,,,
209.0,12.29,297.81,19.85,8.0,3.11764706,,,9.0,3.0,,,,,,,,,,,6.625,81.0,56.41176471,6.0,186.0,89.0,42.0,29.0,11.0,123.0,292.0,11.83950617,,,,,,,,2.0,2.0,8.0,9.0,36.0,,,,,1.0,,17.0,2.0,54.0,4.121341761,1.651478139,0.264375219,0.011803866,4.0,2.0,1.0,,,,,0.007575163,0.005302614,0.001435899,4.90017e-05,6.057848411,94.97808314,7.719455031,0.404122656,0.331227482,0.216457159,287.0,143.0,71.0,57.0,28.0,105.7998521,5.647981941,0.174679854,155.2575483,13.57133409,0.415926522,0.007002479,0.059670039,1.531802429,1.591472468,0.027448218,0.85780936,0.885257578,0.885257578,15.11764706,3.36246725,65.71714795,MIA,19,9.0,,,,,4.0,,,,,,,,,,,,,,,,,,,,,,,,,,,,,,,,,,,,,,,,,,,,,,,,,,,,,,3.0,3.0,,1.0,1.0,1.0,,31.0,2.0,,,,,,,,,,,,,,,,,,,,,,,,,,,,,,,,,,,,,,,,,,,,,,,,,,,,,,,,,,,,,,,,,,,,,,,,,,,,,,,,,,,,,,,,,,,,,,,,,,,,,,,,,,,,,,,,,,,,,,,,,,,,,,,,,,,,,,,,,,,,,,,,,,,,,,,,,,,,,,,,,,,,,,,,
360.0,21.18,277.46,18.5,42.0,11.82352941,2.0,,37.0,14.0,4.0,4.0,1.0,,1.0,,1.0,,,,4.78571429,,,,,,,,,,,,48.0,8.0,2.0,11.0,,5.0,14.0,,,9.0,8.0,270.0,1.0,,,,,,17.0,16.0,,53.0305267,11.60286573,2.574823219,0.151044833,34.0,17.0,8.0,6.0,3.0,10.0,5.0,0.100435609,0.070304927,0.087975278,0.003002259,3.281939607,,,,,,,,,,,,,,,,1.455720179,0.029569124,0.548570893,,6.72025554,0.252342611,,3.214751241,14.57526972,15.0,12.84615243,,CIN,3,,,,,,,,,,,652.0,460.0,192.0,289.29411765,43.0,975.0,484.0,237.0,190.0,92.0,41.0,84.0,37.0,31.0,12.0,9.0,4.0,9.0,0.70552147,4.0,20.0,8.0,1.0,253.0,554.524958,368.8601476,185.6648104,274.7644151,26.76726733,824.0,412.0,206.0,164.0,82.0,41.0,73.0,36.0,3.76586295,2.460991438,4.857064288,0.656062032,1.304675345,11.36051848,0.665182229,42.09380532,6.171684648,2.962408631,200.5892886,,,,,,,,,,,,,,,5.0,2.0,,3.0,,,,,,,,,,,,,,,,,,,,,,,,,,,,,,,,,,,,,,,,,,,,,,,,,,,,,,,,,,,,,,,,,,,,,,,,,,,,,,,,,,,,,,,,,,,,,,,,,,,,,,,,,,,,,,,,,,,,,,,,,,,,,,,,,,,,,,,,,,,,,,,,,,,,,,,,,,,,,,,,
73.0,9.12,245.34,16.36,1.0,0.875,,,1.0,,,,,,,,,,,,7.0,32.0,50.0,1.0,78.0,37.0,17.0,13.0,5.0,44.0,121.0,12.5,,,,1.0,,1.0,1.0,2.0,2.0,2.0,6.0,6.0,,,,,1.0,,8.0,1.0,22.0,,,,,,,,,,,,,,,,,83.62961056,5.605569594,0.280240897,0.309991507,0.20257945,252.0,126.0,63.0,50.0,25.0,86.44974955,4.389858433,0.135768818,138.9159253,14.6244835,0.280240897,0.00525666,,1.194695492,1.194695492,,0.669029475,0.669029475,0.669029475,15.11764706,,55.71120809,NO,93,3.0,1.0,,,,,,,,,,,,,,,,,,,,,,,,,,,,,,,,,,,,,,,,,,,,,,,,,,,,,,,,,,1.0,1.0,,,,,,,,,,,,,,,,1.0,,,,,,,,,,,,,,,,,,,,,,,,,,,,,,,,,,,,,,,,,,,,,,,,,,,,,,,,,,,,,,,,,,,,,,,,,,,,,,,,,,,,,,,,,,,,,,,,,,,,,,,,,,,,,,,,,,,,,,,,,,,,,,,,,,,,,,,,,,,,,,,,,,,,,,,,,,,,,,,
172.0,14.33,210.78,15.06,153.0,47.75,7.0,,109.0,53.0,24.0,18.0,6.0,1.0,26.0,10.0,,,1.0,,3.74509804,46.0,24.91666667,1.0,56.0,25.0,10.0,8.0,2.0,53.0,363.0,6.5,,1.0,1.0,1.0,,,,3.0,3.0,6.0,6.0,48.0,4.0,,3.0,,1.0,,12.0,28.0,19.0,236.6172614,72.43744033,8.622283503,0.428791857,205.0,102.0,51.0,41.0,20.0,47.0,23.0,0.490328359,0.343229851,2.765452103,0.09437427,4.339950671,16.17330776,0.813260396,0.043642746,0.050725266,0.033148961,45.0,22.0,11.0,9.0,4.0,30.60443897,0.086323956,0.002669813,39.20706573,7.491737456,0.472434603,0.00663498,1.335247054,0.172702899,1.507949953,0.614213645,0.096713623,0.710927268,0.710927268,14.17647059,57.54902288,12.48126029,SEA,26,3.0,,,,,,,,,,,,,,,,,,,,,,,,,,,,,,,,,,,,,,,,,,,,,,,,,,,,,,,,,,,,,,,,,,,,,,,,,,,,,,,,,,,,,,,,,,,,,,,,,,,,,,,,,,,,,,,,,,,,,,,,,,,,,,,,,,,,,,,,,,,,,,,,,,,,,,,,,,,,,,,,,,,,,,,,,,,,,,,,,,,,,,,,,,,,,,,,,,,,,,,,,,,,,,,,,,,,,,,,,,,,,,,,,,,,,,,,,,,
26.0,3.25,181.78,12.98,65.0,22.875,1.0,,33.0,16.0,6.0,4.0,1.0,,10.0,3.0,,,,,2.81538462,6.0,3.75,,4.0,2.0,,,,8.0,50.0,5.0,,,2.0,2.0,2.0,2.0,2.0,,,2.0,6.0,6.0,1.0,,,,,,8.0,4.0,2.0,202.4918507,61.46403109,5.318417576,0.255706168,174.0,87.0,43.0,34.0,17.0,40.0,20.0,0.412517241,0.288762069,1.977968185,0.067500465,4.30310171,17.36433709,0.784110013,0.044223778,0.039380821,0.025735366,49.0,24.0,12.0,9.0,4.0,35.35303083,0.094222841,0.002914108,45.57254963,6.963052623,0.299929946,0.008524026,1.649323522,0.28795522,1.937278741,0.75868882,0.161254923,0.919943743,0.919943743,14.17647059,47.76008181,14.01731175,LV,83,,,,,,,,,,,,,,,,,,,,,,,,,,,,,,,,,,,,,,,,,,,,,,,,,,,,,,,,,,,,,,,,,,,,,,,,,,,,,,,,,,,,,,,,,,,,,,,,,,,,,,,,,,,,,,,,,,,,,,,,,,,,,,,,,,,,,,,,,,,,,,,,,,,,,,,,,,,,,,,,,,,,,,,,,,,,,,,,,,,,,,,,,,,,,,,,,,,,,,,,,,,,,,,,,,,,,,,,,,,,,,,,,,,,,,,,,,,,
242.0,14.24,191.0,12.73,5.0,1.52941176,,,3.0,,,,,,,,,,,,5.2,100.0,66.47058824,6.0,218.0,105.0,47.0,38.0,15.0,137.0,477.0,11.3,,,,1.0,,,,4.0,4.0,10.0,7.0,36.0,,,,,3.0,1.0,17.0,1.0,56.0,,,,,,,,,,,,,,,,,58.46902683,4.734437553,0.253961209,0.179070614,0.117022646,176.0,88.0,44.0,35.0,17.0,75.35550832,1.824592385,0.056430692,111.7538602,11.72992036,0.253961209,0.005329405,,1.211228494,1.211228494,,0.678287956,0.678287956,0.678287956,15.11764706,,42.33716483,SEA,10,13.0,1.0,,,,2.0,,,,,1.0,1.0,,2.05882353,,7.0,3.0,1.0,1.0,,,,,,,,,,1.0,,,,,1.0,,,,,,,,,,,,,,,,,,,,,,,,,,3.0,3.0,,,,3.0,,,,0.00855,13.8,1.0,,,,,,,,,,,,,,,,,,,,,,,,,,,,,,,,,,,,,,,,,,,,,,,,,,,,,,,,,,,,,,,,,,,,,,,,,,,,,,,,,,,,,,,,,,,,,,,,,,,,,,,,,,,,,,,,,,,,,,,,,,,,,,,,,,,,,,,,,,,,,,,,,,,,,,,,,,,,,,,,,,,,,
114.0,6.71,113.35,7.56,,,,,,,,,,,,,,,,,,47.0,27.88235294,4.0,87.0,41.0,17.0,13.0,4.0,55.0,181.0,10.08510638,,,,,,,,1.0,1.0,5.0,12.0,26.0,,,,,,,17.0,,25.0,2.085193369,0.048259519,0.032145133,0.001781763,,,,,,,,0.0038284,0.00267988,-3.73744e-06,-1.27545e-07,0.349881398,29.25854184,3.307525412,0.166581151,0.080252438,0.052444968,88.0,44.0,22.0,17.0,8.0,49.67141564,0.282274341,0.008730134,67.37569326,8.904926573,0.168362914,0.002830714,0.025919338,0.617424863,0.643344202,0.011922896,0.345757923,0.357680819,0.357680819,15.11764706,2.247270331,23.72200141,CHI,19,4.0,,,,,3.0,,,,,,,,,,,,,,,,,,,,,,,,,,,,,,,,,,,,,,,,,,,,,,,,,,,,,1.0,,,,,,1.0,1.0,,,,,,,,,,,,,,,,,,,,,,,,,,,,,,,,,,,,,,,,,,,,,,,,,,,,,,,,,,,,,,,,,,,,,,,,,,,,,,,,,,,,,,,,,,,,,,,,,,,,,,,,,,,,,,,,,,,,,,,,,,,,,,,,,,,,,,,,,,,,,,,,,,,,,,,,,,,,,,,,,,,,,,,,,,
270.0,15.88,250.88,16.73,69.0,18.0,2.0,,55.0,24.0,10.0,7.0,1.0,,5.0,,,,,,4.43478261,,,,,,,,,,,,41.0,5.0,2.0,6.0,1.0,2.0,5.0,1.0,1.0,11.0,6.0,150.0,2.0,,,,,,17.0,23.0,,59.60311175,17.09878259,2.438702665,0.135731533,51.0,25.0,12.0,10.0,5.0,11.0,5.0,0.113325421,0.079327794,0.191208742,0.006525221,4.303160209,,,,,,,,,,,,,,,,1.296824618,0.027367213,0.631818819,,6.219821209,0.290636657,,2.972877804,12.68309134,15.0,15.92755068,,LAC,11,,,,,,,,,,,504.0,332.0,172.0,227.64705882,23.0,766.0,378.0,185.0,146.0,66.0,29.0,60.0,26.0,26.0,8.0,3.0,2.0,3.0,0.65873016,2.0,8.0,4.0,6.0,175.0,496.1258904,323.409502,172.7163884,237.4558377,22.96514039,712.0,356.0,178.0,142.0,71.0,35.0,64.0,32.0,2.872303071,1.877050057,2.773814154,0.374669562,1.161093086,9.710213537,0.651869834,31.02259088,5.58800239,2.682241147,174.0147638,,,,,,,,,,,,,,,2.0,,3.0,2.0,,,,,,,,,,,,,,,,,1.0,,,,,,,,,,,,,,,,,,,,,,,,,,,,,,,,,,,,,,,,,,,,,,,,,,,,,,,,,,,,,,,,,,,,,,,,,,,,,,,,,,,,,,,,,,,,,,,,,,,,,,,,,,,,,,,,,,,,,,,,,,,,,,,,,,,,,,,,,,,,,,,
204.0,13.6,160.65,10.71,11.0,4.06666667,1.0,,11.0,4.0,,,,,,,,,,,5.54545455,58.0,66.73333333,7.0,194.0,94.0,44.0,35.0,13.0,91.0,497.0,17.25862069,,,,,,,,3.0,3.0,13.0,2.0,48.0,1.0,,,,,,15.0,5.0,40.0,4.485934292,2.228365915,0.363280117,0.015219694,6.0,3.0,1.0,1.0,,,,0.008246905,0.005772834,0.002691817,9.18614e-05,7.509617225,51.42219101,4.20418836,0.253147288,0.250498532,0.163700791,155.0,77.0,38.0,31.0,15.0,53.96756606,1.289635005,0.039885619,90.32052956,14.4046247,0.268366982,0.005143908,0.089718686,1.079351321,1.169070007,0.041270595,0.60443674,0.645707335,0.645707335,15.11764706,3.75282482,34.30759729,DET,23,8.0,,,,,1.0,,,,,,,,,,,,,,,,,,,,,,,,,,,,,,,,,,,,,,,,,,,,,,,,,,,,,,3.0,3.0,,5.0,4.0,,1.0,,,,,,,,,,,,,,,,,,,,,,,,,,,,,,,,,,,,,,,,,,,,,,,,,,,,,,,,,,,,,,,,,,,,,,,,,,,,,,,,,,,,,,,,,,,,,,,,,,,,,,,,,,,,,,,,,,,,,,,,,,,,,,,,,,,,,,,,,,,,,,,,,,,,,,,,,,,,,,,,,,,,,,,,,,
138.0,8.12,174.46,11.63,3.0,0.88235294,,,2.0,1.0,,,,,,,,,,,5.0,54.0,43.17647059,3.0,141.0,67.0,29.0,21.0,6.0,101.0,253.0,13.59259259,,,,2.0,,1.0,1.0,1.0,1.0,5.0,12.0,18.0,,,,,1.0,,17.0,1.0,37.0,2.085193369,0.849788382,0.096282585,0.005336819,2.0,1.0,,,,,,0.0038284,0.00267988,0.000333403,1.13778e-05,6.160963786,53.22756858,5.548674993,0.279456073,0.189031684,0.123532205,160.0,80.0,40.0,32.0,16.0,59.73599588,1.414750244,0.043755162,100.267966,13.47053119,0.284792891,0.002890114,0.022154976,0.634689138,0.656844114,0.010191289,0.355425917,0.365617206,0.365617206,15.11764706,2.704227083,36.92482979,CHI,49,5.0,2.0,,,,2.0,,,,,,,,,,,,,,,,,,,,,,,,,,,,,,,,,,,,,,,,,,,,,,,,,,,,,,2.0,2.0,,,,,,,,,,,,,,,,1.0,,,,,,,,,,,,,,,,,,,,,,,,,,,,,,,,,,,,,,,,,,,,,,,,,,,,,,,,,,,,,,,,,,,,,,,,,,,,,,,,,,,,,,,,,,,,,,,,,,,,,,,,,,,,,,,,,,,,,,,,,,,,,,,,,,,,,,,,,,,,,,,,,,,,,,,,,,,,,,,
185.0,11.56,172.58,11.51,,,,,,,,,,,,,,,,,,64.0,62.0,5.0,194.0,91.0,43.0,32.0,11.0,106.0,276.0,15.5,,,,,,,,,,8.0,8.0,30.0,,,,,1.0,1.0,16.0,,48.0,4.3028814,1.668848493,0.27788341,0.01486085,5.0,2.0,1.0,1.0,,,,0.007909588,0.005536711,0.00146355,4.99453e-05,5.863294886,53.54226445,5.605546568,0.284530748,0.273431001,0.178687159,161.0,80.0,40.0,32.0,16.0,55.67547394,1.441678598,0.044587998,91.99156504,14.5384134,0.299391598,0.00406196,0.066228945,0.856943879,0.923172824,0.030465315,0.479888572,0.510353887,0.510353887,15.11764706,3.392433478,36.15375073,ATL,30,7.0,,,,,,,,,,1.0,,1.0,,,,,,,,,,,,,,,,,,,,,,,,,,,,,,,,,,,,,,,,,,,,,,,2.0,2.0,,1.0,,,2.0,,,,,,,,,,,,,,,,,,,,,,,,,,,,,,,,,,,,,,,,,,,,,,,,,,,,,,,,,,,,,,,,,,,,,,,,,,,,,,,,,,,,,,,,,,,,,,,,,,,,,,,,,,,,,,,,,,,,,,,,,,,,,,,,,,,,,,,,,,,,,,,,,,,,,,,,,,,,,,,,,,,,,,,,,,
84.0,5.25,137.18,9.8,113.0,31.0,1.0,,92.0,41.0,18.0,11.0,2.0,,16.0,4.0,,,,,4.38938053,24.0,4.75,2.0,11.0,3.0,,,,27.0,167.0,3.16666667,,,,1.0,,1.0,1.0,1.0,1.0,10.0,6.0,18.0,1.0,,,,,,16.0,25.0,3.0,105.0835925,33.34678898,2.607974841,0.157782775,94.0,47.0,23.0,18.0,9.0,21.0,10.0,0.203768474,0.142637932,0.577362323,0.019703161,4.498702051,19.27597667,1.203584987,0.06619616,0.03812395,0.024914001,54.0,27.0,13.0,10.0,5.0,39.9044898,0.108502114,0.003355735,51.18240328,6.847984215,0.223978934,0.002716751,0.447506957,0.169936489,0.617443447,0.2058532,0.095164434,0.301017634,0.301017634,14.17647059,26.36261292,15.97358923,DEN,48,1.0,1.0,,,,2.0,0.091033103,298.7023696,29.0,11.0,,,,,,,,,,,,,,,,,,,,,,,,,,,,,,,,,,,,,,,,,,,,,,,,,,,,,,,,,,,,,,,,,,,1.0,,,,,,,,,,,,,,,,,,,,,,,,,,,,,,,,,,,,,,,,,,,,,,,,,,,,,,,,,,,,,,,,,,,,,,,,,,,,,,,,,,,,,,,,,,,,,,,,,,,,,,,,,,,,,,,,,,,,,,,,,,,,,,,,,,,,,,,,,,,,,,,,,,,,,,,,,,,,,,,
176.0,10.35,138.3,8.14,,,,,,,,,,,,,,,,,,,,,,,,,,,,,,,,,,,,2.0,2.0,11.0,6.0,150.0,,,,,,,17.0,,,,,,,,,,,,,,,,,,,,,,,,,,,,,,,,,,,,,,,,,,,17.0,,,LAC,3,,,,,,,,,,,,,,,,,,,,,,,,,,,,,,,,,,,,,,,,,,,,,,,,,,,,,,,,,,,,,,,,,,,,,,,,,,,,,,,,,,,,,,,,,,,,,,,,,,,,,,,,,,,,,,,,,,,,,,,,,,,,,,,,,,,,,,,,,,,,,,,,,,,,,,,,,,,,,9.0,11.0,2.0,11.0,12.0,1.0,19.0,19.0,,39.0,42.0,3.0,33.0,36.0,3.0,9.0,11.0,2.0,1519.0,150.0,1669.0,297.0,145.0,68.0,53.0,21.0,7.0,29.0,14.0,6.0,5.0,2.0,327.0,159.0,76.0,58.0,23.0,8.0,4.709028283,6.593514617,1.884486335,7.587132758,9.172166374,1.585033616,16.70672568,16.87548048,0.168754805,29.00288672,32.64116147,3.638274755,37.92108858,38.69498834,0.773899767,4.709028283,6.593514617,1.884486335,1096.910272,178.1514189,1275.061691,,,,,,,,,,,,,,,,,,,,,
232.0,15.47,134.49,9.61,250.0,79.66666667,10.0,1.0,231.0,114.0,51.0,41.0,18.0,4.0,46.0,18.0,,,4.0,,4.78,43.0,11.4,1.0,32.0,13.0,2.0,2.0,1.0,54.0,245.0,3.97674419,,1.0,1.0,4.0,1.0,3.0,3.0,,,4.0,11.0,68.0,7.0,1.0,1.0,1.0,,,15.0,62.0,10.0,137.6614644,39.45751027,4.539021196,0.232667598,111.0,55.0,27.0,22.0,11.0,27.0,13.0,0.274273625,0.191991538,0.925079154,0.031569402,4.063361059,13.94679857,0.654106339,0.03467069,0.039205415,0.025620739,39.0,19.0,9.0,7.0,3.0,29.88792333,0.075646383,0.002339579,36.61420092,6.615259866,0.267338288,0.005189215,0.968988226,0.210378743,1.179366968,0.445734584,0.117812096,0.56354668,0.56354668,14.17647059,32.70645883,11.38244968,CAR,14,2.0,3.0,,,,1.0,,,,,,,,,,,,,,,,,,,,,,,,1.0,,,,,,,,,,,,,,,,,,,,,,,,,,,,,,,,,,,,,,,,,,,,,,,2.0,,,,,,,,,,,,,,,,,,,,,,,,,,,,,,,,,,,,,,,,,,,,,,,,,,,,,,,,,,,,,,,,,,,,,,,,,,,,,,,,,,,,,,,,,,,,,,,,,,,,,,,,,,,,,,,,,,,,,,,,,,,,,,,,,,,,,,,,,,,,,,,,,,,,,,,,,,,,,,,
115.0,7.19,141.1,9.41,,,,,,,,,,,,,,,,,,42.0,29.8125,6.0,89.0,39.0,16.0,14.0,3.0,58.0,256.0,11.35714286,,,,1.0,,1.0,1.0,1.0,1.0,11.0,5.0,36.0,,,,,1.0,,16.0,,26.0,,,,,,,,,,,,,,,,,40.20048137,4.705139106,0.273259946,0.163736587,0.10700186,121.0,60.0,30.0,24.0,12.0,52.84929806,0.668221029,0.02066663,78.58765445,11.49942783,0.273259946,0.002130487,,0.484201667,0.484201667,,0.271152934,0.271152934,0.271152934,15.11764706,,29.57938663,BAL,17,2.0,1.0,,,,4.0,,,,,,,,,,,,,,,,,,,,,,,,,,,,,,,,,,,,,,,,,,,,,,,,,,,,,,1.0,1.0,,1.0,,,,,,,,,,,,,,1.0,,,,,,,,,,,,,,,,,,,,,,,,,,,,,,,,,,,,,,,,,,,,,,,,,,,,,,,,,,,,,,,,,,,,,,,,,,,,,,,,,,,,,,,,,,,,,,,,,,,,,,,,,,,,,,,,,,,,,,,,,,,,,,,,,,,,,,,,,,,,,,,,,,,,,,,,,,,,,,,
65.0,3.82,80.84,4.76,,,,,,,,,,,,,,,,,,,,,,,,,,,,,,,,,,,,673.0,1155.0,12.0,5.0,,,,,,,,17.0,,,,,,,,,,,,,,,,,,,,,,,,,,,,,,,,,,,,,,,,,,,17.0,,,WSH,25,,,1082.0,100.0,36.0,,0.448410033,1471.345422,147.0,58.0,,,,,,,,,,,,,,,,,,,,,,,,,,,,,,,,,,,,,,,,,,,,,,,,,,,,482.0,,,,,260.0,19.0,0.13851,260.3869565,26.0,10.0,,,,,,10.0,0.0,0.0,2.0,2.0,1.0,7.0,1.0,43.0,86.0,1.0,1.0,16.0,377.0,225.0,74.0,60.0,3.0,391.0,4.0,3.0,5.0,1.0,5558.0,0.0,1.0,4.0,7.0,2.0,2.0,1.0,0.0,0.0,0.0,0.0,2.0,2.0,4.0,3.0,5.0,1.0,0.076423576,0.33966034,1.613386613,2.037962038,0.111661008,1.870897849,13.26207154,8.912577713,1.742238141,0.218959996,42.45404662,84.90809323,1.303071547,0.567826302,2.569478891,12.30208563,1104.912,368.0,220.0,45.53305853,79.35106077,400.8494164,2.462537463,4.330669331,3.736263736,2.122877123,0.28021978,23.57937744,6081.820922,0.246241446,2.547325308,3.235103142,4.228560012,3.540782179,2.12277109,0.832126267,0.247090555,357.7541719,,,,,,,,,,,,,,,,,,,,,,,,,,,,,,,,,,,,,,,,,,,,,,,,,,,,,,,,,,,,,,,,,,,,,,,,,,,,,,,,
209.0,16.08,259.64,17.31,,,,,,,,,,,,,,,,,,67.0,83.0,7.0,210.0,100.0,47.0,36.0,15.0,97.0,353.0,16.10447761,,,,,,,,1.0,1.0,12.0,1.0,42.0,,,,,,2.0,13.0,,51.0,,,,,,,,,,,,,,,,,82.7783431,7.633936284,0.452324961,0.303643027,0.198430718,250.0,125.0,62.0,50.0,25.0,89.78347577,4.292548883,0.132759244,138.4525851,13.9381302,0.452324961,0.0074536,,1.693999936,1.693999936,,0.948639964,0.948639964,0.948639964,15.11764706,,56.94562401,PHI,19,10.0,1.0,,,,3.0,,,,,,,,,,,,,,,,,,,,,,,,,,,,,,,,,,,,,,,,,,,,,,,,,,,,,,5.0,5.0,,2.0,1.0,,,,,,,,,,,,,,,,,,,,,,,,,,,,,,,,,,,,,,,,,,,,,,,,,,,,,,,,,,,,,,,,,,,,,,,,,,,,,,,,,,,,,,,,,,,,,,,,,,,,,,,,,,,,,,,,,,,,,,,,,,,,,,,,,,,,,,,,,,,,,,,,,,,,,,,,,,,,,,,,,,,,,,,,,,,,
301.0,20.07,312.75,20.85,150.0,42.0,14.0,,120.0,55.0,24.0,18.0,4.0,,23.0,8.0,,,,,4.2,,,,,,,,,,,,38.0,7.0,4.0,9.0,2.0,5.0,10.0,1.0,1.0,12.0,3.0,192.0,13.0,1.0,,,,,15.0,61.0,,124.5083764,35.72481384,9.945470093,0.378477669,107.0,53.0,26.0,21.0,10.0,24.0,12.0,0.245879517,0.172115662,0.839924701,0.028663408,4.303904869,,,,,,,,,,,,,,,,1.620112435,0.040161858,1.733697622,,9.127694928,0.797500906,,4.346619613,15.60140527,15.0,34.90076992,,PHI,7,,,,,,,,,,,361.0,248.0,113.0,193.53333333,18.0,574.0,284.0,137.0,110.0,52.0,23.0,44.0,18.0,15.0,3.0,4.0,1.0,5.0,0.68698061,4.0,8.0,3.0,3.0,139.0,495.5716209,318.4027556,177.1688652,241.6431352,20.94957325,724.0,362.0,181.0,144.0,72.0,36.0,63.0,31.0,2.966635188,1.938696096,2.960402976,0.39987282,1.241634766,11.25478566,0.642495943,35.44058567,7.393997306,3.549118707,173.330449,,,,,,,,,,,,,,,1.0,,,,,,,,,,,,,,,,,,,,,,,,,,,,,,,,,,,,,,,,,,,,,,,,,,,,,,,,,,,,,,,,,,,,,,,,,,,,,,,,,,,,,,,,,,,,,,,,,,,,,,,,,,,,,,,,,,,,,,,,,,,,,,,,,,,,,,,,,,,,,,,,,,,,,,,,,,,,,,,,,,,
254.0,18.14,230.05,16.43,228.0,67.85714286,6.0,,186.0,89.0,41.0,32.0,13.0,3.0,41.0,16.0,,,3.0,,4.16666667,68.0,38.78571429,2.0,104.0,49.0,22.0,15.0,5.0,89.0,542.0,7.98529412,,,,1.0,,,,1.0,1.0,5.0,9.0,48.0,5.0,1.0,,,,1.0,14.0,52.0,18.0,181.5306586,53.10769913,4.635335804,0.266674871,150.0,75.0,37.0,30.0,15.0,36.0,18.0,0.366037644,0.256226351,1.475830759,0.050364442,4.147397142,35.09304623,1.86030318,0.093053432,0.05467663,0.035731178,99.0,49.0,24.0,19.0,9.0,67.8192391,0.388976196,0.012030192,83.15641523,7.335610726,0.359728303,0.00677914,1.121663794,0.419049794,1.540713588,0.515965345,0.234667884,0.75063323,0.75063323,14.17647059,41.97743279,28.78821347,NO,8,9.0,1.0,,,,,,,,,,,,,,,,,,,,,,,,,,,,,,,,,,,,,,,,,,,,,,,,,,,,,,,,,,,,,1.0,1.0,,,,,,,,,,,,,,,,,,,,,,,,,,,,,,,,,,,,,,,,,,,,,,,,,,,,,,,,,,,,,,,,,,,,,,,,,,,,,,,,,,,,,,,,,,,,,,,,,,,,,,,,,,,,,,,,,,,,,,,,,,,,,,,,,,,,,,,,,,,,,,,,,,,,,,,,,,,,,,,,,,,,,,,,,,,,
181.0,10.65,188.13,12.54,4.0,0.29411765,,,,,,,,,,,,,,,1.25,55.0,39.58823529,11.0,128.0,60.0,27.0,19.0,7.0,69.0,192.0,12.23636364,,,,,,,,,,12.0,5.0,66.0,,,,,5.0,,17.0,3.0,39.0,,,,,,,,,,,,,,,,,51.72089679,6.675409587,0.387731521,0.158720392,0.103723776,156.0,78.0,39.0,31.0,15.0,70.35192127,1.314793596,0.040663719,101.9097914,11.11409965,0.387731521,0.004229005,,0.961137513,0.961137513,,0.538237007,0.538237007,0.538237007,15.11764706,,39.17717909,BAL,6,4.0,,,,,6.0,,,,,,,,,,,,,,,,,,,,,,,,,,,,,,,,,,,,,,,,,,,,,,,,,,,,,,,,,,,,,,,,,,,,,,,,,,,,,,,,,,,,,,,,,,,,,,,,,,,,,,,,,,,,,,,,,,,,,,,,,,,,,,,,,,,,,,,,,,,,,,,,,,,,,,,,,,,,,,,,,,,,,,,,,,,,,,,,,,,,,,,,,,,,,,,,,,,,,,,,,,,,,,,,,,,,,,,,,,,,,,,,,,,,,,
163.0,10.87,191.1,13.65,207.0,53.4,7.0,,153.0,74.0,34.0,22.0,9.0,1.0,37.0,16.0,,,1.0,,3.86956522,33.0,11.2,1.0,28.0,10.0,2.0,1.0,,41.0,237.0,5.09090909,,2.0,6.0,7.0,3.0,3.0,3.0,,,3.0,12.0,52.0,5.0,1.0,,1.0,,,15.0,40.0,8.0,188.8690177,55.87886833,4.724347145,0.247244296,158.0,79.0,39.0,31.0,15.0,37.0,18.0,0.382105682,0.267473977,1.628503193,0.055574566,4.19425665,23.67911293,1.005441319,0.054447508,0.038255364,0.024999881,67.0,33.0,16.0,13.0,6.0,46.00179356,0.154450772,0.004776828,62.82529929,7.297242608,0.301691804,0.008900216,1.626595381,0.39618094,2.022776321,0.748233875,0.221861326,0.970095201,0.970095201,14.17647059,43.81610368,19.00366627,NE,28,1.0,1.0,,,,1.0,,,,,,,,,,,,,,,,,,,,,,,,1.0,,,,,,,,,,,,,,,,,,,,,,,,,,,,,2.0,,,,,,,,,,,,,,,,,,,,,,,,,,,,,,,,,,,,,,,,,,,,,,,,,,,,,,,,,,,,,,,,,,,,,,,,,,,,,,,,,,,,,,,,,,,,,,,,,,,,,,,,,,,,,,,,,,,,,,,,,,,,,,,,,,,,,,,,,,,,,,,,,,,,,,,,,,,,,,,,,,,,,,,,,,,,,,,,,
159.0,11.36,207.89,13.86,2.0,-0.42857143,,,,,,,,,,,,,,,-3.0,59.0,64.28571429,3.0,174.0,84.0,38.0,30.0,12.0,103.0,215.0,15.25423729,,,,1.0,,1.0,1.0,1.0,1.0,9.0,5.0,18.0,,,,,3.0,,14.0,,37.0,4.493005872,1.887499683,0.210940614,0.009894844,5.0,2.0,1.0,1.0,,,,0.008259956,0.005781969,0.001905799,6.50376e-05,6.350882871,71.58840729,4.538787373,0.261371819,0.32839328,0.214605009,216.0,108.0,54.0,43.0,21.0,70.4716061,3.062954565,0.094730554,117.1910957,15.35722449,0.271266663,0.006596886,0.089860117,1.409432122,1.499292239,0.041335654,0.789281988,0.830617642,0.830617642,15.11764706,3.465689149,46.61323642,PIT,41,6.0,1.0,,,,,,,,,,,,,,,,,,,,,,,,,,,,,,,,,,,,,,,,,,,,,,,,,,,,,,,,,,2.0,2.0,,,,,,,,,,,,,,,,1.0,,,,,,,,,,,,,,,,,,,,,,,,,,,,,,,,,,,,,,,,,,,,,,,,,,,,,,,,,,,,,,,,,,,,,,,,,,,,,,,,,,,,,,,,,,,,,,,,,,,,,,,,,,,,,,,,,,,,,,,,,,,,,,,,,,,,,,,,,,,,,,,,,,,,,,,,,,,,,,,
84.0,7.0,207.53,13.84,2.0,0.5,,,1.0,,,,,,,,,,,,3.0,33.0,31.25,3.0,71.0,33.0,14.0,10.0,4.0,67.0,91.0,11.36363636,,,,,,,,1.0,1.0,5.0,7.0,18.0,,,,,1.0,1.0,12.0,1.0,21.0,2.098491917,0.860549469,0.087638544,0.004490579,2.0,1.0,,,,,,0.00385284,0.002696988,0.000342924,1.17027e-05,6.19944401,65.26393626,6.228581527,0.330110956,0.233719012,0.152735375,197.0,98.0,49.0,39.0,19.0,71.56883942,2.43024779,0.075162303,116.6960255,13.78584817,0.334601535,0.006482725,0.041969838,1.431376788,1.473346627,0.019306126,0.801571002,0.820877127,0.820877127,15.11764706,2.704083883,44.91773553,BAL,85,3.0,,,,,1.0,,,,,,,,,,,,,,,,,,,,,,,,,,,,,,,,,,,,,,,,,,,,,,,,,,,,,,1.0,1.0,,,,,,,,,,,,,,,,,,,,,,,,,,,,,,,,,,,,,,,,,,,,,,,,,,,,,,,,,,,,,,,,,,,,,,,,,,,,,,,,,,,,,,,,,,,,,,,,,,,,,,,,,,,,,,,,,,,,,,,,,,,,,,,,,,,,,,,,,,,,,,,,,,,,,,,,,,,,,,,,,,,,,,,,,,,,,,,
171.0,12.21,249.84,16.66,23.0,0.0,,,3.0,1.0,,,,,,,,,,,0.0,,,,,,,,,,,,28.0,6.0,6.0,13.0,,2.0,18.0,,,7.0,7.0,108.0,,,,,,,14.0,2.0,,33.03176182,7.855693691,1.586641285,0.084895145,23.0,11.0,5.0,4.0,2.0,6.0,3.0,0.06181124,0.043267868,0.039892853,0.00136139,3.567336372,,,,,,,,,,,,,,,,1.347171538,0.041350573,0.518704734,,9.39785741,0.238604177,,4.500597462,15.52503203,15.0,8.996605287,,ATL,22,,,,,,,,,,,453.0,303.0,150.0,250.57142857,18.0,697.0,345.0,169.0,134.0,63.0,30.0,54.0,25.0,25.0,8.0,3.0,,16.0,0.66887417,2.0,5.0,5.0,1.0,163.0,530.2120191,341.9115508,188.3004682,263.8273576,24.85774893,791.0,395.0,197.0,158.0,79.0,39.0,68.0,34.0,3.491072363,2.281415789,4.139636435,0.55915634,1.262276393,11.02443457,0.644858167,35.22345377,8.879152676,4.261993285,188.9112796,,,,,,,,,,,,,,,2.0,1.0,,4.0,,,,,,,,,,,,,,,,,,,,,,,,,,,,,,,,,,,,,,,,,,,,,,,,,,,,,,,,,,,,,,,,,,,,,,,,,,,,,,,,,,,,,,,,,,,,,,,,,,,,,,,,,,,,,,,,,,,,,,,,,,,,,,,,,,,,,,,,,,,,,,,,,,,,,,,,,,,,,,,,
122.0,8.71,141.56,10.11,104.0,40.35714286,3.0,,106.0,50.0,22.0,15.0,4.0,,16.0,5.0,1.0,1.0,,,5.43269231,37.0,16.07142857,,40.0,17.0,7.0,5.0,,43.0,294.0,6.08108108,,,,,,,,,,2.0,12.0,18.0,2.0,,,,,,14.0,25.0,11.0,151.4942782,44.28998704,3.841752371,0.191884845,125.0,62.0,31.0,25.0,12.0,30.0,15.0,0.303943371,0.21276036,1.175889341,0.040128592,4.14455058,15.13176947,0.998383925,0.053823273,0.038616613,0.025235957,42.0,21.0,10.0,8.0,4.0,30.065279,0.085389325,0.002640907,40.07628632,7.134977358,0.245708117,0.004905098,0.930190903,0.184603995,1.114794898,0.427887815,0.103378237,0.531266053,0.531266053,14.17647059,35.34020769,12.02689777,CLE,34,3.0,,388.0,36.0,11.0,,,,,,,,,,,,,,,,,,,,,,,,,,,,,,,,,,,,,,,,,,,,,,,,,,,,,,,,,,,,,,,,,,,,,,,,,,,,,,,,,,,,,,,,,,,,,,,,,,,,,,,,,,,,,,,,,,,,,,,,,,,,,,,,,,,,,,,,,,,,,,,,,,,,,,,,,,,,,,,,,,,,,,,,,,,,,,,,,,,,,,,,,,,,,,,,,,,,,,,,,,,,,,,,,,,,,,,,,,,,,,,,,,,,,,,
147.0,8.65,120.45,8.03,,,,,,,,,,,,,,,,,,49.0,35.88235294,7.0,115.0,56.0,25.0,14.0,3.0,79.0,166.0,12.44897959,,,,,,,,1.0,1.0,7.0,10.0,42.0,,,,,3.0,,17.0,,29.0,,,,,,,,,,,,,,,,,37.977229,3.469179255,0.16810005,0.173734383,0.113535419,114.0,57.0,28.0,22.0,11.0,43.24093756,0.55861258,0.017276678,73.10145142,13.27737965,0.16810005,0.003805203,,0.864818751,0.864818751,,0.484298501,0.484298501,0.484298501,15.11764706,,25.9570797,DAL,44,2.0,,,,,4.0,,,,,,,,,,,,,,,,,,,,,,,,,,,,,,,,,,,,,,,,,,,,,,,,,,,,,,,,,,,,,,,,,,,,,,,,,,,,,,,,,,,,,,,,,,,,,,,,,,,,,,,,,,,,,,,,,,,,,,,,,,,,,,,,,,,,,,,,,,,,,,,,,,,,,,,,,,,,,,,,,,,,,,,,,,,,,,,,,,,,,,,,,,,,,,,,,,,,,,,,,,,,,,,,,,,,,,,,,,,,,,,,,,,,,,
101.0,5.94,112.06,6.59,,,,,,,,,,,,,,,,,,,,,,,,,,,,,,,,,,,,703.0,1151.0,5.0,12.0,,,,,,,,17.0,,,,,,,,,,,,,,,,,,,,,,,,,,,,,,,,,,,,,,,,,,,17.0,,,CHI,11,,,768.0,70.0,25.0,,0.362892388,1675.672932,167.0,67.0,,,,,,,,,,,,,,,,,,,,,,,,,,,,,,,,,,,,,,,,,,,,,,,,,,,,448.0,,,,,304.0,24.0,0.14364,290.9014925,29.0,11.0,,,,,,13.0,0.0,1.0,1.0,2.0,1.0,11.0,2.0,40.0,80.0,1.0,3.0,17.0,377.0,225.0,64.0,66.0,6.0,368.0,6.0,3.0,3.0,1.0,6022.0,0.0,0.0,4.0,5.0,3.0,1.0,4.0,0.0,0.0,0.0,1.0,1.0,2.0,6.0,3.0,3.0,1.0,0.226235741,1.020612367,3.521112668,3.129877927,0.117081008,1.882563022,14.30206976,9.175608813,1.729337629,0.215349978,39.2718068,78.54361361,1.312146131,0.570416891,2.506176417,13.29098167,1091.693154,363.0,218.0,36.15709274,78.2663046,354.0629753,2.466479888,3.385031019,2.245347208,0.901540925,0.103762257,20.82723384,5772.40406,0.578520669,4.764287859,4.015614053,3.794414973,2.331097988,1.020918827,0.391352217,0.103793414,339.55318,,,,,,,,,,,,,,,,,,,,,,,,,,,,,,,,,,,,,,,,,,,,,,,,,,,,,,,,,,,,,,,,,,,,,,1.0,,,1.0,,,,,,,
157.0,9.24,120.66,7.1,,,,,,,,,,,,,,,,,,,,,,,,,,,,,,,,,,,,,,10.0,7.0,139.0,,,,,,,17.0,,,,,,,,,,,,,,,,,,,,,,,,,,,,,,,,,,,,,,,,,,,17.0,,,DEN,8,,,,,,,,,,,,,,,,,,,,,,,,,,,,,,,,,,,,,,,,,,,,,,,,,,,,,,,,,,,,,,,,,,,,,,,,,,,,,,,,,,,,,,,,,,,,,,,,,,,,,,,,,,,,,,,,,,,,,,,,,,,,,,,,,,,,,,,,,,,,,,,,,,,,,,,,,,,,,5.0,7.0,2.0,11.0,11.0,,15.0,16.0,1.0,31.0,34.0,3.0,46.0,46.0,,5.0,6.0,1.0,1252.0,109.0,1361.0,245.0,119.0,56.0,41.0,16.0,5.0,21.0,10.0,4.0,4.0,2.0,266.0,130.0,61.0,46.0,19.0,6.0,4.339289525,6.635158741,2.295869216,7.079339367,9.230097061,2.150757693,15.79305325,16.9820647,1.189011452,27.21168214,32.8473205,5.635638361,28.90365118,31.3834359,2.47978472,4.339289525,6.635158741,2.295869216,1026.683503,256.4313774,1283.114881,,,,,,,,,1.0,1.0,,,,,,,,,,,
47.0,3.13,158.8,11.34,74.0,15.06666667,3.0,,39.0,16.0,5.0,3.0,,,10.0,2.0,,,,,3.05405405,12.0,4.6,,11.0,3.0,,,,15.0,97.0,5.75,,,1.0,1.0,1.0,1.0,1.0,,1.0,7.0,8.0,18.0,3.0,,,,,,15.0,14.0,3.0,170.2223618,47.23513563,5.660144191,0.330091937,133.0,66.0,33.0,26.0,13.0,34.0,17.0,0.341238919,0.238867243,1.164948114,0.03975521,3.933839855,15.2827397,1.090050117,0.052841725,0.034795385,0.022738784,43.0,21.0,10.0,8.0,4.0,32.10783104,0.080981698,0.002504589,43.00962898,6.747740435,0.382933662,0.007504693,1.43494798,0.270664012,1.705611991,0.660076071,0.151571846,0.811647917,0.811647917,14.17647059,39.24337622,12.58896548,None,66,,,,,,,,,,,,,,,,,,,,,,,,,,,,,,,,,,,,,,,,,,,,,,,,,,,,,,,,,,,,,,1.0,,,,,,,,,,,,,,,,,,,,,,,,,,,,,,,,,,,,,,,,,,,,,,,,,,,,,,,,,,,,,,,,,,,,,,,,,,,,,,,,,,,,,,,,,,,,,,,,,,,,,,,,,,,,,,,,,,,,,,,,,,,,,,,,,,,,,,,,,,,,,,,,,,,,,,,,,,,,,,,,,,,,,,,,,,,,,,
93.0,5.47,106.68,6.28,,,,,,,,,,,,,,,,,,,,,,,,,,,,,,,,,,,,674.0,1050.0,15.0,2.0,,,,,,,,17.0,,,,,,,,,,,,,,,,,,,,,,,,,,,,,,,,,,,,,,,,,,,17.0,,,KC,14,,,785.0,72.0,28.0,,0.488529814,1432.632375,143.0,57.0,,,,,,,,,,,,,,,,,,,,,,,,,,,,,,,,,,,,,,,,,,,,,,,,,,,,376.0,,,,,307.0,24.0,0.185478947,270.4046053,27.0,10.0,,,,,,7.0,0.0,0.0,4.0,4.0,1.0,13.0,1.0,39.0,78.0,,1.0,15.0,344.0,204.0,58.0,71.0,7.0,326.0,4.0,3.0,1.0,1.0,5451.0,0.0,0.0,7.0,5.0,2.0,1.0,2.0,0.0,0.0,0.0,0.0,4.0,4.0,4.0,3.0,1.0,1.0,0.188737748,0.850170034,3.043608722,2.856571314,0.112381588,1.866192886,13.06368361,8.941905121,1.719107069,0.21260874,44.04549947,88.09099894,1.297622269,0.568570617,2.652583235,13.79359243,1038.017159,346.0,207.0,35.81480119,66.36608208,358.6844922,2.465493099,3.621724345,2.618523705,1.207241448,0.147929586,21.09908778,5890.678613,0.450567585,3.910586588,3.715057259,3.961594239,2.796919538,1.445216783,0.561084163,0.158973846,346.5105066,,,,,,,,,,,,,,,,,,,,,,,,,,,,,,,,,,,,,,,,,,,,,,,,,,,,,,,,,,,,,,,,,,,,,,,1.0,,,,,,,,,
82.0,4.82,21.95,1.69,104.0,26.11764706,2.0,,83.0,38.0,16.0,10.0,2.0,,15.0,4.0,,,,,4.26923077,14.0,4.0,3.0,10.0,2.0,,,,18.0,83.0,4.85714286,,,1.0,1.0,1.0,1.0,1.0,,1.0,13.0,4.0,30.0,1.0,1.0,,,,,17.0,21.0,4.0,33.79186433,10.23570882,0.865224299,0.054051055,26.0,13.0,6.0,5.0,2.0,6.0,3.0,0.063185157,0.04422961,0.049203187,0.001679116,3.991212647,1.207819415,0.11038347,0.005228367,0.043808868,0.028629096,3.0,1.0,,,,2.199504551,0.009147637,0.000282917,2.778730228,7.23562813,0.059279422,0.001097825,0.234257959,0.015247796,0.249505755,0.107758661,0.008538766,0.116297427,0.116297427,13.17647059,9.202043983,-0.096735355,MIN,49,,,76.0,7.0,2.0,3.0,,,,,,,,,,,,,,,,,,,,,,,,,,,,,,,,,,,,,,,,,,,,,,,,,,,,,,,,1.0,,,,,,,,,,,,,,,,,,,,,,,,,,,,,,,,,,,,,,,,,,,,,,,,,,,,,,,,,,,,,,,,,,,,,,,,,,,,,,,,,,,,,,,,,,,,,,,,,,,,,,,,,,,,,,,,,,,,,,,,,,,,,,,,,,,,,,,,,,,,,,,,,,,,,,,,,,,,,,,,,,,,,,,,,,,,,,
50.0,3.85,48.28,3.22,,,,,,,,,,,,,,,,,,24.0,19.53846154,1.0,46.0,20.0,8.0,5.0,1.0,37.0,69.0,10.58333333,,,,1.0,,,,2.0,2.0,8.0,5.0,6.0,,,,,1.0,,13.0,,12.0,,,,,,,,,,,,,,,,,14.62969749,1.534975256,0.07268012,0.150594417,0.098413451,44.0,22.0,11.0,8.0,4.0,17.30432004,0.082914381,0.002564362,29.16931936,12.78100513,0.07268012,0.00152278,,0.346086401,0.346086401,,0.193808384,0.193808384,0.193808384,15.11764706,,9.52109778,HOU,109,2.0,1.0,,,,,,,,,,,,,,,,,,,,,,,,,,,,,,,,,,,,,,,,,,,,,,,,,,,,,,,,,,,,,,,,,,,,,,,,,,,,,,,,,,,,,,,,,,,,,,,,,,,,,,,,,,,,,,,,,,,,,,,,,,,,,,,,,,,,,,,,,,,,,,,,,,,,,,,,,,,,,,,,,,,,,,,,,,,,,,,,,,,,,,,,,,,,,,,,,,,,,,,,,,,,,,,,,,,,,,,,,,,,,,,,,,,,,,,,,,
394.0,23.18,288.11,20.58,3.0,1.88235294,,,5.0,2.0,,,,,,,,,,,10.66666667,127.0,100.47058824,17.0,335.0,163.0,76.0,60.0,25.0,175.0,787.0,13.4488189,,,,,,,,6.0,6.0,9.0,8.0,102.0,,,,,3.0,,17.0,2.0,75.0,3.622775595,1.24244113,0.1558074,0.009136776,3.0,1.0,,,,,,0.006657006,0.004659904,0.000728268,2.4853e-05,5.013163376,91.34541137,8.236785443,0.401412972,0.279995732,0.182977211,267.0,133.0,66.0,53.0,26.0,104.8677862,4.921532995,0.152212361,150.8615804,12.73274695,0.410549749,0.007838258,0.059486219,1.721936112,1.781422331,0.027363661,0.964284223,0.991647884,0.991647884,14.61764706,3.02147071,62.94236189,CIN,1,19.0,,,,,5.0,,,,,,,,,,,,,,,,,,,,,,,,,,,,,,,,,,,,,,,,,,,,,,,,,,,,,,6.0,4.0,,7.0,4.0,4.0,2.0,,,,,,,,,,,,,,,,,,,,,,,,,,,,,,,,,,,,,,,,,,,,,,,,,,,,,,,,,,,,,,,,,,,,,,,,,,,,,,,,,,,,,,,,,,,,,,,,,,,,,,,,,,,,,,,,,,,,,,,,,,,,,,,,,,,,,,,,,,,,,,,,,,,,,,,,1.0,,,,,,,,,,,,,,,,,,
246.0,14.47,250.23,16.68,2.0,0.29411765,,,1.0,,,,,,,,,,,,2.5,101.0,64.94117647,7.0,215.0,105.0,48.0,37.0,16.0,154.0,442.0,10.93069307,,,,2.0,,2.0,2.0,1.0,1.0,5.0,12.0,44.0,,,,,,3.0,17.0,1.0,60.0,4.390871446,1.565316499,0.198176164,0.010924088,4.0,2.0,1.0,,,,,0.008071739,0.005650218,0.001280221,4.3689e-05,5.389340738,75.40822275,9.074646404,0.454513676,0.223645547,0.146152365,227.0,113.0,56.0,45.0,22.0,80.50048626,3.480679281,0.107649875,136.4903748,14.16134175,0.465437763,0.007470439,0.087817429,1.610009725,1.697827154,0.040396017,0.901605446,0.942001463,0.942001463,15.11764706,3.285509124,52.34635775,NYJ,9,14.0,2.0,,,,4.0,,,,,,,,,,,,,,,,,,,,,,,,,,,,,,,,,,,,,,,,,,,,,,,,,,,,,1.0,4.0,4.0,,,,1.0,,,,,,,,,,,,2.0,,,,,,,,,,,,,,,,,,,,,,,,,,,,,,,,,,,,,,,,,,,,,,,,,,,,,,,,,,,,,,,,,,,,,,,,,,,,,,,,,,,,,,,,,,,,,,,,,,,,,,,,,,,,,,,,,,,,,,,,,,,,,,,,,,,,,,,,,,,,,,,,,,,,,,,,,,,,,,,
253.0,15.81,220.79,15.77,207.0,63.0625,16.0,,196.0,95.0,44.0,34.0,13.0,4.0,35.0,14.0,4.0,1.0,4.0,,4.87439614,32.0,16.125,2.0,46.0,18.0,7.0,5.0,,38.0,260.0,8.0625,,1.0,1.0,1.0,,,,,,12.0,4.0,108.0,11.0,1.0,,,1.0,,16.0,48.0,14.0,207.1440271,65.97872162,4.351796,0.189445966,187.0,93.0,46.0,37.0,18.0,41.0,20.0,0.423128155,0.296189708,2.292737291,0.078242327,4.51543508,28.63708282,2.365387255,0.12586231,0.073737156,0.048187232,81.0,40.0,20.0,16.0,8.0,49.25109738,0.231514327,0.007160237,63.13255439,8.242918104,0.315308276,0.011325048,2.079457411,0.49441715,2.573874561,0.956550409,0.276873604,1.233424013,1.233424013,14.17647059,49.48315899,22.23861925,BUF,9,2.0,,,,,1.0,,,,,,,,,,,,,,,,,,,,,,,,,,,,,,,,,,,,,,,,,,,,,,,,,,,,,,,,,,,,,,,,,,,,,,,,,,,,,,,,,,,,,,,,,,,,,,,,,,,,,,,,,,,,,,,,,,,,,,,,,,,,,,,,,,,,,,,,,,,,,,,,,,,,,,,,,,,,,,,,,,,,,,,,,,,,,,,,,,,,,,,,,,,,,,,,,,,,,,,,,,,,,,,,,,,,,,,,,,,,,,,,,,,,,,
193.0,14.85,224.24,14.95,1.0,0.07692308,,,,,,,,,,,,,,,1.0,68.0,64.07692308,8.0,161.0,77.0,36.0,29.0,11.0,89.0,299.0,12.25,,,,,,,,1.0,1.0,11.0,2.0,48.0,,,,,,3.0,13.0,,42.0,,,,,,,,,,,,,,,,,68.78781988,6.327239092,0.374888944,0.240369601,0.157081534,207.0,103.0,51.0,41.0,20.0,83.96185408,2.777371518,0.085898088,122.2709706,12.38550523,0.374888944,0.005786759,,1.315172553,1.315172553,,0.73649663,0.73649663,0.73649663,15.11764706,,49.25191053,PHI,27,8.0,,,,,3.0,,,,,,,,,,,,,,,,,,,,,,,,,,,,,,,,,,,,,,,,,,,,,,,,,,,,,,2.0,2.0,,2.0,,1.0,,,,,,,,,,,,,,,,,,,,,,,,,,,,,,,,,,,,,,,,,,,,,,,,,,,,,,,,,,,,,,,,,,,,,,,,,,,,,,,,,,,,,,,,,,,,,,,,,,,,,,,,,,,,,,,,,,,,,,,,,,,,,,,,,,,,,,,,,,,,,,,,,,,,,,,,,,,,,,,,,,,,,,,,,,,
244.0,15.25,182.18,12.15,1.0,0.125,1.0,,,,,,,,,,,,,,2.0,111.0,71.625,2.0,225.0,109.0,50.0,37.0,15.0,147.0,513.0,10.32432432,,,,,,,,,,8.0,8.0,18.0,1.0,,,,,,16.0,1.0,63.0,,,,,,,,,,,,,,,,,52.33881063,3.507111369,0.331840752,0.108241112,0.070735567,158.0,79.0,39.0,31.0,15.0,82.70818135,1.354894419,0.041903951,112.5972441,9.566643271,0.331840752,0.004967413,,1.128957467,1.128957467,,0.632216182,0.632216182,0.632216182,15.11764706,,40.95561093,ARI,2,15.0,,,,,1.0,,,,,,,,,,,,,,,,,,,,,,,,,,,,,,,,,,,,,,,,,,,,,,,,,,,,,,3.0,3.0,,,,3.0,,,,,,,,,,,,,,,,,,,,,,,,,,,,,,,,,,,,,,,,,,,,,,,,,,,,,,,,,,,,,,,,,,,,,,,,,,,,,,,,,,,,,,,,,,,,,,,,,,,,,,,,,,,,,,,,,,,,,,,,,,,,,,,,,,,,,,,,,,,,,,,,,,,,,,,,,,,,,,,,,,,,,,,1.0,,,,
133.0,9.5,211.21,14.08,9.0,3.07142857,,,9.0,3.0,,,,,,,,,,,4.77777778,51.0,47.64285714,3.0,129.0,61.0,27.0,21.0,7.0,81.0,164.0,13.07843137,,,,,,,,3.0,3.0,8.0,6.0,18.0,,,,,,,14.0,3.0,35.0,15.97007278,6.147245817,0.583326497,0.036434428,18.0,9.0,4.0,3.0,1.0,3.0,1.0,0.029542774,0.020679942,0.021709262,0.000740854,5.819127684,62.42240288,5.812958682,0.275226552,0.226936337,0.148302896,188.0,94.0,47.0,37.0,18.0,70.45017685,2.166890565,0.067017234,112.5018341,13.39499626,0.31166098,0.007400923,0.310831172,1.371196694,1.682027866,0.142982339,0.767870149,0.910852488,0.910852488,15.11764706,6.614968675,43.30820696,HOU,52,5.0,,,,,2.0,0.021778987,71.4623002,7.0,2.0,,,,,,,,,,,,,,,,,,,,,,,,,,,,,,,,,,,,,,,,,,,,,,,,,,1.0,1.0,,,,,1.0,95.0,8.0,0.0684,110.4,11.0,4.0,,,,,,,,,,,,,,,,,,,,,,,1.0,,,,,,,,,,,,,,,,,,,,,,,,,,,,,,,,,,,,,,,,,,,,,,,,,,,,,,,,,,,,,,,,,,,,,,,,,,,,,,,,,,,,,,,,,,,,,,,,,,,,,,,,,,,,,,,,,,,,,,,,,,,,,,,,,,,,,,,,,,,,,
111.0,7.4,176.79,12.63,120.0,34.06666667,1.0,,97.0,44.0,21.0,11.0,2.0,,16.0,5.0,,,,,4.25833333,38.0,20.66666667,,57.0,25.0,9.0,7.0,1.0,47.0,315.0,8.15789474,,,1.0,2.0,1.0,1.0,1.0,,,10.0,5.0,6.0,1.0,,,,,,15.0,28.0,16.0,126.863218,43.03075672,3.152035091,0.147927443,122.0,61.0,30.0,24.0,12.0,25.0,12.0,0.248993138,0.174295197,0.97906469,0.033411722,4.808519497,25.99587463,1.371170834,0.079024016,0.042466478,0.027751843,73.0,36.0,18.0,14.0,7.0,53.98638465,0.186082323,0.005755123,66.49192427,6.826346206,0.226951459,0.009954947,1.587100587,0.67538743,2.262488017,0.73006627,0.378216961,1.108283231,1.108283231,14.17647059,32.72684708,21.8788654,PIT,39,2.0,1.0,227.0,19.0,7.0,,0.06108844,200.4464446,20.0,8.0,,,,,,,,,,,,,,,,,,,,,,,,,,,,,,,,,,,,,,,,,,,,,,,,,,,,,,,,,,,,,,,,,,,,,,,,,,,,,,,,,,,,,,,,,,,,,,,,,,,,,,,,,,,,,,,,,,,,,,,,,,,,,,,,,,,,,,,,,,,,,,,,,,,,,,,,,,,,,,,,,,,,,,,,,,,,,,,,,,,,,,,,,,,,,,,,,,,,,,,,,,,,,,,,,,,,,,,,,,,,,,,,,,
144.0,8.47,184.32,13.17,139.0,30.17647059,4.0,,96.0,45.0,20.0,13.0,4.0,,21.0,6.0,,,,,3.69064748,52.0,20.35294118,,62.0,27.0,12.0,9.0,2.0,70.0,395.0,6.65384615,,,2.0,2.0,2.0,2.0,2.0,1.0,1.0,10.0,7.0,24.0,3.0,1.0,,,,,17.0,30.0,14.0,184.5526118,51.53670129,4.422039568,0.267556797,146.0,73.0,36.0,29.0,14.0,36.0,18.0,0.372600702,0.260820492,1.384188562,0.047237045,3.958808943,21.03491814,1.301297619,0.071570166,0.033745169,0.022052468,59.0,29.0,14.0,11.0,5.0,48.85179898,0.124789687,0.003859475,63.23141386,6.104194821,0.339126963,0.007302232,1.312242388,0.347355699,1.659598087,0.603631499,0.194519191,0.79815069,0.79815069,14.17647059,41.25001899,18.74055781,DAL,30,3.0,,,,,,,,,,,,,,,,,,,,,,,,,,,,,,,,,,,,,,,,,,,,,,,,,,,,,,,,,,,,,,,,,,,,,,,,,,,,,,,,,,,,,,,,,,,,,,,,,,,,,,,,,,,,,,,,,,,,,,,,,,,,,,,,,,,,,,,,,,,,,,,,,,,,,,,,,,,,,,,,,,,,,,,,,,,,,,,,,,,,,,,,,,,,,,,,,,,,,,,,,,,,,,,,,,,,,,,,,,,,,,,,,,,,,,,,,,,
243.0,15.19,165.43,11.82,229.0,61.875,7.0,1.0,193.0,94.0,43.0,31.0,11.0,1.0,40.0,17.0,,,1.0,,4.3231441,54.0,22.5,4.0,66.0,29.0,10.0,8.0,3.0,65.0,326.0,6.66666667,,,2.0,2.0,1.0,1.0,1.0,,,8.0,8.0,68.0,6.0,,,1.0,1.0,,16.0,49.0,23.0,134.9823718,40.71209958,4.65664306,0.273062429,115.0,57.0,28.0,23.0,11.0,26.0,13.0,0.265878759,0.186115131,0.870359527,0.029702031,4.275772271,21.74657218,1.516987616,0.073948723,0.055124462,0.036023836,61.0,30.0,15.0,12.0,6.0,41.40198224,0.131791852,0.004076037,51.58102663,7.446253155,0.347011152,0.007964251,1.385189768,0.424867347,1.810057115,0.637187293,0.237925714,0.875113007,0.875113007,14.17647059,33.23192083,17.40890587,CIN,10,4.0,,186.0,17.0,7.0,3.0,0.165347704,542.5471526,54.0,21.0,,,,,,,,,,,,,,,,,,,,,,,,,,,,,,,,,,,,,,,,,,,,,,,,,,,,,,,,,,,,,,,,,,,,,,,,,,,,,,,,,,,,,,,,,,,,,,,,,,,,,,,,,,,,,,,,,,,,,,,,,,,,,,,,,,,,,,,,,,,,,,,,,,,,,,,,,,,,,,,,,,,,,,,,,,,,,,,,,,,,,,,,,,,,,,,,,,,,,,,,,,,,,,,,,,,,,,,,,,,,,,,,,,
250.0,14.71,226.26,16.16,53.0,16.0,2.0,,49.0,20.0,6.0,5.0,1.0,,4.0,,,,,,5.13207547,,,,,,,,,,,,50.0,4.0,5.0,9.0,,,15.0,,,10.0,7.0,138.0,,1.0,,1.0,,,17.0,18.0,,48.29143807,16.17693406,1.440755627,0.07168812,45.0,22.0,11.0,9.0,4.0,9.0,4.0,0.091388561,0.063971993,0.159732277,0.00545105,4.689797734,,,,,,,,,,,,,,,,1.141845267,0.029579695,0.576557491,,6.722657908,0.265216446,,3.215344646,13.31328955,14.0,13.36136033,,LV,14,,,,,,,,,,,578.0,407.0,171.0,254.11764706,21.0,856.0,425.0,209.0,164.0,79.0,36.0,76.0,34.0,27.0,9.0,2.0,2.0,15.0,0.70415225,,7.0,6.0,3.0,209.0,478.9421872,317.8293102,161.112877,250.2221868,19.94527633,700.0,350.0,175.0,140.0,70.0,35.0,63.0,31.0,2.951921671,1.929080812,3.139343735,0.424043024,1.070157147,10.09794491,0.663606837,35.84433804,6.146100416,2.9501282,170.1406747,,,,,,,,,,,,,,,5.0,,,3.0,,,,,,,,,,,,,,,,,,,,,,,,,,,,,,,,,,,,,,,,,,,,,,,,,,,,,,,,,,,,,,,,,,,,,,,,,,,,,,,,,,,,,,,,,,,,,,,,,,,,,,,,,,,,,,,,,,,,,,,,,,,,,,,,,,,,,,,,,,,,,,,,,,,,,,,,,,,,,,,,
146.0,8.59,89.12,5.24,,,,,,,,,,,,,,,,,,,,,,,,,,,,,,,,,,,,674.0,1107.0,14.0,3.0,,,,,,,,17.0,,,,,,,,,,,,,,,,,,,,,,,,,,,,,,,,,,,,,,,,,,,17.0,,,MIN,2,,,341.0,31.0,9.0,,0.410617314,1428.384428,142.0,57.0,,,,,,,,,,,,,,,,,,,,,,,,,,,,,,,,,,,,,,,,,,,,,,,,,,,,433.0,,,,,164.0,12.0,0.19851,274.2,27.0,10.0,,,,,,9.0,0.0,1.0,5.0,2.0,3.0,24.0,2.0,49.0,98.0,2.0,3.0,12.0,361.0,215.0,64.0,95.0,1.0,324.0,1.0,4.0,4.0,0.0,5702.0,0.0,1.0,7.0,0.0,6.0,1.0,2.0,0.0,0.0,0.0,1.0,5.0,2.0,1.0,4.0,4.0,0.0,0.123188406,0.552223888,2.208895552,2.378810595,0.10145004,1.862881915,13.15024579,9.053285576,1.673107116,0.206289384,40.758297,81.516594,1.301175402,0.561706514,2.573459269,16.25710357,1132.299859,377.0,226.0,37.3455118,74.67321173,385.8042605,2.463768116,4.035482259,3.270864568,1.741629185,0.225137431,22.69436827,5901.243398,0.425,3.74,3.655,3.995,2.89,1.53,0.595,0.17,347.1319646,,,,,,,,,,,,,,,,,,,,,,,,,,,,,,,,,,,,,,,,,,,,,,,,,,,,,,,,,,,,,,,,,,,,,,,1.0,,,,,,,,,
176.0,10.35,133.43,8.9,3.0,1.05882353,,,2.0,1.0,,,,,,,,,,,6.0,93.0,41.11764706,3.0,134.0,64.0,27.0,19.0,6.0,140.0,361.0,7.51612903,,,,,,,,,,3.0,14.0,18.0,,,,,,,17.0,1.0,37.0,7.582057666,3.382488088,0.392694695,0.019050331,10.0,5.0,2.0,2.0,1.0,1.0,,0.013962347,0.009773643,0.006416605,0.000218974,6.744245869,37.80314037,1.263764695,0.071667225,0.081637613,0.05335018,114.0,57.0,28.0,22.0,11.0,62.51428491,0.553651263,0.017123235,86.78410234,9.141823099,0.090717555,0.004957459,0.121870378,1.004824794,1.126695172,0.056060374,0.562701885,0.618762259,0.618762259,15.11764706,4.551977004,29.37570769,NYG,36,14.0,,,,,3.0,,,,,,,,,,,,,,,,,,,,,,,,,,,,,,,,,,,,,,,,,,,,,,,,,,,,,,,,,,,2.0,,,,,,,,,,,,,,,,,,,,,,,,,,,,,,,,,,,,,,,,,,,,,,,,,,,,,,,,,,,,,,,,,,,,,,,,,,,,,,,,,,,,,,,,,,,,,,,,,,,,,,,,,,,,,,,,,,,,,,,,,,,,,,,,,,,,,,,,,,,,,,,,,,,,,,,,,,,,,,,,,,,,,,,,,,,
174.0,15.82,239.12,15.94,17.0,4.45454545,,,8.0,3.0,,,,,,,,,,,2.88235294,,,,,,,,,,,,21.0,4.0,3.0,7.0,,2.0,9.0,1.0,1.0,6.0,5.0,114.0,,,,,,,11.0,5.0,,38.99702182,7.586547215,1.035002756,0.046161412,22.0,11.0,5.0,4.0,2.0,7.0,3.0,0.073236758,0.051265731,0.037185593,0.001269002,2.918125614,,,,,,,,,,,,,,,,1.244363008,0.03947906,0.594778096,,8.972513587,0.273597924,,4.29491096,16.23773598,15.0,8.811449081,,MIA,21,,,,,,,,,,,399.0,291.0,108.0,260.63636364,19.0,570.0,281.0,137.0,109.0,51.0,24.0,53.0,23.0,16.0,6.0,2.0,2.0,7.0,0.72932331,2.0,10.0,6.0,1.0,161.0,517.4391742,348.1544283,169.2847459,268.3245048,22.91573729,804.0,402.0,201.0,160.0,80.0,40.0,69.0,34.0,3.602151259,2.354005848,4.41777947,0.596726171,1.198201596,11.94282502,0.672841265,31.85263037,8.377735491,4.021313036,191.2996469,,,,,,,,,,,,,,,4.0,,2.0,,,,,,,,,,,,,,,,,,,,,,,,,,,,,,,,,,,,,,,,,,,,,,,,,,,,,,,,,,,,,,,,,,,,,,,,,,,,,,,,,,,,,,,,,,,,,,,,,,,,,,,,,,,,,,,,,,,,,,,,,,,,,,,,,,,,,,,,,,,,,,,,,,,,,,,,,,,,,,,,,
162.0,9.53,132.08,7.77,,,,,,,,,,,,,,,,,,,,,,,,,,,,,,,,,,,,1.0,1.0,8.0,9.0,137.0,,,,,,,17.0,,,,,,,,,,,,,,,,,,,,,,,,,,,,,,,,,,,,,,,,,,,17.0,,,MIA,5,,,,,,,,,,,,,,,,,,,,,,,,,,,,,,,,,,,,,,,,,,,,,,,,,,,,,,,,,,,,,,,,,,,,,,,,,,,,,,,,,,,,,,,,,,,,,,,,,,,,,,,,,,,,,,,,,,,,,,,,,,,,,,,,,,,,,,,,,,,,,,,,,,,,,,,,,,,,,12.0,14.0,2.0,5.0,7.0,2.0,20.0,20.0,,37.0,41.0,4.0,26.0,28.0,2.0,12.0,14.0,2.0,1498.0,194.0,1692.0,291.0,143.0,65.0,52.0,21.0,6.0,37.0,18.0,8.0,6.0,2.0,331.0,163.0,75.0,60.0,25.0,7.0,4.402955051,6.57914803,2.176192978,7.159099291,9.15218117,1.993081879,15.91643343,16.83871055,0.922277125,27.47848777,32.57003975,5.091551982,38.76840242,41.40911308,2.640710655,4.402955051,6.57914803,2.176192978,1037.412044,234.8714191,1272.283463,,,,,,,,,,,,,,,,,,,,,
114.0,7.6,4.58,0.33,,,,,,,,,,,,,,,,,,43.0,39.26666667,3.0,111.0,51.0,21.0,16.0,4.0,68.0,150.0,13.69767442,,,,,,,,,,3.0,12.0,20.0,,,,,,1.0,15.0,,25.0,,,,,,,,,,,,,,,,,1.571070951,0.121114355,0.006568224,0.103639455,0.067728384,4.0,2.0,1.0,,,1.877479283,0.012323088,0.000381126,3.165567122,11.81361914,0.006568224,0.000165218,,0.037549586,0.037549586,,0.021027768,0.021027768,0.021027768,14.11764706,,0.0070174,NE,66,2.0,,,,,,,,,,,,,,,,,,,,,,,,,,,,,,,,,,,,,,,,,,,,,,,,,,,,,,,,,,1.0,1.0,1.0,,2.0,,,,,,,,,,,,,,,,,,,,,,,,,,,,,,,,,,,,,,,,,,,,,,,,,,,,,,,,,,,,,,,,,,,,,,,,,,,,,,,,,,,,,,,,,,,,,,,,,,,,,,,,,,,,,,,,,,,,,,,,,,,,,,,,,,,,,,,,,,,,,,,,,,,,,,,,,,,,,,,,,,,,,,,,,,,,,
159.0,9.35,137.41,9.16,,,,,,,,,,,,,,,,,,65.0,38.41176471,7.0,123.0,56.0,23.0,17.0,6.0,78.0,279.0,10.04615385,,,,3.0,,2.0,2.0,,,10.0,7.0,42.0,,,,,1.0,2.0,17.0,,32.0,,,,,,,,,,,,,,,,,38.81125623,3.851689423,0.221933167,0.119305297,0.077966012,117.0,58.0,29.0,23.0,11.0,56.5813043,0.592724095,0.018331673,81.70167571,10.36976579,0.221933167,0.002906638,,0.660599569,0.660599569,,0.369935759,0.369935759,0.369935759,15.11764706,,29.50189734,PIT,9,4.0,3.0,,,,4.0,,,,,,,,,,,,,,,,,,,,,,,,,,,,,,,,,,,,,,,,,,,,,,,,,,,,,,,,,,,,,,,,,,,,,,,2.0,,,,,,,,,,,,,,,,,,,,,,,,,,,,,,,,,,,,,,,,,,,,,,,,,,,,,,,,,,,,,,,,,,,,,,,,,,,,,,,,,,,,,,,,,,,,,,,,,,,,,,,,,,,,,,,,,,,,,,,,,,,,,,,,,,,,,,,,,,,,,,,,,,,,,,,,,,,,,,,
198.0,18.0,256.49,17.1,11.0,4.18181818,1.0,,8.0,2.0,,,,,1.0,,,,,,4.18181818,79.0,90.0,3.0,194.0,93.0,43.0,34.0,15.0,106.0,518.0,12.53164557,,,,,,,,2.0,2.0,8.0,3.0,24.0,1.0,,,,2.0,,11.0,2.0,47.0,12.41374328,5.109413244,0.652338934,0.03238526,15.0,7.0,3.0,3.0,1.0,2.0,1.0,0.022920017,0.016044012,0.014948431,0.000510133,6.222321852,81.87714011,5.88166977,0.31496727,0.313634897,0.204960405,247.0,123.0,61.0,49.0,24.0,88.52222168,4.189765647,0.129580381,135.6325858,13.98281339,0.34735253,0.007958585,0.222453877,1.586315345,1.808769222,0.102328784,0.888336593,0.990665377,0.990665377,15.11764706,5.9205953,55.56591512,LAR,26,11.0,,,,,1.0,,,,,,,,,,,,,,,,,,,,,,,,,,,,,,,,,,,,,,,,,,,,,,,,,,,,,,5.0,5.0,,,,2.0,,,,,,,,,,,,,,,,,,,,,,,,,,,,,,,,,,,,,,,,,,,,,,,,,,,,,,,,,,,,,,,,,,,,,,,,,,,,,,,,,,,,,,,,,,,,,,,,,,,,,,,,,,,,,,,,,,,,,,,,,,,,,,,,,,,,,,,,,,,,,,,,,,,,,,,,,,,,,,,,,,,,,,,,,,,
348.0,20.47,237.89,16.99,250.0,83.05882353,16.0,,275.0,133.0,63.0,48.0,19.0,5.0,43.0,18.0,2.0,1.0,5.0,,5.648,52.0,30.41176471,4.0,97.0,45.0,19.0,13.0,2.0,63.0,588.0,9.94230769,,,,1.0,,1.0,1.0,1.0,1.0,15.0,2.0,120.0,10.0,2.0,1.0,1.0,2.0,1.0,17.0,70.0,25.0,189.2259418,61.47822733,8.280739294,0.346913562,174.0,87.0,43.0,34.0,17.0,37.0,18.0,0.382854353,0.267998047,1.967213873,0.067133462,4.605839311,26.41863528,2.472896648,0.148932964,0.040984323,0.026783255,74.0,37.0,18.0,14.0,7.0,50.561546,0.193853918,0.005995482,68.15234981,7.407269669,0.495846526,0.010268982,1.841742381,0.492117208,2.333859589,0.847201495,0.275585636,1.122787132,1.122787132,14.17647059,49.16934712,21.71401504,DET,1,4.0,1.0,,,,1.0,,,,,,,,,,,,,,,,,,,,,,,,,,,,,,,,,,,,,,,,,,,,,,,,,,,,,,,,,,,,,,,,,,,,,,,1.0,,,,,,,,,,,,,,,,,,,,,,,,,,,,,,,,,,,,,,,,,,,,,,,,,,,,,,,,,,,,,,,,,,,,,,,,,,,,,,,,,,,,,,,,,,,,,,,,,,,,,,,,,,,,,,,,,,,,,,,,,,,,,,,,,,,,,,,,,,,,,,,,,,,,,,,,,,,,,,,
167.0,10.44,208.81,13.92,,,,,,,,,,,,,,,,,,60.0,45.375,7.0,138.0,65.0,29.0,22.0,8.0,83.0,343.0,12.1,,,,,,,,2.0,2.0,14.0,2.0,42.0,,,,,,2.0,16.0,,39.0,,,,,,,,,,,,,,,,,56.86919096,6.573257177,0.395841835,0.122694239,0.080180685,171.0,85.0,42.0,34.0,17.0,84.10762343,1.695837285,0.052448576,118.772269,10.22176495,0.395841835,0.002119118,,0.481617697,0.481617697,,0.26970591,0.26970591,0.26970591,15.11764706,,44.41703424,DET,8,5.0,,,,,4.0,,,,,,,,,,,,,,,,,,,,,,,,,,,,,,,,,,,,,,,,,,,,,,,,,,,,,,1.0,1.0,,1.0,1.0,,,,,,,,,,,,,,,,,,,,,,,,,,,,,,,,,,,,,,,,,,,,,,,,,,,,,,,,,,,,,,,,,,,,,,,,,,,,,,,,,,,,,,,,,,,,,,,,,,,,,,,,,,,,,,,,,,,,,,,,,,,,,,,,,,,,,,,,,,,,,,,,,,,,,,,,,,,,,,,,,,,,,,,,,,,,
187.0,11.69,224.48,16.03,144.0,38.3125,3.0,,117.0,55.0,22.0,17.0,4.0,,26.0,10.0,,,,,4.25694444,51.0,24.5625,6.0,75.0,33.0,11.0,10.0,3.0,57.0,516.0,7.70588235,,1.0,2.0,3.0,2.0,3.0,3.0,,1.0,9.0,7.0,54.0,3.0,,,,3.0,1.0,16.0,35.0,18.0,212.3401366,60.88994296,6.138738649,0.398210274,172.0,86.0,43.0,34.0,17.0,42.0,21.0,0.434925708,0.304447995,1.956039089,0.06675211,4.065196997,27.87091325,1.723967819,0.080894275,0.057228605,0.037398893,79.0,39.0,19.0,15.0,7.0,53.61164882,0.217316633,0.006721133,65.36034937,7.36987559,0.47910455,0.010666054,1.935442531,0.488660632,2.424103163,0.890303564,0.273649954,1.163953518,1.163953518,14.17647059,48.69514693,22.67072652,TB,22,6.0,1.0,,,,2.0,,,,,,,,,,,,,,,,,,,,,,,,1.0,,,,,,,,,,,,,,,,,,,,,,,,,,,,,,,,1.0,,,,,,,,,,,,,,,1.0,,,,,,,,,,,,,,,,,,,,,,,,,,,,,,,,,,,,,,,,,,,,,,,,,,,,,,,,,,,,,,,,,,,,,,,,,,,,,,,,,,,,,,,,,,,,,,,,,,,,,,,,,,,,,,,,,,,,,,,,,,,,,,,,,,,,,,,,,,,,,,,,,,,,,,,,,,,,,,,
178.0,11.87,201.64,15.51,,,,,,,,,,,,,,,,,,70.0,49.6,7.0,143.0,68.0,31.0,23.0,5.0,121.0,240.0,10.62857143,,,,1.0,,,1.0,,,5.0,10.0,42.0,,,,,1.0,,15.0,,43.0,2.085193369,0.909748887,0.093699606,0.005193648,2.0,1.0,,,,,,0.0038284,0.00267988,0.000309873,1.05748e-05,5.966906512,64.5689016,4.792893168,0.241332327,0.115825692,0.07569209,176.0,88.0,44.0,35.0,17.0,84.508937,1.817506651,0.056211546,123.5751426,10.4494828,0.246525975,0.00678548,0.037135203,1.505019422,1.542154625,0.017082193,0.842810876,0.859893069,0.859893069,13.67647059,2.688638434,44.42428834,CHI,33,7.0,1.0,,,,4.0,,,,,1.0,,1.0,,,,,,,,,,,,,,,1.0,,,,,,,,,,,,,,,,,,,,,,,,,,,,,,,,1.0,1.0,,1.0,,,1.0,,,,,,,,,,,,,,,,,,,,,,,,,,,,,,,,,,,,,,,,,,,,,,,,,,,,,,,,,,,,,,,,,,,,,,,,,,,,,,,,,,,,,,,,,,,,,,,,,,,,,,,,,,,,,,,,,,,,,,,,,,,,,,,,,,,,,,,,,,,,,,,,,,,,,,,,,,,,,,,,,,,,,,,,,,
233.0,14.56,177.29,11.82,,,,,,,,,,,,,,,,,,82.0,71.8125,7.0,222.0,107.0,50.0,37.0,14.0,112.0,390.0,14.01219512,,,,2.0,,,,2.0,2.0,11.0,5.0,44.0,,,,,1.0,,16.0,,52.0,2.223599097,0.904851743,0.074318382,0.00413527,2.0,1.0,,,,,,0.004082819,0.002857973,0.000384757,1.31303e-05,6.15184154,54.0668106,4.995994057,0.252573777,0.205150224,0.134065671,163.0,81.0,40.0,32.0,16.0,64.55206896,1.484575287,0.0459147,99.84281889,12.66207224,0.256709047,0.003121734,0.023625524,0.685859445,0.709484969,0.010867741,0.384081289,0.39494903,0.39494903,15.11764706,2.724368532,38.14643955,LAC,13,12.0,2.0,,,,4.0,0.087750346,287.9308227,28.0,11.0,,,,,,,,,,,,,,,,,,,,,,,,,,,,,,,,,,,,,,,,,,,,,,,,,1.0,3.0,3.0,,2.0,1.0,,,28.0,2.0,0.00855,13.8,1.0,,,,,,,,,,,,,,,,,,,,,,,,1.0,,,,,,,,,,,,,,,,,,,,,,,,,,,,,,,,,,,,,,,,,,,,,,,,,,,,,,,,,,,,,,,,,,,,,,,,,,,,,,,,,,,,,,,,,,,,,,,,,,,,,,,,,,,,,,,,,,,,,,,,,,,,,,,,,,,,,,,,,,,,,
185.0,10.88,142.08,8.36,,,,,,,,,,,,,,,,,,,,,,,,,,,,,,,,,,,,,,7.0,10.0,150.0,,,,,,,17.0,,,,,,,,,,,,,,,,,,,,,,,,,,,,,,,,,,,,,,,,,,,17.0,,,DAL,2,,,,,,,,,,,,,,,,,,,,,,,,,,,,,,,,,,,,,,,,,,,,,,,,,,,,,,,,,,,,,,,,,,,,,,,,,,,,,,,,,,,,,,,,,,,,,,,,,,,,,,,,,,,,,,,,,,,,,,,,,,,,,,,,,,,,,,,,,,,,,,,,,,,,,,,,,,,,,14.0,17.0,3.0,14.0,16.0,2.0,12.0,14.0,2.0,40.0,47.0,7.0,30.0,30.0,,12.0,13.0,1.0,1769.0,299.0,2068.0,346.0,169.0,79.0,64.0,27.0,9.0,59.0,29.0,13.0,10.0,4.0,406.0,199.0,94.0,75.0,33.0,11.0,4.672553543,6.566606582,1.894053039,7.532163389,9.134734899,1.60257151,16.59758618,16.8066119,0.209025716,28.80230311,32.50795338,3.705650264,42.50375996,43.43487832,0.931118354,4.672553543,6.566606582,1.894053039,1089.192829,180.6653535,1269.858183,,,,,,,,,4.0,2.0,,,,,,,,2.0,,,
275.0,16.18,171.18,11.41,6.0,2.82352941,,,7.0,3.0,,,,,,,,,,,8.0,87.0,75.41176471,10.0,250.0,121.0,58.0,43.0,16.0,133.0,562.0,14.73563218,,,,,,,,1.0,1.0,4.0,13.0,64.0,,,,,4.0,,17.0,3.0,53.0,,,,,,,,,,,,,,,,,53.8766538,4.818982384,0.297507868,0.19676336,0.128584856,162.0,81.0,40.0,32.0,16.0,61.38054196,1.463313897,0.045257131,100.4852712,13.26948591,0.297507868,0.002869514,,0.65216228,0.65216228,,0.365210877,0.365210877,0.365210877,15.11764706,,37.27188754,JAX,4,11.0,,,,,4.0,,,,,,,,,,,,,,,,,,,,,,,,,,,,,,,,,,,,,,,,,,,,,,,,,,,,,2.0,4.0,4.0,,2.0,2.0,1.0,,,,,,,,,,,,,,,,,,,,,,,,,,,,,,,,,,,,,,,,,,,,,,,,,,,,,,,,,,,,,,,,,,,,,,,,,,,,,,,,,,,,,,,,,,,,,,,,,,,,,,,,,,,,,,,,,,,,,,,,,,,,,,,,,,,,,,,,,,,,,,,,,,,,,,,,,,,,,,,,,,,,,,,,,,,
185.0,11.56,147.57,10.54,235.0,67.4375,2.0,,210.0,101.0,47.0,37.0,13.0,4.0,41.0,17.0,,,4.0,,4.59148936,39.0,15.5625,3.0,44.0,19.0,6.0,5.0,,49.0,272.0,6.38461538,,3.0,4.0,3.0,3.0,2.0,2.0,1.0,1.0,7.0,9.0,30.0,2.0,,,,1.0,1.0,16.0,53.0,13.0,153.7522182,46.21823279,4.514262419,0.263193806,131.0,65.0,32.0,26.0,13.0,30.0,15.0,0.305746006,0.214022204,1.121288167,0.038265263,4.261476196,15.10483967,1.050412355,0.050917997,0.050912902,0.033271582,42.0,21.0,10.0,8.0,4.0,27.78718803,0.079961593,0.002473039,36.55072571,7.706188734,0.314111802,0.003401641,0.654766226,0.118333982,0.773100208,0.301192464,0.06626703,0.367459494,0.367459494,14.17647059,36.90174151,11.51839324,CAR,23,2.0,,,,,1.0,0.079459308,260.725856,26.0,10.0,,,,,,,,,,,,,,,,,,,,3.0,,,,,,,,,,,,,,,,,,,,,,,,,,,,,,,,,,,,,,,,,,,,,,,,,,,,,,,,,,,,,,,,,,,,,,,,,,,,,,,,,,,,,,,,,,,,,,,,,,,,,,,,,,,,,,,,,,,,,,,,,,,,,,,,,,,,,,,,,,,,,,,,,,,,,,,,,,,,,,,,,,,,,,,,,,,,,,,,,,,,,,,,,,,,,,,,,,,,,,,,,,,,,,
155.0,9.12,89.02,5.93,3.0,0.35294118,,,,,,,,,,,,,,,2.0,50.0,41.58823529,7.0,133.0,63.0,26.0,22.0,6.0,70.0,456.0,14.14,,,,1.0,,1.0,1.0,,1.0,11.0,6.0,44.0,,,,,4.0,,17.0,3.0,30.0,,,,,,,,,,,,,,,,,24.42241545,2.564870747,0.121630789,0.106802196,0.069795235,73.0,36.0,18.0,14.0,7.0,37.86253775,0.186596828,0.005771036,52.65836422,9.751313012,0.121630789,0.001907917,,0.433617488,0.433617488,,0.242825794,0.242825794,0.242825794,15.11764706,,18.71057511,GB,10,2.0,1.0,,,,2.0,,,,,,,,,,,,,,,,,,,,,,,,,,,,,,,,,,,,,,,,,,,,,,,,,,,,,1.0,,,1.0,1.0,1.0,,,,,,,,,,,,,1.0,,,,,,,,,,,,,,,,,,,,,,,,,,,,,,,,,,,,,,,,,,,,,,,,,,,,,,,,,,,,,,,,,,,,,,,,,,,,,,,,,,,,,,,,,,,,,,,,,,,,,,,,,,,,,,,,,,,,,,,,,,,,,,,,,,,,,,,,,,,,,,,,,,,,,,,,,,,,,,,
178.0,12.71,110.48,8.5,1.0,0.85714286,,,2.0,1.0,,,,,,,,,,,12.0,72.0,57.35714286,5.0,154.0,75.0,36.0,25.0,10.0,107.0,396.0,11.15277778,,,,,,,,2.0,2.0,7.0,7.0,30.0,,,,,1.0,2.0,14.0,1.0,40.0,,,,,,,,,,,,,,,,,39.29835955,2.227925217,0.162332022,0.126036216,0.082364667,103.0,51.0,25.0,20.0,10.0,46.21146526,0.467800315,0.014468051,70.08714426,11.20530751,0.162332022,0.003268237,,0.742781048,0.742781048,,0.415957387,0.415957387,0.415957387,13.17647059,,24.64134034,IND,33,8.0,,,,,1.0,0.040851803,134.0449785,13.0,5.0,,,,,,,,,,,,,,,,,,,,,,,,,,,,,,,,,,,,,,,,,,,,,,,,,,1.0,1.0,,1.0,1.0,1.0,,161.0,13.0,0.024225,39.1,3.0,1.0,,,,,,,,,,,,,,,,,,,,,,,3.0,,,,,,,,,,,,,,,,,,,,,,,,,,,,,,,,,,,,,,,,,,,,,,,,,,,,,,,,,,,,,,,,,,,,,,,,,,,,,,,,,,,,,,,,,,,,,,,,,,,,,,,,,,,,,,,,,,,,,,,,,,,,,,,,,,,,,,,,,,,,,
165.0,12.69,204.16,14.58,54.0,32.38461538,2.0,,79.0,36.0,14.0,11.0,2.0,,6.0,,,,,,7.7962963,,,,,,,,,,,,34.0,6.0,4.0,9.0,2.0,6.0,16.0,1.0,1.0,3.0,10.0,102.0,1.0,1.0,,,,,13.0,22.0,,61.86370893,22.05881414,2.369901876,0.123886145,61.0,30.0,15.0,12.0,6.0,12.0,6.0,0.118089478,0.082662634,0.297168655,0.010141226,4.991996167,,,,,,,,,,,,,,,,0.965706939,0.034270327,0.829922962,,7.788710764,0.381764563,,3.721982707,16.25296148,14.0,17.65904918,,NE,23,,,,,,,,,,,338.0,225.0,113.0,175.07692308,15.0,450.0,223.0,110.0,85.0,40.0,18.0,39.0,17.0,18.0,8.0,1.0,,10.0,0.66568047,4.0,7.0,2.0,2.0,112.0,481.497754,304.214975,177.282779,228.806946,15.57775426,640.0,320.0,160.0,128.0,64.0,32.0,60.0,30.0,2.503119019,1.635788279,2.259191791,0.305157575,0.841820795,12.53097877,0.631809749,37.22078107,6.958787802,3.340218145,157.7176,,,,,,,,,,,,,,,,,2.0,3.0,,,,,,,,,,,,,,,,,,,,,,,,,,,,,,,,,,,,,,,,,,,,,,,,,,,,,,,,,,,,,,,,,,,,,,,,,,,,,,,,,,,,,,,,,,,,,,,,,,,,,,,,,,,,,,,,,,,,,,,,,,,,,,,,,,,,,,,,,,,,,,,,,,,,,,,,,,,,,,,,
163.0,9.59,71.49,4.21,,,,,,,,,,,,,,,,,,,,,,,,,,,,,,,,,,,,695.0,1156.0,10.0,7.0,,,,,,,,17.0,,,,,,,,,,,,,,,,,,,,,,,,,,,,,,,,,,,,,,,,,,,17.0,,,DEN,1,,,364.0,34.0,12.0,,1.140948226,1804.541617,180.0,72.0,,,,,,,,,,,,,,,,,,,,,,,,,,,,,,,,,,,,,,,,,,,,,,,,,,,,461.0,,,,,408.0,35.0,0.13851,481.8,48.0,19.0,,,,,,9.0,1.0,1.0,5.0,2.0,5.0,15.0,,63.0,126.0,3.0,5.0,12.0,380.0,223.0,90.0,68.0,10.0,311.0,2.0,2.0,3.0,1.0,5391.0,1.0,0.0,6.0,4.0,4.0,0.0,1.0,0.0,1.0,1.0,1.0,5.0,2.0,2.0,2.0,3.0,1.0,0.039045337,0.169762333,1.137407629,1.76552826,0.113085206,1.846996299,12.27017708,8.737973434,1.834054055,0.225522878,39.25925013,78.51850025,1.280491178,0.566505121,3.239539731,13.77537325,1089.025093,363.0,217.0,38.65569375,69.31270697,410.8418304,2.461553825,4.566606751,4.108248452,2.427601358,0.324246056,24.16716649,6199.675496,0.09331803,1.527022307,2.875892011,4.428364689,4.097509856,2.62987175,1.034981786,0.313039573,364.6867939,,,,,,,,,,,,,,,,,,,,,,,,,,,,,,,,,,,,,,,,,,,,,,,,,,,,,,,,,,,,2.0,,,,,,,,,,,2.0,,,,,,,,,
246.0,14.47,263.35,17.56,22.0,6.29411765,,,20.0,7.0,3.0,2.0,,,2.0,,,,,,4.86363636,,,,,,,,,,,,40.0,5.0,,5.0,,2.0,13.0,,,5.0,12.0,168.0,,,,,,,17.0,7.0,,34.24495203,7.297753306,2.073056054,0.114253534,21.0,10.0,5.0,4.0,2.0,6.0,3.0,0.064128247,0.044889773,0.034379409,0.001173237,3.196567468,,,,,,,,,,,,,,,,1.476546256,0.027534125,0.364923476,,6.257755655,0.167864799,,2.996424245,12.02717907,15.0,9.150348023,,None,15,,,,,,,,,,,584.0,368.0,216.0,229.23529412,28.0,772.0,382.0,186.0,149.0,69.0,29.0,65.0,29.0,36.0,14.0,2.0,2.0,11.0,0.63013699,2.0,13.0,5.0,5.0,192.0,520.9604116,341.8861217,179.0742899,256.5768104,27.21086703,769.0,384.0,192.0,153.0,76.0,38.0,68.0,34.0,3.313846601,2.165598754,3.707178919,0.500742669,1.362292722,9.030754825,0.656261232,32.03156769,5.892832179,2.828559446,187.3491829,,,,,,,,,,,,,,,1.0,,2.0,2.0,,,,,,,,,,,,,,,,,,,,,,,,,,,,,,,,,,,,,,,,,,,,,,,,,,,,,,,,,,,,,,,,,,,,,,,,,,,,,,,,,,,,,,,,,,,,,,,,,,,,,,,,,,,,,,,,,,,,,,,,,,,,,,,,,,,,,,,,,,,,,,,,,,,,,,,,,,,,,,,,
83.0,4.88,117.45,6.91,,,,,,,,,,,,,,,,,,,,,,,,,,,,,,,,,,,,726.0,1178.0,5.0,12.0,,,,,,,,17.0,,,,,,,,,,,,,,,,,,,,,,,,,,,,,,,,,,,,,,,,,,,17.0,,,NO,16,,,1000.0,95.0,34.0,,0.331512497,1393.049346,139.0,55.0,,,,,,,,,,,,,,,,,,,,,,,,,,,,,,,,,,,,,,,,,,,,,,,,,,,,452.0,,,,,301.0,25.0,0.265176667,350.7333333,35.0,14.0,,,,,,3.0,0.0,0.0,2.0,3.0,,14.0,4.0,39.0,78.0,,1.0,11.0,386.0,230.0,57.0,93.0,7.0,380.0,4.0,6.0,1.0,1.0,6459.0,0.0,1.0,1.0,4.0,5.0,2.0,3.0,0.0,1.0,0.0,0.0,2.0,3.0,4.0,6.0,1.0,1.0,0.254378941,1.14853368,3.879491542,3.335001501,0.11770184,1.879804393,13.83704316,8.802419554,1.736984678,0.215715943,39.74032777,79.48065554,1.309020385,0.570784008,2.594195397,9.831645179,1008.803706,336.0,201.0,31.803484,80.4126464,339.4335785,2.467220498,3.207386648,1.965268742,0.672104894,0.070613552,19.96668109,5670.787641,0.629755707,5.106127353,4.135963156,3.727472968,2.144573488,0.851021225,0.323388066,0.081698038,333.5757436,,,,,,,,,,,,,,,,,,,,,,,,,,,,,,,,,,,,,,,,,,,,,,,,,,,,,,,,,,,,1.0,,,,,,,,,,1.0,,,,,,,,,,
65.0,6.5,154.06,10.27,3.0,-0.3,,,1.0,,,,,,,,,,,,-1.0,26.0,25.9,3.0,48.0,21.0,7.0,5.0,1.0,54.0,55.0,9.96153846,,,,,,,,,,5.0,5.0,18.0,,,,,,1.0,10.0,,19.0,4.198582637,1.745016478,0.180806877,0.010542788,5.0,2.0,1.0,1.0,,,,0.007717474,0.005402232,0.001617193,5.51886e-05,6.283202097,44.17551626,4.689835377,0.227281679,0.168667817,0.110224418,133.0,66.0,33.0,26.0,13.0,57.29059773,0.847185816,0.026201623,85.6521423,11.6568842,0.237824466,0.003772395,0.058542126,0.798820387,0.857362513,0.026929378,0.447339417,0.474268795,0.474268795,15.11764706,3.352606379,32.24258141,DAL,96,,,,,,2.0,,,,,,,,,,,,,,,,,,,,,,,,,,,,,,,,,,,,,,,,,,,,,,,,,,,,,,,,,,,,,,,,,,,,,,,,,,,,,,,,,,,,,,,,,,,,,,,,,,,,,,,,,,,,,,,,,,,,,,,,,,,,,,,,,,,,,,,,,,,,,,,,,,,,,,,,,,,,,,,,,,,,,,,,,,,,,,,,,,,,,,,,,,,,,,,,,,,,,,,,,,,,,,,,,,,,,,,,,,,,,,,,,,,,,,
253.0,16.87,315.5,21.03,14.0,4.66666667,,,11.0,4.0,1.0,1.0,,,,,,,,,5.0,101.0,79.6,6.0,233.0,112.0,53.0,38.0,15.0,152.0,537.0,11.82178218,,,,1.0,,1.0,1.0,3.0,3.0,7.0,8.0,38.0,,,,,2.0,1.0,15.0,4.0,54.0,12.59574791,5.682278976,0.787392838,0.045912609,17.0,8.0,4.0,3.0,1.0,2.0,1.0,0.023258451,0.016280916,0.018573153,0.00063383,6.819975174,93.02870559,8.549613352,0.41435135,0.273050015,0.178438185,281.0,140.0,70.0,56.0,28.0,112.8483528,5.439254941,0.16822438,159.8549407,12.46252252,0.460263958,0.009400621,0.214524836,1.921979902,2.136504738,0.098681424,1.076308745,1.17499017,1.17499017,15.11764706,6.324756161,66.85053129,DAL,8,14.0,1.0,,,,1.0,,,,,,,,,,,,,,,,,,,,,,,,,,,,,,,,,,,,,,,,,,,,,,,,,,,,,1.0,3.0,3.0,,2.0,2.0,2.0,,,,,,,,,,,,1.0,,,,,,,,,,,,,,,,,,,,,,,,,,,,,,,,,,,,,,,,,,,,,,,,,,,,,,,,,,,,,,,,,,,,,,,,,,,,,,,,,,,,,,,,,,,,,,,,,,,,,,,,,,,,,,,,,,,,,,,,,,,,,,,,,,,,,,,,,,,,,,,,,,,,,,,,,,,,,,,
119.0,7.93,224.76,16.05,150.0,37.2,2.0,,106.0,50.0,23.0,14.0,4.0,,23.0,10.0,,,,,3.72,39.0,16.93333333,,48.0,20.0,7.0,5.0,1.0,52.0,296.0,6.51282051,,,1.0,1.0,1.0,1.0,1.0,1.0,1.0,3.0,12.0,12.0,2.0,,,,,,15.0,31.0,13.0,225.4381767,67.08899147,6.991069751,0.417287504,190.0,95.0,47.0,38.0,19.0,45.0,22.0,0.464276206,0.324993344,2.33749507,0.079769739,4.218828986,25.04176669,1.138724874,0.070313462,0.054263677,0.035461313,71.0,35.0,17.0,14.0,7.0,46.69819587,0.172415818,0.005332448,59.40082445,7.602089598,0.487600966,0.008024469,1.510791396,0.312951575,1.823742971,0.694964042,0.175252882,0.870216924,0.870216924,14.17647059,53.09362659,19.74960526,JAX,35,1.0,,,,,,,,,,,,,,,,,,,,,,,,,,,,,,,,,,,,,,,,,,,,,,,,,,,,,,,,,,,,,,,,,,,,,,,,,,,,,,,,,,,,,,,,,,,,,,,,,,,,,,,,,,,,,,,,,,,,,,,,,,,,,,,,,,,,,,,,,,,,,,,,,,,,,,,,,,,,,,,,,,,,,,,,,,,,,,,,,,,,,,,,,,,,,,,,,,,,,,,,,,,,,,,,,,,,,,,,,,,,,,,,,,,,,,,,,,,
235.0,16.79,233.17,15.54,,,,,,,,,,,,,,,,,,85.0,75.92857143,8.0,207.0,100.0,46.0,35.0,14.0,141.0,473.0,12.50588235,,,,,,,,2.0,2.0,4.0,10.0,50.0,,,,,,,14.0,,49.0,,,,,,,,,,,,,,,,,75.95842477,5.106554273,0.287871114,0.191299642,0.125014316,229.0,114.0,57.0,45.0,22.0,89.13657982,3.534697354,0.109320537,142.7011148,12.88261967,0.287871114,0.004762831,,1.082461607,1.082461607,,0.6061785,0.6061785,0.6061785,15.11764706,,52.9215647,LAR,11,11.0,,,,,5.0,,,,,,,,,,,,,,,,,,,,,,,,,,,,,,,,,,,,,,,,,,,,,,,,,,,,,1.0,3.0,3.0,,1.0,1.0,,1.0,,,,,,,,,,,,,,,,,,,,,,,,,,,,,,,,,,,,,,,,,,,,,,,,,,,,,,,,,,,,,,,,,,,,,,,,,,,,,,,,,,,,,,,,,,,,,,,,,,,,,,,,,,,,,,,,,,,,,,,,,,,,,,,,,,,,,,,,,,,,,,,,,,,,,,,,,,,,,,,,,,,,,,,,,,
216.0,18.0,201.2,14.37,,,,,,,,,,,,,,,,,,73.0,75.91666667,10.0,176.0,85.0,40.0,31.0,12.0,109.0,228.0,12.47945205,,,,1.0,,1.0,1.0,1.0,1.0,8.0,4.0,60.0,,,,,2.0,1.0,12.0,,48.0,,,,,,,,,,,,,,,,,68.58939426,6.6864329,0.326002184,0.272900826,0.17834069,193.0,96.0,48.0,38.0,19.0,65.58613655,2.546130512,0.078746304,108.3991478,14.76410887,0.326002184,0.004649618,,1.05673132,1.05673132,,0.591769539,0.591769539,0.591769539,14.11764706,,43.30384129,CIN,17,9.0,1.0,,,,4.0,,,,,,,,,,,,,,,,,,,,,,,,,,,,,,,,,,,,,,,,,,,,,,,,,,,,,,2.0,2.0,,1.0,,1.0,1.0,,,,,,,,,,,1.0,,,,,,,,,,,,,,,,,,,,,,,,,,,,,,,,,,,,,,,,,,,,,,,,,,,,,,,,,,,,,,,,,,,,,,,,,,,,,,,,,,,,,,,,,,,,,,,,,,,,,,,,,,,,,,,,,,,,,,,,,,,,,,,,,,,,,,,,,,,,,,,,,,,,,,,,,,,,,,,
241.0,15.06,177.22,13.63,236.0,68.375,8.0,2.0,212.0,103.0,48.0,37.0,17.0,6.0,40.0,14.0,,,6.0,,4.63559322,47.0,25.875,1.0,75.0,35.0,14.0,10.0,2.0,55.0,483.0,8.80851064,,1.0,2.0,4.0,,1.0,1.0,2.0,3.0,7.0,9.0,58.0,8.0,,,,,,16.0,67.0,17.0,176.5708937,61.41678594,5.782772834,0.396368024,162.0,81.0,40.0,32.0,16.0,35.0,17.0,0.355177576,0.248624304,1.722212247,0.058772497,4.603642245,16.84853962,1.095154984,0.103679638,0.043839209,0.028648923,44.0,22.0,11.0,8.0,4.0,33.20840877,0.08398544,0.002597488,39.72657031,6.715027475,0.500047662,0.005985774,1.145049138,0.215354066,1.360403204,0.526722604,0.120598277,0.64732088,0.64732088,13.23529412,44.557092,13.01674509,ARI,11,3.0,2.0,,,,1.0,,,,,,,,,,,,,,,,,,,,,,,,,,,,,,,,,,,,,,,,,,,,,,,,,,,,,,,,1.0,,,,,,,,,,,,,,,1.0,,,,,,,,,,,,,1.0,,,,,,,,,,,,,,,,,,,,,,,,,,,,,,,,,,,,,,,,,,,,,,,,,,,,,,,,,,,,,,,,,,,,,,,,,,,,,,,,,,,,,,,,,,,,,,,,,,,,,,,,,,,,,,,,,,,,,,,,,,,,,,,,,,,,,,,,,,,,,,,,,,
222.0,14.8,205.75,17.15,25.0,5.53333333,1.0,,13.0,5.0,1.0,,,,1.0,,,,,,3.32,,,,,,,,,,,,14.0,1.0,3.0,4.0,,,11.0,,,9.0,6.0,156.0,1.0,,,,,,15.0,9.0,,40.35321902,13.85061236,2.018071921,0.126349512,33.0,16.0,8.0,6.0,3.0,8.0,4.0,0.076306074,0.053414252,0.100049388,0.003414302,4.118812633,,,,,,,,,,,,,,,,1.114776099,0.030456698,0.57861576,,6.921976726,0.26616325,,3.310976513,13.54340251,12.0,11.03068837,,GB,17,,,,,,,,,,,425.0,268.0,157.0,225.93333333,25.0,671.0,332.0,164.0,127.0,61.0,25.0,47.0,21.0,26.0,9.0,3.0,2.0,11.0,0.63058824,,9.0,10.0,2.0,151.0,416.0160134,264.5739529,151.4420605,248.6466748,20.8280685,596.0,298.0,149.0,119.0,59.0,29.0,52.0,26.0,2.502040404,1.635083404,2.636714299,0.356150967,0.988426587,10.232426,0.635970598,26.37607486,6.343360966,3.044813264,144.9217701,,,,,,,,,,,,,,,1.0,,3.0,1.0,,,,,,,,,,,,,,,,,,,,,,,,,,,,,,,,,,,,,,,,,,,,,,,,,,,,,,,,,,,,,,,,,,,,,,,,,,,,,,,,,,,,,,,,,,,,,,,,,,,,,,,,,,,,,,,,,,,,,,,,,,,,,,,,,,,,,,,,,,,,,,,,,,,,,,,,,,,,,,,,
211.0,14.07,173.21,11.55,2.0,1.53333333,,,4.0,2.0,1.0,,,,,,,,,,11.5,87.0,68.46666667,4.0,199.0,96.0,46.0,33.0,14.0,129.0,293.0,11.8045977,1.0,,,,,,,2.0,3.0,4.0,11.0,26.0,,,,,1.0,1.0,15.0,1.0,52.0,4.189097536,1.684661698,0.295336667,0.014200977,5.0,2.0,1.0,1.0,,,,0.007699971,0.00538998,0.001496068,5.10551e-05,6.079619953,51.41595301,3.369065934,0.189897268,0.120962454,0.079048964,155.0,77.0,38.0,31.0,15.0,72.84167378,1.288342564,0.039845646,107.7839669,10.67092765,0.209457778,0.004836064,0.057409439,0.998257876,1.099105564,0.026408342,0.559024411,0.606283112,0.706138569,15.11764706,3.406604066,38.2655337,LV,18,12.0,,,,,2.0,,,,,,,,,,,,,,,,,,,,,,,,,,,,,2.933248498,1.783502633,1.149745864,1.227789081,0.086104176,3.0,1.0,,,,,,,0.070758309,0.046240555,0.029807865,0.004026261,0.005359533,0.099855458,0.608029846,0.236388148,0.043438249,0.020850359,-3.029234051,1.0,3.0,3.0,1.0,,,1.0,,,,,,,,,,,,,,,,,,,,,,,,,,,,,,,,,,,,,,,,,,,,,,,,,,,,,,,,,,,,,,,,,,,,,,,,,,,,,,,,,,,,,,,,,,,,,,,,,,,,,,,,,,,,,,,,,,,,,,,,,,,,,,,,,,,,,,,,,,,,,,,,,,,,,,,,,,,,,,,,,,,,,,,,,,,
86.0,9.56,182.47,12.16,,,,,,,,,,,,,,,,,,47.0,40.55555556,1.0,71.0,33.0,15.0,11.0,2.0,64.0,150.0,7.76595745,,,,1.0,,1.0,1.0,1.0,1.0,2.0,7.0,8.0,,,,,1.0,,9.0,,17.0,,,,,,,,,,,,,,,,,52.08782209,3.088184431,0.19060883,0.08464486,0.055315416,157.0,78.0,39.0,31.0,15.0,86.99342715,1.335813234,0.041313811,118.4472701,9.051779384,0.19060883,0.005783765,,1.314491948,1.314491948,,0.736115491,0.736115491,0.736115491,15.11764706,,41.65642054,DEN,31,7.0,1.0,,,,,,,,,,,,,,,,,,,,,,,,,,,,,,,,,,,,,,,,,,,,,,,,,,,,,,,,,1.0,1.0,1.0,,,,1.0,,,,,,,,,,,,1.0,,,,,,,,,,,,,,,,,,,,,,,,,,,,,,,,,,,,,,,,,,,,,,,,,,,,,,,,,,,,,,,,,,,,,,,,,,,,,,,,,,,,,,,,,,,,,,,,,,,,,,,,,,,,,,,,,,,,,,,,,,,,,,,,,,,,,,,,,,,,,,,,,,,,,,,,,,,,,,,
81.0,8.1,129.44,12.94,,,,,,,,,,,,,,,,,,41.0,45.5,,86.0,40.0,18.0,14.0,5.0,62.0,145.0,11.09756098,,,,,,,,,,9.0,1.0,,,,,,,,10.0,,30.0,,,,,,,,,,,,,,,,,51.69446802,2.586700296,0.133503068,0.064512303,0.04215879,113.0,56.0,28.0,22.0,11.0,58.31808125,0.991570373,0.030667125,83.54502747,9.698506621,0.133503068,0.00266563,,0.605825067,0.605825067,,0.339262038,0.339262038,0.339262038,10.94117647,,29.13577847,MIN,34,4.0,,,,,,,,,,,,,,,,,,,,,,,,,,,,,,,,,,,,,,,,,,,,,,,,,,,,,,,,,,,1.0,1.0,,,,,,,,,,,,,,,,,,,,,,,,,,,,,,,,,,,,,,,,,,,,,,,,,,,,,,,,,,,,,,,,,,,,,,,,,,,,,,,,,,,,,,,,,,,,,,,,,,,,,,,,,,,,,,,,,,,,,,,,,,,,,,,,,,,,,,,,,,,,,,,,,,,,,,,,,,,,,,,,,,,,,,,,,,,,,,,
29.0,2.07,47.75,3.41,32.0,10.21428571,,,25.0,10.0,4.0,4.0,,,3.0,,,,,,4.46875,12.0,6.85714286,,17.0,7.0,2.0,1.0,,19.0,101.0,8.0,,,,,,,,,1.0,3.0,11.0,,,,,,,,14.0,7.0,3.0,54.45553402,17.02907514,1.292965418,0.07714292,48.0,24.0,12.0,9.0,4.0,10.0,5.0,0.102870102,0.072009071,0.151430466,0.005167741,4.433198338,4.405215258,0.226824369,0.013998669,0.040345417,0.02636573,12.0,6.0,3.0,2.0,1.0,8.851193982,0.030301963,0.000937174,11.38403455,7.055590993,0.091141589,0.001935687,0.378420417,0.061508395,0.439928813,0.174073392,0.034444701,0.208518093,0.208518093,14.17647059,14.49560484,2.682658038,JAX,78,,,,,,,,,,,,,,,,,,,,,,,,,,,,,,,,,,,,,,,,,,,,,,,,,,,,,,,,,,,,,,1.0,,,,,,,,,,,,,,,,,,,,,,,,,,,,,,,,,,,,,,,,,,,,,,,,,,,,,,,,,,,,,,,,,,,,,,,,,,,,,,,,,,,,,,,,,,,,,,,,,,,,,,,,,,,,,,,,,,,,,,,,,,,,,,,,,,,,,,,,,,,,,,,,,,,,,,,,,,,,,,,,,,,,,,,,,,,,,,
163.0,14.82,175.73,14.64,43.0,14.09090909,2.0,,27.0,11.0,3.0,3.0,1.0,,2.0,,,,,,3.60465116,,,,,,,,,,,,33.0,4.0,2.0,5.0,2.0,4.0,9.0,,,6.0,5.0,108.0,2.0,,,,,,11.0,16.0,,53.59552615,20.67110487,1.858562998,0.08744576,49.0,24.0,12.0,9.0,4.0,10.0,5.0,0.102349948,0.071644964,0.223903778,0.007640977,4.628245607,,,,,,,,,,,,,,,,0.877425952,0.028774746,0.750266576,,6.539714938,0.345122625,,3.124057839,11.66955115,12.0,14.47983993,,PIT,24,,,,,,,,,,,336.0,214.0,122.0,225.63636364,16.0,492.0,242.0,118.0,94.0,45.0,20.0,38.0,17.0,18.0,7.0,,,5.0,0.63690476,3.0,4.0,7.0,5.0,112.0,379.7631634,241.9342391,137.8289243,222.9443613,13.74700759,535.0,267.0,133.0,107.0,53.0,26.0,48.0,24.0,2.04587738,1.336980868,1.769278063,0.238983076,0.789980192,8.545493315,0.637066104,33.80788086,5.789448363,2.778935214,128.7974483,,,,,,,,,,,,,,,,1.0,,1.0,,,,,,,,,,,,,,,,,,,,,,,,,,,,,,,,,,,,,,,,,,,,,,,,,,,,,,,,,,,,,,,,,,,,,,,,,,,,,,,,,,,,,,,,,,,,,,,,,,,,,,,,,,,,,,,,,,,,,,,,,,,,,,,,,,,,,,,,,,,,,,,,,,,,,,,,,,,,,,,,
41.0,3.15,58.96,4.21,76.0,23.84615385,2.0,,55.0,25.0,8.0,6.0,1.0,,10.0,2.0,,,,,4.07894737,5.0,2.07692308,,4.0,1.0,,,,5.0,37.0,5.4,,,2.0,2.0,1.0,1.0,1.0,,,7.0,6.0,12.0,2.0,,,,,,13.0,15.0,2.0,49.14105288,14.48521675,1.190545587,0.072007545,41.0,20.0,10.0,8.0,4.0,9.0,4.0,0.092569447,0.064798613,0.109676501,0.003742838,4.178771866,8.495624015,0.56707875,0.031186039,0.03869505,0.025287215,24.0,12.0,6.0,4.0,2.0,16.71603335,0.049586182,0.001533593,22.4101632,7.204936808,0.103193583,0.002376693,0.403053227,0.137104331,0.540157558,0.185404484,0.076778425,0.26218291,0.26218291,14.17647059,12.87870249,6.213519057,DEN,69,,,,,,,,,,,,,,,,,,,,,,,,,,,,,,,,,,,,,,,,,,,,,,,,,,,,,,,,,,,,,,,,,,,,,,,,,,,,,,,,,,,,,,,,,,,,,,,,,,,,,,,,,,,,,,,,,,,,,,,,,,,,,,,,,,,,,,,,,,,,,,,,,,,,,,,,,,,,,,,,,,,,,,,,,,,,,,,,,,,,,,,,,,,,,,,,,,,,,,,,,,,,,,,,,,,,,,,,,,,,,,,,,,,,,,,,,,,,
226.0,13.29,222.51,14.83,14.0,4.41176471,,,12.0,4.0,1.0,,,,,,,,,,5.35714286,98.0,56.82352941,6.0,186.0,88.0,41.0,30.0,11.0,140.0,588.0,9.85714286,,1.0,1.0,1.0,,1.0,1.0,1.0,1.0,5.0,12.0,38.0,,,,,1.0,,17.0,3.0,43.0,2.085193369,0.836157367,0.095132386,0.005273065,2.0,1.0,,,,,,0.0038284,0.00267988,0.000321314,1.09652e-05,6.062138961,69.33561679,6.694726315,0.337164363,0.238534126,0.155882051,209.0,104.0,52.0,41.0,20.0,77.3691738,2.829601612,0.087513452,123.256913,13.54792008,0.342437428,0.005173455,0.030857203,1.144928023,1.175785226,0.014194313,0.641159693,0.655354006,0.655354006,15.11764706,2.696411626,48.1278611,CHI,16,12.0,1.0,,,,1.0,,,,,1.0,,1.0,,,,,,,,,,,,,,,,,,,,,,,,,,,,,,,,,,,,,,,,,,,,,,1.0,2.0,2.0,,,,,4.0,,,,,,,,,,,1.0,,,,,,,,,,,,,,,,,,,,,,,,,,,,,,,,,,,,,,,,,,,,,,,,,,,,,,,,,,,,,,,,,,,,,,,,,,,,,,,,,,,,,,,,,,,,,,,,,,,,,,,,,,,,,,,,,,,,,,,,,,,,,,,,,,,,,,,,,,,,,,,,,,,,,,,,,,,,,,,
141.0,8.29,129.39,7.61,,,,,,,,,,,,,,,,,,,,,,,,,,,,,,,,,,,,1.0,1.0,13.0,4.0,131.0,,,,,,,17.0,,,,,,,,,,,,,,,,,,,,,,,,,,,,,,,,,,,,,,,,,,,17.0,,,BUF,9,,,,,,,,,,,,,,,,,,,,,,,,,,,,,,,,,,,,,,,,,,,,,,,,,,,,,,,,,,,,,,,,,,,,,,,,,,,,,,,,,,,,,,,,,,,,,,,,,,,,,,,,,,,,,,,,,,,,,,,,,,,,,,,,,,,,,,,,,,,,,,,,,,,,,,,,,,,,,4.0,4.0,,7.0,11.0,4.0,13.0,14.0,1.0,24.0,29.0,5.0,59.0,64.0,5.0,3.0,3.0,,933.0,213.0,1146.0,181.0,88.0,39.0,31.0,12.0,2.0,40.0,18.0,9.0,4.0,,222.0,106.0,48.0,38.0,15.0,3.0,4.253089163,6.569510903,2.31642174,6.949107597,9.138775068,2.189667471,15.52605815,16.81404523,1.287987078,26.72825492,32.5223312,5.794076288,39.54414172,43.24608705,3.701945331,4.253089163,6.569510903,2.31642174,1008.158401,262.2614225,1270.419824,,,,,,,,,1.0,,,,,,,,,1.0,,,
66.0,3.88,120.47,7.09,,,,,,,,,,,,,,,,,,,,,,,,,,,,,,,,,,,,623.0,1035.0,8.0,9.0,,,,,,,,17.0,,,,,,,,,,,,,,,,,,,,,,,,,,,,,,,,,,,,,,,,,,,17.0,,,MIA,24,,,755.0,71.0,25.0,,0.451241042,1504.783046,150.0,60.0,,,,,,,,,,,,,,,,,,,,,,,,,,,,,,,,,,,,,,,,,,,,,,,,,,,,412.0,,,,,268.0,21.0,0.13851,331.1,33.0,13.0,,,,,,6.0,0.0,1.0,2.0,4.0,,10.0,,35.0,70.0,,,8.0,339.0,199.0,64.0,69.0,4.0,348.0,2.0,4.0,4.0,0.0,5343.0,0.0,1.0,7.0,3.0,5.0,1.0,0.0,0.0,0.0,0.0,1.0,2.0,4.0,2.0,4.0,4.0,0.0,0.263763764,1.191191191,3.998998999,3.403403403,0.110692958,1.83210492,13.0500179,8.908829386,1.80609151,0.219991018,42.32621427,84.65242853,1.272557485,0.559547436,2.532548921,15.0528977,1054.070496,351.0,210.0,43.69980693,61.77916758,336.3433765,2.467467467,3.148148148,1.871871872,0.595595596,0.05955956,19.7849045,5683.995037,0.604134341,4.935181941,4.075779569,3.760948996,2.237849742,0.935982782,0.357375244,0.092747385,334.3526492,,,,,,,,,,,,,,,,,,,,,,,,,,,,,,,,,,,,,,,,,,,,,,,,,,,,,,,,,,,,,,,,,,,,,,,,,,,,,,,,
71.0,4.18,74.21,5.3,92.0,19.64705882,2.0,,60.0,25.0,9.0,8.0,1.0,,12.0,3.0,,,,,3.63043478,19.0,8.70588235,1.0,25.0,9.0,2.0,1.0,,27.0,163.0,7.78947368,,,,,,,,1.0,1.0,5.0,12.0,18.0,1.0,,1.0,,1.0,,17.0,22.0,8.0,78.36213666,23.89369708,2.679382267,0.147682025,67.0,33.0,16.0,13.0,6.0,15.0,7.0,0.149876425,0.104913498,0.297296064,0.010145574,4.322601557,6.584299519,0.564710464,0.028281701,0.044366299,0.028993377,18.0,9.0,4.0,3.0,1.0,13.08774477,0.041177539,0.001273532,16.57027552,7.132025428,0.175963725,0.003300303,0.642723552,0.107345233,0.750068785,0.295652834,0.06011333,0.355766164,0.355766164,14.17647059,20.26749312,4.638347144,NYJ,54,,,,,,,,,,,,,,,,,,,,,,,,,,,,,,,,,,,,,,,,,,,,,,,,,,,,,,,,,,,,,,,,,,,,,,,,,,,,,,,,,,,,,,,,,,,,,,,,,,,,,,,,,,,,,,,,,,,,,,,,,,,,,,,,,,,,,,,,,,,,,,,,,,,,,,,,,,,,,,,,,,,,,,,,,,,,,,,,,,,,,,,,,,,,,,,,,,,,,,,,,,,,,,,,,,,,,,,,,,,,,,,,,,,,,,,,,,,,
309.0,18.18,281.3,18.75,1.0,0.17647059,,,,,,,,,,,,,,,3.0,103.0,90.17647059,10.0,299.0,146.0,68.0,53.0,20.0,154.0,496.0,14.88349515,,,,1.0,,,,1.0,1.0,14.0,3.0,60.0,,,,,3.0,1.0,17.0,,62.0,1.902280304,0.676454927,0.096716116,0.005265731,2.0,1.0,,,,,,0.003492224,0.002444556,0.00019613,6.69316e-06,5.375867488,89.87988583,6.607317102,0.341359597,0.222086307,0.145133401,271.0,135.0,67.0,54.0,27.0,106.1578107,5.088215826,0.1573675,162.7184042,12.79955174,0.346625328,0.007156246,0.028631347,1.597788224,1.62641957,0.013170419,0.894761405,0.907931825,0.907931825,15.11764706,2.604959286,63.21860388,MIN,3,14.0,1.0,,,,3.0,,,,,1.0,1.0,,1.29411765,,4.0,2.0,1.0,,,,,,,,,,,1.0,,,,,1.0,,,,,,,,,,,,,,,,,,,,,,,,,,5.0,5.0,,2.0,2.0,1.0,1.0,,,,,,,,,,,,,,,,,,,,,,,,,,,,,,,,,,,,,,,,,,,,,,,,,,,,,,,,,,,,,,,,,,,,,,,,,,,,,,,,,,,,,,,,,,,,,,,,,,,,,,,,,,,,,,,,,,,,,,,,,,,,,,,,,,,,,,,,,,,,,,,,,,,,,,,,,,,,,,,,,,,,,,,,,,
323.0,19.0,224.16,16.01,325.0,113.0,16.0,,377.0,184.0,89.0,67.0,29.0,9.0,57.0,25.0,2.0,1.0,9.0,,5.91076923,19.0,11.35294118,2.0,32.0,14.0,5.0,3.0,,22.0,216.0,10.15789474,,1.0,3.0,3.0,1.0,1.0,1.0,,,12.0,5.0,108.0,13.0,,1.0,,1.0,,17.0,94.0,11.0,255.0493456,75.89123706,11.58461903,0.449635162,215.0,107.0,53.0,43.0,21.0,51.0,25.0,0.532850763,0.372995534,3.006358622,0.102595486,4.218281319,13.60794676,0.965342329,0.056076793,0.065803184,0.043002381,38.0,19.0,9.0,7.0,3.0,23.57264875,0.072503144,0.002242365,30.9170009,8.183749692,0.505711955,0.008318289,1.730573851,0.159946341,1.890520192,0.796063972,0.089569951,0.885633922,0.885633922,14.17647059,62.53049679,9.937791778,BAL,4,,,,,,1.0,,,,,,,,,,,,,,,,,,,,,,,,1.0,,,,,,,,,,,,,,,,,,,,,,,,,,,,,,,,,,,,,,,,,,,,,,,,,,,,,,,,,,,,,,,,,,,,,,,,,,,,,,,,,,,,,,,,,,,,,,,,,,,,,,,,,,,,,,,,,,,,,,,,,,,,,,,,,,,,,,,,,,,,,,,,,,,,,,,,,,,,,,,,,,,,,,,,,,,,,,,,,,,,,,,,,,,,,,,,,,,,,,,,,,,,,,
232.0,16.57,234.57,15.64,,,,,,,,,,,,,,,,,,74.0,71.71428571,11.0,193.0,92.0,43.0,32.0,13.0,110.0,226.0,13.56756757,,,,,,,,2.0,2.0,10.0,4.0,66.0,,,,,1.0,2.0,14.0,,53.0,,,,,,,,,,,,,,,,,75.26526352,7.435436793,0.348835599,0.267266518,0.17465867,227.0,113.0,56.0,45.0,22.0,77.10994037,3.457880807,0.106944767,130.0654007,14.75599234,0.348835599,0.003408428,,0.774642748,0.774642748,,0.433799939,0.433799939,0.433799939,15.11764706,,50.84364455,TB,15,9.0,,,,,6.0,,,,,,,,,,,,,,,,,,,,,,,,,,,,,,,,,,,,,,,,,,,,,,,,,,,,,,2.0,2.0,,1.0,1.0,,1.0,,,,,,,,,,,,,,,,,,,,,,,,,,,,,,,,,,,,,,,,,,,,,,,,,,,,,,,,,,,,,,,,,,,,,,,,,,,,,,,,,,,,,,,,,,,,,,,,,,,,,,,,,,,,,,,,,,,,,,,,,,,,,,,,,,,,,,,,,,,,,,,,,,,,,,,,,,,,,,,,,,,,,,,,,,
58.0,8.29,221.65,14.78,,,,,,,,,,,,,,,,,,25.0,53.42857143,,71.0,33.0,16.0,10.0,2.0,47.0,107.0,14.96,,,,,,,,,,3.0,4.0,,,,,,,,7.0,,19.0,,,,,,,,,,,,,,,,,70.65528401,6.860523132,0.302820162,0.354499155,0.231665198,213.0,106.0,53.0,42.0,21.0,75.22784884,2.978980553,0.092133419,113.5525384,14.19875303,0.302820162,0.005411386,,1.229860445,1.229860445,,0.688721849,0.688721849,0.688721849,15.11764706,,48.25772944,SF,103,2.0,,,,,,,,,,,,,,,,,,,,,,,,,,,,,,,,,,,,,,,,,,,,,,,,,,,,,,,,,,,1.0,1.0,,,,,,,,,,,,,,,,,,,,,,,,,,,,,,,,,,,,,,,,,,,,,,,,,,,,,,,,,,,,,,,,,,,,,,,,,,,,,,,,,,,,,,,,,,,,,,,,,,,,,,,,,,,,,,,,,,,,,,,,,,,,,,,,,,,,,,,,,,,,,,,,,,,,,,,,,,,,,,,,,,,,,,,,,,,,,,,
212.0,15.14,176.59,12.61,185.0,55.35714286,12.0,,151.0,73.0,32.0,26.0,8.0,1.0,31.0,12.0,,,1.0,,4.18918919,36.0,24.35714286,,64.0,29.0,11.0,7.0,,38.0,365.0,9.47222222,,,2.0,2.0,1.0,1.0,1.0,,,12.0,2.0,78.0,11.0,1.0,,,,,14.0,50.0,16.0,181.3430087,56.08952113,9.359703156,0.392100003,159.0,79.0,39.0,31.0,15.0,36.0,18.0,0.365534457,0.25587412,1.641760414,0.056026984,4.384792402,11.45079496,0.705104992,0.042465342,0.047982747,0.031356725,32.0,16.0,8.0,6.0,3.0,21.71550344,0.062123596,0.001921348,28.12217733,7.475390028,0.434565345,0.006654448,1.350637983,0.161736501,1.512374484,0.621293472,0.090572441,0.711865913,0.711865913,14.17647059,46.9153748,8.564773517,DET,18,1.0,,,,,,,,,,1.0,1.0,,0.21428571,1.0,,,,,,,,,,,,,,1.0,,1.0,,,1.0,,,,,,,,,,,,,,,,,,,,,,,,,,,,,,,,,,,,,,,,,,,,,,,,,,,,,,,,,,,,,,,,,,,,,,,,,,,,,,,,,,,,,,,,,,,,,,,,,,,,,,,,,,,,,,,,,,,,,,,,,,,,,,,,,,,,,,,,,,,,,,,,,,,,,,,,,,,,,,,,,,,,,,,,,,,,,,,,,,,,,,,,,,,,,,,,,,,,,,,,,,
280.0,16.47,262.75,17.52,78.0,33.64705882,5.0,1.0,106.0,49.0,21.0,14.0,5.0,,10.0,,2.0,1.0,,,7.33333333,,,,,,,,,,,,30.0,5.0,5.0,8.0,3.0,4.0,15.0,,,8.0,9.0,158.0,1.0,1.0,1.0,,,,17.0,27.0,,87.49793712,32.48303472,5.23209372,0.35864583,97.0,48.0,24.0,19.0,9.0,17.0,8.0,0.169125084,0.118387559,0.692535389,0.023633576,5.568651524,,,,,,,,,,,,,,,,2.004083038,0.043221867,1.353909156,,9.823151478,0.622798212,,4.688034526,16.23839957,15.0,27.49654137,,ARI,10,,,,,,,,,,,541.0,372.0,169.0,226.52941176,21.0,764.0,378.0,187.0,145.0,70.0,31.0,68.0,31.0,28.0,12.0,2.0,1.0,11.0,0.68761553,1.0,10.0,5.0,3.0,191.0,514.054621,339.638991,174.4156299,237.7002011,17.39088163,713.0,356.0,178.0,142.0,71.0,35.0,67.0,33.0,2.877083546,1.880174098,2.77956382,0.375446191,1.645437209,11.55036504,0.660706036,33.27990945,8.469242322,4.065236314,175.9763772,,,,,,,,,,,,,,,2.0,,,,,,,,,,,,,,,,,,,,,,,,,,,,,,,,,,,,,,,,,,,,,,,,,,,,,,,,,,,,,,,,,,,,,,,,,,,,,,,,,,,,,,,,,,,,,,,,,,,,,,,,,,,,,,,,,,,,,,,,,,,,,,,,,,,,,,,,,,,,,,,,,,,,,,,,,,,,,,,,,,,
100.0,7.14,165.18,11.01,,,,,,,,,,,,,,,,,,59.0,35.28571429,,94.0,45.0,18.0,10.0,3.0,86.0,309.0,8.37288136,,,,4.0,,2.0,2.0,2.0,2.0,5.0,9.0,,,,,,,,14.0,,18.0,,,,,,,,,,,,,,,,,44.6441483,5.440383677,0.26370881,0.129964157,0.084931577,134.0,67.0,33.0,26.0,13.0,65.42402628,0.872133387,0.026973198,92.11104557,10.31600339,0.26370881,0.001648379,,0.374631544,0.374631544,,0.209793665,0.209793665,0.209793665,15.11764706,,34.59873474,DAL,24,6.0,4.0,,,,,,,,,,,,,,,,,,,,,,,,,,,,,,,,,,,,,,,,,,,,,,,,,,,,,,,,,,,,,,,,,,,,,,,,,,,2.0,,,,,,,,,,,,,,,,,,,,,,,,,,,,,,,,,,,,,,,,,,,,,,,,,,,,,,,,,,,,,,,,,,,,,,,,,,,,,,,,,,,,,,,,,,,,,,,,,,,,,,,,,,,,,,,,,,,,,,,,,,,,,,,,,,,,,,,,,,,,,,,,,,,,,,,,,,,,,,,
139.0,8.69,177.11,12.65,,,,,,,,,,,,,,,,,,56.0,38.125,5.0,116.0,53.0,22.0,19.0,5.0,80.0,109.0,10.89285714,,,,1.0,,,,1.0,1.0,10.0,6.0,30.0,,,,,1.0,,16.0,,35.0,,,,,,,,,,,,,,,,,58.66518666,4.503634157,0.225613105,0.174898773,0.114296348,171.0,85.0,42.0,34.0,17.0,65.7183226,1.68511711,0.052117024,108.9378939,13.04882656,0.225613105,0.004340443,,0.986464281,0.986464281,,0.552419997,0.552419997,0.552419997,14.61764706,,39.3190516,BAL,48,4.0,1.0,,,,4.0,,,,,,,,,,,,,,,,,,,,,,,,,,,,,,,,,,,,,,,,,,,,,,,,,,,,,,,,,,,,,,,,,,,,,,,,,,,,,,,,,,,,,,,,,,,,,,,,,,,,,,,,,,,,,,,,,,,,,,,,,,,,,,,,,,,,,,,,,,,,,,,,,,,,,,,,,,,,,,,,,,,,,,,,,,,,,,,,,,,,,,,,,,,,,,,,,,,,,,,,,,,,,,,,,,,,,,,,,,,,,,,,,,,,,,
87.0,5.8,167.82,11.99,113.0,29.13333333,4.0,,82.0,38.0,16.0,9.0,2.0,,17.0,4.0,,,,,3.86725664,21.0,7.93333333,,21.0,8.0,2.0,1.0,,24.0,178.0,5.66666667,,,2.0,2.0,2.0,2.0,2.0,1.0,1.0,2.0,13.0,24.0,4.0,,,,,,15.0,24.0,4.0,187.656962,56.43586622,4.664889092,0.226259279,160.0,80.0,40.0,32.0,16.0,37.0,18.0,0.379575971,0.26570318,1.67086843,0.057020329,4.263425077,15.86753895,0.595532209,0.033888617,0.033891161,0.022147874,44.0,22.0,11.0,8.0,4.0,35.49750653,0.084555076,0.002615105,46.43655874,6.33694367,0.260147896,0.0083529,1.596407291,0.301979088,1.898386379,0.734347354,0.169108289,0.903455643,0.903455643,14.17647059,43.96476124,13.38798464,NYG,45,,,,,,,,,,,,,,,,,,,,,,,,,,,,,,,,,,,,,,,,,,,,,,,,,,,,,,,,,,,,,,,,,,,,,,,,,,,,,,,,,,,,,,,,,,,,,,,,,,,,,,,,,,,,,,,,,,,,,,,,,,,,,,,,,,,,,,,,,,,,,,,,,,,,,,,,,,,,,,,,,,,,,,,,,,,,,,,,,,,,,,,,,,,,,,,,,,,,,,,,,,,,,,,,,,,,,,,,,,,,,,,,,,,,,,,,,,,,
113.0,6.65,169.81,12.13,,,,,,,,,,,,,,,,,,49.0,35.29411765,2.0,115.0,52.0,23.0,15.0,5.0,74.0,134.0,12.24489796,,,,,,,,,,10.0,7.0,12.0,,,,,,,17.0,,36.0,,,,,,,,,,,,,,,,,52.34836485,4.205391499,0.225577598,0.152033687,0.099354015,153.0,76.0,38.0,30.0,15.0,69.08729355,1.235251409,0.038203652,100.6406173,11.07598637,0.225577598,0.003873542,,0.880350439,0.880350439,,0.492996246,0.492996246,0.492996246,14.61764706,,37.4187008,None,67,3.0,,,,,1.0,,,,,,,,,,,,,,,,,,,,,,,,,,,,,,,,,,,,,,,,,,,,,,,,,,,,,,,,,,,,1.0,,,,,,,,,,,,,,,,,,,,,,,,,,,,,,,,,,,,,,,,,,,,,,,,,,,,,,,,,,,,,,,,,,,,,,,,,,,,,,,,,,,,,,,,,,,,,,,,,,,,,,,,,,,,,,,,,,,,,,,,,,,,,,,,,,,,,,,,,,,,,,,,,,,,,,,,,,,,,,,,,,,,,,,,,,
126.0,9.69,134.43,8.96,,,,,,,,,,,,,,,,,,46.0,46.23076923,4.0,114.0,54.0,23.0,17.0,6.0,72.0,135.0,13.06521739,,,,,,,,1.0,1.0,9.0,4.0,26.0,,,,,2.0,2.0,13.0,,33.0,,,,,,,,,,,,,,,,,38.85894285,4.723436517,0.223988654,0.143482334,0.093765705,117.0,58.0,29.0,23.0,11.0,48.70754356,0.597738181,0.018486748,78.18191908,12.06087887,0.223988654,0.004286264,,0.974150871,0.974150871,,0.545524488,0.545524488,0.545524488,15.11764706,,28.08355846,GB,56,2.0,,,,,,,,,,,,,,,,,,,,,,,,,,,,,,,,,,,,,,,,,,,,,,,,,,,,,,,,,,1.0,,,,,,,,,,,,,,,,,,,,,,,,,,,,,,,,,,,,,,,,,,,,,,,,,,,,,,,,,,,,,,,,,,,,,,,,,,,,,,,,,,,,,,,,,,,,,,,,,,,,,,,,,,,,,,,,,,,,,,,,,,,,,,,,,,,,,,,,,,,,,,,,,,,,,,,,,,,,,,,,,,,,,,,,,,,,,,,,,
41.0,2.56,43.3,3.09,32.0,9.5625,1.0,,29.0,14.0,6.0,5.0,2.0,,4.0,1.0,,,,,4.78125,11.0,3.8125,1.0,10.0,4.0,1.0,1.0,,15.0,67.0,5.54545455,,,,,,,,2.0,4.0,8.0,8.0,12.0,1.0,,,,,,16.0,6.0,3.0,47.96050776,14.49143307,1.461946528,0.051633013,41.0,20.0,10.0,8.0,4.0,9.0,4.0,0.09032819,0.063229733,0.111779662,0.003814611,4.283469554,3.966407568,0.296671849,0.021617542,0.037092704,0.024240082,11.0,5.0,2.0,2.0,1.0,8.045339884,0.027952397,0.000864507,10.64635302,6.989096922,0.073250555,0.002098848,0.408487384,0.068523458,0.477010842,0.187904197,0.038373136,0.226277333,0.226277333,14.17647059,13.01228609,2.355995309,IND,69,,,237.0,20.0,7.0,1.0,,,,,,,,,,,,,,,,,,,,,,,,,,,,,,,,,,,,,,,,,,,,,,,,,,,,,,,,2.0,,,,,,,,,,,,,,,,,,,,,,,,,,,,,,,,,,,,,,,,,,,,,,,,,,,,,,,,,,,,,,,,,,,,,,,,,,,,,,,,,,,,,,,,,,,,,,,,,,,,,,,,,,,,,,,,,,,,,,,,,,,,,,,,,,,,,,,,,,,,,,,,,,,,,,,,,,,,,,,,,,,,,,,,,,,,,,
138.0,8.62,110.25,7.35,,,,,,,,,,,,,,,,,,66.0,42.125,2.0,128.0,60.0,26.0,20.0,6.0,97.0,268.0,10.21212121,,,,,,,,,,3.0,13.0,12.0,,,,,,,16.0,,40.0,,,,,,,,,,,,,,,,,28.9659273,3.754539451,0.203368638,0.073649736,0.048130102,87.0,43.0,21.0,17.0,8.0,44.82427143,0.27561068,0.008524042,68.1305777,9.769186463,0.203368638,0.002056351,,0.467352598,0.467352598,,0.261717455,0.261717455,0.261717455,15.11764706,,22.67798169,NE,12,7.0,,,,,2.0,,,,,,,,,,,,,,,,,,,,,,,,,,,,,,,,,,,,,,,,,,,,,,,,,,,,,,1.0,1.0,,,,,,,,,,,,,,,,,,,,,,,,,,,,,,,,,,,,,,,,,,,,,,,,,,,,,,,,,,,,,,,,,,,,,,,,,,,,,,,,,,,,,,,,,,,,,,,,,,,,,,,,,,,,,,,,,,,,,,,,,,,,,,,,,,,,,,,,,,,,,,,,,,,,,,,,,,,,,,,,,,,,,,,,,,,,,,,
119.0,7.0,105.69,6.22,,,,,,,,,,,,,,,,,,,,,,,,,,,,,,,,,,,,635.0,1031.0,14.0,3.0,,,,,,,,17.0,,,,,,,,,,,,,,,,,,,,,,,,,,,,,,,,,,,,,,,,,,,17.0,,,PHI,6,,,875.0,80.0,29.0,,0.507008771,1657.1239,165.0,66.0,,,,,,,,,,,,,,,,,,,,,,,,,,,,,,,,,,,,,,,,,,,,,,,,,,,,396.0,,,,,257.0,20.0,0.13851,347.0307692,34.0,13.0,,,,,,13.0,0.0,2.0,4.0,4.0,1.0,13.0,1.0,41.0,82.0,1.0,1.0,22.0,336.0,199.0,66.0,90.0,6.0,297.0,3.0,1.0,2.0,1.0,4732.0,0.0,3.0,8.0,1.0,3.0,2.0,0.0,0.0,0.0,0.0,2.0,4.0,4.0,3.0,1.0,2.0,1.0,0.151269746,0.679864027,2.566486703,2.583483303,0.112137887,1.847890702,15.00732024,9.126227145,1.834388413,0.224041258,46.88938377,93.77876754,1.278559069,0.569331633,2.60554736,11.49269628,1040.794349,346.0,208.0,36.64694977,84.81506612,382.1690146,2.464507099,3.858228354,2.99140172,1.512697461,0.192061588,22.48053027,6127.022098,0.169745382,2.036944583,3.055416875,4.328507239,3.819271093,2.376435347,0.933599601,0.28007988,360.4130646,,,,,,,,,,,,,,,,,,,,,,,,,,,,,,,,,,,,,,,,,,,,,,,,,,,,,,,,,,,,,,,,,,,,,,,,,,,,,,1.0,,
300.0,17.65,191.67,13.69,92.0,25.29411765,4.0,,82.0,36.0,16.0,12.0,2.0,,12.0,1.0,,,,,4.67391304,1.0,0.11764706,1.0,,,,,,1.0,,2.0,24.0,3.0,1.0,3.0,,,12.0,,,10.0,7.0,204.0,4.0,,,,,,17.0,41.0,1.0,44.4200624,13.52854104,1.826268412,0.11061506,37.0,18.0,9.0,7.0,3.0,8.0,4.0,0.08385348,0.058697436,0.111310926,0.003798615,4.263829547,,,,,,,,,,,,,,,,1.035428093,0.033644139,0.595910436,,7.64639514,0.274118801,,3.658351459,16.40329307,14.0,12.16162866,,DEN,8,,,,,,1.0,,,,,567.0,376.0,191.0,222.05882353,29.0,748.0,370.0,181.0,141.0,68.0,31.0,68.0,28.0,31.0,11.0,3.0,2.0,12.0,0.66313933,,14.0,8.0,2.0,170.0,488.937943,304.7538942,184.1840488,225.2608192,16.81141767,630.0,315.0,157.0,126.0,63.0,31.0,60.0,30.0,2.433281203,1.590149266,2.144337585,0.289643783,0.924813034,12.74494161,0.623297698,36.6158174,7.050484704,3.384232658,157.2154488,,,,,,,,,,,,,,,2.0,,,2.0,,,,,,,,,,,,,,,,,,,,,,,,,,,,,,,,,,,,,,,,,,,,,,,,,,,,,,,,,,,,,,,,,,,,,,,,,,,,,,,,,,,,,,,,,,,,,,,,,,,,,,,,,,,,,,,,,,,,,,,,,,,,,,,,,,,,,,,,,,,,,,,,,,,,,,,,,,,,,,,,
125.0,9.62,125.13,7.36,,,,,,,,,,,,,,,,,,,,,,,,,,,,,,,,,,,,,,10.0,3.0,110.0,,,,,,,13.0,,,,,,,,,,,,,,,,,,,,,,,,,,,,,,,,,,,,,,,,,,,17.0,,,MIN,17,,,,,,,,,,,,,,,,,,,,,,,,,,,,,,,,,,,,,,,,,,,,,,,,,,,,,,,,,,,,,,,,,,,,,,,,,,,,,,,,,,,,,,,,,,,,,,,,,,,,,,,,,,,,,,,,,,,,,,,,,,,,,,,,,,,,,,,,,,,,,,,,,,,,,,,,,,,,,8.0,11.0,3.0,5.0,7.0,2.0,11.0,12.0,1.0,24.0,30.0,6.0,38.0,38.0,,8.0,11.0,3.0,978.0,282.0,1260.0,191.0,92.0,44.0,35.0,14.0,5.0,55.0,27.0,13.0,10.0,4.0,246.0,119.0,57.0,45.0,18.0,6.0,4.429929506,6.621718245,2.191788739,7.203314904,9.211400134,2.008085229,16.01554344,16.94766501,0.932121576,27.64878785,32.78078339,5.131995544,31.25251353,33.38943753,2.136924002,4.429929506,6.621718245,2.191788739,1043.831667,236.6840745,1280.515742,,,,,,,,,,,,,1.0,,,,,,,,
52.0,7.43,231.64,16.55,83.0,44.28571429,1.0,,60.0,28.0,12.0,9.0,2.0,,13.0,4.0,,,,,3.73493976,12.0,11.28571429,,15.0,6.0,2.0,1.0,,16.0,119.0,6.58333333,,,,,,,,,,7.0,,6.0,1.0,,,,,,7.0,14.0,4.0,220.3874506,69.04529045,8.211262923,0.430583491,195.0,97.0,48.0,39.0,19.0,44.0,22.0,0.452846538,0.316992577,2.487381105,0.084884774,4.441353293,20.47273277,2.058188454,0.067368238,0.039044639,0.025515672,58.0,29.0,14.0,11.0,5.0,45.4251363,0.119594603,0.003698802,54.05210498,6.3892179,0.497951729,0.011356752,2.139995147,0.441084876,2.581080023,0.984397768,0.24700753,1.231405298,1.231405298,14.17647059,54.63286273,18.04923691,KC,61,1.0,,,,,,,,,,,,,,,,,,,,,,,,,,,,,,,,,,,,,,,,,,,,,,,,,,,,,,,,,,,,,,,,,,,,,,,,,,,,,,,,,,,,,,,,,,,,,,,,,,,,,,,,,,,,,,,,,,,,,,,,,,,,,,,,,,,,,,,,,,,,,,,,,,,,,,,,,,,,,,,,,,,,,,,,,,,,,,,,,,,,,,,,,,,,,,,,,,,,,,,,,,,,,,,,,,,,,,,,,,,,,,,,,,,,,,,,,,,
267.0,16.69,306.69,20.45,58.0,19.1875,2.0,,53.0,23.0,7.0,5.0,1.0,,7.0,,,,,,5.29310345,1.0,0.125,,,,,,,1.0,3.0,2.0,36.0,2.0,1.0,2.0,,,11.0,,,15.0,1.0,168.0,1.0,1.0,,,,,16.0,22.0,,62.15218776,22.4715981,0.980564234,0.051420623,67.0,33.0,16.0,13.0,6.0,12.0,6.0,0.118349478,0.082844635,0.330211376,0.011268847,5.423364545,,,,,,,,,,,,,,,,1.138752,0.031014314,0.683846687,,7.048707649,0.314569476,,3.369702738,14.29447168,15.0,17.71659286,,KC,12,,,,,,,,,,,581.0,392.0,189.0,245.5,26.0,781.0,387.0,189.0,149.0,72.0,31.0,70.0,29.0,32.0,14.0,2.0,1.0,11.0,0.6746988,,16.0,6.0,,214.0,549.4882359,365.8722822,183.6159537,268.8182649,33.23199695,806.0,403.0,201.0,161.0,80.0,40.0,73.0,36.0,3.614036158,2.361772629,4.445314893,0.600445485,1.087331377,10.92476894,0.665841884,28.98942761,6.364860962,3.055133262,200.4507926,,,,,,,,,,,,,,,3.0,,,2.0,,,,,,,,,,,,,,,,,,,,,,,,,,,,,,,,,,,,,,,,,,,,,,,,,,,,,,,,,,,,,,,,,,,,,,,,,,,,,,,,,,,,,,,,,,,,,,,,,,,,,,,,,,,,,,,,,,,,,,,,,,,,,,,,,,,,,,,,,,,,,,,,,,,,,,,,,,,,,,,,
228.0,16.29,217.21,15.51,245.0,72.57142857,11.0,,198.0,95.0,46.0,35.0,16.0,7.0,44.0,19.0,1.0,,7.0,,4.14693878,36.0,22.07142857,1.0,55.0,25.0,9.0,6.0,,52.0,360.0,8.58333333,,,,,,,,1.0,1.0,8.0,6.0,72.0,8.0,1.0,1.0,,1.0,,14.0,52.0,12.0,214.9335968,62.39544763,6.704750215,0.418759291,176.0,88.0,44.0,35.0,17.0,42.0,21.0,0.440579165,0.308405416,2.035700676,0.069470654,4.115444217,21.13284385,2.90449793,0.137547029,0.042362537,0.027683918,59.0,29.0,14.0,11.0,5.0,42.5976771,0.126173819,0.003902283,53.81769108,7.032992398,0.55630632,0.005505894,1.044358253,0.206981302,1.251339554,0.480404796,0.115909529,0.596314325,0.596314325,14.17647059,49.9953151,18.00889305,HOU,15,2.0,,,,,,,,,,1.0,,1.0,,,,,,,,,,,,,,,,,,,,,,,,,,,,,,,,,,,,,,,,,,,,,,,,,,,,,,,,,,,,,,,,,,,,,,,,,,,,,,,,,,,,,,,,,,,,,,,,,,,,,,,,,,,,,,,,,,,,,,,,,,,,,,,,,,,,,,,,,,,,,,,,,,,,,,,,,,,,,,,,,,,,,,,,,,,,,,,,,,,,,,,,,,,,,,,,,,,,,,,,,,,,,,,,,,,,,,,,,,,,,,,
171.0,14.25,217.11,14.47,2.0,0.83333333,,,2.0,1.0,,,,,,,,,,,5.0,67.0,59.16666667,6.0,138.0,67.0,31.0,24.0,10.0,100.0,269.0,10.59701493,,,,1.0,,,,,,8.0,4.0,36.0,,,,,1.0,1.0,12.0,1.0,28.0,2.068957214,0.791200224,0.103571293,0.00514178,2.0,1.0,,,,,,0.00379856,0.002658992,0.000283824,9.68581e-06,5.781214641,65.91916463,6.483296614,0.347238359,0.232005605,0.151615663,199.0,99.0,49.0,39.0,19.0,78.10235447,2.496563142,0.077213293,118.0807891,12.7594446,0.352380139,0.004933584,0.028936258,1.092332839,1.121269097,0.013310679,0.61170639,0.625017068,0.625017068,15.11764706,2.678767975,46.78425117,SEA,38,9.0,1.0,,,,3.0,,,,,,,,,,,,,,,,,,,,,,,,,,,,,,,,,,,,,,,,,,,,,,,,,,,,,,3.0,3.0,,1.0,1.0,2.0,,,,,,,,,,,,,,,,,,,,,,,,,,,,,,,,,,,,,,,,,,,,,,,,,,,,,,,,,,,,,,,,,,,,,,,,,,,,,,,,,,,,,,,,,,,,,,,,,,,,,,,,,,,,,,,,,,,,,,,,,,,,,,,,,,,,,,,,,,,,,,,,,,,,,,,,,,,,,,,,,,,,,,,,,,,
97.0,7.46,171.75,11.45,,,,,,,,,,,,,,,,,,44.0,34.46153846,2.0,84.0,41.0,16.0,12.0,3.0,75.0,274.0,10.18181818,,,,1.0,,,,,,11.0,2.0,12.0,,,,,1.0,,13.0,,23.0,,,,,,,,,,,,,,,,,48.59710694,3.980567484,0.211741429,0.116007041,0.075810602,146.0,73.0,36.0,29.0,14.0,75.40164714,1.104033373,0.034145362,102.9051559,9.74347297,0.211741429,0.003858807,,0.87700166,0.87700166,,0.491120929,0.491120929,0.491120929,15.11764706,,37.92395275,BUF,29,2.0,1.0,,,,1.0,,,,,,,,,,,,,,,,,,,,,,,,,,,,,,,,,,,,,,,,,,,,,,,,,,,,,,,,,,,,,,,,,,,,,,,,,,,,,,,,,,,,,,,,,,,,,,,,,,,,,,,,,,,,,,,,,,,,,,,,,,,,,,,,,,,,,,,,,,,,,,,,,,,,,,,,,,,,,,,,,,,,,,,,,,,,,,,,,,,,,,,,,,,,,,,,,,,,,,,,,,,,,,,,,,,,,,,,,,,,,,,,,,,,,,
118.0,8.43,209.15,13.94,,,,,,,,,,,,,,,,,,44.0,39.07142857,4.0,107.0,50.0,21.0,16.0,6.0,85.0,111.0,12.43181818,,,,,,,,,,8.0,6.0,24.0,,,,,1.0,1.0,14.0,,25.0,,,,,,,,,,,,,,,,,69.09485413,5.414531256,0.291978065,0.269454484,0.176088505,208.0,104.0,52.0,41.0,20.0,73.484537,2.809859888,0.086902883,119.432349,14.21457712,0.291978065,0.005664909,,1.287479361,1.287479361,,0.720988442,0.720988442,0.720988442,15.11764706,,46.61856211,BUF,60,2.0,,,,,1.0,,,,,,,,,,,,,,,,,,,,,,,,,,,,,,,,,,,,,,,,,,,,,,,,,,,,,,,,,,,,1.0,,,,,,,,,,,,,,,,,,,,,,,,,,,,,,,,,,,,,,,,,,,,,,,,,,,,,,,,,,,,,,,,,,,,,,,,,,,,,,,,,,,,,,,,,,,,,,,,,,,,,,,,,,,,,,,,,,,,,,,,,,,,,,,,,,,,,,,,,,,,,,,,,,,,,,,,,,,,,,,,,,,,,,,,,,
238.0,14.0,251.57,16.77,81.0,28.76470588,,,91.0,41.0,15.0,12.0,2.0,,9.0,,,,,,6.03703704,,,,,,,,,,,,68.0,8.0,3.0,10.0,2.0,5.0,11.0,,,5.0,12.0,120.0,,,,,,,17.0,27.0,,61.59158767,20.74130392,3.172504121,0.175809657,62.0,31.0,15.0,12.0,6.0,12.0,6.0,0.117243585,0.08207051,0.281251037,0.009598019,5.051332018,,,,,,,,,,,,,,,,1.331856789,0.036151378,0.826272362,,8.216222354,0.380085286,,3.927261283,17.10278069,15.0,18.44027074,,CHI,16,,,,,,,,,,,562.0,351.0,211.0,208.29411765,20.0,701.0,348.0,169.0,133.0,62.0,28.0,64.0,29.0,33.0,11.0,1.0,,6.0,0.62455516,3.0,10.0,3.0,,171.0,512.0962543,331.2685404,180.8277139,235.8539971,22.96471487,707.0,353.0,176.0,141.0,70.0,35.0,66.0,33.0,2.836066111,1.853369204,2.701486836,0.364900038,1.156047131,13.1755194,0.646887255,38.7617606,7.389949993,3.547175996,175.5000519,,,,,,,,,,,,,,,4.0,,3.0,6.0,,,,,,,,,,,,,,,,,,,,,,,,,,,,,,,,,,,,,,,,,,,,,,,,,,,,,,,,,,,,,,,,,,,,,,,,,,,,,,,,,,,,,,,,,,,,,,,,,,,,,,,,,,,,,,,,,,,,,,,,,,,,,,,,,,,,,,,,,,,,,,,,,,,,,,,,,,,,,,,,
176.0,11.73,153.65,10.24,2.0,0.26666667,,,,,,,,,,,,,,,2.0,76.0,54.73333333,4.0,159.0,76.0,34.0,26.0,11.0,100.0,597.0,10.80263158,,,,1.0,,,,,,13.0,2.0,24.0,,,,,1.0,1.0,15.0,,35.0,,,,,,,,,,,,,,,,,47.64599449,3.615411267,0.192322546,0.234125192,0.153000813,144.0,72.0,36.0,28.0,14.0,60.36972199,1.043731077,0.032280343,85.22700324,11.93140045,0.192322546,0.005086871,,1.156107104,1.156107104,,0.647419978,0.647419978,0.647419978,15.11764706,,33.95185835,BUF,36,9.0,1.0,,,,1.0,0.04394109,144.1817012,14.0,5.0,,,,,,,,,,,,,,,,,,,,,,,,,,,,,,,,,,,,,,,,,,,,,,,,,,2.0,2.0,,1.0,1.0,,,,,0.0342,55.2,5.0,2.0,,,,,,,,,,,,,,,,,,,,,,,,,,,,,,,,,,,,,,,,,,,,,,,,,,,,,,,,,,,,,,,,,,,,,,,,,,,,,,,,,,,,,,,,,,,,,,,,,,,,,,,,,,,,,,,,,,,,,,,,,,,,,,,,,,,,,,,,,,,,,,,,,,,,,,,,,,,,,,,,,,,,
96.0,5.65,140.33,10.02,137.0,37.88235294,3.0,1.0,122.0,58.0,24.0,18.0,7.0,1.0,20.0,5.0,,,1.0,,4.70072993,13.0,5.17647059,,14.0,5.0,1.0,,,13.0,93.0,6.76923077,,,,,,,,5.0,6.0,8.0,9.0,20.0,3.0,,,,,,17.0,43.0,2.0,138.1912475,40.01400203,4.899802333,0.262040817,113.0,56.0,28.0,22.0,11.0,27.0,13.0,0.2725242,0.19076694,0.831060831,0.028360918,4.104871569,14.94875748,0.99710482,0.050613666,0.064183369,0.041943832,42.0,21.0,10.0,8.0,4.0,27.97496685,0.079246436,0.002450921,34.03423895,7.575366287,0.312654483,0.003113582,0.588498577,0.119133653,0.70763223,0.270709345,0.066714846,0.337424191,0.337424191,14.17647059,33.27398545,11.47837851,ATL,43,,,,,,,,,,,,,,,,,,,,,,,,,,,,,,,,,,,,,,,,,,,,,,,,,,,,,,,,,,,,,,1.0,,,,,,,,,,,,,,,,,,,,,,,,,,,,,,,,,,,,,,,,,,,,,,,,,,,,,,,,,,,,,,,,,,,,,,,,,,,,,,,,,,,,,,,,,,,,,,,,,,,,,,,,,,,,,,,,,,,,,,,,,,,,,,,,,,,,,,,,,,,,,,,,,,,,,,,,,,,,,,,,,,,,,,,,,,,,,,
99.0,6.6,187.65,12.51,4.0,1.53333333,,,4.0,2.0,1.0,,,,,,,,,,5.75,29.0,41.33333333,2.0,119.0,56.0,25.0,20.0,9.0,53.0,149.0,21.37931034,,,,1.0,,1.0,1.0,3.0,3.0,10.0,5.0,14.0,,,,,,,15.0,1.0,21.0,6.165292366,2.523589578,0.307640596,0.019243915,7.0,3.0,1.0,1.0,,1.0,,0.011344568,0.007941198,0.003489588,0.000119086,6.187984979,54.99540643,7.596678155,0.360276751,0.267961626,0.175112922,166.0,83.0,41.0,33.0,16.0,54.51238985,1.550972988,0.047968237,94.8636143,15.25159962,0.379520666,0.004291338,0.099097968,0.87620615,0.975304119,0.045585065,0.490675444,0.53626051,0.53626051,15.11764706,3.964069381,37.30864396,GB,76,,1.0,,,,1.0,,,,,,,,,,,,,,,,,,,,,,,,,,,,,,,,,,,,,,,,,,,,,,,,,,,,,1.0,2.0,2.0,,1.0,,,,,,,,,,,,,,1.0,,,,,,,,,,,,,,,,,,,,,,,,,,,,,,,,,,,,,,,,,,,,,,,,,,,,,,,,,,,,,,,,,,,,,,,,,,,,,,,,,,,,,,,,,,,,,,,,,,,,,,,,,,,,,,,,,,,,,,,,,,,,,,,,,,,,,,,,,,,,,,,,,,,,,,,,,,,,,,,
117.0,6.88,89.65,5.27,,,,,,,,,,,,,,,,,,,,,,,,,,,,,,,,,,,,674.0,1079.0,11.0,6.0,,,,,,,,17.0,,,,,,,,,,,,,,,,,,,,,,,,,,,,,,,,,,,,,,,,,,,17.0,,,LAC,7,,,581.0,53.0,19.0,,0.368551453,1494.49808,149.0,59.0,,,,,,,,,,,,,,,,,,,,,,,,,,,,,,,,,,,,,,,,,,,,,,,,,,,,405.0,,,,,263.0,19.0,0.37601,470.9875,47.0,18.0,,,,,,6.0,0.0,2.0,4.0,4.0,1.0,15.0,1.0,46.0,92.0,1.0,1.0,8.0,355.0,208.0,58.0,87.0,5.0,299.0,3.0,2.0,1.0,1.0,5514.0,0.0,2.0,5.0,4.0,4.0,0.0,1.0,1.0,0.0,0.0,2.0,4.0,4.0,3.0,2.0,1.0,1.0,0.113831701,0.509694183,2.089746152,2.310613632,0.11093819,1.843855528,13.50876933,8.917034142,1.808420529,0.221374212,41.80514633,83.61029266,1.279611507,0.564244021,2.699355171,15.23857695,1042.405218,347.0,208.0,42.2521476,75.15841522,388.6662713,2.463521887,4.094543274,3.363981611,1.817909254,0.236158305,22.86272184,6102.466602,0.195236431,2.207020522,3.115294353,4.295201478,3.726469266,2.291905927,0.89978529,0.269086733,358.9686236,,,,,,,,,,,,,,,,,,,,,,,,,,,,,,,,,,,,,,,,,,,,,,,,,,,,,,,,,,,,,,,,,,,,,,,,,,,,,,,,
215.0,12.65,82.25,5.48,2.0,-0.05882353,,,,,,,,,,,,,,,-0.5,88.0,52.0,8.0,171.0,81.0,38.0,27.0,10.0,111.0,510.0,10.04545455,,,,2.0,,1.0,1.0,,1.0,8.0,9.0,48.0,,,,,2.0,,17.0,,55.0,2.06067088,0.139022062,0.061830031,0.002760597,,,,,,,,0.003783328,0.00264833,-3.57645e-06,-1.22051e-07,1.019903997,24.42484361,2.459000322,0.128748797,0.191562284,0.125185953,73.0,36.0,18.0,14.0,7.0,31.36284616,0.186847302,0.005778783,45.9408437,11.77336276,0.131509394,0.002047151,0.028684925,0.436576694,0.465261619,0.013195065,0.244482949,0.257678014,0.257678014,15.11764706,2.314240597,17.18680127,MIA,4,11.0,2.0,,,,5.0,,,,,,,,,,,,,,,,,,,,,,,,,,,,,,,,,,,,,,,,,,,,,,,,,,,,,,2.0,2.0,1.0,1.0,1.0,1.0,,,,,,,,,,,,1.0,,,,,,,,,,,,,,,,,,,,,,,,,,,,,,,,,,,,,,,,,,,,,,,,,,,,,,,,,,,,,,,,,,,,,,,,,,,,,,,,,,,,,,,,,,,,,,,,,,,,,,,,,,,,,,,,,,,,,,,,,,,,,,,,,,,,,,,,,,,,,,,,,,,,,,,,,,,,,,,
70.0,5.0,56.24,4.02,55.0,10.71428571,6.0,,27.0,11.0,4.0,4.0,,,7.0,2.0,,,,,2.72727273,16.0,7.42857143,,19.0,7.0,2.0,2.0,,20.0,96.0,6.5,,,,,,,,2.0,2.0,4.0,10.0,36.0,6.0,,,,,,14.0,18.0,6.0,54.21502759,16.43047023,1.682385869,0.093252465,46.0,23.0,11.0,9.0,4.0,10.0,5.0,0.102367846,0.071657492,0.139314644,0.004754274,4.296337902,6.069669106,0.44892908,0.022613791,0.035212173,0.023011155,17.0,8.0,4.0,3.0,1.0,12.75270823,0.038833107,0.001201024,16.76436592,6.747310768,0.115866256,0.002535947,0.466596581,0.109754994,0.576351575,0.214634427,0.061462797,0.276097224,0.276097224,14.17647059,14.48477091,4.313451238,CHI,55,1.0,,,,,,,,,,,,,,,,,,,,,,,,,,,,,,,,,,,,,,,,,,,,,,,,,,,,,,,,,,,,,,,,,,,,,,,,,,,,,,,,,,,,,,,,,,,,,,,,,,,,,,,,,,,,,,,,,,,,,,,,,,,,,,,,,,,,,,,,,,,,,,,,,,,,,,,,,,,,,,,,,,,,,,,,,,,,,,,,,,,,,,,,,,,,,,,,,,,,,,,,,,,,,,,,,,,,,,,,,,,,,,,,,,,,,,,,,,,
107.0,7.64,134.58,7.92,,,,,,,,,,,,,,,,,,,,,,,,,,,,,,,,,,,,1.0,1.0,3.0,11.0,88.0,,,,,,,14.0,,,,,,,,,,,,,,,,,,,,,,,,,,,,,,,,,,,,,,,,,,,17.0,,,TEN,24,,,,,,,,,,,,,,,,,,,,,,,,,,,,,,,,,,,,,,,,,,,,,,,,,,,,,,,,,,,,,,,,,,,,,,,,,,,,,,,,,,,,,,,,,,,,,,,,,,,,,,,,,,,,,,,,,,,,,,,,,,,,,,,,,,,,,,,,,,,,,,,,,,,,,,,,,,,,,6.0,6.0,,8.0,9.0,1.0,7.0,7.0,,21.0,22.0,1.0,25.0,25.0,,6.0,6.0,,856.0,49.0,905.0,168.0,81.0,39.0,29.0,10.0,3.0,9.0,4.0,2.0,1.0,,178.0,86.0,41.0,31.0,11.0,3.0,4.759034679,6.61813977,1.859105091,7.660567015,9.206422155,1.545855141,16.76912118,16.93850624,0.169385062,29.18872287,32.76306817,3.574345294,33.4055657,34.08731194,0.681746239,4.759034679,6.61813977,1.859105091,1104.787024,175.0367081,1279.823732,,,,,,,,,,,,,,,,,,,,,
55.0,3.24,25.49,1.7,,,,,,,,,,,,,,,,,,24.0,17.52941176,1.0,56.0,25.0,9.0,7.0,2.0,30.0,126.0,12.41666667,,,,,,,,,2.0,14.0,3.0,6.0,,,,,,,17.0,,15.0,,,,,,,,,,,,,,,,,6.890364047,0.810471611,0.048025529,0.096739637,0.063219353,20.0,10.0,5.0,4.0,2.0,10.66264381,0.044409168,0.001373479,15.23498717,9.769255512,0.048025529,0.000537297,,0.12211302,0.12211302,,0.068383291,0.068383291,0.068383291,15.11764706,,4.484564688,PHI,41,1.0,,,,,1.0,,,,,,,,,,,,,,,,,,,,,,,,,,,,,,,,,,,,,,,,,,,,,,,,,,,,,,,,2.0,,,,,,,,,,,,,,,,,,,,,,,,,,,,,,,,,,,,,,,,,,,,,,,,,,,,,,,,,,,,,,,,,,,,,,,,,,,,,,,,,,,,,,,,,,,,,,,,,,,,,,,,,,,,,,,,,,,,,,,,,,,,,,,,,,,,,,,,,,,,,,,,,,,,,,,,,,,,,,,,,,,,,,,,,,,,,,
121.0,9.31,0.0,0.0,,,,,,,,,,,,,,,,,,,,,,,,,,,,,,,,,,,,,,7.0,6.0,110.0,,,,,,,13.0,,,,,,,,,,,,,,,,,,,,,,,,,,,,,,,,,,,,,,,,,,,,,,ARI,19,,,,,,,,,,,,,,,,,,,,,,,,,,,,,,,,,,,,,,,,,,,,,,,,,,,,,,,,,,,,,,,,,,,,,,,,,,,,,,,,,,,,,,,,,,,,,,,,,,,,,,,,,,,,,,,,,,,,,,,,,,,,,,,,,,,,,,,,,,,,,,,,,,,,,,,,,,,,,4.0,4.0,,7.0,11.0,4.0,17.0,17.0,,28.0,32.0,4.0,26.0,27.0,1.0,4.0,4.0,,1084.0,132.0,1216.0,212.0,102.0,47.0,39.0,16.0,6.0,26.0,12.0,6.0,3.0,,238.0,115.0,54.0,43.0,18.0,7.0,,,,,,,,,,,,,,,,,,,,,,,,,3.0,117.0,,39.0,,,,,,,,,,,,,2.0,1.0
414.0,24.35,302.33,20.16,139.0,53.82352941,4.0,1.0,177.0,84.0,39.0,28.0,10.0,1.0,19.0,4.0,1.0,,1.0,,6.58273381,,,,,,,,,,,,23.0,7.0,6.0,10.0,4.0,5.0,9.0,2.0,2.0,12.0,5.0,272.0,2.0,1.0,,,,,17.0,47.0,,124.3838957,49.16134566,5.643422656,0.218952353,147.0,73.0,36.0,29.0,14.0,24.0,12.0,0.245610812,0.171927568,1.589101241,0.054229929,5.92858248,,,,,,,,,,,,,,,,1.49639218,0.039390507,1.789911914,,8.952388039,0.823359481,,4.261348021,15.39636743,15.0,38.49135508,,BAL,1,,,,,,,,,,,474.0,316.0,158.0,245.41176471,41.0,828.0,409.0,201.0,158.0,74.0,32.0,59.0,25.0,26.0,7.0,6.0,2.0,4.0,0.66666667,2.0,18.0,14.0,3.0,198.0,458.7092055,299.6572127,159.0519928,226.2743919,22.00716384,678.0,339.0,169.0,135.0,67.0,33.0,59.0,29.0,2.628910399,1.717992946,2.33565279,0.315485451,1.277439827,11.13501941,0.653261825,39.02293222,7.162476125,3.43798854,163.4860865,,,,,,,,,,,,,,,2.0,,,,,,,,,,,,,,,,,,,,,,,,,,,,,,,,,,,,,,,,,,,,,,,,,,,,,,,,,,,,,,,,,,,,,,,,,,,,,,,,,,,,,,,,,,,,,,,,,,,,,,,,,,,,,,,,,,,,,,,,,,,,,,,,,,,,,,,,,,,,,,,,,,,,,,,,,,,,,,,,,,,
189.0,11.81,208.3,13.89,1.0,0.0625,,,,,,,,,,,,,,,1.0,97.0,51.4375,3.0,159.0,76.0,35.0,26.0,9.0,133.0,340.0,8.48453608,,,,2.0,,1.0,1.0,1.0,1.0,15.0,1.0,18.0,,,,,1.0,,16.0,,47.0,1.911302171,0.045325418,0.039775047,0.002085634,,,,,,,,0.003508807,0.002456165,-3.48112e-06,-1.18797e-07,0.358506193,55.40639325,7.122822703,0.233109182,0.166993277,0.109130107,167.0,83.0,41.0,33.0,16.0,82.79130038,1.583057168,0.048960531,107.7454263,10.1171777,0.235194816,0.003775517,0.019362275,0.838709851,0.858072126,0.008906647,0.469677517,0.478584163,0.478584163,15.11764706,2.240896283,43.7319077,KC,5,12.0,2.0,,,,2.0,,,,,,,,,,,,,,,,,,,,,,,,,,,,,,,,,,,,,,,,,,,,,,,,,,,,,,1.0,1.0,,,,2.0,,,,,,,,,,,,1.0,,,,,,,,,,,,,,,,,,,,,,,,,,,,,,,,,,,,,,,,,,,,,,,,,,,,,,,,,,,,,,,,,,,,,,,,,,,,,,,,,,,,,,,,,,,,,,,,,,,,,,,,,,,,,,,,,,,,,,,,,,,,,,,,,,,,,,,,,,,,,,,,,,,,,,,,,,,,,,,
100.0,10.0,151.58,10.11,,,,,,,,,,,,,,,,,,42.0,49.6,2.0,97.0,46.0,20.0,16.0,6.0,52.0,257.0,11.80952381,,,,2.0,,,,1.0,1.0,8.0,2.0,12.0,,,,,2.0,,10.0,,20.0,,,,,,,,,,,,,,,,,45.35353815,2.962020812,0.175471981,0.149871297,0.097940893,137.0,68.0,34.0,27.0,13.0,66.15292212,0.912250552,0.028213935,90.53882653,10.36445195,0.175471981,0.002800794,,0.63654401,0.63654401,,0.356464646,0.356464646,0.356464646,15.11764706,,34.0471672,PHI,24,4.0,2.0,,,,,,,,,,,,,,,,,,,,,,,,,,,,,,,,,,,,,,,,,,,,,,,,,,,,,,,,,,1.0,1.0,,,,1.0,,,,,,,,,,,,,,,,,,,,,,,,,,,,,,,,,,,,,,,,,,,,,,,,,,,,,,,,,,,,,,,,,,,,,,,,,,,,,,,,,,,,,,,,,,,,,,,,,,,,,,,,,,,,,,,,,,,,,,,,,,,,,,,,,,,,,,,,,,,,,,,,,,,,,,,,,,,,,,,,,,,,,,,,,,,
192.0,11.29,173.22,12.37,263.0,61.35294118,6.0,,201.0,98.0,44.0,33.0,14.0,3.0,45.0,18.0,,,3.0,,3.96577947,36.0,16.64705882,,52.0,22.0,7.0,6.0,2.0,48.0,329.0,7.86111111,,,,,,,,,,10.0,7.0,36.0,3.0,2.0,,1.0,,,17.0,50.0,13.0,218.5682067,62.74486275,5.81368013,0.272624391,177.0,88.0,44.0,35.0,17.0,43.0,21.0,0.448972464,0.314280725,2.071702431,0.070699256,4.069671041,11.84781589,1.238135979,0.071381582,0.034200582,0.02235008,33.0,16.0,8.0,6.0,3.0,27.8889789,0.063888026,0.001975918,35.78092071,6.022458336,0.344005973,0.008012013,1.614858443,0.206053541,1.820911984,0.742834884,0.115389983,0.858224867,0.858224867,14.17647059,49.71909048,10.3450848,LAC,20,2.0,,,,,,,,,,,,,,,,,,,,,,,,,,,,,,,,,,,,,,,,,,,,,,,,,,,,,,,,,,,,,,,,,,,,,,,,,,,,,,,,,,,,,,,,,,,,,,,,,,,,,,,,,,,,,,,,,,,,,,,,,,,,,,,,,,,,,,,,,,,,,,,,,,,,,,,,,,,,,,,,,,,,,,,,,,,,,,,,,,,,,,,,,,,,,,,,,,,,,,,,,,,,,,,,,,,,,,,,,,,,,,,,,,,,,,,,,,,
190.0,11.88,171.98,12.28,260.0,67.4375,5.0,1.0,209.0,101.0,47.0,35.0,13.0,3.0,45.0,17.0,,,3.0,,4.15,41.0,14.875,,44.0,20.0,7.0,3.0,,57.0,221.0,5.80487805,,2.0,2.0,2.0,2.0,2.0,2.0,1.0,1.0,3.0,13.0,32.0,2.0,1.0,2.0,,,,16.0,53.0,9.0,172.4623701,52.39690876,5.110999281,0.294574156,148.0,74.0,37.0,29.0,14.0,34.0,17.0,0.346066074,0.242246252,1.427365007,0.048710491,4.307045273,17.31750269,1.013365072,0.050774893,0.03470662,0.022680776,49.0,24.0,12.0,9.0,4.0,38.09199284,0.093723272,0.002898658,48.29852409,6.444952053,0.345349049,0.00731591,1.36190171,0.30080504,1.66270675,0.626474786,0.168450823,0.794925609,0.794925609,14.17647059,41.44087711,14.71704843,TEN,21,1.0,,,,,,,,,,,,,,,,,,,,,,,,,,,,,2.0,,,,,,,,,,,,,,,,,,,,,,,,,,,,,,,,,,,,,,,,,,,,,,,,,,,,,,,,,,,,,,,,,,,,,,,,,,,,,,,,,,,,,,,,,,,,,,,,,,,,,,,,,,,,,,,,,,,,,,,,,,,,,,,,,,,,,,,,,,,,,,,,,,,,,,,,,,,,,,,,,,,,,,,,,,,,,,,,,,,,,,,,,,,,,,,,,,,,,,,,,,,,,,
116.0,6.82,85.22,5.01,,,,,,,,,,,,,,,,,,,,,,,,,,,,,,,,,,,,704.0,1131.0,13.0,4.0,,,,,,,,17.0,,,,,,,,,,,,,,,,,,,,,,,,,,,,,,,,,,,,,,,,,,,17.0,,,BUF,8,,,621.0,55.0,18.0,,0.413046245,1392.196037,139.0,55.0,,,,,,,,,,,,,,,,,,,,,,,,,,,,,,,,,,,,,,,,,,,,,,,,,,,,427.0,,,,,313.0,25.0,0.171,276.0,27.0,11.0,,,,,,16.0,0.0,0.0,5.0,1.0,3.0,16.0,,39.0,78.0,2.0,3.0,18.0,370.0,221.0,97.0,60.0,8.0,368.0,4.0,3.0,1.0,3.0,5806.0,0.0,0.0,7.0,1.0,5.0,2.0,1.0,1.0,0.0,0.0,0.0,5.0,1.0,4.0,3.0,1.0,3.0,0.104476866,0.467172979,1.970620566,2.242430299,0.118111511,1.903641045,13.30353885,9.009065128,1.732951368,0.21620838,40.3372285,80.67445699,1.33506604,0.568575005,2.6057988,14.15109014,1067.360301,355.0,213.0,52.48247542,72.46703909,389.7205231,2.463275707,4.153592485,3.457080044,1.894174078,0.247176976,22.92473665,6037.441954,0.27175542,2.717554201,3.295034469,4.195224298,3.447896893,2.038165651,0.798281547,0.236087521,355.1436443,,,,,,,,,,,,,,,,,,,,,,,,,,,,,,,,,,,,,,,,,,,,,,,,,,,,,,,,,,,,1.0,,,,,,,,,,,1.0,,,,,,,,,
117.0,6.88,152.12,10.14,,,,,,,,,,,,,,,,,,31.0,29.70588235,7.0,95.0,44.0,18.0,13.0,3.0,64.0,71.0,16.29032258,,,,,,,,2.0,2.0,10.0,7.0,42.0,,,,,1.0,1.0,17.0,,27.0,,,,,,,,,,,,,,,,,46.14658262,4.36079077,0.233540827,0.182426065,0.119215433,139.0,69.0,34.0,27.0,13.0,57.75394341,0.95400359,0.029505266,87.75898389,12.07930936,0.233540827,0.005082347,,1.155078868,1.155078868,,0.646844166,0.646844166,0.646844166,15.11764706,,33.03535052,SF,61,1.0,,,,,4.0,,,,,,,,,,,,,,,,,,,,,,,,,,,,,,,,,,,,,,,,,,,,,,,,,,,,,,,,,,,,1.0,,,,,,,,,,,,,,,,,,,,,,,,,,,,,,,,,,,,,,,,,,,,,,,,,,,,,,,,,,,,,,,,,,,,,,,,,,,,,,,,,,,,,,,,,,,,,,,,,,,,,,,,,,,,,,,,,,,,,,,,,,,,,,,,,,,,,,,,,,,,,,,,,,,,,,,,,,,,,,,,,,,,,,,,,,
158.0,9.29,137.91,8.11,,,,,,,,,,,,,,,,,,,,,,,,,,,,,,,,,,,,2.0,2.0,15.0,2.0,142.0,,,,,,,17.0,,,,,,,,,,,,,,,,,,,,,,,,,,,,,,,,,,,,,,,,,,,17.0,,,DET,7,,,,,,,,,,,,,,,,,,,,,,,,,,,,,,,,,,,,,,,,,,,,,,,,,,,,,,,,,,,,,,,,,,,,,,,,,,,,,,,,,,,,,,,,,,,,,,,,,,,,,,,,,,,,,,,,,,,,,,,,,,,,,,,,,,,,,,,,,,,,,,,,,,,,,,,,,,,,,6.0,8.0,2.0,7.0,8.0,1.0,13.0,13.0,,26.0,29.0,3.0,64.0,67.0,3.0,6.0,7.0,1.0,1045.0,162.0,1207.0,201.0,97.0,44.0,36.0,15.0,3.0,32.0,15.0,7.0,5.0,2.0,233.0,112.0,51.0,43.0,18.0,4.0,4.450126329,6.553941574,2.103815245,7.220756461,9.117116744,1.896360283,16.01935813,16.774197,0.754838865,27.69024092,32.44525532,4.755014393,43.46912159,45.95044566,2.481324065,4.450126329,6.553941574,2.103815245,1045.821607,221.5874019,1267.409008,,,,,,,,,1.0,1.0,,,,,,,,,,,
81.0,7.36,73.86,4.92,,,,,,,,,,,,,,,,,,35.0,41.18181818,1.0,86.0,40.0,17.0,14.0,5.0,56.0,83.0,12.94285714,,,,,,,,,,7.0,4.0,6.0,,,,,,,11.0,,21.0,,,,,,,,,,,,,,,,,24.91157329,1.437967324,0.078800878,0.168838867,0.110336199,75.0,37.0,18.0,15.0,7.0,28.59534386,0.200802748,0.006210394,48.32382314,13.17012918,0.078800878,0.002106584,,0.478769098,0.478769098,,0.268110695,0.268110695,0.268110695,15.11764706,,16.34139043,WSH,86,2.0,,,,,,,,,,,,,,,,,,,,,,,,,,,,,,,,,,,,,,,,,,,,,,,,,,,,,,,,,,,,,,1.0,1.0,,,,,,,,,,,,,,,,,,,,,,,,,,,,,,,,,,,,,,,,,,,,,,,,,,,,,,,,,,,,,,,,,,,,,,,,,,,,,,,,,,,,,,,,,,,,,,,,,,,,,,,,,,,,,,,,,,,,,,,,,,,,,,,,,,,,,,,,,,,,,,,,,,,,,,,,,,,,,,,,,,,,,,,,,,,,
91.0,5.35,55.33,3.69,2.0,0.41176471,,,1.0,,,,,,,,,,,,3.5,42.0,33.05882353,,107.0,49.0,20.0,15.0,4.0,62.0,126.0,13.38095238,,,,,,,,1.0,1.0,10.0,7.0,,,,,,,,17.0,,29.0,2.068957214,0.808436635,0.123306465,0.006121529,2.0,1.0,,,,,,0.00379856,0.002658992,0.000298251,1.01781e-05,5.907159235,17.52617561,1.331621707,0.071297329,0.166789621,0.108997017,52.0,26.0,13.0,10.0,5.0,19.68077232,0.105043204,0.003248759,34.03478302,13.46260872,0.077418859,0.001804047,0.039002535,0.371008158,0.410010693,0.017941166,0.207764568,0.225705734,0.225705734,15.11764706,2.702278946,11.18711466,LAR,80,3.0,,,,,,,,,,1.0,,1.0,,,,,,,,,,,,,,,,,,,,,,,,,,,,,,,,,,,,,,,,,,,,,,,,,,,,,,,,0.0342,55.2,5.0,2.0,,,,,,,,,,,,,,,,,,,,,,,,,,,,,,,,,,,,,,,,,,,,,,,,,,,,,,,,,,,,,,,,,,,,,,,,,,,,,,,,,,,,,,,,,,,,,,,,,,,,,,,,,,,,,,,,,,,,,,,,,,,,,,,,,,,,,,,,,,,,,,,,,,,,,,,,,,,,,,,,,,,,
116.0,7.73,88.05,6.29,47.0,15.2,1.0,,41.0,17.0,5.0,4.0,1.0,,4.0,,1.0,1.0,,,4.85106383,42.0,25.53333333,3.0,71.0,33.0,14.0,10.0,3.0,51.0,433.0,9.11904762,,,,,,,,1.0,1.0,10.0,5.0,24.0,,,,,2.0,1.0,15.0,14.0,17.0,65.81177048,20.65594933,2.259359887,0.087707358,58.0,29.0,14.0,11.0,5.0,13.0,6.0,0.126083264,0.088258285,0.274849134,0.009379546,4.449484583,12.51864954,0.787174295,0.045730559,0.044570161,0.0291266,35.0,17.0,8.0,7.0,3.0,23.39752898,0.070496663,0.002180309,31.45579679,7.585000416,0.133437916,0.003501338,0.587049685,0.208709049,0.795758734,0.270042855,0.116877067,0.386919923,0.386919923,14.17647059,17.64206825,9.399179971,BAL,37,3.0,,183.0,16.0,6.0,,0.143635474,659.2643827,65.0,26.0,,,,,,,,,,,,,,,,,,,,,,,,,,,,,,,,,,,,,,,,,,,,,,,,,,,,,,,,,,,,,,,,,,,,,,,,,,,,,,,,,,,,,,,,,,,,,,,,,,,,,,,,,,,,,,,,,,,,,,,,,,,,,,,,,,,,,,,,,,,,,,,,,,,,,,,,,,,,,,,,,,,,,,,,,,,,,,,,,,,,,,,,,,,,,,,,,,,,,,,,,,,,,,,,,,,,,,,,,,,,,,,,,,
85.0,5.0,82.59,4.86,,,,,,,,,,,,,,,,,,,,,,,,,,,,,,,,,,,,686.0,1074.0,10.0,7.0,,,,,,,,17.0,,,,,,,,,,,,,,,,,,,,,,,,,,,,,,,,,,,,,,,,,,,17.0,,,TB,15,,,816.0,74.0,24.0,,0.441232569,1447.794366,144.0,57.0,,,,,,,,,,,,,,,,,,,,,,,,,,,,,,,,,,,,,,,,,,,,,,,,,,,,388.0,,,,,159.0,12.0,0.171,276.0,27.0,11.0,,,,,,11.0,0.0,0.0,2.0,4.0,1.0,7.0,2.0,46.0,92.0,,2.0,16.0,353.0,208.0,69.0,62.0,2.0,383.0,2.0,5.0,2.0,2.0,5810.0,0.0,0.0,7.0,2.0,4.0,1.0,1.0,1.0,1.0,0.0,0.0,2.0,4.0,2.0,5.0,2.0,2.0,0.095123901,0.424660272,1.851518785,2.174260592,0.113324979,1.85162912,13.17429345,8.670502342,1.835976345,0.225620471,40.60292149,81.20584299,1.287153462,0.564475659,2.577186668,14.94208025,1065.876789,355.0,213.0,52.91737813,73.88101946,391.9397563,2.463029576,4.212629896,3.550159872,1.970423661,0.258193445,23.05527978,6098.710207,0.220735118,2.377147423,3.175189772,4.261885737,3.633639632,2.207351179,0.865960847,0.258090292,358.7476592,,,,,,,,,,,,,,,,,,,,,,,,,,,,,,,,,,,,,,,,,,,,,,,,,,,,,,,,,,,,1.0,,,,,,,,,,,1.0,,1.0,,,,,,,
111.0,9.25,228.76,15.25,45.0,15.25,,,34.0,14.0,4.0,3.0,,,3.0,,,,,,4.06666667,,,,,,,,,,,,41.0,6.0,5.0,10.0,3.0,6.0,18.0,,,2.0,10.0,78.0,,,,,,,12.0,20.0,,49.58103989,10.85973151,2.044450354,0.117822072,32.0,16.0,8.0,6.0,3.0,9.0,4.0,0.093707213,0.065595049,0.076596269,0.002613937,3.285448893,,,,,,,,,,,,,,,,1.144977794,0.05104969,0.90295786,,11.60220218,0.415360616,,5.55099789,18.07051857,15.0,11.86480869,,TEN,31,,,,,,,,,,,301.0,190.0,111.0,174.25,13.0,415.0,203.0,98.0,79.0,35.0,13.0,31.0,10.0,16.0,5.0,5.0,2.0,12.0,0.63122924,4.0,2.0,4.0,1.0,87.0,548.9357709,348.249113,200.6866579,254.1276929,20.50846549,762.0,381.0,190.0,152.0,76.0,38.0,69.0,34.0,3.255408198,2.127409257,3.572981459,0.482616111,1.027155722,12.51952068,0.63440776,38.55527686,10.69924432,5.135637274,185.3149001,,,,,,,,,,,,,,,,,1.0,1.0,,,,,,,,,,,,,,,,,,,,,,,,,,,,,,,,,,,,,,,,,,,,,,,,,,,,,,,,,,,,,,,,,,,,,,,,,,,,,,,,,,,,,,,,,,,,,,,,,,,,,,,,,,,,,,,,,,,,,,,,,,,,,,,,,,,,,,,,,,,,,,,,,,,,,,,,,,,,,,,,
117.0,6.88,119.76,7.98,,,,,,,,,,,,,,,,,,50.0,32.23529412,3.0,105.0,49.0,21.0,15.0,3.0,66.0,212.0,10.96,,,,2.0,,,,,,5.0,12.0,18.0,,,,,2.0,,17.0,,27.0,,,,,,,,,,,,,,,,,33.85025547,3.913602515,0.195746714,0.131093517,0.085669613,102.0,51.0,25.0,20.0,10.0,45.34387103,0.41135287,0.012722254,69.62341436,11.28567552,0.195746714,0.001827925,,0.415437456,0.415437456,,0.232644976,0.232644976,0.232644976,15.11764706,,24.89766411,NO,16,4.0,2.0,,,,1.0,,,,,,,,,,,,,,,,,,,,,,,,,,,,,,,,,,,,,,,,,,,,,,,,,,,,,,,,,,,,,,,,,,,,,,,,,,,,,,,,,,,,,,,,,,,,,,,,,,,,,,,,,,,,,,,,,,,,,,,,,,,,,,,,,,,,,,,,,,,,,,,,,,,,,,,,,,,,,,,,,,,,,,,,,,,,,,,,,,,,,,,,,,,,,,,,,,,,,,,,,,,,,,,,,,,,,,,,,,,,,,,,,,,,,,
114.0,7.12,39.16,2.8,66.0,19.4375,2.0,,57.0,26.0,11.0,8.0,2.0,1.0,9.0,3.0,,,1.0,,4.71212121,40.0,16.3125,3.0,46.0,20.0,6.0,5.0,1.0,47.0,252.0,6.525,,,1.0,2.0,1.0,1.0,1.0,2.0,4.0,4.0,12.0,30.0,2.0,,,,1.0,,16.0,14.0,16.0,23.99652702,7.27092394,0.621476866,0.029884538,20.0,10.0,5.0,4.0,2.0,4.0,2.0,0.044584626,0.031209238,0.026913644,0.000918459,4.295456559,6.645741264,0.419105036,0.023644662,0.042509932,0.02778024,18.0,9.0,4.0,3.0,1.0,13.02422668,0.041511603,0.001283864,16.96675016,7.233685186,0.053529199,0.0012061,0.177677981,0.096435551,0.274113531,0.081731871,0.054003908,0.135735779,0.135735779,14.17647059,7.473562904,4.588348457,LV,38,3.0,,296.0,26.0,9.0,2.0,0.17442792,787.8627598,78.0,31.0,,,,,,,,,,,,,,,,,,,,,,,,,,,,,,,,,,,,,,,,,,,,,,,,,,,,2.0,,,,,91.0,8.0,,,,,,,,,,,,,,,,,,,,,,,1.0,,,,3.0,,,,,,,,,,,,,,,,,,,,,,,,,,,,,,,,,,,,,,,,,,,,,,,,,,,,,,,,,,,,,,,,,,,,,,,,,,,,,,,,,,,,,,,,,,,,,,,,,,,,,,,,,,,,,,,,,,,,,,,,,,,,,,,,,,,,,,,,,,,,,
121.0,7.12,112.39,7.49,13.0,2.47058824,,,6.0,2.0,,,,,,,,,,,3.23076923,39.0,29.58823529,6.0,94.0,44.0,20.0,14.0,6.0,52.0,477.0,12.8974359,,1.0,1.0,1.0,,,,2.0,2.0,10.0,7.0,36.0,,,,,1.0,1.0,17.0,3.0,14.0,7.767344093,2.948622164,0.298431537,0.018054768,8.0,4.0,2.0,1.0,,1.0,,0.014304974,0.010013482,0.004830059,0.000164831,5.738928087,32.78264798,2.135160391,0.11732668,0.179817718,0.117510879,99.0,49.0,24.0,19.0,9.0,38.41945968,0.376822982,0.011654319,62.55627067,12.89962186,0.135381448,0.004064439,0.155346882,0.768389194,0.923736075,0.071459566,0.430297948,0.501757514,0.501757514,15.11764706,4.271492578,22.14705972,DEN,57,2.0,1.0,194.0,17.0,6.0,1.0,1.049915123,1505.839247,150.0,60.0,,,,,,,,,,,,,,,,,,,,,,,,,,,,,,,,,,,,,,,,,,,,,,,,,,2.0,2.0,,2.0,2.0,,1.0,408.0,35.0,0.12996,468.0,46.0,18.0,,,,,,,,,,,,,,,,,,,,,,,10.0,,,,,,,,,,,,,,,,,,,,,,,,,,,,,,,,,,,,,,,,,,,,,,,,,,,,,,,,,,,,,,,,,,,,,,,,,,,,,,,,,,,,,,,,,,,,,,,,,,,,,,,,,,,,,,,,,,,,,,,,,,,,,,,,,,,,,,,,,,,,,
