points,avg_points,projected_points,projected_avg_points,actual_rushingAttempts,actual_rushingYards,actual_rushingTouchdowns,actual_27,actual_28,actual_29,actual_30,actual_31,actual_32,actual_33,actual_34,actual_rushing40PlusYardTD,actual_rushing50PlusYardTD,actual_rushing100To199YardGame,actual_rushing200PlusYardGame,actual_rushingYardsPerAttempt,actual_receivingReceptions,actual_receivingYards,actual_receivingTouchdowns,actual_47,actual_48,actual_49,actual_50,actual_51,actual_54,actual_receivingTargets,actual_receivingYardsAfterCatch,actual_receivingYardsPerReception,actual_66,actual_fumbles,actual_70,actual_lostFumbles,actual_turnovers,actual_defensiveSoloTackles,actual_defensiveTotalTackles,actual_teamWin,actual_teamLoss,actual_pointsScored,actual_179,actual_186,actual_210,proj_rushingAttempts,proj_rushingYards,proj_rushingTouchdowns,proj_rushing2PtConversions,proj_27,proj_28,proj_29,proj_30,proj_31,proj_33,proj_34,proj_rushing40PlusYardTD,proj_rushing50PlusYardTD,proj_rushing100To199YardGame,proj_rushing200PlusYardGame,proj_rushingYardsPerAttempt,proj_receivingYards,proj_receivingTouchdowns,proj_receiving2PtConversions,proj_receiving40PlusYardTD,proj_receiving50PlusYardTD,proj_47,proj_48,proj_49,proj_50,proj_51,proj_receivingReceptions,proj_54,proj_55,proj_receiving100To199YardGame,proj_receiving200PlusYardGame,proj_receivingTargets,proj_receivingYardsPerReception,proj_2PtConversions,proj_fumbleRecoveredForTD,proj_66,proj_67,proj_fumbles,proj_70,proj_71,proj_lostFumbles,proj_turnovers,proj_210,player_name,pro_team,acquisition_type,posRank,player_id,team_id,team_name,position,schedule,eligible_slots,lineup_slot,actual_receiving40PlusYardTD,actual_receiving50PlusYardTD,actual_52,actual_receiving100To199YardGame,actual_67,actual_71,actual_kickoffReturnYards,actual_116,actual_117,proj_kickoffReturnTouchdowns,proj_puntReturnTouchdowns,proj_kickoffReturnYards,proj_puntReturnYards,proj_116,proj_117,proj_puntsReturned,proj_119,actual_55,actual_183,actual_185,actual_passingAttempts,actual_passingCompletions,actual_passingIncompletions,actual_passingYards,actual_passingTouchdowns,actual_5,actual_6,actual_7,actual_8,actual_9,actual_10,actual_11,actual_12,actual_13,actual_14,actual_passing40PlusYardTD,actual_passing50PlusYardTD,actual_passing300To399YardGame,actual_passing2PtConversions,actual_passingInterceptions,actual_passingCompletionPercentage,actual_passingTimesSacked,actual_65,actual_175,actual_176,actual_177,actual_178,proj_passingAttempts,proj_passingCompletions,proj_passingIncompletions,proj_passingYards,proj_passingTouchdowns,proj_5,proj_6,proj_7,proj_8,proj_9,proj_10,proj_11,proj_12,proj_passing40PlusYardTD,proj_passing50PlusYardTD,proj_passing300To399YardGame,proj_passing400PlusYardGame,proj_passing2PtConversions,proj_passingInterceptions,proj_passingCompletionPercentage,proj_passingTimesSacked,proj_65,proj_69,actual_receiving2PtConversions,actual_2PtConversions,actual_184,actual_defensiveAssistedTackles,actual_180,actual_181,actual_defensiveForcedFumbles,actual_madeFieldGoalsFrom50Plus,actual_attemptedFieldGoalsFrom50Plus,actual_madeFieldGoalsFrom40To49,actual_attemptedFieldGoalsFrom40To49,actual_missedFieldGoalsFrom40To49,actual_madeFieldGoalsFromUnder40,actual_attemptedFieldGoalsFromUnder40,actual_missedFieldGoalsFromUnder40,actual_madeFieldGoals,actual_attemptedFieldGoals,actual_missedFieldGoals,actual_madeExtraPoints,actual_attemptedExtraPoints,actual_missedExtraPoints,actual_198,actual_199,proj_madeFieldGoalsFrom50Plus,proj_attemptedFieldGoalsFrom50Plus,proj_missedFieldGoalsFrom50Plus,proj_madeFieldGoalsFrom40To49,proj_attemptedFieldGoalsFrom40To49,proj_missedFieldGoalsFrom40To49,proj_madeFieldGoalsFromUnder40,proj_attemptedFieldGoalsFromUnder40,proj_missedFieldGoalsFromUnder40,proj_madeFieldGoals,proj_attemptedFieldGoals,proj_missedFieldGoals,proj_madeExtraPoints,proj_attemptedExtraPoints,proj_missedExtraPoints,proj_198,proj_199,proj_200,actual_defensiveFumbles,actual_defensive0PointsAllowed,actual_defensive1To6PointsAllowed,actual_defensive7To13PointsAllowed,actual_defensive14To17PointsAllowed,actual_defensiveTouchdowns,actual_defensiveInterceptions,actual_defensiveBlockedKicks,actual_defensiveSafeties,actual_defensiveSacks,actual_100,actual_kickoffReturnTouchdowns,actual_puntReturnTouchdowns,actual_interceptionReturnTouchdowns,actual_defensivePlusSpecialTeamsTouchdowns,actual_110,actual_111,actual_112,actual_defensivePassesDefensed,actual_puntReturnYards,actual_puntsReturned,actual_119,actual_defensivePointsAllowed,actual_defensive18To21PointsAllowed,actual_defensive22To27PointsAllowed,actual_defensive28To34PointsAllowed,actual_defensive35To45PointsAllowed,actual_defensiveYardsAllowed,actual_defensiveLessThan100YardsAllowed,actual_defensive100To199YardsAllowed,actual_defensive200To299YardsAllowed,actual_defensive300To349YardsAllowed,actual_defensive350To399YardsAllowed,actual_defensive400To449YardsAllowed,actual_defensive450To499YardsAllowed,actual_defensive500To549YardsAllowed,actual_defensive550PlusYardsAllowed,actual_188,actual_189,actual_190,actual_191,actual_192,actual_193,actual_194,actual_195,proj_defensive0PointsAllowed,proj_defensive1To6PointsAllowed,proj_defensive7To13PointsAllowed,proj_defensive14To17PointsAllowed,proj_defensiveBlockedKickForTouchdowns,proj_defensiveTouchdowns,proj_defensiveInterceptions,proj_defensiveFumbles,proj_defensiveBlockedKicks,proj_defensiveSafeties,proj_defensiveSacks,proj_100,proj_interceptionReturnTouchdowns,proj_fumbleReturnTouchdowns,proj_defensivePlusSpecialTeamsTouchdowns,proj_defensiveForcedFumbles,proj_defensiveTotalTackles,proj_110,proj_111,proj_defensivePassesDefensed,proj_defensivePointsAllowed,proj_defensive18To21PointsAllowed,proj_defensive22To27PointsAllowed,proj_defensive28To34PointsAllowed,proj_defensive35To45PointsAllowed,proj_defensive45PlusPointsAllowed,proj_126,proj_defensiveYardsAllowed,proj_defensive100To199YardsAllowed,proj_defensive200To299YardsAllowed,proj_defensive300To349YardsAllowed,proj_defensive350To399YardsAllowed,proj_defensive400To449YardsAllowed,proj_defensive450To499YardsAllowed,proj_defensive500To549YardsAllowed,proj_defensive550PlusYardsAllowed,proj_137,proj_pointsMargin,actual_receiving200PlusYardGame,actual_182,actual_69,actual_missedFieldGoalsFrom50Plus,actual_200,actual_attemptedFieldGoalsFrom60Plus,actual_missedFieldGoalsFrom60Plus,actual_rushing2PtConversions,actual_fumbleReturnTouchdowns,actual_passing400PlusYardGame,actual_defensive45PlusPointsAllowed,actual_196,actual_defensiveBlockedKickForTouchdowns,actual_netPunts,actual_puntYards,actual_puntsInsideThe20,actual_143,actual_puntAverage,actual_puntAverage38.0-39.9,actual_madeFieldGoalsFrom60Plus,actual_puntsInsideThe10,actual_puntAverage33.9AndUnder,actual_blockedPunts,actual_144,actual_puntTouchbacks,actual_puntFairCatches,actual_puntAverage44.0+,actual_puntAverage42.0-43.9,actual_puntAverage34.0-35.9,proj_netPunts,proj_puntYards,proj_puntsInsideThe10,proj_puntsInsideThe20,proj_blockedPunts,proj_143,proj_144,proj_puntTouchbacks,proj_puntFairCatches,proj_puntAverage44.0+,proj_puntAverage42.0-43.9,proj_puntAverage40.0-41.9,proj_puntAverage38.0-39.9,proj_puntAverage36.0-37.9,actual_fumbleRecoveredForTD,proj_defensiveAssistedTackles,proj_defensiveSoloTackles,year,actual_defensive2PtReturns,actual_puntAverage40.0-41.9,actual_211,actual_212,actual_213,actual_214,actual_215,actual_216,actual_217,actual_218,actual_219,actual_220,actual_221,actual_222,actual_223,actual_224,actual_225,actual_226,actual_227,actual_229,actual_230,actual_231,actual_232,actual_233,actual_234,proj_defensiveLessThan100YardsAllowed,actual_228,proj_214,proj_215,proj_216,proj_221,proj_227,proj_233,proj_212,proj_213,proj_211,proj_112
341.0,21.31,251.98,18.0,345.0,125.3125,13.0,395.0,191.0,93.0,72.0,33.0,12.0,62.0,27.0,4.0,4.0,10.0,1.0,5.8115942,33.0,17.375,2.0,50.0,23.0,9.0,5.0,1.0,,43.0,245.0,8.42424242,2.0,2.0,1.0,1.0,1.0,1.0,1.0,13.0,3.0,96.0,4.0,,16.0,253.1156329,73.6341211,8.784967442,0.334120574,208.0,104.0,52.0,41.0,20.0,50.0,25.0,0.528725673,0.370107971,2.853908891,0.097392961,4.124091191,25.42675567,2.375715442,0.140801896,0.043879698,0.028675383,72.0,36.0,18.0,14.0,7.0,46.05499228,,,0.179079174,0.005538531,64.41091554,7.826766137,0.47492247,0.009473148,1.821552456,0.331435808,2.152988264,0.83791413,0.185604052,1.023518182,1.023518182,14.17647059,Saquon Barkley,PHI,DRAFT,2,3929630,1,Stretchy Pups Elite,RB,"{'1': {'team': 'GB', 'date': datetime.datetime(2024, 9, 6, 20, 15)}, '2': {'team': 'ATL', 'date': datetime.datetime(2024, 9, 16, 20, 15)}, '3': {'team': 'NO', 'date': datetime.datetime(2024, 9, 22, 13, 0)}, '4': {'team': 'TB', 'date': datetime.datetime(2024, 9, 29, 13, 0)}, '6': {'team': 'CLE', 'date': datetime.datetime(2024, 10, 13, 13, 0)}, '7': {'team': 'NYG', 'date': datetime.datetime(2024, 10, 20, 13, 0)}, '8': {'team': 'CIN', 'date': datetime.datetime(2024, 10, 27, 13, 0)}, '9': {'team': 'JAX', 'date': datetime.datetime(2024, 11, 3, 16, 5)}, '10': {'team': 'DAL', 'date': datetime.datetime(2024, 11, 10, 16, 25)}, '11': {'team': 'WSH', 'date': datetime.datetime(2024, 11, 14, 20, 15)}, '12': {'team': 'LAR', 'date': datetime.datetime(2024, 11, 24, 20, 20)}, '13': {'team': 'BAL', 'date': datetime.datetime(2024, 12, 1, 16, 25)}, '14': {'team': 'CAR', 'date': datetime.datetime(2024, 12, 8, 13, 0)}, '15': {'team': 'PIT', 'date': datetime.datetime(2024, 12, 15, 16, 25)}, '16': {'team': 'WSH', 'date': datetime.datetime(2024, 12, 22, 13, 0)}, '17': {'team': 'DAL', 'date': datetime.datetime(2024, 12, 29, 13, 0)}, '18': {'team': 'NYG', 'date': datetime.datetime(2025, 1, 5, 13, 0)}}","['RB', 'RB/WR', 'RB/WR/TE', 'OP', 'BE', 'IR']",RB,,,,,,,,,,,,,,,,,,,,1.0,,,,,,,,,,,,,,,,,,,,,,1.0,1.0,,,,,,,,,,,,,,,,,,,,,,,,,,,,,,1.0,,2.0,2.0,,,,,,,,,,,,,,,,,,,,,,,,,,,,,,,,,,,,,,,,,,,,,,,,,,,,,,,,,,,,,,,,,,,,,,,,,,,,,,,,,,,,,,,,,,,,,,,,,,,,,,,,,,,,,,,,,,,,,,,,1.0,,,,,,3.0,,,,,,,,,,,,,,,,,,,,,,,,,,,,,,,,,,,,,,,2024,,,,82.0,12.0,,,,,,,,,,,,,,,,,,,,,,,,,,,,,59.24545161,20.25932699,,
286.0,16.82,210.02,15.0,203.0,53.35294118,6.0,175.0,84.0,37.0,26.0,9.0,2.0,36.0,16.0,1.0,1.0,2.0,,4.4679803,78.0,34.82352941,6.0,113.0,52.0,21.0,17.0,6.0,9.0,87.0,665.0,7.58974359,,1.0,,,,1.0,1.0,8.0,9.0,72.0,4.0,,17.0,162.2122986,52.85019595,5.9373272,0.265093932,149.0,74.0,37.0,29.0,14.0,32.0,16.0,0.323878624,0.226715037,1.457247609,0.04973027,4.61881901,27.60136015,2.536959907,0.132861395,0.062676788,0.040959281,78.0,39.0,19.0,15.0,7.0,46.54365795,,,0.212614705,0.006575713,63.37586091,8.406942808,0.397955327,0.007192069,1.270123799,0.364437272,1.634561072,0.584256948,0.204084873,0.78834182,0.78834182,14.17647059,De'Von Achane,MIA,DRAFT,5,4429160,1,Stretchy Pups Elite,RB,"{'1': {'team': 'JAX', 'date': datetime.datetime(2024, 9, 8, 13, 0)}, '2': {'team': 'BUF', 'date': datetime.datetime(2024, 9, 12, 20, 15)}, '3': {'team': 'SEA', 'date': datetime.datetime(2024, 9, 22, 16, 5)}, '4': {'team': 'TEN', 'date': datetime.datetime(2024, 9, 30, 19, 30)}, '5': {'team': 'NE', 'date': datetime.datetime(2024, 10, 6, 13, 0)}, '7': {'team': 'IND', 'date': datetime.datetime(2024, 10, 20, 13, 0)}, '8': {'team': 'ARI', 'date': datetime.datetime(2024, 10, 27, 13, 0)}, '9': {'team': 'BUF', 'date': datetime.datetime(2024, 11, 3, 13, 0)}, '10': {'team': 'LAR', 'date': datetime.datetime(2024, 11, 11, 20, 15)}, '11': {'team': 'LV', 'date': datetime.datetime(2024, 11, 17, 13, 0)}, '12': {'team': 'NE', 'date': datetime.datetime(2024, 11, 24, 13, 0)}, '13': {'team': 'GB', 'date': datetime.datetime(2024, 11, 28, 20, 20)}, '14': {'team': 'NYJ', 'date': datetime.datetime(2024, 12, 8, 13, 0)}, '15': {'team': 'HOU', 'date': datetime.datetime(2024, 12, 15, 13, 0)}, '16': {'team': 'SF', 'date': datetime.datetime(2024, 12, 22, 16, 25)}, '17': {'team': 'CLE', 'date': datetime.datetime(2024, 12, 29, 16, 5)}, '18': {'team': 'NYJ', 'date': datetime.datetime(2025, 1, 5, 16, 25)}}","['RB', 'RB/WR', 'RB/WR/TE', 'OP', 'BE', 'IR']",RB,,,,,1.0,,32.0,3.0,1.0,0.061329207,,201.2364594,,20.0,8.0,,,,2.0,,,,,,,,,,,,,,,,,,,,,,,,,,,,,,,,,,,,,,,,,,,,,,,,,,,,,,4.0,,1.0,,,,,,,,,,,,,,,,,,,,,,,,,,,,,,,,,,,,,,,,,,,,,,,,,,,,,,,,,,,,,,,,,,,,,,,,,,,,,,,,,,,,,,,,,,,,,,,,,,,,,,,,,,,,,,,,,,,,,,,,,,,,,,,,,,,,,,,,,,,,,,,,,,,,,,,,,,,,,,,,,,,,,,2024,,,,37.0,30.0,,,,,,,,,,,,,,,,,,,,,,,,,,,,,41.65115791,21.28676669,,
153.0,13.91,274.87,18.32,86.0,45.36363636,6.0,96.0,45.0,20.0,13.0,4.0,,12.0,3.0,,,,,5.80232558,1.0,-0.09090909,,,,,,,,1.0,7.0,-1.0,6.0,9.0,1.0,3.0,15.0,1.0,1.0,6.0,5.0,86.0,6.0,,11.0,116.4288872,36.27624972,9.071748203,0.320604154,108.0,54.0,27.0,21.0,10.0,23.0,11.0,0.228858833,0.160201183,0.864243225,0.029493306,4.673614588,,,,,,,,,,,,,,,,,,1.481954526,0.055670478,2.294217623,,12.65238136,1.055340106,,6.027258699,17.80081889,15.0,Anthony Richardson,IND,DRAFT,25,4429084,1,Stretchy Pups Elite,BE,"{'1': {'team': 'HOU', 'date': datetime.datetime(2024, 9, 8, 13, 0)}, '2': {'team': 'GB', 'date': datetime.datetime(2024, 9, 15, 13, 0)}, '3': {'team': 'CHI', 'date': datetime.datetime(2024, 9, 22, 13, 0)}, '4': {'team': 'PIT', 'date': datetime.datetime(2024, 9, 29, 13, 0)}, '5': {'team': 'JAX', 'date': datetime.datetime(2024, 10, 6, 13, 0)}, '6': {'team': 'TEN', 'date': datetime.datetime(2024, 10, 13, 13, 0)}, '7': {'team': 'MIA', 'date': datetime.datetime(2024, 10, 20, 13, 0)}, '8': {'team': 'HOU', 'date': datetime.datetime(2024, 10, 27, 13, 0)}, '9': {'team': 'MIN', 'date': datetime.datetime(2024, 11, 3, 20, 20)}, '10': {'team': 'BUF', 'date': datetime.datetime(2024, 11, 10, 13, 0)}, '11': {'team': 'NYJ', 'date': datetime.datetime(2024, 11, 17, 13, 0)}, '12': {'team': 'DET', 'date': datetime.datetime(2024, 11, 24, 13, 0)}, '13': {'team': 'NE', 'date': datetime.datetime(2024, 12, 1, 13, 0)}, '15': {'team': 'DEN', 'date': datetime.datetime(2024, 12, 15, 16, 25)}, '16': {'team': 'TEN', 'date': datetime.datetime(2024, 12, 22, 13, 0)}, '17': {'team': 'NYG', 'date': datetime.datetime(2024, 12, 29, 13, 0)}, '18': {'team': 'JAX', 'date': datetime.datetime(2025, 1, 5, 13, 0)}}","['QB', 'OP', 'BE', 'IR']",BE,,,,,,,,,,,,,,,,,,,,,264.0,126.0,138.0,164.90909091,8.0,358.0,177.0,85.0,67.0,32.0,13.0,22.0,9.0,24.0,11.0,3.0,3.0,,,12.0,0.47727273,14.0,5.0,3.0,1.0,1.0,,489.551294,312.0344734,177.5168206,226.0184534,15.9350906,678.0,339.0,169.0,135.0,67.0,33.0,62.0,31.0,2.622518239,1.713815669,2.320175574,0.313394885,1.161350372,11.7735602,0.637388722,36.11351883,10.35816373,4.971918592,,,,,,1.0,,,,,,,,,,,,,,,,,,,,,,,,,,,,,,,,,,,,,,,,,,,,,,,,,,,,,,,,,,,,,,,,,,,,,,,,,,,,,,,,,,,,,,,,,,,,,,,,,,,,,,,,,,,,,,,,,,,,,,,,,2.0,,,,,1.0,,,,,,,,,,,,,,,,,,,,,,,,,,,,,,,,,,,,,,,2024,,,73.0,33.0,,,,,,,,,,,,,,,,,,,,,,,,,,,,,,34.03784505,,164.0572074,
142.0,9.47,217.93,14.53,4.0,0.8,,1.0,,,,,,,,,,,,3.0,58.0,49.6,2.0,144.0,68.0,31.0,23.0,7.0,3.0,83.0,236.0,12.82758621,,,,,,1.0,2.0,6.0,9.0,16.0,,,15.0,4.121341761,1.648374624,0.238352234,0.010641988,4.0,2.0,1.0,,,,,0.007575163,0.005302614,0.001430175,4.88064e-05,6.046464292,70.6136473,4.749448214,0.248600149,0.282923679,0.184890624,213.0,106.0,53.0,42.0,21.0,80.71847105,,,2.968074375,0.091796115,120.3875139,13.22512906,0.259242137,0.005013134,0.05534719,1.084001483,1.139348673,0.025459708,0.60704083,0.632500538,0.632500538,15.11764706,Jaylen Waddle,MIA,DRAFT,46,4372016,1,Stretchy Pups Elite,BE,"{'1': {'team': 'JAX', 'date': datetime.datetime(2024, 9, 8, 13, 0)}, '2': {'team': 'BUF', 'date': datetime.datetime(2024, 9, 12, 20, 15)}, '3': {'team': 'SEA', 'date': datetime.datetime(2024, 9, 22, 16, 5)}, '4': {'team': 'TEN', 'date': datetime.datetime(2024, 9, 30, 19, 30)}, '5': {'team': 'NE', 'date': datetime.datetime(2024, 10, 6, 13, 0)}, '7': {'team': 'IND', 'date': datetime.datetime(2024, 10, 20, 13, 0)}, '8': {'team': 'ARI', 'date': datetime.datetime(2024, 10, 27, 13, 0)}, '9': {'team': 'BUF', 'date': datetime.datetime(2024, 11, 3, 13, 0)}, '10': {'team': 'LAR', 'date': datetime.datetime(2024, 11, 11, 20, 15)}, '11': {'team': 'LV', 'date': datetime.datetime(2024, 11, 17, 13, 0)}, '12': {'team': 'NE', 'date': datetime.datetime(2024, 11, 24, 13, 0)}, '13': {'team': 'GB', 'date': datetime.datetime(2024, 11, 28, 20, 20)}, '14': {'team': 'NYJ', 'date': datetime.datetime(2024, 12, 8, 13, 0)}, '15': {'team': 'HOU', 'date': datetime.datetime(2024, 12, 15, 13, 0)}, '16': {'team': 'SF', 'date': datetime.datetime(2024, 12, 22, 16, 25)}, '17': {'team': 'CLE', 'date': datetime.datetime(2024, 12, 29, 16, 5)}, '18': {'team': 'NYJ', 'date': datetime.datetime(2025, 1, 5, 16, 25)}}","['RB/WR', 'WR', 'WR/TE', 'RB/WR/TE', 'OP', 'BE', 'IR']",BE,,,2.0,2.0,,,,,,,,,,,,,,,1.0,1.0,,,,,,,,,,,,,,,,,,,,,,,,,,,,,,,,,,,,,,,,,,,,,,,,,,,2.0,,,1.0,,,,,,,,,,,,,,,,,,,,,,,,,,,,,,,,,,,,,,,,,,,,,,,,,,,,,,,,,,,,,,,,,,,,,,,,,,,,,,,,,,,,,,,,,,,,,,,,,,,,,,,,,,,,,,,,,,,,,,,,,,,,,,,,,,,,,,,,,,,,,,,,,,,,,,,,,,,,,,,,,,,,,,,2024,,,,1.0,38.0,,,,,,,,,,,,,,,,,,,,,,,,,,,,,3.341482871,48.62861411,,
266.0,17.73,221.8,14.79,5.0,0.13333333,,,,,,,,,,,,,,0.4,109.0,80.26666667,7.0,234.0,113.0,53.0,41.0,18.0,17.0,170.0,462.0,11.04587156,,1.0,,,,,,2.0,13.0,44.0,,1.0,15.0,,,,,,,,,,,,,,,,,71.28699297,5.466906287,0.311085676,0.195531006,0.127779513,215.0,107.0,53.0,43.0,21.0,82.33210105,,,3.03541061,0.093878679,133.2206611,13.08956757,0.311085676,0.00384899,,0.874770554,0.874770554,,0.48987151,0.48987151,0.48987151,15.11764706,Malik Nabers,NYG,DRAFT,6,4595348,1,Stretchy Pups Elite,WR,"{'1': {'team': 'MIN', 'date': datetime.datetime(2024, 9, 8, 13, 0)}, '2': {'team': 'WSH', 'date': datetime.datetime(2024, 9, 15, 13, 0)}, '3': {'team': 'CLE', 'date': datetime.datetime(2024, 9, 22, 13, 0)}, '4': {'team': 'DAL', 'date': datetime.datetime(2024, 9, 26, 20, 15)}, '5': {'team': 'SEA', 'date': datetime.datetime(2024, 10, 6, 16, 25)}, '6': {'team': 'CIN', 'date': datetime.datetime(2024, 10, 13, 20, 20)}, '7': {'team': 'PHI', 'date': datetime.datetime(2024, 10, 20, 13, 0)}, '8': {'team': 'PIT', 'date': datetime.datetime(2024, 10, 28, 20, 15)}, '9': {'team': 'WSH', 'date': datetime.datetime(2024, 11, 3, 13, 0)}, '10': {'team': 'CAR', 'date': datetime.datetime(2024, 11, 10, 9, 30)}, '12': {'team': 'TB', 'date': datetime.datetime(2024, 11, 24, 13, 0)}, '13': {'team': 'DAL', 'date': datetime.datetime(2024, 11, 28, 16, 30)}, '14': {'team': 'NO', 'date': datetime.datetime(2024, 12, 8, 13, 0)}, '15': {'team': 'BAL', 'date': datetime.datetime(2024, 12, 15, 13, 0)}, '16': {'team': 'ATL', 'date': datetime.datetime(2024, 12, 22, 13, 0)}, '17': {'team': 'IND', 'date': datetime.datetime(2024, 12, 29, 13, 0)}, '18': {'team': 'PHI', 'date': datetime.datetime(2025, 1, 5, 13, 0)}}","['Rookie', 'RB/WR', 'WR', 'WR/TE', 'RB/WR/TE', 'OP', 'BE', 'IR']",WR,2.0,1.0,3.0,3.0,1.0,,,,,,,,,,,,,3.0,3.0,1.0,1.0,,1.0,,,,,,,,,,,,,,,,,,,,,,,,,,,,,,,,,,,,,,,,,,,,,,,,1.0,,,,,,,,,,,,,,,,,,,,,,,,,,,,,,,,,,,,,,,,,,,,,,,,,,,,,,,,,,,,,,,,,,,,,,,,,,,,,,,,,,,,,,,,,,,,,,,,,,,,,,,,,,,,,,,,,,,,,,,,,,,,,,,,,,,,,,,,,,,,,,,,,,,,,,,,,,,,,,,,,,,,,,,,,,2024,,,,1.0,55.0,,,,,,,,,,,,,,,,,,,,,,,,,,,,,,49.57050138,,
253.0,14.88,143.05,9.54,5.0,0.76470588,,2.0,1.0,,,,,,,,,,,2.6,112.0,70.23529412,5.0,232.0,110.0,49.0,38.0,13.0,15.0,153.0,596.0,10.66071429,,,,,,3.0,3.0,4.0,13.0,30.0,,1.0,17.0,,,,,,,,,,,,,,,,,42.96142896,3.796689825,0.21412394,0.15089793,0.098611797,129.0,64.0,32.0,25.0,12.0,56.55218148,,,0.786572026,0.02432697,85.48951588,11.48453876,0.21412394,0.002861943,,0.650441542,0.650441542,,0.364247263,0.364247263,0.364247263,15.11764706,Brock Bowers,LV,DRAFT,1,4432665,1,Stretchy Pups Elite,TE,"{'1': {'team': 'LAC', 'date': datetime.datetime(2024, 9, 8, 16, 5)}, '2': {'team': 'BAL', 'date': datetime.datetime(2024, 9, 15, 13, 0)}, '3': {'team': 'CAR', 'date': datetime.datetime(2024, 9, 22, 16, 5)}, '4': {'team': 'CLE', 'date': datetime.datetime(2024, 9, 29, 16, 25)}, '5': {'team': 'DEN', 'date': datetime.datetime(2024, 10, 6, 16, 5)}, '6': {'team': 'PIT', 'date': datetime.datetime(2024, 10, 13, 16, 5)}, '7': {'team': 'LAR', 'date': datetime.datetime(2024, 10, 20, 16, 5)}, '8': {'team': 'KC', 'date': datetime.datetime(2024, 10, 27, 16, 25)}, '9': {'team': 'CIN', 'date': datetime.datetime(2024, 11, 3, 13, 0)}, '11': {'team': 'MIA', 'date': datetime.datetime(2024, 11, 17, 13, 0)}, '12': {'team': 'DEN', 'date': datetime.datetime(2024, 11, 24, 16, 5)}, '13': {'team': 'KC', 'date': datetime.datetime(2024, 11, 29, 15, 0)}, '14': {'team': 'TB', 'date': datetime.datetime(2024, 12, 8, 13, 0)}, '15': {'team': 'ATL', 'date': datetime.datetime(2024, 12, 16, 20, 30)}, '16': {'team': 'JAX', 'date': datetime.datetime(2024, 12, 22, 16, 25)}, '17': {'team': 'NO', 'date': datetime.datetime(2024, 12, 29, 13, 0)}, '18': {'team': 'LAC', 'date': datetime.datetime(2025, 1, 5, 16, 25)}}","['Rookie', 'WR/TE', 'TE', 'RB/WR/TE', 'OP', 'BE', 'IR']",TE,1.0,1.0,2.0,2.0,,,,,,,,,,,,,,4.0,,2.0,,,,,,,,,,,,,,,,,,,,,,,,,,,,,,,,,,,,,,,,,,,,,,,,,,,,,1.0,,,,,,,,,,,,,,,,,,,,,,,,,,,,,,,,,,,,,,,,,,,,,,,,,,,,,,,,,,,,,,,,,,,,,,,,,,,,,,,,,,,,,,,,,,,,,,,,,,,,,,,,,,,,,,,,,,,,,,,,,,,,,,,,,,,,,,,,,,,,,,,,,,,,,,,,,,,,,,,,,,,,,,,,2024,,,,2.0,61.0,,,,,,,,,,,,,,,,,,,,,,,,,,,,,,31.20291557,,
184.0,10.82,179.06,11.94,20.0,9.58823529,1.0,29.0,12.0,4.0,3.0,,,,,,,,,8.15,55.0,50.41176471,6.0,164.0,77.0,34.0,28.0,10.0,4.0,75.0,380.0,15.58181818,1.0,3.0,1.0,1.0,1.0,,,11.0,6.0,42.0,,,17.0,12.33058473,5.691095388,0.582797981,0.0364559,17.0,8.0,4.0,3.0,1.0,2.0,1.0,0.022765148,0.015935603,0.018539938,0.000632697,6.977444567,50.12787605,5.074954906,0.240646154,0.18524672,0.121058732,151.0,75.0,37.0,30.0,15.0,62.31822292,,,1.205314951,0.037277782,94.8636143,12.16041637,0.277102054,0.006569095,0.246611695,1.246364458,1.492976153,0.11344138,0.697964097,0.811405476,0.811405476,15.11764706,Jayden Reed,GB,DRAFT,31,4362249,1,Stretchy Pups Elite,WR,"{'1': {'team': 'PHI', 'date': datetime.datetime(2024, 9, 6, 20, 15)}, '2': {'team': 'IND', 'date': datetime.datetime(2024, 9, 15, 13, 0)}, '3': {'team': 'TEN', 'date': datetime.datetime(2024, 9, 22, 13, 0)}, '4': {'team': 'MIN', 'date': datetime.datetime(2024, 9, 29, 13, 0)}, '5': {'team': 'LAR', 'date': datetime.datetime(2024, 10, 6, 16, 25)}, '6': {'team': 'ARI', 'date': datetime.datetime(2024, 10, 13, 13, 0)}, '7': {'team': 'HOU', 'date': datetime.datetime(2024, 10, 20, 13, 0)}, '8': {'team': 'JAX', 'date': datetime.datetime(2024, 10, 27, 13, 0)}, '9': {'team': 'DET', 'date': datetime.datetime(2024, 11, 3, 16, 25)}, '11': {'team': 'CHI', 'date': datetime.datetime(2024, 11, 17, 13, 0)}, '12': {'team': 'SF', 'date': datetime.datetime(2024, 11, 24, 16, 25)}, '13': {'team': 'MIA', 'date': datetime.datetime(2024, 11, 28, 20, 20)}, '14': {'team': 'DET', 'date': datetime.datetime(2024, 12, 5, 20, 15)}, '15': {'team': 'SEA', 'date': datetime.datetime(2024, 12, 15, 20, 20)}, '16': {'team': 'NO', 'date': datetime.datetime(2024, 12, 23, 20, 15)}, '17': {'team': 'MIN', 'date': datetime.datetime(2024, 12, 29, 16, 25)}, '18': {'team': 'CHI', 'date': datetime.datetime(2025, 1, 5, 13, 0)}}","['RB/WR', 'WR', 'WR/TE', 'RB/WR/TE', 'OP', 'BE', 'IR']",WR,1.0,1.0,3.0,3.0,,,,,,0.043934675,0.09405,144.1606539,151.8,14.0,5.0,15.0,6.0,,2.0,,,,,,,,,,,,,,,,,,,,,,,,1.0,,,,,,,,,,,,,,,,,,,,,,,,,,,,,,3.0,,,,,,,,,,,,,,,,,,,,,,,,,,,,,,,,,,,,,,,,,,,,,,,,,,,,,,,,,,110.0,7.0,,,,,,,,,,,,,,,,,,,,,,,,,,,,,,,,,,,,,,,,,,,,,,,,,,,,,,,,,,,,,,,,1.0,1.0,,,,,,,,,,,,,,,,,,,,,,,,,,,,,,,,,,,,,,,,,,,,2024,,,,7.0,29.0,,,,,,,,,,,,,,,,,,,,,,,,,,,,,6.16062117,36.02747634,,
312.0,18.35,234.65,15.64,35.0,3.29411765,,11.0,3.0,1.0,,,,,,,,,,1.6,1.0,0.41176471,1.0,1.0,,,,,,1.0,2.0,7.0,,6.0,,,12.0,1.0,2.0,15.0,2.0,228.0,,,17.0,32.86288336,3.411175358,1.828084058,0.076557955,10.0,5.0,2.0,2.0,1.0,6.0,3.0,0.061488932,0.043042252,0.007365724,0.000251364,1.557003681,,,,,,,,,,,,,,,,,,1.469108726,0.031282573,0.399235474,,7.109675634,0.183648318,,3.404659595,13.49659887,15.0,Jared Goff,DET,DRAFT,6,3046779,1,Stretchy Pups Elite,BE,"{'1': {'team': 'LAR', 'date': datetime.datetime(2024, 9, 8, 20, 20)}, '2': {'team': 'TB', 'date': datetime.datetime(2024, 9, 15, 13, 0)}, '3': {'team': 'ARI', 'date': datetime.datetime(2024, 9, 22, 16, 25)}, '4': {'team': 'SEA', 'date': datetime.datetime(2024, 9, 30, 20, 15)}, '6': {'team': 'DAL', 'date': datetime.datetime(2024, 10, 13, 16, 25)}, '7': {'team': 'MIN', 'date': datetime.datetime(2024, 10, 20, 13, 0)}, '8': {'team': 'TEN', 'date': datetime.datetime(2024, 10, 27, 13, 0)}, '9': {'team': 'GB', 'date': datetime.datetime(2024, 11, 3, 16, 25)}, '10': {'team': 'HOU', 'date': datetime.datetime(2024, 11, 10, 20, 20)}, '11': {'team': 'JAX', 'date': datetime.datetime(2024, 11, 17, 13, 0)}, '12': {'team': 'IND', 'date': datetime.datetime(2024, 11, 24, 13, 0)}, '13': {'team': 'CHI', 'date': datetime.datetime(2024, 11, 28, 12, 30)}, '14': {'team': 'GB', 'date': datetime.datetime(2024, 12, 5, 20, 15)}, '15': {'team': 'BUF', 'date': datetime.datetime(2024, 12, 15, 16, 25)}, '16': {'team': 'CHI', 'date': datetime.datetime(2024, 12, 22, 13, 0)}, '17': {'team': 'SF', 'date': datetime.datetime(2024, 12, 30, 20, 15)}, '18': {'team': 'MIN', 'date': datetime.datetime(2025, 1, 5, 20, 20)}}","['QB', 'OP', 'BE', 'IR']",BE,,,,,,,,,,,,,,,,,,,1.0,,539.0,390.0,149.0,272.29411765,37.0,920.0,456.0,224.0,176.0,83.0,38.0,70.0,30.0,24.0,8.0,7.0,6.0,4.0,1.0,12.0,0.72356215,31.0,6.0,20.0,3.0,5.0,2.0,521.1675885,349.6976721,171.4699164,250.2223731,23.13618402,750.0,375.0,187.0,150.0,75.0,37.0,69.0,34.0,3.163510871,2.067354354,3.369357789,0.455111892,1.392550771,10.09193927,0.67098891,31.19918959,6.710440161,3.221011277,,,,1.0,,,,,,,,,,,,,,,,,,,,,,,,,,,,,,,,,,,,,,,,,,,,,,,,,,,,,,,,,,,,,,,,,,,,,,,,,,,,,,,,,,,,,,,,,,,,,,,,,,,,,,,,,,,,,,,,,,,,,,,,,,,,,,,,,,2.0,,,,,,,,,,,,,,,,,,,,,,,,,,,,,,,,,,,,,2024,,,236.0,9.0,1.0,,,,,,,,,,,,,,,,,,,,,,,,,,,,,6.915282652,,185.4294326,
173.0,10.18,139.28,9.95,135.0,33.47058824,8.0,106.0,50.0,20.0,16.0,6.0,1.0,19.0,6.0,1.0,1.0,1.0,,4.21481481,42.0,20.0,1.0,62.0,27.0,8.0,7.0,1.0,3.0,52.0,377.0,8.0952381,,,,,,2.0,3.0,10.0,7.0,54.0,5.0,1.0,17.0,122.4897751,37.4915839,3.513564232,0.174756344,106.0,53.0,26.0,21.0,10.0,24.0,12.0,0.239675352,0.167772747,0.733895942,0.025045053,4.33912411,17.30396138,0.978923062,0.052535303,0.041151538,0.02689253,49.0,24.0,12.0,9.0,4.0,35.50084091,,,0.093685199,0.00289748,44.76368718,6.909951799,0.227291647,0.002960389,0.52163259,0.151183195,0.672815785,0.239950991,0.084662589,0.324613581,0.324613581,14.17647059,Zach Charbonnet,SEA,DRAFT,25,4426385,1,Stretchy Pups Elite,BE,"{'1': {'team': 'DEN', 'date': datetime.datetime(2024, 9, 8, 16, 5)}, '2': {'team': 'NE', 'date': datetime.datetime(2024, 9, 15, 13, 0)}, '3': {'team': 'MIA', 'date': datetime.datetime(2024, 9, 22, 16, 5)}, '4': {'team': 'DET', 'date': datetime.datetime(2024, 9, 30, 20, 15)}, '5': {'team': 'NYG', 'date': datetime.datetime(2024, 10, 6, 16, 25)}, '6': {'team': 'SF', 'date': datetime.datetime(2024, 10, 10, 20, 15)}, '7': {'team': 'ATL', 'date': datetime.datetime(2024, 10, 20, 13, 0)}, '8': {'team': 'BUF', 'date': datetime.datetime(2024, 10, 27, 16, 5)}, '9': {'team': 'LAR', 'date': datetime.datetime(2024, 11, 3, 16, 25)}, '11': {'team': 'SF', 'date': datetime.datetime(2024, 11, 17, 16, 5)}, '12': {'team': 'ARI', 'date': datetime.datetime(2024, 11, 24, 16, 25)}, '13': {'team': 'NYJ', 'date': datetime.datetime(2024, 12, 1, 13, 0)}, '14': {'team': 'ARI', 'date': datetime.datetime(2024, 12, 8, 16, 5)}, '15': {'team': 'GB', 'date': datetime.datetime(2024, 12, 15, 20, 20)}, '16': {'team': 'MIN', 'date': datetime.datetime(2024, 12, 22, 16, 5)}, '17': {'team': 'CHI', 'date': datetime.datetime(2024, 12, 26, 20, 15)}, '18': {'team': 'LAR', 'date': datetime.datetime(2025, 1, 5, 16, 25)}}","['RB', 'RB/WR', 'RB/WR/TE', 'OP', 'BE', 'IR']",BE,,,,,,,,,,,,,,,,,,,,,,,,,,,,,,,,,,,,,,,,,,,,,,,,,,,,,,,,,,,,,,,,,,,,,,,,,,1.0,1.0,1.0,,,,,,,,,,,,,,,,,,,,,,,,,,,,,,,,,,,,,,,,,,,,,,,,,,,,,,,,,,,,,,,,,,,,,,,,,,,,,,,,,,,,,,,,,,,,,,,,,,,,,,,,,,,,,,,,,,,,,,,,,,,,,,,,,,,,,,,,,,,,,,,,,,,,,,,,,,,,,,,,,,,,,2024,,,,32.0,7.0,,,,,,,,,,,,,,,,,,,,,,,,,,,,,30.07921427,14.10706186,,
119.0,7.44,73.82,5.27,168.0,47.875,7.0,146.0,70.0,31.0,24.0,9.0,2.0,27.0,10.0,1.0,1.0,2.0,,4.55952381,7.0,3.375,,8.0,2.0,1.0,1.0,,,12.0,64.0,7.71428571,3.0,4.0,1.0,1.0,1.0,2.0,2.0,4.0,12.0,42.0,5.0,,16.0,82.55370567,24.31805343,2.625876773,0.156689641,68.0,34.0,17.0,13.0,6.0,16.0,8.0,0.158244206,0.110770944,0.307420692,0.010491089,4.175998719,6.421092446,0.505754362,0.031220402,0.036786955,0.024040275,18.0,9.0,4.0,3.0,1.0,12.94177639,,,0.040424706,0.001250249,17.25324123,7.033688843,0.187910042,0.006158524,1.209978631,0.189685887,1.399664517,0.55659017,0.106224097,0.662814267,0.662814267,14.17647059,Tank Bigsby,JAX,ADD,35,4429013,1,Stretchy Pups Elite,RB/WR/TE,"{'1': {'team': 'MIA', 'date': datetime.datetime(2024, 9, 8, 13, 0)}, '2': {'team': 'CLE', 'date': datetime.datetime(2024, 9, 15, 13, 0)}, '3': {'team': 'BUF', 'date': datetime.datetime(2024, 9, 23, 19, 30)}, '4': {'team': 'HOU', 'date': datetime.datetime(2024, 9, 29, 13, 0)}, '5': {'team': 'IND', 'date': datetime.datetime(2024, 10, 6, 13, 0)}, '6': {'team': 'CHI', 'date': datetime.datetime(2024, 10, 13, 9, 30)}, '7': {'team': 'NE', 'date': datetime.datetime(2024, 10, 20, 9, 30)}, '8': {'team': 'GB', 'date': datetime.datetime(2024, 10, 27, 13, 0)}, '9': {'team': 'PHI', 'date': datetime.datetime(2024, 11, 3, 16, 5)}, '10': {'team': 'MIN', 'date': datetime.datetime(2024, 11, 10, 13, 0)}, '11': {'team': 'DET', 'date': datetime.datetime(2024, 11, 17, 13, 0)}, '13': {'team': 'HOU', 'date': datetime.datetime(2024, 12, 1, 13, 0)}, '14': {'team': 'TEN', 'date': datetime.datetime(2024, 12, 8, 13, 0)}, '15': {'team': 'NYJ', 'date': datetime.datetime(2024, 12, 15, 13, 0)}, '16': {'team': 'LV', 'date': datetime.datetime(2024, 12, 22, 16, 25)}, '17': {'team': 'TEN', 'date': datetime.datetime(2024, 12, 29, 13, 0)}, '18': {'team': 'IND', 'date': datetime.datetime(2025, 1, 5, 13, 0)}}","['RB', 'RB/WR', 'RB/WR/TE', 'OP', 'BE', 'IR']",RB/WR/TE,,,,,,,195.0,18.0,6.0,,,,,,,,,,,,,,,,,,,,,,,,,,,,,,,,,,2.0,,,,,,,,,,,,,,,,,,,,,,,,,,,,,,,,1.0,,,,,,,,,,,,,,,,,,,,,,,,,,,,,,,,,,,,,,,,,,,,,,,,,,,,,,,,,,,,,,,,,,,,,,,,,,,,,,,,,,,,,,,,,,,,,,,,,,,,,,,,,,,,,,,,,,,,,,,,,,1.0,,,,,,,,,,,,,,,,,,,,,,,,,,,,,,,,,,,,,,,,,,,,2024,,,,39.0,1.0,,,,,,,,,,,,,,,,,,,,,,,,,,,,,20.68538382,4.517165289,,
117.0,7.31,141.77,9.45,1.0,0.4375,,1.0,,,,,,,,,,,,7.0,47.0,34.25,4.0,103.0,48.0,20.0,15.0,5.0,4.0,71.0,130.0,11.65957447,,1.0,,1.0,1.0,2.0,2.0,7.0,9.0,24.0,,,16.0,,,,,,,,,,,,,,,,,43.79665162,3.32941979,0.315022899,0.164827287,0.107714632,132.0,66.0,33.0,26.0,13.0,56.39379076,,,0.828347769,0.025619003,85.34020408,11.74069543,0.315022899,0.004962654,,1.127875815,1.127875815,,0.631610457,0.631610457,0.631610457,15.11764706,Michael Wilson,ARI,ADD,61,4360761,1,Stretchy Pups Elite,BE,"{'1': {'team': 'BUF', 'date': datetime.datetime(2024, 9, 8, 13, 0)}, '2': {'team': 'LAR', 'date': datetime.datetime(2024, 9, 15, 16, 5)}, '3': {'team': 'DET', 'date': datetime.datetime(2024, 9, 22, 16, 25)}, '4': {'team': 'WSH', 'date': datetime.datetime(2024, 9, 29, 16, 5)}, '5': {'team': 'SF', 'date': datetime.datetime(2024, 10, 6, 16, 5)}, '6': {'team': 'GB', 'date': datetime.datetime(2024, 10, 13, 13, 0)}, '7': {'team': 'LAC', 'date': datetime.datetime(2024, 10, 21, 21, 0)}, '8': {'team': 'MIA', 'date': datetime.datetime(2024, 10, 27, 13, 0)}, '9': {'team': 'CHI', 'date': datetime.datetime(2024, 11, 3, 16, 5)}, '10': {'team': 'NYJ', 'date': datetime.datetime(2024, 11, 10, 16, 25)}, '12': {'team': 'SEA', 'date': datetime.datetime(2024, 11, 24, 16, 25)}, '13': {'team': 'MIN', 'date': datetime.datetime(2024, 12, 1, 13, 0)}, '14': {'team': 'SEA', 'date': datetime.datetime(2024, 12, 8, 16, 5)}, '15': {'team': 'NE', 'date': datetime.datetime(2024, 12, 15, 16, 25)}, '16': {'team': 'CAR', 'date': datetime.datetime(2024, 12, 22, 13, 0)}, '17': {'team': 'LAR', 'date': datetime.datetime(2024, 12, 28, 20, 0)}, '18': {'team': 'SF', 'date': datetime.datetime(2025, 1, 5, 16, 25)}}","['RB/WR', 'WR', 'WR/TE', 'RB/WR/TE', 'OP', 'BE', 'IR']",BE,1.0,,,,1.0,1.0,,,,,,,,,,,,,2.0,,,,,,,,,,,,,,,,,,,,,,,,,,,,,,,,,,,,,,,,,,,,,,,,,,,,,,1.0,,,,,,,,,,,,,,,,,,,,,,,,,,,,,,,,,,,,,,,1.0,,,,,,,,,,,,,,,,,,,,,,,,,,,,,,,,,,,,,,,,,,,,,,,,,,,,,,,,,,,,,,,,,,,,,,,,,,,,,,,,,,,,,,,,,,,,,,,,,,,,,,,,,,,,,,,,,,,,,,,,,,,,,,,,,2024,,,,,27.0,,,,,,,,,,,,,,,,,,,,,,,,,,,,,,31.32393124,,
104.0,6.93,64.59,4.31,,,,,,,,,,,,,,,,,50.0,32.06666667,2.0,90.0,42.0,19.0,12.0,2.0,4.0,64.0,303.0,9.62,,,,,,,,10.0,5.0,12.0,,,15.0,,,,,,,,,,,,,,,,,17.64843776,1.450818784,0.073338144,0.10841765,0.070850935,53.0,26.0,13.0,10.0,5.0,30.16349963,,,0.104774483,0.003240448,37.94897836,8.845222086,0.073338144,0.001722083,,0.39138251,0.39138251,,0.219174205,0.219174205,0.219174205,15.11764706,Will Dissly,LAC,ADD,23,3127292,1,Stretchy Pups Elite,BE,"{'1': {'team': 'LV', 'date': datetime.datetime(2024, 9, 8, 16, 5)}, '2': {'team': 'CAR', 'date': datetime.datetime(2024, 9, 15, 13, 0)}, '3': {'team': 'PIT', 'date': datetime.datetime(2024, 9, 22, 13, 0)}, '4': {'team': 'KC', 'date': datetime.datetime(2024, 9, 29, 16, 25)}, '6': {'team': 'DEN', 'date': datetime.datetime(2024, 10, 13, 16, 5)}, '7': {'team': 'ARI', 'date': datetime.datetime(2024, 10, 21, 21, 0)}, '8': {'team': 'NO', 'date': datetime.datetime(2024, 10, 27, 16, 5)}, '9': {'team': 'CLE', 'date': datetime.datetime(2024, 11, 3, 13, 0)}, '10': {'team': 'TEN', 'date': datetime.datetime(2024, 11, 10, 16, 5)}, '11': {'team': 'CIN', 'date': datetime.datetime(2024, 11, 17, 20, 20)}, '12': {'team': 'BAL', 'date': datetime.datetime(2024, 11, 25, 20, 15)}, '13': {'team': 'ATL', 'date': datetime.datetime(2024, 12, 1, 13, 0)}, '14': {'team': 'KC', 'date': datetime.datetime(2024, 12, 8, 20, 20)}, '15': {'team': 'TB', 'date': datetime.datetime(2024, 12, 15, 16, 25)}, '16': {'team': 'DEN', 'date': datetime.datetime(2024, 12, 19, 20, 15)}, '17': {'team': 'NE', 'date': datetime.datetime(2024, 12, 28, 13, 0)}, '18': {'team': 'LV', 'date': datetime.datetime(2025, 1, 5, 16, 25)}}","['WR/TE', 'TE', 'RB/WR/TE', 'OP', 'BE', 'IR']",BE,,,,,,,,,,,,,,,,,,,1.0,1.0,,,,,,,,,,,,,,,,,,,,,,,,,,,,,,,,,,,,,,,,,,,,,,,,,,,,,,,,,,,,,,,,,,,,,,,,,,,,,,,,,,,,,,,,,,,,,,,,,,,,,,,,,,,,,,,,,,,,,,,,,,,,,,,,,,,,,,,,,,,,,,,,,,,,,,,,,,,,,,,,,,,,,,,,,,,,,,,,,,,,,,,,,,,,,,,,,,,,,,,,,,,,,,,,,,,,,,,,,,,,,2024,,,,,24.0,,,,,,,,,,,,,,,,,,,,,,,,,,,,,,13.67618473,,
133.0,7.82,100.07,5.89,,,,,,,,,,,,,,,,,,,,,,,,,,,,,,,,,,691.0,1118.0,11.0,6.0,,,,17.0,,,,,,,,,,,,,,,,,,,,,,,,,,,,,,,,,,,,,,,,,,,17.0,Packers D/ST,GB,ADD,3,-16009,1,Stretchy Pups Elite,BE,"{'1': {'team': 'PHI', 'date': datetime.datetime(2024, 9, 6, 20, 15)}, '2': {'team': 'IND', 'date': datetime.datetime(2024, 9, 15, 13, 0)}, '3': {'team': 'TEN', 'date': datetime.datetime(2024, 9, 22, 13, 0)}, '4': {'team': 'MIN', 'date': datetime.datetime(2024, 9, 29, 13, 0)}, '5': {'team': 'LAR', 'date': datetime.datetime(2024, 10, 6, 16, 25)}, '6': {'team': 'ARI', 'date': datetime.datetime(2024, 10, 13, 13, 0)}, '7': {'team': 'HOU', 'date': datetime.datetime(2024, 10, 20, 13, 0)}, '8': {'team': 'JAX', 'date': datetime.datetime(2024, 10, 27, 13, 0)}, '9': {'team': 'DET', 'date': datetime.datetime(2024, 11, 3, 16, 25)}, '11': {'team': 'CHI', 'date': datetime.datetime(2024, 11, 17, 13, 0)}, '12': {'team': 'SF', 'date': datetime.datetime(2024, 11, 24, 16, 25)}, '13': {'team': 'MIA', 'date': datetime.datetime(2024, 11, 28, 20, 20)}, '14': {'team': 'DET', 'date': datetime.datetime(2024, 12, 5, 20, 15)}, '15': {'team': 'SEA', 'date': datetime.datetime(2024, 12, 15, 20, 20)}, '16': {'team': 'NO', 'date': datetime.datetime(2024, 12, 23, 20, 15)}, '17': {'team': 'MIN', 'date': datetime.datetime(2024, 12, 29, 16, 25)}, '18': {'team': 'CHI', 'date': datetime.datetime(2025, 1, 5, 13, 0)}}","['D/ST', 'BE', 'IR']",BE,,,,,,,564.0,52.0,17.0,0.510346557,0.15561,1744.064085,278.7,174.0,69.0,27.0,11.0,,,,,,,,,,,,,,,,,,,,,,,,,,,,,,,,,,,,,,,,,,,,,,,,,,,,,,,,,427.0,,,16.0,,,,,,,,,,,,,,,,,,,,,,,,,,,,,,,,,,,14.0,1.0,0.0,5.0,2.0,1.0,17.0,2.0,,45.0,90.0,,,1.0,1.0,366.0,216.0,76.0,57.0,158.0,12.0,1.0,326.0,2.0,4.0,3.0,0.0,5347.0,0.0,2.0,5.0,2.0,6.0,2.0,0.0,0.0,0.0,1.0,0.0,5.0,2.0,2.0,4.0,3.0,0.0,0.17,0.765,2.805,2.72,0.115060337,1.869590193,13.54846907,9.113220853,1.763440294,0.218772532,40.06708673,80.13417346,1.301281474,0.568308719,2.650607087,11.47519577,1080.179007,360.0,216.0,65.59951585,372.5540761,2.465,3.74,2.805,1.36,0.17,21.91494565,5964.648542,0.373887834,3.398980306,3.534939518,4.061781466,3.076077177,1.699490153,0.66280116,0.192042387,350.861679,,,,,,,,,,,,,,,,,,,,,,,,,,,,,,,,,,,,,,,,,,,,,,,,2024,,,,,,,,,,,,,,,,,,,,,,,,,,,,,,,,,,,,,35.64586563
130.0,7.65,132.39,7.79,,,,,,,,,,,,,,,,,,,,,,,,,,,,,,,,,,,,10.0,7.0,119.0,,,17.0,,,,,,,,,,,,,,,,,,,,,,,,,,,,,,,,,,,,,,,,,,,17.0,Joshua Karty,LAR,ADD,15,4566192,1,Stretchy Pups Elite,K,"{'1': {'team': 'DET', 'date': datetime.datetime(2024, 9, 8, 20, 20)}, '2': {'team': 'ARI', 'date': datetime.datetime(2024, 9, 15, 16, 5)}, '3': {'team': 'SF', 'date': datetime.datetime(2024, 9, 22, 16, 25)}, '4': {'team': 'CHI', 'date': datetime.datetime(2024, 9, 29, 13, 0)}, '5': {'team': 'GB', 'date': datetime.datetime(2024, 10, 6, 16, 25)}, '7': {'team': 'LV', 'date': datetime.datetime(2024, 10, 20, 16, 5)}, '8': {'team': 'MIN', 'date': datetime.datetime(2024, 10, 24, 20, 15)}, '9': {'team': 'SEA', 'date': datetime.datetime(2024, 11, 3, 16, 25)}, '10': {'team': 'MIA', 'date': datetime.datetime(2024, 11, 11, 20, 15)}, '11': {'team': 'NE', 'date': datetime.datetime(2024, 11, 17, 13, 0)}, '12': {'team': 'PHI', 'date': datetime.datetime(2024, 11, 24, 20, 20)}, '13': {'team': 'NO', 'date': datetime.datetime(2024, 12, 1, 16, 5)}, '14': {'team': 'BUF', 'date': datetime.datetime(2024, 12, 8, 16, 25)}, '15': {'team': 'SF', 'date': datetime.datetime(2024, 12, 12, 20, 15)}, '16': {'team': 'NYJ', 'date': datetime.datetime(2024, 12, 22, 13, 0)}, '17': {'team': 'ARI', 'date': datetime.datetime(2024, 12, 28, 20, 0)}, '18': {'team': 'SEA', 'date': datetime.datetime(2025, 1, 5, 16, 25)}}","['Rookie', 'K', 'BE', 'IR']",K,,,,,,,,,,,,,,,,,,,,,,,,,,,,,,,,,,,,,,,,,,,,,,,,,,,,,,,,,,,,,,,,,,,,,,,,,,,,,,6.0,7.0,4.0,6.0,2.0,19.0,21.0,2.0,29.0,34.0,5.0,32.0,36.0,4.0,6.0,7.0,4.399463704,6.57617893,2.176715226,7.153775794,9.148050888,1.994275094,15.90540029,16.83111142,0.925711128,27.45863979,32.55534124,5.096701447,39.16225973,41.84002107,2.677761349,4.399463704,6.57617893,2.176715226,,,,,,,,,,,,,,,,,,,,,,,,,,,,,,,,,,,,,,,,,,,,,,,,,,,,,,,,,,,,,,,,,,,,,,,,,,,,,,,,,,,,,,,1.0,1.0,,,,,,,,,,,,,,,,,,,,,,,,,,,,,,,,,,,,,,,,,,2024,,,,,,1080.0,208.0,1288.0,212.0,103.0,49.0,38.0,16.0,4.0,40.0,18.0,8.0,6.0,1.0,252.0,122.0,58.0,46.0,19.0,6.0,,,1036.65296,235.0563352,1271.709295,,,,,,,
80.0,4.71,119.36,7.02,,,,,,,,,,,,,,,,,,,,,,,,,,,,,,,,,,674.0,1132.0,9.0,8.0,,,,17.0,,,,,,,,,,,,,,,,,,,,,,,,,,,,,,,,,,,,,,,,,,,17.0,Bengals D/ST,CIN,ADD,18,-16004,1,Stretchy Pups Elite,D/ST,"{'1': {'team': 'NE', 'date': datetime.datetime(2024, 9, 8, 13, 0)}, '2': {'team': 'KC', 'date': datetime.datetime(2024, 9, 15, 16, 25)}, '3': {'team': 'WSH', 'date': datetime.datetime(2024, 9, 23, 20, 15)}, '4': {'team': 'CAR', 'date': datetime.datetime(2024, 9, 29, 13, 0)}, '5': {'team': 'BAL', 'date': datetime.datetime(2024, 10, 6, 13, 0)}, '6': {'team': 'NYG', 'date': datetime.datetime(2024, 10, 13, 20, 20)}, '7': {'team': 'CLE', 'date': datetime.datetime(2024, 10, 20, 13, 0)}, '8': {'team': 'PHI', 'date': datetime.datetime(2024, 10, 27, 13, 0)}, '9': {'team': 'LV', 'date': datetime.datetime(2024, 11, 3, 13, 0)}, '10': {'team': 'BAL', 'date': datetime.datetime(2024, 11, 7, 20, 15)}, '11': {'team': 'LAC', 'date': datetime.datetime(2024, 11, 17, 20, 20)}, '13': {'team': 'PIT', 'date': datetime.datetime(2024, 12, 1, 13, 0)}, '14': {'team': 'DAL', 'date': datetime.datetime(2024, 12, 9, 20, 15)}, '15': {'team': 'TEN', 'date': datetime.datetime(2024, 12, 15, 13, 0)}, '16': {'team': 'CLE', 'date': datetime.datetime(2024, 12, 22, 13, 0)}, '17': {'team': 'DEN', 'date': datetime.datetime(2024, 12, 28, 16, 30)}, '18': {'team': 'PIT', 'date': datetime.datetime(2025, 1, 4, 20, 0)}}","['D/ST', 'BE', 'IR']",D/ST,,,,,,,1133.0,105.0,37.0,0.376166026,0.386336087,1417.22278,321.1043478,141.0,56.0,32.0,12.0,,,,,,,,,,,,,,,,,,,,,,,,,,,,,,,,,,,,,,,,,,,,,,,,,,,,,,,,,458.0,,,15.0,,,,,,,,,,,,,,,,,,,,,,,,,,,,,,,,,,,10.0,0.0,1.0,1.0,3.0,2.0,15.0,1.0,1.0,36.0,72.0,1.0,,2.0,3.0,372.0,219.0,70.0,79.0,248.0,19.0,5.0,416.0,3.0,3.0,1.0,5.0,5921.0,0.0,1.0,4.0,4.0,5.0,1.0,0.0,2.0,0.0,0.0,1.0,1.0,3.0,3.0,3.0,1.0,5.0,0.23561493,1.063244271,3.640548384,3.198238767,0.116325555,1.88128186,13.38087906,9.263052898,1.777374278,0.218904275,44.59402349,89.18804698,1.313776897,0.567504962,2.760109527,13.13542169,1026.997782,342.0,205.0,74.9732737,352.1878928,2.466726709,3.32582808,2.152006404,0.825077554,0.0927149,20.71693487,5786.245728,0.552914686,4.593445084,3.9554666,3.827870903,2.424318239,1.105829372,0.425318989,0.114836127,340.3673957,,,,,,,,,,,,,,,,,,,,,,,,,,,,,,,,,,,,,,,,,,,,,,,,2024,,,,,,,,,,,,,,,,,,,,,,,,,,,,,,,,,,,,,33.33889863
40.0,8.0,30.03,7.51,7.0,2.2,1.0,1.0,,,,,,,,,,,,1.57142857,,,,,,,,,,,,,,2.0,,,3.0,,1.0,1.0,4.0,24.0,1.0,,5.0,4.824675613,3.840333094,0.188722039,0.010062071,3.0,1.0,,,,,,0.009045415,0.006331791,0.005063053,0.000172783,3.183909885,,,,,,,,,,,,,,,,,,0.189785619,0.004604129,0.064724685,,1.046393051,0.029773355,,0.500974171,2.358339805,4.0,Michael Penix Jr.,ATL,ADD,46,4360423,1,Stretchy Pups Elite,QB,"{'1': {'team': 'PIT', 'date': datetime.datetime(2024, 9, 8, 13, 0)}, '2': {'team': 'PHI', 'date': datetime.datetime(2024, 9, 16, 20, 15)}, '3': {'team': 'KC', 'date': datetime.datetime(2024, 9, 22, 20, 20)}, '4': {'team': 'NO', 'date': datetime.datetime(2024, 9, 29, 13, 0)}, '5': {'team': 'TB', 'date': datetime.datetime(2024, 10, 3, 20, 15)}, '6': {'team': 'CAR', 'date': datetime.datetime(2024, 10, 13, 16, 25)}, '7': {'team': 'SEA', 'date': datetime.datetime(2024, 10, 20, 13, 0)}, '8': {'team': 'TB', 'date': datetime.datetime(2024, 10, 27, 13, 0)}, '9': {'team': 'DAL', 'date': datetime.datetime(2024, 11, 3, 13, 0)}, '10': {'team': 'NO', 'date': datetime.datetime(2024, 11, 10, 13, 0)}, '11': {'team': 'DEN', 'date': datetime.datetime(2024, 11, 17, 16, 5)}, '13': {'team': 'LAC', 'date': datetime.datetime(2024, 12, 1, 13, 0)}, '14': {'team': 'MIN', 'date': datetime.datetime(2024, 12, 8, 13, 0)}, '15': {'team': 'LV', 'date': datetime.datetime(2024, 12, 16, 20, 30)}, '16': {'team': 'NYG', 'date': datetime.datetime(2024, 12, 22, 13, 0)}, '17': {'team': 'WSH', 'date': datetime.datetime(2024, 12, 29, 20, 20)}, '18': {'team': 'CAR', 'date': datetime.datetime(2025, 1, 5, 13, 0)}}","['Rookie', 'QB', 'OP', 'BE', 'IR']",QB,,,,,,,,,,,,,,,,,,,,,105.0,61.0,44.0,155.0,3.0,152.0,76.0,37.0,28.0,14.0,7.0,10.0,4.0,7.0,2.0,,,1.0,,3.0,0.58095238,4.0,2.0,,1.0,2.0,,68.1076647,41.55420418,26.55346052,117.5351521,3.551600347,94.0,47.0,23.0,18.0,9.0,4.0,8.0,4.0,0.375653357,0.245489469,0.35460569,0.047897931,0.179723548,1.857365634,0.610125224,5.067375466,0.981668366,0.471200816,,,,1.0,,,,,,,,,,,,,,,,,,,,,,,,,,,,,,,,,,,,,,,,,,,,,,,,,,,,,,,,,,,,,,,,,,,,,,,,,,,,,,,,,,,,,,,,,,,,,,,,,,,,,,,,,,,,,,,,,,,,,,,,,,,,,,,,,,,,,,,,,,,,,,,,,,,,,,,,,,,,,,,,,,,,,,,2024,,,35.0,1.0,,,,,,,,,,,,,,,,,,,,,,,,,,,,,,1.196250861,,22.88845405,
280.0,16.47,215.5,15.39,301.0,78.17647059,15.0,258.0,125.0,59.0,45.0,18.0,3.0,52.0,20.0,,,3.0,,4.41528239,36.0,20.11764706,1.0,64.0,29.0,12.0,8.0,2.0,1.0,43.0,403.0,9.5,4.0,4.0,3.0,3.0,3.0,1.0,1.0,11.0,6.0,96.0,14.0,,17.0,242.2633506,67.10933135,6.746815093,0.422003441,190.0,95.0,47.0,38.0,19.0,48.0,24.0,0.503112402,0.352178681,2.351773154,0.080256995,3.927021813,22.47943563,1.507033063,0.071468736,0.043907878,0.028693799,63.0,31.0,15.0,12.0,6.0,41.25486737,,,0.141039887,0.004362058,56.58674958,7.72464144,0.493472178,0.010782789,2.094040932,0.356592859,2.450633791,0.963258829,0.199692001,1.16295083,1.16295083,14.17647059,Josh Jacobs,GB,DRAFT,6,4047365,3,South Bay Starr Power,RB,"{'1': {'team': 'PHI', 'date': datetime.datetime(2024, 9, 6, 20, 15)}, '2': {'team': 'IND', 'date': datetime.datetime(2024, 9, 15, 13, 0)}, '3': {'team': 'TEN', 'date': datetime.datetime(2024, 9, 22, 13, 0)}, '4': {'team': 'MIN', 'date': datetime.datetime(2024, 9, 29, 13, 0)}, '5': {'team': 'LAR', 'date': datetime.datetime(2024, 10, 6, 16, 25)}, '6': {'team': 'ARI', 'date': datetime.datetime(2024, 10, 13, 13, 0)}, '7': {'team': 'HOU', 'date': datetime.datetime(2024, 10, 20, 13, 0)}, '8': {'team': 'JAX', 'date': datetime.datetime(2024, 10, 27, 13, 0)}, '9': {'team': 'DET', 'date': datetime.datetime(2024, 11, 3, 16, 25)}, '11': {'team': 'CHI', 'date': datetime.datetime(2024, 11, 17, 13, 0)}, '12': {'team': 'SF', 'date': datetime.datetime(2024, 11, 24, 16, 25)}, '13': {'team': 'MIA', 'date': datetime.datetime(2024, 11, 28, 20, 20)}, '14': {'team': 'DET', 'date': datetime.datetime(2024, 12, 5, 20, 15)}, '15': {'team': 'SEA', 'date': datetime.datetime(2024, 12, 15, 20, 20)}, '16': {'team': 'NO', 'date': datetime.datetime(2024, 12, 23, 20, 15)}, '17': {'team': 'MIN', 'date': datetime.datetime(2024, 12, 29, 16, 25)}, '18': {'team': 'CHI', 'date': datetime.datetime(2025, 1, 5, 13, 0)}}","['RB', 'RB/WR', 'RB/WR/TE', 'OP', 'BE', 'IR']",RB,,,,,,,,,,,,,,,,,,,1.0,,,,,,,,,,,,,,,,,,,,,,,,2.0,,,,,,,,,,,,,,,,,,,,,,,,,,,,,,,,,,,,,,,,,,,,,,,,,,,,,,,,,,,,,,,,,,,,,,,,,,,,,,,,,,,,,,,,,,,,,,,,,,,,,,,,,,,,,,,,,,,,,,,,,,,,,,,,,,,,,,,,,,,,,,,,,,,,,,,,,1.0,2.0,,,,,,,,,,,,,,,,,,,,,,,,,,,,,,,,,,,,,,,,,,,,2024,,,,73.0,15.0,,,,,,,,,,,,,,,,,,,,,,,,,,,,,53.94345344,17.65780235,,
146.0,9.73,220.41,15.74,42.0,9.06666667,1.0,25.0,10.0,2.0,1.0,,,3.0,,,,,,3.23809524,51.0,44.66666667,3.0,130.0,63.0,28.0,19.0,9.0,4.0,81.0,421.0,13.1372549,,2.0,,1.0,1.0,2.0,2.0,6.0,9.0,24.0,1.0,,15.0,28.8351943,11.59073317,2.821090855,0.086642484,32.0,16.0,8.0,6.0,3.0,5.0,2.0,0.053715122,0.037600586,0.068927741,0.002352239,5.698442191,65.17170984,5.635430313,0.248758537,0.411822807,0.269126205,184.0,92.0,46.0,36.0,18.0,62.29528518,,,2.07476585,0.064168016,94.21909974,14.83105543,0.335401021,0.007145972,0.513887281,1.110197296,1.624084577,0.236388149,0.621710486,0.858098635,0.858098635,14.17647059,Deebo Samuel Sr.,WSH,DRAFT,45,3126486,3,South Bay Starr Power,WR,"{'1': {'team': 'TB', 'date': datetime.datetime(2024, 9, 8, 16, 25)}, '2': {'team': 'NYG', 'date': datetime.datetime(2024, 9, 15, 13, 0)}, '3': {'team': 'CIN', 'date': datetime.datetime(2024, 9, 23, 20, 15)}, '4': {'team': 'ARI', 'date': datetime.datetime(2024, 9, 29, 16, 5)}, '5': {'team': 'CLE', 'date': datetime.datetime(2024, 10, 6, 13, 0)}, '6': {'team': 'BAL', 'date': datetime.datetime(2024, 10, 13, 13, 0)}, '7': {'team': 'CAR', 'date': datetime.datetime(2024, 10, 20, 16, 5)}, '8': {'team': 'CHI', 'date': datetime.datetime(2024, 10, 27, 16, 25)}, '9': {'team': 'NYG', 'date': datetime.datetime(2024, 11, 3, 13, 0)}, '10': {'team': 'PIT', 'date': datetime.datetime(2024, 11, 10, 13, 0)}, '11': {'team': 'PHI', 'date': datetime.datetime(2024, 11, 14, 20, 15)}, '12': {'team': 'DAL', 'date': datetime.datetime(2024, 11, 24, 13, 0)}, '13': {'team': 'TEN', 'date': datetime.datetime(2024, 12, 1, 13, 0)}, '15': {'team': 'NO', 'date': datetime.datetime(2024, 12, 15, 13, 0)}, '16': {'team': 'PHI', 'date': datetime.datetime(2024, 12, 22, 13, 0)}, '17': {'team': 'ATL', 'date': datetime.datetime(2024, 12, 29, 20, 20)}, '18': {'team': 'DAL', 'date': datetime.datetime(2025, 1, 5, 13, 0)}}","['RB/WR', 'WR', 'WR/TE', 'RB/WR/TE', 'OP', 'BE', 'IR']",WR,1.0,1.0,2.0,2.0,,,533.0,51.0,19.0,0.063364594,,309.3974318,,30.0,12.0,,,,1.0,,,,,,,,,,,,,,,,,,,,,,,1.0,,,,,,,,,,,,,,,,,,,,,,,,,,,,,,,1.0,,,,,,,,,,,,,,,,,,,,,,,,,,,,,,,,,,,,,,,,,,,,,,,,,,,,,,,,,,,,,,,,,,,,,,,,,,,,,,,,,,,,,,,,,,,,,,,,,,,,,,,,,,,,,,,,,,,,,,,,,,,,,,,,,,,,,,,,,,,,,,,,,,,,,,,,,,,,,,,,,,,,,,,,2024,,,,5.0,28.0,,,,,,,,,,,,,,,,,,,,,,,,,,,,,11.47511994,40.83152642,,
144.0,13.09,170.38,11.36,,,,,,,,,,,,,,,,,64.0,45.90909091,5.0,96.0,46.0,21.0,16.0,5.0,9.0,97.0,251.0,7.890625,,,,,,4.0,4.0,2.0,9.0,34.0,,,11.0,,,,,,,,,,,,,,,,,49.82924673,5.292992491,0.285497684,0.205654613,0.13439529,150.0,75.0,37.0,30.0,15.0,64.06526848,,,1.181665446,0.036546354,92.18601996,11.7583362,0.285497684,0.004080957,,0.927490153,0.927490153,,0.519394486,0.519394486,0.519394486,15.11764706,David Njoku,CLE,DRAFT,11,3123076,3,South Bay Starr Power,BE,"{'1': {'team': 'DAL', 'date': datetime.datetime(2024, 9, 8, 16, 25)}, '2': {'team': 'JAX', 'date': datetime.datetime(2024, 9, 15, 13, 0)}, '3': {'team': 'NYG', 'date': datetime.datetime(2024, 9, 22, 13, 0)}, '4': {'team': 'LV', 'date': datetime.datetime(2024, 9, 29, 16, 25)}, '5': {'team': 'WSH', 'date': datetime.datetime(2024, 10, 6, 13, 0)}, '6': {'team': 'PHI', 'date': datetime.datetime(2024, 10, 13, 13, 0)}, '7': {'team': 'CIN', 'date': datetime.datetime(2024, 10, 20, 13, 0)}, '8': {'team': 'BAL', 'date': datetime.datetime(2024, 10, 27, 13, 0)}, '9': {'team': 'LAC', 'date': datetime.datetime(2024, 11, 3, 13, 0)}, '11': {'team': 'NO', 'date': datetime.datetime(2024, 11, 17, 13, 0)}, '12': {'team': 'PIT', 'date': datetime.datetime(2024, 11, 21, 20, 15)}, '13': {'team': 'DEN', 'date': datetime.datetime(2024, 12, 2, 20, 15)}, '14': {'team': 'PIT', 'date': datetime.datetime(2024, 12, 8, 13, 0)}, '15': {'team': 'KC', 'date': datetime.datetime(2024, 12, 15, 13, 0)}, '16': {'team': 'CIN', 'date': datetime.datetime(2024, 12, 22, 13, 0)}, '17': {'team': 'MIA', 'date': datetime.datetime(2024, 12, 29, 16, 5)}, '18': {'team': 'BAL', 'date': datetime.datetime(2025, 1, 4, 16, 30)}}","['WR/TE', 'TE', 'RB/WR/TE', 'OP', 'BE', 'IR']",BE,,,,,,,,,,,,,,,,,,1.0,3.0,1.0,,,,,,,,,,,,,,,,,,,,,,,,,,,,,,,,,,,,,,,,,,,,,,,,,,,2.0,,1.0,,,,,,,,,,,,,,,,,,,,,,,,,,,,,,,,,,,,,,,,,,,,,,,,,,,,,,,,,,,,,,,,,,,,,,,,,,,,,,,,,,,,,,,,,,,,,,,,,,,,,,,,,,,,,,,,,,,,,,,,,,,,,,,,,,,,,,,,,,,,,,,,,,,,,,,,,,,,,,,,,,,,,,,,2024,,,,,23.0,,,,,,,,,,,,,,,,,,,,,,,,,,,,,,36.39035039,,
205.0,12.06,275.43,18.36,52.0,13.70588235,,42.0,16.0,5.0,4.0,1.0,,4.0,,,,,,4.48076923,,,,,,,,,,1.0,,,3.0,6.0,2.0,4.0,16.0,,,10.0,7.0,120.0,,,17.0,44.68846138,12.12421049,2.526200229,0.157798898,36.0,18.0,9.0,7.0,3.0,8.0,4.0,0.08421277,0.058948939,0.095502869,0.003259147,4.069577509,,,,,,,,,,,,,,,,,,1.430228167,0.03608888,0.586449139,,8.202018096,0.269766604,,3.925239703,14.65042321,15.0,C.J. Stroud,HOU,DRAFT,18,4432577,3,South Bay Starr Power,BE,"{'1': {'team': 'IND', 'date': datetime.datetime(2024, 9, 8, 13, 0)}, '2': {'team': 'CHI', 'date': datetime.datetime(2024, 9, 15, 20, 20)}, '3': {'team': 'MIN', 'date': datetime.datetime(2024, 9, 22, 13, 0)}, '4': {'team': 'JAX', 'date': datetime.datetime(2024, 9, 29, 13, 0)}, '5': {'team': 'BUF', 'date': datetime.datetime(2024, 10, 6, 13, 0)}, '6': {'team': 'NE', 'date': datetime.datetime(2024, 10, 13, 13, 0)}, '7': {'team': 'GB', 'date': datetime.datetime(2024, 10, 20, 13, 0)}, '8': {'team': 'IND', 'date': datetime.datetime(2024, 10, 27, 13, 0)}, '9': {'team': 'NYJ', 'date': datetime.datetime(2024, 10, 31, 20, 15)}, '10': {'team': 'DET', 'date': datetime.datetime(2024, 11, 10, 20, 20)}, '11': {'team': 'DAL', 'date': datetime.datetime(2024, 11, 18, 20, 15)}, '12': {'team': 'TEN', 'date': datetime.datetime(2024, 11, 24, 13, 0)}, '13': {'team': 'JAX', 'date': datetime.datetime(2024, 12, 1, 13, 0)}, '15': {'team': 'MIA', 'date': datetime.datetime(2024, 12, 15, 13, 0)}, '16': {'team': 'KC', 'date': datetime.datetime(2024, 12, 21, 13, 0)}, '17': {'team': 'BAL', 'date': datetime.datetime(2024, 12, 25, 16, 30)}, '18': {'team': 'TEN', 'date': datetime.datetime(2025, 1, 5, 13, 0)}}","['QB', 'OP', 'BE', 'IR']",BE,,,,,,,,,,,,,,,,,,,,,532.0,336.0,196.0,219.23529412,20.0,741.0,367.0,179.0,141.0,64.0,28.0,61.0,27.0,32.0,14.0,1.0,1.0,2.0,,12.0,0.63157895,52.0,3.0,11.0,5.0,2.0,1.0,542.71288,349.8976276,192.8152524,269.9298602,26.87484201,809.0,404.0,202.0,161.0,80.0,40.0,69.0,34.0,3.641709574,2.379857207,4.516077729,0.610003689,1.272429269,10.72518351,0.644719594,37.60694076,7.615568957,3.6554731,,,,,,,,,,,,,,,,,,,,,,,,,,,,,,,,,,,,,,,,,,,,,,,,,,,,,,,,,,,,,,,,,,,,,,,,,,,,,,,,,,,,,,,,,,,,,,,,,,,,,,,,,,,,,,,,,,,,,,,,,,,,,,,2.0,,,,,,,,,,,,,,,,,,,,,,,,,,,,,,,,,,,,,,,,,,,,2024,,,187.0,15.0,,,,,,,,,,,,,,,,,,,,,,,,,,,,,,12.56714741,,193.9913495,
177.0,10.41,175.48,11.7,20.0,6.11764706,3.0,21.0,8.0,2.0,1.0,,,,,,,,,5.2,59.0,37.52941176,6.0,122.0,56.0,24.0,17.0,5.0,5.0,98.0,407.0,10.81355932,,,,,,1.0,1.0,15.0,2.0,54.0,1.0,1.0,17.0,5.733906513,2.328423368,0.277849039,0.014569222,7.0,3.0,1.0,1.0,,1.0,,0.010548381,0.007383866,0.002962622,0.000101103,6.138970457,50.40829264,6.370127459,0.208463271,0.226084767,0.147746395,152.0,76.0,38.0,30.0,15.0,56.34493198,,,1.232597581,0.038121575,91.02831907,13.52481492,0.223032492,0.002902159,0.060922198,0.598659414,0.659581612,0.028024211,0.335249272,0.363273483,0.363273483,15.11764706,Xavier Worthy,KC,DRAFT,35,4683062,3,South Bay Starr Power,RB/WR/TE,"{'1': {'team': 'BAL', 'date': datetime.datetime(2024, 9, 5, 20, 20)}, '2': {'team': 'CIN', 'date': datetime.datetime(2024, 9, 15, 16, 25)}, '3': {'team': 'ATL', 'date': datetime.datetime(2024, 9, 22, 20, 20)}, '4': {'team': 'LAC', 'date': datetime.datetime(2024, 9, 29, 16, 25)}, '5': {'team': 'NO', 'date': datetime.datetime(2024, 10, 7, 20, 15)}, '7': {'team': 'SF', 'date': datetime.datetime(2024, 10, 20, 16, 25)}, '8': {'team': 'LV', 'date': datetime.datetime(2024, 10, 27, 16, 25)}, '9': {'team': 'TB', 'date': datetime.datetime(2024, 11, 4, 20, 15)}, '10': {'team': 'DEN', 'date': datetime.datetime(2024, 11, 10, 13, 0)}, '11': {'team': 'BUF', 'date': datetime.datetime(2024, 11, 17, 16, 25)}, '12': {'team': 'CAR', 'date': datetime.datetime(2024, 11, 24, 13, 0)}, '13': {'team': 'LV', 'date': datetime.datetime(2024, 11, 29, 15, 0)}, '14': {'team': 'LAC', 'date': datetime.datetime(2024, 12, 8, 20, 20)}, '15': {'team': 'CLE', 'date': datetime.datetime(2024, 12, 15, 13, 0)}, '16': {'team': 'HOU', 'date': datetime.datetime(2024, 12, 21, 13, 0)}, '17': {'team': 'PIT', 'date': datetime.datetime(2024, 12, 25, 13, 0)}, '18': {'team': 'DEN', 'date': datetime.datetime(2025, 1, 5, 16, 25)}}","['Rookie', 'RB/WR', 'WR', 'WR/TE', 'RB/WR/TE', 'OP', 'BE', 'IR']",RB/WR/TE,1.0,1.0,,,,,,,,,0.0855,,138.0,,,13.0,5.0,,3.0,,,,,,,,,,,,,,,,,,,,,,,,,,,,,,,,,,,,,,,,,,,,,,,,,,,,,,1.0,,,2.0,,,,,,,,,,,,,,,,,,,,,,,,,,,,,,,,,,,,,,,,,,,,,,,,,,,,,,,,,,,,,,,,,,,,,,,,,,,,,,,,,,,,,,,,,,,,,,,,,,,,,,,,,,,,,,,,,,,,,,,,,,,,,,,,,,,,,,,,,,,,,,,,,,,,,,,,,,,,,,,,,,,,,2024,,,,4.0,36.0,,,,,,,,,,,,,,,,,,,,,,,,,,,,,3.816028635,35.3124842,,
233.0,13.71,176.57,11.77,,,,,,,,,,,,,,,,,90.0,72.29411765,4.0,239.0,115.0,53.0,40.0,16.0,13.0,145.0,387.0,13.65555556,,,,,,1.0,1.0,3.0,14.0,28.0,,1.0,17.0,,,,,,,,,,,,,,,,,60.95514201,3.993564502,0.21533333,0.359416389,0.234878611,184.0,92.0,46.0,36.0,18.0,61.47837767,,,2.036608164,0.062987881,97.57078595,14.98898244,0.21533333,0.005215228,,1.185279113,1.185279113,,0.663756303,0.663756303,0.663756303,15.11764706,Jerry Jeudy,CLE,DRAFT,13,4241463,3,South Bay Starr Power,WR,"{'1': {'team': 'DAL', 'date': datetime.datetime(2024, 9, 8, 16, 25)}, '2': {'team': 'JAX', 'date': datetime.datetime(2024, 9, 15, 13, 0)}, '3': {'team': 'NYG', 'date': datetime.datetime(2024, 9, 22, 13, 0)}, '4': {'team': 'LV', 'date': datetime.datetime(2024, 9, 29, 16, 25)}, '5': {'team': 'WSH', 'date': datetime.datetime(2024, 10, 6, 13, 0)}, '6': {'team': 'PHI', 'date': datetime.datetime(2024, 10, 13, 13, 0)}, '7': {'team': 'CIN', 'date': datetime.datetime(2024, 10, 20, 13, 0)}, '8': {'team': 'BAL', 'date': datetime.datetime(2024, 10, 27, 13, 0)}, '9': {'team': 'LAC', 'date': datetime.datetime(2024, 11, 3, 13, 0)}, '11': {'team': 'NO', 'date': datetime.datetime(2024, 11, 17, 13, 0)}, '12': {'team': 'PIT', 'date': datetime.datetime(2024, 11, 21, 20, 15)}, '13': {'team': 'DEN', 'date': datetime.datetime(2024, 12, 2, 20, 15)}, '14': {'team': 'PIT', 'date': datetime.datetime(2024, 12, 8, 13, 0)}, '15': {'team': 'KC', 'date': datetime.datetime(2024, 12, 15, 13, 0)}, '16': {'team': 'CIN', 'date': datetime.datetime(2024, 12, 22, 13, 0)}, '17': {'team': 'MIA', 'date': datetime.datetime(2024, 12, 29, 16, 5)}, '18': {'team': 'BAL', 'date': datetime.datetime(2025, 1, 4, 16, 30)}}","['RB/WR', 'WR', 'WR/TE', 'RB/WR/TE', 'OP', 'BE', 'IR']",WR,2.0,2.0,4.0,2.0,,,,,,,,,,,,,,2.0,1.0,,,,,,,,,,,,,,,,,,,,,,,,,,,,,,,,,,,,,,,,,,,,,,,,,,,,2.0,,,,,,,,,,,,,,,,,,,,,,,,,,,,,,,,,,,,,,,,,,,,,,,,,,,,,,,,,,,,,,,,,,,,,,,,,,,,,,,,,,,,,,,,,,,,,,,,,,,,,,,,,,,,,,,,,,,,,,,,,,,,1.0,,,,,,,,,,,,,,,,,,,,,,,,,,,,,,,,,,,,,,,,,,,,,,2024,,,,,57.0,,,,,,,,,,,,,,,,,,,,,,,,,,,,,,39.90757977,,
183.0,14.08,154.87,11.91,195.0,69.61538462,9.0,178.0,86.0,39.0,31.0,11.0,2.0,34.0,13.0,1.0,,2.0,,4.64102564,32.0,11.76923077,,27.0,11.0,3.0,2.0,,,38.0,204.0,4.78125,,,,,,,,9.0,4.0,54.0,5.0,,13.0,148.4184774,56.17162844,3.908785695,0.217486266,148.0,74.0,37.0,29.0,14.0,29.0,14.0,0.294303015,0.206012111,1.435941132,0.049003162,5.009133878,16.06354375,1.129347809,0.057105391,0.040506508,0.026471003,42.0,21.0,10.0,8.0,4.0,30.41186203,,,0.080016419,0.002474735,38.87508161,6.99088158,0.274591657,0.006259709,1.180723671,0.241937567,1.422661238,0.543132889,0.135485038,0.678617926,0.678617926,13.23529412,J.K. Dobbins,LAC,DRAFT,24,4241985,3,South Bay Starr Power,BE,"{'1': {'team': 'LV', 'date': datetime.datetime(2024, 9, 8, 16, 5)}, '2': {'team': 'CAR', 'date': datetime.datetime(2024, 9, 15, 13, 0)}, '3': {'team': 'PIT', 'date': datetime.datetime(2024, 9, 22, 13, 0)}, '4': {'team': 'KC', 'date': datetime.datetime(2024, 9, 29, 16, 25)}, '6': {'team': 'DEN', 'date': datetime.datetime(2024, 10, 13, 16, 5)}, '7': {'team': 'ARI', 'date': datetime.datetime(2024, 10, 21, 21, 0)}, '8': {'team': 'NO', 'date': datetime.datetime(2024, 10, 27, 16, 5)}, '9': {'team': 'CLE', 'date': datetime.datetime(2024, 11, 3, 13, 0)}, '10': {'team': 'TEN', 'date': datetime.datetime(2024, 11, 10, 16, 5)}, '11': {'team': 'CIN', 'date': datetime.datetime(2024, 11, 17, 20, 20)}, '12': {'team': 'BAL', 'date': datetime.datetime(2024, 11, 25, 20, 15)}, '13': {'team': 'ATL', 'date': datetime.datetime(2024, 12, 1, 13, 0)}, '14': {'team': 'KC', 'date': datetime.datetime(2024, 12, 8, 20, 20)}, '15': {'team': 'TB', 'date': datetime.datetime(2024, 12, 15, 16, 25)}, '16': {'team': 'DEN', 'date': datetime.datetime(2024, 12, 19, 20, 15)}, '17': {'team': 'NE', 'date': datetime.datetime(2024, 12, 28, 13, 0)}, '18': {'team': 'LV', 'date': datetime.datetime(2025, 1, 5, 16, 25)}}","['RB', 'RB/WR', 'RB/WR/TE', 'OP', 'BE', 'IR']",BE,,,,,,,,,,,,,,,,,,,,,,,,,,,,,,,,,,,,,,,,,,,,,,,,,,,,,,,,,,,,,,,,,,,,,,,,,,,2.0,1.0,,,,,,,,,,,,,,,,,,,,,,,,,,,,,,,,,,,,,,,,,,,,,,,,,,,,,,,,,,,,,,,,,,,,,,,,,,,,,,,,,,,,,,,,,,,,,,,,,,,,,,,,,,,,,,,,,,,,,,,,,,,,,,,,,,,,,,,,,,,,,,,,,,,,,,,,,,,,,,,,,,,,,2024,,,,47.0,6.0,,,,,,,,,,,,,,,,,,,,,,,,,,,,,39.10565297,12.10679602,,
352.0,20.71,244.57,16.3,60.0,22.23529412,3.0,69.0,32.0,14.0,8.0,1.0,,4.0,,,,,,6.3,,,,,,,,,,,,,8.0,13.0,1.0,2.0,18.0,,,10.0,7.0,264.0,1.0,,17.0,51.24370796,10.73869164,1.239810751,0.080469691,32.0,16.0,8.0,6.0,3.0,10.0,5.0,0.096946352,0.067862447,0.075109094,0.002563185,3.143417622,,,,,,,,,,,,,,,,,,1.188207563,0.035462932,0.651768974,,8.059757205,0.299813728,,3.855648079,15.94863541,15.0,Baker Mayfield,TB,DRAFT,4,3052587,3,South Bay Starr Power,QB,"{'1': {'team': 'WSH', 'date': datetime.datetime(2024, 9, 8, 16, 25)}, '2': {'team': 'DET', 'date': datetime.datetime(2024, 9, 15, 13, 0)}, '3': {'team': 'DEN', 'date': datetime.datetime(2024, 9, 22, 13, 0)}, '4': {'team': 'PHI', 'date': datetime.datetime(2024, 9, 29, 13, 0)}, '5': {'team': 'ATL', 'date': datetime.datetime(2024, 10, 3, 20, 15)}, '6': {'team': 'NO', 'date': datetime.datetime(2024, 10, 13, 13, 0)}, '7': {'team': 'BAL', 'date': datetime.datetime(2024, 10, 21, 20, 15)}, '8': {'team': 'ATL', 'date': datetime.datetime(2024, 10, 27, 13, 0)}, '9': {'team': 'KC', 'date': datetime.datetime(2024, 11, 4, 20, 15)}, '10': {'team': 'SF', 'date': datetime.datetime(2024, 11, 10, 13, 0)}, '12': {'team': 'NYG', 'date': datetime.datetime(2024, 11, 24, 13, 0)}, '13': {'team': 'CAR', 'date': datetime.datetime(2024, 12, 1, 16, 5)}, '14': {'team': 'LV', 'date': datetime.datetime(2024, 12, 8, 13, 0)}, '15': {'team': 'LAC', 'date': datetime.datetime(2024, 12, 15, 16, 25)}, '16': {'team': 'DAL', 'date': datetime.datetime(2024, 12, 22, 20, 20)}, '17': {'team': 'CAR', 'date': datetime.datetime(2024, 12, 29, 13, 0)}, '18': {'team': 'NO', 'date': datetime.datetime(2025, 1, 5, 13, 0)}}","['QB', 'OP', 'BE', 'IR']",QB,,,,,,,,,,,,,,,,,,,,,570.0,407.0,163.0,264.70588235,41.0,895.0,443.0,218.0,172.0,81.0,36.0,74.0,34.0,27.0,9.0,3.0,2.0,6.0,1.0,16.0,0.71403509,40.0,5.0,18.0,11.0,5.0,4.0,542.0832767,343.5024808,198.5807959,261.2204108,23.60908708,783.0,391.0,195.0,156.0,78.0,39.0,68.0,34.0,3.426215899,2.23903209,3.974483764,0.536848545,1.107737872,12.09298733,0.633671053,40.35129852,7.407988231,3.555834351,,,,,2.0,,,,,,,,,,,,,,,,,,,,,,,,,,,,,,,,,,,,,,,,,,,,,,,,,,,,,,,,,,,,,,,,,,,,,,,,,,,,,,,,,,,,,,,,,,,,,,,,,,,,,,,,,,,,,,,,,,,,,,,,,,1.0,,,,,,,,,,,,,,,,,,,,,,,,,,,,,,,,,,,,,,,,,,,,2024,,,224.0,24.0,,,,,,,,,,,,,,,,,,,,,,,,,,,,,,11.30465654,,187.8817105,
104.0,8.67,81.48,6.27,153.0,65.75,3.0,152.0,72.0,33.0,26.0,11.0,3.0,24.0,10.0,,,3.0,,5.15686275,11.0,7.58333333,,15.0,5.0,1.0,1.0,,,14.0,59.0,8.27272727,3.0,3.0,1.0,1.0,1.0,,,5.0,7.0,18.0,2.0,,12.0,88.86332099,30.07949003,3.380899529,0.103823443,79.0,39.0,19.0,15.0,7.0,17.0,8.0,0.170880959,0.119616672,0.410054356,0.013993582,4.480036229,6.258106154,0.397066995,0.017524724,0.043331725,0.028317282,16.0,8.0,4.0,3.0,1.0,11.35926924,,,0.037508621,0.00116006,14.81393229,7.291655284,0.121348167,0.003004714,0.605490595,0.077398983,0.682889579,0.278525674,0.043343431,0.321869105,0.321869105,13.23529412,Jordan Mason,MIN,ADD,41,4360569,3,South Bay Starr Power,BE,"{'1': {'team': 'NYG', 'date': datetime.datetime(2024, 9, 8, 13, 0)}, '2': {'team': 'SF', 'date': datetime.datetime(2024, 9, 15, 13, 0)}, '3': {'team': 'HOU', 'date': datetime.datetime(2024, 9, 22, 13, 0)}, '4': {'team': 'GB', 'date': datetime.datetime(2024, 9, 29, 13, 0)}, '5': {'team': 'NYJ', 'date': datetime.datetime(2024, 10, 6, 9, 30)}, '7': {'team': 'DET', 'date': datetime.datetime(2024, 10, 20, 13, 0)}, '8': {'team': 'LAR', 'date': datetime.datetime(2024, 10, 24, 20, 15)}, '9': {'team': 'IND', 'date': datetime.datetime(2024, 11, 3, 20, 20)}, '10': {'team': 'JAX', 'date': datetime.datetime(2024, 11, 10, 13, 0)}, '11': {'team': 'TEN', 'date': datetime.datetime(2024, 11, 17, 13, 0)}, '12': {'team': 'CHI', 'date': datetime.datetime(2024, 11, 24, 13, 0)}, '13': {'team': 'ARI', 'date': datetime.datetime(2024, 12, 1, 13, 0)}, '14': {'team': 'ATL', 'date': datetime.datetime(2024, 12, 8, 13, 0)}, '15': {'team': 'CHI', 'date': datetime.datetime(2024, 12, 16, 20, 0)}, '16': {'team': 'SEA', 'date': datetime.datetime(2024, 12, 22, 16, 5)}, '17': {'team': 'GB', 'date': datetime.datetime(2024, 12, 29, 16, 25)}, '18': {'team': 'DET', 'date': datetime.datetime(2025, 1, 5, 20, 20)}}","['RB', 'RB/WR', 'RB/WR/TE', 'OP', 'BE', 'IR']",BE,,,,,,,29.0,2.0,1.0,0.138610049,,454.8142247,,45.0,18.0,,,,,,,,,,,,,,,,,,,,,,,,,,,,1.0,,,,,,,,,,,,,,,,,,,,,,,,,,,,,,,,1.0,,,,,,,,,,,,,,,,,,,,,,,,,,,,,,,,,,,,,,,,,,,,,,,,,,,,,,,,,,,,,,,,,,,,,,,,,,,,,,,,,,,,,,,,,,,,,,,,,,,,,,,,,,,,,,,,,,,,,,,,,,,,,,,,,,,,,,,,,,,,,,,,,,,,,,,,,,,,,,,,,,,,,,2024,,,,37.0,5.0,,,,,,,,,,,,,,,,,,,,,,,,,,,,,23.43352857,3.885876687,,
188.0,11.06,129.64,7.63,,,,,,,,,,,,,,,,,,,,,,,,,,,,,,,,,,,,10.0,7.0,158.0,,,17.0,,,,,,,,,,,,,,,,,,,,,,,,,,,,,,,,,,,,,,,,,,,17.0,Chris Boswell,PIT,ADD,1,17372,3,South Bay Starr Power,K,"{'1': {'team': 'ATL', 'date': datetime.datetime(2024, 9, 8, 13, 0)}, '2': {'team': 'DEN', 'date': datetime.datetime(2024, 9, 15, 16, 25)}, '3': {'team': 'LAC', 'date': datetime.datetime(2024, 9, 22, 13, 0)}, '4': {'team': 'IND', 'date': datetime.datetime(2024, 9, 29, 13, 0)}, '5': {'team': 'DAL', 'date': datetime.datetime(2024, 10, 6, 20, 20)}, '6': {'team': 'LV', 'date': datetime.datetime(2024, 10, 13, 16, 5)}, '7': {'team': 'NYJ', 'date': datetime.datetime(2024, 10, 20, 20, 20)}, '8': {'team': 'NYG', 'date': datetime.datetime(2024, 10, 28, 20, 15)}, '10': {'team': 'WSH', 'date': datetime.datetime(2024, 11, 10, 13, 0)}, '11': {'team': 'BAL', 'date': datetime.datetime(2024, 11, 17, 13, 0)}, '12': {'team': 'CLE', 'date': datetime.datetime(2024, 11, 21, 20, 15)}, '13': {'team': 'CIN', 'date': datetime.datetime(2024, 12, 1, 13, 0)}, '14': {'team': 'CLE', 'date': datetime.datetime(2024, 12, 8, 13, 0)}, '15': {'team': 'PHI', 'date': datetime.datetime(2024, 12, 15, 16, 25)}, '16': {'team': 'BAL', 'date': datetime.datetime(2024, 12, 21, 16, 30)}, '17': {'team': 'KC', 'date': datetime.datetime(2024, 12, 25, 13, 0)}, '18': {'team': 'CIN', 'date': datetime.datetime(2025, 1, 4, 20, 0)}}","['K', 'BE', 'IR']",K,,,,,,,,,,,,,,,,,,,,,,,,,,,,,,,,,,,,,,,,,,,,,,,,,,,,,,,,,,,,,,,,,,,,,,,,,,,,,,13.0,15.0,7.0,8.0,1.0,21.0,21.0,,41.0,44.0,3.0,35.0,35.0,,13.0,14.0,4.609907091,6.625934848,2.016027756,7.454342583,9.217265803,1.76292322,16.47915773,16.95845701,0.479299281,28.5434074,32.80165766,4.258250257,31.59729602,32.82028288,1.222986867,4.609907091,6.625934848,2.016027756,,,,,,,,,,,,,,,,,,,,,,,,,,,,,,,,,,,,,,,,,,,,,,,,,,,,,,,,,,,,,,,,,,,,,,,,,,,,,,,,,,,,,,,2.0,1.0,1.0,1.0,,,,,,,1.0,43.0,,1.0,43.0,,,,,,,,,,1.0,,,,,,,,,,,,,,,,,,,2024,,,,,,1638.0,162.0,1800.0,322.0,158.0,73.0,59.0,26.0,7.0,31.0,15.0,7.0,5.0,2.0,355.0,175.0,81.0,66.0,29.0,9.0,,,1078.755131,202.5760222,1281.331153,,,,,,,
169.0,9.94,112.96,7.53,,,,,,,,,,,,,,,,,45.0,44.47058824,9.0,145.0,70.0,31.0,24.0,8.0,2.0,72.0,184.0,16.8,,,,,,1.0,1.0,12.0,5.0,54.0,,,17.0,,,,,,,,,,,,,,,,,37.258878,2.455600815,0.14255447,0.183316946,0.119797624,112.0,56.0,28.0,22.0,11.0,42.791197,,,0.531680605,0.01644373,70.99279055,13.16314118,0.14255447,0.003410591,,0.775134261,0.775134261,,0.434075186,0.434075186,0.434075186,15.11764706,Rashod Bateman,BAL,ADD,39,4360939,3,South Bay Starr Power,BE,"{'1': {'team': 'KC', 'date': datetime.datetime(2024, 9, 5, 20, 20)}, '2': {'team': 'LV', 'date': datetime.datetime(2024, 9, 15, 13, 0)}, '3': {'team': 'DAL', 'date': datetime.datetime(2024, 9, 22, 16, 25)}, '4': {'team': 'BUF', 'date': datetime.datetime(2024, 9, 29, 20, 20)}, '5': {'team': 'CIN', 'date': datetime.datetime(2024, 10, 6, 13, 0)}, '6': {'team': 'WSH', 'date': datetime.datetime(2024, 10, 13, 13, 0)}, '7': {'team': 'TB', 'date': datetime.datetime(2024, 10, 21, 20, 15)}, '8': {'team': 'CLE', 'date': datetime.datetime(2024, 10, 27, 13, 0)}, '9': {'team': 'DEN', 'date': datetime.datetime(2024, 11, 3, 13, 0)}, '10': {'team': 'CIN', 'date': datetime.datetime(2024, 11, 7, 20, 15)}, '11': {'team': 'PIT', 'date': datetime.datetime(2024, 11, 17, 13, 0)}, '12': {'team': 'LAC', 'date': datetime.datetime(2024, 11, 25, 20, 15)}, '13': {'team': 'PHI', 'date': datetime.datetime(2024, 12, 1, 16, 25)}, '15': {'team': 'NYG', 'date': datetime.datetime(2024, 12, 15, 13, 0)}, '16': {'team': 'PIT', 'date': datetime.datetime(2024, 12, 21, 16, 30)}, '17': {'team': 'HOU', 'date': datetime.datetime(2024, 12, 25, 16, 30)}, '18': {'team': 'CLE', 'date': datetime.datetime(2025, 1, 4, 16, 30)}}","['RB/WR', 'WR', 'WR/TE', 'RB/WR/TE', 'OP', 'BE', 'IR']",BE,3.0,,1.0,1.0,,,,,,,,,,,,,,,2.0,1.0,,,,,,,,,,,,,,,,,,,,,,,,,,,,,,,,,,,,,,,,,,,,,,,,,,,,,3.0,,,,,,,,,,,,,,,,,,,,,,,,,,,,,,,,,,,,,,,,,,,,,,,,,,,,,,,,,,,,,,,,,,,,,,,,,,,,,,,,,,,,,,,,,,,,,,,,,,,,,,,,,,,,,,,,,,,,,,,,,,,,,,,,,,,,,,,,,,,,,,,,,,,,,,,,,,,,,,,,,,,,,,,,2024,,,,,35.0,,,,,,,,,,,,,,,,,,,,,,,,,,,,,,25.14063091,,
137.0,8.06,78.99,5.27,,,,,,,,,,,,,,,,,65.0,39.11764706,2.0,129.0,62.0,27.0,20.0,7.0,7.0,83.0,245.0,10.23076923,,1.0,,1.0,1.0,,,9.0,8.0,12.0,,,17.0,,,,,,,,,,,,,,,,,20.65062405,2.942854645,0.143434958,0.094535145,0.061778717,62.0,31.0,15.0,12.0,6.0,30.35425241,,,0.135280332,0.004183928,45.87580832,10.28484713,0.143434958,0.001236954,,0.28112602,0.28112602,,0.157430571,0.157430571,0.157430571,15.11764706,Mike Gesicki,CIN,ADD,13,3116164,3,South Bay Starr Power,TE,"{'1': {'team': 'NE', 'date': datetime.datetime(2024, 9, 8, 13, 0)}, '2': {'team': 'KC', 'date': datetime.datetime(2024, 9, 15, 16, 25)}, '3': {'team': 'WSH', 'date': datetime.datetime(2024, 9, 23, 20, 15)}, '4': {'team': 'CAR', 'date': datetime.datetime(2024, 9, 29, 13, 0)}, '5': {'team': 'BAL', 'date': datetime.datetime(2024, 10, 6, 13, 0)}, '6': {'team': 'NYG', 'date': datetime.datetime(2024, 10, 13, 20, 20)}, '7': {'team': 'CLE', 'date': datetime.datetime(2024, 10, 20, 13, 0)}, '8': {'team': 'PHI', 'date': datetime.datetime(2024, 10, 27, 13, 0)}, '9': {'team': 'LV', 'date': datetime.datetime(2024, 11, 3, 13, 0)}, '10': {'team': 'BAL', 'date': datetime.datetime(2024, 11, 7, 20, 15)}, '11': {'team': 'LAC', 'date': datetime.datetime(2024, 11, 17, 20, 20)}, '13': {'team': 'PIT', 'date': datetime.datetime(2024, 12, 1, 13, 0)}, '14': {'team': 'DAL', 'date': datetime.datetime(2024, 12, 9, 20, 15)}, '15': {'team': 'TEN', 'date': datetime.datetime(2024, 12, 15, 13, 0)}, '16': {'team': 'CLE', 'date': datetime.datetime(2024, 12, 22, 13, 0)}, '17': {'team': 'DEN', 'date': datetime.datetime(2024, 12, 28, 16, 30)}, '18': {'team': 'PIT', 'date': datetime.datetime(2025, 1, 4, 20, 0)}}","['WR/TE', 'TE', 'RB/WR/TE', 'OP', 'BE', 'IR']",TE,1.0,,1.0,1.0,1.0,1.0,,,,,,,,,,,,1.0,,,,,,,,,,,,,,,,,,,,,,,,,,,,,,,,,,,,,,,,,,,,,,,,,,,,,,,1.0,,,,,,,,,,,,,,,,,,,,,,,,,,,,,,,,,,,,,,,,,,,,,,,,,,,,,,,,,,,,,,,,,,,,,,,,,,,,,,,,,,,,,,,,,,,,,,,,,,,,,,,,,,,,,,,,,,,,,,,,,,,,,,,,,,,,,,,,,,,,,,,,,,,,,,,,,,,,,,,,,,,,,,,,2024,,,,,38.0,,,,,,,,,,,,,,,,,,,,,,,,,,,,,,15.58134799,,
155.0,9.69,50.94,3.4,,,,,,,,,,,,,,,,,37.0,51.5,7.0,159.0,76.0,34.0,26.0,10.0,2.0,69.0,118.0,22.27027027,,,,,,5.0,5.0,7.0,9.0,42.0,,,16.0,,,,,,,,,,,,,,,,,16.98078021,1.324769266,0.096488069,0.136133129,0.088963,51.0,25.0,12.0,10.0,5.0,18.16975867,,,0.119393964,0.003692597,34.47467443,14.12839029,0.096488069,0.001504062,,0.341832194,0.341832194,,0.191426029,0.191426029,0.191426029,15.11764706,Alec Pierce,IND,ADD,43,4360078,3,South Bay Starr Power,BE,"{'1': {'team': 'HOU', 'date': datetime.datetime(2024, 9, 8, 13, 0)}, '2': {'team': 'GB', 'date': datetime.datetime(2024, 9, 15, 13, 0)}, '3': {'team': 'CHI', 'date': datetime.datetime(2024, 9, 22, 13, 0)}, '4': {'team': 'PIT', 'date': datetime.datetime(2024, 9, 29, 13, 0)}, '5': {'team': 'JAX', 'date': datetime.datetime(2024, 10, 6, 13, 0)}, '6': {'team': 'TEN', 'date': datetime.datetime(2024, 10, 13, 13, 0)}, '7': {'team': 'MIA', 'date': datetime.datetime(2024, 10, 20, 13, 0)}, '8': {'team': 'HOU', 'date': datetime.datetime(2024, 10, 27, 13, 0)}, '9': {'team': 'MIN', 'date': datetime.datetime(2024, 11, 3, 20, 20)}, '10': {'team': 'BUF', 'date': datetime.datetime(2024, 11, 10, 13, 0)}, '11': {'team': 'NYJ', 'date': datetime.datetime(2024, 11, 17, 13, 0)}, '12': {'team': 'DET', 'date': datetime.datetime(2024, 11, 24, 13, 0)}, '13': {'team': 'NE', 'date': datetime.datetime(2024, 12, 1, 13, 0)}, '15': {'team': 'DEN', 'date': datetime.datetime(2024, 12, 15, 16, 25)}, '16': {'team': 'TEN', 'date': datetime.datetime(2024, 12, 22, 13, 0)}, '17': {'team': 'NYG', 'date': datetime.datetime(2024, 12, 29, 13, 0)}, '18': {'team': 'JAX', 'date': datetime.datetime(2025, 1, 5, 13, 0)}}","['RB/WR', 'WR', 'WR/TE', 'RB/WR/TE', 'OP', 'BE', 'IR']",BE,3.0,2.0,3.0,3.0,,,,,,,,,,,,,,,2.0,,,,,,,,,,,,,,,,,,,,,,,,,,,,,,,,,,,,,,,,,,,,,,,,,,,,,,2.0,,,,,,,,,,,,,,,,,,,,,,,,,,,,,,,,,,,,,,,,,,,,,,,,,,,,,,,,,,,,,,,,,,,,,,,,,,,,,,,,,,,,,,,,,,,,,,,,,,,,,,,,,,,,,,,,,,,,,,,,,,,,,,,,,,,,,,,,,,,,,,,,,,,,,,,,,,,,,,,,,,,,,,,,2024,,,,,32.0,,,,,,,,,,,,,,,,,,,,,,,,,,,,,,10.61253537,,
57.0,5.18,141.63,10.12,101.0,33.18181818,4.0,68.0,30.0,12.0,10.0,3.0,,16.0,5.0,,,,,3.61386139,3.0,0.54545455,,,,,,,,5.0,11.0,2.0,,,,,,,,6.0,5.0,24.0,4.0,,11.0,179.2720419,53.56406182,5.795389735,0.322461657,151.0,75.0,37.0,30.0,15.0,35.0,17.0,0.360991354,0.252693948,1.497513875,0.051104403,4.235737702,9.487083818,0.517588716,0.026172434,0.063385947,0.041422716,26.0,13.0,6.0,5.0,2.0,16.96580043,,,0.053779266,0.001663276,21.68513049,7.9273221,0.348634091,0.009222572,1.914825457,0.181213681,2.096039137,0.88081971,0.101479661,0.982299371,0.982299371,14.17647059,Gus Edwards,None,ADD,59,3051926,3,South Bay Starr Power,BE,{},"['RB', 'RB/WR', 'RB/WR/TE', 'OP', 'BE', 'IR']",BE,,,,,,,,,,,,,,,,,,,,,,,,,,,,,,,,,,,,,,,,,,,,,,,,,,,,,,,,,,,,,,,,,,,,,,,,,,,,,,,,,,,,,,,,,,,,,,,,,,,,,,,,,,,,,,,,,,,,,,,,,,,,,,,,,,,,,,,,,,,,,,,,,,,,,,,,,,,,,,,,,,,,,,,,,,,,,,,,,,,,,,,,,,,,,,,,,,,,,,,,,,,,,,,,,,,,,,,,,,,,,,,,,,,,,,,,,,,,,,,,,2024,,,,17.0,,,,,,,,,,,,,,,,,,,,,,,,,,,,,,42.92348546,6.637804792,,
80.0,4.71,63.48,3.73,,,,,,,,,,,,,,,,,,,,,,,,,,,,,,,,,,656.0,1155.0,8.0,9.0,,,,17.0,,,,,,,,,,,,,,,,,,,,,,,,,,,,,,,,,,,,,,,,,,,17.0,Cardinals D/ST,ARI,ADD,18,-16022,3,South Bay Starr Power,D/ST,"{'1': {'team': 'BUF', 'date': datetime.datetime(2024, 9, 8, 13, 0)}, '2': {'team': 'LAR', 'date': datetime.datetime(2024, 9, 15, 16, 5)}, '3': {'team': 'DET', 'date': datetime.datetime(2024, 9, 22, 16, 25)}, '4': {'team': 'WSH', 'date': datetime.datetime(2024, 9, 29, 16, 5)}, '5': {'team': 'SF', 'date': datetime.datetime(2024, 10, 6, 16, 5)}, '6': {'team': 'GB', 'date': datetime.datetime(2024, 10, 13, 13, 0)}, '7': {'team': 'LAC', 'date': datetime.datetime(2024, 10, 21, 21, 0)}, '8': {'team': 'MIA', 'date': datetime.datetime(2024, 10, 27, 13, 0)}, '9': {'team': 'CHI', 'date': datetime.datetime(2024, 11, 3, 16, 5)}, '10': {'team': 'NYJ', 'date': datetime.datetime(2024, 11, 10, 16, 25)}, '12': {'team': 'SEA', 'date': datetime.datetime(2024, 11, 24, 16, 25)}, '13': {'team': 'MIN', 'date': datetime.datetime(2024, 12, 1, 13, 0)}, '14': {'team': 'SEA', 'date': datetime.datetime(2024, 12, 8, 16, 5)}, '15': {'team': 'NE', 'date': datetime.datetime(2024, 12, 15, 16, 25)}, '16': {'team': 'CAR', 'date': datetime.datetime(2024, 12, 22, 13, 0)}, '17': {'team': 'LAR', 'date': datetime.datetime(2024, 12, 28, 20, 0)}, '18': {'team': 'SF', 'date': datetime.datetime(2025, 1, 5, 16, 25)}}","['D/ST', 'BE', 'IR']",D/ST,,,,,,,709.0,66.0,25.0,0.374420812,0.1368,1666.886818,251.591129,166.0,66.0,25.0,10.0,,,,,,,,,,,,,,,,,,,,,,,,,,,,,,,,,,,,,,,,,,,,,,,,,,,,,,,,,499.0,,,17.0,,,,,,,,,,,,,,,,,,,,,,,,,,,,,,,,,,,8.0,0.0,1.0,4.0,2.0,,9.0,,2.0,41.0,82.0,1.0,,,1.0,379.0,224.0,86.0,63.0,202.0,17.0,3.0,373.0,1.0,4.0,3.0,2.0,5823.0,0.0,0.0,6.0,1.0,6.0,4.0,0.0,0.0,0.0,0.0,1.0,4.0,2.0,1.0,4.0,3.0,2.0,0.029705442,0.127309036,1.018472292,1.697453819,0.109191522,1.859593114,12.82724985,8.730785246,1.81431574,0.220608825,36.76778262,73.53556523,1.292901548,0.566691567,2.480005449,10.61989238,1069.846794,356.0,213.0,71.07909528,430.567136,2.461308038,4.625561658,4.201198203,2.503744383,0.335247129,25.32747859,6356.348955,0.04240459,1.187328511,2.756298329,4.494886505,4.282863557,2.798702918,1.102519332,0.334996258,373.9028797,,,,,,,,,,,,,,,,,,,,,,,,,,,,,,,,,,,,,,,,,,,,,,,,2024,,,,,,,,,,,,,,,,,,,,,,,,,,,,,,,,,,,,,48.43114582
63.0,4.85,169.78,12.13,85.0,21.38461538,2.0,52.0,23.0,9.0,8.0,3.0,,13.0,3.0,,,,,3.27058824,19.0,12.38461538,,30.0,13.0,2.0,2.0,,,23.0,146.0,8.47368421,2.0,2.0,2.0,2.0,2.0,,,7.0,6.0,12.0,2.0,,13.0,153.9696151,50.81972487,7.924001143,0.353796568,144.0,72.0,36.0,28.0,14.0,30.0,15.0,0.306151606,0.214306124,1.347277765,0.045977421,4.679133182,13.28341728,1.171361558,0.06134206,0.040710524,0.026604327,37.0,18.0,9.0,7.0,3.0,26.14187911,,,0.07056687,0.002182481,34.5385131,7.203459769,0.415138628,0.008409899,1.633923437,0.277417261,1.911340699,0.751604781,0.155353666,0.906958447,0.906958447,14.17647059,Raheem Mostert,LV,ADD,56,2576414,3,South Bay Starr Power,RB,"{'1': {'team': 'LAC', 'date': datetime.datetime(2024, 9, 8, 16, 5)}, '2': {'team': 'BAL', 'date': datetime.datetime(2024, 9, 15, 13, 0)}, '3': {'team': 'CAR', 'date': datetime.datetime(2024, 9, 22, 16, 5)}, '4': {'team': 'CLE', 'date': datetime.datetime(2024, 9, 29, 16, 25)}, '5': {'team': 'DEN', 'date': datetime.datetime(2024, 10, 6, 16, 5)}, '6': {'team': 'PIT', 'date': datetime.datetime(2024, 10, 13, 16, 5)}, '7': {'team': 'LAR', 'date': datetime.datetime(2024, 10, 20, 16, 5)}, '8': {'team': 'KC', 'date': datetime.datetime(2024, 10, 27, 16, 25)}, '9': {'team': 'CIN', 'date': datetime.datetime(2024, 11, 3, 13, 0)}, '11': {'team': 'MIA', 'date': datetime.datetime(2024, 11, 17, 13, 0)}, '12': {'team': 'DEN', 'date': datetime.datetime(2024, 11, 24, 16, 5)}, '13': {'team': 'KC', 'date': datetime.datetime(2024, 11, 29, 15, 0)}, '14': {'team': 'TB', 'date': datetime.datetime(2024, 12, 8, 13, 0)}, '15': {'team': 'ATL', 'date': datetime.datetime(2024, 12, 16, 20, 30)}, '16': {'team': 'JAX', 'date': datetime.datetime(2024, 12, 22, 16, 25)}, '17': {'team': 'NO', 'date': datetime.datetime(2024, 12, 29, 13, 0)}, '18': {'team': 'LAC', 'date': datetime.datetime(2025, 1, 5, 16, 25)}}","['RB', 'RB/WR', 'RB/WR/TE', 'OP', 'BE', 'IR']",RB,,,,,,,42.0,3.0,,,,,,,,,,,,,,,,,,,,,,,,,,,,,,,,,,,,,,,,,,,,,,,,,,,,,,,,,,,,,,,,,,,,,,,,,,,,,,,,,,,,,,,,,,,,,,,,,,,,,,,,,,,,,,,,,,,,,,,,,,,,,,,,,,,,,,,,,,,,,,,,,,,,,,,,,,,,,,,,,,,,,,,,,,,,,,,,,,,,,,,,,,,,,,,,,,,,,,,,,,,,,,,,,,,,,,,,,,,,,,,,,,,,,,,,,2024,,,,13.0,10.0,,,,,,,,,,,,,,,,,,,,,,,,,,,,,41.65952582,10.48077979,,
364.0,21.41,312.9,20.86,102.0,31.23529412,12.0,100.0,46.0,19.0,15.0,5.0,,14.0,3.0,,,,,5.20588235,,0.41176471,1.0,1.0,,,,,,,7.0,,,5.0,,2.0,8.0,1.0,1.0,13.0,4.0,246.0,10.0,,17.0,94.26394011,33.05046006,8.571031069,0.373221872,99.0,49.0,24.0,19.0,9.0,18.0,9.0,0.182925363,0.128047754,0.717350266,0.024480412,5.259242298,,,,,,,,,,,,,,,,,,1.598151314,0.037672011,1.248874842,,8.561820733,0.574482427,,4.084696455,16.5228817,15.0,Josh Allen,BUF,DRAFT,2,3918298,4,Mission Viejo Goat,QB,"{'1': {'team': 'ARI', 'date': datetime.datetime(2024, 9, 8, 13, 0)}, '2': {'team': 'MIA', 'date': datetime.datetime(2024, 9, 12, 20, 15)}, '3': {'team': 'JAX', 'date': datetime.datetime(2024, 9, 23, 19, 30)}, '4': {'team': 'BAL', 'date': datetime.datetime(2024, 9, 29, 20, 20)}, '5': {'team': 'HOU', 'date': datetime.datetime(2024, 10, 6, 13, 0)}, '6': {'team': 'NYJ', 'date': datetime.datetime(2024, 10, 14, 20, 15)}, '7': {'team': 'TEN', 'date': datetime.datetime(2024, 10, 20, 13, 0)}, '8': {'team': 'SEA', 'date': datetime.datetime(2024, 10, 27, 16, 5)}, '9': {'team': 'MIA', 'date': datetime.datetime(2024, 11, 3, 13, 0)}, '10': {'team': 'IND', 'date': datetime.datetime(2024, 11, 10, 13, 0)}, '11': {'team': 'KC', 'date': datetime.datetime(2024, 11, 17, 16, 25)}, '13': {'team': 'SF', 'date': datetime.datetime(2024, 12, 1, 20, 20)}, '14': {'team': 'LAR', 'date': datetime.datetime(2024, 12, 8, 16, 25)}, '15': {'team': 'DET', 'date': datetime.datetime(2024, 12, 15, 16, 25)}, '16': {'team': 'NE', 'date': datetime.datetime(2024, 12, 22, 16, 25)}, '17': {'team': 'NYJ', 'date': datetime.datetime(2024, 12, 29, 13, 0)}, '18': {'team': 'NE', 'date': datetime.datetime(2025, 1, 5, 13, 0)}}","['QB', 'OP', 'BE', 'IR']",QB,,,,,,,,,,,,,,,,,,,,,483.0,307.0,176.0,219.47058824,28.0,740.0,368.0,181.0,142.0,66.0,29.0,54.0,23.0,30.0,12.0,4.0,2.0,3.0,1.0,6.0,0.63561077,14.0,5.0,10.0,9.0,3.0,1.0,522.3394351,344.7396433,177.5997918,250.1746646,23.02469404,750.0,375.0,187.0,150.0,75.0,37.0,68.0,34.0,3.162591024,2.066753234,3.368475485,0.454992716,1.224929442,12.43818525,0.659991607,29.63508674,7.312945892,3.510214028,,,,,1.0,1.0,,,,,,,,,,,,,,,,,,,,,,,,,,,,,,,,,,,,,,,,,,,,,,,,,,,,,,,,,,,,,,,,,,,,,,,,,,,,,,,,,,,,,,,,,,,,,,,,,,,,,,,,,,,,,,,,,,,,,,,,,1.0,,,,,,,,,,,,,,,,,,,,,,,,,,,,,,,,,,,,,,,,,,,,2024,,,174.0,52.0,,,,,,,,,,,,,,,,,,,,,,,,,,,,,,30.68417098,,184.0730506,
202.0,11.88,179.66,12.83,253.0,56.41176471,6.0,185.0,89.0,38.0,30.0,11.0,1.0,43.0,18.0,1.0,1.0,1.0,,3.79051383,42.0,22.70588235,,72.0,33.0,13.0,9.0,1.0,2.0,52.0,396.0,9.19047619,1.0,2.0,,,,,,5.0,12.0,38.0,3.0,,17.0,183.7555513,58.66492189,5.127650731,0.284217377,166.0,83.0,41.0,33.0,16.0,36.0,18.0,0.370800753,0.259560527,1.79176811,0.061146171,4.525912464,17.58077104,1.387834107,0.069909536,0.041686645,0.027242222,49.0,24.0,12.0,9.0,4.0,34.82620183,,,0.09553776,0.002954776,45.02320536,7.156487659,0.354126913,0.009375841,1.791365117,0.339507801,2.130872918,0.824027954,0.190124369,1.014152322,1.014152322,14.17647059,D'Andre Swift,CHI,DRAFT,19,4259545,4,Mission Viejo Goat,RB,"{'1': {'team': 'TEN', 'date': datetime.datetime(2024, 9, 8, 13, 0)}, '2': {'team': 'HOU', 'date': datetime.datetime(2024, 9, 15, 20, 20)}, '3': {'team': 'IND', 'date': datetime.datetime(2024, 9, 22, 13, 0)}, '4': {'team': 'LAR', 'date': datetime.datetime(2024, 9, 29, 13, 0)}, '5': {'team': 'CAR', 'date': datetime.datetime(2024, 10, 6, 13, 0)}, '6': {'team': 'JAX', 'date': datetime.datetime(2024, 10, 13, 9, 30)}, '8': {'team': 'WSH', 'date': datetime.datetime(2024, 10, 27, 16, 25)}, '9': {'team': 'ARI', 'date': datetime.datetime(2024, 11, 3, 16, 5)}, '10': {'team': 'NE', 'date': datetime.datetime(2024, 11, 10, 13, 0)}, '11': {'team': 'GB', 'date': datetime.datetime(2024, 11, 17, 13, 0)}, '12': {'team': 'MIN', 'date': datetime.datetime(2024, 11, 24, 13, 0)}, '13': {'team': 'DET', 'date': datetime.datetime(2024, 11, 28, 12, 30)}, '14': {'team': 'SF', 'date': datetime.datetime(2024, 12, 8, 16, 25)}, '15': {'team': 'MIN', 'date': datetime.datetime(2024, 12, 16, 20, 0)}, '16': {'team': 'DET', 'date': datetime.datetime(2024, 12, 22, 13, 0)}, '17': {'team': 'SEA', 'date': datetime.datetime(2024, 12, 26, 20, 15)}, '18': {'team': 'GB', 'date': datetime.datetime(2025, 1, 5, 13, 0)}}","['RB', 'RB/WR', 'RB/WR/TE', 'OP', 'BE', 'IR']",RB,,,,,1.0,,,,,,,,,,,,,,,,,,,,,,,,,,,,,,,,,,,,,,,,,,,,,,,,,,,,,,,,,,,,,,,,,,1.0,,,,,,,,,,,,,,,,,,,,,,,,,,,,,,,,,,,,,,,,,,,,,,,,,,,,,,,,,,,,,,,,,,,,,,,,,,,,,,,,,,,,,,,,,,,,,,,,,,,,,,,,,,,,,,,,,,,,,,,,,,,,,2.0,,,,,,,,,,,,,,,,,,,,,,,,,,,,,,,,,,,,,,,,,,,,,2024,,,,43.0,12.0,,,,,,,,,,,,,,,,,,,,,,,,,,,,,45.13971664,14.22871308,,
205.0,13.67,187.83,12.52,3.0,1.33333333,1.0,2.0,,,,,,,,,,,,6.66666667,63.0,58.33333333,9.0,170.0,82.0,38.0,28.0,11.0,6.0,99.0,213.0,13.88888889,,,,,,2.0,2.0,12.0,3.0,60.0,1.0,,15.0,,,,,,,,,,,,,,,,,58.07946072,5.181463688,0.267729656,0.158255734,0.103420122,175.0,87.0,43.0,35.0,17.0,70.44543803,,,1.798953413,0.055637734,114.2719511,12.46389849,0.267729656,0.004982148,,1.132306366,1.132306366,,0.634091565,0.634091565,0.634091565,15.11764706,Jordan Addison,MIN,ADD,21,4429205,4,Mission Viejo Goat,WR,"{'1': {'team': 'NYG', 'date': datetime.datetime(2024, 9, 8, 13, 0)}, '2': {'team': 'SF', 'date': datetime.datetime(2024, 9, 15, 13, 0)}, '3': {'team': 'HOU', 'date': datetime.datetime(2024, 9, 22, 13, 0)}, '4': {'team': 'GB', 'date': datetime.datetime(2024, 9, 29, 13, 0)}, '5': {'team': 'NYJ', 'date': datetime.datetime(2024, 10, 6, 9, 30)}, '7': {'team': 'DET', 'date': datetime.datetime(2024, 10, 20, 13, 0)}, '8': {'team': 'LAR', 'date': datetime.datetime(2024, 10, 24, 20, 15)}, '9': {'team': 'IND', 'date': datetime.datetime(2024, 11, 3, 20, 20)}, '10': {'team': 'JAX', 'date': datetime.datetime(2024, 11, 10, 13, 0)}, '11': {'team': 'TEN', 'date': datetime.datetime(2024, 11, 17, 13, 0)}, '12': {'team': 'CHI', 'date': datetime.datetime(2024, 11, 24, 13, 0)}, '13': {'team': 'ARI', 'date': datetime.datetime(2024, 12, 1, 13, 0)}, '14': {'team': 'ATL', 'date': datetime.datetime(2024, 12, 8, 13, 0)}, '15': {'team': 'CHI', 'date': datetime.datetime(2024, 12, 16, 20, 0)}, '16': {'team': 'SEA', 'date': datetime.datetime(2024, 12, 22, 16, 5)}, '17': {'team': 'GB', 'date': datetime.datetime(2024, 12, 29, 16, 25)}, '18': {'team': 'DET', 'date': datetime.datetime(2025, 1, 5, 20, 20)}}","['RB/WR', 'WR', 'WR/TE', 'RB/WR/TE', 'OP', 'BE', 'IR']",WR,2.0,,2.0,2.0,,,,,,,,,,,,,,,4.0,1.0,,,,,,,,,,,,,,,,,,,,,,,,,,,,,,,,,,,,,,,,,,,,,,,,,,,,,2.0,,,,,,,,,,,,,,,,,,,,,,,,,,,,,,,,,,,,,,,,,,,,,,,,,,,,,,,,,,,,,,,,,,,,,,,,,,,,,,,,,,,,,,,,,,,,,,,,,,,,,,,,,,,,,,,,,,,,,,,,,,,,,,,,,,,,,,,,,,,,,,,,,,,,,,,,,,,,,,,,,,,,,,,,2024,,,,2.0,39.0,,,,,,,,,,,,,,,,,,,,,,,,,,,,,,41.23838943,,
205.0,13.67,72.57,4.84,,,,,,,,,,,,,,,,,77.0,65.0,6.0,190.0,92.0,41.0,33.0,12.0,10.0,113.0,238.0,12.66233766,,1.0,,,,1.0,1.0,5.0,10.0,36.0,,1.0,15.0,,,,,,,,,,,,,,,,,22.87228775,1.998841862,0.088215392,0.188277059,0.123039058,69.0,34.0,17.0,13.0,6.0,26.98978358,,,0.168169039,0.005201104,43.26836872,12.81133554,0.088215392,0.002375101,,0.539795672,0.539795672,,0.302285576,0.302285576,0.302285576,15.11764706,Jauan Jennings,SF,ADD,21,3886598,4,Mission Viejo Goat,WR,"{'1': {'team': 'NYJ', 'date': datetime.datetime(2024, 9, 9, 20, 15)}, '2': {'team': 'MIN', 'date': datetime.datetime(2024, 9, 15, 13, 0)}, '3': {'team': 'LAR', 'date': datetime.datetime(2024, 9, 22, 16, 25)}, '4': {'team': 'NE', 'date': datetime.datetime(2024, 9, 29, 16, 5)}, '5': {'team': 'ARI', 'date': datetime.datetime(2024, 10, 6, 16, 5)}, '6': {'team': 'SEA', 'date': datetime.datetime(2024, 10, 10, 20, 15)}, '7': {'team': 'KC', 'date': datetime.datetime(2024, 10, 20, 16, 25)}, '8': {'team': 'DAL', 'date': datetime.datetime(2024, 10, 27, 20, 20)}, '10': {'team': 'TB', 'date': datetime.datetime(2024, 11, 10, 13, 0)}, '11': {'team': 'SEA', 'date': datetime.datetime(2024, 11, 17, 16, 5)}, '12': {'team': 'GB', 'date': datetime.datetime(2024, 11, 24, 16, 25)}, '13': {'team': 'BUF', 'date': datetime.datetime(2024, 12, 1, 20, 20)}, '14': {'team': 'CHI', 'date': datetime.datetime(2024, 12, 8, 16, 25)}, '15': {'team': 'LAR', 'date': datetime.datetime(2024, 12, 12, 20, 15)}, '16': {'team': 'MIA', 'date': datetime.datetime(2024, 12, 22, 16, 25)}, '17': {'team': 'DET', 'date': datetime.datetime(2024, 12, 30, 20, 15)}, '18': {'team': 'ARI', 'date': datetime.datetime(2025, 1, 5, 16, 25)}}","['RB/WR', 'WR', 'WR/TE', 'RB/WR/TE', 'OP', 'BE', 'IR']",WR,,,1.0,1.0,1.0,,,,,,,,,,,,,2.0,3.0,,,,,,,,,,,,,,,,,,,,,,,,,,,,,,,,,,,,,,,,,,,,,,,,,,,,,,2.0,,,,,,,,,,,,,,,,,,,,,,,,,,,,,,,,,,,,,,,,,,,,,,,,,,,,,,,,,,,,,,,,,,,,,,,,,,,,,,,,,,,,,,,,,,,,,,,,,,,,,,,,,,,,,,,,,,,,,,,,,,,,,,,,,,,,,,,,,,,,,,,,,,,,,,,,,,,,,,,,,,,,,,,,2024,,,,,47.0,,,,,,,,,,,,,,,,,,,,,,,,,,,,,,15.35463224,,
144.0,11.08,0.0,0.0,200.0,56.0,7.0,142.0,66.0,30.0,23.0,10.0,2.0,34.0,14.0,,,2.0,,3.64,23.0,13.53846154,,31.0,13.0,4.0,2.0,1.0,1.0,32.0,216.0,7.65217391,,,,,,,,12.0,1.0,42.0,7.0,,13.0,,,,,,,,,,,,,,,,,,,,,,,,,,,,,,,,,,,,,,,,,,,,Kareem Hunt,KC,ADD,30,3059915,4,Mission Viejo Goat,RB,"{'1': {'team': 'BAL', 'date': datetime.datetime(2024, 9, 5, 20, 20)}, '2': {'team': 'CIN', 'date': datetime.datetime(2024, 9, 15, 16, 25)}, '3': {'team': 'ATL', 'date': datetime.datetime(2024, 9, 22, 20, 20)}, '4': {'team': 'LAC', 'date': datetime.datetime(2024, 9, 29, 16, 25)}, '5': {'team': 'NO', 'date': datetime.datetime(2024, 10, 7, 20, 15)}, '7': {'team': 'SF', 'date': datetime.datetime(2024, 10, 20, 16, 25)}, '8': {'team': 'LV', 'date': datetime.datetime(2024, 10, 27, 16, 25)}, '9': {'team': 'TB', 'date': datetime.datetime(2024, 11, 4, 20, 15)}, '10': {'team': 'DEN', 'date': datetime.datetime(2024, 11, 10, 13, 0)}, '11': {'team': 'BUF', 'date': datetime.datetime(2024, 11, 17, 16, 25)}, '12': {'team': 'CAR', 'date': datetime.datetime(2024, 11, 24, 13, 0)}, '13': {'team': 'LV', 'date': datetime.datetime(2024, 11, 29, 15, 0)}, '14': {'team': 'LAC', 'date': datetime.datetime(2024, 12, 8, 20, 20)}, '15': {'team': 'CLE', 'date': datetime.datetime(2024, 12, 15, 13, 0)}, '16': {'team': 'HOU', 'date': datetime.datetime(2024, 12, 21, 13, 0)}, '17': {'team': 'PIT', 'date': datetime.datetime(2024, 12, 25, 13, 0)}, '18': {'team': 'DEN', 'date': datetime.datetime(2025, 1, 5, 16, 25)}}","['RB', 'RB/WR', 'RB/WR/TE', 'OP', 'BE', 'IR']",RB,,,,,,,,,,,,,,,,,,,,,,,,,,,,,,,,,,,,,,,,,,,,,,,,,,,,,,,,,,,,,,,,,,,,,,,,,,,,,,,,,,,,,,,,,,,,,,,,,,,,,,,,,,,,,,,,,,,,,,,,,,,,,,,,,,,,,,,,,,,,,,,,,,,,,,,,,,,,,,,,,,,,,,,,,,,,,,,,,,,,,,,,,,,,,,,,,,,,,,,,,,,,,,,,,,,,,,,,,,,,,,,,,,,,,,,,,,,,,,,,,2024,,,,42.0,10.0,,,,,,,,,,,,,,,,,,,,,,,,,,,,,,,,
128.0,7.53,99.97,6.66,10.0,4.64705882,,12.0,4.0,1.0,,,,,,,,,,7.9,62.0,40.35294118,1.0,130.0,60.0,25.0,19.0,6.0,4.0,87.0,335.0,11.06451613,,4.0,,2.0,2.0,,1.0,8.0,9.0,6.0,,,17.0,4.3028814,2.120216344,0.245828646,0.013146602,6.0,3.0,1.0,1.0,,,,0.007909588,0.005536711,0.002424531,8.27399e-05,7.449120575,27.21676246,2.546192026,0.12921929,0.122375779,0.079972572,82.0,41.0,20.0,16.0,8.0,39.68363877,,,0.239235797,0.007399045,56.94802149,10.36833873,0.142365893,0.003870814,0.086057628,0.793672775,0.879730403,0.039586509,0.444456754,0.484043263,0.484043263,15.11764706,Ray-Ray McCloud III,ATL,ADD,54,3728262,4,Mission Viejo Goat,BE,"{'1': {'team': 'PIT', 'date': datetime.datetime(2024, 9, 8, 13, 0)}, '2': {'team': 'PHI', 'date': datetime.datetime(2024, 9, 16, 20, 15)}, '3': {'team': 'KC', 'date': datetime.datetime(2024, 9, 22, 20, 20)}, '4': {'team': 'NO', 'date': datetime.datetime(2024, 9, 29, 13, 0)}, '5': {'team': 'TB', 'date': datetime.datetime(2024, 10, 3, 20, 15)}, '6': {'team': 'CAR', 'date': datetime.datetime(2024, 10, 13, 16, 25)}, '7': {'team': 'SEA', 'date': datetime.datetime(2024, 10, 20, 13, 0)}, '8': {'team': 'TB', 'date': datetime.datetime(2024, 10, 27, 13, 0)}, '9': {'team': 'DAL', 'date': datetime.datetime(2024, 11, 3, 13, 0)}, '10': {'team': 'NO', 'date': datetime.datetime(2024, 11, 10, 13, 0)}, '11': {'team': 'DEN', 'date': datetime.datetime(2024, 11, 17, 16, 5)}, '13': {'team': 'LAC', 'date': datetime.datetime(2024, 12, 1, 13, 0)}, '14': {'team': 'MIN', 'date': datetime.datetime(2024, 12, 8, 13, 0)}, '15': {'team': 'LV', 'date': datetime.datetime(2024, 12, 16, 20, 30)}, '16': {'team': 'NYG', 'date': datetime.datetime(2024, 12, 22, 13, 0)}, '17': {'team': 'WSH', 'date': datetime.datetime(2024, 12, 29, 20, 20)}, '18': {'team': 'CAR', 'date': datetime.datetime(2025, 1, 5, 13, 0)}}","['RB/WR', 'WR', 'WR/TE', 'RB/WR/TE', 'OP', 'BE', 'IR']",BE,,,,,3.0,1.0,361.0,32.0,11.0,0.033147856,,149.6019585,,14.0,5.0,,,,,,,,,,,,,,,,,,,,,,,,,,,,,,,,,,,,,,,,,,,,,,,,,,,,,,,,,,1.0,1.0,,,,,,,,,,,,,,,,,,,,,,,,,,,,,,,,,,,,,,,,,,,,,,,,,,,,,,,,,,,,,,,,,,,,,,,,,,,,,,,,,,,,,,,,,,,,,,,,,,,,,,,,,,,,,,,,,,,,,,,,,,,,,,,,,,,,,,,,,,,,,,,,,,,,,,,,,,,,,,,,,,,,,,,2024,,,,3.0,29.0,,,,,,,,,,,,,,,,,,,,,,,,,,,,,3.598938301,20.28294858,,
106.0,8.15,169.52,11.3,1.0,0.69230769,,1.0,,,,,,,,,,,,9.0,29.0,42.76923077,4.0,107.0,51.0,23.0,17.0,6.0,1.0,57.0,215.0,19.17241379,,,,,,1.0,1.0,10.0,3.0,26.0,,,13.0,,,,,,,,,,,,,,,,,53.87959926,4.955054041,0.263589259,0.225855635,0.147596658,162.0,81.0,40.0,32.0,16.0,58.9471565,,,1.465340412,0.045319807,97.22335569,13.81801623,0.263589259,0.002755754,,0.626307796,0.626307796,,0.350732366,0.350732366,0.350732366,15.11764706,Keon Coleman,BUF,ADD,70,4635008,4,Mission Viejo Goat,RB/WR/TE,"{'1': {'team': 'ARI', 'date': datetime.datetime(2024, 9, 8, 13, 0)}, '2': {'team': 'MIA', 'date': datetime.datetime(2024, 9, 12, 20, 15)}, '3': {'team': 'JAX', 'date': datetime.datetime(2024, 9, 23, 19, 30)}, '4': {'team': 'BAL', 'date': datetime.datetime(2024, 9, 29, 20, 20)}, '5': {'team': 'HOU', 'date': datetime.datetime(2024, 10, 6, 13, 0)}, '6': {'team': 'NYJ', 'date': datetime.datetime(2024, 10, 14, 20, 15)}, '7': {'team': 'TEN', 'date': datetime.datetime(2024, 10, 20, 13, 0)}, '8': {'team': 'SEA', 'date': datetime.datetime(2024, 10, 27, 16, 5)}, '9': {'team': 'MIA', 'date': datetime.datetime(2024, 11, 3, 13, 0)}, '10': {'team': 'IND', 'date': datetime.datetime(2024, 11, 10, 13, 0)}, '11': {'team': 'KC', 'date': datetime.datetime(2024, 11, 17, 16, 25)}, '13': {'team': 'SF', 'date': datetime.datetime(2024, 12, 1, 20, 20)}, '14': {'team': 'LAR', 'date': datetime.datetime(2024, 12, 8, 16, 25)}, '15': {'team': 'DET', 'date': datetime.datetime(2024, 12, 15, 16, 25)}, '16': {'team': 'NE', 'date': datetime.datetime(2024, 12, 22, 16, 25)}, '17': {'team': 'NYJ', 'date': datetime.datetime(2024, 12, 29, 13, 0)}, '18': {'team': 'NE', 'date': datetime.datetime(2025, 1, 5, 13, 0)}}","['Rookie', 'RB/WR', 'WR', 'WR/TE', 'RB/WR/TE', 'OP', 'BE', 'IR']",RB/WR/TE,1.0,,1.0,1.0,,,,,,,,,,,,,,,1.0,1.0,,,,,,,,,,,,,,,,,,,,,,,,,,,,,,,,,,,,,,,,,,,,,,,,,,,1.0,,1.0,,,,,,,,,,,,,,,,,,,,,,,,,,,,,,,,,,,,,,,,,,,,,,,,,,,,,,,,,,,,,,,,,,,,,,,,,,,,,,,,,,,,,,,,,,,,,,,,,,,,,,,,,,,,,,,,,,,,,,,,,,,,,,,,,,,,,,,,,,,,,,,,,,,,,,,,,,,,,,,,,,,,,,,,2024,,,,,22.0,,,,,,,,,,,,,,,,,,,,,,,,,,,,,,36.77410849,,
130.0,7.65,118.29,6.96,,,,,,,,,,,,,,,,,,,,,,,,,,,,,,,,,,669.0,1095.0,10.0,7.0,,,,17.0,,,,,,,,,,,,,,,,,,,,,,,,,,,,,,,,,,,,,,,,,,,17.0,Steelers D/ST,PIT,ADD,4,-16023,4,Mission Viejo Goat,BE,"{'1': {'team': 'ATL', 'date': datetime.datetime(2024, 9, 8, 13, 0)}, '2': {'team': 'DEN', 'date': datetime.datetime(2024, 9, 15, 16, 25)}, '3': {'team': 'LAC', 'date': datetime.datetime(2024, 9, 22, 13, 0)}, '4': {'team': 'IND', 'date': datetime.datetime(2024, 9, 29, 13, 0)}, '5': {'team': 'DAL', 'date': datetime.datetime(2024, 10, 6, 20, 20)}, '6': {'team': 'LV', 'date': datetime.datetime(2024, 10, 13, 16, 5)}, '7': {'team': 'NYJ', 'date': datetime.datetime(2024, 10, 20, 20, 20)}, '8': {'team': 'NYG', 'date': datetime.datetime(2024, 10, 28, 20, 15)}, '10': {'team': 'WSH', 'date': datetime.datetime(2024, 11, 10, 13, 0)}, '11': {'team': 'BAL', 'date': datetime.datetime(2024, 11, 17, 13, 0)}, '12': {'team': 'CLE', 'date': datetime.datetime(2024, 11, 21, 20, 15)}, '13': {'team': 'CIN', 'date': datetime.datetime(2024, 12, 1, 13, 0)}, '14': {'team': 'CLE', 'date': datetime.datetime(2024, 12, 8, 13, 0)}, '15': {'team': 'PHI', 'date': datetime.datetime(2024, 12, 15, 16, 25)}, '16': {'team': 'BAL', 'date': datetime.datetime(2024, 12, 21, 16, 30)}, '17': {'team': 'KC', 'date': datetime.datetime(2024, 12, 25, 13, 0)}, '18': {'team': 'CIN', 'date': datetime.datetime(2025, 1, 4, 20, 0)}}","['D/ST', 'BE', 'IR']",BE,,,,,,,575.0,54.0,19.0,0.662769493,0.13851,1704.283307,261.75,170.0,68.0,26.0,10.0,,,,,,,,,,,,,,,,,,,,,,,,,,,,,,,,,,,,,,,,,,,,,,,,,,,,,,,,,426.0,,,22.0,,,,,,,,,,,,,,,,,,,,,,,,,,,,,,,,,,,16.0,0.0,1.0,3.0,3.0,1.0,17.0,3.0,,40.0,80.0,,1.0,,2.0,359.0,211.0,76.0,77.0,289.0,25.0,5.0,335.0,3.0,4.0,3.0,0.0,5554.0,0.0,1.0,4.0,5.0,4.0,3.0,0.0,0.0,0.0,0.0,1.0,3.0,3.0,3.0,4.0,3.0,0.0,0.244995997,1.105884708,3.760008006,3.266613291,0.108754521,1.813721733,12.50971729,8.920620882,1.819060153,0.222683086,44.06096123,88.12192247,1.256635969,0.557085764,2.723755747,13.52448142,1051.957294,350.0,210.0,64.47548465,343.5075165,2.466973579,3.266613291,2.058646918,0.748598879,0.081665332,20.2063245,5593.528329,0.757978057,5.961625169,4.437152447,3.559941887,1.677771655,0.425830369,0.153298933,0.026401483,329.0310782,,,,,,,,,,1.0,,,,,,,,,,,,,,,,,,,,,,,,,,,,,,,,,,,,,,2024,,,,,,,,,,,,,,,,,,,,,,,,,,,,,,,,,,,,,41.60837956
79.0,5.64,27.53,1.84,1.0,0.28571429,,,,,,,,,,,,,,4.0,19.0,29.35714286,4.0,78.0,36.0,16.0,13.0,5.0,,44.0,143.0,21.63157895,,,,,,1.0,1.0,7.0,7.0,24.0,,,14.0,,,,,,,,,,,,,,,,,9.380891154,0.823456805,0.043831025,0.257414624,0.168220457,28.0,14.0,7.0,5.0,2.0,8.670478859,,,0.055747022,0.001724135,16.41264864,16.35630556,0.043831025,0.000664433,,0.151007556,0.151007556,,0.084564231,0.084564231,0.084564231,15.11764706,Marquez Valdes-Scantling,SEA,ADD,87,3051738,4,Mission Viejo Goat,BE,"{'1': {'team': 'DEN', 'date': datetime.datetime(2024, 9, 8, 16, 5)}, '2': {'team': 'NE', 'date': datetime.datetime(2024, 9, 15, 13, 0)}, '3': {'team': 'MIA', 'date': datetime.datetime(2024, 9, 22, 16, 5)}, '4': {'team': 'DET', 'date': datetime.datetime(2024, 9, 30, 20, 15)}, '5': {'team': 'NYG', 'date': datetime.datetime(2024, 10, 6, 16, 25)}, '6': {'team': 'SF', 'date': datetime.datetime(2024, 10, 10, 20, 15)}, '7': {'team': 'ATL', 'date': datetime.datetime(2024, 10, 20, 13, 0)}, '8': {'team': 'BUF', 'date': datetime.datetime(2024, 10, 27, 16, 5)}, '9': {'team': 'LAR', 'date': datetime.datetime(2024, 11, 3, 16, 25)}, '11': {'team': 'SF', 'date': datetime.datetime(2024, 11, 17, 16, 5)}, '12': {'team': 'ARI', 'date': datetime.datetime(2024, 11, 24, 16, 25)}, '13': {'team': 'NYJ', 'date': datetime.datetime(2024, 12, 1, 13, 0)}, '14': {'team': 'ARI', 'date': datetime.datetime(2024, 12, 8, 16, 5)}, '15': {'team': 'GB', 'date': datetime.datetime(2024, 12, 15, 20, 20)}, '16': {'team': 'MIN', 'date': datetime.datetime(2024, 12, 22, 16, 5)}, '17': {'team': 'CHI', 'date': datetime.datetime(2024, 12, 26, 20, 15)}, '18': {'team': 'LAR', 'date': datetime.datetime(2025, 1, 5, 16, 25)}}","['RB/WR', 'WR', 'WR/TE', 'RB/WR/TE', 'OP', 'BE', 'IR']",BE,2.0,1.0,1.0,1.0,,,,,,,,,,,,,,,1.0,1.0,,,,,,,,,,,,,,,,,,,,,,,,,,,,,,,,,,,,,,,,,,,,,,,,,,,,,,,,,,,,,,,,,,,,,,,,,,,,,,,,,,,,,,,,,,,,,,,,,,,,,,,,,,,,,,,,,,,,,,,,,,,,,,,,,,,,,,,,,,,,,,,,,,,,,,,,,,,,,,,,,,,,,,,,,,,,,,,,,,,,,,,,,,,,,,,,,,,,,,,,,,,,,,,,,,,,,,,,,,,,,2024,,,,,14.0,,,,,,,,,,,,,,,,,,,,,,,,,,,,,,5.074058879,,
115.0,6.76,71.3,4.75,1.0,0.05882353,,,,,,,,,,,,,,1.0,61.0,31.64705882,1.0,102.0,48.0,21.0,14.0,4.0,5.0,102.0,133.0,8.81967213,,,,,,3.0,3.0,3.0,14.0,6.0,,1.0,17.0,4.298303846,1.450526344,0.17478988,0.008737186,4.0,2.0,1.0,,,,,0.007901177,0.005530824,0.001088803,3.71567e-05,5.101674081,21.46568005,1.723034114,0.092898238,0.152866125,0.099898013,64.0,32.0,16.0,12.0,6.0,25.25915999,,,0.144622966,0.004472875,42.75562876,12.84724334,0.101635424,0.002601057,0.085966077,0.5051832,0.591149277,0.039544395,0.282902592,0.322446987,0.322446987,15.11764706,Elijah Moore,CLE,ADD,65,4372414,4,Mission Viejo Goat,BE,"{'1': {'team': 'DAL', 'date': datetime.datetime(2024, 9, 8, 16, 25)}, '2': {'team': 'JAX', 'date': datetime.datetime(2024, 9, 15, 13, 0)}, '3': {'team': 'NYG', 'date': datetime.datetime(2024, 9, 22, 13, 0)}, '4': {'team': 'LV', 'date': datetime.datetime(2024, 9, 29, 16, 25)}, '5': {'team': 'WSH', 'date': datetime.datetime(2024, 10, 6, 13, 0)}, '6': {'team': 'PHI', 'date': datetime.datetime(2024, 10, 13, 13, 0)}, '7': {'team': 'CIN', 'date': datetime.datetime(2024, 10, 20, 13, 0)}, '8': {'team': 'BAL', 'date': datetime.datetime(2024, 10, 27, 13, 0)}, '9': {'team': 'LAC', 'date': datetime.datetime(2024, 11, 3, 13, 0)}, '11': {'team': 'NO', 'date': datetime.datetime(2024, 11, 17, 13, 0)}, '12': {'team': 'PIT', 'date': datetime.datetime(2024, 11, 21, 20, 15)}, '13': {'team': 'DEN', 'date': datetime.datetime(2024, 12, 2, 20, 15)}, '14': {'team': 'PIT', 'date': datetime.datetime(2024, 12, 8, 13, 0)}, '15': {'team': 'KC', 'date': datetime.datetime(2024, 12, 15, 13, 0)}, '16': {'team': 'CIN', 'date': datetime.datetime(2024, 12, 22, 13, 0)}, '17': {'team': 'MIA', 'date': datetime.datetime(2024, 12, 29, 16, 5)}, '18': {'team': 'BAL', 'date': datetime.datetime(2025, 1, 4, 16, 30)}}","['RB/WR', 'WR', 'WR/TE', 'RB/WR/TE', 'OP', 'BE', 'IR']",BE,,,1.0,1.0,,,,,,0.077279506,0.1026,253.5733803,165.6,25.0,10.0,16.0,6.0,,,,,,,,,,,,,,,,,,,,,,,,,,,,,,,,,,,,,,,,,,,,,,,,,,,,,,,,,,,,,,,,,,,,,,,,,,,,,,,,,,,,,,,,,,,,,,,,,,,,,,,,,,,,,,,,,,,,,,,,,,,,,,,,,,,,,,,,,,,,,,,,,,,,,,,,,,,,,,,,,,,,,,,,,,,,,,,,,,,,,,,,,,,,,,,,,,,,,,,,,,,,,,,,,,,,,,,,,,,,,,,,2024,,,,,25.0,,,,,,,,,,,,,,,,,,,,,,,,,,,,,3.203855944,14.26098974,,
49.0,2.88,130.3,8.69,4.0,0.35294118,,2.0,1.0,,,,,,,,,,,1.5,23.0,18.35294118,,58.0,27.0,10.0,7.0,1.0,1.0,55.0,101.0,13.56521739,1.0,2.0,1.0,1.0,1.0,,,8.0,9.0,,,,17.0,,,,,,,,,,,,,,,,,42.39905556,3.357487817,0.24461476,0.1956334,0.127846427,128.0,64.0,32.0,25.0,12.0,46.20375154,,,0.75660716,0.023400221,79.21374382,13.87276869,0.24461476,0.002160006,,0.49091036,0.49091036,,0.274909801,0.274909801,0.274909801,15.11764706,Adonai Mitchell,IND,ADD,111,4597500,4,Mission Viejo Goat,BE,"{'1': {'team': 'HOU', 'date': datetime.datetime(2024, 9, 8, 13, 0)}, '2': {'team': 'GB', 'date': datetime.datetime(2024, 9, 15, 13, 0)}, '3': {'team': 'CHI', 'date': datetime.datetime(2024, 9, 22, 13, 0)}, '4': {'team': 'PIT', 'date': datetime.datetime(2024, 9, 29, 13, 0)}, '5': {'team': 'JAX', 'date': datetime.datetime(2024, 10, 6, 13, 0)}, '6': {'team': 'TEN', 'date': datetime.datetime(2024, 10, 13, 13, 0)}, '7': {'team': 'MIA', 'date': datetime.datetime(2024, 10, 20, 13, 0)}, '8': {'team': 'HOU', 'date': datetime.datetime(2024, 10, 27, 13, 0)}, '9': {'team': 'MIN', 'date': datetime.datetime(2024, 11, 3, 20, 20)}, '10': {'team': 'BUF', 'date': datetime.datetime(2024, 11, 10, 13, 0)}, '11': {'team': 'NYJ', 'date': datetime.datetime(2024, 11, 17, 13, 0)}, '12': {'team': 'DET', 'date': datetime.datetime(2024, 11, 24, 13, 0)}, '13': {'team': 'NE', 'date': datetime.datetime(2024, 12, 1, 13, 0)}, '15': {'team': 'DEN', 'date': datetime.datetime(2024, 12, 15, 16, 25)}, '16': {'team': 'TEN', 'date': datetime.datetime(2024, 12, 22, 13, 0)}, '17': {'team': 'NYG', 'date': datetime.datetime(2024, 12, 29, 13, 0)}, '18': {'team': 'JAX', 'date': datetime.datetime(2025, 1, 5, 13, 0)}}","['Rookie', 'RB/WR', 'WR', 'WR/TE', 'RB/WR/TE', 'OP', 'BE', 'IR']",BE,,,,,1.0,,,,,,,,,,,,,,,,1.0,1.0,,1.41176471,,4.0,2.0,1.0,,,,,,,,,,,,,1.0,,1.0,,,,,,,,,,,,,,,,,,,,,,,,,,,,,,,,,,,,,,,,,,,,,,,,,,,,,,,,,,,,,,,,,,,,,,,,,,,,,,,,,,,,,,,,,,,,,,,,,,,,,,,,,,,,,,,,,,,,,,,,,,,,,,,,,,,,,,,,,,,,,,,,,,,,,,,,,,1.0,,,,,,,,,,,,,,,,,,,,,,,,,,,,,,,,,,,,,,,,,,,,2024,,,2.0,1.0,16.0,,,,,,,,,,,,,,,,,,,,,,,,,,,,,,28.43012533,,
98.0,8.91,0.0,0.0,,,,,,,,,,,,,,,,,,,,,,,,,,,,,,,,,,2.0,2.0,7.0,4.0,90.0,,,11.0,,,,,,,,,,,,,,,,,,,,,,,,,,,,,,,,,,,,,,,,,,,,Brandon McManus,GB,ADD,27,16339,4,Mission Viejo Goat,K,"{'1': {'team': 'PHI', 'date': datetime.datetime(2024, 9, 6, 20, 15)}, '2': {'team': 'IND', 'date': datetime.datetime(2024, 9, 15, 13, 0)}, '3': {'team': 'TEN', 'date': datetime.datetime(2024, 9, 22, 13, 0)}, '4': {'team': 'MIN', 'date': datetime.datetime(2024, 9, 29, 13, 0)}, '5': {'team': 'LAR', 'date': datetime.datetime(2024, 10, 6, 16, 25)}, '6': {'team': 'ARI', 'date': datetime.datetime(2024, 10, 13, 13, 0)}, '7': {'team': 'HOU', 'date': datetime.datetime(2024, 10, 20, 13, 0)}, '8': {'team': 'JAX', 'date': datetime.datetime(2024, 10, 27, 13, 0)}, '9': {'team': 'DET', 'date': datetime.datetime(2024, 11, 3, 16, 25)}, '11': {'team': 'CHI', 'date': datetime.datetime(2024, 11, 17, 13, 0)}, '12': {'team': 'SF', 'date': datetime.datetime(2024, 11, 24, 16, 25)}, '13': {'team': 'MIA', 'date': datetime.datetime(2024, 11, 28, 20, 20)}, '14': {'team': 'DET', 'date': datetime.datetime(2024, 12, 5, 20, 15)}, '15': {'team': 'SEA', 'date': datetime.datetime(2024, 12, 15, 20, 20)}, '16': {'team': 'NO', 'date': datetime.datetime(2024, 12, 23, 20, 15)}, '17': {'team': 'MIN', 'date': datetime.datetime(2024, 12, 29, 16, 25)}, '18': {'team': 'CHI', 'date': datetime.datetime(2025, 1, 5, 13, 0)}}","['K', 'BE', 'IR']",K,,,,,,,,,,,,,,,,,,,,,,,,,,,,,,,,,,,,,,,,,,,,,,,,,,,,,,,,,,,,,,,,,,,,,,,,,,,,,,3.0,3.0,3.0,4.0,1.0,14.0,14.0,,20.0,21.0,1.0,30.0,30.0,,3.0,3.0,,,,,,,,,,,,,,,,,,,,,,,,,,,,,,,,,,,,,,,,,,,,,,,,,,,,,,,,,,,,,,,,,,,,,,,,,,,,,,,,,,,,,,,,,,,,,,,,,,,,,,,,,,,,,,,,,,,,,,,,,,,,,,,,,,,,,,,,,,,,,,,,,,,,2024,,,,,,720.0,46.0,766.0,140.0,69.0,33.0,24.0,10.0,3.0,9.0,4.0,2.0,1.0,,149.0,74.0,35.0,26.0,11.0,4.0,,,,,,,,,,,,
101.0,5.94,128.58,7.56,,,,,,,,,,,,,,,,,,,,,,,,,,,,,,,,,,653.0,1072.0,12.0,5.0,,,,17.0,,,,,,,,,,,,,,,,,,,,,,,,,,,,,,,,,,,,,,,,,,,17.0,Ravens D/ST,BAL,ADD,11,-16033,4,Mission Viejo Goat,D/ST,"{'1': {'team': 'KC', 'date': datetime.datetime(2024, 9, 5, 20, 20)}, '2': {'team': 'LV', 'date': datetime.datetime(2024, 9, 15, 13, 0)}, '3': {'team': 'DAL', 'date': datetime.datetime(2024, 9, 22, 16, 25)}, '4': {'team': 'BUF', 'date': datetime.datetime(2024, 9, 29, 20, 20)}, '5': {'team': 'CIN', 'date': datetime.datetime(2024, 10, 6, 13, 0)}, '6': {'team': 'WSH', 'date': datetime.datetime(2024, 10, 13, 13, 0)}, '7': {'team': 'TB', 'date': datetime.datetime(2024, 10, 21, 20, 15)}, '8': {'team': 'CLE', 'date': datetime.datetime(2024, 10, 27, 13, 0)}, '9': {'team': 'DEN', 'date': datetime.datetime(2024, 11, 3, 13, 0)}, '10': {'team': 'CIN', 'date': datetime.datetime(2024, 11, 7, 20, 15)}, '11': {'team': 'PIT', 'date': datetime.datetime(2024, 11, 17, 13, 0)}, '12': {'team': 'LAC', 'date': datetime.datetime(2024, 11, 25, 20, 15)}, '13': {'team': 'PHI', 'date': datetime.datetime(2024, 12, 1, 16, 25)}, '15': {'team': 'NYG', 'date': datetime.datetime(2024, 12, 15, 13, 0)}, '16': {'team': 'PIT', 'date': datetime.datetime(2024, 12, 21, 16, 30)}, '17': {'team': 'HOU', 'date': datetime.datetime(2024, 12, 25, 16, 30)}, '18': {'team': 'CLE', 'date': datetime.datetime(2025, 1, 4, 16, 30)}}","['D/ST', 'BE', 'IR']",D/ST,,,,,,,811.0,77.0,26.0,0.323179817,0.22206,1522.852044,308.175,152.0,60.0,30.0,12.0,,,,,,,,,,,,,,,,,,,,,,,,,,,,,,,,,,,,,,,,,,,,,,,,,,,,,,,,,419.0,,,12.0,,,,,,,,,,,,,,,,,,,,,,,,,,,,,,,,,,,5.0,1.0,0.0,3.0,2.0,2.0,12.0,1.0,,54.0,108.0,,,2.0,2.0,351.0,209.0,75.0,82.0,213.0,15.0,2.0,357.0,1.0,6.0,3.0,1.0,5511.0,0.0,0.0,7.0,4.0,1.0,3.0,2.0,0.0,0.0,1.0,0.0,3.0,2.0,1.0,6.0,3.0,1.0,0.273150466,1.233857243,4.118530383,3.471819001,0.108551436,1.837234092,14.78009036,8.924561508,1.75819511,0.216550153,45.28027019,90.56054039,1.277091316,0.560142777,2.491025345,13.0108745,1030.181674,343.0,206.0,82.22765127,332.2976878,2.467714486,3.088897788,1.778456302,0.519070978,0.048503354,19.54692281,5665.551404,0.706665999,5.619271798,4.316622427,3.626984524,1.864576551,0.595983373,0.221365253,0.048530075,333.2677297,,,,,,,,,,,,,,,,,,,,,,,,,,,,,,,,,,,,,,,,,,,,,,,,2024,,,,,,,,,,,,,,,,,,,,,,,,,,,,,,,,,,,,,34.50855689
17.0,8.5,139.31,11.61,,,,,,,,,,,,,,,,,9.0,45.5,,18.0,8.0,4.0,2.0,,1.0,15.0,46.0,10.11111111,,,,,,,,2.0,,,,,2.0,1.590322176,0.818265917,0.066004423,0.00346004,2.0,1.0,,,,,,0.002919577,0.002043704,0.000247955,8.46177e-06,6.355939003,51.79160575,5.249925627,0.171747166,0.174780441,0.114219018,127.0,63.0,31.0,25.0,12.0,43.72941588,,,1.061669997,0.032835155,77.71757205,14.63039573,0.175207206,0.002711185,0.021622414,0.594555971,0.616178385,0.009946311,0.332951344,0.342897654,0.342897654,12.35294118,Hollywood Brown,KC,ADD,141,4241372,4,Mission Viejo Goat,BE,"{'1': {'team': 'BAL', 'date': datetime.datetime(2024, 9, 5, 20, 20)}, '2': {'team': 'CIN', 'date': datetime.datetime(2024, 9, 15, 16, 25)}, '3': {'team': 'ATL', 'date': datetime.datetime(2024, 9, 22, 20, 20)}, '4': {'team': 'LAC', 'date': datetime.datetime(2024, 9, 29, 16, 25)}, '5': {'team': 'NO', 'date': datetime.datetime(2024, 10, 7, 20, 15)}, '7': {'team': 'SF', 'date': datetime.datetime(2024, 10, 20, 16, 25)}, '8': {'team': 'LV', 'date': datetime.datetime(2024, 10, 27, 16, 25)}, '9': {'team': 'TB', 'date': datetime.datetime(2024, 11, 4, 20, 15)}, '10': {'team': 'DEN', 'date': datetime.datetime(2024, 11, 10, 13, 0)}, '11': {'team': 'BUF', 'date': datetime.datetime(2024, 11, 17, 16, 25)}, '12': {'team': 'CAR', 'date': datetime.datetime(2024, 11, 24, 13, 0)}, '13': {'team': 'LV', 'date': datetime.datetime(2024, 11, 29, 15, 0)}, '14': {'team': 'LAC', 'date': datetime.datetime(2024, 12, 8, 20, 20)}, '15': {'team': 'CLE', 'date': datetime.datetime(2024, 12, 15, 13, 0)}, '16': {'team': 'HOU', 'date': datetime.datetime(2024, 12, 21, 13, 0)}, '17': {'team': 'PIT', 'date': datetime.datetime(2024, 12, 25, 13, 0)}, '18': {'team': 'DEN', 'date': datetime.datetime(2025, 1, 5, 16, 25)}}","['RB/WR', 'WR', 'WR/TE', 'RB/WR/TE', 'OP', 'BE', 'IR']",BE,,,,,,,,,,,,,,,,,,,,,,,,,,,,,,,,,,,,,,,,,,,,,,,,,,,,,,,,,,,,,,,,,,,,,,,,,,,,,,,,,,,,,,,,,,,,,,,,,,,,,,,,,,,,,,,,,,,,,,,,,,,,,,,,,,,,,,,,,,,,,,,,,,,,,,,,,,,,,,,,,,,,,,,,,,,,,,,,,,,,,,,,,,,,,,,,,,,,,,,,,,,,,,,,,,,,,,,,,,,,,,,,,,,,,,,,,,,,,,,,,2024,,,,,5.0,,,,,,,,,,,,,,,,,,,,,,,,,,,,,2.193467605,28.80991837,,
170.0,10.0,73.44,4.9,,,,,,,,,,,,,,,,,66.0,38.47058824,7.0,125.0,58.0,25.0,18.0,4.0,6.0,91.0,187.0,9.90909091,,1.0,,,,2.0,2.0,12.0,5.0,46.0,,,17.0,,,,,,,,,,,,,,,,,19.55326811,2.151384688,0.118057678,0.051923462,0.033931982,59.0,29.0,14.0,11.0,5.0,31.61107757,,,0.122866958,0.003800009,50.26960239,9.351133489,0.118057678,0.001265127,,0.287528895,0.287528895,,0.161016181,0.161016181,0.161016181,15.11764706,Zach Ertz,WSH,ADD,7,15835,4,Mission Viejo Goat,TE,"{'1': {'team': 'TB', 'date': datetime.datetime(2024, 9, 8, 16, 25)}, '2': {'team': 'NYG', 'date': datetime.datetime(2024, 9, 15, 13, 0)}, '3': {'team': 'CIN', 'date': datetime.datetime(2024, 9, 23, 20, 15)}, '4': {'team': 'ARI', 'date': datetime.datetime(2024, 9, 29, 16, 5)}, '5': {'team': 'CLE', 'date': datetime.datetime(2024, 10, 6, 13, 0)}, '6': {'team': 'BAL', 'date': datetime.datetime(2024, 10, 13, 13, 0)}, '7': {'team': 'CAR', 'date': datetime.datetime(2024, 10, 20, 16, 5)}, '8': {'team': 'CHI', 'date': datetime.datetime(2024, 10, 27, 16, 25)}, '9': {'team': 'NYG', 'date': datetime.datetime(2024, 11, 3, 13, 0)}, '10': {'team': 'PIT', 'date': datetime.datetime(2024, 11, 10, 13, 0)}, '11': {'team': 'PHI', 'date': datetime.datetime(2024, 11, 14, 20, 15)}, '12': {'team': 'DAL', 'date': datetime.datetime(2024, 11, 24, 13, 0)}, '13': {'team': 'TEN', 'date': datetime.datetime(2024, 12, 1, 13, 0)}, '15': {'team': 'NO', 'date': datetime.datetime(2024, 12, 15, 13, 0)}, '16': {'team': 'PHI', 'date': datetime.datetime(2024, 12, 22, 13, 0)}, '17': {'team': 'ATL', 'date': datetime.datetime(2024, 12, 29, 20, 20)}, '18': {'team': 'DAL', 'date': datetime.datetime(2025, 1, 5, 13, 0)}}","['WR/TE', 'TE', 'RB/WR/TE', 'OP', 'BE', 'IR']",TE,,,,,1.0,,,,,,,,,,,,,,5.0,,,,,,,,,,,,,,,,,,,,,,,,,,,,,,,,,,,,,,,,,,,,,,,,,,,,2.0,,2.0,,,,,,,,,,,,,,,,,,,,,,,,,,,,,,,,,,,,,,,,,,,,,,,,,,,,,,,,,,,,,,,,,,,,,,,,,,,,,,,,,,,,,,,,,,,,,,,,,,,,,,,,,,,,,,,,,,,,,,,,,,,,,,,,,,,,,,,,,,,,,,,,,,,,,,,,,,,,,,,,,,,,,,,,2024,,,,,38.0,,,,,,,,,,,,,,,,,,,,,,,,,,,,,,15.08670379,,
33.0,3.0,62.7,4.18,,,,,,,,,,,,,,,,,21.0,14.18181818,,28.0,12.0,4.0,2.0,1.0,1.0,32.0,61.0,7.42857143,,,,,,,,3.0,8.0,,,,11.0,,,,,,,,,,,,,,,,,18.65255559,1.303541656,0.073504157,0.119136033,0.077855397,56.0,28.0,14.0,11.0,5.0,27.06854954,,,0.113855338,0.003521299,39.26120115,10.4173573,0.073504157,0.001364001,,0.310000258,0.310000258,,0.173600144,0.173600144,0.173600144,15.11764706,Michael Mayer,LV,ADD,53,4429086,4,Mission Viejo Goat,BE,"{'1': {'team': 'LAC', 'date': datetime.datetime(2024, 9, 8, 16, 5)}, '2': {'team': 'BAL', 'date': datetime.datetime(2024, 9, 15, 13, 0)}, '3': {'team': 'CAR', 'date': datetime.datetime(2024, 9, 22, 16, 5)}, '4': {'team': 'CLE', 'date': datetime.datetime(2024, 9, 29, 16, 25)}, '5': {'team': 'DEN', 'date': datetime.datetime(2024, 10, 6, 16, 5)}, '6': {'team': 'PIT', 'date': datetime.datetime(2024, 10, 13, 16, 5)}, '7': {'team': 'LAR', 'date': datetime.datetime(2024, 10, 20, 16, 5)}, '8': {'team': 'KC', 'date': datetime.datetime(2024, 10, 27, 16, 25)}, '9': {'team': 'CIN', 'date': datetime.datetime(2024, 11, 3, 13, 0)}, '11': {'team': 'MIA', 'date': datetime.datetime(2024, 11, 17, 13, 0)}, '12': {'team': 'DEN', 'date': datetime.datetime(2024, 11, 24, 16, 5)}, '13': {'team': 'KC', 'date': datetime.datetime(2024, 11, 29, 15, 0)}, '14': {'team': 'TB', 'date': datetime.datetime(2024, 12, 8, 13, 0)}, '15': {'team': 'ATL', 'date': datetime.datetime(2024, 12, 16, 20, 30)}, '16': {'team': 'JAX', 'date': datetime.datetime(2024, 12, 22, 16, 25)}, '17': {'team': 'NO', 'date': datetime.datetime(2024, 12, 29, 13, 0)}, '18': {'team': 'LAC', 'date': datetime.datetime(2025, 1, 5, 16, 25)}}","['WR/TE', 'TE', 'RB/WR/TE', 'OP', 'BE', 'IR']",BE,,,,,,,,,,,,,,,,,,,,,,,,,,,,,,,,,,,,,,,,,,,,,,,,,,,,,,,,,,,,,,,,,,,,,,,,,,,,,,,,,,,,,,,,,,,,,,,,,,,,,,,,,,,,,,,,,,,,,,,,,,,,,,,,,,,,,,,,,,,,,,,,,,,,,,,,,,,,,,,,,,,,,,,,,,,,,,,,,,,,,,,,,,,,,,,,,,,,,,,,,,,,,,,,,,,,,,,,,,,,,,,,,,,,,,,,,,,,,,,,,2024,,,,,8.0,,,,,,,,,,,,,,,,,,,,,,,,,,,,,,13.32912172,,
327.0,19.24,292.24,20.87,304.0,85.64705882,14.0,286.0,139.0,65.0,50.0,20.0,5.0,54.0,23.0,,,5.0,,4.78947368,61.0,25.35294118,1.0,79.0,35.0,15.0,10.0,1.0,4.0,72.0,530.0,7.06557377,1.0,1.0,,,,2.0,2.0,8.0,9.0,92.0,13.0,,17.0,229.5498422,72.72841063,7.691156471,0.411329231,206.0,103.0,51.0,41.0,20.0,45.0,22.0,0.473679417,0.331575592,2.750348208,0.093858832,4.491539459,39.80035203,4.137915495,0.21008729,0.076693251,0.05011904,112.0,56.0,28.0,22.0,11.0,64.21918495,,,0.534539806,0.016532159,86.93598914,8.785980707,0.62141652,0.015008864,2.665423011,0.74568247,3.411105481,1.226094585,0.417582183,1.643676768,1.643676768,14.17647059,Bijan Robinson,ATL,DRAFT,3,4430807,6,Husky Express,RB,"{'1': {'team': 'PIT', 'date': datetime.datetime(2024, 9, 8, 13, 0)}, '2': {'team': 'PHI', 'date': datetime.datetime(2024, 9, 16, 20, 15)}, '3': {'team': 'KC', 'date': datetime.datetime(2024, 9, 22, 20, 20)}, '4': {'team': 'NO', 'date': datetime.datetime(2024, 9, 29, 13, 0)}, '5': {'team': 'TB', 'date': datetime.datetime(2024, 10, 3, 20, 15)}, '6': {'team': 'CAR', 'date': datetime.datetime(2024, 10, 13, 16, 25)}, '7': {'team': 'SEA', 'date': datetime.datetime(2024, 10, 20, 13, 0)}, '8': {'team': 'TB', 'date': datetime.datetime(2024, 10, 27, 13, 0)}, '9': {'team': 'DAL', 'date': datetime.datetime(2024, 11, 3, 13, 0)}, '10': {'team': 'NO', 'date': datetime.datetime(2024, 11, 10, 13, 0)}, '11': {'team': 'DEN', 'date': datetime.datetime(2024, 11, 17, 16, 5)}, '13': {'team': 'LAC', 'date': datetime.datetime(2024, 12, 1, 13, 0)}, '14': {'team': 'MIN', 'date': datetime.datetime(2024, 12, 8, 13, 0)}, '15': {'team': 'LV', 'date': datetime.datetime(2024, 12, 16, 20, 30)}, '16': {'team': 'NYG', 'date': datetime.datetime(2024, 12, 22, 13, 0)}, '17': {'team': 'WSH', 'date': datetime.datetime(2024, 12, 29, 20, 20)}, '18': {'team': 'CAR', 'date': datetime.datetime(2025, 1, 5, 13, 0)}}","['RB', 'RB/WR', 'RB/WR/TE', 'OP', 'BE', 'IR']",RB,,,,,,,,,,,,,,,,,,,1.0,,,,,,,,,,,,,,,,,,,,,,,,,,,,,,,,,,,,,,,,,,,,,,,,,,,,,,,,1.0,,,,,,,,,,,,,,,,,,,,,,,,,,,,,,,,,,,,,,,,,,,,,,,,,,,,,,,,,,,,,,,,,,,,,,,,,,,,,,,,,,,,,,,,,,,,,,,,,,,,,,,,,,,,,,,,,,,,,,,,,1.0,,,,,,1.0,,,,,,,,,,,,,,,,,,,,,,,,,,,,,,,,,,,,,,,2024,,,,82.0,20.0,,,,,,,,,,,,,,,,,,,,,,,,,,,,,56.56477737,30.73922754,,
258.0,16.12,232.08,16.58,316.0,81.1875,14.0,253.0,122.0,58.0,45.0,19.0,4.0,56.0,24.0,,,4.0,,4.11075949,34.0,11.375,2.0,31.0,12.0,4.0,3.0,,2.0,40.0,195.0,5.35294118,5.0,5.0,3.0,3.0,3.0,1.0,1.0,10.0,6.0,96.0,12.0,,16.0,217.4500538,71.48094718,9.599580225,0.476581004,202.0,101.0,50.0,40.0,20.0,43.0,21.0,0.446171825,0.312320277,2.66817124,0.091054448,4.660139318,20.07410621,1.849704617,0.099101328,0.055197534,0.036071589,56.0,28.0,14.0,11.0,5.0,34.5637564,,,0.116135297,0.003591813,47.51733177,8.233479398,0.575682332,0.01028862,2.01762128,0.320701555,2.338322835,0.928105789,0.179592871,1.10769866,1.10769866,14.17647059,Kyren Williams,LAR,DRAFT,7,4430737,6,Husky Express,RB,"{'1': {'team': 'DET', 'date': datetime.datetime(2024, 9, 8, 20, 20)}, '2': {'team': 'ARI', 'date': datetime.datetime(2024, 9, 15, 16, 5)}, '3': {'team': 'SF', 'date': datetime.datetime(2024, 9, 22, 16, 25)}, '4': {'team': 'CHI', 'date': datetime.datetime(2024, 9, 29, 13, 0)}, '5': {'team': 'GB', 'date': datetime.datetime(2024, 10, 6, 16, 25)}, '7': {'team': 'LV', 'date': datetime.datetime(2024, 10, 20, 16, 5)}, '8': {'team': 'MIN', 'date': datetime.datetime(2024, 10, 24, 20, 15)}, '9': {'team': 'SEA', 'date': datetime.datetime(2024, 11, 3, 16, 25)}, '10': {'team': 'MIA', 'date': datetime.datetime(2024, 11, 11, 20, 15)}, '11': {'team': 'NE', 'date': datetime.datetime(2024, 11, 17, 13, 0)}, '12': {'team': 'PHI', 'date': datetime.datetime(2024, 11, 24, 20, 20)}, '13': {'team': 'NO', 'date': datetime.datetime(2024, 12, 1, 16, 5)}, '14': {'team': 'BUF', 'date': datetime.datetime(2024, 12, 8, 16, 25)}, '15': {'team': 'SF', 'date': datetime.datetime(2024, 12, 12, 20, 15)}, '16': {'team': 'NYJ', 'date': datetime.datetime(2024, 12, 22, 13, 0)}, '17': {'team': 'ARI', 'date': datetime.datetime(2024, 12, 28, 20, 0)}, '18': {'team': 'SEA', 'date': datetime.datetime(2025, 1, 5, 16, 25)}}","['RB', 'RB/WR', 'RB/WR/TE', 'OP', 'BE', 'IR']",RB,,,,,,,,,,,0.1368,,220.8,,,22.0,8.0,,1.0,,,,,,,,,,,,,,,,,,,,,,,,2.0,,,,,,,,,,,,,,,,,,,,,,,,,,,,,,1.0,,1.0,,,,,,,,,,,,,,,,,,,,,,,,,,,,,,,,,,,,,,,,,,,,,,,,,,,,,,,,12.0,1.0,,,,,,,,,,,,,,,,,,,,,,,,,,,,,,,,,,,,,,,,,,,,,,,,,,,,,,,,,,,,,,,,,1.0,,,,,,,,,,,,,,,,,,,,,,,,,,,,,,,,,,,,,,,,,,,,2024,,,,85.0,6.0,,,,,,,,,,,,,,,,,,,,,,,,,,,,,56.65528285,15.33248232,,
273.0,16.06,225.44,15.03,1.0,-0.17647059,,,,,,,,,,,,,,-3.0,100.0,74.76470588,9.0,246.0,119.0,55.0,43.0,19.0,14.0,158.0,327.0,12.71,,,,,,4.0,4.0,8.0,9.0,54.0,,1.0,17.0,,,,,,,,,,,,,,,,,67.55139287,6.824192132,0.346381327,0.191336612,0.125038476,204.0,102.0,51.0,40.0,20.0,83.29458229,,,2.660110772,0.082271467,127.0351086,12.26031859,0.346381327,0.006004666,,1.364696772,1.364696772,,0.764230192,0.764230192,0.764230192,15.11764706,Drake London,ATL,DRAFT,5,4426502,6,Husky Express,BE,"{'1': {'team': 'PIT', 'date': datetime.datetime(2024, 9, 8, 13, 0)}, '2': {'team': 'PHI', 'date': datetime.datetime(2024, 9, 16, 20, 15)}, '3': {'team': 'KC', 'date': datetime.datetime(2024, 9, 22, 20, 20)}, '4': {'team': 'NO', 'date': datetime.datetime(2024, 9, 29, 13, 0)}, '5': {'team': 'TB', 'date': datetime.datetime(2024, 10, 3, 20, 15)}, '6': {'team': 'CAR', 'date': datetime.datetime(2024, 10, 13, 16, 25)}, '7': {'team': 'SEA', 'date': datetime.datetime(2024, 10, 20, 13, 0)}, '8': {'team': 'TB', 'date': datetime.datetime(2024, 10, 27, 13, 0)}, '9': {'team': 'DAL', 'date': datetime.datetime(2024, 11, 3, 13, 0)}, '10': {'team': 'NO', 'date': datetime.datetime(2024, 11, 10, 13, 0)}, '11': {'team': 'DEN', 'date': datetime.datetime(2024, 11, 17, 16, 5)}, '13': {'team': 'LAC', 'date': datetime.datetime(2024, 12, 1, 13, 0)}, '14': {'team': 'MIN', 'date': datetime.datetime(2024, 12, 8, 13, 0)}, '15': {'team': 'LV', 'date': datetime.datetime(2024, 12, 16, 20, 30)}, '16': {'team': 'NYG', 'date': datetime.datetime(2024, 12, 22, 13, 0)}, '17': {'team': 'WSH', 'date': datetime.datetime(2024, 12, 29, 20, 20)}, '18': {'team': 'CAR', 'date': datetime.datetime(2025, 1, 5, 13, 0)}}","['RB/WR', 'WR', 'WR/TE', 'RB/WR/TE', 'OP', 'BE', 'IR']",BE,,,3.0,3.0,,,,,,,,,,,,,,2.0,4.0,2.0,,,,,,,,,,,,,,,,,,,,,,,,,,,,,,,,,,,,,,,,,,,,,,,,,,,,,2.0,,,,,,,,,,,,,,,,,,,,,,,,,,,,,,,,,,,,,,,,,,,,,,,,,,,,,,,,,,,,,,,,,,,,,,,,,,,,,,,,,,,,,,,,,,,,,,,,,,,,,,,,,,,,,,,,,,,,,,,,,,,,,,,,,,,,,,,,,,,,,,,,,,,,,,,,,,,,,,,,,,,,,,,,2024,,,,,67.0,,,,,,,,,,,,,,,,,,,,,,,,,,,,,,48.78758074,,
230.0,15.33,174.85,11.66,,,,,,,,,,,,,,,,,78.0,73.73333333,8.0,216.0,104.0,49.0,39.0,16.0,9.0,94.0,522.0,14.17948718,,,,,,3.0,3.0,6.0,9.0,48.0,,,15.0,,,,,,,,,,,,,,,,,55.953453,4.692709331,0.207141311,0.379300498,0.247872875,169.0,84.0,42.0,33.0,16.0,62.88907319,,,1.624745615,0.050249864,88.13032689,13.45042169,0.207141311,0.002472356,,0.561898999,0.561898999,,0.31466344,0.31466344,0.31466344,15.11764706,George Kittle,SF,DRAFT,3,3040151,6,Husky Express,TE,"{'1': {'team': 'NYJ', 'date': datetime.datetime(2024, 9, 9, 20, 15)}, '2': {'team': 'MIN', 'date': datetime.datetime(2024, 9, 15, 13, 0)}, '3': {'team': 'LAR', 'date': datetime.datetime(2024, 9, 22, 16, 25)}, '4': {'team': 'NE', 'date': datetime.datetime(2024, 9, 29, 16, 5)}, '5': {'team': 'ARI', 'date': datetime.datetime(2024, 10, 6, 16, 5)}, '6': {'team': 'SEA', 'date': datetime.datetime(2024, 10, 10, 20, 15)}, '7': {'team': 'KC', 'date': datetime.datetime(2024, 10, 20, 16, 25)}, '8': {'team': 'DAL', 'date': datetime.datetime(2024, 10, 27, 20, 20)}, '10': {'team': 'TB', 'date': datetime.datetime(2024, 11, 10, 13, 0)}, '11': {'team': 'SEA', 'date': datetime.datetime(2024, 11, 17, 16, 5)}, '12': {'team': 'GB', 'date': datetime.datetime(2024, 11, 24, 16, 25)}, '13': {'team': 'BUF', 'date': datetime.datetime(2024, 12, 1, 20, 20)}, '14': {'team': 'CHI', 'date': datetime.datetime(2024, 12, 8, 16, 25)}, '15': {'team': 'LAR', 'date': datetime.datetime(2024, 12, 12, 20, 15)}, '16': {'team': 'MIA', 'date': datetime.datetime(2024, 12, 22, 16, 25)}, '17': {'team': 'DET', 'date': datetime.datetime(2024, 12, 30, 20, 15)}, '18': {'team': 'ARI', 'date': datetime.datetime(2025, 1, 5, 16, 25)}}","['WR/TE', 'TE', 'RB/WR/TE', 'OP', 'BE', 'IR']",TE,,,4.0,4.0,,,,,,,,,,,,,,,5.0,,,,,,,,,,,,,,,,,,,,,,,,,,,,,,,,,,,,,,,,,,,,,,,,,,,,,,3.0,,,,,,,,,,,,,,,,,,,,,,,,,,,,,,,,,,,,,,,,,,,,,,,,,,,,,,,,1.0,,,,,,,,,,,,,,,,,,,,,,,,,,,,,,,,,,,,,,,,,,,,,,,,,,,,,,,,,,,,,,,,,,,,,,,,,,,,,,,,,,,,,,,,,,,,,,,,,,,,,,,,,,,,,,,,2024,,,,,50.0,,,,,,,,,,,,,,,,,,,,,,,,,,,,,,38.42988382,,
262.0,15.41,192.47,12.83,2.0,0.11764706,,,,,,,,,,,,,,1.0,82.0,64.47058824,13.0,213.0,104.0,47.0,36.0,17.0,11.0,117.0,292.0,13.36585366,1.0,1.0,1.0,1.0,1.0,1.0,1.0,12.0,5.0,78.0,,1.0,17.0,,,,,,,,,,,,,,,,,66.14428932,3.245547644,0.178978171,0.199884985,0.130624838,199.0,99.0,49.0,39.0,19.0,74.58715137,,,2.518685972,0.077897504,123.061415,13.40641119,0.178978171,0.003796687,,0.862883426,0.862883426,,0.483214719,0.483214719,0.483214719,15.11764706,Terry McLaurin,WSH,DRAFT,7,3121422,6,Husky Express,WR,"{'1': {'team': 'TB', 'date': datetime.datetime(2024, 9, 8, 16, 25)}, '2': {'team': 'NYG', 'date': datetime.datetime(2024, 9, 15, 13, 0)}, '3': {'team': 'CIN', 'date': datetime.datetime(2024, 9, 23, 20, 15)}, '4': {'team': 'ARI', 'date': datetime.datetime(2024, 9, 29, 16, 5)}, '5': {'team': 'CLE', 'date': datetime.datetime(2024, 10, 6, 13, 0)}, '6': {'team': 'BAL', 'date': datetime.datetime(2024, 10, 13, 13, 0)}, '7': {'team': 'CAR', 'date': datetime.datetime(2024, 10, 20, 16, 5)}, '8': {'team': 'CHI', 'date': datetime.datetime(2024, 10, 27, 16, 25)}, '9': {'team': 'NYG', 'date': datetime.datetime(2024, 11, 3, 13, 0)}, '10': {'team': 'PIT', 'date': datetime.datetime(2024, 11, 10, 13, 0)}, '11': {'team': 'PHI', 'date': datetime.datetime(2024, 11, 14, 20, 15)}, '12': {'team': 'DAL', 'date': datetime.datetime(2024, 11, 24, 13, 0)}, '13': {'team': 'TEN', 'date': datetime.datetime(2024, 12, 1, 13, 0)}, '15': {'team': 'NO', 'date': datetime.datetime(2024, 12, 15, 13, 0)}, '16': {'team': 'PHI', 'date': datetime.datetime(2024, 12, 22, 13, 0)}, '17': {'team': 'ATL', 'date': datetime.datetime(2024, 12, 29, 20, 20)}, '18': {'team': 'DAL', 'date': datetime.datetime(2025, 1, 5, 13, 0)}}","['RB/WR', 'WR', 'WR/TE', 'RB/WR/TE', 'OP', 'BE', 'IR']",WR,1.0,1.0,5.0,5.0,,,,,,,,,,,,,,,6.0,1.0,,,,,,,,,,,,,,,,,,,,,,,,,,,,,,,,,,,,,,,,,,,,,,,,,,,,,4.0,,,,,,,,,,,,,,,,,,,,,,,,,,,,,,,,,,,,,,,,,,,,,,,,,,,,,,,,,,,,,,,,,,,,,,,,,,,,,,,,,,,,,,,,,,,,,,,,,,,,,,,,,,,,,,,,,,,,,,,,,,,,,,,,,,,,,,,,,,,,,,,,,,,,,,,,,,,,,,,,,,,,,,,,2024,,,,,55.0,,,,,,,,,,,,,,,,,,,,,,,,,,,,,,44.75290563,,
343.0,20.18,254.56,16.97,148.0,52.41176471,6.0,171.0,81.0,37.0,28.0,9.0,1.0,22.0,6.0,,,1.0,,6.02027027,,,,,,,,,,,,,3.0,5.0,,,9.0,,1.0,12.0,5.0,188.0,5.0,,17.0,106.3198616,39.15028306,5.088372436,0.218264907,117.0,58.0,29.0,23.0,11.0,21.0,10.0,0.207768498,0.145437949,1.007388214,0.034378295,5.52346699,,,,,,,,,,,,,,,,,,1.156439974,0.038530683,1.426317561,,8.75697338,0.656106078,,4.174820871,17.69644198,15.0,Jayden Daniels,WSH,DRAFT,5,4426348,6,Husky Express,QB,"{'1': {'team': 'TB', 'date': datetime.datetime(2024, 9, 8, 16, 25)}, '2': {'team': 'NYG', 'date': datetime.datetime(2024, 9, 15, 13, 0)}, '3': {'team': 'CIN', 'date': datetime.datetime(2024, 9, 23, 20, 15)}, '4': {'team': 'ARI', 'date': datetime.datetime(2024, 9, 29, 16, 5)}, '5': {'team': 'CLE', 'date': datetime.datetime(2024, 10, 6, 13, 0)}, '6': {'team': 'BAL', 'date': datetime.datetime(2024, 10, 13, 13, 0)}, '7': {'team': 'CAR', 'date': datetime.datetime(2024, 10, 20, 16, 5)}, '8': {'team': 'CHI', 'date': datetime.datetime(2024, 10, 27, 16, 25)}, '9': {'team': 'NYG', 'date': datetime.datetime(2024, 11, 3, 13, 0)}, '10': {'team': 'PIT', 'date': datetime.datetime(2024, 11, 10, 13, 0)}, '11': {'team': 'PHI', 'date': datetime.datetime(2024, 11, 14, 20, 15)}, '12': {'team': 'DAL', 'date': datetime.datetime(2024, 11, 24, 13, 0)}, '13': {'team': 'TEN', 'date': datetime.datetime(2024, 12, 1, 13, 0)}, '15': {'team': 'NO', 'date': datetime.datetime(2024, 12, 15, 13, 0)}, '16': {'team': 'PHI', 'date': datetime.datetime(2024, 12, 22, 13, 0)}, '17': {'team': 'ATL', 'date': datetime.datetime(2024, 12, 29, 20, 20)}, '18': {'team': 'DAL', 'date': datetime.datetime(2025, 1, 5, 13, 0)}}","['Rookie', 'QB', 'OP', 'BE', 'IR']",QB,,,,,,,,,,,,,,,,,,,,,480.0,331.0,149.0,209.88235294,25.0,706.0,347.0,170.0,138.0,64.0,29.0,60.0,26.0,25.0,8.0,4.0,2.0,1.0,2.0,9.0,0.68958333,47.0,3.0,14.0,5.0,1.0,1.0,505.9328275,315.2293085,190.703519,231.0368176,15.21986693,693.0,346.0,173.0,138.0,69.0,34.0,63.0,31.0,2.731720864,1.785179585,2.516435589,0.339904467,0.938175068,13.52162111,0.623065536,40.50531025,7.330655818,3.518714793,,,,1.0,1.0,,,,,,,,,,,,,,,,,,,,,,,,,,,,,,,,,,,,,,,,,,,,,,,,,,,,,,,,,,,,,,,,,,,,,,,,,,,,,,,,,,,,,,,,,,,,,,,,,,,,,,,,,,,,,,,,,,,,,,,,,,,,,,,1.0,,,,,,,,,,,,,,,,,,,,,,,,,,,,,,,,,,,,,,,2024,,,169.0,55.0,,,,,,,,,,,,,,,,,,,,,,,,,,,,,,31.90971545,,166.3525978,
234.0,13.76,188.92,12.59,,,,,,,,,,,,,,,,,81.0,63.58823529,8.0,211.0,102.0,46.0,37.0,15.0,10.0,135.0,179.0,13.34567901,,1.0,,1.0,1.0,2.0,2.0,10.0,7.0,54.0,,1.0,17.0,,,,,,,,,,,,,,,,,59.30068522,4.957287726,0.272492934,0.140178154,0.091606424,179.0,89.0,44.0,35.0,17.0,71.18628383,,,1.8938616,0.058573039,120.1007508,12.59353321,0.272492934,0.006264393,,1.423725677,1.423725677,,0.797286379,0.797286379,0.797286379,15.11764706,Courtland Sutton,DEN,DRAFT,12,3128429,6,Husky Express,WR,"{'1': {'team': 'SEA', 'date': datetime.datetime(2024, 9, 8, 16, 5)}, '2': {'team': 'PIT', 'date': datetime.datetime(2024, 9, 15, 16, 25)}, '3': {'team': 'TB', 'date': datetime.datetime(2024, 9, 22, 13, 0)}, '4': {'team': 'NYJ', 'date': datetime.datetime(2024, 9, 29, 13, 0)}, '5': {'team': 'LV', 'date': datetime.datetime(2024, 10, 6, 16, 5)}, '6': {'team': 'LAC', 'date': datetime.datetime(2024, 10, 13, 16, 5)}, '7': {'team': 'NO', 'date': datetime.datetime(2024, 10, 17, 20, 15)}, '8': {'team': 'CAR', 'date': datetime.datetime(2024, 10, 27, 16, 25)}, '9': {'team': 'BAL', 'date': datetime.datetime(2024, 11, 3, 13, 0)}, '10': {'team': 'KC', 'date': datetime.datetime(2024, 11, 10, 13, 0)}, '11': {'team': 'ATL', 'date': datetime.datetime(2024, 11, 17, 16, 5)}, '12': {'team': 'LV', 'date': datetime.datetime(2024, 11, 24, 16, 5)}, '13': {'team': 'CLE', 'date': datetime.datetime(2024, 12, 2, 20, 15)}, '15': {'team': 'IND', 'date': datetime.datetime(2024, 12, 15, 16, 25)}, '16': {'team': 'LAC', 'date': datetime.datetime(2024, 12, 19, 20, 15)}, '17': {'team': 'CIN', 'date': datetime.datetime(2024, 12, 28, 16, 30)}, '18': {'team': 'KC', 'date': datetime.datetime(2025, 1, 5, 16, 25)}}","['RB/WR', 'WR', 'WR/TE', 'RB/WR/TE', 'OP', 'BE', 'IR']",WR,,,3.0,3.0,1.0,1.0,,,,,,,,,,,,,3.0,1.0,2.0,2.0,,1.76470588,1.0,5.0,2.0,1.0,1.0,,,,,,,,,,,,1.0,,,1.0,,,,,,,,,,,,,,,,,,,,,,,,,,,,,3.0,,,,,,,,,,,,,,,,,,,,,,,,,,,,,,,,,,,,,,,,,,,,,,,,,,,,,,,,,,,,,,,,,,,,,,,,,,,,,,,,,,,,,,,,,,,,,,,,,,,,,,,,,,,,,,,,,,,,,,,,,,,,,,,,,,,,,,,,,,,,,,,,,,,,,,,,,,,,,,,,,,,,,,,,2024,,,2.0,,57.0,,,,,,,,,,,,,,,,,,,,,,,,,,,,,,41.82469425,,
233.0,13.71,111.08,7.93,207.0,66.0,8.0,215.0,105.0,50.0,34.0,14.0,3.0,33.0,11.0,,,3.0,,5.42028986,47.0,23.05882353,,73.0,35.0,13.0,9.0,3.0,2.0,52.0,528.0,8.34042553,3.0,2.0,1.0,1.0,1.0,1.0,1.0,10.0,7.0,48.0,6.0,,17.0,103.3748758,31.54307038,2.358591359,0.15303436,89.0,44.0,22.0,17.0,8.0,20.0,10.0,0.200295598,0.140206919,0.518110546,0.017681125,4.325706863,13.61811424,1.056761832,0.04959937,0.041884076,0.027371244,38.0,19.0,9.0,7.0,3.0,26.59499491,,,0.072207909,0.002233234,34.96601537,7.259140176,0.20263373,0.004690437,0.847877179,0.218131234,1.066008413,0.390023502,0.122153491,0.512176994,0.512176994,14.17647059,Bucky Irving,TB,ADD,12,4596448,6,Husky Express,RB/WR/TE,"{'1': {'team': 'WSH', 'date': datetime.datetime(2024, 9, 8, 16, 25)}, '2': {'team': 'DET', 'date': datetime.datetime(2024, 9, 15, 13, 0)}, '3': {'team': 'DEN', 'date': datetime.datetime(2024, 9, 22, 13, 0)}, '4': {'team': 'PHI', 'date': datetime.datetime(2024, 9, 29, 13, 0)}, '5': {'team': 'ATL', 'date': datetime.datetime(2024, 10, 3, 20, 15)}, '6': {'team': 'NO', 'date': datetime.datetime(2024, 10, 13, 13, 0)}, '7': {'team': 'BAL', 'date': datetime.datetime(2024, 10, 21, 20, 15)}, '8': {'team': 'ATL', 'date': datetime.datetime(2024, 10, 27, 13, 0)}, '9': {'team': 'KC', 'date': datetime.datetime(2024, 11, 4, 20, 15)}, '10': {'team': 'SF', 'date': datetime.datetime(2024, 11, 10, 13, 0)}, '12': {'team': 'NYG', 'date': datetime.datetime(2024, 11, 24, 13, 0)}, '13': {'team': 'CAR', 'date': datetime.datetime(2024, 12, 1, 16, 5)}, '14': {'team': 'LV', 'date': datetime.datetime(2024, 12, 8, 13, 0)}, '15': {'team': 'LAC', 'date': datetime.datetime(2024, 12, 15, 16, 25)}, '16': {'team': 'DAL', 'date': datetime.datetime(2024, 12, 22, 20, 20)}, '17': {'team': 'CAR', 'date': datetime.datetime(2024, 12, 29, 13, 0)}, '18': {'team': 'NO', 'date': datetime.datetime(2025, 1, 5, 13, 0)}}","['Rookie', 'RB', 'RB/WR', 'RB/WR/TE', 'OP', 'BE', 'IR']",RB/WR/TE,,,,,,,176.0,15.0,4.0,0.264739541,,868.6766195,,86.0,34.0,,,,,,,,,,,,,,,,,,,,,,,,,,,,2.0,,,,,,,,,,,,,,,,,,,,,,,,,,,,,,,,2.0,,,,,,,,,,,,,,,,,,,,,,,,,,,,,,,,,,,,,,,,,,,,,,,,,,,,,,,,,,,,,,,,,,,,,,,,,,,,,,,,,,,,,,,,,,,,,,,,,,,,,,,,,,,,,,,,,,,,,,,,,,,,,,,,,,,,,,,,,,,,,,,,,,,,,,,,,,,,,,,,,,,,,,2024,,,,52.0,16.0,,,,,,,,,,,,,,,,,,,,,,,,,,,,,25.20949558,10.66804178,,
255.0,17.0,258.76,17.25,66.0,21.53333333,5.0,59.0,27.0,9.0,7.0,1.0,,7.0,1.0,,,,,4.89393939,,,,,,,,,,,,,2.0,7.0,,3.0,15.0,1.0,1.0,6.0,9.0,150.0,4.0,,15.0,46.76723345,11.53952982,2.318648444,0.071236759,34.0,17.0,8.0,6.0,3.0,9.0,4.0,0.088240291,0.061768204,0.086634337,0.002956498,3.701158579,,,,,,,,,,,,,,,,,,1.139041423,0.026824333,0.513376811,,6.096439316,0.236153333,,2.916023336,13.6616295,15.0,Brock Purdy,SF,ADD,13,4361741,6,Husky Express,BE,"{'1': {'team': 'NYJ', 'date': datetime.datetime(2024, 9, 9, 20, 15)}, '2': {'team': 'MIN', 'date': datetime.datetime(2024, 9, 15, 13, 0)}, '3': {'team': 'LAR', 'date': datetime.datetime(2024, 9, 22, 16, 25)}, '4': {'team': 'NE', 'date': datetime.datetime(2024, 9, 29, 16, 5)}, '5': {'team': 'ARI', 'date': datetime.datetime(2024, 10, 6, 16, 5)}, '6': {'team': 'SEA', 'date': datetime.datetime(2024, 10, 10, 20, 15)}, '7': {'team': 'KC', 'date': datetime.datetime(2024, 10, 20, 16, 25)}, '8': {'team': 'DAL', 'date': datetime.datetime(2024, 10, 27, 20, 20)}, '10': {'team': 'TB', 'date': datetime.datetime(2024, 11, 10, 13, 0)}, '11': {'team': 'SEA', 'date': datetime.datetime(2024, 11, 17, 16, 5)}, '12': {'team': 'GB', 'date': datetime.datetime(2024, 11, 24, 16, 25)}, '13': {'team': 'BUF', 'date': datetime.datetime(2024, 12, 1, 20, 20)}, '14': {'team': 'CHI', 'date': datetime.datetime(2024, 12, 8, 16, 25)}, '15': {'team': 'LAR', 'date': datetime.datetime(2024, 12, 12, 20, 15)}, '16': {'team': 'MIA', 'date': datetime.datetime(2024, 12, 22, 16, 25)}, '17': {'team': 'DET', 'date': datetime.datetime(2024, 12, 30, 20, 15)}, '18': {'team': 'ARI', 'date': datetime.datetime(2025, 1, 5, 16, 25)}}","['QB', 'OP', 'BE', 'IR']",BE,,,,,,,,,,,,,,,,,,,,,455.0,300.0,155.0,257.6,20.0,766.0,380.0,185.0,148.0,70.0,31.0,54.0,22.0,25.0,8.0,2.0,1.0,5.0,,12.0,0.65934066,31.0,5.0,10.0,6.0,,1.0,476.3121696,317.8857317,158.4264379,260.3945824,24.18240275,781.0,390.0,195.0,156.0,78.0,39.0,63.0,31.0,3.406434127,2.226104702,3.928634151,0.530655464,1.067804664,10.74560616,0.667389481,32.2896641,5.583062505,2.679870002,,,,,1.0,,,,,,,,,,,,,,,,,,,,,,,,,,,,,,,,,,,,,,,,,,,,,,,,,,,,,,,,,,,,,,,,,,,,,,,,,,,,,,,,,,,,,,,,,,,,,,,,,,,,,,,,,,,,,,,,,,,,,,,,,,3.0,,,,,,,,,,,,,,,,,,,,,,,,,,,,,,,,,,,,,,,,,,,,2024,,,178.0,33.0,,,,,,,,,,,,,,,,,,,,,,,,,,,,,,12.24258026,,181.1555486,
189.0,11.12,218.5,14.57,8.0,3.23529412,1.0,9.0,3.0,,,,,,,,,,,6.875,64.0,59.82352941,4.0,196.0,94.0,43.0,34.0,12.0,7.0,120.0,231.0,15.890625,1.0,1.0,1.0,1.0,1.0,2.0,2.0,3.0,14.0,30.0,,1.0,17.0,3.638244473,1.245207323,0.144709986,0.008339972,3.0,1.0,,,,,,0.006685442,0.004679809,0.000780206,2.66254e-05,5.174090133,66.15666279,7.34916822,0.368213133,0.175646761,0.114785159,200.0,100.0,50.0,40.0,20.0,72.99097372,,,2.51874431,0.077899309,126.9167331,13.70214737,0.376553105,0.004913492,0.053019431,1.063683305,1.116702736,0.024388938,0.595662651,0.620051589,0.620051589,15.11764706,Calvin Ridley,TEN,ADD,29,3925357,6,Husky Express,BE,"{'1': {'team': 'CHI', 'date': datetime.datetime(2024, 9, 8, 13, 0)}, '2': {'team': 'NYJ', 'date': datetime.datetime(2024, 9, 15, 13, 0)}, '3': {'team': 'GB', 'date': datetime.datetime(2024, 9, 22, 13, 0)}, '4': {'team': 'MIA', 'date': datetime.datetime(2024, 9, 30, 19, 30)}, '6': {'team': 'IND', 'date': datetime.datetime(2024, 10, 13, 13, 0)}, '7': {'team': 'BUF', 'date': datetime.datetime(2024, 10, 20, 13, 0)}, '8': {'team': 'DET', 'date': datetime.datetime(2024, 10, 27, 13, 0)}, '9': {'team': 'NE', 'date': datetime.datetime(2024, 11, 3, 13, 0)}, '10': {'team': 'LAC', 'date': datetime.datetime(2024, 11, 10, 16, 5)}, '11': {'team': 'MIN', 'date': datetime.datetime(2024, 11, 17, 13, 0)}, '12': {'team': 'HOU', 'date': datetime.datetime(2024, 11, 24, 13, 0)}, '13': {'team': 'WSH', 'date': datetime.datetime(2024, 12, 1, 13, 0)}, '14': {'team': 'JAX', 'date': datetime.datetime(2024, 12, 8, 13, 0)}, '15': {'team': 'CIN', 'date': datetime.datetime(2024, 12, 15, 13, 0)}, '16': {'team': 'IND', 'date': datetime.datetime(2024, 12, 22, 13, 0)}, '17': {'team': 'JAX', 'date': datetime.datetime(2024, 12, 29, 13, 0)}, '18': {'team': 'HOU', 'date': datetime.datetime(2025, 1, 5, 13, 0)}}","['RB/WR', 'WR', 'WR/TE', 'RB/WR/TE', 'OP', 'BE', 'IR']",BE,2.0,,1.0,1.0,,,,,,,,,,,,,,1.0,,,,,,,,,,,,,,,,,,,,,,,,,,,,,,,,,,,,,,,,,,,,,,,,,,,,,,,1.0,,1.0,,,,,,,,,,,,,,,,,,,,,,,,,,,,,,,,,,,,,,,,,,,,,,,,,,,,,,,,,,,,,,,,,,,,,,,,,,,,,,,,,,,,,,,,,,,,,,,,,,,,,,,,,,,,,,,,,,,,,,,,,,,,,,,,,,,,,,,,,,,,,,,,,,,,,,,,,,,,,,,,,,,,,,2024,,,,3.0,41.0,,,,,,,,,,,,,,,,,,,,,,,,,,,,,3.036525072,46.07227687,,
135.0,7.94,141.89,8.35,,,,,,,,,,,,,,,,,,,,,,,,,,,,,,,,,,2.0,2.0,12.0,5.0,126.0,,,17.0,,,,,,,,,,,,,,,,,,,,,,,,,,,,,,,,,,,,,,,,,,,17.0,Justin Tucker,BAL,ADD,12,15683,6,Husky Express,K,"{'1': {'team': 'KC', 'date': datetime.datetime(2024, 9, 5, 20, 20)}, '2': {'team': 'LV', 'date': datetime.datetime(2024, 9, 15, 13, 0)}, '3': {'team': 'DAL', 'date': datetime.datetime(2024, 9, 22, 16, 25)}, '4': {'team': 'BUF', 'date': datetime.datetime(2024, 9, 29, 20, 20)}, '5': {'team': 'CIN', 'date': datetime.datetime(2024, 10, 6, 13, 0)}, '6': {'team': 'WSH', 'date': datetime.datetime(2024, 10, 13, 13, 0)}, '7': {'team': 'TB', 'date': datetime.datetime(2024, 10, 21, 20, 15)}, '8': {'team': 'CLE', 'date': datetime.datetime(2024, 10, 27, 13, 0)}, '9': {'team': 'DEN', 'date': datetime.datetime(2024, 11, 3, 13, 0)}, '10': {'team': 'CIN', 'date': datetime.datetime(2024, 11, 7, 20, 15)}, '11': {'team': 'PIT', 'date': datetime.datetime(2024, 11, 17, 13, 0)}, '12': {'team': 'LAC', 'date': datetime.datetime(2024, 11, 25, 20, 15)}, '13': {'team': 'PHI', 'date': datetime.datetime(2024, 12, 1, 16, 25)}, '15': {'team': 'NYG', 'date': datetime.datetime(2024, 12, 15, 13, 0)}, '16': {'team': 'PIT', 'date': datetime.datetime(2024, 12, 21, 16, 30)}, '17': {'team': 'HOU', 'date': datetime.datetime(2024, 12, 25, 16, 30)}, '18': {'team': 'CLE', 'date': datetime.datetime(2025, 1, 4, 16, 30)}}","['K', 'BE', 'IR']",K,,,,,,,,,,,,,,,,,,,,,,,,,,,,,,,,,,,,,,,,,,,,,,,,,,,,,,,,,,,,,,,,,,,,,,,,,,,,,,6.0,11.0,5.0,8.0,3.0,11.0,11.0,,22.0,30.0,8.0,60.0,62.0,2.0,6.0,11.0,4.622432766,6.561245769,1.938813003,7.461598239,9.12727753,1.665679291,16.46551991,16.7928914,0.327371491,28.54955091,32.4814147,3.931863785,43.46817787,44.7431172,1.274939333,4.622432766,6.561245769,1.938813003,,,,,,,,,,,,,,,,,,,,,,,,,,,,,,,,,,,,,,,,,,,,,,,,,,,,,,,,,,,,,,,,,,,,,,,,,,,,,,,,,,,,,,,5.0,5.0,,,,,,,,,,,,,,,,,,,,,,,,,,,,,,,,,,,,,,,,,,2024,,,,,,883.0,402.0,1285.0,172.0,84.0,39.0,29.0,12.0,2.0,79.0,38.0,17.0,14.0,6.0,253.0,124.0,58.0,45.0,19.0,5.0,,1.0,1079.348887,189.472615,1268.821502,,,,,,,
71.0,4.18,98.63,5.8,,,,,,,,,,,,,,,,,,,,,,,,,,,,,,,,,,756.0,1251.0,8.0,9.0,,,,17.0,,,,,,,,,,,,,,,,,,,,,,,,,,,,,,,,,,,,,,,,,,,17.0,Colts D/ST,IND,ADD,22,-16011,6,Husky Express,D/ST,"{'1': {'team': 'HOU', 'date': datetime.datetime(2024, 9, 8, 13, 0)}, '2': {'team': 'GB', 'date': datetime.datetime(2024, 9, 15, 13, 0)}, '3': {'team': 'CHI', 'date': datetime.datetime(2024, 9, 22, 13, 0)}, '4': {'team': 'PIT', 'date': datetime.datetime(2024, 9, 29, 13, 0)}, '5': {'team': 'JAX', 'date': datetime.datetime(2024, 10, 6, 13, 0)}, '6': {'team': 'TEN', 'date': datetime.datetime(2024, 10, 13, 13, 0)}, '7': {'team': 'MIA', 'date': datetime.datetime(2024, 10, 20, 13, 0)}, '8': {'team': 'HOU', 'date': datetime.datetime(2024, 10, 27, 13, 0)}, '9': {'team': 'MIN', 'date': datetime.datetime(2024, 11, 3, 20, 20)}, '10': {'team': 'BUF', 'date': datetime.datetime(2024, 11, 10, 13, 0)}, '11': {'team': 'NYJ', 'date': datetime.datetime(2024, 11, 17, 13, 0)}, '12': {'team': 'DET', 'date': datetime.datetime(2024, 11, 24, 13, 0)}, '13': {'team': 'NE', 'date': datetime.datetime(2024, 12, 1, 13, 0)}, '15': {'team': 'DEN', 'date': datetime.datetime(2024, 12, 15, 16, 25)}, '16': {'team': 'TEN', 'date': datetime.datetime(2024, 12, 22, 13, 0)}, '17': {'team': 'NYG', 'date': datetime.datetime(2024, 12, 29, 13, 0)}, '18': {'team': 'JAX', 'date': datetime.datetime(2025, 1, 5, 13, 0)}}","['D/ST', 'BE', 'IR']",D/ST,,,,,,,644.0,60.0,22.0,0.397464012,0.171,1681.976615,276.0,168.0,67.0,27.0,11.0,,,,,,,,,,,,,,,,,,,,,,,,,,,,,,,,,,,,,,,,,,,,,,,,,,,,,,,,,495.0,,,18.0,,,,,,,,,,,,,,,,,,,,,,,,,,,,,,,,,,,9.0,0.0,0.0,1.0,3.0,1.0,16.0,1.0,,36.0,72.0,,,,1.0,413.0,243.0,93.0,56.0,256.0,19.0,4.0,415.0,1.0,8.0,2.0,2.0,6140.0,0.0,1.0,2.0,3.0,5.0,5.0,1.0,0.0,0.0,0.0,0.0,1.0,3.0,1.0,8.0,2.0,2.0,0.160633937,0.722427757,2.685731427,2.651734827,0.117773667,1.886915672,13.45035712,9.236039183,1.759155815,0.21830734,41.05944755,82.11889511,1.315492821,0.571422851,2.573153352,14.54295318,1091.001359,363.0,218.0,62.30472758,380.5747031,2.464753525,3.799120088,2.898210179,1.436356364,0.181031897,22.38674724,5960.872132,0.425,3.74,3.655,3.995,2.89,1.53,0.595,0.17,350.6395371,,,,,,,,,,1.0,,,,,,,,,,,,,,,,,,,,,,,,,,,,,,,,,,,,,,2024,,,,,,,,,,,,,,,,,,,,,,,,,,,,,,,,,,,,,46.40656343
86.0,5.06,28.05,1.87,,,,,,,,,,,,,,,,,40.0,24.17647059,2.0,77.0,36.0,15.0,9.0,4.0,3.0,53.0,183.0,10.275,,1.0,,1.0,1.0,,1.0,4.0,13.0,12.0,,,17.0,,,,,,,,,,,,,,,,,7.817180452,0.880968993,0.054375802,0.095950792,0.062703843,23.0,11.0,5.0,4.0,2.0,11.79979596,,,0.048888679,0.001512021,17.25324123,10.01520496,0.054375802,0.000594599,,0.135136158,0.135136158,,0.075676249,0.075676249,0.075676249,15.11764706,Brenton Strange,JAX,ADD,31,4430539,6,Husky Express,BE,"{'1': {'team': 'MIA', 'date': datetime.datetime(2024, 9, 8, 13, 0)}, '2': {'team': 'CLE', 'date': datetime.datetime(2024, 9, 15, 13, 0)}, '3': {'team': 'BUF', 'date': datetime.datetime(2024, 9, 23, 19, 30)}, '4': {'team': 'HOU', 'date': datetime.datetime(2024, 9, 29, 13, 0)}, '5': {'team': 'IND', 'date': datetime.datetime(2024, 10, 6, 13, 0)}, '6': {'team': 'CHI', 'date': datetime.datetime(2024, 10, 13, 9, 30)}, '7': {'team': 'NE', 'date': datetime.datetime(2024, 10, 20, 9, 30)}, '8': {'team': 'GB', 'date': datetime.datetime(2024, 10, 27, 13, 0)}, '9': {'team': 'PHI', 'date': datetime.datetime(2024, 11, 3, 16, 5)}, '10': {'team': 'MIN', 'date': datetime.datetime(2024, 11, 10, 13, 0)}, '11': {'team': 'DET', 'date': datetime.datetime(2024, 11, 17, 13, 0)}, '13': {'team': 'HOU', 'date': datetime.datetime(2024, 12, 1, 13, 0)}, '14': {'team': 'TEN', 'date': datetime.datetime(2024, 12, 8, 13, 0)}, '15': {'team': 'NYJ', 'date': datetime.datetime(2024, 12, 15, 13, 0)}, '16': {'team': 'LV', 'date': datetime.datetime(2024, 12, 22, 16, 25)}, '17': {'team': 'TEN', 'date': datetime.datetime(2024, 12, 29, 13, 0)}, '18': {'team': 'IND', 'date': datetime.datetime(2025, 1, 5, 13, 0)}}","['WR/TE', 'TE', 'RB/WR/TE', 'OP', 'BE', 'IR']",BE,,,,,1.0,1.0,,,,,,,,,,,,1.0,2.0,,,,,,,,,,,,,,,,,,,,,,,,,,,,,,,,,,,,,,,,,,,,,,,,,,,,,,,1.0,,,,,,,,,,,,,,,,,,,,,,,,,,,,,,,,,,,,,,,,,,,,,,,,,,,,,,,,,,,,,,,,,,,,,,,,,,,,,,,,,,,,,,,,,,,,,,,,,,,,,,,,,,,,,,,,,,,,,,,,,,,,,,,,,,,,,,,,,,,,,,,,,,,,,,,,,,,,,,,,,,,,,,,2024,,,,,21.0,,,,,,,,,,,,,,,,,,,,,,,,,,,,,,5.158962881,,
25.0,4.17,60.87,6.09,39.0,24.66666667,1.0,28.0,12.0,4.0,3.0,,,5.0,1.0,,,,,3.79487179,5.0,5.5,,6.0,2.0,,,,,8.0,33.0,6.6,,,,,,,,1.0,5.0,6.0,1.0,,6.0,45.85805294,18.69696618,1.050041471,0.060361757,40.0,20.0,10.0,8.0,4.0,9.0,4.0,0.086852017,0.060796412,0.134717318,0.004597385,4.364937181,12.5780919,0.774260529,0.038703279,0.047143645,0.030808372,26.0,13.0,6.0,5.0,2.0,17.1310628,,,0.050821724,0.001571806,21.84603881,7.860549789,0.099065036,0.001888439,0.312464349,0.116726421,0.42919077,0.143733601,0.065366796,0.209100397,0.209100397,10.70588235,Kendre Miller,NO,ADD,86,4599739,6,Husky Express,BE,"{'1': {'team': 'CAR', 'date': datetime.datetime(2024, 9, 8, 13, 0)}, '2': {'team': 'DAL', 'date': datetime.datetime(2024, 9, 15, 13, 0)}, '3': {'team': 'PHI', 'date': datetime.datetime(2024, 9, 22, 13, 0)}, '4': {'team': 'ATL', 'date': datetime.datetime(2024, 9, 29, 13, 0)}, '5': {'team': 'KC', 'date': datetime.datetime(2024, 10, 7, 20, 15)}, '6': {'team': 'TB', 'date': datetime.datetime(2024, 10, 13, 13, 0)}, '7': {'team': 'DEN', 'date': datetime.datetime(2024, 10, 17, 20, 15)}, '8': {'team': 'LAC', 'date': datetime.datetime(2024, 10, 27, 16, 5)}, '9': {'team': 'CAR', 'date': datetime.datetime(2024, 11, 3, 13, 0)}, '10': {'team': 'ATL', 'date': datetime.datetime(2024, 11, 10, 13, 0)}, '11': {'team': 'CLE', 'date': datetime.datetime(2024, 11, 17, 13, 0)}, '13': {'team': 'LAR', 'date': datetime.datetime(2024, 12, 1, 16, 5)}, '14': {'team': 'NYG', 'date': datetime.datetime(2024, 12, 8, 13, 0)}, '15': {'team': 'WSH', 'date': datetime.datetime(2024, 12, 15, 13, 0)}, '16': {'team': 'GB', 'date': datetime.datetime(2024, 12, 23, 20, 15)}, '17': {'team': 'LV', 'date': datetime.datetime(2024, 12, 29, 13, 0)}, '18': {'team': 'TB', 'date': datetime.datetime(2025, 1, 5, 13, 0)}}","['RB', 'RB/WR', 'RB/WR/TE', 'OP', 'BE', 'IR']",BE,,,,,,,176.0,17.0,5.0,,,,,,,,,,,,,,,,,,,,,,,,,,,,,,,,,,,,,,,,,,,,,,,,,,,,,,,,,,,,,,,,,,,,,,,,,,,,,,,,,,,,,,,,,,,,,,,,,,,,,,,,,,,,,,,,,,,,,,,,,,,,,,,,,,,,,,,,,,,,,,,,,,,,,,,,,,,,,,,,,,,,,,,,,,,,,,,,,,,,,,,,,,,,,,,,,,,,,,,,,,,,,,,,,,,,,,,,,,,,,,,,,,,,,,,,2024,,,,11.0,2.0,,,,,,,,,,,,,,,,,,,,,,,,,,,,,11.91201396,7.055534035,,
58.0,3.41,134.98,7.94,,,,,,,,,,,,,,,,,,,,,,,,,,,,,,,,,,699.0,1104.0,3.0,14.0,,,,17.0,,,,,,,,,,,,,,,,,,,,,,,,,,,,,,,,,,,,,,,,,,,17.0,Browns D/ST,CLE,ADD,26,-16005,6,Husky Express,BE,"{'1': {'team': 'DAL', 'date': datetime.datetime(2024, 9, 8, 16, 25)}, '2': {'team': 'JAX', 'date': datetime.datetime(2024, 9, 15, 13, 0)}, '3': {'team': 'NYG', 'date': datetime.datetime(2024, 9, 22, 13, 0)}, '4': {'team': 'LV', 'date': datetime.datetime(2024, 9, 29, 16, 25)}, '5': {'team': 'WSH', 'date': datetime.datetime(2024, 10, 6, 13, 0)}, '6': {'team': 'PHI', 'date': datetime.datetime(2024, 10, 13, 13, 0)}, '7': {'team': 'CIN', 'date': datetime.datetime(2024, 10, 20, 13, 0)}, '8': {'team': 'BAL', 'date': datetime.datetime(2024, 10, 27, 13, 0)}, '9': {'team': 'LAC', 'date': datetime.datetime(2024, 11, 3, 13, 0)}, '11': {'team': 'NO', 'date': datetime.datetime(2024, 11, 17, 13, 0)}, '12': {'team': 'PIT', 'date': datetime.datetime(2024, 11, 21, 20, 15)}, '13': {'team': 'DEN', 'date': datetime.datetime(2024, 12, 2, 20, 15)}, '14': {'team': 'PIT', 'date': datetime.datetime(2024, 12, 8, 13, 0)}, '15': {'team': 'KC', 'date': datetime.datetime(2024, 12, 15, 13, 0)}, '16': {'team': 'CIN', 'date': datetime.datetime(2024, 12, 22, 13, 0)}, '17': {'team': 'MIA', 'date': datetime.datetime(2024, 12, 29, 16, 5)}, '18': {'team': 'BAL', 'date': datetime.datetime(2025, 1, 4, 16, 30)}}","['D/ST', 'BE', 'IR']",BE,,,,,,,1018.0,95.0,33.0,0.386397532,0.171,1267.866901,276.0,126.0,50.0,27.0,11.0,,,,,,,,,,,,,,,,,,,,,,,,,,,,,,,,,,,,,,,,,,,,,,,,,,,,,,,,,405.0,,,12.0,,,,,,,,,,,,,,,,,,,,,,,,,,,,,,,,,,,8.0,0.0,0.0,1.0,0.0,1.0,4.0,1.0,1.0,41.0,82.0,,,,2.0,361.0,215.0,108.0,60.0,450.0,38.0,12.0,417.0,7.0,4.0,4.0,1.0,5816.0,0.0,0.0,5.0,5.0,3.0,3.0,1.0,0.0,0.0,0.0,0.0,1.0,0.0,7.0,4.0,4.0,1.0,0.310716074,1.40460691,4.596895343,3.745618428,0.116257682,1.864459027,13.5139589,8.760544259,1.737525907,0.21420756,46.2324624,92.4649248,1.296607403,0.567851624,2.538114241,12.78511882,997.2175419,332.0,199.0,81.43855478,314.9155847,2.468703055,2.851777666,1.40460691,0.212819229,0.004256385,18.52444616,5417.435342,0.809320972,6.304184415,4.557754949,3.492858933,1.490854422,0.255575044,0.085191681,0.004259584,318.6726672,,,,,,,,,,1.0,,,,1.0,,,,,,,,,,,,,,,,,,,,,,,,,,,,,,,,,,2024,,,,,,,,,,,,,,,,,,,,,,,,,,,,,,,,,,,,,54.9364155
4.0,0.67,0.0,0.0,13.0,8.5,,8.0,3.0,,,,,,,,,,,3.92307692,1.0,-0.33333333,,,,,,,,3.0,2.0,-2.0,,,,,,,,3.0,3.0,,,,6.0,,,,,,,,,,,,,,,,,,,,,,,,,,,,,,,,,,,,,,,,,,,,Mike Boone,CAR,ADD,119,3139033,6,Husky Express,BE,"{'1': {'team': 'NO', 'date': datetime.datetime(2024, 9, 8, 13, 0)}, '2': {'team': 'LAC', 'date': datetime.datetime(2024, 9, 15, 13, 0)}, '3': {'team': 'LV', 'date': datetime.datetime(2024, 9, 22, 16, 5)}, '4': {'team': 'CIN', 'date': datetime.datetime(2024, 9, 29, 13, 0)}, '5': {'team': 'CHI', 'date': datetime.datetime(2024, 10, 6, 13, 0)}, '6': {'team': 'ATL', 'date': datetime.datetime(2024, 10, 13, 16, 25)}, '7': {'team': 'WSH', 'date': datetime.datetime(2024, 10, 20, 16, 5)}, '8': {'team': 'DEN', 'date': datetime.datetime(2024, 10, 27, 16, 25)}, '9': {'team': 'NO', 'date': datetime.datetime(2024, 11, 3, 13, 0)}, '10': {'team': 'NYG', 'date': datetime.datetime(2024, 11, 10, 9, 30)}, '12': {'team': 'KC', 'date': datetime.datetime(2024, 11, 24, 13, 0)}, '13': {'team': 'TB', 'date': datetime.datetime(2024, 12, 1, 16, 5)}, '14': {'team': 'PHI', 'date': datetime.datetime(2024, 12, 8, 13, 0)}, '15': {'team': 'DAL', 'date': datetime.datetime(2024, 12, 15, 13, 0)}, '16': {'team': 'ARI', 'date': datetime.datetime(2024, 12, 22, 13, 0)}, '17': {'team': 'TB', 'date': datetime.datetime(2024, 12, 29, 13, 0)}, '18': {'team': 'ATL', 'date': datetime.datetime(2025, 1, 5, 13, 0)}}","['RB', 'RB/WR', 'RB/WR/TE', 'OP', 'BE', 'IR']",BE,,,,,,,,,,,,,,,,,,,,,,,,,,,,,,,,,,,,,,,,,,,,,,,,,,,,,,,,,,,,,,,,,,,,,,,,,,,,,,,,,,,,,,,,,,,,,,,,,,,,,,,,,,,,,,,,,,,,,,,,,,,,,,,,,,,,,,,,,,,,,,,,,,,,,,,,,,,,,,,,,,,,,,,,,,,,,,,,,,,,,,,,,,,,,,,,,,,,,,,,,,,,,,,,,,,,,,,,,,,,,,,,,,,,,,,,,,,,,,,,,2024,,,,3.0,,,,,,,,,,,,,,,,,,,,,,,,,,,,,,,,,
228.0,14.25,287.83,20.56,209.0,54.75,5.0,168.0,82.0,36.0,29.0,12.0,1.0,36.0,14.0,,,1.0,,4.19138756,57.0,30.1875,3.0,89.0,41.0,16.0,13.0,4.0,6.0,76.0,496.0,8.47368421,5.0,6.0,1.0,2.0,2.0,1.0,1.0,5.0,11.0,52.0,3.0,,16.0,235.1858677,74.02266889,7.982260176,0.440057635,209.0,104.0,52.0,41.0,20.0,47.0,23.0,0.486615246,0.340630672,2.850428724,0.097274196,4.461918561,38.55651828,2.536478972,0.12706237,0.072747401,0.047540426,109.0,54.0,27.0,21.0,10.0,67.81552412,,,0.491462335,0.015199866,85.35112257,8.06003278,0.567120005,0.010475907,1.848015255,0.532872678,2.380887933,0.850087017,0.2984087,1.148495717,1.148495717,14.17647059,Breece Hall,NYJ,DRAFT,15,4427366,8,Flying Eagles,RB,"{'1': {'team': 'SF', 'date': datetime.datetime(2024, 9, 9, 20, 15)}, '2': {'team': 'TEN', 'date': datetime.datetime(2024, 9, 15, 13, 0)}, '3': {'team': 'NE', 'date': datetime.datetime(2024, 9, 19, 20, 15)}, '4': {'team': 'DEN', 'date': datetime.datetime(2024, 9, 29, 13, 0)}, '5': {'team': 'MIN', 'date': datetime.datetime(2024, 10, 6, 9, 30)}, '6': {'team': 'BUF', 'date': datetime.datetime(2024, 10, 14, 20, 15)}, '7': {'team': 'PIT', 'date': datetime.datetime(2024, 10, 20, 20, 20)}, '8': {'team': 'NE', 'date': datetime.datetime(2024, 10, 27, 13, 0)}, '9': {'team': 'HOU', 'date': datetime.datetime(2024, 10, 31, 20, 15)}, '10': {'team': 'ARI', 'date': datetime.datetime(2024, 11, 10, 16, 25)}, '11': {'team': 'IND', 'date': datetime.datetime(2024, 11, 17, 13, 0)}, '13': {'team': 'SEA', 'date': datetime.datetime(2024, 12, 1, 13, 0)}, '14': {'team': 'MIA', 'date': datetime.datetime(2024, 12, 8, 13, 0)}, '15': {'team': 'JAX', 'date': datetime.datetime(2024, 12, 15, 13, 0)}, '16': {'team': 'LAR', 'date': datetime.datetime(2024, 12, 22, 13, 0)}, '17': {'team': 'BUF', 'date': datetime.datetime(2024, 12, 29, 13, 0)}, '18': {'team': 'MIA', 'date': datetime.datetime(2025, 1, 5, 16, 25)}}","['RB', 'RB/WR', 'RB/WR/TE', 'OP', 'BE', 'IR']",RB,,,1.0,1.0,1.0,1.0,,,,,,,,,,,,,1.0,2.0,,,,,,,,,,,,,,,,,,,,,,,2.0,,,,,,,,,,,,,,,,,,,,,,,,,,,,,,,,2.0,,,,,,,,,,,,,,,,,,,,,,,,,,,,,,,,,,,,,,,,,,,,,,,,,,,,,,,,,,,,,,,,,,,,,,,,,,,,,,,,,,,,,,,,,,,,,,,,,,,,,,,,,,,,,,,,,,,,,,,,,,1.0,,,,,2.0,,,,,,,,,,,,,,,,,,,,,,,,,,,,,,,,,,,,,,,2024,,,,40.0,15.0,,,,,,,,,,,,,,,,,,,,,,,,,,,,,57.7437288,30.41784572,,
190.0,11.18,227.57,15.17,,,,,,,,,,,,,,,,,62.0,52.05882353,8.0,170.0,82.0,37.0,27.0,9.0,7.0,116.0,148.0,14.27419355,,1.0,,1.0,1.0,1.0,1.0,8.0,9.0,48.0,,,17.0,,,,,,,,,,,,,,,,,73.66910058,5.670149038,0.536577232,0.250932348,0.163984289,222.0,111.0,55.0,44.0,22.0,82.43498107,,,3.285463352,0.101612269,129.3364195,13.51008331,0.536577232,0.0038538,,0.875863644,0.875863644,,0.490483641,0.490483641,0.490483641,15.11764706,Marvin Harrison Jr.,ARI,DRAFT,28,4432708,8,Flying Eagles,WR,"{'1': {'team': 'BUF', 'date': datetime.datetime(2024, 9, 8, 13, 0)}, '2': {'team': 'LAR', 'date': datetime.datetime(2024, 9, 15, 16, 5)}, '3': {'team': 'DET', 'date': datetime.datetime(2024, 9, 22, 16, 25)}, '4': {'team': 'WSH', 'date': datetime.datetime(2024, 9, 29, 16, 5)}, '5': {'team': 'SF', 'date': datetime.datetime(2024, 10, 6, 16, 5)}, '6': {'team': 'GB', 'date': datetime.datetime(2024, 10, 13, 13, 0)}, '7': {'team': 'LAC', 'date': datetime.datetime(2024, 10, 21, 21, 0)}, '8': {'team': 'MIA', 'date': datetime.datetime(2024, 10, 27, 13, 0)}, '9': {'team': 'CHI', 'date': datetime.datetime(2024, 11, 3, 16, 5)}, '10': {'team': 'NYJ', 'date': datetime.datetime(2024, 11, 10, 16, 25)}, '12': {'team': 'SEA', 'date': datetime.datetime(2024, 11, 24, 16, 25)}, '13': {'team': 'MIN', 'date': datetime.datetime(2024, 12, 1, 13, 0)}, '14': {'team': 'SEA', 'date': datetime.datetime(2024, 12, 8, 16, 5)}, '15': {'team': 'NE', 'date': datetime.datetime(2024, 12, 15, 16, 25)}, '16': {'team': 'CAR', 'date': datetime.datetime(2024, 12, 22, 13, 0)}, '17': {'team': 'LAR', 'date': datetime.datetime(2024, 12, 28, 20, 0)}, '18': {'team': 'SF', 'date': datetime.datetime(2025, 1, 5, 16, 25)}}","['Rookie', 'RB/WR', 'WR', 'WR/TE', 'RB/WR/TE', 'OP', 'BE', 'IR']",WR,1.0,1.0,2.0,2.0,1.0,1.0,,,,,,,,,,,,,2.0,2.0,,,,,,,,,,,,,,,,,,,,,,,,,,,,,,,,,,,,,,,,,,,,,,,,,,,,,3.0,,,,,,,,,,,,,,,,,,,,,,,,,,,,,,,,,,,,,,,,,,,,,,,,,,,,,,,,,,,,,,,,,,,,,,,,,,,,,,,,,,,,,,,,,,,,,,,,,,,,,,,,,,,,,,,,,,,,,,,,,,,,,,,,,,,,,,,,,,,,,,,,,,,,,,,,,,,,,,,,,,,,,,,,2024,,,,,43.0,,,,,,,,,,,,,,,,,,,,,,,,,,,,,,50.67012617,,
158.0,9.88,229.93,15.33,,,,,,,,,,,,,,,,,69.0,50.5,3.0,155.0,73.0,31.0,23.0,8.0,8.0,111.0,259.0,11.71014493,,1.0,,1.0,1.0,2.0,2.0,8.0,8.0,18.0,,,16.0,,,,,,,,,,,,,,,,,72.08987535,4.012797409,0.292294882,0.145194768,0.094884781,217.0,108.0,54.0,43.0,21.0,99.30870567,,,3.118660248,0.09645341,144.6766216,10.97415664,0.292294882,0.008221295,,1.868476094,1.868476094,,1.046346612,1.046346612,1.046346612,15.11764706,Michael Pittman Jr.,IND,DRAFT,42,4035687,8,Flying Eagles,BE,"{'1': {'team': 'HOU', 'date': datetime.datetime(2024, 9, 8, 13, 0)}, '2': {'team': 'GB', 'date': datetime.datetime(2024, 9, 15, 13, 0)}, '3': {'team': 'CHI', 'date': datetime.datetime(2024, 9, 22, 13, 0)}, '4': {'team': 'PIT', 'date': datetime.datetime(2024, 9, 29, 13, 0)}, '5': {'team': 'JAX', 'date': datetime.datetime(2024, 10, 6, 13, 0)}, '6': {'team': 'TEN', 'date': datetime.datetime(2024, 10, 13, 13, 0)}, '7': {'team': 'MIA', 'date': datetime.datetime(2024, 10, 20, 13, 0)}, '8': {'team': 'HOU', 'date': datetime.datetime(2024, 10, 27, 13, 0)}, '9': {'team': 'MIN', 'date': datetime.datetime(2024, 11, 3, 20, 20)}, '10': {'team': 'BUF', 'date': datetime.datetime(2024, 11, 10, 13, 0)}, '11': {'team': 'NYJ', 'date': datetime.datetime(2024, 11, 17, 13, 0)}, '12': {'team': 'DET', 'date': datetime.datetime(2024, 11, 24, 13, 0)}, '13': {'team': 'NE', 'date': datetime.datetime(2024, 12, 1, 13, 0)}, '15': {'team': 'DEN', 'date': datetime.datetime(2024, 12, 15, 16, 25)}, '16': {'team': 'TEN', 'date': datetime.datetime(2024, 12, 22, 13, 0)}, '17': {'team': 'NYG', 'date': datetime.datetime(2024, 12, 29, 13, 0)}, '18': {'team': 'JAX', 'date': datetime.datetime(2025, 1, 5, 13, 0)}}","['RB/WR', 'WR', 'WR/TE', 'RB/WR/TE', 'OP', 'BE', 'IR']",BE,,,2.0,2.0,1.0,1.0,,,,,,,,,,,,,2.0,,,,,,,,,,,,,,,,,,,,,,,,,,,,,,,,,,,,,,,,,,,,,,,,,,,,,,1.0,,,,,,,,,,,,,,,,,,,,,,,,,,,,,,,,,,,,,,,,,,,,,,,,,,,,,,,,,,,,,,,,,,,,,,,,,,,,,,,,,,,,,,,,,,,,,,,,,,,,,,,,,,,,,,,,,,,,,,,,,,,,,,,,,,,,,,,,,,,,,,,,,,,,,,,,,,,,,,,,,,,,,,,,2024,,,,,35.0,,,,,,,,,,,,,,,,,,,,,,,,,,,,,,53.18013154,,
226.0,13.29,189.09,13.51,255.0,66.94117647,5.0,219.0,105.0,49.0,36.0,13.0,2.0,43.0,17.0,,,2.0,,4.4627451,51.0,24.0,2.0,76.0,34.0,13.0,7.0,,3.0,62.0,411.0,8.0,3.0,5.0,1.0,3.0,3.0,2.0,2.0,14.0,3.0,42.0,3.0,,17.0,161.0320604,53.29762898,4.504488827,0.245232791,151.0,75.0,37.0,30.0,15.0,32.0,16.0,0.321337334,0.224936134,1.484570037,0.05066268,4.692061121,24.16899397,1.84332788,0.095275628,0.047326772,0.030928045,68.0,34.0,17.0,13.0,6.0,43.18654104,,,0.160999295,0.00497936,59.5344888,7.933745652,0.340508419,0.008746155,1.567406144,0.420356354,1.987762498,0.721006826,0.235399558,0.956406385,0.956406385,14.17647059,Aaron Jones,MIN,DRAFT,17,3042519,8,Flying Eagles,BE,"{'1': {'team': 'NYG', 'date': datetime.datetime(2024, 9, 8, 13, 0)}, '2': {'team': 'SF', 'date': datetime.datetime(2024, 9, 15, 13, 0)}, '3': {'team': 'HOU', 'date': datetime.datetime(2024, 9, 22, 13, 0)}, '4': {'team': 'GB', 'date': datetime.datetime(2024, 9, 29, 13, 0)}, '5': {'team': 'NYJ', 'date': datetime.datetime(2024, 10, 6, 9, 30)}, '7': {'team': 'DET', 'date': datetime.datetime(2024, 10, 20, 13, 0)}, '8': {'team': 'LAR', 'date': datetime.datetime(2024, 10, 24, 20, 15)}, '9': {'team': 'IND', 'date': datetime.datetime(2024, 11, 3, 20, 20)}, '10': {'team': 'JAX', 'date': datetime.datetime(2024, 11, 10, 13, 0)}, '11': {'team': 'TEN', 'date': datetime.datetime(2024, 11, 17, 13, 0)}, '12': {'team': 'CHI', 'date': datetime.datetime(2024, 11, 24, 13, 0)}, '13': {'team': 'ARI', 'date': datetime.datetime(2024, 12, 1, 13, 0)}, '14': {'team': 'ATL', 'date': datetime.datetime(2024, 12, 8, 13, 0)}, '15': {'team': 'CHI', 'date': datetime.datetime(2024, 12, 16, 20, 0)}, '16': {'team': 'SEA', 'date': datetime.datetime(2024, 12, 22, 16, 5)}, '17': {'team': 'GB', 'date': datetime.datetime(2024, 12, 29, 16, 25)}, '18': {'team': 'DET', 'date': datetime.datetime(2025, 1, 5, 20, 20)}}","['RB', 'RB/WR', 'RB/WR/TE', 'OP', 'BE', 'IR']",BE,,,,,2.0,2.0,,,,,,,,,,,,,2.0,,,,,,,,,,,,,,,,,,,,,,,,3.0,,,,,,,,,,,,,,,,,,,,,,,,,,,,,,,,1.0,,,,,,,,,,,,,,,,,,,,,,,,,,,,,,,,,,,,,,,,,,,,,,,,,,,,,,1.0,,,,,,,,,,,,,,,,,,,,,,,,,,,,,,,,,,,,,,,,,,,,,,,,,,,,,,,,,,,,,,,,,,,1.0,1.0,,,,,,,,,,,,,,,,,,,,,,,,,,,,,,,,,,,,,,,,,,,,2024,,,,50.0,20.0,,,,,,,,,,,,,,,,,,,,,,,,,,,,,40.7254452,18.89611218,,
201.0,11.82,215.66,14.38,9.0,3.29411765,,7.0,2.0,,,,,,,,,,,6.22222222,74.0,62.29411765,4.0,206.0,101.0,44.0,35.0,14.0,9.0,116.0,463.0,14.31081081,,,,,,1.0,1.0,12.0,5.0,24.0,,,17.0,9.050849987,3.66667345,0.504184196,0.019568445,11.0,5.0,2.0,2.0,1.0,1.0,,0.016680418,0.011676293,0.007577424,0.000258588,6.124449657,64.29883351,5.552163891,0.322401882,0.219791079,0.14363347,194.0,97.0,48.0,38.0,19.0,78.34433041,,,2.346241711,0.072564177,117.0555069,12.4073697,0.341970327,0.006982016,0.164334983,1.422486749,1.586821732,0.075594092,0.79659258,0.872186672,0.872186672,15.11764706,Zay Flowers,BAL,DRAFT,25,4429615,8,Flying Eagles,WR,"{'1': {'team': 'KC', 'date': datetime.datetime(2024, 9, 5, 20, 20)}, '2': {'team': 'LV', 'date': datetime.datetime(2024, 9, 15, 13, 0)}, '3': {'team': 'DAL', 'date': datetime.datetime(2024, 9, 22, 16, 25)}, '4': {'team': 'BUF', 'date': datetime.datetime(2024, 9, 29, 20, 20)}, '5': {'team': 'CIN', 'date': datetime.datetime(2024, 10, 6, 13, 0)}, '6': {'team': 'WSH', 'date': datetime.datetime(2024, 10, 13, 13, 0)}, '7': {'team': 'TB', 'date': datetime.datetime(2024, 10, 21, 20, 15)}, '8': {'team': 'CLE', 'date': datetime.datetime(2024, 10, 27, 13, 0)}, '9': {'team': 'DEN', 'date': datetime.datetime(2024, 11, 3, 13, 0)}, '10': {'team': 'CIN', 'date': datetime.datetime(2024, 11, 7, 20, 15)}, '11': {'team': 'PIT', 'date': datetime.datetime(2024, 11, 17, 13, 0)}, '12': {'team': 'LAC', 'date': datetime.datetime(2024, 11, 25, 20, 15)}, '13': {'team': 'PHI', 'date': datetime.datetime(2024, 12, 1, 16, 25)}, '15': {'team': 'NYG', 'date': datetime.datetime(2024, 12, 15, 13, 0)}, '16': {'team': 'PIT', 'date': datetime.datetime(2024, 12, 21, 16, 30)}, '17': {'team': 'HOU', 'date': datetime.datetime(2024, 12, 25, 16, 30)}, '18': {'team': 'CLE', 'date': datetime.datetime(2025, 1, 4, 16, 30)}}","['RB/WR', 'WR', 'WR/TE', 'RB/WR/TE', 'OP', 'BE', 'IR']",WR,1.0,1.0,5.0,5.0,,,,,,,,,,,,,,,2.0,,,,,,,,,,,,,,,,,,,,,,,,,,,,,,,,,,,,,,,,,,,,,,,,,,,,,,1.0,,,,,,,,,,,,,,,,,,,,,,,,,,,,,,,,,,,,,,,,,,,,,,,,,,,,,,,,,,,,,,,,,,,,,,,,,,,,,,,,,,,,,,,,,,,,,,,,,,,,,,,,,,,,,,,,,,,,,,,,,,,,,,,,,,,,,,,,,,,,,,,,,,,,,,,,,,,,,,,,,,,,,,,,2024,,,,1.0,48.0,,,,,,,,,,,,,,,,,,,,,,,,,,,,,4.86938949,45.78315837,,
150.0,10.71,178.49,12.75,187.0,57.07142857,8.0,155.0,76.0,35.0,25.0,11.0,3.0,34.0,13.0,1.0,,3.0,,4.27272727,20.0,11.35714286,,26.0,10.0,3.0,1.0,,,25.0,179.0,7.95,2.0,2.0,2.0,2.0,2.0,,1.0,11.0,3.0,48.0,7.0,,14.0,200.1497859,59.36813319,4.698245453,0.174526602,168.0,84.0,42.0,33.0,16.0,40.0,20.0,0.407222857,0.285056,1.844721391,0.062953264,4.205003719,19.14096212,1.093631106,0.059858381,0.060230145,0.0393604,54.0,27.0,13.0,10.0,5.0,34.92014506,,,0.10738165,0.003321082,44.39582742,7.77062312,0.234384983,0.012621146,2.442328947,0.426113277,2.868442223,1.123471316,0.238623435,1.36209475,1.36209475,14.17647059,Brian Robinson Jr.,WSH,DRAFT,29,4241474,8,Flying Eagles,RB,"{'1': {'team': 'TB', 'date': datetime.datetime(2024, 9, 8, 16, 25)}, '2': {'team': 'NYG', 'date': datetime.datetime(2024, 9, 15, 13, 0)}, '3': {'team': 'CIN', 'date': datetime.datetime(2024, 9, 23, 20, 15)}, '4': {'team': 'ARI', 'date': datetime.datetime(2024, 9, 29, 16, 5)}, '5': {'team': 'CLE', 'date': datetime.datetime(2024, 10, 6, 13, 0)}, '6': {'team': 'BAL', 'date': datetime.datetime(2024, 10, 13, 13, 0)}, '7': {'team': 'CAR', 'date': datetime.datetime(2024, 10, 20, 16, 5)}, '8': {'team': 'CHI', 'date': datetime.datetime(2024, 10, 27, 16, 25)}, '9': {'team': 'NYG', 'date': datetime.datetime(2024, 11, 3, 13, 0)}, '10': {'team': 'PIT', 'date': datetime.datetime(2024, 11, 10, 13, 0)}, '11': {'team': 'PHI', 'date': datetime.datetime(2024, 11, 14, 20, 15)}, '12': {'team': 'DAL', 'date': datetime.datetime(2024, 11, 24, 13, 0)}, '13': {'team': 'TEN', 'date': datetime.datetime(2024, 12, 1, 13, 0)}, '15': {'team': 'NO', 'date': datetime.datetime(2024, 12, 15, 13, 0)}, '16': {'team': 'PHI', 'date': datetime.datetime(2024, 12, 22, 13, 0)}, '17': {'team': 'ATL', 'date': datetime.datetime(2024, 12, 29, 20, 20)}, '18': {'team': 'DAL', 'date': datetime.datetime(2025, 1, 5, 13, 0)}}","['RB', 'RB/WR', 'RB/WR/TE', 'OP', 'BE', 'IR']",RB,,,,,,,,,,,,,,,,,,,,,,,,,,,,,,,,,,,,,,,,,,,2.0,,,,,,,,,,,,,,,,,,,,,,,,,,,,,,,1.0,,,,,,,,,,,,,,,,,,,,,,,,,,,,,,,,,,,,,,,,,,,,,,,,,,,,,,,,,,,,,,,,,,,,,,,,,,,,,,,,,,,,,,,,,,,,,,,,,,,,,,,,,,,,,,,,,,,,,,,,,,,2.0,,,,,,,,,,,,,,,,,,,,,,,,,,,,,,,,,,,,,,,,,,,,2024,,,,47.0,4.0,,,,,,,,,,,,,,,,,,,,,,,,,,,,,46.15220459,14.73974942,,
112.0,6.59,132.78,8.85,,,,,,,,,,,,,,,,,53.0,31.29411765,2.0,100.0,47.0,20.0,13.0,3.0,3.0,85.0,214.0,10.03773585,,,,,,,,10.0,7.0,12.0,,,17.0,,,,,,,,,,,,,,,,,35.95244332,4.2467288,0.201081118,0.107445442,0.070215597,108.0,54.0,27.0,21.0,10.0,53.59633128,,,0.483351417,0.014949013,77.42954999,10.1409245,0.201081118,0.002825958,,0.642263195,0.642263195,,0.359667389,0.359667389,0.359667389,15.11764706,Dalton Schultz,HOU,DRAFT,20,3117256,8,Flying Eagles,TE,"{'1': {'team': 'IND', 'date': datetime.datetime(2024, 9, 8, 13, 0)}, '2': {'team': 'CHI', 'date': datetime.datetime(2024, 9, 15, 20, 20)}, '3': {'team': 'MIN', 'date': datetime.datetime(2024, 9, 22, 13, 0)}, '4': {'team': 'JAX', 'date': datetime.datetime(2024, 9, 29, 13, 0)}, '5': {'team': 'BUF', 'date': datetime.datetime(2024, 10, 6, 13, 0)}, '6': {'team': 'NE', 'date': datetime.datetime(2024, 10, 13, 13, 0)}, '7': {'team': 'GB', 'date': datetime.datetime(2024, 10, 20, 13, 0)}, '8': {'team': 'IND', 'date': datetime.datetime(2024, 10, 27, 13, 0)}, '9': {'team': 'NYJ', 'date': datetime.datetime(2024, 10, 31, 20, 15)}, '10': {'team': 'DET', 'date': datetime.datetime(2024, 11, 10, 20, 20)}, '11': {'team': 'DAL', 'date': datetime.datetime(2024, 11, 18, 20, 15)}, '12': {'team': 'TEN', 'date': datetime.datetime(2024, 11, 24, 13, 0)}, '13': {'team': 'JAX', 'date': datetime.datetime(2024, 12, 1, 13, 0)}, '15': {'team': 'MIA', 'date': datetime.datetime(2024, 12, 15, 13, 0)}, '16': {'team': 'KC', 'date': datetime.datetime(2024, 12, 21, 13, 0)}, '17': {'team': 'BAL', 'date': datetime.datetime(2024, 12, 25, 16, 30)}, '18': {'team': 'TEN', 'date': datetime.datetime(2025, 1, 5, 13, 0)}}","['WR/TE', 'TE', 'RB/WR/TE', 'OP', 'BE', 'IR']",TE,,,,,,,,,,,,,,,,,,,,1.0,,,,,,,,,,,,,,,,,,,,,,,,,,,,,,,,,,,,,,,,,,,,,,,,,,,,,1.0,,,,,,,,,,,,,,,,,,,,,,,,,,,,,,,,,,,,,,,,,,,,,,,,,,,,,,,,,,,,,,,,,,,,,,,,,,,,,,,,,,,,,,,,,,,,,,,,,,,,,,,,,,,,,,,,,,,,,,,,,,,,,,,,,,,,,,,,,,,,,,,,,,,,,,,,,,,,,,,,,,,,,,,,2024,,,,,26.0,,,,,,,,,,,,,,,,,,,,,,,,,,,,,,27.79126391,,
115.0,7.19,127.55,8.5,1.0,,,,,,,,,,,,,,,,51.0,28.0625,4.0,85.0,38.0,14.0,12.0,4.0,4.0,72.0,262.0,8.80392157,,,,,,,,4.0,12.0,26.0,,,16.0,,,,,,,,,,,,,,,,,35.00069818,3.827078629,0.191680556,0.116774634,0.076312223,105.0,52.0,26.0,21.0,10.0,52.8659628,,,0.451120265,0.013952173,74.06620128,10.00886343,0.191680556,0.002654876,,0.603380972,0.603380972,,0.337893344,0.337893344,0.337893344,15.11764706,Tyler Conklin,NYJ,DRAFT,17,3915486,8,Flying Eagles,BE,"{'1': {'team': 'SF', 'date': datetime.datetime(2024, 9, 9, 20, 15)}, '2': {'team': 'TEN', 'date': datetime.datetime(2024, 9, 15, 13, 0)}, '3': {'team': 'NE', 'date': datetime.datetime(2024, 9, 19, 20, 15)}, '4': {'team': 'DEN', 'date': datetime.datetime(2024, 9, 29, 13, 0)}, '5': {'team': 'MIN', 'date': datetime.datetime(2024, 10, 6, 9, 30)}, '6': {'team': 'BUF', 'date': datetime.datetime(2024, 10, 14, 20, 15)}, '7': {'team': 'PIT', 'date': datetime.datetime(2024, 10, 20, 20, 20)}, '8': {'team': 'NE', 'date': datetime.datetime(2024, 10, 27, 13, 0)}, '9': {'team': 'HOU', 'date': datetime.datetime(2024, 10, 31, 20, 15)}, '10': {'team': 'ARI', 'date': datetime.datetime(2024, 11, 10, 16, 25)}, '11': {'team': 'IND', 'date': datetime.datetime(2024, 11, 17, 13, 0)}, '13': {'team': 'SEA', 'date': datetime.datetime(2024, 12, 1, 13, 0)}, '14': {'team': 'MIA', 'date': datetime.datetime(2024, 12, 8, 13, 0)}, '15': {'team': 'JAX', 'date': datetime.datetime(2024, 12, 15, 13, 0)}, '16': {'team': 'LAR', 'date': datetime.datetime(2024, 12, 22, 13, 0)}, '17': {'team': 'BUF', 'date': datetime.datetime(2024, 12, 29, 13, 0)}, '18': {'team': 'MIA', 'date': datetime.datetime(2025, 1, 5, 16, 25)}}","['WR/TE', 'TE', 'RB/WR/TE', 'OP', 'BE', 'IR']",BE,,,,,,,,,,,,,,,,,,,3.0,1.0,,,,,,,,,,,,,,,,,,,,,,,,,,,,,,,,,,,,,,,,,,,,,,,,,,,1.0,,,,,,,,,,,,,,,,,,,,,,,,,,,,,,,,,,,,,,,,,,,,,,,,,,,,,,,,,,,,,,,,,,,,,,,,,,,,,,,,,,,,,,,,,,,,,,,,,,,,,,,,,,,,,,,,,,,,,,,,,,,,,,,,,,,,,,,,,,,,,,,,,,,,,,,,,,,,,,,,,,,,,,,,,,2024,,,,,24.0,,,,,,,,,,,,,,,,,,,,,,,,,,,,,,27.05641869,,
105.0,6.18,108.65,6.39,,,,,,,,,,,,,,,,,,,,,,,,,,,,,,,,,,635.0,980.0,15.0,2.0,,,,17.0,,,,,,,,,,,,,,,,,,,,,,,,,,,,,,,,,,,,,,,,,,,17.0,Lions D/ST,DET,DRAFT,10,-16008,8,Flying Eagles,BE,"{'1': {'team': 'LAR', 'date': datetime.datetime(2024, 9, 8, 20, 20)}, '2': {'team': 'TB', 'date': datetime.datetime(2024, 9, 15, 13, 0)}, '3': {'team': 'ARI', 'date': datetime.datetime(2024, 9, 22, 16, 25)}, '4': {'team': 'SEA', 'date': datetime.datetime(2024, 9, 30, 20, 15)}, '6': {'team': 'DAL', 'date': datetime.datetime(2024, 10, 13, 16, 25)}, '7': {'team': 'MIN', 'date': datetime.datetime(2024, 10, 20, 13, 0)}, '8': {'team': 'TEN', 'date': datetime.datetime(2024, 10, 27, 13, 0)}, '9': {'team': 'GB', 'date': datetime.datetime(2024, 11, 3, 16, 25)}, '10': {'team': 'HOU', 'date': datetime.datetime(2024, 11, 10, 20, 20)}, '11': {'team': 'JAX', 'date': datetime.datetime(2024, 11, 17, 13, 0)}, '12': {'team': 'IND', 'date': datetime.datetime(2024, 11, 24, 13, 0)}, '13': {'team': 'CHI', 'date': datetime.datetime(2024, 11, 28, 12, 30)}, '14': {'team': 'GB', 'date': datetime.datetime(2024, 12, 5, 20, 15)}, '15': {'team': 'BUF', 'date': datetime.datetime(2024, 12, 15, 16, 25)}, '16': {'team': 'CHI', 'date': datetime.datetime(2024, 12, 22, 13, 0)}, '17': {'team': 'SF', 'date': datetime.datetime(2024, 12, 30, 20, 15)}, '18': {'team': 'MIN', 'date': datetime.datetime(2025, 1, 5, 20, 20)}}","['D/ST', 'BE', 'IR']",BE,,,,,,,471.0,44.0,15.0,0.422429199,0.19551,1386.09581,327.585,138.0,55.0,32.0,13.0,,,,,,,,,,,,,,,,,,,,,,,,,,,,,,,,,,,,,,,,,,,,,,,,,,,,,,,,,345.0,,,13.0,,,,,,,,,,,,,,,,,,,,,,,,,,,,,,,,,,,8.0,0.0,2.0,3.0,3.0,1.0,16.0,,,37.0,74.0,,1.0,1.0,2.0,323.0,188.0,54.0,81.0,479.0,43.0,12.0,334.0,3.0,3.0,2.0,0.0,5820.0,0.0,1.0,7.0,1.0,3.0,2.0,1.0,1.0,1.0,0.0,2.0,3.0,3.0,3.0,3.0,2.0,0.0,0.179367937,0.807580758,2.924292429,2.788278828,0.126813628,1.915759408,15.2272452,9.365546253,1.768958874,0.222538834,42.69277498,85.38554995,1.344169852,0.571589555,2.660512235,11.51004103,1050.842544,350.0,210.0,85.4437779,365.4943149,2.465246525,3.680868087,2.711771177,1.283628363,0.158965897,21.49966558,5873.319082,0.476142843,4.081224367,3.77513254,3.928178454,2.703811143,1.360408122,0.527158147,0.147944383,345.4893578,,,,,,,,,,,,1.0,1.0,,,,,,,,,,,,,,,,,,,,,,,,,,,,,,,,,,,2024,,,,,,,,,,,,,,,,,,,,,,,,,,,,,,,,,,,,,42.43276189
111.0,7.93,137.08,8.06,,,,,,,,,,,,,,,,,,,,,,,,,,,,,,,,,,,1.0,7.0,7.0,101.0,,,14.0,,,,,,,,,,,,,,,,,,,,,,,,,,,,,,,,,,,,,,,,,,,17.0,Younghoe Koo,ATL,DRAFT,22,3049899,8,Flying Eagles,K,"{'1': {'team': 'PIT', 'date': datetime.datetime(2024, 9, 8, 13, 0)}, '2': {'team': 'PHI', 'date': datetime.datetime(2024, 9, 16, 20, 15)}, '3': {'team': 'KC', 'date': datetime.datetime(2024, 9, 22, 20, 20)}, '4': {'team': 'NO', 'date': datetime.datetime(2024, 9, 29, 13, 0)}, '5': {'team': 'TB', 'date': datetime.datetime(2024, 10, 3, 20, 15)}, '6': {'team': 'CAR', 'date': datetime.datetime(2024, 10, 13, 16, 25)}, '7': {'team': 'SEA', 'date': datetime.datetime(2024, 10, 20, 13, 0)}, '8': {'team': 'TB', 'date': datetime.datetime(2024, 10, 27, 13, 0)}, '9': {'team': 'DAL', 'date': datetime.datetime(2024, 11, 3, 13, 0)}, '10': {'team': 'NO', 'date': datetime.datetime(2024, 11, 10, 13, 0)}, '11': {'team': 'DEN', 'date': datetime.datetime(2024, 11, 17, 16, 5)}, '13': {'team': 'LAC', 'date': datetime.datetime(2024, 12, 1, 13, 0)}, '14': {'team': 'MIN', 'date': datetime.datetime(2024, 12, 8, 13, 0)}, '15': {'team': 'LV', 'date': datetime.datetime(2024, 12, 16, 20, 30)}, '16': {'team': 'NYG', 'date': datetime.datetime(2024, 12, 22, 13, 0)}, '17': {'team': 'WSH', 'date': datetime.datetime(2024, 12, 29, 20, 20)}, '18': {'team': 'CAR', 'date': datetime.datetime(2025, 1, 5, 13, 0)}}","['K', 'BE', 'IR']",K,,,,,,,,,,,,,,,,,,,,,,,,,,,,,,,,,,,,,,,,,,,,,,,,,,,,,,,,,,,,,,,,,,,,,,,,,,1.0,,,,6.0,9.0,7.0,11.0,4.0,12.0,14.0,2.0,25.0,34.0,9.0,26.0,26.0,,6.0,9.0,4.540544992,6.572275935,2.031730943,7.349418914,9.142621474,1.79320256,16.26372752,16.82112207,0.557394553,28.15369143,32.53601948,4.382328055,40.57390925,42.35876289,1.784853641,4.540544992,6.572275935,2.031730943,,,,,,,,,,,,,,,,,,,,,,,,,,,,,,,,,,,,,,,,,,,,,,,,,,,,,,,,,,,,,,,,,,,,,,,,,,,,,,,,,,,,,,,3.0,3.0,,,,,,,,,,,,,,,,,,,,,,,,,,,,,,,,,,,,,,,,,,2024,,,,,,973.0,452.0,1425.0,188.0,90.0,42.0,32.0,12.0,2.0,88.0,43.0,20.0,15.0,5.0,280.0,137.0,65.0,50.0,21.0,6.0,,2.0,1063.825106,207.1294227,1270.954529,,,,,,,
127.0,9.07,91.36,6.53,132.0,30.0,4.0,79.0,36.0,14.0,10.0,2.0,,21.0,7.0,,,,,3.18181818,36.0,21.0,1.0,54.0,25.0,10.0,8.0,1.0,2.0,48.0,314.0,8.16666667,1.0,1.0,1.0,1.0,1.0,1.0,2.0,4.0,10.0,32.0,4.0,1.0,14.0,122.1077767,35.18142521,3.221478597,0.154910812,99.0,49.0,24.0,19.0,9.0,24.0,12.0,0.238876728,0.167213709,0.644258497,0.021986071,4.084493659,6.077278751,0.506948027,0.028603321,0.035110237,0.02294454,17.0,8.0,4.0,3.0,1.0,12.75995679,,,0.03886243,0.001201931,16.96675016,6.751932228,0.183514133,0.005508909,1.133569668,0.118455191,1.252024859,0.521442047,0.066334907,0.587776954,0.587776954,14.17647059,Alexander Mattison,MIA,DRAFT,32,4048244,8,Flying Eagles,BE,"{'1': {'team': 'JAX', 'date': datetime.datetime(2024, 9, 8, 13, 0)}, '2': {'team': 'BUF', 'date': datetime.datetime(2024, 9, 12, 20, 15)}, '3': {'team': 'SEA', 'date': datetime.datetime(2024, 9, 22, 16, 5)}, '4': {'team': 'TEN', 'date': datetime.datetime(2024, 9, 30, 19, 30)}, '5': {'team': 'NE', 'date': datetime.datetime(2024, 10, 6, 13, 0)}, '7': {'team': 'IND', 'date': datetime.datetime(2024, 10, 20, 13, 0)}, '8': {'team': 'ARI', 'date': datetime.datetime(2024, 10, 27, 13, 0)}, '9': {'team': 'BUF', 'date': datetime.datetime(2024, 11, 3, 13, 0)}, '10': {'team': 'LAR', 'date': datetime.datetime(2024, 11, 11, 20, 15)}, '11': {'team': 'LV', 'date': datetime.datetime(2024, 11, 17, 13, 0)}, '12': {'team': 'NE', 'date': datetime.datetime(2024, 11, 24, 13, 0)}, '13': {'team': 'GB', 'date': datetime.datetime(2024, 11, 28, 20, 20)}, '14': {'team': 'NYJ', 'date': datetime.datetime(2024, 12, 8, 13, 0)}, '15': {'team': 'HOU', 'date': datetime.datetime(2024, 12, 15, 13, 0)}, '16': {'team': 'SF', 'date': datetime.datetime(2024, 12, 22, 16, 25)}, '17': {'team': 'CLE', 'date': datetime.datetime(2024, 12, 29, 16, 5)}, '18': {'team': 'NYJ', 'date': datetime.datetime(2025, 1, 5, 16, 25)}}","['RB', 'RB/WR', 'RB/WR/TE', 'OP', 'BE', 'IR']",BE,,,,,,,,,,,,,,,,,,,,,,,,,,,,,,,,,,,,,,,,,,,1.0,,,,,,,,,,,,,,,,,,,,,,,,,,,,,,,1.0,,,,,,,,,,,,,,,,,,,,,,,,,,,,,,,,,,,,,,,,,,,,,,,,,,,,,,,,,,,,,,,,,,,,,,,,,,,,,,,,,,,,,,,,,,,,,,,,,,,,,,,,,,,,,,,,,,,,,,,,,,,1.0,,,,,1.0,,,,,,,,,,,,,,,,,,,,,,,,,,,,,,,,,,,,,,,2024,,,,25.0,13.0,,,,,,,,,,,,,,,,,,,,,,,,,,,,,28.73244553,4.341803124,,
166.0,11.07,109.67,7.31,3.0,0.4,,,,,,,,,,,,,,2.0,55.0,47.4,8.0,135.0,63.0,29.0,19.0,6.0,6.0,91.0,306.0,12.92727273,,,,,,1.0,1.0,10.0,5.0,48.0,,,15.0,2.223599097,0.885358883,0.068228043,0.003796387,2.0,1.0,,,,,,0.004082819,0.002857973,0.000366267,1.24993e-05,6.019314871,33.23593436,3.253944468,0.164509277,0.17481911,0.114244289,100.0,50.0,25.0,20.0,10.0,39.29578022,,,0.408158436,0.012623457,63.79545908,12.78633794,0.168305664,0.003653705,0.044471982,0.785915604,0.830387586,0.020457112,0.440112738,0.46056985,0.46056985,15.11764706,Quentin Johnston,LAC,ADD,40,4429025,8,Flying Eagles,BE,"{'1': {'team': 'LV', 'date': datetime.datetime(2024, 9, 8, 16, 5)}, '2': {'team': 'CAR', 'date': datetime.datetime(2024, 9, 15, 13, 0)}, '3': {'team': 'PIT', 'date': datetime.datetime(2024, 9, 22, 13, 0)}, '4': {'team': 'KC', 'date': datetime.datetime(2024, 9, 29, 16, 25)}, '6': {'team': 'DEN', 'date': datetime.datetime(2024, 10, 13, 16, 5)}, '7': {'team': 'ARI', 'date': datetime.datetime(2024, 10, 21, 21, 0)}, '8': {'team': 'NO', 'date': datetime.datetime(2024, 10, 27, 16, 5)}, '9': {'team': 'CLE', 'date': datetime.datetime(2024, 11, 3, 13, 0)}, '10': {'team': 'TEN', 'date': datetime.datetime(2024, 11, 10, 16, 5)}, '11': {'team': 'CIN', 'date': datetime.datetime(2024, 11, 17, 20, 20)}, '12': {'team': 'BAL', 'date': datetime.datetime(2024, 11, 25, 20, 15)}, '13': {'team': 'ATL', 'date': datetime.datetime(2024, 12, 1, 13, 0)}, '14': {'team': 'KC', 'date': datetime.datetime(2024, 12, 8, 20, 20)}, '15': {'team': 'TB', 'date': datetime.datetime(2024, 12, 15, 16, 25)}, '16': {'team': 'DEN', 'date': datetime.datetime(2024, 12, 19, 20, 15)}, '17': {'team': 'NE', 'date': datetime.datetime(2024, 12, 28, 13, 0)}, '18': {'team': 'LV', 'date': datetime.datetime(2025, 1, 5, 16, 25)}}","['RB/WR', 'WR', 'WR/TE', 'RB/WR/TE', 'OP', 'BE', 'IR']",BE,1.0,1.0,2.0,2.0,,,,,,,,,,,,,,1.0,2.0,3.0,,,,,,,,,,,,,,,,,,,,,,,,,,,,,,,,,,,,,,,,,,,,,,,,,,,,,2.0,,,,,,,,,,,,,,,,,,,,,,,,,,,,,,,,,,,,,,,,,,,,,,,,,,,,,,,,,,,,,,,,,,,,,,,,,,,,,,,,,,,,,,,,,,,,,,,,,,,,,,,,,,,,,,,,,,,,,,,,,,,,,,,,,,,,,,,,,,,,,,,,,,,,,,,,,,,,,,,,,,,,,,,,2024,,,,,32.0,,,,,,,,,,,,,,,,,,,,,,,,,,,,,2.709878,22.99325881,,
295.0,17.35,192.4,14.8,67.0,12.47058824,1.0,38.0,16.0,4.0,3.0,,,6.0,,,,,,3.1641791,,,,,,,,,,,,,3.0,8.0,2.0,4.0,16.0,1.0,2.0,14.0,3.0,216.0,1.0,,17.0,48.89125026,13.87453541,2.448568234,0.133218465,36.0,18.0,9.0,7.0,3.0,9.0,4.0,0.092781157,0.06494681,0.108830469,0.003713966,3.689186906,,,,,,,,,,,,,,,,,,1.013431205,0.048937737,0.977825005,,11.12221288,0.449799502,,5.319105681,17.90813432,13.0,Sam Darnold,SEA,ADD,9,3912547,8,Flying Eagles,QB,"{'1': {'team': 'DEN', 'date': datetime.datetime(2024, 9, 8, 16, 5)}, '2': {'team': 'NE', 'date': datetime.datetime(2024, 9, 15, 13, 0)}, '3': {'team': 'MIA', 'date': datetime.datetime(2024, 9, 22, 16, 5)}, '4': {'team': 'DET', 'date': datetime.datetime(2024, 9, 30, 20, 15)}, '5': {'team': 'NYG', 'date': datetime.datetime(2024, 10, 6, 16, 25)}, '6': {'team': 'SF', 'date': datetime.datetime(2024, 10, 10, 20, 15)}, '7': {'team': 'ATL', 'date': datetime.datetime(2024, 10, 20, 13, 0)}, '8': {'team': 'BUF', 'date': datetime.datetime(2024, 10, 27, 16, 5)}, '9': {'team': 'LAR', 'date': datetime.datetime(2024, 11, 3, 16, 25)}, '11': {'team': 'SF', 'date': datetime.datetime(2024, 11, 17, 16, 5)}, '12': {'team': 'ARI', 'date': datetime.datetime(2024, 11, 24, 16, 25)}, '13': {'team': 'NYJ', 'date': datetime.datetime(2024, 12, 1, 13, 0)}, '14': {'team': 'ARI', 'date': datetime.datetime(2024, 12, 8, 16, 5)}, '15': {'team': 'GB', 'date': datetime.datetime(2024, 12, 15, 20, 20)}, '16': {'team': 'MIN', 'date': datetime.datetime(2024, 12, 22, 16, 5)}, '17': {'team': 'CHI', 'date': datetime.datetime(2024, 12, 26, 20, 15)}, '18': {'team': 'LAR', 'date': datetime.datetime(2025, 1, 5, 16, 25)}}","['QB', 'OP', 'BE', 'IR']",QB,,,,,,,,,,,,,,,,,,,,,545.0,361.0,184.0,254.05882353,35.0,859.0,424.0,208.0,165.0,76.0,34.0,64.0,29.0,31.0,11.0,4.0,2.0,3.0,,12.0,0.66238532,48.0,6.0,18.0,8.0,3.0,2.0,470.1673777,292.008855,178.1585227,240.4945637,17.0504389,625.0,312.0,156.0,125.0,62.0,31.0,58.0,29.0,2.547452279,1.664760065,2.512540121,0.339378291,0.88021274,12.58902864,0.621074258,37.05201596,10.14438787,4.869306179,,,,1.0,,,,,,,,,,,,,,,,,,,,,,,,,,,,,,,,,,,,,,,,,,,,,,,,,,,,,,,,,,,,,,,,,,,,,,,,,,,,,,,,,,,,,,,,,,,,,,,,,,,,,,,,,,,,,,,,,,,,,,,,,,,3.0,,,,,,,,,,,,,,,,,,,,,,,,,,,,,,,,,,,,,,,,,,,,2024,,,207.0,23.0,,,,,,,,,,,,,,,,,,,,,,,,,,,,,,12.4703899,,153.5890481,
162.0,9.53,133.62,7.86,,,,,,,,,,,,,,,,,,,,,,,,,,,,,,,,,,,,10.0,7.0,144.0,,,17.0,,,,,,,,,,,,,,,,,,,,,,,,,,,,,,,,,,,,,,,,,,,17.0,Chase McLaughlin,TB,ADD,5,3150744,8,Flying Eagles,BE,"{'1': {'team': 'WSH', 'date': datetime.datetime(2024, 9, 8, 16, 25)}, '2': {'team': 'DET', 'date': datetime.datetime(2024, 9, 15, 13, 0)}, '3': {'team': 'DEN', 'date': datetime.datetime(2024, 9, 22, 13, 0)}, '4': {'team': 'PHI', 'date': datetime.datetime(2024, 9, 29, 13, 0)}, '5': {'team': 'ATL', 'date': datetime.datetime(2024, 10, 3, 20, 15)}, '6': {'team': 'NO', 'date': datetime.datetime(2024, 10, 13, 13, 0)}, '7': {'team': 'BAL', 'date': datetime.datetime(2024, 10, 21, 20, 15)}, '8': {'team': 'ATL', 'date': datetime.datetime(2024, 10, 27, 13, 0)}, '9': {'team': 'KC', 'date': datetime.datetime(2024, 11, 4, 20, 15)}, '10': {'team': 'SF', 'date': datetime.datetime(2024, 11, 10, 13, 0)}, '12': {'team': 'NYG', 'date': datetime.datetime(2024, 11, 24, 13, 0)}, '13': {'team': 'CAR', 'date': datetime.datetime(2024, 12, 1, 16, 5)}, '14': {'team': 'LV', 'date': datetime.datetime(2024, 12, 8, 13, 0)}, '15': {'team': 'LAC', 'date': datetime.datetime(2024, 12, 15, 16, 25)}, '16': {'team': 'DAL', 'date': datetime.datetime(2024, 12, 22, 20, 20)}, '17': {'team': 'CAR', 'date': datetime.datetime(2024, 12, 29, 13, 0)}, '18': {'team': 'NO', 'date': datetime.datetime(2025, 1, 5, 13, 0)}}","['K', 'BE', 'IR']",BE,,,,,,,,,,,,,,,,,,,,,,,,,,,,,,,,,,,,,,,,,,,,,,,,,,,,,,,,,,,,,,,,,,,,,,,,,,,,,,8.0,10.0,4.0,4.0,,18.0,18.0,,30.0,32.0,2.0,54.0,56.0,2.0,8.0,10.0,4.606464865,6.602429971,1.995965106,7.445859336,9.184568425,1.738709089,16.45374392,16.89829849,0.444554567,28.50606812,32.68529689,4.179228763,35.62490967,36.92877815,1.303868472,4.606464865,6.602429971,1.995965106,,,,,,,,,,,,,,,,,,,,,,,,,,,,,,,,,,,,,,,,,,,,,,,,,,,,,,,,,,,,,,,,,,,,,,,,,,,,,,,,,,,,,,,2.0,2.0,,,,,,,,,,,,,,,,,,,,,,,,,,,,,,,,,,,,,,,,,,2024,,,,,,1099.0,110.0,1209.0,213.0,102.0,47.0,36.0,14.0,4.0,22.0,10.0,4.0,4.0,2.0,235.0,112.0,52.0,41.0,16.0,4.0,,,1077.42509,199.3606618,1276.785752,,,,,,,
86.0,5.38,39.64,2.83,84.0,26.25,4.0,79.0,36.0,15.0,12.0,4.0,,13.0,4.0,,,,,5.0,15.0,9.5,,30.0,13.0,5.0,4.0,2.0,,16.0,107.0,10.13333333,,3.0,,1.0,1.0,,2.0,6.0,10.0,24.0,3.0,,16.0,45.34823014,13.85144365,1.636119045,0.050236463,39.0,19.0,9.0,7.0,3.0,9.0,4.0,0.08528436,0.059699052,0.101966677,0.003479731,4.330148782,2.869221121,0.254800006,0.011245215,0.041505913,0.027124114,8.0,4.0,2.0,1.0,,5.557373221,,,0.021171587,0.000654791,7.250039495,7.319182502,0.061481678,0.001837114,0.371944625,0.045581384,0.41752601,0.171094528,0.025525575,0.196620103,0.196620103,14.17647059,Isaac Guerendo,SF,ADD,47,4372561,8,Flying Eagles,RB/WR/TE,"{'1': {'team': 'NYJ', 'date': datetime.datetime(2024, 9, 9, 20, 15)}, '2': {'team': 'MIN', 'date': datetime.datetime(2024, 9, 15, 13, 0)}, '3': {'team': 'LAR', 'date': datetime.datetime(2024, 9, 22, 16, 25)}, '4': {'team': 'NE', 'date': datetime.datetime(2024, 9, 29, 16, 5)}, '5': {'team': 'ARI', 'date': datetime.datetime(2024, 10, 6, 16, 5)}, '6': {'team': 'SEA', 'date': datetime.datetime(2024, 10, 10, 20, 15)}, '7': {'team': 'KC', 'date': datetime.datetime(2024, 10, 20, 16, 25)}, '8': {'team': 'DAL', 'date': datetime.datetime(2024, 10, 27, 20, 20)}, '10': {'team': 'TB', 'date': datetime.datetime(2024, 11, 10, 13, 0)}, '11': {'team': 'SEA', 'date': datetime.datetime(2024, 11, 17, 16, 5)}, '12': {'team': 'GB', 'date': datetime.datetime(2024, 11, 24, 16, 25)}, '13': {'team': 'BUF', 'date': datetime.datetime(2024, 12, 1, 20, 20)}, '14': {'team': 'CHI', 'date': datetime.datetime(2024, 12, 8, 16, 25)}, '15': {'team': 'LAR', 'date': datetime.datetime(2024, 12, 12, 20, 15)}, '16': {'team': 'MIA', 'date': datetime.datetime(2024, 12, 22, 16, 25)}, '17': {'team': 'DET', 'date': datetime.datetime(2024, 12, 30, 20, 15)}, '18': {'team': 'ARI', 'date': datetime.datetime(2025, 1, 5, 16, 25)}}","['Rookie', 'RB', 'RB/WR', 'RB/WR/TE', 'OP', 'BE', 'IR']",RB/WR/TE,,,,,1.0,,163.0,15.0,4.0,,,,,,,,,,,,,,,,,,,,,,,,,,,,,,,,,,,,,,,,,,,,,,,,,,,,,,,,,,,,,,,,,2.0,1.0,,,,,,,,,,,,,,,,,,,,,,,,,,,,,,,,,,,,,,,,,,,,,,,,,,,,,,,,,,,,,,,,,,,,,,,,,,,,,,,,,,,,,,,,,,,,,,,,,,,,,,,,,,,,,,,,,,,,,,,,,,,,,,,,,,,,,,,,,,,,,,,,,,,,,,,,,,,,,,,,,,,,,,2024,,,,18.0,7.0,,,,,,,,,,,,,,,,,,,,,,,,,,,,,12.67708212,1.410488929,,
43.0,2.53,88.05,5.18,,,,,,,,,,,,,,,,,,,,,,,,,,,,,,,,,,652.0,1129.0,4.0,13.0,,,,17.0,,,,,,,,,,,,,,,,,,,,,,,,,,,,,,,,,,,,,,,,,,,17.0,Raiders D/ST,LV,ADD,29,-16013,8,Flying Eagles,D/ST,"{'1': {'team': 'LAC', 'date': datetime.datetime(2024, 9, 8, 16, 5)}, '2': {'team': 'BAL', 'date': datetime.datetime(2024, 9, 15, 13, 0)}, '3': {'team': 'CAR', 'date': datetime.datetime(2024, 9, 22, 16, 5)}, '4': {'team': 'CLE', 'date': datetime.datetime(2024, 9, 29, 16, 25)}, '5': {'team': 'DEN', 'date': datetime.datetime(2024, 10, 6, 16, 5)}, '6': {'team': 'PIT', 'date': datetime.datetime(2024, 10, 13, 16, 5)}, '7': {'team': 'LAR', 'date': datetime.datetime(2024, 10, 20, 16, 5)}, '8': {'team': 'KC', 'date': datetime.datetime(2024, 10, 27, 16, 25)}, '9': {'team': 'CIN', 'date': datetime.datetime(2024, 11, 3, 13, 0)}, '11': {'team': 'MIA', 'date': datetime.datetime(2024, 11, 17, 13, 0)}, '12': {'team': 'DEN', 'date': datetime.datetime(2024, 11, 24, 16, 5)}, '13': {'team': 'KC', 'date': datetime.datetime(2024, 11, 29, 15, 0)}, '14': {'team': 'TB', 'date': datetime.datetime(2024, 12, 8, 13, 0)}, '15': {'team': 'ATL', 'date': datetime.datetime(2024, 12, 16, 20, 30)}, '16': {'team': 'JAX', 'date': datetime.datetime(2024, 12, 22, 16, 25)}, '17': {'team': 'NO', 'date': datetime.datetime(2024, 12, 29, 13, 0)}, '18': {'team': 'LAC', 'date': datetime.datetime(2025, 1, 5, 16, 25)}}","['D/ST', 'BE', 'IR']",D/ST,,,,,,,680.0,62.0,22.0,0.39246282,0.171,1503.289775,276.0,150.0,60.0,27.0,11.0,,,,,,,,,,,,,,,,,,,,,,,,,,,,,,,,,,,,,,,,,,,,,,,,,,,,,,,,,477.0,,,6.0,,,,,,,,,,,,,,,,,,,,,,,,,,,,,,,,,,,3.0,0.0,0.0,3.0,2.0,1.0,10.0,,,38.0,76.0,,,1.0,1.0,370.0,218.0,78.0,81.0,264.0,21.0,6.0,414.0,1.0,3.0,6.0,2.0,5663.0,0.0,0.0,6.0,5.0,3.0,2.0,1.0,0.0,0.0,0.0,0.0,3.0,2.0,1.0,3.0,6.0,2.0,0.132546981,0.594762095,2.328068772,2.447021192,0.11565568,1.886013229,12.29438929,8.596402331,1.746976411,0.216502918,40.19268554,80.38537109,1.319162271,0.566850958,2.565131729,12.30968276,1076.650139,358.0,215.0,60.8539485,385.3223637,2.464014394,3.976409436,3.177728908,1.665333866,0.214114354,22.66602139,5963.787405,0.399440084,3.56946458,3.594960756,4.028395741,2.983052542,1.614757786,0.628905664,0.181022847,350.8110239,,,,,,,,,,,,,,,,,,,,,,,,,,,,,,,,,,,,,,,,,,,,,,,,2024,,,,,,,,,,,,,,,,,,,,,,,,,,,,,,,,,,,,,45.87792487
310.0,18.24,282.7,18.85,2.0,0.35294118,,2.0,1.0,,,,,,,,,,,3.0,115.0,74.29411765,12.0,247.0,120.0,55.0,42.0,18.0,17.0,141.0,412.0,10.9826087,,1.0,,1.0,1.0,4.0,4.0,15.0,2.0,78.0,,1.0,17.0,4.485934292,1.932000627,0.259876,0.010887558,5.0,2.0,1.0,1.0,,,,0.008246905,0.005772834,0.001995489,6.80984e-05,6.510863001,83.58213563,7.365404316,0.443491632,0.2134184,0.139468925,252.0,126.0,63.0,50.0,25.0,109.5557668,,,4.383510461,0.135572488,152.8484439,11.5335346,0.45437919,0.006142909,0.054917483,1.341198204,1.396115687,0.025262042,0.751070994,0.776333036,0.776333036,15.11764706,Amon-Ra St. Brown,DET,DRAFT,2,4374302,9,Team Sprawl n Brawl,WR,"{'1': {'team': 'LAR', 'date': datetime.datetime(2024, 9, 8, 20, 20)}, '2': {'team': 'TB', 'date': datetime.datetime(2024, 9, 15, 13, 0)}, '3': {'team': 'ARI', 'date': datetime.datetime(2024, 9, 22, 16, 25)}, '4': {'team': 'SEA', 'date': datetime.datetime(2024, 9, 30, 20, 15)}, '6': {'team': 'DAL', 'date': datetime.datetime(2024, 10, 13, 16, 25)}, '7': {'team': 'MIN', 'date': datetime.datetime(2024, 10, 20, 13, 0)}, '8': {'team': 'TEN', 'date': datetime.datetime(2024, 10, 27, 13, 0)}, '9': {'team': 'GB', 'date': datetime.datetime(2024, 11, 3, 16, 25)}, '10': {'team': 'HOU', 'date': datetime.datetime(2024, 11, 10, 20, 20)}, '11': {'team': 'JAX', 'date': datetime.datetime(2024, 11, 17, 13, 0)}, '12': {'team': 'IND', 'date': datetime.datetime(2024, 11, 24, 13, 0)}, '13': {'team': 'CHI', 'date': datetime.datetime(2024, 11, 28, 12, 30)}, '14': {'team': 'GB', 'date': datetime.datetime(2024, 12, 5, 20, 15)}, '15': {'team': 'BUF', 'date': datetime.datetime(2024, 12, 15, 16, 25)}, '16': {'team': 'CHI', 'date': datetime.datetime(2024, 12, 22, 13, 0)}, '17': {'team': 'SF', 'date': datetime.datetime(2024, 12, 30, 20, 15)}, '18': {'team': 'MIN', 'date': datetime.datetime(2025, 1, 5, 20, 20)}}","['RB/WR', 'WR', 'WR/TE', 'RB/WR/TE', 'OP', 'BE', 'IR']",WR,1.0,1.0,4.0,4.0,1.0,1.0,,,,,,,,,,,,3.0,9.0,1.0,1.0,1.0,,0.41176471,1.0,1.0,,,,,,,,,,,,,,,1.0,,,1.0,,,,,,,,,,,,,,,,,,,,,,,,,,,,,,,,,,,,,,,,,,,,,,,,,,,,,,,,,,,,,,,,,,,,,,,,,,,,,,,,,,,,,,,15.0,1.0,,,,,,,,,,,,,,,,,,,,,,,,,,,,,,,,,,,,,,,,,,,,,,,,,,,,,,,,,,,,,,,,,,,,,,,,,,,,,,,,,,,,,,,,,,,,,,,,,,,,,,,,,,,,,2024,,,1.0,1.0,74.0,,,,,,,,,,,,,,,,,,,,,,,,,,,,,3.524456552,61.67766359,,
233.0,16.64,255.41,18.24,303.0,102.21428571,11.0,281.0,135.0,64.0,51.0,22.0,9.0,55.0,26.0,2.0,2.0,7.0,1.0,4.72277228,18.0,9.71428571,1.0,23.0,10.0,3.0,2.0,,,31.0,150.0,7.55555556,2.0,3.0,1.0,1.0,1.0,1.0,1.0,6.0,8.0,72.0,7.0,,14.0,261.759825,82.84178487,9.781451412,0.345452384,234.0,117.0,58.0,46.0,23.0,52.0,26.0,0.54905224,0.384336568,3.600761099,0.122880162,4.486571332,22.55682083,1.444161118,0.105231044,0.055473526,0.036251949,63.0,31.0,15.0,12.0,6.0,41.34301646,,,0.140312871,0.004339573,53.23176511,7.734706716,0.450683428,0.010460395,2.053091952,0.324270596,2.377362547,0.944422298,0.181591534,1.126013831,1.126013831,14.17647059,Jonathan Taylor,IND,DRAFT,12,4242335,9,Team Sprawl n Brawl,BE,"{'1': {'team': 'HOU', 'date': datetime.datetime(2024, 9, 8, 13, 0)}, '2': {'team': 'GB', 'date': datetime.datetime(2024, 9, 15, 13, 0)}, '3': {'team': 'CHI', 'date': datetime.datetime(2024, 9, 22, 13, 0)}, '4': {'team': 'PIT', 'date': datetime.datetime(2024, 9, 29, 13, 0)}, '5': {'team': 'JAX', 'date': datetime.datetime(2024, 10, 6, 13, 0)}, '6': {'team': 'TEN', 'date': datetime.datetime(2024, 10, 13, 13, 0)}, '7': {'team': 'MIA', 'date': datetime.datetime(2024, 10, 20, 13, 0)}, '8': {'team': 'HOU', 'date': datetime.datetime(2024, 10, 27, 13, 0)}, '9': {'team': 'MIN', 'date': datetime.datetime(2024, 11, 3, 20, 20)}, '10': {'team': 'BUF', 'date': datetime.datetime(2024, 11, 10, 13, 0)}, '11': {'team': 'NYJ', 'date': datetime.datetime(2024, 11, 17, 13, 0)}, '12': {'team': 'DET', 'date': datetime.datetime(2024, 11, 24, 13, 0)}, '13': {'team': 'NE', 'date': datetime.datetime(2024, 12, 1, 13, 0)}, '15': {'team': 'DEN', 'date': datetime.datetime(2024, 12, 15, 16, 25)}, '16': {'team': 'TEN', 'date': datetime.datetime(2024, 12, 22, 13, 0)}, '17': {'team': 'NYG', 'date': datetime.datetime(2024, 12, 29, 13, 0)}, '18': {'team': 'JAX', 'date': datetime.datetime(2025, 1, 5, 13, 0)}}","['RB', 'RB/WR', 'RB/WR/TE', 'OP', 'BE', 'IR']",BE,,,,,1.0,,,,,,,,,,,,,,1.0,,,,,,,,,,,,,,,,,,,,,,,,2.0,,,,,,,,,,,,,,,,,,,,,,,,,,,,,,,,,2.0,,,,,,,,,,,,,,,,,,,,,,,,,,,,,,,,,,,,,,,,,,,,,,,,,,,,,,,,,,,,,,,,,,,,,,,,,,,,,,,,,,,,,,,,,,,,,,,,,,,,,,,,,,,,,,,,,,,,,,,,,1.0,,,,,,,,,,,,,,,,,,,,,,,,,,,,,,,,,,,,,,,,,,,,2024,,,,71.0,7.0,,,,,,,,,,,,,,,,,,,,,,,,,,,,,64.92095511,17.68243742,,
204.0,17.0,228.77,15.25,,,,,,,,,,,,,,,,,68.0,83.83333333,7.0,196.0,94.0,42.0,35.0,15.0,8.0,99.0,365.0,14.79411765,,,,,,1.0,2.0,8.0,4.0,42.0,,,12.0,,,,,,,,,,,,,,,,,70.71615894,7.525567272,0.356335341,0.301727896,0.19717918,213.0,106.0,53.0,42.0,21.0,78.10603886,,,2.973363877,0.091959708,118.4047988,13.68731468,0.356335341,0.004824041,,1.096372928,1.096372928,,0.61396884,0.61396884,0.61396884,15.11764706,Nico Collins,HOU,DRAFT,23,4258173,9,Team Sprawl n Brawl,BE,"{'1': {'team': 'IND', 'date': datetime.datetime(2024, 9, 8, 13, 0)}, '2': {'team': 'CHI', 'date': datetime.datetime(2024, 9, 15, 20, 20)}, '3': {'team': 'MIN', 'date': datetime.datetime(2024, 9, 22, 13, 0)}, '4': {'team': 'JAX', 'date': datetime.datetime(2024, 9, 29, 13, 0)}, '5': {'team': 'BUF', 'date': datetime.datetime(2024, 10, 6, 13, 0)}, '6': {'team': 'NE', 'date': datetime.datetime(2024, 10, 13, 13, 0)}, '7': {'team': 'GB', 'date': datetime.datetime(2024, 10, 20, 13, 0)}, '8': {'team': 'IND', 'date': datetime.datetime(2024, 10, 27, 13, 0)}, '9': {'team': 'NYJ', 'date': datetime.datetime(2024, 10, 31, 20, 15)}, '10': {'team': 'DET', 'date': datetime.datetime(2024, 11, 10, 20, 20)}, '11': {'team': 'DAL', 'date': datetime.datetime(2024, 11, 18, 20, 15)}, '12': {'team': 'TEN', 'date': datetime.datetime(2024, 11, 24, 13, 0)}, '13': {'team': 'JAX', 'date': datetime.datetime(2024, 12, 1, 13, 0)}, '15': {'team': 'MIA', 'date': datetime.datetime(2024, 12, 15, 13, 0)}, '16': {'team': 'KC', 'date': datetime.datetime(2024, 12, 21, 13, 0)}, '17': {'team': 'BAL', 'date': datetime.datetime(2024, 12, 25, 16, 30)}, '18': {'team': 'TEN', 'date': datetime.datetime(2025, 1, 5, 13, 0)}}","['RB/WR', 'WR', 'WR/TE', 'RB/WR/TE', 'OP', 'BE', 'IR']",BE,1.0,1.0,4.0,4.0,,,,,,,,,,,,,,1.0,5.0,1.0,,,,,,,,,,,,,,,,,,,,,,,,,,,,,,,,,,,,,,,,,,,,,,,,,,,,,,1.0,,,,,,,,,,,,,,,,,,,,,,,,,,,,,,,,,,,,,,,,,,,,,,,,,,,,,,,,,,,,,,,,,,,,,,,,,,,,,,,,,,,,,,,,,,,,,,,,,,,,,,,,,,,,,,,,,,,,,,,,,,,,,,,,,,,,,,,,,,,,,,,,,,,,,,,,,,,,,,,,,,,,,,,2024,,,,,48.0,,,,,,,,,,,,,,,,,,,,,,,,,,,,,,49.21108865,,
182.0,12.13,224.17,14.94,,,,,,,,,,,,,,,,,66.0,66.13333333,5.0,190.0,90.0,42.0,33.0,13.0,4.0,108.0,263.0,15.03030303,,2.0,,2.0,2.0,,,10.0,5.0,30.0,,1.0,15.0,,,,,,,,,,,,,,,,,70.59987373,8.177823142,0.438883968,0.313776353,0.205052846,213.0,106.0,53.0,42.0,21.0,69.38105843,,,2.960946469,0.091575664,116.999766,15.38321838,0.438883968,0.0046655,,1.060340974,1.060340974,,0.593790945,0.593790945,0.593790945,15.11764706,DK Metcalf,PIT,DRAFT,32,4047650,9,Team Sprawl n Brawl,RB/WR/TE,"{'1': {'team': 'ATL', 'date': datetime.datetime(2024, 9, 8, 13, 0)}, '2': {'team': 'DEN', 'date': datetime.datetime(2024, 9, 15, 16, 25)}, '3': {'team': 'LAC', 'date': datetime.datetime(2024, 9, 22, 13, 0)}, '4': {'team': 'IND', 'date': datetime.datetime(2024, 9, 29, 13, 0)}, '5': {'team': 'DAL', 'date': datetime.datetime(2024, 10, 6, 20, 20)}, '6': {'team': 'LV', 'date': datetime.datetime(2024, 10, 13, 16, 5)}, '7': {'team': 'NYJ', 'date': datetime.datetime(2024, 10, 20, 20, 20)}, '8': {'team': 'NYG', 'date': datetime.datetime(2024, 10, 28, 20, 15)}, '10': {'team': 'WSH', 'date': datetime.datetime(2024, 11, 10, 13, 0)}, '11': {'team': 'BAL', 'date': datetime.datetime(2024, 11, 17, 13, 0)}, '12': {'team': 'CLE', 'date': datetime.datetime(2024, 11, 21, 20, 15)}, '13': {'team': 'CIN', 'date': datetime.datetime(2024, 12, 1, 13, 0)}, '14': {'team': 'CLE', 'date': datetime.datetime(2024, 12, 8, 13, 0)}, '15': {'team': 'PHI', 'date': datetime.datetime(2024, 12, 15, 16, 25)}, '16': {'team': 'BAL', 'date': datetime.datetime(2024, 12, 21, 16, 30)}, '17': {'team': 'KC', 'date': datetime.datetime(2024, 12, 25, 13, 0)}, '18': {'team': 'CIN', 'date': datetime.datetime(2025, 1, 4, 20, 0)}}","['RB/WR', 'WR', 'WR/TE', 'RB/WR/TE', 'OP', 'BE', 'IR']",RB/WR/TE,2.0,2.0,3.0,3.0,2.0,2.0,,,,,,,,,,,,1.0,,2.0,,,,,,,,,,,,,,,,,,,,,,,,,,,,,,,,,,,,,,,,,,,,,,,,,,,,,,,,,,,,,,,,,,,,,,,,,,,,,,,,,,,,,,,,,,,,,,,,,,,,,,,,,,,,,,,,,,,,,,,,,,,,,,,,,,,,,,,,,,,,,,,,,,,,,,,,,,,,,,,,,,,,,,,,,,,,,,,,,,,,,,,,,,,,,,,,,,,,,,,,,,,,,,,,,,,,,,,,,,,,,2024,,,,,35.0,,,,,,,,,,,,,,,,,,,,,,,,,,,,,,47.44061789,,
6.0,2.0,138.94,13.89,9.0,7.33333333,,4.0,1.0,,,,,1.0,,,,,,2.44444444,3.0,7.66666667,,4.0,2.0,1.0,,,,3.0,31.0,7.66666667,,,,,,,,,3.0,,,,3.0,143.3125433,61.31019293,4.835644621,0.24765019,131.0,65.0,32.0,26.0,13.0,28.0,14.0,0.289723408,0.202806386,1.45971172,0.049814361,4.580057666,16.252195,0.831199494,0.044036895,0.036734551,0.024006029,34.0,17.0,8.0,6.0,3.0,23.61920926,,,0.065668026,0.00203097,30.17991242,7.366634746,0.291687085,0.006024341,1.175444555,0.193723943,1.369168498,0.540704495,0.108485408,0.649189903,0.649189903,10.70588235,Jonathon Brooks,CAR,DRAFT,113,4678008,9,Team Sprawl n Brawl,RB,"{'1': {'team': 'NO', 'date': datetime.datetime(2024, 9, 8, 13, 0)}, '2': {'team': 'LAC', 'date': datetime.datetime(2024, 9, 15, 13, 0)}, '3': {'team': 'LV', 'date': datetime.datetime(2024, 9, 22, 16, 5)}, '4': {'team': 'CIN', 'date': datetime.datetime(2024, 9, 29, 13, 0)}, '5': {'team': 'CHI', 'date': datetime.datetime(2024, 10, 6, 13, 0)}, '6': {'team': 'ATL', 'date': datetime.datetime(2024, 10, 13, 16, 25)}, '7': {'team': 'WSH', 'date': datetime.datetime(2024, 10, 20, 16, 5)}, '8': {'team': 'DEN', 'date': datetime.datetime(2024, 10, 27, 16, 25)}, '9': {'team': 'NO', 'date': datetime.datetime(2024, 11, 3, 13, 0)}, '10': {'team': 'NYG', 'date': datetime.datetime(2024, 11, 10, 9, 30)}, '12': {'team': 'KC', 'date': datetime.datetime(2024, 11, 24, 13, 0)}, '13': {'team': 'TB', 'date': datetime.datetime(2024, 12, 1, 16, 5)}, '14': {'team': 'PHI', 'date': datetime.datetime(2024, 12, 8, 13, 0)}, '15': {'team': 'DAL', 'date': datetime.datetime(2024, 12, 15, 13, 0)}, '16': {'team': 'ARI', 'date': datetime.datetime(2024, 12, 22, 13, 0)}, '17': {'team': 'TB', 'date': datetime.datetime(2024, 12, 29, 13, 0)}, '18': {'team': 'ATL', 'date': datetime.datetime(2025, 1, 5, 13, 0)}}","['Rookie', 'RB', 'RB/WR', 'RB/WR/TE', 'OP', 'BE', 'IR']",RB,,,,,,,,,,,,,,,,,,,,,,,,,,,,,,,,,,,,,,,,,,,,,,,,,,,,,,,,,,,,,,,,,,,,,,,,,,,,,,,,,,,,,,,,,,,,,,,,,,,,,,,,,,,,,,,,,,,,,,,,,,,,,,,,,,,,,,,,,,,,,,,,,,,,,,,,,,,,,,,,,,,,,,,,,,,,,,,,,,,,,,,,,,,,,,,,,,,,,,,,,,,,,,,,,,,,,,,,,,,,,,,,,,,,,,,,,,,,,,,,,2024,,,,,2.0,,,,,,,,,,,,,,,,,,,,,,,,,,,,,36.05900982,9.642371458,,
124.0,7.29,166.99,11.13,,,,,,,,,,,,,,,,,47.0,35.41176471,4.0,115.0,53.0,23.0,17.0,6.0,2.0,74.0,272.0,12.80851064,,,,,,,,8.0,9.0,24.0,,1.0,17.0,,,,,,,,,,,,,,,,,54.35026586,4.182610248,0.212295636,0.22553312,0.147385894,164.0,82.0,41.0,32.0,16.0,59.847988,,,1.499048344,0.04636232,98.05644555,13.72891828,0.212295636,0.001507889,,0.342701992,0.342701992,,0.191913116,0.191913116,0.191913116,15.11764706,Kyle Pitts,ATL,DRAFT,15,4360248,9,Team Sprawl n Brawl,TE,"{'1': {'team': 'PIT', 'date': datetime.datetime(2024, 9, 8, 13, 0)}, '2': {'team': 'PHI', 'date': datetime.datetime(2024, 9, 16, 20, 15)}, '3': {'team': 'KC', 'date': datetime.datetime(2024, 9, 22, 20, 20)}, '4': {'team': 'NO', 'date': datetime.datetime(2024, 9, 29, 13, 0)}, '5': {'team': 'TB', 'date': datetime.datetime(2024, 10, 3, 20, 15)}, '6': {'team': 'CAR', 'date': datetime.datetime(2024, 10, 13, 16, 25)}, '7': {'team': 'SEA', 'date': datetime.datetime(2024, 10, 20, 13, 0)}, '8': {'team': 'TB', 'date': datetime.datetime(2024, 10, 27, 13, 0)}, '9': {'team': 'DAL', 'date': datetime.datetime(2024, 11, 3, 13, 0)}, '10': {'team': 'NO', 'date': datetime.datetime(2024, 11, 10, 13, 0)}, '11': {'team': 'DEN', 'date': datetime.datetime(2024, 11, 17, 16, 5)}, '13': {'team': 'LAC', 'date': datetime.datetime(2024, 12, 1, 13, 0)}, '14': {'team': 'MIN', 'date': datetime.datetime(2024, 12, 8, 13, 0)}, '15': {'team': 'LV', 'date': datetime.datetime(2024, 12, 16, 20, 30)}, '16': {'team': 'NYG', 'date': datetime.datetime(2024, 12, 22, 13, 0)}, '17': {'team': 'WSH', 'date': datetime.datetime(2024, 12, 29, 20, 20)}, '18': {'team': 'CAR', 'date': datetime.datetime(2025, 1, 5, 13, 0)}}","['WR/TE', 'TE', 'RB/WR/TE', 'OP', 'BE', 'IR']",TE,1.0,,,,,,,,,,,,,,,,,,,,,,,,,,,,,,,,,,,,,,,,,,,,,,,,,,,,,,,,,,,,,,,,,,,,,,,,2.0,,,,,,,,,,,,,,,,,,,,,,,,,,,,,,,,,,,,,,,,,,,,,,,,,,,,,,,,,,,,,,,,,,,,,,,,,,,,,,,,,,,,,,,,,,,,,,,,,,,,,,,,,,,,,,,,,,,,,,,,,,,,,,,,,,,,,,,,,,,,,,,,,,,,,,,,,,,,,,,,,,,,,,,,2024,,,,,22.0,,,,,,,,,,,,,,,,,,,,,,,,,,,,,,36.85978742,,
104.0,8.67,174.75,12.48,84.0,26.0,4.0,59.0,26.0,12.0,7.0,1.0,,13.0,4.0,,,,,3.71428571,30.0,18.66666667,1.0,40.0,18.0,7.0,6.0,2.0,1.0,35.0,255.0,7.46666667,1.0,1.0,,,,2.0,2.0,1.0,11.0,30.0,3.0,,12.0,124.1188492,38.37926623,3.296262142,0.18997518,108.0,54.0,27.0,21.0,10.0,24.0,12.0,0.243039018,0.170127312,0.76435694,0.02608457,4.383560937,28.39607958,1.795733016,0.089980797,0.057886071,0.037828547,80.0,40.0,20.0,16.0,8.0,49.8271174,,,0.22572647,0.006981231,66.27736329,8.079058311,0.279955977,0.005776996,0.936855822,0.376097791,1.312953613,0.430953678,0.210614763,0.641568441,0.641568441,14.17647059,Tyjae Spears,TEN,DRAFT,41,4428557,9,Team Sprawl n Brawl,BE,"{'1': {'team': 'CHI', 'date': datetime.datetime(2024, 9, 8, 13, 0)}, '2': {'team': 'NYJ', 'date': datetime.datetime(2024, 9, 15, 13, 0)}, '3': {'team': 'GB', 'date': datetime.datetime(2024, 9, 22, 13, 0)}, '4': {'team': 'MIA', 'date': datetime.datetime(2024, 9, 30, 19, 30)}, '6': {'team': 'IND', 'date': datetime.datetime(2024, 10, 13, 13, 0)}, '7': {'team': 'BUF', 'date': datetime.datetime(2024, 10, 20, 13, 0)}, '8': {'team': 'DET', 'date': datetime.datetime(2024, 10, 27, 13, 0)}, '9': {'team': 'NE', 'date': datetime.datetime(2024, 11, 3, 13, 0)}, '10': {'team': 'LAC', 'date': datetime.datetime(2024, 11, 10, 16, 5)}, '11': {'team': 'MIN', 'date': datetime.datetime(2024, 11, 17, 13, 0)}, '12': {'team': 'HOU', 'date': datetime.datetime(2024, 11, 24, 13, 0)}, '13': {'team': 'WSH', 'date': datetime.datetime(2024, 12, 1, 13, 0)}, '14': {'team': 'JAX', 'date': datetime.datetime(2024, 12, 8, 13, 0)}, '15': {'team': 'CIN', 'date': datetime.datetime(2024, 12, 15, 13, 0)}, '16': {'team': 'IND', 'date': datetime.datetime(2024, 12, 22, 13, 0)}, '17': {'team': 'JAX', 'date': datetime.datetime(2024, 12, 29, 13, 0)}, '18': {'team': 'HOU', 'date': datetime.datetime(2025, 1, 5, 13, 0)}}","['RB', 'RB/WR', 'RB/WR/TE', 'OP', 'BE', 'IR']",BE,,,,,,,198.0,17.0,5.0,0.176671389,,579.7029937,,57.0,23.0,,,,,,,,,,,,,,,,,,,,,,,,,,,,,,,,,,,,,,,,,,,,,,,,,,,,,,,,,,1.0,,1.0,,,,,,,,,,,,,,,,,,,,,,,,,,,,,,,,,,,,,,,,,,,,,,,,,,,,,,,,,,,,,,,,,,,,,,,,,,,,,,,,,,,,,,,,,,,,,,,,,,,,,,,,,,,,,,,,,,,,,,,,,,,,,,,,,,,,,,,,,,,,,,,,,,,,,,,,,,,,,,,,,,,,,,2024,,,,19.0,9.0,,,,,,,,,,,,,,,,,,,,,,,,,,,,,30.44109624,22.04275696,,
55.0,3.24,130.15,7.66,,,,,,,,,,,,,,,,,,,,,,,,,,,,,,,,,,659.0,1079.0,6.0,11.0,,,,17.0,,,,,,,,,,,,,,,,,,,,,,,,,,,,,,,,,,,,,,,,,,,17.0,49ers D/ST,SF,DRAFT,27,-16025,9,Team Sprawl n Brawl,D/ST,"{'1': {'team': 'NYJ', 'date': datetime.datetime(2024, 9, 9, 20, 15)}, '2': {'team': 'MIN', 'date': datetime.datetime(2024, 9, 15, 13, 0)}, '3': {'team': 'LAR', 'date': datetime.datetime(2024, 9, 22, 16, 25)}, '4': {'team': 'NE', 'date': datetime.datetime(2024, 9, 29, 16, 5)}, '5': {'team': 'ARI', 'date': datetime.datetime(2024, 10, 6, 16, 5)}, '6': {'team': 'SEA', 'date': datetime.datetime(2024, 10, 10, 20, 15)}, '7': {'team': 'KC', 'date': datetime.datetime(2024, 10, 20, 16, 25)}, '8': {'team': 'DAL', 'date': datetime.datetime(2024, 10, 27, 20, 20)}, '10': {'team': 'TB', 'date': datetime.datetime(2024, 11, 10, 13, 0)}, '11': {'team': 'SEA', 'date': datetime.datetime(2024, 11, 17, 16, 5)}, '12': {'team': 'GB', 'date': datetime.datetime(2024, 11, 24, 16, 25)}, '13': {'team': 'BUF', 'date': datetime.datetime(2024, 12, 1, 20, 20)}, '14': {'team': 'CHI', 'date': datetime.datetime(2024, 12, 8, 16, 25)}, '15': {'team': 'LAR', 'date': datetime.datetime(2024, 12, 12, 20, 15)}, '16': {'team': 'MIA', 'date': datetime.datetime(2024, 12, 22, 16, 25)}, '17': {'team': 'DET', 'date': datetime.datetime(2024, 12, 30, 20, 15)}, '18': {'team': 'ARI', 'date': datetime.datetime(2025, 1, 5, 16, 25)}}","['D/ST', 'BE', 'IR']",D/ST,,,,,,,884.0,83.0,29.0,0.380187564,0.171,1348.972803,276.0,134.0,53.0,27.0,11.0,,,,,,,,,,,,,,,,,,,,,,,,,,,,,,,,,,,,,,,,,,,,,,,,,,,,,,,,,420.0,,,13.0,,,,,,,,,,,,,,,,,,,,,,,,,,,,,,,,,,,6.0,0.0,0.0,3.0,0.0,1.0,11.0,2.0,,37.0,74.0,,,1.0,2.0,353.0,210.0,70.0,72.0,294.0,24.0,5.0,436.0,3.0,5.0,2.0,3.0,5396.0,0.0,1.0,6.0,3.0,5.0,2.0,0.0,0.0,0.0,0.0,0.0,3.0,0.0,3.0,5.0,2.0,3.0,0.291929508,1.319214979,4.357664964,3.608691299,0.114763889,1.867744834,14.82473927,8.768537035,1.717854627,0.214530562,42.86403207,85.72806414,1.305005061,0.562739773,2.533696287,11.61252997,1058.622555,352.0,211.0,84.39683245,328.5102571,2.468208671,2.97036147,1.59156904,0.365975768,0.0263843,19.32413277,5665.922998,0.681021532,5.448172258,4.256384577,3.660490736,1.957936905,0.681021532,0.255383075,0.059589384,333.2895881,,,,,,,,,,,,1.0,1.0,1.0,,,,,,,,,,,,,,,,,,,,,,,,,,,,,,,,,,2024,,,,,,,,,,,,,,,,,,,,,,,,,,,,,,,,,,,,,38.4770685
142.0,14.2,217.85,14.52,17.0,7.1,1.0,11.0,4.0,,,,,,,,,,,4.17647059,,,,,,,,,,,,,1.0,3.0,,,5.0,,,5.0,5.0,96.0,1.0,,10.0,30.90624323,5.533777274,0.489273638,0.02816238,16.0,8.0,4.0,3.0,1.0,6.0,3.0,0.057759464,0.040431625,0.019657576,0.000670838,2.685757001,,,,,,,,,,,,,,,,,,1.05591682,0.034271963,0.410079425,,7.789082393,0.188636536,,3.73055796,14.87371546,15.0,Derek Carr,NO,ADD,26,16757,9,Team Sprawl n Brawl,BE,"{'1': {'team': 'CAR', 'date': datetime.datetime(2024, 9, 8, 13, 0)}, '2': {'team': 'DAL', 'date': datetime.datetime(2024, 9, 15, 13, 0)}, '3': {'team': 'PHI', 'date': datetime.datetime(2024, 9, 22, 13, 0)}, '4': {'team': 'ATL', 'date': datetime.datetime(2024, 9, 29, 13, 0)}, '5': {'team': 'KC', 'date': datetime.datetime(2024, 10, 7, 20, 15)}, '6': {'team': 'TB', 'date': datetime.datetime(2024, 10, 13, 13, 0)}, '7': {'team': 'DEN', 'date': datetime.datetime(2024, 10, 17, 20, 15)}, '8': {'team': 'LAC', 'date': datetime.datetime(2024, 10, 27, 16, 5)}, '9': {'team': 'CAR', 'date': datetime.datetime(2024, 11, 3, 13, 0)}, '10': {'team': 'ATL', 'date': datetime.datetime(2024, 11, 10, 13, 0)}, '11': {'team': 'CLE', 'date': datetime.datetime(2024, 11, 17, 13, 0)}, '13': {'team': 'LAR', 'date': datetime.datetime(2024, 12, 1, 16, 5)}, '14': {'team': 'NYG', 'date': datetime.datetime(2024, 12, 8, 13, 0)}, '15': {'team': 'WSH', 'date': datetime.datetime(2024, 12, 15, 13, 0)}, '16': {'team': 'GB', 'date': datetime.datetime(2024, 12, 23, 20, 15)}, '17': {'team': 'LV', 'date': datetime.datetime(2024, 12, 29, 13, 0)}, '18': {'team': 'TB', 'date': datetime.datetime(2025, 1, 5, 13, 0)}}","['QB', 'OP', 'BE', 'IR']",BE,,,,,,,,,,,,,,,,,,,,,279.0,189.0,90.0,214.5,15.0,424.0,209.0,103.0,80.0,37.0,17.0,33.0,14.0,14.0,5.0,6.0,4.0,,1.0,5.0,0.67741935,8.0,2.0,4.0,4.0,1.0,,523.238471,346.438434,176.8000371,254.1870942,20.58605403,762.0,381.0,190.0,152.0,76.0,38.0,69.0,34.0,3.257165701,2.128557786,3.578892288,0.483414509,1.02775444,11.1431575,0.662104285,32.89101627,7.379002968,3.541921424,,,,,,,,,,,,,,,,,,,,,,,,,,,,,,,,,,,,,,,,,,,,,,,,,,,,,,,,,,,,,,,,,,,,,,,,,,,,,,,,,,,,,,,,,,,,,,,,,,,,,,,,,,,,,,,,,,,,,,,,,,,,,,,,,,,,,,,,,,,,,,,,,,,,,,,,,,,,,,,,,,,,,,,,,,,2024,,,93.0,4.0,,,,,,,,,,,,,,,,,,,,,,,,,,,,,,6.873379911,,184.8965475,
167.0,9.82,82.25,5.88,192.0,49.35294118,5.0,161.0,77.0,36.0,27.0,10.0,3.0,32.0,11.0,1.0,,3.0,,4.36979167,38.0,16.70588235,1.0,49.0,20.0,7.0,6.0,1.0,2.0,53.0,281.0,7.47368421,2.0,5.0,2.0,2.0,2.0,1.0,1.0,3.0,14.0,36.0,3.0,,17.0,73.06165074,21.58105254,1.816243609,0.088102703,61.0,30.0,15.0,12.0,6.0,14.0,7.0,0.139357894,0.097550526,0.242978057,0.008291909,4.187465701,10.58901746,0.780604326,0.044470506,0.03721244,0.024318329,30.0,15.0,7.0,6.0,3.0,21.86411057,,,0.058434389,0.001807249,28.49459366,6.865812996,0.13257321,0.003425742,0.599249149,0.179328684,0.778577832,0.275654608,0.100424063,0.376078671,0.376078671,14.17647059,Tyrone Tracy Jr.,NYG,ADD,27,4360516,9,Team Sprawl n Brawl,RB,"{'1': {'team': 'MIN', 'date': datetime.datetime(2024, 9, 8, 13, 0)}, '2': {'team': 'WSH', 'date': datetime.datetime(2024, 9, 15, 13, 0)}, '3': {'team': 'CLE', 'date': datetime.datetime(2024, 9, 22, 13, 0)}, '4': {'team': 'DAL', 'date': datetime.datetime(2024, 9, 26, 20, 15)}, '5': {'team': 'SEA', 'date': datetime.datetime(2024, 10, 6, 16, 25)}, '6': {'team': 'CIN', 'date': datetime.datetime(2024, 10, 13, 20, 20)}, '7': {'team': 'PHI', 'date': datetime.datetime(2024, 10, 20, 13, 0)}, '8': {'team': 'PIT', 'date': datetime.datetime(2024, 10, 28, 20, 15)}, '9': {'team': 'WSH', 'date': datetime.datetime(2024, 11, 3, 13, 0)}, '10': {'team': 'CAR', 'date': datetime.datetime(2024, 11, 10, 9, 30)}, '12': {'team': 'TB', 'date': datetime.datetime(2024, 11, 24, 13, 0)}, '13': {'team': 'DAL', 'date': datetime.datetime(2024, 11, 28, 16, 30)}, '14': {'team': 'NO', 'date': datetime.datetime(2024, 12, 8, 13, 0)}, '15': {'team': 'BAL', 'date': datetime.datetime(2024, 12, 15, 13, 0)}, '16': {'team': 'ATL', 'date': datetime.datetime(2024, 12, 22, 13, 0)}, '17': {'team': 'IND', 'date': datetime.datetime(2024, 12, 29, 13, 0)}, '18': {'team': 'PHI', 'date': datetime.datetime(2025, 1, 5, 13, 0)}}","['Rookie', 'RB', 'RB/WR', 'RB/WR/TE', 'OP', 'BE', 'IR']",RB,,,,,2.0,,61.0,5.0,2.0,0.045327967,,148.732392,,14.0,5.0,,,,1.0,,,,,,,,,,,,,,,,,,,,,,,,1.0,,,,,,,,,,,,,,,,,,,,,,,,,,,,,,,,,,,,,,,,,,,,,,,,,,,,,,,,,,,,,,,,,,,,,,,,,,,,,,,,,,,,,,,,,,,,,,,,,,,,,,,,,,,,,,,,,,,,,,,,,,,,,,,,,,,,,,,,,,,,,,,,,,,,,,,,,1.0,1.0,,,,,,,,,,,,,,,,,,,,,,,,,,,,,,,,,,,,,,,,,,,,2024,,,,39.0,13.0,,,,,,,,,,,,,,,,,,,,,,,,,,,,,18.1949996,8.292622903,,
204.0,12.75,239.44,15.96,30.0,2.5625,,9.0,3.0,,,,,1.0,,,,,,1.36666667,,,,,,,,,,,,,2.0,6.0,,2.0,10.0,,,10.0,6.0,120.0,,,16.0,25.69903484,4.546150917,0.978507847,0.048628992,13.0,6.0,3.0,2.0,1.0,5.0,2.0,0.047876486,0.03351354,0.0131647,0.000449261,2.653495128,,,,,,,,,,,,,,,,,,1.28906492,0.022679536,0.222732108,,5.154440018,0.10245677,,2.469676567,14.85840944,15.0,Matthew Stafford,LAR,ADD,19,12483,9,Team Sprawl n Brawl,QB,"{'1': {'team': 'DET', 'date': datetime.datetime(2024, 9, 8, 20, 20)}, '2': {'team': 'ARI', 'date': datetime.datetime(2024, 9, 15, 16, 5)}, '3': {'team': 'SF', 'date': datetime.datetime(2024, 9, 22, 16, 25)}, '4': {'team': 'CHI', 'date': datetime.datetime(2024, 9, 29, 13, 0)}, '5': {'team': 'GB', 'date': datetime.datetime(2024, 10, 6, 16, 25)}, '7': {'team': 'LV', 'date': datetime.datetime(2024, 10, 20, 16, 5)}, '8': {'team': 'MIN', 'date': datetime.datetime(2024, 10, 24, 20, 15)}, '9': {'team': 'SEA', 'date': datetime.datetime(2024, 11, 3, 16, 25)}, '10': {'team': 'MIA', 'date': datetime.datetime(2024, 11, 11, 20, 15)}, '11': {'team': 'NE', 'date': datetime.datetime(2024, 11, 17, 13, 0)}, '12': {'team': 'PHI', 'date': datetime.datetime(2024, 11, 24, 20, 20)}, '13': {'team': 'NO', 'date': datetime.datetime(2024, 12, 1, 16, 5)}, '14': {'team': 'BUF', 'date': datetime.datetime(2024, 12, 8, 16, 25)}, '15': {'team': 'SF', 'date': datetime.datetime(2024, 12, 12, 20, 15)}, '16': {'team': 'NYJ', 'date': datetime.datetime(2024, 12, 22, 13, 0)}, '17': {'team': 'ARI', 'date': datetime.datetime(2024, 12, 28, 20, 0)}, '18': {'team': 'SEA', 'date': datetime.datetime(2025, 1, 5, 16, 25)}}","['QB', 'OP', 'BE', 'IR']",QB,,,,,,,,,,,,,,,,,,,,,517.0,340.0,177.0,235.125,20.0,746.0,370.0,181.0,141.0,67.0,29.0,60.0,26.0,28.0,8.0,1.0,1.0,2.0,,8.0,0.65764023,28.0,3.0,9.0,7.0,2.0,1.0,533.9950102,346.7587264,187.2362838,270.3988826,23.14297405,811.0,405.0,202.0,162.0,81.0,40.0,69.0,34.0,3.653731624,2.387713616,4.548871951,0.614433328,1.240435928,12.38873287,0.649366979,35.02997024,4.93170791,2.367219797,,,,,,,,,,,,,,,,,,,,,,,,,,,,,,,,,,,,,,,,,,,,,,,,,,,,,,,,,,,,,,,,,,,,,,,,,,,,,,,,,,,,,,,,,,,,,,,,,,,,,,,,,,,,,,,,,,,,,,,,,,,,,,,1.0,,,,,,,,,,,,,,,,,,,,,,,,,,,,,,,,,,,,,,,,,,,,2024,,,176.0,10.0,,,,,,,,,,,,,,,,,,,,,,,,,,,,,,6.421537585,,191.7612727,
128.0,9.85,115.96,7.73,4.0,3.30769231,,7.0,2.0,,,,,,,,,,,10.75,37.0,35.46153846,8.0,89.0,41.0,16.0,14.0,5.0,4.0,58.0,133.0,12.45945946,,,,,,1.0,1.0,9.0,4.0,48.0,,2.0,13.0,,,,,,,,,,,,,,,,,35.37933418,3.279989398,0.153883079,0.155945307,0.101910258,106.0,53.0,26.0,21.0,10.0,43.47804112,,,0.464082497,0.014353067,69.93203074,12.30166478,0.153883079,0.00203258,,0.461949952,0.461949952,,0.258691973,0.258691973,0.258691973,15.11764706,Jalen McMillan,TB,ADD,54,4430834,9,Team Sprawl n Brawl,BE,"{'1': {'team': 'WSH', 'date': datetime.datetime(2024, 9, 8, 16, 25)}, '2': {'team': 'DET', 'date': datetime.datetime(2024, 9, 15, 13, 0)}, '3': {'team': 'DEN', 'date': datetime.datetime(2024, 9, 22, 13, 0)}, '4': {'team': 'PHI', 'date': datetime.datetime(2024, 9, 29, 13, 0)}, '5': {'team': 'ATL', 'date': datetime.datetime(2024, 10, 3, 20, 15)}, '6': {'team': 'NO', 'date': datetime.datetime(2024, 10, 13, 13, 0)}, '7': {'team': 'BAL', 'date': datetime.datetime(2024, 10, 21, 20, 15)}, '8': {'team': 'ATL', 'date': datetime.datetime(2024, 10, 27, 13, 0)}, '9': {'team': 'KC', 'date': datetime.datetime(2024, 11, 4, 20, 15)}, '10': {'team': 'SF', 'date': datetime.datetime(2024, 11, 10, 13, 0)}, '12': {'team': 'NYG', 'date': datetime.datetime(2024, 11, 24, 13, 0)}, '13': {'team': 'CAR', 'date': datetime.datetime(2024, 12, 1, 16, 5)}, '14': {'team': 'LV', 'date': datetime.datetime(2024, 12, 8, 13, 0)}, '15': {'team': 'LAC', 'date': datetime.datetime(2024, 12, 15, 16, 25)}, '16': {'team': 'DAL', 'date': datetime.datetime(2024, 12, 22, 20, 20)}, '17': {'team': 'CAR', 'date': datetime.datetime(2024, 12, 29, 13, 0)}, '18': {'team': 'NO', 'date': datetime.datetime(2025, 1, 5, 13, 0)}}","['Rookie', 'RB/WR', 'WR', 'WR/TE', 'RB/WR/TE', 'OP', 'BE', 'IR']",BE,,,,,,,,,,,,,,,,,,,,2.0,,,,,,,,,,,,,,,,,,,,,,,,,,,,,,,,,,,,,,,,,,,,,,,,,,,,,4.0,,,,,,,,,,,,,,,,,,,,,,,,,,,,,,,,,,,,,,,,,,,,,,,,,,,,,,,,,,12.0,1.0,,,,,,,,,,,,,,,,,,,,,,,,,,,,,,,,,,,,,,,,,,,,,,,,,,,,,,,,,,,,,,,,,,,,,,,,,,,,,,,,,,,,,,,,,,,,,,,,,,,,,,,,,,,,,2024,,,,3.0,23.0,,,,,,,,,,,,,,,,,,,,,,,,,,,,,,24.85073628,,
136.0,13.6,170.73,11.38,,,,,,,,,,,,,,,,,48.0,61.5,5.0,119.0,58.0,27.0,19.0,7.0,6.0,62.0,152.0,12.8125,,,,,,1.0,1.0,3.0,7.0,30.0,,1.0,10.0,,,,,,,,,,,,,,,,,46.74477832,4.609640527,0.244292139,0.110099058,0.071949734,141.0,70.0,35.0,28.0,14.0,73.96814257,,,0.991364552,0.030660759,100.1641669,9.553721859,0.244292139,0.005576868,,1.267469934,1.267469934,,0.709783163,0.709783163,0.709783163,15.11764706,Adam Thielen,CAR,ADD,50,16460,9,Team Sprawl n Brawl,WR,"{'1': {'team': 'NO', 'date': datetime.datetime(2024, 9, 8, 13, 0)}, '2': {'team': 'LAC', 'date': datetime.datetime(2024, 9, 15, 13, 0)}, '3': {'team': 'LV', 'date': datetime.datetime(2024, 9, 22, 16, 5)}, '4': {'team': 'CIN', 'date': datetime.datetime(2024, 9, 29, 13, 0)}, '5': {'team': 'CHI', 'date': datetime.datetime(2024, 10, 6, 13, 0)}, '6': {'team': 'ATL', 'date': datetime.datetime(2024, 10, 13, 16, 25)}, '7': {'team': 'WSH', 'date': datetime.datetime(2024, 10, 20, 16, 5)}, '8': {'team': 'DEN', 'date': datetime.datetime(2024, 10, 27, 16, 25)}, '9': {'team': 'NO', 'date': datetime.datetime(2024, 11, 3, 13, 0)}, '10': {'team': 'NYG', 'date': datetime.datetime(2024, 11, 10, 9, 30)}, '12': {'team': 'KC', 'date': datetime.datetime(2024, 11, 24, 13, 0)}, '13': {'team': 'TB', 'date': datetime.datetime(2024, 12, 1, 16, 5)}, '14': {'team': 'PHI', 'date': datetime.datetime(2024, 12, 8, 13, 0)}, '15': {'team': 'DAL', 'date': datetime.datetime(2024, 12, 15, 13, 0)}, '16': {'team': 'ARI', 'date': datetime.datetime(2024, 12, 22, 13, 0)}, '17': {'team': 'TB', 'date': datetime.datetime(2024, 12, 29, 13, 0)}, '18': {'team': 'ATL', 'date': datetime.datetime(2025, 1, 5, 13, 0)}}","['RB/WR', 'WR', 'WR/TE', 'RB/WR/TE', 'OP', 'BE', 'IR']",WR,1.0,,2.0,2.0,,,,,,,,,,,,,,,1.0,1.0,,,,,,,,,,,,,,,,,,,,,,,,,,,,,,,,,,,,,,,,,,,,,,,,,,,,,1.0,,,,,,,,,,,,,,,,,,,,,,,,,,,,,,,,,,,,,,,,,,,,,,,,,,,,,,,,,,,,,,,,,,,,,,,,,,,,,,,,,,,,,,,,,,,,,,,,,,,,,,,,,,,,,,,,,,,,,,,,,,,,,,,,,,,,,,,,,,,,,,,,,,,,,,,,,,,,,,,,,,,,,,,,2024,,,,,28.0,,,,,,,,,,,,,,,,,,,,,,,,,,,,,,37.08223878,,
53.0,3.12,42.76,2.85,,,,,,,,,,,,,,,,,27.0,14.17647059,1.0,45.0,20.0,8.0,6.0,2.0,3.0,36.0,97.0,8.92592593,,,,,,3.0,5.0,7.0,10.0,6.0,,,17.0,,,,,,,,,,,,,,,,,11.32422899,1.543958171,0.074835466,0.108390717,0.070833333,34.0,17.0,8.0,6.0,3.0,16.5542147,,,0.064884277,0.00200673,24.36715047,10.34151726,0.074835466,0.000834177,,0.189585734,0.189585734,,0.106168011,0.106168011,0.106168011,15.11764706,Luke Schoonmaker,DAL,ADD,43,4372096,9,Team Sprawl n Brawl,BE,"{'1': {'team': 'CLE', 'date': datetime.datetime(2024, 9, 8, 16, 25)}, '2': {'team': 'NO', 'date': datetime.datetime(2024, 9, 15, 13, 0)}, '3': {'team': 'BAL', 'date': datetime.datetime(2024, 9, 22, 16, 25)}, '4': {'team': 'NYG', 'date': datetime.datetime(2024, 9, 26, 20, 15)}, '5': {'team': 'PIT', 'date': datetime.datetime(2024, 10, 6, 20, 20)}, '6': {'team': 'DET', 'date': datetime.datetime(2024, 10, 13, 16, 25)}, '8': {'team': 'SF', 'date': datetime.datetime(2024, 10, 27, 20, 20)}, '9': {'team': 'ATL', 'date': datetime.datetime(2024, 11, 3, 13, 0)}, '10': {'team': 'PHI', 'date': datetime.datetime(2024, 11, 10, 16, 25)}, '11': {'team': 'HOU', 'date': datetime.datetime(2024, 11, 18, 20, 15)}, '12': {'team': 'WSH', 'date': datetime.datetime(2024, 11, 24, 13, 0)}, '13': {'team': 'NYG', 'date': datetime.datetime(2024, 11, 28, 16, 30)}, '14': {'team': 'CIN', 'date': datetime.datetime(2024, 12, 9, 20, 15)}, '15': {'team': 'CAR', 'date': datetime.datetime(2024, 12, 15, 13, 0)}, '16': {'team': 'TB', 'date': datetime.datetime(2024, 12, 22, 20, 20)}, '17': {'team': 'PHI', 'date': datetime.datetime(2024, 12, 29, 13, 0)}, '18': {'team': 'WSH', 'date': datetime.datetime(2025, 1, 5, 13, 0)}}","['WR/TE', 'TE', 'RB/WR/TE', 'OP', 'BE', 'IR']",BE,,,,,,,,,,,,,,,,,,,,1.0,,,,,,,,,,,,,,,,,,,,,,,,,,,,,,,,,,,,,,,,,,,,,,,,,,,,,,2.0,,,,,,,,,,,,,,,,,,,,,,,,,,,,,,,,,,,,,,,,,,,,,,,,,,,,,,,,,,,,,,,,,,,,,,,,,,,,,,,,,,,,,,,,,,,,,,,,,,,,,,,,,,,,,,,,,,,,,,,,,,,,,,,,,,,,,,,,,,,,,,,,,,,,,,,,,,,,,,,,,,,,,,,2024,,,,,11.0,,,,,,,,,,,,,,,,,,,,,,,,,,,,,,7.975795683,,
81.0,4.76,127.12,7.48,,,,,,,,,,,,,,,,,,,,,,,,,,,,,,,,,,683.0,1130.0,7.0,10.0,,,,17.0,,,,,,,,,,,,,,,,,,,,,,,,,,,,,,,,,,,,,,,,,,,17.0,Cowboys D/ST,DAL,ADD,17,-16006,9,Team Sprawl n Brawl,BE,"{'1': {'team': 'CLE', 'date': datetime.datetime(2024, 9, 8, 16, 25)}, '2': {'team': 'NO', 'date': datetime.datetime(2024, 9, 15, 13, 0)}, '3': {'team': 'BAL', 'date': datetime.datetime(2024, 9, 22, 16, 25)}, '4': {'team': 'NYG', 'date': datetime.datetime(2024, 9, 26, 20, 15)}, '5': {'team': 'PIT', 'date': datetime.datetime(2024, 10, 6, 20, 20)}, '6': {'team': 'DET', 'date': datetime.datetime(2024, 10, 13, 16, 25)}, '8': {'team': 'SF', 'date': datetime.datetime(2024, 10, 27, 20, 20)}, '9': {'team': 'ATL', 'date': datetime.datetime(2024, 11, 3, 13, 0)}, '10': {'team': 'PHI', 'date': datetime.datetime(2024, 11, 10, 16, 25)}, '11': {'team': 'HOU', 'date': datetime.datetime(2024, 11, 18, 20, 15)}, '12': {'team': 'WSH', 'date': datetime.datetime(2024, 11, 24, 13, 0)}, '13': {'team': 'NYG', 'date': datetime.datetime(2024, 11, 28, 16, 30)}, '14': {'team': 'CIN', 'date': datetime.datetime(2024, 12, 9, 20, 15)}, '15': {'team': 'CAR', 'date': datetime.datetime(2024, 12, 15, 13, 0)}, '16': {'team': 'TB', 'date': datetime.datetime(2024, 12, 22, 20, 20)}, '17': {'team': 'PHI', 'date': datetime.datetime(2024, 12, 29, 13, 0)}, '18': {'team': 'WSH', 'date': datetime.datetime(2025, 1, 5, 13, 0)}}","['D/ST', 'BE', 'IR']",BE,,,,,,,1091.0,103.0,37.0,0.333729096,0.13851,1571.319938,265.7659091,157.0,62.0,26.0,10.0,,,,,,,,,,,,,,,,,,,,,,,,,,,,,,,,,,,,,,,,,,,,,,,,,,,,,,,,,447.0,,,18.0,,,,,,,,,,,,,,,,,,,,,,,,,,,,,,,,,,,9.0,0.0,0.0,0.0,4.0,1.0,13.0,1.0,,52.0,104.0,2.0,1.0,1.0,4.0,371.0,218.0,51.0,70.0,188.0,17.0,4.0,456.0,1.0,5.0,4.0,2.0,6039.0,0.0,0.0,5.0,3.0,2.0,4.0,3.0,0.0,0.0,0.0,0.0,0.0,4.0,1.0,5.0,4.0,2.0,0.282539047,1.276531838,4.238085703,3.540248298,0.111502625,1.867651032,12.9480283,8.904276674,1.731395721,0.213995647,45.80878686,91.61757371,1.303561785,0.564089247,2.451392752,13.23404812,1062.112146,354.0,212.0,70.22742147,329.7927541,2.467961554,3.029635563,1.685022026,0.442531037,0.037444934,19.39957377,5574.282928,0.783645656,6.132879046,4.497444634,3.526405451,1.584327087,0.340715503,0.119250426,0.015332198,327.8989957,,,,,,,,,,,,1.0,1.0,,,,,,,,,,,,,,,,,,,,,,,,,,,,,,,,,,,2024,,,,,,,,,,,,,,,,,,,,,,,,,,,,,,,,,,,,,35.2687174
133.0,7.82,143.43,8.44,,,,,,,,,,,,,,,,,,,,,,,,,,,,,,,,,,,,14.0,3.0,131.0,,,17.0,,,,,,,,,,,,,,,,,,,,,,,,,,,,,,,,,,,,,,,,,,,17.0,Jake Elliott,PHI,ADD,13,3050478,9,Team Sprawl n Brawl,K,"{'1': {'team': 'GB', 'date': datetime.datetime(2024, 9, 6, 20, 15)}, '2': {'team': 'ATL', 'date': datetime.datetime(2024, 9, 16, 20, 15)}, '3': {'team': 'NO', 'date': datetime.datetime(2024, 9, 22, 13, 0)}, '4': {'team': 'TB', 'date': datetime.datetime(2024, 9, 29, 13, 0)}, '6': {'team': 'CLE', 'date': datetime.datetime(2024, 10, 13, 13, 0)}, '7': {'team': 'NYG', 'date': datetime.datetime(2024, 10, 20, 13, 0)}, '8': {'team': 'CIN', 'date': datetime.datetime(2024, 10, 27, 13, 0)}, '9': {'team': 'JAX', 'date': datetime.datetime(2024, 11, 3, 16, 5)}, '10': {'team': 'DAL', 'date': datetime.datetime(2024, 11, 10, 16, 25)}, '11': {'team': 'WSH', 'date': datetime.datetime(2024, 11, 14, 20, 15)}, '12': {'team': 'LAR', 'date': datetime.datetime(2024, 11, 24, 20, 20)}, '13': {'team': 'BAL', 'date': datetime.datetime(2024, 12, 1, 16, 25)}, '14': {'team': 'CAR', 'date': datetime.datetime(2024, 12, 8, 13, 0)}, '15': {'team': 'PIT', 'date': datetime.datetime(2024, 12, 15, 16, 25)}, '16': {'team': 'WSH', 'date': datetime.datetime(2024, 12, 22, 13, 0)}, '17': {'team': 'DAL', 'date': datetime.datetime(2024, 12, 29, 13, 0)}, '18': {'team': 'NYG', 'date': datetime.datetime(2025, 1, 5, 13, 0)}}","['K', 'BE', 'IR']",K,,,,,,,,,,,,,,,,,,,,,,,,,,,,,,,,,,,,,,,,,,,,,,,,,,,,,,,,,,,,,,,,,,,,,,,,,,,,,,1.0,7.0,8.0,9.0,1.0,19.0,20.0,1.0,28.0,36.0,8.0,47.0,48.0,1.0,1.0,6.0,4.71015382,6.564805377,1.854651557,7.584185587,9.132229262,1.548043675,16.63398186,16.80200188,0.168020019,28.92832127,32.49903652,3.57071525,43.21370563,44.09561799,0.88191236,4.71015382,6.564805377,1.854651557,,,,,,,,,,,,,,,,,,,,,,,,,,,,,,,,,,,,,,,,,,,,,,,,,,,,,,,,,,,,,,,,,,,,,,,,,,,,,,,,,,,,,,,6.0,5.0,1.0,1.0,,,,,,,,,,,,,,,,,,,,,,,,,,,,,,,,,,,,,,,,2024,,,,,,971.0,359.0,1330.0,189.0,90.0,39.0,35.0,14.0,2.0,70.0,33.0,14.0,12.0,5.0,262.0,126.0,57.0,48.0,20.0,5.0,,,1094.656114,174.85375,1269.509864,,,,,,,
209.0,12.29,297.81,19.85,8.0,3.11764706,,9.0,3.0,,,,,,,,,,,6.625,81.0,56.41176471,6.0,186.0,89.0,42.0,29.0,11.0,9.0,123.0,292.0,11.83950617,,,,,,2.0,2.0,8.0,9.0,36.0,,,17.0,4.121341761,1.651478139,0.264375219,0.011803866,4.0,2.0,1.0,,,,,0.007575163,0.005302614,0.001435899,4.90017e-05,6.057848411,94.97808314,7.719455031,0.404122656,0.331227482,0.216457159,287.0,143.0,71.0,57.0,28.0,105.7998521,,,5.647981941,0.174679854,155.2575483,13.57133409,0.415926522,0.007002479,0.059670039,1.531802429,1.591472468,0.027448218,0.85780936,0.885257578,0.885257578,15.11764706,Tyreek Hill,MIA,DRAFT,19,3116406,10,Ambler Thighs,WR,"{'1': {'team': 'JAX', 'date': datetime.datetime(2024, 9, 8, 13, 0)}, '2': {'team': 'BUF', 'date': datetime.datetime(2024, 9, 12, 20, 15)}, '3': {'team': 'SEA', 'date': datetime.datetime(2024, 9, 22, 16, 5)}, '4': {'team': 'TEN', 'date': datetime.datetime(2024, 9, 30, 19, 30)}, '5': {'team': 'NE', 'date': datetime.datetime(2024, 10, 6, 13, 0)}, '7': {'team': 'IND', 'date': datetime.datetime(2024, 10, 20, 13, 0)}, '8': {'team': 'ARI', 'date': datetime.datetime(2024, 10, 27, 13, 0)}, '9': {'team': 'BUF', 'date': datetime.datetime(2024, 11, 3, 13, 0)}, '10': {'team': 'LAR', 'date': datetime.datetime(2024, 11, 11, 20, 15)}, '11': {'team': 'LV', 'date': datetime.datetime(2024, 11, 17, 13, 0)}, '12': {'team': 'NE', 'date': datetime.datetime(2024, 11, 24, 13, 0)}, '13': {'team': 'GB', 'date': datetime.datetime(2024, 11, 28, 20, 20)}, '14': {'team': 'NYJ', 'date': datetime.datetime(2024, 12, 8, 13, 0)}, '15': {'team': 'HOU', 'date': datetime.datetime(2024, 12, 15, 13, 0)}, '16': {'team': 'SF', 'date': datetime.datetime(2024, 12, 22, 16, 25)}, '17': {'team': 'CLE', 'date': datetime.datetime(2024, 12, 29, 16, 5)}, '18': {'team': 'NYJ', 'date': datetime.datetime(2025, 1, 5, 16, 25)}}","['RB/WR', 'WR', 'WR/TE', 'RB/WR/TE', 'OP', 'BE', 'IR']",WR,1.0,1.0,3.0,3.0,,,,,,,,,,,,,,1.0,4.0,,,,,,,,,,,,,,,,,,,,,,,,,,,,,,,,,,,,,,,,,,,,,,,,,,,,,,1.0,,,,,,,,,,,,,,,,,,,,,,,,,,,,,,,,,,,,,,,,,,,,,,,,,,,,,,,,,,31.0,2.0,,,,,,,,,,,,,,,,,,,,,,,,,,,,,,,,,,,,,,,,,,,,,,,,,,,,,,,,,,,,,,,,,,,,,,,,,,,,,,,,,,,,,,,,,,,,,,,,,,,,,,,,,,,,,2024,,,,2.0,54.0,,,,,,,,,,,,,,,,,,,,,,,,,,,,,3.36246725,65.71714795,,
360.0,21.18,277.46,18.5,42.0,11.82352941,2.0,37.0,14.0,4.0,4.0,1.0,,1.0,,1.0,,,,4.78571429,,,,,,,,,,,,,2.0,11.0,,5.0,14.0,,,9.0,8.0,270.0,1.0,,17.0,53.0305267,11.60286573,2.574823219,0.151044833,34.0,17.0,8.0,6.0,3.0,10.0,5.0,0.100435609,0.070304927,0.087975278,0.003002259,3.281939607,,,,,,,,,,,,,,,,,,1.455720179,0.029569124,0.548570893,,6.72025554,0.252342611,,3.214751241,14.57526972,15.0,Joe Burrow,CIN,DRAFT,3,3915511,10,Ambler Thighs,QB,"{'1': {'team': 'NE', 'date': datetime.datetime(2024, 9, 8, 13, 0)}, '2': {'team': 'KC', 'date': datetime.datetime(2024, 9, 15, 16, 25)}, '3': {'team': 'WSH', 'date': datetime.datetime(2024, 9, 23, 20, 15)}, '4': {'team': 'CAR', 'date': datetime.datetime(2024, 9, 29, 13, 0)}, '5': {'team': 'BAL', 'date': datetime.datetime(2024, 10, 6, 13, 0)}, '6': {'team': 'NYG', 'date': datetime.datetime(2024, 10, 13, 20, 20)}, '7': {'team': 'CLE', 'date': datetime.datetime(2024, 10, 20, 13, 0)}, '8': {'team': 'PHI', 'date': datetime.datetime(2024, 10, 27, 13, 0)}, '9': {'team': 'LV', 'date': datetime.datetime(2024, 11, 3, 13, 0)}, '10': {'team': 'BAL', 'date': datetime.datetime(2024, 11, 7, 20, 15)}, '11': {'team': 'LAC', 'date': datetime.datetime(2024, 11, 17, 20, 20)}, '13': {'team': 'PIT', 'date': datetime.datetime(2024, 12, 1, 13, 0)}, '14': {'team': 'DAL', 'date': datetime.datetime(2024, 12, 9, 20, 15)}, '15': {'team': 'TEN', 'date': datetime.datetime(2024, 12, 15, 13, 0)}, '16': {'team': 'CLE', 'date': datetime.datetime(2024, 12, 22, 13, 0)}, '17': {'team': 'DEN', 'date': datetime.datetime(2024, 12, 28, 16, 30)}, '18': {'team': 'PIT', 'date': datetime.datetime(2025, 1, 4, 20, 0)}}","['QB', 'OP', 'BE', 'IR']",QB,,,,,,,,,,,,,,,,,,,,,652.0,460.0,192.0,289.29411765,43.0,975.0,484.0,237.0,190.0,92.0,41.0,84.0,37.0,31.0,12.0,9.0,4.0,5.0,,9.0,0.70552147,48.0,8.0,20.0,8.0,1.0,3.0,554.524958,368.8601476,185.6648104,274.7644151,26.76726733,824.0,412.0,206.0,164.0,82.0,41.0,73.0,36.0,3.76586295,2.460991438,4.857064288,0.656062032,1.304675345,11.36051848,0.665182229,42.09380532,6.171684648,2.962408631,,,,,,,,,,,,,,,,,,,,,,,,,,,,,,,,,,,,,,,,,,,,,,,,,,,,,,,,,,,,,,,,,,,,,,,,,,,,,,,,,,,,,,,,,,,,,,,,,,,,,,,,,,,,,,,,,,,,,,,,,,,,,,,4.0,,,,,,,2.0,,,,,,,,,,,,,,,,,,,,,,,,,,,,,,,,,,,,,2024,,,253.0,16.0,,,,,,,,,,,,,,,,,,,,,,,,,,,,,,12.84615243,,200.5892886,
73.0,9.12,245.34,16.36,1.0,0.875,,1.0,,,,,,,,,,,,7.0,32.0,50.0,1.0,78.0,37.0,17.0,13.0,5.0,3.0,44.0,121.0,12.5,,1.0,,1.0,1.0,2.0,2.0,2.0,6.0,6.0,,,8.0,,,,,,,,,,,,,,,,,83.62961056,5.605569594,0.280240897,0.309991507,0.20257945,252.0,126.0,63.0,50.0,25.0,86.44974955,,,4.389858433,0.135768818,138.9159253,14.6244835,0.280240897,0.00525666,,1.194695492,1.194695492,,0.669029475,0.669029475,0.669029475,15.11764706,Chris Olave,NO,DRAFT,93,4361370,10,Ambler Thighs,BE,"{'1': {'team': 'CAR', 'date': datetime.datetime(2024, 9, 8, 13, 0)}, '2': {'team': 'DAL', 'date': datetime.datetime(2024, 9, 15, 13, 0)}, '3': {'team': 'PHI', 'date': datetime.datetime(2024, 9, 22, 13, 0)}, '4': {'team': 'ATL', 'date': datetime.datetime(2024, 9, 29, 13, 0)}, '5': {'team': 'KC', 'date': datetime.datetime(2024, 10, 7, 20, 15)}, '6': {'team': 'TB', 'date': datetime.datetime(2024, 10, 13, 13, 0)}, '7': {'team': 'DEN', 'date': datetime.datetime(2024, 10, 17, 20, 15)}, '8': {'team': 'LAC', 'date': datetime.datetime(2024, 10, 27, 16, 5)}, '9': {'team': 'CAR', 'date': datetime.datetime(2024, 11, 3, 13, 0)}, '10': {'team': 'ATL', 'date': datetime.datetime(2024, 11, 10, 13, 0)}, '11': {'team': 'CLE', 'date': datetime.datetime(2024, 11, 17, 13, 0)}, '13': {'team': 'LAR', 'date': datetime.datetime(2024, 12, 1, 16, 5)}, '14': {'team': 'NYG', 'date': datetime.datetime(2024, 12, 8, 13, 0)}, '15': {'team': 'WSH', 'date': datetime.datetime(2024, 12, 15, 13, 0)}, '16': {'team': 'GB', 'date': datetime.datetime(2024, 12, 23, 20, 15)}, '17': {'team': 'LV', 'date': datetime.datetime(2024, 12, 29, 13, 0)}, '18': {'team': 'TB', 'date': datetime.datetime(2025, 1, 5, 13, 0)}}","['RB/WR', 'WR', 'WR/TE', 'RB/WR/TE', 'OP', 'BE', 'IR']",BE,,,1.0,1.0,1.0,1.0,,,,,,,,,,,,,,,,,,,,,,,,,,,,,,,,,,,,,,,,,,,,,,,,,,,,,,,,,,,,,,,,,,,1.0,,,,,,,,,,,,,,,,,,,,,,,,,,,,,,,,,,,,,,,,,,,,,,,,,,,,,,,,,,,,,,,,,,,,,,,,,,,,,,,,,,,,,,,,,,,,,,,,,,,,,,,,,,,,,,,,,,,,,,,,,,,,,,,,,,,,,,,,,,,,,,,,,,,,,,,,,,,,,,,,,,,,,,,,2024,,,,1.0,22.0,,,,,,,,,,,,,,,,,,,,,,,,,,,,,,55.71120809,,
172.0,14.33,210.78,15.06,153.0,47.75,7.0,109.0,53.0,24.0,18.0,6.0,1.0,26.0,10.0,,,1.0,,3.74509804,46.0,24.91666667,1.0,56.0,25.0,10.0,8.0,2.0,3.0,53.0,363.0,6.5,1.0,1.0,,,,3.0,3.0,6.0,6.0,48.0,4.0,,12.0,236.6172614,72.43744033,8.622283503,0.428791857,205.0,102.0,51.0,41.0,20.0,47.0,23.0,0.490328359,0.343229851,2.765452103,0.09437427,4.339950671,16.17330776,0.813260396,0.043642746,0.050725266,0.033148961,45.0,22.0,11.0,9.0,4.0,30.60443897,,,0.086323956,0.002669813,39.20706573,7.491737456,0.472434603,0.00663498,1.335247054,0.172702899,1.507949953,0.614213645,0.096713623,0.710927268,0.710927268,14.17647059,Kenneth Walker III,SEA,DRAFT,26,4567048,10,Ambler Thighs,RB,"{'1': {'team': 'DEN', 'date': datetime.datetime(2024, 9, 8, 16, 5)}, '2': {'team': 'NE', 'date': datetime.datetime(2024, 9, 15, 13, 0)}, '3': {'team': 'MIA', 'date': datetime.datetime(2024, 9, 22, 16, 5)}, '4': {'team': 'DET', 'date': datetime.datetime(2024, 9, 30, 20, 15)}, '5': {'team': 'NYG', 'date': datetime.datetime(2024, 10, 6, 16, 25)}, '6': {'team': 'SF', 'date': datetime.datetime(2024, 10, 10, 20, 15)}, '7': {'team': 'ATL', 'date': datetime.datetime(2024, 10, 20, 13, 0)}, '8': {'team': 'BUF', 'date': datetime.datetime(2024, 10, 27, 16, 5)}, '9': {'team': 'LAR', 'date': datetime.datetime(2024, 11, 3, 16, 25)}, '11': {'team': 'SF', 'date': datetime.datetime(2024, 11, 17, 16, 5)}, '12': {'team': 'ARI', 'date': datetime.datetime(2024, 11, 24, 16, 25)}, '13': {'team': 'NYJ', 'date': datetime.datetime(2024, 12, 1, 13, 0)}, '14': {'team': 'ARI', 'date': datetime.datetime(2024, 12, 8, 16, 5)}, '15': {'team': 'GB', 'date': datetime.datetime(2024, 12, 15, 20, 20)}, '16': {'team': 'MIN', 'date': datetime.datetime(2024, 12, 22, 16, 5)}, '17': {'team': 'CHI', 'date': datetime.datetime(2024, 12, 26, 20, 15)}, '18': {'team': 'LAR', 'date': datetime.datetime(2025, 1, 5, 16, 25)}}","['RB', 'RB/WR', 'RB/WR/TE', 'OP', 'BE', 'IR']",RB,,,,,,,,,,,,,,,,,,,,,,,,,,,,,,,,,,,,,,,,,,,1.0,,,,,,,,,,,,,,,,,,,,,,,,,,,,,,1.0,,,3.0,,,,,,,,,,,,,,,,,,,,,,,,,,,,,,,,,,,,,,,,,,,,,,,,,,,,,,,,,,,,,,,,,,,,,,,,,,,,,,,,,,,,,,,,,,,,,,,,,,,,,,,,,,,,,,,,,,,,,,,,,,,,,,,,,,,,,,,,,,,,,,,,,,,,,,,,,,,,,,,,,,,,,2024,,,,28.0,19.0,,,,,,,,,,,,,,,,,,,,,,,,,,,,,57.54902288,12.48126029,,
26.0,3.25,181.78,12.98,65.0,22.875,1.0,33.0,16.0,6.0,4.0,1.0,,10.0,3.0,,,,,2.81538462,6.0,3.75,,4.0,2.0,,,,,8.0,50.0,5.0,2.0,2.0,2.0,2.0,2.0,,,2.0,6.0,6.0,1.0,,8.0,202.4918507,61.46403109,5.318417576,0.255706168,174.0,87.0,43.0,34.0,17.0,40.0,20.0,0.412517241,0.288762069,1.977968185,0.067500465,4.30310171,17.36433709,0.784110013,0.044223778,0.039380821,0.025735366,49.0,24.0,12.0,9.0,4.0,35.35303083,,,0.094222841,0.002914108,45.57254963,6.963052623,0.299929946,0.008524026,1.649323522,0.28795522,1.937278741,0.75868882,0.161254923,0.919943743,0.919943743,14.17647059,Zamir White,LV,DRAFT,83,4361777,10,Ambler Thighs,BE,"{'1': {'team': 'LAC', 'date': datetime.datetime(2024, 9, 8, 16, 5)}, '2': {'team': 'BAL', 'date': datetime.datetime(2024, 9, 15, 13, 0)}, '3': {'team': 'CAR', 'date': datetime.datetime(2024, 9, 22, 16, 5)}, '4': {'team': 'CLE', 'date': datetime.datetime(2024, 9, 29, 16, 25)}, '5': {'team': 'DEN', 'date': datetime.datetime(2024, 10, 6, 16, 5)}, '6': {'team': 'PIT', 'date': datetime.datetime(2024, 10, 13, 16, 5)}, '7': {'team': 'LAR', 'date': datetime.datetime(2024, 10, 20, 16, 5)}, '8': {'team': 'KC', 'date': datetime.datetime(2024, 10, 27, 16, 25)}, '9': {'team': 'CIN', 'date': datetime.datetime(2024, 11, 3, 13, 0)}, '11': {'team': 'MIA', 'date': datetime.datetime(2024, 11, 17, 13, 0)}, '12': {'team': 'DEN', 'date': datetime.datetime(2024, 11, 24, 16, 5)}, '13': {'team': 'KC', 'date': datetime.datetime(2024, 11, 29, 15, 0)}, '14': {'team': 'TB', 'date': datetime.datetime(2024, 12, 8, 13, 0)}, '15': {'team': 'ATL', 'date': datetime.datetime(2024, 12, 16, 20, 30)}, '16': {'team': 'JAX', 'date': datetime.datetime(2024, 12, 22, 16, 25)}, '17': {'team': 'NO', 'date': datetime.datetime(2024, 12, 29, 13, 0)}, '18': {'team': 'LAC', 'date': datetime.datetime(2025, 1, 5, 16, 25)}}","['RB', 'RB/WR', 'RB/WR/TE', 'OP', 'BE', 'IR']",BE,,,,,,,,,,,,,,,,,,,,,,,,,,,,,,,,,,,,,,,,,,,,,,,,,,,,,,,,,,,,,,,,,,,,,,,,,,,,,,,,,,,,,,,,,,,,,,,,,,,,,,,,,,,,,,,,,,,,,,,,,,,,,,,,,,,,,,,,,,,,,,,,,,,,,,,,,,,,,,,,,,,,,,,,,,,,,,,,,,,,,,,,,,,,,,,,,,,,,,,,,,,,,,,,,,,,,,,,,,,,,,,,,,,,,,,,,,,,,,,,,2024,,,,4.0,2.0,,,,,,,,,,,,,,,,,,,,,,,,,,,,,47.76008181,14.01731175,,
242.0,14.24,191.0,12.73,5.0,1.52941176,,3.0,,,,,,,,,,,,5.2,100.0,66.47058824,6.0,218.0,105.0,47.0,38.0,15.0,13.0,137.0,477.0,11.3,,1.0,,,,4.0,4.0,10.0,7.0,36.0,,,17.0,,,,,,,,,,,,,,,,,58.46902683,4.734437553,0.253961209,0.179070614,0.117022646,176.0,88.0,44.0,35.0,17.0,75.35550832,,,1.824592385,0.056430692,111.7538602,11.72992036,0.253961209,0.005329405,,1.211228494,1.211228494,,0.678287956,0.678287956,0.678287956,15.11764706,Jaxon Smith-Njigba,SEA,DRAFT,10,4430878,10,Ambler Thighs,WR,"{'1': {'team': 'DEN', 'date': datetime.datetime(2024, 9, 8, 16, 5)}, '2': {'team': 'NE', 'date': datetime.datetime(2024, 9, 15, 13, 0)}, '3': {'team': 'MIA', 'date': datetime.datetime(2024, 9, 22, 16, 5)}, '4': {'team': 'DET', 'date': datetime.datetime(2024, 9, 30, 20, 15)}, '5': {'team': 'NYG', 'date': datetime.datetime(2024, 10, 6, 16, 25)}, '6': {'team': 'SF', 'date': datetime.datetime(2024, 10, 10, 20, 15)}, '7': {'team': 'ATL', 'date': datetime.datetime(2024, 10, 20, 13, 0)}, '8': {'team': 'BUF', 'date': datetime.datetime(2024, 10, 27, 16, 5)}, '9': {'team': 'LAR', 'date': datetime.datetime(2024, 11, 3, 16, 25)}, '11': {'team': 'SF', 'date': datetime.datetime(2024, 11, 17, 16, 5)}, '12': {'team': 'ARI', 'date': datetime.datetime(2024, 11, 24, 16, 25)}, '13': {'team': 'NYJ', 'date': datetime.datetime(2024, 12, 1, 13, 0)}, '14': {'team': 'ARI', 'date': datetime.datetime(2024, 12, 8, 16, 5)}, '15': {'team': 'GB', 'date': datetime.datetime(2024, 12, 15, 20, 20)}, '16': {'team': 'MIN', 'date': datetime.datetime(2024, 12, 22, 16, 5)}, '17': {'team': 'CHI', 'date': datetime.datetime(2024, 12, 26, 20, 15)}, '18': {'team': 'LAR', 'date': datetime.datetime(2025, 1, 5, 16, 25)}}","['RB/WR', 'WR', 'WR/TE', 'RB/WR/TE', 'OP', 'BE', 'IR']",WR,,,3.0,3.0,1.0,,,,,,0.00855,,13.8,,,1.0,,3.0,2.0,1.0,1.0,1.0,,2.05882353,,7.0,3.0,1.0,1.0,,,,,,,,,,,,1.0,,,,,,,,,,,,,,,,,,,,,,,,,,,,,,,,3.0,,,,,,,,,,,,,,,,,,,,,,,,,,,,,,,,,,,,,,,,,,,,,,,,,,,,,,,,,,,,,,,,,,,,,,,,,,,,,,,,,,,,,,,,,,,,,,,,,,,,,,,,,,,,,,,,,,,,,,,,,,,,,,,,,,,,,,,,,,,,,,,,,,,,,,,,,,,,,,,,,,,,,,,,2024,,,1.0,1.0,56.0,,,,,,,,,,,,,,,,,,,,,,,,,,,,,,42.33716483,,
114.0,6.71,113.35,7.56,,,,,,,,,,,,,,,,,47.0,27.88235294,4.0,87.0,41.0,17.0,13.0,4.0,4.0,55.0,181.0,10.08510638,,,,,,1.0,1.0,5.0,12.0,26.0,,1.0,17.0,2.085193369,0.048259519,0.032145133,0.001781763,,,,,,,,0.0038284,0.00267988,-3.73744e-06,-1.27545e-07,0.349881398,29.25854184,3.307525412,0.166581151,0.080252438,0.052444968,88.0,44.0,22.0,17.0,8.0,49.67141564,,,0.282274341,0.008730134,67.37569326,8.904926573,0.168362914,0.002830714,0.025919338,0.617424863,0.643344202,0.011922896,0.345757923,0.357680819,0.357680819,15.11764706,Cole Kmet,CHI,DRAFT,19,4258595,10,Ambler Thighs,TE,"{'1': {'team': 'TEN', 'date': datetime.datetime(2024, 9, 8, 13, 0)}, '2': {'team': 'HOU', 'date': datetime.datetime(2024, 9, 15, 20, 20)}, '3': {'team': 'IND', 'date': datetime.datetime(2024, 9, 22, 13, 0)}, '4': {'team': 'LAR', 'date': datetime.datetime(2024, 9, 29, 13, 0)}, '5': {'team': 'CAR', 'date': datetime.datetime(2024, 10, 6, 13, 0)}, '6': {'team': 'JAX', 'date': datetime.datetime(2024, 10, 13, 9, 30)}, '8': {'team': 'WSH', 'date': datetime.datetime(2024, 10, 27, 16, 25)}, '9': {'team': 'ARI', 'date': datetime.datetime(2024, 11, 3, 16, 5)}, '10': {'team': 'NE', 'date': datetime.datetime(2024, 11, 10, 13, 0)}, '11': {'team': 'GB', 'date': datetime.datetime(2024, 11, 17, 13, 0)}, '12': {'team': 'MIN', 'date': datetime.datetime(2024, 11, 24, 13, 0)}, '13': {'team': 'DET', 'date': datetime.datetime(2024, 11, 28, 12, 30)}, '14': {'team': 'SF', 'date': datetime.datetime(2024, 12, 8, 16, 25)}, '15': {'team': 'MIN', 'date': datetime.datetime(2024, 12, 16, 20, 0)}, '16': {'team': 'DET', 'date': datetime.datetime(2024, 12, 22, 13, 0)}, '17': {'team': 'SEA', 'date': datetime.datetime(2024, 12, 26, 20, 15)}, '18': {'team': 'GB', 'date': datetime.datetime(2025, 1, 5, 13, 0)}}","['WR/TE', 'TE', 'RB/WR/TE', 'OP', 'BE', 'IR']",TE,,,,,,,,,,,,,,,,,,1.0,3.0,,,,,,,,,,,,,,,,,,,,,,,,,,,,,,,,,,,,,,,,,,,,,,,,,,,,1.0,,,,,,,,,,,,,,,,,,,,,,,,,,,,,,,,,,,,,,,,,,,,,,,,,,,,,,,,,,,,,,,,,,,,,,,,,,,,,,,,,,,,,,,,,,,,,,,,,,,,,,,,,,,,,,,,,,,,,,,,,,,,,,,,,,,,,,,,,,,,,,,,,,,,,,,,,,,,,,,,,,,,,,,,,,2024,,,,,25.0,,,,,,,,,,,,,,,,,,,,,,,,,,,,,2.247270331,23.72200141,,
270.0,15.88,250.88,16.73,69.0,18.0,2.0,55.0,24.0,10.0,7.0,1.0,,5.0,,,,,,4.43478261,,,,,,,,,,,,,2.0,6.0,1.0,2.0,5.0,1.0,1.0,11.0,6.0,150.0,2.0,,17.0,59.60311175,17.09878259,2.438702665,0.135731533,51.0,25.0,12.0,10.0,5.0,11.0,5.0,0.113325421,0.079327794,0.191208742,0.006525221,4.303160209,,,,,,,,,,,,,,,,,,1.296824618,0.027367213,0.631818819,,6.219821209,0.290636657,,2.972877804,12.68309134,15.0,Justin Herbert,LAC,DRAFT,11,4038941,10,Ambler Thighs,BE,"{'1': {'team': 'LV', 'date': datetime.datetime(2024, 9, 8, 16, 5)}, '2': {'team': 'CAR', 'date': datetime.datetime(2024, 9, 15, 13, 0)}, '3': {'team': 'PIT', 'date': datetime.datetime(2024, 9, 22, 13, 0)}, '4': {'team': 'KC', 'date': datetime.datetime(2024, 9, 29, 16, 25)}, '6': {'team': 'DEN', 'date': datetime.datetime(2024, 10, 13, 16, 5)}, '7': {'team': 'ARI', 'date': datetime.datetime(2024, 10, 21, 21, 0)}, '8': {'team': 'NO', 'date': datetime.datetime(2024, 10, 27, 16, 5)}, '9': {'team': 'CLE', 'date': datetime.datetime(2024, 11, 3, 13, 0)}, '10': {'team': 'TEN', 'date': datetime.datetime(2024, 11, 10, 16, 5)}, '11': {'team': 'CIN', 'date': datetime.datetime(2024, 11, 17, 20, 20)}, '12': {'team': 'BAL', 'date': datetime.datetime(2024, 11, 25, 20, 15)}, '13': {'team': 'ATL', 'date': datetime.datetime(2024, 12, 1, 13, 0)}, '14': {'team': 'KC', 'date': datetime.datetime(2024, 12, 8, 20, 20)}, '15': {'team': 'TB', 'date': datetime.datetime(2024, 12, 15, 16, 25)}, '16': {'team': 'DEN', 'date': datetime.datetime(2024, 12, 19, 20, 15)}, '17': {'team': 'NE', 'date': datetime.datetime(2024, 12, 28, 13, 0)}, '18': {'team': 'LV', 'date': datetime.datetime(2025, 1, 5, 16, 25)}}","['QB', 'OP', 'BE', 'IR']",BE,,,,,,,,,,,,,,,,,,,,,504.0,332.0,172.0,227.64705882,23.0,766.0,378.0,185.0,146.0,66.0,29.0,60.0,26.0,26.0,8.0,3.0,2.0,2.0,3.0,3.0,0.65873016,41.0,5.0,8.0,4.0,6.0,2.0,496.1258904,323.409502,172.7163884,237.4558377,22.96514039,712.0,356.0,178.0,142.0,71.0,35.0,64.0,32.0,2.872303071,1.877050057,2.773814154,0.374669562,1.161093086,9.710213537,0.651869834,31.02259088,5.58800239,2.682241147,,,,,,,,,,,,,,,,,,,,,,,,,,,,,,,,,,,,,,,,,,,,,,,,,,,,,,,,,,,1.0,,,,,,,,,,,,,,,,,,,,,,,,,,,,,,,,,,,,,,,,,,,,,,,,,,,,,,,,,,,,,,,,,,,,2.0,,,,,,,,,,,,,,,,,,,,,,,,,,,,,,,,,,,,,,,,,,,,2024,,,175.0,23.0,,,,,,,,,,,,,,,,,,,,,,,,,,,,,,15.92755068,,174.0147638,
204.0,13.6,160.65,10.71,11.0,4.06666667,1.0,11.0,4.0,,,,,,,,,,,5.54545455,58.0,66.73333333,7.0,194.0,94.0,44.0,35.0,13.0,8.0,91.0,497.0,17.25862069,,,,,,3.0,3.0,13.0,2.0,48.0,1.0,1.0,15.0,4.485934292,2.228365915,0.363280117,0.015219694,6.0,3.0,1.0,1.0,,,,0.008246905,0.005772834,0.002691817,9.18614e-05,7.509617225,51.42219101,4.20418836,0.253147288,0.250498532,0.163700791,155.0,77.0,38.0,31.0,15.0,53.96756606,,,1.289635005,0.039885619,90.32052956,14.4046247,0.268366982,0.005143908,0.089718686,1.079351321,1.169070007,0.041270595,0.60443674,0.645707335,0.645707335,15.11764706,Jameson Williams,DET,DRAFT,23,4426388,10,Ambler Thighs,RB/WR/TE,"{'1': {'team': 'LAR', 'date': datetime.datetime(2024, 9, 8, 20, 20)}, '2': {'team': 'TB', 'date': datetime.datetime(2024, 9, 15, 13, 0)}, '3': {'team': 'ARI', 'date': datetime.datetime(2024, 9, 22, 16, 25)}, '4': {'team': 'SEA', 'date': datetime.datetime(2024, 9, 30, 20, 15)}, '6': {'team': 'DAL', 'date': datetime.datetime(2024, 10, 13, 16, 25)}, '7': {'team': 'MIN', 'date': datetime.datetime(2024, 10, 20, 13, 0)}, '8': {'team': 'TEN', 'date': datetime.datetime(2024, 10, 27, 13, 0)}, '9': {'team': 'GB', 'date': datetime.datetime(2024, 11, 3, 16, 25)}, '10': {'team': 'HOU', 'date': datetime.datetime(2024, 11, 10, 20, 20)}, '11': {'team': 'JAX', 'date': datetime.datetime(2024, 11, 17, 13, 0)}, '12': {'team': 'IND', 'date': datetime.datetime(2024, 11, 24, 13, 0)}, '13': {'team': 'CHI', 'date': datetime.datetime(2024, 11, 28, 12, 30)}, '14': {'team': 'GB', 'date': datetime.datetime(2024, 12, 5, 20, 15)}, '15': {'team': 'BUF', 'date': datetime.datetime(2024, 12, 15, 16, 25)}, '16': {'team': 'CHI', 'date': datetime.datetime(2024, 12, 22, 13, 0)}, '17': {'team': 'SF', 'date': datetime.datetime(2024, 12, 30, 20, 15)}, '18': {'team': 'MIN', 'date': datetime.datetime(2025, 1, 5, 20, 20)}}","['RB/WR', 'WR', 'WR/TE', 'RB/WR/TE', 'OP', 'BE', 'IR']",RB/WR/TE,5.0,4.0,3.0,3.0,,,,,,,,,,,,,,,1.0,,,,,,,,,,,,,,,,,,,,,,,,,,,,,,,,,,,,,,,,,,,,,,,,,,,,,,,,,,,,,,,,,,,,,,,,,,,,,,,,,,,,,,,,,,,,,,,,,,,,,,,,,,,,,,,,,,,,,,,,,,,,,,,,,,,,,,,,,,,,,,,,,,,,,,,,,,,,,,,,,,,,,,,,,,,,,,,,,,,,,,,,,,,,,,,,,,,,,,,,,,,,,,,,,,,,,,,,,,,,,,2024,,,,5.0,40.0,,,,,,,,,,,,,,,,,,,,,,,,,,,,,3.75282482,34.30759729,,
138.0,8.12,174.46,11.63,3.0,0.88235294,,2.0,1.0,,,,,,,,,,,5.0,54.0,43.17647059,3.0,141.0,67.0,29.0,21.0,6.0,5.0,101.0,253.0,13.59259259,,2.0,,1.0,1.0,1.0,1.0,5.0,12.0,18.0,,,17.0,2.085193369,0.849788382,0.096282585,0.005336819,2.0,1.0,,,,,,0.0038284,0.00267988,0.000333403,1.13778e-05,6.160963786,53.22756858,5.548674993,0.279456073,0.189031684,0.123532205,160.0,80.0,40.0,32.0,16.0,59.73599588,,,1.414750244,0.043755162,100.267966,13.47053119,0.284792891,0.002890114,0.022154976,0.634689138,0.656844114,0.010191289,0.355425917,0.365617206,0.365617206,15.11764706,Rome Odunze,CHI,DRAFT,49,4431299,10,Ambler Thighs,BE,"{'1': {'team': 'TEN', 'date': datetime.datetime(2024, 9, 8, 13, 0)}, '2': {'team': 'HOU', 'date': datetime.datetime(2024, 9, 15, 20, 20)}, '3': {'team': 'IND', 'date': datetime.datetime(2024, 9, 22, 13, 0)}, '4': {'team': 'LAR', 'date': datetime.datetime(2024, 9, 29, 13, 0)}, '5': {'team': 'CAR', 'date': datetime.datetime(2024, 10, 6, 13, 0)}, '6': {'team': 'JAX', 'date': datetime.datetime(2024, 10, 13, 9, 30)}, '8': {'team': 'WSH', 'date': datetime.datetime(2024, 10, 27, 16, 25)}, '9': {'team': 'ARI', 'date': datetime.datetime(2024, 11, 3, 16, 5)}, '10': {'team': 'NE', 'date': datetime.datetime(2024, 11, 10, 13, 0)}, '11': {'team': 'GB', 'date': datetime.datetime(2024, 11, 17, 13, 0)}, '12': {'team': 'MIN', 'date': datetime.datetime(2024, 11, 24, 13, 0)}, '13': {'team': 'DET', 'date': datetime.datetime(2024, 11, 28, 12, 30)}, '14': {'team': 'SF', 'date': datetime.datetime(2024, 12, 8, 16, 25)}, '15': {'team': 'MIN', 'date': datetime.datetime(2024, 12, 16, 20, 0)}, '16': {'team': 'DET', 'date': datetime.datetime(2024, 12, 22, 13, 0)}, '17': {'team': 'SEA', 'date': datetime.datetime(2024, 12, 26, 20, 15)}, '18': {'team': 'GB', 'date': datetime.datetime(2025, 1, 5, 13, 0)}}","['Rookie', 'RB/WR', 'WR', 'WR/TE', 'RB/WR/TE', 'OP', 'BE', 'IR']",BE,,,2.0,2.0,2.0,1.0,,,,,,,,,,,,,2.0,,,,,,,,,,,,,,,,,,,,,,,,,,,,,,,,,,,,,,,,,,,,,,,,,,,,,,1.0,,,,,,,,,,,,,,,,,,,,,,,,,,,,,,,,,,,,,,,,,,,,,,,,,,,,,,,,,,,,,,,,,,,,,,,,,,,,,,,,,,,,,,,,,,,,,,,,,,,,,,,,,,,,,,,,,,,,,,,,,,,,,,,,,,,,,,,,,,,,,,,,,,,,,,,,,,,,,,,,,,,,,,,,2024,,,,1.0,37.0,,,,,,,,,,,,,,,,,,,,,,,,,,,,,2.704227083,36.92482979,,
185.0,11.56,172.58,11.51,,,,,,,,,,,,,,,,,64.0,62.0,5.0,194.0,91.0,43.0,32.0,11.0,7.0,106.0,276.0,15.5,,,,,,,,8.0,8.0,30.0,,2.0,16.0,4.3028814,1.668848493,0.27788341,0.01486085,5.0,2.0,1.0,1.0,,,,0.007909588,0.005536711,0.00146355,4.99453e-05,5.863294886,53.54226445,5.605546568,0.284530748,0.273431001,0.178687159,161.0,80.0,40.0,32.0,16.0,55.67547394,,,1.441678598,0.044587998,91.99156504,14.5384134,0.299391598,0.00406196,0.066228945,0.856943879,0.923172824,0.030465315,0.479888572,0.510353887,0.510353887,15.11764706,Darnell Mooney,ATL,DRAFT,30,4040655,10,Ambler Thighs,BE,"{'1': {'team': 'PIT', 'date': datetime.datetime(2024, 9, 8, 13, 0)}, '2': {'team': 'PHI', 'date': datetime.datetime(2024, 9, 16, 20, 15)}, '3': {'team': 'KC', 'date': datetime.datetime(2024, 9, 22, 20, 20)}, '4': {'team': 'NO', 'date': datetime.datetime(2024, 9, 29, 13, 0)}, '5': {'team': 'TB', 'date': datetime.datetime(2024, 10, 3, 20, 15)}, '6': {'team': 'CAR', 'date': datetime.datetime(2024, 10, 13, 16, 25)}, '7': {'team': 'SEA', 'date': datetime.datetime(2024, 10, 20, 13, 0)}, '8': {'team': 'TB', 'date': datetime.datetime(2024, 10, 27, 13, 0)}, '9': {'team': 'DAL', 'date': datetime.datetime(2024, 11, 3, 13, 0)}, '10': {'team': 'NO', 'date': datetime.datetime(2024, 11, 10, 13, 0)}, '11': {'team': 'DEN', 'date': datetime.datetime(2024, 11, 17, 16, 5)}, '13': {'team': 'LAC', 'date': datetime.datetime(2024, 12, 1, 13, 0)}, '14': {'team': 'MIN', 'date': datetime.datetime(2024, 12, 8, 13, 0)}, '15': {'team': 'LV', 'date': datetime.datetime(2024, 12, 16, 20, 30)}, '16': {'team': 'NYG', 'date': datetime.datetime(2024, 12, 22, 13, 0)}, '17': {'team': 'WSH', 'date': datetime.datetime(2024, 12, 29, 20, 20)}, '18': {'team': 'CAR', 'date': datetime.datetime(2025, 1, 5, 13, 0)}}","['RB/WR', 'WR', 'WR/TE', 'RB/WR/TE', 'OP', 'BE', 'IR']",BE,1.0,,2.0,2.0,,,,,,,,,,,,,,,,1.0,1.0,,1.0,,,,,,,,,,,,,,,,,,,,,,,,,,,,,,,,,,,,,,,,,,,,,,,,,,1.0,,,,,,,,,,,,,,,,,,,,,,,,,,,,,,,,,,,,,,,,,,,,,,,,,,,,,,,,,,,,,,,,,,,,,,,,,,,,,,,,,,,,,,,,,,,,,,,,,,,,,,,,,,,,,,,,,,,,,,,,,,,,,,,,,,,,,,,,,,,,,,,,,,,,,,,,,,,,,,,,,,,,,,,,2024,,,,,48.0,,,,,,,,,,,,,,,,,,,,,,,,,,,,,3.392433478,36.15375073,,
84.0,5.25,137.18,9.8,113.0,31.0,1.0,92.0,41.0,18.0,11.0,2.0,,16.0,4.0,,,,,4.38938053,24.0,4.75,2.0,11.0,3.0,,,,1.0,27.0,167.0,3.16666667,,1.0,,1.0,1.0,1.0,1.0,10.0,6.0,18.0,1.0,,16.0,105.0835925,33.34678898,2.607974841,0.157782775,94.0,47.0,23.0,18.0,9.0,21.0,10.0,0.203768474,0.142637932,0.577362323,0.019703161,4.498702051,19.27597667,1.203584987,0.06619616,0.03812395,0.024914001,54.0,27.0,13.0,10.0,5.0,39.9044898,,,0.108502114,0.003355735,51.18240328,6.847984215,0.223978934,0.002716751,0.447506957,0.169936489,0.617443447,0.2058532,0.095164434,0.301017634,0.301017634,14.17647059,Jaleel McLaughlin,DEN,DRAFT,48,4722893,10,Ambler Thighs,BE,"{'1': {'team': 'SEA', 'date': datetime.datetime(2024, 9, 8, 16, 5)}, '2': {'team': 'PIT', 'date': datetime.datetime(2024, 9, 15, 16, 25)}, '3': {'team': 'TB', 'date': datetime.datetime(2024, 9, 22, 13, 0)}, '4': {'team': 'NYJ', 'date': datetime.datetime(2024, 9, 29, 13, 0)}, '5': {'team': 'LV', 'date': datetime.datetime(2024, 10, 6, 16, 5)}, '6': {'team': 'LAC', 'date': datetime.datetime(2024, 10, 13, 16, 5)}, '7': {'team': 'NO', 'date': datetime.datetime(2024, 10, 17, 20, 15)}, '8': {'team': 'CAR', 'date': datetime.datetime(2024, 10, 27, 16, 25)}, '9': {'team': 'BAL', 'date': datetime.datetime(2024, 11, 3, 13, 0)}, '10': {'team': 'KC', 'date': datetime.datetime(2024, 11, 10, 13, 0)}, '11': {'team': 'ATL', 'date': datetime.datetime(2024, 11, 17, 16, 5)}, '12': {'team': 'LV', 'date': datetime.datetime(2024, 11, 24, 16, 5)}, '13': {'team': 'CLE', 'date': datetime.datetime(2024, 12, 2, 20, 15)}, '15': {'team': 'IND', 'date': datetime.datetime(2024, 12, 15, 16, 25)}, '16': {'team': 'LAC', 'date': datetime.datetime(2024, 12, 19, 20, 15)}, '17': {'team': 'CIN', 'date': datetime.datetime(2024, 12, 28, 16, 30)}, '18': {'team': 'KC', 'date': datetime.datetime(2025, 1, 5, 16, 25)}}","['RB', 'RB/WR', 'RB/WR/TE', 'OP', 'BE', 'IR']",BE,,,,,1.0,1.0,,,,0.091033103,,298.7023696,,29.0,11.0,,,,2.0,,,,,,,,,,,,,,,,,,,,,,,,,,,,,,,,,,,,,,,,,,,,,,,,,,,,,,,,,,,,,,,,,,,,,,,,,,,,,,,,,,,,,,,,,,,,,,,,,,,,,,,,,,,,,,,,,,,,,,,,,,,,,,,,,,,,,,,,,,,,,,,,,,,,,,,,,,,,,,,,,,,,,,,,,,,,,,,,,,,,,,,,,,,,,,,,,,,,,,,,,,,,,,,,,,,,,,,,,,,,,,2024,,,,25.0,3.0,,,,,,,,,,,,,,,,,,,,,,,,,,,,,26.36261292,15.97358923,,
176.0,10.35,138.3,8.14,,,,,,,,,,,,,,,,,,,,,,,,,,,,,,,,,,2.0,2.0,11.0,6.0,150.0,,,17.0,,,,,,,,,,,,,,,,,,,,,,,,,,,,,,,,,,,,,,,,,,,17.0,Cameron Dicker,LAC,DRAFT,3,4362081,10,Ambler Thighs,K,"{'1': {'team': 'LV', 'date': datetime.datetime(2024, 9, 8, 16, 5)}, '2': {'team': 'CAR', 'date': datetime.datetime(2024, 9, 15, 13, 0)}, '3': {'team': 'PIT', 'date': datetime.datetime(2024, 9, 22, 13, 0)}, '4': {'team': 'KC', 'date': datetime.datetime(2024, 9, 29, 16, 25)}, '6': {'team': 'DEN', 'date': datetime.datetime(2024, 10, 13, 16, 5)}, '7': {'team': 'ARI', 'date': datetime.datetime(2024, 10, 21, 21, 0)}, '8': {'team': 'NO', 'date': datetime.datetime(2024, 10, 27, 16, 5)}, '9': {'team': 'CLE', 'date': datetime.datetime(2024, 11, 3, 13, 0)}, '10': {'team': 'TEN', 'date': datetime.datetime(2024, 11, 10, 16, 5)}, '11': {'team': 'CIN', 'date': datetime.datetime(2024, 11, 17, 20, 20)}, '12': {'team': 'BAL', 'date': datetime.datetime(2024, 11, 25, 20, 15)}, '13': {'team': 'ATL', 'date': datetime.datetime(2024, 12, 1, 13, 0)}, '14': {'team': 'KC', 'date': datetime.datetime(2024, 12, 8, 20, 20)}, '15': {'team': 'TB', 'date': datetime.datetime(2024, 12, 15, 16, 25)}, '16': {'team': 'DEN', 'date': datetime.datetime(2024, 12, 19, 20, 15)}, '17': {'team': 'NE', 'date': datetime.datetime(2024, 12, 28, 13, 0)}, '18': {'team': 'LV', 'date': datetime.datetime(2025, 1, 5, 16, 25)}}","['K', 'BE', 'IR']",K,,,,,,,,,,,,,,,,,,,,,,,,,,,,,,,,,,,,,,,,,,,,,,,,,,,,,,,,,,,,,,,,,,,,,,,,,,,,,,9.0,11.0,11.0,12.0,1.0,19.0,19.0,,39.0,42.0,3.0,33.0,36.0,3.0,9.0,11.0,4.709028283,6.593514617,1.884486335,7.587132758,9.172166374,1.585033616,16.70672568,16.87548048,0.168754805,29.00288672,32.64116147,3.638274755,37.92108858,38.69498834,0.773899767,4.709028283,6.593514617,1.884486335,,,,,,,,,,,,,,,,,,,,,,,,,,,,,,,,,,,,,,,,,,,,,,,,,,,,,,,,,,,,,,,,,,,,,,,,,,,,,,,,,,,,,,,2.0,2.0,,,,,,,,,,,,,,,,,,,,,,,,,,,,,,,,,,,,,,,,,,2024,,,,,,1519.0,150.0,1669.0,297.0,145.0,68.0,53.0,21.0,7.0,29.0,14.0,6.0,5.0,2.0,327.0,159.0,76.0,58.0,23.0,8.0,,,1096.910272,178.1514189,1275.061691,,,,,,,
232.0,15.47,134.49,9.61,250.0,79.66666667,10.0,231.0,114.0,51.0,41.0,18.0,4.0,46.0,18.0,,,4.0,,4.78,43.0,11.4,1.0,32.0,13.0,2.0,2.0,1.0,2.0,54.0,245.0,3.97674419,1.0,4.0,1.0,3.0,3.0,,,4.0,11.0,68.0,7.0,,15.0,137.6614644,39.45751027,4.539021196,0.232667598,111.0,55.0,27.0,22.0,11.0,27.0,13.0,0.274273625,0.191991538,0.925079154,0.031569402,4.063361059,13.94679857,0.654106339,0.03467069,0.039205415,0.025620739,39.0,19.0,9.0,7.0,3.0,29.88792333,,,0.075646383,0.002339579,36.61420092,6.615259866,0.267338288,0.005189215,0.968988226,0.210378743,1.179366968,0.445734584,0.117812096,0.56354668,0.56354668,14.17647059,Chuba Hubbard,CAR,DRAFT,14,4241416,10,Ambler Thighs,RB,"{'1': {'team': 'NO', 'date': datetime.datetime(2024, 9, 8, 13, 0)}, '2': {'team': 'LAC', 'date': datetime.datetime(2024, 9, 15, 13, 0)}, '3': {'team': 'LV', 'date': datetime.datetime(2024, 9, 22, 16, 5)}, '4': {'team': 'CIN', 'date': datetime.datetime(2024, 9, 29, 13, 0)}, '5': {'team': 'CHI', 'date': datetime.datetime(2024, 10, 6, 13, 0)}, '6': {'team': 'ATL', 'date': datetime.datetime(2024, 10, 13, 16, 25)}, '7': {'team': 'WSH', 'date': datetime.datetime(2024, 10, 20, 16, 5)}, '8': {'team': 'DEN', 'date': datetime.datetime(2024, 10, 27, 16, 25)}, '9': {'team': 'NO', 'date': datetime.datetime(2024, 11, 3, 13, 0)}, '10': {'team': 'NYG', 'date': datetime.datetime(2024, 11, 10, 9, 30)}, '12': {'team': 'KC', 'date': datetime.datetime(2024, 11, 24, 13, 0)}, '13': {'team': 'TB', 'date': datetime.datetime(2024, 12, 1, 16, 5)}, '14': {'team': 'PHI', 'date': datetime.datetime(2024, 12, 8, 13, 0)}, '15': {'team': 'DAL', 'date': datetime.datetime(2024, 12, 15, 13, 0)}, '16': {'team': 'ARI', 'date': datetime.datetime(2024, 12, 22, 13, 0)}, '17': {'team': 'TB', 'date': datetime.datetime(2024, 12, 29, 13, 0)}, '18': {'team': 'ATL', 'date': datetime.datetime(2025, 1, 5, 13, 0)}}","['RB', 'RB/WR', 'RB/WR/TE', 'OP', 'BE', 'IR']",RB,,,,,3.0,2.0,,,,,,,,,,,,,1.0,,,,,,,,,,,,,,,,,,,,,,,,1.0,,,,,,,,,,,,,,,,,,,,,,,,,,,,,,,,1.0,1.0,,,,,,,,,,,,,,,,,,,,,,,,,,,,,,,,,,,,,,,,,,,,,,,,,,,,,,,,,,,,,,,,,,,,,,,,,,,,,,,,,,,,,,,,,,,,,,,,,,,,,,,,,,,,,,,,,,,,,,,,1.0,1.0,,,,,1.0,,,,,,,,,,,,,,,,,,,,,,,,,,,,,,,,,,,,,,,2024,,,,62.0,10.0,,,,,,,,,,,,,,,,,,,,,,,,,,,,,32.70645883,11.38244968,,
115.0,7.19,141.1,9.41,,,,,,,,,,,,,,,,,42.0,29.8125,6.0,89.0,39.0,16.0,14.0,3.0,2.0,58.0,256.0,11.35714286,,1.0,,1.0,1.0,1.0,1.0,11.0,5.0,36.0,,,16.0,,,,,,,,,,,,,,,,,40.20048137,4.705139106,0.273259946,0.163736587,0.10700186,121.0,60.0,30.0,24.0,12.0,52.84929806,,,0.668221029,0.02066663,78.58765445,11.49942783,0.273259946,0.002130487,,0.484201667,0.484201667,,0.271152934,0.271152934,0.271152934,15.11764706,Isaiah Likely,BAL,ADD,17,4361050,10,Ambler Thighs,BE,"{'1': {'team': 'KC', 'date': datetime.datetime(2024, 9, 5, 20, 20)}, '2': {'team': 'LV', 'date': datetime.datetime(2024, 9, 15, 13, 0)}, '3': {'team': 'DAL', 'date': datetime.datetime(2024, 9, 22, 16, 25)}, '4': {'team': 'BUF', 'date': datetime.datetime(2024, 9, 29, 20, 20)}, '5': {'team': 'CIN', 'date': datetime.datetime(2024, 10, 6, 13, 0)}, '6': {'team': 'WSH', 'date': datetime.datetime(2024, 10, 13, 13, 0)}, '7': {'team': 'TB', 'date': datetime.datetime(2024, 10, 21, 20, 15)}, '8': {'team': 'CLE', 'date': datetime.datetime(2024, 10, 27, 13, 0)}, '9': {'team': 'DEN', 'date': datetime.datetime(2024, 11, 3, 13, 0)}, '10': {'team': 'CIN', 'date': datetime.datetime(2024, 11, 7, 20, 15)}, '11': {'team': 'PIT', 'date': datetime.datetime(2024, 11, 17, 13, 0)}, '12': {'team': 'LAC', 'date': datetime.datetime(2024, 11, 25, 20, 15)}, '13': {'team': 'PHI', 'date': datetime.datetime(2024, 12, 1, 16, 25)}, '15': {'team': 'NYG', 'date': datetime.datetime(2024, 12, 15, 13, 0)}, '16': {'team': 'PIT', 'date': datetime.datetime(2024, 12, 21, 16, 30)}, '17': {'team': 'HOU', 'date': datetime.datetime(2024, 12, 25, 16, 30)}, '18': {'team': 'CLE', 'date': datetime.datetime(2025, 1, 4, 16, 30)}}","['WR/TE', 'TE', 'RB/WR/TE', 'OP', 'BE', 'IR']",BE,1.0,,1.0,1.0,1.0,1.0,,,,,,,,,,,,,4.0,,,,,,,,,,,,,,,,,,,,,,,,,,,,,,,,,,,,,,,,,,,,,,,,,,,,,,1.0,,,,,,,,,,,,,,,,,,,,,,,,,,,,,,,,,,,,,,,,,,,,,,,,,,,,,,,,,,,,,,,,,,,,,,,,,,,,,,,,,,,,,,,,,,,,,,,,,,,,,,,,,,,,,,,,,,,,,,,,,,,,,,,,,,,,,,,,,,,,,,,,,,,,,,,,,,,,,,,,,,,,,,,,2024,,,,,26.0,,,,,,,,,,,,,,,,,,,,,,,,,,,,,,29.57938663,,
65.0,3.82,80.84,4.76,,,,,,,,,,,,,,,,,,,,,,,,,,,,,,,,,,673.0,1155.0,12.0,5.0,,,,17.0,,,,,,,,,,,,,,,,,,,,,,,,,,,,,,,,,,,,,,,,,,,17.0,Commanders D/ST,WSH,ADD,25,-16028,10,Ambler Thighs,D/ST,"{'1': {'team': 'TB', 'date': datetime.datetime(2024, 9, 8, 16, 25)}, '2': {'team': 'NYG', 'date': datetime.datetime(2024, 9, 15, 13, 0)}, '3': {'team': 'CIN', 'date': datetime.datetime(2024, 9, 23, 20, 15)}, '4': {'team': 'ARI', 'date': datetime.datetime(2024, 9, 29, 16, 5)}, '5': {'team': 'CLE', 'date': datetime.datetime(2024, 10, 6, 13, 0)}, '6': {'team': 'BAL', 'date': datetime.datetime(2024, 10, 13, 13, 0)}, '7': {'team': 'CAR', 'date': datetime.datetime(2024, 10, 20, 16, 5)}, '8': {'team': 'CHI', 'date': datetime.datetime(2024, 10, 27, 16, 25)}, '9': {'team': 'NYG', 'date': datetime.datetime(2024, 11, 3, 13, 0)}, '10': {'team': 'PIT', 'date': datetime.datetime(2024, 11, 10, 13, 0)}, '11': {'team': 'PHI', 'date': datetime.datetime(2024, 11, 14, 20, 15)}, '12': {'team': 'DAL', 'date': datetime.datetime(2024, 11, 24, 13, 0)}, '13': {'team': 'TEN', 'date': datetime.datetime(2024, 12, 1, 13, 0)}, '15': {'team': 'NO', 'date': datetime.datetime(2024, 12, 15, 13, 0)}, '16': {'team': 'PHI', 'date': datetime.datetime(2024, 12, 22, 13, 0)}, '17': {'team': 'ATL', 'date': datetime.datetime(2024, 12, 29, 20, 20)}, '18': {'team': 'DAL', 'date': datetime.datetime(2025, 1, 5, 13, 0)}}","['D/ST', 'BE', 'IR']",D/ST,,,,,,,1082.0,100.0,36.0,0.448410033,0.13851,1471.345422,260.3869565,147.0,58.0,26.0,10.0,,,,,,,,,,,,,,,,,,,,,,,,,,,,,,,,,,,,,,,,,,,,,,,,,,,,,,,,,482.0,,,16.0,,,,,,,,,,,,,,,,,,,,,,,,,,,,,,,,,,,10.0,0.0,0.0,2.0,2.0,1.0,7.0,1.0,,43.0,86.0,,,1.0,1.0,377.0,225.0,74.0,60.0,260.0,19.0,3.0,391.0,4.0,3.0,5.0,1.0,5558.0,0.0,1.0,4.0,7.0,2.0,2.0,1.0,0.0,0.0,0.0,0.0,2.0,2.0,4.0,3.0,5.0,1.0,0.076423576,0.33966034,1.613386613,2.037962038,0.111661008,1.870897849,13.26207154,8.912577713,1.742238141,0.218959996,42.45404662,84.90809323,1.303071547,0.567826302,2.569478891,12.30208563,1104.912,368.0,220.0,79.35106077,400.8494164,2.462537463,4.330669331,3.736263736,2.122877123,0.28021978,23.57937744,6081.820922,0.246241446,2.547325308,3.235103142,4.228560012,3.540782179,2.12277109,0.832126267,0.247090555,357.7541719,,,,,,,,,,,,,,,,,,,,,,,,,,,,,,,,,,,,,,,,,,,,,,,,2024,,,,,,,,,,,,,,,,,,,,,,,,,,,,,,,,,,,,,45.53305853
209.0,16.08,259.64,17.31,,,,,,,,,,,,,,,,,67.0,83.0,7.0,210.0,100.0,47.0,36.0,15.0,10.0,97.0,353.0,16.10447761,,,,,,1.0,1.0,12.0,1.0,42.0,,,13.0,,,,,,,,,,,,,,,,,82.7783431,7.633936284,0.452324961,0.303643027,0.198430718,250.0,125.0,62.0,50.0,25.0,89.78347577,,,4.292548883,0.132759244,138.4525851,13.9381302,0.452324961,0.0074536,,1.693999936,1.693999936,,0.948639964,0.948639964,0.948639964,15.11764706,A.J. Brown,PHI,DRAFT,19,4047646,11,B Mac,WR,"{'1': {'team': 'GB', 'date': datetime.datetime(2024, 9, 6, 20, 15)}, '2': {'team': 'ATL', 'date': datetime.datetime(2024, 9, 16, 20, 15)}, '3': {'team': 'NO', 'date': datetime.datetime(2024, 9, 22, 13, 0)}, '4': {'team': 'TB', 'date': datetime.datetime(2024, 9, 29, 13, 0)}, '6': {'team': 'CLE', 'date': datetime.datetime(2024, 10, 13, 13, 0)}, '7': {'team': 'NYG', 'date': datetime.datetime(2024, 10, 20, 13, 0)}, '8': {'team': 'CIN', 'date': datetime.datetime(2024, 10, 27, 13, 0)}, '9': {'team': 'JAX', 'date': datetime.datetime(2024, 11, 3, 16, 5)}, '10': {'team': 'DAL', 'date': datetime.datetime(2024, 11, 10, 16, 25)}, '11': {'team': 'WSH', 'date': datetime.datetime(2024, 11, 14, 20, 15)}, '12': {'team': 'LAR', 'date': datetime.datetime(2024, 11, 24, 20, 20)}, '13': {'team': 'BAL', 'date': datetime.datetime(2024, 12, 1, 16, 25)}, '14': {'team': 'CAR', 'date': datetime.datetime(2024, 12, 8, 13, 0)}, '15': {'team': 'PIT', 'date': datetime.datetime(2024, 12, 15, 16, 25)}, '16': {'team': 'WSH', 'date': datetime.datetime(2024, 12, 22, 13, 0)}, '17': {'team': 'DAL', 'date': datetime.datetime(2024, 12, 29, 13, 0)}, '18': {'team': 'NYG', 'date': datetime.datetime(2025, 1, 5, 13, 0)}}","['RB/WR', 'WR', 'WR/TE', 'RB/WR/TE', 'OP', 'BE', 'IR']",WR,2.0,1.0,5.0,5.0,1.0,,,,,,,,,,,,,,3.0,2.0,,,,,,,,,,,,,,,,,,,,,,,,,,,,,,,,,,,,,,,,,,,,,,,,,,,,,,,,,,,,,,,,,,,,,,,,,,,,,,,,,,,,,,,,,,,,,,,,,,,,,,,,,,,,,,,,,,,,,,,,,,,,,,,,,,,,,,,,,,,,,,,,,,,,,,,,,,,,,,,,,,,,,,,,,,,,,,,,,,,,,,,,,,,,,,,,,,,,,,,,,,,,,,,,,,,,,,,,,,,,,2024,,,,,51.0,,,,,,,,,,,,,,,,,,,,,,,,,,,,,,56.94562401,,
301.0,20.07,312.75,20.85,150.0,42.0,14.0,120.0,55.0,24.0,18.0,4.0,,23.0,8.0,,,,,4.2,,,,,,,,,,,,,4.0,9.0,2.0,5.0,10.0,1.0,1.0,12.0,3.0,192.0,13.0,,15.0,124.5083764,35.72481384,9.945470093,0.378477669,107.0,53.0,26.0,21.0,10.0,24.0,12.0,0.245879517,0.172115662,0.839924701,0.028663408,4.303904869,,,,,,,,,,,,,,,,,,1.620112435,0.040161858,1.733697622,,9.127694928,0.797500906,,4.346619613,15.60140527,15.0,Jalen Hurts,PHI,DRAFT,7,4040715,11,B Mac,QB,"{'1': {'team': 'GB', 'date': datetime.datetime(2024, 9, 6, 20, 15)}, '2': {'team': 'ATL', 'date': datetime.datetime(2024, 9, 16, 20, 15)}, '3': {'team': 'NO', 'date': datetime.datetime(2024, 9, 22, 13, 0)}, '4': {'team': 'TB', 'date': datetime.datetime(2024, 9, 29, 13, 0)}, '6': {'team': 'CLE', 'date': datetime.datetime(2024, 10, 13, 13, 0)}, '7': {'team': 'NYG', 'date': datetime.datetime(2024, 10, 20, 13, 0)}, '8': {'team': 'CIN', 'date': datetime.datetime(2024, 10, 27, 13, 0)}, '9': {'team': 'JAX', 'date': datetime.datetime(2024, 11, 3, 16, 5)}, '10': {'team': 'DAL', 'date': datetime.datetime(2024, 11, 10, 16, 25)}, '11': {'team': 'WSH', 'date': datetime.datetime(2024, 11, 14, 20, 15)}, '12': {'team': 'LAR', 'date': datetime.datetime(2024, 11, 24, 20, 20)}, '13': {'team': 'BAL', 'date': datetime.datetime(2024, 12, 1, 16, 25)}, '14': {'team': 'CAR', 'date': datetime.datetime(2024, 12, 8, 13, 0)}, '15': {'team': 'PIT', 'date': datetime.datetime(2024, 12, 15, 16, 25)}, '16': {'team': 'WSH', 'date': datetime.datetime(2024, 12, 22, 13, 0)}, '17': {'team': 'DAL', 'date': datetime.datetime(2024, 12, 29, 13, 0)}, '18': {'team': 'NYG', 'date': datetime.datetime(2025, 1, 5, 13, 0)}}","['QB', 'OP', 'BE', 'IR']",QB,,,,,,,,,,,,,,,,,,,,,361.0,248.0,113.0,193.53333333,18.0,574.0,284.0,137.0,110.0,52.0,23.0,44.0,18.0,15.0,3.0,4.0,1.0,1.0,,5.0,0.68698061,38.0,7.0,8.0,3.0,3.0,,495.5716209,318.4027556,177.1688652,241.6431352,20.94957325,724.0,362.0,181.0,144.0,72.0,36.0,63.0,31.0,2.966635188,1.938696096,2.960402976,0.39987282,1.241634766,11.25478566,0.642495943,35.44058567,7.393997306,3.549118707,,,,,1.0,,,,,,,,,,,,,,,,,,,,,,,,,,,,,,,,,,,,,,,,,,,,,,,,,,,,,,,,,,,,,,,,,,,,,,,,,,,,,,,,,,,,,,,,,,,,,,,,,,,,,,,,,,,,,,,,,,,,,,,,,,4.0,,,,,,,,,,,,,,,,,,,,,,,,,,,,,,,,,,,,,,,,,,,,2024,,,139.0,61.0,,,,,,,,,,,,,,,,,,,,,,,,,,,,,,34.90076992,,173.330449,
254.0,18.14,230.05,16.43,228.0,67.85714286,6.0,186.0,89.0,41.0,32.0,13.0,3.0,41.0,16.0,,,3.0,,4.16666667,68.0,38.78571429,2.0,104.0,49.0,22.0,15.0,5.0,9.0,89.0,542.0,7.98529412,,1.0,,,,1.0,1.0,5.0,9.0,48.0,5.0,,14.0,181.5306586,53.10769913,4.635335804,0.266674871,150.0,75.0,37.0,30.0,15.0,36.0,18.0,0.366037644,0.256226351,1.475830759,0.050364442,4.147397142,35.09304623,1.86030318,0.093053432,0.05467663,0.035731178,99.0,49.0,24.0,19.0,9.0,67.8192391,,,0.388976196,0.012030192,83.15641523,7.335610726,0.359728303,0.00677914,1.121663794,0.419049794,1.540713588,0.515965345,0.234667884,0.75063323,0.75063323,14.17647059,Alvin Kamara,NO,DRAFT,8,3054850,11,B Mac,BE,"{'1': {'team': 'CAR', 'date': datetime.datetime(2024, 9, 8, 13, 0)}, '2': {'team': 'DAL', 'date': datetime.datetime(2024, 9, 15, 13, 0)}, '3': {'team': 'PHI', 'date': datetime.datetime(2024, 9, 22, 13, 0)}, '4': {'team': 'ATL', 'date': datetime.datetime(2024, 9, 29, 13, 0)}, '5': {'team': 'KC', 'date': datetime.datetime(2024, 10, 7, 20, 15)}, '6': {'team': 'TB', 'date': datetime.datetime(2024, 10, 13, 13, 0)}, '7': {'team': 'DEN', 'date': datetime.datetime(2024, 10, 17, 20, 15)}, '8': {'team': 'LAC', 'date': datetime.datetime(2024, 10, 27, 16, 5)}, '9': {'team': 'CAR', 'date': datetime.datetime(2024, 11, 3, 13, 0)}, '10': {'team': 'ATL', 'date': datetime.datetime(2024, 11, 10, 13, 0)}, '11': {'team': 'CLE', 'date': datetime.datetime(2024, 11, 17, 13, 0)}, '13': {'team': 'LAR', 'date': datetime.datetime(2024, 12, 1, 16, 5)}, '14': {'team': 'NYG', 'date': datetime.datetime(2024, 12, 8, 13, 0)}, '15': {'team': 'WSH', 'date': datetime.datetime(2024, 12, 15, 13, 0)}, '16': {'team': 'GB', 'date': datetime.datetime(2024, 12, 23, 20, 15)}, '17': {'team': 'LV', 'date': datetime.datetime(2024, 12, 29, 13, 0)}, '18': {'team': 'TB', 'date': datetime.datetime(2025, 1, 5, 13, 0)}}","['RB', 'RB/WR', 'RB/WR/TE', 'OP', 'BE', 'IR']",BE,1.0,1.0,,,1.0,,,,,,,,,,,,,,,1.0,,,,,,,,,,,,,,,,,,,,,,,,,,,,,,,,,,,,,,,,,,,,,,,,,,,,,,,1.0,,,,,,,,,,,,,,,,,,,,,,,,,,,,,,,,,,,,,,,,,,,,,,,,,,,,,,,,,,,,,,,,,,,,,,,,,,,,,,,,,,,,,,,,,,,,,,,,,,,,,,,,,,,,,,,,,,,,,,,,,,,,,,,,,,,,,,,,,,,,,,,,,,,,,,,,,,,,,,,,,,,,,,2024,,,,52.0,18.0,,,,,,,,,,,,,,,,,,,,,,,,,,,,,41.97743279,28.78821347,,
181.0,10.65,188.13,12.54,4.0,0.29411765,,,,,,,,,,,,,,1.25,55.0,39.58823529,11.0,128.0,60.0,27.0,19.0,7.0,4.0,69.0,192.0,12.23636364,,,,,,,,12.0,5.0,66.0,,,17.0,,,,,,,,,,,,,,,,,51.72089679,6.675409587,0.387731521,0.158720392,0.103723776,156.0,78.0,39.0,31.0,15.0,70.35192127,,,1.314793596,0.040663719,101.9097914,11.11409965,0.387731521,0.004229005,,0.961137513,0.961137513,,0.538237007,0.538237007,0.538237007,15.11764706,Mark Andrews,BAL,DRAFT,6,3116365,11,B Mac,TE,"{'1': {'team': 'KC', 'date': datetime.datetime(2024, 9, 5, 20, 20)}, '2': {'team': 'LV', 'date': datetime.datetime(2024, 9, 15, 13, 0)}, '3': {'team': 'DAL', 'date': datetime.datetime(2024, 9, 22, 16, 25)}, '4': {'team': 'BUF', 'date': datetime.datetime(2024, 9, 29, 20, 20)}, '5': {'team': 'CIN', 'date': datetime.datetime(2024, 10, 6, 13, 0)}, '6': {'team': 'WSH', 'date': datetime.datetime(2024, 10, 13, 13, 0)}, '7': {'team': 'TB', 'date': datetime.datetime(2024, 10, 21, 20, 15)}, '8': {'team': 'CLE', 'date': datetime.datetime(2024, 10, 27, 13, 0)}, '9': {'team': 'DEN', 'date': datetime.datetime(2024, 11, 3, 13, 0)}, '10': {'team': 'CIN', 'date': datetime.datetime(2024, 11, 7, 20, 15)}, '11': {'team': 'PIT', 'date': datetime.datetime(2024, 11, 17, 13, 0)}, '12': {'team': 'LAC', 'date': datetime.datetime(2024, 11, 25, 20, 15)}, '13': {'team': 'PHI', 'date': datetime.datetime(2024, 12, 1, 16, 25)}, '15': {'team': 'NYG', 'date': datetime.datetime(2024, 12, 15, 13, 0)}, '16': {'team': 'PIT', 'date': datetime.datetime(2024, 12, 21, 16, 30)}, '17': {'team': 'HOU', 'date': datetime.datetime(2024, 12, 25, 16, 30)}, '18': {'team': 'CLE', 'date': datetime.datetime(2025, 1, 4, 16, 30)}}","['WR/TE', 'TE', 'RB/WR/TE', 'OP', 'BE', 'IR']",TE,,,,,,,,,,,,,,,,,,,6.0,,,,,,,,,,,,,,,,,,,,,,,,,,,,,,,,,,,,,,,,,,,,,,,,,,,,,,5.0,,,,,,,,,,,,,,,,,,,,,,,,,,,,,,,,,,,,,,,,,,,,,,,,,,,,,,,,,,,,,,,,,,,,,,,,,,,,,,,,,,,,,,,,,,,,,,,,,,,,,,,,,,,,,,,,,,,,,,,,,,,,,,,,,,,,,,,,,,,,,,,,,,,,,,,,,,,,,,,,,,,,,,,,2024,,,,3.0,39.0,,,,,,,,,,,,,,,,,,,,,,,,,,,,,,39.17717909,,
163.0,10.87,191.1,13.65,207.0,53.4,7.0,153.0,74.0,34.0,22.0,9.0,1.0,37.0,16.0,,,1.0,,3.86956522,33.0,11.2,1.0,28.0,10.0,2.0,1.0,,1.0,41.0,237.0,5.09090909,6.0,7.0,3.0,3.0,3.0,,,3.0,12.0,52.0,5.0,,15.0,188.8690177,55.87886833,4.724347145,0.247244296,158.0,79.0,39.0,31.0,15.0,37.0,18.0,0.382105682,0.267473977,1.628503193,0.055574566,4.19425665,23.67911293,1.005441319,0.054447508,0.038255364,0.024999881,67.0,33.0,16.0,13.0,6.0,46.00179356,,,0.154450772,0.004776828,62.82529929,7.297242608,0.301691804,0.008900216,1.626595381,0.39618094,2.022776321,0.748233875,0.221861326,0.970095201,0.970095201,14.17647059,Rhamondre Stevenson,NE,DRAFT,28,4569173,11,B Mac,RB,"{'1': {'team': 'CIN', 'date': datetime.datetime(2024, 9, 8, 13, 0)}, '2': {'team': 'SEA', 'date': datetime.datetime(2024, 9, 15, 13, 0)}, '3': {'team': 'NYJ', 'date': datetime.datetime(2024, 9, 19, 20, 15)}, '4': {'team': 'SF', 'date': datetime.datetime(2024, 9, 29, 16, 5)}, '5': {'team': 'MIA', 'date': datetime.datetime(2024, 10, 6, 13, 0)}, '6': {'team': 'HOU', 'date': datetime.datetime(2024, 10, 13, 13, 0)}, '7': {'team': 'JAX', 'date': datetime.datetime(2024, 10, 20, 9, 30)}, '8': {'team': 'NYJ', 'date': datetime.datetime(2024, 10, 27, 13, 0)}, '9': {'team': 'TEN', 'date': datetime.datetime(2024, 11, 3, 13, 0)}, '10': {'team': 'CHI', 'date': datetime.datetime(2024, 11, 10, 13, 0)}, '11': {'team': 'LAR', 'date': datetime.datetime(2024, 11, 17, 13, 0)}, '12': {'team': 'MIA', 'date': datetime.datetime(2024, 11, 24, 13, 0)}, '13': {'team': 'IND', 'date': datetime.datetime(2024, 12, 1, 13, 0)}, '15': {'team': 'ARI', 'date': datetime.datetime(2024, 12, 15, 16, 25)}, '16': {'team': 'BUF', 'date': datetime.datetime(2024, 12, 22, 16, 25)}, '17': {'team': 'LAC', 'date': datetime.datetime(2024, 12, 28, 13, 0)}, '18': {'team': 'BUF', 'date': datetime.datetime(2025, 1, 5, 13, 0)}}","['RB', 'RB/WR', 'RB/WR/TE', 'OP', 'BE', 'IR']",RB,,,,,1.0,,,,,,,,,,,,,,1.0,,,,,,,,,,,,,,,,,,,,,,,,2.0,,,,,,,,,,,,,,,,,,,,,,,,,,,,2.0,,,,1.0,,,,,,,,,,,,,,,,,,,,,,,,,,,,,,,,,,,,,,,,,,,,,,,,,,,,,,,,,,,,,,,,,,,,,,,,,,,,,,,,,,,,,,,,,,,,,,,,,,,,,,,,,,,,,,,,,,,,,,,,,1.0,1.0,,,,,,,,,,,,,,,,,,,,,,,,,,,,,,,,,,,,,,,,,,,,2024,,,,40.0,8.0,,,,,,,,,,,,,,,,,,,,,,,,,,,,,43.81610368,19.00366627,,
159.0,11.36,207.89,13.86,2.0,-0.42857143,,,,,,,,,,,,,,-3.0,59.0,64.28571429,3.0,174.0,84.0,38.0,30.0,12.0,6.0,103.0,215.0,15.25423729,,1.0,,1.0,1.0,1.0,1.0,9.0,5.0,18.0,,,14.0,4.493005872,1.887499683,0.210940614,0.009894844,5.0,2.0,1.0,1.0,,,,0.008259956,0.005781969,0.001905799,6.50376e-05,6.350882871,71.58840729,4.538787373,0.261371819,0.32839328,0.214605009,216.0,108.0,54.0,43.0,21.0,70.4716061,,,3.062954565,0.094730554,117.1910957,15.35722449,0.271266663,0.006596886,0.089860117,1.409432122,1.499292239,0.041335654,0.789281988,0.830617642,0.830617642,15.11764706,George Pickens,PIT,DRAFT,41,4426354,11,B Mac,BE,"{'1': {'team': 'ATL', 'date': datetime.datetime(2024, 9, 8, 13, 0)}, '2': {'team': 'DEN', 'date': datetime.datetime(2024, 9, 15, 16, 25)}, '3': {'team': 'LAC', 'date': datetime.datetime(2024, 9, 22, 13, 0)}, '4': {'team': 'IND', 'date': datetime.datetime(2024, 9, 29, 13, 0)}, '5': {'team': 'DAL', 'date': datetime.datetime(2024, 10, 6, 20, 20)}, '6': {'team': 'LV', 'date': datetime.datetime(2024, 10, 13, 16, 5)}, '7': {'team': 'NYJ', 'date': datetime.datetime(2024, 10, 20, 20, 20)}, '8': {'team': 'NYG', 'date': datetime.datetime(2024, 10, 28, 20, 15)}, '10': {'team': 'WSH', 'date': datetime.datetime(2024, 11, 10, 13, 0)}, '11': {'team': 'BAL', 'date': datetime.datetime(2024, 11, 17, 13, 0)}, '12': {'team': 'CLE', 'date': datetime.datetime(2024, 11, 21, 20, 15)}, '13': {'team': 'CIN', 'date': datetime.datetime(2024, 12, 1, 13, 0)}, '14': {'team': 'CLE', 'date': datetime.datetime(2024, 12, 8, 13, 0)}, '15': {'team': 'PHI', 'date': datetime.datetime(2024, 12, 15, 16, 25)}, '16': {'team': 'BAL', 'date': datetime.datetime(2024, 12, 21, 16, 30)}, '17': {'team': 'KC', 'date': datetime.datetime(2024, 12, 25, 13, 0)}, '18': {'team': 'CIN', 'date': datetime.datetime(2025, 1, 4, 20, 0)}}","['RB/WR', 'WR', 'WR/TE', 'RB/WR/TE', 'OP', 'BE', 'IR']",BE,,,2.0,2.0,1.0,1.0,,,,,,,,,,,,,,,,,,,,,,,,,,,,,,,,,,,,,,,,,,,,,,,,,,,,,,,,,,,,,,,,,,,3.0,,,,,,,,,,,,,,,,,,,,,,,,,,,,,,,,,,,,,,,,,,,,,,,,,,,,,,,,,,,,,,,,,,,,,,,,,,,,,,,,,,,,,,,,,,,,,,,,,,,,,,,,,,,,,,,,,,,,,,,,,,,,,,,,,,,,,,,,,,,,,,,,,,,,,,,,,,,,,,,,,,,,,,,,2024,,,,,37.0,,,,,,,,,,,,,,,,,,,,,,,,,,,,,3.465689149,46.61323642,,
84.0,7.0,207.53,13.84,2.0,0.5,,1.0,,,,,,,,,,,,3.0,33.0,31.25,3.0,71.0,33.0,14.0,10.0,4.0,3.0,67.0,91.0,11.36363636,,,,,,1.0,1.0,5.0,7.0,18.0,,,12.0,2.098491917,0.860549469,0.087638544,0.004490579,2.0,1.0,,,,,,0.00385284,0.002696988,0.000342924,1.17027e-05,6.19944401,65.26393626,6.228581527,0.330110956,0.233719012,0.152735375,197.0,98.0,49.0,39.0,19.0,71.56883942,,,2.43024779,0.075162303,116.6960255,13.78584817,0.334601535,0.006482725,0.041969838,1.431376788,1.473346627,0.019306126,0.801571002,0.820877127,0.820877127,15.11764706,Diontae Johnson,BAL,DRAFT,85,3932905,11,B Mac,RB/WR/TE,"{'1': {'team': 'KC', 'date': datetime.datetime(2024, 9, 5, 20, 20)}, '2': {'team': 'LV', 'date': datetime.datetime(2024, 9, 15, 13, 0)}, '3': {'team': 'DAL', 'date': datetime.datetime(2024, 9, 22, 16, 25)}, '4': {'team': 'BUF', 'date': datetime.datetime(2024, 9, 29, 20, 20)}, '5': {'team': 'CIN', 'date': datetime.datetime(2024, 10, 6, 13, 0)}, '6': {'team': 'WSH', 'date': datetime.datetime(2024, 10, 13, 13, 0)}, '7': {'team': 'TB', 'date': datetime.datetime(2024, 10, 21, 20, 15)}, '8': {'team': 'CLE', 'date': datetime.datetime(2024, 10, 27, 13, 0)}, '9': {'team': 'DEN', 'date': datetime.datetime(2024, 11, 3, 13, 0)}, '10': {'team': 'CIN', 'date': datetime.datetime(2024, 11, 7, 20, 15)}, '11': {'team': 'PIT', 'date': datetime.datetime(2024, 11, 17, 13, 0)}, '12': {'team': 'LAC', 'date': datetime.datetime(2024, 11, 25, 20, 15)}, '13': {'team': 'PHI', 'date': datetime.datetime(2024, 12, 1, 16, 25)}, '15': {'team': 'NYG', 'date': datetime.datetime(2024, 12, 15, 13, 0)}, '16': {'team': 'PIT', 'date': datetime.datetime(2024, 12, 21, 16, 30)}, '17': {'team': 'HOU', 'date': datetime.datetime(2024, 12, 25, 16, 30)}, '18': {'team': 'CLE', 'date': datetime.datetime(2025, 1, 4, 16, 30)}}","['RB/WR', 'WR', 'WR/TE', 'RB/WR/TE', 'OP', 'BE', 'IR']",RB/WR/TE,,,1.0,1.0,,,,,,,,,,,,,,,1.0,1.0,,,,,,,,,,,,,,,,,,,,,,,,,,,,,,,,,,,,,,,,,,,,,,,,,,,,,1.0,,,,,,,,,,,,,,,,,,,,,,,,,,,,,,,,,,,,,,,,,,,,,,,,,,,,,,,,,,,,,,,,,,,,,,,,,,,,,,,,,,,,,,,,,,,,,,,,,,,,,,,,,,,,,,,,,,,,,,,,,,,,,,,,,,,,,,,,,,,,,,,,,,,,,,,,,,,,,,,,,,,,,,,,2024,,,,1.0,21.0,,,,,,,,,,,,,,,,,,,,,,,,,,,,,2.704083883,44.91773553,,
171.0,12.21,249.84,16.66,23.0,0.0,,3.0,1.0,,,,,,,,,,,0.0,,,,,,,,,,,,,6.0,13.0,,2.0,18.0,,,7.0,7.0,108.0,,,14.0,33.03176182,7.855693691,1.586641285,0.084895145,23.0,11.0,5.0,4.0,2.0,6.0,3.0,0.06181124,0.043267868,0.039892853,0.00136139,3.567336372,,,,,,,,,,,,,,,,,,1.347171538,0.041350573,0.518704734,,9.39785741,0.238604177,,4.500597462,15.52503203,15.0,Kirk Cousins,ATL,DRAFT,22,14880,11,B Mac,BE,"{'1': {'team': 'PIT', 'date': datetime.datetime(2024, 9, 8, 13, 0)}, '2': {'team': 'PHI', 'date': datetime.datetime(2024, 9, 16, 20, 15)}, '3': {'team': 'KC', 'date': datetime.datetime(2024, 9, 22, 20, 20)}, '4': {'team': 'NO', 'date': datetime.datetime(2024, 9, 29, 13, 0)}, '5': {'team': 'TB', 'date': datetime.datetime(2024, 10, 3, 20, 15)}, '6': {'team': 'CAR', 'date': datetime.datetime(2024, 10, 13, 16, 25)}, '7': {'team': 'SEA', 'date': datetime.datetime(2024, 10, 20, 13, 0)}, '8': {'team': 'TB', 'date': datetime.datetime(2024, 10, 27, 13, 0)}, '9': {'team': 'DAL', 'date': datetime.datetime(2024, 11, 3, 13, 0)}, '10': {'team': 'NO', 'date': datetime.datetime(2024, 11, 10, 13, 0)}, '11': {'team': 'DEN', 'date': datetime.datetime(2024, 11, 17, 16, 5)}, '13': {'team': 'LAC', 'date': datetime.datetime(2024, 12, 1, 13, 0)}, '14': {'team': 'MIN', 'date': datetime.datetime(2024, 12, 8, 13, 0)}, '15': {'team': 'LV', 'date': datetime.datetime(2024, 12, 16, 20, 30)}, '16': {'team': 'NYG', 'date': datetime.datetime(2024, 12, 22, 13, 0)}, '17': {'team': 'WSH', 'date': datetime.datetime(2024, 12, 29, 20, 20)}, '18': {'team': 'CAR', 'date': datetime.datetime(2025, 1, 5, 13, 0)}}","['QB', 'OP', 'BE', 'IR']",BE,,,,,,,,,,,,,,,,,,,,,453.0,303.0,150.0,250.57142857,18.0,697.0,345.0,169.0,134.0,63.0,30.0,54.0,25.0,25.0,8.0,3.0,,2.0,,16.0,0.66887417,28.0,6.0,5.0,5.0,1.0,4.0,530.2120191,341.9115508,188.3004682,263.8273576,24.85774893,791.0,395.0,197.0,158.0,79.0,39.0,68.0,34.0,3.491072363,2.281415789,4.139636435,0.55915634,1.262276393,11.02443457,0.644858167,35.22345377,8.879152676,4.261993285,,,,,,,,,,,,,,,,,,,,,,,,,,,,,,,,,,,,,,,,,,,,,,,,,,,,,,,,,,,,,,,,,,,,,,,,,,,,,,,,,,,,,,,,,,,,,,,,,,,,,,,,,,,,,,,,,,,,,,,,,,,,,,,2.0,,,,,,,1.0,,,,,,,,,,,,,,,,,,,,,,,,,,,,,,,,,,,,,2024,,,163.0,2.0,,,,,,,,,,,,,,,,,,,,,,,,,,,,,,8.996605287,,188.9112796,
122.0,8.71,141.56,10.11,104.0,40.35714286,3.0,106.0,50.0,22.0,15.0,4.0,,16.0,5.0,1.0,1.0,,,5.43269231,37.0,16.07142857,,40.0,17.0,7.0,5.0,,3.0,43.0,294.0,6.08108108,,,,,,,,2.0,12.0,18.0,2.0,,14.0,151.4942782,44.28998704,3.841752371,0.191884845,125.0,62.0,31.0,25.0,12.0,30.0,15.0,0.303943371,0.21276036,1.175889341,0.040128592,4.14455058,15.13176947,0.998383925,0.053823273,0.038616613,0.025235957,42.0,21.0,10.0,8.0,4.0,30.065279,,,0.085389325,0.002640907,40.07628632,7.134977358,0.245708117,0.004905098,0.930190903,0.184603995,1.114794898,0.427887815,0.103378237,0.531266053,0.531266053,14.17647059,Jerome Ford,CLE,DRAFT,34,4372019,11,B Mac,BE,"{'1': {'team': 'DAL', 'date': datetime.datetime(2024, 9, 8, 16, 25)}, '2': {'team': 'JAX', 'date': datetime.datetime(2024, 9, 15, 13, 0)}, '3': {'team': 'NYG', 'date': datetime.datetime(2024, 9, 22, 13, 0)}, '4': {'team': 'LV', 'date': datetime.datetime(2024, 9, 29, 16, 25)}, '5': {'team': 'WSH', 'date': datetime.datetime(2024, 10, 6, 13, 0)}, '6': {'team': 'PHI', 'date': datetime.datetime(2024, 10, 13, 13, 0)}, '7': {'team': 'CIN', 'date': datetime.datetime(2024, 10, 20, 13, 0)}, '8': {'team': 'BAL', 'date': datetime.datetime(2024, 10, 27, 13, 0)}, '9': {'team': 'LAC', 'date': datetime.datetime(2024, 11, 3, 13, 0)}, '11': {'team': 'NO', 'date': datetime.datetime(2024, 11, 17, 13, 0)}, '12': {'team': 'PIT', 'date': datetime.datetime(2024, 11, 21, 20, 15)}, '13': {'team': 'DEN', 'date': datetime.datetime(2024, 12, 2, 20, 15)}, '14': {'team': 'PIT', 'date': datetime.datetime(2024, 12, 8, 13, 0)}, '15': {'team': 'KC', 'date': datetime.datetime(2024, 12, 15, 13, 0)}, '16': {'team': 'CIN', 'date': datetime.datetime(2024, 12, 22, 13, 0)}, '17': {'team': 'MIA', 'date': datetime.datetime(2024, 12, 29, 16, 5)}, '18': {'team': 'BAL', 'date': datetime.datetime(2025, 1, 4, 16, 30)}}","['RB', 'RB/WR', 'RB/WR/TE', 'OP', 'BE', 'IR']",BE,,,,,,,388.0,36.0,11.0,,,,,,,,,,,,,,,,,,,,,,,,,,,,,,,,,,,,,,,,,,,,,,,,,,,,,,,,,,,,,,,,,,,,,,,,,,,,,,,,,,,,,,,,,,,,,,,,,,,,,,,,,,,,,,,,,,,,,,,,,,,,,,,,,,,,,,,,,,,,,,,,,,,,,,,,,,,,,,,,,,,,,,,,,,,,,,,,,,,,,,,,,,,,,,,,,,,,,,,,,,,,,,,,,,,,,,,,,,,,,,,,,,,,,,,,2024,,,,25.0,11.0,,,,,,,,,,,,,,,,,,,,,,,,,,,,,35.34020769,12.02689777,,
147.0,8.65,120.45,8.03,,,,,,,,,,,,,,,,,49.0,35.88235294,7.0,115.0,56.0,25.0,14.0,3.0,2.0,79.0,166.0,12.44897959,,,,,,1.0,1.0,7.0,10.0,42.0,,,17.0,,,,,,,,,,,,,,,,,37.977229,3.469179255,0.16810005,0.173734383,0.113535419,114.0,57.0,28.0,22.0,11.0,43.24093756,,,0.55861258,0.017276678,73.10145142,13.27737965,0.16810005,0.003805203,,0.864818751,0.864818751,,0.484298501,0.484298501,0.484298501,15.11764706,Jalen Tolbert,DAL,DRAFT,44,4249417,11,B Mac,WR,"{'1': {'team': 'CLE', 'date': datetime.datetime(2024, 9, 8, 16, 25)}, '2': {'team': 'NO', 'date': datetime.datetime(2024, 9, 15, 13, 0)}, '3': {'team': 'BAL', 'date': datetime.datetime(2024, 9, 22, 16, 25)}, '4': {'team': 'NYG', 'date': datetime.datetime(2024, 9, 26, 20, 15)}, '5': {'team': 'PIT', 'date': datetime.datetime(2024, 10, 6, 20, 20)}, '6': {'team': 'DET', 'date': datetime.datetime(2024, 10, 13, 16, 25)}, '8': {'team': 'SF', 'date': datetime.datetime(2024, 10, 27, 20, 20)}, '9': {'team': 'ATL', 'date': datetime.datetime(2024, 11, 3, 13, 0)}, '10': {'team': 'PHI', 'date': datetime.datetime(2024, 11, 10, 16, 25)}, '11': {'team': 'HOU', 'date': datetime.datetime(2024, 11, 18, 20, 15)}, '12': {'team': 'WSH', 'date': datetime.datetime(2024, 11, 24, 13, 0)}, '13': {'team': 'NYG', 'date': datetime.datetime(2024, 11, 28, 16, 30)}, '14': {'team': 'CIN', 'date': datetime.datetime(2024, 12, 9, 20, 15)}, '15': {'team': 'CAR', 'date': datetime.datetime(2024, 12, 15, 13, 0)}, '16': {'team': 'TB', 'date': datetime.datetime(2024, 12, 22, 20, 20)}, '17': {'team': 'PHI', 'date': datetime.datetime(2024, 12, 29, 13, 0)}, '18': {'team': 'WSH', 'date': datetime.datetime(2025, 1, 5, 13, 0)}}","['RB/WR', 'WR', 'WR/TE', 'RB/WR/TE', 'OP', 'BE', 'IR']",WR,,,,,,,,,,,,,,,,,,,4.0,,,,,,,,,,,,,,,,,,,,,,,,,,,,,,,,,,,,,,,,,,,,,,,,,,,,,,3.0,,,,,,,,,,,,,,,,,,,,,,,,,,,,,,,,,,,,,,,,,,,,,,,,,,,,,,,,,,,,,,,,,,,,,,,,,,,,,,,,,,,,,,,,,,,,,,,,,,,,,,,,,,,,,,,,,,,,,,,,,,,,,,,,,,,,,,,,,,,,,,,,,,,,,,,,,,,,,,,,,,,,,,,,2024,,,,,29.0,,,,,,,,,,,,,,,,,,,,,,,,,,,,,,25.9570797,,
101.0,5.94,112.06,6.59,,,,,,,,,,,,,,,,,,,,,,,,,,,,,,,,,,703.0,1151.0,5.0,12.0,,,,17.0,,,,,,,,,,,,,,,,,,,,,,,,,,,,,,,,,,,,,,,,,,,17.0,Bears D/ST,CHI,DRAFT,11,-16003,11,B Mac,BE,"{'1': {'team': 'TEN', 'date': datetime.datetime(2024, 9, 8, 13, 0)}, '2': {'team': 'HOU', 'date': datetime.datetime(2024, 9, 15, 20, 20)}, '3': {'team': 'IND', 'date': datetime.datetime(2024, 9, 22, 13, 0)}, '4': {'team': 'LAR', 'date': datetime.datetime(2024, 9, 29, 13, 0)}, '5': {'team': 'CAR', 'date': datetime.datetime(2024, 10, 6, 13, 0)}, '6': {'team': 'JAX', 'date': datetime.datetime(2024, 10, 13, 9, 30)}, '8': {'team': 'WSH', 'date': datetime.datetime(2024, 10, 27, 16, 25)}, '9': {'team': 'ARI', 'date': datetime.datetime(2024, 11, 3, 16, 5)}, '10': {'team': 'NE', 'date': datetime.datetime(2024, 11, 10, 13, 0)}, '11': {'team': 'GB', 'date': datetime.datetime(2024, 11, 17, 13, 0)}, '12': {'team': 'MIN', 'date': datetime.datetime(2024, 11, 24, 13, 0)}, '13': {'team': 'DET', 'date': datetime.datetime(2024, 11, 28, 12, 30)}, '14': {'team': 'SF', 'date': datetime.datetime(2024, 12, 8, 16, 25)}, '15': {'team': 'MIN', 'date': datetime.datetime(2024, 12, 16, 20, 0)}, '16': {'team': 'DET', 'date': datetime.datetime(2024, 12, 22, 13, 0)}, '17': {'team': 'SEA', 'date': datetime.datetime(2024, 12, 26, 20, 15)}, '18': {'team': 'GB', 'date': datetime.datetime(2025, 1, 5, 13, 0)}}","['D/ST', 'BE', 'IR']",BE,,,,,,,768.0,70.0,25.0,0.362892388,0.14364,1675.672932,290.9014925,167.0,67.0,29.0,11.0,,,,,,,,,,,,,,,,,,,,,,,,,,,,,,,,,,,,,,,,,,,,,,,,,,,,,,,,,448.0,,,17.0,,,,,,,,,,,,,,,,,,,,,,,,,,,,,,,,,,,13.0,0.0,1.0,1.0,2.0,1.0,11.0,2.0,,40.0,80.0,,1.0,1.0,3.0,377.0,225.0,64.0,66.0,304.0,24.0,6.0,368.0,6.0,3.0,3.0,1.0,6022.0,0.0,0.0,4.0,5.0,3.0,1.0,4.0,0.0,0.0,0.0,1.0,1.0,2.0,6.0,3.0,3.0,1.0,0.226235741,1.020612367,3.521112668,3.129877927,0.117081008,1.882563022,14.30206976,9.175608813,1.729337629,0.215349978,39.2718068,78.54361361,1.312146131,0.570416891,2.506176417,13.29098167,1091.693154,363.0,218.0,78.2663046,354.0629753,2.466479888,3.385031019,2.245347208,0.901540925,0.103762257,20.82723384,5772.40406,0.578520669,4.764287859,4.015614053,3.794414973,2.331097988,1.020918827,0.391352217,0.103793414,339.55318,,,,,,,,,,,,,,1.0,,,,,,,,,,,,,,,,,,,,,,,,,,,,,,,,,,2024,,,,,,,,,,,,,,,,,,,,,,,,,,,,,,,,,,,,,36.15709274
157.0,9.24,120.66,7.1,,,,,,,,,,,,,,,,,,,,,,,,,,,,,,,,,,,,10.0,7.0,139.0,,,17.0,,,,,,,,,,,,,,,,,,,,,,,,,,,,,,,,,,,,,,,,,,,17.0,Wil Lutz,DEN,ADD,8,2985659,11,B Mac,K,"{'1': {'team': 'SEA', 'date': datetime.datetime(2024, 9, 8, 16, 5)}, '2': {'team': 'PIT', 'date': datetime.datetime(2024, 9, 15, 16, 25)}, '3': {'team': 'TB', 'date': datetime.datetime(2024, 9, 22, 13, 0)}, '4': {'team': 'NYJ', 'date': datetime.datetime(2024, 9, 29, 13, 0)}, '5': {'team': 'LV', 'date': datetime.datetime(2024, 10, 6, 16, 5)}, '6': {'team': 'LAC', 'date': datetime.datetime(2024, 10, 13, 16, 5)}, '7': {'team': 'NO', 'date': datetime.datetime(2024, 10, 17, 20, 15)}, '8': {'team': 'CAR', 'date': datetime.datetime(2024, 10, 27, 16, 25)}, '9': {'team': 'BAL', 'date': datetime.datetime(2024, 11, 3, 13, 0)}, '10': {'team': 'KC', 'date': datetime.datetime(2024, 11, 10, 13, 0)}, '11': {'team': 'ATL', 'date': datetime.datetime(2024, 11, 17, 16, 5)}, '12': {'team': 'LV', 'date': datetime.datetime(2024, 11, 24, 16, 5)}, '13': {'team': 'CLE', 'date': datetime.datetime(2024, 12, 2, 20, 15)}, '15': {'team': 'IND', 'date': datetime.datetime(2024, 12, 15, 16, 25)}, '16': {'team': 'LAC', 'date': datetime.datetime(2024, 12, 19, 20, 15)}, '17': {'team': 'CIN', 'date': datetime.datetime(2024, 12, 28, 16, 30)}, '18': {'team': 'KC', 'date': datetime.datetime(2025, 1, 5, 16, 25)}}","['K', 'BE', 'IR']",K,,,,,,,,,,,,,,,,,,,,,,,,,,,,,,,,,,,,,,,,,,,,,,,,,,,,,,,,,,,,,,,,,,,,,,,,,,,,,,5.0,7.0,11.0,11.0,,15.0,16.0,1.0,31.0,34.0,3.0,46.0,46.0,,5.0,6.0,4.339289525,6.635158741,2.295869216,7.079339367,9.230097061,2.150757693,15.79305325,16.9820647,1.189011452,27.21168214,32.8473205,5.635638361,28.90365118,31.3834359,2.47978472,4.339289525,6.635158741,2.295869216,,,,,,,,,,,,,,,,,,,,,,,,,,,,,,,,,,,,,,,,,,,,,,,,,,,,,,,,,,,,,,,,,,,,,,,,,,,,,,,,,,,,,,,2.0,1.0,1.0,1.0,,,,,,,,,,,,,,,,,,,,,,,,,,,,,,,,,,,,,,,,2024,,,,,,1252.0,109.0,1361.0,245.0,119.0,56.0,41.0,16.0,5.0,21.0,10.0,4.0,4.0,2.0,266.0,130.0,61.0,46.0,19.0,6.0,,,1026.683503,256.4313774,1283.114881,,,,,,,
47.0,3.13,158.8,11.34,74.0,15.06666667,3.0,39.0,16.0,5.0,3.0,,,10.0,2.0,,,,,3.05405405,12.0,4.6,,11.0,3.0,,,,,15.0,97.0,5.75,1.0,1.0,1.0,1.0,1.0,,1.0,7.0,8.0,18.0,3.0,,15.0,170.2223618,47.23513563,5.660144191,0.330091937,133.0,66.0,33.0,26.0,13.0,34.0,17.0,0.341238919,0.238867243,1.164948114,0.03975521,3.933839855,15.2827397,1.090050117,0.052841725,0.034795385,0.022738784,43.0,21.0,10.0,8.0,4.0,32.10783104,,,0.080981698,0.002504589,43.00962898,6.747740435,0.382933662,0.007504693,1.43494798,0.270664012,1.705611991,0.660076071,0.151571846,0.811647917,0.811647917,14.17647059,Ezekiel Elliott,None,ADD,66,3051392,11,B Mac,RB,{},"['RB', 'RB/WR', 'RB/WR/TE', 'OP', 'BE', 'IR']",RB,,,,,,,,,,,,,,,,,,,,,,,,,,,,,,,,,,,,,,,,,,,,,,,,,,,,,,,,,,,,,,,,,,,,,,,,,,1.0,,,,,,,,,,,,,,,,,,,,,,,,,,,,,,,,,,,,,,,,,,,,,,,,,,,,,,,,,,,,,,,,,,,,,,,,,,,,,,,,,,,,,,,,,,,,,,,,,,,,,,,,,,,,,,,,,,,,,,,,,,,,,,,,,,,,,,,,,,,,,,,,,,,,,,,,,,,,,,,,,,,,,,,2024,,,,14.0,3.0,,,,,,,,,,,,,,,,,,,,,,,,,,,,,39.24337622,12.58896548,,
93.0,5.47,106.68,6.28,,,,,,,,,,,,,,,,,,,,,,,,,,,,,,,,,,674.0,1050.0,15.0,2.0,,,,17.0,,,,,,,,,,,,,,,,,,,,,,,,,,,,,,,,,,,,,,,,,,,17.0,Chiefs D/ST,KC,ADD,14,-16012,11,B Mac,D/ST,"{'1': {'team': 'BAL', 'date': datetime.datetime(2024, 9, 5, 20, 20)}, '2': {'team': 'CIN', 'date': datetime.datetime(2024, 9, 15, 16, 25)}, '3': {'team': 'ATL', 'date': datetime.datetime(2024, 9, 22, 20, 20)}, '4': {'team': 'LAC', 'date': datetime.datetime(2024, 9, 29, 16, 25)}, '5': {'team': 'NO', 'date': datetime.datetime(2024, 10, 7, 20, 15)}, '7': {'team': 'SF', 'date': datetime.datetime(2024, 10, 20, 16, 25)}, '8': {'team': 'LV', 'date': datetime.datetime(2024, 10, 27, 16, 25)}, '9': {'team': 'TB', 'date': datetime.datetime(2024, 11, 4, 20, 15)}, '10': {'team': 'DEN', 'date': datetime.datetime(2024, 11, 10, 13, 0)}, '11': {'team': 'BUF', 'date': datetime.datetime(2024, 11, 17, 16, 25)}, '12': {'team': 'CAR', 'date': datetime.datetime(2024, 11, 24, 13, 0)}, '13': {'team': 'LV', 'date': datetime.datetime(2024, 11, 29, 15, 0)}, '14': {'team': 'LAC', 'date': datetime.datetime(2024, 12, 8, 20, 20)}, '15': {'team': 'CLE', 'date': datetime.datetime(2024, 12, 15, 13, 0)}, '16': {'team': 'HOU', 'date': datetime.datetime(2024, 12, 21, 13, 0)}, '17': {'team': 'PIT', 'date': datetime.datetime(2024, 12, 25, 13, 0)}, '18': {'team': 'DEN', 'date': datetime.datetime(2025, 1, 5, 16, 25)}}","['D/ST', 'BE', 'IR']",D/ST,,,,,,,785.0,72.0,28.0,0.488529814,0.185478947,1432.632375,270.4046053,143.0,57.0,27.0,10.0,,,,,,,,,,,,,,,,,,,,,,,,,,,,,,,,,,,,,,,,,,,,,,,,,,,,,,,,,376.0,,,15.0,,,,,,,,,,,,,,,,,,,,,,,,,,,,,,,,,,,7.0,0.0,0.0,4.0,4.0,1.0,13.0,1.0,,39.0,78.0,,,,1.0,344.0,204.0,58.0,71.0,307.0,24.0,7.0,326.0,4.0,3.0,1.0,1.0,5451.0,0.0,0.0,7.0,5.0,2.0,1.0,2.0,0.0,0.0,0.0,0.0,4.0,4.0,4.0,3.0,1.0,1.0,0.188737748,0.850170034,3.043608722,2.856571314,0.112381588,1.866192886,13.06368361,8.941905121,1.719107069,0.21260874,44.04549947,88.09099894,1.297622269,0.568570617,2.652583235,13.79359243,1038.017159,346.0,207.0,66.36608208,358.6844922,2.465493099,3.621724345,2.618523705,1.207241448,0.147929586,21.09908778,5890.678613,0.450567585,3.910586588,3.715057259,3.961594239,2.796919538,1.445216783,0.561084163,0.158973846,346.5105066,,,,,,,,,,1.0,,,,,,,,,,,,,,,,,,,,,,,,,,,,,,,,,,,,,,2024,,,,,,,,,,,,,,,,,,,,,,,,,,,,,,,,,,,,,35.81480119
82.0,4.82,21.95,1.69,104.0,26.11764706,2.0,83.0,38.0,16.0,10.0,2.0,,15.0,4.0,,,,,4.26923077,14.0,4.0,3.0,10.0,2.0,,,,,18.0,83.0,4.85714286,1.0,1.0,1.0,1.0,1.0,,1.0,13.0,4.0,30.0,1.0,,17.0,33.79186433,10.23570882,0.865224299,0.054051055,26.0,13.0,6.0,5.0,2.0,6.0,3.0,0.063185157,0.04422961,0.049203187,0.001679116,3.991212647,1.207819415,0.11038347,0.005228367,0.043808868,0.028629096,3.0,1.0,,,,2.199504551,,,0.009147637,0.000282917,2.778730228,7.23562813,0.059279422,0.001097825,0.234257959,0.015247796,0.249505755,0.107758661,0.008538766,0.116297427,0.116297427,13.17647059,Cam Akers,MIN,ADD,49,4240021,11,B Mac,BE,"{'1': {'team': 'NYG', 'date': datetime.datetime(2024, 9, 8, 13, 0)}, '2': {'team': 'SF', 'date': datetime.datetime(2024, 9, 15, 13, 0)}, '3': {'team': 'HOU', 'date': datetime.datetime(2024, 9, 22, 13, 0)}, '4': {'team': 'GB', 'date': datetime.datetime(2024, 9, 29, 13, 0)}, '5': {'team': 'NYJ', 'date': datetime.datetime(2024, 10, 6, 9, 30)}, '7': {'team': 'DET', 'date': datetime.datetime(2024, 10, 20, 13, 0)}, '8': {'team': 'LAR', 'date': datetime.datetime(2024, 10, 24, 20, 15)}, '9': {'team': 'IND', 'date': datetime.datetime(2024, 11, 3, 20, 20)}, '10': {'team': 'JAX', 'date': datetime.datetime(2024, 11, 10, 13, 0)}, '11': {'team': 'TEN', 'date': datetime.datetime(2024, 11, 17, 13, 0)}, '12': {'team': 'CHI', 'date': datetime.datetime(2024, 11, 24, 13, 0)}, '13': {'team': 'ARI', 'date': datetime.datetime(2024, 12, 1, 13, 0)}, '14': {'team': 'ATL', 'date': datetime.datetime(2024, 12, 8, 13, 0)}, '15': {'team': 'CHI', 'date': datetime.datetime(2024, 12, 16, 20, 0)}, '16': {'team': 'SEA', 'date': datetime.datetime(2024, 12, 22, 16, 5)}, '17': {'team': 'GB', 'date': datetime.datetime(2024, 12, 29, 16, 25)}, '18': {'team': 'DET', 'date': datetime.datetime(2025, 1, 5, 20, 20)}}","['RB', 'RB/WR', 'RB/WR/TE', 'OP', 'BE', 'IR']",BE,,,,,,,76.0,7.0,2.0,,,,,,,,,,3.0,,,,,,,,,,,,,,,,,,,,,,,,,,,,,,,,,,,,,,,,,,,,,,,,,,,,,,,1.0,1.0,,,,,,,,,,,,,,,,,,,,,,,,,,,,,,,,,,,,,,,,,,,,,,,,,,,,,,,,,,,,,,,,,,,,,,,,,,,,,,,,,,,,,,,,,,,,,,,,,,,,,,,,,,,,,,,,,,,,,,,,,,,,,,,,,,,,,,,,,,,,,,,,,,,,,,,,,,,,,,,,,,,,,,2024,,,,21.0,4.0,,,,,,,,,,,,,,,,,,,,,,,,,,,,,9.202043983,-0.096735355,,
50.0,3.85,48.28,3.22,,,,,,,,,,,,,,,,,24.0,19.53846154,1.0,46.0,20.0,8.0,5.0,1.0,2.0,37.0,69.0,10.58333333,,1.0,,,,2.0,2.0,8.0,5.0,6.0,,,13.0,,,,,,,,,,,,,,,,,14.62969749,1.534975256,0.07268012,0.150594417,0.098413451,44.0,22.0,11.0,8.0,4.0,17.30432004,,,0.082914381,0.002564362,29.16931936,12.78100513,0.07268012,0.00152278,,0.346086401,0.346086401,,0.193808384,0.193808384,0.193808384,15.11764706,John Metchie III,HOU,ADD,109,4567096,11,B Mac,BE,"{'1': {'team': 'IND', 'date': datetime.datetime(2024, 9, 8, 13, 0)}, '2': {'team': 'CHI', 'date': datetime.datetime(2024, 9, 15, 20, 20)}, '3': {'team': 'MIN', 'date': datetime.datetime(2024, 9, 22, 13, 0)}, '4': {'team': 'JAX', 'date': datetime.datetime(2024, 9, 29, 13, 0)}, '5': {'team': 'BUF', 'date': datetime.datetime(2024, 10, 6, 13, 0)}, '6': {'team': 'NE', 'date': datetime.datetime(2024, 10, 13, 13, 0)}, '7': {'team': 'GB', 'date': datetime.datetime(2024, 10, 20, 13, 0)}, '8': {'team': 'IND', 'date': datetime.datetime(2024, 10, 27, 13, 0)}, '9': {'team': 'NYJ', 'date': datetime.datetime(2024, 10, 31, 20, 15)}, '10': {'team': 'DET', 'date': datetime.datetime(2024, 11, 10, 20, 20)}, '11': {'team': 'DAL', 'date': datetime.datetime(2024, 11, 18, 20, 15)}, '12': {'team': 'TEN', 'date': datetime.datetime(2024, 11, 24, 13, 0)}, '13': {'team': 'JAX', 'date': datetime.datetime(2024, 12, 1, 13, 0)}, '15': {'team': 'MIA', 'date': datetime.datetime(2024, 12, 15, 13, 0)}, '16': {'team': 'KC', 'date': datetime.datetime(2024, 12, 21, 13, 0)}, '17': {'team': 'BAL', 'date': datetime.datetime(2024, 12, 25, 16, 30)}, '18': {'team': 'TEN', 'date': datetime.datetime(2025, 1, 5, 13, 0)}}","['RB/WR', 'WR', 'WR/TE', 'RB/WR/TE', 'OP', 'BE', 'IR']",BE,,,,,1.0,,,,,,,,,,,,,,,,,,,,,,,,,,,,,,,,,,,,,,,,,,,,,,,,,,,,,,,,,,,,,,,,,,,,1.0,,,,,,,,,,,,,,,,,,,,,,,,,,,,,,,,,,,,,,,,,,,,,,,,,,,,,,,,,,,,,,,,,,,,,,,,,,,,,,,,,,,,,,,,,,,,,,,,,,,,,,,,,,,,,,,,,,,,,,,,,,,,,,,,,,,,,,,,,,,,,,,,,,,,,,,,,,,,,,,,,,,,,,,,2024,,,,,12.0,,,,,,,,,,,,,,,,,,,,,,,,,,,,,,9.52109778,,
394.0,23.18,288.11,20.58,3.0,1.88235294,,5.0,2.0,,,,,,,,,,,10.66666667,127.0,100.47058824,17.0,335.0,163.0,76.0,60.0,25.0,19.0,175.0,787.0,13.4488189,,,,,,6.0,6.0,9.0,8.0,102.0,,2.0,17.0,3.622775595,1.24244113,0.1558074,0.009136776,3.0,1.0,,,,,,0.006657006,0.004659904,0.000728268,2.4853e-05,5.013163376,91.34541137,8.236785443,0.401412972,0.279995732,0.182977211,267.0,133.0,66.0,53.0,26.0,104.8677862,,,4.921532995,0.152212361,150.8615804,12.73274695,0.410549749,0.007838258,0.059486219,1.721936112,1.781422331,0.027363661,0.964284223,0.991647884,0.991647884,14.61764706,Ja'Marr Chase,CIN,DRAFT,1,4362628,12,Jean Machine,WR,"{'1': {'team': 'NE', 'date': datetime.datetime(2024, 9, 8, 13, 0)}, '2': {'team': 'KC', 'date': datetime.datetime(2024, 9, 15, 16, 25)}, '3': {'team': 'WSH', 'date': datetime.datetime(2024, 9, 23, 20, 15)}, '4': {'team': 'CAR', 'date': datetime.datetime(2024, 9, 29, 13, 0)}, '5': {'team': 'BAL', 'date': datetime.datetime(2024, 10, 6, 13, 0)}, '6': {'team': 'NYG', 'date': datetime.datetime(2024, 10, 13, 20, 20)}, '7': {'team': 'CLE', 'date': datetime.datetime(2024, 10, 20, 13, 0)}, '8': {'team': 'PHI', 'date': datetime.datetime(2024, 10, 27, 13, 0)}, '9': {'team': 'LV', 'date': datetime.datetime(2024, 11, 3, 13, 0)}, '10': {'team': 'BAL', 'date': datetime.datetime(2024, 11, 7, 20, 15)}, '11': {'team': 'LAC', 'date': datetime.datetime(2024, 11, 17, 20, 20)}, '13': {'team': 'PIT', 'date': datetime.datetime(2024, 12, 1, 13, 0)}, '14': {'team': 'DAL', 'date': datetime.datetime(2024, 12, 9, 20, 15)}, '15': {'team': 'TEN', 'date': datetime.datetime(2024, 12, 15, 13, 0)}, '16': {'team': 'CLE', 'date': datetime.datetime(2024, 12, 22, 13, 0)}, '17': {'team': 'DEN', 'date': datetime.datetime(2024, 12, 28, 16, 30)}, '18': {'team': 'PIT', 'date': datetime.datetime(2025, 1, 4, 20, 0)}}","['RB/WR', 'WR', 'WR/TE', 'RB/WR/TE', 'OP', 'BE', 'IR']",WR,7.0,4.0,6.0,4.0,,,,,,,,,,,,,,4.0,5.0,,,,,,,,,,,,,,,,,,,,,,,,,,,,,,,,,,,,,,,,,,,,,,,,,,,,,,3.0,,,,,,,,,,,,,,,,,,,,,,,,,,,,,,,,,,,,,,,,,,,,,,,,,,,,,,,,,,,,,,,,,,,,,,,,,,,,,,,,,,,,,,,,,,,,,,,,,,,,,,,,,,,,,,,,,,,,,,,,,,1.0,,,,,,,,,,,,,,,,,,,,,,,,,,,,,,,,,,,,,,,,,,,,,,2024,,,,2.0,75.0,,,,,,,,,,,,,,,,,,,,,,,,,,,,,3.02147071,62.94236189,,
246.0,14.47,250.23,16.68,2.0,0.29411765,,1.0,,,,,,,,,,,,2.5,101.0,64.94117647,7.0,215.0,105.0,48.0,37.0,16.0,14.0,154.0,442.0,10.93069307,,2.0,,2.0,2.0,1.0,1.0,5.0,12.0,44.0,,,17.0,4.390871446,1.565316499,0.198176164,0.010924088,4.0,2.0,1.0,,,,,0.008071739,0.005650218,0.001280221,4.3689e-05,5.389340738,75.40822275,9.074646404,0.454513676,0.223645547,0.146152365,227.0,113.0,56.0,45.0,22.0,80.50048626,,,3.480679281,0.107649875,136.4903748,14.16134175,0.465437763,0.007470439,0.087817429,1.610009725,1.697827154,0.040396017,0.901605446,0.942001463,0.942001463,15.11764706,Garrett Wilson,NYJ,DRAFT,9,4569618,12,Jean Machine,WR,"{'1': {'team': 'SF', 'date': datetime.datetime(2024, 9, 9, 20, 15)}, '2': {'team': 'TEN', 'date': datetime.datetime(2024, 9, 15, 13, 0)}, '3': {'team': 'NE', 'date': datetime.datetime(2024, 9, 19, 20, 15)}, '4': {'team': 'DEN', 'date': datetime.datetime(2024, 9, 29, 13, 0)}, '5': {'team': 'MIN', 'date': datetime.datetime(2024, 10, 6, 9, 30)}, '6': {'team': 'BUF', 'date': datetime.datetime(2024, 10, 14, 20, 15)}, '7': {'team': 'PIT', 'date': datetime.datetime(2024, 10, 20, 20, 20)}, '8': {'team': 'NE', 'date': datetime.datetime(2024, 10, 27, 13, 0)}, '9': {'team': 'HOU', 'date': datetime.datetime(2024, 10, 31, 20, 15)}, '10': {'team': 'ARI', 'date': datetime.datetime(2024, 11, 10, 16, 25)}, '11': {'team': 'IND', 'date': datetime.datetime(2024, 11, 17, 13, 0)}, '13': {'team': 'SEA', 'date': datetime.datetime(2024, 12, 1, 13, 0)}, '14': {'team': 'MIA', 'date': datetime.datetime(2024, 12, 8, 13, 0)}, '15': {'team': 'JAX', 'date': datetime.datetime(2024, 12, 15, 13, 0)}, '16': {'team': 'LAR', 'date': datetime.datetime(2024, 12, 22, 13, 0)}, '17': {'team': 'BUF', 'date': datetime.datetime(2024, 12, 29, 13, 0)}, '18': {'team': 'MIA', 'date': datetime.datetime(2025, 1, 5, 16, 25)}}","['RB/WR', 'WR', 'WR/TE', 'RB/WR/TE', 'OP', 'BE', 'IR']",WR,,,4.0,4.0,2.0,2.0,,,,,,,,,,,,1.0,4.0,3.0,,,,,,,,,,,,,,,,,,,,,,,,,,,,,,,,,,,,,,,,,,,,,,,,,,,1.0,,,,,,,,,,,,,,,,,,,,,,,,,,,,,,,,,,,,,,,,,,,,,,,,,,,,,,,,,,,,,,,,,,,,,,,,,,,,,,,,,,,,,,,,,,,,,,,,,,,,,,,,,,,,,,,,,,,,,,,,,,,,,,,,,,,,,,,,,,,,,,,,,,,,,,,,,,,,,,,,,,,,,,,,,,2024,,,,1.0,60.0,,,,,,,,,,,,,,,,,,,,,,,,,,,,,3.285509124,52.34635775,,
253.0,15.81,220.79,15.77,207.0,63.0625,16.0,196.0,95.0,44.0,34.0,13.0,4.0,35.0,14.0,4.0,1.0,4.0,,4.87439614,32.0,16.125,2.0,46.0,18.0,7.0,5.0,,2.0,38.0,260.0,8.0625,1.0,1.0,,,,,,12.0,4.0,108.0,11.0,,16.0,207.1440271,65.97872162,4.351796,0.189445966,187.0,93.0,46.0,37.0,18.0,41.0,20.0,0.423128155,0.296189708,2.292737291,0.078242327,4.51543508,28.63708282,2.365387255,0.12586231,0.073737156,0.048187232,81.0,40.0,20.0,16.0,8.0,49.25109738,,,0.231514327,0.007160237,63.13255439,8.242918104,0.315308276,0.011325048,2.079457411,0.49441715,2.573874561,0.956550409,0.276873604,1.233424013,1.233424013,14.17647059,James Cook,BUF,DRAFT,9,4379399,12,Jean Machine,RB,"{'1': {'team': 'ARI', 'date': datetime.datetime(2024, 9, 8, 13, 0)}, '2': {'team': 'MIA', 'date': datetime.datetime(2024, 9, 12, 20, 15)}, '3': {'team': 'JAX', 'date': datetime.datetime(2024, 9, 23, 19, 30)}, '4': {'team': 'BAL', 'date': datetime.datetime(2024, 9, 29, 20, 20)}, '5': {'team': 'HOU', 'date': datetime.datetime(2024, 10, 6, 13, 0)}, '6': {'team': 'NYJ', 'date': datetime.datetime(2024, 10, 14, 20, 15)}, '7': {'team': 'TEN', 'date': datetime.datetime(2024, 10, 20, 13, 0)}, '8': {'team': 'SEA', 'date': datetime.datetime(2024, 10, 27, 16, 5)}, '9': {'team': 'MIA', 'date': datetime.datetime(2024, 11, 3, 13, 0)}, '10': {'team': 'IND', 'date': datetime.datetime(2024, 11, 10, 13, 0)}, '11': {'team': 'KC', 'date': datetime.datetime(2024, 11, 17, 16, 25)}, '13': {'team': 'SF', 'date': datetime.datetime(2024, 12, 1, 20, 20)}, '14': {'team': 'LAR', 'date': datetime.datetime(2024, 12, 8, 16, 25)}, '15': {'team': 'DET', 'date': datetime.datetime(2024, 12, 15, 16, 25)}, '16': {'team': 'NE', 'date': datetime.datetime(2024, 12, 22, 16, 25)}, '17': {'team': 'NYJ', 'date': datetime.datetime(2024, 12, 29, 13, 0)}, '18': {'team': 'NE', 'date': datetime.datetime(2025, 1, 5, 13, 0)}}","['RB', 'RB/WR', 'RB/WR/TE', 'OP', 'BE', 'IR']",RB,,,,,,,,,,,,,,,,,,,1.0,,,,,,,,,,,,,,,,,,,,,,,,1.0,,,,,,,,,,,,,,,,,,,,,,,,,,,,,,1.0,,1.0,,,,,,,,,,,,,,,,,,,,,,,,,,,,,,,,,,,,,,,,,,,,,,,,,,,,,,,,,,,,,,,,,,,,,,,,,,,,,,,,,,,,,,,,,,,,,,,,,,,,,,,,,,,,,,,,,,,,,,,,,,,,,,,,,,,,,,,,,,,,,,,,,,,,,,,,,,,,,,,,,,,,,,2024,,,,48.0,14.0,,,,,,,,,,,,,,,,,,,,,,,,,,,,,49.48315899,22.23861925,,
193.0,14.85,224.24,14.95,1.0,0.07692308,,,,,,,,,,,,,,1.0,68.0,64.07692308,8.0,161.0,77.0,36.0,29.0,11.0,8.0,89.0,299.0,12.25,,,,,,1.0,1.0,11.0,2.0,48.0,,,13.0,,,,,,,,,,,,,,,,,68.78781988,6.327239092,0.374888944,0.240369601,0.157081534,207.0,103.0,51.0,41.0,20.0,83.96185408,,,2.777371518,0.085898088,122.2709706,12.38550523,0.374888944,0.005786759,,1.315172553,1.315172553,,0.73649663,0.73649663,0.73649663,15.11764706,DeVonta Smith,PHI,DRAFT,27,4241478,12,Jean Machine,RB/WR/TE,"{'1': {'team': 'GB', 'date': datetime.datetime(2024, 9, 6, 20, 15)}, '2': {'team': 'ATL', 'date': datetime.datetime(2024, 9, 16, 20, 15)}, '3': {'team': 'NO', 'date': datetime.datetime(2024, 9, 22, 13, 0)}, '4': {'team': 'TB', 'date': datetime.datetime(2024, 9, 29, 13, 0)}, '6': {'team': 'CLE', 'date': datetime.datetime(2024, 10, 13, 13, 0)}, '7': {'team': 'NYG', 'date': datetime.datetime(2024, 10, 20, 13, 0)}, '8': {'team': 'CIN', 'date': datetime.datetime(2024, 10, 27, 13, 0)}, '9': {'team': 'JAX', 'date': datetime.datetime(2024, 11, 3, 16, 5)}, '10': {'team': 'DAL', 'date': datetime.datetime(2024, 11, 10, 16, 25)}, '11': {'team': 'WSH', 'date': datetime.datetime(2024, 11, 14, 20, 15)}, '12': {'team': 'LAR', 'date': datetime.datetime(2024, 11, 24, 20, 20)}, '13': {'team': 'BAL', 'date': datetime.datetime(2024, 12, 1, 16, 25)}, '14': {'team': 'CAR', 'date': datetime.datetime(2024, 12, 8, 13, 0)}, '15': {'team': 'PIT', 'date': datetime.datetime(2024, 12, 15, 16, 25)}, '16': {'team': 'WSH', 'date': datetime.datetime(2024, 12, 22, 13, 0)}, '17': {'team': 'DAL', 'date': datetime.datetime(2024, 12, 29, 13, 0)}, '18': {'team': 'NYG', 'date': datetime.datetime(2025, 1, 5, 13, 0)}}","['RB/WR', 'WR', 'WR/TE', 'RB/WR/TE', 'OP', 'BE', 'IR']",RB/WR/TE,2.0,,2.0,2.0,,,,,,,,,,,,,,1.0,3.0,3.0,,,,,,,,,,,,,,,,,,,,,,,,,,,,,,,,,,,,,,,,,,,,,,,,,,,,,,,,,,,,,,,,,,,,,,,,,,,,,,,,,,,,,,,,,,,,,,,,,,,,,,,,,,,,,,,,,,,,,,,,,,,,,,,,,,,,,,,,,,,,,,,,,,,,,,,,,,,,,,,,,,,,,,,,,,,,,,,,,,,,,,,,,,,,,,,,,,,,,,,,,,,,,,,,,,,,,,,,,,,,,2024,,,,,42.0,,,,,,,,,,,,,,,,,,,,,,,,,,,,,,49.25191053,,
244.0,15.25,182.18,12.15,1.0,0.125,1.0,,,,,,,,,,,,,2.0,111.0,71.625,2.0,225.0,109.0,50.0,37.0,15.0,15.0,147.0,513.0,10.32432432,,,,,,,,8.0,8.0,18.0,1.0,,16.0,,,,,,,,,,,,,,,,,52.33881063,3.507111369,0.331840752,0.108241112,0.070735567,158.0,79.0,39.0,31.0,15.0,82.70818135,,,1.354894419,0.041903951,112.5972441,9.566643271,0.331840752,0.004967413,,1.128957467,1.128957467,,0.632216182,0.632216182,0.632216182,15.11764706,Trey McBride,ARI,DRAFT,2,4361307,12,Jean Machine,TE,"{'1': {'team': 'BUF', 'date': datetime.datetime(2024, 9, 8, 13, 0)}, '2': {'team': 'LAR', 'date': datetime.datetime(2024, 9, 15, 16, 5)}, '3': {'team': 'DET', 'date': datetime.datetime(2024, 9, 22, 16, 25)}, '4': {'team': 'WSH', 'date': datetime.datetime(2024, 9, 29, 16, 5)}, '5': {'team': 'SF', 'date': datetime.datetime(2024, 10, 6, 16, 5)}, '6': {'team': 'GB', 'date': datetime.datetime(2024, 10, 13, 13, 0)}, '7': {'team': 'LAC', 'date': datetime.datetime(2024, 10, 21, 21, 0)}, '8': {'team': 'MIA', 'date': datetime.datetime(2024, 10, 27, 13, 0)}, '9': {'team': 'CHI', 'date': datetime.datetime(2024, 11, 3, 16, 5)}, '10': {'team': 'NYJ', 'date': datetime.datetime(2024, 11, 10, 16, 25)}, '12': {'team': 'SEA', 'date': datetime.datetime(2024, 11, 24, 16, 25)}, '13': {'team': 'MIN', 'date': datetime.datetime(2024, 12, 1, 13, 0)}, '14': {'team': 'SEA', 'date': datetime.datetime(2024, 12, 8, 16, 5)}, '15': {'team': 'NE', 'date': datetime.datetime(2024, 12, 15, 16, 25)}, '16': {'team': 'CAR', 'date': datetime.datetime(2024, 12, 22, 13, 0)}, '17': {'team': 'LAR', 'date': datetime.datetime(2024, 12, 28, 20, 0)}, '18': {'team': 'SF', 'date': datetime.datetime(2025, 1, 5, 16, 25)}}","['WR/TE', 'TE', 'RB/WR/TE', 'OP', 'BE', 'IR']",TE,,,3.0,3.0,,,,,,,,,,,,,,3.0,1.0,,,,,,,,,,,,,,,,,,,,,,,,,,,,,,,,,,,,,,,,,,,,,,,,,,,,,,,,,,,,,,,,,,,,,,,,,,,,,,,,,,,,,,,,,,,,,,,,,,,,,,,,,,,,,,,,,,,,,,,,,,,,,,,,,,,,,,,,,,,,,,,,,,,,,,,,,,,,,,,,,,,,,,,,,,,,,,,,,,,,,,,,,,,,,,,,,,,,,,,,,,,,,,,,,,,,,,,,,,,1.0,,,2024,,,,1.0,63.0,,,,,,,,,,,,,,,,,,,,,,,,,,,,,,40.95561093,,
133.0,9.5,211.21,14.08,9.0,3.07142857,,9.0,3.0,,,,,,,,,,,4.77777778,51.0,47.64285714,3.0,129.0,61.0,27.0,21.0,7.0,5.0,81.0,164.0,13.07843137,,,,,,3.0,3.0,8.0,6.0,18.0,,1.0,14.0,15.97007278,6.147245817,0.583326497,0.036434428,18.0,9.0,4.0,3.0,1.0,3.0,1.0,0.029542774,0.020679942,0.021709262,0.000740854,5.819127684,62.42240288,5.812958682,0.275226552,0.226936337,0.148302896,188.0,94.0,47.0,37.0,18.0,70.45017685,,,2.166890565,0.067017234,112.5018341,13.39499626,0.31166098,0.007400923,0.310831172,1.371196694,1.682027866,0.142982339,0.767870149,0.910852488,0.910852488,15.11764706,Tank Dell,HOU,DRAFT,52,4366031,12,Jean Machine,BE,"{'1': {'team': 'IND', 'date': datetime.datetime(2024, 9, 8, 13, 0)}, '2': {'team': 'CHI', 'date': datetime.datetime(2024, 9, 15, 20, 20)}, '3': {'team': 'MIN', 'date': datetime.datetime(2024, 9, 22, 13, 0)}, '4': {'team': 'JAX', 'date': datetime.datetime(2024, 9, 29, 13, 0)}, '5': {'team': 'BUF', 'date': datetime.datetime(2024, 10, 6, 13, 0)}, '6': {'team': 'NE', 'date': datetime.datetime(2024, 10, 13, 13, 0)}, '7': {'team': 'GB', 'date': datetime.datetime(2024, 10, 20, 13, 0)}, '8': {'team': 'IND', 'date': datetime.datetime(2024, 10, 27, 13, 0)}, '9': {'team': 'NYJ', 'date': datetime.datetime(2024, 10, 31, 20, 15)}, '10': {'team': 'DET', 'date': datetime.datetime(2024, 11, 10, 20, 20)}, '11': {'team': 'DAL', 'date': datetime.datetime(2024, 11, 18, 20, 15)}, '12': {'team': 'TEN', 'date': datetime.datetime(2024, 11, 24, 13, 0)}, '13': {'team': 'JAX', 'date': datetime.datetime(2024, 12, 1, 13, 0)}, '15': {'team': 'MIA', 'date': datetime.datetime(2024, 12, 15, 13, 0)}, '16': {'team': 'KC', 'date': datetime.datetime(2024, 12, 21, 13, 0)}, '17': {'team': 'BAL', 'date': datetime.datetime(2024, 12, 25, 16, 30)}, '18': {'team': 'TEN', 'date': datetime.datetime(2025, 1, 5, 13, 0)}}","['RB/WR', 'WR', 'WR/TE', 'RB/WR/TE', 'OP', 'BE', 'IR']",BE,,,1.0,1.0,,,,,,0.021778987,0.0684,71.4623002,110.4,7.0,2.0,11.0,4.0,,2.0,,,,,,,,,,,,,,,,,,,,,,,,,,,,,,,,,,,,,,,,,,,,,,,,,,,,,,,,,,,,,,,,,,,,,,,,,,,,,,,,,,,,,,,,,,,,,,,,,,,,,,,,,,,,,,,,95.0,8.0,1.0,,,,,,,,,,,,,,,,,,,,,,,,,,,,,,,,,,,,,,,,,,,,,,,,,,,,,,,,,,,,,,,,,,,,,,,,,,,,,,,,,,,,,,,,,,,,,,,,,,,,,,,,,,,,2024,,,,3.0,35.0,,,,,,,,,,,,,,,,,,,,,,,,,,,,,6.614968675,43.30820696,,
111.0,7.4,176.79,12.63,120.0,34.06666667,1.0,97.0,44.0,21.0,11.0,2.0,,16.0,5.0,,,,,4.25833333,38.0,20.66666667,,57.0,25.0,9.0,7.0,1.0,2.0,47.0,315.0,8.15789474,1.0,2.0,1.0,1.0,1.0,,,10.0,5.0,6.0,1.0,,15.0,126.863218,43.03075672,3.152035091,0.147927443,122.0,61.0,30.0,24.0,12.0,25.0,12.0,0.248993138,0.174295197,0.97906469,0.033411722,4.808519497,25.99587463,1.371170834,0.079024016,0.042466478,0.027751843,73.0,36.0,18.0,14.0,7.0,53.98638465,,,0.186082323,0.005755123,66.49192427,6.826346206,0.226951459,0.009954947,1.587100587,0.67538743,2.262488017,0.73006627,0.378216961,1.108283231,1.108283231,14.17647059,Jaylen Warren,PIT,DRAFT,39,4569987,12,Jean Machine,BE,"{'1': {'team': 'ATL', 'date': datetime.datetime(2024, 9, 8, 13, 0)}, '2': {'team': 'DEN', 'date': datetime.datetime(2024, 9, 15, 16, 25)}, '3': {'team': 'LAC', 'date': datetime.datetime(2024, 9, 22, 13, 0)}, '4': {'team': 'IND', 'date': datetime.datetime(2024, 9, 29, 13, 0)}, '5': {'team': 'DAL', 'date': datetime.datetime(2024, 10, 6, 20, 20)}, '6': {'team': 'LV', 'date': datetime.datetime(2024, 10, 13, 16, 5)}, '7': {'team': 'NYJ', 'date': datetime.datetime(2024, 10, 20, 20, 20)}, '8': {'team': 'NYG', 'date': datetime.datetime(2024, 10, 28, 20, 15)}, '10': {'team': 'WSH', 'date': datetime.datetime(2024, 11, 10, 13, 0)}, '11': {'team': 'BAL', 'date': datetime.datetime(2024, 11, 17, 13, 0)}, '12': {'team': 'CLE', 'date': datetime.datetime(2024, 11, 21, 20, 15)}, '13': {'team': 'CIN', 'date': datetime.datetime(2024, 12, 1, 13, 0)}, '14': {'team': 'CLE', 'date': datetime.datetime(2024, 12, 8, 13, 0)}, '15': {'team': 'PHI', 'date': datetime.datetime(2024, 12, 15, 16, 25)}, '16': {'team': 'BAL', 'date': datetime.datetime(2024, 12, 21, 16, 30)}, '17': {'team': 'KC', 'date': datetime.datetime(2024, 12, 25, 13, 0)}, '18': {'team': 'CIN', 'date': datetime.datetime(2025, 1, 4, 20, 0)}}","['RB', 'RB/WR', 'RB/WR/TE', 'OP', 'BE', 'IR']",BE,,,,,1.0,,227.0,19.0,7.0,0.06108844,,200.4464446,,20.0,8.0,,,,,,,,,,,,,,,,,,,,,,,,,,,,,,,,,,,,,,,,,,,,,,,,,,,,,,,,,,,,,,,,,,,,,,,,,,,,,,,,,,,,,,,,,,,,,,,,,,,,,,,,,,,,,,,,,,,,,,,,,,,,,,,,,,,,,,,,,,,,,,,,,,,,,,,,,,,,,,,,,,,,,,,,,,,,,,,,,,,,,,,,,,,,,,,,,,,,,,,,,,,,,,,,,,,,,,,,,,,,,,,,,,2024,,,,28.0,16.0,,,,,,,,,,,,,,,,,,,,,,,,,,,,,32.72684708,21.8788654,,
144.0,8.47,184.32,13.17,139.0,30.17647059,4.0,96.0,45.0,20.0,13.0,4.0,,21.0,6.0,,,,,3.69064748,52.0,20.35294118,,62.0,27.0,12.0,9.0,2.0,3.0,70.0,395.0,6.65384615,2.0,2.0,2.0,2.0,2.0,1.0,1.0,10.0,7.0,24.0,3.0,,17.0,184.5526118,51.53670129,4.422039568,0.267556797,146.0,73.0,36.0,29.0,14.0,36.0,18.0,0.372600702,0.260820492,1.384188562,0.047237045,3.958808943,21.03491814,1.301297619,0.071570166,0.033745169,0.022052468,59.0,29.0,14.0,11.0,5.0,48.85179898,,,0.124789687,0.003859475,63.23141386,6.104194821,0.339126963,0.007302232,1.312242388,0.347355699,1.659598087,0.603631499,0.194519191,0.79815069,0.79815069,14.17647059,Javonte Williams,DAL,DRAFT,30,4361579,12,Jean Machine,BE,"{'1': {'team': 'CLE', 'date': datetime.datetime(2024, 9, 8, 16, 25)}, '2': {'team': 'NO', 'date': datetime.datetime(2024, 9, 15, 13, 0)}, '3': {'team': 'BAL', 'date': datetime.datetime(2024, 9, 22, 16, 25)}, '4': {'team': 'NYG', 'date': datetime.datetime(2024, 9, 26, 20, 15)}, '5': {'team': 'PIT', 'date': datetime.datetime(2024, 10, 6, 20, 20)}, '6': {'team': 'DET', 'date': datetime.datetime(2024, 10, 13, 16, 25)}, '8': {'team': 'SF', 'date': datetime.datetime(2024, 10, 27, 20, 20)}, '9': {'team': 'ATL', 'date': datetime.datetime(2024, 11, 3, 13, 0)}, '10': {'team': 'PHI', 'date': datetime.datetime(2024, 11, 10, 16, 25)}, '11': {'team': 'HOU', 'date': datetime.datetime(2024, 11, 18, 20, 15)}, '12': {'team': 'WSH', 'date': datetime.datetime(2024, 11, 24, 13, 0)}, '13': {'team': 'NYG', 'date': datetime.datetime(2024, 11, 28, 16, 30)}, '14': {'team': 'CIN', 'date': datetime.datetime(2024, 12, 9, 20, 15)}, '15': {'team': 'CAR', 'date': datetime.datetime(2024, 12, 15, 13, 0)}, '16': {'team': 'TB', 'date': datetime.datetime(2024, 12, 22, 20, 20)}, '17': {'team': 'PHI', 'date': datetime.datetime(2024, 12, 29, 13, 0)}, '18': {'team': 'WSH', 'date': datetime.datetime(2025, 1, 5, 13, 0)}}","['RB', 'RB/WR', 'RB/WR/TE', 'OP', 'BE', 'IR']",BE,,,,,,,,,,,,,,,,,,,,,,,,,,,,,,,,,,,,,,,,,,,,,,,,,,,,,,,,,,,,,,,,,,,,,,,,,,,1.0,,,,,,,,,,,,,,,,,,,,,,,,,,,,,,,,,,,,,,,,,,,,,,,,,,,,,,,,,,,,,,,,,,,,,,,,,,,,,,,,,,,,,,,,,,,,,,,,,,,,,,,,,,,,,,,,,,,,,,,,,,,,,,,,,,,,,,,,,,,,,,,,,,,,,,,,,,,,,,,,,,,,,,2024,,,,30.0,14.0,,,,,,,,,,,,,,,,,,,,,,,,,,,,,41.25001899,18.74055781,,
243.0,15.19,165.43,11.82,229.0,61.875,7.0,193.0,94.0,43.0,31.0,11.0,1.0,40.0,17.0,,,1.0,,4.3231441,54.0,22.5,4.0,66.0,29.0,10.0,8.0,3.0,4.0,65.0,326.0,6.66666667,2.0,2.0,1.0,1.0,1.0,,,8.0,8.0,68.0,6.0,,16.0,134.9823718,40.71209958,4.65664306,0.273062429,115.0,57.0,28.0,23.0,11.0,26.0,13.0,0.265878759,0.186115131,0.870359527,0.029702031,4.275772271,21.74657218,1.516987616,0.073948723,0.055124462,0.036023836,61.0,30.0,15.0,12.0,6.0,41.40198224,,,0.131791852,0.004076037,51.58102663,7.446253155,0.347011152,0.007964251,1.385189768,0.424867347,1.810057115,0.637187293,0.237925714,0.875113007,0.875113007,14.17647059,Chase Brown,CIN,DRAFT,10,4362238,12,Jean Machine,RB,"{'1': {'team': 'NE', 'date': datetime.datetime(2024, 9, 8, 13, 0)}, '2': {'team': 'KC', 'date': datetime.datetime(2024, 9, 15, 16, 25)}, '3': {'team': 'WSH', 'date': datetime.datetime(2024, 9, 23, 20, 15)}, '4': {'team': 'CAR', 'date': datetime.datetime(2024, 9, 29, 13, 0)}, '5': {'team': 'BAL', 'date': datetime.datetime(2024, 10, 6, 13, 0)}, '6': {'team': 'NYG', 'date': datetime.datetime(2024, 10, 13, 20, 20)}, '7': {'team': 'CLE', 'date': datetime.datetime(2024, 10, 20, 13, 0)}, '8': {'team': 'PHI', 'date': datetime.datetime(2024, 10, 27, 13, 0)}, '9': {'team': 'LV', 'date': datetime.datetime(2024, 11, 3, 13, 0)}, '10': {'team': 'BAL', 'date': datetime.datetime(2024, 11, 7, 20, 15)}, '11': {'team': 'LAC', 'date': datetime.datetime(2024, 11, 17, 20, 20)}, '13': {'team': 'PIT', 'date': datetime.datetime(2024, 12, 1, 13, 0)}, '14': {'team': 'DAL', 'date': datetime.datetime(2024, 12, 9, 20, 15)}, '15': {'team': 'TEN', 'date': datetime.datetime(2024, 12, 15, 13, 0)}, '16': {'team': 'CLE', 'date': datetime.datetime(2024, 12, 22, 13, 0)}, '17': {'team': 'DEN', 'date': datetime.datetime(2024, 12, 28, 16, 30)}, '18': {'team': 'PIT', 'date': datetime.datetime(2025, 1, 4, 20, 0)}}","['RB', 'RB/WR', 'RB/WR/TE', 'OP', 'BE', 'IR']",RB,,,,,,,186.0,17.0,7.0,0.165347704,,542.5471526,,54.0,21.0,,,,3.0,,,,,,,,,,,,,,,,,,,,,,,,,,,,,,,,,,,,,,,,,,,,,,,,,,,,,,1.0,,,,,,,,,,,,,,,,,,,,,,,,,,,,,,,,,,,,,,,,,,,,,,,,,,,,,,,,,,,,,,,,,,,,,,,,,,,,,,,,,,,,,,,,,,,,,,,,,,,,,,,,,,,,,,,,,,,,,,,,,,,1.0,,,,,,1.0,,,,,,,,,,,,,,,,,,,,,,,,,,,,,,,,,,,,,,,2024,,,,49.0,23.0,,,,,,,,,,,,,,,,,,,,,,,,,,,,,33.23192083,17.40890587,,
250.0,14.71,226.26,16.16,53.0,16.0,2.0,49.0,20.0,6.0,5.0,1.0,,4.0,,,,,,5.13207547,,,,,,,,,,,,,5.0,9.0,,,15.0,,,10.0,7.0,138.0,,,17.0,48.29143807,16.17693406,1.440755627,0.07168812,45.0,22.0,11.0,9.0,4.0,9.0,4.0,0.091388561,0.063971993,0.159732277,0.00545105,4.689797734,,,,,,,,,,,,,,,,,,1.141845267,0.029579695,0.576557491,,6.722657908,0.265216446,,3.215344646,13.31328955,14.0,Geno Smith,LV,DRAFT,14,15864,12,Jean Machine,QB,"{'1': {'team': 'LAC', 'date': datetime.datetime(2024, 9, 8, 16, 5)}, '2': {'team': 'BAL', 'date': datetime.datetime(2024, 9, 15, 13, 0)}, '3': {'team': 'CAR', 'date': datetime.datetime(2024, 9, 22, 16, 5)}, '4': {'team': 'CLE', 'date': datetime.datetime(2024, 9, 29, 16, 25)}, '5': {'team': 'DEN', 'date': datetime.datetime(2024, 10, 6, 16, 5)}, '6': {'team': 'PIT', 'date': datetime.datetime(2024, 10, 13, 16, 5)}, '7': {'team': 'LAR', 'date': datetime.datetime(2024, 10, 20, 16, 5)}, '8': {'team': 'KC', 'date': datetime.datetime(2024, 10, 27, 16, 25)}, '9': {'team': 'CIN', 'date': datetime.datetime(2024, 11, 3, 13, 0)}, '11': {'team': 'MIA', 'date': datetime.datetime(2024, 11, 17, 13, 0)}, '12': {'team': 'DEN', 'date': datetime.datetime(2024, 11, 24, 16, 5)}, '13': {'team': 'KC', 'date': datetime.datetime(2024, 11, 29, 15, 0)}, '14': {'team': 'TB', 'date': datetime.datetime(2024, 12, 8, 13, 0)}, '15': {'team': 'ATL', 'date': datetime.datetime(2024, 12, 16, 20, 30)}, '16': {'team': 'JAX', 'date': datetime.datetime(2024, 12, 22, 16, 25)}, '17': {'team': 'NO', 'date': datetime.datetime(2024, 12, 29, 13, 0)}, '18': {'team': 'LAC', 'date': datetime.datetime(2025, 1, 5, 16, 25)}}","['QB', 'OP', 'BE', 'IR']",QB,,,,,,,,,,,,,,,,,,,,,578.0,407.0,171.0,254.11764706,21.0,856.0,425.0,209.0,164.0,79.0,36.0,76.0,34.0,27.0,9.0,2.0,2.0,5.0,,15.0,0.70415225,50.0,4.0,7.0,6.0,3.0,3.0,478.9421872,317.8293102,161.112877,250.2221868,19.94527633,700.0,350.0,175.0,140.0,70.0,35.0,63.0,31.0,2.951921671,1.929080812,3.139343735,0.424043024,1.070157147,10.09794491,0.663606837,35.84433804,6.146100416,2.9501282,,,,,1.0,,,,,,,,,,,,,,,,,,,,,,,,,,,,,,,,,,,,,,,,,,,,,,,,,,,,,,,,,,,,,,,,,,,,,,,,,,,,,,,,,,,,,,,,,,,,,,,,,,,,,,,,,,,,,,,,,,,,,,,,,1.0,,,,,,,,,,,,,,,,,,,,,,,,,,,,,,,,,,,,,,,,,,,,,2024,,,209.0,18.0,,,,,,,,,,,,,,,,,,,,,,,,,,,,,,13.36136033,,170.1406747,
146.0,8.59,89.12,5.24,,,,,,,,,,,,,,,,,,,,,,,,,,,,,,,,,,674.0,1107.0,14.0,3.0,,,,17.0,,,,,,,,,,,,,,,,,,,,,,,,,,,,,,,,,,,,,,,,,,,17.0,Vikings D/ST,MIN,ADD,2,-16016,12,Jean Machine,D/ST,"{'1': {'team': 'NYG', 'date': datetime.datetime(2024, 9, 8, 13, 0)}, '2': {'team': 'SF', 'date': datetime.datetime(2024, 9, 15, 13, 0)}, '3': {'team': 'HOU', 'date': datetime.datetime(2024, 9, 22, 13, 0)}, '4': {'team': 'GB', 'date': datetime.datetime(2024, 9, 29, 13, 0)}, '5': {'team': 'NYJ', 'date': datetime.datetime(2024, 10, 6, 9, 30)}, '7': {'team': 'DET', 'date': datetime.datetime(2024, 10, 20, 13, 0)}, '8': {'team': 'LAR', 'date': datetime.datetime(2024, 10, 24, 20, 15)}, '9': {'team': 'IND', 'date': datetime.datetime(2024, 11, 3, 20, 20)}, '10': {'team': 'JAX', 'date': datetime.datetime(2024, 11, 10, 13, 0)}, '11': {'team': 'TEN', 'date': datetime.datetime(2024, 11, 17, 13, 0)}, '12': {'team': 'CHI', 'date': datetime.datetime(2024, 11, 24, 13, 0)}, '13': {'team': 'ARI', 'date': datetime.datetime(2024, 12, 1, 13, 0)}, '14': {'team': 'ATL', 'date': datetime.datetime(2024, 12, 8, 13, 0)}, '15': {'team': 'CHI', 'date': datetime.datetime(2024, 12, 16, 20, 0)}, '16': {'team': 'SEA', 'date': datetime.datetime(2024, 12, 22, 16, 5)}, '17': {'team': 'GB', 'date': datetime.datetime(2024, 12, 29, 16, 25)}, '18': {'team': 'DET', 'date': datetime.datetime(2025, 1, 5, 20, 20)}}","['D/ST', 'BE', 'IR']",D/ST,,,,,,,341.0,31.0,9.0,0.410617314,0.19851,1428.384428,274.2,142.0,57.0,27.0,10.0,,,,,,,,,,,,,,,,,,,,,,,,,,,,,,,,,,,,,,,,,,,,,,,,,,,,,,,,,433.0,,,12.0,,,,,,,,,,,,,,,,,,,,,,,,,,,,,,,,,,,9.0,0.0,1.0,5.0,2.0,3.0,24.0,2.0,,49.0,98.0,,,2.0,3.0,361.0,215.0,64.0,95.0,164.0,12.0,1.0,324.0,1.0,4.0,4.0,0.0,5702.0,0.0,1.0,7.0,0.0,6.0,1.0,2.0,0.0,0.0,0.0,1.0,5.0,2.0,1.0,4.0,4.0,0.0,0.123188406,0.552223888,2.208895552,2.378810595,0.10145004,1.862881915,13.15024579,9.053285576,1.673107116,0.206289384,40.758297,81.516594,1.301175402,0.561706514,2.573459269,16.25710357,1132.299859,377.0,226.0,74.67321173,385.8042605,2.463768116,4.035482259,3.270864568,1.741629185,0.225137431,22.69436827,5901.243398,0.425,3.74,3.655,3.995,2.89,1.53,0.595,0.17,347.1319646,,,,,,,,,,1.0,,,,,,,,,,,,,,,,,,,,,,,,,,,,,,,,,,,,,,2024,,,,,,,,,,,,,,,,,,,,,,,,,,,,,,,,,,,,,37.3455118
176.0,10.35,133.43,8.9,3.0,1.05882353,,2.0,1.0,,,,,,,,,,,6.0,93.0,41.11764706,3.0,134.0,64.0,27.0,19.0,6.0,14.0,140.0,361.0,7.51612903,,,,,,,,3.0,14.0,18.0,,,17.0,7.582057666,3.382488088,0.392694695,0.019050331,10.0,5.0,2.0,2.0,1.0,1.0,,0.013962347,0.009773643,0.006416605,0.000218974,6.744245869,37.80314037,1.263764695,0.071667225,0.081637613,0.05335018,114.0,57.0,28.0,22.0,11.0,62.51428491,,,0.553651263,0.017123235,86.78410234,9.141823099,0.090717555,0.004957459,0.121870378,1.004824794,1.126695172,0.056060374,0.562701885,0.618762259,0.618762259,15.11764706,Wan'Dale Robinson,NYG,ADD,36,4569587,12,Jean Machine,BE,"{'1': {'team': 'MIN', 'date': datetime.datetime(2024, 9, 8, 13, 0)}, '2': {'team': 'WSH', 'date': datetime.datetime(2024, 9, 15, 13, 0)}, '3': {'team': 'CLE', 'date': datetime.datetime(2024, 9, 22, 13, 0)}, '4': {'team': 'DAL', 'date': datetime.datetime(2024, 9, 26, 20, 15)}, '5': {'team': 'SEA', 'date': datetime.datetime(2024, 10, 6, 16, 25)}, '6': {'team': 'CIN', 'date': datetime.datetime(2024, 10, 13, 20, 20)}, '7': {'team': 'PHI', 'date': datetime.datetime(2024, 10, 20, 13, 0)}, '8': {'team': 'PIT', 'date': datetime.datetime(2024, 10, 28, 20, 15)}, '9': {'team': 'WSH', 'date': datetime.datetime(2024, 11, 3, 13, 0)}, '10': {'team': 'CAR', 'date': datetime.datetime(2024, 11, 10, 9, 30)}, '12': {'team': 'TB', 'date': datetime.datetime(2024, 11, 24, 13, 0)}, '13': {'team': 'DAL', 'date': datetime.datetime(2024, 11, 28, 16, 30)}, '14': {'team': 'NO', 'date': datetime.datetime(2024, 12, 8, 13, 0)}, '15': {'team': 'BAL', 'date': datetime.datetime(2024, 12, 15, 13, 0)}, '16': {'team': 'ATL', 'date': datetime.datetime(2024, 12, 22, 13, 0)}, '17': {'team': 'IND', 'date': datetime.datetime(2024, 12, 29, 13, 0)}, '18': {'team': 'PHI', 'date': datetime.datetime(2025, 1, 5, 13, 0)}}","['RB/WR', 'WR', 'WR/TE', 'RB/WR/TE', 'OP', 'BE', 'IR']",BE,,,,,,,,,,,,,,,,,,2.0,3.0,,,,,,,,,,,,,,,,,,,,,,,,,,,,,,,,,,,,,,,,,,,,,,,,,,,,,,,,,,,,,,,,,,,,,,,,,,,,,,,,,,,,,,,,,,,,,,,,,,,,,,,,,,,,,,,,,,,,,,,,,,,,,,,,,,,,,,,,,,,,,,,,,,,,,,,,,,,,,,,,,,,,,,,,,,,,,,,,,,,,,,,,,,,,,,,,,,,,,,,,,,,,,,,,,,,,,,,,,,,,,,2024,,,,1.0,37.0,,,,,,,,,,,,,,,,,,,,,,,,,,,,,4.551977004,29.37570769,,
174.0,15.82,239.12,15.94,17.0,4.45454545,,8.0,3.0,,,,,,,,,,,2.88235294,,,,,,,,,,,,,3.0,7.0,,2.0,9.0,1.0,1.0,6.0,5.0,114.0,,,11.0,38.99702182,7.586547215,1.035002756,0.046161412,22.0,11.0,5.0,4.0,2.0,7.0,3.0,0.073236758,0.051265731,0.037185593,0.001269002,2.918125614,,,,,,,,,,,,,,,,,,1.244363008,0.03947906,0.594778096,,8.972513587,0.273597924,,4.29491096,16.23773598,15.0,Tua Tagovailoa,MIA,ADD,21,4241479,12,Jean Machine,BE,"{'1': {'team': 'JAX', 'date': datetime.datetime(2024, 9, 8, 13, 0)}, '2': {'team': 'BUF', 'date': datetime.datetime(2024, 9, 12, 20, 15)}, '3': {'team': 'SEA', 'date': datetime.datetime(2024, 9, 22, 16, 5)}, '4': {'team': 'TEN', 'date': datetime.datetime(2024, 9, 30, 19, 30)}, '5': {'team': 'NE', 'date': datetime.datetime(2024, 10, 6, 13, 0)}, '7': {'team': 'IND', 'date': datetime.datetime(2024, 10, 20, 13, 0)}, '8': {'team': 'ARI', 'date': datetime.datetime(2024, 10, 27, 13, 0)}, '9': {'team': 'BUF', 'date': datetime.datetime(2024, 11, 3, 13, 0)}, '10': {'team': 'LAR', 'date': datetime.datetime(2024, 11, 11, 20, 15)}, '11': {'team': 'LV', 'date': datetime.datetime(2024, 11, 17, 13, 0)}, '12': {'team': 'NE', 'date': datetime.datetime(2024, 11, 24, 13, 0)}, '13': {'team': 'GB', 'date': datetime.datetime(2024, 11, 28, 20, 20)}, '14': {'team': 'NYJ', 'date': datetime.datetime(2024, 12, 8, 13, 0)}, '15': {'team': 'HOU', 'date': datetime.datetime(2024, 12, 15, 13, 0)}, '16': {'team': 'SF', 'date': datetime.datetime(2024, 12, 22, 16, 25)}, '17': {'team': 'CLE', 'date': datetime.datetime(2024, 12, 29, 16, 5)}, '18': {'team': 'NYJ', 'date': datetime.datetime(2025, 1, 5, 16, 25)}}","['QB', 'OP', 'BE', 'IR']",BE,,,,,,,,,,,,,,,,,,,,,399.0,291.0,108.0,260.63636364,19.0,570.0,281.0,137.0,109.0,51.0,24.0,53.0,23.0,16.0,6.0,2.0,2.0,4.0,2.0,7.0,0.72932331,21.0,4.0,10.0,6.0,1.0,,517.4391742,348.1544283,169.2847459,268.3245048,22.91573729,804.0,402.0,201.0,160.0,80.0,40.0,69.0,34.0,3.602151259,2.354005848,4.41777947,0.596726171,1.198201596,11.94282502,0.672841265,31.85263037,8.377735491,4.021313036,,,,,,,,,,,,,,,,,,,,,,,,,,,,,,,,,,,,,,,,,,,,,,,,,,,,,,,,,,,,,,,,,,,,,,,,,,,,,,,,,,,,,,,,,,,,,,,,,,,,,,,,,,,,,,,,,,,,,,,,,,,,,,,2.0,,,,,,,,,,,,,,,,,,,,,,,,,,,,,,,,,,,,,,,,,,,,2024,,,161.0,5.0,,,,,,,,,,,,,,,,,,,,,,,,,,,,,,8.811449081,,191.2996469,
162.0,9.53,132.08,7.77,,,,,,,,,,,,,,,,,,,,,,,,,,,,,,,,,,1.0,1.0,8.0,9.0,137.0,,,17.0,,,,,,,,,,,,,,,,,,,,,,,,,,,,,,,,,,,,,,,,,,,17.0,Jason Sanders,MIA,ADD,5,3124679,12,Jean Machine,K,"{'1': {'team': 'JAX', 'date': datetime.datetime(2024, 9, 8, 13, 0)}, '2': {'team': 'BUF', 'date': datetime.datetime(2024, 9, 12, 20, 15)}, '3': {'team': 'SEA', 'date': datetime.datetime(2024, 9, 22, 16, 5)}, '4': {'team': 'TEN', 'date': datetime.datetime(2024, 9, 30, 19, 30)}, '5': {'team': 'NE', 'date': datetime.datetime(2024, 10, 6, 13, 0)}, '7': {'team': 'IND', 'date': datetime.datetime(2024, 10, 20, 13, 0)}, '8': {'team': 'ARI', 'date': datetime.datetime(2024, 10, 27, 13, 0)}, '9': {'team': 'BUF', 'date': datetime.datetime(2024, 11, 3, 13, 0)}, '10': {'team': 'LAR', 'date': datetime.datetime(2024, 11, 11, 20, 15)}, '11': {'team': 'LV', 'date': datetime.datetime(2024, 11, 17, 13, 0)}, '12': {'team': 'NE', 'date': datetime.datetime(2024, 11, 24, 13, 0)}, '13': {'team': 'GB', 'date': datetime.datetime(2024, 11, 28, 20, 20)}, '14': {'team': 'NYJ', 'date': datetime.datetime(2024, 12, 8, 13, 0)}, '15': {'team': 'HOU', 'date': datetime.datetime(2024, 12, 15, 13, 0)}, '16': {'team': 'SF', 'date': datetime.datetime(2024, 12, 22, 16, 25)}, '17': {'team': 'CLE', 'date': datetime.datetime(2024, 12, 29, 16, 5)}, '18': {'team': 'NYJ', 'date': datetime.datetime(2025, 1, 5, 16, 25)}}","['K', 'BE', 'IR']",K,,,,,,,,,,,,,,,,,,,,,,,,,,,,,,,,,,,,,,,,,,,,,,,,,,,,,,,,,,,,,,,,,,,,,,,,,,,,,,12.0,14.0,5.0,7.0,2.0,20.0,20.0,,37.0,41.0,4.0,26.0,28.0,2.0,12.0,14.0,4.402955051,6.57914803,2.176192978,7.159099291,9.15218117,1.993081879,15.91643343,16.83871055,0.922277125,27.47848777,32.57003975,5.091551982,38.76840242,41.40911308,2.640710655,4.402955051,6.57914803,2.176192978,,,,,,,,,,,,,,,,,,,,,,,,,,,,,,,,,,,,,,,,,,,,,,,,,,,,,,,,,,,,,,,,,,,,,,,,,,,,,,,,,,,,,,,2.0,2.0,,,,,,,,,,,,,,,,,,,,,,,,,,,,,,,,,,,,,,,,,,2024,,,,,,1498.0,194.0,1692.0,291.0,143.0,65.0,52.0,21.0,6.0,37.0,18.0,8.0,6.0,2.0,331.0,163.0,75.0,60.0,25.0,7.0,,,1037.412044,234.8714191,1272.283463,,,,,,,
114.0,7.6,4.58,0.33,,,,,,,,,,,,,,,,,43.0,39.26666667,3.0,111.0,51.0,21.0,16.0,4.0,2.0,68.0,150.0,13.69767442,,,,,,,,3.0,12.0,20.0,,,15.0,,,,,,,,,,,,,,,,,1.571070951,0.121114355,0.006568224,0.103639455,0.067728384,4.0,2.0,1.0,,,1.877479283,,,0.012323088,0.000381126,3.165567122,11.81361914,0.006568224,0.000165218,,0.037549586,0.037549586,,0.021027768,0.021027768,0.021027768,14.11764706,Kayshon Boutte,NE,ADD,66,4429022,12,Jean Machine,BE,"{'1': {'team': 'CIN', 'date': datetime.datetime(2024, 9, 8, 13, 0)}, '2': {'team': 'SEA', 'date': datetime.datetime(2024, 9, 15, 13, 0)}, '3': {'team': 'NYJ', 'date': datetime.datetime(2024, 9, 19, 20, 15)}, '4': {'team': 'SF', 'date': datetime.datetime(2024, 9, 29, 16, 5)}, '5': {'team': 'MIA', 'date': datetime.datetime(2024, 10, 6, 13, 0)}, '6': {'team': 'HOU', 'date': datetime.datetime(2024, 10, 13, 13, 0)}, '7': {'team': 'JAX', 'date': datetime.datetime(2024, 10, 20, 9, 30)}, '8': {'team': 'NYJ', 'date': datetime.datetime(2024, 10, 27, 13, 0)}, '9': {'team': 'TEN', 'date': datetime.datetime(2024, 11, 3, 13, 0)}, '10': {'team': 'CHI', 'date': datetime.datetime(2024, 11, 10, 13, 0)}, '11': {'team': 'LAR', 'date': datetime.datetime(2024, 11, 17, 13, 0)}, '12': {'team': 'MIA', 'date': datetime.datetime(2024, 11, 24, 13, 0)}, '13': {'team': 'IND', 'date': datetime.datetime(2024, 12, 1, 13, 0)}, '15': {'team': 'ARI', 'date': datetime.datetime(2024, 12, 15, 16, 25)}, '16': {'team': 'BUF', 'date': datetime.datetime(2024, 12, 22, 16, 25)}, '17': {'team': 'LAC', 'date': datetime.datetime(2024, 12, 28, 13, 0)}, '18': {'team': 'BUF', 'date': datetime.datetime(2025, 1, 5, 13, 0)}}","['RB/WR', 'WR', 'WR/TE', 'RB/WR/TE', 'OP', 'BE', 'IR']",BE,2.0,,1.0,1.0,,,,,,,,,,,,,,,,1.0,,,,,,,,,,,,,,,,,,,,,,,,,,,,,,,,,,,,,,,,,,,,,,,,,,,1.0,,,,,,,,,,,,,,,,,,,,,,,,,,,,,,,,,,,,,,,,,,,,,,,,,,,,,,,,,,,,,,,,,,,,,,,,,,,,,,,,,,,,,,,,,,,,,,,,,,,,,,,,,,,,,,,,,,,,,,,,,,,,,,,,,,,,,,,,,,,,,,,,,,,,,,,,,,,,,,,,,,,,,,,,,,2024,,,,,25.0,,,,,,,,,,,,,,,,,,,,,,,,,,,,,,0.0070174,,
159.0,9.35,137.41,9.16,,,,,,,,,,,,,,,,,65.0,38.41176471,7.0,123.0,56.0,23.0,17.0,6.0,4.0,78.0,279.0,10.04615385,,3.0,,2.0,2.0,,,10.0,7.0,42.0,,,17.0,,,,,,,,,,,,,,,,,38.81125623,3.851689423,0.221933167,0.119305297,0.077966012,117.0,58.0,29.0,23.0,11.0,56.5813043,,,0.592724095,0.018331673,81.70167571,10.36976579,0.221933167,0.002906638,,0.660599569,0.660599569,,0.369935759,0.369935759,0.369935759,15.11764706,Pat Freiermuth,PIT,ADD,9,4361411,12,Jean Machine,BE,"{'1': {'team': 'ATL', 'date': datetime.datetime(2024, 9, 8, 13, 0)}, '2': {'team': 'DEN', 'date': datetime.datetime(2024, 9, 15, 16, 25)}, '3': {'team': 'LAC', 'date': datetime.datetime(2024, 9, 22, 13, 0)}, '4': {'team': 'IND', 'date': datetime.datetime(2024, 9, 29, 13, 0)}, '5': {'team': 'DAL', 'date': datetime.datetime(2024, 10, 6, 20, 20)}, '6': {'team': 'LV', 'date': datetime.datetime(2024, 10, 13, 16, 5)}, '7': {'team': 'NYJ', 'date': datetime.datetime(2024, 10, 20, 20, 20)}, '8': {'team': 'NYG', 'date': datetime.datetime(2024, 10, 28, 20, 15)}, '10': {'team': 'WSH', 'date': datetime.datetime(2024, 11, 10, 13, 0)}, '11': {'team': 'BAL', 'date': datetime.datetime(2024, 11, 17, 13, 0)}, '12': {'team': 'CLE', 'date': datetime.datetime(2024, 11, 21, 20, 15)}, '13': {'team': 'CIN', 'date': datetime.datetime(2024, 12, 1, 13, 0)}, '14': {'team': 'CLE', 'date': datetime.datetime(2024, 12, 8, 13, 0)}, '15': {'team': 'PHI', 'date': datetime.datetime(2024, 12, 15, 16, 25)}, '16': {'team': 'BAL', 'date': datetime.datetime(2024, 12, 21, 16, 30)}, '17': {'team': 'KC', 'date': datetime.datetime(2024, 12, 25, 13, 0)}, '18': {'team': 'CIN', 'date': datetime.datetime(2025, 1, 4, 20, 0)}}","['WR/TE', 'TE', 'RB/WR/TE', 'OP', 'BE', 'IR']",BE,,,,,3.0,2.0,,,,,,,,,,,,,4.0,2.0,,,,,,,,,,,,,,,,,,,,,,,,,,,,,,,,,,,,,,,,,,,,,,,,,,,,,1.0,,,,,,,,,,,,,,,,,,,,,,,,,,,,,,,,,,,,,,,,,,,,,,,,,,,,,,,,,,,,,,,,,,,,,,,,,,,,,,,,,,,,,,,,,,,,,,,,,,,,,,,,,,,,,,,,,,,,,,,,,,,,,,,,,,,,,,,,,,,,,,,,,,,,,,,,,,,,,,,,,,,,,,,,2024,,,,,32.0,,,,,,,,,,,,,,,,,,,,,,,,,,,,,,29.50189734,,
198.0,18.0,256.49,17.1,11.0,4.18181818,1.0,8.0,2.0,,,,,1.0,,,,,,4.18181818,79.0,90.0,3.0,194.0,93.0,43.0,34.0,15.0,11.0,106.0,518.0,12.53164557,,,,,,2.0,2.0,8.0,3.0,24.0,1.0,,11.0,12.41374328,5.109413244,0.652338934,0.03238526,15.0,7.0,3.0,3.0,1.0,2.0,1.0,0.022920017,0.016044012,0.014948431,0.000510133,6.222321852,81.87714011,5.88166977,0.31496727,0.313634897,0.204960405,247.0,123.0,61.0,49.0,24.0,88.52222168,,,4.189765647,0.129580381,135.6325858,13.98281339,0.34735253,0.007958585,0.222453877,1.586315345,1.808769222,0.102328784,0.888336593,0.990665377,0.990665377,15.11764706,Puka Nacua,LAR,DRAFT,26,4426515,13,The Ralph Dudes,WR,"{'1': {'team': 'DET', 'date': datetime.datetime(2024, 9, 8, 20, 20)}, '2': {'team': 'ARI', 'date': datetime.datetime(2024, 9, 15, 16, 5)}, '3': {'team': 'SF', 'date': datetime.datetime(2024, 9, 22, 16, 25)}, '4': {'team': 'CHI', 'date': datetime.datetime(2024, 9, 29, 13, 0)}, '5': {'team': 'GB', 'date': datetime.datetime(2024, 10, 6, 16, 25)}, '7': {'team': 'LV', 'date': datetime.datetime(2024, 10, 20, 16, 5)}, '8': {'team': 'MIN', 'date': datetime.datetime(2024, 10, 24, 20, 15)}, '9': {'team': 'SEA', 'date': datetime.datetime(2024, 11, 3, 16, 25)}, '10': {'team': 'MIA', 'date': datetime.datetime(2024, 11, 11, 20, 15)}, '11': {'team': 'NE', 'date': datetime.datetime(2024, 11, 17, 13, 0)}, '12': {'team': 'PHI', 'date': datetime.datetime(2024, 11, 24, 20, 20)}, '13': {'team': 'NO', 'date': datetime.datetime(2024, 12, 1, 16, 5)}, '14': {'team': 'BUF', 'date': datetime.datetime(2024, 12, 8, 16, 25)}, '15': {'team': 'SF', 'date': datetime.datetime(2024, 12, 12, 20, 15)}, '16': {'team': 'NYJ', 'date': datetime.datetime(2024, 12, 22, 13, 0)}, '17': {'team': 'ARI', 'date': datetime.datetime(2024, 12, 28, 20, 0)}, '18': {'team': 'SEA', 'date': datetime.datetime(2025, 1, 5, 16, 25)}}","['RB/WR', 'WR', 'WR/TE', 'RB/WR/TE', 'OP', 'BE', 'IR']",WR,,,5.0,5.0,,,,,,,,,,,,,,2.0,1.0,,,,,,,,,,,,,,,,,,,,,,,,,,,,,,,,,,,,,,,,,,,,,,,,,,,,,,2.0,,,,,,,,,,,,,,,,,,,,,,,,,,,,,,,,,,,,,,,,,,,,,,,,,,,,,,,,,,,,,,,,,,,,,,,,,,,,,,,,,,,,,,,,,,,,,,,,,,,,,,,,,,,,,,,,,,,,,,,,,,,,,,,,,,,,,,,,,,,,,,,,,,,,,,,,,,,,,,,,,,,,,,,,2024,,,,2.0,47.0,,,,,,,,,,,,,,,,,,,,,,,,,,,,,5.9205953,55.56591512,,
348.0,20.47,237.89,16.99,250.0,83.05882353,16.0,275.0,133.0,63.0,48.0,19.0,5.0,43.0,18.0,2.0,1.0,5.0,,5.648,52.0,30.41176471,4.0,97.0,45.0,19.0,13.0,2.0,4.0,63.0,588.0,9.94230769,,1.0,,1.0,1.0,1.0,1.0,15.0,2.0,120.0,10.0,,17.0,189.2259418,61.47822733,8.280739294,0.346913562,174.0,87.0,43.0,34.0,17.0,37.0,18.0,0.382854353,0.267998047,1.967213873,0.067133462,4.605839311,26.41863528,2.472896648,0.148932964,0.040984323,0.026783255,74.0,37.0,18.0,14.0,7.0,50.561546,,,0.193853918,0.005995482,68.15234981,7.407269669,0.495846526,0.010268982,1.841742381,0.492117208,2.333859589,0.847201495,0.275585636,1.122787132,1.122787132,14.17647059,Jahmyr Gibbs,DET,DRAFT,1,4429795,13,The Ralph Dudes,RB,"{'1': {'team': 'LAR', 'date': datetime.datetime(2024, 9, 8, 20, 20)}, '2': {'team': 'TB', 'date': datetime.datetime(2024, 9, 15, 13, 0)}, '3': {'team': 'ARI', 'date': datetime.datetime(2024, 9, 22, 16, 25)}, '4': {'team': 'SEA', 'date': datetime.datetime(2024, 9, 30, 20, 15)}, '6': {'team': 'DAL', 'date': datetime.datetime(2024, 10, 13, 16, 25)}, '7': {'team': 'MIN', 'date': datetime.datetime(2024, 10, 20, 13, 0)}, '8': {'team': 'TEN', 'date': datetime.datetime(2024, 10, 27, 13, 0)}, '9': {'team': 'GB', 'date': datetime.datetime(2024, 11, 3, 16, 25)}, '10': {'team': 'HOU', 'date': datetime.datetime(2024, 11, 10, 20, 20)}, '11': {'team': 'JAX', 'date': datetime.datetime(2024, 11, 17, 13, 0)}, '12': {'team': 'IND', 'date': datetime.datetime(2024, 11, 24, 13, 0)}, '13': {'team': 'CHI', 'date': datetime.datetime(2024, 11, 28, 12, 30)}, '14': {'team': 'GB', 'date': datetime.datetime(2024, 12, 5, 20, 15)}, '15': {'team': 'BUF', 'date': datetime.datetime(2024, 12, 15, 16, 25)}, '16': {'team': 'CHI', 'date': datetime.datetime(2024, 12, 22, 13, 0)}, '17': {'team': 'SF', 'date': datetime.datetime(2024, 12, 30, 20, 15)}, '18': {'team': 'MIN', 'date': datetime.datetime(2025, 1, 5, 20, 20)}}","['RB', 'RB/WR', 'RB/WR/TE', 'OP', 'BE', 'IR']",RB,,,,,1.0,1.0,,,,,,,,,,,,,1.0,1.0,,,,,,,,,,,,,,,,,,,,,,,,,,,,,,,,,,,,,,,,,,,,,,,,,,,,,2.0,,2.0,1.0,,,,,,,,,,,,,,,,,,,,,,,,,,,,,,,,,,,,,,,,,,,,,,,,,,,,,,,,,,,,,,,,,,,,,,,,,,,,,,,,,,,,,,,,,,,,,,,,,,,,,,,,,,,,,,,,,,,,,,,,1.0,,,,,,,,,,,,,,,,,,,,,,,,,,,,,,,,,,,,,,,,,,,,,2024,,,,70.0,25.0,,,,,,,,,,,,,,,,,,,,,,,,,,,,,49.16934712,21.71401504,,
167.0,10.44,208.81,13.92,,,,,,,,,,,,,,,,,60.0,45.375,7.0,138.0,65.0,29.0,22.0,8.0,5.0,83.0,343.0,12.1,,,,,,2.0,2.0,14.0,2.0,42.0,,,16.0,,,,,,,,,,,,,,,,,56.86919096,6.573257177,0.395841835,0.122694239,0.080180685,171.0,85.0,42.0,34.0,17.0,84.10762343,,,1.695837285,0.052448576,118.772269,10.22176495,0.395841835,0.002119118,,0.481617697,0.481617697,,0.26970591,0.26970591,0.26970591,15.11764706,Sam LaPorta,DET,DRAFT,8,4430027,13,The Ralph Dudes,TE,"{'1': {'team': 'LAR', 'date': datetime.datetime(2024, 9, 8, 20, 20)}, '2': {'team': 'TB', 'date': datetime.datetime(2024, 9, 15, 13, 0)}, '3': {'team': 'ARI', 'date': datetime.datetime(2024, 9, 22, 16, 25)}, '4': {'team': 'SEA', 'date': datetime.datetime(2024, 9, 30, 20, 15)}, '6': {'team': 'DAL', 'date': datetime.datetime(2024, 10, 13, 16, 25)}, '7': {'team': 'MIN', 'date': datetime.datetime(2024, 10, 20, 13, 0)}, '8': {'team': 'TEN', 'date': datetime.datetime(2024, 10, 27, 13, 0)}, '9': {'team': 'GB', 'date': datetime.datetime(2024, 11, 3, 16, 25)}, '10': {'team': 'HOU', 'date': datetime.datetime(2024, 11, 10, 20, 20)}, '11': {'team': 'JAX', 'date': datetime.datetime(2024, 11, 17, 13, 0)}, '12': {'team': 'IND', 'date': datetime.datetime(2024, 11, 24, 13, 0)}, '13': {'team': 'CHI', 'date': datetime.datetime(2024, 11, 28, 12, 30)}, '14': {'team': 'GB', 'date': datetime.datetime(2024, 12, 5, 20, 15)}, '15': {'team': 'BUF', 'date': datetime.datetime(2024, 12, 15, 16, 25)}, '16': {'team': 'CHI', 'date': datetime.datetime(2024, 12, 22, 13, 0)}, '17': {'team': 'SF', 'date': datetime.datetime(2024, 12, 30, 20, 15)}, '18': {'team': 'MIN', 'date': datetime.datetime(2025, 1, 5, 20, 20)}}","['WR/TE', 'TE', 'RB/WR/TE', 'OP', 'BE', 'IR']",TE,1.0,1.0,1.0,1.0,,,,,,,,,,,,,,,4.0,2.0,,,,,,,,,,,,,,,,,,,,,,,,,,,,,,,,,,,,,,,,,,,,,,,,,,,,,,,,,,,,,,,,,,,,,,,,,,,,,,,,,,,,,,,,,,,,,,,,,,,,,,,,,,,,,,,,,,,,,,,,,,,,,,,,,,,,,,,,,,,,,,,,,,,,,,,,,,,,,,,,,,,,,,,,,,,,,,,,,,,,,,,,,,,,,,,,,,,,,,,,,,,,,,,,,,,,,,,,,,,,,2024,,,,,39.0,,,,,,,,,,,,,,,,,,,,,,,,,,,,,,44.41703424,,
187.0,11.69,224.48,16.03,144.0,38.3125,3.0,117.0,55.0,22.0,17.0,4.0,,26.0,10.0,,,,,4.25694444,51.0,24.5625,6.0,75.0,33.0,11.0,10.0,3.0,6.0,57.0,516.0,7.70588235,2.0,3.0,2.0,3.0,3.0,,1.0,9.0,7.0,54.0,3.0,,16.0,212.3401366,60.88994296,6.138738649,0.398210274,172.0,86.0,43.0,34.0,17.0,42.0,21.0,0.434925708,0.304447995,1.956039089,0.06675211,4.065196997,27.87091325,1.723967819,0.080894275,0.057228605,0.037398893,79.0,39.0,19.0,15.0,7.0,53.61164882,,,0.217316633,0.006721133,65.36034937,7.36987559,0.47910455,0.010666054,1.935442531,0.488660632,2.424103163,0.890303564,0.273649954,1.163953518,1.163953518,14.17647059,Rachaad White,TB,DRAFT,22,4697815,13,The Ralph Dudes,BE,"{'1': {'team': 'WSH', 'date': datetime.datetime(2024, 9, 8, 16, 25)}, '2': {'team': 'DET', 'date': datetime.datetime(2024, 9, 15, 13, 0)}, '3': {'team': 'DEN', 'date': datetime.datetime(2024, 9, 22, 13, 0)}, '4': {'team': 'PHI', 'date': datetime.datetime(2024, 9, 29, 13, 0)}, '5': {'team': 'ATL', 'date': datetime.datetime(2024, 10, 3, 20, 15)}, '6': {'team': 'NO', 'date': datetime.datetime(2024, 10, 13, 13, 0)}, '7': {'team': 'BAL', 'date': datetime.datetime(2024, 10, 21, 20, 15)}, '8': {'team': 'ATL', 'date': datetime.datetime(2024, 10, 27, 13, 0)}, '9': {'team': 'KC', 'date': datetime.datetime(2024, 11, 4, 20, 15)}, '10': {'team': 'SF', 'date': datetime.datetime(2024, 11, 10, 13, 0)}, '12': {'team': 'NYG', 'date': datetime.datetime(2024, 11, 24, 13, 0)}, '13': {'team': 'CAR', 'date': datetime.datetime(2024, 12, 1, 16, 5)}, '14': {'team': 'LV', 'date': datetime.datetime(2024, 12, 8, 13, 0)}, '15': {'team': 'LAC', 'date': datetime.datetime(2024, 12, 15, 16, 25)}, '16': {'team': 'DAL', 'date': datetime.datetime(2024, 12, 22, 20, 20)}, '17': {'team': 'CAR', 'date': datetime.datetime(2024, 12, 29, 13, 0)}, '18': {'team': 'NO', 'date': datetime.datetime(2025, 1, 5, 13, 0)}}","['RB', 'RB/WR', 'RB/WR/TE', 'OP', 'BE', 'IR']",BE,,,,,1.0,1.0,,,,,,,,,,,,,2.0,1.0,,,,,,,,,,,,,,,,,,,,,,,1.0,,,,,,,,,,,,,,,,,,,,,,,,,,,,,,3.0,1.0,,,,,,,,,,,,,,,,,,,,,,,,,,,,,,,,,,,,,,,,,,,,,,,,,,,,,,,,,,,,,,,,,,,,,,,,,,,,,,,,,,,,,,,,,,,,,,,,,,,,,,,,,,,,,,,,,,,,,,,,,,,1.0,,,,,,,,,,,,,,,,,,,,,,,,,,,,,,,,,,,,,,,,,,,,2024,,,,35.0,18.0,,,,,,,,,,,,,,,,,,,,,,,,,,,,,48.69514693,22.67072652,,
178.0,11.87,201.64,15.51,,,,,,,,,,,,,,,,,70.0,49.6,7.0,143.0,68.0,31.0,23.0,5.0,7.0,121.0,240.0,10.62857143,,1.0,,,1.0,,,5.0,10.0,42.0,,1.0,15.0,2.085193369,0.909748887,0.093699606,0.005193648,2.0,1.0,,,,,,0.0038284,0.00267988,0.000309873,1.05748e-05,5.966906512,64.5689016,4.792893168,0.241332327,0.115825692,0.07569209,176.0,88.0,44.0,35.0,17.0,84.508937,,,1.817506651,0.056211546,123.5751426,10.4494828,0.246525975,0.00678548,0.037135203,1.505019422,1.542154625,0.017082193,0.842810876,0.859893069,0.859893069,13.67647059,Keenan Allen,CHI,DRAFT,33,15818,13,The Ralph Dudes,BE,"{'1': {'team': 'TEN', 'date': datetime.datetime(2024, 9, 8, 13, 0)}, '2': {'team': 'HOU', 'date': datetime.datetime(2024, 9, 15, 20, 20)}, '3': {'team': 'IND', 'date': datetime.datetime(2024, 9, 22, 13, 0)}, '4': {'team': 'LAR', 'date': datetime.datetime(2024, 9, 29, 13, 0)}, '5': {'team': 'CAR', 'date': datetime.datetime(2024, 10, 6, 13, 0)}, '6': {'team': 'JAX', 'date': datetime.datetime(2024, 10, 13, 9, 30)}, '8': {'team': 'WSH', 'date': datetime.datetime(2024, 10, 27, 16, 25)}, '9': {'team': 'ARI', 'date': datetime.datetime(2024, 11, 3, 16, 5)}, '10': {'team': 'NE', 'date': datetime.datetime(2024, 11, 10, 13, 0)}, '11': {'team': 'GB', 'date': datetime.datetime(2024, 11, 17, 13, 0)}, '12': {'team': 'MIN', 'date': datetime.datetime(2024, 11, 24, 13, 0)}, '13': {'team': 'DET', 'date': datetime.datetime(2024, 11, 28, 12, 30)}, '14': {'team': 'SF', 'date': datetime.datetime(2024, 12, 8, 16, 25)}, '15': {'team': 'MIN', 'date': datetime.datetime(2024, 12, 16, 20, 0)}, '16': {'team': 'DET', 'date': datetime.datetime(2024, 12, 22, 13, 0)}, '17': {'team': 'SEA', 'date': datetime.datetime(2024, 12, 26, 20, 15)}, '18': {'team': 'GB', 'date': datetime.datetime(2025, 1, 5, 13, 0)}}","['RB/WR', 'WR', 'WR/TE', 'RB/WR/TE', 'OP', 'BE', 'IR']",BE,1.0,,1.0,1.0,1.0,,,,,,,,,,,,,,4.0,,1.0,,1.0,,,,,,,,,,,,,,,,,1.0,,,,,,,,,,,,,,,,,,,,,,,,,,,,,,,,,1.0,,,,,,,,,,,,,,,,,,,,,,,,,,,,,,,,,,,,,,,,,,,,,,,,,,,,,,,,,,,,,,,,,,,,,,,,,,,,,,,,,,,,,,,,,,,,,,,,,,,,,,,,,,,,,,,,,,,,,,,,,,,,,,,,,,,,,,,,,,,,,,,,,,,,,,,,,,,,,,,,,,,,,,,,2024,,,,,43.0,,,,,,,,,,,,,,,,,,,,,,,,,,,,,2.688638434,44.42428834,,
233.0,14.56,177.29,11.82,,,,,,,,,,,,,,,,,82.0,71.8125,7.0,222.0,107.0,50.0,37.0,14.0,12.0,112.0,390.0,14.01219512,,2.0,,,,2.0,2.0,11.0,5.0,44.0,,,16.0,2.223599097,0.904851743,0.074318382,0.00413527,2.0,1.0,,,,,,0.004082819,0.002857973,0.000384757,1.31303e-05,6.15184154,54.0668106,4.995994057,0.252573777,0.205150224,0.134065671,163.0,81.0,40.0,32.0,16.0,64.55206896,,,1.484575287,0.0459147,99.84281889,12.66207224,0.256709047,0.003121734,0.023625524,0.685859445,0.709484969,0.010867741,0.384081289,0.39494903,0.39494903,15.11764706,Ladd McConkey,LAC,DRAFT,13,4612826,13,The Ralph Dudes,WR,"{'1': {'team': 'LV', 'date': datetime.datetime(2024, 9, 8, 16, 5)}, '2': {'team': 'CAR', 'date': datetime.datetime(2024, 9, 15, 13, 0)}, '3': {'team': 'PIT', 'date': datetime.datetime(2024, 9, 22, 13, 0)}, '4': {'team': 'KC', 'date': datetime.datetime(2024, 9, 29, 16, 25)}, '6': {'team': 'DEN', 'date': datetime.datetime(2024, 10, 13, 16, 5)}, '7': {'team': 'ARI', 'date': datetime.datetime(2024, 10, 21, 21, 0)}, '8': {'team': 'NO', 'date': datetime.datetime(2024, 10, 27, 16, 5)}, '9': {'team': 'CLE', 'date': datetime.datetime(2024, 11, 3, 13, 0)}, '10': {'team': 'TEN', 'date': datetime.datetime(2024, 11, 10, 16, 5)}, '11': {'team': 'CIN', 'date': datetime.datetime(2024, 11, 17, 20, 20)}, '12': {'team': 'BAL', 'date': datetime.datetime(2024, 11, 25, 20, 15)}, '13': {'team': 'ATL', 'date': datetime.datetime(2024, 12, 1, 13, 0)}, '14': {'team': 'KC', 'date': datetime.datetime(2024, 12, 8, 20, 20)}, '15': {'team': 'TB', 'date': datetime.datetime(2024, 12, 15, 16, 25)}, '16': {'team': 'DEN', 'date': datetime.datetime(2024, 12, 19, 20, 15)}, '17': {'team': 'NE', 'date': datetime.datetime(2024, 12, 28, 13, 0)}, '18': {'team': 'LV', 'date': datetime.datetime(2025, 1, 5, 16, 25)}}","['Rookie', 'RB/WR', 'WR', 'WR/TE', 'RB/WR/TE', 'OP', 'BE', 'IR']",WR,2.0,1.0,3.0,3.0,2.0,,,,,0.087750346,0.00855,287.9308227,13.8,28.0,11.0,1.0,,,4.0,,,,,,,,,,,,,,,,,,,,,,,,,,,,,,,,,,,,,,,,,,,,,,,,,,,,1.0,,1.0,,,,,,,,,,,,,,,,,,,,,,,,,,,,,,,,,,,,,,,,,,,,,,,,,,,,,,,,,,28.0,2.0,1.0,,,,,,,,,,,,,,,,,,,,,,,,,,,,,,,,,,,,,,,,,,,,,,,,,,,,,,,,,,,,,,,,,,,,,,,,,,,,,,,,,,,,,,,,,,,,,,,,,,,,,,,,,,,,2024,,,,,52.0,,,,,,,,,,,,,,,,,,,,,,,,,,,,,2.724368532,38.14643955,,
185.0,10.88,142.08,8.36,,,,,,,,,,,,,,,,,,,,,,,,,,,,,,,,,,,,7.0,10.0,150.0,,,17.0,,,,,,,,,,,,,,,,,,,,,,,,,,,,,,,,,,,,,,,,,,,17.0,Brandon Aubrey,DAL,DRAFT,2,3953687,13,The Ralph Dudes,K,"{'1': {'team': 'CLE', 'date': datetime.datetime(2024, 9, 8, 16, 25)}, '2': {'team': 'NO', 'date': datetime.datetime(2024, 9, 15, 13, 0)}, '3': {'team': 'BAL', 'date': datetime.datetime(2024, 9, 22, 16, 25)}, '4': {'team': 'NYG', 'date': datetime.datetime(2024, 9, 26, 20, 15)}, '5': {'team': 'PIT', 'date': datetime.datetime(2024, 10, 6, 20, 20)}, '6': {'team': 'DET', 'date': datetime.datetime(2024, 10, 13, 16, 25)}, '8': {'team': 'SF', 'date': datetime.datetime(2024, 10, 27, 20, 20)}, '9': {'team': 'ATL', 'date': datetime.datetime(2024, 11, 3, 13, 0)}, '10': {'team': 'PHI', 'date': datetime.datetime(2024, 11, 10, 16, 25)}, '11': {'team': 'HOU', 'date': datetime.datetime(2024, 11, 18, 20, 15)}, '12': {'team': 'WSH', 'date': datetime.datetime(2024, 11, 24, 13, 0)}, '13': {'team': 'NYG', 'date': datetime.datetime(2024, 11, 28, 16, 30)}, '14': {'team': 'CIN', 'date': datetime.datetime(2024, 12, 9, 20, 15)}, '15': {'team': 'CAR', 'date': datetime.datetime(2024, 12, 15, 13, 0)}, '16': {'team': 'TB', 'date': datetime.datetime(2024, 12, 22, 20, 20)}, '17': {'team': 'PHI', 'date': datetime.datetime(2024, 12, 29, 13, 0)}, '18': {'team': 'WSH', 'date': datetime.datetime(2025, 1, 5, 13, 0)}}","['K', 'BE', 'IR']",K,,,,,,,,,,,,,,,,,,,,,,,,,,,,,,,,,,,,,,,,,,,,,,,,,,,,,,,,,,,,,,,,,,,,,,,,,,,,,,14.0,17.0,14.0,16.0,2.0,12.0,14.0,2.0,40.0,47.0,7.0,30.0,30.0,,12.0,13.0,4.672553543,6.566606582,1.894053039,7.532163389,9.134734899,1.60257151,16.59758618,16.8066119,0.209025716,28.80230311,32.50795338,3.705650264,42.50375996,43.43487832,0.931118354,4.672553543,6.566606582,1.894053039,,,,,,,,,,,,,,,,,,,,,,,,,,,,,,,,,,,,,,,,,,,,,,,,,,,,,,,,,,,,,,,,,,,,,,,,,,,,,,,,,,,,,,,3.0,1.0,4.0,2.0,,,,,,,,,,,,,2.0,,,,,,,,,,,,,,,,,,,,,,,,,,,2024,,,,,,1769.0,299.0,2068.0,346.0,169.0,79.0,64.0,27.0,9.0,59.0,29.0,13.0,10.0,4.0,406.0,199.0,94.0,75.0,33.0,11.0,,,1089.192829,180.6653535,1269.858183,,,,,,,
275.0,16.18,171.18,11.41,6.0,2.82352941,,7.0,3.0,,,,,,,,,,,8.0,87.0,75.41176471,10.0,250.0,121.0,58.0,43.0,16.0,11.0,133.0,562.0,14.73563218,,,,,,1.0,1.0,4.0,13.0,64.0,,,17.0,,,,,,,,,,,,,,,,,53.8766538,4.818982384,0.297507868,0.19676336,0.128584856,162.0,81.0,40.0,32.0,16.0,61.38054196,,,1.463313897,0.045257131,100.4852712,13.26948591,0.297507868,0.002869514,,0.65216228,0.65216228,,0.365210877,0.365210877,0.365210877,15.11764706,Brian Thomas Jr.,JAX,DRAFT,4,4432773,13,The Ralph Dudes,RB/WR/TE,"{'1': {'team': 'MIA', 'date': datetime.datetime(2024, 9, 8, 13, 0)}, '2': {'team': 'CLE', 'date': datetime.datetime(2024, 9, 15, 13, 0)}, '3': {'team': 'BUF', 'date': datetime.datetime(2024, 9, 23, 19, 30)}, '4': {'team': 'HOU', 'date': datetime.datetime(2024, 9, 29, 13, 0)}, '5': {'team': 'IND', 'date': datetime.datetime(2024, 10, 6, 13, 0)}, '6': {'team': 'CHI', 'date': datetime.datetime(2024, 10, 13, 9, 30)}, '7': {'team': 'NE', 'date': datetime.datetime(2024, 10, 20, 9, 30)}, '8': {'team': 'GB', 'date': datetime.datetime(2024, 10, 27, 13, 0)}, '9': {'team': 'PHI', 'date': datetime.datetime(2024, 11, 3, 16, 5)}, '10': {'team': 'MIN', 'date': datetime.datetime(2024, 11, 10, 13, 0)}, '11': {'team': 'DET', 'date': datetime.datetime(2024, 11, 17, 13, 0)}, '13': {'team': 'HOU', 'date': datetime.datetime(2024, 12, 1, 13, 0)}, '14': {'team': 'TEN', 'date': datetime.datetime(2024, 12, 8, 13, 0)}, '15': {'team': 'NYJ', 'date': datetime.datetime(2024, 12, 15, 13, 0)}, '16': {'team': 'LV', 'date': datetime.datetime(2024, 12, 22, 16, 25)}, '17': {'team': 'TEN', 'date': datetime.datetime(2024, 12, 29, 13, 0)}, '18': {'team': 'IND', 'date': datetime.datetime(2025, 1, 5, 13, 0)}}","['Rookie', 'RB/WR', 'WR', 'WR/TE', 'RB/WR/TE', 'OP', 'BE', 'IR']",RB/WR/TE,2.0,2.0,4.0,4.0,,,,,,,,,,,,,,1.0,4.0,,,,,,,,,,,,,,,,,,,,,,,,,,,,,,,,,,,,,,,,,,,,,,,,,,,,2.0,,4.0,,,,,,,,,,,,,,,,,,,,,,,,,,,,,,,,,,,,,,,,,,,,,,,,,,,,,,,,,,,,,,,,,,,,,,,,,,,,,,,,,,,,,,,,,,,,,,,,,,,,,,,,,,,,,,,,,,,,,,,,,,,,,,,,,,,,,,,,,,,,,,,,,,,,,,,,,,,,,,,,,,,,,,,,2024,,,,3.0,53.0,,,,,,,,,,,,,,,,,,,,,,,,,,,,,,37.27188754,,
185.0,11.56,147.57,10.54,235.0,67.4375,2.0,210.0,101.0,47.0,37.0,13.0,4.0,41.0,17.0,,,4.0,,4.59148936,39.0,15.5625,3.0,44.0,19.0,6.0,5.0,,2.0,49.0,272.0,6.38461538,4.0,3.0,3.0,2.0,2.0,1.0,1.0,7.0,9.0,30.0,2.0,,16.0,153.7522182,46.21823279,4.514262419,0.263193806,131.0,65.0,32.0,26.0,13.0,30.0,15.0,0.305746006,0.214022204,1.121288167,0.038265263,4.261476196,15.10483967,1.050412355,0.050917997,0.050912902,0.033271582,42.0,21.0,10.0,8.0,4.0,27.78718803,,,0.079961593,0.002473039,36.55072571,7.706188734,0.314111802,0.003401641,0.654766226,0.118333982,0.773100208,0.301192464,0.06626703,0.367459494,0.367459494,14.17647059,Rico Dowdle,CAR,DRAFT,23,4038815,13,The Ralph Dudes,RB,"{'1': {'team': 'NO', 'date': datetime.datetime(2024, 9, 8, 13, 0)}, '2': {'team': 'LAC', 'date': datetime.datetime(2024, 9, 15, 13, 0)}, '3': {'team': 'LV', 'date': datetime.datetime(2024, 9, 22, 16, 5)}, '4': {'team': 'CIN', 'date': datetime.datetime(2024, 9, 29, 13, 0)}, '5': {'team': 'CHI', 'date': datetime.datetime(2024, 10, 6, 13, 0)}, '6': {'team': 'ATL', 'date': datetime.datetime(2024, 10, 13, 16, 25)}, '7': {'team': 'WSH', 'date': datetime.datetime(2024, 10, 20, 16, 5)}, '8': {'team': 'DEN', 'date': datetime.datetime(2024, 10, 27, 16, 25)}, '9': {'team': 'NO', 'date': datetime.datetime(2024, 11, 3, 13, 0)}, '10': {'team': 'NYG', 'date': datetime.datetime(2024, 11, 10, 9, 30)}, '12': {'team': 'KC', 'date': datetime.datetime(2024, 11, 24, 13, 0)}, '13': {'team': 'TB', 'date': datetime.datetime(2024, 12, 1, 16, 5)}, '14': {'team': 'PHI', 'date': datetime.datetime(2024, 12, 8, 13, 0)}, '15': {'team': 'DAL', 'date': datetime.datetime(2024, 12, 15, 13, 0)}, '16': {'team': 'ARI', 'date': datetime.datetime(2024, 12, 22, 13, 0)}, '17': {'team': 'TB', 'date': datetime.datetime(2024, 12, 29, 13, 0)}, '18': {'team': 'ATL', 'date': datetime.datetime(2025, 1, 5, 13, 0)}}","['RB', 'RB/WR', 'RB/WR/TE', 'OP', 'BE', 'IR']",RB,,,,,,,,,,0.079459308,,260.725856,,26.0,10.0,,,,1.0,1.0,,,,,,,,,,,,,,,,,,,,,,,3.0,,,,,,,,,,,,,,,,,,,,,,,,,,,,,,1.0,,,,,,,,,,,,,,,,,,,,,,,,,,,,,,,,,,,,,,,,,,,,,,,,,,,,,,,,,,,,,,,,,,,,,,,,,,,,,,,,,,,,,,,,,,,,,,,,,,,,,,,,,,,,,,,,,,,,,,,,,,,,3.0,,,,,,,,,,,,,,,,,,,,,,,,,,,,,,,,,,,,,,,,,,,,2024,,,,53.0,13.0,,,,,,,,,,,,,,,,,,,,,,,,,,,,,36.90174151,11.51839324,,
155.0,9.12,89.02,5.93,3.0,0.35294118,,,,,,,,,,,,,,2.0,50.0,41.58823529,7.0,133.0,63.0,26.0,22.0,6.0,2.0,70.0,456.0,14.14,,1.0,,1.0,1.0,,1.0,11.0,6.0,44.0,,,17.0,,,,,,,,,,,,,,,,,24.42241545,2.564870747,0.121630789,0.106802196,0.069795235,73.0,36.0,18.0,14.0,7.0,37.86253775,,,0.186596828,0.005771036,52.65836422,9.751313012,0.121630789,0.001907917,,0.433617488,0.433617488,,0.242825794,0.242825794,0.242825794,15.11764706,Tucker Kraft,GB,ADD,10,4572680,13,The Ralph Dudes,BE,"{'1': {'team': 'PHI', 'date': datetime.datetime(2024, 9, 6, 20, 15)}, '2': {'team': 'IND', 'date': datetime.datetime(2024, 9, 15, 13, 0)}, '3': {'team': 'TEN', 'date': datetime.datetime(2024, 9, 22, 13, 0)}, '4': {'team': 'MIN', 'date': datetime.datetime(2024, 9, 29, 13, 0)}, '5': {'team': 'LAR', 'date': datetime.datetime(2024, 10, 6, 16, 25)}, '6': {'team': 'ARI', 'date': datetime.datetime(2024, 10, 13, 13, 0)}, '7': {'team': 'HOU', 'date': datetime.datetime(2024, 10, 20, 13, 0)}, '8': {'team': 'JAX', 'date': datetime.datetime(2024, 10, 27, 13, 0)}, '9': {'team': 'DET', 'date': datetime.datetime(2024, 11, 3, 16, 25)}, '11': {'team': 'CHI', 'date': datetime.datetime(2024, 11, 17, 13, 0)}, '12': {'team': 'SF', 'date': datetime.datetime(2024, 11, 24, 16, 25)}, '13': {'team': 'MIA', 'date': datetime.datetime(2024, 11, 28, 20, 20)}, '14': {'team': 'DET', 'date': datetime.datetime(2024, 12, 5, 20, 15)}, '15': {'team': 'SEA', 'date': datetime.datetime(2024, 12, 15, 20, 20)}, '16': {'team': 'NO', 'date': datetime.datetime(2024, 12, 23, 20, 15)}, '17': {'team': 'MIN', 'date': datetime.datetime(2024, 12, 29, 16, 25)}, '18': {'team': 'CHI', 'date': datetime.datetime(2025, 1, 5, 13, 0)}}","['WR/TE', 'TE', 'RB/WR/TE', 'OP', 'BE', 'IR']",BE,1.0,1.0,,,1.0,1.0,,,,,,,,,,,,,2.0,,,,,,,,,,,,,,,,,,,,,,,,,,,,,,,,,,,,,,,,,,,,,,,,,,,,1.0,,4.0,1.0,,,,,,,,,,,,,,,,,,,,,,,,,,,,,,,,,,,,,,,,,,,,,,,,,,,,,,,,,,,,,,,,,,,,,,,,,,,,,,,,,,,,,,,,,,,,,,,,,,,,,,,,,,,,,,,,,,,,,,,,,,,,,,,,,,,,,,,,,,,,,,,,,,,,,,,,,,,,,,,,,,,,,,,2024,,,,3.0,30.0,,,,,,,,,,,,,,,,,,,,,,,,,,,,,,18.71057511,,
178.0,12.71,110.48,8.5,1.0,0.85714286,,2.0,1.0,,,,,,,,,,,12.0,72.0,57.35714286,5.0,154.0,75.0,36.0,25.0,10.0,8.0,107.0,396.0,11.15277778,,,,,,2.0,2.0,7.0,7.0,30.0,,,14.0,,,,,,,,,,,,,,,,,39.29835955,2.227925217,0.162332022,0.126036216,0.082364667,103.0,51.0,25.0,20.0,10.0,46.21146526,,,0.467800315,0.014468051,70.08714426,11.20530751,0.162332022,0.003268237,,0.742781048,0.742781048,,0.415957387,0.415957387,0.415957387,13.17647059,Josh Downs,IND,ADD,33,4688813,13,The Ralph Dudes,BE,"{'1': {'team': 'HOU', 'date': datetime.datetime(2024, 9, 8, 13, 0)}, '2': {'team': 'GB', 'date': datetime.datetime(2024, 9, 15, 13, 0)}, '3': {'team': 'CHI', 'date': datetime.datetime(2024, 9, 22, 13, 0)}, '4': {'team': 'PIT', 'date': datetime.datetime(2024, 9, 29, 13, 0)}, '5': {'team': 'JAX', 'date': datetime.datetime(2024, 10, 6, 13, 0)}, '6': {'team': 'TEN', 'date': datetime.datetime(2024, 10, 13, 13, 0)}, '7': {'team': 'MIA', 'date': datetime.datetime(2024, 10, 20, 13, 0)}, '8': {'team': 'HOU', 'date': datetime.datetime(2024, 10, 27, 13, 0)}, '9': {'team': 'MIN', 'date': datetime.datetime(2024, 11, 3, 20, 20)}, '10': {'team': 'BUF', 'date': datetime.datetime(2024, 11, 10, 13, 0)}, '11': {'team': 'NYJ', 'date': datetime.datetime(2024, 11, 17, 13, 0)}, '12': {'team': 'DET', 'date': datetime.datetime(2024, 11, 24, 13, 0)}, '13': {'team': 'NE', 'date': datetime.datetime(2024, 12, 1, 13, 0)}, '15': {'team': 'DEN', 'date': datetime.datetime(2024, 12, 15, 16, 25)}, '16': {'team': 'TEN', 'date': datetime.datetime(2024, 12, 22, 13, 0)}, '17': {'team': 'NYG', 'date': datetime.datetime(2024, 12, 29, 13, 0)}, '18': {'team': 'JAX', 'date': datetime.datetime(2025, 1, 5, 13, 0)}}","['RB/WR', 'WR', 'WR/TE', 'RB/WR/TE', 'OP', 'BE', 'IR']",BE,1.0,1.0,1.0,1.0,,,,,,0.040851803,0.024225,134.0449785,39.1,13.0,5.0,3.0,1.0,1.0,1.0,2.0,,,,,,,,,,,,,,,,,,,,,,,,,,,,,,,,,,,,,,,,,,,,,,,,,,,,,1.0,,,,,,,,,,,,,,,,,,,,,,,,,,,,,,,,,,,,,,,,,,,,,,,,,,,,,,,,,,161.0,13.0,3.0,,,,,,,,,,,,,,,,,,,,,,,,,,,,,,,,,,,,,,,,,,,,,,,,,,,,,,,,,,,,,,,,,,,,,,,,,,,,,,,,,,,,,,,,,,,,,,,,,,,,,,,,,,,,2024,,,,1.0,40.0,,,,,,,,,,,,,,,,,,,,,,,,,,,,,,24.64134034,,
165.0,12.69,204.16,14.58,54.0,32.38461538,2.0,79.0,36.0,14.0,11.0,2.0,,6.0,,,,,,7.7962963,,,,,,,,,,,,,4.0,9.0,2.0,6.0,16.0,1.0,1.0,3.0,10.0,102.0,1.0,,13.0,61.86370893,22.05881414,2.369901876,0.123886145,61.0,30.0,15.0,12.0,6.0,12.0,6.0,0.118089478,0.082662634,0.297168655,0.010141226,4.991996167,,,,,,,,,,,,,,,,,,0.965706939,0.034270327,0.829922962,,7.788710764,0.381764563,,3.721982707,16.25296148,14.0,Drake Maye,NE,ADD,23,4431452,13,The Ralph Dudes,BE,"{'1': {'team': 'CIN', 'date': datetime.datetime(2024, 9, 8, 13, 0)}, '2': {'team': 'SEA', 'date': datetime.datetime(2024, 9, 15, 13, 0)}, '3': {'team': 'NYJ', 'date': datetime.datetime(2024, 9, 19, 20, 15)}, '4': {'team': 'SF', 'date': datetime.datetime(2024, 9, 29, 16, 5)}, '5': {'team': 'MIA', 'date': datetime.datetime(2024, 10, 6, 13, 0)}, '6': {'team': 'HOU', 'date': datetime.datetime(2024, 10, 13, 13, 0)}, '7': {'team': 'JAX', 'date': datetime.datetime(2024, 10, 20, 9, 30)}, '8': {'team': 'NYJ', 'date': datetime.datetime(2024, 10, 27, 13, 0)}, '9': {'team': 'TEN', 'date': datetime.datetime(2024, 11, 3, 13, 0)}, '10': {'team': 'CHI', 'date': datetime.datetime(2024, 11, 10, 13, 0)}, '11': {'team': 'LAR', 'date': datetime.datetime(2024, 11, 17, 13, 0)}, '12': {'team': 'MIA', 'date': datetime.datetime(2024, 11, 24, 13, 0)}, '13': {'team': 'IND', 'date': datetime.datetime(2024, 12, 1, 13, 0)}, '15': {'team': 'ARI', 'date': datetime.datetime(2024, 12, 15, 16, 25)}, '16': {'team': 'BUF', 'date': datetime.datetime(2024, 12, 22, 16, 25)}, '17': {'team': 'LAC', 'date': datetime.datetime(2024, 12, 28, 13, 0)}, '18': {'team': 'BUF', 'date': datetime.datetime(2025, 1, 5, 13, 0)}}","['Rookie', 'QB', 'OP', 'BE', 'IR']",BE,,,,,,,,,,,,,,,,,,,,,338.0,225.0,113.0,175.07692308,15.0,450.0,223.0,110.0,85.0,40.0,18.0,39.0,17.0,18.0,8.0,1.0,,,2.0,10.0,0.66568047,34.0,6.0,7.0,2.0,2.0,3.0,481.497754,304.214975,177.282779,228.806946,15.57775426,640.0,320.0,160.0,128.0,64.0,32.0,60.0,30.0,2.503119019,1.635788279,2.259191791,0.305157575,0.841820795,12.53097877,0.631809749,37.22078107,6.958787802,3.340218145,,,,,1.0,,,,,,,,,,,,,,,,,,,,,,,,,,,,,,,,,,,,,,,,,,,,,,,,,,,,,,,,,,,,,,,,,,,,,,,,,,,,,,,,,,,,,,,,,,,,,,,,,,,,,,,,,,,,,,,,,,,,,,,,,,4.0,,,,,,,,,,,,,,,,,,,,,,,,,,,,,,,,,,,,,,,,,,,,2024,,,112.0,22.0,,,,,,,,,,,,,,,,,,,,,,,,,,,,,,17.65904918,,157.7176,
163.0,9.59,71.49,4.21,,,,,,,,,,,,,,,,,,,,,,,,,,,,,,,,,,695.0,1156.0,10.0,7.0,,,,17.0,,,,,,,,,,,,,,,,,,,,,,,,,,,,,,,,,,,,,,,,,,,17.0,Broncos D/ST,DEN,ADD,1,-16007,13,The Ralph Dudes,BE,"{'1': {'team': 'SEA', 'date': datetime.datetime(2024, 9, 8, 16, 5)}, '2': {'team': 'PIT', 'date': datetime.datetime(2024, 9, 15, 16, 25)}, '3': {'team': 'TB', 'date': datetime.datetime(2024, 9, 22, 13, 0)}, '4': {'team': 'NYJ', 'date': datetime.datetime(2024, 9, 29, 13, 0)}, '5': {'team': 'LV', 'date': datetime.datetime(2024, 10, 6, 16, 5)}, '6': {'team': 'LAC', 'date': datetime.datetime(2024, 10, 13, 16, 5)}, '7': {'team': 'NO', 'date': datetime.datetime(2024, 10, 17, 20, 15)}, '8': {'team': 'CAR', 'date': datetime.datetime(2024, 10, 27, 16, 25)}, '9': {'team': 'BAL', 'date': datetime.datetime(2024, 11, 3, 13, 0)}, '10': {'team': 'KC', 'date': datetime.datetime(2024, 11, 10, 13, 0)}, '11': {'team': 'ATL', 'date': datetime.datetime(2024, 11, 17, 16, 5)}, '12': {'team': 'LV', 'date': datetime.datetime(2024, 11, 24, 16, 5)}, '13': {'team': 'CLE', 'date': datetime.datetime(2024, 12, 2, 20, 15)}, '15': {'team': 'IND', 'date': datetime.datetime(2024, 12, 15, 16, 25)}, '16': {'team': 'LAC', 'date': datetime.datetime(2024, 12, 19, 20, 15)}, '17': {'team': 'CIN', 'date': datetime.datetime(2024, 12, 28, 16, 30)}, '18': {'team': 'KC', 'date': datetime.datetime(2025, 1, 5, 16, 25)}}","['D/ST', 'BE', 'IR']",BE,,,,,,,364.0,34.0,12.0,1.140948226,0.13851,1804.541617,481.8,180.0,72.0,48.0,19.0,,,,,,,,,,,,,,,,,,,,,,,,,,,,,,,,,,,,,,,,,,,,,,,,,,,,,,,,,461.0,,,12.0,,,,,,,,,,,,,,,,,,,,,,,,,,,,,,,,,,,9.0,1.0,1.0,5.0,2.0,5.0,15.0,,2.0,63.0,126.0,,,3.0,5.0,380.0,223.0,90.0,68.0,408.0,35.0,10.0,311.0,2.0,2.0,3.0,1.0,5391.0,1.0,0.0,6.0,4.0,4.0,0.0,1.0,0.0,1.0,1.0,1.0,5.0,2.0,2.0,2.0,3.0,1.0,0.039045337,0.169762333,1.137407629,1.76552826,0.113085206,1.846996299,12.27017708,8.737973434,1.834054055,0.225522878,39.25925013,78.51850025,1.280491178,0.566505121,3.239539731,13.77537325,1089.025093,363.0,217.0,69.31270697,410.8418304,2.461553825,4.566606751,4.108248452,2.427601358,0.324246056,24.16716649,6199.675496,0.09331803,1.527022307,2.875892011,4.428364689,4.097509856,2.62987175,1.034981786,0.313039573,364.6867939,,,,,,,,,,2.0,,,,,,,,,,,,,,,,,,,,,,,,,,,,,,,,,,,,,,2024,,,,,,,,,,,,,,,,,,,,,,,,,,,,,,,,,,,,,38.65569375
246.0,14.47,263.35,17.56,22.0,6.29411765,,20.0,7.0,3.0,2.0,,,2.0,,,,,,4.86363636,,,,,,,,,,,,,,5.0,,2.0,13.0,,,5.0,12.0,168.0,,,17.0,34.24495203,7.297753306,2.073056054,0.114253534,21.0,10.0,5.0,4.0,2.0,6.0,3.0,0.064128247,0.044889773,0.034379409,0.001173237,3.196567468,,,,,,,,,,,,,,,,,,1.476546256,0.027534125,0.364923476,,6.257755655,0.167864799,,2.996424245,12.02717907,15.0,Aaron Rodgers,None,ADD,15,8439,13,The Ralph Dudes,QB,{},"['QB', 'OP', 'BE', 'IR']",QB,,,,,,,,,,,,,,,,,,,,,584.0,368.0,216.0,229.23529412,28.0,772.0,382.0,186.0,149.0,69.0,29.0,65.0,29.0,36.0,14.0,2.0,2.0,1.0,2.0,11.0,0.63013699,40.0,5.0,13.0,5.0,5.0,2.0,520.9604116,341.8861217,179.0742899,256.5768104,27.21086703,769.0,384.0,192.0,153.0,76.0,38.0,68.0,34.0,3.313846601,2.165598754,3.707178919,0.500742669,1.362292722,9.030754825,0.656261232,32.03156769,5.892832179,2.828559446,,,,,,,,,,,,,,,,,,,,,,,,,,,,,,,,,,,,,,,,,,,,,,,,,,,,,,,,,,,,,,,,,,,,,,,,,,,,,,,,,,,,,,,,,,,,,,,,,,,,,,,,,,,,,,,,,,,,,,,,,,,,,,,2.0,,,,,,,,,,,,,,,,,,,,,,,,,,,,,,,,,,,,,,,,,,,,2024,,,192.0,7.0,,,,,,,,,,,,,,,,,,,,,,,,,,,,,,9.150348023,,187.3491829,
83.0,4.88,117.45,6.91,,,,,,,,,,,,,,,,,,,,,,,,,,,,,,,,,,726.0,1178.0,5.0,12.0,,,,17.0,,,,,,,,,,,,,,,,,,,,,,,,,,,,,,,,,,,,,,,,,,,17.0,Saints D/ST,NO,ADD,16,-16018,13,The Ralph Dudes,D/ST,"{'1': {'team': 'CAR', 'date': datetime.datetime(2024, 9, 8, 13, 0)}, '2': {'team': 'DAL', 'date': datetime.datetime(2024, 9, 15, 13, 0)}, '3': {'team': 'PHI', 'date': datetime.datetime(2024, 9, 22, 13, 0)}, '4': {'team': 'ATL', 'date': datetime.datetime(2024, 9, 29, 13, 0)}, '5': {'team': 'KC', 'date': datetime.datetime(2024, 10, 7, 20, 15)}, '6': {'team': 'TB', 'date': datetime.datetime(2024, 10, 13, 13, 0)}, '7': {'team': 'DEN', 'date': datetime.datetime(2024, 10, 17, 20, 15)}, '8': {'team': 'LAC', 'date': datetime.datetime(2024, 10, 27, 16, 5)}, '9': {'team': 'CAR', 'date': datetime.datetime(2024, 11, 3, 13, 0)}, '10': {'team': 'ATL', 'date': datetime.datetime(2024, 11, 10, 13, 0)}, '11': {'team': 'CLE', 'date': datetime.datetime(2024, 11, 17, 13, 0)}, '13': {'team': 'LAR', 'date': datetime.datetime(2024, 12, 1, 16, 5)}, '14': {'team': 'NYG', 'date': datetime.datetime(2024, 12, 8, 13, 0)}, '15': {'team': 'WSH', 'date': datetime.datetime(2024, 12, 15, 13, 0)}, '16': {'team': 'GB', 'date': datetime.datetime(2024, 12, 23, 20, 15)}, '17': {'team': 'LV', 'date': datetime.datetime(2024, 12, 29, 13, 0)}, '18': {'team': 'TB', 'date': datetime.datetime(2025, 1, 5, 13, 0)}}","['D/ST', 'BE', 'IR']",D/ST,,,,,,,1000.0,95.0,34.0,0.331512497,0.265176667,1393.049346,350.7333333,139.0,55.0,35.0,14.0,,,,,,,,,,,,,,,,,,,,,,,,,,,,,,,,,,,,,,,,,,,,,,,,,,,,,,,,,452.0,,,11.0,,,,,,,,,,,,,,,,,,,,,,,,,,,,,,,,,,,3.0,0.0,0.0,2.0,3.0,,14.0,4.0,1.0,39.0,78.0,,1.0,,1.0,386.0,230.0,57.0,93.0,301.0,25.0,7.0,380.0,4.0,6.0,1.0,1.0,6459.0,0.0,1.0,1.0,4.0,5.0,2.0,3.0,0.0,1.0,0.0,0.0,2.0,3.0,4.0,6.0,1.0,1.0,0.254378941,1.14853368,3.879491542,3.335001501,0.11770184,1.879804393,13.83704316,8.802419554,1.736984678,0.215715943,39.74032777,79.48065554,1.309020385,0.570784008,2.594195397,9.831645179,1008.803706,336.0,201.0,80.4126464,339.4335785,2.467220498,3.207386648,1.965268742,0.672104894,0.070613552,19.96668109,5670.787641,0.629755707,5.106127353,4.135963156,3.727472968,2.144573488,0.851021225,0.323388066,0.081698038,333.5757436,,,,,,,,,,,,,,,,,,,,,,,,,,,,,,,,,,,,,,,,,,,,,,,,2024,,,,,,,,,,,,,,,,,,,,,,,,,,,,,,,,,,,,,31.803484
65.0,6.5,154.06,10.27,3.0,-0.3,,1.0,,,,,,,,,,,,-1.0,26.0,25.9,3.0,48.0,21.0,7.0,5.0,1.0,,54.0,55.0,9.96153846,,,,,,,,5.0,5.0,18.0,,,10.0,4.198582637,1.745016478,0.180806877,0.010542788,5.0,2.0,1.0,1.0,,,,0.007717474,0.005402232,0.001617193,5.51886e-05,6.283202097,44.17551626,4.689835377,0.227281679,0.168667817,0.110224418,133.0,66.0,33.0,26.0,13.0,57.29059773,,,0.847185816,0.026201623,85.6521423,11.6568842,0.237824466,0.003772395,0.058542126,0.798820387,0.857362513,0.026929378,0.447339417,0.474268795,0.474268795,15.11764706,Brandin Cooks,DAL,ADD,96,16731,13,The Ralph Dudes,BE,"{'1': {'team': 'CLE', 'date': datetime.datetime(2024, 9, 8, 16, 25)}, '2': {'team': 'NO', 'date': datetime.datetime(2024, 9, 15, 13, 0)}, '3': {'team': 'BAL', 'date': datetime.datetime(2024, 9, 22, 16, 25)}, '4': {'team': 'NYG', 'date': datetime.datetime(2024, 9, 26, 20, 15)}, '5': {'team': 'PIT', 'date': datetime.datetime(2024, 10, 6, 20, 20)}, '6': {'team': 'DET', 'date': datetime.datetime(2024, 10, 13, 16, 25)}, '8': {'team': 'SF', 'date': datetime.datetime(2024, 10, 27, 20, 20)}, '9': {'team': 'ATL', 'date': datetime.datetime(2024, 11, 3, 13, 0)}, '10': {'team': 'PHI', 'date': datetime.datetime(2024, 11, 10, 16, 25)}, '11': {'team': 'HOU', 'date': datetime.datetime(2024, 11, 18, 20, 15)}, '12': {'team': 'WSH', 'date': datetime.datetime(2024, 11, 24, 13, 0)}, '13': {'team': 'NYG', 'date': datetime.datetime(2024, 11, 28, 16, 30)}, '14': {'team': 'CIN', 'date': datetime.datetime(2024, 12, 9, 20, 15)}, '15': {'team': 'CAR', 'date': datetime.datetime(2024, 12, 15, 13, 0)}, '16': {'team': 'TB', 'date': datetime.datetime(2024, 12, 22, 20, 20)}, '17': {'team': 'PHI', 'date': datetime.datetime(2024, 12, 29, 13, 0)}, '18': {'team': 'WSH', 'date': datetime.datetime(2025, 1, 5, 13, 0)}}","['RB/WR', 'WR', 'WR/TE', 'RB/WR/TE', 'OP', 'BE', 'IR']",BE,,,,,,,,,,,,,,,,,,,2.0,1.0,,,,,,,,,,,,,,,,,,,,,,,,,,,,,,,,,,,,,,,,,,,,,,,,,,,,,,,,,,,,,,,,,,,,,,,,,,,,,,,,,,,,,,,,,,,,,,,,,,,,,,,,,,,,,,,,,,,,,,,,,,,,,,,,,,,,,,,,,,,,,,,,,,,,,,,,,,,,,,,,,,,,,,,,,,,,,,,,,,,,,,,,,,,,,,,,,,,,,,,,,,,,,,,,,,,,,,,,,,,,,2024,,,,,19.0,,,,,,,,,,,,,,,,,,,,,,,,,,,,,3.352606379,32.24258141,,
253.0,16.87,315.5,21.03,14.0,4.66666667,,11.0,4.0,1.0,1.0,,,,,,,,,5.0,101.0,79.6,6.0,233.0,112.0,53.0,38.0,15.0,14.0,152.0,537.0,11.82178218,,1.0,,1.0,1.0,3.0,3.0,7.0,8.0,38.0,,,15.0,12.59574791,5.682278976,0.787392838,0.045912609,17.0,8.0,4.0,3.0,1.0,2.0,1.0,0.023258451,0.016280916,0.018573153,0.00063383,6.819975174,93.02870559,8.549613352,0.41435135,0.273050015,0.178438185,281.0,140.0,70.0,56.0,28.0,112.8483528,,,5.439254941,0.16822438,159.8549407,12.46252252,0.460263958,0.009400621,0.214524836,1.921979902,2.136504738,0.098681424,1.076308745,1.17499017,1.17499017,15.11764706,CeeDee Lamb,DAL,DRAFT,8,4241389,14,Luke's Cool Guys,BE,"{'1': {'team': 'CLE', 'date': datetime.datetime(2024, 9, 8, 16, 25)}, '2': {'team': 'NO', 'date': datetime.datetime(2024, 9, 15, 13, 0)}, '3': {'team': 'BAL', 'date': datetime.datetime(2024, 9, 22, 16, 25)}, '4': {'team': 'NYG', 'date': datetime.datetime(2024, 9, 26, 20, 15)}, '5': {'team': 'PIT', 'date': datetime.datetime(2024, 10, 6, 20, 20)}, '6': {'team': 'DET', 'date': datetime.datetime(2024, 10, 13, 16, 25)}, '8': {'team': 'SF', 'date': datetime.datetime(2024, 10, 27, 20, 20)}, '9': {'team': 'ATL', 'date': datetime.datetime(2024, 11, 3, 13, 0)}, '10': {'team': 'PHI', 'date': datetime.datetime(2024, 11, 10, 16, 25)}, '11': {'team': 'HOU', 'date': datetime.datetime(2024, 11, 18, 20, 15)}, '12': {'team': 'WSH', 'date': datetime.datetime(2024, 11, 24, 13, 0)}, '13': {'team': 'NYG', 'date': datetime.datetime(2024, 11, 28, 16, 30)}, '14': {'team': 'CIN', 'date': datetime.datetime(2024, 12, 9, 20, 15)}, '15': {'team': 'CAR', 'date': datetime.datetime(2024, 12, 15, 13, 0)}, '16': {'team': 'TB', 'date': datetime.datetime(2024, 12, 22, 20, 20)}, '17': {'team': 'PHI', 'date': datetime.datetime(2024, 12, 29, 13, 0)}, '18': {'team': 'WSH', 'date': datetime.datetime(2025, 1, 5, 13, 0)}}","['RB/WR', 'WR', 'WR/TE', 'RB/WR/TE', 'OP', 'BE', 'IR']",BE,2.0,2.0,3.0,3.0,1.0,1.0,,,,,,,,,,,,2.0,1.0,1.0,,,,,,,,,,,,,,,,,,,,,,,,,,,,,,,,,,,,,,,,,,,,,,,,,,,1.0,,2.0,,,,,,,,,,,,,,,,,,,,,,,,,,,,,,,,,,,,,,,,,,,,,,,,,,,,,,,,,,,,,,,,,,,,,,,,,,,,,,,,,,,,,,,,,,,,,,,,,,,,,,,,,,,,,,,,,,,,,,,,,,,,,,,,,,,,,,,,,,,,,,,,,,,,,,,,,,,,,,,,,,,,,,,,2024,,,,4.0,54.0,,,,,,,,,,,,,,,,,,,,,,,,,,,,,6.324756161,66.85053129,,
119.0,7.93,224.76,16.05,150.0,37.2,2.0,106.0,50.0,23.0,14.0,4.0,,23.0,10.0,,,,,3.72,39.0,16.93333333,,48.0,20.0,7.0,5.0,1.0,1.0,52.0,296.0,6.51282051,1.0,1.0,1.0,1.0,1.0,1.0,1.0,3.0,12.0,12.0,2.0,,15.0,225.4381767,67.08899147,6.991069751,0.417287504,190.0,95.0,47.0,38.0,19.0,45.0,22.0,0.464276206,0.324993344,2.33749507,0.079769739,4.218828986,25.04176669,1.138724874,0.070313462,0.054263677,0.035461313,71.0,35.0,17.0,14.0,7.0,46.69819587,,,0.172415818,0.005332448,59.40082445,7.602089598,0.487600966,0.008024469,1.510791396,0.312951575,1.823742971,0.694964042,0.175252882,0.870216924,0.870216924,14.17647059,Travis Etienne Jr.,JAX,DRAFT,35,4239996,14,Luke's Cool Guys,RB,"{'1': {'team': 'MIA', 'date': datetime.datetime(2024, 9, 8, 13, 0)}, '2': {'team': 'CLE', 'date': datetime.datetime(2024, 9, 15, 13, 0)}, '3': {'team': 'BUF', 'date': datetime.datetime(2024, 9, 23, 19, 30)}, '4': {'team': 'HOU', 'date': datetime.datetime(2024, 9, 29, 13, 0)}, '5': {'team': 'IND', 'date': datetime.datetime(2024, 10, 6, 13, 0)}, '6': {'team': 'CHI', 'date': datetime.datetime(2024, 10, 13, 9, 30)}, '7': {'team': 'NE', 'date': datetime.datetime(2024, 10, 20, 9, 30)}, '8': {'team': 'GB', 'date': datetime.datetime(2024, 10, 27, 13, 0)}, '9': {'team': 'PHI', 'date': datetime.datetime(2024, 11, 3, 16, 5)}, '10': {'team': 'MIN', 'date': datetime.datetime(2024, 11, 10, 13, 0)}, '11': {'team': 'DET', 'date': datetime.datetime(2024, 11, 17, 13, 0)}, '13': {'team': 'HOU', 'date': datetime.datetime(2024, 12, 1, 13, 0)}, '14': {'team': 'TEN', 'date': datetime.datetime(2024, 12, 8, 13, 0)}, '15': {'team': 'NYJ', 'date': datetime.datetime(2024, 12, 15, 13, 0)}, '16': {'team': 'LV', 'date': datetime.datetime(2024, 12, 22, 16, 25)}, '17': {'team': 'TEN', 'date': datetime.datetime(2024, 12, 29, 13, 0)}, '18': {'team': 'IND', 'date': datetime.datetime(2025, 1, 5, 13, 0)}}","['RB', 'RB/WR', 'RB/WR/TE', 'OP', 'BE', 'IR']",RB,,,,,,,,,,,,,,,,,,,,,,,,,,,,,,,,,,,,,,,,,,,,,,,,,,,,,,,,,,,,,,,,,,,,,,,,,,,,,,,,,,,,,,,,,,,,,,,,,,,,,,,,,,,,,,,,,,,,,,,,,,,,,,,,,,,,,,,,,,,,,,,,,,,,,,,,,,,,,,,,,,,,,,,,,,,,,,,,,,,,,,,,,,,,,,,,,,,,,,,,,,,,,,,,,,,,,,,,,,,,,,,,,,,,,,,,,,,,,,,,,2024,,,,31.0,13.0,,,,,,,,,,,,,,,,,,,,,,,,,,,,,53.09362659,19.74960526,,
235.0,16.79,233.17,15.54,,,,,,,,,,,,,,,,,85.0,75.92857143,8.0,207.0,100.0,46.0,35.0,14.0,11.0,141.0,473.0,12.50588235,,,,,,2.0,2.0,4.0,10.0,50.0,,1.0,14.0,,,,,,,,,,,,,,,,,75.95842477,5.106554273,0.287871114,0.191299642,0.125014316,229.0,114.0,57.0,45.0,22.0,89.13657982,,,3.534697354,0.109320537,142.7011148,12.88261967,0.287871114,0.004762831,,1.082461607,1.082461607,,0.6061785,0.6061785,0.6061785,15.11764706,Davante Adams,LAR,DRAFT,11,16800,14,Luke's Cool Guys,WR,"{'1': {'team': 'DET', 'date': datetime.datetime(2024, 9, 8, 20, 20)}, '2': {'team': 'ARI', 'date': datetime.datetime(2024, 9, 15, 16, 5)}, '3': {'team': 'SF', 'date': datetime.datetime(2024, 9, 22, 16, 25)}, '4': {'team': 'CHI', 'date': datetime.datetime(2024, 9, 29, 13, 0)}, '5': {'team': 'GB', 'date': datetime.datetime(2024, 10, 6, 16, 25)}, '7': {'team': 'LV', 'date': datetime.datetime(2024, 10, 20, 16, 5)}, '8': {'team': 'MIN', 'date': datetime.datetime(2024, 10, 24, 20, 15)}, '9': {'team': 'SEA', 'date': datetime.datetime(2024, 11, 3, 16, 25)}, '10': {'team': 'MIA', 'date': datetime.datetime(2024, 11, 11, 20, 15)}, '11': {'team': 'NE', 'date': datetime.datetime(2024, 11, 17, 13, 0)}, '12': {'team': 'PHI', 'date': datetime.datetime(2024, 11, 24, 20, 20)}, '13': {'team': 'NO', 'date': datetime.datetime(2024, 12, 1, 16, 5)}, '14': {'team': 'BUF', 'date': datetime.datetime(2024, 12, 8, 16, 25)}, '15': {'team': 'SF', 'date': datetime.datetime(2024, 12, 12, 20, 15)}, '16': {'team': 'NYJ', 'date': datetime.datetime(2024, 12, 22, 13, 0)}, '17': {'team': 'ARI', 'date': datetime.datetime(2024, 12, 28, 20, 0)}, '18': {'team': 'SEA', 'date': datetime.datetime(2025, 1, 5, 16, 25)}}","['RB/WR', 'WR', 'WR/TE', 'RB/WR/TE', 'OP', 'BE', 'IR']",WR,1.0,1.0,3.0,3.0,,,,,,,,,,,,,,,5.0,,,,,,,,,,,,,,,,,,,,,,,,,,,,,,,,,,,,,,,,,,,,,,,,,,,,1.0,,,,,,,,,,,,,,,,,,,,,,,,,,,,,,,,,,,,,,,,,,,,,,,,,,,,,,,,,,,,,,,,,,,,,,,,,,,,,,,,,,,,,,,,,,,,,,,,,,,,,,,,,,,,,,,,,,,,,,,,,,,,,,,,,,,,,,,,,,,,,,,,,,,,,,,,,,,,,,,,,,,,,,,,,,2024,,,,,49.0,,,,,,,,,,,,,,,,,,,,,,,,,,,,,,52.9215647,,
216.0,18.0,201.2,14.37,,,,,,,,,,,,,,,,,73.0,75.91666667,10.0,176.0,85.0,40.0,31.0,12.0,9.0,109.0,228.0,12.47945205,,1.0,,1.0,1.0,1.0,1.0,8.0,4.0,60.0,,1.0,12.0,,,,,,,,,,,,,,,,,68.58939426,6.6864329,0.326002184,0.272900826,0.17834069,193.0,96.0,48.0,38.0,19.0,65.58613655,,,2.546130512,0.078746304,108.3991478,14.76410887,0.326002184,0.004649618,,1.05673132,1.05673132,,0.591769539,0.591769539,0.591769539,14.11764706,Tee Higgins,CIN,DRAFT,17,4239993,14,Luke's Cool Guys,RB/WR/TE,"{'1': {'team': 'NE', 'date': datetime.datetime(2024, 9, 8, 13, 0)}, '2': {'team': 'KC', 'date': datetime.datetime(2024, 9, 15, 16, 25)}, '3': {'team': 'WSH', 'date': datetime.datetime(2024, 9, 23, 20, 15)}, '4': {'team': 'CAR', 'date': datetime.datetime(2024, 9, 29, 13, 0)}, '5': {'team': 'BAL', 'date': datetime.datetime(2024, 10, 6, 13, 0)}, '6': {'team': 'NYG', 'date': datetime.datetime(2024, 10, 13, 20, 20)}, '7': {'team': 'CLE', 'date': datetime.datetime(2024, 10, 20, 13, 0)}, '8': {'team': 'PHI', 'date': datetime.datetime(2024, 10, 27, 13, 0)}, '9': {'team': 'LV', 'date': datetime.datetime(2024, 11, 3, 13, 0)}, '10': {'team': 'BAL', 'date': datetime.datetime(2024, 11, 7, 20, 15)}, '11': {'team': 'LAC', 'date': datetime.datetime(2024, 11, 17, 20, 20)}, '13': {'team': 'PIT', 'date': datetime.datetime(2024, 12, 1, 13, 0)}, '14': {'team': 'DAL', 'date': datetime.datetime(2024, 12, 9, 20, 15)}, '15': {'team': 'TEN', 'date': datetime.datetime(2024, 12, 15, 13, 0)}, '16': {'team': 'CLE', 'date': datetime.datetime(2024, 12, 22, 13, 0)}, '17': {'team': 'DEN', 'date': datetime.datetime(2024, 12, 28, 16, 30)}, '18': {'team': 'PIT', 'date': datetime.datetime(2025, 1, 4, 20, 0)}}","['RB/WR', 'WR', 'WR/TE', 'RB/WR/TE', 'OP', 'BE', 'IR']",RB/WR/TE,1.0,,2.0,2.0,1.0,1.0,,,,,,,,,,,,1.0,4.0,1.0,,,,,,,,,,,,,,,,,,,,,,,,,,,,,,,,,,,,,,,,,,,,,,,,,,,,,2.0,,,,,,,,,,,,,,,,,,,,,,,,,,,,,,,,,,,,,,,,,,,,,,,,,,,,,,,,,,,,,,,,,,,,,,,,,,,,,,,,,,,,,,,,,,,,,,,,,,,,,,,,,,,,,,,,,,,,,,,,,,,,,,,,,,,,,,,,,,,,,,,,,,,,,,,,,,,,,,,,,,,,,,,,2024,,,,,48.0,,,,,,,,,,,,,,,,,,,,,,,,,,,,,,43.30384129,,
241.0,15.06,177.22,13.63,236.0,68.375,8.0,212.0,103.0,48.0,37.0,17.0,6.0,40.0,14.0,,,6.0,,4.63559322,47.0,25.875,1.0,75.0,35.0,14.0,10.0,2.0,3.0,55.0,483.0,8.80851064,2.0,4.0,,1.0,1.0,2.0,3.0,7.0,9.0,58.0,8.0,,16.0,176.5708937,61.41678594,5.782772834,0.396368024,162.0,81.0,40.0,32.0,16.0,35.0,17.0,0.355177576,0.248624304,1.722212247,0.058772497,4.603642245,16.84853962,1.095154984,0.103679638,0.043839209,0.028648923,44.0,22.0,11.0,8.0,4.0,33.20840877,,,0.08398544,0.002597488,39.72657031,6.715027475,0.500047662,0.005985774,1.145049138,0.215354066,1.360403204,0.526722604,0.120598277,0.64732088,0.64732088,13.23529412,James Conner,ARI,DRAFT,11,3045147,14,Luke's Cool Guys,RB,"{'1': {'team': 'BUF', 'date': datetime.datetime(2024, 9, 8, 13, 0)}, '2': {'team': 'LAR', 'date': datetime.datetime(2024, 9, 15, 16, 5)}, '3': {'team': 'DET', 'date': datetime.datetime(2024, 9, 22, 16, 25)}, '4': {'team': 'WSH', 'date': datetime.datetime(2024, 9, 29, 16, 5)}, '5': {'team': 'SF', 'date': datetime.datetime(2024, 10, 6, 16, 5)}, '6': {'team': 'GB', 'date': datetime.datetime(2024, 10, 13, 13, 0)}, '7': {'team': 'LAC', 'date': datetime.datetime(2024, 10, 21, 21, 0)}, '8': {'team': 'MIA', 'date': datetime.datetime(2024, 10, 27, 13, 0)}, '9': {'team': 'CHI', 'date': datetime.datetime(2024, 11, 3, 16, 5)}, '10': {'team': 'NYJ', 'date': datetime.datetime(2024, 11, 10, 16, 25)}, '12': {'team': 'SEA', 'date': datetime.datetime(2024, 11, 24, 16, 25)}, '13': {'team': 'MIN', 'date': datetime.datetime(2024, 12, 1, 13, 0)}, '14': {'team': 'SEA', 'date': datetime.datetime(2024, 12, 8, 16, 5)}, '15': {'team': 'NE', 'date': datetime.datetime(2024, 12, 15, 16, 25)}, '16': {'team': 'CAR', 'date': datetime.datetime(2024, 12, 22, 13, 0)}, '17': {'team': 'LAR', 'date': datetime.datetime(2024, 12, 28, 20, 0)}, '18': {'team': 'SF', 'date': datetime.datetime(2025, 1, 5, 16, 25)}}","['RB', 'RB/WR', 'RB/WR/TE', 'OP', 'BE', 'IR']",RB,,,,,2.0,1.0,,,,,,,,,,,,,1.0,,,,,,,,,,,,,,,,,,,,,,,,1.0,,,,,,,,,,,,,,,,,,,,,,,,,,,,,,,1.0,,,1.0,,,,,,,,,,,,,,,,,,,,,,,,,,,,,,,,,,,,,,,,,,,,,,,,,,,,,,,,,,,,,,,,,,,,,,,,,,,,,,,,,,,,,,,,,,,,,,,,,,,,,,,,,,,,,,,,,,,,,,,,,,,,,2.0,,,,,,,,,,,,,,,,,,,,,,,,,,,,,,,,,,,,,,,2024,,,,67.0,17.0,,,,,,,,,,,,,,,,,,,,,,,,,,,,,44.557092,13.01674509,,
222.0,14.8,205.75,17.15,25.0,5.53333333,1.0,13.0,5.0,1.0,,,,1.0,,,,,,3.32,,,,,,,,,,,,,3.0,4.0,,,11.0,,,9.0,6.0,156.0,1.0,,15.0,40.35321902,13.85061236,2.018071921,0.126349512,33.0,16.0,8.0,6.0,3.0,8.0,4.0,0.076306074,0.053414252,0.100049388,0.003414302,4.118812633,,,,,,,,,,,,,,,,,,1.114776099,0.030456698,0.57861576,,6.921976726,0.26616325,,3.310976513,13.54340251,12.0,Jordan Love,GB,DRAFT,17,4036378,14,Luke's Cool Guys,QB,"{'1': {'team': 'PHI', 'date': datetime.datetime(2024, 9, 6, 20, 15)}, '2': {'team': 'IND', 'date': datetime.datetime(2024, 9, 15, 13, 0)}, '3': {'team': 'TEN', 'date': datetime.datetime(2024, 9, 22, 13, 0)}, '4': {'team': 'MIN', 'date': datetime.datetime(2024, 9, 29, 13, 0)}, '5': {'team': 'LAR', 'date': datetime.datetime(2024, 10, 6, 16, 25)}, '6': {'team': 'ARI', 'date': datetime.datetime(2024, 10, 13, 13, 0)}, '7': {'team': 'HOU', 'date': datetime.datetime(2024, 10, 20, 13, 0)}, '8': {'team': 'JAX', 'date': datetime.datetime(2024, 10, 27, 13, 0)}, '9': {'team': 'DET', 'date': datetime.datetime(2024, 11, 3, 16, 25)}, '11': {'team': 'CHI', 'date': datetime.datetime(2024, 11, 17, 13, 0)}, '12': {'team': 'SF', 'date': datetime.datetime(2024, 11, 24, 16, 25)}, '13': {'team': 'MIA', 'date': datetime.datetime(2024, 11, 28, 20, 20)}, '14': {'team': 'DET', 'date': datetime.datetime(2024, 12, 5, 20, 15)}, '15': {'team': 'SEA', 'date': datetime.datetime(2024, 12, 15, 20, 20)}, '16': {'team': 'NO', 'date': datetime.datetime(2024, 12, 23, 20, 15)}, '17': {'team': 'MIN', 'date': datetime.datetime(2024, 12, 29, 16, 25)}, '18': {'team': 'CHI', 'date': datetime.datetime(2025, 1, 5, 13, 0)}}","['QB', 'OP', 'BE', 'IR']",QB,,,,,,,,,,,,,,,,,,,,,425.0,268.0,157.0,225.93333333,25.0,671.0,332.0,164.0,127.0,61.0,25.0,47.0,21.0,26.0,9.0,3.0,2.0,1.0,3.0,11.0,0.63058824,14.0,1.0,9.0,10.0,2.0,1.0,416.0160134,264.5739529,151.4420605,248.6466748,20.8280685,596.0,298.0,149.0,119.0,59.0,29.0,52.0,26.0,2.502040404,1.635083404,2.636714299,0.356150967,0.988426587,10.232426,0.635970598,26.37607486,6.343360966,3.044813264,,,,,,,,,,,,,,,,,,,,,,,,,,,,,,,,,,,,,,,,,,,,,,,,,,,,,,,,,,,,,,,,,,,,,,,,,,,,,,,,,,,,,,,,,,,,,,,,,,,,,,,,,,,,,,,,,,,,,,,,,,,,,,,,,,,,,,,,,,,,,,,,,,,,,,,,,,,,,,,,,,,,,,,,,,,2024,,,151.0,9.0,,,,,,,,,,,,,,,,,,,,,,,,,,,,,,11.03068837,,144.9217701,
211.0,14.07,173.21,11.55,2.0,1.53333333,,4.0,2.0,1.0,,,,,,,,,,11.5,87.0,68.46666667,4.0,199.0,96.0,46.0,33.0,14.0,12.0,129.0,293.0,11.8045977,,,,,,2.0,3.0,4.0,11.0,26.0,,,15.0,4.189097536,1.684661698,0.295336667,0.014200977,5.0,2.0,1.0,1.0,,,,0.007699971,0.00538998,0.001496068,5.10551e-05,6.079619953,51.41595301,3.369065934,0.189897268,0.120962454,0.079048964,155.0,77.0,38.0,31.0,15.0,72.84167378,,,1.288342564,0.039845646,107.7839669,10.67092765,0.209457778,0.004836064,0.057409439,0.998257876,1.099105564,0.026408342,0.559024411,0.606283112,0.706138569,15.11764706,Jakobi Meyers,LV,DRAFT,18,3916433,14,Luke's Cool Guys,BE,"{'1': {'team': 'LAC', 'date': datetime.datetime(2024, 9, 8, 16, 5)}, '2': {'team': 'BAL', 'date': datetime.datetime(2024, 9, 15, 13, 0)}, '3': {'team': 'CAR', 'date': datetime.datetime(2024, 9, 22, 16, 5)}, '4': {'team': 'CLE', 'date': datetime.datetime(2024, 9, 29, 16, 25)}, '5': {'team': 'DEN', 'date': datetime.datetime(2024, 10, 6, 16, 5)}, '6': {'team': 'PIT', 'date': datetime.datetime(2024, 10, 13, 16, 5)}, '7': {'team': 'LAR', 'date': datetime.datetime(2024, 10, 20, 16, 5)}, '8': {'team': 'KC', 'date': datetime.datetime(2024, 10, 27, 16, 25)}, '9': {'team': 'CIN', 'date': datetime.datetime(2024, 11, 3, 13, 0)}, '11': {'team': 'MIA', 'date': datetime.datetime(2024, 11, 17, 13, 0)}, '12': {'team': 'DEN', 'date': datetime.datetime(2024, 11, 24, 16, 5)}, '13': {'team': 'KC', 'date': datetime.datetime(2024, 11, 29, 15, 0)}, '14': {'team': 'TB', 'date': datetime.datetime(2024, 12, 8, 13, 0)}, '15': {'team': 'ATL', 'date': datetime.datetime(2024, 12, 16, 20, 30)}, '16': {'team': 'JAX', 'date': datetime.datetime(2024, 12, 22, 16, 25)}, '17': {'team': 'NO', 'date': datetime.datetime(2024, 12, 29, 13, 0)}, '18': {'team': 'LAC', 'date': datetime.datetime(2025, 1, 5, 16, 25)}}","['RB/WR', 'WR', 'WR/TE', 'RB/WR/TE', 'OP', 'BE', 'IR']",BE,,,3.0,3.0,,,,,,,,,,,,,,1.0,2.0,1.0,,,,,,,,,,,,,,,,,,,,,,1.0,,,,,,2.933248498,1.783502633,1.149745864,1.227789081,0.086104176,3.0,1.0,,,,,,,0.070758309,0.046240555,0.029807865,0.004026261,0.005359533,0.099855458,0.608029846,0.236388148,0.043438249,0.020850359,1.0,,1.0,1.0,,,,,,,,,,,,,,,,,,,,,,,,,,,,,,,,,,,,,,,,,,,,,,,,,,,,,,,,,,,,,,,,,,,,,,,,,,,,,,,,,,,,,,,,,,,,,,,,,,,,,,,,,,,,,,,,,,,,,,,,,,,,,,,,,,,,,,,,,,,,,,,,,,,,,,,,,,,,,,,,,,,,,,,2024,,,,1.0,52.0,,,,,,,,,,,,,,,,,,,,,,,,,,,,,3.406604066,38.2655337,-3.029234051,
86.0,9.56,182.47,12.16,,,,,,,,,,,,,,,,,47.0,40.55555556,1.0,71.0,33.0,15.0,11.0,2.0,7.0,64.0,150.0,7.76595745,,1.0,,1.0,1.0,1.0,1.0,2.0,7.0,8.0,,,9.0,,,,,,,,,,,,,,,,,52.08782209,3.088184431,0.19060883,0.08464486,0.055315416,157.0,78.0,39.0,31.0,15.0,86.99342715,,,1.335813234,0.041313811,118.4472701,9.051779384,0.19060883,0.005783765,,1.314491948,1.314491948,,0.736115491,0.736115491,0.736115491,15.11764706,Evan Engram,DEN,ADD,31,3051876,14,Luke's Cool Guys,BE,"{'1': {'team': 'SEA', 'date': datetime.datetime(2024, 9, 8, 16, 5)}, '2': {'team': 'PIT', 'date': datetime.datetime(2024, 9, 15, 16, 25)}, '3': {'team': 'TB', 'date': datetime.datetime(2024, 9, 22, 13, 0)}, '4': {'team': 'NYJ', 'date': datetime.datetime(2024, 9, 29, 13, 0)}, '5': {'team': 'LV', 'date': datetime.datetime(2024, 10, 6, 16, 5)}, '6': {'team': 'LAC', 'date': datetime.datetime(2024, 10, 13, 16, 5)}, '7': {'team': 'NO', 'date': datetime.datetime(2024, 10, 17, 20, 15)}, '8': {'team': 'CAR', 'date': datetime.datetime(2024, 10, 27, 16, 25)}, '9': {'team': 'BAL', 'date': datetime.datetime(2024, 11, 3, 13, 0)}, '10': {'team': 'KC', 'date': datetime.datetime(2024, 11, 10, 13, 0)}, '11': {'team': 'ATL', 'date': datetime.datetime(2024, 11, 17, 16, 5)}, '12': {'team': 'LV', 'date': datetime.datetime(2024, 11, 24, 16, 5)}, '13': {'team': 'CLE', 'date': datetime.datetime(2024, 12, 2, 20, 15)}, '15': {'team': 'IND', 'date': datetime.datetime(2024, 12, 15, 16, 25)}, '16': {'team': 'LAC', 'date': datetime.datetime(2024, 12, 19, 20, 15)}, '17': {'team': 'CIN', 'date': datetime.datetime(2024, 12, 28, 16, 30)}, '18': {'team': 'KC', 'date': datetime.datetime(2025, 1, 5, 16, 25)}}","['WR/TE', 'TE', 'RB/WR/TE', 'OP', 'BE', 'IR']",BE,,,1.0,1.0,1.0,1.0,,,,,,,,,,,,1.0,,,,,,,,,,,,,,,,,,,,,,,,,,,,,,,,,,,,,,,,,,,,,,,,,,,,,1.0,,1.0,,,,,,,,,,,,,,,,,,,,,,,,,,,,,,,,,,,,,,,,,,,,,,,,,,,,,,,,,,,,,,,,,,,,,,,,,,,,,,,,,,,,,,,,,,,,,,,,,,,,,,,,,,,,,,,,,,,,,,,,,,,,,,,,,,,,,,,,,,,,,,,,,,,,,,,,,,,,,,,,,,,,,,,,2024,,,,,17.0,,,,,,,,,,,,,,,,,,,,,,,,,,,,,,41.65642054,,
81.0,8.1,129.44,12.94,,,,,,,,,,,,,,,,,41.0,45.5,,86.0,40.0,18.0,14.0,5.0,4.0,62.0,145.0,11.09756098,,,,,,,,9.0,1.0,,,,10.0,,,,,,,,,,,,,,,,,51.69446802,2.586700296,0.133503068,0.064512303,0.04215879,113.0,56.0,28.0,22.0,11.0,58.31808125,,,0.991570373,0.030667125,83.54502747,9.698506621,0.133503068,0.00266563,,0.605825067,0.605825067,,0.339262038,0.339262038,0.339262038,10.94117647,T.J. Hockenson,MIN,ADD,34,4036133,14,Luke's Cool Guys,TE,"{'1': {'team': 'NYG', 'date': datetime.datetime(2024, 9, 8, 13, 0)}, '2': {'team': 'SF', 'date': datetime.datetime(2024, 9, 15, 13, 0)}, '3': {'team': 'HOU', 'date': datetime.datetime(2024, 9, 22, 13, 0)}, '4': {'team': 'GB', 'date': datetime.datetime(2024, 9, 29, 13, 0)}, '5': {'team': 'NYJ', 'date': datetime.datetime(2024, 10, 6, 9, 30)}, '7': {'team': 'DET', 'date': datetime.datetime(2024, 10, 20, 13, 0)}, '8': {'team': 'LAR', 'date': datetime.datetime(2024, 10, 24, 20, 15)}, '9': {'team': 'IND', 'date': datetime.datetime(2024, 11, 3, 20, 20)}, '10': {'team': 'JAX', 'date': datetime.datetime(2024, 11, 10, 13, 0)}, '11': {'team': 'TEN', 'date': datetime.datetime(2024, 11, 17, 13, 0)}, '12': {'team': 'CHI', 'date': datetime.datetime(2024, 11, 24, 13, 0)}, '13': {'team': 'ARI', 'date': datetime.datetime(2024, 12, 1, 13, 0)}, '14': {'team': 'ATL', 'date': datetime.datetime(2024, 12, 8, 13, 0)}, '15': {'team': 'CHI', 'date': datetime.datetime(2024, 12, 16, 20, 0)}, '16': {'team': 'SEA', 'date': datetime.datetime(2024, 12, 22, 16, 5)}, '17': {'team': 'GB', 'date': datetime.datetime(2024, 12, 29, 16, 25)}, '18': {'team': 'DET', 'date': datetime.datetime(2025, 1, 5, 20, 20)}}","['WR/TE', 'TE', 'RB/WR/TE', 'OP', 'BE', 'IR']",TE,,,1.0,1.0,,,,,,,,,,,,,,,,,,,,,,,,,,,,,,,,,,,,,,,,,,,,,,,,,,,,,,,,,,,,,,,,,,,,,,,,,,,,,,,,,,,,,,,,,,,,,,,,,,,,,,,,,,,,,,,,,,,,,,,,,,,,,,,,,,,,,,,,,,,,,,,,,,,,,,,,,,,,,,,,,,,,,,,,,,,,,,,,,,,,,,,,,,,,,,,,,,,,,,,,,,,,,,,,,,,,,,,,,,,,,,,,,,,,,,,,,,,,,2024,,,,,30.0,,,,,,,,,,,,,,,,,,,,,,,,,,,,,,29.13577847,,
29.0,2.07,47.75,3.41,32.0,10.21428571,,25.0,10.0,4.0,4.0,,,3.0,,,,,,4.46875,12.0,6.85714286,,17.0,7.0,2.0,1.0,,,19.0,101.0,8.0,,,,,,,1.0,3.0,11.0,,,,14.0,54.45553402,17.02907514,1.292965418,0.07714292,48.0,24.0,12.0,9.0,4.0,10.0,5.0,0.102870102,0.072009071,0.151430466,0.005167741,4.433198338,4.405215258,0.226824369,0.013998669,0.040345417,0.02636573,12.0,6.0,3.0,2.0,1.0,8.851193982,,,0.030301963,0.000937174,11.38403455,7.055590993,0.091141589,0.001935687,0.378420417,0.061508395,0.439928813,0.174073392,0.034444701,0.208518093,0.208518093,14.17647059,D'Ernest Johnson,JAX,ADD,78,3139602,14,Luke's Cool Guys,BE,"{'1': {'team': 'MIA', 'date': datetime.datetime(2024, 9, 8, 13, 0)}, '2': {'team': 'CLE', 'date': datetime.datetime(2024, 9, 15, 13, 0)}, '3': {'team': 'BUF', 'date': datetime.datetime(2024, 9, 23, 19, 30)}, '4': {'team': 'HOU', 'date': datetime.datetime(2024, 9, 29, 13, 0)}, '5': {'team': 'IND', 'date': datetime.datetime(2024, 10, 6, 13, 0)}, '6': {'team': 'CHI', 'date': datetime.datetime(2024, 10, 13, 9, 30)}, '7': {'team': 'NE', 'date': datetime.datetime(2024, 10, 20, 9, 30)}, '8': {'team': 'GB', 'date': datetime.datetime(2024, 10, 27, 13, 0)}, '9': {'team': 'PHI', 'date': datetime.datetime(2024, 11, 3, 16, 5)}, '10': {'team': 'MIN', 'date': datetime.datetime(2024, 11, 10, 13, 0)}, '11': {'team': 'DET', 'date': datetime.datetime(2024, 11, 17, 13, 0)}, '13': {'team': 'HOU', 'date': datetime.datetime(2024, 12, 1, 13, 0)}, '14': {'team': 'TEN', 'date': datetime.datetime(2024, 12, 8, 13, 0)}, '15': {'team': 'NYJ', 'date': datetime.datetime(2024, 12, 15, 13, 0)}, '16': {'team': 'LV', 'date': datetime.datetime(2024, 12, 22, 16, 25)}, '17': {'team': 'TEN', 'date': datetime.datetime(2024, 12, 29, 13, 0)}, '18': {'team': 'IND', 'date': datetime.datetime(2025, 1, 5, 13, 0)}}","['RB', 'RB/WR', 'RB/WR/TE', 'OP', 'BE', 'IR']",BE,,,,,,,,,,,,,,,,,,,,,,,,,,,,,,,,,,,,,,,,,,,,,,,,,,,,,,,,,,,,,,,,,,,,,,,,,,1.0,,,,,,,,,,,,,,,,,,,,,,,,,,,,,,,,,,,,,,,,,,,,,,,,,,,,,,,,,,,,,,,,,,,,,,,,,,,,,,,,,,,,,,,,,,,,,,,,,,,,,,,,,,,,,,,,,,,,,,,,,,,,,,,,,,,,,,,,,,,,,,,,,,,,,,,,,,,,,,,,,,,,,,,2024,,,,7.0,3.0,,,,,,,,,,,,,,,,,,,,,,,,,,,,,14.49560484,2.682658038,,
163.0,14.82,175.73,14.64,43.0,14.09090909,2.0,27.0,11.0,3.0,3.0,1.0,,2.0,,,,,,3.60465116,,,,,,,,,,,,,2.0,5.0,2.0,4.0,9.0,,,6.0,5.0,108.0,2.0,,11.0,53.59552615,20.67110487,1.858562998,0.08744576,49.0,24.0,12.0,9.0,4.0,10.0,5.0,0.102349948,0.071644964,0.223903778,0.007640977,4.628245607,,,,,,,,,,,,,,,,,,0.877425952,0.028774746,0.750266576,,6.539714938,0.345122625,,3.124057839,11.66955115,12.0,Russell Wilson,PIT,ADD,24,14881,14,Luke's Cool Guys,BE,"{'1': {'team': 'ATL', 'date': datetime.datetime(2024, 9, 8, 13, 0)}, '2': {'team': 'DEN', 'date': datetime.datetime(2024, 9, 15, 16, 25)}, '3': {'team': 'LAC', 'date': datetime.datetime(2024, 9, 22, 13, 0)}, '4': {'team': 'IND', 'date': datetime.datetime(2024, 9, 29, 13, 0)}, '5': {'team': 'DAL', 'date': datetime.datetime(2024, 10, 6, 20, 20)}, '6': {'team': 'LV', 'date': datetime.datetime(2024, 10, 13, 16, 5)}, '7': {'team': 'NYJ', 'date': datetime.datetime(2024, 10, 20, 20, 20)}, '8': {'team': 'NYG', 'date': datetime.datetime(2024, 10, 28, 20, 15)}, '10': {'team': 'WSH', 'date': datetime.datetime(2024, 11, 10, 13, 0)}, '11': {'team': 'BAL', 'date': datetime.datetime(2024, 11, 17, 13, 0)}, '12': {'team': 'CLE', 'date': datetime.datetime(2024, 11, 21, 20, 15)}, '13': {'team': 'CIN', 'date': datetime.datetime(2024, 12, 1, 13, 0)}, '14': {'team': 'CLE', 'date': datetime.datetime(2024, 12, 8, 13, 0)}, '15': {'team': 'PHI', 'date': datetime.datetime(2024, 12, 15, 16, 25)}, '16': {'team': 'BAL', 'date': datetime.datetime(2024, 12, 21, 16, 30)}, '17': {'team': 'KC', 'date': datetime.datetime(2024, 12, 25, 13, 0)}, '18': {'team': 'CIN', 'date': datetime.datetime(2025, 1, 4, 20, 0)}}","['QB', 'OP', 'BE', 'IR']",BE,,,,,,,,,,,,,,,,,,,,,336.0,214.0,122.0,225.63636364,16.0,492.0,242.0,118.0,94.0,45.0,20.0,38.0,17.0,18.0,7.0,,,,,5.0,0.63690476,33.0,4.0,4.0,7.0,5.0,1.0,379.7631634,241.9342391,137.8289243,222.9443613,13.74700759,535.0,267.0,133.0,107.0,53.0,26.0,48.0,24.0,2.04587738,1.336980868,1.769278063,0.238983076,0.789980192,8.545493315,0.637066104,33.80788086,5.789448363,2.778935214,,,,,,,,,,,,,,,,,,,,,,,,,,,,,,,,,,,,,,,,,,,,,,,,,,,,,,,,,,,,,,,,,,,,,,,,,,,,,,,,,,,,,,,,,,,,,,,,,,,,,,,,,,,,,,,,,,,,,,,,,,,,,,,3.0,,,,,,,1.0,,,,,,,,,,,,,,,,,,,,,,,,,,,,,,,,,,,,,2024,,,112.0,16.0,,,,,,,,,,,,,,,,,,,,,,,,,,,,,,14.47983993,,128.7974483,
41.0,3.15,58.96,4.21,76.0,23.84615385,2.0,55.0,25.0,8.0,6.0,1.0,,10.0,2.0,,,,,4.07894737,5.0,2.07692308,,4.0,1.0,,,,,5.0,37.0,5.4,2.0,2.0,1.0,1.0,1.0,,,7.0,6.0,12.0,2.0,,13.0,49.14105288,14.48521675,1.190545587,0.072007545,41.0,20.0,10.0,8.0,4.0,9.0,4.0,0.092569447,0.064798613,0.109676501,0.003742838,4.178771866,8.495624015,0.56707875,0.031186039,0.03869505,0.025287215,24.0,12.0,6.0,4.0,2.0,16.71603335,,,0.049586182,0.001533593,22.4101632,7.204936808,0.103193583,0.002376693,0.403053227,0.137104331,0.540157558,0.185404484,0.076778425,0.26218291,0.26218291,14.17647059,Audric Estime,DEN,ADD,69,4569682,14,Luke's Cool Guys,BE,"{'1': {'team': 'SEA', 'date': datetime.datetime(2024, 9, 8, 16, 5)}, '2': {'team': 'PIT', 'date': datetime.datetime(2024, 9, 15, 16, 25)}, '3': {'team': 'TB', 'date': datetime.datetime(2024, 9, 22, 13, 0)}, '4': {'team': 'NYJ', 'date': datetime.datetime(2024, 9, 29, 13, 0)}, '5': {'team': 'LV', 'date': datetime.datetime(2024, 10, 6, 16, 5)}, '6': {'team': 'LAC', 'date': datetime.datetime(2024, 10, 13, 16, 5)}, '7': {'team': 'NO', 'date': datetime.datetime(2024, 10, 17, 20, 15)}, '8': {'team': 'CAR', 'date': datetime.datetime(2024, 10, 27, 16, 25)}, '9': {'team': 'BAL', 'date': datetime.datetime(2024, 11, 3, 13, 0)}, '10': {'team': 'KC', 'date': datetime.datetime(2024, 11, 10, 13, 0)}, '11': {'team': 'ATL', 'date': datetime.datetime(2024, 11, 17, 16, 5)}, '12': {'team': 'LV', 'date': datetime.datetime(2024, 11, 24, 16, 5)}, '13': {'team': 'CLE', 'date': datetime.datetime(2024, 12, 2, 20, 15)}, '15': {'team': 'IND', 'date': datetime.datetime(2024, 12, 15, 16, 25)}, '16': {'team': 'LAC', 'date': datetime.datetime(2024, 12, 19, 20, 15)}, '17': {'team': 'CIN', 'date': datetime.datetime(2024, 12, 28, 16, 30)}, '18': {'team': 'KC', 'date': datetime.datetime(2025, 1, 5, 16, 25)}}","['Rookie', 'RB', 'RB/WR', 'RB/WR/TE', 'OP', 'BE', 'IR']",BE,,,,,,,,,,,,,,,,,,,,,,,,,,,,,,,,,,,,,,,,,,,,,,,,,,,,,,,,,,,,,,,,,,,,,,,,,,,,,,,,,,,,,,,,,,,,,,,,,,,,,,,,,,,,,,,,,,,,,,,,,,,,,,,,,,,,,,,,,,,,,,,,,,,,,,,,,,,,,,,,,,,,,,,,,,,,,,,,,,,,,,,,,,,,,,,,,,,,,,,,,,,,,,,,,,,,,,,,,,,,,,,,,,,,,,,,,,,,,,,,,2024,,,,15.0,2.0,,,,,,,,,,,,,,,,,,,,,,,,,,,,,12.87870249,6.213519057,,
226.0,13.29,222.51,14.83,14.0,4.41176471,,12.0,4.0,1.0,,,,,,,,,,5.35714286,98.0,56.82352941,6.0,186.0,88.0,41.0,30.0,11.0,12.0,140.0,588.0,9.85714286,1.0,1.0,,1.0,1.0,1.0,1.0,5.0,12.0,38.0,,4.0,17.0,2.085193369,0.836157367,0.095132386,0.005273065,2.0,1.0,,,,,,0.0038284,0.00267988,0.000321314,1.09652e-05,6.062138961,69.33561679,6.694726315,0.337164363,0.238534126,0.155882051,209.0,104.0,52.0,41.0,20.0,77.3691738,,,2.829601612,0.087513452,123.256913,13.54792008,0.342437428,0.005173455,0.030857203,1.144928023,1.175785226,0.014194313,0.641159693,0.655354006,0.655354006,15.11764706,DJ Moore,CHI,ADD,16,3915416,14,Luke's Cool Guys,WR,"{'1': {'team': 'TEN', 'date': datetime.datetime(2024, 9, 8, 13, 0)}, '2': {'team': 'HOU', 'date': datetime.datetime(2024, 9, 15, 20, 20)}, '3': {'team': 'IND', 'date': datetime.datetime(2024, 9, 22, 13, 0)}, '4': {'team': 'LAR', 'date': datetime.datetime(2024, 9, 29, 13, 0)}, '5': {'team': 'CAR', 'date': datetime.datetime(2024, 10, 6, 13, 0)}, '6': {'team': 'JAX', 'date': datetime.datetime(2024, 10, 13, 9, 30)}, '8': {'team': 'WSH', 'date': datetime.datetime(2024, 10, 27, 16, 25)}, '9': {'team': 'ARI', 'date': datetime.datetime(2024, 11, 3, 16, 5)}, '10': {'team': 'NE', 'date': datetime.datetime(2024, 11, 10, 13, 0)}, '11': {'team': 'GB', 'date': datetime.datetime(2024, 11, 17, 13, 0)}, '12': {'team': 'MIN', 'date': datetime.datetime(2024, 11, 24, 13, 0)}, '13': {'team': 'DET', 'date': datetime.datetime(2024, 11, 28, 12, 30)}, '14': {'team': 'SF', 'date': datetime.datetime(2024, 12, 8, 16, 25)}, '15': {'team': 'MIN', 'date': datetime.datetime(2024, 12, 16, 20, 0)}, '16': {'team': 'DET', 'date': datetime.datetime(2024, 12, 22, 13, 0)}, '17': {'team': 'SEA', 'date': datetime.datetime(2024, 12, 26, 20, 15)}, '18': {'team': 'GB', 'date': datetime.datetime(2025, 1, 5, 13, 0)}}","['RB/WR', 'WR', 'WR/TE', 'RB/WR/TE', 'OP', 'BE', 'IR']",WR,,,2.0,2.0,1.0,1.0,,,,,,,,,,,,,1.0,,1.0,,1.0,,,,,,,,,,,,,,,,,,,,1.0,,,,,,,,,,,,,,,,,,,,,,,,,,,,1.0,,1.0,,,,,,,,,,,,,,,,,,,,,,,,,,,,,,,,,,,,,,,,,,,,,,,,,,,,,,,,,,,,,,,,,,,,,,,,,,,,,,,,,,,,,,,,,,,,,,,,,,,,,,,,,,,,,,,,,,,,,,,,,,,,,,,,,,,,,,,,,,,,,,,,,,,,,,,,,,,,,,,,,,,,,,,,2024,,,,3.0,43.0,,,,,,,,,,,,,,,,,,,,,,,,,,,,,2.696411626,48.1278611,,
141.0,8.29,129.39,7.61,,,,,,,,,,,,,,,,,,,,,,,,,,,,,,,,,,1.0,1.0,13.0,4.0,131.0,,,17.0,,,,,,,,,,,,,,,,,,,,,,,,,,,,,,,,,,,,,,,,,,,17.0,Tyler Bass,BUF,ADD,9,3917232,14,Luke's Cool Guys,K,"{'1': {'team': 'ARI', 'date': datetime.datetime(2024, 9, 8, 13, 0)}, '2': {'team': 'MIA', 'date': datetime.datetime(2024, 9, 12, 20, 15)}, '3': {'team': 'JAX', 'date': datetime.datetime(2024, 9, 23, 19, 30)}, '4': {'team': 'BAL', 'date': datetime.datetime(2024, 9, 29, 20, 20)}, '5': {'team': 'HOU', 'date': datetime.datetime(2024, 10, 6, 13, 0)}, '6': {'team': 'NYJ', 'date': datetime.datetime(2024, 10, 14, 20, 15)}, '7': {'team': 'TEN', 'date': datetime.datetime(2024, 10, 20, 13, 0)}, '8': {'team': 'SEA', 'date': datetime.datetime(2024, 10, 27, 16, 5)}, '9': {'team': 'MIA', 'date': datetime.datetime(2024, 11, 3, 13, 0)}, '10': {'team': 'IND', 'date': datetime.datetime(2024, 11, 10, 13, 0)}, '11': {'team': 'KC', 'date': datetime.datetime(2024, 11, 17, 16, 25)}, '13': {'team': 'SF', 'date': datetime.datetime(2024, 12, 1, 20, 20)}, '14': {'team': 'LAR', 'date': datetime.datetime(2024, 12, 8, 16, 25)}, '15': {'team': 'DET', 'date': datetime.datetime(2024, 12, 15, 16, 25)}, '16': {'team': 'NE', 'date': datetime.datetime(2024, 12, 22, 16, 25)}, '17': {'team': 'NYJ', 'date': datetime.datetime(2024, 12, 29, 13, 0)}, '18': {'team': 'NE', 'date': datetime.datetime(2025, 1, 5, 13, 0)}}","['K', 'BE', 'IR']",K,,,,,,,,,,,,,,,,,,,,,,,,,,,,,,,,,,,,,,,,,,,,,,,,,,,,,,,,,,,,,,,,,,,,,,,,,,,,,,4.0,4.0,7.0,11.0,4.0,13.0,14.0,1.0,24.0,29.0,5.0,59.0,64.0,5.0,3.0,3.0,4.253089163,6.569510903,2.31642174,6.949107597,9.138775068,2.189667471,15.52605815,16.81404523,1.287987078,26.72825492,32.5223312,5.794076288,39.54414172,43.24608705,3.701945331,4.253089163,6.569510903,2.31642174,,,,,,,,,,,,,,,,,,,,,,,,,,,,,,,,,,,,,,,,,,,,,,,,,,,,,,,,,,,,,,,,,,,,,,,,,,,,,,,,,,,,,,,,,1.0,,,,,,,,,,,,,,1.0,,,,,,,,,,,,,,,,,,,,,,,,,,,2024,,,,,,933.0,213.0,1146.0,181.0,88.0,39.0,31.0,12.0,2.0,40.0,18.0,9.0,4.0,,222.0,106.0,48.0,38.0,15.0,3.0,,,1008.158401,262.2614225,1270.419824,,,,,,,
66.0,3.88,120.47,7.09,,,,,,,,,,,,,,,,,,,,,,,,,,,,,,,,,,623.0,1035.0,8.0,9.0,,,,17.0,,,,,,,,,,,,,,,,,,,,,,,,,,,,,,,,,,,,,,,,,,,17.0,Dolphins D/ST,MIA,ADD,24,-16015,14,Luke's Cool Guys,D/ST,"{'1': {'team': 'JAX', 'date': datetime.datetime(2024, 9, 8, 13, 0)}, '2': {'team': 'BUF', 'date': datetime.datetime(2024, 9, 12, 20, 15)}, '3': {'team': 'SEA', 'date': datetime.datetime(2024, 9, 22, 16, 5)}, '4': {'team': 'TEN', 'date': datetime.datetime(2024, 9, 30, 19, 30)}, '5': {'team': 'NE', 'date': datetime.datetime(2024, 10, 6, 13, 0)}, '7': {'team': 'IND', 'date': datetime.datetime(2024, 10, 20, 13, 0)}, '8': {'team': 'ARI', 'date': datetime.datetime(2024, 10, 27, 13, 0)}, '9': {'team': 'BUF', 'date': datetime.datetime(2024, 11, 3, 13, 0)}, '10': {'team': 'LAR', 'date': datetime.datetime(2024, 11, 11, 20, 15)}, '11': {'team': 'LV', 'date': datetime.datetime(2024, 11, 17, 13, 0)}, '12': {'team': 'NE', 'date': datetime.datetime(2024, 11, 24, 13, 0)}, '13': {'team': 'GB', 'date': datetime.datetime(2024, 11, 28, 20, 20)}, '14': {'team': 'NYJ', 'date': datetime.datetime(2024, 12, 8, 13, 0)}, '15': {'team': 'HOU', 'date': datetime.datetime(2024, 12, 15, 13, 0)}, '16': {'team': 'SF', 'date': datetime.datetime(2024, 12, 22, 16, 25)}, '17': {'team': 'CLE', 'date': datetime.datetime(2024, 12, 29, 16, 5)}, '18': {'team': 'NYJ', 'date': datetime.datetime(2025, 1, 5, 16, 25)}}","['D/ST', 'BE', 'IR']",D/ST,,,,,,,755.0,71.0,25.0,0.451241042,0.13851,1504.783046,331.1,150.0,60.0,33.0,13.0,,,,,,,,,,,,,,,,,,,,,,,,,,,,,,,,,,,,,,,,,,,,,,,,,,,,,,,,,412.0,,,8.0,,,,,,,,,,,,,,,,,,,,,,,,,,,,,,,,,,,6.0,0.0,1.0,2.0,4.0,,10.0,,,35.0,70.0,,,,,339.0,199.0,64.0,69.0,268.0,21.0,4.0,348.0,2.0,4.0,4.0,0.0,5343.0,0.0,1.0,7.0,3.0,5.0,1.0,0.0,0.0,0.0,0.0,1.0,2.0,4.0,2.0,4.0,4.0,0.0,0.263763764,1.191191191,3.998998999,3.403403403,0.110692958,1.83210492,13.0500179,8.908829386,1.80609151,0.219991018,42.32621427,84.65242853,1.272557485,0.559547436,2.532548921,15.0528977,1054.070496,351.0,210.0,61.77916758,336.3433765,2.467467467,3.148148148,1.871871872,0.595595596,0.05955956,19.7849045,5683.995037,0.604134341,4.935181941,4.075779569,3.760948996,2.237849742,0.935982782,0.357375244,0.092747385,334.3526492,,,,,,,,,,,,,,,,,,,,,,,,,,,,,,,,,,,,,,,,,,,,,,,,2024,,,,,,,,,,,,,,,,,,,,,,,,,,,,,,,,,,,,,43.69980693
71.0,4.18,74.21,5.3,92.0,19.64705882,2.0,60.0,25.0,9.0,8.0,1.0,,12.0,3.0,,,,,3.63043478,19.0,8.70588235,1.0,25.0,9.0,2.0,1.0,,,27.0,163.0,7.78947368,,,,,,1.0,1.0,5.0,12.0,18.0,1.0,,17.0,78.36213666,23.89369708,2.679382267,0.147682025,67.0,33.0,16.0,13.0,6.0,15.0,7.0,0.149876425,0.104913498,0.297296064,0.010145574,4.322601557,6.584299519,0.564710464,0.028281701,0.044366299,0.028993377,18.0,9.0,4.0,3.0,1.0,13.08774477,,,0.041177539,0.001273532,16.57027552,7.132025428,0.175963725,0.003300303,0.642723552,0.107345233,0.750068785,0.295652834,0.06011333,0.355766164,0.355766164,14.17647059,Braelon Allen,NYJ,ADD,54,4685247,14,Luke's Cool Guys,BE,"{'1': {'team': 'SF', 'date': datetime.datetime(2024, 9, 9, 20, 15)}, '2': {'team': 'TEN', 'date': datetime.datetime(2024, 9, 15, 13, 0)}, '3': {'team': 'NE', 'date': datetime.datetime(2024, 9, 19, 20, 15)}, '4': {'team': 'DEN', 'date': datetime.datetime(2024, 9, 29, 13, 0)}, '5': {'team': 'MIN', 'date': datetime.datetime(2024, 10, 6, 9, 30)}, '6': {'team': 'BUF', 'date': datetime.datetime(2024, 10, 14, 20, 15)}, '7': {'team': 'PIT', 'date': datetime.datetime(2024, 10, 20, 20, 20)}, '8': {'team': 'NE', 'date': datetime.datetime(2024, 10, 27, 13, 0)}, '9': {'team': 'HOU', 'date': datetime.datetime(2024, 10, 31, 20, 15)}, '10': {'team': 'ARI', 'date': datetime.datetime(2024, 11, 10, 16, 25)}, '11': {'team': 'IND', 'date': datetime.datetime(2024, 11, 17, 13, 0)}, '13': {'team': 'SEA', 'date': datetime.datetime(2024, 12, 1, 13, 0)}, '14': {'team': 'MIA', 'date': datetime.datetime(2024, 12, 8, 13, 0)}, '15': {'team': 'JAX', 'date': datetime.datetime(2024, 12, 15, 13, 0)}, '16': {'team': 'LAR', 'date': datetime.datetime(2024, 12, 22, 13, 0)}, '17': {'team': 'BUF', 'date': datetime.datetime(2024, 12, 29, 13, 0)}, '18': {'team': 'MIA', 'date': datetime.datetime(2025, 1, 5, 16, 25)}}","['Rookie', 'RB', 'RB/WR', 'RB/WR/TE', 'OP', 'BE', 'IR']",BE,,,,,,,,,,,,,,,,,,,,,,,,,,,,,,,,,,,,,,,,,,,,,,,,,,,,,,,,,,,,,,,,,,,,,,,,,1.0,,,1.0,,,,,,,,,,,,,,,,,,,,,,,,,,,,,,,,,,,,,,,,,,,,,,,,,,,,,,,,,,,,,,,,,,,,,,,,,,,,,,,,,,,,,,,,,,,,,,,,,,,,,,,,,,,,,,,,,,,,,,,,,,,,,,,,,,,,,,,,,,,,,,,,,,,,,,,,,,,,,,,,,,,,,2024,,,,22.0,8.0,,,,,,,,,,,,,,,,,,,,,,,,,,,,,20.26749312,4.638347144,,
309.0,18.18,281.3,18.75,1.0,0.17647059,,,,,,,,,,,,,,3.0,103.0,90.17647059,10.0,299.0,146.0,68.0,53.0,20.0,14.0,154.0,496.0,14.88349515,,1.0,,,,1.0,1.0,14.0,3.0,60.0,,1.0,17.0,1.902280304,0.676454927,0.096716116,0.005265731,2.0,1.0,,,,,,0.003492224,0.002444556,0.00019613,6.69316e-06,5.375867488,89.87988583,6.607317102,0.341359597,0.222086307,0.145133401,271.0,135.0,67.0,54.0,27.0,106.1578107,,,5.088215826,0.1573675,162.7184042,12.79955174,0.346625328,0.007156246,0.028631347,1.597788224,1.62641957,0.013170419,0.894761405,0.907931825,0.907931825,15.11764706,Justin Jefferson,MIN,DRAFT,3,4262921,15,Mendes Army,WR,"{'1': {'team': 'NYG', 'date': datetime.datetime(2024, 9, 8, 13, 0)}, '2': {'team': 'SF', 'date': datetime.datetime(2024, 9, 15, 13, 0)}, '3': {'team': 'HOU', 'date': datetime.datetime(2024, 9, 22, 13, 0)}, '4': {'team': 'GB', 'date': datetime.datetime(2024, 9, 29, 13, 0)}, '5': {'team': 'NYJ', 'date': datetime.datetime(2024, 10, 6, 9, 30)}, '7': {'team': 'DET', 'date': datetime.datetime(2024, 10, 20, 13, 0)}, '8': {'team': 'LAR', 'date': datetime.datetime(2024, 10, 24, 20, 15)}, '9': {'team': 'IND', 'date': datetime.datetime(2024, 11, 3, 20, 20)}, '10': {'team': 'JAX', 'date': datetime.datetime(2024, 11, 10, 13, 0)}, '11': {'team': 'TEN', 'date': datetime.datetime(2024, 11, 17, 13, 0)}, '12': {'team': 'CHI', 'date': datetime.datetime(2024, 11, 24, 13, 0)}, '13': {'team': 'ARI', 'date': datetime.datetime(2024, 12, 1, 13, 0)}, '14': {'team': 'ATL', 'date': datetime.datetime(2024, 12, 8, 13, 0)}, '15': {'team': 'CHI', 'date': datetime.datetime(2024, 12, 16, 20, 0)}, '16': {'team': 'SEA', 'date': datetime.datetime(2024, 12, 22, 16, 5)}, '17': {'team': 'GB', 'date': datetime.datetime(2024, 12, 29, 16, 25)}, '18': {'team': 'DET', 'date': datetime.datetime(2025, 1, 5, 20, 20)}}","['RB/WR', 'WR', 'WR/TE', 'RB/WR/TE', 'OP', 'BE', 'IR']",WR,2.0,2.0,5.0,5.0,1.0,,,,,,,,,,,,,1.0,3.0,1.0,1.0,1.0,,1.29411765,,4.0,2.0,1.0,,,,,,,,,,,,,1.0,,,,,,,,,,,,,,,,,,,,,,,,,,,,,,,,3.0,,,,,,,,,,,,,,,,,,,,,,,,,,,,,,,,,,,,,,,,,,,,,,,,,,,,,,,,,,,,,,,,,,,,,,,,,,,,,,,,,,,,,,,,,,,,,,,,,,,,,,,,,,,,,,,,,,,,,,,,,,,,,,,,,,,,,,,,,,,,,,,,,,,,,,,,,,,,,,,,,,,,,,,,2024,,,1.0,,62.0,,,,,,,,,,,,,,,,,,,,,,,,,,,,,2.604959286,63.21860388,,
323.0,19.0,224.16,16.01,325.0,113.0,16.0,377.0,184.0,89.0,67.0,29.0,9.0,57.0,25.0,2.0,1.0,9.0,,5.91076923,19.0,11.35294118,2.0,32.0,14.0,5.0,3.0,,,22.0,216.0,10.15789474,3.0,3.0,1.0,1.0,1.0,,,12.0,5.0,108.0,13.0,,17.0,255.0493456,75.89123706,11.58461903,0.449635162,215.0,107.0,53.0,43.0,21.0,51.0,25.0,0.532850763,0.372995534,3.006358622,0.102595486,4.218281319,13.60794676,0.965342329,0.056076793,0.065803184,0.043002381,38.0,19.0,9.0,7.0,3.0,23.57264875,,,0.072503144,0.002242365,30.9170009,8.183749692,0.505711955,0.008318289,1.730573851,0.159946341,1.890520192,0.796063972,0.089569951,0.885633922,0.885633922,14.17647059,Derrick Henry,BAL,DRAFT,4,3043078,15,Mendes Army,RB,"{'1': {'team': 'KC', 'date': datetime.datetime(2024, 9, 5, 20, 20)}, '2': {'team': 'LV', 'date': datetime.datetime(2024, 9, 15, 13, 0)}, '3': {'team': 'DAL', 'date': datetime.datetime(2024, 9, 22, 16, 25)}, '4': {'team': 'BUF', 'date': datetime.datetime(2024, 9, 29, 20, 20)}, '5': {'team': 'CIN', 'date': datetime.datetime(2024, 10, 6, 13, 0)}, '6': {'team': 'WSH', 'date': datetime.datetime(2024, 10, 13, 13, 0)}, '7': {'team': 'TB', 'date': datetime.datetime(2024, 10, 21, 20, 15)}, '8': {'team': 'CLE', 'date': datetime.datetime(2024, 10, 27, 13, 0)}, '9': {'team': 'DEN', 'date': datetime.datetime(2024, 11, 3, 13, 0)}, '10': {'team': 'CIN', 'date': datetime.datetime(2024, 11, 7, 20, 15)}, '11': {'team': 'PIT', 'date': datetime.datetime(2024, 11, 17, 13, 0)}, '12': {'team': 'LAC', 'date': datetime.datetime(2024, 11, 25, 20, 15)}, '13': {'team': 'PHI', 'date': datetime.datetime(2024, 12, 1, 16, 25)}, '15': {'team': 'NYG', 'date': datetime.datetime(2024, 12, 15, 13, 0)}, '16': {'team': 'PIT', 'date': datetime.datetime(2024, 12, 21, 16, 30)}, '17': {'team': 'HOU', 'date': datetime.datetime(2024, 12, 25, 16, 30)}, '18': {'team': 'CLE', 'date': datetime.datetime(2025, 1, 4, 16, 30)}}","['RB', 'RB/WR', 'RB/WR/TE', 'OP', 'BE', 'IR']",RB,,,,,,,,,,,,,,,,,,,1.0,,,,,,,,,,,,,,,,,,,,,,,,1.0,,,,,,,,,,,,,,,,,,,,,,,,,,,,,,1.0,,,1.0,,,,,,,,,,,,,,,,,,,,,,,,,,,,,,,,,,,,,,,,,,,,,,,,,,,,,,,,,,,,,,,,,,,,,,,,,,,,,,,,,,,,,,,,,,,,,,,,,,,,,,,,,,,,,,,,,,,,,,,,,1.0,,,,,,,,,,,,,,,,,,,,,,,,,,,,,,,,,,,,,,,,,,,,2024,,,,94.0,11.0,,,,,,,,,,,,,,,,,,,,,,,,,,,,,62.53049679,9.937791778,,
232.0,16.57,234.57,15.64,,,,,,,,,,,,,,,,,74.0,71.71428571,11.0,193.0,92.0,43.0,32.0,13.0,9.0,110.0,226.0,13.56756757,,,,,,2.0,2.0,10.0,4.0,66.0,,1.0,14.0,,,,,,,,,,,,,,,,,75.26526352,7.435436793,0.348835599,0.267266518,0.17465867,227.0,113.0,56.0,45.0,22.0,77.10994037,,,3.457880807,0.106944767,130.0654007,14.75599234,0.348835599,0.003408428,,0.774642748,0.774642748,,0.433799939,0.433799939,0.433799939,15.11764706,Mike Evans,TB,DRAFT,15,16737,15,Mendes Army,WR,"{'1': {'team': 'WSH', 'date': datetime.datetime(2024, 9, 8, 16, 25)}, '2': {'team': 'DET', 'date': datetime.datetime(2024, 9, 15, 13, 0)}, '3': {'team': 'DEN', 'date': datetime.datetime(2024, 9, 22, 13, 0)}, '4': {'team': 'PHI', 'date': datetime.datetime(2024, 9, 29, 13, 0)}, '5': {'team': 'ATL', 'date': datetime.datetime(2024, 10, 3, 20, 15)}, '6': {'team': 'NO', 'date': datetime.datetime(2024, 10, 13, 13, 0)}, '7': {'team': 'BAL', 'date': datetime.datetime(2024, 10, 21, 20, 15)}, '8': {'team': 'ATL', 'date': datetime.datetime(2024, 10, 27, 13, 0)}, '9': {'team': 'KC', 'date': datetime.datetime(2024, 11, 4, 20, 15)}, '10': {'team': 'SF', 'date': datetime.datetime(2024, 11, 10, 13, 0)}, '12': {'team': 'NYG', 'date': datetime.datetime(2024, 11, 24, 13, 0)}, '13': {'team': 'CAR', 'date': datetime.datetime(2024, 12, 1, 16, 5)}, '14': {'team': 'LV', 'date': datetime.datetime(2024, 12, 8, 13, 0)}, '15': {'team': 'LAC', 'date': datetime.datetime(2024, 12, 15, 16, 25)}, '16': {'team': 'DAL', 'date': datetime.datetime(2024, 12, 22, 20, 20)}, '17': {'team': 'CAR', 'date': datetime.datetime(2024, 12, 29, 13, 0)}, '18': {'team': 'NO', 'date': datetime.datetime(2025, 1, 5, 13, 0)}}","['RB/WR', 'WR', 'WR/TE', 'RB/WR/TE', 'OP', 'BE', 'IR']",WR,1.0,1.0,2.0,2.0,,,,,,,,,,,,,,,6.0,2.0,,,,,,,,,,,,,,,,,,,,,,,,,,,,,,,,,,,,,,,,,,,,,,,,,,,,,1.0,,,,,,,,,,,,,,,,,,,,,,,,,,,,,,,,,,,,,,,,,,,,,,,,,,,,,,,,,,,,,,,,,,,,,,,,,,,,,,,,,,,,,,,,,,,,,,,,,,,,,,,,,,,,,,,,,,,,,,,,,,,,,,,,,,,,,,,,,,,,,,,,,,,,,,,,,,,,,,,,,,,,,,,,2024,,,,,53.0,,,,,,,,,,,,,,,,,,,,,,,,,,,,,,50.84364455,,
58.0,8.29,221.65,14.78,,,,,,,,,,,,,,,,,25.0,53.42857143,,71.0,33.0,16.0,10.0,2.0,2.0,47.0,107.0,14.96,,,,,,,,3.0,4.0,,,,7.0,,,,,,,,,,,,,,,,,70.65528401,6.860523132,0.302820162,0.354499155,0.231665198,213.0,106.0,53.0,42.0,21.0,75.22784884,,,2.978980553,0.092133419,113.5525384,14.19875303,0.302820162,0.005411386,,1.229860445,1.229860445,,0.688721849,0.688721849,0.688721849,15.11764706,Brandon Aiyuk,SF,DRAFT,103,4360438,15,Mendes Army,BE,"{'1': {'team': 'NYJ', 'date': datetime.datetime(2024, 9, 9, 20, 15)}, '2': {'team': 'MIN', 'date': datetime.datetime(2024, 9, 15, 13, 0)}, '3': {'team': 'LAR', 'date': datetime.datetime(2024, 9, 22, 16, 25)}, '4': {'team': 'NE', 'date': datetime.datetime(2024, 9, 29, 16, 5)}, '5': {'team': 'ARI', 'date': datetime.datetime(2024, 10, 6, 16, 5)}, '6': {'team': 'SEA', 'date': datetime.datetime(2024, 10, 10, 20, 15)}, '7': {'team': 'KC', 'date': datetime.datetime(2024, 10, 20, 16, 25)}, '8': {'team': 'DAL', 'date': datetime.datetime(2024, 10, 27, 20, 20)}, '10': {'team': 'TB', 'date': datetime.datetime(2024, 11, 10, 13, 0)}, '11': {'team': 'SEA', 'date': datetime.datetime(2024, 11, 17, 16, 5)}, '12': {'team': 'GB', 'date': datetime.datetime(2024, 11, 24, 16, 25)}, '13': {'team': 'BUF', 'date': datetime.datetime(2024, 12, 1, 20, 20)}, '14': {'team': 'CHI', 'date': datetime.datetime(2024, 12, 8, 16, 25)}, '15': {'team': 'LAR', 'date': datetime.datetime(2024, 12, 12, 20, 15)}, '16': {'team': 'MIA', 'date': datetime.datetime(2024, 12, 22, 16, 25)}, '17': {'team': 'DET', 'date': datetime.datetime(2024, 12, 30, 20, 15)}, '18': {'team': 'ARI', 'date': datetime.datetime(2025, 1, 5, 16, 25)}}","['RB/WR', 'WR', 'WR/TE', 'RB/WR/TE', 'OP', 'BE', 'IR']",BE,,,1.0,1.0,,,,,,,,,,,,,,,,,,,,,,,,,,,,,,,,,,,,,,,,,,,,,,,,,,,,,,,,,,,,,,,,,,,,,,,,,,,,,,,,,,,,,,,,,,,,,,,,,,,,,,,,,,,,,,,,,,,,,,,,,,,,,,,,,,,,,,,,,,,,,,,,,,,,,,,,,,,,,,,,,,,,,,,,,,,,,,,,,,,,,,,,,,,,,,,,,,,,,,,,,,,,,,,,,,,,,,,,,,,,,,,,,,,,,,,,,,,,,2024,,,,,19.0,,,,,,,,,,,,,,,,,,,,,,,,,,,,,,48.25772944,,
212.0,15.14,176.59,12.61,185.0,55.35714286,12.0,151.0,73.0,32.0,26.0,8.0,1.0,31.0,12.0,,,1.0,,4.18918919,36.0,24.35714286,,64.0,29.0,11.0,7.0,,1.0,38.0,365.0,9.47222222,2.0,2.0,1.0,1.0,1.0,,,12.0,2.0,78.0,11.0,,14.0,181.3430087,56.08952113,9.359703156,0.392100003,159.0,79.0,39.0,31.0,15.0,36.0,18.0,0.365534457,0.25587412,1.641760414,0.056026984,4.384792402,11.45079496,0.705104992,0.042465342,0.047982747,0.031356725,32.0,16.0,8.0,6.0,3.0,21.71550344,,,0.062123596,0.001921348,28.12217733,7.475390028,0.434565345,0.006654448,1.350637983,0.161736501,1.512374484,0.621293472,0.090572441,0.711865913,0.711865913,14.17647059,David Montgomery,DET,DRAFT,18,4035538,15,Mendes Army,BE,"{'1': {'team': 'LAR', 'date': datetime.datetime(2024, 9, 8, 20, 20)}, '2': {'team': 'TB', 'date': datetime.datetime(2024, 9, 15, 13, 0)}, '3': {'team': 'ARI', 'date': datetime.datetime(2024, 9, 22, 16, 25)}, '4': {'team': 'SEA', 'date': datetime.datetime(2024, 9, 30, 20, 15)}, '6': {'team': 'DAL', 'date': datetime.datetime(2024, 10, 13, 16, 25)}, '7': {'team': 'MIN', 'date': datetime.datetime(2024, 10, 20, 13, 0)}, '8': {'team': 'TEN', 'date': datetime.datetime(2024, 10, 27, 13, 0)}, '9': {'team': 'GB', 'date': datetime.datetime(2024, 11, 3, 16, 25)}, '10': {'team': 'HOU', 'date': datetime.datetime(2024, 11, 10, 20, 20)}, '11': {'team': 'JAX', 'date': datetime.datetime(2024, 11, 17, 13, 0)}, '12': {'team': 'IND', 'date': datetime.datetime(2024, 11, 24, 13, 0)}, '13': {'team': 'CHI', 'date': datetime.datetime(2024, 11, 28, 12, 30)}, '14': {'team': 'GB', 'date': datetime.datetime(2024, 12, 5, 20, 15)}, '15': {'team': 'BUF', 'date': datetime.datetime(2024, 12, 15, 16, 25)}, '16': {'team': 'CHI', 'date': datetime.datetime(2024, 12, 22, 13, 0)}, '17': {'team': 'SF', 'date': datetime.datetime(2024, 12, 30, 20, 15)}, '18': {'team': 'MIN', 'date': datetime.datetime(2025, 1, 5, 20, 20)}}","['RB', 'RB/WR', 'RB/WR/TE', 'OP', 'BE', 'IR']",BE,,,,,,,,,,,,,,,,,,,,,1.0,1.0,,0.21428571,1.0,,,,,,,,,,,,,,,,1.0,,,1.0,,,,,,,,,,,,,,,,,,,,,,,,,,,,,,,1.0,,,,,,,,,,,,,,,,,,,,,,,,,,,,,,,,,,,,,,,,,,,,,,,,,,,,,,,,,,,,,,,,,,,,,,,,,,,,,,,,,,,,,,,,,,,,,,,,,,,,,,,,,,,,,,,,,,,,,,,,,,,,,,,,,,,,,,,,,,,,,,,,,,,,,,,,,,,,,,,,,,,,,,2024,,,1.0,50.0,16.0,,,,,,,,,,,,,,,,,,,,,,,,,,,,,46.9153748,8.564773517,,
280.0,16.47,262.75,17.52,78.0,33.64705882,5.0,106.0,49.0,21.0,14.0,5.0,,10.0,,2.0,1.0,,,7.33333333,,,,,,,,,,,,,5.0,8.0,3.0,4.0,15.0,,,8.0,9.0,158.0,1.0,,17.0,87.49793712,32.48303472,5.23209372,0.35864583,97.0,48.0,24.0,19.0,9.0,17.0,8.0,0.169125084,0.118387559,0.692535389,0.023633576,5.568651524,,,,,,,,,,,,,,,,,,2.004083038,0.043221867,1.353909156,,9.823151478,0.622798212,,4.688034526,16.23839957,15.0,Kyler Murray,ARI,DRAFT,10,3917315,15,Mendes Army,QB,"{'1': {'team': 'BUF', 'date': datetime.datetime(2024, 9, 8, 13, 0)}, '2': {'team': 'LAR', 'date': datetime.datetime(2024, 9, 15, 16, 5)}, '3': {'team': 'DET', 'date': datetime.datetime(2024, 9, 22, 16, 25)}, '4': {'team': 'WSH', 'date': datetime.datetime(2024, 9, 29, 16, 5)}, '5': {'team': 'SF', 'date': datetime.datetime(2024, 10, 6, 16, 5)}, '6': {'team': 'GB', 'date': datetime.datetime(2024, 10, 13, 13, 0)}, '7': {'team': 'LAC', 'date': datetime.datetime(2024, 10, 21, 21, 0)}, '8': {'team': 'MIA', 'date': datetime.datetime(2024, 10, 27, 13, 0)}, '9': {'team': 'CHI', 'date': datetime.datetime(2024, 11, 3, 16, 5)}, '10': {'team': 'NYJ', 'date': datetime.datetime(2024, 11, 10, 16, 25)}, '12': {'team': 'SEA', 'date': datetime.datetime(2024, 11, 24, 16, 25)}, '13': {'team': 'MIN', 'date': datetime.datetime(2024, 12, 1, 13, 0)}, '14': {'team': 'SEA', 'date': datetime.datetime(2024, 12, 8, 16, 5)}, '15': {'team': 'NE', 'date': datetime.datetime(2024, 12, 15, 16, 25)}, '16': {'team': 'CAR', 'date': datetime.datetime(2024, 12, 22, 13, 0)}, '17': {'team': 'LAR', 'date': datetime.datetime(2024, 12, 28, 20, 0)}, '18': {'team': 'SF', 'date': datetime.datetime(2025, 1, 5, 16, 25)}}","['QB', 'OP', 'BE', 'IR']",QB,,,,,,,,,,,,,,,,,,,,,541.0,372.0,169.0,226.52941176,21.0,764.0,378.0,187.0,145.0,70.0,31.0,68.0,31.0,28.0,12.0,2.0,1.0,2.0,,11.0,0.68761553,30.0,5.0,10.0,5.0,3.0,,514.054621,339.638991,174.4156299,237.7002011,17.39088163,713.0,356.0,178.0,142.0,71.0,35.0,67.0,33.0,2.877083546,1.880174098,2.77956382,0.375446191,1.645437209,11.55036504,0.660706036,33.27990945,8.469242322,4.065236314,,,,,1.0,1.0,,,,,,,,,,,,,,,,,,,,,,,,,,,,,,,,,,,,,,,,,,,,,,,,,,,,,,,,,,,,,,,,,,,,,,,,,,,,,,,,,,,,,,,,,,,,,,,,,,,,,,,,,,,,,,,,,,,,,,,,,1.0,,,,,1.0,,,,,,,,,,,,,,,,,,,,,,,,,,,,,,,,,,,,,,,2024,,,191.0,27.0,,,,,,,,,,,,,,,,,,,,,,,,,,,,,,27.49654137,,175.9763772,
100.0,7.14,165.18,11.01,,,,,,,,,,,,,,,,,59.0,35.28571429,,94.0,45.0,18.0,10.0,3.0,6.0,86.0,309.0,8.37288136,,4.0,,2.0,2.0,2.0,2.0,5.0,9.0,,,,14.0,,,,,,,,,,,,,,,,,44.6441483,5.440383677,0.26370881,0.129964157,0.084931577,134.0,67.0,33.0,26.0,13.0,65.42402628,,,0.872133387,0.026973198,92.11104557,10.31600339,0.26370881,0.001648379,,0.374631544,0.374631544,,0.209793665,0.209793665,0.209793665,15.11764706,Jake Ferguson,DAL,DRAFT,24,4242355,15,Mendes Army,BE,"{'1': {'team': 'CLE', 'date': datetime.datetime(2024, 9, 8, 16, 25)}, '2': {'team': 'NO', 'date': datetime.datetime(2024, 9, 15, 13, 0)}, '3': {'team': 'BAL', 'date': datetime.datetime(2024, 9, 22, 16, 25)}, '4': {'team': 'NYG', 'date': datetime.datetime(2024, 9, 26, 20, 15)}, '5': {'team': 'PIT', 'date': datetime.datetime(2024, 10, 6, 20, 20)}, '6': {'team': 'DET', 'date': datetime.datetime(2024, 10, 13, 16, 25)}, '8': {'team': 'SF', 'date': datetime.datetime(2024, 10, 27, 20, 20)}, '9': {'team': 'ATL', 'date': datetime.datetime(2024, 11, 3, 13, 0)}, '10': {'team': 'PHI', 'date': datetime.datetime(2024, 11, 10, 16, 25)}, '11': {'team': 'HOU', 'date': datetime.datetime(2024, 11, 18, 20, 15)}, '12': {'team': 'WSH', 'date': datetime.datetime(2024, 11, 24, 13, 0)}, '13': {'team': 'NYG', 'date': datetime.datetime(2024, 11, 28, 16, 30)}, '14': {'team': 'CIN', 'date': datetime.datetime(2024, 12, 9, 20, 15)}, '15': {'team': 'CAR', 'date': datetime.datetime(2024, 12, 15, 13, 0)}, '16': {'team': 'TB', 'date': datetime.datetime(2024, 12, 22, 20, 20)}, '17': {'team': 'PHI', 'date': datetime.datetime(2024, 12, 29, 13, 0)}, '18': {'team': 'WSH', 'date': datetime.datetime(2025, 1, 5, 13, 0)}}","['WR/TE', 'TE', 'RB/WR/TE', 'OP', 'BE', 'IR']",BE,,,,,4.0,2.0,,,,,,,,,,,,,,,,,,,,,,,,,,,,,,,,,,,,,,,,,,,,,,,,,,,,,,,,,,,,,,,,,,,,,,,,,,,,,,,,,,,,,,,,,,,,,,,,,,,,,,,,,,,,,,,,,,,,,,,,,,,,,,,,,,,,,,,,,,,,,,,,,,,,,,,,,,,,,,,,,,,,,,,,,,,,,,,,,,,,,,,,,,,,,,,,,,,,,,,,,,,,,,,,,,,,,,,,,,,,,,,,,,,,,,,,,,,2024,,,,,18.0,,,,,,,,,,,,,,,,,,,,,,,,,,,,,,34.59873474,,
139.0,8.69,177.11,12.65,,,,,,,,,,,,,,,,,56.0,38.125,5.0,116.0,53.0,22.0,19.0,5.0,4.0,80.0,109.0,10.89285714,,1.0,,,,1.0,1.0,10.0,6.0,30.0,,,16.0,,,,,,,,,,,,,,,,,58.66518666,4.503634157,0.225613105,0.174898773,0.114296348,171.0,85.0,42.0,34.0,17.0,65.7183226,,,1.68511711,0.052117024,108.9378939,13.04882656,0.225613105,0.004340443,,0.986464281,0.986464281,,0.552419997,0.552419997,0.552419997,14.61764706,DeAndre Hopkins,BAL,DRAFT,48,15795,15,Mendes Army,BE,"{'1': {'team': 'KC', 'date': datetime.datetime(2024, 9, 5, 20, 20)}, '2': {'team': 'LV', 'date': datetime.datetime(2024, 9, 15, 13, 0)}, '3': {'team': 'DAL', 'date': datetime.datetime(2024, 9, 22, 16, 25)}, '4': {'team': 'BUF', 'date': datetime.datetime(2024, 9, 29, 20, 20)}, '5': {'team': 'CIN', 'date': datetime.datetime(2024, 10, 6, 13, 0)}, '6': {'team': 'WSH', 'date': datetime.datetime(2024, 10, 13, 13, 0)}, '7': {'team': 'TB', 'date': datetime.datetime(2024, 10, 21, 20, 15)}, '8': {'team': 'CLE', 'date': datetime.datetime(2024, 10, 27, 13, 0)}, '9': {'team': 'DEN', 'date': datetime.datetime(2024, 11, 3, 13, 0)}, '10': {'team': 'CIN', 'date': datetime.datetime(2024, 11, 7, 20, 15)}, '11': {'team': 'PIT', 'date': datetime.datetime(2024, 11, 17, 13, 0)}, '12': {'team': 'LAC', 'date': datetime.datetime(2024, 11, 25, 20, 15)}, '13': {'team': 'PHI', 'date': datetime.datetime(2024, 12, 1, 16, 25)}, '15': {'team': 'NYG', 'date': datetime.datetime(2024, 12, 15, 13, 0)}, '16': {'team': 'PIT', 'date': datetime.datetime(2024, 12, 21, 16, 30)}, '17': {'team': 'HOU', 'date': datetime.datetime(2024, 12, 25, 16, 30)}, '18': {'team': 'CLE', 'date': datetime.datetime(2025, 1, 4, 16, 30)}}","['RB/WR', 'WR', 'WR/TE', 'RB/WR/TE', 'OP', 'BE', 'IR']",BE,,,,,1.0,,,,,,,,,,,,,,4.0,,,,,,,,,,,,,,,,,,,,,,,,,,,,,,,,,,,,,,,,,,,,,,,,,,,,,,1.0,,,,,,,,,,,,,,,,,,,,,,,,,,,,,,,,,,,,,,,,,,,,,,,,,,,,,,,,,,,,,,,,,,,,,,,,,,,,,,,,,,,,,,,,,,,,,,,,,,,,,,,,,,,,,,,,,,,,,,,,,,,,,,,,,,,,,,,,,,,,,,,,,,,,,,,,,,,,,,,,,,,,,,,,2024,,,,,35.0,,,,,,,,,,,,,,,,,,,,,,,,,,,,,,39.3190516,,
87.0,5.8,167.82,11.99,113.0,29.13333333,4.0,82.0,38.0,16.0,9.0,2.0,,17.0,4.0,,,,,3.86725664,21.0,7.93333333,,21.0,8.0,2.0,1.0,,,24.0,178.0,5.66666667,2.0,2.0,2.0,2.0,2.0,1.0,1.0,2.0,13.0,24.0,4.0,,15.0,187.656962,56.43586622,4.664889092,0.226259279,160.0,80.0,40.0,32.0,16.0,37.0,18.0,0.379575971,0.26570318,1.67086843,0.057020329,4.263425077,15.86753895,0.595532209,0.033888617,0.033891161,0.022147874,44.0,22.0,11.0,8.0,4.0,35.49750653,,,0.084555076,0.002615105,46.43655874,6.33694367,0.260147896,0.0083529,1.596407291,0.301979088,1.898386379,0.734347354,0.169108289,0.903455643,0.903455643,14.17647059,Devin Singletary,NYG,DRAFT,45,4040761,15,Mendes Army,RB,"{'1': {'team': 'MIN', 'date': datetime.datetime(2024, 9, 8, 13, 0)}, '2': {'team': 'WSH', 'date': datetime.datetime(2024, 9, 15, 13, 0)}, '3': {'team': 'CLE', 'date': datetime.datetime(2024, 9, 22, 13, 0)}, '4': {'team': 'DAL', 'date': datetime.datetime(2024, 9, 26, 20, 15)}, '5': {'team': 'SEA', 'date': datetime.datetime(2024, 10, 6, 16, 25)}, '6': {'team': 'CIN', 'date': datetime.datetime(2024, 10, 13, 20, 20)}, '7': {'team': 'PHI', 'date': datetime.datetime(2024, 10, 20, 13, 0)}, '8': {'team': 'PIT', 'date': datetime.datetime(2024, 10, 28, 20, 15)}, '9': {'team': 'WSH', 'date': datetime.datetime(2024, 11, 3, 13, 0)}, '10': {'team': 'CAR', 'date': datetime.datetime(2024, 11, 10, 9, 30)}, '12': {'team': 'TB', 'date': datetime.datetime(2024, 11, 24, 13, 0)}, '13': {'team': 'DAL', 'date': datetime.datetime(2024, 11, 28, 16, 30)}, '14': {'team': 'NO', 'date': datetime.datetime(2024, 12, 8, 13, 0)}, '15': {'team': 'BAL', 'date': datetime.datetime(2024, 12, 15, 13, 0)}, '16': {'team': 'ATL', 'date': datetime.datetime(2024, 12, 22, 13, 0)}, '17': {'team': 'IND', 'date': datetime.datetime(2024, 12, 29, 13, 0)}, '18': {'team': 'PHI', 'date': datetime.datetime(2025, 1, 5, 13, 0)}}","['RB', 'RB/WR', 'RB/WR/TE', 'OP', 'BE', 'IR']",RB,,,,,,,,,,,,,,,,,,,,,,,,,,,,,,,,,,,,,,,,,,,,,,,,,,,,,,,,,,,,,,,,,,,,,,,,,,,,,,,,,,,,,,,,,,,,,,,,,,,,,,,,,,,,,,,,,,,,,,,,,,,,,,,,,,,,,,,,,,,,,,,,,,,,,,,,,,,,,,,,,,,,,,,,,,,,,,,,,,,,,,,,,,,,,,,,,,,,,,,,,,,,,,,,,,,,,,,,,,,,,,,,,,,,,,,,,,,,,,,,,2024,,,,24.0,4.0,,,,,,,,,,,,,,,,,,,,,,,,,,,,,43.96476124,13.38798464,,
113.0,6.65,169.81,12.13,,,,,,,,,,,,,,,,,49.0,35.29411765,2.0,115.0,52.0,23.0,15.0,5.0,3.0,74.0,134.0,12.24489796,,,,,,,,10.0,7.0,12.0,,1.0,17.0,,,,,,,,,,,,,,,,,52.34836485,4.205391499,0.225577598,0.152033687,0.099354015,153.0,76.0,38.0,30.0,15.0,69.08729355,,,1.235251409,0.038203652,100.6406173,11.07598637,0.225577598,0.003873542,,0.880350439,0.880350439,,0.492996246,0.492996246,0.492996246,14.61764706,Tyler Lockett,None,DRAFT,67,2577327,15,Mendes Army,BE,{},"['RB/WR', 'WR', 'WR/TE', 'RB/WR/TE', 'OP', 'BE', 'IR']",BE,,,,,,,,,,,,,,,,,,,1.0,,,,,,,,,,,,,,,,,,,,,,,,,,,,,,,,,,,,,,,,,,,,,,,,,,,,,,,,,,,,,,,,,,,,,,,,,,,,,,,,,,,,,,,,,,,,,,,,,,,,,,,,,,,,,,,,,,,,,,,,,,,,,,,,,,,,,,,,,,,,,,,,,,,,,,,,,,,,,,,,,,,,,,,,,,,,,,,,,,,,,,,,,,,,,,,,,,,,,,,,,,,,,,,,,,,,,,,,,,,,,,2024,,,,,36.0,,,,,,,,,,,,,,,,,,,,,,,,,,,,,,37.4187008,,
126.0,9.69,134.43,8.96,,,,,,,,,,,,,,,,,46.0,46.23076923,4.0,114.0,54.0,23.0,17.0,6.0,2.0,72.0,135.0,13.06521739,,,,,,1.0,1.0,9.0,4.0,26.0,,,13.0,,,,,,,,,,,,,,,,,38.85894285,4.723436517,0.223988654,0.143482334,0.093765705,117.0,58.0,29.0,23.0,11.0,48.70754356,,,0.597738181,0.018486748,78.18191908,12.06087887,0.223988654,0.004286264,,0.974150871,0.974150871,,0.545524488,0.545524488,0.545524488,15.11764706,Romeo Doubs,GB,DRAFT,56,4361432,15,Mendes Army,RB/WR/TE,"{'1': {'team': 'PHI', 'date': datetime.datetime(2024, 9, 6, 20, 15)}, '2': {'team': 'IND', 'date': datetime.datetime(2024, 9, 15, 13, 0)}, '3': {'team': 'TEN', 'date': datetime.datetime(2024, 9, 22, 13, 0)}, '4': {'team': 'MIN', 'date': datetime.datetime(2024, 9, 29, 13, 0)}, '5': {'team': 'LAR', 'date': datetime.datetime(2024, 10, 6, 16, 25)}, '6': {'team': 'ARI', 'date': datetime.datetime(2024, 10, 13, 13, 0)}, '7': {'team': 'HOU', 'date': datetime.datetime(2024, 10, 20, 13, 0)}, '8': {'team': 'JAX', 'date': datetime.datetime(2024, 10, 27, 13, 0)}, '9': {'team': 'DET', 'date': datetime.datetime(2024, 11, 3, 16, 25)}, '11': {'team': 'CHI', 'date': datetime.datetime(2024, 11, 17, 13, 0)}, '12': {'team': 'SF', 'date': datetime.datetime(2024, 11, 24, 16, 25)}, '13': {'team': 'MIA', 'date': datetime.datetime(2024, 11, 28, 20, 20)}, '14': {'team': 'DET', 'date': datetime.datetime(2024, 12, 5, 20, 15)}, '15': {'team': 'SEA', 'date': datetime.datetime(2024, 12, 15, 20, 20)}, '16': {'team': 'NO', 'date': datetime.datetime(2024, 12, 23, 20, 15)}, '17': {'team': 'MIN', 'date': datetime.datetime(2024, 12, 29, 16, 25)}, '18': {'team': 'CHI', 'date': datetime.datetime(2025, 1, 5, 13, 0)}}","['RB/WR', 'WR', 'WR/TE', 'RB/WR/TE', 'OP', 'BE', 'IR']",RB/WR/TE,,,,,,,,,,,,,,,,,,,,2.0,,,,,,,,,,,,,,,,,,,,,,,,,,,,,,,,,,,,,,,,,,,,,,,,,,,1.0,,2.0,,,,,,,,,,,,,,,,,,,,,,,,,,,,,,,,,,,,,,,,,,,,,,,,,,,,,,,,,,,,,,,,,,,,,,,,,,,,,,,,,,,,,,,,,,,,,,,,,,,,,,,,,,,,,,,,,,,,,,,,,,,,,,,,,,,,,,,,,,,,,,,,,,,,,,,,,,,,,,,,,,,,,,,,2024,,,,,33.0,,,,,,,,,,,,,,,,,,,,,,,,,,,,,,28.08355846,,
41.0,2.56,43.3,3.09,32.0,9.5625,1.0,29.0,14.0,6.0,5.0,2.0,,4.0,1.0,,,,,4.78125,11.0,3.8125,1.0,10.0,4.0,1.0,1.0,,,15.0,67.0,5.54545455,,,,,,2.0,4.0,8.0,8.0,12.0,1.0,,16.0,47.96050776,14.49143307,1.461946528,0.051633013,41.0,20.0,10.0,8.0,4.0,9.0,4.0,0.09032819,0.063229733,0.111779662,0.003814611,4.283469554,3.966407568,0.296671849,0.021617542,0.037092704,0.024240082,11.0,5.0,2.0,2.0,1.0,8.045339884,,,0.027952397,0.000864507,10.64635302,6.989096922,0.073250555,0.002098848,0.408487384,0.068523458,0.477010842,0.187904197,0.038373136,0.226277333,0.226277333,14.17647059,Tyler Goodson,IND,ADD,69,4429676,15,Mendes Army,BE,"{'1': {'team': 'HOU', 'date': datetime.datetime(2024, 9, 8, 13, 0)}, '2': {'team': 'GB', 'date': datetime.datetime(2024, 9, 15, 13, 0)}, '3': {'team': 'CHI', 'date': datetime.datetime(2024, 9, 22, 13, 0)}, '4': {'team': 'PIT', 'date': datetime.datetime(2024, 9, 29, 13, 0)}, '5': {'team': 'JAX', 'date': datetime.datetime(2024, 10, 6, 13, 0)}, '6': {'team': 'TEN', 'date': datetime.datetime(2024, 10, 13, 13, 0)}, '7': {'team': 'MIA', 'date': datetime.datetime(2024, 10, 20, 13, 0)}, '8': {'team': 'HOU', 'date': datetime.datetime(2024, 10, 27, 13, 0)}, '9': {'team': 'MIN', 'date': datetime.datetime(2024, 11, 3, 20, 20)}, '10': {'team': 'BUF', 'date': datetime.datetime(2024, 11, 10, 13, 0)}, '11': {'team': 'NYJ', 'date': datetime.datetime(2024, 11, 17, 13, 0)}, '12': {'team': 'DET', 'date': datetime.datetime(2024, 11, 24, 13, 0)}, '13': {'team': 'NE', 'date': datetime.datetime(2024, 12, 1, 13, 0)}, '15': {'team': 'DEN', 'date': datetime.datetime(2024, 12, 15, 16, 25)}, '16': {'team': 'TEN', 'date': datetime.datetime(2024, 12, 22, 13, 0)}, '17': {'team': 'NYG', 'date': datetime.datetime(2024, 12, 29, 13, 0)}, '18': {'team': 'JAX', 'date': datetime.datetime(2025, 1, 5, 13, 0)}}","['RB', 'RB/WR', 'RB/WR/TE', 'OP', 'BE', 'IR']",BE,,,,,,,237.0,20.0,7.0,,,,,,,,,,1.0,,,,,,,,,,,,,,,,,,,,,,,,,,,,,,,,,,,,,,,,,,,,,,,,,,,,,,,2.0,,,,,,,,,,,,,,,,,,,,,,,,,,,,,,,,,,,,,,,,,,,,,,,,,,,,,,,,,,,,,,,,,,,,,,,,,,,,,,,,,,,,,,,,,,,,,,,,,,,,,,,,,,,,,,,,,,,,,,,,,,,,,,,,,,,,,,,,,,,,,,,,,,,,,,,,,,,,,,,,,,,,,,,2024,,,,6.0,3.0,,,,,,,,,,,,,,,,,,,,,,,,,,,,,13.01228609,2.355995309,,
138.0,8.62,110.25,7.35,,,,,,,,,,,,,,,,,66.0,42.125,2.0,128.0,60.0,26.0,20.0,6.0,7.0,97.0,268.0,10.21212121,,,,,,,,3.0,13.0,12.0,,,16.0,,,,,,,,,,,,,,,,,28.9659273,3.754539451,0.203368638,0.073649736,0.048130102,87.0,43.0,21.0,17.0,8.0,44.82427143,,,0.27561068,0.008524042,68.1305777,9.769186463,0.203368638,0.002056351,,0.467352598,0.467352598,,0.261717455,0.261717455,0.261717455,15.11764706,Hunter Henry,NE,ADD,12,3046439,15,Mendes Army,TE,"{'1': {'team': 'CIN', 'date': datetime.datetime(2024, 9, 8, 13, 0)}, '2': {'team': 'SEA', 'date': datetime.datetime(2024, 9, 15, 13, 0)}, '3': {'team': 'NYJ', 'date': datetime.datetime(2024, 9, 19, 20, 15)}, '4': {'team': 'SF', 'date': datetime.datetime(2024, 9, 29, 16, 5)}, '5': {'team': 'MIA', 'date': datetime.datetime(2024, 10, 6, 13, 0)}, '6': {'team': 'HOU', 'date': datetime.datetime(2024, 10, 13, 13, 0)}, '7': {'team': 'JAX', 'date': datetime.datetime(2024, 10, 20, 9, 30)}, '8': {'team': 'NYJ', 'date': datetime.datetime(2024, 10, 27, 13, 0)}, '9': {'team': 'TEN', 'date': datetime.datetime(2024, 11, 3, 13, 0)}, '10': {'team': 'CHI', 'date': datetime.datetime(2024, 11, 10, 13, 0)}, '11': {'team': 'LAR', 'date': datetime.datetime(2024, 11, 17, 13, 0)}, '12': {'team': 'MIA', 'date': datetime.datetime(2024, 11, 24, 13, 0)}, '13': {'team': 'IND', 'date': datetime.datetime(2024, 12, 1, 13, 0)}, '15': {'team': 'ARI', 'date': datetime.datetime(2024, 12, 15, 16, 25)}, '16': {'team': 'BUF', 'date': datetime.datetime(2024, 12, 22, 16, 25)}, '17': {'team': 'LAC', 'date': datetime.datetime(2024, 12, 28, 13, 0)}, '18': {'team': 'BUF', 'date': datetime.datetime(2025, 1, 5, 13, 0)}}","['WR/TE', 'TE', 'RB/WR/TE', 'OP', 'BE', 'IR']",TE,,,1.0,1.0,,,,,,,,,,,,,,,2.0,,,,,,,,,,,,,,,,,,,,,,,,,,,,,,,,,,,,,,,,,,,,,,,,,,,,,,,,,,,,,,,,,,,,,,,,,,,,,,,,,,,,,,,,,,,,,,,,,,,,,,,,,,,,,,,,,,,,,,,,,,,,,,,,,,,,,,,,,,,,,,,,,,,,,,,,,,,,,,,,,,,,,,,,,,,,,,,,,,,,,,,,,,,,,,,,,,,,,,,,,,,,,,,,,,,,,,,,,,,,,,2024,,,,,40.0,,,,,,,,,,,,,,,,,,,,,,,,,,,,,,22.67798169,,
119.0,7.0,105.69,6.22,,,,,,,,,,,,,,,,,,,,,,,,,,,,,,,,,,635.0,1031.0,14.0,3.0,,,,17.0,,,,,,,,,,,,,,,,,,,,,,,,,,,,,,,,,,,,,,,,,,,17.0,Eagles D/ST,PHI,ADD,6,-16021,15,Mendes Army,D/ST,"{'1': {'team': 'GB', 'date': datetime.datetime(2024, 9, 6, 20, 15)}, '2': {'team': 'ATL', 'date': datetime.datetime(2024, 9, 16, 20, 15)}, '3': {'team': 'NO', 'date': datetime.datetime(2024, 9, 22, 13, 0)}, '4': {'team': 'TB', 'date': datetime.datetime(2024, 9, 29, 13, 0)}, '6': {'team': 'CLE', 'date': datetime.datetime(2024, 10, 13, 13, 0)}, '7': {'team': 'NYG', 'date': datetime.datetime(2024, 10, 20, 13, 0)}, '8': {'team': 'CIN', 'date': datetime.datetime(2024, 10, 27, 13, 0)}, '9': {'team': 'JAX', 'date': datetime.datetime(2024, 11, 3, 16, 5)}, '10': {'team': 'DAL', 'date': datetime.datetime(2024, 11, 10, 16, 25)}, '11': {'team': 'WSH', 'date': datetime.datetime(2024, 11, 14, 20, 15)}, '12': {'team': 'LAR', 'date': datetime.datetime(2024, 11, 24, 20, 20)}, '13': {'team': 'BAL', 'date': datetime.datetime(2024, 12, 1, 16, 25)}, '14': {'team': 'CAR', 'date': datetime.datetime(2024, 12, 8, 13, 0)}, '15': {'team': 'PIT', 'date': datetime.datetime(2024, 12, 15, 16, 25)}, '16': {'team': 'WSH', 'date': datetime.datetime(2024, 12, 22, 13, 0)}, '17': {'team': 'DAL', 'date': datetime.datetime(2024, 12, 29, 13, 0)}, '18': {'team': 'NYG', 'date': datetime.datetime(2025, 1, 5, 13, 0)}}","['D/ST', 'BE', 'IR']",D/ST,,,,,,,875.0,80.0,29.0,0.507008771,0.13851,1657.1239,347.0307692,165.0,66.0,34.0,13.0,,,,,,,,,,,,,,,,,,,,,,,,,,,,,,,,,,,,,,,,,,,,,,,,,,,,,,,,,396.0,,,22.0,,,,,,,,,,,,,,,,,,,,,,,,,,,,,,,,,,,13.0,0.0,2.0,4.0,4.0,1.0,13.0,1.0,,41.0,82.0,,,1.0,1.0,336.0,199.0,66.0,90.0,257.0,20.0,6.0,297.0,3.0,1.0,2.0,1.0,4732.0,0.0,3.0,8.0,1.0,3.0,2.0,0.0,0.0,0.0,0.0,2.0,4.0,4.0,3.0,1.0,2.0,1.0,0.151269746,0.679864027,2.566486703,2.583483303,0.112137887,1.847890702,15.00732024,9.126227145,1.834388413,0.224041258,46.88938377,93.77876754,1.278559069,0.569331633,2.60554736,11.49269628,1040.794349,346.0,208.0,84.81506612,382.1690146,2.464507099,3.858228354,2.99140172,1.512697461,0.192061588,22.48053027,6127.022098,0.169745382,2.036944583,3.055416875,4.328507239,3.819271093,2.376435347,0.933599601,0.28007988,360.4130646,,,,,,,,,,,,,,,,,,,,,,,,,,,,,,,,,,,,,,,,,,,,,,,,2024,1.0,,,,,,,,,,,,,,,,,,,,,,,,,,,,,,,,,,,,36.64694977
300.0,17.65,191.67,13.69,92.0,25.29411765,4.0,82.0,36.0,16.0,12.0,2.0,,12.0,1.0,,,,,4.67391304,1.0,0.11764706,1.0,,,,,,,1.0,,2.0,1.0,3.0,,,12.0,,,10.0,7.0,204.0,4.0,,17.0,44.4200624,13.52854104,1.826268412,0.11061506,37.0,18.0,9.0,7.0,3.0,8.0,4.0,0.08385348,0.058697436,0.111310926,0.003798615,4.263829547,,,,,,,,,,,,,,,,,,1.035428093,0.033644139,0.595910436,,7.64639514,0.274118801,,3.658351459,16.40329307,14.0,Bo Nix,DEN,ADD,8,4426338,15,Mendes Army,BE,"{'1': {'team': 'SEA', 'date': datetime.datetime(2024, 9, 8, 16, 5)}, '2': {'team': 'PIT', 'date': datetime.datetime(2024, 9, 15, 16, 25)}, '3': {'team': 'TB', 'date': datetime.datetime(2024, 9, 22, 13, 0)}, '4': {'team': 'NYJ', 'date': datetime.datetime(2024, 9, 29, 13, 0)}, '5': {'team': 'LV', 'date': datetime.datetime(2024, 10, 6, 16, 5)}, '6': {'team': 'LAC', 'date': datetime.datetime(2024, 10, 13, 16, 5)}, '7': {'team': 'NO', 'date': datetime.datetime(2024, 10, 17, 20, 15)}, '8': {'team': 'CAR', 'date': datetime.datetime(2024, 10, 27, 16, 25)}, '9': {'team': 'BAL', 'date': datetime.datetime(2024, 11, 3, 13, 0)}, '10': {'team': 'KC', 'date': datetime.datetime(2024, 11, 10, 13, 0)}, '11': {'team': 'ATL', 'date': datetime.datetime(2024, 11, 17, 16, 5)}, '12': {'team': 'LV', 'date': datetime.datetime(2024, 11, 24, 16, 5)}, '13': {'team': 'CLE', 'date': datetime.datetime(2024, 12, 2, 20, 15)}, '15': {'team': 'IND', 'date': datetime.datetime(2024, 12, 15, 16, 25)}, '16': {'team': 'LAC', 'date': datetime.datetime(2024, 12, 19, 20, 15)}, '17': {'team': 'CIN', 'date': datetime.datetime(2024, 12, 28, 16, 30)}, '18': {'team': 'KC', 'date': datetime.datetime(2025, 1, 5, 16, 25)}}","['Rookie', 'QB', 'OP', 'BE', 'IR']",BE,,,,,,,,,,,,,,,,,,,1.0,,567.0,376.0,191.0,222.05882353,29.0,748.0,370.0,181.0,141.0,68.0,31.0,68.0,28.0,31.0,11.0,3.0,2.0,2.0,,12.0,0.66313933,24.0,3.0,14.0,8.0,2.0,2.0,488.937943,304.7538942,184.1840488,225.2608192,16.81141767,630.0,315.0,157.0,126.0,63.0,31.0,60.0,30.0,2.433281203,1.590149266,2.144337585,0.289643783,0.924813034,12.74494161,0.623297698,36.6158174,7.050484704,3.384232658,,,,,,,,,,,,,,,,,,,,,,,,,,,,,,,,,,,,,,,,,,,,,,,,,,,,,,,,,,,,,,,,,,,,,,,,,,,,,,,,,,,,,,,,,,,,,,,,,,,,,,,,,,,,,,,,,,,,,,,,,,,,,,,,,,,,,,,,,,,,,,,,,,,,,,,,,,,,,,,,,,,,,,,,,,,2024,,,170.0,41.0,1.0,,,,,,,,,,,,,,,,,,,,,,,,,,,,,12.16162866,,157.2154488,
125.0,9.62,125.13,7.36,,,,,,,,,,,,,,,,,,,,,,,,,,,,,,,,,,,,10.0,3.0,110.0,,,13.0,,,,,,,,,,,,,,,,,,,,,,,,,,,,,,,,,,,,,,,,,,,17.0,Will Reichard,MIN,ADD,17,4567104,15,Mendes Army,K,"{'1': {'team': 'NYG', 'date': datetime.datetime(2024, 9, 8, 13, 0)}, '2': {'team': 'SF', 'date': datetime.datetime(2024, 9, 15, 13, 0)}, '3': {'team': 'HOU', 'date': datetime.datetime(2024, 9, 22, 13, 0)}, '4': {'team': 'GB', 'date': datetime.datetime(2024, 9, 29, 13, 0)}, '5': {'team': 'NYJ', 'date': datetime.datetime(2024, 10, 6, 9, 30)}, '7': {'team': 'DET', 'date': datetime.datetime(2024, 10, 20, 13, 0)}, '8': {'team': 'LAR', 'date': datetime.datetime(2024, 10, 24, 20, 15)}, '9': {'team': 'IND', 'date': datetime.datetime(2024, 11, 3, 20, 20)}, '10': {'team': 'JAX', 'date': datetime.datetime(2024, 11, 10, 13, 0)}, '11': {'team': 'TEN', 'date': datetime.datetime(2024, 11, 17, 13, 0)}, '12': {'team': 'CHI', 'date': datetime.datetime(2024, 11, 24, 13, 0)}, '13': {'team': 'ARI', 'date': datetime.datetime(2024, 12, 1, 13, 0)}, '14': {'team': 'ATL', 'date': datetime.datetime(2024, 12, 8, 13, 0)}, '15': {'team': 'CHI', 'date': datetime.datetime(2024, 12, 16, 20, 0)}, '16': {'team': 'SEA', 'date': datetime.datetime(2024, 12, 22, 16, 5)}, '17': {'team': 'GB', 'date': datetime.datetime(2024, 12, 29, 16, 25)}, '18': {'team': 'DET', 'date': datetime.datetime(2025, 1, 5, 20, 20)}}","['Rookie', 'K', 'BE', 'IR']",K,,,,,,,,,,,,,,,,,,,,,,,,,,,,,,,,,,,,,,,,,,,,,,,,,,,,,,,,,,,,,,,,,,,,,,,,,,,,,,8.0,11.0,5.0,7.0,2.0,11.0,12.0,1.0,24.0,30.0,6.0,38.0,38.0,,8.0,11.0,4.429929506,6.621718245,2.191788739,7.203314904,9.211400134,2.008085229,16.01554344,16.94766501,0.932121576,27.64878785,32.78078339,5.131995544,31.25251353,33.38943753,2.136924002,4.429929506,6.621718245,2.191788739,,,,,,,,,,,,,,,,,,,,,,,,,,,,,,,,,,,,,,,,,,,,,,,,,,,,,,,,,,,,,,,,,,,,,,,,,,,,,,,,,,,,,,,3.0,3.0,,,,,,,,,,,,,,,,,,,,,,,,,,,,,,,,,,,,,,,,,,2024,,,,,,978.0,282.0,1260.0,191.0,92.0,44.0,35.0,14.0,5.0,55.0,27.0,13.0,10.0,4.0,246.0,119.0,57.0,45.0,18.0,6.0,,1.0,1043.831667,236.6840745,1280.515742,,,,,,,
52.0,7.43,231.64,16.55,83.0,44.28571429,1.0,60.0,28.0,12.0,9.0,2.0,,13.0,4.0,,,,,3.73493976,12.0,11.28571429,,15.0,6.0,2.0,1.0,,1.0,16.0,119.0,6.58333333,,,,,,,,7.0,,6.0,1.0,,7.0,220.3874506,69.04529045,8.211262923,0.430583491,195.0,97.0,48.0,39.0,19.0,44.0,22.0,0.452846538,0.316992577,2.487381105,0.084884774,4.441353293,20.47273277,2.058188454,0.067368238,0.039044639,0.025515672,58.0,29.0,14.0,11.0,5.0,45.4251363,,,0.119594603,0.003698802,54.05210498,6.3892179,0.497951729,0.011356752,2.139995147,0.441084876,2.581080023,0.984397768,0.24700753,1.231405298,1.231405298,14.17647059,Isiah Pacheco,KC,DRAFT,61,4361529,16,Deb’s Debsters,RB,"{'1': {'team': 'BAL', 'date': datetime.datetime(2024, 9, 5, 20, 20)}, '2': {'team': 'CIN', 'date': datetime.datetime(2024, 9, 15, 16, 25)}, '3': {'team': 'ATL', 'date': datetime.datetime(2024, 9, 22, 20, 20)}, '4': {'team': 'LAC', 'date': datetime.datetime(2024, 9, 29, 16, 25)}, '5': {'team': 'NO', 'date': datetime.datetime(2024, 10, 7, 20, 15)}, '7': {'team': 'SF', 'date': datetime.datetime(2024, 10, 20, 16, 25)}, '8': {'team': 'LV', 'date': datetime.datetime(2024, 10, 27, 16, 25)}, '9': {'team': 'TB', 'date': datetime.datetime(2024, 11, 4, 20, 15)}, '10': {'team': 'DEN', 'date': datetime.datetime(2024, 11, 10, 13, 0)}, '11': {'team': 'BUF', 'date': datetime.datetime(2024, 11, 17, 16, 25)}, '12': {'team': 'CAR', 'date': datetime.datetime(2024, 11, 24, 13, 0)}, '13': {'team': 'LV', 'date': datetime.datetime(2024, 11, 29, 15, 0)}, '14': {'team': 'LAC', 'date': datetime.datetime(2024, 12, 8, 20, 20)}, '15': {'team': 'CLE', 'date': datetime.datetime(2024, 12, 15, 13, 0)}, '16': {'team': 'HOU', 'date': datetime.datetime(2024, 12, 21, 13, 0)}, '17': {'team': 'PIT', 'date': datetime.datetime(2024, 12, 25, 13, 0)}, '18': {'team': 'DEN', 'date': datetime.datetime(2025, 1, 5, 16, 25)}}","['RB', 'RB/WR', 'RB/WR/TE', 'OP', 'BE', 'IR']",RB,,,,,,,,,,,,,,,,,,,,,,,,,,,,,,,,,,,,,,,,,,,,,,,,,,,,,,,,,,,,,,,,,,,,,,,,,,,,,,,,,,,,,,,,,,,,,,,,,,,,,,,,,,,,,,,,,,,,,,,,,,,,,,,,,,,,,,,,,,,,,,,,,,,,,,,,,,,,,,,,,,,,,,,,,,,,,,,,,,,,,,,,,,,,,,,,,,,,,,,,,,,,,,,,,,,,,,,,,,,,,,,,,,,,,,,,,,,,,,,,,2024,,,,14.0,4.0,,,,,,,,,,,,,,,,,,,,,,,,,,,,,54.63286273,18.04923691,,
267.0,16.69,306.69,20.45,58.0,19.1875,2.0,53.0,23.0,7.0,5.0,1.0,,7.0,,,,,,5.29310345,1.0,0.125,,,,,,,,1.0,3.0,2.0,1.0,2.0,,,11.0,,,15.0,1.0,168.0,1.0,,16.0,62.15218776,22.4715981,0.980564234,0.051420623,67.0,33.0,16.0,13.0,6.0,12.0,6.0,0.118349478,0.082844635,0.330211376,0.011268847,5.423364545,,,,,,,,,,,,,,,,,,1.138752,0.031014314,0.683846687,,7.048707649,0.314569476,,3.369702738,14.29447168,15.0,Patrick Mahomes,KC,DRAFT,12,3139477,16,Deb’s Debsters,QB,"{'1': {'team': 'BAL', 'date': datetime.datetime(2024, 9, 5, 20, 20)}, '2': {'team': 'CIN', 'date': datetime.datetime(2024, 9, 15, 16, 25)}, '3': {'team': 'ATL', 'date': datetime.datetime(2024, 9, 22, 20, 20)}, '4': {'team': 'LAC', 'date': datetime.datetime(2024, 9, 29, 16, 25)}, '5': {'team': 'NO', 'date': datetime.datetime(2024, 10, 7, 20, 15)}, '7': {'team': 'SF', 'date': datetime.datetime(2024, 10, 20, 16, 25)}, '8': {'team': 'LV', 'date': datetime.datetime(2024, 10, 27, 16, 25)}, '9': {'team': 'TB', 'date': datetime.datetime(2024, 11, 4, 20, 15)}, '10': {'team': 'DEN', 'date': datetime.datetime(2024, 11, 10, 13, 0)}, '11': {'team': 'BUF', 'date': datetime.datetime(2024, 11, 17, 16, 25)}, '12': {'team': 'CAR', 'date': datetime.datetime(2024, 11, 24, 13, 0)}, '13': {'team': 'LV', 'date': datetime.datetime(2024, 11, 29, 15, 0)}, '14': {'team': 'LAC', 'date': datetime.datetime(2024, 12, 8, 20, 20)}, '15': {'team': 'CLE', 'date': datetime.datetime(2024, 12, 15, 13, 0)}, '16': {'team': 'HOU', 'date': datetime.datetime(2024, 12, 21, 13, 0)}, '17': {'team': 'PIT', 'date': datetime.datetime(2024, 12, 25, 13, 0)}, '18': {'team': 'DEN', 'date': datetime.datetime(2025, 1, 5, 16, 25)}}","['QB', 'OP', 'BE', 'IR']",QB,,,,,,,,,,,,,,,,,,,,,581.0,392.0,189.0,245.5,26.0,781.0,387.0,189.0,149.0,72.0,31.0,70.0,29.0,32.0,14.0,2.0,1.0,3.0,,11.0,0.6746988,36.0,2.0,16.0,6.0,,2.0,549.4882359,365.8722822,183.6159537,268.8182649,33.23199695,806.0,403.0,201.0,161.0,80.0,40.0,73.0,36.0,3.614036158,2.361772629,4.445314893,0.600445485,1.087331377,10.92476894,0.665841884,28.98942761,6.364860962,3.055133262,,,,,1.0,,,,,,,,,,,,,,,,,,,,,,,,,,,,,,,,,,,,,,,,,,,,,,,,,,,,,,,,,,,,,,,,,,,,,,,,,,,,,,,,,,,,,,,,,,,,,,,,,,,,,,,,,,,,,,,,,,,,,,,,,,,,,,,,,,,,,,,,,,,,,,,,,,,,,,,,,,,,,,,,,,,,,,2024,,,214.0,22.0,,,,,,,,,,,,,,,,,,,,,,,,,,,,,,17.71659286,,200.4507926,
228.0,16.29,217.21,15.51,245.0,72.57142857,11.0,198.0,95.0,46.0,35.0,16.0,7.0,44.0,19.0,1.0,,7.0,,4.14693878,36.0,22.07142857,1.0,55.0,25.0,9.0,6.0,,2.0,52.0,360.0,8.58333333,,,,,,1.0,1.0,8.0,6.0,72.0,8.0,,14.0,214.9335968,62.39544763,6.704750215,0.418759291,176.0,88.0,44.0,35.0,17.0,42.0,21.0,0.440579165,0.308405416,2.035700676,0.069470654,4.115444217,21.13284385,2.90449793,0.137547029,0.042362537,0.027683918,59.0,29.0,14.0,11.0,5.0,42.5976771,,,0.126173819,0.003902283,53.81769108,7.032992398,0.55630632,0.005505894,1.044358253,0.206981302,1.251339554,0.480404796,0.115909529,0.596314325,0.596314325,14.17647059,Joe Mixon,HOU,DRAFT,15,3116385,16,Deb’s Debsters,RB,"{'1': {'team': 'IND', 'date': datetime.datetime(2024, 9, 8, 13, 0)}, '2': {'team': 'CHI', 'date': datetime.datetime(2024, 9, 15, 20, 20)}, '3': {'team': 'MIN', 'date': datetime.datetime(2024, 9, 22, 13, 0)}, '4': {'team': 'JAX', 'date': datetime.datetime(2024, 9, 29, 13, 0)}, '5': {'team': 'BUF', 'date': datetime.datetime(2024, 10, 6, 13, 0)}, '6': {'team': 'NE', 'date': datetime.datetime(2024, 10, 13, 13, 0)}, '7': {'team': 'GB', 'date': datetime.datetime(2024, 10, 20, 13, 0)}, '8': {'team': 'IND', 'date': datetime.datetime(2024, 10, 27, 13, 0)}, '9': {'team': 'NYJ', 'date': datetime.datetime(2024, 10, 31, 20, 15)}, '10': {'team': 'DET', 'date': datetime.datetime(2024, 11, 10, 20, 20)}, '11': {'team': 'DAL', 'date': datetime.datetime(2024, 11, 18, 20, 15)}, '12': {'team': 'TEN', 'date': datetime.datetime(2024, 11, 24, 13, 0)}, '13': {'team': 'JAX', 'date': datetime.datetime(2024, 12, 1, 13, 0)}, '15': {'team': 'MIA', 'date': datetime.datetime(2024, 12, 15, 13, 0)}, '16': {'team': 'KC', 'date': datetime.datetime(2024, 12, 21, 13, 0)}, '17': {'team': 'BAL', 'date': datetime.datetime(2024, 12, 25, 16, 30)}, '18': {'team': 'TEN', 'date': datetime.datetime(2025, 1, 5, 13, 0)}}","['RB', 'RB/WR', 'RB/WR/TE', 'OP', 'BE', 'IR']",RB,,,,,,,,,,,,,,,,,,,,,1.0,,1.0,,,,,,,,,,,,,,,,,,,,,,,,,,,,,,,,,,,,,,,,,,,,,,,,,,1.0,,1.0,1.0,,,,,,,,,,,,,,,,,,,,,,,,,,,,,,,,,,,,,,,,,,,,,,,,,,,,,,,,,,,,,,,,,,,,,,,,,,,,,,,,,,,,,,,,,,,,,,,,,,,,,,,,,,,,,,,,,,,,,,,,,,,,,,,,,,,,,,,,,,,,,,,,,,,,,,,,,,,,,,,,,,,,,2024,,,,52.0,12.0,,,,,,,,,,,,,,,,,,,,,,,,,,,,,49.9953151,18.00889305,,
171.0,14.25,217.11,14.47,2.0,0.83333333,,2.0,1.0,,,,,,,,,,,5.0,67.0,59.16666667,6.0,138.0,67.0,31.0,24.0,10.0,9.0,100.0,269.0,10.59701493,,1.0,,,,,,8.0,4.0,36.0,,,12.0,2.068957214,0.791200224,0.103571293,0.00514178,2.0,1.0,,,,,,0.00379856,0.002658992,0.000283824,9.68581e-06,5.781214641,65.91916463,6.483296614,0.347238359,0.232005605,0.151615663,199.0,99.0,49.0,39.0,19.0,78.10235447,,,2.496563142,0.077213293,118.0807891,12.7594446,0.352380139,0.004933584,0.028936258,1.092332839,1.121269097,0.013310679,0.61170639,0.625017068,0.625017068,15.11764706,Cooper Kupp,SEA,DRAFT,38,2977187,16,Deb’s Debsters,WR,"{'1': {'team': 'DEN', 'date': datetime.datetime(2024, 9, 8, 16, 5)}, '2': {'team': 'NE', 'date': datetime.datetime(2024, 9, 15, 13, 0)}, '3': {'team': 'MIA', 'date': datetime.datetime(2024, 9, 22, 16, 5)}, '4': {'team': 'DET', 'date': datetime.datetime(2024, 9, 30, 20, 15)}, '5': {'team': 'NYG', 'date': datetime.datetime(2024, 10, 6, 16, 25)}, '6': {'team': 'SF', 'date': datetime.datetime(2024, 10, 10, 20, 15)}, '7': {'team': 'ATL', 'date': datetime.datetime(2024, 10, 20, 13, 0)}, '8': {'team': 'BUF', 'date': datetime.datetime(2024, 10, 27, 16, 5)}, '9': {'team': 'LAR', 'date': datetime.datetime(2024, 11, 3, 16, 25)}, '11': {'team': 'SF', 'date': datetime.datetime(2024, 11, 17, 16, 5)}, '12': {'team': 'ARI', 'date': datetime.datetime(2024, 11, 24, 16, 25)}, '13': {'team': 'NYJ', 'date': datetime.datetime(2024, 12, 1, 13, 0)}, '14': {'team': 'ARI', 'date': datetime.datetime(2024, 12, 8, 16, 5)}, '15': {'team': 'GB', 'date': datetime.datetime(2024, 12, 15, 20, 20)}, '16': {'team': 'MIN', 'date': datetime.datetime(2024, 12, 22, 16, 5)}, '17': {'team': 'CHI', 'date': datetime.datetime(2024, 12, 26, 20, 15)}, '18': {'team': 'LAR', 'date': datetime.datetime(2025, 1, 5, 16, 25)}}","['RB/WR', 'WR', 'WR/TE', 'RB/WR/TE', 'OP', 'BE', 'IR']",WR,1.0,1.0,3.0,3.0,1.0,,,,,,,,,,,,,2.0,3.0,1.0,,,,,,,,,,,,,,,,,,,,,,,,,,,,,,,,,,,,,,,,,,,,,,,,,,,,,1.0,,,,,,,,,,,,,,,,,,,,,,,,,,,,,,,,,,,,,,,,,,,,,,,,,,,,,,,,,,,,,,,,,,,,,,,,,,,,,,,,,,,,,,,,,,,,,,,,,,,,,,,,,,,,,,,,,,,,,,,,,,,,,,,,,,,,,,,,,,,,,,,,,,,,,,,,,,,,,,,,,,,,,,,,2024,,,,1.0,28.0,,,,,,,,,,,,,,,,,,,,,,,,,,,,,2.678767975,46.78425117,,
97.0,7.46,171.75,11.45,,,,,,,,,,,,,,,,,44.0,34.46153846,2.0,84.0,41.0,16.0,12.0,3.0,2.0,75.0,274.0,10.18181818,,1.0,,,,,,11.0,2.0,12.0,,,13.0,,,,,,,,,,,,,,,,,48.59710694,3.980567484,0.211741429,0.116007041,0.075810602,146.0,73.0,36.0,29.0,14.0,75.40164714,,,1.104033373,0.034145362,102.9051559,9.74347297,0.211741429,0.003858807,,0.87700166,0.87700166,,0.491120929,0.491120929,0.491120929,15.11764706,Dalton Kincaid,BUF,DRAFT,29,4385690,16,Deb’s Debsters,RB/WR/TE,"{'1': {'team': 'ARI', 'date': datetime.datetime(2024, 9, 8, 13, 0)}, '2': {'team': 'MIA', 'date': datetime.datetime(2024, 9, 12, 20, 15)}, '3': {'team': 'JAX', 'date': datetime.datetime(2024, 9, 23, 19, 30)}, '4': {'team': 'BAL', 'date': datetime.datetime(2024, 9, 29, 20, 20)}, '5': {'team': 'HOU', 'date': datetime.datetime(2024, 10, 6, 13, 0)}, '6': {'team': 'NYJ', 'date': datetime.datetime(2024, 10, 14, 20, 15)}, '7': {'team': 'TEN', 'date': datetime.datetime(2024, 10, 20, 13, 0)}, '8': {'team': 'SEA', 'date': datetime.datetime(2024, 10, 27, 16, 5)}, '9': {'team': 'MIA', 'date': datetime.datetime(2024, 11, 3, 13, 0)}, '10': {'team': 'IND', 'date': datetime.datetime(2024, 11, 10, 13, 0)}, '11': {'team': 'KC', 'date': datetime.datetime(2024, 11, 17, 16, 25)}, '13': {'team': 'SF', 'date': datetime.datetime(2024, 12, 1, 20, 20)}, '14': {'team': 'LAR', 'date': datetime.datetime(2024, 12, 8, 16, 25)}, '15': {'team': 'DET', 'date': datetime.datetime(2024, 12, 15, 16, 25)}, '16': {'team': 'NE', 'date': datetime.datetime(2024, 12, 22, 16, 25)}, '17': {'team': 'NYJ', 'date': datetime.datetime(2024, 12, 29, 13, 0)}, '18': {'team': 'NE', 'date': datetime.datetime(2025, 1, 5, 13, 0)}}","['WR/TE', 'TE', 'RB/WR/TE', 'OP', 'BE', 'IR']",RB/WR/TE,,,,,1.0,,,,,,,,,,,,,,1.0,,,,,,,,,,,,,,,,,,,,,,,,,,,,,,,,,,,,,,,,,,,,,,,,,,,,,,1.0,,,,,,,,,,,,,,,,,,,,,,,,,,,,,,,,,,,,,,,,,,,,,,,,,,,,,,,,,,,,,,,,,,,,,,,,,,,,,,,,,,,,,,,,,,,,,,,,,,,,,,,,,,,,,,,,,,,,,,,,,,,,,,,,,,,,,,,,,,,,,,,,,,,,,,,,,,,,,,,,,,,,,,,,2024,,,,,23.0,,,,,,,,,,,,,,,,,,,,,,,,,,,,,,37.92395275,,
118.0,8.43,209.15,13.94,,,,,,,,,,,,,,,,,44.0,39.07142857,4.0,107.0,50.0,21.0,16.0,6.0,2.0,85.0,111.0,12.43181818,,,,,,,,8.0,6.0,24.0,,1.0,14.0,,,,,,,,,,,,,,,,,69.09485413,5.414531256,0.291978065,0.269454484,0.176088505,208.0,104.0,52.0,41.0,20.0,73.484537,,,2.809859888,0.086902883,119.432349,14.21457712,0.291978065,0.005664909,,1.287479361,1.287479361,,0.720988442,0.720988442,0.720988442,15.11764706,Amari Cooper,BUF,DRAFT,60,2976499,16,Deb’s Debsters,BE,"{'1': {'team': 'ARI', 'date': datetime.datetime(2024, 9, 8, 13, 0)}, '2': {'team': 'MIA', 'date': datetime.datetime(2024, 9, 12, 20, 15)}, '3': {'team': 'JAX', 'date': datetime.datetime(2024, 9, 23, 19, 30)}, '4': {'team': 'BAL', 'date': datetime.datetime(2024, 9, 29, 20, 20)}, '5': {'team': 'HOU', 'date': datetime.datetime(2024, 10, 6, 13, 0)}, '6': {'team': 'NYJ', 'date': datetime.datetime(2024, 10, 14, 20, 15)}, '7': {'team': 'TEN', 'date': datetime.datetime(2024, 10, 20, 13, 0)}, '8': {'team': 'SEA', 'date': datetime.datetime(2024, 10, 27, 16, 5)}, '9': {'team': 'MIA', 'date': datetime.datetime(2024, 11, 3, 13, 0)}, '10': {'team': 'IND', 'date': datetime.datetime(2024, 11, 10, 13, 0)}, '11': {'team': 'KC', 'date': datetime.datetime(2024, 11, 17, 16, 25)}, '13': {'team': 'SF', 'date': datetime.datetime(2024, 12, 1, 20, 20)}, '14': {'team': 'LAR', 'date': datetime.datetime(2024, 12, 8, 16, 25)}, '15': {'team': 'DET', 'date': datetime.datetime(2024, 12, 15, 16, 25)}, '16': {'team': 'NE', 'date': datetime.datetime(2024, 12, 22, 16, 25)}, '17': {'team': 'NYJ', 'date': datetime.datetime(2024, 12, 29, 13, 0)}, '18': {'team': 'NE', 'date': datetime.datetime(2025, 1, 5, 13, 0)}}","['RB/WR', 'WR', 'WR/TE', 'RB/WR/TE', 'OP', 'BE', 'IR']",BE,,,,,,,,,,,,,,,,,,,1.0,1.0,,,,,,,,,,,,,,,,,,,,,,,,,,,,,,,,,,,,,,,,,,,,,,,,,,,,,1.0,,,,,,,,,,,,,,,,,,,,,,,,,,,,,,,,,,,,,,,,,,,,,,,,,,,,,,,,,,,,,,,,,,,,,,,,,,,,,,,,,,,,,,,,,,,,,,,,,,,,,,,,,,,,,,,,,,,,,,,,,,,,,,,,,,,,,,,,,,,,,,,,,,,,,,,,,,,,,,,,,,,,,,,,2024,,,,,25.0,,,,,,,,,,,,,,,,,,,,,,,,,,,,,,46.61856211,,
238.0,14.0,251.57,16.77,81.0,28.76470588,,91.0,41.0,15.0,12.0,2.0,,9.0,,,,,,6.03703704,,,,,,,,,,,,,3.0,10.0,2.0,5.0,11.0,,,5.0,12.0,120.0,,,17.0,61.59158767,20.74130392,3.172504121,0.175809657,62.0,31.0,15.0,12.0,6.0,12.0,6.0,0.117243585,0.08207051,0.281251037,0.009598019,5.051332018,,,,,,,,,,,,,,,,,,1.331856789,0.036151378,0.826272362,,8.216222354,0.380085286,,3.927261283,17.10278069,15.0,Caleb Williams,CHI,DRAFT,16,4431611,16,Deb’s Debsters,BE,"{'1': {'team': 'TEN', 'date': datetime.datetime(2024, 9, 8, 13, 0)}, '2': {'team': 'HOU', 'date': datetime.datetime(2024, 9, 15, 20, 20)}, '3': {'team': 'IND', 'date': datetime.datetime(2024, 9, 22, 13, 0)}, '4': {'team': 'LAR', 'date': datetime.datetime(2024, 9, 29, 13, 0)}, '5': {'team': 'CAR', 'date': datetime.datetime(2024, 10, 6, 13, 0)}, '6': {'team': 'JAX', 'date': datetime.datetime(2024, 10, 13, 9, 30)}, '8': {'team': 'WSH', 'date': datetime.datetime(2024, 10, 27, 16, 25)}, '9': {'team': 'ARI', 'date': datetime.datetime(2024, 11, 3, 16, 5)}, '10': {'team': 'NE', 'date': datetime.datetime(2024, 11, 10, 13, 0)}, '11': {'team': 'GB', 'date': datetime.datetime(2024, 11, 17, 13, 0)}, '12': {'team': 'MIN', 'date': datetime.datetime(2024, 11, 24, 13, 0)}, '13': {'team': 'DET', 'date': datetime.datetime(2024, 11, 28, 12, 30)}, '14': {'team': 'SF', 'date': datetime.datetime(2024, 12, 8, 16, 25)}, '15': {'team': 'MIN', 'date': datetime.datetime(2024, 12, 16, 20, 0)}, '16': {'team': 'DET', 'date': datetime.datetime(2024, 12, 22, 13, 0)}, '17': {'team': 'SEA', 'date': datetime.datetime(2024, 12, 26, 20, 15)}, '18': {'team': 'GB', 'date': datetime.datetime(2025, 1, 5, 13, 0)}}","['Rookie', 'QB', 'OP', 'BE', 'IR']",BE,,,,,,,,,,,,,,,,,,,,,562.0,351.0,211.0,208.29411765,20.0,701.0,348.0,169.0,133.0,62.0,28.0,64.0,29.0,33.0,11.0,1.0,,4.0,3.0,6.0,0.62455516,68.0,8.0,10.0,3.0,,6.0,512.0962543,331.2685404,180.8277139,235.8539971,22.96471487,707.0,353.0,176.0,141.0,70.0,35.0,66.0,33.0,2.836066111,1.853369204,2.701486836,0.364900038,1.156047131,13.1755194,0.646887255,38.7617606,7.389949993,3.547175996,,,,,,,,,,,,,,,,,,,,,,,,,,,,,,,,,,,,,,,,,,,,,,,,,,,,,,,,,,,,,,,,,,,,,,,,,,,,,,,,,,,,,,,,,,,,,,,,,,,,,,,,,,,,,,,,,,,,,,,,,,,,,,,3.0,,,,,,,,,,,,,,,,,,,,,,,,,,,,,,,,,,,,,,,,,,,,2024,,,171.0,27.0,,,,,,,,,,,,,,,,,,,,,,,,,,,,,,18.44027074,,175.5000519,
176.0,11.73,153.65,10.24,2.0,0.26666667,,,,,,,,,,,,,,2.0,76.0,54.73333333,4.0,159.0,76.0,34.0,26.0,11.0,9.0,100.0,597.0,10.80263158,,1.0,,,,,,13.0,2.0,24.0,,,15.0,,,,,,,,,,,,,,,,,47.64599449,3.615411267,0.192322546,0.234125192,0.153000813,144.0,72.0,36.0,28.0,14.0,60.36972199,,,1.043731077,0.032280343,85.22700324,11.93140045,0.192322546,0.005086871,,1.156107104,1.156107104,,0.647419978,0.647419978,0.647419978,15.11764706,Khalil Shakir,BUF,DRAFT,36,4373678,16,Deb’s Debsters,WR,"{'1': {'team': 'ARI', 'date': datetime.datetime(2024, 9, 8, 13, 0)}, '2': {'team': 'MIA', 'date': datetime.datetime(2024, 9, 12, 20, 15)}, '3': {'team': 'JAX', 'date': datetime.datetime(2024, 9, 23, 19, 30)}, '4': {'team': 'BAL', 'date': datetime.datetime(2024, 9, 29, 20, 20)}, '5': {'team': 'HOU', 'date': datetime.datetime(2024, 10, 6, 13, 0)}, '6': {'team': 'NYJ', 'date': datetime.datetime(2024, 10, 14, 20, 15)}, '7': {'team': 'TEN', 'date': datetime.datetime(2024, 10, 20, 13, 0)}, '8': {'team': 'SEA', 'date': datetime.datetime(2024, 10, 27, 16, 5)}, '9': {'team': 'MIA', 'date': datetime.datetime(2024, 11, 3, 13, 0)}, '10': {'team': 'IND', 'date': datetime.datetime(2024, 11, 10, 13, 0)}, '11': {'team': 'KC', 'date': datetime.datetime(2024, 11, 17, 16, 25)}, '13': {'team': 'SF', 'date': datetime.datetime(2024, 12, 1, 20, 20)}, '14': {'team': 'LAR', 'date': datetime.datetime(2024, 12, 8, 16, 25)}, '15': {'team': 'DET', 'date': datetime.datetime(2024, 12, 15, 16, 25)}, '16': {'team': 'NE', 'date': datetime.datetime(2024, 12, 22, 16, 25)}, '17': {'team': 'NYJ', 'date': datetime.datetime(2024, 12, 29, 13, 0)}, '18': {'team': 'NE', 'date': datetime.datetime(2025, 1, 5, 13, 0)}}","['RB/WR', 'WR', 'WR/TE', 'RB/WR/TE', 'OP', 'BE', 'IR']",WR,1.0,1.0,2.0,2.0,1.0,,,,,0.04394109,0.0342,144.1817012,55.2,14.0,5.0,5.0,2.0,,1.0,1.0,,,,,,,,,,,,,,,,,,,,,,,,,,,,,,,,,,,,,,,,,,,,,,,,,,,,,1.0,,,,,,,,,,,,,,,,,,,,,,,,,,,,,,,,,,,,,,,,,,,,,,,,,,,,,,,,,,,,,,,,,,,,,,,,,,,,,,,,,,,,,,,,,,,,,,,,,,,,,,,,,,,,,,,,,,,,,,,,,,,,,,,,,,,,,,,,,,,,,,,,,,,,,,,,,,,,,,,,,,,,,,,,2024,,,,,35.0,,,,,,,,,,,,,,,,,,,,,,,,,,,,,,33.95185835,,
96.0,5.65,140.33,10.02,137.0,37.88235294,3.0,122.0,58.0,24.0,18.0,7.0,1.0,20.0,5.0,,,1.0,,4.70072993,13.0,5.17647059,,14.0,5.0,1.0,,,,13.0,93.0,6.76923077,,,,,,5.0,6.0,8.0,9.0,20.0,3.0,,17.0,138.1912475,40.01400203,4.899802333,0.262040817,113.0,56.0,28.0,22.0,11.0,27.0,13.0,0.2725242,0.19076694,0.831060831,0.028360918,4.104871569,14.94875748,0.99710482,0.050613666,0.064183369,0.041943832,42.0,21.0,10.0,8.0,4.0,27.97496685,,,0.079246436,0.002450921,34.03423895,7.575366287,0.312654483,0.003113582,0.588498577,0.119133653,0.70763223,0.270709345,0.066714846,0.337424191,0.337424191,14.17647059,Tyler Allgeier,ATL,ADD,43,4373626,16,Deb’s Debsters,BE,"{'1': {'team': 'PIT', 'date': datetime.datetime(2024, 9, 8, 13, 0)}, '2': {'team': 'PHI', 'date': datetime.datetime(2024, 9, 16, 20, 15)}, '3': {'team': 'KC', 'date': datetime.datetime(2024, 9, 22, 20, 20)}, '4': {'team': 'NO', 'date': datetime.datetime(2024, 9, 29, 13, 0)}, '5': {'team': 'TB', 'date': datetime.datetime(2024, 10, 3, 20, 15)}, '6': {'team': 'CAR', 'date': datetime.datetime(2024, 10, 13, 16, 25)}, '7': {'team': 'SEA', 'date': datetime.datetime(2024, 10, 20, 13, 0)}, '8': {'team': 'TB', 'date': datetime.datetime(2024, 10, 27, 13, 0)}, '9': {'team': 'DAL', 'date': datetime.datetime(2024, 11, 3, 13, 0)}, '10': {'team': 'NO', 'date': datetime.datetime(2024, 11, 10, 13, 0)}, '11': {'team': 'DEN', 'date': datetime.datetime(2024, 11, 17, 16, 5)}, '13': {'team': 'LAC', 'date': datetime.datetime(2024, 12, 1, 13, 0)}, '14': {'team': 'MIN', 'date': datetime.datetime(2024, 12, 8, 13, 0)}, '15': {'team': 'LV', 'date': datetime.datetime(2024, 12, 16, 20, 30)}, '16': {'team': 'NYG', 'date': datetime.datetime(2024, 12, 22, 13, 0)}, '17': {'team': 'WSH', 'date': datetime.datetime(2024, 12, 29, 20, 20)}, '18': {'team': 'CAR', 'date': datetime.datetime(2025, 1, 5, 13, 0)}}","['RB', 'RB/WR', 'RB/WR/TE', 'OP', 'BE', 'IR']",BE,,,,,,,,,,,,,,,,,,,,,,,,,,,,,,,,,,,,,,,,,,,,,,,,,,,,,,,,,,,,,,,,,,,,,,,,,,1.0,,,,,,,,,,,,,,,,,,,,,,,,,,,,,,,,,,,,,,,,,,,,,,,,,,,,,,,,,,,,,,,,,,,,,,,,,,,,,,,,,,,,,,,,,,,,,,,,,,,,,,,,,,,,,,,,,,,,,,,,,,,,,,,,1.0,,,,,,,,,,,,,,,,,,,,,,,,,,,,,,,,,,,,,,,2024,,,,43.0,2.0,,,,,,,,,,,,,,,,,,,,,,,,,,,,,33.27398545,11.47837851,,
99.0,6.6,187.65,12.51,4.0,1.53333333,,4.0,2.0,1.0,,,,,,,,,,5.75,29.0,41.33333333,2.0,119.0,56.0,25.0,20.0,9.0,,53.0,149.0,21.37931034,,1.0,,1.0,1.0,3.0,3.0,10.0,5.0,14.0,,,15.0,6.165292366,2.523589578,0.307640596,0.019243915,7.0,3.0,1.0,1.0,,1.0,,0.011344568,0.007941198,0.003489588,0.000119086,6.187984979,54.99540643,7.596678155,0.360276751,0.267961626,0.175112922,166.0,83.0,41.0,33.0,16.0,54.51238985,,,1.550972988,0.047968237,94.8636143,15.25159962,0.379520666,0.004291338,0.099097968,0.87620615,0.975304119,0.045585065,0.490675444,0.53626051,0.53626051,15.11764706,Christian Watson,GB,ADD,76,4248528,16,Deb’s Debsters,BE,"{'1': {'team': 'PHI', 'date': datetime.datetime(2024, 9, 6, 20, 15)}, '2': {'team': 'IND', 'date': datetime.datetime(2024, 9, 15, 13, 0)}, '3': {'team': 'TEN', 'date': datetime.datetime(2024, 9, 22, 13, 0)}, '4': {'team': 'MIN', 'date': datetime.datetime(2024, 9, 29, 13, 0)}, '5': {'team': 'LAR', 'date': datetime.datetime(2024, 10, 6, 16, 25)}, '6': {'team': 'ARI', 'date': datetime.datetime(2024, 10, 13, 13, 0)}, '7': {'team': 'HOU', 'date': datetime.datetime(2024, 10, 20, 13, 0)}, '8': {'team': 'JAX', 'date': datetime.datetime(2024, 10, 27, 13, 0)}, '9': {'team': 'DET', 'date': datetime.datetime(2024, 11, 3, 16, 25)}, '11': {'team': 'CHI', 'date': datetime.datetime(2024, 11, 17, 13, 0)}, '12': {'team': 'SF', 'date': datetime.datetime(2024, 11, 24, 16, 25)}, '13': {'team': 'MIA', 'date': datetime.datetime(2024, 11, 28, 20, 20)}, '14': {'team': 'DET', 'date': datetime.datetime(2024, 12, 5, 20, 15)}, '15': {'team': 'SEA', 'date': datetime.datetime(2024, 12, 15, 20, 20)}, '16': {'team': 'NO', 'date': datetime.datetime(2024, 12, 23, 20, 15)}, '17': {'team': 'MIN', 'date': datetime.datetime(2024, 12, 29, 16, 25)}, '18': {'team': 'CHI', 'date': datetime.datetime(2025, 1, 5, 13, 0)}}","['RB/WR', 'WR', 'WR/TE', 'RB/WR/TE', 'OP', 'BE', 'IR']",BE,1.0,,2.0,2.0,1.0,1.0,,,,,,,,,,,,,1.0,,,,,,,,,,,,,,,,,,,,,,,,,,,,,,,,,,,,,,,,,,,,,,,,,,,,1.0,,,,,,,,,,,,,,,,,,,,,,,,,,,,,,,,,,,,,,,,,,,,,,,,,,,,,,,,,,,,,,,,,,,,,,,,,,,,,,,,,,,,,,,,,,,,,,,,,,,,,,,,,,,,,,,,,,,,,,,,,,,,,,,,,,,,,,,,,,,,,,,,,,,,,,,,,,,,,,,,,,,,,,,,,,2024,,,,1.0,21.0,,,,,,,,,,,,,,,,,,,,,,,,,,,,,3.964069381,37.30864396,,
117.0,6.88,89.65,5.27,,,,,,,,,,,,,,,,,,,,,,,,,,,,,,,,,,674.0,1079.0,11.0,6.0,,,,17.0,,,,,,,,,,,,,,,,,,,,,,,,,,,,,,,,,,,,,,,,,,,17.0,Chargers D/ST,LAC,ADD,7,-16024,16,Deb’s Debsters,D/ST,"{'1': {'team': 'LV', 'date': datetime.datetime(2024, 9, 8, 16, 5)}, '2': {'team': 'CAR', 'date': datetime.datetime(2024, 9, 15, 13, 0)}, '3': {'team': 'PIT', 'date': datetime.datetime(2024, 9, 22, 13, 0)}, '4': {'team': 'KC', 'date': datetime.datetime(2024, 9, 29, 16, 25)}, '6': {'team': 'DEN', 'date': datetime.datetime(2024, 10, 13, 16, 5)}, '7': {'team': 'ARI', 'date': datetime.datetime(2024, 10, 21, 21, 0)}, '8': {'team': 'NO', 'date': datetime.datetime(2024, 10, 27, 16, 5)}, '9': {'team': 'CLE', 'date': datetime.datetime(2024, 11, 3, 13, 0)}, '10': {'team': 'TEN', 'date': datetime.datetime(2024, 11, 10, 16, 5)}, '11': {'team': 'CIN', 'date': datetime.datetime(2024, 11, 17, 20, 20)}, '12': {'team': 'BAL', 'date': datetime.datetime(2024, 11, 25, 20, 15)}, '13': {'team': 'ATL', 'date': datetime.datetime(2024, 12, 1, 13, 0)}, '14': {'team': 'KC', 'date': datetime.datetime(2024, 12, 8, 20, 20)}, '15': {'team': 'TB', 'date': datetime.datetime(2024, 12, 15, 16, 25)}, '16': {'team': 'DEN', 'date': datetime.datetime(2024, 12, 19, 20, 15)}, '17': {'team': 'NE', 'date': datetime.datetime(2024, 12, 28, 13, 0)}, '18': {'team': 'LV', 'date': datetime.datetime(2025, 1, 5, 16, 25)}}","['D/ST', 'BE', 'IR']",D/ST,,,,,,,581.0,53.0,19.0,0.368551453,0.37601,1494.49808,470.9875,149.0,59.0,47.0,18.0,,,,,,,,,,,,,,,,,,,,,,,,,,,,,,,,,,,,,,,,,,,,,,,,,,,,,,,,,405.0,,,8.0,,,,,,,,,,,,,,,,,,,,,,,,,,,,,,,,,,,6.0,0.0,2.0,4.0,4.0,1.0,15.0,1.0,,46.0,92.0,,,1.0,1.0,355.0,208.0,58.0,87.0,263.0,19.0,5.0,299.0,3.0,2.0,1.0,1.0,5514.0,0.0,2.0,5.0,4.0,4.0,0.0,1.0,1.0,0.0,0.0,2.0,4.0,4.0,3.0,2.0,1.0,1.0,0.113831701,0.509694183,2.089746152,2.310613632,0.11093819,1.843855528,13.50876933,8.917034142,1.808420529,0.221374212,41.80514633,83.61029266,1.279611507,0.564244021,2.699355171,15.23857695,1042.405218,347.0,208.0,75.15841522,388.6662713,2.463521887,4.094543274,3.363981611,1.817909254,0.236158305,22.86272184,6102.466602,0.195236431,2.207020522,3.115294353,4.295201478,3.726469266,2.291905927,0.89978529,0.269086733,358.9686236,,,,,,,,,,,,,,,,,,,,,,,,,,,,,,,,,,,,,,,,,,,,,,,,2024,,,,,,,,,,,,,,,,,,,,,,,,,,,,,,,,,,,,,42.2521476
215.0,12.65,82.25,5.48,2.0,-0.05882353,,,,,,,,,,,,,,-0.5,88.0,52.0,8.0,171.0,81.0,38.0,27.0,10.0,11.0,111.0,510.0,10.04545455,,2.0,,1.0,1.0,,1.0,8.0,9.0,48.0,,,17.0,2.06067088,0.139022062,0.061830031,0.002760597,,,,,,,,0.003783328,0.00264833,-3.57645e-06,-1.22051e-07,1.019903997,24.42484361,2.459000322,0.128748797,0.191562284,0.125185953,73.0,36.0,18.0,14.0,7.0,31.36284616,,,0.186847302,0.005778783,45.9408437,11.77336276,0.131509394,0.002047151,0.028684925,0.436576694,0.465261619,0.013195065,0.244482949,0.257678014,0.257678014,15.11764706,Jonnu Smith,MIA,ADD,4,3054212,16,Deb’s Debsters,TE,"{'1': {'team': 'JAX', 'date': datetime.datetime(2024, 9, 8, 13, 0)}, '2': {'team': 'BUF', 'date': datetime.datetime(2024, 9, 12, 20, 15)}, '3': {'team': 'SEA', 'date': datetime.datetime(2024, 9, 22, 16, 5)}, '4': {'team': 'TEN', 'date': datetime.datetime(2024, 9, 30, 19, 30)}, '5': {'team': 'NE', 'date': datetime.datetime(2024, 10, 6, 13, 0)}, '7': {'team': 'IND', 'date': datetime.datetime(2024, 10, 20, 13, 0)}, '8': {'team': 'ARI', 'date': datetime.datetime(2024, 10, 27, 13, 0)}, '9': {'team': 'BUF', 'date': datetime.datetime(2024, 11, 3, 13, 0)}, '10': {'team': 'LAR', 'date': datetime.datetime(2024, 11, 11, 20, 15)}, '11': {'team': 'LV', 'date': datetime.datetime(2024, 11, 17, 13, 0)}, '12': {'team': 'NE', 'date': datetime.datetime(2024, 11, 24, 13, 0)}, '13': {'team': 'GB', 'date': datetime.datetime(2024, 11, 28, 20, 20)}, '14': {'team': 'NYJ', 'date': datetime.datetime(2024, 12, 8, 13, 0)}, '15': {'team': 'HOU', 'date': datetime.datetime(2024, 12, 15, 13, 0)}, '16': {'team': 'SF', 'date': datetime.datetime(2024, 12, 22, 16, 25)}, '17': {'team': 'CLE', 'date': datetime.datetime(2024, 12, 29, 16, 5)}, '18': {'team': 'NYJ', 'date': datetime.datetime(2025, 1, 5, 16, 25)}}","['WR/TE', 'TE', 'RB/WR/TE', 'OP', 'BE', 'IR']",TE,1.0,1.0,2.0,2.0,2.0,1.0,,,,,,,,,,,,1.0,5.0,,,,,,,,,,,,,,,,,,,,,,,,,,,,,,,,,,,,,,,,,,,,,,,,,,,,,,2.0,1.0,,,,,,,,,,,,,,,,,,,,,,,,,,,,,,,,,,,,,,,,,,,,,,,,,,,,,,,,,,,,,,,,,,,,,,,,,,,,,,,,,,,,,,,,,,,,,,,,,,,,,,,,,,,,,,,,,,,,,,,,,,,,,,,,,,,,,,,,,,,,,,,,,,,,,,,,,,,,,,,,,,,,,,,2024,,,,,55.0,,,,,,,,,,,,,,,,,,,,,,,,,,,,,2.314240597,17.18680127,,
70.0,5.0,56.24,4.02,55.0,10.71428571,6.0,27.0,11.0,4.0,4.0,,,7.0,2.0,,,,,2.72727273,16.0,7.42857143,,19.0,7.0,2.0,2.0,,1.0,20.0,96.0,6.5,,,,,,2.0,2.0,4.0,10.0,36.0,6.0,,14.0,54.21502759,16.43047023,1.682385869,0.093252465,46.0,23.0,11.0,9.0,4.0,10.0,5.0,0.102367846,0.071657492,0.139314644,0.004754274,4.296337902,6.069669106,0.44892908,0.022613791,0.035212173,0.023011155,17.0,8.0,4.0,3.0,1.0,12.75270823,,,0.038833107,0.001201024,16.76436592,6.747310768,0.115866256,0.002535947,0.466596581,0.109754994,0.576351575,0.214634427,0.061462797,0.276097224,0.276097224,14.17647059,Roschon Johnson,CHI,ADD,55,4426386,16,Deb’s Debsters,BE,"{'1': {'team': 'TEN', 'date': datetime.datetime(2024, 9, 8, 13, 0)}, '2': {'team': 'HOU', 'date': datetime.datetime(2024, 9, 15, 20, 20)}, '3': {'team': 'IND', 'date': datetime.datetime(2024, 9, 22, 13, 0)}, '4': {'team': 'LAR', 'date': datetime.datetime(2024, 9, 29, 13, 0)}, '5': {'team': 'CAR', 'date': datetime.datetime(2024, 10, 6, 13, 0)}, '6': {'team': 'JAX', 'date': datetime.datetime(2024, 10, 13, 9, 30)}, '8': {'team': 'WSH', 'date': datetime.datetime(2024, 10, 27, 16, 25)}, '9': {'team': 'ARI', 'date': datetime.datetime(2024, 11, 3, 16, 5)}, '10': {'team': 'NE', 'date': datetime.datetime(2024, 11, 10, 13, 0)}, '11': {'team': 'GB', 'date': datetime.datetime(2024, 11, 17, 13, 0)}, '12': {'team': 'MIN', 'date': datetime.datetime(2024, 11, 24, 13, 0)}, '13': {'team': 'DET', 'date': datetime.datetime(2024, 11, 28, 12, 30)}, '14': {'team': 'SF', 'date': datetime.datetime(2024, 12, 8, 16, 25)}, '15': {'team': 'MIN', 'date': datetime.datetime(2024, 12, 16, 20, 0)}, '16': {'team': 'DET', 'date': datetime.datetime(2024, 12, 22, 13, 0)}, '17': {'team': 'SEA', 'date': datetime.datetime(2024, 12, 26, 20, 15)}, '18': {'team': 'GB', 'date': datetime.datetime(2025, 1, 5, 13, 0)}}","['RB', 'RB/WR', 'RB/WR/TE', 'OP', 'BE', 'IR']",BE,,,,,,,,,,,,,,,,,,,,,,,,,,,,,,,,,,,,,,,,,,,,,,,,,,,,,,,,,,,,,,,,,,,,,,,,,,,,,,,,,,,,,,,,,,,,,,,,,,,,,,,,,,,,,,,,,,,,,,,,,,,,,,,,,,,,,,,,,,,,,,,,,,,,,,,,,,,,,,,,,,,,,,,,,,,,,,,,,,,,,,,,,,,,,,,,,,,,,,,,,,,,,,,,,,,,,,,,,,,,,,,,,,,,,,,,,,,,,,,,,2024,,,,18.0,6.0,,,,,,,,,,,,,,,,,,,,,,,,,,,,,14.48477091,4.313451238,,
107.0,7.64,134.58,7.92,,,,,,,,,,,,,,,,,,,,,,,,,,,,,,,,,,1.0,1.0,3.0,11.0,88.0,,,14.0,,,,,,,,,,,,,,,,,,,,,,,,,,,,,,,,,,,,,,,,,,,17.0,Nick Folk,TEN,ADD,24,10621,16,Deb’s Debsters,BE,"{'1': {'team': 'CHI', 'date': datetime.datetime(2024, 9, 8, 13, 0)}, '2': {'team': 'NYJ', 'date': datetime.datetime(2024, 9, 15, 13, 0)}, '3': {'team': 'GB', 'date': datetime.datetime(2024, 9, 22, 13, 0)}, '4': {'team': 'MIA', 'date': datetime.datetime(2024, 9, 30, 19, 30)}, '6': {'team': 'IND', 'date': datetime.datetime(2024, 10, 13, 13, 0)}, '7': {'team': 'BUF', 'date': datetime.datetime(2024, 10, 20, 13, 0)}, '8': {'team': 'DET', 'date': datetime.datetime(2024, 10, 27, 13, 0)}, '9': {'team': 'NE', 'date': datetime.datetime(2024, 11, 3, 13, 0)}, '10': {'team': 'LAC', 'date': datetime.datetime(2024, 11, 10, 16, 5)}, '11': {'team': 'MIN', 'date': datetime.datetime(2024, 11, 17, 13, 0)}, '12': {'team': 'HOU', 'date': datetime.datetime(2024, 11, 24, 13, 0)}, '13': {'team': 'WSH', 'date': datetime.datetime(2024, 12, 1, 13, 0)}, '14': {'team': 'JAX', 'date': datetime.datetime(2024, 12, 8, 13, 0)}, '15': {'team': 'CIN', 'date': datetime.datetime(2024, 12, 15, 13, 0)}, '16': {'team': 'IND', 'date': datetime.datetime(2024, 12, 22, 13, 0)}, '17': {'team': 'JAX', 'date': datetime.datetime(2024, 12, 29, 13, 0)}, '18': {'team': 'HOU', 'date': datetime.datetime(2025, 1, 5, 13, 0)}}","['K', 'BE', 'IR']",BE,,,,,,,,,,,,,,,,,,,,,,,,,,,,,,,,,,,,,,,,,,,,,,,,,,,,,,,,,,,,,,,,,,,,,,,,,,,,,,6.0,6.0,8.0,9.0,1.0,7.0,7.0,,21.0,22.0,1.0,25.0,25.0,,6.0,6.0,4.759034679,6.61813977,1.859105091,7.660567015,9.206422155,1.545855141,16.76912118,16.93850624,0.169385062,29.18872287,32.76306817,3.574345294,33.4055657,34.08731194,0.681746239,4.759034679,6.61813977,1.859105091,,,,,,,,,,,,,,,,,,,,,,,,,,,,,,,,,,,,,,,,,,,,,,,,,,,,,,,,,,,,,,,,,,,,,,,,,,,,,,,,,,,,,,,,,,,,,,,,,,,,,,,,,,,,,,,,,,,,,,,,,,,,,,,,,,2024,,,,,,856.0,49.0,905.0,168.0,81.0,39.0,29.0,10.0,3.0,9.0,4.0,2.0,1.0,,178.0,86.0,41.0,31.0,11.0,3.0,,,1104.787024,175.0367081,1279.823732,,,,,,,
55.0,3.24,25.49,1.7,,,,,,,,,,,,,,,,,24.0,17.52941176,1.0,56.0,25.0,9.0,7.0,2.0,1.0,30.0,126.0,12.41666667,,,,,,,2.0,14.0,3.0,6.0,,,17.0,,,,,,,,,,,,,,,,,6.890364047,0.810471611,0.048025529,0.096739637,0.063219353,20.0,10.0,5.0,4.0,2.0,10.66264381,,,0.044409168,0.001373479,15.23498717,9.769255512,0.048025529,0.000537297,,0.12211302,0.12211302,,0.068383291,0.068383291,0.068383291,15.11764706,Grant Calcaterra,PHI,ADD,41,4241374,16,Deb’s Debsters,BE,"{'1': {'team': 'GB', 'date': datetime.datetime(2024, 9, 6, 20, 15)}, '2': {'team': 'ATL', 'date': datetime.datetime(2024, 9, 16, 20, 15)}, '3': {'team': 'NO', 'date': datetime.datetime(2024, 9, 22, 13, 0)}, '4': {'team': 'TB', 'date': datetime.datetime(2024, 9, 29, 13, 0)}, '6': {'team': 'CLE', 'date': datetime.datetime(2024, 10, 13, 13, 0)}, '7': {'team': 'NYG', 'date': datetime.datetime(2024, 10, 20, 13, 0)}, '8': {'team': 'CIN', 'date': datetime.datetime(2024, 10, 27, 13, 0)}, '9': {'team': 'JAX', 'date': datetime.datetime(2024, 11, 3, 16, 5)}, '10': {'team': 'DAL', 'date': datetime.datetime(2024, 11, 10, 16, 25)}, '11': {'team': 'WSH', 'date': datetime.datetime(2024, 11, 14, 20, 15)}, '12': {'team': 'LAR', 'date': datetime.datetime(2024, 11, 24, 20, 20)}, '13': {'team': 'BAL', 'date': datetime.datetime(2024, 12, 1, 16, 25)}, '14': {'team': 'CAR', 'date': datetime.datetime(2024, 12, 8, 13, 0)}, '15': {'team': 'PIT', 'date': datetime.datetime(2024, 12, 15, 16, 25)}, '16': {'team': 'WSH', 'date': datetime.datetime(2024, 12, 22, 13, 0)}, '17': {'team': 'DAL', 'date': datetime.datetime(2024, 12, 29, 13, 0)}, '18': {'team': 'NYG', 'date': datetime.datetime(2025, 1, 5, 13, 0)}}","['WR/TE', 'TE', 'RB/WR/TE', 'OP', 'BE', 'IR']",BE,,,,,,,,,,,,,,,,,,,1.0,,,,,,,,,,,,,,,,,,,,,,,,,,,,,,,,,,,,,,,,,,,,,,,,,,,,,,,2.0,,,,,,,,,,,,,,,,,,,,,,,,,,,,,,,,,,,,,,,,,,,,,,,,,,,,,,,,,,,,,,,,,,,,,,,,,,,,,,,,,,,,,,,,,,,,,,,,,,,,,,,,,,,,,,,,,,,,,,,,,,,,,,,,,,,,,,,,,,,,,,,,,,,,,,,,,,,,,,,,,,,,,,,2024,,,,,15.0,,,,,,,,,,,,,,,,,,,,,,,,,,,,,,4.484564688,,
121.0,9.31,0.0,0.0,,,,,,,,,,,,,,,,,,,,,,,,,,,,,,,,,,,,7.0,6.0,110.0,,,13.0,,,,,,,,,,,,,,,,,,,,,,,,,,,,,,,,,,,,,,,,,,,,Chad Ryland,ARI,ADD,19,4363538,16,Deb’s Debsters,K,"{'1': {'team': 'BUF', 'date': datetime.datetime(2024, 9, 8, 13, 0)}, '2': {'team': 'LAR', 'date': datetime.datetime(2024, 9, 15, 16, 5)}, '3': {'team': 'DET', 'date': datetime.datetime(2024, 9, 22, 16, 25)}, '4': {'team': 'WSH', 'date': datetime.datetime(2024, 9, 29, 16, 5)}, '5': {'team': 'SF', 'date': datetime.datetime(2024, 10, 6, 16, 5)}, '6': {'team': 'GB', 'date': datetime.datetime(2024, 10, 13, 13, 0)}, '7': {'team': 'LAC', 'date': datetime.datetime(2024, 10, 21, 21, 0)}, '8': {'team': 'MIA', 'date': datetime.datetime(2024, 10, 27, 13, 0)}, '9': {'team': 'CHI', 'date': datetime.datetime(2024, 11, 3, 16, 5)}, '10': {'team': 'NYJ', 'date': datetime.datetime(2024, 11, 10, 16, 25)}, '12': {'team': 'SEA', 'date': datetime.datetime(2024, 11, 24, 16, 25)}, '13': {'team': 'MIN', 'date': datetime.datetime(2024, 12, 1, 13, 0)}, '14': {'team': 'SEA', 'date': datetime.datetime(2024, 12, 8, 16, 5)}, '15': {'team': 'NE', 'date': datetime.datetime(2024, 12, 15, 16, 25)}, '16': {'team': 'CAR', 'date': datetime.datetime(2024, 12, 22, 13, 0)}, '17': {'team': 'LAR', 'date': datetime.datetime(2024, 12, 28, 20, 0)}, '18': {'team': 'SF', 'date': datetime.datetime(2025, 1, 5, 16, 25)}}","['K', 'BE', 'IR']",K,,,,,,,,,,,,,,,,,,,,,,,,,,,,,,,,,,,,,,,,,,,,,,,,,,,,,,,,,,,,,,,,,,,,,,,,,,,,,,4.0,4.0,7.0,11.0,4.0,17.0,17.0,,28.0,32.0,4.0,26.0,27.0,1.0,4.0,4.0,,,,,,,,,,,,,,,,,,,,,,,,,,,,,,,,,,,,,,,,,,,,,,,,,,,,,,,,,,,,,,,,,,,,,,,,,,,,,,,,,,,,,,,,,,,,,,,,,,,,,,,,,,,,,,,,,,,3.0,117.0,,,39.0,1.0,,,,,,,2.0,,,,,,,,,,,,,,,,,,,,,2024,,,,,,1084.0,132.0,1216.0,212.0,102.0,47.0,39.0,16.0,6.0,26.0,12.0,6.0,3.0,,238.0,115.0,54.0,43.0,18.0,7.0,,,,,,,,,,,,
414.0,24.35,302.33,20.16,139.0,53.82352941,4.0,177.0,84.0,39.0,28.0,10.0,1.0,19.0,4.0,1.0,,1.0,,6.58273381,,,,,,,,,,,,,6.0,10.0,4.0,5.0,9.0,2.0,2.0,12.0,5.0,272.0,2.0,,17.0,124.3838957,49.16134566,5.643422656,0.218952353,147.0,73.0,36.0,29.0,14.0,24.0,12.0,0.245610812,0.171927568,1.589101241,0.054229929,5.92858248,,,,,,,,,,,,,,,,,,1.49639218,0.039390507,1.789911914,,8.952388039,0.823359481,,4.261348021,15.39636743,15.0,Lamar Jackson,BAL,DRAFT,1,3916387,17,Joemomma,QB,"{'1': {'team': 'KC', 'date': datetime.datetime(2024, 9, 5, 20, 20)}, '2': {'team': 'LV', 'date': datetime.datetime(2024, 9, 15, 13, 0)}, '3': {'team': 'DAL', 'date': datetime.datetime(2024, 9, 22, 16, 25)}, '4': {'team': 'BUF', 'date': datetime.datetime(2024, 9, 29, 20, 20)}, '5': {'team': 'CIN', 'date': datetime.datetime(2024, 10, 6, 13, 0)}, '6': {'team': 'WSH', 'date': datetime.datetime(2024, 10, 13, 13, 0)}, '7': {'team': 'TB', 'date': datetime.datetime(2024, 10, 21, 20, 15)}, '8': {'team': 'CLE', 'date': datetime.datetime(2024, 10, 27, 13, 0)}, '9': {'team': 'DEN', 'date': datetime.datetime(2024, 11, 3, 13, 0)}, '10': {'team': 'CIN', 'date': datetime.datetime(2024, 11, 7, 20, 15)}, '11': {'team': 'PIT', 'date': datetime.datetime(2024, 11, 17, 13, 0)}, '12': {'team': 'LAC', 'date': datetime.datetime(2024, 11, 25, 20, 15)}, '13': {'team': 'PHI', 'date': datetime.datetime(2024, 12, 1, 16, 25)}, '15': {'team': 'NYG', 'date': datetime.datetime(2024, 12, 15, 13, 0)}, '16': {'team': 'PIT', 'date': datetime.datetime(2024, 12, 21, 16, 30)}, '17': {'team': 'HOU', 'date': datetime.datetime(2024, 12, 25, 16, 30)}, '18': {'team': 'CLE', 'date': datetime.datetime(2025, 1, 4, 16, 30)}}","['QB', 'OP', 'BE', 'IR']",QB,,,,,,,,,,,,,,,,,,,,,474.0,316.0,158.0,245.41176471,41.0,828.0,409.0,201.0,158.0,74.0,32.0,59.0,25.0,26.0,7.0,6.0,2.0,2.0,,4.0,0.66666667,23.0,7.0,18.0,14.0,3.0,,458.7092055,299.6572127,159.0519928,226.2743919,22.00716384,678.0,339.0,169.0,135.0,67.0,33.0,59.0,29.0,2.628910399,1.717992946,2.33565279,0.315485451,1.277439827,11.13501941,0.653261825,39.02293222,7.162476125,3.43798854,,,,,1.0,,,,,,,,,,,,,,,,,,,,,,,,,,,,,,,,,,,,,,,,,,,,,,,,,,,,,,,,,,,,,,,,,,,,,,,,,,,,,,,,,,,,,,,,,,,,,,,,,,,,,,,,,,,,,,,,,,,,,,,,,,2.0,,,,,1.0,,,,,,,,,,,,,,,,,,,,,,,,,,,,,,,,,,,,,,,2024,,,198.0,47.0,,,,,,,,,,,,,,,,,,,,,,,,,,,,,,38.49135508,,163.4860865,
189.0,11.81,208.3,13.89,1.0,0.0625,,,,,,,,,,,,,,1.0,97.0,51.4375,3.0,159.0,76.0,35.0,26.0,9.0,12.0,133.0,340.0,8.48453608,,2.0,,1.0,1.0,1.0,1.0,15.0,1.0,18.0,,,16.0,1.911302171,0.045325418,0.039775047,0.002085634,,,,,,,,0.003508807,0.002456165,-3.48112e-06,-1.18797e-07,0.358506193,55.40639325,7.122822703,0.233109182,0.166993277,0.109130107,167.0,83.0,41.0,33.0,16.0,82.79130038,,,1.583057168,0.048960531,107.7454263,10.1171777,0.235194816,0.003775517,0.019362275,0.838709851,0.858072126,0.008906647,0.469677517,0.478584163,0.478584163,15.11764706,Travis Kelce,KC,DRAFT,5,15847,17,Joemomma,TE,"{'1': {'team': 'BAL', 'date': datetime.datetime(2024, 9, 5, 20, 20)}, '2': {'team': 'CIN', 'date': datetime.datetime(2024, 9, 15, 16, 25)}, '3': {'team': 'ATL', 'date': datetime.datetime(2024, 9, 22, 20, 20)}, '4': {'team': 'LAC', 'date': datetime.datetime(2024, 9, 29, 16, 25)}, '5': {'team': 'NO', 'date': datetime.datetime(2024, 10, 7, 20, 15)}, '7': {'team': 'SF', 'date': datetime.datetime(2024, 10, 20, 16, 25)}, '8': {'team': 'LV', 'date': datetime.datetime(2024, 10, 27, 16, 25)}, '9': {'team': 'TB', 'date': datetime.datetime(2024, 11, 4, 20, 15)}, '10': {'team': 'DEN', 'date': datetime.datetime(2024, 11, 10, 13, 0)}, '11': {'team': 'BUF', 'date': datetime.datetime(2024, 11, 17, 16, 25)}, '12': {'team': 'CAR', 'date': datetime.datetime(2024, 11, 24, 13, 0)}, '13': {'team': 'LV', 'date': datetime.datetime(2024, 11, 29, 15, 0)}, '14': {'team': 'LAC', 'date': datetime.datetime(2024, 12, 8, 20, 20)}, '15': {'team': 'CLE', 'date': datetime.datetime(2024, 12, 15, 13, 0)}, '16': {'team': 'HOU', 'date': datetime.datetime(2024, 12, 21, 13, 0)}, '17': {'team': 'PIT', 'date': datetime.datetime(2024, 12, 25, 13, 0)}, '18': {'team': 'DEN', 'date': datetime.datetime(2025, 1, 5, 16, 25)}}","['WR/TE', 'TE', 'RB/WR/TE', 'OP', 'BE', 'IR']",TE,,,1.0,1.0,2.0,1.0,,,,,,,,,,,,2.0,2.0,,,,,,,,,,,,,,,,,,,,,,,,,,,,,,,,,,,,,,,,,,,,,,,,,,,,,,1.0,,,,,,,,,,,,,,,,,,,,,,,,,,,,,,,,,,,,,,,,,,,,,,,,,,,,,,,,,,,,,,,,,,,,,,,,,,,,,,,,,,,,,,,,,,,,,,,,,,,,,,,,,,,,,,,,,,,,,,,,,,,,,,,,,,,,,,,,,,,,,,,,,,,,,,,,,,,,,,,,,,,,,,,,2024,,,,,47.0,,,,,,,,,,,,,,,,,,,,,,,,,,,,,2.240896283,43.7319077,,
100.0,10.0,151.58,10.11,,,,,,,,,,,,,,,,,42.0,49.6,2.0,97.0,46.0,20.0,16.0,6.0,4.0,52.0,257.0,11.80952381,,2.0,,,,1.0,1.0,8.0,2.0,12.0,,,10.0,,,,,,,,,,,,,,,,,45.35353815,2.962020812,0.175471981,0.149871297,0.097940893,137.0,68.0,34.0,27.0,13.0,66.15292212,,,0.912250552,0.028213935,90.53882653,10.36445195,0.175471981,0.002800794,,0.63654401,0.63654401,,0.356464646,0.356464646,0.356464646,15.11764706,Dallas Goedert,PHI,DRAFT,24,3121023,17,Joemomma,BE,"{'1': {'team': 'GB', 'date': datetime.datetime(2024, 9, 6, 20, 15)}, '2': {'team': 'ATL', 'date': datetime.datetime(2024, 9, 16, 20, 15)}, '3': {'team': 'NO', 'date': datetime.datetime(2024, 9, 22, 13, 0)}, '4': {'team': 'TB', 'date': datetime.datetime(2024, 9, 29, 13, 0)}, '6': {'team': 'CLE', 'date': datetime.datetime(2024, 10, 13, 13, 0)}, '7': {'team': 'NYG', 'date': datetime.datetime(2024, 10, 20, 13, 0)}, '8': {'team': 'CIN', 'date': datetime.datetime(2024, 10, 27, 13, 0)}, '9': {'team': 'JAX', 'date': datetime.datetime(2024, 11, 3, 16, 5)}, '10': {'team': 'DAL', 'date': datetime.datetime(2024, 11, 10, 16, 25)}, '11': {'team': 'WSH', 'date': datetime.datetime(2024, 11, 14, 20, 15)}, '12': {'team': 'LAR', 'date': datetime.datetime(2024, 11, 24, 20, 20)}, '13': {'team': 'BAL', 'date': datetime.datetime(2024, 12, 1, 16, 25)}, '14': {'team': 'CAR', 'date': datetime.datetime(2024, 12, 8, 13, 0)}, '15': {'team': 'PIT', 'date': datetime.datetime(2024, 12, 15, 16, 25)}, '16': {'team': 'WSH', 'date': datetime.datetime(2024, 12, 22, 13, 0)}, '17': {'team': 'DAL', 'date': datetime.datetime(2024, 12, 29, 13, 0)}, '18': {'team': 'NYG', 'date': datetime.datetime(2025, 1, 5, 13, 0)}}","['WR/TE', 'TE', 'RB/WR/TE', 'OP', 'BE', 'IR']",BE,,,1.0,1.0,2.0,,,,,,,,,,,,,1.0,,,,,,,,,,,,,,,,,,,,,,,,,,,,,,,,,,,,,,,,,,,,,,,,,,,,,,,2.0,,,,,,,,,,,,,,,,,,,,,,,,,,,,,,,,,,,,,,,,,,,,,,,,,,,,,,,,,,,,,,,,,,,,,,,,,,,,,,,,,,,,,,,,,,,,,,,,,,,,,,,,,,,,,,,,,,,,,,,,,,,,,,,,,,,,,,,,,,,,,,,,,,,,,,,,,,,,,,,,,,,,,,,,2024,,,,,20.0,,,,,,,,,,,,,,,,,,,,,,,,,,,,,,34.0471672,,
192.0,11.29,173.22,12.37,263.0,61.35294118,6.0,201.0,98.0,44.0,33.0,14.0,3.0,45.0,18.0,,,3.0,,3.96577947,36.0,16.64705882,,52.0,22.0,7.0,6.0,2.0,2.0,48.0,329.0,7.86111111,,,,,,,,10.0,7.0,36.0,3.0,,17.0,218.5682067,62.74486275,5.81368013,0.272624391,177.0,88.0,44.0,35.0,17.0,43.0,21.0,0.448972464,0.314280725,2.071702431,0.070699256,4.069671041,11.84781589,1.238135979,0.071381582,0.034200582,0.02235008,33.0,16.0,8.0,6.0,3.0,27.8889789,,,0.063888026,0.001975918,35.78092071,6.022458336,0.344005973,0.008012013,1.614858443,0.206053541,1.820911984,0.742834884,0.115389983,0.858224867,0.858224867,14.17647059,Najee Harris,LAC,DRAFT,20,4241457,17,Joemomma,RB,"{'1': {'team': 'LV', 'date': datetime.datetime(2024, 9, 8, 16, 5)}, '2': {'team': 'CAR', 'date': datetime.datetime(2024, 9, 15, 13, 0)}, '3': {'team': 'PIT', 'date': datetime.datetime(2024, 9, 22, 13, 0)}, '4': {'team': 'KC', 'date': datetime.datetime(2024, 9, 29, 16, 25)}, '6': {'team': 'DEN', 'date': datetime.datetime(2024, 10, 13, 16, 5)}, '7': {'team': 'ARI', 'date': datetime.datetime(2024, 10, 21, 21, 0)}, '8': {'team': 'NO', 'date': datetime.datetime(2024, 10, 27, 16, 5)}, '9': {'team': 'CLE', 'date': datetime.datetime(2024, 11, 3, 13, 0)}, '10': {'team': 'TEN', 'date': datetime.datetime(2024, 11, 10, 16, 5)}, '11': {'team': 'CIN', 'date': datetime.datetime(2024, 11, 17, 20, 20)}, '12': {'team': 'BAL', 'date': datetime.datetime(2024, 11, 25, 20, 15)}, '13': {'team': 'ATL', 'date': datetime.datetime(2024, 12, 1, 13, 0)}, '14': {'team': 'KC', 'date': datetime.datetime(2024, 12, 8, 20, 20)}, '15': {'team': 'TB', 'date': datetime.datetime(2024, 12, 15, 16, 25)}, '16': {'team': 'DEN', 'date': datetime.datetime(2024, 12, 19, 20, 15)}, '17': {'team': 'NE', 'date': datetime.datetime(2024, 12, 28, 13, 0)}, '18': {'team': 'LV', 'date': datetime.datetime(2025, 1, 5, 16, 25)}}","['RB', 'RB/WR', 'RB/WR/TE', 'OP', 'BE', 'IR']",RB,,,,,,,,,,,,,,,,,,,,,,,,,,,,,,,,,,,,,,,,,,,,,,,,,,,,,,,,,,,,,,,,,,,,,,,,,,,2.0,,,,,,,,,,,,,,,,,,,,,,,,,,,,,,,,,,,,,,,,,,,,,,,,,,,,,,,,,,,,,,,,,,,,,,,,,,,,,,,,,,,,,,,,,,,,,,,,,,,,,,,,,,,,,,,,,,,,,,,,,1.0,,,,,,,,,,,,,,,,,,,,,,,,,,,,,,,,,,,,,,,,,,,,,2024,,,,50.0,13.0,,,,,,,,,,,,,,,,,,,,,,,,,,,,,49.71909048,10.3450848,,
190.0,11.88,171.98,12.28,260.0,67.4375,5.0,209.0,101.0,47.0,35.0,13.0,3.0,45.0,17.0,,,3.0,,4.15,41.0,14.875,,44.0,20.0,7.0,3.0,,1.0,57.0,221.0,5.80487805,2.0,2.0,2.0,2.0,2.0,1.0,1.0,3.0,13.0,32.0,2.0,,16.0,172.4623701,52.39690876,5.110999281,0.294574156,148.0,74.0,37.0,29.0,14.0,34.0,17.0,0.346066074,0.242246252,1.427365007,0.048710491,4.307045273,17.31750269,1.013365072,0.050774893,0.03470662,0.022680776,49.0,24.0,12.0,9.0,4.0,38.09199284,,,0.093723272,0.002898658,48.29852409,6.444952053,0.345349049,0.00731591,1.36190171,0.30080504,1.66270675,0.626474786,0.168450823,0.794925609,0.794925609,14.17647059,Tony Pollard,TEN,DRAFT,21,3916148,17,Joemomma,BE,"{'1': {'team': 'CHI', 'date': datetime.datetime(2024, 9, 8, 13, 0)}, '2': {'team': 'NYJ', 'date': datetime.datetime(2024, 9, 15, 13, 0)}, '3': {'team': 'GB', 'date': datetime.datetime(2024, 9, 22, 13, 0)}, '4': {'team': 'MIA', 'date': datetime.datetime(2024, 9, 30, 19, 30)}, '6': {'team': 'IND', 'date': datetime.datetime(2024, 10, 13, 13, 0)}, '7': {'team': 'BUF', 'date': datetime.datetime(2024, 10, 20, 13, 0)}, '8': {'team': 'DET', 'date': datetime.datetime(2024, 10, 27, 13, 0)}, '9': {'team': 'NE', 'date': datetime.datetime(2024, 11, 3, 13, 0)}, '10': {'team': 'LAC', 'date': datetime.datetime(2024, 11, 10, 16, 5)}, '11': {'team': 'MIN', 'date': datetime.datetime(2024, 11, 17, 13, 0)}, '12': {'team': 'HOU', 'date': datetime.datetime(2024, 11, 24, 13, 0)}, '13': {'team': 'WSH', 'date': datetime.datetime(2024, 12, 1, 13, 0)}, '14': {'team': 'JAX', 'date': datetime.datetime(2024, 12, 8, 13, 0)}, '15': {'team': 'CIN', 'date': datetime.datetime(2024, 12, 15, 13, 0)}, '16': {'team': 'IND', 'date': datetime.datetime(2024, 12, 22, 13, 0)}, '17': {'team': 'JAX', 'date': datetime.datetime(2024, 12, 29, 13, 0)}, '18': {'team': 'HOU', 'date': datetime.datetime(2025, 1, 5, 13, 0)}}","['RB', 'RB/WR', 'RB/WR/TE', 'OP', 'BE', 'IR']",BE,,,,,,,,,,,,,,,,,,,,,,,,,,,,,,,,,,,,,,,,,,,2.0,,,,,,,,,,,,,,,,,,,,,,,,,,,,,,,,1.0,2.0,,,,,,,,,,,,,,,,,,,,,,,,,,,,,,,,,,,,,,,,,,,,,,,,,,,,,,,,,,,,,,,,,,,,,,,,,,,,,,,,,,,,,,,,,,,,,,,,,,,,,,,,,,,,,,,,,,,,,,,,,2.0,,,,,1.0,,,,,,,,,,,,,,,,,,,,,,,,,,,,,,,,,,,,,,,2024,,,,53.0,9.0,,,,,,,,,,,,,,,,,,,,,,,,,,,,,41.44087711,14.71704843,,
116.0,6.82,85.22,5.01,,,,,,,,,,,,,,,,,,,,,,,,,,,,,,,,,,704.0,1131.0,13.0,4.0,,,,17.0,,,,,,,,,,,,,,,,,,,,,,,,,,,,,,,,,,,,,,,,,,,17.0,Bills D/ST,BUF,DRAFT,8,-16002,17,Joemomma,BE,"{'1': {'team': 'ARI', 'date': datetime.datetime(2024, 9, 8, 13, 0)}, '2': {'team': 'MIA', 'date': datetime.datetime(2024, 9, 12, 20, 15)}, '3': {'team': 'JAX', 'date': datetime.datetime(2024, 9, 23, 19, 30)}, '4': {'team': 'BAL', 'date': datetime.datetime(2024, 9, 29, 20, 20)}, '5': {'team': 'HOU', 'date': datetime.datetime(2024, 10, 6, 13, 0)}, '6': {'team': 'NYJ', 'date': datetime.datetime(2024, 10, 14, 20, 15)}, '7': {'team': 'TEN', 'date': datetime.datetime(2024, 10, 20, 13, 0)}, '8': {'team': 'SEA', 'date': datetime.datetime(2024, 10, 27, 16, 5)}, '9': {'team': 'MIA', 'date': datetime.datetime(2024, 11, 3, 13, 0)}, '10': {'team': 'IND', 'date': datetime.datetime(2024, 11, 10, 13, 0)}, '11': {'team': 'KC', 'date': datetime.datetime(2024, 11, 17, 16, 25)}, '13': {'team': 'SF', 'date': datetime.datetime(2024, 12, 1, 20, 20)}, '14': {'team': 'LAR', 'date': datetime.datetime(2024, 12, 8, 16, 25)}, '15': {'team': 'DET', 'date': datetime.datetime(2024, 12, 15, 16, 25)}, '16': {'team': 'NE', 'date': datetime.datetime(2024, 12, 22, 16, 25)}, '17': {'team': 'NYJ', 'date': datetime.datetime(2024, 12, 29, 13, 0)}, '18': {'team': 'NE', 'date': datetime.datetime(2025, 1, 5, 13, 0)}}","['D/ST', 'BE', 'IR']",BE,,,,,,,621.0,55.0,18.0,0.413046245,0.171,1392.196037,276.0,139.0,55.0,27.0,11.0,,,,,,,,,,,,,,,,,,,,,,,,,,,,,,,,,,,,,,,,,,,,,,,,,,,,,,,,,427.0,,,18.0,,,,,,,,,,,,,,,,,,,,,,,,,,,,,,,,,,,16.0,0.0,0.0,5.0,1.0,3.0,16.0,,1.0,39.0,78.0,,,2.0,3.0,370.0,221.0,97.0,60.0,313.0,25.0,8.0,368.0,4.0,3.0,1.0,3.0,5806.0,0.0,0.0,7.0,1.0,5.0,2.0,1.0,1.0,0.0,0.0,0.0,5.0,1.0,4.0,3.0,1.0,3.0,0.104476866,0.467172979,1.970620566,2.242430299,0.118111511,1.903641045,13.30353885,9.009065128,1.732951368,0.21620838,40.3372285,80.67445699,1.33506604,0.568575005,2.6057988,14.15109014,1067.360301,355.0,213.0,72.46703909,389.7205231,2.463275707,4.153592485,3.457080044,1.894174078,0.247176976,22.92473665,6037.441954,0.27175542,2.717554201,3.295034469,4.195224298,3.447896893,2.038165651,0.798281547,0.236087521,355.1436443,,,,,,,,,,1.0,,,,,,,,,,,,,,,,,,,,,,,,,,,,,,,,,,,,,,2024,,,,,,,,,,,,,,,,,,,,,,,,,,,,,,,,,,,,,52.48247542
117.0,6.88,152.12,10.14,,,,,,,,,,,,,,,,,31.0,29.70588235,7.0,95.0,44.0,18.0,13.0,3.0,1.0,64.0,71.0,16.29032258,,,,,,2.0,2.0,10.0,7.0,42.0,,1.0,17.0,,,,,,,,,,,,,,,,,46.14658262,4.36079077,0.233540827,0.182426065,0.119215433,139.0,69.0,34.0,27.0,13.0,57.75394341,,,0.95400359,0.029505266,87.75898389,12.07930936,0.233540827,0.005082347,,1.155078868,1.155078868,,0.646844166,0.646844166,0.646844166,15.11764706,Demarcus Robinson,SF,DRAFT,61,3043116,17,Joemomma,WR,"{'1': {'team': 'NYJ', 'date': datetime.datetime(2024, 9, 9, 20, 15)}, '2': {'team': 'MIN', 'date': datetime.datetime(2024, 9, 15, 13, 0)}, '3': {'team': 'LAR', 'date': datetime.datetime(2024, 9, 22, 16, 25)}, '4': {'team': 'NE', 'date': datetime.datetime(2024, 9, 29, 16, 5)}, '5': {'team': 'ARI', 'date': datetime.datetime(2024, 10, 6, 16, 5)}, '6': {'team': 'SEA', 'date': datetime.datetime(2024, 10, 10, 20, 15)}, '7': {'team': 'KC', 'date': datetime.datetime(2024, 10, 20, 16, 25)}, '8': {'team': 'DAL', 'date': datetime.datetime(2024, 10, 27, 20, 20)}, '10': {'team': 'TB', 'date': datetime.datetime(2024, 11, 10, 13, 0)}, '11': {'team': 'SEA', 'date': datetime.datetime(2024, 11, 17, 16, 5)}, '12': {'team': 'GB', 'date': datetime.datetime(2024, 11, 24, 16, 25)}, '13': {'team': 'BUF', 'date': datetime.datetime(2024, 12, 1, 20, 20)}, '14': {'team': 'CHI', 'date': datetime.datetime(2024, 12, 8, 16, 25)}, '15': {'team': 'LAR', 'date': datetime.datetime(2024, 12, 12, 20, 15)}, '16': {'team': 'MIA', 'date': datetime.datetime(2024, 12, 22, 16, 25)}, '17': {'team': 'DET', 'date': datetime.datetime(2024, 12, 30, 20, 15)}, '18': {'team': 'ARI', 'date': datetime.datetime(2025, 1, 5, 16, 25)}}","['RB/WR', 'WR', 'WR/TE', 'RB/WR/TE', 'OP', 'BE', 'IR']",WR,,,,,,,,,,,,,,,,,,,4.0,1.0,,,,,,,,,,,,,,,,,,,,,,,,,,,,,,,,,,,,,,,,,,,,,,,,,,,,,1.0,,,,,,,,,,,,,,,,,,,,,,,,,,,,,,,,,,,,,,,,,,,,,,,,,,,,,,,,,,,,,,,,,,,,,,,,,,,,,,,,,,,,,,,,,,,,,,,,,,,,,,,,,,,,,,,,,,,,,,,,,,,,,,,,,,,,,,,,,,,,,,,,,,,,,,,,,,,,,,,,,,,,,,,,2024,,,,,27.0,,,,,,,,,,,,,,,,,,,,,,,,,,,,,,33.03535052,,
158.0,9.29,137.91,8.11,,,,,,,,,,,,,,,,,,,,,,,,,,,,,,,,,,2.0,2.0,15.0,2.0,142.0,,,17.0,,,,,,,,,,,,,,,,,,,,,,,,,,,,,,,,,,,,,,,,,,,17.0,Jake Bates,DET,ADD,7,4689936,17,Joemomma,K,"{'1': {'team': 'LAR', 'date': datetime.datetime(2024, 9, 8, 20, 20)}, '2': {'team': 'TB', 'date': datetime.datetime(2024, 9, 15, 13, 0)}, '3': {'team': 'ARI', 'date': datetime.datetime(2024, 9, 22, 16, 25)}, '4': {'team': 'SEA', 'date': datetime.datetime(2024, 9, 30, 20, 15)}, '6': {'team': 'DAL', 'date': datetime.datetime(2024, 10, 13, 16, 25)}, '7': {'team': 'MIN', 'date': datetime.datetime(2024, 10, 20, 13, 0)}, '8': {'team': 'TEN', 'date': datetime.datetime(2024, 10, 27, 13, 0)}, '9': {'team': 'GB', 'date': datetime.datetime(2024, 11, 3, 16, 25)}, '10': {'team': 'HOU', 'date': datetime.datetime(2024, 11, 10, 20, 20)}, '11': {'team': 'JAX', 'date': datetime.datetime(2024, 11, 17, 13, 0)}, '12': {'team': 'IND', 'date': datetime.datetime(2024, 11, 24, 13, 0)}, '13': {'team': 'CHI', 'date': datetime.datetime(2024, 11, 28, 12, 30)}, '14': {'team': 'GB', 'date': datetime.datetime(2024, 12, 5, 20, 15)}, '15': {'team': 'BUF', 'date': datetime.datetime(2024, 12, 15, 16, 25)}, '16': {'team': 'CHI', 'date': datetime.datetime(2024, 12, 22, 13, 0)}, '17': {'team': 'SF', 'date': datetime.datetime(2024, 12, 30, 20, 15)}, '18': {'team': 'MIN', 'date': datetime.datetime(2025, 1, 5, 20, 20)}}","['K', 'BE', 'IR']",K,,,,,,,,,,,,,,,,,,,,,,,,,,,,,,,,,,,,,,,,,,,,,,,,,,,,,,,,,,,,,,,,,,,,,,,,,,,,,,6.0,8.0,7.0,8.0,1.0,13.0,13.0,,26.0,29.0,3.0,64.0,67.0,3.0,6.0,7.0,4.450126329,6.553941574,2.103815245,7.220756461,9.117116744,1.896360283,16.01935813,16.774197,0.754838865,27.69024092,32.44525532,4.755014393,43.46912159,45.95044566,2.481324065,4.450126329,6.553941574,2.103815245,,,,,,,,,,,,,,,,,,,,,,,,,,,,,,,,,,,,,,,,,,,,,,,,,,,,,,,,,,,,,,,,,,,,,,,,,,,,,,,,,,,,,,,2.0,1.0,1.0,1.0,,,,,,,,,,,,,,,,,,,,,,,,,,,,,,,,,,,,,,,,2024,,,,,,1045.0,162.0,1207.0,201.0,97.0,44.0,36.0,15.0,3.0,32.0,15.0,7.0,5.0,2.0,233.0,112.0,51.0,43.0,18.0,4.0,,,1045.821607,221.5874019,1267.409008,,,,,,,
81.0,7.36,73.86,4.92,,,,,,,,,,,,,,,,,35.0,41.18181818,1.0,86.0,40.0,17.0,14.0,5.0,2.0,56.0,83.0,12.94285714,,,,,,,,7.0,4.0,6.0,,,11.0,,,,,,,,,,,,,,,,,24.91157329,1.437967324,0.078800878,0.168838867,0.110336199,75.0,37.0,18.0,15.0,7.0,28.59534386,,,0.200802748,0.006210394,48.32382314,13.17012918,0.078800878,0.002106584,,0.478769098,0.478769098,,0.268110695,0.268110695,0.268110695,15.11764706,Noah Brown,WSH,ADD,86,3121409,17,Joemomma,BE,"{'1': {'team': 'TB', 'date': datetime.datetime(2024, 9, 8, 16, 25)}, '2': {'team': 'NYG', 'date': datetime.datetime(2024, 9, 15, 13, 0)}, '3': {'team': 'CIN', 'date': datetime.datetime(2024, 9, 23, 20, 15)}, '4': {'team': 'ARI', 'date': datetime.datetime(2024, 9, 29, 16, 5)}, '5': {'team': 'CLE', 'date': datetime.datetime(2024, 10, 6, 13, 0)}, '6': {'team': 'BAL', 'date': datetime.datetime(2024, 10, 13, 13, 0)}, '7': {'team': 'CAR', 'date': datetime.datetime(2024, 10, 20, 16, 5)}, '8': {'team': 'CHI', 'date': datetime.datetime(2024, 10, 27, 16, 25)}, '9': {'team': 'NYG', 'date': datetime.datetime(2024, 11, 3, 13, 0)}, '10': {'team': 'PIT', 'date': datetime.datetime(2024, 11, 10, 13, 0)}, '11': {'team': 'PHI', 'date': datetime.datetime(2024, 11, 14, 20, 15)}, '12': {'team': 'DAL', 'date': datetime.datetime(2024, 11, 24, 13, 0)}, '13': {'team': 'TEN', 'date': datetime.datetime(2024, 12, 1, 13, 0)}, '15': {'team': 'NO', 'date': datetime.datetime(2024, 12, 15, 13, 0)}, '16': {'team': 'PHI', 'date': datetime.datetime(2024, 12, 22, 13, 0)}, '17': {'team': 'ATL', 'date': datetime.datetime(2024, 12, 29, 20, 20)}, '18': {'team': 'DAL', 'date': datetime.datetime(2025, 1, 5, 13, 0)}}","['RB/WR', 'WR', 'WR/TE', 'RB/WR/TE', 'OP', 'BE', 'IR']",BE,1.0,1.0,,,,,,,,,,,,,,,,,,,,,,,,,,,,,,,,,,,,,,,,,,,,,,,,,,,,,,,,,,,,,,,,,,,,,,,,,,,,,,,,,,,,,,,,,,,,,,,,,,,,,,,,,,,,,,,,,,,,,,,,,,,,,,,,,,,,,,,,,,,,,,,,,,,,,,,,,,,,,,,,,,,,,,,,,,,,,,,,,,,,,,,,,,,,,,,,,,,,,,,,,,,,,,,,,,,,,,,,,,,,,,,,,,,,,,,,,,,,,,,2024,,,,,21.0,,,,,,,,,,,,,,,,,,,,,,,,,,,,,,16.34139043,,
91.0,5.35,55.33,3.69,2.0,0.41176471,,1.0,,,,,,,,,,,,3.5,42.0,33.05882353,,107.0,49.0,20.0,15.0,4.0,3.0,62.0,126.0,13.38095238,,,,,,1.0,1.0,10.0,7.0,,,,17.0,2.068957214,0.808436635,0.123306465,0.006121529,2.0,1.0,,,,,,0.00379856,0.002658992,0.000298251,1.01781e-05,5.907159235,17.52617561,1.331621707,0.071297329,0.166789621,0.108997017,52.0,26.0,13.0,10.0,5.0,19.68077232,,,0.105043204,0.003248759,34.03478302,13.46260872,0.077418859,0.001804047,0.039002535,0.371008158,0.410010693,0.017941166,0.207764568,0.225705734,0.225705734,15.11764706,Tutu Atwell,LAR,ADD,80,4360797,17,Joemomma,BE,"{'1': {'team': 'DET', 'date': datetime.datetime(2024, 9, 8, 20, 20)}, '2': {'team': 'ARI', 'date': datetime.datetime(2024, 9, 15, 16, 5)}, '3': {'team': 'SF', 'date': datetime.datetime(2024, 9, 22, 16, 25)}, '4': {'team': 'CHI', 'date': datetime.datetime(2024, 9, 29, 13, 0)}, '5': {'team': 'GB', 'date': datetime.datetime(2024, 10, 6, 16, 25)}, '7': {'team': 'LV', 'date': datetime.datetime(2024, 10, 20, 16, 5)}, '8': {'team': 'MIN', 'date': datetime.datetime(2024, 10, 24, 20, 15)}, '9': {'team': 'SEA', 'date': datetime.datetime(2024, 11, 3, 16, 25)}, '10': {'team': 'MIA', 'date': datetime.datetime(2024, 11, 11, 20, 15)}, '11': {'team': 'NE', 'date': datetime.datetime(2024, 11, 17, 13, 0)}, '12': {'team': 'PHI', 'date': datetime.datetime(2024, 11, 24, 20, 20)}, '13': {'team': 'NO', 'date': datetime.datetime(2024, 12, 1, 16, 5)}, '14': {'team': 'BUF', 'date': datetime.datetime(2024, 12, 8, 16, 25)}, '15': {'team': 'SF', 'date': datetime.datetime(2024, 12, 12, 20, 15)}, '16': {'team': 'NYJ', 'date': datetime.datetime(2024, 12, 22, 13, 0)}, '17': {'team': 'ARI', 'date': datetime.datetime(2024, 12, 28, 20, 0)}, '18': {'team': 'SEA', 'date': datetime.datetime(2025, 1, 5, 16, 25)}}","['RB/WR', 'WR', 'WR/TE', 'RB/WR/TE', 'OP', 'BE', 'IR']",BE,,,,,,,,,,,0.0342,,55.2,,,5.0,2.0,,,,1.0,,1.0,,,,,,,,,,,,,,,,,,,,,,,,,,,,,,,,,,,,,,,,,,,,,,,,,,,,,,,,,,,,,,,,,,,,,,,,,,,,,,,,,,,,,,,,,,,,,,,,,,,,,,,,,,,,,,,,,,,,,,,,,,,,,,,,,,,,,,,,,,,,,,,,,,,,,,,,,,,,,,,,,,,,,,,,,,,,,,,,,,,,,,,,,,,,,,,,,,,,,,,,,,,,,,,,,,,,,,,,,,2024,,,,,29.0,,,,,,,,,,,,,,,,,,,,,,,,,,,,,2.702278946,11.18711466,,
116.0,7.73,88.05,6.29,47.0,15.2,1.0,41.0,17.0,5.0,4.0,1.0,,4.0,,1.0,1.0,,,4.85106383,42.0,25.53333333,3.0,71.0,33.0,14.0,10.0,3.0,3.0,51.0,433.0,9.11904762,,,,,,1.0,1.0,10.0,5.0,24.0,,,15.0,65.81177048,20.65594933,2.259359887,0.087707358,58.0,29.0,14.0,11.0,5.0,13.0,6.0,0.126083264,0.088258285,0.274849134,0.009379546,4.449484583,12.51864954,0.787174295,0.045730559,0.044570161,0.0291266,35.0,17.0,8.0,7.0,3.0,23.39752898,,,0.070496663,0.002180309,31.45579679,7.585000416,0.133437916,0.003501338,0.587049685,0.208709049,0.795758734,0.270042855,0.116877067,0.386919923,0.386919923,14.17647059,Justice Hill,BAL,ADD,37,4038441,17,Joemomma,RB/WR/TE,"{'1': {'team': 'KC', 'date': datetime.datetime(2024, 9, 5, 20, 20)}, '2': {'team': 'LV', 'date': datetime.datetime(2024, 9, 15, 13, 0)}, '3': {'team': 'DAL', 'date': datetime.datetime(2024, 9, 22, 16, 25)}, '4': {'team': 'BUF', 'date': datetime.datetime(2024, 9, 29, 20, 20)}, '5': {'team': 'CIN', 'date': datetime.datetime(2024, 10, 6, 13, 0)}, '6': {'team': 'WSH', 'date': datetime.datetime(2024, 10, 13, 13, 0)}, '7': {'team': 'TB', 'date': datetime.datetime(2024, 10, 21, 20, 15)}, '8': {'team': 'CLE', 'date': datetime.datetime(2024, 10, 27, 13, 0)}, '9': {'team': 'DEN', 'date': datetime.datetime(2024, 11, 3, 13, 0)}, '10': {'team': 'CIN', 'date': datetime.datetime(2024, 11, 7, 20, 15)}, '11': {'team': 'PIT', 'date': datetime.datetime(2024, 11, 17, 13, 0)}, '12': {'team': 'LAC', 'date': datetime.datetime(2024, 11, 25, 20, 15)}, '13': {'team': 'PHI', 'date': datetime.datetime(2024, 12, 1, 16, 25)}, '15': {'team': 'NYG', 'date': datetime.datetime(2024, 12, 15, 13, 0)}, '16': {'team': 'PIT', 'date': datetime.datetime(2024, 12, 21, 16, 30)}, '17': {'team': 'HOU', 'date': datetime.datetime(2024, 12, 25, 16, 30)}, '18': {'team': 'CLE', 'date': datetime.datetime(2025, 1, 4, 16, 30)}}","['RB', 'RB/WR', 'RB/WR/TE', 'OP', 'BE', 'IR']",RB/WR/TE,,,,,,,183.0,16.0,6.0,0.143635474,,659.2643827,,65.0,26.0,,,,,1.0,,,,,,,,,,,,,,,,,,,,,,,,,,,,,,,,,,,,,,,,,,,,,,,,,,,,,2.0,,,,,,,,,,,,,,,,,,,,,,,,,,,,,,,,,,,,,,,,,,,,,,,,,,,,,,,,,,,,,,,,,,,,,,,,,,,,,,,,,,,,,,,,,,,,,,,,,,,,,,,,,,,,,,,,,,,,,,,,,,,,,,,,,,,,,,,,,,,,,,,,,,,,,,,,,,,,,,,,,,,,,,,,2024,,,,14.0,17.0,,,,,,,,,,,,,,,,,,,,,,,,,,,,,17.64206825,9.399179971,,
85.0,5.0,82.59,4.86,,,,,,,,,,,,,,,,,,,,,,,,,,,,,,,,,,686.0,1074.0,10.0,7.0,,,,17.0,,,,,,,,,,,,,,,,,,,,,,,,,,,,,,,,,,,,,,,,,,,17.0,Buccaneers D/ST,TB,ADD,15,-16027,17,Joemomma,D/ST,"{'1': {'team': 'WSH', 'date': datetime.datetime(2024, 9, 8, 16, 25)}, '2': {'team': 'DET', 'date': datetime.datetime(2024, 9, 15, 13, 0)}, '3': {'team': 'DEN', 'date': datetime.datetime(2024, 9, 22, 13, 0)}, '4': {'team': 'PHI', 'date': datetime.datetime(2024, 9, 29, 13, 0)}, '5': {'team': 'ATL', 'date': datetime.datetime(2024, 10, 3, 20, 15)}, '6': {'team': 'NO', 'date': datetime.datetime(2024, 10, 13, 13, 0)}, '7': {'team': 'BAL', 'date': datetime.datetime(2024, 10, 21, 20, 15)}, '8': {'team': 'ATL', 'date': datetime.datetime(2024, 10, 27, 13, 0)}, '9': {'team': 'KC', 'date': datetime.datetime(2024, 11, 4, 20, 15)}, '10': {'team': 'SF', 'date': datetime.datetime(2024, 11, 10, 13, 0)}, '12': {'team': 'NYG', 'date': datetime.datetime(2024, 11, 24, 13, 0)}, '13': {'team': 'CAR', 'date': datetime.datetime(2024, 12, 1, 16, 5)}, '14': {'team': 'LV', 'date': datetime.datetime(2024, 12, 8, 13, 0)}, '15': {'team': 'LAC', 'date': datetime.datetime(2024, 12, 15, 16, 25)}, '16': {'team': 'DAL', 'date': datetime.datetime(2024, 12, 22, 20, 20)}, '17': {'team': 'CAR', 'date': datetime.datetime(2024, 12, 29, 13, 0)}, '18': {'team': 'NO', 'date': datetime.datetime(2025, 1, 5, 13, 0)}}","['D/ST', 'BE', 'IR']",D/ST,,,,,,,816.0,74.0,24.0,0.441232569,0.171,1447.794366,276.0,144.0,57.0,27.0,11.0,,,,,,,,,,,,,,,,,,,,,,,,,,,,,,,,,,,,,,,,,,,,,,,,,,,,,,,,,388.0,,,16.0,,,,,,,,,,,,,,,,,,,,,,,,,,,,,,,,,,,11.0,0.0,0.0,2.0,4.0,1.0,7.0,2.0,1.0,46.0,92.0,,,,2.0,353.0,208.0,69.0,62.0,159.0,12.0,2.0,383.0,2.0,5.0,2.0,2.0,5810.0,0.0,0.0,7.0,2.0,4.0,1.0,1.0,1.0,1.0,0.0,0.0,2.0,4.0,2.0,5.0,2.0,2.0,0.095123901,0.424660272,1.851518785,2.174260592,0.113324979,1.85162912,13.17429345,8.670502342,1.835976345,0.225620471,40.60292149,81.20584299,1.287153462,0.564475659,2.577186668,14.94208025,1065.876789,355.0,213.0,73.88101946,391.9397563,2.463029576,4.212629896,3.550159872,1.970423661,0.258193445,23.05527978,6098.710207,0.220735118,2.377147423,3.175189772,4.261885737,3.633639632,2.207351179,0.865960847,0.258090292,358.7476592,,,,,,,,,,1.0,,,,1.0,,,,,,,,,,,,,,,,,,,,,,,,,,,,,,,,,,2024,,,,,,,,,,,,,,,,,,,,,,,,,,,,,,,,,,,,,52.91737813
111.0,9.25,228.76,15.25,45.0,15.25,,34.0,14.0,4.0,3.0,,,3.0,,,,,,4.06666667,,,,,,,,,,,,,5.0,10.0,3.0,6.0,18.0,,,2.0,10.0,78.0,,,12.0,49.58103989,10.85973151,2.044450354,0.117822072,32.0,16.0,8.0,6.0,3.0,9.0,4.0,0.093707213,0.065595049,0.076596269,0.002613937,3.285448893,,,,,,,,,,,,,,,,,,1.144977794,0.05104969,0.90295786,,11.60220218,0.415360616,,5.55099789,18.07051857,15.0,Will Levis,TEN,ADD,31,4361418,17,Joemomma,BE,"{'1': {'team': 'CHI', 'date': datetime.datetime(2024, 9, 8, 13, 0)}, '2': {'team': 'NYJ', 'date': datetime.datetime(2024, 9, 15, 13, 0)}, '3': {'team': 'GB', 'date': datetime.datetime(2024, 9, 22, 13, 0)}, '4': {'team': 'MIA', 'date': datetime.datetime(2024, 9, 30, 19, 30)}, '6': {'team': 'IND', 'date': datetime.datetime(2024, 10, 13, 13, 0)}, '7': {'team': 'BUF', 'date': datetime.datetime(2024, 10, 20, 13, 0)}, '8': {'team': 'DET', 'date': datetime.datetime(2024, 10, 27, 13, 0)}, '9': {'team': 'NE', 'date': datetime.datetime(2024, 11, 3, 13, 0)}, '10': {'team': 'LAC', 'date': datetime.datetime(2024, 11, 10, 16, 5)}, '11': {'team': 'MIN', 'date': datetime.datetime(2024, 11, 17, 13, 0)}, '12': {'team': 'HOU', 'date': datetime.datetime(2024, 11, 24, 13, 0)}, '13': {'team': 'WSH', 'date': datetime.datetime(2024, 12, 1, 13, 0)}, '14': {'team': 'JAX', 'date': datetime.datetime(2024, 12, 8, 13, 0)}, '15': {'team': 'CIN', 'date': datetime.datetime(2024, 12, 15, 13, 0)}, '16': {'team': 'IND', 'date': datetime.datetime(2024, 12, 22, 13, 0)}, '17': {'team': 'JAX', 'date': datetime.datetime(2024, 12, 29, 13, 0)}, '18': {'team': 'HOU', 'date': datetime.datetime(2025, 1, 5, 13, 0)}}","['QB', 'OP', 'BE', 'IR']",BE,,,,,,,,,,,,,,,,,,,,,301.0,190.0,111.0,174.25,13.0,415.0,203.0,98.0,79.0,35.0,13.0,31.0,10.0,16.0,5.0,5.0,2.0,,1.0,12.0,0.63122924,41.0,6.0,2.0,4.0,1.0,1.0,548.9357709,348.249113,200.6866579,254.1276929,20.50846549,762.0,381.0,190.0,152.0,76.0,38.0,69.0,34.0,3.255408198,2.127409257,3.572981459,0.482616111,1.027155722,12.51952068,0.63440776,38.55527686,10.69924432,5.135637274,,,,,,,,,,,,,,,,,,,,,,,,,,,,,,,,,,,,,,,,,,,,,,,,,,,,,,,,,,,,,,,,,,,,,,,,,,,,,,,,,,,,,,,,,,,,,,,,,,,,,,,,,,,,,,,,,,,,,,,,,,,,,,,4.0,,,,,,,,,,,,,,,,,,,,,,,,,,,,,,,,,,,,,,,,,,,,2024,,,87.0,20.0,,,,,,,,,,,,,,,,,,,,,,,,,,,,,,11.86480869,,185.3149001,
117.0,6.88,119.76,7.98,,,,,,,,,,,,,,,,,50.0,32.23529412,3.0,105.0,49.0,21.0,15.0,3.0,4.0,66.0,212.0,10.96,,2.0,,,,,,5.0,12.0,18.0,,,17.0,,,,,,,,,,,,,,,,,33.85025547,3.913602515,0.195746714,0.131093517,0.085669613,102.0,51.0,25.0,20.0,10.0,45.34387103,,,0.41135287,0.012722254,69.62341436,11.28567552,0.195746714,0.001827925,,0.415437456,0.415437456,,0.232644976,0.232644976,0.232644976,15.11764706,Juwan Johnson,NO,ADD,16,3929645,17,Joemomma,BE,"{'1': {'team': 'CAR', 'date': datetime.datetime(2024, 9, 8, 13, 0)}, '2': {'team': 'DAL', 'date': datetime.datetime(2024, 9, 15, 13, 0)}, '3': {'team': 'PHI', 'date': datetime.datetime(2024, 9, 22, 13, 0)}, '4': {'team': 'ATL', 'date': datetime.datetime(2024, 9, 29, 13, 0)}, '5': {'team': 'KC', 'date': datetime.datetime(2024, 10, 7, 20, 15)}, '6': {'team': 'TB', 'date': datetime.datetime(2024, 10, 13, 13, 0)}, '7': {'team': 'DEN', 'date': datetime.datetime(2024, 10, 17, 20, 15)}, '8': {'team': 'LAC', 'date': datetime.datetime(2024, 10, 27, 16, 5)}, '9': {'team': 'CAR', 'date': datetime.datetime(2024, 11, 3, 13, 0)}, '10': {'team': 'ATL', 'date': datetime.datetime(2024, 11, 10, 13, 0)}, '11': {'team': 'CLE', 'date': datetime.datetime(2024, 11, 17, 13, 0)}, '13': {'team': 'LAR', 'date': datetime.datetime(2024, 12, 1, 16, 5)}, '14': {'team': 'NYG', 'date': datetime.datetime(2024, 12, 8, 13, 0)}, '15': {'team': 'WSH', 'date': datetime.datetime(2024, 12, 15, 13, 0)}, '16': {'team': 'GB', 'date': datetime.datetime(2024, 12, 23, 20, 15)}, '17': {'team': 'LV', 'date': datetime.datetime(2024, 12, 29, 13, 0)}, '18': {'team': 'TB', 'date': datetime.datetime(2025, 1, 5, 13, 0)}}","['WR/TE', 'TE', 'RB/WR/TE', 'OP', 'BE', 'IR']",BE,,,,,2.0,,,,,,,,,,,,,,1.0,,,,,,,,,,,,,,,,,,,,,,,,,,,,,,,,,,,,,,,,,,,,,,,,,,,,,,2.0,,,,,,,,,,,,,,,,,,,,,,,,,,,,,,,,,,,,,,,,,,,,,,,,,,,,,,,,,,,,,,,,,,,,,,,,,,,,,,,,,,,,,,,,,,,,,,,,,,,,,,,,,,,,,,,,,,,,,,,,,,,,,,,,,,,,,,,,,,,,,,,,,,,,,,,,,,,,,,,,,,,,,,,,2024,,,,,27.0,,,,,,,,,,,,,,,,,,,,,,,,,,,,,,24.89766411,,
114.0,7.12,39.16,2.8,66.0,19.4375,2.0,57.0,26.0,11.0,8.0,2.0,1.0,9.0,3.0,,,1.0,,4.71212121,40.0,16.3125,3.0,46.0,20.0,6.0,5.0,1.0,3.0,47.0,252.0,6.525,1.0,2.0,1.0,1.0,1.0,2.0,4.0,4.0,12.0,30.0,2.0,,16.0,23.99652702,7.27092394,0.621476866,0.029884538,20.0,10.0,5.0,4.0,2.0,4.0,2.0,0.044584626,0.031209238,0.026913644,0.000918459,4.295456559,6.645741264,0.419105036,0.023644662,0.042509932,0.02778024,18.0,9.0,4.0,3.0,1.0,13.02422668,,,0.041511603,0.001283864,16.96675016,7.233685186,0.053529199,0.0012061,0.177677981,0.096435551,0.274113531,0.081731871,0.054003908,0.135735779,0.135735779,14.17647059,Ameer Abdullah,LV,ADD,38,2576336,17,Joemomma,RB,"{'1': {'team': 'LAC', 'date': datetime.datetime(2024, 9, 8, 16, 5)}, '2': {'team': 'BAL', 'date': datetime.datetime(2024, 9, 15, 13, 0)}, '3': {'team': 'CAR', 'date': datetime.datetime(2024, 9, 22, 16, 5)}, '4': {'team': 'CLE', 'date': datetime.datetime(2024, 9, 29, 16, 25)}, '5': {'team': 'DEN', 'date': datetime.datetime(2024, 10, 6, 16, 5)}, '6': {'team': 'PIT', 'date': datetime.datetime(2024, 10, 13, 16, 5)}, '7': {'team': 'LAR', 'date': datetime.datetime(2024, 10, 20, 16, 5)}, '8': {'team': 'KC', 'date': datetime.datetime(2024, 10, 27, 16, 25)}, '9': {'team': 'CIN', 'date': datetime.datetime(2024, 11, 3, 13, 0)}, '11': {'team': 'MIA', 'date': datetime.datetime(2024, 11, 17, 13, 0)}, '12': {'team': 'DEN', 'date': datetime.datetime(2024, 11, 24, 16, 5)}, '13': {'team': 'KC', 'date': datetime.datetime(2024, 11, 29, 15, 0)}, '14': {'team': 'TB', 'date': datetime.datetime(2024, 12, 8, 13, 0)}, '15': {'team': 'ATL', 'date': datetime.datetime(2024, 12, 16, 20, 30)}, '16': {'team': 'JAX', 'date': datetime.datetime(2024, 12, 22, 16, 25)}, '17': {'team': 'NO', 'date': datetime.datetime(2024, 12, 29, 13, 0)}, '18': {'team': 'LAC', 'date': datetime.datetime(2025, 1, 5, 16, 25)}}","['RB', 'RB/WR', 'RB/WR/TE', 'OP', 'BE', 'IR']",RB,,,,,,,296.0,26.0,9.0,0.17442792,,787.8627598,,78.0,31.0,,,,2.0,,,,,,,,,,,,,,,,,,,,,,,,,,,,,,,,,,,,,,,,,,,,,,,,,,,,,,1.0,2.0,,,,,,,,,,,,,,,,,,,,,,,,,,,,,,,,,,,,,,,,,,,,,,,,,,,,,1.0,,,,91.0,8.0,3.0,,,,,,,,,,,,,,,,,,,,,,,,,,,,,,,,,,,,,,,,,,,,,,,,,,,,,,,,,,,,,,,,,,,,,,,,,,,,,,,,,,,,,,,,,,,,,,,,,,,,,,,,,,,,2024,,,,14.0,16.0,,,,,,,,,,,,,,,,,,,,,,,,,,,,,7.473562904,4.588348457,,
121.0,7.12,112.39,7.49,13.0,2.47058824,,6.0,2.0,,,,,,,,,,,3.23076923,39.0,29.58823529,6.0,94.0,44.0,20.0,14.0,6.0,2.0,52.0,477.0,12.8974359,1.0,1.0,,,,2.0,2.0,10.0,7.0,36.0,,1.0,17.0,7.767344093,2.948622164,0.298431537,0.018054768,8.0,4.0,2.0,1.0,,1.0,,0.014304974,0.010013482,0.004830059,0.000164831,5.738928087,32.78264798,2.135160391,0.11732668,0.179817718,0.117510879,99.0,49.0,24.0,19.0,9.0,38.41945968,,,0.376822982,0.011654319,62.55627067,12.89962186,0.135381448,0.004064439,0.155346882,0.768389194,0.923736075,0.071459566,0.430297948,0.501757514,0.501757514,15.11764706,Marvin Mims Jr.,DEN,ADD,57,4686472,17,Joemomma,WR,"{'1': {'team': 'SEA', 'date': datetime.datetime(2024, 9, 8, 16, 5)}, '2': {'team': 'PIT', 'date': datetime.datetime(2024, 9, 15, 16, 25)}, '3': {'team': 'TB', 'date': datetime.datetime(2024, 9, 22, 13, 0)}, '4': {'team': 'NYJ', 'date': datetime.datetime(2024, 9, 29, 13, 0)}, '5': {'team': 'LV', 'date': datetime.datetime(2024, 10, 6, 16, 5)}, '6': {'team': 'LAC', 'date': datetime.datetime(2024, 10, 13, 16, 5)}, '7': {'team': 'NO', 'date': datetime.datetime(2024, 10, 17, 20, 15)}, '8': {'team': 'CAR', 'date': datetime.datetime(2024, 10, 27, 16, 25)}, '9': {'team': 'BAL', 'date': datetime.datetime(2024, 11, 3, 13, 0)}, '10': {'team': 'KC', 'date': datetime.datetime(2024, 11, 10, 13, 0)}, '11': {'team': 'ATL', 'date': datetime.datetime(2024, 11, 17, 16, 5)}, '12': {'team': 'LV', 'date': datetime.datetime(2024, 11, 24, 16, 5)}, '13': {'team': 'CLE', 'date': datetime.datetime(2024, 12, 2, 20, 15)}, '15': {'team': 'IND', 'date': datetime.datetime(2024, 12, 15, 16, 25)}, '16': {'team': 'LAC', 'date': datetime.datetime(2024, 12, 19, 20, 15)}, '17': {'team': 'CIN', 'date': datetime.datetime(2024, 12, 28, 16, 30)}, '18': {'team': 'KC', 'date': datetime.datetime(2025, 1, 5, 16, 25)}}","['RB/WR', 'WR', 'WR/TE', 'RB/WR/TE', 'OP', 'BE', 'IR']",WR,2.0,2.0,2.0,2.0,1.0,,194.0,17.0,6.0,1.049915123,0.12996,1505.839247,468.0,150.0,60.0,46.0,18.0,,1.0,1.0,,,,,,,,,,,,,,,,,,,,,,,1.0,,,,,,,,,,,,,,,,,,,,,,,,,,,,,,1.0,,,,,,,,,,,,,,,,,,,,,,,,,,,,,,,,,,,,,,,,,,,,,,,,,,,,,,,,,,408.0,35.0,10.0,,,,,,,,,,,,,,,,,,,,,,,,,,,,,,,,,,,,,,,,,,,,,,,,,,,,,,,,,,,,,,,,,,,,,,,,,,,,,,,,,,,,,,,,,,,,,,,,,,,,,,,,,,,,2024,,,,3.0,14.0,,,,,,,,,,,,,,,,,,,,,,,,,,,,,4.271492578,22.14705972,,
166.0,9.76,140.45,8.26,,,,,,,,,,,,,,,,,,,,,,,,,,,,,,,,,,2.0,2.0,10.0,7.0,142.0,,,17.0,,,,,,,,,,,,,,,,,,,,,,,,,,,,,,,,,,,,,,,,,,,17.0,Ka'imi Fairbairn,HOU,FA,4,2971573,,FA,,{},"['K', 'BE', 'IR']",,,,,,,,,,,,,,,,,,,,,,,,,,,,,,,,,,,,,,,,,,,,,,,,,,,,,,,,,,,,,,,,,,,,,,,,,,,,,,,13.0,16.0,4.0,5.0,1.0,19.0,21.0,2.0,36.0,42.0,6.0,34.0,36.0,2.0,13.0,16.0,4.655730232,6.573732573,1.918002341,7.509880819,9.144647787,1.634766967,16.55956227,16.8248502,0.265287931,28.72517332,32.54323056,3.818057239,41.26994158,42.31805941,1.048117831,4.655730232,6.573732573,1.918002341,,,,,,,,,,,,,,,,,,,,,,,,,,,,,,,,,,,,,,,,,,,,,,,,,,,,,,,,,,,,,,,,,,,,,,,,,,,,,,,,,,,,,,,3.0,3.0,,,,,,,,,,,,,,,,,,,,,,,,,,,,,,,,,,,,,,,,,,2024,,,,,,1474.0,263.0,1780.0,290.0,142.0,67.0,53.0,24.0,8.0,50.0,24.0,11.0,9.0,3.0,351.0,172.0,81.0,66.0,31.0,12.0,,,1086.140937,185.0952779,1271.236215,,,,,,,
43.0,10.75,334.0,25.69,50.0,50.5,,38.0,18.0,7.0,7.0,2.0,,8.0,3.0,,,,,4.04,15.0,36.5,,27.0,12.0,5.0,4.0,1.0,1.0,19.0,98.0,9.73333333,,1.0,,1.0,1.0,,,1.0,3.0,,,,4.0,257.9429524,89.06471553,11.94783563,0.36693727,243.0,121.0,60.0,48.0,24.0,51.0,25.0,0.539639447,0.377747613,3.842546082,0.131131355,4.722326976,38.52185576,3.872869993,0.170985477,0.068166947,0.0445471,105.0,52.0,26.0,21.0,10.0,67.32621601,,,0.44781188,0.013849852,83.61082052,7.825228544,0.537922747,0.010961513,1.975598007,0.515654865,2.491252872,0.908775083,0.288766724,1.197541807,1.197541807,13.67647059,Christian McCaffrey,SF,FA,68,3117251,,FA,,{},"['RB', 'RB/WR', 'RB/WR/TE', 'OP', 'BE', 'IR']",,,,,,1.0,1.0,,,,,,,,,,,,,,,,,,,,,,,,,,,,,,,,,,,,,,,,,,,,,,,,,,,,,,,,,,,,,,,,,,,,,,,,,,,,,,,,,,,,,,,,,,,,,,,,,,,,,,,,,,,,,,,,,,,,,,,,,,,,,,,,,,,,,,,,,,,,,,,,,,,,,,,,,,,,,,,,,,,,,,,,,,,,,,,,,,,,,,,,,,,,,,,,,,,,,,,,,,,,,,,,,,,,,,,,,,,,,,,,,,,,,,,,,,,2024,,,,12.0,6.0,,,,,,,,,,,,,,,,,,,,,,,,,,,,,67.77921129,30.30809587,,
137.0,9.79,108.95,7.26,1.0,-0.28571429,,,,,,,,,,,,,,-4.0,59.0,42.85714286,4.0,117.0,56.0,25.0,18.0,6.0,6.0,87.0,311.0,10.16949153,,2.0,,1.0,1.0,4.0,4.0,8.0,6.0,24.0,,,14.0,,,,,,,,,,,,,,,,,30.20126807,3.468806531,0.162743215,0.105555677,0.068980635,91.0,45.0,22.0,18.0,9.0,43.37652043,,,0.306879928,0.009491132,65.36034937,10.52578923,0.162743215,0.002269234,,0.515735091,0.515735091,,0.288811651,0.288811651,0.288811651,15.11764706,Cade Otton,TB,FA,13,4243331,,FA,,{},"['WR/TE', 'TE', 'RB/WR/TE', 'OP', 'BE', 'IR']",,,,1.0,1.0,2.0,1.0,,,,,,,,,,,,,3.0,,,,,,,,,,,,,,,,,,,,,,,,,,,,,,,,,,,,,,,,,,,,,,,,,,,,,,1.0,,,,,,,,,,,,,,,,,,,,,,,,,,,,,,,,,,,,,,,,,,,,,,,,,,,,,,,,,,,,,,,,,,,,,,,,,,,,,,,,,,,,,,,,,,,,,,,,,,,,,,,,,,,,,,,,,,,,,,,,,,,,,,,,,,,,,,,,,,,,,,,,,,,,,,,,,,,,,,,,,,,,,,,,2024,,,,,31.0,,,,,,,,,,,,,,,,,,,,,,,,,,,,,,22.7461464,,
122.0,7.18,96.01,5.65,,,,,,,,,,,,,,,,,,,,,,,,,,,,,,,,,,674.0,1055.0,10.0,7.0,,,,17.0,,,,,,,,,,,,,,,,,,,,,,,,,,,,,,,,,,,,,,,,,,,17.0,Texans D/ST,HOU,FA,5,-16034,,FA,,{},"['D/ST', 'BE', 'IR']",,,,,,,,722.0,66.0,24.0,0.473501918,0.217146667,1495.215796,246.0666667,149.0,59.0,24.0,9.0,,,,,,,,,,,,,,,,,,,,,,,,,,,,,,,,,,,,,,,,,,,,,,,,,,,,,,,,,381.0,,,11.0,,,,,,,,,,,,,,,,,,,,,,,,,,,,,,,,,,,9.0,0.0,0.0,3.0,1.0,3.0,19.0,,1.0,49.0,98.0,,,1.0,3.0,346.0,205.0,79.0,90.0,340.0,28.0,7.0,370.0,6.0,4.0,3.0,0.0,5355.0,0.0,0.0,7.0,5.0,4.0,1.0,0.0,0.0,0.0,0.0,0.0,3.0,1.0,6.0,4.0,3.0,0.0,0.141907428,0.637308807,2.44726582,2.515245426,0.112640488,1.858498284,13.88935723,9.528479624,1.741669118,0.215496422,40.51842468,81.03684936,1.284325618,0.574172666,2.661787356,12.90630106,1079.053949,359.0,215.0,68.31043092,384.0340019,2.464260722,3.917324803,3.084574628,1.589023293,0.203089073,22.59023541,5975.005181,0.322806316,3.058165101,3.414951029,4.128522886,3.262042774,1.868878673,0.730561663,0.214071557,351.470893,,,,,,,,,,2.0,,,,,,,,,,,,,,,,,,,,,,,,,,,,,,,,,,,,,,2024,,,,,,,,,,,,,,,,,,,,,,,,,,,,,,,,,,,,,52.9295016
60.0,7.5,132.85,14.76,102.0,41.5,3.0,63.0,30.0,13.0,9.0,3.0,,18.0,7.0,,,,,3.25490196,5.0,3.875,1.0,6.0,3.0,1.0,,,,11.0,31.0,6.2,1.0,1.0,1.0,1.0,1.0,3.0,3.0,2.0,6.0,24.0,3.0,,8.0,150.0697053,74.70624915,4.812094738,0.240983709,145.0,72.0,36.0,29.0,14.0,30.0,15.0,0.310091653,0.217064157,2.107689046,0.071927341,4.831688472,14.09888357,0.485482781,0.026231461,0.04635453,0.030292685,27.0,13.0,6.0,5.0,2.0,16.58302394,,,0.051172658,0.00158266,21.46127523,8.251939195,0.267215169,0.005094906,1.042711309,0.115221833,1.157933142,0.479647202,0.064524227,0.544171429,0.544171429,9.705882353,Nick Chubb,CLE,FA,57,3128720,,FA,,{},"['RB', 'RB/WR', 'RB/WR/TE', 'OP', 'BE', 'IR']",,,,,,,,,,,,,,,,,,,,1.0,,,,,,,,,,,,,,,,,,,,,,,,1.0,,,,,,,,,,,,,,,,,,,,,,,,,,,,,,,,,,,,,,,,,,,,,,,,,,,,,,,,,,,,,,,,,,,,,,,,,,,,,,,,,,,,,,,,,,,,,,,,,,,,,,,,,,,,,,,,,,,,,,,,,,,,,,,,,,,,,,,,,,,,,,,,,,,,,,,,,,1.0,,,,,,,,,,,,,,,,,,,,,,,,,,,,,,,,,,,,,,,,,,,,2024,,,,17.0,3.0,,,,,,,,,,,,,,,,,,,,,,,,,,,,,38.52823604,7.007977905,,
123.0,10.25,173.29,12.38,77.0,30.58333333,4.0,69.0,32.0,13.0,8.0,2.0,,9.0,2.0,,,,,4.76623377,35.0,30.5,,69.0,32.0,15.0,9.0,2.0,1.0,41.0,424.0,10.45714286,1.0,3.0,,,,,,7.0,5.0,24.0,3.0,,12.0,120.2751952,33.89710055,3.752077567,0.139264383,96.0,48.0,24.0,19.0,9.0,24.0,12.0,0.235064751,0.164545326,0.599379747,0.020454531,3.995347904,30.41613742,2.003239618,0.109784275,0.071757099,0.046893264,86.0,43.0,21.0,17.0,8.0,49.36145303,,,0.268934464,0.008317561,67.56663075,8.735429189,0.249048658,0.009711408,1.564897494,0.642240605,2.207138099,0.719852847,0.359654739,1.079507586,1.079507586,14.17647059,Austin Ekeler,WSH,FA,33,3068267,,FA,,{},"['RB', 'RB/WR', 'RB/WR/TE', 'OP', 'BE', 'IR']",,,,,,1.0,,594.0,54.0,18.0,,,,,,,,,,,,,,,,,,,,,,,,,,,,,,,,,,,,,,,,,,,,,,,,,,,,,,,,,,,,,,,,,,,1.0,,,,,,,,,,,,,,,,,,,,,,,,,,,,,,,,,,,,,,,,,,,,,,,,,,,,,,,,,,,,,,,,,,,,,,,,,,,,,,,,,,,,,,,,,,,,,,,,,,,,,,,,,,,,,,,,,,,,,,,,,,,,,,,,,,,,,,,,,,,,,,,,,,,,,,,,,,,,,,,,,,,,,2024,,,,19.0,14.0,,,,,,,,,,,,,,,,,,,,,,,,,,,,,28.40190123,22.81117354,,
96.0,7.38,146.59,8.62,,,,,,,,,,,,,,,,,,,,,,,,,,,,,,,,,,,,12.0,1.0,92.0,,,13.0,,,,,,,,,,,,,,,,,,,,,,,,,,,,,,,,,,,,,,,,,,,17.0,Harrison Butker,KC,FA,28,3055899,,FA,,{},"['K', 'BE', 'IR']",,,,,,,,,,,,,,,,,,,,,,,,,,,,,,,,,,,,,,,,,,,,,,,,,,,,,,,,,,,,,,,,,,,,,,,,,,,,,,,2.0,5.0,4.0,4.0,,15.0,16.0,1.0,21.0,25.0,4.0,29.0,31.0,2.0,2.0,4.0,4.593940254,6.537617332,1.943677078,7.418248389,9.094408269,1.67615988,16.37590497,16.73241664,0.356511668,28.38809361,32.36444224,3.976348626,48.79122075,50.31613398,1.524913231,4.593940254,6.537617332,1.943677078,,,,,,,,,,,,,,,,,,,,,,,,,,,,,,,,,,,,,,,,,,,,,,,,,,,,,,,,,,,,,,,,,,,,,,,,,,,,,,,,,,,,,,,3.0,2.0,1.0,1.0,,,,,,,,,,,,,,,,,,,,,,,,,,,,,,,,,,,,,,,,2024,,,,,,707.0,196.0,903.0,138.0,67.0,31.0,23.0,9.0,2.0,38.0,18.0,8.0,7.0,3.0,176.0,86.0,40.0,31.0,13.0,3.0,,,1073.1711,191.0811069,1264.252207,,,,,,,
71.0,4.18,131.3,7.72,,,,,,,,,,,,,,,,,,,,,,,,,,,,,,,,,,708.0,1120.0,5.0,12.0,,,,17.0,,,,,,,,,,,,,,,,,,,,,,,,,,,,,,,,,,,,,,,,,,,17.0,Jets D/ST,NYJ,FA,22,-16020,,FA,,{},"['D/ST', 'BE', 'IR']",,,,,,,,878.0,82.0,30.0,0.330896434,0.303856364,1402.236307,288.6,140.0,56.0,28.0,11.0,,,,,,,,,,,,,,,,,,,,,,,,,,,,,,,,,,,,,,,,,,,,,,,,,,,,,,,,,412.0,,,14.0,,,,,,,,,,,,,,,,,,,,,,,,,,,,,,,,,,,10.0,0.0,1.0,2.0,2.0,,7.0,2.0,,43.0,86.0,1.0,,,1.0,367.0,218.0,80.0,56.0,266.0,22.0,7.0,390.0,3.0,3.0,4.0,2.0,5334.0,0.0,2.0,4.0,5.0,2.0,4.0,0.0,0.0,0.0,0.0,1.0,2.0,2.0,3.0,3.0,4.0,2.0,0.301321851,1.361906669,4.477268175,3.677148007,0.117857116,1.866603164,14.4494834,9.161040469,1.739515138,0.215624326,41.40578902,82.81157804,1.297971765,0.568631399,2.619213077,13.90477729,1037.961692,345.0,207.0,74.64162058,326.6597951,2.468455838,2.911075506,1.498097336,0.289405167,0.01532145,19.21528206,5616.833801,0.732318173,5.790422761,4.376878381,3.593468243,1.771188139,0.510919655,0.187337207,0.037467441,330.4019883,,,,,,,,,,,,,,,,,,,,,,,,,,,,,,,,,,,,,,,,,,,,,,,,2024,,,,,,,,,,,,,,,,,,,,,,,,,,,,,,,,,,,,,46.05665032
34.0,11.33,0.0,0.0,35.0,43.66666667,1.0,25.0,12.0,5.0,3.0,1.0,,6.0,2.0,,,,,3.74285714,11.0,19.0,,11.0,5.0,1.0,1.0,,1.0,11.0,73.0,5.18181818,1.0,,1.0,,,,,1.0,2.0,6.0,1.0,,3.0,,,,,,,,,,,,,,,,,,,,,,,,,,,,,,,,,,,,,,,,,,,,Michael Carter,ARI,FA,75,4240657,,FA,,{},"['RB', 'RB/WR', 'RB/WR/TE', 'OP', 'BE', 'IR']",,,,,,,,,,,,,,,,,,,,,,,,,,,,,,,,,,,,,,,,,,,,1.0,,,,,,,,,,,,,,,,,,,,,,,,,,,,,,,,,,,,,,,,,,,,,,,,,,,,,,,,,,,,,,,,,,,,,,,,,,,,,,,,,,,,,,,,,,,,,,,,,,,,,,,,,,,,,,,,,,,,,,,,,,,,,,,,,,,,,,,,,,,,,,,,,,,,,,,,,,1.0,,,,,,,,,,,,,,,,,,,,,,,,,,,,,,,,,,,,,,,,,,,,2024,,,,9.0,2.0,,,,,,,,,,,,,,,,,,,,,,,,,,,,,,,,
134.0,19.14,213.35,14.22,1.0,0.28571429,,,,,,,,,,,,,,2.0,50.0,82.28571429,5.0,112.0,54.0,26.0,20.0,9.0,8.0,62.0,350.0,11.52,,1.0,,,,2.0,2.0,4.0,3.0,30.0,,,7.0,3.875756216,1.609853944,0.257332076,0.016694856,4.0,2.0,1.0,,,,,0.007122837,0.004985986,0.001362856,4.65091e-05,6.279343276,64.32492488,5.349398672,0.250913766,0.171685742,0.112196632,194.0,97.0,48.0,38.0,19.0,81.38992469,,,2.344182257,0.072500482,124.1831233,11.94793477,0.267608622,0.004931644,0.050947302,1.069880767,1.120828068,0.023435759,0.599133229,0.622568988,0.622568988,15.11764706,Chris Godwin,TB,FA,51,3116165,,FA,,{},"['RB/WR', 'WR', 'WR/TE', 'RB/WR/TE', 'OP', 'BE', 'IR']",,2.0,1.0,2.0,2.0,1.0,,,,,,,,,,,,,1.0,3.0,,,,,,,,,,,,,,,,,,,,,,,,,,,,,,,,,,,,,,,,,,,,,,,,,,,,,,,,,,,,,,,,,,,,,,,,,,,,,,,,,,,,,,,,,,,,,,,,,,,,,,,,,,,,,,,,,,,,,,,,,,,,,,,,,,,,,,,,,,,,,,,,,,,,,,,,,,,,,,,,,,,,,,,,,,,,,,,,,,,,,,,,,,,,,,,,,,,,,,,,,,,,,,,,,,,,,,,,,,,,,,2024,,,,1.0,33.0,,,,,,,,,,,,,,,,,,,,,,,,,,,,,3.321049307,46.40531298,,
117.0,14.62,226.57,15.1,3.0,1.0,1.0,2.0,,,,,,,,,,,,2.66666667,47.0,62.0,3.0,95.0,46.0,21.0,16.0,5.0,8.0,64.0,185.0,10.55319149,,,,,,1.0,1.0,6.0,2.0,24.0,1.0,,8.0,1.996259098,0.780947985,0.078456417,0.004900368,2.0,1.0,,,,,,0.003664937,0.002565456,0.000274135,9.35519e-06,5.914110056,69.51517132,5.747094837,0.27209334,0.194408446,0.127045919,210.0,105.0,52.0,42.0,21.0,86.98582171,,,2.850627598,0.08816374,130.2107283,12.08134619,0.276993708,0.007752123,0.039525951,1.722320187,1.761846138,0.018181938,0.964499305,0.982681242,0.982681242,15.11764706,Stefon Diggs,HOU,FA,61,2976212,,FA,,{},"['RB/WR', 'WR', 'WR/TE', 'RB/WR/TE', 'OP', 'BE', 'IR']",,,,,,,,,,,,,,,,,,,1.0,2.0,,1.0,1.0,,1.625,,2.0,1.0,,,,,,,,,,,,,,1.0,,,,,,,,,,,,,,,,,,,,,,,,,,,,,,,,1.0,,,,,,,,,,,,,,,,,,,,,,,,,,,,,,,,,,,,,,,,,,,,,,,,,,,,,,,,,,,,,,,,,,,,,,,,,,,,,,,,,,,,,,,,,,,,,,,,,,,,,,,,,,,,,,,,,,,,,,,,,,,,,,,,,,,,,,,,,,,,,,,,,,,,,,,,,,,,,,,,,,,,,,,,2024,,,1.0,1.0,31.0,,,,,,,,,,,,,,,,,,,,,,,,,,,,,2.65039487,50.00716464,,
108.0,7.71,138.58,8.15,,,,,,,,,,,,,,,,,,,,,,,,,,,,,,,,,,,,4.0,10.0,104.0,,,14.0,,,,,,,,,,,,,,,,,,,,,,,,,,,,,,,,,,,,,,,,,,,17.0,Jake Moody,SF,FA,23,4372066,,FA,,{},"['K', 'BE', 'IR']",,,,,,,,,,,,,,,,,,,,,,,,,,,,,,,,,,,,,,,,,,,,,,,,,,,,,,,,,,,,,,,,,,,,,,,,,,,,,,,4.0,9.0,6.0,11.0,5.0,14.0,14.0,,24.0,34.0,10.0,32.0,33.0,1.0,4.0,9.0,4.346524688,6.538991504,2.192466816,7.0742873,9.096319864,2.022032565,15.74363881,16.7359337,0.992294892,27.1644508,32.37124507,5.206794272,46.52175012,49.93164602,3.409895902,4.346524688,6.538991504,2.192466816,,,,,,,,,,,,,,,,,,,,,,,,,,,,,,,,,,,,,,,,,,,,,,,,,,,,,,,,,,,,,,,,,,,,,,,,,,,,,,,,,,,,,,,5.0,5.0,,,,,,,,,,,,,,,,,,,,,,,,,,,,,,,,,,,,,,,,,,2024,,,,,,854.0,495.0,1349.0,166.0,80.0,38.0,28.0,10.0,4.0,97.0,47.0,23.0,17.0,7.0,263.0,128.0,62.0,46.0,18.0,7.0,,3.0,1025.364426,239.1535202,1264.517946,,,,,,,
105.0,6.18,117.43,7.83,1.0,1.0,,3.0,1.0,,,,,,,,,,,17.0,52.0,28.17647059,2.0,90.0,40.0,15.0,12.0,4.0,3.0,70.0,249.0,9.21153846,,2.0,,1.0,1.0,4.0,5.0,3.0,14.0,14.0,,,17.0,1.819122237,0.041198109,,,,,,,,,,0.003339409,0.002337587,-3.42899e-06,-1.17018e-07,0.342373072,35.66658926,2.496850117,0.125081976,0.136729015,0.089352412,107.0,53.0,26.0,21.0,10.0,49.71119185,,,0.472252592,0.01460575,72.62526259,10.8465496,0.125081976,0.002077316,0.016666674,0.455450552,0.472117226,0.00766667,0.255052309,0.262718979,0.262718979,15.11764706,Chig Okonkwo,TEN,FA,22,4360635,,FA,,{},"['WR/TE', 'TE', 'RB/WR/TE', 'OP', 'BE', 'IR']",,1.0,1.0,,,2.0,1.0,,,,,,,,,,,,,,,,,,,,,,,,,,,,,,,,,,,,,,,,,,,,,,,,,,,,,,,,,,,,,,,,,1.0,,1.0,1.0,,,,,,,,,,,,,,,,,,,,,,,,,,,,,,,,,,,,,,,,,,,,,,,,,,,,,,,,,,,,,,,,,,,,,,,,,,,,,,,,,,,,,,,,,,,,,,,,,,,,,,,,,,,,,,,,,,,,,,,,,,,,,,,,,,,,,,,,,,,,,,,,,,,,,,,,,,,,,,,,,,,,,,,2024,,,,1.0,19.0,,,,,,,,,,,,,,,,,,,,,,,,,,,,,2.203536894,26.07099145,,
73.0,4.29,110.55,6.5,,,,,,,,,,,,,,,,,,,,,,,,,,,,,,,,,,695.0,1140.0,8.0,9.0,,,,17.0,,,,,,,,,,,,,,,,,,,,,,,,,,,,,,,,,,,,,,,,,,,17.0,Falcons D/ST,ATL,FA,20,-16001,,FA,,{},"['D/ST', 'BE', 'IR']",,,,,,,,791.0,73.0,25.0,0.364626416,0.1368,1359.943595,296.7488038,135.0,54.0,29.0,11.0,,,,,,,,,,,,,,,,,,,,,,,,,,,,,,,,,,,,,,,,,,,,,,,,,,,,,,,,,445.0,,,12.0,,,,,,,,,,,,,,,,,,,,,,,,,,,,,,,,,,,6.0,0.0,0.0,3.0,0.0,4.0,12.0,2.0,1.0,31.0,62.0,,,3.0,4.0,372.0,220.0,66.0,66.0,200.0,14.0,2.0,409.0,5.0,3.0,3.0,3.0,5868.0,0.0,1.0,3.0,4.0,4.0,5.0,0.0,0.0,0.0,0.0,0.0,3.0,0.0,5.0,3.0,3.0,3.0,0.216858429,0.977988994,3.40170085,3.061530765,0.108597326,1.822163338,13.86004821,8.700477911,1.83964987,0.225131764,41.81642066,83.63284132,1.264482566,0.557680772,2.43218708,13.52635477,1020.297346,340.0,204.0,71.12867847,354.0941243,2.466233117,3.444222111,2.338669335,0.977988994,0.114807404,20.82906614,5816.172347,0.52731639,4.422653592,3.895337202,3.86131679,2.517510506,1.190714429,0.459275565,0.125875525,342.1277851,,,,,,,,,,1.0,,,,,,,,,,,,,,,,,,,,,,,,,,,,,,,,,,,,,,2024,,,,,,,,,,,,,,,,,,,,,,,,,,,,,,,,,,,,,40.64562009
64.0,16.0,208.43,14.89,1.0,0.25,,,,,,,,,,,,,,1.0,24.0,72.0,2.0,57.0,28.0,13.0,11.0,5.0,4.0,29.0,186.0,12.0,,,,,,2.0,2.0,4.0,,12.0,,,4.0,1.911302171,0.791514511,0.092993394,0.004876178,2.0,1.0,,,,,,0.003508807,0.002456165,0.000244589,8.3469e-06,5.870804917,61.87114392,7.659947792,0.250680431,0.233004699,0.152268571,175.0,87.0,43.0,35.0,17.0,75.07944998,,,1.809982148,0.055978829,103.94915,11.68248372,0.25555661,0.006775186,0.038226043,1.501589,1.539815043,0.01758398,0.84088984,0.85847382,0.85847382,14.17647059,Rashee Rice,KC,FA,97,4428331,,FA,,{},"['RB/WR', 'WR', 'WR/TE', 'RB/WR/TE', 'OP', 'BE', 'IR']",,1.0,,2.0,2.0,,,,,,,,,,,,,,1.0,,,,,,,,,,,,,,,,,,,,,,,,,,,,,,,,,,,,,,,,,,,,,,,,,,,,,,,1.0,,,,1.0,,,,,,,,,,,,,,,,,,,,,,,,,,,,,,,,,,,,,,,,,,,,,,,,,,,,,,,,,,,,,,,,,,,,,,,,,,,,,,,,,,,,,,,,,,,,,,,,,,,,,,,,,,,,,,,,,,,,,,,,,,,,,,,,,,,,,,,,,,,,,,,,,,,,,,,,,,,,,,,,,,,,2024,,,,1.0,15.0,,,,,,,,,,,,,,,,,,,,,,,,,,,,,2.636310876,43.28302085,,
88.0,7.33,138.85,8.17,,,,,,,,,,,,,,,,,,,,,,,,,,,,,,,,,,,,4.0,8.0,85.0,,,12.0,,,,,,,,,,,,,,,,,,,,,,,,,,,,,,,,,,,,,,,,,,,17.0,Evan McPherson,CIN,FA,29,4360234,,FA,,{},"['K', 'BE', 'IR']",,,,,,,,,,,,,,,,,,,,,,,,,,,,,,,,,,,,,,,,,,,,,,,,,,,,,,,,,,,,,,,,,,,,,,,,,,,,,,,3.0,7.0,3.0,5.0,2.0,10.0,10.0,,16.0,22.0,6.0,37.0,38.0,1.0,3.0,7.0,4.561883528,6.567498605,2.005615076,7.378351756,9.135975782,1.757624026,16.31496681,16.80889494,0.493928136,28.25520209,32.51236933,4.257167238,41.83687814,43.50688677,1.670008634,4.561883528,6.567498605,2.005615076,,,,,,,,,,,,,,,,,,,,,,,,,,,,,,,,,,,,,,,,,,,,,,,,,,,,,,,,,,,,,,,,,,,,,,,,,,,,,,,,,,,,,,,4.0,4.0,,,,,,,,,,,,,,,,,,,,,,,,,,,,,,,,,,,,,,,,,,2024,,,,,,594.0,304.0,898.0,115.0,55.0,24.0,21.0,9.0,2.0,58.0,28.0,12.0,10.0,4.0,176.0,86.0,39.0,33.0,15.0,4.0,,,1067.816544,202.2141393,1270.030683,,,,,,,
74.0,9.25,153.95,11.0,74.0,30.25,2.0,44.0,21.0,8.0,6.0,2.0,,12.0,3.0,,,,,3.27027027,23.0,23.375,1.0,33.0,14.0,5.0,5.0,,1.0,27.0,194.0,8.13043478,2.0,2.0,1.0,1.0,1.0,,1.0,3.0,5.0,18.0,2.0,,8.0,149.4734742,45.63130167,5.588801764,0.327724756,129.0,64.0,32.0,25.0,12.0,29.0,14.0,0.296595818,0.207617072,1.093487245,0.037316524,4.327796686,14.59204875,1.052074241,0.051283133,0.037177983,0.024295812,41.0,20.0,10.0,8.0,4.0,30.31947048,,,0.077236122,0.002388746,39.48466312,6.822802199,0.379007889,0.004615816,0.872142269,0.176906919,1.049049189,0.401185444,0.099067875,0.500253319,0.500253319,14.17647059,Zack Moss,CIN,FA,51,4035676,,FA,,{},"['RB', 'RB/WR', 'RB/WR/TE', 'OP', 'BE', 'IR']",,,,,,,,,,,,,,,,,,,,1.0,,,,,,,,,,,,,,,,,,,,,,,,,,,,,,,,,,,,,,,,,,,,,,,,,,,,,,,1.0,,,,,,,,,,,,,,,,,,,,,,,,,,,,,,,,,,,,,,,,,,,,,,,,,,,,,,,,,,,,,,,,,,,,,,,,,,,,,,,,,,,,,,,,,,,,,,,,,,,,,,,,,,,,,,,,,,,,,,,,,,,,,,,,,,,,,,,,,,,,,,,,,,,,,,,,,,,,,,,,,,,,,,,2024,,,,13.0,11.0,,,,,,,,,,,,,,,,,,,,,,,,,,,,,37.16191708,11.89579738,,
112.0,14.0,275.62,18.37,13.0,6.75,1.0,9.0,4.0,1.0,1.0,,,,,,,,,4.15384615,,,,,,,,,,,,,,4.0,,1.0,9.0,,1.0,3.0,5.0,72.0,1.0,,8.0,51.25005656,15.26781501,2.073783959,0.12103581,45.0,22.0,11.0,9.0,4.0,10.0,5.0,0.096960877,0.067872614,0.152187554,0.005193577,4.468623851,,,,,,,,,,,,,,,,,,1.411641023,0.031037168,0.568827069,,7.053901804,0.261660452,,3.374496325,15.6446054,15.0,Dak Prescott,DAL,FA,30,2577417,,FA,,{},"['QB', 'OP', 'BE', 'IR']",,,,,,,,,,,,,,,,,,,,,,286.0,185.0,101.0,247.25,11.0,391.0,194.0,94.0,76.0,35.0,15.0,33.0,13.0,17.0,7.0,2.0,2.0,2.0,,8.0,0.64685315,21.0,4.0,3.0,3.0,3.0,,549.4885314,372.856905,176.6316263,271.9105461,26.61516841,815.0,407.0,203.0,163.0,81.0,40.0,74.0,37.0,3.691888933,2.412649418,4.64935889,0.628006479,1.290605213,12.27010908,0.678552661,34.80231019,6.485074735,3.112835873,,,,1.0,,,,,,,,,,,,,,,,,,,,,,,,,,,,,,,,,,,,,,,,,,,,,,,,,,,,,,,,,,,,,,,,,,,,,,,,,,,,,,,,,,,,,,,,,,,,,,,,,,,,,,,,,,,,,,,,,,,,,,,,,,,1.0,,,,,,,,,,,,,,,,,,,,,,,,,,,,,,,,,,,,,,,,,,,,2024,,,87.0,5.0,,,,,,,,,,,,,,,,,,,,,,,,,,,,,,14.22068028,,200.5633636,
67.0,8.38,205.13,13.68,,,,,,,,,,,,,,,,,27.0,47.375,1.0,72.0,34.0,15.0,12.0,4.0,2.0,47.0,113.0,14.03703704,,,,,,2.0,2.0,2.0,6.0,6.0,,,8.0,1.991469321,0.787126341,0.078780947,0.004701719,2.0,1.0,,,,,,0.003656133,0.002559293,0.000278899,9.51774e-06,5.975235515,62.91768213,4.410717648,0.272251923,0.156820205,0.102482004,190.0,95.0,47.0,38.0,19.0,83.4962512,,,2.211104408,0.068384672,123.9620979,11.39173674,0.276953642,0.007522919,0.039829386,1.669925024,1.70975441,0.018321518,0.935158013,0.953479531,0.953479531,15.11764706,Christian Kirk,HOU,FA,95,3895856,,FA,,{},"['RB/WR', 'WR', 'WR/TE', 'RB/WR/TE', 'OP', 'BE', 'IR']",,,,,,,,,,,,,,,,,,,,1.0,,,,,,,,,,,,,,,,,,,,,,,,,,,,,,,,,,,,,,,,,,,,,,,,,,,,,,,,,,,,,,,,,,,,,,,,,,,,,,,,,,,,,,,,,,,,,,,,,,,,,,,,,,,,,,,,,,,,,,,,,,,,,,,,,,,,,,,,,,,,,,,,,,,,,,,,,,,,,,,,,,,,,,,,,,,,,,,,,,,,,,,,,,,,,,,,,,,,,,,,,,,,,,,,,,,,,,,,,,,,,,2024,,,,,18.0,,,,,,,,,,,,,,,,,,,,,,,,,,,,,2.653499569,45.91491396,,
129.0,7.59,22.08,1.58,,,,,,,,,,,,,,,,,32.0,29.23529412,9.0,94.0,43.0,17.0,14.0,5.0,1.0,60.0,124.0,15.53125,,,,,,4.0,4.0,3.0,14.0,54.0,,1.0,17.0,,,,,,,,,,,,,,,,,7.214642079,0.649717126,0.032535723,0.114876791,0.075071983,20.0,10.0,5.0,4.0,2.0,8.277313577,,,0.043215679,0.001336567,14.09498376,12.30517239,0.032535723,0.000661276,,0.150289993,0.150289993,,0.084162396,0.084162396,0.084162396,14.11764706,Nick Westbrook-Ikhine,MIA,FA,53,3929785,,FA,,{},"['RB/WR', 'WR', 'WR/TE', 'RB/WR/TE', 'OP', 'BE', 'IR']",,1.0,1.0,1.0,1.0,,,,,,,,,,,,,,,5.0,1.0,,,,,,,,,,,,,,,,,,,,,,,,,,,,,,,,,,,,,,,,,,,,,,,,,,,,,1.0,,,,,,,,,,,,,,,,,,,,,,,,,,,,,,,,,,,,,,,,,,,,,,,,,,,,,,,,,,,,,,,,,,,,,,,,,,,,,,,,,,,,,,,,,,,,,,,,,,,,,,,,,,,,,,,,,,,,,,,,,,,,,,,,,,,,,,,,,,,,,,,,,,,,,,,,,,,,,,,,,,,,,,,,2024,,,,,25.0,,,,,,,,,,,,,,,,,,,,,,,,,,,,,,3.878999517,,
25.0,1.47,115.77,8.27,58.0,12.17647059,,38.0,16.0,6.0,4.0,,,6.0,,,,,,3.56896552,7.0,3.41176471,,9.0,2.0,,,,,8.0,65.0,8.28571429,,,,,,1.0,2.0,10.0,7.0,,,,17.0,131.7297106,39.72548331,4.220966609,0.209546711,112.0,56.0,28.0,22.0,11.0,26.0,13.0,0.258984629,0.181289241,0.823792675,0.028112883,4.275171813,9.142016311,0.670529199,0.035919876,0.044115098,0.028829217,25.0,12.0,6.0,5.0,2.0,17.69130647,,,0.052320935,0.001618173,23.04612552,7.325718174,0.245466587,0.005392403,1.08044256,0.145103488,1.225546048,0.497003578,0.081257953,0.578261531,0.578261531,14.17647059,Blake Corum,LAR,FA,86,4429096,,FA,,{},"['Rookie', 'RB', 'RB/WR', 'RB/WR/TE', 'OP', 'BE', 'IR']",,,,,,,,186.0,17.0,4.0,0.226437079,,742.9966669,,74.0,29.0,,,,,,,,,,,,,,,,,,,,,,,,,,,,,,,,,,,,,,,,,,,,,,,,,,,,,,,,,,,1.0,,,,,,,,,,,,,,,,,,,,,,,,,,,,,,,,,,,,,,,,,,,,,,,,,,,,,,,,,,,,,,,,,,,,,,,,,,,,,,,,,,,,,,,,,,,,,,,,,,,,,,,,,,,,,,,,,,,,,,,,,,,,,,,,,,,,,,,,,,,,,,,,,,,,,,,,,,,,,,,,,,,,,,,2024,,,,12.0,5.0,,,,,,,,,,,,,,,,,,,,,,,,,,,,,32.23724707,6.730813546,,
115.0,6.76,104.78,6.16,,,,,,,,,,,,,,,,,,,,,,,,,,,,,,,,,,697.0,1170.0,10.0,7.0,,,,17.0,,,,,,,,,,,,,,,,,,,,,,,,,,,,,,,,,,,,,,,,,,,17.0,Seahawks D/ST,SEA,FA,9,-16026,,FA,,{},"['D/ST', 'BE', 'IR']",,,,,,,,1065.0,99.0,36.0,0.414811108,0.171,1361.098947,276.0,136.0,54.0,27.0,11.0,,,,,,,,,,,,,,,,,,,,,,,,,,,,,,,,,,,,,,,,,,,,,,,,,,,,,,,,,473.0,,,14.0,,,,,,,,,,,,,,,,,,,,,,,,,,,,,,,,,,,5.0,0.0,3.0,0.0,3.0,4.0,13.0,3.0,1.0,45.0,90.0,1.0,,2.0,5.0,383.0,226.0,55.0,74.0,186.0,12.0,2.0,358.0,4.0,2.0,3.0,2.0,5656.0,0.0,1.0,6.0,1.0,5.0,3.0,1.0,0.0,0.0,0.0,3.0,0.0,3.0,4.0,2.0,3.0,2.0,0.198109433,0.89276783,3.162948885,2.924877463,0.111073781,1.830625456,13.97111318,8.775651951,1.798777776,0.219809886,39.22184973,78.44369946,1.269104656,0.561520801,2.527510345,12.52198284,1029.630786,343.0,205.0,78.03844155,355.8830818,2.465739722,3.562568771,2.525257577,1.130839252,0.136891067,20.93429893,5845.41407,0.501725777,4.251913361,3.835225852,3.894752639,2.610674804,1.275574008,0.49322195,0.13691161,343.8478865,,,,,,,,,,2.0,,,,,,,,,,,,,,,,,,,,,,,,,,,,,,,,,,,,,,2024,,,,,,,,,,,,,,,,,,,,,,,,,,,,,,,,,,,,,43.23985765
117.0,7.31,130.77,8.72,6.0,1.5,,4.0,1.0,,,,,,,,,,,4.0,49.0,31.0625,4.0,93.0,43.0,18.0,14.0,3.0,2.0,84.0,112.0,10.14285714,,,,,,2.0,2.0,4.0,12.0,24.0,,,16.0,6.29547575,2.575632199,0.320628819,0.016428947,7.0,3.0,1.0,1.0,,1.0,,0.011584952,0.008109466,0.003645891,0.00012442,6.184996986,40.48489905,3.091868397,0.163779604,0.19940799,0.130313122,122.0,61.0,30.0,24.0,12.0,46.53027921,,,0.684582215,0.021172646,75.20264442,13.15350833,0.180208551,0.002469581,0.066888817,0.494379684,0.561268501,0.030768856,0.276852623,0.307621479,0.307621479,15.11764706,Xavier Legette,CAR,FA,61,4430034,,FA,,{},"['Rookie', 'RB/WR', 'WR', 'WR/TE', 'RB/WR/TE', 'OP', 'BE', 'IR']",,,,,,,,102.0,8.0,3.0,,,,,,,,,,4.0,,,,,,,,,,,,,,,,,,,,,,,,,,,,,,,,,,,,,,,,,,,,,,,,,,,,,,,,,,,,,,,,,,,,,,,,,,,,,,,,,,,,,,,,,,,,,,,,,,,,,,,,,,,,,,,,,,,,,,,,,,,,,,,,,,,,,,,,,,,,,,,,,,,,,,,,,,,,,,,,,,,,,,,,,,,,,,,,,,,,,,,,,,,,,,,,,,,,,,,,,,,,,,,,,,,,,,,,,,,,,,2024,,,,2.0,27.0,,,,,,,,,,,,,,,,,,,,,,,,,,,,,4.008226451,27.5979519,,
77.0,7.0,78.37,5.22,1.0,-0.45454545,,,,,,,,,,,,,,-5.0,29.0,30.81818182,3.0,64.0,30.0,14.0,11.0,3.0,3.0,49.0,104.0,11.68965517,,1.0,,1.0,1.0,,,3.0,8.0,20.0,,1.0,11.0,,,,,,,,,,,,,,,,,24.77853004,2.183766351,0.117750668,0.169423218,0.110718073,74.0,37.0,18.0,14.0,7.0,28.65374072,,,0.192802193,0.005962954,48.14039475,13.0730949,0.117750668,0.002521529,,0.573074814,0.573074814,,0.320921896,0.320921896,0.320921896,15.11764706,Cedric Tillman,CLE,FA,90,4369863,,FA,,{},"['RB/WR', 'WR', 'WR/TE', 'RB/WR/TE', 'OP', 'BE', 'IR']",,,,,,1.0,1.0,,,,,,,,,,,,,,1.0,,,,,,,,,,,,,,,,,,,,,,,,,,,,,,,,,,,,,,,,,,,,,,,,,,,1.0,,1.0,,,,,,,,,,,,,,,,,,,,,,,,,,,,,,,,,,,,,,,,,,,,,,,,,,,,,,,,,,,,,,,,,,,,,,,,,,,,,,,,,,,,,,,,,,,,,,,,,,,,,,,,,,,,,,,,,,,,,,,,,,,,,,,,,,,,,,,,,,,,,,,,,,,,,,,,,,,,,,,,,,,,,,,,2024,,,,,15.0,,,,,,,,,,,,,,,,,,,,,,,,,,,,,,16.60420606,,
140.0,8.24,162.87,10.86,3.0,0.94117647,,2.0,,,,,,,,,,,,5.33333333,66.0,36.52941176,3.0,117.0,56.0,22.0,17.0,6.0,5.0,87.0,361.0,9.40909091,,1.0,,,,1.0,1.0,4.0,13.0,18.0,,2.0,17.0,11.66772,4.615764557,0.326194785,0.017070181,13.0,6.0,3.0,2.0,1.0,2.0,1.0,0.021533739,0.015073617,0.012132498,0.000414036,5.980559995,51.58963779,3.218194991,0.17414702,0.193314667,0.126331135,155.0,77.0,38.0,31.0,15.0,59.63005305,,,1.300130611,0.040210225,96.71877134,13.07920916,0.1912172,0.006274204,0.2333544,1.192601061,1.425955461,0.107343024,0.667856594,0.775199618,0.775199618,15.11764706,DeMario Douglas,NE,FA,47,4427095,,FA,,{},"['RB/WR', 'WR', 'WR/TE', 'RB/WR/TE', 'OP', 'BE', 'IR']",,,,,,1.0,,,,,,0.0171,,27.6,,,2.0,1.0,,1.0,,,,,,,,,,,,,,,,,,,,,,,,,,,,,,,,,,,,,,,,,,,,,,,,,,,,,,,,,,,,,,,,,,,,,,,,,,,,,,,,,,,,,,,,,,,,,,,,,,,,,,,,,,,,,,,,,,,,,,,,,,,,,,,,,,,,,,,,,,,,,,,,,,,,,,,,,,,,,,,,,,,,,,,,,,,,,,,,,,,,,,,,,,,,,,,,,,,,,,,,,,,,,,,,,,,,,,,,,,,,,,2024,,,,,31.0,,,,,,,,,,,,,,,,,,,,,,,,,,,,,5.380146895,35.26488285,,
51.0,2.83,162.47,11.6,,,,,,,,,,,,,,,,,21.0,16.55555556,1.0,56.0,24.0,9.0,7.0,1.0,,34.0,35.0,14.19047619,,,,,,2.0,2.0,7.0,11.0,6.0,,1.0,18.0,,,,,,,,,,,,,,,,,52.66252055,5.619396756,0.281402171,0.289910231,0.189456336,149.0,74.0,37.0,29.0,14.0,55.03576763,,,1.160616809,0.035895365,83.56559045,13.56515419,0.281402171,0.003405782,,0.774041341,0.774041341,,0.433463151,0.433463151,0.433463151,14.17647059,Mike Williams,LAC,FA,108,3045138,,FA,,{},"['RB/WR', 'WR', 'WR/TE', 'RB/WR/TE', 'OP', 'BE', 'IR']",,,,,,,,,,,,,,,,,,,,,,,,,,,,,,,,,,,,,,,,,,,,,,,,,,,,,,,,,,,,,,,,,,,,,,,,,,,,,,,,,,,,,,,,,,,,,,,,,,,,,,,,,,,,,,,,,,,,,,,,,,,,,,,,,,,,,,,,,,,,,,,,,,,,,,,,,,,,,,,,,,,,,,,,,,,,,,,,,,,,,,,,,,,,,,,,,,,,,,,,,,,,,,,,,,,,,,,,,,,,,,,,,,,,,,,,,,,,,,,,,,2024,,,,,14.0,,,,,,,,,,,,,,,,,,,,,,,,,,,,,,34.280051,,
44.0,2.59,82.54,4.86,,,,,,,,,,,,,,,,,,,,,,,,,,,,,,,,,,698.0,1142.0,3.0,14.0,,,,17.0,,,,,,,,,,,,,,,,,,,,,,,,,,,,,,,,,,,,,,,,,,,17.0,Titans D/ST,TEN,FA,28,-16010,,FA,,{},"['D/ST', 'BE', 'IR']",,,,,,,,1081.0,100.0,35.0,0.441678471,0.171,1449.257484,276.0,144.0,57.0,27.0,11.0,,,,,,,,,,,,,,,,,,,,,,,,,,,,,,,,,,,,,,,,,,,,,,,,,,,,,,,,,444.0,,,10.0,,,,,,,,,,,,,,,,,,,,,,,,,,,,,,,,,,,6.0,0.0,0.0,2.0,2.0,,11.0,,2.0,32.0,64.0,,,,,376.0,223.0,98.0,53.0,253.0,18.0,4.0,430.0,4.0,4.0,2.0,2.0,5291.0,0.0,2.0,7.0,2.0,4.0,0.0,2.0,0.0,0.0,0.0,0.0,2.0,2.0,4.0,4.0,2.0,2.0,0.085772804,0.38215606,1.732440803,2.106104506,0.10980405,1.846301463,13.20050823,9.24257993,1.813358118,0.221123247,41.46174718,82.92349436,1.280179277,0.566122187,2.568783985,9.865564019,1068.030351,356.0,213.0,68.235864,393.1933919,2.462783495,4.27165551,3.643221101,2.046658008,0.269207713,23.12902305,5971.14987,0.348343246,3.228547154,3.474936279,4.095157179,3.169073917,1.784197111,0.696686491,0.203058624,351.24411,,,,,,,,,,,,1.0,1.0,,,,,,,,,,,,,,,,,,,,,,,,,,,,,,,,,,,2024,,,,,,,,,,,,,,,,,,,,,,,,,,,,,,,,,,,,,50.50870776
77.0,11.0,158.25,10.55,6.0,4.14285714,,4.0,2.0,,,,,,,,,,,4.83333333,20.0,49.85714286,3.0,68.0,33.0,15.0,11.0,4.0,1.0,41.0,106.0,17.45,,1.0,,1.0,1.0,3.0,3.0,2.0,5.0,24.0,,,7.0,4.243167036,1.792491277,0.149733873,0.008614584,5.0,2.0,1.0,1.0,,,,0.007799594,0.005459715,0.001706744,5.82446e-05,6.386326594,49.63463281,3.882571539,0.194132034,0.261662324,0.170996329,150.0,75.0,37.0,30.0,15.0,54.83250043,,,1.168748814,0.036146871,86.20200954,13.68456399,0.202746618,0.005198659,0.084863341,1.096650009,1.181513349,0.039037137,0.614124005,0.653161142,0.653161142,15.11764706,Rashid Shaheed,NO,FA,90,4032473,,FA,,{},"['RB/WR', 'WR', 'WR/TE', 'RB/WR/TE', 'OP', 'BE', 'IR']",,3.0,2.0,,,,,171.0,15.0,6.0,0.258741461,0.256626667,1111.779716,336.9333333,111.0,44.0,33.0,13.0,,,,,,,,,,,,,,,,,,,,,,,,,,,,,,,,,,,,,,,,,,,,,,,,,,,,,,,,,,,,,,,,,,,,,,,,,,,,,,,,,,,,,,,,,,,,,,,,,,,,,,,,,,,1.0,,1.0,,,,,143.0,13.0,4.0,,,,,,,,,,,,,,,,,,,,,,,,,,,,,,,,,,,,,,,,,,,,,,,,,,,,,,,,,,,,,,,,,,,,,,,,,,,,,,,,,,,,,,,,,,,,,,,,,,,,,,,,,,,,2024,,,,2.0,12.0,,,,,,,,,,,,,,,,,,,,,,,,,,,,,3.356383657,33.62802328,,
90.0,5.29,141.2,10.86,120.0,31.64705882,1.0,100.0,46.0,19.0,15.0,4.0,,19.0,5.0,,,,,4.48333333,23.0,12.11764706,,35.0,15.0,6.0,3.0,1.0,,29.0,213.0,8.95652174,2.0,2.0,,,,1.0,1.0,4.0,13.0,6.0,,,17.0,124.0185805,38.26854171,2.64277735,0.138297575,104.0,52.0,26.0,20.0,10.0,24.0,12.0,0.242839646,0.169987752,0.709592715,0.024215677,4.220162681,20.70068889,1.139423081,0.06172363,0.041889866,0.027375028,56.0,28.0,14.0,11.0,5.0,39.37982725,,,0.114543596,0.003542585,51.18384168,7.189273864,0.200021205,0.009997519,1.724560784,0.547602669,2.272163453,0.793297961,0.306657495,1.099955455,1.099955455,13.67647059,Antonio Gibson,NE,FA,44,4360294,,FA,,{},"['RB', 'RB/WR', 'RB/WR/TE', 'OP', 'BE', 'IR']",,,,,,,,239.0,21.0,7.0,0.144013858,,663.8138784,,66.0,26.0,,,,,,,,,,,,,,,,,,,,,,,,,,,,1.0,,,,,,,,,,,,,,,,,,,,,,,,,,,,,,,,1.0,,,,,,,,,,,,,,,,,,,,,,,,,,,,,,,,,,,,,,,,,,,,,,,,,,,,,,,,,,,,,,,,,,,,,,,,,,,,,,,,,,,,,,,,,,,,,,,,,,,,,,,,,,,,,,,,,,,,,,,,,,,,,,,,,,,,,,,,,,,,,,,,,,,,,,,,,,,,,,,,,,,,,,2024,,,,24.0,11.0,,,,,,,,,,,,,,,,,,,,,,,,,,,,,29.24875487,16.09930746,,
35.0,4.38,140.96,8.29,,,,,,,,,,,,,,,,,,,,,,,,,,,,,,,,,,,,2.0,6.0,40.0,,,8.0,,,,,,,,,,,,,,,,,,,,,,,,,,,,,,,,,,,,,,,,,,,17.0,Greg Zuerlein,NYJ,FA,39,14993,,FA,,{},"['K', 'BE', 'IR']",,,,,,,,,,,,,,,,,,,,,,,,,,,,,,,,,,,,,,,,,,,,,,,,,,,,,,,,,,,,,,,,,,,,,,,,,,,,,,,,1.0,1.0,4.0,3.0,8.0,10.0,2.0,9.0,15.0,6.0,13.0,14.0,1.0,,1.0,4.580644349,6.558806437,1.978162088,7.403083381,9.123884202,1.720800821,16.35684325,16.78664816,0.429804907,28.34057098,32.4693388,4.128767817,43.4989601,45.05815121,1.559191105,4.580644349,6.558806437,1.978162088,,,,,,,,,,,,,,,,,,,,,,,,,,,,,,,,,,,,,,,,,,,,,,,,,,,,,,,,,,,,,,,,,,,,,,,,,,,,,,,,,,,,,,,1.0,1.0,,,,,,,,,,,,,,,,,,,,,,,,,,,,,,,,,,,,,,,,,,2024,,,,,,276.0,249.0,525.0,52.0,24.0,10.0,9.0,2.0,,49.0,23.0,10.0,8.0,2.0,102.0,50.0,22.0,17.0,6.0,2.0,,,1071.198845,197.1509369,1268.349781,,,,,,,
96.0,12.0,125.3,8.35,39.0,34.75,6.0,52.0,24.0,9.0,6.0,2.0,1.0,5.0,,1.0,1.0,1.0,,7.12820513,23.0,23.375,,36.0,17.0,7.0,5.0,1.0,2.0,31.0,137.0,8.13043478,,1.0,,1.0,2.0,1.0,1.0,4.0,4.0,36.0,3.0,,8.0,62.30068546,19.90273948,3.251959904,0.187111793,60.0,30.0,15.0,12.0,6.0,12.0,6.0,0.118144316,0.082701021,0.233243484,0.007959705,4.829522961,18.63901522,2.266103364,0.11336534,0.09894515,0.064660655,56.0,28.0,14.0,11.0,5.0,30.57521265,,,0.114522096,0.003541921,40.9433906,9.215898408,0.324302885,0.006278939,0.845764224,0.415074422,1.427031685,0.389051543,0.232441676,0.701265878,1.006139677,15.11764706,Taysom Hill,NO,FA,30,2468609,,FA,,{},"['WR/TE', 'TE', 'RB/WR/TE', 'OP', 'BE', 'IR']",,,,,,1.0,1.0,42.0,4.0,1.0,0.032342683,,148.6140949,,14.0,5.0,,,,,,4.0,2.0,2.0,2.625,,3.0,1.0,,,,,,,,,,,,,1.0,0.5,,,,,,,11.24476385,7.118872174,4.125891671,5.292952422,0.436881049,16.0,8.0,4.0,3.0,1.0,,1.0,,0.077464435,0.050623008,0.123998242,0.016748911,0.023825752,0.304873799,0.633083297,0.99734802,0.166193039,0.079772659,,,,,1.0,,1.0,,,,,,,,,,,,,,,,,,,,,,,,,,,,,,,,,,,,,,,,,,,,,,,,,,,,,,,,,,,,,,,,,,,,,,,,,,,,,,,,,,,,,,,,,,,,,,,,,,,,,,,,,,,,,,,,,,,,,,,1.0,,,,,,,,,,,,,,,,,,,,,,,,,,,,,,,,,,,,,,,,,,,,,2024,,,1.0,18.0,8.0,,,,,,,,,,,,,,,,,,,,,,,,,,,,,18.44069412,14.51636758,-0.049423759,
106.0,6.24,74.63,5.33,113.0,26.0,3.0,82.0,38.0,16.0,10.0,3.0,,18.0,4.0,,,,,3.91150442,17.0,11.11764706,3.0,33.0,15.0,5.0,4.0,2.0,,19.0,164.0,11.11764706,,,,,,,,13.0,4.0,36.0,2.0,,17.0,82.32555516,24.76380325,2.474678437,0.107762022,70.0,35.0,17.0,14.0,7.0,16.0,8.0,0.157766137,0.110436296,0.31795617,0.010850624,4.264329925,6.632666398,0.543194239,0.028905828,0.041753762,0.027286083,18.0,9.0,4.0,3.0,1.0,12.96541678,,,0.041455344,0.001282124,17.04540065,7.25220035,0.13666785,0.003438922,0.675231374,0.106341903,0.781573277,0.310606432,0.059551466,0.370157898,0.370157898,14.17647059,Ray Davis,BUF,FA,40,4429501,,FA,,{},"['Rookie', 'RB', 'RB/WR', 'RB/WR/TE', 'OP', 'BE', 'IR']",,1.0,1.0,,,,,147.0,13.0,3.0,,,,,,,,,,2.0,,,,,,,,,,,,,,,,,,,,,,,,,,,,,,,,,,,,,,,,,,,,,,,,,,,,,,,,1.0,,,,,,,,,,,,,,,,,,,,,,,,,,,,,,,,,,,,,,,,,,,,,,,,,,,,,,,,,,,,,,,,,,,,,,,,,,,,,,,,,,,,,,,,,,,,,,,,,,,,,,,,,,,,,,,,,,,,,,,,,,,,,,,,,,,,,,,,,,,,,,,,,,,,,,,,,,,,,,,,,,,,,,2024,,,,25.0,8.0,,,,,,,,,,,,,,,,,,,,,,,,,,,,,20.77217275,4.620574377,,
105.0,6.18,137.1,8.06,,,,,,,,,,,,,,,,,,,,,,,,,,,,,,,,,,,,5.0,12.0,88.0,,,17.0,,,,,,,,,,,,,,,,,,,,,,,,,,,,,,,,,,,,,,,,,,,17.0,Cairo Santos,CHI,FA,25,17427,,FA,,{},"['K', 'BE', 'IR']",,,,,,,,,,,,,,,,,,,,,,,,,,,,,,,,,,,,,,,,,,,,,,,,,,,,,,,,,,,,,,,,,,,,,,,,,,,,,,,8.0,9.0,5.0,8.0,3.0,8.0,8.0,,21.0,25.0,4.0,25.0,26.0,1.0,8.0,9.0,4.682636571,6.595278087,1.912641516,7.550696741,9.174619518,1.623922777,16.64364618,16.87999392,0.236347738,28.87697949,32.64989152,3.772912032,37.32554255,38.20430453,0.878761976,4.682636571,6.595278087,1.912641516,,,,,,,,,,,,,,,,,,,,,,,,,,,,,,,,,,,,,,,,,,,,,,,,,,,,,,,,,,,,,,,,,,,,,,,,,,,,,,,,,,,,,,,1.0,1.0,,,,,,,,,,,,,,,,,,,,,,,,,,,,,,,,,,,,,,,,,,2024,,,,,,891.0,193.0,1084.0,174.0,85.0,39.0,30.0,11.0,3.0,37.0,17.0,8.0,5.0,1.0,212.0,103.0,49.0,37.0,14.0,6.0,,,1091.953114,183.449599,1275.402713,,,,,,,
40.0,3.08,122.87,8.78,63.0,22.38461538,1.0,55.0,25.0,9.0,6.0,2.0,,8.0,2.0,,,,,4.61904762,6.0,4.53846154,,10.0,3.0,1.0,1.0,,,6.0,78.0,9.83333333,1.0,1.0,,,,2.0,2.0,6.0,7.0,6.0,1.0,,13.0,126.4972466,39.22482757,3.292401358,0.225667344,111.0,55.0,27.0,22.0,11.0,25.0,12.0,0.248044957,0.17363147,0.803209936,0.027410474,4.395902908,12.81868142,0.836537101,0.07919306,0.040910627,0.026735095,36.0,18.0,9.0,7.0,3.0,25.64544409,,,0.0683253,0.002113154,33.14410349,7.086001686,0.304860405,0.005490624,1.03752607,0.210343051,1.247869121,0.477261992,0.117792109,0.595054101,0.595054101,14.17647059,Trey Benson,ARI,FA,72,4429275,,FA,,{},"['Rookie', 'RB', 'RB/WR', 'RB/WR/TE', 'OP', 'BE', 'IR']",,,,,,,,,,,,,,,,,,,,,,,,,,,,,,,,,,,,,,,,,,,,,,,,,,,,,,,,,,,,,,,,,,,,,,,,,,,,,,,,,,,,,,,,,,,,,,,,,,,,,,,,,,,,,,,,,,,,,,,,,,,,,,,,,,,,,,,,,,,,,,,,,,,,,,,,,,,,,,,,,,,,,,,,,,,,,,,,,,,,,,,,,,,,,,,,,,,,,,,,,,,,,,,,,,,,,,,,,,,,,,,,,,,,,,,,,,,,,,,,,,2024,,,,16.0,3.0,,,,,,,,,,,,,,,,,,,,,,,,,,,,,30.98746069,10.04903107,,
112.0,12.44,0.0,0.0,,,,,,,,,,,,,,,,,,,,,,,,,,,,,,,,,,,,7.0,2.0,103.0,,,9.0,,,,,,,,,,,,,,,,,,,,,,,,,,,,,,,,,,,,,,,,,,,,Austin Seibert,WSH,FA,21,3821683,,FA,,{},"['K', 'BE', 'IR']",,,,,,,,,,,,,,,,,,,,,,,,,,,,,,,,,,,,,,,,,,,,,,,,,,,,,,,,,,,,,,,,,,,,,,,,,,,,,,,2.0,5.0,8.0,8.0,,17.0,17.0,,27.0,30.0,3.0,22.0,24.0,2.0,2.0,5.0,,,,,,,,,,,,,,,,,,,,,,,,,,,,,,,,,,,,,,,,,,,,,,,,,,,,,,,,,,,,,,,,,,,,,,,,,,,,,,,,,,,,,,,,,,,,,,,,,,,,,,,,,3.0,3.0,,,,,,,,,,,,,,,,,,,,,,,,,,,,,,,,,,,,,,,,,,2024,,,,,,952.0,154.0,1106.0,187.0,92.0,43.0,34.0,14.0,5.0,30.0,15.0,6.0,6.0,3.0,217.0,107.0,51.0,40.0,17.0,6.0,,,,,,,,,,,,
26.0,2.0,14.17,1.09,39.0,14.07692308,1.0,34.0,15.0,7.0,5.0,2.0,1.0,6.0,1.0,,,1.0,,4.69230769,3.0,1.92307692,,4.0,2.0,,,,,11.0,19.0,8.33333333,,,,,,3.0,3.0,5.0,8.0,6.0,1.0,,13.0,17.82453279,5.76290014,0.67145303,0.02061511,15.0,7.0,3.0,3.0,1.0,3.0,1.0,0.033026024,0.023118217,0.015351655,0.000523893,4.260121996,0.966107977,0.063061833,0.002782992,0.035282097,0.02305685,2.0,1.0,,,,1.840983328,,,0.007413291,0.000229277,2.416679832,6.914724946,0.023398102,0.00058958,0.121451538,0.012543962,0.133995499,0.055867707,0.007024619,0.062892326,0.062892326,13.17647059,Patrick Taylor Jr.,SF,FA,83,4039358,,FA,,{},"['RB', 'RB/WR', 'RB/WR/TE', 'OP', 'BE', 'IR']",,,,,,,,104.0,9.0,3.0,,,,,,,,,,,,,,,,,,,,,,,,,,,,,,,,,,,,,,,,,,,,,,,,,,,,,,,,,,,,,,,,,,,,,,,,,,,,,,,,,,,,,,,,,,,,,,,,,,,,,,,,,,,,,,,,,,,,,,,,,,,,,,,,,,,,,,,,,,,,,,,,,,,,,,,,,,,,,,,,,,,,,,,,,,,,,,,,,,,,,,,,,,,,,,,,,,,,,,,,,,,,,,,,,,,,,,,,,,,,,,,,,,,,,,,,2024,,,,12.0,2.0,,,,,,,,,,,,,,,,,,,,,,,,,,,,,6.097533594,-0.285631871,,
136.0,8.0,129.66,7.63,,,,,,,,,,,,,,,,,,,,,,,,,,,,,,,,,,1.0,1.0,10.0,7.0,115.0,,,17.0,,,,,,,,,,,,,,,,,,,,,,,,,,,,,,,,,,,,,,,,,,,17.0,Jason Myers,SEA,FA,11,2473037,,FA,,{},"['K', 'BE', 'IR']",,,,,,,,,,,,,,,,,,,,,,,,,,,,,,,,,,,,,,,,,,,,,,,,,,,,,,,,,,,,,,,,,,,,,,,,,,,,,,,9.0,12.0,7.0,8.0,1.0,10.0,10.0,,26.0,30.0,4.0,37.0,40.0,3.0,9.0,10.0,4.427039354,6.595396581,2.168357227,7.195156862,9.174784352,1.979627491,15.98955285,16.88029719,0.890744344,27.61174906,32.65047812,5.038729061,35.81535114,38.17324718,2.357896035,4.427039354,6.595396581,2.168357227,,,,,,,,,,,,,,,,,,,,,,,,,,,,,,,,,,,,,,,,,,,,,,,,,,,,,,,,,,,,,,,,,,,,,,,,,,,,,,,,,,,,,,,3.0,1.0,2.0,2.0,,,,,,,,,,,,,,,,,,,,,,,,,,,,,,,,,,,,,,,,2024,,,,,,1109.0,175.0,1284.0,216.0,104.0,46.0,37.0,14.0,2.0,34.0,17.0,8.0,6.0,3.0,250.0,121.0,55.0,44.0,18.0,4.0,,,1042.528769,232.8968576,1275.425627,,,,,,,
88.0,8.0,42.05,3.82,3.0,4.09090909,,8.0,3.0,1.0,1.0,,,,,,,,,15.0,31.0,36.36363636,3.0,77.0,36.0,16.0,11.0,4.0,2.0,46.0,114.0,12.90322581,,,,,,1.0,1.0,3.0,8.0,18.0,,,11.0,,,,,,,,,,,,,,,,,16.99734454,1.364658335,0.060237875,0.164075647,0.107223435,38.0,19.0,9.0,7.0,3.0,14.91598012,,,0.075632235,0.002339141,23.66972272,13.07118531,0.060237875,0.000697316,,0.158480836,0.158480836,,0.088749268,0.088749268,0.088749268,11.47058824,Ricky Pearsall,SF,FA,82,4428209,,FA,,{},"['Rookie', 'RB/WR', 'WR', 'WR/TE', 'RB/WR/TE', 'OP', 'BE', 'IR']",,1.0,,1.0,1.0,,,,,,,,,,,,,,,1.0,,1.0,,1.0,,,,,,,,,,,,,,,,,,,,,,,,,,,,,,,,,,,,,,,,,,,,,,,,,,,,,,,,,,,,,,,,,,,,,,,,,,,,,,,,,,,,,,,,,,,,,,,,,,,,,,,,,,,,41.0,4.0,1.0,,,,,,,,,,,,,,,,,,,,,,,,,,,,,,,,,,,,,,,,,,,,,,,,,,,,,,,,,,,,,,,,,,,,,,,,,,,,,,,,,,,,,,,,,,,,,,,,,,,,,,,,,,,,2024,,,,1.0,19.0,,,,,,,,,,,,,,,,,,,,,,,,,,,,,,8.455178904,,
39.0,2.29,109.6,6.45,,,,,,,,,,,,,,,,,,,,,,,,,,,,,,,,,,725.0,1161.0,4.0,13.0,,,,17.0,,,,,,,,,,,,,,,,,,,,,,,,,,,,,,,,,,,,,,,,,,,17.0,Jaguars D/ST,JAX,FA,31,-16030,,FA,,{},"['D/ST', 'BE', 'IR']",,,,,,,,745.0,68.0,24.0,0.59708486,0.13851,1537.037944,377.175,153.0,61.0,37.0,15.0,,,,,,,,,,,,,,,,,,,,,,,,,,,,,,,,,,,,,,,,,,,,,,,,,,,,,,,,,436.0,,,5.0,,,,,,,,,,,,,,,,,,,,,,,,,,,,,,,,,,,3.0,0.0,1.0,2.0,2.0,1.0,6.0,2.0,,34.0,68.0,,1.0,,2.0,382.0,225.0,75.0,74.0,318.0,24.0,7.0,433.0,2.0,3.0,4.0,1.0,6629.0,0.0,0.0,3.0,3.0,2.0,8.0,0.0,0.0,1.0,0.0,1.0,2.0,2.0,2.0,3.0,4.0,1.0,0.207482993,0.93537415,3.282312925,2.993197279,0.117946793,1.87578841,13.18561944,9.18399581,1.791508478,0.2223308,41.58130795,83.16261589,1.31324813,0.56254028,2.729330063,10.49669587,1051.527538,350.0,210.0,72.31780051,355.6809736,2.465986395,3.503401361,2.431972789,1.054421769,0.12585034,20.92241021,5668.324379,0.655384769,5.277124118,4.196164823,3.693986882,2.051269213,0.766034146,0.289390677,0.070645371,333.4308458,,,,,,,,,,1.0,,2.0,2.0,,,,,,,,,,,,,,,,,,,,,,,,,,,,,,,,,,,2024,,,,,,,,,,,,,,,,,,,,,,,,,,,,,,,,,,,,,29.1617002
22.0,1.29,135.92,9.71,56.0,10.70588235,,32.0,14.0,5.0,4.0,1.0,,7.0,2.0,,,,,3.25,6.0,2.47058824,,7.0,2.0,1.0,1.0,,,6.0,53.0,7.0,,,,,,3.0,4.0,14.0,3.0,,,,17.0,156.7312938,48.32338963,4.190753492,0.228157853,137.0,68.0,34.0,27.0,13.0,31.0,15.0,0.312049331,0.218434531,1.218470637,0.041581728,4.370889151,11.05153837,0.650574114,0.033628495,0.038784813,0.025345875,31.0,15.0,7.0,6.0,3.0,22.21718664,,,0.060419169,0.001868634,29.1239906,7.051829346,0.261786347,0.003353093,0.66745286,0.094613682,0.762066542,0.307028316,0.052983662,0.360011978,0.360011978,14.17647059,Ty Chandler,MIN,FA,92,4242431,,FA,,{},"['RB', 'RB/WR', 'RB/WR/TE', 'OP', 'BE', 'IR']",,,,,,,,205.0,19.0,5.0,0.305778851,,1003.336854,,100.0,40.0,,,,,,,,,,,,,,,,,,,,,,,,,,,1.0,,,,,,,,,,,,,,,,,,,,,,,,,,,,,,,,1.0,,,,,,,,,,,,,,,,,,,,,,,,,,,,,,,,,,,,,,,,,,,,,,,,,,,,,,,,,,,,,,,,,,,,,,,,,,,,,,,,,,,,,,,,,,,,,,,,,,,,,,,,,,,,,,,,,,,,,,,,,,,,,,,,,,,,,,,,,,,,,,,,,,,,,,,,,,,,,,,,,,,,,,,2024,,,,9.0,2.0,,,,,,,,,,,,,,,,,,,,,,,,,,,,,37.84923525,8.500743176,,
182.0,13.0,222.7,14.85,43.0,17.78571429,6.0,44.0,18.0,7.0,4.0,1.0,,3.0,,,,,,5.79069767,,,,,,,,,,,,,1.0,5.0,1.0,2.0,11.0,1.0,1.0,4.0,10.0,126.0,3.0,,14.0,45.89706075,17.83390045,0.814926581,0.041758936,53.0,26.0,13.0,10.0,5.0,9.0,4.0,0.086553032,0.060587123,0.207583251,0.00708402,5.828445273,,,,,,,,,,,,,,,,,,1.107294063,0.040661206,0.71286445,,9.241183238,0.327917647,,4.421510665,16.04866976,15.0,Bryce Young,CAR,FA,20,4685720,,FA,,{},"['QB', 'OP', 'BE', 'IR']",,,,,,1.0,,,,,,,,,,,,,,,,384.0,234.0,150.0,171.64285714,15.0,475.0,235.0,114.0,90.0,43.0,17.0,41.0,16.0,24.0,9.0,2.0,1.0,,,9.0,0.609375,29.0,5.0,7.0,4.0,1.0,1.0,512.3234164,325.5033462,186.8200702,235.38404,20.1115686,706.0,353.0,176.0,141.0,70.0,35.0,65.0,32.0,2.825868765,1.846705238,2.683352728,0.362450596,1.065535127,11.6271591,0.635347391,36.76381297,8.528318789,4.093593019,,,,,2.0,1.0,,,,,,,,,,,,,,,,,,,,,,,,,,,,,,,,,,,,,,,,,,,,,,,,,,,,,,,,,,,,,,,,,,,,,,,,,,,,,,,,,,,,,,,,,,,,,,,,,,,,,,,,,,,,,,,,,,,,,,,,,2.0,,,,,,,,,,,,,,,,,,,,,,,,,,,,,,,,,,,,,,,,,,,,2024,,,117.0,15.0,,,,,,,,,,,,,,,,,,,,,,,,,,,,,,14.25665868,,172.6264017,
28.0,2.8,36.18,2.58,43.0,15.5,,27.0,12.0,4.0,1.0,,,5.0,,,,,,3.60465116,5.0,6.2,1.0,11.0,5.0,2.0,1.0,,,9.0,37.0,12.4,1.0,1.0,,,,,,7.0,3.0,6.0,,1.0,10.0,42.53422202,12.39283898,0.755856737,0.042064776,35.0,17.0,8.0,7.0,3.0,8.0,4.0,0.079864886,0.05590542,0.081268271,0.002773374,4.130479152,3.911516737,0.315354727,0.015952381,0.037402654,0.024442634,11.0,5.0,2.0,2.0,1.0,8.023925622,,,0.027309025,0.000844609,10.22516308,6.91076969,0.058017157,0.001824575,0.348864227,0.065811962,0.41467619,0.160477545,0.036854699,0.197332243,0.197332243,14.17647059,Kimani Vidal,LAC,FA,81,4430968,,FA,,{},"['Rookie', 'RB', 'RB/WR', 'RB/WR/TE', 'OP', 'BE', 'IR']",,,,,,,,,,,,,,,,,,,,,,,,,,,,,,,,,,,,,,,,,,,,1.0,,,,,,,,,,,,,,,,,,,,,,,,,,,,,,,,,,,,,,,,,,,,,,,,,,,,,,,,,,,,,,,,,,,,,,,,,,,,,,,,,,,,,,,,,,,,,,,,,,,,,,,,,,,,,,,,,,,,,,,,,,,,,,,,,,,,,,,,,,,,,,,,,,,,,,,,,,,,,,,,,,,,,,,,,,,,,,,,,,,,,,,,,,,,,,,,,,,,,,2024,,,,7.0,2.0,,,,,,,,,,,,,,,,,,,,,,,,,,,,,11.15169022,2.404925471,,
135.0,13.5,248.11,16.54,26.0,11.9,3.0,20.0,7.0,2.0,1.0,,,1.0,,,,,,4.57692308,,-0.5,,,,,,,,,-5.0,,,3.0,,1.0,8.0,1.0,1.0,2.0,8.0,84.0,3.0,,10.0,58.30944283,18.76564824,3.161371779,0.188846094,56.0,28.0,14.0,11.0,5.0,11.0,5.0,0.110779212,0.077545448,0.229951729,0.00784737,4.827429486,,,,,,,,,,,,,,,,,,1.452923634,0.041363912,0.874289177,,9.400889132,0.402173022,,4.494941,16.93249941,15.0,Trevor Lawrence,JAX,FA,27,4360310,,FA,,{},"['QB', 'OP', 'BE', 'IR']",,,,,,1.0,,,,,,,,,,,,,,,,284.0,172.0,112.0,204.5,11.0,404.0,200.0,98.0,76.0,36.0,15.0,30.0,13.0,20.0,6.0,1.0,1.0,2.0,3.0,7.0,0.6056338,18.0,2.0,6.0,3.0,1.0,,536.0630498,348.3795634,187.6834864,251.3642224,20.4643721,754.0,377.0,188.0,150.0,75.0,37.0,69.0,34.0,3.19070204,2.085123783,3.431419313,0.463494777,1.26407754,12.43755841,0.649885426,32.60611087,8.526599955,4.092767978,,,,,,,,,,,,,,,,,,,,,,,,,,,,,,,,,,,,,,,,,,,,,,,,,,,,,,,,,,,,,,,,,,,,,,,,,,,,,,,,,,,,,,,,,,,,,,,,,,,,,,,,,,,,,,,,,,,,,,,,,,,,,,,1.0,,,,,,,,,,,,,,,,,,,,,,,,,,,,,,,,,,,,,,,,,,,,2024,,,97.0,13.0,,,,,,,,,,,,,,,,,,,,,,,,,,,,,,17.23194109,,184.3584959,
133.0,8.31,126.78,8.45,,,,,,,,,,,,,,,,,,,,,,,,,,,,,,,,,,,1.0,8.0,8.0,126.0,,,16.0,,,,,,,,,,,,,,,,,,,,,,,,,,,,,,,,,,,,,,,,,,,15.16358025,Matt Gay,IND,FA,13,4249087,,FA,,{},"['K', 'BE', 'IR']",,,,,,,,,,,,,,,,,,,,,,,,,,,,,,,,,,,,,,,,,,,,,,,,,,,,,,,,,,,,,,,,,,,,,,,,,,,1.0,,,,3.0,9.0,7.0,7.0,,21.0,21.0,,31.0,37.0,6.0,33.0,33.0,,3.0,9.0,4.311567454,6.204961562,1.893394107,6.973151481,8.63165445,1.658502969,15.41821163,15.88101548,0.462803853,26.70293057,30.71763149,4.01470093,35.08622848,36.47755372,1.391325246,4.311567454,6.204961562,1.893394107,,,,,,,,,,,,,,,,,,,,,,,,,,,,,,,,,,,,,,,,,,,,,,,,,,,,,,,,,,,,,,,,,,,,,,,,,,,,,,,,,,,,,,,6.0,6.0,,,,,,,,,,,,,,,,,,,,,,,,,,,,,,,,,,,,,,,,,,2024,,,,,,1129.0,317.0,1446.0,220.0,106.0,50.0,38.0,15.0,3.0,61.0,30.0,12.0,12.0,6.0,283.0,137.0,66.0,50.0,21.0,7.0,,,1009.162808,190.760031,1199.922839,,,,,,,
50.0,5.0,170.03,11.34,,,,,,,,,,,,,,,,,20.0,23.9,2.0,44.0,20.0,8.0,5.0,1.0,1.0,42.0,39.0,11.95,,1.0,,1.0,1.0,2.0,2.0,2.0,8.0,12.0,,,10.0,,,,,,,,,,,,,,,,,52.78557945,6.448708981,0.398146572,0.237665218,0.15531422,159.0,79.0,39.0,31.0,15.0,52.62703584,,,1.381792922,0.042735864,93.90730691,15.16319031,0.398146572,0.004371177,,0.993449335,0.993449335,,0.556331627,0.556331627,0.556331627,15.11764706,Gabe Davis,JAX,FA,109,4243537,,FA,,{},"['RB/WR', 'WR', 'WR/TE', 'RB/WR/TE', 'OP', 'BE', 'IR']",,,,,,1.0,1.0,,,,,,,,,,,,,1.0,1.0,,,,,,,,,,,,,,,,,,,,,,,,,,,,,,,,,,,,,,,,,,,,,,,,,,,,,,,,,,,,,,,,,,,,,,,,,,,,,,,,,,,,,,,,,,,,,,,,,,,,,,,,,,,,,,,,,,,,,,,,,,,,,,,,,,,,,,,,,,,,,,,,,,,,,,,,,,,,,,,,,,,,,,,,,,,,,,,,,,,,,,,,,,,,,,,,,,,,,,,,,,,,,,,,,,,,,,,,,,,,,2024,,,,,13.0,,,,,,,,,,,,,,,,,,,,,,,,,,,,,,35.48824248,,
107.0,6.29,70.16,4.68,1.0,-0.23529412,,,,,,,,,,,,,,-4.0,40.0,25.70588235,5.0,82.0,37.0,16.0,10.0,3.0,,49.0,210.0,10.925,,,,,,1.0,2.0,15.0,2.0,30.0,,1.0,17.0,,,,,,,,,,,,,,,,,19.12242883,2.310179704,0.075595126,0.108875468,0.071150118,57.0,28.0,14.0,11.0,5.0,28.43482367,,,0.118513886,0.003665378,41.12363452,10.16662292,0.075595126,0.001146279,,0.260517917,0.260517917,,0.145890033,0.145890033,0.145890033,15.11764706,Noah Gray,KC,FA,21,4240472,,FA,,{},"['WR/TE', 'TE', 'RB/WR/TE', 'OP', 'BE', 'IR']",,,,,,,,,,,,,,,,,,,,3.0,,,,,,,,,,,,,,,,,,,,,,,,,,,,,,,,,,,,,,,,,,,,,,,,,,,,,,1.0,1.0,,,,,,,,,,,,,,,,,,,,,,,,,,,,,,,,,,,,,,,,,,,,,,,,,,,,,,,,,,,,,,,,,,,,,,,,,,,,,,,,,,,,,,,,,,,,,,,,,,,,,,,,,,,,,,,,,,,,,,,,,,,,,,,,,,,,,,,,,,,,,,,,,,,,,,,,,,,,,,,,,,,,,,,2024,,,,,25.0,,,,,,,,,,,,,,,,,,,,,,,,,,,,,,14.24805394,,
24.0,4.8,,,39.0,36.6,,34.0,16.0,7.0,6.0,2.0,,7.0,2.0,,,,,4.69230769,6.0,5.8,,5.0,2.0,,,,,7.0,29.0,4.83333333,,,,,,,,,5.0,,,,5.0,,,,,,,,,,,,,,,,,,,,,,,,,,,,,,,,,,,,,,,,,,,,Sincere McCormick,LV,FA,91,4430104,,FA,,{},"['RB', 'RB/WR', 'RB/WR/TE', 'OP', 'BE', 'IR']",,,,,,,,,,,,,,,,,,,,,,,,,,,,,,,,,,,,,,,,,,,,,,,,,,,,,,,,,,,,,,,,,,,,,,,,,,,,,,,,,,,,,,,,,,,,,,,,,,,,,,,,,,,,,,,,,,,,,,,,,,,,,,,,,,,,,,,,,,,,,,,,,,,,,,,,,,,,,,,,,,,,,,,,,,,,,,,,,,,,,,,,,,,,,,,,,,,,,,,,,,,,,,,,,,,,,,,,,,,,,,,,,,,,,,,,,,,,,,,,,,2024,,,,10.0,2.0,,,,,,,,,,,,,,,,,,,,,,,,,,,,,,,,
122.0,10.17,27.48,6.87,25.0,6.91666667,1.0,14.0,5.0,2.0,2.0,,,1.0,,,,,,3.32,,,,,,,,,,,,,,5.0,,2.0,14.0,1.0,1.0,3.0,9.0,84.0,1.0,,12.0,7.528116462,6.198233267,0.203491273,0.010256882,4.0,2.0,1.0,,,1.0,,0.014286507,0.010000555,0.013300067,0.00045388,3.293377991,,,,,,,,,,,,,,,,,,0.140787379,0.004106972,0.084702306,,0.933402736,0.038963061,,0.446339267,2.324114237,4.0,Jameis Winston,CLE,FA,29,2969939,,FA,,{},"['QB', 'OP', 'BE', 'IR']",,,,,,,,,,,,,,,,,,,,,,296.0,181.0,115.0,176.75,13.0,421.0,207.0,100.0,79.0,37.0,17.0,33.0,14.0,19.0,7.0,2.0,2.0,2.0,4.0,12.0,0.61148649,24.0,5.0,4.0,2.0,2.0,3.0,70.00149968,42.21227829,27.78922139,120.5609484,2.400729233,96.0,48.0,24.0,19.0,9.0,4.0,8.0,4.0,0.393763167,0.25732423,0.389984225,0.052676643,0.130530497,1.87777497,0.603019628,5.428745063,0.84870043,0.407376207,,,,,,,,,,,,,,,,,,,,,,,,,,,,,,,,,,,,,,,,,,,,,,,,,,,,,,,,,,,,,,,,,,,,,,,,,,,,,,,,,,,,,,,,,,,,,,,,,,,,,,,,,,,,,,,,,,,,,,,,,,,,,,,2.0,,,,,,,1.0,,,,,,,,,,,,,,,,,,,,,,,,,,,,,,,,,,,,,2024,,,103.0,17.0,,,,,,,,,,,,,,,,,,,,,,,,,,,,,,1.689965023,,22.85749786,
120.0,10.0,50.8,3.39,,,,,,,,,,,,,,,,,37.0,44.16666667,6.0,100.0,47.0,20.0,15.0,6.0,3.0,60.0,155.0,14.32432432,,,,,,1.0,1.0,4.0,8.0,36.0,,1.0,12.0,,,,,,,,,,,,,,,,,15.49525274,1.713701421,0.085866247,0.170908154,0.111688479,46.0,23.0,11.0,9.0,4.0,17.61378801,,,0.096540096,0.002985776,29.99783537,13.29934037,0.085866247,0.001089995,,0.247726173,0.247726173,,0.138726657,0.138726657,0.138726657,15.11764706,Allen Lazard,NYJ,FA,58,3128390,,FA,,{},"['RB/WR', 'WR', 'WR/TE', 'RB/WR/TE', 'OP', 'BE', 'IR']",,1.0,1.0,1.0,1.0,,,,,,,,,,,,,,,1.0,,1.0,,1.0,,,,,,,,,,,,,,,,,,,,,,,,,,,,,,,,,,,,,,,,,,,,,,,,,,3.0,,,,,,,,,,,,,,,,,,,,,,,,,,,,,,,,,,,,,,,,,,,,,,,,,,,,,,,,,,,,,,,,,,,,,,,,,,,,,,,,,,,,,,,,,,,,,,,,,,,,,,,,,,,,,,,,,,,,,,,,,,,,,,,,,,,,,,,,,,,,,,,,,,,,,,,,,,,,,,,,,,,,,,,,2024,,,,,29.0,,,,,,,,,,,,,,,,,,,,,,,,,,,,,,10.02555701,,
101.0,6.73,168.03,11.2,,,,,,,,,,,,,,,,,39.0,38.93333333,1.0,111.0,52.0,21.0,15.0,4.0,1.0,65.0,101.0,14.97435897,,,,,,,,10.0,5.0,10.0,,,15.0,,,,,,,,,,,,,,,,,51.09908649,4.708727158,0.238047641,0.178232698,0.116475068,154.0,77.0,38.0,30.0,15.0,63.56529598,,,1.300662207,0.040226666,97.6073712,12.15282558,0.238047641,0.005067483,,1.15170061,1.15170061,,0.644952342,0.644952342,0.644952342,15.11764706,Joshua Palmer,BUF,FA,74,4242433,,FA,,{},"['RB/WR', 'WR', 'WR/TE', 'RB/WR/TE', 'OP', 'BE', 'IR']",,,,,,,,,,,,,,,,,,,,,1.0,,,,,,,,,,,,,,,,,,,,,,,,,,,,,,,,,,,,,,,,,,,,,,,,,,,2.0,,,,,,,,,,,,,,,,,,,,,,,,,,,,,,,,,,,,,,,,,,,,,,,,,,,,,,,,,,,,,,,,,,,,,,,,,,,,,,,,,,,,,,,,,,,,,,,,,,,,,,,,,,,,,,,,,,,,,,,,,,,,,,,,,,,,,,,,,,,,,,,,,,,,,,,,,,,,,,,,,,,,,,,,,,2024,,,,,28.0,,,,,,,,,,,,,,,,,,,,,,,,,,,,,,36.56685264,,
99.0,7.07,102.0,6.8,,,,,,,,,,,,,,,,,48.0,35.71428571,1.0,95.0,45.0,20.0,13.0,5.0,3.0,64.0,277.0,10.41666667,,,,,,2.0,2.0,8.0,6.0,6.0,,,14.0,,,,,,,,,,,,,,,,,29.96670322,1.927273449,0.10336747,0.133618866,0.087319929,90.0,45.0,22.0,18.0,9.0,45.69256368,,,0.29976395,0.00927105,61.43355153,9.914655829,0.10336747,0.001847336,,0.419849109,0.419849109,,0.235115501,0.235115501,0.235115501,15.11764706,Noah Fant,SEA,FA,26,4036131,,FA,,{},"['WR/TE', 'TE', 'RB/WR/TE', 'OP', 'BE', 'IR']",,,,,,,,,,,,,,,,,,,,,,,,,,,,,,,,,,,,,,,,,,,,,,,,,,,,,,,,,,,,,,,,,,,,,,,,,,1.0,,,,,,,,,,,,,,,,,,,,,,,,,,,,,,,,,,,,,,,,,,,,,,,,,,,,,,,,,,,,,,,,,,,,,,,,,,,,,,,,,,,,,,,,,,,,,,,,,,,,,,,,,,,,,,,,,,,,,,,,,,,,,,,,,,,,,,,,,,,,,,,,,,,,,,,,,,,,,,,,,,,,,,,,2024,,,,,25.0,,,,,,,,,,,,,,,,,,,,,,,,,,,,,,22.54590545,,
58.0,4.14,165.49,11.03,5.0,1.0,,2.0,,,,,,,,,,,,2.8,31.0,18.07142857,1.0,47.0,21.0,8.0,6.0,2.0,2.0,46.0,160.0,8.16129032,,,,,,2.0,2.0,10.0,4.0,6.0,,,14.0,12.51387621,4.254438065,0.905468814,0.039423491,12.0,6.0,3.0,2.0,1.0,2.0,1.0,0.023106171,0.01617432,0.010296026,0.000351364,5.139661925,42.76816537,4.514389763,0.240153705,0.112883205,0.073769174,129.0,64.0,32.0,25.0,12.0,63.34666586,,,0.775366006,0.023980392,91.22517946,10.20659921,0.279577195,0.003891567,0.145897469,0.738549597,0.884447066,0.067112836,0.413587774,0.48070061,0.48070061,15.11764706,Curtis Samuel,BUF,FA,103,3121427,,FA,,{},"['RB/WR', 'WR', 'WR/TE', 'RB/WR/TE', 'OP', 'BE', 'IR']",,,,,,,,,,,,,,,,,,,,,,,,,,,,,,,,,,,,,,,,,,,,,,,,,,,,,,,,,,,,,,,,,,,,,,,,,,1.0,,,,,,,,,,,,,,,,,,,,,,,,,,,,,,,,,,,,,,,,,,,,,,,,,,,,,,,,,,,,,,,,,,,,,,,,,,,,,,,,,,,,,,,,,,,,,,,,,,,,,,,,,,,,,,,,,,,,,,,,,,,,,,,,,,,,,,,,,,,,,,,,,,,,,,,,,,,,,,,,,,,,,,,,2024,,,,,9.0,,,,,,,,,,,,,,,,,,,,,,,,,,,,,5.678963528,32.96451253,,
9.0,4.5,67.45,6.75,13.0,23.0,,9.0,4.0,2.0,1.0,,,2.0,,,,,,3.53846154,3.0,12.0,,4.0,2.0,,,,,5.0,35.0,8.0,,,,,,,,,2.0,,,,2.0,62.02784124,24.96587509,1.764217392,0.092501073,53.0,26.0,13.0,10.0,5.0,12.0,6.0,0.118796133,0.083157293,0.241772305,0.008250761,4.309060516,10.63878273,1.139980324,0.03731469,0.052700011,0.034439457,22.0,11.0,5.0,4.0,2.0,13.31275564,,,0.044403189,0.001373294,18.03558264,8.555520689,0.129815762,0.002577885,0.482356928,0.103526091,0.585883019,0.221884187,0.057974611,0.279858798,0.279858798,10.70588235,Clyde Edwards-Helaire,NO,FA,108,4242214,,FA,,{},"['RB', 'RB/WR', 'RB/WR/TE', 'OP', 'BE', 'IR']",,,,,,,,,,,,,,,,,,,,,,,,,,,,,,,,,,,,,,,,,,,,,,,,,,,,,,,,,,,,,,,,,,,,,,,,,,,,,,,,,,,,,,,,,,,,,,,,,,,,,,,,,,,,,,,,,,,,,,,,,,,,,,,,,,,,,,,,,,,,,,,,,,,,,,,,,,,,,,,,,,,,,,,,,,,,,,,,,,,,,,,,,,,,,,,,,,,,,,,,,,,,,,,,,,,,,,,,,,,,,,,,,,,,,,,,,,,,,,,,,,2024,,,,2.0,1.0,,,,,,,,,,,,,,,,,,,,,,,,,,,,,15.69293211,5.762229484,,
104.0,6.12,125.23,8.35,,,,,,,,,,,,,,,,,39.0,24.41176471,5.0,77.0,35.0,15.0,10.0,1.0,2.0,76.0,139.0,10.64102564,,,,,,2.0,2.0,11.0,6.0,30.0,,1.0,17.0,,,,,,,,,,,,,,,,,37.43212834,3.833434971,0.181777478,0.170508257,0.111427146,113.0,56.0,28.0,22.0,11.0,46.89076076,,,0.538286941,0.01664805,72.28734599,12.0681707,0.181777478,0.004126387,,0.937815215,0.937815215,,0.525176521,0.525176521,0.525176521,15.11764706,Dontayvion Wicks,GB,FA,72,4428850,,FA,,{},"['RB/WR', 'WR', 'WR/TE', 'RB/WR/TE', 'OP', 'BE', 'IR']",,,,,,,,,,,,,,,,,,,,2.0,,,,,,,,,,,,,,,,,,,,,,,,,,,,,,,,,,,,,,,,,,,,,,,,,,,,,,2.0,,,,,,,,,,,,,,,,,,,,,,,,,,,,,,,,,,,,,,,,,,,,,,,,,,,,,,,,,,,,,,,,,,,,,,,,,,,,,,,,,,,,,,,,,,,,,,,,,,,,,,,,,,,,,,,,,,,,,,,,,,,,,,,,,,,,,,,,,,,,,,,,,,,,,,,,,,,,,,,,,,,,,,,,2024,,,,,25.0,,,,,,,,,,,,,,,,,,,,,,,,,,,,,,26.71070009,,
109.0,10.9,88.24,17.65,62.0,28.9,5.0,54.0,22.0,9.0,9.0,3.0,,9.0,3.0,,,,,4.66129032,,,,,,,,,,,,,4.0,6.0,,1.0,2.0,,,6.0,4.0,60.0,5.0,,10.0,47.68307223,53.75454555,1.513969179,0.070589354,53.0,26.0,13.0,10.0,5.0,9.0,4.0,0.095163071,0.06661415,0.632591094,0.021587907,5.636648713,,,,,,,,,,,,,,,,,,0.397895002,0.017602013,0.876513139,,4.000457577,0.403196044,,1.902689374,6.178268328,5.0,Justin Fields,NYJ,FA,32,4362887,,FA,,{},"['QB', 'OP', 'BE', 'IR']",,,,,,,,,,,,,,,,,,,,,,161.0,106.0,55.0,110.6,5.0,220.0,108.0,52.0,41.0,19.0,9.0,19.0,8.0,9.0,3.0,1.0,1.0,1.0,,1.0,0.65838509,16.0,2.0,3.0,1.0,,,154.4016275,96.16146502,58.2401625,212.6582521,5.653393221,212.0,106.0,53.0,42.0,21.0,10.0,19.0,9.0,0.78181599,0.51091675,0.629087171,0.084973182,0.327305648,4.275578954,0.622800851,15.5436497,3.123944439,1.499493331,,,,,,,,,,,,,,,,,,,,,,,,,,,,,,,,,,,,,,,,,,,,,,,,,,,,,,,,,,,,,,,,,,,,,,,,,,,,,,,,,,,,,,,,,,,,,,,,,,,,,,,,,,,,,,,,,,,,,,,,,,,,,,,1.0,,,,,,,,,,,,,,,,,,,,,,,,,,,,,,,,,,,,,,,,,,,,2024,,,45.0,19.0,,,,,,,,,,,,,,,,,,,,,,,,,,,,,,13.71017143,,51.21764519,
55.0,3.44,81.73,5.45,,,,,,,,,,,,,,,,,22.0,19.4375,1.0,59.0,27.0,12.0,7.0,2.0,,33.0,94.0,14.13636364,,,,,,,,13.0,3.0,6.0,,,16.0,,,,,,,,,,,,,,,,,21.56789924,3.437767775,0.182949187,0.122474378,0.080037006,65.0,32.0,16.0,13.0,6.0,29.08697196,,,0.145632714,0.004504105,45.13802572,11.20968828,0.182949187,0.001409946,,0.320442164,0.320442164,,0.179447612,0.179447612,0.179447612,15.11764706,Dawson Knox,BUF,FA,41,3930086,,FA,,{},"['WR/TE', 'TE', 'RB/WR/TE', 'OP', 'BE', 'IR']",,,,,,,,,,,,,,,,,,,,,,,,,,,,,,,,,,,,,,,,,,,,,,,,,,,,,,,,,,,,,,,,,,,,,,,,,,1.0,,,,,,,,,,,,,,,,,,,,,,,,,,,,,,,,,,,,,,,,,,,,,,,,,,,,,,,,,,,,,,,,,,,,,,,,,,,,,,,,,,,,,,,,,,,,,,,,,,,,,,,,,,,,,,,,,,,,,,,,,,,,,,,,,,,,,,,,,,,,,,,,,,,,,,,,,,,,,,,,,,,,,,,,2024,,,,,12.0,,,,,,,,,,,,,,,,,,,,,,,,,,,,,,15.87726933,,
88.0,8.0,,,,,,,,,,,,,,,,,,,32.0,43.45454545,2.0,93.0,44.0,19.0,15.0,5.0,1.0,46.0,171.0,14.9375,,,,,,1.0,1.0,4.0,7.0,12.0,,,11.0,,,,,,,,,,,,,,,,,,,,,,,,,,,,,,,,,,,,,,,,,,,,Jalen Coker,CAR,FA,82,4695883,,FA,,{},"['Rookie', 'RB/WR', 'WR', 'WR/TE', 'RB/WR/TE', 'OP', 'BE', 'IR']",,1.0,1.0,1.0,1.0,,,,,,,,,,,,,,,,,1.0,1.0,,1.72727273,,3.0,1.0,,,,,,,,,,,,,,1.0,,,,,,,,,,,,,,,,,,,,,,,,,,,,,,,,1.0,,,,,,,,,,,,,,,,,,,,,,,,,,,,,,,,,,,,,,,,,,,,,,,,,,,,,,,,,,,,,,,,,,,,,,,,,,,,,,,,,,,,,,,,,,,,,,,,,,,,,,,,,,,,,,,,,,,,,,,,,,,,,,,,,,,,,,,,,,,,,,,,,,,,,,,,,,,,,,,,,,,,,,,,2024,,,1.0,,23.0,,,,,,,,,,,,,,,,,,,,,,,,,,,,,,,,
95.0,11.88,24.24,6.06,9.0,3.25,,4.0,2.0,1.0,,,,,,,,,,2.88888889,,,,,,,,,,,,,1.0,4.0,1.0,4.0,11.0,,1.0,3.0,5.0,72.0,,,8.0,4.926800144,4.564233604,0.192769891,0.006792255,3.0,1.0,,,,,,0.009241175,0.006468822,0.007210594,0.00024607,3.705637307,,,,,,,,,,,,,,,,,,0.169359244,0.005078224,0.076709517,,1.154141828,0.035286378,,0.552453887,2.116187053,4.0,Joe Flacco,IND,FA,34,11252,,FA,,{},"['QB', 'OP', 'BE', 'IR']",,,,,,,,,,,,,,,,,,,,,,248.0,162.0,86.0,220.125,12.0,348.0,172.0,84.0,67.0,32.0,13.0,30.0,13.0,15.0,6.0,2.0,1.0,2.0,,7.0,0.65322581,18.0,3.0,4.0,5.0,1.0,,64.68641679,40.01620259,24.6702142,108.611671,2.237443809,86.0,43.0,21.0,17.0,8.0,4.0,8.0,4.0,0.325093781,0.212448786,0.269770753,0.036438955,0.162566988,1.563733166,0.618618322,4.513519599,1.077432311,0.517167509,,,,1.0,,,,,,,,,,,,,,,,,,,,,,,,,,,,,,,,,,,,,,,,,,,,,,,,,,,,,,,,,,,,,,,,,,,,,,,,,,,,,,,,,,,,,,,,,,,,,,,,,,,,,,,,,,,,,,,,,,,,,,,,,,,3.0,,,,,,,,,,,,,,,,,,,,,,,,,,,,,,,,,,,,,,,,,,,,2024,,,87.0,2.0,,,,,,,,,,,,,,,,,,,,,,,,,,,,,,1.303243863,,21.09548613,
119.0,7.0,125.31,8.35,9.0,2.58823529,1.0,8.0,2.0,,,,,,,,,,,4.88888889,47.0,31.70588235,3.0,101.0,46.0,20.0,13.0,3.0,3.0,81.0,208.0,11.46808511,,,,,,2.0,3.0,4.0,13.0,24.0,1.0,,17.0,12.11922879,5.147646351,0.474523463,0.022816499,15.0,7.0,3.0,3.0,1.0,2.0,1.0,0.022372565,0.015660795,0.015155134,0.000517187,6.421225483,37.75529816,2.387668723,0.134601893,0.171737043,0.112230158,114.0,57.0,28.0,22.0,11.0,44.18312579,,,0.551044286,0.017042607,72.86681891,12.91830902,0.157418392,0.004954607,0.242384576,0.883662516,1.126047092,0.111496905,0.494851009,0.606347914,0.606347914,15.11764706,Tre Tucker,LV,FA,59,4428718,,FA,,{},"['RB/WR', 'WR', 'WR/TE', 'RB/WR/TE', 'OP', 'BE', 'IR']",,1.0,1.0,,,,,,,,,0.1368,,220.8,,,22.0,8.0,,1.0,,,,,,,,,,,,,,,,,,,,,,,,,,,,,,,,,,,,,,,,,,,,,,,,,,,,,,1.0,1.0,,,,,,,,,,,,,,,,,,,,,,,,,,,,,,,,,,,,,,,,,,,,,,,,,,,,,,,,,72.0,5.0,2.0,,,,,,,,,,,,,,,,,,,,,,,,,,,,,,,,,,,,,,,,,,,,,,,,,,,,,,,,,,,,,,,,,,,,,,,,,,,,,,,,,,,,,,,,,,,,,,,,,,,,,,,,,,,,2024,,,,3.0,24.0,,,,,,,,,,,,,,,,,,,,,,,,,,,,,5.789657021,25.63706921,,
51.0,3.0,75.37,5.38,75.0,17.05882353,1.0,51.0,22.0,9.0,5.0,1.0,,9.0,2.0,,,,,3.86666667,16.0,6.82352941,,20.0,7.0,2.0,1.0,,,22.0,114.0,7.25,,,,,,4.0,5.0,14.0,3.0,6.0,,,17.0,64.35457305,19.68483829,2.049538576,0.077952838,55.0,27.0,13.0,11.0,5.0,12.0,6.0,0.122230949,0.085561664,0.204347695,0.006973603,4.336312368,9.787293624,0.481005629,0.028501877,0.039319761,0.025695464,27.0,13.0,6.0,5.0,2.0,19.96355409,,,0.055000351,0.001701042,25.81236854,6.950129199,0.106454715,0.005037332,0.873788598,0.271059617,1.144848215,0.401942755,0.151793386,0.553736141,0.553736141,14.17647059,Kenneth Gainwell,PIT,FA,62,4371733,,FA,,{},"['RB', 'RB/WR', 'RB/WR/TE', 'OP', 'BE', 'IR']",,,,,,,,456.0,41.0,13.0,0.180906372,,593.5990317,,59.0,23.0,,,,,,,,,,,,,,,,,,,,,,,,,,,,,,,,,,,,,,,,,,,,,,,,,,,,,,,,,,,1.0,1.0,,,,,,,,,,,,,,,,,,,,,,,,,,,,,,,,,,,,,,,,,,,,,,,,,,,,,,,,,,,,,,,,,,,,,,,,,,,,,,,,,,,,,,,,,,,,,,,,,,,,,,,,,,,,,,,,,,,,,,,,,,,,,,,,,,,,,,,,,,,,,,,,,,,,,,,,,,,,,,,,,,,,,,2024,,,,12.0,5.0,,,,,,,,,,,,,,,,,,,,,,,,,,,,,16.93227199,7.423493763,,
127.0,7.47,125.5,7.38,,,,,,,,,,,,,,,,,,,,,,,,,,,,,,,,,,2.0,2.0,5.0,12.0,112.0,,,17.0,,,,,,,,,,,,,,,,,,,,,,,,,,,,,,,,,,,,,,,,,,,17.0,Blake Grupe,NO,FA,16,4259619,,FA,,{},"['K', 'BE', 'IR']",,,,,,,,,,,,,,,,,,,,,,,,,,,,,,,,,,,,,,,,,,,,,,,,,,,,,,,,,,,,,,,,,,,,,,,,,,,,,,,6.0,8.0,7.0,8.0,1.0,14.0,15.0,1.0,27.0,31.0,4.0,31.0,33.0,2.0,6.0,7.0,4.388634156,6.61322315,2.224588994,7.144534023,9.199582699,2.055048676,15.90385097,16.92592262,1.022071644,27.43701915,32.73872847,5.301709315,32.56602064,34.99408482,2.428064176,4.388634156,6.61322315,2.224588994,,,,,,,,,,,,,,,,,,,,,,,,,,,,,,,,,,,,,,,,,,,,,,,,,,,,,,,,,,,,,,,,,,,,,,,,,,,,,,,,,,,,,,,2.0,1.0,1.0,1.0,,,,,,,,,,,,,,,,,,,,,,,,,,,,,,,,,,,,,,,,2024,,,,,,1095.0,193.0,1288.0,213.0,105.0,49.0,37.0,15.0,4.0,37.0,18.0,8.0,6.0,2.0,251.0,124.0,58.0,44.0,18.0,6.0,,1.0,1035.605805,243.2671454,1278.87295,,,,,,,
26.0,1.86,103.28,7.38,36.0,9.28571429,1.0,20.0,9.0,4.0,2.0,1.0,,4.0,2.0,,,,,3.61111111,10.0,1.78571429,,3.0,1.0,,,,1.0,11.0,49.0,2.5,,1.0,,,,1.0,2.0,9.0,5.0,6.0,1.0,,14.0,125.1116021,40.14137136,2.776409956,0.1538928,113.0,56.0,28.0,22.0,11.0,25.0,12.0,0.245113599,0.171579519,0.837374758,0.028576388,4.548442836,8.149000245,0.664576892,0.033478769,0.03602735,0.023543873,23.0,11.0,5.0,4.0,2.0,16.1719833,,,0.048132176,0.001488624,22.19337311,7.143469056,0.187371568,0.004381729,0.88185809,0.113989383,0.995847472,0.405654721,0.063834054,0.469488776,0.469488776,14.17647059,Khalil Herbert,IND,FA,83,4035886,,FA,,{},"['RB', 'RB/WR', 'RB/WR/TE', 'OP', 'BE', 'IR']",,,,,,1.0,,124.0,10.0,4.0,,,,,,,,,,,,,,,,,,,,,,,,,,,,,,,,,,,,,,,,,,,,,,,,,,,,,,,,,,,,,,,,,1.0,,,,,,,,,,,,,,,,,,,,,,,,,,,,,,,,,,,,,,,,,,,,,,,,,,,,,,,,,,,,,,,,,,,,,,,,,,,,,,,,,,,,,,,,,,,,,,,,,,,,,,,,,,,,,,,,,,,,,,,,,,,,,,,,,,,,,,,,,,,,,,,,,,,,,,,,,,,,,,,,,,,,,,,2024,,,,10.0,,,,,,,,,,,,,,,,,,,,,,,,,,,,,,30.95733066,5.993874485,,
61.0,3.59,78.82,5.25,,,,,,,,,,,,,,,,,30.0,17.29411765,1.0,54.0,25.0,8.0,5.0,1.0,1.0,49.0,160.0,9.8,,,,,,1.0,1.0,10.0,7.0,6.0,,,17.0,,,,,,,,,,,,,,,,,21.10902132,2.601279762,0.139337518,0.10592087,0.069219288,63.0,31.0,15.0,12.0,6.0,32.26186701,,,0.179346562,0.005546801,45.54981528,9.891514772,0.139337518,0.001300557,,0.295581027,0.295581027,,0.165525375,0.165525375,0.165525375,15.11764706,Colby Parkinson,LAR,FA,39,4242557,,FA,,{},"['WR/TE', 'TE', 'RB/WR/TE', 'OP', 'BE', 'IR']",,,,,,,,,,,,,,,,,,,,,,,,,,,,,,,,,,,,,,,,,,,,,,,,,,,,,,,,,,,,,,,,,,,,,,,,,,1.0,,,,,,,,,,,,,,,,,,,,,,,,,,,,,,,,,,,,,,,,,,,,,,,,,,,,,,,,,,,,,,,,,,,,,,,,,,,,,,,,,,,,,,,,,,,,,,,,,,,,,,,,,,,,,,,,,,,,,,,,,,,,,,,,,,,,,,,,,,,,,,,,,,,,,,,,,,,,,,,,,,,,,,,,2024,,,,,15.0,,,,,,,,,,,,,,,,,,,,,,,,,,,,,,16.0675801,,
74.0,5.29,0.0,0.0,8.0,4.92857143,,12.0,6.0,2.0,1.0,,,,,,,,,8.625,32.0,23.85714286,1.0,62.0,28.0,11.0,6.0,2.0,1.0,51.0,99.0,10.4375,,,,,,,,7.0,7.0,8.0,,,14.0,,,,,,,,,,,,,,,,,,,,,,,,,,,,,,,,,,,,,,,,,,,,Sterling Shepard,TB,FA,92,2976592,,FA,,{},"['RB/WR', 'WR', 'WR/TE', 'RB/WR/TE', 'OP', 'BE', 'IR']",,,,,,,,,,,,,,,,,,,,1.0,,,,,,,,,,,,,,,,,,,,,,,,,,,,,,,,,,,,,,,,,,,,,,,,,,,,1.0,,,,,,,,,,,,,,,,,,,,,,,,,,,,,,,,,,,,,,,,,,,,,,,,,,,,,,,,,,,,,,,,,,,,,,,,,,,,,,,,,,,,,,,,,,,,,,,,,,,,,,,,,,,,,,,,,,,,,,,,,,,,,,,,,,,,,,,,,,,,,,,,,,,,,,,,,,,,,,,,,,,,,,,,,,2024,,,,4.0,16.0,,,,,,,,,,,,,,,,,,,,,,,,,,,,,,,,
71.0,10.14,257.51,17.17,31.0,21.14285714,1.0,27.0,12.0,4.0,3.0,,,3.0,,,,,,4.77419355,,,,,,,,,,,,,2.0,5.0,1.0,3.0,6.0,,,1.0,6.0,36.0,1.0,,7.0,69.97102613,24.12826907,2.557362584,0.127735812,72.0,36.0,18.0,14.0,7.0,13.0,6.0,0.133856713,0.093699699,0.381053973,0.01300391,5.172484328,,,,,,,,,,,,,,,,,,1.240468994,0.04129762,1.08691068,,9.385822791,0.499978913,,4.483456726,15.09122024,15.0,Deshaun Watson,CLE,FA,40,3122840,,FA,,{},"['QB', 'OP', 'BE', 'IR']",,,,,,,,,,,,,,,,,,,,,,216.0,137.0,79.0,164.0,5.0,227.0,110.0,54.0,43.0,19.0,7.0,25.0,11.0,13.0,5.0,,,,1.0,3.0,0.63425926,33.0,3.0,3.0,1.0,1.0,,492.0561177,313.4662774,178.5898403,253.2223319,20.65377141,759.0,379.0,189.0,151.0,75.0,37.0,62.0,31.0,3.234637033,2.113835301,3.530107531,0.476824967,1.112733182,10.60776351,0.637053918,42.19513819,8.29891211,3.983477813,,,,,,,,,,,,,,,,,,,,,,,,,,,,,,,,,,,,,,,,,,,,,,,,,,,,,,,,,,,,,,,,,,,,,,,,,,,,,,,,,,,,,,,,,,,,,,,,,,,,,,,,,,,,,,,,,,,,,,,,,,,,,,,2.0,,,,,,,,,,,,,,,,,,,,,,,,,,,,,,,,,,,,,,,,,,,,2024,,,49.0,8.0,,,,,,,,,,,,,,,,,,,,,,,,,,,,,,20.20618865,,175.9904426,
55.0,11.0,0.0,0.0,,,,,,,,,,,,,,,,,,,,,,,,,,,,,,,,,,1.0,1.0,3.0,2.0,51.0,,,5.0,,,,,,,,,,,,,,,,,,,,,,,,,,,,,,,,,,,,,,,,,,,,Matthew Wright,CAR,FA,33,3128444,,FA,,{},"['K', 'BE', 'IR']",,,,,,,,,,,,,,,,,,,,,,,,,,,,,,,,,,,,,,,,,,,,,,,,,,,,,,,,,,,,,,,,,,,,,,,,,,,,,,,1.0,2.0,3.0,3.0,,11.0,11.0,,15.0,16.0,1.0,6.0,6.0,,1.0,2.0,,,,,,,,,,,,,,,,,,,,,,,,,,,,,,,,,,,,,,,,,,,,,,,,,,,,,,,,,,,,,,,,,,,,,,,,,,,,,,,,,,,,,,,,,,,,,,,,,,,,,,,,,1.0,1.0,,,,,,,,,,,,,,,,,,,,,,,,,,,,,,,,,,,,,,,,,,2024,,,,,,536.0,59.0,595.0,105.0,52.0,25.0,19.0,9.0,3.0,11.0,5.0,2.0,2.0,1.0,117.0,58.0,28.0,21.0,10.0,3.0,,,,,,,,,,,,
98.0,5.76,72.69,4.28,,,,,,,,,,,,,,,,,,,,,,,,,,,,,,,,,,657.0,1146.0,10.0,7.0,,,,17.0,,,,,,,,,,,,,,,,,,,,,,,,,,,,,,,,,,,,,,,,,,,17.0,Rams D/ST,LAR,FA,13,-16014,,FA,,{},"['D/ST', 'BE', 'IR']",,,,,,,,794.0,76.0,26.0,0.452874159,0.171,1485.993334,276.0,148.0,59.0,27.0,11.0,,,,,,,,,,,,,,,,,,,,,,,,,,,,,,,,,,,,,,,,,,,,,,,,,,,,,,,,,489.0,,,10.0,,,,,,,,,,,,,,,,,,,,,,,,,,,,,,,,,,,7.0,0.0,1.0,2.0,2.0,3.0,13.0,4.0,1.0,38.0,76.0,,,2.0,4.0,379.0,221.0,60.0,73.0,161.0,11.0,2.0,386.0,2.0,6.0,1.0,3.0,5998.0,0.0,1.0,3.0,5.0,3.0,3.0,2.0,0.0,0.0,0.0,1.0,2.0,2.0,2.0,6.0,1.0,3.0,0.048387097,0.212224109,1.256366723,1.833616299,0.113310313,1.855176566,13.81330171,8.770295204,1.866224285,0.225381391,39.11321651,78.22643302,1.288389857,0.566786709,2.592361038,11.39029669,1038.978147,346.0,207.0,84.83067304,408.8081671,2.46179966,4.507640068,4.015280136,2.351443124,0.313242784,24.04753924,6285.861758,0.067857499,1.357149985,2.816086219,4.461630576,4.190200579,2.71429997,1.068755613,0.324019559,369.756574,,,,,,,,,,1.0,,,,1.0,,,,,,,,,,,,,,,,,,,,,,,,,,,,,,,,,,2024,,,,,,,,,,,,,,,,,,,,,,,,,,,,,,,,,,,,,32.28276904
2.0,2.0,74.58,6.21,6.0,15.0,,3.0,1.0,,,,,1.0,,,,,,2.5,1.0,3.0,,,,,,,,1.0,8.0,3.0,,,,,,,,1.0,,,,,1.0,65.16908485,23.0657643,1.678111913,0.10504196,56.0,28.0,14.0,11.0,5.0,13.0,6.0,0.124327502,0.087029252,0.236732711,0.008078779,4.372165579,10.81025857,0.822994678,0.03906104,0.035013606,0.022881391,26.0,13.0,6.0,5.0,2.0,18.93198754,,,0.051872744,0.001604312,24.56737131,7.053590541,0.144103,0.003035094,0.534514595,0.155279511,0.689794106,0.245876713,0.086956526,0.33283324,0.33283324,12.35294118,MarShawn Lloyd,GB,FA,126,4429023,,FA,,{},"['Rookie', 'RB', 'RB/WR', 'RB/WR/TE', 'OP', 'BE', 'IR']",,,,,,,,,,,,,,,,,,,,,,,,,,,,,,,,,,,,,,,,,,,,,,,,,,,,,,,,,,,,,,,,,,,,,,,,,,,,,,,,,,,,,,,,,,,,,,,,,,,,,,,,,,,,,,,,,,,,,,,,,,,,,,,,,,,,,,,,,,,,,,,,,,,,,,,,,,,,,,,,,,,,,,,,,,,,,,,,,,,,,,,,,,,,,,,,,,,,,,,,,,,,,,,,,,,,,,,,,,,,,,,,,,,,,,,,,,,,,,,,,,2024,,,,,,,,,,,,,,,,,,,,,,,,,,,,,,,,,,16.65924516,7.3197772,,
75.0,4.69,135.09,7.95,,,,,,,,,,,,,,,,,,,,,,,,,,,,,,,,,,,,3.0,13.0,71.0,,,16.0,,,,,,,,,,,,,,,,,,,,,,,,,,,,,,,,,,,,,,,,,,,17.0,Dustin Hopkins,CLE,FA,30,15965,,FA,,{},"['K', 'BE', 'IR']",,,,,,,,,,,,,,,,,,,,,,,,,,,,,,,,,,,,,,,,,,,,,,,,,,,,,,,,,,,,,,,,,,,,,,,,,,,,,,,4.0,8.0,5.0,8.0,3.0,9.0,11.0,2.0,18.0,27.0,9.0,17.0,20.0,3.0,4.0,8.0,4.671692647,6.6048265,1.933133853,7.536973711,9.187902211,1.6509285,16.6223812,16.90443218,0.282050986,28.83104755,32.69716089,3.86611334,35.58284314,36.52088319,0.938040041,4.671692647,6.6048265,1.933133853,,,,,,,,,,,,,,,,,,,,,,,,,,,,,,,,,,,,,,,,,,,,,,,,,,,,,,,,,,,,,,,,,,,,,,,,,,,,,,,,,,,,,,,4.0,4.0,,,,,,,,,,,,,,,,,,,,,,,,,,,,,,,,,,,,,,,,,,2024,,,,,,721.0,360.0,1081.0,140.0,67.0,31.0,24.0,9.0,3.0,69.0,33.0,15.0,12.0,4.0,210.0,101.0,46.0,38.0,14.0,3.0,,,1090.106656,187.1425402,1277.249196,,,,,,,
102.0,6.38,117.37,7.82,2.0,1.0625,,3.0,1.0,,,,,,,,,,,8.5,39.0,35.8125,2.0,109.0,50.0,22.0,17.0,6.0,2.0,71.0,124.0,14.69230769,,1.0,,,,,,3.0,13.0,12.0,,2.0,16.0,,,,,,,,,,,,,,,,,40.15995284,2.163119858,0.122995819,0.196895862,0.128671446,121.0,60.0,30.0,24.0,12.0,44.34101245,,,0.652505248,0.020180575,74.9311524,13.6921545,0.122995819,0.00298233,,0.677802327,0.677802327,,0.379569303,0.379569303,0.379569303,15.11764706,Darius Slayton,NYG,FA,73,3916945,,FA,,{},"['RB/WR', 'WR', 'WR/TE', 'RB/WR/TE', 'OP', 'BE', 'IR']",,,,2.0,2.0,,,,,,0.090655934,,297.464784,,29.0,11.0,,,,,,,,,,,,,,,,,,,,,,,,,,,,,,,,,,,,,,,,,,,,,,,,,,,,,,,,,,,,,,,,,,,,,,,,,,,,,,,,,,,,,,,,,,,,,,,,,,,,,,,,,,,,,,,,,,,,,,,,,,,,,,,,,,,,,,,,,,,,,,,,,,,,,,,,,,,,,,,,,,,,,,,,,,,,,,,,,,,,,,,,,,,,,,,,,,,,,,,,,,,,,,,,,,,,,,,,,,,,,,,,,,2024,,,,1.0,30.0,,,,,,,,,,,,,,,,,,,,,,,,,,,,,,26.58370072,,
101.0,8.42,33.38,8.35,26.0,1.5,,2.0,,,,,,1.0,,,,,,0.69230769,,,,,,,,,,,,,7.0,9.0,2.0,3.0,8.0,,,5.0,7.0,72.0,,,12.0,6.308052262,4.031911466,0.176245013,0.010237264,3.0,1.0,,,,1.0,,0.011906015,0.008334211,0.005590941,0.000190797,2.556676006,,,,,,,,,,,,,,,,,,0.198265697,0.004703151,0.080617485,,1.068897999,0.037084043,,0.51145869,2.341865422,4.0,Cooper Rush,BAL,FA,33,2972515,,FA,,{},"['QB', 'OP', 'BE', 'IR']",,,,,,,,,,,,,,,,,,,,,,308.0,187.0,121.0,153.66666667,12.0,365.0,179.0,87.0,67.0,30.0,13.0,33.0,14.0,20.0,8.0,1.0,1.0,1.0,1.0,5.0,0.60714286,13.0,4.0,5.0,5.0,1.0,,72.309671,46.09473902,26.21493198,127.8353545,3.895508473,102.0,51.0,25.0,20.0,10.0,5.0,9.0,4.0,0.439278409,0.28706844,0.490227213,0.066216843,0.188028432,1.830406732,0.637462989,5.020019112,0.988280514,0.474374647,,,,,,,,,,,,,,,,,,,,,,,,,,,,,,,,,,,,,,,,,,,,,,,,,,,,,,,,,,,,,,,,,,,,,,,,,,,,,,,,,,,,,,,,,,,,,,,,,,,,,,,,,,,,,,,,,,,,,,,,,,,,,,,3.0,,,,,,,,,,,,,,,,,,,,,,,,,,,,,,,,,,,,,,,,,,,,2024,,,92.0,5.0,,,,,,,,,,,,,,,,,,,,,,,,,,,,,,1.302943899,,25.18331253,
7.0,0.44,14.19,1.01,15.0,5.0,,15.0,7.0,3.0,1.0,,,1.0,,,,,,5.33333333,,,,,,,,,,,,,,2.0,,,,2.0,3.0,5.0,11.0,,,,16.0,12.11868376,3.662491906,0.44730158,0.02291229,10.0,5.0,2.0,2.0,1.0,2.0,1.0,0.022375534,0.015662874,0.006826705,0.000232969,4.284393405,1.272688909,0.066373796,0.003517869,0.040646832,0.026562704,3.0,1.0,,,,2.560074449,,,0.010199982,0.000315463,3.237094128,7.047543827,0.026430159,0.000683798,0.12830431,0.027104312,0.155408622,0.059019983,0.015178415,0.074198397,0.074198397,14.17647059,Raheem Blackshear,CAR,FA,112,4259308,,FA,,{},"['RB', 'RB/WR', 'RB/WR/TE', 'OP', 'BE', 'IR']",,,,,,,,791.0,75.0,29.0,0.276629109,0.16245,1455.698941,262.2,145.0,58.0,26.0,10.0,,,,,,,,,,,,,,,,,,,,,,,,,,,,,,,,,,,,,,,,,,,,,,,,,,,,,,,,,1.0,,,,,,,,,,,,,,,,,,,,,,,,,,,,,,,,,,,,,,,,,,,,,,,,,,,,,,,,,145.0,12.0,1.0,,,,,,,,,,,,,,,,,,,,,,,,,,,,,,,,,,,,,,,,,,,,,,,,,,,,,,,,,,,,,,,,,,,,,,,,,,,,,,,,,,,,,,,,,,,,,,,,,,,,,,,,,,,,2024,,,,2.0,,,,,,,,,,,,,,,,,,,,,,,,,,,,,,4.894838818,0.026120621,,
30.0,2.0,142.08,9.47,1.0,,,,,,,,,,,,,,,,12.0,5.8,2.0,14.0,6.0,1.0,1.0,,,33.0,13.0,7.25,,,,,,,,2.0,13.0,12.0,,,15.0,,,,,,,,,,,,,,,,,46.02130737,2.922209447,0.158119114,0.154648407,0.101062734,139.0,69.0,34.0,27.0,13.0,55.87954485,,,0.94949625,0.029365863,91.06985934,12.45060037,0.158119114,0.002612345,,0.593714721,0.593714721,,0.332480244,0.332480244,0.332480244,15.11764706,Ja'Lynn Polk,NE,FA,126,4430637,,FA,,{},"['Rookie', 'RB/WR', 'WR', 'WR/TE', 'RB/WR/TE', 'OP', 'BE', 'IR']",,,,,,,,,,,,,,,,,,,,2.0,,,,,,,,,,,,,,,,,,,,,,,,,,,,,,,,,,,,,,,,,,,,,,,,,,,,,,,,,,,,,,,,,,,,,,,,,,,,,,,,,,,,,,,,,,,,,,,,,,,,,,,,,,,,,,,,,,,,,,,,,,,,,,,,,,,,,,,,,,,,,,,,,,,,,,,,,,,,,,,,,,,,,,,,,,,,,,,,,,,,,,,,,,,,,,,,,,,,,,,,,,,,,,,,,,,,,,,,,,,,,,2024,,,,,4.0,,,,,,,,,,,,,,,,,,,,,,,,,,,,,,31.96762952,,
127.0,12.7,224.34,16.02,67.0,26.5,2.0,50.0,23.0,9.0,7.0,2.0,,10.0,2.0,,,,,3.95522388,,,,,,,,,,,,,,4.0,,2.0,9.0,1.0,1.0,2.0,8.0,60.0,2.0,,10.0,91.53120266,34.74193614,2.985481613,0.145080198,97.0,48.0,24.0,19.0,9.0,18.0,9.0,0.178017246,0.124612072,0.740461137,0.025269098,5.31389397,,,,,,,,,,,,,,,,,,0.943759485,0.043707238,1.45524413,,9.933463122,0.6694123,,4.738957416,15.40440485,14.0,Daniel Jones,IND,FA,28,3917792,,FA,,{},"['QB', 'OP', 'BE', 'IR']",,,,,,,,,,,,,,,,,,,,,,341.0,216.0,125.0,207.0,8.0,410.0,202.0,98.0,78.0,36.0,14.0,38.0,18.0,22.0,9.0,,,,,7.0,0.63343109,29.0,3.0,6.0,,,2.0,490.3964173,315.0531541,175.3432631,234.6879313,14.02117641,657.0,328.0,164.0,131.0,65.0,32.0,63.0,31.0,2.62291239,1.714073247,2.476106657,0.334457085,0.798679287,10.66544743,0.642445872,42.86227449,8.478218993,4.069545117,,,,,,,,,,,,,,,,,,,,,,,,,,,,,,,,,,,,,,,,,,,,,,,,,,,,,,,,,,,,,,,,,,,,,,,,,,,,,,,,,,,,,,,,,,,,,,,,,,,,,,,,,,,,,,,,,,,,,,,,,,,,,,,2.0,,,,,,,,,,,,,,,,,,,,,,,,,,,,,,,,,,,,,,,,,,,,2024,,,106.0,26.0,,,,,,,,,,,,,,,,,,,,,,,,,,,,,,25.9158553,,161.8155158,
36.0,6.0,,,,,,,,,,,,,,,,,,,,,,,,,,,,,,,,,,,,,,4.0,2.0,34.0,,,6.0,,,,,,,,,,,,,,,,,,,,,,,,,,,,,,,,,,,,,,,,,,,,Zane Gonzalez,WSH,FA,38,3043234,,FA,,{},"['K', 'BE', 'IR']",,,,,,,,,,,,,,,,,,,,,,,,,,,,,,,,,,,,,,,,,,,,,,,,,,,,,,,,,,,,,,,,,,,,,,,,,,,,,,,,1.0,4.0,5.0,1.0,1.0,1.0,,5.0,7.0,2.0,19.0,19.0,,,1.0,,,,,,,,,,,,,,,,,,,,,,,,,,,,,,,,,,,,,,,,,,,,,,,,,,,,,,,,,,,,,,,,,,,,,,,,,,,,,,,,,,,,,,,,,,,,,,,,,,,,,,,,,1.0,1.0,,,,,,,,,,,,,,,,,,,,,,,,,,,,,,,,,,,,,,,,,,2024,,,,,,212.0,98.0,310.0,41.0,19.0,9.0,6.0,1.0,,19.0,9.0,4.0,3.0,1.0,60.0,28.0,13.0,9.0,2.0,,,,,,,,,,,,,
0.0,0.0,0.0,0.0,,,,,,,,,,,,,,,,,,,,,,,,,,,,,,,,,,,,,,,,,,,,,,,,,,,,,,,,,,,,,,,,,,,,,,,,,,,,,,,,,,,,,Tom Brady,TB,FA,0,2330,,FA,,{},"['QB', 'OP', 'BE', 'IR']",,,,,,,,,,,,,,,,,,,,,,,,,,,,,,,,,,,,,,,,,,,,,,,,,,,,,,,,,,,,,,,,,,,,,,,,,,,,,,,,,,,,,,,,,,,,,,,,,,,,,,,,,,,,,,,,,,,,,,,,,,,,,,,,,,,,,,,,,,,,,,,,,,,,,,,,,,,,,,,,,,,,,,,,,,,,,,,,,,,,,,,,,,,,,,,,,,,,,,,,,,,,,,,,,,,,,,,,,,,,,,,,,,,,,,,,,,,,,,,,,,2024,,,,,,,,,,,,,,,,,,,,,,,,,,,,,,,,,,,,,
26.0,6.5,7.75,0.0,,,,,,,,,,,,,,,,,,,,,,,,,,,,,,,,,,,,1.0,3.0,24.0,,,4.0,,,,,,,,,,,,,,,,,,,,,,,,,,,,,,,,,,,,,,,,,,,0.052469136,Spencer Shrader,IND,FA,42,4571557,,FA,,{},"['Rookie', 'K', 'BE', 'IR']",,,,,,,,,,,,,,,,,,,,,,,,,,,,,,,,,,,,,,,,,,,,,,,,,,,,,,,,,,,,,,,,,,,,,,,,,,,,,,,,,2.0,2.0,,3.0,3.0,,5.0,5.0,,9.0,9.0,,,,0.258960871,0.387086504,0.128125633,0.421084964,0.53847182,0.117386857,0.936222366,0.990711499,0.054489132,1.616268201,1.916269824,0.300001622,2.258130118,2.412532178,0.154402059,0.258960871,0.387086504,0.128125633,,,,,,,,,,,,,,,,,,,,,,,,,,,,,,,,,,,,,,,,,,,,,,,,,,,,,,,,,,,,,,,,,,,,,,,,,,,,,,,,,,,,,,,,,,,,,,,,,,,,,,,,,,,,,,,,,,,,,,,,,,,,,,,,,,2024,,,,,,167.0,,167.0,33.0,16.0,7.0,5.0,2.0,,,,,,,33.0,16.0,7.0,5.0,2.0,,,,61.01938141,13.83586671,74.85524812,,,,,,,
44.0,2.59,58.68,4.19,56.0,9.35294118,2.0,28.0,11.0,4.0,4.0,,,8.0,2.0,,,,,2.83928571,16.0,5.82352941,,15.0,5.0,1.0,1.0,,1.0,19.0,99.0,6.1875,,,,,,1.0,1.0,8.0,9.0,12.0,2.0,,17.0,64.69915457,19.59333945,1.70295935,0.060152535,55.0,27.0,13.0,11.0,5.0,12.0,6.0,0.122918382,0.086042867,0.202178478,0.006899576,4.293168934,5.749698375,0.300892491,0.021923538,0.034974961,0.022856137,16.0,8.0,4.0,3.0,1.0,11.97516282,,,0.037295301,0.001153463,15.96952953,6.806623937,0.082076073,0.002298727,0.440842512,0.081595515,0.522438027,0.202787555,0.045693489,0.248481044,0.248481044,14.17647059,Trey Sermon,IND,FA,67,4241401,,FA,,{},"['RB', 'RB/WR', 'RB/WR/TE', 'OP', 'BE', 'IR']",,,,,,,,23.0,2.0,,,,,,,,,,,,,,,,,,,,,,,,,,,,,,,,,,,,,,,,,,,,,,,,,,,,,,,,,,,,,,,,,,,,,,,,,,,,,,,,,,,,,,,,,,,,,,,,,,,,,,,,,,,,,,,,,,,,,,,,,,,,,,,,,,,,,,,,,,,,,,,,,,,,,,,,,,,,,,,,,,,,,,,,,,,,,,,,,,,,,,,,,,,,,,,,,,,,,,,,,,,,,,,,,,,,,,,,,,,,,,,,,,,,,,,,,2024,,,,14.0,3.0,,,,,,,,,,,,,,,,,,,,,,,,,,,,,16.65103294,3.950601905,,
20.0,1.33,55.19,3.94,68.0,16.6,,44.0,19.0,7.0,6.0,1.0,,10.0,1.0,,,,,3.66176471,3.0,0.53333333,,1.0,,,,,,6.0,8.0,2.66666667,1.0,1.0,1.0,1.0,1.0,,,6.0,9.0,,,,15.0,51.48081881,15.97835479,1.497884172,0.066874161,45.0,22.0,11.0,9.0,4.0,10.0,5.0,0.0971326,0.06799282,0.135508029,0.004624369,4.400020862,6.368639305,0.49851991,0.026104242,0.041325094,0.027005949,18.0,9.0,4.0,3.0,1.0,12.50847868,,,0.039976258,0.001236379,16.44045328,7.217890372,0.092978402,0.002309287,0.422243907,0.102594112,0.524838019,0.194232197,0.057452703,0.2516849,0.2516849,14.17647059,Jaylen Wright,MIA,FA,96,4682745,,FA,,{},"['Rookie', 'RB', 'RB/WR', 'RB/WR/TE', 'OP', 'BE', 'IR']",,,,,,,,29.0,2.0,1.0,,0.000475,,0.766666667,,,,,,,,,,,,,,,,,,,,,,,,,,,,,,1.0,,,,,,,,,,,,,,,,,,,,,,,,,,,,,,,,,,,,,,,,,,,,,,,,,,,,,,,,,,,,,,,,,,,,,,,,,,,,,,,,,,,,,,,,,,,,,,,,,,,,,,,,,,,,,,,,,,,,,,,,,,,,,,,,,,,,,,,,,,,,,,,,,,,,,,,,,,1.0,,,,,,,,,,,,,,,,,,,,,,,,,,,,,,,,,,,,,,,,,,,,2024,,,,11.0,1.0,,,,,,,,,,,,,,,,,,,,,,,,,,,,,13.96469717,4.394938588,,
72.0,6.55,85.18,6.08,55.0,18.63636364,2.0,39.0,17.0,7.0,4.0,1.0,,7.0,1.0,,,,,3.72727273,24.0,13.45454545,1.0,29.0,13.0,4.0,4.0,1.0,1.0,30.0,150.0,6.16666667,,1.0,,,,1.0,1.0,4.0,7.0,18.0,2.0,1.0,11.0,97.22680504,29.1913825,2.714411285,0.139120698,82.0,41.0,20.0,16.0,8.0,19.0,9.0,0.188380527,0.131866369,0.469051084,0.016006914,4.256344486,8.426704842,0.25501868,0.013515683,0.034722317,0.022691034,23.0,11.0,5.0,4.0,2.0,16.11760189,,,0.049365196,0.001526759,23.6493251,7.411830505,0.152636381,0.005061889,0.986837988,0.163591325,1.150429312,0.453945474,0.091611142,0.545556616,0.545556616,14.17647059,Miles Sanders,DAL,FA,53,4045163,,FA,,{},"['RB', 'RB/WR', 'RB/WR/TE', 'OP', 'BE', 'IR']",,,,,,1.0,,14.0,1.0,,,,,,,,,,,,,,,,,,,,,,,,,,,,,,,,,,,,,,,,,,,,,,,,,,,,,,,,,,,,,,,,,,,,,,,,,,,,,,,,,,,,,,,,,,,,,,,,,,,,,,,,,,,,,,,,,,,,,,,,,,,,,,,,,,,,,,,,,,,,,,,,,,,,,,,,,,,,,,,,,,,,,,,,,,,,,,,,,,,,,,,,,,,,,,,,,,,,,,,,,,,,,,,,,,,,,,,,,,,,,,,,,,,,,,,,,2024,,,,12.0,5.0,,,,,,,,,,,,,,,,,,,,,,,,,,,,,23.97555542,5.922567892,,
88.0,11.0,28.27,7.07,25.0,13.25,1.0,17.0,7.0,2.0,1.0,,,2.0,,,,,,4.24,,,,,,,,,,,,,3.0,5.0,1.0,1.0,10.0,,,2.0,6.0,60.0,,,8.0,6.567260387,5.731549666,0.186473854,0.010766564,4.0,2.0,1.0,,,1.0,,0.012409519,0.008686664,0.011371291,0.000388059,3.490983654,,,,,,,,,,,,,,,,,,0.144029571,0.005662679,0.099060681,,1.286972503,0.045567913,,0.615765588,2.394251954,4.0,Mason Rudolph,PIT,FA,37,3116407,,FA,,{},"['QB', 'OP', 'BE', 'IR']",,,,,,,,,,,,,,,,,,,,,,228.0,146.0,82.0,191.25,9.0,304.0,150.0,73.0,57.0,27.0,11.0,26.0,11.0,14.0,5.0,,,,1.0,9.0,0.64035088,11.0,2.0,6.0,2.0,,1.0,73.93147993,45.33654509,28.59493484,120.7654148,2.655389111,96.0,48.0,24.0,19.0,9.0,4.0,9.0,4.0,0.395075982,0.258182154,0.393031538,0.053088255,0.133263007,1.778486366,0.613223827,4.821524169,1.187911821,0.570197674,,,,,1.0,,,,,,,,,,,,,,,,,,,,,,,,,,,,,,,,,,,,,,,,,,,,,,,,,,,,,,,,,,,,,,,,,,,,,,,,,,,,,,,,,,,,,,,,,,,,,,,,,,,,,,,,,,,,,,,,,,,,,,,,,,,,,,,,,,,,,,,,,,,,,,,,,,,,,,,,,,,,,,,,,,,,,,2024,,,78.0,13.0,,,,,,,,,,,,,,,,,,,,,,,,,,,,,,1.55587255,,23.79872644,
16.0,0.94,17.84,1.27,56.0,10.76470588,,31.0,13.0,5.0,3.0,1.0,,7.0,1.0,,,,,3.26785714,7.0,1.52941176,,3.0,,,,,,11.0,43.0,3.71428571,3.0,3.0,2.0,2.0,2.0,,1.0,15.0,2.0,,,,17.0,18.28253688,5.364305038,0.599759379,0.03143971,15.0,7.0,3.0,3.0,1.0,3.0,1.0,0.034060369,0.023842258,0.023401224,0.000798594,4.159538312,1.84389835,0.175739346,0.005750646,0.041427323,0.027072755,5.0,2.0,1.0,1.0,,3.65736472,,,0.013840067,0.000428043,4.729992328,7.147214656,0.037190356,0.000791781,0.149952739,0.02999758,0.179950319,0.06897826,0.016798645,0.085776905,0.085776905,14.17647059,Carson Steele,KC,FA,100,4714365,,FA,,{},"['Rookie', 'RB', 'RB/WR', 'RB/WR/TE', 'OP', 'BE', 'IR']",,,,,,,,138.0,12.0,5.0,0.104349551,,342.3969636,,34.0,13.0,,,,,,,,,,,,,,,,,,,,,,,,,,,,,,,,,,,,,,,,,,,,,,,,,,,,,,,,,,,1.0,,,,,,,,,,,,,,,,,,,,,,,,,,,,,,,,,,,,,,,,,,,,,,,,,,,,,,,,,,,,,,,,,,,,,,,,,,,,,,,,,,,,,,,,,,,,,,,,,,,,,,,,,,,,,,,,,,,,,,,,,,,,,,,,,,,,,,,,,,,,,,,,,,,,,,,,,,,,,,,,,,,,,,,2024,,,,14.0,,,,,,,,,,,,,,,,,,,,,,,,,,,,,,6.197582234,0.476624265,,
49.0,3.5,18.74,1.25,,,,,,,,,,,,,,,,,18.0,16.5,2.0,43.0,19.0,7.0,6.0,2.0,1.0,26.0,155.0,12.83333333,,,,,,1.0,1.0,12.0,2.0,12.0,,,14.0,,,,,,,,,,,,,,,,,4.914743024,0.6480019,0.021209903,0.074330382,0.048574904,14.0,7.0,3.0,2.0,1.0,7.979836194,,,0.033797196,0.001045274,11.56086833,9.310886666,0.021209903,0.000702226,,0.159596724,0.159596724,,0.089374165,0.089374165,0.089374165,15.11764706,JuJu Smith-Schuster,KC,FA,111,3120348,,FA,,{},"['RB/WR', 'WR', 'WR/TE', 'RB/WR/TE', 'OP', 'BE', 'IR']",,,,1.0,1.0,,,,,,,,,,,,,,,1.0,,,,,,,,,,,,,,,,,,,,,,,,,,,,,,,,,,,,,,,,,,,,,,,,,,,,,,1.0,,,,,,,,,,,,,,,,,,,,,,,,,,,,,,,,,,,,,,,,,,,,,,,,,,,,,,,,,,,,,,,,,,,,,,,,,,,,,,,,,,,,,,,,,,,,,,,,,,,,,,,,,,,,,,,,,,,,,,,,,,,,,,,,,,,,,,,,,,,,,,,,,,,,,,,,,,,,,,,,,,,,,,,,2024,,,,,11.0,,,,,,,,,,,,,,,,,,,,,,,,,,,,,,2.983020381,,
86.0,8.6,30.48,7.62,28.0,9.2,1.0,15.0,5.0,2.0,1.0,,,3.0,,,,,,3.28571429,,,,,,,,,,,,,2.0,2.0,1.0,2.0,10.0,,,2.0,8.0,54.0,1.0,,10.0,6.706627413,5.409606433,0.120683477,0.007171914,4.0,2.0,1.0,,,1.0,,0.012680841,0.008876589,0.010112193,0.00034509,3.226424312,,,,,,,,,,,,,,,,,,0.188343353,0.004059313,0.075164815,,0.922571163,0.034575815,,0.441330862,2.219578283,4.0,Mac Jones,SF,FA,38,4241464,,FA,,{},"['QB', 'OP', 'BE', 'IR']",,,,,,,,,,,,,,,,,,,,,,262.0,171.0,91.0,167.2,8.0,331.0,163.0,79.0,61.0,28.0,13.0,32.0,14.0,14.0,5.0,1.0,1.0,,1.0,8.0,0.65267176,14.0,1.0,3.0,2.0,1.0,,70.83381846,47.00280173,23.83101674,126.9954057,2.948054685,101.0,50.0,25.0,20.0,10.0,5.0,9.0,4.0,0.43356216,0.283332871,0.474943557,0.064152422,0.181171439,1.778247421,0.663564421,4.776540356,0.847406348,0.406755047,,,,,,,,,,,,,,,,,,,,,,,,,,,,,,,,,,,,,,,,,,,,,,,,,,,,,,,,,,,,,,,,,,,,,,,,,,,,,,,,,,,,,,,,,,,,,,,,,,,,,,,,,,,,,,,,,,,,,,,,,,,,,,,1.0,,,,,,,,,,,,,,,,,,,,,,,,,,,,,,,,,,,,,,,,,,,,2024,,,77.0,12.0,,,,,,,,,,,,,,,,,,,,,,,,,,,,,,1.47181063,,24.94096401,
73.0,4.29,54.58,3.9,20.0,5.41176471,1.0,15.0,6.0,1.0,1.0,,,2.0,,,,,,4.6,28.0,18.94117647,1.0,60.0,27.0,9.0,5.0,1.0,,35.0,313.0,11.5,,,,,,1.0,3.0,15.0,2.0,12.0,1.0,,17.0,43.33656209,13.40397807,1.271637596,0.066679116,38.0,19.0,9.0,7.0,3.0,8.0,4.0,0.081601552,0.057121086,0.104596102,0.003569464,4.384775619,7.657056603,0.530555617,0.017363264,0.056389644,0.036850633,21.0,10.0,5.0,4.0,2.0,15.27172074,,,0.045812134,0.00141687,17.99927589,7.107911387,0.084042379,0.00314519,0.528554356,0.186261534,0.71481589,0.243135004,0.104306459,0.347441463,0.347441463,14.17647059,Samaje Perine,CIN,FA,52,3116389,,FA,,{},"['RB', 'RB/WR', 'RB/WR/TE', 'OP', 'BE', 'IR']",,,,,,,,163.0,15.0,6.0,,,,,,,,,,1.0,,,,,,,,,,,,,,,,,,,,,,,,,,,,,,,,,,,,,,,,,,,,,,,,,,,,,,,2.0,,,,,,,,,,,,,,,,,,,,,,,,,,,,,,,,,,,,,,1.0,,,,,,,,,,,,,,,,,,,,,,,,,,,,,,,,,,,,,,,,,,,,,,,,,,,,,,,,,,,,,,,,,,,,,,,,,,,,,,,,,,,,,,,,,,,,,,,,,,,,,,,,,,,,,,,,,,,,,,,,,,,,,,,,,2024,,,,7.0,15.0,,,,,,,,,,,,,,,,,,,,,,,,,,,,,12.06895556,5.541555326,,
105.0,6.18,59.41,3.96,1.0,0.47058824,,1.0,,,,,,,,,,,,8.0,45.0,29.76470588,3.0,97.0,44.0,18.0,14.0,4.0,3.0,64.0,284.0,11.24444444,,3.0,,1.0,1.0,,,12.0,5.0,18.0,,,17.0,,,,,,,,,,,,,,,,,18.38535068,1.245838907,0.068666857,0.109436162,0.071516532,55.0,27.0,13.0,11.0,5.0,23.57011163,,,0.112312289,0.003473576,39.49494207,11.79219034,0.068666857,0.001744027,,0.396369756,0.396369756,,0.221967063,0.221967063,0.221967063,15.11764706,Olamide Zaccheaus,CHI,FA,71,3917914,,FA,,{},"['RB/WR', 'WR', 'WR/TE', 'RB/WR/TE', 'OP', 'BE', 'IR']",,1.0,,,,,,,,,0.26904602,0.00855,882.8072531,13.8,88.0,35.0,1.0,,,2.0,,,,,,,,,,,,,,,,,,,,,,,,,,,,,,,,,,,,,,,,,,,,,,,,,,,,,,,,,,,,,,,,,,,,,,,,,,,,,,,,,,,,,,,,,,,,,,,,,,,,,,,,,,,,,,,,179.0,12.0,2.0,,,,,,,,,,,,,,,,,,,,,,,,,,,,,,,,,,,,,,,,,,,,,,,,,,,,,,,,,,,,,,,,,,,,,,,,,,,,,,,,,,,,,,,,,,,,,,,,,,,,,,,,,,,,2024,,,,1.0,26.0,,,,,,,,,,,,,,,,,,,,,,,,,,,,,,12.39672297,,
72.0,4.24,77.13,4.54,,,,,,,,,,,,,,,,,,,,,,,,,,,,,,,,,,654.0,1182.0,3.0,14.0,,,,17.0,,,,,,,,,,,,,,,,,,,,,,,,,,,,,,,,,,,,,,,,,,,17.0,Giants D/ST,NYG,FA,21,-16019,,FA,,{},"['D/ST', 'BE', 'IR']",,,,,,,,1019.0,95.0,36.0,0.389820517,0.250424082,1531.512529,349.9469388,153.0,61.0,34.0,13.0,,,,,,,,,,,,,,,,,,,,,,,,,,,,,,,,,,,,,,,,,,,,,,,,,,,,,,,,,528.0,,,16.0,,,,,,,,,,,,,,,,,,,,,,,,,,,,,,,,,,,10.0,0.0,0.0,0.0,4.0,,5.0,2.0,,45.0,90.0,1.0,,,2.0,388.0,230.0,90.0,60.0,228.0,16.0,4.0,385.0,5.0,4.0,3.0,1.0,5895.0,0.0,0.0,3.0,8.0,1.0,4.0,1.0,0.0,0.0,0.0,0.0,0.0,4.0,5.0,4.0,3.0,1.0,0.057730723,0.254694367,1.375349581,1.901717938,0.116950765,1.896133657,12.90035282,8.721724231,1.831740908,0.223764045,43.18140115,86.3628023,1.319890005,0.576243652,2.653329021,15.50090138,1047.087999,349.0,209.0,76.03542904,408.3578495,2.462045545,4.448661606,3.922293248,2.275269676,0.302237315,24.02104997,6157.165853,0.144261968,1.866919583,2.99555733,4.361803025,3.912045126,2.46093945,0.967403784,0.291069735,362.1862266,,,,,,,,,,,,,,1.0,,,,,,,,,,,,,,,,,,,,,,,,,,,,,,,,,,2024,,,,,,,,,,,,,,,,,,,,,,,,,,,,,,,,,,,,,46.75430883
12.0,4.0,0.0,0.0,8.0,10.66666667,,6.0,3.0,1.0,1.0,,,1.0,,,,,,4.0,,,,,,,,,,,,,,,,,,,,,3.0,,,,3.0,,,,,,,,,,,,,,,,,,,,,,,,,,,,,,,,,,,,,,,,,,,,Tommy DeVito,NYG,FA,56,4240391,,FA,,{},"['QB', 'OP', 'BE', 'IR']",,,,,,,,,,,,,,,,,,,,,,44.0,31.0,13.0,85.66666667,,50.0,24.0,12.0,9.0,4.0,1.0,6.0,3.0,2.0,1.0,,,,,,0.70454545,6.0,,,,,,,,,,,,,,,,,,,,,,,,,,,,,,,,,,,,,,,,,,,,,,,,,,,,,,,,,,,,,,,,,,,,,,,,,,,,,,,,,,,,,,,,,,,,,,,,,,,,,,,,,,,,,,,,,,,,,,,,,,,,,,,,,,,,,,,,,,,,,,,,,,,,,,,,,,,,,,,,,,,,,,,,,,,,,,,,,,,,,,,,,,,,,,,,,,,,,,,2024,,,15.0,1.0,,,,,,,,,,,,,,,,,,,,,,,,,,,,,,,,,
85.0,5.31,0.0,0.0,,,,,,,,,,,,,,,,,33.0,24.625,3.0,75.0,34.0,14.0,11.0,3.0,1.0,44.0,141.0,11.93939394,,,,,,,,14.0,2.0,20.0,,,16.0,,,,,,,,,,,,,,,,,,,,,,,,,,,,,,,,,,,,,,,,,,,,Tim Patrick,DET,FA,84,3134353,,FA,,{},"['RB/WR', 'WR', 'WR/TE', 'RB/WR/TE', 'OP', 'BE', 'IR']",,,,,,,,,,,,,,,,,,,,2.0,,,,,,,,,,,,,,,,,,,,,,,,,,,,,,,,,,,,,,,,,,,,,,,,,,,,,,1.0,,,,,,,,,,,,,,,,,,,,,,,,,,,,,,,,,,,,,,,,,,,,,,,,,,,,,,,,,,,,,,,,,,,,,,,,,,,,,,,,,,,,,,,,,,,,,,,,,,,,,,,,,,,,,,,,,,,,,,,,,,,,,,,,,,,,,,,,,,,,,,,,,,,,,,,,,,,,,,,,,,,,,,,,2024,,,,,20.0,,,,,,,,,,,,,,,,,,,,,,,,,,,,,,,,
42.0,7.0,121.65,7.16,,,,,,,,,,,,,,,,,,,,,,,,,,,,,,,,,,,,5.0,1.0,43.0,,,6.0,,,,,,,,,,,,,,,,,,,,,,,,,,,,,,,,,,,,,,,,,,,17.0,Cade York,CIN,FA,37,4428963,,FA,,{},"['K', 'BE', 'IR']",,,,,,,,,,,,,,,,,,,,,,,,,,,,,,,,,,,,,,,,,,,,,,,,,,,,,,,,,,,,,,,,,,,,,,,,,,,,,,,1.0,2.0,1.0,3.0,2.0,7.0,8.0,1.0,9.0,13.0,4.0,16.0,17.0,1.0,1.0,2.0,4.389181117,6.635263434,2.246082318,7.148759473,9.230242698,2.081483225,15.92082004,16.98233265,1.061512615,27.45876063,32.84783878,5.389078157,28.7346963,30.94766741,2.212971114,4.389181117,6.635263434,2.246082318,,,,,,,,,,,,,,,,,,,,,,,,,,,,,,,,,,,,,,,,,,,,,,,,,,,,,,,,,,,,,,,,,,,,,,,,,,,,,,,,,,,,,,,1.0,1.0,,,,,,,,,,,,,,,,,,,,,,,,,,,,,,,,,,,,,,,,,,2024,,,,,,301.0,183.0,484.0,58.0,28.0,13.0,9.0,4.0,1.0,35.0,17.0,8.0,6.0,2.0,95.0,46.0,22.0,17.0,8.0,3.0,,1.0,1036.334558,246.8005687,1283.135126,,,,,,,
139.0,8.18,129.32,7.61,,,,,,,,,,,,,,,,,,,,,,,,,,,,,,,,,,,,4.0,13.0,125.0,,,17.0,,,,,,,,,,,,,,,,,,,,,,,,,,,,,,,,,,,,,,,,,,,17.0,Daniel Carlson,LV,FA,10,3051909,,FA,,{},"['K', 'BE', 'IR']",,,,,,,,,,,,,,,,,,,,,,,,,,,,,,,,,,,,,,,,,,,,,,,,,,,,,,,,,,,,,,,,,,,,,,,,,,,,,,,7.0,11.0,6.0,8.0,2.0,21.0,21.0,,34.0,40.0,6.0,23.0,25.0,2.0,7.0,11.0,4.645497063,6.632328153,1.98683109,7.504856389,9.22615946,1.721303071,16.57476312,16.97482007,0.400056954,28.72511657,32.83330769,4.108191115,30.46180039,31.48726731,1.025466924,4.645497063,6.632328153,1.98683109,,,,,,,,,,,,,,,,,,,,,,,,,,,,,,,,,,,,,,,,,,,,,,,,,,,,,,,,,,,,,,,,,,,,,,,,,,,,,,,,,,,,,,,4.0,4.0,,,,,,,,,,,,,,,,,,,,,,,,,,,,,,,,,,,,,,,,,,2024,,,,,,1279.0,321.0,1600.0,250.0,120.0,58.0,44.0,16.0,4.0,62.0,29.0,14.0,10.0,4.0,314.0,152.0,73.0,56.0,22.0,6.0,,1.0,1085.818273,196.7492257,1282.567498,,,,,,,
57.0,3.35,36.57,2.81,55.0,15.35294118,4.0,47.0,21.0,10.0,5.0,1.0,,5.0,,,,,,4.74545455,9.0,1.58823529,,5.0,1.0,,,,,12.0,33.0,3.0,,,,,,6.0,11.0,12.0,5.0,26.0,3.0,,17.0,27.24260896,8.755578938,0.652228497,0.023963992,23.0,11.0,5.0,4.0,2.0,5.0,2.0,0.050750384,0.035525269,0.036060525,0.001230607,4.234823049,6.220055579,0.356406462,0.019359881,0.034924142,0.022822927,16.0,8.0,4.0,3.0,1.0,11.64875222,,,0.036868814,0.001140273,15.67554566,7.035807601,0.043323873,0.001020232,0.162420788,0.069450012,0.231870799,0.074713562,0.038892007,0.113605569,0.113605569,13.17647059,Jeremy McNichols,WSH,FA,59,3127586,,FA,,{},"['RB', 'RB/WR', 'RB/WR/TE', 'OP', 'BE', 'IR']",,,,,,,,164.0,15.0,4.0,,,,,,,,,,,,,,,,,,,,,,,,,,,,,,,,,,,,,,,,,,,,,,,,,,,,,,,,,,,,,,,,,5.0,,1.0,,,,,,,,,,,,,,,,,,,,,,,,,,,,,,,,,,,,,,,,,,,,,,,,,,,1.0,,,,,,,,,,,,,,,,,,,,,,,,,,,,,,,,,,,,,,,,,,,,,,,,,,,,,,,,,,,,,,,,,,,,,,,,,,,1.0,,,,,,,,,,,,,,,,,,,,,,,,,,,,,,,,,,,,,,,2024,,,,15.0,1.0,,,,,,,,,,,,,,,,,,,,,,,,,,,,,7.986845819,3.978885395,,
111.0,6.53,63.37,4.22,,,,,,,,,,,,,,,,,36.0,32.23529412,4.0,105.0,47.0,20.0,16.0,5.0,1.0,58.0,152.0,15.22222222,,1.0,,1.0,1.0,,,10.0,7.0,30.0,,,17.0,8.986011744,3.557721838,0.378044145,0.017733369,10.0,5.0,2.0,2.0,1.0,1.0,,0.016560329,0.01159223,0.007125297,0.000243159,5.985345292,18.5762525,1.070589519,0.061645069,0.167970456,0.109768693,56.0,28.0,14.0,11.0,5.0,21.24717838,,,0.113525513,0.003511098,36.07242139,13.21724814,0.079378439,0.002660521,0.179720235,0.424943568,0.604663803,0.082671308,0.237968398,0.320639706,0.320639706,15.11764706,Calvin Austin III,PIT,FA,69,4243389,,FA,,{},"['RB/WR', 'WR', 'WR/TE', 'RB/WR/TE', 'OP', 'BE', 'IR']",,1.0,1.0,,,,,,,,0.020362813,0.12996,66.81548154,247.95,6.0,2.0,24.0,9.0,,,3.0,,,,,,,,,,,,,,,,,,,,,,,,,,,,,,,,,,,,,,,,,,,,,,,,,,,,,,,,,,,,,,,,,,,,,,,,,,,,,,,,,,,,,,,,,,,,,,,,,,,,,,,,1.0,,1.0,,,,,289.0,25.0,5.0,,,,,,,,,,,,,,,,,,,,,,,,,,,,,,,,,,,,,,,,,,,,,,,,,,,,,,,,,,,,,,,,,,,,,,,,,,,,,,,,,,,,,,,,,,,,,,,,,,,,,,,,,,,,2024,,,,,18.0,,,,,,,,,,,,,,,,,,,,,,,,,,,,,4.715798133,11.87517186,,
41.0,2.41,55.03,3.93,30.0,10.23529412,1.0,32.0,15.0,6.0,3.0,,,3.0,1.0,,,,,5.8,9.0,4.41176471,1.0,13.0,5.0,2.0,2.0,,,12.0,75.0,8.33333333,,,,,,7.0,7.0,5.0,12.0,12.0,,,17.0,65.41403878,19.48181519,1.789057528,0.098611026,55.0,27.0,13.0,11.0,5.0,13.0,6.0,0.12425717,0.086980019,0.197099097,0.006726236,4.22208115,4.452657857,0.383022986,0.019186399,0.043601322,0.028493464,12.0,6.0,3.0,2.0,1.0,8.911541469,,,0.030642259,0.000947699,11.2849213,7.083283333,0.117797425,0.00268231,0.536523698,0.073092157,0.609615855,0.246800901,0.040931608,0.287732509,0.287732509,14.17647059,Isaiah Davis,NYJ,FA,69,4695404,,FA,,{},"['Rookie', 'RB', 'RB/WR', 'RB/WR/TE', 'OP', 'BE', 'IR']",,,,,,,,232.0,20.0,7.0,0.059088649,0.00855,193.8846291,13.8,19.0,7.0,1.0,,,1.0,,,,,,,,,,,,,,,,,,,,,,,,,,,,,,,,,,,,,,,,,,,,,,,,,,,,,,,,1.0,,,,,,,,,,,,,,,,,,,,,,,,,,,,,,,,,,,,,,,,,,,,,,,,,,,,,,,,,,,,,,,,,,,,,,,,,,,,,,,,,,,,,,,,,,,,,,,,,,,,,,,,,,,,,,,,,,,,,,,,,,,,,,,,,,,,,,,,,,,,,,,,,,,,,,,,,,,,,,,,,,,,,,2024,,,,10.0,4.0,,,,,,,,,,,,,,,,,,,,,,,,,,,,,16.70526713,2.778832074,,
93.0,5.47,8.85,0.59,,,,,,,,,,,,,,,,,32.0,22.94117647,3.0,74.0,35.0,14.0,11.0,4.0,2.0,51.0,108.0,12.1875,,2.0,,,,2.0,2.0,4.0,13.0,26.0,,,17.0,,,,,,,,,,,,,,,,,2.431826864,0.247867728,0.015289402,0.080502393,0.052608314,7.0,3.0,1.0,1.0,,3.614675122,,,0.019432281,0.000600998,5.514827868,10.17062364,0.015289402,0.000318091,,0.072293502,0.072293502,,0.040484361,0.040484361,0.040484361,15.11764706,Parker Washington,JAX,FA,79,4432620,,FA,,{},"['RB/WR', 'WR', 'WR/TE', 'RB/WR/TE', 'OP', 'BE', 'IR']",,,,1.0,1.0,1.0,,122.0,11.0,4.0,0.124768901,0.00855,409.3979571,13.8,40.0,16.0,1.0,,,1.0,1.0,,,,,,,,,,,,,,,,,,,,,,,,,,,,,,,,,,,,,,,,,,,,,,,,,,,1.0,,,,,,,,,,,,,,,,,,,,,,,,,,,,,,,,,,,,,,,,,,,,,,,,,,,,,1.0,,1.0,,,,,144.0,12.0,4.0,,,,,,,,,,,,,,,,,,,,,,,,,,,,,,,,,,,,,,,,,,,,,,,,,,,,,,,,,,,,,,,,,,,,,,,,,,,,,,,,,,,,,,,,,,,,,,,,,,,,,,,,,,,,2024,,,,,19.0,,,,,,,,,,,,,,,,,,,,,,,,,,,,,,0.856973607,,
112.0,6.59,106.66,7.11,,,,,,,,,,,,,,,,,36.0,28.17647059,6.0,90.0,40.0,16.0,14.0,3.0,1.0,61.0,67.0,13.30555556,,,,,,1.0,1.0,9.0,8.0,36.0,,,17.0,,,,,,,,,,,,,,,,,30.61283485,3.505004326,0.170779525,0.134677282,0.088011604,92.0,46.0,23.0,18.0,9.0,40.16365826,,,0.338407327,0.010466206,62.53959823,11.52270617,0.170779525,0.003534402,,0.803273165,0.803273165,,0.449832973,0.449832973,0.449832973,15.11764706,Andrei Iosivas,CIN,FA,68,4368003,,FA,,{},"['RB/WR', 'WR', 'WR/TE', 'RB/WR/TE', 'OP', 'BE', 'IR']",,,,,,,,,,,,,,,,,,,,4.0,,,,,,,,,,,,,,,,,,,,,,,,,,,,,,,,,,,,,,,,,,,,,,,,,,,,,,1.0,,,,,,,,,,,,,,,,,,,,,,,,,,,,,,,,,,,,,,,,,,,,,,,,,,,,,,,,,,,,,,,,,,,,,,,,,,,,,,,,,,,,,,,,,,,,,,,,,,,,,,,,,,,,,,,,,,,,,,,,,,,,,,,,,,,,,,,,,,,,,,,,,,,,,,,,,,,,,,,,,,,,,,,,2024,,,,,26.0,,,,,,,,,,,,,,,,,,,,,,,,,,,,,,22.2002072,,
28.0,2.0,94.16,6.73,48.0,11.71428571,1.0,28.0,10.0,2.0,2.0,,,4.0,1.0,,,,,3.41666667,9.0,4.07142857,,9.0,3.0,,,,,11.0,53.0,6.33333333,,,,,,1.0,1.0,3.0,11.0,6.0,,,14.0,100.6798587,28.42851211,2.175430944,0.125175258,80.0,40.0,20.0,16.0,8.0,20.0,10.0,0.194793442,0.13635541,0.419523887,0.014316741,4.002945285,10.41589881,0.380639407,0.019033857,0.034097613,0.02228279,29.0,14.0,7.0,5.0,2.0,25.1799977,,,0.057726028,0.001785341,29.78069269,5.864205585,0.144209115,0.004171436,0.758382461,0.18967119,0.948053651,0.348855932,0.106215866,0.455071798,0.455071798,14.17647059,Jamaal Williams,None,FA,81,2980453,,FA,,{},"['RB', 'RB/WR', 'RB/WR/TE', 'OP', 'BE', 'IR']",,,,,,,,288.0,25.0,9.0,0.040428353,,132.6555343,,13.0,5.0,,,,,,,,,,,,,,,,,,,,,,,,,,,,,,,,,,,,,,,,,,,,,,,,,,,,,,,,,,,,1.0,,,,,,,,,,,,,,,,,,,,,,,,,,,,,,,,,,,,,,,,,,,,,,,,,,,,,,,,,,,,,,,,,,,,,,,,,,,,,,,,,,,,,,,,,,,,,,,,,,,,,,,,,,,,,,,,,,,,,,,,,,,,,,,,,,,,,,,,,,,,,,,,,,,,,,,,,,,,,,,,,,,,,,2024,,,,11.0,3.0,,,,,,,,,,,,,,,,,,,,,,,,,,,,,23.41836311,8.817193503,,
89.0,9.89,111.77,13.97,21.0,3.33333333,1.0,5.0,2.0,,,,,2.0,,,,,,1.42857143,,,,,,,,,,,,,2.0,2.0,2.0,2.0,6.0,,1.0,2.0,7.0,54.0,1.0,,9.0,25.23373421,9.321220059,1.360781607,0.065400773,14.0,7.0,3.0,2.0,1.0,5.0,2.0,0.047626796,0.033338757,0.030099285,0.001027173,2.955161525,,,,,,,,,,,,,,,,,,0.57233924,0.017053827,0.302698345,,3.875869667,0.139241239,,1.854363473,8.325528592,8.0,Aidan O'Connell,LV,FA,36,4260394,,FA,,{},"['QB', 'OP', 'BE', 'IR']",,,,,,,,,,,,,,,,,,,,,,243.0,154.0,89.0,179.11111111,8.0,318.0,158.0,77.0,61.0,28.0,12.0,27.0,12.0,14.0,6.0,1.0,1.0,1.0,,4.0,0.63374486,10.0,,3.0,2.0,1.0,1.0,278.2298256,177.3828916,100.846934,240.281772,9.002267763,384.0,192.0,96.0,76.0,38.0,19.0,35.0,17.0,1.565603202,1.023121692,1.544724874,0.208651827,0.506938467,6.471165119,0.637540894,19.63918143,3.573171322,1.715122234,,,,1.0,,,,,,,,,,,,,,,,,,,,,,,,,,,,,,,,,,,,,,,,,,,,,,,,,,,,,,,,,,,,,,,,,,,,,,,,,,,,,,,,,,,,,,,,,,,,,,,,,,,,,,,,,,,,,,,,,,,,,,,,,,,,,,,,,,,,,,,,,,,,,,,,,,,,,,,,,,,,,,,,,,,,,,,2024,,,78.0,10.0,,,,,,,,,,,,,,,,,,,,,,,,,,,,,,6.040420838,,93.24330613,
57.0,11.4,0.0,0.0,26.0,27.0,2.0,26.0,12.0,5.0,3.0,1.0,,3.0,,,,,,5.19230769,,,,,,,,,,,,,2.0,6.0,1.0,2.0,5.0,,,2.0,3.0,30.0,1.0,,5.0,,,,,,,,,,,,,,,,,,,,,,,,,,,,,,,,,,,,,,,,,,,,Tyler Huntley,MIA,FA,42,4035671,,FA,,{},"['QB', 'OP', 'BE', 'IR']",,,,,,,,,,,,,,,,,,,,,,133.0,86.0,47.0,165.8,3.0,164.0,80.0,39.0,31.0,13.0,5.0,15.0,6.0,7.0,2.0,,,,,3.0,0.64661654,15.0,4.0,2.0,1.0,,,,,,,,,,,,,,,,,,,,,,,,,,,,,,1.0,,,,,,,,,,,,,,,,,,,,,,,,,,,,,,,,,,,,,,,,,,,,,,,,,,,,,,,,,,,,,,,,,,,,,,,,,,,,,,,,,,,,,,,,,,,,,,,,,,,,,,,,,,,,,,,,,,,,,,,,,,1.0,,,,,,,,,,,,,,,,,,,,,,,,,,,,,,,,,,,,,,,,,,,,2024,,,45.0,10.0,,,,,,,,,,,,,,,,,,,,,,,,,,,,,,,,,
17.0,1.0,30.1,2.15,31.0,8.17647059,,25.0,11.0,4.0,2.0,,,3.0,,,,,,4.48387097,3.0,2.35294118,,8.0,3.0,1.0,1.0,,,5.0,42.0,13.33333333,1.0,1.0,,,,2.0,4.0,15.0,2.0,,,,17.0,29.495903,8.806438393,1.08465979,0.045461146,24.0,12.0,6.0,4.0,2.0,5.0,2.0,0.055017311,0.038512117,0.042074116,0.001435828,4.232595112,3.326728847,0.202416363,0.012195824,0.050057914,0.032712847,9.0,4.0,2.0,1.0,,6.09345697,,,0.023951901,0.00074078,7.942310034,7.73965811,0.057656971,0.001590645,0.299613989,0.061896222,0.361510211,0.137822435,0.034661884,0.172484319,0.172484319,14.17647059,Craig Reynolds,DET,FA,98,4421446,,FA,,{},"['RB', 'RB/WR', 'RB/WR/TE', 'OP', 'BE', 'IR']",,,,,,,,28.0,2.0,1.0,0.08448584,,277.219162,,27.0,11.0,,,,,,,,,,,,,,,,,,,,,,,,,,,,,,,,,,,,,,,,,,,,,,,,,,,,,,,,,,,2.0,,,,,,,,,,,,,,,,,,,,,,,,,,,,,,,,,,,,,,,,,,,,,,,,,,,,,,,,,,,,,,,,,,,,,,,,,,,,,,,,,,,,,,,,,,,,,,,,,,,,,,,,,,,,,,,,,,,,,,,,,,,,,,,,,,,,,,,,,,,,,,,,,,,,,,,,,,,,,,,,,,,,,,,2024,,,,6.0,2.0,,,,,,,,,,,,,,,,,,,,,,,,,,,,,8.766098911,1.690113767,,
41.0,2.41,70.61,4.15,,,,,,,,,,,,,,,,,,,,,,,,,,,,,,,,,,673.0,1165.0,4.0,13.0,,,,17.0,,,,,,,,,,,,,,,,,,,,,,,,,,,,,,,,,,,,,,,,,,,17.0,Patriots D/ST,NE,FA,30,-16017,,FA,,{},"['D/ST', 'BE', 'IR']",,,,,,,,662.0,60.0,21.0,0.360034646,0.30897,1671.723369,350.75625,167.0,66.0,35.0,14.0,,,,,,,,,,,,,,,,,,,,,,,,,,,,,,,,,,,,,,,,,,,,,,,,,,,,,,,,,492.0,,,13.0,,,,,,,,,,,,,,,,,,,,,,,,,,,,,,,,,,,5.0,0.0,1.0,1.0,2.0,1.0,7.0,1.0,,28.0,56.0,,,,1.0,383.0,228.0,78.0,73.0,427.0,35.0,9.0,399.0,2.0,6.0,3.0,2.0,5829.0,0.0,1.0,3.0,2.0,6.0,5.0,0.0,0.0,0.0,0.0,1.0,1.0,2.0,2.0,6.0,3.0,2.0,0.067076216,0.29717311,1.494356208,1.969833183,0.114175791,1.86723657,12.83556689,8.645247926,1.794308387,0.22014668,35.03039217,70.06078433,1.299153007,0.568083563,2.650417007,11.79116947,1046.094152,348.0,209.0,71.65853643,404.6352227,2.462291479,4.389671362,3.829287783,2.199081011,0.291229647,23.80207192,6168.52701,0.118786185,1.696945498,2.935715712,4.39508884,4.004791376,2.545418247,1.001197844,0.302056299,362.85453,,,,,,,,,,1.0,,,,,,,,,,,,,,,,,,,,,,,,,,,,,,,,,,,,,,2024,,,,,,,,,,,,,,,,,,,,,,,,,,,,,,,,,,,,,37.54985519
45.0,11.25,,,,,,,,,,,,,,,,,,,,,,,,,,,,,,,,,,,,,,4.0,,40.0,,,4.0,,,,,,,,,,,,,,,,,,,,,,,,,,,,,,,,,,,,,,,,,,,,John Parker Romo,NE,FA,36,4051167,,FA,,{},"['K', 'BE', 'IR']",,,,,,,,,,,,,,,,,,,,,,,,,,,,,,,,,,,,,,,,,,,,,,,,,,,,,,,,,,,,,,,,,,,,,,,,,,,,,,,1.0,1.0,4.0,5.0,1.0,6.0,6.0,,11.0,12.0,1.0,7.0,8.0,1.0,1.0,1.0,,,,,,,,,,,,,,,,,,,,,,,,,,,,,,,,,,,,,,,,,,,,,,,,,,,,,,,,,,,,,,,,,,,,,,,,,,,,,,,,,,,,,,,,,,,,,,,,,,,,,,,,,,,,,,,,,,,,,,,,,,,,,,,,,,,,,,,,,,,,,,,,,,,,2024,,,,,,406.0,43.0,449.0,81.0,40.0,19.0,14.0,5.0,2.0,8.0,4.0,2.0,1.0,,89.0,44.0,21.0,15.0,6.0,2.0,,,,,,,,,,,,
81.0,4.76,72.35,5.17,41.0,12.52941176,1.0,37.0,15.0,4.0,3.0,,,3.0,,,,,,5.19512195,18.0,16.70588235,3.0,52.0,24.0,10.0,9.0,3.0,1.0,25.0,170.0,15.77777778,,,,,,6.0,6.0,13.0,4.0,24.0,1.0,,17.0,52.57636753,15.89576739,1.63536689,0.071227991,45.0,22.0,11.0,9.0,4.0,10.0,5.0,0.099212446,0.069448712,0.131322369,0.004481529,4.286067856,12.75302787,0.605624508,0.032233768,0.078359639,0.051208024,36.0,18.0,9.0,7.0,3.0,18.84407127,,,0.068099444,0.002106168,27.77624907,9.594154148,0.103461759,0.003610851,0.604122381,0.216525518,0.820647899,0.277896295,0.12125429,0.399150585,0.399150585,14.17647059,Ty Johnson,BUF,FA,50,3915411,,FA,,{},"['RB', 'RB/WR', 'RB/WR/TE', 'OP', 'BE', 'IR']",,1.0,,1.0,1.0,,,130.0,12.0,4.0,0.105458616,,382.9241285,,38.0,15.0,,,,1.0,,,,,,,,,,,,,,,,,,,,,,,,,,,,,,,,,,,,,,,,,,,,,,,,,,,,,,1.0,,,,,,,,,,,,,,,,,,,,,,,,,,,,,,,,,,,,,,,,,,,,,,,,,,,,,,,,,,,,,,,,,,,,,,,,,,,,,,,,,,,,,,,,,,,,,,,,,,,,,,,,,,,,,,,,,,,,,,,,,,,,,,,,,,,,,,,,,,,,,,,,,,,,,,,,,,,,,,,,,,,,,,,,2024,,,,13.0,14.0,,,,,,,,,,,,,,,,,,,,,,,,,,,,,14.0942165,8.378684132,,
101.0,7.77,33.04,2.2,,,,,,,,,,,,,,,,,41.0,36.53846154,3.0,91.0,42.0,18.0,14.0,4.0,2.0,55.0,127.0,11.58536585,,,,,,1.0,1.0,7.0,6.0,18.0,,,13.0,,,,,,,,,,,,,,,,,10.2627935,0.756413269,0.041557939,0.101343877,0.066228223,31.0,15.0,7.0,6.0,3.0,13.57967598,,,0.059944648,0.001853958,22.4101632,11.42510986,0.041557939,0.000634844,,0.144282735,0.144282735,,0.080798331,0.080798331,0.080798331,15.11764706,Devaughn Vele,DEN,FA,74,4569559,,FA,,{},"['Rookie', 'RB/WR', 'WR', 'WR/TE', 'RB/WR/TE', 'OP', 'BE', 'IR']",,,,,,,,,,,,,,,,,,,,3.0,,,,,,,,,,,,,,,,,,,,,,,,,,,,,,,,,,,,,,,,,,,,,,,,,,,,,,,,,,,,,,,,,,,,,,,,,,,,,,,,,,,,,,,,,,,,,,,,,,,,,,,,,,,,,,,,,,,,,,,,,,,,,,,,,,,,,,,,,,,,,,,,,,,,,,,,,,,,,,,,,,,,,,,,,,,,,,,,,,,,,,,,,,,,,,,,,,,,,,,,,,,,,,,,,,,,,,,,,,,,,,2024,,,,,26.0,,,,,,,,,,,,,,,,,,,,,,,,,,,,,,6.53326386,,
71.0,4.44,130.91,8.73,1.0,0.1875,,,,,,,,,,,,,,3.0,39.0,24.375,,71.0,32.0,11.0,9.0,1.0,2.0,57.0,189.0,10.0,,,,,,1.0,1.0,3.0,13.0,,,,16.0,1.819122237,0.76599729,0.069437037,0.004001818,2.0,1.0,,,,,,0.003339409,0.002337587,0.00026209,8.94411e-06,6.365749614,38.29321914,2.495660841,0.124987065,0.101675505,0.066444942,115.0,57.0,28.0,23.0,11.0,58.06147179,,,0.571684106,0.017680952,83.5462967,9.97052527,0.128988883,0.003433345,0.02370503,0.756600576,0.780305606,0.010904314,0.423696323,0.434600637,0.434600637,15.11764706,Tyler Boyd,TEN,FA,94,3045144,,FA,,{},"['RB/WR', 'WR', 'WR/TE', 'RB/WR/TE', 'OP', 'BE', 'IR']",,,,,,,,,,,,0.00855,,13.8,,,1.0,,,,,1.0,,1.0,,,,,,,,,,,,,,,,,,,,,,,,,,,,,,,,,,,,,,,,,,,,,,,,,,,,,,,,,,,,,,,,,,,,,,,,,,,,,,,,,,,,,,,,,,,,,,,,,,,,,,,,,,,,,,,,,,,,,,,,,,,,,,,,,,,,,,,,,,,,,,,,,,,,,,,,,,,,,,,,,,,,,,,,,,,,,,,,,,,,,,,,,,,,,,,,,,,,,,,,,,,,,,,,,,,,,,,,,,2024,,,,1.0,20.0,,,,,,,,,,,,,,,,,,,,,,,,,,,,,2.625277661,29.06881298,,
103.0,6.06,133.83,7.87,,,,,,,,,,,,,,,,,,,,,,,,,,,,,,,,,,,,5.0,12.0,99.0,,,17.0,,,,,,,,,,,,,,,,,,,,,,,,,,,,,,,,,,,,,,,,,,,17.0,Eddy Pineiro,CAR,FA,26,4034949,,FA,,{},"['K', 'BE', 'IR']",,,,,,,,,,,,,,,,,,,,,,,,,,,,,,,,,,,,,,,,,,,,,,,,,,,,,,,,,,,,,,,,,,,,,,,,,,,,,,,1.0,2.0,6.0,8.0,2.0,15.0,16.0,1.0,22.0,26.0,4.0,33.0,35.0,2.0,1.0,2.0,4.667489923,6.610406362,1.942916439,7.532004463,9.195664296,1.663659833,16.61556631,16.91871331,0.303147003,28.8150607,32.72478397,3.909723275,34.43104611,35.38349376,0.952447652,4.667489923,6.610406362,1.942916439,,,,,,,,,,,,,,,,,,,,,,,,,,,,,,,,,,,,,,,,,,,,,,,,,,,,,,,,,,,,,,,,,,,,,,,,,,,,,,,,,,,,,,,1.0,1.0,,,,,,,,,,,,,,,,,,,,,,,,,,,,,,,,,,,,,,,,,,2024,,,,,,783.0,181.0,964.0,149.0,70.0,33.0,24.0,7.0,2.0,35.0,17.0,8.0,6.0,2.0,184.0,88.0,41.0,31.0,11.0,3.0,,,1089.451646,188.8765903,1278.328236,,,,,,,
63.0,5.25,82.88,5.53,,,,,,,,,,,,,,,,,29.0,27.58333333,1.0,62.0,28.0,10.0,9.0,2.0,2.0,43.0,149.0,11.4137931,,,,,,,,2.0,10.0,6.0,,1.0,12.0,,,,,,,,,,,,,,,,,23.1542866,2.027574574,0.115408877,0.090745153,0.059301958,70.0,35.0,17.0,14.0,7.0,35.93355553,,,0.167328218,0.0051751,51.8754132,9.741266278,0.115408877,0.001818494,,0.413293999,0.413293999,,0.23144464,0.23144464,0.23144464,15.11764706,Theo Johnson,NYG,FA,37,4429148,,FA,,{},"['Rookie', 'WR/TE', 'TE', 'RB/WR/TE', 'OP', 'BE', 'IR']",,,,,,,,,,,,,,,,,,,,,,,,,,,,,,,,,,,,,,,,,,,,,,,,,,,,,,,,,,,,,,,,,,,,,,,,,,,,,,,,,,,,,,,,,,,,,,,,,,,,,,,,,,,,,,,,,,,,,,,,,,,,,,,,,,,,,,,,,,,,,,,,,,,,,,,,,,,,,,,,,,,,,,,,,,,,,,,,,,,,,,,,,,,,,,,,,,,,,,,,,,,,,,,,,,,,,,,,,,,,,,,,,,,,,,,,,,,,,,,,,,2024,,,,,16.0,,,,,,,,,,,,,,,,,,,,,,,,,,,,,,17.52252325,,
87.0,5.12,42.91,3.06,103.0,29.52941176,4.0,93.0,42.0,18.0,13.0,4.0,,13.0,3.0,,,,,4.87378641,11.0,2.82352941,1.0,10.0,4.0,1.0,1.0,,,14.0,99.0,4.36363636,,,,,,,,11.0,6.0,30.0,3.0,1.0,17.0,54.26471674,16.49739821,1.417659157,0.088638466,46.0,23.0,11.0,9.0,4.0,10.0,5.0,0.102689746,0.071882822,0.152307397,0.005197667,4.309888533,2.997828565,0.265422613,0.012570841,0.038412912,0.025102838,8.0,4.0,2.0,1.0,,6.076270351,,,0.020798323,0.000643247,7.814920323,6.994196443,0.101209306,0.002261309,0.462181349,0.051752575,0.513933924,0.212603421,0.028981442,0.241584863,0.241584863,14.17647059,Emanuel Wilson,GB,FA,45,4887558,,FA,,{},"['RB', 'RB/WR', 'RB/WR/TE', 'OP', 'BE', 'IR']",,,,,,,,,,,,,,,,,,,,,,,,,,,,,,,,,,,,,,,,,,,,,,,,,,,,,,,,,,,,,,,,,,,,,,,,,,,,,1.0,,,,,,,,,,,,,,,,,,,,,,,,,,,,,,,,,,,,,,,,,,,,,,,,,,,,,,,,,,,,,,,,,,,,,,,,,,,,,,,,,,,,,,,,,,,,,,,,,,,,,,,,,,,,,,,,,,,,,,,,,,,,,,,,,,,,,,,,,,,,,,,,,,,,,,,,,,,,,,,,,,,,,2024,,,,27.0,3.0,,,,,,,,,,,,,,,,,,,,,,,,,,,,,14.32247206,1.51575313,,
40.0,3.64,63.76,4.55,40.0,26.63636364,2.0,55.0,26.0,11.0,10.0,4.0,1.0,5.0,1.0,2.0,2.0,1.0,,7.325,2.0,0.18181818,,,,,,,,4.0,5.0,1.0,1.0,1.0,,,,1.0,1.0,7.0,4.0,12.0,,,11.0,90.63858549,24.38798189,2.180147975,0.136176385,69.0,34.0,17.0,13.0,6.0,18.0,9.0,0.174462522,0.122123766,0.308458534,0.010526506,3.814440683,4.093922933,0.261951825,0.012405097,0.034635572,0.022634347,11.0,5.0,2.0,2.0,1.0,8.810021392,,,0.028602785,0.000884622,11.46042518,6.587654612,0.148581482,0.004003999,0.829384003,0.080615676,0.909999678,0.381516641,0.045144778,0.42666142,0.42666142,14.17647059,Dameon Pierce,HOU,FA,72,4360238,,FA,,{},"['RB', 'RB/WR', 'RB/WR/TE', 'OP', 'BE', 'IR']",,,,,,,,339.0,31.0,11.0,0.304905814,,1000.472203,,100.0,40.0,,,,,,,,,,,,,,,,,,,,,,,,,,,,1.0,,,,,,,,,,,,,,,,,,,,,,,,,,,,,,,,,,,,,,,,,,,,,,,,,,,,,,,,,,,,,,,,,,,,,,,,,,,,,,,,,,,,,,,,,,,,,,,,,,,,,,,,,,,,,,,,,,,,,,,,,,,,,,,,,,,,,,,,,,,,,,,,,,,,,,,,,,,,,,,,,,,,,,,,,,,,,,,,,,,,,,,,,,,,,,,,,,,,,,2024,,,,7.0,,,,,,,,,,,,,,,,,,,,,,,,,,,,,,20.8777473,2.565943649,,
31.0,1.94,24.31,1.62,,,,,,,,,,,,,,,,,11.0,7.1875,2.0,21.0,8.0,3.0,3.0,,1.0,14.0,24.0,10.45454545,,1.0,,,,,2.0,10.0,6.0,12.0,,,16.0,,,,,,,,,,,,,,,,,6.68650039,0.725444157,0.034041394,0.103762641,0.067808886,20.0,10.0,5.0,4.0,2.0,10.00982515,,,0.043683654,0.001351041,14.54186899,10.09849337,0.034041394,0.000504401,,0.11463667,0.11463667,,0.064196535,0.064196535,0.064196535,15.11764706,Payne Durham,TB,FA,57,4372505,,FA,,{},"['WR/TE', 'TE', 'RB/WR/TE', 'OP', 'BE', 'IR']",,,,,,1.0,,,,,,,,,,,,,,2.0,,,,,,,,,,,,,,,,,,,,,,,,,,,,,,,,,,,,,,,,,,,,,,,,,,,,,,,2.0,,,,,,,,,,,,,,,,,,,,,,,,,,,,,,,,,,,,,,,,,,,,,,,,,,,,,,,,,,,,,,,,,,,,,,,,,,,,,,,,,,,,,,,,,,,,,,,,,,,,,,,,,,,,,,,,,,,,,,,,,,,,,,,,,,,,,,,,,,,,,,,,,,,,,,,,,,,,,,,,,,,,,,,2024,,,,,5.0,,,,,,,,,,,,,,,,,,,,,,,,,,,,,,4.216008953,,
25.0,2.27,75.47,5.39,71.0,21.09090909,,43.0,19.0,9.0,6.0,,,10.0,4.0,,,,,3.26760563,6.0,4.90909091,,9.0,2.0,,,,,8.0,48.0,9.0,2.0,2.0,1.0,1.0,1.0,,,2.0,9.0,,,,11.0,77.9765574,23.12481677,2.634119756,0.131472751,65.0,32.0,16.0,13.0,6.0,15.0,7.0,0.15186137,0.106302959,0.412054091,0.014061825,4.204190282,7.64905535,0.498027906,0.026870803,0.044459516,0.029054294,21.0,10.0,5.0,4.0,2.0,15.07434479,,,0.04579641,0.001416384,19.355267,7.193454158,0.158343554,0.003414487,0.650303768,0.12571603,0.776019798,0.299139733,0.070400977,0.36954071,0.36954071,14.17647059,D'Onta Foreman,CLE,FA,86,3125116,,FA,,{},"['RB', 'RB/WR', 'RB/WR/TE', 'OP', 'BE', 'IR']",,,,,,,,116.0,10.0,4.0,,,,,,,,,,,,,,,,,,,,,,,,,,,,,,,,,,1.0,,,,,,,,,,,,,,,,,,,,,,,,,,,,,,,,,,,,,,,,,,,,,,,,,,,,,,,,,,,,,,,,,,,,,,,,,,,,,,,,,,,,,,,,,,,,,,,,,,,,,,,,,,,,,,,,,,,,,,,,,,,,,,,,,,,,,,,,,,,,,,,,,,,,,,,,,,1.0,,,,,,,,,,,,,,,,,,,,,,,,,,,,,,,,,,,,,,,,,,,,2024,,,,10.0,1.0,,,,,,,,,,,,,,,,,,,,,,,,,,,,,19.84228237,5.480137809,,
60.0,5.0,95.39,8.67,1.0,0.5,,1.0,,,,,,,,,,,,6.0,28.0,25.41666667,1.0,56.0,26.0,10.0,6.0,1.0,1.0,38.0,93.0,10.89285714,,,,,,,,2.0,10.0,6.0,,,12.0,1.511423095,0.891945367,0.043624622,0.002275662,2.0,1.0,,,,,,0.002774793,0.001942355,0.000279127,9.52555e-06,6.769208484,38.17486788,2.414247721,0.130252516,0.133651083,0.087340983,87.0,43.0,21.0,17.0,8.0,37.1782955,,,0.423191427,0.013088395,55.6324935,11.77805987,0.132528178,0.003245412,0.028814273,0.708779391,0.737593663,0.013254565,0.396916459,0.410171024,0.410171024,11.47058824,Kendrick Bourne,NE,FA,100,3045523,,FA,,{},"['RB/WR', 'WR', 'WR/TE', 'RB/WR/TE', 'OP', 'BE', 'IR']",,,,,,,,,,,,,,,,,,,,1.0,,1.0,,1.0,,,,,,,,,,,,,,,,,,,,,,,,,,,,,,,,,,,,,,,,,,,,,,,,,,,,,,,,,,,,,,,,,,,,,,,,,,,,,,,,,,,,,,,,,,,,,,,,,,,,,,,,,,,,,,,,,,,,,,,,,,,,,,,,,,,,,,,,,,,,,,,,,,,,,,,,,,,,,,,,,,,,,,,,,,,,,,,,,,,,,,,,,,,,,,,,,,,,,,,,,,,,,,,,,,,,,,,,,,2024,,,,1.0,13.0,,,,,,,,,,,,,,,,,,,,,,,,,,,,,2.054266409,20.65743179,,
29.0,9.67,32.67,8.17,9.0,8.0,2.0,4.0,1.0,,,,,1.0,,,,,,2.66666667,,,,,,,,,,,,,1.0,2.0,1.0,1.0,3.0,,,1.0,2.0,24.0,2.0,,3.0,6.990015718,9.108239565,0.523634491,0.016041566,7.0,3.0,1.0,1.0,,1.0,,0.013233432,0.009263402,0.028896292,0.00098612,5.212142537,,,,,,,,,,,,,,,,,,0.167052274,0.006487325,0.139800314,,1.474391934,0.064308145,,0.704912122,2.282148729,4.0,Joshua Dobbs,NE,FA,48,3044720,,FA,,{},"['QB', 'OP', 'BE', 'IR']",,,,,,,,,,,,,,,,,,,,,,47.0,32.0,15.0,120.33333333,2.0,72.0,35.0,17.0,14.0,6.0,3.0,5.0,2.0,2.0,1.0,,,1.0,,2.0,0.68085106,2.0,2.0,1.0,,,1.0,62.13478832,40.75648728,21.37830104,109.7635889,3.429767105,87.0,43.0,21.0,17.0,8.0,4.0,8.0,4.0,0.331348538,0.216536269,0.278994712,0.03768487,0.151010708,1.577236607,0.655936688,4.594792653,1.334591619,0.640603977,,,,,,,,,,,,,,,,,,,,,,,,,,,,,,,,,,,,,,,,,,,,,,,,,,,,,,,,,,,,,,,,,,,,,,,,,,,,,,,,,,,,,,,,,,,,,,,,,,,,,,,,,,,,,,,,,,,,,,,,,,,,,,,1.0,,,,,,,,,,,,,,,,,,,,,,,,,,,,,,,,,,,,,,,,,,,,2024,,,18.0,2.0,,,,,,,,,,,,,,,,,,,,,,,,,,,,,,2.288970214,,21.90025282,
124.0,7.29,127.39,7.49,,,,,,,,,,,,,,,,,,,,,,,,,,,,,,,,,,,,4.0,13.0,108.0,,,17.0,,,,,,,,,,,,,,,,,,,,,,,,,,,,,,,,,,,,,,,,,,,17.0,Cam Little,JAX,FA,18,4686361,,FA,,{},"['Rookie', 'K', 'BE', 'IR']",,,,,,,,,,,,,,,,,,,,,,,,,,,,,,,,,,,,,,,,,,,,,,,,,,,,,,,,,,,,,,,,,,,,,,,,,,,,,,,5.0,6.0,8.0,9.0,1.0,14.0,14.0,,27.0,29.0,2.0,27.0,27.0,,5.0,6.0,4.418735525,6.604985838,2.186250312,7.185112861,9.188123863,2.003011002,15.97507379,16.90483999,0.929766199,27.57892218,32.69794969,5.119027514,33.74962043,36.05728678,2.307666354,4.418735525,6.604985838,2.186250312,,,,,,,,,,,,,,,,,,,,,,,,,,,,,,,,,,,,,,,,,,,,,,,,,,,,,,,,,,,,,,,,,,,,,,,,,,,,,,,,,,,,,,,1.0,1.0,,,,,,,,,,,,,,,,,,,,,,,,,,,,,,,,,,,,,,,,,,2024,,,,,,1016.0,98.0,1114.0,197.0,97.0,45.0,33.0,12.0,3.0,19.0,9.0,4.0,3.0,1.0,217.0,107.0,49.0,37.0,14.0,4.0,,,1041.194011,236.0859979,1277.280009,,,,,,,
36.0,2.12,74.19,4.95,1.0,0.76470588,,2.0,1.0,,,,,,,,,,,13.0,19.0,12.70588235,,39.0,16.0,6.0,5.0,1.0,1.0,33.0,72.0,11.36842105,,,,,,,,14.0,3.0,,,,17.0,,,,,,,,,,,,,,,,,21.85751623,2.204679844,0.130620378,0.109873301,0.071802202,66.0,33.0,16.0,13.0,6.0,28.19678134,,,0.149992151,0.004638933,46.96713128,11.71886294,0.130620378,0.001994175,,0.453221613,0.453221613,,0.253804103,0.253804103,0.253804103,15.11764706,Jahan Dotson,PHI,FA,118,4361409,,FA,,{},"['RB/WR', 'WR', 'WR/TE', 'RB/WR/TE', 'OP', 'BE', 'IR']",,,,,,,,,,,,0.000475,,0.766666667,,,,,,,,,,,,,,,,,,,,,,,,,,,,,,,,,,,,,,,,,,,,,,,,,,,,,,,,,,,,,,,,,,,,,,,,,,,,,,,,,,,,,,,,,,,,,,,,,,,,,,,,,,,,,,,,,,,,,,,,,,,,,,,,,,,,,,,,,,,,,,,,,,,,,,,,,,,,,,,,,,,,,,,,,,,,,,,,,,,,,,,,,,,,,,,,,,,,,,,,,,,,,,,,,,,,,,,,,,,,,,,,,,,,2024,,,,1.0,12.0,,,,,,,,,,,,,,,,,,,,,,,,,,,,,,15.29087375,,
12.0,1.33,70.49,7.83,,,,,,,,,,,,,,,,,9.0,6.11111111,,9.0,3.0,,,,,18.0,14.0,6.11111111,,,,,,,,5.0,4.0,,,,9.0,,,,,,,,,,,,,,,,,33.73041969,2.466196858,0.129172593,0.151117747,0.098755448,66.0,33.0,16.0,13.0,6.0,22.85201,,,0.236386597,0.007310926,40.4231982,14.58672179,0.129172593,0.001697389,,0.385770128,0.385770128,,0.216031272,0.216031272,0.216031272,9.882352941,Odell Beckham Jr.,None,FA,156,16733,,FA,,{},"['RB/WR', 'WR', 'WR/TE', 'RB/WR/TE', 'OP', 'BE', 'IR']",,,,,,,,,,,,,,,,,,,,,,,,,,,,,,,,,,,,,,,,,,,,,,,,,,,,,,,,,,,,,,,,,,,,,,,,,,,,,,,,,,,,,,,,,,,,,,,,,,,,,,,,,,,,,,,,,,,,,,,,,,,,,,,,,,,,,,,,,,,,,,,,,,,,,,,,,,,,,,,,,,,,,,,,,,,,,,,,,,,,,,,,,,,,,,,,,,,,,,,,,,,,,,,,,,,,,,,,,,,,,,,,,,,,,,,,,,,,,,,,,,2024,,,,,3.0,,,,,,,,,,,,,,,,,,,,,,,,,,,,,,14.59772996,,
98.0,5.76,41.51,2.77,,,,,,,,,,,,,,,,,32.0,24.29411765,5.0,77.0,36.0,14.0,11.0,2.0,,43.0,158.0,12.90625,,,,,,,1.0,5.0,12.0,30.0,,1.0,17.0,,,,,,,,,,,,,,,,,12.04616483,1.281702498,0.064109083,0.17968182,0.117422069,36.0,18.0,9.0,7.0,3.0,15.92177608,,,0.068421102,0.002116117,22.98720254,11.43777349,0.064109083,0.000936915,,0.212935178,0.212935178,,0.1192437,0.1192437,0.1192437,15.11764706,Foster Moreau,NO,FA,28,3843945,,FA,,{},"['WR/TE', 'TE', 'RB/WR/TE', 'OP', 'BE', 'IR']",,,,,,,,,,,,,,,,,,,,3.0,,,,,,,,,,,,,,,,,,,,,,,,,,,,,,,,,,,,,,,,,,,,,,,,,,,,,,1.0,1.0,,,,,,,,,,,,,,,,,,,,,,,,,,,,,,,,,,,,,,,,,,,,,,,,,,,,,,,,,,,,,,,,,,,,,,,,,,,,,,,,,,,,,,,,,,,,,,,,,,,,,,,,,,,,,,,,,,,,,,,,,,,,,,,,,,,,,,,,,,,,,,,,,,,,,,,,,,,,,,,,,,,,,,,2024,,,,,20.0,,,,,,,,,,,,,,,,,,,,,,,,,,,,,,8.025366157,,
23.0,4.6,31.15,7.79,9.0,3.0,1.0,2.0,1.0,,,,,,,,,,,1.66666667,,,,,,,,,,,,,,1.0,,,1.0,,,4.0,1.0,18.0,1.0,,5.0,9.147574797,6.145817763,0.464611322,0.017644072,4.0,2.0,1.0,,,1.0,,0.017486074,0.012240252,0.013298016,0.00045381,2.687408586,,,,,,,,,,,,,,,,,,0.190315682,0.003516217,0.090585494,,0.799140196,0.041669327,,0.381775584,1.860202634,4.0,Kenny Pickett,CLE,FA,50,4240703,,FA,,{},"['QB', 'OP', 'BE', 'IR']",,,,,,,,,,,,,,,,,,,,,,42.0,25.0,17.0,58.2,2.0,57.0,28.0,14.0,10.0,4.0,2.0,4.0,2.0,3.0,1.0,,,,,1.0,0.5952381,4.0,1.0,1.0,,1.0,,66.66828742,42.89294794,23.77533948,115.7858077,2.920132909,92.0,46.0,23.0,18.0,9.0,4.0,8.0,4.0,0.365426896,0.238806477,0.335889641,0.045369883,0.17267161,1.478427049,0.643378578,4.883534943,0.708554703,0.340106257,,,,,,,,,,,,,,,,,,,,,,,,,,,,,,,,,,,,,,,,,,,,,,,,,,,,,,,,,,,,,,,,,,,,,,,,,,,,,,,,,,,,,,,,,,,,,,,,,,,,,,,,,,,,,,,,,,,,,,,,,,,,,,,,,,,,,,,,,,,,,,,,,,,,,,,,,,,,,,,,,,,,,,,,,,,2024,,,12.0,3.0,,,,,,,,,,,,,,,,,,,,,,,,,,,,,,1.97593845,,22.80660735,
33.0,2.2,35.17,2.34,,,,,,,,,,,,,,,,,16.0,13.86666667,,39.0,19.0,7.0,6.0,2.0,1.0,19.0,66.0,13.0,,1.0,,1.0,1.0,2.0,3.0,9.0,6.0,,,,15.0,,,,,,,,,,,,,,,,,9.897059848,1.139077167,0.057596538,0.106405234,0.069535821,29.0,14.0,7.0,5.0,2.0,14.39737467,,,0.058272526,0.001802243,21.37642941,10.39219032,0.057596538,0.000725493,,0.164884707,0.164884707,,0.092335436,0.092335436,0.092335436,15.11764706,Stone Smartt,NYJ,FA,53,4250764,,FA,,{},"['WR/TE', 'TE', 'RB/WR/TE', 'OP', 'BE', 'IR']",,,,,,1.0,1.0,,,,,,,,,,,,,,,,,,,,,,,,,,,,,,,,,,,,,,,,,,,,,,,,,,,,,,,,,,,,,,,,,,,,1.0,,,,,,,,,,,,,,,,,,,,,,,,,,,,,,,,,,,,,,,,,,,,,,,,,,,,,,,,,,,,,,,,,,,,,,,,,,,,,,,,,,,,,,,,,,,,,,,,,,,,,,,,,,,,,,,,,,,,,,,,,,,,,,,,,,,,,,,,,,,,,,,,,,,,,,,,,,,,,,,,,,,,,,,2024,,,,,11.0,,,,,,,,,,,,,,,,,,,,,,,,,,,,,,6.723652566,,
6.0,1.2,46.55,5.82,15.0,6.0,,6.0,3.0,1.0,,,,2.0,1.0,,,,,2.0,1.0,5.6,,5.0,2.0,1.0,1.0,,,1.0,33.0,28.0,,,,,,,,4.0,1.0,,,,5.0,41.1728834,22.29279613,1.393554733,0.054061906,36.0,18.0,9.0,7.0,3.0,8.0,4.0,0.078708905,0.055096233,0.163025663,0.00556344,4.443022866,9.540325024,0.512528891,0.029756551,0.027626067,0.018053635,15.0,7.0,3.0,3.0,1.0,10.274578,,,0.030573457,0.000945571,13.35577971,7.619464736,0.083818457,0.001542416,0.280540873,0.070008191,0.350549064,0.129048802,0.039204587,0.168253389,0.168253389,8.205882353,Keaton Mitchell,BAL,FA,113,4596334,,FA,,{},"['RB', 'RB/WR', 'RB/WR/TE', 'OP', 'BE', 'IR']",,,,,,,,156.0,14.0,5.0,,,,,,,,,,,,,,,,,,,,,,,,,,,,,,,,,,,,,,,,,,,,,,,,,,,,,,,,,,,,,,,,,,,,,,,,,,,,,,,,,,,,,,,,,,,,,,,,,,,,,,,,,,,,,,,,,,,,,,,,,,,,,,,,,,,,,,,,,,,,,,,,,,,,,,,,,,,,,,,,,,,,,,,,,,,,,,,,,,,,,,,,,,,,,,,,,,,,,,,,,,,,,,,,,,,,,,,,,,,,,,,,,,,,,,,,2024,,,,2.0,1.0,,,,,,,,,,,,,,,,,,,,,,,,,,,,,10.81397697,4.10166857,,
59.0,3.47,28.65,2.05,50.0,18.11764706,2.0,56.0,25.0,10.0,8.0,2.0,1.0,5.0,1.0,,,1.0,,6.16,9.0,6.41176471,1.0,19.0,7.0,2.0,2.0,1.0,,12.0,105.0,12.11111111,1.0,1.0,,,,3.0,4.0,10.0,7.0,18.0,2.0,1.0,17.0,36.97880328,11.13646421,1.097338854,0.071222252,31.0,15.0,7.0,6.0,3.0,7.0,3.0,0.069222703,0.048455892,0.065486573,0.002234805,4.26935821,2.08005021,0.164545014,0.007726862,0.03566926,0.023309862,5.0,2.0,1.0,1.0,,4.243162578,,,0.016039389,0.000496064,5.554628389,6.949479329,0.078949114,0.001544814,0.314954435,0.0361397,0.351094135,0.14487904,0.020238232,0.165117272,0.165117272,14.17647059,Sean Tucker,TB,FA,58,4430871,,FA,,{},"['RB', 'RB/WR', 'RB/WR/TE', 'OP', 'BE', 'IR']",,,,,,,,410.0,36.0,12.0,,,,,,,,,,,,,,,,,,,,,,,,,,,,,,,,,,1.0,,,,,,,,,,,,,,,,,,,,,,,,,,,,,,,1.0,,,,,,,,,,,,,,,,,,,,,,,,,,,,,,,,,,,,,,,,,,,,,,,,,,,,,,,,,,,,,,,,,,,,,,,,,,,,,,,,,,,,,,,,,,,,,,,,,,,,,,,,,,,,,,,,,,,,,,,,,,,,,,,,,,,,,,,,,,,,,,,,,,,,,,,,,,,,,,,,,,,,,,,2024,,,,17.0,6.0,,,,,,,,,,,,,,,,,,,,,,,,,,,,,10.46736359,0.765518579,,
11.0,0.69,136.15,9.08,,,,,,,,,,,,,,,,,8.0,3.875,,10.0,3.0,1.0,1.0,,,19.0,6.0,7.75,,,,,,1.0,1.0,3.0,13.0,,,,16.0,,,,,,,,,,,,,,,,,44.46917704,2.964801355,0.168657577,0.168860398,0.11035027,134.0,67.0,33.0,26.0,13.0,52.16554565,,,0.866045098,0.0267849,86.13394166,12.88722882,0.168657577,0.004590568,,1.043310913,1.043310913,,0.584254111,0.584254111,0.584254111,15.11764706,Jalin Hyatt,NYG,FA,161,4692590,,FA,,{},"['RB/WR', 'WR', 'WR/TE', 'RB/WR/TE', 'OP', 'BE', 'IR']",,,,,,,,,,,,,,,,,,,,,,,,,,,,,,,,,,,,,,,,,,,,,,,,,,,,,,,,,,,,,,,,,,,,,,,,,,,,,,,,,,,,,,,,,,,,,,,,,,,,,,,,,,,,,,,,,,,,,,,,,,,,,,,,,,,,,,,,,,,,,,,,,,,,,,,,,,,,,,,,,,,,,,,,,,,,,,,,,,,,,,,,,,,,,,,,,,,,,,,,,,,,,,,,,,,,,,,,,,,,,,,,,,,,,,,,,,,,,,,,,,2024,,,,,3.0,,,,,,,,,,,,,,,,,,,,,,,,,,,,,,30.49144263,,
76.0,9.5,44.46,7.41,18.0,16.625,2.0,24.0,11.0,4.0,4.0,2.0,,2.0,,,,,,7.38888889,,,,,,,,,,,,,1.0,5.0,,2.0,7.0,,,1.0,7.0,48.0,2.0,,8.0,9.693582731,6.738290391,0.550818953,0.026572931,8.0,4.0,2.0,1.0,,1.0,,0.01830841,0.012815887,0.023612855,0.000805816,4.170773951,,,,,,,,,,,,,,,,,,0.21217901,0.006257787,0.107668388,,1.422224312,0.049527458,,0.680514302,3.718205732,6.0,Drew Lock,NYG,FA,39,3924327,,FA,,{},"['QB', 'OP', 'BE', 'IR']",,,,,,,,,,,,,,,,,,,,,,181.0,107.0,74.0,133.875,6.0,211.0,103.0,50.0,41.0,19.0,9.0,19.0,9.0,13.0,4.0,2.0,1.0,1.0,1.0,5.0,0.59116022,12.0,4.0,2.0,,,2.0,111.2134156,69.2256021,41.98781349,130.4783282,3.281464795,156.0,78.0,39.0,31.0,15.0,7.0,13.0,6.0,0.683901019,0.446929316,0.791315612,0.106885991,0.185606079,3.03769143,0.622457297,7.138468705,1.314555924,0.630986843,,,,,,,,,,,,,,,,,,,,,,,,,,,,,,,,,,,,,,,,,,,,,,,,,,,,,,,,,,,,,,,,,,,,,,,,,,,,,,,,,,,,,,,,,,,,,,,,,,,,,,,,,,,,,,,,,,,,,,,,,,,,,,,2.0,,,,,,,,,,,,,,,,,,,,,,,,,,,,,,,,,,,,,,,,,,,,2024,,,45.0,9.0,,,,,,,,,,,,,,,,,,,,,,,,,,,,,,2.730321043,,37.08612411,
95.0,5.59,59.41,3.96,16.0,5.41176471,,17.0,6.0,1.0,1.0,,,,,,,,,5.75,31.0,24.70588235,2.0,79.0,36.0,14.0,12.0,5.0,,52.0,260.0,13.5483871,1.0,3.0,,1.0,1.0,1.0,1.0,7.0,10.0,18.0,,,17.0,8.397165274,3.946897187,0.41091503,0.023960316,11.0,5.0,2.0,2.0,1.0,1.0,,0.015470291,0.010829204,0.008824357,0.000301141,7.105707308,15.18860736,1.597676807,0.077412436,0.15375199,0.100476925,45.0,22.0,11.0,9.0,4.0,18.40152569,,,0.086583434,0.002677838,30.09182244,12.47809607,0.101372752,0.002358285,0.167943305,0.368030514,0.535973819,0.077253921,0.206097088,0.283351008,0.283351008,15.11764706,KaVontae Turpin,DAL,FA,78,3676833,,FA,,{},"['RB/WR', 'WR', 'WR/TE', 'RB/WR/TE', 'OP', 'BE', 'IR']",,1.0,1.0,,,1.0,1.0,904.0,84.0,31.0,0.254269787,0.12996,1310.594082,251.9659091,131.0,52.0,25.0,10.0,,,,,,,,,,,,,,,,,,,,,,,,,,,,,,,,,,,,,,,,,,,,,,,,,,,,,,,,1.0,,,,,,,,,,,,,,,,,,,,,,,,,,,,,,,,,,,,,,,,,,,,,,,,,,1.0,1.0,,2.0,,,,,187.0,17.0,4.0,,,,,,,,,,,,,,,,,,,,,,,,,,,,,,,,,,,,,,,,,,,,,,,,,,,,,,,,,,,,,,,,,,,,,,,,,,,,,,,,,,,,,,,,,,,,,,,,,,,,,,,,,,,,2024,,,,6.0,18.0,,,,,,,,,,,,,,,,,,,,,,,,,,,,,4.903184546,10.02982814,,
9.0,1.29,79.69,5.31,,,,,,,,,,,,,,,,,7.0,6.42857143,,6.0,2.0,,,,,10.0,18.0,6.42857143,,,,,,,,3.0,4.0,,,,7.0,,,,,,,,,,,,,,,,,22.47350496,2.066771547,0.097998806,0.113405889,0.074110748,67.0,33.0,16.0,13.0,6.0,34.52620128,,,0.158672014,0.004907382,47.76581516,9.840251854,0.097998806,0.001739797,,0.395408379,0.395408379,,0.221428692,0.221428692,0.221428692,15.11764706,Luke Musgrave,GB,FA,84,4428085,,FA,,{},"['WR/TE', 'TE', 'RB/WR/TE', 'OP', 'BE', 'IR']",,,,,,,,,,,,,,,,,,,,,,,,,,,,,,,,,,,,,,,,,,,,,,,,,,,,,,,,,,,,,,,,,,,,,,,,,,,,,,,,,,,,,,,,,,,,,,,,,,,,,,,,,,,,,,,,,,,,,,,,,,,,,,,,,,,,,,,,,,,,,,,,,,,,,,,,,,,,,,,,,,,,,,,,,,,,,,,,,,,,,,,,,,,,,,,,,,,,,,,,,,,,,,,,,,,,,,,,,,,,,,,,,,,,,,,,,,,,,,,,,,2024,,,,,2.0,,,,,,,,,,,,,,,,,,,,,,,,,,,,,,16.93396113,,
-3.0,-0.18,97.58,5.74,,,,,,,,,,,,,,,,,,,,,,,,,,,,,,,,,,722.0,1288.0,5.0,12.0,,,,17.0,,,,,,,,,,,,,,,,,,,,,,,,,,,,,,,,,,,,,,,,,,,17.0,Panthers D/ST,CAR,FA,32,-16029,,FA,,{},"['D/ST', 'BE', 'IR']",,,,,,,,1060.0,101.0,38.0,0.363075706,0.16929,1739.351836,275.2,173.0,69.0,27.0,11.0,,,,,,,,,,,,,,,,,,,,,,,,,,,,,,,,,,,,,,,,,,,,,,,,,,,,,,,,,566.0,,,8.0,,,,,,,,,,,,,,,,,,,,,,,,,,,,,,,,,,,8.0,0.0,0.0,0.0,1.0,,9.0,,,32.0,64.0,,,,,425.0,250.0,58.0,67.0,177.0,14.0,1.0,528.0,0.0,5.0,6.0,3.0,6877.0,0.0,0.0,1.0,3.0,4.0,7.0,0.0,1.0,1.0,0.0,0.0,0.0,1.0,0.0,5.0,6.0,3.0,0.17,0.765,2.805,2.72,0.108651569,1.810107397,13.26207985,8.72671653,1.880047328,0.228293992,39.85987476,79.71974952,1.250214226,0.559893171,2.451124672,11.78573185,1088.321624,362.0,217.0,71.91961433,379.0712494,2.465,3.74,2.805,1.36,0.17,22.29830879,6023.576919,0.297277042,2.887834124,3.354983762,4.161878591,3.354983762,1.953534849,0.76442668,0.225081189,354.3280541,,,,,,,,,,,,2.0,2.0,,,,,,,,,,,,,,,,,,,,,,,,,,,,,,,,,,,2024,,,,,,,,,,,,,,,,,,,,,,,,,,,,,,,,,,,,,33.4463111
12.0,1.33,99.38,6.63,,,,,,,,,,,,,,,,,8.0,8.11111111,,13.0,4.0,1.0,1.0,,,13.0,20.0,9.125,,,,,,,,7.0,2.0,,,,9.0,,,,,,,,,,,,,,,,,26.09819724,3.217783212,0.162691238,0.081450482,0.05322789,78.0,39.0,19.0,15.0,7.0,41.3875171,,,0.215809881,0.006674532,59.94280994,9.532906596,0.162691238,0.002558001,,0.581363877,0.581363877,,0.325563771,0.325563771,0.325563771,15.11764706,Hayden Hurst,LAC,FA,78,3924365,,FA,,{},"['WR/TE', 'TE', 'RB/WR/TE', 'OP', 'BE', 'IR']",,,,,,,,,,,,,,,,,,,,,,,,,,,,,,,,,,,,,,,,,,,,,,,,,,,,,,,,,,,,,,,,,,,,,,,,,,,,,,,,,,,,,,,,,,,,,,,,,,,,,,,,,,,,,,,,,,,,,,,,,,,,,,,,,,,,,,,,,,,,,,,,,,,,,,,,,,,,,,,,,,,,,,,,,,,,,,,,,,,,,,,,,,,,,,,,,,,,,,,,,,,,,,,,,,,,,,,,,,,,,,,,,,,,,,,,,,,,,,,,,,2024,,,,,2.0,,,,,,,,,,,,,,,,,,,,,,,,,,,,,,20.47962922,,
99.0,5.82,56.83,3.79,,,,,,,,,,,,,,,,,45.0,28.0,3.0,88.0,38.0,14.0,12.0,3.0,,59.0,225.0,10.57777778,,2.0,,1.0,1.0,1.0,1.0,4.0,13.0,18.0,,1.0,17.0,,,,,,,,,,,,,,,,,16.32617496,1.086524089,0.058793133,0.065115722,0.042553124,49.0,24.0,12.0,9.0,4.0,26.42546788,,,0.094263747,0.002915374,39.54238406,9.339980353,0.058793133,0.000932117,,0.211844794,0.211844794,,0.118633085,0.118633085,0.118633085,15.11764706,Austin Hooper,NE,FA,26,3043275,,FA,,{},"['WR/TE', 'TE', 'RB/WR/TE', 'OP', 'BE', 'IR']",,,,,,2.0,1.0,,,,,,,,,,,,,1.0,,,,,,,,,,,,,,,,,,,,,,,,,,,,,,,,,,,,,,,,,,,,,,,,,,,,,,1.0,,,,,,,,,,,,,,,,,,,,,,,,,,,,,,,,,,,,,,,,,,,,,,,,,,,,,,,,,,,,,,,,,,,,,,,,,,,,,,,,,,,,,,,,,,,,,,,,,,,,,,,,,,,,,,,,,,,,,,,,,,,,,,,,,,,,,,,,,,,,,,,,,,,,,,,,,,,,,,,,,,,,,,,,2024,,,,,25.0,,,,,,,,,,,,,,,,,,,,,,,,,,,,,,12.12396618,,
29.0,1.71,74.46,4.96,,,,,,,,,,,,,,,,,18.0,9.88235294,,28.0,11.0,3.0,1.0,,,24.0,97.0,9.33333333,,,,,,1.0,1.0,12.0,5.0,,,,17.0,,,,,,,,,,,,,,,,,23.48274999,1.473310497,0.08101324,0.117798513,0.076981328,71.0,35.0,17.0,14.0,7.0,30.81861407,,,0.171914039,0.005316929,49.6210093,11.51913988,0.08101324,0.001440757,,0.327444773,0.327444773,,0.183369073,0.183369073,0.183369073,15.11764706,Luke McCaffrey,WSH,FA,128,4426948,,FA,,{},"['Rookie', 'RB/WR', 'WR', 'WR/TE', 'RB/WR/TE', 'OP', 'BE', 'IR']",,,,,,,,299.0,28.0,11.0,,,,,,,,,,,,,,,,,,,,,,,,,,,,,,,,,,,,,,,,,,,,,,,,,,,,,,,,,,,,,,,,,,,,,,,,,,,,,,,,,,,,,,,,,,,,,,,,,,,,,,,,,,,,,,,,,,,,,,,,,,,,,,,,,,,,,,,,,,,,,,,,,,,,,,,,,,,,,,,,,,,,,,,,,,,,,,,,,,,,,,,,,,,,,,,,,,,,,,,,,,,,,,,,,,,,,,,,,,,,,,,,,,,,,,,,2024,,,,,8.0,,,,,,,,,,,,,,,,,,,,,,,,,,,,,,16.2669438,,
0.0,0.0,0.0,0.0,,,,,,,,,,,,,,,,,,,,,,,,,,,,,,,,,,,,,,,,,,,,,,,,,,,,,,,,,,,,,,,,,,,,,,,,,,,,,,,,,,,,,J.J. McCarthy,MIN,FA,0,4433970,,FA,,{},"['Rookie', 'QB', 'OP', 'BE', 'IR']",,,,,,,,,,,,,,,,,,,,,,,,,,,,,,,,,,,,,,,,,,,,,,,,,,,,,,,,,,,,,,,,,,,,,,,,,,,,,,,,,,,,,,,,,,,,,,,,,,,,,,,,,,,,,,,,,,,,,,,,,,,,,,,,,,,,,,,,,,,,,,,,,,,,,,,,,,,,,,,,,,,,,,,,,,,,,,,,,,,,,,,,,,,,,,,,,,,,,,,,,,,,,,,,,,,,,,,,,,,,,,,,,,,,,,,,,,,,,,,,,,2024,,,,,,,,,,,,,,,,,,,,,,,,,,,,,,,,,,,,,
51.0,3.0,26.91,1.92,5.0,1.52941176,1.0,4.0,1.0,,,,,,,,,,,5.2,19.0,11.76470588,2.0,35.0,15.0,5.0,2.0,,,31.0,93.0,10.52631579,1.0,1.0,1.0,1.0,1.0,,,6.0,11.0,18.0,1.0,1.0,17.0,4.718432587,1.393632492,0.221796997,0.006811384,3.0,1.0,,,,,,0.00867542,0.006072794,0.000868356,2.96337e-05,4.187151064,6.232866835,0.810826484,0.03579591,0.047069492,0.030759913,17.0,8.0,4.0,3.0,1.0,11.76197669,,,0.039594697,0.001224578,15.44163888,7.512347264,0.042607294,0.000570013,0.037090405,0.092457925,0.12954833,0.017061586,0.051776438,0.068838024,0.068838024,14.17647059,Kyle Juszczyk,SF,FA,62,16002,,FA,,{},"['RB', 'RB/WR', 'RB/WR/TE', 'OP', 'BE', 'IR']",,,,,,,,,,,,,,,,,,,,1.0,,,,,,,,,,,,,,,,,,,,,,,,1.0,,,,,,,,,,,,,,,,,,,,,,,,,,,,,,,,,,,,,,,,,,,,,,,,,,,,,,,,,,,,,,,,,,,,,,,,,,,,,,,,,,,,,,,,8.0,,,,,,,,,,,,,,,,,,,,,,,,,,,,,,,,,,,,,,,,,,,,,,,,,,,,,,,,,,,,,,,,,,1.0,,,,,,,,,,,,,,,,,,,,,,,,,,,,,,,,,,,,,,,,,,,,2024,,,,1.0,8.0,,,,,,,,,,,,,,,,,,,,,,,,,,,,,3.191093984,4.299415467,,
85.0,5.0,53.98,3.6,,,,,,,,,,,,,,,,,40.0,22.94117647,2.0,72.0,33.0,13.0,9.0,1.0,2.0,58.0,187.0,9.75,,1.0,,,,1.0,1.0,3.0,14.0,12.0,,,17.0,,,,,,,,,,,,,,,,,14.8239155,1.548894223,0.083527011,0.112555087,0.073554749,44.0,22.0,11.0,8.0,4.0,22.86803005,,,0.084385442,0.002609859,31.66359768,9.799826313,0.083527011,0.001406352,,0.319625433,0.319625433,,0.178990243,0.178990243,0.178990243,15.11764706,Jordan Akins,CLE,FA,33,3128452,,FA,,{},"['WR/TE', 'TE', 'RB/WR/TE', 'OP', 'BE', 'IR']",,,,,,1.0,,,,,,,,,,,,,,,,,,,,,,,,,,,,,,,,,,,,,,,,,,,,,,,,,,,,,,,,,,,,,,,,,,,,2.0,,,,,,,,,,,,,,,,,,,,,,,,,,,,,,,,,,,,,,,,,,,,,,,,,,,,,,,,,,,,,,,,,,,,,,,,,,,,,,,,,,,,,,,,,,,,,,,,,,,,,,,,,,,,,,,,,,,,,,,,,,,,,,,,,,,,,,,,,,,,,,,,,,,,,,,,,,,,,,,,,,,,,,,,2024,,,,,20.0,,,,,,,,,,,,,,,,,,,,,,,,,,,,,,10.87590909,,
72.0,4.24,23.08,1.54,,,,,,,,,,,,,,,,,30.0,14.41176471,4.0,42.0,18.0,4.0,4.0,,1.0,38.0,164.0,8.16666667,,,,,,3.0,3.0,10.0,7.0,24.0,,,17.0,,,,,,,,,,,,,,,,,6.55837716,0.696489037,0.037371663,0.110688612,0.072335008,19.0,9.0,4.0,3.0,1.0,9.948572281,,,0.043082203,0.001332439,14.04691142,9.965975859,0.037371663,0.000503469,,0.11442467,0.11442467,,0.064077815,0.064077815,0.064077815,15.11764706,AJ Barner,SEA,FA,35,4576297,,FA,,{},"['Rookie', 'WR/TE', 'TE', 'RB/WR/TE', 'OP', 'BE', 'IR']",,,,,,,,,,,,,,,,,,,,3.0,,,,,,,,,,,,,,,,,,,,,,,,,,,,,,,,,,,,,,,,,,,,,,,,,,,,,,1.0,,,,,,,,,,,,,,,,,,,,,,,,,,,,,,,,,,,,,,,,,,,,,,,,,,,,,,,,,,,,,,,,,,,,,,,,,,,,,,,,,,,,,,,,,,,,,,,,,,,,,,,,,,,,,,,,,,,,,,,,,,,,,,,,,,,,,,,,,,,,,,,,,,,,,,,,,,,,,,,,,,,,,,,,2024,,,,,18.0,,,,,,,,,,,,,,,,,,,,,,,,,,,,,,4.136794498,,
17.0,1.0,31.01,2.39,31.0,10.11764706,,31.0,13.0,5.0,3.0,,,3.0,,,,,,5.5483871,3.0,1.29411765,,4.0,1.0,,,,,4.0,17.0,7.33333333,,,,,,2.0,3.0,10.0,7.0,,,,17.0,27.84287055,8.809821234,0.84448195,0.042022621,23.0,11.0,5.0,4.0,2.0,5.0,2.0,0.051887125,0.036320988,0.036576954,0.001248231,4.169194773,4.363968563,0.322576686,0.017325127,0.038786495,0.025346975,11.0,5.0,2.0,2.0,1.0,8.178440455,,,0.028110168,0.000869387,10.4918117,7.030888558,0.059347748,0.001349917,0.237142221,0.069657097,0.306799318,0.109085422,0.039007974,0.148093396,0.148093396,13.17647059,Kenny McIntosh,SEA,FA,98,4427391,,FA,,{},"['RB', 'RB/WR', 'RB/WR/TE', 'OP', 'BE', 'IR']",,,,,,,,153.0,14.0,4.0,,,,,,,,,,,,,,,,,,,,,,,,,,,,,,,,,,,,,,,,,,,,,,,,,,,,,,,,,,,,,,,,,1.0,,,,,,,,,,,,,,,,,,,,,,,,,,,,,,,,,,,,,,,,,,,,,,,,,,,,,,,,,,,,,,,,,,,,,,,,,,,,,,,,,,,,,,,,,,,,,,,,,,,,,,,,,,,,,,,,,,,,,,,,,,,,,,,,,,,,,,,,,,,,,,,,,,,,,,,,,,,,,,,,,,,,,,,2024,,,,8.0,1.0,,,,,,,,,,,,,,,,,,,,,,,,,,,,,8.190771742,2.499634183,,
49.0,3.27,28.99,1.93,2.0,0.8,,2.0,1.0,,,,,,,,,,,6.0,22.0,19.53333333,,56.0,26.0,13.0,9.0,3.0,2.0,28.0,203.0,13.31818182,,,,,,4.0,4.0,8.0,7.0,,,,15.0,,,,,,,,,,,,,,,,,8.675005192,0.760695344,0.040732519,0.166988481,0.109126972,26.0,13.0,6.0,5.0,2.0,10.65678082,,,0.052557296,0.001625483,16.83925642,12.30631173,0.040732519,0.0004982,,0.113227258,0.113227258,,0.063407265,0.063407265,0.063407265,15.11764706,Jordan Whittington,LAR,FA,111,4569382,,FA,,{},"['Rookie', 'RB/WR', 'WR', 'WR/TE', 'RB/WR/TE', 'OP', 'BE', 'IR']",,,,,,,,453.0,43.0,15.0,0.135862248,,445.7980001,,44.0,17.0,,,,,,,,,,,,,,,,,,,,,,,,,,,,,,,,,,,,,,,,,,,,,,,,,,,,,,,,,,,,,,,,,,,,,,,,,,,,,,,,,,,,,,,,,,,,,,,,,1.0,,,,,,,,,,,,,,,,,,,,,,,,,,,,,,,,,,,,,,,,,,,,,,,,,,,,,,,,,,,,,,,,,,,,,,,,,,,,,,,,,,,,,,,,,,,,,,,,,,,,,,,,,,,,,,,,,,,,,,,,,,,,,,,,,2024,,,,2.0,14.0,,,,,,,,,,,,,,,,,,,,,,,,,,,,,,5.206864891,,
11.0,1.57,101.87,9.26,,,,,,,,,,,,,,,,,4.0,4.42857143,1.0,5.0,1.0,,,,,10.0,7.0,7.75,,,,,,,,5.0,2.0,6.0,,,7.0,,,,,,,,,,,,,,,,,41.37560182,3.862395958,0.195199667,0.15767797,0.103042553,94.0,47.0,23.0,18.0,9.0,31.90520569,,,0.529084072,0.016363425,57.91892738,14.87539357,0.195199667,0.002395541,,0.544441041,0.544441041,,0.304886983,0.304886983,0.304886983,11.47058824,DJ Chark Jr.,LAC,FA,161,3115394,,FA,,{},"['RB/WR', 'WR', 'WR/TE', 'RB/WR/TE', 'OP', 'BE', 'IR']",,,,,,,,,,,,,,,,,,,,1.0,,,,,,,,,,,,,,,,,,,,,,,,,,,,,,,,,,,,,,,,,,,,,,,,,,,,,,,,,,,,,,,,,,,,,,,,,,,,,,,,,,,,,,,,,,,,,,,,,,,,,,,,,,,,,,,,,,,,,,,,,,,,,,,,,,,,,,,,,,,,,,,,,,,,,,,,,,,,,,,,,,,,,,,,,,,,,,,,,,,,,,,,,,,,,,,,,,,,,,,,,,,,,,,,,,,,,,,,,,,,,,2024,,,,,1.0,,,,,,,,,,,,,,,,,,,,,,,,,,,,,,21.06012757,,
33.0,8.25,129.68,7.63,,,,,,,,,,,,,,,,,,,,,,,,,,,,,,,,,,,,1.0,3.0,28.0,,,4.0,,,,,,,,,,,,,,,,,,,,,,,,,,,,,,,,,,,,,,,,,,,17.0,Matt Prater,None,FA,40,11122,,FA,,{},"['K', 'BE', 'IR']",,,,,,,,,,,,,,,,,,,,,,,,,,,,,,,,,,,,,,,,,,,,,,,,,,,,,,,,,,,,,,,,,,,,,,,,,,,,,,,1.0,1.0,3.0,3.0,,2.0,2.0,,6.0,6.0,,10.0,10.0,,1.0,1.0,4.619803689,6.614916774,1.995113085,7.466377669,9.201938681,1.735561013,16.49670402,16.93025729,0.43355327,28.58288538,32.74711274,4.164227368,31.38689052,32.51207463,1.125184104,4.619803689,6.614916774,1.995113085,,,,,,,,,,,,,,,,,,,,,,,,,,,,,,,,,,,,,,,,,,,,,,,,,,,,,,,,,,,,,,,,,,,,,,,,,,,,,,,,,,,,,,,,,,,,,,,,,,,,,,,,,,,,,,,,,,,,,,,,,,,,,,,,,,2024,,,,,,252.0,,252.0,50.0,24.0,12.0,9.0,4.0,1.0,,,,,,50.0,24.0,12.0,9.0,4.0,1.0,,,1080.357515,198.8429503,1279.200465,,,,,,,
31.0,2.07,97.35,6.95,,,,,,,,,,,,,,,,,12.0,11.46666667,1.0,31.0,13.0,4.0,4.0,,,22.0,42.0,14.33333333,,1.0,,,,,,9.0,6.0,6.0,,,15.0,3.875756216,1.662416876,0.165029636,0.010706578,4.0,2.0,1.0,,,,,0.007122837,0.004985986,0.001358504,4.63605e-05,6.269904968,30.10063427,2.580570841,0.12105839,0.145444003,0.095047656,88.0,44.0,22.0,17.0,8.0,34.71984962,,,0.279767509,0.008652603,58.49512495,12.67287885,0.131764968,0.003396413,0.077515124,0.694396992,0.771912117,0.035656957,0.388862316,0.424519273,0.424519273,14.61764706,Trey Palmer,TB,FA,125,4426407,,FA,,{},"['RB/WR', 'WR', 'WR/TE', 'RB/WR/TE', 'OP', 'BE', 'IR']",,,,,,,,14.0,1.0,,,0.1197,,193.2,,,19.0,7.0,,,,,,,,,,,,,,,,,,,,,,,,,,,,,,,,,,,,,,,,,,,,,,,,,,,,,,,,1.0,,,,,,,,,,,,,,,,,,,,,,,,,,,,,,,,,,,,,,,,,,,,,,,,,,,,,,,,,,136.0,10.0,2.0,,,,,,,,,,,,,,,,,,,,,,,,,,,,,,,,,,,,,,,,,,,,,,,,,,,,,,,,,,,,,,,,,,,,,,,,,,,,,,,,,,,,,,,,,,,,,,,,,,,,,,,,,,,,2024,,,,,7.0,,,,,,,,,,,,,,,,,,,,,,,,,,,,,3.251002514,19.95281076,,
3.0,1.0,35.51,8.88,3.0,,,,,,,,,,,,,,,,,,,,,,,,,,,,1.0,,,,,,,2.0,1.0,,,,3.0,6.382334848,6.777879387,0.298443071,0.015673379,5.0,2.0,1.0,1.0,,1.0,,0.012050111,0.008435078,0.015997221,0.000545924,4.247899585,,,,,,,,,,,,,,,,,,0.156542601,0.006114213,0.105309546,,1.389593946,0.048442391,,0.664898903,2.410597183,4.0,Carson Wentz,KC,FA,65,2573079,,FA,,{},"['QB', 'OP', 'BE', 'IR']",,,,,,,,,,,,,,,,,,,,,,19.0,12.0,7.0,39.33333333,,23.0,11.0,5.0,3.0,1.0,,2.0,1.0,1.0,,,,,,,0.63157895,4.0,,,,,,72.20277407,45.77761462,26.42515945,120.6591384,4.298821791,96.0,48.0,24.0,19.0,9.0,4.0,9.0,4.0,0.394619189,0.25788364,0.3931076,0.053098529,0.140869223,1.74569828,0.634014624,5.631889084,1.284284399,0.616456512,,,,,,,,,,,,,,,,,,,,,,,,,,,,,,,,,,,,,,,,,,,,,,,,,,,,,,,,,,,,,,,,,,,,,,,,,,,,,,,,,,,,,,,,,,,,,,,,,,,,,,,,,,,,,,,,,,,,,,,,,,,,,,,,,,,,,,,,,,,,,,,,,,,,,,,,,,,,,,,,,,,,,,,,,,,2024,,,5.0,,,,,,,,,,,,,,,,,,,,,,,,,,,,,,,1.76942962,,24.59810155,
0.0,0.0,0.0,0.0,,,,,,,,,,,,,,,,,,,,,,,,,,,,,,,,,,,,,,,,,,,,,,,,,,,,,,,,,,,,,,,,,,,,,,,,,,,,,,,,,,,,,Darren Waller,NYG,FA,0,2576925,,FA,,{},"['WR/TE', 'TE', 'RB/WR/TE', 'OP', 'BE', 'IR']",,,,,,,,,,,,,,,,,,,,,,,,,,,,,,,,,,,,,,,,,,,,,,,,,,,,,,,,,,,,,,,,,,,,,,,,,,,,,,,,,,,,,,,,,,,,,,,,,,,,,,,,,,,,,,,,,,,,,,,,,,,,,,,,,,,,,,,,,,,,,,,,,,,,,,,,,,,,,,,,,,,,,,,,,,,,,,,,,,,,,,,,,,,,,,,,,,,,,,,,,,,,,,,,,,,,,,,,,,,,,,,,,,,,,,,,,,,,,,,,,,2024,,,,,,,,,,,,,,,,,,,,,,,,,,,,,,,,,,,,,
5.0,0.5,5.05,0.39,6.0,2.3,,4.0,1.0,,,,,,,,,,,3.83333333,3.0,1.1,,2.0,1.0,,,,,3.0,10.0,3.66666667,,,,,,4.0,7.0,1.0,9.0,,,,10.0,3.911851943,1.313576613,0.112522908,0.006238699,3.0,1.0,,,,,,0.007190244,0.005033171,0.000699471,2.38703e-05,4.424580444,1.102731695,0.063107098,0.003179657,0.038868533,0.025400587,2.0,1.0,,,,2.034630721,,,0.008399565,0.00025978,2.634946204,7.141399958,0.009418356,0.000259274,0.038764033,0.020161932,0.058925965,0.017831455,0.011290682,0.029122137,0.029122137,13.17647059,Travis Homer,CHI,FA,117,4037457,,FA,,{},"['RB', 'RB/WR', 'RB/WR/TE', 'OP', 'BE', 'IR']",,,,,,,,29.0,2.0,1.0,,,,,,,,,,,,,,,,,,,,,,,,,,,,,,,,,,,,,,,,,,,,,,,,,,,,,,,,,,,,,,,,,3.0,,,,,,,,,,,,,,,,,,,,,,,,,,,,,,,,,,,,,,,,,,,,,,,,,,,,,,,,,,,,,,,,,,,,,,,,,,,,,,,,,,,,,,,,,,,,,,,,,,,,,,,,,,,,,,,,,,,,,,,,,,,,,,,,,,,,,,,,,,,,,,,,,,,,,,,,,,,,,,,,,,,,,,,2024,,,,2.0,,,,,,,,,,,,,,,,,,,,,,,,,,,,,,2.856071927,-0.191831771,,
22.0,2.0,15.99,1.14,20.0,6.36363636,,12.0,5.0,,,,,1.0,,,,,,3.5,12.0,6.45454545,,12.0,5.0,1.0,1.0,,1.0,18.0,80.0,5.91666667,,,,,,,2.0,4.0,7.0,,,,11.0,9.449608953,2.779409118,0.229291694,0.013226607,7.0,3.0,1.0,1.0,,1.0,,0.017529253,0.012270477,0.008548209,0.000291718,4.169718748,3.089252088,0.287942632,0.014427793,0.043571848,0.028474203,8.0,4.0,2.0,1.0,,5.958011319,,,0.021899978,0.000677319,7.840179656,7.350555247,0.0276544,0.000577408,0.080483844,0.050745344,0.131229188,0.037022568,0.028417393,0.065439961,0.065439961,14.17647059,Jordan Mims,NO,FA,92,4243004,,FA,,{},"['RB', 'RB/WR', 'RB/WR/TE', 'OP', 'BE', 'IR']",,,,,,,,19.0,1.0,,,,,,,,,,,,,,,,,,,,,,,,,,,,,,,,,,,,,,,,,,,,,,,,,,,,,,,,,,,,,,,,,,2.0,,,,,,,,,,,,,,,,,,,,,,,,,,,,,,,,,,,,,,,,,,,,,,,,,,,,,,,,,,,,,,,,,,,,,,,,,,,,,,,,,,,,,,,,,,,,,,,,,,,,,,,,,,,,,,,,,,,,,,,,,,,,,,,,,,,,,,,,,,,,,,,,,,,,,,,,,,,,,,,,,,,,,,,2024,,,,2.0,4.0,,,,,,,,,,,,,,,,,,,,,,,,,,,,,4.147449297,1.533747115,,
61.0,3.81,87.05,5.8,2.0,0.5,,1.0,,,,,,,,,,,,4.0,28.0,16.4375,2.0,49.0,21.0,7.0,6.0,1.0,1.0,53.0,163.0,9.39285714,,,,,,,,10.0,6.0,12.0,,,16.0,,,,,,,,,,,,,,,,,27.82771384,2.010844035,0.110496336,0.138340192,0.090405315,84.0,42.0,21.0,16.0,8.0,33.15121792,,,0.250753874,0.007755274,56.53176538,12.69001812,0.110496336,0.001549805,,0.352228461,0.352228461,,0.197247938,0.197247938,0.197247938,15.11764706,Troy Franklin,DEN,FA,98,4431280,,FA,,{},"['Rookie', 'RB/WR', 'WR', 'WR/TE', 'RB/WR/TE', 'OP', 'BE', 'IR']",,,,,,,,,,,,,,,,,,,,2.0,,,,,,,,,,,,,,,,,,,,,,,,,,,,,,,,,,,,,,,,,,,,,,,,,,,,,,,,,,,,,,,,,,,,,,,,,,,,,,,,,,,,,,,,,,,,,,,,,,,,,,,,,,,,,,,,,,,,,,,,,,,,,,,,,,,,,,,,,,,,,,,,,,,,,,,,,,,,,,,,,,,,,,,,,,,,,,,,,,,,,,,,,,,,,,,,,,,,,,,,,,,,,,,,,,,,,,,,,,,,,,2024,,,,,11.0,,,,,,,,,,,,,,,,,,,,,,,,,,,,,,18.82977904,,
0.0,0.0,21.91,1.69,,,,,,,,,,,,,,,,,,,,,,,,,,,,,,,,,,,,,,,,,,24.99812993,8.135724235,0.820131671,0.045181691,21.0,10.0,5.0,4.0,2.0,4.0,2.0,0.046508125,0.032555687,0.03091512,0.001055014,4.288326022,2.210218873,0.167862842,0.00840308,0.03914549,0.025581578,5.0,2.0,1.0,1.0,,4.101085912,,,0.015862633,0.000490597,5.285354223,7.101261617,0.053584771,0.001090508,0.212913106,0.03492961,0.247842717,0.097940029,0.019560582,0.117500611,0.117500611,13.17647059,Israel Abanikanda,SF,FA,0,4429202,,FA,,{},"['RB', 'RB/WR', 'RB/WR/TE', 'OP', 'BE', 'IR']",,,,,,,,,,,,,,,,,,,,,,,,,,,,,,,,,,,,,,,,,,,,,,,,,,,,,,,,,,,,,,,,,,,,,,,,,,,,,,,,,,,,,,,,,,,,,,,,,,,,,,,,,,,,,,,,,,,,,,,,,,,,,,,,,,,,,,,,,,,,,,,,,,,,,,,,,,,,,,,,,,,,,,,,,,,,,,,,,,,,,,,,,,,,,,,,,,,,,,,,,,,,,,,,,,,,,,,,,,,,,,,,,,,,,,,,,,,,,,,,,,2024,,,,,,,,,,,,,,,,,,,,,,,,,,,,,,,,,,7.699880522,0.72442919,,
0.0,0.0,0.0,0.0,,,,,,,,,,,,,,,,,,,,,,,,,,,,,,,,,,,,,,,,,,,,,,,,,,,,,,,,,,,,,,,,,,,,,,,,,,,,,,,,,,,,,Elijah Mitchell,KC,FA,0,4241555,,FA,,{},"['RB', 'RB/WR', 'RB/WR/TE', 'OP', 'BE', 'IR']",,,,,,,,,,,,,,,,,,,,,,,,,,,,,,,,,,,,,,,,,,,,,,,,,,,,,,,,,,,,,,,,,,,,,,,,,,,,,,,,,,,,,,,,,,,,,,,,,,,,,,,,,,,,,,,,,,,,,,,,,,,,,,,,,,,,,,,,,,,,,,,,,,,,,,,,,,,,,,,,,,,,,,,,,,,,,,,,,,,,,,,,,,,,,,,,,,,,,,,,,,,,,,,,,,,,,,,,,,,,,,,,,,,,,,,,,,,,,,,,,,2024,,,,,,,,,,,,,,,,,,,,,,,,,,,,,,,,,,,,,
90.0,9.0,127.95,14.22,19.0,5.8,,10.0,3.0,1.0,,,,,,,,,,3.05263158,,,,,,,,,,,,,2.0,6.0,1.0,4.0,14.0,,,2.0,8.0,54.0,,,10.0,27.297263,11.12612715,1.583174358,0.07620427,20.0,10.0,5.0,4.0,2.0,5.0,2.0,0.051465,0.0360255,0.048321903,0.001649041,3.668321778,,,,,,,,,,,,,,,,,,0.635812872,0.024165621,0.414830713,,5.492186504,0.190822128,,2.627952908,9.325845856,9.0,Gardner Minshew,KC,FA,35,4038524,,FA,,{},"['QB', 'OP', 'BE', 'IR']",,,,,,,,,,,,,,,,,,,,,,306.0,203.0,103.0,201.3,9.0,398.0,197.0,95.0,77.0,36.0,16.0,38.0,17.0,17.0,5.0,1.0,1.0,,1.0,10.0,0.66339869,29.0,4.0,3.0,3.0,1.0,1.0,311.0493132,198.0134643,113.0358489,239.8673853,9.922561663,431.0,215.0,107.0,86.0,43.0,21.0,39.0,19.0,1.756754038,1.148038764,1.73419242,0.234243925,0.559608602,6.697892948,0.636598301,23.05785913,5.077355792,2.43713078,,,,,,,,,,,,,,,,,,,,,,,,,,,,,,,,,,,,,,,,,,,,,,,,,,,,,,,,,,,,,,,,,,,,,,,,,,,,,,,,,,,,,,,,,,,,,,,,,,,,,,,,,,,,,,,,,,,,,,,,,,,,,,,3.0,,,,,,,,,,,,,,,,,,,,,,,,,,,,,,,,,,,,,,,,,,,,2024,,,106.0,5.0,,,,,,,,,,,,,,,,,,,,,,,,,,,,,,7.316686113,,104.3226215,
98.0,5.76,43.59,2.91,3.0,-0.23529412,,,,,,,,,,,,,,-1.33333333,28.0,24.35294118,6.0,79.0,36.0,14.0,12.0,4.0,1.0,42.0,106.0,14.78571429,,1.0,,1.0,1.0,1.0,1.0,14.0,3.0,36.0,,1.0,17.0,,,,,,,,,,,,,,,,,14.45441474,0.898160205,0.0464001,0.118208818,0.077249462,43.0,21.0,10.0,8.0,4.0,17.43550791,,,0.082303615,0.002545473,30.4907571,12.53285775,0.0464001,0.001534325,,0.348710158,0.348710158,,0.195277689,0.195277689,0.195277689,15.11764706,Jalen Nailor,MIN,FA,77,4382466,,FA,,{},"['RB/WR', 'WR', 'WR/TE', 'RB/WR/TE', 'OP', 'BE', 'IR']",,,,,,,,,,,,0.00855,,13.8,,,1.0,,,3.0,1.0,,,,,,,,,,,,,,,,,,,,,,,,,,,,,,,,,,,,,,,,,,,,,,,,,,,,,1.0,,,,1.0,,,,,,,,,,,,,,,,,,,,,,,,,,,,,,,,,,,,,,,,,,,,,,,,,,,,,,,,,,,,,,,,,,,,,,,,,,,,,,,,,,,,,,,,,,,,,,,,,,,,,,,,,,,,,,,,,,,,,,,,,,,,,,,,,,,,,,,,,,,,,,,,,,,,,,,,,,,,,,,,,,,,2024,,,,1.0,22.0,,,,,,,,,,,,,,,,,,,,,,,,,,,,,,9.217523393,,
78.0,4.59,26.85,1.79,1.0,,,,,,,,,,,,,,,,32.0,20.64705882,3.0,64.0,28.0,10.0,7.0,1.0,2.0,57.0,60.0,10.96875,,,,,,4.0,5.0,5.0,12.0,18.0,,,17.0,,,,,,,,,,,,,,,,,8.241072898,0.625994831,0.033160478,0.15819109,0.103377877,24.0,12.0,6.0,4.0,2.0,10.69793306,,,0.05080062,0.001571153,16.20752045,11.64576659,0.033160478,0.000941418,,0.213958661,0.213958661,,0.11981685,0.11981685,0.11981685,15.11764706,David Moore,CAR,FA,89,4212909,,FA,,{},"['RB/WR', 'WR', 'WR/TE', 'RB/WR/TE', 'OP', 'BE', 'IR']",,,,,,,,,,,0.086446597,0.00684,283.6528955,13.0,28.0,11.0,1.0,,,2.0,,,,,,,,,,,,,,,,,,,,,,,,,,,,,,,,,,,,,,,,,,,,,,,,,,,,,,1.0,1.0,,,,,,,,,,,,,,,,,,,,,,,,,,,,,,,,,,,,,,,,,,,,,,,,,,,,,,,,,13.0,,,,,,,,,,,,,,,,,,,,,,,,,,,,,,,,,,,,,,,,,,,,,,,,,,,,,,,,,,,,,,,,,,,,,,,,,,,,,,,,,,,,,,,,,,,,,,,,,,,,,,,,,,,,,,2024,,,,,18.0,,,,,,,,,,,,,,,,,,,,,,,,,,,,,,4.98026366,,
12.0,0.71,74.06,4.94,,,,,,,,,,,,,,,,,5.0,1.64705882,1.0,4.0,1.0,,,,,5.0,19.0,5.6,,,,,,2.0,2.0,12.0,5.0,6.0,,,17.0,,,,,,,,,,,,,,,,,21.32900834,1.680583006,0.092197785,0.098133891,0.064130498,64.0,32.0,16.0,12.0,6.0,32.1996334,,,0.142546203,0.004408645,47.00841836,10.01391588,0.092197785,0.001629531,,0.370347856,0.370347856,,0.2073948,0.2073948,0.2073948,15.11764706,Ben Sinnott,WSH,FA,78,4690923,,FA,,{},"['Rookie', 'WR/TE', 'TE', 'RB/WR/TE', 'OP', 'BE', 'IR']",,,,,,,,,,,,,,,,,,,,1.0,,,,,,,,,,,,,,,,,,,,,,,,,,,,,,,,,,,,,,,,,,,,,,,,,,,,,,,,,,,,,,,,,,,,,,,,,,,,,,,,,,,,,,,,,,,,,,,,,,,,,,,,,,,,,,,,,,,,,,,,,,,,,,,,,,,,,,,,,,,,,,,,,,,,,,,,,,,,,,,,,,,,,,,,,,,,,,,,,,,,,,,,,,,,,,,,,,,,,,,,,,,,,,,,,,,,,,,,,,,,,,2024,,,,,2.0,,,,,,,,,,,,,,,,,,,,,,,,,,,,,,15.76861713,,
5.0,1.67,0.0,0.0,3.0,1.33333333,,1.0,,,,,,,,,,,,1.33333333,,,,,,,,,,,,,,2.0,,1.0,3.0,1.0,1.0,2.0,1.0,6.0,,,3.0,,,,,,,,,,,,,,,,,,,,,,,,,,,,,,,,,,,,,,,,,,,,Brandon Allen,TEN,FA,64,2574511,,FA,,{},"['QB', 'OP', 'BE', 'IR']",,,,,,,,,,,,,,,,,,,,,,30.0,17.0,13.0,66.33333333,1.0,39.0,19.0,9.0,7.0,3.0,1.0,3.0,1.0,2.0,1.0,,,,,2.0,0.56666667,2.0,2.0,1.0,,,,,,,,,,,,,,,,,,,,,,,,,,,,,,,,,,,,,,,,,,,,,,,,,,,,,,,,,,,,,,,,,,,,,,,,,,,,,,,,,,,,,,,,,,,,,,,,,,,,,,,,,,,,,,,,,,,,,,,,,,,,,,,,,,,,,,,,,,,,,,,,,,,,,,,,,1.0,,,,,,,,,,,,,,,,,,,,,,,,,,,,,,,,,,,,,,,,,,,,2024,,,8.0,,,,,,,,,,,,,,,,,,,,,,,,,,,,,,,,,,
48.0,3.43,32.71,2.34,5.0,1.78571429,1.0,5.0,1.0,,,,,,,,,,,5.0,26.0,15.92857143,,40.0,17.0,7.0,5.0,1.0,1.0,36.0,123.0,8.57692308,,1.0,,1.0,1.0,1.0,1.0,7.0,7.0,6.0,,,14.0,1.937340052,0.840242952,0.098117016,0.004380375,2.0,1.0,,,,,,0.003556893,0.002489825,0.000301128,1.02764e-05,6.122958864,10.13777335,0.86682636,0.045364034,0.143732445,0.093929153,28.0,14.0,7.0,5.0,2.0,11.8099932,,,0.056287764,0.001740859,18.76358032,12.11867812,0.049744409,0.000642682,0.020584049,0.125480027,0.146064077,0.009468663,0.070268815,0.079737478,0.079737478,14.11764706,Malik Washington,MIA,FA,114,4569603,,FA,,{},"['Rookie', 'RB/WR', 'WR', 'WR/TE', 'RB/WR/TE', 'OP', 'BE', 'IR']",,,,,,,,430.0,41.0,14.0,0.0189563,0.008075,62.20036019,13.03333333,6.0,2.0,1.0,,,,,,,,,,,,,,,,,,,,,,,,,,,,,,,,,,,,,,,,,,,,,,,,,,,,,,,,,,,1.0,,,,,,,,,,,,,,,,,,,,,,,,,,,,,,,,,,,,,,,,,,,,,,,,,,,,,,,,134.0,11.0,1.0,,,,,,,,,,,,,,,,,,,,,,,,,,,,,,,,,,,,,,,,,,,,,,,,,,,,,,,,,,,,,,,,,,,,,,,,,,,,,,,,,,,,,,,,,,,,,,,,,,,,,,,,,,,,2024,,,,1.0,13.0,,,,,,,,,,,,,,,,,,,,,,,,,,,,,2.541486786,5.910995342,,
57.0,3.8,8.88,0.63,,,,,,,,,,,,,,,,,26.0,19.4,1.0,56.0,25.0,10.0,8.0,2.0,1.0,41.0,183.0,11.19230769,,,,,,1.0,1.0,8.0,7.0,6.0,,,15.0,,,,,,,,,,,,,,,,,2.842697286,0.241638772,0.012938011,0.120587455,0.078803902,8.0,4.0,2.0,1.0,,3.467522092,,,0.020938101,0.00064757,5.494328747,11.57373938,0.012938011,0.000245235,,0.055735296,0.055735296,,0.031211766,0.031211766,0.031211766,14.11764706,Tyler Johnson,LAR,FA,105,2310331,,FA,,{},"['RB/WR', 'WR', 'WR/TE', 'RB/WR/TE', 'OP', 'BE', 'IR']",,,,,,,,,,,,,,,,,,,,1.0,,,,,,,,,,,,,,,,,,,,,,,,,,,,,,,,,,,,,,,,,,,,,,,,,,,,,,,,,,,,,,,,,,,,,,,,,,,,,,,,,,,,,,,,,,,,,,,,,,,,,,,,,,,,,,,,,,,,,,,,,,,,,,,,,,,,,,,,,,,,,,,,,,,,,,,,,,,,,,,,,,,,,,,,,,,,,,,,,,,,,,,,,,,,,,,,,,,,,,,,,,,,,,,,,,,,,,,,,,,,,,2024,,,,,10.0,,,,,,,,,,,,,,,,,,,,,,,,,,,,,,0.913780906,,
32.0,2.46,47.34,3.38,32.0,10.38461538,,22.0,10.0,3.0,2.0,,,1.0,,,,,,4.21875,12.0,6.15384615,1.0,15.0,6.0,1.0,1.0,,,14.0,56.0,6.66666667,1.0,1.0,1.0,1.0,1.0,,,7.0,6.0,6.0,,,13.0,37.07748964,11.03683701,1.189689958,0.055956711,31.0,15.0,7.0,6.0,3.0,7.0,3.0,0.069465775,0.048626042,0.067043991,0.002287954,4.219902608,5.7706844,0.508737003,0.02926181,0.043949353,0.028720902,16.0,8.0,4.0,3.0,1.0,10.9379833,,,0.036821658,0.001138814,14.33524938,7.479252385,0.085218521,0.002081898,0.365372467,0.107786098,0.473158565,0.168071335,0.060360215,0.22843155,0.22843155,14.17647059,Cordarrelle Patterson,PIT,FA,76,15807,,FA,,{},"['RB', 'RB/WR', 'RB/WR/TE', 'OP', 'BE', 'IR']",,,,,,,,240.0,22.0,6.0,0.581318239,,1437.02138,,143.0,57.0,,,,,,,,,,,,,,,,,,,,,,,,,,,,1.0,,,,,,,,,,,,,,,,,,,,,,,,,,,,,,1.0,,,,,,,,,,,,,,,,,,,,,,,,,,,,,,,,,,,,,,,,,,,,,,,,,,,,,,,,,,,,,,,,,,,,,,,,,,,,,,,,,,,,,,,,,,,,,,,,,,,,,,,,,,,,,,,,,,,,,,,,,,,,1.0,,,,,,,,,,,,,,,,,,,,,,,,,,,,,,,,,,,,,,,,,,,,2024,,,,7.0,5.0,,,,,,,,,,,,,,,,,,,,,,,,,,,,,10.37263641,3.875019461,,
54.0,9.0,27.54,6.88,11.0,5.66666667,,5.0,2.0,1.0,,,,,,,,,,3.09090909,,,,,,,,,,,,,,2.0,,,6.0,,,1.0,5.0,42.0,,,6.0,5.443506918,4.949860989,0.172625943,0.008857186,3.0,1.0,,,,1.0,,0.010234188,0.007163932,0.008458837,0.000288668,3.637258894,,,,,,,,,,,,,,,,,,0.147866111,0.003372684,0.051864217,,0.766519042,0.02385754,,0.366891856,2.146895461,4.0,Andy Dalton,CAR,FA,43,14012,,FA,,{},"['QB', 'OP', 'BE', 'IR']",,,,,,,,,,,,,,,,,,,,,,160.0,106.0,54.0,164.83333333,7.0,196.0,97.0,47.0,36.0,17.0,8.0,20.0,8.0,10.0,4.0,,,1.0,,6.0,0.6625,7.0,2.0,4.0,1.0,1.0,1.0,70.07020555,45.05118691,25.01901864,120.4676112,2.619913275,96.0,48.0,24.0,19.0,9.0,4.0,9.0,4.0,0.393113313,0.25689955,0.38822313,0.052438766,0.139008925,1.780003605,0.642943553,4.937742214,0.714654825,0.343034316,,,,,,,,,,,,,,,,,,,,,,,,,,,,,,,,,,,,,,,,,,,,,,,,,,,,,,,,,,,,,,,,,,,,,,,,,,,,,,,,,,,,,,,,,,,,,,,,,,,,,,,,,,,,,,,,,,,,,,,,,,,,,,,,,,,,,,,,,,,,,,,,,,,,,,,,,,,,,,,,,,,,,,,,,,,2024,,,50.0,2.0,,,,,,,,,,,,,,,,,,,,,,,,,,,,,,1.371701426,,23.68142193,
36.0,4.0,113.27,7.55,,,,,,,,,,,,,,,,,13.0,21.55555556,1.0,37.0,17.0,7.0,5.0,1.0,1.0,24.0,35.0,14.92307692,,,,,,1.0,1.0,4.0,5.0,6.0,,,9.0,,,,,,,,,,,,,,,,,33.42326986,3.670726553,0.201824774,0.135476999,0.088534219,101.0,50.0,25.0,20.0,10.0,41.6920474,,,0.396496219,0.01226277,68.24320437,12.11936637,0.201824774,0.003418105,,0.776842104,0.776842104,,0.435031578,0.435031578,0.435031578,15.11764706,Josh Reynolds,None,FA,118,3115306,,FA,,{},"['RB/WR', 'WR', 'WR/TE', 'RB/WR/TE', 'OP', 'BE', 'IR']",,,,,,,,,,,,,,,,,,,,1.0,,,,,,,,,,,,,,,,,,,,,,,,,,,,,,,,,,,,,,,,,,,,,,,,,,,,,,,,,,,,,,,,,,,,,,,,,,,,,,,,,,,,,,,,,,,,,,,,,,,,,,,,,,,,,,,,,,,,,,,,,,,,,,,,,,,,,,,,,,,,,,,,,,,,,,,,,,,,,,,,,,,,,,,,,,,,,,,,,,,,,,,,,,,,,,,,,,,,,,,,,,,,,,,,,,,,,,,,,,,,,,2024,,,,,8.0,,,,,,,,,,,,,,,,,,,,,,,,,,,,,,23.78797324,,
14.0,0.88,25.36,1.81,30.0,5.125,,15.0,7.0,2.0,2.0,,,4.0,1.0,,,,,2.73333333,4.0,2.1875,,7.0,3.0,1.0,1.0,,,4.0,28.0,8.75,,,,,,5.0,6.0,13.0,3.0,,,,16.0,33.72355202,10.23947958,0.788987485,0.030009243,29.0,14.0,7.0,5.0,2.0,6.0,3.0,0.063012719,0.044108904,0.055283682,0.00188662,4.304400704,1.905784358,0.15855531,0.009397012,0.038143719,0.024926921,5.0,2.0,1.0,1.0,,3.837828978,,,0.014841688,0.000459021,4.973148243,7.039734198,0.039406256,0.001355539,0.276599415,0.031477741,0.308077156,0.127235731,0.017627535,0.144863266,0.144863266,14.17647059,Will Shipley,PHI,FA,103,4431545,,FA,,{},"['Rookie', 'RB', 'RB/WR', 'RB/WR/TE', 'OP', 'BE', 'IR']",,,,,,,,173.0,15.0,5.0,0.007236255,,23.74396127,,2.0,,,,,,,,,,,,,,,,,,,,,,,,,,,,,,,,,,,,,,,,,,,,,,,,,,,,,,,,,,,,1.0,,,,,,,,,,,,,,,,,,,,,,,,,,,,,,,,,,,,,,,,,,,,,,,,,,,,,,,,,,,,,,,,,,,,,,,,,,,,,,,,,,,,,,,,,,,,,,,,,,,,,,,,,,,,,,,,,,,,,,,,,,,,,,,,,,,,,,,,,,,,,,,,,,,,,,,,,,,,,,,,,,,,,,,2024,,,,2.0,2.0,,,,,,,,,,,,,,,,,,,,,,,,,,,,,9.610357801,0.602554398,,
3.0,1.5,0.0,0.0,8.0,10.0,,3.0,1.0,,,,,1.0,,,,,,2.5,1.0,5.0,,2.0,1.0,,,,,1.0,7.0,10.0,,,,,,,,,2.0,,,,2.0,,,,,,,,,,,,,,,,,,,,,,,,,,,,,,,,,,,,,,,,,,,,Dalvin Cook,None,FA,121,3116593,,FA,,{},"['RB', 'RB/WR', 'RB/WR/TE', 'OP', 'BE', 'IR']",,,,,,,,,,,,,,,,,,,,,,,,,,,,,,,,,,,,,,,,,,,,,,,,,,,,,,,,,,,,,,,,,,,,,,,,,,,,,,,,,,,,,,,,,,,,,,,,,,,,,,,,,,,,,,,,,,,,,,,,,,,,,,,,,,,,,,,,,,,,,,,,,,,,,,,,,,,,,,,,,,,,,,,,,,,,,,,,,,,,,,,,,,,,,,,,,,,,,,,,,,,,,,,,,,,,,,,,,,,,,,,,,,,,,,,,,,,,,,,,,,2024,,,,,1.0,,,,,,,,,,,,,,,,,,,,,,,,,,,,,,,,
113.0,6.65,122.19,7.19,,,,,,,,,,,,,,,,,,,,,,,,,,,,,,,,,,,,4.0,13.0,103.0,,,17.0,,,,,,,,,,,,,,,,,,,,,,,,,,,,,,,,,,,,,,,,,,,17.0,Joey Slye,NE,FA,20,3124084,,FA,,{},"['K', 'BE', 'IR']",,,,,,,,,,,,,,,,,,,,,,,,,,,,,,,,,,,,,,,,,,,,,,,,,,,,,,,,,,,,,,,,,,,,,,,,,,,,,,,6.0,9.0,5.0,7.0,2.0,15.0,17.0,2.0,26.0,33.0,7.0,25.0,26.0,1.0,5.0,7.0,4.459013059,6.643682838,2.184669779,7.247225399,9.241954839,1.99472944,16.10549576,17.00388132,0.898385566,27.81173422,32.889519,5.077784786,27.67135204,29.49516011,1.823808068,4.459013059,6.643682838,2.184669779,,,,,,,,,,,,,,,,,,,,,,,,,,,,,,,,,,,,,,,,,,,,,,,,,,,,,,,,,,,,,,,,,,,,,,,,,,,,,,,,,,,,,,,3.0,2.0,2.0,1.0,,,,,,,,,,,,,1.0,,,,,,,,,,,,,,,,,,,,,,,,,,,2024,,,,,,1003.0,328.0,1331.0,195.0,95.0,44.0,34.0,14.0,5.0,63.0,30.0,13.0,10.0,3.0,260.0,127.0,61.0,46.0,20.0,9.0,,,1050.076721,234.6865599,1284.763281,,,,,,,
66.0,4.12,49.61,3.31,,,,,,,,,,,,,,,,,33.0,21.375,1.0,63.0,27.0,12.0,8.0,2.0,2.0,43.0,185.0,10.36363636,,1.0,,,,,,5.0,11.0,6.0,,,16.0,,,,,,,,,,,,,,,,,14.1715458,1.280510684,0.067890693,0.11971281,0.078232321,42.0,21.0,10.0,8.0,4.0,21.06008887,,,0.08212458,0.002539935,29.81956997,10.17281689,0.067890693,0.00106579,,0.24222508,0.24222508,,0.135646045,0.135646045,0.135646045,15.11764706,Ja'Tavion Sanders,CAR,FA,36,4431588,,FA,,{},"['Rookie', 'WR/TE', 'TE', 'RB/WR/TE', 'OP', 'BE', 'IR']",,,,,,1.0,,,,,,,,,,,,,,1.0,,,,,,,,,,,,,,,,,,,,,,,,,,,,,,,,,,,,,,,,,,,,,,,,,,,,,,,,,,,,,,,,,,,,,,,,,,,,,,,,,,,,,,,,,,,,,,,,,,,,,,,,,,,,,,,,,,,,,,,,,,,,,,,,,,,,,,,,,,,,,,,,,,,,,,,,,,,,,,,,,,,,,,,,,,,,,,,,,,,,,,,,,,,,,,,,,,,,,,,,,,,,,,,,,,,,,,,,,,,,,,2024,,,,,13.0,,,,,,,,,,,,,,,,,,,,,,,,,,,,,,10.08211005,,
32.0,1.88,38.45,2.56,,,,,,,,,,,,,,,,,13.0,5.88235294,2.0,16.0,7.0,2.0,1.0,,,16.0,75.0,7.69230769,,,,,,,,15.0,2.0,12.0,,,17.0,,,,,,,,,,,,,,,,,10.26230497,1.250730937,0.075329964,0.10652184,0.069612022,31.0,15.0,7.0,6.0,3.0,15.99261932,,,0.059938794,0.001853777,22.16817975,9.700843959,0.075329964,0.000805878,,0.183154111,0.183154111,,0.102566302,0.102566302,0.102566302,15.11764706,Brock Wright,DET,FA,55,4242392,,FA,,{},"['WR/TE', 'TE', 'RB/WR/TE', 'OP', 'BE', 'IR']",,,,,,,,,,,,,,,,,,,,2.0,,,,,,,,,,,,,,,,,,,,,,,,,,,,,,,,,,,,,,,,,,,,,,,,,,,,,,,,,,,,,,,,,,,,,,,,,,,,,,,,,,,,,,,,,,,,,,,,,,,,,,,,,,,,,,,,,,,,,,,,,,,,,,,,,,,,,,,,,,,,,,,,,,,,,,,,,,,,,,,,,,,,,,,,,,,,,,,,,,,,,,,,,,,,,,,,,,,,,,,,,,,,,,,,,,,,,,,,,,,,,,2024,,,,,7.0,,,,,,,,,,,,,,,,,,,,,,,,,,,,,,7.285183756,,
49.0,2.88,29.64,2.12,30.0,6.58823529,,20.0,8.0,2.0,2.0,,,3.0,1.0,,,,,3.73333333,19.0,11.64705882,1.0,37.0,16.0,7.0,5.0,1.0,1.0,28.0,168.0,10.42105263,,,,,,3.0,6.0,10.0,7.0,6.0,,,17.0,19.96259098,5.712946403,0.46897392,0.029291994,16.0,8.0,4.0,3.0,1.0,3.0,1.0,0.037008209,0.025905747,0.016432477,0.000560777,4.057059364,5.267315897,0.314220045,0.014879332,0.035116402,0.022948569,14.0,7.0,3.0,2.0,1.0,10.1003761,,,0.034897694,0.00107931,14.58465968,7.392986968,0.044171326,0.00115104,0.173709256,0.087890836,0.261600093,0.079906258,0.049218868,0.129125126,0.129125126,14.17647059,Dare Ogunbowale,HOU,FA,64,2983509,,FA,,{},"['RB', 'RB/WR', 'RB/WR/TE', 'OP', 'BE', 'IR']",,,,,,,,12.0,1.0,,,,,,,,,,,1.0,,,,,,,,,,,,,,,,,,,,,,,,,,,,,,,,,,,,,,,,,,,,,,,,,,,,,,,3.0,,,1.0,,,,,,,,,,,,,,,,,,,,,,,,,,,,,,,,,,,,,,,,,,,,,,,,,,,,,,,,,,,,,,,,,,,,,,,,,,,,,,,,,,,,,,,,,,,,,,,,,,,,,,,,,,,,,,,,,,,,,,,,,,,,,,,,,,,,,,,,,,,,,,,,,,,,,,,,,,,,,,,,,,,,2024,,,,5.0,8.0,,,,,,,,,,,,,,,,,,,,,,,,,,,,,6.369035314,3.34014755,,
54.0,4.5,81.9,5.46,2.0,0.0,,2.0,1.0,,,,,,,,,,,0.0,17.0,17.91666667,2.0,39.0,18.0,6.0,5.0,1.0,,22.0,137.0,12.64705882,,,,,,,,11.0,1.0,18.0,,,12.0,4.485934292,1.978272083,0.199839996,0.008372337,5.0,2.0,1.0,1.0,,,,0.008246905,0.005772834,0.002097366,7.1575e-05,6.666798307,23.76785164,1.780189944,0.107191554,0.191667552,0.125254745,71.0,35.0,17.0,14.0,7.0,32.45321526,,,0.176340176,0.00545382,44.66592161,11.07175328,0.115563891,0.003250645,0.089718686,0.649064305,0.738782991,0.041270595,0.363476011,0.404746606,0.404746606,15.11764706,Kalif Raymond,DET,FA,107,2973405,,FA,,{},"['RB/WR', 'WR', 'WR/TE', 'RB/WR/TE', 'OP', 'BE', 'IR']",,,,,,,,26.0,2.0,1.0,,0.18696,,313.785,,,31.0,12.0,,1.0,1.0,,,,,,,,,,,,,,,,,,,,,,,,,,,,,,,,,,,,,,,,,,,,,,,,,,,,,,,,,,,,,,,,,,,,,,,,,,,,,,,,,,,,,,,,,,,,,,,,,,,,,,,,1.0,,1.0,,,,,413.0,38.0,11.0,,,,,,,,,,,,,,,,,,,,,,,,,,,,,,,,,,,,,,,,,,,,,,,,,,,,,,,,,,,,,,,,,,,,,,,,,,,,,,,,,,,,,,,,,,,,,,,,,,,,,,,,,,,,2024,,,,1.0,10.0,,,,,,,,,,,,,,,,,,,,,,,,,,,,,3.503318968,16.88386582,,
79.0,4.65,74.14,4.94,5.0,1.82352941,,4.0,,,,,,,,,,,,6.2,37.0,20.11764706,3.0,64.0,26.0,10.0,7.0,1.0,1.0,50.0,294.0,9.24324324,1.0,3.0,,1.0,1.0,,,8.0,9.0,18.0,,,17.0,4.08821576,1.694736353,0.16577411,0.011362401,5.0,2.0,1.0,1.0,,,,0.007514143,0.0052599,0.001517333,5.17808e-05,6.266896746,22.02867343,1.232427483,0.116494805,0.130914217,0.085552441,66.0,33.0,16.0,13.0,6.0,29.86314393,,,0.211770684,0.006549609,44.98864167,11.15159579,0.127857206,0.00298772,0.081764315,0.597262879,0.679027194,0.037611585,0.334467212,0.372078797,0.372078797,15.11764706,Greg Dortch,ARI,FA,87,4037235,,FA,,{},"['RB/WR', 'WR', 'WR/TE', 'RB/WR/TE', 'OP', 'BE', 'IR']",,,,,,1.0,1.0,186.0,14.0,6.0,0.131047284,0.09576,536.8068655,169.016129,53.0,21.0,16.0,6.0,,2.0,1.0,,,,,,,,,,,,,,,,,,,,,,,1.0,,,,,,,,,,,,,,,,,,,,,,,,,,,,,,,,,,,,,,,,,,,,,,,,,,,,,,,,,,,,,,,,,,,,,,,,,,,,,,,,,,,,,,,,202.0,17.0,3.0,,,,,,,,,,,,,,,,,,,,,,,,,,,,,,,,,,,,,,,,,,,,,,,,,,,,,,,,,,,,,,,,,,,,,,,,,,,,,,,,,,,,,,,,,,,,,,,,,,,,,,,,,,,,2024,,,,1.0,16.0,,,,,,,,,,,,,,,,,,,,,,,,,,,,,3.309028683,15.34447652,,
28.0,1.65,84.34,5.62,2.0,0.29411765,,,,,,,,,,,,,,2.5,17.0,9.82352941,,29.0,13.0,5.0,2.0,,,42.0,67.0,9.82352941,1.0,1.0,1.0,1.0,1.0,1.0,1.0,6.0,11.0,,,,17.0,,,,,,,,,,,,,,,,,27.78926395,1.779758695,0.094302701,0.142569333,0.093169059,84.0,42.0,21.0,16.0,8.0,32.17975088,,,0.251624777,0.00778221,56.07921035,13.05505086,0.094302701,0.002831818,,0.643595018,0.643595018,,0.36041321,0.36041321,0.36041321,15.11764706,Jonathan Mingo,DAL,FA,130,4426485,,FA,,{},"['RB/WR', 'WR', 'WR/TE', 'RB/WR/TE', 'OP', 'BE', 'IR']",,,,,,,,,,,,,,,,,,,,,,,,,,,,,,,,,,,,,,,,,,,,,,,,,,,,,,,,,,,,,,,,,,,,,,,,,,,,,,,,,,,,,,,,,,,,,,,,,,,,,,,,,,,,,,,,,,,,,,,,,,,,,,,,,,,,,,,,,,,,,,,,,,,,,,,,,,,,,,,,,,,,,,,,,,,,,,,,,,,,,,,,,,,,,,,,,,,,,,,,,,,,,,,,,,,,,,,,,,,,,,,,,,,,,,,,,,,,,,,,,,2024,,,,,6.0,,,,,,,,,,,,,,,,,,,,,,,,,,,,,,18.49782607,,
61.0,8.71,28.56,7.14,18.0,20.85714286,,27.0,12.0,5.0,4.0,,,2.0,,,,,,8.11111111,,,,,,,,,,,,,1.0,5.0,,3.0,8.0,,,,7.0,24.0,,,7.0,5.513341059,6.091253627,0.188304246,0.010820991,4.0,2.0,1.0,,,1.0,,0.010368743,0.00725812,0.01284274,0.000438273,4.419283017,,,,,,,,,,,,,,,,,,0.150528382,0.004539064,0.073963369,,1.031605389,0.03402315,,0.493691319,2.045797454,4.0,Spencer Rattler,NO,FA,41,4426339,,FA,,{},"['Rookie', 'QB', 'OP', 'BE', 'IR']",,,,,,,,,,,,,,,,,,,,,,228.0,130.0,98.0,188.14285714,4.0,261.0,129.0,62.0,49.0,23.0,10.0,25.0,11.0,18.0,7.0,,,,,5.0,0.57017544,22.0,4.0,2.0,1.0,,1.0,66.56545735,43.66350763,22.90194972,118.3592284,2.798410082,94.0,47.0,23.0,18.0,9.0,4.0,8.0,4.0,0.380745634,0.248817272,0.365372769,0.049352281,0.139707391,1.552106135,0.655948436,4.818622699,0.95764202,0.459668169,,,,,,,,,,,,,,,,,,,,,,,,,,,,,,,,,,,,,,,,,,,,,,,,,,,,,,,,,,,,,,,,,,,,,,,,,,,,,,,,,,,,,,,,,,,,,,,,,,,,,,,,,,,,,,,,,,,,,,,,,,,,,,,3.0,,,,,,,,,,,,,,,,,,,,,,,,,,,,,,,,,,,,,,,,,,,,2024,,,62.0,7.0,,,,,,,,,,,,,,,,,,,,,,,,,,,,,,1.541790226,,23.1973746,
60.0,8.57,0.0,0.0,,,,,,,,,,,,,,,,,,,,,,,,,,,,,,,,,,,,2.0,5.0,51.0,,,7.0,,,,,,,,,,,,,,,,,,,,,,,,,,,,,,,,,,,,,,,,,,,,Anders Carlson,NYJ,FA,32,4242519,,FA,,{},"['K', 'BE', 'IR']",,,,,,,,,,,,,,,,,,,,,,,,,,,,,,,,,,,,,,,,,,,,,,,,,,,,,,,,,,,,,,,,,,,,,,,,,,,,,,,3.0,3.0,5.0,7.0,2.0,5.0,5.0,,13.0,15.0,2.0,12.0,15.0,3.0,3.0,3.0,,,,,,,,,,,,,,,,,,,1.0,,,,,,,,,,,,,,,,,,,,,,,,,,,,,,,,,,,,,,,,,,,,,,,,,,,,,,,,,,,,,,,,,,,,,,,,,,,,,,,,,,,,,,,,,,,,,,,,,,,,,,,,,,,,,,,,,,,,,,,,,,,,,,,,,2024,,,,,,511.0,97.0,608.0,100.0,49.0,23.0,17.0,6.0,2.0,18.0,8.0,4.0,2.0,,120.0,59.0,27.0,21.0,8.0,2.0,,,,,,,,,,,,
41.0,2.41,53.41,3.56,,,,,,,,,,,,,,,,,19.0,8.35294118,2.0,25.0,10.0,2.0,1.0,,,27.0,83.0,7.47368421,,,,,,,,14.0,3.0,12.0,,,17.0,,,,,,,,,,,,,,,,,14.73233711,1.269456783,0.065705039,0.077173843,0.050433106,44.0,22.0,11.0,8.0,4.0,23.9612071,,,0.188288684,0.005823361,34.03258465,9.294952119,0.065705039,0.00120742,,0.274413683,0.274413683,,0.153671663,0.153671663,0.153671663,15.11764706,Johnny Mundt,JAX,FA,47,3052096,,FA,,{},"['WR/TE', 'TE', 'RB/WR/TE', 'OP', 'BE', 'IR']",,,,,,,,,,,,,,,,,,,,2.0,,,,,,,,,,,,,,,,,,,,,,,,,,,,,,,,,,,,,,,,,,,,,,,,,,,,,,,,,,,,,,,,,,,,,,,,,,,,,,,,,,,,,,,,,,,,,,,,,,,,,,,,,,,,,,,,,,,,,,,,,,,,,,,,,,,,,,,,,,,,,,,,,,,,,,,,,,,,,,,,,,,,,,,,,,,,,,,,,,,,,,,,,,,,,,,,,,,,,,,,,,,,,,,,,,,,,,,,,,,,,,2024,,,,,8.0,,,,,,,,,,,,,,,,,,,,,,,,,,,,,,10.97263617,,
21.0,1.91,9.11,0.61,,,,,,,,,,,,,,,,,14.0,9.0,,18.0,7.0,2.0,1.0,,1.0,26.0,27.0,7.07142857,,,,,,,,3.0,8.0,,,,11.0,,,,,,,,,,,,,,,,,2.719955187,0.265381901,0.013273706,0.141785699,0.092656954,8.0,4.0,2.0,1.0,,3.479578237,,,0.021369266,0.000660905,5.415897273,11.8173295,0.013273706,0.000162669,,0.03697018,0.03697018,,0.020703301,0.020703301,0.020703301,15.11764706,Mason Tipton,NO,FA,137,4573697,,FA,,{},"['Rookie', 'RB/WR', 'WR', 'WR/TE', 'RB/WR/TE', 'OP', 'BE', 'IR']",,,,,,,,21.0,2.0,,,0.00855,,13.8,,,1.0,,,,,,,,,,,,,,,,,,,,,,,,,,,,,,,,,,,,,,,,,,,,,,,,,,,,,,,,,,,,,,,,,,,,,,,,,,,,,,,,,,,,,,,,,,,,,,,,,,,,,,,,,,,,,,,,,,,,,,,,,,,,,,,,,,,,,,,,,,,,,,,,,,,,,,,,,,,,,,,,,,,,,,,,,,,,,,,,,,,,,,,,,,,,,,,,,,,,,,,,,,,,,,,,,,,,,,,,,,,,,,,,,2024,,,,,2.0,,,,,,,,,,,,,,,,,,,,,,,,,,,,,,0.953458886,,
91.0,5.35,27.26,1.82,,,,,,,,,,,,,,,,,31.0,22.23529412,5.0,72.0,30.0,13.0,12.0,2.0,1.0,50.0,90.0,12.19354839,,,,,,1.0,2.0,13.0,4.0,30.0,,,17.0,,,,,,,,,,,,,,,,,8.088959649,0.897659226,0.047769362,0.129750322,0.084791835,24.0,12.0,6.0,4.0,2.0,9.961710208,,,0.050125219,0.001550265,16.72902464,12.27560675,0.047769362,0.00072604,,0.165009081,0.165009081,,0.092405085,0.092405085,0.092405085,15.11764706,Mack Hollins,NE,FA,80,2991662,,FA,,{},"['RB/WR', 'WR', 'WR/TE', 'RB/WR/TE', 'OP', 'BE', 'IR']",,,,,,,,38.0,3.0,1.0,,,,,,,,,,3.0,1.0,,,,,,,,,,,,,,,,,,,,,,,,,,,,,,,,,,,,,,,,,,,,,,,,,,,,,1.0,1.0,,,,,,,,,,,,,,,,,,,,,,,,,,,,,,,,,,,,,,1.0,,,,,,,,,,,,,,,,,,,,,,,,,,,,,,,,,,,,,,,,,,,,,,,,,,,,,,,,,,,,,,,,,,,,,,,,,,,,,,,,,,,,,,,,,,,,,,,,,,,,,,,,,,,,,,,,,,,,,,,,,,,,,,,,,2024,,,,,25.0,,,,,,,,,,,,,,,,,,,,,,,,,,,,,,4.860128208,,
12.0,0.71,55.56,3.97,14.0,1.82352941,,4.0,1.0,,,,,,,,,,,2.21428571,10.0,4.82352941,,13.0,5.0,2.0,2.0,1.0,,11.0,103.0,8.2,1.0,3.0,1.0,2.0,2.0,,,3.0,14.0,,,,17.0,53.63041779,16.02125686,1.61374135,0.078282223,45.0,22.0,11.0,9.0,4.0,10.0,5.0,0.101277562,0.070894293,0.134982467,0.004606434,4.235001069,6.253168054,0.456154669,0.025983425,0.035513431,0.023208027,17.0,8.0,4.0,3.0,1.0,13.36020684,,,0.039686939,0.001227431,17.2918044,6.63521561,0.104265648,0.002510508,0.456778922,0.113791038,0.57056996,0.210118304,0.063722981,0.273841285,0.273841285,14.17647059,Eric Gray,NYG,FA,104,4570561,,FA,,{},"['RB', 'RB/WR', 'RB/WR/TE', 'OP', 'BE', 'IR']",,,,,,,,554.0,51.0,19.0,,0.0171,,27.6,,,2.0,1.0,,,,,,,,,,,,,,,,,,,,,,,,,,,,,,,,,,,,,,,,,,,,,,,,,,,,,,,,,,,,,,,,,,,,,,,,,,,,,,,,,,,,,,,,,,,,,,,,,,,,,,,,,,,,,,,,,,,,,,,,,,,,,,,,,,,,,,,,,,,,,,,,,,,,,,,,,,,,,,,,,,,,,,,,,,,,,,,,,,,,,,,,,,,,,,,,,,,,,,,,,,,,,,,,,,,,,,,,,,,,,,,,2024,,,,1.0,3.0,,,,,,,,,,,,,,,,,,,,,,,,,,,,,14.20219997,4.526610372,,
0.0,0.0,0.0,0.0,,,,,,,,,,,,,,,,,,,,,,,,,,,,,,,,,,,,,,,,,,,,,,,,,,,,,,,,,,,,,,,,,,,,,,,,,,,,,,,,,,,,,Michael Badgley,DET,FA,0,3123052,,FA,,{},"['K', 'BE', 'IR']",,,,,,,,,,,,,,,,,,,,,,,,,,,,,,,,,,,,,,,,,,,,,,,,,,,,,,,,,,,,,,,,,,,,,,,,,,,,,,,,,,,,,,,,,,,,,,,,,,,,,,,,,,,,,,,,,,,,,,,,,,,,,,,,,,,,,,,,,,,,,,,,,,,,,,,,,,,,,,,,,,,,,,,,,,,,,,,,,,,,,,,,,,,,,,,,,,,,,,,,,,,,,,,,,,,,,,,,,,,,,,,,,,,,,,,,,,,,,,,,,,2024,,,,,,,,,,,,,,,,,,,,,,,,,,,,,,,,,,,,,
0.0,0.0,42.72,3.05,,,,,,,,,,,,,,,,,,,,,,,,,,,,,,,,,,1.0,2.0,9.0,8.0,,,,17.0,41.59395766,12.82806958,1.384095484,0.081184746,36.0,18.0,9.0,7.0,3.0,8.0,4.0,0.07805731,0.054640117,0.087221522,0.002976536,4.372191571,4.208855327,0.259104408,0.012631492,0.03548148,0.023187147,11.0,5.0,2.0,2.0,1.0,9.225349784,,,0.029230624,0.00090404,11.75340006,6.467691215,0.093816238,0.002104376,0.391446213,0.086820982,0.478267195,0.180065258,0.04861975,0.228685008,0.228685008,14.17647059,Trayveon Williams,CIN,FA,134,4035222,,FA,,{},"['RB', 'RB/WR', 'RB/WR/TE', 'OP', 'BE', 'IR']",,,,,,,,97.0,9.0,2.0,0.148812933,,671.2204449,,67.0,26.0,,,,,,,,,,,,,,,,,,,,,,,,,,,,,,,,,,,,,,,,,,,,,,,,,,,,,,,,,,,1.0,,,,,,,,,,,,,,,,,,,,,,,,,,,,,,,,,,,,,,,,,,,,,,,,,,,,,,,,,,,,,,,,,,,,,,,,,,,,,,,,,,,,,,,,,,,,,,,,,,,,,,,,,,,,,,,,,,,,,,,,,,,,,,,,,,,,,,,,,,,,,,,,,,,,,,,,,,,,,,,,,,,,,,,2024,,,,,,,,,,,,,,,,,,,,,,,,,,,,,,,,,,11.77125246,2.70437702,,
14.0,1.27,71.85,7.19,,,,,,,,,,,,,,,,,8.0,7.63636364,,14.0,6.0,2.0,1.0,,,11.0,19.0,10.5,,,,,,1.0,1.0,6.0,5.0,,,,11.0,,,,,,,,,,,,,,,,,31.00492747,1.931009669,0.182898987,0.072795383,0.047571783,65.0,32.0,16.0,13.0,6.0,28.37720199,,,0.225783002,0.006982979,47.2247741,11.5687046,0.182898987,0.001918929,,0.436120149,0.436120149,,0.244227283,0.244227283,0.244227283,10.58823529,Zay Jones,ARI,FA,149,3059722,,FA,,{},"['RB/WR', 'WR', 'WR/TE', 'RB/WR/TE', 'OP', 'BE', 'IR']",,,,,,,,,,,,,,,,,,,,,,,,,,,,,,,,,,,,,,,,,,,,,,,,,,,,,,,,,,,,,,,,,,,,,,,,,,,,,,,,,,,,,,,,,,,,,,,,,,,,,,,,,,,,,,,,,,,,,,,,,,,,,,,,,,,,,,,,,,,,,,,,,,,,,,,,,,,,,,,,,,,,,,,,,,,,,,,,,,,,,,,,,,,,,,,,,,,,,,,,,,,,,,,,,,,,,,,,,,,,,,,,,,,,,,,,,,,,,,,,,,2024,,,,,5.0,,,,,,,,,,,,,,,,,,,,,,,,,,,,,,15.49904071,,
10.0,0.59,34.8,2.68,22.0,6.0,,18.0,8.0,2.0,1.0,,,2.0,,,,,,4.63636364,2.0,0.64705882,,1.0,,,,,,3.0,14.0,5.5,,,,,,1.0,2.0,3.0,14.0,,,,17.0,30.86078331,9.868987801,0.928689285,0.053502513,26.0,13.0,6.0,5.0,2.0,6.0,3.0,0.05760854,0.040325978,0.045699168,0.001559537,4.213711175,4.620616904,0.292366935,0.014643841,0.036668981,0.023963179,12.0,6.0,3.0,2.0,1.0,8.656417426,,,0.029405972,0.000909463,11.27598701,7.033327962,0.068146354,0.001480927,0.262846271,0.073728104,0.336574375,0.120909285,0.041287738,0.162197023,0.162197023,13.17647059,Julius Chestnut,TEN,FA,107,4367567,,FA,,{},"['RB', 'RB/WR', 'RB/WR/TE', 'OP', 'BE', 'IR']",,,,,,,,337.0,32.0,10.0,,,,,,,,,,,,,,,,,,,,,,,,,,,,,,,,,,,,,,,,,,,,,,,,,,,,,,,,,,,,,,,,,1.0,,,,,,,,,,,,,,,,,,,,,,,,,,,,,,,,,,,,,,1.0,,,,,,,,,,,,,,,,,,,,,,,,,,,,,,,,,,,,,,,,,,,,,,,,,,,,,,,,,,,,,,,,,,,,,,,,,,,,,,,,,,,,,,,,,,,,,,,,,,,,,,,,,,,,,,,,,,,,,,,,,,,,,,,,,2024,,,,2.0,,,,,,,,,,,,,,,,,,,,,,,,,,,,,,8.9081277,2.689482213,,
29.0,3.22,0.0,0.0,35.0,19.22222222,2.0,32.0,15.0,6.0,5.0,2.0,,5.0,2.0,,,,,4.94285714,1.0,1.33333333,,2.0,1.0,,,,,1.0,11.0,12.0,,,,,,1.0,1.0,7.0,2.0,12.0,2.0,,9.0,,,,,,,,,,,,,,,,,,,,,,,,,,,,,,,,,,,,,,,,,,,,Chris Rodriguez Jr.,WSH,FA,78,4362619,,FA,,{},"['RB', 'RB/WR', 'RB/WR/TE', 'OP', 'BE', 'IR']",,,,,,,,,,,,,,,,,,,,,,,,,,,,,,,,,,,,,,,,,,,,,,,,,,,,,,,,,,,,,,,,,,,,,,,,,,,,,,,,,,,,,,,,,,,,,,,,,,,,,,,,,,,,,,,,,,,,,,,,,,,,,,,,,,,,,,,,,,,,,,,,,,,,,,,,,,,,,,,,,,,,,,,,,,,,,,,,,,,,,,,,,,,,,,,,,,,,,,,,,,,,,,,,,,,,,,,,,,,,,,,,,,,,,,,,,,,,,,,,,,2024,,,,10.0,1.0,,,,,,,,,,,,,,,,,,,,,,,,,,,,,,,,
25.0,8.33,69.97,7.0,,,,,,,,,,,,,,,,,8.0,22.0,2.0,12.0,5.0,2.0,1.0,,1.0,12.0,48.0,8.25,,,,,,,,2.0,1.0,12.0,,,3.0,,,,,,,,,,,,,,,,,29.22898313,1.388927206,0.074359068,0.076227394,0.049814602,63.0,31.0,15.0,12.0,6.0,30.7917837,,,0.211432649,0.006539154,45.53352272,10.38587,0.074359068,0.001218959,,0.277036219,0.277036219,,0.155140283,0.155140283,0.155140283,10.94117647,Tyler Higbee,LAR,FA,62,2573401,,FA,,{},"['WR/TE', 'TE', 'RB/WR/TE', 'OP', 'BE', 'IR']",,,,,,,,,,,,,,,,,,,,1.0,,,,,,,,,,,,,,,,,,,,,,,,,,,,,,,,,,,,,,,,,,,,,,,,,,,,,,1.0,,,,,,,,,,,,,,,,,,,,,,,,,,,,,,,,,,,,,,,,,,,,,,,,,,,,,,,,,,,,,,,,,,,,,,,,,,,,,,,,,,,,,,,,,,,,,,,,,,,,,,,,,,,,,,,,,,,,,,,,,,,,,,,,,,,,,,,,,,,,,,,,,,,,,,,,,,,,,,,,,,,,,,,,2024,,,,,5.0,,,,,,,,,,,,,,,,,,,,,,,,,,,,,,15.59367164,,
27.0,5.4,0.0,0.0,,,,,,,,,,,,,,,,,,,,,,,,,,,,,,,,,,,,2.0,3.0,28.0,,,5.0,,,,,,,,,,,,,,,,,,,,,,,,,,,,,,,,,,,,,,,,,,,,Riley Patterson,None,FA,41,4243371,,FA,,{},"['K', 'BE', 'IR']",,,,,,,,,,,,,,,,,,,,,,,,,,,,,,,,,,,,,,,,,,,,,,,,,,,,,,,,,,,,,,,,,,,,,,,,,,,,,,,1.0,3.0,,1.0,1.0,3.0,3.0,,4.0,7.0,3.0,16.0,16.0,,1.0,3.0,,,,,,,,,,,,,,,,,,,,,,,,,,,,,,,,,,,,,,,,,,,,,,,,,,,,,,,,,,,,,,,,,,,,,,,,,,,,,,,,,,,,,,,,,,,,,,,,,,,,,,,,,2.0,2.0,,,,,,,,,,,,,,,,,,,,,,,,,,,,,,,,,,,,,,,,,,2024,,,,,,159.0,151.0,310.0,30.0,14.0,6.0,5.0,1.0,,29.0,14.0,6.0,5.0,2.0,61.0,30.0,14.0,11.0,4.0,1.0,,,,,,,,,,,,
13.0,0.93,70.2,4.68,,,,,,,,,,,,,,,,,4.0,7.64285714,,20.0,9.0,4.0,2.0,,,14.0,22.0,26.75,,,,,,,,6.0,8.0,,,,14.0,,,,,,,,,,,,,,,,,21.0229249,2.015766134,0.098230927,0.149675211,0.097812751,63.0,31.0,15.0,12.0,6.0,27.22212885,,,0.13937288,0.004310501,41.99430882,11.67495608,0.098230927,0.001272623,,0.289232468,0.289232468,,0.161970182,0.161970182,0.161970182,15.11764706,Jermaine Burton,CIN,FA,152,4429033,,FA,,{},"['Rookie', 'RB/WR', 'WR', 'WR/TE', 'RB/WR/TE', 'OP', 'BE', 'IR']",,,,,,,,378.0,34.0,11.0,,,,,,,,,,,,,,,,,,,,,,,,,,,,,,,,,,,,,,,,,,,,,,,,,,,,,,,,,,,,,,,,,,,,,,,,,,,,,,,,,,,,,,,,,,,,,,,,,,,,,,,,,,,,,,,,,,,,,,,,,,,,,,,,,,,,,,,,,,,,,,,,,,,,,,,,,,,,,,,,,,,,,,,,,,,,,,,,,,,,,,,,,,,,,,,,,,,,,,,,,,,,,,,,,,,,,,,,,,,,,,,,,,,,,,,,2024,,,,,4.0,,,,,,,,,,,,,,,,,,,,,,,,,,,,,,14.64353959,,
59.0,3.47,79.26,5.28,,,,,,,,,,,,,,,,,24.0,16.23529412,2.0,51.0,23.0,9.0,6.0,1.0,,40.0,78.0,11.5,,,,,,,,10.0,7.0,12.0,,,17.0,,,,,,,,,,,,,,,,,26.65574034,1.982004509,0.114139778,0.17857698,0.116700057,80.0,40.0,20.0,16.0,8.0,27.63655129,,,0.226275223,0.006998203,50.99067215,14.58112737,0.114139778,0.001984522,,0.451027735,0.451027735,,0.252575531,0.252575531,0.252575531,15.11764706,Van Jefferson,TEN,FA,102,3930066,,FA,,{},"['RB/WR', 'WR', 'WR/TE', 'RB/WR/TE', 'OP', 'BE', 'IR']",,,,,,,,,,,,,,,,,,,,1.0,,,,,,,,,,,,,,,,,,,,,,,,,,,,,,,,,,,,,,,,,,,,,,,,,,,,,,1.0,,,,,,,,,,,,,,,,,,,,,,,,,,,,,,,,,,,,,,,,,,,,,,,,,,,,,,,,,,,,,,,,,,,,,,,,,,,,,,,,,,,,,,,,,,,,,,,,,,,,,,,,,,,,,,,,,,,,,,,,,,,,,,,,,,,,,,,,,,,,,,,,,,,,,,,,,,,,,,,,,,,,,,,,2024,,,,,12.0,,,,,,,,,,,,,,,,,,,,,,,,,,,,,,17.07243307,,
11.0,1.57,0.0,0.0,21.0,17.42857143,,22.0,10.0,4.0,2.0,,,1.0,,,,,,5.80952381,,,,,,,,,,,,,1.0,3.0,,1.0,7.0,,,1.0,6.0,,,,7.0,,,,,,,,,,,,,,,,,,,,,,,,,,,,,,,,,,,,,,,,,,,,Dorian Thompson-Robinson,PHI,FA,57,4367178,,FA,,{},"['QB', 'OP', 'BE', 'IR']",,,,,,,,,,,,,,,,,,,,,,118.0,61.0,57.0,62.85714286,,86.0,42.0,19.0,15.0,7.0,2.0,10.0,5.0,9.0,4.0,,,,,6.0,0.51694915,8.0,3.0,,,,,,,,,,,,,,,,,,,,,,,,,,,,,,,,,,,,,,,,,,,,,,,,,,,,,,,,,,,,,,,,,,,,,,,,,,,,,,,,,,,,,,,,,,,,,,,,,,,,,,,,,,,,,,,,,,,,,,,,,,,,,,,,,,,,,,,,,,,,,,,,,,,,,,,,,,1.0,,,,,,,,,,,,,,,,,,,,,,,,,,,,,,,,,,,,,,,,,,,,2024,,,20.0,9.0,,,,,,,,,,,,,,,,,,,,,,,,,,,,,,,,,
34.0,3.78,20.14,1.34,,,,,,,,,,,,,,,,,20.0,17.55555556,,29.0,14.0,5.0,3.0,,,22.0,87.0,7.9,,,,,,,,4.0,5.0,,,,9.0,,,,,,,,,,,,,,,,,5.560281428,0.601051481,0.029293176,0.103733097,0.067789579,16.0,8.0,4.0,3.0,1.0,8.581381106,,,0.038159267,0.001180184,12.09636351,9.795436323,0.029293176,0.000434279,,0.09869976,0.09869976,,0.055271866,0.055271866,0.055271866,15.11764706,Erick All Jr.,CIN,FA,51,4427834,,FA,,{},"['Rookie', 'WR/TE', 'TE', 'RB/WR/TE', 'OP', 'BE', 'IR']",,,,,,,,,,,,,,,,,,,,,,,,,,,,,,,,,,,,,,,,,,,,,,,,,,,,,,,,,,,,,,,,,,,,,,,,,,,,,,,,,,,,,,,,,,,,,,,,,,,,,,,,,,,,,,,,,,,,,,,,,,,,,,,,,,,,,,,,,,,,,,,,,,,,,,,,,,,,,,,,,,,,,,,,,,,,,,,,,,,,,,,,,,,,,,,,,,,,,,,,,,,,,,,,,,,,,,,,,,,,,,,,,,,,,,,,,,,,,,,,,,2024,,,,,8.0,,,,,,,,,,,,,,,,,,,,,,,,,,,,,,3.370049089,,
48.0,4.8,122.1,7.18,,,,,,,,,,,,,,,,,,,,,,,,,,,,,,,,,,1.0,1.0,1.0,9.0,42.0,,,10.0,,,,,,,,,,,,,,,,,,,,,,,,,,,,,,,,,,,,,,,,,,,17.0,Graham Gano,NYG,FA,35,12460,,FA,,{},"['K', 'BE', 'IR']",,,,,,,,,,,,,,,,,,,,,,,,,,,,,,,,,,,,,,,,,,,,,,,,,,,,,,,,,,,,,,,,,,,,,,,,,,,,,,,2.0,2.0,4.0,5.0,1.0,3.0,4.0,1.0,9.0,11.0,2.0,15.0,15.0,,2.0,2.0,4.475901664,6.64661812,2.170716456,7.27118036,9.246038077,1.974857718,16.15079402,17.0113939,0.860599876,27.89787605,32.9040501,5.006174049,27.19045467,28.91339262,1.722937948,4.475901664,6.64661812,2.170716456,,,,,,,,,,,,,,,,,,,,,,,,,,,,,,,,,,,,,,,,,,,,,,,,,,,,,,,,,,,,,,,,,,,,,,,,,,,,,,,,,,,,,,,,,,,,,,,,,,,,,,,,,,,,,,,,,,,,,,,,,,,,,,,,,,2024,,,,,,359.0,78.0,437.0,69.0,34.0,15.0,11.0,3.0,,15.0,7.0,3.0,2.0,,85.0,41.0,18.0,15.0,5.0,,,,1053.425627,231.9052822,1285.330909,,,,,,,
18.0,3.0,0.0,0.0,9.0,6.0,,5.0,2.0,1.0,1.0,,,1.0,,,,,,4.0,,,,,,,,,,,,,1.0,3.0,,2.0,4.0,,,,6.0,12.0,,,6.0,,,,,,,,,,,,,,,,,,,,,,,,,,,,,,,,,,,,,,,,,,,,Desmond Ridder,LV,FA,52,4239086,,FA,,{},"['QB', 'OP', 'BE', 'IR']",,,,,,,,,,,,,,,,,,,,,,85.0,52.0,33.0,76.33333333,2.0,89.0,44.0,21.0,16.0,8.0,3.0,9.0,4.0,6.0,1.0,,,,,2.0,0.61176471,10.0,2.0,1.0,,1.0,,,,,,,,,,,,,,,,,,,,,,,,,,,,,,,,,,,,,,,,,,,,,,,,,,,,,,,,,,,,,,,,,,,,,,,,,,,,,,,,,,,,,,,,,,,,,,,,,,,,,,,,,,,,,,,,,,,,,,,,,,,,,,,,,,,,,,,,,,,,,,,,,,,,,,,2.0,,,,,,,,,,,,,,,,,,,,,,,,,,,,,,,,,,,,,,,,,,,,2024,,,24.0,2.0,,,,,,,,,,,,,,,,,,,,,,,,,,,,,,,,,
44.0,3.14,54.02,3.6,,,,,,,,,,,,,,,,,14.0,16.5,2.0,43.0,18.0,7.0,6.0,1.0,,29.0,85.0,16.5,,,,,,,,9.0,5.0,12.0,,,14.0,,,,,,,,,,,,,,,,,16.46566145,1.743339783,0.101245384,0.194577972,0.127156705,49.0,24.0,12.0,9.0,4.0,19.79372591,,,0.096547844,0.002986016,30.9170009,12.57580607,0.101245384,0.001741848,,0.395874518,0.395874518,,0.22168973,0.22168973,0.22168973,15.11764706,Nelson Agholor,BAL,FA,115,2971618,,FA,,{},"['RB/WR', 'WR', 'WR/TE', 'RB/WR/TE', 'OP', 'BE', 'IR']",,,,,,,,,,,,,,,,,,,,1.0,,,,,,,,,,,,,,,,,,,,,,,,,,,,,,,,,,,,,,,,,,,,,,,,,,,,,,1.0,,,,,,,,,,,,,,,,,,,,,,,,,,,,,,,,,,,,,,,,,,,,,,,,,,,,,,,,,,,,,,,,,,,,,,,,,,,,,,,,,,,,,,,,,,,,,,,,,,,,,,,,,,,,,,,,,,,,,,,,,,,,,,,,,,,,,,,,,,,,,,,,,,,,,,,,,,,,,,,,,,,,,,,,2024,,,,,10.0,,,,,,,,,,,,,,,,,,,,,,,,,,,,,,10.93910557,,
-2.0,-0.2,23.49,1.68,1.0,,,,,,,,,,,,,,,,,,,,,,,,,,,,1.0,1.0,1.0,1.0,1.0,1.0,3.0,3.0,7.0,,,,10.0,15.1912495,4.392573544,0.335798623,0.016153326,12.0,6.0,3.0,2.0,1.0,3.0,1.0,0.028104845,0.019673392,0.010272722,0.000350569,4.099148635,4.210273517,0.26856574,0.015155098,0.040164765,0.026247674,11.0,5.0,2.0,2.0,1.0,8.469712484,,,0.02924461,0.000904472,10.98328422,7.047089118,0.031308424,0.000853892,0.124598106,0.069468291,0.194066397,0.057315129,0.038902243,0.096217372,0.096217372,14.17647059,Dylan Laube,LV,FA,156,4366963,,FA,,{},"['Rookie', 'RB', 'RB/WR', 'RB/WR/TE', 'OP', 'BE', 'IR']",,,,,,,,164.0,13.0,4.0,0.08721396,,286.1708059,,28.0,11.0,,,,,,,,,,,,,,,,,,,,,,,,,,,,,,,,,,,,,,,,,,,,,,,,,,,,,,,,,,,2.0,,,,,,,,,,,,,,,,,,,,,,,,,,,,,,,,,,,,,,,,,,,,,,,,,,,,,,,,,,,,,,,,,,,,,,,,,,,,,,,,,,,,,,,,,,,,,,,,,,,,,,,,,,,,,,,,,,,,,,,,,,,,,,,,,,,,,,,,,,,,,,,,,,,,,,,,,,,,,,,,,,,,,,,2024,,,,,,,,,,,,,,,,,,,,,,,,,,,,,,,,,,5.225969997,2.536565663,,
57.0,3.35,46.09,3.07,,,,,,,,,,,,,,,,,22.0,17.0,2.0,54.0,23.0,10.0,7.0,1.0,,32.0,68.0,13.13636364,,,,,,,,15.0,2.0,12.0,,,17.0,,,,,,,,,,,,,,,,,14.28047829,1.742354565,0.057024156,0.189788517,0.124026796,43.0,21.0,10.0,8.0,4.0,14.82520067,,,0.086505509,0.002675428,26.91037342,14.56217933,0.057024156,0.001227205,,0.278910192,0.278910192,,0.156189707,0.156189707,0.156189707,15.11764706,Justin Watson,HOU,FA,105,3118892,,FA,,{},"['RB/WR', 'WR', 'WR/TE', 'RB/WR/TE', 'OP', 'BE', 'IR']",,,,,,,,,,,,,,,,,,,,1.0,,,,,,,,,,,,,,,,,,,,,,,,,,,,,,,,,,,,,,,,,,,,,,,,,,,,,,1.0,,,,,,,,,,,,,,,,,,,,,,,,,,,,,,,,,,,,,,,,,,,,,,,,,,,,,,,,,,,,,,,,,,,,,,,,,,,,,,,,,,,,,,,,,,,,,,,,,,,,,,,,,,,,,,,,,,,,,,,,,,,,,,,,,,,,,,,,,,,,,,,,,,,,,,,,,,,,,,,,,,,,,,,,2024,,,,,13.0,,,,,,,,,,,,,,,,,,,,,,,,,,,,,,8.895240969,,
49.0,7.0,81.78,16.36,20.0,19.71428571,1.0,26.0,13.0,6.0,3.0,1.0,,2.0,,,,,,6.9,,,,,,,,,,,,,,1.0,,1.0,1.0,,,5.0,2.0,24.0,1.0,,7.0,19.35191487,17.52925108,0.588820412,0.036774349,17.0,8.0,4.0,3.0,1.0,3.0,1.0,0.036760039,0.025732027,0.066772132,0.002278677,4.529074047,,,,,,,,,,,,,,,,,,0.464828851,0.017280219,0.387038297,,3.927322482,0.178037617,,1.877374025,5.973487166,5.0,Malik Willis,GB,FA,44,4242512,,FA,,{},"['QB', 'OP', 'BE', 'IR']",,,,,,,,,,,,,,,,,,,,,,54.0,40.0,14.0,78.57142857,3.0,108.0,53.0,25.0,20.0,9.0,4.0,6.0,3.0,1.0,,,,,,,0.74074074,8.0,1.0,1.0,1.0,,1.0,164.6023173,103.2628805,61.33943675,229.391869,9.041409797,229.0,114.0,57.0,45.0,22.0,11.0,20.0,10.0,0.897976617,0.586827719,0.812870576,0.109797501,0.428054501,4.096113141,0.627347672,12.41189197,3.540284184,1.699336409,,,,,,,,,,,,,,,,,,,,,,,,,,,,,,,,,,,,,,,,,,,,,,,,,,,,,,,,,,,,,,,,,,,,,,,,,,,,,,,,,,,,,,,,,,,,,,,,,,,,,,,,,,,,,,,,,,,,,,,,,,,,,,,1.0,,,,,,,,,,,,,,,,,,,,,,,,,,,,,,,,,,,,,,,,,,,,2024,,,20.0,6.0,,,,,,,,,,,,,,,,,,,,,,,,,,,,,,5.18346986,,56.46182949,
28.0,14.0,0.0,0.0,5.0,-0.5,,,,,,,,,,,,,,-0.2,,,,,,,,,,,,,1.0,,,,,,,2.0,,24.0,,,2.0,,,,,,,,,,,,,,,,,,,,,,,,,,,,,,,,,,,,,,,,,,,,Tanner McKee,PHI,FA,49,4685201,,FA,,{},"['QB', 'OP', 'BE', 'IR']",,,,,,,,,,,,,,,,,,,,,,45.0,30.0,15.0,161.5,4.0,63.0,31.0,15.0,12.0,6.0,2.0,5.0,2.0,2.0,1.0,,,,,,0.66666667,2.0,,1.0,1.0,2.0,,,,,,,,,,,,,,,,,,,,,,,,,,,,,,,,,,,,,,,,,,,,,,,,,,,,,,,,,,,,,,,,,,,,,,,,,,,,,,,,,,,,,,,,,,,,,,,,,,,,,,,,,,,,,,,,,,,,,,,,,,,,,,,,,,,,,,,,,,,,,,,,,,,,,,,,,,,,,,,,,,,,,,,,,,,,,,,,,,,,,,,,,,,,,,,,,,,2024,,,17.0,1.0,,,,,,,,,,,,,,,,,,,,,,,,,,,,,,,,,
3.0,0.33,83.76,5.58,2.0,2.88888889,,4.0,1.0,,,,,,,,,,,13.0,3.0,1.77777778,,2.0,1.0,,,,,6.0,5.0,5.33333333,1.0,1.0,1.0,1.0,1.0,1.0,1.0,3.0,6.0,,,,9.0,8.781742892,3.566544352,0.451918875,0.024911177,10.0,5.0,2.0,2.0,1.0,1.0,,0.016182074,0.011327452,0.007151632,0.000244058,6.139756013,22.18272881,2.141673252,0.107197549,0.167339746,0.109356524,67.0,33.0,16.0,13.0,6.0,30.19733813,,,0.160790152,0.004972891,42.99704663,11.10530549,0.132108726,0.001822255,0.093305163,0.320843776,0.414148939,0.042920375,0.179672515,0.22259289,0.22259289,15.11764706,Malachi Corley,NYJ,FA,191,4613104,,FA,,{},"['Rookie', 'RB/WR', 'WR', 'WR/TE', 'RB/WR/TE', 'OP', 'BE', 'IR']",,,,,,,,,,,0.019696216,0.00855,64.62820969,13.8,6.0,2.0,1.0,,,,,,,,,,,,,,,,,,,,,,,,,,,,,,,,,,,,,,,,,,,,,,,,,,,,,,,,,,,,,,,,,,,,,,,,,,,,,,,,,,,,,,,,,,,,,,,,,,,,,,,,,,,,,,,,,,,,,,,,,,,,,,,,,,,,,,,,,,,,,,,,,,,,,,,,,,,,,,,,,,,,,,,,,,,,,,,,,,,,,,,,,,,,,,,,,,,,,,,,,,,,,,,,,,,,,,,,,,,,,,,,,2024,,,,1.0,1.0,,,,,,,,,,,,,,,,,,,,,,,,,,,,,4.762965366,15.85667861,,
30.0,1.76,15.94,1.23,34.0,5.23529412,2.0,15.0,7.0,2.0,2.0,,,3.0,1.0,,,,,2.61764706,3.0,2.88235294,1.0,9.0,4.0,1.0,1.0,,,3.0,42.0,16.33333333,1.0,1.0,1.0,1.0,1.0,2.0,6.0,11.0,6.0,18.0,2.0,1.0,17.0,16.68150139,5.401445996,0.353695255,0.019685251,14.0,7.0,3.0,2.0,1.0,3.0,1.0,0.030888205,0.021621744,0.01348096,0.000460053,4.266522097,2.040089082,0.144885933,0.007328883,0.034862598,0.022782708,5.0,2.0,1.0,1.0,,4.062092353,,,0.014774999,0.000456959,5.112581539,6.61756835,0.027014134,0.000777377,0.142079039,0.034597496,0.176676535,0.065356358,0.019374598,0.084730956,0.084730956,13.17647059,Hassan Haskins,LAC,FA,77,4372071,,FA,,{},"['RB', 'RB/WR', 'RB/WR/TE', 'OP', 'BE', 'IR']",,,,,,,,35.0,3.0,1.0,,,,,,,,,,,,,,,,,,,,,,,,,,,,,,,,,,1.0,,,,,,,,,,,,,,,,,,,,,,,,,,,,,,,4.0,,,,,,,,,,,,,,,,,,,,,,,,,,,,,,,,,,,,,,,,,,,,,,,,,,,,,,,,,,,,,,,,,,,,,,,,,,,,,,,,,,,,,,,,,,,,,,,,,,,,,,,,,,,,,,,,,,,,,,,,,,,1.0,,,,,,,,,,,,,,,,,,,,,,,,,,,,,,,,,,,,,,,,,,,,2024,,,,13.0,2.0,,,,,,,,,,,,,,,,,,,,,,,,,,,,,5.630388043,0.644328081,,
48.0,3.69,43.96,3.14,24.0,17.15384615,1.0,40.0,18.0,7.0,4.0,1.0,,,,1.0,1.0,,,9.29166667,16.0,8.0,,19.0,8.0,3.0,2.0,,1.0,20.0,95.0,6.5,,,,,,,,6.0,7.0,6.0,,,13.0,43.80457683,13.53979073,1.131918185,0.077583837,38.0,19.0,9.0,7.0,3.0,8.0,4.0,0.082339302,0.057637512,0.098797404,0.003371576,4.381881048,4.886482373,0.298544592,0.028260492,0.034624093,0.022626845,13.0,6.0,3.0,2.0,1.0,10.50979214,,,0.032940543,0.00101878,13.78218918,6.591288648,0.105844328,0.001628367,0.29847252,0.071610876,0.370083396,0.137297359,0.040102091,0.17739945,0.17739945,14.17647059,Emari Demercado,ARI,FA,65,4362478,,FA,,{},"['RB', 'RB/WR', 'RB/WR/TE', 'OP', 'BE', 'IR']",,,,,,,,64.0,5.0,1.0,,,,,,,,,,,,,,,,,,,,,,,,,,,,,,,,,,,,,,,,,,,,,,,,,,,,,,,,,,,,,,,,,,,,,,,,,,,,,,,,,,,,,,,,,,,,,,,,,,,,,,,,,,,,,,,,,,,,,,,,,,,,,,,,,,,,,,,,,,,,,,,,,,,,,,,,,,,,,,,,,,,,,,,,,,,,,,,,,,,,,,,,,,,,,,,,,,,,,,,,,,,,,,,,,,,,,,,,,,,,,,,,,,,,,,,,2024,,,,8.0,3.0,,,,,,,,,,,,,,,,,,,,,,,,,,,,,12.05823773,3.278177224,,
33.0,2.2,35.72,2.38,12.0,2.6,,6.0,1.0,,,,,,,,,,,3.25,13.0,7.46666667,2.0,18.0,7.0,2.0,2.0,,,17.0,119.0,8.61538462,,3.0,,,,,,10.0,5.0,12.0,,,15.0,13.34159458,5.670664673,0.337330476,0.018769951,17.0,8.0,4.0,3.0,1.0,2.0,1.0,0.024645369,0.017251759,0.01844719,0.000629532,6.425551804,6.205860444,0.671677011,0.033964882,0.10561342,0.06901837,18.0,9.0,4.0,3.0,1.0,9.104195787,,,0.040889468,0.001264623,13.41099801,10.30491985,0.052734834,0.00197523,0.266831892,0.182083916,0.448915807,0.12274267,0.101966993,0.224709663,0.224709663,15.11764706,Derius Davis,LAC,FA,120,4362477,,FA,,{},"['RB/WR', 'WR', 'WR/TE', 'RB/WR/TE', 'OP', 'BE', 'IR']",,,,,,,,524.0,48.0,17.0,0.280801107,0.36746,1206.567257,457.1875,120.0,48.0,45.0,18.0,,,1.0,,,,,,,,,,,,,,,,,,,,,,,,,,,,,,,,,,,,,,,,,,,,,,,,,,,,,1.0,,,,,,,,,,,,,,,,,,,,,,,,,,,,,,,,,,,,,,,,,,,,,,,,,,,,,,,,,,235.0,17.0,4.0,,,,,,,,,,,,,,,,,,,,,,,,,,,,,,,,,,,,,,,,,,,,,,,,,,,,,,,,,,,,,,,,,,,,,,,,,,,,,,,,,,,,,,,,,,,,,,,,,,,,,,,,,,,,2024,,,,2.0,5.0,,,,,,,,,,,,,,,,,,,,,,,,,,,,,6.028617869,3.78722815,,
8.0,1.14,47.79,3.41,17.0,10.0,,12.0,5.0,1.0,1.0,,,1.0,,,,,,4.11764706,3.0,2.57142857,,2.0,,,,,,5.0,13.0,6.0,,,,,,,,2.0,5.0,,,,7.0,36.64771559,11.03029603,1.087427629,0.063385022,31.0,15.0,7.0,6.0,3.0,7.0,3.0,0.068582558,0.04800779,0.064120161,0.002188175,4.266859876,6.994289398,0.572961881,0.027768414,0.042042051,0.02747448,19.0,9.0,4.0,3.0,1.0,13.99840876,,,0.043029322,0.001330804,17.9082472,7.083257793,0.091153436,0.001897989,0.312134507,0.119226706,0.431361214,0.143581873,0.066766956,0.210348829,0.210348829,14.17647059,Deuce Vaughn,DAL,FA,110,4431453,,FA,,{},"['RB', 'RB/WR', 'RB/WR/TE', 'OP', 'BE', 'IR']",,,,,,,,,,,,0.00855,,13.8,,,1.0,,,,,,,,,,,,,,,,,,,,,,,,,,,,,,,,,,,,,,,,,,,,,,,,,,,,,,,,,,,,,,,,,,,,,,,,,,,,,,,,,,,,,,,,,,,,,,,,,,,,,,,,,,,,,,,,,,,,,,,,,,,,,,,,,,,,,,,,,,,,,,,,,,,,,,,,,,,,,,,,,,,,,,,,,,,,,,,,,,,,,,,,,,,,,,,,,,,,,,,,,,,,,,,,,,,,,,,,,,,,,,,,,2024,,,,2.0,,,,,,,,,,,,,,,,,,,,,,,,,,,,,,10.38904027,5.009569571,,
62.0,4.13,46.3,3.09,,,,,,,,,,,,,,,,,22.0,17.2,3.0,49.0,22.0,8.0,8.0,2.0,1.0,28.0,129.0,11.72727273,,,,,,3.0,3.0,12.0,3.0,18.0,,,15.0,,,,,,,,,,,,,,,,,12.7043251,1.396334339,0.072194781,0.088359846,0.057743159,38.0,19.0,9.0,7.0,3.0,19.14128908,,,0.074541863,0.002305418,28.69211038,10.03378101,0.072194781,0.001445407,,0.328501499,0.328501499,,0.183960839,0.183960839,0.183960839,15.11764706,Josh Oliver,MIN,FA,38,3921690,,FA,,{},"['WR/TE', 'TE', 'RB/WR/TE', 'OP', 'BE', 'IR']",,,,,,,,,,,,,,,,,,,,2.0,,,,,,,,,,,,,,,,,,,,,,,,,,,,,,,,,,,,,,,,,,,,,,,,,,,,,,1.0,,,,,,,,,,,,,,,,,,,,,,,,,,,,,,,,,,,,,,,,,,,,,,,,,,,,,,,,,,,,,,,,,,,,,,,,,,,,,,,,,,,,,,,,,,,,,,,,,,,,,,,,,,,,,,,,,,,,,,,,,,,,,,,,,,,,,,,,,,,,,,,,,,,,,,,,,,,,,,,,,,,,,,,,2024,,,,,14.0,,,,,,,,,,,,,,,,,,,,,,,,,,,,,,9.080451497,,
0.0,0.0,0.0,0.0,,,,,,,,,,,,,,,,,,,,,,,,,,,,,,,,,,,,,,,,,,,,,,,,,,,,,,,,,,,,,,,,,,,,,,,,,,,,,,,,,,,,,Julio Jones,None,FA,0,13982,,FA,,{},"['RB/WR', 'WR', 'WR/TE', 'RB/WR/TE', 'OP', 'BE', 'IR']",,,,,,,,,,,,,,,,,,,,,,,,,,,,,,,,,,,,,,,,,,,,,,,,,,,,,,,,,,,,,,,,,,,,,,,,,,,,,,,,,,,,,,,,,,,,,,,,,,,,,,,,,,,,,,,,,,,,,,,,,,,,,,,,,,,,,,,,,,,,,,,,,,,,,,,,,,,,,,,,,,,,,,,,,,,,,,,,,,,,,,,,,,,,,,,,,,,,,,,,,,,,,,,,,,,,,,,,,,,,,,,,,,,,,,,,,,,,,,,,,,2024,,,,,,,,,,,,,,,,,,,,,,,,,,,,,,,,,,,,,
53.0,7.57,132.2,7.78,,,,,,,,,,,,,,,,,,,,,,,,,,,,,,,,,,,,4.0,3.0,54.0,,,7.0,,,,,,,,,,,,,,,,,,,,,,,,,,,,,,,,,,,,,,,,,,,17.0,Brayden Narveson,None,FA,34,4361765,,FA,,{},"['Rookie', 'K', 'BE', 'IR']",,,,,,,,,,,,,,,,,,,,,,,,,,,,,,,,,,,,,,,,,,,,,,,,,,,,,,,,,,,,,,,,,,,,,,,,,,,,,,,,1.0,5.0,9.0,4.0,7.0,8.0,1.0,12.0,18.0,6.0,18.0,18.0,,,1.0,4.400486232,6.577707372,2.17722114,7.155438482,9.150177087,1.994738605,15.90909704,16.83502332,0.925926283,27.46502175,32.56290778,5.097886028,38.94616096,41.60914633,2.662985365,4.400486232,6.577707372,2.17722114,,,,,,,,,,,,,,,,,,,,,,,,,,,,,,,,,,,,,,,,,,,,,,,,,,,,,,,,,,,,,,,,,,,,,,,,,,,,,,,,,,,,,,,1.0,1.0,,,,,,,,,,,,,,,,,,,,,,,,,,,,,,,,,,,,,,,,,,2024,,,,,,419.0,319.0,738.0,82.0,40.0,19.0,14.0,5.0,1.0,61.0,29.0,14.0,9.0,2.0,145.0,71.0,35.0,25.0,11.0,4.0,,,1036.893899,235.1109673,1272.004867,,,,,,,
19.0,1.12,6.67,0.48,9.0,2.88235294,,9.0,4.0,1.0,,,,,,,,,,5.44444444,3.0,0.64705882,1.0,2.0,,,,,,3.0,20.0,3.66666667,,1.0,,,,4.0,7.0,8.0,9.0,12.0,,,17.0,3.856127106,1.16083028,0.116407878,0.00797853,3.0,1.0,,,,,,0.007087601,0.00496132,0.000628558,2.14503e-05,4.267617708,0.883652657,0.036344812,0.003439375,0.031874609,0.020830057,2.0,1.0,,,,2.093708091,,,0.007301786,0.000225828,2.622738943,5.983200787,0.011417905,0.000329645,0.048555763,0.026363652,0.074919416,0.022335651,0.014763645,0.037099296,0.037099296,14.17647059,DeeJay Dallas,ARI,FA,97,4240631,,FA,,{},"['RB', 'RB/WR', 'RB/WR/TE', 'OP', 'BE', 'IR']",,,,,,,,459.0,43.0,14.0,0.243373528,0.04104,1130.079953,82.575,113.0,45.0,8.0,3.0,,1.0,,,,,,,,,,,,,,,,,,,,,,,,,,,,,,,,,,,,,,,,,,,,,,,,,,,,,,,3.0,,,,,,,,,,,,,,,,,,,,,,,,,,,,,,,,,,,,,,,,,,,,,,,,,1.0,,,1.0,,,,,,,,,,,,,,,,,,,,,,,,,,,,,,,,,,,,,,,,,,,,,,,,,,,,,,,,,,,,,,,,,,,,,,,,,,,,,,,,,,,,,,,,,,,,,,,,,,,,,,,,,,,,,,,,,,,2024,,,,4.0,1.0,,,,,,,,,,,,,,,,,,,,,,,,,,,,,2.826820497,-0.24454548,,
35.0,2.33,0.0,0.0,36.0,12.2,1.0,32.0,14.0,5.0,3.0,1.0,,2.0,,,,,,5.08333333,11.0,4.6,,11.0,4.0,1.0,1.0,,,13.0,95.0,6.27272727,,,,,,,2.0,10.0,5.0,6.0,1.0,,15.0,,,,,,,,,,,,,,,,,,,,,,,,,,,,,,,,,,,,,,,,,,,,Chris Brooks,GB,FA,74,3149687,,FA,,{},"['RB', 'RB/WR', 'RB/WR/TE', 'OP', 'BE', 'IR']",,,,,,,,,,,,,,,,,,,,,,,,,,,,,,,,,,,,,,,,,,,,,,,,,,,,,,,,,,,,,,,,,,,,,,,,,,,2.0,,,,,,,,,,,,,,,,,,,,,,,,,,,,,,,,,,,,,,,,,,,,,,,,,,,,,,,,,,,,,,,,,,,,,,,,,,,,,,,,,,,,,,,,,,,,,,,,,,,,,,,,,,,,,,,,,,,,,,,,,,,,,,,,,,,,,,,,,,,,,,,,,,,,,,,,,,,,,,,,,,,,,,,2024,,,,12.0,2.0,,,,,,,,,,,,,,,,,,,,,,,,,,,,,,,,
60.0,3.53,0.0,0.0,,,,,,,,,,,,,,,,,31.0,17.23529412,1.0,54.0,25.0,10.0,7.0,2.0,1.0,45.0,192.0,9.4516129,,2.0,,1.0,1.0,2.0,2.0,10.0,7.0,6.0,,,17.0,,,,,,,,,,,,,,,,,,,,,,,,,,,,,,,,,,,,,,,,,,,,Lil'Jordan Humphrey,DEN,FA,100,4039057,,FA,,{},"['RB/WR', 'WR', 'WR/TE', 'RB/WR/TE', 'OP', 'BE', 'IR']",,1.0,,,,2.0,1.0,,,,,,,,,,,,,,,,,,,,,,,,,,,,,,,,,,,,,,,,,,,,,,,,,,,,,,,,,,,,,,,,,,,,,,,,,,,,,,,,,,,,,,,,,,,,,,,,,,,,,,,,,,,,,,,,,,,,,,,,,,,,,,,,,,,,,,,,,,,,,,,,,,,,,,,,,,,,,,,,,,,,,,,,,,,,,,,,,,,,,,,,,,,,,,,,,,,,,,,,,,,,,,,,,,,,,,,,,,,,,,,,,,,,,,,,,,,2024,,,,,12.0,,,,,,,,,,,,,,,,,,,,,,,,,,,,,,,,
39.0,2.29,33.72,2.25,,,,,,,,,,,,,,,,,19.0,11.76470588,1.0,36.0,14.0,5.0,4.0,,,25.0,126.0,10.52631579,,,,,,,,10.0,7.0,6.0,,,17.0,,,,,,,,,,,,,,,,,9.411684804,0.957583608,0.055135987,0.114770715,0.075002662,28.0,14.0,7.0,5.0,2.0,14.04376351,,,0.056076451,0.001734323,19.9881679,10.13136749,0.055135987,0.000707674,,0.160835005,0.160835005,,0.090067603,0.090067603,0.090067603,15.11764706,Darnell Washington,PIT,FA,49,4430802,,FA,,{},"['WR/TE', 'TE', 'RB/WR/TE', 'OP', 'BE', 'IR']",,,,,,,,,,,,,,,,,,,,1.0,,,,,,,,,,,,,,,,,,,,,,,,,,,,,,,,,,,,,,,,,,,,,,,,,,,,,,,,,,,,,,,,,,,,,,,,,,,,,,,,,,,,,,,,,,,,,,,,,,,,,,,,,,,,,,,,,,,,,,,,,,,,,,,,,,,,,,,,,,,,,,,,,,,,,,,,,,,,,,,,,,,,,,,,,,,,,,,,,,,,,,,,,,,,,,,,,,,,,,,,,,,,,,,,,,,,,,,,,,,,,,2024,,,,,9.0,,,,,,,,,,,,,,,,,,,,,,,,,,,,,,6.3664916,,
0.0,0.0,63.18,4.51,,,,,,,,,,,,,,,,,,,,,,,,,,,,,,,,,,,,1.0,,,,,1.0,,,,,,,,,,,,,,,,,21.53321858,1.600836123,0.091989778,0.172481625,0.112716742,60.0,30.0,15.0,12.0,6.0,23.66432971,,,0.134553695,0.004161454,38.22733169,12.84627047,0.091989778,0.001106297,,0.251431198,0.251431198,,0.140801471,0.140801471,0.140801471,14.11764706,Roman Wilson,PIT,FA,215,4431492,,FA,,{},"['Rookie', 'RB/WR', 'WR', 'WR/TE', 'RB/WR/TE', 'OP', 'BE', 'IR']",,,,,,,,,,,,,,,,,,,,,,,,,,,,,,,,,,,,,,,,,,,,,,,,,,,,,,,,,,,,,,,,,,,,,,,,,,,,,,,,,,,,,,,,,,,,,,,,,,,,,,,,,,,,,,,,,,,,,,,,,,,,,,,,,,,,,,,,,,,,,,,,,,,,,,,,,,,,,,,,,,,,,,,,,,,,,,,,,,,,,,,,,,,,,,,,,,,,,,,,,,,,,,,,,,,,,,,,,,,,,,,,,,,,,,,,,,,,,,,,,,2024,,,,,,,,,,,,,,,,,,,,,,,,,,,,,,,,,,,13.34949079,,
40.0,5.0,38.64,6.44,15.0,7.75,,11.0,5.0,1.0,1.0,,,1.0,,,,,,4.13333333,,,,,,,,,,,,,1.0,4.0,,1.0,2.0,,,2.0,6.0,12.0,,,8.0,11.54803204,7.327155787,0.453935142,0.023959207,8.0,4.0,2.0,1.0,,2.0,1.0,0.021932081,0.015352457,0.027954802,0.00095399,3.806963349,,,,,,,,,,,,,,,,,,0.186228623,0.007935285,0.165188868,,1.803473782,0.075986879,,0.862363638,3.199288012,6.0,Jacoby Brissett,ARI,FA,46,2578570,,FA,,{},"['QB', 'OP', 'BE', 'IR']",,,,,,,,,,,,,,,,,,,,,,161.0,95.0,66.0,103.25,2.0,163.0,80.0,39.0,29.0,13.0,5.0,17.0,6.0,10.0,3.0,,,,1.0,1.0,0.59006211,18.0,3.0,2.0,,,,106.8534434,66.71812165,40.13532176,112.2466562,2.973422399,134.0,67.0,33.0,26.0,13.0,6.0,13.0,6.0,0.518018036,0.338524786,0.45314185,0.061207582,0.162269416,2.336924374,0.624389065,7.675864507,1.638284915,0.786376759,,,,,,,,,,,,,,,,,,,,,,,,,,,,,,,,,,,,,,,,,,,,,,,,,,,,,,,,,,,,,,,,,,,,,,,,,,,,,,,,,,,,,,,,,,,,,,,,,,,,,,,,,,,,,,,,,,,,,,,,,,,,,,,1.0,,,,,,,,,,,,,,,,,,,,,,,,,,,,,,,,,,,,,,,,,,,,2024,,,42.0,5.0,,,,,,,,,,,,,,,,,,,,,,,,,,,,,,2.890057068,,33.73781852,
61.0,3.81,69.87,4.66,3.0,1.625,,3.0,1.0,,,,,,,,,,,8.66666667,30.0,19.25,1.0,59.0,26.0,9.0,6.0,2.0,,40.0,218.0,10.26666667,,1.0,,1.0,1.0,2.0,2.0,11.0,5.0,6.0,,,16.0,,,,,,,,,,,,,,,,,23.84961778,1.651683943,0.090910365,0.188091816,0.122918002,72.0,36.0,18.0,14.0,7.0,24.30956636,,,0.179133589,0.005540214,45.0444205,14.83161398,0.090910365,0.002139242,,0.486191327,0.486191327,,0.272267143,0.272267143,0.272267143,15.11764706,Dyami Brown,JAX,FA,98,4361577,,FA,,{},"['RB/WR', 'WR', 'WR/TE', 'RB/WR/TE', 'OP', 'BE', 'IR']",,1.0,,,,1.0,1.0,,,,,,,,,,,,,,,1.0,,1.0,,,,,,,,,,,,,,,,,,,,,,,,,,,,,,,,,,,,,,,,,,,,,,,,,,,,,,,,,,,,,,,,,,,,,,,,,,,,,,,,,,,,,,,,,,,,,,,,,,,,,,,,,,,,,,,,,,,,,,,,,,,,,,,,,,,,,,,,,,,,,,,,,,,,,,,,,,,,,,,,,,,,,,,,,,,,,,,,,,,,,,,,,,,,,,,,,,,,,,,,,,,,,,,,,,,,,,,,,,2024,,,,1.0,14.0,,,,,,,,,,,,,,,,,,,,,,,,,,,,,,15.00919871,,
0.0,0.0,0.0,0.0,,,,,,,,,,,,,,,,,,,,,,,,,,,,,,,,,,,,,,,,,,,,,,,,,,,,,,,,,,,,,,,,,,,,,,,,,,,,,,,,,,,,,AJ Dillon,PHI,FA,0,4239934,,FA,,{},"['RB', 'RB/WR', 'RB/WR/TE', 'OP', 'BE', 'IR']",,,,,,,,,,,,,,,,,,,,,,,,,,,,,,,,,,,,,,,,,,,,,,,,,,,,,,,,,,,,,,,,,,,,,,,,,,,,,,,,,,,,,,,,,,,,,,,,,,,,,,,,,,,,,,,,,,,,,,,,,,,,,,,,,,,,,,,,,,,,,,,,,,,,,,,,,,,,,,,,,,,,,,,,,,,,,,,,,,,,,,,,,,,,,,,,,,,,,,,,,,,,,,,,,,,,,,,,,,,,,,,,,,,,,,,,,,,,,,,,,,2024,,,,,,,,,,,,,,,,,,,,,,,,,,,,,,,,,,,,,
15.0,1.67,35.62,8.9,17.0,0.11111111,,2.0,1.0,,,,,,,,,,,0.05882353,,,,,,,,,,,,,1.0,1.0,1.0,,,,,6.0,3.0,12.0,,,9.0,11.08972782,10.27015546,0.940597763,0.040974497,8.0,4.0,2.0,1.0,,2.0,1.0,0.02138149,0.014967043,0.036949119,0.001260932,3.704385041,,,,,,,,,,,,,,,,,,0.203103893,0.00412849,0.122062412,,0.938293291,0.05614871,,0.447939532,2.32129141,4.0,Mitchell Trubisky,BUF,FA,55,3039707,,FA,,{},"['QB', 'OP', 'BE', 'IR']",,,,,,,,,,,,,,,,,,,,,,26.0,19.0,7.0,19.88888889,2.0,33.0,16.0,8.0,6.0,3.0,1.0,3.0,1.0,1.0,,1.0,1.0,,,,0.73076923,,,1.0,,,,69.75557967,45.78434126,23.97123841,117.7281384,3.046221683,94.0,47.0,23.0,18.0,9.0,4.0,9.0,4.0,0.376789734,0.246232091,0.356727645,0.048184551,0.162129396,1.873351878,0.656353821,4.401387467,0.816230879,0.391790822,,,,,,,,,,,,,,,,,,,,,,,,,,,,,,,,,,,,,,,,,,,,,,,,,,,,,,,,,,,,,,,,,,,,,,,,,,,,,,,,,,,,,,,,,,,,,,,,,,,,,,,,,,,,,,,,,,,,,,,,,,,,,,,,,,,,,,,,,,,,,,,,,,,,,,,,,,,,,,,,,,,,,,,,,,,2024,,,7.0,1.0,,,,,,,,,,,,,,,,,,,,,,,,,,,,,,3.005817527,,23.79577302,
10.0,2.5,0.0,0.0,11.0,10.25,,8.0,3.0,1.0,1.0,,,1.0,,,,,,3.72727273,,,,,,,,,,,,,,,,,1.0,1.0,1.0,1.0,3.0,,,,4.0,,,,,,,,,,,,,,,,,,,,,,,,,,,,,,,,,,,,,,,,,,,,Trey Lance,DAL,FA,59,4383351,,FA,,{},"['QB', 'OP', 'BE', 'IR']",,,,,,,,,,,,,,,,,,,,,,41.0,25.0,16.0,66.5,,52.0,26.0,13.0,9.0,4.0,2.0,4.0,2.0,2.0,1.0,,,,,1.0,0.6097561,4.0,,,,,,,,,,,,,,,,,,,,,,,,,,,,,,,,,,,,,,,,,,,,,,,,,,,,,,,,,,,,,,,,,,,,,,,,,,,,,,,,,,,,,,,,,,,,,,,,,,,,,,,,,,,,,,,,,,,,,,,,,,,,,,,,,,,,,,,,,,,,,,,,,,,,,,,,,,,,,,,,,,,,,,,,,,,,,,,,,,,,,,,,,,,,,,,,,,,,,,,2024,,,13.0,3.0,,,,,,,,,,,,,,,,,,,,,,,,,,,,,,,,,
6.0,0.38,11.02,0.85,6.0,0.875,,2.0,,,,,,1.0,,,,,,2.33333333,3.0,2.3125,,7.0,3.0,1.0,,,,3.0,20.0,12.33333333,,,,,,8.0,8.0,14.0,2.0,,,,16.0,12.64110128,4.016095617,0.423155093,0.017735622,10.0,5.0,2.0,2.0,1.0,2.0,1.0,0.02335241,0.016346687,0.007334294,0.000250291,4.186183196,1.096716403,0.087160742,0.005251791,0.037886536,0.024758851,2.0,1.0,,,,2.021446348,,,0.008356198,0.000258439,2.647436678,7.148768232,0.022987413,0.000529152,0.103681878,0.016579833,0.120261712,0.047693664,0.009284707,0.056978371,0.056978371,13.17647059,Sione Vaki,DET,FA,113,4912274,,FA,,{},"['RB', 'RB/WR', 'RB/WR/TE', 'OP', 'BE', 'IR']",,,,,,,,55.0,5.0,2.0,,,,,,,,,,,,,,,,,,,,,,,,,,,,,,,,,,,,,,,,,,,,,,,,,,,,,,,,,,,,,,,,,,,,1.0,,,,,,,,,,,,,,,,,,,,,,,,,,,,,,,,,,,,,,,,,,,,,,,,,,,,,,,,,,,,,,,,,,,,,,,,,,,,,,,,,,,,,,,,,,,,,,,,,,,,,,,,,,,,,,,,,,,,,,,,,,,,,,,,,,,,,,,,,,,,,,,,,,,,,,,,,,,,,,,,,,,,2024,,,,,2.0,,,,,,,,,,,,,,,,,,,,,,,,,,,,,4.820350168,-0.187186703,,
1.0,0.33,29.3,7.33,5.0,0.66666667,,,,,,,,,,,,,,0.4,,,,,,,,,,,,,,,,,,,,3.0,,,,,3.0,6.097815532,6.370408357,0.328726956,0.013834097,5.0,2.0,1.0,1.0,,1.0,,0.011498199,0.008048739,0.014084659,0.000480655,4.178813429,,,,,,,,,,,,,,,,,,0.185553277,0.004673823,0.081804296,,1.062232462,0.037629976,,0.508235496,2.216100868,4.0,Hendon Hooker,DET,FA,66,4240858,,FA,,{},"['QB', 'OP', 'BE', 'IR']",,,,,,,,,,,,,,,,,,,,,,9.0,6.0,3.0,20.66666667,,11.0,4.0,1.0,1.0,,,,,,,,,,,,0.66666667,1.0,,,,,,68.07417267,44.0876875,23.98648516,114.7048541,2.840239481,91.0,45.0,22.0,18.0,9.0,4.0,8.0,4.0,0.35934596,0.234832585,0.325938184,0.044025703,0.171719179,1.707865373,0.647641914,5.008421137,0.980428167,0.47060552,,,,,,,,,,,,,,,,,,,,,,,,,,,,,,,,,,,,,,,,,,,,,,,,,,,,,,,,,,,,,,,,,,,,,,,,,,,,,,,,,,,,,,,,,,,,,,,,,,,,,,,,,,,,,,,,,,,,,,,,,,,,,,,,,,,,,,,,,,,,,,,,,,,,,,,,,,,,,,,,,,,,,,,,,,,2024,,,3.0,1.0,,,,,,,,,,,,,,,,,,,,,,,,,,,,,,1.719687297,,22.98294119,
29.0,2.07,28.1,2.01,26.0,7.71428571,,20.0,8.0,3.0,2.0,,,2.0,,,,,,4.15384615,14.0,7.42857143,,18.0,7.0,2.0,1.0,,,22.0,123.0,7.42857143,,,,,,3.0,3.0,3.0,11.0,,,,14.0,15.90341284,4.997687621,0.516152105,0.025762855,14.0,7.0,3.0,2.0,1.0,3.0,1.0,0.029546147,0.020682303,0.019405847,0.000662247,4.45499166,4.368276711,0.259803676,0.013991452,0.044198584,0.028883775,12.0,6.0,3.0,2.0,1.0,8.315898345,,,0.027713644,0.000857123,10.64819318,7.44678972,0.039754306,0.000976846,0.145781342,0.076229098,0.22201044,0.067059417,0.042688295,0.109747712,0.109747712,14.17647059,Pierre Strong Jr.,CLE,FA,78,4249836,,FA,,{},"['RB', 'RB/WR', 'RB/WR/TE', 'OP', 'BE', 'IR']",,,,,,,,255.0,23.0,8.0,0.309118025,0.0684,1014.293521,110.4,101.0,40.0,11.0,4.0,,,,,,,,,,,,,,,,,,,,,,,,,,,,,,,,,,,,,,,,,,,,,,,,,,,,,,,,,,,,,,,,,,,,,,,,,,,,,,,,,,,,,,,,,,,,,,,,,,,,,,,,,,,,,,,,,,,,,,,,,,,,,,,,,,,,,,,,,,,,,,,,,,,,,,,,,,,,,,,,,,,,,,,,,,,,,,,,,,,,,,,,,,,,,,,,,,,,,,,,,,,,,,,,,,,,,,,,,,,,,,,,2024,,,,6.0,3.0,,,,,,,,,,,,,,,,,,,,,,,,,,,,,5.693341851,2.627321835,,
25.0,1.67,36.71,2.82,20.0,4.6,,13.0,5.0,1.0,,,,1.0,,,,,,3.45,10.0,3.93333333,1.0,10.0,4.0,2.0,1.0,,1.0,12.0,72.0,5.9,,,,,,,,3.0,12.0,6.0,,,15.0,29.3655219,9.444390347,0.709840432,0.037136565,24.0,12.0,6.0,4.0,2.0,5.0,2.0,0.054770594,0.038339416,0.041917481,0.001430483,4.237749701,5.975656389,0.354835322,0.019216721,0.032157504,0.021014929,15.0,7.0,3.0,3.0,1.0,11.66148699,,,0.035790089,0.00110691,15.91583523,6.751974317,0.056353286,0.002111077,0.343415009,0.136375225,0.479790234,0.157970904,0.076370126,0.23434103,0.23434103,13.17647059,JaMycal Hasty,NE,FA,86,3928925,,FA,,{},"['RB', 'RB/WR', 'RB/WR/TE', 'OP', 'BE', 'IR']",,,,,,,,238.0,21.0,7.0,,,,,,,,,,,,,,,,,,,,,,,,,,,,,,,,,,,,,,,,,,,,,,,,,,,,,,,,,,,,,,,,1.0,,,,,,,,,,,,,,,,,,,,,,,,,,,,,,,,,,,,,,,,,,,,,,,,,,,,,,,,,,,,,,,,,,,,,,,,,,,,,,,,,,,,,,,,,,,,,,,,,,,,,,,,,,,,,,,,,,,,,,,,,,,,,,,,,,,,,,,,,,,,,,,,,,,,,,,,,,,,,,,,,,,,,,,,2024,,,,4.0,2.0,,,,,,,,,,,,,,,,,,,,,,,,,,,,,8.465226885,3.892341845,,
28.0,2.33,13.77,0.92,5.0,5.16666667,1.0,11.0,4.0,1.0,1.0,,,,,,,,,12.4,12.0,7.5,,15.0,6.0,1.0,1.0,,,14.0,99.0,7.5,,,,,,,,11.0,1.0,6.0,,,12.0,4.143584337,1.739303828,0.278755227,0.014618273,5.0,2.0,1.0,1.0,,,,0.007616494,0.005331546,0.001633549,5.57468e-05,6.345757504,2.466252871,0.318408889,0.010424455,0.20389008,0.133242167,7.0,3.0,1.0,1.0,,3.207519156,,,0.018669306,0.000577401,4.5660971,11.62391825,0.025042727,0.000646897,0.082871687,0.064150383,0.14702207,0.038120976,0.035924215,0.07404519,0.07404519,15.11764706,Mecole Hardman,KC,FA,130,4035004,,FA,,{},"['RB/WR', 'WR', 'WR/TE', 'RB/WR/TE', 'OP', 'BE', 'IR']",,,,,,,,132.0,11.0,4.0,0.258960802,0.086298947,679.3590547,110.8421053,67.0,27.0,11.0,4.0,,,,,,,,,,,,,,,,,,,,,,,,,,,,,,,,,,,,,,,,,,,,,,,,,,,,,,,,,,1.0,,,,,,,,,,,,,,,,,,,,,,,,,,,,,,,,,,,,,,,,,,,,,,,,,,,,,,,,203.0,16.0,5.0,,,,,,,,,,,,,,,,,,,,,,,,,,,,,,,,,,,,,,,,,,,,,,,,,,,,,,,,,,,,,,,,,,,,,,,,,,,,,,,,,,,,,,,,,,,,,,,,,,,,,,,,,,,,2024,,,,2.0,6.0,,,,,,,,,,,,,,,,,,,,,,,,,,,,,3.419369694,0.739736406,,
-2.0,-0.67,0.0,0.0,2.0,-1.33333333,,,,,,,,,,,,,,-2.0,,,,,,,,,,1.0,,,,1.0,,1.0,1.0,,,,3.0,,,,3.0,,,,,,,,,,,,,,,,,,,,,,,,,,,,,,,,,,,,,,,,,,,,Kadarius Toney,None,FA,247,4240600,,FA,,{},"['RB/WR', 'WR', 'WR/TE', 'RB/WR/TE', 'OP', 'BE', 'IR']",,,,,,,,,,,,,,,,,,,,,,,,,,,,,,,,,,,,,,,,,,,,,,,,,,,,,,,,,,,,,,,,,,,,,,,,,,,,,,,,,,,,,,,,,,,,,,,,,,,,,,,,,,,,,,,,,,,,,,,,,,,,,,,,,,,,44.0,4.0,1.0,,,,,,,,,,,,,,,,,,,,,,,,,,,,,,,,,,,,,,,,,,,,,,,,,,,,,,,,,,,,,,,,,,,,,,,,,,,,,,,,,,,,,,,,,,,,,,,,,,,,,,,,,,,,2024,,,,,,,,,,,,,,,,,,,,,,,,,,,,,,,,,,,,,
44.0,14.67,0.0,0.0,18.0,30.66666667,1.0,17.0,8.0,3.0,3.0,1.0,,3.0,1.0,,,,,5.11111111,,,,,,,,,,,,,,,,,,,,3.0,,30.0,1.0,,3.0,,,,,,,,,,,,,,,,,,,,,,,,,,,,,,,,,,,,,,,,,,,,Marcus Mariota,WSH,FA,45,2576980,,FA,,{},"['QB', 'OP', 'BE', 'IR']",,,,,,,,,,,,,,,,,,,,,,44.0,34.0,10.0,121.33333333,4.0,73.0,36.0,18.0,14.0,7.0,3.0,6.0,2.0,1.0,,,,,,,0.77272727,3.0,,3.0,1.0,,,,,,,,,,,,,,,,,,,,,,,,,,,,,,,,,,,,,,,,,,,,,,,,,,,,,,,,,,,,,,,,,,,,,,,,,,,,,,,,,,,,,,,,,,,,,,,,,,,,,,,,,,,,,,,,,,,,,,,,,,,,,,,,,,,,,,,,,,,,,,,,,,,,,,,,,,,,,,,,,,,,,,,,,,,,,,,,,,,,,,,,,,,,,,,,,,,,2024,,,22.0,6.0,,,,,,,,,,,,,,,,,,,,,,,,,,,,,,,,,
12.0,0.71,67.77,4.52,1.0,0.29411765,,1.0,,,,,,,,,,,,5.0,6.0,2.29411765,1.0,7.0,2.0,,,,,10.0,22.0,6.5,,4.0,,1.0,1.0,,,5.0,12.0,6.0,,,17.0,4.390871446,1.8805161,0.315394249,0.017385514,5.0,2.0,1.0,1.0,,,,0.008071739,0.005650218,0.001888389,6.44435e-05,6.474564114,17.7663064,2.199025201,0.110151095,0.167385115,0.109386173,53.0,26.0,13.0,10.0,5.0,21.75083684,,,0.107323275,0.003319277,34.56897674,12.34824902,0.127536609,0.00230047,0.087817429,0.435016737,0.522834166,0.040396017,0.243609373,0.28400539,0.28400539,15.11764706,Xavier Gipson,NYJ,FA,156,4427278,,FA,,{},"['RB/WR', 'WR', 'WR/TE', 'RB/WR/TE', 'OP', 'BE', 'IR']",,,,,,,,489.0,45.0,17.0,0.252111568,0.286756364,1143.723468,261.0,114.0,45.0,26.0,10.0,,1.0,,,,,,,,,,,,,,,,,,,,,,,,,,,,,,,,,,,,,,,,,,,,,,,,,,,,,,,,,,,,,,,,,,,,,,,,,,,,,,,,,,,,,,,,,,,,,,,,,,,,,,,,,,,,,,,,266.0,22.0,7.0,,,,,,,,,,,,,,,,,,,,,,,,,,,,,,,,,,,,,,,,,,,,,,,,,,,,,,,,,,,,,,,,,,,,,,,,,,,,,,,,,,,,,,,,,,,,,,,,,,,,,,,,,,,,2024,,,,1.0,3.0,,,,,,,,,,,,,,,,,,,,,,,,,,,,,3.533789747,12.11375247,,
25.0,1.47,35.57,2.37,,,,,,,,,,,,,,,,,13.0,6.29411765,1.0,18.0,6.0,1.0,1.0,,,17.0,27.0,8.23076923,,,,,,2.0,6.0,10.0,7.0,6.0,,,17.0,,,,,,,,,,,,,,,,,10.36845458,1.043633655,0.056007017,0.125483697,0.082003596,31.0,15.0,7.0,6.0,3.0,14.51636374,,,0.0604019,0.0018681,21.6050546,10.79792706,0.056007017,0.00127744,,0.290327275,0.290327275,,0.162583274,0.162583274,0.162583274,15.11764706,Jake Bobo,SEA,FA,133,4360405,,FA,,{},"['RB/WR', 'WR', 'WR/TE', 'RB/WR/TE', 'OP', 'BE', 'IR']",,,,,,,,,,,,,,,,,,,,1.0,,,,,,,,,,,,,,,,,,,,,,,,,,,,,,,,,,,,,,,,,,,,,,,,,,,,,,,4.0,,,,,,,,,,,,,,,,,,,,,,,,,,,,,,,,,,,,,,,,,,,,,,,,,,,,,,,,,,,,,,,,,,,,,,,,,,,,,,,,,,,,,,,,,,,,,,,,,,,,,,,,,,,,,,,,,,,,,,,,,,,,,,,,,,,,,,,,,,,,,,,,,,,,,,,,,,,,,,,,,,,,,,,2024,,,,,8.0,,,,,,,,,,,,,,,,,,,,,,,,,,,,,,6.908263344,,
10.0,0.59,64.14,4.28,,,,,,,,,,,,,,,,,8.0,2.11764706,,6.0,2.0,1.0,,,,13.0,41.0,4.5,,,,,,,,5.0,12.0,,,,17.0,2.085193369,0.120801211,0.022009792,0.001219974,,,,,,,,0.0038284,0.00267988,-4.51719e-06,-1.54154e-07,0.875808499,16.88067984,2.008685674,0.10117023,0.078146064,0.051068453,51.0,25.0,12.0,10.0,5.0,27.38783556,,,0.098472441,0.003045539,39.11685382,9.317865204,0.102390204,0.002593627,0.041703867,0.547756711,0.589460579,0.019183779,0.306743758,0.325927537,0.325927537,15.11764706,Gerald Everett,None,FA,82,3918639,,FA,,{},"['WR/TE', 'TE', 'RB/WR/TE', 'OP', 'BE', 'IR']",,,,,,,,,,,,,,,,,,,,,,,,,,,,,,,,,,,,,,,,,,,,,,,,,,,,,,,,,,,,,,,,,,,,,,,,,,,,,,,,,,,,,,,,,,,,,,,,,,,,,,,,,,,,,,,,,,,,,,,,,,,,,,,,,,,,,,,,,,,,,,,,,,,,,,,,,,,,,,,,,,,,,,,,,,,,,,,,,,,,,,,,,,,,,,,,,,,,,,,,,,,,,,,,,,,,,,,,,,,,,,,,,,,,,,,,,,,,,,,,,,2024,,,,,1.0,,,,,,,,,,,,,,,,,,,,,,,,,,,,,2.276743482,12.95157276,,
44.0,2.93,48.38,3.23,,,,,,,,,,,,,,,,,20.0,14.06666667,1.0,37.0,16.0,5.0,4.0,1.0,1.0,27.0,89.0,10.55,,1.0,,1.0,1.0,3.0,8.0,4.0,11.0,12.0,,,15.0,,,,,,,,,,,,,,,,,14.62541045,1.427071634,0.07136609,0.167144145,0.109228699,44.0,22.0,11.0,8.0,4.0,18.06990184,,,0.082928775,0.002564807,28.40309982,12.23591557,0.07136609,0.001590151,,0.361398037,0.361398037,,0.202382901,0.202382901,0.202382901,15.11764706,Cedrick Wilson Jr.,NO,FA,115,4036335,,FA,,{},"['RB/WR', 'WR', 'WR/TE', 'RB/WR/TE', 'OP', 'BE', 'IR']",,,,,,,,,,,,,,,,,,,,,,1.0,1.0,,1.4,1.0,4.0,2.0,1.0,,,,,,,,,,,,,1.0,1.0,,,,1.0,,,,,,,,,,,,,,,,,,,,,,,,,,,1.0,5.0,,,,,,,,,,,,,,,,,,,,,,,,,,,,,,,,,,,,,,,,,,,,,,,,,,,,,1.0,,,,,,,,,,,,,,,,,,,,,,,,,,,,,,,,,,,,,,,,,,,,,,,,,,,,,,,,,,,,,,,,,,,,,,,,,,,,,,,,,,,,,,,,,,,,,,,,,,,,,,,,,,,,,,,,,,2024,,,1.0,,8.0,,,,,,,,,,,,,,,,,,,,,,,,,,,,,,9.649688437,,
19.0,19.0,31.64,7.91,2.0,5.0,,1.0,,,,,,,,,,,,2.5,,,,,,,,,,,,,,,,,1.0,,,,1.0,12.0,,,1.0,3.483379846,1.789297668,0.157083821,0.007758299,1.0,,,,,,,0.006491106,0.004543774,0.001084968,3.70258e-05,2.054668451,,,,,,,,,,,,,,,,,,0.191663022,0.003890844,0.040080296,,0.884282811,0.018436936,,0.423654143,2.260645155,4.0,Jimmy Garoppolo,LAR,FA,51,16760,,FA,,{},"['QB', 'OP', 'BE', 'IR']",,,,,,,,,,,,,,,,,,,,,,41.0,27.0,14.0,334.0,2.0,66.0,33.0,16.0,13.0,6.0,3.0,5.0,2.0,2.0,1.0,,,1.0,,1.0,0.65853659,3.0,,2.0,,,,68.75765392,45.4239885,23.33366542,135.1119669,3.452287546,108.0,54.0,27.0,21.0,10.0,5.0,9.0,4.0,0.486504867,0.31793093,0.604332644,0.081629494,0.183904723,1.836991011,0.660639011,4.612014285,0.844202515,0.405217207,,,,,,,,,,,,,,,,,,,,,,,,,,,,,,,,,,,,,,,,,,,,,,,,,,,,,,,,,,,,,,,,,,,,,,,,,,,,,,,,,,,,,,,,,,,,,,,,,,,,,,,,,,,,,,,,,,,,,,,,,,,,,,,,,,,,,,,,,,,,,,,,,,,,,,,,,,,,,,,,,,,,,,,,,,,2024,,,16.0,,,,,,,,,,,,,,,,,,,,,,,,,,,,,,,0.814161046,,25.50354949,
62.0,7.75,0.0,0.0,,,,,,,,,,,,,,,,,,,,,,,,,,,,,,,,,,,,4.0,4.0,59.0,,,8.0,,,,,,,,,,,,,,,,,,,,,,,,,,,,,,,,,,,,,,,,,,,,Greg Joseph,NYJ,FA,31,3975763,,FA,,{},"['K', 'BE', 'IR']",,,,,,,,,,,,,,,,,,,,,,,,,,,,,,,,,,,,,,,,,,,,,,,,,,,,,,,,,,,,,,,,,,,,,,,,,,,,,,,1.0,2.0,5.0,9.0,4.0,10.0,10.0,,16.0,20.0,4.0,11.0,11.0,,1.0,2.0,,,,,,,,,,,,,,,,,,,,,,,,,,,,,,,,,,,,,,,,,,,,,,,,,,,,,,,,,,,,,,,,,,,,,,,,,,,,,,,,,,,,,,,,,,,,,,,,,,,,,,,,,1.0,1.0,,,,,,,,,,,,,,,,,,,,,,,,,,,,,,,,,,,,,,,,,,2024,,,,,,570.0,235.0,805.0,112.0,55.0,26.0,19.0,8.0,2.0,46.0,22.0,10.0,7.0,2.0,158.0,77.0,36.0,27.0,11.0,3.0,,,,,,,,,,,,
5.0,0.29,0.09,0.01,,,,,,,,,,,,,,,,,4.0,1.64705882,,4.0,1.0,,,,,5.0,23.0,7.0,,,,,,3.0,8.0,11.0,6.0,,,,17.0,,,,,,,,,,,,,,,,,,,,,,,,,,,,,,,,,,,,,,,,,,,17.0,Scott Matlock,LAC,FA,1,4373684,,FA,,{},"['DT', 'DL', 'DP', 'BE', 'IR', 'RB', 'RB/WR', 'RB/WR/TE', 'OP']",,,,,,,,,,,,,,,,,,,,,,,,,,,,,,,,,,,,,,,,,,,,,,,,,,,,,,,,,,,,,,,,,,,,,,,,,,,5.0,,,,,,,,,,,,,,,,,,,,,,,,,,,,,,,,,,,,,,,,,,,,,,,1.0,2.0,,,,,,,0.5,1.0,,,,,,,,,,,,,,,,,,,,,,,,,,,,,,,,0.022672171,0.025008607,0.16992248,0.1277886,0.014427745,1.41371275,2.827425501,0.008244426,0.014427745,0.022672171,0.261419199,31.93681607,10.0,6.0,0.69316789,,,,,,,,,,,,,,,,,,,,,,,,,,,,,,,,,,,,,,,,,,,,,,,,,,,,,,,,,,,,,,,15.28728174,16.64953434,2024,,,,,1.0,,,,,,,,,,,,,,,,,,,,,,,,,,,,,,,,1.938996763
52.0,4.33,65.32,4.67,,,,,,,,,,,,,,,,,23.0,19.5,2.0,43.0,19.0,7.0,6.0,1.0,1.0,32.0,125.0,10.17391304,,1.0,,1.0,1.0,,1.0,3.0,9.0,12.0,,,12.0,,,,,,,,,,,,,,,,,18.55157801,2.326448041,0.123211295,0.090983075,0.059457439,52.0,26.0,13.0,10.0,5.0,25.45538649,,,0.106719749,0.003300611,38.24220761,10.28877054,0.123211295,0.001370797,,0.311544783,0.311544783,,0.174465078,0.174465078,0.174465078,14.11764706,Tommy Tremble,CAR,FA,44,4372780,,FA,,{},"['WR/TE', 'TE', 'RB/WR/TE', 'OP', 'BE', 'IR']",,,,,,1.0,1.0,,,,,,,,,,,,,1.0,,,,,,,,,,,,,,,,,,,,,,,,,,,,,,,,,,,,,,,,,,,,,,,,,,,,,,1.0,1.0,,,,,,,,,,,,,,,,,,,,,,,,,,,,,,,,,,,,,,,,,,,,,,,,,,,,,,,,,,,,,,,,,,,,,,,,,,,,,,,,,,,,,,,,,,,,,,,,,,,,,,,,,,,,,,,,,,,,,,,,,,,,,,,,,,,,,,,,,,,,,,,,,,,,,,,,,,,,,,,,,,,,,,,2024,,,,,12.0,,,,,,,,,,,,,,,,,,,,,,,,,,,,,,12.8936652,,
22.0,2.75,,,1.0,1.125,,1.0,,,,,,,,,,,,9.0,11.0,18.875,,27.0,11.0,3.0,2.0,,,22.0,37.0,13.72727273,,1.0,,,,1.0,1.0,3.0,5.0,,,,8.0,,,,,,,,,,,,,,,,,,,,,,,,,,,,,,,,,,,,,,,,,,,,Kevin Austin Jr.,NO,FA,136,4372758,,FA,,{},"['RB/WR', 'WR', 'WR/TE', 'RB/WR/TE', 'OP', 'BE', 'IR']",,,,,,1.0,,,,,,,,,,,,,,,,,,,,,,,,,,,,,,,,,,,,,,,,,,,,,,,,,,,,,,,,,,,,,,,,,,,,,,,,,,,,,,,,,,,,,,,,,,,,,,,,,,,,,,,,,,,,,,,,,,,,,,,,,,,,,,,,,,,,,,,,,,,,,,,,,,,,,,,,,,,,,,,,,,,,,,,,,,,,,,,,,,,,,,,,,,,,,,,,,,,,,,,,,,,,,,,,,,,,,,,,,,,,,,,,,,,,,,,,,,,,2024,,,,,10.0,,,,,,,,,,,,,,,,,,,,,,,,,,,,,,,,
16.0,0.94,26.9,1.79,8.0,3.17647059,,9.0,3.0,1.0,1.0,,,,,,,,,6.75,8.0,5.35294118,,15.0,5.0,1.0,1.0,,,17.0,7.0,11.375,,,,,,1.0,3.0,11.0,6.0,,,,17.0,2.055097455,0.838439201,0.07970361,0.004985719,2.0,1.0,,,,,,0.003773077,0.002641154,0.000322602,1.10092e-05,6.167701626,7.519738565,0.795552918,0.037730316,0.113144484,0.07393992,22.0,11.0,5.0,4.0,2.0,9.815020227,,,0.04733603,0.001464001,16.01367921,11.58232494,0.042716035,0.00104457,0.041101949,0.196300405,0.237402354,0.018906897,0.109928227,0.128835123,0.128835123,15.11764706,Bo Melton,GB,FA,144,4259305,,FA,,{},"['RB/WR', 'WR', 'WR/TE', 'RB/WR/TE', 'OP', 'BE', 'IR']",,,,,,,,15.0,1.0,,,,,,,,,,,,,,,,,,,,,,,,,,,,,,,,,,,,,,,,,,,,,,,,,,,,,,,,,,,,,,,,,,2.0,,,,,,,,,,,,,,,,,,,,,,,,,,,,,,,,,,,,,,1.0,,,,,,,,,,,,,,,,,,,,,,,,,,,,,,,,,,,,,,,,,,,,,,,,,,,,,,,,,,,,,,,,,,,,,,,,,,,,,,,,,,,,,,,,,,,,,,,,,,,,,,,,,,,,,,,,,,,,,,,,,,,,,,,,,2024,,,,4.0,5.0,,,,,,,,,,,,,,,,,,,,,,,,,,,,,2.684245789,4.547639895,,
7.0,0.78,69.61,4.64,,,,,,,,,,,,,,,,,5.0,3.11111111,,5.0,2.0,,,,,12.0,15.0,5.6,,,,,,,,3.0,6.0,,,,9.0,,,,,,,,,,,,,,,,,21.73998808,1.431966099,0.078704054,0.118070355,0.077158977,65.0,32.0,16.0,13.0,6.0,29.22993759,,,0.147817031,0.004571661,45.83304117,11.24386482,0.078704054,0.001472915,,0.33475337,0.33475337,,0.187461887,0.187461887,0.187461887,15.11764706,Greg Dulcich,NYG,FA,91,4367209,,FA,,{},"['WR/TE', 'TE', 'RB/WR/TE', 'OP', 'BE', 'IR']",,,,,,,,,,,,,,,,,,,,,,,,,,,,,,,,,,,,,,,,,,,,,,,,,,,,,,,,,,,,,,,,,,,,,,,,,,,,,,,,,,,,,,,,,,,,,,,,,,,,,,,,,,,,,,,,,,,,,,,,,,,,,,,,,,,,,,,,,,,,,,,,,,,,,,,,,,,,,,,,,,,,,,,,,,,,,,,,,,,,,,,,,,,,,,,,,,,,,,,,,,,,,,,,,,,,,,,,,,,,,,,,,,,,,,,,,,,,,,,,,,2024,,,,,,,,,,,,,,,,,,,,,,,,,,,,,,,,,,,15.16139365,,
20.0,1.25,5.08,0.34,,,,,,,,,,,,,,,,,12.0,7.3125,,20.0,8.0,2.0,1.0,,,26.0,37.0,9.75,,,,,,2.0,4.0,9.0,7.0,,,,16.0,1.996259098,0.843325293,0.092143991,0.005755291,2.0,1.0,,,,,,0.003664937,0.002565456,0.000327127,1.11636e-05,6.386492687,1.308842075,0.149532566,0.007081352,0.108500501,0.070905078,3.0,1.0,,,,1.679773865,,,0.011193093,0.000346178,2.778730228,11.77933111,0.012836643,0.000323491,0.039925182,0.033595477,0.073520659,0.018365584,0.018813467,0.037179051,0.037179051,15.11764706,Xavier Hutchinson,HOU,FA,138,4686422,,FA,,{},"['RB/WR', 'WR', 'WR/TE', 'RB/WR/TE', 'OP', 'BE', 'IR']",,,,,,,,32.0,3.0,1.0,,,,,,,,,,,,,,,,,,,,,,,,,,,,,,,,,,,,,,,,,,,,,,,,,,,,,,,,,,,,,,,,,2.0,,,,,,,,,,,,,,,,,,,,,,,,,,,,,,,,,,,,,,,,,,,,,,,,,,,,,,,,,,,,,,,,,,,,,,,,,,,,,,,,,,,,,,,,,,,,,,,,,,,,,,,,,,,,,,,,,,,,,,,,,,,,,,,,,,,,,,,,,,,,,,,,,,,,,,,,,,,,,,,,,,,,,,,2024,,,,,6.0,,,,,,,,,,,,,,,,,,,,,,,,,,,,,2.692439615,-0.092420953,,
8.0,0.89,14.12,1.09,16.0,6.33333333,,10.0,4.0,1.0,1.0,,,1.0,,,,,,3.5625,3.0,2.11111111,,3.0,1.0,,,,,3.0,19.0,6.33333333,,,,,,,,4.0,5.0,,,,9.0,11.62404031,3.939171924,0.405657889,0.018110353,10.0,5.0,2.0,2.0,1.0,2.0,1.0,0.021461216,0.015022851,0.007074738,0.000241434,4.465261786,2.225252727,0.184206977,0.00964583,0.038523525,0.025175123,5.0,2.0,1.0,1.0,,3.631926281,,,0.015957575,0.000493533,5.369643992,8.073120111,0.027756182,0.000517777,0.089661746,0.028014773,0.117676519,0.041244403,0.015688273,0.056932676,0.056932676,13.17647059,Jeff Wilson Jr.,MIA,FA,110,3122976,,FA,,{},"['RB', 'RB/WR', 'RB/WR/TE', 'OP', 'BE', 'IR']",,,,,,,,,,,,,,,,,,,,,,,,,,,,,,,,,,,,,,,,,,,,,,,,,,,,,,,,,,,,,,,,,,,,,,,,,,,,,,,,,,,,,,,,,,,,,,,,,,,,,,,,,,,,,,,,,,,,,,,,,,,,,,,,,,,,,,,,,,,,,,,,,,,,,,,,,,,,,,,,,,,,,,,,,,,,,,,,,,,,,,,,,,,,,,,,,,,,,,,,,,,,,,,,,,,,,,,,,,,,,,,,,,,,,,,,,,,,,,,,,,2024,,,,3.0,,,,,,,,,,,,,,,,,,,,,,,,,,,,,,4.711292326,0.629638243,,
23.0,1.35,43.92,2.93,,,,,,,,,,,,,,,,,14.0,7.35294118,,23.0,9.0,3.0,2.0,,1.0,17.0,53.0,8.92857143,,,,,,2.0,4.0,3.0,14.0,,,,17.0,,,,,,,,,,,,,,,,,11.83089379,0.866779653,0.049312598,0.063590542,0.041556419,35.0,17.0,8.0,7.0,3.0,21.91720973,,,0.067384033,0.002084042,28.819674,8.160494833,0.049312598,0.001210438,,0.275099608,0.275099608,,0.154055781,0.154055781,0.154055781,15.11764706,Daniel Bellinger,NYG,FA,66,4361516,,FA,,{},"['WR/TE', 'TE', 'RB/WR/TE', 'OP', 'BE', 'IR']",,,,,,,,,,,,,,,,,,,,,,,,,,,,,,,,,,,,,,,,,,,,,,,,,,,,,,,,,,,,,,,,,,,,,,,,,,,2.0,,,,,,,,,,,,,,,,,,,,,,,,,,,,,,,,,,,,,,,,,,,,,,,,,,,,,,,,,,,,,,,,,,,,,,,,,,,,,,,,,,,,,,,,,,,,,,,,,,,,,,,,,,,,,,,,,,,,,,,,,,,,,,,,,,,,,,,,,,,,,,,,,,,,,,,,,,,,,,,,,,,,,,,2024,,,,,8.0,,,,,,,,,,,,,,,,,,,,,,,,,,,,,,9.132511407,,
25.0,3.57,38.11,2.54,,,,,,,,,,,,,,,,,9.0,16.85714286,1.0,23.0,10.0,4.0,3.0,,1.0,15.0,20.0,13.11111111,,,,,,,,2.0,5.0,6.0,,,7.0,,,,,,,,,,,,,,,,,11.59855118,1.115586163,0.055788635,0.163166559,0.106629346,35.0,17.0,8.0,7.0,3.0,14.47139693,,,0.066269487,0.002049572,22.65629918,12.11650845,0.055788635,0.000676532,,0.153757183,0.153757183,,0.086104022,0.086104022,0.086104022,15.11764706,Bub Means,NO,FA,133,4427985,,FA,,{},"['Rookie', 'RB/WR', 'WR', 'WR/TE', 'RB/WR/TE', 'OP', 'BE', 'IR']",,,,,,,,,,,,,,,,,,,,,,,,,,,,,,,,,,,,,,,,,,,,,,,,,,,,,,,,,,,,,,,,,,,,,,,,,,1.0,,,,,,,,,,,,,,,,,,,,,,,,,,,,,,,,,,,,,,,,,,,,,,,,,,,,,,,,,,,,,,,,,,,,,,,,,,,,,,,,,,,,,,,,,,,,,,,,,,,,,,,,,,,,,,,,,,,,,,,,,,,,,,,,,,,,,,,,,,,,,,,,,,,,,,,,,,,,,,,,,,,,,,,,2024,,,,,7.0,,,,,,,,,,,,,,,,,,,,,,,,,,,,,,7.440245764,,
0.0,0.0,0.0,0.0,,,,,,,,,,,,,,,,,,,,,,,,,,,,,,,,,,,,,,,,,,,,,,,,,,,,,,,,,,,,,,,,,,,,,,,,,,,,,,,,,,,,,Michael Thomas,None,FA,0,2976316,,FA,,{},"['RB/WR', 'WR', 'WR/TE', 'RB/WR/TE', 'OP', 'BE', 'IR']",,,,,,,,,,,,,,,,,,,,,,,,,,,,,,,,,,,,,,,,,,,,,,,,,,,,,,,,,,,,,,,,,,,,,,,,,,,,,,,,,,,,,,,,,,,,,,,,,,,,,,,,,,,,,,,,,,,,,,,,,,,,,,,,,,,,,,,,,,,,,,,,,,,,,,,,,,,,,,,,,,,,,,,,,,,,,,,,,,,,,,,,,,,,,,,,,,,,,,,,,,,,,,,,,,,,,,,,,,,,,,,,,,,,,,,,,,,,,,,,,,2024,,,,,,,,,,,,,,,,,,,,,,,,,,,,,,,,,,,,,
0.0,0.0,0.0,0.0,,,,,,,,,,,,,,,,,,,,,,,,,,,,,,,,,,,,,,,,,,,,,,,,,,,,,,,,,,,,,,,,,,,,,,,,,,,,,,,,,,,,,Rodrigo Blankenship,None,FA,0,3915165,,FA,,{},"['K', 'BE', 'IR']",,,,,,,,,,,,,,,,,,,,,,,,,,,,,,,,,,,,,,,,,,,,,,,,,,,,,,,,,,,,,,,,,,,,,,,,,,,,,,,,,,,,,,,,,,,,,,,,,,,,,,,,,,,,,,,,,,,,,,,,,,,,,,,,,,,,,,,,,,,,,,,,,,,,,,,,,,,,,,,,,,,,,,,,,,,,,,,,,,,,,,,,,,,,,,,,,,,,,,,,,,,,,,,,,,,,,,,,,,,,,,,,,,,,,,,,,,,,,,,,,,2024,,,,,,,,,,,,,,,,,,,,,,,,,,,,,,,,,,,,,
13.0,0.81,24.89,1.66,,,,,,,,,,,,,,,,,5.0,2.375,1.0,6.0,2.0,1.0,,,,15.0,15.0,7.6,,,,,,,,13.0,3.0,6.0,,,16.0,,,,,,,,,,,,,,,,,7.479791727,0.706484199,0.041856645,0.137870874,0.090098616,22.0,11.0,5.0,4.0,2.0,9.681859715,,,0.047137676,0.001457866,15.23498717,11.6792491,0.041856645,0.000452623,,0.102868816,0.102868816,,0.057606537,0.057606537,0.057606537,15.11764706,Johnny Wilson,PHI,FA,152,4686104,,FA,,{},"['Rookie', 'RB/WR', 'WR', 'WR/TE', 'RB/WR/TE', 'OP', 'BE', 'IR']",,,,,,,,,,,,,,,,,,,,1.0,,,,,,,,,,,,,,,,,,,,,,,,,,,,,,,,,,,,,,,,,,,,,,,,,,,,,,,,,,,,,,,,,,,,,,,,,,,,,,,,,,,,,,,,,,,,,,,,,,,,,,,,,,,,,,,,,,,,,,,,,,,,,,,,,,,,,,,,,,,,,,,,,,,,,,,,,,,,,,,,,,,,,,,,,,,,,,,,,,,,,,,,,,,,,,,,,,,,,,,,,,,,,,,,,,,,,,,,,,,,,,2024,,,,,3.0,,,,,,,,,,,,,,,,,,,,,,,,,,,,,,4.464213381,,
17.0,1.31,31.7,2.11,4.0,0.23076923,,,,,,,,,,,,,,0.75,11.0,6.07692308,,13.0,6.0,3.0,1.0,,,16.0,63.0,7.18181818,,1.0,,,,1.0,1.0,3.0,10.0,,,,13.0,1.991469321,0.862721186,0.078803753,0.00470308,2.0,1.0,,,,,,0.003656133,0.002559293,0.000344222,1.1747e-05,6.549091295,7.355579825,0.691809229,0.042682448,0.080125952,0.05236231,22.0,11.0,5.0,4.0,2.0,11.64317704,,,0.046556396,0.001439889,16.89886242,9.550577075,0.047385528,0.001141237,0.037883741,0.221488277,0.259372018,0.017426521,0.124033435,0.141459956,0.141459956,15.11764706,Devin Duvernay,None,FA,141,4039050,,FA,,{},"['RB/WR', 'WR', 'WR/TE', 'RB/WR/TE', 'OP', 'BE', 'IR']",,,,,,,,351.0,32.0,11.0,0.472315959,0.12996,1127.639987,363.375,112.0,45.0,36.0,14.0,,,,,,,,,,,,,,,,,,,,,,,,,,,,,,,,,,,,,,,,,,,,,,,,,,,,,,,,,,,,,,,,,,,,,,,,,,,,,,,,,,,,,,,,,,,,,,,,,,,,,,,,,,,,,,,,,,167.0,11.0,3.0,,,,,,,,,,,,,,,,,,,,,,,,,,,,,,,,,,,,,,,,,,,,,,,,,,,,,,,,,,,,,,,,,,,,,,,,,,,,,,,,,,,,,,,,,,,,,,,,,,,,,,,,,,,,2024,,,,1.0,7.0,,,,,,,,,,,,,,,,,,,,,,,,,,,,,2.692104124,4.853479319,,
33.0,2.2,12.19,0.87,,,,,,,,,,,,,,,,,20.0,13.53333333,,35.0,15.0,4.0,2.0,,,30.0,73.0,10.15,,3.0,,1.0,1.0,,,9.0,6.0,,,,15.0,,,,,,,,,,,,,,,,,3.817843749,0.409096447,0.019372812,0.071679582,0.046842607,10.0,5.0,2.0,2.0,1.0,4.779799619,,,0.026694628,0.000825607,8.336190683,11.27640798,0.019372812,0.000345209,,0.078456597,0.078456597,,0.043935694,0.043935694,0.043935694,14.11764706,Robert Woods,HOU,FA,120,15880,,FA,,{},"['RB/WR', 'WR', 'WR/TE', 'RB/WR/TE', 'OP', 'BE', 'IR']",,,,,,3.0,1.0,144.0,14.0,4.0,,,,,,,,,,,,,,,,,,,,,,,,,,,,,,,,,,,,,,,,,,,,,,,,,,,,,,,,,,,,,,,,,,,,,,,,,,,,,,,,,,,,,,,,,,,,,,,,,,,,,,,,,,,,,,,,,,,,,,,,,,144.0,11.0,2.0,,,,,,,,,,,,,,,,,,,,,,,,,,,,,,,,,,,,,,,,,,,,,,,,,,,,,,,,,,,,,,,,,,,,,,,,,,,,,,,,,,,,,,,,,,,,,,,,,,,,,,,,,,,,2024,,,,,12.0,,,,,,,,,,,,,,,,,,,,,,,,,,,,,,1.661001904,,
0.0,0.0,36.82,2.45,,,,,,,,,,,,,,,,,,,,,,,,,,4.0,,,,,,,,1.0,1.0,2.0,4.0,,,,6.0,,,,,,,,,,,,,,,,,9.54147039,0.924504136,0.048370528,0.094329108,0.061644072,28.0,14.0,7.0,5.0,2.0,14.49139729,,,0.070459503,0.00217916,20.66156773,9.95380769,0.048370528,0.001275243,,0.289827946,0.289827946,,0.16230365,0.16230365,0.16230365,15.11764706,Braxton Berrios,HOU,FA,215,3123075,,FA,,{},"['RB/WR', 'WR', 'WR/TE', 'RB/WR/TE', 'OP', 'BE', 'IR']",,,,,,,,76.0,6.0,2.0,0.370955535,0.12996,1241.346226,317.3,124.0,49.0,31.0,12.0,,,,,,,,,,,,,,,,,,,,,,,,,,,,,,,,,,,,,,,,,,,,,,,,,,,,,,,,,,,,,,,,,,,,,,,,,,,,,,,,,,,,,,,,,,,,,,,,,,,,,,,,,,,,,,,,,,103.0,8.0,2.0,,,,,,,,,,,,,,,,,,,,,,,,,,,,,,,,,,,,,,,,,,,,,,,,,,,,,,,,,,,,,,,,,,,,,,,,,,,,,,,,,,,,,,,,,,,,,,,,,,,,,,,,,,,,2024,,,,,,,,,,,,,,,,,,,,,,,,,,,,,,,,,,,6.509101104,,
0.0,0.0,0.0,0.0,,,,,,,,,,,,,,,,,,,,,,,,,,,,,,,,,,,,,,,,,,,,,,,,,,,,,,,,,,,,,,,,,,,,,,,,,,,,,,,,,,,,,Chris Naggar,None,FA,0,4241822,,FA,,{},"['K', 'BE', 'IR']",,,,,,,,,,,,,,,,,,,,,,,,,,,,,,,,,,,,,,,,,,,,,,,,,,,,,,,,,,,,,,,,,,,,,,,,,,,,,,,,,,,,,,,,,,,,,,,,,,,,,,,,,,,,,,,,,,,,,,,,,,,,,,,,,,,,,,,,,,,,,,,,,,,,,,,,,,,,,,,,,,,,,,,,,,,,,,,,,,,,,,,,,,,,,,,,,,,,,,,,,,,,,,,,,,,,,,,,,,,,,,,,,,,,,,,,,,,,,,,,,,2024,,,,,,,,,,,,,,,,,,,,,,,,,,,,,,,,,,,,,
24.0,1.41,16.28,1.09,,,,,,,,,,,,,,,,,11.0,5.70588235,1.0,17.0,7.0,3.0,2.0,,,14.0,35.0,8.81818182,,1.0,,,,3.0,4.0,6.0,11.0,6.0,,,17.0,,,,,,,,,,,,,,,,,4.459192594,0.596242748,0.026313811,0.097559429,0.063755087,13.0,6.0,3.0,2.0,1.0,6.731289103,,,0.032027433,0.000990539,9.823645974,10.01479788,0.026313811,0.000339194,,0.077089515,0.077089515,,0.043170128,0.043170128,0.043170128,15.11764706,Eric Saubert,SF,FA,64,2975863,,FA,,{},"['WR/TE', 'TE', 'RB/WR/TE', 'OP', 'BE', 'IR']",,,,,,1.0,,,,,,,,,,,,,,1.0,,,,,,,,,,,,,,,,,,,,,,,,,,,,,,,,,,,,,,,,,,,,,,,,,,,,,,,1.0,,,,,,,,,,,,,,,,,,,,,,,,,,,,,,,,,,,,,,,,,,,,,,,,,,,,,,,,,,,,,,,,,,,,,,,,,,,,,,,,,,,,,,,,,,,,,,,,,,,,,,,,,,,,,,,,,,,,,,,,,,,,,,,,,,,,,,,,,,,,,,,,,,,,,,,,,,,,,,,,,,,,,,,2024,,,,,5.0,,,,,,,,,,,,,,,,,,,,,,,,,,,,,,2.487357874,,
9.0,0.6,31.02,2.07,,,,,,,,,,,,,,,,,6.0,2.6,,7.0,3.0,1.0,1.0,,1.0,13.0,21.0,6.5,,,,,,1.0,1.0,9.0,6.0,,,,15.0,,,,,,,,,,,,,,,,,8.772672789,0.819938606,0.043919504,0.121826812,0.079613822,26.0,13.0,6.0,5.0,2.0,13.17332777,,,0.055306758,0.001710518,18.33700464,10.06747674,0.043919504,0.000663812,,0.150866414,0.150866414,,0.084485192,0.084485192,0.084485192,15.11764706,Davis Allen,LAR,FA,84,4426553,,FA,,{},"['WR/TE', 'TE', 'RB/WR/TE', 'OP', 'BE', 'IR']",,,,,,,,,,,,,,,,,,,,,,,,,,,,,,,,,,,,,,,,,,,,,,,,,,,,,,,,,,,,,,,,,,,,,,,,,,,,,,,,,,,,,,,,,,,,,,,,,,,,,,,,,,,,,,,,,,,,,,,,,,,,,,,,,,,,,,,,,,,,,,,,,,,,,,,,,,,,,,,,,,,,,,,,,,,,,,,,,,,,,,,,,,,,,,,,,,,,,,,,,,,,,,,,,,,,,,,,,,,,,,,,,,,,,,,,,,,,,,,,,,2024,,,,,2.0,,,,,,,,,,,,,,,,,,,,,,,,,,,,,,5.845410616,,
29.0,1.93,8.7,0.62,,,,,,,,,,,,,,,,,15.0,8.86666667,1.0,23.0,8.0,2.0,2.0,,,22.0,94.0,8.86666667,,,,,,6.0,6.0,9.0,6.0,6.0,,,15.0,,,,,,,,,,,,,,,,,2.729317687,0.312204654,0.01478593,0.096027709,0.062754108,7.0,3.0,1.0,1.0,,3.847440611,,,0.020227486,0.000625592,5.557460455,10.01485084,0.01478593,0.000194708,,0.044251789,0.044251789,,0.024781002,0.024781002,0.024781002,14.11764706,Cade Stover,HOU,FA,60,4426496,,FA,,{},"['Rookie', 'WR/TE', 'TE', 'RB/WR/TE', 'OP', 'BE', 'IR']",,,,,,,,,,,,,,,,,,,,,,,,,,,,,,,,,,,,,,,,,,,,,,,,,,,,,,,,,,,,,,,,,,,,,,,,,,1.0,,,,,,,,,,,,,,,,,,,,,,,,,,,,,,,,,,,,,,,,,,,,,,,,,,,,,,1.0,,,,,,,,,,,,,,,,,,,,,,,,,,,,,,,,,,,,,,,,,,,,,,,,,,,,,,,,,,,,,,,,,,,,,,,,,,,,,,,,,,,,,,,,,,,,,,,,,,,,,,,,,,,,,,,,,,2024,,,,,5.0,,,,,,,,,,,,,,,,,,,,,,,,,,,,,,0.985092617,,
28.0,1.65,82.78,5.52,,,,,,,,,,,,,,,,,14.0,10.70588235,,32.0,14.0,6.0,3.0,,,31.0,109.0,13.0,,,,,,5.0,5.0,8.0,9.0,,,,17.0,,,,,,,,,,,,,,,,,23.88449859,2.05531052,0.149742933,0.092529676,0.060468143,72.0,36.0,18.0,14.0,7.0,34.6022001,,,0.177728385,0.005496754,53.23176511,10.43510005,0.149742933,0.001806387,,0.410542459,0.410542459,,0.229903777,0.229903777,0.229903777,15.11764706,Kylen Granson,PHI,FA,61,4039160,,FA,,{},"['WR/TE', 'TE', 'RB/WR/TE', 'OP', 'BE', 'IR']",,,,,,,,,,,,,,,,,,,,,,,,,,,,,,,,,,,,,,,,,,,,,,,,,,,,,,,,,,,,,,,,,,,,,,,,,,,,,,,,,,,,,,,,,,,,,,,,,,,,,,,,,,,,,,,,,,,,,,,,,,,,,,,,,,,,,,,,,,,,,,,,,,,,,,,,,,,,,,,,,,,,,,,,,,,,,,,,,,,,,,,,,,,,,,,,,,,,,,,,,,,,,,,,,,,,,,,,,,,,,,,,,,,,,,,,,,,,,,,,,,2024,,,,,8.0,,,,,,,,,,,,,,,,,,,,,,,,,,,,,,17.53481984,,
0.0,0.0,0.0,0.0,,,,,,,,,,,,,,,,,,,,,,,,,,,,,,,,,,,,,,,,,,,,,,,,,,,,,,,,,,,,,,,,,,,,,,,,,,,,,,,,,,,,,Teddy Bridgewater,DET,FA,0,16728,,FA,,{},"['QB', 'OP', 'BE', 'IR']",,,,,,,,,,,,,,,,,,,,,,,,,,,,,,,,,,,,,,,,,,,,,,,,,,,,,,,,,,,,,,,,,,,,,,,,,,,,,,,,,,,,,,,,,,,,,,,,,,,,,,,,,,,,,,,,,,,,,,,,,,,,,,,,,,,,,,,,,,,,,,,,,,,,,,,,,,,,,,,,,,,,,,,,,,,,,,,,,,,,,,,,,,,,,,,,,,,,,,,,,,,,,,,,,,,,,,,,,,,,,,,,,,,,,,,,,,,,,,,,,,2024,,,,,,,,,,,,,,,,,,,,,,,,,,,,,,,,,,,,,
0.0,0.0,0.0,0.0,,,,,,,,,,,,,,,,,,,,,,,,,,,,,,,,,,,,,,,,,,,,,,,,,,,,,,,,,,,,,,,,,,,,,,,,,,,,,,,,,,,,,Leonard Fournette,None,FA,0,3115364,,FA,,{},"['RB', 'RB/WR', 'RB/WR/TE', 'OP', 'BE', 'IR']",,,,,,,,,,,,,,,,,,,,,,,,,,,,,,,,,,,,,,,,,,,,,,,,,,,,,,,,,,,,,,,,,,,,,,,,,,,,,,,,,,,,,,,,,,,,,,,,,,,,,,,,,,,,,,,,,,,,,,,,,,,,,,,,,,,,,,,,,,,,,,,,,,,,,,,,,,,,,,,,,,,,,,,,,,,,,,,,,,,,,,,,,,,,,,,,,,,,,,,,,,,,,,,,,,,,,,,,,,,,,,,,,,,,,,,,,,,,,,,,,,2024,,,,,,,,,,,,,,,,,,,,,,,,,,,,,,,,,,,,,
-2.0,-0.67,48.42,8.07,1.0,0.66666667,,,,,,,,,,,,,,2.0,,,,,,,,,,,,,,,,,1.0,1.0,1.0,1.0,2.0,,,,3.0,10.97969519,9.503150703,0.730062681,0.0363122,11.0,5.0,2.0,2.0,1.0,2.0,1.0,0.020817372,0.01457216,0.04716709,0.001609632,5.19312269,,,,,,,,,,,,,,,,,,0.265669402,0.0053549,0.111370244,,1.217022773,0.051230312,,0.581943526,3.310724571,6.0,Sam Howell,SEA,FA,79,4426875,,FA,,{},"['QB', 'OP', 'BE', 'IR']",,,,,,,,,,,,,,,,,,,,,,14.0,5.0,9.0,8.0,,4.0,2.0,1.0,,,,1.0,,1.0,,,,,,1.0,0.35714286,4.0,,,,,,101.1114278,65.2705375,35.84089031,117.9289987,4.274736464,141.0,70.0,35.0,28.0,14.0,7.0,13.0,6.0,0.567670967,0.370972977,0.54349705,0.073412201,0.229357201,2.728781045,0.645530767,7.891904945,1.105652529,0.530713214,,,,,,,,,,,,,,,,,,,,,,,,,,,,,,,,,,,,,,,,,,,,,,,,,,,,,,,,,,,,,,,,,,,,,,,,,,,,,,,,,,,,,,,,,,,,,,,,,,,,,,,,,,,,,,,,,,,,,,,,,,,,,,,,,,,,,,,,,,,,,,,,,,,,,,,,,,,,,,,,,,,,,,,,,,,2024,,,1.0,,,,,,,,,,,,,,,,,,,,,,,,,,,,,,,3.502221362,,34.70954666,
0.0,0.0,0.0,0.0,,,,,,,,,,,,,,,,,,,,,,,,,,,,,,,,,,,,,,,,,,,,,,,,,,,,,,,,,,,,,,,,,,,,,,,,,,,,,,,,,,,,,Nick Foles,None,FA,0,14877,,FA,,{},"['QB', 'OP', 'BE', 'IR']",,,,,,,,,,,,,,,,,,,,,,,,,,,,,,,,,,,,,,,,,,,,,,,,,,,,,,,,,,,,,,,,,,,,,,,,,,,,,,,,,,,,,,,,,,,,,,,,,,,,,,,,,,,,,,,,,,,,,,,,,,,,,,,,,,,,,,,,,,,,,,,,,,,,,,,,,,,,,,,,,,,,,,,,,,,,,,,,,,,,,,,,,,,,,,,,,,,,,,,,,,,,,,,,,,,,,,,,,,,,,,,,,,,,,,,,,,,,,,,,,,2024,,,,,,,,,,,,,,,,,,,,,,,,,,,,,,,,,,,,,
21.0,1.31,10.64,0.76,12.0,2.375,,6.0,1.0,,,,,,,,,,,3.16666667,12.0,6.9375,,19.0,8.0,2.0,1.0,,,16.0,84.0,9.25,,,,,,4.0,12.0,7.0,9.0,,,,16.0,4.198582637,1.268790129,0.136668866,0.007969115,3.0,1.0,,,,,,0.007717474,0.005402232,0.000711786,2.42905e-05,4.28405667,2.350627969,0.198327112,0.009614218,0.040830069,0.02668245,6.0,3.0,1.0,1.0,,4.672849784,,,0.017991794,0.000556447,6.091787618,7.131324525,0.017583333,0.000332461,0.035760006,0.039799416,0.075559421,0.016449603,0.022287673,0.038737275,0.038737275,14.17647059,Hunter Luepke,DAL,FA,95,4383396,,FA,,{},"['RB', 'RB/WR', 'RB/WR/TE', 'OP', 'BE', 'IR']",,,,,,,,,,,,,,,,,,,,,,,,,,,,,,,,,,,,,,,,,,,,,,,,,,,,,,,,,,,,,,,,,,,,,,,,,,,8.0,,,,,,,,,,,,,,,,,,,,,,,,,,,,,,,,,,,,,,,,,,,,,,,,,,,,,1.0,,,,,,,,,,,,,,,,,,,,,,,,,,,,,,,,,,,,,,,,,,,,,,,,,,,,,,,,,,,,,,,,,,,,,,,,,,,,,,,,,,,,,,,,,,,,,,,,,,,,,,,,,,,,,,,,,,2024,,,,6.0,5.0,,,,,,,,,,,,,,,,,,,,,,,,,,,,,3.036289588,0.915419835,,
34.0,3.09,29.15,1.94,1.0,0.09090909,,,,,,,,,,,,,,1.0,19.0,14.0,1.0,26.0,11.0,3.0,2.0,,1.0,23.0,97.0,8.10526316,,1.0,,1.0,1.0,4.0,4.0,6.0,5.0,6.0,,,11.0,,,,,,,,,,,,,,,,,7.972720778,0.619717563,0.030190278,0.078526354,0.051316972,24.0,12.0,6.0,4.0,2.0,13.50201101,,,0.049631878,0.001535007,18.48750871,8.926727929,0.030190278,0.0005443,,0.123704505,0.123704505,,0.069274523,0.069274523,0.069274523,15.11764706,Tanner Hudson,CIN,FA,51,3050481,,FA,,{},"['WR/TE', 'TE', 'RB/WR/TE', 'OP', 'BE', 'IR']",,,,,,1.0,1.0,,,,,,,,,,,,,1.0,,,,,,,,,,,,,,,,,,,,,,,,,,,,,,,,,,,,,,,,,,,,,,,,,,,,,,,,,,,,,,,,,,,,,,,,,,,,,,,,,,,,,,,,,,,,,,,,,,,,,,,,,,,,,,,,,,,,,,,,,,,,,,,,,,,,,,,,,,,,,,,,,,,,,,,,,,,,,,,,,,,,,,,,,,,,,,,,,,,,,,,,,,,,,,,,,,,,,,,,,,,,,,,,,,,,,,,,,,,,,,2024,,,,1.0,9.0,,,,,,,,,,,,,,,,,,,,,,,,,,,,,,5.504966533,,
2.0,0.18,30.49,2.03,,,,,,,,,,,,,,,,,1.0,1.09090909,,2.0,1.0,,,,,4.0,,12.0,,,,,,,,3.0,8.0,,,,11.0,,,,,,,,,,,,,,,,,9.613925992,0.644517151,0.034946286,0.109531408,0.071578775,29.0,14.0,7.0,5.0,2.0,12.70198191,,,0.058118569,0.001797482,20.71157072,11.44230412,0.034946286,0.000593812,,0.134957321,0.134957321,,0.0755761,0.0755761,0.0755761,15.11764706,Javon Baker,NE,FA,196,4692022,,FA,,{},"['Rookie', 'RB/WR', 'WR', 'WR/TE', 'RB/WR/TE', 'OP', 'BE', 'IR']",,,,,,,,79.0,7.0,2.0,,,,,,,,,,,,,,,,,,,,,,,,,,,,,,,,,,,,,,,,,,,,,,,,,,,,,,,,,,,,,,,,,,,,,,,,,,,,,,,,,,,,,,,,,,,,,,,,,,,,,,,,,,,,,,,,,,,,,,,,,,,,,,,,,,,,,,,,,,,,,,,,,,,,,,,,,,,,,,,,,,,,,,,,,,,,,,,,,,,,,,,,,,,,,,,,,,,,,,,,,,,,,,,,,,,,,,,,,,,,,,,,,,,,,,,,2024,,,,,1.0,,,,,,,,,,,,,,,,,,,,,,,,,,,,,,6.016948974,,
24.0,4.0,16.31,1.09,,,,,,,,,,,,,,,,,9.0,12.0,2.0,14.0,5.0,2.0,2.0,,,13.0,11.0,8.0,,2.0,,1.0,1.0,,1.0,5.0,1.0,12.0,,,6.0,,,,,,,,,,,,,,,,,4.346021404,0.227545303,0.012518935,0.06015241,0.0393096,13.0,6.0,3.0,2.0,1.0,7.223645634,,,0.031541141,0.000975499,10.77466031,9.095354481,0.012518935,0.00062525,,0.142102179,0.142102179,,0.07957722,0.07957722,0.07957722,15.11764706,Jamison Crowder,WSH,FA,135,2576716,,FA,,{},"['RB/WR', 'WR', 'WR/TE', 'RB/WR/TE', 'OP', 'BE', 'IR']",,,,,,,,,,,0.179364013,0.12996,588.5381688,246.5869565,58.0,23.0,24.0,9.0,,2.0,,,,,,,,,,,,,,,,,,,,,,,,,,,,,,,,,,,,,,,,,,,,,,,,,,,,,,,1.0,,,,,,,,,,,,,,,,,,,,,,,,,,,,,,,,,,,,,,,,,,,,,,,,,,,,,,,,,81.0,7.0,1.0,,,,,,,,,,,,,,,,,,,,,,,,,,,,,,,,,,,,,,,,,,,,,,,,,,,,,,,,,,,,,,,,,,,,,,,,,,,,,,,,,,,,,,,,,,,,,,,,,,,,,,,,,,,,2024,,,,,4.0,,,,,,,,,,,,,,,,,,,,,,,,,,,,,,2.401636609,,
17.0,2.12,29.87,1.99,,,,,,,,,,,,,,,,,7.0,7.125,1.0,10.0,4.0,2.0,1.0,,,18.0,16.0,8.14285714,,,,,,,,4.0,4.0,6.0,,,8.0,,,,,,,,,,,,,,,,,9.150019202,0.638384313,0.034675037,0.077899702,0.050907455,27.0,13.0,6.0,5.0,2.0,13.26453328,,,0.059186506,0.00183051,21.3108383,10.42831722,0.034675037,0.001167279,,0.265290666,0.265290666,,0.148562773,0.148562773,0.148562773,15.11764706,K.J. Osborn,WSH,FA,141,3916566,,FA,,{},"['RB/WR', 'WR', 'WR/TE', 'RB/WR/TE', 'OP', 'BE', 'IR']",,,,,,,,,,,,,,,,,,,,,1.0,,,,,,,,,,,,,,,,,,,,,,,,,,,,,,,,,,,,,,,,,,,,,,,,,,,,,,,,,,,,,,,,,,,,,,,,,,,,,,,,,,,,,,,,,,,,,,,,,,,,,,,,,,,,,,,,,,,,,,,,,,,,,,,,,,,,,,,,,,,,,,,,,,,,,,,,,,,,,,,,,,,,,,,,,,,,,,,,,,,,,,,,,,,,,,,,,,,,,,,,,,,,,,,,,,,,,,,,,,,,,2024,,,,,2.0,,,,,,,,,,,,,,,,,,,,,,,,,,,,,,5.949269193,,
40.0,2.35,45.42,3.03,,,,,,,,,,,,,,,,,13.0,11.05882353,2.0,34.0,15.0,6.0,4.0,1.0,,22.0,98.0,14.46153846,,,,,,,,10.0,7.0,12.0,,,17.0,,,,,,,,,,,,,,,,,12.43854874,1.456363651,0.080084858,0.083123813,0.054321411,37.0,18.0,9.0,7.0,3.0,18.75769013,,,0.070415575,0.002177801,28.43466849,10.02477323,0.080084858,0.000955046,,0.217055932,0.217055932,,0.121551322,0.121551322,0.121551322,15.11764706,Adam Trautman,DEN,FA,48,3911853,,FA,,{},"['WR/TE', 'TE', 'RB/WR/TE', 'OP', 'BE', 'IR']",,,,,,,,,,,,,,,,,,,,,,,,,,,,,,,,,,,,,,,,,,,,,,,,,,,,,,,,,,,,,,,,,,,,,,,,,,2.0,,,,,,,,,,,,,,,,,,,,,,,,,,,,,,,,,,,,,,,,,,,,,,,,,,,,,,,,,,,,,,,,,,,,,,,,,,,,,,,,,,,,,,,,,,,,,,,,,,,,,,,,,,,,,,,,,,,,,,,,,,,,,,,,,,,,,,,,,,,,,,,,,,,,,,,,,,,,,,,,,,,,,,,,2024,,,,,8.0,,,,,,,,,,,,,,,,,,,,,,,,,,,,,,8.906765281,,
0.0,0.0,28.5,1.9,,,,,,,,,,,,,,,,,,,,,,,,,,3.0,,,,,,,,,,6.0,,,,,6.0,,,,,,,,,,,,,,,,,8.131765238,1.017339293,0.03330191,0.151793064,0.099196767,24.0,12.0,6.0,4.0,2.0,9.712605646,,,0.05271036,0.001630217,16.12696543,12.65707281,0.03330191,0.000854709,,0.194252113,0.194252113,,0.108781183,0.108781183,0.108781183,15.11764706,Skyy Moore,KC,FA,215,4430191,,FA,,{},"['RB/WR', 'WR', 'WR/TE', 'RB/WR/TE', 'OP', 'BE', 'IR']",,,,,,,,43.0,3.0,1.0,0.125219461,0.01368,410.8763563,21.5625,41.0,16.0,2.0,,,,,,,,,,,,,,,,,,,,,,,,,,,,,,,,,,,,,,,,,,,,,,,,,,,,,,,,,,,,,,,,,,,,,,,,,,,,,,,,,,,,,,,,,,,,,,,,,,,,,,,,,,,,,,,,,,,,,,,,,,,,,,,,,,,,,,,,,,,,,,,,,,,,,,,,,,,,,,,,,,,,,,,,,,,,,,,,,,,,,,,,,,,,,,,,,,,,,,,,,,,,,,,,,,,,,,,,,,,,,,,,,2024,,,,,,,,,,,,,,,,,,,,,,,,,,,,,,,,,,,4.870133135,,
0.0,0.0,0.0,0.0,,,,,,,,,,,,,,,,,,,,,,,,,,,,,,,,,,,,,,,,,,,,,,,,,,,,,,,,,,,,,,,,,,,,,,,,,,,,,,,,,,,,,Rondale Moore,None,FA,0,4372485,,FA,,{},"['RB/WR', 'WR', 'WR/TE', 'RB/WR/TE', 'OP', 'BE', 'IR']",,,,,,,,,,,,,,,,,,,,,,,,,,,,,,,,,,,,,,,,,,,,,,,,,,,,,,,,,,,,,,,,,,,,,,,,,,,,,,,,,,,,,,,,,,,,,,,,,,,,,,,,,,,,,,,,,,,,,,,,,,,,,,,,,,,,,,,,,,,,,,,,,,,,,,,,,,,,,,,,,,,,,,,,,,,,,,,,,,,,,,,,,,,,,,,,,,,,,,,,,,,,,,,,,,,,,,,,,,,,,,,,,,,,,,,,,,,,,,,,,,2024,,,,,,,,,,,,,,,,,,,,,,,,,,,,,,,,,,,,,
12.0,0.71,7.46,0.53,2.0,0.58823529,1.0,2.0,1.0,,,,,,,,,,,5.0,5.0,2.05882353,,6.0,2.0,,,,,6.0,29.0,7.0,,1.0,,1.0,1.0,2.0,4.0,14.0,3.0,6.0,1.0,,17.0,1.902280304,0.568302267,0.058031662,0.003159547,1.0,,,,,,,0.003492224,0.002444556,0.000109319,3.73064e-06,4.235190973,2.073862061,0.104866838,0.005419403,0.03423041,0.022369573,5.0,2.0,1.0,1.0,,4.531208407,,,0.016106656,0.000498144,5.8891235,6.488345244,0.00857895,0.000260277,0.017490861,0.041663018,0.059153879,0.008045796,0.02333129,0.031377086,0.031377086,14.17647059,C.J. Ham,MIN,FA,104,4012556,,FA,,{},"['RB', 'RB/WR', 'RB/WR/TE', 'OP', 'BE', 'IR']",,,,,,1.0,1.0,,,,,,,,,,,,,,,,,,,,,,,,,,,,,,,,,,,,,,,,,,,,,,,,,,,,,,,,,,,,,,,,,,,,2.0,,,,,,,,,,,,,,,,,,,,,,,,,,,,,,,,,,,,,,1.0,,,,,,,1.0,,,,,,,,,,,,,,,,,,,,,,,,,,,,,,,,,,,,,,,,,,,,,,,,,,,,,,,,,,,,,,,,,,,,,,,,,,,,,,,,,,,,,,,,,,,,,,,,,,,,,,,,,,,,,,,,,,,,,,,,,,2024,,,,1.0,1.0,,,,,,,,,,,,,,,,,,,,,,,,,,,,,2.502853045,0.736721231,,
0.0,0.0,0.0,0.0,,,,,,,,,,,,,,,,,,,,,,,,,,,,,,,,,,,,,,,,,,,,,,,,,,,,,,,,,,,,,,,,,,,,,,,,,,,,,,,,,,,,,Matt Ryan,None,FA,0,11237,,FA,,{},"['QB', 'OP', 'BE', 'IR']",,,,,,,,,,,,,,,,,,,,,,,,,,,,,,,,,,,,,,,,,,,,,,,,,,,,,,,,,,,,,,,,,,,,,,,,,,,,,,,,,,,,,,,,,,,,,,,,,,,,,,,,,,,,,,,,,,,,,,,,,,,,,,,,,,,,,,,,,,,,,,,,,,,,,,,,,,,,,,,,,,,,,,,,,,,,,,,,,,,,,,,,,,,,,,,,,,,,,,,,,,,,,,,,,,,,,,,,,,,,,,,,,,,,,,,,,,,,,,,,,,2024,,,,,,,,,,,,,,,,,,,,,,,,,,,,,,,,,,,,,
0.0,0.0,0.0,0.0,,,,,,,,,,,,,,,,,,,,,,,,,,,,,,,,,,,,,,,,,,,,,,,,,,,,,,,,,,,,,,,,,,,,,,,,,,,,,,,,,,,,,Trace McSorley,None,FA,0,3116172,,FA,,{},"['QB', 'OP', 'BE', 'IR']",,,,,,,,,,,,,,,,,,,,,,,,,,,,,,,,,,,,,,,,,,,,,,,,,,,,,,,,,,,,,,,,,,,,,,,,,,,,,,,,,,,,,,,,,,,,,,,,,,,,,,,,,,,,,,,,,,,,,,,,,,,,,,,,,,,,,,,,,,,,,,,,,,,,,,,,,,,,,,,,,,,,,,,,,,,,,,,,,,,,,,,,,,,,,,,,,,,,,,,,,,,,,,,,,,,,,,,,,,,,,,,,,,,,,,,,,,,,,,,,,,2024,,,,,,,,,,,,,,,,,,,,,,,,,,,,,,,,,,,,,
0.0,0.0,0.0,0.0,,,,,,,,,,,,,,,,,,,,,,,,,,,,,,,,,,,,,,,,,,,,,,,,,,,,,,,,,,,,,,,,,,,,,,,,,,,,,,,,,,,,,Jimmy Graham,None,FA,0,13232,,FA,,{},"['WR/TE', 'TE', 'RB/WR/TE', 'OP', 'BE', 'IR']",,,,,,,,,,,,,,,,,,,,,,,,,,,,,,,,,,,,,,,,,,,,,,,,,,,,,,,,,,,,,,,,,,,,,,,,,,,,,,,,,,,,,,,,,,,,,,,,,,,,,,,,,,,,,,,,,,,,,,,,,,,,,,,,,,,,,,,,,,,,,,,,,,,,,,,,,,,,,,,,,,,,,,,,,,,,,,,,,,,,,,,,,,,,,,,,,,,,,,,,,,,,,,,,,,,,,,,,,,,,,,,,,,,,,,,,,,,,,,,,,,2024,,,,,,,,,,,,,,,,,,,,,,,,,,,,,,,,,,,,,
33.0,1.94,7.33,0.49,,,,,,,,,,,,,,,,,11.0,11.35294118,1.0,36.0,16.0,6.0,5.0,2.0,,12.0,122.0,17.54545455,,1.0,,,,1.0,3.0,12.0,5.0,6.0,,,17.0,,,,,,,,,,,,,,,,,2.331906772,0.200136184,0.0116185,0.133086888,0.086972281,7.0,3.0,1.0,1.0,,2.735311977,,,0.018742974,0.00057968,4.735786858,12.88808876,0.0116185,0.000240707,,0.05470624,0.05470624,,0.030635494,0.030635494,0.030635494,15.11764706,Tylan Wallace,BAL,FA,120,4241424,,FA,,{},"['RB/WR', 'WR', 'WR/TE', 'RB/WR/TE', 'OP', 'BE', 'IR']",,1.0,1.0,1.0,1.0,,,,,,0.019949371,0.0513,65.45887488,82.8,6.0,2.0,8.0,3.0,,,,,,,,,,,,,,,,,,,,,,,,,,,,,,,,,,,,,,,,,,,,,,,,,,,,,,,,,2.0,,,,,,,,,,,,,,,,,,,,,,,,,,,,,,,,,,,,,,,,,,,,,,,,,,,,,,,,,67.0,5.0,,,,,,,,,,,,,,,,,,,,,,,,,,,,,,,,,,,,,,,,,,,,,,,,,,,,,,,,,,,,,,,,,,,,,,,,,,,,,,,,,,,,,,,,,,,,,,,,,,,,,,,,,,,,,2024,,,,,5.0,,,,,,,,,,,,,,,,,,,,,,,,,,,,,,0.595364348,,
6.0,1.2,57.81,3.85,2.0,0.2,,,,,,,,,,,,,,0.5,4.0,6.8,,5.0,2.0,,,,,8.0,5.0,8.5,,,,,,1.0,1.0,1.0,4.0,,,,5.0,3.638244473,1.459490832,0.151872854,0.008752785,4.0,2.0,1.0,,,,,0.006685442,0.004679809,0.001099355,3.75168e-05,6.064481772,18.83997189,1.101155598,0.05514428,0.194381186,0.127028105,56.0,28.0,14.0,11.0,5.0,20.57323242,,,0.116451179,0.003601583,35.24777261,13.8440105,0.063897065,0.00171232,0.058479406,0.330684324,0.38916373,0.026900527,0.185183221,0.212083748,0.212083748,15.11764706,Treylon Burks,TEN,FA,175,4567156,,FA,,{},"['RB/WR', 'WR', 'WR/TE', 'RB/WR/TE', 'OP', 'BE', 'IR']",,,,,,,,21.0,2.0,,,,,,,,,,,,,,,,,,,,,,,,,,,,,,,,,,,,,,,,,,,,,,,,,,,,,,,,,,,,,,,,,,,,,,,,,,,,,,,,,,,,,,,,,,,,,,,,,,,,,,,,,,,,,,,,,,,,,,,,,,,,,,,,,,,,,,,,,,,,,,,,,,,,,,,,,,,,,,,,,,,,,,,,,,,,,,,,,,,,,,,,,,,,,,,,,,,,,,,,,,,,,,,,,,,,,,,,,,,,,,,,,,,,,,,,,2024,,,,,3.0,,,,,,,,,,,,,,,,,,,,,,,,,,,,,3.151246489,11.84399707,,
18.0,9.0,30.39,7.6,3.0,6.5,,2.0,,,,,,,,,,,,4.33333333,,,,,,,,,,,,,1.0,1.0,,,,,,,2.0,18.0,,,2.0,7.395342254,9.761434846,0.182194933,0.010072629,7.0,3.0,1.0,1.0,,1.0,,0.014026199,0.009818339,0.033166539,0.001131847,5.279774491,,,,,,,,,,,,,,,,,,0.181673887,0.005621929,0.117528987,,1.277711155,0.054063334,,0.610950774,2.381424073,4.0,Tyrod Taylor,NYJ,FA,52,14163,,FA,,{},"['QB', 'OP', 'BE', 'IR']",,,,,,,,,,,,,,,,,,,,,,22.0,17.0,5.0,59.5,3.0,23.0,11.0,5.0,4.0,1.0,,3.0,1.0,,,,,,1.0,,0.77272727,,,2.0,,1.0,,67.51387507,41.41976391,26.09411116,111.366326,3.416337955,89.0,44.0,22.0,17.0,8.0,4.0,8.0,4.0,0.340437236,0.222475733,0.29424491,0.039744772,0.171601258,1.770473299,0.613500023,5.488917384,1.160182168,0.556887441,,,,,,,,,,,,,,,,,,,,,,,,,,,,,,,,,,,,,,,,,,,,,,,,,,,,,,,,,,,,,,,,,,,,,,,,,,,,,,,,,,,,,,,,,,,,,,,,,,,,,,,,,,,,,,,,,,,,,,,,,,,,,,,,,,,,,,,,,,,,,,,,,,,,,,,,,,,,,,,,,,,,,,,,,,,2024,,,9.0,,,,,,,,,,,,,,,,,,,,,,,,,,,,,,,2.147272672,,22.21778244,
29.0,1.71,68.91,4.59,,,,,,,,,,,,,,,,,7.0,7.70588235,1.0,23.0,10.0,5.0,2.0,1.0,,12.0,89.0,18.71428571,,,,,,4.0,6.0,8.0,9.0,6.0,,,17.0,,,,,,,,,,,,,,,,,21.52179053,2.093218781,0.106231314,0.211947712,0.13850783,65.0,32.0,16.0,13.0,6.0,24.67267428,,,0.146755637,0.004538834,39.42624972,13.18701125,0.106231314,0.002132651,,0.48469349,0.48469349,,0.271428355,0.271428355,0.271428355,15.11764706,KhaDarel Hodge,ATL,FA,128,3047876,,FA,,{},"['RB/WR', 'WR', 'WR/TE', 'RB/WR/TE', 'OP', 'BE', 'IR']",,1.0,,,,,,,,,,,,,,,,,,,,,,,,,,,,,,,,,,,,,,,,,,,,,,,,,,,,,,,,,,,,,,,,,,,,,,,,,2.0,,,,,,,,,,,,,,,,,,,,,,,,,,,,,,,,,,,,,,1.0,,,,,1.0,,1.0,,,,,,,1.0,,,1.0,,,,,,,,,,,,,,,,,,,,,,,,,,,,,,,,,,,,,,,,,,,,,,,,,,,,,,,,,,,,,,,,,,,,,,,,,,1.0,,,,,,,,,,,,,,,,,,,,,,,,,,,,,,,,,,,,,,2024,,,,,6.0,,,,,,,,,,,,,,,,,,,,,,,,,,,,,,14.30207622,,
11.0,0.65,30.49,2.03,,,,,,,,,,,,,,,,,7.0,4.17647059,,11.0,4.0,,,,,10.0,12.0,10.14285714,,1.0,,,,,,14.0,3.0,,,,17.0,3.804560608,1.376003639,0.114039996,0.006208934,4.0,2.0,1.0,,,,,0.006991691,0.004894183,0.000970533,3.31206e-05,5.467632011,7.677287918,0.615606651,0.031811915,0.064021349,0.041837952,23.0,11.0,5.0,4.0,2.0,11.59008961,,,0.048182823,0.00149019,18.7125101,10.01394579,0.038020848,0.001354729,0.076091212,0.231801792,0.307893004,0.035001958,0.129809004,0.164810961,0.164810961,15.11764706,Brandon Powell,MIN,FA,161,3115255,,FA,,{},"['RB/WR', 'WR', 'WR/TE', 'RB/WR/TE', 'OP', 'BE', 'IR']",,,,,,,,,,,0.104838463,0.18996,425.0475744,260.4,42.0,17.0,26.0,10.0,,,,,,,,,,,,,,,,,,,,,,,,,,,,,,,,,,,,,,,,,,,,,,,,,,,,,,,,,,,,,,,,,,,,,,,,,,,,,,,,,,,,,,,,,,,,,,,,,,,,,,,,,,,,,,,,,,164.0,12.0,1.0,,,,,,,,,,,,,,,,,,,,,,,,,,,,,,,,,,,,,,,,,,,,,,,,,,,,,,,,,,,,,,,,,,,,,,,,,,,,,,,,,,,,,,,,,,,,,,,,,,,,,,,,,,,,2024,,,,,5.0,,,,,,,,,,,,,,,,,,,,,,,,,,,,,3.09053004,4.944333933,,
0.0,0.0,0.0,0.0,,,,,,,,,,,,,,,,,,,,,,,,,,,,,,,,,,,,,,,,,,,,,,,,,,,,,,,,,,,,,,,,,,,,,,,,,,,,,,,,,,,,,Josh Gordon,None,FA,0,15705,,FA,,{},"['RB/WR', 'WR', 'WR/TE', 'RB/WR/TE', 'OP', 'BE', 'IR']",,,,,,,,,,,,,,,,,,,,,,,,,,,,,,,,,,,,,,,,,,,,,,,,,,,,,,,,,,,,,,,,,,,,,,,,,,,,,,,,,,,,,,,,,,,,,,,,,,,,,,,,,,,,,,,,,,,,,,,,,,,,,,,,,,,,,,,,,,,,,,,,,,,,,,,,,,,,,,,,,,,,,,,,,,,,,,,,,,,,,,,,,,,,,,,,,,,,,,,,,,,,,,,,,,,,,,,,,,,,,,,,,,,,,,,,,,,,,,,,,,2024,,,,,,,,,,,,,,,,,,,,,,,,,,,,,,,,,,,,,
0.0,0.0,31.84,7.96,6.0,-1.75,,,,,,,,,,,,,,-1.16666667,,,,,,,,,,,,,,,,,,,,2.0,2.0,,,,4.0,7.646473951,8.190626091,0.445925759,0.024809984,6.0,3.0,1.0,1.0,,1.0,,0.014518793,0.010163155,0.023302252,0.000795216,4.284655199,,,,,,,,,,,,,,,,,,0.169334473,0.005637959,0.118870391,,1.281354222,0.05468038,,0.612672619,2.322737371,4.0,Tyson Bagent,CHI,FA,69,4434153,,FA,,{},"['QB', 'OP', 'BE', 'IR']",,,,,,,,,,,,,,,,,,,,,,2.0,2.0,,2.75,,2.0,,,,,,,,,,,,,,,1.0,,,,,,,69.95055766,45.21342314,24.73713451,120.4695094,2.859101286,96.0,48.0,24.0,19.0,9.0,4.0,9.0,4.0,0.393323744,0.257037066,0.389706627,0.052639147,0.144524489,1.710064752,0.646362583,4.827545542,1.162483831,0.557992239,,,,,,,,,,,,,,,,,,,,,,,,,,,,,,,,,,,,,,,,,,,,,,,,,,,,,,,,,,,,,,,,,,,,,,,,,,,,,,,,,,,,,,,,,,,,,,,,,,,,,,,,,,,,,,,,,,,,,,,,,,,,,,,,,,,,,,,,,,,,,,,,,,,,,,,,,,,,,,,,,,,,,,,,,,,2024,,,1.0,,,,,,,,,,,,,,,,,,,,,,,,,,,,,,,2.146986094,,23.82495128,
15.0,0.88,24.78,1.77,22.0,5.82352941,,18.0,7.0,3.0,2.0,,,3.0,1.0,,,,,4.5,5.0,2.0,,6.0,3.0,1.0,1.0,,,6.0,58.0,6.8,,,,,,2.0,4.0,10.0,7.0,,,,17.0,27.82614923,8.230307389,0.877779795,0.043573157,23.0,11.0,5.0,4.0,2.0,5.0,2.0,0.051831453,0.036282017,0.03580672,0.001221946,4.193059905,2.123394077,0.126314292,0.006765351,0.038533885,0.025181894,6.0,3.0,1.0,1.0,,4.311609112,,,0.016334708,0.000505197,5.494328747,6.981670393,0.050338508,0.000963503,0.189599843,0.029378136,0.218977979,0.087215928,0.016451756,0.103667684,0.103667684,14.17647059,Ronnie Rivers,LAR,FA,102,4243003,,FA,,{},"['RB', 'RB/WR', 'RB/WR/TE', 'OP', 'BE', 'IR']",,,,,,,,,,,0.090574832,,297.1986668,,29.0,11.0,,,,,,,,,,,,,,,,,,,,,,,,,,,,,,,,,,,,,,,,,,,,,,,,,,,,,,,,,,,2.0,,,,,,,,,,,,,,,,,,,,,,,,,,,,,,,,,,,,,,,,,,,,,,,,,,,,,,,,,,,,,,,,,,,,,,,,,,,,,,,,,,,,,,,,,,,,,,,,,,,,,,,,,,,,,,,,,,,,,,,,,,,,,,,,,,,,,,,,,,,,,,,,,,,,,,,,,,,,,,,,,,,,,,,2024,,,,6.0,1.0,,,,,,,,,,,,,,,,,,,,,,,,,,,,,8.356529987,0.782431143,,
9.0,1.0,7.45,0.53,,,,,,,,,,,,,,,,,1.0,2.33333333,1.0,4.0,2.0,1.0,,,,3.0,,21.0,,,,,,2.0,2.0,8.0,1.0,6.0,,,9.0,,,,,,,,,,,,,,,,,2.489923017,0.249365707,0.014478715,0.131497422,0.085933565,7.0,3.0,1.0,1.0,,2.957693319,,,0.018696624,0.000578246,4.735786858,11.88488818,0.014478715,0.000138271,,0.031425203,0.031425203,,0.017598114,0.017598114,0.017598114,14.11764706,Devontez Walker,BAL,FA,170,4696882,,FA,,{},"['Rookie', 'RB/WR', 'WR', 'WR/TE', 'RB/WR/TE', 'OP', 'BE', 'IR']",,,,,,,,,,,,,,,,,,,,,1.0,,,,,,,,,,,,,,,,,,,,,,,,,,,,,,,,,,,,,,,,,,,,,,,,,,,,,,,,,,,,,,,,,,,,,,,,,,,,,,,,,,,,,,,,,,,,,,,,,,,,,,,,,,,,,,,,,,,,,,,,,,,,,,,,,,,,,,,,,,,,,,,,,,,,,,,,,,,,,,,,,,,,,,,,,,,,,,,,,,,,,,,,,,,,,,,,,,,,,,,,,,,,,,,,,,,,,,,,,,,,,2024,,,,,1.0,,,,,,,,,,,,,,,,,,,,,,,,,,,,,,0.663395465,,
0.0,0.0,0.0,0.0,2.0,1.33333333,,,,,,,,,,,,,,2.0,,,,,,,,,,,,,,,,,,,,1.0,2.0,,,,3.0,,,,,,,,,,,,,,,,,,,,,,,,,,,,,,,,,,,,,,,,,,,,Ke'Shawn Vaughn,None,FA,134,3917612,,FA,,{},"['RB', 'RB/WR', 'RB/WR/TE', 'OP', 'BE', 'IR']",,,,,,,,,,,,,,,,,,,,,,,,,,,,,,,,,,,,,,,,,,,,,,,,,,,,,,,,,,,,,,,,,,,,,,,,,,,,,,,,,,,,,,,,,,,,,,,,,,,,,,,,,,,,,,,,,,,,,,,,,,,,,,,,,,,,,,,,,,,,,,,,,,,,,,,,,,,,,,,,,,,,,,,,,,,,,,,,,,,,,,,,,,,,,,,,,,,,,,,,,,,,,,,,,,,,,,,,,,,,,,,,,,,,,,,,,,,,,,,,,,2024,,,,,,,,,,,,,,,,,,,,,,,,,,,,,,,,,,,,,
0.0,0.0,35.86,8.97,2.0,-0.66666667,,,,,,,,,,,,,,-1.0,,,,,,,,,,,,,,,,,,,,2.0,1.0,,,,3.0,7.844933571,8.760494756,0.60783163,0.035627946,7.0,3.0,1.0,1.0,,1.0,,0.014909092,0.010436364,0.026835016,0.000915776,4.466829287,,,,,,,,,,,,,,,,,,0.212037597,0.004435492,0.093029886,,1.008066395,0.042793747,,0.482011272,2.362437753,4.0,Jake Browning,CIN,FA,69,3886812,,FA,,{},"['QB', 'OP', 'BE', 'IR']",,,,,,,,,,,,,,,,,,,,,,,,,,,,,,,,,,,,,,,,,,,,,,,,,71.74408972,45.01897493,26.72511479,124.496303,3.622313621,99.0,49.0,24.0,19.0,9.0,4.0,9.0,4.0,0.417938049,0.273122515,0.440658079,0.059521352,0.176409651,1.880426482,0.627493848,5.418217473,0.915036509,0.439217524,,,,,,,,,,,,,,,,,,,,,,,,,,,,,,,,,,,,,,,,,,,,,,,,,,,,,,,,,,,,,,,,,,,,,,,,,,,,,,,,,,,,,,,,,,,,,,,,,,,,,,,,,,,,,,,,,,,,,,,,,,,,,,,,,,,,,,,,,,,,,,,,,,,,,,,,,,,,,,,,,,,,,,,,,,,2024,,,,,,,,,,,,,,,,,,,,,,,,,,,,,,,,,,2.356711461,,24.47433089,
40.0,3.33,11.45,0.82,5.0,2.75,1.0,4.0,1.0,,,,,,,,,,,6.6,16.0,13.16666667,1.0,28.0,11.0,4.0,4.0,,,29.0,83.0,9.875,,1.0,,,,3.0,7.0,2.0,10.0,12.0,,,12.0,,,,,,,,,,,,,,,,,4.045464764,0.246063092,0.013875637,0.109659714,0.071662623,11.0,5.0,2.0,2.0,1.0,5.058671118,,,0.027959463,0.000864726,7.991551254,11.29000925,0.013875637,0.000445163,,0.101173422,0.101173422,,0.056657117,0.056657117,0.056657117,14.11764706,DJ Turner,LV,FA,117,4036211,,FA,,{},"['RB/WR', 'WR', 'WR/TE', 'RB/WR/TE', 'OP', 'BE', 'IR']",,,,,,,,106.0,9.0,3.0,,,,,,,,,,,,,,,,,,,,,,,,,,,,,,,,,,,,,,,,,,,,,,,,,,,,,,,,,,,,,,,,1.0,4.0,1.0,,,,,,,,,,,,,,,,,,,,,,,,,,,,,,,,,,,,,,,,,,,,,,,,,,,,,,,,77.0,5.0,1.0,,,,,,,,,,,,,,,,,,,,,,,,,,,,,,,,,,,,,,,,,,,,,,,,,,,,,,,,,,,,,,,,,,,,,,,,,,,,,,,,,,,,,,,,,,,,,,,,,,,,,,,,,,,,2024,,,,1.0,9.0,,,,,,,,,,,,,,,,,,,,,,,,,,,,,,1.746514019,,
31.0,2.38,26.49,1.77,,,,,,,,,,,,,,,,,19.0,11.69230769,,27.0,12.0,5.0,1.0,,,23.0,67.0,8.0,,,,,,,,8.0,5.0,,,,13.0,,,,,,,,,,,,,,,,,7.732066988,0.747692597,0.041109147,0.096904237,0.063326919,23.0,11.0,5.0,4.0,2.0,11.05720342,,,0.048548683,0.001501506,17.06080109,10.57144879,0.041109147,0.000557179,,0.12663168,0.12663168,,0.070913741,0.070913741,0.070913741,15.11764706,Lucas Krull,DEN,FA,57,4360231,,FA,,{},"['WR/TE', 'TE', 'RB/WR/TE', 'OP', 'BE', 'IR']",,,,,,,,,,,,,,,,,,,,,,,,,,,,,,,,,,,,,,,,,,,,,,,,,,,,,,,,,,,,,,,,,,,,,,,,,,,,,,,,,,,,,,,,,,,,,,,,,,,,,,,,,,,,,,,,,,,,,,,,,,,,,,,,,,,,,,,,,,,,,,,,,,,,,,,,,,,,,,,,,,,,,,,,,,,,,,,,,,,,,,,,,,,,,,,,,,,,,,,,,,,,,,,,,,,,,,,,,,,,,,,,,,,,,,,,,,,,,,,,,,2024,,,,,7.0,,,,,,,,,,,,,,,,,,,,,,,,,,,,,,4.899720197,,
12.0,0.92,4.81,0.32,,,,,,,,,,,,,,,,,9.0,5.53846154,,13.0,5.0,2.0,1.0,,,14.0,32.0,8.0,,1.0,,1.0,1.0,,,4.0,9.0,,,,13.0,,,,,,,,,,,,,,,,,1.149738798,0.12861367,0.006478841,0.077179631,0.050436889,3.0,1.0,,,,1.621051798,,,0.009930437,0.000307127,2.634946204,10.72226401,0.006478841,0.000142653,,0.032421036,0.032421036,,0.01815578,0.01815578,0.01815578,15.11764706,DeAndre Carter,CHI,FA,156,2580216,,FA,,{},"['RB/WR', 'WR', 'WR/TE', 'RB/WR/TE', 'OP', 'BE', 'IR']",,,,,,,,479.0,43.0,16.0,0.131129752,0.10944,434.4277304,235.7014925,43.0,17.0,23.0,9.0,,,,,,,,,,,,,,,,,,,,,,,,,,,,,,,,,,,,,,,,,,,,,,,,,,,,,,,,,,,,,,,,,,,,,,,,,,,,,,,,,,,,,,,,,,,,,,,,,,,,,,,,,,,,,,,,,,158.0,12.0,3.0,,,,,,,,,,,,,,,,,,,,,,,,,,,,,,,,,,,,,,,,,,,,,,,,,,,,,,,,,,,,,,,,,,,,,,,,,,,,,,,,,,,,,,,,,,,,,,,,,,,,,,,,,,,,2024,,,,,3.0,,,,,,,,,,,,,,,,,,,,,,,,,,,,,,-0.180687546,,
24.0,1.41,57.74,3.85,,,,,,,,,,,,,,,,,18.0,6.17647059,,17.0,6.0,,,,,28.0,84.0,5.83333333,,,,,,2.0,2.0,5.0,12.0,,,,17.0,,,,,,,,,,,,,,,,,15.21454128,1.781520981,0.089212966,0.098074618,0.064091763,46.0,23.0,11.0,9.0,4.0,24.17608955,,,0.086711222,0.00268179,33.49765746,9.513865539,0.089212966,0.001218248,,0.276874606,0.276874606,,0.155049779,0.155049779,0.155049779,15.11764706,Jeremy Ruckert,NYJ,FA,64,4361372,,FA,,{},"['WR/TE', 'TE', 'RB/WR/TE', 'OP', 'BE', 'IR']",,,,,,,,,,,,,,,,,,,,,,,,,,,,,,,,,,,,,,,,,,,,,,,,,,,,,,,,,,,,,,,,,,,,,,,,,,,,,,,,,,,,,,,,,,,,,,,,,,,,,,,,,,,,,,,,,,,,,,,,,,,,,,,,,,,,,,,,,,,,,,,,,,,,,,,,,,,,,,,,,,,,,,,,,,,,,,,,,,,,,,,,,,,,,,,,,,,,,,,,,,,,,,,,,,,,,,,,,,,,,,,,,,,,,,,,,,,,,,,,,,2024,,,,,6.0,,,,,,,,,,,,,,,,,,,,,,,,,,,,,,11.43202988,,
18.0,18.0,0.0,0.0,10.0,16.0,1.0,3.0,1.0,,,,,2.0,1.0,,,,,1.6,,,,,,,,,,,,,1.0,1.0,1.0,1.0,1.0,,,1.0,,12.0,1.0,,1.0,,,,,,,,,,,,,,,,,,,,,,,,,,,,,,,,,,,,,,,,,,,,Joe Milton III,NE,FA,52,4360698,,FA,,{},"['Rookie', 'QB', 'OP', 'BE', 'IR']",,,,,,,,,,,,,,,,,,,,,,29.0,22.0,7.0,241.0,1.0,48.0,24.0,12.0,9.0,4.0,2.0,4.0,2.0,1.0,,1.0,,,,,0.75862069,,,,,,,,,,,,,,,,,,,,,,,,,,,,,,,,,,,,,,,,,,,,,,,,,,,,,,,,,,,,,,,,,,,,,,,,,,,,,,,,,,,,,,,,,,,,,,,,,,,,,,,,,,,,,,,,,,,,,,,,,,,,,,,,,,,,,,,,,,,,,,,,,,,,,,,,,,,,,,,,,,,,,,,,,,,,,,,,,,,,,,,,,,,,,,,,,,,,,,,,2024,,,14.0,3.0,,,,,,,,,,,,,,,,,,,,,,,,,,,,,,,,,
0.0,0.0,0.0,0.0,,,,,,,,,,,,,,,,,,,,,,,,,,,,,,,,,,,,,,,,,,,,,,,,,,,,,,,,,,,,,,,,,,,,,,,,,,,,,,,,,,,,,A.J. Green,None,FA,0,13983,,FA,,{},"['RB/WR', 'WR', 'WR/TE', 'RB/WR/TE', 'OP', 'BE', 'IR']",,,,,,,,,,,,,,,,,,,,,,,,,,,,,,,,,,,,,,,,,,,,,,,,,,,,,,,,,,,,,,,,,,,,,,,,,,,,,,,,,,,,,,,,,,,,,,,,,,,,,,,,,,,,,,,,,,,,,,,,,,,,,,,,,,,,,,,,,,,,,,,,,,,,,,,,,,,,,,,,,,,,,,,,,,,,,,,,,,,,,,,,,,,,,,,,,,,,,,,,,,,,,,,,,,,,,,,,,,,,,,,,,,,,,,,,,,,,,,,,,,2024,,,,,,,,,,,,,,,,,,,,,,,,,,,,,,,,,,,,,
30.0,1.76,28.17,1.88,,,,,,,,,,,,,,,,,12.0,8.64705882,1.0,28.0,12.0,4.0,2.0,,,22.0,49.0,12.25,,,,,,1.0,1.0,8.0,9.0,6.0,,,17.0,,,,,,,,,,,,,,,,,8.126490395,0.978772084,0.071317609,0.158842797,0.103803768,24.0,12.0,6.0,4.0,2.0,10.32491055,,,0.050332943,0.001556689,15.96952953,11.89873879,0.071317609,0.000691554,,0.157171342,0.157171342,,0.088015952,0.088015952,0.088015952,15.11764706,Mo Alie-Cox,IND,FA,59,2998565,,FA,,{},"['WR/TE', 'TE', 'RB/WR/TE', 'OP', 'BE', 'IR']",,,,,,,,,,,,,,,,,,,,,,,,,,,,,,,,,,,,,,,,,,,,,,,,,,,,,,,,,,,,,,,,,,,,,,,,,,1.0,,,,,,,,,,,,,,,,,,,,,,,,,,,,,,,,,,,,,,,,,,,,,,,,,,,,,,,,,,,,,,,,,,,,,,,,,,,,,,,,,,,,,,,,,,,,,,,,,,,,,,,,,,,,,,,,,,,,,,,,,,,,,,,,,,,,,,,,,,,,,,,,,,,,,,,,,,,,,,,,,,,,,,,,2024,,,,,7.0,,,,,,,,,,,,,,,,,,,,,,,,,,,,,,4.991727875,,
10.0,0.67,10.0,0.67,1.0,0.46666667,,1.0,,,,,,,,,,,,7.0,4.0,5.33333333,,16.0,8.0,3.0,3.0,1.0,,6.0,26.0,20.0,,2.0,,1.0,1.0,1.0,1.0,6.0,9.0,,,,15.0,,,,,,,,,,,,,,,,,3.088099005,0.328827462,0.014508491,0.178539411,0.116675505,9.0,4.0,2.0,1.0,,3.733145972,,,0.023555553,0.000728522,5.878692188,12.50548229,0.014508491,0.000174523,,0.039664312,0.039664312,,0.022212015,0.022212015,0.022212015,15.11764706,Jacob Cowing,SF,FA,167,4575665,,FA,,{},"['Rookie', 'RB/WR', 'WR', 'WR/TE', 'RB/WR/TE', 'OP', 'BE', 'IR']",,,,,,,,32.0,3.0,1.0,,0.0513,,82.8,,,8.0,3.0,,,,,,,,,,,,,,,,,,,,,,,,,,,,,,,,,,,,,,,,,,,,,,,,,,,,,,,,,,,,,,,,,,,,,,,,,,,,,,,,,,,,,,,,,,,,,,,,,,,,,,,,,,,,,,,,,,245.0,19.0,4.0,,,,,,,,,,,,,,,,,,,,,,,,,,,,,,,,,,,,,,,,,,,,,,,,,,,,,,,,,,,,,,,,,,,,,,,,,,,,,,,,,,,,,,,,,,,,,,,,,,,,,,,,,,,,2024,,,,,3.0,,,,,,,,,,,,,,,,,,,,,,,,,,,,,,1.123042991,,
22.0,1.47,24.66,1.76,10.0,1.13333333,1.0,1.0,,,,,,,,,,,,1.7,11.0,6.4,,18.0,7.0,2.0,1.0,,,12.0,76.0,8.72727273,2.0,2.0,1.0,1.0,1.0,1.0,2.0,6.0,9.0,6.0,1.0,,15.0,,,,,,,,,,,,,,,,,6.710443622,0.454815933,0.023815882,0.043043462,0.028128902,19.0,9.0,4.0,3.0,1.0,12.9756316,,,0.041801896,0.001292842,17.1034959,7.331466364,0.023815882,0.000389015,,0.088412439,0.088412439,,0.049510966,0.049510966,0.049510966,14.17647059,Alec Ingold,MIA,FA,92,3917668,,FA,,{},"['RB', 'RB/WR', 'RB/WR/TE', 'OP', 'BE', 'IR']",,,,,,,,,,,,,,,,,,,,,,,,,,,,,,,,,,,,,,,,,,,,,,,,,,,,,,,,,,,,,,,,,,,,,,,,,,,1.0,,,,,,,,,,,,,,,,,,,,,,,,,,,,,,,,,,,,,,,,,,,,,,,,,,,,,,,,,,,,,,,,,,,,,,,,,,,,,,,,,,,,,,,,,,,,,,,,,,,,,,,,,,,,,,,,,,,,,,,,,,,,,,,,,,,,,,,,,,,,,,,,,,,,,,,,,,,,,,,,,,,,,,,2024,,,,6.0,3.0,,,,,,,,,,,,,,,,,,,,,,,,,,,,,,4.617168967,,
30.0,2.31,8.25,0.59,,,,,,,,,,,,,,,,,10.0,7.46153846,2.0,17.0,8.0,2.0,2.0,1.0,,13.0,23.0,9.7,,,,,,1.0,1.0,9.0,4.0,12.0,,,13.0,,,,,,,,,,,,,,,,,2.519335289,0.31128375,0.014765825,0.088190171,0.057632277,7.0,3.0,1.0,1.0,,3.298989541,,,0.01888516,0.000584077,5.226557069,10.78120618,0.014765825,0.000290311,,0.065979791,0.065979791,,0.036948683,0.036948683,0.036948683,14.11764706,Malik Heath,GB,FA,126,4689334,,FA,,{},"['RB/WR', 'WR', 'WR/TE', 'RB/WR/TE', 'OP', 'BE', 'IR']",,,,,,,,,,,0.020186202,,66.23597613,,6.0,2.0,,,,2.0,,,,,,,,,,,,,,,,,,,,,,,,,,,,,,,,,,,,,,,,,,,,,,,,,,,,,,,,,,,,,,,,,,,,,,,,,,,,,,,,,,,,,,,,,,,,,,,,,,,,,,,,,,,,,,,,,,,,,,,,,,,,,,,,,,,,,,,,,,,,,,,,,,,,,,,,,,,,,,,,,,,,,,,,,,,,,,,,,,,,,,,,,,,,,,,,,,,,,,,,,,,,,,,,,,,,,,,,,,,,,,2024,,,,,5.0,,,,,,,,,,,,,,,,,,,,,,,,,,,,,,0.777957853,,
0.0,0.0,0.0,0.0,,,,,,,,,,,,,,,,,,,,,,,,,,,,,,,,,,,,,,,,,,,,,,,,,,,,,,,,,,,,,,,,,,,,,,,,,,,,,,,,,,,,,Chase Edmonds,TB,FA,0,3119195,,FA,,{},"['RB', 'RB/WR', 'RB/WR/TE', 'OP', 'BE', 'IR']",,,,,,,,,,,,,,,,,,,,,,,,,,,,,,,,,,,,,,,,,,,,,,,,,,,,,,,,,,,,,,,,,,,,,,,,,,,,,,,,,,,,,,,,,,,,,,,,,,,,,,,,,,,,,,,,,,,,,,,,,,,,,,,,,,,,,,,,,,,,,,,,,,,,,,,,,,,,,,,,,,,,,,,,,,,,,,,,,,,,,,,,,,,,,,,,,,,,,,,,,,,,,,,,,,,,,,,,,,,,,,,,,,,,,,,,,,,,,,,,,,2024,,,,,,,,,,,,,,,,,,,,,,,,,,,,,,,,,,,,,
5.0,0.42,0.0,0.0,,,,,,,,,,,,,,,,,3.0,2.5,,5.0,2.0,1.0,,,,7.0,4.0,10.0,,,,,,,,11.0,1.0,,,,12.0,,,,,,,,,,,,,,,,,,,,,,,,,,,,,,,,,,,,,,,,,,,,Allen Robinson,DET,FA,181,16799,,FA,,{},"['RB/WR', 'WR', 'WR/TE', 'RB/WR/TE', 'OP', 'BE', 'IR']",,,,,,,,,,,,,,,,,,,,,,,,,,,,,,,,,,,,,,,,,,,,,,,,,,,,,,,,,,,,,,,,,,,,,,,,,,,,,,,,,,,,,,,,,,,,,,,,,,,,,,,,,,,,,,,,,,,,,,,,,,,,,,,,,,,,,,,,,,,,,,,,,,,,,,,,,,,,,,,,,,,,,,,,,,,,,,,,,,,,,,,,,,,,,,,,,,,,,,,,,,,,,,,,,,,,,,,,,,,,,,,,,,,,,,,,,,,,,,,,,,2024,,,,,3.0,,,,,,,,,,,,,,,,,,,,,,,,,,,,,,,,
14.0,0.82,41.74,2.78,,,,,,,,,,,,,,,,,6.0,2.35294118,1.0,5.0,2.0,1.0,,,,8.0,7.0,6.66666667,,,,,,6.0,8.0,10.0,7.0,6.0,,,17.0,,,,,,,,,,,,,,,,,11.27837244,1.188326983,0.068454056,0.089964295,0.058791667,34.0,17.0,8.0,6.0,3.0,17.69754782,,,0.064667568,0.002000028,25.34958573,9.63424174,0.068454056,0.00089179,,0.202679659,0.202679659,,0.113500609,0.113500609,0.113500609,15.11764706,Connor Heyward,PIT,FA,75,4241961,,FA,,{},"['WR/TE', 'TE', 'RB/WR/TE', 'OP', 'BE', 'IR']",,,,,,,,,,,,,,,,,,,,,,,,,,,,,,,,,,,,,,,,,,,,,,,,,,,,,,,,,,,,,,,,,,,,,,,,,,1.0,2.0,,,,,,,,,,,,,,,,,,,,,,,,,,,,,,,,,,,,,,1.0,,,,,,,,,,,,,,,,,,,,,,,,,,,,,,,,,,,,,,,,,,,,,,,,,,,,,,,,,,,,,,,,,,,,,,,,,,,,,,,,,,,,,,,,,,,,,,,,,,,,,,,,,,,,,,,,,,,,,,,,,,,,,,,,,2024,,,,,3.0,,,,,,,,,,,,,,,,,,,,,,,,,,,,,,8.071858938,,
3.0,0.5,0.0,0.0,10.0,5.16666667,,6.0,3.0,1.0,1.0,,,1.0,,,,,,3.1,,,,,,,,,,2.0,,,,,,,,,1.0,5.0,1.0,,,,6.0,,,,,,,,,,,,,,,,,,,,,,,,,,,,,,,,,,,,,,,,,,,,Rasheen Ali,BAL,FA,121,4690013,,FA,,{},"['Rookie', 'RB', 'RB/WR', 'RB/WR/TE', 'OP', 'BE', 'IR']",,,,,,,,107.0,10.0,2.0,,,,,,,,,,,,,,,,,,,,,,,,,,,,,,,,,,,,,,,,,,,,,,,,,,,,,,,,,,,,,,,,,1.0,,,,,,,,,,,,,,,,,,,,,,,,,,,,,,,,,,,,,,,,,,,,,,,,,,,,,,,,,,,,,,,,,,,,,,,,,,,,,,,,,,,,,,,,,,,,,,,,,,,,,,,,,,,,,,,,,,,,,,,,,,,,,,,,,,,,,,,,,,,,,,,,,,,,,,,,,,,,,,,,,,,,,,,2024,,,,2.0,,,,,,,,,,,,,,,,,,,,,,,,,,,,,,,,,
0.0,0.0,0.0,0.0,,,,,,,,,,,,,,,,,,,,,,,,,,,,,,,,,,,,,,,,,,,,,,,,,,,,,,,,,,,,,,,,,,,,,,,,,,,,,,,,,,,,,Mark Ingram II,None,FA,0,13981,,FA,,{},"['RB', 'RB/WR', 'RB/WR/TE', 'OP', 'BE', 'IR']",,,,,,,,,,,,,,,,,,,,,,,,,,,,,,,,,,,,,,,,,,,,,,,,,,,,,,,,,,,,,,,,,,,,,,,,,,,,,,,,,,,,,,,,,,,,,,,,,,,,,,,,,,,,,,,,,,,,,,,,,,,,,,,,,,,,,,,,,,,,,,,,,,,,,,,,,,,,,,,,,,,,,,,,,,,,,,,,,,,,,,,,,,,,,,,,,,,,,,,,,,,,,,,,,,,,,,,,,,,,,,,,,,,,,,,,,,,,,,,,,,2024,,,,,,,,,,,,,,,,,,,,,,,,,,,,,,,,,,,,,
3.0,1.5,0.0,0.0,6.0,11.0,,3.0,1.0,,,,,,,,,,,3.66666667,1.0,5.0,,2.0,1.0,,,,,1.0,10.0,10.0,,,,,,,,2.0,,,,,2.0,,,,,,,,,,,,,,,,,,,,,,,,,,,,,,,,,,,,,,,,,,,,Jermar Jefferson,None,FA,121,4374033,,FA,,{},"['RB', 'RB/WR', 'RB/WR/TE', 'OP', 'BE', 'IR']",,,,,,,,,,,,,,,,,,,,,,,,,,,,,,,,,,,,,,,,,,,,,,,,,,,,,,,,,,,,,,,,,,,,,,,,,,,,,,,,,,,,,,,,,,,,,,,,,,,,,,,,,,,,,,,,,,,,,,,,,,,,,,,,,,,,,,,,,,,,,,,,,,,,,,,,,,,,,,,,,,,,,,,,,,,,,,,,,,,,,,,,,,,,,,,,,,,,,,,,,,,,,,,,,,,,,,,,,,,,,,,,,,,,,,,,,,,,,,,,,,2024,,,,1.0,1.0,,,,,,,,,,,,,,,,,,,,,,,,,,,,,,,,
0.0,0.0,0.0,0.0,,,,,,,,,,,,,,,,,,,,,,,,,,,,,,,,,,,,,,,,,,,,,,,,,,,,,,,,,,,,,,,,,,,,,,,,,,,,,,,,,,,,,Zach Wilson,MIA,FA,0,4361259,,FA,,{},"['QB', 'OP', 'BE', 'IR']",,,,,,,,,,,,,,,,,,,,,,,,,,,,,,,,,,,,,,,,,,,,,,,,,,,,,,,,,,,,,,,,,,,,,,,,,,,,,,,,,,,,,,,,,,,,,,,,,,,,,,,,,,,,,,,,,,,,,,,,,,,,,,,,,,,,,,,,,,,,,,,,,,,,,,,,,,,,,,,,,,,,,,,,,,,,,,,,,,,,,,,,,,,,,,,,,,,,,,,,,,,,,,,,,,,,,,,,,,,,,,,,,,,,,,,,,,,,,,,,,,2024,,,,,,,,,,,,,,,,,,,,,,,,,,,,,,,,,,,,,
45.0,2.65,35.18,2.35,,,,,,,,,,,,,,,,,20.0,10.11764706,2.0,29.0,13.0,3.0,1.0,,,24.0,90.0,8.6,,,,,,1.0,1.0,8.0,9.0,12.0,,,17.0,,,,,,,,,,,,,,,,,9.990967428,0.776371018,0.073467126,0.098199278,0.064173228,30.0,15.0,7.0,6.0,3.0,15.56541041,,,0.05869787,0.001815398,21.98465325,9.703561638,0.073467126,0.000784351,,0.178261537,0.178261537,,0.099826461,0.099826461,0.099826461,15.11764706,Elijah Higgins,ARI,FA,45,4426844,,FA,,{},"['WR/TE', 'TE', 'RB/WR/TE', 'OP', 'BE', 'IR']",,,,,,,,,,,,,,,,,,,,1.0,,,,,,,,,,,,,,,,,,,,,,,,,,,,,,,,,,,,,,,,,,,,,,,,,,,,,,1.0,,,,,,,,,,,,,,,,,,,,,,,,,,,,,,,,,,,,,,,,,,,,,,,,,,,,,,,,,,,,,,,,,,,,,,,,,,,,,,,,,,,,,,,,,,,,,,,,,,,,,,,,,,,,,,,,,,,,,,,,,,,,,,,,,,,,,,,,,,,,,,,,,,,,,,,,,,,,,,,,,,,,,,,,2024,,,,,10.0,,,,,,,,,,,,,,,,,,,,,,,,,,,,,,6.880718927,,
32.0,2.29,14.48,1.03,,,,,,,,,,,,,,,,,12.0,12.64285714,1.0,32.0,14.0,4.0,2.0,,,30.0,37.0,14.75,,,,,,4.0,5.0,6.0,8.0,6.0,,,14.0,,,,,,,,,,,,,,,,,4.570162185,0.487175379,0.023593339,0.135920064,0.088823762,12.0,6.0,3.0,2.0,1.0,5.630087399,,,0.030763712,0.000951455,8.587007953,11.45984639,0.023593339,0.000495448,,0.112601748,0.112601748,,0.063056979,0.063056979,0.063056979,14.11764706,Jalen Brooks,DAL,FA,124,4692835,,FA,,{},"['RB/WR', 'WR', 'WR/TE', 'RB/WR/TE', 'OP', 'BE', 'IR']",,,,,,,,,,,,,,,,,,,,,,,,,,,,,,,,,,,,,,,,,,,,,,,,,,,,,,,,,,,,,,,,,,,,,,,,,,1.0,1.0,,,,,,,,,,,,,,,,,,,,,,,,,,,,,,,,,,,,,,,,,,,,,,,,,,,,,,,,,,,,,,,,,,,,,,,,,,,,,,,,,,,,,,,,,,,,,,,,,,,,,,,,,,,,,,,,,,,,,,,,,,,,,,,,,,,,,,,,,,,,,,,,,,,,,,,,,,,,,,,,,,,,,,,2024,,,,,8.0,,,,,,,,,,,,,,,,,,,,,,,,,,,,,,2.179622811,,
16.0,0.94,6.93,0.5,,,,,,,,,,,,,,,,,3.0,1.29411765,1.0,3.0,1.0,,,,,5.0,18.0,7.33333333,,,,,,,1.0,12.0,5.0,6.0,,,17.0,,,,,,,,,,,,,,,,,1.857249662,0.201877289,0.011727407,0.037106947,0.02424939,5.0,2.0,1.0,1.0,,3.743054824,,,0.014594279,0.000451369,5.048571827,7.034159651,0.011727407,0.000172107,,0.03911527,0.03911527,,0.021904551,0.021904551,0.021904551,14.17647059,Patrick Ricard,BAL,FA,100,2975417,,FA,,{},"['RB', 'RB/WR', 'RB/WR/TE', 'OP', 'BE', 'IR']",,,,,,,,,,,,,,,,,,,,1.0,,,,,,,,,,,,,,,,,,,,,,,,,,,,,,,,,,,,,,,,,,,,,,,,,,,,,,,1.0,,,,,,,,,,,,,,,,,,,,,,,,,,,,,,,,,,,,,,,,,,,,,,,,,,,,,,,,,,,,,,,,,,,,,,,,,,,,,,,,,,,,,,,,,,,,,,,,,,,,,,,,,,,,,,,,,,,,,,,,,,,,,,,,,,,,,,,,,,,,,,,,,,,,,,,,,,,,,,,,,,,,1.0,,,2024,,,,,1.0,,,,,,,,,,,,,,,,,,,,,,,,,,,,,,0.512063526,,
0.0,0.0,0.0,0.0,,,,,,,,,,,,,,,,,,,,,,,,,,,,,,,,,,,,,,,,,,,,,,,,,,,,,,,,,,,,,,,,,,,,,,,,,,,,,,,,,,,,,Nyheim Hines,None,FA,0,3916430,,FA,,{},"['RB', 'RB/WR', 'RB/WR/TE', 'OP', 'BE', 'IR']",,,,,,,,,,,,,,,,,,,,,,,,,,,,,,,,,,,,,,,,,,,,,,,,,,,,,,,,,,,,,,,,,,,,,,,,,,,,,,,,,,,,,,,,,,,,,,,,,,,,,,,,,,,,,,,,,,,,,,,,,,,,,,,,,,,,,,,,,,,,,,,,,,,,,,,,,,,,,,,,,,,,,,,,,,,,,,,,,,,,,,,,,,,,,,,,,,,,,,,,,,,,,,,,,,,,,,,,,,,,,,,,,,,,,,,,,,,,,,,,,,2024,,,,,,,,,,,,,,,,,,,,,,,,,,,,,,,,,,,,,
1.0,0.09,10.58,0.71,,,,,,,,,,,,,,,,,1.0,0.45454545,,1.0,,,,,,1.0,7.0,5.0,,,,,,1.0,1.0,4.0,7.0,,,,11.0,4.170386738,1.700244321,0.163496965,0.009062424,5.0,2.0,1.0,1.0,,,,0.007665506,0.005365854,0.0015249,5.2039e-05,6.163383678,2.41183964,0.2656119,0.013380287,0.094943667,0.062045686,7.0,3.0,1.0,1.0,,3.106865777,,,0.019295706,0.000596774,5.269892409,11.73573082,0.022442711,0.000640398,0.083407735,0.062137316,0.14554505,0.038367558,0.034796897,0.073164455,0.073164455,15.11764706,Tyler Scott,CHI,FA,204,4565908,,FA,,{},"['RB/WR', 'WR', 'WR/TE', 'RB/WR/TE', 'OP', 'BE', 'IR']",,,,,,,,207.0,20.0,6.0,,,,,,,,,,,,,,,,,,,,,,,,,,,,,,,,,,,,,,,,,,,,,,,,,,,,,,,,,,,,,,,,,,,,,,,,,,,,,,,,,,,,,,,,,,,,,,,,,,,,,,,,,,,,,,,,,,,,,,,,,,,,,,,,,,,,,,,,,,,,,,,,,,,,,,,,,,,,,,,,,,,,,,,,,,,,,,,,,,,,,,,,,,,,,,,,,,,,,,,,,,,,,,,,,,,,,,,,,,,,,,,,,,,,,,,,2024,,,,,,,,,,,,,,,,,,,,,,,,,,,,,,,,,,3.31513477,0.740150599,,
10.0,2.0,8.0,0.53,,,,,,,,,,,,,,,,,7.0,6.8,,6.0,3.0,1.0,,,1.0,8.0,28.0,4.85714286,,,,,,1.0,1.0,4.0,1.0,,,,5.0,,,,,,,,,,,,,,,,,2.442333017,0.209597939,0.012417153,0.130411025,0.085223605,7.0,3.0,1.0,1.0,,2.999791397,,,0.019503081,0.000603188,4.973148243,12.3082987,0.012417153,0.000263982,,0.059995828,0.059995828,,0.033597664,0.033597664,0.033597664,15.11764706,Britain Covey,PHI,FA,167,3926231,,FA,,{},"['RB/WR', 'WR', 'WR/TE', 'RB/WR/TE', 'OP', 'BE', 'IR']",,,,,,,,,,,,0.12996,,333.2307692,,,33.0,13.0,,,,,,,,,,,,,,,,,,,,,,,,,,,,,,,,,,,,,,,,,,,,,,,,,,,,,,,,,,,,,,,,,,,,,,,,,,,,,,,,,,,,,,,,,,,,,,,,,,,,,,,,,,,,,,,,,,46.0,2.0,1.0,,,,,,,,,,,,,,,,,,,,,,,,,,,,,,,,,,,,,,,,,,,,,,,,,,,,,,,,,,,,,,,,,,,,,,,,,,,,,,,,,,,,,,,,,,,,,,,,,,,,,,,,,,,,2024,,,,,2.0,,,,,,,,,,,,,,,,,,,,,,,,,,,,,,0.705552079,,
10.0,1.25,0.0,0.0,11.0,2.75,,5.0,2.0,,,,,,,,,,,2.0,,,,,,,,,,,,,,,,,1.0,,,4.0,4.0,6.0,,,8.0,,,,,,,,,,,,,,,,,,,,,,,,,,,,,,,,,,,,,,,,,,,,Jake Haener,NO,FA,59,4243322,,FA,,{},"['QB', 'OP', 'BE', 'IR']",,,,,,,,,,,,,,,,,,,,,,39.0,18.0,21.0,28.25,1.0,43.0,20.0,9.0,6.0,2.0,1.0,1.0,,3.0,,,,,,1.0,0.46153846,6.0,,,1.0,,,,,,,,,,,,,,,,,,,,,,,,,,,,,,,,,,,,,,,,,,,,,,,,,,,,,,,,,,,,,,,,,,,,,,,,,,,,,,,,,,,,,,,,,,,,,,,,,,,,,,,,,,,,,,,,,,,,,,,,,,,,,,,,,,,,,,,,,,,,,,,,,,,,,,,,,,,,,,,,,,,,,,,,,,,,,,,,,,,,,,,,,,,,,,,,,,,,2024,,,10.0,1.0,,,,,,,,,,,,,,,,,,,,,,,,,,,,,,,,,
0.0,0.0,0.0,0.0,,,,,,,,,,,,,,,,,,,,,,,,,,,,,,,,,,,,,,,,,,,,,,,,,,,,,,,,,,,,,,,,,,,,,,,,,,,,,,,,,,,,,Jelani Woods,IND,FA,0,4241410,,FA,,{},"['WR/TE', 'TE', 'RB/WR/TE', 'OP', 'BE', 'IR']",,,,,,,,,,,,,,,,,,,,,,,,,,,,,,,,,,,,,,,,,,,,,,,,,,,,,,,,,,,,,,,,,,,,,,,,,,,,,,,,,,,,,,,,,,,,,,,,,,,,,,,,,,,,,,,,,,,,,,,,,,,,,,,,,,,,,,,,,,,,,,,,,,,,,,,,,,,,,,,,,,,,,,,,,,,,,,,,,,,,,,,,,,,,,,,,,,,,,,,,,,,,,,,,,,,,,,,,,,,,,,,,,,,,,,,,,,,,,,,,,,2024,,,,,,,,,,,,,,,,,,,,,,,,,,,,,,,,,,,,,
9.0,0.53,37.02,2.47,,,,,,,,,,,,,,,,,9.0,3.11764706,,6.0,,,,,,17.0,16.0,5.88888889,,,,,,2.0,2.0,8.0,9.0,,,,17.0,,,,,,,,,,,,,,,,,9.490803765,0.90112497,0.047173224,0.068019957,0.044451042,28.0,14.0,7.0,5.0,2.0,17.67167133,,,0.056439846,0.001745562,22.8046612,8.119131403,0.047173224,0.000623341,,0.141668317,0.141668317,,0.079334258,0.079334258,0.079334258,15.11764706,Durham Smythe,CHI,FA,84,3052897,,FA,,{},"['WR/TE', 'TE', 'RB/WR/TE', 'OP', 'BE', 'IR']",,,,,,,,,,,,,,,,,,,,,,,,,,,,,,,,,,,,,,,,,,,,,,,,,,,,,,,,,,,,,,,,,,,,,,,,,,,,,,,,,,,,,,,,,,,,,,,,,,,,,,,,,,,,,,,,,,,,,,,,,,,,,,,,,,,,,,,,,,,,,,,,,,,,,,,,,,,,,,,,,,,,,,,,,,,,,,,,,,,,,,,,,,,,,,,,,,,,,,,,,,,,,,,,,,,,,,,,,,,,,,,,,,,,,,,,,,,,,,,,,,2024,,,,,1.0,,,,,,,,,,,,,,,,,,,,,,,,,,,,,,7.203308145,,
2.0,1.0,24.98,1.92,13.0,16.0,,6.0,2.0,,,,,2.0,,,,,,2.46153846,,,,,,,,,,,,,,,,,,,,,2.0,,,,2.0,28.37352047,8.988368454,0.932416718,0.049846281,23.0,11.0,5.0,4.0,2.0,5.0,2.0,0.052889633,0.037022743,0.037818489,0.0012906,4.174137386,2.288780769,0.196813157,0.009987578,0.040659933,0.026571266,6.0,3.0,1.0,1.0,,4.327528069,,,0.016359866,0.000505975,5.392010769,6.968886628,0.059833859,0.001180137,0.23271864,0.035494237,0.268212876,0.107050574,0.019876772,0.126927347,0.126927347,13.17647059,Jase McClellan,ATL,FA,126,4429001,,FA,,{},"['Rookie', 'RB', 'RB/WR', 'RB/WR/TE', 'OP', 'BE', 'IR']",,,,,,,,,,,,,,,,,,,,,,,,,,,,,,,,,,,,,,,,,,,,,,,,,,,,,,,,,,,,,,,,,,,,,,,,,,,,,,,,,,,,,,,,,,,,,,,,,,,,,,,,,,,,,,,,,,,,,,,,,,,,,,,,,,,,,,,,,,,,,,,,,,,,,,,,,,,,,,,,,,,,,,,,,,,,,,,,,,,,,,,,,,,,,,,,,,,,,,,,,,,,,,,,,,,,,,,,,,,,,,,,,,,,,,,,,,,,,,,,,,2024,,,,2.0,,,,,,,,,,,,,,,,,,,,,,,,,,,,,,8.368002988,0.816426948,,
16.0,2.29,0.0,0.0,2.0,0.85714286,,,,,,,,,,,,,,3.0,7.0,5.85714286,1.0,8.0,3.0,1.0,1.0,,,9.0,23.0,5.85714286,,,,,,,,7.0,,6.0,,,7.0,,,,,,,,,,,,,,,,,,,,,,,,,,,,,,,,,,,,,,,,,,,,Ainias Smith,PHI,FA,144,4428532,,FA,,{},"['Rookie', 'RB/WR', 'WR', 'WR/TE', 'RB/WR/TE', 'OP', 'BE', 'IR']",,,,,,,,17.0,1.0,,,,,,,,,,,,,,,,,,,,,,,,,,,,,,,,,,,,,,,,,,,,,,,,,,,,,,,,,,,,,,,,,1.0,,,,,,,,,,,,,,,,,,,,,,,,,,,,,,,,,,,,,,,,,,,,,,,,,,,,,,,,,,,,,,,,,,,,,,,,,,,,,,,,,,,,,,,,,,,,,,,,,,,,,,,,,,,,,,,,,,,,,,,,,,,,,,,,,,,,,,,,,,,,,,,,,,,,,,,,,,,,,,,,,,,,,,,,2024,,,,1.0,1.0,,,,,,,,,,,,,,,,,,,,,,,,,,,,,,,,
0.0,0.0,10.82,0.77,,,,,,,,,,,,,,,,,,,,,,,,,,,,,,,,,,2.0,6.0,8.0,9.0,,,,17.0,4.053360067,1.249050584,0.157808064,0.008436298,3.0,1.0,,,,,,0.007450933,0.005215653,0.000733774,2.50409e-05,4.36850627,2.072581681,0.18663143,0.009470813,0.037724397,0.024652893,5.0,2.0,1.0,1.0,,4.383360336,,,0.01598813,0.000494478,5.392010769,6.703052222,0.017907111,0.00031617,0.034523122,0.037333787,0.071856909,0.015880636,0.020906921,0.036787557,0.036787557,14.17647059,Avery Williams,PHI,FA,134,4048259,,FA,,{},"['RB', 'RB/WR', 'RB/WR/TE', 'OP', 'BE', 'IR']",,,,,,,,408.0,37.0,12.0,0.16573928,0.0684,666.5096243,175.6578947,66.0,26.0,17.0,7.0,,,,,,,,,,,,,,,,,,,,,,,,,,,,,,,,,,,,,,,,,,,,,,,,,,,,,,,,,4.0,,,,,,,,,,,,,,,,,,,,,,,,,,,,,,,,,,,,,,,,,,,,,,,,,,,,,,,,,185.0,13.0,1.0,,,,,,,,,,,,,,,,,,,,,,,,,,,,,,,,,,,,,,,,,,,,,,,,,,,,,,,,,,,,,,,,,,,,,,,,,,,,,,,,,,,,,,,,,,,,,,,,,,,,,,,,,,,,2024,,,,,,,,,,,,,,,,,,,,,,,,,,,,,,,,,,2.911895626,0.803586068,,
0.0,0.0,12.58,0.84,,,,,,,,,,,,,,,,,,,,,,,,,,,,,,,,,,,,,3.0,,,,3.0,,,,,,,,,,,,,,,,,3.888460284,0.388838585,0.019663881,0.120293354,0.078611707,11.0,5.0,2.0,2.0,1.0,5.271918195,,,0.027611414,0.000853961,8.144065928,11.15047085,0.019663881,0.00024646,,0.056013617,0.056013617,,0.031367626,0.031367626,0.031367626,15.11764706,Brenden Rice,LAC,FA,215,4686781,,FA,,{},"['Rookie', 'RB/WR', 'WR', 'WR/TE', 'RB/WR/TE', 'OP', 'BE', 'IR']",,,,,,,,,,,,,,,,,,,,,,,,,,,,,,,,,,,,,,,,,,,,,,,,,,,,,,,,,,,,,,,,,,,,,,,,,,,,,,,,,,,,,,,,,,,,,,,,,,,,,,,,,,,,,,,,,,,,,,,,,,,,,,,,,,,,,,,,,,,,,,,,,,,,,,,,,,,,,,,,,,,,,,,,,,,,,,,,,,,,,,,,,,,,,,,,,,,,,,,,,,,,,,,,,,,,,,,,,,,,,,,,,,,,,,,,,,,,,,,,,,2024,,,,,,,,,,,,,,,,,,,,,,,,,,,,,,,,,,,1.831978349,,
3.0,0.43,57.03,3.8,,,,,,,,,,,,,,,,,3.0,2.14285714,,2.0,,,,,,10.0,4.0,5.0,,,,,,,,2.0,5.0,,,,7.0,,,,,,,,,,,,,,,,,16.70761776,1.70921807,0.083245567,0.145025062,0.094773878,50.0,25.0,12.0,10.0,5.0,22.03850902,,,0.131322753,0.004061528,33.32757982,11.46084194,0.083245567,0.001939389,,0.44077018,0.44077018,,0.246831301,0.246831301,0.246831301,15.11764706,Trenton Irwin,None,FA,191,3931391,,FA,,{},"['RB/WR', 'WR', 'WR/TE', 'RB/WR/TE', 'OP', 'BE', 'IR']",,,,,,,,,,,,0.00855,,13.8,,,1.0,,,,,,,,,,,,,,,,,,,,,,,,,,,,,,,,,,,,,,,,,,,,,,,,,,,,,,,,,,,,,,,,,,,,,,,,,,,,,,,,,,,,,,,,,,,,,,,,,,,,,,,,,,,,,,,,,,,56.0,5.0,2.0,,,,,,,,,,,,,,,,,,,,,,,,,,,,,,,,,,,,,,,,,,,,,,,,,,,,,,,,,,,,,,,,,,,,,,,,,,,,,,,,,,,,,,,,,,,,,,,,,,,,,,,,,,,,2024,,,,,1.0,,,,,,,,,,,,,,,,,,,,,,,,,,,,,,11.53768082,,
0.0,0.0,6.24,0.42,3.0,3.66666667,,2.0,1.0,,,,,,,,,,,3.66666667,1.0,2.66666667,,1.0,,,,,,1.0,13.0,8.0,,1.0,,1.0,1.0,,,1.0,2.0,,,,3.0,2.085193369,0.909697791,0.084965962,0.004709553,2.0,1.0,,,,,,0.0038284,0.00267988,0.000389141,1.32799e-05,6.595306865,1.238030724,0.110155405,0.005548495,0.106411793,0.069540107,3.0,1.0,,,,1.518679825,,,0.01063464,0.000328906,2.634946204,12.32393505,0.010258047,0.000317141,0.041703867,0.030373597,0.072077464,0.019183779,0.017009214,0.036192993,0.036192993,15.11764706,Velus Jones Jr.,CAR,FA,215,4035693,,FA,,{},"['RB', 'RB/WR', 'RB/WR/TE', 'OP', 'BE', 'IR']",,,,,,,,19.0,1.0,,0.231762636,0.0342,1241.245202,55.2,124.0,49.0,5.0,2.0,,,,,,,,,,,,,,,,,,,,,,,,,,,,,,,,,,,,,,,,,,,,,,,,,,,,,,,,,,,,,,,,,,,,,,,,,,,,,,,,,,,,,,,,,,,,,,,,,,,,,,,,,,,,,,,,,,,,,,,,,,,,,,,,,,,,,,,,,,,,,,,,,,,,,,,,,,,,,,,,,,,,,,,,,,,,,,,,,,,,,,,,,,,,,,,,,,,,,,,,,,,,,,,,,,,,,,,,,,,,,,,,2024,,,,1.0,,,,,,,,,,,,,,,,,,,,,,,,,,,,,,2.726371409,-0.174761751,,
14.0,0.88,8.66,0.62,,,,,,,,,,,,,,,,,5.0,2.25,1.0,6.0,3.0,1.0,,,,8.0,22.0,7.2,,,,,,1.0,4.0,13.0,3.0,6.0,,,16.0,,,,,,,,,,,,,,,,,2.587121924,0.332403362,0.01770042,0.088852825,0.058065321,7.0,3.0,1.0,1.0,,3.679046574,,,0.019323499,0.000597634,5.36542421,9.927592242,0.01770042,0.000185389,,0.042133968,0.042133968,,0.023595022,0.023595022,0.023595022,14.11764706,Quintin Morris,BUF,FA,75,4244049,,FA,,{},"['WR/TE', 'TE', 'RB/WR/TE', 'OP', 'BE', 'IR']",,,,,,,,,,,,,,,,,,,,1.0,,,,,,,,,,,,,,,,,,,,,,,,,,,,,,,,,,,,,,,,,,,,,,,,,,,,,,,3.0,,,,,,,,,,,,,,,,,,,,,,,,,,,,,,,,,,,,,,,,,,,,,,,,,,,,,,,,,,,,,,,,,,,,,,,,,,,,,,,,,,,,,,,,,,,,,,,,,,,,,,,,,,,,,,,,,,,,,,,,,,,,,,,,,,,,,,,,,,,,,,,,,,,,,,,,,,,,,,,,,,,,,,,2024,,,,,3.0,,,,,,,,,,,,,,,,,,,,,,,,,,,,,,0.899611493,,
9.0,3.0,0.0,0.0,11.0,28.66666667,,17.0,8.0,3.0,2.0,1.0,,1.0,,,,,,7.81818182,3.0,-0.66666667,,,,,,,,3.0,4.0,-0.66666667,,1.0,,1.0,1.0,,,2.0,1.0,,,,3.0,,,,,,,,,,,,,,,,,,,,,,,,,,,,,,,,,,,,,,,,,,,,Tyler Badie,DEN,FA,108,4362748,,FA,,{},"['RB', 'RB/WR', 'RB/WR/TE', 'OP', 'BE', 'IR']",,,,,,1.0,1.0,,,,,,,,,,,,,,,,,,,,,,,,,,,,,,,,,,,,,,,,,,,,,,,,,,,,,,,,,,,,,,,,,,,,,,,,,,,,,,,,,,,,,,,,,,,,,,,,,,,,,,,,,,,,,,,,,,,,,,,,,,,,,,,,,,,,,,,,,,,,,,,,,,,,,,,,,,,,,,,,,,,,,,,,,,,,,,,,,,,,,,,,,,,,,,,,,,,,,,,,,,,,,,,,,,,,,,,,,,,,,,,,,,,,,,,,,,,2024,,,,4.0,,,,,,,,,,,,,,,,,,,,,,,,,,,,,,,,,
